:040000006F10501815
:10000400000000000000000090000020C202002058
:10001400A9BDF9F5780300200000000000000000ED
:100024007803002090000020000000000000000081
:10003400900000200000000090000020000000005C
:1000440090000020900000209000002090000020EC
:1000540090000020700B00209000002000000000A1
:1000640090000020900000209000002090000020CC
:10007400DE0300209000002090000020900000206B
:1000840090000020900000209000002090000020AC
:1000940001A04111B7170040985F3AC6945F3247F8
:1000A400E39CE6FE324541018280B7F70700011167
:1000B400944B13078008F337078093F787083EC2F1
:1000C4000F100000B71700401308700523800705C0
:1000D400930580FA2380B7040F10000003C6B70409
:1000E4001376F60DA385C7042380070412467326EE
:1000F40006800F1000001376050255CEF3360780F4
:1001040093F6860836C40F10000023800705238069
:10011400B7040F100000B70614007D89558D88C7F9
:10012400010001000100010023800704A246F3A698
:1001340006800F10000073370780137787083AC6CC
:100144000F100000238007052380B7040F10000060
:100154000F1000003727004093061005A303D78033
:1001640023800704B247F3A707800F10000093070A
:100174008008F3B7078093F787083ECE0F1000007E
:10018400B7170040130770052380E704130780FAAC
:100194002380E7040F10000003C7B70413670708A0
:1001A400A385E70423800704F247F3A707800F1011
:1001B4000000056182801376050459C273360780F6
:1001C4001376860832C80F100000238007052380A9
:1001D400B7040F10000037061400130606047D89C7
:1001E400518D88C70100010001000100238007042C
:1001F4004246732606800F1000007337078013777A
:1002040087083ACA0F100000238007052380B7042B
:100214000F100000A54793F6F60F639EF600B7276C
:10022400004013073005A383E780B71700402380FD
:100234000704D2470DBFB727004013072005E5B7D1
:1002440073370780137787083ACC0F100000238098
:1002540007052380B7040F10000098471367070CA5
:1002640098C723800704E247FDBD0111814601467A
:100274008145114506CE912493078008F3B7078082
:1002840093F787083EC60F100000B7170040130706
:1002940070052380E704130780FA2380E7040F1016
:1002A400000003C76704136717002383E704238050
:1002B4000704B247F3A707800F100000F24005615E
:1002C400828041118146014681451145FD22130773
:1002D4008008F337078093F787083EC40F100000A7
:1002E400B7170040130670052380C704930680FAED
:1002F4002380D7040F100000FD552396B7022380F6
:100304000704A245F3A505800F100000733707808A
:10031400137787083AC60F1000002380C704238090
:10032400D7040F10000003C7670413671700238363
:10033400E70423800704B247F3A707800F100000E7
:1003440001A0BD473305F50201007D1575FD8280CE
:10035400411122C426C206C6AA840144631794002C
:10036400B240224492444101828005041305803E38
:100374004204C13F4180DDB79305000273A045806C
:1003840082457390153492402242B2424243D24392
:100394006244F244025592552256B2564257D257FD
:1003A4006258F25806499649264AB64A464BD64BF5
:1003B400664CF64C065D965D265EB65E465FD65F7D
:1003C4000961730020304111B7170040985F3AC6A5
:1003D400945F3247E39CE6FE324541018280B717C1
:1003E4000040130700032388E702854723ACF1820A
:1003F40073002030411106C6EF00D029F5BF230356
:10040400048015472303E48001002302A480828032
:1004140083076480E3CE07FE23030480828083077E
:100424006480E3CE07FE03454480828083076480B2
:10043400E3CE07FE2302A4808280411126C44AC26F
:100444004EC006C61377F50BAD47AA892E8995448D
:100454006306F70019456537653F8D444E8545377A
:10046400FD59FD1463983401B240A24412498249F3
:1004740041018280135509011375F50F453F220987
:10048400CDB7011126CC06CEB70408005137154567
:10049400BD37713769372AC6A53F324593771500B2
:1004A40089EB136515001375F50FF240E2440561FD
:1004B4008280FD14E9FC0145CDBF397126DC4ADA9E
:1004C4004ED852D656D45AD25ED006DE62CE66CC10
:1004D400B7E700E07D5783AA070022C603AA4700B6
:1004E40023A0E71823A2E718B717004013077005E5
:1004F4002380E704130780FA2380E70483C74704B3
:10050400930B75FFB684E20793FBFB0F8546AA891C
:100514002E8B328937240040E187015763FA760134
:100524006308D5008946130700026313D5000157F9
:10053400D98F93F7F70FB71C00402382FC041147AF
:100544002303E4801305F00F5D3D094CD135636D41
:100554007C11B7050700DA9537870700795563F2F0
:10056400E504B3879500636EF702370B0800A947CB
:1005740033EB65016399F90689E48144513D26858D
:100584000DA0DA850945553D05090345F9FFFD141C
:10059400050B693D81C49377FB0FFDF7DD3569FDDC
:1005A4007D55B7170040130770052380E704130730
:1005B40080FA2380E70403C74704418B2382E704BE
:1005C400F250B7E700E023A0571123A24711E254E9
:1005D40032445259C259325AA25A125B825B724C4B
:1005E400E24C21618280A5476395F9068569130968
:1005F400F00FB3069900B3742B01B6941349F9FFB5
:10060400B3749900856B33796901416B9387F9FF62
:10061400B3F7270199E363FC340193D94900C14737
:10062400E3E637FF99BF0569C1697D19D9B7130599
:10063400800D638869011305000263847901130541
:100644001008CA85DD3B353D21DD4E99B384344124
:10065400D9B7DA852D45D533CA94E30099F2050953
:100664007D3BA30FA9FED5BF9387F9FF93F7F70F3F
:100674006361FC0C83C71C0413073008631FF70471
:1006840037070800636BEB04B3079B00B706100041
:1006940063F5D704334BEB0089476393F9068980EC
:1006A400D549E38C04ECDA850945413B110903275C
:1006B400C9FF91472320E48003076480E34E07FECB
:1006C40023033481FD17EDFBFD14110B81C49377D3
:1006D400FB0FE9FF7D3371F5E1B5B717004003C7A0
:1006E4005704B70708001377070219E3B787070011
:1006F4007955E378FBEA33079B00E3FFE7F855B548
:100704008547E382F9F2DA852D45053B9389F4FFA9
:10071400E38504E6293393F7390091EB83260480BB
:100724000327090093074900E39AE6E43E89CE844F
:10073400F1BFB5476396F9001305900BC93135BD78
:10074400B1471305B00AE38BF9FE99476391F904A5
:10075400B7050800B365BB002D45C53181448D4BF9
:10076400A149753963967401832704802320F90015
:100774008504E39834FF8327048013172B01635502
:1007840007002312F900D5BB2322F900FDB39D47CE
:100794006399F90281451305B0044531BD44232012
:1007A400090023220900FD599D3993F77400CA9763
:1007B40003C70700FD14398D2380A700E39634FF97
:1007C4006DBBA1476392F9046D398144630D0B003D
:1007D4008D479304C0036308FB009304000563047E
:1007E4008B01930440041375C507E30895D8194594
:1007F400393139390545213126850D3909453D31D0
:100804004931E31C05D669BB91476399F900130587
:100814006006F536F53E130590090DB7E38F09D44C
:10082400F154A9BBBD660147173600001306061232
:10083400938606A685458347060093F7F70F91C371
:1008440082800507E3F9E6FE973700002380B7109E
:10085400DDB77D166206618693178601E18763D44E
:10086400070001458280931726003307F500AE97F1
:1008740018439C4363E7E7007D16E37FF7FC7D554F
:10088400828005458280FD15E205E1851397850187
:10089400618793F7F50F63480700FD15139725004B
:1008A4002A97584365D713851700620561858280AE
:1008B4003308B5021C4283A80600B335B502C297BB
:1008C40033B50701AE98469585486367B5006394D0
:1008D400A50063E3070181480C43C6950CC388C295
:1008E4001CC2828081471397870161876343B700E5
:1008F4008280139727002A97232007008507E5B7EE
:100904008147014793968701E18663C5B600133595
:100914001700828093962700AA9694428507558FE4
:10092400D5B793D755408A07AA979C4305453315F5
:10093400B5007D8D8280171300E0E702C3122A847C
:10094400993705C5931725003E940327C4FF8147B3
:1009540011EB7D1516053E9542054185171300E000
:100964006700A31205838507E5B70145C5BF814725
:100974001397870161876343C70082801397270019
:10098400B386E50094422A97850714C3D5B77D162C
:1009940062066186014793178601E18763D50700E4
:1009A40013351700828093172600B306F500AE971F
:1009B40094429C437D16B58F5D8FF1BF8A05AA953D
:1009C40001476363B500828083A6C5FFF11593D701
:1009D4001600D98F9CC11397F601E5B72A83014805
:1009E400014701456343D7008280B387050183A88B
:1009F4000700B30706019C43C697AA976384F800CF
:100A040033B517010507B3080301620723A0F800F3
:100A140061871108C1BF2A8301478147014563C328
:100A2400D70082803388E50083280800330EE6006F
:100A3400032E0E003388A8403308C841638408019C
:100A440033B508018507B308E300E20723A00801D2
:100A5400E1871107E9B7171300E0E702C3000111AA
:100A6400B286B2842E86AA850A8575372A84A6851D
:100A74000A85793533348000060413351500018D59
:100A84000561171300E067004300171300E0E70255
:100A940003FB4111AA89AE8A328BB68402C202C416
:100AA40002C60144131C8401135C8C4163499C02FB
:100AB400939B1400FD1B0549138CF4FFF15C330474
:100AC400890162046184634D740592478E04CE9457
:100AD40023AEF4FE4101171300E06700C3F91319B4
:100AE4002400B30B2B01014A93172A00D69783A540
:100AF4000B0088437800340050005D3B050A9317CF
:100B04008A01E187F11BE351FCFE92474E990504EB
:100B14002320F900A2473EC2B24702C63EC459B7D9
:100B2400131A8901135A8A41131D240093178A0149
:100B3400E18763CF970092470A044E941CC0A247F2
:100B440005091379F90F3EC2B24702C63EC485BFF8
:100B5400B3079A0313152A00569508417800340008
:100B64005000050AEA97DA978C439933C1B700001D
:100B7400197106C212C416C61AC81ECA22CC26CEC1
:100B84002AD02ED232D436D63AD83EDA42DC46DEE9
:100B9400CAC0CEC2D2C4D6C6DAC8DECAE2CCE6CE59
:100BA400EAD0EED2F2D4F6D6FAD8FEDA93850183EF
:100BB4008841E700050092402242B2424243D243B8
:100BC4006244F244025592552256B2564257D257C5
:100BD4006258F25806499649264AB64A464BD64BBD
:100BE400664CF64C065D965D265EB65E465FD65F45
:100BF400096173002030B7E700E09843B70620008E
:100C040023A0D718758F0F10000001C599C1814723
:100C140011E6B7E700E023A0E7108280B386F50071
:100C240003C80600B306F500850723800601E31711
:100C3400F6FEC5B737E700E01C43B70620002320C3
:100C4400D718F58F0F10000001C53307C50011E652
:100C540037E700E02320F71082800505A30FB5FED7
:100C6400E31DE5FEF5B737E700E01C43B7062000B7
:100C74002320D718F58F0F10000001C599C1014733
:100C840011EA37E700E02320F710054582800507C5
:100C9400E309E6FE3308E500B386E50003480800EF
:100CA40083C60600E305D8FE37E700E02320F710EB
:100CB400014582809307F6FFBE952A966313C5000B
:100CC4008280FD1583C715000505A30FF5FEFDB74A
:100CD400AA87014581CF09CE3E96850703C7F7FF52
:100CE4006317B700E39BC7FE0545828082800145F8
:100CF40082807971973700009387871622D48043C6
:100D040006D626D24AD04ECE52CC56CA5AC85EC651
:100D140069C037C9C901014B973900009389C913C8
:100D24001309F937173A0000130ACA13973A000057
:100D3400938ACA0D97340000938484178357240040
:100D440095E35C44631D0B0017370000232AF7105A
:100D5400832BC4002285EF0010325E84A9A82326C9
:100D6400FB00FDB783A7090082971C443307F540B5
:100D74006375F500D8401D8F2A976361E90897379A
:100D8400000023AD07088355240003450400976041
:100D940001E0E78060185C405844B9C70C44D04077
:100DA400AE97BE8663E4B70063E4C700B386C7406A
:100DB40014C4228B3A8459F09737000093870705AF
:100DC4009C4B09476373F708F9171737000023276B
:100DD400F704B250225492540259F249624AD24A58
:100DE400424BB24B4561828063170B00973700007A
:100DF40023A8E706B1BF2326EB0099BF03274A02C5
:100E04001DCF63E1A7043385A7408347040085E32E
:100E140017370000034777065917B307A7003E8525
:100E2400D44063E4E70063E4D7003385D74083A765
:100E34000A016376F5009737000023A1A7FE228BF1
:100E4400404495BFD840BA977DBF9737000023A789
:100E540007FC41B797370000938707059C4385C378
:100E6400411106C682979737000083C7C7FE89E7FA
:100E74009737000023AA0702B240410182809737C6
:100E8400000083C747FD91E79737000023AE0700B2
:100E940082808280411122C4173400001304C4F9F3
:100EA4001C4006C626C24AC091C7829797370000E5
:100EB40023A407F89737000083C75714858B173985
:100EC40000001309691389CF834779001947631216
:100ED400F71097370000A3830712F9295C4482971F
:100EE4001C4491C3829797340000938424F798405C
:100EF40017360000034696F19737000083C707F1C1
:100F040093961700BA9683D60600E5C29737000079
:100F140083C7C7EF63E5C70E97370000238807EE42
:100F24001C40639E0714973700009387E7F29C43A5
:100F34006387071497370000938787F7DC431737D5
:100F44000000232DF7EC75339737000083C7770B28
:100F5400639707129737000083C7970A91CF834797
:100F6400790093F7F70F89EB97370000A38A0708F6
:100F7400978001E0E78080AF97370000938787EE82
:100F8400DC53638E070E97370000938727E89C4B4A
:100F9400FDC78347790015476363F70E9737000051
:100FA40083C7070B918BE1EF9737000083C7A7EA4C
:100FB400F9E790409736000083C656E563C7D70C1F
:100FC4002244B240924402494101176301E06700A0
:100FD4004324834779001D47E314F7F09737000053
:100FE400A38E0700D12E1C48DDBD850793F7F70FAC
:100FF40097360000238CF6E0E3E0C7F001BF8607D4
:101004003E9783550700231007009737000023936A
:1010140007E4973700009387E7E19C431735000006
:101024000345C5DE13172500BA979C43829797376B
:10103400000083D727E217370000034727DD93C753
:10104400F7FF7D8D9317170098403E97835707004D
:101054005D8D2310A7009737000083C727DB91C756
:101064008507173700002303F7DA17370000034713
:10107400E7D99737000083C777D9E37FF7E8B24011
:101084002244924402494101828013971700329707
:10109400035707006DF7850715B737C70040832648
:1010A400C720B707FCFFFD17F58F2326F7200100A3
:1010B400010097370000938767D5C84F8327872699
:1010C4002326D7206A0593C7F7FF99835D8D828015
:1010D400EFF05FD8730000000000000097320000BA
:1010E400938262D70383020023800200630F03000C
:1010F400F32510342EC0970500009385A5FD739049
:101104001534EF00E0507300203086DCEF004050CF
:10111400E65082800000173700001307A7ED144340
:10112400411122C49C5E4AC006C6998326C2858B9F
:101134003A84173900001309A9EBD1CB93070006B1
:101144009CDE17370000034787EB930700089734AA
:101154000000938464EA631BF700832709009C431F
:1011640093F7070417370000230BF7E883C704003D
:1011740093F707049DC3973700009387E7CD9C43FB
:1011840082979737000023A7A7E883C7040093F743
:10119400F70B173700002301F7E683C7440093F7E2
:1011A400070495E7854717370000A309F7E4973745
:1011B40000009387E7E69C433707020098C71307AC
:1011C40000FC97360000238BE6E29848F8D31840D9
:1011D4001C5F9183858B8DC31C5F93E707011CDF24
:1011E400973700009387C7E39C4323A207068547EC
:1011F400173700002304F7E083270900D843058349
:10120400058B19C7D843759BD8C3D843799BD8C3DA
:10121400B24022449244024941018280ED3D730070
:1012240020309317D50063D30702973700009387C4
:1012340027DF9C437D57B8D797370000938707BDB6
:10124400DC4F8507173700002320F7BE937785000E
:101254009DCB9737000083C747DA93E7170017370A
:101264000000230CF7D8930700F817370000230772
:10127400F7D8973700009387E7D798435C57F19BDB
:1012840093E717005CD7937715008DC79737000055
:1012940083C797D693E7170017370000A30EF7D438
:1012A40097370000938707D598435C57F19B93E7E2
:1012B40017005CD79377650095CB93774500173774
:1012C4000000130767D3CDCB8347070093E71700CC
:1012D400173700002302F7D297370000938787D18E
:1012E40098435C57F19B93E717005CD79317F5007D
:1012F40063D4070217370000034747E7418B97374A
:101304000000938727DF51C383C7870793E707024A
:1013140017370000230CF7E49317E50063D707029F
:101324009737000083C787CDE207E18763D70700BB
:101334008547173700002303F7CC973700009387BE
:1013440027CE9C433707020098C79317C50063D480
:10135400070217370000034777E1058B9737000032
:10136400938747D929C383C7970793E7270017377C
:101374000000A30DF7DE82808347370093E7170050
:1013840017370000A30BF7C681BF03C78707894639
:101394003D8B6308D70083C787070D47BD8BE39D4B
:1013A400E7F69147B5B703C79707118B69D783C78A
:1013B400970793E7870065BF97370000938747C671
:1013C400944397370000938727C303C70700058B0F
:1013D40011CB97370000238307C297370000A38FF0
:1013E40007C0828003C71700058B65F7F85271FFA9
:1013F40083C75700DDB7173700001307A7BF0328BB
:101404000700832788039583858BADEF11C6832757
:101414000803BD832300F6009DC61C43985B460762
:10142400935767016356070093E707C0C207C18358
:1014340003970600C207C18709C7BA970947B3C70C
:10144400E7022390F6008DCD8345150095C99737A3
:10145400000083C7C7BA93F707041387950089452B
:1014640085C33A95834705000547994593F6F706E2
:101474006398E600E207E187814563D30700B94535
:101484002E8582808545EDBF411122C406C626C241
:10149400173400001304C4B845E114402E87FC52ED
:1014A400FDFF97370000238A07B49737000093871E
:1014B400679BD453BE8495C6B7E700E0B706200007
:1014C40023A0D728B7F700E083A607D1ED9A23A875
:1014D400D7D083A607D193E6860323A8D7D0730079
:1014E40050103A85B285977001E0E780E044973761
:1014F4000000938727B09C43B70680009843558F1C
:1015040098C3D857719BD8D797370000A38807AEE4
:1015140097370000A38207AE1C40094798C3DC50EC
:1015240085CF37F700E0832707D193E78700232887
:10153400F7D0730050100DA08D476315F50497374D
:101544000000938727AB9C43B70680009843558FD0
:1015540098C3D857719BD8D7144017370000130786
:10156400A7A983472700858B89EB83473700858BA1
:10157400C9CF97370000238307A8B240224492447E
:10158400410182808547E319F5FC97370000938772
:10159400678DD4533E8795C6B7E700E0B7062000B1
:1015A40023A0D728B7F700E083A607D1ED9A23A894
:1015B400D7D083A607D193E6860323A8D7D0730098
:1015C400501014408177FD17D046F18FDCC60F1000
:1015D40000001440B70702009CC6930700F8973533
:1015E4000000238DF5A0973700009387A7A09C43A4
:1015F4009C439D83858B99C793076019FCD2D0C601
:101604005C5339BF9307E01BD5BFFC52B9FBB5B798
:10161400973700009387C7A09C438847D847798DA4
:1016240009C988C79387418603A30700630303009E
:1016340002838280173700001307C79E8346B701D1
:101644009737000083C7D7A04C4BB697FD8B33D791
:10165400F50097360000A387F69C97360000A3890F
:10166400F69E058B15EF173700000347B79EB3F7B7
:10167400E702814601471305000233D6E500058AD7
:101684001378F70F19CA6397D70097370000A38B15
:1016940007998280850693F6F60F0507E31FA7FCDA
:1016A4008280972700009387277B9C43011122CCDB
:1016B4004AC806CE26CA4EC682979737000093873B
:1016C4006798804701496301A406BE846366850662
:1016D400018D135455009737000083C7479613793B
:1016E400F5016360F404972900009389697C9937B4
:1016F40003A884009736000083C6669413975600A7
:101704004297158C3A8683A5490063640701636494
:10171400B7003306B7409737000023A9C792E37890
:10172400D4FC160433692401F24062444A85D2444D
:101734004249B24905618280972700009387477721
:10174400DC4333848740229569B797370000938739
:10175400278D98438967938707F47CD397370000D4
:10176400938747919C4383A60709139656006358B1
:10177400060083A6070913966600634406007453A3
:10178400FDF282804111B7E700E022C480433707AD
:10179400200006C6798C23A0E7180F10000011C1A1
:1017A40099E5B7E700E023A0871001457DA89307DA
:1017B4003500C207C183F19BC207C18313074003ED
:1017C4006369F70217370000130787920843173736
:1017D40000001307679114436392A60217270000C1
:1017E40013074768185B55DFC207DD8D054502976F
:1017F4004DBF173700001307678FC9BF0357650034
:101804002DEB035745006366F706B306F740214600
:10181400637CD60203280500938687001D8FAA9651
:101824006117172600000356C65E2392E60023A024
:1018340006012393060014C12312F500130786FF43
:10184400972600002397E65C2313B5009725000034
:1018540083D5255CB387F54017270000231BF75A6F
:10186400B7E700E023A087102105B24022444101DC
:101874008280084195B7B7E700E08C433707200022
:1018840023A0E718F98D0F10000001E523A0B7107D
:101894008280973700009387A78503A307009737B3
:1018A40000009387678483A8070081469A8763F2C0
:1018B400170D03A807006361F50C636FA80A13876B
:1018C40087006368E50A03D6670021670507631785
:1018D400E60003C7F1850507A38FE18417250000FF
:1018E4001305C55203D64700035765002393070029
:1018F400329742074183172E0000231CEE50638C5D
:101904006702172300001303637E032303006304A9
:10191400F30203D366006310030283D7460023A0B7
:10192400060121073E9621062392C6009727000050
:101934002391E74EB6879843630D1703972600005B
:101944009386C67A94426306D7028356670095E26B
:1019540083D64700035647001843A106B296239244
:10196400D70098C383576500A107172700002312E7
:10197400F74AB7E700E019BFBE86C2870DBF000073
:10198400971100209381C1B917510020130141E739
:101994001305400097E5FF1F938585661706002011
:1019A400130606FE63FAC5008322050023A0550032
:1019B40011059105E3EAC5FE17D50100130585124B
:1019C400970500209385C5FB1386818263FAC500C1
:1019D4008322050023A0550011059105E3EAC5FE05
:1019E4001385818297350020938585836377B500BD
:1019F400232005001105E36DB5FEFD42739002BC82
:101A04008D4273904280930280087390023097E273
:101A1400FF1F9382E25E93E232007390523097226A
:101A240000009382026C7390123473002030397179
:101A340001436EC619A0397141536AC866CA62CCA3
:101A44005ECE19A0397101535AD056D252D44ED613
:101A54004AD826DA22DC06DE330161408282411153
:101A64004AC026C222C406C68282B24D4101024D3A
:101A7400924C224CB24B4101024B924A224AB24947
:101A84004101024992442244B240410182803D43D3
:101A94002A876373C3029377F700BDEFADE59376AE
:101AA40006FF3D8ABA960CC34CC30CC74CC741070A
:101AB400E36BD7FE11E28280B306C3408A06970225
:101AC400000096966780A6002307B700A306B70018
:101AD4002306B700A305B7002305B700A304B70086
:101AE4002304B700A303B7002303B700A302B7007E
:101AF4002302B700A301B7002301B700A300B70076
:101B04002300B700828093F5F50F93968500D58D59
:101B140093960501D58D61B793962700970200002F
:101B240096968682E78086FA9680C1171D8F3E9628
:101B3400E374C3F8A5B73367B500FD530D8B79E79C
:101B4400B7877F7F9387F7F710419441B372F6000C
:101B54003363F600BE92B3E262006397720C6318BB
:101B6400D6065041D441B372F6003363F600BE92F8
:101B7400B3E262006398720A631BD604104594456D
:101B8400B372F6003363F600BE92B3E2620063916F
:101B9400720A631ED6025045D445B372F60033630D
:101BA400F600BE92B3E26200639A72086311D60231
:101BB40010499449B372F6003363F600BE92B3E25F
:101BC4006200639372085105D105E30FD6F613172B
:101BD400060193970601631CF7001357060193D778
:101BE40006013305F7409375F50F91E9828041832F
:101BF400C1833305F7409375F50F91E18280137724
:101C0400F70F93F7F70F3305F7408280034605007B
:101C140083C60500050585056313D60065FA3305FB
:101C2400D640828011059105E312D6FE01458280DB
:101C34002105A105E31CD6FC014582803105B105CF
:101C4400E316D6FC014582804105C105E310D6FCAC
:101C540001458280B717004003C777051377E70F64
:101C6400A38BE704130700F8A38DE7043D47238CF7
:101C7400E70413075003A38CE70403C7A7051377EE
:101C8400D70F238DE7048280B717004003C7E7020C
:101C94000D8941111377C70F498F93068008F3B656
:101CA400068093F6860836C60F100000930670056A
:101CB4002380D704930680FA2380D7040F100000F2
:101CC4002387E70223800704B247F3A707800F1096
:101CD40000004101828041112A83014E930E407E0F
:101CE400130F0019930F400663E56E129308001951
:101CF40013034006B3781503854E0D4FA14F33737C
:101D040065020D891335150063EFBE121308F6FF43
:101D1400794672984208135808013307C70213D64C
:101D24001700BE0732976146B3F6C60213068070E9
:101D3400B386C6023697A166F58F42075D8FB71644
:101D4400004083C7F60293F70708A303F100034694
:101D5400710083C7F60293F70708E394C7FE83472D
:101D64007100B716004093F7F70F638807129307C3
:101D74008008F3B7078093F787083EC40F1000006C
:101D8400B7170040930670052380D704930680FAA2
:101D94002380D7040F10000023AA070383C6170368
:101DA40093E60608A388D70223800704A247F3A773
:101DB40007800F1000001166B71700407D16D45B32
:101DC400C85F93854703A98EF18EF5FA93068008C0
:101DD400F3B6068093F6860836C60F100000930605
:101DE40070052380D704930680FA2380D7040F104C
:101DF400000098C103C7170313670704A388E70209
:101E040023800704B247F3A707800F1000004101A5
:101E140082807D133368E3039308E016630E0800A1
:101E24003368F3039308D0166308080093783300EB
:101E340093B818009388D81633081E01131E08019E
:101E4400135E0E0155B56393E503054863860800E8
:101E54000148630303002A8871087298FD15131E54
:101E64000801C205135E0E01C18179BD13F8150086
:101E740063F4BF007908D5B713381800E5BF83C7EA
:101E8400F60293F70708A303F1000346710083C722
:101E9400F60293F70708E394C7FE8347710093F7AC
:101EA400F70FF1DFE9B531714AD966CB06DF22DDE0
:101EB40026DB4ED752D556D35AD15ECF62CD6AC9EE
:101EC4006EC7AA8C02D8EF00901C2A899307800859
:101ED400F3B7078093F787083EDA0F100000B717AF
:101EE4000040130770052380E704130780FA23805A
:101EF400E7040F10000003C7F7021377770FA387D7
:101F0400E70203C7F70213678700A387E70223806A
:101F14000704D257F3A707800F1000000545AD331F
:101F2400130780C13347E902116A93070AE893064D
:101F34005002BD69930BA004814A014B130480082D
:101F4400930470057D1AB347F9023307D7023EC0E4
:101F5400FD873ECC938709A69309803E3347F70259
:101F64003AC27D873AC4334739038549B399990105
:101F740093D93940B306D702B30B7703B3C6F6023D
:101F8400B3CBFB0236C6FD8636C893D6FB4136CEAC
:101F9400B7460F00938606243349D9028566938693
:101FA40006FAB3969601B389E902130780523309FE
:101FB400D90293060010B389E9023349D902B3C99F
:101FC400F9029316390036CA37190040FD8636D017
:101FD400930D090493D7F9413ED2F336048093F666
:101FE400860836DC0F100000930770052380FD007F
:101FF400930680FA2380DD000F1000008346390524
:1020040093F6860FA309D9048346390593E616008F
:10201400A309D90423800D00E256F3A606800F100D
:102024000000130C80FA116DF336048093F68608D1
:1020340036DE0F100000930770052380FD00238017
:102044008D010F10000083463905216693E60602D0
:10205400A309D90483560905B3E6A6012318D904B4
:1020640083560905D18E2318D90423800D00F25616
:10207400F3A606800F1000008346390593F6060286
:10208400638A061803463905218A6DDE0818EF00B5
:1020940010047336048013768608B2C20F10000051
:1020A40023809D0023808D010F100000B71700408E
:1020B40003C637051376F60DA389C70403C637058F
:1020C40013660602A389C704835609052166B3E68D
:1020D400A6012318D90483560905D18E2318D904DF
:1020E40023800D009646F3A606800F100000834659
:1020F400390593F606026386061483463905A18AD8
:10210400EDFE97E0FF1FE780C0F8AA8636D497E07B
:10211400FF1FE78000F8A256E30AD5FE835609059F
:102124004255B3E6A6012318D904D12783463905BD
:10213400A18AEDDE035609058346290582473376D5
:10214400CA00B306DA0293D5F641B296B388F640D4
:10215400E24733B8C6002E983308F840A247B3B616
:1021640016013308D84063C70701631DF80092477E
:1021740063FA1701C247634DF80E63950701B2472E
:1021840063E8F80E894663E7660FF2469315180074
:1021940013D3F8015E8613951800B365B30042D6D5
:1021A40046D4EF90F1183258050B137BFB0F6347AD
:1021B400000163120838A258638F0836130815000B
:1021C400B336A800B69513D6F5013298B336C800D5
:1021D400AE9613581800FE06B3E606017336048063
:1021E40013768608B2C60F10000023809D0023805A
:1021F4008D010F1000000356C902B296C206C182B7
:102204002316D90223800D00B646F3A606800F10CC
:10221400000019BDF336048093F68608B6C00F108B
:10222400000023809D0023808D010F100000834651
:10223400390593E60602A309D90423800D008646D6
:1022440005BDF336048093F68608B6C40F1000006B
:1022540023809D0023808D010F10000083463905E3
:1022640093E60602A309D90423800D00A646A5BD62
:10227400E30D0BF0F336048093F68608B6C80F100E
:102284000000930680FA23809D002380DD000F1058
:1022940000008346390593F5FC0F93F6860FA309D6
:1022A400D90483463905CD8EA309D90423800D00B2
:1022B400C646F3A606800F100000130580FA0346F5
:1022C4003905930639051D8A6314962973360480EB
:1022D40013768608B2CC0F100000130680FA238010
:1022E4009D002380CD000F10000003C60600137666
:1022F400F60D2380C60003C606001366060223807B
:10230400C600835609051166D18E2318D904835655
:1023140009052166D18E2318D90423800D00E646D1
:10232400F3A606800F100000130680FA83463905D1
:1023340093F606026388062483463905130C39058F
:10234400A18AFDDA08186123F336048093F686081F
:10235400B6D00F100000930680FA23809D002380DE
:10236400DD000F10000083460C00116693F6F60D95
:102374002300DC0083460C0093E606022300DC0005
:1023840083560905D18E2318D9048356090521667D
:10239400D18E2318D90423800D008656F3A6068017
:1023A4000F100000130680FA8346390593F60602DF
:1023B4006385062083463905A18AEDFE97E0FF1F59
:1023C400E78020CD2A8C97E0FF1FE78080CCE30CC8
:1023D40085FF8356090511664255D18E2318D90409
:1023E40039238346390513063905A18AFDDAF33604
:1023F400048093F68608B6D40F100000930680FA82
:1024040023809D002380DD000F100000834606001A
:1024140093F6F60D2300D60023800D00A656F3A6EE
:1024240006800F1000008356090503462905D2478C
:10243400B376DA003306CA021305800C9355F641CD
:102444003696330DF6408257333CD6002E9C3336F5
:10245400A601330CFC40330CCC4033088503925660
:102464004E86B335A5033305A503C295EF90416CA1
:1024740063468001631E0C16630C0D1613061500CB
:102484003335A6002E959356F5013696B335D6000E
:10249400AA959396F50105828585D18E6346B00091
:1024A400639D051A638B061A0356C9021582330508
:1024B400D6003336C500B2956348B0006391052455
:1024C4001306F00F637DA622894663F3561593071E
:1024D4008008F3B7078093F78708BED60F10000073
:1024E40037170040930770052300F704930780FA19
:1024F4002300F7040F1000008356C7028967811771
:10250400D58FC207C1832316F70223000704B657E9
:10251400F3A707800F100000FA506A54DA544A599E
:10252400BA592A5A9A5A0A5BFA4B6A4CDA4C4A4DFF
:10253400BA4D296182801308F5FF3335A800FD15D3
:102544002E951356F5013298B336C800AA9651B1A8
:10255400F336048093F68608B6CA0F100000238071
:102564009D002380AD000F10000083463905CD8EF9
:10257400A309D90423800D00D646F3A606800F10C4
:10258400000035BBF336048093F68608B6CE0F10F0
:10259400000023809D002380CD000F10000083469F
:1025A400390593E60602A309D90423800D00F646F3
:1025B400F3A606800F10000095BBF336048093F653
:1025C4008608B6D20F10000023809D002380CD0022
:1025D4000F1000008346390593E60602A309D904C7
:1025E40023800D009656F3A606800F1000006DBBE5
:1025F4009306F5FF33B5A600FD152E959355F50109
:10260400AE96B3B5B600AA951396F501858269B561
:10261400F336048093F68608B6D80F1000009306AC
:1026240080FA23809D002380DD000F100000835674
:10263400C9020566011693F6F60FD18EC206C18251
:102644002316D90223800D00C656F3A606800F1068
:102654000000850A93FAFA0F49B233E6B60045C280
:102664000356C9023305D0403338A000B305B04047
:10267400B385054115826345B000D1E16371A608B5
:10268400894663F0560593078008F3B7078093F7EC
:102694008708BEDA0F100000B71700401307700553
:1026A4002380E704130780FA2380E7040F10000057
:1026B40003D7C7027D8B2396E70223800704D657EE
:1026C40081BDF336048093F68608B6DC0F10000053
:1026D400930680FA23809D002380DD000F10000004
:1026E4008356C9020566011693F6F60FD18EC2060B
:1026F400C1822316D90223800D00E656B9B7930789
:102704008008F3B7078093F78708BEDE0F10000038
:1027140037170040930770052300F704930780FAE6
:102724002300F7040F1000000356C70293975600C6
:10273400B297C207C1832316F70223000704F65792
:10274400C1BB914763EEB70217B70100130747FDFA
:102754008A05BA959C41BA978287B717004003A7A8
:10276400470B1345F5FF698F23AAE70A03A7070B55
:10277400698F23A8E70A03A7070A798D23A0A70A6C
:102784008280B717004083A6470B1347F5FFF98EE5
:1027940023AAD70A83A6070B558D23A8A70A83A6C5
:1027A400070A758F23A0E70A8280B717004003A7A2
:1027B400470B498F23AAE70A03A7070B1345F5FF25
:1027C40045BFB717004083A6470B1347F5FF758F26
:1027D40023AAE70A03A7070A598D4DB7B717004084
:1027E40003A7470B498FEDB7914763EEB70217B7BD
:1027F4000100130727F48A05BA959C41BA9782878A
:10280400B717004003A7470D1345F5FF698F23AAA7
:10281400E70C03A7070D698F23A8E70C03A7070C90
:10282400798D23A0A70C8280B717004083A6470D9B
:102834001347F5FFF98E23AAD70C83A6070D558DF0
:1028440023A8A70C83A6070C758F23A0E70C82800E
:10285400B717004003A7470D498F23AAE70C03A726
:10286400070D1345F5FF45BFB717004083A6470D75
:102874001347F5FF758F23AAE70C03A7070C598D9F
:102884004DB7B717004003A7470D498FEDB7B717EA
:1028940000408847420541819377050491EB937783
:1028A400F5013755E801130505803345F5028280AB
:1028B4009377050C130700046397E7009377F501FA
:1028C40037459C1CCDB72165130505D0828037E7B9
:1028D40000E01C435443A183E206D58F1CC1FD577D
:1028E4002320F7182322F7180F10000082801317F3
:1028F4008500B7E700E023A0E710618123A2A710B9
:102904008280B7F700E08847CC4782808147373719
:102914000040A14663C4C700328582800345B740A6
:10292400E38EA6FE3385F5000345050085072304E1
:10293400A740CDB797F7FF1F9387873E9C43172780
:1029440000201307E78D3E95636EE50017470020CE
:10295400130707CB6368A70017F7FF1F2322A73CC1
:102964003E858280FD57EDBF411122C406C62A84EC
:10297400393F2947B307E502B2408D83B3D78702B5
:1029840022449507B3D7E70237370040C207C18313
:102994002316F7404101828071654111130505201A
:1029A40006C6D937B7370040130770F82381E740CC
:1029B4000D47A381E74013070004A380E7400547C0
:1029C4002387E740B240410182802384018223A609
:1029D4000182B717004003A7070CB706C0FFFD1616
:1029E400758F23A0E70C03A7070DB7064000558F8A
:1029F40023A8E70C03A7070C3D9B23A0E70C03A720
:102A0400070D1367070123A8E70C828023A6A18280
:102A140013064006894503C541836F40E158B71743
:102A2400004003A5470C83A7470C598113451500A3
:102A3400C18B058999E31365250083C78182638C63
:102A4400A7002384A18201C99387C18203A307003D
:102A5400630303000283828011456FF0CFC44111E8
:102A640093962500AA852D4506C697E0FF1FE780AB
:102A7400C0A4B240014541018280011122CC06CE9E
:102A84003714004026CA4AC84EC652C4834474054B
:102A9400034AB4058349840503499405EFF08F9BE9
:102AA4008347A40593F4F40F137AFA0F93E71700FE
:102AB400230DF40493F9F90F1379F90FB7170040B4
:102AC40003C7A705058B6DFF03D5C705A38D470570
:102AD400238C3705A38C2705A38B9704F24062440B
:102AE400D2444249B249224A0561828041119397F6
:102AF400050122C406C6C1872E8463DA0700EF40AD
:102B0400811319C1EF4001072165218D1DA093F7A1
:102B1400150013C5150091EF93F7250099CF0137E0
:102B24001306000A894503C54183EF40E147134575
:102B34002400B2402244410182809397250163D04E
:102B44000702EF602116093F37F60200130606E07C
:102B5400896503C54183EF40214509657DB7939796
:102B640015010145E3D707FC17B50100130545C25C
:102B7400EF90111513060064916503C54183EF407E
:102B8400A142116559B72D71232A9110FD74E98C66
:102B9400232C811023282111232631112A84AE8964
:102BA4003289930600100A86A6852D45232E11101E
:102BB40097E0FF1FE78060901315440151810A05D7
:102BC40013962900CA850A9597E0FF1FE780A002A3
:102BD400A68585660146254597E0FF1FE780E08DC1
:102BE4000A86A68593060010294597E0FF1FE78013
:102BF400C08C8320C1110324811183244111032932
:102C040001118329C11015618280B7F7070003C73A
:102C14000701411106C622C426C24AC0A547631A49
:102C2400F7009537B24022449244024901454101DC
:102C3400828013942500AA843289A286AA8501463B
:102C4400254597E0FF1FE7804087A2864A86A68530
:102C5400294597E0FF1FE7804086E9B71D71494683
:102C640097B50100938545AE17C50100130545C905
:102C740086CEA2CC97E0FF1FE780E0FE01E917B5FE
:102C840001001305A5ADEF90B10301A037F700E0F3
:102C9400795610CBFD5654CBB7E700E0056423A06A
:102CA40087109306F00214C323A087180F100000A6
:102CB40017E7FF1F1307874223A8E1824157A38A1E
:102CC400E740130600048145080897E0FF1FE780EA
:102CD40060F697070020938727963EC89D673ECCF1
:102CE400B7070105938707103ECEED472310F10285
:102CF40085472301F10297070000938787D6BEC258
:102D0400970700009387A7F0BEC48567938757D1C0
:102D14002312F102970700009387E7BE3ED8B7F568
:102D2400070097070000938787D53EDC8146970705
:102D340000009387A7D23000E10519453EDE231A2F
:102D4400810097D0FF1FE780407718088147994694
:102D540030003E960346060085070507A30BC7000F
:102D6400E398D7FEC24791C7035741018567637350
:102D7400F70001A08307410263D707049307800883
:102D8400F3B7078093F787083EC40F100000B71706
:102D94000040130770052380E704130780FA23809B
:102DA400E7040F100000B847B706100013670718B0
:102DB400B8C79853558F98D323800704A247F3A725
:102DC40007800F1000000808EF40E16CAA8501C9D4
:102DD40017B501001305C599EF90415A01A0F640BB
:102DE400664425618280411117050000130545D012
:102DF40006C622C4EF406166138441832300A40005
:102E04002128E136034504002244B240130600326F
:102E1400896541016F404119797106D6130780080D
:102E2400F337078093F787083EC20F100000B717E7
:102E34000040930570052380B704130680FA2380AD
:102E4400C7040F10000083C6F70293F6A60FA387EA
:102E5400D702238007049246F3A606800F100000D1
:102E640073370780137787083AC40F100000238054
:102E7400B7042380C7040F10000003C7F7021367C9
:102E84002700A387E70223800704A247F3A707804C
:102E94000F1000000545EFE03FDF7D3E814701470D
:102EA4008146054685451305407EEFE0DFE2680074
:102EB4005146814597E0FF1FE780C0D7B707C0A8F8
:102EC4003EC8B787E803938707D03ECA680097D700
:102ED400FF1F9387474F3EC6EF401101B250456133
:102EE4008280411197B501009385058E17B50100C5
:102EF400130585A406C6EF90614817B501001305B4
:102F0400A5A4EF90A1472945EF90414BB240410160
:102F14006F30C053411197B501009385258917B5CA
:102F24000100130565A106C6EF9041451305000293
:102F3400EF90C1482945EF906148EF3031738567C0
:102F4400138607773376C502B2409387873803C563
:102F5400C183854541013E966F400105411197B5F6
:102F640001009385258317B501001305E59C06C66A
:102F7400EF90C14013050002EF9041442945EF90C2
:102F8400E143B24003C5C183854541016F406118E7
:102F94009717002083C75783411193F7E70F06C69D
:102FA40017170020A302F782EFA0204C05E1EF20C1
:102FB400106CEF30B025B2403726090003C5C18339
:102FC4001306067C854541016F30117EB2404101F4
:102FD4008280411197A501009385457E17B50100B4
:102FE4001305859506C6EF9061392945EF90013D9B
:102FF400B240410171BF411197A501009385457A03
:1030040017B501001305459306C622C426C24AC05B
:10301400EF90C1362945EF90613AEFA0004519E5DC
:103024002244B2409244024941019DB797F4FF1FE4
:10303400938444A2BC4875741309B4AF7D142390DF
:1030440027012391870017F5FF1F1305A5A4EFD0CF
:10305400D03BFC4417F5FF1F1305C5A397F4FF1FCE
:10306400938404A823900700EFD090389C482685C9
:103074002390270123918700EFD03039DC44268543
:1030840097F4FF1F9384049B23900700EFD05036DE
:103094009C4826852390270123918700EFD0F036A2
:1030A400DC44268597F4FF1F938484A123900700B2
:1030B400EFD010349C482685239027012391870064
:1030C400EFD0B034DC442244B24002492685924415
:1030D4002390070041016FD0B031797197A50100A9
:1030E4009385456F17B501001305058506D622D4CF
:1030F40026D24AD04ECE52CC56CAEF90212829452A
:10310400EF90C12BEFA060360DED97A501009385DC
:10311400656C17B5010013052582EF90212617B5BC
:10312400010013052584EF9061252945EF900129BD
:10313400B250225492540259F249624AD24A456129
:10314400828013050002EF10B0292A8405E197A5B7
:1031540001009385256817A501001305E57DEF900F
:10316400E12117B501001305658175BFA54A130A4E
:10317400C012FD59A3005501232245012306350140
:10318400EF10F0242300A400084C3709D400930561
:10319400891A3105EF202015084C834504003105B8
:1031A400EF309023084C930500103105EF301024C4
:1031B400044C0565EF001056B104AA852685EF304E
:1031C400B021084C930520293105EF3030226800E6
:1031D400EF00606E084C8345C1003105EF30D01F0D
:1031E4002285EF10902513050002EF10A0402A84D9
:1031F40039DDA30055012322450123063501EF10D3
:10320400101D2300A400084C9305891A3105EF20F2
:10321400800D084C834504003105EF30F01B084C49
:10322400930500103105EF30701C044C0965EF0064
:103234005028B104AA852685EF30101A084C93054E
:1032440000503105EF30901A044CC52EAA85B10404
:103254002685EF3070182285EF10603FD1BD93F7BB
:103264001500B9CB411122C417A501001305C56C83
:103274002E8497A501009385255A06C6EF90011068
:103284002945EF90A113EFA0401E01C9B93513459C
:103294001400B2402244410182809707002083C772
:1032A400B75293F7E70F93E7170017070020A30D12
:1032B400F750EF20503DE1BF01458280797197A519
:1032C40001009385655217A501001305E56606D62E
:1032D400EF90C10A2945EF90610E614681452800AF
:1032E400EFE0EFFAEF10B00EA547A304F100930747
:1032F400C0122304A1003EC60565FD57230AF10050
:10330400EF0030570545A921EFA020161DE597A52C
:1033140001009385654D17A501001305E561EF9044
:10332400E10517A501001305E563EF902105294583
:10333400EF90C108B250456182802800EF10E03A56
:10334400D5BF411197A501009385054B17A5010031
:103354001305855E06C622C4EF9041022945EF900D
:10336400E105EFA080101DE597A501009385C548F0
:1033740017A501001305455CEF90410017A5010056
:103384001305455EEF80917F2244B24029454101F7
:103394006F90C1024145EF10B0042A8405E197A55E
:1033A40001009385654517A501001305E558EF80D5
:1033B400F17C17A501001305655CE9B7A547A300D7
:1033C400F5009307C0125CC197B701009387876E1D
:1033D4005CC9FD572306F500EF10607F2300A400AD
:1033E400084CB705D4009385851A3105EF10B06FEA
:1033F400084C834504003105EF30007E084CBD6560
:10340400A5053105EF30807E084C93053002310567
:10341400EF30807C22852244B24041016F10F001DC
:10342400411122C497A501009385453E2A8417A51E
:1034340001001305655006C6EF805174A28517A5D7
:10344400010013056551EF8071732945EF801177F1
:1034540085476309F4008947630AF400B2402244B3
:10346400410182802244B240410189BD2244B240DC
:103474004101C1BD0111354697A501009385454120
:1034840017B50100130585B606CE22CC97D0FF1FD1
:10349400E780607D0DE597A501009385E53817A5C4
:1034A400010013056549EF80716D17A5010013052F
:1034B400E52AEF90E1002945EF80517001A097F7CC
:1034C400FF1F9387278D3EC4856793870780340049
:1034D40017B601001306065F97A501009385C5770B
:1034E40017A501001305C5783EC6EF2030422A8493
:1034F4000DC997A501009385253317A50100130570
:10350400A543EF80B167A28517A5010013054539CE
:10351400EF80D1662945EF80716AF240624405610B
:103524008280EF80B05017A501001305E530EF103D
:10353400F061EF50B046EFF0206117E5FF1F13056F
:103544006557EFF0004E17A501001305E52FEFF0C6
:1035540060612A84EF20803CEFB0A001EF10617F0E
:10356400EF304052EF20D017EFD0C06597A501008F
:103574009385852B17A501001305053C09C8EF8029
:10358400F15FA28517A501001305C53351B7EF807C
:10359400F15E17A5010013052535EF80315E29453D
:1035A400EF80D161EFD06048EF90306C29C597A5CA
:1035B40001009385652717A501001305E537EF8002
:1035C400F15B17A501001305A533EF80315B294595
:1035D400EF80D15E97A501009385052517A501000D
:1035E40013058535EF80915917A50100130585331F
:1035F400EF80D15805B7EFF0BF99E9BF4111170526
:103604000000130505C606C6EF303165238EA1827E
:1036140017E5FF1F1305C54CEF104074A13DEFF0F3
:10362400CFBA170500001305E5DFEFF02FBEB24057
:103634008145056541016F00F00E411197A5010018
:103644009385453517A501001305052F06C622C429
:10365400EF80D1521384D1838345040017A5010060
:103664001305053FEF8091512945EF8031550345FE
:103674000400B24022444101828039711C0822DCDA
:103684003EC22E84B7072000B705D30026DA9385FF
:10369400851AAA843EC448001C0806DE3EC6EF1004
:1036A4009044EF10C052AA854800EF30E0529305D1
:1036B40000504800EF3080534937AA854800EF3066
:1036C400A05197A501009385252E17A50100130588
:1036D400A526EF80B14A835584000356640017A5DC
:1036E40001001305A531A18193F5F507EF80114978
:1036F4002945EF80B14C834794000147814693F7F5
:10370400F707D917B337F000B307F0402305F400E7
:103714005000A2852685EF10905D15C52A8497A5D3
:1037240001009385652817A501001305E520EF80A6
:10373400F144A28517A501001305C52DEF8011449E
:103744002945EF80B147F2506254D25421618280FE
:10375400A38EA1828280411122C426C22A84AE840F
:1037640017A501001305451D97A50100938585251F
:1037740006C6EF80B14013050002EF8031442945AD
:10378400EF80D14322852244B240A6859244410170
:10379400EDB5797122D426D22E844AD08145AA84EB
:1037A40032892800614606D6EFE06FAEEF10204262
:1037B400A547A304F1009307C0123EC62304A10049
:1037C400EF30C16A930720033375F50297A5010012
:1037D4009385C5202AC817A501001305E515EF80B8
:1037E400F139835584008306840003566400A18163
:1037F40093F5F50717A5010013054523EF8011384C
:103804002945EF80B13B83479400294793F7F70795
:103814006385E700FD57230AF100831764006359A9
:10382400F000FD57230AF1009307400602C83EC684
:10383400032709008347270083461700A207D58F73
:1038440093060050639CD700834737002800A38E5B
:10385400F182EF009069A28526850535B250225485
:103864009254025945618280011197A50100938504
:10387400A51717A501001305250C32C606CEEF8047
:10388400F12F13050002EF8071332945EF801133C6
:10389400324618428347270083461700A207D58F74
:1038A400930600506396D70083473700A38EF182B6
:1038B400F24005618280411126C297A501009385DB
:1038C400A51AAA8417A501001305050706C622C474
:1038D400EF80D12A138401840C4017A5010013053D
:1038E400E522EF80B1292945EF80512D1C40B240DB
:1038F40022449CC092444101828039711C0822DC1C
:103904003EC22E84B7072000B705D30026DA93857C
:10391400851AAA843EC448001C0806DE3EC6EF1081
:10392400901CEF10C02AAA854800EF30E02A9305C6
:1039340020294800EF30802B0A85B53F8245480096
:10394400EF30003097A501009385051317A50100FA
:10395400130585FEEF80912283558400035664008D
:1039640017A5010013058509A18193F5F507EF80DB
:10397400F1202945EF809124834794000147814633
:1039840093F7F707D917B337F000B307F0402305CF
:10399400F4005000A2852685EF10703515C52A84E1
:1039A40097A501009385450D17A501001305C5F8DA
:1039B400EF80D11CA28517A501001305A505EF8092
:1039C400F11B2945EF80911FF2506254D2542161BA
:1039D4008280411122C426C22A84AE8417A5010024
:1039E400130585F597A501009385850A06C6EF8022
:1039F400F11813050002EF80711C2945EF80111C9A
:103A040022852244B240A68592444101FDB57971D4
:103A140022D426D22E844AD081453289AA84614692
:103A2400280006D6EFE0AF86EF10601AA547A3047E
:103A3400F1009307C0123EC62304A100EF300143F6
:103A4400930720033375F50297A501009385850537
:103A54002AC817A50100130525EEEF8031128355FE
:103A64008400035749008306840003566400A1813F
:103A740093F5F50717A5010013058505EF801110CF
:103A84002945EF80B11303270900834727008346A4
:103A9400170013072029A207D58F6395E70697A57A
:103AA40001009385250017A501001305E5E8EF80C3
:103AB400F10C8325090017A501001305E50383C74D
:103AC400450003C7350083C6250003C8550003C657
:103AD400150083C50500EF80710A2945EF80110E9A
:103AE4008326090003C7460083C7360022075D8F7B
:103AF40083C75600C2075D8F83C76600E207D98F6C
:103B040023A0F18483479400294793F7F70763853B
:103B1400E700FD57230AF100831764006359F0009E
:103B2400FD57230AF1009307400602C83EC6280049
:103B3400EF10401AA2852685C933B25022549254FC
:103B4400025945618280011197A501009385C5F64C
:103B540017A50100130545DE32C606CEEF8011021B
:103B640013050002EF8091052945EF8031053246A7
:103B74001C4203C7270083C617002207558F9306EC
:103B840020296312D70203C7470083C637002207E0
:103B9400D98E03C7570083C767004207558FE207D2
:103BA400D98F23A0F184F2400561828039711C0809
:103BB40022DC3EC22E84B7072000A16526DA3EC46B
:103BC400AA841C0893854520480006DE3EC6EF10F3
:103BD4008071B717004083A5470C4800B58193C591
:103BE40015008589EF20507F97A501009385C5F3C3
:103BF40017A50100130545D4EF804178835584004F
:103C04000356640017A50100130545DFA18193F550
:103C1400F507EF80A1762945EF80417A8347940028
:103C24000147814693F7F707D917B337F000B30775
:103C3400F0402305F4005000A2852685EF10300BD8
:103C440015C52A8497A50100938505EE17A50100E3
:103C5400130585CEEF808172A28517A50100130597
:103C640065DBEF80A1712945EF804175F250625404
:103C7400D25421618280411122C426C22A84AE8496
:103C840017A50100130545CB97A50100938505EB06
:103C940006C6EF80A16E13050002EF80217229454C
:103CA400EF80C17122852244B240A685924441012D
:103CB400F5BDB717004083A7470C7D8D133515005C
:103CC4008280411126C2AE848D4522C406C62A8450
:103CD400EFE09FB1B717004099C803A5C70C418D09
:103CE40023A6A70CB240224492444101828003A53A
:103CF400870C418D23A4A70CF5B7011197A50100EA
:103D04009385C5E517A50100130505C332C606CE84
:103D1400EF80C16613050002EF80416A2945EF80F8
:103D2400E1693246B717004083A7470C1842B583B0
:103D34008345070093C71700858B6386F500F2401F
:103D440009650561BDBFF24005618280797122D4A5
:103D540026D22E844AD081453289AA84614628001D
:103D640006D6EFD0DFD2EF009066A547A304F1009A
:103D74009307C0123EC62304A100EF30210F93071E
:103D840020033375F50297A50100938525DC2AC825
:103D940017A50100130545BAEF80415E83558400E1
:103DA4008306840003566400A18193F5F50717A5E3
:103DB4000100130525DFEF80615C2945EF80016078
:103DC40083270900096583C50700E53D83479400FF
:103DD400294793F7F7076385E700FD57230AF100A6
:103DE400831764006359F000FD57230AF100930719
:103DF400400602C83EC62800EF005006A28526856C
:103E04007533B250225492540259456182803971FB
:103E14001C0822DC3EC22E84B7072000A16526DAE6
:103E24003EC4AA841C0893854520480006DE3EC68D
:103E3400EF10604BB717004083A5470C4800B181D1
:103E440093C515008589EF20305997A50100938506
:103E5400A5D717A50100130525AEEF802152835580
:103E640084000356640017A50100130525B9A18138
:103E740093F5F507EF8081502945EF80215483475E
:103E840094000147814693F7F707D917B337F00039
:103E9400B307F0402305F4005000A2852685EF10F7
:103EA400006515C52A8497A501009385E5D117A55A
:103EB4000100130565A8EF80614CA28517A50100D8
:103EC400130545B5EF80814B2945EF80214FF25012
:103ED4006254D25421618280411122C426C22A84B0
:103EE400AE8417A50100130525A597A501009385A8
:103EF400E5CE06C6EF80814813050002EF80014C31
:103F04002945EF80A14B22852244B240A6859244E4
:103F14004101F5BDB717004083A7470C7D8D1335CC
:103F240015008280411126C2AE848D4522C406C686
:103F34002A84EFE07F8BB717004099C803A5C70C0C
:103F4400418D23A6A70CB2402244924441018280B1
:103F540003A5870C418D23A4A70CF5B7011197A5E0
:103F640001009385A5C917A501001305E59C32C678
:103F740006CEEF80A14013050002EF8021442945BD
:103F8400EF80C1433246B717004083A7470C18425D
:103F9400B1838345070093C71700858B6386F500BB
:103FA400F24005650561BDBFF2400561828079710B
:103FB40022D426D22E84B284814561464AD02A89ED
:103FC400280006D6EFD0BFACEF007040A547A3048D
:103FD400F1009307C0123EC62304A100EF2011692B
:103FE400930720033375F50297A50100938505C057
:103FF4002AC817A5010013052594EF80213883559D
:10400400840003D744008306840003566400A1811E
:1040140093F5F50717A50100130585ABEF8001366D
:104024002945EF80A1399C40056583C50700DD3D26
:1040340083479400294793F7F7076385E700FD5703
:10404400230AF100831764006359F000FD57230A23
:10405400F1009307400602C83EC62800EF00D03E98
:10406400A2854A856D33B250225492540259456157
:10407400828041118D4522C406C62A84EFE0CFF622
:10408400B717004003A5870CB240218D224423A416
:10409400A70C410182800111354697950100938553
:1040A400257F17A50100130565F406CE97D0FF1FE1
:1040B400E78060BB01E917A50100130565B8EF802F
:1040C400214001A0EF60816A2AC6EF10810AEF0047
:1040D400D169EF706050F240324505618280411130
:1040E4001305800406C697C0FF1FE78000FC37173E
:1040F40000408327870A8D451305002093E7072096
:104104002324F70AEFE0EFE3EFE01F8917A501008E
:104114001305057FEF80C13A17A50100130505EDCE
:10412400EF80013AEFE09FB3EFE0FFCBAD37EFF064
:10413400EFCC97C0FF1FE780E02B01458280B7F7E3
:10414400070003C70701A547AE866316F7009397D8
:10415400450191C301A0AA850146254517C3FF1F48
:104164006700A3354111B2862E86AA852D4506C661
:1041740097C0FF1FE7806034B2400145410182804F
:104184009307000463E6C7021D71A2CC2A840808C1
:1041940086CE32C6EF802113B2461008A285294587
:1041A40097C0FF1FE7806031F64066442561828036
:1041B40039558280411197A501009385A5B31795C0
:1041C40001001305657706C6EF80411B1305000245
:1041D400EF80C11EB240294541016F80211E5C4918
:1041E400411122C406C62A8491C7DC4381C72E85A7
:1041F4000C4882971C4CC84BEF20D1171C4CB24082
:10420400224423AA0700410182804111328506C657
:1042140022C426C22E844AC0EF203028AA8497A53F
:1042240001009385E5AB179501001305E570EF8058
:10423400E114030784000356640083554400A686F2
:1042440017A501001305C5B6EF8041132945EF807A
:10425400E11617F4FF1F1304644317F9FF1F130932
:10426400E94883470400639B970081452285853F85
:104274008345C40103C54184EF20B16913040402DA
:10428400E31124FFB2402244924402494101828056
:104294001C42011126CA4AC806CE22CC03C42700F8
:1042A40003C71700AA842204598C3D672E896378BA
:1042B400870003C4470083C7370022045D8C97A599
:1042C40001009385A5A0179501001305E56632C684
:1042D400EF80C10AA28517A50100130525B0EF8060
:1042E400E1092945EF80810D62443246F240CA85D6
:1042F40026854249D24405616FF00FD71C42011153
:1043040026CA4AC806CE22CC03C4270003C7170016
:10431400AA842204598C3D672E896378870003C4DC
:10432400470083C7370022045D8C97A5010093855D
:10433400E598179501001305256032C6EF80010446
:10434400A28517A50100130565A9EF80210329455E
:10435400EF80C10662443246F240CA85268542494E
:10436400D24405616FF0EFC21C42011126CA4AC84B
:1043740006CE22CC03C4270003C71700AA84220454
:10438400598C3D672E896378870003C4470083C72F
:10439400370022045D8C97A501009385259117951C
:1043A40001001305655932C6EF70517DA28517A52A
:1043B40001001305A5A2EF70717C2945EF8001006F
:1043C400930700503246631BF4006244F240CA85EE
:1043D40026854249D24405616FF0EFB7F24062444A
:1043E400D244424905618280411106C697F7FF1FF6
:1043F4009387C72917F7FF1F1307072498CF05478B
:10440400238EE70017F7FF1F1307C72498DF094718
:10441400238EE70217F7FF1F13078725B8CF11472D
:10442400238EE7041705000013058501EF30E10230
:10443400B2402382A1840145410182801D7197F716
:10444400FF1F83C76726CEC686CEA2CCA6CACAC81B
:10445400D2C4ED8F97F9FF1F93894923D9EF97F7BA
:10446400FF1F83C76726ED8FD9EB97F7FF1F83C71D
:10447400A727ED8F0145B5CB8947939457001C10AE
:104484003EC4B70720003EC617DAFF1F130A4A636B
:104494001C103EC88327CA0002CA02CC02CE83D7AE
:1044A400070033849900184C231BF100FD77231C6B
:1044B400F1005C4B2E89B1E797A5010093854585F2
:1044C4001795010013054547EF70516B17A50100BF
:1044D40013050588EF70916A2945EF70316EB38733
:1044E400990003C5C7013345A900F6406644D64484
:1044F4004649B649264A256182808147BDBF854722
:10450400ADBF83471400A555A5CFFD17035607017A
:104514004C47A300F4008347C4002800230FF10094
:10452400EF20A069979501009385857E179501007A
:1045340013058540EF7091642945EF703168528509
:10454400228797A601009386665730004C08EF0037
:10455400107A2A8A49D5979501009385657B17952A
:1045640001001305653DEF707161D2851795010057
:104574001305C57EEF7091602945EF703164D55500
:104584002285EFF0DFC5A1BF9C4DDC4B81CBD04130
:1045940083C5C50103C541846F20112182801C4E4F
:1045A400DC4BA1CBB9C5411126C2179501001305F7
:1045B400A538AE84979501009385C57406C622C4B8
:1045C4003284EF70B15BA685179501001305457C15
:1045D400EF70D15A2945EF70715E8345C4012244BE
:1045E400B240924403C541841306400641016F2042
:1045F400B11B8280011122CC17F4FF1F130404099C
:1046040026CA044C06CE4AC8DC484EC699CF045C80
:10461400DC4895CB244CDC488DCB0145F240624408
:10462400D2444249B249056182800149AA891609E6
:10463400EF206159C8C8330524011C4D2399370163
:10464400DC4BE9FFD9BF0549D5B70949C5B71045C2
:104654008345C50103C541846F201115411126C24C
:10466400AA84414506C622C4713705E9979501001D
:104674009385056B179501001305052CEF701150F8
:10468400179501001305852FEF70514F2244B24056
:104694009244294541016F7071526146A6852A846E
:1046A400EF707142084CB705D4009385851A310523
:1046B400EF007043084C83C504003105EF20C0515E
:1046C400084C930500103105EF204052044C096555
:1046D400EFF02FDEB104AA852685EF20E04F228576
:1046E4002244B240924441019DB7411126C2AA849A
:1046F400414506C622C4FD3D05E997950100938511
:1047040065631795010013052523EF70314717954D
:1047140001001305A526EF7071462244B24092446D
:10472400294541016F7091496146A6852A84EF703D
:104734009139084CB705D4009385851A3105EF00EB
:10474400903A084C83C504003105EF20E048084C3A
:10475400930500503105EF206049044CEFE0FFED74
:10476400AA85B1042685EF20204722852244B24041
:1047740092444101E9BD0147979601009386467C26
:104784003388E50083470800050709059183B69738
:1047940083C70700230FF5FE83470800BD8BB69738
:1047A40083C70700A30FF5FE93170701C183E3E94D
:1047B400C7FC82804111979501009385A56B1795DD
:1047C40001001305651706C6EF70513B130500027F
:1047D400EF70D13EB240294541016F70313E5C49D2
:1047E400411122C406C62A8491C7DC4381C72E85A1
:1047F4000C4882971C4CC84BEF20C1371C4CB2406C
:10480400224423AA0700410182804111328506C651
:1048140022C426C22E844AC0EF202048AA84979539
:10482400010093852564179501001305E510EF70C9
:10483400F134030784000356640083554400A686BC
:10484400179501001305C556EF7051332945EF70D4
:10485400F13617F4FF1F130464EF17F9FF1F130950
:10486400E9F483470400639B970081452285853FD3
:104874008345C40103C56184EF20B1091304040214
:10488400E31124FFB2402244924402494101828050
:104894001C42011126CA4AC806CE22CC03C42700F2
:1048A40003C71700AA842204598C3D672E896378B4
:1048B400870003C4470083C7370022045D8C9795A3
:1048C40001009385E558179501001305E50632C6E6
:1048D400EF70D12AA2851795010013052550EF70BA
:1048E400F1292945EF70912D9307E028324663168C
:1048F400F400CA852685EFF00FA5979501009385EE
:1049040025551795010013052503EF70312713056D
:104914000002EF70B12A6244F240D2444249294570
:1049240005616F70B1291C42011126CA4AC84EC6DE
:1049340006CE22CC03C4270003C717002A89220409
:10494400598C3D67AE89B2846378870003C44700FD
:1049540083C7370022045D8C979501009385854EAB
:1049640017950100130545FDEF70512103D644004E
:10497400A285179501001305E55DEF7031202945E7
:10498400EF70D12393072029631DF4006244F240A1
:104994002686CE85D244B2494A85424905616FF0E4
:1049A4000F87F2406244D2444249B2490561828091
:1049B4001C42011126CA4AC806CE22CC03C42700D1
:1049C40003C71700AA842204598C3D672E89637893
:1049D400870003C4470083C7370022045D8C979582
:1049E400010093856545179501001305E5F432C66A
:1049F400EF70D118A285179501001305253EEF70BD
:104A0400F1172945EF70911B9307E0283246631B89
:104A1400F4006244F240CA8526854249D2440561C5
:104A24006FE03FFBF2406244D24442490561828018
:104A34001D7197F7FF1F83C727D3CEC686CEA2CC9E
:104A4400A6CACAC8D2C4ED8F97F9FF1F938909D0AB
:104A5400D9EF97F7FF1F83C727D3ED8FD9EB97F7CC
:104A6400FF1F83C767D4ED8F0145B5CB8947939466
:104A740057001C103EC4B70720003EC617DAFF1FBC
:104A8400130A0A061C103EC88327CA0002CA02CCB5
:104A940002CE83D7070033849900184C231BF100FE
:104AA400FD77231CF1005C4B2E89B1E7979501003B
:104AB4009385453F17950100130505E8EF70110C28
:104AC400179501001305C528EF70510B2945EF70A8
:104AD400F10EB387990003C5C7013345A900F64019
:104AE4006644D6444649B649264A256182808147B0
:104AF400BDBF8547ADBF83471400A555B9CFFD178A
:104B0400035607014C47A300F4008347C400280060
:104B1400230FF100EF20600A5285228797A6010037
:104B24009386C6FA30004C08EF00701C2A8A55D1CF
:104B34009795010093850537179501001305C5DF87
:104B4400EF70D103D2851795010013052521EF706D
:104B5400F1022945EF709106D5552285EFF03FC843
:104B64008DBF9C4DDC4B81CBD04183C5C50103C5B2
:104B740061846F20614382801C4EDC4BA1CBB9C59C
:104B8400411126C217950100130505DBAE849795E4
:104B940001009385653006C622C43284EF70017E1D
:104BA400A685179501001305A51EEF70217D2945E3
:104BB400EF70D1008345C4012244B240924403C53E
:104BC40061841306400641016F20013E8280938771
:104BD400518403C50700130715002380E700828072
:104BE400011122CC17F4FF1F130444B626CA044C47
:104BF40006CE4AC8DC484EC699CF045CDC4895CB47
:104C0400244CDC488DCB0145F2406244D2444249F5
:104C1400B249056182800149AA891609EF10B17A67
:104C2400C8C8330524011C4D23993701DC4BE9FF27
:104C3400D9BF0549D5B70949C5B710458345C5014D
:104C440003C561846F204136411126C2AA844145BF
:104C540006C622C4713705E9979501009385852519
:104C640017950100130545CDEF70417117950100AB
:104C74001305C5D0EF7081702244B2409244294597
:104C840041016F70A1736146A6852A84EF70A16308
:104C9400084CB705D4009385851A3105A925084C1D
:104CA40083C504003105EF103073084C93050010E0
:104CB4003105EF10B073044C0565EFF0AFA5B104F6
:104CC400AA852685EF10507122852244B240924471
:104CD4004101A5B7011126CAAA841305000206CE14
:104CE40022CCFD3D0DE9979501009385E51D1795AF
:104CF4000100130565C4EF70616817950100130581
:104D0400E5C7EF70A1672945EF70416BF24062443B
:104D1400D244056182806146A6852A84EF70A15A37
:104D2400084CB705D4009385851A31056D2B084CC2
:104D340083C504003105EF10306A084C930520291F
:104D44003105EF10B06A6800EFE0FFB6084CB245D9
:104D54003105EF10F06E2285CD354DBFB707B1FB9D
:104D64009387871A17F7FF1F232AF7A4B7970036EC
:104D74009387B71817F7FF1F2324F7A4B787EB3DD2
:104D840015719387878217F7FF1F232DF7A28810C9
:104D94009307002586CF17F7FF1F2327F7A2A2CD7D
:104DA400EF00A168B7978BFB9387071011464C005F
:104DB40028103EC2EFF03F9C979501009385451261
:104DC4000818EF70A1701946979501009385851511
:104DD40013051103EFF03F9A979501009385451051
:104DE4001305D103EF70816E4146979501009385B9
:104DF400C5131305E103EFF01F98130660032C108D
:104E04008810EF00416985476308F50A979501000A
:104E14009385450717950100130505B2EF700156F8
:104E2400179501001305050CEF7041552945EF70E6
:104E3400E158EF20A1039357850003C75184AA9733
:104E4400BA9713570501BA976181AA97A382F1848F
:104E540097F7FF1F9387478A17F7FF1F2324F790BD
:104E6400854717F7FF1F2301F79097F7FF1F9387D5
:104E7400678A17F7FF1F2327F790894717F7FF1F44
:104E84002304F79097F7FF1F9387878A17F7FF1F6D
:104E9400232AF790170500001305C5B9914717F7A2
:104EA400FF1F2303F790EF20415BFE406E442383F2
:104EB400A18401452D6182802A848C102800EF0092
:104EC400A16363018502979501009385A5FB17955E
:104ED4000100130565A6EF70614A179501001305DB
:104EE400E50199B741462C0017F5FF1F1305058C02
:104EF400EF70613D3DBFEFC2FFB42A8408452E899F
:104F0400B28909C900C1970500009385C57461057C
:104F1400EFF0107781447D5AEF10C00563C3A404F9
:104F24008144EF10200663C6A40497F7FF1F9387FC
:104F3400A78A9C43DC47B307F94091872302F40016
:104F4400638109048327C900B307F4409587A3024A
:104F5400F4001C4C89C79C4799C3228582976FC073
:104F6400BFB15C44139714008504BA97239047019A
:104F740065B71C48139714008504BA97239007005B
:104F84004DB7832789000547B307F4409587A302EB
:104F9400F40083570400638EE7028DC309476384DA
:104FA400E7040D47E397E7FA979701009387C75201
:104FB4001CCC979701009387275311A8979701005A
:104FC400938707191CCC97970100938767195CC8CE
:104FD40049B7979701009387A7041CCC97970100C2
:104FE40093870705EDB7979701009387A7531CCCC8
:104FF4009797010093870754D9BF85E1EFC23FA675
:10500400004618448347940075839D8B6315F7000D
:10501400EF00101B48C46FC0DFA68280EFC29FA2BE
:1050240013893500C16442094111AA890144F1146C
:1050340013590901054A2EC6EF00D073B2456346E1
:10504400A400014541016FC03FA383A709001317C2
:105054001400BA9783D707006388B7006394970056
:1050640063742A010504C1BF0545E9BFEFC2BF9CB3
:10507400AA892E89328BB6843A8ABE8AEF80E03EB2
:1050840055C12685EF10502F8D4763E5A7007D5548
:105094006FC0FF9D83DB4400EF00D0732A84EF00D0
:1050A400B0749307740031443305850263C5A702C5
:1050B400EF005072EF0010722A84EF00F072930731
:1050C400740031443305850263CDA702EF0090706C
:1050D4009307450019A8EF003071330585021307C3
:1050E400F0179307C017E357A7FC2D55E3C277FBCE
:1050F40063000B02D6865286A6854A85EFE0F059F6
:1051040041BFEF00706E330585029307C5FFF1BF01
:10511400832749001385C90083D52700EFF01FF0CA
:1051240071F9B5B76955ADB797E7FF1F2398A76A1B
:1051340097E7FF1F9387476A904381470C463307DD
:10514400F500420741836393B70082805446139865
:1051540047008507C2962390E600D5B797E7FF1F5F
:10516400938787679C4303C58700828017E5FF1FE9
:105174000355C5668280EFC29F8EC1671387D7FF30
:105184006307E5026368A700F117630EF5000145A4
:105194006FC03F8F1387E7FF630EE500FD171D8D7A
:1051A40013351500F5B7EF40E0377D15D5BFEF4057
:1051B4006015E5BFEF40C013CDBFEFC25F8A411158
:1051C400AA8401442EC6EF00F05BB2456346A400F6
:1051D400014541016FC0FF8A9C48131514003E9598
:1051E40083570500E387B7FE0504E9BF034855006C
:1051F400814693F7F60F63E5070181473E85828078
:10520400584593975600BA9703D727006316B700FB
:1052140003D70700E304C7FE8506E1BF83464500C4
:1052240001479377F70F63E4D700814711A81C4522
:10523400131657000507B29703D60700E313B6FE0B
:105244003E858280EFC21F8093170501C18797EACC
:10525400FF1F938A6A586355F00883A70A00C04762
:105264009C4703570400198D420541816366F5008C
:10527400014422856FC05F8012052A94DDBFDC479C
:1052840013944900014A3E94834744006341FA025F
:10529400014A834754006347FA028509C20993D936
:1052A400090183A70A009847E3EBE9FCD1B71C4442
:1052B40013195A00A6853E994A85EFF01FF011EDA7
:1052C400050AD9B75C4413195A00A6853E994A8544
:1052D400EFF0BFEE19E1050A6DBFE30009FC51BF11
:1052E400AA8481497DBFEFC28FF71C452A8481E7D8
:1052F4009307C5001CC51C44231204001CC093075B
:10530400F00F63E9B70093F5F50F2285EF10D00C89
:105314006FC02FF793940501C167C18063F7F5004F
:10532400A6852285EF10F00EE5B7C18193F5F50F40
:105334002285EF10700AA6852285EF10300BC9BFB5
:1053440097E7FF1F93874749884382801C4599C785
:1053540097E7FF1F23A2A748014582807D558280DD
:1053640097E7FF1F9387474798438347450048477C
:1053740092073E958280EFC28FEE617100451C1842
:105384003EC6B70780013EC81C183ECA8357440076
:1053940002CE02D002CC231EF100834784002A8966
:1053A40002D22301F1023C083ED402D6EFF05FFBA7
:1053B400835705002316F102EF3050662307A1023C
:1053C4005C4003556400F18313F717008347F1022F
:1053D40052055181F99BD98FA307F102EFE0501DCB
:1053E40039C5AA8403550500EF80000983D704005A
:1053F4002AD26800231CF10083D72400231DF10066
:105404001C4803D647008C43EF10207B8347B4002D
:10541400CA8617960100130626BA8117A305F4005D
:105424006C004810EFE070275D616FC08FE5215577
:10543400E5BF1C45B1CF03C5A700894613576500D6
:10544400630BD7028D46630ED70285466300D702ED
:10545400130740063305E50203C7B700418B15CB9C
:1054640083C7B700BD8B3355F54082801375F503B0
:105474001307803EC5B709671375F5031307077152
:10548400D1BF372709001375F5031307077CD9B774
:1054940001458280EFC2AFDC03A9850063050904DE
:1054A4008347B900AE8493F7070E91CF0345990063
:1054B400930520030D810505B305B50288446105F4
:1054C400EFF0F0270DA02E85EFF0BFF62A8401CD72
:1054D400C5298325C900B307B54063F887002E9416
:1054E400B305A440E1FD6FC0CFD98545C1BFEFC26C
:1054F4000FD72A8403D50500011132C636C43AC237
:105504002EC002CA02CC02CEEF70107782452ACA9E
:1055140022852ECCEFF0DFE403570500231EE100C3
:10552400EF30D04FA24632469247230FA100368770
:105534004C08B28622850146EFF05FB305616FC067
:105544004FD4EFC2CFD161711C183EC6B70780019A
:105554003EC81C183ECA3C0800453ED4AA8402CC6E
:1055640002CE02D002D202D6EFF09FDF83570500AD
:1055740035592316F102EF30704A2307A10209C4FA
:105584008357440091E721594A855D616FC06FCF0D
:105594000355640052055181EFE090012A8965D5D5
:1055A4008347B40093F7070E89C713058401EFF00E
:1055B400901A83574400231EF1008347840023017B
:1055C400F1025C4003550900D98313F707088347A8
:1055D4001102231CA10093F7F707D98FA300F1024E
:1055E40083572900231DF1005C40F18313F7170052
:1055F4008347F102F99BD98FA307F102EF70D067BB
:105604002AD251D1834794006800139757008347E7
:10561400B400FD8BD98FA305F4001C4803D64700C2
:105624008C43EF108059A687179701001307C7987A
:10563400740005464C102685EFF05FA32A8929D50E
:105644008347B400A685FD8BA305F400EFF09FE427
:1056540025BFEFC2CFC0832485FE2A84411126854D
:10566400EFF03FDD834734FF93F7070E9DC32AC64F
:105674002685EFF05FD019C9834734FFB245FD8B0F
:10568400A309F4FE81C52285EFF0700B41016FC0C0
:105694004FBF6DDD8327C4FF2685829765F9834755
:1056A40034FF93F7070E81C72285EFF0D00A032554
:1056B40084FEEFF01FE9D9BFEFC26FB79C414111DF
:1056C4002A8903C7070089472E8493566700638C91
:1056D400F6020D466382C6049307F0076302F702DD
:1056E4002E85EF10805BAA848149C16B130C49009D
:1056F40097E7FF1F9387470E9C43984763ECE902A3
:1057040041016FC08FB603D745008547E3FAE7FE32
:105714002E85EF10605CC1BF03D74500E3F2E7FEBE
:105724002E85EF108057AA842285EF106058C2049A
:10573400C98C5DBFDC470355A900139A49003E9A02
:1057440093170501C187635DF00083570A006395D1
:10575400A70263E574038327CA00034D5A001DA002
:10576400A1672167A98F1307F7EFE374F7FE639529
:105774000900EFF05FA071FD85099DBF83278A00B2
:10578400034D4A00835DA90003576900216A138B06
:10579400C7003AC6814A33CA4D01631E5D0197E7CB
:1057A400FF1F9387E7039C43E1DBA2866286814562
:1057B40026858297D1B7A1679387F7EF930C4BFFA8
:1057C40063F04703B2455A85EFF05F8519CD03278F
:1057D4008B00104719CA10436380C4023107D5BF38
:1057E400EE856685EFF07F9D71FD93861A0093FA2E
:1057F400F60F130B0B0255B7835644005C43E3EDDD
:10580400F6F622853AC6EF108036A1679387D7044F
:105814002A8A035D4400324763E897008347D9002E
:1058240093E707F8A306F9001C4766852286E285FC
:105834008297C1670844FD17337AFA00529508C06D
:105844002312A40115BF97E7FF1F9387E7F8984336
:10585400814715C31447814763FFD50093974500DB
:105864004C47BE9519C903C7550081476375E600C7
:10587400DC451606B2973E85828003C74500814702
:10588400E37BE6FE16069C45F5B7EFC2AF9BAA89FB
:105894002E8A814497EAFF1F938A0AF483A70A0099
:1058A400984763E4E4006FC02F9DDC4713944400E1
:1058B40001493E9413BB140083474400634BF90031
:1058C400014913BB140083475400634FF900850456
:1058D400F1B70844931759005287DA860146A28526
:1058E4003E9582990509C9BF4844931759005287C8
:1058F400DA860546A2853E9582990509E9B7EFC285
:105904000F96814517F5FFFF1305255F97E7FF1FE6
:10591400239607ECEFF07FF76FC0AF9697E7FF1F72
:10592400938787EB9C4381CFEFC26F93814517F533
:10593400FFFF1305855CEFF05FF56FC08F948280E5
:10594400EFC24F9041112315E1002E89B284B6892C
:105954003A8681460147ED452A84EF2001192AC67B
:105964001DCD0356A100CE85EF60F115CA852285B1
:10597400EF20012C058915C1228501462C00231432
:105984009100EF20E1412A8409C5ED452800EF206C
:105994002124228541016FC02F8E4944FDB76554EF
:1059A400CDBF5C41FD175CC18280EFC24F8BEF100D
:1059B400015395473305F50281450D816FC06F8C06
:1059C400EFC2EF89EF10A15195473305F5020D8120
:1059D4006FC02F8BEFC2AF8803550500EF10316DF8
:1059E4006FC02F8AEFC2AF87035505003287AE869A
:1059F40017C6FF1F0356A61597E5FF1F938585DE7F
:105A0400EFF01FF46FC0EF87EFC26F85EF50915B2B
:105A14006FC02F87EFC2AF8497E5FF1F938585DCA6
:105A2400EF20E13E01456FC0CF85EFC24F83814532
:105A340017C5FF1F0355A50DEF20A1296FC06F8463
:105A4400EFC2EF8197E5FF1F9385C5DAEF20213C74
:105A540001456FC00F83EFC28F80814517C5FF1FBB
:105A64000355E510EF20E1266FC0AF81EFB23FFF91
:105A74002E85EF60C04EEF6010046FC08F80EFB2D0
:105A84001FFEEF60F00D6FB0DFFF5C49E1175CC9EA
:105A94005CC583572501A1072319F5008357050128
:105AA400A1072318F5008280F1473305F50297E733
:105AB400FF1F938727D69C433E9582808D476317AB
:105AC400F60603D74600854763F2E706EFB23FF9CF
:105AD400368536842E89EF10401C39C18357440023
:105AE40093140501C18063ED97022285EF10E01A3B
:105AF400FD14231294009307A002630EF50093078C
:105B0400B0026301F50293079002631BF50022853E
:105B1400EFC0507931A00146CA852285EF80800507
:105B24006FB03FF62285EF007056DDBF828097E6A6
:105B3400FF1F938666CE9C42014599CF9843D44279
:105B440017E6FF1F232AE6CC6396D70097E6FF1FCC
:105B540023A6E6CC1385C7FE8280EFB25FF0D92678
:105B64007144330585029145EF70E05801E56555B0
:105B74006FB03FF197E7FF1F23ACA7C86526330535
:105B840085029145EF7020577DD197E7FF1F23A32E
:105B9400A7C8492E97E7FF1F2396A7C6612697E754
:105BA400FF1F2392A7C6978701009387274617E70D
:105BB400FF1F232DF7C497070000938747ED17E7CE
:105BC400FF1F2323F7C4014565B7EFB25FE9AA8538
:105BD40017E5FF1F130505C3EF1000206FB07FEA20
:105BE400EFB2FFE7EFF07FFEEF10802097E7FF1F93
:105BF400938787C29C4381CF1387C7FE09CB83D584
:105C0400C7FF17E5FF1F1305A5C1EFF040336FB0C1
:105C14005FE7EFB2DFE4EFF09FF119C98347850036
:105C24002A8493F7070499E70355E500EFF05FFB37
:105C34006FB03FE58347C5009304450117E9FF1F93
:105C4400130989BD85E3832709005CC997E7FF1F12
:105C540023A497BC83274900E1FF97E7FF1F23AFE5
:105C640097BAF9B7FD172306F5006105EF60C07414
:105C74008307840063C907048347840093E707F814
:105C84002304F400EF10811E4205A94741813375B6
:105C9400F5028347840093F707FCC98F2304F400BB
:105CA4008347D4003E951C402318A40089CF984311
:105CB40019CB8347C4005040814585073305F5025D
:105CC400420541810297832709005CC897E7FF1FBB
:105CD40023A497B48327490089E797E7FF1F23AFDD
:105CE40097B28347C400A9D78355040117E5FF1F62
:105CF400130505B3EFF0A02425BFEFB25FD697E7F5
:105D0400FF1F938727D79C4701448583858B81EFA9
:105D1400AE84B2853A86EF1000132A8409C5EF10C9
:105D2400000A829408CC22856FB0BFD5EFB29FD110
:105D340041112E8932C6AA89712C324713060502F5
:105D4400CA8697050000938565D617E5FF1F1305DE
:105D540065ABEFF09FFA2A8429CD9304C5004D2644
:105D64001946AA852685EF00506585452685EF00EE
:105D7400306217850100130525274E9583450500DC
:105D84002685EF0070655C4831468145A1075CC8F3
:105D94005CC483572401E1172319F40083570401D9
:105DA400E1172318F4001C4C3E85EFB05FCEA3042A
:105DB4002501228541016FB03FCCEFB25FCA41118A
:105DC400AA842EC632C4EF10E001004DB24522462B
:105DD400834784000CC050C093F7F70393E707048C
:105DE4002304F400231804002685EF00507D834724
:105DF4009400A9462317A40013D7370005073307D7
:105E0400D7029D8B85072306F400A306E40083C70D
:105E14000401D8488507230FF7FE17E7FF1F130770
:105E2400A79F5843232A0400930744011DEB17E757
:105E3400FF1F2325F79E17E7FF1F232FF79C17E467
:105E4400FF1F1304E49D2285EFF020051C44858B7D
:105E54005D8D09E581452285EFF0600E41016FB04B
:105E64005FC21CC317E7FF1F232AF79AC9BFEFB20B
:105E74001FBF970500009385A5C40145EFF01FBF20
:105E840001456FB01FC0EFB29FBDEFF05FBF6FB0B1
:105E94005FBF8347C500A1E7EFB27FBC2A840355E7
:105EA400E500EFF09FD215C98347840093F7F7FB11
:105EB4002304F4001C4091C7DC4381C74C400145D6
:105EC4008297EFF0DFC617E5FF1F13056595EFF026
:105ED40080080355E400EFF0BFD06FB09FBA828012
:105EE400EFB2FFB797E7FF1F93870793970500006B
:105EF400938565D217E5FF1F1305859223A007003C
:105F040023A20700EFE0D0776FB0BFB71C4D91CB51
:105F1400DC4381CBEFB2BFB48345070082976FB0F7
:105F24005FB6828097E7FF1F9387C7919C4303C5A1
:105F34000700828097E7FF1F9387C7909C4303C5A0
:105F44001700828097E7FF1F9387C78F9C4303C581
:105F54002700828097E7FF1F9387C78E9C4303C562
:105F64004700828097E7FF1F9387C78D9C4303C533
:105F74003700828097E7FF1F9387C78C9C4303C534
:105F84005700828097E7FF1F9387C78B9C4303C505
:105F94006700828097E7FF1F9387C78A9C4303C5E6
:105FA4007700828097E7FF1F9387C7899C4303C5C7
:105FB4008700828097E7FF1F9387C7889C4303C5A8
:105FC4009700828097E7FF1F9387C7879C4303C589
:105FD400A700828097E7FF1F9387C7869C4303C56A
:105FE400B70011E11D45828097E7FF1F93878785DE
:105FF4009C4303C5C700828097E7FF1F938787846C
:106004009C4303C5D700828097E7FF1F938787834C
:106014009C4303C5E700828097E7FF1F938787822D
:106024009C4303D50701828097E7FF1F93878781ED
:106034009C4303C52701828097E7FF1F93878780CE
:106044009C4303D54701828097D7FF1F9387877F9F
:106054009C4303D56701828097D7FF1F9387877E70
:106064009C4303D58701828097D7FF1F9387877D41
:106074009C4303C5A701828097D7FF1F9387877C22
:106084009C4303C5B701828097D7FF1F9387877B03
:106094009C4303C5C701828097D7FF1F9387877AE4
:1060A4009C4303C5D701828097D7FF1F93878779C5
:1060B4009C438857828097D7FF1F9387A7789C4378
:1060C40003D5C702828097D7FF1F9387A7779C4386
:1060D40003D5E702828097D7FF1F9387A7769C4357
:1060E40003C50703828097D7FF1F9387A7759C4337
:1060F400C85B828097D7FF1F938747748843828049
:1061040097D7FF1F9387C7738843828019E17D5512
:106114008280F5DE984265DFFDD917E7FF1F13077C
:1061240067951847AA877155058B6316072203C51F
:1061340007001547E37DA7FC03C737001305F005E7
:106144007D171377F70FE364E5FC03C35700E300FF
:1061540003FC83C86700E38C08FA03C7770049454A
:1061640079171377F70FE364E5FA03C7A70011481B
:106174001305F7FF1375F50FE36BA8F803CE97002B
:106184000D481305FEFF1375F50FE362A8F803C865
:10619400B7006309080065181378F80F1305600D3C
:1061A400E36705F703C5C700794879151375F50F3B
:1061B400E36FA8F403C8D7000D457D181378F80FD2
:1061C400E36705F503D80701930E401751184208F9
:1061D40013580801E3ED0EF303C8E7007D181378A4
:1061E400F80FE36605F303C827017D181378F80F49
:1061F400E36F05F103C88700C54E75181378F80FCF
:10620400E3E70EF103D86701856E938EBEE06D1847
:10621400420813580801E3EC0EEF03D847016D1848
:10622400420813580801E3E40EEF03D887017918F4
:10623400420813580801E36C05ED03C8A7017D1853
:106244001378F80FE36505ED03C5B7011D487D1507
:106254001375F50FE36DA8EA03C5D70171487915E5
:106264001375F50FE365A8EA03D5E7011308E00FFA
:106274007D1542054181E36CA8E803C5070249483E
:1062840079151375F50FE364A8E883AE470237C5A3
:1062940034001308F5BFE36CD8E703A8870213059D
:1062A40055BF5918E36505E717D5FF1F232AC558BD
:1062B40003C6050117D5FF1F2326F5580545E378C6
:1062C400C5E403D82501D04933760603E31106E477
:1062D40003C61501E30D06E217D6FF1F2320B656A9
:1062E40083C5270001466387A50003C61700F1454F
:1062F4003306B60283C707039305C00272971A07D1
:106304001307C70516031A9796084697B387B7026B
:1063140041553E97329742074183636EE802EFB2DC
:106324000FF43685EF605067EFD0501D2A84EF805C
:1063340070142A94EFC030212A94EF60D07E2A94FE
:10634400EFF0BF812A94EF20F0622A94EF5040646A
:1063540022956FB00FF38280EFB26FF04111A30763
:10636400A100EF8040159305F10017050000130507
:1063740025BAEFF08FD1014541016FB08FF0EFB234
:106384008FEB17D4FF1F1304E46E0328840079599C
:106394009368180097D4FF1F23A2146F1378180072
:1063A400631E0800BA84BE89368B328A2E89AA8A73
:1063B400EFE0DFDA7D15269509E531594A856FB09E
:1063C4000FEBEFE0BFD97D152695A167E357F5FEE6
:1063D40097E7FF1F9387C7A098433E8C814B11C753
:1063E4000145EFC0503A933B15004A85DA8656863C
:1063F400D285EF70302E2A8911CD1C44F99B17D712
:10640400FF1F232DF76683270C00CDDBE3880BFAEF
:1064140082976DB7268597D7FF1F23AF0764EFE0F8
:10642400BFD04146CE8517D5FF1F1305256EEF500B
:106434009169EFA070060325040BEFA070080545D1
:10644400EFA0700E0545EFF03FF18DBF97D7FF1F0A
:10645400938747629C47858BD5C7EFB24FE017D52A
:10646400FF1F1305E56897D7FF1F23A5076097D77C
:10647400FF1F23A3076097D7FF1F23A10760EFE047
:10648400902DEF40A001EFE03005EFE0B00997D781
:10649400FF1F9387A75C9C4381C70545EF60302BA2
:1064A40097D7FF1F938747459C4389C741657D154F
:1064B400EF50A069EFC01036EFA0E07E97D7FF1F22
:1064C400938707709C431397170163540700EFC029
:1064D400404197D7FF1F23AB076297D7FF1F23A91C
:1064E400076297D7FF1F23A7076297D7FF1F23A52C
:1064F4000762EFF05F99A523EFF06FC0EFC0206350
:106504006FB02FD88280EFB2EFD32A8493041402A1
:1065140001112E85B289A685214636C63A89EF50E7
:1065240031581DE1B24638082686CE8513059404F9
:10653400EF40204321462C084A85EF50715613350D
:10654400150005616FB04FD30145E5BFEFB22FD100
:106554009305450617D5FF1F1305052FEFE0301EE1
:106564006FB02FD2EFB2AFCF41112EC6EFF04FC5AF
:10657400B24588C141016FB0CFD0EFB2AFCCAA848D
:106584002E84EF609071AA8985452285B12583C741
:10659400E4011389940899E313890403CE852285C1
:1065A400252D2146930519022285012D97D7FF1F1A
:1065B4009387474C8C432285EF00406A214693859C
:1065C40084022285DD2B6FB02FCBEFB2CFC6397199
:1065D400EFC0404C9305400645EDEF601069630E33
:1065E400051097D7FF1F83C7E72713B7170097D660
:1065F400FF1F2389E626014489CFC16417D9FF1FF1
:10660400130949479309400EFD14EFF0BF9A6348FC
:10661400A408EFF0EFBA4169B7290900096AFD7AC5
:106624002A8B81447D199389F97B130A0A71938A11
:106634008AC7EFF03F9863D5A4041304400EB387D0
:10664400840217D7FF1F1307E7420324070B3E9466
:106654008357C4016386270918403307EB4063EA74
:10666400E900834744008507B3874703D6976369E6
:10667400F706014681450945EFF04FEBAA8B29E166
:10668400EF20705B8547631FF50489659385057169
:1066940017D5FF1F1305451BEFE0700AA1A8B30728
:1066A40034030327090BBA9703D7C701630897007C
:1066B40003C75700A38207002382E7000504B1B78C
:1066C4009305C5002285EFF05FEB5E8522869785F2
:1066D40001009385A592EFF04FEE5E85EF004071C7
:1066E400850481BF97D7FF1F9387C7389C478D8345
:1066F400858BC1FF21616FB08FB701468545094580
:1067040002D002D202D402D6EFF04FE2AA847DD1A5
:10671400EFC080371389C4002A8481454A856D29D6
:106724000C4041464A85512983294400638909085C
:106734004E8502D802DA02DC02DEEF50515A2ACE2C
:10674400141005462C0808184ECCEF402019137578
:10675400F50F35E58355840093E525004A855529D1
:1067640011460C104A8591290146978501009385AD
:1067740065892685EFF06FE42685EF0060675C404D
:10678400B5DB014685450D45EFF04FDAAA843DD1CE
:1067940048401389C400EF5091542AC64A85E92E13
:1067A4003246636AC5004C404A8501290146814549
:1067B4002685EFF08FE02685EF00806325BF8355A3
:1067C400840069BFEFB2AFA997D7FF1F9387872AC9
:1067D4009C4719CD93E7870017D5FF1F1305C506FE
:1067E40017D7FF1F232CF728EFE000746FB06FA9B1
:1067F400DD9B17D7FF1F2323F728EF20D0437DF518
:1068040017D5FF1F13054504EFE0E074C5B7EFB2D9
:106814008FA24169AA892E8AB28A368BBA8B8144A7
:1068240017DCFF1F130C0C25930C400E7D19EFF0A1
:106834006FF863C4A40001442DA033849403832718
:106844000C0B3E948357C401638027055A87D68670
:106854005286CE8513050403EFF0FFCA11C52380C9
:106864000B0022856FB0AFA08347F40191CF5A8704
:10687400D6865286CE8513059408EFF0DFC809C585
:1068840085472380FB00F1BF850455B78357450036
:10689400638D0716EFB20F9B01112A84FD2E19C5D3
:1068A4008547630AF50405616FB00F9DEFC0801E34
:1068B4007DF9835744004947ED9BE396E7FEC145C4
:1068C4002285612CAA84228501290357440002CE23
:1068D40091472A896317F70022850D293C082ACCA1
:1068E4003ECEEFC0601A5C55DDDF74084A86A6858B
:1068F400054582974DBF03574400D147E3F5E7FAB6
:10690400032A0400C169014997DAFF1F938A8A1692
:10691400130B400EFD19EFF0EFE96344A90C228537
:10692400032A04009D2EA1452A8922853D24AA8498
:106934002285E92E14402A86AA8978082685CA85E4
:10694400EFF0FFECAA8425D103C7F401894763154E
:10695400F7008347C101A1DB5546D2851385640046
:10696400EF5071160145EF60303101C583D7C40182
:10697400B1EB97D7FF1F9387E70F9C4793551900F7
:10698400858913D73700058B11CB8983858B639752
:10699400B70001452EC6EFF0FFE2B2454E85EF6029
:1069A40090350346C1012A84937519002685EF703A
:1069B400D02931C92685EF609030268511C0014564
:1069C400EF60F05AEF2030278547E31EF5EC83C7CC
:1069D40054001307F00FE388E7EC8507A382F40063
:1069E400D9B5B304690383A70A0BBE9483D7C40142
:1069F400638937015546D28513856400EF50510AE7
:106A040071D1050909BF5DDC5DBF8280EFB28F8360
:106A1400EF60B02511CDC164014417D9FF1F1309DC
:106A240069059309400EFD14EFF0CFD8634AA40022
:106A340017D5FF1F130545E1EFE0004F6FB0CF837B
:106A4400330534038327090B3E958357C5016386B9
:106A5400970023120500EF6090260504F1B797D73D
:106A6400FF1F938727019C478D83858B99EBEFA2AA
:106A74001FFF17D5FF1F130525DDEFE0C04D6FB0D5
:106A84004F808280EFA2BFFD97050000938525B457
:106A940017D5FF1F130545DBEFE0803E6FA07FFE97
:106AA40083C7F5FF2E858507A38FF5FE828083C7F4
:106AB400F5FFFD1793F7F70FA38FF5FE89EBEFA210
:106AC4001FFA1385F5FFEF00E10A6FA09FFB828098
:106AD400EFA2FFF88841050542054181EF00A10EB0
:106AE40009C585472300F50005056FA09FF91C41E2
:106AF400035745008D8FBA951CC12312B5003E85FE
:106B0400828093D78500A2051441DD8D835745000B
:106B14001387E6FF18C189072312F50013D68500F1
:106B24004111238FB6FEA38FC6FE41018280184116
:106B34009307F7FF1CC18357450085072312F5000F
:106B4400A30FB7FE8280835745008D8F2312F50073
:106B54001C41BE950CC12E858280AA8703D74700AD
:106B640008410D8FAA952392E7008CC382801841B7
:106B740008453305A74082808357450003576500C5
:106B84001D8F1C4108453385A7403305A7408280EB
:106B9400EFA2FFEC41112EC62A84EFF0FFFDB245AF
:106BA4006373B50001A0835744000840BE952312C7
:106BB400B4003E9541016FA0DFECEFA25FEA411102
:106BC4002E84B28532C6EFF0BFFC3246A285EF5068
:106BD400816F41016FA0FFEAEFA27FE82E84854513
:106BE400EFF01FFB230085006FA0BFE9EFA23FE792
:106BF40041112317B1008945EFF09FF98347E10064
:106C04002300F5008347F100A300F50041016FA0C4
:106C14005FE7EFA2DFE493D78500A2054111DD8D84
:106C24002317B1008945EFF0BFF68347E100230045
:106C3400F5008347F100A300F50041016FA07FE454
:106C4400EFA2FFE141112EC69145EFF07FF46C00F5
:106C54001146EF50416741016FA0BFE2EFA23FE050
:106C64001397850193D78501C166938606F0D98F62
:106C740013D78500758FD98FA2053707FF00F98DCB
:106C84004111DD8D2EC69145EFF09FF06C00114649
:106C9400EF50616341016FA0DFDEEFA25FDC1C41B6
:106CA400854503C40700EFF01FEA22856FA07FDD4E
:106CB400EFA2FFDA1C414111894503C7070083C7CE
:106CC40017002307E100A307F100EFF0DFE7035506
:106CD400E10041016FA0FFDAEFA27FD81C4141110E
:106CE400894503C7070083C717002307E100A307EB
:106CF400F100EFF05FE58357E100410113D5870010
:106D0400A2075D8D420541816FA0BFD7EFA23FD599
:106D14000C4141112A8411466800EF50C15A914533
:106D24002285EFF05FE2B247C166938606F01397BF
:106D3400870113D58701598D13D78700758F598D16
:106D4400A2073707FF00F98F5D8D41016FA07FD344
:106D54001C45BE950CC18280AE87944391E6584190
:106D640001EF0CC15CC1828003C757001367170091
:106D7400A382E700B687D5B70CC3EDB7AA8708414D
:106D840019CD1841D44398C36313D500D8C32A87B7
:106D9400034657009376160081E62320070082807D
:106DA400944381CA8C4203A847008CC363930601B1
:106DB400CCC3799A14C3A302C7003687D1BF1C453C
:106DC400DC471D8DB777DBB6938777DB0985330501
:106DD400F502420541818280F147B385F5024845B9
:106DE4002E9582808347450085072302F500828023
:106DF400EFA2FFC62A8419E06FA0BFC883474400EE
:106E0400E5DFFD1793F7F70F2302F400F5F71C44B1
:106E140003D7270005072391E700DC4399C32285A4
:106E240082974C4889CD83475400898B99E71C4449
:106E340022859C479C439C478297232A0400004058
:106E4400232004004DBFEFA29FC1835725004111A9
:106E54002EC691E70144228541016FA09FC20357CA
:106E640005008147F146E307F7FEB385D7024045A5
:106E740085072E948345440008C4F5F5B247AA84D7
:106E840081E7232A040009A81C456C0022859C4341
:106E94009C43829748C85DDD85472312F400B247BE
:106EA40023200400231804002319F4005C485CC464
:106EB40083D72400FD172391F40071BFEFA23FBADA
:106EC40097D7FF1F9387479A8843232605002324D7
:106ED40005004105EFE020086FA0BFBAEFA23FB85C
:106EE40017D4FF1F130444981C40411189CF9C47B9
:106EF4002300B5002AC65CC1EFF05FFC1C40DC43F4
:106F040099C33245829741016FA0BFB7034745003B
:106F14001DEB584DAA877D550DCBEFA25FB41CC362
:106F2400DC4797D6FF1F23A1E694F156130507010A
:106F34002390D7009705000093858501EFD0507406
:106F440001456FA01FB47D5582808280EFA23FB1BE
:106F54000111614681452800EFA07FB397D7FF1F39
:106F6400938787909C4328009305F00FDC473EC627
:106F7400EFF0DFF605616FA0DFB097D7FF1F9387AF
:106F8400A78E9C43D847A1679387C7026312F70A69
:106F9400397106DE22DC26DA80004AD84ED652D475
:106FA40056D23285B284EFF05FCFAA892685EFF0FE
:106FB4003FD02318A4FC2685EFF09FCF2319A4FC0F
:106FC4002685EFF0FFCE83D744000A8A231AA4FC57
:106FD400858393F7F70F230EF4FC8607BD0793F719
:106FE400073F3301F1408A8A01498347C4FD636541
:106FF400F902CE85130584FC232C54FDEFF01FEE1B
:107004005281130104FCF2506254D2544259B259D1
:10701400225A925A216182802685EFF07FC9931704
:107024001900D69705092390A7001379F90F75BFA6
:10703400828097D7FF1F938727839C43D847A167F4
:107044009387A7026310F70A397106DE22DC26DA79
:1070540080004AD84ED652D456D23285B284EFF04C
:10706400DFC3AA892685EFF0BFC4FD572318A4FC0B
:1070740026852319F4FCEFF0BFC383D744000A8AA2
:10708400231AA4FC858393F7F70F230EF4FC8607D9
:10709400BD0793F7073F3301F1408A8A01498347CB
:1070A400C4FD6365F902CE85130584FC232C54FDCD
:1070B400EFF0DFE25281130104FCF2506254D25427
:1070C4004259B259225A925A216182802685EFF0A0
:1070D4003FBE93171900D69705092390A70013798B
:1070E400F90F75BF828097C7FF1F9387E7779C438B
:1070F400D847A16789076318F708397106DE22DCCF
:1071040026DA80004AD84ED652D456D232853289F5
:10711400EFF0BFB8AA894A85EFF09FB983574900B9
:107124000A8A2318A4FC858393F7F70F230CF4FC35
:107134008607BD0793F7073F3301F1408A8A8144EC
:10714400834784FD63E5F402CE85130584FC232A7A
:1071540054FDEFF0BFD85281130104FCF250625485
:10716400D2544259B259225A925A216182804A8594
:10717400EFF01FB493971400D69785042390A700CB
:1071840093F4F40F75BF828097C7FF1F9387C76D71
:107194009C43D847A1679387E7046312F70A3971C0
:1071A40006DE22DC26DA80004AD84ED652D456D2E5
:1071B4003285B284EFF07FAEAA892685EFF05FAF07
:1071C4002318A4FC2685EFF0BFAE231AA4FC268561
:1071D400EFF01FAE83D744000A8A2319A4FC8583E9
:1071E40093F7F70F230EF4FC8607BD0793F7073FC9
:1071F4003301F1408A8A01498347C4FD6365F9027A
:10720400CE85130584FC232C54FDEFF03FCD528131
:10721400130104FCF2506254D2544259B259225A16
:10722400925A216182802685EFF09FA89317190056
:10723400D69705092390A7001379F90F75BF8280AB
:1072440097C7FF1F938747629C43D847A1679387DB
:10725400C7046310F70A397106DE22DC26DA8000DF
:107264004AD84ED652D456D23285B284EFF0FFA219
:10727400AA892685EFF0DFA3FD572318A4FC2685F1
:10728400231AF4FCEFF0DFA283D744000A8A2319FF
:10729400A4FC858393F7F70F230EF4FC8607BD0740
:1072A40093F7073F3301F1408A8A01498347C4FDBC
:1072B4006365F902CE85130584FC232C54FDEFF09D
:1072C400FFC15281130104FCF2506254D25442595A
:1072D400B259225A925A216182802685EFF05F9D2D
:1072E40093171900D69705092390A7001379F90F6E
:1072F40075BF828097C7FF1F938707579C43D84762
:10730400A167DD07631BF702EFA26FF57971328580
:107314003284EFF09F982AC62285EFF07F992311DB
:10732400A1022285EFF07F97B2452300A10228082D
:10733400EFF0DFBA45616FA0CFF4828097C7FF1FDB
:10734400938787529C43D847A16793878704631B1D
:10735400F702EFA2CFF0797132853284EFF0FF9318
:107364002AC62285EFF0DF942311A1022285EFF0D3
:10737400DF92B2452300A1022808EFF03FB6456131
:107384006FA02FF0828097C7FF1F9387E74D9C4320
:10739400D847A1679387A704631CF700EFA22FECDB
:1073A400011128008145EFF07FB305616FA06FEDF7
:1073B400828097C7FF1F9387274B9C43D847A167B9
:1073C400938757026311F702EFA26FE90111328527
:1073D400EFF0BF8C2308A10081452800EFF01FB017
:1073E40005616FA00FEA828097C7FF1F9387C74785
:1073F4009C43D847A1679387E702631FF702EFA274
:107404000FE6011132853284EFF09F8AAA84228527
:10741400EFF01F8A854719E52285EFF01F884205A2
:10742400B337A00028008145231891003ECAEFF02D
:10743400FFAA05616FA0EFE4828097C7FF1F9387BF
:10744400A7429C43D8479947631FF704EFA22FE153
:10745400797132853284EFF05F842AC62285EFF099
:107464003F852310A1022285EFF03F832301A1026F
:107474002285EFF09F82A301A1022285EFF0FF8114
:107484002302A1022285EFF05F812313A10222854A
:10749400EFF0BF80B2452314A1022808EFF01FA427
:1074A40045616FA00FDE828097C7FF1F9387C73B9C
:1074B4009C43D847A1679387C703631FF704EFA2D0
:1074C4000FDA797132853284EFF02FFD2AC62285D6
:1074D400EFF00FFE2310A1022285EFF06FFD2311C0
:1074E400A1022285EFF06FFB2302A1022285EFF0B7
:1074F400CFFAA302A1022285EFF02FFA2303A102FF
:107504002285EFF08FF9B245A303A1022808EFF01A
:10751400FF9C45616FA0EFD68280EFA24FD401118A
:107524002A84EFF08FF7AA842285EFF06FF8228582
:10753400EFF00FF8035744008D4763F5E700228509
:10754400EFF00FF72285EFF0AFF62800A685EFF0F5
:10755400FF9805616FA0EFD297C7FF1F9387C730CD
:107564009C43D847A167FD076319F700EFA22FCF0B
:107574003285EFF09FFA6FA0CFD0828097C7FF1FAC
:107584009387872E9C43D847A167E5076311F706C5
:10759400EFA2EFCC797132853284EFF00FF02AC676
:1075A4002285EFF0EFF02285EFF08FF02310A10297
:1075B4002285EFF0EFEF520551812311A1022285BC
:1075C40023020102EFF06FEDA302A1022285EFF086
:1075D400CFEC2303A1022285EFF02FECB245A303E5
:1075E400A1022808EFF09F8F45616FA08FC98280A8
:1075F40097C7FF1F938747279C43D847A167938763
:10760400E7036319F700EFA28FC53285EFF0FFF0AF
:107614006FA02FC7828097C7FF1F9387E7249C43DF
:10762400D847A167938747046314F702EFA22FC3D7
:10763400797132853284EFF04FE62AC62285EFF065
:107644002FE7B2452808EFF07F8945616FA06FC32B
:10765400828097C7FF1F938727219C43D847A16740
:10766400938787026316F702EFA26FBF79713285A1
:107674003284EFF08FE22AC62285EFF00FE2B245A2
:107684002300A1022808EFF07F8545616FA06FBF3A
:107694008280EFA2CFBC0111EFF02FE0AA85280071
:1076A400EFF0DF8305616FA0CFBD97C7FF1F9387FE
:1076B400A71B9C43D847A167D1076319F700EFA222
:1076C4000FBA3285EFF0FFFC6FA0AFBB828097C783
:1076D400FF1F938767199C43D847A167C5076319A0
:1076E400F700EFA2CFB73285EFF0BFFA6FA06FB902
:1076F400828097C7FF1F938727179C43D847A167AA
:10770400B9076319F700EFA28FB53285EFF07FF860
:107714006FA02FB7828097C7FF1F9387E7149C43FE
:10772400D847A167AD076319F700EFA24FB33285BD
:10773400EFF03FF66FA0EFB4828097C7FF1F9387E7
:10774400A7129C43D84789476310F702EFA22FB1D1
:107754000111328532C8EFF04FD4AA852800EFF02A
:10776400EFF705616FA0EFB1828097C7FF1F938782
:10777400A70F9C43D847A1678D076317F702EFA2B1
:107784000FAE011132853284EFF02FD11306610060
:10779400AA844C002285EF20D00C2800A685EFF0A7
:1077A400EFF305616FA0EFAD828097C7FF1F93874A
:1077B400E70B9C4381CBDC4391C7EFA24FAA82978E
:1077C4006FA02FAC8280EFA28FA979713C08AE84A0
:1077D4003ED2A165B7070A002A843ED448103C086B
:1077E400DD053ED636C432C63AC2EFD0DFAF12470B
:1077F4004810BA85EFF04FBE32464810B285EFF01C
:10780400EFBEA2464810B685EFF00FBD50100147F9
:107814008146A6852285EFD09FCD45616FA06FA6D6
:10782400EFA2EFA301117C000329C501AE843ECA77
:10783400A165B70707002A843ECC48087C00C5052B
:107844003ECEEFD05FAA8345D9004808EFF0CFB809
:10785400500801478146A6852285EFD05FC905619E
:107864006FA02FA2EFA2AF9F83C7950093F7F707EE
:10787400A384F500EFF0DFFA6FA0AFA0EFA22F9E74
:1078840079713C08AE843ED2A165B70709002A8409
:107894003ED448103C08938545043ED632C636C4CF
:1078A400EFD07FA4A2464810B685EFF0EFB232467F
:1078B4004810B285EFF08FB3501001478146A6857A
:1078C4002285EFD0DFC245616FA0AF9BEFA22F9955
:1078D40083C7950041112A8493F7F707A384F50021
:1078E40032852EC6EFF0CFBC85672AC4637CF500D1
:1078F400EF5090382246B24509E911478146228566
:10790400EFF07FEC41016FA0CF9701478346F5016B
:10791400FDB7EFA22F9301113C003ECAB7070A003E
:107924003ECC3C003ECE83C79500AA89328593F7AE
:10793400F707A384F5002E84EFF08FB78567637192
:10794400F504A165AA84938585044808EFD0BF99FE
:107954002685EF5070322A891DE591454808EFF0DD
:10796400AFA7A6854808EFF06FA8CA854808EFF0CE
:10797400AFA6014781465008A2854E85EFD03FB798
:1079840005616FA06F8F81454808EFF0EFA40349AC
:107994000902C1BFEFA20F8B79711C103ECAB70751
:1079A4000F003ECC404D1C10AA84AE89480899456E
:1079B40032C636893ECEEFD01F9332464808B28590
:1079C400EFF08FA163040902A5454808EFF04F9C2E
:1079D4002546CA85EF40310F500801478146CE85C0
:1079E4002685EFD0DFB045616FA00F898355C402AF
:1079F4004808EFF0AF9F0355E402814515C1854760
:107A04008545630FF500C167FD179305F00F630902
:107A1400F5007D15EF50006C9305150093F5F50FF7
:107A24004808EFF06F9B834504034808EFF0CF9AB2
:107A3400834514034808EFF02F9A8355240348081C
:107A4400EFF0CF9A835544034808EFF02F9A69B7B3
:107A5400EFA2EF8083C795008146014693F7F707AD
:107A6400A384F500EFF01FF36FA0AF81EF923FFF07
:107A740079713E841C103ECA2E89B7070F00A16598
:107A84003ECCFD051C10AA84480842C03AC23ECE32
:107A940036C432C6EFD03F8532464808B285EFF08F
:107AA400AF93A2464808B685EFF04F9412474808B2
:107AB400BA85EFF0AF930248630408029145480881
:107AC400EFF00F8D1146A285EF40E17F500801478A
:107AD4008146CA852685EFD09FA145616F907FFAC4
:107AE40089454808EFF0CF8A834704002300F50056
:107AF40083471400A300F500D1BFEF92BFF483C7FE
:107B0400950001112A8A93F7F707A384F5003285BB
:107B1400AE8432C6EFF0CF9932462A893285EFF02F
:107B2400CF978567637FF900AA894A85EF50D014FF
:107B34002A8419E9114781464A86A6855285EFF0C1
:107B44009FC805616F905FF39387E9FF93F7F70F81
:107B54000547E368F7FE8347F50195E78947E38224
:107B6400F9FE8346F401528501474A86A685EFF063
:107B74009FC5A167D90748083ECC230A010002CE5D
:107B8400EFF0BFC27DBF639CE7008947639CF900A7
:107B940093071020231FF500EF507012D9B709473F
:107BA400E391E7FC8D47E39EF9FA2285EF50B03369
:107BB40097C7FF1F938787EA9C4399E797C7FF1FDF
:107BC400938787D39C4389C703D50400EF60500390
:107BD400231F04002285C9B7EF927FE801113C00FE
:107BE4003ECAB7070B003ECC3C003ECE83C795008F
:107BF4002A89328593F7F707A384F500AE84EFF062
:107C04002F8B93170501C187635EF004A1652A8455
:107C14009385E5024808EFD00FEDA2854808EFE010
:107C2400FFFC97C7FF1F938727CD9C439DEF01441B
:107C34009375F40F4808EFE03FFA9355844093F5A9
:107C4400F50F4808EFE05FF99355044193F5F50FFC
:107C54004808EFE07FF8014781465008A6854A8529
:107C6400EFD0FF8805616F90DFE1416585460546E9
:107C7400A2857D15EF30D0655DD95105EFD0E021A7
:107C8400130440063344850265B7EF925FDD0111AA
:107C9400B70706003EC683C7950021642A8993F777
:107CA400F707A384F500AE8428009305A4040AC44E
:107CB4000AC8EFD04FE3300001478146A6854A85C4
:107CC400EFD0FF82EFE08FF813049404480822CC2D
:107CD400230A010002CEEFF05FAD05616F907FDAF9
:107CE400EF925FD6C1642A89014497C9FF1F938923
:107CF40069D8130A8002FD14EFE0CFAC6345A400F9
:107D040001456F907FD7B307440303A7C90ABA9705
:107D140003D707006306970083D7270063842701EE
:107D24000504D9BF0545F1BFEF92DFD12A8A2E8918
:107D340099C123A005008149814497CAFF1F938AF2
:107D44002AB3614BEFE04FAE63C5A4004E856F903C
:107D5400BFD23384640383A70A003E94835704008C
:107D640099E763040900232089008504E1BF4146A3
:107D7400D28513054400EF40A15265F9A289F5B7F5
:107D8400EF925FCC39717C083ED4B7070A003ED627
:107D94007C083ED883C795002A8A328593F7F70773
:107DA400A384F5002E8932C6EFE09FF085676373E4
:107DB400F5063246AA843285EFE03FEE8547AA896C
:107DC40063EAA704A165938585042810EFD0AFD199
:107DD4002685EF50606A2A8429E191452810EFE056
:107DE400BFDFA6852810EFE07FE0CE852810EFE006
:107DF400BFDE014781463010CA855285EFD02FEF90
:107E0400A1679387770448183EDC230A010202DE47
:107E1400EFF0BF9921616F903FC681452810EFE0D4
:107E2400BFDBA6852810EFE07FDC97C7FF1F938791
:107E3400E7FA9C4391C7228563870900EFB0600885
:107E44008345040265B7EFB02007DDBFEF929FBF03
:107E540083C795004111AA8993F7F707A384F50016
:107E64003285AE84328AEFE0BFE48567637BF50236
:107E74002A89EF5060602A84914621C18347F50125
:107E840005476383E70291C70D47636EF702AD466A
:107E94002DA09305050303250A004146EF40414008
:107EA4001DE141016F905FBD9305950803250A000C
:107EB4004146EF40E13E814679F94A86A6854E85E2
:107EC400EFF0DF9BF9BF83250A0013059408EF50F8
:107ED400907819C1C146D5B797C7FF1F938707B8D4
:107EE4009C4399E797C7FF1F938707A19C4389C7C2
:107EF4002285EF60C04B79FD8547A30FF4002285EE
:107F0400EF80105C2285EF50805B4E8581464A8667
:107F1400A685EFF0BF96A1679387570448003EC437
:107F24002302010002C6EFF05F88A5BFEF92BFB045
:107F340083C795004111AA8993F7F707A384F50035
:107F440032852E89B28AEFE0BFD685676370F50C5F
:107F5400AA84EF5060522A841DE9416B014A97CBF1
:107F6400FF1F938B2BB1130C400E7D1B19A83304F8
:107F74008A0383A70B0B3E948357C401638D670365
:107F8400050AEFE02F83E344AAFE954639A88357F8
:107F9400C501639297029305050303A50A004146B0
:107FA400EF400130994611E181462686CA854E8507
:107FB400EFF0DF8CA1A883A50A0013050403EF509A
:107FC4009069C1467DF12285231E9400EF80504FB5
:107FD4002285EF50C04E97C7FF1F938727E09C432D
:107FE4008DCB230004022285EFA0905D4E8581464F
:107FF4002686CA85EFF09F88A16793870704480007
:108004003EC42302010002C6EFF02FFA41016F9033
:108014001FA689472300F402D1BF397106DE22DC92
:108024004AD8800052D456D25AD026DA4ED65ECEE2
:108034002E8A32892A8BEFD0FFF406057105419907
:108044008A8A3301A140232224FC231404FCEFD0A8
:108054007FF383479A000605350593F7F707231541
:10806400A4FCA304FA004A85232624FCEFE05FC4A1
:1080740093170501C1876340F0025681130104FC84
:10808400F2506254D2544259B259225A925A025B63
:10809400F24B21618280AA844A85EFE07FC1AA89DC
:1080A4004A85EFE0FFC0A1659385C5022A891305BF
:1080B40044FCEFD04FA32685EFD0CF98854501C966
:1080C4004A86CE85EFD08F92AA8B15ED894513058C
:1080D40044FCEFE07FB0A685130544FCEFE01FB13C
:1080E400CE85130544FCEFE07FB0CA85130544FC3C
:1080F400EFE0DFAF01478146130644FCD2855A8581
:10810400EFD0EFBE9DBF8145130544FCEFE0DFAC2B
:10811400A685130544FCEFE07FADCE85130544FC32
:10812400EFE0DFACCA85130544FCEFE03FAC8144CB
:10813400EFD05FE5E3D0A4FC83A70B0113971400F1
:10814400BA9783D5070089C5130544FCEFE01FAA3D
:108154008504F9BF797106D622D44AD000184ECED0
:1081640052CC56CA26D25AC8AE893289AA8AEFD0CE
:108174007FE10605690541990A8A3301A140232A52
:1081840024FC231C04FCEFD0FFDF83C79900060501
:108194002D0593F7F707231DA4FCA384F9004A8552
:1081A400232E24FCEFE0DFB093170501C187634F52
:1081B400F0005281130104FDB2502254925402592A
:1081C400F249624AD24A424B45618280AA844A8576
:1081D400EFE01FAEA1659385A5022A89130544FD2E
:1081E400EFD06F902685EFD0EF85854519C5CA85F8
:1081F400EFD0CF822A8B0DE98945130544FDEFE0CA
:10820400BF9DA685130544FDEFE05F9ECA85130557
:1082140044FDEFE0BF9D01478146130644FDCE8532
:108224005685EFD0CFAC71B78145130544FDEFE01F
:10823400BF9AA685130544FDEFE05F9BCA8513052D
:1082440044FDEFE0BF9A8144EFD0DFD3E3D5A4FC33
:1082540083270B0113971400BA9783D5070089C5A8
:10826400130544FDEFE09F988504F9BFEF922FFFBB
:1082740083474500404DD5E7FD574DC083469400E4
:108284000947636DD7080346B400854663E8C6080A
:108294008306E40063C406085C45F9562390D700BE
:1082A40097B7FF1F83C7075D99E3A304E40097B75B
:1082B400FF1F938767649C4381E78947A306F40003
:1082C40097C7FF1F938787B19C4381E7894723069C
:1082D400F4009705000093854505AA84130504015D
:1082E400EFC0103AFD57231AF40281471CDC014801
:1082F40097B7FF1F23AC875697B7FF1F938747573E
:10830400232E040304C08043EFD01FD261463306FA
:10831400C50281452285EF908FF781473E856F9096
:108324004FF6FD57E5BFEF928FF32A8403554502BC
:10833400EF50801409E5231E04006F908FF48357D7
:10834400E401E5DF930504FF176501001305450506
:10835400EFB0105FDDB7EF928FF02E89A165411168
:108364009385E5032A8436C432C6BE843AC2EFC07C
:108374009FF712472285BA85EFE01F863246228591
:10838400B285EFE0BF86A2462285B685EFE01F8660
:10839400630D090091452285EFE08FFF1146A68504
:1083A400EF30717241016F90CFED89452285EFE086
:1083B4002FFE83C704002300F50083C71400A30025
:1083C400F500CDB7EF92AFE983C79500444D05475B
:1083D40093F7F707A384F5001C42411183C70700F4
:1083E400636DF7042E842A8985CC03C7D4006309FE
:1083F400F70217B7FF1F13072750184301CFA386AF
:10840400F400EF80F02983C7D40089E741657D1526
:10841400EF30A07383D72403918B99C3EFB0B05E80
:108424004A85A285EFF0CFBFA167C10748003EC4CB
:108434002302010002C6EFF04FB741016F906FE4D1
:10844400EF92EFE103D745008D47AA8441112E84B2
:1084540032892E8563EDE700EFE09F85AA8523002E
:1084640009002685EFC09FDB41016F908FE1EFE0AB
:108474003F842AC62285EFE0BF83B24585472A861A
:108484002300F9002685EFC07FD6F9BF397106DED7
:1084940022DC26DA80004ED652D456D24AD85AD09C
:1084A4005ECEAE89B284AA8AEFD0DFAC060513058E
:1084B400250241990A8A3301A140232224FC231472
:1084C40004FCEFD03FAB83C7990006054D0593F735
:1084D400F7072315A4FCA384F9002685232624FC8E
:1084E400EFE00FFD93170501C1876340F00252814D
:1084F400130104FCF2506254D2544259B259225A24
:10850400925A025BF24B21618280AA8B03AB040076
:10851400EFC05FD335E983D7440001498544F1179F
:1085240093B71700A301F4FC834734FCA165BDC7CE
:108534009385E504130544FCEFC0FFDAA685130513
:1085440044FCEFE06FE9DE85130544FCEFE00FEA3D
:10855400834734FC114691E30946DA85130544FC4C
:10856400EFE0AFE5814463080900416B7D1BEFD068
:108574007FA063C8A40201478146130644FCCE854C
:108584005685EFC0DFF6A5B7A685130634FCEFF0D9
:108594003FEB933415002A89860479B79385C50483
:1085A40051BF8327C90013971400BA9783D50700D6
:1085B40063866501130544FCEFE04FE3850445BF82
:1085C400EF926FC779711C103EC4B7070F003EC607
:1085D4001C103EC883C79500AA8A328593F7F70713
:1085E400A384F500AE893284EFE08FEC9317050184
:1085F400C1876350F0062A8A2285EFE06FEB2A894F
:108604005285032B0400EFC0FFC339E583574400B0
:1086140081440544F11793B71700A303F100834580
:108624007100DA872287CA8652862800EFF0BFD20B
:10863400014781463000CE855685EFC05FEBA167C8
:108644009387D70348083ECC230A810026CEEFF057
:10865400CF9545616F90AFC1A28513067100EFF00D
:108664003FDEAA84094445DD3544E30A55FB4A85C7
:10867400EFF00FE70D4445D50144EFD0BF8F634BB6
:10868400A400C16B0144FD1BEFD0DF8E634EA40038
:10869400154471B7DC4413171400BA9783D7070045
:1086A400638127030504D1BFD84493171400BA97F4
:1086B40003D7070063197701239027012685EF80EC
:1086C40020530144A9BF0504C1B7EF92AFB783C7D4
:1086D400950041112A8A93F7F707A384F5003285A0
:1086E4002E893284EFE0CFDC93170501C187635BE9
:1086F400F004AA892285EFE0AFDB2311A1004E85A7
:10870400832A0400EFC01FB429E183574400854441
:108714000144F11793B71700A300F10003481100B7
:1087240003572100D6875285CE862686CA85EFF068
:10873400EFB3A167F10748003EC42302910022C6AB
:10874400EFF0AF8641016F902FB3A285130611009D
:10875400EFF01FCF2A84894471D183572100116718
:108764008544BA97C2071167C1831307F7EFE3671C
:10877400F7FA97B7FF1F9387672E9C4391C78545E8
:1087840013052100EF401006835521002285814402
:10879400EFC0BFA241D5231005002285EF80E0463B
:1087A400B5BFEF924FA983C7950041112A8B93F768
:1087B400F707A384F50032852E8A3284EFE04FCF89
:1087C40093170501C1876359F004AA8A2285EFE053
:1087D4002FCE2A895685832B0400EFC0BFA621E142
:1087E4008357440081440544F11793B71700A3014C
:1087F400F10003483100DE875A854A87D6862286EF
:10880400D285EFF0AFA6A167ED0748003EC423026E
:10881400810026C6EFE07FF941016F904FA5A28544
:1088240013063100EFF0DFC1AA84094479D19167BE
:10883400CA97C2071167C1831307F7EF0544E36AB8
:10884400F7FACA85EFC07F97014445F58149EFD017
:108854006FF363DBA900984893971900BA9703D77D
:10886400070015E723902701EFD0CFF11544E382E9
:10887400A9F82685EF80603997B7FF1F9387071EF5
:108884009C430144BDD74A85EF40206E9DB78509BE
:108894007DBFEF922F9B79713E847C083EC82E8A5F
:1088A400B7071400A1653ECAE5057C08AA89080833
:1088B40036C4428932C6BA8AC6843ECCEFC0BFA24F
:1088C400CA850808EFE04FB132460808B285EFE0E8
:1088D400EFB1A246630E09029D450808EFE04FABD5
:1088E4001D468145EF90AF9A63870A0691450808B3
:1088F400EFE00FAA1146A685EF30F11C10080147DE
:108904008146D2854E85EFC09FBE45616F90CF965C
:10891400B6850808EFE08FAD1C400808D84393558E
:10892400C701858912075183B205D98DEFE00FACD9
:108934001C40080883C58700EFE00FAA1C40080804
:1089440083C5A700EFE04FA91C40080883C5970022
:10895400EFE08FA851BF89450808EFE06FA383C7F4
:1089640004002300F50083C71400A300F50079B7C1
:10897400EF924F8D83C795004111AA8993F7F707AA
:10898400A384F5003285AE843284EFE06FB293178E
:108994000501C1876357F0042A89032A0400EFC044
:1089A4007F8A19E9835744000548F11793B71700E4
:1089B400A307F100814621A81306F100A285EFF078
:1089C4003FA81DC11C459DC383D6470001480347EA
:1089D400F10093078500D2884A86A6854E85EFF07C
:1089E4005FEB41016F904F890948E9B71D48D9B73A
:1089F400EF924F8565715C083EC4B7077B013EC6A4
:108A04005C083EC883C795002A8A328593F7F70726
:108A1400A384F500AE89EFE04FA88357E100C5C3F6
:108A240089452800EFC03F8C81452800EFE0CF9AAC
:108A3400EFC01F9197B7FF1F9387473A9C4317B422
:108A4400FF1F034424E3AA843334800099C31364CE
:108A5400240097B7FF1F938727EA9C4399C31364A5
:108A6400440097B7FF1F938767FF9C4399C3136420
:108A7400840083D5040028000149EFE02F9783D5B3
:108A840024002800EFE08F9683D544002800EFE00F
:108A9400EF95EFD02FCA93150501C1812800EFE0AF
:108AA400EF94A2852800EFE06F949C44636CF90076
:108AB400014781463000CE855285EFC05FA35961DE
:108AC4006F809FFBDC441314490028003E94EFE0C0
:108AD400AF8A834744000347540089070607BA97BF
:108AE4008607E36EF5FC835524002800814AEFE0F5
:108AF400EF8F834544002800EFE00F8E8345540038
:108B04002800EFE06F8D8347440063C9FA00814A6F
:108B14008347540063CFFA00050941BF1C441397EF
:108B24005A002800BA9783D50700850AEFE00F8C16
:108B3400D9BF032BC40093975A0028003E9B83554A
:108B44002B00850AEFE08F8A83550B002800EFE0A5
:108B5400EF897DBFEF82BFF05C4993E717005CC9E2
:108B6400EF8080316F80FFF1EF827FEF2E848145AB
:108B7400EFF08F9B05C183570500FD172310F50007
:108B840009C4835725002310F400EFF0BFFC01450E
:108B94006F803FEF31456DDC23100400D5BFEF82B9
:108BA4007FEA83C7950041112A8A93F7F707A384C4
:108BB400F50032852E893284EFE08F8F93170501FB
:108BC400C187635EF004AA89C1452285EFD0FFF80E
:108BD4002A8B4E85832A0400EFC0CFE621E5835714
:108BE4004400231101000544F11793B71700A300B3
:108BF400F10081440348110003572100D6875285B0
:108C0400CE862286CA85EFE07FE6A16793871702A6
:108C140048003EC42302810026C6EFE01FB941018B
:108C24006F809FE513061100A285EFF07F81AA846F
:108C340009E523110100094475BF930521005A85F4
:108C4400EFF09FF2835721002A84CDD797B7FF1FF7
:108C54009387C7E09C4391C7854513052100EF40E6
:108C640060388355210026853144EFC00FD559D192
:108C7400231005002685EF7050790144A5BFEF82CB
:108C84001FDE41112E896C00AA8402C6EFF0CF8941
:108C940009CD0357050005072310E500EFF09FEB0E
:108CA40081473E8541016F80DFDD3247954775DBA3
:108CB400CA852685EF203007C147E34405FE3244C8
:108CC400854741462310F40083570900A685130500
:108CD40044002311F400EF30015F2285C1B7EF8215
:108CE4007FD683C795004111AA8A93F7F707A38417
:108CF400F5003285AE893284EFD09FFB93170501CE
:108D0400C187635EF0042A8AC1452285EFD0FFE45F
:108D1400AA845285032B0400EFC0CFD221E58357E8
:108D24004400231101008544F11793B71700A300F1
:108D3400F10001440348110003572100DA875685E6
:108D4400D2862686CE85EFE07FD2A167938707027D
:108D540048003EC42302910022C6EFE01FA5410152
:108D64006F809FD1A28513061100EFF06FED2A8466
:108D740009E523110100894475BF26859305210067
:108D8400EFF0FFEFAA845DF5835521002285EFC043
:108D9400CFC24DF10149EFD0EF9E635DA9001848A1
:108DA40093171900BA9703D707001DE7035721004B
:108DB4002390E700EFD00F9D6302250397B7FF1FB1
:108DC4009387C7C99C4389C703552100EF40E01925
:108DD4002285EF709063B9BF050975BF954499BFAB
:108DE40005C19307F00F630FF500C547630CF50049
:108DF4009307F5FF05453315F5004205418182804F
:108E04000145828041657D158280B9E1EF823FC5CD
:108E1400034506033284EFF0BFFC9305803EB3059F
:108E2400B502C205C18191C90357E402854763F6BF
:108E3400E70013050401EFC080108357E402416783
:108E44007D176385E700FD172317F4026F807FC346
:108E54008280EF825FBE004283C79500444D034980
:108E6400140093F7F707A384F5008347040022094D
:108E740011673369F900A167B347F90041112A8BDF
:108E8400AE8A63ECE70C834724001307C00EB917BE
:108E940093F7F70F6371F70E03473400C14763EC90
:108EA400E70C834744001307E00793C7070863737D
:108EB400F70A8349840083477400A209B3E9F900DF
:108EC400856763F9F908034A6400834754004E85B3
:108ED400220A336AFA00EF40205A45C1239624033C
:108EE400834B3400137AFA00239A340323887403DF
:108EF4002399440393890401631A090023A60402F5
:108F0400239804024E85EFC000051DA003492400E8
:108F14004A85EFF0FFEC2397A402834744004E8573
:108F2400A388F402E3810BFEE30F09FCEFB0D07FCA
:108F3400EF70F07781460146D6855A85EFE09FA50C
:108F4400A167938797033EC423020100480002C629
:108F5400EFE0BF8541016F809FB18544A2862686DC
:108F6400D6855A85EFE01FA3A167938797033EC474
:108F740023029100E1BFBD44D5B79144C5B7EF8248
:108F84007FAC01111C08404D3EC2B7070F003EC420
:108F94001C083EC62A89AE89EFC03FA1585C1C5C00
:108FA400634CB70A6394E50063E8A70A3385A740D6
:108FB400B3B7A700B305B7401306803E81469D8D25
:108FC400EF20113793140501C180A1659385C50372
:108FD4004800EFC04FB181454800EFD0FFBF835533
:108FE40004044800EFD09FC0835524044800EFD008
:108FF400FFBF814599C8C167FD179305F00F6386CC
:10900400F4002685EF40000DAA854800EFD0DFBCB0
:1090140003554404814511C9C167FD179305F00F39
:109024006305F500EF40000BAA854800EFD0DFBAD6
:10903400834564044800EFD03FBA83457404480074
:10904400EFD09FB9500001478146CE854A85EFC0D5
:109054000FCA05616F805FA2814485BFEF823FA084
:1090640083C7950093F7F707A384F500EFF03FF16A
:109074006F803FA1EF821F9D83C795004111404D32
:1090840093F7F707A384F5002A8A3285B284AE8960
:10909400EFD01FC22A8B2685EFD09FC12A8926854F
:1090A400EFD0BFBF93170B0163CA0702E177CA97DA
:1090B400C207C183116763E3E70293070910C2077C
:1090C400C1831307B00F637BF70093170901C187AE
:1090D400AA8A6348F000C54763FA570141016F80CB
:1090E400BF99EFC0AF88E31B25FFF5B763060B02FA
:1090F40063040902814463870A02B7077F002310CF
:109104006405231124057CC05685EFF07FCD9304BC
:10911400803EB304950239A0B7077F0023200404DE
:109124007CC0814403552404EFB0100C95CCEFC0EF
:10913400DF87269593D7F44133379500AE97BA97D6
:1091440008DC5CDCCE855285EFF07FE399E02322D6
:109154000404A1679387B70348003EC423020100B7
:1091640002C6EFE08FE49DBF814701481CDC232E3B
:109174000403C9BFEF82BF8EEFC01FEBE147330585
:10918400F5029145EF303077E55711C597A7FF1FDA
:1091940023A0A76E81473E856F80BF8E854717A7A2
:1091A400FF1F2309F76C8280EF827F8B97A7FF1F35
:1091B4009387C76B80432DC083570404639EA70421
:1091C40083572404639AB7043689B284EFC0EFFD51
:1091D4005C5C63C3B7046395B7001C5C63EEA702D1
:1091E4008347640463F3F400A6872303F4048347EA
:1091F400740463F39700A687A303F4048357440419
:1092040041677D176385E70085072312F4043C4416
:1092140081C7CA85268582976F80BF8697A7FF1F5F
:109224009387C7649C43014599C303C58700828023
:10923400EF82FF820111B70707003EC683C795007E
:10924400584D0AC493F7F7070AC8A384F5002A897E
:10925400AE8401CB1C4283C707002304F700EF70E0
:1092640030442164930554022800EFC0CF87EFF007
:10927400FFFAAA852800EFD03F96300001478146C7
:10928400A6854A85EFC0AFA613044402480822CC41
:10929400230A010002CEEFE04FD105616F806FFE1B
:1092A400EF82EFFB01117C003ECAB70707003ECCFA
:1092B4007C003ECE83C795002E84AA8493F7F707DB
:1092C400A384F500A165938555024808EFC0AF81DA
:1092D400EFF0DFF4AA854808EFD01F90500801474B
:1092E4008146A2852685EFC08FA005616F806FF946
:1092F40097A7FF1F938787579C43094599C303C5C5
:109304009700828097A7FF1F938747569C43094580
:1093140099C303C5D700828097A7FF1F938707557A
:109324009C43014599C303C5A7008280EF828FF156
:109334000111B70708003EC683C79500404D0AC413
:1093440093F7F7070AC8A384F5002A89AE8429C0D5
:109354001442854703C7060063EEE706834794007B
:1093640009468149638EC700B307F740A304E400AC
:10937400B339F00083C716002305F400EF705032B0
:1093840003572403058B09C763840900EFA0B06762
:109394002164930584022800EFB0FFF4EFF05FF539
:1093A400AA852800EFD05F83EFF01FF7AA85280075
:1093B400EFD09F82014781463000A6854A85EFC0E1
:1093C4000F9313047402480822CC230A010002CE2E
:1093D400EFE0AFBD05616F802FEAEF824FE8011126
:1093E4007C003ECAB70708003ECC7C003ECE83C753
:1093F40095002E84AA8493F7F707A384F500A1654A
:10940400938585024808EFB01FEEEFF07FEEAA8542
:109414004808EFD06FFCEFF03FF0AA854808EFD082
:10942400AFFB500801478146A2852685EFC02F8CEB
:1094340005616F800FE597A7FF1F938727439C4320
:10944400014599C303C5B7008280EF824FE1011142
:10945400B70707003EC683C79500404D0AC493F77B
:10946400F7070AC8A384F5002A89AE8405C41C4200
:10947400054783C70700636AF7040347B400630B17
:10948400F700A305F400EF70B0218347B400A9C32B
:10949400EFD0CFD721649305B4002800EFB0BFE428
:1094A400EFF07FF9AA852800EFD00FF3014781463A
:1094B4003000A6854A85EFC08F832904480822CC52
:1094C400230A010002CEEFE04FAE05616F806FDB2F
:1094D400EFD0EFD8C1B7EF828FD801117C003ECA1C
:1094E400B70707003ECC7C003ECE83C795002E8490
:1094F400AA8493F7F707A384F500A165AD0548088E
:10950400EFB07FDEEFF03FF3AA854808EFD0CFEC51
:10951400500801478146A2852685EFB05FFD0561AD
:109524006F802FD697A7FF1F938747349C43094525
:1095340099C303C5C7008280EF826FD201117C00FA
:10954400AE843ECAA165B70707002A843ECCD10584
:109554007C0048083ECEEFB01FD9EFF0BFFCAA85CF
:109564004808EFD06FE7500801478146A685228559
:10957400EFB0FFF705616F80CFD0EF824FCE83C786
:10958400950093F7F707A384F500EFF0FFFA6F80D7
:109594004FCFEF822FCB83C795000329C50141111B
:1095A40093F7F707A384F5001C4283C90700854796
:1095B40063EC370597B7FF1F938747829C432E843C
:1095C400AA8495C7EFF01FF689476302F50263008A
:1095D40009028347C900638C370123063901EF7000
:1095E400300C83572903898B99C3EFA0D04126857A
:1095F400A285EFF07FF4A167CD0748003EC42302A3
:10960400010002C6EFE06F9A41016F80EFC697A791
:10961400FF1F9387A7259C431D4599C303C5E700F6
:109624008280EF82CFC30111B70707003EC683C70C
:109634009500584D0AC493F7F7070AC8A384F500A8
:109644002A89AE8405C71C4283C707009396870105
:10965400E18663C8060485466385D7048346E7002C
:109664006386F6002307F700EF70900321649305E7
:10967400E4002800EFB03FC7EFF07FF9AA85280087
:10968400EFD08FD5014781463000A6854A85EFB0DB
:109694001FE63504480822CC230A010002CEEFE07D
:1096A400CF9005616F80EFBDEF826FBB01117C002D
:1096B4003ECAB70707003ECC7C003ECE83C7950068
:1096C4002E84AA8493F7F707A384F500A165B9054E
:1096D4004808EFB05FC1EFF09FF3AA854808EFD0C8
:1096E400AFCF500801478146A2852685EFB03FE001
:1096F40005616F800FB9EF82EFB4AA84014417A902
:10970400FF1F1309E916E149EFC01F926344A40047
:10971400014519A833053403832709003E9583576F
:1097240025006395970011056F800FB50504E9BF07
:10973400032E850063040E1017A3FF1F13030332C7
:1097440003230300631503002943639A060E0323CE
:109754004E01631503001D436393070EEF82AFAD03
:10976400C689428A3E89BA8AB684328BAE8B2A84F1
:10977400A1E903554E0009E501431A856F802FAF17
:10978400A167A98F116763F7E700EFF0DFF6814562
:10979400EFF08FBD0844B70700E05841F98F184532
:1097A4005CC1B707001FF98F1CC55C4981C76105FF
:1097B400EFB0607AE38209FC2285EF70C06C6DBF64
:1097C4003285EFA0E05E0D434DD91C44116703D5EB
:1097D4004700A167A98F63F7E700EFF0DFF1814548
:1097E400EFF08FB80323840093164B01D182834793
:1097F400B300035663008588FD8BA305F300FD7752
:109804007D8E558EFD76FD16B204F18E83274301BD
:10981400C58E231273012313D3002304530123059C
:109824002301A3044301D9D72285EFB09FC0AA85A1
:109834000844B5DD6105EFB08070ADBF1D431A85E6
:109844008280EF822FA00569AA84AE89328A0144FE
:10985400FD5A7D19EFC00FF26345A40001456F80E6
:10986400AFA1D84493171400BA9703D70700631B1A
:1098740037032390570163050A002685EF704037AC
:109884009C448DC383D76700B3F72701639C3701DA
:10989400D288014881470147814601468145268592
:1098A400EFF01FE905047DB7EF82CF9979711C10A1
:1098B4003EC4B7070F003EC61C103EC883C79500C0
:1098C400AA8A328593F7F707A384F5002E89328498
:1098D400EFD00FBE93170501C1876350F006AA8924
:1098E4002285EFD0EFBC2A8A4E85032B0400EFB00B
:1098F4007F9539E58357440081440544F11793B7B4
:109904001700A303F10083457100DA872287D2860A
:109914004E862800EFE03FA4014781463000CA8507
:109924005685EFB0DFBCA1679387F70348083ECCA8
:10993400230A810026CEEFD05FE745616F80CF9385
:10994400A28513067100EFE0BFAFAA84094445DD88
:109954005285EFE0EFB80D445DD50546D2852685E6
:10996400EFF03FEE2A8445B7EF826F8F83550700EF
:109974000346270041112A842E8532C62EC4EFE007
:109984002FB611C53246A2452285EFF09FEB410167
:109994006F802F8FEF822F8A83C795004111AA8A87
:1099A40093F7F707A384F5003285AE893284EFD0AC
:1099B4002FB093170501C1876357F008C1452A8A60
:1099C4002285EFD08F992A8D2285EFD06FAE2A8918
:1099D4002285EFD08FAC930705F893F7F70F1307A1
:1099E400E007AA8B6371F7062285EFD00FAB2A8CB0
:1099F4002285EFD08FAAAA8C5285032B0400EFB0E6
:109A04007F8429E583574400231101008144F11721
:109A140093B71700A300F1000544034711008356D0
:109A24002100938784005685DA8822885286CE8561
:109A3400EFE03FE6A167E90748003EC42302810046
:109A440026C6EFD09FD641016F806F8213061100A6
:109A5400A285EFE0FF9EAA8409E5231101000944D1
:109A64006DBF930521006A85EFF06FA12A8455F537
:109A7400835521009356C900131649018548668809
:109A8400E2875E87858A51822685EFF07FCA2A8421
:109A940069B7EF725FFA83C7950041112A8B93F778
:109AA400F707A384F5003285AE893284EFD04FA046
:109AB40093170501C1876352F0082A8A2285EFD0E3
:109AC4002F9FAA8A2285EFD0AF9E2A892285EFD0C4
:109AD400CF9C930705F893F7F70F1307E0072A8C39
:109AE400637DF7042285EFD04F9BAA8C2285EFD0AB
:109AF400CF9A2A8D5285832B0400EFB0AFF429E16D
:109B04008357440085440144F11793B71700A30118
:109B1400F10003473100930784005A85DE882688C4
:109B2400D6865286CE85EFE0DFD68D4748003EC408
:109B34002302910022C6EFD05FC741016F703FF34B
:109B4400A28513063100EFE0BF8F2A84894471D1C6
:109B54009356C9001316490185486A88E6876287C7
:109B6400858A5182D685EFF0BFBCAA845DB7EF72B7
:109B74007FED2A8981440144617A916A17ABFF1F02
:109B8400130BCBEDEFC00FC063C5A40022856F702B
:109B9400BFEE8327090093991400CE9703D50700DD
:109BA40033074501420741836362570311CD0327FD
:109BB4000B0009C785453E85EF30C0428327090065
:109BC4000504CE972390070085046DBFEFF0BFB264
:109BD400832709000504CE972390070075D5814596
:109BE400EFE09FF8D5B7EF72FFE583C79500411109
:109BF4002A8A93F7F707A384F50032852E893284E5
:109C0400EFD00F8B93170501C1876354F004AA8921
:109C1400832A0400EFB00FE321E183574400854415
:109C24000144F11793B71700A301F1000348310071
:109C3400D68752850147CE862686CA85EFD01FE394
:109C4400A167F50748003EC42302910022C6EFD065
:109C5400DFB541016F705FE2A28513063100EFE0CA
:109C64002FFE2A84894479D197A7FF1F938707DFA2
:109C74009C4381CB0449EFC0EFB0AA852685EF3021
:109C8400603613050401EFF09FEE2285EF60F07754
:109C9400814469BFEF723FDA83C795004111AA8AF4
:109CA40093F7F707A384F5003285AE893284231134
:109CB4000100EFC0FFFF93170501C187635CF00447
:109CC4002A8AC1452285EFC05FE9AA8B5285032BFE
:109CD4000400EFB02FD731E1835744008544014499
:109CE400F11793B71700A300F100034811000357BD
:109CF4002100DA875685D2862686CE85EFD01FD7F7
:109D0400A1679387270248003EC42302910022C61C
:109D1400EFD0BFA941016F709FD5A2851306110032
:109D2400EFE00FF22A84894469D197A7FF1F938734
:109D3400E7D298433E8901CB0449EFC0AFA4AA857A
:109D44002685EF30202A13050401EFF05FE2EFC00F
:109D54006FA3954459D9930521005E85EFE03FF246
:109D6400AA8441F51C480357210022852390E7006B
:109D7400EF60B06983270900ADDB03552100EF30A4
:109D8400C01EA5B7EF723FCB83C795004111AA8AC5
:109D940093F7F707A384F5003285AE893284EFC0C8
:109DA4003FF193170501C1876359F0042A8A22857C
:109DB400EFC01FF02A895285032B0400EFB08FC82F
:109DC40021E18357440085440144F11793B71700F8
:109DD400A301F10003483100DA8756854A87D28609
:109DE4002686CE85EFD09FC8A167F90748003EC4F8
:109DF4002302910022C6EFD05F9B41016F703FC7E1
:109E0400A28513063100EFE0AFE32A84894479D1B7
:109E14009167CA97C2071167C1831307F7EF854497
:109E2400E36AF7FA97A7FF1F938747C39843BE8B4C
:109E340001CB0449EFC00F95AA852685EF30801A1F
:109E440013050401EFF0BFD2EFC0CF93954459D16D
:109E54001C482285814423902701EF60105B83A76F
:109E64000B00ADDB4A85EF304010ADB7EF723FBF5A
:109E74002A844105B284EFF09FCF01C52285EF60AB
:109E8400D05881460146A6852285EF70200A1C4CD5
:109E940089C7DC4799C3228582976F709FBE97A7B5
:109EA400FF1F9387A79C9C43014599C31385070112
:109EB400828097A7FF1F9387679B88438280EF72F6
:109EC4001FBA9317C600DD8DC2054111C1812A84D2
:109ED40032C6EFC0BFD13246228511829375F60F88
:109EE400EFC09FCF41016F70DFB9EF72BFB57971D9
:109EF4003C083ED2B7070C003ED43C083ED683C78C
:109F04009500AE842A8993F7F707A384F500A16529
:109F1400938535044810EFB00FBDC165FD150144AC
:109F240017AAFF1F130A0AB5930A400EAE892E8B97
:109F34002EC6EFC02F884205931704014181C183C7
:109F4400B24563E3A702C167FD176385F5004810B6
:109F5400EFC0DFC9501001478146A6854A85EFB09E
:109F64000FD945616F705FB13307540383270A0B20
:109F7400BA9703D6C70163083601638835014810D0
:109F8400EFF0FFF3DA85050465B7B285EDBFEF7234
:109F94009FAA79717C083EC8B70711003ECA7C08A5
:109FA4003ECC83C79500AA89328593F7F707A3842B
:109FB400F5002E89EFC0DFCF8567637EF502A165CA
:109FC400AA8489050808EFB00FB22685EF30C04A8D
:109FD400133415000A04A2850808EFC0FFBFA68544
:109FE4000808EFC0BFC035C0014781461008CA85C4
:109FF4004E85EFB0CFCF45616F707FA7B307540391
:10A004000327CA0ABA9703D70700631A970003D62F
:10A014002700638A65030808EFF07FEADE850504FC
:10A024002EC6EFB03FFA4205931704014181C18364
:10A03400B245E3E5A7FCC167FD17E387F5FA080815
:10A04400EFC0DFBA55B7B285D9BFC165FD1501446C
:10A0540017AAFF1F130A0AA2930A80022E8BAE8B43
:10A06400C1B7EF72DF9F184183471700834607008B
:10A07400A207D58FD207D1832390F5008347270009
:10A08400034717008D45A207D98F91832310F6004B
:10A09400EFC07FAB6F70FF9EEF72DF9AC164014423
:10A0A40017A9FF1F1309099D93098002FD14EFB03E
:10A0B4007FF16345A40001456F701F9C3305340391
:10A0C4008327C90A3E9583570500E38797FE050455
:10A0D400F9BFEF723F972A8AAE89B284B68AEF300D
:10A0E400A03909E591473E856F701F992A894E85ED
:10A0F400EF90104C2A84638A0A048D476DD5035768
:10A104000500C547E31147FF0347F9018546AD47FD
:10A11400E31BD7FC8347450091CB4146A6855D05EB
:10A12400EF200118814761D1AD4775BF130965015F
:10A134002302E500CA852685EF10802B15CDA5479F
:10A14400E3830AFA2302040079BF11CD8357050083
:10A15400E39A47F94146A6851905EF206114814722
:10A1640059D1994749B74E85EFF01FF32A84954793
:10A174003DD9130955007DBF4146A68523104401EE
:10A184002311340113051900EF20E1132285EF6038
:10A19400103B814789BFEF729F8C79717C003ECC64
:10A1A400B7070A003ECE7C003ED083C79500B28438
:10A1B4002E8493F7F707A384F5001306A1002A89D8
:10A1C4002C002685EFF0FFE9A16528088D05EFB086
:10A1D4008F9190408355A100035581008546EFF08F
:10A1E4005FEFAA84AA852808EFC01F9F0356A10029
:10A1F400835581002808EFF09FCC30080147814641
:10A20400A2854A85EFB0AFAE854748103ED42302FD
:10A21400910202D6EFD06FD945616F709F86EF72BD
:10A224001F8479717C003ECCB7070A003ECE7C00C7
:10A234003ED083C79500B2842E8493F7F707A38496
:10A24400F5001306A1002A892C002685EFF07FE192
:10A25400A16528088D05EFB00F8990408355A100B2
:10A26400035581008146EFF0DFE6AA84AA85280819
:10A27400EFC09F960356A100835581002808EFF094
:10A284001FC4300801478146A2854A85EFB02FA636
:10A2940048102302910202D402D6EFD00FD14561B7
:10A2A4006F702FFE9797FF1F9387875C8843828088
:10A2B400EF72EFFA835725004111AE842A842307F5
:10A2C400B10017F5FFFF1305656A6C002316F10052
:10A2D400EFB0AFDB81C42285EF60D02CFD57231093
:10A2E400F40013062002814513055400EF702FFA81
:10A2F40041016F700FF9EF72EFF479717C003ECC7D
:10A30400B7070A003ECE7C003ED083C79500AA89D9
:10A31400AE8493F7F7073285A384F5001306A100F2
:10A324002C00EFF01FD4035581001144EF30C0140A
:10A3340015C10355A1000144EF90902701CD0357A7
:10A3440005008357810045446316F7008545EFF007
:10A354003FF601442169930539002808EFA0BFF8AE
:10A36400A2852808EFC05F870356A10083558100AA
:10A374002808EFF0DFB4300801478146A6854E85F2
:10A38400EFB0EF9648104AD42302810202D6EFD0F0
:10A39400CFC145616F704FEEEF72CFEA9797FF1F01
:10A3A4009387C74C2A8488432E8915C103574503D4
:10A3B4008357C401631DF7002326050223180502F1
:10A3C4004105EFA0503963040900EF60502E814429
:10A3D4009799FF1F9389096A130A8002EFB09FBE01
:10A3E40063CCA4029797FF1F938707519C4389C7A7
:10A3F4000355C401EF106075630509002285EF6001
:10A4040070021306400E81452285EF704FE8FD5718
:10A41400231EF4006F704FE63385440383A7C90AF3
:10A424003E95035705008357C4016315F700CA8599
:10A43400EFF01FE885045DB7EF72CFE083C79500A6
:10A444004111AA8993F7F707A384F5003285AE84F6
:10A45400EFC01F8685676370F5042A89EF30C00159
:10A46400014411C983D7040031446386270185451B
:10A47400EFF09FF201444E85A2864A86A685EFD06E
:10A48400EFBFA1679387170448003EC423028100ED
:10A4940002C6EFD08FB141016F700FDEEF728FDA19
:10A4A4009797FF1F9387873C80431DCC0145EFA0FE
:10A4B400A05381470148C1641CDC232E04032320DC
:10A4C40004041799FF1F1309E95A01449309400E24
:10A4D400FD14EFB03FAE634BA400814517050000A7
:10A4E40013050599EFB06FBA6F700FD933053403B4
:10A4F4008327090B3E958357C501638597008545DE
:10A50400EFF09FE90504F1B79357050113D78700CE
:10A51400A380F50093170501C183A1832380E5007F
:10A524002381F500A381A5008280EF724FD323001D
:10A53400050083C71500A300F50083C72500230188
:10A54400F50083C73500A301F50083C74500230246
:10A55400F50083C75500A302F50083C76500930582
:10A564009500A30305002303F500230405003285A9
:10A57400EFF09FF96F70EFD0EF72CFCC4111E95437
:10A584001DC595C593F9C5FF2E842A89AA84338AEB
:10A59400A90063129A020D88854411C8EFC0100DFA
:10A5A4002AC622866C0033053901EF10D151268565
:10A5B40041016F706FCCEFC0700B93170501C1831D
:10A5C400A183A380F400935705012381F400A183A0
:10A5D4002380A400A381F400910465BF63E0D50245
:10A5E400EF72EFC7B28741113686BE8536C6EF10CB
:10A5F400914DB246410136856F70AFC881463685AC
:10A604008280EF72CFC5EF708FC86F708FC783875A
:10A6140005001387F5003D05FD8793F7770883460A
:10A6240007007D158606B58FA300F5006307B70004
:10A634007D17834717009D83DDB78280EF722FC299
:10A64400B2872A863E85EFE0601D133515006F70D2
:10A654004FC301CD814799C9EF726FC04146EF10D6
:10A66400914685473E856F70CFC181473E85828084
:10A674001DC5EF72CFBE414681452A84EF702FC1BC
:10A684004146814513050403EF706FC00147C1675C
:10A694002322040438C87CC805456F708FBE014569
:10A6A4008280814729CDA1CDEF726FBBB2842E8900
:10A6B4001306800581452A84EF706FBDCA8524C4C2
:10A6C4002685EFF01FF9414681452285EF702FBCA6
:10A6D4003044A2852285EFF07FF693040401A2851D
:10A6E4002685EFF0DFF2A68513050402EFF03FF2B2
:10A6F4002285EFF0FFF785473E856F708FB83E8562
:10A704008280EF722FB44111E9541DC595C593F9A8
:10A71400C5FF2E842A89AA84338AA900639244033C
:10A724000D88814411C8EFC060742AC622866C006B
:10A7340033053901EF103139268541016F70CFB3EC
:10A74400EFC0C07293170501C183A183A380F400F5
:10A75400935705012381F400A1832380A400A381DE
:10A76400F400910465BF71CDEF72CFADB28401E600
:10A7740005456F706FB02A842E890145FDD93C4888
:10A784007848B3E6E700F5D69386F7FFB3B7F6004B
:10A794007D17032A4404BA9734C87CC8630F0A049B
:10A7A400C14913050A03B38949412295637B3601E4
:10A7B400B2862E86A685EFF07FE27C40BE9464C00C
:10A7C40045BFCE862E86CE85EFF05FE1C114D294CC
:10A7D4004E9923220404A2879306040103C70700A9
:10A7E40003C607038507318FA38FE7FEE398F6FEC0
:10A7F4003044A2852285EFF07FE42699C1493306CF
:10A80400994063EA9900ADD4A686A685130504038E
:10A81400EFF0DFDC6DB78147B306F4003307F600D1
:10A824000347070083C5060085072D8F2380E600B4
:10A83400E39437FF3044A2852285EFF03FE0C11452
:10A844007DBF0145828019C9EF726FA1130680058F
:10A854008145EF70CFA305456F70AFA2014582809B
:10A8640081473DC9B5C9EF728F9FFC4141462E8493
:10A87400AA846393C70413860501A2878146C14550
:10A8840003C7070003C507038507298F3305D600CF
:10A89400034505008506298FA38FE7FEE392B6FEE4
:10A8A4003044A2852685EFF07FD92285EFF0BFF9E9
:10A8B40085473E856F70EF9C138507031D8E814588
:10A8C4002295EF70CF9C7C40130700F81306040216
:10A8D400A2972388E70255B73E858280EF722F98AE
:10A8E4006D712E84B284AA85901028003689EFF009
:10A8F4005FDB19E9D55705A050400C402800EFF064
:10A904009FE66DD9FD142104E5F82C004A85EFF08B
:10A914003FF5814765D13E8551616F708F96EF7227
:10A924000F9441112EC432C62C000546EFF01FFBD4
:10A9340041016F700F95EF728F9201112A842EC618
:10A9440002C802CA02CC02CEEF107139B2462A867E
:10A95400A2850808EFF0BFFC1375F50F05616F7051
:10A964004F92EF72CF8F7971B2872A8421462308E0
:10A97400B10013051101BE853AC436C6EF10B114F7
:10A98400B246930591013685EFF01FB82285141065
:10A9940035460C08EFF0BFF82A84224711E521461A
:10A9A4000C103A85EF103112228545616F706F8D5E
:10A9B400EF72EF8A7171AE84AA850A853284EFF052
:10A9C4005FC901C90A86A6852285EFF03FC7814782
:10A9D40011E1C5473E854D616F70AF8AEF722F85D7
:10A9E4001D712A8AB289BE84354685471305110133
:10A9F4002E8CB68A3A8BC28C468D2308F100EF1058
:10AA0400910C10100C085285231F0100EFF05FFA1F
:10AA14002A842DE9A147631BFD069307900591E065
:10AA2400E5473546E2851305110113990A01230808
:10AA3400F10013590901EF10110913578900939775
:10AA44008A00D98F90080C085285231FF100EFF07B
:10AA54003FF62A8405E9A1E09387FA0091831379EC
:10AA6400F9003EC6631309004149668B8144C14B1A
:10AA7400854DB2476397970C6A868C0033855C01D9
:10AA8400EF107104228525616F603FFE93079004E7
:10AA9400C9F8A54779B7834701050947C14B23087E
:10AAA400F10083471105A58FA308F10093872400C3
:10AAB400814463EFFB02014714083386E6008C08E7
:10AAC400B386E400BA95DA9683C6060083C505000A
:10AAD4000507AD8E2300D600E390E7FE4147639857
:10AAE400E70490080C085285EFF09FEC35D535A8A3
:10AAF400B3069B00BA871008B305F60090083E968B
:10AB040003C506000346060085078506298E2380B3
:10AB1400C500E39277FF998F90080C085285BE9484
:10AB2400EFF01FE98947014749D52A84A1BF90085E
:10AB34003E96034606001408BE962380C600850789
:10AB440079BFB2478504638B971281471808B3060F
:10AB5400F70098083E973386F90003470700034639
:10AB640006008507318F2380E600E39177FF900884
:10AB74000C085285EFF0DFE34DF93546E285130505
:10AB840011012308B101EF100174139704014183EB
:10AB9400939784002183D98F10180C085285231FA2
:10ABA400F100EFF0FFE051F1814710183387F9000D
:10ABB4003E960347070003460600B306FB008507DD
:10ABC400318F2380E600E39277FF75A01808B3065F
:10ABD400F70098083E973386F900034707000346B9
:10ABE40006008507318F2380E600E3E127FFCA874B
:10ABF4006398770990080C085285EFF07FDB15F510
:10AC040081479800B306F700900818103E973E96C7
:10AC140003470700034606008507318F2380E600BB
:10AC2400E39177FF3546E285130511012308B1014D
:10AC3400EF10616913970401418393978400218382
:10AC4400D98F10180C085285231FF100EFF05FD63E
:10AC5400E31D05EC814710183387F9003E9603473E
:10AC6400070003460600B306FB008507318F2380E7
:10AC7400E600E3E227FFC109410BE5BB8147B5B715
:10AC84009408BE9683C6060018083E972300D70092
:10AC94008507B9BF638E062CEF627FD959712A8468
:10ACA400BE89B28B85473546130511022E8B468C1F
:10ACB4004289BA8A368A2300F102EF10C160101863
:10ACC4000C10228523170102EFF09FCE631E05109E
:10ACD400A1476319FC069307900563930900E547B0
:10ACE4003546DA851305110293140A012300F10293
:10ACF400C180EF10415D93178A0013D78400D98F68
:10AD040090080C1022852317F102EFF07FCA69ED39
:10AD1400639009049307FA00BD88918391E0C144CC
:10AD2400C207C183DE8C814A3EC6414DB24763EA05
:10AD3400FA0C6286B3854B018810EF1061564DC53D
:10AD44003D555DA093079004E39C09F8A54749BFCE
:10AD5400834701050947C14C2300F10283471105CC
:10AD6400B3C7F900A300F10293872900814963EF77
:10AD7400FC02814618103306D7008C083387D900AB
:10AD8400B69556970347070083C5050085062D8FA2
:10AD94002300E600E390D7FE4147639AE704900856
:10ADA4000C102285EFF0DFC035D53DA8B3863A01FB
:10ADB400BA871010B305F60090083E9603C5060046
:10ADC4000346060085078506298E2380C500E39285
:10ADD40097FF3387EC4090080C102285BA99EFF066
:10ADE4003FBD8947014741D565616F601FC8900821
:10ADF4003E96034606001410BE962380C6008507BF
:10AE040069BFB247850A93990A01939D8A0093D931
:10AE140009016399570D85473546DA8513051102F3
:10AE24002300F10293D98900EF10E149B3ED3D010C
:10AE340090000C1022852317B103EFF07FB74DF576
:10AE44008147A68963E6970626860C084A85EF1093
:10AE5400814781471810B306F700100898083E97F9
:10AE64003E9603470700034606008507318F23807B
:10AE7400E600E3E197FE639DA90590080C10228586
:10AE8400EFF01FB335F181479810B306F70090082F
:10AE940018183E973E9603470700034606008507A9
:10AEA400318F2380E600E391A7FF4109C10CBDBDAA
:10AEB40018089000B306F7003E963387FC0003475A
:10AEC4000700034606008507318F2380E60095BFFF
:10AED40098084E97034707001C10CE972380E7007D
:10AEE400850951BF85473546DA85130511022300CC
:10AEF400F10293D98900EF10013DB3ED3D019000BB
:10AF04000C1022852317B103EFF09FAAE31E05EC72
:10AF1400814718089000B306F7003E963387FC007B
:10AF240003470700034606008507318F2380E600A8
:10AF3400E391A7FF41460C084A85EF10C1388147C9
:10AF44001810B306F700100898083E973E9603477A
:10AF54000700034606008507318F2380E600E3914E
:10AF6400A7FF90080C102285EFF09FA41DDDADBD56
:10AF74007D558280EF62BFAE01112A842E85930530
:10AF84005100328902C002C202C402C69304740092
:10AF9400EFF08FD71D46A68513059100EF10A1325F
:10AFA40010088A854A85EFF0BFA019ED93071400B5
:10AFB400180883C607000346070085070507B18EF6
:10AFC400A38FD7FEE397F4FE05616F609FABEF623A
:10AFD4007FA72E848C414111AA8983871500328969
:10AFE400914463D30700A1449797FF1F938707DF1A
:10AFF4009C43B1C3B5CE8D472310F10083C7250010
:10B004004A852301F10083C73500A301F10083C7FA
:10B0140045002302F10083C75500A302F10083C752
:10B02400650093059100A30301002303F1002304A9
:10B034000100EFF06FCD0C404A860A85EFF0EFCEA9
:10B044000328040083564400A6881D08814701474D
:10B05400E51642868A854E85EFF05F982A8909E5D0
:10B06400A6852285EFB0DFB24A8541016F60DFA07B
:10B074004A860A85EFF06FCB7DBFEF62BF9C2E84BA
:10B084008C414111AA89838715003289914463D385
:10B094000700A1449797FF1F938747D49C43B1C3EC
:10B0A400A5CE8D472310F10083C725004A852301CF
:10B0B400F10083C73500A301F10083C745002302D3
:10B0C400F10083C75500A302F10083C7650093050F
:10B0D4009100A30301002303F10023040100EFF016
:10B0E400AFC20C404A860A85EFF02FC48356440051
:10B0F400032804008A85858EC2061D08C182231296
:10B10400D400A68881470147E51642864E85EFF0B4
:10B114007FB841016F605F964A860A85EFF0EFC001
:10B12400C9B7EF62DF93B335B000011185052A89F1
:10B134001315F601336515012308B10093051101B8
:10B1440036843AC632C03EC442C2EFF0EFBBA247D7
:10B154001248425593D68700230BF10093059101C1
:10B1640093578800A30AD100A30BF100230C01011B
:10B17400EFF08FB93247024603280400B337E000EA
:10B18400835644009207914411C2A1444A85A6887B
:10B1940042860C08EFF09F842A8909E5A68522855A
:10B1A400EFB01F9F4A8505616F60BF8DEF629F8975
:10B1B40001113EC68647B335B0008505AA8913152B
:10B1C400F6015D8D2308B1009305110136843A8997
:10B1D400B28442C446C2EFF02FB3224892481645C7
:10B1E40093578800A30AF1009305910193D788002F
:10B1F400230B0101A30BF100230C1101EFF0CFB0DD
:10B204003247104083564400B337E00092070328C6
:10B214000900914891C0A1480C084E85EFF09FA702
:10B22400AA8411E5835544004A85EFB07F962685AC
:10B2340005616F607F84AA959307F00F17370100AB
:10B24400130787196317B50013C5F7FF1375F50FB7
:10B25400828005058346F5FFB58FBA9783C707003B
:10B26400D5B70357450014419307F00F1736010073
:10B2740013068616369742074183139506014181CA
:10B28400631BE500AD8FB29703C50700130515F3E3
:10B29400133515008280850603C5F6FFA98FB29782
:10B2A40083C70700D9BFEF628FFBB28736842E862F
:10B2B400BA86AA853E85BA84EFF06FE6634B050033
:10B2C4002285EF10C1212A86A686A2852685EFF065
:10B2D4000FE56F600FFBEF62EFF65D712A8BAE8AAC
:10B2E400173501001305C50C2C00B284368ABA89BF
:10B2F4003E89EFF04FE42A8459E534104146DA855B
:10B304002800EFF0CFE12A843DED8547A303F10047
:10B31400A6C2930771002408BEC4A68685470D46BD
:10B324002C18281002DC02DED6C0BEC6EFF00FDBFC
:10B334002A8431E983477102A6860D4693F7F707FD
:10B344002300FA00C1473EDE2C188947281026DC6A
:10B35400A303F100EFF08FD82A8415E54146A685B2
:10B364004E85EF0051768D47A6860D462C18281081
:10B37400A303F100EFF08FD62A8411E54146A68598
:10B384004A85EF005174228561616F60EFEEEF62D0
:10B394000FED972701009387E737984383C747004A
:10B3A40079712A89AE84173501001305E5000C086C
:10B3B4003AC42306F100EFF00FD82A8415E51410DF
:10B3C4004146CA850808EFF08FD52A8411ED140888
:10B3D40015462C000810EFF08FD42A8411E521467D
:10B3E4002C082685EF00316E228545616F606FE978
:10B3F400EF62EFE6972701009387C7319C47797185
:10B40400AA842E8417350100130585FB0C083EC65B
:10B41400EFF06FD20DE514104146A6850808EFF051
:10B424000FD011ED140811466C000810EFF02FCF67
:10B4340019E58347F10193F7F7032300F40045610D
:10B444006F602FE4EF62AFE13688A148814701477E
:10B45400E546EFF0AFD86F60CFE2EF624FE0368899
:10B46400A14881470147E546EFF0DF826F606FE155
:10B47400EF62EFDE01112A842E850C0832C6EFF04C
:10B484008FCB19E93247973601009386E6F110080D
:10B49400C1452285EFF03FE105616F608FDEEF6209
:10B4A4000FDC4111C1472EC032C48A8509463EC211
:10B4B4003EC6EFF0AFC241016F60AFDCEF622FDA3E
:10B4C4004111AE8613061009AA850A8502C002C27C
:10B4D40002C402C6EFF0AFC441016F608FDAEF62BD
:10B4E4000FD8328797360100938606EE2E86930591
:10B4F4000002EFF05FDB6F60CFD8EF624FD6797157
:10B50400C1472ACC2ED032D42C080D4628003ECE7A
:10B514003ED23ED602C402C602C802CAEFF00FBC35
:10B5240045616F600FD6EF628FD30111AA842E8418
:10B53400173501001305C5E98A85EFF0CFBF05E58E
:10B5440014084146A6850A85EFF06FBD09ED8347CF
:10B55400E1010347F101A207D98FCA07C9836177C3
:10B56400D98F2310F40005616F60AFD105C9EF6274
:10B574000FCF9787FF1F9387273490439785FF1F2B
:10B584009385C5331785FF1F1305052FEFB0204A98
:10B594001785FF1F1305452E6F60AFCE1785FF1F5C
:10B5A4001305852D82809DC5EF626FCB9787FF1FA2
:10B5B40093878730944301112E840A869785FF1F51
:10B5C4009385C52FEFB0204B0A8502940145056190
:10B5D4006F602FCB7D558280EF626FC8EFB020552E
:10B5E4009787FF1F23AAA72C17F5FFFF130505F95B
:10B5F400EFA060016F60EFC81787FF1F1307072EC6
:10B604009317150008433E95FD572310F5008280DB
:10B61400EF62EFC42A84084019E16F608FC61C41B1
:10B6240058401CC06313E5005CC0834755002320C9
:10B634000500F99BA302F500EFB08FFBE9BFEF62B1
:10B644006FC09787FF1F9387672B98432A8411CB7A
:10B654008347350093F7070289C7035505008945D9
:10B66400029713054401EF90100F8355040003550E
:10B67400E400EF203014485809C5EFB06FF7232ACF
:10B68400040213058403EFF0BFF88144B149EFA02D
:10B69400BF9D63C5A402834734002320040493F7A9
:10B6A40027FCA301F4000048EFA01F9D131615000A
:10B6B40081452285EF60AFBD6F600FBCB387340353
:10B6C4000329040385043E994A85EFF07FF423049B
:10B6D400090075BF8347350093F7070299E30145D5
:10B6E40082808357E500E39CB7FEC167FD176316AC
:10B6F400F600054582800545B9A0EF624FB6931761
:10B704000601C187B2842A8401496359F002835730
:10B7140005008DCB01456367F600034584003E9523
:10B724003325A6001375F50F39A81C481317190003
:10B73400BA9783D70700E38097FC0509EFA0DF934E
:10B74400E345A9FE01456F60CFB3EF62AFAFAE89A9
:10B75400AA84EFA03F882A84EFD05FACAA86014771
:10B764001306840197050000938545E91785FF1F9B
:10B7740013050517EFA06FD82A8921CD8C44130433
:10B78400C50022859E0593F50508EFB0EFC4CC40B3
:10B7940083877400E18163D1070493E5050822855A
:10B7A400EFB08FC30D46938544002285EFB0EFC000
:10B7B40083D504002285EFB0CFC583D5240022852C
:10B7C400EFB02FC503D6490083A509002285EFB049
:10B7D400CFBE4A856F604FAA93F5F507C9B7EF62EC
:10B7E4000FA801112A84328532C6EFB04FB4EF900E
:10B7F400FF97835704001787FF1F1307A7273246B5
:10B80400231BF100930700F8A30DF1001C47184314
:10B81400231AA1008983858BB307F740B2854808B2
:10B824003ECE231C0100230D0100EFF01FF2056141
:10B834006F602FA5EF620FA10041014529CC93044D
:10B84400C40026853289AE89EFB06FB295452A8A45
:10B854002685035B0401EFB00FAF2685EFB0CFC799
:10B864008D45AA8A2685EFB00FAE2685EFB0CFC6E8
:10B874005C48420A135A0A01D2975CC42318640133
:10B88400814763983A0146054D8133062541933734
:10B89400160013F5F70F6F602F9EEF62CF99896939
:10B8A4002A8BAE8B328AB68A81440144314CFD190D
:10B8B400EFA08FFB63C9A400EFA00FFE018D33B589
:10B8C400AA006F60CF9A3389840383270B003E99C3
:10B8D40063170A008347890085043E94D1BF035649
:10B8E4000A00DE854A8533F6C900EFF0BFF47DD146
:10B8F4000545C1BFEF62AF9601112A847C00035550
:10B90400E5003ECAB70707003ECC7C003ECEEF10F0
:10B91400B0362A8985454808EFB08FC39945480851
:10B92400EFB00FA7AA844A85EF1030372380A40014
:10B934009787FF1F938707149C434166130606F0FD
:10B944009396870113D78701558F93D68700F18E7D
:10B95400558FA207B706FF00F58FD98F11462C002B
:10B96400138514003EC4EF0011165008A38204008E
:10B9740089452285EFF0BFE609C9AA85130584032A
:10B98400EFB08FBD3C4085073CC005616F606F8F91
:10B99400EF62EF8CEFA04FF02A840504EFA0CFEE06
:10B9A4003305A402F14791453305F502EF10A07465
:10B9B40001E565556F60EF8C9787FF1F23A8A7F2F9
:10B9C400EFA08FED2A840504EFA00FEC3305A40249
:10B9D40089450605EF10207269DD9787FF1F23AFA5
:10B9E400A7EEEFA06FEB2A840504EFA0EFE9330480
:10B9F400A4029787FF1F239587EEEFA0EFE92A841F
:10BA0400EFA08FE8930714003385A7029787FF1FE1
:10BA14002399A7EC972701009387475F1787FF1F98
:10BA24002324F7EC014579B7EF62CF81AA842E89EC
:10BA340001449789FF1F9389E903130A8006EFA045
:10BA4400AFE46345A40001456F600F8333054403ED
:10BA540083A709024A86A6853E95EFF0BFC719E180
:10BA64000504F1BF0545CDB7EF52FFFCAA8A2E8B22
:10BA7400B28B368C3A8A814401448149978CFF1FEA
:10BA8400938C4CFF130D8006EFA00FE063C7A40056
:10BA940011E085494E856F509FFD3389A40383A728
:10BAA4000C025E86D6853E994A85EFF0BFC219CD59
:10BAB400EFA08FDE0544636B4501D2866286DA858A
:10BAC40013050903EFF07FDD11C1854985046DBFBE
:10BAD400EF525FF7C16441112A8901449789FF1F1E
:10BAE400938949F9130A8006FD1436C632C42EC25E
:10BAF400EFA08FD992452246B2466346A400014581
:10BB040041016F507FF73305440383A709023E9533
:10BB140009C683473500C18B9DC791C6834735004D
:10BB240093F707028DC3630699008357E500639C6E
:10BB340027010357050001CB63E7E5008347850030
:10BB4400BA97E3CFF5FA05044DB7EF52BFEFC164DE
:10BB54002A8901449789FF1F9389C9F1130A800632
:10BB6400FD14EFA06FD26344A4006F50FFF03305BF
:10BB7400440383A709023E958357E5006388970031
:10BB84006304990063942701EFF07FAB0504D1BFF0
:10BB9400EF52FFE989692A8AAE8A328BB68B8144D7
:10BBA400178CFF1F130C0CED930C8006314DFD19FF
:10BBB400EFA08FCD63C4A4006F503FEB338994038F
:10BBC40083270C028355CA015A863E994A85EFF0B1
:10BBD4007FB005CD814D05A03384AD0383270903D0
:10BBE40003D60B00D68533F6C9003E942285EFF0C8
:10BBF4007FC419E5850DEFA02FC7E3CFADFC31A0BD
:10BC04002285EFF0FFA023040400850455B7EF520A
:10BC14009FE24169AA8A014A178BFF1F130B8BE528
:10BC24007D19C14B054CEFA02FC66344AA006F5089
:10BC34001FE493098006B3073A0383290B02BE99D4
:10BC440083D7E900638C270163842A016398570131
:10BC540003A4890311E44E85EFF0DFC9050AE1B7B7
:10BC640083570401639977079304C4002685EFA0E2
:10BC74001FF085452A8D2685835C0401EFA0BFEC67
:10BC84002685EFB08F8162056185635F05028D456E
:10BC94002685EFA05FEB89452685EFA0DFEA89457D
:10BCA4002685EFA05FEA85452685EFA01FEB834735
:10BCB4000500094793F7F7076398E7009945268538
:10BCC400EFA0BFE9A30285014848337D2D01231865
:10BCD40094016A9548C40040B5BFEF525FD8EFE0C5
:10BCE400204E9787FF1F83C7E7C51765FF1F1305FE
:10BCF40065EDA300F500EFD0207A81461306F00F1E
:10BD040081450145EFD0903A6F50BFD71787FF1F89
:10BD1400130747B318439785FF1F83C5A5C29787A9
:10BD2400FF1F9387A7C08346870303469703639740
:10BD3400D5009787FF1F2387C7C0828083C58701EB
:10BD44000347A7036317B6009787FF1F238CE7BE3B
:10BD5400828003C687016317C7009787FF1F238369
:10BD6400D7BE828083C68701130750026319D700A8
:10BD7400930760021787FF1F2306F7BC828083C6E0
:10BD84008701130660026315D60093077002DDB7BE
:10BD940083C7870155BF9787FF1F938727B9D44B64
:10BDA4000947638EE606EF529FCB9784FF1F938467
:10BDB40024B53E8483C70400918B95CBEFE04040CB
:10BDC4001785FF1F130545B4EFD0006D8146178614
:10BDD400FF1F034666B581450145EFD0302D15CDD3
:10BDE40083C70400ED9B1787FF1F230BF7B083471E
:10BDF400040093F7F70F95C391471787FF1F23217B
:10BE0400F7B4EFF09FEDEFF07FF0414691451785D1
:10BE1400FF1F034525B2EFB020196F509FC68280E3
:10BE2400EF52FFC38D474111630FF502C547630409
:10BE3400F5028547631EF5009787FF1F2386A7B089
:10BE4400930500101785FF1F0345C5AEEFB0400CE6
:10BE540041016F501FC385471787FF1F2306F7AEA5
:10BE640093050020C5B79787FF1F938727ACD44B52
:10BE740011476387E600EFE0A03493050004D9B7C7
:10BE840085441787FF1F232D97AA83C7070032C64F
:10BE94002E8493F7F70FCDDF7D141374F40FEFE0C6
:10BEA4002032E3FC84FCB245994703C61500E3F64F
:10BEB400C7FC09061785FF1F130545A99750FF1FE7
:10BEC400E78060D3930500081785FF1F034585A607
:10BED400EFB000045DB7EF529FB81787FF1F130739
:10BEE400E7A44047184B1C409786FF1F23A6F6A4DF
:10BEF4006316E4001787FF1F2322F7A4130584FEAB
:10BF0400EF903FF9035564FFEF903FCCEFA05FEE55
:10BF14006F503FB7EF52BFB49787FF1F938707A1B6
:10BF2400D84BDC4799C3EFF01FFB85471787FF1FEA
:10BF34002328F7A09787FF1F9387C7909C439305F7
:10BF440000021785FF1F0345E59E83C787031787F4
:10BF5400FF1F2309F79EEFA0B07B6F509FB2978716
:10BF6400FF1F23A7A79C8280EF527FAFA1451785AF
:10BF7400FF1F0345259CEFB0C019A1451785FF1F7E
:10BF84000345459B9784FF1F9384449AEFA0F07C5C
:10BF9400DC4489E7EFF03FE06F50BFAE03D567FFA5
:10BFA400EF90BFC22A847DD5D84891476310F70229
:10BFB40091451785FF1F0345E597EFB0801591451F
:10BFC4001785FF1F03450597EFA03079894703299B
:10BFD4004401035404011787FF1F2323F796EFE05E
:10BFE400201E83C78401210442041765FF1F130523
:10BFF40065BD1767FF1FA307F7BC6119EFD0C049E0
:10C004004180814609469375F40F4A859787FF1F3F
:10C01400238C0792EFD0406211E99787FF1F83C7F3
:10C02400E7A289C79740FF1FE780C07F2146A1454B
:10C034001785FF1F03450590EFA01077B1BFEF529E
:10C044001FA293F7052001112E8481CBEFF09FEC02
:10C054001345042005616F50DFA293F70510B9C79B
:10C064009784FF1F9384848CDC48EFF03FCA1777D2
:10C07400FF1F1307277D184383C7840103478703E2
:10C084006316F700DC4499C3EFF0FFE4854793059A
:10C0940000021785FF1F0345E5891787FF1F23212A
:10C0A400F78AEFA0F066134504106DB793F70508FF
:10C0B400ADC79787FF1F83C77789E9171946978507
:10C0C400FF1F9385C5881305D10093F4F70F1789D3
:10C0D400FF1F0349A987EF00011F93970401C18340
:10C0E4001787FF1F13070787231DF100231CF10087
:10C0F4009787FF1F938787833ACE3ACAD84323068C
:10C10400010009CBDC439315890154080D46E185F0
:10C11400680082971345040835BF93F72500A1CF23
:10C124009787FF1F93878780D84B89476304F7025B
:10C134009777FF1F83C7C77C13F7270001EF918B05
:10C1440089CF1306000A89451775FF1F0345857EAD
:10C15400EFA0906513452400F5BD9777FF1F9387E3
:10C16400676E9C4383C787031777FF1F230CF77CF5
:10C17400EFF09FDFC5B793F7050291C7EFF0DFDE5D
:10C1840013450402C1BD93F7850091C7EFF09FD812
:10C1940013458400C1B593F7150091C7EFF0BFBFF5
:10C1A4001345140045BD93F7450091C7EFF0BFBE9A
:10C1B4001345440045B593F7050485C39777FF1FDE
:10C1C40083C7C77681CBEFF05FB191471777FF1F25
:10C1D4002328F77613450404B5BD93F705010145FB
:10C1E400E38A07E69777FF1F93874774D84B9147F5
:10C1F400631BF7029777FF1F938787709C4313D7BE
:10C2040027008583D98F858B99E3EFD0707B914587
:10C214001775FF1F03450572EFA0B06F85471777A9
:10C22400FF1F232FF770134504012DB5EF523F83F1
:10C234009777FF1F23A207709777FF1F23A007702C
:10C2440085471774FF1F1304E45F1777FF1F232923
:10C25400F76E1C4083C787031777FF1F2304F76E0D
:10C26400EF907FE821C19767FF1F23A1A7961C4089
:10C27400170500001305E5DC83C787031777FF1F45
:10C284002302F76C1767FF1FA30EF7929777FF1F20
:10C29400A38E0768EFB0601C9777FF1F238CA768F5
:10C2A4006F502FFEB7C7898E938767ED1767FF1FFF
:10C2B400232EF7906DBFEF528FFA1777FF1F0347B6
:10C2C400E766795441E39777FF1F9387276603C78F
:10C2D400170005079776FF1FA38AE66403C71700B4
:10C2E4008D463377D7029776FF1FA381E66483C612
:10C2F40017001777FF1F1307E754184393F6F60F39
:10C30400A9E6834787031777FF1F230DF762854745
:10C314001777FF1F230CF7609777FF1F9387475EFC
:10C324009C430144998B99EFC1451775FF1F034541
:10C334006560EFA0904285451775FF1F0345855F33
:10C34400EFA0103D22856F50CFF383C717008546B9
:10C354006395F600834797037DB78347A70365B7C3
:10C364009777FF1F83C7875CB1C7EF524FEF8545AF
:10C374001775FF1F0345055C9777FF1F2388075A2E
:10C38400EFA0B03D91451775FF1F0345A55AEFA0D7
:10C39400505891451775FF1F0345C559EFA0F03B51
:10C3A400C1451775FF1F0345E558EFA070360145D9
:10C3B4006F502FED79558280EF526FEA2A8403552E
:10C3C40065FFEF909F809777FF1F93872756D84785
:10C3D400BE840DEBEFA01FA19C48232004009DE721
:10C3E4009777FF1F23AC87549777FF1F23A68754A3
:10C3F40089451775FF1F0345E553EFA070310145CB
:10C404006F502FE8630A87001843E1B780C397771A
:10C41400FF1F23A58752E9BF7955DDB7EF522FE4FB
:10C424009777FF1F9387C762884323260500232439
:10C4340005005105EF8030326F50AFE4EF522FE228
:10C444001774FF1F1304C4601C40411189CF9C471B
:10C454002302B5002AC61CC1EFF05FFC1C409C4BB4
:10C4640099C33245829741016F50AFE1EF522FDFFC
:10C474004111444D328532842EC6EFA01F822AC456
:10C484002285EFA0FF8203A84400630C0800B24594
:10C49400835744001840224683D54500AA86268542
:10C4A400029841016F50EFDDEF526FDB404D1DC428
:10C4B40008C0970500009385E50213054401EF8049
:10C4C400301C9777FF1F9387A7589C43014589E742
:10C4D4009777FF1F23AE87566F50AFDA7D55EDBFB8
:10C4E400EF52EFD7011168009305F00F02C602C89E
:10C4F40002CA02CC02CEEFF07FF405616F506FD810
:10C504009777FF1F9387C7549C43D847A1679D071C
:10C514006311F702EF52AFD401113285EFA0EFF7A8
:10C52400230AA10081456800EFF05FF105616F50B7
:10C534004FD582809777FF1F938787519C43D847B5
:10C54400A167938777036311F702EF524FD101116B
:10C554003285EFA08FF4230AA10081456800EFF033
:10C56400FFED05616F50EFD182809777FF1F9387AE
:10C57400274E9C43D8479547631CF702EF522FCEB2
:10C58400011132853284EFA04FF1230AA1002285E4
:10C59400EFA00FF283574400231BA10081453ECC3A
:10C5A4001C4068003ECEEFF07FE905616F506FCD0F
:10C5B4008280930785FF89CF8327C5FF91CBDC4B0E
:10C5C40081CBEF52CFC9032585FF82976F506FCB84
:10C5D4008280EF52CFC82A843285EFA00FECBD478A
:10C5E40063EBA70018449377F5000345B70041991E
:10C5F4005D8DA305A7006F50CFC8EF524FC6011140
:10C604007C003ECAB70707003ECC7C003ECE5C4DA2
:10C614008DCF2A8413858700AE84EF801008A1652E
:10C624002A899D054808EF801FCC9305803EB345B9
:10C63400B902480893F5F50FEFA00FDA01478146D8
:10C644005008A6852285EF809FEA05616F506FC36D
:10C65400EF52EFC0EFF07FFA6F50AFC2EF522FC02E
:10C6640001117C00AE843ECAA165B70707002A8485
:10C674003ECC48087C00938575033ECEEF80BFC650
:10C684001C44480883C5B700BD89EFA0EFD4500807
:10C6940001478146A6852285EF807FE505616F50BD
:10C6A4004FBEEF52CFBB2A84AE84EFF09FF2A68533
:10C6B4002285EFF0BFFA6F50CFBCEF524FBAEFF0C4
:10C6C400FFF96F500FBCEF528FB90329C501411117
:10C6D400630409022A843285B284EFA00FDC2AC6DF
:10C6E4002685EFA0EFDC832749002A8691C7DC4723
:10C6F40081C7B2452285829741016F508FB8EF52AE
:10C704000FB6444D81CC2A843285EFA06FDADC4029
:10C71400AA8589C79C4799C3228582976F506FB6B3
:10C72400EF524FB2032AC501411163030A062E8951
:10C73400AA84954532853284EF80FFBA85452285E7
:10C74400EFA00FC5AA89CA852285EFA02FCA832727
:10C754004A009DC7DC438DC72285EFA0EFC1832724
:10C764004A00104083564400DC437115A307A1001E
:10C77400B2961307F1004E86CA852685829701C5B5
:10C784002380090031A08345F1002285EFA04FC02A
:10C7940041016F506FAEEF528FAC65711C083EC201
:10C7A400B70780013EC41C0832893EC62A84AE8481
:10C7B400EFF07FF14A85EFA0AFCF8357A10089CF77
:10C7C400AA8550002285EFF0BFF50147814650004D
:10C7D400A6852285EF80BFD159616F508FAAEF5291
:10C7E4006FA665711C088329C5013EC2B707800185
:10C7F4003EC41C082A84AE8432893EC6EFF03FF062
:10C80400638409024A85EFA0AFCA8357A100AA85B1
:10C8140081CF50002285EFF0BFF0014781465000E0
:10C82400A6852285EF80BFCC59616F50EFA4EF52EB
:10C834000FA365711C083EC2B70780013EC42A8459
:10C844001C0832853EC6AE84EFA08FC68357A10074
:10C8540089CFAA8550002285EFF09FEC01478146DD
:10C864005000A6852285EF809FC859616F506FA143
:10C87400EF52EF9E444D91E88347450093B717006C
:10C88400B307F0403E856F50CF9F1845FD577DDBC1
:10C8940097070000938707032A845CCB9705000061
:10C8A400938565D113858400EF80805D80C0034744
:10C8B4004400814761FB1777FF1F232D9718D9B7D1
:10C8C400EF524F988329C5014111032985008147FF
:10C8D400638B09080324090191452A8A2285EF8084
:10C8E4009FA085452285EFA0AFAA8945AA8A228503
:10C8F400EFA00FAAAA84EF80BFA483A749002A8BC4
:10C904009DC79C438DC72285EFA00FA783A749002D
:10C91400A306A1001040835644009C431307D10092
:10C92400B296D6851306E1005285829709CD8357C6
:10C934000B002380F400A183A380F40023800A0069
:10C94400A306010029A88357E10022852380F4006F
:10C954008345D100A183A380F400EFA06FA3834794
:10C96400D100B337F0000347B900920701453D9B5E
:10C97400D98FA305F90041016F500F90EF522F8E0C
:10C9840041111DE99777FF1F9387C70C804305C8A2
:10C994000440130984009DC55C4099C79C4B89C71A
:10C9A40026852EC68297B2459307803EB385F5024D
:10C9B4004A85EF80C05821A0404DAA8479F84101EE
:10C9C4006F502F8C4A85EF8000595C40EDDBDC4BC7
:10C9D400FDD726858297E5B7EF526F882A84328582
:10C9E400EFA0AFABAA852285EFF05FF96F506F8996
:10C9F400EF52EF862A84AE84EFF01FFEA6852285CF
:10CA0400EFF0BFBF6F50EF8708413355B50005897C
:10CA14008280EF52CF841774FF1F1304A4051C5C9B
:10CA24000111231701008D83858BA303F100832754
:10CA3400040B231801002319010003D7C7013ECAC0
:10CA44003C002314E1007D572315E1000357C40281
:10CA54003ECC02CE2316E100EF804FF18357E10173
:10CA6400231EA10093F707E093E71710231FF1009B
:10CA74009777FF1F83C7A70285C305470145638ACC
:10CA8400E7008347840393E727001777FF1F230FEB
:10CA9400F70005616F40FFFE814717270100130768
:10CAA400E7B285461306710085454808EF70E050EB
:10CAB4006DF183478403F59B1777FF1F2308F7FE67
:10CAC40085471777FF1F230CF7FCE1B7EF423FF6CA
:10CAD400977DFF1F938D0DFA03A6CD0639712A8920
:10CAE40081478144930600023357F600058B01C742
:10CAF400850493F4F40F8507E398D7FE83A70D0B01
:10CB0400231701022318010203D7C7013EDA3C10A0
:10CB14002314E1027D572315E10203D7CD023EDC45
:10CB2400231901022316E10202DEEF802FE483576A
:10CB3400E103231EA102014593F707E093E71710D1
:10CB4400231FF1029777FF1F83C767F5A9EF977734
:10CB5400FF1F83C7B7F53EC69779FF1F938989F1F5
:10CB64000144014D9D4A054B954B177CFF1F130C47
:10CB7400ACF7977CFF1F938CACF603DAC905630905
:10CB84000A00EA85631459036685EFF0FFE71DC1C7
:10CB9400050DA1478909E312FDFE2DE09777FF1FDC
:10CBA40023A207F4014521616F403FEC6285EFF059
:10CBB400BFE579DD3247B3878400E3F0E7FE9C00EC
:10CBC4001306140006043E9413178A0093578A0030
:10CBD400D98FC207C183A30EF4FCA183230FF4FCF5
:10CBE40003A70D07B317AB01D98F1777FF1F232BAB
:10CBF400F7EE63047601328461BF15449777FF1F13
:10CC040083C7C7E9138717009776FF1F2388E6E8D1
:10CC140093161400230EF100172701001307079B36
:10CC2400814785067008CA854818EF700039E347C4
:10CC340005F68347C10105451777FF1FA300F7E6F3
:10CC44009777FF1F238D27E5B9BFEF42BFDF01119F
:10CC5400AA892E84EFD0EFA52A899774FF1F9384A5
:10CC640064E16399090A9C5C414793F70703639362
:10CC7400E70A1777FF1F0347D7E2894763ECE70802
:10CC840083A7040B231701002318010003D7C7014E
:10CC94003ECA3C002314E1007D572315E10003D76D
:10CCA400C4023ECC231901002316E10002CEEF801A
:10CCB400EFCB231EA100EFC06FD68357C101230F12
:10CCC400A100914613D78700A207D98F2312F10040
:10CCD4009777FF1F83D7A7DD13D78700A207D98FC4
:10CCE4002313F100172701001307C78D8147500054
:10CCF40095454808EF70602C05889317240003C4F9
:10CD040084036D985D8C9777FF1F238187DA056113
:10CD14006F409FD6EF70507C1775FF1F130585D9A0
:10CD2400EF80602383A7040B9775FF1F83D545D736
:10CD340003D5C701EF1000289777FF1F83C707D7D4
:10CD440093F60702014789E61777FF1F035747D574
:10CD54009776FF1F239EE6D41777FF1F130747D04C
:10CD6400184309CBC18B99C789451775FF1F035514
:10CD740025D302979777FF1F23A407D29777FF1F26
:10CD8400238F07D09777FF1F23AC07D49777FF1F14
:10CD940023AA07D49777FF1F23A807D483D7840334
:10CDA40093F7270C93E717001777FF1F2310F7D08B
:10CDB40083572903A18B99C3EF70E04411C497777B
:10CDC400FF1F23AB07CCA1B78D471777FF1F232580
:10CDD400F7CC1304803EEF900FAF33058502930523
:10CDE400400609C5EF902FAEB30585021775FF1FE6
:10CDF400130545CCEF80A01419BF9777FF1F9387C5
:10CE040067C7D85325C791C99777FF1F238907C8D8
:10CE14009777FF1F23A807CC8280EF425FC483C7A4
:10CE2400F70241112EC685071777FF1FA30BF7C61C
:10CE34009777FF1F239FA7C69D471777FF1F232DB3
:10CE4400F7C4EF904FA72A84EF90EFA6B24501E50F
:10CE5400EF906FA6AA85B305B4401775FF1F13059D
:10CE640065C5EF80C00D41016F40BFC182809777D7
:10CE7400FF1F938727C0D85331C7EF425FBE03C754
:10CE8400F70205079776FF1FA38DE6C011CD8C5FCF
:10CE94000D470145898185899776FF1F23AEE6BE3C
:10CEA400EFF0BFDA6F40FFBD85479305C0441775A7
:10CEB400FF1F130525C01777FF1F232FF7BCEF8033
:10CEC4000008CDB78280EF429FB91777FF1F034751
:10CED40007BD8547631EF7009777FF1F938787B9C0
:10CEE40083C7870393C787001777FF1F2300F7BC07
:10CEF4001775FF1F130505BCEF80E005EF80BFF831
:10CF040099471777FF1F2329F7B89777FF1FA38A3D
:10CF140007B89777FF1F238407B8EF90EF9893071C
:10CF240040063305F5029777FF1F23ADA7B66F4080
:10CF34005FB59777FF1F83C767B7C18B99C7EF4268
:10CF44001FB2EFF01FAD6F40DFB369558280977752
:10CF5400FF1F938727B2DC5381CBEF425FB0854537
:10CF6400EFF0BFCE6F40FFB182801777FF1F13072A
:10CF740067B001468146BA852148631E06019DCAF1
:10CF84002390A60083C7850393E717001777FF1F35
:10CF9400230EF7B005A08357C705631DF502F859A2
:10CFA4008547B397C70093C7F7FFF98F1777FF1F1C
:10CFB400232CF7B29C5D9183858B85C79777FF1FE0
:10CFC40083C7E7AD99EFEF429FA91D45EFF01FB06E
:10CFD4006F403FAB81E699E39306C7050506090751
:10CFE40069BF8280EF423FA58605AA84B309B500D4
:10CFF400977AFF1F938ACAAE054B977BFF1F938BCB
:10D004006BAE214C639434039777FF1F938787A6F5
:10D014009C5F9183858B89CB9777FF1F83C727A854
:10D0240081E72145EFF09FAA6F407FA403DA040053
:10D03400630B0A041779FF1F1309C9A30144CA8C9F
:10D044008357C905639D4703A2855685EFF0DF9B8F
:10D0540011E5A2855E85EFF03F9B05C903A74C0748
:10D06400B3178B00D98F1777FF1F232FF7A683C71A
:10D074008C0393E717001777FF1F2309F7A2050412
:10D084000909E31F84FB8904B5BF231E0904C5BF36
:10D094001777FF1F0347A7A08547631AF700EF42DE
:10D0A4001F9CEFF05FE2EFF0DF966F409F9D828060
:10D0B400814785451306000293861700B397F50050
:10D0C400E98F13F7F60F89E7B687E397C6FE0147A2
:10D0D4003A858280FD4785457D56B396F5001387D2
:10D0E4001700E98E1377F70F89E6FD17E397C7FE5C
:10D0F40001473A85828089E901473A858280014760
:10D104003A8541016F40FF97EF427F9541112AC64E
:10D114002E852EC4EFF0DFF9A2457D158547B39720
:10D12400A700E39EF5FC32469377360099C3719AC3
:10D1340011069777FF1F9387A79394433E87177829
:10D14400FF1F1308289289EA832708009107F19B9F
:10D154009776FF1F23AEF690032588001843B30784
:10D16400A700B3F7B702B387F540FD15FD8D8327FC
:10D174004800AA95B306B600E3F3F6F8E371D5F8D0
:10D184002E979777FF1F23A3D78E3DDB3A858145E2
:10D19400EF40FF8F2A87ADB718419777FF1F93871A
:10D1A400678C23A4070098C35841D8C39777FF1FFF
:10D1B40023A0078C8280EF42FF88AA840144177958
:10D1C400FF1F1309298B9309400EEF80BFDE6345CF
:10D1D400A40001456F405F8A330534038327090B9C
:10D1E4003E958357C501E38797FE0504F9BFEF42D7
:10D1F4009F849779FF1F9389E9873E84BA84834784
:10D20400060003A7090041119D83058B3D8F83C749
:10D214004401AE8A2A89F99BD98F238AF4001C44DD
:10D22400B685231204001CC02285328A36C6EF90CC
:10D234003F96B246D2853686EFF0E008DC4883A5F7
:10D2440009000840858B56869D8DEFD0BFD261E9D9
:10D2540018407D558347570003476700A207D98FBD
:10D26400C207C1872394F4006358F00A83C74401BA
:10D2740093F70703B5CBD0489377160003A60900AC
:10D284001D8E9777FF1F938767B59C43ADEB81464F
:10D2940041A003A70B0093172A00BA9718409443A0
:10D2A400834757008345670033F65601A207CD8FA5
:10D2B4006311F602834737000346470003472700FC
:10D2C400A207D18F4207D98FBD82B3F76701638A62
:10D2D400F604050AEF801FCD420593170A01418128
:10D2E400C183E3E8A7FA41BFA16A370B0200014AF0
:10D2F400977BFF1F938BCB85FD1A7D1BE1BF83C7F3
:10D30400440113070003854693F70703E391E7F805
:10D31400A2854A85EFD07FD641016F404FF5615514
:10D32400E5BF7955D5BFEF42EFF19764FF1F9384B2
:10D33400A45C9C40D9EF9767FF1F938727729C4397
:10D344006399070CEF801FC8930780023305F50229
:10D354008945EFF05FDA41C99767FF1F23A2A77CD5
:10D36400EF805FC59307400E3305F5029145EFF05A
:10D374009FD835C99767FF1F23A6A77AEF809FBB65
:10D3840001CDEF803FBB91450E05EFF0DFD621CDF7
:10D394009767FF1F23AAA778EF80FFD311CDEF80F3
:10D3A4009FD3D9473305F5028945EFF0DFD405CD86
:10D3B4009767FF1F23A4A776EF80DFBE91450A0578
:10D3C400EFF07FD30DC19767FF1F23A3A778014513
:10D3D40021A8EF807FCB930780063305F5029145A2
:10D3E400EFF07FD101E565556F400FE99767FF1FA7
:10D3F40023A2A76A0144130A80061769FF1F1309B1
:10D404006967B14AEF805FC86364A4029C40E38407
:10D4140007F2EF807FC79307A0043305F50289451F
:10D42400EFF07FCD69D19767FF1F23A7A77219BFBC
:10D43400EF809FC489450605EFF0FFCB4DD5B309B6
:10D444004403032709024E9708CBEF80FFC133053D
:10D4540055039145EFF03FCA59D5832709020504C6
:10D464001374F40FCE9788DB71BF9767FF1F938700
:10D474006760884705898280C167FD176319F500D5
:10D484009767FF1F9387075F03A5070B8280EF420F
:10D494000FDDEFF05FD26F40CFDE814709C58347D0
:10D4A400E501B337F0001767FF1F1307A75C1847A0
:10D4B4000983058B19C393E727003E858280EF42D9
:10D4C4000FDA2A84EFF07FFD8347E401AA85130570
:10D4D400940899E3130504039766FF1F93868659FE
:10D4E4009442130615021307840213059504EFD022
:10D4F4004FC76F400FD9EF42EFD49764FF1F938457
:10D50400645798442A892E840983058B9C4019C743
:10D514006314F5006380050E014401A2E3FEA7FE37
:10D524001387A702E36AA7FE850763FCA70883A9FC
:10D53400440BEF803FA01316350081454E85EF4024
:10D544000FD59767FF1F23A727539767FF1F23A5AF
:10D55400075249CC9C4493E747001767FF1F232FCA
:10D56400F7509767FF1F23830758630F040C9767CF
:10D57400FF1F23A1275101440549EF80BF9B63414D
:10D58400A40AEF803F9E93050006B3C5A502B7F732
:10D594003600938707E81765FF1F13056555416932
:10D5A40001449309400E7D19B385F502EF703019DB
:10D5B400EF805FA0634FA4080145EF30C0760544B7
:10D5C400A9A86398A7029DE583A9440BEF809F96C1
:10D5D4001316350081454E85EF406FCB9767FF1FCB
:10D5E40023AA27499767FF1F23A807489C44ED9B5C
:10D5F400ADB785C51767FF1F0347474F9307F0056E
:10D60400E3FCE7F021F8EF6010416DD19C4493E70F
:10D6140007021767FF1F2323F74622856F40CFC5F4
:10D6240083A7440B131534003E958357050081CB23
:10D634008347250099C721468145EF404FC505041E
:10D644002DBF23012501E5BF9767FF1F23A60742CE
:10D654000DBF3305340383A7040B3E958357C501DF
:10D6640063842701EFF0BFE5050499B7EF422FBFAC
:10D67400EF805F8F130400063345A4029764FF1FF5
:10D684009384443F83C784073E951375F50F9767CA
:10D69400FF1F238DA7449307F00563E7A702054501
:10D6A400EF306068EF801F8C3345A402B7F5360075
:10D6B400938505E8B305B5021765FF1F13054543B8
:10D6C400EF70F0076F40EFBB9C4405458983858B61
:10D6D40081CBEF902F8F88408145EFF0DFE1DDB7FC
:10D6E400EF306064C5B7EF42EFB5130495082A899B
:10D6F40013069005A28513050503EFE0D03C13063D
:10D70400900581452285EF408FB84A85EF30405B14
:10D714008144176AFF1F130AEA35930A8002EF80D7
:10D724007F8A63C4A4006F402FB5338454038327D6
:10D73400CA0A3E94035704008357C9016317F702CA
:10D74400834744009DC3930964014546CE85130570
:10D754005400EFE05037454681454E85EF402FB3E6
:10D76400228523020400EF30805D85044DBFEF4223
:10D774000FAF9767FF1F938727189C432A8491C78D
:10D784000DC50355C501EFE08FC89767FF1F938749
:10D79400E7649C4389CBEFB0FFD885476315F50058
:10D7A4002285EF50E0616F40CFAD41657D15E1BF4B
:10D7B400EF42EFAA1764FF1F1304C42B444093875E
:10D7C40014001767FF1F2329F72AEF30E0641C4475
:10D7D4008983858B9DE75840B7E7B000938707504E
:10D7E40063F1E7020145EFF01F9D01CD0545EF8090
:10D7F4007FFD084085450505EFF0FFCF0145EFF0BB
:10D804001FF726856F40EFA7EF42CFA3A1642A89B3
:10D8140001449769FF1F9389A933FD14338AA50036
:10D82400EF804FF86344A4006F400FA503A70900DD
:10D8340093172400BA979843658F42074183634C3A
:10D844002701635A470123800700A380070023812F
:10D854000700A38107000504E1B7EF424F9D8359F8
:10D864004500C547411163F537310441C1E53385AE
:10D874003401834785FF034795FF0348B5FFA2079B
:10D88400D98F0347A5FFC207220733670701D98F42
:10D894000347C5FF0348D5FF220733670701034841
:10D8A400E5FF0345F5FF420722083365A800498FC9
:10D8B400B98F1767FF1F130767271768FF1F130820
:10D8C400E8283A85832807006384172B1107E31B94
:10D8D40007FF1767FF1F130767271843131827004D
:10D8E40042951CC10507A1473367F7029767FF1FDD
:10D8F40023AEE72493F73500139747008347460187
:10D90400C16B368993F7F7FCD98F32842E8A230AA8
:10D91400F600814A176CFF1F130CCC15FD1B976C86
:10D92400FF1F938C6CFD176DFF1F130DED22EF800D
:10D934006FE863C7AA00E154268541016F40EF9266
:10D944001308400EB3870A0303280C0BB30DF80029
:10D95400638E0D2083D7CD01638A772183A70C00C2
:10D96400014B639707169767FF1F9387270F9C4305
:10D974006390071683C7040003C70D0493F7F707E2
:10D98400631BF71ACA872287CE86268693859D064F
:10D9940013851D04EFF0BF85631F051883D7CD01E0
:10D9A400032709002320B4012312F400FD57231395
:10D9B400F4008347170093F6F7078347D40093F7DF
:10D9C40007F8D58FA306F40093F7F707B337F000F1
:10D9D400B307F0402307F400834717009D83939611
:10D9E400370083474401DD9BD58F230AF400834726
:10D9F400370083464700A207D58F83462700C20617
:10DA0400D58F1CC88347770003478700A207D98FA7
:10DA14002315F4000D476304EA00BD5491DF938796
:10DA24000710C207C1831307B00FBD54E376F7F0A4
:10DA3400EF804FD28144E31105F09766FF1F83C640
:10DA44006611938716001767FF1F2305F7101767E2
:10DA5400FF1F1307E70F231BD400939726001443DB
:10DA640003578400E175BE96A1671386F7FFB37769
:10DA7400C70098426D8FD98F9CC21848F18F3E071A
:10DA8400D98F9CC2EF800FD29767FF1F83C7870C83
:10DA940033F5A7029767FF1F238EA70A71BD93076B
:10DAA400A004B308FB0283270D00BE9803D7080027
:10DAB40083D7CD01631DF70083C7040003C7880023
:10DAC40093F7F707630BF70083C7FD019DEB050B85
:10DAD400EF808FDBE345ABFC71BD93859801138523
:10DAE4009800CA872287CE86268646C6EFF02FF096
:10DAF400B24879F98347440193E74700230AF400C5
:10DB040071BD83C7040003C7980293F7F707E310B6
:10DB1400F7FCCA872287CE8626869385A8031385B9
:10DB2400A802EFF0CFEC45F58347440193E72700C3
:10DB3400230AF400C1B783C7FD018DCB83C704005A
:10DB440003C79D0993F7F7076312F702CA87228771
:10DB5400CE86268693852D0C1385AD09EFF02FE92B
:10DB640011E58347440193E7270049BF850AC1B300
:10DB7400FD54D9B3EF323FEC797183544500AA8B3D
:10DB84002E84B28AEF800FC5590563469504EF8051
:10DB94006FC4590542054181EF90E0022A8905CD01
:10DBA4002AC623180100EF80EFC259052319A100EA
:10DBB4006146814528089769FF1F9389A9EB4ACAE2
:10DBC400EF30FFEC2302810203A48900058819E4E5
:10DBD4004A85EF80307A45616F307FE97400300800
:10DBE400D6855E85EFF07FC765F56800EF803FF866
:10DBF400176AFF1F130A8A1E83270A00AA84035B7D
:10DC0400010189CB89476397FA00835501025E8538
:10DC1400EF50A03403552102EF70EFD519E50355F9
:10DC24002102EF702FE23334A0008347C1021A04AB
:10DC34002C0893F7F7FB5D8C680023068102EF60E4
:10DC4400505BE9576314F5028356E1029767FF1F9F
:10DC5400938707F09C43139726006176BA979843FD
:10DC6400718F98C39767FF1F2386D7EE831721020E
:10DC74006345F00085476396FA00B25793F7070CA3
:10DC8400A1FBD247C2040347C102C180BE9426C689
:10DC94002318610113770703C147631CF700834707
:10DCA4005102054793F7F707E384E7F2EFB00FD784
:10DCB40035A892570544A18393F7F707E37AF4F064
:10DCC400630507108347C1021307000293F7070394
:10DCD4006397E700EFB01F858547E31BF5EE8347A5
:10DCE400C10293F70703F9F3EFB00FE3AA850146E6
:10DCF4000545EF80AF832A84E30C05EC8347C1021A
:10DD0400414793F707036384E702324783471700C9
:10DD140093F707F8A300F70032479257834617009A
:10DD2400A18393F7F707FD17D58FA300F7000356D8
:10DD34000101B245130BC4005A85EF801FE8E24A83
:10DD4400130690058347C10283C4EA01918BB3840F
:10DD5400C40213851404569595C35444B3879A009A
:10DD640083C7070403C70600137707F82380E60078
:10DD7400584483460700D58F2300F700B25703A603
:10DD840009008146858B1D8EDA85EFD04FA415E9F5
:10DD9400B25783A50900484413869406858B56968A
:10DDA4009D8DEFD02F9D11ED83270A0085EBB2578F
:10DDB400054791838D8B6380E706A1CB0947638276
:10DDC400E7062285EF90CF8221B5EFB06FD2E30B47
:10DDD40085EEEFB02FF5E31D85DEEDB5EFB08FF4E2
:10DDE40085476309F5008347C102414793F7070359
:10DDF400E39FE7FA835521025A85EF50600145D924
:10DE040083172102E355F0FA6DBFEFB06FCE7D1595
:10DE1400133515005DD5014681452285EF70FFF964
:10DE24004DB7EFB02FF0E5B7EF327FC39764FF1F14
:10DE34009384C4C52685EF807FF42A8419E16F306A
:10DE44005FC41305C40005468145EFF0BFD22285A7
:10DE5400EF801FFAC5B7EF329FC04111AE842A8408
:10DE640093079503130715019306F10005466C000B
:10DE7400268523060100EFD00FC61DEDA685414679
:10DE84002285EFE040448347F10093051402268580
:10DE94002308F400EFD0AFCF05E19767FF1F938706
:10DEA400E7F39C4389EF13069404970501009385D7
:10DEB40065722685EFD0CFDB41016F309FBC13061E
:10DEC400940297050100938565712685EFD04FDA9A
:10DED40079D9DDB7EF321FB79767FF1F938747C71D
:10DEE4008043AE84B289368AAA8AEF80AF8B131638
:10DEF400250081452285EF309FB99767FF1F238B4B
:10DF040007C49767FF1F9387E7B603A4070B13F7AC
:10DF140014003E89230FE400CE8525C71305940819
:10DF2400EFF07FF301C555556F301FB58947A30F37
:10DF3400F4009767FF1F938767EA9C4303278900D0
:10DF4400858093B7170086072300F402231E54012B
:10DF54009767FF1F23A047B385889377B7FF99C0BE
:10DF6400936747001767FF1F232AF7B0228593079B
:10DF740000061767FF1F230BF7B6EFF04FD40145D8
:10DF840065B713050403EFF01FED45D569BFEF3204
:10DF94001FADFD572310F5002311050023120500C2
:10DFA400231305001306200481452105EF303FAEFD
:10DFB4006F303FADEF321FA94111AA8401441769A4
:10DFC400FF1F130969B99309A0042EC6EF80CF8BF4
:10DFD400B2456344A40061550DA03305340383277F
:10DFE40009003E9583572500639CB70083570500BD
:10DFF40063989700EFF0BFF9014541016F30DFA747
:10E004000504E1B7EF321FA49767FF1F938707A5A5
:10E014009C434111AA842E84B28903592500C1C3AB
:10E024009767FF1F83D7C7A7639B2707EF700F94DA
:10E034002A8903D5240093051002B305B402854749
:10E044002302F10093578900A302F100935785003E
:10E05400A303F10083D744002304A100254613D76A
:10E0640087002305F10083D76400A304E1004E85F3
:10E0740013D78700A305E1002306F1001387950059
:10E0840093879501A105B386B400A6974C00269703
:10E0940023032101EFD02FA441016F30FF9DEF70C6
:10E0A400EF8C51BFEF321F9A4111AA8401441769C2
:10E0B400FF1F130969AA9309A0043AC636C432C2E1
:10E0C4002EC0EF707FFC82451246A246324763445D
:10E0D400A400615599A0B307340303250900AA9746
:10E0E40003D8070003D5C4016310A80495E91DEE05
:10E0F40091CA03C6E401930510023306B60225064D
:10E104003E9690C2014511CB83C6E401130610026A
:10E11400B386C602E506B6971CC341016F30DF958E
:10E1240003D52700E305B5FC050441BF83C5E4011D
:10E1340013051002B385A502BE9583C5850023008F
:10E14400B6007DB7EF321F905C4141112A8403DA97
:10E154002700C167FD17AE843289630CFA00268557
:10E16400EF809FA18D4763EDA7007D5541016F307E
:10E17400BF902E85EF805FA09D47E3E2A7FEF5B731
:10E184005C40268583D54700EF80BF978355840084
:10E194002685EF801F978D452685EF805F95AA8998
:10E1A400EFF00FE1935705012380F90093578500A1
:10E1B400A380F9002381A9005840C167FD17834556
:10E1C400A7006314FA0093E505082685EF803F96BF
:10E1D4009767FF1F938787889C430840D9CF83475D
:10E1E400B400858BD9CB78003400130671008145C7
:10E1F400EFF05FEB1DC98347B40018409306900508
:10E20400F99BA305F4008347E701B387D702B3065C
:10E21400F70083C60604A303D100938617049387EB
:10E224009706BA96BA9736C43EC61764FF1F1304FE
:10E2340064841C440C4026858983858B9D8D83478B
:10E2440071009E05DD8D93F5F50FEF805F8E1C4404
:10E25400104022458983858BCA861D8EA685EFC012
:10E264001FD7E31505F01C440C40324689838840CF
:10E27400858B9D8DEFC01FD0D5BD8347B400130798
:10E284009005F99BA305F4008347E501B387E702F2
:10E294003307F50003470704A303E10013871704BA
:10E2A400938797062A973E953AC42AC6BDBFEF3294
:10E2B4006FF9032A45009307F00FAA840347AA00C5
:10E2C400AE89328436896316F700EFB04FB4230564
:10E2D400AA00938AC9000146D6852685EFF09FE6F9
:10E2E4002A8A21E51767FF1F130747AF1843DC404D
:10E2F40039C383C6A7000547638FE60283D5470069
:10E304005685EF40F03005C9DC40839747006354DD
:10E31400F00201CC1C4089C74A8681450145829799
:10E324005C4081C7CA85014582974E85EF805FAC0A
:10E3340052856F306FF4DC4003D54700EF60BFE3D4
:10E3440001E9DC4003D54700EF60DFEF81471DCDD5
:10E3540019C41C4089C74A868145014582974E8568
:10E36400EF805FA8AA851755FF1F13052572EF805C
:10E37400BF9E11C45C4081C7CA8501458297175569
:10E38400FF1F1305E56FEF60303A8547D840854697
:10E394000346A700E30BD6F8031747006353E000D6
:10E3A400C9F74A86A2854E85EF703FA1BDBFEF3203
:10E3B4006FE9AA8401441759FF1F1309E9799309E6
:10E3C400A004130A9508EF703FCC6344A4000145F0
:10E3D40035A033053403832709003E958357250070
:10E3E40099E30504CDB70357050083D7C401E31AA5
:10E3F400F7FE52868545EFF0FFC065D56F30CFE755
:10E40400EF324FE4AA8401441759FF1F1309C9745A
:10E414009309A004EF705FC76344A4006F30CFE595
:10E4240033053403832709003E958357250081CFA4
:10E43400835705006399970093059502130610020C
:10E444002105EFD050680504F1B7EF324FE10347DF
:10E45400E5012A848347F5016307B70089E781450D
:10E464002E856F300FE2230FB400054781C9E3986E
:10E47400E7FE8947A30FF4008545DDB7638BE70208
:10E484000947E39FE7FC2285EFF0EFA59757FF1FAD
:10E494009387C75C9C4399E79757FF1F9387C745AA
:10E4A4009C4389C70355C401EFF09FF5A30F0400F3
:10E4B400E1B755D6C9BFEF32EFD8EFA0DFF78547F4
:10E4C4006312F508EF808FD41764FF1F13040491BF
:10E4D4001C4081CBEFB00F8589476304F5001C40D5
:10E4E40082979757FF1F938767579C43B9CF8297AB
:10E4F4009757FF1F938747409C4391C382971754B4
:10E50400FF1F130424578327040B83D4C701EF6030
:10E51400FFC58327040BAA85144003C6E7011C44E6
:10E524008983858B99C31366260026854169EF404C
:10E53400A0428144D9497D19EF70FFB963CAA40090
:10E544006F308FD3EF80AFD141B7EF705F924DB78B
:10E55400B38734030327840ABA9703D527006308D3
:10E56400250103C6470183D50700EF408040850499
:10E57400E1B7EF322FCD01449754FF1F9384844FAA
:10E584001309400EFD59EF70FFA2634FA404014428
:10E594009754FF1F9384044E13098002FD59EF70B2
:10E5A4007FA2634CA40401449754FF1F9384844CBA
:10E5B4005949FD59EF703FB2634AA40497F5FFFF30
:10E5C4009385050B1755FF1F13058552EF60500BFC
:10E5D40097050000938585851755FF1F1305454A48
:10E5E400EF60D0086F304FC93307240383A7040BAF
:10E5F4000504BA97239E370179B73307240383A709
:10E60400C40A0504BA972390370151BF3307240382
:10E6140083A7840A0504BA972391370161BFD441C3
:10E624000387350085473356F5026377E600A5482E
:10E6340099E7238006008280B387E702EDB7335859
:10E64400F502038735003375F502B3D7E7021307E4
:10E65400000363DA080103C6050013077003118A77
:10E6640019E21307700585064297A38FE6FEC9B722
:10E6740018451C416376F7005C41BA972380B700C4
:10E684001C4585071CC58280EF326FBD4111AA87E6
:10E694002E85B285368636C6829763480500B24613
:10E6A400158D3335A0003305A04041016F306FBD97
:10E6B400EF324FB9056941112A8A2320060001442B
:10E6C4008149975AFF1F938AAA4B056B7D1932C65D
:10E6D4002EC4EF703F8FAA84EF70DF8D2695A2457C
:10E6E40032466346A4004E8541016F30EFB803A75C
:10E6F4000A0093171400BA9703D70700337767010A
:10E7040001E71CC20504E1B703D707009356D700FD
:10E71400858AE39946FF33772701E315B7FEBE895F
:10E72400D5B7EF32CFB301112EC6B2843689EFB01C
:10E734000FF72A84615501C8B24589E9232E0400E4
:10E7440023200402014505616F30AFB3A1463008B0
:10E75400CA852685EFF05FF37DF583578101035762
:10E76400A101231EF4008357C1012310E4022311E5
:10E77400F4028357E101D207D1832312F4028357B1
:10E78400E1011397370163560700FD57231FF40077
:10E794005DBF231F040045BFEF32CFAA1754FF1FEC
:10E7A4001304442D8327040B03D7C701C167FD1746
:10E7B400630EF7109757FF1F938787629C4381C7A7
:10E7C4000545EF40407CC1690149930A400EFD199B
:10E7D400175BFF1F130B8B60EF70CFFD634BA90E0C
:10E7E4001757FF1F034787309307F00563E4E702D9
:10E7F400EF704FF793050006B3C5A502B7F73600CF
:10E80400938707E81755FF1F1305852EB385F50277
:10E81400EF60E07281451705000013058520EF7055
:10E82400CF86EFB0CFE701CD0357C50109CB03571E
:10E83400E50111C78347050299C3EF60E06EEFB0AD
:10E844004FE731C51757FF1F034707379757FF1F78
:10E85400938787360DCF03C717002304E50003C74A
:10E864002700A304E50003C737002305E50003C719
:10E874004700A305E50003C757002306E50003C7C7
:10E88400670083C77700A306E5002307F5001C444F
:10E8940093E717001757FF1F2322F71E5C4085E7F5
:10E8A400EF708FF90DC1EF702FF944402A89EF7092
:10E8B400AFF833F5A4025C40FD17CA97898F175748
:10E8C400FF1F232BF71A0145EF701FA901456F3075
:10E8D400AF9AB30459038327040BBE9483D7C401AE
:10E8E40063883703138A0403D2855285EFF0AFD6C9
:10E8F40005E183C7F40199CF938594082E85EFF041
:10E904008FD509C91306900581455285EF302F989C
:10E914000509D9B583270B00268593B71700860709
:10E924002380F402EFE0BFB9E5B7854763F8A70099
:10E934009307F5FFBE953305A040E98D2E858280AF
:10E944009841C167BA9713D707016304A7009CC114
:10E9540082804207998FE5BFEF326F9041112EC636
:10E964003284B684EFB0EFD4E15701C9B24591E9DE
:10E974009757FF1F2382072481473E8541016F304B
:10E984004F909D461756FF1F13061623A685228512
:10E99400EFF09FCFAA8775F105479756FF1F238D88
:10E9A400E620E1BFEF320F8A411191E99757FF1F2B
:10E9B40023A4070C0144228541016F30EF8BB685F7
:10E9C40032858D467000EFF03FCC2A846DF5834785
:10E9D400D1000347E1001759FF1F1309A909A20732
:10E9E4004207D98F0347C100D98F1757FF1F23252B
:10E9F400F708EF706FE461D1EF700FE483244900EE
:10EA0400AA89EF706FE333F5A40283274900FD1749
:10EA1400CE97898F1757FF1F2320F70669BFEF3260
:10EA24000F841C45AA8491CFD84B01CF83D74700CC
:10EA340089CBEF601FA0AA8509C588446105EF60F2
:10EA440000509757FF1F938767019C43014489EF48
:10EA54006F302F839C4813171400BA9703D507000F
:10EA640019C1EFE08FD00504EF70CFD1E344A4FEC9
:10EA7400C5B7EF22DFFE011185E9EF605FE80144CD
:10EA84009757FF1F23A407089757FF1F23A20708C0
:10EA94009757FF1F23A007089757FF1F23AE0706AA
:10EAA400228505616F20FFFDB6873285C946700057
:10EAB400BE85EFF07FBD2A8465F541469305E100EC
:10EAC4001755FF1F13058504EFD0E07F0355C100E0
:10EAD400EF608FE5F1B78DE19757FF1F23AC07F87F
:10EAE4009757FF1F938707F99C470145ED9B1757DD
:10EAF400FF1F2325F7F88280EF227FF64111B685A8
:10EB0400328595463000EFF03FB815EDA247175710
:10EB1400FF1F2321F7F69757FF1F9387A7F5944705
:10EB2400B24713F7B6FF13F6170019C213E74600EE
:10EB3400858393F7F7079756FF1F23A1E6F417572A
:10EB4400FF1F2305F7FA41016F20BFF3EF229FEF68
:10EB540003841500DC412A89AE8485070387F7FF07
:10EB640019C36340800C8387240091C763558000D8
:10EB74007D14620461849C40370700FF0907F98F04
:10EB84003707001009076392E70A63558000791478
:10EB94006204618483C70400858B95E39379F40F41
:10EBA4004E8A93178A01E187634AF008A287635368
:10EBB400040081473384F9407D14620461848385B1
:10EBC400240081C54A85EFF0BFAA9C40370700FFA7
:10EBD4000907F98F370700100907639AE7069305B9
:10EBE40000034A85EFF0DFA883C70400930580057E
:10EBF400918B99E3930580074A85EFF07FA783C73C
:10EC04000400858B81CB1374F40F93178401E1877F
:10EC14006347F004C04005048305F4FFA1E96F20B5
:10EC2400BFE57D14620461840DBF3707000809073E
:10EC3400E392E7F6E35080F67D1499BF9305000252
:10EC44004A857D1AEFF0DFA2137AFA0F99BF3707CE
:10EC540000080907E395E7FA9305000371BF9305DC
:10EC640000034A85EFF0DFA07D1471BF4A85EFF001
:10EC74003FA055B7EF22BFDEEF70CFB42A84EF7008
:10EC84006FB3229589450605EFE0EFC6E55711C538
:10EC94009757FF1F23A6A7EE81473E856F207FDE8F
:10ECA400930700026306F5005D1513355500828055
:10ECB40005458280EF221FD94111AA892A891304AC
:10ECC40019008304F4FF32C62EC42685EFF05FFDDD
:10ECD400A245324659E19307D0026392F4088304B3
:10ECE40004000548130429009377F6FEC9E7930747
:10ECF4000003639FF40E830704001307800593F752
:10ED0400F7FD6399E7068304140041460904B70636
:10ED140000806314080093C6F6FFB3FEC602814761
:10ED2400254F654EFD5F33D3C602138704FD636828
:10ED3400EF06BA8463D5C408630DF5017D55636A93
:10ED4400F3006394670063C69E000545B307F602AB
:10ED5400A69705048304F4FFC9BF22898DB79307DE
:10ED6400B0020148E392F4F8830404002A881304EF
:10ED740029009DBF01CA8947E31BF6F893070003E6
:10ED8400E397F4F8830704001307200493F7F7FDCF
:10ED9400639BE70483041400094609048DBF13E749
:10EDA40004021307F7F9636CEE009388F4FB13076E
:10EDB400700363741E0113077005998CA5BF7D57FA
:10EDC4006300E50263040800B307F04091C519C16C
:10EDD4009309F4FF23A035013E8541016F20DFC96B
:10EDE400B687FDF5D5BF9304000315F2214605B798
:10EDF40019FE294629BFEF22FFC4011161540DC534
:10EE04003284AE89414681453689EFF0BFEA9314D6
:10EE14000501C180639E09002685EF30F02F01446F
:10EE240001C58145EF20901D228505616F20DFC457
:10EE34002285CD467000CA85EFF01F852A846DF5C2
:10EE44002685EF30702D09E90356C1008345E101A1
:10EE54002685EF20901201C941469305E100110572
:10EE6400EFD06046D1B75D54C1B7EF22BFBD0111E9
:10EE7400E15401CDB284AE89414681453689EFF033
:10EE84007FE32A84639709008144268505616F2006
:10EE9400BFBE2685D1467000CA85EFF0EFFEAA8476
:10EEA4006DF58357C100EDD3EF700F9842059317AA
:10EEB40004014181C18363F9A702EFB0AFBE4204EC
:10EEC400E14741803304F40241460C082A941305B7
:10EED4004400EFD0403F8357E1002311F4008357EF
:10EEE400C1002310F40055B7E55445B7EF229FB590
:10EEF4007971E15415C53284AE8941468145B684A1
:10EF0400EFF05FDB1319050113590901639E090032
:10EF14004A85EF40F069814401C58145EFB04FB99E
:10EF2400268545616F205FB5A68593063002700083
:10EF34002285EFF06FF5AA8465F54A85EF405067A6
:10EF44002A8411E54A85EFB02F952A8431C5835769
:10EF5400C10023112401930964002310F4008347A2
:10EF6400E1009305F10041462302F4004E85EFD001
:10EF740080351309740141469305F1014A85EFD0A8
:10EF84008034930554004E85EFC08FC69305640109
:10EF94004A85EFC0EFC569B7DD5459B7EF229FAA80
:10EFA400797111E5E154268545616F20FFACB28487
:10EFB400AE89414681453689EFF0DFCF131A05014A
:10EFC400135A0A015285EFE02FCB2A846398090073
:10EFD40071D98145EFB04FBC8144F1B726859306C2
:10EFE40010027000CA85EFF02FEAAA844DFD31C8E3
:10EFF400B2479305D1004146858B230FF400B247F5
:10F0040013050403858393F7F707A30FF400EFD0E8
:10F01400802B41469305D10113059408EFD0A02A13
:10F0240059B73304690383A70A0B3E948357C40179
:10F03400638337030509EF60FFF7E344A9FEDD545A
:10F044009DB7C1690149975AFF1F938AAAA2130B5E
:10F05400400EFD19CDB7231E440159BF49CDEF22FF
:10F064007F9E4111B289AE8441468145368AEFF0D4
:10F074007FC4931A050193DA0A010149175BFF1F44
:10F08400130B4B9FEF601FEB634AA9000145ADCC06
:10F0940081441759FF1F1309E99D81A883274B0B4E
:10F0A400131439003E9483570400638857050509F7
:10F0B400D1BF8327490B139434003E948357040033
:10F0C40085E72310540191467000D2854E85EFF0F8
:10F0D400AFDB1DE9B24713978700E1832183858B5A
:10F0E40058C02301F4000DA08504EF60BFE4E3C21F
:10F0F400A4FC5D5511A861558280F1F42146814537
:10F104002285EF20DF98014541016F20FF96197198
:10F11400D2C4130AC10686CEA2CCA6CACAC8CEC619
:10F12400D6C2B6D6BAD8BEDAC2DCC6DE52C4638151
:10F134000524FD151C102ACC2ECA02CE3EC8930409
:10F14400B0021549A94983050600130416009DE180
:10F15400F2465247E24763FBE620B6972380070056
:10F164007245F6406644D6444649B649264A964A0C
:10F1740009618280930750026386F5004808EFF026
:10F184002FCFF5A88357C10023070100014593F74A
:10F19400C70F2316F1008145014801470146814606
:10F1A4009308D00213030003130E300205048307EF
:10F1B400F4FF99C7638C970463C3F404638BC70596
:10F1C40001CA0346C100858A799AD18E2306D100EB
:10F1D400630908008346C100098BF59A558F2306FD
:10F1E400E10019C12307B100138707FD1377F70F57
:10F1F400A54663E2E6068146A545294535A0E38791
:10F2040017FBE39F67FA0546FD564DB7054585454F
:10F2140071BF05487D5759BFB386A602050483070D
:10F22400F4FFBA96E206E18613F7F70F130607FD1B
:10F234001376F60F63E5C500138707FDF1BF1306C8
:10F24400F7F91376F60F636EC902138797FAE3058D
:10F2540037FDA306D100130790066385E704634BCB
:10F26400F706130780056384E70A6345F702E38121
:10F2740007EE1307500293055002E381E7F022865C
:10F28400D9B51307F7FB1377F70FE364E9FC13878A
:10F2940097FC75BF130730066386E70A1307400619
:10F2A400E39FE7FC03250A00A947A307F100930A9B
:10F2B4004A00635805009307D0023305A040230792
:10F2C400F1006C00EFF0AFB56C004808EFF01F8858
:10F2D400568A75B713073007638EE7066341F70252
:10F2E4001307F006638EE70413070007E399E7F8B2
:10F2F4000347C100136727002306E10009A8130789
:10F304005007638BE70213078007E39AE7F69387B6
:10F3140087FA414793B71700A307E1001397270023
:10F324008347C100ED9BD98F2306F100930A4A005D
:10F334006C0003250A0079B7A947A307F100FDB7BC
:10F34400A147E5BF83050A004808930A4A00EFF085
:10F354002FB2BDBF83270A006C0048083EC8EFF0F7
:10F36400EFFE1C10930A4A003EC89DB7BA97FDB33E
:10F374000145C5BBEF22AFEE2A8836858346480097
:10F38400BA8703475800A206D98E328717F60000C1
:10F394001306062789E517F6000013062627BE85FF
:10F3A400EFF0FFD66F20EFED9757FF1F938747804D
:10F3B4009C4381CFEF22AFEAD843B2862E8618470A
:10F3C400AA853E8502976F20CFEB61558280EF229C
:10F3D4000FE98357050039712A84231EF1008347FE
:10F3E40045009305650041461305F101230FF10023
:10F3F400EFC0706D9305740141461305F102EFC02F
:10F40400906C8356240017F6000013066628E54521
:10F414000A85EFF0DFCF6C08130630020A85EFF09F
:10F42400BFF821616F20EFE5EF226FE339712A8481
:10F434009305050341461305D101EFC0D068930538
:10F44400940841461305D102EFC0F0678347E401F5
:10F454000347F4018356C401858B0607D98F17F639
:10F4640000001306A623E5450A85230EF100EFF0FC
:10F474001FCA6C08130610020A85EFF0FFF221611F
:10F484006F202FE0EF220FDC37040001B70400FFE8
:10F494000111814A1749FF1F1309C95D7D1493891E
:10F4A400F4FF17FA0000130AEA23EF60BFA863C54C
:10F4B400AA0005616F204FDC8327490B13973A009C
:10F4C4003E978347370095CF5C43A30107005286DC
:10F4D400B3F687008247E5454800E58FD58F3EC0E7
:10F4E40083462700B3F73701858AE206D58F835612
:10F4F40007003EC0EFF0BFC111468A854800EFF017
:10F50400BFEA850A5DB7EF228FD501468145EFF04A
:10F51400BFE96F200FD783576500638E071A1D71EB
:10F52400A2CCA6CACAC886CECEC6D2C4D6C2DAC0B7
:10F534005EDE801013F717003289AA8431CBF99B61
:10F544002313F500EF601FA306053D0541990A8BBF
:10F55400C16A3301A1408A8B8149014AFD1AEF60D7
:10F564007FA1634CAA0C7947930604FB17F60000AD
:10F5740013064616CA852685EFF0DFDF638F090C74
:10F5840013961900DE85130504FBEFF0FFE15A81A1
:10F5940083D7640013F7270021CBF59B2393F40052
:10F5A400EF605F9E06053D0541998A8A3301A140BB
:10F5B4000A8B8149014AEF60FF9C6345AA0A6547AB
:10F5C400930604FB17F6000013064611CA85268528
:10F5D400EFF05FDA6387090A13961900DA851305D9
:10F5E40004FBEFF07FDC568183D7640013F74700F8
:10F5F40005CBED9B2393F4006547930604FB17F6B4
:10F6040000001306E60DCA852685EFF0BFD69C449C
:10F6140081C703D747003DEB130504FBEFF0BFEEB2
:10F62400130104FAF6406644D6444649B649264ACC
:10F63400964A064BF25B25618280DC4413171A005C
:10F64400BA9703D707006308570193971900DE9709
:10F654002390E7008509050A19B7130504FBEFF0A9
:10F664009FEA35B79C4813171A00BA9703D70700C7
:10F6740019C793971900DA972390E7008509050ABB
:10F684001DBF130504FBEFF01FE8B1BF2314E4FA18
:10F6940003D767008326C4FA2146520751832315F2
:10F6A400E4FA370700F0758F9447930584FA13053D
:10F6B40004FB92069182558F2326E4FA83C77700D0
:10F6C40013F707018347F4FABD9BD98FA307F4FA14
:10F6D400EFF09FCDB1B78280EF22EFB51744FF1F43
:10F6E400130444390444797193F7F4FB1747FF1F5B
:10F6F4002326F73893F70404A1C78588A1E097F976
:10F704000000938929FEEF60FF8263DBA402832754
:10F71400440B139934003E998356090091CE4E86CA
:10F72400E5454808EFF0BF9E4808EFF0DFDD2146CD
:10F7340081454A85EF20AFB58504F1B7EFF09FD43A
:10F744001C4413F7F7F79746FF1F23A9E63293F7F4
:10F7540007086397071E1C4413F7F7EF9746FF1F2C
:10F7640023AEE63013F707106318071E1844937787
:10F77400F7DF9746FF1F23A3F6309376072095C63D
:10F78400058B630A072018408983858B3ACA03478F
:10F79400840715464C080607D98F17F50000130592
:10F7A40025F1230CF100EFF03FC01C4413F7F7BF21
:10F7B4009746FF1F23A4E62C93F707408DC3835776
:10F7C40044000D464C08231AF1008357640017F5D2
:10F7D4000000130525EE230BF100EFF0FFBC1844E5
:10F7E400FD749387F47FF98F9746FF1F23A8F628AB
:10F7F4009317470163DF0700EFA06FEA19C9835627
:10F80400C5016391061A17F50000130525EBEFF007
:10F814009FCF1C447D777D177D8F9746FF1F23AFB5
:10F82400E62413973701635A0702858B6388071C04
:10F83400EFA02FE81DC118458347E5001D463ACACD
:10F844000357C5004C0817F500001305A5E7231C52
:10F85400E100230DF100EFF03FB51844F977FD17EF
:10F86400F98F9746FF1F23ABF6209317270163D91F
:10F874000700814517050000130525CAEF60EF80D6
:10F884001844E177FD17F98F9746FF1F23A8F61E4A
:10F894009317070163D30702EFA0DFA02A848144F2
:10F8A40017F90000130989E2EF600FF89397040138
:10F8B4004205C183418163EAA71445616F202F9BF0
:10F8C40083A70A0093141900BE9483D7040033F766
:10F8D40067011DCF1396170133F77701B3F637018C
:10F8E4006352060417F60000130686DA09E717F6D2
:10F8F40000001306A6DAE5454808EFF05F814808E2
:10F90400EFF07FC083D70400B3F747012390F400DE
:10F914000509EF602FEBAA84EF60CFE92695E34158
:10F92400A9FA15BD368519C7EF40804861DDEFF0AF
:10F934001FAAC9BFEFD05FB471D5EFF0FFAED9B73E
:10F9440085697D7A0149974AFF1F938A6A23056B6B
:10F95400896BFD197D1A75BF858B9DC7EF501F817B
:10F96400231AA10041469745FF1F9385251A1305C5
:10F974006101EFC0501549464C0817F50000130506
:10F98400A5D2EFF07FA2DDB317F500001305C5D1B2
:10F99400EFF07FB7E1BB17F50000130565D1EFF079
:10F9A4009FB621B50357E501C17785073E97835775
:10F9B400A101FD14133717003207E58FD98F231DDA
:10F9C400F100231AD100835605020357250221466C
:10F9D400231BD100231CE100035745028566FD1655
:10F9E400758FFD76F58FD98F4C0817F50000130538
:10F9F400E5CC231DF100EFF03F9B21BD17F500007E
:10FA0400130545CCEFF03FB089BD5C4813F7E7FF21
:10FA140058C8858B89CFA6864A86C9450A85EFF0E2
:10FA24000FEF8357040099E70A85EFF0DFAD8504F3
:10FA340061049DBD231AF1008357240093054400FB
:10FA440041462808231BF100EFC0F00751464C083B
:10FA54000A85EFF07F95E1BFEF226F8085473395EC
:10FA6400A7009747FF1F9387E7009C4741118145F3
:10FA74005D8D9747FF1F23A3A7009377057085E348
:10FA840093576500858BA1CBC167938707887D8DCC
:10FA940005EDEF606FDB9305803EB305B5021745B6
:10FAA400FF1F1305250E2EC6EF50203FB24519C186
:10FAB4006349B50085C51745FF1F1305A50CEF5015
:10FAC400004841016F10FFFBEF600FD82A84EF60FC
:10FAD400AFD8E360A4FCEF602FD875BF0145EFF009
:10FAE400BFBFC5B7EF12BFF77971AA8601441749A2
:10FAF400FF1F130929F836C6EF60CFC3B246635C13
:10FB0400A4028327490B93143400BE9483D70400C2
:10FB14006396D70285C617F600001306A6BCE54512
:10FB24004808EFF0CFDE4808EFF0FF9D21468145FD
:10FB34002685EF10DFF545616F10BFF4050465BF3E
:10FB440019C223200600814701C59306D00389E525
:10FB54003E8582808505050583870500030705002A
:10FB640099CF6394E700E397D7FE8147D5B793060F
:10FB7400D0038547E30ED7FC93371700D1BF930713
:10FB8400F002E316F7FE854761D6050508C2C9B73A
:10FB940099C123A0050081470DC11308D0031306A2
:10FBA400F0023307F5008306070081CA6387060164
:10FBB4006397C60099C1050798C13E858280850771
:10FBC400CDB731C9EF123FE741112E8A6C002A8963
:10FBD400368BB28A97F40000938484A4EFF05FFB21
:10FBE4002A8C0144A689B14B88406286CA85EFC03D
:10FBF400301001ED0E044E945C403245DA86568690
:10FC0400D285829741016F109FE60504A104E31D8C
:10FC140074FD6155C5BF7D55828099E5615582802B
:10FC2400615505616F105FE5EF12DFE12E8A2A84CA
:10FC340001118145B28452854146BA893689EFF073
:10FC44006F8793150501C1811376F50FA181228574
:10FC5400EF507FBF2A8469D552854C08EFF05FF3DB
:10FC6400524A2A8BE30E0AFA2A8697F500009385F6
:10FC740065A65285EFC0D007AA8A0DED7D5AEF60C4
:10FC84006FAF63C5AA0099E8014561BF5C4413974F
:10FC94001A00850ABA9723904701D5B74C442EC65B
:10FCA400EF604FADB245131615004E850299E34D32
:10FCB400A0FC85BF5A8697F50000938525A252853E
:10FCC400EFC010030DE1032A0401EF60AFAB13167C
:10FCD400150081455285EF109FDBDDD40C482EC6FC
:10FCE400EF604FAAC1B75A8697F500009385459FE8
:10FCF4005285EFC0E07F41E11C44A5CF81ECD443A1
:10FD0400370700E0758F9447D8C33707001F758FF6
:10FD140098C701BFA1463008CE854A85EFE0DF963B
:10FD2400E31105F01844835781017D762312F7000F
:10FD34008357A1019396470183576700D182F18FBE
:10FD4400D58FF2467D767D16F182858AB206F18FD3
:10FD5400D58F2313F7008347E1018356C10123059F
:10FD6400F7008347B7002314D700FD8BA305F700E2
:10FD74004DBD7D557DB55A8697F500009385C5899F
:10FD84005285EFC0E076E31D05E81C4CE38A07E8E2
:10FD94009C43E38707E8CE864A86A6852285829718
:10FDA40049B5EF12DFCB3687B2862E86AA85054584
:10FDB400EFF0BFE66F10FFCCEF127FCA3687B28632
:10FDC4002E86AA850145EFF05FE56F109FCBEF12F9
:10FDD4007FC7411199C123A005009747FF1F93874F
:10FDE40027DC804381441DC82E89AA8931141DC48F
:10FDF4000C4070004E85EFF0BFD419CD81E8A28489
:10FE0400630C0900B2472320F90039A08C40084054
:10FE14000146EFF0FFD265F5404869F826854101B7
:10FE24006F109FC5184111CBEF127FC3AE873E857B
:10FE3400B285368602976F10DFC435558280EF1283
:10FE44001FC28357C50013D70501C205B387E70254
:10FE54001841C1814849BA95BE95EFF0BFFC6F10B7
:10FE64005FC2584111CBEF129FBFAE873E85B2856A
:10FE7400368602976F10FFC035558280184509CB2E
:10FE8400EF12FFBDAE873E85B28502976F107FBF2C
:10FE9400355582805C4599C7EF127FBC2E858297C9
:10FEA4006F103FBE35558280EF12DFB983290500FC
:10FEB400035AC5002A844849AE848145EFF09FFD6A
:10FEC4002A890DE193D50401B38545030356C40083
:10FED4004848CE95EFF09FFA2A8909E548488545B8
:10FEE400EFF05FFB4A856F103FB9EF12BFB52A8967
:10FEF4000441035BC500484979712E848145B28A67
:10FF0400368AEFF03FF941E193590401B38969035B
:10FF1400420441802694A299034409013304804099
:10FF24003374440111CC03254901A2865686CE853B
:10FF3400EFF03FF3AA8431E1330A8A40A299A29AEE
:10FF44008144630C0A025286D685080803244901B9
:10FF5400EFC06037834609011C089305F00F338610
:10FF640046413385470136C6EF107FB2B2461008CA
:10FF7400CE852285EFF0FFEEAA840325490185454D
:10FF8400EFF05FF1268545616F101FAFEF123FADB3
:10FF94002E864C41A1462A84EFF03FF5AA840345FE
:10FFA4000401A145EFE07F985C403385A74048C039
:10FFB40026856F101FAD814797E600009386466340
:10FFC4006393C70082803387F500034707008507E2
:10FFD400398D135745003697034707001205398DAD
:10FFE4001375F50F1357450036970347070012059D
:0CFFF400398D1375F50FE9B7EF127FA6E9
:020000021000EC
:100000002A84AA851D461305F00FEFF01FFB8347D6
:1000100074003385A7403335A0006F10DFA6EF12C0
:100020005FA44111A1463000EFF0BFE109ED035795
:100030008100C167FD1705456317F7002800EFF041
:10004000FFFB3335A00041016F10FFA3EF12DF9FCC
:10005000AE848C4141113684A1462A89034A0501A8
:10006000EFF03FDEAA8921ED5285A145EFE03F8CFC
:100070009C400357C9002A8AAA97939607019CC0FF
:10008000C182098F639DE602C16513D70701B3855D
:10009000B74011E78355E900FD15C205BE958CC038
:1000A0001DC05C404177AD8FF98F91EFF98D8CC009
:1000B0005C403E9A420A135A0A01D2958CC04E8582
:1000C00041016F10BF9BA1460A864A85EFF07FD79A
:1000D000AA8975F50A85EFF07FF209C583274900E3
:1000E0009CC0F1BF0357C9008357210080403307EC
:1000F000474163DBE70033FA470363170A004177A0
:10010000798C3E9480C065BF03450901A145417AC1
:10011000EFE0FF81098CAA8A80C0337A4401417BD9
:1001200063648A00814961BFA1463000A2854A8587
:10013000EFF03FD1AA8941F52800EFF03FEC11E93B
:100140008357A1000357C100337A6A0180C0BA9770
:100150003E9A33045441E9B7EF12BF902A84AA852E
:100160001D461305F00FEFF05FE5A303A4006F1029
:100170009F91EF129F8C2A84034505015D712E8AA1
:10018000A145EFE0CFFA5C402A8B0355E4004179AA
:10019000B3F727016C003EC6EFE0CFFA8355C400E9
:1001A000B247A1463008BE95B385654122852EC869
:1001B000EFF03FC9AA84634B05002808EFF01FE465
:1001C00011C9B2452285EFF07FCEAA8426856161F0
:1001D0006F103F8AC2470357A101C17C338B67412F
:1001E000B3F72701BA973EC8814610100C08228544
:1001F000424CEFF0BFE5AA8471F90810EFF01FE060
:1002000025ED5C403ECAD28630104C08228552490A
:10021000EFF0DFE3AA845DF94440638C24010357C7
:100220008102835701026316F7002810EFF01FDDEB
:1002300001C5D247E399F4FC63102C0583574102B2
:1002400085CF83572102B37B9C010810BE9B1C44C1
:100250002311F102EFF05FF083490401835A410258
:10026000B309304193F90902639B0A000C102285FF
:10027000EFF01FD2AA8439F9E3188BF799B74E89AA
:1002800063F33A015689CA861018DE852285EFF09D
:100290005FBBAA8405FD630909000C44CA861018D7
:1002A0002285EFF0DFC4AA8403450401CA85EFE08C
:1002B0000FE81C443E9508C4E39A04F0B38A2A412F
:1002C000CA9B5DB7EF124FF8411191E5FD542685A9
:1002D00041016F10AFFAC44983D725014CC904C14D
:1002E0002316F50003C705012A842317E50003C57B
:1002F000150193160701130700022308A400C18209
:10030000E366A7FCE1D7B3E4F402E9F08547E3FF35
:10031000D7FAA145EFE0AFE1AA89014A0149835725
:10032000C400931509012285BE95B38535412EC2BF
:10033000EFF0FFCE19ED0355E4004C00050AEFE0A5
:100340006FE09245420A2285135A0A01EFF03FCD31
:1003500009E905098357E400420913590901E360DB
:10036000F9FC8357E40063944701D1548DB763943B
:1003700027039245A1463000B38535412285EFF031
:100380005FAC35E12800EFF07FC711C50355E400ED
:100390004C00EFE02FDB9247C17A3387374158C0DA
:1003A0004177F98F1CC44C401C4463EEF500A14614
:1003B00030002285EFF0FFA81DE52800EFF01FC4F4
:1003C000032A44001DC15C400355E4004179B3F7A2
:1003D00027014C003EC2EFE0EFD692452285EFF0B8
:1003E0001FC4635C0502AA84DDB512450359A10050
:1003F000035BC10033F5AA002A9903450401DA859D
:10040000EFE0EFD24A9508C46314450163140B046E
:10041000330A3A412322440179B709C58547A30825
:10042000F40075B54C402285EFF05FA84DFD4840C3
:100430008357C40086093375A9003E9533053541BD
:1004400048C03375250108C481452285EFF07FD26D
:1004500071D551BF4D5541BF83471501D1CFEF1223
:10046000CFDD2A840345050141112E8AA145BA89B1
:100470003689328BEFE0AFCB8357C4000605898FF6
:100480007D5563E827075C4081443EC281463000C9
:100490004C002285924AEFF07FBB21ED835B810007
:1004A00063994B012800EFF07FB501E58504C20494
:1004B000C18058409247630BF702E3F999FC8356D9
:1004C000C10061559DC663E63403C175B3FABA0035
:1004D0006373D900CA868355A1005A862285D695B2
:1004E000EFF03F9619E50355C10021A06155E3885F
:1004F0004BFD41016F10EFD749558280EF126FD647
:100500000147EFF07FF56F100FD8EF128FD53284CF
:10051000B2862E86835545000841EFF03FFE6353B7
:1005200085002A8422856F100FD6EF128FD0834763
:1005300015015D71C954A5CB834D05012EC62A84D2
:10054000A1456E853689328AEFE06FBE0D473307CD
:10055000E5028357C400AA8BFD54998F63E52705F4
:100560006304090063010A045C403ECE814610101A
:100570006C082285724DEFF07FADAA8945ED835757
:10058000010232476397E7000810EFF03FA76307C7
:1005900005145840F247E31BF7FC8144631B090034
:1005A00019A0814499E7268561616F104FCCE35C07
:1005B000A0FECA856E85EFE08FB7014C11C55E9530
:1005C000131C0501135C0C01814D417B130D44008C
:1005D000FD5C8357E4006381B7111C44544033072A
:1005E000FC0063EBE60432472315F1022810FD57A7
:1005F0002314E102231621032307F102EFF0DFB5F4
:10060000630909000C44CA8652862285EFF03F8EAA
:10061000AA8903450401CA85EFE06FB11C443E95E9
:1006200008C4639909002C102285EFF07F96AA89EF
:10063000CA8435D9CE8485BF6146A2850818970043
:10064000FF1FE780805B44400355C400A145B3749D
:100650009B00AA9403450401B3847441EFE02FADDD
:100660003385A44048C00355E400EA85EFE08FAD30
:100670005C400C182285B3F767011CC4EFF07FAF14
:10068000AA8415F103450104A145850DEFE02FAAC9
:10069000D25723149103231601023387A700231591
:1006A000E1020357C103B3F76701BA97898F281096
:1006B0003EDAEFF07FAA2C100818EFF07F8DAA84A5
:1006C0000355E1034C18EFE0EFA7D257B3F76701EA
:1006D0003EDCE38004F0C1BDC154F1B58357410253
:1006E000E30109ECE39727EDC177034C0401B377ED
:1006F000FD00035D2102330C8041137C0C023E9D02
:10070000D28ACA8C628B63F38C01668BDA861018EE
:10071000EA852285EFF0EFF2AA84E31A05E85A860B
:100720000C185685EFB01038AA84E31405E8B38C92
:100730006C415A9DDA9AE3970CFCB5B5EF126FB293
:1007400081460146EFF07FDE6F10EFB3638C050E3C
:10075000EF12AFAE5D71054D19C213BD16000359FE
:100760000502B68B328B05094209135909012E8AFD
:100770002A84CA89216C930A8500E15C9304F9FFFD
:10078000C204C180638F84059306A0045000A6852F
:100790005685EFF0BFD66357050063139501A68910
:1007A0002689E9BF9C083E95230A05FA4C0052852C
:1007B000EF10AFB875F563040D0883570402639515
:1007C00097089387F4FF2310F40289461306040266
:1007D000A1655685EFF07FD56358050661616F10FE
:1007E0004FA90145E31C0DFE0549B1675D55E3873F
:1007F000F9FE9165CE9593048400C205DE865A8683
:10080000C1812685EFF07FD2630D09005285EFB0DC
:10081000504DAA865286CE852685EFF01FD1E34F34
:1008200005FA8357040263FF370323103403894614
:1008300013060402A1652685EFF03FCF25A0A68907
:10084000014965B77D558280A6855685EFF01FEF7B
:10085000E34605F89165FD15CA95C205C181568527
:10086000EFF0DFEDE35CA0F601458DBFEF12EF9CEA
:1008700003540502916A1D71050442042A89AE8958
:100880004180A16B130A8500FD1A130B0502930426
:10089000F4FFC204C180639D7405916B2164130A47
:1008A0008900850B170C0000130C6CC683570902D6
:1008B00093041400C204C18085076383F40E5E9420
:1008C0009306A0045008A68552854204EFF01FC38A
:1008D0004180AA8A854613067100A2855285EFF0F1
:1008E000FFC12A8B634750076347A00626847DBF5C
:1008F00056949306A0045008A68552854204EFF052
:10090000FFBF41802A8C854613067100A28552855F
:10091000EFF0DFBE634C8003E351A0F88357090278
:10092000E39D97F69387F4FF2310F90289465A86D0
:10093000A1655285EFF07FBFA6855285EFF01FE0DD
:10094000A2855285EFF09FDF268491B7E358A0FC83
:10095000A9B7634BA000A6855285EFF03FDEA285C4
:100960005285EFF0BFDD59B79C10BE9A238A0AFA70
:10097000639109022C004808EFF0AFC525D91C454A
:10098000224552C62318810074006286DA85829758
:10099000B1BF0146CE854808EFF0CF9A61FDB9B7E7
:1009A000014525616F10EF8CEF12AF8B9737FF1F5A
:1009B0009387471F8043814409C42A8931148144A5
:1009C00001E426856F102F8C631809005C4481EFC9
:1009D000404865D83114EDB708400146CA85EFF0AC
:1009E0006F966DF5F5B78297E5F4AA84D5B7EF1247
:1009F0004F879737FF1F9387671B8043AA8409ECB3
:100A00002685EFF07FFAAA840144EF50EFD2636CA1
:100A1000A40026856F102F875C402285A6859C4305
:100A200082970040E9BF05041374F40FF9BFEF1279
:100A30004F830145EFF0BFFB6F10EF849737FF1F27
:100A40009387C71623A0070023A207008280EF1216
:100A50004F819737FF1F9387E71423A0070023A236
:100A60000700EFF0BFFD6F100F82EF029FFF4111F3
:100A7000130985002A84EF502FE8AA854A85EFF0F4
:100A80007F84AA8419ED89461306E100A1654A8591
:100A9000EFF0DFA6E177634405008357E100231000
:100AA000F402268541016F001FFE9737FF1F9387D1
:100AB000E70F90430147B28691EE05E3DC4310C196
:100AC0001737FF1F2324A70E85EF9737FF1F23A19A
:100AD000A70E828036879442C5B7144385E2DC4373
:100AE0002320050091EB9737FF1F23A3A70C97370F
:100AF000FF1F23ADA70A828088C3C1BF14C108C3EA
:100B00008280EF021FF61734FF1F1304640522854D
:100B1000EFF0BFF5AA8405E517E90000130989B6CF
:100B200022859737FF1F23AF2703EFF01FF8973772
:100B3000FF1F23A927039737FF1F23AD87062685AD
:100B40006F007FF49737FF1F83C70707795599EF29
:100B5000EF023FF1EFF0BFEFEFF0BFFA11E585478D
:100B60001737FF1F230AF7046F00FFF18280EF029F
:100B70005FEF9737FF1F9387E70280432A89BE8480
:100B800019C0311415E0D840232A09009307490100
:100B900005E71737FF1F2329F7001737FF1F232308
:100BA000F70001456F003FEE0C4003250900EF0000
:100BB000DFF809C94048E9B71CC31737FF1F2325D1
:100BC000F7FEC5B75955F9BFEF02BFE997F5FFFF2B
:100BD000938505B11735FF1F130505FBEF40802AEC
:100BE000EFF05FF61715FF1F13050500EFF03FF854
:100BF0006F007FE9EF02FFE68357650093E7170078
:100C00002313F5003545EFE07FE56F00DFE7EF02E6
:100C10005FE58357650093E727002313F50035450B
:100C2000EFE0DFE36F003FE6EF02BFE38355C5016E
:100C300001112A840A860145EFD0DFA719C983571D
:100C400005001167D98F2310F5001D45EFE01FE166
:100C500005A002478356C40119EF17E600001306EA
:100C600026A4E5454800EFE0CFCA4800EFE0FF8941
:100C700005616F005FE193974601835607007D761B
:100C8000D183F18EDD8E93D7860093F7F70823107A
:100C9000D70093E70705A300F70045BFEF027FDC0D
:100CA0002145EFE0BFDB6F001FDEEF029FDB214538
:100CB000EFE0DFDA2545EFE07FDA3145EFE01FDADC
:100CC0006F007FDCEF02FFD98355C50141112A84F3
:100CD00070000145EFD01F9E01CD8357050071774D
:100CE0007D17F98F2310F5001D45EFE03FD731A0A8
:100CF000B24699E62285EFE06FF341016F00BFD85D
:100D00008357C4017D761397470183D7060051832B
:100D1000F18FD98F13D787002390F6009377F708C8
:100D200093E70701A380F600C1B7EF029FD32A849F
:100D30002545EFE0BFD201E42945EFE03FD26F0047
:100D40009FD4EF021FD28355250041112A847000E1
:100D50000545EFD03F9601CD8357050071777D178C
:100D6000F98F2310F5001D45EFE05FCF31A0B246AB
:100D700099E62285EFE0EFE541016F00DFD0835770
:100D800024007D761397470183D706005183F18FA6
:100D9000D98F13D787002390F6009377F70893E74E
:100DA0000703A380F600C1B7EF02BFCB8355250030
:100DB00001112A840A860545EFD0DF8F19C98357B0
:100DC00005001167D98F2310F5001D45EFE01FC9FD
:100DD00005A002478356240019EF17E6000013060A
:100DE000668BE5454800EFE0CFB24800EFE0EFF159
:100DF00005616F005FC993974601835607007D76B2
:100E0000D183F18EDD8E93D7860093F7F7082310F8
:100E1000D70093E70707A300F70045BFEF027FC4A1
:100E2000EF50CFA111E52945EFE05FC36F00BFC5CB
:100E30009737FF1F938747C4C043EF502FA03375E8
:100E4000A40275D1E5B7EF02DFC12A84EF50CF8F3E
:100E500085476307F500A301F4001945EFE01FC0C3
:100E60006F007FC2EF02FFBFEF500F8E8547630513
:100E7000F5001945EFE09FBE6F00FFC0EF027FBE97
:100E80003D45EFE0BFBD6F001FC0EF029FBD835720
:100E9000650093E747002313F5003545EFE01FBCDD
:100EA0006F007FBEEF02FFBB3145EFE03FBB6F003D
:100EB0009FBDEF021FBB2D45EFE05FBA6F00BFBCC7
:100EC000EF023FBA8357250079712A842314F10079
:100ED000834745019305450041461305A100230DB5
:100EE000F100EFB0803E8356040017D600001306D1
:100EF000A66FD1456808EFE0CFA12C004D466808E9
:100F0000EFE0CFCA45616F001FB8EF029FB583566F
:100F10000500011117D600001306066DD1456800C3
:100F2000EFE02F9F6800EFE04FDE05616F00BFB577
:100F3000EF023FB301113684B28479478A8617D60F
:100F400000001306A66DEFE02FC309C82286A68510
:100F50000A85EFE0AFC505616F00FFB20A85EFE0DB
:100F6000CFDAD5BFFD571717FF1F230FF7C88280B1
:100F7000EF029FAD41112A892EC6B289EF408FBC86
:100F8000B2451304F9FF2E944DC593170901C1878B
:100F9000AA847D55635CF0024204418093170401EA
:100FA000C1876355F0029DC1EF408F9C636AA40620
:100FB0009C4481443E95420541819307F5FFC20759
:100FC000C18363E0270763960900695541016F00FB
:100FD000FFAA2390A900D5BF3387640383A78A0A99
:100FE0003E97835727006386470383570700636252
:100FF000F40203474701BA97C207C1831387F7FF7B
:101000004207418363672701E38109FC2390F900CC
:101010006DBF8504EF506F8CE3C0A4FC01457DB724
:101020008144416A973AFF1F938A0AA5594B7D1A5A
:10103000D5B77D5561BFEF02DFA21734FF1F130440
:1010400064B89734FF1F9384A4B80325C41419CD42
:10105000184D2326041411048347870093F7F7FBE8
:101060002304F700EF501FD9E31194FE6F00BFA1D6
:10107000EF023F9F1735FF1F130545CAEF30F06D94
:10108000EFF07FFB6F003FA0EF02BF9D930540068E
:101090001735FF1F130585C8EF30B06A6F00BF9E7C
:1010A000EF023F9C7D56B5450145EF407FC86F007C
:1010B0009F9DEF027F99EF409F8F1734FF1F13040E
:1010C00064B02320A4142322B41481440D49971939
:1010D000FF1F9389E9B20325C41419CD8504014685
:1010E0006386240183270415814591E3CE85EF4073
:1010F0001FCD1104E39124FF6F005F98EF02DF948E
:1011000041112A84AE8932C6EFF09FF6EFF05FF905
:1011100029C99737FF1F9387E7AA83A5C7129304AE
:10112000C5002A892685EF50BFB381452685EF503B
:10113000FFAA9315240093E5350093F5F50F268556
:10114000EF50DFA93246CE852685EF505FA797374F
:10115000FF1F23AF27BBEFF0DFF5014541016F0013
:10116000FF916555E5BFEF02DF8FAE8495452A8478
:10117000EF505FBEA6852285EF505FA66F00BF903F
:10118000EF02BF8BBD652A84938505A61735FF1F27
:101190001305C5BAEF30F05A9737FF1F938787C4FE
:1011A0009C439734FF1F9384E4A1268989CBC840D0
:1011B00019C522868D45EF10303D6F009F8BEFF0F3
:1011C0003FEBEFF0FFEDAA846555E5D80327090052
:1011D0009737FF1F83C787B39316170163D7060C92
:1011E0001307F0076388E70085071737FF1F230FF2
:1011F000F7B029A09737FF1F238A07B08325C912AC
:101200009389C4004E85173AFF1F034A2AB0EF5056
:101210003FA5D2854E85EF507F9C834744005147C0
:101220008145637CF7009385C7FE93F5F50FDD4795
:10123000B3D5F502850593F5F50F8A0593F5C50F2E
:101240004E85EF50BF99835544004E85EF50BF9CAB
:10125000834544000840EF905FFEAA854E85EF501D
:10126000FF97835544009737FF1F23A397AAD147C1
:1012700063F3B700D145939405010C40C1802686E5
:101280004E85EF50DF93A6852285EF501F8C173BCC
:10129000FF1F130B2B93814AA14B5D4C83574400D6
:1012A00085E3EFF01FE1014509BF1387F7FF1377CF
:1012B000F70F9306D00FE3F9E6F2930700F835B77E
:1012C00063967A01EFF03FD73955C5BDEFF05FDD8A
:1012D000110B910A09E5EFF01FD66555F9BD83554D
:1012E00044002326AB146373BC00DD4593990501CC
:1012F0008325C9129304C5002685EF507F96D285B9
:101300002685EF50BF8D93E52A0093F5F50F2685CE
:10131000EF50DF8C0C4093D909014E862685EF50A3
:101320001F8ACE852285EF505F828DBFEF026FF35B
:1013300001117C003ECAB70707003ECC81457C0006
:1013400048083ECEEFF03FE29735FF1F83C5858802
:101350004808EF50BF88D247480883C7170017379F
:10136000FF1F2305F78EEFF0BFE111E58547173723
:10137000FF1F2303F78805616F00EFF0EF026FEEA8
:1013800001117C003ECAB70706003ECC91457C00A7
:1013900048083ECEEFF03FDD4808EFF07FDE95478E
:1013A0001737FF1F230AF78405616F00CFEDEF02A7
:1013B0004FEB01117C003EC083450500B7071100CB
:1013C0003EC27C003EC42A8481C50145EFB04FDB9C
:1013D0008347040085450A851737FF1F2308F786D2
:1013E000EFF07FD8EF30DFD7AA850A85EF500FFFE7
:1013F00085450A851734FF1F13048496EF50BF817B
:101400001C400A8583C5C700EF504FFD1C400A856C
:10141000CC4BB335B000EF506FFC1C400A8583C540
:101420009701EF50AFFB1C400A8583D5A701EF5011
:101430008FFE1C400A8583C5C701EF502FFA1C4060
:101440000A8583D5E701EF500FFD82452D4617250C
:10145000FF1F1305B57F8505EFA030670A85EFF004
:101460003FD211E589471727FF1F2307F77805614A
:101470006F006FE19707FF1F83C707796387A70690
:10148000EF028FDC2A84EFF0BFC1AA8429CD1707B1
:10149000FF1F034767779307F00F8149631AF7002F
:1014A0009707FF1F2382877697D900009389092920
:1014B0009727FF1F9387077183A5C7121389C4005D
:1014C0004A85EF50EFF9A2854A85EF502FF1854507
:1014D0004A85EF50AFF026850146CE85EF403F8E1E
:1014E0002685EF503F916F006FD98280EF026FD752
:1014F00079713C083EC6B70716003EC899453C08BE
:1015000068003ECAEFF03FC641469725FF1F93850E
:10151000E56F6800EF50AFEA6800EFF07FC605E1C5
:101520009727FF1F9387076A9C43139717019947D3
:10153000634307009D471727FF1F230FF76A456185
:101540006F006FD49387F501FD15FD1703C71700D2
:101550000505A30FE5FEE39AB7FE8280EF026FD088
:101560000547411132846304E504AA8719C9094774
:10157000630EE5060D477D556385E71A41016F004F
:101580008FD033E4C5007D5575F89727FF1F23A73B
:1015900007689727FF1F23A507689727FF1F23A327
:1015A00007689727FF1F23A107680145C1BF33E4E0
:1015B000C5007D5561F49727FF1F9387677A8043A5
:1015C00041499724FF1F93846465034684014C4876
:1015D0003305C9402695EFA0504F0346840181454D
:1015E00026853306C940EF00CFCAC1B791477D5564
:1015F000E3E6B7F897D7000093878713BE9583C4B7
:101600000500ADDC1729FF1F1309897503270900A1
:101610008357A701E58FBDD383479701E3E0C7F662
:101620009727FF1F9387075A9C4313971701635807
:10163000070093E707081727FF1F2325F758C1471F
:101640006397F406A2854800EF90EF8B5800814421
:1016500013064002A545639B84021C08A697238AB3
:1016600007FE9727FF1F9387675B26864C003E8502
:10167000EFA0B0454146058E81452695EF006FC12C
:10168000832709004800DC538297CDBD83470700BC
:10169000B3F7C7029386770363E4F50093860703E5
:1016A00085042300D70093F4F40F05076DB7914527
:1016B0004800EF904F857D141316240017D40000C6
:1016C0001304440832941C4092452685B3F5F50274
:1016D00093D7050113D787009726FF1F2386E6546B
:1016E0001727FF1FA302F754139705014183218396
:1016F00093978500D98F1727FF1F2318F752972735
:10170000FF1F23AD07509727FF1F23AB07509727D5
:10171000FF1F23A90750832709002EC29C538297DD
:10172000B1BDE3EDB7E497D700009387E700BE951E
:1017300083C70500E38407E41727FF1F13074762E9
:1017400018438356E701FD8EE38A06E28346C7010C
:10175000E3E6C6E29726FF1F9386C6469042A14560
:10176000936606026394B70093660604185717261B
:10177000FF1F2329D644A2853E85029701B5EF02BB
:10178000AFAC41112E89B28935C501462A84EFF0EC
:101790002FFE634F05048144172AFF1F130ACA2D29
:1017A000D94AEF409F9363D5A4043385540383271C
:1017B0008A0A3E9583570500B1E323108500230A6A
:1017C00025012311350141016F004FAB6312450321
:1017D0000354E1008504EF405F90050563499500DF
:1017E0001306E100CA852285EFF08FF865F145F414
:1017F0000145D1BF81440544695AF1BF850455B7FD
:10180000EF028FA42A84AE89834545010355050064
:101810000149EFB0BFFF834744016341F90263858B
:1018200009002285EFF06FEE231004004146814548
:1018300013054400EF00EFA56F004FA4035504000B
:1018400093140901C180269542054181EFE0CFA99B
:10185000035504000509269542054181EF30C04734
:1018600003550400269542054181EF30004765B7D6
:10187000EF022F9F1725FF1F1305454CEF30E06D3A
:101880009727FF1F83C7873C89C781450145EFB074
:101890002F8F1724FF1F1304E4321C4013971701E6
:1018A00063570700084401C58145EFF07FF597278E
:1018B000FF1F938727539C4389C7484019C1EF40B6
:1018C0008F8EEFF0EFFA1306801581451725FF1F65
:1018D0001305452FEF00EF9BFD571727FF1FA30BA5
:1018E000F7409727FF1F938767479C4395C3984707
:1018F0002392070098C31727FF1F2321F7400545B0
:10190000EF901FC7814711E1C9573E856F00AF9720
:10191000EF10E0459727FF1F23A2A73ECDB7EF02A8
:101920004F9441112AC6EFF0BFF49727FF1F93870A
:1019300027439C439C5F81C7B2450545829741017F
:101940006F006F94EF02EF918347550085462E8715
:1019500089836382D70C91C789466389D7106F004A
:101960008F929726FF1F9386E6259C42B684139696
:101970001701E34606FE83D545003D46E371B6FEFA
:101980008983858B2A848DC303A7C6121C41E31863
:10199000F7FC9727FF1F83C72726F1F301468145F0
:1019A0000545EFF0AFF565BF9727FF1F9387473BCE
:1019B00003A907000843414683250900EFA0900EC4
:1019C00059FD8327490399C3054582971C40BD658E
:1019D000938505A61727FF1F232CF7309C4017255A
:1019E000FF1F1305A53593E747001727FF1F232B7C
:1019F000F71C83A7841398472392070098C3EF30FE
:101A00004054014681450545EFF04FEF9727FF1FF2
:101A10002384071EA9B79727FF1F9387A71A9C4304
:101A200093961701E3DD06F203D745000DFB13F78C
:101A3000870001CB93E787001727FF1F2324F718A0
:101A400039BFBD9B93E787001727FF1F232CF7168D
:101A5000EFF00FE29727FF1F938787309C43DC5BF3
:101A600099C305458297EFF07F8CD5BD9727FF1F5F
:101A7000938747159C438983858BE38207EE83D741
:101A80004500E38E07EC9C4103C50700EFF03FE9FA
:101A9000F9B5EFF27EFB1724FF1F1304A4121C40BC
:101AA00013D72700058B35CF9183858B9304007D59
:101AB00081E79D6493840453EF307FEF0327041480
:101AC000832744143307E5409D8D3335E500898D28
:101AD00093D7F44163C9B7046394F50063E5E40464
:101AE0009724FF1F9384040E01440D499709FF1F9B
:101AF0009389091103A5C4140DC51C4D050483C7A2
:101B0000870093F7070499EB01466306240183A736
:101B10000415814591E3CE85EF406FAA9104E31B44
:101B200024FD6FF0BEF51C409183858B91CB8327FC
:101B3000C4140145DC4703C757008D476313F70002
:101B40002545EFF0DFDDF1BFEFF2BEF19727FF1F74
:101B5000938747079C434111A307A10013E707019F
:101B60009726FF1F23A0E606C18B99E7054693053C
:101B7000F1000945EFF08FD80347F100A547631442
:101B8000F700EFF0FFCE8345F10091C99727FF1FC3
:101B90009387071D9C439C5F99C30545829741012C
:101BA0006FF07EEEEFF2FEEB1724FF1F13048401AB
:101BB0001C4001111397170163570700EFF0DFF87E
:101BC00005616FF05EEC7C003ECAB7070700AA848F
:101BD0003ECCA5457C0048083ECEEFF0CFD8A68588
:101BE0004808EF40BFFF4808EFF08FD91C4093E74B
:101BF00007101727FF1F2327F7FCD9B7EFF27EE660
:101C00001724FF1F130404FC83278413BD659385E9
:101C100005A69C431725FF1F1305451283C4070023
:101C2000EF302032032584139725FF1F83C5C50C91
:101C3000EF906FE305C91725FF1F0345A50BEFF0D4
:101C40007F83834704131727FF1FA305F70A9727EE
:101C5000FF1F2381070A1C40A183858B91C70D4577
:101C6000EFF05FF46FF03EE2A54763F4970009459B
:101C7000C5BF6388F4009727FF1F83C7E7F7E3908A
:101C800097FE97D70000938767B1032784138E04CC
:101C9000BE9483D74400835647008507E399D7FC59
:101CA00008439C400505829775BFEFF29EDB834693
:101CB00045001727FF1F0347F703834755006317A6
:101CC000D7003A85EFF00FFB6FF0FEDB1726FF1F02
:101CD000034646029724FF1F9384C4EE6304D60292
:101CE0000507E393E6FE1727FF1F2305D70003A789
:101CF000841314472312070014C37D579726FF1F30
:101D0000239BE6FE13D427009727FF1F83C7B7FE48
:101D100063F687000945EFF0FFE87DB7639187021E
:101D2000A557B307F40203A78413034747008D07A1
:101D3000BA9703D7450093F7F70FE39DE7FC972782
:101D4000FF1F83C747FBB3D78700858BB5DF5D4592
:101D50009307F4FFB387A70203A7841303D64500B4
:101D60008C410843D1073E95EFA0205603C72413AA
:101D70008547B397870093C7F7FFF98F1727FF1F92
:101D8000230BF7F6B1F3EFF07FE73DBFEFF2FECAAA
:101D900059711C083ECCB70706002A843ECE58185D
:101DA0001C0897D600009386E69D1726FF1F130692
:101DB000F6F2930500021725FF1F1305E5E13ED05B
:101DC000EF90AFCE19C11D4589A0D80897D6000065
:101DD0009386C69B1726FF1F130656F09305000235
:101DE0001725FF1F130545DFEF902FCC69FD354602
:101DF000930571054810EFA0404DD40822864C1081
:101E00004818EF90CFE509C51945EFF0BFD9D9A81B
:101E1000D80097D600009386E6971726FF1F130673
:101E2000F6EB930500021725FF1F1305E5DAEF9087
:101E3000CFC751F9034661062808A14583494106E9
:101E4000034B510632C603447106834C8106034995
:101E50009106034CA106034AB106834BC106EFF07D
:101E60008FB02808EFF0CFB135EDFD571727FF1FD2
:101E70002304F7D89727FF1F938787F69843BE8AD6
:101E80008144324611CF9727FF1F9387A7F59C43C4
:101E900081CB9727FF1F9387E7D2C443B3349000C9
:101EA0002204336494012209220A4204B3668901A0
:101EB00093958900DC0033677A01C18EB3E5650133
:101EC000C808EF400FCC19ED83A70A0081C799C05D
:101ED000EF10C0039305007D1725FF1F130505E6CE
:101EE000EF30200665616FF0DEB8EFF29EB7197132
:101EF000AA84AA8534101726FF1F130626D2172599
:101F0000FF1F1305A5D3EF90CFD919C11D4519A8FF
:101F100041469725FF1F938565CE2810EFA0803896
:101F200009C51145EFF01FC8A5A21724FF1F130410
:101F300064C91C409725FF1F938545CD1397170152
:101F400063470700A6859724FF1F938424CC972618
:101F5000FF1F9386B6D826861725FF1F130505CDCC
:101F6000EF90EFD945F51C40139717016355071201
:101F7000BC083EC6B70727003EC83818BC0897D62D
:101F80000000938626801726FF1F130636D593057B
:101F900000021725FF1F130525C43ECAEF90EFB0BE
:101FA00035F5B80097C600009386467E1726FF1FBA
:101FB0001306D6D2930500021725FF1F1305C5C1CE
:101FC000EF90AFAE21F535469305B1042808EFA098
:101FD000C02F184497C600009386C67B1726FF1FA4
:101FE0001306D6CF1107930500021725FF1F13050F
:101FF000A5BEEF908FABE31B05F01C4403D5270073
:10200000EFB0CFC7AA84E30305F09D456800EFF069
:102010008F9583C5E401930790054146B385F5028A
:10202000680093850503A695EF407FB91C446800BE
:1020300083D52700EF403FBE2685EFB04FC6AA8567
:102040006800EF40BFB99727FF1F9387E7A28C4333
:102050006800EF40FFC01C44680083D50700EF40D4
:102060009FBBA1456800EF40FFB2B2462C0828187C
:1020700085063686EF904FBD19C1194565B56800D4
:10208000EFF00F9011E5A1471727FF1F2306F7B6C2
:1020900009616FF05E9FEFF06FC5DDBFEFF27E9CD0
:1020A00079713C083EC6B70716003EC89725FF1F4A
:1020B0009385C5B73C081725FF1F130525B93ECAF0
:1020C000EF900FC019C51D45EFF0DFAD45616FF012
:1020D0009E9B1726FF1F130666B69725FF1F938545
:1020E000E5B41725FF1F130525AFEF908FBF61FDE6
:1020F000C1451725FF1F130565B1EF80CFE061F5DE
:1021000095456800EFF02F86C1456800EF409FA815
:10211000AA861726FF1F130666B09725FF1F938513
:10212000E5AE1725FF1F130565B1EF908FB741FD91
:102130006800EFF0EF8459F99727FF1F938787A86E
:102140009C43B983858B93B7170095071727FF1F0B
:102150002304F7AAA5BFEFF2DE90AA854146172512
:10216000FF1F1305A5A9EFA040169727FF1F938710
:1021700067A59C431397170163560700EFF00FB74D
:102180006FF07E90EFF09FF1E5BF9727FF1F9387D9
:1021900067A39C4313F7F7F79726FF1F23A4E6A234
:1021A00013F7070809CB858B99C7EFF29E8BEFF0E9
:1021B000FFEE6FF05E8D8280EFF2BE8A9724FF1FE4
:1021C000938444A080403971AA859317140163D485
:1021D000070613641400130600041725FF1F1305D8
:1021E000F5AB9727FF1F23AF879CEFA0000EEFE012
:1021F0003FE89C401724FF1F130454AA13971701AC
:10220000634607001724FF1F130454A5A2850A85FF
:10221000EFF04FB3930504020810EFF0AFB297054B
:102220000000938505140A85EF902FB81DC91D4540
:10223000EFF05F973DA0130600041725FF1F13055D
:10224000F5A1EFA0800893579400858BC5DF9357C5
:102250001400858BC5FB136414009727FF1F23A36D
:10226000879621616FF03E82EFF2AEFF1D713C0850
:102270003EC6B70746003EC801453C083ECAEF903F
:102280002FAF19E51D45EFF0FF9125616FF0AEFF0F
:102290002A848D456800EFE01FED93050002680079
:1022A000EF405F8FA285EFF0EFA993050002680071
:1022B000EF405F8E93050402EFF0CFA81724FF1FB5
:1022C000130444901C40B2451306000413971701F1
:1022D00085051725FF1F1305759863460700172509
:1022E000FF1F1305B59BEF90507E6800EFE05FE99C
:1022F00049FD1C408566138706805D8F1726FF1FEA
:102300002322E68C1727FF1F1307C7AD184301CF01
:10231000584011CB7D771307F77FF98FD58F17279B
:10232000FF1F2321F78A1C4013971701635B0700E7
:10233000A583858BB9FB8D471727FF1F230EF78ACF
:10234000A9B713D757009983D98F858B1307F00F3F
:1023500091E315479727FF1F2380E78A3DB7EFF2E8
:102360004EF0AA851725FF1F13050587EFF08F9DF7
:102370009727FF1F938707859C4313971701635285
:10238000070413D7670093D65700558F058B11EBC1
:1023900013D77700058B01CB91471727FF1F230D1C
:1023A000F7846FF04EEE1397370163550700EFF097
:1023B000FFCEC5BF0967D98F1727FF1F2324F780DA
:1023C000CDB713D79700058B05C715479726FF1F75
:1023D0002384E682856613F7F7F7558F9716FF1F5C
:1023E00023A2E67E93F70708CDDFEFE03FF955BF64
:1023F000EFF09FE77DB7EFF2CEE61714FF1F13044F
:10240000647C8327C4149DCF034745009727FF1F93
:1024100083C7C78F6318F7021C409183858B99E3AC
:10242000EFE01FC51C4013971701635F070013F708
:10243000F7BF9716FF1F23A7E67893F7074089C7D2
:10244000EFF09FE26FF02EE41840FD779387F77F5F
:1024500013164701F98F8566634706001717FF1F9C
:102460002322F776C5B7D58F139617016347060267
:102470001717FF1F2328F7741C4013971701E34316
:1024800007FC13F7F7F79716FF1F23ADE67293F7D4
:102490000708CDDBEFE09FEE75B7F5779387F77F01
:1024A000F98FD58F9716FF1F23AEF670931727016C
:1024B000E3D407FCEFF09FBEC1B7EFF28EDA83479B
:1024C000050091C70945EFF0EFED6FF0CEDB8347D4
:1024D00015002A8413F7E70F75F71727FF1F130757
:1024E000278818430346C700E31EF6FC9717FF1F13
:1024F0009387476D944393F7F6DF19C293E706205D
:102500009716FF1F23A0F66CA583858B81C71C4BF4
:1025100091C382971546A2851715FF1F1305C57332
:10252000EF90B05A8D471717FF1F2307F76C03462C
:1025300044008345340003452400EFF02F82E35626
:1025400005F849B7EFF26ECF171BFF1F130B8B6710
:1025500003270B0001119317170163D007023C00FA
:102560003ECAB7070B003ECC3C003ECE8347050079
:102570002A8499E70945EFF0EFE205616FF06ECF2D
:102580008347150083462500A207D58FC207C18760
:102590008546E391D7FE83463500E3EDD7FC971AD5
:1025A000FF1F938AEA7B83A70A0001499C5BADCF9A
:1025B000A5CE13670720834444009717FF1F23A36A
:1025C000E7608547E3E897FA034C5400A147E3E34B
:1025D00087FB8349640003457400A209B3E9A9009D
:1025E00013F709FE41FB834B8400E3E577F9034AC7
:1025F00094000345A400220A336AAA0093770AFFD5
:10260000B5FB834504001716FF1F0356865C17159C
:10261000FF1F0355E55BEFF08F969717FF1F23A76A
:10262000A75A11E5154581BF1377F7DF69B783A76F
:102630000A0091C403C7870119C3D84B61EF83C453
:10264000970163F39B00DE8483D7A70193F4F40F13
:1026500013F7070101C713778A0059EBBD8BD1CF60
:1026600013757A0059C9EFA03FA783A70A007D150B
:10267000937BF50F03D5A701A94C3D89EFA0DFA5FA
:102680007D15137AF50F03A70A008347C70163730B
:10269000FC00E28713FCF70F8357E70113F787006D
:1026A00001C713F7090131EF9D8BADC313F5F90095
:1026B00031CDEFA07FA283A70A007D159379F50F96
:1026C00003D5E7011D89EFA03FA17D151379F50F13
:1026D000A947B307FC0233879403636AF70C638C42
:1026E0000C0C639C040C81490149814B014A3DA0BB
:1026F000930C4002114A8D4B79B7814C014A814BB2
:1027000059B7930740020D499149E1B78147014903
:102710008149C1B781448149854B054A2D46A2852F
:102720001715FF1F13059552EF90303A8945480859
:10273000EFE07FA381454808EF404FCA83250B0097
:102740004808A5818589EF406FC9DE854808EF40BC
:10275000EFC8CE854808EF406FC8A6854808EF400F
:10276000EFC7D24515461715FF1F1305E54E850522
:10277000EF90B0354808EFE0BFA0E31005E02686F3
:10278000CA855285EFE09FDD01C50945EFF08FC195
:1027900083270B00A583858B89C783A70A009C5BD1
:1027A000829783274B0099CFEFF01FACF9B3E284F7
:1027B000894B0D4AA5B781443DB7DE8952898D4BBF
:1027C000094AA9BF83270B0093E707401717FF1F8C
:1027D000232AF73E5DB3EFF22EA7834745002A89EF
:1027E0001715FF1F034515516316F500EFE09FC84D
:1027F0006FF0CEA81714FF1F1304C43C8329841361
:102800002E85AE84EF408FCD2392A90083474900E7
:1028100026851717FF1F230FF74CEF404FC8971758
:10282000FF1F238BA74C8327841303D7470009E797
:102830000945EFF02FB76DBF83D76700E3EAE7FEE6
:1028400083475900898381C7D146E3F3E6FE171712
:10285000FF1FA302F74A1715FF1F0345C54913774A
:1028600015009307F00F05C31345F5FF1375F50F1A
:10287000EFA09F867D159377F50F1717FF1F03476E
:102880009747E367F7FA1717FF1F0347C74611C3B8
:10289000BA8703455900098113071500054533150B
:1028A000E5007D157D8D9717FF1F2386A74483279D
:1028B000841303D644008C408843EF901021834753
:1028C000241393F7E70F1717FF1F2306F7428DF323
:1028D000EFF0CFB231BFEFF2CE9803450500EFF035
:1028E000AFA66FF04E9AEFF2CE9701449714FF1FF8
:1028F000938484185949EF304FFE6344A4006FF06D
:102900008E983305240383A7840A3E9583570500D8
:1029100081C78545EFE0DFEE0504F1BFEFF2CE920F
:10292000AA8401441719FF1F13090915D949EF306B
:10293000CFFA6345A40001456FF04E94330534038C
:102940008327890A3E950357050063E7E400834720
:102950004501BA97E3C2F4FE0504D1BF9717FF1FE4
:10296000938707409C43DC5F91C7EFF28E8F82977D
:102970006FF06E9182809717FF1F9387673E9C438D
:10298000BC4391C7EFF2EE8D82976FF0CE8F8280BD
:102990009717FF1F9387072398439316170163D355
:1029A0000608EFF20E8C8047014983454401035528
:1029B0000400EFA0BFE583474401634BF902228581
:1029C000EFE00FD09717FF1F23A20720FD57014507
:1029D0001717FF1F2302F722EFF00F97034644015A
:1029E0008355040003552400EFF0FFF86FF0AE8923
:1029F0000355040093140901C180269542054181C5
:102A0000EFD08F8E035504000509269542054181BC
:102A1000EF20802C03550400269542054181EF20CC
:102A2000C02B51BF82809717FF1F23A9A732828036
:102A3000EFF22E839717FF1F9387C718DC436D545F
:102A4000639FA700EFE0DFE29717FF1F93874731EF
:102A50009C432A849C5F81C78145094582972285D2
:102A60006FF06E82EFE2FEFF9717FF1F93878715C7
:102A7000C84309C5EFF0DFFB6FF0EE8025459717DF
:102A8000FF1F238A0726EFF02F8CFDB79717FF1F34
:102A90009387072D884382809717FF1F938787129C
:102AA0008843098105898280EFE2BEFB41112A84B7
:102AB000EFF09FFE2DC903574400954763F8E706E2
:102AC0002285EF40EFA42AC42285EF404F9D2306C4
:102AD000A1002285EF40AF9C9717FF1F9387870EB9
:102AE0009843A306A1000983058B11C783A6C712CB
:102AF000A247639DF6020D8997C70000938787C69A
:102B00000E05B386A7008355440003C6560063EF45
:102B1000C50001E703C7460011EBAA979C43A285B5
:102B20002800829721A0EFA09F9451D541016FE02A
:102B30009EF59717FF1F9387A7229C43FC4391C7DD
:102B4000EFE23EF282976FE01EF48280EFE27EF1C8
:102B500097F5FFFF938525F41715FF1F1305051C37
:102B6000EF2040326FE03EF215C5EFE29EEF2A847F
:102B700097050000938545EF1715FF1F1305051CEA
:102B8000EF2040309717FF1F23AC871CEFE05FCE8C
:102B90006FE07EEF7D558280A9E182808327090066
:102BA00013171400BA9783D70700638697020504AA
:102BB000EF308FBEE344A4FE0144EF30EFBD635C11
:102BC000A4000327090093171400BA9703D707003E
:102BD00019EB239097006FE01EEBEFE29EE82A8945
:102BE000AE840144F1B70504C9BFEFE29EE741118D
:102BF000AA8401442EC6EF302FBAB245635CA4000C
:102C0000984093171400BA9703D707006317B700CB
:102C10002390070041016FE01EE70504E1BFEFE2EA
:102C20005EE49717FF1F9387271B9C432A87AE8676
:102C3000328889CF9718FF1F9388C81903A308000B
:102C400089486315130182976FE0FEE39717FF1F12
:102C5000938747199C430145E5DB9717FF1F93872F
:102C6000671790438547E311F6FE4286B6853A859D
:102C7000EF209FD7D1BFEFE23EDD2E8A3284AA89B2
:102C8000EF209FD575158357440093140501C1802B
:102C90001379FA0363FE9700CA852285EF307FE936
:102CA000035644000C404E85EFF07FF76FE01EDDC9
:102CB000936509042285EF30DFE70C4026864E85B8
:102CC000EFF0FFF5A6852285EF303FE8136909088C
:102CD0008357440099CF850763DF970093650A0CFB
:102CE0002285EF301FE5035644000C404E85EFF07F
:102CF0001FF3014565BFCA852285EF309FE30C4075
:102D000026864E85EFF0BFF1A6852285EF30FFE3E2
:102D1000C1B7EFE21ED579713C083EC6B707170070
:102D20002A84AE843EC868003C0885453ECAEF4010
:102D30006F826C002685EF309F8470008545228568
:102D4000EFF07FF345616FE01ED4EFE29ED1EF30EC
:102D5000AFA489450605EFA04FBAE55711C59717EF
:102D6000FF1F23A1A70281473E856FE0DED19717A1
:102D7000FF1F9387E700985B239607021715FF1F35
:102D80001305850298D782801717FF1F130747FF87
:102D900018436316A7021717FF1F0347E7FE7517AF
:102DA0009387D5FF1337170093B71700FD566319A4
:102DB000F700EFE21ECBEFF01FEC6FE0DECCED563C
:102DC00036858280EFE25EC805EDC16401441719C3
:102DD000FF1F130969CA9309400EFD1421A833058A
:102DE00034038327090B3E958357C50163839700FE
:102DF000D13F0504EF304F9CE343A4FE6FE01EC8B3
:102E00009717FF1F9387C7F7AA85884365D9EFF007
:102E10005FF0EDB7EFE25EC379711C083EC2B70701
:102E200020003EC41714FF1F130484F51C083EC67F
:102E30001C40D9C31717FF1F034707F58947AE8406
:102E40002A896315F704814911A85C40139719007A
:102E5000BA9783D70700638197068509EF30CF9330
:102E6000E3C5A9FE85454800EF30DFEE0356490073
:102E7000832509004800EF309FD408405000814569
:102E8000EFF09FF0054545616FE05EBFC167FD173C
:102E9000E38AF5FC85476311F702814911A85C407C
:102EA00013971900BA9783D70700E38D97FA85091E
:102EB000EF308F8EE3C5A9FE0145F1B7230005026F
:102EC000232205028280EFE2DEB985472300F50266
:102ED0002A84EF203FAF9717FF1F9387E7B983A797
:102EE000070B48D01715FF1F1305C5E71D8CB7F753
:102EF00023B8938797E009843304F4029717FF1FE0
:102F000023AE87ECEF2080026FE0FEB7EFE2DEB386
:102F1000EFA0EFD5E95705C1C16401441719FF1FA0
:102F2000130989B59309400EFD14094AEF30CF8883
:102F30006346A40081473E856FE05EB433053403E9
:102F40008327090B3E958357C50163889700834704
:102F5000050263844701EFF01FF70504C1BFEFE2EC
:102F60005EB0834705FE85466398D7001305C5FD0F
:102F7000EFF09FC26FE03EB18946E39DD7FEFDD9D9
:102F80001305C5FDEFF07FC6F5B79717FF1F9387B1
:102F900067E498433DCF8546F157631DD706EFE2BE
:102FA0005EAC9717FF1F9387A7DD2A8788433E846F
:102FB00005C99716FF1F83C626DD8D476392F6026B
:102FC00039E39717FF1F9387E7E19C4395EB97172A
:102FD000FF1F238B07DA1C4003D50700EF20DFA378
:102FE000EF20FFA41715FF1F1305C5D79717FF1F65
:102FF00023A207DEEF10707681473E856FE0BEA802
:10300000EFF01FA3E9B703550500CD45EF201FA042
:10301000D9B7F9573E8582809717FF1F938787DBC3
:103020009C437955BDC3094771556383E70082808E
:10303000EFE23EA31714FF1F130484D4184015C3F6
:10304000834784008546FD1793F7F70F63EBF6007F
:1030500003550700CD459717FF1F238707D2EF20A1
:10306000FF9A1C4003D50700EF20DF9DEF20FF9E55
:103070001715FF1F130505CF9717FF1F23AC07D4A4
:10308000EF10B06D01456FE01EA0828015C1EFE228
:103090005E9D1C41AE842A8489C72E8601458145E8
:1030A00082975C4081C7A685014582976FE0BE9DEF
:1030B0008280EFE21E9B97B70000938767F59C43E1
:1030C000AA8501459C4782976FE0FE9BEFE27E99BF
:1030D0002A84034585019307F00F6314F500EF6020
:1030E0004FD3930720033305F5020328C40181461B
:1030F00001479305000293076509034574017D8923
:1031000005053356D800058A01C605071377F70F62
:103110008506E398B6FE198D130740063305E502D0
:103120003E959307C0126354F5001305C0126FE07B
:103130009E95EFE27E911C4D03548500B2899583E4
:103140004E04858B4111AA842E894D80314691C34E
:1031500021463307260383D74401998F6344F60041
:1031600013F6F70F83C564014E8532C6EF301FA7F3
:103170009C4C935564004E85860793F70708DD8DB8
:10318000EF30DFA50A0493553900C18D93F5F50F93
:103190004E85EF30BFA49C4C931559004E85FD8B96
:1031A000DD8D93F5F50FEF307FA3DC4093152900FB
:1031B0003246BE958C414E85EF307FA041016FE0D5
:1031C000FE8BEFE27E88AE8A8345A5002A84B28911
:1031D00005450146368A3A8BEF209FB53DC19304E1
:1031E000C5002A89A5452685EF30DFB6630D0B049F
:1031F00083450B0093F5F5072685EF303F9E03D6F8
:103200004A0083A50A002685EF307F9B9707FF1FA2
:103210009387C76E9C43C9C750401C4083558400A8
:103220000356460003D5C70105478146EF801F843A
:1032300015E95C40839747006354F0064A85EF30F8
:103240007FBB6555A1A85C400547814583D7270012
:103250008D07C207C183E371F7FA0C44E98193E556
:10326000050459BF9707FF1F9387076983A80700C5
:103270000548A687054781460146814522858298F3
:1032800005C15C4083974700635CF0004A85EF30DE
:103290007FB64E85D285EFF07FDF01456FE00EFEF1
:1032A000D2864E86CA852285EFB0AF80C5BFEFE2D9
:1032B000AEF92A84130545022E89EF10104A9707AC
:1032C000FF1F9387A7639C4395CB8307740163D744
:1032D000070203467401054581457D8A0506EF8096
:1032E000B0025C4C7D15638BA70003562401835507
:1032F0000401084093068400EF80DF898144584030
:10330000939924004E97084319C5EFF09FDA5C406B
:10331000CE9723A00700834774018504FD8BE3D07B
:1033200097FE8347740193F7F7FBA30BF400630B3D
:10333000090081470148232004001CC423260401FE
:10334000232804006FE08EF3EFE20EF09C45AA8480
:103350002E84B289239205009CC10149DC401317D9
:103360002900BA97D8488C43A1479316270063C316
:103370000600B1473387270303D64401198E63D370
:10338000C7003E862285EF309F8383C774010509FD
:10339000FD8BE3D527FD83C7740193F7070291EBFB
:1033A000835744002147639309001147998F2312E3
:1033B000F4006FE0AEECEFE2CEEA2A83084103DED0
:1033C000050041110355C5016313AE0603454301D2
:1033D000098911C503C54500138E650119E1138ED6
:1033E000550083450E001377F7037D55639EE50274
:1033F000BE85B687832643014285468713F81600AB
:103400009706FF1F9386466794428358A30032C0F5
:10341000B38606410358830036C22E86AA868145AC
:1034200013051E00EF70DFD841016FE0CEE57D553A
:10343000E5BFEFE26EE12A84035585004111BE89A4
:10344000AE8A328AB6843A89EF101FE0E15739E13B
:1034500003558400EFF08FCCFD570DCD5C488358A9
:10346000A4004E8713F817009707FF1F9387C760C4
:103470009C43CA8656C0B3870741035884003EC2A6
:103480002686D28785451105EF709FD23335A0007F
:10349000B307A0403E8541016FE04EDEEFE26EDCF7
:1034A0002A8413058502EF10502B81471CC48357D3
:1034B0008401014823200402C607C5832322040295
:1034C000232004002326040123280400231CF400E5
:1034D00081448347A4019DC75840139924004A970B
:1034E000084301CDEFF0FFBC5C40CA9723A0070062
:1034F0008347A401FD17230DF4001C4C8504FD8BAC
:10350000E3D997FC1707FF1F130707571C47230D25
:10351000040093F6F7FD1706FF1F2323D65693F7F3
:10352000070289CB08438145EF903FFD01C5014566
:10353000EFA02FA46FE02ED5EFE22ED0832A050254
:10354000032A4502AA84AE8901490144171BFF1FC3
:10355000130B0B8A930B8004EF205FAA634BA90225
:1035600001CC83578401814513058402C607C583B6
:10357000231CF400EF10F01C2685EFF03FF2638867
:103580000A0083A74A0081C7D2854E8582976FE0E3
:103590004ECEB307790303270B00BA97638DF4026D
:1035A000039787016359070283D6070103D70401F4
:1035B0006393E60283D6270103D72401639DE600C7
:1035C00009CC5444D847636AD7006396E600144494
:1035D00098476364D700050941B73E84EDBFEFE229
:1035E000AEC618417971231001028357C701231118
:1035F00001023AD2231CF10083578501034765017C
:10360000231F0100EA07FD87231DF10083572501D1
:103610000A07231EF100930700F8A300F102834775
:10362000B5012301F1023C083ED48357050123165E
:10363000F102834775012307F1021C4D9D83858BA1
:10364000D98FA307F1028347D50195CBF1742A8462
:1036500017B90000130989199384F40F184C935774
:10366000870093F7F7037D8B6371F702835784011B
:1036700071771307F70FF98F231CF400A5A0A55548
:10368000EFF09FEB45616FE06EBF58408A07BA9735
:103690009C43D1C38345740101460545EF204FE9A2
:1036A000AA8929C11306C5003285A54532C6EF3067
:1036B0006FEA0C4C32462285A18193F5F503EFF0B9
:1036C0005FA78347C401A2864A868507230EF400BC
:1036D000CE854810EFA0FFBD1DCD8347C401FD1767
:1036E000230EF4008347C4018DE3831724011305DF
:1036F0008402930520036358F0008347B401B38527
:10370000B70293850519EF10D0038347D401FD1745
:10371000A30EF40085BF1C4C03578401A1838507C9
:1037200093F7F703A207658FD98F231CF4003DB7E9
:10373000EFE22EB3130585FDEFF07FEA6FE0AEB444
:103740000347A50139CF0347C501AA877D17137722
:10375000F70F230EE50031E7EFE2AEB08316250147
:10376000634AD0000347D50111E78145EFF0DFDC64
:103770006FE06EB103D687011167130707F0718FF1
:1037800013858702814519EB930520036358D00008
:1037900083C7B701B385B70293850519EF10607A27
:1037A000C1BF8280EFE2EEAB2E85EFF07FF96FE0D4
:1037B0008EADEFE20EAB83578601AE843284139751
:1037C0001701634E07001C5299CB9C4389CB505282
:1037D0008297835784011167D98F231CF40081C419
:1037E0002285EFF0FFF56FE00EAAEFE20EA5AA84A6
:1037F00013F5F507328915CDA947630BF51883C773
:103800004401014493F707049DCB9707FF1F93875B
:10381000670E98436306071C9707FF1F9387C7250A
:103820009C5F9183858B639D071AA68502972A84E6
:1038300039A003574600954763E6E7007D5422858B
:103840006FE02EA33285368AEF304FC993171501EA
:1038500093D937019707FF1F9387470A9C43935AD1
:10386000F500C20A93DA0A018DCB8387440163D63F
:103870000702DC4813F717009707FF1F9387C71F3E
:103880009C43998F13D78700E207B3E737012320C2
:10389000FA002322EA0001445DB74A85EF304FC7A2
:1038A000096B83DB84002A898144170CFF1F130CEA
:1038B0002C54930C80047D1BEF204FF4E3D0A4F82C
:1038C0003384940383270C003E9418445444B37704
:1038D00067016390370583572401638D7701638AFD
:1038E0000A021C4C0346A401FD8B85076313F602F4
:1038F0002319740183172401E352F0F42320EA0012
:103900002322DA0063190900A9552285EFF0DFC2EE
:1039100059B7850455B74A85EF900FFC1C4C7D15AF
:10392000FD8BE3CDA7F013058402370A0040EF10AA
:10393000C0627D1A854A4A85EF90CFF701E9834737
:10394000A401A9C72285EFF09FC9B1B75840B307BA
:1039500045018A07BA979C439304F5FF8DC393F9F9
:10396000F40F8A094E970843EFF0AFF45C40BE991C
:1039700023A009008347A401FD17230DF40033950C
:103980009A001345F5FF3379A90075B78145B5BF96
:10399000035746008947E3F3E7EA03D7A4009707F4
:1039A000FF1F83D767440144E31BF7E83285EF30FC
:1039B0000FAFAA894A85EF306FB2D04493F9F90767
:1039C000AA8621829377F60705461D8E83D5A4002B
:1039D00003D584004E961376F60FEF502FFD85B574
:1039E0009707FF1F938787079C436154E38907E488
:1039F0004A86A685829725BDEFE2AE837971AA8AB1
:103A00002E8A32C0368B3A848144014D0149970990
:103A1000FF1F9389E93D930B8004EF202FDE63CCD9
:103A2000A414F15463050D1403A64A006305041899
:103A30008347040093E707F8230BFD0083D78A0030
:103A400003574A00B33580002318FD008357460012
:103A5000A1492319FD009307F7FF11E0B149B3C74E
:103A6000370383568D011705FF1F1305E500231A41
:103A7000ED00819A9605FD8BDD8E231CDD00850708
:103A8000230DFD001C4503284500898313F717000B
:103A90001C41998F13D78700E207B3E7070123245E
:103AA000FD0083A70A002326ED0023226D032320B7
:103AB000FD0082472320FD0293070040231EFD00E6
:103AC00083C7AA00A30BFD0003A78A004D83937749
:103AD000070413F7F6FB5D8F231CED0083C7BA00C4
:103AE0001377F7F79316F900858B9E075D8F931771
:103AF0001701C583D58F13D78700231CFD0093774B
:103B00000708A30CFD0083578D011307F00F93F7EF
:103B1000F7FDCD8F231CFD008347A6002AC2639DBD
:103B2000E70AEF501FAFA30DAD009704FF1F93846A
:103B3000E4DC9C40130C8D006388071683270D007E
:103B400003278D0103562D0183D58A0003D5C701B4
:103B50007D8B0507E286EF707FF1631705148317ED
:103B60002D016353F0146A85EFF05F93E5542685C9
:103B700045616FD0DEEFB387740303A70900BA97DE
:103B800003C7A7010DC703D68A0083D607010147E3
:103B9000631BD60003A74A0083D7270103574700BA
:103BA0001D8F133717003369E9008504BDB5E31E87
:103BB0000DFE3E8DDDBF8357260005478D07C207EA
:103BC000C1836365F700930700F8BDB583A78A003A
:103BD000E98393E707FC8DB5A30DFD00B9B7324724
:103BE000035CA10063F3E7003E8C83A70C00420C4A
:103BF000135C0C019C4362D001460C100145829776
:103C0000AA8935D1E2855285EF207FF56286AA85A3
:103C10004E85EF80806B83274D00131C2400E297B4
:103C200023A037019C40A1CF1C103ECAB70710004B
:103C30003ECC50081C10A2856A853ECEEFF06FCFB7
:103C400003278D0109467D8B6303E400054603AE1F
:103C50000D0005485C080507DE8681455685029EF5
:103C600019CD83A74A0083974700635AF0004E8519
:103C7000EFF02FC483274D003E9C23200C00050449
:103C80001374F40F83574A00B9FB9C40A9C38327E0
:103C90004D009C438DEF6A85EFF05F800245DA8529
:103CA000EFF0CFBE8144E1B5814B11E0E28B9397F9
:103CB0000901C1830144231531013EC697AC0000C0
:103CC000938C0C35970DFF1F938D0DC365BF630556
:103CD0000900EF903FAEF9B76A85EFF05F90970764
:103CE000FF1F9387E7D79C438144E38207E892470D
:103CF0009C5F9183858BE38C07E6EF90CFA385BD16
:103D0000EFD23ED6EF208FAF930780043305F50244
:103D1000A145EF908FBE01E565556FD0DED69707C0
:103D2000FF1F23A7A70C01449704FF1F9384440C93
:103D300013098004EF208FAC6369A402EF200FAD5C
:103D4000A1451A05EF906FBB61D99707FF1F23AFFD
:103D5000A7080144B1441709FF1F13092909EF20DF
:103D6000EFAA6364A40201454DBFEF202FA891453F
:103D70000A05EF908FB84DD1330724039C4005040A
:103D80001374F40FBA97C8C375B7EF202FA9335532
:103D900095029145420541810A05EF900FB62DDD50
:103DA00083270900131764000504BA97C8C3137466
:103DB000F40F75B7EFD25EC9C1642A89014497092F
:103DC000FF1F938969CB130A8002FD14EF20CF9F58
:103DD0006345A40001456FD07ECA3305440383A721
:103DE000C90A3E95835705006386970083572500CF
:103DF000E38327FF0504D9BFEFD2BEC6C167BA84EB
:103E00001387E7FF41113684639BE500238004009C
:103E10009707FF1F9387C7CF1CC081471DA8F517C1
:103E20002A896391F50432852EC632C4EF10CFC1C2
:103E300071FD9707FF1F9387E7D89C432246B24541
:103E400013971701635007023285EFE03FAD11E58C
:103E5000FD573E8541016FD01EC3110508C0238068
:103E6000040065BFE30609FE2E85EFF0BFF4E157BD
:103E70006DD10347F9018947631DF700834745006A
:103E800089CB930775011CC0834765012380F4002B
:103E900069B7930765001CC083475500C5BF83D72A
:103EA000450099E77D5582807D5505616FD01EBD27
:103EB000EFD29EB9130700182A8401112D55E3662D
:103EC000F7FE2E85B6893289AE84EF203FCB8D4731
:103ED000E3FCA7FC03DA4400EF200F9011055C40DF
:103EE0006358450103C79700136707F8A384E700E9
:103EF00003D6470083D5270008401307B101740893
:103F0000EFF09FEF5DF18347B101139727008347DF
:103F1000B4008D8BD98FA305F4005C408387970094
:103F200063D907002685EF207FC51335850013452B
:103F300015008347B40006059166F59B5D8D5C40D6
:103F4000A305A400014703D54700A167A98F63F526
:103F5000D700EF508FFA2A875C409706FF1F9386A1
:103F6000A6B183A8060083D5270003D847009C4646
:103F700010448D058983858BB387F8403EC0C20508
:103F800083A846008357840072456582C181A68656
:103F9000058A93B52500EF700F99E31805F05C4092
:103FA0000147CE86838797004A86A685228563D5FA
:103FB0000700EFF07FA4D5BDEFF0AFA0FDB5EFD2C5
:103FC0005EAA32883A861397060101114183A3073E
:103FD000B100231CE100231DE10042CA42CEAD45E1
:103FE000584163F8D5008345970093E505F8A3048D
:103FF000B700FD562311D70003079700635B070046
:104000001307F100BE864C08EFF01F9F05616FD0CB
:104010009EA71307F100BE864C08EFF08F9AFDB7FC
:10402000EFD29EA23E848357C501011123190100DE
:104030002314F100FD572315F1003C002ACA231771
:104040000100231801002316C1002309D10002CE6C
:104050003ECC2E89BA89C2842E8563040800EF10F5
:104060002F91231EA100EF50AF9B9707FF1F93874F
:10407000A7A09C5F230FA10001459183858BADE331
:10408000420913590941635D200503D709001398BC
:10409000F40099464E07458333680701931788005B
:1040A0004208135808011358880033E80701935752
:1040B000040113D78700A301F10093178400420481
:1040C000418021805D8C2301E100814701470A8600
:1040D000814548082310010123128100EFF03FEED3
:1040E00005616FD0BE99EFD2DE972A849304C5FD97
:1040F000EF105F8D8327C4FF1D8DBD67938707A6D3
:1041000063F8A70081452685EFF06F9A6FD0BE97C0
:10411000032804FF8355E4FE832784FF834644FF7E
:104120000356C4FE0325C4FD1358F801130744FECB
:10413000EFF01FEF2685EFE07FF9AA852285EF00DB
:104140005060E9B7EFD2FE9101112E89AA84EF5099
:104150009FD62A84FD572315F1008357C4020355C7
:104160004503231901002316F10083471403231785
:104170000100231801002309F1002314A10002CA41
:1041800002CC02CEEF908FAF2ACA08403C003ECC52
:10419000EF104F9D83570500231EF100EF504F880D
:1041A0008357C402230FA100B1CF83471403230216
:1041B000F100EF502F947D1513341500EF50CFB65A
:1041C00085476314F50013642400EF50EF9385478F
:1041D0006314F500136444009707FF1F9387C78992
:1041E0009C5F9183858B99C313648400CA8726875B
:1041F0008D465000A9454808A30201002303810011
:10420000EFF0FFDB05616FD01E88EFD29E85814500
:104210000145EFF03FF36FD01E87EFD29E8401443B
:104220009704FF1F9384C4BC13098004EF101FDDA3
:104230006345A40001456FD01E85330724039C40CD
:10424000BA9783C7A70199E30504CDB70545E5B73C
:10425000EFD23E81AA8401441709FF1F1309C981C7
:10426000EF109FCD6353A4028327490B131534002D
:104270003E9583570500639C970023100500232279
:10428000050023010500EFC01FBC6FD0CEFF050461
:10429000C1BFEFD26EFB2A842E89EF10FFCB19C16C
:1042A000014565A083474401414793F60703E3892D
:1042B000E6FE93F70704EDD7EF101FC875D18144D0
:1042C000814917FAFE1F130A2A7BEF10FFC663CC41
:1042D000A900EF107FC6639BA90E814497F9FE1FCA
:1042E0009389897989A883274A0B93943900BE94CE
:1042F00003D7040083578400E30DF7FC8509F1B769
:1043000083A7490B139534003E95835705009DE321
:10431000630509002320A90061B783578400231097
:10432000F5001C485CC15C48858B2301F500EFC09B
:104330009FB1BDB78504EF103FC0E3C3A4FCEF10ED
:10434000BFC085476305F50005456FD02EF3970480
:10435000FF1F83D484A917F7FE1F1307E7719397F4
:1043600034008324470BBE9403D50400EFB0CFF78D
:1043700003D50400EFF0DFED630C09022320990060
:104380009707FF1F83D767A685071707FF1F231E01
:10439000F7A4EF107FBA42059707FF1F83D7E7A462
:1043A0004181E3EFA7EE9707FF1F239007A4CDBD40
:1043B0008357840026852390F4001C48DCC05C48A9
:1043C000858B2381F400EFC01FA85DBF83474401A4
:1043D00003C72400858B99C725DBD8401C48E375AB
:1043E000F7F611A07DDB63050900232099004DBD80
:1043F0008357840026852390F4001C48DCC05C4869
:10440000858B2381F40025B7EFD2AEE20358450037
:10441000217102D29147832B050063E707017D5983
:104420004A8539616FD0AEE42E842A8A4C102285E9
:10443000BA8DB689328CEFF0DFE575F1854552858E
:10444000EF20AFF05285EF207F89131935000981E5
:10445000896442054181938CF4FFB37495015285C0
:10446000EF20FF8313798901935755003369F900D1
:10447000137DF5011379F90F137BFD0FE3612BFB1E
:104480005C48184897FAFE1F938A0A5F93F6170054
:1044900083A70A00B3049740B3F49401958F93D691
:1044A0008700B3049740E207DD8C23A2D90023A044
:1044B0009900930C1B0023809D01814636CEEF109E
:1044C000FFB4F2461708FF1F1308489263D0A604F2
:1044D0008327080093946600BE9498481C44631692
:1044E000F706D84483A749008C4403A609006366F5
:1044F000F7006390E74863FEC54683C7740193F7EE
:104500000704A1C785452685EFE07FDA5C4821478F
:104510008D83858B91E33147B3046703EF101FB0A0
:1045200063C4A404032844018346E40003568400C2
:104530008355A40008401358780013781800814769
:104540004E87EFF0FFAD2D59E1BD850685BF83573E
:1045500084002310F5001C485CC15C48858B230156
:10456000F500EFC05F8E49A197F7FE1F93870739CB
:104570009C4381EF814DEF107FA99707FF1F938721
:10458000E78663CBAD045D5961BD5C481307000845
:1045900093F7070CE390E7FE1C4003C70D0003569A
:1045A000A4008355840003D5C701CE86EF700FCCDD
:1045B00071F1032844018346E400035684008355C7
:1045C000A4000840135878001378180081474E87DC
:1045D000EFF01FA56559A9B5984393946D00BA945F
:1045E00003C774019376070499C2850D69B71367F1
:1045F0000704A38BE4001C409CC05C488A0793F628
:1046000007029377F7FDD58FA38BF40003A609006B
:1046100083A64900819BB3E7A701A38BF40090C454
:10462000D4C403C70B0093F7F707238BE4000347B9
:10463000E400238CE400035784002398E40003572C
:10464000A40023AE04002399E40058481377070818
:10465000D98FA38BF400DC4CB3D72701858B6395EE
:104660000738DC4803574A00F583858B6317690BCD
:1046700093160901C182214691E33146B387C602F0
:104680003E97239AE400EF10EFB3138D440288D0D5
:104690006A85EF00D00009ED83A78A039183858B9B
:1046A00081EB2685EFE09FA2AA856A85EF0070095D
:1046B0005C4821478D83858B91E33147DC40BAC04C
:1046C00017A700001307C7941843931D2900130B65
:1046D00001041843EE970146DA8501453ECE029764
:1046E000F24788C3DC40BE9D03A50D000DED0328F5
:1046F00044018355A4008346E40003568400084027
:10470000135878001378180081474E87EFF05F91B7
:1047100085452685EFE0BFB975BDA14691E3B14659
:10472000E383E6F6EDB903564A0083250A00054AFD
:1047300033192A01EF707039DC4C66860545336900
:10474000F90023AE24018145EF70003C7D1563061E
:10475000A90023204C010149E1B1125509CD83572D
:1047600084002310F5001C485CC15C48858B230144
:10477000F500EFC04FED89472320FC006A85EF006C
:10478000C07D03A84401DC4C8346E400035684004A
:104790008355A40008404E871358F801EFF05F8856
:1047A0008347440113F7870005CBB7070001014693
:1047B0004C1826853EDC5ADA5ADEEFE0FFB883C596
:1047C0000B00CE8650182285EFF02F822A89814572
:1047D0002685EFE0DFADA9B183C91B0003AA8400E1
:1047E0003707800183CC0B00220A3AD693D979008F
:1047F0005AD45AD8135A8A0083D644012547639362
:10480000090015477D59E3C4E6FC17F7FE1F13079F
:10481000E70E184311C793F7070499E3014945BF11
:104820000355A400A1671167A98F814B63F5E700C9
:10483000EF40BFECAA8B93D76C00858BBDCF114C9A
:1048400063830900214C420C135C0C01014B130DD6
:104850008002EF106FF793170B014205C18341816E
:10486000E3FEA7FA03A3CA0AB30DAB034E862C10CE
:1048700026851ACEEFE05FADA25783A5CA0A93083A
:1048800041033EDE3EDA83D7440113088102668786
:10489000B3878741231DF102DE86CE875286EE95CF
:1048A0002285231C0102EFE01FB12A89050B55F177
:1048B00072439A9D83D72D0075A097F7FE1F9387AB
:1048C00067309C4313971701635007044E862C10E2
:1048D0002685EFE07FA7A25721473EDE3EDA83D749
:1048E0004401639309001147998F231DF102381089
:1048F0005C18CE865E86D2852285231C0102EFE0FD
:104900005FB32A89F55739CD4E862C102685EFE006
:10491000BFA3A25721473EDE3EDA83D7440163930B
:1049200009001147998F231DF1025C4852C03410D1
:1049300013F7170083A70A004E868545998F3EC25C
:104940008358A40003588400DE87581817F5FE1F0B
:104950001305051C231C0102EF609F852A89F95766
:10496000E31705E62313F4004C182285EF001FD54A
:10497000B9BDE3E6E7AA6314F700E362B6AA03C78A
:104980000B0083C76401E31CF7A803AD44019357F0
:104990008D01FD8BE39567A95C481357DD01058BFD
:1049A0008D83858BE31DF7A683C7740193F70704F6
:1049B000E39307CADC4C6686054581453ECEEF7021
:1049C000A014F2477D15E39CA7A48346E400035698
:1049D00084008355A40008401358FD014E87EFF072
:1049E0002FE41255E31505B679591DBC97F7FE1F44
:1049F000239CA73E8280EFD2CE833971FD5717FAF0
:104A0000FE1F130AAAEF3ED683270A007D573AD429
:104A100002D2A3010102AA842E84638707109C415D
:104A200083D5A50003D5C701EF704F8083474401AC
:104A30001E0593F7F707C98F230AF400A5452685BD
:104A4000EF20AF9097FAFE1F938A8A0183A70A008E
:104A50008DC717F7FE1F130727021C5F9183858BF5
:104A600089CF8347440193F6070381EA54532147D2
:104A700069596397E60A918BC5C72685EF206F8F2A
:104A80009C40AA8B03DC44008387070063D3070A9A
:104A90005C48014993F7070CC1C713073102341072
:104AA0005010A2852685EFF03F962A8983A70A0039
:104AB00085C317F7FE1F130727FC1C5F9183858BA7
:104AC00081CB5853A1476315F7002285EF808FDC17
:104AD0009C44C20B93DB0B01BE9B83270A0023A0DF
:104AE0007401239284018DCF8307440163DA0702A6
:104AF0006318090297F7FE1F938707E083A8070052
:104B0000A257FD5612560347310201486393D71C42
:104B1000B2566390F61CA6878146A285014582980D
:104B20004A8521616FC0BEF483C7450193F7F7073B
:104B300021B78547A301F10263140C007D59BDB76D
:104B400081452285EFF0EFF475F92685EF202F954A
:104B500083474401AA8CA18B81CBAA853410268679
:104B60002285EFE09FC891B75C48014993F7070C95
:104B700095DFEF106FC6110542054181EF20E0047B
:104B8000AA89630605142ADA231C0102EF10CFC498
:104B900003D744001105231DA1024EDE914763E6B1
:104BA000E7004E85EF10507D51BF83270A0091CB5F
:104BB0008347440193F7070489E74E85EF10D07BC4
:104BC000F5B50355A400A1671167A98F014B63F5E3
:104BD000E700EF409FB22A8B83D74400F11723925E
:104BE000F40093D76C00858BE1E397F7FE1F938762
:104BF00067FD9C431397170163510702F2570C4856
:104C000026873EDA81465C185A862285231C0102DB
:104C1000EFE03F822A89F55739C1F2578358A40043
:104C2000035884003EDA5C48A686014613F7170055
:104C300097F7FE1F938747E49C43854517F5FE1FB2
:104C4000130505ED998F3EC21C485818231C01021C
:104C50003EC0DA87EF60CFD52A8925F1F9572313B3
:104C6000F4004C182285EF007FA581BF93078002D6
:104C7000B387FD02032ECD0A10489308410326880E
:104C80006687DA862285231C0102850D3E9EF25737
:104C9000F28572CE3EDA8147EFE0EFF12A8911E921
:104CA000724E83572E0065BF814D17FDFE1F130DF9
:104CB000ADDCEF106FB1420593970D014181C183C7
:104CC000E3E6A7FA4E85EF10306B0149C5B35D5995
:104CD000F1BBA687341091B582808280EFC27ED866
:104CE000014497F4FE1F93846410EF102FB26344C5
:104CF000A40297F7FE1F938727D803A4470BEF1052
:104D0000AFA31316350081452285EFC09ED8EFC0B2
:104D10006F956FC05ED788409317640085453E95B8
:104D2000EFE0EFD80504D1B7EFC2BED3014497F44A
:104D3000FE1F9384E40B13098004EF102FAC63442F
:104D4000A4006FC05ED4B3072403884005043E95D9
:104D5000EFE0CFF4DDB7EFC23ECF014497F4FE1F82
:104D6000938404091309800497F9FFFF9389899CB0
:104D7000EF10CFA86341A402014497F4FE1F93846F
:104D8000E40617F9FFFF13094936EF102FA8634E09
:104D9000A4006FC0BECEB30724038840CE850504AF
:104DA0003E9513058502F928E1B788409317640002
:104DB000CA853E9513054502F1200504F9B7EFC2F7
:104DC0005ECA1C452A84858BA1CF97F6FE1F938669
:104DD00066029C42014795C36311F4041C40D4420F
:104DE0000DE717F7FE1F2327F7006316D40017F708
:104DF000FE1F2323F700232004001C44232C04005F
:104E00000145F99B1CC46FC01EC81CC3E315D4FE2A
:104E100097F7FE1F23A2E7FEF9BF3E879C4365BFBD
:104E20003105ED2CD9BF8589B1C1EFC29EC317F4FE
:104E3000FE1F130424FC08401DC51C4117F7FE1F6C
:104E4000232AF7FA58406316E50017F7FE1F2325BB
:104E5000F7FA1C45584193F6E7FF14C5858BE1DF4F
:104E600079DB0297C9BF01456FC0FEC10145828051
:104E7000EFC23EBF2E8431468145EFC09EC140C186
:104E80006FC07EC0EFC2FEBD2A84EFF07FFE2326F6
:104E9000040023280400232C04006FC0DEBEEFC2F0
:104EA0005EBC3105F92295473305F502A14733452C
:104EB000F5026FC05EBD9C4513E7170098C5858B52
:104EC0009DE3EFC21EBA5C4123A0050091EB4CC1EB
:104ED0000CC1034585008545EF20C0036FC0BEBAF5
:104EE0008CC34CC1FDB78280EFC21EB63559634AF0
:104EF00006009C4DB2842E84AA8999C731596387D4
:104F0000A7004A856FC09EB7014919E52285EFF0D9
:104F10001FEB2A89E34705FE8E049545B3C5B4020D
:104F2000232C34011305C4006122E1BFEFC27EB31C
:104F3000AA8517F5FE1F1305E5EBEFF0DFF76FC04D
:104F40009EB4EFC21EB22E86AA8517F5FE1F13056A
:104F500065EAEFF07FF96FC01EB31C4D99C7EFC231
:104F60005EB0EFF0DFE56FC01EB27D558280EFC20C
:104F70005EAF17050000130545EBEF20404E97F795
:104F8000FE1F938727E72384A70023A0070023A2FF
:104F900007006FC05EAF97D7FE1F938727C7884370
:104FA0006313F50001458280EFC2BEABEFF0BFFE98
:104FB000FD5711C11C453E856FC0FEACEFC27EAAF5
:104FC000EFF07FFDAA87014599CB8047854517F50E
:104FD000FE1F0345E5E2EF20601B3305A4406FC0D0
:104FE0009EAAEFC21EA841112AC6854517F5FE1FCD
:104FF000034505E1EF202012854517F5FE1F034507
:1050000025E0EF10D0753246634A060017F5FE1F03
:10501000034505DF854511E6EF10D06F41016FC0F4
:105020009EA6EF10B078DDBFEFC2BEA3930545FF8B
:105030004845EFF05FE86FC01EA585898DC9EFC2B6
:105040005EA2EFF05FF509CD54411841232405001D
:1050500098C254C32320050023220500EFF0DFFC93
:10506000EFF09FF4EFF0FFF701456FC0DEA10145BF
:1050700082801C4185CFEFC2DE9EAA84EFF0BFF193
:1050800097D7FE1F938787B8DC43014419E5EFF0FB
:10509000FFF23305A4406FC01E9F18453A94E30801
:1050A00095FE75D5E305F5FE0841CDB70145828033
:1050B000EFC23E9B0CC52A84EFF05FF0AA84EFF0AC
:1050C0009FED01C51C45858F1CC5EFF0DFEC97D720
:1050D000FE1F9387A7B3D04311E950C01CC0DC4327
:1050E00080C397D7FE1F23A587B229A8144518446B
:1050F0006350D7025C413387E64018C55CC008C0E6
:1051000080C340C1EFF05FEAEFF0BFED6FC0BE9724
:10511000158F18C4E303A6FC08417DBFEFC27E943F
:105120001C41FD54B1C72A84EFF0FFE62A890145EE
:1051300063142401EFF09FE817D7FE1F130707AD94
:1051400058431C406308E40091C71844098F8847FE
:105150003A9588C7584081441CC3D8C32320040013
:105160002322040063162401EFF01FE4EFF07FE731
:1051700026856FC05E91EFC2DE8E17050000130515
:1051800005ECEF20C02D97F7FE1F238BA7C66FC03D
:105190009E8F5971A2D6A6D4CAD2CED0D2CED6CCAA
:1051A000032A4500832A0500832985000329C500B9
:1051B00004494049832385018322C501DACADEC838
:1051C000E2C6E6C4EAC2EEC0968B9E8FA28E268807
:1051D000CA864E8F528ED6880147179B0000130B4C
:1051E0006B611306000483CC050083C7150003C35D
:1051F00025009105C20703CCF5FFE20CB3ECFC00DF
:105200002203B3679301B36CFC0013536800B30728
:10521000E100131CA801336C830123A09701131331
:1052200058019357B800B3E767003343FC00135CA1
:10523000980193177800B3E78701B347F30013434E
:10524000F8FF337CD8013373F301334383019A971A
:105250003303EB0003230300139C380111079A97D3
:10526000E697DE971393E80193DB2800B3EB6B001E
:1052700013D3D8003363830133C36B0013DC68019D
:10528000939BA800B3EB8B01B34B73013343EE0147
:1052900033731301337CEE01334383019A9B3383D1
:1052A000D700DE97FA86FE8B6315C7169795000028
:1052B00093854554C146930B0004138B1600137756
:1052C000FB0090000A073297832D07FC9105139C81
:1052D0009D0113DD7D00336D8D011397ED0013DC0F
:1052E0002D0133678701334DED001387E6003D8BB9
:1052F0000A073297832C07FC93DD3D00334DBD0137
:1053000013D71C011396FC0013DC3C01598E139734
:10531000DC0033678701398E13F7F600A506BD8AD6
:10532000130C01048A060A076297E29603AC06FC96
:10533000832607FC93DCAC0033469601369C6A9CBE
:10534000329C935663001316A301558E232087FDCC
:10535000931653011357B300558FB346E600135607
:10536000930113177300518F358F9346F3FF3376F4
:105370000301B3F6D601B18E3697D45D13D627005C
:1053800036976297139CE701336C860193D6D7005A
:1053900013963701D18E7E973346DC0093DF670189
:1053A0009396A700B3E6F601B3CFC801B18EB3FF61
:1053B000FF0033F6C801B3CFCF00FE963306E701F6
:1053C000F68F3697728FDA86631C7B0522933654EC
:1053D0005697D297CE984A9EB2941E98969E04C92C
:1053E00018C15CC1232415012326C501232A6500A9
:1053F000232C0501232ED501A65416598659764A29
:10540000E64A564BC64B364CA64C164D864D65614A
:105410008280F68F728FC28E468E1A88BE88E1B364
:10542000C28E468E1A88BE883283BA8779B525C562
:10543000EFC22EE31306000781452A84EF50AF9C8C
:10544000B7E7096A938777661CC0B7B767BB9387CE
:1054500057E85CC0B7F76E3C938727371CC4B7F793
:105460004FA59387A7535CC4B7570E519387F7276F
:105470001CC8B777059B9387C7885CC8B7E7831FAD
:105480009387B79A1CCCB7D7E05B938797D15CCC56
:1054900005456FC04EDF0145828039CDEFC2CEDABF
:1054A0002A84AE84014599C93389C50019C6930978
:1054B000F003130A84026315990005456FC00EDCE2
:1054C0003C5485041387170038D483C6F4FFA29791
:1054D0002384D702E3F1E9FED2852285EFF07FCB6A
:1054E0001C5054502324040613870720B337F700B9
:1054F000B69718D05CD0C1B7014582806309050E0C
:10550000EFC22ED6AA842E840145E5C1B8559C5120
:10551000D05193163700BE96B3B7F600B297130575
:105520001700DCD194D1930700F8A8D52E97230457
:10553000F702930780031389850263FFA700130610
:105540000004098E81454A95EF50EF8BCA8522856C
:10555000EFF03FC42324040628541306800381453A
:10556000098E4A95EF502F8A8356040218505C50DA
:1055700013968600A182D18E2313D4069356070179
:1055800061832302E40613D78700A301F4062301F5
:10559000E40613D70701E183A302D4062300F4062F
:1055A000A300E406CA852285EFF0BFBE81479306BB
:1055B00000023307F4001843910491071356870142
:1055C000238EC4FE13560701A38EC4FE1356870014
:1055D000238FC4FEA38FE4FEE39DD7FC2285130630
:1055E00000078145EF502F8205456FC0CEC90145A8
:1055F000828011E282807D16B387C50003C7070051
:10560000B307C5002380E700EDB797E7FE1F23AB84
:10561000A77E8280EFC2EEC41C412A84B284858BAF
:10562000014989CBB2862E86AA8597B0FE1FE780F6
:10563000203B2A89A685228597B0FE1FE780403847
:10564000630A09008A04F11426941C40370700807D
:10565000D98F1CC06FC02EC3EFC20EBF039A2600A5
:1056600093070002AE891304FA013344F4029384D1
:105670004602AA85B28A4E8526860549620461845F
:10568000A28697B0FE1FE780A03511ED9317540056
:105690000149635AFA00D2854E8597B0FE1FE78014
:1056A00080283339A000A2862686CE85568597B0FD
:1056B000FE1FE780E0324A856FC04EBCEFC2CEB815
:1056C000011121462E842A8997B0FE1FE780602AA7
:1056D0005C54A1460A863EC61C588A850A853EC887
:1056E0005C5802C402C23ECA1C5C02C03ECC5C5C78
:1056F0003ECE97B0FE1FE780A02EAA84A1460A8660
:10570000CA854A8597B0FE1FE780802D1C58AA9451
:10571000A1463EC65C580A868A853EC81C5C0A853E
:1057200002CE3ECA5C5C3ECC97B0FE1FE780402BA9
:10573000AA94A1460A86CA854A8597B0FE1FE780CB
:10574000202A1C50AA94A1463EC05C500A86CA85F5
:105750003EC21C544A8502CA3EC41C5C02C802C632
:105760003ECC5C5C3ECE97B0FE1FE78060275C506D
:10577000185CAA943EC01C543AC8585C3EC25C54A3
:10578000A1460A863EC45C58CA854A853EC63ECCC0
:105790001C503ACA3ECE97B0FE1FE78060245C548E
:1057A000AA94A1463EC01C580A86CA853EC25C58CF
:1057B0004A8502CA3EC41C5002C802C63ECC1C54D4
:1057C0003ECE97B0FE1FE78040251C58898CA1462D
:1057D0003EC05C580A86CA853EC21C5C4A8502CA25
:1057E0003EC45C5C02C83EC65C503ECC5C543ECEBF
:1057F00097B0FE1FE78060225C58898CA1463EC0AE
:105800001C5C0A86CA853EC25C5C4A8502CC3EC4EA
:105810001C503EC65C503EC81C543ECA1C583ECE6E
:1058200097B0FE1FE780601F1C5C898CA1463EC0BC
:105830005C5C0A86CA853EC25C504A8502C43EC68C
:105840001C5402CC3EC85C543ECA5C583ECE97B055
:10585000FE1FE780801C3384A44097C4FE1F9384FE
:10586000A43B63470402854911E82146CA85268581
:1058700097B0FE1FE78020FE63073503A14626860A
:10588000CA854A8597B0FE1FE7802019098CE9BFB9
:10589000A1462686CA854A8597B0FE1FE780401438
:1058A0002A94E34704FE05616FC04E9DEFC2CE9976
:1058B0001D712A8432892E8A714681454800EFC0C5
:1058C0004E9D830409008D475286A686D285081016
:1058D0003EC097B0FE1FE780801B8327C90A0C10CB
:1058E00022858297A6860A86A28522859309490089
:1058F00097B0FE1FE780601209C9A6864E86A28572
:10590000228597B0FE1FE780A00D8306090052860E
:10591000A285081097B0FE1FE78060178327C90A89
:105920000C1022858297A68613064908A285228537
:1059300097B0FE1FE780C00A19E92686A2854E852A
:1059400097B0FE1FE78020F18547630AF500A68621
:105950004E86A285228597B0FE1FE780000C256148
:105960006FC0CE91EFC24E8E8384060019712A89D2
:10597000AE8A3285A6853284B68997B0FE1FE7804D
:1059800060F86319052CA6865686D685880097B0E0
:10599000FE1FE780C00F83A7C90A8C000A85829783
:1059A000838609000A86CA85880097B0FE1FE780B3
:1059B000000E83A7C90A8C0008108297838609000D
:1059C0000A868A85880097B0FE1FE780400C83A76F
:1059D000C90A8C000A858297838609002286D685AB
:1059E000880097B0FE1FE780800A83A7C90A8C0051
:1059F00056858297838609002286A285880097B003
:105A0000FE1FE780C00883A7C90A8C002285829701
:105A1000A6862286CA854A85138A490097B0FE1F4A
:105A2000E78000FC19E92686CA85528597B0FE1FDB
:105A3000E78060E28547630AF500A6865286CA853C
:105A40004A8597B0FE1FE78040FDA6862286A28584
:105A5000228597B0FE1FE780A0F819E92686A28567
:105A6000528597B0FE1FE78000DF8547630AF50087
:105A7000A6865286A285228597B0FE1FE780E0F9B0
:105A8000A6862286CA85228597B0FE1FE780E0F8A9
:105A900009C9A6865286A285228597B0FE1FE78097
:105AA00020F4838609002286CA85880097B0FE1FED
:105AB000E780E0FD83A7C90A8C004A858297A68605
:105AC0004A86CA85228597B0FE1FE78060F119E9F2
:105AD0002686A285528597B0FE1FE780C0D78547EE
:105AE000630AF500A6865286A285228597B0FE1F1E
:105AF000E780A0F2A6862286CA854A8597B0FE1F57
:105B0000E78000EE19E92686CA85528597B0FE1F08
:105B1000E78060D48547630AF500A6865286CA8569
:105B20004A8597B0FE1FE78040EF81454A8597B0D0
:105B3000FE1FE78040DF63020512A6865286CA85F3
:105B40004A8597B0FE1FE780A0E92A8BA6854A8583
:105B500097B0FE1FE780C0E693972400F117CA971D
:105B600088437E0B3365650188C3838609004A86B6
:105B7000CA85880097B0FE1FE78060F183A7C90A35
:105B80008C0022858297A6861010A285228597B068
:105B9000FE1FE78080E809C9A6865286A285228575
:105BA00097B0FE1FE780C0E3A6861010A28522856D
:105BB00097B0FE1FE78060E609C9A6865286A285D7
:105BC000228597B0FE1FE780A0E10C10A6862286F2
:105BD0002E8597B0FE1FE78040E409C90C10A68609
:105BE00052862E8597B0FE1FE78080DF83860900EE
:105BF0001010CA85880097B0FE1FE78040E983A790
:105C0000C90A8C004A858297A6860A86CA850A85B3
:105C100097B0FE1FE78060E009C9A68652868A8594
:105C20000A8597B0FE1FE780A0DB2686A2854A85FD
:105C300097B0FE1FE780E0D32686D685228597B0F1
:105C4000FE1FE78000D326868A85568597B0FE1F03
:105C5000E78020D209616FB07EE2A6854A8597B0C1
:105C6000FE1FE780E0D511B7EFB21EDEAE891971D5
:105C70002A89B6854E85B284368497B0FE1FE780A8
:105C800060C811C9A2854A8597B0FE1FE780C0C5CC
:105C900009616FB0BEDE2286CE850A8597B0FE1FF1
:105CA000E78020CD2286A685081097B0FE1FE780EA
:105CB00040CCA285880097B0FE1FE780E0C28547F0
:105CC000A2858810BEC097B0FE1FE780E0C1228683
:105CD0000C100A8597B0FE1FE780E0B709E922861D
:105CE0008C004A8597B0FE1FE780A0C855B7824751
:105CF000858B89EFA2850A8597B0FE1FE78040CC8F
:105D00002286A6858800EFF0FF90D1B78257858B59
:105D100099EBA285081097B0FE1FE78060CA228623
:105D2000A6858810CDB7A2866359A00410108A8575
:105D30000A8597B0FE1FE78040CEA2850A8597B0FE
:105D4000FE1FE780E0C722868C10880097B0FE1FF8
:105D5000E78060B0635A05008C00A28626862E85F7
:105D600097B0FE1FE780C0C78C00A28690102E85DA
:105D700097B0FE1FE78060CA61B70C100A862E85B7
:105D800097B0FE1FE78060C9A285081097B0FE1F7C
:105D9000E78000C322868C00881097B0FE1FE78042
:105DA00080AB635A05008C10A28626862E8597B09C
:105DB000FE1FE780E0C28C10A28690002E8597B06F
:105DC000FE1FE78080C5A1BFEFB2BEC6038C0700EF
:105DD00069712AC2B28D080962862E8D36C63E844C
:105DE000BA8B97B0FE1FE780C0B893172C003EC453
:105DF000EA976286BE8588093EC097B0FE1FE7809D
:105E000040B7B246830404006384066C2686B685D8
:105E1000081897B0FE1FE780C0B526860C098818C1
:105E200097B0FE1FE780E0B426868C09081997B06A
:105E3000FE1FE78000B4830604001018B28588199D
:105E400097B0FE1FE780A0C48327C40A8C19880876
:105E500082978306040090080C09881997B0FE1FEA
:105E6000E780E0C28327C40A8C1908098297830659
:105E7000040010188C08881997B0FE1FE78020C115
:105E80008327C40A8C198808829783060400900827
:105E90008C09881997B0FE1FE78060BF8327C40A6A
:105EA0008C19880982978327440AA28610188C09C6
:105EB00008098297830604001018B285881997B0E4
:105EC000FE1FE780C0BC8327C40A8C19880882970C
:105ED0008306040090088C18881997B0FE1FE7808D
:105EE00000BB8327C40A8C19881882978306040094
:105EF00010188C08881997B0FE1FE78040B98327D7
:105F0000C40A8C19880882978306040090080C192B
:105F1000881997B0FE1FE78080B78327C40AF91B52
:105F20008C190819C20B829793DB0B4113094400AB
:105F3000854C830404006346705B81456E8597B091
:105F4000FE1FE780409EB339A00096099C18338A53
:105F50003701933A15001C19960ABE999C18338B89
:105F60005701A6861C195286DA850808BE9A97B092
:105F7000FE1FE78080AA09C90C08A6864A862E85DE
:105F800097B0FE1FE780C0A5830604001008B28505
:105F9000881997B0FE1FE78080AF8327C40A8C1949
:105FA00008088297830604001008D285881997B0E4
:105FB000FE1FE780C0AD8327C40A8C1952858297E3
:105FC000830604001008DA85881997B0FE1FE78061
:105FD00000AC8327C40A8C195A858297A6864E8600
:105FE000D685080897B0FE1FE780809F19E92686AE
:105FF0000C084A8597B0FE1FE780E0858547630A55
:10600000F5000C08A6864A862E8597B0FE1FE7800D
:10601000C0A0A6864E86D685568597B0FE1FE7801F
:10602000C09F09C9A6864A86D685568597B0FE1FA9
:10603000E780009BA6865286DA85081897B0FE1F77
:10604000E780A09D09C90C18A6864A862E8597B0C0
:10605000FE1FE780E098830604001018CE8588199B
:1060600097B0FE1FE780A0A28327C40A8C194E8533
:106070008297A6865A86D285081897B0FE1FE780B9
:10608000209619E926860C184A8597A0FE1FE780FE
:10609000807C8547630AF5000C18A6864A862E8503
:1060A00097B0FE1FE7806097830604005686D6856A
:1060B000881997B0FE1FE780809D8327C40A8C193A
:1060C0005A858297A6861018DA855A8597B0FE1FE2
:1060D000E780A09409C9A6864A86DA855A8597B0D2
:1060E000FE1FE780E08FA6865A86D285880897B083
:1060F000FE1FE780809209C98C08A6864A862E85F5
:1061000097B0FE1FE780C08D830604009008D685F7
:10611000881997B0FE1FE78080978327C40A8C19DF
:1061200056858297A6864E86D685568597B0FE1FE1
:10613000E780A08E09C9A6864A86D685568597B07F
:10614000FE1FE780E089830604001008B2858819E5
:1061500097B0FE1FE780A0938327C40A8C19880894
:1061600082978C08A68610182E8597B0FE1FE780B0
:10617000C08A09C98C08A6864A862E8597B0FE1F5C
:10618000E7800086A68652868C08081897B0FE1F06
:10619000E780A08809C90C18A6864A862E8597B084
:1061A000FE1FE780E0838306040010080C1888199E
:1061B00097B0FE1FE780A08D8327C40A8C190818AA
:1061C0008297A6864E860C184E8597B0FE1FE780F4
:1061D000C08409C9A6864A86CE854E8597B0FE1F23
:1061E000E780008026868C08528597A0FE1FE780F6
:1061F0004078E28690180C09081897B0FE1FE780D7
:10620000C08109C90C18E2864A862E8597A0FE1F18
:10621000E780007D830604004E860C18881997B02D
:10622000FE1FE780C0868327C40A8C19081882974E
:10623000830604006A860C18881997B0FE1FE78051
:1062400000858327C40A8C19081882970C182E859C
:10625000E2864A86EFF05FA18306040002460C182E
:10626000881997B0FE1FE78080828327C40A8C19A3
:10627000081882978306040052860C18881997B074
:10628000FE1FE780C0808327C40A8C1908188297F4
:10629000830404005A86D285A686880897A0FE1F2C
:1062A000E780A07709C98C08A6864A862E8597A024
:1062B000FE1FE780E072830604009008B28588190B
:1062C00097A0FE1FE780A07C8327C40A8C1988084A
:1062D0008297830604009008DA85881997A0FE1F2C
:1062E000E780E07A8327C40A8C195A85829783064F
:1062F00004009008D285881997A0FE1FE7802079B6
:106300008327C40A8C1952858297A6865686CE8525
:106310004E8597A0FE1FE780407009C9A6864A8671
:10632000CE854E8597A0FE1FE780806B8306040014
:106330004E86CE85881997A0FE1FE780407583277B
:10634000C40A8C19880882978C08A6865A862E85DE
:1063500097A0FE1FE780606C09C98C08A6864A8654
:106360002E8597A0FE1FE780A0678C08A686528620
:106370002E8597A0FE1FE780406A09C98C08A68673
:106380004A862E8597A0FE1FE7808065A6865A86DE
:10639000D285528597A0FE1FE780206809C9A6868E
:1063A0004A86D285528597A0FE1FE78060638306E8
:1063B00004005286D685881997A0FE1FE780206DBD
:1063C0008327C40A8C1956858297A6869008DA8599
:1063D000528597A0FE1FE780406409C9A6864A86B9
:1063E000D285528597A0FE1FE780805F8306040058
:1063F0005286CE85881997A0FE1FE78040698327C3
:10640000C40A8C194E858297A6865686CE854E85FF
:1064100097A0FE1FE780606009C9A6864A86CE85E0
:106420004E8597A0FE1FE780A05B26868C085285CC
:1064300097A0FE1FE780E053830604001018B28582
:10644000881997A0FE1FE78080648327C40A8C19EF
:10645000880882978306040090088C18881997A0F2
:10646000FE1FE780C0628327C40A8C1988188297B0
:106470008306040010188C08881997A0FE1FE78077
:1064800000618327C40A8C19880882978306040058
:1064900090080C19881997A0FE1FE780405F83279A
:1064A000C40A8C1908198297124562868C1897A025
:1064B000FE1FE780004C924722470C196286338505
:1064C000E70097A0FE1FE780C04A55616FB02EDA43
:1064D000A685081897A0FE1FE780004185473ED893
:1064E0002DBADE856E8597A0FE1FE780C043133A64
:1064F0001500B3894C4196099C18B38A37011C19C1
:10650000160ABE999C18338B4701A6861C1956861D
:10651000DA8508083E9A97A0FE1FE780005009C957
:106520000C08A6864A862E8597A0FE1FE780404B62
:10653000830604001008B285881997A0FE1FE78023
:1065400000558327C40A8C19080882978306040023
:106550001008D685881997A0FE1FE780405383272F
:10656000C40A8C1956858297830604001008DA85C0
:10657000881997A0FE1FE78080518327C40A8C19D1
:106580005A858297A6864E86D285080897A0FE1F58
:10659000E780004511E926860C084A8597A0FE1F72
:1065A000E780602B630A95010C08A6864A862E8533
:1065B00097A0FE1FE7806046A6864E86D28552854C
:1065C00097A0FE1FE780604509C9A6864A86D28546
:1065D000528597A0FE1FE780A040A6865686DA85E2
:1065E000081897A0FE1FE780404309C90C18A6862B
:1065F0004A862E8597A0FE1FE780803E8306040012
:106600001018CE85881997A0FE1FE7804048832781
:10661000C40A8C194E858297A6865A86D685081894
:1066200097A0FE1FE780C03B11E926860C184A851B
:1066300097A0FE1FE7802022630A95010C18A6860A
:106640004A862E8597A0FE1FE780203D8306040022
:106650005286D285881997A0FE1FE7804043832782
:10666000C40A8C195A858297A6861018DA855A852D
:1066700097A0FE1FE780603A09C9A6864A86DA8598
:106680005A8597A0FE1FE780A035A6865A86D68534
:10669000880897A0FE1FE780403809C98C08A686A5
:1066A0004A862E8597A0FE1FE7808033830604006C
:1066B0009008D285881997A0FE1FE780403D832768
:1066C000C40A8C1952858297A6864E86D285528539
:1066D00097A0FE1FE780603409C9A6864A86D28546
:1066E000528597A0FE1FE780A02F830604001008A4
:1066F000B285881997A0FE1FE78060398327C40AF6
:106700008C19880882978C08A68610182E8597A069
:10671000FE1FE780803009C98C08A6864A862E8530
:1067200097A0FE1FE780C02BA68656868C08081807
:1067300097A0FE1FE780602E09C90C18A6864A861E
:106740002E8597A0FE1FE780A0298306040010086D
:106750000C18881997A0FE1FE78060338327C40AAE
:106760008C1908188297A6864E860C184E8597A01D
:10677000FE1FE780802A09C9A6864A86CE854E85F7
:1067800097A0FE1FE780C02526868C08568597A017
:10679000FE1FE780001E830404005A86D685A68665
:1067A000880897A0FE1FE780402709C98C08A686A5
:1067B0004A862E8597A0FE1FE7808022830604006C
:1067C0009008B285881997A0FE1FE780402C832788
:1067D000C40A8C1988088297830604009008DA8519
:1067E000881997A0FE1FE780802A8327C40A8C1986
:1067F0005A858297830604009008D685881997A049
:10680000FE1FE780C0288327C40A8C19568582970B
:10681000A6865286CE854E8597A0FE1FE780E01F94
:1068200009C9A6864A86CE854E8597A0FE1FE780B9
:10683000201B830604004E86CE85881997A0FE1F74
:10684000E780E0248327C40A8C19880882978C0883
:10685000A6865A862E8597A0FE1FE780001C09C9D0
:106860008C08A6864A862E8597A0FE1FE7804017D3
:106870008C08A68656862E8597A0FE1FE780E01915
:1068800009C98C08A6864A862E8597A0FE1FE78038
:106890002015A6865A86D685568597A0FE1FE780C6
:1068A000C01709C9A6864A86D685568597A0FE1FB9
:1068B000E7800013830604005686D285881997A0C6
:1068C000FE1FE780C01C8327C40A8C19528582975B
:1068D000A6869008DA85568597A0FE1FE780E0130C
:1068E00009C9A6864A86D685568597A0FE1FE780E9
:1068F000200F830604005686CE85881997A0FE1FB8
:10690000E780E0188327C40A8C194E858297A686F3
:106910005286CE854E8597A0FE1FE780001009C9DC
:10692000A6864A86CE854E8597A0FE1FE780400B3F
:10693000FD1B26868C085685C20B97A0FE1FE7809C
:10694000400393DB0B416FF0CFDEEFB28E915D71B0
:106950003284AA841018A2862E850C082EC432C652
:10696000EFE09FCF03572400133515009C080A055C
:106970003E95032685FB05074207A287418781468E
:10698000930544042685EFF02FC483450400268533
:106990008605E205E18597A0FE1FE780A0F6133586
:1069A000150061616FB02E8EEFB22E892E8BAA84F6
:1069B000B2855A85328497D9FE1F9389A94497A03E
:1069C000FE1FE78080F783A70900B1C7131A5400A0
:1069D000931B24003305AA401389CBFF7D5A2699C7
:1069E000335AAA00930A0004054C83A70900DE85E8
:1069F000268582970DC183270900A2852685B3F7D6
:106A000047012320F90097A0FE1FE780A0EF19C5DA
:106A1000FD1AE39C0AFC01456FB0AE852286A6856F
:106A20005A8597A0FE1FE7804003E31385FF0545C5
:106A3000E5B7EFB26E81AA892E89B28413040004EF
:106A4000130A0002930A460203962400D6854A855B
:106A50007D063346460362066186EFF0FFF409C9FE
:106A60002686CA854E85EFF05FEE11E57D1469FC40
:106A700001456FB0AE800545EDBFEFA2FEFC038976
:106A80001600357100102A8B130A01042285B28981
:106A90004A86B684838A060022CC52CEEFE07FB5C8
:106AA00013161900DA858810EFE0BFB4A28522859D
:106AB000A6865286EFE05FBA97D7FE1F938787348A
:106AC0009C432A849DC3931725001811BA9783A667
:106AD00087F7568693854400368536C6EFF0DFEC9F
:106AE000B24609E50D616FA07EF9814603D7240007
:106AF000133414001C110A043E94032684F705077E
:106B00008C104207A68741872E85EFF0EFAB4A86AF
:106B10008C104E85EFE0FFAD83C50400881086051C
:106B2000E205E18597A0FE1FE780C0DD1335150063
:106B300055BF17B5FE1F1305E50D828023AC05FE7A
:106B40001C4191E7010001000CC18280BA8703A7B4
:106B500087FF6DFF23ACB7FE8280184183A785FFB6
:106B60006319B7001CC1FD5723AC05FE238FF5FE4A
:106B70008280232CF6FEC5BF411122C437E400E019
:106B800026C204403707200006C6F98C2320E418EB
:106B90000F10000009E9232094101545B24022444B
:106BA0009244410182800347E5FF9307F00F63069B
:106BB000F700232094101145D5B797B0FE1FE7804A
:106BC000C0CB014523209410D1BF411126C2B7E4A8
:106BD00000E04AC003A90400B707200006C622C48B
:106BE0003379F90023A0F4180F10000009E923A05D
:106BF0002411B240224492440249410182809565A9
:106C0000938505D0C98D2A842105C2054205C1811D
:106C1000418197B0FE1FE78020B701CDFD572320AB
:106C20000500231285002303F50023A0241121056C
:106C3000C9B723A0241101456DBF0111B7E700E0DA
:106C40004AC803A907004EC63707200006CE22CC4B
:106C500026CAAA893379E90023A0E7180F1000009B
:106C600097D7FE1F9387471A80438144014611E45A
:106C700091E8A1654E8545210DA08347E4FF639A05
:106C800037038DCCA68517D5FE1F1305E517EFF04A
:106C9000DFEC65D0A1654E85B52CF2406244B7E7C4
:106CA00000E023A0271126854249D244B24905615C
:106CB000828091E02286032484FF55BFA284E5BF31
:106CC00041114AC037E900E022C403240900370714
:106CD000200006C626C2798C2320E9180F10000078
:106CE00089E52320891015451DA0AA8497D7FE1F8A
:106CF00083C7D7112E8563F5F400894763EF9700AA
:106D0000EFF09FE7B7E700E023A087100D45B24002
:106D10002244924402494101828083A785FF99E77A
:106D200003C7E5FF9307F00F6309F700EFF0DFE417
:106D3000B7E700E023A087107DB7238F95FE17D516
:106D4000FE1F1305650CEFF07FDFA1652685D922B4
:106D500001452320891065BF97D7FE1F23A6070A88
:106D6000828097D7FE1F9387A70F9C4399E33E85A8
:106D7000828003D727006316B70003C70700E30824
:106D8000A7FEDC47E5B7A5C1011106CE22CC26CA75
:106D90008147C14633D7F540058B29C312053E957F
:106DA00031473305E50217D7FE1F1307A70F04432A
:106DB00005443314F4002EC642044180AA949C403A
:106DC000C8408297B24523A0040023A20400A18DED
:106DD000F2406244D2442E85056182808507E39BA0
:106DE000D7FA0144EDB72E858280C9C1797122D4CA
:106DF00006D626D24AD04ECE01444147B3D785406D
:106E0000858BA5C31205314722953305E50297D737
:106E1000FE1F9387270903A907008544B3948400C4
:106E2000C204C180BE892A990327090011C703251E
:106E300049002EC60297B24531473304E40283A7C6
:106E400009003E941C4489E72320090023220900FD
:106E5000B2502254A58D02599254F2492E854561B3
:106E600082800504E31CE4F88144DDB72E8582802E
:106E70004111B7E700E022C480433707200006C66F
:106E800026C2798C23A0E7180F10000097D7FE1FA9
:106E9000938747FD9C539384C18199C782979C40F7
:106EA0003E9523AEA18039A097D7FE1F9387C7FADE
:106EB0009C43EDF78840B74703009387D73F3305DE
:106EC000F502B7A72600938737ECB24092443E956F
:106ED00023AEA180B7E700E023A087102244410140
:106EE000828097D7FE1F938767FC9C43411122C481
:106EF00006C617D4FE1F130464F181CB82975C4849
:106F00003E9597D7FE1F23ADA7F04848B2402244D4
:106F100041018280B7E700E09843B706200023A034
:106F2000D718758F0F10000097D6FE1F83C616EE78
:106F30006373D50217D6FE1F130646F2931615008B
:106F40000842369583560500D58D2310B50023A041
:106F5000E7100145828023A0E7100D458280B7E746
:106F600000E09843B706200023A0D718758F0F10B4
:106F7000000097D6FE1F83C676E96375D50217D643
:106F8000FE1F1306A6ED93161500084293C5F5FFE4
:106F9000369583560500F58D2310B50023A0E71024
:106FA0000145828023A0E7100D45828079714AD087
:106FB00037E900E026D283240900B707200006D66F
:106FC00022D44ECE52CC56CA5AC85EC6FD8C23205F
:106FD000F9180F10000097D7FE1F83C737E3637AB5
:106FE000F50097D7FE1F938727E783AB07006397CA
:106FF0000B00B7E700E023A09710A9A017DBFE1F46
:10700000130B0BEB832A4B00B74736FE938707C859
:107010002E8A97D5FE1F83D525EABE9AB387C5026F
:107020002A84B2898146B3B5C50213850732B337C6
:10703000F50013060064BE95EF40506D63F0AA02A0
:10704000232099100145B250225492540259F2491A
:10705000624AD24A424BB24B45618280829B97D5AD
:10706000FE1F83D565E5B38735032A8913060064BF
:107070008146B3B5350313850732B337F500BE95A6
:10708000EF40D068B30725013E8903274B0063E436
:10709000A70063E4E7003389E740D2852285EFF05B
:1070A0005FCC09C923242501B7E700E023A097108E
:1070B000054551BF936504F0C205C181414597A0C4
:1070C000FE1FE780606C19E997D7FE1F938787D969
:1070D0009C5B85D3A2851145829721BF97D7FE1F60
:1070E000938707D89C4385E797D7FE1F23AAA7D687
:1070F000854723260500232425012311450123006C
:107100008500A300F5002322050079BFBA87D84780
:1071100075FFC8C7F1BF0111B7E700E04AC803A96E
:10712000070022CC4EC63707200006CE26CAAA8901
:107130002E843379E90023A0E7180F100000EFF048
:107140005FC2AA8419C123110500A2854E85EFF004
:107150001FE197D7FE1F83C767CB639B370197D784
:10716000FE1F83D727CF5D8C97D7FE1F239487CE32
:10717000B7E700E023A02711014591E01945F2404F
:107180006244D2444249B249056182804111B7E765
:1071900000E026C2844306C622C437072000F98CCB
:1071A00023A0E7180F100000EFF0BFBB19E901455D
:1071B000B2402244B7E700E023A097109244410177
:1071C000828097D7FE1F938727C99C4300458297EB
:1071D00097D7FE1F9387C7CD6368A402D843B746ED
:1071E00036FE938606C83305A4403697E371E5FC66
:1071F00013070064B335E50203D6870081463305E3
:10720000E502EF40B0506DB7D8433A94C1BF411189
:1072100022C426C217D4FE1F130484C997D4FE1FAC
:107220009384C4BE9448584097D7FE1F9387C7C223
:1072300006C69C436393E60882975440B74736FEE0
:10724000938707C8B6973387A7003A856364F7002A
:107250006364D7003305D74097D4FE1F9384C4D905
:10726000DC5081CF97D7FE1F9387C7E09443370741
:10727000CDFF7D179C46F98F9CC611E1484097D7FA
:10728000FE1F938727BEDC53829719E5DC508DC320
:10729000EF10D038EF10205CDC5099CB97D7FE1F51
:1072A000938747DD9843B70633001C47D58F1CC72B
:1072B000B2402244924441018280829794485840CF
:1072C000B387A6003E8563E4D700E3E7E7F833859C
:1072D000E74059B7411106C697D7FE1F23A8A7BCA0
:1072E0000295B24097D7FE1F23AEA7B201454101D8
:1072F0008280994763E9B7008A0597D7FE1F938775
:10730000A7B3BE9588C1828097D7FE1F23AEA7B8CA
:1073100011C5854717D7FE1F230FF7B28280411191
:107320007146814517D5FE1F130505B106C697D7CF
:10733000FE1F23A707B297D7FE1F23A907B697D72B
:10734000FE1F23AB07B097D7FE1F238607B097D742
:10735000FE1F23AB07B497A0FE1FE780E08D130646
:107360008002814517D5FE1F130545AA97A0FE1F71
:10737000E780808CEF40404A97D7FE1F938787AE07
:1073800003C5C70383C7D70385453E958D4733059E
:10739000F50239051375F50F97D7FE1F2389A7A6A8
:1073A00099473305F5021305052497A0FE1FE780D2
:1073B000A03D17D7FE1F2327A7AE59CD994717D653
:1073C000FE1F0346C6A43306F602814513060624B3
:1073D00097A0FE1FE780408697D7FE1F938787AC54
:1073E0009C439387072417D7FE1F2325F7A417D79D
:1073F000FE1F0347C7A10A07BA9717D7FE1F232FFF
:10740000F7A4EFF07F95F52697D7FE1F938787A205
:10741000944397D7FE1F83C7779F1397270036970C
:10742000170600001306A69C10C3138717001377D6
:10743000F70F0A073697170600001306069510C3C4
:1074400013873700890793F7F70F8A0797D5FE1F31
:10745000A38EE59AB69790C3B2404101828097D738
:10746000FE1F83C7B79A17D7FE1F0347479A63F3D8
:10747000E70217D7FE1F1307E79B184393861700F1
:1074800017D6FE1FA304D69893962700369708C3F5
:107490003E8582809307F00FE5BF1C416385071688
:1074A00041777D8FB70600208947631FD7140357A4
:1074B0004500630B0714411122C419462A84930521
:1074C000F00F610506C697A0FE1FE780A080054764
:1074D0008D476305E5121C4481CB58589947630FCB
:1074E0000710185C630C071013060004814517D5BC
:1074F000FE1F130525979790FE1FE780E073130684
:107500000004A28517D5FE1F1305C5959790FE1F91
:10751000E780A06E97D7FE1F83D7879517D7FE1FEA
:107520001307479499E79307001097D6FE1F2391FE
:10753000F69497D7FE1F83C7C79391E7854797D6E1
:10754000FE1F2388F69297D7FE1F83D7A79291E755
:10755000ED4797D6FE1F239FF69097D7FE1F83C750
:10756000579191E7954797D6FE1FA384F69097D73A
:10757000FE1F83C7479091E7854797D6FE1F238C50
:10758000F68E97D7FE1F83C7178F99E78347F700BB
:1075900097D6FE1FA381F68E97D7FE1F83C7D78D80
:1075A00081CF93F63700898317D6FE1F230AD68E24
:1075B00097D6FE1FA386F68E97D7FE1F83C7C78B6D
:1075C00091E7D54797D6FE1F2388F68A8347640143
:1075D00099E79307C00397D6FE1F2380F68A1C57AE
:1075E00091C7829797D7FE1F2396A782FD5717D77B
:1075F000FE1FA30BF7ACEFF09FD28147B2402244AD
:107600003E854101828089473E85828001114EC6B8
:1076100097D9FE1F9389C98983A7090006CE22CC7A
:1076200026CA4AC852C4829713090064B335250399
:1076300003DA89008146528633052503EF40100D99
:1076400097C7FE1F9387877C804FAA8401456306F6
:10765000940233858440636E940003A549005286EA
:107660008146B335A9023305A902EF40300A018DE6
:10767000269597C7FE1F23A7977AF2406244D2440B
:107680004249B249224A0561828097C7FE1F93870B
:10769000677D985739CB411122C426C206C6BE84E5
:1076A000029717C7FE1F0357E7762A8415CBBA87C0
:1076B0006373A700AA87C207C183BA866373E40015
:1076C000A286C206C182958F5147635BF700DC54E6
:1076D00091C38297EF10405D97C7FE1F239C87726E
:1076E000B2402244924441018280828097C7FE1FAB
:1076F00023AA077C97C7FE1F9387C776DC57011123
:1077000006CEAA8581C72AC68297B245CDC19C41C3
:107710000545D9CBDC41C9CB83D78500D1C783D7F9
:10772000A500D9C3514617C5FE1F1305657897906C
:10773000FE1FE780804C97C7FE1F2381077897C7FD
:10774000FE1F9387E7769C4317C7FE1F2326F7701B
:1077500097C7FE1F83C777728DE79307805717C5BA
:10776000FE1F035565753305F50237460F001306F6
:10777000062481468145EF40607997C7FE1FA38E9E
:10778000A76E17C7FE1F0347576FA54763E7E700BC
:10779000A94717C7FE1FA302F76E170500001305C0
:1077A00025E7EFF03FB30145F2400561828097C7BE
:1077B000FE1F23AB076697A7FE1F9387478E17C749
:1077C000FE1F2327F76E7D5797C7FE1F23A4E76E82
:1077D000B7873200938727A197C6FE1F23AEF66CAA
:1077E00097C7FE1F238C076CB7C7004023A4E7266A
:1077F000B9B7011122CC17C4FE1F1304A4660844B4
:1078000006CE26CA4AC801E90545F2406244D24480
:107810004249056182805C58E5DB185C75D77000D1
:10782000854582971844B247E300F7FE9305E004CC
:1078300017C5FE1F0355C56397A0FE1FE780C0F460
:1078400017C7FE1F2324A75E61D117C6FE1F03566C
:1078500026629305F00F9790FE1FE780E03D81447C
:1078600017C9FE1F1309895A97C7FE1F83C7676090
:107870000326090263C1F402328597A0FE1FE78048
:10788000C0FF014597C7FE1F23A2075A97C7FE1FD7
:1078900023A0075A9DBF97C5FE1F83D5655DB3879B
:1078A00095020844185C898185043E9508C20297B8
:1078B00065BFC167F9176313F50041A3411106C6FF
:1078C000EF00D00111E15D45B24041018280397184
:1078D0004ED656D25AD006DE22DC26DA4AD852D408
:1078E000AA8A2E8BB28959EB36C6EFF09FFC9145E0
:1078F000812BAA844D4925C9B246054A238034010B
:107900000544630A0B00B68513851400029B050528
:10791000131405014180E20993D9894163D3090217
:10792000C1455685EF00007D65491DE5338684001D
:10793000A2852685EF00007F2A8919ED31044204D3
:10794000418091472C085685231CF10026CE231D2B
:107950008100252D2A8901C963070A00268597A081
:10796000FE1FE78080F1F25062544A85D25442599A
:10797000B259225A925A025B21618280BA84014A2A
:10798000B5BF011106CE2EC6112F01C9B245F24076
:107990000355250005616F009038F24049450561A7
:1079A000828097C7FE1F93872752884B828097C794
:1079B000FE1F93876751DC4B8843828097C7FE1F69
:1079C00093878750D84B1C4385071CC317C5FE1FE0
:1079D0000345B54F9307F00F6305F50091656FF010
:1079E0006FD38280C1671387E7FF6394E5029387B3
:1079F00081849C4391EB494582804945B2402244B1
:107A0000924402494101828003A30700E30503FE7B
:107A10000283411122C426C24AC006C6FD172A8924
:107A20002E84B2846395F502938781849C4391CB25
:107A30009C4381CB829711E523862185A38691847F
:107A400075BFA6854A85EFF0DFF34DF9F5B72E85B2
:107A5000752B45D5834705000D45E39127FB22850E
:107A60002244B2400249A685924441016F00302B66
:107A7000BD47638CF50663E9B702A5476387F50642
:107A800063EDB7009947638CF5049D47638FF50458
:107A90009547638CF50401458280B5476387F504FB
:107AA00063E1B704AD47F5B7DD47638EF50263EADE
:107AB000B700C947638BF502D9476386F502C5470E
:107AC000C9BFF5476383F50263E4B700ED47D1B75B
:107AD00093072005638BF5009307200D5DBF484594
:107AE000828008418280084582804841828001115D
:107AF00026CA06CEB68422CCDD4663E1B608D94656
:107B000063FDD50AA5466380D50A63EDB6049546A4
:107B1000638BD50899466386D50A054441687D186C
:107B2000631506093AC6EFF0DFD8330685403247C1
:107B300042064182420441803305C4004205BA85B1
:107B4000418132C6F52CAA8749C181C432462390AF
:107B5000C400B30580406244F240D2443E850561D2
:107B60006F303053C5466380D504C9460D44E39653
:107B7000D5FAC167FD17E31FF6FA6DB7F5466380C6
:107B8000D50463E4B600ED46D5B7930620056388B7
:107B9000D5029306200DE392D5F8C167FD170D4479
:107BA0006319F60041B7094495BF9306200DE3938E
:107BB000D5F8310642064182B5BF15445DBF0D447C
:107BC0004DBFC167FD171D447DB7F2406244D244EA
:107BD00005618280411106C6EFF09FE919C5B240E8
:107BE000410117A3FE1F670043C9B24041018280D3
:107BF00097C6FE1F83C6963F814763E5D7000147BE
:107C00003A8582802E87910503D6C5FFE30AA6FE3A
:107C10008507E5B717C7FE1F0347573D8147FD5648
:107C200063E3E70082802310D50023010500850768
:107C30001105FDB7411106C6EFF09FFB11C50345C5
:107C40002500B240410182800145E5BF938701854F
:107C50009C4399E30145828098470357A700E319A5
:107C6000A7FE138547008280411106C6EFF01FFE74
:107C700011C503452500B240410182804145E5BF61
:107C800041119387018522C4804306C6014731C054
:107C90001C4483D6A7001C406397A60205CB1CC3D7
:107CA0002E8581C92146930544009790FE1FE780E9
:107CB000C0F4228597A0FE1FE78020BC0145B2409A
:107CC00022444101828022873E84D1B723A8F184D7
:107CD000C1BF0545EDB7938781859C438146B1C7F8
:107CE00003D647009843631CA602011106CE22CC9E
:107CF00026CA8DCA98C2AA843E852E8497A0FE1FEC
:107D0000E780A0B72C002685EFF09FF701E519C0AA
:107D1000B2471CC0F2406244D24405618280BE86F4
:107D2000BA8775BF23ACE184F9B705458280938794
:107D300041859C4317C7FE1F0347572B2A8605071B
:107D400081463E8583D707006388C7008506930771
:107D50006500E3E8E6FE014582809387018598434C
:107D600019E3014615A81C4703D8A700636B05015A
:107D700083584700B38608016355D5008146639454
:107D800016011843F1BF3E86C10703D3A7FF63174F
:107D9000A30099C123900501328582808506C20621
:107DA000C182F1BF03C7E185854763F2E706011190
:107DB00022CC26CA4AC806CE2A843289AE84EFF085
:107DC0001FF701C9034725009307E00F5D456308CE
:107DD000F700631C0900A6852285EF303031F240A0
:107DE0006244D24442490561828003D50400930570
:107DF000E10023170100EFF05FF60355E100EFF01B
:107E0000BFE6AA8505462285252C71D5C9BF5945EF
:107E10008280C167FD176315F5002E856FF09FDF27
:107E2000411106C6EFF0DFDC11C5FD572310F50048
:107E300023010500B2404101828003D5C1858280C3
:107E40001905956542054111938535C0418106C6E6
:107E500097A0FE1FE780409311C5B240E95541014C
:107E60006F303023B2404101828083D70500314713
:107E7000F1173387E70297C7FE1F93872710BA973A
:107E8000D84319EBD8412395A7000145D8C303D7A0
:107E900025002394E70082805945828003D725007E
:107EA00061CF83D6C185ED4763E9E60C011122CC91
:107EB0002E8426CAAA844840914506CEEF30701D14
:107EC00083572400AA862300F50083572400A1834A
:107ED000A300F500835704002301F5008357040035
:107EE000A183A301F50003562400C167F917110609
:107EF000420641826396F4042AC4314532C6EFE05B
:107F0000DFCCAA85CD471DC5930700F93246A246AE
:107F10002300F500F9572311F50089472302F500E6
:107F20002313C50014C517C5FE1F03456504EFE004
:107F30003FD98147F2406244D2443E850561828048
:107F400081452685F92BAA8701E903C7E1857DD301
:107F50007D17238FE184F9BF09476302E5021D47BE
:107F60006301E50249476300E5027D47E314E5FC50
:107F700003C7E1858147E1BFED473E858280D14758
:107F800055BF914745BF894775B783D705000D4752
:107F9000F117C207C1836361F706DC41B1CF41111C
:107FA00022C42E84854526C206C6AA84A12239C5CC
:107FB00026852D22C167F917638FF40009ED8357D9
:107FC000240091CB835604001947639FE60203D730
:107FD000C18563FBE70283C7E185A285268599C732
:107FE0002244B240924441016FF05FEB2244B24020
:107FF000924441016FF07FE7094582805145B240CC
:1080000022449244410182806D45D5BF97C7FE1F2F
:10801000938707FA984317C6FE1F034626FD81473C
:108020006315F600814636858280BA861307C7033A
:10803000835567FCE389A5FE850793F7F70FCDB756
:10804000011122CC2EC632C406CE2A84EFF01FFCCA
:108050002246B24511E9C167F9176303F40051459F
:10806000F24062440561828054558347450095C2C1
:1080700013F7270141456314A700154575F2C18B1D
:108080003D45F9DF83C7A6010145E3FBB7FC314558
:10809000C1BFC18B0145E9F71545D9B797C7FE1F89
:1080A000938707F1C166984397C5FE1F83C505F402
:1080B0008147FD166395F50001463285828003589D
:1080C00027003A866306D80003480700E307A8FEA6
:1080D000850793F7F70F1307C703E9BF411106C6DA
:1080E000EFF0DFF211C503554501B2404101828036
:1080F0000145E5BFC167F9176304F502411122C4C8
:1081000006C62E84EFF09FF0AA87014591C703C5EC
:108110004700698C33358000B2402244410182809F
:10812000054582805D714EDE86C6A2C4A6C2CAC065
:1081300052DC56DA5AD85ED689495DC955CA138BC6
:108140004500420B135B0B01AE8A2A8A930530056A
:108150005A85B2849790FE1FE78000632A84CD4938
:1081600041C9EFF0DF842A895686D285935A890067
:10817000135A0901937BF90F1305440093FAFA0F80
:10818000137AFA0F135989019790FE1FE780C0B246
:10819000A301740123015401A3004401230024011D
:1081A000EFF03F80AA85414608089790FE1FE780C0
:1081B000A0B0214734005A86A28508087522AA89F2
:1081C0001DE121462C0023807401A38054012381EA
:1081D0004401A3812401138544009790FE1FE7808A
:1081E000A0ADEFF0AFFD22859790FE1FE780E0681D
:1081F000B64026444E8596440649F259625AD25AF0
:10820000425BB25B616182808147C1463307F50002
:10821000B388F5000347070083C808003308F60059
:108220008507334717012300E800E391D7FE8280DA
:108230000147BD471308F00F3306F50083460600DB
:10824000B388F500FD178606558F2380E8000347A5
:10825000060093F7F70F1D83E39007FF82808147A5
:10826000930800F8414893F6F70F3387F50063FC55
:10827000C600B306F50083C606002300D7008507B5
:10828000E39307FF82806395C60023001701C5BFF3
:1082900023000700EDB701114AC856C22E89AA8AE9
:1082A00093053005414506CE22CC26CA4EC652C49F
:1082B000328A9790FE1FE780204DAA8493053005EF
:1082C00041459790FE1FE780204C2A84CD49BDC0D0
:1082D00029CD414681459790FE1FE780E09526868F
:1082E000A2855685352BAA8929E18387040063D3AB
:1082F0000706A2852685EFF0BFF34A869765000042
:108300009385455F2285EFF03FF08307090063D82E
:108310000704A2854A85EFF0BFF1528697650000F9
:108320009385455D2285EFF03FEE26859790FE1FF1
:10833000E780A05411C422859790FE1FE780E05388
:10834000F24062444E85D2444249B249224A924A9E
:1083500005618280CA852685EFF09FED7DB7D285C5
:108360004A85EFF0FFECD1B739715AD05ECE2A8B37
:10837000AE8B41459305300506DE26DA52D456D23F
:1083800062CC66CA6AC8368C328DBA8C22DC4AD876
:108390004ED69790FE1FE780203FAA8A93053005AE
:1083A00041459790FE1FE780203E2A8ACD44638E88
:1083B0000A0859C52A86D6855A85EFF0DFEDAA84CA
:1083C00041E19305300541459790FE1FE780C03B92
:1083D0002A899305300541459790FE1FE780C03AF2
:1083E000AA896308090E6304050E1304FD001184B5
:1083F0001376FD0049C07D144204418035EE13150B
:1084000044004E86D6855E95EFF01FE041468145DB
:108410004A859790FE1FE7802082014D93170D013A
:10842000C18363F38708BDC04A859790FE1FE7802C
:10843000C044638709004E859790FE1FE780E043A4
:1084400056859790FE1FE780404363070A005285D8
:108450009790FE1FE7806042F25062542685425991
:10846000D254B259225A925A025BF24B624CD24C0D
:10847000424D216182800144131544008A855E9536
:10848000EFF0FFDD4E86D2850A85BDBF93154D0006
:108490000A86DE954A85EFF03FD74A868A855A8557
:1084A0004126AA84050D9DBFC1F00A86CE854A8566
:1084B000EFF09FD54A868A855A859D26AA846686CE
:1084C000CA8562859780FE1FE7802073B1BFCD44C7
:1084D000A1BFCD44B9BF011122CC2A84194506CED3
:1084E0002EC6EFE08FEE05C98567938717F9231035
:1084F000F500854723018500A301F500B2456244DC
:10850000F2402312B500AA8517C5FE1F034585ADAD
:1085100005616FE0EFFAF2406244056182806F30DE
:10852000A0156F30201C17C7FE1F034757AD954796
:10853000630BF70097C7FE1F938707AC83C77700CD
:108540000D47631FF70097C7FE1F83C777AB639D77
:1085500007109307601017C7FE1F2313F7AA828026
:10856000411197C7FE1F9387E7B8194522C426C259
:10857000E05F06C64AC0312D97C7FE1F938787A7C5
:10858000944337C7898E130767ED98C63757550050
:1085900013075755D8C2034724029306F00FBE8431
:1085A0006307D700FD57A300E4022301F40203454B
:1085B000140289476303F500014517C9FE1F13091B
:1085C00029A60327090001469305F00F5C4393E7B2
:1085D00017005CC3930710FA2305F400994717C7E7
:1085E000FE1FA30EF7A097C7FE1F238707A097C7FC
:1085F000FE1F238507A0E52697C7FE1F938787A741
:108600009443DC56F59BDCD69C40034794001376DC
:10861000F7079843137707F8518F98C39843137758
:10862000F7CF98C398431377F7CF1367072098C302
:108630009C4637073300B240D98F032709009CC6F8
:10864000B7070300938787153CCB97C7FE1FA38707
:10865000079A97C7FE1FA381079A224485471CC328
:108660009244024941018280828017C7FE1F13078E
:1086700027981C439306001094C3010001000100D9
:1086800001001C4323A00700834615000348250072
:10869000A2064208C29603480500C2960348350068
:1086A0006208C29694D78346550003486500A20627
:1086B0004208C29603484500C29603487500620806
:1086C000C296D4D7834695000348A500A206420867
:1086D000C29603488500C2960348B5006208C29658
:1086E00094DB8346D5000348E500A2064208C29603
:1086F0000348C5000345F500C2966205AA96D4DB7F
:1087000083C6150003C52500A2064205AA9603C527
:108710000500AA9603C535006205AA9694CF83C6C4
:10872000550003C56500A2064205AA9603C545008B
:10873000AA9603C575006205AA96D4CF83C6950094
:1087400003C5A500A2064205AA9603C58500AA9600
:1087500003C5B5006205AA9694D383C6D50003C5A8
:10876000E500A2064205AA9603C5C50083C5F5002B
:10877000AA96E205AE96D4D3D443F59AD4C3D44393
:1087800093E61600D4C3944393E6160094C3BA87C5
:108790009443D842058B59E3984E01452300E600E7
:1087A0009843184F2183A300E6009843184F418354
:1087B0002301E6009843184F6183A301E6009C4320
:1087C000D84F2302E600D84F2183A302E600D84FFA
:1087D00041832303E600D84F6183A303E600985347
:1087E0002304E60098532183A304E60098534183B1
:1087F0002305E60098536183A305E600D8532306BA
:10880000E600D8532183A306E600D853418323070B
:10881000E600DC53E183A307F600828001008DBFF0
:10882000011122CC2A84354506CE2EC632C49526A7
:1088300097B7FE1F9387C77E984322853C4B93E7EB
:1088400007083CCB2246B245EFF03FE2F2406244DB
:1088500001450561828097B7FE1F9387A7799C43E6
:10886000B7068000B70500829843FD15558F98C361
:108870001307F00F98DF13070005D8DBD857B706AA
:108880000080558FD8D7D45717B7FE1F0347C75E50
:10889000131687011377F703ED8E6607558FD8D728
:1088A000618617B7FE1F1307E77C9306A0031843E2
:1088B00063DCC600744F37060007D18E74CF3707CC
:1088C00002001307C72099A09306200263DAC600AE
:1088D000744F370600F97D16F18E37060005F1BF9B
:1088E000B70600F99385F6FF744F6945ED8E635521
:1088F000C50037060003D1B7B7050001CD8E74CF90
:10890000E35F06FA3707020013070721D8DF984B09
:10891000137707FC1367E70098CB37E700E0D147F0
:10892000A309F7049797FE1F9387878F93E7170094
:108930007CD78280938701869C4399CB944BD04B04
:108940009842518F98C294439C479842D98F9CC2B9
:1089500097B7FE1F9387076A17B7FE1F0347676A1B
:1089600017B6FE1F1306C66B05489C431307E7099D
:108970001442631E050388431365050888C3C8466F
:108980008177FD17E98FDCC60F1000001C42B70687
:108990000200AD0594C7930600F817B6FE1F230F1B
:1089A000D6648A05BA958605ECD3C8C78280884309
:1089B0001375F5F788C3C8468177FD17E98FDCC6C4
:1089C0000F1000001C42B7060200A90594C79306C9
:1089D00000F817B6FE1F2303D6628E05E1B7938712
:1089E00001869C4389CFD44303A88700984233670C
:1089F000070198C2D447DC4B9842D98F9CC297B7E5
:108A0000FE1F9387275F05479C439505631EE5027C
:108A100098438E051367070898C3984F137707C0CC
:108A20001367A71398CF13078007A389E7009385DF
:108A3000C50397B7FE1F23A9B75C11C6060697B7F3
:108A4000FE1F23A3C75C8280984392051377F7F734
:108A500098C3984F137707C01367271398CF13074E
:108A6000F007A389E700E1B7411106C617B7FE1F5B
:108A700003470759A1476311F70497B7FE1F83C740
:108A8000675A858B17B6FE1F0346F65B97B6FE1F27
:108A900083C6665BBDC797B7FE1F9387A75AC843B7
:108AA0002DC1834515000905EF00906011C585476C
:108AB00017B7FE1FA306F75417B7FE1F0347475407
:108AC0009947631CF70097B7FE1F9387A762FC5F67
:108AD00083C7B70095CBEFF01FA517B7FE1F03475D
:108AE00027529D476312F70297B7FE1F938787604F
:108AF00083A7070983C7770081CBB24041016F206C
:108B00003069814501454DB7B2404101828017B7B8
:108B1000FE1F1307E7501C43B44B93F6F68FB4CBFC
:108B2000944393E6860094C39C438D83858B89C7C9
:108B3000010001000100010097B7FE1F9387874BDA
:108B400094439C4293F7F7CF93E707109CC297B7E3
:108B5000FE1F938727529043B706CEFFFD161C4693
:108B6000F58F1CC61C4337070300B8CB93870186DB
:108B70009C4399CBD44390479842518F98C2944BD1
:108B8000DC4B9842D98F9CC297B7FE1FA38907463A
:108B9000828097B7FE1F9387A7489C439C438D8B89
:108BA000638307104111B7E700E04AC003A907003B
:108BB00026C23707200006C622C4AA843379E900FA
:108BC00023A0E7180F10000017B7FE1F0347374315
:108BD0008D4717B4FE1F13042442631BF70097B799
:108BE000FE1F938727449C4B01468145454582974C
:108BF0001947639CE40497B7FE1F83C7774099CB5E
:108C000097B7FE1F83C7C73F6396970097B7FE1FAE
:108C1000A388073E8347740021476318F700930732
:108C2000801017B7FE1F231DF73C97B7FE1F238444
:108C30000722EFF0DFEDB2402244B7E700E023A0C7
:108C4000271192440249410182809D47639FF400AD
:108C500097B7FE1F83C7D73AD5DF17B7FE1F034765
:108C6000273A8D47E318F7FA55B783467400630B2C
:108C7000D700034774006387E700834774002147E8
:108C8000E315F7FA97B7FE1F83C79737D9FF8347D6
:108C9000740017B7FE1F2305F736854717B7FE1F69
:108CA000A300F73659B7828017B7FE1F0347373541
:108CB00091476309F70C97B7FE1F93876733984373
:108CC000B7C7004093870730631EF70A0111354587
:108CD00006CE22CC26CA4AC84EC6EFF09FEB97B903
:108CE000FE1F938929311D2AEF10F02CEFF0BFB63B
:108CF00083A7090017B9FE1F1309C937B706330048
:108D0000984397B4FE1F9384A4313704030013677C
:108D1000070898C398431377F7CF98C398431377FE
:108D2000F7CF1367072098C3032709001C47D58F87
:108D30001CC79C4013078455B8CBEF10F03FEF20C1
:108D40007012EF109032EF10903B03A709001C4304
:108D500093F7F7CF93E707101CC383260900370763
:108D6000CEFF7D179C46F2404249F98F9CC69C403D
:108D7000B249D244A0CB624497B7FE1FA381072813
:108D8000056182808280B7C700401387073097B69D
:108D9000FE1F23AFE62413870720411197B6FE1F5D
:108DA00023A0E6289387071037D7004022C497B640
:108DB000FE1F23A1E62C17B4FE1F1304E42317B7EC
:108DC000FE1F2329F7228547A303F40097B7FE1F50
:108DD000938747099C4306C65CD0938707111CD034
:108DE0009787FE1F9387274423A2F186EFF0DFEBDE
:108DF000B7E700E0A305040003C75741136707085E
:108E0000A38AE740B24037071000224423A0E710AE
:108E10003707200023A0E7104101828017B7FE1F0B
:108E2000130747040307470197B7FE1F9387471FA0
:108E30009C43635A070413074008D8CBF8C31307B1
:108E40006007D8CFF8C79306C008D4D31307E0064D
:108E5000D8D7D4DBD8DF130780072393E700F84B7C
:108E6000B7060080558FF8CB5147F8CB17B7FE1FD8
:108E7000130787185853F8DF7D5798C737071F0027
:108E80003D07D8C782801307C00845BF97B7FE1FAC
:108E90009387471E984317B6FE1F1306A61897B769
:108EA000FE1F9387271594438347160013F8F7078F
:108EB000D9C588425C42137505F83365050188C23F
:108EC00013F5150001C993F5050341456386A50611
:108ED000938787C14C574168130808A093E5250084
:108EE0004CD7B3D50703B70810FEFD18B3F7070337
:108EF000FD89139545016C43B3F51501C98D6CC30C
:108F00009305A00F3705FCFFAA07B3D7B7026C4340
:108F1000E98DBA07B983CD8F7CC383470600898B5F
:108F200099CB9C4293F7F70713E707049C4293F70A
:108F300007F8D98F9CC282809387078361BF5C57F3
:108F4000F59B5CD79C4293F707F8B3E707019CC2F7
:108F5000E9B7411106C697B7FE1F238C070EEFF045
:108F60001FBBB240014541018280411197B7FE1FEE
:108F700083C7B70806C6858B9DC7EFF09FFD97B7DF
:108F8000FE1FA38C070697B7FE1F2389070697B716
:108F9000FE1F9387270903A3070101468145054565
:108FA000B2404101028397B7FE1F938767079C4336
:108FB000FC538DE3EFF0FFF997B7FE1F2380070402
:108FC00097B7FE1F9387070603A307010146814554
:108FD0004545F9B797B7FE1F9387070283C7770008
:108FE0000D476317F700854717B7FE1F2305F7E600
:108FF000B24041018280411197B7FE1F83C7E7FF4E
:1090000026C206C622C4858B97B4FE1F93844401F2
:10901000F5CB97B7FE1F238207FE97B7FE1F9387F6
:109020006705984317B5FE1F0345C5FF17B4FE1F1C
:10903000130444FF5C578583858BB1CB50409376F6
:109040000503C145930786C16394B6009307068361
:10905000C165938505A0B3D6B702370810FE7D1809
:10906000B3F7B702FD8A139646017443B3F60601BF
:10907000D18E74C39306A00F3706FCFFAA07B3D79F
:10908000D7027443F18EBA07B983D58F7CC311859B
:10909000014697B5FE1F83C5A5FA0D89EFF03F94F1
:1090A000170500001305050BEFE00FA69840817728
:1090B000FD175447F58F5CC70F1000009840B707A5
:1090C00002001CC7930700F817B6FE1F2308F6F22C
:1090D00097B7FE1F938707F29C439C439D83858B24
:1090E00099CF93076019032304017CD354C7014629
:1090F000814505452244B2409244410102839307D1
:10910000E01BD5B79C40FC538DE3EFF09FE497B78D
:10911000FE1F238507EE97B7FE1F9387A7F003A3D3
:109120000701014681454545F1B797B7FE1F938773
:10913000A7EC83C777000D476317F700854717B77C
:10914000FE1F230AF7D0B24022449244410182809C
:10915000011197B7FE1F83C757EA06CE22CC858B35
:1091600017B7FE1F130747E9C9CF3A84EFF07FDE38
:10917000485097B7FE1FA38207E881458146130632
:10918000F10097B7FE1F238B07E69780FE1FE7804D
:10919000C02693158501E1858DE15C509306F00FA3
:1091A00003C70700630BD70097B7FE1F83C797E974
:1091B0006385D7006303F700894597B7FE1F938740
:1091C00067E6038707006347070058508346F100AE
:1091D0002300D7009C4B505093F5F50F094582971B
:1091E00097B7FE1F83C7C7E6898B81CB854517B527
:1091F000FE1F034525E6EFD0FFD1F2406244056132
:10920000828097B7FE1F9387A7E19C43FC538DE3B1
:10921000EFF03FD497B7FE1F238207DE97B7FE1FFC
:10922000938747E09C4B0146814549458297F1B7BA
:10923000834777000D47E312F7FC854717B7FE1FFA
:10924000230BF7C05DBF797122D452CC56CA06D623
:1092500026D24AD04ECE5AC893070008AA8A2E8436
:10926000328A6319F602BD449780FE1FE780A0434F
:10927000E3FCA4FE97B7FE1F83C767DC9607C11700
:10928000E3E4A7FE97B7FE1F938787D99C43130794
:109290008007F8D317B9FE1F1309C9D503270900A2
:1092A000814597B4FE1F9384A4D75C5797B9FE1FDE
:1092B000938949D7F19B93E717005CD717B5FE1F39
:1092C000034555D6EFF09FBC8327090097B5FE1FD5
:1092D000938545DA3706330098431377F7CF98C361
:1092E00098431377F7CF1367072098C39841144723
:1092F000D18E14C794403706030013068625B0CAE2
:1093000003A6890090C703A6C900D0C3DC4293E737
:109310001700DCC25C4393F7F7EF5CC30100010068
:10932000984197B9FE1F9389E9D117BBFE1F130B14
:10933000ABCC5C4393E707105CC383C7E90093E7BA
:10934000270017B7FE1F2306F7D09307FAFF93F7FE
:10935000F70F05476369F70C03250B022286D685B4
:1093600023004501A300850009059780FE1FE780C3
:10937000C08803270B029C4093150401C181B8DF0C
:1093800017B7FE1F230B07C617B7FE1FA30707C695
:1093900017B7FE1F230407C60D4797B6FE1FA3800D
:1093A000E6C613070008631EEA08F8537DFF97B767
:1093B000FE1F938767AA9C432EC6829703A7890046
:1093C000B2456368E506198D83270B0237048000D8
:1093D0000D811307F42F6205598D88C317B5FE1F41
:1093E000034545C411850D89EFF0CFD483270900CB
:1093F0009843418F98C3D857719BD8D797B7FE1F12
:10940000A38E07BE97B7FE1FA38807BE9C400947DF
:1094100098C3B250225492540259F249624AD24A35
:10942000424B4561828093070008E314FAF4094433
:1094300089B797B7FE1F9387A7A7DC43998F3E95FF
:1094400061B717B5FE1F0345E5BD11850D89EFF026
:109450006FCE83270900B70680001715000013059B
:1094600045109843558F98C3D857719BD8D7EFD0E4
:10947000BFE997B7FE1F238D07BC97B7FE1FA38FC9
:1094800007B697B7FE1FA38907B69C40094798C344
:1094900083C7C90093F7F70FE5DFA5BF1C49638DAC
:1094A0000718411122C406C626C2834705002A8434
:1094B00093F7070489C75C410945638E07101306BB
:1094C0000002814517B5FE1F1305C5B59770FE1F35
:1094D000E780807613060002A28517B5FE1F1305EC
:1094E00065B49770FE1FE780407197B7FE1F83C772
:1094F000F7B497B4FE1F9384E4B299E79307800210
:1095000017B7FE1FA30CF7B297B7FE1F83C727B389
:1095100091E7A14717B7FE1F2303F7B297B7FE1FC6
:1095200083C7F7B191E7C54717B7FE1FA309F7B087
:1095300097B7FE1F83C7C7B091E7ED5717B7FE1F58
:109540002300F7B097B7FE1F83C797AF91E7ED579A
:1095500017B7FE1FA306F7AE8347040093F707046F
:1095600091CFDC4037B724001307F7E9636AF706A9
:109570009307500217B7FE1FA306F7AA97B7FE1F5F
:10958000938747ACC84309C59780FE1FE780E02E4C
:1095900097B7FE1F23AA07AA83C70400858B85C33C
:1095A00017B5FE1F0345D5A99305900409059780BB
:1095B000FE1FE780601D97B7FE1F23A7A7A883C7DC
:1095C0001400014517B7FE1FA305F7A89C4417B761
:1095D000FE1F2323F7A8B240224492444101828017
:1095E000370725009306F74863EDF6003767DBFF82
:1095F00013070793BA971307007DB3D7E702FD1748
:1096000095BF130707496395E700930760029DB76D
:1096100037D725001307F777636DF7003767DBFF50
:1096200013070793BA971307007DB3D7E702F9171B
:1096300091B7930770023DBF05458280797126D2AC
:1096400097B4FE1F9384049E9C4406D622D44AD02D
:109650004ECE52CC56CA5AC85EC662C4638807242E
:1096600017B7FE1F0347B7999547AA8B17BAFE1F76
:10967000130A8A980945630EF71E0D452E84328B16
:10968000368CEFF00FD197B7FE1F83C7679C898B8D
:1096900097BAFE1F938A0A9B85CB3D499780FE1F90
:1096A000E7806000E37CA9FE97B7FE1F83C7279978
:1096B0009607C117E3E4A7FE97B7FE1F9387479667
:1096C0009C4313078007F8D397B9FE1F93898992AB
:1096D00003A709005C57F19B93E717005CD783C78A
:1096E000CA00898B99E783C7040093F70704639E38
:1096F0000718814517B5FE1F0345D592EFF00FF906
:1097000083A7090097B5FE1F9385C59637063300DA
:10971000984317B9FE1F1309A9901377F7CF98C381
:1097200098431377F7CF1367072098C398411447DE
:10973000D18E14C783260900370603001306862539
:10974000B0CA904490C7D044D0C383C7040013F676
:109750001700DC42F99BD18FDCC25C4393F7F7EF33
:109760005CC30100010098415C4393E707105CC3B0
:1097700083C7EA0093E7270017B7FE1F230BF78C78
:1097800097B7FE1F2380678D97B7FE1FA38C878B2B
:1097900063800B1003250A022286DE852300650103
:1097A000A300850009059770FE1FE7800045832709
:1097B0000A02032709003CDF97B7FE1F238F0782A9
:1097C00097B7FE1FA38B078297B7FE1F23880782D8
:1097D0008D4797B6FE1FA384F68283C7CA00898B84
:1097E0009DCB7C53FDFF97A7FE1F9387E7669C43A5
:1097F000829703A78A006363E50A198D83270A020B
:1098000009041374F40FA38087000D81A2972380AD
:109810000700A380A70017B5FE1F0345A58011858B
:109820000D89A285EFF00F9183C7040017F5FFFFA4
:109830001305A57C858B89E717F5FFFF13052573B5
:10984000EFD09FAC83A70900B7068000014598437D
:10985000558F98C3D857719BD8D797A7FE1FA38F52
:10986000077897A7FE1FA389077883270900094770
:1098700098C3B250225492540259F249624AD24AD1
:10988000424BB24B224C456182808945C840BDB5F0
:1098900083270A02014423A0670111BF97A7FE1F77
:1098A00093870761DC43998F3E9589BF0545D1B702
:1098B0007971B7E700E026D284433707200006D647
:1098C00022D44AD04ECE52CC56CAF98C23A0E718E7
:1098D0000F10000017A4FE1F1304C474184409EFEE
:1098E00023A097100545B250225492540259F249D0
:1098F000624AD24A4561828017A7FE1F1307877FFD
:109900000327470A09C723A097100945E9BF8347E2
:109910000400328AB689858B2E86AA8ABDC717A90C
:10992000FE1F130929728327490095E317A5FE1F1F
:10993000034515712EC60905930590049780FE1FF7
:10994000E78080E4324697A7FE1F23AFA76E8327E8
:10995000490099E7B7E700E023A097100D4561B7EC
:1099600017A7FE1F0347276E2380E70083274900C0
:10997000638F0A0429CEA380C70003254900D6853A
:1099800009059770FE1FE780402717A7FE1F0347B2
:1099900017679547630CF70097A7FE1F83C74766B5
:1099A00019476385E7000D476396E70297A7FE1FF7
:1099B00083C7176599E79307801017A7FE1F231128
:1099C000F764B7E700E023A09710014529BFA38003
:1099D000070065BF17A9FE1F1309896483270900C3
:1099E00098430D8B0DC717A7FE1F23060746B84BDC
:1099F0001377F78FB8CB98431367870098C39C43BE
:109A00008D83858B89C70100010001000100832738
:109A100009003707020097AAFE1F938AAA6223A2B1
:109A2000070698C797A7FE1F238A075C97A7FE1F04
:109A300083C70762918B89EB97A5FE1F83C5855E5F
:109A400093F70504639C0712814517A5FE1F034584
:109A5000755DEFF0AFC317A5FE1F0345A55C11852B
:109A6000014697A5FE1F83C5A55D0D89EFE03FF771
:109A700017A7FE1F1307075814441C4394C75444E8
:109A8000D4C383260900834704003A8413F61700E1
:109A9000DC42F99BD18FDCC283A74A00BCDE97A7CA
:109AA000FE1FA382475B97A7FE1F238E375983C7EC
:109AB000EA0093E7470097A6FE1F238CF65893070A
:109AC000000497A6FE1F2389F65297A7FE1F23873F
:109AD0000752A14797A6FE1FA383F65297A7FE1F22
:109AE000938747389C5791CB13060064C14517A54F
:109AF000FE1F03452556EFD06FCB832709001705BE
:109B0000000013052533DC43858B89E7170500002A
:109B10001305C507EFD04FFF184097A6FE1F938689
:109B20006655370633001C4393F7F7CF1CC31C431D
:109B300093F7F7CF93E707201CC39C429847518FB8
:109B40000326090098C7370703001307871538CA8B
:109B500017A7FE1FA304074A17A7FE1FA30E074857
:109B6000054718C2D8431377F7EFD8C301000100A7
:109B700098425C4393E707105CC3A1B593F50503D6
:109B800093E515004840F1B5011197A7FE1F83C763
:109B9000B74606CE22CC26CA4AC8858B17A7FE1F19
:109BA000130787456386072497A7FE1FA3860744EC
:109BB0003A84A30701004453EFF0AFB997A7FE1F03
:109BC00083C70749918B97A6FE1F9386A64717A9BF
:109BD000FE1F13092945638A071A83C71400A69735
:109BE00003C7070093070008631AF70083470900BB
:109BF00093E7870017A7FE1F2306F7425C4C0D472B
:109C0000637FF710F11717A7FE1F2325F7405C4C61
:109C1000984663EDE7103387E74083C7140003C617
:109C2000C600A69783C71700620661868E07635039
:109C3000061263F4E7101D8F9306000263EBE60043
:109C4000584C636FF70EB307F74017A7FE1F232F7B
:109C5000F73E894517A5FE1F0345C53FEFD08FABE3
:109C600083470900A18B638D071097A7FE1F938779
:109C7000273B94439307800C1307F00FFCD21C5032
:109C800037063300014598C397A7FE1F2387073681
:109C900097A7FE1FA383073697A7FE1F23800736CB
:109CA00097A7FE1FA38C073497A7FE1F93878734BF
:109CB00098431C4393F7F7CF1CC31C4393F7F7CF8C
:109CC00093E707201CC397A7FE1F9387A73A9843E3
:109CD00097A5FE1F83C5053591851C478D89D18FBA
:109CE0001CC7B707030093878725BCCA0546977032
:109CF000FE1FE780A07983470900DD9B17A7FE1FA1
:109D00002302F73297A6FE1F83C6E63317A6FE1F6F
:109D10000346763381450145EFF09FB9E1A017A7CF
:109D2000FE1F1307E7185843BA97E9BD17A6FE1F91
:109D3000130606185042B297F9BD3387E740EDBDD0
:109D400097A6FE1F9386C616D4423697EDBD584C93
:109D50006361F702B307F74017A7FE1F2328F72E0A
:109D600083C7C60093E7070817A7FE1F2302F72E35
:109D7000CDB517A6FE1F1306A61350423297D9BFC2
:109D800083C71400F917A380F40048508146814529
:109D90001306F1009770FE1FE78020665C50931554
:109DA00085019306F00F03C70700E185630CD70018
:109DB00097A7FE1F83C737296386D7006304F70080
:109DC00093E525008307090063C7070089E58347FA
:109DD000F1002380F40083270901505093F5F50F1B
:109DE0000D458297F2406244D24442490561828027
:109DF00097A7FE1F9387C7229C43FC5399EFEFF070
:109E00004F9597A7FE1F9387E7059C5BE38C07EEB2
:109E10008545130510088297F5B5834777002147DC
:109E2000E312F7FC854717A7FE1F2306F7025DBF65
:109E3000797197A7FE1F83C7271C06D622D426D286
:109E40004AD04ECE52CC858B17A7FE1F1307C71AD8
:109E5000638407260329470281461306F1008145E2
:109E60004A853A84A307010097A7FE1F2386071897
:109E70009770FE1FE7806058131A8501135A8A41B4
:109E800063120A0297A7FE1F83C7F71B9306F00F02
:109E9000638AD7005850034707006305D700630360
:109EA000F700094A97A4FE1F9384C4178387040010
:109EB00097A9FE1F9389091963C6071463160A142C
:109EC0008347F1002300F90083C7C900918BD1CBF0
:109ED0005C4C0D47637DF716F11717A7FE1F232B68
:109EE000F7125C4C03A7890063EAE7163387E74063
:109EF0008347190083C6C900CA9783C71700E206C3
:109F0000E1868E0763DD061663F1E7161D8F930663
:109F1000000263EBE600584C636CF714B307F7409C
:109F200017A7FE1F2324F712894517A5FE1F034517
:109F30006512EFC03FFE834719003307F9008346DF
:109F40000700130700086395E6161C501307F00F6F
:109F500098C383C7040093E7870017A7FE1F230356
:109F6000F70C97A7FE1F9387E71098435C578583EC
:109F7000858BA1C3DC40C165938505A0B3D6B7022C
:109F8000370510FE7D15B3F7B702FD8A139646011B
:109F90007443E98ED18E74C39306A00F3706FCFF7D
:109FA000AA07B3D7D7027443F18EBA07B983D58F06
:109FB0007CC383A7490017A5FE1F0345A50611858D
:109FC00083C517000D89EFE0FF9617050000130504
:109FD0006513EFD06FB397A7FE1F9387A7019C432C
:109FE000B70680009843558F98C3D857719BD8D730
:109FF00083C70400A18BA1E79C48505081450D45C3
:10A00000829735A8E3020AECEFE07FB09C485050FD
:10A010000D459375FA0F829703A5490017A6FE1FF9
:10A020000346760297A6FE1F83C6E60109C583454F
:10A030001500090519A081450145EFF07F87B25051
:10A04000225492540259F249624A4561828017A70C
:10A05000FE1F1307E7E55843BA97BDBD97A6FE1F3D
:10A06000938606E5D442B69751B53387E74045B5A8
:10A0700097A6FE1F9386C6E3D442369745B5584C43
:10A080006361F702B307F74017A7FE1F2320F7FC11
:10A0900083C7C90093E7070817A7FE1F230AF7FA2B
:10A0A00061B597A6FE1F9386A6E0D4423697D9BF26
:10A0B000F917A300F90075B597A7FE1F938747F618
:10A0C0009C43FC539DE3EFE0DFE897A7FE1F9387D7
:10A0D00067D99C5B89C7894513051008829797A7A4
:10A0E000FE1F938727F6C84315BF83477700214794
:10A0F000E317F7F4854717A7FE1F230EF7D481B7A0
:10A10000411197A7FE1F83C737EF06C622C4858B70
:10A110008DCB97A7FE1FA38107EEEFE09FE397A7E4
:10A12000FE1F938727F003C707003E84218B21E79A
:10A1300003A307010146814511452244B240410174
:10A14000028397A7FE1F9387A7ED9C43FC53ADE7BF
:10A1500097A7FE1F238407EA97A7FE1F938787EC24
:10A1600003C707003E84218B19E703A307010146BB
:10A1700081455145D9B797A7FE1F9387A7ECC843E0
:10A1800017A6FE1F034636EC97A6FE1F83C6A6EB56
:10A190000DC1834515000905EFF08FF183470400D9
:10A1A000DD9B17A7FE1F230FF7E6B24022444101B3
:10A1B000828081450145CDB7854717A7FE1F230C37
:10A1C000F7C8E5B74111B7E700E022C4804337077D
:10A1D000200006C6798C23A0E7180F10000097A76F
:10A1E000FE1F238807E697A7FE1F9387A7E5C843AE
:10A1F00009C59770FE1FE780406897A7FE1F23A53B
:10A2000007E417A7FE1F0347B7DF97A7FE1F938733
:10A21000A7DE01CF97A6FE1F83C686DE2147639681
:10A22000E60017A7FE1FA30D07DC03C777009946BA
:10A230006387E60003C777009D46639DE60083C7FA
:10A24000770017A7FE1F230DF7DA854717A7FE1F14
:10A25000A308F7DAEFE0BF8BC14517A5FE1F034542
:10A2600065DF97A7FE1F238807BEEFC0DFEAB7E7C9
:10A2700000E023A08710B2402244014541018280C2
:10A28000411106C622C426C217A4FE1F130484DB94
:10A29000EFF05FF38347F400A14517A5FE1F0345C8
:10A2A00065DB17A7FE1FA30FF7D65C4897A4FE1F18
:10A2B000938444D717A7FE1F232AF7D6EFC0BFE524
:10A2C000914517A5FE1F0345E5D8EFC0DFE483479E
:10A2D000C400898B9DC39C4801468145130520021B
:10A2E00082972244B240924497A7FE1F238207D64A
:10A2F0008945014541016FC0DFFF8347C400918B51
:10A30000EDD39C480146814513054002D1BF97A774
:10A31000FE1F83C7E7D3898B638C0712011152C4D8
:10A3200006CE22CC26CA4AC84EC656C25AC017A765
:10A33000FE1F0347D7CC8D4717AAFE1F130ACACBAF
:10A3400091456300F70C354501798569EFE07F841D
:10A35000A14417A4FE1F1304A4CC7D19938929F9E5
:10A360001306000881450145EFE0FFEDB70A020042
:10A37000130B00F883472A00858B8DE31C40FC53A8
:10A38000F5FBFD14F1FC6244F240D2444249B2496B
:10A39000224A924A024B05616FF09FEE17A5FE1FFD
:10A3A000034545C8118501469305F00F0D8997A710
:10A3B000FE1F238407C4EFE08FE297A5FE1F83C52D
:10A3C00065C691851306F00F8D8905459770FE1FB0
:10A3D000E780C00B83473A00858BB9C397A7FE1F60
:10A3E000A38D07C0EFE0FFB697A7FE1F938787C531
:10A3F00083C7C700854593E7070817A7FE1F2309F2
:10A40000F7C46244F240D2444249B249224A924AD5
:10A41000024B17A5FE1F0345E5C305616FC09FAF43
:10A42000EFE03FB31C40D847B3762701D4C70F10E5
:10A4300000001C4023A4570197A6FE1F238066BD81
:10A4400023A23707D8C71C40FC538DDB0100E5BFB2
:10A450008280411122C406C693F715002E84A1CB39
:10A4600097A7FE1F83C7C7BE898B85CF97A7FE1FFF
:10A47000938747BD83C7C70017A5FE1F034585BD4A
:10A4800013060005E207E18763DA070017A6FE1F3F
:10A490000346D6BA9307000A3306F6029145EFC089
:10A4A000FFB013451400B24022444101828093F76B
:10A4B0002500B9C797A7FE1F83C787B9918B95CF92
:10A4C00097A7FE1F938707B883C7C70017A5FE1F6E
:10A4D000034545B81306000AE207E18763DC07007D
:10A4E00017A6FE1F034696B59307000A3306F60229
:10A4F00013068602A145EFC07FAB1345240065B764
:10A5000093F7450091C7EFF09FE01345440061BF0A
:10A5100093F7850081CF97A7FE1F83C767B3918B01
:10A5200099C3EFF0FFD513458400B5BF93F705013C
:10A530000145B5DBEFD06F9517A7FE1F034737AC7A
:10A54000A147631BF70013060064C14517A5FE1F52
:10A55000034545B0EFC09FA513450401A9B74111BC
:10A5600097A7FE1F83C767A906C622C426C2858B8C
:10A570006384071E17A5FE1F0345C5AA1185014662
:10A58000930500020D8997A7FE1F238807A6EFE019
:10A590000FC597A5FE1F83C5E5A891851306F00F8B
:10A5A0008D89054597A4FE1F938404A59770FE1F0F
:10A5B000E780C0ED83C73400858B638F0718C850D0
:10A5C00097A7FE1FA38B07A281460146814597A747
:10A5D000FE1F238407A29770FE1FE78000E2631D21
:10A5E0000516C0509547034724006317F716194610
:10A5F00097A5FE1F93858588130594009760FE1F1D
:10A60000E780A06685476319F5149C50194781457A
:10A6100098C317A5FE1F0345E5A011850D89EFE03E
:10A620006FB197A5FE1F83C5E59F918501468D8972
:10A630000D459770FE1FE78060E583C72400858B7A
:10A64000638C071097A7FE1F2389079A97A7FE1F01
:10A65000938787809C43829797A7FE1F23A8A79E76
:10A66000EFF05FB697A7FE1FA38E079A97A7FE1F6E
:10A67000A380079E834734018146814517A7FE1FAB
:10A68000A30EF79A834744011305000217A7FE1F84
:10A690002307F79A8347540117A7FE1FA301F79AD0
:10A6A000034704018347F40022075D8F83471401A9
:10A6B000C2075D8F83472401E207D98F17A7FE1FCA
:10A6C0002326F796034774018347640122075D8FB1
:10A6D00083478401C2075D8F83479401E207D98FC6
:10A6E00017A7FE1F232AF79417A7FE1FA304079698
:10A6F000014733D6D700058A09C605071377F70F38
:10A7000085458506E397A6FE89C597A7FE1FA38307
:10A71000E7948347A40193053400194617A7FE1F49
:10A72000230EF79017A5FE1F13058593894717A7DA
:10A73000FE1F230FF7909760FE1FE780004C224416
:10A74000B240924417A5FE1F0345C5901306800230
:10A75000914541016FC09F85EFE06FBBB24022443D
:10A76000FD5717A7FE1F2305F78E924441018280F3
:10A77000411106C622C4EFE00FE1130640028145F5
:10A7800017A5FE1F1305058C9760FE1FE780C04AC2
:10A7900017A4FE1F1304048BFD57170500001305B3
:10A7A00085CB1CC0EFC0BFCB2308A400B24022441D
:10A7B00001454101828097A7FE1F9387A78B9C4389
:10A7C00013070048B70600F998D7D85FFD16758FB4
:10A7D000B7060002558FD8DFD85FB70600400E07D6
:10A7E0000D83558FD8DFF84BC576FD16419B136757
:10A7F0009700F8CBD85F758F9566558FD8DF985B3B
:10A800009D661367077098DB985B558F98DB985BA4
:10A81000B7060700558F98DB985BB7060090FD16CA
:10A82000758FB7060010558F98DBF847B706F9FF0C
:10A83000FD16619BF8C7F84F758FF8CFF84FB70634
:10A8400090FFFD16758FF8CF1797FE1F0347C7625D
:10A850001377070C19C7B847B7060080558FB8C7DC
:10A860008280B84706070583DDBF17A7FE1F1307C1
:10A8700067801C4341767D16B44BF18EB4CB944770
:10A8800037062000D18E94C7D44793E60601D4C77B
:10A89000D447BD9AD4C70100010001000100144350
:10A8A0000566DC4693E70701DCC6DC42D18FDCC2DB
:10A8B0009797FE1F9387C7769043930740067CD2F5
:10A8C0007C5291C783A7C609A183858BF5DB010064
:10A8D0000100010001001C43416603A7C709B44BF6
:10A8E000D18EB4CB9376F701B84B019B558FB8CB83
:10A8F0009847B706E0FFFD16758F98C78280979737
:10A90000FE1F938727779C4341777D17B44F41669D
:10A91000F98EB4CF9447D18E94C7D44793F6F6EF0F
:10A92000D4C7D443758FD8C3D44793E60610D4C791
:10A93000D843518FD8C38280397122DC1794FE1F0F
:10A94000130444731C4006DE26DA4AD84ED652D48D
:10A9500056D25AD05ECE62CC66CA6AC86EC6D8439A
:10A96000FD76FD161377F7EFD8C39857758F98D7F4
:10A97000D857B70602003D9BD8D79847558F98C740
:10A98000D84313670701D8C31797FE1F1307076E35
:10A9900014433757341213078767E38FE64AD843C7
:10A9A00081749384F40F799BD8C3985FB1669386C2
:10A9B00006F0658F558F98DFD84313671700D8C30B
:10A9C0009770FE1FE780A0D81C4003A707091377E4
:10A9D000F7032384E18603A7470929831377F70741
:10A9E000A384E186D843B96693860670799BD8C361
:10A9F000985F658F558F98DFD84313671700D8C3CA
:10AA00009770FE1FE780A0D41C4003A707091377A7
:10AA1000F7039796FE1FA381E66603A747092983DC
:10AA20001377F7079796FE1F2384E664D843B5662D
:10AA300093860630799BD8C3985F658F558F98DFD2
:10AA4000D84313671700D8C39770FE1FE78020D044
:10AA500018408327070993F7F7039796FE1F238D66
:10AA6000F66083274709A98393F7F7071797FE1F17
:10AA7000230CF75E1C40179CFE1F034CEC5F83C643
:10AA8000818603A7070AB386864113F6F600419B29
:10AA9000518F23A0E70A130760023387E6021306EB
:10AAA000700283A5070A7D7E130EFE0F93F5F5F065
:10AAB0001305400245737D13130430023347C70268
:10AAC000B708F1FFFD1813082002930E10027D4F06
:10AAD000F94FF542F1436D4DD14B454BBD443949DA
:10AAE000314AAD4AB5493D8B12074D8F930550024F
:10AAF00023A0E70A3387B60283A5070AB3F5C50189
:10AB00003347C7023D8B22074D8F23A0E70A3387C7
:10AB1000A60283A5070A370500F17D15B3F5650088
:10AB20003347C7023D8B32074D8F23A0E70A338797
:10AB3000860283A5070A6144B3F515013347C702AE
:10AB40003D8B42074D8F23A0E70A3387060383A579
:10AB5000070A370810FF7D18B3F505013347C70210
:10AB60003D8B52074D8F23A0E70A3387D60383A579
:10AB7000070AB70E0010FD1EE98D3347C7023D8B53
:10AB800062074D8F23A0E70A139756003347C70289
:10AB90009315C70103A7070A3377D7014D8F23A069
:10ABA000E70A3387E6035D4F3347C7029375F70023
:10ABB00003A7470A419B4D8F23A2E70A3387F60379
:10ABC00083A5470AD94F93F5F5F03347C7023D8B6C
:10ABD00012074D8F23A2E70A3387560283A5470A3F
:10ABE000D542B3F5C5013347C7023D8B22074D8FD0
:10ABF00023A2E70A3387760283A5470ACD43B3F53C
:10AC000065003347C7023D8B32074D8F23A2E70A09
:10AC10003387A60383A5470A494DB3F5150133478A
:10AC2000C7023D8B42074D8F23A2E70A694733874E
:10AC3000E60283A5470AB3F505013347C7023D8BFA
:10AC400052074D8FE54523A2E70A3387B60283A555
:10AC5000470AE98D3347C7023D8B62074D8F23A218
:10AC6000E70A338786020D443347C7029315C701AD
:10AC700003A7470A3377D7014D8F23A2E70A33870B
:10AC8000E603254F3347C7029375F70003A7870AEA
:10AC9000419B4D8F23A4E70A3387F60383A5870AD8
:10ACA0009D4F93F5F5F03347C7023D8B12074D8F4B
:10ACB00023A4E70A3387560283A5870A9942B3F58E
:10ACC000C5013347C7023D8B22074D8F23A4E70AF6
:10ACD0003387760383A5870AB3F565003347C70238
:10ACE0003D8B32074D8F23A4E70A3387760283A575
:10ACF000870A9543B3F515013347C7023D8B4207D9
:10AD00004D8F23A4E70A3387A60383A5870A294D1D
:10AD1000B3F505013347C7023D8B52074D8F23A47E
:10AD2000E70A3387660383A5870AE98D3347C7029D
:10AD30003D8B62074D8F93954600B3C5C50223A492
:10AD4000E70A03A7870A3377D701F2054D8FB3854A
:10AD5000960223A4E70A03A7C70A419BB3C5C5020D
:10AD6000BD894D8F23A6E70A3387260383A5C70A2B
:10AD700093F5F5F03347C7023D8B12074D8FB3C5EE
:10AD8000860223A6E70A03A7C70A3377C701BD894E
:10AD9000A2054D8F23A6E70A3387460383A5C70A7A
:10ADA000B3F565003347C7023D8B32074D8F23A6AD
:10ADB000E70A3387560383A5C70AB3F5150133475E
:10ADC000C7023D8B42074D8F23A6E70A3387A603B0
:10ADD00083A5C70AB3F505013347C7023D8B520768
:10ADE0004D8F23A6E70A3387E60383A5C70AE98DBB
:10ADF0003347C7023D8B62074D8F93953600B3C52D
:10AE0000C50223A6E70A03A7C70A3377D701F205CD
:10AE10004D8FB385F60323A6E70A03A7070B419BD3
:10AE2000B3C5C502BD894D8F23A8E70A33875602F3
:10AE300083A5070B93F5F5F03347C7023D8B120747
:10AE40004D8F23A8E70A3387760283A5070BB3F556
:10AE5000C5013347C7023D8B22074D8F23A8E70A60
:10AE6000139726003347C70283A5070BB3F5650088
:10AE70003D8B32074D8FB3C5360323A8E70A03A7DE
:10AE8000070B33771701BD89C2054D8F23A8E70A49
:10AE9000139716003347C70283A5070BB3F50501C7
:10AEA0003D8B52074D8FB3C5C60223A8E70A03A7FF
:10AEB000070B698FBD89E2054D8F23A8E70A03A719
:10AEC000070B930580023377D70123A8E70A17976A
:10AED000FE1F0347771A3307EC40B34DB70283AC2C
:10AEE000470B93FC0CFFB34B770393FDFD00B3ECD2
:10AEF000BC0123AA970B83AC470BCD4D93FCFCF010
:10AF000093FBFB00920BB3EB7C0123AA770BB30BF3
:10AF1000870283AC470BB3FCCC01B3CBBB0293FBE2
:10AF2000FB00A20BB3EB7C01B34CA70323AA770B66
:10AF300083AB470BB3FB6B0093FCFC00B20CB3EB91
:10AF40009B0123AA770BA14BB34B770383AC470B31
:10AF5000B3FC1C0193FBFB00C20BB3EB7C0123AAE7
:10AF6000770BB30B570283AC470BB3FC0C01B3CB8D
:10AF7000BB0293FBFB00D20BB3EB7C0123AA770B44
:10AF8000B30BF70383AC470BB3FCAC00B3CBBB02F2
:10AF900093FBFB00E20BB3EB7C01B34C770223AADB
:10AFA000770B83AB470BB3FBDB01F20CB3EB9B01DD
:10AFB000B30CE70323AA770B83AB870B93FB0BFF41
:10AFC000B3CCBC02B30A570393FCFC00B3EB9B0168
:10AFD00023AC770B914B83AC870B93FCFCF0B34B0A
:10AFE0007703330A470393FBFB00920BB3EB7C011F
:10AFF00023AC770B83AB870BD54CB3FBCB01B3CA28
:10B00000BA02B309370393FAFA00A20AB3EA5B0162
:10B0100023AC570B83AA870BD94BB3FA6A00334A88
:10B02000BA0233092703137AFA00320A33EA4A01D3
:10B0300023AC470B03AA870BE14A337A1A01B3C941
:10B04000B902B304970293F9F900C209B3693A014E
:10B0500023AC370B83A9870B654AB3F90901334940
:10B06000B902B3C4B4021379F900520933E92901D2
:10B0700023AC270B03A9870BE9493379A900330BCC
:10B080006703BD88E204B36499001319470023AC39
:10B09000970A83A4870BB3F4D4013349B902334B25
:10B0A000BB027209B3E4240123AC970A83A4C70B43
:10B0B000C198137BFB0033EB6401C944B3049702CE
:10B0C00023AE670B03A9C70B5D4B1379F9F0B3C42B
:10B0D000B402BD889204B364990023AE970AB30406
:10B0E000B70303A9C70BF54D3379C901B3C4B40243
:10B0F000BD88A204B364990023AE970A8944B3447F
:10B10000970203A9C70B33796900BD88B204B36401
:10B11000990023AE970AB304970303A9C70BF94C10
:10B1200033791901B3C4B402BD88C204B364990071
:10B1300023AE970AB304770303A9C70BFD4B3379FA
:10B140000901B3C4B402BD88D204B364990023AE2C
:10B15000970AB304670303A9C70B130B10023379D3
:10B16000A900B3C4B402BD88E204B364990023AE5D
:10B17000970AB304570303A9C70B930A2002337934
:10B18000D901B3C4B402F204B364990023AE970AA0
:10B19000B304470303A9070C130A3002137909FF0C
:10B1A000B3C4B402BD88B364990023A0970CB30460
:10B1B000370303A9070C930940021379F9F0B3C4CC
:10B1C000B402BD889204B36499006D4923A0970C22
:10B1D000B304270303A9070C3379C901B3C4B4022C
:10B1E000BD88A204B364990023A0970CF144B30472
:10B1F000970203A9070C33796900B3C4B402BD8870
:10B20000B204B364990023A0970CB304B70303A955
:10B21000070C33791901B3C4B402BD88C204B36406
:10B22000990023A0970CB304970303A9070C337963
:10B230000901B3C4B402BD88D204B364990023A049
:10B24000970CB304770303A9070C3379A900B3C49F
:10B25000B402BD88E204B364990023A0970C931450
:10B260005700B3C4B4021399C40183A4070C330676
:10B27000C702B3F4D401B3E4240123A0970C03A9BB
:10B28000470C137909FFB3046703B3C4B402BD8844
:10B29000B364990023A2970CB304570303A9470C86
:10B2A0001379F9F0B3C4B402BD889204B364990071
:10B2B00023A2970CB304470303A9470C3379C901B0
:10B2C000B3C4B402BD88A204B364990023A2970C4E
:10B2D000B304370303A9470C33796900B3C4B4023C
:10B2E000BD88B204B36499001309500223A2970CDD
:10B2F000B304270303A9470C33791901B3C4B4027B
:10B30000BD88C204B364990023A2970C9304600221
:10B31000B304970203A9470C33790901B3C4B402FB
:10B320003346B602BD88D204B364990023A2970CB9
:10B3300083A4470CE98C3D8A6206458E23A2C70C84
:10B3400003A6470C9314C7013376D601458E23A27A
:10B35000C70C130690023306C70283A4870CC1985A
:10B360003346B6023D8A458E23A4C70C1306A002BD
:10B370003306C702B345B60203A6870C1376F6F070
:10B38000BD899205D18D23A4B70C9795FE1F83C567
:10B39000A5CD1796FE1F0346A6CD3386C540B30440
:10B3A000A60303A9870C3379C901B3C4E40293E46B
:10B3B0008400BD88A204B364990023A4970CB3044D
:10B3C000E60303A9870C33796900B3C4E40293E46C
:10B3D0008400BD88B204B364990023A4970C93142D
:10B3E0003600B3C4E40203A9870C3379190193E44E
:10B3F0008400BD88C204B364990023A4970CB304ED
:10B40000F60303A9870C33790901B3C4E40293E47A
:10B410008400BD88D204B364990023A4970CB304BC
:10B42000560203A9870C3379A900B3C4E40293E45C
:10B430008400BD88E204B364990023A4970CB3048C
:10B44000760203A9870C3379D901B3C4E40293E4EB
:10B450008400F204B364990023A4970C931426008B
:10B46000B3C4E40203A9C70C137909FF93E4840071
:10B47000BD88B364990023A6970CB304860203A980
:10B48000C70C1379F9F0B3C4E40293E48400BD88D7
:10B490009204B364990023A6970C93141600B3C4C6
:10B4A000E40203A9C70C3379C9013347E60293E4E8
:10B4B0008400BD88A204B364990023A6970C03A658
:10B4C000C70C33766600136787003D8B3207518FB8
:10B4D00023A6E70C03A7C70C3377170123A6E70CB5
:10B4E00003C791860D8F3346D70293F5F507E20522
:10B4F0003D8A9314460103A6C70C330487023376B2
:10B500000601458E23A6C70C1316170083A4C70C8B
:10B51000E98C3346D6023D8A6206458E23A6C70CC7
:10B5200003A6C70C3344D402B37ED60113162700FA
:10B53000B3037702720433E48E0023A6870C3346EC
:10B54000D602B3025702937EF60003A6070D419A76
:10B550003366D60123A8C70C03A6070DB3C3D302D5
:10B560001376F6F0B3C2D20293F3F3009203B363FF
:10B57000760023A8770C03A6070D337EC601B30F10
:10B58000F70393F2F200A202B3625E0023A8570C05
:10B5900003A6070D3373660013163700B3CFDF021F
:10B5A000330FE70393FFFF00B20FB36FF30123A83C
:10B5B000F70D03A3070DB37813013346D602330DFD
:10B5C000A7033D8A420633E6C80023A8C70C03A69A
:10B5D000070D33780601334FDF02B346DD02137FD8
:10B5E000FF00520F336FE80123A8E70D03A7070DF3
:10B5F000798DBD8AE206C98E23A8D70CD84385660B
:10B600003D9BD8C3D843799BD8C39857558F98D7BB
:10B61000D857B7060081FD1613670701D8D71377EF
:10B62000FC0303AC8703137C0CFC336CEC0023ACF1
:10B630008703985F758FD98D8CDF6254F250D25496
:10B640004259B259225A925A025BF24B624CD24C86
:10B65000424DB24D216182809797FE1F23A807A01B
:10B660006FF04FC19797FE1F9387C7A098435C4325
:10B6700093E707105CC38280411106C60128930539
:10B6800060408922B240014541018280011106CE0D
:10B690009317450163D307025924894719C9834683
:10B6A00005001147B1476396E60095472300F50072
:10B6B000C947F2403E85056182802EC64924C947AC
:10B6C0006DD90347A500418B6DD7B2458347B500BF
:10B6D000230AB50491E7E9472308F5008147D1BF64
:10B6E000ED47DDBF01114AC84EC652C406CE22CC7A
:10B6F00026CAAE89328A3689992479C1631E0A0026
:10B7000085472385F1860145F2406244D24442498F
:10B71000B249224A0561828003C7A18685472A84EF
:10B720006315F700238501868949B7E700E0844364
:10B730003707200023A0E718F98C0F10000041659F
:10B74000130545F5212C21CD8347A5002315F500D0
:10B7500083278411A9E3232CA410232EA41093077C
:10B7600010F879192320050023164501A304F500DC
:10B770002304350123222501834794028545014591
:10B78000B395F500C205C181EFB0CFF8B7E700E08F
:10B7900023A097108DBF8327C41188C37DBF9787CF
:10B7A000FE1F9387276C9C5B91C7956593855555C4
:10B7B00005458297B7E700E023A097101D45A9B77C
:10B7C000094599B76FC03FD1011106CE2AC6EFC017
:10B7D000FF8309C9B245F240034505004D460561A6
:10B7E0006FC04FA0F2404945056182809797FE1FC8
:10B7F000938707901797FE1F1307078F9C431843E3
:10B8000001456313F700828083D6670081E683D603
:10B81000470036959C43F5B79787FE1F938787644B
:10B820008C431787FE1F0357276441111386052297
:10B830009797FE1F23AEC78A938785FFBA97056542
:10B840009796FE1F23A2F68A06C61D05935637005B
:10B850006374E500930600203307D6001795FE1F9A
:10B860002326E58823A0E522E1162312D600231320
:10B8700006001CC3998FE1172312F700231307005A
:10B88000EFF0DFF6B2409787FE1F2394A7584101DF
:10B8900082809797FE1F9387A7859796FE1F9386B2
:10B8A000A6849C4390422A87B305B5406314F600F2
:10B8B0003A8529A8938687009C43E369D7FEE377FE
:10B8C000F7FE2E85E3E4D5FEE3F2F5FE828083D712
:10B8D00005002300F50083D70500A183A300F50030
:10B8E00003D525000905420541818280011122CC42
:10B8F0002A84C84106CEAE86014719C52EC68D459D
:10B90000EFF03FF9B2462A8722856244F2406D4645
:10B91000970500009385E5FB05616FB05FFB978796
:10B92000FE1F9387277DBC4B9C5799E33E85828001
:10B9300003D78701E30CA7FE93878705FDB7978799
:10B94000FE1F9387277B83A7870999E33E85828023
:10B9500003D78700E30CA7FE9C43C5BF9787FE1F54
:10B960009387477983A7870AC1669785FE1F83C59A
:10B9700055500147FD1603D6A7006309A6006307CB
:10B98000D6000507C107E3D8E5FE81473E858280E2
:10B990001787FE1F0347B7669547630BF700978726
:10B9A000FE1F9387676583C777000D47631FF70006
:10B9B0009787FE1F83C7D764639707149307701098
:10B9C0001787FE1F231EF762828001119787FE1FD3
:10B9D000938747720D4526CA4AC806CE03A90709B0
:10B9E00022CC4EC69784FE1F9384C460EFD06F9A1A
:10B9F0009840B7C7898E938767ED1CC7B757550026
:10BA0000938757555CC30347A9039307F00F63055A
:10BA1000F700FD57230DF9029789FE1F93894960AE
:10BA200003A709008547A30CF9025C4301450146C1
:10BA300093E717005CC3930720FB2303F9009D479E
:10BA40001787FE1FA30DF75A9787FE1F2386075AF5
:10BA5000930550029787FE1F2382075A1784FE1F03
:10BA600013044461EFC0BFF7184001455C57F59BD4
:10BA70005CD783475900944013F7F7079C4293F72C
:10BA800007F8D98F9CC29787FE1F83C7274391C7AA
:10BA90009787FE1F938787788843EFB0FF8698408B
:10BAA000B70633001C4393F7F7CF1CC31C4393F72F
:10BAB000F7CF93E707201CC31C409847558F83A6F8
:10BAC000090098C73707030013078715B8CA1787F7
:10BAD000FE1FA30507521787FE1FA30F0750054738
:10BAE00098C2D8431377F7EFD8C30100010018407C
:10BAF0005C4393E707105CC3F2406244D24442497E
:10BB0000B24905618280828011CE93070002918F35
:10BB1000635BF000B395C500B357F5003316C5005D
:10BB2000DD8D32858280930506FE0146B315B50092
:10BB30003285CDBF014863C6050E63DB06003306C0
:10BB4000C040B337C000B306D0401348F8FF9D8E05
:10BB5000B6873283AA8EAE886391061863FCC50C43
:10BB600041676361E61EB70700016365F6369356C9
:10BB70008601E14717370000130747DA3697034776
:10BB80000700BA97130700021D8F19CBB395E50084
:10BB9000B357F5003313E600B3E8B700B31EE50072
:10BBA00013560301B3D7C80293160301C18213D7FA
:10BBB0000E01B3F5C8023385F602C205B3E8E5000D
:10BBC00063FAA8009A981387F7FF63E4680063E9B3
:10BBD000A832BA87B388A840B3D5C802C20E93DE94
:10BBE0000E01B3F8C802B386B602C208B3E8D801A2
:10BBF00063FBD8009A981387F5FF63E56800F91591
:10BC000063E3D800BA85139507014D8D814563091B
:10BC100008003305A040B337A000B305B0409D8DA8
:10BC200082803305A040B337A000B305B0409D8D9E
:10BC30007D5821B701E605433353D3024167636A58
:10BC4000E30EB7070001636BF32893568301E147C6
:10BC500017370000130787CC369703470700BA97BA
:10BC6000130700021D8F65EB93180301B38665402F
:10BC7000135F030193D80801854513D70E01B3D78D
:10BC8000E603B3F6E60333861703C206558F637ADD
:10BC9000C7001A979386F7FF636467006365C7263A
:10BCA000B687118FB356E703C20E93DE0E013377CA
:10BCB000E703B388160342073367D701637B170195
:10BCC0001A971386F6FF63656700F9166363170119
:10BCD000B28613950701558D1DBF63E1D504C16779
:10BCE00063E1F604B707000163E2F61E93D886010C
:10BCF000614797370000938767C2C69703C3070061
:10BD0000930700023A93B3876740E9EB63ECB61CF4
:10BD10003335C500134515008145D5BD8145014525
:10BD2000FDB59307F00F63F2D71C93D88600214727
:10BD3000C9B71307F00F9A86E37C67F09356830028
:10BD4000A14739B71307F00FB286E375C7E29356E0
:10BD50008600A14705B53313E30033D6F500135F22
:10BD60000301335EE603B396E500B357F500DD8EBD
:10BD70009318030193D80801B31EE50093D506017B
:10BD8000B377E6033387C803C207CD8F63FBE700B1
:10BD90009A971306FEFF63E3671663F1E716791EB1
:10BDA0009A97998F33D6E703139706014183B3F728
:10BDB000E7033385C80293960701D98E63FBA6007B
:10BDC0009A969307F6FF63E7661263F5A612791653
:10BDD0009A9693150E01898ED18D45B5335766001D
:10BDE000B396F600D98EB3D8650013DF0601B3DE33
:10BDF000E803139E060133536500135E0E01B395ED
:10BE0000F500B365B30013D705013316F600B3F898
:10BE1000E8033303DE03C20833E7E800637B67000F
:10BE200036979388FEFF6369D70C6377670CF91E1A
:10BE30003697330767403353E703C205C181337731
:10BE4000E703B3086E024207D98D63FB1501B6956F
:10BE50001307F3FF63EED50863FC15097913B69554
:10BE6000C20E416FB3EE6E001307FFFFB3F6EE0094
:10BE700013D30E01718F4182338EE602B3851541D3
:10BE8000B386C60293580E013307E302BA96C696EC
:10BE90003306C30263F3E6007A9613D306011A96BB
:10BEA00063E2C5026385C500768581458DB3416730
:10BEB0007D17F98EC206337EEE00B317F500F296B9
:10BEC000E3F4D7FE1385FEFF814591B393D80601B5
:10BED000414705B593560601C14769B99356030119
:10BEE000C147BDB3814505451DB3B688014711B5AE
:10BEF0003A83BDB73E86F1BDC68E25BF328E55B59D
:10BF0000F9179A98C1B9F9171A9761BBB687B28821
:10BF10002A832E88639D061463F9C50A4167636E00
:10BF2000E61AB70700016363F63493568601E147CA
:10BF3000173700001307879E369703470700BA9705
:10BF4000130700021D8F19CB3398E500B357F50096
:10BF5000B318E60033E807013313E50013D60801F0
:10BF60003355C80293960801C18293570301337772
:10BF7000C802B385A60242073368F700637AB800A7
:10BF800046989307F5FF636418016367B8303E85F0
:10BF90003308B8403357C8024203135303013378C0
:10BFA000C802B386E602420833686800637BD800A3
:10BFB00046989307F7FF6365180179176363D80004
:10BFC0003E874205598D8145828001E60547B35879
:10BFD000C702416763EAE80EB707000163ECF8287F
:10BFE00093D68801E1471737000013072793369748
:10BFF00083460700BE9693070002958FE5EB939E5C
:10C0000008013387154113DF080193DE0E018545D2
:10C01000935703013355E7033377E703B306D5039B
:10C020004207D98F63FAD700C6971307F5FF63E479
:10C03000170163E6D7263A85958F33D7E703420386
:10C0400013530301B3F7E703B30ED703C207B3E7F4
:10C05000670063FBD701C6979306F7FF63E51701F7
:10C06000791763E3D70136874205598D828063E2F1
:10C07000D504C16763E2F604B707000163E4F61E66
:10C0800013D7860161489737000093872789BA97AD
:10C0900003C70700130E00024297330EEE40631AE7
:10C0A0000E0C63EDB61C3335C500134515008145F4
:10C0B00082808145014582809307F00F63F3D71C8E
:10C0C00013D786002148C1B71307F00FC686E37C5B
:10C0D00017F193D68800A14739B71307F00FB2863E
:10C0E000E378C7E493568600A14799B5B398F80062
:10C0F00033D6D50013DF0801335EE6033397F5002E
:10C10000B356D500558F939E080193DE0E0133136D
:10C11000F50093550701B376E603B387CE03C20655
:10C12000CD8E63FBF600C6961306FEFF63E416177A
:10C1300063F2F616791EC6969D8E33D6E6039317E4
:10C140000701C183B3F6E6033385CE0213970601D8
:10C150005D8F637BA70046979307F6FF636817130D
:10C160006376A7127916469793150E01098FD18D24
:10C1700045B5B357E600B396C601DD8E33D3E5006F
:10C1800013DF0601B357E303939E060193DE0E010E
:10C190003398C5013357E500336807019358080108
:10C1A0003316C6013373E303B385FE024203B3685B
:10C1B000130163FBB800B6981387F7FF63EAD80C46
:10C1C00063F8B80CF917B698B388B84033D7E803CA
:10C1D000420813580801B3F8E8033383EE02C2089B
:10C1E000B3E5080163FB6500B6951308F7FF63ED3F
:10C1F000D50863FB65087917B695C207416FD98FDB
:10C200001307FFFFB3F6E70093D80701718F418250
:10C21000B38EE602B3856540B386C60213D80E011D
:10C220003387E802BA96C2963386C80263F3E60003
:10C230007A9693D80601469663E2C5026385C500E7
:10C240003E858145828041677D17F98EC206B3FE27
:10C25000EE003315C501F696E374D5FE1385F7FF9E
:10C260008145828013D70601414831BD93560601AE
:10C27000C1477DB993D60801C147B5B3814505458E
:10C2800082803687014801B5428785BF3E86E9BD79
:10C29000BA871DBF328E4DB579154698D5B9791537
:10C2A000C69759BB01476314E60001458280B30776
:10C2B000E5000507B386E50083C7070083C6F6FFE0
:10C2C000E383D7FE3385D7408280B3C7A5008D8B2B
:10C2D0003307C50081E78D4763EEC700AA87637007
:10C2E000E50A83C6050085078505A38FD7FEE3EA27
:10C2F000E7FE828093763500AA8791CA83C605003F
:10C3000085078505A38FD7FE93F63700FDB7937693
:10C31000C7FF138606FE63F0C70683A3050083A24A
:10C32000450083AF850003AFC50083AE050103AEB2
:10C33000450103A3850183A8C5019385450223A078
:10C34000770003A8C5FF23A2570023A4F70123A663
:10C35000E70123A8D70123AAC70123AC670023AEB6
:10C3600017019387470223AE07FF75B790419107E6
:10C37000910523AEC7FEE3EBD7FEE3E4E7F6828048
:10C3800039713EDA2ED232D436D63AD842DC46DE85
:10C390009387018222CC804326CA06CEAA8409C490
:10C3A0001C4C99E322854D230C445410268622858B
:10C3B00036C6EF00F01FF2406244D2442161828011
:10C3C00001119387018222CC804306CEAA8519C42D
:10C3D0001C4C89E72AC62285852BB245104422854C
:10C3E0006244F24005616F10E001011126CA4AC89B
:10C3F00006CE22CC4EC652C4AA842E8901C51C4D3D
:10C4000091E399239C4C804499E32685352B97270B
:10C4100000009387A762631CF402C0408357C400E6
:10C42000A18BB1C71C48A1C7FD59294A1C448345AB
:10C430000900FD17B1E91CC463DE07062286A94581
:10C440002685F928FD576308F502294535A0972769
:10C4500000009387A7606314F4008044C1B7972756
:10C4600000009387A75BE31BF4FAC04445BFA28595
:10C470002685BD2255D97D55F2406244D2444249B9
:10C48000B249224A056182801CC4050963D70700AE
:10C49000184C63CBE700638945011C4013871700E4
:10C4A00018C02380B70059B7228626859528E31F38
:10C4B00035F7D1B71C401387170018C029472380D0
:10C4C000E70061B793870182AA8588436FF0FFF187
:10C4D000AA8703C7050085078505A38FE7FE75FBBF
:10C4E0008280AA87850703C7F7FF6DFF3385A740C2
:10C4F0007D15828005C67D160147B307E500B3862A
:10C50000E50083C7070083C606006396D70063046F
:10C51000C7000507FDF33385D7408280014582803F
:10C52000011122CC26CA4AC806CE4EC6AA842E893C
:10C53000328401C51C4D91E30129972700009387A0
:10C54000E74F6319F406C0401C4C1CC48357C40059
:10C55000A18BC9C31C48BDCF1C4808409379F90F73
:10C560001379F90F1D8D5C486346F500A285268579
:10C57000652C2DE51C440505FD171CC41C401387C4
:10C58000170018C0238037015C486389A7008357D0
:10C59000C400858B81CBA9476316F900A285268547
:10C5A00061240DEDF24062444A85D2444249B249C9
:10C5B00005618280972700009387474A6314F4003F
:10C5C000804459B79727000093874745E31EF4F648
:10C5D000C0449DBFA285268521203DDD7D59D9B768
:10C5E00041119387018226C2844322C44AC006C6F1
:10C5F0002A892E8489C49C4C99E32685B1269727E5
:10C6000000009387A743631CF402C0400317C400D3
:10C6100093170701C18393F68700B5EE93F60701E0
:10C620009DEEA5472320F900136707042316E400B5
:10C630007D55B240224492440249410182809727AD
:10C6400000009387A7416314F4008044C1B7972783
:10C6500000009387A73CE31BF4FAC04445BF918BCD
:10C660008DC74C5889C9930744046384F5004A85F3
:10C67000892B232A04028357C4002322040093F742
:10C68000B7FD2316F4001C481CC08357C40093E771
:10C6900087002316F4001C4881EF8357C40013075A
:10C6A000002093F707286385E700A2854A8595292E
:10C6B0008357C40013F7170005C75C482324040000
:10C6C000B307F0401CCC1C480145A5F78317C400F4
:10C6D00013F7070839DF93E707042316F40089BF2F
:10C6E000898B014791E3584818C4F1BF83D7C5002F
:10C6F000011122CC26CA06CE4AC84EC613F78700BF
:10C70000AA842E8471EFD841634DE000B841634A9A
:10C71000E0000145F2406244D2444249B249056119
:10C72000828058547DD703A904009396370123A033
:10C73000040063DD060670488357C400918B99C7D7
:10C740005C401D8E5C5899C33C401D8E5C540C505F
:10C75000814626858297FD570357C400631DF50067
:10C760009440F54763E8D706B70740208507B3D75D
:10C77000D700858BA5C31C48232204001CC0931737
:10C78000370163D80700FD576314F5009C4091E31F
:10C7900068C84C5823A02401ADDD9307440463848A
:10C7A000F50026853929232A0402A5B70C50014635
:10C7B000854626850297FD572A86E31FF5F69C409D
:10C7C000A5DF75476385E70059476394E70423A015
:10C7D000240181B7136707042316E4007D551DBFAC
:10C7E00083A90501E38709F203A905008D8B23A026
:10C7F000350133093941014791E3D84918C4E35A57
:10C8000020F11C540C50CA864E86268582976349B7
:10C81000A0008357C40093E707042316F4007DBFEC
:10C82000AA993309A940E1BF9C49A5C3011122CCB3
:10C8300006CE2A8411C51C4D81E72EC63122B24591
:10C84000972700009387871F639CF5004C408397D0
:10C85000C5009DC722856244F24005616FF01FE963
:10C86000972700009387871F6394F5000C44C5B792
:10C87000972700009387871AE39BF5FC4C44C1BFC0
:10C88000F240624401450561828001458280411188
:10C8900022C406C62A842316B5002317C500232008
:10C8A0000500232205002324050023220506232852
:10C8B0000500232A0500232C050021468145130588
:10C8C000C505EF500E9D97170000938767BF5CD09A
:10C8D000971700009387C7C11CD497170000938750
:10C8E00007C65CD4971700009387C7C800D01CD830
:10C8F000B24022444101828097050000938505F3F0
:10C90000B1AA411126C2130680069384F5FFB384B1
:10C91000C4024AC02E8922C406C693854407B126A4
:10C920002A8401CD2320050023222501310508C4D6
:10C93000138684068145EF50CE952285B24022446D
:10C9400092440249410182801C4DB5E7411106C65F
:10C9500022C497070000938767FA1CD59727000029
:10C96000938747189C432324050423260504232882
:10C9700005046314F50085471CCD2A84352848C07A
:10C9800022851D2808C42285052848C44840014640
:10C990009145EFF0DFEF08440546A545EFF03FEF86
:10C9A00048440946C945EFF09FEE85471CCCB2408C
:10C9B00022444101828082804111972700009387A1
:10C9C000671226C284434AC006C69C4C22C42A89E8
:10C9D00081E72685EFF05FF7938484048044DC4090
:10C9E000FD1763D607009C40B9CF8440C5BF03172D
:10C9F000C40039E7C17785072322040623200400F9
:10CA000023220400232404005CC423280400232AD6
:10CA10000400232C0400214681451305C405EF5072
:10CA20004E87232A0402232C0402232404042326F1
:10CA300004042285B240224492440249410182808A
:10CA40001304840671BF91454A85EFF09FEB88C0BF
:10CA500049FDB1472320F9000144E1BF797122D497
:10CA60004AD052CC56CA5AC85EC606D626D24ECE38
:10CA70002A8AAE8A130485040149054BFD5B09EC43
:10CA8000B25022544A8592540259F249624AD24A1B
:10CA9000424BB24B45618280044483294400FD1916
:10CAA00063D409000040E1BF83D7C400637BFB006F
:10CAB0008397E40063877701A6855285829A33695C
:10CAC000A90093848406E1BF1971A6DAAE84839528
:10CAD000E500A2DC86DE328463DC050083D7C40077
:10CAE00023A0060093F7070885E7930700401DA0E1
:10CAF000300836C6EF00902EB246E34105FE72477D
:10CB0000BD67F98F7977BA9793B717009CC2F1BFC9
:10CB1000930700041CC0F6506654D65401450961C1
:10CB2000828083D7C500011122CC06CE26CA4AC80E
:10CB3000898B2E8489CF930774041CC01CC8854739
:10CB40005CC8F2406244D24442490561828074006C
:10CB50003000AA84EFF05FF7A2452A8926853122AA
:10CB600001ED8317C40013F7072061FFF19B93E7E2
:10CB700027002316F400C1B797070000938707D852
:10CB80009CD48357C40008C008C893E7070823163D
:10CB9000F400A2475CC8B24791CF8315E400268514
:10CBA000EF00F02601C98357C400F19B93E71700FB
:10CBB0002316F4008357C4003369F90023162401B7
:10CBC00049B7DDC183A7C5FF411122C406C626C2ED
:10CBD0001384C5FF63D307003E94AA84EF00102B93
:10CBE0009387C1869C4381EF2322040023A681867C
:10CBF0002244B2402685924441016F005029637E51
:10CC0000F40014403307D4006396E7009843DC43F4
:10CC1000369718C05CC0D9BFBA87D84319C3E37D23
:10CC2000E4FE94433386D700631F86001040B2961B
:10CC300094C33386D700E31DC7FA10435843B29616
:10CC400094C3D8C375B76375C400B1479CC04DB7D2
:10CC50001040B306C4006316D70014435843B2967D
:10CC600014C058C0C0C369B78280011126CA93841A
:10CC70003500F19806CE22CC4AC84EC6A104B14771
:10CC800063F5F404B14463E4B4042A89EF0010208E
:10CC90009387C18698433A8429E4938701879C430C
:10CCA00099E781454A85EF00407E23A8A186A685A5
:10CCB0004A85EF00807DFD5963193507B147232070
:10CCC000F9004A85EF00B01C29A0E3DE04FAB14761
:10CCD0001CC10145F2406244D2444249B249056157
:10CCE00082801C40858F63CF0702AD4663F6F60055
:10CCF0001CC03E9404C031A05C406313870223A68D
:10CD0000F1864A85EF00B0181305B400930744007C
:10CD100061993307F5405DDF3A94898F1CC05DBF90
:10CD20005CC3C5B72287404085BF130435007198A6
:10CD3000E30285FCB305A4404A85812FE31C35FB43
:10CD4000B5BF1C46FD171CC663DA0700184E63C545
:10CD5000E700A9476394F5006FF08FFC1C422E8515
:10CD60001387170018C22380B7008280011122CCDC
:10CD700026CA4AC84EC652C406CE2A89AE89328413
:10CD8000B304D6007D5A63149400014511A883456D
:10CD900004004E864A85EFF0DFFA0504E31545FFEF
:10CDA000F2406244D2444249B249224A056182803B
:10CDB000357122CD26CB4AC94EC706CF52C556C3C0
:10CDC0005AC1DEDEE2DCE6DAAA89AE843289368434
:10CDD00009C51C4D99E3EFF03FB7972700009387F3
:10CDE000E7C5639DF40C83A4490083D7C400A18BDD
:10CDF000E5CB9C48F5C793070002A304F102930713
:10CE0000000302D22305F10222C6930B5002972A97
:10CE10000000938AAAC6054C294B4A848347040024
:10CE200099C36392770FB30C2441638E0C00E6869E
:10CE30004A86A6854E85EFF07FF3FD576307F51E02
:10CE40009256E69636D2834704006380071EFD574C
:10CE50001309140002C802CE3ECA02CCA309010481
:10CE600082D48345090015465685EF0090001304CF
:10CE70001900C24759E913F7070109C71307000250
:10CE8000A309E10413F7870009C71307B002A30938
:10CE9000E104834609001307A0026380E608F24715
:10CEA0004A8481462546034704009305140013076E
:10CEB00007FD6379E60AB5CA3ECE85A8972700002C
:10CEC0009387C7B96395F40083A4890039BF972776
:10CED00000009387A7B4E39AF4F083A4C90031B7A4
:10CEE000A6854E85EFF0CFEF19D57D55FA406A44FF
:10CEF000DA444A49BA492A4A9A4A0A4BF65B665CBE
:10CF0000D65C0D618280050411BF33055541331590
:10CF1000AC00C98F3EC82289A9B7324793064700A3
:10CF2000184336C6634907023ACE03470400930705
:10CF3000E002631FF704034714009307A002631B7A
:10CF4000F702B2470904138747009C433AC663C1FE
:10CF500007023ECA35A83307E04093E727003ACEE0
:10CF60003EC8E1B7B387670385462E84BA9725BFCD
:10CF7000FD57C5B7050402CA8146814725460347C8
:10CF8000040093051400130707FD6376E606F1F22B
:10CF9000834504000D46172500001305A5AED12DCD
:10CFA00011CD972700009387E7AD1D8D93070004EF
:10CFB000B397A700424505045D8D2AC88345040048
:10CFC000194617250000130525AC13091400230486
:10CFD000B10245253DC19737FEFF9387A70295E72C
:10CFE0004247B2471377071009CF91073EC69257C1
:10CFF000D2973ED21DB5B387670385462E84BA9774
:10D00000BDBF9D07E19BA107D5B77800970600003B
:10D01000938606D626860C084E8597000000E7000A
:10D020000000FD572A8AE314F5FC83D7C40093F768
:10D030000704E39C07EA125555BD780097060000E7
:10D04000938606D326860C084E85012AD9BF7971AE
:10D0500056CA9C49BA8A984522D426D24ECE52CC82
:10D0600006D64AD05AC85EC6AA892E84B284368AA9
:10D0700063D3E700BA879CC00347340419C385070C
:10D080009CC01C4093F7070281C79C4089079CC045
:10D090000329040013796900631A0900130B940132
:10D0A000FD5B5C449840998F634CF9041C408346B7
:10D0B000340493F70702B336D000A5EB130634040B
:10D0C000D2854E85829AFD576303F5041C401146B4
:10D0D0009840998B544481446397C700B384E640D9
:10D0E00063D3040081441C4418486354F700998FAB
:10D0F000BE94014969047D5B63982405014509A834
:10D1000085465A86D2854E85829A631E75017D5565
:10D11000B250225492540259F249624AD24A424BC6
:10D12000B24B456182800509ADBF3307D4001306B9
:10D130000003A301C7040347540493871600A29772
:10D140008906A381E7049DBF85462286D2854E8548
:10D15000829AE30E65FB050945B7797122D426D280
:10D160004AD04ECE06D652CC56CA5AC8B68983C6C5
:10D170008501930790063289AA842E84138635048C
:10D18000638DF60263E2D706930780056388F6187D
:10D1900063EDD7006381062293073004638EF60A9D
:10D1A000930A24042301D404C9A09307300663859D
:10D1B000F60A93074006E395F6FE1C40084393F6F3
:10D1C000070893054500C5C61C410CC363D807007A
:10D1D0001307D002B307F040A301E4049726000030
:10D1E0009386068B29476DA8930700076384F6167C
:10D1F00063E5D7029307E006638BF6189307F00602
:10D20000E390F6FA0C401C4313F805081385470019
:10D210006307080608C39C438DA893075007E38360
:10D22000F6FE93078007638BF61293073007E399A6
:10D23000F6F61C43D04181459386470014C383AA68
:10D24000070056853D2101C53305554148C05C4066
:10D250001CC8A301040471A81C43930A24049386E8
:10D2600047009C4314C32301F4048547D5B793F6C4
:10D2700007041C410CC3B9DAC207C18781BF93F50B
:10D28000050408C3C9D983D707001307F0066388CC
:10D29000E60E971600009386A67F2947A301040493
:10D2A0004C400CC463C5050008406D9908C099E363
:10D2B000B28A91CDB28AB3F5E702FD1AB69583C55D
:10D2C00005002380BA00B3D5E70263F0E70CA1475D
:10D2D000631EF7001C40858B91CB58401C4863C7E8
:10D2E000E70093070003A38FFAFEFD1A33065641A9
:10D2F00010C84E87CA867000A2852685EFF03FD5FC
:10D300007D5A631E450B7D55B250225492540259EA
:10D31000F249624AD24A424B45618280A382D504D7
:10D32000971600009386C6760C40084313F805084C
:10D330001C411105630D080208C313F7150001C74E
:10D3400093E505020CC04147B1FB0C4093F5F5FD98
:10D350000CC0A9B79C4193E707029CC193078007C3
:10D36000A302F404971600009386C67375BF13F8E2
:10D37000050408C3E30308FCC207C1837DBF9716F9
:10D3800000009386E670214711BFAE872DB7944108
:10D390001C43CC4913F806081385470063060800B0
:10D3A00008C39C438CC301A808C393F606049C439E
:10D3B000F5DA2390B70023280400B28A1DBF144871
:10D3C0005686CA8526858299E30F45F31C40898BD2
:10D3D0008DE7B2474844E359F5F23E8535B78546B7
:10D3E0005686CA8526858299E30F65F1050A5C4455
:10D3F0003247998FE345FAFEE9BF014A930A940147
:10D400007D5BF5B7011122CC06CE2A8409C91C4DDB
:10D4100099E732C62EC4EFF02FD33246A2459717B4
:10D4200000009387A7616316F60250401C46FD1763
:10D430001CC663D00704184E63C7E70093F7F50FC7
:10D4400029476398E70222856244F24005616FF044
:10D450002F8D97170000938767606314F6001044C0
:10D46000F1B7971700009387675BE311F6FC504410
:10D4700075BF1C4213F5F50F1387170018C22380E0
:10D48000B700F240624405618280411122C42A84BF
:10D490002E859777FE1F23A507D806C6EF50CEC965
:10D4A000FD576319F5009777FE1F938767D79C4355
:10D4B00091C31CC0B240224441018280411122C468
:10D4C0002E848395E50006C6E122634905007C4869
:10D4D000AA977CC8B2402244410182808357C4008D
:10D4E0007D777D17F98F2316F400EDB783D7C5003C
:10D4F000011122CC26CA4AC84EC606CE93F70710A1
:10D50000AA842E843289B68991C78395E50089461D
:10D51000014635228357C4007D777D17F98F231686
:10D52000F4008315E4006244F240CE864A86B24994
:10D5300042492685D24405613DA8411122C42E846A
:10D540008395E50006C6E528FD570357C400631B15
:10D55000F500FD77FD17F98F2316F400B240224441
:10D56000410182808567D98F2316F40068C8FDB712
:10D570008395E50025A8411122C42A842E85B28511
:10D5800036869777FE1F23AD07C806C6EF504EB804
:10D59000FD576319F5009777FE1F938767C89C4373
:10D5A00091C31CC0B240224441018280411122C477
:10D5B0002A842E859777FE1F23A407C606C6192244
:10D5C000FD576319F5009777FE1F938767C59C4346
:10D5D00091C31CC0B240224441018280411122C447
:10D5E0002A842E85B2859777FE1F23AB07C206C615
:10D5F000D520FD576319F5009777FE1F938747C223
:10D600009C4391C31CC0B24022444101828041111D
:10D6100022C42A842E859777FE1F23A307C006C63F
:10D62000D120FD576319F5009777FE1F938747BFF9
:10D630009C4391C31CC0B2402244410182804111ED
:10D6400022C42A842E85B28536869777FE1F23A9A9
:10D6500007BC06C64520FD576319F5009777FE1FE6
:10D66000938707BC9C4391C31CC0B2402244410134
:10D67000828093F5F50F2A966314C50001458280D8
:10D6800083470500E38DB7FE0505FDB782808280E4
:10D69000411122C42A842E85B28536869777FE1FD3
:10D6A00023A007B806C6B928FD576319F500977778
:10D6B000FE1F9387E7B69C4391C31CC0B24022442F
:10D6C00041018280930780051777FE1F232AF7B454
:10D6D0007D558280930780051777FE1F2322F7B4BC
:10D6E0007D558280930780051777FE1F232AF7B2A6
:10D6F00001458280930780051777FE1F2322F7B22A
:10D700007D558280930780051777FE1F232AF7B087
:10D710007D558280696436340100000069643601F9
:10D720003E50FEFF6650FEFF8E50FEFFA650FEFFED
:10D73000C050FEFFD050FEFFF850FEFF2051FEFF0C
:10D740003851FEFF5251FEFF43483539785F424C55
:10D75000455F4C49425F56312E3400006865616474
:10D760002066696C65206572726F722E2E2E000025
:10D770004C494220696E6974206572726F72206331
:10D780006F64653A202578202E2E2E0A00000000B6
:10D790002A2000006C696E6B5F6F70656E00000080
:10D7A0006C696E6B5F636C6F7365000070726F768F
:10D7B0005F636F6D706C65746500000070726F76EA
:10D7C0005F72657365740000696E645F656E645FA7
:10D7D0006362000073656E645F737570706F72745E
:10D7E0005F6174747200000073656E645F6C6564E1
:10D7F0005F7374617465000073656E645F72657356
:10D8000065745F696E646963617465006B65795006
:10D8100072657373000000006170705F73696C65FE
:10D820006E745F6164760000626C656D6573685F3D
:10D830006F6E5F73796E6300D70700000000000011
:10D8400002000000E0190020BC37002000000000AA
:10D85000000000000000000000000000AC370020C5
:10D8600010000000000000000000000000000000A8
:10D87000000000000000000000000000602F000019
:10D88000FA2F0000182F000000000000D62F000023
:10D890004D4553485F4C49425F56312E37000000DA
:10D8A000556E61626C652073657420636F6E666986
:10D8B0006775726174696F6E20286572723A2564AB
:10D8C00029000000496E697469616C697A696E6744
:10D8D000206D657368206661696C656420286572D7
:10D8E0007220256429000000426C7565746F6F74A6
:10D8F0006820696E697469616C697A65640000000A
:10D900004D657368206E6574776F726B20726573F6
:10D91000746F7265642066726F6D20666C617368E7
:10D92000000000004D65736820696E697469616C60
:10D93000697A6564000000004150505F444247200E
:10D9400025733E20000000002062745F6D657368DF
:10D950005F726573657420006B657973203A2025CA
:10D96000642000004C6F63616C2044657620556E26
:10D9700070726F766973696F6E656400556E61626F
:10D980006C6520616C6C6F6361746520627566669E
:10D9900065727300726561645F616E676C655F617B
:10D9A00075746F5F4C52000067656E5F616E676CE7
:10D9B000655F6175746F5F4C525F737461747573EA
:10D9C0000000000067656E5F616E676C655F617582
:10D9D000746F5F4C525F67657400000067656E5F2F
:10D9E00066616E5F7365740067656E5F66616E5F2A
:10D9F0007365745F756E61636B00000074746C3ADC
:10DA000020307825303278206473743A20307825BD
:10DA10003034780073656E6420737461747573209C
:10DA20006661696C65643A202564000074746C3A20
:10DA300020307825303278206473743A203078258D
:10DA400030347820727373693A2025642000000016
:10DA50006465766963655F6C65645F6D6F64653A84
:10DA60002025642000000000726561645F6C6564BD
:10DA70005F636F6C6F72000067656E5F6C65645FFB
:10DA8000636F6C6F725F7374617475730000000074
:10DA900067656E5F6C65645F636F6C6F725F67650F
:10DAA0007400000067656E5F6C65645F636F6C6F28
:10DAB000725F73657400000067656E5F6C65645F1C
:10DAC000636F6C6F725F7365745F756E61636B001B
:10DAD00074746C3A20307825303278206473743A4C
:10DAE0002030782530347820727373693A202564A9
:10DAF000206C656E20256400257820257820257807
:10DB00002025782025782025782000006465766916
:10DB100063655F6C65645F636F6C6F725F61646A9D
:10DB20003A2025642000000067656E5F6F6E6F66A7
:10DB300066325F73746174757300000067656E5FB1
:10DB40006F6E6F6666325F676574000067656E5F53
:10DB50006F6E6F6666325F736574000067656E5F37
:10DB60006F6E6F6666325F7365745F756E61636B4F
:10DB70000000000001820000000000007A3C00006C
:10DB80000282000002000000503D000003820000FD
:10DB900002000000FE3C0000000000000000000049
:10DBA0000000000074746C3A203078253032782000
:10DBB0006473743A20307825303478207273736936
:10DBC0003A2025640000000067656E5F6F6E6F6627
:10DBD000665F7374617475730000000067656E5F43
:10DBE0006F6E6F66665F67657400000067656E5FE5
:10DBF0006F6E6F66665F73657400000067656E5FC9
:10DC00006F6E6F66665F7365745F756E61636B00E0
:10DC10000182000000000000DC3E000002820000E3
:10DC200002000000B23F000003820000020000007A
:10DC3000603F000000000000000000000000000045
:10DC40006D65736820686561642066696C65206530
:10DC500072726F722E2E2E00684100008441000007
:10DC6000424100003E41000003040010000000009B
:10DC70000A140060000106051401030708010200F0
:10DC8000C00002003C003C000200020401041E002F
:10DC900002000000500000002C01000064000A0097
:10DCA00000000000D6BE898E25262700746D325FE5
:10DCB000617474725F67657400000000746D325F98
:10DCC000617474725F73657400000000746D325F7C
:10DCD000617474725F7365745F756E61636B00006D
:10DCE000746D325F617474725F636F6E6669726DBA
:10DCF00000000000746D325F617474725F74726151
:10DD00006E730000696E64325F7374617274000038
:10DD10006164765F696E64325F73656E64000000F3
:10DD200073656E645F6C6564325F696E64696361BC
:10DD30007465000073656E645F616E676C655F613A
:10DD400075746F5F4C525F696E64696361746500DE
:10DD50004E554C4C2062756600000000556E6162A5
:10DD60006C652073656E64206D6F64656C206D65F5
:10DD7000737361676520286572723A256429000013
:10DD80000000000000000000EC4300000000000064
:10DD9000556E61626C652073656E6420696E64699E
:10DDA0006361746520286572723A25642900000059
:10DDB0007372633A20307825303478206473743A73
:10DDC000203078253034782074696420307825300C
:10DDD000327820727373693A20256400617474721A
:10DDE0005F74797065A3BA307825303478200000EC
:10DDF000A801D000000000006C430000A801D10081
:10DE00000000000000430000A801D2000000000054
:10DE100094420000A801D500010000000E4200005D
:10DE2000A801CF0000000000B84100000000000081
:10DE30000000000000000000746D5F617474725F88
:10DE400067657400746D5F617474725F73657400EC
:10DE5000746D5F617474725F7365745F756E616316
:10DE60006B000000746D5F617474725F636F6E6647
:10DE700069726D00746D5F617474725F7472616E4B
:10DE8000730000006F6F625F6B65795F67656E6539
:10DE90007261746500000000696E645F7374617282
:10DEA000740000006164765F696E645F73656E6420
:10DEB0000000000073656E645F6C65645F696E648A
:10DEC000696361746500000073656E645F6C65640E
:10DED0005F636F6C6F725F696E6469636174650024
:10DEE0002C000000556E61626C6520557064617491
:10DEF000652053686132353600000000556E61625E
:10DF00006C652047656E6572617465207368613267
:10DF100035362076616C756500000000A8010000B0
:10DF2000FB8B9100503DEB782836310E8F9BE21E23
:10DF30002D34E02D106EDE2F939B000000000600B4
:10DF4000303132333435363738396162636465666F
:10DF500000000000617474725F74797065A3BA3058
:10DF6000782530347820A3BA307825303478000012
:10DF7000A801D00000000000B4490000A801D100B1
:10DF8000000000002A490000A801D20000000000A3
:10DF900094480000A801D500010000000E480000D0
:10DFA000A801CF0000000000B847000000000000FA
:10DFB0000000000000000000FE4F00009854000028
:10DFC000DB2A0000DC2A000002000000D0DF010094
:10DFD00027180000DD2A0000DE2A000002000000F1
:10DFE000E4DF010028180000292A2B244D4553485E
:10DFF0005F4C49425F56312E373900000000000067
:10E0000068650000506500000000000014E0010099
:10E0100000000000D46A0000A46A0000B26A000098
:10E020000000000000000000106F00000000000071
:10E03000020000000F0000003E7700000B8000008F
:10E04000010000001A7700000E80000001000000AF
:10E05000F67600001180000001000000D27600007A
:10E060001480000001000000AE760000288000004F
:10E07000020000005676000044800000030000000B
:10E080001A76000003800000040000006E77000094
:10E090003E80000007000000F475000019800000B9
:10E0A0000C000000807500001F80000007000000C9
:10E0B0005C7500003C80000009000000AC740000AA
:10E0C000060000000A0000003E7400002E800000E0
:10E0D00005000000EC730000258000000100000036
:10E0E000B67300004A800000000000008A73000040
:10E0F000488000000400000040730000178000000A
:10E1000004000000F87200004C80000005000000D0
:10E11000447200004E800000070000008C71000077
:10E120000280000003000000EA7000002A80000066
:10E1300005000000367000002C8000000700000081
:10E140007E6F0000000000000000000000000000E2
:10E1500000000000000000007082000000000000CD
:10E160000880000001000000F489000000000000A9
:10E170001300000022A200000100000013000000B4
:10E180009AA100000080000003000000FAA2000035
:10E190000180000002000000929F00000980000042
:10E1A00000000000DA9400000A8000000100000076
:10E1B0004E9400000C80000000000000AC960000AF
:10E1C0000D80000001000000269600001280000073
:10E1D000000000007E950000138000000100000098
:10E1E000969500002380000000000000A49200002B
:10E1F000248000000100000034920000268000000E
:10E2000000000000DE9300002780000002000000F4
:10E2100030930000188000000400000074890000A2
:10E22000030000000B000000969A00001A80000016
:10E2300018000000989900001B80000006000000F4
:10E24000A68700002080000014000000E28C00007F
:10E250001C80000006000000CE8600002180000027
:10E2600014000000A28B00001E80000006000000C9
:10E27000889D00002280000014000000989C00008F
:10E280001D80000004000000EA9B000029800000BF
:10E2900004000000588100002B80000006000000F0
:10E2A0001E8000004080000012000000307F00004F
:10E2B0004580000012000000507E000041800000F8
:10E2C000020000003CA400004280000000000000AA
:10E2D000EE9E00004680000002000000167900005B
:10E2E0004780000003000000847D00003D800000A6
:10E2F00006000000C48500003F800000060000000A
:10E30000AC9800004B8000000400000090840000E6
:10E310004D8000000600000090840000498000004D
:10E32000000000008E7C00000F8000000000000054
:10E33000687800001080000001000000C883000021
:10E340002D80000002000000DC7B00001580000032
:10E3500002000000D07800001680000003000000DA
:10E36000FE7A00003880000000000000547A0000AF
:10E370003980000009000000568E00003A8000003D
:10E3800000000000609000003B80000005000000DD
:10E390007890000000000000000000000000000075
:10E3A0000E8E000000000000696431323801000068
:10E3B000736D6B3200000000736D6B330000000062
:10E3C000736D6B34000000007072636B000000001E
:10E3D00076746164000000000091E3720796E475B2
:10E3E0000E9FED7C0998EA7B1C8DFF6E1B8AF869F5
:10E3F0001283F1601584F66738A9DB4A3FAEDC4D25
:10E4000036A7D54431A0D24324B5C75623B2C05154
:10E410002ABBC9582DBCCE5F70E1930277E6940504
:10E420007EEF9D0C79E89A0B6CFD8F1E6BFA8819B4
:10E4300062F3811065F4861748D9AB3A4FDEAC3DE4
:10E4400046D7A53441D0A23354C5B72653C2B02114
:10E450005ACBB9285DCCBE2FE0710392E7760495C4
:10E46000EE7F0D9CE9780A9BFC6D1F8EFB6A188974
:10E47000F2631180F5641687D8493BAADF4E3CADA4
:10E48000D64735A4D14032A3C45527B6C35220B1D4
:10E49000CA5B29B8CD5C2EBF900173E2970674E584
:10E4A0009E0F7DEC99087AEB8C1D6FFE8B1A68F934
:10E4B000821361F0851466F7A8394BDAAF3E4CDD64
:10E4C000A63745D4A13042D3B42557C6B32250C194
:10E4D000BA2B59C8BD2C5ECF000000000000000020
:10E4E000ACC40000000000000500000003000000B4
:10E4F0006EC50000040000000300000070C40000AE
:10E50000378000000100000038C5000007800000CF
:10E510000100000004C50000000000000000000031
:10E5200000000000000000000000000074C80000AF
:10E5300000000000318000000200000032C800002E
:10E540002F80000002000000E2C7000030800000C1
:10E550000200000002C7000032800000030000003B
:10E560009AC700003380000003000000CAC6000004
:10E570003480000000000000BEC6000035800000AE
:10E5800001000000A6C60000368000000100000067
:10E59000D6C50000048000000000000054C6000042
:10E5A0000580000001000000F4C9000006800000A2
:10E5B00001000000DCC900000000000000000000B5
:10E5C000000000000000000072CE0000FECD000040
:10E5D000000000006E6B626B000000006E6B696BE8
:10E5E000000000002F4E6F64652F257800000000AA
:10E5F00000070E091C1B1215383F363124232A2D23
:10E600002F566E642F25782F257300002F536967CE
:10E610002F25782F257300006461746100000000CD
:10E62000ECE6010076EA0000F0E60100DAEA00001C
:10E63000F4E60100A8E90000F8E6010060F000003F
:10E64000FCE60100A0EF000004E70100F0EE00008E
:10E650000CE7010026E7000014E701005CE9000078
:10E6600018E70100BCFD00001CE70100A6FD00004A
:10E6700020E701006EEE000024E70100FAED000043
:10E680006C080100000000004C07010000000000C1
:10E690002F4170704B65792F257800002F4E6574DF
:10E6A0004B65792F257800002F4E6574000000001F
:10E6B0002F4956002F536571000000002F4842502B
:10E6C000756200002F436667000000002F56612F1F
:10E6D0002578000062696E640000000073756200B6
:10E6E000707562002F52504C2F2578004E657400D3
:10E6F000495600005365710052504C004E65744BF2
:10E70000657900004170704B657900004842507592
:10E71000620000004366670053696700566E64003C
:10E72000566100004E6F646500000000010204089D
:10E730001000000001020408640F01000000000046
:10E740000A00000064000000E80300001027000039
:10E75000A086010040420F008096980000E1F50578
:10E76000D627010001030000F6230100010000008C
:10E77000AA1C010001000000441901000000000073
:10E780007072736B000000007072736E0000000006
:10E790007072646B00000000AE1301000100000005
:10E7A000442501000B000000BA2401000500000010
:10E7B000B8210100400000008A2101000000000093
:10E7C0005621010010000000EA1E010010000000A8
:10E7D0008C1D0100210000009029010000000000B4
:10E7E000D628010001000000B2370100A437010063
:10E7F000982F8A4291443771CFFBC0B5A5DBB5E9AC
:10E800005BC25639F111F159A4823F92D55E1CAB1F
:10E8100098AA07D8015B8312BE853124C37D0C55AD
:10E82000745DBE72FEB1DE80A706DC9B74F19BC1F5
:10E83000C1699BE48647BEEFC69DC10FCCA10C24E5
:10E840006F2CE92DAA84744ADCA9B05CDA88F976C9
:10E8500052513E986DC631A8C82703B0C77F59BF33
:10E86000F30BE0C64791A7D55163CA06672929145F
:10E87000850AB72738211B2EFC6D2C4D130D3853FC
:10E8800054730A65BB0A6A762EC9C281852C7292BE
:10E89000A1E8BFA24B661AA8708B4BC2A3516CC7EC
:10E8A00019E892D1240699D685350EF470A06A1025
:10E8B00016C1A419086C371E4C774827B5BCB03474
:10E8C000B30C1C394AAAD84E4FCA9C5BF36F2E6812
:10E8D000EE828F746F63A5781478C8840802C78CA1
:10E8E000FAFFBE90EB6C50A4F7A3F9BEF27871C6A4
:10E8F0000000000000000000000000000000008791
:10E9000043483539785F424C455F4C49425F563148
:10E910002E342E3400000000000102020303030322
:10E92000040404040404040405050505050505059F
:10E93000050505050505050506060606060606067F
:10E940000606060606060606060606060606060667
:10E95000060606060606060607070707070707074F
:10E960000707070707070707070707070707070737
:10E970000707070707070707070707070707070727
:10E980000707070707070707070707070707070717
:10E9900007070707070707070808080808080808FF
:10E9A00008080808080808080808080808080808E7
:10E9B00008080808080808080808080808080808D7
:10E9C00008080808080808080808080808080808C7
:10E9D00008080808080808080808080808080808B7
:10E9E00008080808080808080808080808080808A7
:10E9F0000808080808080808080808080808080897
:10EA00000808080808080808080808080808080886
:10EA100008080808080808080000000000000000B6
:10EA200000000000000000000000000000000000E6
:10EA300000000000000000000000000000000000D6
:10EA400000000000000000000000000000000000C6
:10EA500000000000000000000000000000000000B6
:10EA600000000000000000000000000000000000A6
:10EA70000000000000000000232D302B20000000CB
:10EA8000686C4C006566674546470000303132339C
:10EA9000343536373839414243444546000000009A
:10EAA0003031323334353637383961626364656604
:10EAB0000000000000000000E62E0000A24500005B
:10EAC0008C450000503DEB78283600007C4B000060
:10EAD000664B000003280000022900000028000007
:04EAE000C01C002036
:10EAE400E825002000000C00E825002000000000BC
:10EAF40000000000000000000701070100000300FF
:10EB04000000000000000000000000000000000001
:10EB140000000000000000000000000000000000F1
:10EB240000000000000000000000000000000000E1
:10EB340000000000000000000000000000000000D1
:10EB44000000000003010000541A0020E01A002015
:10EB54000000000001010000341A0020C01A002047
:10EB640000000000000000000000000000000000A1
:10EB740080190020000000000000000000000000D8
:10EB84000000000000000000000000000000000081
:10EB94000000000000100000000000000000000061
:10EBA400281D0020A025002074DB010000000000C7
:10EBB4000000000000000000000000000000000051
:10EBC400241D00209425002060E1010050E1010093
:10EBD400901900200200000000000000001A00202C
:10EBE400301D0020DC25002034E5010024E501006F
:10EBF400B825002000100000000000000000000004
:10EC04002C1D0020AC25002010DC010000000000B9
:10EC140000000000F425002000004100F42500203D
:10EC24000000A8010000000000000000341D0020C6
:10EC3400EC360020F0DD010080DD01000000000062
:10EC44000000A8010000000000000000381D0020A2
:10EC5400CC37002070DF010000000000000000003D
:10EC64000410041002000000DCEA010001000000AE
:10EC7400C8DF010002000000D4EA01000100000026
:10EC8400001B002002000000C0DF010002000000A1
:10EC94000000000002000000D4EA010001000000AE
:10ECA400011B002002000000C4DF0100000000007E
:10ECB4000000000002000000D8EA01000300000088
:10ECC400E437002002000000DCEA0100010000003B
:10ECD400DCDF010002000000D4EA010001000000B2
:10ECE400021B002002000000D4DF0100020000002B
:10ECF4000000000002000000D4EA0100010000004E
:10ED0400031B002002000000D8DF01000000000007
:10ED14000000000002000000D8EA01000300000027
:10ED2400F437002000000000000000000000000094
:10ED34005555550024BE00000000000000000000EE
:10ED4400000000008CD7010000000000C6FB00009A
:10ED54009CE700000000000000000000000000002C
:10ED640088100100FF000000081C0020081C00207F
:10ED740008200001FFFFFFFFFFFFFFFFFFFFFFFF72
:10ED8400000000000000000000000000010000007E
:10ED9400FFFFFFFF512563FCC2CAB9F3849E17A786
:10EDA400ADFAE6BCFFFFFFFFFFFFFFFF000000001E
:10EDB400FFFFFFFF96C298D84539A1F4A033EB2D8D
:10EDC400817D0377F240A463E5E6BCF847422CE179
:10EDD400F2D1176BF551BF376840B6CBCE5E316BBD
:10EDE4005733CE2B169E0F7C4AEBE78E9B7F1AFE81
:10EDF400E242E34F4B60D2273E3CCE3BF6B053CCCD
:10EE0400B0061D65BC86987655BDEBB3E7933AAA68
:10EE1400D835C65A64590100AC580100BC560100EB
:10EE24000000000038EA010058EA010018EA010075
:10EE340000000000000000000000000000000000CE
:10EE440000000000000000000000000000000000BE
:10EE540000000000000000000000000000000000AE
:10EE6400000000000000000000000000000000009E
:10EE7400000000000000000000000000000000008E
:10EE840020420020FFFF0000FFFF0000FFFF000002
:10EE9400FFFF0000FFFF0000FFFF0000C3812F0100
:08EEA400C01C0020000000006A
:00000001FF
