:040000006F20000667
:10000400000000000000000090000020AA02002070
:10001400A9BDF9F560030020000000000000000005
:100024006003002090000020000000000000000099
:10003400900000200000000090000020000000005C
:1000440090000020900000209000002090000020EC
:10005400900000200C080020900000200000000008
:1000640090000020900000209000002090000020CC
:10007400C603002090000020900000209000002083
:1000840090000020900000209000002090000020AC
:1000940001A0B7F707000111944B13078008F33749
:1000A400078093F787083EC20F100000B71700407F
:1000B4001308700523800705930580FA2380B7048D
:1000C4000F10000003C6B7041376F60DA385C7040A
:1000D400238007041246732606800F10000013764F
:1000E400050255CEF336078093F6860836C40F1002
:1000F4000000238007052380B7040F100000B70613
:1001040014007D89558D88C701000100010001009C
:1001140023800704A246F3A606800F10000073375D
:100124000780137787083AC60F100000238007055D
:100134002380B7040F1000000F1000003727004081
:1001440093061005A303D78023800704B247F3A7BF
:1001540007800F10000093078008F3B7078093F718
:1001640087083ECE0F100000B71700401307700534
:100174002380E704130780FA2380E7040F100000AC
:1001840003C7B70413670708A385E704238007049C
:10019400F247F3A707800F100000056182801376F1
:1001A400050459C2733607801376860832C80F10C7
:1001B4000000238007052380B7040F1000003706D2
:1001C4001400130606047D89518D88C701000100BF
:1001D40001000100238007044246732606800F10A5
:1001E400000073370780137787083ACA0F1000009E
:1001F400238007052380B7040F100000A54793F65A
:10020400F60F639EF600B727004013073005A3835B
:10021400E780B717004023800704D2470DBFB727F4
:10022400004013072005E5B7733707801377870865
:100234003ACC0F100000238007052380B7040F1069
:10024400000098471367070C98C723800704E24708
:10025400FDBD0111814601468145114506CE91241B
:1002640093078008F3B7078093F787083EC60F10FB
:100274000000B7170040130770052380E704130735
:1002840080FA2380E7040F10000003C76704136794
:1002940017002383E70423800704B247F3A70780EA
:1002A4000F100000F2400561828041118146014631
:1002B40081451145FD2213078008F337078093F722
:1002C40087083EC40F100000B717004013067005DE
:1002D4002380C704930680FA2380D7040F100000FC
:1002E400FD552396B70223800704A245F3A5058094
:1002F4000F10000073370780137787083AC60F1072
:1003040000002380C7042380D7040F10000003C714
:100314006704136717002383E70423800704B247A5
:10032400F3A707800F10000001A0BD473305F502B5
:1003340001007D1575FD8280411122C426C206C6C6
:10034400AA84014463179400B240224492444101B8
:10035400828005041305803E4204C13F4180DDB71D
:100364009305000273A04580824573901534924032
:100374002242B2424243D2436244F244025592556D
:100384002256B2564257D2576258F25806499649F5
:10039400264AB64A464BD64B664CF64C065D965DED
:1003A400265EB65E465FD65F096173002030411158
:1003B400B7170040985F3AC6945F3247E39CE6FE65
:1003C400324541018280B717004013070003238898
:1003D400E702854723A0F18A73002030411106C645
:1003E400EF008079F5BF2303048015472303E480DD
:1003F40001002302A480828083076480E3CE07FE89
:1004040023030480828083076480E3CE07FE0345D0
:100414004480828083076480E3CE07FE2302A480A5
:100424008280411126C44AC24EC006C61377F50B1A
:10043400AD47AA892E8995446306F70019456537A7
:10044400653F8D444E854537FD59FD14639834014D
:10045400B240A244124982494101828013550901E4
:100464001375F50F453F2209CDB7011126CC06CEF1
:10047400B704080051371545BD37713769372AC6A7
:10048400A53F32459377150089EB13651500137565
:10049400F50FF240E24405618280FD14E9FC014558
:1004A400CDBF397126DC4ADA4ED852D656D45AD248
:1004B4005ED006DE62CE66CCB7E700E07D5783AA45
:1004C400070022C603AA470023A0E71823A2E718BF
:1004D400B7170040130770052380E704130780FA59
:1004E4002380E70483C74704930B75FFB684E207B0
:1004F40093FBFB0F8546AA892E8B32893724004053
:10050400E187015763FA76016308D500894613072A
:1005140000026313D5000157D98F93F7F70FB71C67
:1005240000402382FC0411472303E4801305F00FE9
:100534005D3D094CD135636D7C11B7050700DA9533
:1005440037870700795563F2E504B3879500636E36
:10055400F702370B0800A94733EB65016399F906E5
:1005640089E48144513D26850DA0DA850945553D30
:1005740005090345F9FFFD14050B693D81C4937713
:10058400FB0FFDF7DD3569FD7D55B71700401307F7
:1005940070052380E704130780FA2380E70403C768
:1005A4004704418B2382E704F250B7E700E023A01D
:1005B400571123A24711E25432445259C259325AB4
:1005C400A25A125B825B724CE24C21618280A54785
:1005D4006395F90685691309F00FB3069900B3749E
:1005E4002B01B6941349F9FFB3749900856B3379E1
:1005F4006901416B9387F9FFB3F7270199E363FC22
:10060400340193D94900C147E3E637FF99BF05692F
:10061400C1697D19D9B71305800D63886901130574
:1006240000026384790113051008CA85DD3B353D5A
:1006340021DD4E99B3843441D9B7DA852D45D533BC
:10064400CA94E30099F205097D3BA30FA9FED5BF27
:100654009387F9FF93F7F70F6361FC0C83C71C04BE
:1006640013073008631FF70437070800636BEB04B4
:10067400B3079B00B706100063F5D704334BEB00B8
:1006840089476393F9068980D549E38C04ECDA85BC
:100694000945413B11090327C9FF91472320E48001
:1006A40003076480E34E07FE23033481FD17EDFB4B
:1006B400FD14110B81C49377FB0FE9FF7D3371F5B2
:1006C400E1B5B717004003C75704B707080013770D
:1006D400070219E3B78707007955E378FBEA330784
:1006E4009B00E3FFE7F855B58547E382F9F2DA8525
:1006F4002D45053B9389F4FFE38504E6293393F7FD
:10070400390091EB832604800327090093074900ED
:10071400E39AE6E43E89CE84F1BFB5476396F900D7
:100724001305900BC93135BDB1471305B00AE38BEE
:10073400F9FE99476391F904B7050800B365BB0056
:100744002D45C53181448D4BA1497539639674019A
:10075400832704802320F9008504E39834FF83274A
:10076400048013172B01635507002312F900D5BB2E
:100774002322F900FDB39D476399F90281451305CE
:10078400B0044531BD442320090023220900FD594A
:100794009D3993F77400CA9703C70700FD14398D78
:1007A4002380A700E39634FF6DBBA1476392F9044D
:1007B4006D398144630D0B008D479304C0036308B6
:1007C400FB009304000563048B0193044004137538
:1007D400C507E30895D8194539313939054521311B
:1007E40026850D3909453D314931E31C05D669BBE0
:1007F40091476399F90013056006F536F53E130534
:1008040090090DB7E38F09D4F154A9BB197106C23D
:1008140012C416C61AC81ECA22CC26CE2AD02ED27C
:1008240032D436D63AD83EDA42DC46DECAC0CEC22C
:10083400D2C4D6C6DAC8DECAE2CCE6CEEAD0EED25C
:10084400F2D4F6D6FAD8FEDA938581898841E70096
:10085400050092402242B2424243D2436244F244EF
:10086400025592552256B2564257D2576258F25800
:1008740006499649264AB64A464BD64B664CF64C30
:10088400065D965D265EB65E465FD65F09617300BF
:100894002030B7E700E09843B706200023A0D7181C
:1008A400758F0F10000001C599C1814711E6B7E7A4
:1008B40000E023A0E7108280B386F50003C8060099
:1008C400B306F500850723800601E317F6FEC5B7D6
:1008D40037E700E01C43B70620002320D718F58F24
:1008E4000F10000019C191C111E637E700E0232081
:1008F400F7108280910503A7C5FF11057D16232EED
:10090400E5FEDDB737E700E01C43B70620002320EF
:10091400D718F58F0F10000001C53307C50011E685
:1009240037E700E02320F71082800505A30FB5FE0A
:10093400E31DE5FEF5B781473307F500030707001C
:1009440019E33E8582808507C5BF37E700E01C4375
:10095400B70620002320D718F58F0F10000001C51B
:1009640099C1014711EA37E700E02320F710054554
:1009740082800507E309E6FE3308E500B386E50057
:100984000348080083C60600E305D8FE37E700E005
:100994002320F710014582809307F6FFBE952A961F
:1009A4006313C5008280FD1583C715000505A30FD9
:1009B400F5FEFDB7AA87014581CF09CE3E9685078E
:1009C40003C7F7FF6317B700E39BC7FE05458280A3
:1009D4008280014582807971973700009387075898
:1009E40022D4804306D626D24AD04ECE52CC56CA02
:1009F4005AC85EC669C037C9C901014B973900009E
:100A0400938949551309F937173A0000130A4A55CF
:100A1400973A0000938A4A4F97340000938404590C
:100A24008357240095E35C44631D0B0017370000D3
:100A34002326F752832BC4002285EF00B02F5E8457
:100A4400A9A82326FB00FDB783A7090082971C44AD
:100A54003307F5406375F500D8401D8F2A9763610D
:100A6400E9089737000023A9074A83552400034562
:100A74000400973000E0E780C0595C405844B9C78F
:100A84000C44D040AE97BE8663E4B70063E4C7006D
:100A9400B386C74014C4228B3A8459F097370000B8
:100AA400938787469C4B09476373F708F9171737F1
:100AB40000002323F746B250225492540259F249BB
:100AC400624AD24A424BB24B4561828063170B00A3
:100AD4009737000023A4E748B1BF2326EB0099BF52
:100AE40003274A021DCF63E1A7043385A740834748
:100AF400040085E3173700000347F7475917B30786
:100B0400A7003E85D44063E4E70063E4D70033855F
:100B1400D74083A70A016376F5009737000023AD19
:100B2400A73E228B404495BFD840BA977DBF9737E4
:100B3400000023A3073E41B79737000093878746F9
:100B44009C4385C3411106C682979737000083C72B
:100B5400474089E79737000023A60744B240410184
:100B640082809737000083C7C73E91E7973700001C
:100B740023AA074282808280411122C417340000D4
:100B84001304443B1C4006C626C24AC091C7829740
:100B94009737000023A0073A9737000083C7975A76
:100BA400858B173900001309A95989CF8347790028
:100BB40019476312F71097370000A3850758F923E4
:100BC4005C4482971C4491C38297973400009384B9
:100BD400A4389840173600000346163397370000B0
:100BE40083C7873293961700BA9683D60600E5C268
:100BF4009737000083C7473163E5C70E9737000076
:100C0400238407301C40639E0714973700009387A2
:100C140067349C4363870714973700009387073929
:100C2400DC43173700002329F72E7533973700006C
:100C340083C7B751639707129737000083C7D7500C
:100C440091CF8347790093F7F70F89EB973700002B
:100C5400A38C074E979001E0E78080F79737000058
:100C640093870730DC53638E070E97370000938712
:100C7400A7299C4BFDC78347790015476363F70E8B
:100C84009737000083C74751918BE1EF97370000F6
:100C940083C7272CF9E790409736000083C6D626F1
:100CA40063C7D70C2244B24092440249410117431E
:100CB40000E06700A397834779001D47E314F7F02A
:100CC40097370000A3800748D1211C48DDBD850764
:100CD40093F7F70F973600002388F622E3E0C7F076
:100CE40001BF86073E9783550700231007009737F7
:100CF4000000239F072497370000938767239C43B2
:100D0400173500000345452013172500BA979C4367
:100D140082979737000083D7A7231737000003472C
:100D2400A71E93C7F7FF7D8D9317170098403E9732
:100D3400835707005D8D2310A7009737000083C7F2
:100D4400A71C91C7850717370000230FF71A173719
:100D540000000347671B9737000083C7F71AE37F38
:100D6400F7E8B24022449244024941018280139739
:100D740017003297035707006DF7850715B737C774
:100D840000408326C720B707FCFFFD17F58F2326F5
:100D9400F72001000100973700009387E716C84F3A
:100DA400832787262326D7206A0593C7F7FF9983CD
:100DB4005D8D8280011122CC604126CA4AC84EC68C
:100DC40052C406CEAA841D4A130965058549BC444C
:100DD4006364F4000545B9A003C7D4008347440005
:100DE400631A470503C784026304F7000040C5B7CC
:100DF4000347540083C75405E31AF7FE1946CA850E
:100E0400130564009936E31335FF0347C40083C711
:100E14009402E31DF7FC0357E40083D7A402E3170D
:100E2400F7FC0145F2406244D2444249B249224AA5
:100E340005618280E31CF7FA0347540083C7540515
:100E4400E316F7FA1946CA8513056400FD3CE31F4F
:100E540035F9C1BF0111973700009387A73F22CC12
:100E640003A4070C26CA06CE2AC42EC6854419E458
:100E74000145F2406244D244056182808347910077
:100E840003471400858B6304F7000044CDB719466B
:100E94009305A100130524004D3CE31895FE054578
:100EA400C9BF0000EFF05FC973000000000000003C
:100EB400973200009382E209038302002380020038
:100EC400630F0300F32510342EC0970500009385AB
:100ED400A5FD73901534EF00E0507300203086DCDC
:100EE400EF004050E65082800000173700001307DF
:100EF400E7241443411122C49C5E4AC006C6998368
:100F040026C2858B3A84173900001309E922D1CB14
:100F1400930700069CDE173700000347C722930798
:100F24000008973400009384A421631BF7008327EF
:100F340009009C4393F70704173700002305F720A3
:100F440083C7040093F707049DC397370000938772
:100F540067009C4382979737000023A1A72083C78B
:100F6400040093F7F70B17370000230BF71C83C714
:100F7400440093F7070495E7854717370000A30358
:100F8400F71C973700009387271E9C4337070200FE
:100F940098C7130700FC973600002385E61A984883
:100FA400F8D318401C5F9183858B8DC31C5F93E736
:100FB40007011CDF973700009387071B9C4323A27C
:100FC4000706854717370000230EF7168327090005
:100FD400D8430583058B19C7D843759BD8C3D84319
:100FE400799BD8C3B2402244924402494101828091
:100FF400ED3D730020309317D50063D30702973774
:101004000000938767169C437D57B8D79737000035
:10101400938787EFDC4F8507173700002324F7F009
:10102400937785009DCB9737000083C7871193E79B
:101034001700173700002306F710930700F8173737
:1010440000002301F710973700009387270F984378
:101054005C57F19B93E717005CD7937715008DC716
:101064009737000083C7D70D93E7170017370000A1
:10107400A308F70C973700009387470C98435C57F5
:10108400F19B93E717005CD79377650095CB937733
:101094004500173700001307A70ACDCB8347070085
:1010A40093E7170017370000230CF7089737000061
:1010B4009387C70898435C57F19B93E717005CD765
:1010C4009317F50063D4070217370000034707207E
:1010D400418B973700009387E71751C383C787076E
:1010E40093E70702173700002302F71E9317E50062
:1010F40063D707029737000083C7C704E207E18775
:1011040063D70700854717370000230DF702973789
:101114000000938767059C433707020098C793171D
:10112400C50063D40702173700000347371A058B3D
:10113400973700009387071229C383C7970793E75C
:10114400270017370000A303F7188280834737006E
:1011540093E7170017370000A305F7FE81BF03C705
:10116400870789463D8B6308D70083C787070D47E8
:10117400BD8BE39DE7F69147B5B703C79707118B7E
:1011840069D783C7970793E7870065BF9737000040
:10119400938787FD944397370000938767FA03C7C3
:1011A4000700058B11CB97370000238D07F897377D
:1011B4000000A38907F8828003C71700058B65F731
:1011C400F85271FF83C75700DDB7173700001307C4
:1011D400E7F603280700832788039583858BADEF03
:1011E40011C683270803BD832300F6009DC61C4354
:1011F400985B4607935767016356070093E707C058
:10120400C207C18303970600C207C18709C7BA97FB
:101214000947B3C7E7022390F6008DCD8345150037
:1012240095C99737000083C707F293F7070413871C
:101234009500894585C33A95834705000547994537
:1012440093F6F7066398E600E207E187814563D3E6
:101254000700B9452E8582808545EDBF411122C422
:1012640006C626C217340000130404F045E11440F6
:101274002E87FC52FDFF97370000238407EC973735
:1012840000009387E7CDD453BE8495C6B7E700E04A
:10129400B706200023A0D728B7F700E083A607D11C
:1012A400ED9A23A8D7D083A607D193E6860323A873
:1012B400D7D0730050103A85B285978001E0E7805B
:1012C400807897370000938767E79C43B7068000D0
:1012D4009843558F98C3D857719BD8D79737000038
:1012E400A38207E697370000A38C07E41C40094754
:1012F40098C3DC5085CF37F700E0832707D193E705
:1013040087002328F7D0730050100DA08D47631574
:10131400F50497370000938767E29C43B706800083
:101324009843558F98C3D857719BD8D71440173713
:1013340000001307E7E083472700858B89EB834789
:101344003700858BC9CF97370000238D07DEB24065
:1013540022449244410182808547E319F5FC973782
:1013640000009387E7BFD4533E8795C6B7E700E0F4
:10137400B706200023A0D728B7F700E083A607D13B
:10138400ED9A23A8D7D083A607D193E6860323A892
:10139400D7D07300501014408177FD17D046F18FD9
:1013A400DCC60F1000001440B70702009CC6930768
:1013B40000F8973500002387F5D897370000938706
:1013C400E7D79C439C439D83858B99C793076019FA
:1013D400FCD2D0C65C5339BF9307E01BD5BFFC5287
:1013E400B9FBB5B797370000938707D89C43884764
:1013F400D847798D09C988C79387819403A30700C7
:101404006303030002838280973700009387C7D564
:1014140098438967938707F47CD3973700009387B1
:10142400E7D99C4383A60709139656006358060020
:1014340083A6070913966600634406007453FDF2FD
:1014440082804111B7E700E022C4804337072000BF
:1014540006C6798C23A0E7180F10000011C199E586
:10146400B7E700E023A0871001457DA89307350066
:10147400C207C183F19BC207C18313074003636999
:10148400F702173700001307A7DC084317370000DB
:10149400130787DB14436392A60217370000130770
:1014A40027AC185B55DFC207DD8D054502974DBF9C
:1014B40017370000130787D9C9BF035765002DEB01
:1014C400035745006366F706B306F7402146637C7D
:1014D400D60203280500938687001D8FAA966117FC
:1014E400173600000356A6A22392E60023A00601A5
:1014F4002393060014C12312F500130786FF9736C1
:1015040000002396E6A02313B5009735000083D589
:1015140005A0B387F54017370000231AF79EB7E7F5
:1015240000E023A087102105B240224441018280BB
:10153400084195B7B7E700E08C433707200023A0A4
:10154400E718F98D0F10000001E523A0B710828081
:10155400973700009387C7CF03A30700973700008E
:10156400938787CE83A8070081469A8763F2170D75
:1015740003A807006361F50C636FA80A138787004B
:101584006368E50A03D66700216705076317E60069
:1015940003C7019405072380E19417350000130560
:1015A400A59603D647000357650023930700329797
:1015B40042074183173E0000231BEE94638C6702AD
:1015C40017330000130383C8032303006304F302E7
:1015D40003D366006310030283D7460023A00601E9
:1015E40021073E9621062392C600973700002390D8
:1015F400E792B6879843630D1703973600009386E6
:10160400E6C494426306D7028356670095E283D604
:101614004700035647001843A106B2962392D70009
:1016240098C383576500A107173700002311F78E6D
:10163400B7E700E019BFBE86C2870DBF0327851137
:10164400630407120346E50485466300061241114C
:1016540022C406C68347C5002A8493F7C70F23060E
:10166400F500834597000358C700139585016185EC
:1016740063700609635905060345870093F5F5076A
:10168400A304B70093E527006314D50093E517007E
:101694002306B4005C4389075CC3A30AC400032582
:1016A40004114C430905EFF0CF9E832784110346B0
:1016B4005401D44303D7C700B296118FD4C32396E1
:1016C400E7008947A30DF40003476403973700003C
:1016D40083C7278A6377F7048347C40093E7070126
:1016E4002306F4003DA893E717002306F40075B71A
:1016F4001376F80F635D05020345870093E5270021
:101704006314D50093E517002306B400A30AC400AC
:10171400A30407008547A30DF400832784119C4389
:10172400C5F7B2402244814636854101828093E761
:1017340017002306F400A30AC400A304070003252A
:1017440004114C4342860905EFF0AF9483278411BA
:1017540003465401D44303D7C700B296118FD4C3B0
:101764002396E7008D4745BF8546368582809737A7
:1017740000009387E7C09C43411122C406C6858BB1
:101784002A84C5EF4165130525F5976002E0E780DB
:10179400A0B345C58347A5002315F500832704128C
:1017A400BDE72320A4122322A41285472311F404A5
:1017B400232005008347640154412316F5000347A1
:1017C400D4002304E5000547A304E500173700000F
:1017D4001307079758531385170215811C437D156A
:1017E4001375F50F9CC25C43DCC21C479CC65C4766
:1017F400DCC61C4B9CCA5C4BDCCA1C4F9CCE5C4FA9
:10180400DCCE19CD9386060213070702C1BF8327D6
:10181400441288C3835724042322A412850779B76A
:101824009737000083D787A385071737000023174E
:10183400F7A2B2402244410182808347C4002309B5
:101844000400054593C747002306F400DDB783472A
:10185400850193F7E70FD5EF83479501DDEB034649
:1018640025018346C50009CA83456503172700007F
:101874000347377063E7E50013F7060141CF0147DB
:1018840009C6C18A0357651C81C68356A51C3697B1
:1018940051C31307C712172500000355A571B335AB
:1018A400A70237460F00411113060624814622C4BD
:1018B40026C206C67D543305A70297A002E0E7803E
:1018C400208E9727000083C7176BB384A700973730
:1018D40000009387279803A787098327070963F3E1
:1018E40087003E84184375FB97270000938787661B
:1018F4009C43829781476364A400B307A440B24029
:101904002244B3B7970093C7170092443E85410120
:10191400828081473E858280973700009387C78401
:1019240098433C5BFDFF010001008280011122CC41
:101934004AC84EC606CE26CA52C456C25AC0034727
:10194400B50085472A842E89832905096311F72662
:1019540083570508835AC503172A0000130A0A652A
:10196400172B0000035B0B6563FB572183460501BE
:101974006397E62003278511631307200327450A8D
:10198400631F071E8346F5001D47639AE61E03473F
:101994001401B38AFA4013950A01418121CF937748
:1019A400170099CB8357E40583560404958F63D5B8
:1019B400A7001395070141819377270099CB83579B
:1019C400E41283560404958F63D5A7001395070189
:1019D40041819377070199CB8357C4148356040438
:1019E400958F63D5A700139507014181218B11E3DE
:1019F40011E105450357A4039307204E83244409AA
:101A04003305A70237460F00814613060624330523
:101A1400F5029727000083C70756B3549502B335E0
:101A2400AB02BE94C204C180231394083305AB02F5
:101A3400979002E0E780C076B307350133B5A7007D
:101A44002E953E8783264A0019E163E4D700338745
:101A5400D740B3846403B7460F009387F623938675
:101A640006242320E900A697B3D7D702D69763624A
:101A7400F7101D8F2320E900972900009389894DD1
:101A840083A7090083240900829763E5A4123385A0
:101A9400A4406354050C83A7090082970327090017
:101AA4006361E512198D8357E40317270000035778
:101AB40067508E07B387E70213070032938707192D
:101AC400B3D7E70263E7A710374A0F00130BFA23D3
:101AD400972A0000938A8A4D130A0A248357040420
:101AE40085072310F4048347041499E322855922BB
:101AF4002285974002E0E780A07075E983260409F7
:101B04008327C40803A74A00B6973E8563E4D70039
:101B140063E4E7003385E7408347F40183546408B2
:101B24002328A4088507A30FF4009727000083D770
:101B34006748B384F402DA94B3D444036368950C1D
:101B4400B304954083A7090023209900829763E397
:101B5400A40C3385A440E34305F89727000083C70A
:101B6400974163E7A7089727000023A587780145D5
:101B740041A083264A00B387F6403E97E5BD8354CF
:101B8400640837470F009307F723B3846403BE94B4
:101B940093070724B3D7F40263E7F900B387F94046
:101BA4002320F900D1BD03274A00BA99C5BF23A059
:101BB4003501D9B5972700009387473FDC43BE948E
:101BC400F9B5972700009387673EDC43998F3E95CC
:101BD400D9BDA1452285974002E0E780405BA3057B
:101BE400A402972700009387A7379C5B81EF7D555C
:101BF400F2406244D2444249B249224A924A024BD8
:101C040005618280894515458297D5B7B30497400D
:101C1400AA940DBF83A74A00BE9425BF39C90111F8
:101C24006C0022CC06CE2A8411331DCDFD576302ED
:101C3400F502B2479725000083C5F53363EFB7007B
:101C440003459402B385B7402EC6972000E0E78091
:101C5400E053F240624405618280172700001307B5
:101C6400E7345843BA97E9BF975002E0E780C016BB
:101C7400CDB78280797126D206D622D44AD04ECEF0
:101C840052CC56CA5AC85EC68347550303447513DB
:101C9400AA843E941374F40F9307400263F68700FA
:101CA4001304B4FD1374F40F03AA841383AAC41396
:101CB400A38B841222865285D685979002E0E78012
:101CC400A048058915E503CBD41201498149337B2A
:101CD4006403930B50024A865285D685979002E09E
:101CE400E7808046058915C5639169031374F90F6C
:101CF400238B8412B250225492540259F249624AFC
:101D0400D24A424BB24B456182808509E20993D99C
:101D140089410509E31179FDE1BF8327850903564C
:101D24000504797193D60701BD8EC206C182358E32
:101D34001357764093575640898B058B5D8F935785
:101D44003640918B5D8F93571640A18B5D8F93170F
:101D54001600C18B5D8F9317360093F707025D8FD2
:101D6400931756009355860093F707041E065D8F5C
:101D74001376F60F518F93D7554013D63540118AF9
:101D8400898BD18F13D67540D18F13D61540218AF4
:101D9400D18F13961500418AD18F1396350013768F
:101DA4000602D18F13965500137606049E05D18F33
:101DB40093F5F50FCD8FA20745465D8F3307C70214
:101DC40022D42A8426D252CC56CA032A8413832AC4
:101DD400C4135AC806D636974207418393577740AF
:101DE400135557400989858BC98F1355374011897D
:101DF400C98F135517402189C98F131517004189BD
:101E0400C98F1315370013750502C98F13155700B1
:101E140093558700137505041E07C98F1377F70FB1
:101E2400D98F13D5354013D755401189098B498F64
:101E340013D57540498F13D515402189498F1395C2
:101E440015004189498F1395350013750502498F93
:101E540013955500137505049E05498F93F5F50FE9
:101E64004D8F2207D98FB387C7024AD04ECE5EC6A4
:101E740062C4B697C207C18313D7774013D55740BE
:101E84000989058B498F13D537401189498F13D59B
:101E940017402189498F139517004189498F13955C
:101EA400370013750502498F1395570093D58700A2
:101EB400137505049E07498F93F7F70FD98F13D530
:101EC400354013D755401189098B498F13D5754077
:101ED400498F13D515402189498F139515004189E0
:101EE400498F1395350013750502498F13955500D5
:101EF400137505049E05498F93F5F50F4D8F220741
:101F0400D98FB387C702130650025285D685B69778
:101F1400BD8E93940601C18033F6C402137BF60F81
:101F2400979002E0E780402205890DED8347D412A3
:101F340001498149B3849702130C5002C1804A8637
:101F44005285D685979002E0E78000200589937B2F
:101F5400F90F11C563863403850993F9F90F05094F
:101F6400E31F89FD230B6413B25022549254025987
:101F7400F249624AD24A424BB24B224C45618280BA
:101F84005E8BCDB70111972700009387A72C22CC35
:101F940003A4870C26CA4AC84EC606CEAA841309CF
:101FA4002500854915C083C7140003473400858B79
:101FB4006304F700405CFDB71946930544004A8565
:101FC400EFE0BF98E31835FF2285F2406244D24423
:101FD4004249B249056182804111972700009387E5
:101FE400672722C403A4870C26C24AC006C69304EA
:101FF4002500054901E82285B24022449244024961
:1020040041018280A6851305A402978002E0E7803F
:10201400408AE30225FF405CF1BF4111972700008D
:102024009387472322C403A4870C26C24AC006C64A
:1020340093042500054901E82285B24022449244D4
:10204400024941018280A6851305A401978002E01C
:0C205400E7802086E30225FF405CF1BF1E
:1020600097110020938181C51741002013018179C8
:102070001305400097E5FF1F9385C5F8170600205C
:10208000130606FE63FAC5008322050023A055004F
:1020900011059105E3EAC5FE17B502001305454E8B
:1020A000970500209385C5FB1386018763FAC50059
:1020B0008322050023A0550011059105E3EAC5FE22
:1020C00013850187972500209385052D6377B5003B
:1020D000232005001105E36DB5FEFD42739002BC9F
:1020E0008D4273904280930280087390023097E291
:1020F000FF1F938222F193E23200739052309712C5
:102100000000938222DB73901234730020303D4331
:102110002A876373C3029377F700BDEFADE593762B
:1021200006FF3D8ABA960CC34CC30CC74CC7410787
:10213000E36BD7FE11E28280B306C3408A069702A2
:10214000000096966780A6002307B700A306B70095
:102150002306B700A305B7002305B700A304B70003
:102160002304B700A303B7002303B700A302B700FB
:102170002302B700A301B7002301B700A300B700F3
:102180002300B700828093F5F50F93968500D58DD7
:1021900093960501D58D61B79396270097020000AD
:1021A00096968682E78086FA9680C1171D8F3E96A6
:1021B000E374C3F8A5B7B717004003C777051377D3
:1021C000E70FA38BE704130700F8A38DE7043D474F
:1021D000238CE70413075003A38CE70403C7A70568
:1021E0001377D70F238DE704828041112A83014E94
:1021F000930E407E130F0019930F400663E56E1295
:102200009308001913034006B3781503854E0D4F4C
:10221000A14F337365020D891335150063EFBE12AC
:102220001308F6FF794672984208135808013307DD
:10223000C70213D61700BE0732976146B3F6C6022F
:1022400013068070B386C6023697A166F58F4207E3
:102250005D8FB716004083C7F60293F70708A30304
:10226000F1000346710083C7F60293F70708E39471
:10227000C7FE83477100B716004093F7F70F6388D6
:10228000071293078008F3B7078093F787083EC4C7
:102290000F100000B7170040930670052380D70485
:1022A000930680FA2380D7040F10000023AA0703A7
:1022B00083C6170393E60608A388D7022380070482
:1022C000A247F3A707800F1000001166B717004060
:1022D0007D16D45BC85F93854703A98EF18EF5FA0E
:1022E00093068008F3B6068093F6860836C60F106C
:1022F0000000930670052380D704930680FA23809C
:10230000D7040F10000098C103C717031367070411
:10231000A388E70223800704B247F3A707800F10C2
:102320000000410182807D133368E3039308E016C7
:10233000630E08003368F3039308D016630808009F
:102340009378330093B818009388D81633081E0189
:10235000131E0801135E0E0155B56393E50305488E
:10236000638608000148630303002A887108729895
:10237000FD15131E0801C205135E0E01C18179BD52
:1023800013F8150063F4BF007908D5B713381800A7
:10239000E5BF83C7F60293F70708A303F1000346DE
:1023A000710083C7F60293F70708E394C7FE8347DB
:1023B000710093F7F70FF1DFE9B5914763EEB702CC
:1023C00017A702001307874C8A05BA959C41BA9754
:1023D0008287B717004003A7470B1345F5FF698FA6
:1023E00023AAE70A03A7070B698F23A8E70A03A715
:1023F000070A798D23A0A70A8280B717004083A619
:10240000470B1347F5FFF98E23AAD70A83A6070BBC
:10241000558D23A8A70A83A6070A758F23A0E70A6C
:102420008280B717004003A7470B498F23AAE70A0A
:1024300003A7070B1345F5FF45BFB717004083A659
:10244000470B1347F5FF758F23AAE70A03A7070A6F
:10245000598D4DB7B717004003A7470B498FEDB70C
:10246000B71700408847420541819377050491EBF7
:102470009377F5013755E801130505803345F502DB
:1024800082809377050C130700046397E700937726
:10249000F50137459C1CCDB72165130505D0828019
:1024A000B7F700E08847CC47828081473737004044
:1024B000A14663C4C700328582800345B740E38EDE
:1024C000A6FE3385F5000345050085072304A740D4
:1024D000CDB797070020938767FE9C4317270020FE
:1024E000130787EB3E95636EE5001747002013073F
:1024F00067116368A700170700202321A7FC3E850A
:102500008280FD57EDBF411122C406C62A84893F4F
:102510002947B307E502B2408D83B3D7870222442F
:102520009507B3D7E70237370040C207C1832316A8
:10253000F74041018280716541111305052006C6EF
:10254000D937B7370040130770F82381E7400D47AC
:10255000A381E74013070004A380E74005472387D2
:10256000E740B24041018280CC41411106C632852C
:1025700003C6150083C5050022064D8E42068D65F3
:102580004186138875A2630C060F6348C80413883C
:1025900045A26306060B634AC800938535A263090A
:1025A000B60623900600294679A0138855A2630831
:1025B000060B938565A2E316B6FEC1451D4663EC86
:1025C000E5064546198E63F3C7003E862390C60094
:1025D00097A502009385C52D89A8138895A263004D
:1025E000060F634E060B1388A5A2630A060F938598
:1025F00005A5E318B6FA99451D4663EEE502198E66
:1026000063F3C7003E862390C6009385C18031A83E
:102610009D451D4663E1E5022146198E63F3C7001F
:102620003E862390C60093850187BA9597E0FF1FE9
:10263000E78060260146B240328541018280AD4587
:102640001D46E3EAE5FE3146198E63F3C7003E8678
:102650002390C60097A5020093854529F9B7B14597
:102660001D46E3EAE5FC3546198E63F3C7003E8656
:102670002390C60097A50200938545287DB7C145E4
:102680001D46E3EAE5FA4546198E63F3C7003E8628
:102690002390C60097A502009385C52279B7C1454E
:1026A0001D46E3EAE5F84546198E63F3C7003E860A
:1026B0002390C60097A5020093854525BDB7C14567
:1026C0001D46E3EAE5F64546198E63F3C7003E86EC
:1026D0002390C60097A5020093850520B9B7B5459C
:1026E0001D46E3EAE5F43946198E63F3C7003E86DA
:1026F0002390C60097A502009385851A3DB79706DB
:1027000000209386E6A84146CD4517050020130515
:1027100025956FA080192D453DEF03C5050009479C
:102720006317E5063285D041411106C603471600FE
:102730000346060041682207518F130628FE6308EE
:10274000C7026369E60005186303070323900600C8
:1027500029451DA8130648FE630BC7001518E3178B
:1027600007FF15473E866377F700154621A03E8692
:1027700091C30546CC452390C6004206418297E0AE
:10278000FF1FE78040110145B24041018280239044
:10279000060005458280828083C7850093F7070283
:1027A000DDE7411106C622C403C40500894E2E8808
:1027B0008547631AD40383AE4500B28883C71E00E1
:1027C00083CE0E00A207B3E7D701C16E138F1EFEA2
:1027D0006380E7038D1E6387D7050D681308289073
:1027E00063810707A947B24022443E8541018280A8
:1027F000AD4775FB0547B547E367D7FE0325C8001E
:102800000546C68597E0FF1FE780E00801449387EF
:1028100041899843814761DB184371D7228502972C
:102820008147D1B7AD4761F30547B547E36DD7FAA7
:102830000325C8000546C68597E0FF1FE780A00571
:10284000F9B72244B240854741016F80C049A14792
:102850003E85828041677917630CE502411122C4ED
:1028600006C685472A84639AF50022852244B24031
:102870009385818841016FA0200E89476396F500FA
:102880008545EFC0804975D1B24022444101828024
:102890008280411122C42A844165938581887D15F7
:1028A00006C6EFA0600B170500001305E5FA0588C2
:1028B000EFC0E03D05C02244B24097060020938659
:1028C000E69E4146C545170500201305258D4101AB
:1028D0006F90B07DB240224401454101828009C51C
:1028E00023AAA18801458280454582801147636EF5
:1028F000A70697A602009386A6020A0536951841F8
:10290000411106C63697AE87B285028705476145F5
:10291000639AE70005461385818797E0FF1FE780EC
:1029200080F70145B2404101828005476145E39B44
:10293000E7FE05461385C187CDB705476145E3939B
:10294000E7FE054613850188C9BF05476145E39B3E
:10295000E7FC054613854188C9B715476145E393F0
:10296000E7FC15461385C1884DBF09458280114794
:10297000636AA704AA8717A702001307A7FB8A07A1
:10298000BA979C43411106C6BA972E8582870546A1
:102990009385818797E0FF1FE780E0EFB240014514
:1029A0004101828005469385C187EDB70546938531
:1029B0000188CDB7054693854188E9BF15469385C3
:1029C000C188C9BF09458280411122C42E849385E4
:1029D000818826C206C6AA84EF80A02B058915C16E
:1029E00097F7FF1F9387877B83D7A70BA285B240FA
:1029F0002310F400224426859244014641016F9041
:102A00002006B2402244924449454101828041114E
:102A100093962500AA852D4506C697E0FF1FE780FF
:102A200080A8B240014541018280011122CC06CE2E
:102A30003714004026CA4AC84EC652C4834474059F
:102A4000034AB4058349840503499405EFF0AFF6C2
:102A50008347A40593F4F40F137AFA0F93E7170052
:102A6000230DF40493F9F90F1379F90FB717004008
:102A700003C7A705058B6DFF03D5C705A38D4705C4
:102A8000238C3705A38C2705A38B9704F24062445F
:102A9000D2444249B249224A05618280011193978A
:102AA000050122CC06CEC1872E8463DD0700EF101E
:102AB000201619C1EF10A0092165218DF240624452
:102AC0000561828093F7150013C51500E5FB93F7A8
:102AD000250013C52500FDF39397250163D3070651
:102AE000EF702173B717004003C7E7029306800811
:102AF0001377C70F13671700F3B6068093F686089F
:102B000036C60F100000930670052380D704930685
:102B100080FA2380D7040F1000002387E702238068
:102B20000704B247F3A707800F10000037F6020032
:102B3000130606E0896503C5C189EF10E06C0965DD
:102B4000ADBF939715010145E3DA07F617A502001B
:102B5000130505E4EF80123B13060064916503C57D
:102B6000C189EF10606A116589BF2D71232A911008
:102B7000FD74E98C232C8110232821112326311187
:102B80002A84AE893289930600100A86A6852D45CF
:102B9000232E111097E0FF1FE780E09013154401EA
:102BA00051810A0513962900CA850A9597E0FF1FEF
:102BB000E78060CEA68585660146254597E0FF1F24
:102BC000E780608E0A86A68593060010294597E067
:102BD000FF1FE780408D8320C111032481118324CE
:102BE0004111032901118329C11015618280B7F7B2
:102BF000070003C70701411106C622C426C24AC006
:102C0000A547631AF7009537B2402244924402491F
:102C100001454101828013942500AA843289A2864D
:102C2000AA850146254597E0FF1FE780C087A28659
:102C30004A86A685294597E0FF1FE780C086E9B749
:102C40001D71494697A50200938505D017A502007E
:102C50001305C53586CE97E0FF1FE78040CF01E919
:102C600017A50200130585CFEF80D22901A0B7F682
:102C700000E0795798CAFD57DCCA0567B7E700E05E
:102C800023A0E7101306F00290C223A0E7180F104C
:102C9000000017E7FF1F1307E72123ACE188415726
:102CA000A38AE740130600048145080897E0FF1F48
:102CB000E78080C5970700209387479A3EC88967B9
:102CC00093870780231AF1009D673ECCB707010563
:102CD000938707103ECEED472310F102854723016D
:102CE000F102970700009387C7D2BEC29707000082
:102CF000938727F0BEC48567938757D12312F102CB
:102D0000B7F5070097F7FFFF9387C7793ED881464D
:102D1000970700009387A7D13000E10519453EDCF5
:102D200097D0FF1FE7802078180881479946300028
:102D30003E960346060085070507A30BC700E398E8
:102D4000D7FEC24791C70357410185676373F700F8
:102D500001A08307410263D7070493078008F3B7F4
:102D6000078093F787083EC40F100000B717004094
:102D7000130770052380E704130780FA2380E70414
:102D80000F100000B847B706100013670718B8C740
:102D90009853558F98D323800704A247F3A7078041
:102DA0000F1000000808EF10F030AA8501C917A520
:102DB00002001305E5BBEF80520301A0F640256138
:102DC0008280411117050000130585CD06C622C477
:102DD000EF10902A1384C1892300A4001928034509
:102DE00004002244B24013060032896541016F108D
:102DF000A041797106D613078008F337078093F74F
:102E000087083EC20F100000B717004093057005F9
:102E10002380B704130680FA2380C7040F10000034
:102E200083C6F70293F6D60FA387D7022380070441
:102E30009246F3A606800F100000733707801377C1
:102E400087083AC40F1000002380B7042380C7040A
:102E50000F10000003C7F70213675700A387E702AC
:102E600023800704A247F3A707800F1000008147C3
:102E700001478146054685451305407EEFF0EFB6D4
:102E800068005146814597E0FF1FE780E0A7B7073C
:102E9000C0A83EC8B78732003ECA680097D7FF1F58
:102EA000938727513EC6EF10D054B25045618280BF
:102EB00041111305800406C697D0FF1FE780A01DAF
:102EC000371700408327870A8D451305002093E7B5
:102ED00007202324F70AEFF04FCEEFF0CFE517A538
:102EE00002001305A50CEF80F201993BD93DEFE0FC
:102EF0004143EFE0014AEF00102AEF00A06B97D0AA
:102F0000FF1FE780E04D411117A502001305C5C65C
:102F100006C6EF80826DB2408547A383F18A4101E6
:102F20008280B305B04017A502001305A5CF6F80BE
:102F3000C26B834725003547636CF72617A702004D
:102F4000130747A58A07BA979C43797122D406D6FE
:102F500026D24AD04ECEBA972A84828717A502007D
:102F6000130545B5EF80027A2C0013054030EFD0F1
:102F7000B1722C000545EF50502D014685450D4599
:102F8000EFB00175B5A803C7818AA54763EAE706D4
:102F90000349450093095500814417140020130488
:102FA000E4EB03C5818A63E4A4060E05090519460E
:102FB000CE85229597E0FF1FE780E08D83C5818A4B
:102FC00093973500850593F5F50F1386F5FFA297C6
:102FD0000E062296A38027012384B18A83487600B7
:102FE0000348660083475600034746008346360081
:102FF0000346260017A502001305C5ACEF80E25E6C
:10300000B250225492540259F249456182809395FC
:10301000340089051946A2954E8597E0FF1FE78089
:10302000009379FD850493F4F40FA5BF0504137490
:10303000F40F83C7818A637DF400931534008905FA
:103040001946A6954A8597E0FF1FE780409079DDF5
:1030500083C7818A639E870217A50200130505A90D
:10306000EF80426A014685450D452384018AEFB011
:10307000216617A502001305E5A3EF80A26849B7F2
:10308000014497140020938464DD1389C18155B7EE
:1030900017A502001305C5A6EF80C266971700208A
:1030A0009387C7DB0E04930624003E940346140066
:1030B000BE9681450145EFB0415E0566130606C820
:1030C0009305000803C5E18AEF10001417A502005C
:1030D000130505A45DB79305000803C5E18AEF1049
:1030E000203D83451400B9ED0355A4008947A3840E
:1030F000F18A2391A1828547A383F18A03C6E18ADD
:10310000DD472C002314F100EF60500B1306006420
:10311000A14503C5E18AEF10200F0564130604C81A
:10312000C14503C5E18AEF10200E130604969305EE
:10313000000403C5E18AEF10200D17A50200130556
:10314000259E25BF17A502001305859EEF80E24945
:1031500017A5020013050596EF80C25A2384018A41
:1031600029BDA384018AF9579305000403C5E18AA8
:103170002391F1822383018A2392018A2384018A85
:10318000A383018AEF10C0328345640017A50200B3
:103190001305C59BEF80624517A5020013058591B5
:1031A000EF804256D9BB17A502001305E59BF1B588
:1031B0008280011122CC36C606CE2E84EF00504804
:1031C000B24637460F00130606243376C50291CA6D
:1031D000B28517A502001305E5A332C6EF80E240D1
:1031E000324622856244F240814505616FC0A16F7D
:1031F00081E9B28517A502001305C59A6F80E23EEA
:103200008547639DF50017A502001305E59A09C6D9
:1032100017A502001305459B6F80C24E894763982E
:10322000F50017A502001305259B7DD682808D47EA
:10323000E39EF5FE17A502001305059B71DEB2851E
:1032400017A502001305859B55BF7971939705015A
:1032500026D206D622D44AD0C187AE8463DE071EAA
:1032600003C5E18AEF00D01A2A8415C5034705007B
:103270009307000B631EF70083C7918A09478345B4
:103280004500130985006380E7024A85EF60904C92
:103290002285EF00D00B2165258DB2502254925427
:1032A0000259456182800D476381E50205476390BD
:1032B000E50203478500631AF7028345C5001795A9
:1032C00002001305A570EF804232A383018A0347F1
:1032D00044009307F007631AF7008355840017959D
:1032E000020013052570EF804230834744002D47CC
:1032F0006387E7020547639CE70203478400A9460A
:103300006311D7048345C400179502001305456E69
:10331000EF80A22DA383018A83454400BDB75C449E
:10332000179502001305C56D83C50700D5B74D4736
:103330006393E7029305A005179502001305856EB8
:10334000C1BFC9466316D7028345C4001795020062
:103350001305056C75BF6D47639CE7005C441795CA
:1033600002001305256D83C50700EF8002286DB7A5
:1033700003C7618A55D385466319D7081D47639CE7
:10338000E7028357840085CB5C4417950200130540
:10339000A56B83C5170003C6370003C7070083C7A3
:1033A0002700A2052206D98D5D8E2396B18A23952A
:1033B000C18AEF808223834744001D476395E70459
:1033C00003471400E947E399E7F483D7C18AA9D7F3
:1033D0002314F1009387A18A83D70700094703C606
:1033E000E18A2315F100F977938727102316F1005E
:1033F0002C00FD5703D521822383E18A2307F100A6
:10340000EF60206611BF05477DBF8946E316D7F000
:1034100025476390E7048357840085CF584493057C
:10342000000213060064834717000347070003C523
:10343000E18AA207D98F2392F18AA383018AEF0040
:10344000B05C83D5418A179502001305A562EF8011
:10345000C2192383018AC9B593F7150085C317F6EE
:10346000FF1F130666EC97F5FF1F938525EB03C539
:10347000E18AEFB0E11C13C5140005B593F7050808
:1034800081CB41657D15EFD0916713C5040831B537
:1034900093F7850085CB81572314F1002392018A8D
:1034A0002395018A2396018A854783C6E18A0946C6
:1034B0002C0003D521822383F18AEF60C07813C5E5
:1034C0008400E1BB93F7050191CF13078025814666
:1034D00013064006D14503D52182EFD0D16113C533
:1034E000040165BB93F70502CDC383C7718AA5E7C5
:1034F00003C7418283D7418A03D521822DC7231474
:10350000F1000147854781460546C945231801005A
:103510002315F100EF60E05C2AC615CD9307A005E6
:103520002300F50003C6E18A2C0003D52182EF6059
:10353000C0530DE58547A383F18A83C7418293B7C2
:103540001700130600649305000203C5E18A238275
:10355000F182EF00704B13C5040281B3C945280006
:10356000EF60501FCDBF03C6E18A2C002314F10089
:10357000EF60E04E6DF18547A383F18A83C74182F6
:1035800093B717002382F182F9B793F70504014539
:10359000E38507D003D52182EFD0B1550566130628
:1035A00006969305000403C5E18AEF00F04513C5B4
:1035B0000404E5B1011117050000130545C906CE45
:1035C00022CCEF10602B1384E18A85652300A400D0
:1035D000938505960945EF30E008D1451D45EF304C
:1035E0006008930540062145EF30C007930540066B
:1035F0003545EF30200785470D477000914513058D
:10360000F0402304F100A304F1002305E100A30529
:10361000F10002C6EFC0815430008545130580409B
:10362000EFC0C15313069100854513059040EFC0CC
:10363000E1521306A10085451305A040EFC00152D9
:103640001306B10085451305D040EFC02151EF703E
:10365000A04103450400EF60906D7D55EF507077F9
:103660007D55EF90402C1796020013062643D54552
:103670000145EF50B064034504008545EF00301963
:10368000F2406244056182802A86B305B0401795F6
:1036900002001305A55D6F705275011106CE19C5A4
:1036A0000947630FE500F240056182806C00EFF08E
:1036B0000FAC179502001305A567EF80A204E5B7CC
:1036C0006C00EFF0CFAA1795020013052568F5B737
:1036D00083D7018B6390A7022399B18A239AC18A69
:1036E000239BD18A2E861795020013052556BE8589
:1036F0006F70B26F179502001305C5566F80820078
:1037000003574500011106CE83D7018B631FF702D3
:10371000C167F917894503C5C18223A8F18A23AA85
:10372000018AEF00F058914503C5C182EF0050585F
:1037300085471306F100854513055030A307F100B6
:10374000EFD05109F2400561828017950200130500
:103750006551EF70327BFDB73D897D15954763E17B
:10376000A714179702001307E74C0A053A951C4166
:10377000011122CC06CEBA972E8482872C00130525
:103780004030EFD061712C000545EF50002C1795AB
:1037900002001305254FEF70F276D5A803C7250068
:1037A0009947631CF7002E85A13F83456400179558
:1037B00002001305254EEF705263179502001305A2
:1037C000254FD1BF03C7250095476312F702C16794
:1037D00003D7018BF91703D5A500630FF700EFD0CE
:1037E0001132179502001305A54DEF70B2711795B0
:1037F00002001305654F45B72398A18A83D7E500DA
:103800001306006403C5C1822399F18A83D7050199
:10381000239AF18A83D725018945239BF18AEF00FA
:10382000B01E096613060690A14503C5C182EF00CC
:10383000B01D0566130606C8914503C5C182EF0099
:10384000B01C0356E4008355A4001795020013052D
:103850006548EF70925961BF1795020013058549BD
:103860001DBF83C725001147179502001305054AA0
:10387000E383E7F21947639CE7002E8551358345C2
:103880006400179502001305E540EF701256F240F0
:10389000624405618280179502001305E548E5BD85
:1038A000828001119397050122CC06CEC1872E8418
:1038B00063DD070003C5C182A12E11C1492C21651A
:1038C000218DF24062440561828093F7150085C323
:1038D00017F6FF1F130606A6970500209385055DC2
:1038E00003C5C182EFD0613B13451400D9BF93F7E4
:1038F0002500A9CF13060064894503C5C182EF00E6
:10390000B010930780F82302F100014785478146F4
:103910000546ED4503D5018B2315F100EF60601CD2
:103920002AC615C10356A1004C0097D0FF1FE7809F
:1039300080F62C0003D5018BEFF00F8909C5ED450A
:103940002800EF60206113452400A5BF93F7850090
:1039500085C383C7C182130740068146130640060C
:10396000D14503D5018BEFD0A12E1345840091BF23
:1039700093F745000145B1D703D5018BEFD07117FF
:103980000566130606C8914503C5C182EF00D0073E
:10399000134544003DB77971170500001305A5F0E4
:1039A00006D622D426D2EF00306D9384C182D1474F
:1039B00005442380A400231AF10010089307400651
:1039C000854513055030231CF10023088100EFD0FA
:1039D000616017F6FF1F13062698F1451305703036
:1039E000EFD0415F138601839D4513056030EFD012
:1039F000615E5008894513051031EFD0A15D300894
:103A0000894513052031EFD0E15C930500050D4594
:103A1000EF205045930500051145EF20B0443008D4
:103A2000914513057040230481002306810023087B
:103A3000810002CC230A0100EFC04112300085450D
:103A400013050040EFC0811170008545130510403B
:103A5000EFC0C1105008854513052040EFC001108C
:103A60001008854513055040EFC0410F7D55EF50BC
:103A700050367D55EF80306BEFE07FC87D55EFE02D
:103A80005FE117F6FF1F1306A68BD5450145EF50E2
:103A9000F02289472306F1008D472308F100914762
:103AA000230AF10093878186984383C7470030003B
:103AB000854501453ACC230EF10023048100EFE057
:103AC000FFE2700085450545EFE05FE2100885459F
:103AD0000945EFE0BFE1500885450D45EFE01FE1E6
:103AE000300895451145EFE07FE0C1671387018BF2
:103AF000F9171CC32322070013858182EFE03FDE04
:103B000003C5040085452123B250225492544561D7
:103B1000828023AC05FE1C4191E7010001000CC12D
:103B20008280BA8703A787FF6DFF23ACB7FE828030
:103B3000184183A785FF6319B7001CC1FD5723AC4B
:103B400005FE238FF5FE8280232CF6FEC5BF4111B2
:103B500022C437E400E026C204403707200006C62E
:103B6000F98C2320E4180F10000009E92320941099
:103B70001545B24022449244410182800347E5FF4B
:103B80009307F00F6306F700232094101145D5B773
:103B900097E0FF1FE780409A014523209410D1BF92
:103BA000411126C2B7E400E04AC003A90400B707E8
:103BB000200006C622C43379F90023A0F4180F10A0
:103BC000000009E923A02411B24022449244024992
:103BD000410182809565938505D0C98D2A84210590
:103BE000C2054205C181418197E0FF1FE780A085A2
:103BF00001CDFD5723200500231285002303F50086
:103C000023A024112105C9B723A0241101456DBFAC
:103C10000111B7E700E04AC803A907004EC63707FD
:103C2000200006CE22CC26CAAA893379E90023A037
:103C3000E7180F100000970700209387A72C8043F8
:103C40008144014619E499E8A1654E85EF005006CC
:103C500005A08347E4FF6399370385CCA685170544
:103C600000201305252AE93565D0A1654E85452636
:103C7000F2406244B7E700E023A0271126854249BD
:103C8000D244B2490561828091E02286032484FFF8
:103C900055BFA284E5BF41114AC037E900E022C404
:103CA000032409003707200006C626C2798C23208A
:103CB000E9180F10000089E523208910154515A08B
:103CC000AA849707002083C737242E8563F5F40064
:103CD000894763EE9700A53DB7E700E023A0871072
:103CE0000D45B2402244924402494101828083A79B
:103CF00085FF99E703C7E5FF9307F00F6308F70017
:103D0000B935B7E700E023A087104DBF238F95FE9C
:103D1000170500201305051FED3BA1652685C52C61
:103D200001452320891075BF9707002023AC071C8D
:103D3000828097070020938767229C4399E33E8502
:103D4000828003D727006316B70003C70700E30884
:103D5000A7FEDC47E5B7A5C1011106CE22CC26CAD5
:103D60008147C14633D7F540058B29C312053E95DF
:103D700031473305E5021707002013076722044384
:103D800005443314F4002EC642044180AA949C409A
:103D9000C8408297B24523A0040023A20400A18D4D
:103DA000F2406244D2442E85056182808507E39B00
:103DB000D7FA0144EDB72E858280C9C1797122D42A
:103DC00006D626D24AD04ECE01444147B3D78540CD
:103DD000858BA5C31205314722953305E502970768
:103DE00000209387E71B03A907008544B394840050
:103DF000C204C180BE892A990327090011C703257F
:103E000049002EC60297B24531473304E40283A726
:103E100009003E941C4489E723200900232209005D
:103E2000B2502254A58D02599254F2492E85456113
:103E300082800504E31CE4F88144DDB72E8582808E
:103E40004111B7E700E022C480433707200006C6CF
:103E500026C2798C23A0E7180F10000097070020D6
:103E6000938707109C539384818399C782979C40C2
:103E70003E9523ACA18239A0970700209387870D38
:103E80009C43EDF78840B74703009387D73F33053E
:103E9000F502B7A72600938737ECB24092443E95CF
:103EA00023ACA182B7E700E023A0871022444101A0
:103EB000828001112E8626CAAA8413150601930555
:103EC000F004418122CC06CE32C697D0FF1FE78096
:103ED00080572A8419C53246A68597D0FF1FE780F0
:103EE000809B2285F2406244D244056182807971D0
:103EF000B7E700E022D480433708200006D626D258
:103F00004AD04ECE52CC56CA5AC85EC662C433742A
:103F1000040123A007190F10000005E123A087105A
:103F20000945B250225492540259F249624AD24A87
:103F3000424BB24B224C4561828097070020938709
:103F400067019C43BA8A368AB28B2E8BAA898297E4
:103F5000970700209387C70498433E898144B14660
:103F6000C147338CD40233068701104241EAC16550
:103F7000938505F0414597D0FF1FE780C04C05E1D0
:103F8000970700209387C7FD9C5B81C7814511453A
:103F90008297B7E700E023A087102D4559B7970710
:103FA00000209387A7FB984331E79707002023A7BA
:103FB000A7FA230005008327090005473317970058
:103FC00023260500232475012311E5002322550132
:103FD000E29723A0370123A2670123A457016304BA
:103FE0000A0023009A00B7E700E023A087100145EC
:103FF0000DBF3E875C47F5FF48C765BF8504E39268
:10400000F4F6B7E700E023A08710214519BFB7E712
:1040100000E09843B706200023A0D718758F0F1033
:1040200000009706002083C636EE6373D50217069C
:104030000020130666F29316150008423695835643
:104040000500D58D2310B50023A0E710014582801F
:1040500023A0E7100D458280B7E700E09843B7063C
:10406000200023A0D718758F0F100000970600209E
:1040700083C696E96375D502170600201306C6EDC0
:1040800093161500084293C5F5FF36958356050033
:10409000F58D2310B50023A0E7100145828023A0F1
:1040A000E7100D458280011137E700E026CA04437E
:1040B000B706200006CE22CC4AC84EC652C4F58CA4
:1040C0002320D7180F100000130705FF1377F70FF1
:1040D000FD4763E5E70AB146B306D502970700201E
:1040E000938707EC984336971C43C9CB135A450076
:1040F00005443D893315A4001314050141802E8920
:104100005285A2853D31AA8929CDA2855285A9373C
:1041100097070020938707E49C4382979707002026
:1041200083D747E9338727032A848146130600642F
:10413000B3B7270313050732B335E500BE95EF701B
:10414000E205B307850097060020938626E63E87A2
:10415000D44263E4A70063E4D7003387D74023A4A5
:10416000E900B7E700E023A097100145F240624460
:10417000D2444249B249224A05618280B7E700E051
:1041800023A097100945DDB70111B7E700E026CA63
:1041900084433707200006CE22CC4AC84EC6F98C8D
:1041A00023A0E7180F100000BD4763E9A7043147BB
:1041B0003307E50297070020938787DE9C43BA9771
:1041C0009C438DCF05443314A400420441802E89C2
:1041D0000145A285B93EAA8911C5A2850145AD3D1B
:1041E00023A42901B7E700E023A097100145F2407E
:1041F0006244D2444249B24905618280B7E700E097
:1042000023A097100945E5B779714AD037E900E056
:1042100026D283240900B707200006D622D44ECE2A
:1042200052CC56CA5AC85EC6FD8C2320F9180F100E
:1042300000009707002083C737CD637AF500970702
:104240000020938727D183AB070063970B00B7E764
:1042500000E023A09710A9A0170B0020130B0BD58B
:10426000832A4B00B74736FE938707C82E8A9705E7
:10427000002083D525D4BE9AB387C5022A84B2898B
:104280008146B3B5C50213850732B337F50013066F
:104290000064BE95EF60927063F0AA02232099102B
:1042A0000145B250225492540259F249624AD24A0C
:1042B000424BB24B45618280829B9705002083D59B
:1042C00065CFB38735032A89130600648146B3B5E9
:1042D000350313850732B337F500BE95EF60126CD6
:1042E000B30725013E8903274B0063E4A70063E47D
:1042F000E7003389E740D2852285EFF09FA309C903
:1043000023242501B7E700E023A09710054551BFFE
:10431000936504F0C205C181414597D0FF1FE78036
:10432000801219E997070020938787C39C5B85D388
:10433000A2851145829721BF97070020938707C266
:104340009C4385E79707002023AAA7C0854723261B
:104350000500232425012311450123008500A30026
:10436000F5002322050079BFBA87D84775FFC8C773
:10437000F1BF7971B7E700E026D284433707200008
:1043800006D622D44AD04ECE52CC56CA5AC85EC6A1
:1043900062C466C26AC0F98C23A0E7180F1000003F
:1043A0003DC14144B689B28A2E8A2A89B14C170B85
:1043B0000020130BEBBE054D130C0003B30B94034D
:1043C00003270B005E971C43A5E39375F400B31518
:1043D000BD0013554440C2055686C1811375F50FC3
:1043E000253539C183270B00DE9723A0270123A29F
:1043F00047016384090023808900B7E700E023A018
:104400009710014521A023A097100945B2502254CE
:1044100092540259F249624AD24A424BB24B224C60
:10442000924C024D456182800504E31984F9B7E797
:1044300000E023A097102145D1BF0111B7E700E0AC
:1044400026CA844322CC4AC84EC63707200006CE6F
:104450002A84AE893289F98C23A0E7180F10000056
:1044600065332285CE85EFF0DF8C2A8405C597055C
:10447000002083D525B4B387250313060064814645
:10448000B3B5250313850732B337F500BE95EF604A
:10449000F25048C013351400F2406244B7E700E020
:1044A00023A097104249D244B2490E05056182808B
:1044B0000111B7E700E04AC803A9070022CC4EC6A5
:1044C0003707200006CE26CAAA892E843379E90050
:1044D00023A0E7180F100000EFF0BF85AA8419C1D0
:1044E00023110500A2854E85853E9707002083C7CE
:1044F000A7A1639B37019707002083D767A55D8C31
:1045000097070020239687A4B7E700E023A0271190
:10451000014591E01945F2406244D2444249B24912
:104520000561828001114AC837E900E022CC0324EA
:104530000900B707200006CE26CA4EC67D8C232070
:10454000F9180F1000009307F00263E8A704B147C1
:10455000B304F50297090020938989A483A7090071
:10456000A6979C439DCB9377F5008545B395F500C1
:10457000C205C18111812D3F83A709000145A6977E
:1045800023A0070023A2070023208910F2406244E1
:10459000D2444249B24905618280B7E700E023A0D6
:1045A00087100945E5B74111B7E700E026C284430B
:1045B00006C622C437072000F98C23A0E7180F1085
:1045C0000000EFF00FF719E90145B2402244B7E7C8
:1045D00000E023A0971092444101828097070020B9
:1045E000938747979C4300458297970700209387BE
:1045F000E79B6368A402D843B74636FE938606C895
:104600003305A4403697E371E5FC13070064B33526
:10461000E50203D6870081463305E502EF601238D4
:104620006DB7D8433A94C1BF411122C426C21704C2
:1046300000201304A497970400209384E48C9448EA
:104640005840970700209387E79006C69C436393E2
:10465000E60882975440B74736FE938707C8B69757
:104660003387A7003A856364F7006364D700330596
:10467000D740970400209384A4ACDC5081CF9707E7
:1046800000209387A7B394433707CDFF7D179C463F
:10469000F98F9CC611E14840970700209387478C0B
:1046A000DC53829719E5DC508DC3EF50D14DEF50AC
:1046B000A10FDC5099CB97070020938727B0984330
:1046C000B70633001C47D58F1CC7B2402244924422
:1046D00041018280829794485840B387A6003E8566
:1046E00063E4D700E3E7E7F83385E74059B74111C2
:1046F00006C69707002023A9A78A0295B24097070C
:10470000002023AFA780014541018280994763E9DA
:10471000B7008A05970700209387C781BE9588C197
:1047200082809707002023AFA78611C5854717070A
:1047300000202300F782828041117146814517F5E0
:10474000FF1F1305257F06C69707002023A80780B3
:104750009707002023AA078497F7FF1F23AC077E43
:1047600097F7FF1F2387077E9707002023AC078258
:1047700097C0FF1FE780401913068002814517F597
:10478000FF1F1305657897C0FF1FE780E017EFC094
:10479000714B97F7FF1F9387A77C03C5C70383C798
:1047A000D70385453E958D473305F50239051375C9
:1047B000F50F97F7FF1F238AA77499473305F50272
:1047C0001305052497D0FF1FE780E0C717F7FF1FE9
:1047D0002328A77C59CD994717F6FF1F0346E67299
:1047E0003306F60281451306062497C0FF1FE780B3
:1047F000A01197F7FF1F9387A77A9C4393870724FD
:1048000017F7FF1F2326F77217F7FF1F0347E76FFE
:104810000A07BA9717F7FF1F2320F774EFF0CFD0DE
:10482000E12997F7FF1F9387A770944397F7FF1F1E
:1048300083C7976D13972700369717F6FFFF130668
:10484000065810C3138717001377F70F0A07369718
:1048500017F6FFFF1306665010C31387370089074A
:1048600093F7F70F8A0797F5FF1FA38FE568B697B1
:1048700090C3B2404101828097F7FF1F83C7D7687A
:1048800017F7FF1F0347676863F3E70217F7FF1F78
:104890001307076A18439386170017F6FF1FA3052F
:1048A000D66693962700369708C33E858280930785
:1048B000F00FE5BF1C416384071641777D8FB70673
:1048C00000208947631ED71403574500630A071465
:1048D000411122C419462A849305F00F610506C6CA
:1048E00097C0FF1FE780400D05478D476304E51221
:1048F0001C4481CB58589947630E0710185C630B12
:10490000071013060004814517F5FF1F13054565C1
:1049100097C0FF1FE78040FF13060004A28517F52C
:10492000FF1F1305E56397C0FF1FE780C0F697F7E9
:10493000FF1F83D7A76317F7FF1F1307676299E766
:104940009307001097F6FF1F2392F66297F7FF1F59
:1049500083C7E76191E7854797F6FF1F2389F660D4
:1049600097F7FF1F83D7C76091E7ED4797F6FF1FC3
:104970002390F66097F7FF1F83C7775F91E795470E
:1049800097F6FF1FA385F65E97F7FF1F83C7675E45
:1049900091E7854797F6FF1F238DF65C97F7FF1F7A
:1049A00083C7375D99E78347F70097F6FF1FA38218
:1049B000F65C97F7FF1F83C7F75B81CF93F637004D
:1049C000898317F6FF1F230BD65C97F6FF1FA3877B
:1049D000F65C97F7FF1F83C7E75991E7D54797F62E
:1049E000FF1F2389F6588347640199E79307C003A3
:1049F00097F6FF1F2381F6581C5791C7829797F7A8
:104A0000FF1F2397A750FD5717070020A30EF7801D
:104A100025338147B24022443E8541018280894747
:104A20003E85828001114EC697F9FF1F9389095870
:104A300083A7090006CE22CC26CA4AC852C4829750
:104A400013090064B335250303DA890081465286D1
:104A500033052503EF60827497F7FF1F9387C74ADA
:104A6000804FAA8401456306940233858440636EB7
:104A7000940003A5490052868146B335A902330547
:104A8000A902EF60A271018D269597F7FF1F23A958
:104A90009748F2406244D2444249B249224A0561F1
:104AA0008280011122CC0A852E844146978502001E
:104AB0009385C5DC06CEEF60F227180806043A9409
:104AC000035504FF97F7FF1F83D7E74EF240624478
:104AD000AA9737450F00130505243355F5020561E4
:104AE000828097F7FF1F83D7074D51471D45637C91
:104AF000F702794719456378F70213072003154534
:104B00006373F7021307B0041145637EF7001307C0
:104B100040060D456379F700130760090945637482
:104B2000F70013B5B70F8280011122CC06CE2A847C
:104B30002EC6EFF0EFB0B245F240818D33A5A5024D
:104B4000229562441375F50F05618280011122CC14
:104B500006CE2A842EC6EFF0AFAEB245F240818D6C
:104B600033A5A502229562444205418105618280F8
:104B7000011122CC06CE2A842EC6EFF06FACB245CE
:104B8000F240818D33B5A502229562440561828091
:104B900097F7FF1F9387C73C985739CB411122C421
:104BA00026C206C6BE84029717F7FF1F0357473673
:104BB0002A8415CBBA876373A700AA87C207C1836B
:104BC000BA866373E400A286C206C182958F5147FC
:104BD000635BF700DC5491C38297EF50816397F7D2
:104BE000FF1F23978732B2402244924441018280C2
:104BF000828097F7FF1F23A5073C97F7FF1F938736
:104C00002736DC57011106CEAA8581C72AC68297AE
:104C1000B245CDC19C410545D9CBDC41C9CB83D739
:104C20008500D1C783D7A500D9C3514617F5FF1F0B
:104C30001305C53797C0FF1FE780E0C597F7FF1F33
:104C4000238C073697F7FF1F938747369C4317F748
:104C5000FF1F2321F73097F7FF1F83C7D7318DE759
:104C60009307805717F5FF1F0355C5343305F50229
:104C700037460F001306062481468145EF60025235
:104C800097F7FF1FA389A72E17F7FF1F0347B72E1C
:104C9000A54763E7E700A94717F7FF1FA30DF72C08
:104CA00017050000130545D8EFF07FA40145F24039
:104CB0000561828097F7FF1F23A6072697C7FF1F6E
:104CC0009387270C17F7FF1F2322F72E7D5797F79F
:104CD000FF1F23AFE72CB7873200938727A197F6F2
:104CE000FF1F23A9F62C97F7FF1F2387072CB7C7B1
:104CF000004023A4E726B9B7011122CC17F4FF1F07
:104D000013040426084406CE26CA4AC801E905450C
:104D1000F2406244D2444249056182805C58E5DB3E
:104D2000185C75D77000854582971844B247E30038
:104D3000F7FE9305E00417F5FF1F0355252397C0E1
:104D4000FF1FE780407017F7FF1F232FA71C61D1BB
:104D500017F6FF1F035686219305F00F97C0FF1F1C
:104D6000E78080BA814417F9FF1F1309E91997F703
:104D7000FF1F83C7C71F0326090263C1F4023285E0
:104D800097C0FF1FE780407B014597F7FF1F23ADCA
:104D9000071897F7FF1F23AB07189DBF97F5FF1F55
:104DA00083D5C51CB38795020844185C89818504A6
:104DB0003E9508C2029765BF011156C297FAFF1FC0
:104DC000938A0A1A83A78A0022CC4AC84EC606CE06
:104DD00026CA52C45AC0AA892E8432896386072201
:104DE00003A74A03630907141307F01F6367A71497
:104DF00097F4FF1F9384441103AA040263170A0A5D
:104E00009565938515E017F5FF1F0355251697C087
:104E1000FF1FE780406397F7FF1F23A7A7102A868D
:104E2000630B051083A74A0303A58A0097F5FF1FAC
:104E300083D5C5138981829783A78A0003AA0402B8
:104E400017F7FF1F2324F70E8947639CF908C14712
:104E50006313F40E97F5FF1F83D54511938505FC69
:104E60009147B3C5F5028A05D29503C7250093077C
:104E7000A005631EF70A83D70500639A370B4A859E
:104E80002286910597C0FF1FE780E0A09C505285C5
:104E9000639347150145F2406244D2444249B24906
:104EA000224A924A024B05618280D850E38EE7F88D
:104EB0009565938525E017F5FF1F0355250B97C0D2
:104EC000FF1FE78040582A8A3DC52A8683A74A03E8
:104ED00003A58A0097F5FF1F83D54509898182972D
:104EE000A5B78D47639DF900C1476316F40497F594
:104EF000FF1F83D5A507938545FDF199B5B7914768
:104F0000639AF9006319340397F5FF1F83D50506EB
:104F1000A115E5B793070010639FF900A14763EC63
:104F2000870097F5FF1F83D56504C115F9B79C501D
:104F300052856396470D2945B9BF1D6A568B63712B
:104F4000450B130A05E01947334AEA0217F7FF1F1A
:104F50000357C70197FAFF1F938A0AFB330AEA0235
:104F60003E9A83A74A026395470183A40A029DE4FF
:104F70009305E00417F5FF1F035545FF97C0FF1F7A
:104F8000E780604CAA8445D983274B0397F5FF1F20
:104F900083D5C5FD2A86898152858297914513075D
:104FA000A005898193972500A69783C62700639360
:104FB000E60483D60700639C360385058A052286AE
:104FC000A6954A8597C0FF1FE780E08C83A70A0259
:104FD000E38297EC268597C0FF1FE780E0555DBD13
:104FE00021677917E369A7F4330A454185B783C57B
:104FF000370045BF83A70A02E38F97F2268597C043
:10500000FF1FE780605305BF97F7FF1F9387C7EF28
:105010008C5395D191479306A00589831397270058
:105020002E9703462700E318D6F003560700631CAB
:10503000360185078A072286BE954A8597C0FF1FDD
:10504000E780608581BD83473700C1BF97F7FF1FA9
:10505000938707F1984739C79C5FA9C70547631332
:10506000E504411122C417F4FF1F1304E4E91050B2
:1050700006C60DC6485097F5FF1F83D525EF8981D9
:105080008297085097C0FF1FE780004B97F7FF1FDC
:1050900023AC07E897F7FF1F23AA07E8B240224492
:1050A000410182808280011117F7FF1F130747EB30
:1050B0004EC68329870022CC26CA4AC806CE52C4CF
:1050C00056C2AA842E843289638B09201C5FBA8A57
:1050D00099EB2945F2406244D2444249B249224AFE
:1050E000924A056182805C5BEDD79307F01F63EA0B
:1050F000A70E97F9FF1F938929E183A70902B1CB76
:1051000003A58A0083A749026395A706894763938D
:10511000F408C147E31FF4FA17F5FF1F035505E52F
:105120009147130505FC3345F5029317250003A5A8
:1051300009022286CA853E959307A0052301F50042
:1051400023109500110597B0FF1FE780C07401453B
:1051500051B79305E00417F5FF1F035525E197C0EC
:10516000FF1FE780402E97F7FF1F23AFA7DA49F90B
:105170008DB783A74A0303A6090297F5FF1F83D5BE
:10518000E5DE8981829783A78A0017F7FF1F232F07
:10519000F7D8ADBF8D47639EF400C147E31BF4F21F
:1051A00017F5FF1F035585DC130545FD9377C5FFF4
:1051B000BDBF9147639AF400E31D94F017F5FF1FFC
:1051C0000355C5DA2115DDB793070010E393F4F01A
:1051D000A147E3E087F017F5FF1F035525D94115D7
:1051E000F1B79D676379F506930705E01947B3C7E3
:1051F000E70217F7FF1F035767D717FAFF1F130AB6
:10520000AAD0B387E702BE9983270A02A1CF8327DA
:105210004A026399370703250A0291461308A0053D
:105220009305F00F93D72600139727002A9703467C
:105230002700631F0607835807000346370063955E
:105240009806B306D64063CF860485078A07228670
:10525000CA853E95CDBD21677917E36CA7E6B307F4
:10526000F54041BF9305E00417F5FF1F035505D036
:1052700097C0FF1FE780201D97F7FF1F23A6A7CA2F
:1052800059F581BD83A74A0303260A0297F5FF1F3C
:1052900083D5C5CD89814E85829797F7FF1F23A7B8
:1052A00037C995BF2310B70093160601C1829DBF71
:1052B000B385860017F6FF1F035646CB91051306EC
:1052C00006FCE368B6E013063400719A1106B29644
:1052D0002301070123109700A301D700BDB797F75B
:1052E000FF1F938767C29453BE89A9C203A5090211
:1052F00091461308A0059305F00F93D72600139746
:1053000027002A97034627006318060583580700DD
:105310000346370063989800B306D640E3D786F279
:105320002310B70093160601C182C1BF8357C7007F
:1053300017F5FF1F0345A5C39305E0043305F502E8
:105340004205418197C0FF1FE780E00F97F7FF1FDD
:1053500023ACA7BC41FDB5BB17F6FF1F035606C122
:1053600097F5FF1F83C5A5C0B385C50233868600A8
:105370001106E3E0C5D681BF01458280011106CE4A
:105380002EC6EF90500701C9B245F24003552500E3
:1053900005616FD0F054F240494505618280A380D9
:1053A000018E2380018E23A4018C23A6018C23A8C7
:1053B000018C23AA018C23A2018C23A0018C97F7D6
:1053C000FF1F938727C2930640382391D702F176B7
:1053D0001307400B938606B82391E7002392D70268
:1053E00011679D46130600059305000A1305007D0D
:1053F0002392E7002393D70241478546130810F80C
:105400002395E7002396E7002399E700239AE70016
:10541000239BE700239CE7002394E70223900700E7
:105420002393B7002394B7002397C7002398C7009E
:10543000239DA700239E0700239F070023900702B8
:105440002395D70223960703239707029308F007B3
:10545000239807022392E7042393E704239FE7049A
:105460002390E7062391E7062392E7062399170383
:105470001307C01C239AD702239BD702239C070241
:10548000239D0702239E0702239F07022390070400
:105490002391D70423940704239507042396D70464
:1054A0002397C7042398C7042399A704239A0704C2
:1054B000239B0704239C0704239DC704239EC70442
:1054C0002393A7062394070623950706239607062A
:1054D0002397B7062398B70623990706239AE7066A
:1054E0005147239DE7067D57239B0706239C07060C
:1054F000239ED706239F0706239007092391E708D9
:105500008280011126CAAA84214522CC06CE2E848F
:1055100032C636C43AC2EFE0AFE81DC9A246124710
:105520003246930700FD2300F5009947A30095003C
:105530002301F5002303D500A303E5002312C500D2
:10554000AA8522856244F240D24405616FE0AFF43F
:10555000F2406244D2440561828023A4A18C8280FF
:1055600023A6A18C828023A8A18C828023AAA18C4F
:105570008280011122CC4AC806CE26CA2A8901445B
:10558000B30489006368B400F2406244D2444249E3
:10559000056182802EC6EFE0BF8A93170501C183A3
:1055A000A183B2452380F4009307140093F7F70F0B
:1055B000850463F9B700CA9709042380A700137410
:1055C000F40F7DBF3E847DBFC16717F5FF1F0355F4
:1055D000C59FFD176304F502411117F6FF1F03462F
:1055E00066B49385818D06C6EF90803EB240FD572C
:1055F00017F7FF1F231BF79C41018280828009C996
:1056000025151375F50F1335850E1345150082808A
:105610000145828023900500C9C6797122D426D223
:105620004ECE52CC5AC806D64AD056CA5EC636842A
:10563000328AAE892A8B814463F34407B30794000E
:1056400083C70700138914004209939A070193DA6C
:105650000A011359090163840A04CA976341FA04D1
:10566000B307240183CB07005E85513F0DC99387A3
:10567000FAFF2390F90063906B031305190022953C
:10568000B250225492540259F249624AD24A424BD1
:10569000B24B45618280D694C204C18071BF01457E
:1056A000C5B701458280411126C2AE8422C497F756
:1056B000FF1F23A3C79297F7FF1F23ADB79097F75C
:1056C000FF1F23A7A7902A8441469305F00F268544
:1056D0004AC006C6054997B0FF1FE780E02D63105A
:1056E000250597F7FF1F9387E78D884BC1455135F7
:1056F00041469305F00F228597B0FF1FE780C02B2E
:10570000854463189502224497F7FF1F9387878B80
:10571000B24092440249C847C145410199BD414642
:105720008145268597B0FF1FE7800029E31225FDFC
:105730004DBF41468145228597B0FF1FE780C027B6
:10574000E30395FCB2402244924402494101828025
:10575000411122C426C22E84AA8413060002814568
:1057600017F5FF1F1305058606C697B0FF1FE780D4
:10577000A01997F7FF1FA388978497F7FF1F23852A
:10578000879AEFD03018854719C181474945B24003
:10579000224417F7FF1F2307F782924441018280BA
:1057A000814781CD19C98547631BF50083C7550023
:1057B00093E707FCA382F50085473E8582808947F1
:1057C0006317F50083C7550093F7F703E5B70D4757
:1057D0008547E314E5FE03C755001377F703136706
:1057E0000704A382E500D1BF81478DC105C103C76E
:1057F00055009306000C85471377070C6308D70004
:10580000930600048D476303D70089473E85828055
:10581000411122C4005D06C626C21DC8AA840850D4
:1058200009C597C0FF1FE78020D1485009C597C020
:10583000FF1FE78060D0085409C597C0FF1FE780AD
:10584000A0CF228597C0FF1FE78000CF23AC0402C2
:10585000B240224492444101828009ED97E7FF1F44
:1058600083C7677617E5FF1F1305457781CB13853F
:10587000818B828017E5FF1F13054576828017E52F
:10588000FF1F03454574828097E7FF1F9387877347
:10589000C847828097E7FF1F9387C772884B828033
:1058A00097E7FF1F93870772DC4B8843828097E757
:1058B000FF1F93872771D84B1C4385071CC317E52F
:1058C000FF1F034555709307F00F6305F5009165C1
:1058D0006FE0EFF38280011122CC06CE2E8432C617
:1058E000EF9020429147B245631FF5009387418DA9
:1058F0009C438DC303A30700630E0300228562440B
:10590000F240056102839387C18C9C4381C703A346
:105910004700DDB7F2406244054505618280011110
:1059200022CC2A840355450006CE26CA4AC84EC654
:10593000EF90401B35C52A89834405008349C50083
:10594000C13D4A85EF90607B03554400EF90A0363F
:1059500083C7018EB1CB6399970483C5118E2685C9
:10596000EFF0DFA119E12380018E03554400EF9091
:1059700040399147631FF5000357440097E7FF1F25
:1059800083D7A7646317F700FD5717E7FF1F231E90
:10599000F762F2406244D2444249B24905618280D2
:1059A00081499304F00F6DB79307F00FE38FF4FA7A
:1059B0008346640003564400034524004E87A685B1
:1059C000EFF03FB45DB779715EC6AA8B2E8552CCDD
:1059D00056CA5AC806D622D426D24AD04ECEAE8A4D
:1059E000328B368AEF9000107DC1045D2A89E5C0B4
:1059F0009C50614599C3130540039C5481C75105D0
:105A00004205418163050A00710542054181DC5070
:105A100081C75D0542054181EFE08F982A8445C921
:105A20006146814597B0FF1FE78000EE97E9FF1FB1
:105A300083C9495E6394090083490900930700FD07
:105A40002300F400A947A30074012301F4002303F9
:105A500064018C50231254011305840191C908C4B8
:105A60007146930A440397B0FF1FE780C0E2568552
:105A70008C5491C948C45146930A450197B0FF1F01
:105A8000E78060E15685630C0A0008C87146D2853C
:105A9000930AC50197B0FF1FE780E0DF5685CC5021
:105AA00099C548C85D4697B0FF1FE780C0DEA28554
:105AB0004E85EFE04F9E2254B2509254F249624A12
:105AC000D24A424BB24B4A850259456191B3B2501A
:105AD000225492540259F249624AD24A424BB24B82
:105AE0004561828001114EC6AA892E854AC806CE1C
:105AF00022CC26CA2E89EF80F07E21C997E4FF1FB1
:105B000083C4445199E0834405001945EFE04F896F
:105B10002A8405CD8145194697B0FF1FE780C0DE76
:105B2000930700FD2300F400B947A30034012301CB
:105B3000F40023122401A2856244F2404249B24992
:105B40002685D24405616FE00F95F2406244D2444D
:105B50004249B2490561828039715ECEAA8B2E8599
:105B600026DA4ED652D456D25AD006DE22DC4AD895
:105B7000AE84328BB68A3A8ABE8942C6EF8090766E
:105B800021CD2A894145EFE0AF812A8431C54146C4
:105B9000814597B0FF1FE78020D717E5FF1F03451A
:105BA000654719E103450900930700FD2300F40050
:105BB000BD472301F400B247A300740123129400EF
:105BC00023046401A304540123054401A305340103
:105BD0005CC4A285EFE02F8CF2506254D25442593B
:105BE000B259225A925A025BF24B2161828079713A
:105BF00026D2AA8439454AD04ECE06D622D42EC605
:105C0000B2893689EFD0DFF921C1B2459307000D83
:105C10002310F500B1472A842312B5002301F500B3
:105C2000CE851905194697B0FF1FE780C0C6230629
:105C30002401A2852254B2500259F24913F5F40FFF
:105C4000925445616FE02F85B2502254925402590C
:105C5000F2494561828017E7FF1F0347D736930754
:105C6000F00F630DF706411126C2AA84394522C4FC
:105C700006C64AC0EFD0DFF22A8439C9930700FD77
:105C80002300F500A30095002301050097E5FF1F01
:105C90009385C5340D05194697B0FF1FE780A0BF57
:105CA00017E9FF1F1309093283578900A28517E5F9
:105CB000FF1F034555312315F400834719002306C0
:105CC000F4002244B2409244024941016FD0BFFC2B
:105CD000B2402244924402494101828082800111F3
:105CE0005AC02A8B314526CA4EC652C456C206CE69
:105CF00022CC4AC8AE84B28A368ABA89EFD05FEA2B
:105D000035CD2A842685EF80F05D11C50347C50097
:105D1000A1476314F70417E9FF1F0349D92A930722
:105D200000FD2300F4009D47A30064012301F4005B
:105D30002312940023135401231444012315340126
:105D4000A2856244F240D244B249224A924A024BAE
:105D50004A85424905616FD01FF417E9FF1F0349C7
:105D6000B93CE31E0BFA938741989C439C47C5DBE3
:105D7000CE865286D6852685829755B7F2406244F4
:105D8000D2444249B249224A924A024B056182807A
:105D9000011122CC2A84214506CE2EC6EFD05FE029
:105DA00021C1B245930700FD2300F500C54723013B
:105DB000F50083C73500A301F50083D74500231202
:105DC000F50083C765002303F50083C77500AA8526
:105DD000A303F50022856244F24005616FD0BFEB5A
:105DE000F240624405618280397162CC2A8C594547
:105DF00026DA4AD84ED652D456D25AD05ECE06DED5
:105E000022DCAE8432C636C4BA8B3E8BC28A468A46
:105E10008359010403494104EFD09FD825C9324674
:105E2000930700FDA2462300F5009547A301C50096
:105E3000A30085012301F5002A8419461105A9C292
:105E4000B68597B0FF1FE78000A523066401230AEB
:105E50002401231574012317540123184401231925
:105E60003401A2856254F2504259B259225A925AD0
:105E7000025BF24B624C2685D25421616FD0BFE1A8
:105E8000814597B0FF1FE78020A8C1B7F250625448
:105E9000D2544259B259225A925A025BF24B624C86
:105EA0002161828097E7FF1F83C7E7118DCB4111E6
:105EB000AA8519461385818B06C697B0FF1FE78018
:105EC000809D9385818B17E5FF1F0345C50FEFF07C
:105ED0003F8DB2401385818B41016FD06023014516
:105EE000828017E7FF1F0347170E9307F00F630524
:105EF000F708411126C2AA84294522C406C6EFD05C
:105F00003FCA2A8429C1930700FD2300F500A14759
:105F10002301F500A300950097E7FF1F9387870AE9
:105F200083C727009385818B1105A30FF5FE1946C2
:105F300097B0FF1FE7802096A28517E5FF1F034556
:105F40009508EFD05FD517E7FF1F0347C7078D47B9
:105F5000631FF7009387018D9C4391CB03A38700B8
:105F6000630703002244B240924441010283B240DD
:105F7000224492444101828017E7FF1F0347A70490
:105F80008D47631AF7009387018D9C4389C703A34C
:105F90008700E31D03FC8280797122D406D626D2C5
:105FA0004AD04ECE52CC094455CD2A89035505001E
:105FB0002E8A5144EF801033AA844DC597E7FF1F06
:105FC00083C78716FD1793F7F70F05474944637B8F
:105FD000F7080347C500A1476314F70063140A08D4
:105FE0009C5C4544C1E39165938545711305C002EE
:105FF00097B0FF1FE780204588DCAA894D443DC14A
:106000001306C002814597B0FF1FE780E08F8357DA
:1060100009009386490036852391F900714693055E
:10602000490036C697B0FF1FE780E0868947238086
:10603000F90003C5C400B24603560900611597E58F
:10604000FF1F83C5250E13351500EF9070512A846C
:1060500063060A00D2852685EF90003A01C42685A2
:10606000EFF00FFB2285B250225492540259F249AC
:10607000624A4561828097E7FF1F83C7E70AFD17E1
:1060800093F7F70F05476378F708894751C6011161
:1060900022CC26CA4AC84EC652C406CEAA89368A1F
:1060A000B2842E89EF8010242A84D14729C948550B
:1060B00009C597B0FF1FE7802048F1452685EFD03E
:1060C0005FDF48D4CD4705CD8346C40021478147D3
:1060D000639FE600630D0A000347A501035605010F
:1060E00093062501AA854E85EF90C038AA870347FD
:1060F0004400630F0900136767002302E400F240C5
:106100006244D2444249B249224A3E8505618280B6
:1061100013674700DDB7C9473E85828093070004B7
:1061200063EBA70097E7FF1F9387C7EB06053E9534
:1061300003550500828041657D158280011122CCC6
:106140002A842E8526CA06CEAE84EF80B0191DCDD6
:10615000B7470F009387F723094563E4870281451A
:106160000A85414697A0FF1FE780007AA685231085
:1061700081000A85418023018100A3010100EF9085
:10618000D029F2406244D244056182804945D5BF9E
:1061900097E7FF1F2389A7F882806F909036797167
:1061A00052CC2A8A328522D426D24AD04ECE56CA22
:1061B0005AC85EC606D662C4AE8BB28A368BBA8423
:1061C0003E89C2894684EF80F01115C92A8C631478
:1061D0000A0213774B008347450015CF93E7270149
:1061E0002302FC008DEC631C0902639A090205E896
:1061F000ED9B2302FC00832B8C03639F0B06B250A4
:10620000225492540259F249624AD24A424BB24B4A
:10621000224C45618280F59B93E70701D1B793E754
:1062200047002302FC0001CC1C484146A2852324E0
:10623000FC0213058C0197A0FF1FE780C0656391E6
:106240000B02D5D80325CC0209C597B0FF1FE78004
:10625000A02EF1452685EFD0DFC52326AC0261BF15
:10626000E30B09F80325CC0209C597B0FF1FE780AF
:10627000A02CF1454A85C5B79DC483A70B0299EBB5
:10628000916593853571714597B0FF1FE780A01B1D
:1062900023A0AB0203A50B0219C57146A68597A0E2
:1062A000FF1FE780405F6388090283A74B0299EBD9
:1062B0009165938525715D4597B0FF1FE780A01814
:1062C00023A2AB0203A54B0219C55D46CE8597A05C
:1062D000FF1FE780405C1DC483A78B0299EB91658B
:1062E00093851571514597B0FF1FE780C01523A412
:1062F000AB0203A58B0219C55146A28597A0FF1FCB
:10630000E78060592254B2509254F249B24B224C69
:10631000CA865A860259424BD6855285D24A624A6B
:1063200045616FF04FEA011126CA52C406CE22CC55
:106330004AC84EC62A8AAE84EF80C07A25C5AA898B
:106340003945EFD0FF852A8431CD17E9FF1F034976
:1063500069CC6314090003C909009307000D2310D9
:10636000F400AD472301F400938569001305340060
:10637000194697A0FF1FE780005293F7140085800D
:1063800085882306F400A306940023154401A28502
:106390006244F240D244B249224A4A8542490561E8
:1063A0006FD07F8FF2406244D2444249B249224AC0
:1063B0000561828001114EC652C456C206CE22CC5F
:1063C00026CA4AC8AA8A2E8AB289EF80A0712DCD2A
:1063D0002A891305C002EFD0AFFC2A8435C597E4A3
:1063E000FF1F83C424C399E0834409009307000D71
:1063F0002310F400E9472301F40093056900130515
:106400003400194697A0FF1FE780E048D285231586
:1064100054011305C400414697A0FF1FE780A04721
:10642000CE851305C401414697A0FF1FE780A04613
:10643000A2856244F2404249B249224A924A2685E4
:10644000D24405616FD03F85F2406244D244424954
:10645000B249224A924A056182809387018C88431F
:1064600001CD411106C697B0FF1FE780E00CB24096
:1064700023A0018C410182808280011106CE22CCB2
:1064800026CA4AC82EC6EF80E06539CDB24517E965
:10649000FF1F034929B8AA840CD5631409000349D6
:1064A00005004145EFD0CFEF2A841DCD9307000DA5
:1064B0002310F500A5472301F50083C754009385F9
:1064C00064001105A30FF5FE194697A0FF1FE78092
:1064D000803C9C54A285F2405CC46244D2444A850C
:1064E000424905616FD02FFBF2406244D2444249D9
:1064F000056182801D71A2CC86CE2A842EC6EF80D3
:10650000605E05CD8346C5001147AA874945639261
:10651000E6029C5FB24599C383C567012308B100B9
:1065200097B6000093864682100889452285EF8041
:106530007063F6406644256182805145DDBF97E770
:10654000FF1F83C767BEFD1793F7F70F0547637AF1
:10655000F704894721CA411122C426C24AC006C68F
:10656000B2842E89EF8000582A84D14705C563087C
:1065700009008347450093E727002302F5004146C1
:10658000A6851305840197A0FF1FE780C0309C48B3
:106590001CD48147B2402244924402493E854101C5
:1065A0008280C9473E858280797122D406D62A84AA
:1065B0002EC6EF80205301CDB2452285230EB100B7
:1065C0006C08EF80F05FB2502254456182805145E3
:1065D000DDBF6F80C067C1671387E7FF6394E50283
:1065E0009387C18C9C4391EB494582804945B240D9
:1065F0002244924402494101828003A30700E3053B
:1066000003FE0283411122C426C24AC006C6FD17FA
:106610002A892E84B2846395F5029387C18C9C43AA
:1066200091CB9C4381CB829711E52380218FA3805E
:10663000918E75BFA6854A85EFE05FD44DF9F5B719
:106640002E85EF80204A5DD1834705000D45E390FC
:1066500027FB22852244B2400249A685924441018B
:106660006FC010289307000463E2A7064111C167B9
:1066700022C406C626C2FD172A8409456382F50294
:10668000C547AE846313F4022E85EFC0F02C17E5E6
:10669000FF1F1305259506042A9423109400014535
:1066A000B24022449244410182809307A0036316C2
:1066B000F4002E85EFC09023D9BF9307B003E318F1
:1066C000F4FC13F5F50FEFC0B022D1B70945828075
:1066D000411106C622C42A84EFE07FCCEF20004C93
:1066E000EF10D00BEFA0E172814517E5FF1F1305F6
:1066F000658D1306000297A0FF1FE780E02097E753
:10670000FF1F9387278C130700F02391E700238254
:1067100007007D5797E7FF1F9387C7A02381E700F6
:106720002380870022852244B240954541016F6055
:10673000F04D597193970501CAD086D6A2D4A6D23E
:10674000CECED2CCD6CADAC8DEC6E2C4E6C2EAC031
:106750006EDEC1872E8963D1075A17E5FF1F0345F7
:10676000659CEFD0EFCA8964416A856A797B2A8487
:10677000938BD4007D1AA50A130CABFF1DE0216595
:106780003345A900B650265496540659F649664A30
:10679000D64A464BB64B264C964C064DF25D65618B
:1067A0008280834704001307200A639DE700035596
:1067B000240097E9FF1F83C919812286D285EFF053
:1067C0008F9159A21307100997E9FF1F83C9A99553
:1067D0006398E7188347140015476390E702228502
:1067E000EFF0EF932285EFD08FB617E5FF1F03453B
:1067F0006593EFD0EFC12A8451B73947639BE718FF
:1068000003554400631B55050C4483CC0500639D70
:106810000C00850591C9194617D5FF1F1305057C86
:1068200097A0FF1FE780200717D7FF1F034787792F
:1068300085476317F712638A0C0097D7FF1F2383DE
:1068400007786685EFF02FC171BF894717D7FF1F03
:10685000230AF776EFC0900B71B793872400631A71
:10686000F506832C8400638D0C0E83C70C008DE32A
:1068700083C72C0003C71C00A207D98F17D7FF1F9F
:106880002316F77483C73C0017D7FF1FA30CF772BA
:1068900017D7FF1F0347077389476313F70C83C795
:1068A0000C0081CB97D7FF1F238E077003C50C0008
:1068B00051BF8D4797D5FF1F83C5D57017D5FF1FD3
:1068C0000355C57017D7FF1F230EF76EEF60103703
:1068D000F1BF938754006318F5001C4403C50700FB
:1068E000EFF02FE001B7B3078501C207C18311475D
:1068F0006372F7049307ABFCAA97139707014183D0
:10690000F14763F1E7029387B4006312F5049387BC
:10691000818C9C43E38807EC9C43A285E38407ECCD
:1069200082971DA0B70700189387F770B3D7E700C9
:10693000858BB9CB9387018D9C43E38507EA9C4304
:10694000E38207EA22858297E31E05E811A8938770
:10695000C4006310F5021C4483C70700E38407E802
:106960009307F00FE380F9E8A2854E85EFD0AFB230
:10697000ADBD9387E4006319F5009387C18C9C43F8
:10698000E38207E6DC4351BF93871404E301F5F883
:10699000C1BF3D476397E70403554400E30F75FD0E
:1069A00093879401E30BF5FC93873401E31AF5FA1E
:1069B00097D7FF1F83D76761639E47019387C18C79
:1069C0009C43E38107E2DC43E38E07E0A285138565
:1069D0003401B9B79387418D9C43E38507E09C431D
:1069E000E5B71307E003E39DE7F683472400054777
:1069F0006397E70E83476400938D018CF1E383A7CF
:106A00000D00D5CB83CC0700A14903457400130DBD
:106A10008400EA85EFE05FDD83474401A303A4001F
:106A2000835804010358E400035744002A860345B1
:106A300034003EC283572401EA86E6853EC0CE87F5
:106A4000EFF08FBA8347340095E7DD4783580401A0
:106A50000358E40083467400835544003EC28357C4
:106A600024016A8705463EC06685CE87EF80604078
:106A7000A301A40083A70D0081C71145EFF0FF9D7E
:106A800003C5018EE30005D683C5118EEFE01F8F8D
:106A9000E30A05D48346340093071003638AF600A3
:106AA000035644004E8783C5018E3685EFE07FA5EF
:106AB0002380018E05BB97DCFF1F83CCDC50A9B778
:106AC0009387018D9C4397DCFF1F83CCDC4F91495A
:106AD0008DDFDC439DDB8145014582973DB729472A
:106AE0006391E70C83476400138D018CC1E7832712
:106AF0000D00A5CF83CC0700A14903457400930680
:106B0000840093772500D1C713761500930D4401B7
:106B1000834704028358C4010358A4010357440067
:106B2000034534003EC28357E401E6853EC0CE876C
:106B3000EFF08FAB8347340095E7DD478358C401FE
:106B40000358A40183467400835544003EC2835712
:106B5000E4016E8705463EC06685CE87EF806031D2
:106B6000A301A40083270D0001BF97DCFF1F83CC86
:106B70009C4559B79387018D9C4397DCFF1F83CCBD
:106B80009C449149BDDBDC43ADDB814501458297E7
:106B9000ADB7B68536CEEFE03FC5F2462A86B68D54
:106BA00085BF0947639DE7009387818C9C43E38BF6
:106BB00007C2DC43E38807C22285829725B12D47AF
:106BC0006399E7009387818C9C43E38D07C09C47C2
:106BD000D5B70D476397E70022868D4503554400DE
:106BE000F9BE19476395E706930561021305103155
:106BF000EFA0812A2C1013052031EFA0E1290356C4
:106C00006400835781020355440063E8C70083563C
:106C100084000357610263F7E60093050002EFC0AA
:106C2000A052C9B66374E6002313E40063F4D700EE
:106C30002314F4000357C4008356A40003568400B1
:106C40008355640001488147EFC0C04F61BE1D47B6
:106C5000E388E7D031476395E7002286B145BDBFA1
:106C600035476399E7009387818C9C43E38C07B693
:106C7000DC4789B739476396E7002285EF00D003E8
:106C800095B63D476399E7009387818C9C43E38BDE
:106C900007B49C4B05B741476396E7002285EF0098
:106CA000900C89B645476396E7000145EF00701BDD
:106CB00015BE4947639EE7009387018D9C43E3819E
:106CC00007CADC43E38E07C881450545829749B969
:106CD0004D47639DE7009387018D9C43E38207C87E
:106CE000DC43E38F07C6A2850945CDB76147E39929
:106CF000E7C62286E145DDB593F7150081CF93877E
:106D0000818C9C4389C7DC4399C301458297134515
:106D100019008DBC93F7250089CF9387018D9C4383
:106D200091C7DC4381C781450545829713452900FA
:106D300091BC93F745000145E38607A49387418CF6
:106D40009C4399CF854717D7FF1F230FF7269387BB
:106D5000018D9C4391C7DC4381C7814505458297DE
:106D600097D7FF1F93870726C8472C10EF805057EF
:106D70002810EFF02F9397D7FF1F83D7C72881CF15
:106D8000130600643386C702914517D5FF1F0345DC
:106D90006539EFD06FC713454900EDB2011122CC20
:106DA0002A84554506CE26CAEFF04FB7AA841305AC
:106DB0004002EFF0AFB62AC613055002EFF00FB64F
:106DC000AA86228562443246F240B3359000D2440E
:106DD00005616FC0803D797122D406D68D472E841F
:106DE000631FF50003D7A50083D6850003D6650091
:106DF0000345340083D54500EFE07FEE09A889679D
:106E00001387D7006310E50403C5250019E58547FE
:106E1000B25022543E85456182809387018C944311
:106E2000FDD603C6360083C50600814802C202C0F3
:106E30000148814701479106EFE01FFB0545EFF050
:106E4000CFE1F1B71387E700E303E5FC13873701D0
:106E5000631AE50003C525005DD901478146014657
:106E6000814559BFE507E304F5FAB1476319F50019
:106E700017D5FF1F03453515EFE09FF149BF416767
:106E80007D178147E316E5F803C75500C947E310AE
:106E9000F7F883D6E50003D6C5000355840083D5F3
:106EA000A500EFC0C03141C95D45EFF02FA73335D4
:106EB000A000231CA1008345440003552400300892
:106EC000EF70703283578101B9F36C0813051031EC
:106ED000EF90917C9305E10113052031EF90D17B78
:106EE0008357C101035784006374F7002314F4002F
:106EF0008357E1010357A40063F4E7002315F4006E
:106F0000835784000357A4006374F7002315F4002B
:106F100003552400EFD020390357E4008356C40002
:106F20000356A4008355840003552400014881477B
:106F3000EFC0401FE9BD8547231CF100ADBF17D747
:106F4000FF1F0347971E9307F00F6309F70859C502
:106F5000411122C426C206C6AA840345A5004105E4
:106F6000EFC01FC42A8435C59307000D2310F50018
:106F7000D9472301F50083D744002312F50083C7C6
:106F800064002303F50083C77400A303F50083C7DF
:106F900084002304F50083C79400A304F50003C60E
:106FA000A4002305C5001DC2CC44410548C497A0D8
:106FB000FF1FE780408EA2852244B240924417D53D
:106FC000FF1F0345951641016FC0FFCC2326050026
:106FD000DDB7B24022449244410182808280C16781
:106FE0001387E7FF639DE5009387018C9C4395C35E
:106FF00083C707000D47639CA7006FC0E011FD1712
:1070000049476396F5009387018C9C43FDF73A85C9
:1070100082804947EDBF797122D406D626D24AD064
:107020004ECE52CC56CA5AC80347050085472A841B
:10703000630AF70403468500930695009305E10073
:107040000545EFE02FDD814719C1834705008346E1
:10705000040011476380E6041387418E18438D4670
:10706000034717006308D70295C70DC719ED0145FF
:10707000B250225492540259F249624AD24A424BC7
:107080004561828081470145D9B785466318D7029B
:107090008D8BF1DF03451400130A2400D285EFE045
:1070A000AFF4A300A4001389818E83270900AA8A64
:1070B00081499304F00F99EB05455DBF8946E318BC
:1070C000D7FA858BF9B7850993F9F90F83C7218E14
:1070D00063FDF90203250900139B49005A95834774
:1070E0000500E38297FE83471500E39E57FD19468E
:1070F000D285090597A0FF1FE780608569D58324A5
:10710000090003470400DA9485EC834604009147A4
:10711000E38FF6F483270900B9DB03C6218E01470C
:107120009305F00FE305E6F4BE84C10703C507FF2E
:10713000630EB50A05071377F70FEDB788C4F5A0FE
:107140009147631AF706C84405C583478400034680
:1071500005006304F606034704009147631DF70624
:10716000C84419C597A0FF1FE780003D23A604006F
:107170000345840091659385E571050597A0FF1F80
:10718000E780602C05C5034704009147631EF704A0
:10719000C8C483478400930594000505A30FF5FE3A
:1071A000034684009790FF1FE780E06E034584004C
:1071B0003335A00075BD884441BF93059400050593
:1071C0009790FF1FE780A0788547E316F5F85545AF
:1071D000EFE0DFF4BDA8884441DD97A0FF1FE78002
:1071E000A03523A4040069B788C465B72380D40000
:1071F00083471400D28513852400A380F400194628
:107200009790FF1FE780206903458400916593856F
:10721000F571050597A0FF1FE780E02205C503472C
:1072200004009147E31CF7F0C8C48347840093052A
:1072300094000505A30FF5FE034684009790FF1FF9
:10724000E780606583478400E39807E60345040010
:107250007D151335150029BD797122D426D24ECE65
:1072600052CC06D64AD056CA5AC82A849309250059
:1072700003451500CE859384418EEFE0EFD6A30041
:10728000A4009C400D472A8A83C71700639BE70030
:107290001389818E83270900814A63910718054568
:1072A00035A0FDD7144C034674019305E100054554
:1072B000EFE04FB61DC99840854683470500034758
:1072C0001700631FD7008D8BE1F70145B2502254A0
:1072D00092540259F249624AD24A424B4561828035
:1072E0008946858BE316D7FAC5B783470400114753
:1072F0006385E7002D47E39AE7FC9384818E9C40E9
:10730000E9D7814A01491DA88840139B4A00834759
:1073100004005A95034705006311F70283471500DF
:10732000639D47011946CE8509059790FF1FE780A9
:10733000006201C503A904005A99850A93970A01BE
:1073400003C7218EC183E3E1E7FCE31309F4B5BF72
:1073500093944A0026950347050083470400631E63
:10736000F70A83471500639A470B1946CE8509052E
:107370009790FF1FE780A05D4DC18327090011474B
:10738000BE94834704006385E7002D47639DE702B1
:1073900003AAC4008347740103460A006308F60287
:1073A000528597A0FF1FE78020190345740191655E
:1073B0009385E571050597A0FF1FE780C00815E5D7
:1073C000E39F04ECADA003AA8400E9B70C4C1305BD
:1073D0001A009790FF1FE78080578547E312F5FC5E
:1073E0005545EFE0BFD369DDCDB5834704001147B4
:1073F0006385E7002D476390E702C8C483477401A3
:107400000505A30FF5FE034674010C4C9790FF1F72
:10741000E780604875B788C4D5B7850A93970A0195
:1074200003C7218EC18303250900E3E3E7F283C686
:10743000218E0327090081471306F00F11A8BA8493
:107440004107834507FF638AC5008507C207C183DB
:10745000E3E7D7FEA9B588C499A083470400CE8589
:10746000138524002380F400834714001946A38069
:10747000F4009790FF1FE780004203457401916577
:107480009385F571050597A0FF1FE780C0FBE30812
:1074900005E0034704009147E31FF7FAC8C4834798
:1074A00074010505A30FF5FE034674010C4C97907B
:1074B000FF1FE780403EE5B317D7FF1F0347F7C61E
:1074C0009307F00F6300F70A51CD411126C2AA8439
:1074D000514522C406C64AC0EFC08FEC2A842DCD88
:1074E0009307000D2310F500D5472301F50083C74E
:1074F000340013898400CA85A301F50083D74400B2
:107500002312F50083C764002303F50003C574004C
:10751000EFE08FADA303A400CA85130584001946CC
:107520009790FF1FE780203783C7E400A28517D517
:10753000FF1F034595BF2307F40083D704012318D9
:10754000F40083C724012309F4002244B24092448A
:10755000024941016FC02FF4B240224492440249D3
:1075600041018280828017D7FF1F034717BC930712
:10757000F00F6304F70431C1411122C42A84194574
:1075800006C6EFC0EFE1AA850DC59307000D2310D5
:10759000F500DD472301F500835744002244B24043
:1075A0002312F50017D5FF1F034535B841016FC001
:1075B0008FEEB2402244410182808280011122CCB0
:1075C0001384818E1C4006CE26CA4AC84EC652C4B9
:1075D00099CF2E8AAA840149084063129902630C4C
:1075E0000A0497A0FF1FE78020F523A4018EF24034
:1075F0006244D2444249B249224A056182809319C9
:107600004900B3073501884709C997A0FF1FE780E4
:10761000A0F21C40CE9723A407001C40CE97C84779
:1076200009C997A0FF1FE78020F11C40BE9923A63F
:107630000900050955B745DD13964400814597902B
:10764000FF1FE780602C144081477D5613F7F70F2A
:10765000E37F97F81397470036972300C700850705
:10766000F5B7011152C4138A418E83270A0006CE52
:1076700022CC26CA4AC84EC656C25AC0C9CF2A8989
:10768000014419ED9387818E944399CA03C6218ED4
:107690002A8481479305F00F13F7F70F6367C70834
:1076A000131534002105EFC0AFCFAA8401E92145AD
:1076B000EFC00FCFAA8421C501444D49930700FDB7
:1076C0002380F4008547A38024012381F400A38153
:1076D00084005DC41389840023A224018149938A14
:1076E000818E130BF00F83C7218E63F3F90031E80D
:1076F00083270A00A68503C50700EFC0CFD98145BF
:1077000003C5218E653D03250A0097A0FF1FE78072
:10771000A0E223A2018EF2406244D2444249B2491F
:10772000224A924A024B056182801397470036979E
:10773000034707006305B70005041374F40F8507BA
:10774000A1BF83A70A0093954900BE9583C7050092
:10775000638467032300F90083C71500130529001C
:107760007D14A300F900194689051374F40F97904E
:10777000FF1FE78040122109850993F9F90FA5B78A
:1077800023A20400B5B79387418E9C43B1C7411132
:1077900022C406C62A841DE10945EFE03F982A86E7
:1077A00001C9854517D5FF1F0345C597EFC0DFA564
:1077B0000545EFF0AFDE2A84054519C8854517D584
:1077C000FF1F03452596EFC0BFCE2285593D0545D5
:1077D000B2402244410182800145828089679386BC
:1077E000B7006316D5009C4503C5070069BF9386A3
:1077F000C7006318D5009C45854603C5070019C915
:10780000F5B793861704E300D5FE938727048146D6
:10781000E303F5FE36858280797106D622D426D21E
:107820004AD04ECE52CC56CA5AC85EC679C9834792
:107830003500AA8985C7404115C05945EFE01F8E24
:10784000931A850193DA8A410149138A418E130BF9
:10785000000DB54B83C73900636DF900B250225457
:1078600092540259F249624AD24A424BB24B4561A4
:1078700082808307840263CD570783270A00ADCB3C
:107880002285EFF04FF92DC5034584005105EFC067
:107890002FB1AA8431CD23106501230175018347DF
:1078A0000400194693052400A301F5008307840210
:1078B00015052303F50083471400A30FF5FE9790E9
:1078C000FF1FE78040FD034684002386C4001DC6D9
:1078D0001385440188C8930594009790FF1FE780A3
:1078E00080FB83270A00A68503C50700EFC0AFBA57
:1078F0000509130494021379F90FA9BF23A8040002
:10790000CDB79387418E9C43B1DBEFF09FD52254D6
:10791000B25092540259F249624AD24A424BB24B97
:10792000014545616FF08FC7797106D622D426D202
:107930004AD04ECE52CC56CA5AC85EC671C1834791
:107940003500AA8985C7444195C05945EFE00FFD30
:10795000931A850193DA8A410149138A418E130BE8
:1079600000FDC14B83C73900636DF900B25022544A
:1079700092540259F249624AD24A424BB24B456193
:1079800082808387F40063C8570783270A00A5C74E
:107990005145EFC0EFA02A8439CD23006501A30033
:1079A00005002301750183C704001946938524004F
:1079B000A301F5008387F4001505A306F50083C72E
:1079C0001400A30FF5FE9790FF1FE780C0EC83C75C
:1079D0008400938594001305C400A305F4001946A0
:1079E0009790FF1FE78020EB83270A00A28503C53D
:1079F0000700EFC04FAA0509C1041379F90F9DB71D
:107A00009387418E9C43BDD3EFF0BFC52254B25043
:107A100092540259F249624AD24A424BB24B014552
:107A200045616FF0AFB75D7186C6A2C4A6C2CAC079
:107A30004EDE52DC56DA5AD85ED662D466D26AD0AE
:107A40006ECE630C0526834735002A898DCB4041D5
:107A50001DC45945EFE08FEC93178501E1873EC6C1
:107A600081449389418E130A000DC94B054CB54CD6
:107A7000130D00FDC14D8347390063E1F402B640A8
:107A8000264496440649F259625AD25A425BB25B86
:107A9000225C925C025DF24D616182808307C400CA
:107AA000324763C6E71683A7090063820716034BB4
:107AB000040093770B01CDCFCD47631EFB06230057
:107AC00004002285EFF04FF9630305148347040097
:107AD00011476363F7146399870D5145EFC04F8CCD
:107AE000AA8A630605122300A501A300050023014D
:107AF000B50103470400194693052400A301E500DE
:107B00000307C4001505A306E50003471400A30FEF
:107B1000E5FE9790FF1FE78000D803470401194650
:107B200093051401A385EA001385CA009790FF1FEF
:107B3000E78060D6F1A0D5476318FB008547230096
:107B4000F400A30B0400B5BFF547E309FBFEC947EA
:107B50006316FB0089472300F400A5B7C1476314EF
:107B6000FB008D47CDBFED47E31DFBF49147E5B723
:107B700093778B0099C3AD47F9BF93761B0093773A
:107B80004B0091C699C395475DBFA147E9B793766E
:107B90002B0091C699C3A5475DB799476DBF99C39F
:107BA000A94755BF9D4745BF034574015105EFB037
:107BB0003FFFAA8A29CD23104501230195010347E0
:107BC0000400194693052400A301E5000307C4003F
:107BD00015052303E50003471400A30FE5FE979066
:107BE000FF1FE78040CB034674012386CA0019C6F5
:107BF00013854A0123A8AA000C4C0DBF23A80A0034
:107C000003A70900D68503450700EFC0CF88850488
:107C1000710493F4F40F85B503457401130505024F
:107C2000EFB01FF8AA8A65D523104501230175011D
:107C30008346040013770B061946558FA301E50010
:107C400003471400930524001505A30FE5FE979044
:107C5000FF1FE78040C403478400194693051401C1
:107C6000A385EA000347940013853A012386EA00BE
:107C70000347A400A386EA000347B4002387EA0071
:107C80000307C400A387EA000357E4002398EA002F
:107C9000034704012389EA009790FF1FE780A0BFF4
:107CA00003467401A38CCA0011C613850A0223AED1
:107CB000AA0099B723AE0A00A1B79387418E9C43CF
:107CC000E38F07DAEFF0FF992644B6409644064961
:107CD000F259625AD25A425BB25B225C925C025DFC
:107CE000F24D014561616FF06F8B9387418E9C432C
:107CF000F1E717C7FF1F03472743298BC94761C314
:107D00007971916522D49385D5712A84114506D65F
:107D100026D29790FF1FE780007323A2A18ECD4744
:107D200041C917C7FF1F034757409307F00F631858
:107D3000F7008347040017C7FF1FA308F73E11464B
:107D4000A2859790FF1FE78000B5930531011305C9
:107D5000F041EF7001750347310197C7FF1F83C7DB
:107D60008726B334F00011C3890413051002EFE035
:107D7000EFBA1376F50F13771600E14715CB1545CB
:107D800032C6EFE0AFB983472400231CA100194598
:107D9000230AF100EFE08FB8324683453400231EFA
:107DA000A1007C08380854082685EFB0C03FAA8798
:107DB000B250225492543E8545618280C5473E852B
:107DC0008280197197C7FF1F83C70736A2DC86DE42
:107DD000A6DACAD8A18B4944638707189387418ED6
:107DE0009C434144639107182A89EFE08FFE97C7AF
:107DF000FF1F83C7A73355446377F5169384018C1F
:107E00009C4045446391071691659385C57129454A
:107E10009790FF1FE780206323A0A18C4D4463044B
:107E200005142946CA859790FF1FE780C0A6130551
:107E30006002EFE0AFAE1375F50F93771500614464
:107E4000638307121306000381451364250088002D
:107E50009790FF1FE78040AB4145EFE02FAC231622
:107E6000A1043D45EFE08FAB2319A1043545EFE0B8
:107E7000EFAA231CA1043945EFE04FAA231FA10458
:107E80002145EFE0AFA92312A1061D45EFE00FA9A0
:107E90009C402315A10683C71700638D070C2D4551
:107EA000EFE0CFA72310A1043145EFE02FA7231364
:107EB000A1041305C002EFE06FA62317A104130568
:107EC000B002EFE0AFA5231AA10413059002EFE082
:107ED000EFA4231DA1041305A002EFE02FA423109B
:107EE000A10613058002EFE06FA32313A10613057B
:107EF0007002EFE0AFA29C402316A10603C5370035
:107F000093854700EFD0DF892AD69305F103130547
:107F1000F041EF7001590347F10397C7FF1F83C773
:107F2000870AB335F000325611C389059440FC002E
:107F3000228703C526003EC8930721053EC6BC081C
:107F40003EC49307E1053EC2DC103EC09308A10683
:107F5000130861049C009106EFB060252A8401C5D6
:107F60000D45EFE08FCF2285F6506654D654465922
:107F7000096182802545EFE06F9A2310A10429450D
:107F80002DB797C7FF1F83C7271AA18B17C5FF1FE0
:107F90001305C50E91E301456FD08FDC2381018E5F
:107FA000FD5717C7FF1FA302F71823A4018E23A2B2
:107FB000018E97C7FF1F9387270B17070000130732
:107FC000278298C31707000013074785D8C31707F0
:107FD00000001307A79598C7170700001307E7A429
:107FE000D8C717F7FFFF1307C7F598CB97C7FF1F31
:107FF0009387C70817F7FFFF1307A7FE98C317F764
:10800000FFFF130787DDD8C38280411122C4854555
:108010002A8403C5218E06C6EFF04FDA97C7FF1FEB
:1080200083C78710A98BB5CB17C5FF1F1305C503E1
:108030002381818EEFD06FD21384818E1C4091C733
:108040004D45B24022444101828003C5218E19E191
:108050000145C5BF91659385B57112059790FF1FC6
:10806000E780603E23A4A18E61DD03C6218E120647
:1080700081459790FF1FE7802089104083C6218E9D
:108080008147FD5513F7F70FE374D7FC13974700AB
:1080900032972300B7008507F5B701452381018E8C
:1080A000EFD0AFCB75B79387418C884301CD411199
:1080B00006C69790FF1FE7802048B24023A2018C9C
:1080C00041018280828001111305700306CEEFE02A
:1080D000EF842AC613058003EFE04F842AC41305FA
:1080E0009003EFE0AF832246B245F240AA860545F1
:1080F00005616FB0800A5D711305D00386C6A2C406
:10810000A6C2CAC0EFE08F812A841305C003EFE046
:10811000EF80AA841305E003EFE04F802A8913055E
:10812000F003EFD0BFFF8A871377F50F9376F90F2F
:1081300013F6F40F9375F40F0545EFB08007B640C2
:10814000264496440649616182805971A2D4138401
:10815000418C1C4086D6A6D2CAD0CECED2CCD6CAAE
:10816000DAC80545F9C79305F1041305F041EF702E
:1081700041339305F1041305F041EF7081328346DA
:10818000F10417C7FF1F034707E4B337E00091C2AC
:10819000890718403EDE0345370093054700EFD0BE
:1081A0002FE018402ADC0D45834527002EDAEFD05A
:1081B000FFF62AD81145EFD07FF600402AD6654554
:1081C0000347A400034BB4003AD4EFD03FF5AA8490
:1081D0006945EFD0BFF42A897145EFD03FF4AA89F1
:1081E0006D45EFD0BFF32A8A7545EFD03FF3AA8AD9
:1081F0007945EFD0BFF2E2046258F2572257B256E7
:108200004256D2551375F50F93FAFA0F137AFA0FF7
:1082100093F9F90F1379F90FE1842ACC56CA52C8A1
:108220004EC64AC426C25AC0930844000545EFA072
:108230003073B650265496540659F649664AD64AC3
:10824000464B65618280011122CC06CE8D472E847B
:108250006316F50603C73500E94703D545006318E3
:10826000F70097C7FF1F83D747D66385A706EF6040
:10827000700709C5835764002317F5000357A4004E
:10828000835684000356640083554400034534003C
:10829000EFD0FFA40357440097C7FF1F83D7E7D24F
:1082A0006308F7008547F24062443E85056182809D
:1082B000FD5717C7FF1F231AF7D0EDB78967CD0702
:1082C000631DF50083C7250031476385E7004547F7
:1082D000E39AE7FCEFD04FAFF1B7B1476319F50070
:1082E00017C5FF1F034555E4EFD09FAA65BF41673F
:1082F0007D178147E319E5FA83C655004947E394A2
:10830000E6FA83C54500035524003000231401001C
:10831000EF60406841BF411122C406C626C283C730
:10832000C18E1307E00F2E846383E7041307F00F59
:108330006387E7021145EFB0BF8615C1930700FDC3
:108340002300F50089472301F5008547A300850038
:10835000A301F500AA8503C5C18EEFB0DF93F957DD
:108360002386F18EB2402244924441018280AA8445
:108370001145EFB0FF827DD5930700FD2300F50086
:108380008947A30085002301F500A301950022443D
:10839000B2409244AA8503C5D18E41016FB0BF8F10
:1083A00079714AD01389418C8327090022D406D6DB
:1083B00026D24ECE52CC4544C5EF97C7FF1F83C788
:1083C000A7D6958B4944CDC7AE899165A386A18E6A
:1083D000AA849385757131459790FF1FE780A006A9
:1083E00023A2A18C4D4449C523009500A30005009C
:1083F0002946CE8509059780FF1FE780C04983275E
:108400000900914603C7270063EEE6083DEB4D47A0
:108410002381E70003C72700136707012381E700D3
:10842000930571001305F041EF70A10783477100B8
:10843000F9EB17C7FF1F034707B98D476315F70C03
:10844000EFD08FC42C00EF70A0692800EFD09FA55B
:108450004545EFD0BFCC014401CD1306006433067F
:10846000C502914517C5FF1F0345C5CBEFB0DFD946
:108470002285B250225492540259F249624A45610F
:10848000828085466314D700754759B789466314BF
:10849000D7004947B5BF8D466314D70041478DBF0C
:1084A0005547BDB795464A8A630ED700994663166D
:1084B000D70009472381E70031A01D466314C70296
:1084C000238107006545EFD07FC59307F007E309D7
:1084D000F5F403270A008347270093E707042301E5
:1084E000F7003DBF21466314C7000547E1B72546A5
:1084F0006315C7002381D700F1B7A9460544E319E6
:10850000D7F6114745BFEFF05FC42A8435D1EFF0AD
:108510009FB9B9BF011126CA9384418C9C4022CCDB
:1085200006CE4944A9C783C707000D446391A70439
:10853000894517C5FF1F0345E5BEEFB07FF791459D
:1085400017C5FF1F034505BE2398018EEFB05FF6E8
:108550009C4001478146A38087001306F1008547B0
:1085600085450145A307F100EFA0F0422A8422854A
:10857000F2406244D24405618280011106CE22CCD1
:1085800026CA8547631AF50683D7018FB1CB17C773
:10859000FF1F034767A329E71307B003636DF702C3
:1085A000894517C5FF1F0345E5B7EFB07FF0930777
:1085B000006403D6018F3306F602894517C5FF1FF5
:1085C000034545B6EFB05FC42398018EF240624484
:1085D000D24405618280938747FC2398F18EFDB7D2
:1085E0009387418C9C43FDD36244F240D24403C53F
:1085F000070005616FF01FF29384418C9C40F9D70E
:1086000097C7FF1F83C747B2918BE9D3894763138D
:10861000F5062D452EC6EFB0AFD82A8445D9B24510
:10862000930700FD2300F500E547A30005002301A3
:10863000F50083C7350015051946230FF5FE83C7DE
:1086400045009505A30FF5FE9780FF1FE780A02446
:1086500017C5FF1F034555AD9307F00F6315F500D0
:108660009C4003C50700A2856244F240D2440561E4
:108670006FB06FE2894517C5FF1F0345A5AAEFB08C
:108680003FE36244F240D2442398018E05616FF0CB
:108690009FA197C7FF1F83C727A9958B81CF93877A
:1086A000C18F9C4391CB854717C7FF1F230CF79CB5
:1086B0006FF07FA1494582804145828097C7FF1FA7
:1086C0002382079C854501456FA0B02D97C7FF1FEA
:1086D00083C787A5958B91C785472387F18E6FF058
:1086E0009FA1494582802387018E814505456FA062
:1086F000902C9307C01C63FCA700094582800945A4
:10870000F2406244D2444249B249056182805DC56B
:10871000011122CC2A8421054EC64205AE899165FD
:108720009385657141814AC806CE26CA9790FF1F7E
:10873000E78060D12A8961D59384818F884009C5FB
:108740009790FF1FE78040DF130589002320A900D1
:108750002286814523AC218F9780FF1FE780C01AB6
:108760009C402286CE8588439780FF1FE780A01219
:108770009C40239287009387418C9C4385CF97C769
:10878000FF1F83C7679A958B85CB9387818F9C4307
:1087900099CF984383D647006244F240D24442497D
:1087A000B24905468D45054505616FA0501E01473C
:1087B0008146DDB70145A9B7494599B79387418CF3
:1087C0009C438DC797C7FF1F83C70796958B8DC3A3
:1087D0009387818F9C4381CB984383D6470005467E
:1087E0008D450545D9B701478146D5BF01458280F2
:1087F000494582809307C01C63FCA700094582801D
:108800000945F2406244D2444249B249056182803E
:108810005DC5011122CC2A8421054EC64205AE89D0
:1088200091659385557141814AC806CE26CA9790B5
:10883000FF1FE78040C12A8961D593840190884059
:1088400009C59790FF1FE78020CF130589002320DB
:10885000A9002286814523A021919780FF1FE780F0
:10886000A00A9C402286CE8588439780FF1FE78020
:1088700080029C40239287009387418C9C4385CF44
:1088800097C7FF1F83C7478A958B85CB9387019036
:108890009C4399CF984383D647006244F240D24428
:1088A0004249B24905468D45054505616FA0700EE8
:1088B00001478146DDB70145A9B7494599B7938777
:1088C000418C9C438DC797C7FF1F83C7E785958B56
:1088D0008DC3938701909C4381CB984383D64700F7
:1088E00005468D450545D9B701478146D5BF0145A8
:1088F0008280494582809307C01C63F4A700094524
:108900008280797122D44ECE06D626D24AD0AE8944
:108910002A8431CD21059165420593857571418188
:108920009790FF1FE78020B22A8909456301090853
:108930009384C18F884009C59790FF1FE780C0BF0F
:10894000130589002320A9002286814523AE218FAB
:108950009780FF1FE78040FB9C402286CE8588439E
:108960009780FF1FE78020F39C4023928700938726
:10897000418C9C43014585CF97B7FF1F83C7C77ABA
:10898000958B49458DC76C001305D030EF80C150E1
:10899000B247014593F7070F99CB9387C18F9C434B
:1089A0008D450545944303D64700EFA0407FB25064
:1089B000225492540259F249456182809387818FF3
:1089C0009C4391CF03D647008C43411106C6978044
:1089D000FF1FE78040ECB24001454101828009451C
:1089E00082809387818F9C4385C7938701909843AA
:1089F000894705C3035647000C43411106C69780BB
:108A0000FF1FE78040E9B24081473E8541018280F7
:108A100089473E8582809387818F9C4385C7938752
:108A2000C18F9843894705C3035647000C43411142
:108A300006C69780FF1FE78000E6B24081473E856B
:108A40004101828089473E858280011106CE22CC79
:108A500026CA4AC88D4763FAA7008944F240624497
:108A600026854249D2440561828017B7FF1F03471C
:108A70006755C144E314F7FE9307F5FF93F7F70F2B
:108A80008546AE842A8417B9FF1F0349C95363EC96
:108A9000F6069DE199452800EFC0BFAD914517B599
:108AA000FF1F0345256897B7FF1F238E8750EFB040
:108AB0003FA03DE881445DB7194681452800978075
:108AC000FF1FE78060E419462C0026859780FF1F72
:108AD000E780E0E759F119469305F00F28009780E9
:108AE000FF1FE78060E219462C0026859780FF1F54
:108AF000E780E0E53DF11946A68528009780FF1F35
:108B0000E78060D961BFE31BE5F897B7FF1F938744
:108B1000674BC8472C00EF60B07CAA8441D197B75F
:108B2000FF1F2382274B1DBF2800EFD0AFB7AA84B9
:108B30007DF5930571001305F041EF6091168344B4
:108B40007100ADF88D47E317F4F64545EFD00FDD22
:108B500035D1B7771800938707A03306F502914502
:108B600017B5FF1F0345055CEFB03F8DC5BD97B737
:108B7000FF1F83C7675B918B99CF41111385418F8D
:108B800006C6EFC0BF9EB240FD5717B7FF1F231E9A
:108B9000F7424101828001456FC05F9DFD57A3866A
:108BA000F18EF9572386F18E97B7FF1F238C074C60
:108BB0002387018E2398018E23AC018E23A0019080
:108BC00023AE018E97B7FF1F9387072F170700006B
:108BD0001307472198C3170700001307479AD8C304
:108BE00017F7FFFF1307A75698C717F7FFFF1307DD
:108BF000C74DD8C717F7FFFF1307275098CB97F734
:108C0000FFFF9387876423AAF18E8280411126C2D9
:108C10009384418C9C4006C622C485CF2A840D458E
:108C2000EFA01FF8AA8519CD930700FD2300F500DA
:108C30008D47A30085002301F5009C4003C5070074
:108C4000EFB06F8519C42244B240924441016FF0E5
:108C50008FC5B240224492444101828079714ECE48
:108C60009389418C83A7090026D206D622D44AD004
:108C700052CC8144A1C783C4170085472A896388E1
:108C8000F40497B7FF1F83C72734854485EB0D4550
:108C9000EFA01FF1AA8505C1930700FD2300F50091
:108CA0009147A30025012301F50083A7090003C50F
:108CB0000700EFA05FFEEFF00FBF8544B2502254D3
:108CC000268502599254F249624A4561828093870F
:108CD000818F9C434E8A85E30145EFD02FC42A86BD
:108CE00001CA894517B5FF1F0345C543EFB0CFD172
:108CF00083270A00B1A0944303D647009305E100FF
:108D00000545EFC03F9169D983470500858BE9D7B9
:108D10000545EFD0AFC09307B0032A8463F3A704DF
:108D20005D6613060670894517B5FF1F0345853F2D
:108D3000130444FCEFB06FF02398818E83A70900E1
:108D40000947A380E70097B7FF1F83C7E72791C7AD
:108D500097B7FF1F238A072695B74A85EFF01FEBC9
:108D6000B1BF130600643306C5029DBF411122C482
:108D70002A840D4506C6EFA0BFE215C1930700FD8A
:108D80002300F500CD47A30085002301F500224410
:108D9000B240AA8503C5D18E41016FA0DFEFB2407A
:108DA000224441018280411122C42A840D4506C615
:108DB000EFA01FDF15C1930700FD2300F500ED476D
:108DC000A30085002301F5002244B240AA8503C513
:108DD000D18E41016FA03FECB2402244410182801C
:108DE000035745000111896606CE22CC26CA138698
:108DF0006600AA876317C7009C47014583C5070023
:108E000009A813868600631AC7009C47054583C5D9
:108E10000700EFF04FD005453DA813869600631379
:108E2000C7021387418C1843014515C79C4703C5EA
:108E30000700631B050C8547A300F7000545EFA05D
:108E4000602DD1BF1386A600631CC7009C4703C5D5
:108E50000700EFF0BFE0F2406244D2440561828037
:108E600013866603E30AC7F813867603E30FC7F891
:108E700013868603631DC7081C451307E00F83C4D0
:108E8000070083C7C18E638EE7021307F00F638666
:108E9000E7021145EFA0DFD0AA8505C1930700FDC9
:108EA0002300F5008947A30095002301F500A301E5
:108EB000050003C5C18EEFA01FDEF9572386F18E92
:108EC00099BF9387418C98433E84014549D785ECEF
:108ED00085447D4523059100EFD04FA42316A100C2
:108EE00013050002EFD08FA31C40A305A1001307B8
:108EF000B100A380970074001306A10085450545C5
:108F0000EFA0602909BF2685EFF05FD029B713864F
:108F10009603E30DC7F21386E6036317C7001C45EB
:108F2000094583C50700F5B59386F603631DD7028F
:108F30001C4503C507002DED6C001305D030EF7004
:108F4000B175B247414793F7070FE386E7EC930506
:108F5000B10013056031EF7031740345B1008545F0
:108F6000EFA020244DBD8966138606046315C7044F
:108F70001C4503C4070097B7FF1F83C7A7102285AE
:108F800085EB0D45EFA0DFC1AA85E30605E8930751
:108F900000FD2300F500D1472301F500A300850063
:108FA0009387418C9C4303C50700EFA0DFCEA5B596
:108FB000EFF0DFDB8DB513861605631BC7001C457C
:108FC00003C5070021E585450545EFA0C01EA1B5F5
:108FD000938626050145E310D7E89C4703C40700A4
:108FE00083C7E18E22859DE30D45EFA07FBBAA8557
:108FF000E30305E2930700FD2300F500F147A3001A
:1090000085002301F50003C5D18E45B7EFF0BFD928
:1090100019B5411197B7FF1F83C7071106C6958B76
:1090200099CB17B5FF1F130525E9EFC0CFD34D45E9
:10903000B240410182800145EFC0EFD20145CDBF72
:1090400003C70500937625009377D70F99C29367DE
:109050002700131885011358884113F7F707635445
:10906000080013E70708937685009377770F99C276
:10907000936787001377050293F6F70D19C393E6FC
:1090800007022380D500634508009377A50281CBB2
:109090008347060093E7C7002300F60082807DFD2A
:1090A00083470600CD9BCDBF2D456319071403C828
:1090B000050009476310E814C8410347150003453C
:1090C00005002207498F42070D654187930825A0B7
:1090D000630B170B011122CC26CA4AC84EC606CE16
:1090E000BE89B68432842E8963CEE800930705A03A
:1090F000630DF702130515A06300A7062390040073
:109100000545B5A0930745A06309F7086348F7062E
:10911000130565AAE314A7FE85472390F600DC45F6
:1091200083C707002300F60091A0C8459780FF1F62
:10913000E780A080420541814E86637335012A860F
:109140002390C400420641828325C900228597707E
:10915000FF1FE780407419A8DC4583D707002390E0
:1091600006012300F600A183A300F6000145F240AA
:109170006244D2444249B2490561828099472390B2
:10918000F6001946D1B785472390F600DC45014526
:1091900083C707002300F6008280DC45A9CB214766
:1091A0002390E60003D707002300E60003D707005B
:1091B0002183A300E60003D727002301E60003D79D
:1091C00027002183A301E60003D747002302E6001E
:1091D00003D747002183A302E60003D767002303D8
:1091E000E60083D76700A183A303F60041B723906D
:1091F0000600ADBF2390060005458280828083C8AB
:1092000005008947639BF814DC41797122D406D6A6
:1092100026D24AD04ECE52CC03C8170083C70700CF
:109220002E8422083368F80042088D6713580841DD
:10923000138327A0630468102A8A3A89B684B2850A
:10924000634C0301138707A0630AE802938717A002
:10925000630BF808854711A8138737A0630CE80A49
:10926000138767AA8D47E317E8FEB2502254925441
:109270000259F249624A3E8545618280484432C6BD
:109280009770FF1FE780606B420541819D47E36E49
:1092900025FDB309990083C76190B24563D43701B6
:1092A000B547E1B748442686C2094A959770FF1F23
:1092B000E780605E484403C6619093D909010506C2
:1092C0003306364181454E959770FF1FE780C06396
:1092D000938781909C4399E3814741BF9C4381459B
:1092E000E5DF528535A0AD47E31109F8E39A16FB97
:1092F00083471600834606005844A207D58F2310E3
:10930000F700938781909C43E1DB9C438545E9D737
:109310008297D9B7AD47E31A09F49947E392F6F873
:10932000484419469770FF1FE780E0569387819065
:109330009C43DDD39C43CDD38D4565B7AD4715F731
:109340008547E39FF6F40347060093070008E3EE22
:10935000E6F0DC452380E70041B785473E85828003
:1093600023A40190A383019023830190B707A00059
:1093700093854184938707059CC1B707E803DCC147
:10938000174602001306C61E9797FF1F938787FE96
:109390000947938EF183D0C3174602001306461A7D
:1093A00085462380EE00138EC18393880184D0C745
:1093B00023AED701174602001306C6191383419046
:1093C0001388E1831385D183974E0200938E0E1983
:1093D0002300EE002380E8002380E7002388E700D5
:1093E0002380E7022388E70223AEC7032380E70434
:1093F0002300E8002384D70023950700D0CB238CDB
:10940000D700239D070023A2D7032384D7022395E7
:10941000070223A60702D0DB238CD702239D070275
:10942000231003002300D500174E0200130ECE11A7
:1094300023A2C7052388E70423AE17052380E70688
:109440002388E7062380E7089748020093880812DC
:10945000174702001307870F23A2E7082384D704C6
:1094600017070000130787C42395070423A6670482
:10947000F0CB238CD704239D070423A21707238452
:10948000D70623950706ECD7F0DB238CD706239D60
:10949000070623AE07072384D7082395070823A6CA
:1094A000A7089797FF1F9387E7F598C31707000052
:1094B000130727D5D8C323A407008280A54763E8F4
:1094C000A710174702001307278A0A053A951C417F
:1094D000011122CC26CA06CE4AC8BA97B2842E847D
:1094E00082879307800F63F9B7006145F2406244B9
:1094F000D2444249056182809797FF1F938787E78F
:10950000C8573E8919C59780FF1FE780E002238373
:10951000019013061400916593850571328532C65A
:109520009780FF1FE78020F21797FF1F232AA7E6E7
:109530004DDD324681459770FF1FE780E03C0325F3
:10954000C9022286A6859770FF1FE780C034238357
:109550008190014561BF8947E399F5F8835706007B
:109560002392F190FDB7A147E391F5F82146A68536
:10957000138541849770FF1FE780E031D9BF85478D
:10958000E395F5F69797FF1F9387C7DED04F979522
:10959000FF1F9385A5E003C50400EFF07FAA55BF28
:1095A0008547E394F5F49797FF1F9387A7DCD05F77
:1095B0009795FF1F938585E0F9BF8547E397F5F2FF
:1095C00083470600A38EF18269B7094505B70945AF
:1095D000828083C7719095E38547A383F1900589C5
:1095E00009CD9796FF1F9386E6E14146A54517955D
:1095F000FF1F130525D86F30402B014582800111D4
:109600001388F5FF06CE22CC26CA4AC84EC652C4DD
:109610001378F80FAD4563EE050BBA890A081737C2
:1096200002001307E7763A983E8A832708003689B6
:10963000B284BA9782878545EFC08F912A8419E159
:10964000EFF03F9D2285F2406244D2444249B24944
:10965000224A056182808945EFC08F8F2A847DF17F
:109660002685EFE09F9AF9BF9145EFC06F8E2A845F
:1096700071F95286CE854A85EFC0EF82EFF07F996F
:10968000EFF0EFCEEF60B02275BFA145EFC04F8C79
:109690002A844DF95286CE854A85EFC0CF80268533
:1096A000EFE0BF96EFE0FF8DEF60501E61BFB14568
:1096B000EFC00F8A2A8459F55286CE854A85EFB0CD
:1096C0009FFE2685EFE07F94EFE0BF8BEF60101CDC
:1096D00075B7094485BF79714ECEAE896C0022D42E
:1096E00026D24AD006D62A89B284EF0010422A84B4
:1096F0000DE1CE854A85EF80813E2A8419E9324505
:109700002687978601009386E63C2D468145EF002B
:10971000F05A2285B250225492540259F2494561BE
:10972000828079714ECEAE896C0022D426D24AD086
:1097300006D62A89B284EF00503D2A840DE1CE85F9
:109740004A85EF80013F2A8419E9324526879786AA
:1097500001009386A63D4D468145EF003056228597
:10976000B250225492540259F249456182803971B3
:1097700026DAAE844C0022DC4AD84ED652D406DE1D
:10978000AA893289368AEF0050382A8431EDA685BD
:109790006303090283D704002C002314F10083D74C
:1097A00024002315F100930720302316F1009307BE
:1097B00080022307F1004E85EF80212F2A840DE5DA
:1097C0005946A6851305A100230421019770FF1FA8
:1097D000E780600C12455287978601009386062A1F
:1097E00025462C00EF00904D2285F2506254D25451
:1097F0004259B259225A21618280BD47638CF506D5
:1098000063E9B702A5476387F50663EDB70099479B
:10981000638CF5049D47638FF5049547638CF504CD
:1098200001458280B5476387F50463E1B704AD471E
:10983000F5B7DD47638EF50263EAB700C947638B6E
:10984000F502D9476386F502C547C9BFF54763836B
:10985000F50263E4B700ED47D1B793072005638BAA
:10986000F5009307200D5DBF484582800841828046
:1098700008458280484182809307F00F630EF50609
:10988000011126CAAA841305000222CC4AC84EC67A
:1098900052C456C206CE3A89B689B28A2E8AEFA041
:1098A0002FB02A844D4515C8930700FB2300F40010
:1098B000A300540123114401230234011305840041
:1098C000614663050902CA859770FF1FE780A0FC07
:1098D000A2852685EFA02FBC0145F2406244D24408
:1098E0004249B249224A924A056182808145977075
:1098F000FF1FE7806001E9BF09458280011122CC8A
:1099000006CE2A842306B100A306C100EF50801DB5
:109910000DC10347C500A1476311F7027800930604
:10992000E0070146A28517B5FF1F03450580EFF04C
:10993000BFF4F24062440561828078009306E0073C
:109940000146A28517A5FF1F0345157ECDB79307D6
:1099500000643306F6026FA0DFA105C903470500C6
:1099600085469307270093F7F70F63F0F60241113E
:1099700022C42A843A8506C6EFA0DFBAFD57230029
:10998000F400B240224441018280828003570500E6
:109990009307000B6313F702834745004947639C15
:1099A000E7000347150185476399E7000355250044
:1099B00085456F30701A6D47C5BF8280797126D298
:1099C000AE846C0022D44AD04ECE06D6AA89328903
:1099D000EF00B0132A840DE1A6854E85EF70717EED
:1099E0002A8419E932454A87978601009386C6FB87
:1099F0000D46A685EF00902C2285B2502254925439
:109A00000259F24945618280011122CC06CE2A8496
:109A10002EC632C436C2EF50E00C0DCD8346C500D1
:109A2000A14712472246B245639EF600B28617A5AB
:109A3000FF1F0345856F2E86A2856244F2400561B3
:109A40006FF09FE3B28617A5FF1F0345F56D2E86C5
:109A5000A285E5B7F24062440545056182806FF05A
:109A60009FC7B28601466FF09FD02394050083D72D
:109A7000850099E36FF0FFCA0945828023A6A19073
:109A8000828023A8A1908280011122CC26CA06CE12
:109A90002A84AE84EF500005A6852285EF70F14040
:109AA0001DE5228523169100EF50C0030DC1034729
:109AB000C500A1476312F70217A5FF1F0345E5661E
:109AC00078009306F0070146A285EFF0FFDAF24036
:109AD0006244D2440561828017A5FF1F0345D56407
:109AE000C5B7011126CA06CEB68422CCDD4663E294
:109AF000B608D94663FED50AA5466381D50A63EE4A
:109B0000B6049546638CD50899466387D50A054403
:109B100041687D18631606093AC6EF70D13C3306DA
:109B20008540324742064182420441803305C400E9
:109B30004205BA85418132C6EF303012AA8749C149
:109B400081C432462390C400B30580406244F24091
:109B5000D2443E8505616F709119C5466380D50476
:109B6000C9460D44E395D5FAC167FD17E31EF6FA21
:109B700065B7F5466380D50463E4B600ED46D5B716
:109B8000930620056388D5029306200DE391D5F84E
:109B9000C167FD170D446319F600BDBF09448DBFB1
:109BA0009306200DE392D5F8310642064182ADBFFF
:109BB00015445DBF0D444DBFC167FD171D447DB702
:109BC000F2406244D24405618280011122CC26CA4F
:109BD00006CE03C645002E84130700028146994530
:109BE000AA84EFF01FF02AC629CD8357040003464C
:109BF0004400930554002310F100835724002311DF
:109C0000F10089472312F100930780022303F1003A
:109C10009770FF1FE78020C8834744008A85268508
:109C20002314F100EF7051612A8411C532459780E9
:109C3000FF1FE78060902285F2406244D2440561B4
:109C400082804D44CDBF5D7186C6A2C4A6C2CAC083
:109C50004EDE89476306F600C14709446319F604DE
:109C60000144B1C52E894C0832C6B689AA84712D2B
:109C70002A8432460DEDC1778507CA851305D101C7
:109C80003ECC230EC1009770FF1FE780C0C02C0898
:109C90002685EFF09FF32A8419E952454E8797866F
:109CA00001009386E6D71D462C08EF00300122857F
:109CB000B640264496440649F25961618280797122
:109CC00022D436844AD04ECE52CCB2892E8A3A89DA
:109CD0008146130710022286D94526D206D6AA84C9
:109CE000EFF03FE02AC629C12286CA8523148100ED
:109CF00023124101231331019770FF1FE780A0B9A0
:109D00004C002685EF70B1692A8411C532459780D1
:109D1000FF1FE78060822285B2502254925402597C
:109D2000F249624A456182804D44F5B7011122CC67
:109D300026CA06CE4AC8DD472A84AE84638DF50262
:109D40008147035504006C002306F100EF70D168D1
:109D50000545638EA40803458400B165938505B865
:109D6000EFA06FB4E5472301F400978701009387C4
:109D700047E65CC0A5A8034755013149B2863306C2
:109D8000270318499C4232971043E31BF6FA83D706
:109D9000460003564700E315F6FA8C4608479770CD
:109DA000FF1FE780C0BA49DD8347540103474401E0
:109DB000850793F7F70FA30AF40063F0E704B3876E
:109DC0002703184803550400BA97984783D64700DD
:109DD00003D6270083D50700EFF07FEE35F103456A
:109DE0008400B165938505B8EFA0EFAB5945F2400B
:109DF0006244D2444249056182808347640191B73D
:109E0000011122CC26CA06CEDD472A84AE84639C8B
:109E1000F50603550500EF70110D0356C401835676
:109E20002401035744016D162A9642064182B30766
:109E3000D640C207231EC400C18363F1E70893051F
:109E4000C5FF3308F740635CB802BA96918EC2062C
:109E5000184C8355040103550400C1823E97EFF06E
:109E60001FE615E103458400B165938505B8EFA0B1
:109E70008FA35945F2406244D244056182806D153A
:109E800093160501F1B78147035504006C002306C2
:109E9000F100EF7071540545E38EA4FC0345840086
:109EA000B165938505B8EFA00FA0E5472301F40045
:109EB000978701009387E7D15CC065BF8547E9B705
:109EC00079714ECEAE89C16526D20147AA848946F2
:109ED000173602001306466AFD15054522D406D63C
:109EE0004AD0EF109007054431CD2A89130730027C
:109EF00081461146F5452685EFF0BFBE2AC655447A
:109F000031C18357A900CE8601462314F100914741
:109F10002315F10085472300F500B2472C00268564
:109F2000A38007003247FD572301F7003247A30102
:109F3000F700EF1040782A8411C532459770FF1F53
:109F4000E780805F2285B250225492540259F24930
:109F500045618280411106C6EFF03F8A19C5B240C3
:109F600041011773FF1F6700235DB24041018280EA
:109F7000011106CE2AC6EF70A15D3245914523A698
:109F8000019023A8019097A7FF1FA38DA718EF307A
:109F9000E047F24005616F20F02579719397050144
:109FA0004AD006D622D426D2C187014963DD070AEA
:109FB00017A5FF1F034515172E89EF907FC52A842B
:109FC00045C1034705009307000A6318F708854752
:109FD0004C08A305F100EF700164AA8405ED8347E6
:109FE000610171476378F708138717FE1377F70F3E
:109FF0009306000263F7E608858BC5CB9387C19073
:10A000009C43994481CB035524001306B1004C08AE
:10A010008297AA848347B10099C7084409C59770FD
:10A02000FF1FE780605195E05247B7070001938713
:10A0300007F07D8FB707120093870710630FF700B3
:10A0400003476101ED47631AF70003552400854576
:10A05000EF308030CD476388F4002285EF903FAF2A
:10A06000A1673349F900B25022544A8592540259EB
:10A07000456182803707301405073357F700058B99
:10A0800025DF13870191184351D70347510159F335
:10A090002306F10099472308F100035524006C00C2
:10A0A00023170100EF70E178B5B7938701919C43C6
:10A0B0009DC3035524001306B1004C08829739D97B
:10A0C000AA8483475101B9F78347610123089100AE
:10A0D0002306F100D9B79944EDB7397122DC26DAAD
:10A0E00006DE4AD84ED652D456D25AD0A5472A8434
:10A0F000B2846399F5108347450203570600835ADB
:10A10000260085072302F5029307F7FFB387FA02BB
:10A110005442C207C183B69703C9170083C707001B
:10A120008346C50022093369F90085476390F6022A
:10A1300033075703231006008149014A130B3501E9
:10A14000931A070193DA0A0163E15907C167FD1702
:10A150006302F90C83570401637EF90A0509420979
:10A160008346C400135909012317240105470355E9
:10A1700004009305E400639FE6002315F1009307B4
:10A1800020302316F10093078002231421012307B6
:10A19000F1002C00EF70711103458400B1659385C7
:10A1A00005B8EF905FF05945BDA083D62400DC4090
:10A1B00083452401ED1613865900C206C1823E96DE
:10A1C0005A85EF70E13D05C9630C3A01C84003D6DA
:10A1D0002400B305350152959760FF1FE780A06BFF
:10A1E00083D724003E9A83D70400420A135A0A01F7
:10A1F00085072390F40083D72400BE99C20993D920
:10A20000090199B703474600A9476310F70283473E
:10A21000450281CF0145F2506254D2544259B2599D
:10A22000225A925A025B21618280834624011309DB
:10A2300034014A8689451735020013056533EF70EE
:10A24000213619C10545C1BF834624014A86894587
:10A250001735020013050532EF70813465F583462A
:10A2600024014A868945173502001305E52FEF7052
:10A27000213369F9834624014A868945173502004E
:10A280001305452DEF70C13155FD03C74400BD478F
:10A29000E3EAE7FAA56793874712B3D7E700858B10
:10A2A000D5D38347440285072302F40203D924004F
:10A2B00071BD93874191984317A6FF1F034606E798
:10A2C00081476315F600814636858280BA8613077A
:10A2D0008702835587FDE389A5FE850793F7F70F6E
:10A2E000CDB7011106CE2EC6EFF0BFFC01CD8347DE
:10A2F000A500B245138717006396E50093F707F8AA
:10A300002305F500F24005618280011106CE2EC6BC
:10A31000EFF03FFA05C5B24591C188C1834785007A
:10A320001307E00F5D456388E7001307F00F014551
:10A330006383E7005945F240056182800945E5BF26
:10A34000411122C42A84210506C626C24AC0EFF064
:10A35000CFE083472400A51793F7D70F91EB03476E
:10A36000C40085476310F7061C4881443149A9E3BE
:10A37000FD5723010400A304F40023020402130583
:10A38000C4002244B24092440249614681454101E1
:10A390001763FF1F67004357B38724033E950845A3
:10A3A00009C59770FF1FE7802019850493F4F40F07
:10A3B000834744010848E3E1F4FE9770FF1FE780FC
:10A3C000A0177DB7084C75F965B7411122C44164E7
:10A3D00006C626C29307E4FF630EF500AA8485E152
:10A3E000EFF03FED01E91305F4FFEFF09FEC19C129
:10A3F00023109500B2402244924441018280854757
:10A400006395F504EFF0FFEA2A846DD5FD5723101C
:10A41000F500834784001307F00F6385E7021307F5
:10A42000E00F638BE7008346240003459400014757
:10A430005146A685EFF04FC42285EFF07FF0FD571F
:10A440002304F4002305040075B78947E394F5FA63
:10A450008545EF40900C59FD2685EFF09FE52A8455
:10A460004DF949BF39C9034785009307F00F6306CB
:10A47000F704011122CC06CE2A8483462500835599
:10A4800005000345950001475D46EFF0EFBE034729
:10A490002400E1476319F700035504006C0023060C
:10A4A0000100EF706173F9572304F4002285EFF087
:10A4B0003FE9F24062440561828082809307F00F99
:10A4C0006306F706011122CC26CA2A844AC84EC662
:10A4D00052C43A89B689328A93068500AE84794699
:10A4E000AA8517050000130525F806CEEFF02FC644
:10A4F000A3042401230144012322340185C0130550
:10A50000C4006244F2404249B249224AA685D2447C
:10A51000614605611763FF1F6700E337F24062443D
:10A52000D2444249B249224A056182808280238610
:10A53000A18482809547639CF50683474502854642
:10A5400085072302F502835706005842034626007A
:10A55000FD17C207C1836318D6048A07BA9703C7D9
:10A56000170083C707002207D98F0357E50063F957
:10A57000E704411106C622C485072316F5002A8484
:10A580009305C50003550500EF702148034584007D
:10A59000B165938505B8EF901FB1B2402244D94709
:10A5A0003E8541018280C946B387D70245BF8346B5
:10A5B0004600294785476396E6000347450211C3D5
:10A5C00081473E8582809D476392F5068347450219
:10A5D0008356E50085072302F5028357060058429B
:10A5E000FD178A073E978347170003470700A20716
:10A5F000D98F014763F6D704411106C622C48507E7
:10A600002A842316F5009305C50003550500EFF0D5
:10A61000CFDB03458400B165938505B8EF90BFA8F3
:10A62000B240224459473A85410182808346460020
:10A63000A94705476396F6000347450213371700FD
:10A640003A858280411122C406C626C2B5472A84B3
:10A65000639BF50483474502B28485072302F50214
:10A6600003550500EF70210883D704001307F5FF99
:10A67000014563C5E7020357E40003550400930551
:10A68000C400BA972317F400EF7081460345840095
:10A69000B165938505B8EF901FA15945B24022449A
:10A6A000924441018280034746009D470545E317D8
:10A6B000F7FE0345440213351500CDB7C547639E29
:10A6C000F5068357060003572600FD17B387E702F8
:10A6D0000347450205072302E5025842C207C1832A
:10A6E0003E978347370003472700A207D98F41676A
:10A6F0007D176395E70081473E85828013871700A9
:10A700002316E5000357E500E3F7E7FE411122C4F5
:10A710009305C5002A840355050006C6EF70613E07
:10A7200003458400B165938505B8EF90DF97B2408B
:10A730002244D9473E85410182808346460029470D
:10A740008547E39BE6FA0347450255F775B70111C4
:10A7500022CC26CA4AC852C406CE4EC683C725009C
:10A7600015472A8AAE8432843689639DE70436868B
:10A77000A2852685EFF01FDCAA8955E98547631875
:10A78000F40A03474900A9476301F70203C594008F
:10A790004A8785460146D285EFF00F8E19E585453B
:10A7A0004A85EFF08F851334150083C6240003C556
:10A7B000940001476946D285EFF00F8C2685EFF0B3
:10A7C0003FB851A01D476398E7003686A2852685CD
:10A7D000EFF07FDF55B725476398E7003686A285FF
:10A7E0002685EFF09F8F49BF35476398E70036868F
:10A7F000A2852685EFF01FE541B745476398E7003E
:10A800003686A2852685EFF07FEBBDB75D47639F57
:10A81000E70003C7C50085473686A2852685631DE8
:10A82000F702EFF0AFD08547631BF5048549A547D4
:10A830006317F402835709009DE30544E38709F693
:10A84000D947E39DF9F62285F2406244D244424959
:10A85000B249224A05618280EFF08FDAE9B703C579
:10A8600094004A87A2860146D285EFF0EF8071F509
:10A87000A2854A85EFE07FF813341500C1B705447F
:10A88000D9B7397122DC06DE26DA4AD84ED652D440
:10A8900056D283D705001944B1E383C925002A891C
:10A8A000328A938759FE93F7D70FAE84DDE303C74F
:10A8B000C1849307F00F19446302F702F5476394CC
:10A8C000F904EFF01F9FAA8921C10346A5000DCE10
:10A8D00093178601E18763DD070001442285F2506A
:10A8E0006254D2544259B259225A925A21618280FA
:10A8F000F5454A85EFF08F8083C7A90093E707F8F5
:10A900002385F900D9BF814983D64400904483C58B
:10A91000140003C504003800EF70212D2A845DFD6A
:10A9200083C6240038000146CA8503C5C184EFE010
:10A93000BFF42A8445F5B24799C323000A0083C7B0
:10A9400024007547E39BE7F8E38909F82385F900BC
:10A9500071B7EFF01F96AA8A49D185476391F90A2A
:10A9600083D5440088443000EF60D1592A843DF5F6
:10A9700003C72A00C54763F2E70ADD476301F70C06
:10A9800003C59A009797FF1F83C7D779639CA70ACF
:10A99000014403C72A008D47631FF70483578100D2
:10A9A00003D7CA0063F4E7002396FA0083D5CA00F0
:10A9B0004A85EFF06F8D9797FF1F83D7675B6D47D1
:10A9C000637BF70283D5CA005D476376B7021387BE
:10A9D000350091056349F7001307B00FBE85637416
:10A9E000F7009305B00F1166C20513060629C18151
:10A9F0004A85EF80606F5685EFF09F94C5B5834719
:10AA000025001144E39C37ED5C41E38907EC83D5D5
:10AA1000440088443000829791BFB7270200938793
:10AA2000072AB3D7E700858BA1DF03C624003400D3
:10AA3000D6854A85EFF0BFD12300AA0045B583A78C
:10AA40000A01DDB783C6240038000146CA85EFE05D
:10AA5000BFE22A841DFD83C524002800EFE0FFD952
:10AA600005D923000A0035B7930780021795FF1F09
:10AA70000345C56B3305F50291650111938565703A
:10AA800006CE26CA22CC4AC84EC6938441919770FE
:10AA9000FF1FE780409B23AAA1909307800217968F
:10AAA000FF1F0346A6683306F60281459760FF1F25
:10AAB000E78080E59C404D4595CF01449309800295
:10AAC0007D599797FF1F83C76766636CF40217056C
:10AAD0000000130545DBEFE07FFA170500001305C2
:10AAE0008580EF609132170500001305458EEF4019
:10AAF000001A0145F2406244D2444249B24905611C
:10AB00008280B3073403884061468145050413748D
:10AB1000F40F3E9523102501230105002314250180
:10AB2000230505002302050231059760FF1FE7801A
:10AB3000A0DD41BF014582809796FF1F83C6165F47
:10AB4000814763E5D70001473A8582802E879105CA
:10AB500003D6C5FFE30AA6FE8507E5B70DCD8347FB
:10AB600025000547890793F7F70F6376F702411130
:10AB700022C406C62A8483550500034535000147D3
:10AB8000F9465D46EFE05FCFF9572311F400B2407C
:10AB900022444101828082801797FF1F0347175983
:10ABA0008147FD5663E3E70082802310D50023012F
:10ABB000050085071105FDB7014582809385B185A4
:10ABC0009307000285462380F500FD57238DF1840D
:10ABD0002387F184A386F184239CD184239C019054
:10ABE00023A0019223A8019223A20192138601853A
:10ABF00097370200938707975CC2238D0190978750
:10AC0000FF1F9387E78009472300E6002380E700C2
:10AC10002388E7002380E7022388E7021737020032
:10AC200013078793D8DB0D47238CE7021387C19165
:10AC300018432384D700D0C7238CD70017350200D0
:10AC400013050593173602001306C69097360200C7
:10AC500093868692C8C323950700D0CB239D070017
:10AC6000CCCFD4D3238407022395070223A607025F
:10AC7000239D0702D8DF9777FF1F9387677D17070C
:10AC800000001307870C23A00700D8C323A40700E4
:10AC90008280411106C6EFF03FEA11C50345250049
:10ACA000B240410182800145E5BF411122C426C264
:10ACB0004AC006C6AA842E893284EFF0FFE711E964
:10ACC0004165CA857D15EFF03FE7C54711C52310E3
:10ACD0009500230185008147B240224492440249F5
:10ACE0003E854101828029E78948354763931605EF
:10ACF000011106CE22CC26CA0347160003460600E1
:10AD000093C7F7FF2207598EF18F32C68DE7C445EE
:10AD10002A84A685EFF0FFF732460147630FA600AD
:10AD200022856244F240A685D24405616FF0FFF7A8
:10AD30002D473A85828013070008F2406244D244CE
:10AD40003A850561828083C8050009486395080338
:10AD500003A845008347180003480800A207B3E78B
:10AD60000701C2070D68C187130828906395070182
:10AD700089476FF05FF70545828003C7E184930739
:10AD8000F00F630AF70441114AC02A89294522C4F9
:10AD900026C206C63284AE84EF809FE01DC59307AD
:10ADA000100B2310F5002302050023148500224414
:10ADB0002311250123139500B24092440249AA852C
:10ADC00003C5E18441016F801FEDB24022449244EB
:10ADD000024941018280828041119387C19126C23C
:10ADE000AE848C4322C406C62A84EFF09FEA098908
:10ADF00009C922852244B240A685924441016FF0E0
:10AE00002F8CB24022449244054541018280411179
:10AE100022C426C24AC006C6AA84130445001309E8
:10AE2000850B835704009DC3084409C59760FF1F25
:10AE3000E78080702285314681459760FF1FE7805B
:10AE4000A0AC3104231A04FEE31D24FDB2402244C9
:10AE5000FD572390F4000249924441018280938778
:10AE6000819298431796FF1F0346562C814763151E
:10AE7000F600814636858280BA861307870B835594
:10AE800087F4E389A5FE850793F7F70FCDB793877E
:10AE900001939C4399C703D74700E31CA7FE88474B
:10AEA000828001458280411106C6EFF05FFE09C530
:10AEB0000845B240410182800145E5BF011126CA23
:10AEC0009384450022CC4EC606CE4AC852C456C210
:10AED0005AC0268781490144814681473D45035632
:10AEE000070055CED9E20354470083572700B286A6
:10AEF000A297C207C18385093107E392A9FE25C83D
:10AF00002E8991659385457022859760FF1FE780A4
:10AF100080532A8B29CD814A014A8C4485C503D6AA
:10AF2000440033054B019760FF1FE780C09683D72D
:10AF3000440088443E9A420A135A0A019760FF1F50
:10AF4000E780805F63890A003146814526859760E6
:10AF5000FF1FE780609B850AB104E3E03AFD2326EA
:10AF6000690123148900054521A0630DD600014520
:10AF7000F2406244D2444249B249224A924A024BC8
:10AF80000561828003562700E313F6FE035647004F
:10AF90003294B2974204C2074180C183A9BF0545DC
:10AFA000E37835FDA9BF938741929C4399E301451E
:10AFB000828098470357A700E319A7FE138547002F
:10AFC0008280411106C6EFF01FFE11C50355050032
:10AFD000B240410182800145E5BF411106C6EFF054
:10AFE0009FFC11C503452500B240410182804145C7
:10AFF000E5BF411122C42A842E8506C6EFF0FFFD6D
:10B00000AA8505462285EF30303195476305F50066
:10B01000BD476313F5002145B240224441018280BF
:10B02000411122C42A84090506C6EFE01F93FD578B
:10B03000A301F400B2402244410182809387C1926F
:10B040009C431797FF1F0347770E2A860507814603
:10B050003E8583D707006388C70085069307650090
:10B06000E3E8E6FE01458280411122C4416406C640
:10B0700026C29307E4FF630EF500AA8485E1EFF092
:10B08000FFFB01E91305F4FFEFF05FFB19C123108B
:10B090009500B240224492444101828085476394E6
:10B0A000F504EFF0BFF92A846DD5FD572310F500A4
:10B0B000834724001307F00F6384E7021307E00FB0
:10B0C000638AE700034534000147F9465146A685E7
:10B0D000EFE08FFA2285EFF0BFF4FD572301F40073
:10B0E000230204007DB78947E395F5FA8545EF30E3
:10B0F000D04245F12685EFF07FF42A8455F951BFFF
:10B100005D71A6C24EDE86C6A2C4CAC052DC56DA43
:10B110005AD8AE8483C52500F947AA896396F504F9
:10B12000EFF0DFF12A8409ED01442285B640264480
:10B1300096440649F259625AD25A425B6161828052
:10B14000834725000547890793F7F70FE37EF7FC50
:10B15000034535000147F9460146CE85EFE0CFF1C2
:10B160002285EFF0FFEBC9B783AA0400B7070001FF
:10B17000938707F037071200B3F7FA001307071099
:10B18000328A0149638AE7022EC6EFF03FEB2A8933
:10B19000B2451DC10346450005C293178601E187EC
:10B1A000E3C407F84E85EFE06FF58347490093E766
:10B1B00007F82302F9008DBF03C7A1859307F00F9D
:10B1C0001944E304F7F6E147E3E1B7F693D7150036
:10B1D000FD178E0717270200130787BEBA9703A82B
:10B1E0000700E30408F403AB4700E3000BF4C20AD2
:10B1F00093DA0A0163850A00C947E398F5F283D61A
:10B200004400904483C5140003C504003808029824
:10B210002A8401FD2C084E85029B2A8421C983C7FC
:10B220001400E39407F083C72400230AA1003947E0
:10B230002308F1006399E702624783471700034739
:10B240000700A207D98F0C084E852319F100EF6083
:10B25000415EE30B05EC14080546D9454E85EFE049
:10B26000AFFA2A84D9B583578101F1BF83C6240080
:10B270009147E38BF6EA38080146CE8503C5A185E0
:10B28000EFE08FDF2A84E31205EA83C52400280853
:10B29000EFE0AFD619C123000A009840B7070001BC
:10B2A000938707F07D8FB707120093870710E30D90
:10B2B000F7E6E30B09E683C724002302F900B5B5DE
:10B2C000011106CE2EC6EFF07FD701CD8347450092
:10B2D000B245138717006396E50093F707F823023A
:10B2E000F500F2400561828093874192984319E30B
:10B2F000014615A81C4703D8A700636B05018358B6
:10B300004700B38608016355D50081466394160152
:10B310001843F1BF3E86C10703D3A7FF6317A300FD
:10B3200099C123900501328582808506C206C182BB
:10B33000F1BF397152D42E8A4ED69305E101AA8904
:10B34000528522DC4AD856D206DE26DA328936C643
:10B350003AC4BE8AEFF05FF9054435C5AA840355A7
:10B36000E1013944EFF0BFB239CD03284500630C49
:10B3700008042247B246D6874A86A6854E8502989B
:10B380002A8431E19307E00F638FFA0203C70400B8
:10B390008947631AF702D84083471700034707001D
:10B3A000A207D98FC2070D67C18713072790639C37
:10B3B000E7008347190003460900D285A2075D8E86
:10B3C0004E85EFF09F9B2285F2506254D254425931
:10B3D000B259225A925A21618280797122D403543F
:10B3E00025004ECEAA89228556CA06D626D24AD034
:10B3F00052CC5AC85EC662C4AE8AEFF05FA601E9BD
:10B400002285EF605151594429E90144B9A003C78D
:10B4100089008547AA840144631AF702AA85138527
:10B420008900EFF0BFA929CD03D7640083D684003B
:10B43000D04483D5440003D52900E147EFF07FEFE6
:10B44000D9472A846318F50223A604002685EFF065
:10B450001F9C49C0D947E30AF4FA2285B25022540E
:10B4600092540259F249624AD24A424BB24B224CA0
:10B470004561828061DD83D744002390FA00F9B7EB
:10B4800013894400014AB94B594C3D4B835509007F
:10B49000D5DDE14763067A010357C90011C3D947D7
:10B4A00003572900835649000326890003D5290044
:10B4B000EFF03FE82A846319850123240900050A77
:10B4C0003109E3156AFD59B77DD9835709002390E7
:10B4D000FA00F5B703D529002DB701112317C100D4
:10B4E0009307E00F1306E1000147894606CEEFF00F
:10B4F0005FE4F24005618280797122D42A84035589
:10B50000850026D2AE849305210106D64AD0EFF0FD
:10B51000BFDD6308050E834785002AC693F707023F
:10B520008DCF03552101EFF01F98AA87B24501ED99
:10B530008357840039452390F400B250225492542A
:10B54000025945618280035524004946829711C5FE
:10B55000835784002390F400CDB7035924004A8513
:10B56000EFF0FF8F11ED41657D15EFF05F8F19E56D
:10B570008357840025452390F400C1B7231025018B
:10B58000130745008147BD46035607002DE63147A6
:10B59000B387E702130984003146CA8591073E95B7
:10B5A0009750FF1FE780202F3146CA8548089750E3
:10B5B000FF1FE780402E0356C40003552400414777
:10B5C0008146DD45EFE0EFD12ACE19E583578400AF
:10B5D00045452390F40095B70C480356C400975096
:10B5E000FF1FE780402B035524004C08EF60712EAD
:10B5F00029D5594599B785073107E397D7F82545E8
:10B6000081BF0545B1B7797122D42A8403558500DD
:10B6100026D2AE849305E1014AD006D63289EFF0F6
:10B62000BFCC51C58347850093F70702A9E70347BD
:10B6300014019307200519E3834744008356A400AF
:10B64000504483558400035524000147EFF07FCE1A
:10B65000AA8721E98347140199E703552400EF6085
:10B660007122D94711E18147B250225492540259B4
:10B670003E85456182802AC60355E101EFF0BF8215
:10B68000AA8705C9B2450355240049468297AA876F
:10B6900059DD035784002390E4000347140161F748
:10B6A000E1B75947E317E5FE230009006DBF854761
:10B6B000CDB7B947F9BF397122DC4AD84ED652D43A
:10B6C00006DE26DAAA892E8A32C63689EFF01F975F
:10B6D000094415C5834725001307E00FAA845D447C
:10B6E000638FE7001307F00F5944639AE70032466F
:10B6F00005E2D2854E85EF60F1252A8415CD22859D
:10B70000F2506254D2544259B259225A2161828075
:10B7100003550A009305E101231F0100EFF0DFBC90
:10B720000355E101EFF07F8BAA8505464E85EF308A
:10B73000A03E2A845DDDE1B79307F00FE301F9FC39
:10B74000938624007946A68517F5FFFF130545412A
:10B75000EFE0EF9FA38124015DB739719387419298
:10B7600026DA844352D45AD05ECE62CC06DE22DC86
:10B770004AD84ED656D266CA2A8BAE8B328C368ABF
:10B7800099E08149B9A0804483DC44000149835A8F
:10B79000A400631499018440E5B78357A400A289EB
:10B7A00063F8670105094209135909014104D5B736
:10B7B000E3EAFBFE630C0A00834504004840D2869E
:10B7C00062863AC6EF50D15D324769DD19C3231056
:10B7D0005701F25062544E85D2544259B259225AFE
:10B7E000925A025BF24B624CD24C2161828003D7A9
:10B7F000050083D62500854763E9E60439C7411172
:10B8000083C6450026C29384550022C426862E8412
:10B81000172502001305C5D5894506C6EF505158B6
:10B82000C14711CD834644008355240003550400CD
:10B8300001472686EFF07FF2814711E1A947B24028
:10B84000224492443E85410182803E8582802E863C
:10B850000355060083D52500854763E2A50205C18F
:10B860008346460041110147150606C6EFF0FFEE7C
:10B87000814711E1A947B2403E85410182803E8562
:10B8800082802E860355060083D52500854763E216
:10B89000A50205C18346460041110147150606C6AB
:10B8A000EFF0BFEB814711E1A947B2403E8541016E
:10B8B00082803E85828039714ED683D7250083D918
:10B8C000050006DE22DC26DA4AD852D456D25AD0F7
:10B8D0005ECE62CC66CA6AC863E037198547638E5C
:10B8E0000914416BAE8A2A8A2314010002C601445E
:10B8F00001497D1B894B054CC94C054D83D52A0058
:10B900000147814601464E8523130100EFF0FFE415
:10B91000AA846300051209EC130720029306610054
:10B920005A8695455285EFE0CF9B2A84630805121D
:10B930000357810083C7040045C70347A100630C78
:10B94000A70741476385E7022C005285EF606141FC
:10B9500009CD34001546D9455285EFE0EF8A11C56F
:10B9600032459760FF1FE78020BD8147F9A083D74C
:10B97000A4004146130524002300F40083D7A4004B
:10B98000A183A300F400CC409750FF1FE780A0F0F4
:10B990004904835781008507C207C1832314F1003E
:10B9A00063F9270983D7A400638567098509C2095C
:10B9B00093D90901A1B7E39977F983D7A400094680
:10B9C000130524002300F40083D7A400A183A3005F
:10B9D000F400CC409750FF1FE780E0EB110455BF07
:10B9E00022C60359610003C7A40013052400638223
:10B9F000770333599903230571012300E40083D7AA
:10BA0000A4004146A183A300F400CC401379F90FB0
:10BA1000A5BF230581012300E40083D7A4001359A7
:10BA200029001379F90FA183A300F4000946CC4043
:10BA300055B78357810089FBA947F2506254D2540D
:10BA40004259B259225A925A025BF24B624CD24C82
:10BA5000424D3E85216182808547C5B7C547F1BF0C
:10BA600003C7E193854763F3E706011122CC26CA99
:10BA70004AC806CE2A843289AE84EFF02FDC01C991
:10BA8000034725009307E00F5D456308F700631C3B
:10BA90000900A6852285EF60C168F2406244D24465
:10BAA00042490561828003D504009305E100231714
:10BAB0000100EFF07F830355E100EFF00FD2AA857C
:10BAC00005462285EF30400569D5C1BF59458280C2
:10BAD00013F7050201C7B2856FF0AFD1411126C23D
:10BAE0004AC006C622C413F98500AA846317090058
:10BAF000139785016187635D070232853684EFF015
:10BB0000CFCDAA8505466313090001462685EF308F
:10BB1000A00001E90145B24022449244024941019A
:10BB2000828083479400E5DB83478400E5F7E5B72F
:10BB300093F72500E5F30D45F9BF7971AE8622D460
:10BB40002A8403D506009305E10106D636C6EFF038
:10BB5000AFF909CD83458500B2460356E101228540
:10BB6000EFF01FF7B2502254456182800545DDBFDA
:10BB700013F7050201C7B2856FF0AFC7411122C4A8
:10BB800026C206C693F485002A8491E413978501A2
:10BB90006187635007023285EFF02FC4AA850546FE
:10BBA00091E0014622852244B240924441016F2037
:10BBB000B07693F72500014591E30D45B24022444C
:10BBC0009244410182807971AE8622D42A8403D5C1
:10BBD00006009305E10136C606D6EFF0EFF0B24657
:10BBE00001CD834585000356E1012285EFF05FF822
:10BBF000B2502254456182800545DDBF797126D25D
:10BC0000AA840355A500C16722D44AD04ECE06D6D9
:10BC100023170100FD173284B6890149630DF50031
:10BC2000050583C60400D04042051307E1004181A9
:10BC3000EFF0BFB22A8983C60400D040894517259A
:10BC400002001305E592EF50B1151DC503D4A40001
:10BC50002285EFF00FB709C57D142A944204418074
:10BC60006384090023908900B25022544A8592547B
:10BC70000259F2494561828083C60400D04089455B
:10BC8000172502001305058FEF50911161F183C64E
:10BC90000400D0408945172502001305A58BEF50FD
:10BCA000311019C9E30609FA8357E100E39287FAD4
:10BCB0000354A9007D145DB703D4A40055B73971AE
:10BCC00022DC26DA4AD84ED652D456D25AD062CC8A
:10BCD00006DE5ECEBE8983C785002A8AAE84C18B0C
:10BCE000328C36843A89C28A468B9DE783CB040026
:10BCF0008947638BFB046285EFF06F991DC1832830
:10BD00000500638008025A88D6874E87CA86228635
:10BD1000A6855285829839A03285EFF0CF98AA8700
:10BD200011ED3945F2506254D2544259B259225A57
:10BD3000925A025BF24B624C216182802946A685B1
:10BD40005285829745D5F9BFD840834717000347EE
:10BD50000700A207D98FC2070D67C1879306079016
:10BD60006384D72263CEF60693062780638ED70CB2
:10BD700063C1F60213070780E3CFE7F62D45E3938F
:10BD800009FADC4403C60700CC432310C90022850E
:10BD900069A213073780E390E7F62D45E39409F88D
:10BDA00085472310F900DC44814583C70700230041
:10BDB000F40003D5A400050542054181EFF0CFD280
:10BDC000835709006317051291072310F9001146E4
:10BDD0008145130514009750FF1FE780E0B229A2A8
:10BDE000930627906383D71863CED71293063790B4
:10BDF000638CD71813074790E39FE7EE2D45E39335
:10BE000009F2DC441D472310E90003C707002300A3
:10BE1000E40003C71700A300E40003D727002301B1
:10BE2000E40003D727002183A301E40003C74700F0
:10BE30002302E40003D76700A302E40083D767006E
:10BE4000A1832303F4004DA02D45E39D09ECDC44C0
:10BE50006C0083C9170003C70700A209B3E9E90012
:10BE600011472310E90083C707004E852300F40023
:10BE7000DC4483C71700A300F400EFF0EFC6AA84E8
:10BE800035C50356C100C1659306E100FD15832940
:10BE9000C500EFF0BFD619ED83C60400D040894538
:10BEA000171502001305056DEF50816F01E5FD5771
:10BEB0002317F10003C7090089476310F70283A520
:10BEC00049000946130544009750FF1FE780A09CD6
:10BED0008357090089072310F9008357E1002301E4
:10BEE000F400A183A301F40001452DBD2317310106
:10BEF000EDB7034705008907BA972310F900835768
:10BF0000A500A300F4008357A500A1832301F4003A
:10BF1000034605004C41130534009750FF1FE7808E
:10BF20008097D9B7C8449750FF1FE78000A19317A7
:10BF30000501C1832A871D45E3E637DF6399F900D0
:10BF400023100900CC4403560900CE9589B5420759
:10BF5000B3863A01418363C7E600B38737412310B4
:10BF6000F900CDB723105901F1BF2D45E39C09DA43
:10BF7000CC445285EFE0FFD1231079012300A400C7
:10BF80002181A300A4008DB72D45E39D09D8DC4491
:10BF90002310790183C707002300F400DC4483C722
:10BFA0001700A300F40089B75D71CAC02A89035540
:10BFB00025004EDE52DC56DA5AD85ED662D466D2FE
:10BFC0006AD06ECE86C6A2C4A6C22E8BEF50A171D7
:10BFD000130CF5FF931D0C01C16BAA8A8149178AC6
:10BFE000FF1F130AAAEE93DD0D01938C0192138DAE
:10BFF0008191FD1B8357C90063F8F9009787FF1FE4
:10C0000083D7C7EC63CE8701035529009785FF1FAF
:10C010009385C5EBEF50917BAA841DCDD9442DA803
:10C0200083278900139719009305E100BA9703C489
:10C03000170083C7070022045D8C2285EFF0CFAA8A
:10C04000AA851DE923108B0003254A00854409C5F4
:10C050009750FF1FE780404EB6402644268506498C
:10C060009644F259625AD25A425BB25B225C925CAD
:10C07000025DF24D616182808348490083A60C0015
:10C080000356E100035529006E8881476A87EFF067
:10C090001FC3AA8411C523108B0003254A0045BF86
:10C0A00083274A0095E303552900514781465E8660
:10C0B000BD45EFD01FA39787FF1F23ABA7E009E57E
:10C0C00023108B00C54449BF9787FF1F83D707E024
:10C0D00003D781913E976347570113C7F7FF5697E0
:10C0E000239CE19003254A0083A50C0003D681918F
:10C0F0003E959740FF1FE780007A83570A00035759
:10C100000D008509C209BA971787FF1F2310F7DCB6
:10C1100093D90901C5B5397122DC2A84035525005C
:10C1200006DE26DA4AD84ED652D45AD05ECE62CC3B
:10C1300066CAAE8B56D2EF50015B2A8A8346C40092
:10C140008355A4000355840078001306D400930C93
:10C15000BAFF651AEFF06FE0420A416B2A89814409
:10C16000135A0A01138C01929789FF1F938909D6EC
:10C170007D1B6302090463D0940583484400832631
:10C180000C000356C10003552400528881471387D1
:10C190008191CA85EFF0BFB215C5814A0356C1002F
:10C1A0008355A4004A859306E100EFF03FA52A8954
:10C1B000639D0A065DFDE5E08357840029452390D1
:10C1C000FB0081A00356040183D78191E317F6FC9D
:10C1D00083250C0048489740FF1FE780407755DDD6
:10C1E00083A74900A1E303552400454781465A86A9
:10C1F0009D45EFD01F8F1DE1835784004545239057
:10C20000FB00F2506254D2544259B259225A925A07
:10C21000025BF24B624CD24C216182809787FF1FF8
:10C2200023A8A7CA835AA90095BF83A74900A69748
:10C2300023805701938714001397070183A74900B0
:10C24000418393DA8A00BA97238057011387240029
:10C2500083A6490093873400420791044183C207B3
:10C26000C204C183C180369711CD8356E1002300FB
:10C27000D70003A74900BA970357E1002183238021
:10C28000E700C5BDFD562300D70003A74900BA97B4
:10C290002380D7000DB70355240089809785FF1FA1
:10C2A0009385C5C29787FF1F239297C2EF5011381D
:10C2B00029D95945B9B7411122C406C693F70501DA
:10C2C0002A84328585C3EFE05FD1AA8505462285A1
:10C2D000EF20900495476305F500BD47631DF50207
:10C2E000214515A893F7450099CBEFE01FCF0546F0
:10C2F000AA8522852244B24041016F20F00193F7C4
:10C30000050489C7EFE07FCD0146DDB713F51500C1
:10C31000133515000605B24022444101828079712F
:10C320004AD04ECE52CC06D622D426D22A8AAE8904
:10C33000014983D749006364F9000145A1A083A79F
:10C34000090013141900930414003387970003475E
:10C350000700A29703C5070022079305E100598D46
:10C36000EFE09FF805E983A7090005453E940347E0
:10C3700004002380E70083A70900BE9403C70400DC
:10C38000A380E700B250225492540259F249624A03
:10C3900045618280834585000356E1005285EFF0B8
:10C3A0009FF105C183A709003E9403470400238041
:10C3B000E70083A70900BE9403C70400A380E70039
:10C3C000D1B70509420913590901A5B7011122CCBA
:10C3D0002A8403D505009305E10006CEEFE0DFF0E7
:10C3E00001CD834585000356E1002285EFF0BFECC7
:10C3F000F2406244056182800545DDBF397126DA6D
:10C40000AA840355250006DE22DC4ED652D456D22D
:10C410005AD05ECE62CC66CA6AC82E8A4AD8EF501D
:10C42000812CAA8A83C6C40083D5A40003D58400C6
:10C43000138CAAFF78001386D400EFF00FB2420CE1
:10C44000C16CAA890144135C0C01138B8191938BFD
:10C450000192FD1CED1A178DFF1F130D2DA7638D83
:10C4600009180356C10083C5890003D52400EFF0E5
:10C470009FE42A89631D051683C8440083A60B0028
:10C480000356C10003D52400628881471387819138
:10C49000CE85EFF0DF822A89631B051439C003D7EC
:10C4A000819111079787FF1F83D767A26395E700E4
:10C4B000A29763C057099787FF1F83D747A13354BB
:10C4C000F40203D524009785FF1F938525A0978745
:10C4D000FF1F239D879EEF50F1322A890DC55949D0
:10C4E0001DA003D52400494781466686C545EFD087
:10C4F0004FDF9787FF1F23ADA79C0DE583D7A900CA
:10C5000045492310FA00F25062544A85D2544259E8
:10C51000B259225A925A025BF24B624CD24C424DB3
:10C520002161828083570B0091071787FF1F23101B
:10C53000F79A83274D0003D7A9009306E100A2973D
:10C540002380E700930714001397070183274D000A
:10C5500041834E85BA9703D7A90021832380E70042
:10C560000356C10083D5A400EFF04FE983264D00A8
:10C57000130724000356E100420741833697230046
:10C58000C70003274D0093073400C207C183BA9741
:10C590000357E100AA89110421832380E7000325C2
:10C5A0004D004204418003D6819183A50B00229562
:10C5B000639509029740FF1FE780E02D83570B002A
:10C5C0003E9442044180E31804EE83D78400231094
:10C5D000FA00E31A09F229493DB79740FF1FE780A7
:10C5E000802B83570B003E94420441808DBD83D73E
:10C5F000A9002310FA00C1BF0149F1B75D71A6C2BD
:10C60000CAC0AA840359850003552500A2C44EDE82
:10C6100056DA5AD85ED662D466D26AD086C652DC62
:10C620006ECE2E8BEF50210C930BD5FF7115931905
:10C6300005010144138DD40093D90901138C819114
:10C64000938C0192978AFF1F938A4A8863587415C6
:10C6500083C6C40083D5A4001307E1006A864A8517
:10C66000EFF0AF8FAA8D630B05120359A500834528
:10C6700085000356E10003D52400EFF0DFC3631407
:10C68000051283C8440083A60C000356E10003D5BD
:10C6900024004E88814713878191EE85EFF02FE2C9
:10C6A000631305101DCC83D781911787FF1F035794
:10C6B00007828907630EF7069787FF1F83D72781B5
:10C6C0003354F40203D524009785FF1F938505801A
:10C6D0009777FF1F239C877EEF50017F05C5594543
:10C6E00015A003D5240041664D4781467D16A5451A
:10C6F000EFD02FBF9777FF1F23ACA77C1DE123103E
:10C700002B014545B640264496440649F259625AE3
:10C71000D25A425BB25B225C925C025DF24D616177
:10C72000828083570C0089071777FF1F2311F77A40
:10C7300083D78191A29763D3770783A74A0003D752
:10C74000AD00130A2400A2972380E7000504931785
:10C75000040103A44A00C183420A3E9483D7AD007A
:10C7600083A50C00135A0A01A1832300F40003A53A
:10C770004A0003D6819152959740FF1FE780A01190
:10C7800003540C00C167FD17529442044180E30F2B
:10C79000F9EA05094209135909014DBD294509FC6A
:10C7A00023102B0185B76DDC01BF8357050081E79E
:10C7B00089473E858280411126C2444122C406C673
:10C7C00083C60400D0402A8489451715020013054A
:10C7D00025DAEF40F15C19C9834724002547E517A6
:10C7E00093F7F70F6376F702E14729A883C60400A1
:10C7F000D0408945171502001305C5D7EF40515A9F
:10C8000061FD8947B240224492443E8541018280C5
:10C8100083D681858547FDD6035704003697C166C8
:10C82000E3C2E6FE91659385257031459750FF1F61
:10C83000E78060C1AA84CD4771D5314681459740D4
:10C84000FF1FE780600C8357040083D58185014674
:10C850000147B386E500C206C1826369F702AE975D
:10C86000C207C18319C2239CF18423A0040021467E
:10C87000A285138544009740FF1FE780C00193877E
:10C8800041929C4391EF23A2919231A850401315FD
:10C89000470005072A962315D60005465DBFBA87CF
:10C8A000984375FF84C38147B1BF011106CE22CCE6
:10C8B00026CA4AC809E98944F240624426854249A9
:10C8C000D244056182802AC62A842800368923142E
:10C8D000B1002305C100EFF05FEDAA8471FDE30D07
:10C8E00009FC8357A400E1DB9165938555703145C0
:10C8F0009750FF1FE78020B50DC58357A400232064
:10C900000500232425012312F500938701939C43FE
:10C9100089E723A8A1924DB7BA87984375FF88C3CA
:10C9200061BFCD4451BF83C7A19195E38547238D56
:10C93000F190058909CD9766FF1F938666B1414640
:10C9400091451765FF1F1305A5AC6FF01FF6014554
:10C9500082802387A1848280C167FD176315F5005B
:10C960002E856FE06FA3411106C6EFE0EF9C11C565
:10C97000FD572310F50023010500B24041018280DC
:10C9800001114AC806CE22CC26CA85472A8963935C
:10C99000F5044A85EFE0AFCC39E9C1649385F4FF33
:10C9A0001307E1008946171602001306E6BA05458B
:10C9B000EFE0BFDA2A84FD140DC44C444A85EFF041
:10C9C000BFF90356E10022858146A685EFF00FA34B
:10C9D0002A84DDB789476396F5008545EF20E0336B
:10C9E0004DD9F2406244D244424905618280EFE071
:10C9F0000FC265B7411106C623A4019223A6019276
:10CA000023AE01901775FF1F0345557241CD930763
:10CA1000200C3305F50291659385157019054205C3
:10CA200041819750FF1FE78000A223A4A1929307A2
:10CA3000200C1776FF1F0346766F3306F6028145FA
:10CA400019069740FF1FE78020EC938781929C4353
:10CA50001777FF1F0347976D81459386870B7D5599
:10CA600063E8E5069306800BB306D7020146FD5541
:10CA70000507B69723A6F192BE862390B600A38140
:10CA8000B6002381B6002382060005069906E366F8
:10CA9000E6FEF9562390D70099463307D702BA9796
:10CAA00023AEF19017E5FFFF1305C565EFC07FFDCD
:10CAB00017F5FFFF13050581EF40913517E5FFFFDF
:10CAC0001305C55AEF20A01CB240014541018280E8
:10CAD0002394A6F41386C6F423100600232406002C
:10CAE0003106E31BD6FE85059386860B95BF411163
:10CAF00022C42A8406C6EFC0BF86EFE02F8CA3862F
:10CB000081849387C1918843EFE00F89238D8184CD
:10CB10002244B240170500001305C5E641016F200D
:10CB2000001793970501C18763D00736797103C554
:10CB3000D18422D452CC06D626D24AD04ECE2E8ACA
:10CB4000EF700F8D2A8421C9034705009307000B5E
:10CB50006310F7048547A304F100938701929C4377
:10CB600023150100A1E7EF00C07E91659385357024
:10CB70009750FF1FE780208D23A0A19205E98347EE
:10CB8000910099C78345440013058400EFD08FBC02
:10CB90002285EF60DFFBB250225421653345AA00A5
:10CBA00092540259F249624A456182806146814548
:10CBB0001775FF1F130585319740FF1FE780C0D40D
:10CBC0000349440089479779FF1F93892930631DE2
:10CBD000F906EF0000789777FF1F2399A72E0355DA
:10CBE0002400CE85EF504113035724009777FF1F91
:10CBF00083D7C72D8356840011ED63E4F600231418
:10CC0000F400835584003A85EFC01FE82285EFC009
:10CC1000FFD7B5B763E4F6002314F400835784000C
:10CC2000D9450D469776FF1F2392F62A9776FF1F68
:10CC30009386C6293A85EFC03FDD8D4561D91775CA
:10CC4000FF1F1305A528E1A09947631CF90293056E
:10CC5000A1002285EFF02FCCAA844DD9D947639B40
:10CC6000F40E0509035524001379F90FD945977679
:10CC7000FF1F9386A6254A86EFC01FD9CA8559D5BE
:10CC80007DBFA1476318F9009305A1002285EFF04D
:10CC9000FF96D9B7A947631FF906035584006C00B6
:10CCA000EFE08FE4AA84630705160355240041666C
:10CCB0009306E10055477D16AD45EFC09FE297779B
:10CCC000FF1F23A7A720AA8649C183484400035811
:10CCD000E1000356C10003552400A68581474E8715
:10CCE000EFE0FFFDAA846316051003552400CE85EE
:10CCF000EF506123E30C05F003552400CE862D464A
:10CD0000D945EFC07FD0E30305F0AD454E85EFD0A8
:10CD10006FA4EDBDB1476315F910035584006C0095
:10CD2000EFE08FDCAA846307050E035524004166FB
:10CD30009306E10059477D16B545EFC09FDA977716
:10CD4000FF1F23A7A718AA863DE183578400C54487
:10CD50002315F10003471400D147E309F7EA83479D
:10CD60004400035524009775FF1F938525161777F8
:10CD7000FF1F230DF7148357A1001777FF1F2318F8
:10CD8000F7149777FF1F23859714EF40912AE30F3D
:10CD900005E6035524009776FF1F93862613054664
:10CDA000D945EFC07FC6E30305E6854549BD834805
:10CDB00044000358E1008357A4000356C100035503
:10CDC0002400A6854E87EFE09FEFAA841DE103555E
:10CDD0002400CE85EF50E11AE30A05E20355240052
:10CDE000D945CE863546EFC03FC2B545E30005E2E2
:10CDF000B9B5D9476393F400814403A5490097402E
:10CE0000FF1FE7806073E38304E0835784002315EA
:10CE1000F10089B78357840085442315F1001DBFB5
:10CE2000B9476318F9009305A1002285EFF0CF9769
:10CE300025B5C1476318F9009305A1002285EFF0DD
:10CE4000EFDB19BDC947631AF9001306910093057A
:10CE5000A1002285EFE02FFB01B5D947631DF90042
:10CE60009305A1002285EFE02FE9AA84E31805DEEF
:10CE7000A304010061BBE147E31AF9D89305A100BF
:10CE80002285EFE08FD5C9BB01458280E9CE011133
:10CE900052C42E8A854522CC4EC656C206CE26CA1C
:10CEA0004AC8AA8AB6893284EF103067D14715C1C3
:10CEB00083C7C19383C6D193814419E0B684BE86EB
:10CEC00013874193184393974400BA9763EDD400B6
:10CED000D547F2406244D2444249B249224A924A7A
:10CEE0003E85056182803E89C10703D727FF09C7B8
:10CEF000850493F4F40FD9BF2DC09565938525C0A3
:10CF0000130500029740FF1FE780E0532326A90086
:10CF100061D1130600028145938404049740FF1FEA
:10CF2000E780809E231199002300090023135901F3
:10CF300005C81777FF1F1307271583479400104371
:10CF40002304F900118C8327C90011841180238EDA
:10CF5000870023A029018147ADBF23260900E9B737
:10CF600023044901FDB785473E858280938741931D
:10CF7000984383C5C19381476395F5008146368503
:10CF8000828003562700BA8619C2E30AA6FE8507E7
:10CF900093F7F70F4107CDB793874193984303C6A3
:10CFA000C19381476315F60081463685828083559B
:10CFB0002700BA8689C583454700E388A5FE850713
:10CFC00093F7F70F4107F9BF9777FF1F9387C70BB9
:10CFD000984383C5F19381476395F5008146368573
:10CFE000828003560700BA8619C2E30AA6FE8507A7
:10CFF00093F7F70F4107CDB7938741939C4303C83D
:10D00000D19301476315E80081463685828003D6B7
:10D010002700BE8619CA03D667006318A600D0474A
:10D0200009C603562600E302B6FE05071377F70F7D
:10D03000C107C9BF411122C4404526C206C6AA8401
:10D0400015C0484409C59740FF1FE780E04E484897
:10D0500009C59740FF1FE780204E22859740FF1F9C
:10D06000E780804D2685414681459740FF1FE78038
:10D07000A089B2402244FD57A384F40092444101A8
:10D080008280011122CC2A840355250006CE2EC6AB
:10D09000EF107011324622858145EF00906C228599
:10D0A0006244F24005616FF0FFF80DC5035725009B
:10D0B000411122C406C62A8411CBDD45EF00506E13
:10D0C00022852244B24041016FF0DFF6B240224493
:10D0D000410182808280411126C231479304C5FFFD
:10D0E0003387E4029777FF1F938707FB06C622C4A6
:10D0F0003E978356A7006397B602484305C53E8412
:10D100009307F00F6306F60083470500639CC70092
:10D110009740FF1FE7804042B147B387F402A297D0
:10D1200023A20700B240224492444101828041116F
:10D1300022C42E8426C24946AA848145228506C679
:10D140009730FF1FE780407CADC083C7C4011397B1
:10D1500047009777FF1F938727F39C43BA9703D71E
:10D1600007002310E40003D7270083D767002311AB
:10D17000E4001387A193035707002312E40003D7A9
:10D1800004002313E40003D724002314E40003D78E
:10D1900044002315E40003D764002316E40003D7FA
:10D1A00084002318F4002317E400B2402244924480
:10D1B000410182809777FF1F938707ED03A807003F
:10D1C00093874193904383C5C193014781476394FB
:10D1D000E5003E8582808346060081CE544691CA92
:10D1E00083C6C6019206C2966315D500850793F7DC
:10D1F000F70F05071377F70F4106D1BF1306006439
:10D200003386C50293069500AA851705000013050D
:10D2100005EA6F700F96411122C406C62A840345A1
:10D220009500EF702FB0FD57A304F400B2402244E4
:10D2300041018280011122CC4AC84EC652C456C256
:10D2400006CE26CA2A89AE890144138A41939D4A93
:10D2500083C7D1936362F40463970902938941936E
:10D26000130AF00F83C7C1936366F4061144A14407
:10D270002285050442041306F00FCA854180EFF0B1
:10D280009FE5E31794FEF2406244D2444249B2491A
:10D29000224A924A0561828083270A00931444003F
:10D2A000BE9483C704009DC383D7640063902703A3
:10D2B0006396590103D52400EF10E06E26854E8653
:10D2C0008145EF00104A2685EFF0DFD60504137480
:10D2D000F40FBDBF83A7090093144400BE9483C715
:10D2E00004009DC383C794006380470383D7640011
:10D2F000639C27012685EFF01FF22685D145EF00BC
:10D30000304A2685EFF01FD305041374F40F99BF3C
:10D3100041677917630BE502411122C406C68547B0
:10D320002A846399F50022852244B2408145410157
:10D330006FF05FF089476396F5008545EF10F01DAB
:10D340007DD1B24022444101828082809D456FF0B0
:10D350007FEE03D5A1938280011106CE2317A10091
:10D360002316B10003C7819385476318F700700047
:10D370009305E1000545EF50F057F24005618280CA
:10D38000A947631CF60483C7150003C70500A2075D
:10D39000D98F2310F50083C7350003C72500A207E6
:10D3A000D98F2311F50083C7550003C74500A20795
:10D3B000D98F2312F50083C7750003C76500A20744
:10D3C000D98F2313F50083C7950003C78500A207F3
:10D3D000D98F2314F500014582800545828091474D
:10D3E0006314F60283C7150003C70500A207D98F8F
:10D3F0002310F50083C7350003C72500A207D98F86
:10D400002311F50001458280054582809387C5FF81
:10D4100093960701C1820D476360D7023147338776
:10D42000E7029777FF1F938727C7BA972381A70043
:10D430002390B70001458280094582801307402070
:10D44000AA876374A70093074020F117239DF192E8
:10D45000238FB1922380B19482801905956542058E
:10D460004111938535C0418106C69740FF1FE78073
:10D4700080FD11C5B240E95541016F404107B240FE
:10D4800041018280238E0192238F0192A38F01920A
:10D49000A38E0192238C0192854701111777FF1FFC
:10D4A000230AF7BE06CE2AC622CCA3800194239D70
:10D4B000019223AA0192EF1000583245130600038F
:10D4C00081459777FF1F2383A7BC1775FF1F13059F
:10D4D000A5BC9730FF1FE78020431775FF1F03454A
:10D4E000A5BE31C19565938545C012059740FF1FC4
:10D4F000E78060F51777FF1F2328A7B80DC597773A
:10D50000FF1F938767BC83C717001776FF1F03466B
:10D51000A6BB8145A38EF192A38FC19212069730CC
:10D52000FF1FE780603E9387D19383C7070017757D
:10D53000FF1F0345A5BF95653E951375F50F238E17
:10D54000A192938555C012059740FF1FE780A0EF79
:10D5500023AAA19251C103C6C193120681459730F7
:10D56000FF1FE780603A93874193984383C6C19336
:10D57000814725077D56639AF604EF10A070B147E6
:10D580003305F5029565938565C042054181974055
:10D59000FF1FE78040EB9777FF1F23ABA7AE2A84DE
:10D5A00001CDEF10206E31463306C502814522853C
:10D5B0009730FF1FE78040356244F24017050000B6
:10D5C000130545D505616F10806C85072300C700E2
:10D5D00093F7F70F410745B7238E0192A38E01926F
:10D5E00069BF41119397050126C206C622C4C187AF
:10D5F000AE8463DE07081775FF1F034525A9EF609A
:10D600002FE12A8439C903470500930700096313F2
:10D61000F70403471500CD476319F70603452500B6
:10D620009775FF1F83C5B59483C7E1939306640084
:10D63000014601472E886319E50219C2238FF19232
:10D6400083C7E19381CB85451775FF1F034505A46B
:10D65000EF60FF9B2285EF608FCF2165258DB24063
:10D66000224492444101828003C60600B29713F619
:10D67000F70F9377F80F6374B6009377F60F0507EB
:10D680001377F70F890605467DB72125E1B793F794
:10D6900015000145E9D7EF00506D19C983C7E19323
:10D6A00081CB85451775FF1F0345459EEF603F966B
:10D6B00013C514006DB785462A8763FBC60483C76C
:10D6C000150003C60500A207D18F2310F500639C47
:10D6D000D70083C7350083C62500A207D58F231145
:10D6E000F50001458280894601456394D70283C7CE
:10D6F000350083C62500A207D58F2311F70083C705
:10D70000550083C64500A207D58F2312F7008280FB
:10D710000545828091476314F60283C7150003C74D
:10D720000500A207D98F2310F50083C7350003C772
:10D730002500A207D98F2311F500014582800545F8
:10D74000828091476314F60283C7150003C7050062
:10D75000A207D98F2310F50083C7350003C7250022
:10D76000A207D98F2311F5000145828005458280EB
:10D77000A1476314F60483C7150003C70500A20779
:10D78000D98F2310F50083C7350003C72500A207F2
:10D79000D98F2311F50083C7550003C74500A207A1
:10D7A000D98F2312F50083C7750003C76500A20750
:10D7B000D98F2313F5000145828005458280894772
:10D7C000631CF60083C7150003C70500A207D98FA5
:10D7D0002310F5000145828005458280835726008D
:10D7E00079714ECE06D622D426D24AD01307F0073E
:10D7F000AE896372F70209473AC42316F10030007C
:10D8000093F5F50FEF100019B250225492540259BB
:10D81000F2494561828003574600D9462A893284FD
:10D8200063F8E6008357660063F4F6006379F70057
:10D8300023140100300093F5F90F4A85E1B7035531
:10D84000060002C4EFF04FF8AA8459C1EFF09F968A
:10D8500083C784006369F5001146A246CE854A85D8
:10D86000EF10A00855B7340026869305F00F4A85BF
:10D87000EFF0CFE175F1A24703578400DC47239016
:10D88000E700035724002391E70003574400239245
:10D89000E700035764002393E70003D74400239471
:10D8A000E700DC4485CB93F4F90F2286A6854A85F0
:10D8B0008297C167FD172A86E311F5FA2245994739
:10D8C000F9452300F50023029500EFF03F932DBFAB
:10D8D000094661B7014651B7A947631CF60483C7DF
:10D8E000150003C70500A207D98F2310F50083C7D1
:10D8F000350003C72500A207D98F2311F50083C780
:10D90000550003C74500A207D98F2312F50083C72E
:10D91000750003C76500A207D98F2313F50083C7DD
:10D92000950003C78500A207D98F2314F500014590
:10D9300082800545828083C705002300F50083C7E8
:10D940001500A300F50083C7350003C72500A20713
:10D95000D98F2311F50082802322050003C74500DB
:10D9600089476304F7000545828083D665000D472B
:10D97000E37BD7FE9C45011106CE22CC26CA4AC8BD
:10D980004EC683C4170003C60700A204D18C1386B9
:10D9900044006311D60403C4370083C72700AE894F
:10D9A00022045D8C9307C4FFC207C1832A89636F79
:10D9B000F70003A589002311990023108900F15570
:10D9C000EF30F1322322A900014531A02285EFF08A
:10D9D000EFD965F10545F2406244D2444249B2496B
:10D9E00005618280397122DC2E84834704004AD885
:10D9F00006DE26DA4ED619472A89B285639AE706EB
:10DA0000034624002800EFF0FFD0AA8415E903554F
:10DA10008100EFF0AFD5AA898345140015C92E8681
:10DA200017170000130727EA34009D454A85EF00C9
:10DA3000903F4E85094681452D234E85EFF08FDFBF
:10DA4000F250625426854259D254B25921618280E3
:10DA500089472310F100835781000A862311F100C2
:10DA60008357A1002312F1004A85EF00B072C9BFAD
:10DA70004947639DE702035624002800EFF05FCF7B
:10DA8000AA845DFD9767FF1F83D7C76199E381442F
:10DA900045BF03471400834604003C000146CA8585
:10DAA0001765FF1F03452560812659BF51476390C5
:10DAB000E702035624002800EFF09F8CAA8449F166
:10DAC0008345140030004A85EFF05FD195BF594778
:10DAD0006391E706035624002800EFF05F90AA84C4
:10DAE00025F1835581004A85EFF00FD10DC95845C6
:10DAF0008356A10083570700B697C207C18323103E
:10DB0000F700D1D75C47C1D783C7E193C9D3854517
:10DB10001765FF1F03458557EF606FCF15B789471E
:10DB20003EC0835781000A86834514002312F1000A
:10DB300025BF834514000A8623100100EF0090657D
:10DB4000B9B75D71A6C256DA86C6A2C4CAC04EDE97
:10DB500052DCAA8A03C51500AE8432C6EFF0CFC3EB
:10DB6000B24501ED8144B6402644268506499644D7
:10DB7000F259625AD25A6161828023020500231150
:10DB8000050083C9040085472A84639AF90003C607
:10DB900024002808EFF03FB2AA8405492DA09D4734
:10DBA0006394F904034705008D47E31DF7FA03C6A4
:10DBB000240028080549EFF0DFB8AA8409E50546E6
:10DBC00081452285792E2285EFF0EFE4034584001C
:10DBD0003C080147CE862686D6853924E30509F818
:10DBE0002285EFF02FC541B7CD47639DF90003476C
:10DBF00005009147E318F7F603C624002808EFF064
:10DC00001FBC59BFD547E39FF9F4034A0500894774
:10DC1000E31AFAF403C6240028080549EFF0DFCB25
:10DC2000AA8455F183570102BDE30357810113060E
:10DC3000F0035C44930607FCC206C182636CD60005
:10DC40000356A101D94663F7C6008356C101D945E1
:10DC500063EFD500035524002391E7000549EF0049
:10DC6000905403560102D2852285712CA9BF835599
:10DC7000E1012391E7002392C7002390B70023938B
:10DC8000D70085472300F400014A0149D9BF014A62
:10DC9000C9BF7971AA8522D426D203542500AA844B
:10DCA000280806D6EFF05FCBF24599E535E98545C2
:10DCB0002285EFF06FEAC1A0835781011547639B6E
:10DCC000E7060357A1018D4763FCE7046800EFF006
:10DCD0009FC60357E100DD4763FCE7008345D100A1
:10DCE000B70717008507100822853EC8EF00904A45
:10DCF0008357E1000357A10191076305F7002285CF
:10DD0000EFF0CFE48347C10072466C00858B1106AB
:10DD1000228591CFEFF0FFE201C52285EFF00FE3FE
:10DD2000884451D59740FF1FE780008149B7EFF045
:10DD30007FCBDDB711476389E7001387A7FF420751
:10DD40004183854663EEE6023147F117B387E70268
:10DD50001767FF1F13074734BA9703D7070069D324
:10DD600003C527003008A2850D205DF90357810106
:10DD70009147E31EF7F2B2502254925445618280DB
:10DD80002C082285892E49FDFDB701114AC82A8930
:10DD9000314526CA06CE22CC2EC6B284EF505FE0B3
:10DDA00031C1B2459307000A2310F5002311B500D5
:10DDB0002A84214611058DC0A6859730FF1FE78074
:10DDC00080ADA2854A85EF501FED0145F2406244C7
:10DDD000D24442490561828081459730FF1FE78028
:10DDE000A0B2C5B70545DDB7797126D2AA8413055F
:10DDF000000206D622D42ECE32CC36CA3AC83EC64F
:10DE0000EF501FDA31C96246F2454247D246B24767
:10DE10002A84130520FA2300A400A300C4002311C0
:10DE2000B4002302E400A302D40013058400614679
:10DE300091CFBE859730FF1FE780E0A5A2852254D1
:10DE4000B2502685925445616F50FFE4814597306A
:10DE5000FF1FE78060ABDDB7B2502254925445619A
:10DE600082805845797122D406D62A84AE8651C361
:10DE700083572700231DF10093072006639FF504B5
:10DE80009387A19303D60700835767006373F60057
:10DE9000B28713F6F70F83552701834707018D8F4C
:10DEA00093F7F70F81E5890793F7F70FB297FD17FF
:10DEB000B3C7C702231EF1008357240083556400B3
:10DEC00003458400231CF10001473C080146EFF0A4
:10DED000BFF1B2502254456182800347C701976762
:10DEE000FF1F9387671A9C431207BA9783D767006F
:10DEF000D1B72EC61946814528089730FF1FE78005
:10DF0000A0A0B24655BF797122D406D626D22A8463
:10DF10008DC181470147930600062E868355640014
:10DF200003458400EFF05FECB250225492544561F7
:10DF30008280B284280059469730FF1FE780C09C3A
:10DF40002314910089E88357240048446C0023156A
:10DF5000F100EFF0CF9D3C0001479306000601461B
:10DF600075BF797106D6814799ED835725005845CD
:10DF70002316C1002314F1003C0011C7835727006A
:10DF80002315F1003C002E8683556500034585006E
:10DF9000014793060006EFF03FE5B25045618280ED
:10DFA000411122C406C68347050011472A846395A0
:10DFB000E7022E86835565000345850081470147AA
:10DFC000CD46EFF07FE24946835564002244B240DB
:10DFD000154541016FF02F9013F7B70F894663176E
:10DFE000D7000146EFF03FF25146F9BF0D47639865
:10DFF000E7002244B240014641016FF09FF6B24073
:10E0000022444101828083D705003147F1173387CD
:10E01000E7029767FF1F93872708BA97D84319EB42
:10E02000D8412395A7000145D8C303D725002394E1
:10E03000E700828059458280797122D4404526D2FA
:10E040004AD006D6AA842E8925C0484419C59730DF
:10E05000FF1FE780604E232604008357040083D50A
:10E06000640003C584002315F10083572400014791
:10E07000930640062316F100835784004A8623172F
:10E08000F1001C483EC883D724002314F1003C0053
:10E09000EFF09FD5A30E240123280400B250225490
:10E0A000925402594561828028003146814597305B
:10E0B000FF1FE780608583D7240083D5640003C5F4
:10E0C00084002314F10001473C00930640064A8671
:10E0D000EFF09FD1E1B7797152CC2A8A03D50500C0
:10E0E00026D206D622D44AD04ECE56CAAE84EFE00F
:10E0F000FFE719E1854749A04045AA8965DC8357B8
:10E100006500E39947FF83578400638907128346BC
:10E11000C401976AFF1F938A2AF703A70A00920691
:10E12000FD173697C20703576700C1832314F40015
:10E130006316F70093053006EFF0BFD25C48A5EFF9
:10E14000C840034915008347050022093369F900D7
:10E1500083D7240013072900631AF702F955EF301B
:10E160000139C8C02391240103C589002686D285C0
:10E17000EFF0BFC1814721E1B250225492540259BD
:10E18000F249624AD24A3E8545618280956593850F
:10E1900015C04A859730FF1FE780E02A48C8C8406D
:10E1A000231C2401F955EF30813483D72400C8C0E3
:10E1B000F9172391F400484859C503D62400835623
:10E1C000A401835784013308D60063C007090347BD
:10E1D000C40183A70A0095451207BA9783D7270081
:10E1E00063CF0705CC4036959720FF1FE780A06AD4
:10E1F0000357A40183D72400BA97C20703578401A9
:10E20000C183231DF400E397E7EE03D7290003C57C
:10E21000890030002314E1005848D2852315F1000D
:10E220003AC6EFF09FB611C548489730FF1FE78008
:10E23000A030232A0400232C04006DBD99454E858F
:10E24000EFE03FE445BDA545DDBF9145CDBF03D718
:10E25000250069CF83D6A193ED4763EAE60C01114F
:10E2600022CC2E8426CAAA844840914506CEEF309F
:10E27000012883572400AA862300F5008357240031
:10E28000A183A300F500835704002301F500835701
:10E290000400A183A301F50003562400C167F91708
:10E2A0001106420641826396F4042AC4314532C6FF
:10E2B000EF501F8FAA85CD471DC5930700F9324641
:10E2C000A2462300F500F9572311F50089472302E0
:10E2D000F5002313C50014C51765FF1F034505DBB3
:10E2E000EF507F9B8147F2406244D2443E850561F6
:10E2F000828081452685EF40506CAA8701E903C7DB
:10E30000E19375D37D17238FE192F1BF0947630233
:10E31000E5021D476301E50249476300E5027D47C9
:10E32000E313E5FC03C7E1938147E1BFED473E8579
:10E330008280D1474DBF91477DB789476DB70111A5
:10E3400022CC4AC831441309C5FF330489029767B8
:10E35000FF1F938767D406CE26CA3E94584031C724
:10E3600083C6E193BE84854795CA2314A1008357D1
:10E3700084000355A4002C003AC62315F100EFF0E9
:10E380001FED11C548409730FF1FE780E01AB147E5
:10E39000B307F902A69723A207008547F24062441B
:10E3A000D24442493E85056182808147C5BF79716B
:10E3B00026D244451387A1934AD083D764000359DA
:10E3C000070052CC06D622D44ECE56CA2A8A63F310
:10E3D00027013E8903D7240142091359090183D734
:10E3E000040141CB998F4A8463D527011394070117
:10E3F000418089452285EFF04F86AA89CD4A25C103
:10E4000083D724002AC6231581002314F10083D763
:10E41000240185E383D70401930925002300F50037
:10E4200083D70401A183A300F5006376240503D4F8
:10E43000040183D72401CC4422864E85BE959720C3
:10E44000FF1FE780404503556A002C00EFF03FE0D6
:10E45000AA8A15C54E859730FF1FE780E00DB250A0
:10E460002254568592540259F249624AD24A456171
:10E47000828089078DBF7914420441805DBF03D734
:10E48000240183D704003A94FD17C207420403D73E
:10E490000401C18341802390F400239984006377B1
:10E4A000E400D5FFFD57A38EF40055BF814552858A
:10E4B000EFF09FB86DB701114EC683C9119422CCFD
:10E4C00052C456C25AC006CE26CA4AC84E84138ABF
:10E4D0004193854A130BF00F83270A0093144400DD
:10E4E000BE9403C9040063175907DC44A5C7D84785
:10E4F00035C303D7070039C383C7E19389CF268586
:10E50000EFF0FFEAAA8515E5050483C7D193635FA1
:10E51000F400A3808194F24062444A85D244424987
:10E52000B249224A924A024B05618280A38001943B
:10E53000DDB72685EFF05FB00149F1BF83C7D70192
:10E54000639A6701930520062685EFF09F91DC44CE
:10E55000A38E070005041374F40F83C7D19363637C
:10E56000F4000144E31A34F7C1BF4111154506C652
:10E57000EFF0FFDC09C50545B24041018280194535
:10E58000EFF0FFDB6DF91145EFF07FDB6DF51D4519
:10E59000EFF0FFDA6DF183C7D193F9DFB2404101AB
:10E5A0006FF07FF183D705000D47F117C207C183D4
:10E5B0006361F706DC41B1CF411122C42E84854549
:10E5C00026C206C6AA84912F39C52685AD25C16706
:10E5D000F917638FF40009ED8357240091CB83561C
:10E5E00004001947639FE60203D7A19363FBE70288
:10E5F00083C7E193A285268599C72244B2409244FD
:10E6000041016FF0DFC42244B240924441016FF0F7
:10E610009F9F094582805145B24022449244410166
:10E6200082806D45D5BF397126DA4ED6AA84AE896F
:10E630005D4589454AD806DE22DC328936C63AC4B1
:10E64000EFE0BFE125C522472A84014511C7B24644
:10E6500013054400B68502979357850023003401C3
:10E66000A30024012301A400A301F4001105954790
:10E67000231DA100231CF10022CE83C7E1932C08A7
:10E68000268595C3EFF0BFBCAA8411C522859730BB
:10E69000FF1FE78060EAF250625426854259D25447
:10E6A000B25921618280EFF01F96F9BFCD44E5B7E2
:10E6B000797126D24AD052CC56CA06D6BA8A22D40A
:10E6C0004ECE19472E89B284368A6391E5080355E8
:10E6D00026000944EFE09F892AC649C15C45835959
:10E6E000650083D727002390F400B24715472380A5
:10E6F00057011766FF1F0346E6992391E7001307AA
:10E7000016001377F70F9766FF1F2385E69823827D
:10E71000C70011E705479766FF1F238DE69651470F
:10E72000631AE90015472391E400DC4703D784000E
:10E730002394E7005287A686CA854E85EFF0BFEE88
:10E740002A84324515C4EFE0FF8E09A84286740082
:10E75000BE85AA89EFE08FF32A8441D92285B25081
:10E76000225492540259F249624AD24A4561828047
:10E77000F945EFE0BFA8DDB783D705002300F5001A
:10E7800083D70500A183A300F50083D725002301CB
:10E79000F50083D72500A183A301F50011458280F0
:10E7A00083D705002300F50083D70500A183A300CC
:10E7B000F50083D725002301F50083D72500A18329
:10E7C000A301F50083D745002302F50083D7450058
:10E7D000A183A302F50083D765002303F50083D747
:10E7E0006500A183A303F5002145828083D705003E
:10E7F0002300F50083D70500A183A300F500094598
:10E80000828083D705002300F50083D70500A1830C
:10E81000A300F50083D725002301F50083D7250049
:10E82000A183A301F50083D745002302F50083D718
:10E830004500A183A302F50083D765002303F500FB
:10E8400083D76500A183A303F50083D78500230444
:10E85000F50083D78500A183A304F50029458280B4
:10E8600003D705008546AA872300E50003D70500E6
:10E870002183A300E50003D70500631DD70003D75C
:10E8800025002301E50003D725002183A301E5002E
:10E890001145828009456315A70203D72500194554
:10E8A0002381E70003D725002183A381E70003D755
:10E8B00045002382E70003D745002183A382E700B8
:10E8C000828083D705002300F50083D70500A1834C
:10E8D000A300F50083D725002301F50083D7250089
:10E8E000A183A301F50011458280797126D24AD017
:10E8F0004ECEB2842A89AE8929468145480022D469
:10E9000006D636849720FF1FE7800000231691006B
:10E9100095EC835724002312F1009387A19383D7AA
:10E9200007002314F1005C4495C383C6C701175741
:10E93000FF1F130767751843920683D78700369722
:10E94000035727002315F1002313E1004A85170719
:10E950000000130747EB540013F6F90FD545EFF00D
:10E960009FCC2A8911C19DE085472300F400230232
:10E970000400014681452285EFF0EFD8B2502254C1
:10E980004A8592540259F249456182802285EFE01E
:10E990006FEAEDB7B286170700001307A7EC2E86C3
:10E9A00085456FF05FC801112317A1004165700014
:10E9B00001489307F00F0D4797060000938606DC89
:10E9C00099457D1506CEEFF0BFCEF24005618280FD
:10E9D000B28701482E86114797060000938686DC91
:10E9E000C9456FF0FFCCB28617070000130747E058
:10E9F0002E86CD456FF03FC3011122CC26CA4AC8EE
:10EA00004EC606CE2A89AE891754FF1F1304446CE4
:10EA10009754FF1F9384C46E1C4081C7CE854A85DE
:10EA200082971104E31A94FEF2406244D2444249B0
:10EA3000B249056182809757FF1F83C72756175534
:10EA4000FF1F0345B5551757FF1FA301F76EAA9780
:10EA500093F7F70F1757FF1F230AF76CD9C3130556
:10EA6000C0033385A702A5654111850506C6973009
:10EA7000FF1FE780409D9757FF1F23A9A7649307B7
:10EA8000C0031756FF1F0346666A3306F602814528
:10EA90009720FF1FE78040E79757FF1F9387076383
:10EAA0009C439756FF1F83C66668014789077D56BA
:10EAB000634FD700B2401306000381451755FF1F6F
:10EAC0001305056141011723FF1F6700E3E323904E
:10EAD000C7002381070023A5070205079387C70303
:10EAE000C1BF82809757FF1F9387475E9843175691
:10EAF000FF1F0346A66381476315F60081463685EE
:10EB00008280BA861307C703835567FCE389A5FE95
:10EB1000850793F7F70FCDB7011122CC2EC632C46B
:10EB200006CE2A84EFF01FFC2246B24511E9C167E8
:10EB3000F9176303F4005145F24062440561828095
:10EB400054558347450095C213F727014145631487
:10EB5000A700154575F2C18B3D45F9DF83C7A601B6
:10EB60000145E3FBB7FC3145C1BFC18B0145E9F766
:10EB70001545D9B7797126D2C16422D44AD04ECE78
:10EB800052CC56CA06D62A8901449759FF1F938949
:10EB9000E953130AC003FD14854A9757FF1F83C723
:10EBA000E7586364F400014535A8B307440303A79D
:10EBB0000900BA9703D7270063169700050413745A
:10EBC000F40FE1BF03C55700300093856700EF00E5
:10EBD00071261946CA8528009720FF1FE78020D795
:10EBE000E31E55FDB250225492540259F249624A32
:10EBF000D24A456182809757FF1F9387274DC16690
:10EC000098439755FF1F83C565528147FD1663954D
:10EC1000F500014632858280035827003A86630654
:10EC2000D80003480700E307A8FE850793F7F70F0E
:10EC30001307C703E9BF411106C6EFF0BFEA11C5CC
:10EC400003554501B240410182800145E5BF975718
:10EC5000FF1F9387A74798439756FF1F83C6064D0C
:10EC60008147110701456393F60082800346070040
:10EC700001C605051375F50F850793F7F70F130701
:10EC8000C703D5B71755FF1F0345454A828017575D
:10EC9000FF1F1307E7438147BA8631460C4391E5CE
:10ECA0008A07B69788C30145828085071107E397D5
:10ECB000C7FE4D458280411106C622C4EFF09FE297
:10ECC0001DCD2A84035525008545EFF0FFD2485419
:10ECD00009C59730FF1FE780208622851306C003F1
:10ECE00081459720FF1FE78020C2FD572311F400C4
:10ECF000230204000145B2402244410182800945BB
:10ED0000DDBF411106C6EFF0FFDD11C50345C500AB
:10ED1000B240410182800145E5BFC167F917630434
:10ED2000F502411122C406C62E84EFF0BFDBAA878C
:10ED3000014591C703C54700698C33358000B24057
:10ED400022444101828005458280011106CE2EC6F3
:10ED5000EFF05FD9854711C903574501B245854793
:10ED60006305B700231AB5008147F2403E8505616F
:10ED7000828021CD01114AC8416922CC26CA4EC6E3
:10ED800052C406CE0144AA849759FF1F93890934BF
:10ED9000130AC0037D199757FF1F83C72739634A9A
:10EDA000F400F2406244D2444249B249224A056129
:10EDB00082803305440383A709003E9583572500CD
:10EDC0006383270182940504F9B782809757FF1F58
:10EDD0009387C72F9C43C1661756FF1F034606350E
:10EDE000890701450147FD1691456313E6008280BE
:10EDF00003D807006309D80003C8A7006315B8004B
:10EE000005051375F50F05071377F70F9387C703EC
:10EE1000E9BF9757FF1F9387672B94431756FF1F30
:10EE20000346C6300147910681476310E602858399
:10EE300093C7F7FFC207C18305456364E5028547B1
:10EE40003395A70042054181828083C5060081C5B4
:10EE500083D5C602CD8F05071377F70F9386C603B8
:10EE6000E9B793F61700E1FE050585831375F50FE5
:10EE7000E9B7797156CAAA8A2E8526D24AD04ECED3
:10EE800052CC5AC85EC662C406D622D4AE84328B37
:10EE9000368CBA8B3E8AC2894689EFF0BFC449E1FD
:10EEA00041657D15EFF01FC42A84554531CC1946C4
:10EEB000DE8513056400A30284019720FF1FE7800D
:10EEC000809D8357010323119400230264012319B9
:10EED000F400835741032300540123260402231A1C
:10EEE000F400230644012317340123182401EFF012
:10EEF0005FF22318A402232A04022685232C04028D
:10EF00008145EFF07FAF0145B2502254925402592F
:10EF1000F249624AD24A424BB24B224C456182804E
:10EF20004545DDB79757FF1F9387471A9843975674
:10EF3000FF1F83C6A61F81476395F60041657D15B7
:10EF400082803A861307C703835547FF6395A50060
:10EF5000035526008280850793F7F70FF1BF975777
:10EF6000FF1F9387A716944341661758FF1F034856
:10EF7000E81B01477D16954811436314E8000145DD
:10EF8000828083D7260036856380C704CC5A8DCD16
:10EF900083C7350083C5250089CD938597FD93F5FB
:10EFA000F50FE37FB3FC9387D7FA93F7D70F89EF79
:10EFB00082809385F7FD93F5F50FE3F3B8FC938713
:10EFC000D7FA93F7D70FCDDF05071377F70F93869F
:10EFD000C60365B79757FF1F9387470F416698434E
:10EFE0009755FF1F83C5851481477D162548639477
:10EFF000F50001458280835627003A85638CC60060
:10F00000545B89CA83C636009386E6FD93F6F60FF5
:10F01000E372D8FE850793F7F70F1307C703C1BF45
:10F02000011122CC2A84494506CEEF702F8F15C1DD
:10F030002AC62285EFF01FAB09CD624432468355C4
:10F040000503F2401755FF1F0345F50D05616F508D
:10F05000AF9BF24062440561828039714ED652D432
:10F06000AE892A8A93053005414526DA4AD856D218
:10F0700006DE22DC32C63689BA8A9720FF1FE78077
:10F08000803CCD4431C92A848944638209043246D4
:10F090008145231AC10041469720FF1FE780C086A3
:10F0A0005686CE8522859710FF1FE780C07E2146B9
:10F0B000630E0902CA8528089710FF1FE780A07D0C
:10F0C000A28650082C085285EF404006AA8422856B
:10F0D0009720FF1FE7804046F25062542685425930
:10F0E000D254B259225A925A21618280814528080D
:10F0F0009720FF1FE7804081E1B7411122C44059AA
:10F1000026C206C6AA8429CC085409C59720FF1F29
:10F11000E7808042285809C59720FF1FE780C0413B
:10F12000685809C59720FF1FE7800041285C09C582
:10F130009720FF1FE7804040685C09C59720FF1FAC
:10F14000E780803F0325040809C59720FF1FE7805B
:10F15000A03E22859720FF1FE780003E23AA0402DD
:10F16000224483D50403B24092441755FF1F034540
:10F1700095FB41016F50CFB3411126C206C622C490
:10F18000AE84EFF03F9621C54C592A84A9C183A8CB
:10F19000C50703A88507FC59B85983C6650003D67F
:10F1A000050083C525002685EF607FFF2285EFF0EF
:10F1B000DFF4EFF03FE201CD2244B2409244175514
:10F1C000FF1F034555F6854541016F405FE4B2409E
:10F1D0002244924441018280011122CC06CE2A842D
:10F1E0002EC6EFF03F905C5991CF83D70700B24510
:10F1F000639A870085476397F5006244F240056192
:10F200006FF0BFEFF240624405618280411106C693
:10F2100022C426C2EFF0BFD429C54059AA8431C008
:10F220008347240095CB9757FF1F9387A7ED9C43F7
:10F2300089C7DC4399C3228582970347340093072B
:10F24000F0026310F702224403D52400B240924436
:10F25000814541016FF05FF29757FF1F938747EA9F
:10F26000F9B7B2402244924441018280411126C242
:10F270004AC006C622C4AA842E89EFF0BF8631C1D7
:10F28000405961C083570400639D970A8347340047
:10F2900013071002639DE70883472400C1C77C540D
:10F2A0000327040883D7470105E713F717000DC3A9
:10F2B000185403574700058B01CF93072002A30181
:10F2C000F400B24022449244024905454101828043
:10F2D00013F7270009CB185403574700098B01C7C0
:10F2E00093074002E9BF918B89CB1C5483D7470019
:10F2F000918B81C793076002D9B79757FF1F9387F8
:10F3000067E09C43DDDFDC43CDDF22858297034746
:10F3100034009307F0028145E315F7FA2685EFF0F4
:10F32000BFE545B79757FF1F938787DDD9BF130701
:10F33000A0026398E7006304090013092003CA854B
:10F34000F1BF631C09002685EFF0CFF919C583478B
:10F35000450093E707012302F500A6854A85EF6083
:10F360006FF885B7797126D29947231DB100AA8419
:10F370002E858D4522D406D632C636C4231CF10014
:10F38000EFE0AF8D2ACE4D441DC13246A246AA857C
:10F39000328582962A8419E52C082685EFF08FA005
:10F3A0002A8411C572459720FF1FE780E018268543
:10F3B000EFF01FC72285B2502254925445618280DB
:10F3C000411122C42E862E8497260000938626960D
:10F3D000894506C626C24AC02A89EFF0BFF8834590
:10F3E0000400AA844A85EFF03FD9B2402244268522
:10F3F00002499244410182809757FF1F938747D06B
:10F400009C4395CB9C4385CB1D71A2CC86CE984165
:10F4100010082A843AC8D84185453ACA829701C95A
:10F420002306A100035524006C00EFF07FF9F6409D
:10F430006644256182808280AE8715C5785505C7F0
:10F44000834607002380D50083461700A380D5009C
:10F45000834627012381D50083468701584BA3812A
:10F46000D500D8C18280414681453E851713FF1FD4
:10F47000670083499757FF1F9387C7C89C4391C76D
:10F4800003A38700630303000283094582801757A3
:10F49000FF1F130767D318431DC75843AA870545A5
:10F4A0000DC703A50708411106C6930605021306FA
:10F4B000050C93050506130505040297B240137564
:10F4C000F50F410182800545828082804DC93571EA
:10F4D00022CD2A840355050026CB4AC94EC756C300
:10F4E00006CF52C55AC1DEDEB68AB2892E89EFF048
:10F4F0006FDFAA8439C50C182285EFF0FFF383472C
:10F500002400138A6400A9CBEF606FB72A8B0145F2
:10F5100083CB5400EF606FB4AA840C100818EF106E
:10F52000806208542C10EF10A062D288268A56C040
:10F530005E88D2875A8714103010CE854A85EF2016
:10F54000D01EFA406A44DA444A49BA492A4A9A4AD9
:10F550000A4BF65B0D618280EF606FB2AA8B0145AA
:10F5600003CB5400EF606FAF2ACE08540C10EF109D
:10F57000805D2C100818EF10A05DF2484DBF82800E
:10F58000C14709CD1455C14791CA785501CB83C7EE
:10F590003600BD4663F4F600834787013E858280CE
:10F5A00089476309051063870510411106C622C407
:10F5B00026C2834715002E842380F500834725004B
:10F5C000A380F500834735002381F500834745007C
:10F5D000A381F50083475500858B9396870083D7D9
:10F5E000450093F7F7EFD58F2392F500834655003A
:10F5F00093F7F7DFA20693F60620DD8E2392D5005F
:10F600000347550093F6F6BF220713770740558F3F
:10F610002392E50083475500FD769386F67F8D871C
:10F62000858B758FAE07D98F2392F50083466500D1
:10F63000F99B858ADD8E2392D50003476500937779
:10F64000270013F7D6FF5D8F2392E50083476500FF
:10F6500093F647009377B7FFD58F2392F5000347C2
:10F660006500DD9B4D45218BD98F2392F500EF601E
:10F67000FFAAAA845145EF607FAA0347340093F4A0
:10F68000F40FC947636297021375F50F636EE500C7
:10F69000834604001147E1476368D700834614009E
:10F6A00005476363D7008147B240224492443E85B8
:10F6B000410182803E85828015C1AA8709458DC19E
:10F6C00041112E8541469385170006C69710FF1FEE
:10F6D000E780601CB240014541018280094582807B
:10F6E000828089471DC595C5411106C6034715008F
:10F6F000AE8719462380E500930525001385170082
:10F700009710FF1FE7802019B24081473E854101D5
:10F7100082803E85828015C1AA8709458DC141112D
:10F720002E8541469385170006C69710FF1FE78078
:10F730008016B24001454101828009458280828065
:10F7400089471DC995C9411106C60347250083464F
:10F750001500AE872207558F2390E50021469305BB
:10F760003500138527009710FF1FE780C012B240B5
:10F7700081473E85410182803E85828015C1AA87EE
:10F7800009458DC141112E8541469385170006C656
:10F790009710FF1FE7802010B24001454101828091
:10F7A000094582808280894719C991C9034715009C
:10F7B000BD46E14763E5E6002380E50081473E85DD
:10F7C000828015C1AA8709458DC141112E85414608
:10F7D0009385170006C69710FF1FE780C00BB24045
:10F7E00001454101828009458280828015C1AA8736
:10F7F00009458DC141112E8541469385170006C6E6
:10F800009710FF1FE7802009B24001454101828027
:10F810000945828082801DC1AA87094595C1411191
:10F820002E85130600049385170006C69710FF1F48
:10F83000E7806006B240014541018280094582802F
:10F84000828015C1AA8709458DC141112E85414687
:10F850009385170006C69710FF1FE780C003B240CC
:10F860000145410182800945828082801D71A2CCC0
:10F870002A84084586CEA6CA2306010083440500D3
:10F8800035479387F4FF93F7F70F636CF70C17D79F
:10F8900001001307E7588A07BA979C43BA978287F3
:10F8A0000C08EFF0FFCFC9476312F5029947230612
:10F8B000F100035524006C00EFF09FB0F640664461
:10F8C000D644256182800C08EFF05FEB29C983479D
:10F8D000C100E5F303552400EFF08FF4C5B70C0821
:10F8E000EFF03FEEE5B70C08EFF0FFEBC5B70C0803
:10F8F000EFF09FDCE1BF0C08EFF09FE4C1BF0C0804
:10F90000EFF07FE1E1B70C08EFF0BFDDC1B70C0805
:10F91000EFF0DFED65BF834715002308F1000355C5
:10F920002400EFF02F9CA14715C10347C500631CBD
:10F93000F7029747FF1F9387E77C98439D4719C7B6
:10F94000184309C71008A6850297AA872306F10065
:10F95000BDBF0C08EFF03FEC95BF0C08EFF07FEE59
:10F96000B5B79D47A9B79747FF1F93876779F1B749
:10F97000011122CC06CE26CA4AC84EC6034705004E
:10F98000930720092A84631DF7128347150039471E
:10F990006395E70A835645000967610781476399C4
:10F9A000E6109749FF1F9389E97603A50900CE84E5
:10F9B000630005100C4403C90500631E090083475A
:10F9C000050085052146B9CB29059710FF1FE78063
:10F9D00080EC9C40ADC34945EF408F9C2A840DC507
:10F9E000930710FC2300F500A30025018C400905B6
:10F9F000414689059710FF1FE780E0E99C40A285FA
:10FA000003C51700EF402FA988409720FF1FE7800C
:10FA1000A0B29747FF1F23AF076E31A809059710C3
:10FA2000FF1FE78040E7EF30207005495DF183A7B5
:10FA30000900238027018547A5A81307E003639FDA
:10FA4000E7080347250095476310F7040355450071
:10FA5000EFF02FAB9147E310F5FE9747FF1F938719
:10FA6000276A9C43E9DB03A38700E30603FC0356F4
:10FA7000E40003554400930564006244F240D2441C
:10FA80004249B24905610283A147631EF7008345DD
:10FA90006400035544006244F240D2444249B249F2
:10FAA00005616FF0AFFC930600038147E301D7FEC9
:10FAB000F2406244D2444249B2493E8505618280A7
:10FAC0009306000A8147E315D7FEEFF03FDA0844BA
:10FAD0003DD19720FF1FE78020A6B1BF8147C9BF56
:10FAE000011126CA06CE22CC89441DCD95CDAA840B
:10FAF0002E8468008D45EF50DFA78347E1002685FF
:10FB0000228693F7F70393E707046C002307F100BD
:10FB1000EF20A038AA8409E90D466C0013053400D3
:10FB20009710FF1FE78020D7F24062442685D24419
:10FB3000056182805D714EDE86C6A2C4A6C2CAC0BF
:10FB400052DC56DA5AD85ED6894945CD5DCA138B48
:10FB50004500420B135B0B01AE8A2A8A93053005E0
:10FB60005A85B2849720FF1FE780E08D2A84CD4913
:10FB700049C9EF50FFD22A895686D285935A890007
:10FB8000135A0901937BF90F1305440093FAFA0FF6
:10FB9000137AFA0F135989019710FF1FE78000E0CD
:10FBA000A301740123015401A30044012300240193
:10FBB000EF505FCEAA85414608089710FF1FE780E7
:10FBC000E0DD214734005A86A2850808EF208053E3
:10FBD000AA891DE121462C0023807401A3805401D1
:10FBE00023814401A3812401138544009710FF1F42
:10FBF000E780C0DAEF50BFCB22859720FF1FE78058
:10FC0000A093B64026444E8596440649F259625A5E
:10FC1000D25A425BB25B6161828001114AC82A8973
:10FC20002E8506CE22CC26CA2EC6EFE0BFEB71C5CC
:10FC3000405971C4834754000947B24593F6B70F42
:10FC40006387E60011471305E00F6392E7088357C7
:10FC500004000945639DB706930484004146CA85A4
:10FC600026859710FF1FE78000C34146CA8513050C
:10FC700084019710FF1FE78000C2034734008546C8
:10FC80009307F7FE93F7F70F63E9F6041306C4032F
:10FC90003285C14532C6EF50DF8D32469306C4022D
:10FCA000A6852285EFF09F828347240089CB228599
:10FCB0006244F240D244424905616F10401003474C
:10FCC0003400C947E305F7FEA301F4000145F24003
:10FCD0006244D24442490561828093071005014580
:10FCE000E317F7FE83472400FDD322856244F240E8
:10FCF000D244424905616F1000130945C9BF494507
:10FD0000F9B729CD011126CA06CE22CCAA8409450D
:10FD1000A9C10D4628002E848D059710FF1FE7808E
:10FD200080B78347A10070002C0093F7F70393E797
:10FD3000070426852305F100EF20201619E90D465A
:10FD4000A28568009710FF1FE78060C07D153335DE
:10FD5000A000F2406244D24405618280094582805D
:10FD6000011152C42A8A32854EC656C25AC006CEE6
:10FD700022CC26CA4AC82E8BB28AB689EFE09FD61B
:10FD800009ED8944F240624426854249D244B24991
:10FD9000224A924A024B056182805C592A89C544F5
:10FDA000F5F34D45EF608FB71374F50F5145EF60D4
:10FDB000EFB6E38809FC83C78901E3E487FC137588
:10FDC000F50FE360F5FC9305300513054008971027
:10FDD000FF1FE7804067232AA9022A84CD445DD112
:10FDE0001306400881459710FF1FE780E0B1A3018B
:10FDF000040023014401230264012310540123263B
:10FE0000340723240402A30204008144E30C0AF60D
:10FE10002285EF00D074AA8435D54A85EFF0EFAD86
:10FE200095B7397122DC06DE26DA4AD84ED652D48E
:10FE300056D25AD05ECE62CC66CA0944630B061015
:10FE400063090710AA8B3A89368BB28A2E8CEFE0B1
:10FE50007FC92A8A5144630E050E9305300541453A
:10FE60009710FF1FE780205EAA894D447DC183441F
:10FE7000190083472900A204C207BE9483470900E2
:10FE8000BE9483473900E207BE9483278A0263E663
:10FE900097007D5709446399E70A63070C0083477D
:10FEA0004A000544898BCDC3930C4B002146814504
:10FEB0000A85C20C9710FF1FE78000A593DC0C0198
:10FEC0009305300566859710FF1FE780C0572A8C81
:10FED0004D443DC95A86D68511059710FF1FE7800E
:10FEE000E0AB1146CA8562859710FF1FE78000AB23
:10FEF000414693058A014E859710FF1FE78000AAAF
:10FF000021478A866686E2854E85EF20A01F2A84D7
:10FF10001DE521468A8528009710FF1FE78000A86D
:10FF200021469305490028009710FF1FE78020A273
:10FF30008547631EF502A6855E85EF600FD4628556
:10FF40009710FF1FE780405F4E859710FF1FE780E7
:10FF5000A05E2285F2506254D2544259B259225ABC
:10FF6000925A025BF24B624CD24C21618280054472
:10FF7000F9B779719397050122D406D626D24AD0D3
:10FF80004ECEC1872E8463D507041745FF1F034556
:10FF90009519EF30FFC72AC605C1EFF07F9DB24526
:10FFA00009E91745FF1F034505189307F00F631E66
:10FFB000F5002E85EF30BFB92165218DB250225456
:10FFC00092540259F24945618280EF30DFCCEDB79F
:10FFD00093F7150091C7EFF06FA313451400F9BF15
:10FFE000A1E10145E1BF850493F4F40FEFE09FC95F
:10FFF000E3F9A4FE3395990013190501135909017A
:020000021000EC
:10000000B3772401EDD34A85EFE0DFF1C167FD1737
:100010006305F500DD45EFF02F963345240179BFE8
:1000200085448549E1B79747FF1F23A5070E9747EA
:10003000FF1F23A9070C9747FF1F23A3070C974710
:10004000FF1F9387670D170700001307276298C3E8
:100050001707000013072732D8C317F7FFFF13074E
:10006000070098C79747FF1F9387070A17170000D5
:100070001307A75A98C31717000013074710D8C3D0
:10008000171700001307073E98C782809747FF1F86
:1000900083C78709A18B1747FF1F1307E70791E362
:1000A00001479747FF1F23AFE70401458280974729
:1000B000FF1F83C76707918B1747FF1F1307C704ED
:1000C00091E301479747FF1F23ACE7020145828078
:1000D000011106CE2AC6EFF01FF532459945974724
:1000E000FF1FA382A704EFD06FB2F24017F5FFFF06
:1000F0001305C50E05616FE09FB91C5581C7A14767
:100100003E858280011122CC26CA2A84AE84130542
:1001100000049305300506CE9710FF1FE780A0323C
:1001200008D46305051013060004A6859700FF1F79
:10013000E780607678548347270193F68700638EC3
:100140000610145483C62600A18A638806108327EC
:100150000408E9EF93053005130500109710FF1F01
:10016000E780602E2320A4088D4771C1A3020400FC
:10017000785483C714008346170081EF81EE83C74C
:100180002400918BDDEB83472701918BDDE78547C9
:1001900011A889C62147A302E40099C783475400E8
:1001A00093E70701A302F4006C5483C72501858BF4
:1001B00091CF1C54054783C727008D8B6398E700B8
:1001C0008347640093E717002303F40083270408A0
:1001D00099C78347640093E787002303F4008347AC
:1001E000540005476398E70C930484004146814519
:1001F00026859700FF1FE780207141468145130542
:1002000084019700FF1FE78020701306C403328526
:10021000C14532C6EF50EFB5832704083246BDC74B
:100220002285EF0050409307000525CDA147F240FD
:100230006244D2443E850561828083C704008346C0
:10024000070015473387E70297D70100938787C2D6
:10025000BA97B69783C70700B1B783C6140091C693
:100260008346170099C2E14735BF83C62400D58F66
:10027000918B91DF83C704008346070015473387BE
:10028000E70297D70100938727BDD9B72285930648
:10029000C402A685EFF08FA32285EF00503259F5F6
:1002A000C14703550400A301F4008145EF60AF8707
:1002B0008147B5BF13F7870149C3C18B93048400FD
:1002C0004146A9CB890526859700FF1FE780A05CE2
:1002D00041468145130584019700FF1FE780C062F6
:1002E000834764001306C403328593E74700230362
:1002F000F400C14532C6EF50CFA783270408324629
:100300008DC32285EF0030329307200505F1A3014C
:10031000F40079BF814526859700FF1FE780C05E06
:1003200045BF9306C402A6852285EFF02F9A228549
:10033000EF00F028CD4761DDD5BD094785456388CD
:10034000E70093F7D70F11476397E70089450355F7
:100350000400EF505FFD8347640093E747002303E9
:10036000F4008327040881C7930710054DB7C547DC
:1003700079BF8347250063840726797122D406D686
:1003800026D24AD083473500130750052A8463904C
:10039000E708034975001306C503C14593573900A3
:1003A000AA97328583C4870032C6EF508F9C974747
:1003B000FF1F938767E19C43A9C79C47B9C30325E7
:1003C000040893767900B3D6D4403246858A9305E3
:1003D0000504180893E606081305050882971375A7
:1003E000F50F05E141460C081305C4029700FF1FF5
:1003F000E780604A2285EF00901C93076005A30107
:10040000F400B2502254925402594561828013077D
:1004100010026395E7021C550327050883D74700A0
:1004200069EB13F7071071C7785503574701137726
:10043000071061C393077002A301F40083473400DF
:1004400013077002639FE70C3C5885E39305300562
:1004500071459710FF1FE78000FF28D819C5714626
:1004600081459700FF1FE780204A2458B9C883C7F9
:10047000A40191E72285EFF0AF90238DA4002858C6
:10048000814541469700FF1FE780004828583D47B7
:100490008345A5019387F5FF93F7F70F6364F70092
:1004A000EF502F8DEF30DF993C58A1452398A700DE
:1004B00013852701EF50EF8B2C5803550400EF00F4
:1004C000D0419307800203550400A301F400EFE03C
:1004D0006FE1414611C58357E50013D617003E96DC
:1004E000060685451745FF1F0345F5C3EF30DFD1ED
:1004F00009BF13F7072011CB78540357470113772F
:10050000072001C79307900205BF93F707409DD7C7
:100510007C5483D7470193F707408DD39307B002EC
:1005200021BF13078002639BE7023C5889CB83D528
:1005300007010355040013862701EF00903F1C5468
:1005400083D7470013F707202DC37854035747017B
:100550001377072039CB93079002B5B713079002A2
:10056000639CE700EF504FB2AA8503550400EF00EB
:10057000503B9307A00281BF1307A0026393E704D7
:10058000EF50EFAFAA85854701456384F5008145AB
:1005900005452EC6EF506FAC2A86B24503550400C0
:1005A000EF00B0341C5483D7470093F707408DC742
:1005B0007C5483D7470193F7074099CF9307B00244
:1005C00019B71307B0026399E700EF50AFACAA85E3
:1005D00003550400EF0070399307F0020DB58280D7
:1005E000411122C4405926C206C67C54AA8483D72E
:1005F000470113F7071019C718540357470013771B
:1006000007101DE313F7072019C7185403574700B5
:100610001377072011EB93F707408DCF1C5483D736
:10062000470093F707409DC793071002A301F4000A
:100630002285EFF01FD4034734009307F0026310C4
:10064000F702224403D52400B2409244814541017F
:100650006FE09FB29307F002A301F400DDB7B24050
:100660002244924441018280397122DC405926DAC9
:100670004AD84ED606DEAA89AE8432896304043E87
:1006800003552500835704006384A700A14429A0D3
:100690008347240091EB9D44F250625426854259D1
:1006A000D254B259216182809387E5FF93F7F70F07
:1006B0002D47E362F7FE17C701001307677D8A071E
:1006C000BA979C43BA978287B2852285EFF0FFA242
:1006D000AA84D9B74146CA851305C4049700FF1FF1
:1006E000E780601B22853127AA8411C1A14483477A
:1006F0003400130740056397E70093079005A301B3
:10070000F40059BF130760056395E7009307A00540
:10071000FDB7D147EDB79309C4054E854146CA855B
:100720009700FF1FE7802017032504085DC9834752
:100730003400130790056399E7002285B9279307D2
:10074000E005A301F40061A81307A0056395E7087D
:100750008347740013D737002297834687009D8B09
:10076000B3D6F6409747FF1F938707A69C43858A19
:1007700093E606F893F6F60F91DB9C4781DB930531
:10078000050818084E861305050482979374F50F23
:10079000E39E04EE41460C081305C4049700FF1FB6
:1007A000E780E01A834774004D47850793F7F70FFA
:1007B000A303F4006377F7002285C12D9307E005BA
:1007C0003DBF85451745FF1F0345F595EF303F8435
:1007D000930750052DB71307C005E380E7F6814462
:1007E00065BD130984004E86CA8522851408EFE092
:1007F000FFCD41469305C40408089700FF1FE7801A
:100800000015E30B05E88A861306C403CE854A85E6
:10081000EF10F00515E12285EFE09FD69747FF1F07
:100820009387878F2A879C4703550400814601469A
:100830008A858297AA8411C1A14493072002C1B579
:1008400083450600EFE05F9359BF034734009307E9
:100850002002E312F7E47C5889EB930530057145DB
:100860009710FF1FE78020BE68D86858E30505E2AF
:100870004146CA859700FF1FE780E0016458228542
:10088000EFE01FD0238DA400930730025DBD034726
:10089000340093073002E310F7E0835706006858EE
:1008A0002146930529002318F50049059700FF1FED
:1008B000E78060FE7C5483D7470113F7270035CBD0
:1008C000185403574700098B2DC79307400295BD65
:1008D0000347340093074002E31FF7DA3C5C81EBE7
:1008E00085455D459710FF1FE780E0B528DC285C53
:1008F000E30705EE834709004146CA85230BF5004F
:100900009700FF1FE78020F9930750021DBD0347A2
:10091000340093075002E310F7D8285C194693057A
:10092000190041059700FF1FE780E0F67C5483D74C
:100930004701918B9DCF1C5483D74700918B95CB5A
:1009400093076002FDBB7C5C89EB93053005514544
:100950009710FF1FE78020AF68DC685CE30805D2D2
:100960004146CA859700FF1FE780E0F27C5C7D5717
:1009700098CB4E85EFF0DFC69DB50325040813061E
:100980000004CA85130505049700FF1FE780A0F047
:100990002285EFE0DFAF834734001307000563953E
:1009A000E7009307400571BB13071005639CE70040
:1009B00085451735FF1F03451577EF304FE5930742
:1009C000500541B313072005E39BE7E09737FF1F6E
:1009D0009387877F9C43E38B07CA9C47E38807CABA
:1009E000832504089304840018089385050881462C
:1009F00026862E858297035504001008A685EF50A1
:100A00007F9B9307B00535BB034734009307E00590
:100A1000E313F7C88325040841464A859700FF1F62
:100A2000E780E0F2AD44E30905C60325040841462A
:100A3000CA859700FF1FE78000E62285EFE05FB4DC
:100A40009737FF1F9387476D2A879C472C5803557C
:100A50000400814601468297AA8411C1A1449307EC
:100A6000100271B9AD47E39CF5D683460600835565
:100A700025001306650003450500EF504F9785B329
:100A8000894761C2DDCD2300A60083C70500A3000E
:100A9000F60083C715002301F60083C72500A301D4
:100AA000F60083C73500A30206002302F60083D7B1
:100AB0004500A183858BA302F60003D74500137779
:100AC000072009C793E72700A302F60083D7450054
:100AD00093F7074099C78347560093E74700A3025F
:100AE000F60083D7450013974701635807008347F3
:100AF000560093E78700A302F6002303060083C78E
:100B00004500858B2303F60003D74500098B09C7F1
:100B100093E727002303F60083D74500918B99C7FD
:100B20008347660093E747002303F60003D7450099
:100B30008147218B19C7034766001367870023038A
:100B4000E6003E8582802E86AA8505456FF05FF31C
:100B50002E86AA8509456FF0BFF289478DC505C568
:100B6000411106C6AE870D47AA852380E70013858D
:100B7000170041469700FF1FE780E0D1B240814750
:100B80003E85410182803E85828089478DC505C5AD
:100B9000411106C6AE871147AA852380E700138559
:100BA000170041469700FF1FE780E0CEB240814723
:100BB0003E85410182803E85828089478DC505C57D
:100BC000411106C6AE871947AA852380E700138521
:100BD000170041469700FF1FE780E0CBB2408147F6
:100BE0003E85410182803E85828089479DCD15CD1D
:100BF000411106C61D472380E50003570500AE8757
:100C00002146A380E5000357050021832381E500E9
:100C100093052500138537009700FF1FE780A0C7C5
:100C2000B24081473E85410182803E85828089476E
:100C30008DC505C5411106C6AE872147AA8523800B
:100C4000E7001385170041469700FF1FE780A0C407
:100C5000B24081473E85410182803E85828089473E
:100C600095C90DC9411106C625472380E5000347F4
:100C70000500AE871946A380E5009305150013858E
:100C800027009700FF1FE78000C1B24081473E85E3
:100C9000410182803E85828089478DC505C541110D
:100CA00006C6AE872947AA852380E700138517006B
:100CB00041469700FF1FE78000BEB24081473E8556
:100CC000410182803E858280894795C50DC54111CD
:100CD00006C6AE873147AA852380E7001385170033
:100CE000130600049700FF1FE780E0BAB240814777
:100CF0003E85410182803E85828089478DC505C53C
:100D0000411106C6AE873547AA852380E7001385C3
:100D1000170041469700FF1FE780E0B7B2408147C8
:100D20003E85410182803E858280894791C909C9FB
:100D300095472380F50083470500A380F500814790
:100D40003E858280894791C909C9AD472380F50056
:100D500083470500A380F50081473E85828015C545
:100D60005D718A8586C6A2C42A84EFE0EFEC035544
:100D700004000A8697060000938626DD9D45EFE075
:100D80006FDEB6402644616182800545828015C5CC
:100D90005D718A8586C6A2C42A84EFE0EFE9035517
:100DA00004000A86970600009386C6DA9D45EFE0A8
:100DB0006FDBB640264461618280054582805D71AB
:100DC000A2C49305C5022A8441460A8586C69700B7
:100DD000FF1FE78040AC035504000A869706000019
:100DE0009386E6D7C545EFE0EFD7B640264461616C
:100DF00082805D71A2C49305C5032A8441460A8599
:100E000086C69700FF1FE78000A9035504000A86E5
:100E1000970600009386A6D7C545EFE0AFD4B6404D
:100E20002644616182809737FF1F9387E7399C438F
:100E3000B1CB9C435D71A2C486C62A841305E00F22
:100E400095CF032504089305050C13050508829723
:100E500083250408130600040A8593850508970076
:100E6000FF1FE78040A30355040097060000938608
:100E7000E6E50A8693051004EFE0CFCEB64026449F
:100E8000616182801305E00F8280317122DD2A8446
:100E90000355050026DB06DF4AD94ED752D556D377
:100EA0005AD15ECF62CDEFD0FFC33C58AA8489EB04
:100EB0009305300571459700FF1FE780C05828D87B
:100EC0002858CD471DC9714681459700FF1FE7800F
:100ED000A0A3032904072285EFE08FEA230DA900D0
:100EE000834724001739FF1F1309092E638A07124D
:100EF0008327090085E39307E00FFA506A54DA5418
:100F00004A59BA592A5A9A5A0A5BFA4B6A4C3E8590
:100F10002961828083AB0701E38F0BFC032B04085C
:100F2000EF40FF952A8C0145EF403F9383C7540063
:100F30003858130B0B029309C403130AC405938A90
:100F400064003AC0B337F0002A879308010456883A
:100F5000B33680015286CE855A85829B1C5403C7C6
:100F600027002307E10203C71700A306E10283C796
:100F700007002306F10283270900B5DF03AB470111
:100F8000E30B0BF683C75400B337F0003ECEEF40BF
:100F90001F8FAA8B0145EF405F8C03270408F2479F
:100FA0002AC03AC2B338700156887810930684007C
:100FB0004E86D2858800029B7C5403C727012305F7
:100FC000E10203C71700A304E10283C7070023045B
:100FD000F1028327090003A94701EF405F8A2A8BAA
:100FE0000145EF409F8783C854009C082A883EC271
:100FF000B3381001B337600138109306840152866C
:10100000CE8556C08800029903550400970600005B
:101010009386E6CE9008C545EFE0CFB4AA87F1BD30
:1010200083C6540083270900032B0408B336D0007D
:1010300083AB070136CEEF409F842A8C0145EF40F9
:10104000DF813C58F246130B0B02130AC4059309C7
:10105000C403938A64002A88930801044E86D285CB
:101060003EC05687B33780015A85829B1C54130BB0
:10107000010303C727002307E10203C71700A306E4
:10108000E10283C707002306F1028327090083AB2F
:10109000470183C75400B337F0003ECEEF402FFE28
:1010A0002A8C0145EF406FFBF2472AC0B33880011C
:1010B00056887810930684004E86D2855AC28800DE
:1010C000829B8325040841465A859700FF1FE780CD
:1010D0000088AD47E31205EE0DB52E869706000099
:1010E0009386E6ADC5456FE0EFA75D71B287A2C4F8
:1010F0002300B1002A84BE8513051100194686C657
:1011000097F0FE1FE78020790A8622859706000067
:10111000938626B5A145EFE0EFA4B6402644616171
:1011200082802E86970600009386A6B0C5456FE0A4
:101130006FA35D71B287A2C42310B1002A84BE855B
:1011400013052100214686C697F0FE1FE780A07494
:101150000A86228597060000938666A9AD45EFE0D2
:101160006FA0B6402644616182802E8697060000FB
:101170009386C6B2C5456FE0EF9E797122D406D63C
:1011800026D283473500130730052A846385E70894
:10119000130750056397E7089307A005A301F5001F
:1011A00083477500C14513D737002A9783468700C8
:1011B0009D8B1305C503B3D6F640858A93E606F8E2
:1011C00093F6F60F36C6EF40CFBAB2469737FF1FF9
:1011D000938787FF9C439DCB9C478DCB03250408B9
:1011E00018081306C4039305050413050508829720
:1011F0001375F50F01ED1305C40241460C0897F075
:10120000FE1FE78040692285EFF07FBBB250225479
:1012100092544561828093079005A301F5008146B1
:1012200075B7130710026396E7027C55032705087C
:1012300083D747016316070E13F717006302070EE3
:10124000185503574700058B61CF93072002A30170
:10125000F4008347340013072002639DE70E3C58D7
:1012600089EB9305300571459700FF1FE780A01DAE
:1012700028D82458C9C02285EFE08FB0238DA40060
:1012800028588145414697F0FE1FE780E0672858BF
:101290003D478345A5019387F5FF93F7F70F636DEE
:1012A000F7029737FF1F83C727F3D5C34146814510
:1012B000080897F0FE1FE780206519469735FF1F45
:1012C0009385C5D1080897F0FE1FE780C05C3058B1
:1012D0000C082E85EF802039EF209FB63C58A145A1
:1012E0002398A70013852701EF40AFA82C5803557A
:1012F0000400EFF09FDE9307300203550400A301C2
:10130000F400EFD02FFE414619C10356E500060652
:1013100085451735FF1F034515E1EF20FFEEFDB5AD
:1013200013F7270009CB185403574700098B01C74F
:101330009307400229BF918BE38D07F01C5483D79C
:101340004700918BE38707F09307600209B7EF40EE
:101350004FA259B713073002639AE7023C5889CB72
:1013600083D507010355040013862701EFF07FDCC6
:101370007C5483D7470113F7270021CF1854035714
:101380004700098B39C79307400285BF1307400206
:10139000639CE700EF404FCFAA8503550400EFF0B0
:1013A0005FD89307500291BF130750026390E70480
:1013B000EF40EFCC0DE9814505452EC6EF40EFC962
:1013C0002A86B24503550400EFF03FD27C5483D700
:1013D0004701918B9DC71C5483D74700918B95C3C0
:1013E0009307600219BF85450145C1BF130760021D
:1013F0006399E700EF400FCAAA8503550400EFF098
:10140000DFD67C540327040883D7470119EF13F76D
:10141000071001CF1854035747001377071011C75F
:1014200093077002A301F400D5B313F7072011CB83
:101430001854035747001377072001C793079002FA
:10144000D5B793F7074091CB1C5483D7470093F748
:10145000074081C79307B002F1B79307F002D9B7ED
:10146000397122DC26DA4ED652D406DE4AD8AE894D
:10147000328AAA84EFD00FE74059414681450A8558
:1014800097F0FE1FE780404825C803590400631504
:1014900099060347340093071002631FF70283275E
:1014A000040899CF2C58A9C94A85EF103049054541
:1014B000F2506254D2544259B259225A2161828068
:1014C0008A861306C4059305C40313058400EF0040
:1014D000103A1DE18A85C9BF2C5899CD83D70501E3
:1014E000639C47012146C9054E8597F0FE1FE780A2
:1014F000004619C12C584DBF2685EFD0AFDE2A8497
:1015000005455DD44C54B9C583D70501639447059F
:101510002146C9054E8597F0FE1FE7804043854769
:10152000631AF50283C7318691C74C5483C7B5014E
:10153000639EA70CBD452685EF10D03A9737FF1F55
:10154000938707A29C5B0145A5D71D4589458297D6
:101550000145B9BF9737FF1F938717C803C7070017
:101560009739FF1F9389C99F3E89058B31C3034774
:1015700054009737FF1F83C767C5631BF7021946DF
:101580009735FF1F938595C41305640097F0FE1FE0
:10159000E780E03B8547631DF50083A7090381C70A
:1015A00091451D458297BD452685EF10B03301B7A3
:1015B0001737FF1F034747C283A7090331CB0347F0
:1015C0000900098B09CB81C795451D458297268562
:1015D000EF101037E9BD81C78D451D458297414603
:1015E0008145080897F0FE1FE780003219469735BD
:1015F000FF1F9385A59E080897F0FE1FE780A0298E
:101600000C082E850A86EF8000068A85268571BD26
:101610008545C5FF6DBF797122D440594AD04ECE61
:1016200052CC06D626D2AA892E8A32896300046C4F
:101630000355250083570400638CA700A144B250D2
:101640002254268502599254F249624A45618280A9
:101650008344240099C09D44DDB79387F5FF93F739
:10166000F70F3147E369F7FE17C7010013074785F6
:101670008A07BA979C43BA9782871C54E1F3930573
:101680003005130500049700FF1FE780C0DB08D476
:1016900055D503470900914763F4E7008D4445B7EA
:1016A000034719008547E3EBE7FE13060004CA85EC
:1016B00097F0FE1FE780201E0C547054A302040014
:1016C000D4415C4A858AFD8E83574601F99BD58FAC
:1016D000231AF600D841544AF59B0583058B858271
:1016E000F98E8606DD8E231AD600DC41584AED9A23
:1016F0008983858B09837D8F0A07558F231AE6001E
:10170000D4415C4A5D9B8D82858A8D83F58F8E07DF
:10171000D98F231AF600D841544A93F7F7EF218363
:10172000058BA182F98EA206DD8E231AD600DC413C
:10173000584AA583858B25837D8F9317970013F7D0
:10174000F6DF5D8F231AE600D4415C4AA982858AC0
:10175000A983F58F9396A7009377F7BFD58F231AA8
:10176000F600D441584AAD82858A2D83758FFD7667
:101770009386F67F2E07F58FD98F231AF6008347BD
:10178000260103250408A18B6387071083C7250062
:10179000A18B63820710E31305EA93053005130557
:1017A00000109700FF1FE78000CA2320A408E3076A
:1017B00005EE7C54A30204000347190083C61700FA
:1017C00089EA45C38347540093E70701A302F40065
:1017D00029A0A147A302F40075F72285EFF02FDBC3
:1017E0006C5483C72501858B81CF1C5483C7270088
:1017F0008D8B99C78347640093E717002303F40098
:101800008327040899C78347640093E7870023036D
:10181000F4008347540005476393E70C4146814534
:101820001305840097F0FE1FE780000E41468145B6
:101830001305840197F0FE1FE780000DC1451305D5
:10184000C403EF301FD3032704089307000511E3F7
:10185000C14703550400A301F4008145EF40BFAC2C
:10186000F9BB03C72701118B19E703472900118B27
:1018700019E38547A1BF83C70700834609001547C1
:101880003387E70297B701009387C75EBA97B69789
:1018900083C7070025BF19C59700FF1FE780C0C990
:1018A000232004087C5403C7170011C703471900FD
:1018B00019C3E14721BF03C72701118B09E703477C
:1018C0002900118B5DD783C70700154783460900A0
:1018D0003387E70297B701009387075845BF13F78F
:1018E000870131CFC18B130584004146A9C3890507
:1018F00097F0FE1FE78020FA4146814513058401D9
:1019000097F0FE1FE780400083476400C145130540
:10191000C40393E747002303F400EF309FC58327F8
:10192000040881CF93072005A301F40009BB81457A
:1019300097F0FE1FE78040FDC1B7CD47F5B70947D7
:1019400089456386E70011476398E700854503559D
:101950000400EF405F9D21A01947E389E7FE83471C
:10196000640093E747002303F4008327040881C73A
:101970009307100555BFC54745BF4146CA851305A6
:10198000C40497F0FE1FE78000F18347340013077B
:101990006005639CE70085451725FF1F0345B57863
:1019A000EF20EFE69307500541B745476383E70211
:1019B0009306C4021306C403930584002285EFD066
:1019C000FFB02285EFF0AFBFAA8411C1A144D14777
:1019D000A1BFC94791BF9309C4054E854146CA8539
:1019E00097F0FE1FE78020EB0325040871CD8347A5
:1019F0003400130790056398E7002285EFF06FBF6E
:101A00009307E00515B71307A005639FE70697271F
:101A1000FF1F9387677B9C43E38F07C203A8870060
:101A2000E30B08C283477400930505084E8613D75D
:101A300037002297834687009D8B0A87B3D6F640EE
:101A4000858A93E6060813050504029841468A85AF
:101A50001305C40497F0FE1FE78060EF11E1D28404
:101A60002285EFF00FB983477400CD461307E005D8
:101A7000850793F7F70FA303F40063E4F600130759
:101A80006005A301E40065BE1307C005E399E7BA4A
:101A90009727FF1F938747739C43E38E07BA9C47A2
:101AA000E38B07BA93050508130984000A8781466A
:101AB0004A862E858297035504000A86CA85EF4020
:101AC0007F8F9307B0058DB58A864E869305840077
:101AD0002285EFD0BF9F41469305C4040A8597F045
:101AE000FE1FE780C0E68547D284E31AF5B422855D
:101AF000EFF02FB0AA84E31305B4930710022DB5BD
:101B00000347340093077002E317F7B47C5889EB5E
:101B10009305300571459700FF1FE780C09268D894
:101B20006858E30A05B2CA85414697F0FE1FE78070
:101B300080D6032944072285EFD09FA4230DA90056
:101B400093078002D5B30347340093078002E31460
:101B5000F7B08357060068582146930529002318DB
:101B6000F500490597F0FE1FE780E0D27C5483D74B
:101B7000470113F7072025CF185403574700137761
:101B8000072035C79307900245B3034734009307F6
:101B90009002E312F7AC3C5C89EB930530055D45A0
:101BA0009700FF1FE780208A28DC285CE30505AA50
:101BB0004146CA8597F0FE1FE780E0CD9307A0025B
:101BC000A5B3034734009307A002E316F7A88347A1
:101BD0000600285C194693051900230BF500410502
:101BE00097F0FE1FE78020CB7C5483D7470193F703
:101BF0000740B1C71C5483D7470093F70740A1C3E0
:101C00009307B00215B3034734009307B002E314FF
:101C1000F7A47C5C89EB9305300551459700FF1FC5
:101C2000E780608268DC685CE30A05A04146CA85FB
:101C300097F0FE1FE78020C67C5C7D5798CB03D5CC
:101C400029008145EFD04FD3DDBA03473400930715
:101C5000F004E3F5E79E03250408E301059E13065F
:101C60000004CA851305050497F0FE1FE780A0C293
:101C70002285EFF04F9BAA842285EFD05F818347B6
:101C8000340013070005639FE70003D6E90085458C
:101C90001725FF1F034535490606EF20EFD69307AA
:101CA000300559B1130710056395E70093076005E8
:101CB000A5B913072005E394E7989307C005ADB1D4
:101CC000034734009307E005E31AF7960325040859
:101CD0004146CA8597F0FE1FE780E0BB2285EFF002
:101CE000CF9AAA8419BD83450600A9BF85478144C0
:101CF000E397F59403284600834736000347260000
:101D00008346160083552500034606000145EF3043
:101D1000BFE435B28147C1463307F500B388F5000B
:101D20000347070083C808003308F60085073347D8
:101D300017012300E800E391D7FE82800147BD47E9
:101D40001308F00F3306F50083460600B388F5004C
:101D5000FD178606558F2380E8000347060093F79A
:101D6000F70F1D83E39007FF82808147930800F8F7
:101D7000414893F6F70F3387F50063FCC600B306BE
:101D8000F50083C606002300D7008507E39307FF0D
:101D900082806395C60023001701C5BF230007009A
:101DA000EDB701114AC856C22E89AA8A930530059B
:101DB000414506CE22CC26CA4EC652C4328A97F07E
:101DC000FE1FE7804068AA8493053005414597F0DF
:101DD000FE1FE78040672A84CD49A5C431CD414626
:101DE000814597F0FE1FE78020B22686A2855685A2
:101DF000EF707007AA8929E18387040063D307067F
:101E0000A2852685EFF09FF34A8697B5010093855A
:101E1000650E2285EFF01FF08307090063D80704E1
:101E2000A2854A85EFF09FF1528697B50100938510
:101E3000650C2285EFF01FEE268597F0FE1FE780E8
:101E4000A06F11C4228597F0FE1FE780E06EF2407C
:101E500062444E85D2444249B249224A924A0561BF
:101E60008280CA852685EFF07FED7DB7D2854A85D1
:101E7000EFF0DFECD1B781474146B306F500338779
:101E8000F5000347070003C806008507334707012D
:101E90002380E600E393C7FE8280011126CA4EC666
:101EA000AE84AA8993053005130500034AC806CEFF
:101EB00022CC328997F0FE1FE780E0582DC513062B
:101EC000000381452A8497F0FE1FE780E0A3414686
:101ED000CE85228597F0FE1FE78040ACA6850D4693
:101EE0001305D40197F0FE1FE78040AB13060402F0
:101EF000930504012285EF700077AA840D469305AF
:101F0000D4024A8597F0FE1FE78040A9228597F00A
:101F1000FE1FE7806062F240624426854249D24457
:101F2000B24905618280CD44FDB75D714EDE62D459
:101F3000AE892A8C9305300513050003A6C2CAC0DA
:101F400052DC56DA5AD85ED686C6A2C4B28B368B1D
:101F5000BA84BE8A4289468A97F0FE1FE780A04E67
:101F6000630505101306000381452A8497F0FE1FC0
:101F7000E78080994146E285228597F0FE1FE78041
:101F8000E0A1414681450A8597F0FE1FE780C09792
:101F90001D46DE850A8597F0FE1FE78020A01D46BE
:101FA000DA851305710097F0FE1FE780209F333913
:101FB0002001B334900041468145080823072101E0
:101FC000A307910097F0FE1FE78000941946D6857D
:101FD000480897F0FE1FE780609C1946D2851305DC
:101FE000A10197F0FE1FE780609B93040401414626
:101FF000CE85268597F0FE1FE780409A8A85268544
:10200000EFF07FE7930904024E86A6852285EF70E4
:1020100080652A890DE94146CE85268597F0FE1F09
:10202000E78060870C082685EFF0FFE44E86A685E2
:102030002285EF7040632A8946454146CE8597F058
:10204000FE1FE780A095228597F0FE1FE780C04E17
:10205000B64026444A8596440649F259625AD25AF5
:10206000425BB25B225C616182804D49D5B7011150
:1020700026CA52C4AA842E8A13050003930530058C
:102080004AC84EC606CE22CC3289B68997F0FE1FCA
:10209000E780603B35C52A84A685414697F0FE1F40
:1020A000E780C08F930404012146D285268597F0EE
:1020B000FE1FE780A08ECA8521461305840197F094
:1020C000FE1FE780A08D13090402A6854A8622859B
:1020D000EF706059AA844146CA854E8597F0FE1F6D
:1020E000E780C08B228597F0FE1FE780E044F24036
:1020F000624426854249D244B249224A056182801F
:10210000CD44F5B739715AD05ECE2A8BAE8B41459E
:102110009305300506DE26DA52D456D262CC66CA62
:102120006AC8368C328DBA8C22DC4AD84ED697F0EB
:10213000FE1FE7804031AA8A93053005414597F09C
:10214000FE1FE78040302A8ACD44638E0A0859C5B5
:102150002A86D6855A85EFF0DFC4AA8441E193052B
:102160003005414597F0FE1FE780E02D2A89930551
:102170003005414597F0FE1FE780E02CAA89630AED
:10218000090E6306050E1304FD0011841376FD008D
:1021900049C07D144204418035EE131544004E863B
:1021A000D6855E95EFF01FB7414681454A8597E099
:1021B000FE1FE7806075014D93170D01C18363F425
:1021C0008708BDC04A8597F0FE1FE780E036638729
:1021D00009004E8597F0FE1FE7800036568597F080
:1021E000FE1FE780603563070A00528597F0FE1FE7
:1021F000E7808034F250625426854259D254B25955
:10220000225A925A025BF24B624CD24C424D2161EF
:1022100082800144131544008A855E95EFF0FFB477
:102220004E86D2850A85BDBF93154D000A86DE9580
:102230004A85EFF03FAE4A868A855A85EF70A04204
:10224000AA84050D95BFBDFC0A86CE854A85EFF0B0
:102250007FAC4A868A855A85EF70E040AA846686FC
:10226000CA85628597E0FE1FE780E062A1BFCD448A
:1022700091BFCD44A9BF397162CC2A8C594526DA69
:102280004AD84ED652D456D25AD05ECE06DE22DC82
:10229000AE8B328BB68A3AC63E8AC289468983445F
:1022A0000104EF10FF8F49C19167938717E923104D
:1022B000F50085472301F5002A8432472105630C88
:1022C0000C0493071003A301F4001946814597E01D
:1022D000FE1FE780606323036401A3035401230A04
:1022E0009400231274012317440123183401231985
:1022F0002401A2856254F250D2544259B259225A52
:10230000925A025BF24B624C1725FF1F034585E191
:1023100021616F105F98A30104001946BA8597E008
:10232000FE1FE780405745BFF2506254D2544259D5
:10233000B259225A925A025BF24B624C216182805E
:10234000797156CAAA8A1305100326D24AD04ECEF6
:1023500052CC06D622D42EC6328AB684BA893E8999
:10236000EF101F842DC1B245374602019307850047
:10237000130616E92A8410C15CC123045501A30485
:10238000B5001946D285290597E0FE1FE780A050C9
:10239000CE852308940013051401268697E0FE1FBE
:1023A000E780604F23082403A2852254B250925440
:1023B0000259F249624AD24A1725FF1F034585D6C2
:1023C00045616F105F8DB250225492540259F24908
:1023D000624AD24A45618280011122CC2A84314569
:1023E00006CE2EC632C436C23AC0EF106FFB29C1EA
:1023F0009167938717E92310F5008D472301F500B6
:10240000A3018500B2452246924602476244F2404B
:102410002312B5002313C5002314D5002315E500AE
:10242000AA851725FF1F0345E5CF05616F10BF86FD
:10243000F24062440561828001114AC82A89394507
:1024400026CA06CE22CC2EC6B284EF106FF531C15B
:10245000B2459167938727E92310F5009147A301BF
:1024600025012312B5002A842301F500A68519054C
:10247000214697E0FE1FE7800042A2856244F240B9
:10248000D24442491725FF1F0345C5C905616F1096
:102490009F80F2406244D24442490561828001112A
:1024A0004AC82A89414526CA06CE22CC2EC6B28405
:1024B000EF100FEF29C19167B245938727E92310E9
:1024C000F50095472A84231225012301F5002146B2
:1024D000190597E0FE1FE780003CA28523179400B2
:1024E0006244F240D24442491725FF1F0345B5C359
:1024F00005616F104FFAF2406244D24442490561CF
:102500008280011122CC2A84394506CE2EC632C4DF
:1025100036C23AC0EF10CFE829C19167938717E917
:102520002310F50099472301F500B2452246924653
:102530000247231285006244F2402313B50023149E
:10254000C5002315D5002316E500AA851725FF1F12
:10255000034545BD05616F100FF4F240624405610B
:102560008280797122D406D62A842EC632C436C21D
:102570003AC0EFC02FD71DC1B2452246924602474E
:10258000231CB100231DC1002C081306F00F228567
:10259000231ED100231FE100EFC08FC3B25022548D
:1025A00045618280011122CC2A84394506CE2EC68F
:1025B00032C436C23AC0EF10AFDE29C191679387AB
:1025C00017E92310F5009D472301F500B245224687
:1025D00092460247231285006244F2402313B5005D
:1025E0002314C5002315D5002316E500AA85172559
:1025F000FF1F034525B305616F10EFE9F240624408
:10260000056182805D712AC613052002CAC04EDEB4
:1026100052DC56DA5AD85ED662D466D26AD086C602
:10262000A2C4A6C26ECE2E8CB28B368B3AC43E8D1F
:10263000C28CC68A035A01058359410503498105A5
:10264000EF100FD669C591663243938616E9A94704
:102650002A842310D5002301F500930DE400210501
:10266000930444012247630D030693071003A3015B
:10267000F4001946814597E0FE1FE780E0281946DF
:1026800081456E8597E0FE1FE78000281946814549
:10269000268597E0FE1FE780202723037401A3030C
:1026A00064012300240323128401231D5401231EEB
:1026B0004401231F3401A2852644B64096440649AE
:1026C000F259625AD25A425BB25B225C925C025D62
:1026D000F24D1725FF1F0345E5A461616F10AFDBC5
:1026E000BA85A3010400194697E0FE1FE780A01AEF
:1026F000EA856E85194697E0FE1FE780C0191946E6
:10270000E685268597E0FE1FE780E01879B7B6409A
:10271000264496440649F259625AD25A425BB25B49
:10272000225C925C025DF24D6161828079715EC6CD
:10273000AA8B61454ECE52CC56CA5AC862C406D640
:1027400022D426D24AD02E8BB28A368ABA893E8CBF
:10275000EF100FC52DCD37470B01130717E91304F1
:102760008500AA8418C140C1014913052400230033
:102770007401A30064011946D68597E0FE1FE78027
:10278000801113059400230444011946CE8597E077
:10279000FE1FE7804010A307840103C7340005092A
:1027A0001379F90F4104E362E9FC2254B250025953
:1027B000F249624AD24A424BB24B224CA68592540D
:1027C0001725FF1F0345059645616F10CFCCB2500A
:1027D000225492540259F249624AD24A424BB24BB5
:1027E000224C45618280011122CC2A84214506CEEB
:1027F0002EC632C436C2EF10AFBA15CD224692466D
:102800009167938717E92310F500B1472301F5007D
:10281000A3018500B2452303C500A303D50062448C
:10282000F2402312B500AA851725FF1F0345858FA7
:1028300005616F104FC6F2406244056182805D7190
:10284000A6C28344C1052AC6CAC0138544024EDE0F
:1028500052DC56DA5AD85ED662D466D26AD06ECED0
:1028600086C6A2C42EC4B28D368DBA8C3E8CC28B65
:10287000468B835A0105034A4105E6490659EF1084
:102880002FB249CD3243A24537460D01930785004B
:10289000130616E92A845CC12304650010C1A30451
:1028A000B5001946EE85290597E0FE1FE780A0FEDA
:1028B000CE852308A401A308940123098401A30958
:1028C0007401230A6401231B5401230C44011305E2
:1028D0009401194697E0FE1FE780E0FB13054402D0
:1028E000A30F940008D0CA85268697E0FE1FE780D4
:1028F00080FAA2852644B64096440649F259625AA7
:10290000D25A425BB25B225C925C025DF24D1725AB
:10291000FF1F0345258161616F10EFB7B640264464
:1029200096440649F259625AD25A425BB25B225C23
:10293000925C025DF24D61618280411126C2AA84DF
:10294000514506C622C4EF10AFA549C191679387D0
:1029500017E92310F500B9472301F50083C71400D8
:102960002A8493856400A301F50083C7340003C75C
:1029700024002105A207D98F231EF5FE83C744003A
:102980001946230FF5FE83C75400A30FF5FE97E009
:10299000FE1FE78040F083C7C400A2851715FF1F04
:1029A000034545782307F40083C7E40003C7D40038
:1029B000A207D98F2318F40083C7F4002309F40079
:1029C0002244B240924441016F10EFACB240224425
:1029D0009244410182801713FF1F0343137593082C
:1029E000F00F6304130B79715EC6AA8B1385070180
:1029F00022D426D24AD04ECE52CC56CA5AC806D677
:102A00004289BE84BA89368AB28A2E8BEF104F99DA
:102A10002A842DC19307000D2310F500D947230107
:102A2000F5002312750123036501A3035501230457
:102A30004501A30435012305950095C8410548C407
:102A40002686CA8597E0FE1FE780E0E4A28522542F
:102A5000B25092540259F249624AD24A424BB24BA6
:102A60001715FF1F0345756C45616F10CFA2232614
:102A70000500E9BFB250225492540259F249624A09
:102A8000D24A424BB24B456182808280411122C4BE
:102A90002A84194506C6EF10AF900DC5916793873C
:102AA00017E92310F500C1472301F5002312850023
:102AB0002244B240AA851715FF1F0345A5664101B0
:102AC0006F106F9DB24022444101828041110D453B
:102AD00006C6EF10EF8C0DC5930710F92300F50023
:102AE0009307E003A300F500C5472301F500B240BA
:102AF000AA851715FF1F0345E56241016F10AF99C5
:102B0000B24041018280011122CC2A84294506CE9F
:102B10002EC632C436C2EF10AF8815CDB2459246EC
:102B20009167938717E92310F500C9472302B50081
:102B30002301F500A30185002304D5002246624449
:102B4000F2402313C500AA851715FF1F0345855DB5
:102B500005616F104F94F24062440561828001115B
:102B60004AC82A892D4526CA06CE22CC2EC6B28452
:102B7000EF100F8329C5B245930710F92300F50024
:102B80009307E003A300F500CD47A301250123022D
:102B9000B5002A842301F500A6851505194697E09E
:102BA000FE1FE78040CFA2856244F240D2444249F2
:102BB0001715FF1F0345055705616F10CF8DF240B4
:102BC0006244D244424905618280011122CC2A84A8
:102BD000214506CE2EC6EF00BFFC05C9B245916760
:102BE000938717E92310F500D1472303B50023018C
:102BF000F500231285006244F240AA851715FF1FD5
:102C00000345455205616F100F89F240624405612A
:102C10008280011122CC2A84214506CE2EC632C4E0
:102C2000EF001FF81DC52246930710592310F50029
:102C300023018500B2452303C5006244F2402312FC
:102C4000B500AA851715FF1F0345C54D05616F1017
:102C50008F84F240624405618280011122CC2A8473
:102C6000214506CE2EC632C4EF009FF31DC9224671
:102C70009167938727E92310F500A1472301F50009
:102C8000B24523038500A303C5006244F24023122A
:102C9000B500AA851715FF1F0345F54805616F00AC
:102CA0009FFFF240624405618280011122CC2A8498
:102CB000314506CE2EC632C436C23AC0EF005FEEB2
:102CC00015CD22468567938717C92310F500230188
:102CD0008500B2452303C500924602476244F24094
:102CE0002312B5002314D5002315E500AA85171576
:102CF000FF1F0345254305616F00FFF9F240624461
:102D000005618280011126CAAE844AC82A891385CA
:102D1000C40006CE22CC32C6EF009FE81DCD8567E9
:102D2000B245938717E923019500231225012A84D0
:102D30002310F500310508C4268697E0FE1FE780C2
:102D400080B5A2856244F240D24442491715FF1F64
:102D50000345453D05616F001FF4F2406244D244D3
:102D6000424905618280011122CC2A84194506CE90
:102D70002EC6EF00FFE205C98567938717F9231078
:102D8000F500854723018500A301F500B2456244A3
:102D9000F2402312B500AA851715FF1F0345853899
:102DA00005616F005FEFF24062440561828041116E
:102DB00022C42A840D4506C6EF009FDE05C5930791
:102DC00010F92300F500E947A300F5002301850071
:102DD0002244B240AA851715FF1F0345A5344101BF
:102DE0006F007FEBB240224441018280011122CC6E
:102DF0002A84214506CE2EC6EF009FDA0DC99167C1
:102E0000938727E92310F500930700032301F500BA
:102E1000B245230385006244F2402312B500AA851F
:102E20001715FF1F0345353005616F00DFE6F240DF
:102E30006244056182800111214506CE2EC632C44E
:102E4000EF001FD605C98567938707392310F50062
:102E5000B245224685472301F500F2402312B50012
:102E60002313C500AA851715FF1F034525220561F9
:102E70006F007FE2F24005618280397122DC130429
:102E8000F5FF4AD852D456D25ECE420406DE26DA88
:102E90004ED65AD0894B2A8A3289B68A41806395A8
:102EA0007515938B019483C701945E8B89448DCFF4
:102EB00083C9160083C706009144A209B3E9F9004B
:102EC0009717FF1F83D7C70AF51763DFF90093072A
:102ED000C6FF639DF90831452EC6EF007FCC2A84DA
:102EE000B24519ED9304F00FF25062542685425911
:102EF000D254B259225A925A025BF24B216182801B
:102F00004209135909012302B50023132501930730
:102F100000F91509A1652310F50023114501850568
:102F20004A8597E0FE1FE780005208C415C983C791
:102F30000B009385EAFF13562900FD172380F194B7
:102F400097E0FE1FE78000991C44A2851715FF1F1C
:102F50000345C51389071CC4EF00FFD3814469B73B
:102F6000228597E0FE1FE780205DADBF9307D6FF67
:102F7000E3CAF9F6B1473304F4029714FF1F9384B0
:102F800024119C40A29703C7A70019C7884309C50D
:102F900097E0FE1FE780405A13854900A16542056E
:102FA0008505418103AA040097E0FE1FE780A04940
:102FB0009C40229A2320AA00A297884305D5054762
:102FC0002385E70083470B004A86D685FD172380BB
:102FD000F19497E0FE1FE780008C9C403E94231301
:102FE0002401231234019DBF8547E39DF5EEB147CF
:102FF0003304F402171BFF1F130B8B0983270B00ED
:10300000DA89A29703D76700884345CB83D7470067
:10301000B306C700910763C2D70A3A95D68597E0F1
:10302000FE1FE780408703270B00814422978357C8
:103030006700CA97C207C1832313F70003574700ED
:103040001107E393E7EA3145EF009FB5AA8521C157
:10305000930700F92310F50083270B002302750165
:1030600023114501A29703D767009C432313E50072
:103070001CC51715FF1F03456501EF00DFC183273E
:103080000B003E942313040023050400B1BD8327E5
:103090000B00A297884311C997E0FE1FE780C04943
:1030A00083270B00A29723A0070083A709003E9463
:1030B000231304002305040055B511C997E0FE1F32
:1030C000E780804783A70900A29723A0070083A772
:1030D000090085443E94231304002305040029B508
:1030E0006F80B03C6F80F03D6F8010696F9040132F
:1030F0006F80B040411106C6EF80F03CB240014500
:10310000410182806F8010426F8030446F80704731
:103110006F8090496F80904B6F80904D6F80704FA3
:103120006F8070516F8070536F8010558347160009
:1031300003460600A2075D8E6F8050566F80905741
:103140006F80505A6F80105D6F80F05F6F80F06508
:103150006F8010686F80306A6F80506C6F80706E07
:1031600003430100030E4100834E8100034FC10061
:10317000834F010183424101834381017EC816CA06
:103180001ECC7AC676C472C21AC06F80F06D6F8092
:10319000F0726F8010756F8030776F8050796F801C
:1031A000707B6F80907D6F80B07F6F90C0016F905B
:1031B000E0036F90A0076F90C0096FB00013130772
:1031C000A5FF420785672A8841831385A7C7636CDB
:1031D000E502138707C801456368B70263E6050384
:1031E0001307301F6362C702138766FF42074183DC
:1031F000938767C763EAE70005063306B6028E06C3
:103200003325D6008280014582808347651393D69B
:103210003700AA9683C5061313F7770033D6E54027
:10322000058A6302061083471501898B6394071092
:103230008327450A898B639F070E011122CC2A84BC
:103240001305851306CEEF40017B034754138347D4
:103250004403636EA708138567FF62057D56FD462C
:103260002C00618532C436C6EF60503A03268413C1
:1032700022478326C413B247718FF58F6314E6008B
:10328000638AF6002800EF400177A54763EFA702A5
:10329000A30AA412834744178DE70346641322450B
:1032A000B245EF70316A058909CD8327C41093F7C1
:1032B000070881CB8327440A37074000D98F232290
:1032C000F40AF2406244056182806D15A30AA412DB
:1032D00015462C001305841297D0FE1FE780A05BD3
:1032E0008327440A93E727002322F40A65B713854E
:1032F00047FF8345641362056185EF60606659F995
:103300000346641305458145EF70916603278413D6
:103310008327C4131345F5FF93C5F5FF698FED8F20
:103320003AC43EC675B78547B397E700CD8F23886B
:10333000F61282808280411122C426C206C64AC08B
:1033400083476503034735012A848507230BF5026C
:103350009714FF1F938444E18347C500631D075200
:1033600013070004A309E50003471501B19B93E788
:1033700037002306F50093178701A30D0500E187A9
:1033800063D907001377F707A308E500EF30005172
:1033900039A88327850A93F62700B9CAF59B232409
:1033A000F50A83270510918BA9C3EF1080460347C8
:1033B000B4018547631BF70E832784110347C400BC
:1033C000DC432380E7008327841103475401DC4357
:1033D000A380E700032784119C405843B240224455
:1033E000B8DF9244024941018280EF102040C1B70A
:1033F00093F6170099C6F99B2324F50AEF10402F86
:103400007DB7834605010546639EC624DDCF13F7CD
:10341000070119C7BD9B2324F50AEF10102041BFF7
:1034200013F7070401CB93F7F7FB2324F50AEF10FA
:10343000C043B5BF13F7070801CB93F7F7F7232471
:10344000F50AEF20D03EA5B713F7071009CB93F785
:10345000F7EF2324F50A2285EF10605D89BF13F78B
:10346000074001CB93F7F7BF2324F50AEF10B05EB6
:103470003DBF13974701635C07007D771307F77F14
:10348000F98F2324F50A2285EF10406C0DB71397AE
:103490002701635A070079777D17F98F2324F50AEE
:1034A000EF10607C29B72324050A83270411034702
:1034B000C4002380E7008327041103475401A3803D
:1034C000E7009C400327041111BF8327450A63834B
:1034D000072893F6070199C6BD9B2322F50AEF1032
:1034E000D00EF1B593F6070481CA93F7F7FB2322B8
:1034F000F50AEF10402765BD93F607208DCA4D8B66
:10350000631D07188327851889EF8327440A23241E
:103510000418228593F7F7DF2322F40AEF10F0193D
:1035200079B597E0FE1FE780A01165F149B593F6E4
:10353000170099CA4D8B63120716F99B2322F50ACF
:103540002285EF10C005A5B593F6270091CA4D8BD3
:1035500063150714F59B2322F50AEF10207B81BD2C
:1035600093F6074081CA93F7F7BF2322F50AEF10BD
:10357000E02C35BD9396470163DB06007D7713078A
:10358000F77FF98F2322F50AEF10C02F0DB593F6C0
:1035900007028DC297E0FE1FE780800AE30905E07D
:1035A0008327440A228593F7F7FD2322F40AEF10BC
:1035B0008016F5BB93F6870081CADD9B2322F50AAE
:1035C0002285EF10D036E5B363DD070086078583DB
:1035D0002322F50A8327050A93E727002320F50A0B
:1035E000E9B59396370163DC06004D8B5DE77D7787
:1035F0007D17F98F2322F50AEF10A0314DBB1397E9
:1036000027016358070079777D17F98F2322F50A80
:1036100099B51397E700635A070001777D17F98F73
:103620002322F50AEF10C04F59B31397B700635B1D
:1036300007003707F0FF7D17F98F2322F50AEF10F7
:10364000005CB5B313979700635B07003707C0FFB3
:103650007D17F98F2322F50AEF10806789BB23229B
:10366000050AA1B59DCA9307600463EAD7089307CA
:10367000500463FBF6169307C0026382F61C63E7EF
:10368000D70293073002638AF60063EAD700E9475E
:103690006385F616F5476388F6162285C5B9930744
:1036A0006002638CF61A93077002F5B793077003F4
:1036B000638AF61663EBD7009307E002638FF61870
:1036C00093071003E38BF6D4C9BF93078003638885
:1036D000F61493071004E392F6FC8347B50279478A
:1036E0006392E70C83270510918BD5CBBD4723064A
:1036F000F502EF10001285472308F4004DB9930737
:10370000700563E0D70693076005E3F7F6D49307E7
:10371000B0046383F61663E7D70293077004E39E51
:10372000F6F60347B502F9476315F70AEF10000CE8
:1037300085472308F4008347A40293E71700230575
:10374000F402B5B193071005E38DF6CE930750054B
:10375000E395F6F497E0FE1FE78080EEE30905C4E9
:103760002DBF9307B00663E1D7029307A00663FB62
:10377000F610930710066384F61093076006E39E25
:10378000F6F0EF10502D85BF93076007E38DF6CE5E
:1037900093076008E393F6F0EF10E04CA9BFEF1039
:1037A000E00491BF0549639B2701835745070357F1
:1037B0006507BA978587231CF50459B3EF30000ECF
:1037C0008327040A2308240193E727002320F40A0F
:1037D000F9BE8357450703576507BA978587231CAA
:1037E000F504EF00D05B81BF83574507035765079A
:1037F000BA978587231CF504EDB7EF001068D94709
:10380000230AF4046DB62285EF3040098327040AA9
:103810002308040093E717002320F40A49BEEF00B1
:10382000707271B68547A306F5049305C50A414633
:103830001305C50C97D0FE1FE780E00551B38D47F7
:103840002306F5042322050E2324050E2326050E48
:103850002328050EEF00B06799BE2285EF300004E3
:1038600083471401DD9BA308F4008327040A93E730
:1038700007012320F40A41B5EF00307FADBDEF30E2
:10388000E00195BDEF3080018327040A0567130727
:103890000780D98FF9BF1717FF1F0357A79C05078C
:1038A0009716FF1F2390E69C03278511E30107B0BD
:1038B00093E707012306F500DDBC797126D2971442
:1038C000FF1F9384249922D403A4040A4AD04ECE25
:1038D00052CC56CA37090300216AB72A0200B70939
:1038E00000825AC806D65EC662C466C2130B89152A
:1038F0007D1A938A4A06FD198347E4001307100CCA
:103900006396E71E171CFF1F130C0C8683270C0001
:1039100098430D8B0DC71707FF1F230C0762B84B89
:103920001377F78FB8CB98431367870098C39C43EE
:103930008D83858B89C7010001000100010097E09C
:10394000FE1FE780A0FD03260C0093078007970C5D
:10395000FF1F938CAC7E7CD283A70C00971BFF1FAC
:10396000938BCB85D857719B13671700D8D7171740
:10397000FF1F13072785184351C7834664133697E3
:1039800003470700D457131587011377F703B3F6DE
:1039900036016607558FD8D761859306A00303A724
:1039A0000B0063D4A606744FB7050007CD8E74CF05
:1039B00003278409228598C70327C409D8C358421E
:1039C0001367170058C283A60B00D856759BD8D62C
:1039D000034764139376F7079843137707F8558FD7
:1039E00098C3EFF05F9583475401E9CB8347C40444
:1039F000898BE9C7A2850545EF50504A29C1EF6080
:103A0000402729AD03472414B5BF9306200263DA8B
:103A1000A600744FB70500F9FD15ED8EB70500053A
:103A200071B7B70600F99385F6FF744F6948ED8EBC
:103A3000B7050003E34CA8F6B705000185BF03A74F
:103A40000C00B70633001C4393F7F7CF1CC31C438D
:103A500093F7F7CF93E707201CC303A70B001C477E
:103A6000D58F1CC783270C0013078927B8CB930772
:103A700000F81707FF1FA306F76C03A70B009707B3
:103A8000FF1F2382076C5C4393F7F7EF5CC30100D1
:103A9000010003A70B0001455C4393E707105CC3DB
:103AA0000346540183456414930730FC2307F40054
:103AB000110697D0FE1FE780A07A3DBD03A70C003A
:103AC000B70633001C4393F7F7CF1CC31C4393F78F
:103AD000F7CF93E707201CC303A70B001C47D58F24
:103AE0001CC783270C001307892549B71307400C0F
:103AF000639CE7589707FF1F83C7B764970BFF1FA7
:103B0000938B0B64858B5E8C6389075283C73B0064
:103B1000E207E18763D307028347641313D73700B3
:103B200093F6770022978547B397D700834607130C
:103B300093C7F7FFF58F2308F7128347F40013F7B5
:103B4000270009EF93E72700130700F8230EE4008E
:103B5000A307F4009707FF1F23A0077A8345C40437
:103B6000032544119306240313064403858997D043
:103B7000FE1FE780C0659707FF1F2386A75C83476A
:103B8000440303C76404998F230AF40283C76B00BC
:103B9000858B639D07388347A402A30C0400231080
:103BA000040893E727002305F4022285EF10F1595A
:103BB00035E183278411A3090400B9C30347B40185
:103BC00021C303C79700058B05EF03D7A700C843A0
:103BD000136707F02395E70097E0FE1FE780C09585
:103BE0008357440485072312F404832784119C43DC
:103BF000232CF4108327841881C7FD172324F4187D
:103C00008347540181CB8347C404898B81C72285B4
:103C1000EF10B15883C76B00898B638F0710834700
:103C2000C404858B638A0710834794018507A30C1E
:103C3000F40022859707FF1FA385075097E0FE1F1A
:103C4000E78020C185476311F5342285EFF0AFEEA0
:103C50008347C404898B6388072E83475401638498
:103C6000072EA2850545EF507023E31A05D8970764
:103C7000FF1F9387A74C9843B70633001C4393F765
:103C8000F7CF1CC31C4393F7F7CF93E707201CC360
:103C90009707FF1F9387875298431C47D58F1CC7F0
:103CA0009707FF1F9387474C9C4313078927B8CB7F
:103CB00083455401034564149105EF5090589707CC
:103CC000FF1F9387A7479C43B70680009843558FF3
:103CD00098C3D857719BD8D7930730FC2307F400BB
:103CE00083270412B9C30347F400058B1DCFD443C7
:103CF00003C6C70083C58700035584008906EFA06B
:103D0000206F05E58327041203D7A700A3840700CB
:103D1000136707F02395E7009C432320F412835791
:103D2000240481C7FD172311F4040346540183457D
:103D3000641409451106B5BB2285EF109143E31ABF
:103D400005EE2285EF10713C8347140113F78700BD
:103D500031C3034764011DCF03477401C54663E6C1
:103D6000E60033D7EA00058B15E79307D003230A53
:103D7000F404930770022308F4008347C404858B7E
:103D8000E38907EA83476401E38507EA2285EF10A8
:103D9000D14545B58346D4000D476391E60483477A
:103DA0007401130790026370F702834774011D4783
:103DB000E385E7FCA306F4028327840A93E7170050
:103DC0002324F40A5DBF8A0717970100130787139E
:103DD000BA979C432285829769F945B70347340116
:103DE0001DEF03470401C146631AD70093E717008C
:103DF000A308F40085472308F40015A0D5466315F1
:103E0000D70093E72700EDB7F1466315D702832764
:103E1000040A2308040093E717002320F40A8347C9
:103E20006401A1DF228597E0FE1FE7808094E31202
:103E300005E0A1B7930690056310D70A0347A414C1
:103E400001CB034664148546B396C600631CD700B5
:103E50000346B41415CE834574148546B396B60054
:103E60006308D60293E70701A308F40041D79376CD
:103E700047008357A41CA1CA03578414938787E87B
:103E800015C30947B3C7E702938757FD214705A02C
:103E90008347E401E1DF8327040A93E70720232017
:103EA000F40AE9B72147B3C7E702938757FDB3C7C1
:103EB000E7020357841CC207C18363F3E7003E8710
:103EC0002307E40405BF058B01C7938707FB7DBF6C
:103ED0009387C7FB1147E1BF93077006631DF70285
:103EE0009707FF1F9387872598433C57ED9B3CD747
:103EF0009707FF1F238B072437170040835787013D
:103F0000B377FA00231CF7008347C40093F7F7FD4B
:103F10002306F400C5B593075009E312F7F0834771
:103F2000441793E74700230AF416E9B58347840151
:103F30008507230CF40083D7E40085071707FF1FCC
:103F40002311F732FDB19707FF1F9387271F98436F
:103F5000B70633001C4393F7F7CF1CC31C4393F7FA
:103F6000F7CF93E707201CC39707FF1F9387072509
:103F700098431C47D58F1CC79707FF1F9387C71E01
:103F80009C431307892525B3EF50B04E83270412B5
:103F9000A9C30347F400058B0DCFD44303C6C70064
:103FA00083C58700035584008906EFA0604415E1AE
:103FB0008327041203D7A700136707F02395E700B0
:103FC0009C432320F4128357240481C7FD17231137
:103FD000F4042285EF204161834794018DC793F754
:103FE000070F81CB9305D0032285EF20011AA3058B
:103FF000A4029707FF1F9387A7F69C5B89C7954587
:104000001305600882978347840189CB9707FF1FB8
:1040100083C7072981C72285EFF02F9F228522546D
:10402000B25092540259F249624AD24A424BB24BC0
:10403000224C924C45616F20E1049707FF1F938744
:10404000A7129C43FC53E399078A9707FF1F238B12
:10405000070EEF50104283C73B00E207E18763D9A8
:10406000070083D7240185071707FF1F231DF71EAD
:104070002285EF20615783473C00E207E187E3DFB9
:1040800007F8EF00FFB059B71307300CE399E79634
:104090009707FF1F83C7E70A858B6387070E97077C
:1040A000FF1F2380070A8327040A858B95C3EF50DF
:1040B000503C03457402EF00EFC683454405FD57AD
:1040C000A303F4022285EF20410CA305A402B9B793
:1040D0008355441C0356641C034574149105C205A2
:1040E000C181EF50B0208347C404970BFF1F938B0F
:1040F000AB07970CFF1F938C6C04858B170CFF1F6D
:10410000130CCC0BB1CBA2850145EF50206103A766
:104110000C00B70633001C4393F7F7CF1CC31C43B6
:1041200093F7F7CF93E707201CC303270C001C4726
:10413000D58F1CC783A70B0013078917B8CB03566D
:10414000441C930740FC2307F400110642064182F9
:10415000834574140545B1BA03A70C00B7063300B4
:104160001C4393F7F7CF1CC31C4393F7F7CF93E798
:1041700007201CC303270C001C47D58F1CC783A72F
:104180000B0023A8670565BF9707FF1F9387C7FD2F
:104190009C43FC53639207F69707FF1F238407FA9B
:1041A0006FF0FF85411106C622C426C29707FF1F84
:1041B0009387470A83C737000357A5039304003248
:1041C000A307F5029707FF1F83D7C7DE3307F70260
:1041D0002A8437460F00130606248146814533574B
:1041E00097022326E5081305C0123385A702EF6066
:1041F000F17A2312A4082285EF10111E8357A4031D
:104200001707FF1F035707DB9306204EB387E7020C
:104210002285B3F79702B387D702B3C7E70223100B
:10422000F4028357440886072311F408EF10213B5A
:104230002285EF10A16A8355E40322859205F915C2
:10424000C205C181EF10E1352285EF30710097077B
:10425000FF1F23A3870AE147A30AF4129707FF1F52
:10426000938707129C43898B85C39704FF1F938410
:1042700024CF9C5891CB83258409354582979C583F
:104280008325C4093945829722852244B24092444D
:104290009707FF1F239707FC9707FF1F23A407FC1F
:1042A00041016F107157411126C206C622C4AA846B
:1042B000EF20717F19C52A842685EF10F16A232427
:1042C000A418B2402244924441018280411126C286
:1042D00006C622C4EF30410BAA8435C5EF20B17C5D
:1042E0002A84630C0516C1472315F500930700FBCC
:1042F0002307F50085472308F5009707FF1F83D79D
:1043000027C795073E85C207C18313074010637412
:10431000F7001305401013170501418393070004AC
:104320006374F7001305000442059305D02441810E
:1043300097D0FE1FE78020112328A41019E9035508
:104340008400EF30C114B2402244268592444101DA
:1043500082809707FF1F9387A7DEDC53232AF41080
:104360009707FF1F938707EF83A6C70D03A7870D46
:10437000232ED40E232CE40E9706FF1F83C696ED42
:1043800089E61377F7F3232CE40E03D7A70383C73B
:10439000A7040326840F2312E4140347E402A307AF
:1043A000F4148327440A8326C40F136717FC2307DA
:1043B000E40213E707052322E40A2324C41023267A
:1043C000D410231304141707FF1F034767ED01CB15
:1043D0003707400013070705D98F2322F40AFD573A
:1043E0002310F4042313F4022304F4028567938753
:1043F00087BB2315F4042285EF1061541705FF1FB6
:10440000034545B72301A414EF50E047D147A30665
:10441000F41693078002A305F4169307006F231F79
:10442000F4149307F0072300F416F5779387A7EBAE
:104430002311F4168327C40FA301A4142303A41685
:10444000A303A41693F7070881C78547230AF41628
:104450009707FF1F239407E0FDB58544EDB5411193
:1044600006C6EF40F06CEF40D12FB24097F7FFFF48
:104470009387E7441707FF1F232CF7CA4101828067
:10448000834665010D47AA876384E600054582805F
:104490000327451103464700A305C502034737001C
:1044A0006316D7020347B50075F30347050193066A
:1044B00000026307D7009306300201456317D70057
:1044C000130760022388E70001458280BD46631020
:1044D000D702034705019306000401451377B70F80
:1044E000E315D7FE130750042388E7008280B946FE
:1044F000631AD7008346050113070003E398E6F823
:104500000547C9B7D1466317D7008346050113078E
:104510000005EDB7D9466318D70283460501130796
:104520005005E395E6F60327050A136707202320C5
:10453000E50A05472308E50003C71701136707F8D5
:10454000A388E70051B7E946631BD70083460501FE
:1045500013075006E39CE6F21307A006A5B7FD4635
:10456000631BD700834605011307A007E390E6F21B
:10457000130710F881BF93063002E319D7F0834682
:10458000050113075008E393E6F005472308E5000B
:104590000347A502136717002305E50271BFB14762
:1045A000A30AF50083270511F9C70947A30AE50403
:1045B0008356E505035705048355050663E7E600C2
:1045C00013865500998E6343D6029706FF1F83D644
:1045D00066D30D4811466365D800850613F6F60FBD
:1045E0002E972107A30AC504231FE5042381070092
:1045F00003475505A381E700034765050356850575
:104600008356A5052382E700035765052383C7006A
:104610002384D7002183A382E70013578600A38356
:10462000E70013D78600A384E7000357C505935519
:104630008700A385B7008345E5052385E70023862A
:10464000B7008355E505A181A386B7008355A5036F
:104650008147639BC5000356C5036317D600835784
:10466000E503998F93B717002311F506C147230877
:10467000F5000145828005458280832705110947A1
:10468000A30AE50095C32381E70003474505A381FD
:10469000E7008347A50293E787002305F502F1476A
:1046A0002308F500014582801D4582808547A30AC5
:1046B000F5008327051191CB15472381E700930768
:1046C000B0022308F50001458280054582808547B8
:1046D000A30AF5008327051191CB19472381E70031
:1046E0009307D0022308F5000145828005458280AA
:1046F0008947A30AF5008327051181CF1D47238130
:10470000E700832705110347D5020145A381E70090
:104710008280054582808547A30AF500832705111D
:1047200085C329472381E7008347A50293E7470014
:104730002305F502930750032308F5000145828005
:10474000054582808547A30AF5008327051191CB93
:104750002D472381E700930770032308F5000145E7
:104760008280054582809947A30AF50083270511B9
:1047700031472381E7001707FF1F1307A7AD8356B3
:104780004701A381D7009706FF1F83C606AE238289
:10479000D7009706FF1F83D646ADA182A382D7001C
:1047A000834687012383D70003479701A383E7004C
:1047B0008347E50213F7070409CF9307A0032308F3
:1047C000F5008347E50293F7F7072307F502014554
:1047D0008280858BFDD78327050AA3050502230761
:1047E000050293E707042320F50AE1BF8947A30ADE
:1047F000F5008327051181CF35472381E700832703
:1048000005110347B5020145A381E70082800545F4
:1048100082808D47A30AF5008327051191CF454774
:104820002381E7000347C502A381E7000347B502E0
:1048300001452382E7008280054582808547A30ADF
:10484000F5008327051185C349472381E7009307B6
:10485000A0042308F5008347A50293E7470023053A
:10486000F50201458280054582808547A30AF5004F
:104870008327051191C74D472381E70001458280B9
:104880000545828083270511D9C32547A30AE50082
:1048900051472381E7000347451B8355651B856608
:1048A000A381E7000347551B938686840356A51B07
:1048B0002382E7000347851BA383E7000347951B7B
:1048C0002384E7002E8763F3B600368742074183CF
:1048D000A382E700856621832383E700938686848D
:1048E000328763F3C600368742074183A384E7001B
:1048F00021832385E7008347A50293E7470023052B
:10490000F502930700052308F5000145828005455F
:104910008280032705118D47A30AF500D94723019B
:10492000F70083464514A301D70083475514918AA5
:104930002302F7000357A51CB1C69306F034814744
:1049400063FDE600930787E80357851415CB858739
:10495000938757FD8D87C207C1830357851C63F377
:10496000E7003E878347A5022307E50493E7470056
:104970002305F502930750052308F50001458280C1
:104980008D87F9B7858B99C7930707FB2147B3C775
:10499000E702D1B79307C7FB1147D5BF032705111E
:1049A0008D47A30AF500DD472301F700834745142F
:1049B000A301F700834655142302D7000347B5141B
:1049C000F98F93F647000357A51CB1C69306F03440
:1049D000814763FDE600930787E80357851415CBED
:1049E0008587938757FD8D87C207C1830357851C31
:1049F00063F3E7003E87930780052308F5008347AC
:104A0000A5022307E50493E747002305F5020145C6
:104A100082808D87F9B7858B99C7930707FB21475C
:104A2000B3C7E702D1B79307C7FB1147D5BF954777
:104A3000A30AF5008357050403270511E146A107E2
:104A4000C207C1832316F5142301D7008346A5149A
:104A5000A301D7000346B514A302070023030700F0
:104A60002302C7008325851441766D8E11C6A302EB
:104A7000F700A1832303F70093F746000357A51C13
:104A8000A1C39306F034814763FDE600930787E8EE
:104A90000357851405C78587938757FD8D87C20700
:104AA000C1830357851C63F3E7003E879307900596
:104AB0002307E5042308F500014582808D87E9BFBF
:104AC000858A99C6930707FB2147B3C7E702C1BF91
:104AD0009307C7FB1147D5BF832605118D47A30A4E
:104AE000F500E5472381F6008347751403466514F6
:104AF0000547B317F7003317C700D98FA381F60016
:104B0000834715142382F6008347A50293E74700E5
:104B10002305F502930700062308F500014582806E
:104B20008947A30AF5008327051175472381E7000C
:104B300017F7FE1F1307077203473700A381E7002B
:104B4000930750072308F500014582808947A30A8F
:104B5000F5008327051179472381E7000347F50214
:104B6000A381E7008327050A2167D98F2320F50A4F
:104B700085472308F5000145828097F7FE1F93873C
:104B8000676DB84B9307800583464700B387F602ED
:104B9000145703270511BE96A547A30AF5009307EE
:104BA00000022301F7000356A51C8357651CB2972A
:104BB000D05A9387C71263F3C700B287A301F700E7
:104BC00013D68700C1832302C700A302F7009C5EAF
:104BD0002303F70013D68700C183A303C700230470
:104BE000F70083C7C601A304F70083C7D6012305D6
:104BF000F7009307C0072308F5000145828091471D
:104C0000A30AF50083270511130730022381E7006B
:104C100003478515118B05CF0347A5152382070090
:104C20009306F7FF05473317D700A381E700034733
:104C30003514A382E7008347A50293E747002305C5
:104C4000F502930750F82308F5000145828083465A
:104C5000751405473317D700A381E700034755169E
:104C60002382E700E9B79547A30AF50083270511DA
:104C7000130740022381E700A381070003073514CF
:104C80008306F5156395E6008946A381D700830660
:104C9000E5156398E60083C6370093E61600A38106
:104CA000D7008306D5152382D7000346C515A382F6
:104CB000E7002383C70083478515858B81CB99C681
:104CC0008327050A4167D98F2320F50A0145828091
:104CD0009147A30AF500832705111307800223815A
:104CE000E70017F7FE1F1307E7560347C704A38122
:104CF000E70029472382E70013072003A382E70088
:104D0000930750F92308F50001458280411126C21E
:104D10008324051106C622C4A147A30AF500A1C831
:104D200083570504035705062A8493058512BA970D
:104D3000A9072317F51285472381F4001385340052
:104D4000154697C0FE1FE78000B58347E412014572
:104D50002384F4008357E412A183A384F400D5478D
:104D60002308F400B2402244924441018280054568
:104D7000D5BF411126C28324051106C622C4B547FA
:104D8000A30AF500A9C091472A842381F400930562
:104D9000851A21461385340097C0FE1FE780A0AF17
:104DA0001385B40011469305041B97C0FE1FE780CE
:104DB00080AE930720022308F4000145B24022444C
:104DC0009244410182800545D5BFA547A30AF5005D
:104DD00083270511A9C3411122C406C62147238197
:104DE000E7002A84032505119305840F21460D054C
:104DF00097C0FE1FE78020AA8347A402014593E7DE
:104E000047002305F402930700032308F400B2408F
:104E10002244410182800545828083270511A1C774
:104E2000411122C406C62547A30AE5002381E700F5
:104E30002A84032505119305840F21460D0597C08B
:104E4000FE1FE78040A58327040AA305040201454D
:104E500093E707022320F40A85472308F400B240B1
:104E600022444101828005458280A547A30AF500BE
:104E700083270511A9C3411122C406C639472381DE
:104E8000E7002A84032505119305840F21460D05AB
:104E900097C0FE1FE78020A08347A402014593E747
:104EA00047002305F402930700032308F400B240EF
:104EB00022444101828005458280E147A30AF50032
:104EC00083270511D9CF411122C406C63D4723814E
:104ED000E700034745072A8493058506A381E70079
:104EE0000347550731462382E70003476507A3823E
:104EF000E7000357650721832383E7000347A505E0
:104F0000A383E7000357A50521832384E700034714
:104F1000C505A384E7000347D5052385E7000357AC
:104F20004506A385E700034765062386E700035788
:104F300065061385E7002183A386E70097C0FE1F5F
:104F4000E78060958347A402014593E74700230566
:104F5000F402930700042308F400B2402244410104
:104F6000828005458280E147A30AF5008327051169
:104F7000C9CB411122C406C641472381E70003473C
:104F800045072A8493058506A381E7000347550753
:104F900031462382E70003476507A382E7000357F2
:104FA000650721832383E7000347A505A383E70063
:104FB0000357A50521832384E7000347C505A38480
:104FC000E7000347D5052385E70003574506A3857A
:104FD000E700034765062386E70003576506138548
:104FE000E7002183A386E70097C0FE1FE780A08A21
:104FF000930740042308F400B240224401454101D4
:10500000828005458280411106C6AD47A30AF5009E
:1050100083270511130790029305D5172381E70015
:1050200013853700294697C0FE1FE780C086B2402F
:1050300001454101828083254511411126C206C6E2
:1050400022C483C7450003C735000568A207D98F6E
:105050001387A7FF420741839306A8C7F94463E279
:10506000E60C03C7650083C65500130808C822076D
:10507000558FF9446367E80A6365F70A03C685003C
:1050800083C675002206558E9306301F63EBC60853
:1050900083C6A50083C89500A206B3E61601636225
:1050A000D808130816003308F80293983600635A9C
:1050B000180783C8B50013980801135808016384C2
:1050C0000800636007078358A5038144639D1701A7
:1050D000631BF7008358C5036397C8008354E50337
:1050E000958C93B41400231DC504231AF506231BC5
:1050F000E506231ED5042312050783C7D50003C781
:10510000C5002A84A207D98F2313F5063146B905B5
:105110001305850697B0FE1FE780E0779147A30E41
:10512000F400B24022442685924441018280797184
:1051300026D28324051106D622D44AD04ECEDD478E
:10514000A30AF500638704108D472381F4002A84A5
:10515000EFE01ECF130994192AC4EFE07ECE21465A
:105160002C002AC64A8597B0FE1FE780C07283478D
:10517000B4190347A4199309141AA2074207BA974E
:105180000347C419BA97034794196207BA972324AF
:10519000F40C0347E4198347F4194207A207BA97AE
:1051A0000347041ABA970347D4196207BA97232210
:1051B000F40CEFE0FEC82AC411462C004E8597B0CF
:1051C000FE1FE780406D8347241A0347341A2146A7
:1051D000A2074207BA970347141A9305F4181385D8
:1051E0003400BA970347441A6207BA97232EF40C87
:1051F00097B0FE1FE780206A83478419034774191C
:105200002146A207D98FA385F400A1832386F40049
:10521000CA851385D40097B0FE1FE780C067138549
:1052200054011146CE8597B0FE1FE780C0668347C4
:10523000A402014593E747002305F4029307000207
:105240002308F400B250225492540259F2494561A5
:1052500082800545C5BF411122C406C68547A30A01
:10526000F5002A84834535150327051103454515A7
:10527000854693176500CD8F2301F700ED47A30105
:10528000F7008347C4000346241593E7070223066B
:10529000F400EF40500E930770062308F400B2406C
:1052A0002244014541018280832745111303000EEA
:1052B00003C6470003C737002206598E130756FE60
:1052C000420741836367E30683C6670003C757004D
:1052D0001168A206D98E138786EB42074183130813
:1052E00088146368E80403C7870083C8770022072F
:1052F00033671701930857FEC20893D80801636A01
:10530000130383C8970083C7A700A207B3E7170159
:10531000938887EBC20893D80801636C1801231E99
:10532000C51A231FD51A2310E51C2311F51C6F0085
:105330004139054582808346B5000547AA87054562
:105340006395E60C83C6670131470545639FE60A0E
:1053500003A7471183463700A38AD7048346570023
:1053600003464700A206D18E239BD70483457700CE
:1053700083466700A205D58D239CB704034697009A
:10538000834687002206558E239DC7048346B700B7
:105390000345A700A206C98E239ED7040345C70074
:1053A0000347D7002207498F03D5A703239FE704AC
:1053B0000147631BB50083D5C7036397C50003D7B7
:1053C000E703158F133717002391E70603C707017B
:1053D000930600046304D702930640046315D700C4
:1053E00005472388E70003C717019546A38ED7001A
:1053F000136717F8A388E7000145828003C7A70257
:10540000136717002385E702E1BF82800347650128
:105410008947631DF7008327451183C73700230A97
:10542000F504F5472308F500014582801D4582807B
:105430008347B5002A87D9EB83466501B547054503
:105440006397F60883460701930700026391F60805
:1054500083274711014583C6570003C64700A206AC
:105460004206B29603C66700B29603C637006206CC
:10547000B2962320D70C83C6970003C68700A206E6
:105480004206B29603C6A700B29603C6770062062C
:10549000B296232ED70A83C6C70003C6D700A2063A
:1054A0004206B29603C6B70083C7E700B296E2078A
:1054B000B6972320F70E8347170193E78700A308C9
:1054C000F700930730022308F700828005458280A9
:1054D0008347B5009DE3034765018547631DF700DA
:1054E00083460501130730026397E6009307C00265
:1054F0002308F50081473E8582808547EDBF8346BE
:1055000065010547AA870545639CE60203C70701B5
:105510009306B002631AD7001307E0022388E7005E
:10552000A3850702014582809306D00205456319D1
:10553000D7001307E002A38507022388E700DDB741
:105540008280034765018947631EF704E947A30585
:10555000F50283274511394783C737006392E70275
:105560000347050193070003631EF7028327050A1B
:1055700093E707022320F50A85472308F50049A889
:105580003D476393E7028327851003470501F59B99
:105590002324F510930700046316F70093076004B3
:1055A0002308F5000145828049476391E7040347DA
:1055B00005019307A004E317F7FE85472308F500CC
:1055C0008347A50293E717002305F50283471501DA
:1055D00093E707F8A308F50083270510C18BF9F3BB
:1055E00083278510BD9B2324F5106DBF5147639819
:1055F000E7020347050193070005E315F7FA85471E
:105600002308F5008327050A93E707102320F50AEE
:105610008347150193E707F8A308F50061B75947D9
:10562000639DE7000347050193075005E31CF7F668
:105630008327050A93E7072035BF6947639FE70083
:105640000347050193075006E31EF7F48327050A75
:10565000056713070780D98F31BF7147E384E7F4EB
:105660007547639CE7000347050193075007E31B59
:10567000F7F28327050A2167F9BF13073002E39386
:10568000E7F20347050193075008E31DF7F085474C
:105690002308F5008347A50293E717002305F502C9
:1056A00085BF0347B50085476311F70203476501CE
:1056B000631BF700034705016317F70093076003B7
:1056C0002308F50081473E8582808547EDBF8346EC
:1056D00065010547AA8705456393E60603C70701E9
:1056E000930670036315D70203C7A7022386070436
:1056F0009376070499C61377F7FB13670701238591
:10570000E702130780032388E700014582809306A0
:10571000500305456315D702130780032388E7006C
:1057200003C7A7022386070401459376070481CAAD
:105730001377F7FB136707012385E70282808280D6
:10574000034765019947631EF708032745118347FF
:105750003700A307F5048347570083464700A20795
:10576000D58F2318F5048347770083466700130716
:10577000A003A207D58F834605012319F5048347AB
:10578000E5026395E604858B99CB8327050AA3057B
:1057900005022307050293E707042320F50A834740
:1057A000A50293E717002305F50285472308F500B6
:1057B0008347150193E707F8A308F5008347E5023F
:1057C00093F7F7FB2307F50201458280E207E187A3
:1057D000E3D007FE8327450A93E707042322F50A4F
:1057E000C1BF054582800347650189476304F7000F
:1057F00005458280832745111307000483C73700BE
:10580000A305F5028347050193F6B70F6397E600FA
:10581000930750042308F50025A013075005639350
:10582000E7028327050A93E707202320F50A854727
:105830002308F5008347150193E707F8A308F5004F
:1058400001458280130750066395E7009307A00681
:10585000D1B713075008639CE70085472308F5007C
:105860008347A50293E717002305F502E1B7034735
:10587000B5003DFF130700026386E70013073002FF
:105880006395E7009307600271B71307A007E391E0
:10589000E7F6930710F8BDBF834665010547AA8761
:1058A00005456394E60403A787100545418B15CF92
:1058B00003C707016318A7001307B0042388E70094
:1058C000014582801306A004631AC70003C7A7021C
:1058D0002388D700136717002385E70203A7870AE9
:1058E0001367070423A4E70AE1BF828083466501AA
:1058F0000547AA8705456393E60283C60701130798
:10590000A0040545639CE60003C7A7022388A700FF
:105910000145136717002385E702828082800347D1
:1059200065018D47631FF718834715018D8B91EB38
:10593000834605012147938706FC93F7F70F6361C0
:10594000F702D9472306F5029307A002A305F50243
:105950008327850A93E727002324F50A01458280DF
:105960008347B5000326451163900714930750053C
:105970006398F600D9472306F50293073002F9B77A
:1059800097F7FE1F9387078D8345460003C7A7033C
:1059900083C7B703834865146D8F2305E514034659
:1059A0003600F18F0546A305F5143316160163146E
:1059B000C70023050514034875148545B3950501F3
:1059C0006394B700A30505140347A5148347B514D2
:1059D0005DCFD9CB93752700B1C113F627001DCE3B
:1059E000930720202315F5140347A5148547B39783
:1059F00017016314F700230505140347B514854701
:105A0000B39707016314F700A3050514854763984E
:105A1000F608930760052308F50089B71376470059
:105A200001CA13F3470063050300930740405DBFBD
:105A3000058B19C713F7170001C7930710105DB73F
:105A4000094781E5114711E205472305E51413F7DE
:105A5000270009C78947A305F51479B7918B99C326
:105A60009147D5BF8547C5BFB3570741858B81C7D0
:105A70002305B51495BF9377270089C78947230568
:105A8000F5149DB7118B91477DFB8547CDBFA9DFED
:105A900033D71741058B45DFA305C514B1B783275D
:105AA000850A93E707104DBD85476397F600834746
:105AB0004600A305F514B1BF8327850A93E70720A5
:105AC00061BD05458280834665010D47AA8705456E
:105AD0006394E61483C60701130750050545639DCB
:105AE000E61203C7B7006319071283C6471403C73A
:105AF000571403A6471133F5E6008345460019ED18
:105B00006396B60003453600630AE5002395071443
:105B1000130770052388E70001458280ED8E2385F9
:105B2000D7140346360003C86714718F0546A38552
:105B3000E714331606016394C6002385071403C5D2
:105B400077148545B395A5006314B700A3850714A2
:105B500083C6A71403C7B714C5CA41C793F5260067
:105B60009DC91376270005CA130720202395E71443
:105B700083C6A7140547331707016394E6002385FE
:105B8000071483C6B71405473317A700E392E6F856
:105B9000A3850714B5BF13F6460001CA93784700E2
:105BA0006385080013074040D1B7858A99C693766C
:105BB000170081C61307101055BF894681E591462D
:105BC00011E285462385D7149376270089C60947B5
:105BD000A385E71471BF118B19C31147D5BF0547C2
:105BE000C5BF33D7A640058B01C72385B71449B776
:105BF00013F7260009C709472385E71495BF918A43
:105C00001147FDFA0547CDBF25D7B3560741858A11
:105C1000C5DEA385C714A9BF82808346B5000547AA
:105C2000AA870545639FE60683C6670115470545B4
:105C30006399E60603C70701930650056306D7007C
:105C400093068005631FD70403C7A70283A54711E6
:105C5000136717002385E70203C645001147636EEB
:105C6000C70083C63500636AD7001307F6FF1385A4
:105C7000F6FF718F758D498F11C705472388E7009F
:105C80000145828003C7650003C555002385C714FD
:105C90002207498F2396E714A385D7141307A0057D
:105CA000F1BF82808347B50095E3834665010D47C8
:105CB0008547639BE600034705016317F7009307D9
:105CC00010062308F50081473E8582808547EDBF99
:105CD0000347650189476310F7068327451197E558
:105CE000FE1F83C5C55B83C7370013F6F70113D7C3
:105CF000670097E7FE1F83C7775A63EAC7008346AA
:105D0000E514A18A89C6B3D6E540858A9DE6E947B0
:105D10002306F5028547B397E700ED8F8D8B794712
:105D200099C3130700028327850AA305E50293E7B9
:105D300027002324F50A05458280230AE51403473A
:105D40000501A309C51485476318F700930760068A
:105D50002308F500014582808327850A93E70740E1
:105D60002324F50AC5BF034765018947631CF70271
:105D7000832745110347050183C737002308F50230
:105D800085476318F700930760072308F50001456E
:105D900082808327850A056713070780D98F23240C
:105DA000F50AF5B705458280834665010947AA874C
:105DB0000545639FE60283C60701130750070145A7
:105DC0006398E60203A74711A166034737002388BB
:105DD000E70203A7070A558F23A0E70A0547238890
:105DE000E70003C71701136707F8A388E70082805D
:105DF0008280834665011547AA8705456399E60CAD
:105E000083C607011307500805456392E60C03A7F4
:105E1000471183463700A38DD71483064700A3821A
:105E2000D716030657002380C7160347670023824F
:105E3000E71603C7871593754700B5CD8946A38C30
:105E4000D71483A6070AC1656D9BCD8E23A0D70A00
:105E5000238CE71403C7A7169376170085C2930611
:105E6000F0076306D600136727002385E71603A70C
:105E7000070AB7060200558F23A0E70A17E7FE1F9F
:105E80001307473D034737000145A387E70203C7D0
:105E90004703A380E71605472388E70003C7A70247
:105EA000136717002385E70203C71701136707F875
:105EB000A388E7008280098B51DFC9DE03A7070AA8
:105EC000C166A38CA714558F23A0E70A61B782800F
:105ED000834665011547AA8705456390E60A83A6B0
:105EE0004711014503C636001377060F59E717E738
:105EF000FE1F0347F739718F49C303C76600114876
:105F00002380E716838556000147A382B716130541
:105F100017003357E640058B9378F50F15CF238D87
:105F2000171503C74600A38DE71403C7871593769B
:105F300047009DC68946A38CD71483A6070A4166ED
:105F40006D9BD18E23A0D70A238CE71403C7470388
:105F50000145A380E71682802A87E31A05FBD1B7A3
:105F6000098B6DD7E5D50547A38CE71403A7070A6E
:105F7000C166558F23A0E70AD1BF828083466501A1
:105F80001147AA8705456393E60A83C5B70005450F
:105F9000639EA50883A6471103C836006366050300
:105FA00003C74600130510091306B7FF1376F60F53
:105FB000636CC50003C656009306B6FF93F6F60F52
:105FC0006364D5006371E6027947A385E70213078E
:105FD00080022386E70203A7870A0145136727008B
:105FE00023A4E70A828083A6C710014593F606081A
:105FF00095CE83C647176317B80293E61600238A27
:10600000D7169306000AA38AE7163307D70283D66A
:10601000A7033347D70283D6070485063697239B09
:10602000E7168280D99A238AD716828082808327B6
:106030000511DDC32547A30AE50055472381E70085
:106040000347451B8355651B8566A381E70003470E
:10605000551B938686840356A51B2382E7000347BE
:10606000851BA383E7000347951B2384E7002E8746
:1060700063F3B600368742074183A382E700856653
:1060800021832383E70093868684328763F3C600E7
:10609000368742074183A384E70021832385E700F5
:1060A0008347C507A305050299C78327050A93E718
:1060B00007102320F50A8327450A139747016358E1
:1060C00007007D771307F77FF98F2322F50A8547AD
:1060D0002308F5000145828005458280034765015C
:1060E000AD476318F702411106C68347451783255C
:1060F0004511294693E70701230AF5168D05130577
:10610000D51797A0FE1FE7800079B24001454101F5
:106110008280054582808347B500EDE7411122C4A6
:1061200006C603476501E1472A8405456318F70C55
:1061300003470401930700046312F70C83254411FD
:1061400005659306A5C703C7450083C73500220729
:106150005D8F9307A7FFC207C18363ECF60883C76F
:10616000650083C65500130505C8A207D58F636275
:10617000F50863E0E70803C6850083C675002206BC
:10618000558E9306301F63E6C60683C6A50003C876
:106190009500A206B3E60601636DD504130516004B
:1061A0003305E502139836006345A80403C8B5001B
:1061B0001315080141816304080063ECA702231D45
:1061C000C4042312A406231AE406231BF406231E88
:1061D000D40483C7D50003C7C5003146A207D98FB1
:1061E0002313F406B9051305840697A0FE1FE78064
:1061F000806A930770042308F4000145B2402244EA
:106200004101828005458280411126C206C622C412
:1062100003476501E14785446318F7048327851028
:106220002A848544898BA9C38347B5006391970667
:10623000EFE07FE083470401A305A4026397970082
:10624000930710042308F40039A81307000463938C
:10625000E702930710042308F4008347A40293E79E
:1062600017002305F4028144B2402244268592445B
:10627000410182808327040A93E727002320F40A40
:106280008347140193E707F8A308F400E9BF8347A5
:1062900015018D8B99CF9307A002A305F402BD478A
:1062A0002306F4028327840A93E727002324F40AB1
:1062B0005DBF8347050163979700EFE0DFD7A30534
:1062C000A402BDBF130700026390E702EFE0BFD650
:1062D000A305A402814449F98327440A37070080B3
:1062E000D98F2322F40A49B713070004E39EE7F687
:1062F000930730025DB7411126C206C622C4834708
:10630000B5008544A5E703476501A5478544631F9C
:10631000F7048327850FA18BB1CB832545112A84F0
:1063200021468D051305051097A0FE1FE780A05696
:1063300083270410B73678089386060DDD8E8327F1
:10634000441013E707018327840FF58F2324F410EB
:106350008327C40FF98F2326F41083470401639D1C
:106360009700930710032308F4008144B2402244AD
:1063700026859244410182808327840A93E707019E
:106380002324F40ADDB7411126C206C622C40347FE
:106390006501A5478544631AF7060347050193077E
:1063A000000385446313F706832545112A8421469B
:1063B0008D051305051097A0FE1FE780C04D8327AC
:1063C0000410B73678089386060DDD8E83274410B7
:1063D00023089400A305040213E707018327840F11
:1063E0008144F58F2324F4108327C40FF98F2326CB
:1063F000F4108327040A93E707022320F40A834753
:10640000140193E707F8A308F400B240224426855C
:106410009244410182808347B50005476395E708B0
:10642000411122C406C68346650125472A840545D5
:106430006390E606034704016310F70683254411C1
:106440002146130504108D0597A0FE1FE780A04488
:1064500083270410B73678089386060DDD8E8327D0
:10646000441013E707018327840FF58F2324F410CA
:106470008327C40FF98F2326F410930710032308F2
:10648000F40083471401014593E707F8A308F400DB
:10649000B2402244410182808327840A93E70701A6
:1064A0002324F40AF9BF054582800347B5008547D8
:1064B000631CF704411122C406C626C203476501C6
:1064C000A1472A840545631CF70283244411130560
:1064D000841215469385340097A0FE1FE780A03BE9
:1064E00083C7940003C784000145A207D98F2317EF
:1064F000F4128347140193E727F8A308F400B2408D
:106500002244924441018280054582800347B500C0
:1065100085476310F716834665015D47639CE61463
:10652000011126CA8324451122CC21462A84938551
:1065300034001305F51806CE97A0FE1FE780A0359E
:1065400083C7C40003C7B400A207D98FA30BF418F4
:10655000A183230CF418EFD0BE8E2AC4EFD05E8E38
:106560002AC62C001305841A214697A0FE1FE78037
:10657000803283C7F40003C7E4001305041BA2079D
:106580004207BA9703C704012C001146BA9703C704
:10659000D4006207BA972324F40C83C7340103C7DD
:1065A0002401A2074207BA9703C74401BA9703C759
:1065B00014016207BA972322F40C0347941A834705
:1065C000A41A4207A207BA970347B41ABA97034717
:1065D000841A6207BA972320F40C0347D41A83471E
:1065E000E41A4207A207BA970347F41ABA97034777
:1065F000C41A6207BA97232EF40AA247374703004A
:106600001307D73FB387E70237A72600130737ECF6
:10661000BA973EC497A0FE1FE780E02783C76401B6
:1066200003C77401A2074207BA9703C75401BA9778
:1066300003C784016207BA97232EF40C0347241B77
:106640008347141B4207A207BA970347041BBA9754
:106650000347341B6207BA972320F40E93071002F6
:106660002308F400F24062448147D2443E8505612C
:10667000828085473E858280034765019147631E7E
:10668000F712411126C28324451106C622C403C74E
:10669000340001CB9307F7FFF98F81E79377070F5A
:1066A0008DC793070002A305F50293073002230666
:1066B000F5028327850A93E727002324F50AB240D1
:1066C0002244924401454101828083C554009306CF
:1066D000E007814711466397D500F947E9B7B687C8
:1066E000638CC60093861700B357F740858B93F5EC
:1066F000F60FF5D7230DB514838744002A84ADC760
:10670000A30EF514030535143387A7001375F50F91
:10671000635AF0008307F41563DAE700898FA30E4C
:10672000F41429A08307E415E34AF7FE8347D41540
:106730003E9562056185EF30A01C2301A414EF3063
:10674000801483473414A301A414B307F540A30EA7
:10675000F414EF30E01A8347A415034734142301DF
:10676000A414A297A382E716830744038306241682
:10677000014763D5F600958F13F7F70F230EE41446
:1067800083C7540005472300F41683470401639729
:10679000E700930760F82308F40015B713075008C3
:1067A0006396E700FD57230EF414E5B78327840AA8
:1067B0000967D98F2324F40A19B705458280034756
:1067C0006501A547631EF704411122C406C683462E
:1067D0000501130700052A8485476397E602EFE069
:1067E000BFAC05E98327040AA305040293E7071059
:1067F0002320F40A8347140193E707F8A308F40061
:1068000085472308F4008147B24022443E85410178
:1068100082808347A40293E717002305F402D9BFBF
:1068200085473E85828003476501A5476309F700D8
:10683000054582800545B24022444101828083277C
:106840008510411122C406C693F707022A84FDD39E
:10685000EFE09FA58547E30FF5FC034704016318AC
:10686000F700930710052308F4000145E9B78327D3
:10687000840A93E707082324F40AC5BF05458280EC
:1068800005458280054582800545828005458280D8
:106890000545828005458280054582808347C50085
:1068A000A30A0500F19B93E717002306F5000325D3
:1068B0000511133515008280411122C406C62A84B1
:1068C0000345D5079307F00F6307F500EFD09EC58A
:1068D000FD57A30EF406FD57A300F40841469305A7
:1068E00000080145EF20916A5C4CB240C59B5CCC2E
:1068F000224441018280411197E7FE1F93878795CB
:1069000026C2E45F22C406C603C7D4043E84058BB6
:1069100029CF97E7FE1F83C707944945B1C319469E
:1069200097E5FE1F9385E5A11385E40497A0FE1F5C
:10693000E78060F68547A385F400A388F400A38967
:10694000F40083C7240109472384E400C1CFEFA0EA
:10695000B02C7C489DC39307004063EEA7001D4503
:10696000B2402244924441018280194697E5FE1FBD
:106970009385C59C55BF130505C097E7FE1F83D7B8
:10698000679891CF97D7FE1F83D7875E17D7FE1FD3
:106990000347F75DB387E702E3F3A7FC1D8D8D473F
:1069A0003354F502EFA0B031A28763738500AA8744
:1069B0009183C207C1832391F404D5D39207139521
:1069C000070141819305502097B0FE1FE780A0A7E3
:1069D00003D62404E8C02A871308F6FF814763CE54
:1069E000C704A8C483C704020D4717D5FE1F03457B
:1069F000D5516390E70603D6640183D724033E96FE
:106A00009145EFD09EA3914517D5FE1F0345F54F45
:106A1000EFD0EEDF03D6840319CA9386140312065F
:106A2000A685173500001305058FEFD09E9497E7D4
:106A3000FE1F23810782014525B763D9070193060D
:106A40000701B6850CC38507368751BFBA868145D5
:106A5000D5BF09476395E70003D6240355B703D68E
:106A6000640179BF4111930560201305000D22C414
:106A700006C697B0FE1FE780009D2A8435C5814574
:106A80001306000D97A0FE1FE78000E897E7FE1FA2
:106A900023A08784230504002304040097D7FE1F46
:106AA0009387076A9853DC538D4578D83CDCFD57B3
:106AB0002318F402A30EF406A300F40897070000BD
:106AC0009387A7E33CD4972700009387C74B7CD4D8
:106AD00097270000938767343CD897D7FE1F93878A
:106AE00067658843EFD09EC22285B24022444101AF
:106AF0008280411122C406C626C28347C5052A8466
:106B0000ADC79305E50519461305E50497A0FE1FDB
:106B1000E780E0E3AA8431E983470401898BA5E398
:106B200097D7FE1F83C7177385CF8347D4058DCBB7
:106B3000834734061307000493F7070C6392E702B8
:106B40001305C40597B0FE1FE780604D68D009C9E2
:106B50008947230EF4048347D40493E7270089A8C8
:106B60000347C40589476316F70083474405A1E737
:106B70008544B24022442685924441018280834765
:106B8000D405E5DB834734061307000493F7070CAD
:106B9000E391E7FE97D7FE1F83C7D76BF9D713059D
:106BA000C40597B0FE1FE780804768D0F9574DF1C4
:106BB000A30EF4045DBF97D7FE1F83C7B769CDDB73
:106BC0008347540513054405B1CB8347B405130728
:106BD000000493F7070C6393E70497B0FE1FE78068
:106BE000E03F68D051D593046405A6851946510548
:106BF00097A0FE1FE78020CA6C508D47230AF4043B
:106C000083C735001946910593E72700A30AF404CA
:106C1000268597A0FE1FE78000C899BF97B0FE1F8A
:106C2000E780803668D029D58947230AF404834752
:106C300025019DDF8D47230AF40483441500B334F6
:106C4000900005BF0347450505C703470501AA870F
:106C50000545058B05C3E84BAC4F411106C697A00F
:106C6000FE1FE780601FB2403335A00041018280E3
:106C7000054582808280797122D406D6834725011A
:106C80002A84ADCB03570504835725046374F706A4
:106C900097A0FE1FE780401285476307F500014576
:106CA000B2502254456182808347D4001D47284456
:106CB0006394E700834784022302F5008347540569
:106CC000194693056405A302F5008347940219054C
:106CD0002303F5008357A4022314F50097A0FE1F99
:106CE000E78060BB8357040485072310F4043C4409
:106CF0009C433CC45C4C0345D40013970701635C80
:106D0000070C19476368A7028347E4009306500203
:106D1000E3E7F6F859E54D472304E4027D57A30461
:106D2000E402231F0402A30604020547631EE508CC
:106D300023070402034EE4020143630B0E000343E6
:106D4000E4003303C34193072300032384073E93E6
:106D5000834E84028346C4021AC813950E01850629
:106D600093FE4E0072C613066405418193F6F60F3A
:106D70000347D4028347940203083402035FE40309
:106D8000834554058308540163840E041303E4050A
:106D90001AC40343D4051AC27AC0EF70E0690545EE
:106DA00001B785466314D5005547BDB789466314BE
:106DB000D500414795B791466314D5006D47A9BFEB
:106DC000E31EE5F4494789BFE9172307F4029DB79D
:106DD00002C402C2D1B785476318F50417D7FE1F56
:106DE00013074747785F1306640583455405034737
:106DF000070183075401098B15C38346D40599CE37
:106E000003473406130500041377070C6318A70023
:106E10001307E4050545EF70A06151B701478146AE
:106E20000545EF70C05DA5BF8346E400930750029F
:106E3000E3E7D7E689476307F50099476315F5004F
:106E4000094511A00D45E91693F6F60F2307D40264
:106E5000014799C2385C2107830754011306640572
:106E6000834554057DBF411106C622C42A84EF2004
:106E70005060930700FA2305F400A14517D5FE1FC3
:106E80000345B508EFD0CEE297D7FE1F83C7873CF6
:106E9000850793F7F70F8356640117D7FE1F230B5F
:106EA000F73A130700643347D70263C8E700EFD00F
:106EB0003ECE97D7FE1F238F0738B24022444101B0
:106EC0008280411122C406C6B1472306F5007C59D1
:106ED0000D472A842380E7008347C500785993F73C
:106EE000F703A300F7008347D50423060504898B25
:106EF000B1C383474505898BB1C76C5191ED6C5087
:106F000083C7250185CF68581946D105210597A06B
:106F1000FE1FE78040981DA083C7A500EDD38947D9
:106F20002306F50468591946B105090597A0FE1F07
:106F3000E780609683474405898BF1F38347C40457
:106F4000898B91EB685819469305E404090597A0CD
:106F5000FE1FE7804094034744058D47630BF7000D
:106F60006858194693056405210597A0FE1FE78020
:106F700080928347D404858B91E70347C4048947F3
:106F80006319F70078588347070093E70704230045
:106F9000F70083475405858B91E7034744058D47E8
:106FA0006319F70078588347070093E707F8230031
:106FB000F7000347D4009D478345C400631DF700D5
:106FC00003455402930760FA2305F4002244B240BB
:106FD00041016F201027930720FA2305F400014593
:106FE000F5B7411122C406C62A84EFF09FED97D76A
:106FF000FE1F9387271D9C4397D6FE1F938606147A
:1070000017D5FE1F1305851BD1C703479400BA97F8
:1070100083C7070003A806003706008293958701FF
:107020000327C80293F7F7037D16718FE607D98F00
:107030002326F802E1851307A0031C416351B7061C
:10704000F84F37060007518FF8CF97D7FE1F938769
:10705000A71178589C432285B8DF9C42B706800070
:107060009843558F98C3D857719BD8D7EFF0BFC0BE
:1070700097A0FE1FE780C01197D7FE1F83C7570C4C
:10708000858BA1CB97D7FE1FA38C070AB240224461
:107090004101828097D7FE1F83C7C7EDA5BF1307A5
:1070A0002002635AB700F84F370600F97D16718F3A
:1070B0003706000549BF370700F91306F7FFF84FF9
:1070C0006945718F37060003E34FB5F637060001B7
:1070D0009DBF97D7FE1F23870706930700FA230556
:1070E000F4006DB7797122D4130655012A84285D06
:1070F0008146814506D697A0FE1FE780400D6315A7
:107100000520032884071D471D4583470800BD8BC4
:10711000A306F400834618002307D400639DE718F4
:10712000834728000D4513D7670093F7F70363F4EF
:10713000D7181545631107189388F6FFB388F840F0
:1071400093F8F80F230714030346380045451377D7
:10715000360063120716137746006316071293056D
:107160004800FD171377860093F7F70F1DCB03C771
:107170001500034E9402514513534700631D6E12D0
:107180000565130505F02207698F03C50500035344
:10719000A402498F51456310E312F917890593F74B
:1071A000F70F418A2DCA03C705001377F70323029F
:1071B000E40203C625000967130707F02206798E4B
:1071C00003C71500598E42064186131706014183F5
:1071D0002313E4020DCE03860500635A060A130644
:1071E000C012034554023307C70205466313C50A9C
:1071F000AD068A06158F130647ED130540518346E9
:107200008402637BC50893E606042304D402F517C1
:107210008D0593F7F70F034738005945937607021A
:10722000D9EA1377070401CB03C70500FD1793F7CD
:10723000F70FA301E4026145BDEF0346E402834773
:10724000E400385C8346C402918F8907BA973EC830
:107250008357E40303458402830854013EC00308B6
:107260003402834794020347D402834554058506BC
:1072700032C602C402C293F6F60F13066405EF701D
:10728000A01B01450DA893055800F917E1BD7946EB
:1072900089BFA9068E06B9BF0356C403B29817D694
:1072A000FE1F035626FF635C160193E606042304C3
:1072B000D40213050002B25022544561828017D5D2
:1072C000FE1F130565EA231E14038328050093E6B9
:1072D00006022304D40203A6C8008176FD16F18EAF
:1072E00023A6D8000F100000144137050200130731
:1072F00057ED88C6130500F897D8FE1F2384A8E42D
:107300000607F8D2D0C621B7054575B75D7197D786
:10731000FE1F938727F4A2C4E05FA6C2CAC081748F
:10732000370903004EDE52DC56DA5AD85ED662D4F4
:1073300086C697D9FE1F938929E3FD14370A0200F8
:1073400097DAFE1F938ACADF130B00F897DBFE1F44
:10735000938BCBDE17DCFE1F130C4CE6130989154B
:1073600083A70900F8537DFFD44733F79600D8C7A9
:107370000F10000003A70900B705330023244701BD
:1073800097D7FE1F238067DD930720317CD354C736
:1073900097D7FE1F238607DA8347840293F7F7F90E
:1073A0002304F40297D7FE1FA38E07D897D7FE1F9A
:1073B000A38807D885471CC383A70B00944393F683
:1073C000F6CF94C3944393F6F6CF93E6062094C386
:1073D00083260C0090464D8E90C623282705D8564C
:1073E000759BD8D6034744029376F70798431377E3
:1073F00007F8558F98C397A0FE1FE78060D9EF204C
:10740000500783C70A00858B89CB228597D7FE1F3B
:10741000238807D2EFF01FCD21C9930700FA230577
:10742000F400034584028346C402830854011375A3
:10743000F5F9136505042304A40203083402834705
:1074400094020347D4028345540502C802C602C40D
:1074500002C20356E403850693F6F60F32C0130604
:107460006405EF60707D09A883478402130700025A
:1074700093F70706638EE700B64026449644064914
:10748000F259625AD25A425BB25B225C61618280DD
:107490000347A4009307500AE304F7EC59B74111DE
:1074A00022C4130655012A84285D8146814506C6FB
:1074B00097A0FE1FE780A0D1631E0518032884074C
:1074C0001D471D4583470800BD8BA306F400834676
:1074D00018002307D4006395E710834728000D4563
:1074E00013D7670093F7F70363FCD70E15456DEBD1
:1074F0009388F6FFB388F84093F8F80F2307140336
:107500000346380045451377360079EB137746007C
:1075100061EF93054800FD171377860093F7F70F87
:107520001DCB03C71500034E94025145135347006A
:1075300063186E0A0565130505F02207698F03C5F8
:1075400005000353A402498F5145631BE308F91753
:10755000890593F7F70F418A2DC603C705001377F6
:10756000F7032302E40203C625000967130707F0A7
:107570002206798E03C71500598E420641861317DD
:10758000060141832313E40215CA038605006351F3
:1075900006061306C0128345C40C3307C70209460A
:1075A000639AC504AD068A06158F930647ED130648
:1075B00040516374D60409472304E402F51793F796
:1075C000F70F0347380059459376070291EA13777E
:1075D000070401C7FD1793F7F70F014591C36145F4
:1075E000B24022444101828093055800F9172DB71B
:1075F000794655B7A9068E0645BF8356C403B6988B
:1076000097D6FE1F83D606C963D516012307040249
:107610005DB797D5FE1F938525B588418546230420
:10762000D40250458176FD16231E1403F18E54C5F5
:107630000F1000009441B7050200130757ED8CC6E8
:10764000930500F817D5FE1F230EB5AE0607F8D236
:10765000D0C6ADB7054569B7797122D41306550177
:107660002A84285D8146814506D626D24AD04ECE50
:1076700052CC56CA5AC85EC697A0FE1FE78020B5F6
:10768000631F053A305C9D461305000883470600DA
:10769000BD8BA306F40003471600230A0404230E3F
:1076A00004042307E400639ED718834426002304C0
:1076B00004020D4593D7640093F4F40363F3E418D4
:1076C0001545639007189305F7FF858D93F5F50F22
:1076D0002307B40283463600454593F716006392AC
:1076E000071693F726004945639D071493F7460054
:1076F0006394071613094600FD1493F7860093F46C
:10770000F40F854995CF5C4CA18B9DC78347190029
:107710000565130505F0A207E98F03450900C98F28
:1077200003552409631EF5128349240893D92900BF
:1077300093C9190093F91900F914090993F4F40F86
:10774000C18AB5C68347090093F7F7032302F40201
:10775000834629008967938707F0A206FD8E834739
:107760001900DD8EC206C18693970601C1832313DB
:10777000F40295CA8306090063D7060E9306C01269
:107780000345C40CB387D70289466310D50E2D0775
:107790000A07998F138747ED9306405163FAE60C69
:1077A00089472304F402F5140D0993F4F40F834779
:1077B0003600594513F7070249E793F7070489CBC9
:1077C00083470900FD140509A301F40293F4F40FA3
:1077D000B1CC130A8002A14A494B930BA4088347FA
:1077E0001900639847038347090063945703230EE6
:1077F000640783478900034779001546A207D98F9C
:107800002318F408930529005E859790FE1FE780F2
:1078100080088347090063FB97001387170093C70D
:10782000F7FFBE9493F4F40F3A99D5F863930908DF
:107830000347C4078947014563E5E7008D47230EE9
:10784000F406B250225492540259F249624AD24A82
:10785000424BB24B4561828013095600F91471BD49
:107860002319F408D1BDF94621BF29070E0715B722
:10787000231EB40297D5FE1F9385058F88410547C7
:107880002304E402544501777D17758F58C50F1006
:1078900000009841B7050200938757ED0CC7930588
:1078A00000F817D5FE1F230FB58886077CD354C771
:1078B000DDBD5C4CA18BADDF83472408898BADFB1C
:1078C0008347E4020347E4000328840703065401C6
:1078D0001D8F09073A988305340203478402035534
:1078E000240C9306F00F817437090300EF60F03623
:1078F00097D9FE1F93894987FD1417DAFE1F130AD3
:107900002A8497DAFE1F938A6A8317DBFE1F130B04
:10791000EB8A13098915034784028547E31AF7F0B8
:1079200083A70900F8537DFFD44733F79600D8C7E3
:107930000F10000003A70900B7070200B7053300C6
:107940001CC7930700F817C6FE1F230DF67E93078A
:1079500020317CD354C797C7FE1F2383077E97C768
:10796000FE1FA381077E97C7FE1FA38B077C2304FE
:10797000040285471CC383A70A00944393F6F6CFFD
:1079800094C3944393F6F6CF93E6062094C38326DC
:107990000B0090464D8E90C623282705D856759B20
:1079A000D8D6034744029376F7079843137707F82E
:1079B000558F98C39790FE1FE780807DEF20602B46
:1079C00083471A00858BA5C3228597C7FE1FA3890D
:1079D0000776EFF0DFAC8358240C11E503478402EF
:1079E0008947631FF7000148814709479306F00F55
:1079F0001306F0079305F0074685EF6010260DBDCE
:107A00008347E4028346E400032884070306540105
:107A10009D8E830534028906369846859306F00FBD
:107A2000EF60B023CDBD0148814709479306F00FB1
:107A30001306F0079305F0070355240C7DBF054599
:107A400009B5011122CC2A84354506CE26CA4AC87A
:107A50004EC617C9FE1F1309696EEF20C029832780
:107A600009000327440997C9FE1F9389E96F97C44A
:107A7000FE1F9384E46C98C703278409014693058D
:107A8000F00FD8C303A709005C43F99B5CC303450F
:107A9000C40C930700042380F4007D151375F50FC3
:107AA000EF20C00403A60900A3820400A380040001
:107AB00085471CC283270900B70533009843137715
:107AC000F7CF98C398431377F7CF1367072098C36E
:107AD00017C7FE1F1307876E18431447CD8E14C7B0
:107AE000B70603009386861534CA5457F59A54D7BF
:107AF0000347E4079376F7079843137707F8558F02
:107B000098C3F2406244D2444249B249056182803E
:107B10005C4D6383072E97C7FE1F9387A7439C4343
:107B2000411122C426C206C64AC02A84829703276E
:107B3000040A97C4FE1F938464476371A7086356C1
:107B400005009307800263FBE7068327C40C97C6F2
:107B5000FE1F83D6264603A84400A183C207C18323
:107B6000B387D70293060032035684080143B30853
:107B7000A84093870719B3D7D702B305F70033B7E7
:107B8000E500AE866314E30063E40501B3860541B6
:107B90000506420636874182B385160163E4A600D6
:107BA000B385A640E3FBF5FC2320D40A2314C408C4
:107BB000B240224492440249410182800347C407F3
:107BC000C947631AF70203570409835784086314EB
:107BD000F7021309840B15469305A4084A8597906C
:107BE000FE1FE78040CB4A85EFF0F0609147A30786
:107BF000A408230EF4062285EFF0D0390325840A69
:107C0000B7470F00938707240605B335F50203D65F
:107C1000840081463305F502EF30415897C6FE1FB8
:107C20009386865490428177FD175846F98F5CC63B
:107C30000F1000009C42B7060200060594C7930689
:107C400000F817C6FE1F230FD64EE8D3D8C72285EB
:107C5000EFF03FDF9790FE1FE7808053EF20600139
:107C600097C7FE1F83C7D74D858B17C6FE1F130608
:107C7000264D6389070E97C7FE1FA383074C032772
:107C8000C40C97C7FE1F83D7E7328345C40C2183FA
:107C900042074183B387E70213070032D44093873A
:107CA0000719B3D7E70205476398E50A584EF1175D
:107CB0003E973A866364F7006364D7003306D74083
:107CC000835784082320C40A228585072314F408D7
:107CD0009307F007A301F402EFF01F980347C407CE
:107CE0008D47631EF7023946930500080145EF10E2
:107CF000F1295C4C0356640893061408ED9B5CCC98
:107D00001206A28517F5FFFF130545BBEFC06EE60F
:107D10005C4C93E787005CCC9147230EF4068327E5
:107D2000040A8325840A0345D40763EAB702B385AE
:107D3000B740EFC06EC50347C4078947E3FAE7E6DB
:107D400083556408034514082244B2409244024912
:107D5000920541016FC02EB5584EED1791BFD84026
:107D6000BA97F1B7584C93778700A9C78327C40CFB
:107D700017C7FE1F03570724D040A183C207C18342
:107D8000B387E7021307003293870719B3D7E702D7
:107D90000327040A3E97BA866364F7006364C7004A
:107DA000B306C740835784082320D40A85072314C9
:107DB000F408FDBB834704089546850793F7F70F42
:107DC0002300F408E3F4F6FA0345D4079307E0032D
:107DD000459BA300F40C58CCEFC0CEF4FD57A30E86
:107DE000F4062244B2409244024939469305000801
:107DF000014541016F10911982801D71A2CC1306BB
:107E000055012A84285D8146814586CEA6CACAC806
:107E1000CEC6D2C4D6C2DAC05EDE9790FE1FE7801F
:107E2000003B05473DE9832984071D4613070008E9
:107E300083C60900BD8AA306D40083C7190023079F
:107E4000F400639CC60483C629000D4713DA66005C
:107E50002304440393F6F60363F1F6041387160034
:107E60006356F700094615476309CA02FD17958F47
:107E70002307F40283C7390093844900858BB9CB6B
:107E800083474405130564058DC71946A685979059
:107E9000FE1FE780C0AB454705EDF6406644D6447B
:107EA0004649B649264A964A064BF25B3A85256111
:107EB00082808547230AF40483C709001946A685F2
:107EC0009987858BA30AF4049790FE1FE780A09CF6
:107ED0009384A90083C73900898BB1C70347C405C0
:107EE0003C5C630E0714894683C707006318D700FC
:107EF000E207E18763C90700494745B70347D4054F
:107F00009D83E31BF7FE1946A6851305E4059790AC
:107F1000FE1FE780C0A36DD183478402990493E7D5
:107F200047002304F4022285EFE0BFBC214735D58A
:107F300083C6390093F7460091C3850493F7860002
:107F40008DCB83C7140083459402514713D6470055
:107F5000E395C5F40567130707F0A207F98F03C778
:107F60000400D98F0357A4026304F7002315F40219
:107F7000890493F70601A1CB5547E3100AF283C7A2
:107F800004000967130707F093F7F7032302F402CD
:107F900083C72400A207F98F03C71400D98F2313C6
:107FA000F40203870400635607006177D98F231317
:107FB000F402835764028D0499C78347840293E7D0
:107FC00007022304F40293F6060263880636594733
:107FD000E3150AEC4946A68568089790FE1FE780DE
:107FE000808B8357E1010947231FF4025C4CB98B56
:107FF0006395E70283472408858B6381072C97C725
:10800000FE1F9387272503A98708930A6405054B5C
:10801000631809048347C407D5E3C90483C739003B
:1080200093F7070489C783C70400A301F4022285DC
:10803000EFE05FC185476305F5300147B9BD0547EE
:10804000230EE40483C707001946A6859D83A30E6B
:10805000F4041305E4059790FE1FE780C0836DBD0F
:1080600003474900834794026317F7248347540565
:1080700003475900858B6310F7241946D6851305ED
:1080800069009790FE1FE780808C63166523834705
:108090009402A300040C2311640D2302F40C834703
:1080A00054051946D685A302F40C1305640C978079
:1080B000FE1FE780407E8547230EF406F247CE0779
:1080C00091E78347D10193F70704A1DB925713058A
:1080D000840B13D757001D8BA307E40C03475402EE
:1080E00013D68700FD8B05072306E40C0357E40332
:1080F000232EF40AA306E40C21832307E40C225761
:10810000931687012183232CE4080357C102D18EE3
:10811000232AD4082314E4080257232CE40AEFF09E
:10812000900D72490347D1018967FD173379F90032
:108130004209A307A4089376070213590901638D26
:10814000061A9307C012137707043309F90201C70F
:10815000B78725003E998346540205478347E400CC
:108160006390E61AAD078A073309F940B7074B0059
:10817000130749ED9387B7C7E3E1E7EA17C5FE1F89
:10818000035545E3B335250337460F0081461306F3
:1081900006242300040897CAFE1F938A2AE13305A8
:1081A0002503EF20B17F83A70A002A8B2EC6829772
:1081B000B245B307650133B5A7002E953E8783A668
:1081C0004A0019E163E4D7003387D740A94697C72F
:1081D000FE1F83D747DEB3D7D7022320E40A034725
:1081E000F40C914693F7F70F63FFE6109507A30F82
:1081F000F4068327C40C0345F40737460F00A18318
:10820000C207C183B387A70217C5FE1F0345B5D6B2
:1082100005811306062481468145834BD407130B41
:10822000D407AD83AA9717C5FE1F0355A5D83305FC
:10823000F5022324F40AEF2071769307F00F636CA4
:10824000250D6385FB005E85EFC0CEAD83A70A00D8
:108250008297930735003E8603A74A0063E4A70090
:1082600063E4E7003386E7408327C40C17C7FE1F8B
:10827000035747D4DA86A183C207C183B387E702D5
:1082800013070032A285170500001305A588938700
:10829000071933D7E702EFB09EC50347D40793070A
:1082A000F00FE30CF7D6FD572319F4085C4C93E765
:1082B00047005CCC9DB30329090099BB0347440CDC
:1082C00083479402E318F7D4834754050347540CBB
:1082D000858BE311F7D41946930564051305640CE7
:1082E0009780FE1FE780A0668547E315F5D2A300BF
:1082F000040C2311A40CC9B3F9473309F902A1BD39
:10830000A9078E0795B5854663F4E600BD07C5B598
:1083100093872703E9BD6385FB005E85EFC08EA0D0
:108320008327040A0326840A63E5C7003386C7400F
:1083300025BF03A74A00BA97D5BF231F0402F9B986
:108340008947631FFA008347F400858B91CB8347ED
:10835000440599C783471401C5CBFD17A308F40052
:10836000EF1030112285EFE01F918347840293F7CD
:108370000702E38407CC8357640213970701418700
:1083800063580708CE07CD831307C0120346540273
:108390008546B387E7020347E400631DD6062D0731
:1083A0000A07998FB7064B00138647ED938686DA46
:1083B00013071002E3E3C6AE13070064E36FF7C6CA
:1083C00017C6FE1F130646DA0C4201777D17D44507
:1083D000758FD8C50F10000018423706020093872A
:1083E00057ED10C7130600F897C5FE1F238CC5D4A0
:1083F00086077CD354C7930750FA2305F4008347BC
:10840000E402231EF40215B92285EFE09FBD35B1C9
:108410007947ADBF29070E0769B7411122C413067A
:1084200055012A84285D8146814506C626C297905B
:10843000FE1FE780C0D9854725E9245C1D469307C8
:10844000000883C60400BD8AA306D40003C7140035
:108450002307E400639AC6048347840293E78700F6
:108460002304F40283C7240093D6670013F6F703AE
:1084700095479DEA930616008D4763D7E6027D1760
:10848000118F2307E40283C7340093854400858B52
:1084900085CF834644050D4783C70400639FE612DA
:1084A00093F7070481EBC547B240224492443E85CE
:1084B000410182806850194651059780FE1FE78070
:1084C00000499385A40065D103C73400C94793765A
:1084D0002700F9FA230E040493764700CD47E9F606
:1084E00093760702D947E9F2937787009DC383C744
:1084F00015008566938606F0A207F58F83C60500F2
:108500008905D58F2315F40283C7F5FF9183A30452
:10851000F402418B25C783C705000967130707F0DD
:1085200093F7F7032302F40283C72500A207F98F0C
:1085300003C71500D98FC207C1872313F40203872D
:1085400005006356070A1307C01203465402854606
:10855000B387E7020347E400631DD6082D070A0727
:10856000998F138747ED9306405163F7E6088347D9
:10857000840293E707042304F4028D0583C73400C3
:1085800093F7070489C783C70500A301F402830793
:1085900044016343F00A8547230AF400834534010C
:1085A0000545EFC06ED8A308A4002285EFE0AFEC2C
:1085B00005478147E31AE5EE03478402930600026C
:1085C00013770706E312D7EE130750FA2305E400EA
:1085D0000347E402231EE402C1BD03475405998703
:1085E000858BE312F7EC194613056405F9B5794755
:1085F000A9BF29070E07ADB717C6FE1F1306C6B6DB
:10860000084201777D175445758F58C50F1000003B
:10861000184237060200938757ED10C7130600F87B
:1086200017C5FE1F2300C5B286077CD354C78347F6
:10863000840293E7070281B783473401858381C7AA
:10864000A309F400A1BF8547E5BF011126CA97C45D
:10865000FE1F9384A4B6984022CC4AC84EC606CECC
:108660005C5717C9FE1F130969AD97C9FE1F93898F
:10867000A9AFF59B5CD7032709008347450217C4C0
:10868000FE1F1304E4AB014693F6F7071C43930562
:10869000F00F93F707F8D58F1CC3B7C7898E938760
:1086A00067ED1CC7B7575500938757555CC303A7A1
:1086B00009005C4393E717005CC3930710FA230596
:1086C000F500034555022300040023020400EF10C7
:1086D000E04183A60900A302040003270900A300C8
:1086E000040085479CC21C433706330093F7F7CF3D
:1086F0001CC31C4393F7F7CF93E707201CC3984094
:10870000F24062441C47D2444249D18F1CC7B7078C
:10871000030093878715BCCAB24905618280411165
:1087200006C622C4FD572308F502834715022A8492
:108730002301F502A147A300F5023545EF10A05B28
:108740002285EFF09FF017C7FE1F1307E7A1104324
:108750008177FD175446F58F5CC60F1000001C434F
:1087600037070200B24098C7130700F817C6FE1F6C
:10877000230AE69C0567130727A9F8D3D4C79307F4
:1087800040FA2305F400224441018280011122CCE9
:10879000130655012A84285D8146814506CE26CAE6
:1087A0004AC84EC652C49790FE1FE78040A2631786
:1087B0000542032A84079306F00703470A003D8B0E
:1087C000A306E40083471A00A301D402230A040489
:1087D00093F7F7032307F400230E04049D46631662
:1087E000D732584C9316170163CC063E03492A0032
:1087F0009374F90313871400638CE7008D44F240EF
:10880000624426854249D244B249224A05618280A7
:10881000135969002304240383473A0093094A004B
:1088200013F717005DE3FD1483473A0093F4F40F48
:1088300013F7270029C7E31309FCC18B91C703472E
:1088400014028947E30CF7FA8547230EF4043C5CD5
:10885000CE85194683C707001305E405E9149D83F7
:10886000A30EF4049780FE1FE780E0028347840292
:10887000990993F4F40F93E747002304F4020347A4
:108880003A0093774700639107361376870025CE29
:1088900083C719008566938606F0A207F58F83C605
:1088A0000900F9148909D58F2315F40283C7F9FF4C
:1088B00093F4F40F9183A304F402FD572301F4020F
:1088C000418B7DC729E6D5441DBF631D0930C18B8F
:1088D00091C70347140289476306F7308547230A87
:1088E000F40483470A00CE8519469987858BA30A2D
:1088F000F404130564059780FE1FE780C0F993090F
:10890000AA00E51415B7FD57A304F4027DB7EF10D4
:10891000403683C709000967130707F093F7F70389
:108920002302F40283C72900A207F98F03C71900A5
:10893000D98F2313F4020387090063560700617778
:10894000D98F2313F40283C7290009479583A30213
:10895000F402E36AF7F6F5148D0993F4F40F8347F4
:108960003A0013F707026313072813F7070419CF18
:10897000C18B91C7034714028947630BF72683C74E
:108980000900FD1493F4F40FA301F4026394042688
:108990006303090283473A00C18B8DEBEF10602D12
:1089A000E31309F2230704022285EFE0CFAC21BFD5
:1089B000A30604026DB72285EFE0AF9319E1A1444D
:1089C0003DBD2285EFE00FA871F5D5BF8347540266
:1089D00003566402230604028507A306F4029317D4
:1089E0000601C18763D7070E4E064D829307C0125A
:1089F000034714023306F60285476317F7008347DF
:108A0000E400A9078E071D8EB7074B00130746ED3C
:108A1000938787DA63E2E71E9307005063EDC70A86
:108A200097B7FE1F938747748C4301777D17D44512
:108A3000758FD8C50F1000009843B70502001306C4
:108A400056ED0CC7930500F817B5FE1F230CB56E45
:108A5000060670D354C7BE847C53FDFF83471402BF
:108A600022852301F402A147A300F402EFF0FFBD29
:108A700094408177FD17D846F98FDCC60F100000AF
:108A80009C40B70602009304000294C7930600F8C6
:108A900017B6FE1F2308D66A9306A033F4D3D8C7AF
:108AA0009780FE1FE780C06E97B7FE1F83C7476998
:108AB000858BE38607D422856244F240D244424942
:108AC000B249224A97B7FE1F238C076605616FF0F3
:108AD000CFB2F94731BF034704039307F00F930464
:108AE0001002E31EF7D0930710271306F6D833566B
:108AF000F60293060403A28517050000130565C25C
:108B00009304F007EFB0FE86DDB9894663F7E6000F
:108B1000994693040008E314D7CEE91793F7F70FAB
:108B20007D4793040008E36CF7CC8547230AF404DF
:108B300083470A00194693052A009987858BA30A63
:108B4000F404130564059780FE1FE780C0D48347B3
:108B5000D400230E040405476392E7022C5C230E25
:108B6000F404194683C705001305E405A1059D8398
:108B7000A30EF4049780FE1FE780E0D12285EFD09A
:108B80005FF78547AA84E31CF5E22285EFE08F8B2F
:108B9000E31795E28347D40081C71947639FE70035
:108BA0008347F400858B91CB8347440599C783475E
:108BB000140185C3FD17A308F400EF10800B0347D1
:108BC000D40091479944E30CF7C22285EFE0AF8AC5
:108BD0003DB12285EFE0EFC0814415B1854405B178
:108BE0009D4431B9C54421B9CD4411B9D94401B925
:108BF000DD4431B1E14421B19304100209B14111C6
:108C000022C4130655012A84285D8146814506C683
:108C10009780FE1FE780A05B4DE92C5C7D470D45EA
:108C200083C71500230E040493F7F7032307F4000A
:108C3000E91793F7F70F6366F70283C7050011473B
:108C40001D45BD8BA306F400639DE70083464405E4
:108C50000D4783C705006396E60493F7070491E781
:108C60004545B24022444101828068501946890539
:108C700051059780FE1FE78080CD7DD18307440199
:108C8000634CF0028547230AF4008345340105450F
:108C9000EFB09EE9A308A4002285EFD0DFFD0145D7
:108CA000C9B7034754059987858BE31BF7FA194623
:108CB00089051305640575BF83473401858381C722
:108CC000A309F400D9B78547E5BF054559BF17B7D4
:108CD000FE1F034757479547630BF70097B7FE1FE3
:108CE0009387074683C777000D47631FF70097B741
:108CF000FE1F83C77745639F07109307601017B760
:108D0000FE1F2313F7448280411197B7FE1F9387FC
:108D10006754194522C426C2E05F06C64AC0EF0068
:108D2000907D97B7FE1F93876741944337C7898E1D
:108D3000130767ED98C63757550013075755D8C224
:108D4000034724029306F00FBE846307D700FD5744
:108D5000A300E4022301F4020345140289476303DC
:108D6000F500014517B9FE1F130909400327090043
:108D700001469305F00F5C4393E717005CC393072C
:108D800010FA2305F400994717B7FE1FA30DF73A11
:108D900097B7FE1F2386073A97B7FE1F2384073A2B
:108DA000EF00D05497B7FE1F938747419443DC569A
:108DB000F59BDCD69C40034794001376F707984355
:108DC000137707F8518F98C398431377F7CF98C359
:108DD00098431377F7CF1367072098C39C4637074C
:108DE0003300B240D98F032709009CC6B7070300A0
:108DF000938787153CCB97B7FE1FA385073497B79A
:108E0000FE1FA38F0732224485471CC392440249A8
:108E1000410182808280411197B7FE1F938787436B
:108E200022C4E05F06C626C283471402214763843A
:108E3000E70C8944834694006394970C930770026F
:108E4000638AF61293075002930560026384F6006A
:108E50009305700297B7FE1F9387472E9C43A30488
:108E6000B40017B7FE1F1307673594433706CEFFCC
:108E70007D1693F6F6CF93E6061094C31843370891
:108E800033001447F18E14C797B6FE1F9386C62D84
:108E900088423706030030C997B6FE1F2382062A90
:108EA00097B6FE1F2380062A97B6FE1FA38C0628BE
:108EB00097B6FE1FA3860628854614C19443130661
:108EC000861593F6F6CF94C3944393F6F6CF93E6C4
:108ED000062094C31447B3E6060114C730C954579B
:108EE000F59A54D79843137707F84D8F98C3930793
:108EF00010FA2305F400B2402244924441018280DA
:108F000093077002638FF602930750021307600203
:108F10006384F6001307700297B7FE1F9387072A32
:108F20009443A304E400DC56F59BDCD697B7FE1F00
:108F30009387C72094439C4293F707F8D98F9CC22C
:108F40007DB783470402898B95C703566403A14507
:108F500017B5FE1F034575FBEFB02ECE93075002E9
:108F6000A3009402A304F4002244B24092444101BD
:108F70006FF0FFD522852244B240924441016FD068
:108F80009FEE97B7FE1F9387E72C03A7470A39E7A1
:108F9000411122C4E05F06C617B5FE1F0345F5F672
:108FA0008347040213F7170019C78547A300F4028B
:108FB0000356A40101A8898BEDDB0356640389479E
:108FC000A300F402A145EFB04EC793075002A304DB
:108FD000F4002244B24041016FF07FCF8280011142
:108FE00097B7FE1F9387072722CCE05F26CA4AC89F
:108FF0004EC652C456C25AC006CE930A200A13095E
:10900000100A9304600A130B400A9309500A17BA16
:10901000FE1F130AEA128347A4006394570D17B783
:10902000FE1F1307671410438177FD175446F58F11
:109030005CC60F1000001843B70702001CC7930757
:1090400000F817B6FE1F230FF60E97B7FE1F938783
:10905000E70E9C439C439D83858BB5C7930760199E
:109060007CD354C79780FE1FE780801297B7FE1FFE
:1090700083C7070D858B8DCB97B7FE1F2382070C07
:10908000EF00303F2285EFF09FB719CD83074401F1
:1090900063CE0702FD57230AF400834534010545DA
:1090A000EFB09EA8A308A40083478400638F071431
:1090B0006244F240D2444249B249224A924A024BA7
:1090C00005616FF0DFC09307E01B59BF8347340190
:1090D000860793F7F70F81C7A309F4007DBFFD57FB
:1090E000E5BF6397270383470A00858B89CF2285D5
:1090F00097B7FE1F23860704EFF04FE98347A400CC
:10910000E39B27F155B797B7FE1F238D070269BF71
:10911000639E970A17B7FE1F130707051043817751
:10912000FD175446F58F5CC60F1000001843B707B3
:1091300002001CC7930700F817B6FE1F2304F600B1
:1091400097B7FE1F938787FF9C439C439D83858B26
:10915000A5C3930760197CD354C79780FE1FE7808F
:10916000200397B7FE1F83C7A7FD858B99CB97B7C1
:10917000FE1F238707FCEF00D02F2285EFF0EFA919
:1091800019CD8307440163C80702FD57230AF40081
:10919000834534010545EFB03E99A308A400034779
:1091A000A4009307500AE311F7F0EFE02F96EDBD0E
:1091B0009307E01B4DB783473401860793F7F70FFA
:1091C00081C7A309F400E9B7FD57E5BF639C6703B6
:1091D0009780FE1FE780C0FB83470A00858B81CB09
:1091E000228597B7FE1F238D07F4EFE01FC1834749
:1091F000A40063943701EFE06F918347A400E38CF0
:1092000097E05DB5E38937FF45B5F2406244D2444B
:109210004249B249224A924A024B05618280411179
:10922000B7E700E026C284433707200006C622C401
:10923000F98C23A0E7180F10000017B7FE1F034793
:10924000B7F097B7FE1F9387A7EF01CF97B6FE1F22
:1092500083C686EF09476396E60017B7FE1FA3058E
:1092600007EE03C77700A1466387E60003C77700D0
:109270009D46639DE60083C7770017B7FE1F230551
:10928000F7EC854717B7FE1FA300F7ECEF00701E41
:1092900097B7FE1F938707FCE05F68402315040023
:1092A000230404009780FE1FE780002991452310C6
:1092B0000404232204042324040417B5FE1F0345D9
:1092C000D5C4EFB0EE9EA14517B5FE1F0345F5C30B
:1092D000EFB00E9E034514039307F00F6307F500EC
:1092E000EFB04EA4FD57A308F4020345040393070F
:1092F000F00F6307F500EFB0EEA2FD572308F4026C
:10930000B2402244B7E700E023A097109244410105
:109310008280411106C6FD57A308F5024546930514
:1093200000080145EF008146B24041016FF03FEF78
:1093300097B7FE1F83C777BD95EF411117950000C2
:10934000130565E806C6EFB02ED3EF80907997D766
:10935000FFFF93876771B24017B7FE1F232CF7F604
:10936000970700009387E7C717B7FE1F2324F7DC92
:109370004101828097D7FFFF9387076F17B7FE1FC2
:10938000232AF7F4970700009387A7C517B7FE1F96
:109390002322F7DA8280011126CA97B4FE1F938434
:1093A00064EB22CC03A4040C4AC84EC652C456C275
:1093B00006CE2A898149130A2500854A29E89305A2
:1093C000702531459780FE1FE780E0072A8401451C
:1093D0003DC083471900194693052900A300F400F6
:1093E000130524009770FE1FE780E04A83A7040C52
:1093F000A1EF97B7FE1F23AF87F02324040083C794
:10940000C40B850717B7FE1F2304F7F025A00347F9
:109410001400834719006305F700A289004479BF4F
:109420001946D285130524009770FE1FE78020524D
:10943000E31555FF0545F2406244D2444249B24922
:10944000224A924A05618280E38909FA23A48900AD
:109450006DB797B7FE1F9387E7DF03A5070C11E9E8
:1094600097B7FE1F23A807EA97B7FE1F238207EAD4
:109470008280411106C622C400459780FE1FE78006
:10948000A00B228575F8B240224497B7FE1F23A394
:1094900007E897B7FE1F238D07E64101828097B743
:1094A000FE1F938727DB23A0070C238E070A8280E9
:1094B00017B7FE1F130747C81C439306001094C339
:1094C00001000100010001001C4323A007008346A6
:1094D000150003482500A2064208C296034805006D
:1094E000C296034835006208C29694D78346550059
:1094F00003486500A2064208C29603484500C2968A
:10950000034875006208C296D4D783469500034885
:10951000A500A2064208C29603488500C2960348E9
:10952000B5006208C29694DB8346D5000348E50087
:10953000A2064208C2960348C5000345F500C2963C
:109540006205AA96D4DB83C6150003C52500A206D2
:109550004205AA9603C50500AA9603C53500620513
:10956000AA9694CF83C6550003C56500A20642059E
:10957000AA9603C54500AA9603C575006205AA967A
:10958000D4CF83C6950003C5A500A2064205AA96BE
:1095900003C58500AA9603C5B5006205AA9694D3B3
:1095A00083C6D50003C5E500A2064205AA9603C5F9
:1095B000C50083C5F500AA96E205AE96D4D3D44380
:1095C000F59AD4C3D44393E61600D4C3944393E6E8
:1095D000160094C3BA879443D842058B59E3984E3A
:1095E00001452300E6009843184F2183A300E600BD
:1095F0009843184F41832301E6009843184F618335
:10960000A301E6009C43D84F2302E600D84F2183F4
:10961000A302E600D84F41832303E600D84F6183BD
:10962000A303E60098532304E60098532183A30480
:10963000E600985341832305E60098536183A30510
:10964000E600D8532306E600D8532183A306E6009C
:10965000D85341832307E600DC53E183A307F600D8
:10966000828001008DBF011122CC2A84354506CEAF
:109670002EC632C4492597B7FE1F9387E7AE98439D
:1096800022853C4B93E707083CCB2246B245EFF0DE
:109690003FE2F240624401450561828097B7FE1FB8
:1096A000938787AC98433C4B93E707083CCB01007A
:1096B00001000100010097B7FE1F9387E7A79C43B5
:1096C00003A7450E16051365050888C398CB03A7A5
:1096D000850E0145D8CB03A7C50B98CF03A7050C72
:1096E000D8CF03A7450C98D303A7850CD8D303A7DD
:1096F000C50C98D703A7050DD8D703A7450D98DB50
:1097000003A7850DD8DB03A7C50D98C703A7050ED2
:10971000D8C798431367070498C3828097B7FE1F82
:10972000938787A498433C4B93E707083CCB010001
:1097300001000100010097B7FE1F9387E79F9C433C
:1097400003A7C50E16051365050888C398CB03A7A4
:10975000050F0145D8CB03A7C50B98CF03A7050C70
:10976000D8CF03A7450C98D303A7850CD8D303A75C
:10977000C50C98D703A7050DD8D703A7450D98DBCF
:1097800003A7850DD8DB03A7C50D98C703A7050E52
:10979000D8C798431367070498C3930700F817B70F
:1097A000FE1F2302F79A828097B7FE1F93870799BF
:1097B0009C43B7068000B70500829843FD15558F7E
:1097C00098C31307F00F98DF13070005D8DBD857AD
:1097D000B7060080558FD8D7D45717A7FE1F034769
:1097E0006779131687011377F703ED8E6607558F98
:1097F000D8D7618617B7FE1F1307479C9306A003AF
:10980000184363DCC600744F37060007D18E74CF4F
:10981000370702001307C72099A09306200263DAD6
:10982000C600744F370600F97D16F18E3706000525
:10983000F1BFB70600F99385F6FF744F6945ED8EC9
:109840006355C50037060003D1B7B7050001CD8EBB
:1098500074CFE35F06FA3707020013070721D8DF4A
:10986000984B137707FC1367E70098CB37E700E0C6
:10987000D147A309F7049777FE1F9387A77793E74C
:1098800017007CD7828093178501E18763C807069C
:109890001377050499472DE31307A0039147636DE0
:1098A000A7041307A0028D476368A70413072002CB
:1098B00089476363A70469478547636FA7025147D8
:1098C0008147636BA7024947FD576367A702394782
:1098D000F5576363A7022947ED57636FA700194740
:1098E000E157636BA7001147D9576367A700094782
:1098F000B1576373A700C5573E858280A547EDBF6A
:10990000B557634DF50449578D476347E5045D57E7
:1099100095476343E50465579D47634FE5027157DB
:10992000AD47634BE5027957BD476347E502CD4735
:1099300063440502D5470DC10547ED47630EE500B9
:109940000947930730026309E5000D479307B00309
:109950006314E5009307B0023E8582808547EDBF22
:1099600097A7FE1F9387877D9C433706CEFF7D1602
:109970009843370803001375F51F1377F7CF136764
:10998000071098C317B7FE1F13074783184393F5B3
:10999000F5071447F18E14C797A6FE1F9386C67C61
:1099A000944223A8060523A40700904B13088815AA
:1099B0001366F60390CB90431366060890C3F04FEE
:1099C000137606E0498EF0CF23AC070423A00706E8
:1099D0005057759A50D79043137606F84D8E90C322
:1099E0001306401FF0D217A6FE1FA30D067417A67C
:1099F000FE1FA3070674054690C29043B7053300C7
:109A00001376F6CF90C390431376F6CF13660620F5
:109A100090C310474D8E10C723A80605D853216662
:109A2000518FD8D32547F05201C6B04FE37DC7FE12
:109A3000D853E176FD16758FD8D3A853133545005A
:109A40008280938741949C4399CB944BD04B98420E
:109A5000518F98C294439C479842D98F9CC297A734
:109A6000FE1F9387A76D17A7FE1F0347076E17A654
:109A7000FE1F1306666F05489C431307E70914424F
:109A8000631E050388431365050888C3C8468177AC
:109A9000FD17E98FDCC60F1000001C42B70602005C
:109AA000AD0594C7930600F817A6FE1F230CD668D1
:109AB0008A05BA958605ECD3C8C78280884313759A
:109AC000F5F788C3C8468177FD17E98FDCC60F100C
:109AD00000001C42B7060200A90594C7930600F8CF
:109AE00017A6FE1F2300D6668E05E1B79387419423
:109AF0009C4389CFD44303A887009842336707016A
:109B000098C2D447DC4B9842D98F9CC297A7FE1FBE
:109B10009387C76205479C439505631EE5029843FA
:109B20008E051367070898C3984F137707C013670C
:109B3000A71398CF13078007A389E7009385C50370
:109B400097A7FE1F23A6B76011C6060697A7FE1F9C
:109B500023A0C7608280984392051377F7F798C3D4
:109B6000984F137707C01367271398CF1307F00791
:109B7000A389E700E1B711C9371700408357870170
:109B80002168B3E70701231CF7008E0597A7FE1F86
:109B9000238DB75A97A7FE1F9387475A22069C43E7
:109BA000498E4D8EB70510004D8EB0D7B85713674C
:109BB0004700B8D7B85791C6B7060400558FB8D735
:109BC0008280B706FCFFFD16758FD5BF411106C612
:109BD00017A7FE1F03474757A1476311F70497A72D
:109BE000FE1F83C7A758858B17A6FE1F0346365A4C
:109BF00097A6FE1F83C6A659BDC797A7FE1F9387CA
:109C0000E758C8432DC1834515000905EF00900CA6
:109C100011C5854717A7FE1FA308F75217A7FE1FF8
:109C2000034787529947631CF70097A7FE1F938746
:109C30006762FC5F83C7B70095CBEFF04F8917A72A
:109C4000FE1F034767509D476312F70297A7FE1F49
:109C50009387476083A7070983C7770081CBB2400A
:109C600041016FE0A008814501454DB7B240410177
:109C7000828017A7FE1F1307274F1C43B44B93F690
:109C8000F68FB4CB944393E6860094C39C438D83B4
:109C9000858B89C7010001000100010097A7FE1F05
:109CA0009387C74994439C4293F7F7CF93E70710F4
:109CB0009CC297A7FE1F938767509043B706CEFFBD
:109CC000FD161C46F58F1CC61C4337070300B8CB96
:109CD000938741949C4399CBD44390479842518FAA
:109CE00098C2944BDC4B9842D98F9CC297A7FE1F19
:109CF000A38B0744828097A7FE1F9387E7469C4368
:109D00009C438D8B638307104111B7E700E04AC085
:109D100003A9070026C23707200006C622C4AA846A
:109D20003379E90023A0E7180F10000017A7FE1FE2
:109D3000034777418D4717A4FE1F13046440631B3C
:109D4000F70097A7FE1F938767429C4B014681450A
:109D5000454582971947639CE40497A7FE1F83C774
:109D6000B73E99CB97A7FE1F83C7073E6396970020
:109D700097A7FE1FA38A073C8347740021476318F7
:109D8000F7009307801017A7FE1F231FF73A97A726
:109D9000FE1F2380071CEFF0DFEDB2402244B7E73F
:109DA00000E023A0271192440249410182809D478F
:109DB000639FF40097A7FE1F83C71739D5DF17A746
:109DC000FE1F034767388D47E318F7FA55B78346F8
:109DD0007400630BD700034774006387E700834771
:109DE00074002147E315F7FA97A7FE1F83C7D735FD
:109DF000D9FF8347740017A7FE1F2307F734854751
:109E000017A7FE1FA302F73459B782805D7156DA97
:109E100097AAFE1F938A8A3203A70A0086C6A2C4A5
:109E2000A6C2CAC04EDE52DC1C4317AAFE1F130A8C
:109E3000EA3897A9FE1F9389293393F7F7CF93E761
:109E400007101CC383260A003707CEFF7D179C46E8
:109E50003709030013068002F98F9CC683A7090007
:109E60002A84AE8423A8270593051008280097703C
:109E7000FE1FE78060A93545EFF0FFE783A70A00E2
:109E80009376F41F3706330023A40700984B130979
:109E90008915617F1367F70398CBF84FCE881305B8
:109EA00010F8137707E0558FF8CF9843D68552887E
:109EB0001367070898C317A7FE1FA305072883A6E3
:109EC000090017A7FE1FA30D0726054798C2984350
:109ED000A1629303401F1377F7CF98C398437D1F68
:109EE00085491377F7CF1367072098C303270A0024
:109EF000930F80021C47D18F1CC723A8260501475A
:109F00003400114913533700269383470300137617
:109F10007700B3D7C740858BDDCF9C41832E0800E7
:109F200023AC070423A0070603AECE02137EDEFF98
:109F300023A6CE0383AE0700137EF70793FE0EF829
:109F400033EECE0123A0C70103AE4702336E5E009D
:109F500023A2C70383AE0800014E23A27E0603AAF4
:109F6000070663074E0303AE0703038A0600135E6A
:109F7000FE00620E135E8E416358CA0103AE0703F2
:109F8000135EFE002380C60103AE0706137EFE0F9C
:109F900003AA4E0663060A0003AA8705E37F49FB6E
:109FA00003AE4702337EEE0123A2C7038387060078
:109FB000635CF400034E03003396C9001346F6FFBA
:109FC0003376C6012300C3003E8663D3A7002A86EA
:109FD00013158601618505071377F70F8506E313CF
:109FE000F7F398411C4B93F707FC93E7E7001CCB72
:109FF000B640264496440649F259625AD25A6161E3
:10A000008280011122CC2A8411452EC632C436C268
:10A0100006CEEFF05FCE97A7FE1F938727129C43D3
:10A02000B7083300D857719B13671700D8D717A705
:10A03000FE1F1307671308431307800778D198435F
:10A040001377F7CF98C398431377F7CF1367072099
:10A0500098C317A7FE1F130767161843B245924609
:10A060000328870022463368180123240701370894
:10A0700003001308882523280505CDC14C57136418
:10A080000404F5994CD71377F4078043137404F84C
:10A09000598C3747767180C31307971298C7375783
:10A0A00055001307575517A4FE1F13046409D8C39E
:10A0B0001C50B6853CDD97A7FE1F2384070897A791
:10A0C000FE1FA380070897A7FE1F238D07065C418C
:10A0D000F99B5CC19147014517A7FE1FA305F70631
:10A0E0009770FE1FE780C01793874194984311C76C
:10A0F000544318479C42D98F9CC283473400858BB8
:10A1000091CB97A7FE1F83D76715850717A7FE1F5B
:10A110002316F714F2406244056182804C57F5998A
:10A120004CD71377F4078043137404F8598C37C75E
:10A13000898E80C3130767ED95B7011126CA4AC8F7
:10A140004EC6C1643709006AB70900AC22CC52C4BC
:10A1500006CE0544FD141309690E9389E90C130A10
:10A16000000205E49305000F4145EFA0FE9BB7B741
:10A17000006A4205938767CE5D8DF2406244D24407
:10A180004249B249224A05618280A6850145EFA075
:10A19000FE9B9317850013F7071033E5270119C3BA
:10A1A00033E5370181470147E145B356F50085079F
:10A1B0003356F500858A058A6307D60005071377AD
:10A1C000F70F63E4E504E39247FF81471306F003CA
:10A1D000ED463357F5001377F70305CB6307C70246
:10A1E0008507E398D7FE135785009377F50F13770C
:10A1F000F70FE394E7F8135705011377F70FE39E82
:10A20000E7F613578501E39AE7F605041374F40F94
:10A2100089BF17A7FE1F034717F391476309F70C80
:10A2200097A7FE1F938747F19843B7C700409387CE
:10A230000730631EF70A0111354506CE22CC26CA27
:10A240004AC84EC6EFF03FAB97A9FE1F938909EFAE
:10A250001D2AEF007039EFF02FD583A7090017A949
:10A26000FE1F1309A9F5B7063300984397A4FE1FF4
:10A27000938484EF370403001367070898C3984357
:10A280001377F7CF98C398431377F7CF1367072057
:10A2900098C3032709001C47D58F1CC79C40130790
:10A2A0008455B8CBEF00704CEF10F01EEF00103F5C
:10A2B000EF00104803A709001C4393F7F7CF93E77B
:10A2C00007101CC3832609003707CEFF7D179C4665
:10A2D000F2404249F98F9CC69C40B249D244A0CB7F
:10A2E000624497A7FE1FA38007E6056182808280F3
:10A2F000B7C700401387073097A6FE1F23AEE6E2DC
:10A3000013870720411197A6FE1F23AFE6E493872A
:10A31000071037D7004022C497A6FE1F23A0E6EA05
:10A3200017A4FE1F1304C4E117A7FE1F2328F7E09C
:10A330008547A303F40097A7FE1F938767C29C433A
:10A3400006C65CD0938707111CD09777FE1F9387B2
:10A35000C7CA23A4F194EFF0DFEBB7E700E0A30551
:10A36000040003C7574113670708A38AE740B240B8
:10A3700037071000224423A0E7103707200023A04E
:10A38000E7104101828017A7FE1F130767BD03076F
:10A39000470197A7FE1F938727DD9C43635A070455
:10A3A00013074008D8CBF8C313076007D8CFF8C706
:10A3B0009306C008D4D31307E006D8D7D4DBD8DF80
:10A3C000130780072393E700F84BB7060080558FEB
:10A3D000F8CB5147F8CB17A7FE1F130767D6585382
:10A3E000F8DF7D5798C737071F003D07D8C7828021
:10A3F0001307C00845BF97A7FE1F938727DC984324
:10A4000017A6FE1F130686D697A7FE1F938707D3AE
:10A4100094438347160013F8F707D9C588425C4276
:10A42000137505F83365050188C213F5150001C9D8
:10A4300093F5050341456386A506938787C14C576D
:10A440004168130808A093E525004CD7B3D507034E
:10A45000B70810FEFD18B3F70703FD8913954501F2
:10A460006C43B3F51501C98D6CC39305A00F370577
:10A47000FCFFAA07B3D7B7026C43E98DBA07B983CB
:10A48000CD8F7CC383470600898B99CB9C4293F781
:10A49000F70713E707049C4293F707F8D98F9CC28C
:10A4A00082809387078361BF5C57F59B5CD79C4292
:10A4B00093F707F8B3E707019CC2E9B7411106C655
:10A4C00097A7FE1F238B07CCEFF0AFFAB2400145F0
:10A4D000410182807971B7E700E026D284433707D3
:10A4E000200006D622D44AD04ECE52CC56CAF98C81
:10A4F00023A0E7180F10000017A4FE1F130404C7C1
:10A50000184409EF23A097100545B25022549254E5
:10A510000259F249624AD24A4561828017A7FE1F5A
:10A52000130747D30327470A09C723A097100945F4
:10A53000E9BF83470400328AB689858B2E86AA8AB2
:10A54000BDC717A9FE1F130969C48327490095E3F6
:10A5500017A5FE1F034555C32EC609059305900494
:10A560009770FE1FE78020EE324697A7FE1F23A1BB
:10A57000A7C28327490099E7B7E700E023A0971017
:10A580000D4561B717A7FE1F034767C02380E7008B
:10A5900083274900638F0A0429CEA380C7000325BF
:10A5A0004900D68509059760FE1FE780C02E17A7D2
:10A5B000FE1F034757B99547630CF70097A7FE1F87
:10A5C00083C787B819476385E7000D476396E7029D
:10A5D00097A7FE1F83C757B799E79307801017A760
:10A5E000FE1F2313F7B6B7E700E023A0971001453D
:10A5F00029BFA380070065BF17A9FE1F1309C9B6AD
:10A600008327090098430D8B0DC717A7FE1F230250
:10A610000794B84B1377F78FB8CB9843136787002D
:10A6200098C39C438D83858B89C70100010001007D
:10A630000100832709003707020097AAFE1F938AAB
:10A64000EAB423A2070698C797A7FE1F238C07AE7C
:10A6500097A7FE1F83C747B4918B89EB97A5FE1F71
:10A6600083C5C5B093F70504639C0712814517A500
:10A67000FE1F0345B5AFEFF01FD817A5FE1F03451A
:10A68000E5AE1185014697A5FE1F83C5E5AF0D898F
:10A69000EFF0CFC517A7FE1F130747AA14441C43AA
:10A6A00094C75444D4C383260900834704003A84E2
:10A6B00013F61700DC42F99BD18FDCC283A74A0056
:10A6C000BCDE97A7FE1FA38447AD97A7FE1F23807C
:10A6D00037AD83C7EA0093E7470097A6FE1F238E96
:10A6E000F6AA9307000497A6FE1F238BF6A497A74C
:10A6F000FE1F238907A4A14797A6FE1FA385F6A4E2
:10A7000097A7FE1F9387C7859C5791CB13060064BC
:10A71000C14517A5FE1F034565A8EF90FEAE832730
:10A7200009001705000013052533DC43858B89E7F5
:10A73000170500001305C507EF90BEFE184097A649
:10A74000FE1F9386A6A7370633001C4393F7F7CF67
:10A750001CC31C4393F7F7CF93E707201CC39C420D
:10A760009847518F0326090098C73707030013073E
:10A77000871538CA17A7FE1FA306079C17A7FE1F39
:10A78000A300079C054718C2D8431377F7EFD8C337
:10A790000100010098425C4393E707105CC3A1B538
:10A7A00093F5050393E515004840F1B5011197A70E
:10A7B000FE1F83C7F79806CE22CC26CA4AC8858BCF
:10A7C00017A7FE1F1307C7976386072497A7FE1FC7
:10A7D000A38807963A84A30701004453EFF01FCEE5
:10A7E00097A7FE1F83C7479B918B97A6FE1F938653
:10A7F000E69917A9FE1F13096997638A071A83C789
:10A800001400A69703C7070093070008631AF70010
:10A810008347090093E7870017A7FE1F2308F794D3
:10A820005C4C0D47637FF710F11717A7FE1F232716
:10A83000F7925C4C984663EDE7103387E74083C797
:10A84000140003C6C600A69783C717006206618678
:10A850008E076350061263F4E7101D8F9306000203
:10A8600063EBE600584C636FF70EB307F74017A78A
:10A87000FE1F2321F792894517A5FE1F0345059268
:10A88000EF90EEF883470900A18B638D071097A71F
:10A89000FE1F9387678D94439307800C1307F00F77
:10A8A000FCD21C5037063300014598C397A7FE1F02
:10A8B0002389078897A7FE1FA385078897A7FE1FF0
:10A8C0002382078897A7FE1FA38E078697A7FE1FE0
:10A8D0009387C78698431C4393F7F7CF1CC31C4349
:10A8E00093F7F7CF93E707201CC397A7FE1F938723
:10A8F000E78C984397A5FE1F83C5458791851C4724
:10A900008D89D18F1CC7B707030093878725BCCAE1
:10A9100005469770FE1FE780A09483470900DD9BE2
:10A9200017A7FE1F2304F78497A6FE1F83C626865B
:10A9300017A6FE1F0346B68581450145EFF09FB976
:10A94000E1A01797FE1F130767665843BA97E9BD42
:10A950001796FE1F130686655042B297F9BD3387DE
:10A96000E740EDBD9796FE1F93864664D442369726
:10A97000EDBD584C6361F702B307F74017A7FE1F00
:10A98000232AF78083C7C60093E7070817A7FE1F8F
:10A990002304F780CDB51796FE1F1306266150429B
:10A9A0003297D9BF83C71400F917A380F400485029
:10A9B000814681451306F1009770FE1FE7802081D4
:10A9C0005C50931585019306F00F03C70700E185DE
:10A9D000630CD7009797FE1F83C7777B6386D700EA
:10A9E0006304F70093E525008307090063C70700A8
:10A9F00089E58347F1002380F40083270901505043
:10AA000093F5F50F0D458297F2406244D2444249D6
:10AA1000056182809797FE1F938707759C43FC53BF
:10AA200099EFEFF0BFA99797FE1F938767539C5B41
:10AA3000E38C07EE8545130510088297F5B583472B
:10AA400077002147E312F7FC85471797FE1F230283
:10AA5000F7505DBF79719797FE1F83C7676E06D663
:10AA600022D426D24AD04ECE52CC858B1797FE1FC9
:10AA70001307076D638407260329470281461306DF
:10AA8000F10081454A853A84A30701009797FE1F8C
:10AA90002388076A9760FE1FE7806073131A850199
:10AAA000135A8A4163120A029797FE1F83C7376EB3
:10AAB0009306F00F638AD7005850034707006305D9
:10AAC000D7006303F700094A9794FE1F9384046A32
:10AAD000838704009799FE1F9389496B63C6071407
:10AAE00063160A148347F1002300F90083C7C900E5
:10AAF000918BD1CB5C4C0D47637DF716F1171797FF
:10AB0000FE1F232DF7645C4C03A7890063EAE71658
:10AB10003387E7408347190083C6C900CA9783C7B4
:10AB20001700E206E1868E0763DD061663F1E7167D
:10AB30001D8F9306000263EBE600584C636CF7141C
:10AB4000B307F7401797FE1F2326F764894517952B
:10AB5000FE1F0345A564EF908ECB83471900330792
:10AB6000F90083460700130700086395E6161C509A
:10AB70001307F00F98C383C7040093E78700179764
:10AB8000FE1F2305F75E9797FE1F93872763984361
:10AB90005C578583858BA1C3DC40C165938505A087
:10ABA000B3D6B702370510FE7D15B3F7B702FD8A9D
:10ABB000139646017443E98ED18E74C39306A00F99
:10ABC0003706FCFFAA07B3D7D7027443F18EBA0742
:10ABD000B983D58F7CC383A749001795FE1F034512
:10ABE000E558118583C517000D89EFE09FE517052E
:10ABF000000013056513EF90DEB29797FE1F938751
:10AC0000E7539C43B70680009843558F98C3D857A5
:10AC1000719BD8D783C70400A18BA1E79C485050F3
:10AC200081450D45829735A8E3020AECEFF06F8469
:10AC30009C4850500D459375FA0F829703A5490023
:10AC40001796FE1F0346B6549796FE1F83C62654DA
:10AC500009C583451500090519A081450145EFF097
:10AC60007F87B250225492540259F249624A456198
:10AC700082801797FE1F130767335843BA97BDBDED
:10AC80009796FE1F93868632D442B69751B5338786
:10AC9000E74045B59796FE1F93864631D4423697D6
:10ACA00045B5584C6361F702B307F7401797FE1F8D
:10ACB0002322F74E83C7C90093E707081797FE1FA3
:10ACC000230CF74C61B59796FE1F9386262ED4422F
:10ACD0003697D9BFF917A300F90075B59797FE1FEE
:10ACE000938787489C43FC539DE3EFF02FFD979794
:10ACF000FE1F9387E7269C5B89C7894513051008CB
:10AD000082979797FE1F93876748C84315BF83476D
:10AD100077002147E317F7F485471797FE1F230AAB
:10AD2000F72281B741119797FE1F83C7774106C667
:10AD300022C4858B8DCB9797FE1FA3830740EFF02E
:10AD4000EFF79797FE1F9387674203C707003E847C
:10AD5000218B21E703A307010146814511452244C8
:10AD6000B240410102839797FE1F9387E73F9C43C0
:10AD7000FC53ADE79797FE1F2386073C9797FE1F6E
:10AD80009387C73E03C707003E84218B19E703A3BF
:10AD90000701014681455145D9B79797FE1F938713
:10ADA000E73EC8431796FE1F0346763E9796FE1F62
:10ADB00083C6E63D0DC1834515000905EFF08FF10F
:10ADC00083470400DD9B1797FE1F2301F73AB2402B
:10ADD00022444101828081450145CDB785471797BF
:10ADE000FE1F2308F716E5B79797FE1F9387073DC9
:10ADF0009C4313070048B70600F998D7D85FFD16A3
:10AE0000758FB7060002558FD8DFD85FB7060040B0
:10AE10000E070D83558FD8DFF84BC576FD16419B85
:10AE200013679700F8CBD85F758F9566558FD8DF7D
:10AE3000985B9D661367077098DB985B558F98DB6E
:10AE4000985BB7060700558F98DB985BB7060090B4
:10AE5000FD16758FB7060010558F98DBF847B706BB
:10AE6000F9FFFD16619BF8C7F84F758FF8CFF84FC3
:10AE7000B70690FFFD16758FF8CF1797FE1F034793
:10AE8000670F1377070C19C7B847B7060080558FAF
:10AE9000B8C78280B84706070583DDBF1797FE1F36
:10AEA0001307C7311C4341767D16B44BF18EB4CBEA
:10AEB000944737062000D18E94C7D44793E6060105
:10AEC000D4C7D447BD9AD4C70100010001000100D6
:10AED00014430566DC4693E70701DCC6DC42D18FEC
:10AEE000DCC29797FE1F938727289043930740065D
:10AEF0007CD27C5291C783A7C609A183858BF5DBE1
:10AF000001000100010001001C43416603A7C709BD
:10AF1000B44BD18EB4CB9376F701B84B019B558FD0
:10AF2000B8CB9847B706E0FFFD16758F98C78280AB
:10AF30009797FE1F938787289C4341777D17B44FCF
:10AF40004166F98EB4CF9447D18E94C7D44793F617
:10AF5000F6EFD4C7D443758FD8C3D44793E6061011
:10AF6000D4C7D843518FD8C38280397122DC17945B
:10AF7000FE1F1304A4241C4006DE26DA4AD84ED64F
:10AF800052D456D25AD05ECE62CC66CA6AC86EC659
:10AF9000D843FD76FD161377F7EFD8C39857758F12
:10AFA00098D7D857B70602003D9BD8D79847558FFA
:10AFB00098C7D84313670701D8C31797FE1F130715
:10AFC000671F14433757341213078767E38FE64A26
:10AFD000D84381749384F40F799BD8C3985FB1668A
:10AFE000938606F0658F558F98DFD8431367170057
:10AFF000D8C39760FE1FE78060411C4003A7070984
:10B000001377F7032386E19403A74709298313776E
:10B01000F707A386E194D843B96693860670799BB7
:10B02000D8C3985F658F558F98DFD8431367170093
:10B03000D8C39760FE1FE780603D1C4003A7070947
:10B040001377F7039796FE1FA38CE61603A747090D
:10B0500029831377F7079796FE1F238FE614D843AB
:10B06000B56693860630799BD8C3985F658F558FF8
:10B0700098DFD84313671700D8C39760FE1FE78097
:10B08000E03818408327070993F7F7039796FE1FC8
:10B090002388F61283274709A98393F7F7071797A1
:10B0A000FE1F2307F7101C40179CFE1F034C4C117A
:10B0B00083C6C19403A7070AB386864113F6F60038
:10B0C000419B518F23A0E70A130760023387E602F2
:10B0D0001306700283A5070A7D7E130EFE0F93F5FB
:10B0E000F5F01305400245737D1313043002334716
:10B0F000C702B708F1FFFD1813082002930E1002D3
:10B100007D4FF94FF542F1436D4DD14B454BBD4459
:10B110003949314AAD4AB5493D8B12074D8F9305E8
:10B12000500223A0E70A3387B60283A5070AB3F5C6
:10B13000C5013347C7023D8B22074D8F23A0E70A85
:10B140003387A60283A5070A370500F17D15B3F5FD
:10B1500065003347C7023D8B32074D8F23A0E70AB6
:10B160003387860283A5070A6144B3F51501334787
:10B17000C7023D8B42074D8F23A0E70A33870603A2
:10B1800083A5070A370810FF7D18B3F5050133477B
:10B19000C7023D8B52074D8F23A0E70A3387D603A2
:10B1A00083A5070AB70E0010FD1EE98D3347C702BD
:10B1B0003D8B62074D8F23A0E70A13975600334754
:10B1C000C7029315C70103A7070A3377D7014D8F2D
:10B1D00023A0E70A3387E6035D4F3347C702937521
:10B1E000F70003A7470A419B4D8F23A2E70A338745
:10B1F000F60383A5470AD94F93F5F5F03347C70205
:10B200003D8B12074D8F23A2E70A3387560283A591
:10B21000470AD542B3F5C5013347C7023D8B220724
:10B220004D8F23A2E70A3387760283A5470ACD43D1
:10B23000B3F565003347C7023D8B32074D8F23A21C
:10B24000E70A3387A60383A5470A494DB3F51501DD
:10B250003347C7023D8B42074D8F23A2E70A694758
:10B260003387E60283A5470AB3F505013347C702D2
:10B270003D8B52074D8FE54523A2E70A3387B6027F
:10B2800083A5470AE98D3347C7023D8B62074D8F7F
:10B2900023A2E70A338786020D443347C70293157A
:10B2A000C70103A7470A3377D7014D8F23A2E70AC7
:10B2B0003387E603254F3347C7029375F70003A78B
:10B2C000870A419B4D8F23A4E70A3387F60383A5A2
:10B2D000870A9D4F93F5F5F03347C7023D8B120760
:10B2E0004D8F23A4E70A3387560283A5870A994224
:10B2F000B3F5C5013347C7023D8B22074D8F23A409
:10B30000E70A3387760383A5870AB3F565003347D9
:10B31000C7023D8B32074D8F23A4E70A338776029D
:10B3200083A5870A9543B3F515013347C7023D8BC3
:10B3300042074D8F23A4E70A3387A60383A5870A14
:10B34000294DB3F505013347C7023D8B52074D8F99
:10B3500023A4E70A3387660383A5870AE98D334769
:10B36000C7023D8B62074D8F93954600B3C5C5025A
:10B3700023A4E70A03A7870A3377D701F2054D8F85
:10B38000B385960223A4E70A03A7C70A419BB3C566
:10B39000C502BD894D8F23A6E70A3387260383A5FF
:10B3A000C70A93F5F5F03347C7023D8B12074D8F5F
:10B3B000B3C5860223A6E70A03A7C70A3377C701E6
:10B3C000BD89A2054D8F23A6E70A3387460383A5CF
:10B3D000C70AB3F565003347C7023D8B32074D8F6F
:10B3E00023A6E70A3387560383A5C70AB3F51501D9
:10B3F0003347C7023D8B42074D8F23A6E70A3387A9
:10B40000A60383A5C70AB3F505013347C7023D8BE1
:10B4100052074D8F23A6E70A3387E60383A5C70AA1
:10B42000E98D3347C7023D8B62074D8F93953600F8
:10B43000B3C5C50223A6E70A03A7C70A3377D70116
:10B44000F2054D8FB385F60323A6E70A03A7070B82
:10B45000419BB3C5C502BD894D8F23A8E70A338739
:10B46000560283A5070B93F5F5F03347C7023D8BD2
:10B4700012074D8F23A8E70A3387760283A5070BAF
:10B48000B3F5C5013347C7023D8B22074D8F23A873
:10B49000E70A139726003347C70283A5070BB3F5C6
:10B4A00065003D8B32074D8FB3C5360323A8E70AED
:10B4B00003A7070B33771701BD89C2054D8F23A85A
:10B4C000E70A139716003347C70283A5070BB3F5A6
:10B4D00005013D8B52074D8FB3C5C60223A8E70A6D
:10B4E00003A7070B698FBD89E2054D8F23A8E70AE3
:10B4F00003A7070B930580023377D70123A8E70A38
:10B500001797FE1F0347D7CB3307EC40B34DB70265
:10B5100083AC470B93FC0CFFB34B770393FDFD000B
:10B52000B3ECBC0123AA970B83AC470BCD4D93FC26
:10B53000FCF093FBFB00920BB3EB7C0123AA770B8F
:10B54000B30B870283AC470BB3FCCC01B3CBBB027C
:10B5500093FBFB00A20BB3EB7C01B34CA70323AA24
:10B56000770B83AB470BB3FB6B0093FCFC00B20C77
:10B57000B3EB9B0123AA770BA14BB34B770383ACAF
:10B58000470BB3FC1C0193FBFB00C20BB3EB7C012C
:10B5900023AA770BB30B570283AC470BB3FC0C0108
:10B5A000B3CBBB0293FBFB00D20BB3EB7C0123AA12
:10B5B000770BB30BF70383AC470BB3FCAC00B3CBF7
:10B5C000BB0293FBFB00E20BB3EB7C01B34C7702B5
:10B5D00023AA770B83AB470BB3FBDB01F20CB3EB76
:10B5E0009B01B30CE70323AA770B83AB870B93FB79
:10B5F0000BFFB3CCBC02B30A570393FCFC00B3EBC4
:10B600009B0123AC770B914B83AC870B93FCFCF035
:10B61000B34B7703330A470393FBFB00920BB3EB67
:10B620007C0123AC770B83AB870BD54CB3FBCB01F1
:10B63000B3CABA02B309370393FAFA00A20AB3EA0B
:10B640005B0123AC570B83AA870BD94BB3FA6A0073
:10B65000334ABA0233092703137AFA00320A33EA6B
:10B660004A0123AC470B03AA870BE14A337A1A013C
:10B67000B3C9B902B304970293F9F900C209B369D7
:10B680003A0123AC370B83A9870B654AB3F909014B
:10B690003349B902B3C4B4021379F900520933E94A
:10B6A000290123AC270B03A9870BE9493379A900AA
:10B6B000330B6703BD88E204B36499001319470094
:10B6C00023AC970A83A4870BB3F4D4013349B9029E
:10B6D000334BBB027209B3E4240123AC970A83A461
:10B6E000C70BC198137BFB0033EB6401C944B3045F
:10B6F000970223AE670B03A9C70B5D4B1379F9F0D3
:10B70000B3C4B402BD889204B364990023AE970A0F
:10B71000B304B70303A9C70BF54D3379C901B3C40B
:10B72000B402BD88A204B364990023AE970A894489
:10B73000B344970203A9C70B33796900BD88B204EB
:10B74000B364990023AE970AB304970303A9C70B08
:10B75000F94C33791901B3C4B402BD88C204B3648F
:10B76000990023AE970AB304770303A9C70BFD4BD7
:10B7700033790901B3C4B402BD88D204B36499001B
:10B7800023AE970AB304670303A9C70B130B100278
:10B790003379A900B3C4B402BD88E204B36499004C
:10B7A00023AE970AB304570303A9C70B930A2002D9
:10B7B0003379D901B3C4B402F204B364990023AE5F
:10B7C000970AB304470303A9070C130A300213793D
:10B7D00009FFB3C4B402BD88B364990023A0970CD9
:10B7E000B304370303A9070C930940021379F9F056
:10B7F000B3C4B402BD889204B36499006D4923A018
:10B80000970CB304270303A9070C3379C901B3C408
:10B81000B402BD88A204B364990023A0970CF1443C
:10B82000B304970203A9070C33796900B3C4B402C7
:10B83000BD88B204B364990023A0970CB304B70386
:10B8400003A9070C33791901B3C4B402BD88C2043B
:10B85000B364990023A0970CB304970303A9070CC2
:10B8600033790901B3C4B402BD88D204B36499002A
:10B8700023A0970CB304770303A9070C3379A9001D
:10B88000B3C4B402BD88E204B364990023A0970C4A
:10B8900093145700B3C4B4021399C40183A4070CD2
:10B8A0003306C702B3F4D401B3E4240123A0970CF8
:10B8B00003A9470C137909FFB3046703B3C4B402A7
:10B8C000BD88B364990023A2970CB304570303A95E
:10B8D000470C1379F9F0B3C4B402BD889204B36481
:10B8E000990023A2970CB304470303A9470C3379AB
:10B8F000C901B3C4B402BD88A204B364990023A2F1
:10B90000970CB304370303A9470C33796900B3C418
:10B91000B402BD88B204B36499001309500223A293
:10B92000970CB304270303A9470C33791901B3C457
:10B93000B402BD88C204B364990023A2970C930497
:10B940006002B304970203A9470C33790901B3C419
:10B95000B4023346B602BD88D204B364990023A270
:10B96000970C83A4470CE98C3D8A6206458E23A27E
:10B97000C70C03A6470C9314C7013376D601458E36
:10B9800023A2C70C130690023306C70283A4870CB8
:10B99000C1983346B6023D8A458E23A4C70C1306D0
:10B9A000A0023306C702B345B60203A6870C13767E
:10B9B000F6F0BD899205D18D23A4B70C9785FE1FA3
:10B9C00083C5057F1786FE1F0346067F3386C54065
:10B9D000B304A60303A9870C3379C901B3C4E402F5
:10B9E00093E48400BD88A204B364990023A4970C57
:10B9F000B304E60303A9870C33796900B3C4E402F6
:10BA000093E48400BD88B204B364990023A4970C26
:10BA100093143600B3C4E40203A9870C33791901E7
:10BA200093E48400BD88C204B364990023A4970CF6
:10BA3000B304F60303A9870C33790901B3C4E40204
:10BA400093E48400BD88D204B364990023A4970CC6
:10BA5000B304560203A9870C3379A900B3C4E402E6
:10BA600093E48400BD88E204B364990023A4970C96
:10BA7000B304760203A9870C3379D901B3C4E40275
:10BA800093E48400F204B364990023A4970C931404
:10BA90002600B3C4E40203A9C70C137909FF93E499
:10BAA0008400BD88B364990023A6970CB304860272
:10BAB00003A9C70C1379F9F0B3C4E40293E484003A
:10BAC000BD889204B364990023A6970C93141600C2
:10BAD000B3C4E40203A9C70C3379C9013347E602B2
:10BAE00093E48400BD88A204B364990023A6970C54
:10BAF00003A6C70C33766600136787003D8B3207B9
:10BB0000518F23A6E70C03A7C70C3377170123A691
:10BB1000E70C03C7D1940D8F3346D70293F5F50791
:10BB2000E2053D8A9314460103A6C70C330487023D
:10BB300033760601458E23A6C70C1316170083A47F
:10BB4000C70CE98C3346D6023D8A6206458E23A691
:10BB5000C70C03A6C70C3344D402B37ED601131618
:10BB60002700B3037702720433E48E0023A6870C08
:10BB70003346D602B3025702937EF60003A6070DA2
:10BB8000419A3366D60123A8C70C03A6070DB3C399
:10BB9000D3021376F6F0B3C2D20293F3F30092030A
:10BBA000B363760023A8770C03A6070D337EC60186
:10BBB000B30FF70393F2F200A202B3625E0023A870
:10BBC000570C03A6070D3373660013163700B3CF67
:10BBD000DF02330FE70393FFFF00B20FB36FF301F0
:10BBE00023A8F70D03A3070DB37813013346D6023C
:10BBF000330DA7033D8A420633E6C80023A8C70CCD
:10BC000003A6070D33780601334FDF02B346DD028A
:10BC1000137FFF00520F336FE80123A8E70D03A73E
:10BC2000070D798DBD8AE206C98E23A8D70CD843AB
:10BC300085663D9BD8C3D843799BD8C39857558F09
:10BC400098D7D857B7060081FD1613670701D8D7D4
:10BC50001377FC0303AC8703137C0CFC336CEC0000
:10BC600023AC8703985F758FD98D8CDF6254F250B7
:10BC7000D2544259B259225A925A025BF24B624C48
:10BC8000D24C424DB24D216182809787FE1F23A383
:10BC900007526FF04FC19787FE1F93872752984333
:10BCA0005C4393E707105CC38280411106C6EF0036
:10BCB000E07993056040EF208072B2400145410178
:10BCC00082806F00607E19C591C509C68357060042
:10BCD00001459DE301110565C9471306F1001305F0
:10BCE00055C3854506CEA307F100EF20006FF24053
:10BCF0000345F10005618280828001119787FE1F54
:10BD00002380A75A05651306F100130595C48545E0
:10BD100006CEA3070100EF20406CF2400345F1007E
:10BD20000561828001111305910006CEEF00407A73
:10BD30002304A1000565300025059D45EF20E0693D
:10BD4000F240034581000561828001119305F100F5
:10BD500006CE22CC2A84EF00E0792306A1000565F7
:10BD6000A3068100700021801305554091452307EB
:10BD70008100EF208066F24062440345C100056106
:10BD8000828001111305D10006CEEF00C078230692
:10BD9000A1000965700009059145EF200064F2409B
:10BDA0000345C10005618280011106CEEF000079D4
:10BDB000A307A10009651306F10015058545EF20CD
:10BDC000C061F2400345F10005618280011106CE99
:10BDD000EF00D001A307A10009651306F1002905B2
:10BDE0008545EF20805FF2400345F10005618280C8
:10BDF000011106CEEF00100FA307A100096513067D
:10BE0000F10039058545EF20405DF24001450561AF
:10BE10008280011106CEEF009051A307A1000965B1
:10BE20001306F10041058545EF20205BF2400345F4
:10BE3000F10005618280011106CEEF00702FA3078B
:10BE4000A10009651306F10045058545EF20E0587E
:10BE5000F2400345F10005618280411106C622C40B
:10BE6000EF00D0358965CD052A84EF204057228523
:10BE7000B24022444101828001111305510006CED7
:10BE8000EF0030502302A100096550006105A5456F
:10BE9000EF20A054F240014505618280411106C6A1
:10BEA000EF0090518965E505EF206053B2400145F0
:10BEB00041018280011106CE22CC2A84EF00F06479
:10BEC0002306A1000965A306810070002180690591
:10BED0008D4523078100EF204050F2406244014528
:10BEE00005618280011106CE22CC2A84EF00B07455
:10BEF0002306A1000965A3068100700021806D055D
:10BF00008D4523078100EF20404DF24062440145FA
:10BF100005618280011106CE22CC2A84EF00007FC9
:10BF20002306A1000965A306810070002180130586
:10BF300005028D4523078100EF20204AF24062442C
:10BF4000014505618280011106CE22CC2A84EF00D2
:10BF5000D0102306A1000965A3068100700021808E
:10BF6000130515028D4523078100EF200047F2409D
:10BF70006244014505618280011106CE22CC2A84EB
:10BF8000EF00B0112306A1000965A306810070002F
:10BF90002180130525028D4523078100EF20E04312
:10BFA000F2406244014505618280011106CEEF0036
:10BFB000906DA307A10009651306F1001305750232
:10BFC0008545EF208041F2400345F1000561828004
:10BFD000011106CEEF007076A307A10009651306D4
:10BFE000F100130595028545EF20203FF2400345FF
:10BFF000F10005618280011106CEEF00D078A30721
:10C00000A10009651306F1001305D5028545EF204F
:10C01000C03CF2400345F10005618280011106CE6B
:10C02000EF00707CA307A10009651306F10013055A
:10C03000E5028545EF20603AF2400345F1000561D5
:10C040008280011106CEEF00F07EA307A1000965F2
:10C050001306F100130515038545EF200038F24063
:10C060000345F1000561828039711303D1021ACEB4
:10C070000343810506DE1ACC034341051ACA034374
:10C0800001051AC80343C1041AC6034381041AC434
:10C09000030341041AC2034301041AC0EF00107ED7
:10C0A0002306A10209657010130565038945EF2079
:10C0B000C032F2500345C10221618280011106CED7
:10C0C000EF10A028A307A10009651306F1001305CE
:10C0D00075038545EF206030F2400345F1000561AE
:10C0E0008280011106CEEF10003FA307A100096571
:10C0F0001306F100130585038545EF20002EF2405D
:10C100000345F10005618280011106CEEF108058D1
:10C11000A307A10009651306F100130595038545E2
:10C12000EF20A02BF2400345F10005618280011150
:10C1300006CEEF10A070A307A10009651306F10059
:10C140001305E5038545EF204029F2400345F10042
:10C1500005618280011106CEEF10A079A307A1002E
:10C1600009651306F1001305F5038545EF20E02668
:10C17000F2400345F10005618280011106CEEF1007
:10C18000300DA307A10009651306F100130505048E
:10C190008545EF208024F2400345F100056182804F
:10C1A000011106CEEF10B01BA307A100096513060D
:10C1B000F100130515048545EF202022F2400345C8
:10C1C000F10005618280011106CEEF10902EA307C9
:10C1D000A10009651306F100130525048545EF202C
:10C1E000C01FF2400345F10005618280797106436A
:10C1F00006D622D41AC872531AC662531AC45253AE
:10C200001AC242531AC0EF109035896593853504E0
:10C210002A84EF20C01C2285B250225445618280BE
:10C220009787FE1F2398A70601458280011106CE3D
:10C23000EF10307FA307A10009651306F100130575
:10C2400015058545EF206019F2400345F1000561B1
:10C250008280011106CEEF200006A307A100096528
:10C260001306F100130525058545EF200017F24060
:10C270000345F100056182809787FE1F83D727FE63
:10C2800099E79307F01F1787FE1F231AF7FC97877C
:10C29000FE1F83D7C7FCA146014513F70710860789
:10C2A000C2073357D740C183598D13D6574013D790
:10C2B0009740318F058BFD161375F50FD98FF1FE61
:10C2C0001787FE1F231DF7F882809787FE1F83D7ED
:10C2D00027F981EBE17793C7F7FF1787FE1F23113B
:10C2E000F7F89787FE1F83D7A7F7B946014511686E
:10C2F000194633F707018607C2073357D740C18372
:10C30000598D13D7E74093D5F700058B2D8FFD1678
:10C310001375F50FD98FE39EC6FC1787FE1F2311F7
:10C32000F7F48280011126CA4AC84EC656C29787C2
:10C33000FE1F9387E7E006CE22CC52C45AC0AE89D6
:10C340003289B68A845335C9AD472A8463EEA70281
:10C350001304F5FF1374F40F631D0906268A338B4B
:10C36000990063124B071379F9009386FAFF22852F
:10C3700023802401A380340193F6F60F4E86854571
:10C38000EFD03FC8014505A0B147630BF502930705
:10C39000600263E5A7001304E5FF6DBF9307700219
:10C3A0004945E30BF4FAF2406244D2444249B249AF
:10C3B000224A924A024B056182801304500269BFEF
:10C3C0001304600251BFEFF03FEB2301AA00050AFE
:10C3D00049BF8547631CF9004E869305000F1385FE
:10C3E00024009740FE1FE7802052B5BF894763169F
:10C3F000F9004E869305A00ADDB78D47631DF9004D
:10C40000268A338B9900E3004BF7EFF01FEC2301F2
:10C41000AA00050ACDBF91476316F9004E86930521
:10C42000F00F75BF95476315F9004E86814545BFEE
:10C4300099476315F9004E86BD4555B79D47494557
:10C44000E313F9F64E869305500551BF011106CE50
:10C450009317450163D40702EF908009894719C9F2
:10C46000834605001147B1476396E60095472300D0
:10C47000F500C947F2403E85056182802EC6EFA0D7
:10C480009062C94765D90347A500418B65D7B2457E
:10C490008347B500230AB50491E7E9472308F5006F
:10C4A0008147C9BFED47DDBF011106CE22CC2EC6A4
:10C4B000EFA0705F01CDB2452A84EF90104DA30527
:10C4C000A4020145F2406244056182804945DDBF16
:10C4D0001787FE1F130707D8814799468345870EA4
:10C4E0003306F50085072300B6000507E398D7FE5D
:10C4F00001458280011106CE2EC6EFA0D05A11C987
:10C5000083074503B24501452380F500F2400561EC
:10C5100082800945E5BF9787FE1F938767A403D7ED
:10C5200007012300E50003D707012183A300E500ED
:10C5300083C7F7002301F5000145828019E14945D1
:10C5400082809787FE1F9387E7D0F84B411122C462
:10C5500006C62A8409C70347C700314525E3F85FAB
:10C5600009C70347B700314531EB83A7070989C7DE
:10C5700083C777003145B9E385471946A2851785FA
:10C58000FE1F130505DC1787FE1F2306F7CC974017
:10C59000FE1FE7804030834754001307000C93F7D9
:10C5A000070C6391E7021946A2851785FE1F130544
:10C5B000A5D99740FE1FE780002E0145B2402244D6
:10C5C0004101828081EB1946A2851785FE1F130564
:10C5D00005D8C5B7130700044945E391E7FE19469E
:10C5E000A2851785FE1F1305E5D6E1B7411126C2C6
:10C5F0009784FE1F938404C622C4E04806C611C473
:10C600007C4813974700634B070CFC5099E749455A
:10C61000B240224492444101828009ED1305000F8B
:10C62000EF8020276DD58347C500F5D3EF80A04765
:10C630000145F9BF0547E31CE5FC15EC0145829770
:10C640002A8459CD8567938707802310F5029307C5
:10C6500000702317F5008D47230CF500A30A05028F
:10C6600019469785FE1F938565CD13056503974091
:10C67000FE1FE78040220347C4008547E309F7F81F
:10C680008347E400B98B95C30347E40085476317EC
:10C69000F70289472310F402224403A38406B24020
:10C6A00092441305000F41010283EF90C039978730
:10C6B000FE1F83C7A78EE319F5FC91BF83570402C1
:10C6C00011676375F7002310E402F9B793060002BF
:10C6D0003E87E3FAD7FE13070002F5B731450DBFD9
:10C6E0001D453DB79787FE1F9387C7B683A70709E8
:10C6F000314581CF83C7770089CB411106C6EFC092
:10C70000A07CB2400145410182808280011126CA8D
:10C710004AC84EC652C456C25AC02E89368BBA89F0
:10C72000BE8A06CE22CCB284428AEFA0D03713074D
:10C73000A9FF4207856741839386A7C763EDE6108B
:10C74000938707C82A84494563E7970A63E5240B62
:10C750001307301F6361670B63EF370993071B00F3
:10C76000B38797021397390063D7E70849C4834713
:10C77000140113F747003DC7ED9BA308F40083475E
:10C78000B400231A2407231B9406D5EF035784060D
:10C79000C167FD17630BF706631999068357A40356
:10C7A000231BE404231CF4049787FE1F83D787B55B
:10C7B0008D46114763E5F600850713F7F70FA30AC7
:10C7C000E4042285EF90402A83570404A907231F1D
:10C7D000F4048327440A93E717002322F40AC54789
:10C7E000A30EF400231C5407231D4407231D6405D6
:10C7F000231E34050145F2406244D2444249B24905
:10C80000224A924A024B056182808357440691CFA7
:10C81000B3D4F4024A87B3879702C207C183637314
:10C82000F9003E87231CE40441B7B30599008581D4
:10C830004A85EF80AEB1231CA404930584052685A8
:10C84000EF50701495B78327840A93E707022324D7
:10C85000F40AC14771B7494579BF01112EC606CE0A
:10C86000EFA07024B24509E54945F2400561828098
:10C8700083471501A305B50213F7470075D7ED9B54
:10C88000A308F500BD472306F5028327850A93E731
:10C8900027002324F50A0145C9BF011106CE2EC683
:10C8A00032C4EFA0502003278510137707023DCF35
:10C8B000B2459306000EAA87138755FE42074183AF
:10C8C000494563E2E606224611671307871493067B
:10C8D00086EBC206C1826368D70403D7871C014573
:10C8E0006303B7041787FE1F1307C7968356A70273
:10C8F000A38EB706239FC70693F5F50F63F3D50004
:10C90000AE860357C702239CD71A6373E6003287AB
:10C91000239DE71A03A7470A856693860680558FED
:10C9200023A2E70A0145F240056182804545E5BF43
:10C930001787FE1F130707927C4B81CB83C6C70066
:10C9400089C683C6D700C947A1E27C5F89CB83C66D
:10C95000B70091C683C60701C947858A95E6832734
:10C96000070981CB03C7770009C703C7D700C947A9
:10C9700001EF1787FE1F0347A7999787FE1F83C7FD
:10C980003799636AF7009D473E8582809D47F24054
:10C990003E85056182800111A304A100194613059B
:10C9A000A10006CE9740FE1FE780E0EE2800EFC012
:10C9B0009F9E8547E31CF5FC8147D1BF797126D244
:10C9C0004AD04ECE06D622D42E89B28936C63AC473
:10C9D0003EC242C0EFA0300DC94455C99305A9FF1E
:10C9E000C20505662A84C1811305A6C7C9446360D0
:10C9F000B50A130606C8636C360963EA2909B2460C
:10CA00009305301F63E5D50822476362E608138665
:10CA100016003306260393153700635AB6060346FD
:10CA20001401B144058A25E60326440A137616202C
:10CA300039EE92470248231EE4040347B400231C46
:10CA4000F406231A2407231B3407231D0407231D80
:10CA5000D4048347D401814459EF95EB8327041014
:10CA6000898B95CF31469305F00F130584069740C7
:10CA7000FE1FE78060E98327440A2314040693E736
:10CA800007202322F40AC947A30EF4008144B250C0
:10CA90002254268502599254F249456182806309E5
:10CAA0003905B385290185814A85EF802E8A231CAB
:10CAB000A404930584054E85EF50E06C9787FE1F14
:10CAC00083D747848D46114763E5F600850713F742
:10CAD000F70FA30AE4042285EF801079835704043A
:10CAE000A907231FF4048327440A93E7170051BFC3
:10CAF000231C2405E1B7C1FF83278410898B95C7C8
:10CB000031469305F00F130584069740FE1FE7801A
:10CB1000A0DF8327440A2314040693E70720232277
:10CB2000F40ACD47A30EF4009DB7E9448DB797777B
:10CB3000FE1F93872772F84B01CB8346C70089C637
:10CB40000347D70049450DEFF85F09CB8346B7008F
:10CB500091C6034707014945058B1DE383A70709D4
:10CB600081CB03C7770009C783C7D700494589EB45
:10CB7000411106C6EFC0FF8DB240014541018280E0
:10CB80008280411122C426C24AC006C62A890144B5
:10CB9000A1449305F00F0545EF701EF9B307890016
:10CBA0002380A7000504E31694FEB2402244924479
:10CBB0000249014541018280011122CC4AC806CEBA
:10CBC00026CA2EC632893684EFA0E06D630D0512A9
:10CBD0008347B500AA84B2450945DDEB214613859C
:10CBE000F4189740FE1FE78000CBA38B241913593C
:10CBF0008900238C24198347E4000346D40083452D
:10CC0000F4008346C400A207420603C5C404B297D9
:10CC1000AE97E20603A7440AB69749C123A6F40AD1
:10CC20008347A4008346940013670702A207C20645
:10CC3000B6978346B400B69783468400E206B6975B
:10CC400023A8F40A8347640083465400A207C2065F
:10CC5000B69783467400B69783464400E206B697BB
:10CC600023AAF40A8347240083461400A207C206BD
:10CC7000B69783463400B69783460400E206B6971B
:10CC800023ACF40A8547A386F40423A2E40A0145F1
:10CC9000F2406244D24442490561828023A6F40CEA
:10CCA0008347A4008346940013678700A207C20647
:10CCB000B6978346B400B69783468400E206B697DB
:10CCC00023A8F40C8347640083465400A207C206DD
:10CCD000B69783467400B69783464400E206B6973B
:10CCE00023AAF40C8347240083461400A207C2063B
:10CCF000B69783463400B69783460400E206B6979B
:10CD000023ACF40C59B7094561B7011106CE2EC604
:10CD1000EFA06059630F05108346B5000547AA8749
:10CD2000B24505456391E60A83C607011307400231
:10CD30000145639AE60803C7E50083C6D5002207CC
:10CD4000C206369783C6F500369783C6C500E2064D
:10CD5000369783C6D704BDCA23A6E70A03C7A50032
:10CD600083C695002207C206369783C6B50036975C
:10CD700083C68500E206369723A8E70A03C7650045
:10CD800083C655002207C206369783C675003697BC
:10CD900083C64500E206369723AAE70A03C72500A3
:10CDA00083C615002207C206369783C6350036971C
:10CDB00083C60500E206369723ACE70A1307A002F4
:10CDC0002388E7000145F2400561828023A6E70C35
:10CDD00003C7A50083C695002207C206369783C6FF
:10CDE000B500369783C68500E206369723A8E70C80
:10CDF00003C7650083C655002207C206369783C65F
:10CE00007500369783C64500E206369723AAE70CDD
:10CE100003C7250083C615002207C206369783C6BE
:10CE20003500369783C60500E206369723ACE70C3B
:10CE300071B7054549BF411106C6EFA0C04631C1D3
:10CE40008346B5000547AA8709456399E60283C66C
:10CE50000701130740026393E6020D472386E702AA
:10CE60001947A385E702130750022388E70003C789
:10CE7000A7020145136717002385E702B24041016D
:10CE800082800945E5BFAA871778FE1F0348983CB2
:10CE90001775FE1F1305053C2A87630808026849B9
:10CEA00011C50348C500314563180808685F11C5FE
:10CEB0000348B5003145631108080325070911C56A
:10CEC000034875003145631908069778FE1F83C82B
:10CED000A8441778FE1F034838441D4563FE080523
:10CEE0000327870D49451377070439C75D71A6C22B
:10CEF0002800B284194686C6A2C4A303F100368472
:10CF00009740FE1FE7802099A6851305E102414660
:10CF10009740FE1FE7802098A2851305E101414656
:10CF20009740FE1FE78020974800EFC0102BB640C7
:10CF3000264496446161828082809776FE1F83C674
:10CF400076318DCA1777FE1F1307C730BA87784B23
:10CF500009C70347C700494515E7F85F09C70347F5
:10CF6000B700494505E383A7070989C783C7770049
:10CF7000494589EB411106C6EFC0F03BB24001457F
:10CF80004101828082809777FE1F9387A72C977636
:10CF9000FE1F83C6362C3E8785C6FC4B89C783C6D9
:10CFA000C700C94785EE7C5F89C783C6B700C947FC
:10CFB00095E68327070989C783C67700C94799EE95
:10CFC0009777FE1FA388A7288327070E11C993E729
:10CFD00007601777FE1F232FF73481473E85828035
:10CFE00093F7F79FFDB7130700643305E50241117E
:10CFF0009777FE1F9387072622C403A4870C26C2B7
:10D000004AC006C6BE841309F00F1777FE1F232DF2
:10D01000A72601E8B2402244924402490145410159
:10D0200082800345040063052501CC58EF70AE876C
:10D03000405CC5B79777FE1FA38AA7249377150096
:10D040001777FE1F1307072181EF8347C703ED8F73
:10D050006384B700494582809776FE1F2389F622B4
:10D0600093772500014591EB8347D703F18FE39335
:10D07000C7FE9777FE1FA38CC72082805D714EDEAE
:10D080009779FE1F9389091D03A34905CAC062D47D
:10D0900086C6A2C4A6C252DC56DA5AD85ED666D27A
:10D0A0006AD06ECE030C4105834E8105034901060B
:10D0B00063090300032E4305314313145E00634DDF
:10D0C00004000D4E49436369FE0093FC050163852E
:10D0D0000C02054E6387CE07B640264496440649A7
:10D0E000F259625AD25A425BB25B225C925C025D98
:10D0F000F24D1A856161828013FF35004943E30DCB
:10D10000CFFD13FF8500E3190FFC6393CE0303CE1D
:10D11000C9033143137E4E00E3000EFC6303D903C1
:10D1200009436310690203CEC903137E2E0039A0A0
:10D13000E318C9FF03CEC903137E4E003143E30D4C
:10D140000EF8468BC28B3EC6BA8A368DB28DAE843F
:10D150002A8AEF7000742A8411E983A749060545DD
:10D1600082972A841D432DD9230445019307000289
:10D170006311FD028D47631CF9040356C401930734
:10D18000900F13035004E3E9C7F40356E401E3E509
:10D19000C7F493F5F40F2300B40663880C12BD881E
:10D1A0009547639EF402930710F82307F400454364
:10D1B000E364BDF3FD474543E3F0B7F39167E3ED67
:10D1C000A7F1EA9D93DD1D002310B40315A0854748
:10D1D000E311F9FC0356C4019307D02E5DB7B547A0
:10D1E000639BF40C85472307F40089472310F4025E
:10D1F000A3075401639E0A108547230CF40093F59E
:10D20000050281E5B247A30AF402194681455A8511
:10D210009730FE1FE780407A631D05108547230E77
:10D22000F402A30E74031946DA851305E40397305C
:10D23000FE1FE780406683470105A306F4009307BD
:10D24000F007631BFC0E9777FE1F938767D183C798
:10D25000470136572300F70003055401EFC04FEA9A
:10D260002304A406EFC02FE2B657A30AA40023802C
:10D27000A7008347C10523020406A302F4068347DF
:10D280000406C18B91EB7D191379F90F8947494346
:10D29000E3E427E5A3012407834741063707000895
:10D2A0000143A300F40683478106A303F4067C48E8
:10D2B000D98F7CC815B589476394F4009947F5B5B3
:10D2C000E38504EE23070400DDB59D472307F40042
:10D2D00013F6150093F7450011CA114691C3054690
:10D2E000A30FC4048547230FF404D1B513F625001A
:10D2F00001CA094691C31546A30FC4048947E5B77F
:10D300000D4691C31946A30FC404230F040445B569
:10D31000230C040081470D46B3D6FA40858A91C696
:10D32000834684018506230CD4008507E396C7FE57
:10D33000F9B5230E040201B7994763C58701A30A13
:10D34000840119BFA30AF40001BF9777FE1F9387DA
:10D3500067F0F04B01114EC606CE22CC26CA4AC851
:10D3600052C4BE8911C67C4A13965700634E06000C
:10D370003A8AB6842E89EF70C0512A8419ED83A7AA
:10D3800049051305200491C33145F2406244D2445B
:10D390004249B249224A056182800347E500854738
:10D3A00001453D8BE303F7FE03470406418B55C758
:10D3B0008D476304F9004945C9BFFD47E3ED97FE7A
:10D3C000231E04008D476314F90EF1C88357C4016E
:10D3D0001777FE1F0357A7EF1D45B3869700E34657
:10D3E000D7FA0347C40015C7835604021307000287
:10D3F0006391E602034734068D466318D70C130782
:10D40000900F13055004E362F7F88357E401E36ECD
:10D41000F7F68D471D45E31AF9F637E900E0832951
:10D420000900B70720002320F918B3F9F9000F10FD
:10D4300000009305800C0545EF700EEF8357C4067E
:10D440001205232444038507BD8BC98F2316F406D8
:10D45000231E94002320391189A81377D90FE301E3
:10D46000F7F611476315E904784893167700E3C48B
:10D4700006F40347C400E310F7F48357C40185DFC3
:10D480009DF89305800C0545EF700EEA8357C4069E
:10D4900012058507BD8BC98F2316F40639A07C4879
:10D4A000370700FF7D17F98F7CC80145F9BD930749
:10D4B000D9FF93F7F70F0547E37AF7F0E38D04EE12
:10D4C0008347C400E394E7F0C1B58546E313D7F47E
:10D4D0001307D02E3DB79777FE1F9387A7D7F04B42
:10D4E00001114EC606CE22CC26CA4AC852C4BE89F5
:10D4F00011C67C4A13965700634E06003A8AB684DA
:10D500002E89EF7000392A8419ED83A74905130588
:10D51000200491C33145F2406244D2444249B249A9
:10D52000224A056182800347E500854701453D8B1E
:10D53000E303F7FE03470406418B69CF8D4763047D
:10D54000F9004945C9BFFD47E3ED97FE231F0400DD
:10D550008D47631BF910638104108357E40117772B
:10D56000FE1F0357C7D61D45B3869700E345D7FA7C
:10D570000347C40015C783560402130700026391D2
:10D58000E602034734068D46631ED70E8356C40158
:10D590001307900F13055004E36FD7F6E36DF7F60A
:10D5A0008D471D45E319F9F65C548DC78347640622
:10D5B000898B8DC3085819CD8347A50081CFEFC053
:10D5C000E03B0C58194613056403B1059730FE1F64
:10D5D000E780602C37E900E083290900B7072000C5
:10D5E0002320F918B3F9F9000F1000009305800CFF
:10D5F0000545EF706ED38357C406120523264403F6
:10D600008507BD8BC98F2316F406231F94002320A2
:10D61000391189A81377D90FE30AF7F21147631577
:10D62000E904784893166700E3CD06F00347C40089
:10D63000E319F7F08357E40189D781F49305800C4F
:10D640000545EF706ECE8357C40612058507BD8B66
:10D65000C98F2316F40639A07C48370700FE7D17D2
:10D66000F98F7CC8014545BD9307D9FF93F7F70FA4
:10D670000547E374F7EEE38604EC8347C400E39EBA
:10D68000E7EC49BD8546E31DD7F08356C401130777
:10D69000D02E09B75D71A6C29774FE1F938484BB18
:10D6A00003A8440586C6A2C4CAC04EDE52DC56DAC0
:10D6B0005AD85ED662D466D26AD06ECE63080802AB
:10D6C0008327480513945700635204023145B6403E
:10D6D000264496440649F259625AD25A425BB25BDA
:10D6E000225C925C025DF24D616182803AC632C476
:10D6F00093771500B68989C7639105104945C1BF65
:10D7000091E9A04C19E00145D9B72285EF70A03905
:10D710000040CDBFE30908FE4285EF70C038E5B791
:10D720007849B70700037D8F55F30347F505630478
:10D7300087016315970103D7EA0149DB03C75A0341
:10D740006301270903C7EA006319270113171400AF
:10D750004E9703570700E3E3EDFAB8547D141374B2
:10D76000F40F45CB93161A00B69903D70900B247B8
:10D770009305800C2397EA063E9A03470A00054565
:10D7800023980A06A384EA06EF700EBA03D7CA06E6
:10D790001205264405073D8B498F2396EA0603A30D
:10D7A000840603C50B00B64096440649F259625AF6
:10D7B000D25A425BB25B225C925C025DF24D6161C7
:10D7C0000283138B8A05194681455A859730FE1FBF
:10D7D000E780801E631925011946EA855A8597302E
:10D7E000FE1FE780400B194681455A859730FE1F82
:10D7F000E780801CE31825F511B7FD1513F4F50F2C
:10D80000094C954C0549177DFE1F130D8DB3930DE3
:10D8100000089307F00FE303F4EEA247228AB38BCC
:10D82000870003C50B00EF70C006AA8AE31A05EE55
:10D83000FC4813052004E39B07E851BD9777FE1FC2
:10D84000938747A1FC4B95C3FC4B13975700635E2E
:10D850000700B1473E858280B147F2406244D2441E
:10D860004249B2493E8505618280011122CC26CA17
:10D870004AC84EC606CE3689B289AE84EF706001C2
:10D880002A849307200471D9C947E3E899FC154716
:10D89000E37597FC03470506137737035DFF83475E
:10D8A000E505DDFB7C49918BC5FBEF3050417947A5
:10D8B0009D47E374A7FA8347340681EF0357440872
:10D8C0009307D02E63F7E700194793075004E376D8
:10D8D00037F97C4883460406CE9493E72700858475
:10D8E0003369D9007CC82313940823002407814797
:10D8F000ADB79777FE1F9387E795FC4B81CBFC4B29
:10D90000139757006354070031458280011122CCE0
:10D9100026CA4AC84EC606CE52C4B6893289AE84DB
:10D92000EF6030772A8413052004630404107C48D8
:10D93000898B8DC38347340691EF035744089307BF
:10D94000D02E63F9E7000357640899471305500484
:10D9500063F1E70E93F7D40F05476394E70EB7E73B
:10D9600000E003AA07003707200023A0E718337A56
:10D97000EA000F1000000325840A19C59740FE1F16
:10D98000E78080BB2324040A23120408B7E700E0E1
:10D9900023A04711630C09067C48918BD9E38D477E
:10D9A0006398F408930550104A859740FE1FE7805E
:10D9B00080A92324A40A2DCDB7E700E084433707CC
:10D9C000200023A0E718F98C0F1000007C4893F783
:10D9D000074091CF9305800C0545EF70EE94835777
:10D9E000A40812058507BD8BC98F2315F4080325EC
:10D9F000840A4A86CE859730FE1FE780C0E9B7E7E4
:10DA000000E02312240923A0971011A88D4749454F
:10DA10006391F4027C4823120408F99B7CC80145F9
:10DA200009A89387D4FF93F7F70F0547E379F7F633
:10DA30003145F2406244D2444249B249224A05612A
:10DA40008280E31B09F491474945E387F4F4D5B795
:10DA50009777FE1F93870780F84B411126C24AC073
:10DA600006C622C4AA843E8909CF7C4B139757006F
:10DA7000635907003145B2402244924402494101B2
:10DA800082802E85EF60F0602A841305200465D41F
:10DA900013F714007C484DCB13F7170061FF0347C1
:10DAA00004061377370379F78988B5CC0327C90DA6
:10DAB000454593E70740418B5DDFC1657CC8FD1597
:10DAC0000145EF70AE882314A408EFC00FE7B70537
:10DAD00000012326A408FD150145EF706E8993040B
:10DAE000040A15462328A4089775FE1F9385E5862A
:10DAF00026859730FE1FE78000DAA685130500FB18
:10DB0000EFC0CFB02685EF90106F7C480347C4006C
:10DB1000A300A408DD9B93E747007CC88547630703
:10DB2000F700014589BF93F7F7BF41BF9305800C0C
:10DB30000545EF607EFF8357C40612058507BD8B40
:10DB4000C98F2316F406F1BF0345D407CD9B7CC8CB
:10DB50009307F00FE307F5FCEF60DE9CD9B79768F9
:10DB6000FE1F9388286F03A8C807011106CE22CC98
:10DB700026CA4AC84EC652C456C246836309080024
:10DB8000032EC801B14813141E01634D0402032E75
:10DB90000308B14863080E021373A6FFC548631358
:10DBA000030213735600B148630E0300BE843A8922
:10DBB000B6893284AE8A2A8A63100802029E2A88B5
:10DBC0008D4819EDF2406244D2444249B249224A9A
:10DBD000924A4685056182808347B800B148FDF3CB
:10DBE0008D47C948E3E047FFA306480523085801CD
:10DBF0002300080213771400814731C383C709004B
:10DC0000A307F80083570900231BF80003D704007B
:10DC100063F3E7003E8793160701C18263E5D708E7
:10DC2000231CE8008357880113075005B387E702D8
:10DC3000A187231DF80085472300F8028547137646
:10DC4000440031CABE9903C7090086073E99A3075D
:10DC5000E800A307E80203570900A6972319E80282
:10DC600083D707006373F700BA8793960701C182D1
:10DC7000636ED702231AF80283574803130750052F
:10DC8000B387E702A187231BF8028347080293E7C3
:10DC900027002300F8028327C80121678148D98F14
:10DCA000232EF80005B7231CF800ADBF231AE802A5
:10DCB000E1B71767FE1F1307E7597C5F411106C6DE
:10DCC00022C426C24AC099C703A8C7011314180169
:10DCD000634004080327070825CF3684B2842E89C1
:10DCE00009ED81EB4945B240224492440249410189
:10DCF0008280EFB0CFD20145FDB78546E314D5FE53
:10DD0000B9E30297AA8731C91147A3060504231B6B
:10DD1000E500231CE50083C6B7000547E384E6FC65
:10DD200095C8239C9702239D870201C41E04E3DB50
:10DD300084FA238927012244B2409244024903A372
:10DD4000870641010283D84F93161701E3D506FCDD
:10DD5000314551BF23AC0702E9BF0D4569B75D717D
:10DD600066D26AD06ECEA304C100AA8D2E8DB28C6D
:10DD7000B68519461305A100A2C4CAC04EDE52DC06
:10DD800056DA5AD85ED662D43A84BE8B86C6A6C20C
:10DD9000368C428BC68A464AD64966499730FE1F62
:10DDA000E78060AF1767FE1F1307C74A7C5F95C700
:10DDB000DC4F9396170163D206023145B6402644E4
:10DDC00096440649F259625AD25A425BB25B225CCF
:10DDD000925C025DF24D6161828083274709F1DF29
:10DDE000EF7090449767FE1F83C7571BE307F5FC4E
:10DDF000937784FF4545F9F3937754001767FE1F27
:10DE00001307474599E3494555BF7C5F89CBD44FFC
:10DE100013961601E34306FA83C7B700D9FF83249C
:10DE20000709639F043A832747098297AA8451D53B
:10DE30000D47E36AA7FDA386B401A382A407194690
:10DE4000814562859730FE1FE78000B76310053A71
:10DE500005472386E406A38694071946E2851385C1
:10DE6000E4069730FE1FE78000A3238C0402137C96
:10DE70001400014D630E0C1083D60B00114763F3A1
:10DE8000E6009146239AD40203570B00139606012D
:10DE900041826373E600368793160701C1821146FB
:10DEA00063F3C600114793160701239BE402C18266
:10DEB000130750053387E6029385040521872399CC
:10DEC000E4020547238CE40203D70A002397E40009
:10DED00003550A002A9705872398E404239AA4008F
:10DEE000EF40602A83D604050567130707C86373EC
:10DEF000D700BA8613970601418319466373C7009A
:10DF000099462398D4041395060183D60900130774
:10DF1000301F41816374D7009306301F939506012B
:10DF2000C181138715003307A702239DD4008356B0
:10DF3000090009876353D7003687F64742074183B4
:10DF40002390E40283D60700865705662393D40204
:10DF500083D60700130606C82396D402BA866373D5
:10DF6000E600B28613960601418229476373E600F4
:10DF7000A9461397060141830A073347A702239056
:10DF8000D4027D1763D3E5002E87239DE400054D61
:10DF9000937C240063870C0E931D1D003387BA0108
:10DFA00003570700B306BA01938524052398E400BC
:10DFB00003D506002A9705872399E404239BA40030
:10DFC000EF40601C83D624050567130707C86373F9
:10DFD000D700BA8613970601418319466373C700B9
:10DFE00099463387B9012399D404139506018356C2
:10DFF00007001307301F41816374D7009306301F59
:10E0000093950601C181138715003307A702239E4C
:10E01000D400B306B90183D6060009876353D7003D
:10E020003687F64742074183B386B7012391E4025E
:10E0300083D60600865705662394D402BE9D83D6F8
:10E040000D00130606C82397D402BA866373E60050
:10E05000B28613970601418329466373C700A94618
:10E060001397060141830A073347A7022391D4027D
:10E070007D1763D3E5002E87050D239EE400137DF5
:10E08000FD0F11886307041613141D00A29B83D68D
:10E090000B00114763F3E60091462393D404229BBF
:10E0A00003570B001396060141826373E60036871F
:10E0B00093160701C182114663F3C60011479316F8
:10E0C00007012394E404C182130750053387E60255
:10E0D000A29A229A9385440521872395E40403C7D5
:10E0E000840313672700238CE40203D70A002399D3
:10E0F000E40003550A002A970587239AE404239C29
:10E10000A400EF40400883D644050567130707C8FD
:10E110006373D700BA861397060141831946637368
:10E12000C7009946239AD404A2991395060183D671
:10E1300009001307301F41816374D7009306301F15
:10E1400093950601C181138715003307A702239F0A
:10E15000D40022998356090009876353D700368774
:10E16000F64742074183A2972392E40283D6070031
:10E17000865705662395D4023E9483560400130601
:10E1800006C82398D402BA866373E600B286139653
:10E190000601418229476373E600A94613970601E9
:10E1A00041830A073347A7022392D4027D1763D322
:10E1B000E5002E87239FE40063900C0263080C04A3
:10E1C00003D704052399E40403D7A401239EE400A4
:10E1D00003D704022391E40283A784088297F9BE3F
:10E1E00083C674000547E395E6C4C1BE23860406D2
:10E1F000ADB903D70405239AE40403D7A401239FF0
:10E20000E40003D704022392E4027DB703D7440558
:10E210002399E40403D7E401239EE40003D74402D6
:10E2200055BF011106CE2EC632C436C23AC0EF60C9
:10E2300040663DCD83284505AA87314513F808205F
:10E2400063150806B2451768FE1F034838054545A3
:10E25000636DB80403C8C70A22463358C840137810
:10E260001800630408041765FE1F1305A5FE0328A4
:10E27000850D45451317C800635907020247176803
:10E28000FE1F0348A8016362E80292462387C70A7B
:10E29000A386B70AA387D70A11E2014793E80810BB
:10E2A0002388E70A23AA17050145F2400561828009
:10E2B00013052004DDBF011106CE2EC6EF60605DA0
:10E2C0001307200401CD7C49314793F6270099C6F6
:10E2D000B24589C993E707207CC90147F2403A85D6
:10E2E0000561828093F7F7DFC5BF01114AC84EC6AA
:10E2F00052C406CE22CC26CAAE89328A3689EF8035
:10E30000907A61C5631E0A0085472387F194014511
:10E31000F2406244D2444249B249224A05618280B5
:10E3200003C7E19485472A846315F7002387019486
:10E330008949B7E700E084433707200023A0E718A6
:10E34000F98C0F1000004165130545F5EF809077BB
:10E3500021CD8347A5002315F50083278411A9E368
:10E36000232CA410232EA410930710F8791923202E
:10E37000050023164501A304F500230435012322DB
:10E3800025018347940285450145B395F500C205F3
:10E39000C181EF50DEC7B7E700E023A0971085BF2B
:10E3A0008327C41188C37DBF9767FE1F938747BB30
:10E3B0009C5B91C795659385555505458297B7E751
:10E3C00000E023A097101D45A1B7094591B76F4004
:10E3D0005F846F409F886F405F8D6F40BF926F403A
:10E3E0009F986F405FA56F409F9C6F403FA08280C9
:10E3F0006F40BFA8034301001AC06F30DFE76F30E2
:10E400003FF46F307FFD6F402F836F404F896F4027
:10E410004F8F6F400F956F40EF9803530100035EDD
:10E420004100834E81001AC072C276C46F408F9D36
:10E430006F40CFAF6F402FBB03530100034E41002D
:10E44000834EC10093F8F80F1378F80F76C672C2A6
:10E450001AC06F40CFBE6F404FCE6F40CFD76F40D6
:10E46000EFE26F40AFE66F400FEA6F404FEF6F4053
:10E47000CFF58280828041119397050126C206C69E
:10E4800022C4C187AE8463DC071803C5F194EF5042
:10E490002EF82A8411CD83470500130710096380E5
:10E4A000E7021307000D6380E70A2285EF502EEA8A
:10E4B0002165258DB24022449244410182808347E8
:10E4C00015003947639AE70203574500856793872C
:10E4D0005740E31CF7FC938701959C43F9D794437D
:10E4E000E9D6184583472700034517008305370001
:10E4F000A2075D8D829655BF1307E003E397E7FA05
:10E50000034725009D47E312F7FA03554500EF0046
:10E510006FDD41DD0347C500A147E318F7F8938796
:10E5200001959C43D9D39C47C9D30356A400835576
:10E530006400035544007116F1154206C20541827C
:10E54000C18182979DB7834725001547638CE70AF1
:10E55000636CF7009DC3938701959C43B9D7DC4357
:10E56000A9D72285829791B719476385E70031477C
:10E57000E393E7FEEF103034F9BF83471500E1FF66
:10E580009767FE1F83C7B7C5B9E341469765FE1F6E
:10E590009385C5C91765FE1F130505C79720FE1F84
:10E5A000E780E03A29E11766FE1F1306E6C5C1457C
:10E5B0000945EF605EAF1766FE1F1306E6C5C1454D
:10E5C0000D45EF605EAE03C5C185EF603EA81946FC
:10E5D000930534001765FE1F130585C69720FE1F9F
:10E5E000E780602B8DBF41469765FE1F938505C070
:10E5F0001765FE1F130545C29720FE1FE7802035D3
:10E600005DD1F1B783471500B9F70356A50093050F
:10E61000450003453500A146EF10C0322DBF93974A
:10E6200015010145E3D807E8138681989145114506
:10E63000EF607EA703C5C185EF605EA1116595BD42
:10E64000011106CE9767FE1F2381A7AE91C52E85C7
:10E6500032C6EF10E026324619C223A8C19497674C
:10E66000FE1F83C7D7B795E7F2401766FE1F034624
:10E6700046B703C5F194938781981767FE1F130768
:10E68000A7B99766FE1F938626B8A14505616FA0BE
:10E690001EF7F240014505618280011106CE938785
:10E6A000F19483C70700A302A1002303B100A303D1
:10E6B000C10028001946B6852302F1009720FE1FED
:10E6C000E780601D4800EF90CEEFF2400561828048
:10E6D000011106CE9387F19483C70700A306A1001A
:10E6E00068002306F1002307B100A307C100EF90E3
:10E6F000CEDFF240056182809767FE1F2385A7B4B5
:10E700001767FE1F034757B29307F00F630CF7001C
:10E7100085471767FE1FA304F7ACB1471767FE1FB5
:10E720002304F7B08280411106C622C49767FE1FFA
:10E7300083C7D78699E761442285B24022444101CC
:10E74000828017050000130545D3EF60EE92A38782
:10E75000A1941307F00FE300E5FEA1471767FE1F22
:10E760002304F7ACEFF05FF99767FE1F83C737A765
:10E770000144F9F31766FE1F130606A9C1450945B2
:10E78000EF608EE31766FE1F130606A9C1450D450F
:10E79000EF608EE241469765FE1F9385E5A61765FB
:10E7A000FE1F1305A5A89720FE1FE780C00E414657
:10E7B0009765FE1F938545A61765FE1F130505A3E4
:10E7C0009720FE1FE780200D138681989145114503
:10E7D000EF608EDE03C5F194EF709E9BB1BF13070F
:10E7E000050383570500110593C7F7FF231EF5FEA8
:10E7F0008347E5FF93C7F7FF230FF5FEE313E5FE1D
:10E800008280411119469305F00F06C622C42A845E
:10E810009720FE1FE780400F1305640019469305FB
:10E82000F00F9720FE1FE780200EB2402316040051
:10E8300023280400230704002244410182809947D1
:10E840003305F50279717000D14506D61305052010
:10E85000EF608ED611E503458101B250456182809B
:10E860000145E5BF011122CC26CA4AC84EC606CED4
:10E87000814401441769FE1F1309C995D14983C713
:10E880008195636AF400F240624426854249D2448D
:10E89000B249056182803305340383270900194694
:10E8A0009305F00F3E959720FE1FE780E01001E5ED
:10E8B000850493F4F40F05041374F40FC9B74111E0
:10E8C00022C426C24AC006C601449764FE1F938430
:10E8D0006490514983C78195636AF4003E84228520
:10E8E000B24022449244024941018280330524030C
:10E8F0009C4019469305F00F3E959720FE1FE78038
:10E90000A00B71FD05041374F40FE9B793874197C9
:10E91000884305C1411106C6EF506EA323AA019694
:10E920009387819583C70700B240238BF1944101FF
:10E9300082809387819583C70700238BF19482801F
:10E940001971A2DC86DEA6DACAD8CED6D2D483C7A5
:10E9500061952A84639EA700854503C59195EF5074
:10E96000AEEF894503C59195EF500EEFEFF01FFA1A
:10E9700093140401C1801949338924030A86D145BF
:10E98000930909204E85EF602EC319C901442285E1
:10E99000F6506654D6544659B659265A09618280B3
:10E9A00019469305F00F0A859720FE1FE780C000E7
:10E9B00071FDD1473304F402176AFE1F130A8A81DE
:10E9C00003250A002295EFF0DFE34808714693051E
:10E9D000F00F9720FE1FE78020F3081813060003AE
:10E9E0009305F00F9720FE1FE78000F203260A0030
:10E9F000D1454E852296EF600EEB50082A84F145F2
:10EA000013051920EF602EEA5008498CF1451305D3
:10EA10002920EF604EE91374F40F5008498CC1456A
:10EA200013053920EF602EE81374F40F5008498C59
:10EA3000C14513054920EF600EE71374F40F500829
:10EA4000498C914513055920EF60EEE51374F40FDE
:10EA5000498C1D651018930500032695EF60AEE400
:10EA60001374F40F498C03C5C1851374F40FEF6060
:10EA7000EEDD31BF411122C406C60145014483C702
:10EA800081956373F40009C5B2402244410182803C
:10EA900022850504EFF0DFEA1374F40FCDB70111FE
:10EAA00022CC26CA4EC606CE4AC80144EF400FE724
:10EAB000D1499754FE1F9384E47183C7819563699C
:10EAC000F400F2406244D2444249B2490561828076
:10EAD00033093403884019469305F00F4A9597206F
:10EAE000FE1FE78060ED19E58C40CA9503C5F5006F
:10EAF000EF400FE305041374F40FC1B7397122DC42
:10EB000026DA4ED652D406DE4AD80144EF404FE40E
:10EB1000D1499754FE1F9384E46B194A83C78195AA
:10EB2000636AF400F2506254D2544259B259225AE4
:10EB30002161828033093403884019469305F00F20
:10EB40004A959720FE1FE78020E715E5330544032B
:10EB50000A86C14513053520EF600EA61008C14591
:10EB60000945EF606EA58C4014080A86CA9503C556
:10EB7000F500EF40AFDD05041374F40F45B7011144
:10EB800006CEEFF03FCE0547A9476373A70089473C
:10EB90001306F10085451545A307F100EFA01E926D
:10EBA000F24005618280011122CC26CA4EC652C4B1
:10EBB00006CE4AC80144D1499754FE1F938484610C
:10EBC000194A83C781956365F40283C7519599C338
:10EBD000EFF0FFEC83C7419599C3EFF03FF2624439
:10EBE000F240D2444249B249224A05616FF03FF9EE
:10EBF000330934039040D145330544034A96130545
:10EC00000520EF606E9B09C588404A95EFF07FBFF5
:10EC100005041374F40F75B70355250083C591954A
:10EC20006FC08E9B9947B385F502397122DC26DAD5
:10EC30004AD806DEA147AA8432891384252063843A
:10EC4000F600138415207146814548083AC697207E
:10EC5000FE1FE78060CB5008F1452285EF60CE951E
:10EC60000DE18347E102A5463247E51793F7F70F19
:10EC700063E9F600BA865008937519002685EF708F
:10EC80008EBFF2506254D254425921618280797110
:10EC900022D426D24AD0AE842A89328481451306F2
:10ECA00000020A8506D69720FE1FE780E0C59387FD
:10ECB000118683C7070023102101230EF10083571B
:10ECC00081015DC41387519603470700F99B4146B4
:10ECD0002302E10013877196034707009755FE1F33
:10ECE0009385452113056100A302E10003C76196E6
:10ECF00093761700D58FF59B93762700D58FED9BE4
:10ED000093764700D58F9316470093F6061093F736
:10ED1000F7EFD58F9316470093F6062093F7F7DFAA
:10ED2000D58F12071377074093F7F7BFD98F231CAE
:10ED3000F1009720FE1FE78000B683C7419613F7C6
:10ED4000170001CB99C40357810113672700231CC7
:10ED5000E10003476101A2850A85D98F230BF100E9
:10ED6000EF708EA3B25022549254025945618280B2
:10ED70001387C19503470700F99B41462302E10031
:10ED80001387E195034707009755FE1F9385851567
:10ED900013056100A302E10003C7D1959376170024
:10EDA000D58FF59B93762700D58FED9B9376470003
:10EDB000D58F9316470093F6061093F7F7EFD58F8C
:10EDC0009316470093F6062093F7F7DFD58F1207C7
:10EDD0001377074093F7F7BFD98F231CF1009720D3
:10EDE000FE1FE78040AB83C7B19591BF011122CCD4
:10EDF00026CA4AC84EC606CEAA8401441759FE1F29
:10EE00001309493DD14983C78195636BF4003E8462
:10EE10002285F2406244D2444249B249056182806F
:10EE200033053403832709001946A6853E959720AC
:10EE3000FE1FE780C0B169FD05041374F40FE1B74C
:10EE40001D71A2CC138441971C40CEC6D2C486CE7D
:10EE5000A6CACAC8D6C2DAC05EDEAA892E8A8DE3E7
:10EE600019E10545B9A2F5DDEFF05FF8238BA19418
:10EE700083C781956366F500EFF07FA4238BA1948F
:10EE800003C5619583C78195E37DF5FC1C40639DB7
:10EE9000071281447D590144D14B975AFE1F938A32
:10EEA0006A332DA86389E402338B740303A50A0037
:10EEB00019469305F00F5A959720FE1FE780C0AFC3
:10EEC00019E983A70A00DA979C4B6373F4003E8428
:10EED00063F327013E89850493F4F40F83C781957A
:10EEE00003C76195E3E0F4FC33092441635B090443
:10EEF00081440144514B1759FE1F1309A92D25A820
:10EF00006388E402B38A6403032509001946930564
:10EF1000F00F56959720FE1FE78000AA11E983277E
:10EF20000900D6979C4B63C507006373F4003E84C9
:10EF3000850493F4F40F83C7819503C76195E3E1DA
:10EF4000F4FC994703C561953305F50205044E8627
:10EF5000D14523A8890013050520EF60CE94130640
:10EF600000039305F00F0A859720FE1FE780C099E4
:10EF70009D6703C561950A86930500033E95EF6082
:10EF80008E9283C761955145B387A7021757FE1F1D
:10EF90001307472408435146CE853E959720FE1F10
:10EFA000E780608F23AA419703C5C185EF600E8A71
:10EFB0000145F6406644D6444649B649264A964A33
:10EFC000064BF25B256182809047814709CE9947C5
:10EFD0003305F502F14513051520EF60CE8C1C407A
:10EFE00023A4070085471840104B19CE994703C545
:10EFF00061953305F502F14513052520EF60AE8AD2
:10F000001C4023A8070085471840504B19CE99474C
:10F0100003C561953305F502C14513053520EF6041
:10F020008E881C4023AA07008547184050471DCAF8
:10F0300003C56195994433059502C14513054520E3
:10F04000EF606E8603C56195330595021C409145BE
:10F05000D047410613055520EF60EE841C4023A6DF
:10F06000070099B7B1F383C7519599C3EFF03FA358
:10F0700083C7419599C3EFF07FA8EFF05FB0D5B398
:10F08000797122D406D626D283C781950944637646
:10F09000F50285C599473305F502AE847000D14568
:10F0A00013050520EF505ED12A8401E919466C0052
:10F0B00026859710FE1FE780007E2285B2502254DD
:10F0C000925445618280011122CC06CE2A842EC63C
:10F0D00032C4EFF03EA105C90347C500A14722464F
:10F0E000B245631FF700938781979C4389CF03A3A1
:10F0F0004700630A030022856244F24005610283EF
:10F100009387C197DDB7F2406244056182807971CF
:10F1100022D419443304850226D27000AE84D1452E
:10F1200006D6130404202285EF501EC901C981446C
:10F13000B250225426859254456182801946930527
:10F14000F00F68009720FE1FE78000876DF10357DE
:10F1500081019377D70F89C49377F70F93E727003F
:10F16000C207C1838544E305F7FC7000D1452285C1
:10F17000231CF100EF503EF303C5C185EF501EED97
:10F1800045BF1D71A2CC2A8419453305A402A6CA25
:10F19000CAC8B2842E897000D14586CE13050520D9
:10F1A000EF509EC101C90145F6406644D644464928
:10F1B0002561828019469305F00F68009710FE1FA5
:10F1C000E780807F6DF19D673E94101093050003EA
:10F1D0002285EF507EBE19C10545F9B70810EFF042
:10F1E0000FE063140904130600038145081097100B
:10F1F000FE1FE780607C6DF1130600038145081057
:10F200009710FE1FE7804070854708102386F1960F
:10F21000EFF0EFDC1010930500032285EF50BEE8FD
:10F2200003C5C185EF509EE245BF1C109008BE8605
:10F2300083D506003687638125039106E31AD6FE3F
:10F240000145BDD083D607003E8789C69107E31BE1
:10F25000F6FE91BF2390270183472700E38E97F6A0
:10F2600023019700D5F02310070079BFFD57A38C29
:10F27000F194238C01949757FE1F23AD07F4D147D7
:10F280001755FE1F0345A5CE3305F5020111930561
:10F29000200406CE22CC26CA4AC84EC69720FE1F9E
:10F2A000E780601A9757FE1F23A6A7F215C9975447
:10F2B000FE1F9384E4CA83C7E40001441759FE1F6C
:10F2C000130949F1238CF194D14983C78195636275
:10F2D000F40C9C44638A070C9757FE1F238E07EE9D
:10F2E0009387819583C7070005444146814517559B
:10F2F000FE1F130525C0238BF1942381818623AA49
:10F300000196A3820196A38301969710FE1FE780C2
:10F31000A05F93047007414681451755FE1F1305F2
:10F3200065BC23839196A38F81842382019623A4B5
:10F330000196A38D0194238E0194238F019497103D
:10F34000FE1FE780605CA38E919423A00196238D1D
:10F3500001949547A38EF184C147A380F18623864B
:10F3600001968947238FF184F240238E8184A38103
:10F37000818623808186624423AE019623AC019668
:10F38000A38A0194A38B0194D2444249B2490561F6
:10F390008280B30734030325090005041374F40FB6
:10F3A0003E95EFF00FC615B7930700F81757FE1FED
:10F3B0002304F7E235B71971A2DCCAD8D6D2DAD065
:10F3C000DECE86DEA6DACED6D2D40144D14A175993
:10F3D000FE1F130929E0194B9D6B83C78195636F4D
:10F3E000F400F6506654238BF194D6544659B6591E
:10F3F000265A965A065BF64B09618280330A5403FB
:10F40000032509009319040193D909010504137414
:10F41000F40FB38469035295EFF0AFBE71469305C4
:10F42000F00F48009710FE1FE780004E1306000300
:10F430009305F00F08109710FE1FE780E04C03269D
:10F440000900D145138504205296EF50DEC55000C7
:10F45000F14513851420EF501EC55000F14513856A
:10F460002420EF505EC45000C14513853420EF5076
:10F470009EC35000C14513854420EF50DEC25000AA
:10F48000914513855420EF501EC2101093050003C0
:10F4900033857901EF503EC103C5C185EF501EBBD6
:10F4A0002DBF930705C04111C20722C406C6C18300
:10F4B000130720022E846361F70E17E7000013077D
:10F4C00067B08A07BA979C43BA9782879387218649
:10F4D00083C707002300F4002DA083C741968987C6
:10F4E0000DA893875196EDB793877196D5B741468E
:10F4F0009755FE1F938505A022859710FE1FE78074
:10F5000080398147B24022443E854101828083C7D1
:10F510004196858BC1B7938761965DBF938781962E
:10F520009C431CC0F9BF9387F1855DB783C7B19534
:10F530007DB79387C19569BF9387E19551BF4146D8
:10F540009755FE1F9385059A45BF83C7B195D1B7DF
:10F550009387D195B5BF93870196D9B79387A19526
:10F5600085BF9387D185ADB79387118695B793876C
:10F570005195B9BF93874195A1BFEFF0AFAE23007E
:10F58000A40041B783C70186B1B783C741968D8771
:10F5900049B783C7B195E5BF130700048947E36303
:10F5A000A7F6EF60BEB72310A400A1BF011106CEDD
:10F5B00022CC26CA4AC84EC652C4EF708E813DE1A5
:10F5C00003C7719585470144630FF702D1499754EA
:10F5D000FE1F938424C0054A83C781956379F40292
:10F5E0003309340398404A978347E70063994701FA
:10F5F0002285EFF0EFB49C40CA97238707000504EB
:10F600001374F40FD1BFEFF0EFC6A38B0194EF504A
:10F61000BED66244F240D2444249B249224A056110
:10F620006FF06FD8F2406244D2444249B249224A54
:10F6300005618280797126D24AD006D622D44ECE78
:10F6400052CC89472E89B2846309F5066360F502BE
:10F650008D476305F50C03C481952285B250225471
:10F6600092540259F249624A456182802E85EFF038
:10F67000EFF783C781952A84E371F5FEF9DC19461B
:10F68000CA8526859710FE1FE780E020F9B733056D
:10F69000440383A709001946CA853E9519059710AA
:10F6A000FE1FE780C02A2DE105041374F40F83C701
:10F6B0008195E36EF4FC3E844DB701449759FE1FDB
:10F6C000938949B1514AE5B705041374F40F83C710
:10F6D0008195E372F4FE330534030A86C1451305B0
:10F6E000352042054181EF502EED79FD41469305CD
:10F6F000F00F0A859710FE1FE780002C71F5CA8570
:10F700000A85EF609EA969F183C78195E377F4F4D8
:10F71000A9D4A6852285EFF0BF9681B70144994907
:10F720007DB7797126D206D622D4AA8402CC231EB4
:10F730000100EFF02EBB05CD03C7F18589476308B3
:10F74000F702930565002A84034555003008EFF061
:10F750007FEE83C781956371F5022AC6EFF02F8E85
:10F76000B2452A860547A1462685EFF0AFCBB250B9
:10F77000225492544561828083C7F18591E7954573
:10F780002685EF607EE2E5B70547E392E7FE834515
:10F79000540001462685EFF08FCFD1BF4111C167DC
:10F7A0004AC006C622C426C2FD172E896309F50683
:10F7B000EFF04EB32A84D14421CD93056500034573
:10F7C00055000146D544EFF0FFE683C78195637687
:10F7D000F500CA85EFF0BF938144630B09022285CF
:10F7E000EFF08FC335A0CA852285EFF05F9211C17B
:10F7F000814405041374F40F83C78195E365F4FE17
:10F800006308090017F5FFFF13054541EFF06ED6B9
:10F81000B24022442685024992444101828001443B
:10F82000D544D9BF0111C1674AC84EC606CE22CC05
:10F8300026CAFD172E89B289630EF504EFF08EAA51
:10F84000D14429C193056500034555000146D544BF
:10F85000EFF05FDE83C781956376F5024E86CA8539
:10F86000EFF03F92814439A84E86CA852285EFF099
:10F870005F9111C1814405041374F40F83C781950E
:10F88000E364F4FEF240624426854249D244B24920
:10F89000056182800144D544D5B7411122C4138447
:10F8A00091958345040023AEA196614506C6EF609D
:10F8B0007EDB034504002244B24041016FD06E89D3
:10F8C000411122C4138491958345040023ACA19671
:10F8D000614506C6EF601ED9034504002244B240CC
:10F8E00041016FD00E87411106C622C426C29DE990
:10F8F000AA85AA8437450F00130505243375A6028F
:10F90000EF60DE832A8409C99307E00F6306F500E0
:10F9100085452685EF605EC92285B2402244924427
:10F9200041018280EF605EC80144FDB713872186E4
:10F930008347070083C5419693E707F82300F70044
:10F940006F605EBB5971A6D2B2845000CAD0D2CCCF
:10F9500086D6A2D4CECE2A89368A02C223140100CA
:10F96000EFF05FCD83C78195637AF50E2A84EFE0CF
:10F970001FED9147AA89631CFA0C03C721867917EA
:10F98000133717009146A285420441801949330973
:10F9900024034E862685EFF0EFA851468145680086
:10F9A0009710FE1FE78040F67000C14542091359C9
:10F9B00009011305492042054181EF50EEBF05E9D9
:10F9C00041469305F00F68009710FE1FE780C0FEC8
:10F9D00019ED130559204205700891454181EF50FA
:10F9E000AEBD700093F519002685EF605EB51D650C
:10F9F000229542051010930500034181EF50CEBBC4
:10FA000015E10810EFE0BFDD001013090105835573
:10FA1000040091C5034624002685EFB01EAC1104F6
:10FA2000E31789FE93F929006387090083C591953F
:10FA30002685EFB06EBA91476314FA0403C7218696
:10FA40008947631FF7022685EFF05FEE15A803C70D
:10FA5000F185791713371700D28635B7A147E31C14
:10FA6000FAFC03C7F1858947631CF7000146CA8584
:10FA70002685EFF0CFA1014681452685EFF0AFE462
:10FA8000B650265496540659F649664A01456561B2
:10FA90008280011106CE2AC6EFF04FFD3245F240BA
:10FAA000A38CA19405616FF00F901D7186CEA2CC3E
:10FAB000A6CACAC8CEC6D2C4D6C2EF306FE983C7C1
:10FAC000318681CF0144514A1749FE1F13098970BD
:10FAD000994A83C78195636BF400F6406644D64427
:10FAE0004649B649264A964A25618280B3094403AD
:10FAF0000325090019469305F00F4E959710FE1F38
:10FB0000E78080EB21E9B30454035010F1451385DD
:10FB1000142042054181EF502EAA0DED0347F10359
:10FB20009307F00F6318F702138534204205500045
:10FB3000C1454181EF504EA85008C1450945EF50DD
:10FB4000AEA78325090054085000CE9503C5F500E3
:10FB5000EF30CFDF05041374F40FA5BF930705C082
:10FB60005D71C207A6C2CAC086C6A2C44EDE52DC00
:10FB7000C183130720022A89B2846360F75217D722
:10FB800000001307E74C8A07BA979C43BA9782870D
:10FB900085476384F500614409A883470600094747
:10FBA000E36BF7FE2381F18601442285B6402644AB
:10FBB00096440649F259625A616182808547E39C06
:10FBC000F5FC03470600E3E8E5FC83C7419611C74F
:10FBD00093E747002382F196C1BFED9BE5BF8547C0
:10FBE000E39BF5FA834706001147E366F7FAA38221
:10FBF000F1965DBF8547E390F5FA83470600E3EC95
:10FC0000F5F8A383F1964DB7C147E396F5F8414661
:10FC1000A6851745FE1F1305E52D9710FE1FE780EB
:10FC200080C759B78547E398F5F603470600E3E434
:10FC3000E5F683C7419601C793E7170061BFF99BBB
:10FC400051BF8547E399F5F4834706002383F19676
:10FC5000A1BF9147E391F5F41842B7470F0093878E
:10FC6000F723E3EAE7F223A4E1963DBF8547E39457
:10FC7000F5F2834706000947E36FF7F0A38FF1849D
:10FC800025B78547E399F5F003470600E3E5E5F07E
:10FC900083C7B19511C793E74700A38DF19429B7A6
:10FCA000ED9BE5BF8547E398F5EE834706001147D6
:10FCB000E363F7EE238EF194C5BD8547E39DF5EC34
:10FCC00083470600E3E9F5EC238FF194F1BDC147CA
:10FCD000E393F5EC4146A6851745FE1F13058520E5
:10FCE0002DBF8547E399F5EA03470600E3E5E5EA1A
:10FCF00083C7B19501C793E7170045B7F99B71BF5B
:10FD00008547E39AF5E883470600A38EF19469BD21
:10FD10009147E392F5E81842B7470F009387F7231E
:10FD2000E3EBE7E623A0E19641B5E39605E6EF6055
:10FD30005E8A01E9EFE01FD4EF500EE4EFE0BFE68A
:10FD4000A5B58547A38BF19485B59D47E395F5E46B
:10FD500093851400194668009710FE1FE780A0B332
:10FD600003C5040050086C00EFF0DF8C83C7819559
:10FD7000AA840944E37BF5E24808EFE0BEDF09E529
:10FD80002685EFE0FFBB4DBF5147B384E4029747A0
:10FD9000FE1F938727449C435944BE94854723877D
:10FDA000F40021B59D47639BF50A1946938514001D
:10FDB00068009710FE1FE78000AE03C504000146EF
:10FDC0006C00EFF03F8783C781956377F504994412
:10FDD000B30495025008F14593841420C204C180F5
:10FDE0002685EF407EFD2A8415E51307A04185474F
:10FDF0006304E9009307F00F5008F1452685A30737
:10FE0000F102EF504EAA03C5C185EF502EA4EFF0CA
:10FE1000DFC961BB0944E5BF9747FE1F83C7C73BE6
:10FE20000944E38407D81307A0419747FE1F83C7FF
:10FE3000B73A631FE90093E717001747FE1FA30DAA
:10FE4000F7381D46A6851745FE1F13052538F1B363
:10FE5000F99B1747FE1FA301F738B9B38547E39C09
:10FE6000F5D21307A0419747FE1F83C7F7366315E6
:10FE7000E50093E72700F1BFF59BE1BFA381018671
:10FE8000EFF0BFC215B38547A381F186014419493C
:10FE90009309F00F7D5A83C78195E373F4FEB30491
:10FEA00024035008F145938414202685EF40DEF0AA
:10FEB00005E18347F102638D37015008F14526853E
:10FEC000A3074103EF502E9E03C5C185EF500E9846
:10FED00005041374F40FC1B78547E39EF5CA834741
:10FEE0000600E3EAF5CA238DF1947DB98547E394D2
:10FEF000F5CA834706002547E36FF7C8A38EF18450
:10FF000065B18547E399F5C803470600A546930701
:10FF100097FF93F7F70FE3E0F6C8A380E18669B196
:10FF20008547E39AF5C68347060003C75195014408
:10FF3000A38AF194E31B07C6E399B7C6EFE0BFC6F7
:10FF4000ADB18547E399F5C48347060003C74195E2
:10FF5000238AF19409E76394B700EFE0DFC403C597
:10FF60004195EF302F9F89B18547E396F5C28347CE
:10FF700006000D47E361F7C2238FF18435B1854751
:10FF8000E39BF5C083470600238EF18431B9054514
:10FF9000EF50CE8B11B98547E39FF5BE834706002E
:10FFA0002380F18611B193074002E396F5BE03C5A5
:10FFB0001400014693852400EFF0CFE783C78195B5
:10FFC000E37BF5BC19443304850203C70400A14751
:10FFD0001374F40F6310F70409041374F40F42044C
:10FFE00041805008F1452285EF401EDDE31505BA3A
:10FFF0009385840048086D469710FE1FE780A0890E
:020000022000DC
:100000005008F1452285EF500E8A03C5C185EF5097
:10001000EE8351B60504D1B71747FE1F035747F5C6
:10002000930740046D44E3F2E7B88547E395F5B6DE
:1000300083470600E3E1F5B691CF9747FE1F93870C
:10004000A7189C435544E38207B683C7419693E7BC
:10005000870049B683C7419693F7770FA5BE174728
:10006000FE1F0357E7F0930740046D44E3FFE7B238
:100070008547E392F5B283470600E3EEF5B0F9DB7E
:100080009747FE1F938747149C435544E38F07B05F
:1000900083C7B19593E7870009B19307000409442A
:1000A000E3E527B1E39385B083D504004A85EF608B
:1000B0006EDB2A84DDBC1D7186CEA2CCA6CACAC85E
:1000C000CEC6D2C4D6C2DAC05EDE62DC834725006B
:1000D0005147E91793F7F70F636BF70217D7000043
:1000E0001307C7FF8A07BA979C432A84BA97828767
:1000F0008354A5000346C5008346D500268532C635
:1001000036C4EFE03E9EAA87A246324619E18544F6
:10011000A9A203C7C700A14713053400631AF70259
:10012000938781979C43A68589C79C4399C38297EF
:10013000F9BF938701968843EF604E8069D9930792
:10014000E00FE306F5FC85452685EF60EEC5C1B7F7
:100150009387C1979C43A68599C39C43E9FB9387EA
:100160008196D1BF8355A5002E852EC4EFE09E97C2
:10017000AA8751DD03C7C700A14713053400130642
:10018000C4009306C401A245631AF70093878197C0
:100190009C43B5DF9C47A5DF829795BF9387C197A6
:1001A000C5BF034915006319091C83476500858B8A
:1001B0006385071C938741979C436390071C814587
:1001C000514668089700FE1FE78000744C48DDC167
:1001D00083C765011946C105A305F10268089700A8
:1001E000FE1FE780406B8347640003578102680865
:1001F0008987858BD98F2314F102EFE03FBF238BD2
:10020000A19483C781956366F500EFE04FEB238BE4
:10021000A19483C9819583C7619563E3370383C73D
:10022000018691C705476395E706EFF0CF9897479A
:10023000FE1F9387E7D29C5B81C785452145829746
:10024000A2856808EFE0DFBFAA845549631705124D
:10025000894503C59195EF309EDBF64066442685BF
:100260004649D644B649264A964A064BF25B625C3A
:1002700025618280035544008544EFE0BE8671DD30
:1002800083475500194693056500A305F102B9B7E8
:100290000947E39EE7F88144FD5A014A514C174B48
:1002A000FE1F130B2BF325A8B38B840303250B0030
:1002B00019469305F00F5E959700FE1FE780C06F0B
:1002C00001ED83270B00DE979C4B6373FA003E8A97
:1002D00063F45701BE8AA689850493F4F40F83C79B
:1002E0008195E3E3F4FC330A5A4163590A04FD544F
:1002F000514B174AFE1F130AEAEDB70B00801DA8E9
:10030000B30A690303250A0019469305F00F5695B1
:100310009700FE1FE780406A19E983270A00D697F5
:100320009C4B63F6FB0063F49700BE84CA89050901
:100330001379F90F83C78195E364F9FC83C781952D
:10034000E3F7F9EED144B38499021749FE1F13096C
:1003500069E8032509002695EFE0DE8119E54E8561
:10036000EFE00FDEEFE03F84D9B583270900BE94AC
:1003700085472387F40065BD0149034614000355F2
:1003800044008545EFE03FD4E30309D84A868D4514
:1003900003554400EFE03FD39DBB03471500994749
:1003A000631AF70203554500EFE0CEF3AA841DC19E
:1003B00083C7E18509476389E7020D476380E70248
:1003C00005476399E70083455500035544000146FE
:1003D000EFE0FF8B0346140089455DBF0146814570
:1003E00013050041EFF08FF78355440003C5040067
:1003F0001546EF604E9EF9BF930545000345350055
:100400000146EFF02FA383C78195E372F5D099479A
:100410003305F5021306C400914513055520420526
:100420004181EF405EC803C5C185EF403EC2C5B102
:1004300083C7A1950355450081C783C5D18531B3D5
:1004400083C7218699E3954509B3EFE0AEE9AA8415
:10045000E30F05CA8347A400858B85CB0345550070
:10046000854763F4A7028357C40093F7072091EFF1
:10047000700893856400EFF0EF9B83C781956396C6
:10048000A7008D4503554400C9B183C554000355E9
:10049000440013068400EFE08FFF01468145CDBD87
:1004A00003554500EFF0EFA79DB103554500EFF070
:1004B000EF8F83C7218693F7F7072381F18681B9F0
:1004C00079719397050122D406D626D24AD04ECE12
:1004D000C1872E8463DE070803C59195EF304EF384
:1004E000AA8431C5834705001307100B638BE7040B
:1004F0001307000D6387E7021307000B6396E702FB
:1005000003474500F9476317F70003552500814568
:10051000EFF0CFA883C5440013858400EF909EA31D
:1005200021A0EFF05FB901C52685EF304EE2A1644E
:10053000A18CB2502254268502599254F249456149
:10054000828083474500EDF303568500835565009F
:100550000355250023860196EFF0CFAC83C7C196E3
:10056000E1D703C5C18523860196EF403EAE6DBF3E
:1005700093F7250085C381450145EFE07F8C9344C7
:10058000240083C79195854511E189453E85EF306B
:100590001EA845B793F715006384070C138941978C
:1005A000832709009384019783D947009C4099EFE2
:1005B000C16513870198894617D600001306C6F94E
:1005C000FD150545EFB06E9923A8A1968C40134404
:1005D00014009DE9832709000146854503D547009E
:1005E00093140401C180EFE01FAE83270900014688
:1005F0008D4503D54700EFE01FAD03C5C185EF4032
:10060000FEA4EFE0AFB035B79308F00F094881477B
:100610001307E100740003D601984E85EFB02EEA6F
:1006200011ED0346D1008347C10022065D8E19C635
:100630009C404E8583D5A700EFF0CF9E8840C165D2
:10064000814603D60198FD15EFB04EDB93140401EB
:1006500023A8A196C1803DDD854503C5919505BFC1
:1006600093F745008144E38607EC93C44500D1B578
:1006700003472500F14763ECE73017D60000130667
:1006800026AB93162700B2969C42411122C406C69F
:1006900026C2B2972A84828783471500C5EF414658
:1006A0009745FE1F938585B81745FE1F1305C5B5F1
:1006B0009700FE1FE780A0293DED1746FE1F130699
:1006C000A6B4C1450945EF401E9E1746FE1F1306FE
:1006D000A6B4C1450D45EF401E9D03C5C185EF4041
:1006E000FE96930534001745FE1F130565B51946A0
:1006F0009700FE1FE780201A854785451745FE1F96
:10070000034595B21747FE1F232CF7AEEF303E90FE
:100710009747FE1F9387C7AE8843938741989C43B2
:10072000BDCB03A3070063080306A2852244B240A1
:1007300092444101028341469745FE1F938505ABD4
:100740001745FE1F130545AD9700FE1FE7802020CB
:100750002DD541BF99471747FE1F2323F7AA4DBF49
:10076000034715008347350039E70947639AE702D5
:100770009747FE1F9387C7A89C438145014593F780
:10078000F7F093E707021747FE1F232BF7A6EF802A
:100790008E96A300A400B24022449244410182807C
:1007A0000547814501456395E700EF80AE84D5B7E5
:1007B000EF703EF4F9BF0947E38FE7FC9747FE1F50
:1007C000938707A488434199136565009747FE1FE7
:1007D00023A8A7A299B7834715009744FE1F9384C7
:1007E00024A2ADEF8D47631DF7049747FE1F83C713
:1007F000279F139787016187635F070093F7F707C8
:1008000089451745FE1F034535A21747FE1F2309DB
:10081000F79CEF30CEFF9C40914613F7F700631A28
:10082000D700C19B93E757001747FE1F232AF79C69
:1008300085A88946E301D7F6C19B93E72700EDB76A
:1008400098409747FE1F238B07989546937707FF9D
:100850003D8B6311D70693E74700F9B79C40C19BD6
:1008600093E76700D1B71747FE1F130767991C432B
:1008700083461500BA84C19B95E693E74700174766
:10088000FE1F232FF7960356A50093054500034549
:1008900035009146EFF00F8B9747FE1F238007949A
:1008A0008840A5BD13071003E39CE6FA1747FE1F17
:1008B0002306079293E7370085BFEFF0CFFF9747F6
:1008C000FE1F9387E7939C43154793F6F700C19B60
:1008D00013E53700E39CE6EE13E52700C5BD974618
:1008E000FE1F9386E6919C4203461500B68493F75B
:1008F000F7F021EECD466313D70493E707011747BE
:10090000FE1F232FF78E9747FE1F83C7D79313979A
:1009100087016187635F070093F7F70791451745E4
:10092000FE1F034575901747FE1FA30EF790EF308B
:100930000EEE9C40370500015D8DC5B393E70702BD
:100940001747FE1F232EF78AEDB793E70703CDBFA6
:100950009746FE1F9386C68A9C427D761306F60F45
:10096000F18F034615000DE26D46631CC70093E747
:1009700007101747FE1F2325F7889C423705000202
:1009800065BF93E70720F5B793E70730DDB78280AF
:1009900003470500930610096307D7009307000D6E
:1009A0006305F70482808346150039476391E604A6
:1009B00083564500056713075740639AE6021845BA
:1009C0009307F007830537006383F5029387419807
:1009D0009C4391CF03A34700630B03008347270089
:1009E00003451700A2075D8D02836FF07FC88280E8
:1009F00001119397050126CA06CE22CCC187AE8489
:100A000063DB070C1745FE1F03451582EF304EA030
:100A10002A8419C99737FE1F83C7777C89EFEFF0C7
:100A20003FF72285EF30AE922165258DF24062447A
:100A3000D24405618280834705001307000D63904F
:100A4000E7068347250081E7EFF09FF409A81547E3
:100A5000639FE7000347C500A147E392E7FCA28537
:100A60001735FE1F0345257EEF30EEA275BF2147E7
:100A7000E38CE7FC99466395D70083477500F1BF87
:100A80001D47E39EE7F803554500EFE0AE8551D9D9
:100A90000347C500A1472285E313F7F8C9B7130739
:100AA000200AE38EE7F613071009E39FE7F80347F0
:100AB0001500B947E31AF7F8035745008567938790
:100AC0005740E313F7F818458347270003451700FD
:100AD000A2075D8D5DBF9397150163DE0700138646
:100AE000819891451145EF400EDC03C5C185EF406B
:100AF000EED511651DBF93F71500C5CF9737FE1FC3
:100B000083C7C76DA5CBEFE06EAC9737FE1F83C7D9
:100B1000E7486364F5068D472302F1009737FE1F0F
:100B20009387D76B83C707004C001735FE1F03451B
:100B3000B56F2306F1009737FE1F9387277083C791
:100B40000700A306F100EF70BE850DC59737FE1FA5
:100B50009387076B88434199136565009737FE1F9C
:100B600023A0A76A938741989C4389C79C4399C354
:100B70008145829713C5140055BD9737FE1F938793
:100B8000076683C7070019469735FE1F938585655D
:100B90002302F1009737FE1F9387C76683C70700BC
:100BA00013056100A302F1009700FE1FE780A0CEAD
:100BB000B5B793F72500A1C79737FE1F83C74762D4
:100BC000858B9DCB1735FE1F03451566EF707EACF8
:100BD00005C59737FE1F9387A76288431375F5F005
:100BE0009737FE1F23AEA760938741989C4389C720
:100BF0009C4399C38145829713C5240005BD93F793
:100C000045000145E38407E29737FE1F83C7B763BA
:100C10008DCF1735FE1F03453561EF703EAB15C50F
:100C20009737FE1F9387C75D8843FD779387F70F3C
:100C30007D8D9737FE1F23A5A75C938741989C4322
:100C400089C79C4399C38145829713C54400F9BB6A
:100C5000397122DC06DE2A842ECE32CC36CA3AC85E
:100C60003EC6EFD03EE805C9F2456246B247D246DD
:100C700042472314B1022315C1022C103E8622855F
:100C80002316D1022317E102EFD09ED40145F25082
:100C90006254216182805145DDBF011106CE973734
:100CA000FE1FA383A74891C52E8532C6EFE0FFBE85
:100CB00032469737FE1F9387A7549C4395EF19C27E
:100CC00023A2C198F2401736FE1F0346865197357E
:100CD000FE1F83C565551735FE1F0345F5549387E1
:100CE00081981737FE1F130727539736FE1F9386E9
:100CF000A65105616F80BE90F24045450561828036
:100D00009737FE1F83C7872981EB61458280614544
:100D1000B240224441018280411122C406C61734E8
:100D2000FE1F034474509307F00FE312F4FE1705FF
:100D30000000130525CCEF303EB41737FE1FA30586
:100D4000A74EE30685FC23A201989737FE1F23A92F
:100D5000074A91471737FE1F2308F74CEF504EC341
:100D6000414681451735FE1F1305054A9700FE1FB2
:100D7000E78080B9414681451735FE1F1305C549F7
:100D80009700FE1FE78040B823A401989737FE1F05
:100D9000238707449737FE1F238607469D4717364C
:100DA000FE1F13066646C14509451737FE1FA307F8
:100DB000F7429737FE1F23830748EF30FEFF1736B1
:100DC000FE1F13066645C1450D45EF30FEFE414648
:100DD0009735FE1F938545431735FE1F13050545BF
:100DE0009700FE1FE78020AB41469735FE1F938595
:100DF000A5421735FE1F1305653F9700FE1FE780CC
:100E000080A91386819891451145EF30FEFA01457E
:100E100001B7FD571737FE1FA308F7401737FE1F0E
:100E200013074730A302F7002303F7001737FE1F0D
:100E3000230C073E05479736FE1F2381E63A23A47D
:100E4000019819479736FE1F239AE63A056713075C
:100E500007C89736FE1F2398E63A1737FE1F23046C
:100E6000F73E8D471737FE1F230D07361737FE1F36
:100E7000A30707361737FE1FA304F7361737FE1FE1
:100E80002305F736194681451735FE1F13058535AD
:100E90001703FE1F670043A7930705D04111C20740
:100EA00022C406C6C1835D472E84636BF71017C743
:100EB00000001307272F8A07BA979C43BA978287A7
:100EC0009737FE1F83C747362300F40035A04146FD
:100ED0009735FE1F9385453322859700FE1FE780D7
:100EE000809B19A841469735FE1F9385E532EDB7E3
:100EF000938781989C439CC18147B24022443E85A0
:100F00004101828019469735FE1F93856533E9B705
:100F10009737FE1F83C7872C45BF2E85EF701EAA0B
:100F2000E1BF2E85EF70FEABC1BF9737FE1F83C7B1
:100F3000072B59BF9737FE1F83C7C72C71B71946B8
:100F40009735FE1F9385052A41BF9737FE1F83C73C
:100F5000F7289DBF9737FE1F83C7472EB5B7973732
:100F6000FE1F9387E7299C4385B79737FE1F83C7EA
:100F7000472799BF9737FE1F83D747282310F400D0
:100F8000A5BF9737FE1F83D70728CDBF9737FE1F12
:100F900083C7172515BF9737FE1F83C707252DB7B2
:100FA0002E85EF705EA789BF9737FE1F83C7472343
:100FB00093F7F70711BF9737FE1F83C7D72829B7C5
:100FC000130700048947E36AA7F2EF502E95231018
:100FD000A4001DB79307F5CFC207AE86C183D945DC
:100FE0002A8763EAF52E17C800001308A8218A078C
:100FF000C2979C43411106C6C297B2853685828747
:101000004147E147639EE60241461735FE1F13053F
:10101000A51F9700FE1FE780008815A04147E14704
:101020006390E60241461735FE1F1305E51ED5B74E
:101030001147E1476396E6001C4223A4F1988147DB
:10104000B2403E85410182800547E147E39AE6FED2
:10105000034706009737FE1F83C747189736FE1FC2
:10106000238EE61695C7814761FF1737FE1F1307CA
:101070002719184389463D8B6305D7009546E31130
:10108000D7FC1735FE1F0345351AEF70AEC845BFB4
:1010900081475DD71737FE1F13078716184363066E
:1010A000A7003D8B7517E36DE5F885451735FE1FE5
:1010B00003459517EF20BEF559B79307C01C63E8A9
:1010C000D72063060620B24041016F708EE293077D
:1010D000C01C63EED71E630C061EB24041016F7048
:1010E0006EF10547E147E39DE6F403470600A94694
:1010F000E3E8E6F49737FE1F2383E70E89B7054739
:10110000E147E39FE6F2034706008D46E3EAE6F295
:101110009737FE1F2388E70E1DB71947E147E39174
:10112000E6F219461735FE1F1305C50BDDB5054759
:10113000E147E397E6F0034706009D46E3E2E6F069
:101140009737FE1FA38CE708DDBD0547E147E3990C
:10115000E6EE034706008D46E3E4E6EE9737FE1F12
:10116000238EE70CE9BD0547E147E39BE6EC8347A7
:1011700006001737FE1F2306F706D1B50947E147DA
:10118000E390E6EC0356060005671307A7C793062E
:10119000A6FFC206C182E365D7EA9737FE1F239FE9
:1011A000C70471BD0947E147E39CE6E80356060022
:1011B00005671307A7C79306A6FFC206C182E361AE
:1011C000D7E89737FE1F2390C70495BD83450600D7
:1011D0001736FE1F034666019737FE1FA382B7002E
:1011E0000145EF10BFF7A1BD034606009735FE1F6E
:1011F00083C515FF9737FE1F2389C7FED5B7930711
:10120000C01C63E6D70C61C6B24041016F70AEEE00
:101210000547E147E396E6E2834706001737FE1FDE
:10122000034707FC058B9736FE1F238BF6FA93F6D0
:10123000170011C7E39506E0EF704EC809B5E380CB
:1012400006E01737FE1F1307A7FB18438945398BA4
:10125000E31E07E493E707F81737FE1F2302F7F8AA
:10126000F9BB0547E147E39DE6DC834706001737F6
:10127000FE1F034757FD9736FE1FA386F6FC11C7D6
:10128000E39F07DAEF702EC65DBBE38A07DA1737F4
:10129000FE1F1307E7F618431377070F19C391458D
:1012A00031B593E707F81737FE1FA30EF7F841BBD8
:1012B0009307000463EFE70089458947E392B6D8B6
:1012C000B240835506003A8541016F50AEB9E147FF
:1012D00085BB8947B5B39307000463E9A700894537
:1012E00089476396B60083550600C5B789473E8592
:1012F00082806F107FE1014881476F10BFE20111CA
:1013000006CE2AC6EFD00EFE09C9B245F24003450B
:1013100005004D4605616F500EACF2404945056130
:101320008280411106C6EF90704117C5FEFF13057C
:10133000852BEF306ED4EFC0EE941755FEFF1305EA
:10134000853FEF306ED3EF50AEB81795FEFF130513
:1013500005C5EF306ED2EF80BEC117F5FEFF130555
:1013600085C1EF306ED1EFE0BED617F5FFFF130554
:101370006515EF306ED0EFE0CFF117B5FEFF130526
:10138000857AEF306ECFEFB08EF6B24041016FF04C
:101390003F97411106C6EF308F8C9737FE1F83C7EA
:1013A000B7E8FD1793F7F70F1307D00F6372F7062F
:1013B00017C5FEFF13052523EF300ECCEFC08E8C32
:1013C0001755FEFF13052537EF300ECBEF504EB00B
:1013D0001795FEFF1305A5BCEF300ECAEF805EB96E
:1013E00017F5FEFF130525B9EF300EC9EFE05ECE0D
:1013F00017F5FFFF1305050DEF300EC8EFE06FE99D
:1014000017B5FEFF13052572EF300EC7EFB02EEEB5
:10141000B24041016FD02FB19737FE1F938747E34A
:101420001737FE1F130747E29C4318430145631318
:10143000F700828083D6670081E683D64700369521
:101440009C43F5B79737FE1F938787B18C431737B7
:10145000FE1F035727B14111138605229737FE1F40
:1014600023A8C7DE938785FFBA9705659736FE1FC9
:1014700023ACF6DC06C61D05935637006374E50001
:10148000930600203307D6001735FE1F2320E5DC26
:1014900023A0E522E1162312D600231306001CC365
:1014A000998FE1172312F70023130700EFF0DFF6FF
:1014B000B2409737FE1F239CA7A441018280973733
:1014C000FE1F9387E7D81737FE1F1307E7D79C4304
:1014D000144301456393F600828003D7670011E748
:1014E00003D747006373E5003A859C43E5B7973718
:1014F000FE1F9387E7D59736FE1F9386E6D49C435D
:1015000090422A87B305B5406314F6003A8529A8AE
:10151000938687009C43E369D7FEE377F7FE2E8529
:10152000E3E4D5FEE3F2F5FE828083C705002300E5
:10153000F50083D72500A300F50083D72500A183FC
:101540002301F50083C74500A301F5001145828002
:1015500023A8019823A60198828029C1411126C29F
:1015600006C622C4AA8401458DC52E842285414623
:1015700097C500009385C5CE97F0FD1FE780A03189
:1015800083C7040005452306F40083C71400A3069F
:10159000F400B2402244924441018280014582809D
:1015A000011122CC26CA06CE0947AA84328463835D
:1015B000E50441468147639BC500638FE60063975E
:1015C000B6001DA841478147638FE600F2406244A0
:1015D000D2443E85056182808A852285EFF0FFF73F
:1015E00041468A8521A88A85EFF03FF741468A85E2
:1015F000228531A0E398B6FC2E86A285268597F039
:10160000FD1FE780C034AA87D1B723A6A1988280A6
:1016100023A8A1988280011122CC0354650006CE34
:1016200026CA4AC84EC641C083298500AE842A888E
:1016300003C90900814713178901618763550702B0
:10164000B147054563FA8704511442040355280045
:10165000418033878900A2864E868545EFE06EFC87
:10166000B337A00085077D1413556900420405892E
:101670001379F90341802380F400A380A40023811F
:10168000240123928400014719C01387190098C4CC
:1016900009476383E7000145F2406244D24442496E
:1016A000B249056182800545C5BFC167F917630A64
:1016B000F502D94763F7B702011122CC2EC606CE38
:1016C0002A84EFB01EC9B2456368B5002285624422
:1016D000F24005616FD06EE7F24062440545056156
:1016E000828005458280C167F9176314F5006FB0E9
:1016F0005EC6411106C6EFD00ED411E15D45B24081
:101700004101828091476394F502834705002300DD
:10171000F6008347250003471500A207D98F231140
:10172000F6008347350001452302F600828011450B
:10173000828039714ED656D25AD006DE22DC26DAA5
:101740004AD852D4AA8A2E8BB28949EF36C6EFF016
:101750009FF99145EFB07ED0AA844D492DC9B2467C
:10176000054A238034010544630A0B00B6851385BE
:101770001400029B0505131405014180E20993D969
:10178000894163D30902C1455685EFD00ED9654919
:1017900005E933868400A2852685EFE0AEB92A8963
:1017A00005E131044204418091472C085685231CF1
:1017B000F10026CE231D8100EFC0DEDE2A8901C99B
:1017C00063070A0026859700FE1FE780E0D6F250E7
:1017D00062544A85D2544259B259225A925A025BF3
:1017E00021618280BA84014AADBF011122CC26CA90
:1017F0004AC84EC606CE2A893284B689EFF07FF3F6
:10180000AA8405E1938701999C4381CF054763171B
:10181000E40003C4090005041374F40FA2854A858B
:101820008297F240624426854249D244B24905611A
:101830008280AE860147054697050000938525CF37
:101840006FF0BFFA83D705002300F50083D70500AA
:10185000A183A300F5000945828083D705002300FA
:10186000F50083D70500A183A300F50083D72500E9
:101870002301F50083D72500A183A301F5001145BD
:10188000828083D705002300F50083D70500A1835C
:10189000A300F50083D725002301F50083D7250099
:1018A000A183A301F50083C755002302F50083C778
:1018B0006500A302F50003D58500190542054181A5
:1018C000828083D705002300F50083D70500A1831C
:1018D000A300F5000945828083D705002300F500A9
:1018E00083D70500A183A300F50083D7250023013A
:1018F000F50083D72500A183A301F500114582805F
:1019000083D705002300F50083D70500A183A3003A
:10191000F50003D52500090542054181828083D762
:1019200005002300F50083D70500A183A300F5007F
:1019300083D725002301F50083D72500A183A301C8
:10194000F50003D54500110542054181828083C71A
:1019500005002300F5000545828083D7050041116D
:1019600022C406C62300F50083D705002E84110586
:10197000A183A30EF5FE83D725009505230FF5FE61
:1019800083D7D5FFA183A30FF5FE03C6F5FF97F01C
:10199000FD1FE78040F003454400B240224411059A
:1019A000410182808947639CF50083471500034706
:1019B00005000145A207D98F2310F600828011454A
:1019C000828003D70500D94763FFE702011122CCCB
:1019D00006CE2EC62A84EFB0DE97B24683D7060025
:1019E000636EF50022856244F2400147094697057F
:1019F0000000938565E505616FF0BFD3F240624456
:101A000009450561828009458280AE8601471146FD
:101A1000970500009385A5E46FF0BFD193F73500DB
:101A200091EB8981914789C52310B60048C281474F
:101A30003E8582809147EDBF03C745008947631B00
:101A4000F702011122CC2A84C84506CEAE86014792
:101A500019C52EC69D45EFF09FA9B2462A8722855B
:101A60006244F2401946970500009385C5E105617F
:101A70006FF03FCC0945828099E111458280834710
:101A8000050005472311F600E379F7FEFD1593F5F0
:101A9000F50F33D7F502B387E702E390F5FE0505AE
:101AA00048C22310E6000145828083C745000947EC
:101AB000AE866385E7004147639AE7000147214608
:101AC000970500009385A5E96FF0BFC609458280A0
:101AD0002310B60091E1014548C201458280AE86DF
:101AE00001472946970500009385E5DD6FF07FC427
:101AF000AE860147314697050000938525DE6FF0DD
:101B00005FC383C745000947AE866385E700414749
:101B1000639AE7000147414697050000938525E455
:101B20006FF03FC109458280B335B00013952500A1
:101B30008280011122CC26CA06CE03C785008547C4
:101B4000AA842E8449466311F702EFF0DFB9835768
:101B5000240049151306200963C8A700F240624417
:101B6000D244094505618280034794008547631488
:101B7000F70013660604484011C58D4532C6EFF0E4
:101B80001F973246A2866244F2402A872685D244B5
:101B900097050000938505D705616FF09FB9011186
:101BA00022CC2A84884506CEAE8611C52EC6954520
:101BB000EFF0FF93B2462A8722856244F2405946ED
:101BC000970500009385E5D505616FF09FB6B335A5
:101BD000B000139525008280AE86014761469705C7
:101BE0000000938505D76FF0DFB48547114563F496
:101BF000D7028347160083450600A207CD8F231026
:101C0000F7009387E6FF2311F70089476386F60004
:101C1000090650C30145828023220700E5BF83D710
:101C200005002300F50083D70500A183A300F5007C
:101C30000945828083C7250005472300F50003D5A9
:101C400005006397E7000A0505054205418182808A
:101C5000C9473305F502CDBF03D505000A05420586
:101C60004181828083D725002300F50003D505003C
:101C700083D725003305F5020505420541818280A1
:101C800003D50500828003D50500828003D50500B9
:101C9000828083D725002300F50003D5050083D774
:101CA00025003305F502050542054181828083D771
:101CB00005002300F50083D70500A183A300F500EC
:101CC00083D725002301F50083D72500A183A30135
:101CD000F50003D54500110542054181828083D777
:101CE00005002300F50083D70500A183A300F500BC
:101CF00003D52500090542054181828089471145A8
:101D0000639BF60083471600834606000145A20741
:101D1000D58F2310F700828003D70500D947AE8600
:101D200063FAE70001470D4697050000938565EFCC
:101D30006FF0BFAB0945828011456393A6028347CC
:101D40001600834606000145A207D58F2310F70031
:101D50008347360083462600A207D58F2311F7005C
:101D6000828083C725000547FD1793F7F70F63614E
:101D7000F70483D705008DCF011122CC2A84C841F6
:101D800006CE15C12EC68945EFF06FF62A8722854B
:101D90006244B246F2401546970500009385C5E9B6
:101DA00005616FF09FA4F24062440945056182809D
:101DB000094582809547114563F9D706411122C430
:101DC00026C24AC006C683471600BA8403470600E7
:101DD000A2073284D98F2390F4008347360003474B
:101DE000260093054400A207D98F2391F400894768
:101DF0002382F400094613855400368997F0FD1FAD
:101E0000E78060A99307A9FF2394F4009947631B17
:101E1000F90023A60400B24022449244024901453D
:101E2000410182801904C0C4FDB7828083D70500B8
:101E30008DCF011122CC2A84C84106CE15C12EC6F1
:101E40008545EFF0CFEA2A8722856244B246F24008
:101E50001D4697050000938565E005616FF0FF98CA
:101E6000F2406244094505618280094582809947B4
:101E70006395F6048947411106C62302F70083479C
:101E8000160083460600B285A207D58F2310F700FF
:101E9000834736008346260003464700A207D58FB6
:101EA000130557002311F700910597F0FD1FE780F8
:101EB000809EB240014541018280D1471145639423
:101EC000F600C1474DBF828083D705008DCF011139
:101ED00022CC2A84C84106CE15C12EC68945EFF012
:101EE0000FE12A8722856244B246F24025469705D3
:101EF0000000938565D705616FF03F8FF240624423
:101F00000945056182800945828089471145639BA7
:101F1000F60083471600834606000145A207D58FC9
:101F20002310F7008280011122CC2A84C84106CEFA
:101F3000AE86014719C52EC68545EFF04FDBB24688
:101F40002A8722856244F2402D469705000093853A
:101F500065D305616FF07F8911456393A6028347BE
:101F60001600834606000145A207D58F2310F7000F
:101F70008347360083462600A207D58F2311F7003A
:101F80008280011122CC2A84C84106CEAE8611C5BA
:101F90002EC68545EFF0AFD5B2462A87228562442A
:101FA000F240354697050000938525CE05616FF018
:101FB000DF8393F71600114589EB89476387F600A5
:101FC00085822312D70010C301458280011122CCE3
:101FD0002A84C84106CE15C12EC68545EFF02FD103
:101FE0002A8722856244B246F2403D4697050000AA
:101FF000938505CA05616FF04FFFF24062440945C1
:102000000561828083D705008DCF011122CC2A84FF
:10201000C84106CE15C12EC68945EFF04FCD2A879F
:1020200022856244B246F2404546970500009385FA
:1020300085C605616FF06FFBF2406244094505619A
:10204000828009458280854763FCD7022304A7006C
:10205000A304B7008347160083450600A207CD8F6F
:102060002310F7009387E6FF2311F7008947638663
:10207000F600090650C30145828023220700E5BF10
:1020800011458280014781464D4681456FF0EFF54D
:102090008D47114563FBD702834716008345060031
:1020A000A207CD8F2310F700834736008345260013
:1020B000A207CD8F2311F7009387C6FF2312F700E5
:1020C0006386A600110610C70145828023240700FD
:1020D000E5BF011122CC2A84884506CEAE8611C503
:1020E0002EC69545EFF0AFC0B2462A8722856244DE
:1020F000F2405D46970500009385A5BB05616FF032
:10210000CFEE854711456397F600834706000145EA
:102110002300F700828001478146654681456FF0C4
:10212000CFEC011122CC2A84C84106CEAE860147ED
:1021300019C52EC68D45EFF08FBBB2462A87228582
:102140006244F2406D4697050000938585B90561AC
:102150006FF02FDE011122CC2A84C84106CEAE8654
:10216000014719C52EC68D45EFF06FB8B2462A87D4
:1021700022856244F240754697050000938565B656
:1021800005616FF00FDB814717B800001308480E98
:102190001306F00F3307F800834607001397060174
:1021A00041836364E5006393C600828083D60500A3
:1021B0006365D7002390E5008280850793F7F70FCA
:1021C000D1BF41119397050122C406C626C2C1871B
:1021D0002E8463D50702EF10BEA3AA8409CD8347DE
:1021E0000500054793C707086364F700EF70604078
:1021F0002685EF10DE952165218D29A893F715001E
:1022000099CF9727FE1F9387E704FC5791C38297C6
:1022100013451400B240224492444101828093F756
:10222000250099CB9727FE1F9387C702BC5B91C3FC
:10223000829713452400F9BF93F7850081CF972734
:10224000FE1F93872701FC5FBC5B91C382971345F8
:102250008400C9B793F7450081CF9727FE1F938766
:1022600067FFFC5FFC5791C38297134544005DB73D
:1022700093F7050291CF9727FE1F9387A7FD83A7AA
:10228000070983A7070991C382971345040259B729
:1022900093F7050191CF9727FE1F9387A7FB83A78D
:1022A000070983A7C70891C38297134504019DB707
:1022B000939725010145E3DF07F49726FE1F83C6A8
:1022C000D6F91726FE1F034646F99725FE1F83C53C
:1022D000B5F81725FE1F034525F8EFA0AF84096563
:1022E00021BF411113068012814522C42A8417257B
:1022F000FE1F130525F606C69727FE1F23A407EC2D
:102300009727FE1F23AE070697E0FD1FE780C05FFB
:102310000145EF3000150145EF30E01C3707D707C6
:1023200031079726FE1F23A1E6F437C70C0C1307CD
:1023300007149726FE1F23ABE6F237C7D70713070C
:1023400007149726FE1F23A5E6F2717713070714DB
:102350009726FE1F2390E6F29727FE1FA38787BAD2
:102360009727FE1F938707EF7D46814603A7070D3A
:1023700023A2D70E23A0C70E83A7470DB7762D043F
:102380009386F61F558F93E7E7099726FE1F23AB29
:10239000E6F89726FE1F23ABE6F89726FE1F23A537
:1023A000F6F81727FE1F2325F7F89727FE1F83C788
:1023B00007BC1727FE1FA30DF7F41727FE1FA30D59
:1023C000F7F4F977FD171727FE1F2318F7F81727DB
:1023D000FE1F2315F7F8FD471727FE1F2301F7F807
:1023E0009727FE1FA38407EA930730301727FE1FA5
:1023F000231FF7E81727FE1F231CF7E8EF206EEED8
:102400009727FE1FA389A7E49307C01C1727FE1F69
:10241000231FF7EA9727FE1F83D7C7B4A98317277F
:10242000FE1FA30BF7EA9727FE1F938767B383D797
:1024300007011307B00F6374F7009307B00F1396EB
:10244000070141821727FE1F231BF7E21727FE1FF4
:102450002319F7E29306E6001397360042074183FB
:102460009725FE1F239EE5E09725FE1F239CE5E0B0
:10247000ED456373B600ED471726FE1F231DF6DEFC
:1024800013068014BA876374C70093078014172754
:10249000FE1F2313F7DE1727FE1F2311F7DE8547E4
:1024A0001727FE1FA307F7DEB70703009387C71C94
:1024B0001727FE1F2320F7DE9727FE1F23AE07DC1A
:1024C000B7170706938707441727FE1F2328F7DC53
:1024D000B70716008E06938707901727FE1F231E47
:1024E000D7D81727FE1F2321F7DAEF707FE0EF50D0
:1024F0000003EF60DFFA2244B24041016F70E068F0
:10250000411106C622C426C21727FE1F034767D8FB
:102510009727FE1F83C7F7D76369F7000144228519
:10252000B2402244924441018280AA849305102043
:102530001305800B97F0FD1FE780E0F02A8479DD1A
:102540001306800B814597E0FD1FE780E03B81E4A7
:10255000C1572304F4009727FE1F9387A7CFB84FD6
:102560002DEF1727FE1F232187D41727FE1F232FA8
:1025700087D21727FE1F232D87D22320040005476B
:102580009726FE1F2387E6D00547A304E400130720
:1025900000F9A305E4001727FE1F130767BA1453B9
:1025A00058531725FE1F0345E59C74C438C87D5752
:1025B000230BE40083C7A704A30EE4062304A406A8
:1025C0002306F40AEF702FAC83476406A30AA40025
:1025D00093E737002303F40699B7F84F00C3172792
:1025E000FE1F232787CC2320040003C7E70305072A
:1025F00041BF011152C4172AFE1F130AEAB68327EE
:102600000A0006CE22CC26CA4EC656C21307800741
:102610004AC82A84F8D30945EF70EFED9729FE1FC9
:102620009389C9B183A70900972AFE1F938A0AB923
:1026300037063300D857930530020545719B136761
:102640001700D8D798431377F7CF98C398431377D9
:10265000F7CF1367072098C303A70A001447D18E4A
:1026600003260A0014C7B70603009386862534CADA
:102670005457F59A54D70347E4079376F7079843DE
:10268000137707F8558F98C3EF200ECA64449D470F
:102690002308F400230FA4062380F4008547A381B8
:1026A00004002381F4007C4893F707209DCB9147D9
:1026B000A381F4008347E40A8346D40A78449A0746
:1026C000D58F2302F70083C7240081468507238125
:1026D000F4000346040B8345D40A0345E40AEF7073
:1026E0008FC97C4893F70740B1C303C734007C44CB
:1026F00083C6240013678700A381E4000357A4085E
:10270000B697A381E70083C7240078448346F40783
:102710003E978357A4089206A183BD8BD58F2302D1
:10272000F70083C7240089072381F40003C624002F
:10273000035744089307D00F918F9726FE1F938667
:1027400066B163D1E72483450408054793078042B7
:102750006385E50085679387878479479387371A70
:10276000B3C7E70283C6860793E606019725FE1FD7
:10277000238ED5B483260A00C1658CC63387E70251
:102780000607B8D283C6340093E60601A381D400BD
:1027900078448346E4073297A301D70083C6240018
:1027A000784436972302F70003C724007C44BA9785
:1027B000034704081607A382E70083C724008D0798
:1027C0002381F4008347040693F7070485C703C7F2
:1027D00034007C4483C6240013670704A381E4000B
:1027E00003475401B697A381E70083C724008507F8
:1027F0002381F4008347C4070547C11793F7F70FF8
:102800006366F70603C9240015469725FE1F9385C6
:10281000C5B4930739000329C4043E99A147230096
:10282000F90093078002A300F9001305290097E03F
:10283000FD1FE78040060347C407C147631DF71427
:1028400083578408A1072311F408C547230EF40613
:1028500083472408A303F90083572408A183230492
:10286000F90083C72400A5072381F4000356440818
:10287000014931C203C7240068448325840A9307B1
:1028800037003E9583C73400C18B638007127959A6
:102890003309E9401379F90F4A8697E0FD1FE78075
:1028A00080FF8327840ACA973CDC83574408B38798
:1028B00027412319F40603C724009377F7038507FC
:1028C0003E991379F90FA30824012381E4007C4485
:1028D000A380270183260A00930770F9A305F4005B
:1028E000DC42F99BDCC29727FE1F9387A78D9C4390
:1028F000E1C70347A40003A5090037060082BA9781
:1029000083C7070058557D169395870193F7F70302
:10291000E185E607718FD98F5CD51307A00383A7E4
:102920000A006359B70AF84F37060007518FF8CFEE
:1029300083A709000327C408814517250000130554
:10294000A52E98C703270409D8C39717FE1FA38A8B
:10295000077E9717FE1F2387077E7C44BCDEEF109F
:10296000FEDA03461401834504086244F240D2446F
:102970004249B249224A924A0145056117F3FD1FB7
:102980006700038E83C7860793F7F70E1727FE1F8E
:10299000230EF79205BD0357840883572408998FA7
:1029A0000947E347F7EAC94755B597E0FD1FE780B8
:1029B00080EE0349440801B78305840603A5090096
:1029C0003706008293F7F503139797015C557D1640
:1029D000F18F91B713072002635AB700F84F3706FB
:1029E00000F97D16718F3706000589B7370700F9A2
:1029F0001306F7FFF84F6945718F37060003E34769
:102A0000B5F2370600011DB79716FE1F9386C675EF
:102A10008C42411122C426C206C64AC093078007D1
:102A2000FCD19717FE1F938767719C432A84370553
:102A30003300D857719B13671700D8D79843137783
:102A4000F7CF98C398431377F7CF1367072098C33E
:102A50001717FE1F1307877618431047498E10C7B4
:102A60003706030013068625B0C95057759A50D70C
:102A70000347E4071376F7079843137707F8518F56
:102A800098C364449D472308F4002380F4008547DD
:102A9000A38104002381F4007C4893F7074085CF8D
:102AA000A147A381F4007C440357A4082382E700D4
:102AB00083C7240078440346F4073E978357A4084D
:102AC0001206A183BD8BD18F2302F70083C7240098
:102AD00089072381F40083C5240003572407930743
:102AE000E00F8D8F63D2E70803460408054793077C
:102AF00080426305E60085679387878479479387DB
:102B0000371AB3C7E7021716FE1F0346267C944206
:102B1000136606011715FE1F230AC57A416690C683
:102B20003387E7020607B8D283C6340093E606016E
:102B3000A381D40078448346E4072E97A301D700ED
:102B400083C62400784436972302F70003C7240085
:102B50007C44BA97034704081607A382E70083C79B
:102B600024008D072381F4000356240701491DCE5C
:102B700003C7240068442C5C930737003E9583C745
:102B80003400C18BADCF79593309E9401379F90F7E
:102B90004A8697E0FD1FE78000D03C5CCA973CDC8A
:102BA00083572407B38727412319F40603C724005A
:102BB00001459377F70385073E991379F90FA30829
:102BC00024012381E4007C44A3802701930770F94A
:102BD000A305F40003461401834504082244971713
:102BE000FE1FA3800756B240924402499717FE1F6A
:102BF000238A0754410117E3FD1F6700636697E0CE
:102C0000FD1FE78040C9034924072319040679BF43
:102C1000411122C406C62A8426C24AC0EF40701160
:102C2000835784080347C40785072314F4088D4796
:102C3000631EF70C9147230EF4067C481717FE1FFE
:102C40001307476193E787007CC883479707898B01
:102C5000EDDF8347970793F7C70F1717FE1FA307EB
:102C6000F7669717FE1F9387E72E9C4382970357BB
:102C700064089717FE1F83D7E7333307F7029307DC
:102C80000032130707193357F7029717FE1F938770
:102C9000E731DC43B306E500368663E4A60063E46F
:102CA000F6003386F640232CC4089716FE1F83C611
:102CB000962C636AD604158E9306D407A285170551
:102CC00000001305E517EF108EA22285EFF07F922A
:102CD0009714FE1F93840458EF60BFF983C78407DD
:102CE000C18BCDC383C7840793F70702E5DF83C792
:102CF0008407228593F7F70C1717FE1F2308F75C4C
:102D0000EFF09FD0E1BF958F3E967DB71719FE1F5C
:102D100013094924832709008297AA84832709007D
:102D20008297E38DA4FE8327090083248409829778
:102D300063E0A4063385A4409717FE1F83C7B7231B
:102D40009714FE1F83D4042763E3A70029E9835760
:102D50006408130700321716FE1F13062625B387D3
:102D60009702504293870719B3D7E70203278409D4
:102D70003E97BA866364F7006364C700B306C74032
:102D8000232CD408B240224492440249410182805B
:102D90009717FE1F93878721DC43BE9461BF971767
:102DA000FE1F83C7B75293E717001717FE1FA30F25
:102DB000F75037470F0013070724B335E50297177D
:102DC000FE1F9387673A03A90700B7070800268606
:102DD0002324F90081463305E502EF80203C0605F7
:102DE0002326A9061717FE1F1307C7468347970711
:102DF000898BEDDF834797071716FE1F1306061B07
:102E0000504293F7C70F1717FE1FA301F74C8357C4
:102E1000640813070032B387970293870719B3D763
:102E2000E702032784093E97BA866364F700636468
:102E3000C700B306C740232CD40841BD8347C5074C
:102E4000B1CB411122C406C626C249472A84639CDD
:102E5000E70203572508835785086316F702930492
:102E6000050A15469715FE1F9385254F268597E081
:102E7000FD1FE78040A22685EF40F0379147A30071
:102E8000A408230EF40622852244B2409244410154
:102E90006FF01FD882808347E501411122C406C626
:102EA0009907A308F5007C4511472308E500238016
:102EB000E7007C45034715012A84A380E700834788
:102EC0005503858B91E70347450389476319F7004D
:102ED00078448347070093E707042300F70068441A
:102EE000930564031946090597E0FD1FE780A09A42
:102EF00068440356E4014C54210597E0FD1FE78028
:102F00008099930730F9A305F400B24022444101AF
:102F1000828041114AC01719FE1F1309A933832764
:102F2000490B06C622C426C299E3054505AAAA8410
:102F3000EF603FD48327490B8297EF40C0362A8445
:102F40006DD5DC50AC482324F50803C7B4009307C3
:102F5000A009631BF71085472300F51483C73406C7
:102F60002303F514A303F51483C7F50003C7050174
:102F70000148A2074207BA9703C7E5001546F905BD
:102F8000BA9703C735FF130584136207BA97232C3A
:102F9000F40883C755FF03C765FFA2074207BA9726
:102FA00003C745FFBA97232EF40883C775FFA30B09
:102FB000F40283C795FF03C785FFA207D98F231C9F
:102FC000F40283C7B5FF03C7A5FFA207D98F231D4E
:102FD000F40283C7D5FF03C7C5FFA207D98F231EFD
:102FE000F40283C7F5FF03C7E5FF232E0413A207EE
:102FF000D98F231FF4028147232CF41297E0FD1F81
:10300000E7806089B84883473702FD8BA30AF40242
:1030100003473702ED1793F7F70F15832308E402F0
:103020002D476368F7028357A40305679306A7C774
:10303000E917C207C18363EEF6008356C403930702
:10304000301F63E8D7008357E403130707C8637E84
:10305000F70203558400EF4080430145B24022440B
:1030600092440249410182808327890D13971701F9
:10307000E35C07EEFC4403C7070083C70500F98F34
:103080009583858B2300F514C5B58327890B22858D
:1030900082978327090E03558400294693F707205A
:1030A00091E3054693050008EF60406E8327890D84
:1030B0001397170163590700035584005146930580
:1030C0000008EF60A06C83274905FC4B139747006D
:1030D000E35D07E403C58400A38B04004946930520
:1030E0000008EF60A06A91B5411122C406C626C24D
:1030F0004AC09717FE1F83C7F7152A848DEB034735
:10310000040185476316F70E8347D403034754042D
:10311000858B631DF70C1946930564041305E403BE
:1031200097E0FD1FE780A082B334A00091A88347F9
:103130005504CDC78347B5041307000493F7070C64
:10314000639EE708085921C513096404CA8513055D
:10315000A502EF60C0758547AA84631AF502085876
:1031600089472302F404834735001946CA8593E74B
:103170002700A302F404510597D0FD1FE780A0713A
:10318000B24022442685024992444101828003478D
:10319000040185476304F70483470406918B9DEF80
:1031A0008347C40385EF1305440497F0FD1FE780B0
:1031B000E0E208D805C589472302F40483473500B7
:1031C00019469305640493E72700A302F40451050C
:1031D00097D0FD1FE780206C85445DB78347C4030B
:1031E000898B91DF1C5883C7170091FB814449BF2D
:1031F00083470406918B89FB8347D40013F717009C
:103200000DC3834634010D47639DE60068402C449E
:103210002244B24092440249410117E3FD1F670076
:10322000A3C3898BD5DB034734019547E316F7FA2F
:10323000F1BF41119717FE1F238A070822C4930785
:1032400010F906C6A305F5009717FE1F938707130D
:1032500080430DC085451715FE1F034515CBEF10A4
:103260008EB4930710273305F50222832244B2401F
:1032700041010283B2402244410182808347A5017B
:1032800099C70347A5006314F7006FF09FFA03473F
:10329000950111CF8346A5006382E6022305E50070
:1032A00089451715FE1F034555C66F005ED6F1DF31
:1032B0000347A50079FB2305F500DDB7F9D7E5BF86
:1032C0002C49314783C7150093F7F7032309F5000D
:1032D0006386E700930700083E85828083C7050068
:1032E0000D47BD8BA309F500E396E7FE41114AC0E7
:1032F0001309650322C419462A84A1054A8506C616
:1033000026C297D0FD1FE780806491470DC52C48E9
:1033100013056404194683C7050089059987858BC1
:10332000A302F40497D0FD1FE780E0562285EFF05A
:10333000BFDB09E9A147B2402244924402493E85DD
:10334000410182801305000483044401EF201EDD47
:1033500062056185E3C0A4FE64449D472308F40030
:103360002380F40085472381F400A381F400CA85FB
:1033700019461385440097D0FD1FE780C05183C7CD
:10338000240003C734000149990793F7F70F136727
:1033900087002381F400A381E4007844BA9703579F
:1033A000C406A381E70083C724007844834614063B
:1033B0003E978357C4069206A183BD8BD58F230207
:1033C000F70003C7240009071377F70F2381E400F0
:1033D0008356E401D5CE83470406795993F7070451
:1033E00091C375593309E9401379F90F6372D90A0A
:1033F00003463406751985461379F90F9307804201
:103400006305D600856793878784F9469387371AC3
:10341000B3C7D7021716FE1F034646EB1366060115
:103420009715FE1F2384C5EA1716FE1F1306C6D381
:103430001042C1650CC6B386D702860634D283C655
:10344000340093E60601A381D400744403462406A5
:103450003697A301C70083C6240078443697230219
:10346000F70003C724007C44BA97034734061607C5
:10347000A382E70083C724008D072381F4005C54F6
:10348000CA973CDC8357E401B38727412319F4062C
:103490008347040693F7070485C703C734007C44B9
:1034A00083C6240013670704A381E4000347540183
:1034B000B697A381E70083C7240085072381F40022
:1034C00003C524000356E4014C54930735006844B7
:1034D0003E952DCE636CC90697D0FD1FE780A03BBB
:1034E0000349E40103C724009377F70385073E9956
:1034F000A30824012381E40083475403858B91E7CB
:103500000347440389476319F7007844834707005A
:1035100093E707042300F7007C4483451401A3804C
:10352000B70003453406930790F9A305F400EF6054
:103530004FD103461401834534060D4597E0FD1F26
:10354000E78000D2EF60EFF28147F5B34A8697D06B
:10355000FD1FE780403479B72C491307200283C749
:10356000150093F7F7032309F500639CE714411155
:1035700022C406C626C283C7050015472A84BD8B10
:10358000A309F500639CE7021946A105130565032D
:1035900097D0FD1FE780A03B9147630E05102C4894
:1035A00019461305640483C7050089059987858B2F
:1035B000A302F40497D0FD1FE780E02D2285EFF0F1
:1035C000BFB2A1476DC99714FE1F9384249E9C40EF
:1035D00082979307E5013E87D44063E4A70063E444
:1035E000D7003387D7406444A1472308F40058D05C
:1035F0002380F40085472381F400A381F400194659
:10360000930564031385440097D0FD1FE780A0282D
:1036100083C7240099072381F40083C7340093E70C
:103620002700A381F4008347540481CB7844834767
:10363000070093E707F82300F70019469305640491
:103640001385A40097D0FD1FE780E02483C72400E2
:10365000990793F7F70F13F7F7030507A308E4009B
:103660002381F40083475403858B91E70347440388
:1036700089476319F70078448347070093E70704F5
:103680002300F7007C4483451401A380B700034561
:1036900034069307A0F9A305F400EF608FBA034640
:1036A0001401834534060D4597E0FD1FE78040BBBC
:1036B000EF602FDC8147B240224492443E854101B5
:1036C0008280930700083E85828041114AC0171905
:1036D000FE1F130969A98327090022C41307800765
:1036E00006C626C2F8D32A840945EF60CFE09717B3
:1036F000FE1F9387A7A49C439715FE1F938505ACD7
:10370000D857719B13671700D8D703260900584272
:103710001367170058C21717FE1F1307A7AA1843ED
:10372000630A07188346A400370500827D15369783
:1037300003470700D457131887011377F70313586B
:1037400088416607E98E558FD8D79306A003984124
:1037500063DE0617744F37050007C98E74CF984390
:103760001377F7CF98C398431377F7CF13670720E2
:1037700098C39841B70533001447CD8E14C7B706D8
:1037800003009386862534CA5457F59A54D70347C5
:1037900024069376F7079843137707F8558F98C355
:1037A00037C7898E130767ED98C7375755006444AC
:1037B00013075755D8C39D472308F4002380F4000E
:1037C00085472381F400A147A381F4007C4403577B
:1037D000C4062382E70083C7240078448346140686
:1037E0003E978357C4069206A183BD8BD58F2302D3
:1037F000F70003C524009307E00F09051375F50FC3
:103800002381A40003562407898F63CFC7047C4417
:103810002C5C0D053E9597D0FD1FE780C00703C7C0
:103820002400834724079376F7038507B697A308F8
:10383000F4002381E40083475403858B91E7034719
:10384000440389476319F70078448347070093E7E7
:1038500007042300F7007C4403471401A380E7001A
:10386000930780F9A305F400832709007844B8DFA3
:103870009707FE1F83C7477481EB8145171500002A
:103880001305853AEF009EE803461401834534068C
:1038900022449717FE1FA386078AB240924402492A
:1038A0009717FE1F2380078A0145410117E3FD1F7B
:1038B0006700039B03088406370500827D15137794
:1038C000F80393169701D857698FB5BD9306200268
:1038D00063DA0601744F370500F97D15E98E370567
:1038E0000005A5BDB70600F91385F6FF744FE9483A
:1038F000E98E37050003E3C208E737050001B1BDD3
:10390000397152D4171AFE1F130A0A8603260A00B9
:1039100022DC26DA06DE4AD84ED6930780077CD210
:103920009717FE1F938787819C43B70533002A842E
:10393000D857719B13671700D8D798431377F7CFE1
:1039400098C398431377F7CF1367072098C31717C7
:10395000FE1F1307A78618431447CD8E14C7B7065A
:1039600003009386862534CA5457F59A54D70347E3
:1039700025069376F7079843137707F8558F98C372
:1039800064459D472308F50085462380F400A38104
:1039900004002381D4008347F5050D476385E700C4
:1039A0001947639BE74C8547A381F40019469305AB
:1039B00064031385440097D0FD1FE780C0ED83C7E3
:1039C000240099072381F4000347F40599476316FF
:1039D000F70483C734001385A40093E72700A3816D
:1039E000F40083475403898B6382071E0C5883C7F6
:1039F0002501638D071C1946D10597D0FD1FE7806F
:103A000080E978448347070093E707F82300F7002D
:103A100083C7240099072381F40083C7340003C7B8
:103A2000240093E78700A381F4007C44BA970357EE
:103A3000C406A381E70083C72400784483461406A4
:103A40003E978357C4069206A183BD8BD58F230270
:103A5000F70083C72400890793F7F70F2381F40049
:103A60008356C40163860618034704067959137701
:103A7000070411C3755978483309F9401379F90FD0
:103A8000118B01C739191379F90F8149637FD9085F
:103A900083463406751905471379F90F9309804257
:103AA0006385E60085699389898479479389391A02
:103AB000B3C9E9029716FE1F83C6468193E6060145
:103AC0001716FE1F2304D68083260A00416690C67F
:103AD0003387E9020607B8D203C73400136707012A
:103AE000A381E400784483462406BA97A381D700D3
:103AF00003C724007C44BA972382370103C72400FC
:103B00007C44BA97034734061607A382E70083C7AD
:103B100024008D072381F4001C54CA973CDC835792
:103B2000C401B38727412319F4067C48914613F753
:103B3000C700630BD700B1466318D720834614062D
:103B40000347F4076392E620A18BCDCB9707FE1FB6
:103B5000938747409C438329840982971707FE1F58
:103B60001307C74463E9A908B7470F003385A94085
:103B700093870724B335F502035687008146330542
:103B8000F502EF70A061AA89B7074B00138749EDD2
:103B90009387B7C763EAE71A49468145680097D01B
:103BA000FD1FE78060D6B7C70300938737FC63CD5E
:103BB000370DBD09F947B3C9F902B2477977F98FD3
:103BC000CE0993D93901B3E93701FDA08347D40366
:103BD00081CB78448347070093E707F82300F70079
:103BE00019469305E40397D0FD1FE780C0CA0DB5C1
:103BF000814901491DBF5C43BE99BDB783C73400ED
:103C000083463406C18B9DC3F9470547B389F90242
:103C1000835724076399E600938787078587BE99B2
:103C20009389492995B793870707D5BF83C7240090
:103C30000357C40105463E979307070F6395C600D7
:103C40009307870F85871707FE1F0347376813679A
:103C500017001706FE1FA30BE66603270A003706A8
:103C600008009389875210C7938757547946B3C782
:103C7000C702B387C70286077CD783471406230091
:103C8000D408A30FF40609B7B7872500138737EDCB
:103C9000634637031307C01293896909B3C9E90260
:103CA000B24789661387F6FFD58F33F7E900F979B4
:103CB000B3F93701B3E9E9004EC619A863C837174D
:103CC0008357C1006977F98F1167D98F2316F100E7
:103CD0008357640868446C00139707018357C10039
:103CE000D98F3EC68327040A0327C4083EC883270A
:103CF000440A13168700618393F6F7019707FE1FA6
:103D000083C777559D8B9607D58FD18F3ECA832762
:103D100004094946A2075D8F835784083ACC231EC5
:103D2000F10083C724008D073E9597D0FD1FE780E3
:103D300080B683C7340093E70702A381F40083C7EA
:103D40002400C9072381F4008347040693F707047E
:103D500085C703C734007C4483C624001367070467
:103D6000A381E40003475401B697A381E70083C70A
:103D7000240085072381F4000356C40161EA014948
:103D800083C624008347E40513F7F60305073A9931
:103D90009A07D58FA30824012381F4008347540395
:103DA000858B91E70347440389476319F7007844FB
:103DB0008347070093E707042300F7007C44034789
:103DC0001401A380E700930760F9A305F400784489
:103DD00083270A00B8DF9707FE1F83C7E71D81EB23
:103DE000814517150000130525E4EF003E920327D7
:103DF0000A009707FE1FA38607349707FE1F238339
:103E000007345C43014593E717005CC30346140184
:103E10008345340697D0FD1FE7808044F2506254FA
:103E2000D2544259B259225A21618280B787DAFFAF
:103E300093876709BE998347D10093F7F7F993E712
:103E40000706A306F1009307C012B5B303C524000B
:103E50000C549307350068443E956369C90097D0B8
:103E6000FD1FE78040A30349C40119BF4A8697D0CC
:103E7000FD1FE78040A229B71387E7FF1377D70F0D
:103E80006310071CA381D4009305650319461385AD
:103E9000440097D0FD1FE78000A083C7240003C71C
:103EA00034009709FE1F9389E93A990793F7F70FB2
:103EB000136787002381F400A381E400784401495B
:103EC000BA970357C406A381E70083C72400784448
:103ED000834614063E978357C4069206A183BD8B82
:103EE000D58F2302F70083C624009147890693F6F5
:103EF000F60F2381D4000347F405631CF70A8347B8
:103F00000406795993F7070491C375598357C4017F
:103F10003309D9401379F90F637DF9080346340654
:103F2000751905471379F90F930780426305E60079
:103F300085679387878479479387371AB3C7E702E2
:103F400003C68907136606019705FE1F2380C5383F
:103F500003260A00C1650CC63387E702060738D27C
:103F600003C7340013670701A381E40078440346C4
:103F70002406BA96A381C60083C6240078443697E7
:103F80002302F70003C724007C44BA970347340692
:103F90001607A382E70083C724008D072381F4005E
:103FA0001C54CA973CDC8357C401B38727412319AB
:103FB000F4068347040693F7070485C783C73400D4
:103FC00003C7240093E70704A381F4007C44BA9755
:103FD00003475401A381E70083C724008507238199
:103FE000F4000347F4059147631AF7040356C4012C
:103FF00031C603C524000C549307350068443E9530
:104000006368C90297D0FD1FE780E0880349C401B7
:104010000347F4059147631CF72483C7890793F787
:10402000070F93E757001707FE1F2301F72A89BBE5
:104030004A8697D0FD1FE7800086D9BF0149C9BFD6
:1040400093F7B70F0547E39CE7D2A381F4009305EC
:10405000650319461385440097D0FD1FE780A083B0
:1040600083C7240099072381F40083C7340093E7B2
:104070002700A381F4008347D40381CB784483478E
:10408000070093E707F82300F700834754031385DD
:10409000A400898B6383071A0C5883C72501638E9C
:1040A00007181946D10597C0FD1FE780C07E7844E8
:1040B0008347070093E707F82300F70083C724002E
:1040C00003C734009709FE1F9389C918990793F70E
:1040D000F70F136787002381F400A381E40078447D
:1040E0000149BA970357C406A381E70083C7240098
:1040F0007844834614063E978357C4069206A183EC
:10410000BD8BD58F2302F70083C62400854789061F
:1041100093F6F60F2381D4000347F405631CF70AD6
:1041200083470406795993F7070491C37559835758
:10413000C4013309D9401379F90F637DF9080346A7
:104140003406751905471379F90F93078042630503
:10415000E60085679387878479479387371AB3C7C3
:10416000E70203C68907136606019705FE1F238F22
:10417000C51403260A00C1650CC63387E70206078B
:1041800038D203C7340013670701A381E4007844E1
:1041900003462406BA96A381C60083C62400784449
:1041A00036972302F70003C724007C44BA970347DD
:1041B00034061607A382E70083C724008D072381F6
:1041C000F4001C54CA973CDC8357C401B3872741D1
:1041D0002319F4068347040693F7070485C783C7AA
:1041E000340003C7240093E70704A381F4007C4450
:1041F000BA9703475401A381E70083C724008507CA
:104200002381F4000347F40585476310F70603563E
:10421000C40121CE03C524000C5493073500684423
:104220003E95636EC90297C0FD1FE780C0660349D3
:10423000C4010347F4058547F9BB8347D40381CB09
:1042400078448347070093E707F82300F7001946EF
:104250009305E40397C0FD1FE780E06385B54A86B8
:1042600097C0FD1FE7802063E9B70149D9B783C72D
:10427000890793F7070F93E7670075B301115AC0D9
:10428000170BFE1F130B0BFD83274B0A06CE22CC08
:1042900026CA4AC84EC652C456C26393075A2A84D5
:1042A0000945EF505FA51709FE1F1309E9EB032627
:1042B0000900930780079709FE1F938929E87CD29C
:1042C00083A70900170AFE1F130A4AEFB705330038
:1042D000D857DA8A719B13671700D8D7984313779A
:1042E000F7CF98C398431377F7CF1367072098C386
:1042F00003270A001447CD8E14C7B7060300938620
:10430000862534CA5457F59A54D78346A40013F629
:10431000F607944393F606F8D18E94C35C4393F763
:10432000F7EF5CC30100010003270A005C4393E739
:1043300007105CC38347E4007844BD8B2308F40076
:104340002300F7001D476444639BE73E8547A38134
:1043500004002381F4000347F4058D466313D72836
:104360008357C401639407187C481147B18B638F4E
:10437000E71631476398E700034714068347F407BD
:104380006306F7168547A381F40019469305640375
:104390001385440097C0FD1FE780E04F83C72400CA
:1043A000990793F7F70F2381F40003470406137767
:1043B000070415C303C7340013670704A381E4008F
:1043C0007844BA9703475401A381E70083C72400C8
:1043D00085072381F4009707FE1F238907EE83C614
:1043E00024008347E40513F7F60305079A07D58FE2
:1043F000A308E4002381F400930740F9A305F40027
:1044000083475403858B91E7034744038947631926
:10441000F70078448347070093E707042300F70079
:104420007C4403471401A380E70083260900DC4293
:1044300093E71700DCC29707FE1F9387A7D89C431A
:104440006388073A0347A40003A5090037060082E2
:10445000BA9783C7070058557D169395870193F740
:10446000F703E185E607718FD98F5CD51307A003A9
:1044700083270A00635CB738F84F37060007518F6F
:10448000F8CF03A70900B7C7898E938767ED1CC7CC
:10449000B7575500938757555CC389471707FE1FC9
:1044A000A303F7CA9707FE1FA38D07C89707FE1F30
:1044B000238A07C87C4483444406814517050000CD
:1044C00013058576BCDEEF006EA40346140162443A
:1044D000F2404249B249224A924A024BA685D2444E
:1044E0000145056117D3FD1F670083D7A147A3814D
:1044F000F4008357C4062382F4008357C40603479D
:1045000014067444A1831207BD8BD98FA382F600D1
:1045100003C62400054709061376F60F2381C4005D
:1045200083C78A0783260900631AF70803478401B3
:104530009307E6008E07231AF4069387C708B3870C
:10454000E702F94509451708FE1F2301A8D8416570
:1045500088C6938707FBC207C18393877716B3C7C3
:10456000B70213970701B387B70241838607BCD20E
:1045700083C7340093E70701A381F4007C443E968F
:104580008347240693E70704A301F60083C62400AB
:104590007C44B6972382E70083C624007C442183B1
:1045A0007D8BB697834634069606558FA382E70027
:1045B00083C724008D072381F40015B5B852F9474D
:1045C00005833357F702BC52EC528583FD8BAE97BF
:1045D000FCD28D479706FE1F238AF6CE4207418301
:1045E00041BF19466318C70A0357C40145E7A381B1
:1045F000F400138544009305640397C0FD1FE78012
:10460000802983C724001385A40099072381F4001F
:1046100083C7340093E72700A381F4008347540342
:10462000898BB9C70C5883C72501B9C31946D10571
:1046300097C0FD1FE780202678448347070093E753
:1046400007F82300F70083C72400990793F7F70FB3
:104650002381F4000347040613770704E30D07D60C
:1046600083C63400784493E60604A381D40091BB4A
:104670008347D40381CB78448347070093E707F847
:104680002300F70019469305E40397C0FD1FE78058
:10469000802055BFA147A381F4008357C40623821D
:1046A000F4008357C406034714067044A18312071D
:1046B000BD8BD98FA302F60003C624000547090667
:1046C0001376F60F2381C40083478B0783250900E7
:1046D0006315F704034784019307F6008E07231A36
:1046E000F4069387C708B387E702F9460945170818
:1046F000FE1F230DA8BC416588C5938707FBC20731
:10470000C18393877716B3C7D70213970701B3877F
:10471000D70241838607BCD1A1BDB851F9470583B3
:104720003357F702BC51E8518583FD8BAA97FCD122
:104730009707FE1F238CD7B84207418315BD054755
:10474000639CE708B147A308F40083475403898BAF
:10475000ADC30C5883C72501A9CF1946D1051385D0
:10476000840097C0FD1FE78000137844834707004B
:1047700093E707F82300F70068441946930564039C
:10478000090597C0FD1FE780001183A78A0D1397C5
:104790001701635D07008347E400B98B81EB784420
:1047A0008347070093E707022300F700930720F9E8
:1047B000B1B18347D40399C783C7040093E707F8CF
:1047C0002380F400684419469305E403210597C04B
:1047D000FD1FE780400C4DB70356C4010C541385F0
:1047E00084009307660093F7F703A308F400C5B7A6
:1047F0008305840603A509003706008293F7F503B5
:10480000139797015C557D16F18FB9B913072002F4
:10481000635AB700F84F370600F97D16718F3706D7
:104820000005B1B9370700F91306F7FFF84F6945DE
:10483000718F37060003E344B5C43706000181B128
:10484000F2406244D2444249B249224A924A024B5F
:104850000561828041119707FE1F9387A79F22C49D
:10486000A05306C605478346C4006390E60283C78B
:10487000870711476315F7002285EFE09F9B22858C
:104880002244B24041016FF07F9FB2402244410177
:1048900082809707FE1F9387E79BBC4F99E33E8575
:1048A000828003C78700E30CA7FE9C43C5BF0111AC
:1048B00006CE22CC26CA4AC84EC6EFF09FFD11E9AB
:1048C0000149F24062444A85D2444249B2490561F5
:1048D0008280834755032A8489EF19469705FE1F76
:1048E0009385C5A51305640397C0FD1FE780A0FA53
:1048F000B5A80547639EE7009707FE1F83C7A795E6
:104900004949E1D319469705FE1F938585A3D9BF71
:104910001C59A1EB8347C503230A050291EB03470A
:1049200054038547230AF4028947E317F7FC75B758
:104930001305C50397D0FD1FE780006508D815C192
:10494000EF40B07D0C5883C7A50081CF8947230A6B
:10495000F4021946B1051305640397C0FD1FE780F3
:1049600080F3034744038947E31BF7FA9707FE1FC9
:1049700083C7578E9DCB8347C40385CB83473404BD
:10498000130700041305C40393F7070C6394E70EA1
:1049900097D0FD1FE780806408D81C5899C783C74B
:1049A000270181C78947230EF4020349C400E31994
:1049B00009F085478349E4002306F400A304F400CA
:1049C0009707FE1F2388078897F7FD1F83C7B75AED
:1049D00093940701231BF40613F7F9009947C1804C
:1049E00063F6E7040357C40117F5FD1F0345E5759A
:1049F00037460F0093173700AA971305A00F3357B8
:104A0000A7029387970E17F5FD1F0355A55A1306A6
:104A10000624814691042607BA97B3A5A702330559
:104A2000F502EF60A077AA94231B94068357E4064F
:104A300023180406A9C7034564019307F00F630711
:104A4000F500EFF03DAEFD57230BF4000356E406EE
:104A5000930664011206A285171500001305259719
:104A6000EFF03D91854517F5FD1F0345154AEFF021
:104A70000DDA81BD97D0FD1FE780005131BF85471A
:104A8000E392F9FE034564019307F00F6307F50015
:104A9000EFF05DA9FD57230BF40005669306640152
:104AA000130606804DBF411122C42A84094506C65B
:104AB000EF506FA4EF50EF9B228523060400A3055F
:104AC0000400A3040400EFE0CFF6854517F5FD1FB1
:104AD0000345B543EFF0DD9D894517F5FD1F0345FF
:104AE000D542EFF0FD9C034564019307F00F630787
:104AF000F500EFF03DA3FD57230BF400B240224434
:104B0000410182802C49411106C622C426C24AC0F6
:104B100083C715007D4793F7F7032309F500E917CD
:104B200093F7F70F637BF70093040008B240224429
:104B30002685024992444101828083C70500BD8BCE
:104B4000A309F500F51793F7D70FF9FF2A84194643
:104B5000A1051305650397C0FD1FE78040DF914461
:104B600071D52C4885472302F40483C705001946F4
:104B700089059987858BA302F4041305640497C003
:104B8000FD1FE78040D12285EFE00FD685472A89B7
:104B9000E31CF5F8034734019547631FF702EF0064
:104BA000906A97F7FD1F83C7673F6377F5028347D6
:104BB0000401E36BF9F697F7FD1F9387A7399C4330
:104BC0008144829748D02285EFE0AFB4E31025F707
:104BD0002285EFF05FED99BF8347040181C7194734
:104BE000E394E7F41305000483044401EF100ED3AB
:104BF00062056185E3CAA4F22285EFE0CFA983456F
:104C00001401034544068144EF40BFE30346140109
:104C1000834544060D4597C0FD1FE7806064EF5053
:104C20004F8529B7397126DA97F4FD1F9384846282
:104C300022DCA0504AD84ED652D456D25AD05ECE9C
:104C400062CC66CA06DE314B978A0000938ACA633B
:104C5000914B17F9FD1F1309A94E97F9FD1F938971
:104C6000A9500D4C930C7009130A44018347B400FA
:104C70009387E70693F7F70F6366FB188A07D697C3
:104C80009C43D69782870146930550020145EF4029
:104C9000FFE5130650028145054597C0FD1FE780DB
:104CA000205C83473900858BD1C3284881465286D2
:104CB000814597F7FD1FA386074897C0FD1FE78032
:104CC000005101E52285EFF0FFE30347B4009307AD
:104CD0003009E30DF7F8EF40DFF92285EFE00FDA56
:104CE000F2506254D2544259B259225A925A025B3B
:104CF000F24B624CD24C2161828083472900858B24
:104D000095C397F7FD1F238E07428347040105478C
:104D10006375F7001947E390E7FC9307B0F9A30523
:104D2000F400A9B783A70900FC53A9F397F7FD1F67
:104D3000238A07404DB783472900858B6388073C4A
:104D400097F7FD1F238F073E93844199EF407FF231
:104D50009C409DCBDC438DCB89472302F1008347E8
:104D60005404130561001946A302F100834744016E
:104D7000930564042306F10097C0FD1FE780A0B1EE
:104D80009C404800DC4382978347740689CF834563
:104D900054040345840013066404EF900FED834729
:104DA0007406898B9DFB2285EFE0AFC815BF0345D4
:104DB0003406014693055002EF405FD38345340625
:104DC00013065002054597C0FD1FE78060498347E1
:104DD0003900858B63810734284881465286814596
:104DE00097F7FD1FA38F073497C0FD1FE780203E74
:104DF00001E52285EFE04FF60347B4009307A009D1
:104E0000E306F7E6EF40FFE679BF034534060146C7
:104E100093055002EF409FCD8345340613065002A0
:104E2000054597C0FD1FE780A04383473900858B68
:104E30006383072E284881465286814597F7FD1FD8
:104E4000A381073097C0FD1FE780603801E5228508
:104E5000EFE00FC70347B4009307900955B78347A6
:104E60002900858B6384072A97F7FD1F238B072C66
:104E7000EF403FE083C7840709476307F70083C714
:104E800084070D476315F70283A6090003574407FB
:104E9000BC521307C712858363FBE700930750F9E1
:104EA000A305F400BC528583E39207DCEDBD034704
:104EB00094018347A4011DCF8346A4006305D7282E
:104EC0006387F6002305E4002285EFF02FBB8347BC
:104ED000790093F7F70FE39B07D883C78407094747
:104EE0006307F70083C784070D47E31EF7EA9307BC
:104EF00050F935B5E9DF0347A40071FB2305F40041
:104F0000E1B783C78407E39EFBFE2285EFE05F9F46
:104F1000B1BB83472900858B638A071E97F7FD1F66
:104F20002381072283C78407C18B85C7EF407FD4C5
:104F300083C7840793F70702E5DF83C784072285C9
:104F400093F7F70C17F7FD1F2302F738EFE0EFF7A1
:104F500031BB83C79407858B91C7EF409FD19307DF
:104F6000E0F975BB83C784071547BD8B639DE700D8
:104F7000EF00702D97F7FD1F83C74702E374F5E834
:104F80009307D0F969BB83C784071947BD8BE39B9F
:104F9000E7E69307C0F961B383472900858BE38770
:104FA00007CC97F7FD1F238E071883C78407C18B93
:104FB00089CBEF401FCC83C7840793F70702E5DF57
:104FC000ADBF83C79407858BC9FB83C7840715478B
:104FD000BD8BE387E7FA83C784071947BD8BE38A54
:104FE000E7FAEF401FC9EDB9230E84072285EFD001
:104FF0003FC28347B400E38B97C7DDB183473900D5
:10500000858B85CBEF40FFC697F7FD1F938707136E
:1050100098433C57ED9B3CD797F7FD1F238707121A
:105020003717004083578701C607C583231CF70045
:105030009DBB83A70900FC53E39A07C2EF407FC3DF
:1050400097F7FD1F9387870F98433C57ED9B3CD7FD
:1050500097F7FD1F238B070E3717004083578701F3
:10506000C607C583231CF70097F7FD1F238C070C89
:105070001DBB83472900858BD1CB97F7FD1F23826A
:10508000070C83C78407C18B9DC383C7840793F72D
:105090000702E5DF2285EFE04FE383C7840793F73C
:1050A000F70C17F7FD1F2303F722EF409FBC228563
:1050B000EFE02F98938441999C409DCBDC438DCBAE
:1050C00089472302F1008347540413056100194600
:1050D000A302F10083474401930564042306F10011
:1050E00097B0FD1FE780207B9C404800DC438297FF
:1050F00083477406858BE38507BE834554040345C7
:10510000840013066404EF904FB6D9BE83A709004C
:10511000FC53E39D07B497F7FD1F23850702DDB11C
:1051200097F7FD1F83C7E701858BF5D797F7FD1F1D
:1051300023890700EF40FFB32285EFD09FDD228552
:10514000EFF07F9671BEE38407D84DBB411197F70E
:10515000FD1F9387271022C4E04B06C626C2630AB0
:1051600004248346C40005476395E62497F6FD1F93
:1051700083C676FD1547638BE60017F7FD1F1307FF
:1051800027FC034777008D46639DE6002244B2402A
:10519000924417F5FD1F034555D7854541016FE042
:1051A0001DE783C707008356040217F7FD1F23235B
:1051B0008710850793F7F70F17F7FD1F230CF708E4
:1051C000130700643347D70263C8E700EFF05D9C24
:1051D00097F7FD1F238007080347E4009D476317E7
:1051E000F7048347940685CF8356040763E6F602E7
:1051F0008345840093073004A30BF40013053004A7
:1052000093F6F60F0146EF900FA622852244B24096
:10521000924441016FF03F8985062318D406930517
:1052200030020545EFF05D902301A406854717F78E
:10523000FD1F230DF708034784018D476319F70A03
:10524000EFE01DC00D8901ED930770022305F40006
:1052500093075002A30CF4009307600231A885471E
:105260006310F508930760022305F40093075002CA
:10527000A30CF40093077002230DF4000347E4002D
:10528000854797F4FD1F83C454C86318F70E03566F
:10529000040285452685EFE03DF783475403898B5B
:1052A000EDC78347C403F5C30C58E5C183C7A50008
:1052B000E9CF8947230AF4021946B10513056403AF
:1052C00097B0FD1FE780205D0347C407894763E26D
:1052D000E70C22852244B240924441016FE01FFA5C
:1052E000930750022305F40093077002A5B789467F
:1052F0008347F4006319D70213F7170011CF130780
:1053000050022305E400898B81CF93076002A30C30
:10531000F400230D04009DB7930760022305F400F9
:1053200093077002EDB79DC313F7170001CB9307E6
:1053300050022305F400A30C0400E1BF898B81C750
:1053400093076002FDB793077002E5B783479401A6
:10535000130740026365F7009307500201A8850711
:1053600093F7F70F13077002E368F7FEA30CF4003E
:10537000834794012305F40069BFB9450545EFF063
:10538000ADFA035604022A9629B78547230AF40288
:1053900025BF97F7FD1F9387E7BB9C4383248409B0
:1053A000829763EDA400835764073385A440E372BA
:1053B000F5F2B240224492444101828097F7FD1FEA
:1053C0009387C7BEDC43BE94F9BF011122CCFD57C1
:1053D00006CE230BF5008357E5062A8485C783464E
:1053E0000507834585009307C003A30BF50001461D
:1053F0001305C003EF902F8722856244F2400561B8
:105400006FF06FEA8347E5000547BD8B6386E700D1
:1054100083470506918BEDD397F7FD1F938787E3AD
:1054200083A7070E93F7072085C302C402C202C0F8
:10543000814801488147014781460546814513055A
:10544000C003EF809FFD4DBF02C0814801488147E6
:1054500001478146054681451305C003EF809FF94A
:1054600061BF97F7FD1F23ABA7F08280411106C6ED
:1054700097F7FD1F83C777A989EB17D5FFFF1305A2
:1054800085D4EFF06DBFEFC0DFE597D7FFFF9387BF
:10549000670717F7FD1F2321F7E297F7FFFF9387B1
:1054A000474117F7FD1F232BF7E0B2409707000095
:1054B000938707CA17F7FD1F2324F7E097F7FFFF2D
:1054C0009387873917F7FD1F232EF7DE410182806E
:1054D00011C98327050A93E707082320F50AFD571A
:1054E0002303F502828097F7FD1F23ADA7E8828092
:1054F00097F7FD1F938707D6BC4B9C5799E33E85D2
:10550000828003D78701E30CA7FE93878705FDB749
:10551000011122CC06CE2A84034565029307F00FC1
:105520002E866309F5002EC6EFE0DDFF3246FD57FB
:105530002303F4028347A4020357840493066402FE
:1055400093E707062305F40283570404A285F2407B
:10555000BA972313F404624417050000130585F776
:1055600005616FE01DE1011122CC06CE2A840345BE
:1055700075029307F00F2E866309F5002EC6EFE043
:105580007DFA3246FD57A303F40293067402A28506
:105590006244F24017150000130565FF05616FE0D6
:1055A0005DDD011122CC06CE2A84034585029307D6
:1055B000F00F2E866309F5002EC6EFE0BDF63246E9
:1055C000FD572304F40293068402A2856244F2404C
:1055D00017150000130545FE05616FE09DD9B7075B
:1055E0004801ED0797F5FD1F83D5E5C817F6FD1FA8
:1055F000035626C917F7FD1F0357C7C897F6FD1FA7
:1056000083D6A6C7232EF51A2320F51C231CB51A12
:10561000231AC51A231BE51A231DD51A6D48AE8718
:105620006373B800ED47939507012314F51C6D488B
:10563000C181B2876373C800ED472312F51C1306BE
:105640008014B6876374D600930780142315F51C65
:1056500093068014BA8763F4E6009307801423133B
:10566000F51C2307B50482800347651489468357D8
:10567000A51C631ED70283568514938787E899C6B5
:10568000B3C7E702938757FD214731A02147B3C72E
:10569000E702938757FDB3C7E7020357851CC2078C
:1056A000C18363F3E7003E872307E50482808546D4
:1056B0006316D7009387C7FB1147F1BF938707FB9A
:1056C000E1B78357451B0357051C411106C663F319
:1056D000E7003E87931807018357251C0357651B76
:1056E00093D808016373F700BA87139807018356AC
:1056F000C51B8357851B1358080163F3D700BE866B
:105700000357A51B8357E51B13930601135303018E
:105710006373F700BA8783467514C2070947C183CC
:10572000639AE6000566130606A942876370C802FD
:10573000328729A8032705109316470163CC06007A
:105740000566130686844287E36406FF1318070183
:1057500013580801834665140947639EE6060357FC
:10576000A5039306204E3307D70293F6F80F9A0647
:105770001386F63C9386C64F634406019306C8120F
:10578000158F63D3E7003E87420705664183130602
:1057900006A9BA876373C700B287C207C1830356DD
:1057A000451C13F7F80F9376F30F6316E6040356C0
:1057B000651C631206050356851C631ED60203563C
:1057C000A51C631AF602230E0506EFF0FFE9094552
:1057D000B240410182800327051093164701E3C0C0
:1057E00006FC056613068684BE856373F600B285E3
:1057F0009397050165B70546230EC5062312E51CE0
:105800002313051D2314D51C2315F51CEFF0DFE52C
:1058100001457DBF0357A51B8357E51B411106C6F4
:105820006373F700BA870346651413970701894627
:105830004183631BD6068566938606A96373D700EA
:10584000B6871397070141838357A51C6387E70039
:1058500085472315E51C230EF5060357651B835763
:10586000251C6373F700BA87034675141397070165
:10587000894641836317D6048566938606A96373B8
:10588000D700B6871397070141838357651C638749
:10589000E70085472313E51C230EF506EFF0DFDC58
:1058A000B240014541018280856713868784E37D8C
:1058B000E6F88326051093870780F58FD1F73287A6
:1058C00061B7856713868784E371E6FC832605103C
:1058D00093870780F58FD5FB328745BF0357A50413
:1058E00095470356E503B307F7028356A50393D5FF
:1058F00037406355B600118F93173700B3C7D702EF
:10590000C207C1832314F5048280832745110D4605
:105910009306F00F03C707000D8BA306E500631481
:10592000C70083C62700A30BD50003C70700418B20
:105930002309E50083C71700230BF5008280834706
:10594000C500CD9B2306F5008280832745110347C0
:10595000C50083C70700935637408987B58F858B6D
:1059600099C7134787002306E50001458280054556
:105970008280832745110347C50083C707009356DC
:1059800027408D87B58F858B99E7134747002306FE
:10599000E50001458280054582808327450E850705
:1059A0002322F50E91E78327850E85072324F50E24
:1059B0008327850E93F7070891C785472322F50EA5
:1059C0002324050E8347A50293F7070491CF83573D
:1059D000050403578504BA972313F5048327450A62
:1059E00093F7F7BF2322F50A82808327C50E850728
:1059F0002326F50E91E78327050F85072328F50E4B
:105A00008327050F93F7070891C785472326F50ECF
:105A10002328050E8347A50213F7070409C793E758
:105A200007022305F502828097F7FD1F938787827F
:105A300083A78709014591E3828003C7B70011E37B
:105A400005059C43CDBF97F7FD1F9387A78083A7CC
:105A500087090145054791E3828083C6B7006393B8
:105A6000E60005059C43C5BF411122C491452A8427
:105A7000014506C6EFF04D8B231BA40417F7FD1F4D
:105A800003574788854763F1E7060355A41C8357EE
:105A9000641C37460F0013060624AA97938787577E
:105AA00017E5FD1F03550551B3A5A7028146330530
:105AB000F502EF50A06E835704040357E4058355A5
:105AC000840505461D8F3307B70283270409138316
:105AD000F5FF130E80023E9797E7FD1F93878777A8
:105AE00083A8870963666600B24022444101828030
:105AF0003308C603C687FD563A9881E7231BC404C2
:105B0000E5B76314F4001C40F5DB83AEC708639867
:105B1000BE0083A60709B306D840B3F6B60263E415
:105B2000A6009C43D9BF090675BF17E7FD1F0357A1
:105B3000677D854763F1E70A411122C48357651CDD
:105B40002A840355A51C37460F0013060624AA977E
:105B50009387875717E5FD1F0355C545B3A5A702D2
:105B6000814606C63305F502EF50406303465405EF
:105B700097E7FD1F9387076E83A887097D168546E3
:105B80001303800263E6C600B240224441018280D2
:105B90003387660283270409FD553E97C68781E750
:105BA000231BD404D5B76314F4001C40F5DB03AE0B
:105BB000C7080328C408631A0E0103A80709B30520
:105BC000E84063640701B305074163E4A5009C4313
:105BD000F9B7850645BF82808357850379714ECE1C
:105BE0009386170097E7FD1F9387473C56CA06D652
:105BF00083AA470022D426D24AD052CC5AC85EC6C5
:105C000017E6FD1F0356067085470327850897E9A9
:105C1000FD1F83D9293A63FDC70EB3863603930768
:105C20000032014A93860619B3D6F60236973A89AE
:105C30006364D70063645701330957412A8483574B
:105C4000A41C232825090355651C37460F0013069D
:105C500006243E9513058557B325350381468144B7
:105C60003385A902EF50805397E7FD1F9387875E26
:105C700083AB87092A8BB387990213060064814698
:105C8000B3B5990213850732B337F500BE95EF50CF
:105C9000E0504A955E87FD5731E733879902130636
:105CA00000648146B3B59902130507323337E50026
:105CB000BA95EF50A04E2A993335A900CA876314CC
:105CC000AA0063645901B30759412328F408B2506C
:105CD000225492540259F249624AD24A424BB24B80
:105CE0004561828063148700184345DB0326C7089B
:105CF0008326C408631AD60083260709B387A64003
:105D00006364D500B307D54063EE6703184369B7F2
:105D10008347750393B7270093C71700B697B387D8
:105D200037039306003293870719B3D7D7023E97FC
:105D3000BA866364F70063645701B30657412328AA
:105D4000D50871B78347740385048607FD17E3E41C
:105D5000F4F2A1B717E7FD1F0357C75A854763F54C
:105D6000E70E411197E7FD1F9387C74E22C403A496
:105D7000870906C626C2A28789EB09EC230E050017
:105D8000B240224492444101828003C7D7016DFB97
:105D90009C43DDB76314A40000406DD08347B4007A
:105DA000D5E30327C4088327C508630DF708034715
:105DB000C50193070008AA84631DF7048357A40351
:105DC000194693050008231AF506231BF506835789
:105DD000C403231DF5048357E403231EF504035570
:105DE0008500EF30B01A8547A38EF40083C7C40145
:105DF00093F7F707238EF400130584062244B2407C
:105E0000924431469305F00F410117B3FD1F67001F
:105E1000A3AF8357A503194693050008231AF40678
:105E2000231BF4068357C503231DF4048357E5039E
:105E300003558400231EF404EF3050158947A30E48
:105E4000F4005DBF004015BF230E050082804111A4
:105E500026C206C622C417E7FD1F0357A74A854777
:105E6000AA8463F8E71A83278510898B6383071A4E
:105E700097E7FD1F9387073E83A78709BE85ADED92
:105E800003D6841C01447D581306260205862D0680
:105E90007D55A5EB630E04108347B4000357A4039C
:105EA000D5EB8947231CE404A30AF4040357040632
:105EB000835704042285BA97C1071D8B998F231F2E
:105EC000F4048357C403231DF4048357E403231EFF
:105ED000F404EFF07FB98327440A93E717002322E5
:105EE000F40A8547230AF4008D47A30EF400B2405C
:105EF000224492444101828003C7D5016DFB8C414D
:105F0000BDBF98436394970051D7BA8783A607090A
:105F100003A7040963E2E6023387E64083A6C408C8
:105F200063F4E6003377D7026376A7003A8563739C
:105F3000C700BE859C43B1BF158F83A6C70863F415
:105F4000E6003377D702E37707FF3A88E374C7FEAA
:105F50003E84CDB783D7A403B3F7E702C9FB9D46C0
:105F6000994763F5E600935717008D070567231AD5
:105F7000F406130707C88A076353F700BA87231B81
:105F8000F4068357C4030355840013065002231DEF
:105F9000F4048357E40393050008231EF404C9475F
:105FA000A30EF4002244B240924441016F30007EBF
:105FB000ADC103D7A40383D7A503B3F7E702B1EBC1
:105FC0008387C40163D707049D46994763F5E600BC
:105FD000935717008D070567239AF406130707C820
:105FE0008A076353F700BA87239BF40683D7C40359
:105FF00003D5840013065002239DF40483D7E403E1
:1060000093050008239EF404CD47A38EF400EF30DF
:10601000E077238E0400E1BD97E7FD1F23A6073636
:1060200097E7FD1F23A8072C8357650817E6FD1F78
:10603000035646F803270509B387C70237460F0002
:106040009306F62313060624AA85B697B3D7C7028C
:1060500017E6FD1F034636F23E96636EC700330611
:10606000C74003A7C5089386950217C5FD1F1305F2
:1060700025BB6FD0DDE797E7FD1F938727F3DC4350
:106080003E97F1BF97E7FD1F9387C72F98430111F4
:1060900026CA06CE22CC4AC84EC6AA8441CB3E8927
:1060A00017E7FD1F0357072685476311F70803D439
:1060B000640897E7FD1F83D7E7EF0325050933043D
:1060C000F402B7470F001387F7239387072497E954
:1060D000FD1F9389A9ED3A943354F402636C85064D
:1060E00097E7FD1F938707E79C433304854082971A
:1060F0006366A406098C63530400014417E5FD1F81
:10610000034575E7058103290900637D8504098C32
:1061100037450F0013050524B335A40203D68900C3
:1061200081463305A402EF5060070299930700FBF4
:106130002387F40083C7940262448545F240D24429
:106140004249B249B395F500C205C18101450561D7
:106150006FD0FDEB83A749003E9559B783A749004F
:106160003E9449BF0145D1B7411106C6EF10A013B7
:1061700019C983278511014581E7B2404101828019
:106180009C430505D5BF7D55CDBF97E7FD1F938780
:10619000670C83A7470A411122C426C206C62A8477
:1061A000AE846396A70097E7FD1F23A707148327F4
:1061B000041281CB03558400014693050008EF309B
:1061C000E05C8357440481CB035584004D4693051E
:1061D0001008EF30A05B03558400154693051008A6
:1061E000EF30C05AB240230A940423050400230868
:1061F0000400224492440145410182808347A50066
:106200006383073883570508411122C406C626C296
:1062100085072310F5088347F500230C05002A8421
:1062200013F7270005E703570504954763E4E700E4
:10623000014501A89305E003EFF03FF5A305A40293
:106240000945B240224492444101828013F707027B
:1062500039CF93F7F7FDA307F5008327050A034716
:10626000B500A305050293E747002320F50A8547FB
:10627000631FF7028357A5031306204E0327450922
:10628000B387C70297E6FD1F83C6E6CE9386060551
:10629000B3D7E702034775033307C702B697C207B0
:1062A000C1832312F5088607BA972311F50883479F
:1062B0001401858BF5CB8357E40503570404639FD2
:1062C000E7288357C4038355C4050345840223107C
:1062D000F40683475405231FB4029205A30BF4026E
:1062E00083576405F915231CF4028357A405231E64
:1062F000F402EFD05DDB8346B4002310040883571B
:10630000840317E7FD1F0357E7CA6398061EB38788
:10631000E7021307003217E6FD1F130626C9504295
:1063200093870719B3D7E70203270409D1073E97DC
:10633000BA866364F7006364C700B306C740835737
:1063400084052328D408231DF4028347D40181C780
:106350002285EFF08FFD8357A40317E7FD1F035736
:1063600067C593060032B387E7022311040233D6D0
:10637000D702B3F7D7029306204E2326C408B3876B
:10638000D702B3C7E7022310F40283570404231291
:10639000F4028347F40093E70702A307F40083475E
:1063A0001401F99BA308F40083471401898BB9C732
:1063B0000357E41283570404B306F740139606010B
:1063C0006343061A631CF702814701489304841350
:1063D000232CF412232E04131546930584122685CC
:1063E00097A0FD1FE780204B2685EF10C0608347F4
:1063F0001401A306A412F59BA308F400834714011B
:1064000013F7070135C78356C414035704043386B2
:10641000E6409315060163C80514639BE604BD9B23
:10642000A308F4008347A41499C7898B63870714D2
:1064300085472303F4148347B41499C7898B638178
:1064400007148547A303F4142285EFF0AFBC8347FC
:10645000C40799C78327040A93E707102320F40A87
:106460008327040AA305040293E707202320F40AE4
:106470008347140113F7070221C317E7FD1F130712
:1064800067DD384B13068005834647001857B386EF
:10649000C60236978356C701035704043387E64084
:1064A00013160701634A06000357C4146316D70086
:1064B00093F7F7FDA308F4008347A40293F70704BA
:1064C000E38807D60357640483570404E312F7D61E
:1064D000034704019307A0046315F70085472308C9
:1064E000F40083278410C18BE38407D48327440AF4
:1064F00093E707402322F40A25BB834644178355BC
:106500008405A18A99CE0356040483566417035563
:10651000A403918EB386A602B3C6B602B296231B1D
:10652000D41695CBB307F7021307003217E6FD1F09
:106530001306C6A7504293870719B3D7E70203276C
:1065400004093E97BA866364F7006364C700B30624
:10655000C7402328D408231DB402F5BB998F139795
:106560000701E35307E4930580022285EFF0FFC1A2
:10657000A305A40213058002E9B12303041465BD39
:10658000A3030414D1B50545828005C541119305C7
:10659000200222C406C62A84EFF03FBFFD57A305A0
:1065A000A40223080400A303F402B24022444101E0
:1065B000828082800DC9411122C406C68347F5003E
:1065C0002A849305E003898B91C3A145EFF0FFBBBB
:1065D000FD57A305A402230804002304F402B240DB
:1065E00022444101828082808327050A797122D466
:1065F00006D626D24AD04ECE52CC56CA2A84638BB7
:10660000073613F7270019CBF59B2320F50A03550E
:106610008500194693050008EF3040178327040AC8
:1066200013F747004DC7ED9B2320F40A8347A402CC
:1066300093F7070491CF83278410C18B99C78327D1
:10664000440A93E707402322F40A2285EFF00FA9BA
:106650000347B40085470346440183562406631A62
:10666000F76C8357A4031307204EB387E702032771
:106670004409B3D7E70217E7FD1F0347C78F130786
:106680000705BA97C207C1830347B4022312F4086F
:1066900086072311F4089307000819C39307000421
:1066A000230EF40019E68347A40293E7170023059D
:1066B000F40281EA035584000D4693050008EF308B
:1066C000E00C23110406230A0400A30E0400832710
:1066D000040A13F787000DC303558400DD9B2320B4
:1066E000F40A154693050008EF30400A8347A402D8
:1066F00093E747002305F4028327040A13F70701F1
:1067000039C7BD9B2320F40A8347D4040355840072
:10671000214689C7A3060404130600039305100845
:10672000EF30C0068347C40489CF83278410C18B10
:1067300089CB8355A40422859205C205C181EFE06F
:106740003FDD8347A40293E717002305F402832764
:10675000040A13F7070415CB0347F40493F7F7FB78
:106760002320F40AA14763FBE7008347B40099E7BD
:106770008327440A93E707012322F40A0355840080
:10678000314693051008EF3060008327040A13F7A1
:10679000070245CB8346B40093F7F7FD2320F40AA4
:1067A0000327C4108327841099EA1377070801CBC5
:1067B0000327440A37064000518F2322E40A93F747
:1067C00007026383075AADE28357641B0357641CB7
:1067D0006304F7028346741409476391E65805671A
:1067E000130707A9637AF7008327440A056713078D
:1067F0000780D98F2322F40A8357A41B0357A41CB4
:106800006304F702834664140947639CE6540567F2
:10681000130707A9637AF7008327440A056713075C
:106820000780D98F2322F40A03558400114693056B
:106830000008EF20B0758347A40293E717002305F3
:10684000F4028327040A13F7071005C703558400D1
:1068500093F7F7EF2320F40A230E04061D46930551
:106860000008EF20B0728347A40293E717002305C6
:10687000F4028327040A13F7070809CF035584009D
:1068800093F7F7F72320F40A130670059305100811
:10689000EF20D06F8327040A13F7072031C393F743
:1068A000F7DF2320F40A83476414230F0400A29720
:1068B00003856716A301A414EF308F842301A41469
:1068C0002285EFE07FDA0355840031469305000806
:1068D000EF20D06B8347A40293E717002305F4024F
:1068E0008327040A139727016357070079777D17D9
:1068F000F98F2320F40A8327040A13970701635AA8
:1069000007048345040317E5FD1F0345D594EFE015
:106910004D998357A4031307204E232AA408B38755
:10692000E70261777D17B3D7A70217D5FD1F03458F
:10693000856413050505AA972312F4088347A4026A
:1069400093E717002305F4028327040AF98F232015
:10695000F40A8327040A858B91CF8347A4028345D9
:106960004405228593E717002305F402EFF0FF8129
:10697000A305A4028307141685C703074403994699
:106980003306F74063D9C63E8327440AB706100092
:10699000D58F2322F40AF557A302F416A300E416B8
:1069A0008347A41613F7270045C383064403030750
:1069B000241663DCE6000327440A37061000518FD3
:1069C0002322E40A1147A302E41603073416635C8A
:1069D000D7000327440A37061000518F2322E40A08
:1069E0007157A302E416030704161306F007630C9D
:1069F000C7020346D4160345E416158F6207618764
:106A0000B306A6406355D73893F60701639106385D
:106A100093F7F7F893E707012305F4168357041754
:106A200085072319F4168357241799CFFD17C2073A
:106A3000C1832319F41689EB035584001306000261
:106A400093050008EF2090548347A400B9C383271F
:106A5000041299CF8347A40181EF035584000146B6
:106A600093050008EF20905201E58547230DF400BF
:106A70008357440499CF8347140381EF035584005F
:106A80004D4693051008EF20705001E58547A30897
:106A9000F4028347441713F7070179C7BD9B230A04
:106AA000F4168327440A898BE1E303470401D547A1
:106AB000630CF70A83471401898BDDE78144814920
:106AC00001498D4A130A5002139784016187937715
:106AD0003700098722970347D7178607B397FA002D
:106AE0007D8F638BE700268605458145EF40406832
:106AF000B3E9A9003369B9008504E39744FD032590
:106B000084138325C413337535012AC4B3F52501D5
:106B100028002EC6EF00306E8347541363EEA700A3
:106B2000034544037D578547591562052C0061854F
:106B30003AC43EC6EF308FAD03278413A2476317D4
:106B4000F7000327C413B2476300F70215462C0071
:106B50001305841297A0FD1FE780E0D38327440A22
:106B600093E727002322F40A83464417A54713F727
:106B700096006316F7040357040483576417636091
:106B8000F704B307F74013960701634A06028347E9
:106B900054171306000A0507B387C7020356A40358
:106BA000DD9A230AD416B3C7C702BA97231BF4167B
:106BB0008327440A37078000D98F2322F40A8347AA
:106BC000A402E1CB918B91CF03460401C16593856B
:106BD00005A02285EFE03F998347A402ED9B2305A2
:106BE000F4028347A402858B8DC303457402930787
:106BF000F00F6307F500EFD0FD92FD57A303F402F9
:106C00008347A402F99B2305F4028347A402898BDE
:106C100091CF8355E403034584029205F915EFD023
:106C20008DC88347A402F59B2305F4028347A40281
:106C3000A18B85C38355E4030D4622859205F91582
:106C4000C205C181EFE03F928347A402DD9B23058B
:106C5000F4028347A40213F7070101CF034564023E
:106C600093F7F7F82305F402EFD0DD8BFD572303EC
:106C7000F4028347A40213F7070201CF8355A4044B
:106C80000345640293F7F7FD2305F4029205EFD064
:106C90008DC18347C40193F7070C89CB0347B40028
:106CA000854722856315F712EFF06F9A8357040426
:106CB000A5CB13074006B3F7E702BDE397D7FD1F47
:106CC0009387076C9C43898BA1C797D4FD1F93843E
:106CD0002429985815CF97D7FD1F83D7A758C207E7
:106CE00097D5FD1F83D52558DD8D254502979C58E6
:106CF00097D5FD1F83D5E556294582979C58831566
:106D000024032D4582979C5883054403314582977F
:106D100097D7FD1F2397075497D7FD1F23A4075428
:106D2000B250225492540259F249624AD24A456101
:106D3000828093070004230EF40019E68347A4021F
:106D400093E717002305F402E39F0696035584009A
:106D50000D4693050008EF207023B5B21307801489
:106D600051B4130780147DB48327440A7D77130739
:106D7000F77FF98F45BC998FE3D4F6C28327440A85
:106D8000B7061000D58F2322F40A8D4731B1834610
:106D9000B4168345C4163388B600635BE80013F865
:106DA00007046317080093F7F7F893E70704ADB1FA
:106DB0002A96E34AC7C68D8EE3C7E6C613F70702D5
:106DC000E31307C693F7F7F893E70702B1B1EFE0D3
:106DD0007FF8E9BD011197D7FD1F9387A74722CC04
:106DE00003A4070A26CA97D7FD1F83D7A71C83547D
:106DF0006408032504094AC8B384F402B7470F00A6
:106E00001387F7239387072406CE4EC652C456C273
:106E100017D9FD1F13098919BA94B3D4F402636119
:106E2000950497D9FD1F9389E91283A70900B3043C
:106E30009540829763EAA402898C63CB040283574E
:106E40000404A30F040085072310F40483470414EB
:106E500063950712228597B0FD1FE780E0E11DA230
:106E6000832749003E9575BF83274900BE94E9B743
:106E700083A70900829703278408636AE50A198DAE
:106E80008357E40317D7FD1F0357C7128E07B38735
:106E9000E7021307003293870719B3D7E70263EDC0
:106EA000A708374A0F00930AFA23130A0A248357C4
:106EB000040485072310F4048347041491E7228512
:106EC00097B0FD1FE78040DB2285EFF02FB3631101
:106ED0000526832604098327C40803274900B6979B
:106EE0003E8563E4D70063E4E7003385E7408347EA
:106EF000F401835464082328A4088507A30FF40031
:106F000097D7FD1F83D7070BB384F402D694B3D46D
:106F10004403636C9504B304954083A709008297EA
:106F200063E9A4043385A440E34305F809BF83273C
:106F30004900998F3E95A9B7A1452285EFF0EFA4AE
:106F4000A305A40297D7FD1F9387870103A3070317
:106F50006300031E6244F240D2444249B249224ACD
:106F6000924A8945154505610283B3049740AA9466
:106F70006DB783274900BE9475B7228597B0FD1F72
:106F8000E780E0D92285EFF06FA76313051A8357D6
:106F9000640817D5FD1F0355E501B7460F00B387F9
:106FA000A7021386F6239386062403270409230BDE
:106FB0000402032A4900B297B3D7D7026363F718D4
:106FC000B307F7408326C4082324F408814AB38713
:106FD000E600BE8463E4D70063E44701B38447411D
:106FE0008357040223289408B1CB83560404035723
:106FF000440237460F002312D4023387E640B3879A
:10700000E702035724021306062481468145BA97F6
:10701000C207C1833385A7022311F402EF40001891
:1070200011CD2695B3349500AE94AA8763949A0047
:1070300063644501B30745412328F40883A7090089
:107040008297AA8483A709008297E30D95FE83A700
:10705000090083248408829763EAA40E3385A44040
:10706000630405108357640897D9FD1F83D989F4F9
:10707000B7440F00B38737031387F42393840424A2
:10708000BA97B3D7970217D7FD1F0347D7EEBA9722
:1070900063ECA70CB3359502035924024E86814652
:1070A00033059502EF40800F330AA90033053903F9
:1070B00037460F001306062481468145EF40000E37
:1070C00005C1B33795024E868146B385B402338538
:1070D000A402BE95EF40800C3305A9402311A40201
:1070E0003545EF205FC197D7FD1F23A587200347B4
:1070F000B40085476310F706930700FD2307F400EB
:10710000814597D7FD1F9387A7288843060AEFD0AC
:10711000EDDF954717D7FD1FA307F70297D7FD1F90
:10712000938787049C433707100098C723A8470715
:10713000F2406244D2444249B249224A924A05612D
:107140008280B3064701B387F640ADBD832749006F
:10715000BE9429B7930710FC2307F400814597D705
:10716000FD1F9387E7FC55B797D7FD1F23A407188A
:107170008347940285456244F240D2444249B24971
:10718000224A924AB395F500C205C18101450561C5
:107190006FC0FDE7411122C406C62A8483278411EB
:1071A000DDEF83270412F1EF0325041109C597A031
:1071B000FD1FE7806038034574029307F00F6304F6
:1071C000F500EFD02DB6034564029307F00F63047A
:1071D000F500EFD02DB5034584029307F00F63044B
:1071E000F500EFD02DB4034594029307F00F630729
:1071F000F500EFD02DB3FD57A304F402035584002E
:10720000792497D7FD1F83D7E70FB1E797D7FD1FE5
:1072100023AC071697D7FD1F938747D9DC4317D7B1
:10722000FD1F232FF70C97D7FD1F938767D39C472C
:107230009DC397D7FD1F938727CD885309CD97A06E
:10724000FD1FE780602F97D7FD1F23AF07CC97D78F
:10725000FD1F23AD07CCB240224441018280C843C8
:1072600009C597A0FD1FE780202D8327841103D730
:10727000A700136707F02395E7009C43232CF41025
:1072800031BFC84309C597A0FD1FE780E02A8327C7
:10729000041203D7A700136707F02395E7009C4368
:1072A0002320F412FDBD97D7FD1F9387A7FA83A76C
:1072B000870999E33E85828003D78700E30CA7FE08
:1072C0009C43C5BF97D7FD1F9387C7F883A7870A3D
:1072D000C16697D5FD1F83C595C90147FD1603D625
:1072E000A7006309A6006307D6000507C107E3D816
:1072F000E5FE81473E85828097D7FD1F938787F5FE
:1073000083A7870AC9E317D5FD1F035585F7130522
:10731000150297D7FD1F83C797C5158585071605E5
:1073200092073E954205411141819305B02006C662
:1073300097A0FD1FE780201105C597D6FD1F83C6C6
:1073400016C31387160097D7FD1F23A9A7FA1207A4
:107350002A978147130640F5930520F563D5F6007B
:10736000B2404101828099EB2315B50058C18507D1
:10737000C207A3040500C1834105CDB72315C5008D
:1073800023220500EDB782804111930530261305B5
:10739000001D06C622C426C297A0FD1FE780A00AD2
:1073A0001306001D81452A849790FD1FE780C05574
:1073B000014515C897D4FD1F9384C4E983A68409A9
:1073C00095CA3687854703568700630EF60618432D
:1073D0007DFB2314F400A9EB228597A0FD1FE78015
:1073E000A01503558400B24022449244410182809A
:1073F0003687D1BF85472314F40017D7FD1F2327F5
:1074000087EE17D7FD1F232587EE17D7FD1F231BF8
:10741000F7EEEFF07FEE83A7C40923A00700230552
:1074200004002307040075BF83A7C40980C397D74E
:10743000FD1F23AF87EA83D7040B850717D7FD1FEE
:107440002312F7ECC9BF1387170093170701131610
:107450000701C183E35E06F88147A5BF97D7FD1FEB
:10746000938747DF03A5870A11CD411106C697A070
:10747000FD1FE780600CB24097D7FD1F23A007E8EF
:107480004101828097D7FD1F23AA07E68280411120
:1074900022C417D4FD1F1304E4DB8326840906C627
:1074A0000147B687A5C703D687006317A60615EF61
:1074B000984297D6FD1F23ABE6E23E8597A0FD1FBD
:1074C000E78080078327C40923A0070097D7FD1F03
:1074D00083D747E39DE7EFF07FF897D7FD1F23A7FA
:1074E00007E0B2402244410182808326C4096397A9
:1074F000F60097D6FD1F23ADE6DEC1B7944314C353
:107500006DBFFD1717D7FD1F231EF7DE97D7FD1F91
:1075100083D747DFF9F7C1B73E879C4361B7714610
:10752000814517D5FD1F130565DC1793FD1F670007
:10753000A33D8327C50803568508797193D60701B3
:10754000BD8EC206C182358E135776409357564082
:10755000898B058B5D8F93573640918B5D8F935749
:107560001640A18B5D8F93171600C18B5D8F93170B
:10757000360093F707025D8F9317560093558600E8
:1075800093F707041E065D8F1376F60F518F93D77E
:10759000554013D63540118A898BD18F13D675404B
:1075A000D18F13D61540218AD18F13961500418AA9
:1075B000D18F1396350013760602D18F139655009E
:1075C000137606049E05D18F93F5F50FCD8FA20794
:1075D00045465D8F3307C70222D42A8426D252CC77
:1075E00056CA032A040A832A440A5AC806D636977A
:1075F0004207418393577740135557400989858B3C
:10760000C98F135537401189C98F135517402189E8
:10761000C98F131517004189C98F131537001375CA
:107620000502C98F1315570093558700137505047C
:107630001E07C98F1377F70FD98F13D5354013D78E
:1076400055401189098B498F13D57540498F13D542
:1076500015402189498F139515004189498F13954C
:10766000350013750502498F1395550013750504F0
:107670009E05498F93F5F50F4D8F2207D98FB3875C
:10768000C7024AD04ECE5EC662C4B697C207C18357
:1076900013D7774013D557400989058B498F13D5E8
:1076A00037401189498F13D517402189498F139588
:1076B00017004189498F1395370013750502498FCB
:1076C0001395570093D58700137505049E07498FBE
:1076D00093F7F70FD98F13D5354013D7554011893C
:1076E000098B498F13D57540498F13D515402189D2
:1076F000498F139515004189498F139535001375EE
:107700000502498F13955500137505049E05498F91
:1077100093F5F50F4D8F2207D98FB387C702130654
:1077200050025285D685B697BD8E93940601C180CE
:1077300033F6C402137BF60FEF30D02005891DE924
:107740008347140801498149B3849702130C5002FE
:10775000C1804A865285D685EF30D01E0589937B3D
:10776000F90F11C563863403850993F9F90F0509EB
:10777000E31189FF230F6407B25022549254025937
:10778000F249624AD24A424BB24B224C4561828056
:107790005E8BCDB78327450903568508797193D64B
:1077A0000701BD8EC206C182358E135776409357AE
:1077B0005640898B058B5D8F93573640918B5D8F3B
:1077C00093571640A18B5D8F93171600C18B5D8F69
:1077D0009317360093F707025D8F93175600935562
:1077E000860093F707041E065D8F1376F60F518F00
:1077F00093D7554013D63540118A898BD18F13D634
:107800007540D18F13D61540218AD18F139615005C
:10781000418AD18F1396350013760602D18F1396C5
:107820005500137606049E05D18F93F5F50FCD8F85
:10783000A20745465D8F3307C70222D42A8426D289
:1078400052CC56CA032A840B832AC40B5AC806D6C4
:10785000369742074183935777401355574009891C
:10786000858BC98F135537401189C98F1355174020
:107870002189C98F131517004189C98F1315370046
:1078800013750502C98F131557009355870013759B
:1078900005041E07C98F1377F70FD98F13D535400D
:1078A00013D755401189098B498F13D57540498FDE
:1078B00013D515402189498F139515004189498FAA
:1078C0001395350013750502498F139555001375EF
:1078D00005049E05498F93F5F50F4D8F2207D98F2B
:1078E000B387C7024AD04ECE5EC662C4B697C207FF
:1078F000C18313D7774013D557400989058B498F2A
:1079000013D537401189498F13D517402189498FE5
:10791000139517004189498F139537001375050298
:10792000498F1395570093D58700137505049E075B
:10793000498F93F7F70FD98F13D5354013D755409B
:107940001189098B498F13D57540498F13D515407F
:107950002189498F139515004189498F1395350069
:1079600013750502498F13955500137505049E057F
:10797000498F93F5F50F4D8F2207D98FB387C70233
:10798000130650025285D685B697BD8E9394060194
:10799000C18033F6C402137BF60FEF30A07A05895D
:1079A0001DE98347F40801498149B3849702130C08
:1079B0005002C1804A865285D685EF30A07805896D
:1079C000937BF90F11C563863403850993F9F90F89
:1079D0000509E31189FF230F6407B2502254925422
:1079E0000259F249624AD24A424BB24B224C45619B
:1079F00082805E8BCDB78347150003472500834601
:107A00004500A2074207BA9703470500FD8A0548CB
:107A1000BA97034735009305000201456207BA97FC
:107A200001473316E8007D8E01C605051375F50F75
:107A30000507E318B7FE8147214633D7F640058B8B
:107A400001C705051375F50F8507E398C7FE82800A
:107A5000011152C656C4032A8513832AC51322CCAA
:107A600026CA4AC806CE2A84A30B0512A30605120D
:107A700081441309500226865285D685EF30806CEA
:107A8000058911C58347D4128507A306F41285041E
:107A9000E39324FFF2406244D2444249324AA24A6C
:107AA00005618280411197C7FD1F9387A77A22C481
:107AB00003A4070906C6834754062302040685E388
:107AC00085472302F406194697D5FD1F9385058740
:107AD000130564069790FD1FE780E0DB61A0054772
:107AE000639CE70017C7FD1F0347E7761DE749457D
:107AF000B24022444101828083254408E1E9834762
:107B0000C40685E7034754068947E30BF7FA97C78E
:107B1000FD1F83C74774E1DF85472302F40619463A
:107B200097D5FD1F9385E58165B71305C40697A01A
:107B3000FD1FE78060452322A40805C18347A500F7
:107B400089CF89472302F40619469305C50013051A
:107B500064069790FD1FE78000D4034744068947D9
:107B6000E312F7FAB7050001FD150145EFD04D808E
:107B700068CCEF208FDC28CCC1451545EFC0DDFA7D
:107B80008547A303F4008D472302F4008347840351
:107B90002306A4000D4717C5FD1F03451537639045
:107BA000E70403564403835764043E96C145EFC07F
:107BB000DD88C14517C5FD1F03453535EFC02DC50F
:107BC000014597C7FD1F238707681DB783C7A50019
:107BD00095DB89472302F4061946B1058DBF094795
:107BE0006395E70003566404D1B7035644037DBF91
:107BF0004111930590241305000A22C406C697A0DC
:107C0000FD1FE78040842A8435CD1306000A814594
:107C10009790FD1FE78040CF97C7FD1F23A4876C77
:107C200097C7FD1F9387C7519853DC532302040065
:107C3000232AE408232CF408FD572300F4049307B7
:107C400010FB2303F400970700009387E7E5232444
:107C5000F40897070000938727382326F40897072E
:107C60000000938767202328F40897C7FD1F83C768
:107C7000A73489EB97C7FD1F9387477188439145C8
:107C8000EFC0DDA82285B24022444101828041112B
:107C900006C622C42A84EF10DFFD930700FB2303EE
:107CA000F4009305000217C5FD1F03451526EFC01C
:107CB0003D8097C7FD1F83C7E759850793F7F70FE7
:107CC0008356440317C7FD1F2306F75813070064A4
:107CD0003347D70263C8E700EFC09DEB97C7FD1F8E
:107CE000238A0756B24022444101828017C7FD1FF4
:107CF000034777459547630BF70097C7FD1F9387A9
:107D0000274483C777000D47631FF70097C7FD1F00
:107D100083C79743639707149307701017C7FD1F16
:107D20002314F7428280011197C7FD1F9387875262
:107D30000D4526CA4AC806CE03A9070922CC4EC65D
:107D400097C4FD1F9384843FEF10FFFA9840B7C794
:107D5000898E938767ED1CC7B75755009387575592
:107D60005CC30347A9039307F00F6305F700FD57B2
:107D7000230DF90297C9FD1F9389093F03A7090045
:107D80008547A30CF9025C430145014693E71700C0
:107D90005CC3930720FB2303F9009D4717C7FD1F12
:107DA000A303F73A97C7FD1F238C073893055002AA
:107DB00097C7FD1F2388073817C4FD1F130404400D
:107DC000EF10DFD2184001455C57F59B5CD7834725
:107DD0005900944013F7F7079C4293F707F8D98F9F
:107DE0009CC297C7FD1F83C7271D91C797C7FD1F5B
:107DF0009387C7598843EFC0DD929840B706330098
:107E00001C4393F7F7CF1CC31C4393F7F7CF93E7BB
:107E100007201CC31C409847558F83A6090098C7AC
:107E20003707030013078715B8CA17C7FD1FA30B31
:107E3000073017C7FD1FA3050730054798C2D84371
:107E40001377F7EFD8C30100010018405C4393E7B4
:107E500007105CC3F2406244D2444249B249056112
:107E600082808280411197C7FD1F9387A73E22C45D
:107E700003A4070906C626C28347940321476384E7
:107E8000E70C8944834654006394970C930770026F
:107E9000638BF61293075002930560026384F60029
:107EA0009305700297C7FD1F938747299C43A30240
:107EB000B40017C7FD1F1307673094433706CEFF82
:107EC0007D1693F6F6CF93E6061094C31843370851
:107ED00033001447F18E14C797C6FD1F9386C6283A
:107EE00088423706030030C997C6FD1F238A06243F
:107EF00097C6FD1F2388062497C6FD1FA38406246A
:107F000097C6FD1FA38E0622854614C1944313060F
:107F1000861593F6F6CF94C3944393F6F6CF93E683
:107F2000062094C31447B3E6060114C730C954575A
:107F3000F59A54D79843137707F84D8F98C3930752
:107F400020FB2303F400B24022449244410182808A
:107F500093077002638FF6029307500213076002C3
:107F60006384F6001307700297C7FD1F93870725E8
:107F70009443A302E400DC56F59BDCD697C7FD1FB3
:107F80009387C71B94439C4293F707F8D98F9CC2F1
:107F90007DB783478403898B9DC70356A40493054B
:107FA000000217C5FD1F034555F6EFC00DC9930725
:107FB0005002A30C9402A302F4002244B240924463
:107FC00041016FF0BFD222852244B2409244410168
:107FD0006FF0FFCB97C7FD1F9387C72703A7470AFB
:107FE0003DE3411122C403A4070906C69307000B11
:107FF000034764006304F700EF10BFC7834784039F
:1080000017C5FD1F034575F013F7170019C78547FE
:10801000A30CF4020356240301A8898BEDDB03565D
:10802000A4048947A30CF40293050002EFC0EDC03D
:1080300093075002230F0402A302F4002244B2402B
:1080400041016FF0BFCA828001114EC697C9FD1F62
:108050009389891183A7090022CC26CA4AC806CE73
:10806000D84317C9FD1F1309690D17C4FD1F130459
:10807000240D13671700D8C38326090037C7898EDC
:10808000130767ED98C63757550013075755D8C2E1
:10809000D843AA84014613671700D8C3930730FB5F
:1080A0002303F5009D470345C503A303F400230004
:1080B00004009305F00F23020400EF103FA303A672
:1080C0000900A3020400A300040085471CC2832703
:1080D0000900B705330098431377F7CF98C3984347
:1080E0001377F7CF1367072098C317C7FD1F130730
:1080F000E70C18431447CD8E14C7B70603009386C8
:10810000861534CA5457F59A54D703C7B4039376E7
:10811000F7079843137707F8558F98C3F2406244E6
:10812000D2444249B249056182807D572300E5046B
:1081300003479503411106C6230DE5022147A30C11
:10814000E5020347B503A302E500EFF0FFEF17C711
:10815000FD1F1307670110438177FD175446F58F04
:108160005CC60F1000001C4337070200B24098C7DE
:10817000130700F817C6FD1F2306E6FC0567130763
:1081800027A9F8D3D4C741018280011122CC06CEA1
:1081900026CA4AC84EC652C403479503A1472A843B
:1081A0006314F728930750FB2303F5000345C50329
:1081B00093052002EF10FF880349C403894763F346
:1081C000270109491379F90F8324440993072002F1
:1081D0002304F40095472380F400034764009307C9
:1081E000400B97C9FD1F9389E906631CF70083A71D
:1081F000890D1397170163560700930750022380D8
:10820000F40093072002A380F40003474406894743
:10821000130A6406631BF700832544081946528538
:10822000B1059780FD1FE780006783475406858B63
:1082300091E70347440689476318F70083C70400A2
:1082400093E707042380F4001946D28513852400A0
:108250009780FD1FE78020648347540799C783C731
:10826000040093E707F82380F40019469305640798
:10827000138584009780FD1FE780E06183478405B4
:108280002387F40083479405A387F4008347A4055C
:108290002388F4008347B405A388F4007C4C13D7EB
:1082A00087002389F400C183238AF400A389E400B2
:1082B00089476313F9008D47A38AF40093171900C7
:1082C000A29703C7070583254409238CE40003D73D
:1082D00007052183A38CE40003C7A701238DE400D5
:1082E00003D7A7012183A38DE40003C7070283D727
:1082F0000702238EE400A183A38EF40097C7FD1F1D
:1083000083D74700638007188D4797CEFD1F83DE14
:108310006ECA2317F40413860E19930700323356DE
:10832000F6023C5017C7FD1F035767F513072702D6
:1083300083A2890905872D07814313090032954FD0
:108340003E9697C7FD1F938767C603AF4700168504
:108350007D538357E40465E5636967008507C207B9
:10836000C1832317F404E3F4FFFE8347E404238B63
:10837000F4008357E404A183A38BF40083C769103E
:10838000238FF40083C77910A38FF40083C789106B
:108390002380F40283C79910A380F40283C7A91035
:1083A0002381F4028347C400FD8BA381F40203C739
:1083B000350297C7FD1F83C717EA9607D98FA38198
:1083C000F50297C7FD1F9387E7DF984397C7FD1F07
:1083D0009387C7D6904397C7FD1F938727DE9C439B
:1083E00071C3834654003697034707005456370538
:1083F0000082931587017D151377F7036607E98ED1
:10840000558F58D6E1851307A0036352B70AF84F7A
:10841000B7060007558FF8CFF2406244D244424974
:10842000B249224A05618280930740FB2303F5008D
:10843000930520020145EF10CFE0014971B3B386E7
:10844000D703032E050993860619B3D62603B388EE
:10845000C600B3B6D80046886394D30063E4E8014D
:108460003388E841B306C84163690E01B3060E4183
:1084700063F5E60085072317F40463F3660036838B
:108480000841C1BD83C7950103C785019946A2076D
:10849000D98F8D838D073E8763F3F6001947231725
:1084A000E404E1B517C7FD1F0347C7AC81B7130745
:1084B0002002635AB700F84FB70600F9FD16758F12
:1084C000B706000581BF370700F99306F7FFF84F9D
:1084D0006946758FB7060003E34EB6F2B706000192
:1084E00015BF411126C297C4FD1F9384E4A122C485
:1084F0002A8403C53400C14506C6EFB07DFB03C521
:10850000340093050002EFB0BDFA97C7FD1FA38C9E
:1085100007C22302040023130400B2402244924401
:1085200041018280411106C626C222C44AC0AA84E3
:10853000EFB0DED9EFE03FD76DC5B85083A744094F
:1085400001482324E508B84C2A841546232CE50865
:10855000F84C97C5FD1F938545E01305851323222D
:10856000E5F603C7570117C9FD1F1309A9CEA30FCD
:10857000E5EE03C7770183C667012207558F2310F5
:10858000E5F003C7970183C687012207558F2311A2
:10859000E5F003C7B70183C6A7012207558F231251
:1085A000E5F003C7C70183C7D701A207D98F2313FB
:1085B000F5F083C7C40023220501A30EF5EE814721
:1085C0001CC19780FD1FE780002D03C7640093073F
:1085D000600B6310F70685472300F41483C7C403B8
:1085E0002303F414A303F4142285EFB0BEBB832746
:1085F000090E03558400294693F7072091E30546A9
:1086000093050008EF1080188327890D1397170131
:108610006359070003558400514693050008EF1085
:10862000E0162244B24002492685924441016FF08F
:108630005FEB8327890D13971701E35707FA83A789
:10864000440903C7070083A7840983C70700F98F7C
:108650009583858B2300F41441BF011122CC06CEF3
:1086600026CA4AC84EC68347C5072A8481EF032518
:10867000440855E50347D40085476318F714685844
:108680002C5C19AA0325450829C58347A500B1C359
:108690008347D407C9C3834734081307000493F7FB
:1086A000070C639AE7069304E407A6856905EF10B3
:1086B0000020054783274408631DE5020947230E70
:1086C000E4061946A6851385C7009780FD1FE7803D
:1086D000801C0347C4078947E30BF7F81946930545
:1086E000E407130564069780FD1FE780402641F1EB
:1086F00021A083C7170091EB8144F2406244268594
:108700004249D244B2490561828097C7FD1F83C7A1
:1087100077B4E1D3D5B783471500C5FFF1BF8347D1
:108720002501A9DB83475407C1CF8347B40713074B
:10873000000493F7070C6395E70893096407CE8557
:108740001305A502EF10A0162A898547AA840325E0
:108750004408631DF9041946CE8551059780FD1F15
:10876000E780601397C7FD1F83C7D7AE81D78947BE
:10877000230AF4068347D400E39127F983274408AA
:1087800003D5270003D7470083D5670083D7870029
:108790004207598DC207DD8D6244F240D2444249FE
:1087A000B24905611783FD1F6700036B83471500FE
:1087B000A1D797C7FD1F83C7F7A9E38D07EA2DBF90
:1087C00083471500E39807EA05BF0347D4068347AC
:1087D0005407E313F7F21946930564071305E406FB
:1087E0009780FD1FE780A016B334A00039B7411170
:1087F00006C622C42A84EFF05F9997C7FD1F9387AE
:10880000A796032744099C43B7068000B8DF97C7A3
:10881000FD1F9387A7929C439843558F98C3D857C1
:10882000719BD8D79790FD1FE7808096B240224475
:10883000014541018280411122C42A840325850912
:1088400081460146814506C626C24AC09790FD1F53
:10885000E780E0976DE9832484099D4683C704007F
:10886000BD8BA304F40003C714002305E400639E3A
:10887000D70C83C724000346D40393D6670063183C
:10888000D60C93F7F7031389440063F4E70C230A2B
:10889000040683C73400858B85C78547230AF40601
:1088A00083C70400CA8519469987858BA30AF406F5
:1088B000130564079780FD1FE780E0FD1389A4007E
:1088C000230E040683C73400898B85C78547230E92
:1088D000F40683278409CA85194683C70700130550
:1088E000E40719099D83A30EF4069780FD1FE78016
:1088F00080FA83C73400A18B81CB834719000347DB
:10890000F40391836319F7042285EFF01FD585479F
:108910009304F007631AF5008347E40389CFFD173A
:10892000230FF402EF10EFB4B2402244268502492F
:1089300092444101828022852244B24092440249FD
:1089400041016FF0DFEA8544C5B79D44F1BF95440E
:10895000E1BF8D44D1BFD144C1BF011126CAAA8451
:108960000325850981460146814522CC06CE4AC8A9
:108970004EC69790FD1FE7808085054451E903A905
:1089800084092147034409003D88A3848400834768
:1089900019002385F4006315E4088349290013D7DF
:1089A000690049E3138719006390E708034739001A
:1089B0008D47631DF7068347090019469305490053
:1089C0009987858BA38AF406138564079780FD1F1A
:1089D000E78060EC8547238EF40683A78409194657
:1089E0009305A90083C707001385E4079D83A38E21
:1089F000F4069780FD1FE78000EAB547639AF90205
:108A00002685EFF09FC509C52685EFF0BFB101446B
:108A10002285F2406244D2444249B24905618280D3
:108A20001D44FDB71544EDB76544DDB74544CDB7EA
:108A30006144F9BF011122CC2A84032585098146AE
:108A40000146814506CE26CA4AC84EC69780FD1FFC
:108A5000E780E07763140528832484091D4603C753
:108A600004009376F700A304D40083C7140093F79F
:108A7000F7032305F400639FC61C7D57230DE40212
:108A800003C72400054693566700A30ED4026399DA
:108A9000C6241377F70305076396E72403C734005A
:108AA000E1479376F7FB6391F624937787002A8951
:108AB0009389440085C783C754008566938606F072
:108AC000A207F58F83C6440093896400D58F2312D3
:108AD000F40483C754009183A30FF402418B014631
:108AE00025CBEF100F9983C7090093F7F703A30D68
:108AF000F40203C629008967938707F022067D8E5A
:108B000083C719005D8E420641862311C40483C7C2
:108B100029009583230EF4028387090063DF070E83
:108B20009307C012834694033306F6028547639782
:108B3000F6008347A400A9078E071D8EB7070080A3
:108B4000130746ED93C737ED63E2E71A230DD4020E
:108B500083C7340093F7070491C7034794038947F9
:108B60006309F7180347A4039307F00F630CF70C8E
:108B7000130700506365C70A97B7FD1F9387C75E49
:108B80008C4301777D17D445758FD8C50F10000031
:108B90009843B7050200130656ED0CC7930500F87D
:108BA00017B5FD1F2300B55A060670D354C7BE84FF
:108BB0007C53FDFFA147A30CF4022285EFF0CFC840
:108BC00094408177FD17D846F98FDCC60F1000005E
:108BD0009C40B706020094C7930600F817B6FD1F25
:108BE0002302D65693062031F4D3D8C79780FD1FB1
:108BF000E780005A97B7FD1F83C78754858BB9C399
:108C000022856244F240D2444249B24997B7FD1FDF
:108C10002388075205616FF01FC2F94721B7034748
:108C200004046311F7021306F6D89307102733568E
:108C3000F60293060404A28517F5FFFF1305254FDE
:108C4000EFB02DF3F24062444A85D2444249B24922
:108C500005618280398B45E3E91793F7F70F7D476C
:108C600013090008E360F7FE8547230AF40683C76B
:108C700004001946938524009987858BA30AF4067E
:108C8000130564079780FD1FE780E0C083479400C9
:108C9000230E040605476393E70283258409230E08
:108CA000F406194683C705001305E407A1059D8353
:108CB000A30EF4069780FD1FE780E0BD2285EFF04C
:108CC000DF9985472149E31FF5F622856244F2408A
:108CD000D2444249B24905616FF07FB105499DB761
:108CE00015498DB70D49B9BF0949A9BF130910022C
:108CF00091BF5D4981BF13090008A9B7797197B782
:108D0000FD1F9387275522D403A4070926D24AD0F2
:108D10004ECE52CC56CA5AC85EC662C406D6130A94
:108D2000200B930A400B130B600B930B300B130CAF
:108D3000500B97B4FD1F9384A44017B9FD1F13096E
:108D4000E926930960FB834764006390470383C768
:108D50000400858B63890714228597B7FD1F238143
:108D6000073EEFF03FCD65D191A06392570797B7CB
:108D7000FD1F83C7F73C858B6387071297B7FD1FDD
:108D8000A380073C97B4FD1F938444229C408297A4
:108D9000930785003E87D44063E4A70063E4D700CF
:108DA0003387D74038D02285EFF0CFF78347440090
:108DB000638007102254B25092540259F249624A19
:108DC000D24A424BB24B224C45616FE03FF2639274
:108DD000670917B7FD1F1307273910438177FD1760
:108DE0005446F58F5CC60F1000001843B707020009
:108DF0001CC7930700F817B6FD1F2305F63497B775
:108E0000FD1F9387A7339C439C439D83858B9DCFF8
:108E1000930760197CD354C79780FD1FE7804037C4
:108E200097B7FD1F83C7C731858B99CB97B7FD1FB8
:108E300023880730EF00FFE32285EFF01FB23DD516
:108E40008347E4038507230FF4028DB79307E01BE4
:108E5000D1B7639E770183C70400858BA1DB228590
:108E600097B7FD1F238E072CEFF0FF9CEDBDE39F0E
:108E700087F383C71400858B9DC797B7FD1FA38118
:108E8000072C832709008297930705023E878326D4
:108E9000490063E4A70063E4D7003387D74038D0A4
:108EA000230334014DB597B7FD1F238D0728FDBD62
:108EB000B250225492540259F249624AD24A424B69
:108EC000B24B224C45618280411197B7FD1F9387B9
:108ED000673822C406C617B7FD1F0347F72603A449
:108EE000070997B7FD1F9387A72501CF97B6FD1FE9
:108EF00083C686250D476396E60017B7FD1FA305B9
:108F0000072403C77700A1466387E60003C77700FD
:108F10009946639DE60083C7770017B7FD1F2305B9
:108F2000F722854717B7FD1FA300F722EF007FD474
:108F30002285EFF00FDB1306300293050008014590
:108F4000EF00D004034504049307F00F6307F50016
:108F5000EFB04DDDFD572300F404B240224441013F
:108F6000828097F7FFFF9387E7C817B7FD1F232D70
:108F7000F736970700009387A7D817B7FD1F232759
:108F8000F740828001458280411106C6EFE0AFB113
:108F9000B240133515000605410182806FF0DFFEF7
:108FA000411106C6EFE02FB00DC10357C50583562A
:108FB000A505035665078355450703558500EF5002
:108FC0004FC50145B240410182800945E5BF01110D
:108FD00006CE22CCEFE02FAD59C10346B5000547C0
:108FE0002A8497B7FD1F9387E7266316E604B853D4
:108FF000094515CF03460403834657048358E40309
:109000000358C4038357A403835584000345B40263
:109010001307670432C00546EF50CFBD8347F40005
:10902000A3050402014593E71700A307F400F240EB
:1090300062440561828003A7070909456DDB834609
:1090400057078358E4030358C4038357A403835585
:1090500084000345B4021307670702C075BF0945C2
:10906000F9B7011122CC06CE2A84EFE0CFA32DCD93
:109070008347B5020347A51523138100A302F1001E
:1090800083479515A304E1002304F100A9E3834776
:10909000D5150307F5152306F100830735142305BD
:1090A000F100631DF7008947A305F1004800EF5068
:1090B0006FBC0145F2406244056182800307E515FB
:1090C0006314F7008547CDB7A3050100C5B78347F3
:1090D00005162305F1008347B515A305F100834765
:1090E00055162306F100D9B70945E9B7011122CC7D
:1090F00006CE2A84EFE02F9B29CD83070516A30413
:1091000081002180230581001307F007638FE702A8
:1091100003474503998FA305F1008347A51613F76D
:10912000070101C72306010039A093F7070281CF89
:1091300085472306F1002800EF50AFB30145F24008
:109140006244056182808947EDB7FD57A305F100B0
:10915000D1BF0945EDB7411106C6EFE0CF9419C95B
:109160008345051403558500EF506FB00145B240AB
:10917000410182800945E5BF9375F50F01112E85E8
:1091800006CE22CC2EC6EFB0CFF00DC12A84834686
:109190000507B245034575010546EF50CFAC0145C3
:1091A000A30B0400F2406244056182800945DDBFE3
:1091B000411106C6EF50EFAAB2400145410182803D
:1091C000411197B7FD1F9387E70822C4E05F06C6E9
:1091D000094511C80355240CEF506FA89307F00FF1
:1091E0002311F40C0145B24022444101828097B71B
:1091F000FD1F93872706FC5F99CB41111385070C50
:1092000006C6EF504FA5B240014541018280094595
:109210008280411106C622C4EFE0EF880DC9834663
:109220007514034665142A84835585000345B502E9
:109230008506050693F6F60F1376F60FEF508F9F0F
:109240000145A3050402B240224441018280094540
:10925000DDBF397106DE22DC26DA4AD8EFE0AF84C2
:10926000630A05168346B50005472A8497B7FD1F94
:10927000938747FE6391E60CA4530945D9C483C77D
:1092800044041946898BC1CB8C5883C7A500C1C73C
:10929000B10528089770FD1FE780E05F83C754047D
:1092A000138964041946898BB5CFCA850810977055
:1092B000FD1FE780405E8C58194691052810977075
:1092C000FD1FE780405D834704038358A40383C6E2
:1092D00054040346B400835584000345B4023EC4DD
:1092E0008357E4031308010238103EC28357C403B6
:1092F0003EC03C08EF506F928347F400A305040280
:10930000014593E71700A307F400F2506254D254CA
:10931000425921618280814528089770FD1FE780AE
:10932000A05EADBF814508109770FD1FE780C05D4E
:109330001946CA8561B783A407090945F9D483C7CB
:1093400044061946898BB5C393856406280897702F
:10935000FD1FE780405483C74407138964071946FB
:10936000898BB9CBCA8508109770FD1FE780A05282
:1093700083A544081946281091059770FD1FE780C2
:10938000805183A7440883C7370093E72700A38A47
:10939000F4068358A40383C654070346B4008355D8
:1093A00084000345B40202C425BF81452808977094
:1093B000FD1FE780605545B7081081459770FD1F78
:1093C000E78080541946CA8528109770FD1FE780F2
:1093D000804CC1B7094515BF411106C6EFD0BFEC9F
:1093E0000DC10357651C8356451C0356A51C8355A8
:1093F000851C03558500EF500F820145B2404101A5
:1094000082800945E5BF411106C622C4EFD0BFE9FD
:109410000DC92A840357C5058356A505035665075C
:109420008355450703558500EF407FFE83471401B0
:10943000014593E74700A308F400B24022444101EC
:1094400082800945DDBF411106C6EFD0DFE50DC1C1
:1094500083478519034675199305F518035585004B
:10946000A2075D8EEF407FFA0145B2404101828044
:109470000945E5BF411106C622C4EFD0DFE20DC1A8
:109480002A8413060510835585000345B502EF4075
:109490009FF70145A3050402B240224441018280A6
:1094A0000945DDBF411106C622C4EFD0DFDF05CD7F
:1094B0000347B50285472A846314F700A305050214
:1094C0000345B4020357C4058356A4050356840517
:1094D00083558400EF40FFF20145A3050402B2402A
:1094E0002244410182800945DDBF01111375F50F4A
:1094F00006CEEFB00FBA39C997B7FD1F938787D54E
:1095000083A7070E93F707209DC302C402C202C0BF
:109510008148014881470147814605468145130539
:10952000C003EF409FEF0145F24005618280834612
:10953000D5031307E50302C081480148814705466A
:1095400081451305C003EF40FFEAF1BF0945E9BFBC
:1095500097B7FD1F938707D003A70709094529CBB4
:1095600083A7070E011106CE93F707208DC302C40F
:1095700002C202C081480148814701478146014635
:109580008145EF409FE9F2400145056182808358A3
:1095900007020358A701835707058346570701466B
:1095A00002C01307670781450945EF40BFE4E1BFEB
:1095B000828001458280014582800145828001458B
:1095C000828001458280014582800145828001457B
:1095D000828001458280014582800145828001456B
:1095E000828001458280014582800145828001455B
:1095F0008280411106C622C4034705009307000874
:109600006315F7020347150093065002854763E48C
:10961000E60697470000938767CA0A073E971C43F0
:109620000355250082978147B9A093061008854706
:109630006313D70403471500CD466308D70E63E3D1
:10964000E602A146630DD708B146630DD70A9546D9
:109650006313D70203552500EFD0FFC42A8415E910
:10966000894711A893060003630FD70E63EAE6004B
:10967000E946630FD70CB24022443E854101828007
:1096800093077005630FF70E930717F0B337F000D9
:10969000DDB78327851195C70356450405064206A5
:1096A00041829C4313071600420741839DE7231222
:1096B000C40401CA835584000545EF409FD223129C
:1096C00004040345B4020346440583558400EF4077
:1096D0001FD02285EFD01FACB9B73A86D9B7035552
:1096E0002500EFD05FBC2A8425DD0346C5048355E1
:1096F00085000345B5023336C000EF409FCDA3057A
:10970000040215B703552500EFD0FFB92A8429D9E3
:1097100003572505835605050346F5048355850043
:109720000345B502EF403FCBD9BF03552500EFD02D
:109730009FB72A8415D50356450401CA8355850071
:109740000545EF401FCA23120404A3080402E1BD2B
:1097500003552500EFD03FB5E30405F00345B502FE
:10976000EF407FC8C9B503552500EFD0DFB32A8489
:10977000E30805EE835585000345B502EF40FFC6BB
:10978000BDBF03552500EF409FC671BD011122CC1E
:1097900037E400E026CA04404AC806CEB7072000D6
:1097A0002EC632C42A89FD8C2320F4180F10000025
:1097B0001145EFA0EDBE1DC5B2452246231125017E
:1097C0002300B500A300C500232094106244F2409A
:1097D000D2444249AA8517A5FD1F034515730561AB
:1097E0006FA06DCB23209410F2406244D2444249D2
:1097F00011450561828041114AC037E900E026C267
:109800008324090006C622C4B7072000FD8C23204C
:10981000F9180F100000EFD01FA911E923209910AB
:109820000945B24022449244024941018280832783
:109830000512230D05002A84A5C70347F500058BF3
:1098400019EF03558400014693050008EFF01FF45B
:1098500039C9B7E700E023A097100145D9B7D44331
:1098600003C6C70083C58700035585008906EF40FE
:109870003FB805E58327041203D7A700A384070098
:10988000136707F02395E7009C432320F4128357C6
:10989000240481C7FD172311F40483270412D5F390
:1098A000231104047DB78547230DF4005DB779715A
:1098B00022D406D683C735002E8423160100A307C1
:1098C000F10083C74500100802C02307F10083C7D9
:1098D00055008A8502C2A306F10002C402C802CA6A
:1098E00002CC02CEEFF0DEBC0347F1018347040057
:1098F00001456310F7020347E10183471400014566
:109900006319F7000345D101834724001D8D1335EA
:109910001500B25022544561828097B7FD1F93878E
:10992000679383A7870C91E382806384A700DC5F41
:10993000DDBF411122C406C68347A5002A8491C712
:109940009305C5006905EF1040638347240191CB5F
:10995000930544011305A4022244B24041016F1053
:10996000C061B240224441018280AA862E86AA8527
:10997000170500001305C5006FA0BD9F97B7FD1F19
:109980009387478D03A7870C411126C206C622C4C0
:10999000BE8411E7B24022449244410182806304B4
:1099A000A700585FFDB78347A5002A8491C7930598
:1099B000C5006905EF10605C8347240199C79305D2
:1099C00044011305A402EF10405B22852244CC58C9
:1099D000B240924441016FF05FF901114AC817B9D2
:1099E000FD1F1309298722CC0324890C26CA4EC6E1
:1099F00052C456C206CEAA84014A93094500854A3C
:109A0000631D040E93052025130500049780FD1F98
:109A1000E78060A32A841D4561C883C734001946C6
:109A20009385440013054400A301F4009770FD1FC3
:109A3000E78060E6938AA401414681455685977088
:109A4000FD1FE78060F779ED9309A401D6854146B3
:109A50004E859770FD1FE78060F485472305F4006D
:109A6000834734009305C4004E8593E72700A30580
:109A7000F400EF1080509384A4024146814526856E
:109A80009770FD1FE78040F34DE19307A402A68580
:109A90003E854146BE849770FD1FE78020F08547D4
:109AA0002309F4008347340093054401268593E796
:109AB0002700A309F400EF10404CA3000400832505
:109AC00049032285EFF07FEA63140A0697B7FD1F6A
:109AD00023A68784232E04028347490C014585076A
:109AE00017B7FD1F230AF782F2406244D24442496D
:109AF000B249224A924A056182800347340083C7F3
:109B000034006305F700228A405CDDBD4146CE8506
:109B1000130544009770FD1FE78060E3E31555FFD0
:109B20004945D9B723050400B9B72309040071B723
:109B3000232E8A0245B7411197A7FD1F938787718E
:109B400022C403A4870C26C206C64AC0FD5419ECE1
:109B5000B240224497A7FD1F23A2077C97A7FD1FB1
:109B6000238C077A92440249410182800345040014
:109B7000EFA05D9B0329C4032300940022859780F6
:109B8000FD1FE780609B4A84D9B797A7FD1F938785
:109B9000676C2382070C23A4070C6F10C047411188
:109BA00026C206C622C4EFD02FFEAA843DC5EFD040
:109BB0008FEF2A8463060512930710112315F50011
:109BC000930700FB2307F50085472308F50097A7B7
:109BD000FD1F83D7E739A5073E85C207C183130759
:109BE00040106374F70013054010131705014183FB
:109BF000930700046374F7001305000442059305FE
:109C0000302541819780FD1FE780E0832328A41041
:109C100019E903558400EFD09F87B240224426857E
:109C200092444101828097A7FD1F93876751DC53BF
:109C3000228523130414232AF41097A7FD1F93876A
:109C4000676103A6870D83A6C70D03D7A70383C744
:109C5000A704232CC40E232ED40EA307F414FD57FF
:109C60002310F4042313F4022314F4028347E402C0
:109C70002324C4102326D41093E707FC2307F402FF
:109C80008567938787BB2315F4042312E414EFB090
:109C90001FCB17A5FD1F0345E52D2301A414EFF0ED
:109CA0009EBED147A306F41693078002A305F416BF
:109CB0009307006F231FF4149307F0072300F41693
:109CC000F5779387A7EB2311F416A301A4142303BC
:109CD000A416A303A41697A7FD1F2391075835BF09
:109CE000854425BF411122C42A848345040317A556
:109CF000FD1F03455556A307A40206C626C2EFA0C2
:109D00005DDA8357A40317A8FD1F0358A82A9306FA
:109D100000323307F80297A4FD1F83C4C425232A09
:109D2000A4083356D7023377D7029306204E232652
:109D3000C40837460F0013060624B387D702B3D7EB
:109D4000A7023307D702BE94835784039384C417B2
:109D5000C2048507C1802312940833470703B387E1
:109D6000D7022310E4028146858FB3B507033385FC
:109D70000703EF10A0428327840897A6FD1F938650
:109D8000E622D442AA9733B5A7002E9501E53E8777
:109D900063E4D7003387D740834774032328E4085C
:109DA0001307204EB387E70286042285BE94231151
:109DB0009408EFB0DF822285EFB05FB28355E403F1
:109DC00022859205F915C205C181EFB08FFD22856C
:109DD000EFD01FC897A7FD1F23A0875297A7FD1F8D
:109DE0009387075A9C43898B85C397A4FD1F93844F
:109DF00024179C5891CB83258409354582979C581C
:109E00008325C4093945829722852244B240924471
:109E100097A7FD1F2397074497A7FD1F23A4074477
:109E200041016FC06F9F0357050889468357450856
:109E300063F3E6000947B397E7002313F5086FA023
:109E40003DD5011122CC26CA4AC806CE4EC652C400
:109E500083476503034735012A848507230BF502F1
:109E600017A9FD1F130949308347C50097A4FD1F9B
:109E70009384C42C631A075A13070004A309E5004E
:109E800003471501BD9B93E737002306F5009317A1
:109E90008701A30D0500E18763D907001377F70752
:109EA000A308E500EFC09E9F39A88327850A93F693
:109EB0002700BDC6F59B2324F50A83270510918B47
:109EC000A9CFEFA01E950347B40185476310F7069D
:109ED000832784110347C400DC432380E7008327E2
:109EE000841103475401DC43A380E7000327841156
:109EF000832709005843B8DF9C40B7068000984389
:109F0000558F98C3D857719BD8D7F2406244D2443A
:109F10004249B249224A05618280EFA03E8D65B771
:109F200093F617008DC6F99B2324F50A83270411A5
:109F30000347C4002380E70083270411034754012B
:109F4000A380E70083270900032704116DB7834925
:109F50000501054A6398491DF9C713F7070119C799
:109F6000BD9B2324F50AEFA05EEBB1BF13F70702F8
:109F700001CB93F7F7FD2324F50AEFA0DEFEA1B78E
:109F800013F7070401CB93F7F7FB2324F50AEFA09F
:109F9000DE8D15BF13F7070809CB93F7F7F72324D6
:109FA000F50A2285EFC0AE8839BF13F7072009CB29
:109FB00093F7F7DF2324F50A2285EFA03E9E21B711
:109FC00013F7074001CB93F7F7BF2324F50AEFB04F
:109FD0008EA8D5BD13974701635C07007D771307F3
:109FE000F77FF98F2324F50A2285EFA03EB6E1BD65
:109FF00013973701635A07007D777D17F98F232464
:10A00000F50AEFA09EB7C1B513972701635A070061
:10A0100079777D17F98F2324F50AEFA0DEC465B5A3
:10A020002324050A21B78327450A638E071A93F66E
:10A03000070481CA93F7F7FB2322F50AEFA0AEF2DB
:10A0400059B593F6071081CA93F7F7EF2322F50A63
:10A05000EFA0BEE18DBD93F6072099CA4D8B631F1B
:10A06000070E93F7F7DF2322F50AEFA01EE5A1BD47
:10A0700093F6074081CA93F7F7BF2322F50AEFA0B2
:10A08000EEFB91B59396470163DB06007D771307DE
:10A09000F77FF98F2322F50AEFA0CEFE2DB5939618
:10A0A000370163DC06004D8B55EB7D777D17F98F0B
:10A0B0002322F50AEFA0FE8539B513971701635ADD
:10A0C000070071777D17F98F2322F50AEFA0DEA034
:10A0D000DDBB1397E700635A070001777D17F98FFF
:10A0E0002322F50AEFA0DEA3F9BB1397B700635B49
:10A0F00007003707F0FF7D17F98F2322F50AEFA03D
:10A100001EB0D1B313978700635B0700370780FF4A
:10A110007D17F98F2322F50AEFA0FEEE6DB32322FF
:10A12000050A29B5638C09029306600463EF3607BC
:10A130001307500463F9E9141307A002638AE91CAA
:10A1400063673703930710026380F91A63EA3701E4
:10A15000ED476387F914F547638AF914228599B3AB
:10A1600093075002638FF91C93077002F5B713072A
:10A1700060036389E914636B37019307E00263842A
:10A18000F91E93071003E380F9DEC9BF130700042B
:10A19000638CE908930710046387F90A9307800327
:10A1A000E39EF9FAEFC08EEF19AA9307A005638723
:10A1B000F91E63E13705930750056385F90263EBE8
:10A1C00037019307B0046388F91C93071005E38AED
:10A1D000F9DC69B793076005E380F9DE9307800532
:10A1E000E39EF9F622859770FD1FE7806045E30C3A
:10A1F00005CCADB79307B00663ED37019307A00612
:10A2000063FBF92093076006E39AF9F4EFB0AE849C
:10A2100099A093076007E389F9DC93076008E39F3F
:10A22000F9F2EFA05EA405A813974701E35807F2DF
:10A230007D771307F77FF98F2324F50AEFA01E918E
:10A240002308340149B18347B5028DC70547639898
:10A25000E700EFA05ED185472308F400ADB1832766
:10A260000510918BD5C3BD472306F4022285EFA0CC
:10A270004EDAD5B7EFC08EE28327040A93E72700B2
:10A280002320F40AC9BFEFC06EE18327040A230824
:10A2900044012311040693E747002320F40A25B163
:10A2A000EFA0AEBDD947230AF40431B92285EFC02F
:10A2B000EEDE8327040A93E717002320F40A23081D
:10A2C000040011B19770FD1FE7808037E30D05BED4
:10A2D0008547A306F4042285EFA0CEC68347C404B5
:10A2E000F99B2306F404C5B683278510858B81C7A7
:10A2F000EFA03EA8C9BEE947A305F50283270510D4
:10A30000918B99C38D478DB72285EFA02ECEA1B733
:10A31000EFA0CEB98347D40491CB41469305C40A3C
:10A320001305C40C9760FD1FE780E0568347C40403
:10A330002326040E2328040E93E717002306F404B3
:10A3400059B683270510918B81CF8D472306F502DF
:10A35000EFA02ECC83471401DD9BA308F400E5BDDC
:10A36000EFA0CEC8C5BF8347C5042322050E232412
:10A37000050E93E727002306F504EFA04EB58347AB
:10A380001401A3050402DD9BA308F4008327040A3B
:10A3900093E70701F5B5EFA04ECD75BD8347A51432
:10A3A00099CB83466514331ADA006306FA00136703
:10A3B0000701A308E5000347B41411CF83467414C2
:10A3C0008547B397D7006388E7008347140193E775
:10A3D0000701A308F4008347E40199CF83471401E0
:10A3E000C18B99EB8327040A93E707202320F40A03
:10A3F0002285EFC0AECA85B583071416F5DB832727
:10A400004410898BF5D78327440A37071000D98F6A
:10A410002322F40AF1BFEFC06EC88327040A056740
:10A4200013070780D98FA9BD17A7FD1F035787E31F
:10A43000050797A6FD1F2397E6E203278511E3048E
:10A4400007A893E707012306F500B5BC8347451726
:10A45000858B638007108347651393D63700AA96D0
:10A4600083C5061313F7770033D6E540058A79CA0A
:10A47000397122DC06DE26DA4AD84ED652D456D2BC
:10A480005AD05ECE62CC66CA2A84034545037D5706
:10A49000FD47591562052C0061853AC43EC6EFF0B0
:10A4A000FE960326841322478326C413B247718F76
:10A4B000F58F6314E6006387F6062800EFD0AFD36C
:10A4C000894763F1A706294681451305D41797608C
:10A4D000FD1FE7806043224AB24A81490D4C854CFA
:10A4E000930B500293948901E1844E865285D68560
:10A4F00013DB2440EF0010458D88229B05898604DC
:10A500000309DB170DCDB3949C00B3649900A30E2F
:10A510009B168509E39879FD8347441793E78700E5
:10A52000230AF416F2506254D2544259B259225AB4
:10A53000925A025BF24B624CD24C21618280B3147E
:10A540009C00E1B78547B397E700CD8F2388F612CB
:10A55000828082805D71A6C297A4FD1F938484CF00
:10A56000A2C403A4040ACAC04EDE52DC5ED601793E
:10A57000B7090300216AB74B0F0056DA5AD862D4E4
:10A5800086C666D26AD06ECE814A7D19138B891534
:10A590007D1A138CFB238347E4001307000D639C93
:10A5A000E72297ACFD1F938C2CBC83A70C0098432B
:10A5B0000D8B0DC717A7FD1F230D0798B84B1377F9
:10A5C000F78FB8CB98431367870098C39C438D835C
:10A5D000858B89C701000100010001009770FD1FF4
:10A5E000E780C0338347C404858B89C7A2850545AE
:10A5F000EFF0CE9297ADFD1F938D4DB403A70D00E4
:10A6000017ADFD1F130D8DBB5C57F19B93E7170032
:10A610005CD797A7FD1F9387E7BA944383270D0064
:10A620006389061403466413B29683C60600505726
:10A6300037050082939586017D1593F6F603E606AD
:10A64000698ED18E54D7E1859306A00363D6B612E6
:10A65000F44F37060007D18EF4CF832784091CC737
:10A660008327C4095CC303A70C005C4393E717006E
:10A670005CC38355441C95470356641C91050345F0
:10A68000741417A7FD1FA300F7ACC205930710FDB4
:10A690002307F400C181930700FC17A7FD1F2301C6
:10A6A000F7AAEFF0AEC40346741485468357240816
:10A6B00003576408631CD60E938757030607BA979F
:10A6C00003A70C00544733F6260150C70F100000B3
:10A6D00003A70C0037060200860710C7130600F810
:10A6E00097A5FD1F2380C5A67CD354C797A7FD1F40
:10A6F000A38A07A403A60C0097A7FD1FA38207A4A3
:10A7000085471CC28346C40483A70D0003270D00A0
:10A71000858AC5C29443B705330093F6F6CF94C338
:10A72000944393F6F6CF93E6062094C31447CD8E58
:10A7300014C79386891734CA5457F59A54D7834659
:10A74000641313F6F607944393F606F8D18E94C378
:10A750005C4393F7F7EF5CC30100010003270D0092
:10A760005C4393E707105CC39770FD1FE78040A22E
:10A770001DB58346241465BD9306200263DAB60036
:10A78000F44F370600F97D16F18E37060005E1B566
:10A79000B70600F91386F6FFF44F6945F18E3706C8
:10A7A0000003E34AB5EA3706000175B593879704BD
:10A7B00031B79443B705330093F6F6CF94C394436F
:10A7C00093F6F6CF93E6062094C31447CD8E14C7B4
:10A7D0002328660595B71307100D6394E75E97A7C6
:10A7E000FD1F83C7E795858B97ACFD1F938C4C9518
:10A7F000638D074E83C70C00E207E18763D9070C1E
:10A800008347F400179DFD1F034DED7693F7070274
:10A8100085C38357A4031307204EB387E70203279A
:10A820004409B3D7E70213070D05BA972312F408BA
:10A83000035544081798FD1F0358C87737460F0083
:10A8400013059504B325050381461306062442C665
:10A8500083ADCC013305A802EF0050148327C40850
:10A8600032483385A7403307B5019797FD1F93877B
:10A87000E773BA85D4436364A7006364D700B30564
:10A88000D740032704096360B7160356640883574B
:10A8900024080D8F13151600AA97B3870703138595
:10A8A0000B24E297B3D7A7026366F700B387F6409D
:10A8B00063F4E7002328B408420D93571600135D94
:10A8C0000D0163E4A7132313F40823100408834540
:10A8D000C404032544119306240313064403858905
:10A8E0009770FD1FE780A08E97A7FD1F238DA7847B
:10A8F0008347440303C76404998F230AF40283C780
:10A900006C00858B6395072C8347A40293E727008F
:10A910002305F40283C70C00E207E18763D3070233
:10A920008347641313D7370093F677002297854740
:10A93000B397D7008346071393C7F7FFF58F230814
:10A94000F7128347F400898BE9C32285EFA0FFFF4C
:10A950004DED8347F400A309040093E74700A307E4
:10A96000F400832784118DCF0347B40115CB03C7AF
:10A970009700058B15E703D7A700C843136707F0B7
:10A980002395E7009770FD1FE78000BB83574404C1
:10A9900085072312F404832784119C43232CF4108D
:10A9A0008347540181CB8347C404898B81C72285A7
:10A9B000EFA0BFFE8347040113072002639AE7025A
:10A9C0008327040AA305040293E787002320F40ADF
:10A9D0008347140193E78700A308F400930740021C
:10A9E0002308F4001DA036974DB52313A409F1BD2B
:10A9F000130700066393E70C85472308F400834799
:10AA0000A40293E717002305F40283C76C00898B27
:10AA1000638F070E8347C404858B638A070E8347C1
:10AA200094018507A30CF4008347F40013F7270073
:10AA300029E793E72700A307F400930700F8230E04
:10AA4000F4008357A4031307204EB387E7020327BC
:10AA50004409B3D7E7021797FD1F0347C7511307F0
:10AA60000705BA97C207C1832312F408860723118A
:10AA7000F40897A7FD1F23A1078822859797FD1F3C
:10AA80002380076CEFF0EFBB83455401034564144A
:10AA90009105EFE01EFB834754016387072083473E
:10AAA000C404898B63820720A2850145EFE01EBFA5
:10AAB000630C0512EFF0EE9BE5A413077006639E8E
:10AAC000E7029797FD1F9387676798433C57ED9B75
:10AAD0003CD79797FD1F238A076637170040835797
:10AAE0008701B377FA00231CF7008347C40093F76C
:10AAF000F7FD2306F4008547E5B57147E397E7F0D6
:10AB00008327040A93E717002320F40AFDBD22855A
:10AB1000EFA03FE611F9A30C04002285EFA0FFDEB1
:10AB200083471401A18B85CF834764018DCB834775
:10AB30007401094793F7B70F6383E7029307D003C4
:10AB4000230AF404930770022308F4008347C40423
:10AB5000858BE38B07EC2285EFA03FE9F1B58347B6
:10AB6000D4000D476397E7048347740113078002FD
:10AB70006373F702834774011D476388E702A306E6
:10AB8000F4028327840A228593E717002324F40A1A
:10AB9000EF901EB619A88A071727000013078736FB
:10ABA000BA979C432285829771F583476401D9FF48
:10ABB000A5BD99CB83476401E38807E6228597709A
:10ABC000FD1FE78000BBAA8AE3900AE6F9BF83472E
:10ABD00084018507230CF40083D7E40085071797C9
:10ABE000FD1F2310F76889B59797FD1F93870755B9
:10ABF0009843B70633001C4393F7F7CF1CC31C439D
:10AC000093F7F7CF93E707201CC39797FD1F938710
:10AC1000E75A98431C47D58F1CC79797FD1F93870A
:10AC2000A7549C4313878927B8CB9797FD1F938719
:10AC3000E7509C43B70680009843558F98C3D85778
:10AC4000719BD8D7930720FD2307F4009797FD1F2A
:10AC500083C78736E39A07B083270412E38607B0D9
:10AC60000347F400058BE30107B0D44303C6C700D4
:10AC700083C58700035584008906EF306FF7E3151D
:10AC800005AE8327041203D7A700136707F02395A7
:10AC9000E7009C432320F41283572404E38607AC87
:10ACA000FD172311F404C9B49797FD1F9387074933
:10ACB0009843B70633001C4393F7F7CF1CC31C43DC
:10ACC00093F7F7CF93E707201CC39797FD1F938750
:10ACD000E74E98431C47D58F1CC79797FD1F938756
:10ACE000A7489C431387892581B79797FD1F9387B2
:10ACF000A7479C43FC53E390078A9797FD1F238344
:10AD00000744EFE01EF783C70C002285E207E187C6
:10AD100063D40720EFF02F9183D724012285850784
:10AD20001797FD1F2311F754EFF04FF283570404D8
:10AD3000A5CB13074006B3F7E702BDE39797FD1FC6
:10AD4000938707649C43898BA1C79794FD1F9384C5
:10AD50002421985815CF9797FD1F83D7A750C20776
:10AD60009795FD1F83D52550DD8D254502979C586D
:10AD70009795FD1F83D5E54E294582979C588315ED
:10AD800024032D4582979C588305440331458297BF
:10AD90009797FD1F2397074C9797FD1F23A4074CF8
:10ADA00022852644B64096440649F259625AD25A40
:10ADB000425BB25B225C925C025DF24D61616FB0FE
:10ADC0006FAC1307200DE397E7CE9797FD1F83C75E
:10ADD0003737858B638507149797FD1FA382073646
:10ADE0008327040A13972701634E070E2285977065
:10ADF000FD1FE78000A685476316F50E8355441CAA
:10AE00000356641C034574149105C205C181EFE02B
:10AE1000FECD8347C404979CFD1F938CEC34179D93
:10AE2000FD1F130DAD31858B979DFD1F938D0D3942
:10AE3000BDCFA2850545EFE07E8E03270D00B70646
:10AE400033001C4393F7F7CF1CC31C4393F7F7CF92
:10AE500093E707201CC303A70D001C47D58F1CC711
:10AE600083A70C0013878917B8CB930710FD23071E
:10AE7000F40083A70C00D44733F72601D8C70F107E
:10AE8000000003A70C00B70702001CC7930700F8D7
:10AE90001796FD1F2308F62A83270D009C439D83E8
:10AEA000858B95CF930760197CD354C775B803275A
:10AEB0000D00B70633001C4393F7F7CF1CC31C43A8
:10AEC00093F7F7CF93E707201CC303A70D001C4798
:10AED000D58F1CC783A70C0023A8670579B79307F4
:10AEE000E01BD9B7EFE0FED8834794018DC793F7F5
:10AEF000070F81CB9305D0032285EFB00FA9A305DF
:10AF0000A4029797FD1F9387A7059C5B89C795456A
:10AF10001305500882972285EFB00FED51B5979732
:10AF2000FD1F938767249C43FC53639607E697971E
:10AF3000FD1F23890720EFE0DED3F1BF411106C6D4
:10AF4000EFA0CFD29797FD1F9387C73017F7FFFF6A
:10AF5000130727C523AAE70AB24017F7FFFF130715
:10AF6000A7D823ACE70A97F7FFFF9387E75E179709
:10AF7000FD1F232FF74041018280397122DC370405
:10AF8000400026DA4ED6AE84AA899305E4FF054533
:10AF900006DE4AD8EF90DDBD498C131704014183CA
:10AFA00021839317840013590401D98F23160100BC
:10AFB0001379F90F10088A854E852317F100A3062F
:10AFC000210102C002C202C402C802CA02CC02CEDF
:10AFD000EFE06EE98347E1010347D101A3818400DB
:10AFE000A2074207BA970347F10121802382840018
:10AFF000BA97F25062542380F40013D78700C183BC
:10B00000A3822401A380E4002381F4004259D25496
:10B01000B25921618280011119469795FD1F9385D0
:10B02000A5F51795FD1F1305653106CE22CC26CA5E
:10B030004AC891644EC69760FD1FE780C08593851E
:10B04000F4FF0145EF909DB02A84FD550145EF9036
:10B050003DB2A287FD147D5933F79700B366E50032
:10B06000F9C6631425016304970C1797FD1F230F7E
:10B07000F72CA18393E707FC916941641797FD1FA3
:10B080002324A72C1797FD1FA302F72CFD1917994E
:10B09000FD1F1309291C7D14CE850145EF901DABC2
:10B0A000AA84FD550145EF90BDACB3679500EDD77F
:10B0B000FD576314F500E38134FF9797FD1F239834
:10B0C000A728935705011797FD1F2303F7289357C8
:10B0D00085011797FD1FA30DF7269797FD1F238A5C
:10B0E0009726A18093F4F4039797FD1FA3839726D7
:10B0F0008317890E42054185618DE18F6312F50248
:10B100000317C90F8317A90E618FE18F631AF70028
:10B110000317E90F8317C90E618FE18FE30EF7F66E
:10B12000F2406244D2444249B24905618280A68518
:10B130000145EF90BDA12A84FD550145EF905DA327
:10B14000A28719BF11CE93070002918F635BF000B5
:10B150003355C500B397F50033D6C5005D8DB28574
:10B160008280130506FE014633D5A500B285CDBF0A
:10B1700011CE93070002918F635BF000B395C50079
:10B18000B357F5003316C500DD8D328582809305F7
:10B1900006FE0146B315B5003285CDBFB687B2882D
:10B1A0002A832E88639D061463F9C50A4167636E7E
:10B1B000E61AB70700016363F63493568601E14748
:10B1C0001727000013070719369703470700BA9798
:10B1D000130700021D8F19CB3398E500B357F50014
:10B1E000B318E60033E807013313E50013D608016E
:10B1F0003355C80293960801C182935703013377F0
:10B20000C802B385A60242073368F700637AB80024
:10B2100046989307F5FF636418016367B8303E856D
:10B220003308B8403357C80242031353030133783D
:10B23000C802B386E602420833686800637BD80020
:10B2400046989307F7FF6365180179176363D80081
:10B250003E874205598D8145828001E60547B358F6
:10B26000C702416763EAE80EB707000163ECF828FC
:10B2700093D68801E147172700001307A70D3697DB
:10B2800083460700BE9693070002958FE5EB939ED9
:10B2900008013387154113DF080193DE0E01854550
:10B2A000935703013355E7033377E703B306D50319
:10B2B0004207D98F63FAD700C6971307F5FF63E4F7
:10B2C000170163E6D7263A85958F33D7E703420304
:10B2D00013530301B3F7E703B30ED703C207B3E772
:10B2E000670063FBD701C6979306F7FF63E5170175
:10B2F000791763E3D70136874205598D828063E26F
:10B30000D504C16763E2F604B707000163E4F61EE3
:10B3100013D786016148972700009387A703BA9740
:10B3200003C70700130E00024297330EEE40631A64
:10B330000E0C63EDB61C3335C50013451500814571
:10B3400082808145014582809307F00F63F3D71C0B
:10B3500013D786002148C1B71307F00FC686E37CD8
:10B3600017F193D68800A14739B71307F00FB286BB
:10B37000E378C7E493568600A14799B5B398F800DF
:10B3800033D6D50013DF0801335EE6033397F500AB
:10B39000B356D500558F939E080193DE0E013313EB
:10B3A000F50093550701B376E603B387CE03C206D3
:10B3B000CD8E63FBF600C6961306FEFF63E41617F8
:10B3C00063F2F616791EC6969D8E33D6E603931762
:10B3D0000701C183B3F6E6033385CE021397060156
:10B3E0005D8F637BA70046979307F6FF636817138B
:10B3F0006376A7127916469793150E01098FD18DA2
:10B4000045B5B357E600B396C601DD8E33D3E500EC
:10B4100013DF0601B357E303939E060193DE0E018B
:10B420003398C5013357E500336807019358080185
:10B430003316C6013373E303B385FE024203B368D8
:10B44000130163FBB800B6981387F7FF63EAD80CC3
:10B4500063F8B80CF917B698B388B84033D7E80347
:10B46000420813580801B3F8E8033383EE02C20818
:10B47000B3E5080163FB6500B6951308F7FF63EDBC
:10B48000D50863FB65087917B695C207416FD98F58
:10B490001307FFFFB3F6E70093D80701718F4182CE
:10B4A000B38EE602B3856540B386C60213D80E019B
:10B4B0003387E802BA96C2963386C80263F3E60081
:10B4C0007A9693D80601469663E2C5026385C50065
:10B4D0003E858145828041677D17F98EC206B3FEA5
:10B4E000EE003315C501F696E374D5FE1385F7FF1C
:10B4F0008145828013D70601414831BD935606012C
:10B50000C1477DB993D60801C147B5B3814505450B
:10B5100082803687014801B5428785BF3E86E9BDF6
:10B52000BA871DBF328E4DB579154698D5B97915B4
:10B53000C69759BBB3C7A5008D8B3307C50081E7FC
:10B540008D4763EEC700AA876370E50A83C60500CE
:10B5500085078505A38FD7FEE3EAE7FE8280937611
:10B560003500AA8791CA83C6050085078505A38F84
:10B57000D7FE93F63700FDB79376C7FF138606FE16
:10B5800063F0C70683A3050083A2450083AF85004F
:10B5900003AFC50083AE050103AE450103A38501DA
:10B5A00083A8C5019385450223A0770003A8C5FFA2
:10B5B00023A2570023A4F70123A6E70123A8D7015C
:10B5C00023AAC70123AC670023AE17019387470264
:10B5D00023AE07FF75B790419107910523AEC7FED3
:10B5E000E3EBD7FEE3E4E7F6828039713EDA2ED250
:10B5F00032D436D63AD842DC46DE9387418622CC16
:10B60000804326CA06CEAA8409C41C4C99E322852D
:10B6100025230C4454102686228536C6EF001018C8
:10B62000F2406244D24421618280011126CA4AC894
:10B6300006CE22CC4EC652C4AA842E8901C51C4D0A
:10B6400091E3DD299C4C804499E32685F5219727D9
:10B650000000938727E2631CF402C0408357C400B4
:10B66000A18BB1C71C48A1C7FD59294A1C44834579
:10B670000900FD17B1E91CC463DE07062286A9454F
:10B6800026857920FD576308F502294535A09727BF
:10B690000000938727E06314F4008044C1B7972724
:10B6A0000000938727DBE31BF4FAC04445BFA28563
:10B6B0002685392A55D97D55F2406244D244424903
:10B6C000B249224A056182801CC4050963D707007C
:10B6D000184C63CBE700638945011C4013871700B2
:10B6E00018C02380B70059B7228626851520E31F8E
:10B6F00035F7D1B71C401387170018C0294723809E
:10B70000E70061B793874186AA8588436FF0FFF110
:10B71000011122CC26CA4AC806CE4EC6AA842E895A
:10B72000328401C51C4D91E30129972700009387BE
:10B7300067D46319F406C0401C4C1CC48357C40072
:10B74000A18BC9C31C48BDCF1C4808409379F90F91
:10B750001379F90F1D8D5C486346F500A285268597
:10B76000652C2DE51C440505FD171CC41C401387E2
:10B77000170018C0238037015C486389A7008357EE
:10B78000C400858B81CBA9476316F900A285268565
:10B7900061240DEDF24062444A85D2444249B249E7
:10B7A00005618280972700009387C7CE6314F40059
:10B7B000804459B7972700009387C7C9E31EF4F662
:10B7C000C0449DBFA285268521203DDD7D59D9B786
:10B7D00041119387418626C2844322C44AC006C6CB
:10B7E0002A892E8489C49C4C99E32685B126972703
:10B7F0000000938727C8631CF402C0400317C400ED
:10B8000093170701C18393F68700B5EE93F60701FE
:10B810009DEEA5472320F900136707042316E400D3
:10B820007D55B240224492440249410182809727CB
:10B830000000938727C66314F4008044C1B797279C
:10B840000000938727C1E31BF4FAC04445BF918BE6
:10B850008DC74C5889C9930744046384F5004A8511
:10B86000892B232A04028357C4002322040093F760
:10B87000B7FD2316F4001C481CC08357C40093E78F
:10B8800087002316F4001C4881EF8357C400130778
:10B89000002093F707286385E700A2854A8595294C
:10B8A0008357C40013F7170005C75C48232404001E
:10B8B000B307F0401CCC1C480145A5F78317C40012
:10B8C00013F7070839DF93E707042316F40089BF4D
:10B8D000898B014791E3584818C4F1BF83D7C5004D
:10B8E000011122CC26CA06CE4AC84EC613F78700DD
:10B8F000AA842E8471EFD841634DE000B841634AB9
:10B90000E0000145F2406244D2444249B249056137
:10B91000828058547DD703A904009396370123A051
:10B92000040063DD060670488357C400918B99C7F5
:10B930005C401D8E5C5899C33C401D8E5C540C507D
:10B94000814626858297FD570357C400631DF50085
:10B950009440F54763E8D706B70740208507B3D77B
:10B96000D700858BA5C31C48232204001CC0931755
:10B97000370163D80700FD576314F5009C4091E33D
:10B9800068C84C5823A02401ADDD930744046384A8
:10B99000F50026853929232A0402A5B70C50014653
:10B9A000854626850297FD572A86E31FF5F69C40BB
:10B9B000A5DF75476385E70059476394E70423A033
:10B9C000240181B7136707042316E4007D551DBFCA
:10B9D00083A90501E38709F203A905008D8B23A044
:10B9E000350133093941014791E3D84918C4E35A75
:10B9F00020F11C540C50CA864E86268582976349D6
:10BA0000A0008357C40093E707042316F4007DBF0A
:10BA1000AA993309A940E1BF9C49A5C3011122CCD1
:10BA200006CE2A8411C51C4D81E72EC63122B245AF
:10BA300097270000938707A4639CF5004C408397E9
:10BA4000C5009DC722856244F24005616FF01FE981
:10BA500097270000938707A46394F5000C44C5B7AB
:10BA6000972700009387079FE39BF5FC4C44C1BFD9
:10BA7000F2406244014505618280014582804111A6
:10BA800022C406C62A842316B5002317C500232026
:10BA90000500232205002324050023220506232870
:10BAA0000500232A0500232C0500214681451305A6
:10BAB000C505EF60CDE5971700009387A7B65CD06A
:10BAC00097170000938707B91CD497170000938736
:10BAD00047BD5CD497170000938707C000D01CD8DF
:10BAE000B24022444101828097050000938505F30E
:10BAF000B1AA411126C2130680069384F5FFB384D0
:10BB0000C4024AC02E8922C406C693854407B126C2
:10BB10002A8401CD2320050023222501310508C4F4
:10BB2000138684068145EF608DDE2285B240224473
:10BB300092440249410182801C4DB5E7411106C67D
:10BB400022C497070000938767FA1CD59727000047
:10BB50009387C7A29C432324050423260504232896
:10BB600005046314F50085471CCD2A84352848C098
:10BB700022851D2808C42285052848C4484001465E
:10BB80009145EFF0DFEF08440546A545EFF03FEFA4
:10BB900048440946C945EFF09FEE85471CCCB240AA
:10BBA00022444101828082804111972700009387BF
:10BBB000E79C26C284434AC006C69C4C22C42A89FC
:10BBC00081E72685EFF05FF7938484048044DC40AE
:10BBD000FD1763D607009C40B9CF8440C5BF03174B
:10BBE000C40039E7C1778507232204062320040017
:10BBF00023220400232404005CC423280400232AF5
:10BC00000400232C0400214681451305C405EF6080
:10BC10000DD0232A0402232C040223240404232607
:10BC200004042285B24022449244024941018280A8
:10BC30001304840671BF91454A85EFF09FEB88C0DD
:10BC400049FDB1472320F9000144E1BF797122D4B5
:10BC50004AD052CC56CA5AC85EC606D626D24ECE56
:10BC60002A8AAE8A130485040149054BFD5B09EC61
:10BC7000B25022544A8592540259F249624AD24A39
:10BC8000424BB24B45618280044483294400FD1934
:10BC900063D409000040E1BF83D7C400637BFB008D
:10BCA0008397E40063877701A6855285829A33697A
:10BCB000A90093848406E1BF1971A6DAAE84839546
:10BCC000E500A2DC86DE328463DC050083D7C40095
:10BCD00023A0060093F7070885E7930700401DA0FF
:10BCE000300836C6EF00D025B246E34105FE724764
:10BCF000BD67F98F7977BA9793B717009CC2F1BFE8
:10BD0000930700041CC0F6506654D65401450961DF
:10BD1000828083D7C500011122CC06CE26CA4AC82C
:10BD2000898B2E8489CF930774041CC01CC8854757
:10BD30005CC8F2406244D24442490561828074008A
:10BD40003000AA84EFF05FF7A2452A8926853122C8
:10BD500001ED8317C40013F7072061FFF19B93E700
:10BD600027002316F400C1B797070000938707D870
:10BD70009CD48357C40008C008C893E7070823165B
:10BD8000F400A2475CC8B24791CF8315E400268532
:10BD9000EF00301E01C98357C400F19B93E71700E1
:10BDA0002316F4008357C4003369F90023162401D5
:10BDB00049B7DDC183A7C5FF411122C406C626C20B
:10BDC0001384C5FF63D307003E94AA84EF0050227A
:10BDD000938781999C4381EF2322040023AC8198AF
:10BDE0002244B2402685924441016F009020637E38
:10BDF000F40014403307D4006396E7009843DC4313
:10BE0000369718C05CC0D9BFBA87D84319C3E37D41
:10BE1000E4FE94433386D700631F86001040B29639
:10BE200094C33386D700E31DC7FA10435843B29634
:10BE300094C3D8C375B76375C400B1479CC04DB7F0
:10BE40001040B306C4006316D70014435843B2969B
:10BE500014C058C0C0C369B78280011126CA938438
:10BE60003500F19806CE22CC4AC84EC6A104B1478F
:10BE700063F3F404B14463E2B4042A89EF00501779
:10BE80009387819998433A8439E09387C1999C4379
:10BE900091E781454A85A12F23AEA198A6854A85C1
:10BEA000B927FD5963193507B1472320F9004A85A1
:10BEB000EF00301429A0E3D004FCB1471CC10145B8
:10BEC000F2406244D2444249B249056182801C403A
:10BED000858F63CF0702AD4663F6F6001CC03E9423
:10BEE00004C031A05C406313870223ACF1984A85FB
:10BEF000EF0030101305B400930744006199330735
:10BF0000F5405DDF3A94898F1CC05DBF5CC3C5B747
:10BF10002287404095BF130435007198E30285FCE9
:10BF2000B305A4404A85E125E31C35FBB5BF1C469B
:10BF3000FD171CC663DA0700184E63C5E700A94762
:10BF40006394F5006FF0CFFC1C422E851387170019
:10BF500018C22380B7008280011122CC26CA4AC8A9
:10BF60004EC652C406CE2A89AE893284B304D600A6
:10BF70007D5A63149400014511A8834504004E8640
:10BF80004A85EFF0DFFA0504E31545FFF24062440D
:10BF9000D2444249B249224A05618280357122CD9C
:10BFA00026CB4AC94EC706CF52C556C35AC1DEDE9C
:10BFB000E2DCE6DAAA89AE843289368409C51C4DF2
:10BFC00099E3EFF07FB7971700009387A74A639C28
:10BFD000F40C83A4490083D7C400A18BFDC79C48FF
:10BFE000EDC793070002A304F1029307000302D2F6
:10BFF0002305F10222C6930B5002971A0000938A80
:10C000006A4B054C294B4A848347040099C36391CA
:10C01000770FB30C2441638E0C00E6864A86A68512
:10C020004E85EFF07FF3FD576306F51E9256E696B8
:10C0300036D283470400638F071CFD571309140091
:10C0400002C802CE3ECA02CCA309010482D48345B1
:10C05000090015465685412713041900C24759E9BE
:10C0600013F7070109C713070002A309E10413F737
:10C07000870009C71307B002A309E104834609003A
:10C080001307A0026380E608F2474A8481462546EA
:10C090000347040093051400130707FD6379E60ABC
:10C0A000B5CA3ECE85A8971700009387A73E639533
:10C0B000F40083A4890005B7971700009387873998
:10C0C000E39BF4F083A4C90039B7A6854E85EFF051
:10C0D0002FF001D97D55FA406A44DA444A49BA49F9
:10C0E0002A4A9A4A0A4BF65B665CD65C0D618280EE
:10C0F000050419BF330555413315AC00C98F3EC83F
:10C100002289B1B7324793064700184336C66349C0
:10C1100007023ACE034704009307E002631FF704C7
:10C12000034714009307A002631BF702B2470904F8
:10C13000138747009C433AC663C107023ECA35A82D
:10C140003307E04093E727003ACE3EC8E1B7B38714
:10C15000670385462E84BA9725BFFD57C5B70504EA
:10C1600002CA81468147254603470400930514000F
:10C17000130707FD6376E606F1F2834504000D46DA
:10C180001715000013058533B92511CD9717000049
:10C190009387C7321D8D93070004B397A7004245CC
:10C1A00005045D8D2AC88345040019461715000053
:10C1B00013050531130914002304B102292D3DC1D3
:10C1C0009747FDFF938707E495E74247B247137708
:10C1D000071009CF91073EC69257D2973ED225B598
:10C1E000B387670385462E84BA97BDBF9D07E19B41
:10C1F000A107D5B7780097060000938626D6268635
:10C200000C084E8597000000E7000000FD572A8AC1
:10C21000E314F5FC83D7C40093F70704E39C07EA13
:10C22000125555BD780097060000938626D32686C2
:10C230000C084E85012AD9BF797156CA9C49BA8A21
:10C24000984522D426D24ECE52CC06D64AD05AC8D1
:10C250005EC6AA892E84B284368A63D3E700BA8781
:10C260009CC00347340419C385079CC01C4093F746
:10C27000070281C79C4089079CC0032904001379E9
:10C280006900631A0900130B9401FD5B5C4498403C
:10C29000998F634CF9041C408346340493F70702DA
:10C2A000B336D000A5EB13063404D2854E85829AAE
:10C2B000FD576303F5041C4011469840998B544484
:10C2C00081446397C700B384E64063D3040081448C
:10C2D0001C4418486354F700998FBE9401496904BF
:10C2E0007D5B63982405014509A885465A86D28559
:10C2F0004E85829A631E75017D55B2502254925428
:10C300000259F249624AD24A424BB24B456182809D
:10C310000509ADBF3307D40013060003A301C7040A
:10C320000347540493871600A2978906A381E70464
:10C330009DBF85462286D2854E85829AE30E65FB97
:10C34000050945B7797122D426D24AD04ECE06D6F9
:10C3500052CC56CA5AC8B68983C68501930790063F
:10C360003289AA842E8413863504638DF60263E233
:10C37000D706930780056388F61863EDD7006381BD
:10C38000062293073004638EF60A930A24042301DD
:10C39000D404C9A0930730066385F60A93074006C4
:10C3A000E395F6FE1C40084393F607089305450005
:10C3B000C5C61C410CC363D807001307D002B307DE
:10C3C000F040A301E404971600009386E60F294786
:10C3D0006DA8930700076384F61663E5D7029307F9
:10C3E000E006638BF6189307F006E390F6FA0C402C
:10C3F0001C4313F80508138547006307080608C3A4
:10C400009C438DA893075007E383F6FE93078007AC
:10C41000638BF61293073007E399F6F61C43D0417D
:10C4200081459386470014C383AA07005685652675
:10C4300001C53305554148C05C401CC8A301040434
:10C4400071A81C43930A2404938647009C4314C399
:10C450002301F4048547D5B793F607041C410CC3A8
:10C46000B9DAC207C18781BF93F5050408C3C9D9EA
:10C4700083D707001307F0066388E60E97160000BF
:10C48000938686042947A30104044C400CC463C569
:10C49000050008406D9908C099E3B28A91CDB28A2F
:10C4A000B3F5E702FD1AB69583C505002380BA00EF
:10C4B000B3D5E70263F0E70CA147631EF7001C4009
:10C4C000858B91CB58401C4863C7E7009307000356
:10C4D000A38FFAFEFD1A3306564110C84E87CA864E
:10C4E0007000A2852685EFF03FD57D5A631E450B6F
:10C4F0007D55B250225492540259F249624AD24AAE
:10C50000424B45618280A382D50497160000938632
:10C51000A6FB0C40084313F805081C411105630DE8
:10C52000080208C313F7150001C793E505020CC004
:10C530004147B1FB0C4093F5F5FD0CC0A9B79C41F8
:10C5400093E707029CC193078007A302F4049716A0
:10C5500000009386A6F875BF13F8050408C3E3032B
:10C5600008FCC207C1837DBF971600009386C6F5FD
:10C57000214711BFAE872DB794411C43CC4913F816
:10C580000608138547006306080008C39C438CC354
:10C5900001A808C393F606049C43F5DA2390B7007C
:10C5A00023280400B28A1DBF14485686CA852685F2
:10C5B0008299E30F45F31C40898B8DE7B2474844CD
:10C5C000E359F5F23E8535B785465686CA852685F8
:10C5D0008299E30F65F1050A5C443247998FE34580
:10C5E000FAFEE9BF014A930A94017D5BF5B7411158
:10C5F00022C42A842E859787FD1F23AD07D806C63F
:10C60000EF503DEDFD576319F5009787FD1F9387A8
:10C6100067D89C4391C31CC0B24022444101828030
:10C62000411122C42E848395E50006C6E1226349A8
:10C6300005007C48AA977CC8B24022444101828010
:10C640008357C4007D777D17F98F2316F400EDB76B
:10C6500083D7C500011122CC26CA4AC84EC606CED1
:10C6600093F70710AA842E843289B68991C78395DF
:10C67000E5008946014635228357C4007D777D1742
:10C68000F98F2316F4008315E4006244F240CE864D
:10C690004A86B24942492685D24405613DA84111E6
:10C6A00022C42E848395E50006C6E528FD5703576E
:10C6B000C400631BF500FD77FD17F98F2316F40006
:10C6C000B2402244410182808567D98F2316F4004D
:10C6D00068C8FDB78395E50025A8411122C42A84C6
:10C6E0002E85B28536869787FD1F23A507CA06C605
:10C6F000EF50BDDBFD576319F5009787FD1F93874A
:10C7000067C99C4391C31CC0B2402244410182804E
:10C71000411122C42A842E859787FD1F23AC07C6AA
:10C7200006C61922FD576319F5009787FD1F9387E9
:10C7300067C69C4391C31CC0B24022444101828021
:10C74000411122C42A842E85B2859787FD1F23A319
:10C7500007C406C6D520FD576319F5009787FD1F4E
:10C76000938747C39C4391C31CC0B24022444101FC
:10C770008280411122C42A842E859787FD1F23AB16
:10C7800007C006C6D120FD576319F5009787FD1F26
:10C79000938747C09C4391C31CC0B24022444101CF
:10C7A0008280411122C42A842E85B28536869787DD
:10C7B000FD1F23A107BE06C64520FD576319F500DE
:10C7C0009787FD1F938707BD9C4391C31CC0B24050
:10C7D00022444101828093F5F50F2A966314C50027
:10C7E0000145828083470500E38DB7FE0505FDB74F
:10C7F00082808280411122C42A842E85B2853686A9
:10C800009787FD1F23A807B806C6B928FD576319E7
:10C81000F5009787FD1F9387E7B79C4391C31CC022
:10C82000B240224441018280930780051787FD1F93
:10C830002322F7B67D558280930780051787FD1F59
:10C84000232AF7B47D558280930780051787FD1F43
:10C850002322F7B401458280930780051787FD1FC7
:10C86000232AF7B27D558280930780051787FD1F25
:10C870002322F7B27D558280F401FA00960064000D
:10C880004B0032001E0014004A5BFDFF725BFDFF8F
:10C890009A5BFDFFB25BFDFFCC5BFDFFFE006578A0
:10C8A000706572696D656E74616C00004669726DC9
:10C8B00077617265205265766973696F6E0000005A
:10C8C0004861726477617265205265766973696F39
:10C8D0006E0000004D616E756661637475726572FD
:10C8E000204E616D650000004D6F64656C204E75D3
:10C8F0006D6265720000000053657269616C204EC4
:10C90000756D626572000000536F667477617265C1
:10C91000205265766973696F6E000000F05FFDFF5D
:10C920000E60FDFF1E60FDFF2E60FDFF3E60FDFFFF
:10C930005E60FDFF7460FDFF7C60FDFF8460FDFFB5
:10C940008C60FDFF43483539785F424C455F4C4968
:10C95000425F56312E340000686561642066696C60
:10C9600065206572726F722E2E2E00004C49422097
:10C97000696E6974206572726F7220636F64653AC4
:10C98000202578202E2E2E0A000000002A200000EC
:10C99000CC65FDFFF066FDFF7066FDFF7066FDFF74
:10C9A0007066FDFF4667FDFFD267FDFF1668FDFF5D
:10C9B0007066FDFF7066FDFF7066FDFF7066FDFF2F
:10C9C0007066FDFFF665FDFF45786368616E67651B
:10C9D000204D5455204572726F723A2025780A0016
:10C9E0004D54553A2025780A0000000052656164D4
:10C9F000204572726F723A2025780A005265616490
:10CA0000207273703A2025780A000000577269740A
:10CA100065204572726F723A2025780A0000000086
:10CA200057726974652073656E743A2025780A0020
:10CA300052656365697665206E6F74693A20257862
:10CA40000A000000466F756E642050726F66696C54
:10CA50006520536572766963652068616E646C65F4
:10CA6000203A202578207E202578200A000000002A
:10CA7000466F756E642043686172616374657269A4
:10CA80007374696320312068616E646C65203A209C
:10CA90002578200A0000000043656E7472616C0006
:10CAA0000000000000000000000000000000000086
:10CAB000446973636F766572696E672E2E2E00006F
:10CAC000446576696365202564202D204164647285
:10CAD0002025782025782025782025782025782085
:10CAE0002578200A00000000446576696365206EA1
:10CAF0006F7420666F756E642E2E2E004465766905
:10CB0000636520666F756E642E2E2E00436F6E6E09
:10CB1000656374696E672E2E2E000000436F6E6E83
:10CB200065637465642E2E2E00000000436F6E6EE8
:10CB3000656374204661696C65642E2E2E526561B2
:10CB4000736F6E3A25580A00446973636F6E6E65A1
:10CB5000637465642E2E2E526561736F6E3A25786C
:10CB60000A000000506172616D2055706461746547
:10CB70002E2E2E00204843492064617461206C658C
:10CB80006E677468206368616E6765642C205478F2
:10CB90003A2025642C2052783A2025640A000000AF
:10CBA00050616972696E6720737461727465643A6A
:10CBB00025640A0050616972696E6720737563634A
:10CBC0006573730050616972696E67206661696C94
:10CBD00000000000426F6E64696E672073756363C6
:10CBE00065737300426F6E642073617665207375A0
:10CBF0006363657373000000426F6E642073617637
:10CC000065206661696C65643A2025640A0000004D
:10CC100050617373636F64653A253036640A0000AF
:10CC200052535349203A202D2564206442200A00A3
:10CC30004C6BFDFF6C6BFDFF326CFDFF946BFDFFD9
:10CC4000286CFDFF666CFDFF5570646174652025DE
:10CC500078202D20496E74202578200A00000000DD
:10CC60004552522E2E00000052535349202D256468
:10CC700020644220436F6E6E20202578200A000039
:10CC8000496E697469616C697A65642E2E000000D2
:10CC9000446973636F6E6E65637465642E2E5265AE
:10CCA00061736F6E3A25780A000000004164766572
:10CCB00072746973696E672E2E000000436F6E6E8A
:10CCC000656374696F6E206D61782E2E2E000000F2
:10CCD000436F6E6E202578202D20496E74202578B4
:10CCE000200A0000436F6E6E65637465642E2E002B
:10CCF000436F6E6E6563746564204164766572741B
:10CD00006973696E672E2E0057616974696E6720BA
:10CD1000666F72206164766572746973696E672EDE
:10CD20002E0000004572726F722E2E0070726F66B8
:10CD3000696C65204368616E6765434220434841E2
:10CD400052312E2E2000000070726F66696C6520D3
:10CD50004368616E676543422043484152332E2E3B
:10CD6000000000007EC7FDFFF2C7FDFF66C8FDFFA3
:10CD700066C8FDFF02C8FDFF66C8FDFF1AC8FDFFBB
:10CD80003CC8FDFF66C8FDFF56C8FDFFAAC8FDFFF1
:10CD9000CAC8FDFF46C9FDFFDCC8FDFF46C9FDFF4F
:10CDA00046C9FDFF46C9FDFFFEC8FDFF46C9FDFFA0
:10CDB00046C9FDFF46C9FDFF22C9FDFFFC1C02005C
:10CDC00034AB0000381D0200B6B80000B41D0200EC
:10CDD00082B800006E1E02004EB800000A1F02005A
:10CDE000CCC30000581F0200CCC30000B21F0200D9
:10CDF0001EC300006E1E0200EEB7000046200200B7
:10CE00003ABB00000000000000000000902002007B
:10CE1000C6BB000002210200B8AB0000842AFEFF5E
:10CE2000842AFEFFAA2AFEFFC22AFEFFCA2AFEFFAC
:10CE3000D22AFEFFDA2AFEFFE22AFEFFEA2AFEFFDE
:10CE4000F22AFEFFFA2AFEFF362BFEFF3E2BFEFFE4
:10CE5000022BFEFF01010201020101020102040492
:10CE600006010401010101010404020104000000A3
:10CE70000101020102010102010104040601040191
:10CE80000101010104010201010000003C38FEFF24
:10CE90004838FEFF8A38FEFFB439FEFFBE39FEFF78
:10CEA000023AFEFF443AFEFF823AFEFFBA3AFEFF24
:10CEB0005239FEFFEE3AFEFF7C3BFEFFBE47FEFF0F
:10CEC0009A47FEFFBE4AFEFF1A4BFEFF2A4EFEFFA8
:10CED000444CFEFF8A4CFEFFCE4CFEFF064DFEFF8B
:10CEE0004A4DFEFF9A47FEFF8E4DFEFF044EFEFFA9
:10CEF00000000000000000000000000000000087AB
:10CF000036530100AA6401000C5401000C650100B5
:10CF100030540100D0540100FE540100425501007C
:10CF20001664010086630100A2560100CE5601007E
:10CF300040570100E6570100F66201000862010057
:10CF4000166101008044010098580100EC5801006E
:10CF500026680100BE6701001E590100C65A010083
:10CF60001A5C0100A45C0100D05C01007C68010037
:10CF700080680100665D0100A85D01008468010011
:10CF8000886801008C6801009068010078660100E3
:10CF9000F25D0100D05E0100946801009868010014
:10CFA0007C5F0100DC60010043483539785F424C0A
:10CFB000455F4C49425F56312E342E34000000004C
:10CFC0000C25FFFF1A25FFFF2225FFFF2825FFFF65
:10CFD0002E25FFFF4E25FFFF5625FFFF5C25FFFF97
:10CFE0006625FFFF6C25FFFF7225FFFF7825FFFFF9
:10CFF0007E25FFFF8A25FFFF9025FFFF9625FFFF77
:10D00000D825FFFF9C25FFFFA225FFFFA825FFFFD6
:10D01000AE25FFFFBA25FFFFD825FFFFD825FFFF6C
:10D02000D825FFFFD825FFFFD825FFFFD825FFFF14
:10D03000D825FFFFD825FFFFC425FFFFB425FFFF3C
:10D04000D825FFFFCA25FFFFD225FFFF442BFFFF96
:10D05000702BFFFF922BFFFFA82BFFFFBC2BFFFFC6
:10D06000D82BFFFFF62BFFFF062CFFFF202CFFFF26
:10D07000362CFFFF582CFFFF6E2CFFFF822CFFFF8A
:10D08000962CFFFFB42CFFFFC42CFFFFDE2CFFFF0C
:10D090008C2EFFFFA02EFFFFB62EFFFFD42EFFFF2A
:10D0A0004E30FFFF1C2FFFFFFE2CFFFF322FFFFF34
:10D0B000422FFFFF582DFFFF582DFFFF302EFFFF9F
:10D0C0003A2EFFFF4A2FFFFFF62EFFFF5A2FFFFFDA
:10D0D000CC2FFFFF1230FFFFD233FFFF3630FFFFB0
:10D0E0003630FFFF2033FFFFCA30FFFF1830FFFF4D
:10D0F000C833FFFF3630FFFFC232FFFF5833FFFF58
:10D100003630FFFF3630FFFF3630FFFF3630FFFF8F
:10D110003630FFFF3630FFFF3630FFFF3630FFFF7F
:10D120003630FFFF3630FFFF8C30FFFF6C35FFFFDE
:10D130006A36FFFF3436FFFFAA36FFFFAA36FFFF2D
:10D140003A37FFFF8E37FFFF6A36FFFF6A36FFFF71
:10D150006A36FFFF6A36FFFF6A36FFFF6A36FFFF57
:10D160006A36FFFF6A36FFFF6A36FFFF6A36FFFF47
:10D170006A36FFFF6A36FFFFB237FFFFB237FFFFA5
:10D180006A36FFFF6A36FFFF6A36FFFF6A36FFFF27
:10D190006A36FFFF6A36FFFF2438FFFF2438FFFF9F
:10D1A000203DFFFF2E3DFFFF443DFFFF503DFFFFB1
:10D1B000643DFFFF703DFFFF7A3DFFFF823DFFFFB3
:10D1C0008A3DFFFF943DFFFF9E3DFFFFAA3DFFFF0D
:10D1D000B43DFFFFBE3DFFFFCA3DFFFF203EFFFF06
:10D1E000203EFFFFD43DFFFFE23DFFFFEC3DFFFF90
:10D1F000F63DFFFF003EFFFF083EFFFF163EFFFF2C
:10D20000003EFFFF1C3EFFFF303EFFFFB040FFFF30
:10D21000483EFFFFBA3EFFFFCE3EFFFFE23EFFFF6C
:10D22000FE3EFFFF1A3FFFFF2E3FFFFF4A3FFFFF7B
:10D23000B040FFFF663FFFFFB040FFFFB040FFFF81
:10D240007C3FFFFFA43FFFFFCC3FFFFFE83FFFFF16
:10D25000FE3FFFFF1040FFFF6240FFFFFB349B5F7C
:10D26000800000800010000000000000070B0D117E
:10D2700013171D1F25292B2F353B3D4347494F537E
:10D280005961FF00767AFFFFB27AFFFFDA7BFFFF7A
:10D290007E7CFFFF8E7CFFFF787DFFFF147DFFFF0C
:10D2A000EE7DFFFF9C7EFFFF027AFFFF867BFFFF84
:10D2B0002A7BFFFF647DFFFFF6970200CE8F0200FE
:10D2C000848F0200A4940200749402004694020029
:10D2D00006940200D8930200BA950200BE9502009F
:10D2E00052920200C295020012920200C6950200FC
:10D2F000EE910200CA950200C0910200B0910200B6
:10D3000078910200CE95020056910200D29502005B
:10D31000D6950200DA950200DE950200888F0200A1
:10D320009C8F0200E2950200E6950200EA95020059
:10D33000EE950200B2950200EC90020062900200AD
:10D34000B695020050950200EA940200A08F0200F8
:10D35000000102020303030304040404040404049C
:10D36000050505050505050505050505050505056D
:10D37000060606060606060606060606060606064D
:10D38000060606060606060606060606060606063D
:10D39000070707070707070707070707070707071D
:10D3A000070707070707070707070707070707070D
:10D3B00007070707070707070707070707070707FD
:10D3C00007070707070707070707070707070707ED
:10D3D00008080808080808080808080808080808CD
:10D3E00008080808080808080808080808080808BD
:10D3F00008080808080808080808080808080808AD
:10D40000080808080808080808080808080808089C
:10D41000080808080808080808080808080808088C
:10D42000080808080808080808080808080808087C
:10D43000080808080808080808080808080808086C
:10D44000080808080808080808080808080808085C
:10D4500000000000000000000000000000000000CC
:10D4600000000000000000000000000000000000BC
:10D4700000000000000000000000000000000000AC
:10D48000000000000000000000000000000000009C
:10D49000000000000000000000000000000000008C
:10D4A000000000000000000000000000000000007C
:10D4B000232D302B20000000686C4C00656667450A
:10D4C000464700003031323334353637383941423F
:10D4D000434445460000000030313233343536379E
:10D4E0003839616263646566000000002A2A000022
:10D4F000262A0000272A0000292A0000242A0000EA
:10D50000502A0000252A00000A180000020000002E
:10D5100008D50200282A0000232A0000E0FF0000AE
:10D52000020000001CD50200E1FF0000E2FF000045
:10D53000E3FF0000E4FF0000E5FF00000200000040
:10D540005CD50200012A0000A62A00000129000083
:10D550000328000002290000002A00000018000033
:10D560000118000002280000042A00000028000022
:0CD5700001280000052A000058240020BB
:10D57C00020000006CD50200010000000CD5020076
:10D58C000200000050D5020001000000CE24002053
:10D59C000200000018D50200010000002825002020
:10D5AC000200000050D5020001000000C024002041
:10D5BC0002000000FCD4020001000000E8C80200D8
:10D5CC000200000050D5020001000000CC24002015
:10D5DC000200000004D5020001000000F8C802009F
:10D5EC000200000050D5020001000000BD24002004
:10D5FC0002000000F0D4020001000000ACC80200E0
:10D60C000200000050D5020001000000BE240020E2
:10D61C0002000000F4D4020001000000C0C80200A7
:10D62C000200000050D5020001000000CD240020B3
:10D63C000200000014D502000100000008C902001D
:10D64C000200000050D5020001000000BF240020A1
:10D65C0002000000F8D4020001000000D4C802004F
:10D66C000200000050D5020001000000BC24002084
:10D67C0002000000ECD40200010000009CC8020073
:10D68C000200000050D5020001000000CB24002055
:10D69C000200000000D5020001000000C42400209C
:10D6AC0068250000000000000000000002000000DF
:10D6BC006CD502000100000020D502000200000021
:10D6CC0050D5020001000000CF2400200200000011
:10D6DC0028D50200030000003025002002000000C5
:10D6EC004CD5020001000000B42200200200000012
:10D6FC0050D5020001000000D024002002000000E0
:10D70C002CD502000100000034250020020000008E
:10D71C004CD5020001000000C822002002000000CD
:10D72C0050D5020001000000D124002002000000AE
:10D73C0030D5020002000000382500200200000055
:10D74C004CD5020001000000DC2200200200000089
:10D75C0050D5020001000000D2240020020000007D
:10D76C0034D50200000000003C250020020000001F
:10D77C0054D50200030000004025002002000000E8
:10D78C004CD5020001000000F02200200200000035
:10D79C0050D5020001000000D3240020020000003C
:10D7AC0038D50200040000004425002002000000CF
:10D7BC004CD50200010000000423002016270000B5
:10D7CC009827000000000000436861726163746573
:10D7DC0072697374696320310000000043686172E0
:10D7EC0061637465726973746963203200000000B0
:10D7FC004368617261637465726973746963203321
:10D80C00000000004368617261637465726973742F
:10D81C0069632034000000004368617261637465C1
:10D82C00726973746963203500000000B231000026
:10D83C00F031000000000000222F0000322F000009
:10D84C00062F00005837000088360000D036000044
:10D85C0053696D706C652050657269706865726192
:10D86C006C00000000000000120953696D706C65BB
:10D87C00205065726970686572616C0512140064E1
:10D88C0000020A00020000006CD50200010000003A
:10D89C003CD502000200000050D50200010000003F
:10D8AC00F72400200200000058D5020001000000FF
:10D8BC00000000000200000050D502000100000032
:10D8CC00F42400200200000044D5020001000000F6
:10D8DC00BC2500200200000050D502000100000011
:10D8EC00F82400200200000068D5020001000000AE
:10D8FC00FC2400200200000050D5020001000000B2
:10D90C00F62400200200000048D5020001000000AF
:10D91C00F5240020A8900000FE91000000000000FB
:10D92C00020000006CD50200010000000825002058
:10D93C000200000050D50200010000001325002059
:10D94C000200000074D5020000000000000000007E
:10D95C000200000054D5020003000000000000008B
:10D96C000000000046AD00000000000000000000B8
:10D97C0070D4020090D4020050D4020000000000C9
:10D98C00000000000000000000000000000000008B
:10D99C00000000000000000000000000000000007B
:10D9AC00000000000000000000000000000000006B
:10D9BC00000000000000000000000000000000005B
:10D9CC000000000000000000000000009443002054
:10D9DC00020202020200000001D70700001001023F
:10D9EC000202020A02081002020203E4C2C4FEFF91
:10D9FC00010000009A360000FF000000020106033F
:10DA0C0002E0FF00C3812F010201020202000000AC
:10DA1C005000A0000000E803FFFFFF000200000020
:10DA2C0060D502000100FF20010502010110010177
:0CDA3C0058240020010203040500000033
:00000001FF
