
PWMX.elf:     file format elf32-littleriscv
PWMX.elf
architecture: riscv:rv32, flags 0x00000112:
EXEC_P, HAS_SYMS, D_PAGED
start address 0x00000000

Program Header:
    LOAD off    0x00001000 vaddr 0x00000000 paddr 0x00000000 align 2**12
         filesz 0x00000004 memsz 0x00000004 flags r-x
    LOAD off    0x00002000 vaddr 0x20000000 paddr 0x00000004 align 2**12
         filesz 0x00000a0c memsz 0x00000a0c flags r-x
    LOAD off    0x00002a10 vaddr 0x00000a10 paddr 0x00000a10 align 2**12
         filesz 0x000003ec memsz 0x000003ec flags r-x
    LOAD off    0x00003a0c vaddr 0x20000a0c paddr 0x00000dfc align 2**12
         filesz 0x00000000 memsz 0x00000004 flags rw-
    LOAD off    0x00003a10 vaddr 0x20000a10 paddr 0x00000dfc align 2**12
         filesz 0x00000000 memsz 0x00000004 flags rw-
    LOAD off    0x00002e00 vaddr 0x20007e00 paddr 0x20007e00 align 2**12
         filesz 0x00000000 memsz 0x00000200 flags rw-

Sections:
Idx Name            Size      VMA       LMA       File off  Algn  Flags
  0 .init           00000004  00000000  00000000  00001000  2**1  CONTENTS, ALLOC, LOAD, READONLY, CODE
  1 .highcodelalign 00000000  00000004  00000004  00002dfc  2**0  CONTENTS
  2 .highcode       00000a0c  20000000  00000004  00002000  2**1  CONTENTS, ALLOC, LOAD, READONLY, CODE
  3 .text           000003ec  00000a10  00000a10  00002a10  2**2  CONTENTS, ALLOC, LOAD, READONLY, CODE
  4 .fini           00000000  00000dfc  00000dfc  00002dfc  2**0  CONTENTS, ALLOC, LOAD, CODE
  5 .dlalign        00000000  00000dfc  00000dfc  00002dfc  2**0  CONTENTS
  6 .data           00000004  20000a0c  00000dfc  00003a0c  2**0  ALLOC
  7 .bss            00000004  20000a10  00000dfc  00003a10  2**2  ALLOC
  8 .stack          00000200  20007e00  20007e00  00002e00  2**0  ALLOC
  9 .debug_info     000053de  00000000  00000000  00002dfc  2**0  CONTENTS, READONLY, DEBUGGING
 10 .debug_abbrev   00000e0a  00000000  00000000  000081da  2**0  CONTENTS, READONLY, DEBUGGING
 11 .debug_aranges  000001a8  00000000  00000000  00008fe8  2**3  CONTENTS, READONLY, DEBUGGING
 12 .debug_ranges   00000180  00000000  00000000  00009190  2**3  CONTENTS, READONLY, DEBUGGING
 13 .debug_line     00003484  00000000  00000000  00009310  2**0  CONTENTS, READONLY, DEBUGGING
 14 .debug_str      0000106d  00000000  00000000  0000c794  2**0  CONTENTS, READONLY, DEBUGGING
 15 .comment        00000033  00000000  00000000  0000d801  2**0  CONTENTS, READONLY
 16 .debug_frame    00000298  00000000  00000000  0000d834  2**2  CONTENTS, READONLY, DEBUGGING
 17 .debug_loc      00000d78  00000000  00000000  0000dacc  2**0  CONTENTS, READONLY, DEBUGGING
 18 .stabstr        00000117  00000000  00000000  0000e844  2**0  CONTENTS, READONLY, DEBUGGING
SYMBOL TABLE:
00000000 l    d  .init	00000000 .init
00000004 l    d  .highcodelalign	00000000 .highcodelalign
20000000 l    d  .highcode	00000000 .highcode
00000a10 l    d  .text	00000000 .text
00000dfc l    d  .fini	00000000 .fini
00000dfc l    d  .dlalign	00000000 .dlalign
20000a0c l    d  .data	00000000 .data
20000a10 l    d  .bss	00000000 .bss
20007e00 l    d  .stack	00000000 .stack
00000000 l    d  .debug_info	00000000 .debug_info
00000000 l    d  .debug_abbrev	00000000 .debug_abbrev
00000000 l    d  .debug_aranges	00000000 .debug_aranges
00000000 l    d  .debug_ranges	00000000 .debug_ranges
00000000 l    d  .debug_line	00000000 .debug_line
00000000 l    d  .debug_str	00000000 .debug_str
00000000 l    d  .comment	00000000 .comment
00000000 l    d  .debug_frame	00000000 .debug_frame
00000000 l    d  .debug_loc	00000000 .debug_loc
00000000 l    d  .stabstr	00000000 .stabstr
00000000 l    df *ABS*	00000000 ./Startup/startup_CH583.o
20000000 l       .highcode	00000000 _vector_base
00000000 l    df *ABS*	00000000 CH58x_sys.c
00000000 l    df *ABS*	00000000 ISP583.c
200005f8 l       .highcode	00000000 .loop18
20000606 l       .highcode	00000000 .loop29
20000614 l       .highcode	00000000 .loop40
200008a0 l       .highcode	00000000 .loop402
00000000 l    df *ABS*	00000000 Main.c
00000000 l    df *ABS*	00000000 CH58x_gpio.c
00000000 l    df *ABS*	00000000 CH58x_pwm.c
00000000 l    df *ABS*	00000000 CH58x_uart1.c
00000000 l    df *ABS*	00000000 close.c
00000d86 g     F .text	00000028 UART1_SendString
20000614 g     F .highcode	0000000e FLASH_ROM_OUT
20001210 g       .data	00000000 __global_pointer$
200005b0 g     F .highcode	0000000e mDelayuS
200004de  w    F .highcode	000000d2 HardFault_Handler
20000090  w      .highcode	00000000 GPIOB_IRQHandler
20000090  w      .highcode	00000000 GPIOA_IRQHandler
20000090  w      .highcode	00000000 SysTick_Handler
20000090  w      .highcode	00000000 NMI_Handler
20000090  w      .highcode	00000000 UART1_IRQHandler
20000a10 g       .bss	00000000 _sbss
00000200 g       *ABS*	00000000 __stack_size
20000606 g     F .highcode	0000000e FLASH_ROM_IN
20000090  w      .highcode	00000000 UART0_IRQHandler
00000004 g       .init	00000000 _einit
00000bf8 g     F .text	0000008c PWMX_CycleCfg
20000090  w      .highcode	00000000 BB_IRQHandler
200006a2 g     F .highcode	0000036a FLASH_EEPROM_CMD
20000090  w      .highcode	00000000 Break_Point_Handler
20000090  w      .highcode	00000000 TMR0_IRQHandler
200005e6 g     F .highcode	00000012 FLASH_ROM_BEG
200005be g     F .highcode	00000028 mDelaymS
20000090  w      .highcode	00000000 Ecall_M_Mode_Handler
20007e00 g       .stack	00000000 _heap_end
20000622 g     F .highcode	00000048 FLASH_ROM_ADDR
20000090  w      .highcode	00000000 RTC_IRQHandler
20000a14 g       .bss	00000000 _ebss
00000d54 g     F .text	00000032 UART1_DefInit
2000066a g     F .highcode	00000038 FLASH_ROM_WAIT
20000090  w      .highcode	00000000 UART2_IRQHandler
20000090  w      .highcode	00000000 PWMX_IRQHandler
00000000 g       .init	00000000 _start
20000090  w      .highcode	00000000 ADC_IRQHandler
20000000 g       .highcode	00000000 _highcode_vma_start
20000090  w      .highcode	00000000 TMR2_IRQHandler
20000a10 g     O .bss	00000004 IRQ_STA
20000a0c g       .data	00000000 _data_vma
20000092 g     F .highcode	000003ce SetSysClock
20000090  w      .highcode	00000000 USB_IRQHandler
20000090  w      .highcode	00000000 I2C_IRQHandler
00000af2 g     F .text	00000060 main
20000090  w      .highcode	00000000 USB2_IRQHandler
00000004 g       .highcodelalign	00000000 _highcode_lma
20000090  w      .highcode	00000000 LLE_IRQHandler
00000000 g       .init	00000000 _sinit
00000c84 g     F .text	0000005e PWMX_ACTOUT
20000090  w      .highcode	00000000 WDOG_BAT_IRQHandler
20000090  w      .highcode	00000000 Ecall_U_Mode_Handler
20000090  w      .highcode	00000000 TMR3_IRQHandler
20008000 g       .stack	00000000 _eusrstack
20000090  w      .highcode	00000000 SW_Handler
00000b52 g     F .text	000000a6 GPIOA_ModeCfg
00000ce2 g     F .text	00000042 GetSysClock
20000a10 g       .data	00000000 _edata
20000090  w      .highcode	00000000 SPI0_IRQHandler
20000a14 g       .bss	00000000 _end
20000a0c g       .highcode	00000000 _highcode_vma_end
00000dfc g       .dlalign	00000000 _data_lma
00000a10  w      .text	00000000 handle_reset
20000090  w      .highcode	00000000 UART3_IRQHandler
200005f8 g     F .highcode	0000000e FLASH_ROM_END
20000090  w      .highcode	00000000 TMR1_IRQHandler
20000460 g     F .highcode	0000007e SYS_ResetExecute
00000d24 g     F .text	00000030 UART1_BaudRateCfg



Disassembly of section .init:

00000000 <_sinit>:
_start():
e:/DuRuofu/Project/fr-ble-light/software/ch582/SRC/Startup/startup_CH583.S:17

	.section	.init,"ax",@progbits
	.global	_start
	.align	1
_start:
	j	handle_reset
   0:	2110006f          	j	a10 <handle_reset>

Disassembly of section .highcode:

20000000 <_highcode_vma_start>:
	...
_vector_base():
20000008:	0090                	addi	a2,sp,64
2000000a:	2000                	fld	fs0,0(s0)
2000000c:	04de                	slli	s1,s1,0x17
2000000e:	2000                	fld	fs0,0(s0)
20000010:	bda9                	j	1ffffe6a <_data_lma+0x1ffff06e>
20000012:	f3f9                	bnez	a5,1fffffd8 <_data_lma+0x1ffff1dc>
20000014:	0090                	addi	a2,sp,64
20000016:	2000                	fld	fs0,0(s0)
	...
20000020:	0090                	addi	a2,sp,64
20000022:	2000                	fld	fs0,0(s0)
20000024:	0090                	addi	a2,sp,64
20000026:	2000                	fld	fs0,0(s0)
	...
20000030:	0090                	addi	a2,sp,64
20000032:	2000                	fld	fs0,0(s0)
20000034:	0000                	unimp
20000036:	0000                	unimp
20000038:	0090                	addi	a2,sp,64
2000003a:	2000                	fld	fs0,0(s0)
2000003c:	0000                	unimp
2000003e:	0000                	unimp
20000040:	0090                	addi	a2,sp,64
20000042:	2000                	fld	fs0,0(s0)
20000044:	0090                	addi	a2,sp,64
20000046:	2000                	fld	fs0,0(s0)
20000048:	0090                	addi	a2,sp,64
2000004a:	2000                	fld	fs0,0(s0)
2000004c:	0090                	addi	a2,sp,64
2000004e:	2000                	fld	fs0,0(s0)
20000050:	0090                	addi	a2,sp,64
20000052:	2000                	fld	fs0,0(s0)
20000054:	0090                	addi	a2,sp,64
20000056:	2000                	fld	fs0,0(s0)
20000058:	0090                	addi	a2,sp,64
2000005a:	2000                	fld	fs0,0(s0)
2000005c:	0090                	addi	a2,sp,64
2000005e:	2000                	fld	fs0,0(s0)
20000060:	0090                	addi	a2,sp,64
20000062:	2000                	fld	fs0,0(s0)
20000064:	0090                	addi	a2,sp,64
20000066:	2000                	fld	fs0,0(s0)
20000068:	0090                	addi	a2,sp,64
2000006a:	2000                	fld	fs0,0(s0)
2000006c:	0090                	addi	a2,sp,64
2000006e:	2000                	fld	fs0,0(s0)
20000070:	0090                	addi	a2,sp,64
20000072:	2000                	fld	fs0,0(s0)
20000074:	0090                	addi	a2,sp,64
20000076:	2000                	fld	fs0,0(s0)
20000078:	0090                	addi	a2,sp,64
2000007a:	2000                	fld	fs0,0(s0)
2000007c:	0090                	addi	a2,sp,64
2000007e:	2000                	fld	fs0,0(s0)
20000080:	0090                	addi	a2,sp,64
20000082:	2000                	fld	fs0,0(s0)
20000084:	0090                	addi	a2,sp,64
20000086:	2000                	fld	fs0,0(s0)
20000088:	0090                	addi	a2,sp,64
2000008a:	2000                	fld	fs0,0(s0)
2000008c:	0090                	addi	a2,sp,64
2000008e:	2000                	fld	fs0,0(s0)

20000090 <ADC_IRQHandler>:
GPIOB_IRQHandler():
e:/DuRuofu/Project/fr-ble-light/software/ch582/SRC/Startup/startup_CH583.S:121
TMR3_IRQHandler:
UART2_IRQHandler:
UART3_IRQHandler:
WDOG_BAT_IRQHandler: 
1:  
	j 1b
20000090:	a001                	j	20000090 <ADC_IRQHandler>

20000092 <SetSysClock>:
sys_safe_access_enable():
e:/DuRuofu/Project/fr-ble-light/software/ch582/SRC/StdPeriphDriver/inc/CH58x_sys.h:182
 * within the valid period. The safe mode will be automatically 
 * terminated after the above validity period is exceeded.
 */
 __attribute__((always_inline)) static inline void sys_safe_access_enable(void)
{
   if(read_csr(0x800)&0x08)
20000092:	80002773          	csrr	a4,0x800
20000096:	8b21                	andi	a4,a4,8
20000098:	00001797          	auipc	a5,0x1
2000009c:	97878793          	addi	a5,a5,-1672 # 20000a10 <_edata>
200000a0:	cb19                	beqz	a4,200000b6 <SetSysClock+0x24>
e:/DuRuofu/Project/fr-ble-light/software/ch582/SRC/StdPeriphDriver/inc/CH58x_sys.h:184
   {
       IRQ_STA = read_csr(0x800);
200000a2:	80002773          	csrr	a4,0x800
200000a6:	00001697          	auipc	a3,0x1
200000aa:	96e6a523          	sw	a4,-1686(a3) # 20000a10 <_edata>
e:/DuRuofu/Project/fr-ble-light/software/ch582/SRC/StdPeriphDriver/inc/CH58x_sys.h:185
       write_csr(0x800, (IRQ_STA&(~0x08)));
200000ae:	4398                	lw	a4,0(a5)
200000b0:	9b5d                	andi	a4,a4,-9
200000b2:	80071073          	csrw	0x800,a4
e:/DuRuofu/Project/fr-ble-light/software/ch582/SRC/StdPeriphDriver/inc/CH58x_sys.h:187
   }
   SAFEOPERATE;
200000b6:	0000100f          	fence.i
e:/DuRuofu/Project/fr-ble-light/software/ch582/SRC/StdPeriphDriver/inc/CH58x_sys.h:188
   R8_SAFE_ACCESS_SIG = SAFE_ACCESS_SIG1;
200000ba:	40001737          	lui	a4,0x40001
200000be:	05700693          	li	a3,87
200000c2:	04d70023          	sb	a3,64(a4) # 40001040 <_eusrstack+0x1fff9040>
e:/DuRuofu/Project/fr-ble-light/software/ch582/SRC/StdPeriphDriver/inc/CH58x_sys.h:189
   R8_SAFE_ACCESS_SIG = SAFE_ACCESS_SIG2;
200000c6:	fa800693          	li	a3,-88
200000ca:	04d70023          	sb	a3,64(a4)
e:/DuRuofu/Project/fr-ble-light/software/ch582/SRC/StdPeriphDriver/inc/CH58x_sys.h:190
   SAFEOPERATE;
200000ce:	0000100f          	fence.i
SetSysClock():
e:/DuRuofu/Project/fr-ble-light/software/ch582/SRC/StdPeriphDriver/CH58x_sys.c:30
__HIGH_CODE
void SetSysClock(SYS_CLKTypeDef sc)
{
    uint32_t i;
    sys_safe_access_enable();
    R8_PLL_CONFIG &= ~(1 << 5); //
200000d2:	04b74683          	lbu	a3,75(a4)
200000d6:	0df6f693          	andi	a3,a3,223
200000da:	04d705a3          	sb	a3,75(a4)
sys_safe_access_disable():
e:/DuRuofu/Project/fr-ble-light/software/ch582/SRC/StdPeriphDriver/inc/CH58x_sys.h:195
}

__attribute__((always_inline)) static inline void sys_safe_access_disable(void)
{
   R8_SAFE_ACCESS_SIG = 0;
200000de:	04070023          	sb	zero,64(a4)
e:/DuRuofu/Project/fr-ble-light/software/ch582/SRC/StdPeriphDriver/inc/CH58x_sys.h:196
   write_csr(0x800, read_csr(0x800)|(IRQ_STA&0x08));
200000e2:	80002673          	csrr	a2,0x800
200000e6:	4394                	lw	a3,0(a5)
200000e8:	8aa1                	andi	a3,a3,8
200000ea:	8ed1                	or	a3,a3,a2
200000ec:	80069073          	csrw	0x800,a3
e:/DuRuofu/Project/fr-ble-light/software/ch582/SRC/StdPeriphDriver/inc/CH58x_sys.h:197
   IRQ_STA = 0;
200000f0:	00001697          	auipc	a3,0x1
200000f4:	9206a023          	sw	zero,-1760(a3) # 20000a10 <_edata>
e:/DuRuofu/Project/fr-ble-light/software/ch582/SRC/StdPeriphDriver/inc/CH58x_sys.h:198
   SAFEOPERATE;
200000f8:	0000100f          	fence.i
SetSysClock():
e:/DuRuofu/Project/fr-ble-light/software/ch582/SRC/StdPeriphDriver/CH58x_sys.c:32
    sys_safe_access_disable();
    if(sc & 0x20)
200000fc:	02057693          	andi	a3,a0,32
20000100:	1a068463          	beqz	a3,200002a8 <SetSysClock+0x216>
e:/DuRuofu/Project/fr-ble-light/software/ch582/SRC/StdPeriphDriver/CH58x_sys.c:34
    { // HSE div
        if(!(R8_HFCK_PWR_CTRL & RB_CLK_XT32M_PON))
20000104:	00a74703          	lbu	a4,10(a4)
20000108:	8b11                	andi	a4,a4,4
2000010a:	eb25                	bnez	a4,2000017a <SetSysClock+0xe8>
sys_safe_access_enable():
e:/DuRuofu/Project/fr-ble-light/software/ch582/SRC/StdPeriphDriver/inc/CH58x_sys.h:182
   if(read_csr(0x800)&0x08)
2000010c:	80002773          	csrr	a4,0x800
20000110:	8b21                	andi	a4,a4,8
20000112:	cb19                	beqz	a4,20000128 <SetSysClock+0x96>
e:/DuRuofu/Project/fr-ble-light/software/ch582/SRC/StdPeriphDriver/inc/CH58x_sys.h:184
       IRQ_STA = read_csr(0x800);
20000114:	80002773          	csrr	a4,0x800
20000118:	00001697          	auipc	a3,0x1
2000011c:	8ee6ac23          	sw	a4,-1800(a3) # 20000a10 <_edata>
e:/DuRuofu/Project/fr-ble-light/software/ch582/SRC/StdPeriphDriver/inc/CH58x_sys.h:185
       write_csr(0x800, (IRQ_STA&(~0x08)));
20000120:	4398                	lw	a4,0(a5)
20000122:	9b5d                	andi	a4,a4,-9
20000124:	80071073          	csrw	0x800,a4
e:/DuRuofu/Project/fr-ble-light/software/ch582/SRC/StdPeriphDriver/inc/CH58x_sys.h:187
   SAFEOPERATE;
20000128:	0000100f          	fence.i
e:/DuRuofu/Project/fr-ble-light/software/ch582/SRC/StdPeriphDriver/inc/CH58x_sys.h:188
   R8_SAFE_ACCESS_SIG = SAFE_ACCESS_SIG1;
2000012c:	40001737          	lui	a4,0x40001
20000130:	05700693          	li	a3,87
20000134:	04d70023          	sb	a3,64(a4) # 40001040 <_eusrstack+0x1fff9040>
e:/DuRuofu/Project/fr-ble-light/software/ch582/SRC/StdPeriphDriver/inc/CH58x_sys.h:189
   R8_SAFE_ACCESS_SIG = SAFE_ACCESS_SIG2;
20000138:	fa800693          	li	a3,-88
2000013c:	04d70023          	sb	a3,64(a4)
e:/DuRuofu/Project/fr-ble-light/software/ch582/SRC/StdPeriphDriver/inc/CH58x_sys.h:190
   SAFEOPERATE;
20000140:	0000100f          	fence.i
SetSysClock():
e:/DuRuofu/Project/fr-ble-light/software/ch582/SRC/StdPeriphDriver/CH58x_sys.c:37
        {
            sys_safe_access_enable();
            R8_HFCK_PWR_CTRL |= RB_CLK_XT32M_PON; // HSE power on
20000144:	00a74683          	lbu	a3,10(a4)
20000148:	0046e693          	ori	a3,a3,4
2000014c:	00d70523          	sb	a3,10(a4)
sys_safe_access_disable():
e:/DuRuofu/Project/fr-ble-light/software/ch582/SRC/StdPeriphDriver/inc/CH58x_sys.h:195
   R8_SAFE_ACCESS_SIG = 0;
20000150:	04070023          	sb	zero,64(a4)
e:/DuRuofu/Project/fr-ble-light/software/ch582/SRC/StdPeriphDriver/inc/CH58x_sys.h:196
   write_csr(0x800, read_csr(0x800)|(IRQ_STA&0x08));
20000154:	800026f3          	csrr	a3,0x800
20000158:	4398                	lw	a4,0(a5)
2000015a:	8b21                	andi	a4,a4,8
2000015c:	8f55                	or	a4,a4,a3
2000015e:	80071073          	csrw	0x800,a4
e:/DuRuofu/Project/fr-ble-light/software/ch582/SRC/StdPeriphDriver/inc/CH58x_sys.h:197
   IRQ_STA = 0;
20000162:	00001717          	auipc	a4,0x1
20000166:	8a072723          	sw	zero,-1874(a4) # 20000a10 <_edata>
e:/DuRuofu/Project/fr-ble-light/software/ch582/SRC/StdPeriphDriver/inc/CH58x_sys.h:198
   SAFEOPERATE;
2000016a:	0000100f          	fence.i
2000016e:	4b000713          	li	a4,1200
SetSysClock():
e:/DuRuofu/Project/fr-ble-light/software/ch582/SRC/StdPeriphDriver/CH58x_sys.c:41 (discriminator 3)
            sys_safe_access_disable();
            for(i = 0; i < 1200; i++)
            {
                __nop();
20000172:	0001                	nop
e:/DuRuofu/Project/fr-ble-light/software/ch582/SRC/StdPeriphDriver/CH58x_sys.c:42 (discriminator 3)
                __nop();
20000174:	0001                	nop
20000176:	177d                	addi	a4,a4,-1
e:/DuRuofu/Project/fr-ble-light/software/ch582/SRC/StdPeriphDriver/CH58x_sys.c:39 (discriminator 3)
            for(i = 0; i < 1200; i++)
20000178:	ff6d                	bnez	a4,20000172 <SetSysClock+0xe0>
sys_safe_access_enable():
e:/DuRuofu/Project/fr-ble-light/software/ch582/SRC/StdPeriphDriver/inc/CH58x_sys.h:182
   if(read_csr(0x800)&0x08)
2000017a:	80002773          	csrr	a4,0x800
2000017e:	8b21                	andi	a4,a4,8
20000180:	cb19                	beqz	a4,20000196 <SetSysClock+0x104>
e:/DuRuofu/Project/fr-ble-light/software/ch582/SRC/StdPeriphDriver/inc/CH58x_sys.h:184
       IRQ_STA = read_csr(0x800);
20000182:	80002773          	csrr	a4,0x800
20000186:	00001697          	auipc	a3,0x1
2000018a:	88e6a523          	sw	a4,-1910(a3) # 20000a10 <_edata>
e:/DuRuofu/Project/fr-ble-light/software/ch582/SRC/StdPeriphDriver/inc/CH58x_sys.h:185
       write_csr(0x800, (IRQ_STA&(~0x08)));
2000018e:	4398                	lw	a4,0(a5)
20000190:	9b5d                	andi	a4,a4,-9
20000192:	80071073          	csrw	0x800,a4
e:/DuRuofu/Project/fr-ble-light/software/ch582/SRC/StdPeriphDriver/inc/CH58x_sys.h:187
   SAFEOPERATE;
20000196:	0000100f          	fence.i
e:/DuRuofu/Project/fr-ble-light/software/ch582/SRC/StdPeriphDriver/inc/CH58x_sys.h:188
   R8_SAFE_ACCESS_SIG = SAFE_ACCESS_SIG1;
2000019a:	40001737          	lui	a4,0x40001
2000019e:	05700693          	li	a3,87
200001a2:	04d70023          	sb	a3,64(a4) # 40001040 <_eusrstack+0x1fff9040>
e:/DuRuofu/Project/fr-ble-light/software/ch582/SRC/StdPeriphDriver/inc/CH58x_sys.h:189
   R8_SAFE_ACCESS_SIG = SAFE_ACCESS_SIG2;
200001a6:	fa800693          	li	a3,-88
200001aa:	04d70023          	sb	a3,64(a4)
e:/DuRuofu/Project/fr-ble-light/software/ch582/SRC/StdPeriphDriver/inc/CH58x_sys.h:190
   SAFEOPERATE;
200001ae:	0000100f          	fence.i
SetSysClock():
e:/DuRuofu/Project/fr-ble-light/software/ch582/SRC/StdPeriphDriver/CH58x_sys.c:47
            }
        }

        sys_safe_access_enable();
        R16_CLK_SYS_CFG = (0 << 6) | (sc & 0x1f);
200001b2:	897d                	andi	a0,a0,31
200001b4:	00a71423          	sh	a0,8(a4)
e:/DuRuofu/Project/fr-ble-light/software/ch582/SRC/StdPeriphDriver/CH58x_sys.c:48
        __nop();
200001b8:	0001                	nop
e:/DuRuofu/Project/fr-ble-light/software/ch582/SRC/StdPeriphDriver/CH58x_sys.c:49
        __nop();
200001ba:	0001                	nop
e:/DuRuofu/Project/fr-ble-light/software/ch582/SRC/StdPeriphDriver/CH58x_sys.c:50
        __nop();
200001bc:	0001                	nop
e:/DuRuofu/Project/fr-ble-light/software/ch582/SRC/StdPeriphDriver/CH58x_sys.c:51
        __nop();
200001be:	0001                	nop
sys_safe_access_disable():
e:/DuRuofu/Project/fr-ble-light/software/ch582/SRC/StdPeriphDriver/inc/CH58x_sys.h:195
   R8_SAFE_ACCESS_SIG = 0;
200001c0:	04070023          	sb	zero,64(a4)
e:/DuRuofu/Project/fr-ble-light/software/ch582/SRC/StdPeriphDriver/inc/CH58x_sys.h:196
   write_csr(0x800, read_csr(0x800)|(IRQ_STA&0x08));
200001c4:	800026f3          	csrr	a3,0x800
200001c8:	4398                	lw	a4,0(a5)
200001ca:	8b21                	andi	a4,a4,8
200001cc:	8f55                	or	a4,a4,a3
200001ce:	80071073          	csrw	0x800,a4
e:/DuRuofu/Project/fr-ble-light/software/ch582/SRC/StdPeriphDriver/inc/CH58x_sys.h:197
   IRQ_STA = 0;
200001d2:	00001717          	auipc	a4,0x1
200001d6:	82072f23          	sw	zero,-1986(a4) # 20000a10 <_edata>
e:/DuRuofu/Project/fr-ble-light/software/ch582/SRC/StdPeriphDriver/inc/CH58x_sys.h:198
   SAFEOPERATE;
200001da:	0000100f          	fence.i
sys_safe_access_enable():
e:/DuRuofu/Project/fr-ble-light/software/ch582/SRC/StdPeriphDriver/inc/CH58x_sys.h:182
   if(read_csr(0x800)&0x08)
200001de:	80002773          	csrr	a4,0x800
200001e2:	8b21                	andi	a4,a4,8
200001e4:	cb19                	beqz	a4,200001fa <SetSysClock+0x168>
e:/DuRuofu/Project/fr-ble-light/software/ch582/SRC/StdPeriphDriver/inc/CH58x_sys.h:184
       IRQ_STA = read_csr(0x800);
200001e6:	80002773          	csrr	a4,0x800
200001ea:	00001697          	auipc	a3,0x1
200001ee:	82e6a323          	sw	a4,-2010(a3) # 20000a10 <_edata>
e:/DuRuofu/Project/fr-ble-light/software/ch582/SRC/StdPeriphDriver/inc/CH58x_sys.h:185
       write_csr(0x800, (IRQ_STA&(~0x08)));
200001f2:	4398                	lw	a4,0(a5)
200001f4:	9b5d                	andi	a4,a4,-9
200001f6:	80071073          	csrw	0x800,a4
e:/DuRuofu/Project/fr-ble-light/software/ch582/SRC/StdPeriphDriver/inc/CH58x_sys.h:187
   SAFEOPERATE;
200001fa:	0000100f          	fence.i
e:/DuRuofu/Project/fr-ble-light/software/ch582/SRC/StdPeriphDriver/inc/CH58x_sys.h:188
   R8_SAFE_ACCESS_SIG = SAFE_ACCESS_SIG1;
200001fe:	40001737          	lui	a4,0x40001
20000202:	05700693          	li	a3,87
20000206:	04d70023          	sb	a3,64(a4) # 40001040 <_eusrstack+0x1fff9040>
e:/DuRuofu/Project/fr-ble-light/software/ch582/SRC/StdPeriphDriver/inc/CH58x_sys.h:189
   R8_SAFE_ACCESS_SIG = SAFE_ACCESS_SIG2;
2000020a:	fa800693          	li	a3,-88
2000020e:	04d70023          	sb	a3,64(a4)
e:/DuRuofu/Project/fr-ble-light/software/ch582/SRC/StdPeriphDriver/inc/CH58x_sys.h:190
   SAFEOPERATE;
20000212:	0000100f          	fence.i
SetSysClock():
e:/DuRuofu/Project/fr-ble-light/software/ch582/SRC/StdPeriphDriver/CH58x_sys.c:54
        sys_safe_access_disable();
        sys_safe_access_enable();
        SAFEOPERATE;
20000216:	0000100f          	fence.i
e:/DuRuofu/Project/fr-ble-light/software/ch582/SRC/StdPeriphDriver/CH58x_sys.c:55
        R8_FLASH_CFG = 0X51;
2000021a:	400026b7          	lui	a3,0x40002
2000021e:	05100613          	li	a2,81
e:/DuRuofu/Project/fr-ble-light/software/ch582/SRC/StdPeriphDriver/CH58x_sys.c:88
            sys_safe_access_disable();
        }
        else
        {
            sys_safe_access_enable();
            R8_FLASH_CFG = 0X52;
20000222:	80c683a3          	sb	a2,-2041(a3) # 40001807 <_eusrstack+0x1fff9807>
sys_safe_access_disable():
e:/DuRuofu/Project/fr-ble-light/software/ch582/SRC/StdPeriphDriver/inc/CH58x_sys.h:195
   R8_SAFE_ACCESS_SIG = 0;
20000226:	04070023          	sb	zero,64(a4)
e:/DuRuofu/Project/fr-ble-light/software/ch582/SRC/StdPeriphDriver/inc/CH58x_sys.h:196
   write_csr(0x800, read_csr(0x800)|(IRQ_STA&0x08));
2000022a:	800026f3          	csrr	a3,0x800
2000022e:	4398                	lw	a4,0(a5)
20000230:	8b21                	andi	a4,a4,8
20000232:	8f55                	or	a4,a4,a3
20000234:	80071073          	csrw	0x800,a4
e:/DuRuofu/Project/fr-ble-light/software/ch582/SRC/StdPeriphDriver/inc/CH58x_sys.h:197
   IRQ_STA = 0;
20000238:	00000717          	auipc	a4,0x0
2000023c:	7c072c23          	sw	zero,2008(a4) # 20000a10 <_edata>
e:/DuRuofu/Project/fr-ble-light/software/ch582/SRC/StdPeriphDriver/inc/CH58x_sys.h:198
   SAFEOPERATE;
20000240:	0000100f          	fence.i
sys_safe_access_enable():
e:/DuRuofu/Project/fr-ble-light/software/ch582/SRC/StdPeriphDriver/inc/CH58x_sys.h:182
   if(read_csr(0x800)&0x08)
20000244:	80002773          	csrr	a4,0x800
20000248:	8b21                	andi	a4,a4,8
2000024a:	cb19                	beqz	a4,20000260 <SetSysClock+0x1ce>
e:/DuRuofu/Project/fr-ble-light/software/ch582/SRC/StdPeriphDriver/inc/CH58x_sys.h:184
       IRQ_STA = read_csr(0x800);
2000024c:	80002773          	csrr	a4,0x800
20000250:	00000697          	auipc	a3,0x0
20000254:	7ce6a023          	sw	a4,1984(a3) # 20000a10 <_edata>
e:/DuRuofu/Project/fr-ble-light/software/ch582/SRC/StdPeriphDriver/inc/CH58x_sys.h:185
       write_csr(0x800, (IRQ_STA&(~0x08)));
20000258:	4398                	lw	a4,0(a5)
2000025a:	9b5d                	andi	a4,a4,-9
2000025c:	80071073          	csrw	0x800,a4
e:/DuRuofu/Project/fr-ble-light/software/ch582/SRC/StdPeriphDriver/inc/CH58x_sys.h:187
   SAFEOPERATE;
20000260:	0000100f          	fence.i
e:/DuRuofu/Project/fr-ble-light/software/ch582/SRC/StdPeriphDriver/inc/CH58x_sys.h:188
   R8_SAFE_ACCESS_SIG = SAFE_ACCESS_SIG1;
20000264:	40001737          	lui	a4,0x40001
20000268:	05700693          	li	a3,87
2000026c:	04d70023          	sb	a3,64(a4) # 40001040 <_eusrstack+0x1fff9040>
e:/DuRuofu/Project/fr-ble-light/software/ch582/SRC/StdPeriphDriver/inc/CH58x_sys.h:189
   R8_SAFE_ACCESS_SIG = SAFE_ACCESS_SIG2;
20000270:	fa800693          	li	a3,-88
20000274:	04d70023          	sb	a3,64(a4)
e:/DuRuofu/Project/fr-ble-light/software/ch582/SRC/StdPeriphDriver/inc/CH58x_sys.h:190
   SAFEOPERATE;
20000278:	0000100f          	fence.i
SetSysClock():
e:/DuRuofu/Project/fr-ble-light/software/ch582/SRC/StdPeriphDriver/CH58x_sys.c:100
        R16_CLK_SYS_CFG |= RB_CLK_SYS_MOD;
        sys_safe_access_disable();
    }
    //∏¸∏ƒFLASH clkµƒ«˝∂Øƒ‹¡¶
    sys_safe_access_enable();
    R8_PLL_CONFIG |= 1 << 7;
2000027c:	04b74683          	lbu	a3,75(a4)
20000280:	0806e693          	ori	a3,a3,128
20000284:	04d705a3          	sb	a3,75(a4)
sys_safe_access_disable():
e:/DuRuofu/Project/fr-ble-light/software/ch582/SRC/StdPeriphDriver/inc/CH58x_sys.h:195
   R8_SAFE_ACCESS_SIG = 0;
20000288:	04070023          	sb	zero,64(a4)
e:/DuRuofu/Project/fr-ble-light/software/ch582/SRC/StdPeriphDriver/inc/CH58x_sys.h:196
   write_csr(0x800, read_csr(0x800)|(IRQ_STA&0x08));
2000028c:	80002773          	csrr	a4,0x800
20000290:	439c                	lw	a5,0(a5)
20000292:	8ba1                	andi	a5,a5,8
20000294:	8fd9                	or	a5,a5,a4
20000296:	80079073          	csrw	0x800,a5
e:/DuRuofu/Project/fr-ble-light/software/ch582/SRC/StdPeriphDriver/inc/CH58x_sys.h:197
   IRQ_STA = 0;
2000029a:	00000797          	auipc	a5,0x0
2000029e:	7607ab23          	sw	zero,1910(a5) # 20000a10 <_edata>
e:/DuRuofu/Project/fr-ble-light/software/ch582/SRC/StdPeriphDriver/inc/CH58x_sys.h:198
   SAFEOPERATE;
200002a2:	0000100f          	fence.i
SetSysClock():
e:/DuRuofu/Project/fr-ble-light/software/ch582/SRC/StdPeriphDriver/CH58x_sys.c:102
    sys_safe_access_disable();
}
200002a6:	8082                	ret
e:/DuRuofu/Project/fr-ble-light/software/ch582/SRC/StdPeriphDriver/CH58x_sys.c:59
    else if(sc & 0x40)
200002a8:	04057693          	andi	a3,a0,64
200002ac:	16068763          	beqz	a3,2000041a <SetSysClock+0x388>
e:/DuRuofu/Project/fr-ble-light/software/ch582/SRC/StdPeriphDriver/CH58x_sys.c:61
        if(!(R8_HFCK_PWR_CTRL & RB_CLK_PLL_PON))
200002b0:	00a74703          	lbu	a4,10(a4)
200002b4:	8b41                	andi	a4,a4,16
200002b6:	eb25                	bnez	a4,20000326 <SetSysClock+0x294>
sys_safe_access_enable():
e:/DuRuofu/Project/fr-ble-light/software/ch582/SRC/StdPeriphDriver/inc/CH58x_sys.h:182
   if(read_csr(0x800)&0x08)
200002b8:	80002773          	csrr	a4,0x800
200002bc:	8b21                	andi	a4,a4,8
200002be:	cb19                	beqz	a4,200002d4 <SetSysClock+0x242>
e:/DuRuofu/Project/fr-ble-light/software/ch582/SRC/StdPeriphDriver/inc/CH58x_sys.h:184
       IRQ_STA = read_csr(0x800);
200002c0:	80002773          	csrr	a4,0x800
200002c4:	00000697          	auipc	a3,0x0
200002c8:	74e6a623          	sw	a4,1868(a3) # 20000a10 <_edata>
e:/DuRuofu/Project/fr-ble-light/software/ch582/SRC/StdPeriphDriver/inc/CH58x_sys.h:185
       write_csr(0x800, (IRQ_STA&(~0x08)));
200002cc:	4398                	lw	a4,0(a5)
200002ce:	9b5d                	andi	a4,a4,-9
200002d0:	80071073          	csrw	0x800,a4
e:/DuRuofu/Project/fr-ble-light/software/ch582/SRC/StdPeriphDriver/inc/CH58x_sys.h:187
   SAFEOPERATE;
200002d4:	0000100f          	fence.i
e:/DuRuofu/Project/fr-ble-light/software/ch582/SRC/StdPeriphDriver/inc/CH58x_sys.h:188
   R8_SAFE_ACCESS_SIG = SAFE_ACCESS_SIG1;
200002d8:	40001737          	lui	a4,0x40001
200002dc:	05700693          	li	a3,87
200002e0:	04d70023          	sb	a3,64(a4) # 40001040 <_eusrstack+0x1fff9040>
e:/DuRuofu/Project/fr-ble-light/software/ch582/SRC/StdPeriphDriver/inc/CH58x_sys.h:189
   R8_SAFE_ACCESS_SIG = SAFE_ACCESS_SIG2;
200002e4:	fa800693          	li	a3,-88
200002e8:	04d70023          	sb	a3,64(a4)
e:/DuRuofu/Project/fr-ble-light/software/ch582/SRC/StdPeriphDriver/inc/CH58x_sys.h:190
   SAFEOPERATE;
200002ec:	0000100f          	fence.i
SetSysClock():
e:/DuRuofu/Project/fr-ble-light/software/ch582/SRC/StdPeriphDriver/CH58x_sys.c:64
            R8_HFCK_PWR_CTRL |= RB_CLK_PLL_PON; // PLL power on
200002f0:	00a74683          	lbu	a3,10(a4)
200002f4:	0106e693          	ori	a3,a3,16
200002f8:	00d70523          	sb	a3,10(a4)
sys_safe_access_disable():
e:/DuRuofu/Project/fr-ble-light/software/ch582/SRC/StdPeriphDriver/inc/CH58x_sys.h:195
   R8_SAFE_ACCESS_SIG = 0;
200002fc:	04070023          	sb	zero,64(a4)
e:/DuRuofu/Project/fr-ble-light/software/ch582/SRC/StdPeriphDriver/inc/CH58x_sys.h:196
   write_csr(0x800, read_csr(0x800)|(IRQ_STA&0x08));
20000300:	800026f3          	csrr	a3,0x800
20000304:	4398                	lw	a4,0(a5)
20000306:	8b21                	andi	a4,a4,8
20000308:	8f55                	or	a4,a4,a3
2000030a:	80071073          	csrw	0x800,a4
e:/DuRuofu/Project/fr-ble-light/software/ch582/SRC/StdPeriphDriver/inc/CH58x_sys.h:197
   IRQ_STA = 0;
2000030e:	00000717          	auipc	a4,0x0
20000312:	70072123          	sw	zero,1794(a4) # 20000a10 <_edata>
e:/DuRuofu/Project/fr-ble-light/software/ch582/SRC/StdPeriphDriver/inc/CH58x_sys.h:198
   SAFEOPERATE;
20000316:	0000100f          	fence.i
2000031a:	7d000713          	li	a4,2000
SetSysClock():
e:/DuRuofu/Project/fr-ble-light/software/ch582/SRC/StdPeriphDriver/CH58x_sys.c:68 (discriminator 3)
                __nop();
2000031e:	0001                	nop
e:/DuRuofu/Project/fr-ble-light/software/ch582/SRC/StdPeriphDriver/CH58x_sys.c:69 (discriminator 3)
                __nop();
20000320:	0001                	nop
20000322:	177d                	addi	a4,a4,-1
e:/DuRuofu/Project/fr-ble-light/software/ch582/SRC/StdPeriphDriver/CH58x_sys.c:66 (discriminator 3)
            for(i = 0; i < 2000; i++)
20000324:	ff6d                	bnez	a4,2000031e <SetSysClock+0x28c>
sys_safe_access_enable():
e:/DuRuofu/Project/fr-ble-light/software/ch582/SRC/StdPeriphDriver/inc/CH58x_sys.h:182
   if(read_csr(0x800)&0x08)
20000326:	80002773          	csrr	a4,0x800
2000032a:	8b21                	andi	a4,a4,8
2000032c:	cb19                	beqz	a4,20000342 <SetSysClock+0x2b0>
e:/DuRuofu/Project/fr-ble-light/software/ch582/SRC/StdPeriphDriver/inc/CH58x_sys.h:184
       IRQ_STA = read_csr(0x800);
2000032e:	80002773          	csrr	a4,0x800
20000332:	00000697          	auipc	a3,0x0
20000336:	6ce6af23          	sw	a4,1758(a3) # 20000a10 <_edata>
e:/DuRuofu/Project/fr-ble-light/software/ch582/SRC/StdPeriphDriver/inc/CH58x_sys.h:185
       write_csr(0x800, (IRQ_STA&(~0x08)));
2000033a:	4398                	lw	a4,0(a5)
2000033c:	9b5d                	andi	a4,a4,-9
2000033e:	80071073          	csrw	0x800,a4
e:/DuRuofu/Project/fr-ble-light/software/ch582/SRC/StdPeriphDriver/inc/CH58x_sys.h:187
   SAFEOPERATE;
20000342:	0000100f          	fence.i
e:/DuRuofu/Project/fr-ble-light/software/ch582/SRC/StdPeriphDriver/inc/CH58x_sys.h:188
   R8_SAFE_ACCESS_SIG = SAFE_ACCESS_SIG1;
20000346:	40001737          	lui	a4,0x40001
2000034a:	05700693          	li	a3,87
2000034e:	04d70023          	sb	a3,64(a4) # 40001040 <_eusrstack+0x1fff9040>
e:/DuRuofu/Project/fr-ble-light/software/ch582/SRC/StdPeriphDriver/inc/CH58x_sys.h:189
   R8_SAFE_ACCESS_SIG = SAFE_ACCESS_SIG2;
20000352:	fa800693          	li	a3,-88
20000356:	04d70023          	sb	a3,64(a4)
e:/DuRuofu/Project/fr-ble-light/software/ch582/SRC/StdPeriphDriver/inc/CH58x_sys.h:190
   SAFEOPERATE;
2000035a:	0000100f          	fence.i
SetSysClock():
e:/DuRuofu/Project/fr-ble-light/software/ch582/SRC/StdPeriphDriver/CH58x_sys.c:73
        R16_CLK_SYS_CFG = (1 << 6) | (sc & 0x1f);
2000035e:	01f57693          	andi	a3,a0,31
20000362:	0406e693          	ori	a3,a3,64
20000366:	00d71423          	sh	a3,8(a4)
e:/DuRuofu/Project/fr-ble-light/software/ch582/SRC/StdPeriphDriver/CH58x_sys.c:74
        __nop();
2000036a:	0001                	nop
e:/DuRuofu/Project/fr-ble-light/software/ch582/SRC/StdPeriphDriver/CH58x_sys.c:75
        __nop();
2000036c:	0001                	nop
e:/DuRuofu/Project/fr-ble-light/software/ch582/SRC/StdPeriphDriver/CH58x_sys.c:76
        __nop();
2000036e:	0001                	nop
e:/DuRuofu/Project/fr-ble-light/software/ch582/SRC/StdPeriphDriver/CH58x_sys.c:77
        __nop();
20000370:	0001                	nop
sys_safe_access_disable():
e:/DuRuofu/Project/fr-ble-light/software/ch582/SRC/StdPeriphDriver/inc/CH58x_sys.h:195
   R8_SAFE_ACCESS_SIG = 0;
20000372:	04070023          	sb	zero,64(a4)
e:/DuRuofu/Project/fr-ble-light/software/ch582/SRC/StdPeriphDriver/inc/CH58x_sys.h:196
   write_csr(0x800, read_csr(0x800)|(IRQ_STA&0x08));
20000376:	800026f3          	csrr	a3,0x800
2000037a:	4398                	lw	a4,0(a5)
2000037c:	8b21                	andi	a4,a4,8
2000037e:	8f55                	or	a4,a4,a3
20000380:	80071073          	csrw	0x800,a4
e:/DuRuofu/Project/fr-ble-light/software/ch582/SRC/StdPeriphDriver/inc/CH58x_sys.h:197
   IRQ_STA = 0;
20000384:	00000717          	auipc	a4,0x0
20000388:	68072623          	sw	zero,1676(a4) # 20000a10 <_edata>
e:/DuRuofu/Project/fr-ble-light/software/ch582/SRC/StdPeriphDriver/inc/CH58x_sys.h:198
   SAFEOPERATE;
2000038c:	0000100f          	fence.i
SetSysClock():
e:/DuRuofu/Project/fr-ble-light/software/ch582/SRC/StdPeriphDriver/CH58x_sys.c:79
        if(sc == CLK_SOURCE_PLL_80MHz)
20000390:	04600713          	li	a4,70
20000394:	04e51263          	bne	a0,a4,200003d8 <SetSysClock+0x346>
sys_safe_access_enable():
e:/DuRuofu/Project/fr-ble-light/software/ch582/SRC/StdPeriphDriver/inc/CH58x_sys.h:182
   if(read_csr(0x800)&0x08)
20000398:	80002773          	csrr	a4,0x800
2000039c:	8b21                	andi	a4,a4,8
2000039e:	cb19                	beqz	a4,200003b4 <SetSysClock+0x322>
e:/DuRuofu/Project/fr-ble-light/software/ch582/SRC/StdPeriphDriver/inc/CH58x_sys.h:184
       IRQ_STA = read_csr(0x800);
200003a0:	80002773          	csrr	a4,0x800
200003a4:	00000697          	auipc	a3,0x0
200003a8:	66e6a623          	sw	a4,1644(a3) # 20000a10 <_edata>
e:/DuRuofu/Project/fr-ble-light/software/ch582/SRC/StdPeriphDriver/inc/CH58x_sys.h:185
       write_csr(0x800, (IRQ_STA&(~0x08)));
200003ac:	4398                	lw	a4,0(a5)
200003ae:	9b5d                	andi	a4,a4,-9
200003b0:	80071073          	csrw	0x800,a4
e:/DuRuofu/Project/fr-ble-light/software/ch582/SRC/StdPeriphDriver/inc/CH58x_sys.h:187
   SAFEOPERATE;
200003b4:	0000100f          	fence.i
e:/DuRuofu/Project/fr-ble-light/software/ch582/SRC/StdPeriphDriver/inc/CH58x_sys.h:188
   R8_SAFE_ACCESS_SIG = SAFE_ACCESS_SIG1;
200003b8:	40001737          	lui	a4,0x40001
200003bc:	05700693          	li	a3,87
200003c0:	04d70023          	sb	a3,64(a4) # 40001040 <_eusrstack+0x1fff9040>
e:/DuRuofu/Project/fr-ble-light/software/ch582/SRC/StdPeriphDriver/inc/CH58x_sys.h:189
   R8_SAFE_ACCESS_SIG = SAFE_ACCESS_SIG2;
200003c4:	fa800693          	li	a3,-88
200003c8:	04d70023          	sb	a3,64(a4)
e:/DuRuofu/Project/fr-ble-light/software/ch582/SRC/StdPeriphDriver/inc/CH58x_sys.h:190
   SAFEOPERATE;
200003cc:	0000100f          	fence.i
SetSysClock():
e:/DuRuofu/Project/fr-ble-light/software/ch582/SRC/StdPeriphDriver/CH58x_sys.c:82
            R8_FLASH_CFG = 0X02;
200003d0:	400026b7          	lui	a3,0x40002
200003d4:	4609                	li	a2,2
200003d6:	b5b1                	j	20000222 <SetSysClock+0x190>
sys_safe_access_enable():
e:/DuRuofu/Project/fr-ble-light/software/ch582/SRC/StdPeriphDriver/inc/CH58x_sys.h:182
   if(read_csr(0x800)&0x08)
200003d8:	80002773          	csrr	a4,0x800
200003dc:	8b21                	andi	a4,a4,8
200003de:	cb19                	beqz	a4,200003f4 <SetSysClock+0x362>
e:/DuRuofu/Project/fr-ble-light/software/ch582/SRC/StdPeriphDriver/inc/CH58x_sys.h:184
       IRQ_STA = read_csr(0x800);
200003e0:	80002773          	csrr	a4,0x800
200003e4:	00000697          	auipc	a3,0x0
200003e8:	62e6a623          	sw	a4,1580(a3) # 20000a10 <_edata>
e:/DuRuofu/Project/fr-ble-light/software/ch582/SRC/StdPeriphDriver/inc/CH58x_sys.h:185
       write_csr(0x800, (IRQ_STA&(~0x08)));
200003ec:	4398                	lw	a4,0(a5)
200003ee:	9b5d                	andi	a4,a4,-9
200003f0:	80071073          	csrw	0x800,a4
e:/DuRuofu/Project/fr-ble-light/software/ch582/SRC/StdPeriphDriver/inc/CH58x_sys.h:187
   SAFEOPERATE;
200003f4:	0000100f          	fence.i
e:/DuRuofu/Project/fr-ble-light/software/ch582/SRC/StdPeriphDriver/inc/CH58x_sys.h:188
   R8_SAFE_ACCESS_SIG = SAFE_ACCESS_SIG1;
200003f8:	40001737          	lui	a4,0x40001
200003fc:	05700693          	li	a3,87
20000400:	04d70023          	sb	a3,64(a4) # 40001040 <_eusrstack+0x1fff9040>
e:/DuRuofu/Project/fr-ble-light/software/ch582/SRC/StdPeriphDriver/inc/CH58x_sys.h:189
   R8_SAFE_ACCESS_SIG = SAFE_ACCESS_SIG2;
20000404:	fa800693          	li	a3,-88
20000408:	04d70023          	sb	a3,64(a4)
e:/DuRuofu/Project/fr-ble-light/software/ch582/SRC/StdPeriphDriver/inc/CH58x_sys.h:190
   SAFEOPERATE;
2000040c:	0000100f          	fence.i
SetSysClock():
e:/DuRuofu/Project/fr-ble-light/software/ch582/SRC/StdPeriphDriver/CH58x_sys.c:88
            R8_FLASH_CFG = 0X52;
20000410:	400026b7          	lui	a3,0x40002
20000414:	05200613          	li	a2,82
20000418:	b529                	j	20000222 <SetSysClock+0x190>
sys_safe_access_enable():
e:/DuRuofu/Project/fr-ble-light/software/ch582/SRC/StdPeriphDriver/inc/CH58x_sys.h:182
   if(read_csr(0x800)&0x08)
2000041a:	80002773          	csrr	a4,0x800
2000041e:	8b21                	andi	a4,a4,8
20000420:	cb19                	beqz	a4,20000436 <SetSysClock+0x3a4>
e:/DuRuofu/Project/fr-ble-light/software/ch582/SRC/StdPeriphDriver/inc/CH58x_sys.h:184
       IRQ_STA = read_csr(0x800);
20000422:	80002773          	csrr	a4,0x800
20000426:	00000697          	auipc	a3,0x0
2000042a:	5ee6a523          	sw	a4,1514(a3) # 20000a10 <_edata>
e:/DuRuofu/Project/fr-ble-light/software/ch582/SRC/StdPeriphDriver/inc/CH58x_sys.h:185
       write_csr(0x800, (IRQ_STA&(~0x08)));
2000042e:	4398                	lw	a4,0(a5)
20000430:	9b5d                	andi	a4,a4,-9
20000432:	80071073          	csrw	0x800,a4
e:/DuRuofu/Project/fr-ble-light/software/ch582/SRC/StdPeriphDriver/inc/CH58x_sys.h:187
   SAFEOPERATE;
20000436:	0000100f          	fence.i
e:/DuRuofu/Project/fr-ble-light/software/ch582/SRC/StdPeriphDriver/inc/CH58x_sys.h:188
   R8_SAFE_ACCESS_SIG = SAFE_ACCESS_SIG1;
2000043a:	40001737          	lui	a4,0x40001
2000043e:	05700693          	li	a3,87
20000442:	04d70023          	sb	a3,64(a4) # 40001040 <_eusrstack+0x1fff9040>
e:/DuRuofu/Project/fr-ble-light/software/ch582/SRC/StdPeriphDriver/inc/CH58x_sys.h:189
   R8_SAFE_ACCESS_SIG = SAFE_ACCESS_SIG2;
20000446:	fa800693          	li	a3,-88
2000044a:	04d70023          	sb	a3,64(a4)
e:/DuRuofu/Project/fr-ble-light/software/ch582/SRC/StdPeriphDriver/inc/CH58x_sys.h:190
   SAFEOPERATE;
2000044e:	0000100f          	fence.i
SetSysClock():
e:/DuRuofu/Project/fr-ble-light/software/ch582/SRC/StdPeriphDriver/CH58x_sys.c:95
        R16_CLK_SYS_CFG |= RB_CLK_SYS_MOD;
20000452:	00875683          	lhu	a3,8(a4)
20000456:	0c06e693          	ori	a3,a3,192
2000045a:	00d71423          	sh	a3,8(a4)
2000045e:	b3e1                	j	20000226 <SetSysClock+0x194>

20000460 <SYS_ResetExecute>:
SYS_ResetExecute():
e:/DuRuofu/Project/fr-ble-light/software/ch582/SRC/StdPeriphDriver/CH58x_sys.c:164
 *
 * @return  none
 */
__HIGH_CODE
void SYS_ResetExecute(void)
{
20000460:	1141                	addi	sp,sp,-16
e:/DuRuofu/Project/fr-ble-light/software/ch582/SRC/StdPeriphDriver/CH58x_sys.c:165
    FLASH_ROM_SW_RESET();
20000462:	4681                	li	a3,0
20000464:	4601                	li	a2,0
20000466:	4581                	li	a1,0
20000468:	4511                	li	a0,4
e:/DuRuofu/Project/fr-ble-light/software/ch582/SRC/StdPeriphDriver/CH58x_sys.c:164
{
2000046a:	c606                	sw	ra,12(sp)
e:/DuRuofu/Project/fr-ble-light/software/ch582/SRC/StdPeriphDriver/CH58x_sys.c:165
    FLASH_ROM_SW_RESET();
2000046c:	2c1d                	jal	200006a2 <FLASH_EEPROM_CMD>
sys_safe_access_enable():
e:/DuRuofu/Project/fr-ble-light/software/ch582/SRC/StdPeriphDriver/inc/CH58x_sys.h:182
   if(read_csr(0x800)&0x08)
2000046e:	800027f3          	csrr	a5,0x800
20000472:	8ba1                	andi	a5,a5,8
20000474:	00000697          	auipc	a3,0x0
20000478:	59c68693          	addi	a3,a3,1436 # 20000a10 <_edata>
2000047c:	cb99                	beqz	a5,20000492 <SYS_ResetExecute+0x32>
e:/DuRuofu/Project/fr-ble-light/software/ch582/SRC/StdPeriphDriver/inc/CH58x_sys.h:184
       IRQ_STA = read_csr(0x800);
2000047e:	800027f3          	csrr	a5,0x800
20000482:	00000717          	auipc	a4,0x0
20000486:	58f72723          	sw	a5,1422(a4) # 20000a10 <_edata>
e:/DuRuofu/Project/fr-ble-light/software/ch582/SRC/StdPeriphDriver/inc/CH58x_sys.h:185
       write_csr(0x800, (IRQ_STA&(~0x08)));
2000048a:	429c                	lw	a5,0(a3)
2000048c:	9bdd                	andi	a5,a5,-9
2000048e:	80079073          	csrw	0x800,a5
e:/DuRuofu/Project/fr-ble-light/software/ch582/SRC/StdPeriphDriver/inc/CH58x_sys.h:187
   SAFEOPERATE;
20000492:	0000100f          	fence.i
e:/DuRuofu/Project/fr-ble-light/software/ch582/SRC/StdPeriphDriver/inc/CH58x_sys.h:188
   R8_SAFE_ACCESS_SIG = SAFE_ACCESS_SIG1;
20000496:	400017b7          	lui	a5,0x40001
2000049a:	05700713          	li	a4,87
2000049e:	04e78023          	sb	a4,64(a5) # 40001040 <_eusrstack+0x1fff9040>
e:/DuRuofu/Project/fr-ble-light/software/ch582/SRC/StdPeriphDriver/inc/CH58x_sys.h:189
   R8_SAFE_ACCESS_SIG = SAFE_ACCESS_SIG2;
200004a2:	fa800713          	li	a4,-88
200004a6:	04e78023          	sb	a4,64(a5)
e:/DuRuofu/Project/fr-ble-light/software/ch582/SRC/StdPeriphDriver/inc/CH58x_sys.h:190
   SAFEOPERATE;
200004aa:	0000100f          	fence.i
SYS_ResetExecute():
e:/DuRuofu/Project/fr-ble-light/software/ch582/SRC/StdPeriphDriver/CH58x_sys.c:167
    sys_safe_access_enable();
    R8_RST_WDOG_CTRL |= RB_SOFTWARE_RESET;
200004ae:	0467c703          	lbu	a4,70(a5)
200004b2:	00176713          	ori	a4,a4,1
200004b6:	04e78323          	sb	a4,70(a5)
sys_safe_access_disable():
e:/DuRuofu/Project/fr-ble-light/software/ch582/SRC/StdPeriphDriver/inc/CH58x_sys.h:195
   R8_SAFE_ACCESS_SIG = 0;
200004ba:	04078023          	sb	zero,64(a5)
e:/DuRuofu/Project/fr-ble-light/software/ch582/SRC/StdPeriphDriver/inc/CH58x_sys.h:196
   write_csr(0x800, read_csr(0x800)|(IRQ_STA&0x08));
200004be:	80002773          	csrr	a4,0x800
200004c2:	429c                	lw	a5,0(a3)
200004c4:	8ba1                	andi	a5,a5,8
200004c6:	8fd9                	or	a5,a5,a4
200004c8:	80079073          	csrw	0x800,a5
e:/DuRuofu/Project/fr-ble-light/software/ch582/SRC/StdPeriphDriver/inc/CH58x_sys.h:197
   IRQ_STA = 0;
200004cc:	00000797          	auipc	a5,0x0
200004d0:	5407a223          	sw	zero,1348(a5) # 20000a10 <_edata>
e:/DuRuofu/Project/fr-ble-light/software/ch582/SRC/StdPeriphDriver/inc/CH58x_sys.h:198
   SAFEOPERATE;
200004d4:	0000100f          	fence.i
SYS_ResetExecute():
e:/DuRuofu/Project/fr-ble-light/software/ch582/SRC/StdPeriphDriver/CH58x_sys.c:169
    sys_safe_access_disable();
}
200004d8:	40b2                	lw	ra,12(sp)
200004da:	0141                	addi	sp,sp,16
200004dc:	8082                	ret

200004de <HardFault_Handler>:
HardFault_Handler():
e:/DuRuofu/Project/fr-ble-light/software/ch582/SRC/StdPeriphDriver/CH58x_sys.c:304
__INTERRUPT
__HIGH_CODE
__attribute__((weak))
void HardFault_Handler(void)
{
    FLASH_ROM_SW_RESET();
200004de:	4681                	li	a3,0
200004e0:	4601                	li	a2,0
200004e2:	4581                	li	a1,0
200004e4:	4511                	li	a0,4
200004e6:	2a75                	jal	200006a2 <FLASH_EEPROM_CMD>
sys_safe_access_enable():
e:/DuRuofu/Project/fr-ble-light/software/ch582/SRC/StdPeriphDriver/inc/CH58x_sys.h:182
   if(read_csr(0x800)&0x08)
200004e8:	800027f3          	csrr	a5,0x800
200004ec:	8ba1                	andi	a5,a5,8
200004ee:	00000717          	auipc	a4,0x0
200004f2:	52270713          	addi	a4,a4,1314 # 20000a10 <_edata>
200004f6:	cb99                	beqz	a5,2000050c <HardFault_Handler+0x2e>
e:/DuRuofu/Project/fr-ble-light/software/ch582/SRC/StdPeriphDriver/inc/CH58x_sys.h:184
       IRQ_STA = read_csr(0x800);
200004f8:	800027f3          	csrr	a5,0x800
200004fc:	00000697          	auipc	a3,0x0
20000500:	50f6aa23          	sw	a5,1300(a3) # 20000a10 <_edata>
e:/DuRuofu/Project/fr-ble-light/software/ch582/SRC/StdPeriphDriver/inc/CH58x_sys.h:185
       write_csr(0x800, (IRQ_STA&(~0x08)));
20000504:	431c                	lw	a5,0(a4)
20000506:	9bdd                	andi	a5,a5,-9
20000508:	80079073          	csrw	0x800,a5
e:/DuRuofu/Project/fr-ble-light/software/ch582/SRC/StdPeriphDriver/inc/CH58x_sys.h:187
   SAFEOPERATE;
2000050c:	0000100f          	fence.i
e:/DuRuofu/Project/fr-ble-light/software/ch582/SRC/StdPeriphDriver/inc/CH58x_sys.h:188
   R8_SAFE_ACCESS_SIG = SAFE_ACCESS_SIG1;
20000510:	400017b7          	lui	a5,0x40001
20000514:	05700693          	li	a3,87
20000518:	04d78023          	sb	a3,64(a5) # 40001040 <_eusrstack+0x1fff9040>
e:/DuRuofu/Project/fr-ble-light/software/ch582/SRC/StdPeriphDriver/inc/CH58x_sys.h:189
   R8_SAFE_ACCESS_SIG = SAFE_ACCESS_SIG2;
2000051c:	fa800693          	li	a3,-88
20000520:	04d78023          	sb	a3,64(a5)
e:/DuRuofu/Project/fr-ble-light/software/ch582/SRC/StdPeriphDriver/inc/CH58x_sys.h:190
   SAFEOPERATE;
20000524:	0000100f          	fence.i
HardFault_Handler():
e:/DuRuofu/Project/fr-ble-light/software/ch582/SRC/StdPeriphDriver/CH58x_sys.c:306
    sys_safe_access_enable();
    R16_INT32K_TUNE = 0xFFFF;
20000528:	56fd                	li	a3,-1
2000052a:	02d79623          	sh	a3,44(a5)
sys_safe_access_disable():
e:/DuRuofu/Project/fr-ble-light/software/ch582/SRC/StdPeriphDriver/inc/CH58x_sys.h:195
   R8_SAFE_ACCESS_SIG = 0;
2000052e:	04078023          	sb	zero,64(a5)
e:/DuRuofu/Project/fr-ble-light/software/ch582/SRC/StdPeriphDriver/inc/CH58x_sys.h:196
   write_csr(0x800, read_csr(0x800)|(IRQ_STA&0x08));
20000532:	800026f3          	csrr	a3,0x800
20000536:	431c                	lw	a5,0(a4)
20000538:	8ba1                	andi	a5,a5,8
2000053a:	8fd5                	or	a5,a5,a3
2000053c:	80079073          	csrw	0x800,a5
e:/DuRuofu/Project/fr-ble-light/software/ch582/SRC/StdPeriphDriver/inc/CH58x_sys.h:197
   IRQ_STA = 0;
20000540:	00000797          	auipc	a5,0x0
20000544:	4c07a823          	sw	zero,1232(a5) # 20000a10 <_edata>
e:/DuRuofu/Project/fr-ble-light/software/ch582/SRC/StdPeriphDriver/inc/CH58x_sys.h:198
   SAFEOPERATE;
20000548:	0000100f          	fence.i
sys_safe_access_enable():
e:/DuRuofu/Project/fr-ble-light/software/ch582/SRC/StdPeriphDriver/inc/CH58x_sys.h:182
   if(read_csr(0x800)&0x08)
2000054c:	800027f3          	csrr	a5,0x800
20000550:	8ba1                	andi	a5,a5,8
20000552:	cb99                	beqz	a5,20000568 <HardFault_Handler+0x8a>
e:/DuRuofu/Project/fr-ble-light/software/ch582/SRC/StdPeriphDriver/inc/CH58x_sys.h:184
       IRQ_STA = read_csr(0x800);
20000554:	800027f3          	csrr	a5,0x800
20000558:	00000697          	auipc	a3,0x0
2000055c:	4af6ac23          	sw	a5,1208(a3) # 20000a10 <_edata>
e:/DuRuofu/Project/fr-ble-light/software/ch582/SRC/StdPeriphDriver/inc/CH58x_sys.h:185
       write_csr(0x800, (IRQ_STA&(~0x08)));
20000560:	431c                	lw	a5,0(a4)
20000562:	9bdd                	andi	a5,a5,-9
20000564:	80079073          	csrw	0x800,a5
e:/DuRuofu/Project/fr-ble-light/software/ch582/SRC/StdPeriphDriver/inc/CH58x_sys.h:187
   SAFEOPERATE;
20000568:	0000100f          	fence.i
e:/DuRuofu/Project/fr-ble-light/software/ch582/SRC/StdPeriphDriver/inc/CH58x_sys.h:188
   R8_SAFE_ACCESS_SIG = SAFE_ACCESS_SIG1;
2000056c:	400017b7          	lui	a5,0x40001
20000570:	05700693          	li	a3,87
20000574:	04d78023          	sb	a3,64(a5) # 40001040 <_eusrstack+0x1fff9040>
e:/DuRuofu/Project/fr-ble-light/software/ch582/SRC/StdPeriphDriver/inc/CH58x_sys.h:189
   R8_SAFE_ACCESS_SIG = SAFE_ACCESS_SIG2;
20000578:	fa800693          	li	a3,-88
2000057c:	04d78023          	sb	a3,64(a5)
e:/DuRuofu/Project/fr-ble-light/software/ch582/SRC/StdPeriphDriver/inc/CH58x_sys.h:190
   SAFEOPERATE;
20000580:	0000100f          	fence.i
HardFault_Handler():
e:/DuRuofu/Project/fr-ble-light/software/ch582/SRC/StdPeriphDriver/CH58x_sys.c:309
	sys_safe_access_disable();
    sys_safe_access_enable();
    R8_RST_WDOG_CTRL |= RB_SOFTWARE_RESET;
20000584:	0467c683          	lbu	a3,70(a5)
20000588:	0016e693          	ori	a3,a3,1
2000058c:	04d78323          	sb	a3,70(a5)
sys_safe_access_disable():
e:/DuRuofu/Project/fr-ble-light/software/ch582/SRC/StdPeriphDriver/inc/CH58x_sys.h:195
   R8_SAFE_ACCESS_SIG = 0;
20000590:	04078023          	sb	zero,64(a5)
e:/DuRuofu/Project/fr-ble-light/software/ch582/SRC/StdPeriphDriver/inc/CH58x_sys.h:196
   write_csr(0x800, read_csr(0x800)|(IRQ_STA&0x08));
20000594:	800026f3          	csrr	a3,0x800
20000598:	431c                	lw	a5,0(a4)
2000059a:	8ba1                	andi	a5,a5,8
2000059c:	8fd5                	or	a5,a5,a3
2000059e:	80079073          	csrw	0x800,a5
e:/DuRuofu/Project/fr-ble-light/software/ch582/SRC/StdPeriphDriver/inc/CH58x_sys.h:197
   IRQ_STA = 0;
200005a2:	00000797          	auipc	a5,0x0
200005a6:	4607a723          	sw	zero,1134(a5) # 20000a10 <_edata>
e:/DuRuofu/Project/fr-ble-light/software/ch582/SRC/StdPeriphDriver/inc/CH58x_sys.h:198
   SAFEOPERATE;
200005aa:	0000100f          	fence.i
HardFault_Handler():
e:/DuRuofu/Project/fr-ble-light/software/ch582/SRC/StdPeriphDriver/CH58x_sys.c:311 (discriminator 1)
    sys_safe_access_disable();
    while(1);
200005ae:	a001                	j	200005ae <HardFault_Handler+0xd0>

200005b0 <mDelayuS>:
mDelayuS():
e:/DuRuofu/Project/fr-ble-light/software/ch582/SRC/StdPeriphDriver/CH58x_sys.c:330
{
    uint32_t i;
#if(FREQ_SYS == 80000000)
    i = t * 20;
#elif(FREQ_SYS == 60000000)
    i = t * 15;
200005b0:	47bd                	li	a5,15
200005b2:	02f50533          	mul	a0,a0,a5
e:/DuRuofu/Project/fr-ble-light/software/ch582/SRC/StdPeriphDriver/CH58x_sys.c:354 (discriminator 1)
#else
    i = t << 1;
#endif
    do
    {
        __nop();
200005b6:	0001                	nop
e:/DuRuofu/Project/fr-ble-light/software/ch582/SRC/StdPeriphDriver/CH58x_sys.c:355 (discriminator 1)
    } while(--i);
200005b8:	157d                	addi	a0,a0,-1
200005ba:	fd75                	bnez	a0,200005b6 <mDelayuS+0x6>
e:/DuRuofu/Project/fr-ble-light/software/ch582/SRC/StdPeriphDriver/CH58x_sys.c:356
}
200005bc:	8082                	ret

200005be <mDelaymS>:
mDelaymS():
e:/DuRuofu/Project/fr-ble-light/software/ch582/SRC/StdPeriphDriver/CH58x_sys.c:369
 *
 * @return  none
 */
__HIGH_CODE
void mDelaymS(uint16_t t)
{
200005be:	1141                	addi	sp,sp,-16
200005c0:	c422                	sw	s0,8(sp)
200005c2:	c226                	sw	s1,4(sp)
200005c4:	c606                	sw	ra,12(sp)
200005c6:	84aa                	mv	s1,a0
e:/DuRuofu/Project/fr-ble-light/software/ch582/SRC/StdPeriphDriver/CH58x_sys.c:372
    uint16_t i;

    for(i = 0; i < t; i++)
200005c8:	4401                	li	s0,0
e:/DuRuofu/Project/fr-ble-light/software/ch582/SRC/StdPeriphDriver/CH58x_sys.c:372 (discriminator 1)
200005ca:	00941763          	bne	s0,s1,200005d8 <mDelaymS+0x1a>
e:/DuRuofu/Project/fr-ble-light/software/ch582/SRC/StdPeriphDriver/CH58x_sys.c:376
    {
        mDelayuS(1000);
    }
}
200005ce:	40b2                	lw	ra,12(sp)
200005d0:	4422                	lw	s0,8(sp)
200005d2:	4492                	lw	s1,4(sp)
200005d4:	0141                	addi	sp,sp,16
200005d6:	8082                	ret
e:/DuRuofu/Project/fr-ble-light/software/ch582/SRC/StdPeriphDriver/CH58x_sys.c:372 (discriminator 3)
    for(i = 0; i < t; i++)
200005d8:	0405                	addi	s0,s0,1
e:/DuRuofu/Project/fr-ble-light/software/ch582/SRC/StdPeriphDriver/CH58x_sys.c:374 (discriminator 3)
        mDelayuS(1000);
200005da:	3e800513          	li	a0,1000
e:/DuRuofu/Project/fr-ble-light/software/ch582/SRC/StdPeriphDriver/CH58x_sys.c:372 (discriminator 3)
    for(i = 0; i < t; i++)
200005de:	0442                	slli	s0,s0,0x10
e:/DuRuofu/Project/fr-ble-light/software/ch582/SRC/StdPeriphDriver/CH58x_sys.c:374 (discriminator 3)
        mDelayuS(1000);
200005e0:	3fc1                	jal	200005b0 <mDelayuS>
e:/DuRuofu/Project/fr-ble-light/software/ch582/SRC/StdPeriphDriver/CH58x_sys.c:372 (discriminator 3)
    for(i = 0; i < t; i++)
200005e2:	8041                	srli	s0,s0,0x10
200005e4:	b7dd                	j	200005ca <mDelaymS+0xc>

200005e6 <FLASH_ROM_BEG>:
FLASH_ROM_BEG():
200005e6:	80040323          	sb	zero,-2042(s0)
200005ea:	4715                	li	a4,5
200005ec:	80e40323          	sb	a4,-2042(s0)
200005f0:	0001                	nop
200005f2:	80a40223          	sb	a0,-2044(s0)
200005f6:	8082                	ret

200005f8 <FLASH_ROM_END>:
FLASH_ROM_END():
200005f8:	80640783          	lb	a5,-2042(s0)
200005fc:	fe07cee3          	bltz	a5,200005f8 <FLASH_ROM_END>
20000600:	80040323          	sb	zero,-2042(s0)
20000604:	8082                	ret

20000606 <FLASH_ROM_IN>:
FLASH_ROM_IN():
20000606:	80640783          	lb	a5,-2042(s0)
2000060a:	fe07cee3          	bltz	a5,20000606 <FLASH_ROM_IN>
2000060e:	80444503          	lbu	a0,-2044(s0)
20000612:	8082                	ret

20000614 <FLASH_ROM_OUT>:
FLASH_ROM_OUT():
20000614:	80640783          	lb	a5,-2042(s0)
20000618:	fe07cee3          	bltz	a5,20000614 <FLASH_ROM_OUT>
2000061c:	80a40223          	sb	a0,-2044(s0)
20000620:	8082                	ret

20000622 <FLASH_ROM_ADDR>:
FLASH_ROM_ADDR():
20000622:	1141                	addi	sp,sp,-16
20000624:	c426                	sw	s1,8(sp)
20000626:	c24a                	sw	s2,4(sp)
20000628:	c04e                	sw	s3,0(sp)
2000062a:	c606                	sw	ra,12(sp)
2000062c:	0bf57713          	andi	a4,a0,191
20000630:	47ad                	li	a5,11
20000632:	89aa                	mv	s3,a0
20000634:	892e                	mv	s2,a1
20000636:	4495                	li	s1,5
20000638:	00f70663          	beq	a4,a5,20000644 <FLASH_ROM_ADDR+0x22>
2000063c:	4519                	li	a0,6
2000063e:	3765                	jal	200005e6 <FLASH_ROM_BEG>
20000640:	3f65                	jal	200005f8 <FLASH_ROM_END>
20000642:	448d                	li	s1,3
20000644:	854e                	mv	a0,s3
20000646:	3745                	jal	200005e6 <FLASH_ROM_BEG>
20000648:	59fd                	li	s3,-1
2000064a:	14fd                	addi	s1,s1,-1
2000064c:	01349863          	bne	s1,s3,2000065c <FLASH_ROM_ADDR+0x3a>
20000650:	40b2                	lw	ra,12(sp)
20000652:	44a2                	lw	s1,8(sp)
20000654:	4912                	lw	s2,4(sp)
20000656:	4982                	lw	s3,0(sp)
20000658:	0141                	addi	sp,sp,16
2000065a:	8082                	ret
2000065c:	01095513          	srli	a0,s2,0x10
20000660:	0ff57513          	andi	a0,a0,255
20000664:	3f45                	jal	20000614 <FLASH_ROM_OUT>
20000666:	0922                	slli	s2,s2,0x8
20000668:	b7cd                	j	2000064a <FLASH_ROM_ADDR+0x28>

2000066a <FLASH_ROM_WAIT>:
FLASH_ROM_WAIT():
2000066a:	1101                	addi	sp,sp,-32
2000066c:	cc26                	sw	s1,24(sp)
2000066e:	ce06                	sw	ra,28(sp)
20000670:	000804b7          	lui	s1,0x80
20000674:	3751                	jal	200005f8 <FLASH_ROM_END>
20000676:	4515                	li	a0,5
20000678:	37bd                	jal	200005e6 <FLASH_ROM_BEG>
2000067a:	3771                	jal	20000606 <FLASH_ROM_IN>
2000067c:	3769                	jal	20000606 <FLASH_ROM_IN>
2000067e:	c62a                	sw	a0,12(sp)
20000680:	3fa5                	jal	200005f8 <FLASH_ROM_END>
20000682:	4532                	lw	a0,12(sp)
20000684:	00157793          	andi	a5,a0,1
20000688:	eb89                	bnez	a5,2000069a <FLASH_ROM_WAIT+0x30>
2000068a:	00156513          	ori	a0,a0,1
2000068e:	0ff57513          	andi	a0,a0,255
20000692:	40f2                	lw	ra,28(sp)
20000694:	44e2                	lw	s1,24(sp)
20000696:	6105                	addi	sp,sp,32
20000698:	8082                	ret
2000069a:	14fd                	addi	s1,s1,-1
2000069c:	fce9                	bnez	s1,20000676 <FLASH_ROM_WAIT+0xc>
2000069e:	4501                	li	a0,0
200006a0:	bfcd                	j	20000692 <FLASH_ROM_WAIT+0x28>

200006a2 <FLASH_EEPROM_CMD>:
FLASH_EEPROM_CMD():
200006a2:	7139                	addi	sp,sp,-64
200006a4:	dc26                	sw	s1,56(sp)
200006a6:	da4a                	sw	s2,52(sp)
200006a8:	d84e                	sw	s3,48(sp)
200006aa:	d652                	sw	s4,44(sp)
200006ac:	d456                	sw	s5,40(sp)
200006ae:	d25a                	sw	s6,36(sp)
200006b0:	d05e                	sw	s7,32(sp)
200006b2:	de06                	sw	ra,60(sp)
200006b4:	ce62                	sw	s8,28(sp)
200006b6:	cc66                	sw	s9,24(sp)
200006b8:	e000e7b7          	lui	a5,0xe000e
200006bc:	577d                	li	a4,-1
200006be:	0007aa83          	lw	s5,0(a5) # e000e000 <_eusrstack+0xc0006000>
200006c2:	c622                	sw	s0,12(sp)
200006c4:	0047aa03          	lw	s4,4(a5)
200006c8:	18e7a023          	sw	a4,384(a5)
200006cc:	18e7a223          	sw	a4,388(a5)
200006d0:	400017b7          	lui	a5,0x40001
200006d4:	05700713          	li	a4,87
200006d8:	04e78023          	sb	a4,64(a5) # 40001040 <_eusrstack+0x1fff9040>
200006dc:	fa800713          	li	a4,-88
200006e0:	04e78023          	sb	a4,64(a5)
200006e4:	0447c783          	lbu	a5,68(a5)
200006e8:	ff750b93          	addi	s7,a0,-9
200006ec:	84b6                	mv	s1,a3
200006ee:	07e2                	slli	a5,a5,0x18
200006f0:	0ffbfb93          	andi	s7,s7,255
200006f4:	4685                	li	a3,1
200006f6:	89aa                	mv	s3,a0
200006f8:	8b2e                	mv	s6,a1
200006fa:	8932                	mv	s2,a2
200006fc:	40002437          	lui	s0,0x40002
20000700:	87e1                	srai	a5,a5,0x18
20000702:	5701                	li	a4,-32
20000704:	0176fa63          	bgeu	a3,s7,20000718 <FLASH_EEPROM_CMD+0x76>
20000708:	00d50863          	beq	a0,a3,20000718 <FLASH_EEPROM_CMD+0x76>
2000070c:	4689                	li	a3,2
2000070e:	02000713          	li	a4,32
20000712:	00d51363          	bne	a0,a3,20000718 <FLASH_EEPROM_CMD+0x76>
20000716:	5701                	li	a4,-32
20000718:	8fd9                	or	a5,a5,a4
2000071a:	0ff7f793          	andi	a5,a5,255
2000071e:	40001cb7          	lui	s9,0x40001
20000722:	04fc8223          	sb	a5,68(s9) # 40001044 <_eusrstack+0x1fff9044>
20000726:	4711                	li	a4,4
20000728:	80e40323          	sb	a4,-2042(s0) # 40001806 <_eusrstack+0x1fff9806>
2000072c:	0ff00513          	li	a0,255
20000730:	3d5d                	jal	200005e6 <FLASH_ROM_BEG>
20000732:	4c09                	li	s8,2
20000734:	35d1                	jal	200005f8 <FLASH_ROM_END>
20000736:	117c6d63          	bltu	s8,s7,20000850 <FLASH_EEPROM_CMD+0x1ae>
2000073a:	000705b7          	lui	a1,0x70
2000073e:	95da                	add	a1,a1,s6
20000740:	00078737          	lui	a4,0x78
20000744:	5579                	li	a0,-2
20000746:	04e5f263          	bgeu	a1,a4,2000078a <FLASH_EEPROM_CMD+0xe8>
2000074a:	009587b3          	add	a5,a1,s1
2000074e:	02f76e63          	bltu	a4,a5,2000078a <FLASH_EEPROM_CMD+0xe8>
20000752:	00080b37          	lui	s6,0x80
20000756:	47a9                	li	a5,10
20000758:	0165eb33          	or	s6,a1,s6
2000075c:	06f99963          	bne	s3,a5,200007ce <FLASH_EEPROM_CMD+0x12c>
20000760:	e489                	bnez	s1,2000076a <FLASH_EEPROM_CMD+0xc8>
20000762:	4481                	li	s1,0
20000764:	3d51                	jal	200005f8 <FLASH_ROM_END>
20000766:	8526                	mv	a0,s1
20000768:	a00d                	j	2000078a <FLASH_EEPROM_CMD+0xe8>
2000076a:	85da                	mv	a1,s6
2000076c:	4509                	li	a0,2
2000076e:	3d55                	jal	20000622 <FLASH_ROM_ADDR>
20000770:	0905                	addi	s2,s2,1
20000772:	fff94503          	lbu	a0,-1(s2)
20000776:	14fd                	addi	s1,s1,-1
20000778:	0b05                	addi	s6,s6,1
2000077a:	3d69                	jal	20000614 <FLASH_ROM_OUT>
2000077c:	c481                	beqz	s1,20000784 <FLASH_EEPROM_CMD+0xe2>
2000077e:	0ffb7793          	andi	a5,s6,255
20000782:	f7fd                	bnez	a5,20000770 <FLASH_EEPROM_CMD+0xce>
20000784:	35dd                	jal	2000066a <FLASH_ROM_WAIT>
20000786:	fd69                	bnez	a0,20000760 <FLASH_EEPROM_CMD+0xbe>
20000788:	557d                	li	a0,-1
2000078a:	400017b7          	lui	a5,0x40001
2000078e:	05700713          	li	a4,87
20000792:	04e78023          	sb	a4,64(a5) # 40001040 <_eusrstack+0x1fff9040>
20000796:	fa800713          	li	a4,-88
2000079a:	04e78023          	sb	a4,64(a5)
2000079e:	0447c703          	lbu	a4,68(a5)
200007a2:	8b41                	andi	a4,a4,16
200007a4:	04e78223          	sb	a4,68(a5)
200007a8:	50f2                	lw	ra,60(sp)
200007aa:	e000e7b7          	lui	a5,0xe000e
200007ae:	1157a023          	sw	s5,256(a5) # e000e100 <_eusrstack+0xc0006100>
200007b2:	1147a223          	sw	s4,260(a5)
200007b6:	54e2                	lw	s1,56(sp)
200007b8:	4432                	lw	s0,12(sp)
200007ba:	5952                	lw	s2,52(sp)
200007bc:	59c2                	lw	s3,48(sp)
200007be:	5a32                	lw	s4,44(sp)
200007c0:	5aa2                	lw	s5,40(sp)
200007c2:	5b12                	lw	s6,36(sp)
200007c4:	5b82                	lw	s7,32(sp)
200007c6:	4c72                	lw	s8,28(sp)
200007c8:	4ce2                	lw	s9,24(sp)
200007ca:	6121                	addi	sp,sp,64
200007cc:	8082                	ret
200007ce:	47a5                	li	a5,9
200007d0:	06f99563          	bne	s3,a5,2000083a <FLASH_EEPROM_CMD+0x198>
200007d4:	6985                	lui	s3,0x1
200007d6:	0ff00913          	li	s2,255
200007da:	009906b3          	add	a3,s2,s1
200007de:	012b74b3          	and	s1,s6,s2
200007e2:	94b6                	add	s1,s1,a3
200007e4:	fff94913          	not	s2,s2
200007e8:	009974b3          	and	s1,s2,s1
200007ec:	6b85                	lui	s7,0x1
200007ee:	01697933          	and	s2,s2,s6
200007f2:	6b41                	lui	s6,0x10
200007f4:	fff98793          	addi	a5,s3,-1 # fff <_data_lma+0x203>
200007f8:	0127f7b3          	and	a5,a5,s2
200007fc:	e399                	bnez	a5,20000802 <FLASH_EEPROM_CMD+0x160>
200007fe:	0134fc63          	bgeu	s1,s3,20000816 <FLASH_EEPROM_CMD+0x174>
20000802:	0049d993          	srli	s3,s3,0x4
20000806:	47c1                	li	a5,16
20000808:	ff37e6e3          	bltu	a5,s3,200007f4 <FLASH_EEPROM_CMD+0x152>
2000080c:	bf99                	j	20000762 <FLASH_EEPROM_CMD+0xc0>
2000080e:	6905                	lui	s2,0x1
20000810:	69c1                	lui	s3,0x10
20000812:	197d                	addi	s2,s2,-1
20000814:	b7d9                	j	200007da <FLASH_EEPROM_CMD+0x138>
20000816:	0d800513          	li	a0,216
2000081a:	01698863          	beq	s3,s6,2000082a <FLASH_EEPROM_CMD+0x188>
2000081e:	02000513          	li	a0,32
20000822:	01798463          	beq	s3,s7,2000082a <FLASH_EEPROM_CMD+0x188>
20000826:	08100513          	li	a0,129
2000082a:	85ca                	mv	a1,s2
2000082c:	3bdd                	jal	20000622 <FLASH_ROM_ADDR>
2000082e:	3d35                	jal	2000066a <FLASH_ROM_WAIT>
20000830:	dd21                	beqz	a0,20000788 <FLASH_EEPROM_CMD+0xe6>
20000832:	994e                	add	s2,s2,s3
20000834:	413484b3          	sub	s1,s1,s3
20000838:	b7d9                	j	200007fe <FLASH_EEPROM_CMD+0x15c>
2000083a:	85da                	mv	a1,s6
2000083c:	452d                	li	a0,11
2000083e:	33d5                	jal	20000622 <FLASH_ROM_ADDR>
20000840:	94ca                	add	s1,s1,s2
20000842:	f29900e3          	beq	s2,s1,20000762 <FLASH_EEPROM_CMD+0xc0>
20000846:	0905                	addi	s2,s2,1
20000848:	3b7d                	jal	20000606 <FLASH_ROM_IN>
2000084a:	fea90fa3          	sb	a0,-1(s2) # fff <_data_lma+0x203>
2000084e:	bfd5                	j	20000842 <FLASH_EEPROM_CMD+0x1a0>
20000850:	fff98793          	addi	a5,s3,-1 # ffff <_data_lma+0xf203>
20000854:	0ff7f793          	andi	a5,a5,255
20000858:	0cfc6163          	bltu	s8,a5,2000091a <.loop402+0x7a>
2000085c:	041cc783          	lbu	a5,65(s9)
20000860:	08300713          	li	a4,131
20000864:	04f71f63          	bne	a4,a5,200008c2 <.loop402+0x22>
20000868:	00080737          	lui	a4,0x80
2000086c:	04eb6b63          	bltu	s6,a4,200008c2 <.loop402+0x22>
20000870:	009b07b3          	add	a5,s6,s1
20000874:	001006b7          	lui	a3,0x100
20000878:	04d7f563          	bgeu	a5,a3,200008c2 <.loop402+0x22>
2000087c:	00eb4b33          	xor	s6,s6,a4
20000880:	4789                	li	a5,2
20000882:	06f99363          	bne	s3,a5,200008e8 <.loop402+0x48>
20000886:	8089                	srli	s1,s1,0x2
20000888:	49d5                	li	s3,21
2000088a:	ec048ce3          	beqz	s1,20000762 <FLASH_EEPROM_CMD+0xc0>
2000088e:	85da                	mv	a1,s6
20000890:	4509                	li	a0,2
20000892:	3b41                	jal	20000622 <FLASH_ROM_ADDR>
20000894:	0911                	addi	s2,s2,4
20000896:	ffc92703          	lw	a4,-4(s2)
2000089a:	4791                	li	a5,4
2000089c:	80e42023          	sw	a4,-2048(s0)

200008a0 <.loop402>:
200008a0:	80640703          	lb	a4,-2042(s0)
200008a4:	fe074ee3          	bltz	a4,200008a0 <.loop402>
200008a8:	81340323          	sb	s3,-2042(s0)
200008ac:	17fd                	addi	a5,a5,-1
200008ae:	fbed                	bnez	a5,200008a0 <.loop402>
200008b0:	14fd                	addi	s1,s1,-1
200008b2:	0b11                	addi	s6,s6,4
200008b4:	c481                	beqz	s1,200008bc <.loop402+0x1c>
200008b6:	0ffb7793          	andi	a5,s6,255
200008ba:	ffe9                	bnez	a5,20000894 <FLASH_EEPROM_CMD+0x1f2>
200008bc:	337d                	jal	2000066a <FLASH_ROM_WAIT>
200008be:	f571                	bnez	a0,2000088a <FLASH_EEPROM_CMD+0x1e8>
200008c0:	b5e1                	j	20000788 <FLASH_EEPROM_CMD+0xe6>
200008c2:	400017b7          	lui	a5,0x40001
200008c6:	0457c703          	lbu	a4,69(a5) # 40001045 <_eusrstack+0x1fff9045>
200008ca:	000807b7          	lui	a5,0x80
200008ce:	02077713          	andi	a4,a4,32
200008d2:	e319                	bnez	a4,200008d8 <.loop402+0x38>
200008d4:	000787b7          	lui	a5,0x78
200008d8:	5579                	li	a0,-2
200008da:	eafb78e3          	bgeu	s6,a5,2000078a <FLASH_EEPROM_CMD+0xe8>
200008de:	009b0733          	add	a4,s6,s1
200008e2:	f8e7ffe3          	bgeu	a5,a4,20000880 <FLASH_EEPROM_CMD+0x1de>
200008e6:	b555                	j	2000078a <FLASH_EEPROM_CMD+0xe8>
200008e8:	4785                	li	a5,1
200008ea:	f2f982e3          	beq	s3,a5,2000080e <FLASH_EEPROM_CMD+0x16c>
200008ee:	85da                	mv	a1,s6
200008f0:	452d                	li	a0,11
200008f2:	3b05                	jal	20000622 <FLASH_ROM_ADDR>
200008f4:	fff48993          	addi	s3,s1,-1 # 7ffff <_data_lma+0x7f203>
200008f8:	e60485e3          	beqz	s1,20000762 <FLASH_EEPROM_CMD+0xc0>
200008fc:	3329                	jal	20000606 <FLASH_ROM_IN>
200008fe:	0039f793          	andi	a5,s3,3
20000902:	eb91                	bnez	a5,20000916 <.loop402+0x76>
20000904:	80042683          	lw	a3,-2048(s0)
20000908:	00092703          	lw	a4,0(s2)
2000090c:	00490793          	addi	a5,s2,4
20000910:	e4e69ae3          	bne	a3,a4,20000764 <FLASH_EEPROM_CMD+0xc2>
20000914:	893e                	mv	s2,a5
20000916:	84ce                	mv	s1,s3
20000918:	bff1                	j	200008f4 <.loop402+0x54>
2000091a:	47b5                	li	a5,13
2000091c:	00f99663          	bne	s3,a5,20000928 <.loop402+0x88>
20000920:	0b900513          	li	a0,185
20000924:	31c9                	jal	200005e6 <FLASH_ROM_BEG>
20000926:	bd35                	j	20000762 <FLASH_EEPROM_CMD+0xc0>
20000928:	47b1                	li	a5,12
2000092a:	0ab00513          	li	a0,171
2000092e:	fef98be3          	beq	s3,a5,20000924 <.loop402+0x84>
20000932:	4799                	li	a5,6
20000934:	04f99163          	bne	s3,a5,20000976 <.loop402+0xd6>
20000938:	000805b7          	lui	a1,0x80
2000093c:	00bb65b3          	or	a1,s6,a1
20000940:	452d                	li	a0,11
20000942:	31c5                	jal	20000622 <FLASH_ROM_ADDR>
20000944:	4481                	li	s1,0
20000946:	4b8d                	li	s7,3
20000948:	49a1                	li	s3,8
2000094a:	3975                	jal	20000606 <FLASH_ROM_IN>
2000094c:	01749663          	bne	s1,s7,20000958 <.loop402+0xb8>
20000950:	80042783          	lw	a5,-2048(s0)
20000954:	00f92023          	sw	a5,0(s2)
20000958:	0485                	addi	s1,s1,1
2000095a:	ff3498e3          	bne	s1,s3,2000094a <.loop402+0xaa>
2000095e:	80042783          	lw	a5,-2048(s0)
20000962:	012b1713          	slli	a4,s6,0x12
20000966:	00075563          	bgez	a4,20000970 <.loop402+0xd0>
2000096a:	00f91223          	sh	a5,4(s2)
2000096e:	bbd5                	j	20000762 <FLASH_EEPROM_CMD+0xc0>
20000970:	00f92223          	sw	a5,4(s2)
20000974:	b3fd                	j	20000762 <FLASH_EEPROM_CMD+0xc0>
20000976:	479d                	li	a5,7
20000978:	02f99963          	bne	s3,a5,200009aa <.loop402+0x10a>
2000097c:	4581                	li	a1,0
2000097e:	04b00513          	li	a0,75
20000982:	3145                	jal	20000622 <FLASH_ROM_ADDR>
20000984:	44bd                	li	s1,15
20000986:	00092023          	sw	zero,0(s2)
2000098a:	00092223          	sw	zero,4(s2)
2000098e:	59fd                	li	s3,-1
20000990:	399d                	jal	20000606 <FLASH_ROM_IN>
20000992:	0074f793          	andi	a5,s1,7
20000996:	97ca                	add	a5,a5,s2
20000998:	0007c703          	lbu	a4,0(a5) # 78000 <_data_lma+0x77204>
2000099c:	14fd                	addi	s1,s1,-1
2000099e:	8d39                	xor	a0,a0,a4
200009a0:	00a78023          	sb	a0,0(a5)
200009a4:	ff3496e3          	bne	s1,s3,20000990 <.loop402+0xf0>
200009a8:	bb6d                	j	20000762 <FLASH_EEPROM_CMD+0xc0>
200009aa:	47a1                	li	a5,8
200009ac:	04f99263          	bne	s3,a5,200009f0 <.loop402+0x150>
200009b0:	396d                	jal	2000066a <FLASH_ROM_WAIT>
200009b2:	4481                	li	s1,0
200009b4:	000b0d63          	beqz	s6,200009ce <.loop402+0x12e>
200009b8:	478d                	li	a5,3
200009ba:	03c00493          	li	s1,60
200009be:	00fb0863          	beq	s6,a5,200009ce <.loop402+0x12e>
200009c2:	05000493          	li	s1,80
200009c6:	018b0463          	beq	s6,s8,200009ce <.loop402+0x12e>
200009ca:	04400493          	li	s1,68
200009ce:	07c57513          	andi	a0,a0,124
200009d2:	d89508e3          	beq	a0,s1,20000762 <FLASH_EEPROM_CMD+0xc0>
200009d6:	4519                	li	a0,6
200009d8:	3139                	jal	200005e6 <FLASH_ROM_BEG>
200009da:	3939                	jal	200005f8 <FLASH_ROM_END>
200009dc:	4505                	li	a0,1
200009de:	3121                	jal	200005e6 <FLASH_ROM_BEG>
200009e0:	8526                	mv	a0,s1
200009e2:	390d                	jal	20000614 <FLASH_ROM_OUT>
200009e4:	4509                	li	a0,2
200009e6:	313d                	jal	20000614 <FLASH_ROM_OUT>
200009e8:	3149                	jal	2000066a <FLASH_ROM_WAIT>
200009ea:	d6051ce3          	bnez	a0,20000762 <FLASH_EEPROM_CMD+0xc0>
200009ee:	bb69                	j	20000788 <FLASH_EEPROM_CMD+0xe6>
200009f0:	4791                	li	a5,4
200009f2:	00f99963          	bne	s3,a5,20000a04 <.loop402+0x164>
200009f6:	06600513          	li	a0,102
200009fa:	36f5                	jal	200005e6 <FLASH_ROM_BEG>
200009fc:	3ef5                	jal	200005f8 <FLASH_ROM_END>
200009fe:	09900513          	li	a0,153
20000a02:	b70d                	j	20000924 <.loop402+0x84>
20000a04:	d4098fe3          	beqz	s3,20000762 <FLASH_EEPROM_CMD+0xc0>
20000a08:	54f1                	li	s1,-4
20000a0a:	bba9                	j	20000764 <FLASH_EEPROM_CMD+0xc2>

Disassembly of section .text:

00000a10 <handle_reset>:
handle_reset():
e:/DuRuofu/Project/fr-ble-light/software/ch582/SRC/Startup/startup_CH583.S:129
	.weak	handle_reset
	.align	1
handle_reset:
.option push 
.option	norelax 
	la gp, __global_pointer$
 a10:	20001197          	auipc	gp,0x20001
 a14:	80018193          	addi	gp,gp,-2048 # 20001210 <__global_pointer$>
e:/DuRuofu/Project/fr-ble-light/software/ch582/SRC/Startup/startup_CH583.S:132
.option	pop 
1:
	la sp, _eusrstack 
 a18:	20007117          	auipc	sp,0x20007
 a1c:	5e810113          	addi	sp,sp,1512 # 20008000 <_eusrstack>
e:/DuRuofu/Project/fr-ble-light/software/ch582/SRC/Startup/startup_CH583.S:136

/* Load highcode code  section from flash to RAM */
2:
    la a0, _highcode_lma
 a20:	00400513          	li	a0,4
e:/DuRuofu/Project/fr-ble-light/software/ch582/SRC/Startup/startup_CH583.S:137
    la a1, _highcode_vma_start
 a24:	1ffff597          	auipc	a1,0x1ffff
 a28:	5dc58593          	addi	a1,a1,1500 # 20000000 <_highcode_vma_start>
e:/DuRuofu/Project/fr-ble-light/software/ch582/SRC/Startup/startup_CH583.S:138
    la a2, _highcode_vma_end
 a2c:	20000617          	auipc	a2,0x20000
 a30:	fe060613          	addi	a2,a2,-32 # 20000a0c <_highcode_vma_end>
e:/DuRuofu/Project/fr-ble-light/software/ch582/SRC/Startup/startup_CH583.S:139
    bgeu a1, a2, 2f
 a34:	00c5fa63          	bgeu	a1,a2,a48 <handle_reset+0x38>
e:/DuRuofu/Project/fr-ble-light/software/ch582/SRC/Startup/startup_CH583.S:141
1:
    lw t0, (a0)
 a38:	00052283          	lw	t0,0(a0)
e:/DuRuofu/Project/fr-ble-light/software/ch582/SRC/Startup/startup_CH583.S:142
    sw t0, (a1)
 a3c:	0055a023          	sw	t0,0(a1)
e:/DuRuofu/Project/fr-ble-light/software/ch582/SRC/Startup/startup_CH583.S:143
    addi a0, a0, 4
 a40:	0511                	addi	a0,a0,4
e:/DuRuofu/Project/fr-ble-light/software/ch582/SRC/Startup/startup_CH583.S:144
    addi a1, a1, 4
 a42:	0591                	addi	a1,a1,4
e:/DuRuofu/Project/fr-ble-light/software/ch582/SRC/Startup/startup_CH583.S:145
    bltu a1, a2, 1b
 a44:	fec5eae3          	bltu	a1,a2,a38 <handle_reset+0x28>
e:/DuRuofu/Project/fr-ble-light/software/ch582/SRC/Startup/startup_CH583.S:149

/* Load data section from flash to RAM */
2:
	la a0, _data_lma
 a48:	00000517          	auipc	a0,0x0
 a4c:	3b450513          	addi	a0,a0,948 # dfc <_data_lma>
e:/DuRuofu/Project/fr-ble-light/software/ch582/SRC/Startup/startup_CH583.S:150
	la a1, _data_vma
 a50:	20000597          	auipc	a1,0x20000
 a54:	fbc58593          	addi	a1,a1,-68 # 20000a0c <_highcode_vma_end>
e:/DuRuofu/Project/fr-ble-light/software/ch582/SRC/Startup/startup_CH583.S:151
	la a2, _edata
 a58:	20000617          	auipc	a2,0x20000
 a5c:	fb860613          	addi	a2,a2,-72 # 20000a10 <_edata>
e:/DuRuofu/Project/fr-ble-light/software/ch582/SRC/Startup/startup_CH583.S:152
	bgeu a1, a2, 2f
 a60:	00c5fa63          	bgeu	a1,a2,a74 <handle_reset+0x64>
e:/DuRuofu/Project/fr-ble-light/software/ch582/SRC/Startup/startup_CH583.S:154
1:
	lw t0, (a0)
 a64:	00052283          	lw	t0,0(a0)
e:/DuRuofu/Project/fr-ble-light/software/ch582/SRC/Startup/startup_CH583.S:155
	sw t0, (a1)
 a68:	0055a023          	sw	t0,0(a1)
e:/DuRuofu/Project/fr-ble-light/software/ch582/SRC/Startup/startup_CH583.S:156
	addi a0, a0, 4
 a6c:	0511                	addi	a0,a0,4
e:/DuRuofu/Project/fr-ble-light/software/ch582/SRC/Startup/startup_CH583.S:157
	addi a1, a1, 4
 a6e:	0591                	addi	a1,a1,4
e:/DuRuofu/Project/fr-ble-light/software/ch582/SRC/Startup/startup_CH583.S:158
	bltu a1, a2, 1b
 a70:	fec5eae3          	bltu	a1,a2,a64 <handle_reset+0x54>
e:/DuRuofu/Project/fr-ble-light/software/ch582/SRC/Startup/startup_CH583.S:161
2:
	/* clear bss section */
	la a0, _sbss
 a74:	20000517          	auipc	a0,0x20000
 a78:	f9c50513          	addi	a0,a0,-100 # 20000a10 <_edata>
e:/DuRuofu/Project/fr-ble-light/software/ch582/SRC/Startup/startup_CH583.S:162
	la a1, _ebss
 a7c:	20000597          	auipc	a1,0x20000
 a80:	f9858593          	addi	a1,a1,-104 # 20000a14 <_ebss>
e:/DuRuofu/Project/fr-ble-light/software/ch582/SRC/Startup/startup_CH583.S:163
	bgeu a0, a1, 2f
 a84:	00b57763          	bgeu	a0,a1,a92 <handle_reset+0x82>
e:/DuRuofu/Project/fr-ble-light/software/ch582/SRC/Startup/startup_CH583.S:165
1:
	sw zero, (a0)
 a88:	00052023          	sw	zero,0(a0)
e:/DuRuofu/Project/fr-ble-light/software/ch582/SRC/Startup/startup_CH583.S:166
	addi a0, a0, 4
 a8c:	0511                	addi	a0,a0,4
e:/DuRuofu/Project/fr-ble-light/software/ch582/SRC/Startup/startup_CH583.S:167
	bltu a0, a1, 1b
 a8e:	feb56de3          	bltu	a0,a1,a88 <handle_reset+0x78>
e:/DuRuofu/Project/fr-ble-light/software/ch582/SRC/Startup/startup_CH583.S:170
2:
	/* ¡˜ÀÆœﬂøÿ÷∆Œª & ∂ØÃ¨‘§≤‚øÿ÷∆Œª */
	li t0, 0x1f
 a92:	42fd                	li	t0,31
e:/DuRuofu/Project/fr-ble-light/software/ch582/SRC/Startup/startup_CH583.S:171
	csrw 0xbc0, t0
 a94:	bc029073          	csrw	0xbc0,t0
e:/DuRuofu/Project/fr-ble-light/software/ch582/SRC/Startup/startup_CH583.S:173
	/* ¥Úø™«∂Ã◊÷–∂œ°¢”≤º˛—π’ªπ¶ƒ‹ */
	li t0, 0x3
 a98:	428d                	li	t0,3
e:/DuRuofu/Project/fr-ble-light/software/ch582/SRC/Startup/startup_CH583.S:174
	csrw 0x804, t0
 a9a:	80429073          	csrw	0x804,t0
e:/DuRuofu/Project/fr-ble-light/software/ch582/SRC/Startup/startup_CH583.S:176
	
    li t0, 0x88
 a9e:	08800293          	li	t0,136
e:/DuRuofu/Project/fr-ble-light/software/ch582/SRC/Startup/startup_CH583.S:177
    csrw mstatus, t0
 aa2:	30029073          	csrw	mstatus,t0
e:/DuRuofu/Project/fr-ble-light/software/ch582/SRC/Startup/startup_CH583.S:178
	la t0, _vector_base
 aa6:	1ffff297          	auipc	t0,0x1ffff
 aaa:	55a28293          	addi	t0,t0,1370 # 20000000 <_highcode_vma_start>
e:/DuRuofu/Project/fr-ble-light/software/ch582/SRC/Startup/startup_CH583.S:181

	/* ≈‰÷√œÚ¡ø±Ìƒ£ ΩŒ™æ¯∂‘µÿ÷∑ƒ£ Ω */
    ori t0, t0, 3
 aae:	0032e293          	ori	t0,t0,3
e:/DuRuofu/Project/fr-ble-light/software/ch582/SRC/Startup/startup_CH583.S:182
	csrw mtvec, t0
 ab2:	30529073          	csrw	mtvec,t0
e:/DuRuofu/Project/fr-ble-light/software/ch582/SRC/Startup/startup_CH583.S:184

    lui a4,0x40001
 ab6:	40001737          	lui	a4,0x40001
e:/DuRuofu/Project/fr-ble-light/software/ch582/SRC/Startup/startup_CH583.S:185
    li  a5,87
 aba:	05700793          	li	a5,87
e:/DuRuofu/Project/fr-ble-light/software/ch582/SRC/Startup/startup_CH583.S:186
    sb  a5,64(a4)
 abe:	04f70023          	sb	a5,64(a4) # 40001040 <_eusrstack+0x1fff9040>
e:/DuRuofu/Project/fr-ble-light/software/ch582/SRC/Startup/startup_CH583.S:187
    li  a5,-88
 ac2:	fa800793          	li	a5,-88
e:/DuRuofu/Project/fr-ble-light/software/ch582/SRC/Startup/startup_CH583.S:188
    sb  a5,64(a4)
 ac6:	04f70023          	sb	a5,64(a4)
e:/DuRuofu/Project/fr-ble-light/software/ch582/SRC/Startup/startup_CH583.S:189
    fence.i
 aca:	0000100f          	fence.i
e:/DuRuofu/Project/fr-ble-light/software/ch582/SRC/Startup/startup_CH583.S:190
    lw  a5,72(a4)
 ace:	473c                	lw	a5,72(a4)
e:/DuRuofu/Project/fr-ble-light/software/ch582/SRC/Startup/startup_CH583.S:191
    lui a3,0xfa000
 ad0:	fa0006b7          	lui	a3,0xfa000
e:/DuRuofu/Project/fr-ble-light/software/ch582/SRC/Startup/startup_CH583.S:192
    addi  a3,a3,-8
 ad4:	16e1                	addi	a3,a3,-8
e:/DuRuofu/Project/fr-ble-light/software/ch582/SRC/Startup/startup_CH583.S:193
    and a5,a5,a3
 ad6:	8ff5                	and	a5,a5,a3
e:/DuRuofu/Project/fr-ble-light/software/ch582/SRC/Startup/startup_CH583.S:194
    lui a3,0x6000
 ad8:	060006b7          	lui	a3,0x6000
e:/DuRuofu/Project/fr-ble-light/software/ch582/SRC/Startup/startup_CH583.S:195
    addi a3,a3,5
 adc:	0695                	addi	a3,a3,5
e:/DuRuofu/Project/fr-ble-light/software/ch582/SRC/Startup/startup_CH583.S:196
    or  a5,a5,a3
 ade:	8fd5                	or	a5,a5,a3
e:/DuRuofu/Project/fr-ble-light/software/ch582/SRC/Startup/startup_CH583.S:197
    sw  a5,72(a4)
 ae0:	c73c                	sw	a5,72(a4)
e:/DuRuofu/Project/fr-ble-light/software/ch582/SRC/Startup/startup_CH583.S:199

	la t0, main
 ae2:	00000297          	auipc	t0,0x0
 ae6:	01028293          	addi	t0,t0,16 # af2 <main>
e:/DuRuofu/Project/fr-ble-light/software/ch582/SRC/Startup/startup_CH583.S:200
	csrw mepc, t0
 aea:	34129073          	csrw	mepc,t0
e:/DuRuofu/Project/fr-ble-light/software/ch582/SRC/Startup/startup_CH583.S:203
	
	
	mret
 aee:	30200073          	mret

00000af2 <main>:
main():
e:\DuRuofu\Project\fr-ble-light\software\ch582\03-pwm\obj/../src/Main.c:24
 *          Fsys=60M, div=9, cycle=64 ‚Üí f=60M/9/64‚âà104kHz
 *
 * @return  none
 */
int main()
{
 af2:	1141                	addi	sp,sp,-16
e:\DuRuofu\Project\fr-ble-light\software\ch582\03-pwm\obj/../src/Main.c:25
    SetSysClock(CLK_SOURCE_PLL_60MHz);
 af4:	04800513          	li	a0,72
e:\DuRuofu\Project\fr-ble-light\software\ch582\03-pwm\obj/../src/Main.c:24
{
 af8:	c606                	sw	ra,12(sp)
e:\DuRuofu\Project\fr-ble-light\software\ch582\03-pwm\obj/../src/Main.c:25
    SetSysClock(CLK_SOURCE_PLL_60MHz);
 afa:	1ffff097          	auipc	ra,0x1ffff
 afe:	598080e7          	jalr	1432(ra) # 20000092 <SetSysClock>
e:\DuRuofu\Project\fr-ble-light\software\ch582\03-pwm\obj/../src/Main.c:28

    /* UART1 ÂàùÂßãÂåñ ‚Äî Ë∞ÉËØïËæìÂá∫ */
    GPIOA_SetBits(GPIO_Pin_9);
 b02:	40001737          	lui	a4,0x40001
 b06:	0a872783          	lw	a5,168(a4) # 400010a8 <_eusrstack+0x1fff90a8>
e:\DuRuofu\Project\fr-ble-light\software\ch582\03-pwm\obj/../src/Main.c:29
    GPIOA_ModeCfg(GPIO_Pin_8, GPIO_ModeIN_PU);
 b0a:	4585                	li	a1,1
 b0c:	10000513          	li	a0,256
e:\DuRuofu\Project\fr-ble-light\software\ch582\03-pwm\obj/../src/Main.c:28
    GPIOA_SetBits(GPIO_Pin_9);
 b10:	2007e793          	ori	a5,a5,512
 b14:	0af72423          	sw	a5,168(a4)
e:\DuRuofu\Project\fr-ble-light\software\ch582\03-pwm\obj/../src/Main.c:29
    GPIOA_ModeCfg(GPIO_Pin_8, GPIO_ModeIN_PU);
 b18:	282d                	jal	b52 <GPIOA_ModeCfg>
e:\DuRuofu\Project\fr-ble-light\software\ch582\03-pwm\obj/../src/Main.c:30
    GPIOA_ModeCfg(GPIO_Pin_9, GPIO_ModeOut_PP_5mA);
 b1a:	458d                	li	a1,3
 b1c:	20000513          	li	a0,512
 b20:	280d                	jal	b52 <GPIOA_ModeCfg>
e:\DuRuofu\Project\fr-ble-light\software\ch582\03-pwm\obj/../src/Main.c:31
    UART1_DefInit();
 b22:	2c0d                	jal	d54 <UART1_DefInit>
e:\DuRuofu\Project\fr-ble-light\software\ch582\03-pwm\obj/../src/Main.c:32
    UART1_SendString("PWM4 PA12 104kHz 50%\r\n", 23);
 b24:	45dd                	li	a1,23
 b26:	00000517          	auipc	a0,0x0
 b2a:	28a50513          	addi	a0,a0,650 # db0 <UART1_SendString+0x2a>
 b2e:	2ca1                	jal	d86 <UART1_SendString>
e:\DuRuofu\Project\fr-ble-light\software\ch582\03-pwm\obj/../src/Main.c:35

    /* PA12 ‚Äî PWM4 */
    GPIOA_ModeCfg(GPIO_Pin_12, GPIO_ModeOut_PP_5mA);
 b30:	458d                	li	a1,3
 b32:	6505                	lui	a0,0x1
 b34:	2839                	jal	b52 <GPIOA_ModeCfg>
e:\DuRuofu\Project\fr-ble-light\software\ch582\03-pwm\obj/../src/Main.c:38

    /* f_PWM = Fsys / div / cycle = 60M / 9 / 64 ‚âà 104.2 kHz */
    PWMX_CLKCfg(9);
 b36:	400057b7          	lui	a5,0x40005
 b3a:	4725                	li	a4,9
e:\DuRuofu\Project\fr-ble-light\software\ch582\03-pwm\obj/../src/Main.c:39
    PWMX_CycleCfg(PWMX_Cycle_64);
 b3c:	4511                	li	a0,4
e:\DuRuofu\Project\fr-ble-light\software\ch582\03-pwm\obj/../src/Main.c:38
    PWMX_CLKCfg(9);
 b3e:	00e781a3          	sb	a4,3(a5) # 40005003 <_eusrstack+0x1fffd003>
e:\DuRuofu\Project\fr-ble-light\software\ch582\03-pwm\obj/../src/Main.c:39
    PWMX_CycleCfg(PWMX_Cycle_64);
 b42:	285d                	jal	bf8 <PWMX_CycleCfg>
e:\DuRuofu\Project\fr-ble-light\software\ch582\03-pwm\obj/../src/Main.c:42

    /* Âç†Á©∫ÊØî 50%: 64/2 = 32 */
    PWMX_ACTOUT(CH_PWM4, 32, Low_Level, ENABLE);
 b44:	4685                	li	a3,1
 b46:	4605                	li	a2,1
 b48:	02000593          	li	a1,32
 b4c:	4505                	li	a0,1
 b4e:	2a1d                	jal	c84 <PWMX_ACTOUT>
e:\DuRuofu\Project\fr-ble-light\software\ch582\03-pwm\obj/../src/Main.c:44 (discriminator 1)

    while(1);
 b50:	a001                	j	b50 <main+0x5e>

00000b52 <GPIOA_ModeCfg>:
GPIOA_ModeCfg():
e:/DuRuofu/Project/fr-ble-light/software/ch582/SRC/StdPeriphDriver/CH58x_gpio.c:27
 *
 * @return  none
 */
void GPIOA_ModeCfg(uint32_t pin, GPIOModeTypeDef mode)
{
    switch(mode)
 b52:	4791                	li	a5,4
 b54:	02b7ee63          	bltu	a5,a1,b90 <GPIOA_ModeCfg+0x3e>
 b58:	00000717          	auipc	a4,0x0
 b5c:	27070713          	addi	a4,a4,624 # dc8 <UART1_SendString+0x42>
 b60:	058a                	slli	a1,a1,0x2
 b62:	95ba                	add	a1,a1,a4
 b64:	419c                	lw	a5,0(a1)
 b66:	97ba                	add	a5,a5,a4
 b68:	8782                	jr	a5
e:/DuRuofu/Project/fr-ble-light/software/ch582/SRC/StdPeriphDriver/CH58x_gpio.c:30
    {
        case GPIO_ModeIN_Floating:
            R32_PA_PD_DRV &= ~pin;
 b6a:	400017b7          	lui	a5,0x40001
 b6e:	0b47a703          	lw	a4,180(a5) # 400010b4 <_eusrstack+0x1fff90b4>
 b72:	fff54513          	not	a0,a0
 b76:	8f69                	and	a4,a4,a0
 b78:	0ae7aa23          	sw	a4,180(a5)
e:/DuRuofu/Project/fr-ble-light/software/ch582/SRC/StdPeriphDriver/CH58x_gpio.c:31
            R32_PA_PU &= ~pin;
 b7c:	0b07a703          	lw	a4,176(a5)
e:/DuRuofu/Project/fr-ble-light/software/ch582/SRC/StdPeriphDriver/CH58x_gpio.c:43
            R32_PA_DIR &= ~pin;
            break;

        case GPIO_ModeIN_PD:
            R32_PA_PD_DRV |= pin;
            R32_PA_PU &= ~pin;
 b80:	8f69                	and	a4,a4,a0
 b82:	0ae7a823          	sw	a4,176(a5)
e:/DuRuofu/Project/fr-ble-light/software/ch582/SRC/StdPeriphDriver/CH58x_gpio.c:44
            R32_PA_DIR &= ~pin;
 b86:	0a07a703          	lw	a4,160(a5)
 b8a:	8d79                	and	a0,a0,a4
e:/DuRuofu/Project/fr-ble-light/software/ch582/SRC/StdPeriphDriver/CH58x_gpio.c:54
            R32_PA_DIR |= pin;
            break;

        case GPIO_ModeOut_PP_20mA:
            R32_PA_PD_DRV |= pin;
            R32_PA_DIR |= pin;
 b8c:	0aa7a023          	sw	a0,160(a5)
e:/DuRuofu/Project/fr-ble-light/software/ch582/SRC/StdPeriphDriver/CH58x_gpio.c:60
            break;

        default:
            break;
    }
}
 b90:	8082                	ret
e:/DuRuofu/Project/fr-ble-light/software/ch582/SRC/StdPeriphDriver/CH58x_gpio.c:36
            R32_PA_PD_DRV &= ~pin;
 b92:	400017b7          	lui	a5,0x40001
 b96:	0b47a683          	lw	a3,180(a5) # 400010b4 <_eusrstack+0x1fff90b4>
 b9a:	fff54713          	not	a4,a0
 b9e:	8ef9                	and	a3,a3,a4
 ba0:	0ad7aa23          	sw	a3,180(a5)
e:/DuRuofu/Project/fr-ble-light/software/ch582/SRC/StdPeriphDriver/CH58x_gpio.c:37
            R32_PA_PU |= pin;
 ba4:	0b07a683          	lw	a3,176(a5)
 ba8:	8d55                	or	a0,a0,a3
 baa:	0aa7a823          	sw	a0,176(a5)
e:/DuRuofu/Project/fr-ble-light/software/ch582/SRC/StdPeriphDriver/CH58x_gpio.c:38
            R32_PA_DIR &= ~pin;
 bae:	0a07a683          	lw	a3,160(a5)
 bb2:	8f75                	and	a4,a4,a3
 bb4:	0ae7a023          	sw	a4,160(a5)
e:/DuRuofu/Project/fr-ble-light/software/ch582/SRC/StdPeriphDriver/CH58x_gpio.c:39
            break;
 bb8:	8082                	ret
e:/DuRuofu/Project/fr-ble-light/software/ch582/SRC/StdPeriphDriver/CH58x_gpio.c:42
            R32_PA_PD_DRV |= pin;
 bba:	400017b7          	lui	a5,0x40001
 bbe:	0b47a703          	lw	a4,180(a5) # 400010b4 <_eusrstack+0x1fff90b4>
 bc2:	8f49                	or	a4,a4,a0
 bc4:	0ae7aa23          	sw	a4,180(a5)
e:/DuRuofu/Project/fr-ble-light/software/ch582/SRC/StdPeriphDriver/CH58x_gpio.c:43
            R32_PA_PU &= ~pin;
 bc8:	0b07a703          	lw	a4,176(a5)
 bcc:	fff54513          	not	a0,a0
 bd0:	bf45                	j	b80 <GPIOA_ModeCfg+0x2e>
e:/DuRuofu/Project/fr-ble-light/software/ch582/SRC/StdPeriphDriver/CH58x_gpio.c:48
            R32_PA_PD_DRV &= ~pin;
 bd2:	400017b7          	lui	a5,0x40001
 bd6:	0b47a683          	lw	a3,180(a5) # 400010b4 <_eusrstack+0x1fff90b4>
 bda:	fff54713          	not	a4,a0
 bde:	8f75                	and	a4,a4,a3
e:/DuRuofu/Project/fr-ble-light/software/ch582/SRC/StdPeriphDriver/CH58x_gpio.c:53
            R32_PA_PD_DRV |= pin;
 be0:	0ae7aa23          	sw	a4,180(a5)
e:/DuRuofu/Project/fr-ble-light/software/ch582/SRC/StdPeriphDriver/CH58x_gpio.c:54
            R32_PA_DIR |= pin;
 be4:	0a07a703          	lw	a4,160(a5)
 be8:	8d59                	or	a0,a0,a4
 bea:	b74d                	j	b8c <GPIOA_ModeCfg+0x3a>
e:/DuRuofu/Project/fr-ble-light/software/ch582/SRC/StdPeriphDriver/CH58x_gpio.c:53
            R32_PA_PD_DRV |= pin;
 bec:	400017b7          	lui	a5,0x40001
 bf0:	0b47a703          	lw	a4,180(a5) # 400010b4 <_eusrstack+0x1fff90b4>
 bf4:	8f49                	or	a4,a4,a0
 bf6:	b7ed                	j	be0 <GPIOA_ModeCfg+0x8e>

00000bf8 <PWMX_CycleCfg>:
PWMX_CycleCfg():
e:/DuRuofu/Project/fr-ble-light/software/ch582/SRC/StdPeriphDriver/CH58x_pwm.c:26
 *
 * @return  none
 */
void PWMX_CycleCfg(PWMX_CycleTypeDef cyc)
{
    switch(cyc)
 bf8:	479d                	li	a5,7
 bfa:	02a7e363          	bltu	a5,a0,c20 <PWMX_CycleCfg+0x28>
 bfe:	00000717          	auipc	a4,0x0
 c02:	1de70713          	addi	a4,a4,478 # ddc <UART1_SendString+0x56>
 c06:	050a                	slli	a0,a0,0x2
 c08:	953a                	add	a0,a0,a4
 c0a:	411c                	lw	a5,0(a0)
 c0c:	97ba                	add	a5,a5,a4
e:/DuRuofu/Project/fr-ble-light/software/ch582/SRC/StdPeriphDriver/CH58x_pwm.c:57
        case PWMX_Cycle_32:
            R8_PWM_CONFIG = (R8_PWM_CONFIG & 0xf0) | (3 << 2);
            break;

        case PWMX_Cycle_31:
            R8_PWM_CONFIG = (R8_PWM_CONFIG & 0xf0) | (3 << 2) | 0x01;
 c0e:	40005737          	lui	a4,0x40005
e:/DuRuofu/Project/fr-ble-light/software/ch582/SRC/StdPeriphDriver/CH58x_pwm.c:26
    switch(cyc)
 c12:	8782                	jr	a5
e:/DuRuofu/Project/fr-ble-light/software/ch582/SRC/StdPeriphDriver/CH58x_pwm.c:29
            R8_PWM_CONFIG = R8_PWM_CONFIG & 0xf0;
 c14:	00274783          	lbu	a5,2(a4) # 40005002 <_eusrstack+0x1fffd002>
 c18:	0f07f793          	andi	a5,a5,240
e:/DuRuofu/Project/fr-ble-light/software/ch582/SRC/StdPeriphDriver/CH58x_pwm.c:57
            R8_PWM_CONFIG = (R8_PWM_CONFIG & 0xf0) | (3 << 2) | 0x01;
 c1c:	00f70123          	sb	a5,2(a4)
e:/DuRuofu/Project/fr-ble-light/software/ch582/SRC/StdPeriphDriver/CH58x_pwm.c:63
            break;

        default:
            break;
    }
}
 c20:	8082                	ret
e:/DuRuofu/Project/fr-ble-light/software/ch582/SRC/StdPeriphDriver/CH58x_pwm.c:33
            R8_PWM_CONFIG = (R8_PWM_CONFIG & 0xf0) | 0x01;
 c22:	00274783          	lbu	a5,2(a4)
 c26:	0f07f793          	andi	a5,a5,240
 c2a:	0017e793          	ori	a5,a5,1
 c2e:	b7fd                	j	c1c <PWMX_CycleCfg+0x24>
e:/DuRuofu/Project/fr-ble-light/software/ch582/SRC/StdPeriphDriver/CH58x_pwm.c:37
            R8_PWM_CONFIG = (R8_PWM_CONFIG & 0xf0) | (1 << 2);
 c30:	00274783          	lbu	a5,2(a4)
 c34:	0f07f793          	andi	a5,a5,240
 c38:	0047e793          	ori	a5,a5,4
 c3c:	b7c5                	j	c1c <PWMX_CycleCfg+0x24>
e:/DuRuofu/Project/fr-ble-light/software/ch582/SRC/StdPeriphDriver/CH58x_pwm.c:41
            R8_PWM_CONFIG = (R8_PWM_CONFIG & 0xf0) | (1 << 2) | 0x01;
 c3e:	00274783          	lbu	a5,2(a4)
 c42:	0f07f793          	andi	a5,a5,240
 c46:	0057e793          	ori	a5,a5,5
 c4a:	bfc9                	j	c1c <PWMX_CycleCfg+0x24>
e:/DuRuofu/Project/fr-ble-light/software/ch582/SRC/StdPeriphDriver/CH58x_pwm.c:45
            R8_PWM_CONFIG = (R8_PWM_CONFIG & 0xf0) | (2 << 2);
 c4c:	00274783          	lbu	a5,2(a4)
 c50:	0f07f793          	andi	a5,a5,240
 c54:	0087e793          	ori	a5,a5,8
 c58:	b7d1                	j	c1c <PWMX_CycleCfg+0x24>
e:/DuRuofu/Project/fr-ble-light/software/ch582/SRC/StdPeriphDriver/CH58x_pwm.c:49
            R8_PWM_CONFIG = (R8_PWM_CONFIG & 0xf0) | (2 << 2) | 0x01;
 c5a:	00274783          	lbu	a5,2(a4)
 c5e:	0f07f793          	andi	a5,a5,240
 c62:	0097e793          	ori	a5,a5,9
 c66:	bf5d                	j	c1c <PWMX_CycleCfg+0x24>
e:/DuRuofu/Project/fr-ble-light/software/ch582/SRC/StdPeriphDriver/CH58x_pwm.c:53
            R8_PWM_CONFIG = (R8_PWM_CONFIG & 0xf0) | (3 << 2);
 c68:	00274783          	lbu	a5,2(a4)
 c6c:	0f07f793          	andi	a5,a5,240
 c70:	00c7e793          	ori	a5,a5,12
 c74:	b765                	j	c1c <PWMX_CycleCfg+0x24>
e:/DuRuofu/Project/fr-ble-light/software/ch582/SRC/StdPeriphDriver/CH58x_pwm.c:57
            R8_PWM_CONFIG = (R8_PWM_CONFIG & 0xf0) | (3 << 2) | 0x01;
 c76:	00274783          	lbu	a5,2(a4)
 c7a:	0f07f793          	andi	a5,a5,240
 c7e:	00d7e793          	ori	a5,a5,13
 c82:	bf69                	j	c1c <PWMX_CycleCfg+0x24>

00000c84 <PWMX_ACTOUT>:
PWMX_ACTOUT():
e:/DuRuofu/Project/fr-ble-light/software/ch582/SRC/StdPeriphDriver/CH58x_pwm.c:81
 */
void PWMX_ACTOUT(uint8_t ch, uint8_t da, PWMX_PolarTypeDef pr, FunctionalState s)
{
    uint8_t i;

    if(s == DISABLE)
 c84:	ea99                	bnez	a3,c9a <PWMX_ACTOUT+0x16>
e:/DuRuofu/Project/fr-ble-light/software/ch582/SRC/StdPeriphDriver/CH58x_pwm.c:83
    {
        R8_PWM_OUT_EN &= ~(ch);
 c86:	400057b7          	lui	a5,0x40005
 c8a:	0007c703          	lbu	a4,0(a5) # 40005000 <_eusrstack+0x1fffd000>
 c8e:	fff54513          	not	a0,a0
 c92:	8d79                	and	a0,a0,a4
e:/DuRuofu/Project/fr-ble-light/software/ch582/SRC/StdPeriphDriver/CH58x_pwm.c:95
            if((ch >> i) & 1)
            {
                *((volatile uint8_t *)((&R8_PWM4_DATA) + i)) = da;
            }
        }
        R8_PWM_OUT_EN |= (ch);
 c94:	00a78023          	sb	a0,0(a5)
e:/DuRuofu/Project/fr-ble-light/software/ch582/SRC/StdPeriphDriver/CH58x_pwm.c:97
    }
}
 c98:	8082                	ret
e:/DuRuofu/Project/fr-ble-light/software/ch582/SRC/StdPeriphDriver/CH58x_pwm.c:87
        (pr) ? (R8_PWM_POLAR |= (ch)) : (R8_PWM_POLAR &= ~(ch));
 c9a:	40005737          	lui	a4,0x40005
 c9e:	ce05                	beqz	a2,cd6 <PWMX_ACTOUT+0x52>
e:/DuRuofu/Project/fr-ble-light/software/ch582/SRC/StdPeriphDriver/CH58x_pwm.c:87 (discriminator 1)
 ca0:	00174783          	lbu	a5,1(a4) # 40005001 <_eusrstack+0x1fffd001>
 ca4:	8fc9                	or	a5,a5,a0
 ca6:	00f700a3          	sb	a5,1(a4)
 caa:	40005737          	lui	a4,0x40005
e:/DuRuofu/Project/fr-ble-light/software/ch582/SRC/StdPeriphDriver/CH58x_pwm.c:78 (discriminator 1)
{
 cae:	4781                	li	a5,0
 cb0:	0711                	addi	a4,a4,4
e:/DuRuofu/Project/fr-ble-light/software/ch582/SRC/StdPeriphDriver/CH58x_pwm.c:88 (discriminator 1)
        for(i = 0; i < 8; i++)
 cb2:	4621                	li	a2,8
e:/DuRuofu/Project/fr-ble-light/software/ch582/SRC/StdPeriphDriver/CH58x_pwm.c:90
            if((ch >> i) & 1)
 cb4:	40f556b3          	sra	a3,a0,a5
 cb8:	8a85                	andi	a3,a3,1
 cba:	c689                	beqz	a3,cc4 <PWMX_ACTOUT+0x40>
e:/DuRuofu/Project/fr-ble-light/software/ch582/SRC/StdPeriphDriver/CH58x_pwm.c:92
                *((volatile uint8_t *)((&R8_PWM4_DATA) + i)) = da;
 cbc:	00e786b3          	add	a3,a5,a4
 cc0:	00b68023          	sb	a1,0(a3) # 6000000 <_data_lma+0x5fff204>
 cc4:	0785                	addi	a5,a5,1
e:/DuRuofu/Project/fr-ble-light/software/ch582/SRC/StdPeriphDriver/CH58x_pwm.c:88 (discriminator 2)
        for(i = 0; i < 8; i++)
 cc6:	fec797e3          	bne	a5,a2,cb4 <PWMX_ACTOUT+0x30>
e:/DuRuofu/Project/fr-ble-light/software/ch582/SRC/StdPeriphDriver/CH58x_pwm.c:95
        R8_PWM_OUT_EN |= (ch);
 cca:	400057b7          	lui	a5,0x40005
 cce:	0007c703          	lbu	a4,0(a5) # 40005000 <_eusrstack+0x1fffd000>
 cd2:	8d59                	or	a0,a0,a4
 cd4:	b7c1                	j	c94 <PWMX_ACTOUT+0x10>
e:/DuRuofu/Project/fr-ble-light/software/ch582/SRC/StdPeriphDriver/CH58x_pwm.c:87 (discriminator 2)
        (pr) ? (R8_PWM_POLAR |= (ch)) : (R8_PWM_POLAR &= ~(ch));
 cd6:	00174683          	lbu	a3,1(a4) # 40005001 <_eusrstack+0x1fffd001>
 cda:	fff54793          	not	a5,a0
 cde:	8ff5                	and	a5,a5,a3
 ce0:	b7d9                	j	ca6 <PWMX_ACTOUT+0x22>

00000ce2 <GetSysClock>:
GetSysClock():
e:/DuRuofu/Project/fr-ble-light/software/ch582/SRC/StdPeriphDriver/CH58x_sys.c:117
    rev = R16_CLK_SYS_CFG & 0xff;
 ce2:	400017b7          	lui	a5,0x40001
 ce6:	0087d503          	lhu	a0,8(a5) # 40001008 <_eusrstack+0x1fff9008>
 cea:	0542                	slli	a0,a0,0x10
 cec:	8141                	srli	a0,a0,0x10
e:/DuRuofu/Project/fr-ble-light/software/ch582/SRC/StdPeriphDriver/CH58x_sys.c:118
    if((rev & 0x40) == (0 << 6))
 cee:	04057793          	andi	a5,a0,64
 cf2:	eb91                	bnez	a5,d06 <GetSysClock+0x24>
e:/DuRuofu/Project/fr-ble-light/software/ch582/SRC/StdPeriphDriver/CH58x_sys.c:120
        return (32000000 / (rev & 0x1f));
 cf4:	01f57793          	andi	a5,a0,31
 cf8:	01e85537          	lui	a0,0x1e85
e:/DuRuofu/Project/fr-ble-light/software/ch582/SRC/StdPeriphDriver/CH58x_sys.c:124
        return (480000000 / (rev & 0x1f));
 cfc:	80050513          	addi	a0,a0,-2048 # 1e84800 <_data_lma+0x1e83a04>
 d00:	02f54533          	div	a0,a0,a5
 d04:	8082                	ret
e:/DuRuofu/Project/fr-ble-light/software/ch582/SRC/StdPeriphDriver/CH58x_sys.c:122
    else if((rev & RB_CLK_SYS_MOD) == (1 << 6))
 d06:	0c057793          	andi	a5,a0,192
 d0a:	04000713          	li	a4,64
 d0e:	00e79763          	bne	a5,a4,d1c <GetSysClock+0x3a>
e:/DuRuofu/Project/fr-ble-light/software/ch582/SRC/StdPeriphDriver/CH58x_sys.c:124
        return (480000000 / (rev & 0x1f));
 d12:	01f57793          	andi	a5,a0,31
 d16:	1c9c4537          	lui	a0,0x1c9c4
 d1a:	b7cd                	j	cfc <GetSysClock+0x1a>
e:/DuRuofu/Project/fr-ble-light/software/ch582/SRC/StdPeriphDriver/CH58x_sys.c:128
        return (32000);
 d1c:	6521                	lui	a0,0x8
 d1e:	d0050513          	addi	a0,a0,-768 # 7d00 <_data_lma+0x6f04>
e:/DuRuofu/Project/fr-ble-light/software/ch582/SRC/StdPeriphDriver/CH58x_sys.c:130
}
 d22:	8082                	ret

00000d24 <UART1_BaudRateCfg>:
UART1_BaudRateCfg():
e:/DuRuofu/Project/fr-ble-light/software/ch582/SRC/StdPeriphDriver/CH58x_uart1.c:43
 * @param   baudrate    - ≤®Ãÿ¬ 
 *
 * @return  none
 */
void UART1_BaudRateCfg(uint32_t baudrate)
{
 d24:	1141                	addi	sp,sp,-16
 d26:	c422                	sw	s0,8(sp)
 d28:	c606                	sw	ra,12(sp)
 d2a:	842a                	mv	s0,a0
e:/DuRuofu/Project/fr-ble-light/software/ch582/SRC/StdPeriphDriver/CH58x_uart1.c:46
    uint32_t x;

    x = 10 * GetSysClock() / 8 / baudrate;
 d2c:	3f5d                	jal	ce2 <GetSysClock>
 d2e:	4729                	li	a4,10
 d30:	02e507b3          	mul	a5,a0,a4
e:/DuRuofu/Project/fr-ble-light/software/ch582/SRC/StdPeriphDriver/CH58x_uart1.c:49
    x = (x + 5) / 10;
    R16_UART1_DL = (uint16_t)x;
}
 d34:	40b2                	lw	ra,12(sp)
e:/DuRuofu/Project/fr-ble-light/software/ch582/SRC/StdPeriphDriver/CH58x_uart1.c:46
    x = 10 * GetSysClock() / 8 / baudrate;
 d36:	838d                	srli	a5,a5,0x3
 d38:	0287d7b3          	divu	a5,a5,s0
e:/DuRuofu/Project/fr-ble-light/software/ch582/SRC/StdPeriphDriver/CH58x_uart1.c:49
}
 d3c:	4422                	lw	s0,8(sp)
e:/DuRuofu/Project/fr-ble-light/software/ch582/SRC/StdPeriphDriver/CH58x_uart1.c:47
    x = (x + 5) / 10;
 d3e:	0795                	addi	a5,a5,5
 d40:	02e7d7b3          	divu	a5,a5,a4
e:/DuRuofu/Project/fr-ble-light/software/ch582/SRC/StdPeriphDriver/CH58x_uart1.c:48
    R16_UART1_DL = (uint16_t)x;
 d44:	40003737          	lui	a4,0x40003
 d48:	07c2                	slli	a5,a5,0x10
 d4a:	83c1                	srli	a5,a5,0x10
 d4c:	40f71623          	sh	a5,1036(a4) # 4000340c <_eusrstack+0x1fffb40c>
e:/DuRuofu/Project/fr-ble-light/software/ch582/SRC/StdPeriphDriver/CH58x_uart1.c:49
}
 d50:	0141                	addi	sp,sp,16
 d52:	8082                	ret

00000d54 <UART1_DefInit>:
UART1_DefInit():
e:/DuRuofu/Project/fr-ble-light/software/ch582/SRC/StdPeriphDriver/CH58x_uart1.c:26
    UART1_BaudRateCfg(115200);
 d54:	6571                	lui	a0,0x1c
e:/DuRuofu/Project/fr-ble-light/software/ch582/SRC/StdPeriphDriver/CH58x_uart1.c:25
{
 d56:	1141                	addi	sp,sp,-16
e:/DuRuofu/Project/fr-ble-light/software/ch582/SRC/StdPeriphDriver/CH58x_uart1.c:26
    UART1_BaudRateCfg(115200);
 d58:	20050513          	addi	a0,a0,512 # 1c200 <_data_lma+0x1b404>
e:/DuRuofu/Project/fr-ble-light/software/ch582/SRC/StdPeriphDriver/CH58x_uart1.c:25
{
 d5c:	c606                	sw	ra,12(sp)
e:/DuRuofu/Project/fr-ble-light/software/ch582/SRC/StdPeriphDriver/CH58x_uart1.c:26
    UART1_BaudRateCfg(115200);
 d5e:	37d9                	jal	d24 <UART1_BaudRateCfg>
e:/DuRuofu/Project/fr-ble-light/software/ch582/SRC/StdPeriphDriver/CH58x_uart1.c:27
    R8_UART1_FCR = (2 << 6) | RB_FCR_TX_FIFO_CLR | RB_FCR_RX_FIFO_CLR | RB_FCR_FIFO_EN; // FIFO¥Úø™£¨¥•∑¢µ„4◊÷Ω⁄
 d60:	400037b7          	lui	a5,0x40003
 d64:	f8700713          	li	a4,-121
 d68:	40e78123          	sb	a4,1026(a5) # 40003402 <_eusrstack+0x1fffb402>
e:/DuRuofu/Project/fr-ble-light/software/ch582/SRC/StdPeriphDriver/CH58x_uart1.c:28
    R8_UART1_LCR = RB_LCR_WORD_SZ;
 d6c:	470d                	li	a4,3
 d6e:	40e781a3          	sb	a4,1027(a5)
e:/DuRuofu/Project/fr-ble-light/software/ch582/SRC/StdPeriphDriver/CH58x_uart1.c:29
    R8_UART1_IER = RB_IER_TXD_EN;
 d72:	04000713          	li	a4,64
 d76:	40e780a3          	sb	a4,1025(a5)
e:/DuRuofu/Project/fr-ble-light/software/ch582/SRC/StdPeriphDriver/CH58x_uart1.c:30
    R8_UART1_DIV = 1;
 d7a:	4705                	li	a4,1
 d7c:	40e78723          	sb	a4,1038(a5)
e:/DuRuofu/Project/fr-ble-light/software/ch582/SRC/StdPeriphDriver/CH58x_uart1.c:31
}
 d80:	40b2                	lw	ra,12(sp)
 d82:	0141                	addi	sp,sp,16
 d84:	8082                	ret

00000d86 <UART1_SendString>:
UART1_SendString():
e:/DuRuofu/Project/fr-ble-light/software/ch582/SRC/StdPeriphDriver/CH58x_uart1.c:122
{
    uint16_t len = l;

    while(len)
    {
        if(R8_UART1_TFC != UART_FIFO_SIZE)
 d86:	400037b7          	lui	a5,0x40003
 d8a:	4721                	li	a4,8
 d8c:	400036b7          	lui	a3,0x40003
e:/DuRuofu/Project/fr-ble-light/software/ch582/SRC/StdPeriphDriver/CH58x_uart1.c:120
    while(len)
 d90:	e191                	bnez	a1,d94 <UART1_SendString+0xe>
e:/DuRuofu/Project/fr-ble-light/software/ch582/SRC/StdPeriphDriver/CH58x_uart1.c:128
        {
            R8_UART1_THR = *buf++;
            len--;
        }
    }
}
 d92:	8082                	ret
e:/DuRuofu/Project/fr-ble-light/software/ch582/SRC/StdPeriphDriver/CH58x_uart1.c:122
        if(R8_UART1_TFC != UART_FIFO_SIZE)
 d94:	40b7c603          	lbu	a2,1035(a5) # 4000340b <_eusrstack+0x1fffb40b>
 d98:	fec70ce3          	beq	a4,a2,d90 <UART1_SendString+0xa>
e:/DuRuofu/Project/fr-ble-light/software/ch582/SRC/StdPeriphDriver/CH58x_uart1.c:124
            R8_UART1_THR = *buf++;
 d9c:	0505                	addi	a0,a0,1
 d9e:	fff54603          	lbu	a2,-1(a0)
e:/DuRuofu/Project/fr-ble-light/software/ch582/SRC/StdPeriphDriver/CH58x_uart1.c:125
            len--;
 da2:	15fd                	addi	a1,a1,-1
 da4:	05c2                	slli	a1,a1,0x10
e:/DuRuofu/Project/fr-ble-light/software/ch582/SRC/StdPeriphDriver/CH58x_uart1.c:124
            R8_UART1_THR = *buf++;
 da6:	40c68423          	sb	a2,1032(a3) # 40003408 <_eusrstack+0x1fffb408>
e:/DuRuofu/Project/fr-ble-light/software/ch582/SRC/StdPeriphDriver/CH58x_uart1.c:125
            len--;
 daa:	81c1                	srli	a1,a1,0x10
 dac:	b7d5                	j	d90 <UART1_SendString+0xa>
 dae:	0000                	unimp
 db0:	5750                	lw	a2,44(a4)
 db2:	344d                	jal	854 <__stack_size+0x654>
 db4:	5020                	lw	s0,96(s0)
 db6:	3141                	jal	a36 <handle_reset+0x26>
 db8:	2032                	fld	ft0,264(sp)
 dba:	3031                	jal	5c6 <__stack_size+0x3c6>
 dbc:	6b34                	flw	fa3,80(a4)
 dbe:	7a48                	flw	fa0,52(a2)
 dc0:	3520                	fld	fs0,104(a0)
 dc2:	2530                	fld	fa2,72(a0)
 dc4:	0a0d                	addi	s4,s4,3
 dc6:	0000                	unimp
 dc8:	fda2                	fsw	fs0,248(sp)
 dca:	ffff                	0xffff
 dcc:	fdca                	fsw	fs2,248(sp)
 dce:	ffff                	0xffff
 dd0:	fdf2                	fsw	ft8,248(sp)
 dd2:	ffff                	0xffff
 dd4:	fe0a                	fsw	ft2,60(sp)
 dd6:	ffff                	0xffff
 dd8:	fe24                	fsw	fs1,120(a2)
 dda:	ffff                	0xffff
 ddc:	fe38                	fsw	fa4,120(a2)
 dde:	ffff                	0xffff
 de0:	fe46                	fsw	fa7,60(sp)
 de2:	ffff                	0xffff
 de4:	fe54                	fsw	fa3,60(a2)
 de6:	ffff                	0xffff
 de8:	fe62                	fsw	fs8,60(sp)
 dea:	ffff                	0xffff
 dec:	fe70                	fsw	fa2,124(a2)
 dee:	ffff                	0xffff
 df0:	fe7e                	fsw	ft11,60(sp)
 df2:	ffff                	0xffff
 df4:	fe8c                	fsw	fa1,56(a3)
 df6:	ffff                	0xffff
 df8:	fe9a                	fsw	ft6,124(sp)
 dfa:	ffff                	0xffff
