:040000006F10907974
:10000400000000000000000090000020C202002058
:10001400A9BDF9F5780300200000000000000000ED
:100024007803002090000020000000000000000081
:10003400900000200000000090000020000000005C
:1000440090000020900000209000002090000020EC
:1000540090000020240800209000002000000000F0
:1000640090000020900000209000002090000020CC
:10007400DE0300209000002090000020900000206B
:1000840090000020900000209000002090000020AC
:1000940001A04111B7170040985F3AC6945F3247F8
:1000A400E39CE6FE324541018280B7F70700011167
:1000B400944B13078008F337078093F787083EC2F1
:1000C4000F100000B71700401308700523800705C0
:1000D400930580FA2380B7040F10000003C6B70409
:1000E4001376F60DA385C7042380070412467326EE
:1000F40006800F1000001376050255CEF3360780F4
:1001040093F6860836C40F10000023800705238069
:10011400B7040F100000B70614007D89558D88C7F9
:10012400010001000100010023800704A246F3A698
:1001340006800F10000073370780137787083AC6CC
:100144000F100000238007052380B7040F10000060
:100154000F1000003727004093061005A303D78033
:1001640023800704B247F3A707800F10000093070A
:100174008008F3B7078093F787083ECE0F1000007E
:10018400B7170040130770052380E704130780FAAC
:100194002380E7040F10000003C7B70413670708A0
:1001A400A385E70423800704F247F3A707800F1011
:1001B4000000056182801376050459C273360780F6
:1001C4001376860832C80F100000238007052380A9
:1001D400B7040F10000037061400130606047D89C7
:1001E400518D88C70100010001000100238007042C
:1001F4004246732606800F1000007337078013777A
:1002040087083ACA0F100000238007052380B7042B
:100214000F100000A54793F6F60F639EF600B7276C
:10022400004013073005A383E780B71700402380FD
:100234000704D2470DBFB727004013072005E5B7D1
:1002440073370780137787083ACC0F100000238098
:1002540007052380B7040F10000098471367070CA5
:1002640098C723800704E247FDBD0111814601467A
:100274008145114506CE912493078008F3B7078082
:1002840093F787083EC60F100000B7170040130706
:1002940070052380E704130780FA2380E7040F1016
:1002A400000003C76704136717002383E704238050
:1002B4000704B247F3A707800F100000F24005615E
:1002C400828041118146014681451145FD22130773
:1002D4008008F337078093F787083EC40F100000A7
:1002E400B7170040130670052380C704930680FAED
:1002F4002380D7040F100000FD552396B7022380F6
:100304000704A245F3A505800F100000733707808A
:10031400137787083AC60F1000002380C704238090
:10032400D7040F10000003C7670413671700238363
:10033400E70423800704B247F3A707800F100000E7
:1003440001A0BD473305F50201007D1575FD8280CE
:10035400411122C426C206C6AA840144631794002C
:10036400B240224492444101828005041305803E38
:100374004204C13F4180DDB79305000273A045806C
:1003840082457390153492402242B2424243D24392
:100394006244F244025592552256B2564257D257FD
:1003A4006258F25806499649264AB64A464BD64BF5
:1003B400664CF64C065D965D265EB65E465FD65F7D
:1003C4000961730020304111B7170040985F3AC6A5
:1003D400945F3247E39CE6FE324541018280B717C1
:1003E4000040130700032388E702854723A8F18C04
:1003F40073002030411106C6EF008079F5BF230356
:10040400048015472303E48001002302A480828032
:1004140083076480E3CE07FE23030480828083077E
:100424006480E3CE07FE03454480828083076480B2
:10043400E3CE07FE2302A4808280411126C44AC26F
:100444004EC006C61377F50BAD47AA892E8995448D
:100454006306F70019456537653F8D444E8545377A
:10046400FD59FD1463983401B240A24412498249F3
:1004740041018280135509011375F50F453F220987
:10048400CDB7011126CC06CEB70408005137154567
:10049400BD37713769372AC6A53F324593771500B2
:1004A40089EB136515001375F50FF240E2440561FD
:1004B4008280FD14E9FC0145CDBF397126DC4ADA9E
:1004C4004ED852D656D45AD25ED006DE62CE66CC10
:1004D400B7E700E07D5783AA070022C603AA4700B6
:1004E40023A0E71823A2E718B717004013077005E5
:1004F4002380E704130780FA2380E70483C74704B3
:10050400930B75FFB684E20793FBFB0F8546AA891C
:100514002E8B328937240040E187015763FA760134
:100524006308D5008946130700026313D5000157F9
:10053400D98F93F7F70FB71C00402382FC041147AF
:100544002303E4801305F00F5D3D094CD135636D41
:100554007C11B7050700DA9537870700795563F2F0
:10056400E504B3879500636EF702370B0800A947CB
:1005740033EB65016399F90689E48144513D26858D
:100584000DA0DA850945553D05090345F9FFFD141C
:10059400050B693D81C49377FB0FFDF7DD3569FDDC
:1005A4007D55B7170040130770052380E704130730
:1005B40080FA2380E70403C74704418B2382E704BE
:1005C400F250B7E700E023A0571123A24711E254E9
:1005D40032445259C259325AA25A125B825B724C4B
:1005E400E24C21618280A5476395F9068569130968
:1005F400F00FB3069900B3742B01B6941349F9FFB5
:10060400B3749900856B33796901416B9387F9FF62
:10061400B3F7270199E363FC340193D94900C14737
:10062400E3E637FF99BF0569C1697D19D9B7130599
:10063400800D638869011305000263847901130541
:100644001008CA85DD3B353D21DD4E99B384344124
:10065400D9B7DA852D45D533CA94E30099F2050953
:100664007D3BA30FA9FED5BF9387F9FF93F7F70F3F
:100674006361FC0C83C71C0413073008631FF70471
:1006840037070800636BEB04B3079B00B706100041
:1006940063F5D704334BEB0089476393F9068980EC
:1006A400D549E38C04ECDA850945413B110903275C
:1006B400C9FF91472320E48003076480E34E07FECB
:1006C40023033481FD17EDFBFD14110B81C49377D3
:1006D400FB0FE9FF7D3371F5E1B5B717004003C7A0
:1006E4005704B70708001377070219E3B787070011
:1006F4007955E378FBEA33079B00E3FFE7F855B548
:100704008547E382F9F2DA852D45053B9389F4FFA9
:10071400E38504E6293393F7390091EB83260480BB
:100724000327090093074900E39AE6E43E89CE844F
:10073400F1BFB5476396F9001305900BC93135BD78
:10074400B1471305B00AE38BF9FE99476391F904A5
:10075400B7050800B365BB002D45C53181448D4BF9
:10076400A149753963967401832704802320F90015
:100774008504E39834FF8327048013172B01635502
:1007840007002312F900D5BB2322F900FDB39D47CE
:100794006399F90281451305B0044531BD44232012
:1007A400090023220900FD599D3993F77400CA9763
:1007B40003C70700FD14398D2380A700E39634FF97
:1007C4006DBBA1476392F9046D398144630D0B003D
:1007D4008D479304C0036308FB009304000563047E
:1007E4008B01930440041375C507E30895D8194594
:1007F400393139390545213126850D3909453D31D0
:100804004931E31C05D669BB91476399F900130587
:100814006006F536F53E130590090DB7E38F09D44C
:10082400F154A9BB197106C212C416C61AC81ECA4D
:1008340022CC26CE2AD02ED232D436D63AD83EDA9C
:1008440042DC46DECAC0CEC2D2C4D6C6DAC8DECACC
:10085400E2CCE6CEEAD0EED2F2D4F6D6FAD8FEDA7C
:100864009385818C8841E700050092402242B24280
:100874004243D2436244F244025592552256B25640
:100884004257D2576258F25806499649264AB64A00
:10089400464BD64B664CF64C065D965D265EB65EC0
:1008A400465FD65F096173002030B7E700E09843E4
:1008B400B706200023A0D718758F0F10000001C5BC
:1008C40099C1814711E6B7E700E023A0E7108280D1
:1008D400B386F50003C80600B306F5008507238038
:1008E4000601E317F6FEC5B737E700E01C43B70679
:1008F40020002320D718F58F0F10000019C191C1D3
:1009040011E637E700E02320F7108280910503A762
:10091400C5FF11057D16232EE5FEDDB737E700E0A0
:100924001C43B70620002320D718F58F0F100000B2
:1009340001C53307C50011E637E700E02320F710AF
:1009440082800505A30FB5FEE31DE5FEF5B78147DB
:100954003307F5000307070019E33E858280850706
:10096400C5BF37E700E01C43B70620002320D71893
:10097400F58F0F10000001C599C1014711EA37E74F
:1009840000E02320F710054582800507E309E6FE11
:100994003308E500B386E5000348080083C6060073
:1009A400E305D8FE37E700E02320F71001458280F5
:1009B4009307F6FFBE952A966313C5008280FD1542
:1009C40083C715000505A30FF5FEFDB7AA870145EA
:1009D40081CF09CE3E96850703C7F7FF6317B7009B
:1009E400E39BC7FE05458280828001458280797140
:1009F400973700009387075022D4804306D626D227
:100A04004AD04ECE52CC56CA5AC85EC669C037C9FF
:100A1400C901014B973900009389494D1309F937EE
:100A2400173A0000130A4A4D973A0000938A4A473E
:100A340097340000938404518357240095E35C4465
:100A4400631D0B00173700002326F74A832BC400CD
:100A54002285EF00B0255E84A9A82326FB00FDB7FC
:100A640083A7090082971C443307F5406375F5009A
:100A7400D8401D8F2A976361E9089737000023A99E
:100A840007428355240003450400974000E0E780B3
:100A940020E05C405844B9C70C44D040AE97BE86B1
:100AA40063E4B70063E4C700B386C74014C4228B71
:100AB4003A8459F0973700009387873E9C4B094747
:100AC4006373F708F917173700002323F73EB25072
:100AD400225492540259F249624AD24A424BB24BCE
:100AE4004561828063170B009737000023A4E74019
:100AF400B1BF2326EB0099BF03274A021DCF63E150
:100B0400A7043385A7408347040085E31737000013
:100B14000347F73F5917B307A7003E85D44063E462
:100B2400E70063E4D7003385D74083A70A016376DF
:100B3400F5009737000023ADA736228B404495BFBC
:100B4400D840BA977DBF9737000023A3073641B733
:100B5400973700009387873E9C4385C3411106C69F
:100B640082979737000083C7473889E79737000093
:100B740023A6073CB240410182809737000083C717
:100B8400C73691E79737000023AA073A828082800C
:100B9400411122C417340000130444331C4006C618
:100BA40026C24AC091C782979737000023A0073214
:100BB4009737000083C75752858B173900001309F4
:100BC400695189CF8347790019476312F710973722
:100BD4000000A38307503D235C4482971C4491C3C7
:100BE4008297973400009384A4309840173600000D
:100BF4000346162B9737000083C7872A939617005E
:100C0400BA9683D60600E5C29737000083C7472902
:100C140063E5C70E97370000238407281C40639EB2
:100C24000714973700009387672C9C436387071446
:100C34009737000093870731DC43173700002329D7
:100C4400F72675339737000083C7774963970712F0
:100C54009737000083C7974891CF8347790093F76C
:100C6400F70F89EB97370000A38A0746974001E006
:100C7400E780E03A9737000093870728DC53638EB8
:100C8400070E973700009387A7219C4BFDC7834726
:100C9400790015476363F70E9737000083C7074948
:100CA400918BE1EF9737000083C72724F9E7904041
:100CB4009736000083C6D61E63C7D70C2244B240C1
:100CC400924402494101174300E06700031E834731
:100CD40079001D47E314F7F097370000A38E073E11
:100CE40015211C48DDBD850793F7F70F97360000E3
:100CF4002388F61AE3E0C7F001BF86073E978355C1
:100D040007002310070097370000239F071C97371D
:100D140000009387671B9C43173500000345451863
:100D240013172500BA979C4382979737000083D7FF
:100D3400A71B173700000347A71693C7F7FF7D8D3E
:100D44009317170098403E97835707005D8D231033
:100D5400A7009737000083C7A71491C785071737E3
:100D64000000230FF7121737000003476713973764
:100D7400000083C7F712E37FF7E8B24022449244AD
:100D840002494101828013971700329703570700E5
:100D94006DF7850715B737C700408326C720B70707
:100DA400FCFFFD17F58F2326F7200100010097377C
:100DB40000009387E70EC84F832787262326D72072
:100DC4006A0593C7F7FF99835D8D82800111973778
:100DD40000009387A74122CC03A4070C26CA06CEA1
:100DE4002AC42EC6854419E40145F2406244D24423
:100DF400056182808347910003471400858B630457
:100E0400F7000044CDB719469305A100130524004B
:100E1400893EE31895FE0545C9BF0000EFF05FD396
:100E24007300000000000000973200009382E20B80
:100E34000383020023800200630F0300F3251034B0
:100E44002EC0970500009385A5FD73901534EF001F
:100E5400E0507300203086DCEF004050E650828082
:100E64000000173700001307A7261443411122C4BA
:100E74009C5E4AC006C6998326C2858B3A8417397C
:100E840000001309A924D1CB930700069CDE173771
:100E940000000347872493070008973400009384D5
:100EA4006423631BF700832709009C4393F707041B
:100EB400173700002303F72283C7040093F70704BE
:100EC4009DC397370000938767029C4382979737A7
:100ED400000023AFA72083C7040093F7F70B17374D
:100EE40000002309F71E83C7440093F7070495E71E
:100EF400854717370000A301F71E97370000938733
:100F0400E71F9C433707020098C7130700FC973676
:100F140000002383E61C9848F8D318401C5F918393
:100F2400858B8DC31C5F93E707011CDF9737000097
:100F34009387C71C9C4323A20706854717370000E5
:100F4400230CF71883270900D8430583058B19C799
:100F5400D843759BD8C3D843799BD8C3B2402244A5
:100F64009244024941018280ED3D73002030931781
:100F7400D50063D3070297370000938727189C4353
:100F84007D57B8D797370000938787F1DC4F8507E3
:100F9400173700002324F7F2937785009DCB97370A
:100FA400000083C7471393E7170017370000230493
:100FB400F712930700F817370000230FF71097373D
:100FC40000009387E71098435C57F19B93E7170061
:100FD4005CD7937715008DC79737000083C7970FA9
:100FE40093E7170017370000A306F70E97370000A2
:100FF4009387070E98435C57F19B93E717005CD7E0
:101004009377650095CB9377450017370000130756
:10101400670CCDCB8347070093E717001737000011
:10102400230AF70A973700009387870A98435C5787
:10103400F19B93E717005CD79317F50063D407027D
:101044001737000003470722418B97370000938727
:10105400E71951C383C7870793E7070217370000CF
:101064002302F7209317E50063D7070297370000A0
:1010740083C78706E207E18763D7070085471737E9
:101084000000230BF70497370000938727079C433E
:101094003707020098C79317C50063D407021737B0
:1010A40000000347371C058B97370000938707140C
:1010B40029C383C7970793E7270017370000A303C3
:1010C400F71A82808347370093E717001737000029
:1010D400A303F70081BF03C7870789463D8B6308D5
:1010E400D70083C787070D47BD8BE39DE7F691477C
:1010F400B5B703C79707118B69D783C7970793E7DA
:10110400870065BF97370000938747FF944397375D
:101114000000938727FC03C70700058B11CB973783
:101124000000238B07FA97370000A38707FA828011
:1011340003C71700058B65F7F85271FF83C7570083
:10114400DDB7173700001307A7F803280700832724
:1011540088039583858BADEF11C683270803BD8370
:101164002300F6009DC61C43985B4607935767010E
:101174006356070093E707C0C207C18303970600BD
:10118400C207C18709C7BA970947B3C7E7022390C3
:10119400F6008DCD8345150095C99737000083C7A8
:1011A400C7F393F7070413879500894585C33A95D8
:1011B400834705000547994593F6F7066398E600CB
:1011C400E207E187814563D30700B9452E85828014
:1011D4008545EDBF411122C406C626C2173400005E
:1011E4001304C4F145E114402E87FC52FDFF9737E8
:1011F4000000238207EE973700009387E7CFD4538C
:10120400BE8495C6B7E700E0B706200023A0D72820
:10121400B7F700E083A607D1ED9A23A8D7D083A619
:1012240007D193E6860323A8D7D0730050103A85DC
:10123400B285974001E0E780E0C5973700009387C7
:1012440027E99C43B70680009843558F98C3D85725
:10125400719BD8D797370000A38007E89737000021
:10126400A38A07E61C40094798C3DC5085CF37F7AB
:1012740000E0832707D193E787002328F7D0730082
:1012840050100DA08D476315F50497370000938720
:1012940027E49C43B70680009843558F98C3D857DA
:1012A400719BD8D71440173700001307A7E2834770
:1012B4002700858B89EB83473700858BC9CF973708
:1012C4000000238B07E0B240224492444101828013
:1012D4008547E319F5FC973700009387E7C1D4539A
:1012E4003E8795C6B7E700E0B706200023A0D728BD
:1012F400B7F700E083A607D1ED9A23A8D7D083A639
:1013040007D193E6860323A8D7D073005010144066
:101314008177FD17D046F18FDCC60F100000144012
:10132400B70702009CC6930700F897350000238591
:10133400F5DA973700009387A7D99C439C439D8394
:10134400858B99C793076019FCD2D0C65C5339BF0B
:101354009307E01BD5BFFC52B9FBB5B79737000024
:101364009387C7D99C438847D847798D09C988C7CB
:101374009387019603A3070063030300028382801B
:1013840097370000938787D798438967938707F433
:101394007CD3973700009387A7DB9C4383A6070978
:1013A400139656006358060083A607091396660031
:1013B400634406007453FDF282804111B7E700E0F4
:1013C40022C480433707200006C6798C23A0E7187F
:1013D4000F10000011C199E5B7E700E023A08710C2
:1013E40001457DA893073500C207C183F19BC2075D
:1013F400C183130740036369F7021737000013071B
:1014040067DE084317370000130747DD1443639270
:10141400A60217370000130727AE185B55DFC20773
:10142400DD8D054502974DBF17370000130747DBD5
:10143400C9BF035765002DEB035745006366F706E4
:10144400B306F7402146637CD60203280500938641
:1014540087001D8FAA966117173600000356A6A4AD
:101464002392E60023A006012393060014C123124D
:10147400F500130786FF973600002396E6A2231390
:10148400B5009735000083D505A2B387F54017371B
:101494000000231AF7A0B7E700E023A08710210576
:1014A400B240224441018280084195B7B7E700E089
:1014B4008C433707200023A0E718F98D0F10000094
:1014C40001E523A0B710828097370000938787D166
:1014D40003A3070097370000938747D083A807002A
:1014E40081469A8763F2170D03A807006361F50C20
:1014F400636FA80A138787006368E50A03D6670049
:10150400216705076317E60003C781950507238C48
:10151400E194173500001305A59803D64700035737
:10152400650023930700329742074183173E00006A
:10153400231BEE96638C670217330000130343CA20
:10154400032303006304F30203D36600631003025E
:1015540083D7460023A0060121073E962106239245
:10156400C600973700002390E794B6879843630D2D
:101574001703973600009386A6C694426306D702E3
:101584008356670095E283D6470003564700184305
:10159400A106B2962392D70098C383576500A1078A
:1015A400173700002311F790B7E700E019BFBE8694
:1015B400C2870DBF03278511630407120346E504A0
:1015C400854663000612411122C406C68347C5003E
:1015D4002A8493F7C70F2306F50083459700035821
:1015E400C700139585016185637006096359050673
:1015F4000345870093F5F507A304B70093E5270097
:101604006314D50093E517002306B4005C438907EF
:101614005CC3A30AC400032504114C430905EFF07D
:10162400CFA88327841103465401D44303D7C700AA
:10163400B296118FD4C32396E7008947A30DF40013
:10164400034764039737000083C7278C6377F70445
:101654008347C40093E707012306F4003DA893E7FA
:1016640017002306F40075B71376F80F635D0502BF
:101674000345870093E527006314D50093E517001D
:101684002306B400A30AC400A30407008547A30DDE
:10169400F400832784119C43C5F7B2402244814659
:1016A40036854101828093E717002306F400A30ADC
:1016B400C400A3040700032504114C434286090512
:1016C400EFF0AF9E8327841103465401D44303D71C
:1016D400C700B296118FD4C32396E7008D4745BF48
:1016E400854636858280973700009387E7C29C43FE
:1016F400411122C406C6858B2A84C5EF41651305B2
:1017040025F5970002E0E78000F045C58347A50072
:101714002315F50083270412BDE72320A4122322F6
:10172400A41285472311F404232005008347640190
:1017340054412316F5000347D4002304E50005476C
:10174400A304E500173700001307C79858531385FF
:10175400170215811C437D151375F50F9CC25C435C
:10176400DCC21C479CC65C47DCC61C4B9CCA5C4B59
:10177400DCCA1C4F9CCE5C4FDCCE19CD938606028E
:1017840013070702C1BF8327441288C38357240465
:101794002322A412850779B79737000083D787A53A
:1017A4008507173700002317F7A4B24022444101EC
:1017B40082808347C40023090400054593C747007A
:1017C4002306F400DDB78347850193F7E70FD5EFD0
:1017D40083479501DDEB034625018346C50009CA0D
:1017E40083456503172700000347377263E7E50065
:1017F40013F7060141CF014709C6C18A0357651C87
:1018040081C68356A51C369751C31307C7121725E3
:1018140000000355A573B335A70237460F004111E5
:1018240013060624814622C426C206C67D54330507
:10183400A702973002E0E78020B99727000083C70A
:10184400176DB384A700973700009387279A03A7DF
:1018540087098327070963F387003E84184375FBD0
:1018640097270000938787689C4382978147636426
:10187400A400B307A440B2402244B3B7970093C76F
:10188400170092443E854101828081473E858280D3
:10189400973700009387878698433C5BFDFF0100E0
:1018A40001008280011122CC4AC84EC606CE26CA47
:1018B40052C456C25AC00347B50085472A842E89AC
:1018C400832905096311F72683570508835AC5033D
:1018D400172A0000130A0A67172B0000035B0B6723
:1018E40063FB5721834605016397E620032785118F
:1018F400631307200327450A631F071E8346F50069
:101904001D47639AE61E03471401B38AFA401395F0
:101914000A01418121CF9377170099CB8357E405BE
:1019240083560404958F63D5A7001395070141815D
:101934009377270099CB8357E41283560404958F39
:1019440063D5A7001395070141819377070199CBCC
:101954008357C41483560404958F63D5A700139545
:1019640007014181218B11E311E105450357A403CC
:101974009307204E832444093305A70237460F00FA
:101984008146130606243305F5029727000083C712
:101994000758B3549502B335AB02BE94C204C18058
:1019A400231394083305AB02973002E0E780C0A10B
:1019B400B307350133B5A7002E953E8783264A0029
:1019C40019E163E4D7003387D740B3846403B7468F
:1019D4000F009387F623938606242320E900A69715
:1019E400B3D7D702D6976362F7101D8F2320E9007F
:1019F400972900009389894F83A70900832409004C
:101A0400829763E5A4123385A4406354050C83A72D
:101A140009008297032709006361E512198D835732
:101A2400E40317270000035767528E07B387E702C2
:101A34001307003293870719B3D7E70263E7A710A8
:101A4400374A0F00130BFA23972A0000938A8A4F10
:101A5400130A0A248357040485072310F4048347D4
:101A6400041499E322855922228597F001E0E78046
:101A740000AD75E9832604098327C40803A74A0037
:101A8400B6973E8563E4D70063E4E7003385E74017
:101A94008347F401835464082328A4088507A30F0B
:101AA400F4009727000083D7674AB384F402DA94DA
:101AB400B3D444036368950CB304954083A7090029
:101AC40023209900829763E3A40C3385A440E34365
:101AD40005F89727000083C7974363E7A70897276C
:101AE400000023A5877A014541A083264A00B387D5
:101AF400F6403E97E5BD8354640837470F009307CB
:101B0400F723B3846403BE9493070724B3D7F40282
:101B140063E7F900B387F9402320F900D1BD032717
:101B24004A00BA99C5BF23A03501D9B5972700004B
:101B340093874741DC43BE94F9B597270000938708
:101B44006740DC43998F3E95D9BDA145228597F026
:101B540001E0E780A097A305A402972700009387DC
:101B6400A7399C5B81EF7D55F2406244D2444249DF
:101B7400B249224A924A024B056182808945154541
:101B84008297D5B7B3049740AA940DBF83A74A00A0
:101B9400BE9425BF39C901116C0022CC06CE2A841B
:101BA40011331DCDFD576302F502B247972500009E
:101BB40083C5F53563EFB70003459402B385B74099
:101BC4002EC6973000E0E78040E4F24062440561AD
:101BD4008280172700001307E7365843BA97E9BFF6
:101BE40097F001E0E7802053CDB78280797126D247
:101BF40006D622D44AD04ECE52CC56CA5AC85EC655
:101C04008347550303447513AA843E941374F40F55
:101C14009307400263F687001304B4FD1374F40FB2
:101C240003AA841383AAC413A38B84122286528525
:101C3400D685972002E0E7802036058915E503CB99
:101C4400D41201498149337B6403930B50024A86C1
:101C54005285D685972002E0E7800034058915C5B2
:101C6400639169031374F90F238B8412B2502254C5
:101C740092540259F249624AD24A424BB24B4561EC
:101C840082808509E20993D989410509E31179FD27
:101C9400E1BF8327850903560504797193D60701AB
:101CA400BD8EC206C182358E135776409357564077
:101CB400898B058B5D8F93573640918B5D8F93573E
:101CC4001640A18B5D8F93171600C18B5D8F931700
:101CD400360093F707025D8F9317560093558600DD
:101CE40093F707041E065D8F1376F60F518F93D773
:101CF400554013D63540118A898BD18F13D6754040
:101D0400D18F13D61540218AD18F13961500418A9D
:101D1400D18F1396350013760602D18F1396550092
:101D2400137606049E05D18F93F5F50FCD8FA20788
:101D340045465D8F3307C70222D42A8426D252CC6B
:101D440056CA032A8413832AC4135AC806D636975C
:101D54004207418393577740135557400989858B30
:101D6400C98F135537401189C98F135517402189DD
:101D7400C98F131517004189C98F131537001375BF
:101D84000502C98F13155700935587001375050471
:101D94001E07C98F1377F70FD98F13D5354013D783
:101DA40055401189098B498F13D57540498F13D537
:101DB40015402189498F139515004189498F139541
:101DC400350013750502498F1395550013750504E5
:101DD4009E05498F93F5F50F4D8F2207D98FB38751
:101DE400C7024AD04ECE5EC662C4B697C207C1834C
:101DF40013D7774013D557400989058B498F13D5DD
:101E040037401189498F13D517402189498F13957C
:101E140017004189498F1395370013750502498FBF
:101E24001395570093D58700137505049E07498FB2
:101E340093F7F70FD98F13D5354013D75540118930
:101E4400098B498F13D57540498F13D515402189C6
:101E5400498F139515004189498F139535001375E2
:101E64000502498F13955500137505049E05498F86
:101E740093F5F50F4D8F2207D98FB387C702130649
:101E840050025285D685B697BD8E93940601C180C3
:101E940033F6C402137BF60F972002E0E780C00FED
:101EA40005890DED8347D41201498149B384970212
:101EB400130C5002C1804A865285D685972002E0D1
:101EC400E780800D0589937BF90F11C56386340380
:101ED400850993F9F90F0509E31F89FD230B6413A1
:101EE400B250225492540259F249624AD24A424BA5
:101EF400B24B224C456182805E8BCDB7011197278E
:101F040000009387A72E22CC03A4870C26CA4AC8B4
:101F14004EC606CEAA8413092500854915C083C779
:101F2400140003473400858B6304F700405CFDB75D
:101F34001946930544004A85EFE0BFA2E31835FF34
:101F44002285F2406244D2444249B249056182800A
:101F54004111972700009387672922C403A4870CA3
:101F640026C24AC006C693042500054901E8228515
:101F7400B24022449244024941018280A68513055D
:101F8400A402970002E0E780C077E30225FF405CEB
:041F9400F1BF000099
:101F980097110020938181CB1751002013010186EE
:101FA8001305400097E5FF1F938545051706002098
:101FB800130606FE63FAC5008322050023A0550018
:101FC80011059105E3EAC5FE174502001305C5642E
:101FD800970500209385C5FB1386018863FAC50021
:101FE8008322050023A0550011059105E3EAC5FEEB
:101FF8001385018897250020938505336377B500FD
:10200800232005001105E36DB5FEFD42739002BC67
:102018008D4273904280930280087390023097E259
:10202800FF1F9382A2FD93E23200739052309722F1
:1020380000009382823073901234730020303D4345
:102048002A876373C3029377F700BDEFADE59376F4
:1020580006FF3D8ABA960CC34CC30CC74CC7410750
:10206800E36BD7FE11E28280B306C3408A0697026B
:10207800000096966780A6002307B700A306B7005E
:102088002306B700A305B7002305B700A304B700CC
:102098002304B700A303B7002303B700A302B700C4
:1020A8002302B700A301B7002301B700A300B700BC
:1020B8002300B700828093F5F50F93968500D58DA0
:1020C80093960501D58D61B7939627009702000076
:1020D80096968682E78086FA9680C1171D8F3E966F
:1020E800E374C3F8A5B7B717004003C7770513779C
:1020F800E70FA38BE704130700F8A38DE7043D4718
:10210800238CE70413075003A38CE70403C7A70530
:102118001377D70F238DE7048280B717004003C7D2
:10212800E7020D8941111377C70F498F930680087D
:10213800F3B6068093F6860836C60F10000093069D
:1021480070052380D704930680FA2380D7040F10E4
:1021580000002387E70223800704B247F3A707801C
:102168000F1000004101828041112A83014E930E15
:10217800407E130F0019930F400663E56E12930813
:10218800001913034006B3781503854E0D4FA14F70
:10219800337365020D891335150063EFBE121308FA
:1021A800F6FF794672984208135808013307C702A8
:1021B80013D61700BE0732976146B3F6C602130658
:1021C8008070B386C6023697A166F58F42075D8F89
:1021D800B716004083C7F60293F70708A303F10078
:1021E8000346710083C7F60293F70708E394C7FE16
:1021F80083477100B716004093F7F70F63880712FB
:1022080093078008F3B7078093F787083EC40F1039
:102218000000B7170040930670052380D704930683
:1022280080FA2380D7040F10000023AA070383C66F
:10223800170393E60608A388D70223800704A2475A
:10224800F3A707800F1000001166B71700407D162E
:10225800D45BC85F93854703A98EF18EF5FA930680
:102268008008F3B6068093F6860836C60F1000007D
:10227800930670052380D704930680FA2380D70439
:102288000F10000098C103C7170313670704A3883A
:10229800E70223800704B247F3A707800F10000066
:1022A800410182807D133368E3039308E016630ECF
:1022B80008003368F3039308D0166308080093787E
:1022C800330093B818009388D81633081E01131EDC
:1022D8000801135E0E0155B56393E503054863864F
:1022E80008000148630303002A8871087298FD15E5
:1022F800131E0801C205135E0E01C18179BD13F8D2
:10230800150063F4BF007908D5B713381800E5BF86
:1023180083C7F60293F70708A303F1000346710089
:1023280083C7F60293F70708E394C7FE8347710053
:1023380093F7F70FF1DFE9B531714AD966CB06DFBC
:1023480022DD26DB4ED752D556D35AD15ECF62CD89
:102358006AC96EC7AA8C02D8EF0010122A8993079F
:102368008008F3B7078093F787083EDA0F1000005C
:10237800B7170040130770052380E704130780FA96
:102388002380E7040F10000003C7F7021377770FC5
:10239800A387E70203C7F70213678700A387E7024B
:1023A80023800704D257F3A707800F1000000545C4
:1023B800AD33130780C13347E902116A93070AE86E
:1023C80093065002BD69930BA004814A014B130484
:1023D8008008930470057D1AB347F9023307D702C2
:1023E8003EC0FD873ECC938709A69309803E3347BC
:1023F800F7023AC27D873AC4334739038549B3990E
:10240800990193D93940B306D702B30B7703B3C602
:10241800F602B3CBFB0236C6FD8636C893D6FB411F
:1024280036CEB7460F00938606243349D90285660F
:10243800938606FAB3969601B389E9021307805288
:102448003309D90293060010B389E9023349D90246
:10245800B3C9F9029316390036CA37190040FD8608
:1024680036D0930D090493D7F9413ED2F336048050
:1024780093F6860836DC0F1000009307700523805A
:10248800FD00930680FA2380DD000F1000008346CC
:10249800390593F6860FA309D9048346390593E6CF
:1024A8001600A309D90423800D00E256F3A606807E
:1024B8000F100000130C80FA116DF336048093F6A8
:1024C800860836DE0F100000930770052380FD0094
:1024D80023808D010F10000083463905216693E69D
:1024E8000602A309D90483560905B3E6A6012318F1
:1024F800D90483560905D18E2318D90423800D00E9
:10250800F256F3A606800F1000008346390593F6AD
:1025180006026389061803463905218A6DDE081804
:10252800612F7336048013768608B2C20F1000003C
:1025380023809D0023808D010F100000B7170040F5
:1025480003C637051376F60DA389C70403C63705F6
:1025580013660602A389C704835609052166B3E6F4
:10256800A6012318D90483560905D18E2318D90446
:1025780023800D009646F3A606800F1000008346C0
:10258800390593F606026386061483463905A18A3F
:10259800EDFE97E0FF1FE78080AFAA8636D497E06C
:1025A800FF1FE780C0AEA256E30AD5FE8356090591
:1025B8004255B3E6A6012318D904392F83463905B5
:1025C800A18AEDDE0356090583462905824733763D
:1025D800CA00B306DA0293D5F641B296B388F6403C
:1025E800E24733B8C6002E983308F840A247B3B67E
:1025F80016013308D84063C70701631DF8009247E6
:1026080063FA1701C247634DF80E63950701B24795
:1026180063E8F80E894663E7660FF24693151800DB
:1026280013D3F8015E8613951800B365B30042D63C
:1026380046D4EF10321B3258050B137BFB0F634750
:10264800000163120838A258638F08361308150072
:10265800B336A800B69513D6F5013298B336C8003C
:10266800AE9613581800FE06B3E6060173360480CA
:1026780013768608B2C60F10000023809D002380C1
:102688008D010F1000000356C902B296C206C1821E
:102698002316D90223800D00B646F3A606800F1034
:1026A800000021BDF336048093F68608B6C00F10EB
:1026B800000023809D0023808D010F1000008346B9
:1026C800390593E60602A309D90423800D0086463E
:1026D8000DBDF336048093F68608B6C40F100000CB
:1026E80023809D0023808D010F100000834639054B
:1026F80093E60602A309D90423800D00A646A5BDCA
:10270800E30D0BF0F336048093F68608B6C80F1075
:102718000000930680FA23809D002380DD000F10BF
:1027280000008346390593F5FC0F93F6860FA3093D
:10273800D90483463905CD8EA309D90423800D0019
:10274800C646F3A606800F100000130580FA03465C
:102758003905930639051D8A631496297336048052
:1027680013768608B2CC0F100000130680FA238077
:102778009D002380CD000F10000003C606001376CD
:10278800F60D2380C60003C60600136606022380E2
:10279800C600835609051166D18E2318D9048356BD
:1027A80009052166D18E2318D90423800D00E64639
:1027B800F3A606800F100000130680FA8346390539
:1027C80093F606026388062483463905130C3905F7
:1027D800A18AFDDA0818CD21F336048093F686081D
:1027E800B6D00F100000930680FA23809D00238046
:1027F800DD000F10000083460C00116693F6F60DFD
:102808002300DC0083460C0093E606022300DC006C
:1028180083560905D18E2318D904835609052166E4
:10282800D18E2318D90423800D008656F3A606807E
:102838000F100000130680FA8346390593F6060246
:102848006385062083463905A18AEDFE97E0FF1FC0
:10285800E780E0832A8C97E0FF1FE7804083E30C42
:1028680085FF8356090511664255D18E2318D90470
:10287800A5218346390513063905A18AFDDAF33601
:10288800048093F68608B6D40F100000930680FAE9
:1028980023809D002380DD000F1000008346060082
:1028A80093F6F60D2300D60023800D00A656F3A656
:1028B80006800F1000008356090503462905D247F4
:1028C800B376DA003306CA021305800C9355F64135
:1028D8003696330DF6408257333CD6002E9C33365D
:1028E800A601330CFC40330CCC40330885039256C8
:1028F8004E86B335A5033305A503C295EF10826E46
:1029080063468001631E0C16630C0D161306150032
:102918003335A6002E959356F5013696B335D60075
:10292800AA959396F50105828585D18E6346B000F8
:10293800639D051A638B061A0356C902158233056F
:10294800D6003336C500B2956348B00063910524BC
:102958001306F00F637DA622894663F35615930785
:102968008008F3B7078093F78708BED60F100000DA
:1029780037170040930770052300F704930780FA80
:102988002300F7040F1000008356C70289678117D8
:10299800D58FC207C1832316F70223000704B65751
:1029A800F3A707800F100000FA506A54DA544A5906
:1029B800BA592A5A9A5A0A5BFA4B6A4CDA4C4A4D67
:1029C800BA4D296182801308F5FF3335A800FD153B
:1029D8002E951356F5013298B336C800AA9651B110
:1029E800F336048093F68608B6CA0F1000002380D9
:1029F8009D002380AD000F10000083463905CD8E61
:102A0800A309D90423800D00D646F3A606800F102B
:102A1800000035BBF336048093F68608B6CE0F1057
:102A2800000023809D002380CD000F100000834606
:102A3800390593E60602A309D90423800D00F6465A
:102A4800F3A606800F10000095BBF336048093F6BA
:102A58008608B6D20F10000023809D002380CD0089
:102A68000F1000008346390593E60602A309D9042E
:102A780023800D009656F3A606800F1000006DBB4C
:102A88009306F5FF33B5A600FD152E959355F50170
:102A9800AE96B3B5B600AA951396F501858269B5C9
:102AA800F336048093F68608B6D80F100000930614
:102AB80080FA23809D002380DD000F1000008356DC
:102AC800C9020566011693F6F60FD18EC206C182B9
:102AD8002316D90223800D00C656F3A606800F10D0
:102AE8000000850A93FAFA0F51B233E6B60045C2E0
:102AF8000356C9023305D0403338A000B305B040AF
:102B0800B385054115826345B000D1E16371A6081C
:102B1800894663F0560593078008F3B7078093F753
:102B28008708BEDA0F100000B717004013077005BA
:102B38002380E704130780FA2380E7040F100000BE
:102B480003D7C7027D8B2396E70223800704D65755
:102B580081BDF336048093F68608B6DC0F100000BA
:102B6800930680FA23809D002380DD000F1000006B
:102B78008356C9020566011693F6F60FD18EC20672
:102B8800C1822316D90223800D00E656B9B79307F0
:102B98008008F3B7078093F78708BEDE0F100000A0
:102BA80037170040930770052300F704930780FA4E
:102BB8002300F7040F1000000356C702939756002E
:102BC800B297C207C1832316F70223000704F657FA
:102BD800C1BB914763EEB70217370200130787F8A6
:102BE8008A05BA959C41BA978287B717004003A710
:102BF800470B1345F5FF698F23AAE70A03A7070BBD
:102C0800698F23A8E70A03A7070A798D23A0A70AD3
:102C18008280B717004083A6470B1347F5FFF98E4C
:102C280023AAD70A83A6070B558D23A8A70A83A62C
:102C3800070A758F23A0E70A8280B717004003A709
:102C4800470B498F23AAE70A03A7070B1345F5FF8C
:102C580045BFB717004083A6470B1347F5FF758F8D
:102C680023AAE70A03A7070A598D4DB7B7170040EB
:102C780003A7470B498FEDB7B717004088474205B0
:102C880041819377050491EB9377F5013755E80176
:102C9800130505803345F50282809377050C1307E9
:102CA80000046397E7009377F50137459C1CCDB77F
:102CB8002165130505D0828037E700E01C435443A3
:102CC800A183E206D58F1CC1FD572320F7182322C4
:102CD800F7180F100000828013178500B7E700E08F
:102CE80023A0E710618123A2A7108280B7F700E034
:102CF8008847CC478280814737370040A14663C464
:102D0800C700328582800345B740E38EA6FE33852F
:102D1800F5000345050085072304A740CDB797F7BD
:102D2800FF1F9387A7729C43171700201307C75FDD
:102D38003E95636EE500174700201307278C6368EC
:102D4800A70017F7FF1F2323A7703E858280FD5732
:102D5800EDBF411122C406C62A84393F2947B3076B
:102D6800E502B2408D83B3D7870222449507B3D7D3
:102D7800E70237370040C207C1832316F7404101F5
:102D88008280716541111305052006C6D937B7370A
:102D98000040130770F82381E7400D47A381E740FF
:102DA80013070004A380E74005472387E740B240A4
:102DB800410182809387C1889C43411106C691C313
:102DC8008297938701899C4391C3829703D7618037
:102DD8009307C01263F7E70403D581809306B01206
:102DE80063E4A6049386818803A3060063070300AF
:102DF800B2401305C012410102830507098F3385CC
:102E0800A740E5473305F502420741830983930745
:102E1800F7FF3E953345E5021375F50FB2404101C2
:102E2800828013054006DDBF0145CDBF03A84500DC
:102E3800411126C206C622C4834718000348080069
:102E4800A944A207B3E70701C2070D68C1871308A1
:102E580028906396070385473284EF704058AA8408
:102E680019ED938741889C4399CB03451400034788
:102E780004002205598D1335150005058297B240C7
:102E8800224426859244410182802D453DE7D84160
:102E9800411122C426C206C683471700034707000C
:102EA800B684A207D98F0D67930697A132846396DB
:102EB800D702093783C741806374F5002382A18054
:102EC80085472390F40083C741802300F40001451F
:102ED800B2402244924441018280130787902945D9
:102EE800E398E7FECC4589472390F40009462285FC
:102EF80097E0FF1FE780209BD9BF8280834745006A
:102F0800858BADC7011122CC2A84035525009385F2
:102F1800419B06CEEF706047058929C503552400FB
:102F2800014781460546ED45EF7020002AC61DC9B8
:102F380097F7FF1F9387C70583D7A70201462C0081
:102F48002314F10085472315F10083C7418023002E
:102F5800F50003552400EF80202009C5ED45280021
:102F6800EF706014F240624405618280828041659E
:102F780041119385419B7D1506C6EF90600DB240C7
:102F880097F6FF1F9386C6054146954517F5FF1F1F
:102F98001305050041016F90C00023A2A18882801B
:102FA800411122C406C6854709446311F5028347C7
:102FB800060001442380F18803C741806378F70045
:102FC800170500001305C5F3EFB0204A2285B2406B
:102FD80022444101828085476301F50209C90947F6
:102FE8006302E5020D476306E5020945828083C74F
:102FF80041802380F500014582809387018883C73B
:103008000700C5BF97F7FF1F83D727F92390F5005F
:10301800DDB71387C180035707002392E50017F730
:10302800FF1F1307E7F68356A7020357A703238357
:10303800F5002390D5002391E50075BF411106C620
:10304800953B83C74180637AF5002382A1801705E9
:1030580000001305E5EAEFB04041B24001454101E7
:10306800828041677917630CE502411122C406C6C4
:1030780085472A84639AF50022852244B2409385C5
:10308800419B41016F80D07C89476396F500854557
:10309800EFB0203875D1B24022444101828082804D
:1030A800CC41411106C6328503C6150083C505000B
:1030B80022064D8E42068D654186138875A2630CE3
:1030C800060F6348C804138845A26306060B634AC3
:1030D800C800938535A26309B606239006002946E1
:1030E80079A0138855A26308060B938565A2E31699
:1030F800B6FEC1451D4663ECE5064546198E63F3E9
:10310800C7003E862390C600973502009385C5A761
:1031180089A8138895A26300060F634E060B1388CF
:10312800A5A2630A060F938505A5E318B6FA994583
:103138001D4663EEE502198E63F3C7003E862390B1
:10314800C6009385418131A89D451D4663E1E5028E
:103158002146198E63F3C7003E862390C6009385E7
:103168004189BA9597D0FF1FE780E0730146B240C6
:10317800328541018280AD451D46E3EAE5FE3146D0
:10318800198E63F3C7003E862390C6009735020068
:10319800938545A3F9B7B1451D46E3EAE5FC3546F5
:1031A800198E63F3C7003E862390C6009735020048
:1031B800938545A27DB7C1451D46E3EAE5FA454634
:1031C800198E63F3C7003E862390C6009735020028
:1031D8009385C59C79B7C1451D46E3EAE5F84546A0
:1031E800198E63F3C7003E862390C6009735020008
:1031F8009385459FBDB7C1451D46E3EAE5F64546BB
:10320800198E63F3C7003E862390C60097350200E7
:103218009385059AB9B7B5451D46E3EAE5F43946FD
:10322800198E63F3C7003E862390C60097350200C7
:10323800938585943DB797F6FF1F938626EE414602
:10324800CD4517F5FF1F130565DA6F80905582800D
:103258009387018B9C4303C7418A83C6318201E768
:1032680081473E85828003D607006316A60003C601
:103278006700E308D6FE7D171377F70FA107C5B7D8
:10328800B2862E86AA85173502001305659A6F1037
:10329800C2570111930500030D4506CEEF30F043E8
:1032A800930500051145EF3050439305C0030545CC
:1032B800EF30B04285471306F100854513055030BD
:1032C800A307F100EF80016AF2400561828085471B
:1032D800631AF5001166130686A9894503C5518A44
:1032E8006F10E07989476317F500894503C5518A4E
:1032F8006F107023828085476398F50019E2238F49
:10330800B188238AC18A828009476399E50019E652
:10331800238FF18803D5C1896F00A07B82809387B2
:10332800818A9C43011122CC06CE2E8481CB9C47F6
:1033380091C78297F2406244056182806C00130550
:103348007040EF607131324681452285EF60B1727D
:10335800D5B701119397050126CA06CE22CC4AC8D3
:103368004EC652C4C187AE8463D7070803C5518AC5
:10337800EF1060112A8439C9034705009307000D2F
:103388006313F704834725004547638BE7046547C4
:10339800639BE7021735020013050586EF10E24626
:1033A800130954009309B400173A0200130A0A8655
:1033B8008345090052850509EF102245E39A29FF44
:1033C8002945EF1082482285EF00D07F2165258DA1
:1033D800F2406244D2444249B249224A056182809D
:1033E800034665008345750017350200130585827D
:1033F800EF10A241C9BF93F7150085C317F6FF1F49
:10340800130646D397F5FF1F938505D203C5518A46
:10341800EF80A12113C5140065BF93F7250001456E
:10342800C5DB29391166130686A9894503C5518A62
:10343800EF10E06413C5240061BF797126D24ECE27
:1034480006D622D44AD052CC9147AA84AE896314B6
:10345800F50483D7A5001306E10085451305503010
:10346800239EF18823070100238F0188EF80814F75
:103478009387818A9C4391C7DC4781C7CE8526857F
:103488008297B250225423A0918A02599254F24949
:10349800624A456182801387018A1843E31AF7FC60
:1034A800854503D5C189753E854503D5C189412523
:1034B800C16703DAC189F917631BFA02054493054A
:1034C800E10013055041238F0188A38181822307DE
:1034D8000100EF6071188347E100B1E303C7418B36
:1034E8009147E317F7F87533238A018A51B7938711
:1034F800018B03A9070003C4418A69D00355290039
:1035080011C99305E100EF70A04D09C54C455285DE
:10351800EF8010347D141374F40F2109F9BF9387D9
:10352800C18A9C4383C74700898BCDDB9305000A7A
:103538000D45EF30901A9305000A1145EF30F01948
:1035480081450545EF3070191306E10085451305DF
:10355800503023078100EF80E14049B7011117057A
:103568000000130545DF06CE22CCEF105038138437
:10357800518A85471306F10085452300A4001305E9
:103588004041A307F100EF6071767D55EF6020623E
:103598007D55EF80D0284531D93A19231705000009
:1035A800130525D3DD3A17050000130585CA392B05
:1035B800034504008545EF10E02CF24062440561A4
:1035C800828023A4B18A23A6A18A828023A8B18AF3
:1035D8002382A18A82809387018A9C43797106D6C7
:1035E80022D426D24AD04ECE52CC1147639BE70450
:1035F80083C7E189414481CF9387018B8043B2849B
:10360800B68983C7418A03C7318299EB554422851D
:10361800B250225492540259F249624A456182805A
:1036280083464400639AA600834654006396B60016
:10363800834664006380E606FD1793F7F70F2104BD
:10364800E9B709474144E384E7FC2C0013055041DE
:1036580023040100EF605100834781008DCB93055F
:1036680000020D45EF307007930500031145EF3058
:10367800D00695450545EF3050068547300085450D
:10368800130550302304F100EF80C12D49B71131E3
:103698004144B5BF0355240093056100EF704034E1
:1036A80035D54C4503D5C189EF60304E058939DDE4
:1036B8001399040113590901014781464A86ED45CA
:1036C80003D5C189035A0400EF6030062AC64D4469
:1036D8001DDD2686CE85231441012315210197D0AF
:1036E800FF1FE780401C01462C0003D5C189EF70FD
:1036F800B0262A84E30D05F0ED452800EF60B01AE6
:1037080039B7C841011122CC06CE328403461500D0
:10371800034505002206498E19CB0D681308B8A485
:103728002D4563090607F2406244056182800D65F4
:103738001308D5A463000603130825A2630C060129
:1037480075781308E85C32984208135808018548D0
:1037580063EE080303D5A50036C632C4D53CB2468D
:1037680015C19387818A9C4322468345550003A34C
:103778000700A2876244F240034545003687854624
:103788000561028323900600014571BF1308B5A4A3
:103798006317060303D661821D45E376C7F8198EC1
:1037A80063D3C7003E86CC452390C60042064182BB
:1037B800BA95228597D0FF1FE780E00EF1B79307EF
:1037C800A5A46318F60091472390F6001146CC454E
:1037D800CDB7930785906317F60089472390F600C5
:1037E8000946F5B79307E5A4631AF600DC4523906C
:1037F800160183C707002300F40079B713057590F5
:10380800E314A6F8D9BF011122CC06CE26CA4AC8AD
:103818002317D1002D4429EBDC412E89B28403C43F
:10382800170083C7070022045D8C8D679386D7A491
:103838006306D400938627A3631FD4020355A90007
:10384800013C19E101440DA09387818A9C4383457B
:1038580055000345450003A807002286A6871307DD
:10386800E100814602982A842285F2406244D244CB
:103878004249056182809386C7A46314D4028357A2
:10388800E10005473544E391E7FE034506001304CC
:103898000008E3EBA7FC9387818A9C43DC4382976B
:1038A80055B793862790631AD4028356E10085475B
:1038B800EF60F0322A844DF99387018B8356A90073
:1038C8009C4303C7418A3DDF03D627006302D60421
:1038D8007D171377F70FA107FDB79387E7A4E313C5
:1038E800F4F68357E10005473544E39FE7F60345BF
:1038F800060013040008E3E9A7F6DC452380A700C7
:103908009387818A9C433335A0000905DC4341BF76
:103918001387818A184303C5470083C5570083C7A7
:1039280014000328070003C70400A2078946D98F9B
:10393800C207C18705476383E7008D460D66A687E2
:103948001307E10013062690029839BF416541111B
:103958009385419C7D1506C622C426C24AC097E4B9
:10396800FF1F9384E47DEF80A06E97F6FF1F938678
:10397800268F4146C9452685EF80A062CC4C2A890E
:103988000945EFF04FE59387018383D70700138438
:10399800419D1387C1822312F40083D7A40C0357D7
:1039A80007009385419E2310F40083D7A40D2316A6
:1039B800E40003D7A4102311F4000D458547230321
:1039C800F4002314E4002307F40023150400EFF0A7
:1039D8008FE0A2850D45DD3EB24022444A859244DF
:1039E8000249410182808D679387D7A40145631FEF
:1039F800F6008D472945639BF50085473545639754
:103A0800F600834707000145238BF18A82808D6782
:103A18009387D7A4631EF6008D47639BF50083C781
:103A2800618B2300F70085472390F60001458280CB
:103A380023900600E5BF0145828025E303A84500E1
:103A4800AE888347180003480800A207B3E70701B8
:103A58000D68930EF8A4639AD70391473548639F7E
:103A6800F60203A5C8004111B285114606C697D0D3
:103A7800FF1FE78040E39387418C9C43054582976D
:103A8800B240014842854101828093082890294824
:103A98006396170185476F6090142D484285828090
:103AA800416541119385C19E7D1506C6EF80405A38
:103AB800B24097F6FF1F938666814146994517E500
:103AC800FF1F1305A57A41016F80A04D23A2A18C89
:103AD800828001119385C19E22CC06CE2A84EF6094
:103AE800D00A058929C1014781460546ED45228549
:103AF800EF60A0432AC605C997E7FF1F938707779A
:103B080083D7A70401462C002314F1008547231509
:103B1800F100230005002285EF70006409C5ED451A
:103B28002800EF604058F240624405618280416796
:103B38007917630CE502411122C406C685472A8419
:103B4800639AF50022852244B2409385C19E4101C3
:103B58006F80005089476396F5008545EFA0700B8C
:103B680075D1B240224441018280828011456FE0C4
:103B7800AFFC411193962500AA852D4506C697D01E
:103B8800FF1FE7804093B240014541018280011147
:103B980022CC06CE3714004026CA4AC84EC652C4A4
:103BA80083447405034AB40583498405034994058D
:103BB800EFE06FD38347A40593F4F40F137AFA0F59
:103BC80093E71700230DF40493F9F90F1379F90F0C
:103BD800B717004003C7A705058B6DFF03D5C705B9
:103BE800A38D4705238C3705A38C2705A38B970442
:103BF800F2406244D2444249B249224A0561828075
:103C080041119397050122C406C6C1872E8463DD3E
:103C18000700EF00500719C1EF00C07A2165218D18
:103C2800B24022444101828093F7150013C5150064
:103C3800E5FB93F7250013C52500FDF393972501B0
:103C480063D00702EF105121153737F6020013062B
:103C580006E0896503C5C18CEF0070620965C1B7CC
:103C6800939715010145E3DD07FA172502001305AF
:103C78006507EF00D24D13060064916503C5C18C3A
:103C8800EF00F05F116561BF2D71232A9110FD745B
:103C9800E98C232C811023282111232631112A8411
:103CA800AE893289930600100A86A6852D45232EF3
:103CB800111097D0FF1FE780008013154401518130
:103CC8000A0513962900CA850A9597D0FF1FE78031
:103CD80080BDA68585660146254597C0FF1FE780FC
:103CE800807D0A86A68593060010294597C0FF1F88
:103CF800E780607C8320C111032481118324411152
:103D0800032901118329C11015618280B7F70700C3
:103D180003C70701411106C622C426C24AC0A547E7
:103D2800631AF7009537B24022449244024901458C
:103D38004101828013942500AA843289A286AA852B
:103D48000146254597C0FF1FE780E076A2864A8690
:103D5800A685294597C0FF1FE780E075E9B71D7163
:103D6800494697250200938565F317250200130538
:103D7800A52A86CE97D0FF1FE78060BE01E91725E8
:103D880002001305E5F2EF00923C01A0B7F600E04F
:103D9800795798CAFD57DCCA0567B7E700E023A042
:103DA800E7101306F00290C223A0E7180F100000D6
:103DB80017D7FF1F1307070723A4E18C4157A38ACE
:103DC800E740130600048145080897D0FF1FE780E5
:103DD800A0B497F7FF1F938727873EC88967938703
:103DE8000780231AF1009D673ECCB707010593872A
:103DF80007103ECEED472310F10285472301F1025B
:103E080097070000938727D7BEC2970700009387BC
:103E180027F0BEC48567938757D12312F10297F71D
:103E2800FFFF9387E7EC3ED8B7F507009707000038
:103E3800938727D63EDC814697070000938747D3B0
:103E48003000E10519453EDE97C0FF1FE780A066F8
:103E580018088147994630003E96034606008507B4
:103E68000507A30BC700E398D7FEC24791C70357BE
:103E7800410185676373F70001A08307410263D797
:103E8800070493078008F3B7078093F787083EC4B1
:103E98000F100000B7170040130770052380E704D0
:103EA800130780FA2380E7040F100000B847B7060D
:103EB800100013670718B8C79853558F98D32380F5
:103EC8000704A247F3A707800F1000000808EF10A7
:103ED800C025AA8501C9172502001305A5DEEF0034
:103EE800D21201A0F6402561828041111705000019
:103EF800130545D106C622C4EF10601F1384C18C78
:103F08002300A4001928034504002244B2401306E4
:103F18000032896541016F009036797106D6130722
:103F28008008F337078093F787083EC20F10000018
:103F3800B7170040930570052380B704130680FA6D
:103F48002380C7040F10000083C6F70293F6A60F5C
:103F5800A387D702238007049246F3A606800F1092
:103F6800000073370780137787083AC40F100000E2
:103F78002380B7042380C7040F10000003C7F7028B
:103F880013672700A387E70223800704A247F3A744
:103F980007800F1000000545EFE02F98C13E8147CC
:103FA80001478146054685451305407EEFE0CF9BD6
:103FB80068005146814597D0FF1FE780E095B70715
:103FC800C0A83EC8B787E803938707D03ECA6800F1
:103FD80097C7FF1F9387E73E3EC6EF10E048B250F1
:103FE8004561828082803D897D15954763EAA70EE9
:103FF80017270200130747CF0A053A951C410111FC
:1040080006CEBA9782872C0013054030EF70D10195
:104018002C000545EF50200117250200130545D156
:10402800EF00F21211A803C725008D4717250200DB
:10403800130505D1E306F7FEF2400561828003C748
:1040480025009547E31AF7FE83D7A5000D661306EA
:104058000620914503C5A1842394F184EF00302202
:10406800172502001305C5CE65BF03C725008D4778
:10407800E314F7FC17250200130545CE55B783C78F
:1040880025001147172502001305C5CE638EE702E8
:1040980019476394E70283C56500172502001305D5
:1040A80025CFEF00827685473000854513055030CF
:1040B8002304F100EF70110B41B71547E395E7FEB4
:1040C80017250200130585CEEF007208E9BF83C5E6
:1040D8002500172502001305E5CEEF000273A9BFDE
:1040E80082803A883E8789E6834608006FF0BF8F52
:1040F80085476395F600C2866FF07F918947639F75
:10410800F60041111306401F894503C5A18406C660
:10411800EF00F016B24001454101828001458280DE
:1041280001119397050122CC06CEC1872E8463DD49
:10413800070003C5A184812E11C169242165218D41
:10414800F24062440561828093F7150013C515009B
:10415800E5FB93F7450099CF83C7A1841307401F58
:1041680081462146A14503D58184EF7061471345F7
:104178004400F9B793F785009DC30147894609466E
:10418800814503D58184EF70D12FAA8517250200B8
:10419800130505B7EF0062671345840055B793F719
:1041A80025000145D1DF83C7B18413073006637941
:1041B800F7021387A7079387A717A183A305F10021
:1041C8003400930740161946854505452316F10026
:1041D800231401002305E100EFF0EFBFA38501845C
:1041E80083C7B18405472314E1001387A707938782
:1041F800A717A183A305F1003400930740161946B9
:10420800854505452305E1002316F100EFF0AFBC15
:104218009387B18483C70700130640068945910731
:1042280003C5A184A385F184EF007005134524001C
:1042380001BF0111170500001305C5EE06CE22CCFB
:1042480026CAEF00D06A9384A18405442380A40081
:10425800300085451305503023048100EF708170CC
:10426800138681839D4513056030EF70A16F17E6B3
:10427800FF1F13066607E94513057030EF70816E5E
:1042880017260200130646A9D5450145EF50D00070
:104298008D4730009145130570402303F100230238
:1042A8008100A303810002C4A3020100EF6001247E
:1042B8005000854513050040EF6041231306510067
:1042C800854513051040EF6061221306610085459E
:1042D80013052040EF608121130671008545130501
:1042E8005040EF60A120B707090099073EC4B707FF
:1042F8002C01D1073000A14511453EC6EF50C079C9
:1043080099473000854505452304F100EFE05FC972
:10431800EFF0CFE397E5FF1F938505FC1385018434
:10432800EFF02FAA03C504008545A92BF24062448B
:10433800D2440561828041111305800406C697C0E6
:10434800FF1FE78040D6371700408327870A8D452F
:104358001305002093E707202324F70AEFE07F875F
:10436800EFE03FA217250200130505CBEF00225E00
:10437800EFF0FF9E9D3EEF701111EFF02F9E553D1F
:1043880097C0FF1FE780C00623AC05FE1C4191E7DC
:10439800010001000CC18280BA8703A787FF6DFF67
:1043A80023ACB7FE8280184183A785FF6319B70045
:1043B8001CC1FD5723AC05FE238FF5FE8280232CFC
:1043C800F6FEC5BF411122C437E400E026C204400E
:1043D8003707200006C6F98C2320E4180F100000C8
:1043E80009E9232094101545B24022449244410122
:1043F80082800347E5FF9307F00F6306F700232049
:1044080094101145D5B797D0FF1FE780E009014503
:1044180023209410D1BF411126C2B7E400E04AC05E
:1044280003A90400B707200006C622C43379F9009F
:1044380023A0F4180F10000009E923A02411B240AA
:10444800224492440249410182809565938505D0B2
:10445800C98D2A842105C2054205C181418197D0B1
:10446800FF1FE78040F501CDFD57232005002312EB
:1044780085002303F50023A024112105C9B723A033
:10448800241101456DBF0111B7E700E04AC803A92F
:1044980007004EC63707200006CE22CC26CAAA89B6
:1044A8003379E90023A0E7180F10000097070020D0
:1044B8009387479E80438144014619E499E8A165A2
:1044C8004E85EF00500605A08347E4FF6399370344
:1044D80085CCA685170500201305C59BE93565D051
:1044E800A1654E854526F2406244B7E700E023A067
:1044F800271126854249D244B2490561828091E05C
:104508002286032484FF55BFA284E5BF41114AC017
:1045180037E900E022C4032409003707200006C653
:1045280026C2798C2320E9180F10000089E5232082
:104538008910154515A0AA849707002083C7D79529
:104548002E8563F5F400894763EE9700A53DB7E72C
:1045580000E023A087100D45B2402244924402494E
:104568004101828083A785FF99E703C7E5FF930789
:10457800F00F6308F700B935B7E700E023A087100C
:104588004DBF238F95FE170500201305A590ED3B21
:10459800A1652685C52C01452320891075BF97077D
:1045A800002023A9078E828097070020938707940D
:1045B8009C4399E33E85828003D727006316B700A2
:1045C80003C70700E308A7FEDC47E5B7A5C101114B
:1045D80006CE22CC26CA8147C14633D7F540058B83
:1045E80029C312053E9531473305E5021707002018
:1045F80013070794044305443314F4002EC64204F9
:104608004180AA949C40C8408297B24523A00400E8
:1046180023A20400A18DF2406244D2442E85056194
:1046280082808507E39BD7FA0144EDB72E85828007
:10463800C9C1797122D406D626D24AD04ECE0144B9
:104648004147B3D78540858BA5C3120531472295CD
:104658003305E502970700209387878D03A9070094
:104668008544B3948400C204C180BE892A99032773
:10467800090011C7032549002EC60297B2453147E4
:104688003304E40283A709003E941C4489E72320ED
:10469800090023220900B2502254A58D02599254D0
:1046A800F2492E85456182800504E31CE4F88144C3
:1046B800DDB72E8582804111B7E700E022C4804330
:1046C8003707200006C626C2798C23A0E7180F10EA
:1046D8000000970700209387A7819C539384C18487
:1046E80099C782979C403E9523A6A18439A097F745
:1046F800FF1F9387277F9C43EDF78840B747030048
:104708009387D73F3305F502B7A72600938737EC81
:10471800B24092443E9523A6A184B7E700E023A0C7
:10472800871022444101828001112E8626CAAA845C
:10473800131506019305F004418122CC06CE32C63A
:1047480097D0FF1FE78020C72A8419C53246A6855F
:1047580097C0FF1FE78020152285F2406244D244AB
:10476800056182807971B7E700E022D48043370879
:10477800200006D626D24AD04ECE52CC56CA5AC8A7
:104788005EC662C43374040123A007190F10000029
:1047980005E123A087100945B250225492540259CA
:1047A800F249624AD24A424BB24B224C456182805E
:1047B80097F7FF1F938707739C43BA8A368AB28B91
:1047C8002E8BAA89829797F7FF1F9387677698435E
:1047D8003E898144B146C147338CD40233068701F0
:1047E800104241EAC165938505F0414597D0FF1F06
:1047F800E78060BC05E197F7FF1F9387676F9C5BB5
:1048080081C7814511458297B7E700E023A087104B
:104818002D4559B797F7FF1F9387476D984331E7A1
:1048280097F7FF1F23A4A76C23000500832709001F
:104838000547331797002326050023247501231104
:10484800E50023225501E29723A0370123A267013F
:1048580023A4570163040A0023009A00B7E700E085
:1048680023A0871001450DBF3E875C47F5FF48C769
:1048780065BF8504E392F4F6B7E700E023A087104C
:10488800214519BFB7E700E09843B706200023A0E9
:10489800D718758F0F10000097F6FF1F83C6D65FD5
:1048A8006373D50217F6FF1F1306066493161500E7
:1048B8000842369583560500D58D2310B50023A0F0
:1048C800E7100145828023A0E7100D458280B7E7F5
:1048D80000E09843B706200023A0D718758F0F1063
:1048E800000097F6FF1F83C6365B6375D50217F67F
:1048F800FF1F1306665F93161500084293C5F5FF60
:10490800369583560500F58D2310B50023A0E710D2
:104918000145828023A0E7100D458280011137E709
:1049280000E026CA0443B706200006CE22CC4AC8B7
:104938004EC652C4F58C2320D7180F100000130759
:1049480005FF1377F70FFD4763E5E70AB146B3069E
:10495800D50297F7FF1F9387A75D984336971C43A7
:10496800C9CB135A450005443D893315A4001314D7
:10497800050141802E895285A2853D31AA8929CD1C
:10498800A2855285A93797F7FF1F9387A7559C43A0
:10499800829797F7FF1F83D7E75A338727032A841D
:1049A800814613060064B3B7270313050732B335EE
:1049B800E500BE95EFF09120B307850097F6FF1F3D
:1049C8009386C6573E87D44263E4A70063E4D700C2
:1049D8003387D74023A4E900B7E700E023A0971066
:1049E8000145F2406244D2444249B249224A056133
:1049F8008280B7E700E023A097100945DDB70111D1
:104A0800B7E700E026CA84433707200006CE22CC49
:104A18004AC84EC6F98C23A0E7180F100000BD47FE
:104A280063E9A70431473307E50297F7FF1F938728
:104A380027509C43BA979C438DCF05443314A40058
:104A4800420441802E890145A285B93EAA8911C533
:104A5800A2850145AD3D23A42901B7E700E023A0C5
:104A680097100145F2406244D2444249B249056177
:104A78008280B7E700E023A097100945E5B7797170
:104A88004AD037E900E026D283240900B70720007E
:104A980006D622D44ECE52CC56CA5AC85EC6FD8C13
:104AA8002320F9180F10000097F7FF1F83C7D73E80
:104AB800637AF50097F7FF1F9387C74283AB070018
:104AC80063970B00B7E700E023A09710A9A017FB96
:104AD800FF1F130BAB46832A4B00B74736FE93875D
:104AE80007C82E8A97F5FF1F83D5C545BE9AB38799
:104AF800C5022A84B2898146B3B5C5021385073237
:104B0800B337F50013060064BE95EFF0310B63F080
:104B1800AA02232099100145B250225492540259F6
:104B2800F249624AD24A424BB24B45618280829B2B
:104B380097F5FF1F83D50541B38735032A891306E7
:104B480000648146B3B5350313850732B337F500E2
:104B5800BE95EFF0B106B30725013E8903274B0048
:104B680063E4A70063E4E7003389E740D285228540
:104B7800EFF09FA309C923242501B7E700E023A08C
:104B88009710054551BF936504F0C205C1814145A1
:104B980097D0FF1FE780208219E997F7FF1F9387B7
:104BA80027359C5B85D3A2851145829721BF97F74E
:104BB800FF1F9387A7339C4385E797F7FF1F23A71A
:104BC800A732854723260500232425012311450103
:104BD80023008500A300F5002322050079BFBA87CA
:104BE800D84775FFC8C7F1BF7971B7E700E026D28B
:104BF80084433707200006D622D44AD04ECE52CC62
:104C080056CA5AC85EC662C466C26AC0F98C23A076
:104C1800E7180F1000003DC14144B689B28A2E8AB8
:104C28002A89B14C17FBFF1F130B8B30054D130C52
:104C38000003B30B940303270B005E971C43A5E303
:104C48009375F400B315BD0013554440C20556864C
:104C5800C1811375F50F253539C183270B00DE9700
:104C680023A0270123A24701638409002380890028
:104C7800B7E700E023A09710014521A023A09710D3
:104C88000945B250225492540259F249624AD24A12
:104C9800424BB24B224C924C024D45618280050436
:104CA800E31984F9B7E700E023A097102145D1BFA5
:104CB8000111B7E700E026CA844322CC4AC84EC691
:104CC8003707200006CE2A84AE893289F98C23A0C2
:104CD800E7180F10000065332285CE85EFF0DF8CD2
:104CE8002A8405C597F5FF1F83D5C525B3872503F6
:104CF800130600648146B3B5250313850732B3371D
:104D0800F500BE95EFF0816B48C013351400F240F2
:104D18006244B7E700E023A097104249D244B24961
:104D28000E05056182800111B7E700E04AC803A9B2
:104D3800070022CC4EC63707200006CE26CAAA890D
:104D48002E843379E90023A0E7180F100000EFF054
:104D5800BF85AA8419C123110500A2854E85853E09
:104D680097F7FF1F83C74713639B370197F7FF1F09
:104D780083D707175D8C97F7FF1F23938716B7E72D
:104D880000E023A02711014591E01945F240624453
:104D9800D2444249B2490561828001114AC837E9C3
:104DA80000E022CC03240900B707200006CE26CA5B
:104DB8004EC67D8C2320F9180F1000009307F002CF
:104DC80063E8A704B147B304F50297F9FF1F938975
:104DD800291683A70900A6979C439DCB9377F500D6
:104DE8008545B395F500C205C18111812D3F83A783
:104DF80009000145A69723A0070023A20700232046
:104E08008910F2406244D2444249B2490561828025
:104E1800B7E700E023A087100945E5B74111B7E7D8
:104E280000E026C2844306C622C437072000F98C56
:104E380023A0E7180F100000EFF00FF719E901455C
:104E4800B2402244B7E700E023A097109244410102
:104E5800828097F7FF1F9387E7089C430045829756
:104E680097F7FF1F9387870D6368A402D843B74657
:104E780036FE938606C83305A4403697E371E5FCF1
:104E880013070064B335E50203D68700814633056E
:104E9800E502EFF0A1526DB7D8433A94C1BF411172
:104EA80022C426C217F4FF1F1304440997F4FF1FF6
:104EB800938484FE9448584097F7FF1F938787028E
:104EC80006C69C436393E60882975440B74736FE6C
:104ED800938707C8B6973387A7003A856364F700B6
:104EE8006364D7003305D74097F4FF1F9384041EEB
:104EF800DC5081CF97F7FF1F938707259443370727
:104F0800CDFF7D179C46F98F9CC611E1484097F765
:104F1800FF1F9387E7FDDC53829719E5DC508DC3AB
:104F2800EF00D10AEFF0D05ADC5099CB97F7FF1F6A
:104F3800938787219843B70633001C47D58F1CC732
:104F4800B24022449244410182808297944858405A
:104F5800B387A6003E8563E4D700E3E7E7F8338527
:104F6800E74059B7411106C697F7FF1F23A6A7FCCC
:104F78000295B24097F7FF1F23ACA7F20145410104
:104F88008280994763E9B7008A0597F7FF1F9387DF
:104F980067F3BE9588C1828097F7FF1F23ACA7F8F7
:104FA80011C5854717F7FF1F230DF7F282804111BE
:104FB8007146814517F5FF1F1305C5F006C697F71B
:104FC800FF1F23A507F297F7FF1F23A707F697F7F9
:104FD800FF1F23A907F097F7FF1F238407F097F710
:104FE800FF1F23A907F497C0FF1FE780E09213066D
:104FF8008002814517F5FF1F130505EA97C0FF1FBB
:10500800E7808091EF60F15197F7FF1F938747EE94
:1050180003C5C70383C7D70385453E958D47330529
:10502800F50239051375F50F97F7FF1F2387A7E6D4
:1050380099473305F5021305052497C0FF1FE7803C
:10504800803717F7FF1F2325A7EE59CD994717F685
:10505800FF1F034686E43306F6028145130606243D
:1050680097C0FF1FE780408B97F7FF1F938747EC98
:105078009C439387072417F7FF1F2323F7E417F7A9
:10508800FF1F034787E10A07BA9717F7FF1F232D6A
:10509800F7E4EFF0CFD0E12997F7FF1F938747E2B6
:1050A800944397F7FF1F83C737DF13972700369777
:1050B80017F6FFFF1306065810C313871700137758
:1050C800F70F0A07369717F6FFFF1306665010C347
:1050D80013873700890793F7F70F8A0797F5FF1F9C
:1050E800A38CE5DAB69790C3B2404101828097F766
:1050F800FF1F83C777DA17F7FF1F034707DA63F342
:10510800E70217F7FF1F1307A7DB1843938617005B
:1051180017F6FF1FA302D6D893962700369708C321
:105128003E8582809307F00FE5BF1C416384071614
:1051380041777D8FB70600208947631ED714035730
:105148004500630A0714411122C419462A849305AD
:10515800F00F610506C697C0FF1FE780E086054788
:105168008D476304E5121C4481CB58589947630E58
:105178000710185C630B071013060004814517F528
:10518800FF1F1305E5D697B0FF1FE780E0781306E9
:105198000004A28517F5FF1F130585D597B0FF1FDB
:1051A800E780607097F7FF1F83D747D517F7FF1F72
:1051B800130707D499E79307001097F6FF1F239F5B
:1051C800F6D297F7FF1F83C787D391E7854797F6EE
:1051D800FF1F2386F6D297F7FF1F83D767D291E781
:1051E800ED4797F6FF1F239DF6D097F7FF1F83C75C
:1051F80017D191E7954797F6FF1FA382F6D097F747
:10520800FF1F83C707D091E7854797F6FF1F238ABB
:10521800F6CE97F7FF1F83C7D7CE99E78347F700E6
:1052280097F6FF1FA38FF6CC97F7FF1F83C797CD7D
:1052380081CF93F63700898317F6FF1F2308D6CE50
:1052480097F6FF1FA384F6CE97F7FF1F83C787CB78
:1052580091E7D54797F6FF1F2386F6CA834764016F
:1052680099E79307C00397F6FF1F238EF6C81C57CC
:1052780091C7829797F7FF1F2394A7C2FD5717F787
:10528800FF1FA309F7F225338147B24022443E8528
:105298004101828089473E85828001114EC697F977
:1052A800FF1F9389A9C983A7090006CE22CC26CA65
:1052B8004AC852C4829713090064B335250303DA38
:1052C80089008146528633052503EFF0210F97F7B1
:1052D800FF1F938767BC804FAA8401456306940229
:1052E80033858440636E940003A549005286814645
:1052F800B335A9023305A902EFF0410C018D2695BB
:1053080097F7FF1F23A697BAF2406244D244424956
:10531800B249224A05618280011122CC0A852E8475
:105328004146971502009385E58206CEEFF081424B
:10533800180806043A94035504FF97F7FF1F83D70C
:1053480087C0F2406244AA9737450F001305052429
:105358003355F5020561828097F7FF1F83D7A7BEF3
:1053680051471D45637CF702794719456378F70271
:105378001307200315456373F7021307B00411459B
:10538800637EF700130740060D456379F70013079E
:10539800600909456374F70013B5B70F82800111DE
:1053A80022CC06CE2A842EC6EFF0EFB0B245F240EA
:1053B800818D33A5A502229562441375F50F056109
:1053C8008280011122CC06CE2A842EC6EFF0AFAE21
:1053D800B245F240818D33A5A5022295624442056B
:1053E800418105618280011122CC06CE2A842EC615
:1053F800EFF06FACB245F240818D33B5A50222952E
:1054080062440561828097F7FF1F938767AE9857BC
:1054180039CB411122C426C206C6BE84029717F7AB
:10542800FF1F0357E7A72A8415CBBA876373A70022
:10543800AA87C207C183BA866373E400A286C2063C
:10544800C182958F5147635BF700DC5491C3829703
:10545800EF00812097F7FF1F239487A4B2402244CE
:10546800924441018280828097F7FF1F23A207AEF2
:1054780097F7FF1F9387C7A7DC57011106CEAA85A8
:1054880081C72AC68297B245CDC19C410545D9CB73
:10549800DC41C9CB83D78500D1C783D7A500D9C341
:1054A800514617F5FF1F130565A997B0FF1FE78041
:1054B800803F97F7FF1F238907A897F7FF1F938758
:1054C800E7A79C4317F7FF1F232EF7A097F7FF1FA7
:1054D80083C777A38DE79307805717F5FF1F0355F9
:1054E80065A63305F50237460F00130606248146E4
:1054F8008145EFE0B16C97F7FF1FA386A7A017F7C8
:10550800FF1F034757A0A54763E7E700A94717F719
:10551800FF1FA30AF79E17050000130545D8EFF0F3
:105528007FA40145F2400561828097F7FF1F23A3FE
:10553800079897C7FF1F9387C78517F7FF1F232F64
:10554800F79E7D5797F7FF1F23ACE79EB78732007A
:10555800938727A197F6FF1F23A6F69E97F7FF1FAD
:105568002384079EB7C7004023A4E726B9B70111D3
:1055780022CC17F4FF1F1304A497084406CE26CAAA
:105588004AC801E90545F2406244D24442490561EE
:1055980082805C58E5DB185C75D77000854582977A
:1055A8001844B247E300F7FE9305E00417F5FF1F20
:1055B8000355C59497C0FF1FE780E0DF17F7FF1F6B
:1055C800232CA78E61D117F6FF1F03562693930548
:1055D800F00F97B0FF1FE7802034814417F9FF1FB1
:1055E8001309898B97F7FF1F83C767910326090261
:1055F80063C1F402328597C0FF1FE780E0EA0145E6
:1056080097F7FF1F23AA078A97F7FF1F23A8078A80
:105618009DBF97F5FF1F83D5658EB3879502084414
:10562800185C898185043E9508C2029765BF0111FF
:1056380056C297FAFF1F938AAA8B83A78A0022CCA7
:105648004AC84EC606CE26CA52C45AC0AA892E8453
:1056580032896386072203A74A03630907141307DD
:10566800F01F6367A71497F4FF1F9384E48203AACB
:10567800040263170A0A9565938515E017F5FF1F5D
:105688000355C58797C0FF1FE780E0D297F7FF1F34
:1056980023A4A7822A86630B051083A74A0303A5C0
:1056A8008A0097F5FF1F83D565858981829783A72F
:1056B8008A0003AA040217F7FF1F2321F7808947EE
:1056C800639CF908C1476313F40E97F5FF1F83D550
:1056D800E582938505FC9147B3C5F5028A05D29505
:1056E80003C725009307A005631EF70A83D70500A3
:1056F800639A370B4A852286910597B0FF1FE7808A
:10570800801A9C505285639347150145F2406244C4
:10571800D2444249B249224A924A024B05618280E8
:10572800D850E38EE7F89565938525E017E5FF1FC8
:105738000355C57C97C0FF1FE780E0C72A8A3DC58F
:105748002A8683A74A0303A58A0097E5FF1F83D506
:10575800E57A89818297A5B78D47639DF900C1478E
:105768006316F40497E5FF1F83D54579938545FDB6
:10577800F199B5B79147639AF9006319340397E52E
:10578800FF1F83D5A577A115E5B793070010639F81
:10579800F900A14763EC870097E5FF1F83D50576DD
:1057A800C115F9B79C5052856396470D2945B9BF75
:1057B8001D6A568B6371450B130A05E01947334A76
:1057C800EA0217E7FF1F0357677397EAFF1F938AD9
:1057D800AA6C330AEA023E9A83A74A0263954701F4
:1057E80083A40A029DE49305E00417E5FF1F03550F
:1057F800E57097C0FF1FE78000BCAA8445D98327BE
:105808004B0397E5FF1F83D5656F2A8689815285EB
:10581800829791451307A005898193972500A6973C
:1058280083C627006393E60483D60700639C360388
:1058380085058A052286A6954A8597B0FF1FE780C9
:10584800800683A70A02E38297EC268597C0FF1F8C
:10585800E78080C55DBD21677917E369A7F4330A3E
:10586800454185B783C5370045BF83A70A02E38F43
:1058780097F2268597C0FF1FE78000C305BF97E70B
:10588800FF1F938767618C5395D191479306A005B5
:105898008983139727002E9703462700E318D6F02D
:1058A80003560700631C360185078A072286BE95C2
:1058B8004A8597B0FF1FE78000FF81BD8347370007
:1058C800C1BF97E7FF1F9387A762984739C79C5FB7
:1058D800A9C705476313E504411122C417E4FF1F54
:1058E8001304845B105006C60DC6485097E5FF1F89
:1058F80083D5C56089818297085097C0FF1FE780CC
:10590800A0BA97E7FF1F23A9075A97E7FF1F23A706
:10591800075AB2402244410182808280011117E770
:10592800FF1F1307E75C4EC68329870022CC26CACF
:105938004AC806CE52C456C2AA842E843289638BC2
:1059480009201C5FBA8A99EB2945F2406244D24487
:105958004249B249224A924A056182805C5BEDD78E
:105968009307F01F63EAA70E97E9FF1F9389C952AF
:1059780083A70902B1CB03A58A0083A749026395CF
:10598800A70689476393F408C147E31FF4FA17E5AC
:10599800FF1F0355A5569147130505FC3345F5022E
:1059A8009317250003A509022286CA853E95930709
:1059B800A0052301F50023109500110597B0FF1FDE
:1059C800E78060EE014551B79305E00417E5FF1F36
:1059D8000355C55297C0FF1FE780E09D97E7FF1F5B
:1059E80023ACA74C49F98DB783A74A0303A609023C
:1059F80097E5FF1F83D585508981829783A78A0001
:105A080017E7FF1F232CF74AADBF8D47639EF400AD
:105A1800C147E31BF4F217E5FF1F0355254E130595
:105A280045FD9377C5FFBDBF9147639AF400E31D19
:105A380094F017E5FF1F0355654C2115DDB7930753
:105A48000010E393F4F0A147E3E087F017E5FF1FA8
:105A58000355C54A4115F1B79D676379F506930764
:105A680005E01947B3C7E70217E7FF1F03570749C0
:105A780017EAFF1F130A4A42B387E702BE99832732
:105A88000A02A1CF83274A026399370703250A022E
:105A980091461308A0059305F00F93D72600139796
:105AA80027002A9703462700631F06078358070025
:105AB8000346370063959806B306D64063CF86043D
:105AC80085078A072286CA853E95CDBD2167791745
:105AD800E36CA7E6B307F54041BF9305E00417E57B
:105AE800FF1F0355A54197C0FF1FE780C08C97E7AC
:105AF800FF1F23A3A73C59F581BD83A74A030326AB
:105B08000A0297E5FF1F83D5653F89814E858297F5
:105B180097E7FF1F23A4373B95BF2310B7009316C1
:105B28000601C1829DBFB385860017E6FF1F035695
:105B3800E63C9105130606FCE368B6E0130634005C
:105B4800719A1106B2962301070123109700A30149
:105B5800D700BDB797E7FF1F938707349453BE89D3
:105B6800A9C203A5090291461308A0059305F00FE1
:105B780093D72600139727002A9703462700631810
:105B88000605835807000346370063989800B30654
:105B9800D640E3D786F22310B70093160601C182D8
:105BA800C1BF8357C70017E5FF1F03454535930558
:105BB800E0043305F5024205418197B0FF1FE780F5
:105BC800807F97E7FF1F23A9A72E41FDB5BB17E6E6
:105BD800FF1F0356A63297E5FF1F83C54532B385DD
:105BE800C502338686001106E3E0C5D681BF0145AC
:105BF8008280011106CE2EC6EF80606F01C9B245C2
:105C0800F2400355250005616FC0D00CF2404945AC
:105C180005618280A38E018E238E018E23A2018EC0
:105C280023A4018E23A6018E23A8018E23A0018E12
:105C380023AE018C97E7FF1F9387C733930640383D
:105C48002391D702F1761307400B938606B8239168
:105C5800E7002392D70211679D46130600059305B6
:105C6800000A1305007D2392E7002393D7024147DA
:105C78008546130810F82395E7002396E700239933
:105C8800E700239AE700239BE700239CE70023947F
:105C9800E702239007002393B7002394B7002397C4
:105CA800C7002398C700239DA700239E0700239FB2
:105CB8000700239007022395D7022396070323970B
:105CC80007029308F007239807022392E704239317
:105CD800E704239FE7042390E7062391E70623922E
:105CE800E706239917031307C01C239AD702239B9F
:105CF800D702239C0702239D0702239E0702239FA6
:105D08000702239007042391D704239407042395BB
:105D180007042396D7042397C7042398C704239915
:105D2800A704239A0704239B0704239C0704239DA5
:105D3800C704239EC7042393A70623940706239525
:105D48000706239607062397B7062398B7062399CD
:105D58000706239AE7065147239DE7067D57239BAD
:105D68000706239C0706239ED706239F0706239032
:105D780007092391E7088280011126CAAA842145D0
:105D880022CC06CE2E8432C636C43AC2EFE0AFE843
:105D98001DC9A24612473246930700FD2300F500AD
:105DA8009947A30095002301F5002303D500A30319
:105DB800E5002312C500AA8522856244F240D24438
:105DC80005616FE0AFF4F2406244D244056182801D
:105DD80023A2A18E828023A4A18E828023A6A18ED5
:105DE800828023A8A18E8280011122CC4AC806CEC7
:105DF80026CA2A890144B30489006368B400F240C2
:105E08006244D2444249056182802EC6EFE0BF8ACF
:105E180093170501C183A183B2452380F40093073A
:105E2800140093F7F70F850463F9B700CA970904BC
:105E38002380A7001374F40F7DBF3E847DBFC16724
:105E480017E5FF1F03556511FD176304F50241119E
:105E580017E6FF1F034606269385418F06C6EF8087
:105E6800A026B240FD5717E7FF1F2318F70E410180
:105E78008280828009C925151375F50F1335850EA3
:105E88001345150082800145828023900500C9C60C
:105E9800797122D426D24ECE52CC5AC806D64AD0D0
:105EA80056CA5EC63684328AAE892A8B814463F329
:105EB8004407B307940083C70700138914004209F5
:105EC800939A070193DA0A011359090163840A04B2
:105ED800CA976341FA04B307240183CB07005E85A0
:105EE800513F0DC99387FAFF2390F90063906B0324
:105EF800130519002295B250225492540259F249BE
:105F0800624AD24A424BB24B45618280D694C2045F
:105F1800C18071BF0145C5B701458280411126C2C4
:105F2800AE8422C497E7FF1F23A0C70497E7FF1F8B
:105F380023AAB70297E7FF1F23A4A7022A84414692
:105F48009305F00F26854AC006C6054997B0FF1F7E
:105F5800E78080A76310250597E7FF1F938787FFD2
:105F6800884BC145513541469305F00F228597B0BE
:105F7800FF1FE78060A5854463189502224497E7D0
:105F8800FF1F938727FDB24092440249C847C14585
:105F9800410199BD41468145268597B0FF1FE7809D
:105FA800A0A2E31225FD4DBF41468145228597B049
:105FB800FF1FE78060A1E30395FCB24022449244AE
:105FC800024941018280411122C426C22E84AA843A
:105FD80013060002814517E5FF1F1305A5F706C63E
:105FE80097B0FF1FE780409397E7FF1FA38597F6B9
:105FF80097E7FF1F2382870CEFC0C04F854719C161
:1060080081474945B240224417E7FF1F2304F7F4AC
:10601800924441018280814781CD19C98547631B1C
:10602800F50083C7550093E707FCA382F500854771
:106038003E85828089476317F50083C7550093F72B
:10604800F703E5B70D478547E314E5FE03C7550099
:106058001377F70313670704A382E500D1BF8147CD
:106068008DC105C103C755009306000C85471377FA
:10607800070C6308D700930600048D476303D70015
:1060880089473E858280411122C4005D06C626C22A
:106098001DC8AA84085009C597B0FF1FE780C040F3
:1060A800485009C597B0FF1FE7800040085409C54C
:1060B80097B0FF1FE780403F228597B0FF1FE7801A
:1060C800A03E23AC0402B2402244924441018280A3
:1060D80009ED97E7FF1F83C707E817E5FF1F1305BB
:1060E800E5E881CB1385418D828017E5FF1F1305F5
:1060F800E5E7828017E5FF1F0345E5E5828097E71E
:10610800FF1F938727E5C847828097E7FF1F93877C
:1061180067E4884B828097E7FF1F9387A7E3DC4BF0
:106128008843828097E7FF1F9387C7E2D84B1C43B9
:1061380085071CC317E5FF1F0345F5E19307F00F1B
:106148006305F50091656FE0EFF38280011122CCC1
:1061580006CE2E8432C6EF80402A9147B245631F8F
:10616800F5009387018F9C438DC303A30700630E3B
:10617800030022856244F240056102839387818E81
:106188009C4381C703A34700DDB7F240624405453D
:1061980005618280011122CC2A840355450006CE70
:1061A80026CA4AC84EC6EF80600335C52A8983448B
:1061B80005008349C500C13D4A85EF8080630355CA
:1061C8004400EF80C01E83C7C18FB1CB6399970489
:1061D80083C5D18F2685EFF0DFA119E1238E018ECB
:1061E80003554400EF8060219147631FF500035772
:1061F800440097E7FF1F83D747D66317F700FD577B
:1062080017E7FF1F231BF7D4F2406244D2444249E8
:10621800B2490561828081499304F00F6DB79307F5
:10622800F00FE38FF4FA83466400035644000345F5
:1062380024004E87A685EFF03FB45DB779715EC63E
:10624800AA8B2E8552CC56CA5AC806D622D426D234
:106258004AD04ECEAE8A328B368AEF7030787DC106
:10626800045D2A89E5C09C50614599C31305400324
:106278009C5481C751054205418163050A00710597
:1062880042054181DC5081C75D0542054181EFE04F
:106298008F982A8445C96146814597A0FF1FE780EA
:1062A800A06797E9FF1F83C9E9CF63940900834971
:1062B8000900930700FD2300F400A947A300740117
:1062C8002301F400230364018C50231254011305A5
:1062D800840191C908C47146930A440397A0FF1F1B
:1062E800E780605C56858C5491C948C45146930A2E
:1062F800450197A0FF1FE780005B5685630C0A00E5
:1063080008C87146D285930AC50197A0FF1FE78088
:1063180080595685CC5099C548C85D4697A0FF1F3F
:10632800E7806058A2854E85EFE04F9E2254B25018
:106338009254F249624AD24A424BB24B4A850259B8
:10634800456191B3B250225492540259F249624ABB
:10635800D24A424BB24B4561828001114EC6AA898E
:106368002E854AC806CE22CC26CA2E89EF70106721
:1063780021C997E4FF1F83C4E4C299E08344050060
:106388001945EFE04F892A8405CD8145194697A024
:10639800FF1FE7806058930700FD2300F400B9470A
:1063A800A30034012301F40023122401A2856244CE
:1063B800F2404249B2492685D24405616FE00F9503
:1063C800F2406244D2444249B2490561828039713F
:1063D8005ECEAA8B2E8526DA4ED652D456D25AD005
:1063E80006DE22DC4AD8AE84328BB68A3A8ABE8967
:1063F80042C6EF70B05E21CD2A894145EFE0AF81FA
:106408002A8431C54146814597A0FF1FE780C050C7
:1064180017E5FF1F034505B919E10345090093076F
:1064280000FD2300F400BD472301F400B247A30098
:1064380074012312940023046401A3045401230566
:106448004401A30534015CC4A285EFE02F8CF2500F
:106458006254D2544259B259225A925A025BF24BB0
:1064680021618280797126D2AA8439454AD04ECEDC
:1064780006D622D42EC6B2893689EFD0DFF921C1DB
:10648800B2459307000D2310F500B1472A84231263
:10649800B5002301F500CE851905194697A0FF1F01
:1064A800E780604023062401A2852254B250025995
:1064B800F24913F5F40F925445616FE02F85B250FD
:1064C800225492540259F2494561828017E7FF1F0E
:1064D800034777A89307F00F630DF706411126C20B
:1064E800AA84394522C406C64AC0EFD0DFF22A84FE
:1064F80039C9930700FD2300F500A3009500230187
:10650800050097E5FF1F938565A60D05194697A019
:10651800FF1FE780403917E9FF1F1309A9A3835715
:106528008900A28517E5FF1F0345F5A22315F4008E
:10653800834719002306F4002244B24092440249DA
:1065480041016FD0BFFCB24022449244024941014C
:106558008280828001115AC02A8B314526CA4EC6D4
:1065680052C456C206CE22CC4AC8AE84B28A368AF3
:10657800BA89EFD05FEA35CD2A842685EF701046B8
:1065880011C50347C500A1476314F70417E9FF1FA6
:106598000349799C930700FD2300F4009D47A3005D
:1065A80064012301F40023129400231354012314DB
:1065B800440123153401A2856244F240D244B24911
:1065C800224A924A024B4A85424905616FD01FF41C
:1065D80017E9FF1F034959AEE31E0BFA9387819908
:1065E8009C439C47C5DBCE865286D68526858297F6
:1065F80055B7F2406244D2444249B249224A924ACB
:10660800024B05618280011122CC2A84214506CEE5
:106618002EC6EFD05FE021C1B245930700FD2300ED
:10662800F500C5472301F50083C73500A301F50030
:1066380083D745002312F50083C765002303F500BF
:1066480083C77500AA85A303F50022856244F2403A
:1066580005616FD0BFEBF2406244056182803971F9
:1066680062CC2A8C594526DA4AD84ED652D456D20C
:106678005AD05ECE06DE22DCAE8432C636C4BA8B71
:106688003E8BC28A468A8359010403494104EFD0EC
:106698009FD825C93246930700FDA2462300F5007E
:1066A8009547A301C500A30085012301F5002A84AD
:1066B80019461105A9C2B68597A0FF1FE780A01E3D
:1066C80023066401230A24012315740123175401A6
:1066D8002318440123193401A2856254F250425907
:1066E800B259225A925A025BF24B624C2685D25416
:1066F80021616FD0BFE1814597A0FF1FE780C021CE
:10670800C1B7F2506254D2544259B259225A925ADD
:10671800025BF24B624C2161828097E7FF1F83C7BF
:1067280087838DCB4111AA8519461385418D06C6ED
:1067380097A0FF1FE78020179385418D17E5FF1F5E
:1067480003456581EFF03F8DB2401385418D4101CE
:106758006FB0D05A0145828017D7FF1F0347B77F14
:106768009307F00F6305F708411126C2AA8429454B
:1067780022C406C6EFD03FCA2A8429C1930700FD68
:106788002300F500A1472301F500A300950097D742
:10679800FF1F9387277C83C727009385418D1105A9
:1067A800A30FF5FE194697A0FF1FE780C00FA2852B
:1067B80017D5FF1F0345357AEFD05FD517D7FF1FD1
:1067C800034767798D47631FF7009387C18E9C4302
:1067D80091CB03A38700630703002244B24092448D
:1067E80041010283B240224492444101828017D77A
:1067F800FF1F034747768D47631AF7009387C18EBB
:106808009C4389C703A38700E31D03FC8280797139
:1068180022D406D626D24AD04ECE52CC094455CDE3
:106828002A89035505002E8A5144EF70301BAA842B
:106838004DC597E7FF1F83C72788FD1793F7F70F05
:1068480005474944637BF7080347C500A14763141C
:10685800F70063140A089C5C4544C1E3916593857D
:1068680045711305C00297B0FF1FE780C0B488DCEC
:10687800AA894D443DC11306C002814597A0FF1F58
:10688800E78080098357090093864900368523915C
:10689800F90071469305490036C697A0FF1FE780A7
:1068A800800089472380F90003C5C400B246035617
:1068B8000900611597D5FF1F83C5C57F13351500DE
:1068C800EF8090392A8463060A00D2852685EF80F6
:1068D800202201C42685EFF00FFB2285B2502254F6
:1068E80092540259F249624A4561828097D7FF1F44
:1068F80083C7877CFD1793F7F70F05476378F70879
:10690800894751C6011122CC26CA4AC84EC652C46C
:1069180006CEAA89368AB2842E89EF70300C2A8472
:10692800D14729C9485509C597B0FF1FE780C0B7A7
:10693800F1452685EFD05FDF48D4CD4705CD8346A6
:10694800C40021478147639FE600630D0A0003479F
:10695800A5010356050193062501AA854E85EF80FA
:10696800E020AA8703474400630F09001367670004
:106978002302E400F2406244D2444249B249224A26
:106988003E850561828013674700DDB7C9473E85AC
:1069980082809307000463EBA70097D7FF1F9387B4
:1069A800675D06053E9503550500828041657D15A6
:1069B8008280011122CC2A842E8526CA06CEAE8476
:1069C800EF70D0011DCDB7470F009387F723094516
:1069D80063E4870281450A85414697A0FF1FE78047
:1069E800A0F3A685231081000A8541802301810038
:1069F800A3010100EF80F011F2406244D244056126
:106A080082804945D5BF97D7FF1F2386A76A828012
:106A18006F80B01E797152CC2A8A328522D426D250
:106A28004AD04ECE56CA5AC85EC606D662C4AE8B87
:106A3800B28A368BBA843E89C2894684EF70007A5E
:106A480015C92A8C63140A0213774B008347450043
:106A580015CF93E727012302FC008DEC631C090284
:106A6800639A090205E8ED9B2302FC00832B8C0343
:106A7800639F0B06B250225492540259F249624A5B
:106A8800D24A424BB24B224C45618280F59B93E738
:106A98000701D1B793E747002302FC0001CC1C484B
:106AA8004146A2852324FC0213058C0197A0FF1FF1
:106AB800E78060DF63910B02D5D80325CC0209C5B6
:106AC80097B0FF1FE780409EF1452685EFD0DFC5D0
:106AD8002326AC0261BFE30B09F80325CC0209C5E4
:106AE80097B0FF1FE780409CF1454A85C5B79DC414
:106AF80083A70B0299EB916593853571714597B022
:106B0800FF1FE780408B23A0AB0203A50B0219C52A
:106B18007146A68597A0FF1FE780E0D86388090221
:106B280083A74B0299EB9165938525715D4597B0D5
:106B3800FF1FE780408823A2AB0203A54B0219C5BB
:106B48005D46CE8597A0FF1FE780E0D51DC483A7CB
:106B58008B0299EB916593851571514597B0FF1F8D
:106B6800E780608523A4AB0203A58B0219C55146B3
:106B7800A28597A0FF1FE78000D32254B2509254F9
:106B8800F249B24B224CCA865A860259424BD685E4
:106B98005285D24A624A45616FF04FEA011126CA0E
:106BA80052C406CE22CC4AC84EC62A8AAE84EF709A
:106BB800E06225C5AA893945EFD0FF852A8431CD01
:106BC80017D9FF1F0349093E6314090003C90900C7
:106BD8009307000D2310F400AD472301F4009385BB
:106BE800690013053400194697A0FF1FE780A0CB62
:106BF80093F71400858085882306F400A306940083
:106C080023154401A2856244F240D244B249224A83
:106C18004A85424905616FD07F8FF2406244D24471
:106C28004249B249224A0561828001114EC652C4C6
:106C380056C206CE22CC26CA4AC8AA8A2E8AB28949
:106C4800EF70C0592DCD2A891305C002EFD0AFFCD3
:106C58002A8435C597D4FF1F83C4C43499E083447C
:106C680009009307000D2310F400E9472301F400FD
:106C78009305690013053400194697A0FF1FE780A4
:106C880080C2D285231554011305C400414697A03C
:106C9800FF1FE78040C1CE851305C401414697A078
:106CA800FF1FE78040C0A2856244F2404249B249D2
:106CB800224A924A2685D24405616FD03F85F24028
:106CC8006244D2444249B249224A924A05618280CA
:106CD8009387C18D884301CD411106C697A0FF1F38
:106CE800E780807CB24023AE018C410182808280A3
:106CF800011106CE22CC26CA4AC82EC6EF70004E15
:106D080039CDB24517D9FF1F0349C929AA840CD523
:106D180063140900034905004145EFD0CFEF2A84E9
:106D28001DCD9307000D2310F500A5472301F5009D
:106D380083C75400938564001105A30FF5FE194617
:106D480097A0FF1FE78020B69C54A285F2405CC440
:106D58006244D2444A85424905616FD02FFBF24014
:106D68006244D2444249056182801D71A2CC86CE1C
:106D78002A842EC6EF70804605CD8346C50011478C
:106D8800AA8749456392E6029C5FB24599C383C5C9
:106D980067012308B100979600009386666A100879
:106DA80089452285EF70904BF640664425618280C4
:106DB8005145DDBF97D7FF1F83C70730FD1793F7EE
:106DC800F70F0547637AF704894721CA411122C49E
:106DD80026C24AC006C6B2842E89EF7020402A8493
:106DE800D14705C5630809008347450093E7270095
:106DF8002302F5004146A6851305840197A0FF1FCD
:106E0800E78060AA9C481CD48147B240224492443F
:106E180002493E8541018280C9473E858280797159
:106E280022D406D62A842EC6EF70403B01CDB24547
:106E38002285230EB1006C08EF701048B25022541E
:106E4800456182805145DDBF6F70E04FC167138790
:106E5800E7FF6394E5029387818E9C4391EB494554
:106E680082804945B24022449244024941018280CD
:106E780003A30700E30503FE0283411122C426C2CF
:106E88004AC006C6FD172A892E84B2846395F50286
:106E98009387818E9C4391CB9C4381CB829711E54C
:106EA800238E218FA38E918E75BFA6854A85EFE02C
:106EB8005FD44DF9F5B72E85EF7040325DD1834729
:106EC80005000D45E39027FB22852244B240024984
:106ED800A685924441016FB0E05F9307000463E226
:106EE800A7064111C16722C406C626C2FD172A8417
:106EF80009456382F502C547AE846313F4022E8503
:106F0800EFB0406417D5FF1F1305C50606042A9481
:106F1800231094000145B2402244924441018280EA
:106F28009307A0036316F4002E85EFB0205BD9BF4A
:106F38009307B003E318F4FC13F5F50FEFB0405ACC
:106F4800D1B709458280411106C622C42A84EFE0E0
:106F58007FCCEF206022EF104062EF409104814522
:106F680017D5FF1F130505FF1306000297A0FF1F83
:106F7800E780809A97D7FF1F9387C7FD130700F014
:106F88002391E700238207007D5797D7FF1F938738
:106F980067122381E7002380870022852244B240BC
:106FA800954541016F501036597193970501CAD024
:106FB80086D6A2D4A6D2CECED2CCD6CADAC8DEC65F
:106FC800E2C4E6C2EAC06EDEC1872E8963D1075AE1
:106FD80017D5FF1F0345050EEFD0EFCA8964416A34
:106FE800856A797B2A84938BD4007D1AA50A130CB1
:106FF800ABFF1DE021653345A900B65026549654D1
:107008000659F649664AD64A464BB64B264C964C24
:10701800064DF25D65618280834704001307200AEC
:10702800639DE7000355240097D9FF1F83C9B9F270
:107038002286D285EFF08F9159A21307100997D9AC
:10704800FF1F83C949076398E7188347140015474A
:107058006390E7022285EFF0EF932285EFD08FB699
:1070680017D5FF1F03450505EFD0EFC12A8451B797
:107078003947639BE71803554400631B55050C44C7
:1070880083CC0500639D0C00850591C9194617D569
:10709800FF1F1305A5ED97A0FF1FE780C08017D736
:1070A800FF1F034727EB85476317F712638A0C0016
:1070B80097D7FF1F238007EA6685EFF02FC171BFBE
:1070C800894717D7FF1F2307F7E8EFB0E04271B7EA
:1070D80093872400631AF506832C8400638D0C0EB5
:1070E80083C70C008DE383C72C0003C71C00A207CD
:1070F800D98F17D7FF1F2313F7E683C73C0017D78D
:10710800FF1FA309F7E417D7FF1F0347A7E4894721
:107118006313F70C83C70C0081CB97D7FF1F238B12
:1071280007E203C50C0051BF8D4797D5FF1F83C5E4
:1071380075E217D5FF1F035565E217D7FF1F230B0D
:10714800F7E0EF50301FF1BF938754006318F50044
:107158001C4403C50700EFF02FE001B7B307850112
:10716800C207C18311476372F7049307ABFCAA9760
:10717800139707014183F14763F1E7029387B4004E
:107188006312F5049387418E9C43E38807EC9C4384
:10719800A285E38407EC82971DA0B70700189387A0
:1071A800F770B3D7E700858BB9CB9387C18E9C4323
:1071B800E38507EA9C43E38207EA22858297E31E78
:1071C80005E811A89387C4006310F5021C4483C71F
:1071D8000700E38407E89307F00FE380F9E8A28546
:1071E8004E85EFD0AFB2ADBD9387E4006319F500CB
:1071F8009387818E9C43E38207E6DC4351BF9387E4
:107208001404E301F5F8C1BF3D476397E70403554C
:107218004400E30F75FD93879401E30BF5FC938716
:107228003401E31AF5FA97D7FF1F83D707D3639E74
:1072380047019387818E9C43E38107E2DC43E38E19
:1072480007E0A28513853401B9B79387018F9C4362
:10725800E38507E09C43E5B71307E003E39DE7F602
:107268008347240005476397E70E83476400938D9F
:10727800C18DF1E383A70D00D5CB83CC0700A149CD
:1072880003457400130D8400EA85EFE05FDD834752
:107298004401A303A400835804010358E4000357DE
:1072A80044002A86034534003EC283572401EA86F7
:1072B800E6853EC0CE87EFF08FBA8347340095E766
:1072C800DD47835804010358E4008346740083555E
:1072D80044003EC2835724016A8705463EC066853E
:1072E800CE87EF708028A301A40083A70D0081C773
:1072F8001145EFF0FF9D03C5C18FE30005D683C597
:10730800D18FEFE01F8FE30A05D48346340093073B
:107318001003638AF600035644004E8783C5C18F65
:107328003685EFE07FA5238E018E05BB97DCFF1F16
:1073380083CC7CC2A9B79387C18E9C4397DCFF1F7F
:1073480083CC7CC191498DDFDC439DDB81450145C0
:1073580082973DB729476391E70C83476400138DF3
:10736800C18DC1E783270D00A5CF83CC0700A149B4
:10737800034574009306840093772500D1C71376DC
:107388001500930D4401834704028358C401035830
:10739800A40103574400034534003EC28357E40167
:1073A800E6853EC0CE87EFF08FAB8347340095E784
:1073B800DD478358C4010358A401834674008355EC
:1073C80044003EC28357E4016E8705463EC0668589
:1073D800CE87EF708019A301A40083270D0001BF99
:1073E80097DCFF1F83CC3CB759B79387C18E9C436A
:1073F80097DCFF1F83CC3CB69149BDDBDC43ADDB9A
:10740800814501458297ADB7B68536CEEFE03FC5D9
:10741800F2462A86B68D85BF0947639DE7009387A4
:10742800418E9C43E38B07C2DC43E38807C2228575
:10743800829725B12D476399E7009387418E9C4336
:10744800E38D07C09C47D5B70D476397E7002286B1
:107458008D4503554400F9BE19476395E706930522
:10746800610213051031EF40213C2C101305203127
:10747800EF40813B03566400835781020355440063
:1074880063E8C700835684000357610263F7E60088
:1074980093050002EFB0000AC9B66374E60023132F
:1074A800E40063F4D7002314F4000357C4008356A0
:1074B800A400035684008355640001488147EFB057
:1074C800200761BE1D47E388E7D031476395E70091
:1074D8002286B145BDBF35476399E7009387418E42
:1074E8009C43E38C07B6DC4789B739476396E700C6
:1074F8002285EF00D00395B63D476399E70093874F
:10750800418E9C43E38B07B49C4B05B74147639678
:10751800E7002285EF00900C89B645476396E7009F
:107528000145EF00701B15BE4947639EE70093872E
:10753800C18E9C43E38107CADC43E38E07C88145BB
:107548000545829749B94D47639DE7009387C18EEA
:107558009C43E38207C8DC43E38F07C6A28509453D
:10756800CDB76147E399E7C62286E145DDB593F7D4
:10757800150081CF9387418E9C4389C7DC4399C30B
:1075880001458297134519008DBC93F7250089CFD3
:107598009387C18E9C4391C7DC4381C781450545CC
:1075A80082971345290091BC93F745000145E3866E
:1075B80007A49387018E9C4399CF854717D7FF1F50
:1075C800230CF7989387C18E9C4391C7DC4381C7EE
:1075D80081450545829797D7FF1F9387A797C84787
:1075E8002C10EF70703F2810EFF02F9397D7FF1FE4
:1075F80083D7679A81CF130600643386C702914503
:1076080017D5FF1F034505ABEFD06FC713454900DA
:10761800EDB2011122CC2A84554506CE26CAEFF0D8
:107628004FB7AA8413054002EFF0AFB62AC6130578
:107638005002EFF00FB6AA86228562443246F24025
:10764800B3359000D24405616FA0F074797122D4EB
:1076580006D68D472E84631FF50003D7A50083D671
:10766800850003D665000345340083D54500EFE067
:107678007FEE09A889671387D7006310E50403C55F
:10768800250019E58547B25022543E854561828020
:107698009387C18D9443FDD603C6360083C5060083
:1076A800814802C202C00148814701479106EFE0C4
:1076B8001FFB0545EFF0CFE1F1B71387E700E303C0
:1076C800E5FC13873701631AE50003C525005DD97A
:1076D800014781460146814559BFE507E304F5FAAC
:1076E800B1476319F50017D5FF1F0345D586EFE0AD
:1076F8009FF149BF41677D178147E316E5F803C746
:107708005500C947E310F7F883D6E50003D6C5004E
:107718000355840083D5A500EFA0F06841C95D45F5
:10772800EFF02FA73335A000231CA10083454400A8
:10773800035524003008EF60901A83578101B9F38C
:107748006C0813051031EF40210E9305E101130574
:107758002031EF40610D8357C101035784006374E2
:10776800F7002314F4008357E1010357A40063F4DE
:10777800E7002315F400835784000357A4006374BB
:10778800F7002315F40003552400EFA09066035773
:10779800E4008356C4000356A400835584000355AF
:1077A800240001488147EFA0B056E9BD8547231C56
:1077B800F100ADBF17D7FF1F034737909307F00FAE
:1077C8006309F70859C5411122C426C206C6AA840E
:1077D8000345A5004105EFC01FC42A8435C593079A
:1077E800000D2310F500D9472301F50083D7440085
:1077F8002312F50083C764002303F50083C77400D0
:10780800A303F50083C784002304F50083C794000D
:10781800A304F50003C6A4002305C5001DC2CC447B
:10782800410548C49790FF1FE780E007A2852244DE
:10783800B240924417D5FF1F0345358841016FC0F8
:10784800FFCC23260500DDB7B24022449244410113
:1078580082808280C1671387E7FF639DE500938775
:10786800C18D9C4395C383C707000D47639CA70040
:107878006FA05049FD1749476396F5009387C18D5E
:107888009C43FDF73A8582804947EDBF797122D440
:1078980006D626D24AD04ECE52CC56CA5AC803472C
:1078A800050085472A84630AF70403468500930682
:1078B80095009305E1000545EFE02FDD814719C1EB
:1078C800834705008346040011476380E604138755
:1078D800019018438D46034717006308D70295C7E0
:1078E8000DC719ED0145B250225492540259F2497C
:1078F800624AD24A424B4561828081470145D9B7E5
:1079080085466318D7028D8BF1DF03451400130AEF
:107918002400D285EFE0AFF4A300A40013894190BE
:1079280083270900AA8A81499304F00F99EB05453A
:107938005DBF8946E318D7FA858BF9B7850993F9AE
:10794800F90F83C7E18F63FDF90203250900139B33
:1079580049005A9583470500E38297FE834715003F
:10796800E39E57FD1946D28509059790FF1FE780CA
:1079780000FF69D58324090003470400DA9485ECE5
:10798800834604009147E38FF6F483270900B9DBA7
:1079980003C6E18F01479305F00FE305E6F4BE84C3
:1079A800C10703C507FF630EB50A05071377F70F6D
:1079B800EDB788C4F5A09147631AF706C84405C512
:1079C80083478400034605006304F6060347040062
:1079D8009147631DF706C84419C597A0FF1FE780A4
:1079E800A0AC23A604000345840091659385E57146
:1079F800050597A0FF1FE780009C05C50347040005
:107A08009147631EF704C8C4834784009305940014
:107A18000505A30FF5FE034684009790FF1FE78036
:107A280080E8034584003335A00075BD884441BF14
:107A38009305940005059790FF1FE78040F285475E
:107A4800E316F5F85545EFE0DFF4BDA8884441DDBD
:107A580097A0FF1FE78040A523A4040069B788C446
:107A680065B72380D40083471400D285138524008A
:107A7800A380F40019469790FF1FE780C0E20345F2
:107A8800840091659385F571050597A0FF1FE78030
:107A9800809205C5034704009147E31CF7F0C8C46A
:107AA80083478400930594000505A30FF5FE03465C
:107AB80084009790FF1FE78000DF83478400E398E6
:107AC80007E6034504007D151335150029BD7971B6
:107AD80022D426D24ECE52CC06D64AD056CA5AC83E
:107AE8002A849309250003451500CE8593840190C7
:107AF800EFE0EFD6A300A4009C400D472A8A83C775
:107B08001700639BE7001389419083270900814A86
:107B180063910718054535A0FDD7144C0346740139
:107B28009305E1000545EFE04FB61DC9984085462D
:107B38008347050003471700631FD7008D8BE1F7C4
:107B48000145B250225492540259F249624AD24A2B
:107B5800424B456182808946858BE316D7FAC5B7C3
:107B68008347040011476385E7002D47E39AE7FC44
:107B7800938441909C40E9D7814A01491DA88840D7
:107B8800139B4A00834704005A9503470500631175
:107B9800F70283471500639D47011946CE850905FD
:107BA8009790FF1FE780A0DB01C503A904005A993D
:107BB800850A93970A0103C7E18FC183E3E1E7FCD4
:107BC800E31309F4B5BF93944A00269503470500CB
:107BD80083470400631EF70A83471500639A470B1F
:107BE8001946CE8509059790FF1FE78040D74DC1FC
:107BF800832709001147BE94834704006385E70083
:107C08002D47639DE70203AAC40083477401034616
:107C18000A006308F602528597A0FF1FE780C08814
:107C28000345740191659385E57105059790FF1FDC
:107C3800E780607815E5E39F04ECADA003AA840013
:107C4800E9B70C4C13051A009790FF1FE78020D165
:107C58008547E312F5FC5545EFE0BFD369DDCDB5A7
:107C68008347040011476385E7002D476390E702C7
:107C7800C8C4834774010505A30FF5FE03467401C4
:107C88000C4C9790FF1FE78000C275B788C4D5B722
:107C9800850A93970A0103C7E18FC1830325090069
:107CA800E3E3E7F283C6E18F032709008147130660
:107CB800F00F11A8BA844107834507FF638AC500FE
:107CC8008507C207C183E3E7D7FEA9B588C499A091
:107CD80083470400CE85138524002380F40083475E
:107CE80014001946A380F4009790FF1FE780A0BBFB
:107CF8000345740191659385F57105059790FF1FFC
:107D0800E780606BE30805E0034704009147E31F41
:107D1800F7FAC8C4834774010505A30FF5FE0346A7
:107D280074010C4C9790FF1FE780E0B7E5B317C7C5
:107D3800FF1F034797389307F00F6300F70A51CDE9
:107D4800411126C2AA84514522C406C64AC0EFC0C2
:107D58008FEC2A842DCD9307000D2310F500D5470D
:107D68002301F50083C7340013898400CA85A30161
:107D7800F50083D744002312F50083C7640023036A
:107D8800F50003C57400EFE08FADA303A400CA8516
:107D98001305840019469790FF1FE780C0B083C77A
:107DA800E400A28517C5FF1F034535312307F400FA
:107DB80083D704012318F40083C724012309F4009E
:107DC8002244B2409244024941016FC02FF4B240AC
:107DD80022449244024941018280828017C7FF1FD2
:107DE8000347B72D9307F00F6304F70431C141111E
:107DF80022C42A84194506C6EFC0EFE1AA850DC53D
:107E08009307000D2310F500DD472301F500835784
:107E180044002244B2402312F50017C5FF1F034552
:107E2800D52941016FC08FEEB240224441018280C2
:107E38008280011122CC138441901C4006CE26CAB0
:107E48004AC84EC652C499CF2E8AAA84014908400E
:107E580063129902630C0A049790FF1FE780C064BD
:107E680023A20190F2406244D2444249B249224AD4
:107E78000561828093194900B3073501884709C90C
:107E88009790FF1FE78040621C40CE9723A407000D
:107E98001C40CE97C84709C99790FF1FE780C0606C
:107EA8001C40BE9923A60900050955B745DD139660
:107EB800440081459790FF1FE78000A61440814742
:107EC8007D5613F7F70FE37F97F813974700369718
:107ED8002300C7008507F5B7011152C4138A019022
:107EE80083270A0006CE22CC26CA4AC84EC656C2E6
:107EF8005AC0C9CF2A89014419ED93874190944308
:107F080099CA03C6E18F2A8481479305F00F13F7B6
:107F1800F70F6367C708131534002105EFC0AFCF0B
:107F2800AA8401E92145EFC00FCFAA8421C50144E5
:107F38004D49930700FD2380F4008547A380240161
:107F48002381F400A38184005DC41389840023A2E3
:107F580024018149938A4190130BF00F83C7E18F65
:107F680063F3F90031E883270A00A68503C50700F3
:107F7800EFC0CFD9814503C5E18F653D03250A00D0
:107F88009790FF1FE780405223A00190F24062447F
:107F9800D2444249B249224A924A024B0561828040
:107FA800139747003697034707006305B700050492
:107FB8001374F40F8507A1BF83A70A00939549009E
:107FC800BE9583C70500638467032300F90083C750
:107FD8001500130529007D14A300F9001946890529
:107FE8001374F40F9790FF1FE780E08B2109850930
:107FF80093F9F90FA5B723A20400B5B793870190A9
:108008009C43B1C7411122C406C62A841DE1094513
:10801800EFE03F982A8601C9854517C5FF1F03452C
:108028006509EFC0DFA50545EFF0AFDE2A840545F9
:1080380019C8854517C5FF1F0345C507EFC0BFCE43
:108048002285593D0545B2402244410182800145BF
:10805800828089679386B7006316D5009C4503C55F
:10806800070069BF9386C7006318D5009C458546FD
:1080780003C5070019C9F5B793861704E300D5FEB1
:10808800938727048146E303F5FE3685828079715C
:1080980006D622D426D24AD04ECE52CC56CA5AC878
:1080A8005EC679C983473500AA8985C7404115C08E
:1080B8005945EFE01F8E931A850193DA8A410149E9
:1080C800138A0190130B000DB54B83C73900636DFC
:1080D800F900B250225492540259F249624AD24AE3
:1080E800424BB24B456182808307840263CD5707B8
:1080F80083270A00ADCB2285EFF04FF92DC5034544
:1081080084005105EFC02FB1AA8431CD2310650139
:108118002301750183470400194693052400A30130
:10812800F5008307840215052303F500834714002F
:10813800A30FF5FE9780FF1FE780E07603468400D3
:108148002386C4001DC61385440188C8930594007E
:108158009780FF1FE780207583270A00A68503C53F
:108168000700EFC0AFBA0509130494021379F90F99
:10817800A9BF23A80400CDB7938701909C43B1DB26
:10818800EFF09FD52254B25092540259F249624AF4
:10819800D24A424BB24B014545616FF08FC77971A6
:1081A80006D622D426D24AD04ECE52CC56CA5AC867
:1081B8005EC671C183473500AA8985C7444195C009
:1081C8005945EFE00FFD931A850193DA8A41014979
:1081D800138A0190130B00FDC14B83C73900636DEF
:1081E800F900B250225492540259F249624AD24AD2
:1081F800424BB24B456182808387F40063C85707BE
:1082080083270A00A5C75145EFC0EFA02A8439CDBE
:1082180023006501A30005002301750183C704003D
:10822800194693852400A301F5008387F4001505FA
:10823800A306F50083C71400A30FF5FE9780FF1F60
:10824800E780606683C78400938594001305C400A3
:10825800A305F40019469780FF1FE780C0648327B1
:108268000A00A28503C50700EFC04FAA0509C1048B
:108278001379F90F9DB7938701909C43BDD3EFF015
:10828800BFC52254B25092540259F249624AD24AA6
:10829800424BB24B014545616FF0AFB75D7186C681
:1082A800A2C4A6C2CAC04EDE52DC56DA5AD85ED67E
:1082B80062D466D26AD06ECE630C05268347350039
:1082C8002A898DCB40411DC45945EFE08FEC9317A7
:1082D8008501E1873EC6814493890190130A000D08
:1082E800C94B054CB54C130D00FDC14D83473900F2
:1082F80063E1F402B640264496440649F259625AAC
:10830800D25A425BB25B225C925C025DF24D6161C3
:1083180082808307C400324763C6E71683A7090033
:1083280063820716034B040093770B01CDCFCD472B
:10833800631EFB06230004002285EFF04FF9630358
:1083480005148347040011476363F7146399870D85
:108358005145EFC04F8CAA8A630605122300A50178
:10836800A30005002301B50103470400194693053E
:108378002400A301E5000307C4001505A306E500D2
:1083880003471400A30FE5FE9780FF1FE780A05165
:1083980003470401194693051401A385EA001385D0
:1083A800CA009780FF1FE7800050F1A0D5476318E7
:1083B800FB0085472300F400A30B0400B5BFF54775
:1083C800E309FBFEC9476316FB0089472300F40055
:1083D800A5B7C1476314FB008D47CDBFED47E31D2B
:1083E800FBF49147E5B793778B0099C3AD47F9BF85
:1083F80093761B0093774B0091C699C395475DBF51
:10840800A147E9B793762B0091C699C3A5475DB7F5
:1084180099476DBF99C3A94755BF9D4745BF0345B8
:1084280074015105EFB03FFFAA8A29CD23104501F9
:108438002301950103470400194693052400A3016D
:10844800E5000307C40015052303E50003471400EE
:10845800A30FE5FE9780FF1FE780E0440346740101
:108468002386CA0019C613854A0123A8AA000C4C02
:108478000DBF23A80A0003A70900D68503450700F6
:10848800EFC0CF888504710493F4F40F85B50345D4
:10849800740113050502EFB01FF8AA8A65D52310E9
:1084A8004501230175018346040013770B0619461D
:1084B800558FA301E5000347140093052400150513
:1084C800A30FE5FE9780FF1FE780E03D0347840088
:1084D800194693051401A385EA0003479400138500
:1084E8003A012386EA000347A400A386EA0003476B
:1084F800B4002387EA000307C400A387EA000357F0
:10850800E4002398EA00034704012389EA009780DE
:10851800FF1FE780403903467401A38CCA0011C6C7
:1085280013850A0223AEAA0099B723AE0A00A1B7A1
:10853800938701909C43E38F07DAEFF0FF99264475
:10854800B64096440649F259625AD25A425BB25B27
:10855800225C925C025DF24D014561616FF06F8BA8
:1085680097C7FF1F83C747B5A18B17C5FF1F130503
:10857800E5A991E301456FD01F86238F018EFD5732
:1085880017C7FF1FA30BF7B223A2019023A00190E6
:1085980097C7FF1F938747A6170700001307A7ABC6
:1085A80098C3170700001307C7AED8C31707000002
:1085B800130727BF98C717070000130767CED8C748
:1085C80017F7FFFF1307471F98CB97C7FF1F93871E
:1085D800E7A317F7FFFF1307272898C317F7FFFF2D
:1085E80013070707D8C38280411122C485452A840E
:1085F80003C5E18F06C6EFF0DF8397C7FF1F83C768
:10860800A7ABA98BB5CB17C5FF1F1305E59E238F15
:10861800818EEFD0EFFB138441901C4091C74D45EC
:10862800B24022444101828003C5E18F19E101452E
:10863800C5BF91659385B57112059790FF1FE780B7
:1086480080D723A2A19061DD03C6E18F1206814580
:108658009780FF1FE780402C104083C6E18F814739
:10866800FD5513F7F70FE374D7FC139747003297BC
:108678002300B7008507F5B70145238F018EEFD09A
:108688002FF575B79387018E884301CD411106C632
:108698009790FF1FE78040E1B24023A0018E41017F
:1086A8008280828001111305700306CEEFE06FAE61
:1086B8002AC613058003EFE0CFAD2AC41305900343
:1086C800EFE02FAD2246B245F240AA860545056186
:1086D8006F90B06B5D711305D00386C6A2C4A6C2A5
:1086E800CAC0EFE00FAB2A841305C003EFE06FAAFE
:1086F800AA841305E003EFE0CFA92A891305F00344
:10870800EFE02FA98A871377F50F9376F90F13F601
:10871800F40F9375F40F0545EF903068B640264482
:1087280096440649616182805971A2D41384018EEE
:108738001C4086D6A6D2CAD0CECED2CCD6CADAC8EB
:108748000545F9C79305F1041305F041EF10C17011
:108758009305F1041305F041EF1001708346F1040D
:1087680017B7FF1F0347277FB337E00091C2890778
:1087780018403EDE0345370093054700EFD0BF8918
:1087880018402ADC0D45834527002EDAEFE06FA05C
:108798002AD81145EFE0EF9F00402AD665450347E8
:1087A800A400034BB4003AD4EFE0AF9EAA84694515
:1087B800EFE02F9E2A897145EFE0AF9DAA896D45AC
:1087C800EFE02F9D2A8A7545EFE0AF9CAA8A79458C
:1087D800EFE02F9CE2046258F2572257B2564256F5
:1087E800D2551375F50F93FAFA0F137AFA0F93F916
:1087F800F90F1379F90FE1842ACC56CA52C84EC62C
:108808004AC426C25AC0930844000545EF90505404
:10881800B650265496540659F649664AD64A464BE7
:1088280065618280011122CC06CE8D472E846316A5
:10883800F50603C73500E94703D545006318F70077
:1088480097B7FF1F83D767716385A706EF50101985
:1088580009C5835764002317F5000357A4008356FE
:108868008400035664008355440003453400EFD068
:108878007FCE0357440097B7FF1F83D7076E63085F
:10888800F7008547F24062443E8505618280FD57C6
:1088980017B7FF1F2313F76CEDB78967CD07631D63
:1088A800F50083C7250031476385E7004547E39A0C
:1088B800E7FCEFD0CFD8F1B7B1476319F50017B58A
:1088C800FF1F0345757FEFD01FD465BF41677D1734
:1088D8008147E319E5FA83C655004947E394E6FA68
:1088E80083C5450003552400300023140100EF50D0
:1088F800E07941BF411122C406C626C283C78190D0
:108908001307E00F2E846383E7041307F00F6387D0
:10891800E7021145EFB03FB015C1930700FD2300F2
:10892800F50089472301F5008547A3008500A301C9
:10893800F500AA8503C58190EFB05FBDF957238480
:10894800F190B2402244924441018280AA841145A8
:10895800EFB07FAC7DD5930700FD2300F500894774
:10896800A30085002301F500A30195002244B2402D
:108978009244AA8503C5919041016FB03FB97971BE
:108988004AD01389018E8327090022D406D626D21D
:108998004ECE52CC4544C5EF97B7FF1F83C7C7716A
:1089A800958B4944CDC7AE899165A384A190AA84CB
:1089B8009385757131459790FF1FE780C09F23A06D
:1089C800A18E4D4449C523009500A3000500294602
:1089D800CE8509059780FF1FE780E0EC8327090013
:1089E800914603C7270063EEE6083DEB4D47238118
:1089F800E70003C72700136707012381E7009305F2
:108A080071001305F041EF10214583477100F9EB20
:108A180017B7FF1F034727548D476315F70CEFD08F
:108A28000FEE2C00EF60407B2800EFD01FCF4545AC
:108A3800EFD03FF6014401CD130600643306C502AA
:108A4800914517B5FF1F0345E566EFC04F832285A3
:108A5800B250225492540259F249624A45618280C6
:108A680085466314D700754759B789466314D700FC
:108A78004947B5BF8D466314D70041478DBF554759
:108A8800BDB795464A8A630ED70099466316D70044
:108A980009472381E70031A01D466314C7022381DB
:108AA80007006545EFD0FFEE9307F007E309F5F4FB
:108AB80003270A008347270093E707042301F700E9
:108AC8003DBF21466314C7000547E1B72546631536
:108AD800C7002381D700F1B7A9460544E319D7F6A3
:108AE800114745BFEFF05FC42A8435D1EFF09FB935
:108AF800B9BF011126CA9384018E9C4022CC06CEB0
:108B08004944A9C783C707000D446391A704894551
:108B180017B5FF1F0345055AEFC0EFA0914517B5DC
:108B2800FF1F0345255923960190EFC0CF9F9C4016
:108B380001478146A38087001306F10085478545D4
:108B48000145A307F100EF9010242A842285F24002
:108B58006244D24405618280011106CE22CC26CA25
:108B680085476319F50683D7C190B1CB17B7FF1FA7
:108B78000347873E29E71307B003636DF70289456A
:108B880017B5FF1F03450553EFC0EF99930700641E
:108B980003D6C1903306F602894517B5FF1F034572
:108BA8006551EFB0DFED23960190F2406244D24464
:108BB80005618280938747FC2396F190FDB79387E0
:108BC800018E9C43FDD36244F240D24403C50700A2
:108BD800056105B79384018E9C40E1DB97B7FF1FC1
:108BE80083C7874D918BF1D389476313F5062D45CC
:108BF8002EC6EFB05F822A844DD9B245930700FD97
:108C08002300F500E547A30005002301F50083C70D
:108C1800350015051946230FF5FE83C74500950550
:108C2800A30FF5FE9780FF1FE780E0C717B5FF1F6A
:108C3800034595489307F00F6315F5009C4003C55D
:108C48000700A2856244F240D24405616FB01F8CD0
:108C5800894517B5FF1F0345E545EFC0CF8C624432
:108C6800F240D2442396019005616FF0BFA197B7F7
:108C7800FF1F83C76744958B81CF938781919C435E
:108C880091CB854717B7FF1F2306F7386FF09FA1D1
:108C9800494582804145828097B7FF1F238C07365C
:108CA800854501456F90F00E97B7FF1F83C7C740F2
:108CB800958B91C785472385F1906FF0BFA14945F2
:108CC800828023850190814505456F90500D93075B
:108CD800C01C63FCA700094582800945F240624434
:108CE800D2444249B249056182805DC5011122CC56
:108CF8002A8421054EC64205AE8991659385657122
:108D080041814AC806CE26CA9780FF1FE780A06A1D
:108D18002A8961D593844191884009C59780FF1FAE
:108D2800E7808078130589002320A90022868145E1
:108D380023AA21919780FF1FE78000BE9C402286CE
:108D4800CE8588439780FF1FE780E0B59C4023923B
:108D580087009387018E9C4385CF97B7FF1F83C7F2
:108D6800A735958B85CB938741919C4399CF9843A1
:108D780083D647006244F240D2444249B24905468C
:108D88008D45054505616F90807F01478146DDB7B8
:108D98000145A9B7494599B79387018E9C438DC76B
:108DA80097B7FF1F83C74731958B8DC39387419131
:108DB8009C4381CB984383D6470005468D4505459E
:108DC800D9B701478146D5BF014582804945828090
:108DD8009307C01C63FCA700094582800945F2403F
:108DE8006244D2444249B249056182805DC501119D
:108DF80022CC2A8421054EC64205AE899165938509
:108E0800557141814AC806CE26CA9780FF1FE78060
:108E1800805A2A8961D59384C191884009C5978071
:108E2800FF1FE7806068130589002320A9002286B8
:108E3800814523AE21919780FF1FE780E0AD9C40DC
:108E48002286CE8588439780FF1FE780C0A59C4077
:108E5800239287009387018E9C4385CF97B7FF1F86
:108E680083C78725958B85CB9387C1919C4399CFE1
:108E7800984383D647006244F240D2444249B249FB
:108E880005468D45054505616F90A06F01478146F0
:108E9800DDB70145A9B7494599B79387018E9C432A
:108EA8008DC797B7FF1F83C72721958B8DC39387DE
:108EB800C1919C4381CB984383D6470005468D4595
:108EC8000545D9B701478146D5BF01458280494547
:108ED80082809307C01C63F4A700094582807971DA
:108EE80022D44ECE06D626D24AD0AE892A8431CD97
:108EF8002105916542059385757141819780FF1F12
:108F0800E780604B2A8909456301090893848191A8
:108F1800884009C59780FF1FE7800059130589001D
:108F28002320A9002286814523AC21919780FF1F29
:108F3800E780809E9C402286CE8588439780FF1FCD
:108F4800E78060969C40239287009387018E9C431C
:108F5800014585CF97B7FF1F83C70716958B4945EE
:108F68008DC76C001305D030EF20110CB2470145B6
:108F780093F7070F99CB938781919C438D450545BE
:108F8800944303D64700EF908060B2502254925425
:108F98000259F24945618280938741919C4391CF60
:108FA80003D647008C43411106C69780FF1FE78010
:108FB800808FB240014541018280094582809387B4
:108FC80041919C4385C79387C1919843894705C3BD
:108FD800035647000C43411106C69780FF1FE780E0
:108FE800808CB24081473E854101828089473E8519
:108FF8008280938741919C4385C793878191984349
:10900800894705C3035647000C43411106C697809C
:10901800FF1FE7804089B24081473E854101828039
:1090280089473E858280011106CE22CC26CA4AC8CD
:109038008D4763FAA7008944F24062442685424975
:10904800D2440561828017B7FF1F0347A7F0C144C8
:10905800E314F7FE9307F5FF93F7F70F8546AE8401
:109068002A8417B9FF1F034909EF63ECF6069DE14F
:1090780099452800EFC05FD7914517B5FF1F0345F5
:10908800650397B7FF1F238887ECEFB0DFC93DE87A
:1090980081445DB71946814528009780FF1FE78006
:1090A800A08719462C0026859780FF1FE780208B14
:1090B80059F119469305F00F28009780FF1FE780A4
:1090C800A08519462C0026859780FF1FE7802089F8
:1090D8003DF11946A68528009770FF1FE780A07C00
:1090E80061BFE31BE5F897B7FF1F9387A7E6C8475B
:1090F8002C00EF60600EAA8441D197B7FF1F238C24
:1091080027E51DBF2800EFD04FE1AA847DF5930520
:1091180071001305F041EF00315483447100ADF83C
:109128008D47E317F4F64545EFD0BF8635D1B777BD
:109138001800938707A03306F502914517B5FF1F5E
:10914800034545F7EFB0DFB6C5BD97B7FF1F83C727
:10915800A7F6918B99CF41111385019106C6EFC0EF
:109168005FC8B240FD5717B7FF1F2318F7DE41014C
:10917800828001456FC0FFC6FD57A384F190F9575F
:109188002384F19097B7FF1F238607E82385019072
:109198002396019023AA019023AE019023AC01905D
:1091A80097B7FF1F938747CA170700001307472180
:1091B80098C3170700001307679AD8C317F7FFFF6C
:1091C8001307C75698C717F7FFFF1307E74DD8C708
:1091D80017F7FFFF1307475098CB97F7FFFF9387C1
:1091E800A76423A8F1908280411126C29384018E3E
:1091F8009C4006C622C485CF2A840D45EFB0AFA196
:10920800AA8519CD930700FD2300F5008D47A3001B
:1092180085002301F5009C4003C50700EFB00FAFA0
:1092280019C42244B240924441016FF0AFC5B24024
:10923800224492444101828079714ECE9389018EF5
:1092480083A7090026D206D622D44AD052CC81441C
:10925800A1C783C4170085472A896388F40497B790
:10926800FF1F83C767CF854485EB0D45EFB0AF9AE5
:10927800AA8505C1930700FD2300F5009147A300C7
:1092880025012301F50083A7090003C50700EFB0F6
:10929800EFA7EFF02FBF8544B2502254268502591C
:1092A8009254F249624A45618280938741919C4376
:1092B8004E8A85E30145EFD0CFED2A8601CA89455C
:1092C80017B5FF1F034505DFEFB06FFB83270A00C3
:1092D800B1A0944303D647009305E1000545EFC0CC
:1092E800DFBA69D983470500858BE9D70545EFD0F3
:1092F8004FEA9307B0032A8463F3A7045D66130655
:109308000670894517B5FF1F0345C5DA130444FCE9
:10931800EFB01F9A2396819083A709000947A3807D
:10932800E70097B7FF1F83C727C391C797B7FF1FEA
:10933800238407C295B74A85EFF01FEBB1BF130628
:1093480000643306C5029DBF411122C42A840D451D
:1093580006C6EFB04F8C15C1930700FD2300F5003A
:10936800CD47A30085002301F5002244B240AA8519
:1093780003C5919041016FB06F99B24022444101F9
:109388008280411122C42A840D4506C6EFB0AF88F9
:1093980015C1930700FD2300F500ED47A3008500E4
:1093A8002301F5002244B240AA8503C591904101EA
:1093B8006FB0CF95B24022444101828003574500E7
:1093C8000111896606CE22CC26CA13866600AA87B2
:1093D8006317C7009C47014583C5070009A8138682
:1093E8008600631AC7009C47054583C50700EFF050
:1093F8006FD005453DA8138696006313C7021387EF
:10940800018E1843014515C79C4703C50700631B18
:10941800050C8547A300F7000545EF90600ED1BF06
:109428001386A600631CC7009C4703C50700EFF01E
:10943800BFE0F2406244D24405618280138666032D
:10944800E30AC7F813867603E30FC7F81386860383
:10945800631DC7081C451307E00F83C4070083C7B3
:109468008190638EE7021307F00F6386E7021145C8
:10947800EFA07FFAAA8505C1930700FD2300F50038
:109488008947A30095002301F500A301050003C542
:109498008190EFB0AF87F9572384F19099BF9387F4
:1094A800018E98433E84014549D785EC85447D4526
:1094B80023059100EFD0EFCD2316A100130500027C
:1094C800EFD02FCD1C40A305A1001307B100A38046
:1094D800970074001306A10085450545EF90A00A82
:1094E80009BF2685EFF05FD029B713869603E30DF1
:1094F800C7F21386E6036317C7001C45094583C5F1
:109508000700F5B59386F603631DD7021C4503C50E
:1095180007002DED6C001305D030EF20E130B24785
:10952800414793F7070FE386E7EC9305B10013056E
:109538006031EF20612F0345B1008545EF9060054C
:109548004DBD8966138606046315C7041C4503C40C
:10955800070097B7FF1F83C7E7AB228585EB0D454B
:10956800EFA07FEBAA85E30605E8930700FD23003B
:10957800F500D1472301F500A30085009387018EEC
:109588009C4303C50700EFA07FF8A5B5EFF0DFDB2C
:109598008DB513861605631BC7001C4503C5070058
:1095A80021E585450545EF80907FA1B59386260581
:1095B8000145E310D7E89C4703C4070083C7A1907F
:1095C80022859DE30D45EFA01FE5AA85E30305E28B
:1095D800930700FD2300F500F147A3008500230150
:1095E800F50003C5919045B7EFF0BFD919B5411102
:1095F80097B7FF1F83C747AC06C6958B99CB17B59E
:10960800FF1F13056584EFC06FFD4D45B240410152
:1096180082800145EFC08FFC0145CDBF03C705001F
:10962800937625009377D70F99C29367270013186D
:1096380085011358884113F7F7076354080013E7A7
:109648000708937685009377770F99C29367870009
:109658001377050293F6F70D19C393E607022380E3
:10966800D500634508009377A50281CB83470600A0
:1096780093E7C7002300F60082807DFD834706003C
:10968800CD9BCDBF2D456319071403C805000947B5
:109698006310E814C8410347150003450500220775
:1096A800498F42070D654187930825A0630B170B67
:1096B800011122CC26CA4AC84EC606CEBE89B68437
:1096C80032842E8963CEE800930705A0630DF70264
:1096D800130515A06300A706239004000545B5A04F
:1096E800930745A06309F7086348F706130565AAB9
:1096F800E314A7FE85472390F600DC4583C70700DF
:109708002300F60091A0C8459770FF1FE780E0236B
:10971800420541814E86637335012A862390C40031
:10972800420641828325C90022859770FF1FE78082
:10973800801719A8DC4583D707002390060123006A
:10974800F600A183A300F6000145F2406244D2442A
:109758004249B2490561828099472390F60019462B
:10976800D1B785472390F600DC45014583C707003C
:109778002300F6008280DC45A9CB21472390E60030
:1097880003D707002300E60003D707002183A300BF
:10979800E60003D727002301E60003D7270021832B
:1097A800A301E60003D747002302E60003D74700DA
:1097B8002183A302E60003D767002303E60083D7CB
:1097C8006700A183A303F60041B723900600ADBF4D
:1097D8002390060005458280828083C8050089475A
:1097E800639BF814DC41797122D406D626D24AD07C
:1097F8004ECE52CC03C8170083C707002E84220818
:109808003368F80042088D6713580841138327A06E
:10981800630468102A8A3A89B684B285634C0301C6
:10982800138707A0630AE802938717A0630BF80859
:10983800854711A8138737A0630CE80A138767AA1E
:109848008D47E317E8FEB250225492540259F24968
:10985800624A3E8545618280484432C69770FF1F40
:10986800E780A00E420541819D47E36E25FDB309BF
:10987800990083C72192B24563D43701B547E1B750
:1098880048442686C2094A959770FF1FE780A001C1
:10989800484403C6219293D9090105063306364187
:1098A80081454E959770FF1FE78000079387419287
:1098B8009C4399E3814741BF9C438145E5DF52853D
:1098C80035A0AD47E31109F8E39A16FB8347160064
:1098D800834606005844A207D58F2310F7009387C4
:1098E80041929C43E1DB9C438545E9D78297D9B7F0
:1098F800AD47E31A09F49947E392F6F84844194644
:109908009770FF1FE78020FA938741929C43DDD32D
:109918009C43CDD38D4565B7AD4715F78547E39F84
:10992800F6F40347060093070008E3EEE6F0DC458B
:109938002380E70041B785473E85828023A20192B4
:10994800A381019223810192B707A00093858185A5
:10995800938707059CC1B707E803DCC117D6010048
:10996800130646CA9797FF1F9387C7990947938E8F
:109978003185D0C317D601001306C6C58546238096
:10998800EE00138E018593884185D0C723AED70199
:1099980017D60100130606C5138301921388218583
:1099A8001385118597DE0100938E4EC42300EE00C7
:1099B8002380E8002380E7002388E7002380E7026C
:1099C8002388E70223AEC7032380E7042300E800C7
:1099D8002384D70023950700D0CB238CD700239D61
:1099E800070023A2D7032384D7022395070223A6BF
:1099F8000702D0DB238CD702239D07022310030024
:109A08002300D50017DE0100130E4EBD23A2C705A3
:109A18002388E70423AE17052380E7062388E70693
:109A28002380E70897D80100938888BD17D70100DD
:109A3800130707BB23A2E7082384D70417070000EE
:109A4800130787C42395070423A66704F0CB238C48
:109A5800D704239D070423A217072384D706239539
:109A68000706ECD7F0DB238CD706239D070623AE29
:109A780007072384D7082395070823A6A7089797DD
:109A8800FF1F9387279198C317070000130727D54F
:109A9800D8C323A407008280A54763E8A71017C787
:109AA8000100130727330A053A951C41011122CCFE
:109AB80026CA06CE4AC8BA97B2842E8482879307EC
:109AC800800F63F9B7006145F2406244D2444249CD
:109AD800056182809797FF1F9387C782C8573E8981
:109AE80019C59780FF1FE780209C238101921306E8
:109AF8001400916593850571328532C69780FF1FE2
:109B0800E780608B1797FF1F2324A7824DDD32461D
:109B180081459770FF1FE78020E00325C902228650
:109B2800A6859770FF1FE78000D8238181920145A1
:109B380061BF8947E399F5F8835706002390F192AE
:109B4800FDB7A147E391F5F82146A68513858185E0
:109B58009770FF1FE78020D5D9BF8547E395F5F6B5
:109B68009787FF1F9387077AD04F9785FF1F9385A5
:109B7800E57B03C50400EFF07FAA55BF8547E39452
:109B8800F5F49787FF1F9387E777D05F9785FF1FC7
:109B98009385C57BF9BF8547E397F5F283470600B0
:109BA800A388F18469B7094505B70945828083C749
:109BB800319295E38547A381F192058909CD97866E
:109BC800FF1F9386267D4146A5451785FF1F130570
:109BD80065736F20003D0145828001111388F5FFF0
:109BE80006CE22CC26CA4AC84EC652C41378F80FED
:109BF800AD4563EE050BBA890A0817C701001307BC
:109C0800E71F3A983E8A832708003689B284BA97B4
:109C180082878545EFC02FBB2A8419E1EFF03F9D6D
:109C28002285F2406244D2444249B249224A05613F
:109C380082808945EFC02FB92A847DF12685EFE01F
:109C4800BF9AF9BF9145EFC00FB82A8471F95286BF
:109C5800CE854A85EFC08FACEFF07F99EFF0EFCE5D
:109C6800EF50703475BFA145EFC0EFB52A844DF9A8
:109C78005286CE854A85EFC06FAA2685EFE0DF962B
:109C8800EFE01F8EEF50103061BFB145EFC0AFB3AA
:109C98002A8459F55286CE854A85EFC02FA8268595
:109CA800EFE09F94EFE0DF8BEF50D02D75B70944BC
:109CB80085BFBD47638CF50663E9B702A54763878F
:109CC800F50663EDB7009947638CF5049D47638FEC
:109CD800F5049547638CF50401458280B547638791
:109CE800F50463E1B704AD47F5B7DD47638EF502C8
:109CF80063EAB700C947638BF502D9476386F50263
:109D0800C547C9BFF5476383F50263E4B700ED476C
:109D1800D1B793072005638BF5009307200D5DBF2E
:109D28004845828008418280084582804841828077
:109D38009307F00F630EF506011126CAAA841305CE
:109D4800000222CC4AC84EC652C456C206CE3A8930
:109D5800B689B28A2E8AEFA00FEC2A844D4515C821
:109D6800930700FB2300F400A300540123114401CE
:109D78002302340113058400614663050902CA857C
:109D88009770FF1FE78020B2A2852685EFA00FF805
:109D98000145F2406244D2444249B249224A924AB9
:109DA8000561828081459770FF1FE780E0B6E9BFB3
:109DB80009458280011122CC06CE2A842306B100EF
:109DC800A306C100EF4080410DC10347C500A1476C
:109DD8006311F70278009306E0070146A28517A5EC
:109DE800FF1F0345852DEFF0BFF4F2406244056183
:109DF800828078009306E0070146A28517A5FF1F19
:109E08000345952BCDB7930700643306F6026FA080
:109E1800BFDD05C90347050085469307270093F76B
:109E2800F70F63F0F602411122C42A843A8506C668
:109E3800EFA0BFF6FD572300F400B24022444101D1
:109E480082808280035705009307000B6313F70293
:109E5800834745004947639CE70003471501854749
:109E68006399E7000355250085456F20703E6D47CF
:109E7800C5BF8280011122CC06CE2A842EC632C4E8
:109E880036C2EF40A0350DCD8346C500A147124725
:109E98002246B245639EF600B28617A5FF1F03450A
:109EA800C5212E86A2856244F24005616FF05FE805
:109EB800B28617A5FF1F034535202E86A285E5B774
:109EC800F240624405450561828023A6A192828002
:109ED800011122CC26CA06CE2A84AE84EF40003077
:109EE800A6852285EF20E1091DE52285231691002C
:109EF800EF40C02E0DC10347C500A1476312F7020A
:109F080017A5FF1F0345651B78009306F007014658
:109F1800A285EFF0FFE1F2406244D24405618280FD
:109F280017A5FF1F03455519C5B7011126CA06CE47
:109F3800B68422CCDD4663E2B608D94663FED50A6C
:109F4800A5466381D50A63EEB6049546638CD508A9
:109F580099466387D50A054441687D186316060942
:109F68003AC6EF20C1053306854032474206418292
:109F7800420441803305C4004205BA85418132C696
:109F8800EF20303DAA8749C181C432462390C400DE
:109F9800B30580406244F240D2443E8505616F10AB
:109FA800F162C5466380D504C9460D44E395D5FAE8
:109FB800C167FD17E31EF6FA65B7F5466380D50459
:109FC80063E4B600ED46D5B7930620056388D5024D
:109FD8009306200DE391D5F8C167FD170D44631969
:109FE800F600BDBF09448DBF9306200DE392D5F856
:109FF800310642064182ADBF15445DBF0D444DBFD9
:10A00800C167FD171D447DB7F2406244D244056123
:10A01800828079714ECEAE89C16526D20147AA8465
:10A02800894617C601001306A65EFD15054522D40C
:10A0380006D64AD0EF00F061054431CD2A891307CE
:10A04800300281461146F5452685EFF01FEE2AC6F7
:10A05800554431C18357A900CE8601462314F10027
:10A0680091472315F10085472300F500B2472C00DE
:10A078002685A38007003247FD572301F7003247A2
:10A08800A301F700EF00B0522A8411C5324597703A
:10A09800FF1FE78060412285B25022549254025932
:10A0A800F24945618280411106C6EFF09FC019C58B
:10A0B800B24041011773FF1F6700033FB2404101DF
:10A0C8008280011106CE2AC6EF107156324591459D
:10A0D80023A4019223A6019297A7FF1FA38CA7FC94
:10A0E800EF205022F24005616F204000797193976C
:10A0F80005014AD006D622D426D2C187014963DD9C
:10A10800070A17A5FF1F0345F5FA2E89EFA0AFB779
:10A118002A8445C1034705009307000A6318F70816
:10A1280085474C08A305F100EF10715CAA8405ED82
:10A138008347610171476378F708138717FE137720
:10A14800F70F9306000263F7E608858BC5CB938764
:10A1580081929C43994481CB035524001306B10096
:10A168004C088297AA848347B10099C7084409C557
:10A178009770FF1FE780403395E05247B70700010B
:10A18800938707F07D8FB707120093870710630F37
:10A19800F70003476101ED47631AF70003552400F0
:10A1A8008545EF20F00ACD476388F4002285EFA0AB
:10A1B8006FA1A1673349F900B25022544A859254DD
:10A1C8000259456182803707301405073357F70075
:10A1D800058B25DF1387C192184351D703475101D7
:10A1E80059F32306F10099472308F1000355240089
:10A1F8006C0023170100EF10716EB5B79387C192F9
:10A208009C439DC3035524001306B1004C08829754
:10A2180039D9AA8483475101B9F7834761012308D3
:10A2280091002306F100D9B79944EDB70145828022
:10A2380097A6FF1F83C696E8814763E5D7000147C5
:10A248003A8582802E87910503D6C5FFE30AA6FECC
:10A258008507E5B70DCD834725000547890793F79F
:10A26800F70F6376F702411122C406C62A84835584
:10A278000500034535000147F9465D46EFF05FAB41
:10A28800F9572311F400B2402244410182808280B0
:10A2980017A7FF1F034797E28147FD5663E3E700CF
:10A2A80082802310D5002301050085071105FDB71D
:10A2B800014582809385F1869307000285462380B5
:10A2C800F500FD572387F186A380F1862380F18668
:10A2D8002396D1862398019223AC019223A401945A
:10A2E80023AE01921386418697C701009387C73032
:10A2F8005CC2238901929787FF1F9387670A0947E2
:10A308002300E6002380E7002388E7002380E70294
:10A318002388E70217C701001307072DD8DB0D476D
:10A32800238CE7021387419318432384D700D0C7AF
:10A33800238CD70017C501001305C52C17C60100CB
:10A348001306462A97C601009386862CC8C3239510
:10A358000700D0CB239D0700CCCFD4D3238407029A
:10A368002395070223A60702239D0702D8DF9787B4
:10A37800FF1F9387E706170700001307870C23A022
:10A388000700D8C323A407008280411106C6EFF056
:10A398003FEA11C503452500B240410182800145CD
:10A3A800E5BF411122C426C24AC006C6AA842E8926
:10A3B8003284EFF0FFE711E94165CA857D15EFF0BA
:10A3C8003FE7C54711C52310950023018500814744
:10A3D800B2402244924402493E854101828029E7E5
:10A3E8008948354763931605011106CE22CC26CA43
:10A3F800034716000346060093C7F7FF2207598E46
:10A40800F18F32C68DE7C4452A84A685EFF0FFF7A1
:10A4180032460147630FA60022856244F240A685B2
:10A42800D24405616FF0FFF72D473A858280130704
:10A438000008F2406244D2443A850561828083C8AC
:10A44800050009486395080303A8450083471800D9
:10A4580003480800A207B3E70701C2070D68C187D0
:10A46800130828906395070189476FF05FF7054542
:10A47800828003C711869307F00F630AF70441111E
:10A488004AC02A89294522C426C206C63284AE8417
:10A49800EF907FF81DC59307100B2310F5002302DA
:10A4A8000500231485002244231125012313950058
:10A4B800B24092440249AA8503C5118641016FA0A2
:10A4C800EF84B24022449244024941018280828052
:10A4D80041119387419326C2AE848C4322C406C699
:10A4E8002A84EFF09FEA098909C922852244B240EB
:10A4F800A685924441016FF0DFB1B24022449244F4
:10A50800054541018280411122C426C24AC006C6BF
:10A51800AA84130445001309850B835704009DC3BF
:10A52800084409C59770FF1FE78000F82285314667
:10A5380081459760FF1FE780203E3104231A04FEFF
:10A54800E31D24FDB2402244FD572390F400024944
:10A5580092444101828093870194984317A6FF1F74
:10A568000346D6B581476315F60081463685828055
:10A57800BA861307870B835587F4E389A5FE8507F9
:10A5880093F7F70FCDB7938781949C4399C703D767
:10A598004700E31CA7FE884782800145828041115D
:10A5A80006C6EFF05FFE09C50845B240410182804A
:10A5B8000145E5BF011126CA9384450022CC4EC649
:10A5C80006CE4AC852C456C25AC026878149014499
:10A5D800814681473D450356070055CED9E20354CD
:10A5E800470083572700B286A297C207C18385090F
:10A5F8003107E392A9FE25C82E8991659385457098
:10A6080022859770FF1FE78000DB2A8B29CD814ABE
:10A61800014A8C4485C503D6440033054B01976035
:10A62800FF1FE780402883D7440088443E9A420AA7
:10A63800135A0A019770FF1FE78000E763890A0031
:10A648003146814526859760FF1FE780E02C850A03
:10A65800B104E3E03AFD2326690123148900054586
:10A6680021A0630DD6000145F2406244D24442491C
:10A67800B249224A924A024B05618280035627005A
:10A68800E313F6FE035647003294B2974204C2071A
:10A698004180C183A9BF0545E37835FDA9BF9387EC
:10A6A800C1939C4399E30145828098470357A700CB
:10A6B800E319A7FE138547008280411106C6EFF013
:10A6C8001FFE11C503550500B240410182800145B6
:10A6D800E5BF411106C6EFF09FFC11C503452500F3
:10A6E800B240410182804145E5BF411122C42A841C
:10A6F8002E8506C6EFF0FFFDAA8505462285EF30B8
:10A70800303195476305F500BD476313F5002145D2
:10A71800B240224441018280411122C42A840905A1
:10A7280006C6EFF00FEFFD57A301F400B240224434
:10A7380041018280938741949C4317A7FF1F0347D9
:10A74800F7972A86050781463E8583D707006388E1
:10A75800C700850693076500E3E8E6FE01458280A9
:10A76800411122C4416406C626C29307E4FF630E62
:10A77800F500AA8485E1EFF0FFFB01E91305F4FF7A
:10A78800EFF05FFB19C123109500B24022449244B8
:10A798004101828085476394F504EFF0BFF92A846C
:10A7A8006DD5FD572310F500834724001307F00FDC
:10A7B8006384E7021307E00F638AE7000345340068
:10A7C8000147F9465146A685EFF08FD62285EFF06E
:10A7D800BFF4FD572301F400230204007DB7894725
:10A7E800E395F5FA8545EF30D04245F12685EFF03F
:10A7F8007FF42A8455F951BF5D71A6C24EDE86C624
:10A80800A2C4CAC052DC56DA5AD8AE8483C5250021
:10A81800F947AA896396F504EFF0DFF12A8409ED78
:10A8280001442285B640264496440649F259625AA4
:10A83800D25A425B616182808347250005478907B8
:10A8480093F7F70FE37EF7FC034535000147F94618
:10A858000146CE85EFF0CFCD2285EFF0FFEBC9B7EB
:10A8680083AA0400B7070001938707F0370712008F
:10A87800B3F7FA0013070710328A0149638AE7021F
:10A888002EC6EFF03FEB2A89B2451DC103464500AD
:10A8980005C293178601E187E3C407F84E85EFF0F8
:10A8A8006FD18347490093E707F82302F9008DBF6A
:10A8B80003C7E1869307F00F1944E304F7F6E1476D
:10A8C800E3E1B7F693D71500FD178E0717B7010018
:10A8D8001307C755BA9703A80700E30408F403ABA6
:10A8E8004700E3000BF4C20A93DA0A0163850A0001
:10A8F800C947E398F5F283D64400904483C5140011
:10A9080003C50400380802982A8401FD2C084E85E6
:10A91800029B2A8421C983C71400E39407F083C7E4
:10A928002400230AA10039472308F1006399E702AC
:10A9380062478347170003470700A207D98F0C080F
:10A948004E852319F100EF106179E30B05EC14082B
:10A958000546D9454E85EFF0EFD12A84D9B58357FE
:10A968008101F1BF83C624009147E38BF6EA3808DA
:10A978000146CE8503C5E186EFF08FBB2A84E3123A
:10A9880005EA83C524002808EFF0AFB219C12300F7
:10A998000A009840B7070001938707F07D8FB70733
:10A9A800120093870710E30DF7E6E30B09E683C768
:10A9B80024002302F900B5B5011106CE2EC6EFF02A
:10A9C8007FD701CD83474500B245138717006396AB
:10A9D800E50093F707F82302F500F240056182804D
:10A9E8009387C193984319E3014615A81C4703D8D8
:10A9F800A700636B050183584700B38608016355B8
:10AA0800D5008146639416011843F1BF3E86C107FD
:10AA180003D3A7FF6317A30099C1239005013285CB
:10AA280082808506C206C182F1BF397152D42E8A4E
:10AA38004ED69305E101AA89528522DC4AD856D21E
:10AA480006DE26DA328936C63AC4BE8AEFF05FF9E6
:10AA5800054435C5AA840355E1013944EFF0BFB276
:10AA680039CD03284500630C08042247B246D6872F
:10AA78004A86A6854E8502982A8431E19307E00F1D
:10AA8800638FFA0203C704008947631AF702D840A4
:10AA98008347170003470700A207D98FC2070D672E
:10AAA800C18713072790639CE70083471900034673
:10AAB8000900D285A2075D8E4E85EFF09F9B228507
:10AAC800F2506254D2544259B259225A925A2161D0
:10AAD8008280797122D4035425004ECEAA8922851A
:10AAE80056CA06D626D24AD052CC5AC85EC662C4C6
:10AAF800AE8AEFF05FA601E92285EF10D12E594406
:10AB080029E90144B9A003C789008547AA840144FB
:10AB1800631AF702AA8513858900EFF0BFA929CD2A
:10AB280003D7640083D68400D04483D5440003D57A
:10AB38002900E147EFF07FEFD9472A846318F5022F
:10AB480023A604002685EFF01F9C49C0D947E30AD5
:10AB5800F4FA2285B250225492540259F249624AB8
:10AB6800D24A424BB24B224C4561828061DD83D789
:10AB780044002390FA00F9B713894400014AB94BFD
:10AB8800594C3D4B83550900D5DDE14763067A01F1
:10AB98000357C90011C3D9470357290083564900F1
:10ABA8000326890003D52900EFF03FE82A846319BA
:10ABB800850123240900050A3109E3156AFD59B7FF
:10ABC8007DD9835709002390FA00F5B703D52900EA
:10ABD8002DB701112317C1009307E00F1306E100F9
:10ABE8000147894606CEEFF05FE4F24005618280B6
:10ABF800797122D42A840355850026D2AE84930520
:10AC0800210106D64AD0EFF0BFDD6308050E834761
:10AC180085002AC693F707028DCF03552101EFF06F
:10AC28001F98AA87B24501ED8357840039452390C0
:10AC3800F400B2502254925402594561828003555F
:10AC480024004946829711C5835784002390F40055
:10AC5800CDB7035924004A85EFF0FF8F11ED416508
:10AC68007D15EFF05F8F19E5835784002545239004
:10AC7800F400C1B723102501130745008147BD46DD
:10AC8800035607002DE63147B387E702130984000E
:10AC98003146CA8591073E959760FF1FE780A0C09F
:10ACA8003146CA8548089760FF1FE780C0BF035632
:10ACB800C4000355240041478146DD45EFF0EFA667
:10ACC8002ACE19E58357840045452390F40095B7AB
:10ACD8000C480356C4009760FF1FE780C0BC0355AB
:10ACE80024004C08EF10F10B29D5594599B7850771
:10ACF8003107E397D7F8254581BF0545B1B7797185
:10AD080022D42A840355850026D2AE849305E10116
:10AD18004AD006D63289EFF0BFCC51C583478500AB
:10AD280093F70702A9E7034714019307200519E3DE
:10AD3800834744008356A400504483558400035538
:10AD480024000147EFF07FCEAA8721E98347140149
:10AD580099E703552400EF10E17FD94711E18147B6
:10AD6800B2502254925402593E85456182802AC6C7
:10AD78000355E101EFF0BF82AA8705C9B245035523
:10AD8800240049468297AA8759DD035784002390F7
:10AD9800E4000347140161F7E1B75947E317E5FEFB
:10ADA800230009006DBF8547CDB7B947F9BF397191
:10ADB80022DC4AD84ED652D406DE26DAAA892E8A52
:10ADC80032C63689EFF01F97094415C58347250019
:10ADD8001307E00FAA845D44638FE7001307F00FA1
:10ADE8005944639AE700324605E2D2854E85EF1052
:10ADF80071032A8415CD2285F2506254D2544259E7
:10AE0800B259225A2161828003550A009305E10153
:10AE1800231F0100EFF0DFBC0355E101EFF07F8B4A
:10AE2800AA8505464E85EF30A03E2A845DDDE1B750
:10AE38009307F00FE301F9FC938624007946A68571
:10AE480017F5FFFF13054541EFE0FFFBA381240140
:10AE58005DB739719387C19326DA844352D45AD0A7
:10AE68005ECE62CC06DE22DC4AD84ED656D266CA00
:10AE78002A8BAE8B328C368A99E08149B9A08044FE
:10AE880083DC44000149835AA40063149901844077
:10AE9800E5B78357A400A28963F867010509420949
:10AEA800135909014104D5B7E3EAFBFE630C0A0014
:10AEB800834504004840D28662863AC6EF00317C5A
:10AEC800324769DD19C323105701F25062544E8589
:10AED800D2544259B259225A925A025BF24B624CEE
:10AEE800D24C2161828003D7050083D6250085478F
:10AEF80063E9E60439C7411183C6450026C2938435
:10AF0800550022C426862E8417B501001305856FC7
:10AF1800894506C6EF00B176C14711CD8346440086
:10AF2800835524000355040001472686EFF07FF27D
:10AF3800814711E1A947B240224492443E8541012C
:10AF480082803E8582802E860355060083D52500A3
:10AF5800854763E2A50205C18346460041110147C2
:10AF6800150606C6EFF0FFEE814711E1A947B2408A
:10AF78003E85410182803E8582802E8603550600EB
:10AF880083D52500854763E2A50205C183464600AF
:10AF980041110147150606C6EFF0BFEB814711E1E5
:10AFA800A947B2403E85410182803E858280397141
:10AFB8004ED683D7250083D9050006DE22DC26DAA3
:10AFC8004AD852D456D25AD05ECE62CC66CA6AC823
:10AFD80063E037198547638E0914416BAE8A2A8A64
:10AFE8002314010002C6014401497D1B894B054C0D
:10AFF800C94C054D83D52A000147814601464E8537
:10B0080023130100EFF0FFE4AA846300051209ECA2
:10B0180013072002930661005A8695455285EFE092
:10B02800DFF02A84630805120357810083C70400F0
:10B0380045C70347A100630CA70741476385E7029B
:10B048002C005285EF10E11E09CD34001546D94574
:10B058005285EFE03FE211C532459760FF1FE78058
:10B06800A0448147F9A083D7A400414613052400D2
:10B078002300F40083D7A400A183A300F400CC40EC
:10B088009760FF1FE7802082490483578100850766
:10B09800C207C1832314F10063F9270983D7A400E9
:10B0A800638567098509C20993D90901A1B7E3999D
:10B0B80077F983D7A4000946130524002300F40078
:10B0C80083D7A400A183A300F400CC409750FF1FAE
:10B0D800E780607D110455BF22C60359610003C78C
:10B0E800A4001305240063827703335999032305C9
:10B0F80071012300E40083D7A4004146A183A30083
:10B10800F400CC401379F90FA5BF23058101230072
:10B11800E40083D7A400135929001379F90FA183F8
:10B12800A300F4000946CC4055B78357810089FB3A
:10B13800A947F2506254D2544259B259225A925AEB
:10B14800025BF24B624CD24C424D3E8521618280BB
:10B158008547C5B7C547F1BF03C76195854763F301
:10B16800E706011122CC26CA4AC806CE2A843289AB
:10B17800AE84EFF02FDC01C9034725009307E00FE9
:10B188005D456308F700631C0900A6852285EF105A
:10B198004146F2406244D24442490561828003D567
:10B1A80004009305E10023170100EFF07F830355A6
:10B1B800E100EFF00FD2AA8505462285EF30400561
:10B1C80069D5C1BF5945828013F7050201C7B28509
:10B1D8006FF0AFD1411126C24AC006C622C413F986
:10B1E8008500AA8463170900139785016187635D49
:10B1F800070232853684EFF0CFCDAA850546631362
:10B20800090001462685EF30A00001E90145B2405A
:10B218002244924402494101828083479400E5DB3D
:10B2280083478400E5F7E5B793F72500E5F30D4577
:10B23800F9BF7971AE8622D42A8403D50600930516
:10B24800E10106D636C6EFF0AFF909CD8345850092
:10B25800B2460356E1012285EFF01FF7B25022549F
:10B26800456182800545DDBF13F7050201C7B28538
:10B278006FF0AFC7411122C426C206C693F48500F9
:10B288002A8491E413978501618763500702328508
:10B29800EFF02FC4AA85054691E001462285224495
:10B2A800B240924441016F20B07693F725000145E2
:10B2B80091E30D45B2402244924441018280797164
:10B2C800AE8622D42A8403D506009305E10136C64A
:10B2D80006D6EFF0EFF0B24601CD83458500035660
:10B2E800E1012285EFF05FF8B25022544561828077
:10B2F8000545DDBF797126D2AA840355A500C1672B
:10B3080022D44AD04ECE06D623170100FD17328428
:10B31800B6890149630DF500050583C60400D040D0
:10B3280042051307E1004181EFF0BFB22A8983C6C5
:10B338000400D040894517B501001305A52CEF007E
:10B3480011341DC503D4A4002285EFF00FB709C539
:10B358007D142A9442044180638409002390890063
:10B36800B25022544A8592540259F249456182806A
:10B3780083C60400D040894517B501001305052987
:10B38800EF00F12F61F183C60400D040894517B55D
:10B39800010013052525EF00912E19C9E30609FAC6
:10B3A8008357E100E39287FA0354A9007D145DB73F
:10B3B80003D4A40055B7397122DC26DA4AD84ED610
:10B3C80052D456D25AD062CC06DE5ECEBE8983C72E
:10B3D80085002A8AAE84C18B328C36843A89C28A27
:10B3E800468B9DE783CB04008947638BFB0462850A
:10B3F800EFF06F991DC183280500638008025A8801
:10B40800D6874E87CA862286A6855285829839A015
:10B418003285EFF0CF98AA8711ED3945F250625482
:10B42800D2544259B259225A925A025BF24B624C98
:10B43800216182802946A6855285829745D5F9BF24
:10B44800D8408347170003470700A207D98FC207D0
:10B458000D67C187930607906384D72263CEF606EB
:10B4680093062780638ED70C63C1F6021307078003
:10B47800E3CFE7F62D45E39309FADC4403C607005A
:10B48800CC432310C900228569A213073780E390B3
:10B49800E7F62D45E39409F885472310F900DC44C5
:10B4A800814583C707002300F40003D5A4000505E0
:10B4B80042054181EFF0CFD2835709006317051287
:10B4C80091072310F9001146814513051400975080
:10B4D800FF1FE780604429A2930627906383D7184B
:10B4E80063CED71293063790638CD718130747900B
:10B4F800E39FE7EE2D45E39309F2DC441D47231053
:10B50800E90003C707002300E40003C71700A300EE
:10B51800E40003D727002301E40003D72700218391
:10B52800A301E40003C747002302E40003D7670030
:10B53800A302E40083D76700A1832303F4004DA08E
:10B548002D45E39D09ECDC446C0083C9170003C753
:10B558000700A209B3E9E90011472310E90083C7EE
:10B5680007004E852300F400DC4483C71700A300BE
:10B57800F400EFF0EFC6AA8435C50356C100C165D3
:10B588009306E100FD158329C500EFF0BFD619ED3C
:10B5980083C60400D040894517B501001305050787
:10B5A800EF00F10D01E5FD572317F10003C709006E
:10B5B80089476310F70283A549000946130544002B
:10B5C8009750FF1FE780202E835709008907231013
:10B5D800F9008357E1002301F400A183A301F400DB
:10B5E80001452DBD23173101EDB703470500890734
:10B5F800BA972310F9008357A500A300F4008357D6
:10B60800A500A1832301F400034605004C4113055E
:10B6180034009750FF1FE7800029D9B7C8449750D6
:10B62800FF1FE780803293170501C1832A871D45D4
:10B63800E3E637DF6399F90023100900CC44035689
:10B648000900CE9589B54207B3863A01418363C79D
:10B65800E600B38737412310F900CDB7231059010D
:10B66800F1BF2D45E39C09DACC445285EFE0FFD1C8
:10B67800231079012300A4002181A300A4008DB721
:10B688002D45E39D09D8DC442310790183C70700C1
:10B698002300F400DC4483C71700A300F40089B733
:10B6A8005D71CAC02A89035525004EDE52DC56DA80
:10B6B8005AD85ED662D466D26AD06ECE86C6A2C486
:10B6C800A6C22E8BEF00B10F130CF5FF931D0C01D2
:10B6D800C16BAA8A8149178AFF1F130A2A7893DD4A
:10B6E8000D01938C8193138D0193FD1B8357C90022
:10B6F80063F8F9009787FF1F83D7477663CE8701E2
:10B70800035529009785FF1F93854575EF0011594B
:10B71800AA841DCDD9442DA8832789001397190021
:10B728009305E100BA9703C4170083C707002204F2
:10B738005D8C2285EFF0CFAAAA851DE923108B0026
:10B7480003254A00854409C59760FF1FE780C0D5D7
:10B75800B6402644268506499644F259625AD25A7A
:10B76800425BB25B225C925C025DF24D6161828059
:10B778008348490083A60C000356E10003552900BD
:10B788006E8881476A87EFF01FC3AA8411C523100A
:10B798008B0003254A0045BF83274A0095E30355DC
:10B7A8002900514781465E86BD45EFE00FF897872F
:10B7B800FF1F23A7A76A09E523108B00C54449BFCB
:10B7C8009787FF1F83D7876903D701933E976347FE
:10B7D800570113C7F7FF56972398E19203254A00AC
:10B7E80083A50C0003D601933E959750FF1FE78071
:10B7F800800B83570A0003570D008509C209BA97C1
:10B808001787FF1F231CF76493D90901C5B5397140
:10B8180022DC2A840355250006DE26DA4AD84ED6CD
:10B8280052D45AD05ECE62CC66CAAE8B56D2EF00E6
:10B8380001792A8A8346C4008355A40003558400ED
:10B8480078001306D400930CBAFF651AEFF06FE086
:10B85800420A416B2A898144135A0A01138C819345
:10B868009789FF1F9389895F7D1B6302090463D051
:10B8780094058348440083260C000356C1000355F1
:10B8880024005288814713870193CA85EFF0BFB21D
:10B8980015C5814A0356C1008355A4004A859306FD
:10B8A800E100EFF03FA52A89639D0A065DFDE5E00A
:10B8B8008357840029452390FB0081A00356040187
:10B8C80083D70193E317F6FC83250C00484897506B
:10B8D800FF1FE780C00855DD83A74900A1E3035592
:10B8E8002400454781465A869D45EFE00FE41DE157
:10B8F8008357840045452390FB00F2506254D2548C
:10B908004259B259225A925A025BF24B624CD24CBB
:10B91800216182809787FF1F23A4A754835AA90017
:10B9280095BF83A74900A6972380570193871400E2
:10B938001397070183A74900418393DA8A00BA97CE
:10B94800238057011387240083A649009387340076
:10B95800420791044183C207C204C183C18036975C
:10B9680011CD8356E1002300D70003A74900BA97F9
:10B978000357E10021832380E700C5BDFD5623005E
:10B98800D70003A74900BA972380D7000DB70355FE
:10B99800240089809785FF1F9385454C9787FF1F53
:10B9A800239E974AEF00911529D95945B9B74111F6
:10B9B80022C406C693F705012A84328585C3EFE0C1
:10B9C8005FD1AA8505462285EF2090049547630537
:10B9D800F500BD47631DF502214515A893F74500FD
:10B9E80099CBEFE01FCF0546AA8522852244B240B5
:10B9F80041016F20F00193F7050489C7EFE07FCD7F
:10BA08000146DDB713F51500133515000605B240DC
:10BA180022444101828079714AD04ECE52CC06D65A
:10BA280022D426D22A8AAE89014983D74900636481
:10BA3800F9000145A1A083A7090013141900930474
:10BA480014003387970003470700A29703C5070030
:10BA580022079305E100598DEFE09FF805E983A7D8
:10BA6800090005453E94034704002380E70083A7A7
:10BA78000900BE9403C70400A380E700B250225413
:10BA880092540259F249624A456182808345850091
:10BA98000356E1005285EFF09FF105C183A7090025
:10BAA8003E94034704002380E70083A70900BE945F
:10BAB80003C70400A380E700D1B705094209135959
:10BAC8000901A5B7011122CC2A8403D505009305E5
:10BAD800E10006CEEFE0DFF001CD83458500035697
:10BAE800E1002285EFF0BFECF240624405618280FC
:10BAF8000545DDBF397126DAAA840355250006DE1F
:10BB080022DC4ED652D456D25AD05ECE62CC66CA09
:10BB18006AC82E8A4AD8EF00814AAA8A83C6C40016
:10BB280083D5A40003D58400138CAAFF780013865C
:10BB3800D400EFF00FB2420CC16CAA890144135C27
:10BB48000C01138B0193938B8193FD1CED1A178DB8
:10BB5800FF1F130DAD30638D09180356C10083C54F
:10BB6800890003D52400EFF09FE42A89631D051698
:10BB780083C8440083A60B000356C10003D52400E4
:10BB88006288814713870193CE85EFF0DF822A8987
:10BB9800631B051439C003D7019311079787FF1F4B
:10BBA80083D7E72B6395E700A29763C05709978768
:10BBB800FF1F83D7C72A3354F40203D5240097857F
:10BBC800FF1F9385A5299787FF1F23998728EF00D3
:10BBD80071102A890DC559491DA003D5240049476C
:10BBE80081466686C545EFE04FB49787FF1F23A9B6
:10BBF800A7260DE583D7A90045492310FA00F2507E
:10BC080062544A85D2544259B259225A925A025B16
:10BC1800F24B624CD24C424D2161828083570B001B
:10BC280091071787FF1F231CF72283274D0003D78F
:10BC3800A9009306E100A2972380E7009307140068
:10BC48001397070183274D0041834E85BA9703D781
:10BC5800A90021832380E7000356C10083D5A400EF
:10BC6800EFF04FE983264D00130724000356E10047
:10BC78004207418336972300C70003274D009307E7
:10BC88003400C207C183BA970357E100AA89110497
:10BC980021832380E70003254D004204418003D619
:10BCA800019383A50B002295639509029750FF1F06
:10BCB800E78060BF83570B003E9442044180E3183D
:10BCC80004EE83D784002310FA00E31A09F2294905
:10BCD8003DB79750FF1FE78000BD83570B003E9488
:10BCE800420441808DBD83D7A9002310FA00C1BF4B
:10BCF8000149F1B75D71A6C2CAC0AA84035985007B
:10BD080003552500A2C44EDE56DA5AD85ED662D450
:10BD180066D26AD086C652DC6ECE2E8BEF00212A00
:10BD2800930BD5FF7115931905010144138DD400A8
:10BD380093D90901138C0193938C8193978AFF1FE0
:10BD4800938ACA116358741583C6C40083D5A400A6
:10BD58001307E1006A864A85EFF0AF8FAA8D630B5F
:10BD680005120359A500834585000356E10003D554
:10BD78002400EFF0DFC36314051283C8440083A6D0
:10BD88000C000356E10003D524004E888147138731
:10BD98000193EE85EFF02FE2631305101DCC83D7D6
:10BDA80001931787FF1F0357870B8907630EF70651
:10BDB8009787FF1F83D7A70A3354F40203D52400BB
:10BDC8009785FF1F938585099787FF1F2398870805
:10BDD800EF00815C05C5594515A003D524004166CF
:10BDE8004D4781467D16A545EFE02F949787FF1FA5
:10BDF80023A8A7061DE123102B014545B64026447C
:10BE080096440649F259625AD25A425BB25B225CA6
:10BE1800925C025DF24D6161828083570C00890754
:10BE28001787FF1F231DF70283D70193A29763D3B8
:10BE3800770783A74A0003D7AD00130A2400A29707
:10BE48002380E70005049317040103A44A00C18373
:10BE5800420A3E9483D7AD0083A50C00135A0A0109
:10BE6800A1832300F40003A54A0003D60193529549
:10BE78009750FF1FE78020A303540C00C167FD17EC
:10BE8800529442044180E30FF9EA05094209135923
:10BE980009014DBD294509FC23102B0185B76DDC2F
:10BEA80001BF8357050081E789473E85828041119C
:10BEB80026C2444122C406C683C60400D0402A8450
:10BEC800894517A501001305E573EFF0507B19C9E3
:10BED800834724002547E51793F7F70F6376F702A2
:10BEE800E14729A883C60400D040894517A5010069
:10BEF8001305C571EFF0B07861FD8947B24022445F
:10BF080092443E854101828083D6C1868547FDD60D
:10BF1800035704003697C166E3C2E6FE9165938530
:10BF2800257031459750FF1FE780E048AA84CD4728
:10BF380071D5314681459750FF1FE780E09D8357B3
:10BF4800040083D5C18601460147B386E500C206D1
:10BF5800C1826369F702AE97C207C18319C22396EB
:10BF6800F18623A004002146A2851385440097503A
:10BF7800FF1FE78040939387C1939C4391EF23AEC3
:10BF8800919231A850401315470005072A962315AA
:10BF9800D60005465DBFBA87984375FF84C38147BD
:10BFA800B1BF011106CE22CC26CA4AC809E9894484
:10BFB800F240624426854249D244056182802AC6FD
:10BFC8002A84280036892314B1002305C100EFF024
:10BFD8005FEDAA8471FDE30D09FC8357A400E1DB42
:10BFE80091659385557031459750FF1FE780A03CB8
:10BFF8000DC58357A40023200500232425012312FF
:10C00800F500938781949C4389E723A4A1944DB7B5
:10C01800BA87984375FF88C361BFCD4451BF83C7B2
:10C02800219395E385472389F192058909CD976680
:10C03800FF1F9386E63A414691451765FF1F130592
:10C0480025366FF01FF601458280A380A186828085
:10C05800C167FD176315F5002E856FE06FA34111C9
:10C0680006C6EFE0EF9C11C5FD572310F50023012C
:10C078000500B2404101828001114AC806CE22CC97
:10C0880026CA85472A896393F5044A85EFE0AFCC31
:10C0980039E9C1649385F4FF1307E100894617A6BF
:10C0A8000100130666540545EFE0BFDA2A84FD1443
:10C0B8000DC44C444A85EFF0BFF90356E1002285D0
:10C0C8008146A685EFF00FA32A84DDB789476396DA
:10C0D800F5008545EF20E0334DD9F2406244D24463
:10C0E800424905618280EFE00FC265B7411106C67B
:10C0F80023A0019423A2019423AA01921785FF1F6C
:10C108000345D5FB41CD9307200C3305F502916516
:10C11800938515701905420541819750FF1FE780E7
:10C12800802923A0A1949307200C1786FF1F03469C
:10C13800F6F83306F602814519069740FF1FE78097
:10C14800A07D938701949C431787FF1F034717F728
:10C1580081459386870B7D5563E8E5069306800B3A
:10C16800B306D7020146FD550507B69723A2F194F9
:10C17800BE862390B600A381B6002381B600238231
:10C18800060005069906E366E6FEF9562390D700F1
:10C1980099463307D702BA9723AAF19217E5FFFF0A
:10C1A8001305C565EFD07FD217F5FFFF130505818D
:10C1B800EFF0905317E5FFFF1305C55AEF20A01CB9
:10C1C800B2400145410182802394A6F41386C6F447
:10C1D80023100600232406003106E31BD6FE85053E
:10C1E8009386860B95BF411122C42A8406C6EFD0D8
:10C1F800EFF4EFE02F8C2380818693874193884367
:10C20800EFE00F89238781862244B240170500009A
:10C218001305C5E641016F20001793970501C187F3
:10C2280063D00736797103C5018622D452CC06D66D
:10C2380026D24AD04ECE2E8AEF80EFA42A8421C976
:10C24800034705009307000B6310F7048547A30411
:10C25800F100938781939C4323150100A1E7EF0028
:10C26800C07E9165938535709750FF1FE780A014B5
:10C2780023ACA19205E98347910099C783454400FF
:10C2880013058400EFD03FE22285EF80AF93B250D0
:10C29800225421653345AA0092540259F249624A50
:10C2A80045618280614681451785FF1F130505BBDF
:10C2B8009740FF1FE78040660349440089479789F4
:10C2C800FF1F9389A9B9631DF906EF0000789787C6
:10C2D800FF1F2395A7B803552400CE85EFF0D07033
:10C2E800035724009787FF1F83D747B783568400D7
:10C2F80011ED63E4F6002314F400835584003A85B5
:10C30800EFD01FBD2285EFD0FFB3B5B763E4F600C9
:10C318002314F40083578400D9450D469786FF1FE0
:10C32800239EF6B29786FF1F938646B33A85EFD0D1
:10C338007FB48D4561D91785FF1F130525B2E1A08C
:10C348009947631CF9029305A1002285EFF02FCCD1
:10C35800AA844DD9D947639BF40E050903552400D7
:10C368001379F90FD9459786FF1F938626AF4A861A
:10C37800EFD05FB0CA8559D57DBFA1476318F900D2
:10C388009305A1002285EFF0FF96D9B7A947631F4F
:10C39800F906035584006C00EFE08FE4AA84630774
:10C3A80005160355240041669306E10055477D169E
:10C3B800AD45EFD09FB79787FF1F23A3A7AAAA86EB
:10C3C80049C1834844000358E1000356C10003559E
:10C3D8002400A68581474E87EFE0FFFDAA846316F7
:10C3E800051003552400CE85EF00E100E30C05F0AD
:10C3F80003552400CE862D46D945EFD0BFA7E303C9
:10C4080005F0AD454E85EFD01FCAEDBDB1476315A8
:10C41800F910035584006C00EFE08FDCAA846307F1
:10C42800050E0355240041669306E10059477D1621
:10C43800B545EFD09FAF9787FF1F23A3A7A2AA8672
:10C448003DE183578400C5442315F10003471400D8
:10C45800D147E309F7EA8347440003552400978549
:10C46800FF1F9385A59F1787FF1F2309F79E8357F3
:10C47800A1001787FF1F2314F79E9787FF1F2381AB
:10C48800979EEFF0B045E30F05E603552400978625
:10C49800FF1F9386A69C0546D945EFD0BF9DE303B1
:10C4A80005E6854549BD834844000358E1008357A4
:10C4B800A4000356C10003552400A6854E87EFE06B
:10C4C8009FEFAA841DE103552400CE85EFF0707814
:10C4D800E30A05E203552400D945CE863546EFD058
:10C4E8007F99B545E30005E2B9B5D9476393F400F0
:10C4F800814403A549009750FF1FE780E0FAE383D2
:10C5080004E0835784002315F10089B7835784001A
:10C5180085442315F1001DBFB9476318F900930539
:10C52800A1002285EFF0CF9725B5C1476318F90020
:10C538009305A1002285EFF0EFDB19BDC947631A07
:10C54800F900130691009305A1002285EFE02FFB67
:10C5580001B5D947631DF9009305A1002285EFE0D5
:10C568002FE9AA84E31805DEA304010061BBE147B3
:10C57800E31AF9D89305A1002285EFE08FD5C9BB4E
:10C5880001458280E9CE011152C42E8A854522CC0C
:10C598004EC656C206CE26CA4AC8AA8AB689328468
:10C5A800EF103067D14715C183C7419583C65195B0
:10C5B800814419E0B684BE861387C19418439397C3
:10C5C8004400BA9763EDD400D547F2406244D244A0
:10C5D8004249B249224A924A3E85056182803E8993
:10C5E800C10703D727FF09C7850493F4F40FD9BF00
:10C5F8002DC09565938525C0130500029750FF1F30
:10C60800E78060DB2326A90061D11306000281457B
:10C61800938404049740FF1FE7800030231199009A
:10C62800230009002313590105C81787FF1F1307A3
:10C63800A79E8347940010432304F900118C832795
:10C64800C90011841180238E870023A02901814706
:10C65800ADBF23260900E9B723044901FDB7854783
:10C668003E8582809387C194984383C541958147CD
:10C678006395F50081463685828003562700BA8681
:10C6880019C2E30AA6FE850793F7F70F4107CDB74E
:10C698009387C194984303C6419581476315F60073
:10C6A80081463685828083552700BA8689C58345A9
:10C6B8004700E388A5FE850793F7F70F4107F9BF01
:10C6C8009787FF1F93874795984383C5719581473F
:10C6D8006395F50081463685828003560700BA8641
:10C6E80019C2E30AA6FE850793F7F70F4107CDB7EE
:10C6F8009387C1949C4303C8519501476315E8008B
:10C7080081463685828003D62700BE8619CA03D69D
:10C7180067006318A600D04709C603562600E3023F
:10C72800B6FE05071377F70FC107C9BF411122C429
:10C73800404526C206C6AA8415C0484409C5975074
:10C74800FF1FE78060D6484809C59750FF1FE7805C
:10C75800A0D522859750FF1FE78000D52685414642
:10C7680081459740FF1FE780201BB2402244FD57B8
:10C77800A384F400924441018280011122CC2A84CE
:10C788000355250006CE2EC6EF10701132462285BD
:10C798008145EF00906C22856244F24005616FF09C
:10C7A800FFF80DC503572500411122C406C62A8487
:10C7B80011CBDD45EF00506E22852244B240410185
:10C7C8006FF0DFF6B240224441018280828041113D
:10C7D80026C231479304C5FF3387E4029787FF1FBA
:10C7E8009387878406C622C43E978356A70063971B
:10C7F800B602484305C53E849307F00F6306F6006A
:10C8080083470500639CC7009750FF1FE780C0C996
:10C81800B147B387F402A29723A20700B24022448B
:10C82800924441018280411122C42E8426C2494685
:10C83800AA848145228506C69740FF1FE780C00D60
:10C84800ADC083C7C401139747009777FF1F93872D
:10C85800A77C9C43BA9703D707002310E40003D7AB
:10C86800270083D767002311E40013872195035716
:10C8780007002312E40003D704002313E40003D7BE
:10C8880024002314E40003D744002315E40003D74D
:10C8980064002316E40003D784002318F400231748
:10C8A800E400B24022449244410182809777FF1FFE
:10C8B8009387877603A807009387C194904383C51D
:10C8C8004195014781476394E5003E858280834610
:10C8D800060081CE544691CA83C6C6019206C29606
:10C8E8006315D500850793F7F70F05071377F70F3B
:10C8F8004106D1BF130600643386C502930695002E
:10C90800AA8517050000130505EA6F80EFAD4111F0
:10C9180022C406C62A8403459500EF800FC8FD5738
:10C92800A304F400B240224441018280011122CCC8
:10C938004AC84EC652C456C206CE26CA2A89AE89ED
:10C948000144138AC1949D4A83C751956362F404D4
:10C95800639709029389C194130AF00F83C741951D
:10C968006366F4061144A1442285050442041306B3
:10C97800F00FCA854180EFF09FE5E31794FEF2407F
:10C988006244D2444249B249224A924A05618280AD
:10C9980083270A0093144400BE9483C704009DC3F0
:10C9A80083D76400639027036396590103D5240055
:10C9B800EF10E06E26854E868145EF00104A2685E9
:10C9C800EFF0DFD605041374F40FBDBF83A7090089
:10C9D80093144400BE9483C704009DC383C7940086
:10C9E8006380470383D76400639C27012685EFF0A3
:10C9F8001FF22685D145EF00304A2685EFF01FD378
:10CA080005041374F40F99BF41677917630BE502A6
:10CA1800411122C406C685472A846399F5002285F8
:10CA28002244B240814541016FF05FF08947639627
:10CA3800F5008545EF10F01D7DD1B240224441013B
:10CA4800828082809D456FF07FEE03D5219582809C
:10CA5800011106CE2317A1002316B10003C70195C3
:10CA680085476318F70070009305E1000545EF500E
:10CA78007027F24005618280A947631CF60483C7CA
:10CA8800150003C70500A207D98F2310F50083C737
:10CA9800350003C72500A207D98F2311F50083C7E6
:10CAA800550003C74500A207D98F2312F50083C795
:10CAB800750003C76500A207D98F2313F50083C744
:10CAC800950003C78500A207D98F2314F5000145F7
:10CAD80082800545828091476314F60283C715005A
:10CAE80003C70500A207D98F2310F50083C73500B7
:10CAF80003C72500A207D98F2311F50001458280BD
:10CB0800054582809387C5FF93960701C1820D472B
:10CB18006360D70231473387E7029777FF1F938710
:10CB2800A750BA972381A7002390B70001458280B8
:10CB38000945828013074020AA876374A7009307DA
:10CB48004020F1172399F194238BB194238CB1944D
:10CB580082801905956542054111938535C041814B
:10CB680006C69750FF1FE780008511C5B240E955FA
:10CB780041016FF0A025B24041018280238A0194CF
:10CB8800238B0194A38B0194A38A01942388019495
:10CB9800854701111777FF1F2306F74806CE2AC6D7
:10CBA80022CCA38C01942399019423A60194EF101D
:10CBB800005832451306000381459777FF1F238FDE
:10CBC800A7441775FF1F130525469740FF1FE780E9
:10CBD800A0D41775FF1F0345254831C19565938576
:10CBE80045C012059740FF1FE780E07C1777FF1FBD
:10CBF8002324A7420DC59777FF1F9387E74583C76F
:10CC080017001776FF1F034626458145A38AF1942E
:10CC1800A38BC19412069740FF1FE780E0CF93874C
:10CC2800519583C707001775FF1F0345254995656B
:10CC38003E951375F50F238AA194938555C0120567
:10CC48009740FF1FE780207723A6A19451C103C610
:10CC58004195120681459740FF1FE780E0CB9387F7
:10CC6800C194984383C64195814725077D56639AA9
:10CC7800F604EF10A070B1473305F502956593856A
:10CC880065C0420541819740FF1FE780C0729777D2
:10CC9800FF1F23A7A7382A8401CDEF10206E314645
:10CCA8003306C502814522859740FF1FE780C0C62D
:10CCB8006244F24017050000130545D505616F1061
:10CCC800806C85072300C70093F7F70F410745B726
:10CCD800238A0194A38A019469BF4111939705019E
:10CCE80026C206C622C4C187AE8463DE070817754C
:10CCF800FF1F0345A532EF700FF92A8439C903478E
:10CD08000500930700096313F70403471500CD478F
:10CD18006319F706034525009775FF1F83C5351E60
:10CD280083C7619593066400014601472E886319FD
:10CD3800E50219C2238BF19483C7619581CB8545A0
:10CD48001775FF1F0345852DEF70DFB32285EF7040
:10CD58006FE72165258DB2402244924441018280CB
:10CD680003C60600B29713F6F70F9377F80F6374AC
:10CD7800B6009377F60F05071377F70F8906054670
:10CD88007DB72125E1B793F715000145E9D7EF00F5
:10CD9800506D19C983C7619581CB85451775FF1FEC
:10CDA8000345C527EF701FAE13C514006DB7854640
:10CDB8002A8763FBC60483C7150003C60500A207BC
:10CDC800D18F2310F500639CD70083C7350083C635
:10CDD8002500A207D58F2311F500014582808946D9
:10CDE80001456394D70283C7350083C62500A2078F
:10CDF800D58F2311F70083C7550083C64500A207C6
:10CE0800D58F2312F70082800545828091476314ED
:10CE1800F60283C7150003C70500A207D98F2310A0
:10CE2800F50083C7350003C72500A207D98F231152
:10CE3800F500014582800545828091476314F6021A
:10CE480083C7150003C70500A207D98F2310F50073
:10CE580083C7350003C72500A207D98F2311F50022
:10CE68000145828005458280A1476314F60483C783
:10CE7800150003C70500A207D98F2310F50083C743
:10CE8800350003C72500A207D98F2311F50083C7F2
:10CE9800550003C74500A207D98F2312F50083C7A1
:10CEA800750003C76500A207D98F2313F500014554
:10CEB8008280054582808947631CF60083C7150078
:10CEC80003C70500A207D98F2310F500014582800A
:10CED800054582808357260079714ECE06D622D426
:10CEE80026D24AD01307F007AE896372F7020947C2
:10CEF8003AC42316F100300093F5F50FEF1000192E
:10CF0800B250225492540259F24945618280035723
:10CF18004600D9462A89328463F8E60083576600BA
:10CF280063F4F6006379F70023140100300093F5E9
:10CF3800F90F4A85E1B70355060002C4EFF04FF830
:10CF4800AA8459C1EFF09F9683C784006369F500EE
:10CF58001146A246CE854A85EF10A00855B7340081
:10CF680026869305F00F4A85EFF0CFE175F1A247C9
:10CF780003578400DC472390E700035724002391DC
:10CF8800E700035744002392E70003576400239304
:10CF9800E70003D744002394E700DC4485CB93F4EF
:10CFA800F90F2286A6854A858297C167FD172A86CA
:10CFB800E311F5FA22459947F9452300F5002302C4
:10CFC8009500EFF03F932DBF094661B7014651B771
:10CFD800A947631CF60483C7150003C70500A20709
:10CFE800D98F2310F50083C7350003C72500A20792
:10CFF800D98F2311F50083C7550003C74500A20741
:10D00800D98F2312F50083C7750003C76500A207EF
:10D01800D98F2313F50083C7950003C78500A2079E
:10D02800D98F2314F500014582800545828083C786
:10D0380005002300F50083C71500A300F50083C78A
:10D04800350003C72500A207D98F2311F500828078
:10D058002322050003C7450089476304F7000545F7
:10D06800828083D665000D47E37BD7FE9C4501117E
:10D0780006CE22CC26CA4AC84EC683C4170003C6A9
:10D088000700A204D18C138644006311D60403C49C
:10D09800370083C72700AE8922045D8C9307C4FF3D
:10D0A800C207C1832A89636FF70003A5890023118A
:10D0B800990023108900F155EFE050512322A9006F
:10D0C800014531A02285EFF0EFD965F10545F24021
:10D0D8006244D2444249B24905618280397122DCF6
:10D0E8002E84834704004AD806DE26DA4ED619472E
:10D0F8002A89B285639AE706034624002800EFF0E0
:10D10800FFD0AA8415E903558100EFF0AFD5AA89AD
:10D118008345140015C92E8617170000130727EA40
:10D1280034009D454A85EF00903F4E85094681456C
:10D138002D234E85EFF08FDFF25062542685425939
:10D14800D254B2592161828089472310F100835754
:10D1580081000A862311F1008357A1002312F100F0
:10D168004A85EF00B072C9BF4947639DE70203567D
:10D1780024002800EFF05FCFAA845DFD9777FF1F9A
:10D1880083D747EB99E3814445BF0347140083469F
:10D1980004003C000146CA851775FF1F0345A5E931
:10D1A800812659BF51476390E7020356240028009F
:10D1B800EFF09F8CAA8449F18345140030004A851A
:10D1C800EFF05FD195BF59476391E70603562400F6
:10D1D8002800EFF05F90AA8425F1835581004A85E5
:10D1E800EFF00FD10DC958458356A10083570700AA
:10D1F800B697C207C1832310F700D1D75C47C1D7C0
:10D2080083C76195C9D385451775FF1F034505E198
:10D21800EF704FE715B789473EC0835781000A86EC
:10D22800834514002312F10025BF834514000A86A4
:10D2380023100100EF009065B9B75D71A6C256DAF8
:10D2480086C6A2C4CAC04EDE52DCAA8A03C515002F
:10D25800AE8432C6EFF0CFC3B24501ED8144B6408B
:10D268002644268506499644F259625AD25A616183
:10D278008280230205002311050083C90400854725
:10D288002A84639AF90003C624002808EFF03FB205
:10D29800AA8405492DA09D476394F9040347050016
:10D2A8008D47E31DF7FA03C6240028080549EFF067
:10D2B800DFB8AA8409E5054681452285792E2285AD
:10D2C800EFF0EFE4034584003C080147CE8626864C
:10D2D800D6853924E30509F82285EFF02FC541B733
:10D2E800CD47639DF900034705009147E318F7F61A
:10D2F80003C624002808EFF01FBC59BFD547E39F99
:10D30800F9F4034A05008947E31AFAF403C624002E
:10D3180028080549EFF0DFCBAA8455F183570102AD
:10D32800BDE3035781011306F0035C44930607FC31
:10D33800C206C182636CD6000356A101D94663F7C1
:10D34800C6008356C101D94563EFD50003552400B3
:10D358002391E7000549EF00905403560102D28556
:10D368002285712CA9BF8355E1012391E7002392FF
:10D37800C7002390B7002393D70085472300F40004
:10D38800014A0149D9BF014AC9BF7971AA8522D486
:10D3980026D203542500AA84280806D6EFF05FCBCE
:10D3A800F24599E535E985452285EFF06FEAC1A098
:10D3B800835781011547639BE7060357A1018D47F2
:10D3C80063FCE7046800EFF09FC60357E100DD4700
:10D3D80063FCE7008345D100B707170085071008ED
:10D3E80022853EC8EF00904A8357E1000357A10108
:10D3F80091076305F7002285EFF0CFE48347C1006A
:10D4080072466C00858B1106228591CFEFF0FFE202
:10D4180001C52285EFF00FE3884451D59740FF1FDF
:10D42800E780800849B7EFF07FCBDDB71147638904
:10D43800E7001387A7FF42074183854663EEE602AC
:10D448003147F117B387E7021777FF1F1307C7BDE7
:10D45800BA9703D7070069D303C527003008A28508
:10D468000D205DF9035781019147E31EF7F2B25091
:10D4780022549254456182802C082285892E49FDC8
:10D48800FDB701114AC82A89314526CA06CE22CCE1
:10D498002EC6B284EF603FF831C1B2459307000A47
:10D4A8002310F5002311B5002A84214611058DC0EB
:10D4B800A6859730FF1FE780003FA2854A85EF7059
:10D4C800EF840145F2406244D244424905618280BA
:10D4D80081459730FF1FE7802044C5B70545DDB774
:10D4E800797126D2AA841305000206D622D42ECE3C
:10D4F80032CC36CA3AC83EC6EF60FFF131C962463F
:10D50800F2454247D246B2472A84130520FA23003F
:10D51800A400A300C4002311B4002302E400A30262
:10D52800D40013058400614691CFBE859730FF1F54
:10D53800E7806037A2852254B2502685925445610F
:10D548006F60DFFC81459730FF1FE780E03CDDB767
:10D55800B25022549254456182805845797122D440
:10D5680006D62A84AE8651C383572700231DF100AF
:10D5780093072006639FF5049387219503D6070038
:10D58800835767006373F600B28713F6F70F835566
:10D598002701834707018D8F93F7F70F81E58907E7
:10D5A80093F7F70FB297FD17B3C7C702231EF10011
:10D5B800835724008355640003458400231CF1002D
:10D5C80001473C080146EFF0BFF1B25022544561D3
:10D5D80082800347C7019777FF1F9387E7A39C4380
:10D5E8001207BA9783D76700D1B72EC61946814567
:10D5F80028089730FF1FE7802032B24655BF79715F
:10D6080022D406D626D22A848DC1814701479306A3
:10D6180000062E868355640003458400EFF05FEC16
:10D62800B2502254925445618280B28428005946EF
:10D638009730FF1FE780402E2314910089E8835715
:10D64800240048446C002315F100EFF0CF9D3C0006
:10D65800014793060006014675BF797106D68147D2
:10D6680099ED8357250058452316C1002314F1006E
:10D678003C0011C7835727002315F1003C002E8674
:10D688008355650003458500014793060006EFF0C2
:10D698003FE5B25045618280411122C406C68347E6
:10D6A800050011472A846395E7022E868355650095
:10D6B8000345850081470147CD46EFF07FE24946A3
:10D6C800835564002244B240154541016FF02F9004
:10D6D80013F7B70F89466317D7000146EFF03FF2FB
:10D6E8005146F9BF0D476398E7002244B24001460E
:10D6F80041016FF09FF6B24022444101828083D7F6
:10D7080005003147F1173387E7029777FF1F9387A3
:10D71800A791BA97D84319EBD8412395A70001459B
:10D72800D8C303D725002394E70082805945828017
:10D73800797122D4404526D24AD006D6AA842E89A9
:10D7480025C0484419C59740FF1FE780E0D5232628
:10D7580004008357040083D5640003C5840023159F
:10D76800F100835724000147930640062316F10071
:10D77800835784004A862317F1001C483EC883D784
:10D7880024002314F1003C00EFF09FD5A30E2401E0
:10D7980023280400B25022549254025945618280D1
:10D7A8002800314681459730FF1FE780E01683D770
:10D7B800240083D5640003C584002314F1000147C5
:10D7C8003C00930640064A86EFF09FD1E1B7797195
:10D7D80052CC2A8A03D5050026D206D622D44AD0AE
:10D7E8004ECE56CAAE84EFE0FFE719E1854749A05F
:10D7F8004045AA8965DC83576500E39947FF83574D
:10D808008400638907128346C401977AFF1F938AAD
:10D81800AA8003A70A009206FD173697C207035786
:10D828006700C1832314F4006316F70093053006DC
:10D83800EFF0BFD25C48A5EFC84003491500834705
:10D84800050022093369F90083D72400130729004A
:10D85800631AF702F955EFE06057C8C02391240115
:10D8680003C589002686D285EFF0BFC1814721E133
:10D87800B250225492540259F249624AD24A3E8521
:10D88800456182809565938515C04A859740FF1F3D
:10D89800E78060B248C8C840231C2401F955EFE06E
:10D8A800E05283D72400C8C0F9172391F4004848F0
:10D8B80059C503D624008356A4018357840133082D
:10D8C800D60063C007090347C40183A70A0095452A
:10D8D8001207BA9783D7270063CF0705CC40369540
:10D8E8009730FF1FE78020FC0357A40183D724004B
:10D8F800BA97C20703578401C183231DF400E39735
:10D90800E7EE03D7290003C5890030002314E1009E
:10D918005848D2852315F1003AC6EFF09FB611C5D5
:10D9280048489740FF1FE78020B8232A0400232C8B
:10D9380004006DBD99454E85EFE03FE445BDA54522
:10D94800DDBF9145CDBF03D7250069CF83D621958B
:10D95800ED4763EAE60C011122CC2E8426CAAA847C
:10D968004840914506CEEFE0604683572400AA86DA
:10D978002300F50083572400A183A300F5008357F3
:10D9880004002301F50083570400A183A301F500D7
:10D9980003562400C167F9171106420641826396AF
:10D9A800F4042AC4314532C6EF60FFA6AA85CD47E4
:10D9B8001DC5930700F93246A2462300F500F95722
:10D9C8002311F50089472302F5002313C50014C568
:10D9D8001765FF1F03458564EF605FB38147F24019
:10D9E8006244D2443E850561828081452685EF40A8
:10D9F800503BAA8701E903C7619575D37D17238B2F
:10DA0800E194F1BF09476302E5021D476301E5029E
:10DA180049476300E5027D47E313E5FC03C76195C9
:10DA28008147E1BFED473E858280D1474DBF914791
:10DA38007DB789476DB7011122CC4AC83144130913
:10DA4800C5FF330489029767FF1F9387E75D06CEFA
:10DA580026CA3E94584031C783C66195BE8485471F
:10DA680095CA2314A100835784000355A4002C00F1
:10DA78003AC62315F100EFF01FED11C54840974055
:10DA8800FF1FE78060A2B147B307F902A69723A258
:10DA980007008547F2406244D24442493E85056109
:10DAA80082808147C5BF797126D244451387219565
:10DAB8004AD083D764000359070052CC06D622D433
:10DAC8004ECE56CA2A8A63F327013E8903D724011A
:10DAD80042091359090183D7040141CB998F4A841C
:10DAE80063D5270113940701418089452285EFF00A
:10DAF8004F86AA89CD4A25C183D724002AC6231573
:10DB080081002314F10083D7240185E383D704011E
:10DB1800930925002300F50083D70401A183A300FE
:10DB2800F5006376240503D4040183D72401CC448B
:10DB380022864E85BE959730FF1FE780C0D60355D5
:10DB48006A002C00EFF03FE0AA8A15C54E85974081
:10DB5800FF1FE7806095B2502254568592540259AF
:10DB6800F249624AD24A4561828089078DBF791499
:10DB7800420441805DBF03D7240183D704003A944F
:10DB8800FD17C207420403D70401C18341802390D3
:10DB9800F400239984006377E400D5FFFD57A38E32
:10DBA800F40055BF81455285EFF09FB86DB701115C
:10DBB8004EC683C9919522CC52C456C25AC006CECD
:10DBC80026CA4AC84E84138AC194854A130BF00F9B
:10DBD80083270A0093144400BE9403C90400631702
:10DBE8005907DC44A5C7D84735C303D7070039C34D
:10DBF80083C7619589CF2685EFF0FFEAAA8515E5E9
:10DC0800050483C75195635FF400A38C8194F240A7
:10DC180062444A85D2444249B249224A924A024B56
:10DC280005618280A38C0194DDB72685EFF05FB093
:10DC38000149F1BF83C7D701639A6701930520069D
:10DC48002685EFF09F91DC44A38E0700050413742A
:10DC5800F40F83C751956363F4000144E31A34F762
:10DC6800C1BF4111154506C6EFF0FFDC09C50545E2
:10DC7800B240410182801945EFF0FFDB6DF9114593
:10DC8800EFF07FDB6DF51D45EFF0FFDA6DF183C72F
:10DC98005195F9DFB24041016FF07FF183D705005C
:10DCA8000D47F117C207C1836361F706DC41B1CFA5
:10DCB800411122C42E84854526C206C6AA84912F06
:10DCC80039C52685AD25C167F917638FF40009EDBD
:10DCD8008357240091CB835604001947639FE602BB
:10DCE80003D7219563FBE70283C76195A285268543
:10DCF80099C72244B240924441016FF0DFC42244E4
:10DD0800B240924441016FF09F9F0945828051457E
:10DD1800B24022449244410182806D45D5BF397199
:10DD280026DA4ED6AA84AE895D4589454AD806DEEC
:10DD380022DC328936C63AC4EFE0BFE125C5224766
:10DD48002A84014511C7B24613054400B6850297D7
:10DD58009357850023003401A30024012301A40064
:10DD6800A301F40011059547231DA100231CF10010
:10DD780022CE83C761952C08268595C3EFF0BFBCDA
:10DD8800AA8411C522859730FF1FE780E071F25001
:10DD9800625426854259D254B25921618280EFF0EB
:10DDA8001F96F9BFCD44E5B7797126D24AD052CC37
:10DDB80056CA06D6BA8A22D44ECE19472E89B284BC
:10DDC800368A6391E508035526000944EFE09F89E8
:10DDD8002AC649C15C458359650083D7270023902B
:10DDE800F400B2471547238057011766FF1F034603
:10DDF80066232391E700130716001377F70F97663A
:10DE0800FF1F2381E6222382C70011E70547976693
:10DE1800FF1F2389E6205147631AE900154723911C
:10DE2800E400DC4703D784002394E7005287A686E2
:10DE3800CA854E85EFF0BFEE2A84324515C4EFE05F
:10DE4800FF8E09A842867400BE85AA89EFE08FF389
:10DE58002A8441D92285B250225492540259F24957
:10DE6800624AD24A45618280F945EFE0BFA8DDB732
:10DE780083D705002300F50083D70500A183A300FD
:10DE8800F50083D725002301F50083D72500A1835A
:10DE9800A301F5001145828083D705002300F50012
:10DEA80083D70500A183A300F50083D725002301AC
:10DEB800F50083D72500A183A301F50083D745008A
:10DEC8002302F50083D74500A183A302F50083D779
:10DED80065002303F50083D76500A183A303F5003C
:10DEE8002145828083D705002300F50083D70500EC
:10DEF800A183A300F5000945828083D7050023008C
:10DF0800F50083D70500A183A300F50083D725007A
:10DF18002301F50083D72500A183A301F50083D74A
:10DF280045002302F50083D74500A183A302F5002D
:10DF380083D765002303F50083D76500A183A30376
:10DF4800F50083D785002304F50083D78500A183D6
:10DF5800A304F5002945828003D705008546AA87D2
:10DF68002300E50003D705002183A300E50003D7BC
:10DF78000500631DD70003D725002301E50003D75B
:10DF880025002183A301E500114582800945631519
:10DF9800A70203D7250019452381E70003D72500E9
:10DFA8002183A381E70003D745002382E70003D735
:10DFB80045002183A382E700828083D705002300E0
:10DFC800F50083D70500A183A300F50083D72500BA
:10DFD8002301F50083D72500A183A301F50011458E
:10DFE8008280797126D24AD04ECEB2842A89AE89EF
:10DFF80029468145480022D406D636849730FF1F2B
:10E00800E78080912316910095EC83572400231212
:10E01800F1009387219583D707002314F1005C440E
:10E0280095C383C6C7011767FF1F1307E7FE184389
:10E03800920683D787003697035727002315F100E8
:10E048002313E1004A8517070000130747EB540024
:10E0580013F6F90FD545EFF09FCC2A8911C19DE041
:10E0680085472300F40023020400014681452285E8
:10E07800EFF0EFD8B25022544A8592540259F2492F
:10E08800456182802285EFE06FEAEDB7B286170717
:10E0980000001307A7EC2E8685456FF05FC80111B5
:10E0A8002317A1004165700001489307F00F0D4741
:10E0B80097060000938606DC99457D1506CEEFF09D
:10E0C800BFCEF24005618280B28701482E86114793
:10E0D80097060000938686DCC9456FF0FFCCB286B0
:10E0E80017070000130747E02E86CD456FF03FC3A2
:10E0F800011122CC26CA4AC84EC606CE2A89AE8944
:10E108001764FF1F1304C4F59764FF1F938444F832
:10E118001C4081C7CE854A8582971104E31A94FE74
:10E12800F2406244D2444249B2490561828097670D
:10E13800FF1F83C7A7DF1765FF1F034535DF176775
:10E14800FF1FA30DF7F6AA9793F7F70F1767FF1F9F
:10E158002306F7F6D9C31305C0033385A702A565BF
:10E168004111850506C69730FF1FE780C0249767D1
:10E17800FF1F23A5A7EE9307C0031766FF1F0346DB
:10E18800E6F33306F60281459720FF1FE780C07843
:10E198009767FF1F938787EC9C439766FF1F83C68B
:10E1A800E6F1014789077D56634FD700B240130651
:10E1B800000381451765FF1F130585EA41011723F1
:10E1C800FF1F670063752390C7002381070023A5FD
:10E1D800070205079387C703C1BF82809767FF1FA0
:10E1E8009387C7E798431766FF1F034626ED8147C5
:10E1F8006315F600814636858280BA861307C70301
:10E20800835567FCE389A5FE850793F7F70FCDB71C
:10E21800011122CC2EC632C406CE2A84EFF01FFC90
:10E228002246B24511E9C167F9176303F400514565
:10E23800F24062440561828054558347450095C287
:10E2480013F7270141456314A700154575F2C18BE3
:10E258003D45F9DF83C7A6010145E3FBB7FC31451E
:10E26800C1BFC18B0145E9F71545D9B7797126D2E8
:10E27800C16422D44AD04ECE52CC56CA06D62A8978
:10E2880001449769FF1F938969DD130AC003FD14D0
:10E29800854A9767FF1F83C767E26364F4000145F7
:10E2A80035A8B307440303A70900BA9703D7270083
:10E2B8006316970005041374F40FE1BF03C55700F4
:10E2C800300093856700EFB050521946CA85280080
:10E2D8009720FF1FE780A068E31E55FDB250225427
:10E2E80092540259F249624AD24A4561828097673C
:10E2F800FF1F9387A7D6C16698439765FF1F83C5FD
:10E30800E5DB8147FD166395F5000146328582807D
:10E31800035827003A866306D80003480700E30736
:10E32800A8FE850793F7F70F1307C703E9BF411145
:10E3380006C6EFF0BFEA11C503554501B2404101D9
:10E3480082800145E5BF9767FF1F938727D19843D0
:10E358009766FF1F83C686D68147110701456393D9
:10E36800F60082800346070001C605051375F50F00
:10E37800850793F7F70F1307C703D5B71765FF1F6F
:10E388000345C5D382801767FF1F130767CD8147F1
:10E39800BA8631460C4391E58A07B69788C301458A
:10E3A800828085071107E397C7FE4D45828041119A
:10E3B80006C622C4EFF09FE21DCD2A84035525002E
:10E3C8008545EFF0FFD2485409C59730FF1FE78015
:10E3D800A00D22851306C00381459720FF1FE78003
:10E3E800A053FD572311F400230204000145B24055
:10E3F8002244410182800945DDBF411106C6EFF084
:10E40800FFDD11C50345C500B240410182800145C9
:10E41800E5BFC167F9176304F502411122C406C6B6
:10E428002E84EFF0BFDBAA87014591C703C54700DB
:10E43800698C33358000B240224441018280054511
:10E448008280011106CE2EC6EFF05FD9854711C92B
:10E4580003574501B24585476305B700231AB50040
:10E468008147F2403E850561828021CD01114AC86D
:10E47800416922CC26CA4EC652C406CE0144AA849B
:10E488009769FF1F938989BD130AC0037D19976790
:10E49800FF1F83C7A7C2634AF400F2406244D24414
:10E4A8004249B249224A056182803305440383A761
:10E4B80009003E958357250063832701829405044C
:10E4C800F9B782809767FF1F938747B99C43C16656
:10E4D8001766FF1F034686BE890701450147FD16DB
:10E4E80091456313E600828003D807006309D800CA
:10E4F80003C8A7006315B80005051375F50F0507D0
:10E508001377F70F9387C703E9BF9767FF1F9387B1
:10E51800E7B494431766FF1F034646BA01479106BE
:10E5280081476310E602858393C7F7FFC207C1835B
:10E5380005456364E50285473395A7004205418197
:10E54800828083C5060081C583D5C602CD8F0507A5
:10E558001377F70F9386C603E9B793F61700E1FE22
:10E56800050585831375F50FE9B7797156CAAA8A27
:10E578002E8526D24AD04ECE52CC5AC85EC662C428
:10E5880006D622D4AE84328B368CBA8B3E8AC289A8
:10E598004689EFF0BFC449E141657D15EFF01FC41E
:10E5A8002A84554531CC1946DE8513056400A3023B
:10E5B80084019720FF1FE780002F83570103231151
:10E5C8009400230264012319F400835741032300B4
:10E5D800540123260402231AF400230644012317B6
:10E5E800340123182401EFF05FF22318A402232A30
:10E5F80004022685232C04028145EFF07FAF0145F4
:10E60800B250225492540259F249624AD24A424BB9
:10E61800B24B224C456182804545DDB79767FF1FA5
:10E628009387C7A398439766FF1F83C626A9814788
:10E638006395F60041657D1582803A861307C70306
:10E64800835547FF6395A5000355260082808507FB
:10E6580093F7F70FF1BF9767FF1F938727A094439E
:10E6680041661768FF1F034868A501477D1695484E
:10E6780011436314E8000145828083D7260036855C
:10E688006380C704CC5A8DCD83C7350083C5250068
:10E6980089CD938597FD93F5F50FE37FB3FC9387B9
:10E6A800D7FA93F7D70F89EF82809385F7FD93F513
:10E6B800F50FE3F3B8FC9387D7FA93F7D70FCDDFBD
:10E6C80005071377F70F9386C60365B79767FF1F8C
:10E6D8009387C798416698439765FF1F83C5059E32
:10E6E80081477D1625486394F5000145828083564D
:10E6F80027003A85638CC600545B89CA83C63600F6
:10E708009386E6FD93F6F60FE372D8FE850793F736
:10E71800F70F1307C703C1BF011122CC2A8449454B
:10E7280006CEEF800FA715C12AC62285EFF01FABD2
:10E7380009CD6244324683550503F2401765FF1F31
:10E748000345759705616F608FB3F24062440561B8
:10E75800828039714ED652D4AE892A8A9305300503
:10E76800414526DA4AD856D206DE22DC32C6368938
:10E77800BA8A9730FF1FE78000C4CD4431C92A8484
:10E7880089446382090432468145231AC1004146FF
:10E798009720FF1FE78040185686CE852285972050
:10E7A800FF1FE78040102146630E0902CA8528082A
:10E7B8009720FF1FE780200FA28650082C0852855B
:10E7C800EF309055AA8422859730FF1FE780C0CD8F
:10E7D800F250625426854259D254B259225A925A5A
:10E7E80021618280814528089720FF1FE780C01299
:10E7F800E1B7411122C4405926C206C6AA8429CCD1
:10E80800085409C59730FF1FE78000CA285809C572
:10E818009730FF1FE78040C9685809C59730FF1F28
:10E82800E78080C8285C09C59730FF1FE780C0C70C
:10E83800685C09C59730FF1FE78000C703250408F7
:10E8480009C59730FF1FE78020C622859730FF1F34
:10E85800E78080C523AA0402224483D50403B2407A
:10E8680092441765FF1F0345158541016F60AFCBC3
:10E87800411126C206C622C4AE84EFF03F9621C5D8
:10E888004C592A84A9C183A8C50703A88507FC5940
:10E89800B85983C6650003D6050083C525002685BB
:10E8A800EF804F972285EFF0DFF4EFF03FE201CDE4
:10E8B8002244B24092441755FF1F0345D57F854532
:10E8C80041016F503FFCB240224492444101828092
:10E8D800011122CC06CE2A842EC6EFF03F905C5957
:10E8E80091CF83D70700B245639A8700854763971E
:10E8F800F5006244F24005616FF0BFEFF2406244F8
:10E9080005618280411106C622C426C2EFF0BFD439
:10E9180029C54059AA8431C08347240095CB97570D
:10E92800FF1F938727779C4389C7DC4399C32285B8
:10E938008297034734009307F0026310F7022244DA
:10E9480003D52400B2409244814541016FF05FF243
:10E958009757FF1F9387C773F9B7B2402244924471
:10E9680041018280411126C24AC006C622C4AA8437
:10E978002E89EFF0BF8631C1405961C0835704002A
:10E98800639D970A8347340013071002639DE708C5
:10E9980083472400C1C77C540327040883D7470151
:10E9A80005E713F717000DC3185403574700058BE5
:10E9B80001CF93072002A301F400B24022449244FD
:10E9C800024905454101828013F7270009CB1854F5
:10E9D80003574700098B01C793074002E9BF918B92
:10E9E80089CB1C5483D74700918B81C7930760025A
:10E9F800D9B79757FF1F9387E7699C43DDDFDC434F
:10EA0800CDDF22858297034734009307F0028145C2
:10EA1800E315F7FA2685EFF0BFE545B79757FF1FCF
:10EA280093870767D9BF1307A0026398E7006304B9
:10EA3800090013092003CA85F1BF631C0900268554
:10EA4800EFF0CFF919C58347450093E70701230283
:10EA5800F500A6854A85EF705F9085B7797126D253
:10EA68009947231DB100AA842E858D4522D406D648
:10EA780032C636C4231CF100EFE0AF8D2ACE4D44D8
:10EA88001DC13246A246AA85328582962A8419E596
:10EA98002C082685EFF08FA02A8411C5724597307F
:10EAA800FF1FE78060A02685EFF01FC72285B250C0
:10EAB8002254925445618280411122C42E862E84AC
:10EAC8009726000093862696894506C626C24AC020
:10EAD8002A89EFF0BFF883450400AA844A85EFF03D
:10EAE8003FD9B2402244268502499244410182809E
:10EAF8009757FF1F9387C7599C4395CB9C4385CB5A
:10EB08001D71A2CC86CE984110082A843AC8D841F3
:10EB180085453ACA829701C92306A10003552400F6
:10EB28006C00EFF07FF9F6406644256182808280B0
:10EB3800AE8715C5785505C7834607002380D500DD
:10EB480083461700A380D500834627012381D5007B
:10EB580083468701584BA381D500D8C1828041469E
:10EB680081453E851723FF1F670003DB9757FF1F6B
:10EB7800938747529C4391C703A38700630303000D
:10EB88000283094582801757FF1F1307A75C1843A4
:10EB98001DC75843AA8705450DC703A50708411196
:10EBA80006C6930605021306050C9305050613050C
:10EBB80005040297B2401375F50F4101828005459F
:10EBC800828082804DC9357122CD2A840355050083
:10EBD80026CB4AC94EC756C306CF52C55AC1DEDE38
:10EBE800B68AB2892E89EFF06FDFAA8439C50C186E
:10EBF8002285EFF0FFF383472400138A6400A9CB32
:10EC0800EF704FCF2A8B014583CB5400EF704FCC68
:10EC1800AA840C100818EF10806208542C10EF100A
:10EC2800A062D288268A56C05E88D2875A87141076
:10EC38003010CE854A85EF20D01EFA406A44DA4467
:10EC48004A49BA492A4A9A4A0A4BF65B0D618280B8
:10EC5800EF704FCAAA8B014503CB5400EF704FC722
:10EC68002ACE08540C10EF10805D2C100818EF10F5
:10EC7800A05DF2484DBF8280C14709CD1455C147F8
:10EC880091CA785501CB83C73600BD4663F4F600B8
:10EC9800834787013E85828089476309051063871A
:10ECA8000510411106C622C426C2834715002E84CA
:10ECB8002380F50083472500A380F50083473500AE
:10ECC8002381F50083474500A381F500834755005C
:10ECD800858B9396870083D7450093F7F7EFD58FF9
:10ECE8002392F5008346550093F7F7DFA20693F6C3
:10ECF8000620DD8E2392D5000347550093F6F6BF14
:10ED0800220713770740558F2392E5008347550064
:10ED1800FD769386F67F8D87858B758FAE07D98FA5
:10ED28002392F50083466500F99B858ADD8E239240
:10ED3800D500034765009377270013F7D6FF5D8F4B
:10ED48002392E5008347650093F647009377B7FF62
:10ED5800D58F2392F50003476500DD9B4D45218B38
:10ED6800D98F2392F500EF70DFC2AA845145EF7066
:10ED78005FC20347340093F4F40FC94763629702F4
:10ED88001375F50F636EE500834604001147E147EC
:10ED98006368D7008346140005476363D70081473B
:10EDA800B240224492443E85410182803E85828061
:10EDB80015C1AA8709458DC141112E854146938504
:10EDC800170006C69720FF1FE780E0ADB240014557
:10EDD8004101828009458280828089471DC595C589
:10EDE800411106C603471500AE8719462380E50082
:10EDF80093052500138517009720FF1FE780A0AA19
:10EE0800B24081473E85410182803E85828015C19E
:10EE1800AA8709458DC141112E8541469385170062
:10EE280006C69720FF1FE78000A8B24001454101B0
:10EE3800828009458280828089471DC995C9411110
:10EE480006C60347250083461500AE872207558F5F
:10EE58002390E50021469305350013852700972068
:10EE6800FF1FE78040A4B24081473E854101828070
:10EE78003E85828015C1AA8709458DC141112E851D
:10EE880041469385170006C69720FF1FE780A0A17B
:10EE9800B2400145410182800945828082808947CC
:10EEA80019C991C903471500BD46E14763E5E60066
:10EEB8002380E50081473E85828015C1AA870945E0
:10EEC8008DC141112E8541469385170006C69720AE
:10EED800FF1FE780409DB2400145410182800945FE
:10EEE8008280828015C1AA8709458DC141112E856E
:10EEF80041469385170006C69720FF1FE780A09A12
:10EF0800B2400145410182800945828082801DC14D
:10EF1800AA87094595C141112E85130600049385DA
:10EF2800170006C69720FF1FE780E097B24001450B
:10EF38004101828009458280828015C1AA870945DE
:10EF48008DC141112E8541469385170006C697202D
:10EF5800FF1FE7804095B240014541018280094585
:10EF6800828082801D71A2CC2A84084586CEA6CADA
:10EF7800230601008344050035479387F4FF93F780
:10EF8800F70F636CF70C17770100130727F08A0750
:10EF9800BA979C43BA9782870C08EFF0FFCFC9470E
:10EFA8006312F50299472306F100035524006C000B
:10EFB800EFF09FB0F6406644D644256182800C0885
:10EFC800EFF05FEB29C98347C100E5F3035524003F
:10EFD800EFF08FF4C5B70C08EFF03FEEE5B70C087B
:10EFE800EFF0FFEBC5B70C08EFF09FDCE1BF0C08B2
:10EFF800EFF09FE4C1BF0C08EFF07FE1E1B70C0828
:10F00800EFF0BFDDC1B70C08EFF0DFED65BF834758
:10F0180015002308F10003552400EFF02F9CA147A9
:10F0280015C10347C500631CF7029757FF1F938755
:10F03800670698439D4719C7184309C71008A6854E
:10F048000297AA872306F100BDBF0C08EFF03FEC3A
:10F0580095BF0C08EFF07FEEB5B79D47A9B7975756
:10F06800FF1F9387E702F1B7011122CC06CE26CA0B
:10F078004AC84EC603470500930720092A84631D22
:10F08800F7128347150039476395E70A8356450009
:10F098000967610781476399E6109759FF1F9389AC
:10F0A800690003A50900CE84630005100C4403C958
:10F0B8000500631E09008347050085052146B9CB75
:10F0C80029059710FF1FE780007E9C40ADC3494586
:10F0D800EF506FB42A840DC5930710FC2300F50088
:10F0E800A30025018C400905414689059710FF1F9B
:10F0F800E780607B9C40A28503C51700EF500FC1D5
:10F1080088409720FF1FE780203A9757FF1F23ABBF
:10F1180007F831A809059710FF1FE780C078EF307E
:10F12800603F05495DF183A70900238027018547D2
:10F13800A5A81307E003639FE70803472500954741
:10F148006310F70403554500EFF02FAB9147E31028
:10F15800F5FE9757FF1F9387A7F39C43E9DB03A3AB
:10F168008700E30603FC0356E400035544009305B7
:10F1780064006244F240D2444249B24905610283C4
:10F18800A147631EF70083456400035544006244A9
:10F19800F240D2444249B24905616FF0AFFC930690
:10F1A80000038147E301D7FEF2406244D24442495A
:10F1B800B2493E85056182809306000A8147E315BE
:10F1C800D7FEEFF03FDA08443DD19720FF1FE780D4
:10F1D800A02DB1BF8147C9BF011126CA06CE22CCD6
:10F1E80089441DCD95CDAA842E8468008D45EF6095
:10F1F800BFBF8347E1002685228693F7F70393E78D
:10F2080007046C002307F100EF20A038AA8409E95D
:10F218000D466C00130534009710FF1FE780A068A7
:10F22800F24062442685D244056182805D714EDEDB
:10F2380086C6A2C4A6C2CAC052DC56DA5AD85ED65E
:10F24800894945CD5DCA138B4500420B135B0B0101
:10F25800AE8A2A8A930530055A85B2849720FF1F03
:10F26800E78060152A84CD4949C9EF60DFEA2A8919
:10F278005686D285935A8900135A0901937BF90F50
:10F288001305440093FAFA0F137AFA0F13598901F8
:10F298009710FF1FE7808071A301740123015401B7
:10F2A800A300440123002401EF603FE6AA854146FC
:10F2B80008089710FF1FE780606F214734005A86BF
:10F2C800A2850808EF208053AA891DE121462C0059
:10F2D80023807401A380540123814401A381240164
:10F2E800138544009710FF1FE780406CEF609FE391
:10F2F80022859720FF1FE780201BB64026444E85B5
:10F3080096440649F259625AD25A425BB25B61612D
:10F31800828001114AC82A892E8506CE22CC26CAA7
:10F328002EC6EFE0BFEB71C5405971C48347540046
:10F338000947B24593F6B70F6387E60011471305EF
:10F34800E00F6392E708835704000945639DB706F9
:10F35800930484004146CA8526859710FF1FE780DD
:10F3680080544146CA85130584019710FF1FE78022
:10F3780080530347340085469307F7FE93F7F70F4A
:10F3880063E9F6041306C4033285C14532C6EF604B
:10F39800BFA532469306C402A6852285EFF09F8258
:10F3A8008347240089CB22856244F240D2444249F3
:10F3B80005616F10401003473400C947E305F7FEA5
:10F3C800A301F4000145F2406244D2444249056178
:10F3D8008280930710050145E317F7FE8347240051
:10F3E800FDD322856244F240D244424905616F1040
:10F3F80000130945C9BF4945F9B729CD011126CAE6
:10F4080006CE22CCAA840945A9C10D4628002E841F
:10F418008D059710FF1FE78000498347A100700002
:10F428002C0093F7F70393E7070426852305F100DB
:10F43800EF20201619E90D46A28568009710FF1FD6
:10F44800E780E0517D153335A000F2406244D24494
:10F458000561828009458280011152C42A8A328559
:10F468004EC656C25AC006CE22CC26CA4AC82E8BD1
:10F47800B28AB689EFE09FD609ED8944F24062442A
:10F4880026854249D244B249224A924A024B056132
:10F4980082805C592A89C544F5F34D45EF706FCFDA
:10F4A8001374F50F5145EF70CFCEE38809FC83C77D
:10F4B8008901E3E487FC1375F50FE360F5FC930518
:10F4C8003005130540089720FF1FE780C0EE232A68
:10F4D800A9022A84CD445DD11306400881459710BE
:10F4E800FF1FE7806043A3010400230144012302B6
:10F4F8006401231054012326340723240402A302A1
:10F5080004008144E30C0AF62285EF00D074AA8433
:10F5180035D54A85EFF0EFAD95B7397122DC06DEB7
:10F5280026DA4AD84ED652D456D25AD05ECE62CCBB
:10F5380066CA0944630B061063090710AA8B3A8947
:10F54800368BB28A2E8CEFE07FC92A8A5144630E2B
:10F55800050E9305300541459720FF1FE780A0E57C
:10F56800AA894D447DC18344190083472900A20418
:10F57800C207BE9483470900BE9483473900E20757
:10F58800BE9483278A0263E697007D5709446399EE
:10F59800E70A63070C0083474A000544898BCDC3FB
:10F5A800930C4B00214681450A85C20C9710FF1F1A
:10F5B800E780803693DC0C0193053005668597203B
:10F5C800FF1FE78040DF2A8C4D443DC95A86D68507
:10F5D80011059710FF1FE780603D1146CA856285B7
:10F5E8009710FF1FE780803C414693058A014E85AE
:10F5F8009710FF1FE780803B21478A866686E28551
:10F608004E85EF20A01F2A841DE521468A85280003
:10F618009710FF1FE780803921469305490028008D
:10F628009710FF1FE780A0338547631EF502A68564
:10F638005E85EF70EFEB62859720FF1FE780C0E6DD
:10F648004E859720FF1FE78020E62285F2506254FE
:10F65800D2544259B259225A925A025BF24B624C26
:10F66800D24C216182800544F9B7797193970501DD
:10F6780022D406D626D24AD04ECEC1872E8463D550
:10F6880007041755FF1F034515A3EF40DFDF2AC600
:10F6980005C1EFF07F9DB24509E91755FF1F0345E6
:10F6A80085A19307F00F631EF5002E85EF409FD1CB
:10F6B8002165218DB250225492540259F249456174
:10F6C8008280EF40BFE4EDB793F7150091C7EFF0E4
:10F6D8006FA313451400F9BFA1E10145E1BF8504FB
:10F6E80093F4F40FEFE09FC9E3F9A4FE3395990072
:10F6F8001319050113590901B3772401EDD34A857C
:10F70800EFE0DFF1C167FD176305F500DD45EFF0B8
:10F718002F963345240179BF85448549E1B797572A
:10F72800FF1F23A107989757FF1F23A507969757F1
:10F73800FF1F23AF07949757FF1F9387E796170775
:10F7480000001307276298C3170700001307273222
:10F75800D8C317F7FFFF1307070098C79757FF1F6E
:10F7680093878793171700001307A75A98C317178B
:10F77800000013074710D8C3171700001307073EE8
:10F7880098C782809757FF1F83C70793A18B175786
:10F79800FF1F1307679191E301479757FF1F23AB9B
:10F7A800E78E014582809757FF1F83C7E790918BAB
:10F7B8001757FF1F1307478E91E301479757FF1FFE
:10F7C80023A8E78C01458280011106CE2AC6EFF0F6
:10F7D8001FF5324599459757FF1FA38EA78CEFD089
:10F7E8006FB2F24017F5FFFF1305C50E05616FE014
:10F7F8009FB91C5581C7A1473E858280011122CC43
:10F8080026CA2A84AE84130500049305300506CE63
:10F818009720FF1FE78020BA08D463050510130658
:10F828000004A6859710FF1FE780E00778548347F8
:10F83800270193F68700638E0610145483C62600AA
:10F84800A18A6388061083270408E9EF9305300529
:10F85800130500109720FF1FE780E0B52320A408B8
:10F868008D4771C1A3020400785483C714008346EE
:10F87800170081EF81EE83C72400918BDDEB83476E
:10F888002701918BDDE7854711A889C62147A30287
:10F89800E40099C78347540093E70701A302F400E3
:10F8A8006C5483C72501858B91CF1C54054783C7AA
:10F8B80027008D8B6398E7008347640093E7170060
:10F8C8002303F4008327040899C78347640093E758
:10F8D80087002303F4008347540005476398E70C27
:10F8E800930484004146814526859710FF1FE780D1
:10F8F800A00241468145130584019710FF1FE78048
:10F90800A0011306C4033285C14532C6EF60CFCDCE
:10F91800832704083246BDC72285EF00504093076D
:10F92800000525CDA147F2406244D2443E850561D9
:10F93800828083C704008346070015473387E702A0
:10F94800976701009387C759BA97B69783C7070087
:10F95800B1B783C6140091C68346170099C2E14720
:10F9680035BF83C62400D58F918B91DF83C70400F0
:10F978008346070015473387E70297670100938797
:10F988006754D9B722859306C402A685EFF08FA3E2
:10F998002285EF00503259F5C14703550400A301F1
:10F9A800F4008145EF708F9F8147B5BF13F787013A
:10F9B80049C3C18B930484004146A9CB8905268598
:10F9C8009710FF1FE78020EE41468145130584010B
:10F9D8009710FF1FE78040F4834764001306C403B1
:10F9E800328593E747002303F400C14532C6EF6030
:10F9F800AFBF8327040832468DC32285EF0030321B
:10FA08009307200505F1A301F40079BF81452685F8
:10FA18009710FF1FE78040F045BF9306C402A685F4
:10FA28002285EFF02F9A2285EF00F028CD4761DD7F
:10FA3800D5BD094785456388E70093F7D70F114778
:10FA48006397E700894503550400EF702F958347B6
:10FA5800640093E747002303F4008327040881C761
:10FA6800930710054DB7C54779BF834725006384C1
:10FA78000726797122D406D626D24AD08347350084
:10FA8800130750052A846390E70803497500130695
:10FA9800C503C14593573900AA97328583C48700A7
:10FAA80032C6EF606FB49747FF1F9387A76A9C43DE
:10FAB800A9C79C47B9C30325040893767900B3D630
:10FAC800D4403246858A93050504180893E606084B
:10FAD8001305050882971375F50F05E141460C08D3
:10FAE8001305C4029710FF1FE780E0DB2285EF00B3
:10FAF800901C93076005A301F400B250225492545D
:10FB0800025945618280130710026395E7021C556C
:10FB18000327050883D7470069EB13F7071071C758
:10FB28007855035747011377071061C3930770028D
:10FB3800A301F4008347340013077002639FE70CA6
:10FB48003C5885E39305300571459720FF1FE780F2
:10FB5800808628D819C5714681459710FF1FE78010
:10FB6800A0DB2458B9C883C7A40191E72285EFF028
:10FB7800AF90238DA4002858814541469710FF1F58
:10FB8800E78080D928583D478345A5019387F5FF2D
:10FB980093F7F70F6364F700EF600FA5EF40BFB16D
:10FBA8003C58A1452398A70013852701EF60CFA3F0
:10FBB8002C5803550400EF00D041930780020355E9
:10FBC8000400A301F400EFE06FE1414611C583573B
:10FBD800E50013D617003E96060685451745FF1F14
:10FBE8000345754DEF40BFE909BF13F7072011CB57
:10FBF8007854035747011377072001C793079002EA
:10FC080005BF93F707409DD77C5483D7470193F7E7
:10FC180007408DD39307B00221BF13078002639B6F
:10FC2800E7023C5889CB83D50701035504001386A6
:10FC38002701EF00903F1C5483D7470013F7072094
:10FC48002DC37854035747011377072039CB9307FF
:10FC58009002B5B713079002639CE700EF602FCAC4
:10FC6800AA8503550400EF00503B9307A00281BF0B
:10FC78001307A0026393E704EF60CFC7AA858547FF
:10FC880001456384F500814505452EC6EF604FC4E4
:10FC98002A86B24503550400EF00B0341C5483D7BC
:10FCA800470093F707408DC77C5483D7470193F7E4
:10FCB800074099CF9307B00219B71307B0026399A9
:10FCC800E700EF608FC4AA8503550400EF00703980
:10FCD8009307F0020DB58280411122C4405926C213
:10FCE80006C67C54AA8483D7470113F7071019C79F
:10FCF800185403574700137707101DE313F707201D
:10FD080019C71854035747001377072011EB93F7C7
:10FD180007408DCF1C5483D7470093F707409DC7F2
:10FD280093071002A301F4002285EFF01FD40347C4
:10FD380034009307F0026310F702224403D524002D
:10FD4800B2409244814541016FE09FB29307F002AF
:10FD5800A301F400DDB7B2402244924441018280FD
:10FD6800397122DC405926DA4AD84ED606DEAA89ED
:10FD7800AE8432896304043E03552500835704008A
:10FD88006384A700A14429A08347240091EB9D44E4
:10FD9800F250625426854259D254B2592161828068
:10FDA8009387E5FF93F7F70F2D47E362F7FE176791
:10FDB80001001307A7148A07BA979C43BA9782874A
:10FDC800B2852285EFF0FFA2AA84D9B74146CA8539
:10FDD8001305C4049710FF1FE780E0AC2285312784
:10FDE800AA8411C1A14483473400130740056397CF
:10FDF800E70093079005A301F40059BF13076005B6
:10FE08006395E7009307A005FDB7D147EDB79309C0
:10FE1800C4054E854146CA859710FF1FE780A0A8F4
:10FE2800032504085DC983473400130790056399C7
:10FE3800E7002285B9279307E005A301F40061A82C
:10FE48001307A0056395E7088347740013D73700A5
:10FE58002297834687009D8BB3D6F6409747FF1FAE
:10FE68009387472F9C43858A93E606F893F6F60F07
:10FE780091DB9C4781DB9305050818084E8613051E
:10FE8800050482979374F50FE39E04EE41460C082F
:10FE98001305C4049710FF1FE78060AC8347740004
:10FEA8004D47850793F7F70FA303F4006377F7002F
:10FEB8002285C12D9307E0053DBF85451745FF1FE6
:10FEC8000345751FEF401F9C930750052DB7130777
:10FED800C005E380E7F6814465BD130984004E86BA
:10FEE800CA8522851408EFE0FFCD41469305C40476
:10FEF80008089710FF1FE78080A6E30B05E88A86AD
:10FF08001306C403CE854A85EF10F00515E1228556
:10FF1800EFE09FD69747FF1F938707192A879C47CB
:10FF280003550400814601468A858297AA8411C137
:10FF3800A14493072002C1B583450600EFE05F9313
:10FF480059BF0347340093072002E312F7E47C58B3
:10FF580089EB9305300571459710FF1FE780A04591
:10FF680068D86858E30505E24146CA859710FF1F1F
:10FF7800E780609364582285EFE01FD0238DA400AA
:10FF8800930730025DBD0347340093073002E31046
:10FF9800F7E083570600685821469305290023187F
:10FFA800F50049059710FF1FE780E08F7C5483D741
:10FFB800470113F7270035CB185403574700098B1F
:10FFC8002DC79307400295BD0347340093074002AD
:10FFD800E31FF7DA3C5C81EB85455D459710FF1F11
:10FFE800E780603D28DC285CE30705EE83470900CD
:08FFF8004146CA85230BF50008
:020000021000EC
:100000009710FF1FE780A08A930750021DBD03478A
:10001000340093075002E310F7D8285C1946930583
:10002000190041059710FF1FE78060887C5483D733
:100030004701918B9DCF1C5483D74700918B95CB63
:1000400093076002FDBB7C5C89EB9305300551454D
:100050009710FF1FE780A03668DC685CE30805D2D4
:100060004146CA859710FF1FE78060847C5C7D57FE
:1000700098CB4E85EFF0DFC69DB503250408130627
:100080000004CA85130505049710FF1FE78020822E
:100090002285EFE0DFAF8347340013070005639547
:1000A000E7009307400571BB13071005639CE70049
:1000B00085451745FF1F03459500EF402FFD93072A
:1000C000500541B313072005E39BE7E09747FF1F67
:1000D0009387C7089C43E38B07CA9C47E38807CAFA
:1000E0008325040893048400180893850508814635
:1000F00026862E858297035504001008A685EF609A
:100100005FB39307B00535BB034734009307E005A1
:10011000E313F7C88325040841464A859710FF1F5B
:10012000E7806084AD44E30905C603250408414621
:10013000CA859700FF1FE78080772285EFE05FB4D4
:100140009747FF1F9387C7F62A879C472C5803556C
:100150000400814601468297AA8411C1A1449307F5
:10016000100271B9AD47E39CF5D68346060083556E
:1001700025001306650003450500EF602FAF85B32A
:10018000894761C2DDCD2300A60083C70500A30017
:10019000F60083C715002301F60083C72500A301DD
:1001A000F60083C73500A30206002302F60083D7BA
:1001B0004500A183858BA302F60003D74500137782
:1001C000072009C793E72700A302F60083D745005D
:1001D00093F7074099C78347560093E74700A30268
:1001E000F60083D7450013974701635807008347FC
:1001F000560093E78700A302F6002303060083C797
:100200004500858B2303F60003D74500098B09C7FA
:1002100093E727002303F60083D74500918B99C706
:100220008347660093E747002303F60003D74500A2
:100230008147218B19C70347660013678700230393
:10024000E6003E8582802E86AA8505456FF05FF325
:100250002E86AA8509456FF0BFF289478DC505C571
:10026000411106C6AE870D47AA852380E700138596
:10027000170041469700FF1FE7806063B240814747
:100280003E85410182803E85828089478DC505C5B6
:10029000411106C6AE871147AA852380E700138562
:1002A000170041469700FF1FE7806060B24081471A
:1002B0003E85410182803E85828089478DC505C586
:1002C000411106C6AE871947AA852380E70013852A
:1002D000170041469700FF1FE780605DB2408147ED
:1002E0003E85410182803E85828089479DCD15CD26
:1002F000411106C61D472380E50003570500AE8760
:100300002146A380E5000357050021832381E500F2
:1003100093052500138537009700FF1FE7802059BC
:10032000B24081473E85410182803E858280894777
:100330008DC505C5411106C6AE872147AA85238014
:10034000E7001385170041469700FF1FE7802056FE
:10035000B24081473E85410182803E858280894747
:1003600095C90DC9411106C625472380E5000347FD
:100370000500AE871946A380E50093051500138597
:1003800027009700FF1FE7808052B24081473E85DB
:10039000410182803E85828089478DC505C5411116
:1003A00006C6AE872947AA852380E7001385170074
:1003B00041469700FF1FE780804FB24081473E854E
:1003C000410182803E858280894795C50DC54111D6
:1003D00006C6AE873147AA852380E700138517003C
:1003E000130600049700FF1FE780604CB24081476E
:1003F0003E85410182803E85828089478DC505C545
:10040000411106C6AE873547AA852380E7001385CC
:10041000170041469700FF1FE7806049B2408147BF
:100420003E85410182803E858280894791C909C904
:1004300095472380F50083470500A380F500814799
:100440003E858280894791C909C9AD472380F5005F
:1004500083470500A380F50081473E85828015C54E
:100460005D718A8586C6A2C42A84EFE0EFEC03554D
:1004700004000A8697060000938626DD9D45EFE07E
:100480006FDEB6402644616182800545828015C5D5
:100490005D718A8586C6A2C42A84EFE0EFE9035520
:1004A00004000A86970600009386C6DA9D45EFE0B1
:1004B0006FDBB640264461618280054582805D71B4
:1004C000A2C49305C5022A8441460A8586C69700C0
:1004D000FF1FE780C03D035504000A869706000011
:1004E0009386E6D7C545EFE0EFD7B6402644616175
:1004F00082805D71A2C49305C5032A8441460A85A2
:1005000086C69700FF1FE780803A035504000A86DD
:10051000970600009386A6D7C545EFE0AFD4B64056
:100520002644616182809747FF1F938727C39C43BE
:10053000B1CB9C435D71A2C486C62A841305E00F2B
:1005400095CF032504089305050C1305050882972C
:1005500083250408130600040A859385050897007F
:10056000FF1FE780C0340355040097060000938600
:10057000E6E50A8693051004EFE0CFCEB6402644A8
:10058000616182801305E00F8280317122DD2A844F
:100590000355050026DB06DF4AD94ED752D556D380
:1005A0005AD15ECF62CDEFD0FFC33C58AA8489EB0D
:1005B0009305300571459710FF1FE78040E028D86C
:1005C0002858CD471DC9714681459700FF1FE78018
:1005D0002035032904072285EFE08FEA230DA900C7
:1005E000834724001749FF1F130949B7638A07127D
:1005F0008327090085E39307E00FFA506A54DA5421
:100600004A59BA592A5A9A5A0A5BFA4B6A4C3E8599
:100610002961828083AB0701E38F0BFC032B040865
:10062000EF50DFAD2A8C0145EF501FAB83C754005C
:100630003858130B0B029309C403130AC405938A99
:1006400064003AC0B337F0002A8793080104568843
:10065000B33680015286CE855A85829B1C5403C7CF
:1006600027002307E10203C71700A306E10283C79F
:1006700007002306F10283270900B5DF03AB47011A
:10068000E30B0BF683C75400B337F0003ECEEF50B8
:10069000FFA6AA8B0145EF503FA403270408F247A9
:1006A0002AC03AC2B3387001568878109306840085
:1006B0004E86D2858800029B7C5403C72701230500
:1006C000E10203C71700A304E10283C70700230464
:1006D000F1028327090003A94701EF503FA22A8BAB
:1006E0000145EF507F9F83C854009C082A883EC272
:1006F000B3381001B3376001381093068401528675
:10070000CE8556C088000299035504009706000064
:100710009386E6CE9008C545EFE0CFB4AA87F1BD39
:1007200083C6540083270900032B0408B336D00086
:1007300083AB070136CEEF507F9C2A8C0145EF50EA
:10074000BF993C58F246130B0B02130AC4059309D8
:10075000C403938A64002A88930801044E86D285D4
:100760003EC05687B33780015A85829B1C54130BB9
:10077000010303C727002307E10203C71700A306ED
:10078000E10283C707002306F1028327090083AB38
:10079000470183C75400B337F0003ECEEF501F9699
:1007A0002A8C0145EF505F93F2472AC0B33880018D
:1007B00056887810930684004E86D2855AC28800E7
:1007C000829B8325040841465A859700FF1FE780D6
:1007D0008019AD47E31205EE0DB52E869706000091
:1007E0009386E6ADC5456FE0EFA75D71B287A2C401
:1007F0002300B1002A84BE8513051100194686C660
:100800009700FF1FE780A00A0A862285970600004E
:10081000938626B5A145EFE0EFA4B640264461617A
:1008200082802E86970600009386A6B0C5456FE0AD
:100830006FA35D71B287A2C42310B1002A84BE8564
:1008400013052100214686C69700FF1FE78020067A
:100850000A86228597060000938666A9AD45EFE0DB
:100860006FA0B6402644616182802E869706000004
:100870009386C6B2C5456FE0EF9E797122D406D645
:1008800026D283473500130730052A846385E7089D
:10089000130750056397E7089307A005A301F50028
:1008A00083477500C14513D737002A9783468700D1
:1008B0009D8B1305C503B3D6F640858A93E606F8EB
:1008C00093F6F60F36C6EF50AFD2B2469747FF1FEA
:1008D0009387C7889C439DCB9C478DCB03250408F9
:1008E00018081306C4039305050413050508829729
:1008F0001375F50F01ED1305C40241460C0897006E
:10090000FF1FE780C0FA2285EFF07FBBB250225470
:1009100092544561828093079005A301F5008146BA
:1009200075B7130710026396E7027C550327050885
:1009300083D747016316070E13F717006302070EEC
:10094000185503574700058B61CF93072002A30179
:10095000F4008347340013072002639DE70E3C58E0
:1009600089EB9305300571459710FF1FE78020A59F
:1009700028D82458C9C02285EFE08FB0238DA40069
:100980002858814541469700FF1FE78060F92858A5
:100990003D478345A5019387F5FF93F7F70F636DF7
:1009A000F7029737FF1F83C7677CD5C34146814550
:1009B00008089700FF1FE780A0F619469735FF1F2C
:1009C0009385455B08089700FF1FE78040EE30588D
:1009D0000C082E85EF40201CEF307FCE3C58A145FF
:1009E0002398A70013852701EF508FC02C5803557B
:1009F0000400EFF09FDE9307300203550400A301CB
:100A0000F400EFD02FFE414619C10356E50006065B
:100A100085451735FF1F0345956AEF40CF86FDB525
:100A200013F7270009CB185403574700098B01C758
:100A30009307400229BF918BE38D07F01C5483D7A5
:100A40004700918BE38707F09307600209B7EF50E7
:100A50002FBA59B713073002639AE7023C5889CB83
:100A600083D507010355040013862701EFF07FDCCF
:100A70007C5483D7470113F7270021CF185403571D
:100A80004700098B39C79307400285BF130740020F
:100A9000639CE700EF502FE7AA8503550400EFF0B1
:100AA0005FD89307500291BF130750026390E70489
:100AB000EF50CFE40DE9814505452EC6EF50CFE15B
:100AC0002A86B24503550400EFF03FD27C5483D709
:100AD0004701918B9DC71C5483D74700918B95C3C9
:100AE0009307600219BF85450145C1BF1307600226
:100AF0006399E700EF50EFE1AA8503550400EFF09A
:100B0000DFD67C540327040883D7470119EF13F776
:100B1000071001CF1854035747001377071011C768
:100B200093077002A301F400D5B313F7072011CB8C
:100B30001854035747001377072001C79307900203
:100B4000D5B793F7074091CB1C5483D7470093F751
:100B5000074081C79307B002F1B79307F002D9B7F6
:100B6000397122DC26DA4ED652D406DE4AD8AE8956
:100B7000328AAA84EFD00FE74059414681450A8561
:100B80009700FF1FE780C0D925C8035904006315EB
:100B900099060347340093071002631FF702832767
:100BA000040899CF2C58A9C94A85EF10701805453B
:100BB000F2506254D2544259B259225A2161828071
:100BC0008A861306C4059305C40313058400EF0049
:100BD000103A1DE18A85C9BF2C5899CD83D70501EC
:100BE000639C47012146C9054E859700FF1FE7809A
:100BF00080D719C12C584DBF2685EFD0AFDE2A848F
:100C000005455DD44C54B9C583D7050163944705A8
:100C10002146C9054E859700FF1FE780C0D4854750
:100C2000631AF50283C7718791C74C5483C7B50116
:100C3000639EA70CBD452685EF10900A9737FF1FCE
:100C40009387872B9C5B0145A5D71D4589458297D6
:100C50000145B9BF9737FF1F9387575103C7070057
:100C60009739FF1F938949293E89058B31C3034773
:100C700054009737FF1F83C7A74E631BF70219461F
:100C80009735FF1F9385D54D130564009700FF1F0F
:100C9000E78060CD8547631DF50083A7090381C701
:100CA00091451D458297BD452685EF10700301B71C
:100CB0001737FF1F0347874B83A7090331CB034730
:100CC0000900098B09CB81C795451D45829726856B
:100CD000EF105006E9BD81C78D451D4582974146FD
:100CE000814508089700FF1FE78080C319469735A4
:100CF000FF1F9385252808089700FF1FE78020BB6A
:100D00000C082E850A86EF3010698A85268571BD0C
:100D10008545C5FF6DBF797122D440594AD04ECE6A
:100D200052CC06D626D2AA892E8A32896300046C58
:100D30000355250083570400638CA700A144B250DB
:100D40002254268502599254F249624A45618280B2
:100D50008344240099C09D44DDB79387F5FF93F742
:100D6000F70F3147E369F7FE175701001307871C98
:100D70008A07BA979C43BA9782871C54E1F393057C
:100D80003005130500049700FF1FE780406308D477
:100D900055D503470900914763F4E7008D4445B7F3
:100DA000034719008547E3EBE7FE13060004CA85F5
:100DB0009700FF1FE780A0AF0C547054A3020400FB
:100DC000D4415C4A858AFD8E83574601F99BD58FB5
:100DD000231AF600D841544AF59B0583058B85827A
:100DE000F98E8606DD8E231AD600DC41584AED9A2C
:100DF0008983858B09837D8F0A07558F231AE60027
:100E0000D4415C4A5D9B8D82858A8D83F58F8E07E8
:100E1000D98F231AF600D841544A93F7F7EF21836C
:100E2000058BA182F98EA206DD8E231AD600DC4145
:100E3000584AA583858B25837D8F9317970013F7D9
:100E4000F6DF5D8F231AE600D4415C4AA982858AC9
:100E5000A983F58F9396A7009377F7BFD58F231AB1
:100E6000F600D441584AAD82858A2D83758FFD7670
:100E70009386F67F2E07F58FD98F231AF6008347C6
:100E8000260103250408A18B6387071083C725006B
:100E9000A18B63820710E31305EA93053005130560
:100EA00000109700FF1FE78080512320A408E3076C
:100EB00005EE7C54A30204000347190083C6170003
:100EC00089EA45C38347540093E70701A302F4006E
:100ED00029A0A147A302F40075F72285EFF02FDBCC
:100EE0006C5483C72501858B81CF1C5483C7270091
:100EF0008D8B99C78347640093E717002303F400A1
:100F00008327040899C78347640093E78700230376
:100F1000F4008347540005476393E70C414681453D
:100F2000130584009700FF1FE780809F414681459D
:100F3000130584019700FF1FE780809EC1451305BC
:100F4000C403EF40FFEA032704089307000511E3F9
:100F5000C14703550400A301F4008145EF509FC42D
:100F6000F9BB03C72701118B19E703472900118B30
:100F700019E38547A1BF83C70700834609001547CA
:100F80003387E70297570100938707F6BA97B6971A
:100F900083C7070025BF19C59700FF1FE780405191
:100FA000232004087C5403C7170011C70347190006
:100FB00019C3E14721BF03C72701118B09E7034785
:100FC0002900118B5DD783C70700154783460900A9
:100FD0003387E70297570100938747EF45BF13F721
:100FE000870131CFC18B130584004146A9C3890510
:100FF0009700FF1FE780A08B4146814513058401C0
:101000009700FF1FE780C09183476400C145130527
:10101000C40393E747002303F400EF407FDD8327F9
:10102000040881CF93072005A301F40009BB814583
:101030009700FF1FE780C08EC1B7CD47F5B70947BE
:1010400089456386E70011476398E70085450355A6
:101050000400EF503FB521A01947E389E7FE83471D
:10106000640093E747002303F4008327040881C743
:101070009307100555BFC54745BF4146CA851305AF
:10108000C4049700FF1FE780808283473400130762
:101090006005639CE70085451735FF1F0345350252
:1010A000EF30CFFE9307500541B745476383E70212
:1010B0009306C4021306C403930584002285EFD06F
:1010C000FFB02285EFF0AFBFAA8411C1A144D14780
:1010D000A1BFC94791BF9309C4054E854146CA8542
:1010E00097F0FE1FE780A07C0325040871CD83479D
:1010F0003400130790056398E7002285EFF06FBF77
:101100009307E00515B71307A005639FE706973718
:10111000FF1F9387A7049C43E38F07C203A88700A0
:10112000E30B08C283477400930505084E8613D766
:1011300037002297834687009D8B0A87B3D6F640F7
:10114000858A93E6060813050504029841468A85B8
:101150001305C4049700FF1FE780E08011E1D284EB
:101160002285EFF00FB983477400CD461307E005E1
:10117000850793F7F70FA303F40063E4F600130762
:101180006005A301E40065BE1307C005E399E7BA53
:101190009737FF1F938787FC9C43E38E07BA9C47D2
:1011A000E38B07BA93050508130984000A87814673
:1011B0004A862E858297035504000A86CA85EF5019
:1011C0005FA79307B0058DB58A864E869305840088
:1011D0002285EFD0BF9F41469305C4040A8597F04E
:1011E000FE1FE78040788547D284E31AF5B4228554
:1011F000EFF02FB0AA84E31305B4930710022DB5C6
:101200000347340093077002E317F7B47C5889EB67
:101210009305300571459700FF1FE780401A68D895
:101220006858E30A05B2CA85414697F0FE1FE78079
:101230000068032944072285EFD09FA4230DA9004D
:1012400093078002D5B30347340093078002E31469
:10125000F7B08357060068582146930529002318E4
:10126000F500490597F0FE1FE78060647C5483D742
:10127000470113F7072025CF18540357470013776A
:10128000072035C79307900245B3034734009307FF
:101290009002E312F7AC3C5C89EB930530055D45A9
:1012A0009700FF1FE780A01128DC285CE30505AA52
:1012B0004146CA8597F0FE1FE780605F9307A00252
:1012C000A5B3034734009307A002E316F7A88347AA
:1012D0000600285C194693051900230BF50041050B
:1012E00097F0FE1FE780A05C7C5483D7470193F7FB
:1012F0000740B1C71C5483D7470093F70740A1C3E9
:101300009307B00215B3034734009307B002E31408
:10131000F7A47C5C89EB9305300551459700FF1FCE
:10132000E780E00968DC685CE30A05A04146CA85FD
:1013300097F0FE1FE780A0577C5C7D5798CB03D5C4
:1013400029008145EFD04FD3DDBA0347340093071E
:10135000F004E3F5E79E03250408E301059E130668
:101360000004CA851305050497F0FE1FE78020548A
:101370002285EFF04F9BAA842285EFD05F818347BF
:10138000340013070005639FE70003D6E900854595
:101390001735FF1F0345B5D20606EF30CFEE930792
:1013A000300559B1130710056395E70093076005F1
:1013B000A5B913072005E394E7989307C005ADB1DD
:1013C000034734009307E005E31AF7960325040862
:1013D0004146CA8597F0FE1FE780604D2285EFF0F9
:1013E000CF9AAA8419BD83450600A9BF85478144C9
:1013F000E397F59403284600834736000347260009
:101400008346160083552500034606000145EF403C
:101410009FFC35B28147C1463307F500B388F5001C
:101420000347070083C808003308F60085073347E1
:1014300017012300E800E391D7FE82800147BD47F2
:101440001308F00F3306F50083460600B388F50055
:10145000FD178606558F2380E8000347060093F7A3
:10146000F70F1D83E39007FF82808147930800F800
:10147000414893F6F70F3387F50063FCC600B306C7
:10148000F50083C606002300D7008507E39307FF16
:1014900082806395C60023001701C5BF23000700A3
:1014A000EDB701114AC856C22E89AA8A93053005A4
:1014B000414506CE22CC26CA4EC652C4328A970077
:1014C000FF1FE780C0EFAA849305300541459700D0
:1014D000FF1FE780C0EE2A84CD49A5C431CD414627
:1014E000814597F0FE1FE780A0432686A28556859A
:1014F000EF30606AAA8929E18387040063D3070675
:10150000A2852685EFF09FF34A86975501009385C3
:10151000A5A52285EFF01FF08307090063D8070413
:10152000A2854A85EFF09FF1528697550100938579
:10153000A5A32285EFF01FEE26859700FF1FE78009
:1015400020F711C422859700FF1FE78060F6F24064
:1015500062444E85D2444249B249224A924A0561C8
:101560008280CA852685EFF07FED7DB7D2854A85DA
:10157000EFF0DFECD1B781474146B306F500338782
:10158000F5000347070003C8060085073347070136
:101590002380E600E393C7FE8280011126CA4EC66F
:1015A000AE84AA8993053005130500034AC806CE08
:1015B00022CC32899700FF1FE78060E02DC513061B
:1015C000000381452A8497F0FE1FE780603541467D
:1015D000CE85228597F0FE1FE780C03DA6850D468B
:1015E0001305D40197F0FE1FE780C03C13060402E8
:1015F000930504012285EF30005AAA840D46930515
:10160000D4024A8597F0FE1FE780C03A22859700F2
:10161000FF1FE780E0E9F240624426854249D24458
:10162000B24905618280CD44FDB75D714EDE62D462
:10163000AE892A8C9305300513050003A6C2CAC0E3
:1016400052DC56DA5AD85ED686C6A2C4B28B368B26
:10165000BA84BE8A4289468A9700FF1FE78020D657
:10166000630505101306000381452A8497F0FE1FC9
:10167000E780002B4146E285228597F0FE1FE78038
:101680006033414681450A8597F0FE1FE780402977
:101690001D46DE850A8597F0FE1FE780A0311D46B6
:1016A000DA851305710097F0FE1FE780A03033390B
:1016B0002001B334900041468145080823072101E9
:1016C000A307910097F0FE1FE78080251946D68575
:1016D000480897F0FE1FE780E02D1946D2851305D4
:1016E000A10197F0FE1FE780E02C9304040141461E
:1016F000CE85268597F0FE1FE780C02B8A8526853C
:10170000EFF07FE7930904024E86A6852285EF302D
:1017100080482A890DE94146CE85268597F0FE1F2F
:10172000E780E0180C082685EFF0FFE44E86A685DA
:101730002285EF3040462A8946454146CE8597F0BE
:10174000FE1FE780202722859700FF1FE78040D6F5
:10175000B64026444A8596440649F259625AD25AFE
:10176000425BB25B225C616182804D49D5B7011159
:1017700026CA52C4AA842E8A130500039305300595
:101780004AC84EC606CE22CC3289B6899700FF1FC2
:10179000E780E0C235C52A84A685414697F0FE1F42
:1017A000E7804021930404012146D285268597F0E5
:1017B000FE1FE7802020CA8521461305840197F08B
:1017C000FE1FE780201F13090402A6854A86228592
:1017D000EF30603CAA844146CA854E8597F0FE1FD3
:1017E000E780401D22859700FF1FE78060CCF24014
:1017F000624426854249D244B249224A0561828028
:10180000CD44F5B739715AD05ECE2A8BAE8B4145A7
:101810009305300506DE26DA52D456D262CC66CA6B
:101820006AC8368C328DBA8C22DC4AD84ED69700E4
:10183000FF1FE780C0B8AA8A93053005414597008D
:10184000FF1FE780C0B72A8ACD44638E0A0859C5B6
:101850002A86D6855A85EFF0DFC4AA8441E1930534
:10186000300541459700FF1FE78060B52A89930541
:10187000300541459700FF1FE78060B4AA89630ADD
:10188000090E6306050E1304FD0011841376FD0096
:1018900049C07D144204418035EE131544004E8644
:1018A000D6855E95EFF01FB7414681454A8597F092
:1018B000FE1FE780E006014D93170D01C18363F41D
:1018C0008708BDC04A859700FF1FE78060BE638719
:1018D00009004E859700FF1FE78080BD5685970061
:1018E000FF1FE780E0BC63070A0052859700FF1FD7
:1018F000E78000BCF250625426854259D254B25956
:10190000225A925A025BF24B624CD24C424D2161F8
:1019100082800144131544008A855E95EFF0FFB480
:101920004E86D2850A85BDBF93154D000A86DE9589
:101930004A85EFF03FAE4A868A855A85EF30A0256A
:10194000AA84050D95BFBDFC0A86CE854A85EFF0B9
:101950007FAC4A868A855A85EF30E023AA84668662
:10196000CA85628597F0FE1FE78060F4A1BFCD4471
:1019700091BFCD44A9BF397162CC2A8C594526DA72
:101980004AD84ED652D456D25AD05ECE06DE22DC8B
:10199000AE8B328BB68A3AC63E8AC2894689834468
:1019A0000104EF20DFA749C19167938717E923104E
:1019B000F50085472301F5002A8432472105630C91
:1019C0000C0493071003A301F4001946814597F016
:1019D000FE1FE780E0F423036401A3035401230AFC
:1019E000940023127401231744012318340123198E
:1019F0002401A2856254F250D2544259B259225A5B
:101A0000925A025BF24B624C1725FF1F0345056B90
:101A100021616F203FB0A30104001946BA8597F0F9
:101A2000FE1FE780C0E845BFF2506254D2544259CD
:101A3000B259225A925A025BF24B624C2161828067
:101A4000011122CC2A84314506CE2EC632C436C2BC
:101A50003AC0EF20DF9C29C19167938717E92310D3
:101A6000F5008D472301F500A3018500B24522460C
:101A7000924602476244F2402312B5002313C50088
:101A80002314D5002315E500AA851725FF1F03455C
:101A9000E56205616F201FA8F24062440561828003
:101AA00001114AC82A89394526CA06CE22CC2EC63B
:101AB000B284EF20DF9631C1B2459167938727E961
:101AC0002310F5009147A30125012312B5002A84B4
:101AD0002301F500A6851905214697F0FE1FE78032
:101AE00000DDA2856244F240D24442491725FF1F1F
:101AF0000345C55C05616F20FFA1F2406244D244FA
:101B000042490561828001114AC82A89414526CA95
:101B100006CE22CC2EC6B284EF207F9029C19167D9
:101B2000B245938727E92310F50095472A842312AD
:101B300025012301F5002146190597F0FE1FE780D6
:101B400000D7A285231794006244F240D244424950
:101B50001725FF1F0345B55605616F20BF9BF24057
:101B60006244D244424905618280011122CC2A8418
:101B7000394506CE2EC632C436C23AC0EF203F8A5F
:101B800029C19167938717E92310F500994723012D
:101B9000F500B24522469246024723128500624470
:101BA000F2402313B5002314C5002315D5002316D6
:101BB000E500AA851725FF1F0345455005616F20E5
:101BC0007F95F240624405618280797122D406D605
:101BD0002A842EC632C436C23AC0EFC0AFE01DC15F
:101BE000B245224692460247231CB100231DC10084
:101BF0002C081306F00F2285231ED100231FE100BD
:101C0000EFC00FCDB250225445618280011122CC29
:101C10002A84394506CE2EC632C436C23AC0EF20D9
:101C20001F8029C19167938717E92310F5009D470D
:101C30002301F500B2452246924602472312850051
:101C40006244F2402313B5002314C5002315D500C8
:101C50002316E500AA851725FF1F034525460561C4
:101C60006F205F8BF2406244056182805D712AC6FD
:101C700013052002CAC04EDE52DC56DA5AD85ED6B0
:101C800062D466D26AD086C6A2C4A6C26ECE2E8C9C
:101C9000B28B368B3AC43E8DC28CC68A035A01057C
:101CA0008359410503498105EF206FF769C59166A6
:101CB0003243938616E9A9472A842310D5002301CD
:101CC000F500930DE4002105930444012247630DC0
:101CD000030693071003A301F4001946814597F00A
:101CE000FE1FE780E0C3194681456E8597F0FE1F11
:101CF000E78000C319468145268597F0FE1FE780DF
:101D000020C223037401A3036401230024032312CC
:101D10008401231D5401231E4401231F3401A28585
:101D20002644B64096440649F259625AD25A425B5A
:101D3000B25B225C925C025DF24D1725FF1F0345EA
:101D4000E53761616F200FFDBA85A30104001946D4
:101D500097F0FE1FE780A0B5EA856E85194697F0DB
:101D6000FE1FE780C0B41946E685268597F0FE1F62
:101D7000E780E0B379B7B640264496440649F25965
:101D8000625AD25A425BB25B225C925C025DF24DB7
:101D900061618280011122CC2A84214506CE2EC6A3
:101DA00032C436C2EF20AFE715CD22469246916786
:101DB000938717E92310F500B1472301F500A3012C
:101DC0008500B2452303C500A303D5006244F24059
:101DD0002312B500AA851725FF1F0345252E05618F
:101DE0006F204FF3F240624405618280411126C2A8
:101DF000AA84514506C622C4EF206FE249C191670B
:101E0000938717E92310F500B9472301F50083C72D
:101E100014002A8493856400A301F50083C734006D
:101E200003C724002105A207D98F231EF5FE83C70F
:101E300044001946230FF5FE83C75400A30FF5FE97
:101E400097F0FE1FE780A0A683C7C400A2851725D0
:101E5000FF1F0345A5262307F40083C7E40003C73B
:101E6000D400A207D98F2318F40083C7F4002309F4
:101E7000F4002244B240924441016F20AFE9B240E5
:101E80002244924441018280411122C42A8419458E
:101E900006C6EF20CFD80DC59167938717E92310A9
:101EA000F500C1472301F500231285002244B2400A
:101EB000AA851725FF1F0345652041016F208FE587
:101EC000B24022444101828041110D4506C6EF20F7
:101ED0000FD50DC5930710F92300F5009307E00314
:101EE000A300F500C5472301F500B240AA851725D8
:101EF000FF1F0345A51C41016F20CFE1B240410106
:101F00008280011122CC2A84294506CE2EC632C4F5
:101F100036C2EF20CFD015CDB24592469167938758
:101F200017E92310F500C9472302B5002301F50086
:101F3000A30185002304D50022466244F240231306
:101F4000C500AA851725FF1F0345451705616F20AA
:101F50006FDCF24062440561828001114AC82A891F
:101F60002D4526CA06CE22CC2EC6B284EF202FCB1A
:101F700029C5B245930710F92300F5009307E00344
:101F8000A300F500CD47A30125012302B5002A8453
:101F90002301F500A6851505194697F0FE1FE78079
:101FA0000091A2856244F240D24442491725FF1FA6
:101FB0000345C51005616F20EFD5F2406244D2445D
:101FC000424905618280011122CC2A84214506CE36
:101FD0002EC6EF20CFC405C9B2459167938717E994
:101FE0002310F500D1472303B5002301F500231288
:101FF00085006244F240AA851725FF1F0345050CA2
:1020000005616F202FD1F240624405618280011189
:1020100022CC2A84214506CE2EC632C4EF202FC002
:102020001DC52246930710592310F5002301850092
:10203000B2452303C5006244F2402312B500AA85CD
:102040001725FF1F0345850705616F20AFCCF240C0
:10205000624405618280011122CC2A84214506CE8A
:102060002EC632C4EF20AFBB1DC9224691679387AD
:1020700027E92310F500A1472301F500B24523030A
:102080008500A303C5006244F2402312B500AA856F
:102090001725FF1F0345B50205616F20AFC7F2404A
:1020A000624405618280011122CC2A84314506CE2A
:1020B0002EC632C436C23AC0EF206FB615CD2246C6
:1020C0008567938717C92310F50023018500B24562
:1020D0002303C500924602476244F2402312B50032
:1020E0002314D5002315E500AA851725FF1F0345F6
:1020F000E5FC05616F200FC2F240624405618280F9
:10210000011126CAAE844AC82A891385C40006CEA6
:1021100022CC32C6EF20AFB01DCD8567B245938784
:1021200017E923019500231225012A842310F500C5
:10213000310508C4268697E0FE1FE7804077A28518
:102140006244F240D24442491725FF1F034505F778
:1021500005616F202FBCF2406244D24442490561C0
:102160008280011122CC2A84194506CE2EC6EF208A
:102170000FAB05C98567938717F92310F5008547CD
:1021800023018500A301F500B2456244F240231209
:10219000B500AA851725FF1F034545F205616F208D
:1021A0006FB7F240624405618280411122C42A84E3
:1021B0000D4506C6EF20AFA605C5930710F923000D
:1021C000F500E947A300F500230185002244B24051
:1021D000AA851725FF1F034565EE41016F208FB3C8
:1021E000B240224441018280011122CC2A8421453F
:1021F00006CE2EC6EF20AFA20DC99167938727E9BF
:102200002310F500930700032301F500B2452303D3
:1022100085006244F2402312B500AA851725FF1FEE
:102220000345F5E905616F20EFAEF24062440561B8
:1022300082800111214506CE2EC632C4EF202F9E8A
:1022400005C98567938707392310F500B2452246F3
:1022500085472301F500F2402312B5002313C50082
:10226000AA851725FF1F0345E5DB05616F208FAAAF
:10227000F24005618280397122DC1304F5FF4AD8EF
:1022800052D456D25ECE420406DE26DA4ED65AD05C
:10229000894B2A8A3289B68A418063957515938B5A
:1022A000819583C781955E8B89448DCF83C9160044
:1022B00083C706009144A209B3E9F9009727FF1FDD
:1022C00083D787C4F51763DFF9009307C6FF639DC3
:1022D000F90831452EC6EF208F942A84B24519EDB6
:1022E0009304F00FF250625426854259D254B259E9
:1022F000225A925A025BF24B2161828042091359A1
:1023000009012302B50023132501930700F91509DC
:10231000A1652310F5002311450185054A8597F035
:10232000FE1FE780C00908C415C983C70B00938549
:10233000EAFF13562900FD17238CF19497E0FE1F46
:10234000E780C05A1C44A2851725FF1F034585CD91
:1023500089071CC4EF200F9C814469B7228597F040
:10236000FE1FE780E014ADBF9307D6FFE3CAF9F67E
:10237000B1473304F4029724FF1F9384E4CA9C40BE
:10238000A29703C7A70019C7884309C597F0FE1F86
:10239000E780001213854900A1654205850541814A
:1023A00003AA040097F0FE1FE78060019C40229A78
:1023B0002320AA00A297884305D505472385E70077
:1023C00083470B004A86D685FD17238CF19497E04E
:1023D000FE1FE780C04D9C403E942313240123122E
:1023E00034019DBF8547E39DF5EEB1473304F40208
:1023F000172BFF1F130B4BC383270B00DA89A29700
:1024000003D76700884345CB83D74700B306C7008F
:10241000910763C2D70A3A95D68597E0FE1FE780F9
:10242000004903270B008144229783576700CA970E
:10243000C207C1832313F700035747001107E39333
:10244000E7EA3145EF10BFFDAA8521C1930700F9E6
:102450002310F50083270B0023027501231145018A
:10246000A29703D767009C432313E5001CC51725DB
:10247000FF1F034525BBEF20EF8983270B003E9408
:102480002313040023050400B1BD83270B00A2978A
:10249000884311C997F0FE1FE780800183270B0056
:1024A000A29723A0070083A709003E9423130400EA
:1024B0002305040055B511C997F0FE1FE78040FFC2
:1024C00083A70900A29723A0070083A709008544DA
:1024D0003E94231304002305040029B56F40D04126
:1024E0006F4010436F50400E6F401046411106C6BA
:1024F000EF405042B2400145410182806F40704739
:102500006F4090496F40B04B6F40904D6F40904F7F
:102510006F4070516F4070536F4070556F4010574F
:102520008347160003460600A2075D8E6F40505891
:102530006F4090596F40505C6F40105F6F40F0618A
:102540006F40D0646F40F0666F4010696F40306B31
:102550006F40506D6F40706F03430100030E4100E8
:10256000834E8100034FC100834F0101834241012B
:10257000834381017EC816CA1ECC7AC676C472C255
:102580001AC06F40906E6F4090736F40B0756F408F
:10259000D0776F40F0796F40107C6F40307E6F5085
:1025A00040006F5020036F5040056F6010291307E3
:1025B000A5FF420785672A8841831385A7C7636CF7
:1025C000E502138707C801456368B70263E60503A0
:1025D0001307301F6362C702138766FF42074183F8
:1025E000938767C763EAE70005063306B6028E06DF
:1025F0003325D600828001458280411126C206C65D
:1026000022C4AA84EFE0107E19C52A842685EFD063
:1026100090692324A418B24022449244410182804C
:10262000834665010D47AA876384E60005458280DD
:102630000327451103464700A305C502034737009A
:102640006316D7020347B50075F3034705019306E8
:1026500000026307D7009306300201456317D700D5
:10266000130760022388E70001458280BD4663109E
:10267000D702034705019306000401451377B70FFE
:10268000E315D7FE130750042388E7008280B9467C
:10269000631AD7008346050113070003E398E6F8A1
:1026A0000547C9B7D1466317D7008346050113070D
:1026B0000005EDB7D9466318D70283460501130715
:1026C0005005E395E6F60327050A13670720232044
:1026D000E50A05472308E50003C71701136707F854
:1026E000A388E70051B7E946631BD700834605017D
:1026F00013075006E39CE6F21307A006A5B7FD46B4
:10270000631BD700834605011307A007E390E6F299
:10271000130710F881BF93063002E319D7F0834600
:10272000050113075008E393E6F005472308E50089
:102730000347A502136717002305E50271BF83272E
:1027400005110947A30AE50095C32381E700034764
:102750004505A381E7008347A50293E7870023058A
:10276000F502F1472308F500014582801D4582806E
:102770008547A30AF5008327051191CB15472381CF
:10278000E7009307B0022308F50001458280054564
:1027900082808547A30AF5008327051191CB19474D
:1027A0002381E7009307D0022308F50001458280CA
:1027B000054582808947A30AF5008327051181CF4B
:1027C0001D472381E700832705110347D5020145F3
:1027D000A381E7008280054582808547A30AF50032
:1027E0008327051191CB2D472381E70093077003C1
:1027F0002308F50001458280054582809947A30A98
:10280000F5008327051131472381E7001727FF1FB4
:102810001307C79D83564701A381D7009726FF1F43
:1028200083C6269E2382D7009726FF1F83D6669DE8
:10283000A182A382D700834687012383D700034761
:102840009701A383E7008347E50213F7070409CF45
:102850009307A0032308F5008347E50293F7F707E2
:102860002307F50201458280858BFDD78327050A62
:10287000A30505022307050293E707042320F50AB1
:10288000E1BF8947A30AF5008327051181CF3547AA
:102890002381E700832705110347B5020145A38182
:1028A000E7008280054582808D47A30AF5008327D3
:1028B000051191CF45472381E7000347C502A38156
:1028C000E7000347B50201452382E7008280054502
:1028D00082808547A30AF5008327051185C34947F0
:1028E0002381E7009307A0042308F5008347A5028E
:1028F00093E747002305F502014582800545828064
:102900008547A30AF5008327051191C74D47238109
:10291000E700014582800545828083270511D9C3E0
:102920002547A30AE50051472381E7000347451BDC
:102930008355651B8566A381E7000347551B938676
:1029400086840356A51B2382E7000347851BA383C8
:10295000E7000347951B2384E7002E8763F3B60047
:10296000368742074183A382E7008566218323835C
:10297000E70093868684328763F3C6003687420772
:102980004183A384E70021832385E7008347A502D1
:1029900093E747002305F502930700052308F50098
:1029A0000145828005458280032705118D47A30AD2
:1029B000F500D9472301F70083464514A301D7004A
:1029C00083475514918A2302F7000357A51CB1C60B
:1029D0009306F034814763FDE600930787E80357C9
:1029E000851415CB8587938757FD8D87C207C183D3
:1029F0000357851C63F3E7003E878347A50223073F
:102A0000E50493E747002305F502930750052308E3
:102A1000F500014582808D87F9B7858B99C79307AB
:102A200007FB2147B3C7E702D1B79307C7FB11479D
:102A3000D5BF032705118D47A30AF500DD47230104
:102A4000F70083474514A301F7008346551423027A
:102A5000D7000347B514F98F93F647000357A51C19
:102A6000B1C69306F034814763FDE600930787E81B
:102A70000357851415CB8587938757FD8D87C2072C
:102A8000C1830357851C63F3E7003E8793078005E6
:102A90002308F5008347A5022307E50493E74700D1
:102AA0002305F502014582808D87F9B7858B99C78B
:102AB000930707FB2147B3C7E702D1B79307C7FBCB
:102AC0001147D5BF832605118D47A30AF500E547B9
:102AD0002381F60083477514034665140547B31731
:102AE000F7003317C700D98FA381F6008347151469
:102AF0002382F6008347A50293E747002305F502EA
:102B0000930700062308F500014582808947A30A40
:102B1000F5008327051175472381E7001717FF1F6D
:102B20001307C76C03473700A381E70093075007DB
:102B30002308F500014582808947A30AF500832711
:102B4000051179472381E7000347F502A381E700D8
:102B50008327050A2167D98F2320F50A8547230893
:102B6000F500014582809717FF1F93872768B84BB0
:102B70009307800583464700B387F602145703275F
:102B80000511BE96A547A30AF5009307000223018D
:102B9000F7000356A51C8357651CB297D05A93873C
:102BA000C71263F3C700B287A301F70013D68700EB
:102BB000C1832302C700A302F7009C5E2303F70032
:102BC00013D68700C183A303C7002304F70083C77C
:102BD000C601A304F70083C7D6012305F7009307B6
:102BE000C0072308F500014582809147A30AF5003C
:102BF00083270511130730022381E700034785155A
:102C0000118B05CF0347A515238207009306F7FF15
:102C100005473317D700A381E70003473514A38284
:102C2000E7008347A50293E747002305F5029307D2
:102C300050F82308F5000145828083467514054746
:102C40003317D700A381E700034755162382E70017
:102C5000E9B79547A30AF50083270511130740023A
:102C60002381E700A3810700030735148306F515C8
:102C70006395E6008946A381D7008306E51563982E
:102C8000E60083C6370093E61600A381D7008306CB
:102C9000D5152382D7000346C515A382E7002383F9
:102CA000C70083478515858B81CB99C68327050A85
:102CB0004167D98F2320F50A01458280411126C240
:102CC0008324051106C622C4B547A30AF500A9C08E
:102CD00091472A842381F4009305851A21461385A0
:102CE000340097E0FE1FE78080BC1385B4001146D6
:102CF0009305041B97E0FE1FE78060BB930720024B
:102D00002308F4000145B2402244924441018280EC
:102D10000545D5BF83270511A1C7411122C406C6A9
:102D20002547A30AE5002381E7002A84032505112E
:102D30009305840F21460D0597E0FE1FE78020B71D
:102D40008327040AA3050402014593E70702232011
:102D5000F40A85472308F400B240224441018280EE
:102D600005458280A547A30AF50083270511A9C35D
:102D7000411122C406C639472381E7002A8403256E
:102D800005119305840F21460D0597E0FE1FE7808E
:102D900000B28347A402014593E747002305F402EC
:102DA000930700032308F400B240224441018280CB
:102DB00005458280E147A30AF50083270511D9CF95
:102DC000411122C406C63D472381E700034745075A
:102DD0002A8493058506A381E700034755073146FA
:102DE0002382E70003476507A382E70003576507CF
:102DF00021832383E7000347A505A383E700035747
:102E0000A50521832384E7000347C505A384E700C4
:102E10000347D5052385E70003574506A385E7004B
:102E2000034765062386E700035765061385E70019
:102E30002183A386E70097E0FE1FE78040A7834732
:102E4000A402014593E747002305F4029307000419
:102E50002308F400B240224441018280054582806B
:102E6000E147A30AF50083270511C9CB411122C40C
:102E700006C641472381E700034745072A84930597
:102E80008506A381E7000347550731462382E70003
:102E900003476507A382E700035765072183238360
:102EA000E7000347A505A383E7000357A505218392
:102EB0002384E7000347C505A384E7000347D5053E
:102EC0002385E70003574506A385E700034765060A
:102ED0002386E700035765061385E7002183A38651
:102EE000E70097E0FE1FE780809C930740042308DB
:102EF000F400B240224401454101828005458280B0
:102F0000411106C6AD47A30AF50083270511130733
:102F100090029305D5172381E700138537002946D2
:102F200097E0FE1FE780A098B240014541018280F2
:102F300083254511411126C206C622C483C7450018
:102F400003C735000568A207D98F1387A7FF42077B
:102F500041839306A8C7F94463E2E60C03C7650002
:102F600083C65500130808C82207558FF9446367C4
:102F7000E80A6365F70A03C6850083C67500220662
:102F8000558E9306301F63EBC60883C6A50083C821
:102F90009500A206B3E616016362D808130816006E
:102FA0003308F80293983600635A180783C8B500AF
:102FB0001398080113580801638408006360070729
:102FC0008358A5038144639D1701631BF700835851
:102FD000C5036397C8008354E503958C93B414002C
:102FE000231DC504231AF506231BE506231ED5045D
:102FF0002312050783C7D50003C7C5002A84A2078B
:10300000D98F2313F5063146B9051305850697E0D8
:10301000FE1FE780C0899147A30EF400B24022440E
:103020002685924441018280411122C406C685470B
:10303000A30AF5002A8483453515032705110345A6
:103040004515854693176500CD8F2301F700ED47A1
:10305000A301F7008347C4000346241593E7070242
:103060002306F400EF101076930770062308F4008F
:10307000B240224401454101828083274511130358
:10308000000E03C6470003C737002206598E1307F8
:1030900056FE420741836367E30683C6670003C7A2
:1030A00057001168A206D98E138786EB4207418329
:1030B000130888146368E80403C7870083C877008F
:1030C000220733671701930857FEC20893D80801F7
:1030D000636A130383C8970083C7A700A207B3E7F7
:1030E0001701938887EBC20893D80801636C180115
:1030F000231EC51A231FD51A2310E51C2311F51C06
:103100006FC0B029054582808346B5000547AA8770
:1031100005456395E60C83C6670131470545639F06
:10312000E60A03A7471183463700A38AD7048346DC
:10313000570003464700A206D18E239BD704834540
:10314000770083466700A205D58D239CB70403460C
:103150009700834687002206558E239DC704834629
:10316000B7000345A700A206C98E239ED7040345D6
:10317000C7000347D7002207498F03D5A703239F22
:10318000E7040147631BB50083D5C7036397C500F8
:1031900003D7E703158F133717002391E70603C7FB
:1031A0000701930600046304D702930640046315E5
:1031B000D70005472388E70003C717019546A38E6C
:1031C000D700136717F8A388E7000145828003C77B
:1031D000A702136717002385E702E1BF8280034738
:1031E00065018947631DF7008327451183C73700B1
:1031F000230AF504F5472308F500014582801D45A3
:1032000082808347B5002A87D9EB83466501B5479D
:1032100005456397F608834607019307000263910B
:10322000F60883274711014583C6570003C64700A8
:10323000A2064206B29603C66700B29603C63700DE
:103240006206B2962320D70C83C6970003C6870078
:10325000A2064206B29603C6A700B29603C677003E
:103260006206B296232ED70A83C6C70003C6D700CC
:10327000A2064206B29603C6B70083C7E700B2961D
:10328000E207B6972320F70E8347170193E78700DD
:10329000A308F700930730022308F7008280054552
:1032A00082808347B5009DE3034765018547631D21
:1032B000F70083460501130730026397E600930782
:1032C000C0022308F50081473E8582808547EDBF17
:1032D000834665010547AA870545639CE60203C747
:1032E00007019306B002631AD7001307E002238890
:1032F000E700A3850702014582809306D0020545B9
:103300006319D7001307E002A38507022388E700AB
:10331000DDB78280034765018947631EF704E947EB
:10332000A305F50283274511394783C73700639208
:10333000E7020347050193070003631EF702832793
:10334000050A93E707022320F50A85472308F500BD
:1033500049A83D476393E70283278510034705018A
:10336000F59B2324F510930700046316F7009307D9
:1033700060042308F5000145828049476391E70412
:10338000034705019307A004E317F7FE85472308C9
:10339000F5008347A50293E717002305F50283474D
:1033A000150193E707F8A308F50083270510C18BE3
:1033B000F9F383278510BD9B2324F5106DBF51477A
:1033C0006398E7020347050193070005E315F7FA41
:1033D00085472308F5008327050A93E70710232074
:1033E000F50A8347150193E707F8A308F50061B7CD
:1033F0005947639DE7000347050193075005E31C08
:10340000F7F68327050A93E7072035BF6947639FCF
:10341000E7000347050193075006E31EF7F48327EF
:10342000050A056713070780D98F31BF7147E38409
:10343000E7F47547639CE7000347050193075007CE
:10344000E31BF7F28327050A2167F9BF1307300250
:10345000E393E7F20347050193075008E31DF7F0F4
:1034600085472308F5008347A50293E71700230546
:10347000F50285BF0347B50085476311F70203478F
:103480006501631BF700034705016317F700930706
:1034900060032308F50081473E8582808547EDBFA4
:1034A000834665010547AA8705456393E60603C77A
:1034B0000701930670036315D70203C7A70223868B
:1034C00007049376070499C61377F7FB1367070180
:1034D0002385E702130780032388E70001458280E4
:1034E0009306500305456315D7021307800323880D
:1034F000E70003C7A7022386070401459376070464
:1035000081CA1377F7FB136707012385E7028280DF
:103510008280034765019947631EF7080327451119
:1035200083473700A307F5048347570083464700C6
:10353000A207D58F2318F5048347770083466700D9
:103540001307A003A207D58F834605012319F504AD
:103550008347E5026395E604858B99CB8327050AAB
:10356000A30505022307050293E707042320F50AB4
:103570008347A50293E717002305F5028547230833
:10358000F5008347150193E707F8A308F500834783
:10359000E50293F7F7FB2307F50201458280E20776
:1035A000E187E3D007FE8327450A93E70704232238
:1035B000F50AC1BF05458280034765018947630459
:1035C000F70005458280832745111307000483C750
:1035D0003700A305F5028347050193F6B70F6397FC
:1035E000E600930750042308F50025A013075005B3
:1035F0006393E7028327050A93E707202320F50A50
:1036000085472308F5008347150193E707F8A308CA
:10361000F50001458280130750066395E700930784
:10362000A006D1B713075008639CE700854723081D
:10363000F5008347A50293E717002305F502E1B7DC
:103640000347B5003DFF130700026386E700130739
:1036500030026395E7009307600271B71307A00774
:10366000E391E7F6930710F8BDBF83466501054770
:10367000AA8705456394E60403A787100545418B97
:1036800015CF03C707016318A7001307B0042388E9
:10369000E700014582801306A004631AC70003C730
:1036A000A7022388D700136717002385E70203A723
:1036B000870A1367070423A4E70AE1BF82808346D1
:1036C00065010547AA8705456393E60283C607019E
:1036D0001307A0040545639CE60003C7A7022388DF
:1036E000A7000145136717002385E70282808280C7
:1036F000034765018D47631FF718834715018D8BBD
:1037000091EB834605012147938706FC93F7F70F5A
:103710006361F702D9472306F5029307A002A305C8
:10372000F5028327850A93E727002324F50A01453C
:1037300082808347B50003264511639007149307E1
:1037400050056398F600D9472306F5029307300227
:10375000F9B79717FF1F938767A98345460003C7EB
:10376000A70383C7B703834865146D8F2305E5144A
:1037700003463600F18F0546A305F51433161601EE
:103780006314C70023050514034875148545B395D4
:1037900005016394B700A30505140347A5148347E7
:1037A000B5145DCFD9CB93752700B1C113F62700AF
:1037B0001DCE930720202315F5140347A514854734
:1037C000B39717016314F700230505140347B514D5
:1037D0008547B39707016314F700A30505148547D0
:1037E0006398F608930760052308F50089B71376F8
:1037F000470001CA13F347006305030093074040E5
:103800005DBF058B19C713F7170001C79307101089
:103810005DB7094781E5114711E205472305E51426
:1038200013F7270009C78947A305F51479B7918BCA
:1038300099C39147D5BF8547C5BFB3570741858B0E
:1038400081C72305B51495BF9377270089C789479A
:103850002305F5149DB7118B91477DFB8547CDBF9F
:10386000A9DF33D71741058B45DFA305C514B1B7D1
:103870008327850A93E707104DBD85476397F600B8
:1038800083474600A305F514B1BF8327850A93E754
:10389000072061BD05458280834665010D47AA87E3
:1038A00005456394E61483C60701130750050545D3
:1038B000639DE61203C7B7006319071283C6471456
:1038C00003C7571403A6471133F5E60083454600A6
:1038D00019ED6396B60003453600630AE5002395AB
:1038E0000714130770052388E70001458280ED8ED9
:1038F0002385D7140346360003C86714718F054625
:10390000A385E714331606016394C60023850714C4
:1039100003C577148545B395A5006314B700A38547
:10392000071483C6A71403C7B714C5CA41C793F5C4
:1039300026009DC91376270005CA1307202023956A
:10394000E71483C6A7140547331707016394E600FD
:103950002385071483C6B71405473317A700E392DE
:10396000E6F8A3850714B5BF13F6460001CA93789D
:1039700047006385080013074040D1B7858A99C680
:103980009376170081C61307101055BF894681E54D
:10399000914611E285462385D7149376270089C680
:1039A0000947A385E71471BF118B19C31147D5BF10
:1039B0000547C5BF33D7A640058B01C72385B7147C
:1039C00049B713F7260009C709472385E71495BFB0
:1039D000918A1147FDFA0547CDBF25D7B356074158
:1039E000858AC5DEA385C714A9BF82808346B5003A
:1039F0000547AA870545639FE60683C66701154705
:103A000005456399E60603C707019306500563065B
:103A1000D70093068005631FD70403C7A70283A5B9
:103A20004711136717002385E70203C645001147B6
:103A3000636EC70083C63500636AD7001307F6FFBD
:103A40001385F6FF718F758D498F11C70547238840
:103A5000E7000145828003C7650003C55500238543
:103A6000C7142207498F2396E714A385D714130799
:103A7000A005F1BF82808347B50095E383466501C9
:103A80000D478547639BE600034705016317F70071
:103A9000930710062308F50081473E8582808547FD
:103AA000EDBF0347650189476310F706832745117A
:103AB0009705FF1F83C5257883C7370013F6F701E5
:103AC00013D767009707FF1F83C7D77663EAC7003E
:103AD0008346E514A18A89C6B3D6E540858A9DE66A
:103AE000E9472306F5028547B397E700ED8F8D8BF5
:103AF000794799C3130700028327850AA305E502C6
:103B000093E727002324F50A05458280230AE5145C
:103B100003470501A309C51485476318F7009307F8
:103B200060062308F500014582808327850A93E714
:103B300007402324F50AC5BF034765018947631C75
:103B4000F702832745110347050183C73700230880
:103B5000F50285476318F700930760072308F5000F
:103B6000014582808327850A056713070780D98F5F
:103B70002324F50AF5B70545828083466501094788
:103B8000AA870545639FE60283C60701130750070E
:103B900001456398E60203A74711A1660347370072
:103BA0002388E70203A7070A558F23A0E70A0547E2
:103BB0002388E70003C71701136707F8A388E70006
:103BC00082808280834665011547AA8705456399EF
:103BD000E60C83C607011307500805456392E60CFF
:103BE00003A7471183463700A38DD71483064700E8
:103BF000A382D716030657002380C7160347670022
:103C00002382E71603C7871593754700B5CD89460C
:103C1000A38CD71483A6070AC1656D9BCD8E23A004
:103C2000D70A238CE71403C7A7169376170085C21B
:103C30009306F0076306D600136727002385E7166F
:103C400003A7070AB7060200558F23A0E70A170744
:103C5000FF1F1307A759034737000145A387E70252
:103C600003C74703A380E71605472388E70003C778
:103C7000A702136717002385E70203C7170113671D
:103C800007F8A388E7008280098B51DFC9DE03A70C
:103C9000070AC166A38CA714558F23A0E70A61B752
:103CA0008280834665011547AA8705456390E60A29
:103CB00083A64711014503C636001377060F59E75F
:103CC0001707FF1F03475756718F49C303C7660085
:103CD00011482380E716838556000147A382B71653
:103CE000130517003357E640058B9378F50F15CF72
:103CF000238D171503C74600A38DE71403C7871547
:103D0000937647009DC68946A38CD71483A6070ADD
:103D100041666D9BD18E23A0D70A238CE71403C77D
:103D200047030145A380E71682802A87E31A05FB33
:103D3000D1B7098B6DD7E5D50547A38CE71403A749
:103D4000070AC166558F23A0E70AD1BF8280834648
:103D500065011147AA8705456393E60A83C5B70045
:103D60000545639EA50883A6471103C83600636610
:103D7000050303C74600130510091306B7FF1376A2
:103D8000F60F636CC50003C656009306B6FF93F6A4
:103D9000F60F6364D5006371E6027947A385E702F5
:103DA000130780022386E70203A7870A01451367EA
:103DB000270023A4E70A828083A6C710014593F653
:103DC000060895CE83C647176317B80293E6160018
:103DD000238AD7169306000AA38AE7163307D70269
:103DE00083D6A7033347D70283D6070485063697C1
:103DF000239BE7168280D99A238AD71682808280F5
:103E000083270511DDC32547A30AE5005547238114
:103E1000E7000347451B8355651B8566A381E700C3
:103E20000347551B938686840356A51B2382E70010
:103E30000347851BA383E7000347951B2384E70003
:103E40002E8763F3B600368742074183A382E700DB
:103E5000856621832383E70093868684328763F314
:103E6000C600368742074183A384E7002183238568
:103E7000E7008347C507A305050299C78327050AFD
:103E800093E707102320F50A8327450A1397470174
:103E9000635807007D771307F77FF98F2322F50A10
:103EA00085472308F5000145828005458280034748
:103EB0006501AD476318F702411106C683474517F0
:103EC00083254511294693E70701230AF5168D0539
:103ED0001305D51797D0FE1FE780609DB2400145BE
:103EE00041018280054582808347B500EDE741119D
:103EF00022C406C603476501E1472A8405456318C5
:103F0000F70C03470401930700046312F70C8325A1
:103F1000441105659306A5C703C7450083C735004F
:103F200022075D8F9307A7FFC207C18363ECF608E2
:103F300083C7650083C65500130505C8A207D58F42
:103F40006362F50863E0E70803C6850083C6750071
:103F50002206558E9306301F63E6C60683C6A5006B
:103F600003C89500A206B3E60601636DD5041305E8
:103F700016003305E502139836006345A80403C80C
:103F8000B5001315080141816304080063ECA70222
:103F9000231DC4042312A406231AE406231BF406DB
:103FA000231ED40483C7D50003C7C5003146A2072A
:103FB000D98F2313F406B9051305840697D0FE1F85
:103FC000E780E08E930770042308F4000145B240B7
:103FD00022444101828005458280411126C206C6E5
:103FE00022C403476501E14785446318F70483272A
:103FF00085102A848544898BA9C38347B5006391C2
:104000009706EFE0FFF283470401A305A40263973C
:104010009700930710042308F40039A8130700043D
:104020006393E702930710042308F4008347A40274
:1040300093E717002305F4028144B2402244268509
:104040009244410182808327040A93E727002320BA
:10405000F40A8347140193E707F8A308F400E9BFC3
:10406000834715018D8B99CF9307A002A305F40216
:10407000BD472306F4028327840A93E727002324FD
:10408000F40A5DBF8347050163979700EFE05FEA9D
:10409000A305A402BDBF130700026390E702EFE08F
:1040A0003FE9A305A402814449F98327440A37075D
:1040B0000080D98F2322F40A49B713070004E39E36
:1040C000E7F6930730025DB7411126C206C622C447
:1040D0008347B5008544A5E703476501A5478544A7
:1040E000631FF7048327850FA18BB1CB832545116F
:1040F0002A8421468D051305051097C0FE1FE78011
:10410000007B83270410B73678089386060DDD8E72
:104110008327441013E707018327840FF58F232497
:10412000F4108327C40FF98F2326F410834704016A
:10413000639D9700930710032308F4008144B24065
:10414000224426859244410182808327840A93E792
:1041500007012324F40ADDB7411126C206C622C492
:1041600003476501A5478544631AF7060347050120
:104170009307000385446313F706832545112A84BA
:1041800021468D051305051097C0FE1FE78020729C
:1041900083270410B73678089386060DDD8E8327B3
:1041A000441023089400A305040213E707018327A2
:1041B000840F8144F58F2324F4108327C40FF98FD3
:1041C0002326F4108327040A93E707022320F40A26
:1041D0008347140193E707F8A308F400B240224490
:1041E00026859244410182808347B5000547639547
:1041F000E708411122C406C68346650125472A8483
:1042000005456390E606034704016310F70683251E
:1042100044112146130504108D0597C0FE1FE78049
:10422000006983270410B73678089386060DDD8E63
:104230008327441013E707018327840FF58F232476
:10424000F4108327C40FF98F2326F410930710036B
:104250002308F40083471401014593E707F8A308F6
:10426000F400B2402244410182808327840A93E70C
:1042700007012324F40AF9BF054582800347B500EE
:104280008547631CF704411122C406C626C20347B2
:104290006501A1472A840545631CF7028324441164
:1042A0001305841215469385340097C0FE1FE780DE
:1042B000006083C7940003C784000145A207D98F1B
:1042C0002317F4128347140193E727F8A308F40097
:1042D000B2402244924441018280054582800347D6
:1042E000B50085476310F716834665015D47639CFB
:1042F000E614011126CA8324451122CC21462A84C2
:10430000938534001305F51806CE97C0FE1FE7808D
:10431000005A83C7C40003C7B400A207D98FA30BF8
:10432000F418A183230CF418EF006FB92AC4EF002E
:104330000FB92AC62C001305841A214697C0FE1F08
:10434000E780E05683C7F40003C7E4001305041BAD
:10435000A2074207BA9703C704012C001146BA9777
:1043600003C7D4006207BA972324F40C83C734012F
:1043700003C72401A2074207BA9703C74401BA97AB
:1043800003C714016207BA972322F40C0347941A57
:104390008347A41A4207A207BA970347B41ABA97E9
:1043A0000347841A6207BA972320F40C0347D41AF0
:1043B0008347E41A4207A207BA970347F41ABA9749
:1043C0000347C41A6207BA97232EF40AA247374755
:1043D00003001307D73FB387E70237A72600130769
:1043E00037ECBA973EC497C0FE1FE780404C83C7A6
:1043F000640103C77401A2074207BA9703C75401B7
:10440000BA9703C784016207BA97232EF40C0347B7
:10441000241B8347141B4207A207BA970347041BB8
:10442000BA970347341B6207BA972320F40E930709
:1044300010022308F400F24062448147D2443E85D2
:104440000561828085473E858280034765019147EB
:10445000631EF712411126C28324451106C622C4E9
:1044600003C7340001CB9307F7FFF98F81E79377F8
:10447000070F8DC793070002A305F50293073002CB
:104480002306F5028327850A93E727002324F50AEC
:10449000B2402244924401454101828083C55400C8
:1044A0009306E007814711466397D500F947E9B7BE
:1044B000B687638CC60093861700B357F740858B89
:1044C00093F5F60FF5D7230DB514838744002A849E
:1044D000ADC7A30EF514030535143387A700137574
:1044E000F50F635AF0008307F41563DAE700898F4C
:1044F000A30EF41429A08307E415E34AF7FE8347CB
:10450000D4153E9562056185EF0090122301A41435
:10451000EF00700A83473414A301A414B307F540D5
:10452000A30EF414EF00D0108347A41503473414EE
:104530002301A414A297A382E716830744038306EA
:104540002416014763D5F600958F13F7F70F230E56
:10455000E41483C7540005472300F416834704017D
:104560006397E700930760F82308F40015B7130773
:1045700050086396E700FD57230EF414E5B7832730
:10458000840A0967D98F2324F40A19B70545828064
:1045900003476501A547631EF704411122C406C6FF
:1045A00083460501130700052A8485476397E602C1
:1045B000EFE0BFAC05E98327040AA305040293E7F3
:1045C00007102320F40A8347140193E707F8A30890
:1045D000F40085472308F4008147B24022443E8519
:1045E000410182808347A40293E717002305F40268
:1045F000D9BF85473E85828003476501A54763098A
:10460000F700054582800545B24022444101828081
:1046100083278510411122C406C693F707022A8416
:10462000FDD3EFE09FA58547E30FF5FC03470401A9
:104630006318F700930710052308F4000145E9B754
:104640008327840A93E707082324F40AC5BF054596
:10465000828005458280054582800545828005452A
:10466000828005458280054582800545828083479A
:10467000C500A30A0500F19B93E717002306F50088
:10468000032505111335150082801707FF1F034707
:10469000D7A49547630BF7009707FF1F938787A35E
:1046A00083C777000D47631FF7009707FF1F83C776
:1046B000F7A2639F0710930760101707FF1F231FC0
:1046C000F7A0828041119707FF1F938727B21945F2
:1046D00022C426C2E05F06C64AC0EF00B026970794
:1046E000FF1F9387E79E944337C7898E130767EDB3
:1046F00098C63757550013075755D8C203472402A9
:104700009306F00FBE846307D700FD57A300E402B1
:104710002301F4020345140289476303F5000145B0
:104720001709FF1F1309899D0327090001469305F7
:10473000F00F5C4393E717005CC3930710FA23055F
:10474000F40099471707FF1FA309F7989707FF1F62
:10475000238207989707FF1F23800798EF00E07DCB
:104760009707FF1F9387C79E9443DC56F59BDCD6C3
:104770009C40034794001376F7079843137707F894
:10478000518F98C398431377F7CF98C39843137703
:10479000F7CF1367072098C39C4637073300B24012
:1047A000D98F032709009CC6B70703009387871595
:1047B0003CCB9707FF1FA38107929707FF1FA38B8F
:1047C0000790224485471CC39244024941018280DC
:1047D00082804111B7E700E026C2844337072000FA
:1047E00006C622C4F98C23A0E7180F100000170793
:1047F000FF1F0347B78E9707FF1F9387A78D01CF32
:104800009706FF1F83C6868D09476396E600170744
:10481000FF1FA305078C03C77700A1466387E60047
:1048200003C777009D46639DE60083C7770017079F
:10483000FF1F2305F78A85471707FF1FA300F78A85
:10484000EF0010089707FF1F9387479AE05F6840C3
:10485000231504002304040097D0FE1FE78040C501
:10486000914523100404232204042324040417F58F
:10487000FE1F03451563EF008FCBA14517F5FE1F03
:1048800003453562EF00AFCA034514039307F00FE9
:104890006307F500EF00EFD0FD57A308F4020345CE
:1048A00004039307F00F6307F500EF008FCFFD5768
:1048B0002308F402B2402244B7E700E023A0971097
:1048C000924441018280011126CA9704FF1F9384FC
:1048D000E49122CC03A4040C4AC84EC652C456C26A
:1048E00006CE2A898149130A2500854A29E89305BD
:1048F0007025314597D0FE1FE78060AC2A840145C2
:104900003DC083471900194693052900A300F40010
:104910001305240097C0FE1FE78060F983A7040CED
:10492000A1EF9707FF1F23A387982324040083C7C1
:10493000C40B85071707FF1F2308F79625A0034719
:104940001400834719006305F700A289004479BF6A
:104950001946D2851305240097C0FE1FE780A000EA
:10496000E31555FF0545F2406244D2444249B2493D
:10497000224A924A05618280E38909FA23A48900C8
:104980006DB79707FF1F9387678603A5070C11E98B
:104990009707FF1F23AC07909707FF1F23860790F9
:1049A0008280411106C622C4004597D0FE1FE780D1
:1049B00020B0228575F8B24022449707FF1F23A735
:1049C000078E9707FF1F2381078E4101828097077B
:1049D000FF1F9387A78123A0070C238E070A8280DD
:1049E00017F7FE1F1307876E1C439306001094C32E
:1049F00001000100010001001C4323A007008346C1
:104A0000150003482500A2064208C2960348050087
:104A1000C296034835006208C29694D78346550073
:104A200003486500A2064208C29603484500C296A4
:104A3000034875006208C296D4D7834695000348A0
:104A4000A500A2064208C29603488500C296034804
:104A5000B5006208C29694DB8346D5000348E500A2
:104A6000A2064208C2960348C5000345F500C29657
:104A70006205AA96D4DB83C6150003C52500A206ED
:104A80004205AA9603C50500AA9603C5350062052E
:104A9000AA9694CF83C6550003C56500A2064205B9
:104AA000AA9603C54500AA9603C575006205AA9695
:104AB000D4CF83C6950003C5A500A2064205AA96D9
:104AC00003C58500AA9603C5B5006205AA9694D3CE
:104AD00083C6D50003C5E500A2064205AA9603C514
:104AE000C50083C5F500AA96E205AE96D4D3D4439B
:104AF000F59AD4C3D44393E61600D4C3944393E603
:104B0000160094C3BA879443D842058B59E3984E54
:104B100001452300E6009843184F2183A300E600D7
:104B20009843184F41832301E6009843184F61834F
:104B3000A301E6009C43D84F2302E600D84F21830F
:104B4000A302E600D84F41832303E600D84F6183D8
:104B5000A303E60098532304E60098532183A3049B
:104B6000E600985341832305E60098536183A3052B
:104B7000E600D8532306E600D8532183A306E600B7
:104B8000D85341832307E600DC53E183A307F600F3
:104B9000828001008DBF011122CC2A84354506CECA
:104BA0002EC632C4452397F7FE1F93872755984397
:104BB00022853C4B93E707083CCB2246B245EFF0F9
:104BC0003FE2F240624401450561828097F7FE1F93
:104BD0009387C75298433C4B93E707083CCB0100AF
:104BE00001000100010097F7FE1F9387274E9C43A9
:104BF00003A7450E16051365050888C398CB03A7C0
:104C0000850E0145D8CB03A7C50B98CF03A7050C8C
:104C1000D8CF03A7450C98D303A7850CD8D303A7F7
:104C2000C50C98D703A7050DD8D703A7450D98DB6A
:104C300003A7850DD8DB03A7C50D98C703A7050EED
:104C4000D8C798431367070498C3828097F7FE1F5D
:104C50009387C74A98433C4B93E707083CCB010036
:104C600001000100010097F7FE1F938727469C4330
:104C700003A7C50E16051365050888C398CB03A7BF
:104C8000050F0145D8CB03A7C50B98CF03A7050C8B
:104C9000D8CF03A7450C98D303A7850CD8D303A777
:104CA000C50C98D703A7050DD8D703A7450D98DBEA
:104CB00003A7850DD8DB03A7C50D98C703A7050E6D
:104CC000D8C798431367070498C3930700F817F7EA
:104CD000FE1F2304F740828097F7FE1F9387473F0C
:104CE0009C43B7068000B70500829843FD15558F99
:104CF00098C31307F00F98DF13070005D8DBD857C8
:104D0000B7060080558FD8D7D45717F7FE1F034733
:104D1000E71F131687011377F703ED8E6607558F8C
:104D2000D8D7618617F7FE1F130787429306A003A3
:104D3000184363DCC600744F37060007D18E74CF6A
:104D4000370702001307C72099A09306200263DAF1
:104D5000C600744F370600F97D16F18E3706000540
:104D6000F1BFB70600F99385F6FF744F6945ED8EE4
:104D70006355C50037060003D1B7B7050001CD8ED6
:104D800074CFE35F06FA3707020013070721D8DF65
:104D9000984B137707FC1367E70098CB37E700E0E1
:104DA000D147A309F70497C7FE1F9387271C93E7F2
:104DB00017007CD7828093178501E18763C80706B7
:104DC0001377050499472DE31307A0039147636DFB
:104DD000A7041307A0028D476368A70413072002E6
:104DE00089476363A70469478547636FA7025147F3
:104DF0008147636BA7024947FD576367A70239479D
:104E0000F5576363A7022947ED57636FA70019475A
:104E1000E157636BA7001147D9576367A70009479C
:104E2000B1576373A700C5573E858280A547EDBF84
:104E3000B557634DF50449578D476347E5045D5702
:104E400095476343E50465579D47634FE5027157F6
:104E5000AD47634BE5027957BD476347E502CD4750
:104E600063440502D5470DC10547ED47630EE500D4
:104E70000947930730026309E5000D479307B00324
:104E80006314E5009307B0023E8582808547EDBF3D
:104E90009387C1959C4399CB944BD04B9842518FAB
:104EA00098C294439C479842D98F9CC297F7FE1FA3
:104EB0009387072217F7FE1F0347672217F6FE1F87
:104EC0001306C62305489C431307E7091442631ED3
:104ED000050388431365050888C3C8468177FD1715
:104EE000E98FDCC60F1000001C42B7060200AD05BA
:104EF00094C7930600F817F6FE1F230FD61C8A05E9
:104F0000BA958605ECD3C8C7828088431375F5F738
:104F100088C3C8468177FD17E98FDCC60F100000F3
:104F20001C42B7060200A90594C7930600F817F6BD
:104F3000FE1F2303D61A8E05E1B79387C1959C43C4
:104F400089CFD44303A8870098423367070198C2EA
:104F5000D447DC4B9842D98F9CC297F7FE1F9387AA
:104F6000271705479C439505631EE50298438E0568
:104F70001367070898C3984F137707C01367A713E1
:104F800098CF13078007A389E7009385C50397F798
:104F9000FE1F23A9B71411C6060697F7FE1F23A309
:104FA000C7148280984392051377F7F798C3984FF8
:104FB000137707C01367271398CF1307F007A38948
:104FC000E700E1B711C9371700408357870121680F
:104FD000B3E70701231CF7008E0597F7FE1F238018
:104FE000B71097F7FE1F9387A70E22069C43498EA2
:104FF0004D8EB70510004D8EB0D7B85713674700D8
:10500000B8D7B85791C6B7060400558FB8D7828075
:10501000B706FCFFFD16758FD5BF411106C617F701
:10502000FE1F0347A70BA1476311F70497F7FE1F65
:1050300083C7070D858B17F6FE1F0346960E97F65E
:10504000FE1F83C6060EBDC797F7FE1F9387470D49
:10505000C8432DC1834515000905EF00900C11C50B
:10506000854717F7FE1FA30BF70617F7FE1F034729
:10507000E7069947631CF70097F7FE1F938707170A
:10508000FC5F83C7B70095CBEFF02FE017F7FE1F4B
:105090000347C7049D476312F70297F7FE1F9387E4
:1050A000E71483A7070983C7770081CBB24041018A
:1050B0006FC0102D814501454DB7B240410182803E
:1050C00017F7FE1F130787031C43B44B93F6F68FA5
:1050D000B4CB944393E6860094C39C438D83858B25
:1050E00089C7010001000100010097F7FE1F9387A7
:1050F00027FE94439C4293F7F7CF93E707109CC297
:1051000097F7FE1F9387C7049043B706CEFFFD169F
:105110001C46F58F1CC61C4337070300B8CB93878A
:10512000C1959C4399CBD44390479842518F98C2E4
:10513000944BDC4B9842D98F9CC297F7FE1FA38EED
:1051400007F8828097F7FE1F938747FB9C439C4399
:105150008D8B638307104111B7E700E04AC003A9B4
:10516000070026C23707200006C622C4AA84337966
:10517000E90023A0E7180F10000017F7FE1F0347F0
:10518000D7F58D4717F4FE1F1304C4F4631BF70013
:1051900097F7FE1F9387C7F69C4B0146814545450F
:1051A00082971947639CE40497F7FE1F83C717F3A0
:1051B00099CB97F7FE1F83C767F26396970097F71F
:1051C000FE1FA38D07F08347740021476318F70083
:1051D0009307801017F7FE1F2312F7F097F7FE1FB3
:1051E000238507D0EFF0DFEDB2402244B7E700E0BF
:1051F00023A0271192440249410182809D47639F69
:10520000F40097F7FE1F83C777EDD5DF17F7FE1F72
:105210000347C7EC8D47E318F7FA55B78346740088
:10522000630BD700034774006387E700834774006C
:105230002147E315F7FA97F7FE1F83C737EAD9FF2F
:105240008347740017F7FE1F230AF7E8854717F70F
:10525000FE1FA305F7E859B782805D7156DA97FA09
:10526000FE1F938AEAE603A70A0086C6A2C4A6C266
:10527000CAC04EDE52DC1C4317FAFE1F130A4AED69
:1052800097F9FE1F938989E793F7F7CF93E7071004
:105290001CC383260A003707CEFF7D179C463709BB
:1052A000030013068002F98F9CC683A709002A8495
:1052B000AE8423A8270593051008280097B0FE1F89
:1052C000E78000663545EFF0FFE783A70A00937695
:1052D000F41F3706330023A40700984B13098915E0
:1052E000617F1367F70398CBF84FCE88130510F84A
:1052F000137707E0558FF8CF9843D6855288136708
:10530000070898C317F7FE1FA30807DC83A6090048
:1053100017F7FE1FA30007DC054798C29843A16258
:105320009303401F1377F7CF98C398437D1F854998
:105330001377F7CF1367072098C303270A00930F4B
:1053400080021C47D18F1CC723A8260501473400C3
:1053500011491353370026938347030013767700D0
:10536000B3D7C740858BDDCF9C41832E080023AC8B
:10537000070423A0070603AECE02137EDEFF23A69A
:10538000CE0383AE0700137EF70793FE0EF833EECD
:10539000CE0123A0C70103AE4702336E5E0023A2F5
:1053A000C70383AE0800014E23A27E0603AA0706A8
:1053B00063074E0303AE0703038A0600135EFE0075
:1053C000620E135E8E416358CA0103AE0703135E7B
:1053D000FE002380C60103AE0706137EFE0F03AA5C
:1053E0004E0663060A0003AA8705E37F49FB03AE66
:1053F0004702337EEE0123A2C70383870600635C66
:10540000F400034E03003396C9001346F6FF3376CB
:10541000C6012300C3003E8663D3A7002A86131566
:105420008601618505071377F70F8506E313F7F308
:1054300098411C4B93F707FC93E7E7001CCBB64061
:10544000264496440649F259625AD25A61618280D2
:10545000011122CC2A8411452EC632C436C206CE92
:10546000EFF05FCE97F7FE1F938787C69C43B70880
:105470003300D857719B13671700D8D717F7FE1F53
:105480001307C7C708431307800778D198431377DA
:10549000F7CF98C398431377F7CF1367072098C3C4
:1054A00017F7FE1F1307C7CA1843B24592460328D1
:1054B00087002246336818012324070137080300B8
:1054C0001308882523280505CDC14C57136404040F
:1054D000F5994CD71377F4078043137404F8598C6B
:1054E0003747767180C31307971298C7375755000F
:1054F0001307575517F4FE1F1304C4BDD8C31C501F
:10550000B6853CDD97F7FE1F238707BC97F7FE1F84
:10551000A38307BC97F7FE1F238007BC5C41F99B60
:105520005CC19147014517F7FE1FA308F7BA97C062
:10553000FE1FE78060CA9387C195984311C7544303
:1055400018479C42D98F9CC283473400858B91CBEE
:1055500097F7FE1F83D707CA850717F7FE1F231B80
:10556000F7C8F2406244056182804C57F5994CD7E8
:105570001377F4078043137404F8598C37C7898E66
:1055800080C3130767ED95B7011126CA4AC84EC6F6
:10559000C1643709006AB70900AC22CC52C406CEF8
:1055A0000544FD141309690E9389E90C130A0002DE
:1055B00005E49305000F4145EFF0FEDEB7B7006A42
:1055C0004205938767CE5D8DF2406244D2444249E2
:1055D000B249224A05618280A6850145EFF0FEDED0
:1055E0009317850013F7071033E5270119C333E537
:1055F000370181470147E145B356F500850733562A
:10560000F500858A058A6307D60005071377F70F2B
:1056100063E4E504E39247FF81471306F003ED4698
:105620003357F5001377F70305CB6307C7028507E8
:10563000E398D7FE135785009377F50F1377F70F8D
:10564000E394E7F8135705011377F70FE39EE7F6A6
:1056500013578501E39AE7F605041374F40F89BF25
:1056600017F7FE1F034777A791476309F70C97F7D2
:10567000FE1F9387A7A59843B7C7004093870730BD
:10568000631EF70A0111354506CE22CC26CA4AC848
:105690004EC6EFF03FAB97F9FE1F938969A31D2A11
:1056A000EF007039EFF04FE383A7090017F9FE1FF1
:1056B000130909AAB7063300984397F4FE1F938491
:1056C000E4A3370403001367070898C398431377CC
:1056D000F7CF98C398431377F7CF1367072098C382
:1056E000032709001C47D58F1CC79C40130784550E
:1056F000B8CBEF00704CEF10F01EEF00103FEF0042
:10570000104803A709001C4393F7F7CF93E707104E
:105710001CC3832609003707CEFF7D179C46F24045
:105720004249F98F9CC69C40B249D244A0CB624406
:1057300097F7FE1FA383079A056182808280B7C70F
:1057400000401387073097F6FE1F23A1E6981387C2
:105750000720411197F6FE1F23A2E69A93870710B0
:1057600037D7004022C497F6FE1F23A3E69E17F406
:10577000FE1F1304249617F7FE1F232BF79485476B
:10578000A303F40097E7FE1F938707779C4306C6A1
:105790005CD0938707111CD097B7FE1F9387677D56
:1057A00023A0F196EFF0DFEBB7E700E0A3050400DC
:1057B00003C7574113670708A38AE740B24037077A
:1057C0001000224423A0E7103707200023A0E71091
:1057D0004101828017E7FE1F130707720307470185
:1057E00097F7FE1F938787919C43635A070413071B
:1057F0004008D8CBF8C313076007D8CFF8C7930683
:10580000C008D4D31307E006D8D7D4DBD8DF1307FA
:1058100080072393E700F84BB7060080558FF8CB3D
:105820005147F8CB17F7FE1F1307C78A5853F8DF05
:105830007D5798C737071F003D07D8C782801307D9
:10584000C00845BF97F7FE1F93878790984317F6C8
:10585000FE1F1306E68A97F7FE1F93876787944318
:105860008347160013F8F707D9C588425C421375C1
:1058700005F83365050188C213F5150001C993F5D4
:10588000050341456386A506938787C14C57416848
:10589000130808A093E525004CD7B3D50703B70834
:1058A00010FEFD18B3F70703FD89139545016C43FE
:1058B000B3F51501C98D6CC39305A00F3705FCFF27
:1058C000AA07B3D7B7026C43E98DBA07B983CD8F66
:1058D0007CC383470600898B99CB9C4293F7F707DB
:1058E00013E707049C4293F707F8D98F9CC2828084
:1058F0009387078361BF5C57F59B5CD79C4293F706
:1059000007F8B3E707019CC2E9B7411106C697F74C
:10591000FE1F238E0780EFF0AFFAB2400145410130
:1059200082807971B7E700E026D2844337072000F0
:1059300006D622D44AD04ECE52CC56CAF98C23A0D9
:10594000E7180F10000017E4FE1F1304647B1844CF
:1059500009EF23A097100545B250225492540259E2
:10596000F249624AD24A4561828017F7FE1F130747
:10597000E7870327470A09C723A097100945E9BF0E
:1059800083470400328AB689858B2E86AA8ABDC7D2
:1059900017E9FE1F1309C9788327490095E317E526
:1059A000FE1F0345B5772EC609059305900497C0E1
:1059B000FE1FE780C0A0324697E7FE1F23A4A7760C
:1059C0008327490099E7B7E700E023A097100D452A
:1059D00061B717E7FE1F0347C7742380E7008327DB
:1059E0004900638F0A0429CEA380C700032549001C
:1059F000D685090597B0FE1FE78060EB17E7FE1F0D
:105A00000347B76D9547630CF70097E7FE1F83C701
:105A1000E76C19476385E7000D476396E70297E750
:105A2000FE1F83C7B76B99E79307801017E7FE1F28
:105A30002316F76AB7E700E023A09710014529BFB6
:105A4000A380070065BF17E9FE1F1309296B832791
:105A5000090098430D8B0DC717E7FE1F2307074862
:105A6000B84B1377F78FB8CB98431367870098C369
:105A70009C438D83858B89C70100010001000100D3
:105A8000832709003707020097EAFE1F938A4A69B5
:105A900023A2070698C797E7FE1F238F076297E7A1
:105AA000FE1F83C7A768918B89EB97E5FE1F83C50F
:105AB000256593F70504639C0712814517E5FE1FD2
:105AC00003451564EFF01FD817E5FE1F0345456336
:105AD0001185014697E5FE1F83C545640D89EFF0EA
:105AE000CFC517E7FE1F1307A75E14441C4394C7D6
:105AF0005444D4C383260900834704003A8413F630
:105B00001700DC42F99BD18FDCC283A74A00BCDEC0
:105B100097E7FE1FA387476197E7FE1F238337613F
:105B200083C7EA0093E7470097E6FE1F2381F660EC
:105B30009307000497E6FE1F238EF65897E7FE1F93
:105B4000238C0758A14797E6FE1FA388F65897E7CE
:105B5000FE1F9387673A9C5791CB13060064C1459B
:105B600017E5FE1F0345C55CEFE0FEF18327090042
:105B70001705000013052533DC43858B89E71705DE
:105B800000001305C507EFF0AEC1184097E6FE1FF1
:105B90009386065C370633001C4393F7F7CF1CC38C
:105BA0001C4393F7F7CF93E707201CC39C42984709
:105BB000518F0326090098C737070300130787157D
:105BC00038CA17E7FE1FA309075017E7FE1FA303F4
:105BD0000750054718C2D8431377F7EFD8C3010021
:105BE000010098425C4393E707105CC3A1B593F5AD
:105BF000050393E515004840F1B5011197E7FE1F35
:105C000083C7574D06CE22CC26CA4AC8858B17E7D4
:105C1000FE1F1307274C6386072497E7FE1FA38BFD
:105C2000074A3A84A30701004453EFF01FCE97E7D9
:105C3000FE1F83C7A74F918B97E6FE1F9386464EA4
:105C400017E9FE1F1309C94B638A071A83C714009B
:105C5000A69703C7070093070008631AF700834756
:105C6000090093E7870017E7FE1F230BF7485C4CFA
:105C70000D47637FF710F11717E7FE1F232AF7463A
:105C80005C4C984663EDE7103387E74083C7140008
:105C900003C6C600A69783C71700620661868E07F3
:105CA0006350061263F4E7101D8F9306000263EB46
:105CB000E600584C636FF70EB307F74017E7FE1F77
:105CC0002324F746894517E5FE1F03456546EFE0A7
:105CD000FEBB83470900A18B638D071097E7FE1F6A
:105CE0009387C74194439307800C1307F00FFCD2AE
:105CF0001C5037063300014598C397E7FE1F238CDD
:105D0000073C97E7FE1FA388073C97E7FE1F238504
:105D1000073C97E7FE1FA381073C97E7FE1F938789
:105D2000273B98431C4393F7F7CF1CC31C4393F7BF
:105D3000F7CF93E707201CC397E7FE1F93874741E0
:105D4000984397E5FE1F83C5A53B91851C478D8928
:105D5000D18F1CC7B707030093878725BCCA0546A8
:105D600097B0FE1FE780404783470900DD9B17E798
:105D7000FE1F2307F73897E6FE1F83C6863A17E60D
:105D8000FE1F0346163A81450145EFF09FB9E1A099
:105D900017E7FE1F1307071B5843BA97E9BD17E61D
:105DA000FE1F1306261A5042B297F9BD3387E7400B
:105DB000EDBD97E6FE1F9386E618D4423697EDBDFB
:105DC000584C6361F702B307F74017E7FE1F232D16
:105DD000F73483C7C60093E7070817E7FE1F2307BA
:105DE000F734CDB517E6FE1F1306C615504232979D
:105DF000D9BF83C71400F917A380F4004850814627
:105E000081451306F10097B0FE1FE780C0335C5058
:105E1000931585019306F00F03C70700E185630C16
:105E2000D70097E7FE1F83C7D72F6386D700630489
:105E3000F70093E525008307090063C7070089E59C
:105E40008347F1002380F40083270901505093F524
:105E5000F50F0D458297F2406244D24442490561F4
:105E6000828097E7FE1F938767299C43FC5399EF35
:105E7000EFF0BFA997E7FE1F938707089C5BE38CB1
:105E800007EE8545130510088297F5B5834777001F
:105E90002147E312F7FC854717E7FE1F2307F704A6
:105EA0005DBF797197E7FE1F83C7C72206D622D44C
:105EB00026D24AD04ECE52CC858B17E7FE1F130751
:105EC0006721638407260329470281461306F100F0
:105ED00081454A853A84A307010097E7FE1F238B7B
:105EE000071E97B0FE1FE7800026131A8501135A7C
:105EF0008A4163120A0297E7FE1F83C7972293061F
:105F0000F00F638AD7005850034707006305D70096
:105F10006303F700094A97E4FE1F9384641E838796
:105F2000040097E9FE1F9389A91F63C6071463162F
:105F30000A148347F1002300F90083C7C900918B3D
:105F4000D1CB5C4C0D47637DF716F11717E7FE1FA9
:105F50002320F71A5C4C03A7890063EAE71633870E
:105F6000E7408347190083C6C900CA9783C7170053
:105F7000E206E1868E0763DD061663F1E7161D8FE4
:105F80009306000263EBE600584C636CF714B3070A
:105F9000F74017E7FE1F2329F718894517E5FE1F6D
:105FA00003450519EFE09E8E834719003307F9007A
:105FB00083460700130700086395E6161C50130775
:105FC000F00F98C383C7040093E7870017E7FE1F0D
:105FD0002308F71297E7FE1F9387871798435C57AC
:105FE0008583858BA1C3DC40C165938505A0B3D6AD
:105FF000B702370510FE7D15B3F7B702FD8A139679
:1060000046017443E98ED18E74C39306A00F370600
:10601000FCFFAA07B3D7D7027443F18EBA07B9833E
:10602000D58F7CC383A7490017E5FE1F0345450DA7
:10603000118583C517000D89EFE09FE51705000066
:1060400013056513EFE0DEF597E7FE1F938747081A
:106050009C43B70680009843558F98C3D857719BCF
:10606000D8D783C70400A18BA1E79C485050814535
:106070000D45829735A8E3020AECEFF06F849C4847
:1060800050500D459375FA0F829703A5490017E606
:10609000FE1F0346160997E6FE1F83C6860809C53C
:1060A00083451500090519A081450145EFF07F875B
:1060B000B250225492540259F249624A4561828098
:1060C00017E7FE1F130707E85843BA97BDBD97E6C9
:1060D000FE1F938626E7D442B69751B53387E74033
:1060E00045B597E6FE1F9386E6E5D442369745B55B
:1060F000584C6361F702B307F74017E7FE1F2325EB
:10610000F70283C7C90093E7070817E7FE1F230FAD
:10611000F70061B597E6FE1F9386C6E2D442369734
:10612000D9BFF917A300F90075B597E7FE1F93874C
:10613000E7FC9C43FC539DE3EFF02FFD97E7FE1F28
:10614000938787DB9C5B89C7894513051008829775
:1061500097E7FE1F9387C7FCC84315BF83477700A7
:106160002147E317F7F4854717E7FE1F230FF7D6FC
:1061700081B7411197E7FE1F83C7D7F506C622C432
:10618000858B8DCB97E7FE1FA38607F4EFF0EFF723
:1061900097E7FE1F9387C7F603C707003E84218B4E
:1061A00021E703A307010146814511452244B2407E
:1061B0004101028397E7FE1F938747F49C43FC53FA
:1061C000ADE797E7FE1F238907F097E7FE1F938748
:1061D00027F303C707003E84218B19E703A30701B8
:1061E000014681455145D9B797E7FE1F938747F38D
:1061F000C84317E6FE1F0346D6F297E6FE1F83C686
:1062000046F20DC1834515000905EFF08FF1834774
:106210000400DD9B17E7FE1F2304F7EEB240224483
:106220004101828081450145CDB7854717E7FE1FB3
:10623000230DF7CAE5B797E7FE1F938767F19C43E5
:1062400013070048B70600F998D7D85FFD16758F79
:10625000B7060002558FD8DFD85FB70600400E079B
:106260000D83558FD8DFF84BC576FD16419B13671C
:106270009700F8CBD85F758F9566558FD8DF985B00
:106280009D661367077098DB985B558F98DB985B6A
:10629000B7060700558F98DB985BB7060090FD1690
:1062A000758FB7060010558F98DBF847B706F9FFD2
:1062B000FD16619BF8C7F84F758FF8CFF84FB706FA
:1062C00090FFFD16758FF8CF17E7FE1F034707C431
:1062D0001377070C19C7B847B7060080558FB8C7A2
:1062E0008280B84706070583DDBF17E7FE1F130747
:1062F00027E61C4341767D16B44BF18EB4CB944710
:1063000037062000D18E94C7D44793E60601D4C740
:10631000D447BD9AD4C70100010001000100144315
:106320000566DC4693E70701DCC6DC42D18FDCC2A0
:1063300097E7FE1F938787DC9043930740067CD244
:106340007C5291C783A7C609A183858BF5DB010029
:106350000100010001001C43416603A7C709B44BBB
:10636000D18EB4CB9376F701B84B019B558FB8CB48
:106370009847B706E0FFFD16758F98C7828097E7AC
:10638000FE1F9387E7DC9C4341777D17B44F41663E
:10639000F98EB4CF9447D18E94C7D44793F6F6EFD5
:1063A000D4C7D443758FD8C3D44793E60610D4C757
:1063B000D843518FD8C38280397122DC17E4FE1F85
:1063C000130404D91C4006DE26DA4AD84ED652D42D
:1063D00056D25AD05ECE62CC66CA6AC86EC6D84360
:1063E000FD76FD161377F7EFD8C39857758F98D7BA
:1063F000D857B70602003D9BD8D79847558F98C706
:10640000D84313670701D8C317E7FE1F1307C7D385
:1064100014433757341213078767E38FE64AD8438C
:1064200081749384F40F799BD8C3985FB166938687
:1064300006F0658F558F98DFD84313671700D8C3D0
:1064400097B0FE1FE78000F41C4003A707091377ED
:10645000F7032382E19603A7470929831377F707F8
:10646000A382E196D843B96693860670799BD8C318
:10647000985F658F558F98DFD84313671700D8C38F
:1064800097B0FE1FE78000F01C4003A707091377B1
:10649000F70397E6FE1FA38FE6CA03A747092983E0
:1064A0001377F70797E6FE1F2382E6CAD843B5663F
:1064B00093860630799BD8C3985F658F558F98DF98
:1064C000D84313671700D8C397B0FE1FE78080EB4F
:1064D00018408327070993F7F70397E6FE1F238BDE
:1064E000F6C683274709A98393F7F70717E7FE1F27
:1064F000230AF7C41C4017ECFE1F034CACC583C62F
:10650000419603A7070AB386864113F6F600419B1E
:10651000518F23A0E70A130760023387E6021306B0
:10652000700283A5070A7D7E130EFE0F93F5F5F02A
:106530001305400245737D13130430023347C7022D
:10654000B708F1FFFD1813082002930E10027D4FCB
:10655000F94FF542F1436D4DD14B454BBD4439499F
:10656000314AAD4AB5493D8B12074D8F9305500214
:1065700023A0E70A3387B60283A5070AB3F5C5014E
:106580003347C7023D8B22074D8F23A0E70A33878D
:10659000A60283A5070A370500F17D15B3F565004E
:1065A0003347C7023D8B32074D8F23A0E70A33875D
:1065B000860283A5070A6144B3F515013347C70274
:1065C0003D8B42074D8F23A0E70A3387060383A53F
:1065D000070A370810FF7D18B3F505013347C702D6
:1065E0003D8B52074D8F23A0E70A3387D60383A53F
:1065F000070AB70E0010FD1EE98D3347C7023D8B19
:1066000062074D8F23A0E70A139756003347C7024E
:106610009315C70103A7070A3377D7014D8F23A02E
:10662000E70A3387E6035D4F3347C7029375F700E8
:1066300003A7470A419B4D8F23A2E70A3387F6033E
:1066400083A5470AD94F93F5F5F03347C7023D8B31
:1066500012074D8F23A2E70A3387560283A5470A04
:10666000D542B3F5C5013347C7023D8B22074D8F95
:1066700023A2E70A3387760283A5470ACD43B3F501
:1066800065003347C7023D8B32074D8F23A2E70ACF
:106690003387A60383A5470A494DB3F51501334750
:1066A000C7023D8B42074D8F23A2E70A6947338714
:1066B000E60283A5470AB3F505013347C7023D8BC0
:1066C00052074D8FE54523A2E70A3387B60283A51B
:1066D000470AE98D3347C7023D8B62074D8F23A2DE
:1066E000E70A338786020D443347C7029315C70173
:1066F00003A7470A3377D7014D8F23A2E70A3387D1
:10670000E603254F3347C7029375F70003A7870AAF
:10671000419B4D8F23A4E70A3387F60383A5870A9D
:106720009D4F93F5F5F03347C7023D8B12074D8F10
:1067300023A4E70A3387560283A5870A9942B3F553
:10674000C5013347C7023D8B22074D8F23A4E70ABB
:106750003387760383A5870AB3F565003347C702FD
:106760003D8B32074D8F23A4E70A3387760283A53A
:10677000870A9543B3F515013347C7023D8B42079E
:106780004D8F23A4E70A3387A60383A5870A294DE3
:10679000B3F505013347C7023D8B52074D8F23A444
:1067A000E70A3387660383A5870AE98D3347C70263
:1067B0003D8B62074D8F93954600B3C5C50223A458
:1067C000E70A03A7870A3377D701F2054D8FB38510
:1067D000960223A4E70A03A7C70A419BB3C5C502D3
:1067E000BD894D8F23A6E70A3387260383A5C70AF1
:1067F00093F5F5F03347C7023D8B12074D8FB3C5B4
:10680000860223A6E70A03A7C70A3377C701BD8913
:10681000A2054D8F23A6E70A3387460383A5C70A3F
:10682000B3F565003347C7023D8B32074D8F23A672
:10683000E70A3387560383A5C70AB3F51501334723
:10684000C7023D8B42074D8F23A6E70A3387A60375
:1068500083A5C70AB3F505013347C7023D8B52072D
:106860004D8F23A6E70A3387E60383A5C70AE98D80
:106870003347C7023D8B62074D8F93953600B3C5F2
:10688000C50223A6E70A03A7C70A3377D701F20593
:106890004D8FB385F60323A6E70A03A7070B419B99
:1068A000B3C5C502BD894D8F23A8E70A33875602B9
:1068B00083A5070B93F5F5F03347C7023D8B12070D
:1068C0004D8F23A8E70A3387760283A5070BB3F51C
:1068D000C5013347C7023D8B22074D8F23A8E70A26
:1068E000139726003347C70283A5070BB3F565004E
:1068F0003D8B32074D8FB3C5360323A8E70A03A7A4
:10690000070B33771701BD89C2054D8F23A8E70A0E
:10691000139716003347C70283A5070BB3F505018C
:106920003D8B52074D8FB3C5C60223A8E70A03A7C4
:10693000070B698FBD89E2054D8F23A8E70A03A7DE
:10694000070B930580023377D70123A8E70A17E7DF
:10695000FE1F034737803307EC40B34DB70283ACCB
:10696000470B93FC0CFFB34B770393FDFD00B3EC97
:10697000BC0123AA970B83AC470BCD4D93FCFCF0D5
:1069800093FBFB00920BB3EB7C0123AA770BB30BB9
:10699000870283AC470BB3FCCC01B3CBBB0293FBA8
:1069A000FB00A20BB3EB7C01B34CA70323AA770B2C
:1069B00083AB470BB3FB6B0093FCFC00B20CB3EB57
:1069C0009B0123AA770BA14BB34B770383AC470BF7
:1069D000B3FC1C0193FBFB00C20BB3EB7C0123AAAD
:1069E000770BB30B570283AC470BB3FC0C01B3CB53
:1069F000BB0293FBFB00D20BB3EB7C0123AA770B0A
:106A0000B30BF70383AC470BB3FCAC00B3CBBB02B7
:106A100093FBFB00E20BB3EB7C01B34C770223AAA0
:106A2000770B83AB470BB3FBDB01F20CB3EB9B01A2
:106A3000B30CE70323AA770B83AB870B93FB0BFF06
:106A4000B3CCBC02B30A570393FCFC00B3EB9B012D
:106A500023AC770B914B83AC870B93FCFCF0B34BCF
:106A60007703330A470393FBFB00920BB3EB7C01E4
:106A700023AC770B83AB870BD54CB3FBCB01B3CAED
:106A8000BA02B309370393FAFA00A20AB3EA5B0128
:106A900023AC570B83AA870BD94BB3FA6A00334A4E
:106AA000BA0233092703137AFA00320A33EA4A0199
:106AB00023AC470B03AA870BE14A337A1A01B3C907
:106AC000B902B304970293F9F900C209B3693A0114
:106AD00023AC370B83A9870B654AB3F90901334906
:106AE000B902B3C4B4021379F900520933E9290198
:106AF00023AC270B03A9870BE9493379A900330B92
:106B00006703BD88E204B36499001319470023ACFE
:106B1000970A83A4870BB3F4D4013349B902334BEA
:106B2000BB027209B3E4240123AC970A83A4C70B08
:106B3000C198137BFB0033EB6401C944B304970293
:106B400023AE670B03A9C70B5D4B1379F9F0B3C4F0
:106B5000B402BD889204B364990023AE970AB304CB
:106B6000B70303A9C70BF54D3379C901B3C4B40208
:106B7000BD88A204B364990023AE970A8944B34444
:106B8000970203A9C70B33796900BD88B204B364C7
:106B9000990023AE970AB304970303A9C70BF94CD6
:106BA00033791901B3C4B402BD88C204B364990037
:106BB00023AE970AB304770303A9C70BFD4B3379C0
:106BC0000901B3C4B402BD88D204B364990023AEF2
:106BD000970AB304670303A9C70B130B1002337999
:106BE000A900B3C4B402BD88E204B364990023AE23
:106BF000970AB304570303A9C70B930A20023379FA
:106C0000D901B3C4B402F204B364990023AE970A65
:106C1000B304470303A9070C130A3002137909FFD1
:106C2000B3C4B402BD88B364990023A0970CB30425
:106C3000370303A9070C930940021379F9F0B3C491
:106C4000B402BD889204B36499006D4923A0970CE7
:106C5000B304270303A9070C3379C901B3C4B402F1
:106C6000BD88A204B364990023A0970CF144B30437
:106C7000970203A9070C33796900B3C4B402BD8835
:106C8000B204B364990023A0970CB304B70303A91B
:106C9000070C33791901B3C4B402BD88C204B364CC
:106CA000990023A0970CB304970303A9070C337929
:106CB0000901B3C4B402BD88D204B364990023A00F
:106CC000970CB304770303A9070C3379A900B3C465
:106CD000B402BD88E204B364990023A0970C931416
:106CE0005700B3C4B4021399C40183A4070C33063C
:106CF000C702B3F4D401B3E4240123A0970C03A981
:106D0000470C137909FFB3046703B3C4B402BD8809
:106D1000B364990023A2970CB304570303A9470C4B
:106D20001379F9F0B3C4B402BD889204B364990036
:106D300023A2970CB304470303A9470C3379C90175
:106D4000B3C4B402BD88A204B364990023A2970C13
:106D5000B304370303A9470C33796900B3C4B40201
:106D6000BD88B204B36499001309500223A2970CA2
:106D7000B304270303A9470C33791901B3C4B40240
:106D8000BD88C204B364990023A2970C93046002E7
:106D9000B304970203A9470C33790901B3C4B402C1
:106DA0003346B602BD88D204B364990023A2970C7F
:106DB00083A4470CE98C3D8A6206458E23A2C70C4A
:106DC00003A6470C9314C7013376D601458E23A240
:106DD000C70C130690023306C70283A4870CC19820
:106DE0003346B6023D8A458E23A4C70C1306A00283
:106DF0003306C702B345B60203A6870C1376F6F036
:106E0000BD899205D18D23A4B70C97D5FE1F83C5EC
:106E1000653317D6FE1F034666333386C540B30479
:106E2000A60303A9870C3379C901B3C4E40293E430
:106E30008400BD88A204B364990023A4970CB30412
:106E4000E60303A9870C33796900B3C4E40293E431
:106E50008400BD88B204B364990023A4970C9314F2
:106E60003600B3C4E40203A9870C3379190193E413
:106E70008400BD88C204B364990023A4970CB304B2
:106E8000F60303A9870C33790901B3C4E40293E440
:106E90008400BD88D204B364990023A4970CB30482
:106EA000560203A9870C3379A900B3C4E40293E422
:106EB0008400BD88E204B364990023A4970CB30452
:106EC000760203A9870C3379D901B3C4E40293E4B1
:106ED0008400F204B364990023A4970C9314260051
:106EE000B3C4E40203A9C70C137909FF93E4840037
:106EF000BD88B364990023A6970CB304860203A946
:106F0000C70C1379F9F0B3C4E40293E48400BD889C
:106F10009204B364990023A6970C93141600B3C48B
:106F2000E40203A9C70C3379C9013347E60293E4AD
:106F30008400BD88A204B364990023A6970C03A61D
:106F4000C70C33766600136787003D8B3207518F7D
:106F500023A6E70C03A7C70C3377170123A6E70C7A
:106F600003C751960D8F3346D70293F5F507E20517
:106F70003D8A9314460103A6C70C33048702337677
:106F80000601458E23A6C70C1316170083A4C70C51
:106F9000E98C3346D6023D8A6206458E23A6C70C8D
:106FA00003A6C70C3344D402B37ED60113162700C0
:106FB000B3037702720433E48E0023A6870C3346B2
:106FC000D602B3025702937EF60003A6070D419A3C
:106FD0003366D60123A8C70C03A6070DB3C3D3029B
:106FE0001376F6F0B3C2D20293F3F3009203B363C5
:106FF000760023A8770C03A6070D337EC601B30FD6
:10700000F70393F2F200A202B3625E0023A8570CCA
:1070100003A6070D3373660013163700B3CFDF02E4
:10702000330FE70393FFFF00B20FB36FF30123A801
:10703000F70D03A3070DB37813013346D602330DC2
:10704000A7033D8A420633E6C80023A8C70C03A65F
:10705000070D33780601334FDF02B346DD02137F9D
:10706000FF00520F336FE80123A8E70D03A7070DB8
:10707000798DBD8AE206C98E23A8D70CD8438566D0
:107080003D9BD8C3D843799BD8C39857558F98D781
:10709000D857B7060081FD1613670701D8D71377B5
:1070A000FC0303AC8703137C0CFC336CEC0023ACB7
:1070B0008703985F758FD98D8CDF6254F250D2545C
:1070C0004259B259225A925A025BF24B624CD24C4C
:1070D000424DB24D2161828097D7FE1F23A607063D
:1070E0006FF04FC197D7FE1F9387870698435C4385
:1070F00093E707105CC38280411106C6EF00806FE2
:1071000093056040EF20A002B2400145410182801A
:107110006F00007419C591C509C683570600014563
:107120009DE301110565C9471306F100130555C319
:10713000854506CEA307F100EF10307FF2400345EE
:10714000F100056182808280011197D7FE1F23859F
:10715000A70E05651306F100130595C4854506CEF7
:10716000A3070100EF10707CF2400345F1000561B8
:10717000828001111305910006CEEF00E06F230419
:10718000A1000565300025059D45EF10107AF240FD
:10719000034581000561828001111305D10006CEEF
:1071A000EF00C06F2306A100096570000905914535
:1071B000EF10B077F2400345C100056182800111F4
:1071C00006CE0127A307A10009651306F1001505E6
:1071D0008545EF109075F2400345F100056182800E
:1071E000011106CEEF00E078A307A10009651306A0
:1071F000F10029058545EF105073F2400345F10079
:1072000005618280011106CEEF003006A307A100C0
:1072100009651306F10039058545EF101071F2403C
:10722000014505618280011106CEEF00503FA307A2
:10723000A10009651306F10041058545EF10F06EC8
:10724000F2400345F10005618280011106CEEF0096
:10725000301DA307A10009651306F100450585450A
:10726000EF10B06CF2400345F100056182804111DE
:1072700006C622C4EF0090238965CD052A84EF104D
:10728000106B2285B2402244410182800111130516
:10729000510006CEEF00F03D2302A1000965500029
:1072A0006105A545EF107068F240014505618280D7
:1072B000411106C6EF00503F8965E505EF103067C4
:1072C000B240014541018280011106CE22CC2A84C0
:1072D000EF00B0522306A1000965A30681007000EB
:1072E000218069058D4523078100EF101064F2406D
:1072F0006244014505618280011106CE22CC2A84B8
:10730000EF0070622306A1000965A30681007000EA
:1073100021806D058D4523078100EF101061F2403B
:107320006244014505618280011106CE22CC2A8487
:10733000EF0020762306A1000965A30681007000F6
:107340002180130505028D4523078100EF10F05DB4
:10735000F2406244014505618280011106CE22CCD3
:107360002A84EF00F0072306A1000965A306810027
:1073700070002180130515028D4523078100EF1051
:10738000D05AF2406244014505618280011106CE67
:10739000EF00705EA307A10009651306F100130555
:1073A00075028545EF107058F2400345F100056104
:1073B0008280011106CEEF005067A307A100096586
:1073C0001306F100130595028545EF101056F240A3
:1073D0000345F10005618280011106CEEF00B0691E
:1073E000A307A10009651306F1001305D502854521
:1073F000EF10B053F2400345F100056182800111A6
:1074000006CEEF00506DA307A10009651306F10039
:107410001305E5028545EF105051F2400345F10098
:1074200005618280011106CEEF00D06FA307A10095
:1074300009651306F100130515038545EF10F04E9D
:10744000F2400345F10005618280411106C622C465
:10745000EF00D0718965938525032A84EF10304DA4
:107460002285B24022444101828039711303D10246
:107470001ACE0343810506DE1ACC034341051ACA1E
:10748000034301051AC80343C1041AC60343810418
:107490001AC4030341041AC2034301041AC0EF00D3
:1074A00070742306A10209657010130565038945F0
:1074B000EF10B047F2500345C102216182800111F3
:1074C00006CEEF10001FA307A10009651306F10007
:1074D000130575038545EF105045F2400345F10053
:1074E00005618280011106CEEF106035A307A1006F
:1074F00009651306F100130585038545EF10F04279
:10750000F2400345F10005618280011106CEEF10C3
:10751000E04EA307A10009651306F10013059503CA
:107520008545EF109040F2400345F10005618280EF
:10753000011106CEEF100067A307A100096513062D
:10754000F1001305E5038545EF10303EF240034599
:10755000F10005618280011106CEEF100070A307D3
:10756000A10009651306F1001305F5038545EF1029
:10757000D03BF2400345F10005618280011106CE47
:10758000EF109003A307A10009651306F10013058E
:1075900005048545EF107039F2400345F10005619F
:1075A0008280011106CEEF101012A307A100096519
:1075B0001306F100130525048545EF101037F2403E
:1075C0000345F1000561828097D7FE1F2390A7C66F
:1075D00001458280011106CEEF10B019A307A1006A
:1075E00009651306F100130515058545EF10F03305
:1075F000F2400345F10005618280011106CEEF10D3
:107600009020A307A10009651306F10013052505C5
:107610008545EF109031F2400345F100056182800D
:1076200097D7FE1F83D727BD99E79307F01F17D77A
:10763000FE1F2312F7BC97D7FE1F83D7C7BBA146F7
:10764000014513F707108607C2073357D740C18398
:10765000598D13D6574013D79740318F058BFD16A0
:107660001375F50FD98FF1FE17D7FE1F2315F7B845
:10767000828097D7FE1F83D727B881EBE17793C726
:10768000F7FF17D7FE1F2319F7B697D7FE1F83D72B
:10769000A7B6B94601451168194633F707018607B1
:1076A000C2073357D740C183598D13D7E74093D5CD
:1076B000F700058B2D8FFD161375F50FD98FE39EFF
:1076C000C6FC17D7FE1F2319F7B28280011126CA04
:1076D0004AC84EC656C297D7FE1F9387A79F06CEAD
:1076E00022CC52C45AC0AE893289B68A845335C975
:1076F000AD472A8463EEA7021304F5FF1374F40F59
:10770000631D0906268A338B990063124B07137990
:10771000F9009386FAFF228523802401A380340197
:1077200093F6F60F4E868545EFD09FD2014505A012
:10773000B147630BF5029307600263E5A7001304EA
:10774000E5FF6DBF930770024945E30BF4FAF24081
:107750006244D2444249B249224A924A024B0561EC
:1077600082801304500269BF1304600251BFEFF01E
:107770003FEB2301AA00050A49BF8547631CF900B6
:107780004E869305000F138524009790FE1FE78017
:107790002019B5BF89476316F9004E869305A00AE4
:1077A000DDB78D47631DF900268A338B9900E3000E
:1077B0004BF7EFF01FEC2301AA00050ACDBF91475C
:1077C0006316F9004E869305F00F75BF9547631554
:1077D000F9004E86814545BF99476315F9004E86ED
:1077E000BD4555B79D474945E313F9F64E869305C8
:1077F000500551BF011106CE9317450163D407020E
:10780000EF80801C894719C9834605001147B1479D
:107810006396E60095472300F500C947F2403E8590
:10782000056182802EC6EF90F05BC94765D903479A
:10783000A500418B65D7B2458347B500230AB5043F
:1078400091E7E9472308F5008147C9BFED47DDBF50
:10785000011106CE22CC2EC6EF90D05801CDB245F4
:107860002A84EF807046A305A4020145F2406244D9
:10787000056182804945DDBF17D7FE1F13070797B3
:10788000814799468345870E3306F5008507230017
:10789000B6000507E398D7FE0145828097C7FE1F13
:1078A0009387876503D707012300E50003D7070106
:1078B0002183A300E50083C7F7002301F5000145FC
:1078C000828019E14945828097D7FE1F93870792EE
:1078D000F84B411122C406C62A8409C70347C700D2
:1078E000314525E3F85F09C70347B700314531EB60
:1078F00083A7070989C783C777003145B9E385475F
:107900001946A28517D5FE1F1305259D17D7FE1F03
:10791000230FF78C9790FE1FE78060F98347540090
:107920001307000C93F7070C6391E7021946A28531
:1079300017D5FE1F1305C59A9790FE1FE78020F705
:107940000145B24022444101828081EB1946A28563
:1079500017D5FE1F13052599C5B713070004494520
:10796000E391E7FE1946A28517D5FE1F130505987A
:10797000E1B7411126C297D4FE1F9384248722C405
:10798000E04806C611C47C4813974700634B070CB8
:10799000FC5099E74945B24022449244410182801B
:1079A00009ED1305000FEF70403C6DD58347C5000E
:1079B000F5D3EF70C05C0145F9BF0547E31CE5FC5A
:1079C00015EC014582972A8459CD856793870780F6
:1079D0002310F502930700702317F5008D47230C41
:1079E000F500A30A0502194697D5FE1F9385858EDB
:1079F000130565039790FE1FE78060EB0347C40003
:107A00008547E309F7F88347E400B98B95C303473B
:107A1000E40085476317F70289472310F4022244E4
:107A200003A38406B24092441305000F4101028370
:107A3000EF80004D97C7FE1F83C7C74FE319F5FCC2
:107A400091BF8357040211676375F7002310E402A6
:107A5000F9B7930600023E87E3FAD7FE1307000248
:107A6000F5B731450DBF1D453DB797C7FE1F93873D
:107A7000E77783A70709314581CF83C7770089CB93
:107A8000411106C6EFA0602BB24001454101828042
:107A90008280011126CA4AC84EC652C456C25AC074
:107AA0002E89368BBA89BE8A06CE22CCB284428A0F
:107AB000EF9050331307A9FF4207856741839386F0
:107AC000A7C763EDE610938707C82A84494563E793
:107AD000970A63E5240B1307301F6361670B63EF9D
:107AE000370993071B00B38797021397390063D7B1
:107AF000E70849C48347140113F747003DC7ED9BCE
:107B0000A308F4008347B400231A2407231B940618
:107B1000D5EF03578406C167FD17630BF70663199A
:107B200099068357A403231BE404231CF40497C77A
:107B3000FE1F83D7A7768D46114763E5F6008507BC
:107B400013F7F70FA30AE4042285EF80803D8357E3
:107B50000404A907231FF4048327440A93E71700AA
:107B60002322F40AC547A30EF400231C5407231D47
:107B70004407231D6405231E34050145F240624479
:107B8000D2444249B249224A924A024B056182805C
:107B90008357440691CFB3D4F4024A87B387970240
:107BA000C207C1836373F9003E87231CE40441B715
:107BB000B305990085814A85EFD03E81231CA4043A
:107BC000930584052685EF40902995B78327840A7D
:107BD00093E707022324F40AC14771B7494579BFE7
:107BE00001112EC606CEEF90F01FB24509E54945BA
:107BF000F2400561828083471501A305B50213F7A2
:107C0000470075D7ED9BA308F500BD472306F50295
:107C10008327850A93E727002324F50A0145C9BF76
:107C200017C7FE1F1307875C7C4B81CB83C6C70039
:107C300089C683C6D700C947A1E27C5F89CB83C6CA
:107C4000B70091C683C60701C947858A95E6832791
:107C5000070981CB03C7770009C703C7D700C94706
:107C600001EF17C7FE1F0347276497C7FE1F83C78F
:107C7000B763636AF7009D473E8582809D47F24067
:107C80003E85056182800111A304A10019461305F8
:107C9000A10006CE9790FE1FE78060C12800EFC0CC
:107CA0009FC28547E31CF5FC8147D1BF797126D27D
:107CB0004AD04ECE06D622D42E89B28936C63AC4D0
:107CC0003EC242C0EF901012C94455C99305A9FFA6
:107CD000C20505662A84C1811305A6C7C94463602D
:107CE000B50A130606C8636C360963EA2909B24669
:107CF0009305301F63E5D50822476362E6081386C3
:107D000016003306260393153700635AB60603465A
:107D10001401B144058A25E60326440A1376162089
:107D200039EE92470248231EE4040347B400231CA3
:107D3000F406231A2407231B3407231D0407231DDD
:107D4000D4048347D401814459EF95EB8327041071
:107D5000898B95CF31469305F00F130584069790D4
:107D6000FE1FE780E0BB8327440A2314040693E741
:107D700007202322F40AC947A30EF4008144B2501D
:107D80002254268502599254F24945618280630942
:107D90003905B385290185814A85EFD00EE3231C7F
:107DA000A404930584054E85EF40700B97C7FE1F12
:107DB00083D7C74E8D46114763E5F600850713F755
:107DC000F70FA30AE4042285EF80A015835704046B
:107DD000A907231FF4048327440A93E7170051BF20
:107DE000231C2405E1B7C1FF83278410898B95C725
:107DF00031469305F00F130584069790FE1FE78028
:107E000020B28327440A2314040693E70720232281
:107E1000F40ACD47A30EF4009DB7E9448DB797C788
:107E2000FE1F9387A73CF84B01CB8346C70089C64A
:107E30000347D70049450DEFF85F09CB8346B700EC
:107E400091C6034707014945058B1DE383A7070931
:107E500081CB03C7770009C783C7D700494589EBA2
:107E6000411106C6EFC0FFB1B24001454101828019
:107E70008280411122C426C24AC006C62A89014412
:107E8000A1449305F00F0545EFD0EED1B30789006B
:107E90002380A7000504E31694FEB24022449244D6
:107EA0000249014541018280011122CC4AC806CE17
:107EB00026CA2EC632893684EF90C072630D051231
:107EC0008347B500AA84B2450945DDEB21461385F9
:107ED000F4189790FE1FE780809DA38B24191359F7
:107EE0008900238C24198347E4000346D40083458A
:107EF000F4008346C400A207420603C5C404B29737
:107F0000AE97E20603A7440AB69749C123A6F40A2E
:107F10008347A4008346940013670702A207C206A2
:107F2000B6978346B400B69783468400E206B697B8
:107F300023A8F40A8347640083465400A207C206BC
:107F4000B69783467400B69783464400E206B69718
:107F500023AAF40A8347240083461400A207C2061A
:107F6000B69783463400B69783460400E206B69778
:107F700023ACF40A8547A386F40423A2E40A01454E
:107F8000F2406244D24442490561828023A6F40C47
:107F90008347A4008346940013678700A207C206A4
:107FA000B6978346B400B69783468400E206B69738
:107FB00023A8F40C8347640083465400A207C2063A
:107FC000B69783467400B69783464400E206B69798
:107FD00023AAF40C8347240083461400A207C20698
:107FE000B69783463400B69783460400E206B697F8
:107FF00023ACF40C59B7094561B7011106CE2EC662
:10800000EF90405E630F05108346B5000547AA87D1
:10801000B24505456391E60A83C60701130740028E
:108020000145639AE60803C7E50083C6D500220729
:10803000C206369783C6F500369783C6C500E206AA
:10804000369783C6D704BDCA23A6E70A03C7A5008F
:1080500083C695002207C206369783C6B5003697B9
:1080600083C68500E206369723A8E70A03C76500A2
:1080700083C655002207C206369783C67500369719
:1080800083C64500E206369723AAE70A03C7250000
:1080900083C615002207C206369783C63500369779
:1080A00083C60500E206369723ACE70A1307A00251
:1080B0002388E7000145F2400561828023A6E70C92
:1080C00003C7A50083C695002207C206369783C65C
:1080D000B500369783C68500E206369723A8E70CDD
:1080E00003C7650083C655002207C206369783C6BC
:1080F0007500369783C64500E206369723AAE70C3B
:1081000003C7250083C615002207C206369783C61B
:108110003500369783C60500E206369723ACE70C98
:1081200071B7054549BF411106C6EF90A04B31C15B
:108130008346B5000547AA8709456399E60283C6C9
:108140000701130740026393E6020D472386E70207
:108150001947A385E702130750022388E70003C7E6
:10816000A7020145136717002385E702B2404101CA
:1081700082800945E5BFAA8717C8FE1F0348180774
:1081800017C5FE1F130585062A876308080268497C
:1081900011C50348C500314563180808685F11C55B
:1081A0000348B5003145631108080325070911C5C7
:1081B0000348750031456319080697C8FE1F83C838
:1081C000280F17C8FE1F0348B80E1D4563FE08059B
:1081D0000327870D49451377070439C75D71A6C288
:1081E0002800B284194686C6A2C4A303F1003684CF
:1081F0009780FE1FE780A06BA6851305E10241462C
:108200009780FE1FE780A06AA2851305E101414621
:108210009780FE1FE780A0694800EFA00061B6408C
:108220002644964461618280828097C6FE1F83C681
:10823000F6FB8DCA17C7FE1F130747FBBA87784B9B
:1082400009C70347C700494515E7F85F09C7034752
:10825000B700494505E383A7070989C783C77700A6
:10826000494589EB411106C6EFA0E071B2400145D6
:1082700041018280828097C7FE1F938727F797C6A8
:10828000FE1F83C6B6F63E8785C6FC4B89C783C6EC
:10829000C700C94785EE7C5F89C783C6B700C94759
:1082A00095E68327070989C783C67700C94799EEF2
:1082B00097C7FE1FA38CA7F28327070E11C993E768
:1082C000076017C7FE1F2323F70081473E85828082
:1082D00093F7F79FFDB7130700643305E5024111DB
:1082E00097C7FE1F938787F022C403A4870C26C27A
:1082F0004AC006C6BE841309F00F17C7FE1F23210C
:10830000A7F201E8B24022449244024901454101EA
:1083100082800345040063052501CC58EFC08EE040
:10832000405CC5B797C7FE1FA38EA7EE93771500D5
:1083300017C7FE1F130787EB81EF8347C703ED8F36
:108340006384B7004945828097C6FE1F238DF6ECF3
:1083500093772500014591EB8347D703F18FE39392
:10836000C7FE97C7FE1FA380C7EC8280011106CE0F
:108370002EC632C436C23AC0EF90C02635C1B245CF
:108380000247924693F7150099EB22468D4763F614
:10839000C7004545F240056182802302C5148989E2
:1083A00091E58D47E3E7D7FEA302D51401CF97C728
:1083B000FE1F83D7C7E77D8F0D8B8547631FF700AF
:1083C0002314E5148547230FF5008327450A056725
:1083D000D98F2322F50A014575BF23140514DDB793
:1083E00049454DBF5D714EDE97C9FE1F938909E077
:1083F00003A34905CAC062D486C6A2C4A6C252DC81
:1084000056DA5AD85ED666D26AD06ECE030C4105D3
:10841000834E81050349010663090300032E4305CA
:10842000314313145E00634D04000D4E49436369EC
:10843000FE0093FC050163850C02054E6387CE07A1
:10844000B640264496440649F259625AD25A425BD3
:10845000B25B225C925C025DF24D1A8561618280A2
:1084600013FF35004943E30DCFFD13FF8500E319EA
:108470000FFC6393CE0303CEC9033143137E4E003A
:10848000E3000EFC6303D90309436310690203CEC2
:10849000C903137E2E0039A0E318C9FF03CEC90318
:1084A000137E4E003143E30D0EF8468BC28B3EC661
:1084B000BA8A368DB28DAE842A8AEF60100B2A8478
:1084C00011E983A74906054582972A841D432DD9C2
:1084D00023044501930700026311FD028D47631CCD
:1084E000F9040356C4019307900F13035004E3E902
:1084F000C7F40356E401E3E5C7F493F5F40F230052
:10850000B40663880C12BD889547639EF4029307F6
:1085100010F82307F4004543E364BDF3FD474543EA
:10852000E3F0B7F39167E3EDA7F1EA9D93DD1D005A
:108530002310B40315A08547E311F9FC0356C401C9
:108540009307D02E5DB7B547639BF40C854723078F
:10855000F40089472310F402A3075401639E0A1014
:108560008547230CF40093F5050281E5B247A30A81
:10857000F402194681455A859780FE1FE7804045E1
:10858000631D05108547230EF402A30E74031946DC
:10859000DA851305E4039780FE1FE78040318347A7
:1085A0000105A306F4009307F007631BFC0E97C7B1
:1085B000FE1F9387679483C7470136572300F70050
:1085C00003055401EFC0DF862304A406EFC0AFFE0D
:1085D000B657A30AA4002380A7008347C10523023E
:1085E0000406A302F40683470406C18B91EB7D19B0
:1085F0001379F90F89474943E3E427E5A3012407E9
:1086000083474106370700080143A300F406834768
:108610008106A303F4067C48D98F7CC815B5894729
:108620006394F4009947F5B5E38504EE230704004D
:10863000DDB59D472307F40013F6150093F74500B9
:1086400011CA114691C30546A30FC4048547230FE1
:10865000F404D1B513F6250001CA094691C31546A5
:10866000A30FC4048947E5B70D4691C31946A30F6C
:10867000C404230F040445B5230C040081470D46B0
:10868000B3D6FA40858A91C6834684018506230CB9
:10869000D4008507E396C7FEF9B5230E040201B79F
:1086A000994763C58701A30A840119BFA30AF4008F
:1086B00001BF97C7FE1F938767B3F04B01114EC6EA
:1086C00006CE22CC26CA4AC852C4BE8911C67C4AEC
:1086D00013965700634E06003A8AB6842E89EF60DF
:1086E000C0682A8419ED83A749051305200491C3A6
:1086F0003145F2406244D2444249B249224A0561BE
:1087000082800347E500854701453D8BE303F7FE83
:1087100003470406418B55C78D476304F90049455B
:10872000C9BFFD47E3ED97FE231E04008D47631488
:10873000F90EF1C88357C40117C7FE1F0357A7B22C
:108740001D45B3869700E346D7FA0347C40015C713
:1087500083560402130700026391E60203473406BE
:108760008D466318D70C1307900F13055004E3626E
:10877000F7F88357E401E36EF7F68D471D45E31ADA
:10878000F9F637E900E083290900B7072000232024
:10879000F918B3F9F9000F1000009305800C054596
:1087A000EFC07EC08357C406120523244403850707
:1087B000BD8BC98F2316F406231E94002320391184
:1087C00089A81377D90FE301F7F611476315E90478
:1087D000784893167700E3C406F40347C400E31017
:1087E000F7F48357C40185DF9DF89305800C054598
:1087F000EFC07EBB8357C40612058507BD8BC98FAA
:108800002316F40639A07C48370700FF7D17F98F3F
:108810007CC80145F9BD9307D9FF93F7F70F0547CA
:10882000E37AF7F0E38D04EE8347C400E394E7F0C6
:10883000C1B58546E313D7F41307D02E3DB797C7CC
:10884000FE1F9387A79AF04B01114EC606CE22CC8D
:1088500026CA4AC852C4BE8911C67C4A139657001C
:10886000634E06003A8AB6842E89EF6000502A844F
:1088700019ED83A749051305200491C33145F24042
:108880006244D2444249B249224A05618280034788
:10889000E500854701453D8BE303F7FE03470406EA
:1088A000418B69CF8D476304F9004945C9BFFD4736
:1088B000E3ED97FE231F04008D47631BF9106381CE
:1088C00004108357E40117C7FE1F0357C7991D45BE
:1088D000B3869700E345D7FA0347C40015C783560C
:1088E0000402130700026391E602034734068D4633
:1088F000631ED70E8356C4011307900F130550044F
:10890000E36FD7F6E36DF7F68D471D45E319F9F6EA
:108910005C548DC783476406898B8DC3085819CD75
:108920008347A50081CFEF90706A0C581946130554
:108930006403B1059780FE1FE78060F737E900E028
:1089400083290900B70720002320F918B3F9F9009B
:108950000F1000009305800C0545EFC0DEA483577F
:10896000C4061205232644038507BD8BC98F231631
:10897000F406231F94002320391189A81377D90FF7
:10898000E30AF7F211476315E90478489316670084
:10899000E3CD06F00347C400E319F7F08357E40181
:1089A00089D781F49305800C0545EFC0DE9F83577E
:1089B000C40612058507BD8BC98F2316F40639A09E
:1089C0007C48370700FE7D17F98F7CC8014545BDFF
:1089D0009307D9FF93F7F70F0547E374F7EEE386A4
:1089E00004EC8347C400E39EE7EC49BD8546E31DE4
:1089F000D7F08356C4011307D02E09B75D71A6C204
:108A000097B4FE1F9384847E03A8440586C6A2C43F
:108A1000CAC04EDE52DC56DA5AD85ED662D466D26E
:108A20006AD06ECE63080802832748051394570066
:108A3000635204023145B640264496440649F25931
:108A4000625AD25A425BB25B225C925C025DF24D8A
:108A5000616182803AC632C493771500B68989C7AE
:108A6000639105104945C1BF91E9A04C19E001454A
:108A7000D9B72285EF60A0500040CDBFE30908FEC2
:108A80004285EF60C04FE5B77849B70700037D8F97
:108A900055F30347F505630487016315970103D771
:108AA000EA0149DB03C75A036301270903C7EA0048
:108AB00063192701131714004E9703570700E3E3C8
:108AC000EDFAB8547D141374F40F45CB93161A00C5
:108AD000B69903D70900B2479305800C2397EA069D
:108AE0003E9A03470A00054523980A06A384EA062E
:108AF000EFC07E8B03D7CA061205264405073D8BBF
:108B0000498F2396EA0603A3840603C50B00B640EB
:108B100096440649F259625AD25A425BB25B225CD1
:108B2000925C025DF24D61610283138B8A051946E6
:108B300081455A859780FE1FE78080E963192501EA
:108B40001946EA855A859780FE1FE78040D6194668
:108B500081455A859780FE1FE78080E7E31825F559
:108B600011B7FD1513F4F50F094C954C054917BDC8
:108B7000FE1F130D8D76930D00089307F00FE3038E
:108B8000F4EEA247228AB38B870003C50B00EF6087
:108B9000C01DAA8AE31A05EEFC4813052004E39BD6
:108BA00007E851BD97B7FE1F93874764FC4B95C3F9
:108BB000FC4B13975700635E0700B1473E858280E8
:108BC000B147F2406244D2444249B2493E85056110
:108BD0008280011122CC26CA4AC84EC606CE3689EA
:108BE000B289AE84EF6060182A849307200471D99B
:108BF000C947E3E899FC1547E37597FC0347050669
:108C0000137737035DFF8347E505DDFB7C49918BD7
:108C1000C5FBEF30201979479D47E374A7FA8347D6
:108C2000340681EF035744089307D02E63F7E7001B
:108C3000194793075004E37637F97C4883460406C6
:108C4000CE9493E7270085843369D9007CC8231329
:108C50009408230024078147ADB797B7FE1F938779
:108C6000E758FC4B81CBFC4B13975700635407002C
:108C700031458280011122CC26CA4AC84EC606CE92
:108C800052C4B6893289AE84EF60200E2A8413055F
:108C90002004630404107C48898B8DC38347340609
:108CA00091EF035744089307D02E63F9E700035769
:108CB000640899471305500463F1E70E93F7D40F46
:108CC00005476394E70EB7E700E003AA07003707FC
:108CD000200023A0E718337AEA000F1000000325D4
:108CE000840A19C59780FE1FE780807C2324040A2C
:108CF00023120408B7E700E023A04711630C09061C
:108D00007C48918BD9E38D476398F4089305501004
:108D10004A859780FE1FE780806A2324A40A2DCD10
:108D2000B7E700E084433707200023A0E718F98C59
:108D30000F1000007C4893F7074091CF9305800CFB
:108D40000545EFC04EE68357A40812058507BD8B85
:108D5000C98F2315F4080325840A4A86CE85978097
:108D6000FE1FE780C0B4B7E700E02312240923A068
:108D7000971011A88D4749456391F4027C4823124E
:108D80000408F99B7CC8014509A89387D4FF93F791
:108D9000F70F0547E379F7F63145F2406244D244D4
:108DA0004249B249224A05618280E31B09F4914796
:108DB0004945E387F4F4D5B797B7FE1F9387074378
:108DC000F84B411126C24AC006C622C4AA843E8975
:108DD00009CF7C4B13975700635907003145B240C8
:108DE000224492440249410182802E85EF50F0775F
:108DF0002A841305200465D413F714007C484DCB56
:108E000013F7170061FF034704061377370379F759
:108E10008988B5CC0327C90D454593E70740418BA9
:108E20005DDFC1657CC8FD150145EFC00EDA231476
:108E3000A408EFC06FF5B70500012326A408FD15AF
:108E40000145EFC0CEDA9304040A15462328A4088E
:108E500097B5FE1F9385E54926859780FE1FE7801D
:108E600000A5A685130500FBEFC02FBF2685EF8068
:108E700050467C480347C400A300A408DD9B93E749
:108E800047007CC885476307F700014589BF93F712
:108E9000F7BF41BF9305800C0545EFC0CED0835787
:108EA000C40612058507BD8BC98F2316F406F1BFD2
:108EB0000345D407CD9B7CC89307F00FE307F5FC6F
:108EC000EFB03EEED9B717B7FE1F130727327C5F0E
:108ED000411106C622C426C24AC099C703A8C701C9
:108EE00013141801634004080327070825CF3684AC
:108EF000B2842E8909ED81EB4945B2402244924467
:108F0000024941018280EFB0DF8C0145FDB7854603
:108F1000E314D5FEB9E30297AA8731C91147A30626
:108F20000504231BE500231CE50083C6B7000547A5
:108F3000E384E6FC95C8239C9702239D870201C425
:108F40001E04E3DB84FA238927012244B2409244C1
:108F5000024903A3870641010283D84F93161701E4
:108F6000E3D506FC314551BF23AC0702E9BF0D45EF
:108F700069B7011106CE2EC632C436C23AC0EF50D0
:108F8000D05E3DCD83284505AA87314513F80820DA
:108F900063150806B24517B8FE1F0348B8294545B2
:108FA000636DB80403C8C70A22463358C840137813
:108FB00018006304080417B5FE1F130525230328B2
:108FC000850D45451317C80063590702024717B8B6
:108FD000FE1F034828266362E80292462387C70AD9
:108FE000A386B70AA387D70A11E2014793E80810BE
:108FF0002388E70A23AA17050145F240056182800C
:1090000013052004DDBF011106CE2EC6EF50F0552A
:109010001307200401CD7C49314793F6270099C6F8
:10902000B24589C993E707207CC90147F2403A85D8
:109030000561828093F7F7DFC5BF01114AC84EC6AC
:1090400052C406CE22CC26CAAE89328A3689EF8037
:10905000605961C5631E0A0085472383F196014567
:10906000F2406244D2444249B249224A05618280B8
:1090700003C7619685472A846315F7002383019609
:109080008949B7E700E084433707200023A0E718A9
:10909000F98C0F1000004165130545F5EF8060560F
:1090A00021CD8347A5002315F50083278411A9E36B
:1090B000232CA410232EA410930710F87919232031
:1090C000050023164501A304F500230435012322DE
:1090D00025018347940285450145B395F500C205F6
:1090E000C181EFB0AEFAB7E700E023A0971085BFCB
:1090F0008327C41188C37DBF97B7FE1F9387C7DF3F
:109100009C5B91C795659385555505458297B7E753
:1091100000E023A097101D45A1B7094591B76F80C6
:109120001FEF6F805FF36F801FF86F807FFD6F9080
:109130004F836F900F906F904F876F90EF8A828070
:109140006F906F93034301001AC06F80DF826F80BE
:109150003F8F6F80FF946F801F9B6F801FA16F8078
:10916000DFA66F80BFAA03530100035E4100834E58
:1091700081001AC072C276C46F805FAF6F809FC1DA
:109180006F80DFC66F805FD06F801FD46F807FD706
:109190006F80BFDC6F803FE382808280130705030E
:1091A00083570500110593C7F7FF231EF5FE83477C
:1091B000E5FF93C7F7FF230FF5FEE313E5FE82807B
:1091C000411119469305F00F06C622C42A849770F0
:1091D000FE1FE780E0741305640019469305F00F45
:1091E0009770FE1FE780C073B24023160400232847
:1091F000040023070400224441018280994733057B
:10920000F50279717000D14506D613050520EFC02F
:109210008EC211E503458101B2504561828001454E
:10922000E5BF011122CC26CA4AC84EC606CE8144EB
:10923000014417B9FE1F130929F3D14983C7B19619
:10924000636AF400F240624426854249D244B2493E
:10925000056182803305340383270900194693058D
:10926000F00F3E959770FE1FE780807601E585043C
:1092700093F4F40F05041374F40FC9B7411122C419
:1092800026C24AC006C6014497B4FE1F9384C4EDAB
:10929000514983C7B196636AF4003E842285B24087
:1092A00022449244024941018280330524039C40B8
:1092B00019469305F00F3E959770FE1FE7804071A9
:1092C00071FD05041374F40FE9B7938781988843FF
:1092D00005C1411106C6EFB06E8F23A40198938794
:1092E000B19683C70700B240A384F1964101828002
:1092F0009387B19683C70700A384F1968280197182
:10930000A2DC86DEA6DACAD8CED6D2D483C791969E
:109310002A84639EA700854503C5C196EFB0AEDBE6
:10932000894503C5C196EFB00EDBEFF01FFA931429
:109330000401C1801949338924030A86D145930960
:1093400009204E85EFC02EAF19C901442285F65081
:109350006654D6544659B659265A09618280194630
:109360009305F00F0A859770FE1FE780606671FD18
:10937000D1473304F40217BAFE1F130AEADE0325AD
:109380000A002295EFF0DFE3480871469305F00FDD
:109390009770FE1FE780C058081813060003930556
:1093A000F00F9770FE1FE780A05703260A00D145F3
:1093B0004E852296EFC00ED750082A84F14513053A
:1093C0001920EFC02ED65008498CF14513052920ED
:1093D000EFC04ED51374F40F5008498CC1451305E6
:1093E0003920EFC02ED41374F40F5008498CC145B6
:1093F00013054920EFC00ED31374F40F5008498CA5
:10940000914513055920EFC0EED11374F40F498C28
:109410001D651018930500032695EFC0AED0137498
:10942000F40F498C03C501871374F40FEFC0EEC924
:1094300031BF411122C406C60145014483C7B1961C
:109440006373F40009C5B240224441018280228541
:109450000504EFF0DFEA1374F40FCDB7011122CC4D
:1094600026CA4EC606CE4AC80144EF906F8AD1493B
:1094700097B4FE1F938444CF83C7B1966369F40009
:10948000F2406244D2444249B249056182803309C4
:109490003403884019469305F00F4A959770FE1FD4
:1094A000E780005319E58C40CA9503C5F500EF909D
:1094B0006F8605041374F40FC1B7397122DC26DA04
:1094C0004ED652D406DE4AD80144EF90AF87D14938
:1094D00097B4FE1F938444C9194A83C7B196636A3F
:1094E000F400F2506254D2544259B259225A2161C6
:1094F000828033093403884019469305F00F4A955A
:109500009770FE1FE780C04C15E5330544030A86BB
:10951000C14513053520EFC00E921008C14509451D
:10952000EFC06E918C4014080A86CA9503C5F500F9
:10953000EF900F8105041374F40F45B7011106CEA7
:10954000EFF03FCE0547A9476373A700894713068D
:10955000F10085451545A307F100EF006FD4F240F7
:1095600005618280011122CC26CA4EC652C406CEA5
:109570004AC80144D14997B4FE1F9384E4BE194AF6
:1095800083C7B1966365F40283C7819699C3EFF0F0
:10959000FFEC83C7719699C3EFF03FF26244F2404B
:1095A000D2444249B249224A05616FF03FF933097A
:1095B00034039040D145330544034A9613050520F2
:1095C000EFC06E8709C588404A95EFF07FBF05045C
:1095D0001374F40F75B70355250083C5C1966F004A
:1095E000BFEF9947B385F502397122DC26DA4AD8F4
:1095F00006DEA147AA843289138425206384F600FD
:10960000138415207146814548083AC69770FE1F9D
:10961000E78000315008F1452285EFC0CE810DE191
:109620008347E102A5463247E51793F7F70F63E951
:10963000F600BA865008937519002685EFD08EABD8
:10964000F2506254D254425921618280797122D4FD
:1096500026D24AD0AE842A8932848145130600027C
:109660000A8506D69770FE1FE780802B9387518767
:1096700083C7070023102101230EF10083578101C6
:109680005DC41387919703470700F99B4146230266
:10969000E1001387B1970347070097A5FE1F938545
:1096A000E57E13056100A302E10003C7A19793764D
:1096B0001700D58FF59B93762700D58FED9B93767A
:1096C0004700D58F9316470093F6061093F7F7EFF0
:1096D000D58F9316470093F6062093F7F7DFD58FC3
:1096E00012071377074093F7F7BFD98F231CF100B8
:1096F0009770FE1FE780A01B83C7819713F71700A1
:1097000001CB99C40357810113672700231CE10093
:1097100003476101A2850A85D98F230BF100EFD0A1
:109720008E8FB25022549254025945618280138721
:10973000F19603470700F99B41462302E100138796
:1097400011970347070097A5FE1F938525731305FF
:109750006100A302E10003C7019793761700D58F3C
:10976000F59B93762700D58FED9B93764700D58F99
:109770009316470093F6061093F7F7EFD58F9316DD
:10978000470093F6062093F7F7DFD58F120713777C
:10979000074093F7F7BFD98F231CF1009770FE1F86
:1097A000E780E01083C7E19691BF011122CC26CA61
:1097B0004AC84EC606CEAA84014417B9FE1F130933
:1097C000A99AD14983C7B196636BF4003E84228580
:1097D000F2406244D2444249B24905618280330575
:1097E0003403832709001946A6853E959770FE1F0E
:1097F000E780601769FD05041374F40FE1B71D716C
:10980000A2CC138481981C40CEC6D2C486CEA6CAF0
:10981000CAC8D6C2DAC05EDEAA892E8A8DE319E1F3
:109820000545B9A2F5DDEFF05FF8A384A19683C7E3
:10983000B1966366F500EFF07FA4A384A19603C5FB
:10984000919683C7B196E37DF5FC1C40639D07129A
:1098500081447D590144D14B97BAFE1F938ACA9027
:109860002DA86389E402338B740303A50A0019460B
:109870009305F00F5A959770FE1FE780601519E960
:1098800083A70A00DA979C4B6373F4003E8463F36A
:1098900027013E89850493F4F40F83C7B19603C76B
:1098A0009196E3E0F4FC33092441635B09048144AD
:1098B0000144514B17B9FE1F1309098B25A8638872
:1098C000E402B38A64030325090019469305F00FE7
:1098D00056959770FE1FE780A00F11E983270900B6
:1098E000D6979C4B63C507006373F4003E848504E0
:1098F00093F4F40F83C7B19603C79196E3E1F4FCA8
:10990000994703C591963305F50205044E86D14566
:1099100023A8890013050520EFC0CE80130600039D
:109920009305F00F0A859770FE1FE78060FF9D6723
:1099300003C591960A86930500033E95EFB09EFEFF
:1099400083C791965145B387A70217B7FE1F130728
:10995000A78108435146CE853E959770FE1FE7804C
:1099600000F523A4419903C50187EFB01EF6014518
:10997000F6406644D6444649B649264A964A064BBE
:10998000F25B256182809047814709CE9947330574
:10999000F502F14513051520EFB0DEF81C4023A4B5
:1099A000070085471840104B19CE994703C591967B
:1099B0003305F502F14513052520EFB0BEF61C4036
:1099C00023A8070085471840504B19CE994703C577
:1099D00091963305F502C14513053520EFB09EF48D
:1099E0001C4023AA07008547184050471DCA03C5DD
:1099F0009196994433059502C14513054520EFB072
:109A00007EF203C59196330595021C409145D047DF
:109A1000410613055520EFB0FEF01C4023A60700B9
:109A200099B7B1F383C7819699C3EFF03FA383C77A
:109A3000719699C3EFF07FA8EFF05FB0D5B379715D
:109A400022D406D626D283C7B19609446376F5029E
:109A500085C599473305F502AE847000D1451305DD
:109A60000520EFB05EBD2A8401E919466C00268509
:109A70009770FE1FE780A0E32285B25022549254D3
:109A800045618280011122CC06CE2A842EC632C4C2
:109A9000EF404FF505C90347C500A1472246B2452F
:109AA000631FF7009387C1989C4389CF03A34700A6
:109AB000630A030022856244F240056102839387B2
:109AC0000199DDB7F240624405618280797122D448
:109AD00019443304850226D27000AE84D14506D6DF
:109AE000130404202285EFB01EB501C98144B25091
:109AF0002254268592544561828019469305F00FC1
:109B000068009770FE1FE780A0EC6DF1035781019C
:109B10009377D70F89C49377F70F93E72700C2078E
:109B2000C1838544E305F7FC7000D1452285231CE1
:109B3000F100EFB03EDF03C50187EFB01ED945BF8E
:109B40001D71A2CC2A8419453305A402A6CACAC82D
:109B5000B2842E897000D14586CE13050520EFB062
:109B60009EAD01C90145F6406644D644464925618B
:109B7000828019469305F00F68009770FE1FE780FA
:109B800020E56DF19D673E9410109305000322853A
:109B9000EFB07EAA19C10545F9B70810EFF00FE044
:109BA0006314090413060003814508109770FE1F13
:109BB000E78000E26DF113060003814508109770FD
:109BC000FE1FE780E0D5854708102380F198EFF06D
:109BD000EFDC1010930500032285EFB0BED403C55F
:109BE0000187EFB09ECE45BF1C109008BE8683D57E
:109BF00006003687638125039106E31AD6FE0145E8
:109C0000BDD083D607003E8789C69107E31BF6FEC9
:109C100091BF2390270183472700E38E97F6230106
:109C20009700D5F02310070079BFFD572386F196E2
:109C3000A385019697A7FE1F23A80752D14717A512
:109C4000FE1F0345452C3305F50201119305200441
:109C500006CE22CC26CA4AC84EC69770FE1FE780A1
:109C6000007697A7FE1F23A1A75015C997A4FE1F32
:109C70009384842883C7E400014417A9FE1F1309B5
:109C8000A94EA385F196D14983C7B1966362F40CBE
:109C90009C44638A070C97A7FE1F2389074C938770
:109CA000B19683C7070005444146814517A5FE1FAD
:109CB0001305C51DA384F196238B818623A40198E7
:109CC000A38C0196A38D01969770FE1FE78040C577
:109CD000930470074146814517A5FE1F1305051A19
:109CE000238D9196A3898186238C019623AE0196BC
:109CF00023870196A3870196A38801969770FE1F7C
:109D0000E78000C22388919623AA0196A386019634
:109D10009547A388F186C147A38AF18623800198DD
:109D200089472389F186F24023888186A38B818627
:109D3000238A8186624423A8019823A6019823845C
:109D4000019623850196D2444249B2490561828039
:109D5000B30734030325090005041374F40F3E957B
:109D6000EFF00FC615B7930700F817A7FE1F230FD4
:109D7000F73E35B71971A2DCCAD8D6D2DAD0DECE1A
:109D800086DEA6DACED6D2D40144D14A17A9FE1F68
:109D90001309893D194B9D6B83C7B196636FF4001E
:109DA000F6506654A384F196D6544659B659265AAD
:109DB000965A065BF64B09618280330A54030325E9
:109DC00009009319040193D9090105041374F40FD0
:109DD000B38469035295EFF0AFBE71469305F00F5F
:109DE00048009770FE1FE780A0B313060003930599
:109DF000F00F08109770FE1FE78080B2032609005D
:109E0000D145138504205296EFB0DEB15000F145E4
:109E100013851420EFB01EB15000F14513852420A6
:109E2000EFB05EB05000C14513853420EFB09EAF57
:109E30005000C14513854420EFB0DEAE500091457F
:109E400013855420EFB01EAE101093050003338528
:109E50007901EFB03EAD03C50187EFB01EA72DBF5E
:109E6000930705C04111C20722C406C6C183130768
:109E700020022E846361F70E17C700001307C71B6B
:109E80008A07BA979C43BA9782879387618783C76B
:109E900007002300F4002DA083C7819789870DA8B0
:109EA00093879197EDB79387B197D5B7414697A51B
:109EB000FE1F9385A5FD22859770FE1FE780209FDA
:109EC0008147B24022443E854101828083C7819709
:109ED000858BC1B79387A1975DBF9387C1979C433B
:109EE0001CC0F9BF938731875DB783C7E1967DB703
:109EF0009387F19669BF9387119751BF414697A504
:109F0000FE1F9385A5F745BF83C7E196D1B7938719
:109F10000197B5BF93874197D9B79387D19685BFEE
:109F200093871187ADB79387518795B793878196AC
:109F3000B9BF93877196A1BFEFF0AFAE2300A40025
:109F400041B783C74187B1B783C781978D8749B729
:109F500083C7E196E5BF130700048947E363A7F6CB
:109F6000EFC0BEA32310A400A1BF011106CE22CCD6
:109F700026CA4AC84EC652C4EFC09EED3DE103C793
:109F8000A19685470144630FF702D14997A4FE1FAC
:109F90009384841D054A83C7B1966379F40233091B
:109FA000340398404A978347E70063994701228525
:109FB000EFF0EFB49C40CA972387070005041374A1
:109FC000F40FD1BFEFF0EFC623850196EFB0BEC20C
:109FD0006244F240D2444249B249224A05616FF0DC
:109FE0006FD8F2406244D2444249B249224A0561E4
:109FF0008280797126D24AD006D622D44ECE52CC57
:10A0000089472E89B2846309F5066360F5028D479E
:10A010006305F50C03C4B1962285B25022549254C4
:10A020000259F249624A456182802E85EFF0EFF7CE
:10A0300083C7B1962A84E371F5FEF9DC1946CA8517
:10A0400026859770FE1FE7808086F9B733054403A5
:10A0500083A709001946CA853E9519059770FE1F0A
:10A06000E78060902DE105041374F40F83C7B19667
:10A07000E36EF4FC3E844DB7014497A9FE1F93891B
:10A08000A90E514AE5B705041374F40F83C7B196BE
:10A09000E372F4FE330534030A86C1451305352007
:10A0A00042054181EFB02ED979FD41469305F00F6D
:10A0B0000A859770FE1FE780A09171F5CA850A8511
:10A0C000EFC09E9569F183C7B196E377F4F4A9D404
:10A0D000A6852285EFF0BF9681B7014499497DB7E7
:10A0E000797126D206D622D4AA8402CC231E01007E
:10A0F000EF404F8F05CD03C7318789476308F702CB
:10A10000930565002A84034555003008EFF07FEE83
:10A1100083C7B1966371F5022AC6EFF02F8EB24560
:10A120002A860547A1462685EFF0AFCBB2502254D0
:10A1300092544561828083C7318791E79545268592
:10A14000EFC07ECEE5B70547E392E7FE83455400B6
:10A1500001462685EFF08FCFD1BF4111C1674AC0BC
:10A1600006C622C426C2FD172E896309F506EF40F4
:10A170006F872A84D14421CD93056500034555009E
:10A180000146D544EFF0FFE683C7B1966376F5004C
:10A19000CA85EFF0BF938144630B09022285EFF07B
:10A1A0008FC335A0CA852285EFF05F9211C181442B
:10A1B00005041374F40F83C7B196E365F4FE6308D6
:10A1C000090017F5FFFF13054541EF408FAAB24084
:10A1D0002244268502499244410182800144D544AB
:10A1E000D9BF0111C1674AC84EC606CE22CC26CAC5
:10A1F000FD172E89B289630EF504EF30BFFED144FE
:10A2000029C193056500034555000146D544EFF08B
:10A210005FDE83C7B1966376F5024E86CA85EFF09E
:10A220003F92814439A84E86CA852285EFF05F911E
:10A2300011C1814405041374F40F83C7B196E3641C
:10A24000F4FEF240624426854249D244B249056197
:10A2500082800144D544D5B7411122C41384C196EC
:10A260008345040023A8A198614506C6EFC07EC7B8
:10A27000034504002244B24041016F109FDD4111AB
:10A2800006C622C426C29DE9AA85AA8437450F00C6
:10A29000130505243375A602EFC02EF22A8409C9DE
:10A2A0009307E00F6306F50085452685EFC0BEB72E
:10A2B0002285B2402244924441018280EFC0BEB662
:10A2C0000144FDB7138761878347070083C58197E2
:10A2D00093E707F82300F7006FC0BEA95971A6D213
:10A2E000B2845000CAD0D2CC86D6A2D4CECE2A898F
:10A2F000368A02C223140100EFF0BFCF83C7B196A4
:10A30000637AF50E2A84EFE07FEF9147AA89631CF8
:10A31000FA0C03C761877917133717009146A28596
:10A32000420441801949330924034E862685EFF003
:10A330004FAB5146814568009760FE1FE780405E45
:10A340007000C1454209135909011305492042050E
:10A350004181EFB04EAE05E941469305F00F68002C
:10A360009760FE1FE780C06619ED1305592042056E
:10A37000700891454181EFB00EAC700093F5190063
:10A380002685EFC0BEA31D652295420510109305DA
:10A3900000034181EFB02EAA15E10810EFE01FE0A5
:10A3A0000010130901058355040091C503462400DC
:10A3B0002685EF009F821104E31789FE93F9290097
:10A3C0006387090083C5C1962685EF00EF9091470A
:10A3D0006314FA0403C761878947631FF702268560
:10A3E000EFF05FEE15A803C7318779171337170011
:10A3F000D28635B7A147E31CFAFC03C731878947EA
:10A40000631CF7000146CA852685EFF02FA401469C
:10A4100081452685EFF00FE7B6502654965406592D
:10A42000F649664A014565618280011106CE2AC659
:10A43000EFF0AFFF3245F2402386A19605616FF041
:10A440006F921D7186CEA2CCA6CACAC8CEC6D2C48F
:10A45000D6C2EF802F8F83C7718781CF0144514AC5
:10A4600017A9FE1F130949D0994A83C7B196636B98
:10A47000F400F6406644D6444649B649264A964A10
:10A4800025618280B3094403032509001946930519
:10A49000F00F4E959760FE1FE780805321E9B304CB
:10A4A00054035010F1451385142042054181EFB04B
:10A4B0008E980DED0347F1039307F00F6318F70231
:10A4C0001385342042055000C1454181EFB0AE965E
:10A4D0005008C1450945EFB00E9683250900540880
:10A4E0005000CE9503C5F500EF808F8505041374E9
:10A4F000F40FA5BF930705C05D71C207A6C2CAC00D
:10A5000086C6A2C44EDE52DCC183130720022A890C
:10A51000B2846360F75217C700001307A7BA8A070F
:10A52000BA979C43BA97828785476384F500614454
:10A5300009A8834706000947E36BF7FE238BF186E2
:10A5400001442285B640264496440649F259625A8F
:10A55000616182808547E39CF5FC03470600E3E8E0
:10A56000E5FC83C7819711C793E74700238CF196D9
:10A57000C1BFED9BE5BF8547E39BF5FA8347060026
:10A580001147E366F7FAA38CF1965DBF8547E39028
:10A59000F5FA83470600E3ECF5F8A38DF1964DB785
:10A5A000C147E396F5F84146A68517A5FE1F13059A
:10A5B000E58D9760FE1FE780802F59B78547E398A8
:10A5C000F5F603470600E3E4E5F683C7819701C784
:10A5D00093E7170061BFF99B51BF8547E399F5F4F5
:10A5E00083470600238DF196A1BF9147E391F5F4CF
:10A5F0001842B7470F009387F723E3EAE7F223AE49
:10A60000E1963DBF8547E394F5F28347060009478D
:10A61000E36FF7F0A389F18625B78547E399F5F055
:10A6200003470600E3E5E5F083C7E19611C793E72A
:10A6300047002387F19629B7ED9BE5BF8547E3984F
:10A64000F5EE834706001147E363F7EEA387F19623
:10A65000C5BD8547E39DF5EC83470600E3E9F5ECCE
:10A66000A388F196F1BDC147E393F5EC4146A68579
:10A6700017A5FE1F130585802DBF8547E399F5EAD1
:10A6800003470600E3E5E5EA83C7E19601C793E7E0
:10A69000170045B7F99B71BF8547E39AF5E88347F3
:10A6A00006002388F19669BD9147E392F5E81842C8
:10A6B000B7470F009387F723E3EBE7E623AAE1967A
:10A6C00041B5E39605E6EFC0AEF801E9EFE07FD6CD
:10A6D000EFB06ED2EFE01FE9A5B585472385F1966F
:10A6E00085B59D47E395F5E4938514001946680008
:10A6F0009760FE1FE780A01B03C5040050086C0094
:10A70000EFF03F8F83C7B196AA840944E37BF5E25B
:10A710004808EF303FB609E52685EFE05FBE4DBF44
:10A720005147B384E40297A7FE1F9387E7A39C4396
:10A730005944BE9485472387F40021B59D47639B08
:10A74000F50A19469385140068009760FE1FE7809C
:10A75000001603C5040001466C00EFF09F8983C713
:10A76000B1966377F5049944B30495025008F14516
:10A7700093841420C204C1802685EFA0DEEB2A84D6
:10A7800015E51307A04185476304E9009307F00F1F
:10A790005008F1452685A307F102EFB0AE9803C536
:10A7A0000187EFB08E92EFF0DFC961BB0944E5BFCE
:10A7B00097A7FE1F83C7879B0944E38407D8130725
:10A7C000A04197A7FE1F83C7779A631FE90093E70D
:10A7D000170017A7FE1FA30BF7981D46A68517A500
:10A7E000FE1F1305E597F1B3F99B17A7FE1FA30FF3
:10A7F000F796B9B38547E39CF5D21307A04197A715
:10A80000FE1F83C7B7966315E50093E72700F1BFE6
:10A81000F59BE1BFA38B0186EFF0BFC215B385475F
:10A82000A38BF186014419499309F00F7D5A83C720
:10A83000B196E373F4FEB30424035008F145938406
:10A8400014202685EFA03EDF05E18347F102638DEA
:10A8500037015008F1452685A3074103EFB08E8CE0
:10A8600003C50187EFB06E8605041374F40FC1B7FA
:10A870008547E39EF5CA83470600E3EAF5CAA38647
:10A88000F1967DB98547E394F5CA834706002547CD
:10A89000E36FF7C8A388F18665B18547E399F5C8EA
:10A8A00003470600A546930797FF93F7F70FE3E0EA
:10A8B000F6C8A38AE18669B18547E39AF5C683475E
:10A8C000060003C7819601442384F196E31B07C663
:10A8D000E399B7C6EFE01FC9ADB18547E399F5C469
:10A8E0008347060003C77196A383F19609E7639433
:10A8F000B700EFE03FC703C57196EF70FFC489B1A1
:10A900008547E396F5C2834706000D47E361F7C22A
:10A910002389F18635B18547E39BF5C0834706005F
:10A920002388F18631B90545EFA03EFA11B9854774
:10A93000E39FF5BE83470600238AF18611B1930792
:10A940004002E396F5BE03C514000146938524003A
:10A95000EFF02FEA83C7B196E37BF5BC19443304CB
:10A96000850203C70400A1471374F40F6310F704B2
:10A9700009041374F40F420441805008F145228504
:10A98000EFA07ECBE31505BA9385840048086D4699
:10A990009760FE1FE780A0F15008F1452285EFA0E7
:10A9A0007EF803C50187EFA05EF251B60504D1B76A
:10A9B0001797FE1F03574755930740046D44E3F272
:10A9C000E7B88547E395F5B683470600E3E1F5B6BA
:10A9D00091CF9797FE1F938767789C435544E382F6
:10A9E00007B683C7819793E7870049B683C78197E6
:10A9F00093F7770FA5BE1797FE1F0357E7509307EE
:10AA000040046D44E3FFE7B28547E392F5B2834724
:10AA10000600E3EEF5B0F9DB9797FE1F9387077406
:10AA20009C435544E38F07B083C7E19693E78700C3
:10AA300009B1930700040944E3E527B1E39385B026
:10AA400083D504004A85EFC0CEC92A84DDBC1D71C0
:10AA500086CEA2CCA6CACAC8CEC6D2C4D6C2DAC0D6
:10AA60005EDE62DC834725005147E91793F7F70F55
:10AA7000636BF70217B700001307876D8A07BA9751
:10AA80009C432A84BA9782878354A5000346C50055
:10AA90008346D500268532C636C4EF30AFF4AA8788
:10AAA000A246324619E18544A9A203C7C700A147BF
:10AAB00013053400631AF7029387C1989C43A68557
:10AAC00089C79C4399C38297F9BF9387419788436D
:10AAD000EFB0BEEE69D99307E00FE306F5FC8545BC
:10AAE0002685EFC04EB4C1B7938701999C43A685D4
:10AAF00099C39C43E9FB9387C197D1BF8355A500B8
:10AB00002E852EC4EF300FEEAA8751DD03C7C70094
:10AB1000A147130534001306C4009306C401A245DF
:10AB2000631AF7009387C1989C43B5DF9C47A5DF64
:10AB3000829795BF93870199C5BF03491500631993
:10AB4000091C83476500858B6385071C9387819863
:10AB50009C436390071C8145514668089760FE1F1F
:10AB6000E78000DC4C48DDC183C765011946C1059B
:10AB7000A305F10268089760FE1FE78040D3834772
:10AB800064000357810268088987858BD98F231455
:10AB9000F102EFE09FC1A384A19683C7B1966366DB
:10ABA000F500EFE0AFEDA384A19683C9B19683C70A
:10ABB000919663E3370383C7418791C70547639540
:10ABC000E706EFF02F9B9797FE1F9387E7329C5B7A
:10ABD00081C7854521458297A2856808EFE03FC27D
:10ABE000AA84554963170512894503C5C196EF909C
:10ABF000FEC9F640664426854649D644B649264AEB
:10AC0000964A064BF25B625C2561828003554400E4
:10AC10008544EF302FDD71DD8347550019469305DC
:10AC20006500A305F102B9B70947E39EE7F881443F
:10AC3000FD5A014A514C179BFE1F130BEB5225A8DE
:10AC4000B38B840303250B0019469305F00F5E9523
:10AC50009760FE1FE780C0D701ED83270B00DE97CA
:10AC60009C4B6373FA003E8A63F45701BE8AA6893F
:10AC7000850493F4F40F83C7B196E3E3F4FC330A3D
:10AC80005A4163590A04FD54514B179AFE1F130A87
:10AC9000AA4DB70B00801DA8B30A690303250A005B
:10ACA00019469305F00F56959760FE1FE78040D236
:10ACB00019E983270A00D6979C4B63F6FB0063F4DF
:10ACC0009700BE84CA8905091379F90F83C7B19625
:10ACD000E364F9FC83C7B196E3F7F9EED144B3849A
:10ACE00099021799FE1F1309294803250900269583
:10ACF000EF304FD819E54E85EFE06FE0EFE09F862B
:10AD0000D9B583270900BE9485472387F40065BD24
:10AD1000014903461400035544008545EFE09FD6E2
:10AD2000E30309D84A868D4503554400EFE09FD5DB
:10AD30009DBB034715009947631AF7020355450069
:10AD4000EF304FCAAA841DC183C721870947638991
:10AD5000E7020D476380E70205476399E7008345F3
:10AD60005500035544000146EFE05F8E0346140092
:10AD700089455DBF0146814513050041EFF08FF71E
:10AD80008355440003C504001546EFC0AE8CF9BFDF
:10AD900093054500034535000146EFF08FA583C7B5
:10ADA000B196E372F5D099473305F5021306C40056
:10ADB00091451305552042054181EFA0BEB603C55C
:10ADC0000187EFA09EB0C5B183C7D196035545005A
:10ADD00081C783C5118731B383C7618799E39545DF
:10ADE00009B3EF302FC0AA84E30F05CA8347A4003C
:10ADF000858B85CB03455500854763F4A7028357B0
:10AE0000C40093F7072091EF700893856400EFF07A
:10AE10004F9E83C7B1966396A7008D4503554400A6
:10AE2000C9B183C554000355440013068400EFE004
:10AE3000FF8101468145CDBD03554500EFF04FAA86
:10AE40009DB103554500EFF04F9283C7618793F79B
:10AE5000F707238BF18681B979719397050122D485
:10AE600006D626D24AD04ECEC1872E8463DE07088E
:10AE700003C5C196EF90AEE1AA8431C583470500B2
:10AE80001307100B638BE7041307000D6387E702BA
:10AE90001307000B6396E70203474500F947631762
:10AEA000F700035525008145EFF02FAB83C5440023
:10AEB00013858400EFF0AE9F21A0EFF05FB901C5CC
:10AEC0002685EF90AED0A164A18CB2502254268585
:10AED00002599254F2494561828083474500EDF35F
:10AEE000035685008355650003552500238001988E
:10AEF000EFF02FAF83C70198E1D703C50187238007
:10AF00000198EFA09E9C6DBF93F7250085C38145F6
:10AF10000145EFE0DF8E9344240083C7C196854549
:10AF200011E189453E85EF907E9645B793F7150070
:10AF30006384070C138981988327090093844198BF
:10AF400083D947009C4099EFC16513874199894691
:10AF500017B600001306C669FD150545EFF0FEEFB4
:10AF600023A2A1988C40134414009DE98327090073
:10AF70000146854503D5470093140401C180EFE0E5
:10AF80007FB08327090001468D4503D54700EFE0D8
:10AF90007FAF03C50187EFA05E93EFE00FB335B736
:10AFA0009308F00F094881471307E100740003D6A6
:10AFB00041994E85EF00AFC011ED0346D1008347A4
:10AFC000C10022065D8E19C69C404E8583D5A70020
:10AFD000EFF02FA18840C165814603D64199FD1548
:10AFE000EF00CFB19314040123A2A198C1803DDDED
:10AFF000854503C5C19605BF93F745008144E386A7
:10B0000007EC93C44500D1B503472500F14763EC35
:10B01000E73017B600001306E61893162700B2961D
:10B020009C42411122C406C626C2B2972A84828756
:10B0300083471500C5EF41469795FE1F9385451838
:10B040001795FE1F130585159760FE1FE780A091D9
:10B050003DED1796FE1F13066614C1450945EFA086
:10B060007E8C1796FE1F13066614C1450D45EFA092
:10B070007E8B03C50187EFA05E859305340017958D
:10B08000FE1F1305251519469760FE1FE7802082D5
:10B09000854785451795FE1F034555121797FE1FD7
:10B0A000232AF70EEF908EFE9797FE1F9387870E49
:10B0B0008843938781999C43BDCB03A30700630812
:10B0C0000306A2852244B2409244410102834146D4
:10B0D0009795FE1F9385C50A1795FE1F1305050D4D
:10B0E0009760FE1FE78020882DD541BF99471797AD
:10B0F000FE1F2321F70A4DBF034715008347350084
:10B1000039E70947639AE7029797FE1F93878708F5
:10B110009C438145014593F7F7F093E707021797A2
:10B12000FE1F2329F706EFD05EDBA300A400B24088
:10B13000224492444101828005478145014563953F
:10B14000E700EFD07EC9D5B7EFD0FEB8F9BF094709
:10B15000E38FE7FC9797FE1F9387C70388434199C6
:10B16000136565009797FE1F23A6A70299B783472B
:10B1700015009794FE1F9384E401ADEF8D47631D86
:10B18000F7049797FE1F83C7E7FE13978701618730
:10B19000635F070093F7F70789451795FE1F03457F
:10B1A000F5011797FE1F2307F7FCEF902EEE9C404A
:10B1B000914613F7F700631AD700C19B93E7570036
:10B1C0001797FE1F2328F7FC85A88946E301D7F6C9
:10B1D000C19B93E72700EDB798409797FE1F2389FF
:10B1E00007F89546937707FF3D8B6311D70693E7E2
:10B1F0004700F9B79C40C19B93E76700D1B7179709
:10B20000FE1F130727F91C4383461500BA84C19B10
:10B2100095E693E747001797FE1F232DF7F6035691
:10B22000A50093054500034535009146EFF00F8BCF
:10B230009797FE1F238E07F28840A5BD13071003C2
:10B24000E39CE6FA1797FE1F230407F293E7370003
:10B2500085BFEFF0CFFF9797FE1F9387A7F39C431F
:10B26000154793F6F700C19B13E53700E39CE6EE24
:10B2700013E52700C5BD9796FE1F9386A6F19C4255
:10B2800003461500B68493F7F7F021EECD4663131D
:10B29000D70493E707011797FE1F232DF7EE979723
:10B2A000FE1F83C797F3139787016187635F0700CA
:10B2B00093F7F70791451795FE1F034535F017974C
:10B2C000FE1FA30CF7F0EF906EDC9C4037050001E9
:10B2D0005D8DC5B393E707021797FE1F232CF7EA8E
:10B2E000EDB793E70703CDBF9796FE1F938686EAD7
:10B2F0009C427D761306F60FF18F034615000DE292
:10B300006D46631CC70093E707101797FE1F2323A2
:10B31000F7E89C423705000265BF93E70720F5B7C1
:10B3200093E70730DDB782800347050093061009D5
:10B330006307D7009307000D6305F70482808346F7
:10B34000150039476391E6048356450005671307E6
:10B350005740639AE60218459307F00783053700C4
:10B360006383F502938781999C4391CF03A34700A0
:10B37000630B03008347270003451700A2075D8D79
:10B3800002836FF07FC8828001119397050126CA5E
:10B3900006CE22CCC187AE8463DB070C1795FE1F57
:10B3A0000345D5E1EF90AE8E2A8419C99797FE1F09
:10B3B00083C737DC89EFEFF03FF72285EF900E81EE
:10B3C0002165258DF2406244D24405618280834725
:10B3D00005001307000D6390E7068347250081E70A
:10B3E000EFF09FF409A81547639FE7000347C500E6
:10B3F000A147E392E7FCA2851795FE1F0345E5DD13
:10B40000EF904E9175BF2147E38CE7FC9946639519
:10B41000D70083477500F1BF1D47E39EE7F803554A
:10B420004500EF203FDC51D90347C500A1472285E5
:10B43000E313F7F8C9B71307200AE38EE7F61307FB
:10B440001009E39FE7F803471500B947E31AF7F837
:10B4500003574500856793875740E313F7F818456E
:10B460008347270003451700A2075D8D5DBF9397B3
:10B47000150163DE07001386C19991451145EFA0C0
:10B480006ECA03C50187EFA04EC411651DBF93F7B7
:10B490001500C5CF9797FE1F83C787CDA5CBEF308B
:10B4A000EF829797FE1F83C7E7A86364F5068D4771
:10B4B0002302F1009797FE1F938797CB83C707005E
:10B4C0004C001795FE1F034575CF2306F100979793
:10B4D000FE1F9387E7CF83C70700A306F100EFD0D5
:10B4E0008ECA0DC59797FE1F9387C7CA8843419997
:10B4F000136565009797FE1F23AEA7C893878199B0
:10B500009C4389C79C4399C38145829713C5140006
:10B5100055BD9797FE1F9387C7C583C70700194678
:10B520009795FE1F938545C52302F1009797FE1F4F
:10B53000938787C683C7070013056100A302F10044
:10B540009750FE1FE780A036B5B793F72500A1C737
:10B550009797FE1F83C707C2858B9DCB1795FE1F4C
:10B560000345D5C5EFD02EF105C59797FE1F9387EC
:10B5700067C288431375F5F09797FE1F23ACA7C0E9
:10B58000938781999C4389C79C4399C3814582973E
:10B5900013C5240005BD93F745000145E38407E288
:10B5A0009797FE1F83C777C38DCF1795FE1F03455F
:10B5B000F5C0EFD0EEEF15C59797FE1F938787BDB7
:10B5C0008843FD779387F70F7D8D9797FE1F23A301
:10B5D000A7BC938781999C4389C79C4399C38145A4
:10B5E000829713C54400F9BB397122DC06DE2A8438
:10B5F0002ECE32CC36CA3AC83EC6EF20BFBE05C9F1
:10B60000F2456246B247D24642472314B10223159F
:10B61000C1022C103E8622852316D1022317E10297
:10B62000EF201FAB0145F2506254216182805145E9
:10B63000DDBF011106CE9797FE1FA383A7A891C572
:10B640002E8532C6EFE05FC132469797FE1F938783
:10B6500067B49C4395EF19C223ACC198F24017968A
:10B66000FE1F034646B19795FE1F83C525B5179566
:10B67000FE1F0345B5B49387C1991797FE1F1307A3
:10B68000E7B29796FE1F938666B105616FE06ED5AF
:10B69000F2404545056182809797FE1F83C78789E1
:10B6A00081EB614582806145B24022444101828044
:10B6B000411122C406C61794FE1F034434B09307F9
:10B6C000F00FE312F4FE17050000130525CCEF90F0
:10B6D0009EA21797FE1FA303A7AEE30685FC23AC2B
:10B6E00001989797FE1F23A707AA91471797FE1F58
:10B6F0002306F7ACEFB0AEB1414681451795FE1F6A
:10B700001305C5A99750FE1FE7808021414681455A
:10B710001795FE1F130585A99750FE1FE78040204F
:10B7200023AE01989797FE1F238507A49797FE1FC6
:10B73000238407A69D471796FE1F130626A6C1451C
:10B7400009451797FE1FA305F7A29797FE1F2381B0
:10B7500007A8EF905EEE1796FE1F130626A5C145BB
:10B760000D45EF905EED41469795FE1F938505A32D
:10B770001795FE1F1305C5A49750FE1FE7802013E1
:10B7800041469795FE1F938565A21795FE1F1305E9
:10B79000259F9750FE1FE78080111386C199914520
:10B7A0001145EF905EE9014501B7FD571797FE1F60
:10B7B000A306F7A01797FE1F13074790A302F700F1
:10B7C0002303F7001797FE1F230A079E0547979646
:10B7D000FE1F238FE69823AE019819479796FE1F08
:10B7E0002398E69A0567130707C89796FE1F2396C6
:10B7F000E69A1797FE1F2302F79E8D471797FE1FA5
:10B80000230B07961797FE1FA30507961797FE1F92
:10B81000A302F7961797FE1F2303F7961946814553
:10B820001795FE1F130545951753FE1F6700430F1D
:10B83000930705D04111C20722C406C6C1835D47E4
:10B840002E84636BF71017B700001307E79C8A0775
:10B85000BA979C43BA9782879797FE1F83C707962C
:10B860002300F40035A041469795FE1F938505936C
:10B8700022859750FE1FE780800319A841469795BF
:10B88000FE1F9385A592EDB79387C1999C439CC1F8
:10B890008147B24022443E854101828019469795F6
:10B8A000FE1F93852593E9B79797FE1F83C7478CA3
:10B8B00045BF2E85EFD0CEEEE1BF2E85EFD0AEF0A6
:10B8C000C1BF9797FE1F83C7C78A59BF9797FE1FAF
:10B8D00083C7878C71B719469795FE1F9385C589D5
:10B8E00041BF9797FE1F83C7B7889DBF9797FE1FDD
:10B8F00083C7078EB5B79797FE1F9387A7899C4389
:10B9000085B79797FE1F83C7078799BF9797FE1F35
:10B9100083D707882310F400A5BF9797FE1F83D70E
:10B92000C787CDBF9797FE1F83C7D78415BF97974B
:10B93000FE1F83C7C7842DB72E85EFD00EEC89BFBD
:10B940009797FE1F83C7078393F7F70711BF979752
:10B95000FE1F83C7978829B7130700048947E36A46
:10B96000A7F2EFB08E832310A4001DB79307F5CF85
:10B97000C207AE86C183D9452A8763EAF52E17B878
:10B9800000001308688F8A07C2979C43411106C6BE
:10B99000C297B285368582874147E147639EE602BA
:10B9A00041461785FE1F1305657F9750FE1FE780F0
:10B9B00000F015A04147E1476390E6024146178534
:10B9C000FE1F1305A57ED5B71147E1476396E60034
:10B9D0001C4223AEF1988147B2403E8541018280EE
:10B9E0000547E147E39AE6FE034706009787FE1FF7
:10B9F00083C707789786FE1F238CE67695C7814715
:10BA000061FF1787FE1F1307E778184389463D8BB0
:10BA10006305D7009546E311D7FC1785FE1F034544
:10BA2000F579EFD08E8D45BF81475DD71787FE1F13
:10BA30001307477618436306A7003D8B7517E36D20
:10BA4000E5F885451785FE1F03455577EF801EE411
:10BA500059B79307C01C63E8D72063060620B2409D
:10BA600041016FD04EA79307C01C63EED71E630C35
:10BA7000061EB24041016FD02EB60547E147E39D57
:10BA8000E6F403470600A946E3E8E6F49787FE1FBD
:10BA90002381E76E89B70547E147E39FE6F2034755
:10BAA00006008D46E3EAE6F29787FE1F2386E76EDF
:10BAB0001DB71947E147E391E6F219461785FE1FC6
:10BAC0001305856BDDB50547E147E397E6F00347CE
:10BAD00006009D46E3E2E6F09787FE1FA38AE7682B
:10BAE000DDBD0547E147E399E6EE034706008D46D5
:10BAF000E3E4E6EE9787FE1F238CE76CE9BD05477C
:10BB0000E147E39BE6EC834706001787FE1F23040B
:10BB1000F766D1B50947E147E390E6EC0356060026
:10BB200005671307A7C79306A6FFC206C182E36590
:10BB3000D7EA9787FE1F239DC76471BD0947E14778
:10BB4000E39CE6E80356060005671307A7C79306BC
:10BB5000A6FFC206C182E361D7E89787FE1F239E36
:10BB6000C76295BD834506001786FE1F0346266102
:10BB70009787FE1FA380B7600145EF607F9DA1BD41
:10BB8000034606009785FE1F83C5D55E9787FE1F77
:10BB90002387C75ED5B79307C01C63E6D70C61C681
:10BBA000B24041016FD06EB30547E147E396E6E24C
:10BBB000834706001787FE1F0347C75B058B9786E1
:10BBC000FE1F2389F65A93F6170011C7E39506E086
:10BBD000EFD00E8D09B5E38006E01787FE1F13072F
:10BBE000675B18438945398BE31E07E493E707F841
:10BBF0001787FE1F2300F758F9BB0547E147E39D70
:10BC0000E6DC834706001787FE1F0347175D97860C
:10BC1000FE1FA384F65C11C7E39F07DAEFD0EE8A1C
:10BC20005DBBE38A07DA1787FE1F1307A756184381
:10BC30001377070F19C3914531B593E707F81787B5
:10BC4000FE1FA30CF75841BB9307000463EFE70006
:10BC500089458947E392B6D8B240835506003A85B4
:10BC600041016FB00EA8E14785BB8947B5B3930783
:10BC7000000463E9A700894589476396B6008355A8
:10BC80000600C5B789473E8582806F60BF8C411131
:10BC900006C6EF80A00F1715FFFF1305C504EF9030
:10BCA0008EC5EF003FEE17B5FEFF1305A530EF90F0
:10BCB0008EC4EFB0CEA917E5FEFF1305E543EF9064
:10BCC0008EC3EFE08EC01745FFFF1305C59AEF90B6
:10BCD0008EC2EF30FFAF17F5FFFF13052518EF9069
:10BCE0008EC1EFE08FF41705FFFF1305C553EF90EA
:10BCF0008EC0EF00CFCFB24041016FF0FF99978720
:10BD0000FE1F9387274E1787FE1F1307274D9C435F
:10BD1000184301456313F700828083D6670081E6EC
:10BD200083D6470036959C43F5B79787FE1F9387C8
:10BD3000A71C8C431787FE1F0357471C411113860E
:10BD400005229787FE1F23AFC748938785FFBA97C1
:10BD500005659786FE1F23A3F64806C61D05935664
:10BD600037006374E500930600203307D60017857B
:10BD7000FE1F2327E54623A0E522E1162312D60065
:10BD8000231306001CC3998FE1172312F700231316
:10BD90000700EFF0DFF6B2409787FE1F2395A7104C
:10BDA000410182809787FE1F9387C7431787FE1F35
:10BDB0001307C7429C43144301456393F6008280F6
:10BDC00003D7670011E703D747006373E5003A859F
:10BDD0009C43E5B79787FE1F9387C7409786FE1F52
:10BDE0009386C63F9C4390422A87B305B5406314AF
:10BDF000F6003A8529A8938687009C43E369D7FE1D
:10BE0000E377F7FE2E85E3E4D5FEE3F2F5FE8280CC
:10BE100083C705002300F50083D72500A300F500A4
:10BE200083D72500A1832301F50083C74500A30123
:10BE3000F5001145828023A2019A23A0019A8280F5
:10BE400029C1411126C206C622C4AA8401458DC556
:10BE50002E842285414697A500009385A5479750DB
:10BE6000FE1FE780C0A483C7040005452306F40035
:10BE700083C71400A306F400B24022449244410157
:10BE8000828001458280011122CC26CA06CE094754
:10BE9000AA8432846383E50441468147639BC500DD
:10BEA000638FE6006397B6001DA841478147638F03
:10BEB000E600F2406244D2443E85056182808A8574
:10BEC0002285EFF0FFF741468A8521A88A85EFF0A9
:10BED0003FF741468A85228531A0E398B6FC2E863D
:10BEE000A28526859750FE1FE780E0A7AA87D1B7D5
:10BEF00023A2A19A8280011122CC0354650006CEB0
:10BF000026CA4AC84EC641C083298500AE842A8805
:10BF100003C9090081471317890161876355070227
:10BF2000B147054563FA87045114420403552800BC
:10BF3000418033878900A2864E868545EF306FDECB
:10BF4000B337A00085077D141355690042040589A5
:10BF50001379F90341802380F400A380A400238196
:10BF6000240123928400014719C01387190098C443
:10BF700009476383E7000145F2406244D2444249E5
:10BF8000B249056182800545C5BFC167F917630ADB
:10BF9000F502D94763F7B702011122CC2EC606CEAF
:10BFA0002A84EF001FABB2456368B5002285624466
:10BFB000F24005616F206FC9F2406244054505619A
:10BFC000828005458280C167F9176314F5006F0010
:10BFD0005FA8411106C6EF200FB611E15D45B240E2
:10BFE0004101828039714ED656D25AD006DE22DC0B
:10BFF00026DA4AD852D4AA8A2E8BB28949EF36C69D
:10C00000EFF07FFC9145EF005FB5AA844D492DC943
:10C01000B246054A238034010544630A0B00B68505
:10C0200013851400029B0505131405014180E209E4
:10C0300093D9894163D30902C1455685EF20EFBDED
:10C04000654905E933868400A2852685EF308F9EF9
:10C050002A8905E131044204418091472C08568524
:10C06000231CF10026CE231D8100EF10BFC32A89B7
:10C0700001C963070A0026859750FE1FE7804043E9
:10C08000F25062544A85D2544259B259225A925AB5
:10C09000025B21618280BA84014AADBF011122CCCA
:10C0A00026CA4AC84EC606CE2A893284B689EFF01F
:10C0B0007FF3AA8405E19387419A9C4381CF05478A
:10C0C0006317E40003C4090005041374F40FA28588
:10C0D0004A858297F240624426854249D244B24959
:10C0E00005618280AE86014705469705000093856D
:10C0F00065D26FF0BFFA83D705002300F50083D720
:10C100000500A183A300F5000945828083C72500AF
:10C1100005472300F50003D505006397E7000A05EE
:10C120000505420541818280C9473305F502CDBF2F
:10C1300003D505000A0542054181828083D7250089
:10C140002300F50003D5050083D725003305F5024C
:10C15000050542054181828003D50500828003D513
:10C160000500828003D50500828083D72500230047
:10C17000F50003D5050083D725003305F502050535
:10C1800042054181828083D705002300F50083D7D3
:10C190000500A183A300F50083D725002301F50046
:10C1A00083D72500A183A301F50003D54500110520
:10C1B00042054181828083D705002300F50083D7A3
:10C1C0000500A183A300F50003D52500090542055C
:10C1D0004181828089471145639BF60083471600A1
:10C1E000834606000145A207D58F2310F700828001
:10C1F00003D70500D947AE8663FAE70001470D462D
:10C2000097050000938565EF6FF05FE9094582802F
:10C2100011456393A6028347160083460600014535
:10C22000A207D58F2310F7008347360083462600E8
:10C23000A207D58F2311F700828083C72500054709
:10C24000FD1793F7F70F6361F70483D705008DCFD0
:10C25000011122CC2A84C84106CE15C12EC68945BB
:10C26000EFF05FB72A8722856244B246F240154656
:10C27000970500009385C5E905616FF03FE2F24044
:10C2800062440945056182800945828095471145D0
:10C2900063F9D706411122C426C24AC006C68347A5
:10C2A0001600BA8403470600A2073284D98F239070
:10C2B000F400834736000347260093054400A20795
:10C2C000D98F2391F40089472382F400094613850E
:10C2D000540036899740FE1FE780605D9307A9FFF1
:10C2E0002394F4009947631BF90023A60400B2408D
:10C2F0002244924402490145410182801904C0C48C
:10C30000FDB7828083D705008DCF011122CC2A840E
:10C31000C84106CE15C12EC68545EFF0BFAB2A87B2
:10C3200022856244B246F2401D469705000093857F
:10C3300065E005616FF09FD6F240624409450561F2
:10C3400082800945828099476395F60489474111A7
:10C3500006C62302F7008347160083460600B2850F
:10C36000A207D58F2310F7008347360083462600A7
:10C3700003464700A207D58F130557002311F70086
:10C3800091059740FE1FE7808052B2400145410170
:10C390008280D14711456394F600C1474DBF82802A
:10C3A00083D705008DCF011122CC2A84C84106CE47
:10C3B00015C12EC68945EFF0FFA12A872285624468
:10C3C000B246F240254697050000938565D7056182
:10C3D0006FF0DFCCF2406244094505618280094577
:10C3E000828089471145639BF60083471600834688
:10C3F00006000145A207D58F2310F70082800111A6
:10C4000022CC2A84C84106CEAE86014719C52EC665
:10C410008545EFF03F9CB2462A8722856244F24070
:10C420002D4697050000938565D305616FF01FC702
:10C4300011456393A6028347160083460600014513
:10C44000A207D58F2310F7008347360083462600C6
:10C45000A207D58F2311F7008280011122CC2A84F4
:10C46000C84106CEAE8611C52EC68545EFF09F9613
:10C47000B2462A8722856244F2403546970500007D
:10C48000938525CE05616FF07FC193F716001145A6
:10C4900089EB89476387F60085822312D70010C392
:10C4A00001458280011122CC2A84C84106CE15C1E3
:10C4B0002EC68545EFF01F922A8722856244B24638
:10C4C000F2403D4697050000938505CA05616FF06F
:10C4D000FFBCF240624409450561828083D70500B4
:10C4E0008DCF011122CC2A84C84106CE15C12EC69B
:10C4F0008945EFF03F8E2A8722856244B246F2409A
:10C50000454697050000938585C605616FF01FB904
:10C51000F240624409450561828009458280854771
:10C5200063FCD7022304A700A304B70083471600C7
:10C5300083450600A207CD8F2310F7009387E6FFFF
:10C540002311F70089476386F600090650C30145A9
:10C55000828023220700E5BF114582800147814682
:10C560004D4681456FF09FB38D47114563FBD70260
:10C570008347160083450600A207CD8F2310F700DE
:10C580008347360083452600A207CD8F2311F7008D
:10C590009387C6FF2312F7006386A600110610C713
:10C5A0000145828023240700E5BF011122CC2A84A3
:10C5B000884506CEAE8611C52EC69545EFF09F8103
:10C5C000B2462A8722856244F2405D469705000004
:10C5D0009385A5BB05616FF07FAC854711456397D7
:10C5E000F6008347060001452300F70082800147DB
:10C5F0008146654681456FF07FAA011122CC2A84CD
:10C60000C84106CEAE86014719C52EC68D45EFF04E
:10C610006FFCB2462A8722856244F2406D46970538
:10C620000000938585B905616FF0DF9B011122CC75
:10C630002A84C84106CEAE86014719C52EC68D454F
:10C64000EFF04FF9B2462A8722856244F2407546E0
:10C6500097050000938565B605616FF0BF98814727
:10C6600017A80000130808C81306F00F3307F800D6
:10C67000834607001397060141836364E5006393D3
:10C68000C600828083D605006365D7002390E5004D
:10C690008280850793F7F70FD1BF4111939705016A
:10C6A00022C406C626C2C1872E8463D50702EF7056
:10C6B0001EDEAA8409CD83470500054793C70708F6
:10C6C0006364F700EF50F0572685EF703ED0216588
:10C6D000218D29A893F7150099CF9787FE1F93877F
:10C6E000E7B0FC5791C3829713451400B24022442F
:10C6F00092444101828093F7250099CB9787FE1FD2
:10C700009387C7AEBC5B91C3829713452400F9BFE2
:10C7100093F7850081CF9787FE1F938727ADFC5F36
:10C72000BC5B91C3829713458400C9B793F745005A
:10C7300081CF9787FE1F938767ABFC5FFC5791C340
:10C740008297134544005DB793F7050291CF978711
:10C75000FE1F9387A7A983A7070983A7070991C38A
:10C7600082971345040259B793F7050191CF978734
:10C77000FE1F9387A7A783A7070983A7C70891C3AD
:10C780008297134504019DB7939725010145E3DF87
:10C7900007F49786FE1F83C6D6A51786FE1F03469D
:10C7A00046A59785FE1F83C5B5A41785FE1F0345C3
:10C7B00025A4EFA0BFF1096521BF41111306801226
:10C7C000814522C42A841785FE1F130525A206C6AB
:10C7D0009787FE1F23A207989787FE1F23AE07B2F5
:10C7E0009740FE1FE780C0130145EF30001501455B
:10C7F000EF30E01C3707D70731079786FE1F23A1CC
:10C80000E6A037C70C0C130707149786FE1F23AB4F
:10C81000E69E37C7D707130707149786FE1F23A581
:10C82000E69E7177130707149786FE1F2390E69EF6
:10C830009777FE1FA38787669787FE1F9387079BBF
:10C840007D46814603A7070D23A2D70E23A0C70E5E
:10C8500083A7470DB7762D049386F61F558F93E770
:10C86000E7099786FE1F23ABE6A49786FE1F23AB3E
:10C87000E6A49786FE1F23A5F6A41787FE1F23258F
:10C88000F7A49777FE1F83C707681787FE1FA30DBE
:10C89000F7A01787FE1FA30DF7A0F977FD171787DD
:10C8A000FE1F2318F7A41787FE1F2315F7A4FD47C3
:10C8B0001787FE1F2301F7A49787FE1FA3840796FF
:10C8C000930730301787FE1F231FF7941787FE1F2B
:10C8D000231CF794EF80DEA89787FE1FA389A790FB
:10C8E0009307C01C1787FE1F231FF7969777FE1F1D
:10C8F00083D7C760A9831787FE1FA30BF796977787
:10C90000FE1F9387675F83D707011307B00F637418
:10C91000F7009307B00F1396070141821787FE1F98
:10C92000231BF78E1787FE1F2319F78E9306E60049
:10C9300013973600420741839785FE1F239EE58C9F
:10C940009785FE1F239CE58CED456373B600ED478C
:10C950001786FE1F231DF68A13068014BA87637498
:10C96000C700930780141787FE1F2313F78A1787C2
:10C97000FE1F2311F78A85471787FE1FA307F78A33
:10C98000B70703009387C71C1787FE1F2320F78A6A
:10C990009787FE1F23AE0788B717070693870744BC
:10C9A0001787FE1F2328F788B70716008E06938780
:10C9B00007901787FE1F231ED7841787FE1F23218A
:10C9C000F786EF80DFD7EF407069EF804F80224419
:10C9D000B24041016F606000411106C622C426C208
:10C9E0001787FE1F034767849787FE1F83C7F78358
:10C9F0006369F70001442285B24022449244410118
:10CA00008280AA84930510201305800B9750FE1F87
:10CA1000E780E09A2A8479DD1306800B81459740F0
:10CA2000FE1FE780E0EF81E4C1572304F40097770D
:10CA3000FE1F9387A77BB84F2DEF1787FE1F23217B
:10CA400087801777FE1F232F877E1777FE1F232DE2
:10CA5000877E2320040005479776FE1F2387E67C08
:10CA60000547A304E400130700F9A305E4001777C2
:10CA7000FE1F13072766145358531775FE1F0345EF
:10CA8000E54874C438C87D57230BE40083C7A70466
:10CA9000A30EE4062304A4062306F40AEF80AFB134
:10CAA00083476406A30AA40093E737002303F40630
:10CAB00099B7F84F00C31777FE1F232787782320E5
:10CAC000040003C7E703050741BF011152C4177AE9
:10CAD000FE1F130AAA6283270A0006CE22CC26CAAA
:10CAE0004EC656C2130780074AC82A84F8D30945A0
:10CAF000EF804FE59779FE1F9389895D83A7090031
:10CB0000977AFE1F938ACA6437063300D857930575
:10CB100030020545719B13671700D8D798431377E8
:10CB2000F7CF98C398431377F7CF1367072098C3BD
:10CB300003A70A001447D18E03260A0014C7B706BC
:10CB400003009386862534CA5457F59A54D7034771
:10CB5000E4079376F7079843137707F8558F98C340
:10CB6000EF807E8464449D472308F400230FA406CD
:10CB70002380F4008547A38104002381F4007C48CE
:10CB800093F707209DCB9147A381F4008347E40AE4
:10CB90008346D40A78449A07D58F2302F70083C7C7
:10CBA0002400814685072381F4000346040B834556
:10CBB000D40A0345E40AEF80EFC07C4893F70740AE
:10CBC000B1C303C734007C4483C6240013678700C5
:10CBD000A381E4000357A408B697A381E70083C7A5
:10CBE000240078448346F4073E978357A4089206AE
:10CBF000A183BD8BD58F2302F70083C7240089074B
:10CC00002381F40003C62400035744089307D00F80
:10CC1000918F9776FE1F9386665D63D1E7248345E7
:10CC200004080547930780426385E500856793877D
:10CC3000878479479387371AB3C7E70283C6860785
:10CC400093E606019775FE1F238ED56083260A00A2
:10CC5000C1658CC63387E7020607B8D283C63400A5
:10CC600093E60601A381D40078448346E407329713
:10CC7000A301D70083C62400784436972302F70027
:10CC800003C724007C44BA97034704081607A3820D
:10CC9000E70083C724008D072381F400834704063F
:10CCA00093F7070485C703C734007C4483C6240078
:10CCB00013670704A381E40003475401B697A381D7
:10CCC000E70083C7240085072381F4008347C40756
:10CCD0000547C11793F7F70F6366F70603C92400EA
:10CCE00015469775FE1F9385C56093073900032984
:10CCF000C4043E99A1472300F90093078002A300D2
:10CD0000F900130529009740FE1FE78040BA03474A
:10CD1000C407C147631DF71483578408A107231173
:10CD2000F408C547230EF40683472408A303F9003B
:10CD300083572408A1832304F90083C72400A5078F
:10CD40002381F40003564408014931C203C724007B
:10CD500068448325840A930737003E9583C73400CF
:10CD6000C18B6380071279593309E9401379F90FB0
:10CD70004A869740FE1FE78080B38327840ACA97BC
:10CD80003CDC83574408B38727412319F40603C7C3
:10CD900024009377F70385073E991379F90FA308C9
:10CDA00024012381E4007C44A380270183260A0018
:10CDB000930770F9A305F400DC42F99BDCC2977776
:10CDC000FE1F938767399C43E1C70347A40003A56F
:10CDD000090037060082BA9783C7070058557D16A9
:10CDE0009395870193F7F703E185E607718FD98F54
:10CDF0005CD51307A00383A70A006359B70AF84F4D
:10CE000037060007518FF8CF83A709000327C4080E
:10CE10008145172500001305A52E98C7032704098F
:10CE2000D8C39777FE1FA388072A9777FE1F23850D
:10CE3000072A7C44BCDEEF804E95034614018345EF
:10CE400004086244F240D2444249B249224A924A1A
:10CE5000014505611743FE1F6700033883C7860736
:10CE600093F7F70E1777FE1F230EF73E05BD035706
:10CE7000840883572408998F0947E347F7EAC9478D
:10CE800055B59740FE1FE78080A20349440801B7CB
:10CE90008305840603A509003706008293F7F5038E
:10CEA000139797015C557D16F18F91B713072002F8
:10CEB000635AB700F84F370600F97D16718F3706B1
:10CEC000000589B7370700F91306F7FFF84F6945E2
:10CED000718F37060003E347B5F2370600011DB72F
:10CEE0009776FE1F938686218C42411122C426C26A
:10CEF00006C64AC093078007FCD19777FE1F938729
:10CF0000271D9C432A8437053300D857719B13672C
:10CF10001700D8D798431377F7CF98C39843137760
:10CF2000F7CF1367072098C31777FE1F1307472211
:10CF300018431047498E10C737060300130686258D
:10CF4000B0C95057759A50D70347E4071376F707CF
:10CF50009843137707F8518F98C364449D4723087B
:10CF6000F4002380F4008547A38104002381F400AA
:10CF70007C4893F7074085CFA147A381F4007C4408
:10CF80000357A4082382E70083C72400784403469C
:10CF9000F4073E978357A4081206A183BD8BD18F57
:10CFA0002302F70083C7240089072381F40083C587
:10CFB0002400035724079307E00F8D8F63D2E708FF
:10CFC000034604080547930780426305E60085672A
:10CFD0009387878479479387371AB3C7E702177611
:10CFE000FE1F034626289442136606011775FE1F8E
:10CFF000230AC526416690C63387E7020607B8D2E2
:10D0000083C6340093E60601A381D40078448346A6
:10D01000E4072E97A301D70083C6240078443697EF
:10D020002302F70003C724007C44BA97034704088F
:10D030001607A382E70083C724008D072381F4002D
:10D040000356240701491DCE03C7240068442C5C05
:10D05000930737003E9583C73400C18BADCF795914
:10D060003309E9401379F90F4A869740FE1FE7809C
:10D0700000843C5CCA973CDC83572407B387274174
:10D080002319F40603C7240001459377F7038507A6
:10D090003E991379F90FA30824012381E4007C440D
:10D0A000A3802701930770F9A305F4000346140138
:10D0B0008345040822449777FE1FA38E0700B240E1
:10D0C000924402499777FE1F2388070041011743C6
:10D0D000FE1F670063109730FE1FE780407D034905
:10D0E00024072319040679BF411122C406C62A84E5
:10D0F00026C24AC0EF40C077835784080347C4075D
:10D1000085072314F4088D47631EF70C9147230EFF
:10D11000F4067C481777FE1F1307470D93E7870037
:10D120007CC883479707898BEDDF8347970793F781
:10D13000C70F1777FE1FA307F7129777FE1F938776
:10D14000E7DA9C438297035764089777FE1F83D7DB
:10D15000E7DF3307F7029307003213070719335746
:10D16000F7029777FE1F9387E7DDDC43B306E50000
:10D17000368663E4A60063E4F6003386F640232C8B
:10D18000C4089776FE1F83C696D8636AD604158EA8
:10D190009306D407A285170500001305E517EF7065
:10D1A000EEDC2285EFF07F929774FE1F93840404D7
:10D1B000EF701FF183C78407C18BCDC383C784077A
:10D1C00093F70702E5DF83C78407228593F7F70CFF
:10D1D0001777FE1F2308F708EFF09FD0E1BF958F68
:10D1E0003E967DB71779FE1F130949D083270900A2
:10D1F0008297AA84832709008297E38DA4FE832760
:10D20000090083248409829763E0A4063385A4403F
:10D210009777FE1F83C7B7CF9774FE1F83D404D3BD
:10D2200063E3A70029E983576408130700321776E0
:10D23000FE1F130626D1B387970250429387071922
:10D24000B3D7E702032784093E97BA866364F700E1
:10D250006364C700B306C740232CD408B2402244FD
:10D2600092440249410182809777FE1F938787CDC0
:10D27000DC43BE9461BF9777FE1F83C7B7FE93E779
:10D2800017001777FE1FA30FF7FC37470F00130790
:10D290000724B335E5029777FE1F938727E603A996
:10D2A0000700B707080026862324F90081463305C6
:10D2B000E502EF70201106052326A9061777FE1F49
:10D2C0001307C7F283479707898BEDDF83479707DB
:10D2D0001776FE1F130606C7504293F7C70F17773E
:10D2E000FE1FA301F7F88357640813070032B387C2
:10D2F000970293870719B3D7E702032784093E975C
:10D30000BA866364F7006364C700B306C740232C82
:10D31000D40841BD8347C507B1CB411122C406C61D
:10D3200026C249472A84639CE7020357250883578E
:10D3300085086316F7029304050A15469775FE1FC4
:10D34000938525FB26859730FE1FE780405626856E
:10D35000EF4020789147A300A408230EF40622850D
:10D360002244B240924441016FF01FD8828083472B
:10D37000E501411122C406C69907A308F5007C45C2
:10D3800011472308E5002380E7007C45034715018A
:10D390002A84A380E70083475503858B91E70347E1
:10D3A000450389476319F70078448347070093E7EB
:10D3B00007042300F7006844930564031946090530
:10D3C0009730FE1FE780A04E68440356E4014C549A
:10D3D00021059730FE1FE780804D930730F9A305A4
:10D3E000F400B24022444101828041114AC01779C1
:10D3F000FE1F1309A9DF8327490B06C622C426C2D4
:10D4000099E3054505AAAA84EF709FCB8327490BB2
:10D410008297EF40201D2A846DD5DC50AC48232430
:10D42000F50803C7B4009307A009631BF7108547ED
:10D430002300F51483C734062303F514A303F5145E
:10D4400083C7F50003C705010148A2074207BA9741
:10D4500003C7E5001546F905BA9703C735FF13055D
:10D4600084136207BA97232CF40883C755FF03C7B8
:10D4700065FFA2074207BA9703C745FFBA97232E55
:10D48000F40883C775FFA30BF40283C795FF03C796
:10D4900085FFA207D98F231CF40283C7B5FF03C7FA
:10D4A000A5FFA207D98F231DF40283C7D5FF03C7A9
:10D4B000C5FFA207D98F231EF40283C7F5FF03C758
:10D4C000E5FF232E0413A207D98F231FF4028147FF
:10D4D000232CF4129730FE1FE780603DB848834745
:10D4E0003702FD8BA30AF40203473702ED1793F7C7
:10D4F000F70F15832308E4022D476368F70283576B
:10D50000A40305679306A7C7E917C207C18363EEA3
:10D51000F6008356C4039307301F63E8D700835790
:10D52000E403130707C8637EF70203558400EF4046
:10D53000E0290145B24022449244024941018280DF
:10D540008327890D13971701E35C07EEFC4403C79B
:10D55000070083C70500F98F9583858B2300F51499
:10D56000C5B58327890B228582978327090E03552A
:10D570008400294693F7072091E3054693050008A8
:10D58000EF50C0058327890D1397170163590700D2
:10D5900003558400514693050008EF50200483276B
:10D5A0004905FC4B13974700E35D07E403C584007E
:10D5B000A38B0400494693050008EF50200291B563
:10D5C000411122C406C626C24AC09777FE1F83C7F0
:10D5D000F7C12A848DEB0347040185476316F70ED4
:10D5E0008347D40303475404858B631DF70C194606
:10D5F000930564041305E4039730FE1FE780A0360B
:10D60000B334A00091A883475504CDC78347B50420
:10D610001307000493F7070C639EE708085921C518
:10D6200013096404CA851305A502EF50400D854710
:10D63000AA84631AF502085889472302F404834731
:10D6400035001946CA8593E72700A302F404510563
:10D650009730FE1FE780A025B2402244268502496C
:10D660009244410182800347040185476304F70423
:10D6700083470406918B9DEF8347C40385EF130511
:10D6800044049750FE1FE780E08C08D805C5894701
:10D690002302F4048347350019469305640493E795
:10D6A0002700A302F40451059730FE1FE7802020D5
:10D6B00085445DB78347C403898B91DF1C5883C7BA
:10D6C000170091FB814449BF83470406918B89FB76
:10D6D0008347D40013F717000DC3834634010D4769
:10D6E000639DE60068402C442244B24092440249C3
:10D6F00041011733FE1F6700A36D898BD5DB0347FC
:10D7000034019547E316F7FAF1BF41119777FE1FF1
:10D71000238A07B422C4930710F906C6A305F500AF
:10D720009777FE1F938707BF80430DC08545176518
:10D73000FE1F03451577EF70EEEE930710273305B4
:10D74000F50222832244B24041010283B2402244C6
:10D75000410182808347A50199C70347A50063144F
:10D76000F7006FF09FFA0347950111CF8346A5009C
:10D770006382E6022305E50089451765FE1F034520
:10D7800055726F70AE90F1DF0347A50079FB23055A
:10D79000F500DDB7F9D7E5BF2C49314783C7150040
:10D7A00093F7F7032309F5006386E7009307000862
:10D7B0003E85828083C705000D47BD8BA309F50018
:10D7C000E396E7FE41114AC01309650322C41946D6
:10D7D0002A84A1054A8506C626C29730FE1FE78027
:10D7E000801891470DC52C4813056404194683C75A
:10D7F000050089059987858BA302F4049730FE1FE5
:10D80000E780E00A2285EFF0BFDB09E9A147B240DB
:10D810002244924402493E8541018280130500045E
:10D8200083044401EF906E9762056185E3C0A4FE16
:10D8300064449D472308F4002380F4008547238136
:10D84000F400A381F400CA8519461385440097307B
:10D85000FE1FE780C00583C7240003C734000149C9
:10D86000990793F7F70F136787002381F400A381CB
:10D87000E4007844BA970357C406A381E70083C73E
:10D8800024007844834614063E978357C4069206C4
:10D89000A183BD8BD58F2302F70003C7240009079E
:10D8A0001377F70F2381E4008356E401D5CE834735
:10D8B0000406795993F7070491C375593309E94070
:10D8C0001379F90F6372D90A034634067519854630
:10D8D0001379F90F930780426305D6008567938714
:10D8E0008784F9469387371AB3C7D7021776FE1F86
:10D8F00003464697136606019775FE1F2384C59657
:10D900001766FE1F1306867F1042C1650CC6B386DC
:10D91000D702860634D283C6340093E60601A3817B
:10D92000D4007444034624063697A301C70083C677
:10D930002400784436972302F70003C724007C4470
:10D94000BA97034734061607A382E70083C724006B
:10D950008D072381F4005C54CA973CDC8357E401B3
:10D96000B38727412319F4068347040693F7070476
:10D9700085C703C734007C4483C6240013670704AB
:10D98000A381E40003475401B697A381E70083C74E
:10D99000240085072381F40003C524000356E40115
:10D9A0004C549307350068443E952DCE636CC906F0
:10D9B0009730FE1FE780A0EF0349E40103C724006E
:10D9C0009377F70385073E99A30824012381E40098
:10D9D00083475403858B91E70347440389476319C1
:10D9E000F70078448347070093E707042300F70014
:10D9F0007C4483451401A380B70003453406930794
:10DA000090F9A305F400EF70AFC8034614018345F5
:10DA100034060D459730FE1FE780007CEF704FEA1B
:10DA20008147F5B34A869730FE1FE78040E879B713
:10DA30002C491307200283C7150093F7F703230926
:10DA4000F500639CE714411122C406C626C283C7B1
:10DA5000050015472A84BD8BA309F500639CE702E6
:10DA60001946A105130565039730FE1FE780A0EF57
:10DA70009147630E05102C4819461305640483C7AB
:10DA8000050089059987858BA302F4049730FE1F52
:10DA9000E780E0E12285EFF0BFB2A1476DC997644E
:10DAA000FE1F9384244A9C4082979307E5013E879A
:10DAB000D44063E4A70063E4D7003387D7406444CD
:10DAC000A1472308F40058D02380F4008547238120
:10DAD000F400A381F4001946930564031385440000
:10DAE0009730FE1FE780A0DC83C7240099072381BD
:10DAF000F40083C7340093E72700A381F400834731
:10DB0000540481CB78448347070093E707F8230048
:10DB1000F7001946930564041385A4009730FE1F8F
:10DB2000E780E0D883C72400990793F7F70F13F72E
:10DB3000F7030507A308E4002381F4008347540397
:10DB4000858B91E70347440389476319F7007844BD
:10DB50008347070093E707042300F7007C448345CD
:10DB60001401A380B700034534069307A0F9A30569
:10DB7000F400EF70EFB103461401834534060D4500
:10DB80009730FE1FE7804065EF708FD38147B2402A
:10DB9000224492443E8541018280930700083E85DD
:10DBA000828041114AC01769FE1F13092955832736
:10DBB000090022C41307800706C626C2F8D32A84A8
:10DBC0000945EF702FD89767FE1F938767509C43D6
:10DBD0009765FE1F9385C557D857719B136717002C
:10DBE000D8D70326090058421367170058C2176791
:10DBF000FE1F130767561843630A07188346A400DD
:10DC0000370500827D15369703470700D457131850
:10DC100087011377F703135888416607E98E558FFC
:10DC2000D8D79306A003984163DE0617744F3705D3
:10DC30000007C98E74CF98431377F7CF98C39843E2
:10DC40001377F7CF1367072098C39841B7053300C0
:10DC50001447CD8E14C7B70603009386862534CAB1
:10DC60005457F59A54D7034724069376F7079843F9
:10DC7000137707F8558F98C337C7898E130767ED59
:10DC800098C737575500644413075755D8C39D4765
:10DC90002308F4002380F40085472381F400A14782
:10DCA000A381F4007C440357C4062382E70083C7A2
:10DCB00024007844834614063E978357C406920690
:10DCC000A183BD8BD58F2302F70003C524009307E2
:10DCD000E00F09051375F50F2381A40003562407EF
:10DCE000898F63CFC7047C442C5C0D053E9597302B
:10DCF000FE1FE780C0BB03C7240083472407937639
:10DD0000F7038507B697A308F4002381E40083474F
:10DD10005403858B91E70347440389476319F70050
:10DD200078448347070093E707042300F7007C4407
:10DD300003471401A380E700930780F9A305F400CB
:10DD4000832709007844B8DF9767FE1F83C7472001
:10DD500081EB8145171500001305853AEF70EEA29F
:10DD6000034614018345340622449767FE1FA384AB
:10DD70000736B240924402499767FE1F238E07344C
:10DD8000014541011733FE1F670003450308840660
:10DD9000370500827D151377F80393169701D8573E
:10DDA000698FB5BD9306200263DA0601744F37050B
:10DDB00000F97D15E98E37050005A5BDB70600F908
:10DDC0001385F6FF744FE948E98E37050003E3C277
:10DDD00008E737050001B1BD397152D4176AFE1F3B
:10DDE000130ACA3103260A0022DC26DA06DE4AD8E4
:10DDF0004ED6930780077CD29767FE1F9387472DE7
:10DE00009C43B70533002A84D857719B13671700CA
:10DE1000D8D798431377F7CF98C398431377F7CFA2
:10DE20001367072098C31767FE1F1307673218434D
:10DE30001447CD8E14C7B70603009386862534CACF
:10DE40005457F59A54D7034725069376F707984316
:10DE5000137707F8558F98C364459D472308F5004D
:10DE600085462380F400A38104002381D4008347E6
:10DE7000F5050D476385E7001947639BE74C854728
:10DE8000A381F40019469305640313854400973079
:10DE9000FE1FE780C0A183C7240099072381F400F7
:10DEA0000347F40599476316F70483C734001385C5
:10DEB000A40093E72700A381F40083475403898BD0
:10DEC0006382071E0C5883C72501638D071C194602
:10DED000D1059730FE1FE780809D78448347070077
:10DEE00093E707F82300F70083C7240099072381ED
:10DEF000F40083C7340003C7240093E78700A3819D
:10DF0000F4007C44BA970357C406A381E70083C793
:10DF100024007844834614063E978357C40692062D
:10DF2000A183BD8BD58F2302F70083C72400890707
:10DF300093F7F70F2381F4008356C4016386061814
:10DF40000347040679591377070411C375597848B4
:10DF50003309F9401379F90F118B01C73919137976
:10DF6000F90F8149637FD90883463406751905473F
:10DF70001379F90F930980426385E60085699389D7
:10DF8000898479479389391AB3C9E9029766FE1FD4
:10DF900083C6462D93E606011766FE1F2304D62C82
:10DFA00083260A00416690C63387E9020607B8D285
:10DFB00003C7340013670701A381E4007844834654
:10DFC0002406BA97A381D70003C724007C44BA97DC
:10DFD0002382370103C724007C44BA9703473406E1
:10DFE0001607A382E70083C724008D072381F4006E
:10DFF0001C54CA973CDC8357C401B38727412319BB
:10E00000F4067C48914613F7C700630BD700B1466E
:10E010006318D720834614060347F4076392E6206B
:10E02000A18BCDCB9767FE1F938747EC9C43832939
:10E03000840982971767FE1F1307C7F063E9A908D1
:10E04000B7470F003385A94093870724B335F502FE
:10E050000356870081463305F502EF60A036AA8992
:10E06000B7074B00138749ED9387B7C763EAE71AF1
:10E070004946814568009730FE1FE780608AB7C730
:10E080000300938737FC63CD370DBD09F947B3C94A
:10E09000F902B2477977F98FCE0993D93901B3E9FB
:10E0A0003701FDA08347D40381CB78448347070021
:10E0B00093E707F82300F70019469305E403972038
:10E0C000FE1FE780C07E0DB5814901491DBF5C433D
:10E0D000BE99BDB783C7340083463406C18B9DC348
:10E0E000F9470547B389F902835724076399E60086
:10E0F000938787078587BE999389492995B7938721
:10E100000707D5BF83C724000357C40105463E97C0
:10E110009307070F6395C6009307870F85871767D7
:10E12000FE1F03473714136717001766FE1FA30B64
:10E13000E61203270A00370608009389875210C7A2
:10E14000938757547946B3C7C702B387C702860778
:10E150007CD7834714062300D408A30FF40609B71D
:10E16000B7872500138737ED634637031307C012BF
:10E1700093896909B3C9E902B24789661387F6FF33
:10E18000D58F33F7E900F979B3F93701B3E9E9003D
:10E190004EC619A863C837178357C1006977F98F2E
:10E1A0001167D98F2316F1008357640868446C0007
:10E1B000139707018357C100D98F3EC68327040AEE
:10E1C0000327C4083EC88327440A131687006183C7
:10E1D00093F6F7019767FE1F83C777019D8B96071C
:10E1E000D58FD18F3ECA832704094946A2075D8F88
:10E1F000835784083ACC231EF10083C724008D077F
:10E200003E959720FE1FE780806A83C7340093E71E
:10E210000702A381F40083C72400C9072381F40007
:10E220008347040693F7070485C703C734007C447B
:10E2300083C6240013670704A381E4000347540145
:10E24000B697A381E70083C7240085072381F400E4
:10E250000356C40161EA014983C624008347E405EB
:10E2600013F7F60305073A999A07D58FA3082401F7
:10E270002381F40083475403858B91E703474403CC
:10E2800089476319F70078448347070093E7070439
:10E290002300F7007C4403471401A380E7009307A1
:10E2A00060F9A305F400784483270A00B8DF976774
:10E2B000FE1F83C7E7C981EB8145171500001305D1
:10E2C00025E4EF609ECC03270A009767FE1FA38416
:10E2D00007E09767FE1F238107E05C43014593E752
:10E2E00017005CC303461401834534069730FE1FB4
:10E2F000E78080EEF2506254D2544259B259225A09
:10E3000021618280B787DAFF93876709BE998347C7
:10E31000D10093F7F7F993E70706A306F1009307F7
:10E32000C012B5B303C524000C54930735006844EC
:10E330003E956369C9009720FE1FE7804057034957
:10E34000C40119BF4A869720FE1FE780405629B7AF
:10E350001387E7FF1377D70F6310071CA381D4003F
:10E36000930565031946138544009720FE1FE78037
:10E37000005483C7240003C734009769FE1F9389A4
:10E38000E9E6990793F7F70F136787002381F400F5
:10E39000A381E40078440149BA970357C406A381D6
:10E3A000E70083C724007844834614063E978357CA
:10E3B000C4069206A183BD8BD58F2302F70083C6C6
:10E3C00024009147890693F6F60F2381D400034772
:10E3D000F405631CF70A83470406795993F7070489
:10E3E00091C375598357C4013309D9401379F90F83
:10E3F000637DF90803463406751905471379F90F4B
:10E40000930780426305E600856793878784794791
:10E410009387371AB3C7E70203C689071366060155
:10E420009765FE1F2380C5E403260A00C1650CC65C
:10E430003387E702060738D203C7340013670701A2
:10E44000A381E400784403462406BA96A381C6005B
:10E4500083C62400784436972302F70003C72400BC
:10E460007C44BA97034734061607A382E70083C7A4
:10E4700024008D072381F4001C54CA973CDC835789
:10E48000C401B38727412319F4068347040693F791
:10E49000070485C783C7340003C7240093E7070434
:10E4A000A381F4007C44BA9703475401A381E70099
:10E4B00083C7240085072381F4000347F4059147AF
:10E4C000631AF7040356C40131C603C524000C5473
:10E4D0009307350068443E956368C9029720FE1F84
:10E4E000E780E03C0349C4010347F4059147631CFE
:10E4F000F72483C7890793F7070F93E75700176738
:10E50000FE1F2301F7D689BB4A869720FE1FE780AE
:10E51000003AD9BF0149C9BF93F7B70F0547E39C3C
:10E52000E7D2A381F40093056503194613854400DF
:10E530009720FE1FE780A03783C724009907238117
:10E54000F40083C7340093E72700A381F4008347D6
:10E55000D40381CB78448347070093E707F823006F
:10E56000F700834754031385A400898B6383071A3C
:10E570000C5883C72501638E07181946D1059720CB
:10E58000FE1FE780C03278448347070093E707F80F
:10E590002300F70083C7240003C734009769FE1FD8
:10E5A0009389C9C4990793F7F70F136787002381ED
:10E5B000F400A381E40078440149BA970357C406E4
:10E5C000A381E70083C724007844834614063E975E
:10E5D0008357C4069206A183BD8BD58F2302F70013
:10E5E00083C624008547890693F6F60F2381D4005D
:10E5F0000347F405631CF70A83470406795993F728
:10E60000070491C375598357C4013309D94013795D
:10E61000F90F637DF9080346340675190547137928
:10E62000F90F930780426305E60085679387878427
:10E6300079479387371AB3C7E70203C6890713667A
:10E6400006019765FE1F238FC5C003260A00C1651A
:10E650000CC63387E702060738D203C734001367B6
:10E660000701A381E400784403462406BA96A381F7
:10E67000C60083C62400784436972302F70003C7F8
:10E6800024007C44BA97034734061607A382E700A8
:10E6900083C724008D072381F4001C54CA973CDCF7
:10E6A0008357C401B38727412319F406834704061F
:10E6B00093F7070485C783C7340003C7240093E793
:10E6C0000704A381F4007C44BA9703475401A38153
:10E6D000E70083C7240085072381F4000347F4057E
:10E6E00085476310F7060356C40121CE03C52400F5
:10E6F0000C549307350068443E95636EC902972019
:10E70000FE1FE780C01A0349C4010347F40585478B
:10E71000F9BB8347D40381CB78448347070093E751
:10E7200007F82300F70019469305E4039720FE1F1E
:10E73000E780E01785B54A869720FE1FE7802017FF
:10E74000E9B70149D9B783C7890793F7070F93E75B
:10E75000670075B301115AC0176BFE1F130B0BA98D
:10E7600083274B0A06CE22CC26CA4AC84EC652C4BC
:10E7700056C26393075A2A840945EF60BF9C176904
:10E78000FE1F1309A99703260900930780079769BD
:10E79000FE1F9389E9937CD283A70900176AFE1FA5
:10E7A000130A0A9BB7053300D857DA8A719B13679F
:10E7B0001700D8D798431377F7CF98C398431377A8
:10E7C000F7CF1367072098C303270A001447CD8E9D
:10E7D00014C7B70603009386862534CA5457F59AA2
:10E7E00054D78346A40013F6F607944393F606F82D
:10E7F000D18E94C35C4393F7F7EF5CC30100010033
:10E8000003270A005C4393E707105CC38347E400D7
:10E810007844BD8B2308F4002300F7001D476444AF
:10E82000639BE73E8547A38104002381F4000347EF
:10E83000F4058D466313D7288357C40163940718E2
:10E840007C481147B18B638FE71631476398E70027
:10E85000034714068347F4076306F7168547A38129
:10E86000F400194693056403138544009720FE1FA6
:10E87000E780E00383C72400990793F7F70F23810C
:10E88000F400034704061377070415C303C73400D5
:10E8900013670704A381E4007844BA97034754013F
:10E8A000A381E70083C7240085072381F4009767CD
:10E8B000FE1F2389079A83C624008347E40513F7C4
:10E8C000F60305079A07D58FA308E4002381F40017
:10E8D000930740F9A305F40083475403858B91E720
:10E8E0000347440389476319F700784483470700C7
:10E8F00093E707042300F7007C4403471401A38037
:10E90000E70083260900DC4293E71700DCC2976723
:10E91000FE1F938767849C436388073A0347A400DC
:10E9200003A5090037060082BA9783C70700585528
:10E930007D169395870193F7F703E185E607718FBD
:10E94000D98F5CD51307A00383270A00635CB7380F
:10E95000F84F37060007518FF8CF03A70900B7C754
:10E96000898E938767ED1CC7B75755009387575516
:10E970005CC389471757FE1FA301F7769757FE1F01
:10E98000A38B07749757FE1F238807747C44834426
:10E99000440681451705000013058576BCDEEF604F
:10E9A000CEDE034614016244F2404249B249224A93
:10E9B000924A024BA685D244014505611733FE1FDA
:10E9C00067008381A147A381F4008357C406238293
:10E9D000F4008357C406034714067444A183120746
:10E9E000BD8BD98FA382F60003C624000547090614
:10E9F0001376F60F2381C40083C78A078326090094
:10EA0000631AF708034784019307E6008E07231A69
:10EA1000F4069387C708B387E702F94509451768E5
:10EA2000FE1F2301A884416588C6938707FBC207A0
:10EA3000C18393877716B3C7B70213970701B387CC
:10EA4000B70241838607BCD283C7340093E707012E
:10EA5000A381F4007C443E968347240693E7070491
:10EA6000A301F60083C624007C44B6972382E70006
:10EA700083C624007C4421837D8BB697834634066D
:10EA80009606558FA382E70083C724008D07238154
:10EA9000F40015B5B852F94705833357F702BC5255
:10EAA000EC528583FD8BAE97FCD28D479756FE1FA7
:10EAB000238AF67A4207418341BF19466318C70A81
:10EAC0000357C40145E7A381F4001385440093056F
:10EAD00064039720FE1FE78080DD83C72400138531
:10EAE000A40099072381F40083C7340093E727002B
:10EAF000A381F40083475403898BB9C70C5883C79B
:10EB00002501B9C31946D1059720FE1FE78020DAF9
:10EB100078448347070093E707F82300F70083C78B
:10EB20002400990793F7F70F2381F40003470406A5
:10EB300013770704E30D07D683C63400784493E6C1
:10EB40000604A381D40091BB8347D40381CB7844CE
:10EB50008347070093E707F82300F700194693055A
:10EB6000E4039720FE1FE78080D455BFA147A3810F
:10EB7000F4008357C4062382F4008357C406034776
:10EB800014067044A1831207BD8BD98FA302F6002F
:10EB900003C62400054709061376F60F2381C40037
:10EBA00083478B07832509006315F7040347840116
:10EBB0009307F6008E07231AF4069387C708B387D6
:10EBC000E702F94609451758FE1F230DA86841655D
:10EBD00088C5938707FBC207C18393877716B3C79E
:10EBE000D70213970701B387D70241838607BCD1A9
:10EBF000A1BDB851F94705833357F702BC51E8511D
:10EC00008583FD8BAA97FCD19757FE1F238CD76471
:10EC10004207418315BD0547639CE708B147A30838
:10EC2000F40083475403898BADC30C5883C7250177
:10EC3000A9CF1946D105138584009720FE1FE780D0
:10EC400000C778448347070093E707F82300F700DD
:10EC5000684419469305640309059720FE1FE78061
:10EC600000C583A78A0D13971701635D07008347CB
:10EC7000E400B98B81EB78448347070093E70702F0
:10EC80002300F700930720F9B1B18347D40399C754
:10EC900083C7040093E707F82380F400684419460B
:10ECA0009305E40321059720FE1FE78040C04DB780
:10ECB0000356C4010C54138584009307660093F730
:10ECC000F703A308F400C5B78305840603A509006C
:10ECD0003706008293F7F503139797015C557D166D
:10ECE000F18FB9B913072002635AB700F84F3706FE
:10ECF00000F97D16718F37060005B1B9370700F9A5
:10ED00001306F7FFF84F6945718F37060003E34498
:10ED1000B5C43706000181B1F2406244D244424991
:10ED2000B249224A924A024B0561828041119757AB
:10ED3000FE1F9387A74B22C4A05306C605478346F0
:10ED4000C4006390E60283C7870711476315F70085
:10ED50002285EFE09F9B22852244B24041016FF063
:10ED60007F9FB2402244410182809757FE1F9387C4
:10ED7000E747BC4F99E33E85828003C78700E30CD9
:10ED8000A7FE9C43C5BF011106CE22CC26CA4AC8A5
:10ED90004EC6EFF09FFD11E90149F24062444A85F9
:10EDA000D2444249B24905618280834755032A848F
:10EDB00089EF19469755FE1F9385C55113056403C6
:10EDC0009720FE1FE780A0AEB5A80547639EE70029
:10EDD0009757FE1F83C7A7414949E1D31946975565
:10EDE000FE1F9385854FD9BF1C59A1EB8347C503EF
:10EDF000230A050291EB034754038547230AF402D3
:10EE00008947E317F7FC75B71305C5039730FE1F55
:10EE1000E780000F08D815C1EF3030150C5883C7B4
:10EE2000A50081CF8947230AF4021946B1051305CD
:10EE300064039720FE1FE78080A7034744038947A8
:10EE4000E31BF7FA9757FE1F83C7573A9DCB8347BB
:10EE5000C40385CB83473404130700041305C4039C
:10EE600093F7070C6394E70E9730FE1FE780800E40
:10EE700008D81C5899C783C7270181C78947230E23
:10EE8000F4020349C400E31909F085478349E4000B
:10EE90002306F400A304F4009757FE1F23880734C9
:10EEA0009757FE1F83C7B70693940701231BF406E9
:10EEB00013F7F9009947C18063F6E7040357C401CB
:10EEC0001755FE1F0345A52137460F00931737003E
:10EED000AA971305A00F3357A7029387970E1755CC
:10EEE000FE1F0355A5061306062481469104260736
:10EEF000BA97B3A5A7023305F502EF50A04CAA9428
:10EF0000231B94068357E40623180406A9C7034568
:10EF100064019307F00F6307F500EF509EE8FD577B
:10EF2000230BF4000356E406930664011206A2853F
:10EF30001715000013052597EF509ECB85451755F3
:10EF4000FE1F034515F6EF507E9481BD9730FE1FDE
:10EF5000E78000FB31BF8547E392F9FE034564017A
:10EF60009307F00F6307F500EF50BEE3FD57230B47
:10EF7000F400056693066401130606804DBF411137
:10EF800022C42A84094506C6EF60CF9BEF604F93E9
:10EF9000228523060400A3050400A3040400EFE077
:10EFA000CFF685451755FE1F0345B5EFEF503ED808
:10EFB00089451755FE1F0345D5EEEF505ED7034533
:10EFC00064019307F00F6307F500EF509EDDFD57D6
:10EFD000230BF400B2402244410182802C494111AC
:10EFE00006C622C426C24AC083C715007D4793F7D0
:10EFF000F7032309F500E91793F7F70F637BF70091
:10F0000093040008B24022442685024992444101FB
:10F01000828083C70500BD8BA309F500F51793F720
:10F02000D70FF9FF2A841946A10513056503972018
:10F03000FE1FE7804093914471D52C4885472302F9
:10F04000F40483C70500194689059987858BA302B7
:10F05000F404130564049720FE1FE7804085228591
:10F06000EFE00FD685472A89E31CF5F80347340102
:10F070009547631FF702EF00B0689757FE1F83C7DD
:10F0800067EB6377F50283470401E36BF9F6975763
:10F09000FE1F9387A7E59C438144829748D0228531
:10F0A000EFE0AFB4E31025F72285EFF05FED99BFF5
:10F0B0008347040181C71947E394E7F4130500046B
:10F0C00083044401EF707E8D62056185E3CAA4F27A
:10F0D0002285EFE0CFA9834514010345440681440E
:10F0E000EF501FDB03461401834544060D4597206E
:10F0F000FE1FE780600EEF50BFFC29B7397126DA9A
:10F100009754FE1F9384840E22DCA0504AD84ED61A
:10F1100052D456D25AD05ECE62CC66CA06DE314B8D
:10F12000977A0000938A8A1D914B1759FE1F130985
:10F1300069FA9759FE1F938969FC0D4C930C70096D
:10F14000130A44018347B4009387E70693F7F70F48
:10F150006366FB188A07D6979C43D6978287014639
:10F16000930550020145EF505FDD130650028145C3
:10F1700005459720FE1FE780200683473900858BD1
:10F18000D1C328488146528681459757FE1FA384E4
:10F1900007F49720FE1FE78000FB01E52285EFF0D2
:10F1A000FFE30347B40093073009E30DF7F8EF508E
:10F1B0003FF12285EFE00FDAF2506254D254425907
:10F1C000B259225A925A025BF24B624CD24C2161E4
:10F1D000828083472900858B95C39757FE1F238C18
:10F1E00007EE8347040105476375F7001947E3906D
:10F1F000E7FC9307B0F9A305F400A9B783A70900BA
:10F20000FC53A9F39757FE1F238807EC4DB783479C
:10F210002900858B6388073C9757FE1F238D07EADB
:10F220009384819AEF50DFE99C409DCBDC438DCBEA
:10F2300089472302F10083475404130561001946EE
:10F24000A302F10083474401930564042306F100FF
:10F250009710FE1FE780A0659C404800DC43829722
:10F260008347740689CF83455404034584001306FD
:10F270006404EF90FFF183477406898B9DFB228520
:10F28000EFE0AFC815BF03453406014693055002B1
:10F29000EF50BFCA83453406130650020545972038
:10F2A000FE1FE78060F383473900858B6381073455
:10F2B00028488146528681459757FE1FA38D07E057
:10F2C0009720FE1FE78020E801E52285EFE04FF65A
:10F2D0000347B4009307A009E306F7E6EF505FDEAB
:10F2E00079BF03453406014693055002EF50FFC431
:10F2F000834534061306500205459720FE1FE7801C
:10F30000A0ED83473900858B6383072E284881460B
:10F31000528681459757FE1FA38F07DA9720FE1F5D
:10F32000E78060E201E52285EFE00FC70347B40004
:10F330009307900955B783472900858B6384072A73
:10F340009757FE1F238907D8EF509FD783C784079D
:10F3500009476307F70083C784070D476315F70262
:10F3600083A6090003574407BC521307C7128583BD
:10F3700063FBE700930750F9A305F400BC528583B3
:10F38000E39207DCEDBD034794018347A4011DCF41
:10F390008346A4006305D7286387F6002305E400AD
:10F3A0002285EFF02FBB8347790093F7F70FE39B9C
:10F3B00007D883C7840709476307F70083C7840713
:10F3C0000D47E31EF7EA930750F935B5E9DF034728
:10F3D000A40071FB2305F400E1B783C78407E39E13
:10F3E000FBFE2285EFE05F9FB1BB83472900858B41
:10F3F000638A071E9757FE1F238F07CC83C7840796
:10F40000C18B85C7EF50DFCB83C7840793F7070213
:10F41000E5DF83C78407228593F7F70C1757FE1F94
:10F420002302F7E4EFE0EFF731BB83C79407858B46
:10F4300091C7EF50FFC89307E0F975BB83C78407F6
:10F440001547BD8B639DE700EF00902B9757FE1F7C
:10F4500083C747AEE374F5E89307D0F969BB83C768
:10F4600084071947BD8BE39BE7E69307C0F961B3B7
:10F4700083472900858BE38707CC9757FE1F238C92
:10F4800007C483C78407C18B89CBEF507FC383C771
:10F49000840793F70702E5DFADBF83C79407858B29
:10F4A000C9FB83C784071547BD8BE387E7FA83C78A
:10F4B00084071947BD8BE38AE7FAEF507FC0EDB9A7
:10F4C000230E84072285EFD03FC28347B400E38B2D
:10F4D00097C7DDB183473900858B85CBEF505FBE81
:10F4E0009757FE1F9387C7BE98433C57ED9B3CD769
:10F4F0009757FE1F238507BE3717004083578701A4
:10F50000C607C583231CF7009DBB83A70900FC53D6
:10F51000E39A07C2EF50DFBA9757FE1F938747BBA6
:10F5200098433C57ED9B3CD79757FE1F238907BA5A
:10F530003717004083578701C607C583231CF70090
:10F540009757FE1F238A07B81DBB83472900858B69
:10F55000D1CB9757FE1F238007B883C78407C18B81
:10F560009DC383C7840793F70702E5DF2285EFE099
:10F570004FE383C7840793F7F70C1757FE1F230346
:10F58000F7CEEF50FFB32285EFE02F989384819A56
:10F590009C409DCBDC438DCB89472302F100834700
:10F5A0005404130561001946A302F1008347440186
:10F5B000930564042306F1009710FE1FE780202FB7
:10F5C0009C404800DC43829783477406858BE38523
:10F5D00007BE834554040345840013066404EF907A
:10F5E0003FBBD9BE83A70900FC53E39D07B49757DF
:10F5F000FE1F238307AEDDB19757FE1F83C7A7AD5C
:10F60000858BF5D79757FE1F238707ACEF505FAB6D
:10F610002285EFD09FDD2285EFF07F9671BEE384D7
:10F6200007D84DBB41119757FE1F938727BC22C4B3
:10F63000E04B06C626C2630A04248346C40005477D
:10F640006395E6249756FE1F83C636A91547638B3C
:10F65000E6001757FE1F1307E7A7034777008D46FD
:10F66000639DE6002244B24092441755FE1F0345B5
:10F670005583854541016F506EA183C707008356AE
:10F6800004021757FE1F232387BC850793F7F70F44
:10F690001757FE1F230CF7B4130700643347D70234
:10F6A00063C8E700EF50BED69757FE1F238007B40C
:10F6B0000347E4009D476317F7048347940685CF0B
:10F6C0008356040763E6F6028345840093073004FB
:10F6D000A30BF4001305300493F6F60F0146EF90E8
:10F6E000FFAA22852244B240924441016FF03F8933
:10F6F00085062318D406930530020545EF50BECA8F
:10F700002301A40685471757FE1F230DF7B40347AF
:10F7100084018D476319F70AEF407EFA0D8901EDE8
:10F72000930770022305F40093075002A30CF40022
:10F730009307600231A885476310F50893076002BC
:10F740002305F40093075002A30CF4009307700202
:10F75000230DF4000347E40085479744FE1F83C44C
:10F7600054746318F70E0356040285452685EF503E
:10F770008EB183475403898BEDC78347C403F5C318
:10F780000C58E5C183C7A500E9CF8947230AF402D5
:10F790001946B105130564039710FE1FE780201179
:10F7A0000347C407894763E2E70C22852244B2403D
:10F7B000924441016FE01FFA930750022305F400C1
:10F7C00093077002A5B789468347F4006319D702EF
:10F7D00013F7170011CF130750022305E400898B9C
:10F7E00081CF93076002A30CF400230D04009DB7A2
:10F7F000930760022305F40093077002EDB79DC3E1
:10F8000013F7170001CB930750022305F400A30C54
:10F810000400E1BF898B81C793076002FDB793079E
:10F820007002E5B783479401130740026365F70050
:10F830009307500201A8850793F7F70F130770028B
:10F84000E368F7FEA30CF400834794012305F4005A
:10F8500069BFB9450545EF501EB5035604022A9607
:10F8600029B78547230AF40225BF9747FE1F9387D0
:10F87000E7679C4383248409829763EDA400835740
:10F8800064073385A440E372F5F2B2402244924407
:10F89000410182809747FE1F9387C76ADC43BE946D
:10F8A000F9BF011122CCFD5706CE230BF50083577B
:10F8B000E5062A8485C783460507834585009307A7
:10F8C000C003A30BF50001461305C003EF901F8C86
:10F8D00022856244F24005616FF06FEA8347E500DC
:10F8E0000547BD8B6386E70083470506918BEDD303
:10F8F0009757FE1F9387878F83A7070E93F70720DD
:10F9000085C302C402C202C0814801488147014741
:10F910008146054681451305C003EF90DF844DBF46
:10F9200002C081480148814701478146054681451B
:10F930001305C003EF901F8161BF9757FE1F23ABD4
:10F94000A79C8280411106C69747FE1F83C7775543
:10F9500089EB17D5FFFF130585D4EF50CEF9EFC023
:10F96000DFE597D7FFFF938767071757FE1F232110
:10F97000F78E97F7FFFF938747411757FE1F232BFB
:10F98000F78CB24097070000938707CA1757FE1FEE
:10F990002324F78C97F7FFFF938787391757FE1FAC
:10F9A000232EF78A4101828011C98327050A93E734
:10F9B00007082320F50AFD572303F5028280975795
:10F9C000FE1F23ADA79482809757FE1F938707825F
:10F9D000BC4B9C5799E33E85828003D78701E30C9B
:10F9E000A7FE93878705FDB7011122CC06CE2A8496
:10F9F000034565029307F00F2E866309F5002EC6B6
:10FA0000EF502EBA3246FD572303F4028347A40277
:10FA1000035784049306640293E707062305F40260
:10FA200083570404A285F240BA972313F404624476
:10FA300017050000130585F705616F506E9B0111D6
:10FA400022CC06CE2A84034575029307F00F2E863A
:10FA50006309F5002EC6EF50CEB43246FD57A3031E
:10FA6000F40293067402A2856244F2401715000066
:10FA70001305C5E505616F50AE97011122CC06CE86
:10FA80002A84034585029307F00F2E866309F5004B
:10FA90002EC6EF500EB13246FD572304F4029306F2
:10FAA0008402A2856244F240171500001305A5E404
:10FAB00005616F50EE93B7074801ED079745FE1FAC
:10FAC00083D5E5741746FE1F035626751747FE1F9C
:10FAD0000357C7749746FE1F83D6A673232EF51AC5
:10FAE0002320F51C231CB51A231AC51A231BE51A5B
:10FAF000231DD51A6D48AE876373B800ED47939503
:10FB000007012314F51C6D48C181B2876373C800D7
:10FB1000ED472312F51C13068014B6876374D600D4
:10FB2000930780142315F51C93068014BA8763F499
:10FB3000E600930780142313F51C2307B504828085
:10FB40000347651489468357A51C631ED702835655
:10FB50008514938787E899C6B3C7E702938757FD53
:10FB6000214731A02147B3C7E702938757FDB3C7A9
:10FB7000E7020357851CC207C18363F3E7003E8792
:10FB80002307E504828085466316D7009387C7FB69
:10FB90001147F1BF938707FBE1B78357451B035715
:10FBA000051C411106C663F3E7003E879318070161
:10FBB0008357251C0357651B93D808016373F7000F
:10FBC000BA87139807018356C51B8357851B1358A3
:10FBD000080163F3D700BE860357A51B8357E51BB7
:10FBE00013930601135303016373F700BA87834627
:10FBF0007514C2070947C183639AE60005661306B8
:10FC000006A942876370C802328729A80327051016
:10FC10009316470163CC0600056613068684428767
:10FC2000E36406FF1318070113580801834665149F
:10FC30000947639EE6060357A5039306204E330744
:10FC4000D70293F6F80F9A061386F63C9386C64FB2
:10FC5000634406019306C812158F63D3E7003E87FD
:10FC6000420705664183130606A9BA876373C70076
:10FC7000B287C207C1830356451C13F7F80F93766A
:10FC8000F30F6316E6040356651C6312060503565C
:10FC9000851C631ED6020356A51C631AF602230EAA
:10FCA0000506EFF0FFE90945B240410182800327D4
:10FCB000051093164701E3C006FC0566130686840B
:10FCC000BE856373F600B2859397050165B7054657
:10FCD000230EC5062312E51C2313051D2314D51C72
:10FCE0002315F51CEFF0DFE501457DBF0357A51B8C
:10FCF0008357E51B411106C66373F700BA870346B5
:10FD000065141397070189464183631BD6068566F0
:10FD1000938606A96373D700B687139707014183BB
:10FD20008357A51C6387E70085472315E51C230E31
:10FD3000F5060357651B8357251C6373F700BA87C5
:10FD40000346751413970701894641836317D60448
:10FD50008566938606A96373D700B6871397070154
:10FD600041838357651C6387E70085472313E51CA0
:10FD7000230EF506EFF0DFDCB24001454101828041
:10FD8000856713868784E37DE6F8832605109387CD
:10FD90000780F58FD1F7328761B78567138687842F
:10FDA000E371E6FC8326051093870780F58FD5FB6A
:10FDB000328745BF0357A50495470356E503B307AC
:10FDC000F7028356A50393D537406355B600118FCC
:10FDD00093173700B3C7D702C207C1832314F504B2
:10FDE0008280832745110D469306F00F03C7070055
:10FDF0000D8BA306E5006314C70083C62700A30B81
:10FE0000D50003C70700418B2309E50083C717000E
:10FE1000230BF50082808347C500CD9B2306F500A8
:10FE20008280832745110347C50083C70700935687
:10FE300037408987B58F858B99C71347870023067D
:10FE4000E5000145828005458280832745110347EF
:10FE5000C50083C70700935627408D87B58F858BD4
:10FE600099E7134747002306E500014582800545D1
:10FE700082808327450E85072322F50E91E783278D
:10FE8000850E85072324F50E8327850E93F7070833
:10FE900091C785472322F50E2324050E8347A5022B
:10FEA00093F7070491CF8357050403578504BA9746
:10FEB0002313F5048327450A93F7F7BF2322F50A96
:10FEC00082808327C50E85072326F50E91E78327B9
:10FED000050F85072328F50E8327050F93F70708DD
:10FEE00091C785472326F50E2328050E8347A502D3
:10FEF00013F7070409C793E707022305F502828079
:10FF00009747FE1F9387872E83A7870901450547DB
:10FF100091E3828083C6B7006393E60005059C43A6
:10FF2000C5BF411122C491452A84014506C6EF5040
:10FF30008EC7231BA4041747FE1F03572736854788
:10FF400063F1E7060355A41C8357641C37460F0072
:10FF500013060624AA97938787571745FE1F035554
:10FF6000E5FEB3A5A70281463305F502EF408045C3
:10FF7000835704040357E4058355840505461D8F04
:10FF80003307B702832704091383F5FF130E80029A
:10FF90003E979747FE1F9387672583A88709636667
:10FFA0006600B2402244410182803308C603C687FE
:10FFB000FD563A9881E7231BC404E5B76314F400A7
:10FFC0001C40F5DB83AEC7086398BE0083A6070913
:10FFD000B306D840B3F6B60263E4A6009C43D9BF8B
:10FFE000090675BF1747FE1F0357472B854763F167
:10FFF000E70A411122C48357651C2A840355A51CB6
:020000022000DC
:1000000037460F0013060624AA979387875717458C
:10001000FE1F0355A5F3B3A5A702814606C6330507
:10002000F502EF40203A034654059747FE1F938799
:10003000E71B83A887097D1685461303800263E6C4
:10004000C600B24022444101828033876602832782
:100050000409FD553E97C68781E7231BD404D5B715
:100060006314F4001C40F5DB03AEC7080328C40882
:10007000631A0E0103A80709B305E840636407018A
:10008000B305074163E4A5009C43F9B7850645BF66
:1000900082801747FE1F03576720854763F5E70EE9
:1000A00041119747FE1F9387671422C403A4870951
:1000B00006C626C2A28789EB09EC230E0500B240D2
:1000C000224492444101828003C7D7016DFB9C43C7
:1000D000DDB76314A40000406DD08347B400D5E3BE
:1000E0000327C4088327C508630DF7080347C50124
:1000F00093070008AA84631DF7048357A4031946D5
:1001000093050008231AF506231BF5068357C4033D
:10011000231DF5048357E403231EF50403558500CE
:10012000EF20C04B8547A38EF40083C7C40193F72B
:10013000F707238EF400130584062244B24092444C
:1001400031469305F00F41011703FE1F6700437D01
:100150008357A503194693050008231AF406231BA9
:10016000F4068357C503231DF4048357E5030355A1
:100170008400231EF404EF2060468947A30EF40098
:100180005DBF004015BF230E05008280411126C2CD
:1001900006C622C41747FE1F035747108547AA8487
:1001A00063F8E71A83278510898B6383071A9747BB
:1001B000FE1F9387A70383A78709BE85ADED03D6EE
:1001C000841C01447D581306260205862D067D55A4
:1001D000A5EB630E04108347B4000357A403D5EBCB
:1001E0008947231CE404A30AF40403570406835735
:1001F00004042285BA97C1071D8B998F231FF4042D
:100200008357C403231DF4048357E403231EF4041B
:10021000EFF03FD18327440A93E717002322F40A23
:100220008547230AF4008D47A30EF400B240224410
:1002300092444101828003C7D5016DFB8C41BDBF53
:1002400098436394970051D7BA8783A6070903A7F9
:10025000040963E2E6023387E64083A6C40863F438
:10026000E6003377D7026376A7003A856373C70049
:10027000BE859C43B1BF158F83A6C70863F4E60013
:100280003377D702E37707FF3A88E374C7FE3E84EB
:10029000CDB783D7A403B3F7E702C9FB9D469947BF
:1002A00063F5E600935717008D070567231AF406D8
:1002B000130707C88A076353F700BA87231BF4069E
:1002C0008357C4030355840013065002231DF4040E
:1002D0008357E40393050008231EF404C947A30EC3
:1002E000F4002244B240924441016F20202FADC15E
:1002F00003D7A40383D7A503B3F7E702B1EB838742
:10030000C40163D707049D46994763F5E6009357F8
:1003100017008D070567239AF406130707C88A0795
:100320006353F700BA87239BF40683D7C40303D52E
:10033000840013065002239DF40483D7E40393053D
:100340000008239EF404CD47A38EF400EF2000297B
:10035000238E0400E1BD9747FE1F23A307FC9747A8
:10036000FE1F23A507F2835765081746FE1F035695
:10037000E6BD03270509B387C70237460F0093067A
:10038000F62313060624AA85B697B3D7C7021746E5
:10039000FE1F0346D6B73E96636EC7003306C740BE
:1003A00003A7C508938695021715FE1F1305C57E82
:1003B0006F40CEBB9747FE1F9387C7B8DC433E977D
:1003C000F1BF9747FE1F938767F59843011126CA2F
:1003D00006CE22CC4AC84EC6AA8441CB3E891747D6
:1003E000FE1F0357A7EB85476311F70803D4640882
:1003F0009747FE1F83D787B5032505093304F40209
:10040000B7470F001387F723938707249749FE1FE9
:10041000938949B33A943354F402636C8506974741
:10042000FE1F9387A7AC9C43330485408297636685
:10043000A406098C6353040001441745FE1F0345BD
:1004400015AD058103290900637D8504098C3745B5
:100450000F0013050524B335A40203D68900814695
:100460003305A402EF3010760299930700FB23872F
:10047000F40083C7940262448545F240D244424965
:10048000B249B395F500C205C181014505616F40D0
:10049000EEBF83A749003E9559B783A749003E9414
:1004A00049BF0145D1B7411106C6EF10A01319C9C4
:1004B00083278511014581E7B240410182809C4339
:1004C0000505D5BF7D55CDBF9747FE1F938707D242
:1004D00083A7470A411122C426C206C62A84AE84D5
:1004E0006396A7009747FE1F23A407DA8327041209
:1004F00081CB03558400014693050008EF20000ED0
:100500008357440481CB035584004D46930510085E
:10051000EF20C00C03558400154693051008EF200A
:10052000E00BB240230A94042305040023080400CE
:10053000224492440145410182808347A5006383A0
:10054000073883570508411122C406C626C285070D
:100550002310F5088347F500230C05002A8413F7C0
:10056000270005E703570504954763E4E7000145C5
:1005700001A89305E003EFF03FF5A305A4020945A8
:10058000B240224492444101828013F7070239CFDE
:1005900093F7F7FDA307F5008327050A0347B50086
:1005A000A305050293E747002320F50A8547631F4B
:1005B000F7028357A5031306204E03274509B38787
:1005C000C7029746FE1F83C6869493860605B3D757
:1005D000E702034775033307C702B697C207C18313
:1005E0002312F5088607BA972311F50883471401EB
:1005F000858BF5CB8357E40503570404639FE728F5
:100600008357C4038355C405034584022310F406AD
:1006100083475405231FB4029205A30BF4028357AA
:100620006405F915231CF4028357A405231EF40264
:10063000EF404EAF8346B400231004088357840371
:100640001747FE1F035787906398061EB387E7027C
:10065000130700321746FE1F1306C68E50429387BB
:100660000719B3D7E70203270409D1073E97BA86D3
:100670006364F7006364C700B306C740835784050B
:100680002328D408231DF4028347D40181C722857F
:10069000EFF05F958357A4031747FE1F0357078B9F
:1006A00093060032B387E7022311040233D6D70240
:1006B000B3F7D7029306204E2326C408B387D70288
:1006C000B3C7E7022310F402835704042312F40291
:1006D0008347F40093E70702A307F400834714015C
:1006E000F99BA308F40083471401898BB9C703570A
:1006F000E41283570404B306F740139606016343DC
:10070000061A631CF7028147014893048413232CC3
:10071000F412232E041315469305841226859700A0
:10072000FE1FE780C0182685EF10A03A834714010A
:10073000A306A412F59BA308F4008347140113F742
:10074000070135C78356C414035704043386E640B3
:100750009315060163C80514639BE604BD9BA308BB
:10076000F4008347A41499C7898B638707148547CE
:100770002303F4148347B41499C7898B6381071446
:100780008547A303F4142285EFF04FD68347C407AF
:1007900099C78327040A93E707102320F40A8327C5
:1007A000040AA305040293E707202320F40A8347E1
:1007B000140113F7070221C31747FE1F130707A3EE
:1007C000384B13068005834647001857B386C60288
:1007D00036978356C701035704043387E640131640
:1007E0000701634A06000357C4146316D70093F742
:1007F000F7FDA308F4008347A40293F70704E388F6
:1008000007D60357640483570404E312F7D603475B
:1008100004019307A0046315F70085472308F4003B
:1008200083278410C18BE38407D48327440A93E78A
:1008300007402322F40A25BB8346441783558405C9
:10084000A18A99CE03560404835664170355A40362
:10085000918EB386A602B3C6B602B296231BD416F7
:1008600095CBB307F702130700321736FE1F1306A6
:10087000666D504293870719B3D7E702032704092F
:100880003E97BA866364F7006364C700B306C74047
:100890002328D408231DB402F5BB998F13970701B1
:1008A000E35307E4930580022285EFF0FFC1A3051F
:1008B000A40213058002E9B12303041465BDA30358
:1008C0000414D1B50545828005C541119305200268
:1008D00022C406C62A84EFF03FBFFD57A305A40239
:1008E00023080400A303F402B240224441018280A1
:1008F00082800DC9411122C406C68347F5002A84AF
:100900009305E003898B91C3A145EFF0FFBBFD5731
:10091000A305A402230804002304F402B2402244E5
:100920004101828082808327050A797122D406D60C
:1009300026D24AD04ECE52CC56CA2A84638B073672
:1009400013F7270019CBF59B2320F50A03558500E3
:10095000194693050008EF1070488327040A13F71F
:1009600047004DC7ED9B2320F40A8347A40293F769
:10097000070491CF83278410C18B99C78327440A2A
:1009800093E707402322F40A2285EFF0AFC2034722
:10099000B40085470346440183562406631AF76C66
:1009A0008357A4031307204EB387E70203274409A4
:1009B000B3D7E7021737FE1F03476755130707052D
:1009C000BA97C207C1830347B4022312F40886070B
:1009D0002311F4089307000819C393070004230E9A
:1009E000F40019E68347A40293E717002305F402F5
:1009F00081EA035584000D4693050008EF10103E70
:100A000023110406230A0400A30E04008327040A0A
:100A100013F787000DC303558400DD9B2320F40AE0
:100A2000154693050008EF10703B8347A40293E737
:100A300047002305F4028327040A13F7070139C787
:100A4000BD9B2320F40A8347D40403558400214628
:100A500089C7A30604041306000393051008EF10CA
:100A6000F0378347C40489CF83278410C18B89CB97
:100A70008355A40422859205C205C181EFE0DFF60B
:100A80008347A40293E717002305F4028327040A8F
:100A900013F7070415CB0347F40493F7F7FB232060
:100AA000F40AA14763FBE7008347B40099E7832773
:100AB000440A93E707012322F40A035584003146D0
:100AC00093051008EF1090318327040A13F70702EB
:100AD00045CB8346B40093F7F7FD2320F40A0327A0
:100AE000C4108327841099EA1377070801CB0327E2
:100AF000440A37064000518F2322E40A93F7070285
:100B00006383075AADE28357641B0357641C630475
:100B1000F7028346741409476391E6580567130783
:100B200007A9637AF7008327440A0567130707803C
:100B3000D98F2322F40A8357A41B0357A41C6304F0
:100B4000F702834664140947639CE654056713075C
:100B500007A9637AF7008327440A0567130707800C
:100B6000D98F2322F40A0355840011469305000807
:100B7000EF10D0268347A40293E717002305F40261
:100B80008327040A13F7071005C70355840093F75A
:100B9000F7EF2320F40A230E04061D4693050008F0
:100BA000EF10D0238347A40293E717002305F40234
:100BB0008327040A13F7070809CF0355840093F726
:100BC000F7F72320F40A1306700593051008EF10B9
:100BD000F0208327040A13F7072031C393F7F7DFC8
:100BE0002320F40A83476414230F0400A29703858B
:100BF0006716A301A414EF40AFA32301A414228518
:100C0000EFE01FF403558400314693050008EF1010
:100C1000F01C8347A40293E717002305F4028327FF
:100C2000040A139727016357070079777D17F98F17
:100C30002320F40A8327040A13970701635A070441
:100C4000834504031735FE1F0345755AEF404EEDEB
:100C50008357A4031307204E232AA408B387E7026F
:100C600061777D17B3D7A7021735FE1F0345252AE5
:100C700013050505AA972312F4088347A40293E7F6
:100C800017002305F4028327040AF98F2320F40AAE
:100C90008327040A858B91CF8347A40283454405AB
:100CA000228593E717002305F402EFF0FF81A305E7
:100CB000A4028307141685C7030744039946330625
:100CC000F74063D9C63E8327440AB7061000D58F84
:100CD0002322F40AF557A302F416A300E41683476F
:100CE000A41613F7270045C38306440303072416FD
:100CF00063DCE6000327440A37061000518F2322E5
:100D0000E40A1147A302E41603073416635CD70014
:100D10000327440A37061000518F2322E40A715733
:100D2000A302E416030704161306F007630CC702B8
:100D30000346D4160345E416158F62076187B30690
:100D4000A6406355D73893F607016391063893F7A9
:100D5000F7F893E707012305F4168357041785076F
:100D60002319F4168357241799CFFD17C207C1839F
:100D70002319F41689EB035584001306000293052A
:100D80000008EF10B0058347A400B9C383270412FD
:100D900099CF8347A40181EF035584000146930551
:100DA0000008EF10B00301E58547230DF4008357D9
:100DB000440499CF8347140381EF035584004D46C3
:100DC00093051008EF10900101E58547A308F40290
:100DD0008347441713F7070179C7BD9B230AF4160D
:100DE0008327440A898BE1E303470401D547630C59
:100DF000F70A83471401898BDDE781448149014962
:100E00008D4A130A50021397840161879377370044
:100E1000098722970347D7178607B397FA007D8F74
:100E2000638BE700268605458145EF306019B3E9FD
:100E3000A9003369B9008504E39744FD03258413B1
:100E40008325C413337535012AC4B3F52501280061
:100E50002EC6EF0010488347541363EEA7000345E6
:100E600044037D578547591562052C0061853AC4B6
:100E70003EC6EF408FBE03278413A2476317F700D7
:100E80000327C413B2476300F70215462C0013056D
:100E900084129700FE1FE78080A18327440A93E70E
:100EA00027002322F40A83464417A54713F7960028
:100EB0006316F70403570404835764176360F70449
:100EC000B307F74013960701634A06028347541796
:100ED0001306000A0507B387C7020356A403DD9A69
:100EE000230AD416B3C7C702BA97231BF416832765
:100EF000440A37078000D98F2322F40A8347A402CB
:100F0000E1CB918B91CF03460401C165938505A088
:100F10002285EFE0DFB28347A402ED9B2305F402B4
:100F20008347A402858B8DC3034574029307F00F9A
:100F30006307F500EF30FEE6FD57A303F402834795
:100F4000A402F99B2305F4028347A402898B91CF65
:100F50008355E403034584029205F915EF309E9C06
:100F60008347A402F59B2305F4028347A402A18BC7
:100F700085C38355E4030D4622859205F915C20504
:100F8000C181EFE0DFAB8347A402DD9B2305F402C0
:100F90008347A40213F7070101CF0345640293F7C7
:100FA000F7F82305F402EF30DEDFFD572303F402E8
:100FB0008347A40213F7070201CF8355A404034516
:100FC000640293F7F7FD2305F4029205EF309E9536
:100FD0008347C40193F7070C89CB0347B4008547C7
:100FE00022856315F712EFF06F9A83570404A5CB9F
:100FF00013074006B3F7E702BDE39737FE1F938759
:10100000A7319C43898BA1C79734FE1F9384C4EEFC
:10101000985815CF9737FE1F83D7471EC2079735BD
:10102000FE1F83D5C51DDD8D254502979C5897353C
:10103000FE1F83D5851C294582979C588315240360
:101040002D4582979C5883054403314582979737F5
:10105000FE1F2394071A9737FE1F23A1071AB250C9
:10106000225492540259F249624AD24A456182801E
:1010700093070004230EF40019E68347A40293E7C4
:1010800017002305F402E39F0696035584000D46DE
:1010900093050008EF108054B5B21307801451B4C3
:1010A000130780147DB48327440A7D771307F77FE5
:1010B000F98F45BC998FE3D4F6C28327440AB7065B
:1010C0001000D58F2322F40A8D4731B18346B41620
:1010D0008345C4163388B600635BE80013F8070441
:1010E0006317080093F7F7F893E70704ADB12A9662
:1010F000E34AC7C68D8EE3C7E6C613F70702E313BC
:1011000007C693F7F7F893E70702B1B1EFE07FF86E
:10111000E9BD01119737FE1F9387470D22CC03A429
:10112000070A26CA9737FE1F83D747E2835464080D
:10113000032504094AC8B384F402B7470F00138794
:10114000F7239387072406CE4EC652C456C21739DA
:10115000FE1F130929DFBA94B3D4F4026361950426
:101160009739FE1F938989D883A70900B304954056
:10117000829763EAA402898C63CB04028357040438
:10118000A30F040085072310F40483470414639518
:10119000071222859710FE1FE78080A51DA28327D6
:1011A00049003E9575BF83274900BE94E9B783A7E0
:1011B0000900829703278408636AE50A198D83571B
:1011C000E4031737FE1F035767D88E07B387E7027C
:1011D0001307003293870719B3D7E70263EDA70817
:1011E000374A0F00930AFA23130A0A248357040488
:1011F00085072310F4048347041491E72285971090
:10120000FE1FE780E09E2285EFF02FB363110526D5
:10121000832604098327C40803274900B6973E851F
:1012200063E4D70063E4E7003385E7408347F401D4
:10123000835464082328A4088507A30FF400973774
:10124000FE1F83D7A7D0B384F402D694B3D444034B
:10125000636C9504B304954083A70900829763E902
:10126000A4043385A440E34305F809BF832749005C
:10127000998F3E95A9B7A1452285EFF0EFA4A3056C
:10128000A4029737FE1F938727C703A307036300B2
:10129000031E6244F240D2444249B249224A924A71
:1012A0008945154505610283B3049740AA946DB73B
:1012B00083274900BE9475B722859710FE1FE780EB
:1012C000809D2285EFF06FA76313051A835764088A
:1012D0001735FE1F035585C7B7460F00B387A70212
:1012E0001386F6239386062403270409230B04029E
:1012F000032A4900B297B3D7D7026363F718B3073D
:10130000F7408326C4082324F408814AB387E60003
:10131000BE8463E4D70063E44701B3844741835745
:10132000040223289408B1CB8356040403574402D3
:1013300037460F002312D4023387E640B387E70213
:10134000035724021306062481468145BA97C20733
:10135000C1833385A7022311F402EF30A00611CD1B
:101360002695B3349500AE94AA8763949A0063647B
:101370004501B30745412328F40883A70900829754
:10138000AA8483A709008297E30D95FE83A709002D
:1013900083248408829763EAA40E3385A4406304FF
:1013A0000510835764089739FE1F83D929BAB744BB
:1013B0000F00B38737031387F42393840424BA9769
:1013C000B3D797021737FE1F034777B4BA9763EC7A
:1013D000A70CB3359502035924024E868146330586
:1013E0009502EF20307E330AA900330539033746D2
:1013F0000F001306062481468145EF20B07C05C10D
:10140000B33795024E868146B385B4023385A40274
:10141000BE95EF20307B3305A9402311A40235454A
:10142000EF305FD29737FE1F23A287E60347B40051
:1014300085476310F706930700FD2307F4008145F5
:101440009737FE1F938747EE8843060AEF30FEB3B7
:1014500095471737FE1FA302F7C89737FE1F9387DC
:10146000E7C99C433707100098C723A84707F240F5
:101470006244D2444249B249224A924A056182807A
:10148000B3064701B387F640ADBD83274900BE943C
:1014900029B7930710FC2307F40081459737FE1FF7
:1014A000938787C255B79737FE1F23A107DE83476F
:1014B000940285456244F240D2444249B249224AEC
:1014C000924AB395F500C205C181014505616F30AF
:1014D000EEBB411122C406C62A8483278411DDEFA6
:1014E00083270412F1EF0325041109C59700FE1F9D
:1014F000E78000FC034574029307F00F6304F500D6
:10150000EF303E8A034564029307F00F6304F50051
:10151000EF303E89034584029307F00F6304F50022
:10152000EF303E88034594029307F00F6307F50000
:10153000EF303E87FD57A304F4020355840079245D
:101540009737FE1F83D787D5B1E79737FE1F23A9AB
:1015500007DC9737FE1F9387E79EDC431737FE1F94
:10156000232CF7D29737FE1F938707999C479DC37B
:101570009737FE1F9387C792885309CD9700FE1FA8
:10158000E78000F39737FE1F23AC07929737FE1FC3
:1015900023AA0792B240224441018280C84309C570
:1015A0009700FE1FE780C0F08327841103D7A700B0
:1015B000136707F02395E7009C43232CF41031BFF9
:1015C000C84309C59700FE1FE78080EE83270412F9
:1015D00003D7A700136707F02395E7009C43232058
:1015E000F412FDBD9737FE1F938747C083A7870975
:1015F00099E33E85828003D78700E30CA7FE9C43D6
:10160000C5BF9737FE1F938767BE83A7870AC1664A
:101610009735FE1F83C5358F0147FD1603D6A700FA
:101620006309A6006307D6000507C107E3D8E5FEF6
:1016300081473E8582809737FE1F938727BB83A70C
:10164000870AC9E31735FE1F035525BD130515028B
:101650009737FE1F83C7378B1585850716059207B9
:101660003E954205411141819305B02006C6970081
:10167000FE1FE780C0D405C59736FE1F83C6B68817
:10168000138716009737FE1F23A6A7C012072A97B5
:101690008147130640F5930520F563D5F600B24067
:1016A0004101828099EB2315B50058C18507C20717
:1016B000A3040500C1834105CDB72315C50023222E
:1016C0000500EDB782804111930530261305001DFA
:1016D00006C622C426C29700FE1FE78040CE13062E
:1016E000001D81452A8497F0FD1FE7806023014596
:1016F00015C89734FE1F938464AF83A6840995CAE6
:101700003687854703568700630EF60618437DFB30
:101710002314F400A9EB22859700FE1FE78040D92F
:1017200003558400B24022449244410182803687AE
:10173000D1BF85472314F4001737FE1F232487B435
:101740001737FE1F232287B41737FE1F2318F7B45D
:10175000EFF07FEE83A7C40923A007002305040050
:101760002307040075BF83A7C40980C39737FE1FF2
:1017700023AC87B083D7040B85071737FE1F231FC1
:10178000F7B0C9BF13871700931707011316070196
:10179000C183E35E06F88147A5BF9737FE1F938795
:1017A000E7A403A5870A11CD411106C69700FE1FC5
:1017B000E78000D0B2409737FE1F23AD07AC410150
:1017C00082809737FE1F23A707AC8280411122C475
:1017D0001734FE1F130484A18326840906C601471B
:1017E000B687A5C703D687006317A60615EF9842EC
:1017F0009736FE1F23A8E6A83E859700FE1FE780C8
:1018000020CB8327C40923A007009737FE1F83D767
:10181000E7A89DE7EFF07FF89737FE1F23A407A600
:10182000B2402244410182808326C4096397F600B6
:101830009736FE1F23AAE6A4C1B7944314C36DBF15
:10184000FD171737FE1F231BF7A49737FE1F83D7FB
:10185000E7A4F9F7C1B73E879C4361B7714681455C
:101860001735FE1F130505A217F3FD1F6700430B75
:101870008327C50803568508797193D60701BD8E65
:10188000C206C182358E1357764093575640898BD6
:10189000058B5D8F93573640918B5D8F9357164024
:1018A000A18B5D8F93171600C18B5D8F9317360048
:1018B00093F707025D8F931756009355860093F7B1
:1018C00007041E065D8F1376F60F518F93D7554090
:1018D00013D63540118A898BD18F13D67540D18F9D
:1018E00013D61540218AD18F13961500418AD18FC6
:1018F0001396350013760602D18F13965500137692
:1019000006049E05D18F93F5F50FCD8FA2074546AE
:101910005D8F3307C70222D42A8426D252CC56CAFE
:10192000032A040A832A440A5AC806D6369742076D
:10193000418393577740135557400989858BC98F49
:10194000135537401189C98F135517402189C98F05
:10195000131517004189C98F131537001375050238
:10196000C98F1315570093558700137505041E077B
:10197000C98F1377F70FD98F13D5354013D755403B
:101980001189098B498F13D57540498F13D515409F
:101990002189498F139515004189498F1395350089
:1019A00013750502498F13955500137505049E059F
:1019B000498F93F5F50F4D8F2207D98FB387C70253
:1019C0004AD04ECE5EC662C4B697C207C18313D753
:1019D000774013D557400989058B498F13D5374078
:1019E0001189498F13D517402189498F1395170005
:1019F0004189498F1395370013750502498F139557
:101A0000570093D58700137505049E07498F93F7F8
:101A1000F70FD98F13D5354013D755401189098B4E
:101A2000498F13D57540498F13D515402189498FAA
:101A3000139515004189498F1395350013750502DB
:101A4000498F13955500137505049E05498F93F52D
:101A5000F50F4D8F2207D98FB387C70213065002A7
:101A60005285D685B697BD8E93940601C18033F614
:101A7000C402137BF60FEF20E05105891DE983476F
:101A8000140801498149B3849702130C5002C180A4
:101A90004A865285D685EF20E04F0589937BF90F62
:101AA00011C563863403850993F9F90F0509E3111C
:101AB00089FF230F6407B250225492540259F2490D
:101AC000624AD24A424BB24B224C456182805E8BC5
:101AD000CDB7834715000347250083464500A2077D
:101AE0004207BA9703470500FD8A0548BA9703479E
:101AF00035009305000201456207BA970147331686
:101B0000E8007D8E01C605051375F50F0507E3187E
:101B1000B7FE8147214633D7F640058B01C705053F
:101B20001375F50F8507E398C7FE8280011152C631
:101B300056C4032A8513832AC51322CC26CA4AC851
:101B400006CE2A84A30B0512A306051281441309AD
:101B5000500226865285D685EF20C043058911C5DF
:101B60008347D4128507A306F4128504E39324FF68
:101B7000F2406244D2444249324AA24A056182801C
:101B80001727FE1F034777559547630BF7009727E5
:101B9000FE1F9387275483C777000D47631FF70005
:101BA0009727FE1F83C797536397071493077010F7
:101BB0001727FE1F2314F752828001119727FE1F5B
:101BC0009387C7620D4526CA4AC806CE03A90709EE
:101BD00022CC4EC69724FE1F9384844FEF308FD6BD
:101BE0009840B7C7898E938767ED1CC7B7575500D4
:101BF000938757555CC30347A9039307F00F630509
:101C0000F700FD57230DF9029729FE1F9389094F0D
:101C100003A709008547A30CF9025C43014501466F
:101C200093E717005CC3930720FB2303F9009D474C
:101C30001727FE1FA303F74A9727FE1F238C074889
:101C4000930550029727FE1F238807481724FE1F7D
:101C500013040450EF306FAE184001455C57F59BFC
:101C60005CD783475900944013F7F7079C4293F7DA
:101C700007F8D98F9CC29727FE1F83C7672D91C78E
:101C80009727FE1F9387076A8843EF306EB198400D
:101C9000B70633001C4393F7F7CF1CC31C4393F7DD
:101CA000F7CF93E707201CC31C409847558F83A6A6
:101CB000090098C73707030013078715B8CA172705
:101CC000FE1FA30B07401727FE1FA305074005476C
:101CD00098C2D8431377F7EFD8C30100010018402A
:101CE0005C4393E707105CC3F2406244D24442492C
:101CF000B249056182808280411126C29724FE1F6D
:101D00009384041A22C42A8403C53400C14506C63C
:101D1000EF30EE8103C5340093050002EF302E81D1
:101D20009727FE1FA38B073A230204002313040006
:101D3000B240224492444101828041119727FE1F04
:101D40009387C74A22C406C61727FE1F03471739C1
:101D500003A407099727FE1F9387C73701CF97264C
:101D6000FE1F83C6A6370D476396E6001727FE1FA2
:101D7000A306073603C77700A1466387E60003C7BB
:101D800077009946639DE60083C777001727FE1FFB
:101D90002306F73485471727FE1FA301F734EF30DA
:101DA0002FB22285EFF05FF513063002930500088D
:101DB0000145EF00B002034504049307F00F6307E9
:101DC000F500EF201EFEFD572300F404B24022442C
:101DD0004101828001458280411106C6EFF09F805B
:101DE000B240133515000605410182806FF0DFFE19
:101DF000411106C6EFF00FFF0DC10357C50583560D
:101E0000A505035665078355450703558500EF7003
:101E10000FB50145B240410182800945E5BF01117E
:101E200006CE22CCEFF00FFC59C10346B5000547A2
:101E30002A849727FE1F9387673B6316E604B853EF
:101E4000094515CF03460403834657048358E4032A
:101E50000358C4038357A403835584000345B40285
:101E60001307670432C00546EF70CFAD8347F40017
:101E7000A3050402014593E71700A307F400F2400D
:101E800062440561828003A7070909456DDB83462B
:101E900057078358E4030358C4038357A4038355A7
:101EA00084000345B4021307670702C075BF0945E4
:101EB000F9B7011122CC06CE2A84EFF0AFF22DCD76
:101EC0008347B5020347A51523138100A302F10040
:101ED00083479515A304E1002304F100A9E3834798
:101EE000D5150307F5152306F100830735142305DF
:101EF000F100631DF7008947A305F1004800EF706A
:101F0000CFA90145F2406244056182800307E515CF
:101F10006314F7008547CDB7A3050100C5B7834714
:101F200005162305F1008347B515A305F100834786
:101F300055162306F100D9B70945E9B7011122CC9E
:101F400006CE2A84EFF00FEA29CD83070516A304F5
:101F500081002180230581001307F007638FE702CA
:101F600003474503998FA305F1008347A51613F78F
:101F7000070101C72306010039A093F7070281CFAB
:101F800085472306F1002800EF700FA10145F240BC
:101F90006244056182808947EDB7FD57A305F100D2
:101FA000D1BF0945EDB7411106C6EFF0AFE319C93E
:101FB0008345051403558500EF70CF9D0145B24060
:101FC000410182800945E5BF9375F50F01112E850A
:101FD00006CE22CC2EC6EFC05FD90DC12A8483461F
:101FE0000507B245034575010546EF702F9A014577
:101FF000A30B0400F2406244056182800945DDBF05
:10200000411106C6EF704F98B240014541018280F0
:1020100041119727FE1F9387671D22C4E05F06C604
:10202000094511C80355240CEF70CF959307F00FA5
:102030002311F40C0145B2402244410182809727CC
:10204000FE1F9387A71AFC5F99CB41111385070CDC
:1020500006C6EF70EF92B24001454101828009450A
:102060008280411106C622C4EFF0CFD70DC9834646
:102070007514034665142A84835585000345B5020B
:102080008506050693F6F60F1376F60FEF700F8FA1
:102090000145A3050402B240224441018280094562
:1020A000DDBF397106DE22DC26DA4AD8EFF08FD3A5
:1020B000630A05168346B50005472A849727FE1F45
:1020C0009387C7126391E60CA4530945D9C483C70B
:1020D00044041946898BC1CB8C5883C7A500C1C75E
:1020E000B105280897E0FD1FE780607C83C7540492
:1020F000138964041946898BB5CFCA85081097E007
:10210000FD1FE780C07A8C5819469105281097E08A
:10211000FD1FE780C079834704038358A40383C667
:1021200054040346B400835584000345B4023EC4FE
:102130008357E4031308010238103EC28357C403D7
:102140003EC03C08EF702F828347F400A3050402D1
:10215000014593E71700A307F400F2506254D254EC
:102160004259216182808145280897E0FD1FE78060
:10217000207BADBF8145081097E0FD1FE780407AC6
:102180001946CA8561B783A407090945F9D483C7ED
:1021900044061946898BB5C393856406280897E0E1
:1021A000FD1FE780C07083C7440713896407194681
:1021B000898BB9CBCA85081097E0FD1FE780206F97
:1021C00083A5440819462810910597E0FD1FE78074
:1021D000006E83A7440883C7370093E72700A38ACC
:1021E000F4068358A40383C654070346B4008355FA
:1021F00084000345B40202C425BF8145280897E046
:10220000FD1FE780E07145B70810814597E0FD1F8D
:10221000E78000711946CA85281097E0FD1FE78006
:102220000069C1B7094515BF411106C6EFF08FBB64
:102230000DC10357651C8356451C0356A51C8355C9
:10224000851C03558500EF60DFF10145B240410177
:1022500082800945E5BF411106C622C4EFF08FB860
:102260000DC92A840357C5058356A505035665077E
:102270008355450703558500EF603FEE8347140102
:10228000014593E74700A308F400B240224441010E
:1022900082800945DDBF411106C6EFF0AFB40DC124
:1022A00083478519034675199305F518035585006D
:1022B000A2075D8EEF603FEA0145B2404101828096
:1022C0000945E5BF411106C622C4EFF0AFB10DC10B
:1022D0002A8413060510835585000345B502EF6077
:1022E0005FE70145A3050402B24022444101828018
:1022F0000945DDBF411106C622C4EFF0AFAE05CDE2
:102300000347B50285472A846314F700A305050235
:102310000345B4020357C4058356A4050356840538
:1023200083558400EF60BFE20145A3050402B2407B
:102330002244410182800945DDBF01111375F50F6B
:1023400006CEEFC09FA239C99727FE1F938707EAE1
:1023500083A7070E93F707209DC302C402C202C0E1
:10236000814801488147014781460546814513055B
:10237000C003EF605FDF0145F24005618280834664
:10238000D5031307E50302C081480148814705468C
:1023900081451305C003EF60FFDAF1BF0945E9BFCE
:1023A0009727FE1F938787E403A70709094529CBD1
:1023B00083A7070E011106CE93F707208DC302C431
:1023C00002C202C081480148814701478146014657
:1023D0008145EF605FD9F2400145056182808358F5
:1023E00007020358A701835707058346570701468D
:1023F00002C01307670781450945EF60BFD4E1BFFD
:1024000082800145828001458280014582800145AC
:10241000828001458280014582800145828001459C
:10242000828001458280014582800145828001458C
:10243000828001458280014582800145828001457C
:102440008280411106C622C4034705009307000895
:102450006315F7020347150093065002854763E4AE
:10246000E606974700009387A7EC0A073E971C43B0
:102470000355250082978147B9A093061008854728
:102480006313D70403471500CD466308D70E63E3F3
:10249000E602A146630DD708B146630DD70A9546FB
:1024A0006313D70203552500EFF0CF932A8415E973
:1024B000894711A893060003630FD70E63EAE6006D
:1024C000E946630FD70CB24022443E854101828029
:1024D00093077005630FF70E930717F0B337F000FB
:1024E000DDB78327851195C70356450405064206C7
:1024F00041829C4313071600420741839DE7231244
:10250000C40401CA835584000545EF609FC22312AD
:1025100004040345B4020346440583558400EF6078
:102520001FC02285EFE0FFFAB9B73A86D9B7035545
:102530002500EFF02F8B2A8425DD0346C504835543
:1025400085000345B5023336C000EF609FBDA3058B
:10255000040215B703552500EFF0CF882A8429D946
:1025600003572505835605050346F5048355850065
:102570000345B502EF603FBBD9BF03552500EFF01F
:102580006F862A8415D50356450401CA83558500F4
:102590000545EF601FBA23120404A3080402E1BD3D
:1025A00003552500EFF00F84E30405F00345B50261
:1025B000EF607FB8C9B503552500EFF0AF822A84DC
:1025C000E30805EE835585000345B502EF60FFB6CD
:1025D000BDBF03552500EF609FB671BD011122CC30
:1025E00037E400E026CA04404AC806CEB7072000F8
:1025F0002EC632C42A89FD8C2320F4180F10000047
:102600001145EF10DEE11DC5B2452246231125011B
:102610002300B500A300C500232094106244F240BB
:10262000D2444249AA851725FE1F034595870561B7
:102630006F105EEE23209410F2406244D24442496F
:1026400011450561828041114AC037E900E026C288
:102650008324090006C622C4B7072000FD8C23206E
:10266000F9180F100000EFE0FFF711E9232099108F
:102670000945B240224492440249410182808327A5
:102680000512230D05002A84A5C70347F500058B15
:1026900019EF03558400014693050008EFF01FF47D
:1026A00039C9B7E700E023A097100145D9B7D44353
:1026B00003C6C70083C58700035585008906EF6000
:1026C0003FA805E58327041203D7A700A3840700CA
:1026D000136707F02395E7009C432320F4128357E8
:1026E000240481C7FD172311F40483270412D5F3B2
:1026F000231104047DB78547230DF4005DB779717C
:1027000022D406D683C735002E8423160100A307E2
:10271000F10083C74500100802C02307F10083C7FA
:1027200055008A8502C2A306F10002C402C802CA8B
:1027300002CC02CEEF20CFAA0347F1018347040069
:1027400001456310F7020347E10183471400014587
:102750006319F7000345D101834724001D8D13350C
:102760001500B2502254456182809727FE1F93873F
:10277000E7A783A7870C91E382806384A700DC5FCF
:10278000DDBF411122C406C68347A5002A8491C734
:102790009305C5006905EF1040638347240191CB81
:1027A000930544011305A4022244B24041016F1075
:1027B000C061B240224441018280AA862E86AA8549
:1027C000170500001305C5006F208EC29727FE1F56
:1027D0009387C7A103A7870C411126C206C622C44E
:1027E000BE8411E7B24022449244410182806304D6
:1027F000A700585FFDB78347A5002A8491C79305BA
:10280000C5006905EF10605C8347240199C79305F3
:1028100044011305A402EF10405B22852244CC58EA
:10282000B240924441016FF05FF901114AC8172983
:10283000FE1F1309A99B22CC0324890C26CA4EC66D
:1028400052C456C206CEAA84014A93094500854A5D
:10285000631D040E930520251305000497F0FD1F4A
:10286000E780E0B52A841D4561C883C73400194656
:102870009385440013054400A301F40097E0FD1F75
:10288000E780E002938AA40141468145568597E09E
:10289000FD1FE780E01379ED9309A401D685414639
:1028A0004E8597E0FD1FE780E01085472305F40083
:1028B000834734009305C4004E8593E72700A305A2
:1028C000F400EF1080509384A40241468145268590
:1028D00097E0FD1FE780C00F4DE19307A402A68596
:1028E0003E854146BE8497E0FD1FE780A00C8547EA
:1028F0002309F4008347340093054401268593E7B8
:102900002700A309F400EF10404CA3000400832526
:1029100049032285EFF07FEA63140A069727FE1F1A
:1029200023AA8798232E04028347490C0145850773
:102930001727FE1F230EF796F2406244D244424905
:10294000B249224A924A056182800347340083C714
:1029500034006305F700228A405CDDBD4146CE8528
:102960001305440097E0FD1FE780E0FFE31555FFE6
:102970004945D9B723050400B9B72309040071B745
:10298000232E8A0245B741119727FE1F938707869A
:1029900022C403A4870C26C206C64AC0FD5419EC03
:1029A000B24022449727FE1F23A607909727FE1FB9
:1029B000238007909244024941018280034504002C
:1029C000EF202EBE0329C40323009400228597F034
:1029D000FD1FE780E0AD4A84D9B79727FE1F938794
:1029E000E7802382070C23A4070C6F10C047411116
:1029F00026C206C622C4EFE01FCDAA843DC5EFE083
:102A00007FBE2A8463060512930710112315F50073
:102A1000930700FB2307F50085472308F500971768
:102A2000FE1F83D7674EA5073E85C207C1831307E4
:102A300040106374F700130540101317050141831C
:102A4000930700046374F70013050004420593051F
:102A50003025418197F0FD1FE78060962328A41060
:102A600019E903558400EFE07FD6B2402244268561
:102A70009244410182809717FE1F9387A765DC531C
:102A8000228523130414232AF4109717FE1F93871B
:102A9000E77503A6870D83A6C70D03D7A70383C7D2
:102AA000A704232CC40E232ED40EA307F414FD5721
:102AB0002310F4042313F4022314F4028347E402E2
:102AC0002324C4102326D41093E707FC2307F40221
:102AD0008567938787BB2315F4042312E414EFD092
:102AE0008FB31715FE1F034565422301A414EF2081
:102AF0008FACD147A306F41693078002A305F41602
:102B00009307006F231FF4149307F0072300F416B4
:102B1000F5779387A7EB2311F416A301A4142303DD
:102B2000A416A303A4169717FE1F2395076C35BFA1
:102B3000854425BF411122C42A8483450403171507
:102B4000FE1F0345D56AA307A40206C626C2EF20CE
:102B50002EFD8357A4031718FE1F0358283F930622
:102B600000323307F8029714FE1F83C4443A232A25
:102B7000A4083356D7023377D7029306204E232674
:102B8000C40837460F0013060624B387D702B3D70D
:102B9000A7023307D702BE94835784039384C417D4
:102BA000C2048507C1802312940833470703B38703
:102BB000D7022310E4028146858FB3B5070333851E
:102BC0000703EF103000832784089716FE1F9386B3
:102BD0006637D442AA9733B5A7002E9501E53E8704
:102BE00063E4D7003387D740834774032328E4087E
:102BF0001307204EB387E70286042285BE94231173
:102C00009408EFC05FEB2285EFD0CF9A8355E403A1
:102C100022859205F915C205C181EFC01FE6228504
:102C2000EFE0DFF09717FE1F23A487669717FE1FBC
:102C30009387876E9C43898B85C39714FE1F93846B
:102C4000A42B9C5891CB83258409354582979C58A9
:102C50008325C4093945829722852244B240924493
:102C60009717FE1F239B07589717FE1F23A8075887
:102C700041016FD04FEE0357050889468357450839
:102C800063F3E6000947B397E7002313F5086F20C5
:102C90000EF8011122CC26CA4AC806CE4EC652C42E
:102CA00083476503034735012A848507230BF50213
:102CB0001719FE1F130989448347C5009714FE1F87
:102CC00093840441631A075A13070004A309E5001B
:102CD00003471501BD9B93E737002306F5009317C3
:102CE0008701A30D0500E18763D907001377F70774
:102CF000A308E500EF10BF9739A88327850A93F64C
:102D00002700BDC6F59B2324F50A83270510918B68
:102D1000A9CFEFF07EB90347B40185476310F706EA
:102D2000832784110347C400DC432380E700832703
:102D3000841103475401DC43A380E7000327841177
:102D4000832709005843B8DF9C40B70680009843AA
:102D5000558F98C3D857719BD8D7F2406244D2445C
:102D60004249B249224A05618280EFF09EB165B7BF
:102D700093F617008DC6F99B2324F50A83270411C7
:102D80000347C4002380E70083270411034754014D
:102D9000A380E70083270900032704116DB7834947
:102DA0000501054A6398491DF9C713F7070119C7BB
:102DB000BD9B2324F50AEFF0FEF5B1BF13F7070220
:102DC00001CB93F7F7FD2324F50AEF006F89A1B734
:102DD00013F7070401CB93F7F7FB2324F50AEFF071
:102DE0003EB215BF13F7070809CB93F7F7F7232473
:102DF000F50A2285EF10CF8039BF13F7072009CBE2
:102E000093F7F7DF2324F50A2285EFF09EC221B75E
:102E100013F7074001CB93F7F7BF2324F50AEF0020
:102E2000AFA0D5BD13974701635C07007D771307FB
:102E3000F77FF98F2324F50A2285EFF0FECFE1BD5D
:102E400013973701635A07007D777D17F98F232485
:102E5000F50AEFF05ED1C1B513972701635A070059
:102E600079777D17F98F2324F50AEFF09EDE65B59B
:102E70002324050A21B78327450A638E071A93F690
:102E8000070481CA93F7F7FB2322F50AEFF01E9798
:102E900059B593F6071081CA93F7F7EF2322F50A85
:102EA000EFF05EEC8DBD93F6072099CA4D8B631F42
:102EB000070E93F7F7DF2322F50AEFF0BEEFA1BD6F
:102EC00093F6074081CA93F7F7BF2322F50AEFF084
:102ED0005EA091B59396470163DB06007D771307EB
:102EE000F77FF98F2322F50AEFF03EA32DB59396D5
:102EF000370163DC06004D8B55EB7D777D17F98F2D
:102F00002322F50AEFF05EAA39B513971701635A29
:102F1000070071777D17F98F2322F50AEFF09EBA2B
:102F2000DDBB1397E700635A070001777D17F98F20
:102F30002322F50AEFF09EBDF9BB1397B700635B40
:102F400007003707F0FF7D17F98F2322F50AEFF00E
:102F5000DEC9D1B313978700635B0700370780FF93
:102F60007D17F98F2322F50AEFF09EF96DB3232226
:102F7000050A29B5638C09029306600463EF3607DE
:102F80001307500463F9E9141307A002638AE91CCC
:102F900063673703930710026380F91A63EA370106
:102FA000ED476387F914F547638AF914228599B3CD
:102FB00093075002638FF91C93077002F5B713074C
:102FC00060036389E914636B37019307E00263844C
:102FD000F91E93071003E380F9DEC9BF130700044D
:102FE000638CE908930710046387F90A9307800349
:102FF000E39EF9FAEF10AFE719AA9307A0056387DC
:10300000F91E63E13705930750056385F90263EB09
:1030100037019307B0046388F91C93071005E38A0E
:10302000F9DC69B793076005E380F9DE9307800553
:10303000E39EF9F6228597E0FD1FE780E057E30C59
:1030400005CCADB79307B00663ED37019307A00633
:1030500063FBF92093076006E39AF9F4EFF0DEFCD6
:1030600099A093076007E389F9DC93076008E39F61
:10307000F9F2EFF01EBE05A813974701E35807F2D7
:103080007D771307F77FF98F2324F50AEFF0DEAA87
:103090002308340149B18347B5028DC705476398BA
:1030A000E700EFF0FEDB85472308F400ADB183278E
:1030B0000510918BD5C3BD472306F4022285EFF09E
:1030C000AEFED5B7EF10AFDA8327040A93E72700E7
:1030D0002320F40AC9BFEF108FD98327040A2308DD
:1030E00044012311040693E747002320F40A25B185
:1030F000EFF0EEE4D947230AF40431B92285EF104A
:103100000FD78327040A93E717002320F40A230824
:10311000040011B197E0FD1FE780004AE30D05BEF2
:103120008547A306F4042285EFF02EEB8347C40401
:10313000F99B2306F404C5B683278510858B81C7C8
:10314000EFF0DEB7C9BEE947A305F50283270510F6
:10315000918B99C38D478DB72285EFF08EF2A1B781
:10316000EFF00EE18347D40491CB41469305C40AA6
:103170001305C40C97D0FD1FE78060738347C40418
:103180002326040E2328040E93E717002306F404D5
:1031900059B683270510918B81CF8D472306F50201
:1031A000EFF08EF083471401DD9BA308F400E5BD2A
:1031B000EFF02EEDC5BF8347C5042322050E23245F
:1031C000050E93E727002306F504EFF08EDC834716
:1031D0001401A3050402DD9BA308F4008327040A5D
:1031E00093E70701F5B5EFF0AEF175BD8347A51480
:1031F00099CB83466514331ADA006306FA00136725
:103200000701A308E5000347B41411CF83467414E3
:103210008547B397D7006388E7008347140193E796
:103220000701A308F4008347E40199CF8347140101
:10323000C18B99EB8327040A93E707202320F40A24
:103240002285EF10CFC285B583071416F5DB8327DF
:103250004410898BF5D78327440A37071000D98F8C
:103260002322F40AF1BFEF108FC08327040A0567F9
:1032700013070780D98FA9BD1717FE1F035707F83B
:1032800005079716FE1F239BE6F603278511E30427
:1032900007A893E707012306F500B5BC8347451748
:1032A000858B638007108347651393D63700AA96F2
:1032B00083C5061313F7770033D6E540058A79CA2C
:1032C000397122DC06DE26DA4AD84ED652D456D2DE
:1032D0005AD05ECE62CC66CA2A84034545037D5728
:1032E000FD47591562052C0061853AC43EC6EF10B2
:1032F000DFF60326841322478326C413B247718F57
:10330000F58F6314E6006387F6062800EFE06FFC94
:10331000894763F1A706294681451305D41797D03D
:10332000FD1FE780E05F224AB24A81490D4C854C7F
:10333000930B500293948901E1844E865285D68581
:1033400013DB2440EF0010458D88229B05898604FD
:103350000309DB170DCDB3949C00B3649900A30E51
:103360009B168509E39879FD8347441793E7870007
:10337000230AF416F2506254D2544259B259225AD6
:10338000925A025BF24B624CD24C21618280B314A0
:103390009C00E1B78547B397E700CD8F2388F612ED
:1033A000828082805D71A6C29714FE1F938404E41C
:1033B000A2C403A4040ACAC04EDE52DC5ED6017960
:1033C000B7090300216AB74B0F0056DA5AD862D406
:1033D00086C666D26AD06ECE814A7D19138B891556
:1033E0007D1A138CFB238347E4001307000D639CB5
:1033F000E722971CFE1F938C6CD083A70C00984388
:103400000D8B0DC71717FE1F230107AEB84B13779F
:10341000F78FB8CB98431367870098C39C438D837D
:10342000858B89C7010001000100010097E0FD1FA5
:10343000E78040468347C404858B89C7A28505453C
:10344000EF10DF80971DFE1F938D8DC803A70D0021
:10345000171DFE1F130DCDCF5C57F19B93E717008F
:103460005CD79717FE1F938727CF944383270D00C0
:103470006389061403466413B29683C60600505748
:1034800037050082939586017D1593F6F603E606CF
:10349000698ED18E54D7E1859306A00363D6B61208
:1034A000F44F37060007D18EF4CF832784091CC759
:1034B0008327C4095CC303A70C005C4393E7170090
:1034C0005CC38355441C95470356641C9105034512
:1034D00074141717FE1FA302F7C0C205930710FD4F
:1034E0002307F400C181930700FC1717FE1F230375
:1034F000F7BEEF109FA40346741485468357240833
:1035000003576408631CD60E938757030607BA97C0
:1035100003A70C00544733F6260150C70F100000D4
:1035200003A70C0037060200860710C7130600F831
:103530009715FE1F2382C5BA7CD354C79717FE1F69
:10354000A38C07B803A60C009717FE1FA38407B827
:1035500085471CC28346C40483A70D0003270D00C2
:10356000858AC5C29443B705330093F6F6CF94C35A
:10357000944393F6F6CF93E6062094C31447CD8E7A
:1035800014C79386891734CA5457F59A54D783467B
:10359000641313F6F607944393F606F8D18E94C39A
:1035A0005C4393F7F7EF5CC30100010003270D00B4
:1035B0005C4393E707105CC397E0FD1FE780C0B44E
:1035C0001DB58346241465BD9306200263DAB60058
:1035D000F44F370600F97D16F18E37060005E1B588
:1035E000B70600F91386F6FFF44F6945F18E3706EA
:1035F0000003E34AB5EA3706000175B593879704DF
:1036000031B79443B705330093F6F6CF94C3944390
:1036100093F6F6CF93E6062094C31447CD8E14C7D5
:103620002328660595B71307100D6394E75E971777
:10363000FE1F83C727AA858B971CFE1F938C8CA91E
:10364000638D074E83C70C00E207E18763D9070C3F
:103650008347F400171DFE1F034D6D8B93F7070280
:1036600085C38357A4031307204EB387E7020327BC
:103670004409B3D7E70213070D05BA972312F408DC
:10368000035544081718FE1F0358488C37460F008F
:1036900013059504B325050381461306062442C687
:1036A00083ADCC013305A802EF00D0518327C408B5
:1036B00032483385A7403307B5019717FE1F93871C
:1036C0006788BA85D4436364A7006364D700B305F1
:1036D000D740032704096360B7160356640883576D
:1036E00024080D8F13151600AA97B38707031385B7
:1036F0000B24E297B3D7A7026366F700B387F640BF
:1037000063F4E7002328B408420D93571600135DB5
:103710000D0163E4A7132313F40823100408834561
:10372000C404032544119306240313064403858926
:1037300097E0FD1FE78020A19717FE1F238FA79812
:103740008347440303C76404998F230AF40283C7A1
:103750006C00858B6395072C8347A40293E72700B1
:103760002305F40283C70C00E207E18763D3070255
:103770008347641313D7370093F677002297854762
:10378000B397D7008346071393C7F7FFF58F230836
:10379000F7128347F400898BE9C32285EFC06FE8F5
:1037A0004DED8347F400A309040093E74700A30706
:1037B000F400832784118DCF0347B40115CB03C7D1
:1037C0009700058B15E703D7A700C843136707F0D9
:1037D0002395E70097E0FD1FE78080CD83574404E1
:1037E00085072312F404832784119C43232CF410AF
:1037F0008347540181CB8347C404898B81C72285C9
:10380000EFC02FE78347040113072002639AE70202
:103810008327040AA305040293E787002320F40A00
:103820008347140193E78700A308F400930740023D
:103830002308F4001DA036974DB52313A409F1BD4C
:10384000130700066393E70C85472308F4008347BA
:10385000A40293E717002305F40283C76C00898B49
:10386000638F070E8347C404858B638A070E8347E3
:1038700094018507A30CF4008347F40013F7270095
:1038800029E793E72700A307F400930700F8230E26
:10389000F4008357A4031307204EB387E7020327DE
:1038A0004409B3D7E7021707FE1F0347476613070C
:1038B0000705BA97C207C1832312F40886072311AC
:1038C000F4089717FE1F23A5079C22859717FE1F54
:1038D00023820780EFF0EFBB834554010345641456
:1038E0009105EF10EFDA8347540163870720834780
:1038F000C404898B63820720A2850145EF100FADB8
:10390000630C0512EF10CFFBE5A413077006639E4E
:10391000E7029707FE1F9387A77B98433C57ED9BD1
:103920003CD79707FE1F238C077A37170040835731
:103930008701B377FA00231CF7008347C40093F78D
:10394000F7FD2306F4008547E5B57147E397E7F0F7
:103950008327040A93E717002320F40AFDBD22857C
:10396000EFC0AFCE11F9A30C04002285EFC06FC7E2
:1039700083471401A18B85CF834764018DCB834797
:103980007401094793F7B70F6383E7029307D003E6
:10399000230AF404930770022308F4008347C40445
:1039A000858BE38B07EC2285EFC0AFD1F1B5834760
:1039B000D4000D476397E70483477401130780021F
:1039C0006373F702834774011D476388E702A30608
:1039D000F4028327840A228593E717002324F40A3C
:1039E000EFE05EDD19A88A07172700001307C75804
:1039F000BA979C432285829771F583476401D9FF6A
:103A0000A5BD99CB83476401E38807E6228597E04B
:103A1000FD1FE78080CDAA8AE3900AE6F9BF8347BD
:103A200084018507230CF40083D7E400850717077A
:103A3000FE1F2314F77C89B59707FE1F93874769FC
:103A40009843B70633001C4393F7F7CF1CC31C43BE
:103A500093F7F7CF93E707201CC39707FE1F9387C1
:103A6000276F98431C47D58F1CC79707FE1F938766
:103A7000E7689C4313878927B8CB9707FE1F938776
:103A800027659C43B70680009843558F98C3D85745
:103A9000719BD8D7930720FD2307F4009707FE1FDB
:103AA00083C7074BE39A07B083270412E38607B066
:103AB0000347F400058BE30107B0D44303C6C700F6
:103AC00083C58700035584008906EF506FE7E3152F
:103AD00005AE8327041203D7A700136707F02395C9
:103AE000E7009C432320F41283572404E38607ACA9
:103AF000FD172311F404C9B49707FE1F9387475D90
:103B00009843B70633001C4393F7F7CF1CC31C43FD
:103B100093F7F7CF93E707201CC39707FE1F938700
:103B2000276398431C47D58F1CC79707FE1F9387B1
:103B3000E75C9C431387892581B79707FE1F93870E
:103B4000E75B9C43FC53E390078A9707FE1F23859E
:103B50000758EF10EFD683C70C002285E207E187F4
:103B600063D40720EFF02F9183D7240122858507A6
:103B70001707FE1F2315F768EFF04FF28357040471
:103B8000A5CB13074006B3F7E702BDE39707FE1F77
:103B9000938787789C43898BA1C79704FE1F9384E2
:103BA000A435985815CF9707FE1F83D72765C207FE
:103BB0009705FE1F83D5A564DD8D254502979C588A
:103BC0009705FE1F83D56563294582979C58831509
:103BD00024032D4582979C588305440331458297E1
:103BE0009707FE1F239B07609707FE1F23A8076008
:103BF00022852644B64096440649F259625AD25A62
:103C0000425BB25B225C925C025DF24D61616FC00F
:103C10004FFB1307200DE397E7CE9707FE1F83C7DF
:103C2000774B858B638507149707FE1FA384074A8C
:103C30008327040A13972701634E070E228597E016
:103C4000FD1FE78080B885476316F50E8355441C39
:103C50000356641C034574149105C205C181EF101D
:103C6000CFAD8347C404970CFE1F938C2C49170DCE
:103C7000FE1F130DED45858B970DFE1F938D4D4D4A
:103C8000BDCFA2850545EF007FFC03270D00B706D9
:103C900033001C4393F7F7CF1CC31C4393F7F7CFB4
:103CA00093E707201CC303A70D001C47D58F1CC733
:103CB00083A70C0013878917B8CB930710FD230740
:103CC000F40083A70C00D44733F72601D8C70F10A0
:103CD000000003A70C00B70702001CC7930700F8F9
:103CE0001706FE1F230AF63E83270D009C439D8383
:103CF000858B95CF930760197CD354C775B803277C
:103D00000D00B70633001C4393F7F7CF1CC31C43C9
:103D100093F7F7CF93E707201CC303A70D001C47B9
:103D2000D58F1CC783A70C0023A8670579B7930715
:103D3000E01BD9B7EF10CFB8834794018DC793F735
:103D4000070F81CB9305D0032285EFC0EFF7A305C2
:103D5000A4029707FE1F9387271A9C5B89C7954586
:103D60001305500882972285EFC0FFBB51B5970716
:103D7000FE1F9387A7389C43FC53639607E697077B
:103D8000FE1F238B0734EF10AFB3F1BF411106C6FE
:103D9000EFB05FBB9707FE1F9387474517F7FFFFFD
:103DA000130727C523AAE70AB24017F7FFFF130737
:103DB000A7D823ACE70A97F7FFFF9387E75E1707BB
:103DC000FE1F2323F75641018280397122DC37041C
:103DD000400026DA4ED6AE84AA899305E4FF054555
:103DE00006DE4AD8EF10AEE0498C13170401418378
:103DF00021839317840013590401D98F23160100DE
:103E00001379F90F10088A854E852317F100A30650
:103E1000210102C002C202C402C802CA02CC02CE00
:103E2000EF007FD78347E1010347D101A3818400DD
:103E3000A2074207BA970347F10121802382840039
:103E4000BA97F25062542380F40013D78700C183DD
:103E5000A3822401A380E4002381F4004259D254B8
:103E6000B25921618280011119469705FE1F938581
:103E7000250A1705FE1F1305E54506CE22CC26CAE6
:103E80004AC891644EC697D0FD1FE78040A2938533
:103E9000F4FF0145EF106ED32A84FD550145EF1064
:103EA0000ED5A287FD147D5933F79700B366E50060
:103EB000F9C6631425016304970C1707FE1F23033B
:103EC000F742A18393E707FC916941641707FE1F3E
:103ED0002328A7401707FE1FA306F740FD1917095F
:103EE000FE1F1309A9307D14CE850145EF10EECDDC
:103EF000AA84FD550145EF108ECFB3679500EDD72D
:103F0000FD576314F500E38134FF9707FE1F239CE0
:103F1000A73C935705011707FE1F2307F73C93574C
:103F200085011707FE1FA301F73C9707FE1F238E8D
:103F3000973AA18093F4F4039707FE1FA387973A5B
:103F40008317890E42054185618DE18F6312F50269
:103F50000317C90F8317A90E618FE18F631AF7004A
:103F60000317E90F8317C90E618FE18FE30EF7F690
:103F7000F2406244D2444249B24905618280A6853A
:103F80000145EF108EC42A84FD550145EF102EC661
:103F9000A28719BF11CE93070002918F635BF000D7
:103FA0003355C500B397F50033D6C5005D8DB28596
:103FB0008280130506FE014633D5A500B285CDBF2C
:103FC00011CE93070002918F635BF000B395C5009B
:103FD000B357F5003316C500DD8D32858280930519
:103FE00006FE0146B315B5003285CDBF014863C654
:103FF000050E63DB06003306C040B337C000B306CE
:10400000D0401348F8FF9D8EB6873283AA8EAE88C3
:104010006391061863FCC50C41676361E61EB70730
:1040200000016365F63693568601E14717270000C5
:1040300013078739369703470700BA97130700021B
:104040001D8F19CBB395E500B357F5003313E60088
:10405000B3E8B700B31EE50013560301B3D7C80297
:1040600093160301C18213D70E01B3F5C80233853D
:10407000F602C205B3E8E50063FAA8009A98138730
:10408000F7FF63E4680063E9A832BA87B388A84001
:10409000B3D5C802C20E93DE0E01B3F8C802B386D0
:1040A000B602C208B3E8D80163FBD8009A98138718
:1040B000F5FF63E56800F91563E3D800BA85139549
:1040C00007014D8D8145630908003305A040B337D2
:1040D000A000B305B0409D8D82803305A040B3376A
:1040E000A000B305B0409D8D7D5821B701E6054382
:1040F0003353D3024167636AE30EB7070001636B72
:10410000F32893568301E147172700001307C72BB5
:10411000369703470700BA97130700021D8F65EB18
:1041200093180301B3866540135F030193D8080118
:10413000854513D70E01B3D7E603B3F6E6033386FE
:104140001703C206558F637AC7001A979386F7FF45
:10415000636467006365C726B687118FB356E703AC
:10416000C20E93DE0E013377E703B38816034207CE
:104170003367D701637B17011A971386F6FF6365D0
:104180006700F91663631701B28613950701558D11
:104190001DBF63E1D504C16763E1F604B707000101
:1041A00063E2F61E93D88601614797270000938744
:1041B000A721C69703C30700930700023A93B3876A
:1041C0006740E9EB63ECB61C3335C50013451500B9
:1041D0008145D5BD81450145FDB59307F00F63F2DB
:1041E000D71C93D886002147C9B71307F00F9A86CA
:1041F000E37C67F093568300A14739B71307F00FAC
:10420000B286E375C7E293568600A14705B533131E
:10421000E30033D6F500135F0301335EE603B39684
:10422000E500B357F500DD8E9318030193D808011C
:10423000B31EE50093D50601B377E6033387C803C1
:10424000C207CD8F63FBE7009A971306FEFF63E377
:10425000671663F1E716791E9A97998F33D6E703AD
:10426000139706014183B3F7E7033385C80293969A
:104270000701D98E63FBA6009A969307F6FF63E7C2
:10428000661263F5A61279169A9693150E01898E19
:10429000D18D45B533576600B396F600D98EB3D8A5
:1042A000650013DF0601B3DEE803139E06013353F6
:1042B0006500135E0E01B395F500B365B30013D727
:1042C00005013316F600B3F8E8033303DE03C20832
:1042D00033E7E800637B670036979388FEFF6369E6
:1042E000D70C6377670CF91E369733076740335353
:1042F000E703C205C1813377E703B3086E024207C3
:10430000D98D63FB1501B6951307F3FF63EED5084E
:1043100063FC15097913B695C20E416FB3EE6E00BA
:104320001307FFFFB3F6EE0013D30E01718F418226
:10433000338EE602B3851541B386C60293580E014B
:104340003307E302BA96C6963306C30263F3E60068
:104350007A9613D306011A9663E2C5026385C500F7
:10436000768581458DB341677D17F98EC206337E10
:10437000EE00B317F500F296E3F4D7FE1385FEFFC7
:10438000814591B393D80601414705B5935606017F
:10439000C14769B993560301C147BDB3814505457E
:1043A0001DB3B688014711B53A83BDB73E86F1BD4E
:1043B000C68E25BF328E55B5F9179A98C1B9F9172F
:1043C0001A9761BBB687B2882A832E88639D06142C
:1043D00063F9C50A4167636EE61AB70700016363B4
:1043E000F63493568601E147172700001307C7FDEF
:1043F000369703470700BA97130700021D8F19CBA2
:104400003398E500B357F500B318E60033E8070129
:104410003313E50013D608013355C80293960801FB
:10442000C182935703013377C802B385A6024207BE
:104430003368F700637AB80046989307F5FF636422
:1044400018016367B8303E853308B8403357C80257
:104450004203135303013378C802B386E6024208CD
:1044600033686800637BD80046989307F7FF63655D
:10447000180179176363D8003E874205598D81453D
:10448000828001E60547B358C702416763EAE80E38
:10449000B707000163ECF82893D68801E147172796
:1044A0000000130767F2369783460700BE9693070E
:1044B0000002958FE5EB939E08013387154113DFCA
:1044C000080193DE0E018545935703013355E70339
:1044D0003377E703B306D5034207D98F63FAD700D2
:1044E000C6971307F5FF63E4170163E6D7263A85FD
:1044F000958F33D7E703420313530301B3F7E70361
:10450000B30ED703C207B3E7670063FBD701C697B3
:104510009306F7FF63E51701791763E3D701368741
:104520004205598D828063E2D504C16763E2F604D7
:10453000B707000163E4F61E13D786016148972789
:104540000000938767E8BA9703C70700130E0002BD
:104550004297330EEE40631A0E0C63EDB61C3335F2
:10456000C500134515008145828081450145828043
:104570009307F00F63F3D71C13D786002148C1B708
:104580001307F00FC686E37C17F193D68800A14786
:1045900039B71307F00FB286E378C7E49356860065
:1045A000A14799B5B398F80033D6D50013DF0801B9
:1045B000335EE6033397F500B356D500558F939ECF
:1045C000080193DE0E013313F50093550701B3760E
:1045D000E603B387CE03C206CD8E63FBF600C69614
:1045E0001306FEFF63E4161763F2F616791EC696ED
:1045F0009D8E33D6E60393170701C183B3F6E60316
:104600003385CE02139706015D8F637BA700469723
:104610009307F6FF636817136376A7127916469718
:1046200093150E01098FD18D45B5B357E600B396AA
:10463000C601DD8E33D3E50013DF0601B357E30374
:10464000939E060193DE0E013398C5013357E500B2
:1046500033680701935808013316C6013373E30327
:10466000B385FE024203B368130163FBB800B6983A
:104670001387F7FF63EAD80C63F8B80CF917B698FC
:10468000B388B84033D7E803420813580801B3F899
:10469000E8033383EE02C208B3E5080163FB65005B
:1046A000B6951308F7FF63EDD50863FB6508791726
:1046B000B695C207416FD98F1307FFFFB3F6E70026
:1046C00093D80701718F4182B38EE602B3856540AE
:1046D000B386C60213D80E013387E802BA96C29693
:1046E0003386C80263F3E6007A9693D806014696AD
:1046F00063E2C5026385C5003E85814582804167CE
:104700007D17F98EC206B3FEEE003315C501F6968D
:10471000E374D5FE1385F7FF8145828013D7060128
:10472000414831BD93560601C1477DB993D6080172
:10473000C147B5B38145054582803687014801B53B
:10474000428785BF3E86E9BDBA871DBF328E4DB513
:1047500079154698D5B97915C69759BBB3C7A50041
:104760008D8B3307C50081E78D4763EEC700AA87AD
:104770006370E50A83C6050085078505A38FD7FE0C
:10478000E3EAE7FE828093763500AA8791CA83C662
:10479000050085078505A38FD7FE93F63700FDB783
:1047A0009376C7FF138606FE63F0C70683A3050052
:1047B00083A2450083AF850003AFC50083AE05012A
:1047C00003AE450103A3850183A8C5019385450276
:1047D00023A0770003A8C5FF23A2570023A4F70155
:1047E00023A6E70123A8D70123AAC70123AC6700AA
:1047F00023AE17019387470223AE07FF75B7904199
:104800009107910523AEC7FEE3EBD7FEE3E4E7F69D
:10481000828039713EDA2ED232D436D63AD842DC92
:1048200046DE9387818722CC804326CA06CEAA849F
:1048300009C41C4C99E32285892B0C44541026860C
:10484000228536C6EF00F01AF2406244D24421615C
:10485000828001119387818722CC804306CEAA856E
:1048600019C41C4C89E72AC622850523B245104489
:1048700022856244F24005616F00F07C011126CA76
:104880004AC806CE22CC4EC652C4AA842E8901C57F
:104890001C4D91E3DD299C4C804499E32685F5214C
:1048A00097270000938747C4631CF402C0408357D6
:1048B000C400A18BB1C71C48A1C7FD59294A1C449B
:1048C00083450900FD17B1E91CC463DE0706228693
:1048D000A94526857920FD576308F502294535A0AD
:1048E00097270000938747C26314F4008044C1B740
:1048F00097270000938747BDE31BF4FAC04445BFE8
:10490000A2852685392A55D97D55F2406244D24484
:104910004249B249224A056182801CC4050963D715
:104920000700184C63CBE700638945011C401387DF
:10493000170018C02380B70059B722862685152096
:10494000E31F35F7D1B71C401387170018C029475C
:104950002380E70061B793878187AA8588436FF03A
:10496000FFF1011122CC26CA4AC806CE4EC6AA843F
:104970002E89328401C51C4D91E30129972700003F
:10498000938787B66319F406C0401C4C1CC4835738
:10499000C400A18BC9C31C48BDCF1C4808409379F3
:1049A000F90F1379F90F1D8D5C486346F500A28558
:1049B0002685652C2DE51C440505FD171CC41C40EF
:1049C0001387170018C0238037015C486389A7004C
:1049D0008357C400858B81CBA9476316F900A28554
:1049E000268561240DEDF24062444A85D244424955
:1049F000B24905618280972700009387E7B063146E
:104A0000F400804459B7972700009387E7ABE31E73
:104A1000F4F6C0449DBFA285268521203DDD7D5949
:104A2000D9B741119387818726C2844322C44AC0E3
:104A300006C62A892E8489C49C4C99E32685B12612
:104A400097270000938747AA631CF402C04003170E
:104A5000C40093170701C18393F68700B5EE93F660
:104A600007019DEEA5472320F900136707042316CD
:104A7000E4007D55B24022449244024941018280C3
:104A800097270000938747A86314F4008044C1B7B8
:104A900097270000938747A3E31BF4FAC04445BF60
:104AA000918B8DC74C5889C9930744046384F500E2
:104AB0004A85892B232A04028357C4002322040039
:104AC00093F7B7FD2316F4001C481CC08357C4009D
:104AD00093E787002316F4001C4881EF8357C40036
:104AE0001307002093F707286385E700A2854A850E
:104AF00095298357C40013F7170005C75C48232482
:104B00000400B307F0401CCC1C480145A5F78317EF
:104B1000C40013F7070839DF93E707042316F400EE
:104B200089BF898B014791E3584818C4F1BF83D7E7
:104B3000C500011122CC26CA06CE4AC84EC613F7BC
:104B40008700AA842E8471EFD841634DE000B841FC
:104B5000634AE0000145F2406244D2444249B2490E
:104B60000561828058547DD703A9040093963701CC
:104B700023A0040063DD060670488357C400918BB0
:104B800099C75C401D8E5C5899C33C401D8E5C5497
:104B90000C50814626858297FD570357C400631D3C
:104BA000F5009440F54763E8D706B707402085072E
:104BB000B3D7D700858BA5C31C48232204001CC093
:104BC0009317370163D80700FD576314F5009C4025
:104BD00091E368C84C5823A02401ADDD9307440439
:104BE0006384F50026853929232A0402A5B70C50D1
:104BF0000146854626850297FD572A86E31FF5F66E
:104C00009C40A5DF75476385E70059476394E70437
:104C100023A0240181B7136707042316E4007D5500
:104C20001DBF83A90501E38709F203A905008D8B48
:104C300023A0350133093941014791E3D84918C40C
:104C4000E35A20F11C540C50CA864E862685829762
:104C50006349A0008357C40093E707042316F400B8
:104C60007DBFAA993309A940E1BF9C49A5C30111A1
:104C700022CC06CE2A8411C51C4D81E72EC63122D6
:104C8000B2459727000093872786639CF5004C4028
:104C90008397C5009DC722856244F24005616FF08D
:104CA0001FE997270000938727866394F5000C443B
:104CB000C5B79727000093872781E39BF5FC4C44F9
:104CC000C1BFF24062440145056182800145828096
:104CD000411122C406C62A842316B5002317C50035
:104CE0002320050023220500232405002322050696
:104CF00023280500232A0500232C05002146814591
:104D00001305C505EFD02DB497170000938767BF33
:104D10005CD0971700009387C7C11CD49717000079
:104D2000938707C65CD4971700009387C7C800D045
:104D30001CD8B2402244410182809705000093852F
:104D400005F3B1AA411126C2130680069384F5FF2C
:104D5000B384C4024AC02E8922C406C69385440780
:104D6000B1262A8401CD2320050023222501310507
:104D700008C4138684068145EFD0EDAC2285B2408D
:104D8000224492440249410182801C4DB5E7411101
:104D900006C622C497070000938767FA1CD5972799
:104DA00000009387A7879C4323240504232605043A
:104DB000232805046314F50085471CCD2A84352873
:104DC00048C022851D2808C42285052848C44840BB
:104DD00001469145EFF0DFEF08440546A545EFF0A9
:104DE0003FEF48440946C945EFF09FEE85471CCC8C
:104DF000B240224441018280828041119727000005
:104E00009387C78126C284434AC006C69C4C22C4ED
:104E10002A8981E72685EFF05FF793848404804434
:104E2000DC40FD1763D607009C40B9CF8440C5BF66
:104E30000317C40039E7C17785072322040623201E
:104E4000040023220400232404005CC4232804005B
:104E5000232A0400232C0400214681451305C405A0
:104E6000EFD06D9E232A0402232C04022324040481
:104E7000232604042285B24022449244024941017F
:104E800082801304840671BF91454A85EFF09FEB41
:104E900088C049FDB1472320F9000144E1BF797181
:104EA00022D44AD052CC56CA5AC85EC606D626D29A
:104EB0004ECE2A8AAE8A130485040149054BFD5B58
:104EC00009ECB25022544A8592540259F249624A7E
:104ED000D24A424BB24B456182800444832944004C
:104EE000FD1963D409000040E1BF83D7C400637B90
:104EF000FB008397E40063877701A6855285829A39
:104F00003369A90093848406E1BF1971A6DAAE84DF
:104F10008395E500A2DC86DE328463DC050083D75E
:104F2000C40023A0060093F7070885E79307004015
:104F30001DA0300836C6EF00902EB246E34105FEB4
:104F40007247BD67F98F7977BA9793B717009CC2FC
:104F5000F1BF930700041CC0F6506654D6540145B7
:104F60000961828083D7C500011122CC06CE26CAF2
:104F70004AC8898B2E8489CF930774041CC01CC82F
:104F800085475CC8F2406244D24442490561828050
:104F900074003000AA84EFF05FF7A2452A892685C5
:104FA000312201ED8317C40013F7072061FFF19B45
:104FB00093E727002316F400C1B7970700009387F3
:104FC00007D89CD48357C40008C008C893E70708D3
:104FD0002316F400A2475CC8B24791CF8315E400C2
:104FE0002685EF00F02601C98357C400F19B93E7A3
:104FF00017002316F4008357C4003369F900231601
:10500000240149B7DDC183A7C5FF411122C406C6EB
:1050100026C21384C5FF63D307003E94AA84EF0021
:10502000102B9387C19A9C4381EF2322040023A66F
:10503000819A2244B2402685924441016F00502952
:10504000637EF40014403307D4006396E70098436E
:10505000DC43369718C05CC0D9BFBA87D84319C3A0
:10506000E37DE4FE94433386D700631F860010403F
:10507000B29694C33386D700E31DC7FA1043584352
:10508000B29694C3D8C375B76375C400B1479CC0CA
:105090004DB71040B306C4006316D70014435843FD
:1050A000B29614C058C0C0C369B78280011126CA25
:1050B00093843500F19806CE22CC4AC84EC6A1048E
:1050C000B14763F5F404B14463E4B4042A89EF0002
:1050D00010209387C19A98433A8429E49387019BCF
:1050E0009C4399E781454A85EF00407E23A8A19A19
:1050F000A6854A85EF00807DFD5963193507B147C4
:105100002320F9004A85EF00B01C29A0E3DE04FA51
:10511000B1471CC10145F2406244D2444249B24900
:10512000056182801C40858F63CF0702AD4663F620
:10513000F6001CC03E9404C031A05C40631387029B
:1051400023A6F19A4A85EF00B0181305B40093071F
:10515000440061993307F5405DDF3A94898F1CC0A4
:105160005DBF5CC3C5B72287404085BF13043500CF
:105170007198E30285FCB305A4404A85812FE31CA6
:1051800035FBB5BF1C46FD171CC663DA0700184E79
:1051900063C5E700A9476394F5006FF08FFC1C42DC
:1051A0002E851387170018C22380B7008280011153
:1051B00022CC26CA4AC84EC652C406CE2A89AE8917
:1051C0003284B304D6007D5A63149400014511A8BB
:1051D000834504004E864A85EFF0DFFA0504E315A7
:1051E00045FFF2406244D2444249B249224A056135
:1051F0008280357122CD26CB4AC94EC706CF52C513
:1052000056C35AC1DEDEE2DCE6DAAA89AE84328910
:10521000368409C51C4D99E3EFF03FB7971700009E
:105220009387872C639DF40C83A4490083D7C40023
:10523000A18BE5CB9C48F5C793070002A304F102BC
:105240009307000302D22305F10222C6930B5002FA
:10525000971A0000938A4A2D054C294B4A848347AC
:10526000040099C36392770FB30C2441638E0C0042
:10527000E6864A86A6854E85EFF07FF3FD576307E5
:10528000F51E9256E69636D2834704006380071EC9
:10529000FD571309140002C802CE3ECA02CCA3096E
:1052A000010482D48345090015465685EF0090001D
:1052B00013041900C24759E913F7070109C7130777
:1052C0000002A309E10413F7870009C71307B0021E
:1052D000A309E104834609001307A0026380E608DE
:1052E000F2474A848146254603470400930514008B
:1052F000130707FD6379E60AB5CA3ECE85A897175E
:105300000000938767206395F40083A4890039BF68
:10531000971700009387471BE39AF4F083A4C90012
:1053200031B7A6854E85EFF0CFEF19D57D55FA4000
:105330006A44DA444A49BA492A4A9A4A0A4BF65B0D
:10534000665CD65C0D618280050411BF3305554152
:105350003315AC00C98F3EC82289A9B732479306DE
:105360004700184336C6634907023ACE0347040094
:105370009307E002631FF704034714009307A0029A
:10538000631BF702B2470904138747009C433AC6E0
:1053900063C107023ECA35A83307E04093E7270000
:1053A0003ACE3EC8E1B7B387670385462E84BA97E5
:1053B00025BFFD57C5B7050402CA8146814725466A
:1053C0000347040093051400130707FD6376E60600
:1053D000F1F2834504000D4617150000130545152D
:1053E000D12D11CD97170000938787141D8D93073A
:1053F0000004B397A700424505045D8D2AC8834584
:1054000004001946171500001305C51213091400EE
:105410002304B10245253DC197B7FDFF938787BEA1
:1054200095E74247B2471377071009CF91073EC669
:105430009257D2973ED21DB5B387670385462E8417
:10544000BA97BDBF9D07E19BA107D5B77800970626
:105450000000938606D626860C084E85970000002D
:10546000E7000000FD572A8AE314F5FC83D7C40047
:1054700093F70704E39C07EA125555BD7800970699
:105480000000938606D326860C084E85012AD9BFD4
:10549000797156CA9C49BA8A984522D426D24ECEF2
:1054A00052CC06D64AD05AC85EC6AA892E84B28487
:1054B000368A63D3E700BA879CC00347340419C314
:1054C00085079CC01C4093F7070281C79C40890751
:1054D0009CC00329040013796900631A0900130BA7
:1054E0009401FD5B5C449840998F634CF9041C4027
:1054F0008346340493F70702B336D000A5EB1306B6
:105500003404D2854E85829AFD576303F5041C400E
:1055100011469840998B544481446397C700B384E3
:10552000E64063D3040081441C4418486354F700E8
:10553000998FBE94014969047D5B639824050145F8
:1055400009A885465A86D2854E85829A631E7501C2
:105550007D55B250225492540259F249624AD24ABD
:10556000424BB24B456182800509ADBF3307D40081
:1055700013060003A301C7040347540493871600CE
:10558000A2978906A381E7049DBF85462286D2851E
:105590004E85829AE30E65FB050945B7797122D4E1
:1055A00026D24AD04ECE06D652CC56CA5AC8B68952
:1055B00083C68501930790063289AA842E841386B8
:1055C0003504638DF60263E2D7069307800563888E
:1055D000F61863EDD7006381062293073004638ECB
:1055E000F60A930A24042301D404C9A093073006C1
:1055F0006385F60A93074006E395F6FE1C400843D0
:1056000093F6070893054500C5C61C410CC363D833
:1056100007001307D002B307F040A301E404971674
:1056200000009386A6F129476DA8930700076384BD
:10563000F61663E5D7029307E006638BF618930727
:10564000F006E390F6FA0C401C4313F805081385A6
:1056500047006307080608C39C438DA893075007BB
:10566000E383F6FE93078007638BF61293073007F8
:10567000E399F6F61C43D04181459386470014C355
:1056800083AA070056853D2101C53305554148C011
:105690005C401CC8A301040471A81C43930A2404A1
:1056A000938647009C4314C32301F4048547D5B770
:1056B00093F607041C410CC3B9DAC207C18781BF46
:1056C00093F5050408C3C9D983D707001307F0066B
:1056D0006388E60E97160000938646E62947A301E5
:1056E00004044C400CC463C5050008406D9908C013
:1056F00099E3B28A91CDB28AB3F5E702FD1AB69565
:1057000083C505002380BA00B3D5E70263F0E70C38
:10571000A147631EF7001C40858B91CB58401C4865
:1057200063C7E70093070003A38FFAFEFD1A330651
:10573000564110C84E87CA867000A2852685EFF0B4
:105740003FD57D5A631E450B7D55B250225492546D
:105750000259F249624AD24A424B45618280A38291
:10576000D50497160000938666DD0C40084313F8B5
:1057700005081C411105630D080208C313F7150045
:1057800001C793E505020CC04147B1FB0C4093F5FE
:10579000F5FD0CC0A9B79C4193E707029CC1930794
:1057A0008007A302F40497160000938666DA75BF9B
:1057B00013F8050408C3E30308FCC207C1837DBFD7
:1057C00097160000938686D7214711BFAE872DB765
:1057D00094411C43CC4913F806081385470063061F
:1057E000080008C39C438CC301A808C393F60604B1
:1057F0009C43F5DA2390B70023280400B28A1DBF2A
:1058000014485686CA8526858299E30F45F31C40C5
:10581000898B8DE7B2474844E359F5F23E8535B7A9
:1058200085465686CA8526858299E30F65F1050A65
:105830005C443247998FE345FAFEE9BF014A930A77
:1058400094017D5BF5B7011122CC06CE2A8409C9EB
:105850001C4D99E732C62EC4EFF02FD33246A24535
:1058600097170000938747C86316F60250401C46FE
:10587000FD171CC663D00704184E63C7E70093F7F3
:10588000F50F29476398E70222856244F2400561DB
:105890006FF02F8D97170000938707C76314F600EA
:1058A0001044F1B797170000938707C2E311F6FC85
:1058B000504475BF1C4213F5F50F1387170018C22B
:1058C0002380B700F240624405618280411122C406
:1058D0002A842E8597F7FD1F23AA07A406C6EFD0BA
:1058E0008DC4FD576319F50097F7FD1F938707A433
:1058F0009C4391C31CC0B2402244410182804111AB
:1059000022C42E848395E50006C6E1226349050082
:105910007C48AA977CC8B2402244410182808357C8
:10592000C4007D777D17F98F2316F400EDB783D778
:10593000C500011122CC26CA4AC84EC606CE93F72E
:105940000710AA842E843289B68991C78395E50011
:105950008946014635228357C4007D777D17F98F2C
:105960002316F4008315E4006244F240CE864A8692
:10597000B24942492685D24405613DA8411122C45D
:105980002E848395E50006C6E528FD570357C4001D
:10599000631BF500FD77FD17F98F2316F400B24065
:1059A0002244410182808567D98F2316F40068C89C
:1059B000FDB78395E50025A8411122C42A842E85D0
:1059C000B285368697F7FD1F23A2079606C6EFD04D
:1059D0000DB3FD576319F50097F7FD1F93870795E2
:1059E0009C4391C31CC0B2402244410182804111BA
:1059F00022C42A842E8597F7FD1F23A9079206C685
:105A00001922FD576319F50097F7FD1F9387079239
:105A10009C4391C31CC0B240224441018280411189
:105A200022C42A842E85B28597F7FD1F23A00790F4
:105A300006C6D520FD576319F50097F7FD1F93871C
:105A4000E78E9C4391C31CC0B24022444101828036
:105A5000411122C42A842E8597F7FD1F23A8078CA5
:105A600006C6D120FD576319F50097F7FD1F9387F0
:105A7000E78B9C4391C31CC0B24022444101828009
:105A8000411122C42A842E85B285368697F7FD1FE0
:105A900023AE078806C64520FD576319F50097F722
:105AA000FD1F9387A7889C4391C31CC0B24022442A
:105AB0004101828093F5F50F2A966314C5000145D4
:105AC000828083470500E38DB7FE0505FDB7828020
:105AD0008280411122C42A842E85B285368697F7AA
:105AE000FD1F23A5078406C6B928FD576319F500D5
:105AF00097F7FD1F938787839C4391C31CC0B240D7
:105B00002244410182809307800517F7FD1F232F50
:105B1000F7807D5582809307800517F7FD1F2327A7
:105B2000F7807D5582809307800517E7FD1F232F9F
:105B3000F77E014582809307800517E7FD1F232725
:105B4000F77E7D5582809307800517E7FD1F232F81
:105B5000F77C7D5582800000F401FA009600640015
:105B60004B0032001E0014008AD0FDFFB2D0FDFFB2
:105B7000DAD0FDFFF2D0FDFF0CD1FDFFFE0065780D
:105B8000706572696D656E74616C00004669726D56
:105B900077617265205265766973696F6E000000E7
:105BA0004861726477617265205265766973696FC6
:105BB0006E0000004D616E7566616374757265728A
:105BC000204E616D650000004D6F64656C204E7560
:105BD0006D6265720000000053657269616C204E51
:105BE000756D626572000000536F6674776172654F
:105BF000205265766973696F6E0000007265637686
:105C0000207363616E2052657120616464722000AC
:105C1000253032782000000050687920757064616A
:105C200074652052783A25782054783A2578202EC9
:105C30002E0A0000557064617465202564202D20B3
:105C4000496E742030782578202D204C6174656E63
:105C500063792025640A0000050D0904A10185016E
:105C6000050D0922A102050D094215002501750146
:105C7000950181027507950181010951750895010A
:105C80008102050109301500262003751095018158
:105C90000209311500262003751095018102C0C04C
:105CA00043483539785F424C455F4C49425F563135
:105CB0002E340000686561642066696C6520657239
:105CC000726F722E2E2E00004C494220696E69744C
:105CD000206572726F7220636F64653A20257820A8
:105CE0002E2E2E0A000000002A20000022E3FDFFD5
:105CF00042E3FDFF9AE3FDFF5AE3FDFF86E3FDFF6C
:105D0000EAE3FDFF53656E642050687920557064A6
:105D10006174652025782E2E2E0A00004849442003
:105D2000546F756368000000000000000000000070
:105D300000000000496E697469616C697A65642EBF
:105D40002E0000004164766572746973696E672E77
:105D50002E000000436F6E6E65637465642E2E0026
:105D6000436F6E6E6563746564204164766572741A
:105D70006973696E672E2E0057616974696E6720BA
:105D8000666F72206164766572746973696E672EDE
:105D90002E000000446973636F6E6E656374656402
:105DA0002E2E20526561736F6E3A25780A0000002E
:105DB0004164766572746973696E672074696D6594
:105DC0006F75742E2E0000004572726F7220257858
:105DD000202E2E0A00000000EE3CFEFF623DFEFF7A
:105DE000D63DFEFFD63DFEFF723DFEFFD63DFEFFD7
:105DF0008A3DFEFFAC3DFEFFD63DFEFFC63DFEFFE9
:105E00001A3EFEFF3A3EFEFFB63EFEFF4C3EFEFF50
:105E1000B63EFEFFB63EFEFFB63EFEFF6E3EFEFF06
:105E2000B63EFEFFB63EFEFFB63EFEFF923EFEFFD2
:105E3000D4C1010034A2000010C20100B6AF0000BE
:105E40008CC2010082AF000046C301004EAF0000CB
:105E5000E2C30100CCBA000030C40100CCBA00009B
:105E60008AC401001EBA000046C30100EEAE000065
:105E70001EC501003AB20000000000000000000052
:105E800068C50100C6B20000DAC50100B8A2000072
:105E90001091FEFF1091FEFF3691FEFF4E91FEFF26
:105EA0005691FEFF5E91FEFF6691FEFF6E91FEFF32
:105EB0007691FEFF7E91FEFF8691FEFFC291FEFF6E
:105EC000CA91FEFF8E91FEFF010102010201010253
:105ED000010204040601040101010101040402019C
:105EE0000400000001010201020101020101040499
:105EF0000601040101010101040102010100000089
:105F0000C89EFEFFD49EFEFF169FFEFF40A0FEFF30
:105F10004AA0FEFF8EA0FEFFD0A0FEFF0EA1FEFF56
:105F200046A1FEFFDE9FFEFF7AA1FEFF08A2FEFF54
:105F30004AAEFEFF26AEFEFF4AB1FEFFA6B1FEFF4F
:105F4000B6B4FEFFD0B2FEFF16B3FEFF5AB3FEFF9B
:105F500092B3FEFFD6B3FEFF26AEFEFF1AB4FEFFDD
:105F600090B4FEFF000000000000000000000000F0
:105F700000000087083101007C420100DE31010091
:105F8000DE42010002320100A2320100D0320100E3
:105F900014330100E841010058410100743401004C
:105FA000A034010012350100B8350100C8400100DD
:105FB000DA3F0100E83E0100202601006A360100B8
:105FC000BE360100F845010090450100F0360100A1
:105FD00098380100EC390100763A0100A23A01003C
:105FE0004E46010052460100383B01007A3B010059
:105FF000564601005A4601005E4601006246010015
:106000004A440100C43B0100A23C01006646010075
:106010006A4601004E3D0100AE3E0100434835395D
:10602000785F424C455F4C49425F56312E342E34E6
:1060300000000000563EFFFF643EFFFF6C3EFFFF86
:10604000723EFFFF783EFFFF983EFFFFA03EFFFF3E
:10605000A63EFFFFB03EFFFFB63EFFFFBC3EFFFF88
:10606000C23EFFFFC83EFFFFD43EFFFFDA3EFFFF08
:10607000E03EFFFF223FFFFFE63EFFFFEC3EFFFF5B
:10608000F23EFFFFF83EFFFF043FFFFF223FFFFF0E
:10609000223FFFFF223FFFFF223FFFFF223FFFFF84
:1060A000223FFFFF223FFFFF223FFFFF0E3FFFFF88
:1060B000FE3EFFFF223FFFFF143FFFFF1C3FFFFF9D
:1060C0006844FFFF9444FFFFB644FFFFCC44FFFF4A
:1060D000E044FFFFFC44FFFF1A45FFFF2A45FFFF96
:1060E0004445FFFF5A45FFFF7C45FFFF9245FFFFF8
:1060F000A645FFFFBA45FFFFD845FFFFE845FFFF74
:106100000246FFFFB047FFFFC447FFFFDA47FFFF2C
:10611000F847FFFF7249FFFF4048FFFF2246FFFF9D
:106120005648FFFF6648FFFF7C46FFFF7C46FFFFA7
:106130005447FFFF5E47FFFF6E48FFFF1A48FFFF0F
:106140007E48FFFFF048FFFF3649FFFFF64CFFFF98
:106150005A49FFFF5A49FFFF444CFFFFEE49FFFF3A
:106160003C49FFFFEC4CFFFF5A49FFFFE64BFFFFA6
:106170007C4CFFFF5A49FFFF5A49FFFF5A49FFFF76
:106180005A49FFFF5A49FFFF5A49FFFF5A49FFFF8B
:106190005A49FFFF5A49FFFF5A49FFFFB049FFFF25
:1061A000904EFFFF8E4FFFFF584FFFFFCE4FFFFF78
:1061B000CE4FFFFF5E50FFFFB250FFFF8E4FFFFF3D
:1061C0008E4FFFFF8E4FFFFF8E4FFFFF8E4FFFFF63
:1061D0008E4FFFFF8E4FFFFF8E4FFFFF8E4FFFFF53
:1061E0008E4FFFFF8E4FFFFF8E4FFFFFD650FFFFFA
:1061F000D650FFFF8E4FFFFF8E4FFFFF8E4FFFFFEA
:106200008E4FFFFF8E4FFFFF8E4FFFFF4851FFFF66
:106210004851FFFF4456FFFF5256FFFF6856FFFFED
:106220007456FFFF8856FFFF9456FFFF9E56FFFFF0
:10623000A656FFFFAE56FFFFB856FFFFC256FFFF40
:10624000CE56FFFFD856FFFFE256FFFFEE56FFFF88
:106250004457FFFF4457FFFFF856FFFF0657FFFF65
:106260001057FFFF1A57FFFF2457FFFF2C57FFFF60
:106270003A57FFFF2457FFFF4057FFFF5457FFFFD8
:10628000D459FFFF6C57FFFFDE57FFFFF257FFFFA8
:106290000658FFFF2258FFFF3E58FFFF5258FFFFEE
:1062A0006E58FFFFD459FFFF8A58FFFFD459FFFFF4
:1062B000D459FFFFA058FFFFC858FFFFF058FFFF59
:1062C0000C59FFFF2259FFFF3459FFFF8659FFFF8A
:1062D000FB349B5F80000080001000000000000085
:1062E000070B0D1113171D1F25292B2F353B3D4380
:1062F00047494F535961FF00DA8EFFFF168FFFFFAA
:106300003E90FFFFE290FFFFF290FFFFDC91FFFF66
:106310007891FFFF5292FFFF0093FFFF668EFFFF11
:10632000EA8FFFFF8E8FFFFFC891FFFF4626020016
:106330001E1E0200D41D0200F4220200C42202002C
:106340009622020056220200282202000A2402009D
:106350000E240200A2200200122402006220020089
:10636000162402003E2002001A240200102002001F
:1063700000200200C81F02001E240200A61F020007
:1063800022240200262402002A2402002E240200D5
:10639000D81D0200EC1D0200322402003624020047
:1063A0003A2402003E240200022402003C1F0200A4
:1063B000B21E020006240200A02302003A230200BB
:1063C000F01D02000001020203030303040404049D
:1063D0000404040405050505050505050505050571
:1063E0000505050506060606060606060606060651
:1063F000060606060606060606060606060606063D
:106400000606060607070707070707070707070720
:10641000070707070707070707070707070707070C
:1064200007070707070707070707070707070707FC
:1064300007070707070707070707070707070707EC
:1064400007070707080808080808080808080808D0
:1064500008080808080808080808080808080808BC
:1064600008080808080808080808080808080808AC
:10647000080808080808080808080808080808089C
:10648000080808080808080808080808080808088C
:10649000080808080808080808080808080808087C
:1064A000080808080808080808080808080808086C
:1064B000080808080808080808080808080808085C
:1064C00008080808000000000000000000000000AC
:1064D00000000000000000000000000000000000BC
:1064E00000000000000000000000000000000000AC
:1064F000000000000000000000000000000000009C
:10650000000000000000000000000000000000008B
:10651000000000000000000000000000000000007B
:1065200000000000232D302B20000000686C4C0080
:1065300065666745464700003031323334353637BB
:10654000383941424344454600000000303132337F
:10655000343536373839616263646566000000009F
:10656000192A00000F1800000200000064650200F4
:106570002A2A0000262A0000272A0000292A0000D3
:10658000242A0000502A0000252A00000A180000D2
:10659000020000008C650200282A0000232A000067
:1065A0004C2A0000110100014A2A00004E2A000076
:1065B0004B2A00004D2A00001218000002000000C3
:1065C000B86502004F2A0000312A000013180000AD
:1065D00002000000CC65020002000000F865020025
:1065E000012A0000A62A000003280000022900005A
:1065F000002A000007290000001800000118000010
:1066000002280000042A00000028000008290000D9
:0C66100001280000052A0000F0230020F3
:10661C00020000000866020001000000686502002C
:10662C0002000000E8650200010000005524002073
:10663C0002000000606502000100000054240020EC
:10664C0002000000EC65020003000000042600209C
:10665C00020000000C660200010000005C24002017
:10666C00922E0000342E00000000000002000000FA
:10667C0008660200010000009065020002000000A4
:10668C00E8650200010000006E24002002000000FA
:10669C009C65020001000000E424002002000000C0
:1066AC00E8650200010000006224002002000000E6
:1066BC008065020001000000C85B020002000000BF
:1066CC00E8650200010000006C24002002000000BC
:1066DC008865020001000000D85B02000200000087
:1066EC00E8650200010000005F24002002000000A9
:1066FC0074650200010000008C5B020002000000C7
:10670C00E865020001000000602400200200000087
:10671C007865020001000000A05B0200020000008E
:10672C00E8650200010000006D240020020000005A
:10673C009865020001000000E85B02000200000006
:10674C00E865020001000000612400200200000046
:10675C007C65020001000000B45B02000200000036
:10676C00E8650200010000005E2400200200000029
:10677C0070650200010000007C5B0200020000005A
:10678C00E8650200010000006B24002002000000FC
:10679C00846502000100000064240020A830000081
:1067AC00000000000000000026330000FE32000054
:1067BC00000000004234000000000000883200009D
:1067CC00020000000866020001000000BC65020027
:1067DC0002000000006602000100000008250020F5
:1067EC0002000000E8650200010000007224002095
:1067FC0002000000A865020040000000A465020031
:10680C0002000000E8650200010000006F24002077
:10681C0002000000A0650200800000000525002099
:10682C0002000000E8650200010000007424002052
:10683C0002000000AC650200C000000073240020C0
:10684C0002000000E865020001000000782400202E
:10685C0002000000B065020040000000585C02001D
:10686C0002000000F465020001000000702400200A
:10687C0002000000E86502000100000082240020F4
:10688C0002000000B4650200010000000725002092
:10689C0002000000EC6502008100000014260020BC
:1068AC00020000000C6602000100000080240020A1
:1068BC0002000000E86502000100000075240020C1
:1068CC0002000000B4650200C00000000625002094
:1068DC00020000000C660200010000007C24002075
:1068EC000A3700000E380000000000000200000013
:1068FC000866020001000000D065020002000000E2
:10690C00E865020001000000832400200200000062
:10691C00C4650200800000000C250020020000006D
:10692C00E865020001000000842400200200000041
:10693C00C8650200000000001025002002000000C5
:10694C00EC650200810000003C2600203E3A00006D
:10695C00423A000000000000EA400000EC3F00005A
:10696C0000000000EE3F00000A0948494420546F23
:10697C00756368051208000800050212180F18024A
:10698C000A0000000200000008660200010000007E
:10699C00D865020002000000E8650200010000005A
:1069AC00A324002002000000F0650200010000009A
:1069BC000000000002000000E86502000100000079
:1069CC00A024002002000000E0650200010000008D
:1069DC007025002002000000E865020001000000A4
:1069EC00A424002002000000046602000100000044
:1069FC00A824002002000000E8650200010000004D
:106A0C00A224002002000000E46502000100000046
:106A1C00A12400208C960000E297000000000000EA
:106A2C00020000000866020001000000B4240020EF
:106A3C0002000000E865020001000000BF240020F5
:106A4C0002000000146602000000000000000000BC
:106A5C0002000000EC6502000300000000000000D2
:106A6C000000000046A40000000000000000000030
:106A7C00E464020004650200C4640200000000002B
:106A8C0000000000000000000000000000000000FA
:106A9C0000000000000000000000000000000000EA
:106AAC0000000000000000000000000000000000DA
:106ABC0000000000000000000000000000000000CA
:106ACC000000000000000000000000002C4300202B
:106ADC006412990111010000040102020202020079
:106AEC0001D707000010010202020204192A020158
:106AFC00060A480002000000000300000101120415
:106B0C00100000000201050319C5030060EA000033
:106B1C0001000000FEFFFF04C3812F0102010202ED
:106B2C00020000005000A0000000E803FFFF00007E
:106B3C0002000000FC6502000100FF2001050201BB
:0C6B4C0001100101F023002000000000F7
:00000001FF
