
TMR.elf:     file format elf32-littleriscv
TMR.elf
architecture: riscv:rv32, flags 0x00000112:
EXEC_P, HAS_SYMS, D_PAGED
start address 0x00000000

Program Header:
    LOAD off    0x00001000 vaddr 0x00000000 paddr 0x00000000 align 2**12
         filesz 0x00000004 memsz 0x00000004 flags r-x
    LOAD off    0x00002000 vaddr 0x20000000 paddr 0x00000004 align 2**12
         filesz 0x000009d8 memsz 0x000009d8 flags r-x
    LOAD off    0x000029dc vaddr 0x000009dc paddr 0x000009dc align 2**12
         filesz 0x000016a0 memsz 0x000016a0 flags r-x
    LOAD off    0x000049d8 vaddr 0x200009d8 paddr 0x0000207c align 2**12
         filesz 0x00000068 memsz 0x0000007c flags rw-
    LOAD off    0x00004e00 vaddr 0x20007e00 paddr 0x20007e00 align 2**12
         filesz 0x00000000 memsz 0x00000200 flags rw-

Sections:
Idx Name            Size      VMA       LMA       File off  Algn  Flags
  0 .init           00000004  00000000  00000000  00001000  2**1  CONTENTS, ALLOC, LOAD, READONLY, CODE
  1 .highcodelalign 00000000  00000004  00000004  00004a40  2**0  CONTENTS
  2 .highcode       000009d8  20000000  00000004  00002000  2**1  CONTENTS, ALLOC, LOAD, READONLY, CODE
  3 .text           000016a0  000009dc  000009dc  000029dc  2**2  CONTENTS, ALLOC, LOAD, READONLY, CODE
  4 .fini           00000000  0000207c  0000207c  00004a40  2**0  CONTENTS, ALLOC, LOAD, CODE
  5 .dlalign        00000000  0000207c  0000207c  00004a40  2**0  CONTENTS
  6 .data           00000068  200009d8  0000207c  000049d8  2**2  CONTENTS, ALLOC, LOAD, DATA
  7 .bss            00000014  20000a40  000020e4  00004a40  2**2  ALLOC
  8 .stack          00000200  20007e00  20007e00  00004e00  2**0  ALLOC
  9 .debug_info     00005684  00000000  00000000  00004a40  2**0  CONTENTS, READONLY, DEBUGGING
 10 .debug_abbrev   00000ea4  00000000  00000000  0000a0c4  2**0  CONTENTS, READONLY, DEBUGGING
 11 .debug_aranges  000001b8  00000000  00000000  0000af68  2**3  CONTENTS, READONLY, DEBUGGING
 12 .debug_ranges   00000190  00000000  00000000  0000b120  2**3  CONTENTS, READONLY, DEBUGGING
 13 .debug_line     00003442  00000000  00000000  0000b2b0  2**0  CONTENTS, READONLY, DEBUGGING
 14 .debug_str      000011e4  00000000  00000000  0000e6f2  2**0  CONTENTS, READONLY, DEBUGGING
 15 .comment        00000033  00000000  00000000  0000f8d6  2**0  CONTENTS, READONLY
 16 .debug_frame    00000bcc  00000000  00000000  0000f90c  2**2  CONTENTS, READONLY, DEBUGGING
 17 .debug_loc      00000ca4  00000000  00000000  000104d8  2**0  CONTENTS, READONLY, DEBUGGING
 18 .stab           00000084  00000000  00000000  0001117c  2**2  CONTENTS, READONLY, DEBUGGING
 19 .stabstr        00000117  00000000  00000000  00011200  2**0  CONTENTS, READONLY, DEBUGGING
SYMBOL TABLE:
00000000 l    d  .init	00000000 .init
00000004 l    d  .highcodelalign	00000000 .highcodelalign
20000000 l    d  .highcode	00000000 .highcode
000009dc l    d  .text	00000000 .text
0000207c l    d  .fini	00000000 .fini
0000207c l    d  .dlalign	00000000 .dlalign
200009d8 l    d  .data	00000000 .data
20000a40 l    d  .bss	00000000 .bss
20007e00 l    d  .stack	00000000 .stack
00000000 l    d  .debug_info	00000000 .debug_info
00000000 l    d  .debug_abbrev	00000000 .debug_abbrev
00000000 l    d  .debug_aranges	00000000 .debug_aranges
00000000 l    d  .debug_ranges	00000000 .debug_ranges
00000000 l    d  .debug_line	00000000 .debug_line
00000000 l    d  .debug_str	00000000 .debug_str
00000000 l    d  .comment	00000000 .comment
00000000 l    d  .debug_frame	00000000 .debug_frame
00000000 l    d  .debug_loc	00000000 .debug_loc
00000000 l    d  .stab	00000000 .stab
00000000 l    d  .stabstr	00000000 .stabstr
00000000 l    df *ABS*	00000000 ./Startup/startup_CH583.o
20000000 l       .highcode	00000000 _vector_base
00000000 l    df *ABS*	00000000 Main.c
00000000 l    df *ABS*	00000000 CH58x_sys.c
20000a38 l     O .data	00000004 curbrk.4069
00000000 l    df *ABS*	00000000 ISP583.c
200005c4 l       .highcode	00000000 .loop18
200005d2 l       .highcode	00000000 .loop29
200005e0 l       .highcode	00000000 .loop40
2000086c l       .highcode	00000000 .loop402
00000000 l    df *ABS*	00000000 CH58x_gpio.c
00000000 l    df *ABS*	00000000 CH58x_timer0.c
00000000 l    df *ABS*	00000000 CH58x_uart1.c
00000000 l    df *ABS*	00000000 printf.c
00000000 l    df *ABS*	00000000 puts.c
00000000 l    df *ABS*	00000000 wbuf.c
00000000 l    df *ABS*	00000000 wsetup.c
00000000 l    df *ABS*	00000000 fflush.c
00000000 l    df *ABS*	00000000 findfp.c
0000120e l     F .text	0000006a std
00000000 l    df *ABS*	00000000 fwalk.c
00000000 l    df *ABS*	00000000 makebuf.c
00000000 l    df *ABS*	00000000 nano-mallocr.c
00000000 l    df *ABS*	00000000 nano-mallocr.c
00000000 l    df *ABS*	00000000 nano-vfprintf.c
000016b2 l     F .text	0000002a __sfputc_r
00000000 l    df *ABS*	00000000 nano-vfprintf_i.c
00000000 l    df *ABS*	00000000 sbrkr.c
00000000 l    df *ABS*	00000000 stdio.c
00000000 l    df *ABS*	00000000 writer.c
00000000 l    df *ABS*	00000000 closer.c
00000000 l    df *ABS*	00000000 fstatr.c
00000000 l    df *ABS*	00000000 isattyr.c
00000000 l    df *ABS*	00000000 lseekr.c
00000000 l    df *ABS*	00000000 memchr.c
00000000 l    df *ABS*	00000000 mlock.c
00000000 l    df *ABS*	00000000 readr.c
00000000 l    df *ABS*	00000000 close.c
00000000 l    df *ABS*	00000000 fstat.c
00000000 l    df *ABS*	00000000 isatty.c
00000000 l    df *ABS*	00000000 lseek.c
00000000 l    df *ABS*	00000000 read.c
00000000 l    df *ABS*	00000000 impure.c
200009d8 l     O .data	00000060 impure_data
00000000 l    df *ABS*	00000000 reent.c
00001ece g     F .text	00000028 _isatty_r
00000db6 g     F .text	000000da _puts_r
00001ef6 g     F .text	0000002c _lseek_r
200005e0 g     F .highcode	0000000e FLASH_ROM_OUT
00000d72 g     F .text	00000044 printf
20001238 g       .data	00000000 __global_pointer$
00001e12 g     F .text	00000036 __sseek
000012c8 g     F .text	0000006a __sinit
00000e9e g     F .text	000000c0 __swbuf_r
2000057c g     F .highcode	0000000e mDelayuS
200004be  w    F .highcode	000000be HardFault_Handler
00001282 g     F .text	00000046 __sfmoreglue
20000090  w      .highcode	00000000 GPIOB_IRQHandler
00001f3e g     F .text	00000002 __malloc_unlock
20000090  w      .highcode	00000000 GPIOA_IRQHandler
20000090  w      .highcode	00000000 SysTick_Handler
20000090  w      .highcode	00000000 NMI_Handler
20000090  w      .highcode	00000000 UART1_IRQHandler
00001ea4 g     F .text	0000002a _fstat_r
20000a50 g     O .bss	00000004 errno
20000a40 g       .bss	00000000 _sbss
00000200 g       *ABS*	00000000 __stack_size
200005d2 g     F .highcode	0000000e FLASH_ROM_IN
20000090  w      .highcode	00000000 UART0_IRQHandler
00001278 g     F .text	0000000a _cleanup_r
00000e90 g     F .text	0000000e puts
00001f78 g     F .text	0000000c _fstat
00000004 g       .init	00000000 _einit
20000090  w      .highcode	00000000 BB_IRQHandler
2000066e g     F .highcode	0000036a FLASH_EEPROM_CMD
20000090  w      .highcode	00000000 Break_Point_Handler
00001d6a g     F .text	0000002a _sbrk_r
20000092 g     F .highcode	00000034 TMR0_IRQHandler
00001f40 g     F .text	0000002c _read_r
200005b2 g     F .highcode	00000012 FLASH_ROM_BEG
2000058a g     F .highcode	00000028 mDelaymS
20000090  w      .highcode	00000000 Ecall_M_Mode_Handler
20007e00 g       .stack	00000000 _heap_end
00001f84 g     F .text	0000000c _isatty
00002078 g     O .text	00000004 _global_impure_ptr
200005ee g     F .highcode	00000048 FLASH_ROM_ADDR
00000ccc g     F .text	00000030 _sbrk
20000090  w      .highcode	00000000 RTC_IRQHandler
20000a54 g       .bss	00000000 _ebss
00000d40 g     F .text	00000032 UART1_DefInit
20000636 g     F .highcode	00000038 FLASH_ROM_WAIT
00001fdc g     O .text	00000020 __sf_fake_stderr
20000090  w      .highcode	00000000 UART2_IRQHandler
20000090  w      .highcode	00000000 PWMX_IRQHandler
000016dc g     F .text	00000042 __sfputs_r
00001f22 g     F .text	0000001a memchr
00001536 g     F .text	000000a8 _free_r
00000000 g       .init	00000000 _start
00001f90 g     F .text	0000000c _lseek
20000090  w      .highcode	00000000 ADC_IRQHandler
20000000 g       .highcode	00000000 _highcode_vma_start
20000090  w      .highcode	00000000 TMR2_IRQHandler
00001e7c g     F .text	00000028 _close_r
20000a44 g     O .bss	00000004 IRQ_STA
200009d8 g       .data	00000000 _data_vma
200000c6 g     F .highcode	00000386 SetSysClock
20000090  w      .highcode	00000000 USB_IRQHandler
00000f5e g     F .text	00000110 __swsetup_r
20000a40 g     O .bss	00000004 tick
00001332 g     F .text	000000a0 __sfp
00001d94 g     F .text	00000030 __sread
00001f3c g     F .text	00000002 __malloc_lock
000011aa g     F .text	00000064 _fflush_r
00001ffc g     O .text	00000020 __sf_fake_stdin
20000090  w      .highcode	00000000 I2C_IRQHandler
00000ab2 g     F .text	000000a8 memset
00000b5a g     F .text	00000062 main
00001e48 g     F .text	00000006 __sclose
000015de g     F .text	000000d4 _malloc_r
20000090  w      .highcode	00000000 USB2_IRQHandler
00000004 g       .highcodelalign	00000000 _highcode_lma
00000d72 g     F .text	00000044 iprintf
20000090  w      .highcode	00000000 LLE_IRQHandler
00000000 g       .init	00000000 _sinit
00001e4e g     F .text	0000002e _write_r
000019b6 g     F .text	0000010c _printf_common
20000a3c g     O .data	00000004 _impure_ptr
0000106e g     F .text	0000013c __sflush_r
20000090  w      .highcode	00000000 WDOG_BAT_IRQHandler
20000090  w      .highcode	00000000 Ecall_U_Mode_Handler
20000090  w      .highcode	00000000 TMR3_IRQHandler
20008000 g       .stack	00000000 _eusrstack
20000090  w      .highcode	00000000 SW_Handler
00000bbc g     F .text	000000a6 GPIOA_ModeCfg
0000143e g     F .text	0000005a __swhatbuf_r
00000c62 g     F .text	00000042 GetSysClock
00000ca4 g     F .text	00000028 _write
20000a40 g       .data	00000000 _edata
20000090  w      .highcode	00000000 SPI0_IRQHandler
20000a54 g       .bss	00000000 _end
200009d8 g       .highcode	00000000 _highcode_vma_end
0000207c g       .dlalign	00000000 _data_lma
00001dc4 g     F .text	0000004e __swrite
0000171e g     F .text	00000298 _vfiprintf_r
000013d2 g     F .text	0000006c _fwalk_reent
0000201c g     O .text	00000020 __sf_fake_stdout
00001f9c g     F .text	0000000c _read
000009dc  w      .text	00000000 handle_reset
00001498 g     F .text	0000009e __smakebuf_r
00001ac2 g     F .text	000002a8 _printf_i
20000090  w      .highcode	00000000 UART3_IRQHandler
20000a4c g     O .bss	00000004 __malloc_sbrk_start
200005c4 g     F .highcode	0000000e FLASH_ROM_END
20000a48 g     O .bss	00000004 __malloc_free_list
0000171e g     F .text	00000298 _vfprintf_r
20000090  w      .highcode	00000000 TMR1_IRQHandler
2000044c g     F .highcode	00000072 SYS_ResetExecute
00001f6c g     F .text	0000000c _close
00000cfc g     F .text	00000014 TMR0_TimerInit
00000d10 g     F .text	00000030 UART1_BaudRateCfg



Disassembly of section .init:

00000000 <_sinit>:
_start():
e:/DuRuofu/Project/fr-ble-light/software/ch582/SRC/Startup/startup_CH583.S:17

	.section	.init,"ax",@progbits
	.global	_start
	.align	1
_start:
	j	handle_reset
   0:	1dd0006f          	j	9dc <handle_reset>

Disassembly of section .highcode:

20000000 <_highcode_vma_start>:
	...
_vector_base():
20000008:	0090                	addi	a2,sp,64
2000000a:	2000                	fld	fs0,0(s0)
2000000c:	04be                	slli	s1,s1,0xf
2000000e:	2000                	fld	fs0,0(s0)
20000010:	bda9                	j	1ffffe6a <_data_lma+0x1fffddee>
20000012:	f3f9                	bnez	a5,1fffffd8 <_data_lma+0x1fffdf5c>
20000014:	0090                	addi	a2,sp,64
20000016:	2000                	fld	fs0,0(s0)
	...
20000020:	0090                	addi	a2,sp,64
20000022:	2000                	fld	fs0,0(s0)
20000024:	0090                	addi	a2,sp,64
20000026:	2000                	fld	fs0,0(s0)
	...
20000030:	0090                	addi	a2,sp,64
20000032:	2000                	fld	fs0,0(s0)
20000034:	0000                	unimp
20000036:	0000                	unimp
20000038:	0090                	addi	a2,sp,64
2000003a:	2000                	fld	fs0,0(s0)
2000003c:	0000                	unimp
2000003e:	0000                	unimp
20000040:	0092                	slli	ra,ra,0x4
20000042:	2000                	fld	fs0,0(s0)
20000044:	0090                	addi	a2,sp,64
20000046:	2000                	fld	fs0,0(s0)
20000048:	0090                	addi	a2,sp,64
2000004a:	2000                	fld	fs0,0(s0)
2000004c:	0090                	addi	a2,sp,64
2000004e:	2000                	fld	fs0,0(s0)
20000050:	0090                	addi	a2,sp,64
20000052:	2000                	fld	fs0,0(s0)
20000054:	0090                	addi	a2,sp,64
20000056:	2000                	fld	fs0,0(s0)
20000058:	0090                	addi	a2,sp,64
2000005a:	2000                	fld	fs0,0(s0)
2000005c:	0090                	addi	a2,sp,64
2000005e:	2000                	fld	fs0,0(s0)
20000060:	0090                	addi	a2,sp,64
20000062:	2000                	fld	fs0,0(s0)
20000064:	0090                	addi	a2,sp,64
20000066:	2000                	fld	fs0,0(s0)
20000068:	0090                	addi	a2,sp,64
2000006a:	2000                	fld	fs0,0(s0)
2000006c:	0090                	addi	a2,sp,64
2000006e:	2000                	fld	fs0,0(s0)
20000070:	0090                	addi	a2,sp,64
20000072:	2000                	fld	fs0,0(s0)
20000074:	0090                	addi	a2,sp,64
20000076:	2000                	fld	fs0,0(s0)
20000078:	0090                	addi	a2,sp,64
2000007a:	2000                	fld	fs0,0(s0)
2000007c:	0090                	addi	a2,sp,64
2000007e:	2000                	fld	fs0,0(s0)
20000080:	0090                	addi	a2,sp,64
20000082:	2000                	fld	fs0,0(s0)
20000084:	0090                	addi	a2,sp,64
20000086:	2000                	fld	fs0,0(s0)
20000088:	0090                	addi	a2,sp,64
2000008a:	2000                	fld	fs0,0(s0)
2000008c:	0090                	addi	a2,sp,64
2000008e:	2000                	fld	fs0,0(s0)

20000090 <ADC_IRQHandler>:
GPIOB_IRQHandler():
e:/DuRuofu/Project/fr-ble-light/software/ch582/SRC/Startup/startup_CH583.S:121
TMR3_IRQHandler:
UART2_IRQHandler:
UART3_IRQHandler:
WDOG_BAT_IRQHandler: 
1:  
	j 1b
20000090:	a001                	j	20000090 <ADC_IRQHandler>

20000092 <TMR0_IRQHandler>:
TMR0_IRQHandler():
e:\DuRuofu\Project\fr-ble-light\software\ch582\05-timer\obj/../src/Main.c:40

__INTERRUPT
__HIGH_CODE
void TMR0_IRQHandler(void)
{
    if (TMR0_GetITFlag(TMR0_3_IT_CYC_END))
20000092:	40002737          	lui	a4,0x40002
20000096:	00674783          	lbu	a5,6(a4) # 40002006 <_eusrstack+0x1fffa006>
2000009a:	8b85                	andi	a5,a5,1
2000009c:	c39d                	beqz	a5,200000c2 <TMR0_IRQHandler+0x30>
e:\DuRuofu\Project\fr-ble-light\software\ch582\05-timer\obj/../src/Main.c:42
    {
        TMR0_ClearITFlag(TMR0_3_IT_CYC_END);
2000009e:	4785                	li	a5,1
200000a0:	00f70323          	sb	a5,6(a4)
e:\DuRuofu\Project\fr-ble-light\software\ch582\05-timer\obj/../src/Main.c:43
        tick++;
200000a4:	80818713          	addi	a4,gp,-2040 # 20000a40 <_edata>
200000a8:	431c                	lw	a5,0(a4)
e:\DuRuofu\Project\fr-ble-light\software\ch582\05-timer\obj/../src/Main.c:44
        PRINT("tick: %d s\n", tick);
200000aa:	e0002517          	auipc	a0,0xe0002
200000ae:	f1250513          	addi	a0,a0,-238 # 1fbc <_read+0x20>
e:\DuRuofu\Project\fr-ble-light\software\ch582\05-timer\obj/../src/Main.c:43
        tick++;
200000b2:	0785                	addi	a5,a5,1
200000b4:	80f1a423          	sw	a5,-2040(gp) # 20000a40 <_edata>
e:\DuRuofu\Project\fr-ble-light\software\ch582\05-timer\obj/../src/Main.c:44
        PRINT("tick: %d s\n", tick);
200000b8:	430c                	lw	a1,0(a4)
200000ba:	e0001097          	auipc	ra,0xe0001
200000be:	cb8080e7          	jalr	-840(ra) # d72 <iprintf>
e:\DuRuofu\Project\fr-ble-light\software\ch582\05-timer\obj/../src/Main.c:46
    }
}
200000c2:	30200073          	mret

200000c6 <SetSysClock>:
sys_safe_access_enable():
e:/DuRuofu/Project/fr-ble-light/software/ch582/SRC/StdPeriphDriver/inc/CH58x_sys.h:182
 * within the valid period. The safe mode will be automatically 
 * terminated after the above validity period is exceeded.
 */
 __attribute__((always_inline)) static inline void sys_safe_access_enable(void)
{
   if(read_csr(0x800)&0x08)
200000c6:	80002773          	csrr	a4,0x800
200000ca:	8b21                	andi	a4,a4,8
200000cc:	80c18793          	addi	a5,gp,-2036 # 20000a44 <IRQ_STA>
200000d0:	cb09                	beqz	a4,200000e2 <SetSysClock+0x1c>
e:/DuRuofu/Project/fr-ble-light/software/ch582/SRC/StdPeriphDriver/inc/CH58x_sys.h:184
   {
       IRQ_STA = read_csr(0x800);
200000d2:	80002773          	csrr	a4,0x800
200000d6:	80e1a623          	sw	a4,-2036(gp) # 20000a44 <IRQ_STA>
e:/DuRuofu/Project/fr-ble-light/software/ch582/SRC/StdPeriphDriver/inc/CH58x_sys.h:185
       write_csr(0x800, (IRQ_STA&(~0x08)));
200000da:	4398                	lw	a4,0(a5)
200000dc:	9b5d                	andi	a4,a4,-9
200000de:	80071073          	csrw	0x800,a4
e:/DuRuofu/Project/fr-ble-light/software/ch582/SRC/StdPeriphDriver/inc/CH58x_sys.h:187
   }
   SAFEOPERATE;
200000e2:	0000100f          	fence.i
e:/DuRuofu/Project/fr-ble-light/software/ch582/SRC/StdPeriphDriver/inc/CH58x_sys.h:188
   R8_SAFE_ACCESS_SIG = SAFE_ACCESS_SIG1;
200000e6:	40001737          	lui	a4,0x40001
200000ea:	05700693          	li	a3,87
200000ee:	04d70023          	sb	a3,64(a4) # 40001040 <_eusrstack+0x1fff9040>
e:/DuRuofu/Project/fr-ble-light/software/ch582/SRC/StdPeriphDriver/inc/CH58x_sys.h:189
   R8_SAFE_ACCESS_SIG = SAFE_ACCESS_SIG2;
200000f2:	fa800693          	li	a3,-88
200000f6:	04d70023          	sb	a3,64(a4)
e:/DuRuofu/Project/fr-ble-light/software/ch582/SRC/StdPeriphDriver/inc/CH58x_sys.h:190
   SAFEOPERATE;
200000fa:	0000100f          	fence.i
SetSysClock():
e:/DuRuofu/Project/fr-ble-light/software/ch582/SRC/StdPeriphDriver/CH58x_sys.c:30
__HIGH_CODE
void SetSysClock(SYS_CLKTypeDef sc)
{
    uint32_t i;
    sys_safe_access_enable();
    R8_PLL_CONFIG &= ~(1 << 5); //
200000fe:	04b74683          	lbu	a3,75(a4)
20000102:	0df6f693          	andi	a3,a3,223
20000106:	04d705a3          	sb	a3,75(a4)
sys_safe_access_disable():
e:/DuRuofu/Project/fr-ble-light/software/ch582/SRC/StdPeriphDriver/inc/CH58x_sys.h:195
}

__attribute__((always_inline)) static inline void sys_safe_access_disable(void)
{
   R8_SAFE_ACCESS_SIG = 0;
2000010a:	04070023          	sb	zero,64(a4)
e:/DuRuofu/Project/fr-ble-light/software/ch582/SRC/StdPeriphDriver/inc/CH58x_sys.h:196
   write_csr(0x800, read_csr(0x800)|(IRQ_STA&0x08));
2000010e:	80002673          	csrr	a2,0x800
20000112:	4394                	lw	a3,0(a5)
20000114:	8aa1                	andi	a3,a3,8
20000116:	8ed1                	or	a3,a3,a2
20000118:	80069073          	csrw	0x800,a3
e:/DuRuofu/Project/fr-ble-light/software/ch582/SRC/StdPeriphDriver/inc/CH58x_sys.h:197
   IRQ_STA = 0;
2000011c:	8001a623          	sw	zero,-2036(gp) # 20000a44 <IRQ_STA>
e:/DuRuofu/Project/fr-ble-light/software/ch582/SRC/StdPeriphDriver/inc/CH58x_sys.h:198
   SAFEOPERATE;
20000120:	0000100f          	fence.i
SetSysClock():
e:/DuRuofu/Project/fr-ble-light/software/ch582/SRC/StdPeriphDriver/CH58x_sys.c:32
    sys_safe_access_disable();
    if(sc & 0x20)
20000124:	02057693          	andi	a3,a0,32
20000128:	18068463          	beqz	a3,200002b0 <SetSysClock+0x1ea>
e:/DuRuofu/Project/fr-ble-light/software/ch582/SRC/StdPeriphDriver/CH58x_sys.c:34
    { // HSE div
        if(!(R8_HFCK_PWR_CTRL & RB_CLK_XT32M_PON))
2000012c:	00a74703          	lbu	a4,10(a4)
20000130:	8b11                	andi	a4,a4,4
20000132:	e725                	bnez	a4,2000019a <SetSysClock+0xd4>
sys_safe_access_enable():
e:/DuRuofu/Project/fr-ble-light/software/ch582/SRC/StdPeriphDriver/inc/CH58x_sys.h:182
   if(read_csr(0x800)&0x08)
20000134:	80002773          	csrr	a4,0x800
20000138:	8b21                	andi	a4,a4,8
2000013a:	cb09                	beqz	a4,2000014c <SetSysClock+0x86>
e:/DuRuofu/Project/fr-ble-light/software/ch582/SRC/StdPeriphDriver/inc/CH58x_sys.h:184
       IRQ_STA = read_csr(0x800);
2000013c:	80002773          	csrr	a4,0x800
20000140:	80e1a623          	sw	a4,-2036(gp) # 20000a44 <IRQ_STA>
e:/DuRuofu/Project/fr-ble-light/software/ch582/SRC/StdPeriphDriver/inc/CH58x_sys.h:185
       write_csr(0x800, (IRQ_STA&(~0x08)));
20000144:	4398                	lw	a4,0(a5)
20000146:	9b5d                	andi	a4,a4,-9
20000148:	80071073          	csrw	0x800,a4
e:/DuRuofu/Project/fr-ble-light/software/ch582/SRC/StdPeriphDriver/inc/CH58x_sys.h:187
   SAFEOPERATE;
2000014c:	0000100f          	fence.i
e:/DuRuofu/Project/fr-ble-light/software/ch582/SRC/StdPeriphDriver/inc/CH58x_sys.h:188
   R8_SAFE_ACCESS_SIG = SAFE_ACCESS_SIG1;
20000150:	40001737          	lui	a4,0x40001
20000154:	05700693          	li	a3,87
20000158:	04d70023          	sb	a3,64(a4) # 40001040 <_eusrstack+0x1fff9040>
e:/DuRuofu/Project/fr-ble-light/software/ch582/SRC/StdPeriphDriver/inc/CH58x_sys.h:189
   R8_SAFE_ACCESS_SIG = SAFE_ACCESS_SIG2;
2000015c:	fa800693          	li	a3,-88
20000160:	04d70023          	sb	a3,64(a4)
e:/DuRuofu/Project/fr-ble-light/software/ch582/SRC/StdPeriphDriver/inc/CH58x_sys.h:190
   SAFEOPERATE;
20000164:	0000100f          	fence.i
SetSysClock():
e:/DuRuofu/Project/fr-ble-light/software/ch582/SRC/StdPeriphDriver/CH58x_sys.c:37
        {
            sys_safe_access_enable();
            R8_HFCK_PWR_CTRL |= RB_CLK_XT32M_PON; // HSE power on
20000168:	00a74683          	lbu	a3,10(a4)
2000016c:	0046e693          	ori	a3,a3,4
20000170:	00d70523          	sb	a3,10(a4)
sys_safe_access_disable():
e:/DuRuofu/Project/fr-ble-light/software/ch582/SRC/StdPeriphDriver/inc/CH58x_sys.h:195
   R8_SAFE_ACCESS_SIG = 0;
20000174:	04070023          	sb	zero,64(a4)
e:/DuRuofu/Project/fr-ble-light/software/ch582/SRC/StdPeriphDriver/inc/CH58x_sys.h:196
   write_csr(0x800, read_csr(0x800)|(IRQ_STA&0x08));
20000178:	800026f3          	csrr	a3,0x800
2000017c:	4398                	lw	a4,0(a5)
2000017e:	8b21                	andi	a4,a4,8
20000180:	8f55                	or	a4,a4,a3
20000182:	80071073          	csrw	0x800,a4
e:/DuRuofu/Project/fr-ble-light/software/ch582/SRC/StdPeriphDriver/inc/CH58x_sys.h:197
   IRQ_STA = 0;
20000186:	8001a623          	sw	zero,-2036(gp) # 20000a44 <IRQ_STA>
e:/DuRuofu/Project/fr-ble-light/software/ch582/SRC/StdPeriphDriver/inc/CH58x_sys.h:198
   SAFEOPERATE;
2000018a:	0000100f          	fence.i
2000018e:	4b000713          	li	a4,1200
SetSysClock():
e:/DuRuofu/Project/fr-ble-light/software/ch582/SRC/StdPeriphDriver/CH58x_sys.c:41 (discriminator 3)
            sys_safe_access_disable();
            for(i = 0; i < 1200; i++)
            {
                __nop();
20000192:	0001                	nop
e:/DuRuofu/Project/fr-ble-light/software/ch582/SRC/StdPeriphDriver/CH58x_sys.c:42 (discriminator 3)
                __nop();
20000194:	0001                	nop
20000196:	177d                	addi	a4,a4,-1
e:/DuRuofu/Project/fr-ble-light/software/ch582/SRC/StdPeriphDriver/CH58x_sys.c:39 (discriminator 3)
            for(i = 0; i < 1200; i++)
20000198:	ff6d                	bnez	a4,20000192 <SetSysClock+0xcc>
sys_safe_access_enable():
e:/DuRuofu/Project/fr-ble-light/software/ch582/SRC/StdPeriphDriver/inc/CH58x_sys.h:182
   if(read_csr(0x800)&0x08)
2000019a:	80002773          	csrr	a4,0x800
2000019e:	8b21                	andi	a4,a4,8
200001a0:	cb09                	beqz	a4,200001b2 <SetSysClock+0xec>
e:/DuRuofu/Project/fr-ble-light/software/ch582/SRC/StdPeriphDriver/inc/CH58x_sys.h:184
       IRQ_STA = read_csr(0x800);
200001a2:	80002773          	csrr	a4,0x800
200001a6:	80e1a623          	sw	a4,-2036(gp) # 20000a44 <IRQ_STA>
e:/DuRuofu/Project/fr-ble-light/software/ch582/SRC/StdPeriphDriver/inc/CH58x_sys.h:185
       write_csr(0x800, (IRQ_STA&(~0x08)));
200001aa:	4398                	lw	a4,0(a5)
200001ac:	9b5d                	andi	a4,a4,-9
200001ae:	80071073          	csrw	0x800,a4
e:/DuRuofu/Project/fr-ble-light/software/ch582/SRC/StdPeriphDriver/inc/CH58x_sys.h:187
   SAFEOPERATE;
200001b2:	0000100f          	fence.i
e:/DuRuofu/Project/fr-ble-light/software/ch582/SRC/StdPeriphDriver/inc/CH58x_sys.h:188
   R8_SAFE_ACCESS_SIG = SAFE_ACCESS_SIG1;
200001b6:	40001737          	lui	a4,0x40001
200001ba:	05700693          	li	a3,87
200001be:	04d70023          	sb	a3,64(a4) # 40001040 <_eusrstack+0x1fff9040>
e:/DuRuofu/Project/fr-ble-light/software/ch582/SRC/StdPeriphDriver/inc/CH58x_sys.h:189
   R8_SAFE_ACCESS_SIG = SAFE_ACCESS_SIG2;
200001c2:	fa800693          	li	a3,-88
200001c6:	04d70023          	sb	a3,64(a4)
e:/DuRuofu/Project/fr-ble-light/software/ch582/SRC/StdPeriphDriver/inc/CH58x_sys.h:190
   SAFEOPERATE;
200001ca:	0000100f          	fence.i
SetSysClock():
e:/DuRuofu/Project/fr-ble-light/software/ch582/SRC/StdPeriphDriver/CH58x_sys.c:47
            }
        }

        sys_safe_access_enable();
        R16_CLK_SYS_CFG = (0 << 6) | (sc & 0x1f);
200001ce:	897d                	andi	a0,a0,31
200001d0:	00a71423          	sh	a0,8(a4)
e:/DuRuofu/Project/fr-ble-light/software/ch582/SRC/StdPeriphDriver/CH58x_sys.c:48
        __nop();
200001d4:	0001                	nop
e:/DuRuofu/Project/fr-ble-light/software/ch582/SRC/StdPeriphDriver/CH58x_sys.c:49
        __nop();
200001d6:	0001                	nop
e:/DuRuofu/Project/fr-ble-light/software/ch582/SRC/StdPeriphDriver/CH58x_sys.c:50
        __nop();
200001d8:	0001                	nop
e:/DuRuofu/Project/fr-ble-light/software/ch582/SRC/StdPeriphDriver/CH58x_sys.c:51
        __nop();
200001da:	0001                	nop
sys_safe_access_disable():
e:/DuRuofu/Project/fr-ble-light/software/ch582/SRC/StdPeriphDriver/inc/CH58x_sys.h:195
   R8_SAFE_ACCESS_SIG = 0;
200001dc:	04070023          	sb	zero,64(a4)
e:/DuRuofu/Project/fr-ble-light/software/ch582/SRC/StdPeriphDriver/inc/CH58x_sys.h:196
   write_csr(0x800, read_csr(0x800)|(IRQ_STA&0x08));
200001e0:	800026f3          	csrr	a3,0x800
200001e4:	4398                	lw	a4,0(a5)
200001e6:	8b21                	andi	a4,a4,8
200001e8:	8f55                	or	a4,a4,a3
200001ea:	80071073          	csrw	0x800,a4
e:/DuRuofu/Project/fr-ble-light/software/ch582/SRC/StdPeriphDriver/inc/CH58x_sys.h:197
   IRQ_STA = 0;
200001ee:	8001a623          	sw	zero,-2036(gp) # 20000a44 <IRQ_STA>
e:/DuRuofu/Project/fr-ble-light/software/ch582/SRC/StdPeriphDriver/inc/CH58x_sys.h:198
   SAFEOPERATE;
200001f2:	0000100f          	fence.i
sys_safe_access_enable():
e:/DuRuofu/Project/fr-ble-light/software/ch582/SRC/StdPeriphDriver/inc/CH58x_sys.h:182
   if(read_csr(0x800)&0x08)
200001f6:	80002773          	csrr	a4,0x800
200001fa:	8b21                	andi	a4,a4,8
200001fc:	cb09                	beqz	a4,2000020e <SetSysClock+0x148>
e:/DuRuofu/Project/fr-ble-light/software/ch582/SRC/StdPeriphDriver/inc/CH58x_sys.h:184
       IRQ_STA = read_csr(0x800);
200001fe:	80002773          	csrr	a4,0x800
20000202:	80e1a623          	sw	a4,-2036(gp) # 20000a44 <IRQ_STA>
e:/DuRuofu/Project/fr-ble-light/software/ch582/SRC/StdPeriphDriver/inc/CH58x_sys.h:185
       write_csr(0x800, (IRQ_STA&(~0x08)));
20000206:	4398                	lw	a4,0(a5)
20000208:	9b5d                	andi	a4,a4,-9
2000020a:	80071073          	csrw	0x800,a4
e:/DuRuofu/Project/fr-ble-light/software/ch582/SRC/StdPeriphDriver/inc/CH58x_sys.h:187
   SAFEOPERATE;
2000020e:	0000100f          	fence.i
e:/DuRuofu/Project/fr-ble-light/software/ch582/SRC/StdPeriphDriver/inc/CH58x_sys.h:188
   R8_SAFE_ACCESS_SIG = SAFE_ACCESS_SIG1;
20000212:	40001737          	lui	a4,0x40001
20000216:	05700693          	li	a3,87
2000021a:	04d70023          	sb	a3,64(a4) # 40001040 <_eusrstack+0x1fff9040>
e:/DuRuofu/Project/fr-ble-light/software/ch582/SRC/StdPeriphDriver/inc/CH58x_sys.h:189
   R8_SAFE_ACCESS_SIG = SAFE_ACCESS_SIG2;
2000021e:	fa800693          	li	a3,-88
20000222:	04d70023          	sb	a3,64(a4)
e:/DuRuofu/Project/fr-ble-light/software/ch582/SRC/StdPeriphDriver/inc/CH58x_sys.h:190
   SAFEOPERATE;
20000226:	0000100f          	fence.i
SetSysClock():
e:/DuRuofu/Project/fr-ble-light/software/ch582/SRC/StdPeriphDriver/CH58x_sys.c:54
        sys_safe_access_disable();
        sys_safe_access_enable();
        SAFEOPERATE;
2000022a:	0000100f          	fence.i
e:/DuRuofu/Project/fr-ble-light/software/ch582/SRC/StdPeriphDriver/CH58x_sys.c:55
        R8_FLASH_CFG = 0X51;
2000022e:	400026b7          	lui	a3,0x40002
20000232:	05100613          	li	a2,81
e:/DuRuofu/Project/fr-ble-light/software/ch582/SRC/StdPeriphDriver/CH58x_sys.c:88
            sys_safe_access_disable();
        }
        else
        {
            sys_safe_access_enable();
            R8_FLASH_CFG = 0X52;
20000236:	80c683a3          	sb	a2,-2041(a3) # 40001807 <_eusrstack+0x1fff9807>
sys_safe_access_disable():
e:/DuRuofu/Project/fr-ble-light/software/ch582/SRC/StdPeriphDriver/inc/CH58x_sys.h:195
   R8_SAFE_ACCESS_SIG = 0;
2000023a:	04070023          	sb	zero,64(a4)
e:/DuRuofu/Project/fr-ble-light/software/ch582/SRC/StdPeriphDriver/inc/CH58x_sys.h:196
   write_csr(0x800, read_csr(0x800)|(IRQ_STA&0x08));
2000023e:	800026f3          	csrr	a3,0x800
20000242:	4398                	lw	a4,0(a5)
20000244:	8b21                	andi	a4,a4,8
20000246:	8f55                	or	a4,a4,a3
20000248:	80071073          	csrw	0x800,a4
e:/DuRuofu/Project/fr-ble-light/software/ch582/SRC/StdPeriphDriver/inc/CH58x_sys.h:197
   IRQ_STA = 0;
2000024c:	8001a623          	sw	zero,-2036(gp) # 20000a44 <IRQ_STA>
e:/DuRuofu/Project/fr-ble-light/software/ch582/SRC/StdPeriphDriver/inc/CH58x_sys.h:198
   SAFEOPERATE;
20000250:	0000100f          	fence.i
sys_safe_access_enable():
e:/DuRuofu/Project/fr-ble-light/software/ch582/SRC/StdPeriphDriver/inc/CH58x_sys.h:182
   if(read_csr(0x800)&0x08)
20000254:	80002773          	csrr	a4,0x800
20000258:	8b21                	andi	a4,a4,8
2000025a:	cb09                	beqz	a4,2000026c <SetSysClock+0x1a6>
e:/DuRuofu/Project/fr-ble-light/software/ch582/SRC/StdPeriphDriver/inc/CH58x_sys.h:184
       IRQ_STA = read_csr(0x800);
2000025c:	80002773          	csrr	a4,0x800
20000260:	80e1a623          	sw	a4,-2036(gp) # 20000a44 <IRQ_STA>
e:/DuRuofu/Project/fr-ble-light/software/ch582/SRC/StdPeriphDriver/inc/CH58x_sys.h:185
       write_csr(0x800, (IRQ_STA&(~0x08)));
20000264:	4398                	lw	a4,0(a5)
20000266:	9b5d                	andi	a4,a4,-9
20000268:	80071073          	csrw	0x800,a4
e:/DuRuofu/Project/fr-ble-light/software/ch582/SRC/StdPeriphDriver/inc/CH58x_sys.h:187
   SAFEOPERATE;
2000026c:	0000100f          	fence.i
e:/DuRuofu/Project/fr-ble-light/software/ch582/SRC/StdPeriphDriver/inc/CH58x_sys.h:188
   R8_SAFE_ACCESS_SIG = SAFE_ACCESS_SIG1;
20000270:	40001737          	lui	a4,0x40001
20000274:	05700693          	li	a3,87
20000278:	04d70023          	sb	a3,64(a4) # 40001040 <_eusrstack+0x1fff9040>
e:/DuRuofu/Project/fr-ble-light/software/ch582/SRC/StdPeriphDriver/inc/CH58x_sys.h:189
   R8_SAFE_ACCESS_SIG = SAFE_ACCESS_SIG2;
2000027c:	fa800693          	li	a3,-88
20000280:	04d70023          	sb	a3,64(a4)
e:/DuRuofu/Project/fr-ble-light/software/ch582/SRC/StdPeriphDriver/inc/CH58x_sys.h:190
   SAFEOPERATE;
20000284:	0000100f          	fence.i
SetSysClock():
e:/DuRuofu/Project/fr-ble-light/software/ch582/SRC/StdPeriphDriver/CH58x_sys.c:100
        R16_CLK_SYS_CFG |= RB_CLK_SYS_MOD;
        sys_safe_access_disable();
    }
    //¸ü¸ÄFLASH clkµÄÇý¶¯ÄÜÁ¦
    sys_safe_access_enable();
    R8_PLL_CONFIG |= 1 << 7;
20000288:	04b74683          	lbu	a3,75(a4)
2000028c:	0806e693          	ori	a3,a3,128
20000290:	04d705a3          	sb	a3,75(a4)
sys_safe_access_disable():
e:/DuRuofu/Project/fr-ble-light/software/ch582/SRC/StdPeriphDriver/inc/CH58x_sys.h:195
   R8_SAFE_ACCESS_SIG = 0;
20000294:	04070023          	sb	zero,64(a4)
e:/DuRuofu/Project/fr-ble-light/software/ch582/SRC/StdPeriphDriver/inc/CH58x_sys.h:196
   write_csr(0x800, read_csr(0x800)|(IRQ_STA&0x08));
20000298:	80002773          	csrr	a4,0x800
2000029c:	439c                	lw	a5,0(a5)
2000029e:	8ba1                	andi	a5,a5,8
200002a0:	8fd9                	or	a5,a5,a4
200002a2:	80079073          	csrw	0x800,a5
e:/DuRuofu/Project/fr-ble-light/software/ch582/SRC/StdPeriphDriver/inc/CH58x_sys.h:197
   IRQ_STA = 0;
200002a6:	8001a623          	sw	zero,-2036(gp) # 20000a44 <IRQ_STA>
e:/DuRuofu/Project/fr-ble-light/software/ch582/SRC/StdPeriphDriver/inc/CH58x_sys.h:198
   SAFEOPERATE;
200002aa:	0000100f          	fence.i
SetSysClock():
e:/DuRuofu/Project/fr-ble-light/software/ch582/SRC/StdPeriphDriver/CH58x_sys.c:102
    sys_safe_access_disable();
}
200002ae:	8082                	ret
e:/DuRuofu/Project/fr-ble-light/software/ch582/SRC/StdPeriphDriver/CH58x_sys.c:59
    else if(sc & 0x40)
200002b0:	04057693          	andi	a3,a0,64
200002b4:	14068b63          	beqz	a3,2000040a <SetSysClock+0x344>
e:/DuRuofu/Project/fr-ble-light/software/ch582/SRC/StdPeriphDriver/CH58x_sys.c:61
        if(!(R8_HFCK_PWR_CTRL & RB_CLK_PLL_PON))
200002b8:	00a74703          	lbu	a4,10(a4)
200002bc:	8b41                	andi	a4,a4,16
200002be:	e725                	bnez	a4,20000326 <SetSysClock+0x260>
sys_safe_access_enable():
e:/DuRuofu/Project/fr-ble-light/software/ch582/SRC/StdPeriphDriver/inc/CH58x_sys.h:182
   if(read_csr(0x800)&0x08)
200002c0:	80002773          	csrr	a4,0x800
200002c4:	8b21                	andi	a4,a4,8
200002c6:	cb09                	beqz	a4,200002d8 <SetSysClock+0x212>
e:/DuRuofu/Project/fr-ble-light/software/ch582/SRC/StdPeriphDriver/inc/CH58x_sys.h:184
       IRQ_STA = read_csr(0x800);
200002c8:	80002773          	csrr	a4,0x800
200002cc:	80e1a623          	sw	a4,-2036(gp) # 20000a44 <IRQ_STA>
e:/DuRuofu/Project/fr-ble-light/software/ch582/SRC/StdPeriphDriver/inc/CH58x_sys.h:185
       write_csr(0x800, (IRQ_STA&(~0x08)));
200002d0:	4398                	lw	a4,0(a5)
200002d2:	9b5d                	andi	a4,a4,-9
200002d4:	80071073          	csrw	0x800,a4
e:/DuRuofu/Project/fr-ble-light/software/ch582/SRC/StdPeriphDriver/inc/CH58x_sys.h:187
   SAFEOPERATE;
200002d8:	0000100f          	fence.i
e:/DuRuofu/Project/fr-ble-light/software/ch582/SRC/StdPeriphDriver/inc/CH58x_sys.h:188
   R8_SAFE_ACCESS_SIG = SAFE_ACCESS_SIG1;
200002dc:	40001737          	lui	a4,0x40001
200002e0:	05700693          	li	a3,87
200002e4:	04d70023          	sb	a3,64(a4) # 40001040 <_eusrstack+0x1fff9040>
e:/DuRuofu/Project/fr-ble-light/software/ch582/SRC/StdPeriphDriver/inc/CH58x_sys.h:189
   R8_SAFE_ACCESS_SIG = SAFE_ACCESS_SIG2;
200002e8:	fa800693          	li	a3,-88
200002ec:	04d70023          	sb	a3,64(a4)
e:/DuRuofu/Project/fr-ble-light/software/ch582/SRC/StdPeriphDriver/inc/CH58x_sys.h:190
   SAFEOPERATE;
200002f0:	0000100f          	fence.i
SetSysClock():
e:/DuRuofu/Project/fr-ble-light/software/ch582/SRC/StdPeriphDriver/CH58x_sys.c:64
            R8_HFCK_PWR_CTRL |= RB_CLK_PLL_PON; // PLL power on
200002f4:	00a74683          	lbu	a3,10(a4)
200002f8:	0106e693          	ori	a3,a3,16
200002fc:	00d70523          	sb	a3,10(a4)
sys_safe_access_disable():
e:/DuRuofu/Project/fr-ble-light/software/ch582/SRC/StdPeriphDriver/inc/CH58x_sys.h:195
   R8_SAFE_ACCESS_SIG = 0;
20000300:	04070023          	sb	zero,64(a4)
e:/DuRuofu/Project/fr-ble-light/software/ch582/SRC/StdPeriphDriver/inc/CH58x_sys.h:196
   write_csr(0x800, read_csr(0x800)|(IRQ_STA&0x08));
20000304:	800026f3          	csrr	a3,0x800
20000308:	4398                	lw	a4,0(a5)
2000030a:	8b21                	andi	a4,a4,8
2000030c:	8f55                	or	a4,a4,a3
2000030e:	80071073          	csrw	0x800,a4
e:/DuRuofu/Project/fr-ble-light/software/ch582/SRC/StdPeriphDriver/inc/CH58x_sys.h:197
   IRQ_STA = 0;
20000312:	8001a623          	sw	zero,-2036(gp) # 20000a44 <IRQ_STA>
e:/DuRuofu/Project/fr-ble-light/software/ch582/SRC/StdPeriphDriver/inc/CH58x_sys.h:198
   SAFEOPERATE;
20000316:	0000100f          	fence.i
2000031a:	7d000713          	li	a4,2000
SetSysClock():
e:/DuRuofu/Project/fr-ble-light/software/ch582/SRC/StdPeriphDriver/CH58x_sys.c:68 (discriminator 3)
                __nop();
2000031e:	0001                	nop
e:/DuRuofu/Project/fr-ble-light/software/ch582/SRC/StdPeriphDriver/CH58x_sys.c:69 (discriminator 3)
                __nop();
20000320:	0001                	nop
20000322:	177d                	addi	a4,a4,-1
e:/DuRuofu/Project/fr-ble-light/software/ch582/SRC/StdPeriphDriver/CH58x_sys.c:66 (discriminator 3)
            for(i = 0; i < 2000; i++)
20000324:	ff6d                	bnez	a4,2000031e <SetSysClock+0x258>
sys_safe_access_enable():
e:/DuRuofu/Project/fr-ble-light/software/ch582/SRC/StdPeriphDriver/inc/CH58x_sys.h:182
   if(read_csr(0x800)&0x08)
20000326:	80002773          	csrr	a4,0x800
2000032a:	8b21                	andi	a4,a4,8
2000032c:	cb09                	beqz	a4,2000033e <SetSysClock+0x278>
e:/DuRuofu/Project/fr-ble-light/software/ch582/SRC/StdPeriphDriver/inc/CH58x_sys.h:184
       IRQ_STA = read_csr(0x800);
2000032e:	80002773          	csrr	a4,0x800
20000332:	80e1a623          	sw	a4,-2036(gp) # 20000a44 <IRQ_STA>
e:/DuRuofu/Project/fr-ble-light/software/ch582/SRC/StdPeriphDriver/inc/CH58x_sys.h:185
       write_csr(0x800, (IRQ_STA&(~0x08)));
20000336:	4398                	lw	a4,0(a5)
20000338:	9b5d                	andi	a4,a4,-9
2000033a:	80071073          	csrw	0x800,a4
e:/DuRuofu/Project/fr-ble-light/software/ch582/SRC/StdPeriphDriver/inc/CH58x_sys.h:187
   SAFEOPERATE;
2000033e:	0000100f          	fence.i
e:/DuRuofu/Project/fr-ble-light/software/ch582/SRC/StdPeriphDriver/inc/CH58x_sys.h:188
   R8_SAFE_ACCESS_SIG = SAFE_ACCESS_SIG1;
20000342:	40001737          	lui	a4,0x40001
20000346:	05700693          	li	a3,87
2000034a:	04d70023          	sb	a3,64(a4) # 40001040 <_eusrstack+0x1fff9040>
e:/DuRuofu/Project/fr-ble-light/software/ch582/SRC/StdPeriphDriver/inc/CH58x_sys.h:189
   R8_SAFE_ACCESS_SIG = SAFE_ACCESS_SIG2;
2000034e:	fa800693          	li	a3,-88
20000352:	04d70023          	sb	a3,64(a4)
e:/DuRuofu/Project/fr-ble-light/software/ch582/SRC/StdPeriphDriver/inc/CH58x_sys.h:190
   SAFEOPERATE;
20000356:	0000100f          	fence.i
SetSysClock():
e:/DuRuofu/Project/fr-ble-light/software/ch582/SRC/StdPeriphDriver/CH58x_sys.c:73
        R16_CLK_SYS_CFG = (1 << 6) | (sc & 0x1f);
2000035a:	01f57693          	andi	a3,a0,31
2000035e:	0406e693          	ori	a3,a3,64
20000362:	00d71423          	sh	a3,8(a4)
e:/DuRuofu/Project/fr-ble-light/software/ch582/SRC/StdPeriphDriver/CH58x_sys.c:74
        __nop();
20000366:	0001                	nop
e:/DuRuofu/Project/fr-ble-light/software/ch582/SRC/StdPeriphDriver/CH58x_sys.c:75
        __nop();
20000368:	0001                	nop
e:/DuRuofu/Project/fr-ble-light/software/ch582/SRC/StdPeriphDriver/CH58x_sys.c:76
        __nop();
2000036a:	0001                	nop
e:/DuRuofu/Project/fr-ble-light/software/ch582/SRC/StdPeriphDriver/CH58x_sys.c:77
        __nop();
2000036c:	0001                	nop
sys_safe_access_disable():
e:/DuRuofu/Project/fr-ble-light/software/ch582/SRC/StdPeriphDriver/inc/CH58x_sys.h:195
   R8_SAFE_ACCESS_SIG = 0;
2000036e:	04070023          	sb	zero,64(a4)
e:/DuRuofu/Project/fr-ble-light/software/ch582/SRC/StdPeriphDriver/inc/CH58x_sys.h:196
   write_csr(0x800, read_csr(0x800)|(IRQ_STA&0x08));
20000372:	800026f3          	csrr	a3,0x800
20000376:	4398                	lw	a4,0(a5)
20000378:	8b21                	andi	a4,a4,8
2000037a:	8f55                	or	a4,a4,a3
2000037c:	80071073          	csrw	0x800,a4
e:/DuRuofu/Project/fr-ble-light/software/ch582/SRC/StdPeriphDriver/inc/CH58x_sys.h:197
   IRQ_STA = 0;
20000380:	8001a623          	sw	zero,-2036(gp) # 20000a44 <IRQ_STA>
e:/DuRuofu/Project/fr-ble-light/software/ch582/SRC/StdPeriphDriver/inc/CH58x_sys.h:198
   SAFEOPERATE;
20000384:	0000100f          	fence.i
SetSysClock():
e:/DuRuofu/Project/fr-ble-light/software/ch582/SRC/StdPeriphDriver/CH58x_sys.c:79
        if(sc == CLK_SOURCE_PLL_80MHz)
20000388:	04600713          	li	a4,70
2000038c:	04e51063          	bne	a0,a4,200003cc <SetSysClock+0x306>
sys_safe_access_enable():
e:/DuRuofu/Project/fr-ble-light/software/ch582/SRC/StdPeriphDriver/inc/CH58x_sys.h:182
   if(read_csr(0x800)&0x08)
20000390:	80002773          	csrr	a4,0x800
20000394:	8b21                	andi	a4,a4,8
20000396:	cb09                	beqz	a4,200003a8 <SetSysClock+0x2e2>
e:/DuRuofu/Project/fr-ble-light/software/ch582/SRC/StdPeriphDriver/inc/CH58x_sys.h:184
       IRQ_STA = read_csr(0x800);
20000398:	80002773          	csrr	a4,0x800
2000039c:	80e1a623          	sw	a4,-2036(gp) # 20000a44 <IRQ_STA>
e:/DuRuofu/Project/fr-ble-light/software/ch582/SRC/StdPeriphDriver/inc/CH58x_sys.h:185
       write_csr(0x800, (IRQ_STA&(~0x08)));
200003a0:	4398                	lw	a4,0(a5)
200003a2:	9b5d                	andi	a4,a4,-9
200003a4:	80071073          	csrw	0x800,a4
e:/DuRuofu/Project/fr-ble-light/software/ch582/SRC/StdPeriphDriver/inc/CH58x_sys.h:187
   SAFEOPERATE;
200003a8:	0000100f          	fence.i
e:/DuRuofu/Project/fr-ble-light/software/ch582/SRC/StdPeriphDriver/inc/CH58x_sys.h:188
   R8_SAFE_ACCESS_SIG = SAFE_ACCESS_SIG1;
200003ac:	40001737          	lui	a4,0x40001
200003b0:	05700693          	li	a3,87
200003b4:	04d70023          	sb	a3,64(a4) # 40001040 <_eusrstack+0x1fff9040>
e:/DuRuofu/Project/fr-ble-light/software/ch582/SRC/StdPeriphDriver/inc/CH58x_sys.h:189
   R8_SAFE_ACCESS_SIG = SAFE_ACCESS_SIG2;
200003b8:	fa800693          	li	a3,-88
200003bc:	04d70023          	sb	a3,64(a4)
e:/DuRuofu/Project/fr-ble-light/software/ch582/SRC/StdPeriphDriver/inc/CH58x_sys.h:190
   SAFEOPERATE;
200003c0:	0000100f          	fence.i
SetSysClock():
e:/DuRuofu/Project/fr-ble-light/software/ch582/SRC/StdPeriphDriver/CH58x_sys.c:82
            R8_FLASH_CFG = 0X02;
200003c4:	400026b7          	lui	a3,0x40002
200003c8:	4609                	li	a2,2
200003ca:	b5b5                	j	20000236 <SetSysClock+0x170>
sys_safe_access_enable():
e:/DuRuofu/Project/fr-ble-light/software/ch582/SRC/StdPeriphDriver/inc/CH58x_sys.h:182
   if(read_csr(0x800)&0x08)
200003cc:	80002773          	csrr	a4,0x800
200003d0:	8b21                	andi	a4,a4,8
200003d2:	cb09                	beqz	a4,200003e4 <SetSysClock+0x31e>
e:/DuRuofu/Project/fr-ble-light/software/ch582/SRC/StdPeriphDriver/inc/CH58x_sys.h:184
       IRQ_STA = read_csr(0x800);
200003d4:	80002773          	csrr	a4,0x800
200003d8:	80e1a623          	sw	a4,-2036(gp) # 20000a44 <IRQ_STA>
e:/DuRuofu/Project/fr-ble-light/software/ch582/SRC/StdPeriphDriver/inc/CH58x_sys.h:185
       write_csr(0x800, (IRQ_STA&(~0x08)));
200003dc:	4398                	lw	a4,0(a5)
200003de:	9b5d                	andi	a4,a4,-9
200003e0:	80071073          	csrw	0x800,a4
e:/DuRuofu/Project/fr-ble-light/software/ch582/SRC/StdPeriphDriver/inc/CH58x_sys.h:187
   SAFEOPERATE;
200003e4:	0000100f          	fence.i
e:/DuRuofu/Project/fr-ble-light/software/ch582/SRC/StdPeriphDriver/inc/CH58x_sys.h:188
   R8_SAFE_ACCESS_SIG = SAFE_ACCESS_SIG1;
200003e8:	40001737          	lui	a4,0x40001
200003ec:	05700693          	li	a3,87
200003f0:	04d70023          	sb	a3,64(a4) # 40001040 <_eusrstack+0x1fff9040>
e:/DuRuofu/Project/fr-ble-light/software/ch582/SRC/StdPeriphDriver/inc/CH58x_sys.h:189
   R8_SAFE_ACCESS_SIG = SAFE_ACCESS_SIG2;
200003f4:	fa800693          	li	a3,-88
200003f8:	04d70023          	sb	a3,64(a4)
e:/DuRuofu/Project/fr-ble-light/software/ch582/SRC/StdPeriphDriver/inc/CH58x_sys.h:190
   SAFEOPERATE;
200003fc:	0000100f          	fence.i
SetSysClock():
e:/DuRuofu/Project/fr-ble-light/software/ch582/SRC/StdPeriphDriver/CH58x_sys.c:88
            R8_FLASH_CFG = 0X52;
20000400:	400026b7          	lui	a3,0x40002
20000404:	05200613          	li	a2,82
20000408:	b53d                	j	20000236 <SetSysClock+0x170>
sys_safe_access_enable():
e:/DuRuofu/Project/fr-ble-light/software/ch582/SRC/StdPeriphDriver/inc/CH58x_sys.h:182
   if(read_csr(0x800)&0x08)
2000040a:	80002773          	csrr	a4,0x800
2000040e:	8b21                	andi	a4,a4,8
20000410:	cb09                	beqz	a4,20000422 <SetSysClock+0x35c>
e:/DuRuofu/Project/fr-ble-light/software/ch582/SRC/StdPeriphDriver/inc/CH58x_sys.h:184
       IRQ_STA = read_csr(0x800);
20000412:	80002773          	csrr	a4,0x800
20000416:	80e1a623          	sw	a4,-2036(gp) # 20000a44 <IRQ_STA>
e:/DuRuofu/Project/fr-ble-light/software/ch582/SRC/StdPeriphDriver/inc/CH58x_sys.h:185
       write_csr(0x800, (IRQ_STA&(~0x08)));
2000041a:	4398                	lw	a4,0(a5)
2000041c:	9b5d                	andi	a4,a4,-9
2000041e:	80071073          	csrw	0x800,a4
e:/DuRuofu/Project/fr-ble-light/software/ch582/SRC/StdPeriphDriver/inc/CH58x_sys.h:187
   SAFEOPERATE;
20000422:	0000100f          	fence.i
e:/DuRuofu/Project/fr-ble-light/software/ch582/SRC/StdPeriphDriver/inc/CH58x_sys.h:188
   R8_SAFE_ACCESS_SIG = SAFE_ACCESS_SIG1;
20000426:	40001737          	lui	a4,0x40001
2000042a:	05700693          	li	a3,87
2000042e:	04d70023          	sb	a3,64(a4) # 40001040 <_eusrstack+0x1fff9040>
e:/DuRuofu/Project/fr-ble-light/software/ch582/SRC/StdPeriphDriver/inc/CH58x_sys.h:189
   R8_SAFE_ACCESS_SIG = SAFE_ACCESS_SIG2;
20000432:	fa800693          	li	a3,-88
20000436:	04d70023          	sb	a3,64(a4)
e:/DuRuofu/Project/fr-ble-light/software/ch582/SRC/StdPeriphDriver/inc/CH58x_sys.h:190
   SAFEOPERATE;
2000043a:	0000100f          	fence.i
SetSysClock():
e:/DuRuofu/Project/fr-ble-light/software/ch582/SRC/StdPeriphDriver/CH58x_sys.c:95
        R16_CLK_SYS_CFG |= RB_CLK_SYS_MOD;
2000043e:	00875683          	lhu	a3,8(a4)
20000442:	0c06e693          	ori	a3,a3,192
20000446:	00d71423          	sh	a3,8(a4)
2000044a:	bbc5                	j	2000023a <SetSysClock+0x174>

2000044c <SYS_ResetExecute>:
SYS_ResetExecute():
e:/DuRuofu/Project/fr-ble-light/software/ch582/SRC/StdPeriphDriver/CH58x_sys.c:164
 *
 * @return  none
 */
__HIGH_CODE
void SYS_ResetExecute(void)
{
2000044c:	1141                	addi	sp,sp,-16
e:/DuRuofu/Project/fr-ble-light/software/ch582/SRC/StdPeriphDriver/CH58x_sys.c:165
    FLASH_ROM_SW_RESET();
2000044e:	4681                	li	a3,0
20000450:	4601                	li	a2,0
20000452:	4581                	li	a1,0
20000454:	4511                	li	a0,4
e:/DuRuofu/Project/fr-ble-light/software/ch582/SRC/StdPeriphDriver/CH58x_sys.c:164
{
20000456:	c606                	sw	ra,12(sp)
e:/DuRuofu/Project/fr-ble-light/software/ch582/SRC/StdPeriphDriver/CH58x_sys.c:165
    FLASH_ROM_SW_RESET();
20000458:	2c19                	jal	2000066e <FLASH_EEPROM_CMD>
sys_safe_access_enable():
e:/DuRuofu/Project/fr-ble-light/software/ch582/SRC/StdPeriphDriver/inc/CH58x_sys.h:182
   if(read_csr(0x800)&0x08)
2000045a:	800027f3          	csrr	a5,0x800
2000045e:	8ba1                	andi	a5,a5,8
20000460:	80c18693          	addi	a3,gp,-2036 # 20000a44 <IRQ_STA>
20000464:	cb89                	beqz	a5,20000476 <SYS_ResetExecute+0x2a>
e:/DuRuofu/Project/fr-ble-light/software/ch582/SRC/StdPeriphDriver/inc/CH58x_sys.h:184
       IRQ_STA = read_csr(0x800);
20000466:	800027f3          	csrr	a5,0x800
2000046a:	80f1a623          	sw	a5,-2036(gp) # 20000a44 <IRQ_STA>
e:/DuRuofu/Project/fr-ble-light/software/ch582/SRC/StdPeriphDriver/inc/CH58x_sys.h:185
       write_csr(0x800, (IRQ_STA&(~0x08)));
2000046e:	429c                	lw	a5,0(a3)
20000470:	9bdd                	andi	a5,a5,-9
20000472:	80079073          	csrw	0x800,a5
e:/DuRuofu/Project/fr-ble-light/software/ch582/SRC/StdPeriphDriver/inc/CH58x_sys.h:187
   SAFEOPERATE;
20000476:	0000100f          	fence.i
e:/DuRuofu/Project/fr-ble-light/software/ch582/SRC/StdPeriphDriver/inc/CH58x_sys.h:188
   R8_SAFE_ACCESS_SIG = SAFE_ACCESS_SIG1;
2000047a:	400017b7          	lui	a5,0x40001
2000047e:	05700713          	li	a4,87
20000482:	04e78023          	sb	a4,64(a5) # 40001040 <_eusrstack+0x1fff9040>
e:/DuRuofu/Project/fr-ble-light/software/ch582/SRC/StdPeriphDriver/inc/CH58x_sys.h:189
   R8_SAFE_ACCESS_SIG = SAFE_ACCESS_SIG2;
20000486:	fa800713          	li	a4,-88
2000048a:	04e78023          	sb	a4,64(a5)
e:/DuRuofu/Project/fr-ble-light/software/ch582/SRC/StdPeriphDriver/inc/CH58x_sys.h:190
   SAFEOPERATE;
2000048e:	0000100f          	fence.i
SYS_ResetExecute():
e:/DuRuofu/Project/fr-ble-light/software/ch582/SRC/StdPeriphDriver/CH58x_sys.c:167
    sys_safe_access_enable();
    R8_RST_WDOG_CTRL |= RB_SOFTWARE_RESET;
20000492:	0467c703          	lbu	a4,70(a5)
20000496:	00176713          	ori	a4,a4,1
2000049a:	04e78323          	sb	a4,70(a5)
sys_safe_access_disable():
e:/DuRuofu/Project/fr-ble-light/software/ch582/SRC/StdPeriphDriver/inc/CH58x_sys.h:195
   R8_SAFE_ACCESS_SIG = 0;
2000049e:	04078023          	sb	zero,64(a5)
e:/DuRuofu/Project/fr-ble-light/software/ch582/SRC/StdPeriphDriver/inc/CH58x_sys.h:196
   write_csr(0x800, read_csr(0x800)|(IRQ_STA&0x08));
200004a2:	80002773          	csrr	a4,0x800
200004a6:	429c                	lw	a5,0(a3)
200004a8:	8ba1                	andi	a5,a5,8
200004aa:	8fd9                	or	a5,a5,a4
200004ac:	80079073          	csrw	0x800,a5
e:/DuRuofu/Project/fr-ble-light/software/ch582/SRC/StdPeriphDriver/inc/CH58x_sys.h:197
   IRQ_STA = 0;
200004b0:	8001a623          	sw	zero,-2036(gp) # 20000a44 <IRQ_STA>
e:/DuRuofu/Project/fr-ble-light/software/ch582/SRC/StdPeriphDriver/inc/CH58x_sys.h:198
   SAFEOPERATE;
200004b4:	0000100f          	fence.i
SYS_ResetExecute():
e:/DuRuofu/Project/fr-ble-light/software/ch582/SRC/StdPeriphDriver/CH58x_sys.c:169
    sys_safe_access_disable();
}
200004b8:	40b2                	lw	ra,12(sp)
200004ba:	0141                	addi	sp,sp,16
200004bc:	8082                	ret

200004be <HardFault_Handler>:
HardFault_Handler():
e:/DuRuofu/Project/fr-ble-light/software/ch582/SRC/StdPeriphDriver/CH58x_sys.c:304
__INTERRUPT
__HIGH_CODE
__attribute__((weak))
void HardFault_Handler(void)
{
    FLASH_ROM_SW_RESET();
200004be:	4681                	li	a3,0
200004c0:	4601                	li	a2,0
200004c2:	4581                	li	a1,0
200004c4:	4511                	li	a0,4
200004c6:	2265                	jal	2000066e <FLASH_EEPROM_CMD>
sys_safe_access_enable():
e:/DuRuofu/Project/fr-ble-light/software/ch582/SRC/StdPeriphDriver/inc/CH58x_sys.h:182
   if(read_csr(0x800)&0x08)
200004c8:	800027f3          	csrr	a5,0x800
200004cc:	8ba1                	andi	a5,a5,8
200004ce:	80c18713          	addi	a4,gp,-2036 # 20000a44 <IRQ_STA>
200004d2:	cb89                	beqz	a5,200004e4 <HardFault_Handler+0x26>
e:/DuRuofu/Project/fr-ble-light/software/ch582/SRC/StdPeriphDriver/inc/CH58x_sys.h:184
       IRQ_STA = read_csr(0x800);
200004d4:	800027f3          	csrr	a5,0x800
200004d8:	80f1a623          	sw	a5,-2036(gp) # 20000a44 <IRQ_STA>
e:/DuRuofu/Project/fr-ble-light/software/ch582/SRC/StdPeriphDriver/inc/CH58x_sys.h:185
       write_csr(0x800, (IRQ_STA&(~0x08)));
200004dc:	431c                	lw	a5,0(a4)
200004de:	9bdd                	andi	a5,a5,-9
200004e0:	80079073          	csrw	0x800,a5
e:/DuRuofu/Project/fr-ble-light/software/ch582/SRC/StdPeriphDriver/inc/CH58x_sys.h:187
   SAFEOPERATE;
200004e4:	0000100f          	fence.i
e:/DuRuofu/Project/fr-ble-light/software/ch582/SRC/StdPeriphDriver/inc/CH58x_sys.h:188
   R8_SAFE_ACCESS_SIG = SAFE_ACCESS_SIG1;
200004e8:	400017b7          	lui	a5,0x40001
200004ec:	05700693          	li	a3,87
200004f0:	04d78023          	sb	a3,64(a5) # 40001040 <_eusrstack+0x1fff9040>
e:/DuRuofu/Project/fr-ble-light/software/ch582/SRC/StdPeriphDriver/inc/CH58x_sys.h:189
   R8_SAFE_ACCESS_SIG = SAFE_ACCESS_SIG2;
200004f4:	fa800693          	li	a3,-88
200004f8:	04d78023          	sb	a3,64(a5)
e:/DuRuofu/Project/fr-ble-light/software/ch582/SRC/StdPeriphDriver/inc/CH58x_sys.h:190
   SAFEOPERATE;
200004fc:	0000100f          	fence.i
HardFault_Handler():
e:/DuRuofu/Project/fr-ble-light/software/ch582/SRC/StdPeriphDriver/CH58x_sys.c:306
    sys_safe_access_enable();
    R16_INT32K_TUNE = 0xFFFF;
20000500:	56fd                	li	a3,-1
20000502:	02d79623          	sh	a3,44(a5)
sys_safe_access_disable():
e:/DuRuofu/Project/fr-ble-light/software/ch582/SRC/StdPeriphDriver/inc/CH58x_sys.h:195
   R8_SAFE_ACCESS_SIG = 0;
20000506:	04078023          	sb	zero,64(a5)
e:/DuRuofu/Project/fr-ble-light/software/ch582/SRC/StdPeriphDriver/inc/CH58x_sys.h:196
   write_csr(0x800, read_csr(0x800)|(IRQ_STA&0x08));
2000050a:	800026f3          	csrr	a3,0x800
2000050e:	431c                	lw	a5,0(a4)
20000510:	8ba1                	andi	a5,a5,8
20000512:	8fd5                	or	a5,a5,a3
20000514:	80079073          	csrw	0x800,a5
e:/DuRuofu/Project/fr-ble-light/software/ch582/SRC/StdPeriphDriver/inc/CH58x_sys.h:197
   IRQ_STA = 0;
20000518:	8001a623          	sw	zero,-2036(gp) # 20000a44 <IRQ_STA>
e:/DuRuofu/Project/fr-ble-light/software/ch582/SRC/StdPeriphDriver/inc/CH58x_sys.h:198
   SAFEOPERATE;
2000051c:	0000100f          	fence.i
sys_safe_access_enable():
e:/DuRuofu/Project/fr-ble-light/software/ch582/SRC/StdPeriphDriver/inc/CH58x_sys.h:182
   if(read_csr(0x800)&0x08)
20000520:	800027f3          	csrr	a5,0x800
20000524:	8ba1                	andi	a5,a5,8
20000526:	cb89                	beqz	a5,20000538 <HardFault_Handler+0x7a>
e:/DuRuofu/Project/fr-ble-light/software/ch582/SRC/StdPeriphDriver/inc/CH58x_sys.h:184
       IRQ_STA = read_csr(0x800);
20000528:	800027f3          	csrr	a5,0x800
2000052c:	80f1a623          	sw	a5,-2036(gp) # 20000a44 <IRQ_STA>
e:/DuRuofu/Project/fr-ble-light/software/ch582/SRC/StdPeriphDriver/inc/CH58x_sys.h:185
       write_csr(0x800, (IRQ_STA&(~0x08)));
20000530:	431c                	lw	a5,0(a4)
20000532:	9bdd                	andi	a5,a5,-9
20000534:	80079073          	csrw	0x800,a5
e:/DuRuofu/Project/fr-ble-light/software/ch582/SRC/StdPeriphDriver/inc/CH58x_sys.h:187
   SAFEOPERATE;
20000538:	0000100f          	fence.i
e:/DuRuofu/Project/fr-ble-light/software/ch582/SRC/StdPeriphDriver/inc/CH58x_sys.h:188
   R8_SAFE_ACCESS_SIG = SAFE_ACCESS_SIG1;
2000053c:	400017b7          	lui	a5,0x40001
20000540:	05700693          	li	a3,87
20000544:	04d78023          	sb	a3,64(a5) # 40001040 <_eusrstack+0x1fff9040>
e:/DuRuofu/Project/fr-ble-light/software/ch582/SRC/StdPeriphDriver/inc/CH58x_sys.h:189
   R8_SAFE_ACCESS_SIG = SAFE_ACCESS_SIG2;
20000548:	fa800693          	li	a3,-88
2000054c:	04d78023          	sb	a3,64(a5)
e:/DuRuofu/Project/fr-ble-light/software/ch582/SRC/StdPeriphDriver/inc/CH58x_sys.h:190
   SAFEOPERATE;
20000550:	0000100f          	fence.i
HardFault_Handler():
e:/DuRuofu/Project/fr-ble-light/software/ch582/SRC/StdPeriphDriver/CH58x_sys.c:309
	sys_safe_access_disable();
    sys_safe_access_enable();
    R8_RST_WDOG_CTRL |= RB_SOFTWARE_RESET;
20000554:	0467c683          	lbu	a3,70(a5)
20000558:	0016e693          	ori	a3,a3,1
2000055c:	04d78323          	sb	a3,70(a5)
sys_safe_access_disable():
e:/DuRuofu/Project/fr-ble-light/software/ch582/SRC/StdPeriphDriver/inc/CH58x_sys.h:195
   R8_SAFE_ACCESS_SIG = 0;
20000560:	04078023          	sb	zero,64(a5)
e:/DuRuofu/Project/fr-ble-light/software/ch582/SRC/StdPeriphDriver/inc/CH58x_sys.h:196
   write_csr(0x800, read_csr(0x800)|(IRQ_STA&0x08));
20000564:	800026f3          	csrr	a3,0x800
20000568:	431c                	lw	a5,0(a4)
2000056a:	8ba1                	andi	a5,a5,8
2000056c:	8fd5                	or	a5,a5,a3
2000056e:	80079073          	csrw	0x800,a5
e:/DuRuofu/Project/fr-ble-light/software/ch582/SRC/StdPeriphDriver/inc/CH58x_sys.h:197
   IRQ_STA = 0;
20000572:	8001a623          	sw	zero,-2036(gp) # 20000a44 <IRQ_STA>
e:/DuRuofu/Project/fr-ble-light/software/ch582/SRC/StdPeriphDriver/inc/CH58x_sys.h:198
   SAFEOPERATE;
20000576:	0000100f          	fence.i
HardFault_Handler():
e:/DuRuofu/Project/fr-ble-light/software/ch582/SRC/StdPeriphDriver/CH58x_sys.c:311 (discriminator 1)
    sys_safe_access_disable();
    while(1);
2000057a:	a001                	j	2000057a <HardFault_Handler+0xbc>

2000057c <mDelayuS>:
mDelayuS():
e:/DuRuofu/Project/fr-ble-light/software/ch582/SRC/StdPeriphDriver/CH58x_sys.c:330
{
    uint32_t i;
#if(FREQ_SYS == 80000000)
    i = t * 20;
#elif(FREQ_SYS == 60000000)
    i = t * 15;
2000057c:	47bd                	li	a5,15
2000057e:	02f50533          	mul	a0,a0,a5
e:/DuRuofu/Project/fr-ble-light/software/ch582/SRC/StdPeriphDriver/CH58x_sys.c:354 (discriminator 1)
#else
    i = t << 1;
#endif
    do
    {
        __nop();
20000582:	0001                	nop
e:/DuRuofu/Project/fr-ble-light/software/ch582/SRC/StdPeriphDriver/CH58x_sys.c:355 (discriminator 1)
    } while(--i);
20000584:	157d                	addi	a0,a0,-1
20000586:	fd75                	bnez	a0,20000582 <mDelayuS+0x6>
e:/DuRuofu/Project/fr-ble-light/software/ch582/SRC/StdPeriphDriver/CH58x_sys.c:356
}
20000588:	8082                	ret

2000058a <mDelaymS>:
mDelaymS():
e:/DuRuofu/Project/fr-ble-light/software/ch582/SRC/StdPeriphDriver/CH58x_sys.c:369
 *
 * @return  none
 */
__HIGH_CODE
void mDelaymS(uint16_t t)
{
2000058a:	1141                	addi	sp,sp,-16
2000058c:	c422                	sw	s0,8(sp)
2000058e:	c226                	sw	s1,4(sp)
20000590:	c606                	sw	ra,12(sp)
20000592:	84aa                	mv	s1,a0
e:/DuRuofu/Project/fr-ble-light/software/ch582/SRC/StdPeriphDriver/CH58x_sys.c:372
    uint16_t i;

    for(i = 0; i < t; i++)
20000594:	4401                	li	s0,0
e:/DuRuofu/Project/fr-ble-light/software/ch582/SRC/StdPeriphDriver/CH58x_sys.c:372 (discriminator 1)
20000596:	00941763          	bne	s0,s1,200005a4 <mDelaymS+0x1a>
e:/DuRuofu/Project/fr-ble-light/software/ch582/SRC/StdPeriphDriver/CH58x_sys.c:376
    {
        mDelayuS(1000);
    }
}
2000059a:	40b2                	lw	ra,12(sp)
2000059c:	4422                	lw	s0,8(sp)
2000059e:	4492                	lw	s1,4(sp)
200005a0:	0141                	addi	sp,sp,16
200005a2:	8082                	ret
e:/DuRuofu/Project/fr-ble-light/software/ch582/SRC/StdPeriphDriver/CH58x_sys.c:372 (discriminator 3)
    for(i = 0; i < t; i++)
200005a4:	0405                	addi	s0,s0,1
e:/DuRuofu/Project/fr-ble-light/software/ch582/SRC/StdPeriphDriver/CH58x_sys.c:374 (discriminator 3)
        mDelayuS(1000);
200005a6:	3e800513          	li	a0,1000
e:/DuRuofu/Project/fr-ble-light/software/ch582/SRC/StdPeriphDriver/CH58x_sys.c:372 (discriminator 3)
    for(i = 0; i < t; i++)
200005aa:	0442                	slli	s0,s0,0x10
e:/DuRuofu/Project/fr-ble-light/software/ch582/SRC/StdPeriphDriver/CH58x_sys.c:374 (discriminator 3)
        mDelayuS(1000);
200005ac:	3fc1                	jal	2000057c <mDelayuS>
e:/DuRuofu/Project/fr-ble-light/software/ch582/SRC/StdPeriphDriver/CH58x_sys.c:372 (discriminator 3)
    for(i = 0; i < t; i++)
200005ae:	8041                	srli	s0,s0,0x10
200005b0:	b7dd                	j	20000596 <mDelaymS+0xc>

200005b2 <FLASH_ROM_BEG>:
FLASH_ROM_BEG():
200005b2:	80040323          	sb	zero,-2042(s0)
200005b6:	4715                	li	a4,5
200005b8:	80e40323          	sb	a4,-2042(s0)
200005bc:	0001                	nop
200005be:	80a40223          	sb	a0,-2044(s0)
200005c2:	8082                	ret

200005c4 <FLASH_ROM_END>:
FLASH_ROM_END():
200005c4:	80640783          	lb	a5,-2042(s0)
200005c8:	fe07cee3          	bltz	a5,200005c4 <FLASH_ROM_END>
200005cc:	80040323          	sb	zero,-2042(s0)
200005d0:	8082                	ret

200005d2 <FLASH_ROM_IN>:
FLASH_ROM_IN():
200005d2:	80640783          	lb	a5,-2042(s0)
200005d6:	fe07cee3          	bltz	a5,200005d2 <FLASH_ROM_IN>
200005da:	80444503          	lbu	a0,-2044(s0)
200005de:	8082                	ret

200005e0 <FLASH_ROM_OUT>:
FLASH_ROM_OUT():
200005e0:	80640783          	lb	a5,-2042(s0)
200005e4:	fe07cee3          	bltz	a5,200005e0 <FLASH_ROM_OUT>
200005e8:	80a40223          	sb	a0,-2044(s0)
200005ec:	8082                	ret

200005ee <FLASH_ROM_ADDR>:
FLASH_ROM_ADDR():
200005ee:	1141                	addi	sp,sp,-16
200005f0:	c426                	sw	s1,8(sp)
200005f2:	c24a                	sw	s2,4(sp)
200005f4:	c04e                	sw	s3,0(sp)
200005f6:	c606                	sw	ra,12(sp)
200005f8:	0bf57713          	andi	a4,a0,191
200005fc:	47ad                	li	a5,11
200005fe:	89aa                	mv	s3,a0
20000600:	892e                	mv	s2,a1
20000602:	4495                	li	s1,5
20000604:	00f70663          	beq	a4,a5,20000610 <FLASH_ROM_ADDR+0x22>
20000608:	4519                	li	a0,6
2000060a:	3765                	jal	200005b2 <FLASH_ROM_BEG>
2000060c:	3f65                	jal	200005c4 <FLASH_ROM_END>
2000060e:	448d                	li	s1,3
20000610:	854e                	mv	a0,s3
20000612:	3745                	jal	200005b2 <FLASH_ROM_BEG>
20000614:	59fd                	li	s3,-1
20000616:	14fd                	addi	s1,s1,-1
20000618:	01349863          	bne	s1,s3,20000628 <FLASH_ROM_ADDR+0x3a>
2000061c:	40b2                	lw	ra,12(sp)
2000061e:	44a2                	lw	s1,8(sp)
20000620:	4912                	lw	s2,4(sp)
20000622:	4982                	lw	s3,0(sp)
20000624:	0141                	addi	sp,sp,16
20000626:	8082                	ret
20000628:	01095513          	srli	a0,s2,0x10
2000062c:	0ff57513          	andi	a0,a0,255
20000630:	3f45                	jal	200005e0 <FLASH_ROM_OUT>
20000632:	0922                	slli	s2,s2,0x8
20000634:	b7cd                	j	20000616 <FLASH_ROM_ADDR+0x28>

20000636 <FLASH_ROM_WAIT>:
FLASH_ROM_WAIT():
20000636:	1101                	addi	sp,sp,-32
20000638:	cc26                	sw	s1,24(sp)
2000063a:	ce06                	sw	ra,28(sp)
2000063c:	000804b7          	lui	s1,0x80
20000640:	3751                	jal	200005c4 <FLASH_ROM_END>
20000642:	4515                	li	a0,5
20000644:	37bd                	jal	200005b2 <FLASH_ROM_BEG>
20000646:	3771                	jal	200005d2 <FLASH_ROM_IN>
20000648:	3769                	jal	200005d2 <FLASH_ROM_IN>
2000064a:	c62a                	sw	a0,12(sp)
2000064c:	3fa5                	jal	200005c4 <FLASH_ROM_END>
2000064e:	4532                	lw	a0,12(sp)
20000650:	00157793          	andi	a5,a0,1
20000654:	eb89                	bnez	a5,20000666 <FLASH_ROM_WAIT+0x30>
20000656:	00156513          	ori	a0,a0,1
2000065a:	0ff57513          	andi	a0,a0,255
2000065e:	40f2                	lw	ra,28(sp)
20000660:	44e2                	lw	s1,24(sp)
20000662:	6105                	addi	sp,sp,32
20000664:	8082                	ret
20000666:	14fd                	addi	s1,s1,-1
20000668:	fce9                	bnez	s1,20000642 <FLASH_ROM_WAIT+0xc>
2000066a:	4501                	li	a0,0
2000066c:	bfcd                	j	2000065e <FLASH_ROM_WAIT+0x28>

2000066e <FLASH_EEPROM_CMD>:
FLASH_EEPROM_CMD():
2000066e:	7139                	addi	sp,sp,-64
20000670:	dc26                	sw	s1,56(sp)
20000672:	da4a                	sw	s2,52(sp)
20000674:	d84e                	sw	s3,48(sp)
20000676:	d652                	sw	s4,44(sp)
20000678:	d456                	sw	s5,40(sp)
2000067a:	d25a                	sw	s6,36(sp)
2000067c:	d05e                	sw	s7,32(sp)
2000067e:	de06                	sw	ra,60(sp)
20000680:	ce62                	sw	s8,28(sp)
20000682:	cc66                	sw	s9,24(sp)
20000684:	e000e7b7          	lui	a5,0xe000e
20000688:	577d                	li	a4,-1
2000068a:	0007aa83          	lw	s5,0(a5) # e000e000 <_eusrstack+0xc0006000>
2000068e:	c622                	sw	s0,12(sp)
20000690:	0047aa03          	lw	s4,4(a5)
20000694:	18e7a023          	sw	a4,384(a5)
20000698:	18e7a223          	sw	a4,388(a5)
2000069c:	400017b7          	lui	a5,0x40001
200006a0:	05700713          	li	a4,87
200006a4:	04e78023          	sb	a4,64(a5) # 40001040 <_eusrstack+0x1fff9040>
200006a8:	fa800713          	li	a4,-88
200006ac:	04e78023          	sb	a4,64(a5)
200006b0:	0447c783          	lbu	a5,68(a5)
200006b4:	ff750b93          	addi	s7,a0,-9
200006b8:	84b6                	mv	s1,a3
200006ba:	07e2                	slli	a5,a5,0x18
200006bc:	0ffbfb93          	andi	s7,s7,255
200006c0:	4685                	li	a3,1
200006c2:	89aa                	mv	s3,a0
200006c4:	8b2e                	mv	s6,a1
200006c6:	8932                	mv	s2,a2
200006c8:	40002437          	lui	s0,0x40002
200006cc:	87e1                	srai	a5,a5,0x18
200006ce:	5701                	li	a4,-32
200006d0:	0176fa63          	bgeu	a3,s7,200006e4 <FLASH_EEPROM_CMD+0x76>
200006d4:	00d50863          	beq	a0,a3,200006e4 <FLASH_EEPROM_CMD+0x76>
200006d8:	4689                	li	a3,2
200006da:	02000713          	li	a4,32
200006de:	00d51363          	bne	a0,a3,200006e4 <FLASH_EEPROM_CMD+0x76>
200006e2:	5701                	li	a4,-32
200006e4:	8fd9                	or	a5,a5,a4
200006e6:	0ff7f793          	andi	a5,a5,255
200006ea:	40001cb7          	lui	s9,0x40001
200006ee:	04fc8223          	sb	a5,68(s9) # 40001044 <_eusrstack+0x1fff9044>
200006f2:	4711                	li	a4,4
200006f4:	80e40323          	sb	a4,-2042(s0) # 40001806 <_eusrstack+0x1fff9806>
200006f8:	0ff00513          	li	a0,255
200006fc:	3d5d                	jal	200005b2 <FLASH_ROM_BEG>
200006fe:	4c09                	li	s8,2
20000700:	35d1                	jal	200005c4 <FLASH_ROM_END>
20000702:	117c6d63          	bltu	s8,s7,2000081c <FLASH_EEPROM_CMD+0x1ae>
20000706:	000705b7          	lui	a1,0x70
2000070a:	95da                	add	a1,a1,s6
2000070c:	00078737          	lui	a4,0x78
20000710:	5579                	li	a0,-2
20000712:	04e5f263          	bgeu	a1,a4,20000756 <FLASH_EEPROM_CMD+0xe8>
20000716:	009587b3          	add	a5,a1,s1
2000071a:	02f76e63          	bltu	a4,a5,20000756 <FLASH_EEPROM_CMD+0xe8>
2000071e:	00080b37          	lui	s6,0x80
20000722:	47a9                	li	a5,10
20000724:	0165eb33          	or	s6,a1,s6
20000728:	06f99963          	bne	s3,a5,2000079a <FLASH_EEPROM_CMD+0x12c>
2000072c:	e489                	bnez	s1,20000736 <FLASH_EEPROM_CMD+0xc8>
2000072e:	4481                	li	s1,0
20000730:	3d51                	jal	200005c4 <FLASH_ROM_END>
20000732:	8526                	mv	a0,s1
20000734:	a00d                	j	20000756 <FLASH_EEPROM_CMD+0xe8>
20000736:	85da                	mv	a1,s6
20000738:	4509                	li	a0,2
2000073a:	3d55                	jal	200005ee <FLASH_ROM_ADDR>
2000073c:	0905                	addi	s2,s2,1
2000073e:	fff94503          	lbu	a0,-1(s2)
20000742:	14fd                	addi	s1,s1,-1
20000744:	0b05                	addi	s6,s6,1
20000746:	3d69                	jal	200005e0 <FLASH_ROM_OUT>
20000748:	c481                	beqz	s1,20000750 <FLASH_EEPROM_CMD+0xe2>
2000074a:	0ffb7793          	andi	a5,s6,255
2000074e:	f7fd                	bnez	a5,2000073c <FLASH_EEPROM_CMD+0xce>
20000750:	35dd                	jal	20000636 <FLASH_ROM_WAIT>
20000752:	fd69                	bnez	a0,2000072c <FLASH_EEPROM_CMD+0xbe>
20000754:	557d                	li	a0,-1
20000756:	400017b7          	lui	a5,0x40001
2000075a:	05700713          	li	a4,87
2000075e:	04e78023          	sb	a4,64(a5) # 40001040 <_eusrstack+0x1fff9040>
20000762:	fa800713          	li	a4,-88
20000766:	04e78023          	sb	a4,64(a5)
2000076a:	0447c703          	lbu	a4,68(a5)
2000076e:	8b41                	andi	a4,a4,16
20000770:	04e78223          	sb	a4,68(a5)
20000774:	50f2                	lw	ra,60(sp)
20000776:	e000e7b7          	lui	a5,0xe000e
2000077a:	1157a023          	sw	s5,256(a5) # e000e100 <_eusrstack+0xc0006100>
2000077e:	1147a223          	sw	s4,260(a5)
20000782:	54e2                	lw	s1,56(sp)
20000784:	4432                	lw	s0,12(sp)
20000786:	5952                	lw	s2,52(sp)
20000788:	59c2                	lw	s3,48(sp)
2000078a:	5a32                	lw	s4,44(sp)
2000078c:	5aa2                	lw	s5,40(sp)
2000078e:	5b12                	lw	s6,36(sp)
20000790:	5b82                	lw	s7,32(sp)
20000792:	4c72                	lw	s8,28(sp)
20000794:	4ce2                	lw	s9,24(sp)
20000796:	6121                	addi	sp,sp,64
20000798:	8082                	ret
2000079a:	47a5                	li	a5,9
2000079c:	06f99563          	bne	s3,a5,20000806 <FLASH_EEPROM_CMD+0x198>
200007a0:	6985                	lui	s3,0x1
200007a2:	0ff00913          	li	s2,255
200007a6:	009906b3          	add	a3,s2,s1
200007aa:	012b74b3          	and	s1,s6,s2
200007ae:	94b6                	add	s1,s1,a3
200007b0:	fff94913          	not	s2,s2
200007b4:	009974b3          	and	s1,s2,s1
200007b8:	6b85                	lui	s7,0x1
200007ba:	01697933          	and	s2,s2,s6
200007be:	6b41                	lui	s6,0x10
200007c0:	fff98793          	addi	a5,s3,-1 # fff <__swsetup_r+0xa1>
200007c4:	0127f7b3          	and	a5,a5,s2
200007c8:	e399                	bnez	a5,200007ce <FLASH_EEPROM_CMD+0x160>
200007ca:	0134fc63          	bgeu	s1,s3,200007e2 <FLASH_EEPROM_CMD+0x174>
200007ce:	0049d993          	srli	s3,s3,0x4
200007d2:	47c1                	li	a5,16
200007d4:	ff37e6e3          	bltu	a5,s3,200007c0 <FLASH_EEPROM_CMD+0x152>
200007d8:	bf99                	j	2000072e <FLASH_EEPROM_CMD+0xc0>
200007da:	6905                	lui	s2,0x1
200007dc:	69c1                	lui	s3,0x10
200007de:	197d                	addi	s2,s2,-1
200007e0:	b7d9                	j	200007a6 <FLASH_EEPROM_CMD+0x138>
200007e2:	0d800513          	li	a0,216
200007e6:	01698863          	beq	s3,s6,200007f6 <FLASH_EEPROM_CMD+0x188>
200007ea:	02000513          	li	a0,32
200007ee:	01798463          	beq	s3,s7,200007f6 <FLASH_EEPROM_CMD+0x188>
200007f2:	08100513          	li	a0,129
200007f6:	85ca                	mv	a1,s2
200007f8:	3bdd                	jal	200005ee <FLASH_ROM_ADDR>
200007fa:	3d35                	jal	20000636 <FLASH_ROM_WAIT>
200007fc:	dd21                	beqz	a0,20000754 <FLASH_EEPROM_CMD+0xe6>
200007fe:	994e                	add	s2,s2,s3
20000800:	413484b3          	sub	s1,s1,s3
20000804:	b7d9                	j	200007ca <FLASH_EEPROM_CMD+0x15c>
20000806:	85da                	mv	a1,s6
20000808:	452d                	li	a0,11
2000080a:	33d5                	jal	200005ee <FLASH_ROM_ADDR>
2000080c:	94ca                	add	s1,s1,s2
2000080e:	f29900e3          	beq	s2,s1,2000072e <FLASH_EEPROM_CMD+0xc0>
20000812:	0905                	addi	s2,s2,1
20000814:	3b7d                	jal	200005d2 <FLASH_ROM_IN>
20000816:	fea90fa3          	sb	a0,-1(s2) # fff <__swsetup_r+0xa1>
2000081a:	bfd5                	j	2000080e <FLASH_EEPROM_CMD+0x1a0>
2000081c:	fff98793          	addi	a5,s3,-1 # ffff <_data_lma+0xdf83>
20000820:	0ff7f793          	andi	a5,a5,255
20000824:	0cfc6163          	bltu	s8,a5,200008e6 <.loop402+0x7a>
20000828:	041cc783          	lbu	a5,65(s9)
2000082c:	08300713          	li	a4,131
20000830:	04f71f63          	bne	a4,a5,2000088e <.loop402+0x22>
20000834:	00080737          	lui	a4,0x80
20000838:	04eb6b63          	bltu	s6,a4,2000088e <.loop402+0x22>
2000083c:	009b07b3          	add	a5,s6,s1
20000840:	001006b7          	lui	a3,0x100
20000844:	04d7f563          	bgeu	a5,a3,2000088e <.loop402+0x22>
20000848:	00eb4b33          	xor	s6,s6,a4
2000084c:	4789                	li	a5,2
2000084e:	06f99363          	bne	s3,a5,200008b4 <.loop402+0x48>
20000852:	8089                	srli	s1,s1,0x2
20000854:	49d5                	li	s3,21
20000856:	ec048ce3          	beqz	s1,2000072e <FLASH_EEPROM_CMD+0xc0>
2000085a:	85da                	mv	a1,s6
2000085c:	4509                	li	a0,2
2000085e:	3b41                	jal	200005ee <FLASH_ROM_ADDR>
20000860:	0911                	addi	s2,s2,4
20000862:	ffc92703          	lw	a4,-4(s2)
20000866:	4791                	li	a5,4
20000868:	80e42023          	sw	a4,-2048(s0)

2000086c <.loop402>:
2000086c:	80640703          	lb	a4,-2042(s0)
20000870:	fe074ee3          	bltz	a4,2000086c <.loop402>
20000874:	81340323          	sb	s3,-2042(s0)
20000878:	17fd                	addi	a5,a5,-1
2000087a:	fbed                	bnez	a5,2000086c <.loop402>
2000087c:	14fd                	addi	s1,s1,-1
2000087e:	0b11                	addi	s6,s6,4
20000880:	c481                	beqz	s1,20000888 <.loop402+0x1c>
20000882:	0ffb7793          	andi	a5,s6,255
20000886:	ffe9                	bnez	a5,20000860 <FLASH_EEPROM_CMD+0x1f2>
20000888:	337d                	jal	20000636 <FLASH_ROM_WAIT>
2000088a:	f571                	bnez	a0,20000856 <FLASH_EEPROM_CMD+0x1e8>
2000088c:	b5e1                	j	20000754 <FLASH_EEPROM_CMD+0xe6>
2000088e:	400017b7          	lui	a5,0x40001
20000892:	0457c703          	lbu	a4,69(a5) # 40001045 <_eusrstack+0x1fff9045>
20000896:	000807b7          	lui	a5,0x80
2000089a:	02077713          	andi	a4,a4,32
2000089e:	e319                	bnez	a4,200008a4 <.loop402+0x38>
200008a0:	000787b7          	lui	a5,0x78
200008a4:	5579                	li	a0,-2
200008a6:	eafb78e3          	bgeu	s6,a5,20000756 <FLASH_EEPROM_CMD+0xe8>
200008aa:	009b0733          	add	a4,s6,s1
200008ae:	f8e7ffe3          	bgeu	a5,a4,2000084c <FLASH_EEPROM_CMD+0x1de>
200008b2:	b555                	j	20000756 <FLASH_EEPROM_CMD+0xe8>
200008b4:	4785                	li	a5,1
200008b6:	f2f982e3          	beq	s3,a5,200007da <FLASH_EEPROM_CMD+0x16c>
200008ba:	85da                	mv	a1,s6
200008bc:	452d                	li	a0,11
200008be:	3b05                	jal	200005ee <FLASH_ROM_ADDR>
200008c0:	fff48993          	addi	s3,s1,-1 # 7ffff <_data_lma+0x7df83>
200008c4:	e60485e3          	beqz	s1,2000072e <FLASH_EEPROM_CMD+0xc0>
200008c8:	3329                	jal	200005d2 <FLASH_ROM_IN>
200008ca:	0039f793          	andi	a5,s3,3
200008ce:	eb91                	bnez	a5,200008e2 <.loop402+0x76>
200008d0:	80042683          	lw	a3,-2048(s0)
200008d4:	00092703          	lw	a4,0(s2)
200008d8:	00490793          	addi	a5,s2,4
200008dc:	e4e69ae3          	bne	a3,a4,20000730 <FLASH_EEPROM_CMD+0xc2>
200008e0:	893e                	mv	s2,a5
200008e2:	84ce                	mv	s1,s3
200008e4:	bff1                	j	200008c0 <.loop402+0x54>
200008e6:	47b5                	li	a5,13
200008e8:	00f99663          	bne	s3,a5,200008f4 <.loop402+0x88>
200008ec:	0b900513          	li	a0,185
200008f0:	31c9                	jal	200005b2 <FLASH_ROM_BEG>
200008f2:	bd35                	j	2000072e <FLASH_EEPROM_CMD+0xc0>
200008f4:	47b1                	li	a5,12
200008f6:	0ab00513          	li	a0,171
200008fa:	fef98be3          	beq	s3,a5,200008f0 <.loop402+0x84>
200008fe:	4799                	li	a5,6
20000900:	04f99163          	bne	s3,a5,20000942 <.loop402+0xd6>
20000904:	000805b7          	lui	a1,0x80
20000908:	00bb65b3          	or	a1,s6,a1
2000090c:	452d                	li	a0,11
2000090e:	31c5                	jal	200005ee <FLASH_ROM_ADDR>
20000910:	4481                	li	s1,0
20000912:	4b8d                	li	s7,3
20000914:	49a1                	li	s3,8
20000916:	3975                	jal	200005d2 <FLASH_ROM_IN>
20000918:	01749663          	bne	s1,s7,20000924 <.loop402+0xb8>
2000091c:	80042783          	lw	a5,-2048(s0)
20000920:	00f92023          	sw	a5,0(s2)
20000924:	0485                	addi	s1,s1,1
20000926:	ff3498e3          	bne	s1,s3,20000916 <.loop402+0xaa>
2000092a:	80042783          	lw	a5,-2048(s0)
2000092e:	012b1713          	slli	a4,s6,0x12
20000932:	00075563          	bgez	a4,2000093c <.loop402+0xd0>
20000936:	00f91223          	sh	a5,4(s2)
2000093a:	bbd5                	j	2000072e <FLASH_EEPROM_CMD+0xc0>
2000093c:	00f92223          	sw	a5,4(s2)
20000940:	b3fd                	j	2000072e <FLASH_EEPROM_CMD+0xc0>
20000942:	479d                	li	a5,7
20000944:	02f99963          	bne	s3,a5,20000976 <.loop402+0x10a>
20000948:	4581                	li	a1,0
2000094a:	04b00513          	li	a0,75
2000094e:	3145                	jal	200005ee <FLASH_ROM_ADDR>
20000950:	44bd                	li	s1,15
20000952:	00092023          	sw	zero,0(s2)
20000956:	00092223          	sw	zero,4(s2)
2000095a:	59fd                	li	s3,-1
2000095c:	399d                	jal	200005d2 <FLASH_ROM_IN>
2000095e:	0074f793          	andi	a5,s1,7
20000962:	97ca                	add	a5,a5,s2
20000964:	0007c703          	lbu	a4,0(a5) # 78000 <_data_lma+0x75f84>
20000968:	14fd                	addi	s1,s1,-1
2000096a:	8d39                	xor	a0,a0,a4
2000096c:	00a78023          	sb	a0,0(a5)
20000970:	ff3496e3          	bne	s1,s3,2000095c <.loop402+0xf0>
20000974:	bb6d                	j	2000072e <FLASH_EEPROM_CMD+0xc0>
20000976:	47a1                	li	a5,8
20000978:	04f99263          	bne	s3,a5,200009bc <.loop402+0x150>
2000097c:	396d                	jal	20000636 <FLASH_ROM_WAIT>
2000097e:	4481                	li	s1,0
20000980:	000b0d63          	beqz	s6,2000099a <.loop402+0x12e>
20000984:	478d                	li	a5,3
20000986:	03c00493          	li	s1,60
2000098a:	00fb0863          	beq	s6,a5,2000099a <.loop402+0x12e>
2000098e:	05000493          	li	s1,80
20000992:	018b0463          	beq	s6,s8,2000099a <.loop402+0x12e>
20000996:	04400493          	li	s1,68
2000099a:	07c57513          	andi	a0,a0,124
2000099e:	d89508e3          	beq	a0,s1,2000072e <FLASH_EEPROM_CMD+0xc0>
200009a2:	4519                	li	a0,6
200009a4:	3139                	jal	200005b2 <FLASH_ROM_BEG>
200009a6:	3939                	jal	200005c4 <FLASH_ROM_END>
200009a8:	4505                	li	a0,1
200009aa:	3121                	jal	200005b2 <FLASH_ROM_BEG>
200009ac:	8526                	mv	a0,s1
200009ae:	390d                	jal	200005e0 <FLASH_ROM_OUT>
200009b0:	4509                	li	a0,2
200009b2:	313d                	jal	200005e0 <FLASH_ROM_OUT>
200009b4:	3149                	jal	20000636 <FLASH_ROM_WAIT>
200009b6:	d6051ce3          	bnez	a0,2000072e <FLASH_EEPROM_CMD+0xc0>
200009ba:	bb69                	j	20000754 <FLASH_EEPROM_CMD+0xe6>
200009bc:	4791                	li	a5,4
200009be:	00f99963          	bne	s3,a5,200009d0 <.loop402+0x164>
200009c2:	06600513          	li	a0,102
200009c6:	36f5                	jal	200005b2 <FLASH_ROM_BEG>
200009c8:	3ef5                	jal	200005c4 <FLASH_ROM_END>
200009ca:	09900513          	li	a0,153
200009ce:	b70d                	j	200008f0 <.loop402+0x84>
200009d0:	d4098fe3          	beqz	s3,2000072e <FLASH_EEPROM_CMD+0xc0>
200009d4:	54f1                	li	s1,-4
200009d6:	bba9                	j	20000730 <FLASH_EEPROM_CMD+0xc2>

Disassembly of section .text:

000009dc <handle_reset>:
handle_reset():
e:/DuRuofu/Project/fr-ble-light/software/ch582/SRC/Startup/startup_CH583.S:129
	.weak	handle_reset
	.align	1
handle_reset:
.option push 
.option	norelax 
	la gp, __global_pointer$
     9dc:	20001197          	auipc	gp,0x20001
     9e0:	85c18193          	addi	gp,gp,-1956 # 20001238 <__global_pointer$>
e:/DuRuofu/Project/fr-ble-light/software/ch582/SRC/Startup/startup_CH583.S:132
.option	pop 
1:
	la sp, _eusrstack 
     9e4:	20007117          	auipc	sp,0x20007
     9e8:	61c10113          	addi	sp,sp,1564 # 20008000 <_eusrstack>
e:/DuRuofu/Project/fr-ble-light/software/ch582/SRC/Startup/startup_CH583.S:136

/* Load highcode code  section from flash to RAM */
2:
    la a0, _highcode_lma
     9ec:	00400513          	li	a0,4
e:/DuRuofu/Project/fr-ble-light/software/ch582/SRC/Startup/startup_CH583.S:137
    la a1, _highcode_vma_start
     9f0:	1ffff597          	auipc	a1,0x1ffff
     9f4:	61058593          	addi	a1,a1,1552 # 20000000 <_highcode_vma_start>
e:/DuRuofu/Project/fr-ble-light/software/ch582/SRC/Startup/startup_CH583.S:138
    la a2, _highcode_vma_end
     9f8:	20000617          	auipc	a2,0x20000
     9fc:	fe060613          	addi	a2,a2,-32 # 200009d8 <_highcode_vma_end>
e:/DuRuofu/Project/fr-ble-light/software/ch582/SRC/Startup/startup_CH583.S:139
    bgeu a1, a2, 2f
     a00:	00c5fa63          	bgeu	a1,a2,a14 <handle_reset+0x38>
e:/DuRuofu/Project/fr-ble-light/software/ch582/SRC/Startup/startup_CH583.S:141
1:
    lw t0, (a0)
     a04:	00052283          	lw	t0,0(a0)
e:/DuRuofu/Project/fr-ble-light/software/ch582/SRC/Startup/startup_CH583.S:142
    sw t0, (a1)
     a08:	0055a023          	sw	t0,0(a1)
e:/DuRuofu/Project/fr-ble-light/software/ch582/SRC/Startup/startup_CH583.S:143
    addi a0, a0, 4
     a0c:	0511                	addi	a0,a0,4
e:/DuRuofu/Project/fr-ble-light/software/ch582/SRC/Startup/startup_CH583.S:144
    addi a1, a1, 4
     a0e:	0591                	addi	a1,a1,4
e:/DuRuofu/Project/fr-ble-light/software/ch582/SRC/Startup/startup_CH583.S:145
    bltu a1, a2, 1b
     a10:	fec5eae3          	bltu	a1,a2,a04 <handle_reset+0x28>
e:/DuRuofu/Project/fr-ble-light/software/ch582/SRC/Startup/startup_CH583.S:149

/* Load data section from flash to RAM */
2:
	la a0, _data_lma
     a14:	00001517          	auipc	a0,0x1
     a18:	66850513          	addi	a0,a0,1640 # 207c <_data_lma>
e:/DuRuofu/Project/fr-ble-light/software/ch582/SRC/Startup/startup_CH583.S:150
	la a1, _data_vma
     a1c:	20000597          	auipc	a1,0x20000
     a20:	fbc58593          	addi	a1,a1,-68 # 200009d8 <_highcode_vma_end>
e:/DuRuofu/Project/fr-ble-light/software/ch582/SRC/Startup/startup_CH583.S:151
	la a2, _edata
     a24:	80818613          	addi	a2,gp,-2040 # 20000a40 <_edata>
e:/DuRuofu/Project/fr-ble-light/software/ch582/SRC/Startup/startup_CH583.S:152
	bgeu a1, a2, 2f
     a28:	00c5fa63          	bgeu	a1,a2,a3c <handle_reset+0x60>
e:/DuRuofu/Project/fr-ble-light/software/ch582/SRC/Startup/startup_CH583.S:154
1:
	lw t0, (a0)
     a2c:	00052283          	lw	t0,0(a0)
e:/DuRuofu/Project/fr-ble-light/software/ch582/SRC/Startup/startup_CH583.S:155
	sw t0, (a1)
     a30:	0055a023          	sw	t0,0(a1)
e:/DuRuofu/Project/fr-ble-light/software/ch582/SRC/Startup/startup_CH583.S:156
	addi a0, a0, 4
     a34:	0511                	addi	a0,a0,4
e:/DuRuofu/Project/fr-ble-light/software/ch582/SRC/Startup/startup_CH583.S:157
	addi a1, a1, 4
     a36:	0591                	addi	a1,a1,4
e:/DuRuofu/Project/fr-ble-light/software/ch582/SRC/Startup/startup_CH583.S:158
	bltu a1, a2, 1b
     a38:	fec5eae3          	bltu	a1,a2,a2c <handle_reset+0x50>
e:/DuRuofu/Project/fr-ble-light/software/ch582/SRC/Startup/startup_CH583.S:161
2:
	/* clear bss section */
	la a0, _sbss
     a3c:	80818513          	addi	a0,gp,-2040 # 20000a40 <_edata>
e:/DuRuofu/Project/fr-ble-light/software/ch582/SRC/Startup/startup_CH583.S:162
	la a1, _ebss
     a40:	81c18593          	addi	a1,gp,-2020 # 20000a54 <_ebss>
e:/DuRuofu/Project/fr-ble-light/software/ch582/SRC/Startup/startup_CH583.S:163
	bgeu a0, a1, 2f
     a44:	00b57763          	bgeu	a0,a1,a52 <handle_reset+0x76>
e:/DuRuofu/Project/fr-ble-light/software/ch582/SRC/Startup/startup_CH583.S:165
1:
	sw zero, (a0)
     a48:	00052023          	sw	zero,0(a0)
e:/DuRuofu/Project/fr-ble-light/software/ch582/SRC/Startup/startup_CH583.S:166
	addi a0, a0, 4
     a4c:	0511                	addi	a0,a0,4
e:/DuRuofu/Project/fr-ble-light/software/ch582/SRC/Startup/startup_CH583.S:167
	bltu a0, a1, 1b
     a4e:	feb56de3          	bltu	a0,a1,a48 <handle_reset+0x6c>
e:/DuRuofu/Project/fr-ble-light/software/ch582/SRC/Startup/startup_CH583.S:170
2:
	/* Á÷Ë®Ïß¿ØÖÆÎ» & ¶¯Ì¬Ô¤²â¿ØÖÆÎ» */
	li t0, 0x1f
     a52:	42fd                	li	t0,31
e:/DuRuofu/Project/fr-ble-light/software/ch582/SRC/Startup/startup_CH583.S:171
	csrw 0xbc0, t0
     a54:	bc029073          	csrw	0xbc0,t0
e:/DuRuofu/Project/fr-ble-light/software/ch582/SRC/Startup/startup_CH583.S:173
	/* ´ò¿ªÇ¶Ì×ÖÐ¶Ï¡¢Ó²¼þÑ¹Õ»¹¦ÄÜ */
	li t0, 0x3
     a58:	428d                	li	t0,3
e:/DuRuofu/Project/fr-ble-light/software/ch582/SRC/Startup/startup_CH583.S:174
	csrw 0x804, t0
     a5a:	80429073          	csrw	0x804,t0
e:/DuRuofu/Project/fr-ble-light/software/ch582/SRC/Startup/startup_CH583.S:176
	
    li t0, 0x88
     a5e:	08800293          	li	t0,136
e:/DuRuofu/Project/fr-ble-light/software/ch582/SRC/Startup/startup_CH583.S:177
    csrw mstatus, t0
     a62:	30029073          	csrw	mstatus,t0
e:/DuRuofu/Project/fr-ble-light/software/ch582/SRC/Startup/startup_CH583.S:178
	la t0, _vector_base
     a66:	1ffff297          	auipc	t0,0x1ffff
     a6a:	59a28293          	addi	t0,t0,1434 # 20000000 <_highcode_vma_start>
e:/DuRuofu/Project/fr-ble-light/software/ch582/SRC/Startup/startup_CH583.S:181

	/* ÅäÖÃÏòÁ¿±íÄ£Ê½Îª¾ø¶ÔµØÖ·Ä£Ê½ */
    ori t0, t0, 3
     a6e:	0032e293          	ori	t0,t0,3
e:/DuRuofu/Project/fr-ble-light/software/ch582/SRC/Startup/startup_CH583.S:182
	csrw mtvec, t0
     a72:	30529073          	csrw	mtvec,t0
e:/DuRuofu/Project/fr-ble-light/software/ch582/SRC/Startup/startup_CH583.S:184

    lui a4,0x40001
     a76:	40001737          	lui	a4,0x40001
e:/DuRuofu/Project/fr-ble-light/software/ch582/SRC/Startup/startup_CH583.S:185
    li  a5,87
     a7a:	05700793          	li	a5,87
e:/DuRuofu/Project/fr-ble-light/software/ch582/SRC/Startup/startup_CH583.S:186
    sb  a5,64(a4)
     a7e:	04f70023          	sb	a5,64(a4) # 40001040 <_eusrstack+0x1fff9040>
e:/DuRuofu/Project/fr-ble-light/software/ch582/SRC/Startup/startup_CH583.S:187
    li  a5,-88
     a82:	fa800793          	li	a5,-88
e:/DuRuofu/Project/fr-ble-light/software/ch582/SRC/Startup/startup_CH583.S:188
    sb  a5,64(a4)
     a86:	04f70023          	sb	a5,64(a4)
e:/DuRuofu/Project/fr-ble-light/software/ch582/SRC/Startup/startup_CH583.S:189
    fence.i
     a8a:	0000100f          	fence.i
e:/DuRuofu/Project/fr-ble-light/software/ch582/SRC/Startup/startup_CH583.S:190
    lw  a5,72(a4)
     a8e:	473c                	lw	a5,72(a4)
e:/DuRuofu/Project/fr-ble-light/software/ch582/SRC/Startup/startup_CH583.S:191
    lui a3,0xfa000
     a90:	fa0006b7          	lui	a3,0xfa000
e:/DuRuofu/Project/fr-ble-light/software/ch582/SRC/Startup/startup_CH583.S:192
    addi  a3,a3,-8
     a94:	16e1                	addi	a3,a3,-8
e:/DuRuofu/Project/fr-ble-light/software/ch582/SRC/Startup/startup_CH583.S:193
    and a5,a5,a3
     a96:	8ff5                	and	a5,a5,a3
e:/DuRuofu/Project/fr-ble-light/software/ch582/SRC/Startup/startup_CH583.S:194
    lui a3,0x6000
     a98:	060006b7          	lui	a3,0x6000
e:/DuRuofu/Project/fr-ble-light/software/ch582/SRC/Startup/startup_CH583.S:195
    addi a3,a3,5
     a9c:	0695                	addi	a3,a3,5
e:/DuRuofu/Project/fr-ble-light/software/ch582/SRC/Startup/startup_CH583.S:196
    or  a5,a5,a3
     a9e:	8fd5                	or	a5,a5,a3
e:/DuRuofu/Project/fr-ble-light/software/ch582/SRC/Startup/startup_CH583.S:197
    sw  a5,72(a4)
     aa0:	c73c                	sw	a5,72(a4)
e:/DuRuofu/Project/fr-ble-light/software/ch582/SRC/Startup/startup_CH583.S:199

	la t0, main
     aa2:	00000297          	auipc	t0,0x0
     aa6:	0b828293          	addi	t0,t0,184 # b5a <main>
e:/DuRuofu/Project/fr-ble-light/software/ch582/SRC/Startup/startup_CH583.S:200
	csrw mepc, t0
     aaa:	34129073          	csrw	mepc,t0
e:/DuRuofu/Project/fr-ble-light/software/ch582/SRC/Startup/startup_CH583.S:203
	
	
	mret
     aae:	30200073          	mret

00000ab2 <memset>:
memset():
     ab2:	433d                	li	t1,15
     ab4:	872a                	mv	a4,a0
     ab6:	02c37363          	bgeu	t1,a2,adc <memset+0x2a>
     aba:	00f77793          	andi	a5,a4,15
     abe:	efbd                	bnez	a5,b3c <memset+0x8a>
     ac0:	e5ad                	bnez	a1,b2a <memset+0x78>
     ac2:	ff067693          	andi	a3,a2,-16
     ac6:	8a3d                	andi	a2,a2,15
     ac8:	96ba                	add	a3,a3,a4
     aca:	c30c                	sw	a1,0(a4)
     acc:	c34c                	sw	a1,4(a4)
     ace:	c70c                	sw	a1,8(a4)
     ad0:	c74c                	sw	a1,12(a4)
     ad2:	0741                	addi	a4,a4,16
     ad4:	fed76be3          	bltu	a4,a3,aca <memset+0x18>
     ad8:	e211                	bnez	a2,adc <memset+0x2a>
     ada:	8082                	ret
     adc:	40c306b3          	sub	a3,t1,a2
     ae0:	068a                	slli	a3,a3,0x2
     ae2:	00000297          	auipc	t0,0x0
     ae6:	9696                	add	a3,a3,t0
     ae8:	00a68067          	jr	10(a3) # 600000a <_data_lma+0x5ffdf8e>
     aec:	00b70723          	sb	a1,14(a4)
     af0:	00b706a3          	sb	a1,13(a4)
     af4:	00b70623          	sb	a1,12(a4)
     af8:	00b705a3          	sb	a1,11(a4)
     afc:	00b70523          	sb	a1,10(a4)
     b00:	00b704a3          	sb	a1,9(a4)
     b04:	00b70423          	sb	a1,8(a4)
     b08:	00b703a3          	sb	a1,7(a4)
     b0c:	00b70323          	sb	a1,6(a4)
     b10:	00b702a3          	sb	a1,5(a4)
     b14:	00b70223          	sb	a1,4(a4)
     b18:	00b701a3          	sb	a1,3(a4)
     b1c:	00b70123          	sb	a1,2(a4)
     b20:	00b700a3          	sb	a1,1(a4)
     b24:	00b70023          	sb	a1,0(a4)
     b28:	8082                	ret
     b2a:	0ff5f593          	andi	a1,a1,255
     b2e:	00859693          	slli	a3,a1,0x8
     b32:	8dd5                	or	a1,a1,a3
     b34:	01059693          	slli	a3,a1,0x10
     b38:	8dd5                	or	a1,a1,a3
     b3a:	b761                	j	ac2 <memset+0x10>
     b3c:	00279693          	slli	a3,a5,0x2
     b40:	00000297          	auipc	t0,0x0
     b44:	9696                	add	a3,a3,t0
     b46:	8286                	mv	t0,ra
     b48:	fa8680e7          	jalr	-88(a3)
     b4c:	8096                	mv	ra,t0
     b4e:	17c1                	addi	a5,a5,-16
     b50:	8f1d                	sub	a4,a4,a5
     b52:	963e                	add	a2,a2,a5
     b54:	f8c374e3          	bgeu	t1,a2,adc <memset+0x2a>
     b58:	b7a5                	j	ac0 <memset+0xe>

00000b5a <main>:
main():
e:\DuRuofu\Project\fr-ble-light\software\ch582\05-timer\obj/../src/Main.c:18
{
     b5a:	1141                	addi	sp,sp,-16
e:\DuRuofu\Project\fr-ble-light\software\ch582\05-timer\obj/../src/Main.c:19
    SetSysClock(CLK_SOURCE_PLL_60MHz);
     b5c:	04800513          	li	a0,72
e:\DuRuofu\Project\fr-ble-light\software\ch582\05-timer\obj/../src/Main.c:18
{
     b60:	c606                	sw	ra,12(sp)
e:\DuRuofu\Project\fr-ble-light\software\ch582\05-timer\obj/../src/Main.c:19
    SetSysClock(CLK_SOURCE_PLL_60MHz);
     b62:	1ffff097          	auipc	ra,0x1ffff
     b66:	564080e7          	jalr	1380(ra) # 200000c6 <SetSysClock>
e:\DuRuofu\Project\fr-ble-light\software\ch582\05-timer\obj/../src/Main.c:22
    GPIOA_SetBits(GPIO_Pin_9);
     b6a:	40001737          	lui	a4,0x40001
     b6e:	0a872783          	lw	a5,168(a4) # 400010a8 <_eusrstack+0x1fff90a8>
e:\DuRuofu\Project\fr-ble-light\software\ch582\05-timer\obj/../src/Main.c:23
    GPIOA_ModeCfg(GPIO_Pin_8, GPIO_ModeIN_PU);
     b72:	4585                	li	a1,1
     b74:	10000513          	li	a0,256
e:\DuRuofu\Project\fr-ble-light\software\ch582\05-timer\obj/../src/Main.c:22
    GPIOA_SetBits(GPIO_Pin_9);
     b78:	2007e793          	ori	a5,a5,512
     b7c:	0af72423          	sw	a5,168(a4)
e:\DuRuofu\Project\fr-ble-light\software\ch582\05-timer\obj/../src/Main.c:23
    GPIOA_ModeCfg(GPIO_Pin_8, GPIO_ModeIN_PU);
     b80:	2835                	jal	bbc <GPIOA_ModeCfg>
e:\DuRuofu\Project\fr-ble-light\software\ch582\05-timer\obj/../src/Main.c:24
    GPIOA_ModeCfg(GPIO_Pin_9, GPIO_ModeOut_PP_5mA);
     b82:	458d                	li	a1,3
     b84:	20000513          	li	a0,512
     b88:	2815                	jal	bbc <GPIOA_ModeCfg>
e:\DuRuofu\Project\fr-ble-light\software\ch582\05-timer\obj/../src/Main.c:25
    UART1_DefInit();
     b8a:	2a5d                	jal	d40 <UART1_DefInit>
e:\DuRuofu\Project\fr-ble-light\software\ch582\05-timer\obj/../src/Main.c:26
    PRINT("Timer Test Start\n");
     b8c:	00001517          	auipc	a0,0x1
     b90:	41c50513          	addi	a0,a0,1052 # 1fa8 <_read+0xc>
     b94:	2cf5                	jal	e90 <puts>
e:\DuRuofu\Project\fr-ble-light\software\ch582\05-timer\obj/../src/Main.c:29
    TMR0_TimerInit(FREQ_SYS);               // 60M ä¸ªæ—¶é’Ÿ = 1s
     b96:	03938537          	lui	a0,0x3938
     b9a:	70050513          	addi	a0,a0,1792 # 3938700 <_data_lma+0x3936684>
     b9e:	2ab9                	jal	cfc <TMR0_TimerInit>
e:\DuRuofu\Project\fr-ble-light\software\ch582\05-timer\obj/../src/Main.c:30
    TMR0_ITCfg(ENABLE, TMR0_3_IT_CYC_END);
     ba0:	40002737          	lui	a4,0x40002
     ba4:	00274783          	lbu	a5,2(a4) # 40002002 <_eusrstack+0x1fffa002>
     ba8:	0017e793          	ori	a5,a5,1
     bac:	00f70123          	sb	a5,2(a4)
PFIC_EnableIRQ():
e:/DuRuofu/Project/fr-ble-light/software/ch582/SRC/RVMSIS/core_riscv.h:112
 *
 * @param   IRQn    - Interrupt Numbers
 */
RV_STATIC_INLINE void PFIC_EnableIRQ(IRQn_Type IRQn)
{
    PFIC->IENR[((uint32_t)(IRQn) >> 5)] = (1 << ((uint32_t)(IRQn)&0x1F));
     bb0:	e000e7b7          	lui	a5,0xe000e
     bb4:	6741                	lui	a4,0x10
     bb6:	10e7a023          	sw	a4,256(a5) # e000e100 <_eusrstack+0xc0006100>
main():
e:\DuRuofu\Project\fr-ble-light\software\ch582\05-timer\obj/../src/Main.c:33 (discriminator 1)
    while (1);
     bba:	a001                	j	bba <main+0x60>

00000bbc <GPIOA_ModeCfg>:
GPIOA_ModeCfg():
e:/DuRuofu/Project/fr-ble-light/software/ch582/SRC/StdPeriphDriver/CH58x_gpio.c:27
 *
 * @return  none
 */
void GPIOA_ModeCfg(uint32_t pin, GPIOModeTypeDef mode)
{
    switch(mode)
     bbc:	4791                	li	a5,4
     bbe:	02b7ee63          	bltu	a5,a1,bfa <GPIOA_ModeCfg+0x3e>
     bc2:	00001717          	auipc	a4,0x1
     bc6:	40670713          	addi	a4,a4,1030 # 1fc8 <_read+0x2c>
     bca:	058a                	slli	a1,a1,0x2
     bcc:	95ba                	add	a1,a1,a4
     bce:	419c                	lw	a5,0(a1)
     bd0:	97ba                	add	a5,a5,a4
     bd2:	8782                	jr	a5
e:/DuRuofu/Project/fr-ble-light/software/ch582/SRC/StdPeriphDriver/CH58x_gpio.c:30
    {
        case GPIO_ModeIN_Floating:
            R32_PA_PD_DRV &= ~pin;
     bd4:	400017b7          	lui	a5,0x40001
     bd8:	0b47a703          	lw	a4,180(a5) # 400010b4 <_eusrstack+0x1fff90b4>
     bdc:	fff54513          	not	a0,a0
     be0:	8f69                	and	a4,a4,a0
     be2:	0ae7aa23          	sw	a4,180(a5)
e:/DuRuofu/Project/fr-ble-light/software/ch582/SRC/StdPeriphDriver/CH58x_gpio.c:31
            R32_PA_PU &= ~pin;
     be6:	0b07a703          	lw	a4,176(a5)
e:/DuRuofu/Project/fr-ble-light/software/ch582/SRC/StdPeriphDriver/CH58x_gpio.c:43
            R32_PA_DIR &= ~pin;
            break;

        case GPIO_ModeIN_PD:
            R32_PA_PD_DRV |= pin;
            R32_PA_PU &= ~pin;
     bea:	8f69                	and	a4,a4,a0
     bec:	0ae7a823          	sw	a4,176(a5)
e:/DuRuofu/Project/fr-ble-light/software/ch582/SRC/StdPeriphDriver/CH58x_gpio.c:44
            R32_PA_DIR &= ~pin;
     bf0:	0a07a703          	lw	a4,160(a5)
     bf4:	8d79                	and	a0,a0,a4
e:/DuRuofu/Project/fr-ble-light/software/ch582/SRC/StdPeriphDriver/CH58x_gpio.c:54
            R32_PA_DIR |= pin;
            break;

        case GPIO_ModeOut_PP_20mA:
            R32_PA_PD_DRV |= pin;
            R32_PA_DIR |= pin;
     bf6:	0aa7a023          	sw	a0,160(a5)
e:/DuRuofu/Project/fr-ble-light/software/ch582/SRC/StdPeriphDriver/CH58x_gpio.c:60
            break;

        default:
            break;
    }
}
     bfa:	8082                	ret
e:/DuRuofu/Project/fr-ble-light/software/ch582/SRC/StdPeriphDriver/CH58x_gpio.c:36
            R32_PA_PD_DRV &= ~pin;
     bfc:	400017b7          	lui	a5,0x40001
     c00:	0b47a683          	lw	a3,180(a5) # 400010b4 <_eusrstack+0x1fff90b4>
     c04:	fff54713          	not	a4,a0
     c08:	8ef9                	and	a3,a3,a4
     c0a:	0ad7aa23          	sw	a3,180(a5)
e:/DuRuofu/Project/fr-ble-light/software/ch582/SRC/StdPeriphDriver/CH58x_gpio.c:37
            R32_PA_PU |= pin;
     c0e:	0b07a683          	lw	a3,176(a5)
     c12:	8d55                	or	a0,a0,a3
     c14:	0aa7a823          	sw	a0,176(a5)
e:/DuRuofu/Project/fr-ble-light/software/ch582/SRC/StdPeriphDriver/CH58x_gpio.c:38
            R32_PA_DIR &= ~pin;
     c18:	0a07a683          	lw	a3,160(a5)
     c1c:	8f75                	and	a4,a4,a3
     c1e:	0ae7a023          	sw	a4,160(a5)
e:/DuRuofu/Project/fr-ble-light/software/ch582/SRC/StdPeriphDriver/CH58x_gpio.c:39
            break;
     c22:	8082                	ret
e:/DuRuofu/Project/fr-ble-light/software/ch582/SRC/StdPeriphDriver/CH58x_gpio.c:42
            R32_PA_PD_DRV |= pin;
     c24:	400017b7          	lui	a5,0x40001
     c28:	0b47a703          	lw	a4,180(a5) # 400010b4 <_eusrstack+0x1fff90b4>
     c2c:	8f49                	or	a4,a4,a0
     c2e:	0ae7aa23          	sw	a4,180(a5)
e:/DuRuofu/Project/fr-ble-light/software/ch582/SRC/StdPeriphDriver/CH58x_gpio.c:43
            R32_PA_PU &= ~pin;
     c32:	0b07a703          	lw	a4,176(a5)
     c36:	fff54513          	not	a0,a0
     c3a:	bf45                	j	bea <GPIOA_ModeCfg+0x2e>
e:/DuRuofu/Project/fr-ble-light/software/ch582/SRC/StdPeriphDriver/CH58x_gpio.c:48
            R32_PA_PD_DRV &= ~pin;
     c3c:	400017b7          	lui	a5,0x40001
     c40:	0b47a683          	lw	a3,180(a5) # 400010b4 <_eusrstack+0x1fff90b4>
     c44:	fff54713          	not	a4,a0
     c48:	8f75                	and	a4,a4,a3
e:/DuRuofu/Project/fr-ble-light/software/ch582/SRC/StdPeriphDriver/CH58x_gpio.c:53
            R32_PA_PD_DRV |= pin;
     c4a:	0ae7aa23          	sw	a4,180(a5)
e:/DuRuofu/Project/fr-ble-light/software/ch582/SRC/StdPeriphDriver/CH58x_gpio.c:54
            R32_PA_DIR |= pin;
     c4e:	0a07a703          	lw	a4,160(a5)
     c52:	8d59                	or	a0,a0,a4
     c54:	b74d                	j	bf6 <GPIOA_ModeCfg+0x3a>
e:/DuRuofu/Project/fr-ble-light/software/ch582/SRC/StdPeriphDriver/CH58x_gpio.c:53
            R32_PA_PD_DRV |= pin;
     c56:	400017b7          	lui	a5,0x40001
     c5a:	0b47a703          	lw	a4,180(a5) # 400010b4 <_eusrstack+0x1fff90b4>
     c5e:	8f49                	or	a4,a4,a0
     c60:	b7ed                	j	c4a <GPIOA_ModeCfg+0x8e>

00000c62 <GetSysClock>:
GetSysClock():
e:/DuRuofu/Project/fr-ble-light/software/ch582/SRC/StdPeriphDriver/CH58x_sys.c:117
    rev = R16_CLK_SYS_CFG & 0xff;
     c62:	400017b7          	lui	a5,0x40001
     c66:	0087d503          	lhu	a0,8(a5) # 40001008 <_eusrstack+0x1fff9008>
     c6a:	0542                	slli	a0,a0,0x10
     c6c:	8141                	srli	a0,a0,0x10
e:/DuRuofu/Project/fr-ble-light/software/ch582/SRC/StdPeriphDriver/CH58x_sys.c:118
    if((rev & 0x40) == (0 << 6))
     c6e:	04057793          	andi	a5,a0,64
     c72:	eb91                	bnez	a5,c86 <GetSysClock+0x24>
e:/DuRuofu/Project/fr-ble-light/software/ch582/SRC/StdPeriphDriver/CH58x_sys.c:120
        return (32000000 / (rev & 0x1f));
     c74:	01f57793          	andi	a5,a0,31
     c78:	01e85537          	lui	a0,0x1e85
e:/DuRuofu/Project/fr-ble-light/software/ch582/SRC/StdPeriphDriver/CH58x_sys.c:124
        return (480000000 / (rev & 0x1f));
     c7c:	80050513          	addi	a0,a0,-2048 # 1e84800 <_data_lma+0x1e82784>
     c80:	02f54533          	div	a0,a0,a5
     c84:	8082                	ret
e:/DuRuofu/Project/fr-ble-light/software/ch582/SRC/StdPeriphDriver/CH58x_sys.c:122
    else if((rev & RB_CLK_SYS_MOD) == (1 << 6))
     c86:	0c057793          	andi	a5,a0,192
     c8a:	04000713          	li	a4,64
     c8e:	00e79763          	bne	a5,a4,c9c <GetSysClock+0x3a>
e:/DuRuofu/Project/fr-ble-light/software/ch582/SRC/StdPeriphDriver/CH58x_sys.c:124
        return (480000000 / (rev & 0x1f));
     c92:	01f57793          	andi	a5,a0,31
     c96:	1c9c4537          	lui	a0,0x1c9c4
     c9a:	b7cd                	j	c7c <GetSysClock+0x1a>
e:/DuRuofu/Project/fr-ble-light/software/ch582/SRC/StdPeriphDriver/CH58x_sys.c:128
        return (32000);
     c9c:	6521                	lui	a0,0x8
     c9e:	d0050513          	addi	a0,a0,-768 # 7d00 <_data_lma+0x5c84>
e:/DuRuofu/Project/fr-ble-light/software/ch582/SRC/StdPeriphDriver/CH58x_sys.c:130
}
     ca2:	8082                	ret

00000ca4 <_write>:
_write():
e:/DuRuofu/Project/fr-ble-light/software/ch582/SRC/StdPeriphDriver/CH58x_sys.c:382

#ifdef DEBUG
int _write(int fd, char *buf, int size)
{
    int i;
    for(i = 0; i < size; i++)
     ca4:	4781                	li	a5,0
e:/DuRuofu/Project/fr-ble-light/software/ch582/SRC/StdPeriphDriver/CH58x_sys.c:388
    {
#if DEBUG == Debug_UART0
        while(R8_UART0_TFC == UART_FIFO_SIZE);                  /* µÈ´ýÊý¾Ý·¢ËÍ */
        R8_UART0_THR = *buf++; /* ·¢ËÍÊý¾Ý */
#elif DEBUG == Debug_UART1
        while(R8_UART1_TFC == UART_FIFO_SIZE);                  /* µÈ´ýÊý¾Ý·¢ËÍ */
     ca6:	40003737          	lui	a4,0x40003
     caa:	46a1                	li	a3,8
e:/DuRuofu/Project/fr-ble-light/software/ch582/SRC/StdPeriphDriver/CH58x_sys.c:382 (discriminator 1)
    for(i = 0; i < size; i++)
     cac:	00c7c463          	blt	a5,a2,cb4 <_write+0x10>
e:/DuRuofu/Project/fr-ble-light/software/ch582/SRC/StdPeriphDriver/CH58x_sys.c:399
        while(R8_UART3_TFC == UART_FIFO_SIZE);                  /* µÈ´ýÊý¾Ý·¢ËÍ */
        R8_UART3_THR = *buf++; /* ·¢ËÍÊý¾Ý */
#endif
    }
    return size;
}
     cb0:	8532                	mv	a0,a2
     cb2:	8082                	ret
e:/DuRuofu/Project/fr-ble-light/software/ch582/SRC/StdPeriphDriver/CH58x_sys.c:388 (discriminator 1)
        while(R8_UART1_TFC == UART_FIFO_SIZE);                  /* µÈ´ýÊý¾Ý·¢ËÍ */
     cb4:	40b74503          	lbu	a0,1035(a4) # 4000340b <_eusrstack+0x1fffb40b>
     cb8:	fea68ee3          	beq	a3,a0,cb4 <_write+0x10>
e:/DuRuofu/Project/fr-ble-light/software/ch582/SRC/StdPeriphDriver/CH58x_sys.c:389 (discriminator 2)
        R8_UART1_THR = *buf++; /* ·¢ËÍÊý¾Ý */
     cbc:	00f58533          	add	a0,a1,a5
     cc0:	00054503          	lbu	a0,0(a0)
e:/DuRuofu/Project/fr-ble-light/software/ch582/SRC/StdPeriphDriver/CH58x_sys.c:382 (discriminator 2)
    for(i = 0; i < size; i++)
     cc4:	0785                	addi	a5,a5,1
e:/DuRuofu/Project/fr-ble-light/software/ch582/SRC/StdPeriphDriver/CH58x_sys.c:389 (discriminator 2)
        R8_UART1_THR = *buf++; /* ·¢ËÍÊý¾Ý */
     cc6:	40a70423          	sb	a0,1032(a4)
     cca:	b7cd                	j	cac <_write+0x8>

00000ccc <_sbrk>:
_sbrk():
e:/DuRuofu/Project/fr-ble-light/software/ch582/SRC/StdPeriphDriver/CH58x_sys.c:417
{
    extern char _end[];
    extern char _heap_end[];
    static char *curbrk = _end;

    if ((curbrk + incr < _end) || (curbrk + incr > _heap_end))
     ccc:	20000797          	auipc	a5,0x20000
     cd0:	d6c78793          	addi	a5,a5,-660 # 20000a38 <curbrk.4069>
     cd4:	439c                	lw	a5,0(a5)
     cd6:	81c18713          	addi	a4,gp,-2020 # 20000a54 <_ebss>
     cda:	953e                	add	a0,a0,a5
     cdc:	00e56e63          	bltu	a0,a4,cf8 <_sbrk+0x2c>
e:/DuRuofu/Project/fr-ble-light/software/ch582/SRC/StdPeriphDriver/CH58x_sys.c:417 (discriminator 1)
     ce0:	20007717          	auipc	a4,0x20007
     ce4:	12070713          	addi	a4,a4,288 # 20007e00 <_heap_end>
     ce8:	00a76863          	bltu	a4,a0,cf8 <_sbrk+0x2c>
e:/DuRuofu/Project/fr-ble-light/software/ch582/SRC/StdPeriphDriver/CH58x_sys.c:420
    return NULL - 1;

    curbrk += incr;
     cec:	20000717          	auipc	a4,0x20000
     cf0:	d4a72623          	sw	a0,-692(a4) # 20000a38 <curbrk.4069>
e:/DuRuofu/Project/fr-ble-light/software/ch582/SRC/StdPeriphDriver/CH58x_sys.c:422
    return curbrk - incr;
}
     cf4:	853e                	mv	a0,a5
     cf6:	8082                	ret
e:/DuRuofu/Project/fr-ble-light/software/ch582/SRC/StdPeriphDriver/CH58x_sys.c:418
    return NULL - 1;
     cf8:	57fd                	li	a5,-1
     cfa:	bfed                	j	cf4 <_sbrk+0x28>

00000cfc <TMR0_TimerInit>:
TMR0_TimerInit():
e:/DuRuofu/Project/fr-ble-light/software/ch582/SRC/StdPeriphDriver/CH58x_timer0.c:26
 *
 * @return  none
 */
void TMR0_TimerInit(uint32_t t)
{
    R32_TMR0_CNT_END = t;
     cfc:	400027b7          	lui	a5,0x40002
     d00:	c7c8                	sw	a0,12(a5)
e:/DuRuofu/Project/fr-ble-light/software/ch582/SRC/StdPeriphDriver/CH58x_timer0.c:27
    R8_TMR0_CTRL_MOD = RB_TMR_ALL_CLEAR;
     d02:	4709                	li	a4,2
     d04:	00e78023          	sb	a4,0(a5) # 40002000 <_eusrstack+0x1fffa000>
e:/DuRuofu/Project/fr-ble-light/software/ch582/SRC/StdPeriphDriver/CH58x_timer0.c:28
    R8_TMR0_CTRL_MOD = RB_TMR_COUNT_EN;
     d08:	4711                	li	a4,4
     d0a:	00e78023          	sb	a4,0(a5)
e:/DuRuofu/Project/fr-ble-light/software/ch582/SRC/StdPeriphDriver/CH58x_timer0.c:29
}
     d0e:	8082                	ret

00000d10 <UART1_BaudRateCfg>:
UART1_BaudRateCfg():
e:/DuRuofu/Project/fr-ble-light/software/ch582/SRC/StdPeriphDriver/CH58x_uart1.c:43
 * @param   baudrate    - ²¨ÌØÂÊ
 *
 * @return  none
 */
void UART1_BaudRateCfg(uint32_t baudrate)
{
     d10:	1141                	addi	sp,sp,-16
     d12:	c422                	sw	s0,8(sp)
     d14:	c606                	sw	ra,12(sp)
     d16:	842a                	mv	s0,a0
e:/DuRuofu/Project/fr-ble-light/software/ch582/SRC/StdPeriphDriver/CH58x_uart1.c:46
    uint32_t x;

    x = 10 * GetSysClock() / 8 / baudrate;
     d18:	37a9                	jal	c62 <GetSysClock>
     d1a:	4729                	li	a4,10
     d1c:	02e507b3          	mul	a5,a0,a4
e:/DuRuofu/Project/fr-ble-light/software/ch582/SRC/StdPeriphDriver/CH58x_uart1.c:49
    x = (x + 5) / 10;
    R16_UART1_DL = (uint16_t)x;
}
     d20:	40b2                	lw	ra,12(sp)
e:/DuRuofu/Project/fr-ble-light/software/ch582/SRC/StdPeriphDriver/CH58x_uart1.c:46
    x = 10 * GetSysClock() / 8 / baudrate;
     d22:	838d                	srli	a5,a5,0x3
     d24:	0287d7b3          	divu	a5,a5,s0
e:/DuRuofu/Project/fr-ble-light/software/ch582/SRC/StdPeriphDriver/CH58x_uart1.c:49
}
     d28:	4422                	lw	s0,8(sp)
e:/DuRuofu/Project/fr-ble-light/software/ch582/SRC/StdPeriphDriver/CH58x_uart1.c:47
    x = (x + 5) / 10;
     d2a:	0795                	addi	a5,a5,5
     d2c:	02e7d7b3          	divu	a5,a5,a4
e:/DuRuofu/Project/fr-ble-light/software/ch582/SRC/StdPeriphDriver/CH58x_uart1.c:48
    R16_UART1_DL = (uint16_t)x;
     d30:	40003737          	lui	a4,0x40003
     d34:	07c2                	slli	a5,a5,0x10
     d36:	83c1                	srli	a5,a5,0x10
     d38:	40f71623          	sh	a5,1036(a4) # 4000340c <_eusrstack+0x1fffb40c>
e:/DuRuofu/Project/fr-ble-light/software/ch582/SRC/StdPeriphDriver/CH58x_uart1.c:49
}
     d3c:	0141                	addi	sp,sp,16
     d3e:	8082                	ret

00000d40 <UART1_DefInit>:
UART1_DefInit():
e:/DuRuofu/Project/fr-ble-light/software/ch582/SRC/StdPeriphDriver/CH58x_uart1.c:26
    UART1_BaudRateCfg(115200);
     d40:	6571                	lui	a0,0x1c
e:/DuRuofu/Project/fr-ble-light/software/ch582/SRC/StdPeriphDriver/CH58x_uart1.c:25
{
     d42:	1141                	addi	sp,sp,-16
e:/DuRuofu/Project/fr-ble-light/software/ch582/SRC/StdPeriphDriver/CH58x_uart1.c:26
    UART1_BaudRateCfg(115200);
     d44:	20050513          	addi	a0,a0,512 # 1c200 <_data_lma+0x1a184>
e:/DuRuofu/Project/fr-ble-light/software/ch582/SRC/StdPeriphDriver/CH58x_uart1.c:25
{
     d48:	c606                	sw	ra,12(sp)
e:/DuRuofu/Project/fr-ble-light/software/ch582/SRC/StdPeriphDriver/CH58x_uart1.c:26
    UART1_BaudRateCfg(115200);
     d4a:	37d9                	jal	d10 <UART1_BaudRateCfg>
e:/DuRuofu/Project/fr-ble-light/software/ch582/SRC/StdPeriphDriver/CH58x_uart1.c:27
    R8_UART1_FCR = (2 << 6) | RB_FCR_TX_FIFO_CLR | RB_FCR_RX_FIFO_CLR | RB_FCR_FIFO_EN; // FIFO´ò¿ª£¬´¥·¢µã4×Ö½Ú
     d4c:	400037b7          	lui	a5,0x40003
     d50:	f8700713          	li	a4,-121
     d54:	40e78123          	sb	a4,1026(a5) # 40003402 <_eusrstack+0x1fffb402>
e:/DuRuofu/Project/fr-ble-light/software/ch582/SRC/StdPeriphDriver/CH58x_uart1.c:28
    R8_UART1_LCR = RB_LCR_WORD_SZ;
     d58:	470d                	li	a4,3
     d5a:	40e781a3          	sb	a4,1027(a5)
e:/DuRuofu/Project/fr-ble-light/software/ch582/SRC/StdPeriphDriver/CH58x_uart1.c:29
    R8_UART1_IER = RB_IER_TXD_EN;
     d5e:	04000713          	li	a4,64
     d62:	40e780a3          	sb	a4,1025(a5)
e:/DuRuofu/Project/fr-ble-light/software/ch582/SRC/StdPeriphDriver/CH58x_uart1.c:30
    R8_UART1_DIV = 1;
     d66:	4705                	li	a4,1
     d68:	40e78723          	sb	a4,1038(a5)
e:/DuRuofu/Project/fr-ble-light/software/ch582/SRC/StdPeriphDriver/CH58x_uart1.c:31
}
     d6c:	40b2                	lw	ra,12(sp)
     d6e:	0141                	addi	sp,sp,16
     d70:	8082                	ret

00000d72 <iprintf>:
printf():
     d72:	7139                	addi	sp,sp,-64
     d74:	da3e                	sw	a5,52(sp)
     d76:	d22e                	sw	a1,36(sp)
     d78:	d432                	sw	a2,40(sp)
     d7a:	d636                	sw	a3,44(sp)
     d7c:	d83a                	sw	a4,48(sp)
     d7e:	dc42                	sw	a6,56(sp)
     d80:	de46                	sw	a7,60(sp)
     d82:	20000797          	auipc	a5,0x20000
     d86:	cba78793          	addi	a5,a5,-838 # 20000a3c <_impure_ptr>
     d8a:	cc22                	sw	s0,24(sp)
     d8c:	4380                	lw	s0,0(a5)
     d8e:	ca26                	sw	s1,20(sp)
     d90:	ce06                	sw	ra,28(sp)
     d92:	84aa                	mv	s1,a0
     d94:	c409                	beqz	s0,d9e <iprintf+0x2c>
     d96:	4c1c                	lw	a5,24(s0)
     d98:	e399                	bnez	a5,d9e <iprintf+0x2c>
     d9a:	8522                	mv	a0,s0
     d9c:	2335                	jal	12c8 <__sinit>
     d9e:	440c                	lw	a1,8(s0)
     da0:	1054                	addi	a3,sp,36
     da2:	8626                	mv	a2,s1
     da4:	8522                	mv	a0,s0
     da6:	c636                	sw	a3,12(sp)
     da8:	177000ef          	jal	ra,171e <_vfiprintf_r>
     dac:	40f2                	lw	ra,28(sp)
     dae:	4462                	lw	s0,24(sp)
     db0:	44d2                	lw	s1,20(sp)
     db2:	6121                	addi	sp,sp,64
     db4:	8082                	ret

00000db6 <_puts_r>:
_puts_r():
     db6:	1101                	addi	sp,sp,-32
     db8:	ca26                	sw	s1,20(sp)
     dba:	c84a                	sw	s2,16(sp)
     dbc:	ce06                	sw	ra,28(sp)
     dbe:	cc22                	sw	s0,24(sp)
     dc0:	c64e                	sw	s3,12(sp)
     dc2:	c452                	sw	s4,8(sp)
     dc4:	84aa                	mv	s1,a0
     dc6:	892e                	mv	s2,a1
     dc8:	c501                	beqz	a0,dd0 <_puts_r+0x1a>
     dca:	4d1c                	lw	a5,24(a0)
     dcc:	e391                	bnez	a5,dd0 <_puts_r+0x1a>
     dce:	29ed                	jal	12c8 <__sinit>
     dd0:	4c9c                	lw	a5,24(s1)
     dd2:	4480                	lw	s0,8(s1)
     dd4:	e399                	bnez	a5,dda <_puts_r+0x24>
     dd6:	8526                	mv	a0,s1
     dd8:	29c5                	jal	12c8 <__sinit>
     dda:	00001797          	auipc	a5,0x1
     dde:	22278793          	addi	a5,a5,546 # 1ffc <__sf_fake_stdin>
     de2:	02f41c63          	bne	s0,a5,e1a <_puts_r+0x64>
     de6:	40c0                	lw	s0,4(s1)
     de8:	00c45783          	lhu	a5,12(s0)
     dec:	8ba1                	andi	a5,a5,8
     dee:	c7b1                	beqz	a5,e3a <_puts_r+0x84>
     df0:	481c                	lw	a5,16(s0)
     df2:	c7a1                	beqz	a5,e3a <_puts_r+0x84>
     df4:	59fd                	li	s3,-1
     df6:	4a29                	li	s4,10
     df8:	441c                	lw	a5,8(s0)
     dfa:	00094583          	lbu	a1,0(s2)
     dfe:	17fd                	addi	a5,a5,-1
     e00:	e9b1                	bnez	a1,e54 <_puts_r+0x9e>
     e02:	c41c                	sw	a5,8(s0)
     e04:	0607de63          	bgez	a5,e80 <_puts_r+0xca>
     e08:	8622                	mv	a2,s0
     e0a:	45a9                	li	a1,10
     e0c:	8526                	mv	a0,s1
     e0e:	2841                	jal	e9e <__swbuf_r>
     e10:	57fd                	li	a5,-1
     e12:	02f50863          	beq	a0,a5,e42 <_puts_r+0x8c>
     e16:	4529                	li	a0,10
     e18:	a035                	j	e44 <_puts_r+0x8e>
     e1a:	00001797          	auipc	a5,0x1
     e1e:	20278793          	addi	a5,a5,514 # 201c <__sf_fake_stdout>
     e22:	00f41463          	bne	s0,a5,e2a <_puts_r+0x74>
     e26:	4480                	lw	s0,8(s1)
     e28:	b7c1                	j	de8 <_puts_r+0x32>
     e2a:	00001797          	auipc	a5,0x1
     e2e:	1b278793          	addi	a5,a5,434 # 1fdc <__sf_fake_stderr>
     e32:	faf41be3          	bne	s0,a5,de8 <_puts_r+0x32>
     e36:	44c0                	lw	s0,12(s1)
     e38:	bf45                	j	de8 <_puts_r+0x32>
     e3a:	85a2                	mv	a1,s0
     e3c:	8526                	mv	a0,s1
     e3e:	2205                	jal	f5e <__swsetup_r>
     e40:	d955                	beqz	a0,df4 <_puts_r+0x3e>
     e42:	557d                	li	a0,-1
     e44:	40f2                	lw	ra,28(sp)
     e46:	4462                	lw	s0,24(sp)
     e48:	44d2                	lw	s1,20(sp)
     e4a:	4942                	lw	s2,16(sp)
     e4c:	49b2                	lw	s3,12(sp)
     e4e:	4a22                	lw	s4,8(sp)
     e50:	6105                	addi	sp,sp,32
     e52:	8082                	ret
     e54:	c41c                	sw	a5,8(s0)
     e56:	0905                	addi	s2,s2,1
     e58:	0007d763          	bgez	a5,e66 <_puts_r+0xb0>
     e5c:	4c18                	lw	a4,24(s0)
     e5e:	00e7cb63          	blt	a5,a4,e74 <_puts_r+0xbe>
     e62:	01458963          	beq	a1,s4,e74 <_puts_r+0xbe>
     e66:	401c                	lw	a5,0(s0)
     e68:	00178713          	addi	a4,a5,1
     e6c:	c018                	sw	a4,0(s0)
     e6e:	00b78023          	sb	a1,0(a5)
     e72:	b759                	j	df8 <_puts_r+0x42>
     e74:	8622                	mv	a2,s0
     e76:	8526                	mv	a0,s1
     e78:	201d                	jal	e9e <__swbuf_r>
     e7a:	f7351fe3          	bne	a0,s3,df8 <_puts_r+0x42>
     e7e:	b7d1                	j	e42 <_puts_r+0x8c>
     e80:	401c                	lw	a5,0(s0)
     e82:	00178713          	addi	a4,a5,1
     e86:	c018                	sw	a4,0(s0)
     e88:	4729                	li	a4,10
     e8a:	00e78023          	sb	a4,0(a5)
     e8e:	b761                	j	e16 <_puts_r+0x60>

00000e90 <puts>:
puts():
     e90:	20000797          	auipc	a5,0x20000
     e94:	bac78793          	addi	a5,a5,-1108 # 20000a3c <_impure_ptr>
     e98:	85aa                	mv	a1,a0
     e9a:	4388                	lw	a0,0(a5)
     e9c:	bf29                	j	db6 <_puts_r>

00000e9e <__swbuf_r>:
__swbuf_r():
     e9e:	1101                	addi	sp,sp,-32
     ea0:	cc22                	sw	s0,24(sp)
     ea2:	ca26                	sw	s1,20(sp)
     ea4:	c84a                	sw	s2,16(sp)
     ea6:	ce06                	sw	ra,28(sp)
     ea8:	c64e                	sw	s3,12(sp)
     eaa:	84aa                	mv	s1,a0
     eac:	892e                	mv	s2,a1
     eae:	8432                	mv	s0,a2
     eb0:	c501                	beqz	a0,eb8 <__swbuf_r+0x1a>
     eb2:	4d1c                	lw	a5,24(a0)
     eb4:	e391                	bnez	a5,eb8 <__swbuf_r+0x1a>
     eb6:	2909                	jal	12c8 <__sinit>
     eb8:	00001797          	auipc	a5,0x1
     ebc:	14478793          	addi	a5,a5,324 # 1ffc <__sf_fake_stdin>
     ec0:	06f41963          	bne	s0,a5,f32 <__swbuf_r+0x94>
     ec4:	40c0                	lw	s0,4(s1)
     ec6:	4c1c                	lw	a5,24(s0)
     ec8:	c41c                	sw	a5,8(s0)
     eca:	00c45783          	lhu	a5,12(s0)
     ece:	8ba1                	andi	a5,a5,8
     ed0:	c3c9                	beqz	a5,f52 <__swbuf_r+0xb4>
     ed2:	481c                	lw	a5,16(s0)
     ed4:	cfbd                	beqz	a5,f52 <__swbuf_r+0xb4>
     ed6:	481c                	lw	a5,16(s0)
     ed8:	4008                	lw	a0,0(s0)
     eda:	0ff97993          	andi	s3,s2,255
     ede:	0ff97913          	andi	s2,s2,255
     ee2:	8d1d                	sub	a0,a0,a5
     ee4:	485c                	lw	a5,20(s0)
     ee6:	00f54663          	blt	a0,a5,ef2 <__swbuf_r+0x54>
     eea:	85a2                	mv	a1,s0
     eec:	8526                	mv	a0,s1
     eee:	2c75                	jal	11aa <_fflush_r>
     ef0:	e52d                	bnez	a0,f5a <__swbuf_r+0xbc>
     ef2:	441c                	lw	a5,8(s0)
     ef4:	0505                	addi	a0,a0,1
     ef6:	17fd                	addi	a5,a5,-1
     ef8:	c41c                	sw	a5,8(s0)
     efa:	401c                	lw	a5,0(s0)
     efc:	00178713          	addi	a4,a5,1
     f00:	c018                	sw	a4,0(s0)
     f02:	01378023          	sb	s3,0(a5)
     f06:	485c                	lw	a5,20(s0)
     f08:	00a78963          	beq	a5,a0,f1a <__swbuf_r+0x7c>
     f0c:	00c45783          	lhu	a5,12(s0)
     f10:	8b85                	andi	a5,a5,1
     f12:	cb81                	beqz	a5,f22 <__swbuf_r+0x84>
     f14:	47a9                	li	a5,10
     f16:	00f91663          	bne	s2,a5,f22 <__swbuf_r+0x84>
     f1a:	85a2                	mv	a1,s0
     f1c:	8526                	mv	a0,s1
     f1e:	2471                	jal	11aa <_fflush_r>
     f20:	ed0d                	bnez	a0,f5a <__swbuf_r+0xbc>
     f22:	40f2                	lw	ra,28(sp)
     f24:	4462                	lw	s0,24(sp)
     f26:	854a                	mv	a0,s2
     f28:	44d2                	lw	s1,20(sp)
     f2a:	4942                	lw	s2,16(sp)
     f2c:	49b2                	lw	s3,12(sp)
     f2e:	6105                	addi	sp,sp,32
     f30:	8082                	ret
     f32:	00001797          	auipc	a5,0x1
     f36:	0ea78793          	addi	a5,a5,234 # 201c <__sf_fake_stdout>
     f3a:	00f41463          	bne	s0,a5,f42 <__swbuf_r+0xa4>
     f3e:	4480                	lw	s0,8(s1)
     f40:	b759                	j	ec6 <__swbuf_r+0x28>
     f42:	00001797          	auipc	a5,0x1
     f46:	09a78793          	addi	a5,a5,154 # 1fdc <__sf_fake_stderr>
     f4a:	f6f41ee3          	bne	s0,a5,ec6 <__swbuf_r+0x28>
     f4e:	44c0                	lw	s0,12(s1)
     f50:	bf9d                	j	ec6 <__swbuf_r+0x28>
     f52:	85a2                	mv	a1,s0
     f54:	8526                	mv	a0,s1
     f56:	2021                	jal	f5e <__swsetup_r>
     f58:	dd3d                	beqz	a0,ed6 <__swbuf_r+0x38>
     f5a:	597d                	li	s2,-1
     f5c:	b7d9                	j	f22 <__swbuf_r+0x84>

00000f5e <__swsetup_r>:
__swsetup_r():
     f5e:	1141                	addi	sp,sp,-16
     f60:	20000797          	auipc	a5,0x20000
     f64:	adc78793          	addi	a5,a5,-1316 # 20000a3c <_impure_ptr>
     f68:	c226                	sw	s1,4(sp)
     f6a:	4384                	lw	s1,0(a5)
     f6c:	c422                	sw	s0,8(sp)
     f6e:	c04a                	sw	s2,0(sp)
     f70:	c606                	sw	ra,12(sp)
     f72:	892a                	mv	s2,a0
     f74:	842e                	mv	s0,a1
     f76:	c489                	beqz	s1,f80 <__swsetup_r+0x22>
     f78:	4c9c                	lw	a5,24(s1)
     f7a:	e399                	bnez	a5,f80 <__swsetup_r+0x22>
     f7c:	8526                	mv	a0,s1
     f7e:	26a9                	jal	12c8 <__sinit>
     f80:	00001797          	auipc	a5,0x1
     f84:	07c78793          	addi	a5,a5,124 # 1ffc <__sf_fake_stdin>
     f88:	02f41c63          	bne	s0,a5,fc0 <__swsetup_r+0x62>
     f8c:	40c0                	lw	s0,4(s1)
     f8e:	00c41703          	lh	a4,12(s0)
     f92:	01071793          	slli	a5,a4,0x10
     f96:	83c1                	srli	a5,a5,0x10
     f98:	0087f693          	andi	a3,a5,8
     f9c:	eeb5                	bnez	a3,1018 <__swsetup_r+0xba>
     f9e:	0107f693          	andi	a3,a5,16
     fa2:	ee9d                	bnez	a3,fe0 <__swsetup_r+0x82>
     fa4:	47a5                	li	a5,9
     fa6:	00f92023          	sw	a5,0(s2)
     faa:	04076713          	ori	a4,a4,64
     fae:	00e41623          	sh	a4,12(s0)
     fb2:	557d                	li	a0,-1
     fb4:	40b2                	lw	ra,12(sp)
     fb6:	4422                	lw	s0,8(sp)
     fb8:	4492                	lw	s1,4(sp)
     fba:	4902                	lw	s2,0(sp)
     fbc:	0141                	addi	sp,sp,16
     fbe:	8082                	ret
     fc0:	00001797          	auipc	a5,0x1
     fc4:	05c78793          	addi	a5,a5,92 # 201c <__sf_fake_stdout>
     fc8:	00f41463          	bne	s0,a5,fd0 <__swsetup_r+0x72>
     fcc:	4480                	lw	s0,8(s1)
     fce:	b7c1                	j	f8e <__swsetup_r+0x30>
     fd0:	00001797          	auipc	a5,0x1
     fd4:	00c78793          	addi	a5,a5,12 # 1fdc <__sf_fake_stderr>
     fd8:	faf41be3          	bne	s0,a5,f8e <__swsetup_r+0x30>
     fdc:	44c0                	lw	s0,12(s1)
     fde:	bf45                	j	f8e <__swsetup_r+0x30>
     fe0:	8b91                	andi	a5,a5,4
     fe2:	c78d                	beqz	a5,100c <__swsetup_r+0xae>
     fe4:	584c                	lw	a1,52(s0)
     fe6:	c989                	beqz	a1,ff8 <__swsetup_r+0x9a>
     fe8:	04440793          	addi	a5,s0,68
     fec:	00f58463          	beq	a1,a5,ff4 <__swsetup_r+0x96>
     ff0:	854a                	mv	a0,s2
     ff2:	2391                	jal	1536 <_free_r>
     ff4:	02042a23          	sw	zero,52(s0)
     ff8:	00c45783          	lhu	a5,12(s0)
     ffc:	00042223          	sw	zero,4(s0)
    1000:	fdb7f793          	andi	a5,a5,-37
    1004:	00f41623          	sh	a5,12(s0)
    1008:	481c                	lw	a5,16(s0)
    100a:	c01c                	sw	a5,0(s0)
    100c:	00c45783          	lhu	a5,12(s0)
    1010:	0087e793          	ori	a5,a5,8
    1014:	00f41623          	sh	a5,12(s0)
    1018:	481c                	lw	a5,16(s0)
    101a:	ef81                	bnez	a5,1032 <__swsetup_r+0xd4>
    101c:	00c45783          	lhu	a5,12(s0)
    1020:	20000713          	li	a4,512
    1024:	2807f793          	andi	a5,a5,640
    1028:	00e78563          	beq	a5,a4,1032 <__swsetup_r+0xd4>
    102c:	85a2                	mv	a1,s0
    102e:	854a                	mv	a0,s2
    1030:	21a5                	jal	1498 <__smakebuf_r>
    1032:	00c45783          	lhu	a5,12(s0)
    1036:	0017f713          	andi	a4,a5,1
    103a:	c705                	beqz	a4,1062 <__swsetup_r+0x104>
    103c:	485c                	lw	a5,20(s0)
    103e:	00042423          	sw	zero,8(s0)
    1042:	40f007b3          	neg	a5,a5
    1046:	cc1c                	sw	a5,24(s0)
    1048:	481c                	lw	a5,16(s0)
    104a:	4501                	li	a0,0
    104c:	f7a5                	bnez	a5,fb4 <__swsetup_r+0x56>
    104e:	00c41783          	lh	a5,12(s0)
    1052:	0807f713          	andi	a4,a5,128
    1056:	df39                	beqz	a4,fb4 <__swsetup_r+0x56>
    1058:	0407e793          	ori	a5,a5,64
    105c:	00f41623          	sh	a5,12(s0)
    1060:	bf89                	j	fb2 <__swsetup_r+0x54>
    1062:	8b89                	andi	a5,a5,2
    1064:	4701                	li	a4,0
    1066:	e391                	bnez	a5,106a <__swsetup_r+0x10c>
    1068:	4858                	lw	a4,20(s0)
    106a:	c418                	sw	a4,8(s0)
    106c:	bff1                	j	1048 <__swsetup_r+0xea>

0000106e <__sflush_r>:
__sflush_r():
    106e:	00c5d783          	lhu	a5,12(a1)
    1072:	1101                	addi	sp,sp,-32
    1074:	cc22                	sw	s0,24(sp)
    1076:	ca26                	sw	s1,20(sp)
    1078:	ce06                	sw	ra,28(sp)
    107a:	c84a                	sw	s2,16(sp)
    107c:	c64e                	sw	s3,12(sp)
    107e:	0087f713          	andi	a4,a5,8
    1082:	84aa                	mv	s1,a0
    1084:	842e                	mv	s0,a1
    1086:	ef71                	bnez	a4,1162 <__sflush_r+0xf4>
    1088:	41d8                	lw	a4,4(a1)
    108a:	00e04d63          	bgtz	a4,10a4 <__sflush_r+0x36>
    108e:	41b8                	lw	a4,64(a1)
    1090:	00e04a63          	bgtz	a4,10a4 <__sflush_r+0x36>
    1094:	4501                	li	a0,0
    1096:	40f2                	lw	ra,28(sp)
    1098:	4462                	lw	s0,24(sp)
    109a:	44d2                	lw	s1,20(sp)
    109c:	4942                	lw	s2,16(sp)
    109e:	49b2                	lw	s3,12(sp)
    10a0:	6105                	addi	sp,sp,32
    10a2:	8082                	ret
    10a4:	5458                	lw	a4,44(s0)
    10a6:	d77d                	beqz	a4,1094 <__sflush_r+0x26>
    10a8:	0004a903          	lw	s2,0(s1)
    10ac:	01379693          	slli	a3,a5,0x13
    10b0:	0004a023          	sw	zero,0(s1)
    10b4:	0606dd63          	bgez	a3,112e <__sflush_r+0xc0>
    10b8:	4870                	lw	a2,84(s0)
    10ba:	00c45783          	lhu	a5,12(s0)
    10be:	8b91                	andi	a5,a5,4
    10c0:	c799                	beqz	a5,10ce <__sflush_r+0x60>
    10c2:	405c                	lw	a5,4(s0)
    10c4:	8e1d                	sub	a2,a2,a5
    10c6:	585c                	lw	a5,52(s0)
    10c8:	c399                	beqz	a5,10ce <__sflush_r+0x60>
    10ca:	403c                	lw	a5,64(s0)
    10cc:	8e1d                	sub	a2,a2,a5
    10ce:	545c                	lw	a5,44(s0)
    10d0:	500c                	lw	a1,32(s0)
    10d2:	4681                	li	a3,0
    10d4:	8526                	mv	a0,s1
    10d6:	9782                	jalr	a5
    10d8:	57fd                	li	a5,-1
    10da:	00c45703          	lhu	a4,12(s0)
    10de:	00f51d63          	bne	a0,a5,10f8 <__sflush_r+0x8a>
    10e2:	4094                	lw	a3,0(s1)
    10e4:	47f5                	li	a5,29
    10e6:	06d7e863          	bltu	a5,a3,1156 <__sflush_r+0xe8>
    10ea:	204007b7          	lui	a5,0x20400
    10ee:	0785                	addi	a5,a5,1
    10f0:	00d7d7b3          	srl	a5,a5,a3
    10f4:	8b85                	andi	a5,a5,1
    10f6:	c3a5                	beqz	a5,1156 <__sflush_r+0xe8>
    10f8:	481c                	lw	a5,16(s0)
    10fa:	00042223          	sw	zero,4(s0)
    10fe:	c01c                	sw	a5,0(s0)
    1100:	01371793          	slli	a5,a4,0x13
    1104:	0007d863          	bgez	a5,1114 <__sflush_r+0xa6>
    1108:	57fd                	li	a5,-1
    110a:	00f51463          	bne	a0,a5,1112 <__sflush_r+0xa4>
    110e:	409c                	lw	a5,0(s1)
    1110:	e391                	bnez	a5,1114 <__sflush_r+0xa6>
    1112:	c868                	sw	a0,84(s0)
    1114:	584c                	lw	a1,52(s0)
    1116:	0124a023          	sw	s2,0(s1)
    111a:	ddad                	beqz	a1,1094 <__sflush_r+0x26>
    111c:	04440793          	addi	a5,s0,68
    1120:	00f58463          	beq	a1,a5,1128 <__sflush_r+0xba>
    1124:	8526                	mv	a0,s1
    1126:	2901                	jal	1536 <_free_r>
    1128:	02042a23          	sw	zero,52(s0)
    112c:	b7a5                	j	1094 <__sflush_r+0x26>
    112e:	500c                	lw	a1,32(s0)
    1130:	4601                	li	a2,0
    1132:	4685                	li	a3,1
    1134:	8526                	mv	a0,s1
    1136:	9702                	jalr	a4
    1138:	57fd                	li	a5,-1
    113a:	862a                	mv	a2,a0
    113c:	f6f51fe3          	bne	a0,a5,10ba <__sflush_r+0x4c>
    1140:	409c                	lw	a5,0(s1)
    1142:	dfa5                	beqz	a5,10ba <__sflush_r+0x4c>
    1144:	4775                	li	a4,29
    1146:	00e78563          	beq	a5,a4,1150 <__sflush_r+0xe2>
    114a:	4759                	li	a4,22
    114c:	04e79463          	bne	a5,a4,1194 <__sflush_r+0x126>
    1150:	0124a023          	sw	s2,0(s1)
    1154:	b781                	j	1094 <__sflush_r+0x26>
    1156:	04076713          	ori	a4,a4,64
    115a:	00e41623          	sh	a4,12(s0)
    115e:	557d                	li	a0,-1
    1160:	bf1d                	j	1096 <__sflush_r+0x28>
    1162:	0105a983          	lw	s3,16(a1)
    1166:	f20987e3          	beqz	s3,1094 <__sflush_r+0x26>
    116a:	0005a903          	lw	s2,0(a1)
    116e:	8b8d                	andi	a5,a5,3
    1170:	0135a023          	sw	s3,0(a1)
    1174:	41390933          	sub	s2,s2,s3
    1178:	4701                	li	a4,0
    117a:	e391                	bnez	a5,117e <__sflush_r+0x110>
    117c:	49d8                	lw	a4,20(a1)
    117e:	c418                	sw	a4,8(s0)
    1180:	f1205ae3          	blez	s2,1094 <__sflush_r+0x26>
    1184:	541c                	lw	a5,40(s0)
    1186:	500c                	lw	a1,32(s0)
    1188:	86ca                	mv	a3,s2
    118a:	864e                	mv	a2,s3
    118c:	8526                	mv	a0,s1
    118e:	9782                	jalr	a5
    1190:	00a04963          	bgtz	a0,11a2 <__sflush_r+0x134>
    1194:	00c45783          	lhu	a5,12(s0)
    1198:	0407e793          	ori	a5,a5,64
    119c:	00f41623          	sh	a5,12(s0)
    11a0:	bf7d                	j	115e <__sflush_r+0xf0>
    11a2:	99aa                	add	s3,s3,a0
    11a4:	40a90933          	sub	s2,s2,a0
    11a8:	bfe1                	j	1180 <__sflush_r+0x112>

000011aa <_fflush_r>:
_fflush_r():
    11aa:	499c                	lw	a5,16(a1)
    11ac:	cfb9                	beqz	a5,120a <_fflush_r+0x60>
    11ae:	1101                	addi	sp,sp,-32
    11b0:	cc22                	sw	s0,24(sp)
    11b2:	ce06                	sw	ra,28(sp)
    11b4:	842a                	mv	s0,a0
    11b6:	c511                	beqz	a0,11c2 <_fflush_r+0x18>
    11b8:	4d1c                	lw	a5,24(a0)
    11ba:	e781                	bnez	a5,11c2 <_fflush_r+0x18>
    11bc:	c62e                	sw	a1,12(sp)
    11be:	2229                	jal	12c8 <__sinit>
    11c0:	45b2                	lw	a1,12(sp)
    11c2:	00001797          	auipc	a5,0x1
    11c6:	e3a78793          	addi	a5,a5,-454 # 1ffc <__sf_fake_stdin>
    11ca:	00f59b63          	bne	a1,a5,11e0 <_fflush_r+0x36>
    11ce:	404c                	lw	a1,4(s0)
    11d0:	00c59783          	lh	a5,12(a1)
    11d4:	c795                	beqz	a5,1200 <_fflush_r+0x56>
    11d6:	8522                	mv	a0,s0
    11d8:	4462                	lw	s0,24(sp)
    11da:	40f2                	lw	ra,28(sp)
    11dc:	6105                	addi	sp,sp,32
    11de:	bd41                	j	106e <__sflush_r>
    11e0:	00001797          	auipc	a5,0x1
    11e4:	e3c78793          	addi	a5,a5,-452 # 201c <__sf_fake_stdout>
    11e8:	00f59463          	bne	a1,a5,11f0 <_fflush_r+0x46>
    11ec:	440c                	lw	a1,8(s0)
    11ee:	b7cd                	j	11d0 <_fflush_r+0x26>
    11f0:	00001797          	auipc	a5,0x1
    11f4:	dec78793          	addi	a5,a5,-532 # 1fdc <__sf_fake_stderr>
    11f8:	fcf59ce3          	bne	a1,a5,11d0 <_fflush_r+0x26>
    11fc:	444c                	lw	a1,12(s0)
    11fe:	bfc9                	j	11d0 <_fflush_r+0x26>
    1200:	40f2                	lw	ra,28(sp)
    1202:	4462                	lw	s0,24(sp)
    1204:	4501                	li	a0,0
    1206:	6105                	addi	sp,sp,32
    1208:	8082                	ret
    120a:	4501                	li	a0,0
    120c:	8082                	ret

0000120e <std>:
std():
    120e:	1141                	addi	sp,sp,-16
    1210:	c422                	sw	s0,8(sp)
    1212:	c606                	sw	ra,12(sp)
    1214:	842a                	mv	s0,a0
    1216:	00b51623          	sh	a1,12(a0)
    121a:	00c51723          	sh	a2,14(a0)
    121e:	00052023          	sw	zero,0(a0)
    1222:	00052223          	sw	zero,4(a0)
    1226:	00052423          	sw	zero,8(a0)
    122a:	06052223          	sw	zero,100(a0)
    122e:	00052823          	sw	zero,16(a0)
    1232:	00052a23          	sw	zero,20(a0)
    1236:	00052c23          	sw	zero,24(a0)
    123a:	4621                	li	a2,8
    123c:	4581                	li	a1,0
    123e:	05c50513          	addi	a0,a0,92
    1242:	871ff0ef          	jal	ra,ab2 <memset>
    1246:	00001797          	auipc	a5,0x1
    124a:	b4e78793          	addi	a5,a5,-1202 # 1d94 <__sread>
    124e:	d05c                	sw	a5,36(s0)
    1250:	00001797          	auipc	a5,0x1
    1254:	b7478793          	addi	a5,a5,-1164 # 1dc4 <__swrite>
    1258:	d41c                	sw	a5,40(s0)
    125a:	00001797          	auipc	a5,0x1
    125e:	bb878793          	addi	a5,a5,-1096 # 1e12 <__sseek>
    1262:	d45c                	sw	a5,44(s0)
    1264:	00001797          	auipc	a5,0x1
    1268:	be478793          	addi	a5,a5,-1052 # 1e48 <__sclose>
    126c:	d000                	sw	s0,32(s0)
    126e:	d81c                	sw	a5,48(s0)
    1270:	40b2                	lw	ra,12(sp)
    1272:	4422                	lw	s0,8(sp)
    1274:	0141                	addi	sp,sp,16
    1276:	8082                	ret

00001278 <_cleanup_r>:
_cleanup_r():
    1278:	00000597          	auipc	a1,0x0
    127c:	f3258593          	addi	a1,a1,-206 # 11aa <_fflush_r>
    1280:	aa89                	j	13d2 <_fwalk_reent>

00001282 <__sfmoreglue>:
__sfmoreglue():
    1282:	1141                	addi	sp,sp,-16
    1284:	c226                	sw	s1,4(sp)
    1286:	06800613          	li	a2,104
    128a:	fff58493          	addi	s1,a1,-1
    128e:	02c484b3          	mul	s1,s1,a2
    1292:	c04a                	sw	s2,0(sp)
    1294:	892e                	mv	s2,a1
    1296:	c422                	sw	s0,8(sp)
    1298:	c606                	sw	ra,12(sp)
    129a:	07448593          	addi	a1,s1,116
    129e:	2681                	jal	15de <_malloc_r>
    12a0:	842a                	mv	s0,a0
    12a2:	cd01                	beqz	a0,12ba <__sfmoreglue+0x38>
    12a4:	00052023          	sw	zero,0(a0)
    12a8:	01252223          	sw	s2,4(a0)
    12ac:	0531                	addi	a0,a0,12
    12ae:	c408                	sw	a0,8(s0)
    12b0:	06848613          	addi	a2,s1,104
    12b4:	4581                	li	a1,0
    12b6:	ffcff0ef          	jal	ra,ab2 <memset>
    12ba:	8522                	mv	a0,s0
    12bc:	40b2                	lw	ra,12(sp)
    12be:	4422                	lw	s0,8(sp)
    12c0:	4492                	lw	s1,4(sp)
    12c2:	4902                	lw	s2,0(sp)
    12c4:	0141                	addi	sp,sp,16
    12c6:	8082                	ret

000012c8 <__sinit>:
__sinit():
    12c8:	4d1c                	lw	a5,24(a0)
    12ca:	e3bd                	bnez	a5,1330 <__sinit+0x68>
    12cc:	1141                	addi	sp,sp,-16
    12ce:	c606                	sw	ra,12(sp)
    12d0:	c422                	sw	s0,8(sp)
    12d2:	00000797          	auipc	a5,0x0
    12d6:	fa678793          	addi	a5,a5,-90 # 1278 <_cleanup_r>
    12da:	d51c                	sw	a5,40(a0)
    12dc:	00001797          	auipc	a5,0x1
    12e0:	d9c78793          	addi	a5,a5,-612 # 2078 <_global_impure_ptr>
    12e4:	439c                	lw	a5,0(a5)
    12e6:	04052423          	sw	zero,72(a0)
    12ea:	04052623          	sw	zero,76(a0)
    12ee:	04052823          	sw	zero,80(a0)
    12f2:	00f51463          	bne	a0,a5,12fa <__sinit+0x32>
    12f6:	4785                	li	a5,1
    12f8:	cd1c                	sw	a5,24(a0)
    12fa:	842a                	mv	s0,a0
    12fc:	281d                	jal	1332 <__sfp>
    12fe:	c048                	sw	a0,4(s0)
    1300:	8522                	mv	a0,s0
    1302:	2805                	jal	1332 <__sfp>
    1304:	c408                	sw	a0,8(s0)
    1306:	8522                	mv	a0,s0
    1308:	202d                	jal	1332 <__sfp>
    130a:	c448                	sw	a0,12(s0)
    130c:	4048                	lw	a0,4(s0)
    130e:	4601                	li	a2,0
    1310:	4591                	li	a1,4
    1312:	3df5                	jal	120e <std>
    1314:	4408                	lw	a0,8(s0)
    1316:	4605                	li	a2,1
    1318:	45a5                	li	a1,9
    131a:	3dd5                	jal	120e <std>
    131c:	4448                	lw	a0,12(s0)
    131e:	4609                	li	a2,2
    1320:	45c9                	li	a1,18
    1322:	35f5                	jal	120e <std>
    1324:	4785                	li	a5,1
    1326:	cc1c                	sw	a5,24(s0)
    1328:	40b2                	lw	ra,12(sp)
    132a:	4422                	lw	s0,8(sp)
    132c:	0141                	addi	sp,sp,16
    132e:	8082                	ret
    1330:	8082                	ret

00001332 <__sfp>:
__sfp():
    1332:	1141                	addi	sp,sp,-16
    1334:	00001797          	auipc	a5,0x1
    1338:	d4478793          	addi	a5,a5,-700 # 2078 <_global_impure_ptr>
    133c:	c226                	sw	s1,4(sp)
    133e:	4384                	lw	s1,0(a5)
    1340:	c04a                	sw	s2,0(sp)
    1342:	c606                	sw	ra,12(sp)
    1344:	4c9c                	lw	a5,24(s1)
    1346:	c422                	sw	s0,8(sp)
    1348:	892a                	mv	s2,a0
    134a:	e399                	bnez	a5,1350 <__sfp+0x1e>
    134c:	8526                	mv	a0,s1
    134e:	3fad                	jal	12c8 <__sinit>
    1350:	04848493          	addi	s1,s1,72
    1354:	4480                	lw	s0,8(s1)
    1356:	40dc                	lw	a5,4(s1)
    1358:	17fd                	addi	a5,a5,-1
    135a:	0007d663          	bgez	a5,1366 <__sfp+0x34>
    135e:	409c                	lw	a5,0(s1)
    1360:	cfb9                	beqz	a5,13be <__sfp+0x8c>
    1362:	4084                	lw	s1,0(s1)
    1364:	bfc5                	j	1354 <__sfp+0x22>
    1366:	00c41703          	lh	a4,12(s0)
    136a:	e739                	bnez	a4,13b8 <__sfp+0x86>
    136c:	77c1                	lui	a5,0xffff0
    136e:	0785                	addi	a5,a5,1
    1370:	06042223          	sw	zero,100(s0)
    1374:	00042023          	sw	zero,0(s0)
    1378:	00042223          	sw	zero,4(s0)
    137c:	00042423          	sw	zero,8(s0)
    1380:	c45c                	sw	a5,12(s0)
    1382:	00042823          	sw	zero,16(s0)
    1386:	00042a23          	sw	zero,20(s0)
    138a:	00042c23          	sw	zero,24(s0)
    138e:	4621                	li	a2,8
    1390:	4581                	li	a1,0
    1392:	05c40513          	addi	a0,s0,92
    1396:	f1cff0ef          	jal	ra,ab2 <memset>
    139a:	02042a23          	sw	zero,52(s0)
    139e:	02042c23          	sw	zero,56(s0)
    13a2:	04042423          	sw	zero,72(s0)
    13a6:	04042623          	sw	zero,76(s0)
    13aa:	8522                	mv	a0,s0
    13ac:	40b2                	lw	ra,12(sp)
    13ae:	4422                	lw	s0,8(sp)
    13b0:	4492                	lw	s1,4(sp)
    13b2:	4902                	lw	s2,0(sp)
    13b4:	0141                	addi	sp,sp,16
    13b6:	8082                	ret
    13b8:	06840413          	addi	s0,s0,104
    13bc:	bf71                	j	1358 <__sfp+0x26>
    13be:	4591                	li	a1,4
    13c0:	854a                	mv	a0,s2
    13c2:	35c1                	jal	1282 <__sfmoreglue>
    13c4:	c088                	sw	a0,0(s1)
    13c6:	fd51                	bnez	a0,1362 <__sfp+0x30>
    13c8:	47b1                	li	a5,12
    13ca:	00f92023          	sw	a5,0(s2)
    13ce:	4401                	li	s0,0
    13d0:	bfe9                	j	13aa <__sfp+0x78>

000013d2 <_fwalk_reent>:
_fwalk_reent():
    13d2:	7179                	addi	sp,sp,-48
    13d4:	d422                	sw	s0,40(sp)
    13d6:	d04a                	sw	s2,32(sp)
    13d8:	cc52                	sw	s4,24(sp)
    13da:	ca56                	sw	s5,20(sp)
    13dc:	c85a                	sw	s6,16(sp)
    13de:	c65e                	sw	s7,12(sp)
    13e0:	d606                	sw	ra,44(sp)
    13e2:	d226                	sw	s1,36(sp)
    13e4:	ce4e                	sw	s3,28(sp)
    13e6:	8a2a                	mv	s4,a0
    13e8:	8aae                	mv	s5,a1
    13ea:	04850413          	addi	s0,a0,72
    13ee:	4901                	li	s2,0
    13f0:	4b05                	li	s6,1
    13f2:	5bfd                	li	s7,-1
    13f4:	ec09                	bnez	s0,140e <_fwalk_reent+0x3c>
    13f6:	50b2                	lw	ra,44(sp)
    13f8:	5422                	lw	s0,40(sp)
    13fa:	854a                	mv	a0,s2
    13fc:	5492                	lw	s1,36(sp)
    13fe:	5902                	lw	s2,32(sp)
    1400:	49f2                	lw	s3,28(sp)
    1402:	4a62                	lw	s4,24(sp)
    1404:	4ad2                	lw	s5,20(sp)
    1406:	4b42                	lw	s6,16(sp)
    1408:	4bb2                	lw	s7,12(sp)
    140a:	6145                	addi	sp,sp,48
    140c:	8082                	ret
    140e:	4404                	lw	s1,8(s0)
    1410:	00442983          	lw	s3,4(s0)
    1414:	19fd                	addi	s3,s3,-1
    1416:	0009d463          	bgez	s3,141e <_fwalk_reent+0x4c>
    141a:	4000                	lw	s0,0(s0)
    141c:	bfe1                	j	13f4 <_fwalk_reent+0x22>
    141e:	00c4d783          	lhu	a5,12(s1)
    1422:	00fb7b63          	bgeu	s6,a5,1438 <_fwalk_reent+0x66>
    1426:	00e49783          	lh	a5,14(s1)
    142a:	01778763          	beq	a5,s7,1438 <_fwalk_reent+0x66>
    142e:	85a6                	mv	a1,s1
    1430:	8552                	mv	a0,s4
    1432:	9a82                	jalr	s5
    1434:	00a96933          	or	s2,s2,a0
    1438:	06848493          	addi	s1,s1,104
    143c:	bfe1                	j	1414 <_fwalk_reent+0x42>

0000143e <__swhatbuf_r>:
__swhatbuf_r():
    143e:	7119                	addi	sp,sp,-128
    1440:	daa6                	sw	s1,116(sp)
    1442:	84ae                	mv	s1,a1
    1444:	00e59583          	lh	a1,14(a1)
    1448:	dca2                	sw	s0,120(sp)
    144a:	de86                	sw	ra,124(sp)
    144c:	8432                	mv	s0,a2
    144e:	0005dc63          	bgez	a1,1466 <__swhatbuf_r+0x28>
    1452:	00c4d783          	lhu	a5,12(s1)
    1456:	0006a023          	sw	zero,0(a3)
    145a:	0807f793          	andi	a5,a5,128
    145e:	e785                	bnez	a5,1486 <__swhatbuf_r+0x48>
    1460:	40000793          	li	a5,1024
    1464:	a01d                	j	148a <__swhatbuf_r+0x4c>
    1466:	0830                	addi	a2,sp,24
    1468:	c636                	sw	a3,12(sp)
    146a:	23b000ef          	jal	ra,1ea4 <_fstat_r>
    146e:	46b2                	lw	a3,12(sp)
    1470:	fe0541e3          	bltz	a0,1452 <__swhatbuf_r+0x14>
    1474:	4772                	lw	a4,28(sp)
    1476:	67bd                	lui	a5,0xf
    1478:	8ff9                	and	a5,a5,a4
    147a:	7779                	lui	a4,0xffffe
    147c:	97ba                	add	a5,a5,a4
    147e:	0017b793          	seqz	a5,a5
    1482:	c29c                	sw	a5,0(a3)
    1484:	bff1                	j	1460 <__swhatbuf_r+0x22>
    1486:	04000793          	li	a5,64
    148a:	c01c                	sw	a5,0(s0)
    148c:	50f6                	lw	ra,124(sp)
    148e:	5466                	lw	s0,120(sp)
    1490:	54d6                	lw	s1,116(sp)
    1492:	4501                	li	a0,0
    1494:	6109                	addi	sp,sp,128
    1496:	8082                	ret

00001498 <__smakebuf_r>:
__smakebuf_r():
    1498:	00c5d783          	lhu	a5,12(a1)
    149c:	1101                	addi	sp,sp,-32
    149e:	cc22                	sw	s0,24(sp)
    14a0:	ce06                	sw	ra,28(sp)
    14a2:	ca26                	sw	s1,20(sp)
    14a4:	c84a                	sw	s2,16(sp)
    14a6:	8b89                	andi	a5,a5,2
    14a8:	842e                	mv	s0,a1
    14aa:	cf89                	beqz	a5,14c4 <__smakebuf_r+0x2c>
    14ac:	04740793          	addi	a5,s0,71
    14b0:	c01c                	sw	a5,0(s0)
    14b2:	c81c                	sw	a5,16(s0)
    14b4:	4785                	li	a5,1
    14b6:	c85c                	sw	a5,20(s0)
    14b8:	40f2                	lw	ra,28(sp)
    14ba:	4462                	lw	s0,24(sp)
    14bc:	44d2                	lw	s1,20(sp)
    14be:	4942                	lw	s2,16(sp)
    14c0:	6105                	addi	sp,sp,32
    14c2:	8082                	ret
    14c4:	0074                	addi	a3,sp,12
    14c6:	0030                	addi	a2,sp,8
    14c8:	84aa                	mv	s1,a0
    14ca:	3f95                	jal	143e <__swhatbuf_r>
    14cc:	45a2                	lw	a1,8(sp)
    14ce:	892a                	mv	s2,a0
    14d0:	8526                	mv	a0,s1
    14d2:	2231                	jal	15de <_malloc_r>
    14d4:	ed01                	bnez	a0,14ec <__smakebuf_r+0x54>
    14d6:	00c41783          	lh	a5,12(s0)
    14da:	2007f713          	andi	a4,a5,512
    14de:	ff69                	bnez	a4,14b8 <__smakebuf_r+0x20>
    14e0:	9bf1                	andi	a5,a5,-4
    14e2:	0027e793          	ori	a5,a5,2
    14e6:	00f41623          	sh	a5,12(s0)
    14ea:	b7c9                	j	14ac <__smakebuf_r+0x14>
    14ec:	00000797          	auipc	a5,0x0
    14f0:	d8c78793          	addi	a5,a5,-628 # 1278 <_cleanup_r>
    14f4:	d49c                	sw	a5,40(s1)
    14f6:	00c45783          	lhu	a5,12(s0)
    14fa:	c008                	sw	a0,0(s0)
    14fc:	c808                	sw	a0,16(s0)
    14fe:	0807e793          	ori	a5,a5,128
    1502:	00f41623          	sh	a5,12(s0)
    1506:	47a2                	lw	a5,8(sp)
    1508:	c85c                	sw	a5,20(s0)
    150a:	47b2                	lw	a5,12(sp)
    150c:	cf91                	beqz	a5,1528 <__smakebuf_r+0x90>
    150e:	00e41583          	lh	a1,14(s0)
    1512:	8526                	mv	a0,s1
    1514:	1bb000ef          	jal	ra,1ece <_isatty_r>
    1518:	c901                	beqz	a0,1528 <__smakebuf_r+0x90>
    151a:	00c45783          	lhu	a5,12(s0)
    151e:	9bf1                	andi	a5,a5,-4
    1520:	0017e793          	ori	a5,a5,1
    1524:	00f41623          	sh	a5,12(s0)
    1528:	00c45783          	lhu	a5,12(s0)
    152c:	00f96933          	or	s2,s2,a5
    1530:	01241623          	sh	s2,12(s0)
    1534:	b751                	j	14b8 <__smakebuf_r+0x20>

00001536 <_free_r>:
_free_r():
    1536:	c1dd                	beqz	a1,15dc <_free_r+0xa6>
    1538:	ffc5a783          	lw	a5,-4(a1)
    153c:	1141                	addi	sp,sp,-16
    153e:	c422                	sw	s0,8(sp)
    1540:	c606                	sw	ra,12(sp)
    1542:	c226                	sw	s1,4(sp)
    1544:	ffc58413          	addi	s0,a1,-4
    1548:	0007d363          	bgez	a5,154e <_free_r+0x18>
    154c:	943e                	add	s0,s0,a5
    154e:	84aa                	mv	s1,a0
    1550:	1ed000ef          	jal	ra,1f3c <__malloc_lock>
    1554:	81018793          	addi	a5,gp,-2032 # 20000a48 <__malloc_free_list>
    1558:	439c                	lw	a5,0(a5)
    155a:	ef81                	bnez	a5,1572 <_free_r+0x3c>
    155c:	00042223          	sw	zero,4(s0)
    1560:	8081a823          	sw	s0,-2032(gp) # 20000a48 <__malloc_free_list>
    1564:	4422                	lw	s0,8(sp)
    1566:	40b2                	lw	ra,12(sp)
    1568:	8526                	mv	a0,s1
    156a:	4492                	lw	s1,4(sp)
    156c:	0141                	addi	sp,sp,16
    156e:	1d10006f          	j	1f3e <__malloc_unlock>
    1572:	00f47e63          	bgeu	s0,a5,158e <_free_r+0x58>
    1576:	4014                	lw	a3,0(s0)
    1578:	00d40733          	add	a4,s0,a3
    157c:	00e79663          	bne	a5,a4,1588 <_free_r+0x52>
    1580:	4398                	lw	a4,0(a5)
    1582:	43dc                	lw	a5,4(a5)
    1584:	9736                	add	a4,a4,a3
    1586:	c018                	sw	a4,0(s0)
    1588:	c05c                	sw	a5,4(s0)
    158a:	bfd9                	j	1560 <_free_r+0x2a>
    158c:	87ba                	mv	a5,a4
    158e:	43d8                	lw	a4,4(a5)
    1590:	c319                	beqz	a4,1596 <_free_r+0x60>
    1592:	fee47de3          	bgeu	s0,a4,158c <_free_r+0x56>
    1596:	4394                	lw	a3,0(a5)
    1598:	00d78633          	add	a2,a5,a3
    159c:	00861f63          	bne	a2,s0,15ba <_free_r+0x84>
    15a0:	4010                	lw	a2,0(s0)
    15a2:	96b2                	add	a3,a3,a2
    15a4:	c394                	sw	a3,0(a5)
    15a6:	00d78633          	add	a2,a5,a3
    15aa:	fac71de3          	bne	a4,a2,1564 <_free_r+0x2e>
    15ae:	4310                	lw	a2,0(a4)
    15b0:	4358                	lw	a4,4(a4)
    15b2:	96b2                	add	a3,a3,a2
    15b4:	c394                	sw	a3,0(a5)
    15b6:	c3d8                	sw	a4,4(a5)
    15b8:	b775                	j	1564 <_free_r+0x2e>
    15ba:	00c47563          	bgeu	s0,a2,15c4 <_free_r+0x8e>
    15be:	47b1                	li	a5,12
    15c0:	c09c                	sw	a5,0(s1)
    15c2:	b74d                	j	1564 <_free_r+0x2e>
    15c4:	4010                	lw	a2,0(s0)
    15c6:	00c406b3          	add	a3,s0,a2
    15ca:	00d71663          	bne	a4,a3,15d6 <_free_r+0xa0>
    15ce:	4314                	lw	a3,0(a4)
    15d0:	4358                	lw	a4,4(a4)
    15d2:	96b2                	add	a3,a3,a2
    15d4:	c014                	sw	a3,0(s0)
    15d6:	c058                	sw	a4,4(s0)
    15d8:	c3c0                	sw	s0,4(a5)
    15da:	b769                	j	1564 <_free_r+0x2e>
    15dc:	8082                	ret

000015de <_malloc_r>:
_malloc_r():
    15de:	1101                	addi	sp,sp,-32
    15e0:	ca26                	sw	s1,20(sp)
    15e2:	00358493          	addi	s1,a1,3
    15e6:	98f1                	andi	s1,s1,-4
    15e8:	ce06                	sw	ra,28(sp)
    15ea:	cc22                	sw	s0,24(sp)
    15ec:	c84a                	sw	s2,16(sp)
    15ee:	c64e                	sw	s3,12(sp)
    15f0:	04a1                	addi	s1,s1,8
    15f2:	47b1                	li	a5,12
    15f4:	04f4f363          	bgeu	s1,a5,163a <_malloc_r+0x5c>
    15f8:	44b1                	li	s1,12
    15fa:	04b4e263          	bltu	s1,a1,163e <_malloc_r+0x60>
    15fe:	892a                	mv	s2,a0
    1600:	13d000ef          	jal	ra,1f3c <__malloc_lock>
    1604:	81018793          	addi	a5,gp,-2032 # 20000a48 <__malloc_free_list>
    1608:	4398                	lw	a4,0(a5)
    160a:	843a                	mv	s0,a4
    160c:	e039                	bnez	s0,1652 <_malloc_r+0x74>
    160e:	81418793          	addi	a5,gp,-2028 # 20000a4c <__malloc_sbrk_start>
    1612:	439c                	lw	a5,0(a5)
    1614:	e791                	bnez	a5,1620 <_malloc_r+0x42>
    1616:	4581                	li	a1,0
    1618:	854a                	mv	a0,s2
    161a:	2f81                	jal	1d6a <_sbrk_r>
    161c:	80a1aa23          	sw	a0,-2028(gp) # 20000a4c <__malloc_sbrk_start>
    1620:	85a6                	mv	a1,s1
    1622:	854a                	mv	a0,s2
    1624:	2799                	jal	1d6a <_sbrk_r>
    1626:	59fd                	li	s3,-1
    1628:	07351963          	bne	a0,s3,169a <_malloc_r+0xbc>
    162c:	47b1                	li	a5,12
    162e:	00f92023          	sw	a5,0(s2)
    1632:	854a                	mv	a0,s2
    1634:	10b000ef          	jal	ra,1f3e <__malloc_unlock>
    1638:	a029                	j	1642 <_malloc_r+0x64>
    163a:	fc04d0e3          	bgez	s1,15fa <_malloc_r+0x1c>
    163e:	47b1                	li	a5,12
    1640:	c11c                	sw	a5,0(a0)
    1642:	4501                	li	a0,0
    1644:	40f2                	lw	ra,28(sp)
    1646:	4462                	lw	s0,24(sp)
    1648:	44d2                	lw	s1,20(sp)
    164a:	4942                	lw	s2,16(sp)
    164c:	49b2                	lw	s3,12(sp)
    164e:	6105                	addi	sp,sp,32
    1650:	8082                	ret
    1652:	401c                	lw	a5,0(s0)
    1654:	8f85                	sub	a5,a5,s1
    1656:	0207cf63          	bltz	a5,1694 <_malloc_r+0xb6>
    165a:	46ad                	li	a3,11
    165c:	00f6f663          	bgeu	a3,a5,1668 <_malloc_r+0x8a>
    1660:	c01c                	sw	a5,0(s0)
    1662:	943e                	add	s0,s0,a5
    1664:	c004                	sw	s1,0(s0)
    1666:	a031                	j	1672 <_malloc_r+0x94>
    1668:	405c                	lw	a5,4(s0)
    166a:	02871363          	bne	a4,s0,1690 <_malloc_r+0xb2>
    166e:	80f1a823          	sw	a5,-2032(gp) # 20000a48 <__malloc_free_list>
    1672:	854a                	mv	a0,s2
    1674:	0cb000ef          	jal	ra,1f3e <__malloc_unlock>
    1678:	00b40513          	addi	a0,s0,11
    167c:	00440793          	addi	a5,s0,4
    1680:	9961                	andi	a0,a0,-8
    1682:	40f50733          	sub	a4,a0,a5
    1686:	df5d                	beqz	a4,1644 <_malloc_r+0x66>
    1688:	943a                	add	s0,s0,a4
    168a:	8f89                	sub	a5,a5,a0
    168c:	c01c                	sw	a5,0(s0)
    168e:	bf5d                	j	1644 <_malloc_r+0x66>
    1690:	c35c                	sw	a5,4(a4)
    1692:	b7c5                	j	1672 <_malloc_r+0x94>
    1694:	8722                	mv	a4,s0
    1696:	4040                	lw	s0,4(s0)
    1698:	bf95                	j	160c <_malloc_r+0x2e>
    169a:	00350413          	addi	s0,a0,3
    169e:	9871                	andi	s0,s0,-4
    16a0:	fc8502e3          	beq	a0,s0,1664 <_malloc_r+0x86>
    16a4:	40a405b3          	sub	a1,s0,a0
    16a8:	854a                	mv	a0,s2
    16aa:	25c1                	jal	1d6a <_sbrk_r>
    16ac:	fb351ce3          	bne	a0,s3,1664 <_malloc_r+0x86>
    16b0:	bfb5                	j	162c <_malloc_r+0x4e>

000016b2 <__sfputc_r>:
__sfputc_r():
    16b2:	461c                	lw	a5,8(a2)
    16b4:	17fd                	addi	a5,a5,-1
    16b6:	c61c                	sw	a5,8(a2)
    16b8:	0007da63          	bgez	a5,16cc <__sfputc_r+0x1a>
    16bc:	4e18                	lw	a4,24(a2)
    16be:	00e7c563          	blt	a5,a4,16c8 <__sfputc_r+0x16>
    16c2:	47a9                	li	a5,10
    16c4:	00f59463          	bne	a1,a5,16cc <__sfputc_r+0x1a>
    16c8:	fd6ff06f          	j	e9e <__swbuf_r>
    16cc:	421c                	lw	a5,0(a2)
    16ce:	852e                	mv	a0,a1
    16d0:	00178713          	addi	a4,a5,1
    16d4:	c218                	sw	a4,0(a2)
    16d6:	00b78023          	sb	a1,0(a5)
    16da:	8082                	ret

000016dc <__sfputs_r>:
__sfputs_r():
    16dc:	1101                	addi	sp,sp,-32
    16de:	cc22                	sw	s0,24(sp)
    16e0:	ca26                	sw	s1,20(sp)
    16e2:	c84a                	sw	s2,16(sp)
    16e4:	c64e                	sw	s3,12(sp)
    16e6:	c452                	sw	s4,8(sp)
    16e8:	ce06                	sw	ra,28(sp)
    16ea:	892a                	mv	s2,a0
    16ec:	89ae                	mv	s3,a1
    16ee:	8432                	mv	s0,a2
    16f0:	00d604b3          	add	s1,a2,a3
    16f4:	5a7d                	li	s4,-1
    16f6:	00941463          	bne	s0,s1,16fe <__sfputs_r+0x22>
    16fa:	4501                	li	a0,0
    16fc:	a809                	j	170e <__sfputs_r+0x32>
    16fe:	00044583          	lbu	a1,0(s0)
    1702:	864e                	mv	a2,s3
    1704:	854a                	mv	a0,s2
    1706:	3775                	jal	16b2 <__sfputc_r>
    1708:	0405                	addi	s0,s0,1
    170a:	ff4516e3          	bne	a0,s4,16f6 <__sfputs_r+0x1a>
    170e:	40f2                	lw	ra,28(sp)
    1710:	4462                	lw	s0,24(sp)
    1712:	44d2                	lw	s1,20(sp)
    1714:	4942                	lw	s2,16(sp)
    1716:	49b2                	lw	s3,12(sp)
    1718:	4a22                	lw	s4,8(sp)
    171a:	6105                	addi	sp,sp,32
    171c:	8082                	ret

0000171e <_vfiprintf_r>:
_vfiprintf_r():
    171e:	7135                	addi	sp,sp,-160
    1720:	cd22                	sw	s0,152(sp)
    1722:	cb26                	sw	s1,148(sp)
    1724:	c94a                	sw	s2,144(sp)
    1726:	c74e                	sw	s3,140(sp)
    1728:	cf06                	sw	ra,156(sp)
    172a:	c552                	sw	s4,136(sp)
    172c:	c356                	sw	s5,132(sp)
    172e:	c15a                	sw	s6,128(sp)
    1730:	dede                	sw	s7,124(sp)
    1732:	dce2                	sw	s8,120(sp)
    1734:	dae6                	sw	s9,116(sp)
    1736:	89aa                	mv	s3,a0
    1738:	84ae                	mv	s1,a1
    173a:	8932                	mv	s2,a2
    173c:	8436                	mv	s0,a3
    173e:	c501                	beqz	a0,1746 <_vfiprintf_r+0x28>
    1740:	4d1c                	lw	a5,24(a0)
    1742:	e391                	bnez	a5,1746 <_vfiprintf_r+0x28>
    1744:	3651                	jal	12c8 <__sinit>
    1746:	00001797          	auipc	a5,0x1
    174a:	8b678793          	addi	a5,a5,-1866 # 1ffc <__sf_fake_stdin>
    174e:	0cf49b63          	bne	s1,a5,1824 <_vfiprintf_r+0x106>
    1752:	0049a483          	lw	s1,4(s3)
    1756:	00c4d783          	lhu	a5,12(s1)
    175a:	8ba1                	andi	a5,a5,8
    175c:	c7f5                	beqz	a5,1848 <_vfiprintf_r+0x12a>
    175e:	489c                	lw	a5,16(s1)
    1760:	c7e5                	beqz	a5,1848 <_vfiprintf_r+0x12a>
    1762:	02000793          	li	a5,32
    1766:	02f104a3          	sb	a5,41(sp)
    176a:	03000793          	li	a5,48
    176e:	d202                	sw	zero,36(sp)
    1770:	02f10523          	sb	a5,42(sp)
    1774:	c622                	sw	s0,12(sp)
    1776:	02500b93          	li	s7,37
    177a:	00001a97          	auipc	s5,0x1
    177e:	8c2a8a93          	addi	s5,s5,-1854 # 203c <__sf_fake_stdout+0x20>
    1782:	4c05                	li	s8,1
    1784:	4b29                	li	s6,10
    1786:	844a                	mv	s0,s2
    1788:	00044783          	lbu	a5,0(s0)
    178c:	c399                	beqz	a5,1792 <_vfiprintf_r+0x74>
    178e:	0f779063          	bne	a5,s7,186e <_vfiprintf_r+0x150>
    1792:	41240cb3          	sub	s9,s0,s2
    1796:	000c8d63          	beqz	s9,17b0 <_vfiprintf_r+0x92>
    179a:	86e6                	mv	a3,s9
    179c:	864a                	mv	a2,s2
    179e:	85a6                	mv	a1,s1
    17a0:	854e                	mv	a0,s3
    17a2:	3f2d                	jal	16dc <__sfputs_r>
    17a4:	57fd                	li	a5,-1
    17a6:	1ef50663          	beq	a0,a5,1992 <_vfiprintf_r+0x274>
    17aa:	5692                	lw	a3,36(sp)
    17ac:	96e6                	add	a3,a3,s9
    17ae:	d236                	sw	a3,36(sp)
    17b0:	00044783          	lbu	a5,0(s0)
    17b4:	1c078f63          	beqz	a5,1992 <_vfiprintf_r+0x274>
    17b8:	57fd                	li	a5,-1
    17ba:	00140913          	addi	s2,s0,1
    17be:	c802                	sw	zero,16(sp)
    17c0:	ce02                	sw	zero,28(sp)
    17c2:	ca3e                	sw	a5,20(sp)
    17c4:	cc02                	sw	zero,24(sp)
    17c6:	040109a3          	sb	zero,83(sp)
    17ca:	d482                	sw	zero,104(sp)
    17cc:	00094583          	lbu	a1,0(s2)
    17d0:	4615                	li	a2,5
    17d2:	8556                	mv	a0,s5
    17d4:	27b9                	jal	1f22 <memchr>
    17d6:	00190413          	addi	s0,s2,1
    17da:	47c2                	lw	a5,16(sp)
    17dc:	e959                	bnez	a0,1872 <_vfiprintf_r+0x154>
    17de:	0107f713          	andi	a4,a5,16
    17e2:	c709                	beqz	a4,17ec <_vfiprintf_r+0xce>
    17e4:	02000713          	li	a4,32
    17e8:	04e109a3          	sb	a4,83(sp)
    17ec:	0087f713          	andi	a4,a5,8
    17f0:	c709                	beqz	a4,17fa <_vfiprintf_r+0xdc>
    17f2:	02b00713          	li	a4,43
    17f6:	04e109a3          	sb	a4,83(sp)
    17fa:	00094683          	lbu	a3,0(s2)
    17fe:	02a00713          	li	a4,42
    1802:	08e68063          	beq	a3,a4,1882 <_vfiprintf_r+0x164>
    1806:	47f2                	lw	a5,28(sp)
    1808:	844a                	mv	s0,s2
    180a:	4681                	li	a3,0
    180c:	4625                	li	a2,9
    180e:	00044703          	lbu	a4,0(s0)
    1812:	00140593          	addi	a1,s0,1
    1816:	fd070713          	addi	a4,a4,-48 # ffffdfd0 <_eusrstack+0xdfff5fd0>
    181a:	0ae67963          	bgeu	a2,a4,18cc <_vfiprintf_r+0x1ae>
    181e:	cab5                	beqz	a3,1892 <_vfiprintf_r+0x174>
    1820:	ce3e                	sw	a5,28(sp)
    1822:	a885                	j	1892 <_vfiprintf_r+0x174>
    1824:	00000797          	auipc	a5,0x0
    1828:	7f878793          	addi	a5,a5,2040 # 201c <__sf_fake_stdout>
    182c:	00f49563          	bne	s1,a5,1836 <_vfiprintf_r+0x118>
    1830:	0089a483          	lw	s1,8(s3)
    1834:	b70d                	j	1756 <_vfiprintf_r+0x38>
    1836:	00000797          	auipc	a5,0x0
    183a:	7a678793          	addi	a5,a5,1958 # 1fdc <__sf_fake_stderr>
    183e:	f0f49ce3          	bne	s1,a5,1756 <_vfiprintf_r+0x38>
    1842:	00c9a483          	lw	s1,12(s3)
    1846:	bf01                	j	1756 <_vfiprintf_r+0x38>
    1848:	85a6                	mv	a1,s1
    184a:	854e                	mv	a0,s3
    184c:	f12ff0ef          	jal	ra,f5e <__swsetup_r>
    1850:	d909                	beqz	a0,1762 <_vfiprintf_r+0x44>
    1852:	557d                	li	a0,-1
    1854:	40fa                	lw	ra,156(sp)
    1856:	446a                	lw	s0,152(sp)
    1858:	44da                	lw	s1,148(sp)
    185a:	494a                	lw	s2,144(sp)
    185c:	49ba                	lw	s3,140(sp)
    185e:	4a2a                	lw	s4,136(sp)
    1860:	4a9a                	lw	s5,132(sp)
    1862:	4b0a                	lw	s6,128(sp)
    1864:	5bf6                	lw	s7,124(sp)
    1866:	5c66                	lw	s8,120(sp)
    1868:	5cd6                	lw	s9,116(sp)
    186a:	610d                	addi	sp,sp,160
    186c:	8082                	ret
    186e:	0405                	addi	s0,s0,1
    1870:	bf21                	j	1788 <_vfiprintf_r+0x6a>
    1872:	41550533          	sub	a0,a0,s5
    1876:	00ac1533          	sll	a0,s8,a0
    187a:	8fc9                	or	a5,a5,a0
    187c:	c83e                	sw	a5,16(sp)
    187e:	8922                	mv	s2,s0
    1880:	b7b1                	j	17cc <_vfiprintf_r+0xae>
    1882:	4732                	lw	a4,12(sp)
    1884:	00470693          	addi	a3,a4,4
    1888:	4318                	lw	a4,0(a4)
    188a:	c636                	sw	a3,12(sp)
    188c:	02074963          	bltz	a4,18be <_vfiprintf_r+0x1a0>
    1890:	ce3a                	sw	a4,28(sp)
    1892:	00044703          	lbu	a4,0(s0)
    1896:	02e00793          	li	a5,46
    189a:	04f71f63          	bne	a4,a5,18f8 <_vfiprintf_r+0x1da>
    189e:	00144703          	lbu	a4,1(s0)
    18a2:	02a00793          	li	a5,42
    18a6:	02f71b63          	bne	a4,a5,18dc <_vfiprintf_r+0x1be>
    18aa:	47b2                	lw	a5,12(sp)
    18ac:	0409                	addi	s0,s0,2
    18ae:	00478713          	addi	a4,a5,4
    18b2:	439c                	lw	a5,0(a5)
    18b4:	c63a                	sw	a4,12(sp)
    18b6:	0207c163          	bltz	a5,18d8 <_vfiprintf_r+0x1ba>
    18ba:	ca3e                	sw	a5,20(sp)
    18bc:	a835                	j	18f8 <_vfiprintf_r+0x1da>
    18be:	40e00733          	neg	a4,a4
    18c2:	0027e793          	ori	a5,a5,2
    18c6:	ce3a                	sw	a4,28(sp)
    18c8:	c83e                	sw	a5,16(sp)
    18ca:	b7e1                	j	1892 <_vfiprintf_r+0x174>
    18cc:	036787b3          	mul	a5,a5,s6
    18d0:	4685                	li	a3,1
    18d2:	842e                	mv	s0,a1
    18d4:	97ba                	add	a5,a5,a4
    18d6:	bf25                	j	180e <_vfiprintf_r+0xf0>
    18d8:	57fd                	li	a5,-1
    18da:	b7c5                	j	18ba <_vfiprintf_r+0x19c>
    18dc:	0405                	addi	s0,s0,1
    18de:	ca02                	sw	zero,20(sp)
    18e0:	4681                	li	a3,0
    18e2:	4781                	li	a5,0
    18e4:	4625                	li	a2,9
    18e6:	00044703          	lbu	a4,0(s0)
    18ea:	00140593          	addi	a1,s0,1
    18ee:	fd070713          	addi	a4,a4,-48
    18f2:	06e67663          	bgeu	a2,a4,195e <_vfiprintf_r+0x240>
    18f6:	f2f1                	bnez	a3,18ba <_vfiprintf_r+0x19c>
    18f8:	00044583          	lbu	a1,0(s0)
    18fc:	460d                	li	a2,3
    18fe:	00000517          	auipc	a0,0x0
    1902:	74650513          	addi	a0,a0,1862 # 2044 <__sf_fake_stdout+0x28>
    1906:	2d31                	jal	1f22 <memchr>
    1908:	cd11                	beqz	a0,1924 <_vfiprintf_r+0x206>
    190a:	00000797          	auipc	a5,0x0
    190e:	73a78793          	addi	a5,a5,1850 # 2044 <__sf_fake_stdout+0x28>
    1912:	8d1d                	sub	a0,a0,a5
    1914:	04000793          	li	a5,64
    1918:	00a797b3          	sll	a5,a5,a0
    191c:	4542                	lw	a0,16(sp)
    191e:	0405                	addi	s0,s0,1
    1920:	8d5d                	or	a0,a0,a5
    1922:	c82a                	sw	a0,16(sp)
    1924:	00044583          	lbu	a1,0(s0)
    1928:	4619                	li	a2,6
    192a:	00000517          	auipc	a0,0x0
    192e:	71e50513          	addi	a0,a0,1822 # 2048 <__sf_fake_stdout+0x2c>
    1932:	00140913          	addi	s2,s0,1
    1936:	02b10423          	sb	a1,40(sp)
    193a:	23e5                	jal	1f22 <memchr>
    193c:	c13d                	beqz	a0,19a2 <_vfiprintf_r+0x284>
    193e:	ffffe797          	auipc	a5,0xffffe
    1942:	6c278793          	addi	a5,a5,1730 # 0 <_sinit>
    1946:	e795                	bnez	a5,1972 <_vfiprintf_r+0x254>
    1948:	4742                	lw	a4,16(sp)
    194a:	47b2                	lw	a5,12(sp)
    194c:	10077713          	andi	a4,a4,256
    1950:	cf09                	beqz	a4,196a <_vfiprintf_r+0x24c>
    1952:	0791                	addi	a5,a5,4
    1954:	c63e                	sw	a5,12(sp)
    1956:	5792                	lw	a5,36(sp)
    1958:	97d2                	add	a5,a5,s4
    195a:	d23e                	sw	a5,36(sp)
    195c:	b52d                	j	1786 <_vfiprintf_r+0x68>
    195e:	036787b3          	mul	a5,a5,s6
    1962:	4685                	li	a3,1
    1964:	842e                	mv	s0,a1
    1966:	97ba                	add	a5,a5,a4
    1968:	bfbd                	j	18e6 <_vfiprintf_r+0x1c8>
    196a:	079d                	addi	a5,a5,7
    196c:	9be1                	andi	a5,a5,-8
    196e:	07a1                	addi	a5,a5,8
    1970:	b7d5                	j	1954 <_vfiprintf_r+0x236>
    1972:	0078                	addi	a4,sp,12
    1974:	00000697          	auipc	a3,0x0
    1978:	d6868693          	addi	a3,a3,-664 # 16dc <__sfputs_r>
    197c:	8626                	mv	a2,s1
    197e:	080c                	addi	a1,sp,16
    1980:	854e                	mv	a0,s3
    1982:	00000097          	auipc	ra,0x0
    1986:	000000e7          	jalr	zero # 0 <_sinit>
    198a:	57fd                	li	a5,-1
    198c:	8a2a                	mv	s4,a0
    198e:	fcf514e3          	bne	a0,a5,1956 <_vfiprintf_r+0x238>
    1992:	00c4d783          	lhu	a5,12(s1)
    1996:	0407f793          	andi	a5,a5,64
    199a:	ea079ce3          	bnez	a5,1852 <_vfiprintf_r+0x134>
    199e:	5512                	lw	a0,36(sp)
    19a0:	bd55                	j	1854 <_vfiprintf_r+0x136>
    19a2:	0078                	addi	a4,sp,12
    19a4:	00000697          	auipc	a3,0x0
    19a8:	d3868693          	addi	a3,a3,-712 # 16dc <__sfputs_r>
    19ac:	8626                	mv	a2,s1
    19ae:	080c                	addi	a1,sp,16
    19b0:	854e                	mv	a0,s3
    19b2:	2a01                	jal	1ac2 <_printf_i>
    19b4:	bfd9                	j	198a <_vfiprintf_r+0x26c>

000019b6 <_printf_common>:
_printf_common():
    19b6:	7179                	addi	sp,sp,-48
    19b8:	ca56                	sw	s5,20(sp)
    19ba:	499c                	lw	a5,16(a1)
    19bc:	8aba                	mv	s5,a4
    19be:	4598                	lw	a4,8(a1)
    19c0:	d422                	sw	s0,40(sp)
    19c2:	d226                	sw	s1,36(sp)
    19c4:	ce4e                	sw	s3,28(sp)
    19c6:	cc52                	sw	s4,24(sp)
    19c8:	d606                	sw	ra,44(sp)
    19ca:	d04a                	sw	s2,32(sp)
    19cc:	c85a                	sw	s6,16(sp)
    19ce:	c65e                	sw	s7,12(sp)
    19d0:	89aa                	mv	s3,a0
    19d2:	842e                	mv	s0,a1
    19d4:	84b2                	mv	s1,a2
    19d6:	8a36                	mv	s4,a3
    19d8:	00e7d363          	bge	a5,a4,19de <_printf_common+0x28>
    19dc:	87ba                	mv	a5,a4
    19de:	c09c                	sw	a5,0(s1)
    19e0:	04344703          	lbu	a4,67(s0)
    19e4:	c319                	beqz	a4,19ea <_printf_common+0x34>
    19e6:	0785                	addi	a5,a5,1
    19e8:	c09c                	sw	a5,0(s1)
    19ea:	401c                	lw	a5,0(s0)
    19ec:	0207f793          	andi	a5,a5,32
    19f0:	c781                	beqz	a5,19f8 <_printf_common+0x42>
    19f2:	409c                	lw	a5,0(s1)
    19f4:	0789                	addi	a5,a5,2
    19f6:	c09c                	sw	a5,0(s1)
    19f8:	00042903          	lw	s2,0(s0)
    19fc:	00697913          	andi	s2,s2,6
    1a00:	00091a63          	bnez	s2,1a14 <_printf_common+0x5e>
    1a04:	01940b13          	addi	s6,s0,25
    1a08:	5bfd                	li	s7,-1
    1a0a:	445c                	lw	a5,12(s0)
    1a0c:	4098                	lw	a4,0(s1)
    1a0e:	8f99                	sub	a5,a5,a4
    1a10:	04f94c63          	blt	s2,a5,1a68 <_printf_common+0xb2>
    1a14:	401c                	lw	a5,0(s0)
    1a16:	04344683          	lbu	a3,67(s0)
    1a1a:	0207f793          	andi	a5,a5,32
    1a1e:	00d036b3          	snez	a3,a3
    1a22:	eba5                	bnez	a5,1a92 <_printf_common+0xdc>
    1a24:	04340613          	addi	a2,s0,67
    1a28:	85d2                	mv	a1,s4
    1a2a:	854e                	mv	a0,s3
    1a2c:	9a82                	jalr	s5
    1a2e:	57fd                	li	a5,-1
    1a30:	04f50363          	beq	a0,a5,1a76 <_printf_common+0xc0>
    1a34:	401c                	lw	a5,0(s0)
    1a36:	4611                	li	a2,4
    1a38:	4098                	lw	a4,0(s1)
    1a3a:	8b99                	andi	a5,a5,6
    1a3c:	4454                	lw	a3,12(s0)
    1a3e:	4481                	li	s1,0
    1a40:	00c79763          	bne	a5,a2,1a4e <_printf_common+0x98>
    1a44:	40e684b3          	sub	s1,a3,a4
    1a48:	0004d363          	bgez	s1,1a4e <_printf_common+0x98>
    1a4c:	4481                	li	s1,0
    1a4e:	441c                	lw	a5,8(s0)
    1a50:	4818                	lw	a4,16(s0)
    1a52:	00f75463          	bge	a4,a5,1a5a <_printf_common+0xa4>
    1a56:	8f99                	sub	a5,a5,a4
    1a58:	94be                	add	s1,s1,a5
    1a5a:	4901                	li	s2,0
    1a5c:	0469                	addi	s0,s0,26
    1a5e:	5b7d                	li	s6,-1
    1a60:	05249863          	bne	s1,s2,1ab0 <_printf_common+0xfa>
    1a64:	4501                	li	a0,0
    1a66:	a809                	j	1a78 <_printf_common+0xc2>
    1a68:	4685                	li	a3,1
    1a6a:	865a                	mv	a2,s6
    1a6c:	85d2                	mv	a1,s4
    1a6e:	854e                	mv	a0,s3
    1a70:	9a82                	jalr	s5
    1a72:	01751e63          	bne	a0,s7,1a8e <_printf_common+0xd8>
    1a76:	557d                	li	a0,-1
    1a78:	50b2                	lw	ra,44(sp)
    1a7a:	5422                	lw	s0,40(sp)
    1a7c:	5492                	lw	s1,36(sp)
    1a7e:	5902                	lw	s2,32(sp)
    1a80:	49f2                	lw	s3,28(sp)
    1a82:	4a62                	lw	s4,24(sp)
    1a84:	4ad2                	lw	s5,20(sp)
    1a86:	4b42                	lw	s6,16(sp)
    1a88:	4bb2                	lw	s7,12(sp)
    1a8a:	6145                	addi	sp,sp,48
    1a8c:	8082                	ret
    1a8e:	0905                	addi	s2,s2,1
    1a90:	bfad                	j	1a0a <_printf_common+0x54>
    1a92:	00d40733          	add	a4,s0,a3
    1a96:	03000613          	li	a2,48
    1a9a:	04c701a3          	sb	a2,67(a4)
    1a9e:	04544703          	lbu	a4,69(s0)
    1aa2:	00168793          	addi	a5,a3,1
    1aa6:	97a2                	add	a5,a5,s0
    1aa8:	0689                	addi	a3,a3,2
    1aaa:	04e781a3          	sb	a4,67(a5)
    1aae:	bf9d                	j	1a24 <_printf_common+0x6e>
    1ab0:	4685                	li	a3,1
    1ab2:	8622                	mv	a2,s0
    1ab4:	85d2                	mv	a1,s4
    1ab6:	854e                	mv	a0,s3
    1ab8:	9a82                	jalr	s5
    1aba:	fb650ee3          	beq	a0,s6,1a76 <_printf_common+0xc0>
    1abe:	0905                	addi	s2,s2,1
    1ac0:	b745                	j	1a60 <_printf_common+0xaa>

00001ac2 <_printf_i>:
_printf_i():
    1ac2:	7179                	addi	sp,sp,-48
    1ac4:	d422                	sw	s0,40(sp)
    1ac6:	d226                	sw	s1,36(sp)
    1ac8:	d04a                	sw	s2,32(sp)
    1aca:	ce4e                	sw	s3,28(sp)
    1acc:	d606                	sw	ra,44(sp)
    1ace:	cc52                	sw	s4,24(sp)
    1ad0:	ca56                	sw	s5,20(sp)
    1ad2:	c85a                	sw	s6,16(sp)
    1ad4:	89b6                	mv	s3,a3
    1ad6:	0185c683          	lbu	a3,24(a1)
    1ada:	06900793          	li	a5,105
    1ade:	8932                	mv	s2,a2
    1ae0:	84aa                	mv	s1,a0
    1ae2:	842e                	mv	s0,a1
    1ae4:	04358613          	addi	a2,a1,67
    1ae8:	02f68d63          	beq	a3,a5,1b22 <_printf_i+0x60>
    1aec:	06d7e263          	bltu	a5,a3,1b50 <_printf_i+0x8e>
    1af0:	05800793          	li	a5,88
    1af4:	18f68763          	beq	a3,a5,1c82 <_printf_i+0x1c0>
    1af8:	00d7ed63          	bltu	a5,a3,1b12 <_printf_i+0x50>
    1afc:	22068063          	beqz	a3,1d1c <_printf_i+0x25a>
    1b00:	04300793          	li	a5,67
    1b04:	0af68e63          	beq	a3,a5,1bc0 <_printf_i+0xfe>
    1b08:	04240a93          	addi	s5,s0,66
    1b0c:	04d40123          	sb	a3,66(s0)
    1b10:	a0c9                	j	1bd2 <_printf_i+0x110>
    1b12:	06300793          	li	a5,99
    1b16:	0af68563          	beq	a3,a5,1bc0 <_printf_i+0xfe>
    1b1a:	06400793          	li	a5,100
    1b1e:	fef695e3          	bne	a3,a5,1b08 <_printf_i+0x46>
    1b22:	401c                	lw	a5,0(s0)
    1b24:	4308                	lw	a0,0(a4)
    1b26:	0807f693          	andi	a3,a5,128
    1b2a:	00450593          	addi	a1,a0,4
    1b2e:	c6c5                	beqz	a3,1bd6 <_printf_i+0x114>
    1b30:	411c                	lw	a5,0(a0)
    1b32:	c30c                	sw	a1,0(a4)
    1b34:	0007d863          	bgez	a5,1b44 <_printf_i+0x82>
    1b38:	02d00713          	li	a4,45
    1b3c:	40f007b3          	neg	a5,a5
    1b40:	04e401a3          	sb	a4,67(s0)
    1b44:	00000697          	auipc	a3,0x0
    1b48:	50c68693          	addi	a3,a3,1292 # 2050 <__sf_fake_stdout+0x34>
    1b4c:	4729                	li	a4,10
    1b4e:	a86d                	j	1c08 <_printf_i+0x146>
    1b50:	07000793          	li	a5,112
    1b54:	16f68363          	beq	a3,a5,1cba <_printf_i+0x1f8>
    1b58:	02d7e563          	bltu	a5,a3,1b82 <_printf_i+0xc0>
    1b5c:	06e00793          	li	a5,110
    1b60:	18f68a63          	beq	a3,a5,1cf4 <_printf_i+0x232>
    1b64:	06f00793          	li	a5,111
    1b68:	faf690e3          	bne	a3,a5,1b08 <_printf_i+0x46>
    1b6c:	400c                	lw	a1,0(s0)
    1b6e:	431c                	lw	a5,0(a4)
    1b70:	0805f813          	andi	a6,a1,128
    1b74:	00478513          	addi	a0,a5,4
    1b78:	06080763          	beqz	a6,1be6 <_printf_i+0x124>
    1b7c:	c308                	sw	a0,0(a4)
    1b7e:	439c                	lw	a5,0(a5)
    1b80:	a88d                	j	1bf2 <_printf_i+0x130>
    1b82:	07500793          	li	a5,117
    1b86:	fef683e3          	beq	a3,a5,1b6c <_printf_i+0xaa>
    1b8a:	07800793          	li	a5,120
    1b8e:	12f68a63          	beq	a3,a5,1cc2 <_printf_i+0x200>
    1b92:	07300793          	li	a5,115
    1b96:	f6f699e3          	bne	a3,a5,1b08 <_printf_i+0x46>
    1b9a:	431c                	lw	a5,0(a4)
    1b9c:	41d0                	lw	a2,4(a1)
    1b9e:	4581                	li	a1,0
    1ba0:	00478693          	addi	a3,a5,4
    1ba4:	c314                	sw	a3,0(a4)
    1ba6:	0007aa83          	lw	s5,0(a5)
    1baa:	8556                	mv	a0,s5
    1bac:	2e9d                	jal	1f22 <memchr>
    1bae:	c501                	beqz	a0,1bb6 <_printf_i+0xf4>
    1bb0:	41550533          	sub	a0,a0,s5
    1bb4:	c048                	sw	a0,4(s0)
    1bb6:	405c                	lw	a5,4(s0)
    1bb8:	c81c                	sw	a5,16(s0)
    1bba:	040401a3          	sb	zero,67(s0)
    1bbe:	a871                	j	1c5a <_printf_i+0x198>
    1bc0:	431c                	lw	a5,0(a4)
    1bc2:	04240a93          	addi	s5,s0,66
    1bc6:	00478693          	addi	a3,a5,4
    1bca:	439c                	lw	a5,0(a5)
    1bcc:	c314                	sw	a3,0(a4)
    1bce:	04f40123          	sb	a5,66(s0)
    1bd2:	4785                	li	a5,1
    1bd4:	b7d5                	j	1bb8 <_printf_i+0xf6>
    1bd6:	0407f693          	andi	a3,a5,64
    1bda:	411c                	lw	a5,0(a0)
    1bdc:	c30c                	sw	a1,0(a4)
    1bde:	dab9                	beqz	a3,1b34 <_printf_i+0x72>
    1be0:	07c2                	slli	a5,a5,0x10
    1be2:	87c1                	srai	a5,a5,0x10
    1be4:	bf81                	j	1b34 <_printf_i+0x72>
    1be6:	0405f593          	andi	a1,a1,64
    1bea:	c308                	sw	a0,0(a4)
    1bec:	d9c9                	beqz	a1,1b7e <_printf_i+0xbc>
    1bee:	0007d783          	lhu	a5,0(a5)
    1bf2:	06f00713          	li	a4,111
    1bf6:	0ee68763          	beq	a3,a4,1ce4 <_printf_i+0x222>
    1bfa:	00000697          	auipc	a3,0x0
    1bfe:	45668693          	addi	a3,a3,1110 # 2050 <__sf_fake_stdout+0x34>
    1c02:	4729                	li	a4,10
    1c04:	040401a3          	sb	zero,67(s0)
    1c08:	404c                	lw	a1,4(s0)
    1c0a:	c40c                	sw	a1,8(s0)
    1c0c:	0005c563          	bltz	a1,1c16 <_printf_i+0x154>
    1c10:	4008                	lw	a0,0(s0)
    1c12:	996d                	andi	a0,a0,-5
    1c14:	c008                	sw	a0,0(s0)
    1c16:	e399                	bnez	a5,1c1c <_printf_i+0x15a>
    1c18:	8ab2                	mv	s5,a2
    1c1a:	cd91                	beqz	a1,1c36 <_printf_i+0x174>
    1c1c:	8ab2                	mv	s5,a2
    1c1e:	02e7f5b3          	remu	a1,a5,a4
    1c22:	1afd                	addi	s5,s5,-1
    1c24:	95b6                	add	a1,a1,a3
    1c26:	0005c583          	lbu	a1,0(a1)
    1c2a:	00ba8023          	sb	a1,0(s5)
    1c2e:	02e7d5b3          	divu	a1,a5,a4
    1c32:	0ae7ff63          	bgeu	a5,a4,1cf0 <_printf_i+0x22e>
    1c36:	47a1                	li	a5,8
    1c38:	00f71e63          	bne	a4,a5,1c54 <_printf_i+0x192>
    1c3c:	401c                	lw	a5,0(s0)
    1c3e:	8b85                	andi	a5,a5,1
    1c40:	cb91                	beqz	a5,1c54 <_printf_i+0x192>
    1c42:	4058                	lw	a4,4(s0)
    1c44:	481c                	lw	a5,16(s0)
    1c46:	00e7c763          	blt	a5,a4,1c54 <_printf_i+0x192>
    1c4a:	03000793          	li	a5,48
    1c4e:	fefa8fa3          	sb	a5,-1(s5)
    1c52:	1afd                	addi	s5,s5,-1
    1c54:	41560633          	sub	a2,a2,s5
    1c58:	c810                	sw	a2,16(s0)
    1c5a:	874e                	mv	a4,s3
    1c5c:	86ca                	mv	a3,s2
    1c5e:	0070                	addi	a2,sp,12
    1c60:	85a2                	mv	a1,s0
    1c62:	8526                	mv	a0,s1
    1c64:	3b89                	jal	19b6 <_printf_common>
    1c66:	5a7d                	li	s4,-1
    1c68:	0b451e63          	bne	a0,s4,1d24 <_printf_i+0x262>
    1c6c:	557d                	li	a0,-1
    1c6e:	50b2                	lw	ra,44(sp)
    1c70:	5422                	lw	s0,40(sp)
    1c72:	5492                	lw	s1,36(sp)
    1c74:	5902                	lw	s2,32(sp)
    1c76:	49f2                	lw	s3,28(sp)
    1c78:	4a62                	lw	s4,24(sp)
    1c7a:	4ad2                	lw	s5,20(sp)
    1c7c:	4b42                	lw	s6,16(sp)
    1c7e:	6145                	addi	sp,sp,48
    1c80:	8082                	ret
    1c82:	04d582a3          	sb	a3,69(a1)
    1c86:	00000697          	auipc	a3,0x0
    1c8a:	3ca68693          	addi	a3,a3,970 # 2050 <__sf_fake_stdout+0x34>
    1c8e:	400c                	lw	a1,0(s0)
    1c90:	4308                	lw	a0,0(a4)
    1c92:	0805f813          	andi	a6,a1,128
    1c96:	411c                	lw	a5,0(a0)
    1c98:	0511                	addi	a0,a0,4
    1c9a:	02080d63          	beqz	a6,1cd4 <_printf_i+0x212>
    1c9e:	c308                	sw	a0,0(a4)
    1ca0:	0015f713          	andi	a4,a1,1
    1ca4:	c701                	beqz	a4,1cac <_printf_i+0x1ea>
    1ca6:	0205e593          	ori	a1,a1,32
    1caa:	c00c                	sw	a1,0(s0)
    1cac:	4741                	li	a4,16
    1cae:	fbb9                	bnez	a5,1c04 <_printf_i+0x142>
    1cb0:	400c                	lw	a1,0(s0)
    1cb2:	fdf5f593          	andi	a1,a1,-33
    1cb6:	c00c                	sw	a1,0(s0)
    1cb8:	b7b1                	j	1c04 <_printf_i+0x142>
    1cba:	419c                	lw	a5,0(a1)
    1cbc:	0207e793          	ori	a5,a5,32
    1cc0:	c19c                	sw	a5,0(a1)
    1cc2:	07800793          	li	a5,120
    1cc6:	04f402a3          	sb	a5,69(s0)
    1cca:	00000697          	auipc	a3,0x0
    1cce:	39a68693          	addi	a3,a3,922 # 2064 <__sf_fake_stdout+0x48>
    1cd2:	bf75                	j	1c8e <_printf_i+0x1cc>
    1cd4:	0405f813          	andi	a6,a1,64
    1cd8:	c308                	sw	a0,0(a4)
    1cda:	fc0803e3          	beqz	a6,1ca0 <_printf_i+0x1de>
    1cde:	07c2                	slli	a5,a5,0x10
    1ce0:	83c1                	srli	a5,a5,0x10
    1ce2:	bf7d                	j	1ca0 <_printf_i+0x1de>
    1ce4:	00000697          	auipc	a3,0x0
    1ce8:	36c68693          	addi	a3,a3,876 # 2050 <__sf_fake_stdout+0x34>
    1cec:	4721                	li	a4,8
    1cee:	bf19                	j	1c04 <_printf_i+0x142>
    1cf0:	87ae                	mv	a5,a1
    1cf2:	b735                	j	1c1e <_printf_i+0x15c>
    1cf4:	4194                	lw	a3,0(a1)
    1cf6:	431c                	lw	a5,0(a4)
    1cf8:	49cc                	lw	a1,20(a1)
    1cfa:	0806f813          	andi	a6,a3,128
    1cfe:	00478513          	addi	a0,a5,4
    1d02:	00080663          	beqz	a6,1d0e <_printf_i+0x24c>
    1d06:	c308                	sw	a0,0(a4)
    1d08:	439c                	lw	a5,0(a5)
    1d0a:	c38c                	sw	a1,0(a5)
    1d0c:	a801                	j	1d1c <_printf_i+0x25a>
    1d0e:	c308                	sw	a0,0(a4)
    1d10:	0406f693          	andi	a3,a3,64
    1d14:	439c                	lw	a5,0(a5)
    1d16:	daf5                	beqz	a3,1d0a <_printf_i+0x248>
    1d18:	00b79023          	sh	a1,0(a5)
    1d1c:	00042823          	sw	zero,16(s0)
    1d20:	8ab2                	mv	s5,a2
    1d22:	bf25                	j	1c5a <_printf_i+0x198>
    1d24:	4814                	lw	a3,16(s0)
    1d26:	8656                	mv	a2,s5
    1d28:	85ca                	mv	a1,s2
    1d2a:	8526                	mv	a0,s1
    1d2c:	9982                	jalr	s3
    1d2e:	f3450fe3          	beq	a0,s4,1c6c <_printf_i+0x1aa>
    1d32:	401c                	lw	a5,0(s0)
    1d34:	8b89                	andi	a5,a5,2
    1d36:	e78d                	bnez	a5,1d60 <_printf_i+0x29e>
    1d38:	47b2                	lw	a5,12(sp)
    1d3a:	4448                	lw	a0,12(s0)
    1d3c:	f2f559e3          	bge	a0,a5,1c6e <_printf_i+0x1ac>
    1d40:	853e                	mv	a0,a5
    1d42:	b735                	j	1c6e <_printf_i+0x1ac>
    1d44:	4685                	li	a3,1
    1d46:	8656                	mv	a2,s5
    1d48:	85ca                	mv	a1,s2
    1d4a:	8526                	mv	a0,s1
    1d4c:	9982                	jalr	s3
    1d4e:	f1650fe3          	beq	a0,s6,1c6c <_printf_i+0x1aa>
    1d52:	0a05                	addi	s4,s4,1
    1d54:	445c                	lw	a5,12(s0)
    1d56:	4732                	lw	a4,12(sp)
    1d58:	8f99                	sub	a5,a5,a4
    1d5a:	fefa45e3          	blt	s4,a5,1d44 <_printf_i+0x282>
    1d5e:	bfe9                	j	1d38 <_printf_i+0x276>
    1d60:	4a01                	li	s4,0
    1d62:	01940a93          	addi	s5,s0,25
    1d66:	5b7d                	li	s6,-1
    1d68:	b7f5                	j	1d54 <_printf_i+0x292>

00001d6a <_sbrk_r>:
_sbrk_r():
    1d6a:	1141                	addi	sp,sp,-16
    1d6c:	c422                	sw	s0,8(sp)
    1d6e:	842a                	mv	s0,a0
    1d70:	852e                	mv	a0,a1
    1d72:	8001ac23          	sw	zero,-2024(gp) # 20000a50 <errno>
    1d76:	c606                	sw	ra,12(sp)
    1d78:	f55fe0ef          	jal	ra,ccc <_sbrk>
    1d7c:	57fd                	li	a5,-1
    1d7e:	00f51763          	bne	a0,a5,1d8c <_sbrk_r+0x22>
    1d82:	81818793          	addi	a5,gp,-2024 # 20000a50 <errno>
    1d86:	439c                	lw	a5,0(a5)
    1d88:	c391                	beqz	a5,1d8c <_sbrk_r+0x22>
    1d8a:	c01c                	sw	a5,0(s0)
    1d8c:	40b2                	lw	ra,12(sp)
    1d8e:	4422                	lw	s0,8(sp)
    1d90:	0141                	addi	sp,sp,16
    1d92:	8082                	ret

00001d94 <__sread>:
__sread():
    1d94:	1141                	addi	sp,sp,-16
    1d96:	c422                	sw	s0,8(sp)
    1d98:	842e                	mv	s0,a1
    1d9a:	00e59583          	lh	a1,14(a1)
    1d9e:	c606                	sw	ra,12(sp)
    1da0:	2245                	jal	1f40 <_read_r>
    1da2:	00054963          	bltz	a0,1db4 <__sread+0x20>
    1da6:	487c                	lw	a5,84(s0)
    1da8:	97aa                	add	a5,a5,a0
    1daa:	c87c                	sw	a5,84(s0)
    1dac:	40b2                	lw	ra,12(sp)
    1dae:	4422                	lw	s0,8(sp)
    1db0:	0141                	addi	sp,sp,16
    1db2:	8082                	ret
    1db4:	00c45783          	lhu	a5,12(s0)
    1db8:	777d                	lui	a4,0xfffff
    1dba:	177d                	addi	a4,a4,-1
    1dbc:	8ff9                	and	a5,a5,a4
    1dbe:	00f41623          	sh	a5,12(s0)
    1dc2:	b7ed                	j	1dac <__sread+0x18>

00001dc4 <__swrite>:
__swrite():
    1dc4:	00c5d783          	lhu	a5,12(a1)
    1dc8:	1101                	addi	sp,sp,-32
    1dca:	cc22                	sw	s0,24(sp)
    1dcc:	ca26                	sw	s1,20(sp)
    1dce:	c84a                	sw	s2,16(sp)
    1dd0:	c64e                	sw	s3,12(sp)
    1dd2:	ce06                	sw	ra,28(sp)
    1dd4:	1007f793          	andi	a5,a5,256
    1dd8:	84aa                	mv	s1,a0
    1dda:	842e                	mv	s0,a1
    1ddc:	8932                	mv	s2,a2
    1dde:	89b6                	mv	s3,a3
    1de0:	c791                	beqz	a5,1dec <__swrite+0x28>
    1de2:	00e59583          	lh	a1,14(a1)
    1de6:	4689                	li	a3,2
    1de8:	4601                	li	a2,0
    1dea:	2231                	jal	1ef6 <_lseek_r>
    1dec:	00c45783          	lhu	a5,12(s0)
    1df0:	777d                	lui	a4,0xfffff
    1df2:	177d                	addi	a4,a4,-1
    1df4:	8ff9                	and	a5,a5,a4
    1df6:	00f41623          	sh	a5,12(s0)
    1dfa:	00e41583          	lh	a1,14(s0)
    1dfe:	4462                	lw	s0,24(sp)
    1e00:	40f2                	lw	ra,28(sp)
    1e02:	86ce                	mv	a3,s3
    1e04:	864a                	mv	a2,s2
    1e06:	49b2                	lw	s3,12(sp)
    1e08:	4942                	lw	s2,16(sp)
    1e0a:	8526                	mv	a0,s1
    1e0c:	44d2                	lw	s1,20(sp)
    1e0e:	6105                	addi	sp,sp,32
    1e10:	a83d                	j	1e4e <_write_r>

00001e12 <__sseek>:
__sseek():
    1e12:	1141                	addi	sp,sp,-16
    1e14:	c422                	sw	s0,8(sp)
    1e16:	842e                	mv	s0,a1
    1e18:	00e59583          	lh	a1,14(a1)
    1e1c:	c606                	sw	ra,12(sp)
    1e1e:	28e1                	jal	1ef6 <_lseek_r>
    1e20:	57fd                	li	a5,-1
    1e22:	00c45703          	lhu	a4,12(s0)
    1e26:	00f51b63          	bne	a0,a5,1e3c <__sseek+0x2a>
    1e2a:	77fd                	lui	a5,0xfffff
    1e2c:	17fd                	addi	a5,a5,-1
    1e2e:	8ff9                	and	a5,a5,a4
    1e30:	00f41623          	sh	a5,12(s0)
    1e34:	40b2                	lw	ra,12(sp)
    1e36:	4422                	lw	s0,8(sp)
    1e38:	0141                	addi	sp,sp,16
    1e3a:	8082                	ret
    1e3c:	6785                	lui	a5,0x1
    1e3e:	8fd9                	or	a5,a5,a4
    1e40:	00f41623          	sh	a5,12(s0)
    1e44:	c868                	sw	a0,84(s0)
    1e46:	b7fd                	j	1e34 <__sseek+0x22>

00001e48 <__sclose>:
__sclose():
    1e48:	00e59583          	lh	a1,14(a1)
    1e4c:	a805                	j	1e7c <_close_r>

00001e4e <_write_r>:
_write_r():
    1e4e:	1141                	addi	sp,sp,-16
    1e50:	c422                	sw	s0,8(sp)
    1e52:	842a                	mv	s0,a0
    1e54:	852e                	mv	a0,a1
    1e56:	85b2                	mv	a1,a2
    1e58:	8636                	mv	a2,a3
    1e5a:	8001ac23          	sw	zero,-2024(gp) # 20000a50 <errno>
    1e5e:	c606                	sw	ra,12(sp)
    1e60:	e45fe0ef          	jal	ra,ca4 <_write>
    1e64:	57fd                	li	a5,-1
    1e66:	00f51763          	bne	a0,a5,1e74 <_write_r+0x26>
    1e6a:	81818793          	addi	a5,gp,-2024 # 20000a50 <errno>
    1e6e:	439c                	lw	a5,0(a5)
    1e70:	c391                	beqz	a5,1e74 <_write_r+0x26>
    1e72:	c01c                	sw	a5,0(s0)
    1e74:	40b2                	lw	ra,12(sp)
    1e76:	4422                	lw	s0,8(sp)
    1e78:	0141                	addi	sp,sp,16
    1e7a:	8082                	ret

00001e7c <_close_r>:
_close_r():
    1e7c:	1141                	addi	sp,sp,-16
    1e7e:	c422                	sw	s0,8(sp)
    1e80:	842a                	mv	s0,a0
    1e82:	852e                	mv	a0,a1
    1e84:	8001ac23          	sw	zero,-2024(gp) # 20000a50 <errno>
    1e88:	c606                	sw	ra,12(sp)
    1e8a:	20cd                	jal	1f6c <_close>
    1e8c:	57fd                	li	a5,-1
    1e8e:	00f51763          	bne	a0,a5,1e9c <_close_r+0x20>
    1e92:	81818793          	addi	a5,gp,-2024 # 20000a50 <errno>
    1e96:	439c                	lw	a5,0(a5)
    1e98:	c391                	beqz	a5,1e9c <_close_r+0x20>
    1e9a:	c01c                	sw	a5,0(s0)
    1e9c:	40b2                	lw	ra,12(sp)
    1e9e:	4422                	lw	s0,8(sp)
    1ea0:	0141                	addi	sp,sp,16
    1ea2:	8082                	ret

00001ea4 <_fstat_r>:
_fstat_r():
    1ea4:	1141                	addi	sp,sp,-16
    1ea6:	c422                	sw	s0,8(sp)
    1ea8:	842a                	mv	s0,a0
    1eaa:	852e                	mv	a0,a1
    1eac:	85b2                	mv	a1,a2
    1eae:	8001ac23          	sw	zero,-2024(gp) # 20000a50 <errno>
    1eb2:	c606                	sw	ra,12(sp)
    1eb4:	20d1                	jal	1f78 <_fstat>
    1eb6:	57fd                	li	a5,-1
    1eb8:	00f51763          	bne	a0,a5,1ec6 <_fstat_r+0x22>
    1ebc:	81818793          	addi	a5,gp,-2024 # 20000a50 <errno>
    1ec0:	439c                	lw	a5,0(a5)
    1ec2:	c391                	beqz	a5,1ec6 <_fstat_r+0x22>
    1ec4:	c01c                	sw	a5,0(s0)
    1ec6:	40b2                	lw	ra,12(sp)
    1ec8:	4422                	lw	s0,8(sp)
    1eca:	0141                	addi	sp,sp,16
    1ecc:	8082                	ret

00001ece <_isatty_r>:
_isatty_r():
    1ece:	1141                	addi	sp,sp,-16
    1ed0:	c422                	sw	s0,8(sp)
    1ed2:	842a                	mv	s0,a0
    1ed4:	852e                	mv	a0,a1
    1ed6:	8001ac23          	sw	zero,-2024(gp) # 20000a50 <errno>
    1eda:	c606                	sw	ra,12(sp)
    1edc:	2065                	jal	1f84 <_isatty>
    1ede:	57fd                	li	a5,-1
    1ee0:	00f51763          	bne	a0,a5,1eee <_isatty_r+0x20>
    1ee4:	81818793          	addi	a5,gp,-2024 # 20000a50 <errno>
    1ee8:	439c                	lw	a5,0(a5)
    1eea:	c391                	beqz	a5,1eee <_isatty_r+0x20>
    1eec:	c01c                	sw	a5,0(s0)
    1eee:	40b2                	lw	ra,12(sp)
    1ef0:	4422                	lw	s0,8(sp)
    1ef2:	0141                	addi	sp,sp,16
    1ef4:	8082                	ret

00001ef6 <_lseek_r>:
_lseek_r():
    1ef6:	1141                	addi	sp,sp,-16
    1ef8:	c422                	sw	s0,8(sp)
    1efa:	842a                	mv	s0,a0
    1efc:	852e                	mv	a0,a1
    1efe:	85b2                	mv	a1,a2
    1f00:	8636                	mv	a2,a3
    1f02:	8001ac23          	sw	zero,-2024(gp) # 20000a50 <errno>
    1f06:	c606                	sw	ra,12(sp)
    1f08:	2061                	jal	1f90 <_lseek>
    1f0a:	57fd                	li	a5,-1
    1f0c:	00f51763          	bne	a0,a5,1f1a <_lseek_r+0x24>
    1f10:	81818793          	addi	a5,gp,-2024 # 20000a50 <errno>
    1f14:	439c                	lw	a5,0(a5)
    1f16:	c391                	beqz	a5,1f1a <_lseek_r+0x24>
    1f18:	c01c                	sw	a5,0(s0)
    1f1a:	40b2                	lw	ra,12(sp)
    1f1c:	4422                	lw	s0,8(sp)
    1f1e:	0141                	addi	sp,sp,16
    1f20:	8082                	ret

00001f22 <memchr>:
memchr():
    1f22:	0ff5f593          	andi	a1,a1,255
    1f26:	962a                	add	a2,a2,a0
    1f28:	00c51463          	bne	a0,a2,1f30 <memchr+0xe>
    1f2c:	4501                	li	a0,0
    1f2e:	8082                	ret
    1f30:	00054783          	lbu	a5,0(a0)
    1f34:	feb78de3          	beq	a5,a1,1f2e <memchr+0xc>
    1f38:	0505                	addi	a0,a0,1
    1f3a:	b7fd                	j	1f28 <memchr+0x6>

00001f3c <__malloc_lock>:
__malloc_lock():
    1f3c:	8082                	ret

00001f3e <__malloc_unlock>:
__malloc_unlock():
    1f3e:	8082                	ret

00001f40 <_read_r>:
_read_r():
    1f40:	1141                	addi	sp,sp,-16
    1f42:	c422                	sw	s0,8(sp)
    1f44:	842a                	mv	s0,a0
    1f46:	852e                	mv	a0,a1
    1f48:	85b2                	mv	a1,a2
    1f4a:	8636                	mv	a2,a3
    1f4c:	8001ac23          	sw	zero,-2024(gp) # 20000a50 <errno>
    1f50:	c606                	sw	ra,12(sp)
    1f52:	20a9                	jal	1f9c <_read>
    1f54:	57fd                	li	a5,-1
    1f56:	00f51763          	bne	a0,a5,1f64 <_read_r+0x24>
    1f5a:	81818793          	addi	a5,gp,-2024 # 20000a50 <errno>
    1f5e:	439c                	lw	a5,0(a5)
    1f60:	c391                	beqz	a5,1f64 <_read_r+0x24>
    1f62:	c01c                	sw	a5,0(s0)
    1f64:	40b2                	lw	ra,12(sp)
    1f66:	4422                	lw	s0,8(sp)
    1f68:	0141                	addi	sp,sp,16
    1f6a:	8082                	ret

00001f6c <_close>:
_close():
    1f6c:	05800793          	li	a5,88
    1f70:	80f1ac23          	sw	a5,-2024(gp) # 20000a50 <errno>
    1f74:	557d                	li	a0,-1
    1f76:	8082                	ret

00001f78 <_fstat>:
_fstat():
    1f78:	05800793          	li	a5,88
    1f7c:	80f1ac23          	sw	a5,-2024(gp) # 20000a50 <errno>
    1f80:	557d                	li	a0,-1
    1f82:	8082                	ret

00001f84 <_isatty>:
_isatty():
    1f84:	05800793          	li	a5,88
    1f88:	80f1ac23          	sw	a5,-2024(gp) # 20000a50 <errno>
    1f8c:	4501                	li	a0,0
    1f8e:	8082                	ret

00001f90 <_lseek>:
_lseek():
    1f90:	05800793          	li	a5,88
    1f94:	80f1ac23          	sw	a5,-2024(gp) # 20000a50 <errno>
    1f98:	557d                	li	a0,-1
    1f9a:	8082                	ret

00001f9c <_read>:
_read():
    1f9c:	05800793          	li	a5,88
    1fa0:	80f1ac23          	sw	a5,-2024(gp) # 20000a50 <errno>
    1fa4:	557d                	li	a0,-1
    1fa6:	8082                	ret
    1fa8:	6954                	flw	fa3,20(a0)
    1faa:	656d                	lui	a0,0x1b
    1fac:	2072                	fld	ft0,280(sp)
    1fae:	6554                	flw	fa3,12(a0)
    1fb0:	53207473          	csrrci	s0,0x532,0
    1fb4:	6174                	flw	fa3,68(a0)
    1fb6:	7472                	flw	fs0,60(sp)
    1fb8:	0000                	unimp
    1fba:	0000                	unimp
    1fbc:	6974                	flw	fa3,84(a0)
    1fbe:	203a6b63          	bltu	s4,gp,21d4 <_data_lma+0x158>
    1fc2:	6425                	lui	s0,0x9
    1fc4:	7320                	flw	fs0,96(a4)
    1fc6:	000a                	c.slli	zero,0x2
    1fc8:	ec0c                	fsw	fa1,24(s0)
    1fca:	ffff                	0xffff
    1fcc:	ec34                	fsw	fa3,88(s0)
    1fce:	ffff                	0xffff
    1fd0:	ec5c                	fsw	fa5,28(s0)
    1fd2:	ffff                	0xffff
    1fd4:	ec74                	fsw	fa3,92(s0)
    1fd6:	ffff                	0xffff
    1fd8:	ec8e                	fsw	ft3,88(sp)
    1fda:	ffff                	0xffff

00001fdc <__sf_fake_stderr>:
	...

00001ffc <__sf_fake_stdin>:
	...

0000201c <__sf_fake_stdout>:
	...
    203c:	2d23 2b30 0020 0000 6c68 004c 6665 4567     #-0+ ...hlL.efgE
    204c:	4746 0000 3130 3332 3534 3736 3938 4241     FG..0123456789AB
    205c:	4443 4645 0000 0000 3130 3332 3534 3736     CDEF....01234567
    206c:	3938 6261 6463 6665 0000 0000               89abcdef....

00002078 <_global_impure_ptr>:
    2078:	09d8 2000                                   ... 
