
FLASH.elf:     file format elf32-littleriscv
FLASH.elf
architecture: riscv:rv32, flags 0x00000112:
EXEC_P, HAS_SYMS, D_PAGED
start address 0x00000000

Program Header:
    LOAD off    0x00001000 vaddr 0x00000000 paddr 0x00000000 align 2**12
         filesz 0x00000004 memsz 0x00000004 flags r-x
    LOAD off    0x00002000 vaddr 0x20000000 paddr 0x00000004 align 2**12
         filesz 0x000009a4 memsz 0x000009a4 flags r-x
    LOAD off    0x000029a8 vaddr 0x000009a8 paddr 0x000009a8 align 2**12
         filesz 0x00001b08 memsz 0x00001b08 flags r-x
    LOAD off    0x000049a4 vaddr 0x200009a4 paddr 0x000024b0 align 2**12
         filesz 0x0000006c memsz 0x0000047c flags rw-
    LOAD off    0x00004e00 vaddr 0x20007e00 paddr 0x20007e00 align 2**12
         filesz 0x00000000 memsz 0x00000200 flags rw-

Sections:
Idx Name            Size      VMA       LMA       File off  Algn  Flags
  0 .init           00000004  00000000  00000000  00001000  2**1  CONTENTS, ALLOC, LOAD, READONLY, CODE
  1 .highcodelalign 00000000  00000004  00000004  00004a10  2**0  CONTENTS
  2 .highcode       000009a4  20000000  00000004  00002000  2**1  CONTENTS, ALLOC, LOAD, READONLY, CODE
  3 .text           00001b08  000009a8  000009a8  000029a8  2**2  CONTENTS, ALLOC, LOAD, READONLY, CODE
  4 .fini           00000000  000024b0  000024b0  00004a10  2**0  CONTENTS, ALLOC, LOAD, CODE
  5 .dlalign        00000000  000024b0  000024b0  00004a10  2**0  CONTENTS
  6 .data           0000006c  200009a4  000024b0  000049a4  2**2  CONTENTS, ALLOC, LOAD, DATA
  7 .bss            00000410  20000a10  0000251c  00004a10  2**2  ALLOC
  8 .stack          00000200  20007e00  20007e00  00004e00  2**0  ALLOC
  9 .debug_info     00005aaf  00000000  00000000  00004a10  2**0  CONTENTS, READONLY, DEBUGGING
 10 .debug_abbrev   00000f4b  00000000  00000000  0000a4bf  2**0  CONTENTS, READONLY, DEBUGGING
 11 .debug_loc      00001004  00000000  00000000  0000b40a  2**0  CONTENTS, READONLY, DEBUGGING
 12 .debug_aranges  000001c0  00000000  00000000  0000c410  2**3  CONTENTS, READONLY, DEBUGGING
 13 .debug_ranges   00000198  00000000  00000000  0000c5d0  2**3  CONTENTS, READONLY, DEBUGGING
 14 .debug_line     00003bc4  00000000  00000000  0000c768  2**0  CONTENTS, READONLY, DEBUGGING
 15 .debug_str      00001076  00000000  00000000  0001032c  2**0  CONTENTS, READONLY, DEBUGGING
 16 .comment        00000033  00000000  00000000  000113a2  2**0  CONTENTS, READONLY
 17 .debug_frame    00000cd0  00000000  00000000  000113d8  2**2  CONTENTS, READONLY, DEBUGGING
 18 .stab           00000084  00000000  00000000  000120a8  2**2  CONTENTS, READONLY, DEBUGGING
 19 .stabstr        00000117  00000000  00000000  0001212c  2**0  CONTENTS, READONLY, DEBUGGING
SYMBOL TABLE:
00000000 l    d  .init	00000000 .init
00000004 l    d  .highcodelalign	00000000 .highcodelalign
20000000 l    d  .highcode	00000000 .highcode
000009a8 l    d  .text	00000000 .text
000024b0 l    d  .fini	00000000 .fini
000024b0 l    d  .dlalign	00000000 .dlalign
200009a4 l    d  .data	00000000 .data
20000a10 l    d  .bss	00000000 .bss
20007e00 l    d  .stack	00000000 .stack
00000000 l    d  .debug_info	00000000 .debug_info
00000000 l    d  .debug_abbrev	00000000 .debug_abbrev
00000000 l    d  .debug_loc	00000000 .debug_loc
00000000 l    d  .debug_aranges	00000000 .debug_aranges
00000000 l    d  .debug_ranges	00000000 .debug_ranges
00000000 l    d  .debug_line	00000000 .debug_line
00000000 l    d  .debug_str	00000000 .debug_str
00000000 l    d  .comment	00000000 .comment
00000000 l    d  .debug_frame	00000000 .debug_frame
00000000 l    d  .stab	00000000 .stab
00000000 l    d  .stabstr	00000000 .stabstr
00000000 l    df *ABS*	00000000 ./Startup/startup_CH583.o
20000000 l       .highcode	00000000 _vector_base
00000000 l    df *ABS*	00000000 CH58x_sys.c
20000a08 l     O .data	00000004 curbrk.4069
00000000 l    df *ABS*	00000000 ISP583.c
20000590 l       .highcode	00000000 .loop18
2000059e l       .highcode	00000000 .loop29
200005ac l       .highcode	00000000 .loop40
20000838 l       .highcode	00000000 .loop402
00000000 l    df *ABS*	00000000 Main.c
00000000 l    df *ABS*	00000000 CH58x_flash.c
00000000 l    df *ABS*	00000000 CH58x_gpio.c
00000000 l    df *ABS*	00000000 CH58x_uart1.c
00000000 l    df *ABS*	00000000 printf.c
00000000 l    df *ABS*	00000000 putchar.c
00000000 l    df *ABS*	00000000 puts.c
00000000 l    df *ABS*	00000000 wbuf.c
00000000 l    df *ABS*	00000000 wsetup.c
00000000 l    df *ABS*	00000000 fflush.c
00000000 l    df *ABS*	00000000 findfp.c
000014f4 l     F .text	0000006a std
00000000 l    df *ABS*	00000000 fwalk.c
00000000 l    df *ABS*	00000000 makebuf.c
00000000 l    df *ABS*	00000000 nano-mallocr.c
00000000 l    df *ABS*	00000000 nano-mallocr.c
00000000 l    df *ABS*	00000000 nano-vfprintf.c
0000199c l     F .text	0000002a __sfputc_r
00000000 l    df *ABS*	00000000 nano-vfprintf_i.c
00000000 l    df *ABS*	00000000 putc.c
00000000 l    df *ABS*	00000000 sbrkr.c
00000000 l    df *ABS*	00000000 stdio.c
00000000 l    df *ABS*	00000000 writer.c
00000000 l    df *ABS*	00000000 closer.c
00000000 l    df *ABS*	00000000 fstatr.c
00000000 l    df *ABS*	00000000 isattyr.c
00000000 l    df *ABS*	00000000 lseekr.c
00000000 l    df *ABS*	00000000 memchr.c
00000000 l    df *ABS*	00000000 mlock.c
00000000 l    df *ABS*	00000000 readr.c
00000000 l    df *ABS*	00000000 close.c
00000000 l    df *ABS*	00000000 fstat.c
00000000 l    df *ABS*	00000000 isatty.c
00000000 l    df *ABS*	00000000 lseek.c
00000000 l    df *ABS*	00000000 read.c
00000000 l    df *ABS*	00000000 impure.c
200009a4 l     O .data	00000060 impure_data
00000000 l    df *ABS*	00000000 reent.c
0000106e g     F .text	0000002e putchar
00002240 g     F .text	00000028 _isatty_r
0000109c g     F .text	000000da _puts_r
00002268 g     F .text	0000002c _lseek_r
200005ac g     F .highcode	0000000e FLASH_ROM_OUT
0000102a g     F .text	00000044 printf
20001208 g       .data	00000000 __global_pointer$
00002184 g     F .text	00000036 __sseek
000015ae g     F .text	0000006a __sinit
00001184 g     F .text	000000c0 __swbuf_r
20000548 g     F .highcode	0000000e mDelayuS
2000048a  w    F .highcode	000000be HardFault_Handler
00001568 g     F .text	00000046 __sfmoreglue
20000090  w      .highcode	00000000 GPIOB_IRQHandler
000022b0 g     F .text	00000002 __malloc_unlock
20000090  w      .highcode	00000000 GPIOA_IRQHandler
20000090  w      .highcode	00000000 SysTick_Handler
20000090  w      .highcode	00000000 NMI_Handler
20000090  w      .highcode	00000000 UART1_IRQHandler
00002216 g     F .text	0000002a _fstat_r
20000e1c g     O .bss	00000004 errno
20000a10 g       .bss	00000000 _sbss
00000200 g       *ABS*	00000000 __stack_size
2000059e g     F .highcode	0000000e FLASH_ROM_IN
20000090  w      .highcode	00000000 UART0_IRQHandler
0000155e g     F .text	0000000a _cleanup_r
00001176 g     F .text	0000000e puts
000022ea g     F .text	0000000c _fstat
00000004 g       .init	00000000 _einit
20000090  w      .highcode	00000000 BB_IRQHandler
2000063a g     F .highcode	0000036a FLASH_EEPROM_CMD
20000090  w      .highcode	00000000 Break_Point_Handler
000020dc g     F .text	0000002a _sbrk_r
20000090  w      .highcode	00000000 TMR0_IRQHandler
000022b2 g     F .text	0000002c _read_r
2000057e g     F .highcode	00000012 FLASH_ROM_BEG
20000556 g     F .highcode	00000028 mDelaymS
20000090  w      .highcode	00000000 Ecall_M_Mode_Handler
20007e00 g       .stack	00000000 _heap_end
000022f6 g     F .text	0000000c _isatty
000024ac g     O .text	00000004 _global_impure_ptr
200005ba g     F .highcode	00000048 FLASH_ROM_ADDR
00000f98 g     F .text	00000030 _sbrk
20000090  w      .highcode	00000000 RTC_IRQHandler
20000e20 g       .bss	00000000 _ebss
00000ff8 g     F .text	00000032 UART1_DefInit
00000e40 g     F .text	0000001c FLASH_ROM_READ
20000602 g     F .highcode	00000038 FLASH_ROM_WAIT
00002056 g     F .text	00000086 _putc_r
00002410 g     O .text	00000020 __sf_fake_stderr
20000a1c g     O .bss	00000400 TestBuf
20000090  w      .highcode	00000000 UART2_IRQHandler
20000090  w      .highcode	00000000 PWMX_IRQHandler
000019c6 g     F .text	00000042 __sfputs_r
00002294 g     F .text	0000001a memchr
0000181c g     F .text	000000a8 _free_r
00000b26 g     F .text	0000002a DebugInit
00000000 g       .init	00000000 _start
00002302 g     F .text	0000000c _lseek
20000090  w      .highcode	00000000 ADC_IRQHandler
20000000 g       .highcode	00000000 _highcode_vma_start
20000090  w      .highcode	00000000 TMR2_IRQHandler
000021ee g     F .text	00000028 _close_r
20000a10 g     O .bss	00000004 IRQ_STA
200009a4 g       .data	00000000 _data_vma
20000092 g     F .highcode	00000386 SetSysClock
20000090  w      .highcode	00000000 USB_IRQHandler
00001244 g     F .text	00000110 __swsetup_r
00001618 g     F .text	000000a0 __sfp
00002106 g     F .text	00000030 __sread
000022ae g     F .text	00000002 __malloc_lock
00001490 g     F .text	00000064 _fflush_r
00002430 g     O .text	00000020 __sf_fake_stdin
20000090  w      .highcode	00000000 I2C_IRQHandler
00000a7e g     F .text	000000a8 memset
00000b50 g     F .text	000002f0 main
000021ba g     F .text	00000006 __sclose
000018c4 g     F .text	000000d8 _malloc_r
20000090  w      .highcode	00000000 USB2_IRQHandler
00000004 g       .highcodelalign	00000000 _highcode_lma
0000102a g     F .text	00000044 iprintf
20000090  w      .highcode	00000000 LLE_IRQHandler
00000000 g       .init	00000000 _sinit
000021c0 g     F .text	0000002e _write_r
00001ca2 g     F .text	0000010c _printf_common
20000a0c g     O .data	00000004 _impure_ptr
00001354 g     F .text	0000013c __sflush_r
20000090  w      .highcode	00000000 WDOG_BAT_IRQHandler
20000090  w      .highcode	00000000 Ecall_U_Mode_Handler
20000090  w      .highcode	00000000 TMR3_IRQHandler
20008000 g       .stack	00000000 _eusrstack
20000090  w      .highcode	00000000 SW_Handler
00000e88 g     F .text	000000a6 GPIOA_ModeCfg
00001724 g     F .text	0000005a __swhatbuf_r
00000f2e g     F .text	00000042 GetSysClock
00000f70 g     F .text	00000028 _write
20000a10 g       .data	00000000 _edata
20000090  w      .highcode	00000000 SPI0_IRQHandler
20000e20 g       .bss	00000000 _end
200009a4 g       .highcode	00000000 _highcode_vma_end
00000e5c g     F .text	0000002c GET_UNIQUE_ID
000024b0 g       .dlalign	00000000 _data_lma
00002136 g     F .text	0000004e __swrite
00001a08 g     F .text	0000029a _vfiprintf_r
000016b8 g     F .text	0000006c _fwalk_reent
00002450 g     O .text	00000020 __sf_fake_stdout
0000230e g     F .text	0000000c _read
000009a8  w      .text	00000000 handle_reset
0000177e g     F .text	0000009e __smakebuf_r
00001dae g     F .text	000002a8 _printf_i
20000090  w      .highcode	00000000 UART3_IRQHandler
20000a18 g     O .bss	00000004 __malloc_sbrk_start
20000590 g     F .highcode	0000000e FLASH_ROM_END
20000a14 g     O .bss	00000004 __malloc_free_list
00001a08 g     F .text	0000029a _vfprintf_r
20000090  w      .highcode	00000000 TMR1_IRQHandler
20000418 g     F .highcode	00000072 SYS_ResetExecute
000022de g     F .text	0000000c _close
00000fc8 g     F .text	00000030 UART1_BaudRateCfg



Disassembly of section .init:

00000000 <_sinit>:
_start():
e:/DuRuofu/Project/fr-ble-light/software/ch582/SRC/Startup/startup_CH583.S:17

	.section	.init,"ax",@progbits
	.global	_start
	.align	1
_start:
	j	handle_reset
   0:	1a90006f          	j	9a8 <handle_reset>

Disassembly of section .highcode:

20000000 <_highcode_vma_start>:
	...
_vector_base():
20000008:	0090                	addi	a2,sp,64
2000000a:	2000                	fld	fs0,0(s0)
2000000c:	048a                	slli	s1,s1,0x2
2000000e:	2000                	fld	fs0,0(s0)
20000010:	bda9                	j	1ffffe6a <_data_lma+0x1fffd9ba>
20000012:	f3f9                	bnez	a5,1fffffd8 <_data_lma+0x1fffdb28>
20000014:	0090                	addi	a2,sp,64
20000016:	2000                	fld	fs0,0(s0)
	...
20000020:	0090                	addi	a2,sp,64
20000022:	2000                	fld	fs0,0(s0)
20000024:	0090                	addi	a2,sp,64
20000026:	2000                	fld	fs0,0(s0)
	...
20000030:	0090                	addi	a2,sp,64
20000032:	2000                	fld	fs0,0(s0)
20000034:	0000                	unimp
20000036:	0000                	unimp
20000038:	0090                	addi	a2,sp,64
2000003a:	2000                	fld	fs0,0(s0)
2000003c:	0000                	unimp
2000003e:	0000                	unimp
20000040:	0090                	addi	a2,sp,64
20000042:	2000                	fld	fs0,0(s0)
20000044:	0090                	addi	a2,sp,64
20000046:	2000                	fld	fs0,0(s0)
20000048:	0090                	addi	a2,sp,64
2000004a:	2000                	fld	fs0,0(s0)
2000004c:	0090                	addi	a2,sp,64
2000004e:	2000                	fld	fs0,0(s0)
20000050:	0090                	addi	a2,sp,64
20000052:	2000                	fld	fs0,0(s0)
20000054:	0090                	addi	a2,sp,64
20000056:	2000                	fld	fs0,0(s0)
20000058:	0090                	addi	a2,sp,64
2000005a:	2000                	fld	fs0,0(s0)
2000005c:	0090                	addi	a2,sp,64
2000005e:	2000                	fld	fs0,0(s0)
20000060:	0090                	addi	a2,sp,64
20000062:	2000                	fld	fs0,0(s0)
20000064:	0090                	addi	a2,sp,64
20000066:	2000                	fld	fs0,0(s0)
20000068:	0090                	addi	a2,sp,64
2000006a:	2000                	fld	fs0,0(s0)
2000006c:	0090                	addi	a2,sp,64
2000006e:	2000                	fld	fs0,0(s0)
20000070:	0090                	addi	a2,sp,64
20000072:	2000                	fld	fs0,0(s0)
20000074:	0090                	addi	a2,sp,64
20000076:	2000                	fld	fs0,0(s0)
20000078:	0090                	addi	a2,sp,64
2000007a:	2000                	fld	fs0,0(s0)
2000007c:	0090                	addi	a2,sp,64
2000007e:	2000                	fld	fs0,0(s0)
20000080:	0090                	addi	a2,sp,64
20000082:	2000                	fld	fs0,0(s0)
20000084:	0090                	addi	a2,sp,64
20000086:	2000                	fld	fs0,0(s0)
20000088:	0090                	addi	a2,sp,64
2000008a:	2000                	fld	fs0,0(s0)
2000008c:	0090                	addi	a2,sp,64
2000008e:	2000                	fld	fs0,0(s0)

20000090 <ADC_IRQHandler>:
GPIOB_IRQHandler():
e:/DuRuofu/Project/fr-ble-light/software/ch582/SRC/Startup/startup_CH583.S:121
TMR3_IRQHandler:
UART2_IRQHandler:
UART3_IRQHandler:
WDOG_BAT_IRQHandler: 
1:  
	j 1b
20000090:	a001                	j	20000090 <ADC_IRQHandler>

20000092 <SetSysClock>:
sys_safe_access_enable():
e:/DuRuofu/Project/fr-ble-light/software/ch582/SRC/StdPeriphDriver/inc/CH58x_sys.h:182
 * within the valid period. The safe mode will be automatically 
 * terminated after the above validity period is exceeded.
 */
 __attribute__((always_inline)) static inline void sys_safe_access_enable(void)
{
   if(read_csr(0x800)&0x08)
20000092:	80002773          	csrr	a4,0x800
20000096:	8b21                	andi	a4,a4,8
20000098:	80818793          	addi	a5,gp,-2040 # 20000a10 <_edata>
2000009c:	cb09                	beqz	a4,200000ae <SetSysClock+0x1c>
e:/DuRuofu/Project/fr-ble-light/software/ch582/SRC/StdPeriphDriver/inc/CH58x_sys.h:184
   {
       IRQ_STA = read_csr(0x800);
2000009e:	80002773          	csrr	a4,0x800
200000a2:	80e1a423          	sw	a4,-2040(gp) # 20000a10 <_edata>
e:/DuRuofu/Project/fr-ble-light/software/ch582/SRC/StdPeriphDriver/inc/CH58x_sys.h:185
       write_csr(0x800, (IRQ_STA&(~0x08)));
200000a6:	4398                	lw	a4,0(a5)
200000a8:	9b5d                	andi	a4,a4,-9
200000aa:	80071073          	csrw	0x800,a4
e:/DuRuofu/Project/fr-ble-light/software/ch582/SRC/StdPeriphDriver/inc/CH58x_sys.h:187
   }
   SAFEOPERATE;
200000ae:	0000100f          	fence.i
e:/DuRuofu/Project/fr-ble-light/software/ch582/SRC/StdPeriphDriver/inc/CH58x_sys.h:188
   R8_SAFE_ACCESS_SIG = SAFE_ACCESS_SIG1;
200000b2:	40001737          	lui	a4,0x40001
200000b6:	05700693          	li	a3,87
200000ba:	04d70023          	sb	a3,64(a4) # 40001040 <_eusrstack+0x1fff9040>
e:/DuRuofu/Project/fr-ble-light/software/ch582/SRC/StdPeriphDriver/inc/CH58x_sys.h:189
   R8_SAFE_ACCESS_SIG = SAFE_ACCESS_SIG2;
200000be:	fa800693          	li	a3,-88
200000c2:	04d70023          	sb	a3,64(a4)
e:/DuRuofu/Project/fr-ble-light/software/ch582/SRC/StdPeriphDriver/inc/CH58x_sys.h:190
   SAFEOPERATE;
200000c6:	0000100f          	fence.i
SetSysClock():
e:/DuRuofu/Project/fr-ble-light/software/ch582/SRC/StdPeriphDriver/CH58x_sys.c:30
__HIGH_CODE
void SetSysClock(SYS_CLKTypeDef sc)
{
    uint32_t i;
    sys_safe_access_enable();
    R8_PLL_CONFIG &= ~(1 << 5); //
200000ca:	04b74683          	lbu	a3,75(a4)
200000ce:	0df6f693          	andi	a3,a3,223
200000d2:	04d705a3          	sb	a3,75(a4)
sys_safe_access_disable():
e:/DuRuofu/Project/fr-ble-light/software/ch582/SRC/StdPeriphDriver/inc/CH58x_sys.h:195
}

__attribute__((always_inline)) static inline void sys_safe_access_disable(void)
{
   R8_SAFE_ACCESS_SIG = 0;
200000d6:	04070023          	sb	zero,64(a4)
e:/DuRuofu/Project/fr-ble-light/software/ch582/SRC/StdPeriphDriver/inc/CH58x_sys.h:196
   write_csr(0x800, read_csr(0x800)|(IRQ_STA&0x08));
200000da:	80002673          	csrr	a2,0x800
200000de:	4394                	lw	a3,0(a5)
200000e0:	8aa1                	andi	a3,a3,8
200000e2:	8ed1                	or	a3,a3,a2
200000e4:	80069073          	csrw	0x800,a3
e:/DuRuofu/Project/fr-ble-light/software/ch582/SRC/StdPeriphDriver/inc/CH58x_sys.h:197
   IRQ_STA = 0;
200000e8:	8001a423          	sw	zero,-2040(gp) # 20000a10 <_edata>
e:/DuRuofu/Project/fr-ble-light/software/ch582/SRC/StdPeriphDriver/inc/CH58x_sys.h:198
   SAFEOPERATE;
200000ec:	0000100f          	fence.i
SetSysClock():
e:/DuRuofu/Project/fr-ble-light/software/ch582/SRC/StdPeriphDriver/CH58x_sys.c:32
    sys_safe_access_disable();
    if(sc & 0x20)
200000f0:	02057693          	andi	a3,a0,32
200000f4:	18068463          	beqz	a3,2000027c <SetSysClock+0x1ea>
e:/DuRuofu/Project/fr-ble-light/software/ch582/SRC/StdPeriphDriver/CH58x_sys.c:34
    { // HSE div
        if(!(R8_HFCK_PWR_CTRL & RB_CLK_XT32M_PON))
200000f8:	00a74703          	lbu	a4,10(a4)
200000fc:	8b11                	andi	a4,a4,4
200000fe:	e725                	bnez	a4,20000166 <SetSysClock+0xd4>
sys_safe_access_enable():
e:/DuRuofu/Project/fr-ble-light/software/ch582/SRC/StdPeriphDriver/inc/CH58x_sys.h:182
   if(read_csr(0x800)&0x08)
20000100:	80002773          	csrr	a4,0x800
20000104:	8b21                	andi	a4,a4,8
20000106:	cb09                	beqz	a4,20000118 <SetSysClock+0x86>
e:/DuRuofu/Project/fr-ble-light/software/ch582/SRC/StdPeriphDriver/inc/CH58x_sys.h:184
       IRQ_STA = read_csr(0x800);
20000108:	80002773          	csrr	a4,0x800
2000010c:	80e1a423          	sw	a4,-2040(gp) # 20000a10 <_edata>
e:/DuRuofu/Project/fr-ble-light/software/ch582/SRC/StdPeriphDriver/inc/CH58x_sys.h:185
       write_csr(0x800, (IRQ_STA&(~0x08)));
20000110:	4398                	lw	a4,0(a5)
20000112:	9b5d                	andi	a4,a4,-9
20000114:	80071073          	csrw	0x800,a4
e:/DuRuofu/Project/fr-ble-light/software/ch582/SRC/StdPeriphDriver/inc/CH58x_sys.h:187
   SAFEOPERATE;
20000118:	0000100f          	fence.i
e:/DuRuofu/Project/fr-ble-light/software/ch582/SRC/StdPeriphDriver/inc/CH58x_sys.h:188
   R8_SAFE_ACCESS_SIG = SAFE_ACCESS_SIG1;
2000011c:	40001737          	lui	a4,0x40001
20000120:	05700693          	li	a3,87
20000124:	04d70023          	sb	a3,64(a4) # 40001040 <_eusrstack+0x1fff9040>
e:/DuRuofu/Project/fr-ble-light/software/ch582/SRC/StdPeriphDriver/inc/CH58x_sys.h:189
   R8_SAFE_ACCESS_SIG = SAFE_ACCESS_SIG2;
20000128:	fa800693          	li	a3,-88
2000012c:	04d70023          	sb	a3,64(a4)
e:/DuRuofu/Project/fr-ble-light/software/ch582/SRC/StdPeriphDriver/inc/CH58x_sys.h:190
   SAFEOPERATE;
20000130:	0000100f          	fence.i
SetSysClock():
e:/DuRuofu/Project/fr-ble-light/software/ch582/SRC/StdPeriphDriver/CH58x_sys.c:37
        {
            sys_safe_access_enable();
            R8_HFCK_PWR_CTRL |= RB_CLK_XT32M_PON; // HSE power on
20000134:	00a74683          	lbu	a3,10(a4)
20000138:	0046e693          	ori	a3,a3,4
2000013c:	00d70523          	sb	a3,10(a4)
sys_safe_access_disable():
e:/DuRuofu/Project/fr-ble-light/software/ch582/SRC/StdPeriphDriver/inc/CH58x_sys.h:195
   R8_SAFE_ACCESS_SIG = 0;
20000140:	04070023          	sb	zero,64(a4)
e:/DuRuofu/Project/fr-ble-light/software/ch582/SRC/StdPeriphDriver/inc/CH58x_sys.h:196
   write_csr(0x800, read_csr(0x800)|(IRQ_STA&0x08));
20000144:	800026f3          	csrr	a3,0x800
20000148:	4398                	lw	a4,0(a5)
2000014a:	8b21                	andi	a4,a4,8
2000014c:	8f55                	or	a4,a4,a3
2000014e:	80071073          	csrw	0x800,a4
e:/DuRuofu/Project/fr-ble-light/software/ch582/SRC/StdPeriphDriver/inc/CH58x_sys.h:197
   IRQ_STA = 0;
20000152:	8001a423          	sw	zero,-2040(gp) # 20000a10 <_edata>
e:/DuRuofu/Project/fr-ble-light/software/ch582/SRC/StdPeriphDriver/inc/CH58x_sys.h:198
   SAFEOPERATE;
20000156:	0000100f          	fence.i
2000015a:	4b000713          	li	a4,1200
SetSysClock():
e:/DuRuofu/Project/fr-ble-light/software/ch582/SRC/StdPeriphDriver/CH58x_sys.c:41 (discriminator 3)
            sys_safe_access_disable();
            for(i = 0; i < 1200; i++)
            {
                __nop();
2000015e:	0001                	nop
e:/DuRuofu/Project/fr-ble-light/software/ch582/SRC/StdPeriphDriver/CH58x_sys.c:42 (discriminator 3)
                __nop();
20000160:	0001                	nop
20000162:	177d                	addi	a4,a4,-1
e:/DuRuofu/Project/fr-ble-light/software/ch582/SRC/StdPeriphDriver/CH58x_sys.c:39 (discriminator 3)
            for(i = 0; i < 1200; i++)
20000164:	ff6d                	bnez	a4,2000015e <SetSysClock+0xcc>
sys_safe_access_enable():
e:/DuRuofu/Project/fr-ble-light/software/ch582/SRC/StdPeriphDriver/inc/CH58x_sys.h:182
   if(read_csr(0x800)&0x08)
20000166:	80002773          	csrr	a4,0x800
2000016a:	8b21                	andi	a4,a4,8
2000016c:	cb09                	beqz	a4,2000017e <SetSysClock+0xec>
e:/DuRuofu/Project/fr-ble-light/software/ch582/SRC/StdPeriphDriver/inc/CH58x_sys.h:184
       IRQ_STA = read_csr(0x800);
2000016e:	80002773          	csrr	a4,0x800
20000172:	80e1a423          	sw	a4,-2040(gp) # 20000a10 <_edata>
e:/DuRuofu/Project/fr-ble-light/software/ch582/SRC/StdPeriphDriver/inc/CH58x_sys.h:185
       write_csr(0x800, (IRQ_STA&(~0x08)));
20000176:	4398                	lw	a4,0(a5)
20000178:	9b5d                	andi	a4,a4,-9
2000017a:	80071073          	csrw	0x800,a4
e:/DuRuofu/Project/fr-ble-light/software/ch582/SRC/StdPeriphDriver/inc/CH58x_sys.h:187
   SAFEOPERATE;
2000017e:	0000100f          	fence.i
e:/DuRuofu/Project/fr-ble-light/software/ch582/SRC/StdPeriphDriver/inc/CH58x_sys.h:188
   R8_SAFE_ACCESS_SIG = SAFE_ACCESS_SIG1;
20000182:	40001737          	lui	a4,0x40001
20000186:	05700693          	li	a3,87
2000018a:	04d70023          	sb	a3,64(a4) # 40001040 <_eusrstack+0x1fff9040>
e:/DuRuofu/Project/fr-ble-light/software/ch582/SRC/StdPeriphDriver/inc/CH58x_sys.h:189
   R8_SAFE_ACCESS_SIG = SAFE_ACCESS_SIG2;
2000018e:	fa800693          	li	a3,-88
20000192:	04d70023          	sb	a3,64(a4)
e:/DuRuofu/Project/fr-ble-light/software/ch582/SRC/StdPeriphDriver/inc/CH58x_sys.h:190
   SAFEOPERATE;
20000196:	0000100f          	fence.i
SetSysClock():
e:/DuRuofu/Project/fr-ble-light/software/ch582/SRC/StdPeriphDriver/CH58x_sys.c:47
            }
        }

        sys_safe_access_enable();
        R16_CLK_SYS_CFG = (0 << 6) | (sc & 0x1f);
2000019a:	897d                	andi	a0,a0,31
2000019c:	00a71423          	sh	a0,8(a4)
e:/DuRuofu/Project/fr-ble-light/software/ch582/SRC/StdPeriphDriver/CH58x_sys.c:48
        __nop();
200001a0:	0001                	nop
e:/DuRuofu/Project/fr-ble-light/software/ch582/SRC/StdPeriphDriver/CH58x_sys.c:49
        __nop();
200001a2:	0001                	nop
e:/DuRuofu/Project/fr-ble-light/software/ch582/SRC/StdPeriphDriver/CH58x_sys.c:50
        __nop();
200001a4:	0001                	nop
e:/DuRuofu/Project/fr-ble-light/software/ch582/SRC/StdPeriphDriver/CH58x_sys.c:51
        __nop();
200001a6:	0001                	nop
sys_safe_access_disable():
e:/DuRuofu/Project/fr-ble-light/software/ch582/SRC/StdPeriphDriver/inc/CH58x_sys.h:195
   R8_SAFE_ACCESS_SIG = 0;
200001a8:	04070023          	sb	zero,64(a4)
e:/DuRuofu/Project/fr-ble-light/software/ch582/SRC/StdPeriphDriver/inc/CH58x_sys.h:196
   write_csr(0x800, read_csr(0x800)|(IRQ_STA&0x08));
200001ac:	800026f3          	csrr	a3,0x800
200001b0:	4398                	lw	a4,0(a5)
200001b2:	8b21                	andi	a4,a4,8
200001b4:	8f55                	or	a4,a4,a3
200001b6:	80071073          	csrw	0x800,a4
e:/DuRuofu/Project/fr-ble-light/software/ch582/SRC/StdPeriphDriver/inc/CH58x_sys.h:197
   IRQ_STA = 0;
200001ba:	8001a423          	sw	zero,-2040(gp) # 20000a10 <_edata>
e:/DuRuofu/Project/fr-ble-light/software/ch582/SRC/StdPeriphDriver/inc/CH58x_sys.h:198
   SAFEOPERATE;
200001be:	0000100f          	fence.i
sys_safe_access_enable():
e:/DuRuofu/Project/fr-ble-light/software/ch582/SRC/StdPeriphDriver/inc/CH58x_sys.h:182
   if(read_csr(0x800)&0x08)
200001c2:	80002773          	csrr	a4,0x800
200001c6:	8b21                	andi	a4,a4,8
200001c8:	cb09                	beqz	a4,200001da <SetSysClock+0x148>
e:/DuRuofu/Project/fr-ble-light/software/ch582/SRC/StdPeriphDriver/inc/CH58x_sys.h:184
       IRQ_STA = read_csr(0x800);
200001ca:	80002773          	csrr	a4,0x800
200001ce:	80e1a423          	sw	a4,-2040(gp) # 20000a10 <_edata>
e:/DuRuofu/Project/fr-ble-light/software/ch582/SRC/StdPeriphDriver/inc/CH58x_sys.h:185
       write_csr(0x800, (IRQ_STA&(~0x08)));
200001d2:	4398                	lw	a4,0(a5)
200001d4:	9b5d                	andi	a4,a4,-9
200001d6:	80071073          	csrw	0x800,a4
e:/DuRuofu/Project/fr-ble-light/software/ch582/SRC/StdPeriphDriver/inc/CH58x_sys.h:187
   SAFEOPERATE;
200001da:	0000100f          	fence.i
e:/DuRuofu/Project/fr-ble-light/software/ch582/SRC/StdPeriphDriver/inc/CH58x_sys.h:188
   R8_SAFE_ACCESS_SIG = SAFE_ACCESS_SIG1;
200001de:	40001737          	lui	a4,0x40001
200001e2:	05700693          	li	a3,87
200001e6:	04d70023          	sb	a3,64(a4) # 40001040 <_eusrstack+0x1fff9040>
e:/DuRuofu/Project/fr-ble-light/software/ch582/SRC/StdPeriphDriver/inc/CH58x_sys.h:189
   R8_SAFE_ACCESS_SIG = SAFE_ACCESS_SIG2;
200001ea:	fa800693          	li	a3,-88
200001ee:	04d70023          	sb	a3,64(a4)
e:/DuRuofu/Project/fr-ble-light/software/ch582/SRC/StdPeriphDriver/inc/CH58x_sys.h:190
   SAFEOPERATE;
200001f2:	0000100f          	fence.i
SetSysClock():
e:/DuRuofu/Project/fr-ble-light/software/ch582/SRC/StdPeriphDriver/CH58x_sys.c:54
        sys_safe_access_disable();
        sys_safe_access_enable();
        SAFEOPERATE;
200001f6:	0000100f          	fence.i
e:/DuRuofu/Project/fr-ble-light/software/ch582/SRC/StdPeriphDriver/CH58x_sys.c:55
        R8_FLASH_CFG = 0X51;
200001fa:	400026b7          	lui	a3,0x40002
200001fe:	05100613          	li	a2,81
e:/DuRuofu/Project/fr-ble-light/software/ch582/SRC/StdPeriphDriver/CH58x_sys.c:88
            sys_safe_access_disable();
        }
        else
        {
            sys_safe_access_enable();
            R8_FLASH_CFG = 0X52;
20000202:	80c683a3          	sb	a2,-2041(a3) # 40001807 <_eusrstack+0x1fff9807>
sys_safe_access_disable():
e:/DuRuofu/Project/fr-ble-light/software/ch582/SRC/StdPeriphDriver/inc/CH58x_sys.h:195
   R8_SAFE_ACCESS_SIG = 0;
20000206:	04070023          	sb	zero,64(a4)
e:/DuRuofu/Project/fr-ble-light/software/ch582/SRC/StdPeriphDriver/inc/CH58x_sys.h:196
   write_csr(0x800, read_csr(0x800)|(IRQ_STA&0x08));
2000020a:	800026f3          	csrr	a3,0x800
2000020e:	4398                	lw	a4,0(a5)
20000210:	8b21                	andi	a4,a4,8
20000212:	8f55                	or	a4,a4,a3
20000214:	80071073          	csrw	0x800,a4
e:/DuRuofu/Project/fr-ble-light/software/ch582/SRC/StdPeriphDriver/inc/CH58x_sys.h:197
   IRQ_STA = 0;
20000218:	8001a423          	sw	zero,-2040(gp) # 20000a10 <_edata>
e:/DuRuofu/Project/fr-ble-light/software/ch582/SRC/StdPeriphDriver/inc/CH58x_sys.h:198
   SAFEOPERATE;
2000021c:	0000100f          	fence.i
sys_safe_access_enable():
e:/DuRuofu/Project/fr-ble-light/software/ch582/SRC/StdPeriphDriver/inc/CH58x_sys.h:182
   if(read_csr(0x800)&0x08)
20000220:	80002773          	csrr	a4,0x800
20000224:	8b21                	andi	a4,a4,8
20000226:	cb09                	beqz	a4,20000238 <SetSysClock+0x1a6>
e:/DuRuofu/Project/fr-ble-light/software/ch582/SRC/StdPeriphDriver/inc/CH58x_sys.h:184
       IRQ_STA = read_csr(0x800);
20000228:	80002773          	csrr	a4,0x800
2000022c:	80e1a423          	sw	a4,-2040(gp) # 20000a10 <_edata>
e:/DuRuofu/Project/fr-ble-light/software/ch582/SRC/StdPeriphDriver/inc/CH58x_sys.h:185
       write_csr(0x800, (IRQ_STA&(~0x08)));
20000230:	4398                	lw	a4,0(a5)
20000232:	9b5d                	andi	a4,a4,-9
20000234:	80071073          	csrw	0x800,a4
e:/DuRuofu/Project/fr-ble-light/software/ch582/SRC/StdPeriphDriver/inc/CH58x_sys.h:187
   SAFEOPERATE;
20000238:	0000100f          	fence.i
e:/DuRuofu/Project/fr-ble-light/software/ch582/SRC/StdPeriphDriver/inc/CH58x_sys.h:188
   R8_SAFE_ACCESS_SIG = SAFE_ACCESS_SIG1;
2000023c:	40001737          	lui	a4,0x40001
20000240:	05700693          	li	a3,87
20000244:	04d70023          	sb	a3,64(a4) # 40001040 <_eusrstack+0x1fff9040>
e:/DuRuofu/Project/fr-ble-light/software/ch582/SRC/StdPeriphDriver/inc/CH58x_sys.h:189
   R8_SAFE_ACCESS_SIG = SAFE_ACCESS_SIG2;
20000248:	fa800693          	li	a3,-88
2000024c:	04d70023          	sb	a3,64(a4)
e:/DuRuofu/Project/fr-ble-light/software/ch582/SRC/StdPeriphDriver/inc/CH58x_sys.h:190
   SAFEOPERATE;
20000250:	0000100f          	fence.i
SetSysClock():
e:/DuRuofu/Project/fr-ble-light/software/ch582/SRC/StdPeriphDriver/CH58x_sys.c:100
        R16_CLK_SYS_CFG |= RB_CLK_SYS_MOD;
        sys_safe_access_disable();
    }
    //更改FLASH clk的驱动能力
    sys_safe_access_enable();
    R8_PLL_CONFIG |= 1 << 7;
20000254:	04b74683          	lbu	a3,75(a4)
20000258:	0806e693          	ori	a3,a3,128
2000025c:	04d705a3          	sb	a3,75(a4)
sys_safe_access_disable():
e:/DuRuofu/Project/fr-ble-light/software/ch582/SRC/StdPeriphDriver/inc/CH58x_sys.h:195
   R8_SAFE_ACCESS_SIG = 0;
20000260:	04070023          	sb	zero,64(a4)
e:/DuRuofu/Project/fr-ble-light/software/ch582/SRC/StdPeriphDriver/inc/CH58x_sys.h:196
   write_csr(0x800, read_csr(0x800)|(IRQ_STA&0x08));
20000264:	80002773          	csrr	a4,0x800
20000268:	439c                	lw	a5,0(a5)
2000026a:	8ba1                	andi	a5,a5,8
2000026c:	8fd9                	or	a5,a5,a4
2000026e:	80079073          	csrw	0x800,a5
e:/DuRuofu/Project/fr-ble-light/software/ch582/SRC/StdPeriphDriver/inc/CH58x_sys.h:197
   IRQ_STA = 0;
20000272:	8001a423          	sw	zero,-2040(gp) # 20000a10 <_edata>
e:/DuRuofu/Project/fr-ble-light/software/ch582/SRC/StdPeriphDriver/inc/CH58x_sys.h:198
   SAFEOPERATE;
20000276:	0000100f          	fence.i
SetSysClock():
e:/DuRuofu/Project/fr-ble-light/software/ch582/SRC/StdPeriphDriver/CH58x_sys.c:102
    sys_safe_access_disable();
}
2000027a:	8082                	ret
e:/DuRuofu/Project/fr-ble-light/software/ch582/SRC/StdPeriphDriver/CH58x_sys.c:59
    else if(sc & 0x40)
2000027c:	04057693          	andi	a3,a0,64
20000280:	14068b63          	beqz	a3,200003d6 <SetSysClock+0x344>
e:/DuRuofu/Project/fr-ble-light/software/ch582/SRC/StdPeriphDriver/CH58x_sys.c:61
        if(!(R8_HFCK_PWR_CTRL & RB_CLK_PLL_PON))
20000284:	00a74703          	lbu	a4,10(a4)
20000288:	8b41                	andi	a4,a4,16
2000028a:	e725                	bnez	a4,200002f2 <SetSysClock+0x260>
sys_safe_access_enable():
e:/DuRuofu/Project/fr-ble-light/software/ch582/SRC/StdPeriphDriver/inc/CH58x_sys.h:182
   if(read_csr(0x800)&0x08)
2000028c:	80002773          	csrr	a4,0x800
20000290:	8b21                	andi	a4,a4,8
20000292:	cb09                	beqz	a4,200002a4 <SetSysClock+0x212>
e:/DuRuofu/Project/fr-ble-light/software/ch582/SRC/StdPeriphDriver/inc/CH58x_sys.h:184
       IRQ_STA = read_csr(0x800);
20000294:	80002773          	csrr	a4,0x800
20000298:	80e1a423          	sw	a4,-2040(gp) # 20000a10 <_edata>
e:/DuRuofu/Project/fr-ble-light/software/ch582/SRC/StdPeriphDriver/inc/CH58x_sys.h:185
       write_csr(0x800, (IRQ_STA&(~0x08)));
2000029c:	4398                	lw	a4,0(a5)
2000029e:	9b5d                	andi	a4,a4,-9
200002a0:	80071073          	csrw	0x800,a4
e:/DuRuofu/Project/fr-ble-light/software/ch582/SRC/StdPeriphDriver/inc/CH58x_sys.h:187
   SAFEOPERATE;
200002a4:	0000100f          	fence.i
e:/DuRuofu/Project/fr-ble-light/software/ch582/SRC/StdPeriphDriver/inc/CH58x_sys.h:188
   R8_SAFE_ACCESS_SIG = SAFE_ACCESS_SIG1;
200002a8:	40001737          	lui	a4,0x40001
200002ac:	05700693          	li	a3,87
200002b0:	04d70023          	sb	a3,64(a4) # 40001040 <_eusrstack+0x1fff9040>
e:/DuRuofu/Project/fr-ble-light/software/ch582/SRC/StdPeriphDriver/inc/CH58x_sys.h:189
   R8_SAFE_ACCESS_SIG = SAFE_ACCESS_SIG2;
200002b4:	fa800693          	li	a3,-88
200002b8:	04d70023          	sb	a3,64(a4)
e:/DuRuofu/Project/fr-ble-light/software/ch582/SRC/StdPeriphDriver/inc/CH58x_sys.h:190
   SAFEOPERATE;
200002bc:	0000100f          	fence.i
SetSysClock():
e:/DuRuofu/Project/fr-ble-light/software/ch582/SRC/StdPeriphDriver/CH58x_sys.c:64
            R8_HFCK_PWR_CTRL |= RB_CLK_PLL_PON; // PLL power on
200002c0:	00a74683          	lbu	a3,10(a4)
200002c4:	0106e693          	ori	a3,a3,16
200002c8:	00d70523          	sb	a3,10(a4)
sys_safe_access_disable():
e:/DuRuofu/Project/fr-ble-light/software/ch582/SRC/StdPeriphDriver/inc/CH58x_sys.h:195
   R8_SAFE_ACCESS_SIG = 0;
200002cc:	04070023          	sb	zero,64(a4)
e:/DuRuofu/Project/fr-ble-light/software/ch582/SRC/StdPeriphDriver/inc/CH58x_sys.h:196
   write_csr(0x800, read_csr(0x800)|(IRQ_STA&0x08));
200002d0:	800026f3          	csrr	a3,0x800
200002d4:	4398                	lw	a4,0(a5)
200002d6:	8b21                	andi	a4,a4,8
200002d8:	8f55                	or	a4,a4,a3
200002da:	80071073          	csrw	0x800,a4
e:/DuRuofu/Project/fr-ble-light/software/ch582/SRC/StdPeriphDriver/inc/CH58x_sys.h:197
   IRQ_STA = 0;
200002de:	8001a423          	sw	zero,-2040(gp) # 20000a10 <_edata>
e:/DuRuofu/Project/fr-ble-light/software/ch582/SRC/StdPeriphDriver/inc/CH58x_sys.h:198
   SAFEOPERATE;
200002e2:	0000100f          	fence.i
200002e6:	7d000713          	li	a4,2000
SetSysClock():
e:/DuRuofu/Project/fr-ble-light/software/ch582/SRC/StdPeriphDriver/CH58x_sys.c:68 (discriminator 3)
                __nop();
200002ea:	0001                	nop
e:/DuRuofu/Project/fr-ble-light/software/ch582/SRC/StdPeriphDriver/CH58x_sys.c:69 (discriminator 3)
                __nop();
200002ec:	0001                	nop
200002ee:	177d                	addi	a4,a4,-1
e:/DuRuofu/Project/fr-ble-light/software/ch582/SRC/StdPeriphDriver/CH58x_sys.c:66 (discriminator 3)
            for(i = 0; i < 2000; i++)
200002f0:	ff6d                	bnez	a4,200002ea <SetSysClock+0x258>
sys_safe_access_enable():
e:/DuRuofu/Project/fr-ble-light/software/ch582/SRC/StdPeriphDriver/inc/CH58x_sys.h:182
   if(read_csr(0x800)&0x08)
200002f2:	80002773          	csrr	a4,0x800
200002f6:	8b21                	andi	a4,a4,8
200002f8:	cb09                	beqz	a4,2000030a <SetSysClock+0x278>
e:/DuRuofu/Project/fr-ble-light/software/ch582/SRC/StdPeriphDriver/inc/CH58x_sys.h:184
       IRQ_STA = read_csr(0x800);
200002fa:	80002773          	csrr	a4,0x800
200002fe:	80e1a423          	sw	a4,-2040(gp) # 20000a10 <_edata>
e:/DuRuofu/Project/fr-ble-light/software/ch582/SRC/StdPeriphDriver/inc/CH58x_sys.h:185
       write_csr(0x800, (IRQ_STA&(~0x08)));
20000302:	4398                	lw	a4,0(a5)
20000304:	9b5d                	andi	a4,a4,-9
20000306:	80071073          	csrw	0x800,a4
e:/DuRuofu/Project/fr-ble-light/software/ch582/SRC/StdPeriphDriver/inc/CH58x_sys.h:187
   SAFEOPERATE;
2000030a:	0000100f          	fence.i
e:/DuRuofu/Project/fr-ble-light/software/ch582/SRC/StdPeriphDriver/inc/CH58x_sys.h:188
   R8_SAFE_ACCESS_SIG = SAFE_ACCESS_SIG1;
2000030e:	40001737          	lui	a4,0x40001
20000312:	05700693          	li	a3,87
20000316:	04d70023          	sb	a3,64(a4) # 40001040 <_eusrstack+0x1fff9040>
e:/DuRuofu/Project/fr-ble-light/software/ch582/SRC/StdPeriphDriver/inc/CH58x_sys.h:189
   R8_SAFE_ACCESS_SIG = SAFE_ACCESS_SIG2;
2000031a:	fa800693          	li	a3,-88
2000031e:	04d70023          	sb	a3,64(a4)
e:/DuRuofu/Project/fr-ble-light/software/ch582/SRC/StdPeriphDriver/inc/CH58x_sys.h:190
   SAFEOPERATE;
20000322:	0000100f          	fence.i
SetSysClock():
e:/DuRuofu/Project/fr-ble-light/software/ch582/SRC/StdPeriphDriver/CH58x_sys.c:73
        R16_CLK_SYS_CFG = (1 << 6) | (sc & 0x1f);
20000326:	01f57693          	andi	a3,a0,31
2000032a:	0406e693          	ori	a3,a3,64
2000032e:	00d71423          	sh	a3,8(a4)
e:/DuRuofu/Project/fr-ble-light/software/ch582/SRC/StdPeriphDriver/CH58x_sys.c:74
        __nop();
20000332:	0001                	nop
e:/DuRuofu/Project/fr-ble-light/software/ch582/SRC/StdPeriphDriver/CH58x_sys.c:75
        __nop();
20000334:	0001                	nop
e:/DuRuofu/Project/fr-ble-light/software/ch582/SRC/StdPeriphDriver/CH58x_sys.c:76
        __nop();
20000336:	0001                	nop
e:/DuRuofu/Project/fr-ble-light/software/ch582/SRC/StdPeriphDriver/CH58x_sys.c:77
        __nop();
20000338:	0001                	nop
sys_safe_access_disable():
e:/DuRuofu/Project/fr-ble-light/software/ch582/SRC/StdPeriphDriver/inc/CH58x_sys.h:195
   R8_SAFE_ACCESS_SIG = 0;
2000033a:	04070023          	sb	zero,64(a4)
e:/DuRuofu/Project/fr-ble-light/software/ch582/SRC/StdPeriphDriver/inc/CH58x_sys.h:196
   write_csr(0x800, read_csr(0x800)|(IRQ_STA&0x08));
2000033e:	800026f3          	csrr	a3,0x800
20000342:	4398                	lw	a4,0(a5)
20000344:	8b21                	andi	a4,a4,8
20000346:	8f55                	or	a4,a4,a3
20000348:	80071073          	csrw	0x800,a4
e:/DuRuofu/Project/fr-ble-light/software/ch582/SRC/StdPeriphDriver/inc/CH58x_sys.h:197
   IRQ_STA = 0;
2000034c:	8001a423          	sw	zero,-2040(gp) # 20000a10 <_edata>
e:/DuRuofu/Project/fr-ble-light/software/ch582/SRC/StdPeriphDriver/inc/CH58x_sys.h:198
   SAFEOPERATE;
20000350:	0000100f          	fence.i
SetSysClock():
e:/DuRuofu/Project/fr-ble-light/software/ch582/SRC/StdPeriphDriver/CH58x_sys.c:79
        if(sc == CLK_SOURCE_PLL_80MHz)
20000354:	04600713          	li	a4,70
20000358:	04e51063          	bne	a0,a4,20000398 <SetSysClock+0x306>
sys_safe_access_enable():
e:/DuRuofu/Project/fr-ble-light/software/ch582/SRC/StdPeriphDriver/inc/CH58x_sys.h:182
   if(read_csr(0x800)&0x08)
2000035c:	80002773          	csrr	a4,0x800
20000360:	8b21                	andi	a4,a4,8
20000362:	cb09                	beqz	a4,20000374 <SetSysClock+0x2e2>
e:/DuRuofu/Project/fr-ble-light/software/ch582/SRC/StdPeriphDriver/inc/CH58x_sys.h:184
       IRQ_STA = read_csr(0x800);
20000364:	80002773          	csrr	a4,0x800
20000368:	80e1a423          	sw	a4,-2040(gp) # 20000a10 <_edata>
e:/DuRuofu/Project/fr-ble-light/software/ch582/SRC/StdPeriphDriver/inc/CH58x_sys.h:185
       write_csr(0x800, (IRQ_STA&(~0x08)));
2000036c:	4398                	lw	a4,0(a5)
2000036e:	9b5d                	andi	a4,a4,-9
20000370:	80071073          	csrw	0x800,a4
e:/DuRuofu/Project/fr-ble-light/software/ch582/SRC/StdPeriphDriver/inc/CH58x_sys.h:187
   SAFEOPERATE;
20000374:	0000100f          	fence.i
e:/DuRuofu/Project/fr-ble-light/software/ch582/SRC/StdPeriphDriver/inc/CH58x_sys.h:188
   R8_SAFE_ACCESS_SIG = SAFE_ACCESS_SIG1;
20000378:	40001737          	lui	a4,0x40001
2000037c:	05700693          	li	a3,87
20000380:	04d70023          	sb	a3,64(a4) # 40001040 <_eusrstack+0x1fff9040>
e:/DuRuofu/Project/fr-ble-light/software/ch582/SRC/StdPeriphDriver/inc/CH58x_sys.h:189
   R8_SAFE_ACCESS_SIG = SAFE_ACCESS_SIG2;
20000384:	fa800693          	li	a3,-88
20000388:	04d70023          	sb	a3,64(a4)
e:/DuRuofu/Project/fr-ble-light/software/ch582/SRC/StdPeriphDriver/inc/CH58x_sys.h:190
   SAFEOPERATE;
2000038c:	0000100f          	fence.i
SetSysClock():
e:/DuRuofu/Project/fr-ble-light/software/ch582/SRC/StdPeriphDriver/CH58x_sys.c:82
            R8_FLASH_CFG = 0X02;
20000390:	400026b7          	lui	a3,0x40002
20000394:	4609                	li	a2,2
20000396:	b5b5                	j	20000202 <SetSysClock+0x170>
sys_safe_access_enable():
e:/DuRuofu/Project/fr-ble-light/software/ch582/SRC/StdPeriphDriver/inc/CH58x_sys.h:182
   if(read_csr(0x800)&0x08)
20000398:	80002773          	csrr	a4,0x800
2000039c:	8b21                	andi	a4,a4,8
2000039e:	cb09                	beqz	a4,200003b0 <SetSysClock+0x31e>
e:/DuRuofu/Project/fr-ble-light/software/ch582/SRC/StdPeriphDriver/inc/CH58x_sys.h:184
       IRQ_STA = read_csr(0x800);
200003a0:	80002773          	csrr	a4,0x800
200003a4:	80e1a423          	sw	a4,-2040(gp) # 20000a10 <_edata>
e:/DuRuofu/Project/fr-ble-light/software/ch582/SRC/StdPeriphDriver/inc/CH58x_sys.h:185
       write_csr(0x800, (IRQ_STA&(~0x08)));
200003a8:	4398                	lw	a4,0(a5)
200003aa:	9b5d                	andi	a4,a4,-9
200003ac:	80071073          	csrw	0x800,a4
e:/DuRuofu/Project/fr-ble-light/software/ch582/SRC/StdPeriphDriver/inc/CH58x_sys.h:187
   SAFEOPERATE;
200003b0:	0000100f          	fence.i
e:/DuRuofu/Project/fr-ble-light/software/ch582/SRC/StdPeriphDriver/inc/CH58x_sys.h:188
   R8_SAFE_ACCESS_SIG = SAFE_ACCESS_SIG1;
200003b4:	40001737          	lui	a4,0x40001
200003b8:	05700693          	li	a3,87
200003bc:	04d70023          	sb	a3,64(a4) # 40001040 <_eusrstack+0x1fff9040>
e:/DuRuofu/Project/fr-ble-light/software/ch582/SRC/StdPeriphDriver/inc/CH58x_sys.h:189
   R8_SAFE_ACCESS_SIG = SAFE_ACCESS_SIG2;
200003c0:	fa800693          	li	a3,-88
200003c4:	04d70023          	sb	a3,64(a4)
e:/DuRuofu/Project/fr-ble-light/software/ch582/SRC/StdPeriphDriver/inc/CH58x_sys.h:190
   SAFEOPERATE;
200003c8:	0000100f          	fence.i
SetSysClock():
e:/DuRuofu/Project/fr-ble-light/software/ch582/SRC/StdPeriphDriver/CH58x_sys.c:88
            R8_FLASH_CFG = 0X52;
200003cc:	400026b7          	lui	a3,0x40002
200003d0:	05200613          	li	a2,82
200003d4:	b53d                	j	20000202 <SetSysClock+0x170>
sys_safe_access_enable():
e:/DuRuofu/Project/fr-ble-light/software/ch582/SRC/StdPeriphDriver/inc/CH58x_sys.h:182
   if(read_csr(0x800)&0x08)
200003d6:	80002773          	csrr	a4,0x800
200003da:	8b21                	andi	a4,a4,8
200003dc:	cb09                	beqz	a4,200003ee <SetSysClock+0x35c>
e:/DuRuofu/Project/fr-ble-light/software/ch582/SRC/StdPeriphDriver/inc/CH58x_sys.h:184
       IRQ_STA = read_csr(0x800);
200003de:	80002773          	csrr	a4,0x800
200003e2:	80e1a423          	sw	a4,-2040(gp) # 20000a10 <_edata>
e:/DuRuofu/Project/fr-ble-light/software/ch582/SRC/StdPeriphDriver/inc/CH58x_sys.h:185
       write_csr(0x800, (IRQ_STA&(~0x08)));
200003e6:	4398                	lw	a4,0(a5)
200003e8:	9b5d                	andi	a4,a4,-9
200003ea:	80071073          	csrw	0x800,a4
e:/DuRuofu/Project/fr-ble-light/software/ch582/SRC/StdPeriphDriver/inc/CH58x_sys.h:187
   SAFEOPERATE;
200003ee:	0000100f          	fence.i
e:/DuRuofu/Project/fr-ble-light/software/ch582/SRC/StdPeriphDriver/inc/CH58x_sys.h:188
   R8_SAFE_ACCESS_SIG = SAFE_ACCESS_SIG1;
200003f2:	40001737          	lui	a4,0x40001
200003f6:	05700693          	li	a3,87
200003fa:	04d70023          	sb	a3,64(a4) # 40001040 <_eusrstack+0x1fff9040>
e:/DuRuofu/Project/fr-ble-light/software/ch582/SRC/StdPeriphDriver/inc/CH58x_sys.h:189
   R8_SAFE_ACCESS_SIG = SAFE_ACCESS_SIG2;
200003fe:	fa800693          	li	a3,-88
20000402:	04d70023          	sb	a3,64(a4)
e:/DuRuofu/Project/fr-ble-light/software/ch582/SRC/StdPeriphDriver/inc/CH58x_sys.h:190
   SAFEOPERATE;
20000406:	0000100f          	fence.i
SetSysClock():
e:/DuRuofu/Project/fr-ble-light/software/ch582/SRC/StdPeriphDriver/CH58x_sys.c:95
        R16_CLK_SYS_CFG |= RB_CLK_SYS_MOD;
2000040a:	00875683          	lhu	a3,8(a4)
2000040e:	0c06e693          	ori	a3,a3,192
20000412:	00d71423          	sh	a3,8(a4)
20000416:	bbc5                	j	20000206 <SetSysClock+0x174>

20000418 <SYS_ResetExecute>:
SYS_ResetExecute():
e:/DuRuofu/Project/fr-ble-light/software/ch582/SRC/StdPeriphDriver/CH58x_sys.c:164
 *
 * @return  none
 */
__HIGH_CODE
void SYS_ResetExecute(void)
{
20000418:	1141                	addi	sp,sp,-16
e:/DuRuofu/Project/fr-ble-light/software/ch582/SRC/StdPeriphDriver/CH58x_sys.c:165
    FLASH_ROM_SW_RESET();
2000041a:	4681                	li	a3,0
2000041c:	4601                	li	a2,0
2000041e:	4581                	li	a1,0
20000420:	4511                	li	a0,4
e:/DuRuofu/Project/fr-ble-light/software/ch582/SRC/StdPeriphDriver/CH58x_sys.c:164
{
20000422:	c606                	sw	ra,12(sp)
e:/DuRuofu/Project/fr-ble-light/software/ch582/SRC/StdPeriphDriver/CH58x_sys.c:165
    FLASH_ROM_SW_RESET();
20000424:	2c19                	jal	2000063a <FLASH_EEPROM_CMD>
sys_safe_access_enable():
e:/DuRuofu/Project/fr-ble-light/software/ch582/SRC/StdPeriphDriver/inc/CH58x_sys.h:182
   if(read_csr(0x800)&0x08)
20000426:	800027f3          	csrr	a5,0x800
2000042a:	8ba1                	andi	a5,a5,8
2000042c:	80818693          	addi	a3,gp,-2040 # 20000a10 <_edata>
20000430:	cb89                	beqz	a5,20000442 <SYS_ResetExecute+0x2a>
e:/DuRuofu/Project/fr-ble-light/software/ch582/SRC/StdPeriphDriver/inc/CH58x_sys.h:184
       IRQ_STA = read_csr(0x800);
20000432:	800027f3          	csrr	a5,0x800
20000436:	80f1a423          	sw	a5,-2040(gp) # 20000a10 <_edata>
e:/DuRuofu/Project/fr-ble-light/software/ch582/SRC/StdPeriphDriver/inc/CH58x_sys.h:185
       write_csr(0x800, (IRQ_STA&(~0x08)));
2000043a:	429c                	lw	a5,0(a3)
2000043c:	9bdd                	andi	a5,a5,-9
2000043e:	80079073          	csrw	0x800,a5
e:/DuRuofu/Project/fr-ble-light/software/ch582/SRC/StdPeriphDriver/inc/CH58x_sys.h:187
   SAFEOPERATE;
20000442:	0000100f          	fence.i
e:/DuRuofu/Project/fr-ble-light/software/ch582/SRC/StdPeriphDriver/inc/CH58x_sys.h:188
   R8_SAFE_ACCESS_SIG = SAFE_ACCESS_SIG1;
20000446:	400017b7          	lui	a5,0x40001
2000044a:	05700713          	li	a4,87
2000044e:	04e78023          	sb	a4,64(a5) # 40001040 <_eusrstack+0x1fff9040>
e:/DuRuofu/Project/fr-ble-light/software/ch582/SRC/StdPeriphDriver/inc/CH58x_sys.h:189
   R8_SAFE_ACCESS_SIG = SAFE_ACCESS_SIG2;
20000452:	fa800713          	li	a4,-88
20000456:	04e78023          	sb	a4,64(a5)
e:/DuRuofu/Project/fr-ble-light/software/ch582/SRC/StdPeriphDriver/inc/CH58x_sys.h:190
   SAFEOPERATE;
2000045a:	0000100f          	fence.i
SYS_ResetExecute():
e:/DuRuofu/Project/fr-ble-light/software/ch582/SRC/StdPeriphDriver/CH58x_sys.c:167
    sys_safe_access_enable();
    R8_RST_WDOG_CTRL |= RB_SOFTWARE_RESET;
2000045e:	0467c703          	lbu	a4,70(a5)
20000462:	00176713          	ori	a4,a4,1
20000466:	04e78323          	sb	a4,70(a5)
sys_safe_access_disable():
e:/DuRuofu/Project/fr-ble-light/software/ch582/SRC/StdPeriphDriver/inc/CH58x_sys.h:195
   R8_SAFE_ACCESS_SIG = 0;
2000046a:	04078023          	sb	zero,64(a5)
e:/DuRuofu/Project/fr-ble-light/software/ch582/SRC/StdPeriphDriver/inc/CH58x_sys.h:196
   write_csr(0x800, read_csr(0x800)|(IRQ_STA&0x08));
2000046e:	80002773          	csrr	a4,0x800
20000472:	429c                	lw	a5,0(a3)
20000474:	8ba1                	andi	a5,a5,8
20000476:	8fd9                	or	a5,a5,a4
20000478:	80079073          	csrw	0x800,a5
e:/DuRuofu/Project/fr-ble-light/software/ch582/SRC/StdPeriphDriver/inc/CH58x_sys.h:197
   IRQ_STA = 0;
2000047c:	8001a423          	sw	zero,-2040(gp) # 20000a10 <_edata>
e:/DuRuofu/Project/fr-ble-light/software/ch582/SRC/StdPeriphDriver/inc/CH58x_sys.h:198
   SAFEOPERATE;
20000480:	0000100f          	fence.i
SYS_ResetExecute():
e:/DuRuofu/Project/fr-ble-light/software/ch582/SRC/StdPeriphDriver/CH58x_sys.c:169
    sys_safe_access_disable();
}
20000484:	40b2                	lw	ra,12(sp)
20000486:	0141                	addi	sp,sp,16
20000488:	8082                	ret

2000048a <HardFault_Handler>:
HardFault_Handler():
e:/DuRuofu/Project/fr-ble-light/software/ch582/SRC/StdPeriphDriver/CH58x_sys.c:304
__INTERRUPT
__HIGH_CODE
__attribute__((weak))
void HardFault_Handler(void)
{
    FLASH_ROM_SW_RESET();
2000048a:	4681                	li	a3,0
2000048c:	4601                	li	a2,0
2000048e:	4581                	li	a1,0
20000490:	4511                	li	a0,4
20000492:	2265                	jal	2000063a <FLASH_EEPROM_CMD>
sys_safe_access_enable():
e:/DuRuofu/Project/fr-ble-light/software/ch582/SRC/StdPeriphDriver/inc/CH58x_sys.h:182
   if(read_csr(0x800)&0x08)
20000494:	800027f3          	csrr	a5,0x800
20000498:	8ba1                	andi	a5,a5,8
2000049a:	80818713          	addi	a4,gp,-2040 # 20000a10 <_edata>
2000049e:	cb89                	beqz	a5,200004b0 <HardFault_Handler+0x26>
e:/DuRuofu/Project/fr-ble-light/software/ch582/SRC/StdPeriphDriver/inc/CH58x_sys.h:184
       IRQ_STA = read_csr(0x800);
200004a0:	800027f3          	csrr	a5,0x800
200004a4:	80f1a423          	sw	a5,-2040(gp) # 20000a10 <_edata>
e:/DuRuofu/Project/fr-ble-light/software/ch582/SRC/StdPeriphDriver/inc/CH58x_sys.h:185
       write_csr(0x800, (IRQ_STA&(~0x08)));
200004a8:	431c                	lw	a5,0(a4)
200004aa:	9bdd                	andi	a5,a5,-9
200004ac:	80079073          	csrw	0x800,a5
e:/DuRuofu/Project/fr-ble-light/software/ch582/SRC/StdPeriphDriver/inc/CH58x_sys.h:187
   SAFEOPERATE;
200004b0:	0000100f          	fence.i
e:/DuRuofu/Project/fr-ble-light/software/ch582/SRC/StdPeriphDriver/inc/CH58x_sys.h:188
   R8_SAFE_ACCESS_SIG = SAFE_ACCESS_SIG1;
200004b4:	400017b7          	lui	a5,0x40001
200004b8:	05700693          	li	a3,87
200004bc:	04d78023          	sb	a3,64(a5) # 40001040 <_eusrstack+0x1fff9040>
e:/DuRuofu/Project/fr-ble-light/software/ch582/SRC/StdPeriphDriver/inc/CH58x_sys.h:189
   R8_SAFE_ACCESS_SIG = SAFE_ACCESS_SIG2;
200004c0:	fa800693          	li	a3,-88
200004c4:	04d78023          	sb	a3,64(a5)
e:/DuRuofu/Project/fr-ble-light/software/ch582/SRC/StdPeriphDriver/inc/CH58x_sys.h:190
   SAFEOPERATE;
200004c8:	0000100f          	fence.i
HardFault_Handler():
e:/DuRuofu/Project/fr-ble-light/software/ch582/SRC/StdPeriphDriver/CH58x_sys.c:306
    sys_safe_access_enable();
    R16_INT32K_TUNE = 0xFFFF;
200004cc:	56fd                	li	a3,-1
200004ce:	02d79623          	sh	a3,44(a5)
sys_safe_access_disable():
e:/DuRuofu/Project/fr-ble-light/software/ch582/SRC/StdPeriphDriver/inc/CH58x_sys.h:195
   R8_SAFE_ACCESS_SIG = 0;
200004d2:	04078023          	sb	zero,64(a5)
e:/DuRuofu/Project/fr-ble-light/software/ch582/SRC/StdPeriphDriver/inc/CH58x_sys.h:196
   write_csr(0x800, read_csr(0x800)|(IRQ_STA&0x08));
200004d6:	800026f3          	csrr	a3,0x800
200004da:	431c                	lw	a5,0(a4)
200004dc:	8ba1                	andi	a5,a5,8
200004de:	8fd5                	or	a5,a5,a3
200004e0:	80079073          	csrw	0x800,a5
e:/DuRuofu/Project/fr-ble-light/software/ch582/SRC/StdPeriphDriver/inc/CH58x_sys.h:197
   IRQ_STA = 0;
200004e4:	8001a423          	sw	zero,-2040(gp) # 20000a10 <_edata>
e:/DuRuofu/Project/fr-ble-light/software/ch582/SRC/StdPeriphDriver/inc/CH58x_sys.h:198
   SAFEOPERATE;
200004e8:	0000100f          	fence.i
sys_safe_access_enable():
e:/DuRuofu/Project/fr-ble-light/software/ch582/SRC/StdPeriphDriver/inc/CH58x_sys.h:182
   if(read_csr(0x800)&0x08)
200004ec:	800027f3          	csrr	a5,0x800
200004f0:	8ba1                	andi	a5,a5,8
200004f2:	cb89                	beqz	a5,20000504 <HardFault_Handler+0x7a>
e:/DuRuofu/Project/fr-ble-light/software/ch582/SRC/StdPeriphDriver/inc/CH58x_sys.h:184
       IRQ_STA = read_csr(0x800);
200004f4:	800027f3          	csrr	a5,0x800
200004f8:	80f1a423          	sw	a5,-2040(gp) # 20000a10 <_edata>
e:/DuRuofu/Project/fr-ble-light/software/ch582/SRC/StdPeriphDriver/inc/CH58x_sys.h:185
       write_csr(0x800, (IRQ_STA&(~0x08)));
200004fc:	431c                	lw	a5,0(a4)
200004fe:	9bdd                	andi	a5,a5,-9
20000500:	80079073          	csrw	0x800,a5
e:/DuRuofu/Project/fr-ble-light/software/ch582/SRC/StdPeriphDriver/inc/CH58x_sys.h:187
   SAFEOPERATE;
20000504:	0000100f          	fence.i
e:/DuRuofu/Project/fr-ble-light/software/ch582/SRC/StdPeriphDriver/inc/CH58x_sys.h:188
   R8_SAFE_ACCESS_SIG = SAFE_ACCESS_SIG1;
20000508:	400017b7          	lui	a5,0x40001
2000050c:	05700693          	li	a3,87
20000510:	04d78023          	sb	a3,64(a5) # 40001040 <_eusrstack+0x1fff9040>
e:/DuRuofu/Project/fr-ble-light/software/ch582/SRC/StdPeriphDriver/inc/CH58x_sys.h:189
   R8_SAFE_ACCESS_SIG = SAFE_ACCESS_SIG2;
20000514:	fa800693          	li	a3,-88
20000518:	04d78023          	sb	a3,64(a5)
e:/DuRuofu/Project/fr-ble-light/software/ch582/SRC/StdPeriphDriver/inc/CH58x_sys.h:190
   SAFEOPERATE;
2000051c:	0000100f          	fence.i
HardFault_Handler():
e:/DuRuofu/Project/fr-ble-light/software/ch582/SRC/StdPeriphDriver/CH58x_sys.c:309
	sys_safe_access_disable();
    sys_safe_access_enable();
    R8_RST_WDOG_CTRL |= RB_SOFTWARE_RESET;
20000520:	0467c683          	lbu	a3,70(a5)
20000524:	0016e693          	ori	a3,a3,1
20000528:	04d78323          	sb	a3,70(a5)
sys_safe_access_disable():
e:/DuRuofu/Project/fr-ble-light/software/ch582/SRC/StdPeriphDriver/inc/CH58x_sys.h:195
   R8_SAFE_ACCESS_SIG = 0;
2000052c:	04078023          	sb	zero,64(a5)
e:/DuRuofu/Project/fr-ble-light/software/ch582/SRC/StdPeriphDriver/inc/CH58x_sys.h:196
   write_csr(0x800, read_csr(0x800)|(IRQ_STA&0x08));
20000530:	800026f3          	csrr	a3,0x800
20000534:	431c                	lw	a5,0(a4)
20000536:	8ba1                	andi	a5,a5,8
20000538:	8fd5                	or	a5,a5,a3
2000053a:	80079073          	csrw	0x800,a5
e:/DuRuofu/Project/fr-ble-light/software/ch582/SRC/StdPeriphDriver/inc/CH58x_sys.h:197
   IRQ_STA = 0;
2000053e:	8001a423          	sw	zero,-2040(gp) # 20000a10 <_edata>
e:/DuRuofu/Project/fr-ble-light/software/ch582/SRC/StdPeriphDriver/inc/CH58x_sys.h:198
   SAFEOPERATE;
20000542:	0000100f          	fence.i
HardFault_Handler():
e:/DuRuofu/Project/fr-ble-light/software/ch582/SRC/StdPeriphDriver/CH58x_sys.c:311 (discriminator 1)
    sys_safe_access_disable();
    while(1);
20000546:	a001                	j	20000546 <HardFault_Handler+0xbc>

20000548 <mDelayuS>:
mDelayuS():
e:/DuRuofu/Project/fr-ble-light/software/ch582/SRC/StdPeriphDriver/CH58x_sys.c:330
{
    uint32_t i;
#if(FREQ_SYS == 80000000)
    i = t * 20;
#elif(FREQ_SYS == 60000000)
    i = t * 15;
20000548:	47bd                	li	a5,15
2000054a:	02f50533          	mul	a0,a0,a5
e:/DuRuofu/Project/fr-ble-light/software/ch582/SRC/StdPeriphDriver/CH58x_sys.c:354 (discriminator 1)
#else
    i = t << 1;
#endif
    do
    {
        __nop();
2000054e:	0001                	nop
e:/DuRuofu/Project/fr-ble-light/software/ch582/SRC/StdPeriphDriver/CH58x_sys.c:355 (discriminator 1)
    } while(--i);
20000550:	157d                	addi	a0,a0,-1
20000552:	fd75                	bnez	a0,2000054e <mDelayuS+0x6>
e:/DuRuofu/Project/fr-ble-light/software/ch582/SRC/StdPeriphDriver/CH58x_sys.c:356
}
20000554:	8082                	ret

20000556 <mDelaymS>:
mDelaymS():
e:/DuRuofu/Project/fr-ble-light/software/ch582/SRC/StdPeriphDriver/CH58x_sys.c:369
 *
 * @return  none
 */
__HIGH_CODE
void mDelaymS(uint16_t t)
{
20000556:	1141                	addi	sp,sp,-16
20000558:	c422                	sw	s0,8(sp)
2000055a:	c226                	sw	s1,4(sp)
2000055c:	c606                	sw	ra,12(sp)
2000055e:	84aa                	mv	s1,a0
e:/DuRuofu/Project/fr-ble-light/software/ch582/SRC/StdPeriphDriver/CH58x_sys.c:372
    uint16_t i;

    for(i = 0; i < t; i++)
20000560:	4401                	li	s0,0
e:/DuRuofu/Project/fr-ble-light/software/ch582/SRC/StdPeriphDriver/CH58x_sys.c:372 (discriminator 1)
20000562:	00941763          	bne	s0,s1,20000570 <mDelaymS+0x1a>
e:/DuRuofu/Project/fr-ble-light/software/ch582/SRC/StdPeriphDriver/CH58x_sys.c:376
    {
        mDelayuS(1000);
    }
}
20000566:	40b2                	lw	ra,12(sp)
20000568:	4422                	lw	s0,8(sp)
2000056a:	4492                	lw	s1,4(sp)
2000056c:	0141                	addi	sp,sp,16
2000056e:	8082                	ret
e:/DuRuofu/Project/fr-ble-light/software/ch582/SRC/StdPeriphDriver/CH58x_sys.c:372 (discriminator 3)
    for(i = 0; i < t; i++)
20000570:	0405                	addi	s0,s0,1
e:/DuRuofu/Project/fr-ble-light/software/ch582/SRC/StdPeriphDriver/CH58x_sys.c:374 (discriminator 3)
        mDelayuS(1000);
20000572:	3e800513          	li	a0,1000
e:/DuRuofu/Project/fr-ble-light/software/ch582/SRC/StdPeriphDriver/CH58x_sys.c:372 (discriminator 3)
    for(i = 0; i < t; i++)
20000576:	0442                	slli	s0,s0,0x10
e:/DuRuofu/Project/fr-ble-light/software/ch582/SRC/StdPeriphDriver/CH58x_sys.c:374 (discriminator 3)
        mDelayuS(1000);
20000578:	3fc1                	jal	20000548 <mDelayuS>
e:/DuRuofu/Project/fr-ble-light/software/ch582/SRC/StdPeriphDriver/CH58x_sys.c:372 (discriminator 3)
    for(i = 0; i < t; i++)
2000057a:	8041                	srli	s0,s0,0x10
2000057c:	b7dd                	j	20000562 <mDelaymS+0xc>

2000057e <FLASH_ROM_BEG>:
FLASH_ROM_BEG():
2000057e:	80040323          	sb	zero,-2042(s0)
20000582:	4715                	li	a4,5
20000584:	80e40323          	sb	a4,-2042(s0)
20000588:	0001                	nop
2000058a:	80a40223          	sb	a0,-2044(s0)
2000058e:	8082                	ret

20000590 <FLASH_ROM_END>:
FLASH_ROM_END():
20000590:	80640783          	lb	a5,-2042(s0)
20000594:	fe07cee3          	bltz	a5,20000590 <FLASH_ROM_END>
20000598:	80040323          	sb	zero,-2042(s0)
2000059c:	8082                	ret

2000059e <FLASH_ROM_IN>:
FLASH_ROM_IN():
2000059e:	80640783          	lb	a5,-2042(s0)
200005a2:	fe07cee3          	bltz	a5,2000059e <FLASH_ROM_IN>
200005a6:	80444503          	lbu	a0,-2044(s0)
200005aa:	8082                	ret

200005ac <FLASH_ROM_OUT>:
FLASH_ROM_OUT():
200005ac:	80640783          	lb	a5,-2042(s0)
200005b0:	fe07cee3          	bltz	a5,200005ac <FLASH_ROM_OUT>
200005b4:	80a40223          	sb	a0,-2044(s0)
200005b8:	8082                	ret

200005ba <FLASH_ROM_ADDR>:
FLASH_ROM_ADDR():
200005ba:	1141                	addi	sp,sp,-16
200005bc:	c426                	sw	s1,8(sp)
200005be:	c24a                	sw	s2,4(sp)
200005c0:	c04e                	sw	s3,0(sp)
200005c2:	c606                	sw	ra,12(sp)
200005c4:	0bf57713          	andi	a4,a0,191
200005c8:	47ad                	li	a5,11
200005ca:	89aa                	mv	s3,a0
200005cc:	892e                	mv	s2,a1
200005ce:	4495                	li	s1,5
200005d0:	00f70663          	beq	a4,a5,200005dc <FLASH_ROM_ADDR+0x22>
200005d4:	4519                	li	a0,6
200005d6:	3765                	jal	2000057e <FLASH_ROM_BEG>
200005d8:	3f65                	jal	20000590 <FLASH_ROM_END>
200005da:	448d                	li	s1,3
200005dc:	854e                	mv	a0,s3
200005de:	3745                	jal	2000057e <FLASH_ROM_BEG>
200005e0:	59fd                	li	s3,-1
200005e2:	14fd                	addi	s1,s1,-1
200005e4:	01349863          	bne	s1,s3,200005f4 <FLASH_ROM_ADDR+0x3a>
200005e8:	40b2                	lw	ra,12(sp)
200005ea:	44a2                	lw	s1,8(sp)
200005ec:	4912                	lw	s2,4(sp)
200005ee:	4982                	lw	s3,0(sp)
200005f0:	0141                	addi	sp,sp,16
200005f2:	8082                	ret
200005f4:	01095513          	srli	a0,s2,0x10
200005f8:	0ff57513          	andi	a0,a0,255
200005fc:	3f45                	jal	200005ac <FLASH_ROM_OUT>
200005fe:	0922                	slli	s2,s2,0x8
20000600:	b7cd                	j	200005e2 <FLASH_ROM_ADDR+0x28>

20000602 <FLASH_ROM_WAIT>:
FLASH_ROM_WAIT():
20000602:	1101                	addi	sp,sp,-32
20000604:	cc26                	sw	s1,24(sp)
20000606:	ce06                	sw	ra,28(sp)
20000608:	000804b7          	lui	s1,0x80
2000060c:	3751                	jal	20000590 <FLASH_ROM_END>
2000060e:	4515                	li	a0,5
20000610:	37bd                	jal	2000057e <FLASH_ROM_BEG>
20000612:	3771                	jal	2000059e <FLASH_ROM_IN>
20000614:	3769                	jal	2000059e <FLASH_ROM_IN>
20000616:	c62a                	sw	a0,12(sp)
20000618:	3fa5                	jal	20000590 <FLASH_ROM_END>
2000061a:	4532                	lw	a0,12(sp)
2000061c:	00157793          	andi	a5,a0,1
20000620:	eb89                	bnez	a5,20000632 <FLASH_ROM_WAIT+0x30>
20000622:	00156513          	ori	a0,a0,1
20000626:	0ff57513          	andi	a0,a0,255
2000062a:	40f2                	lw	ra,28(sp)
2000062c:	44e2                	lw	s1,24(sp)
2000062e:	6105                	addi	sp,sp,32
20000630:	8082                	ret
20000632:	14fd                	addi	s1,s1,-1
20000634:	fce9                	bnez	s1,2000060e <FLASH_ROM_WAIT+0xc>
20000636:	4501                	li	a0,0
20000638:	bfcd                	j	2000062a <FLASH_ROM_WAIT+0x28>

2000063a <FLASH_EEPROM_CMD>:
FLASH_EEPROM_CMD():
2000063a:	7139                	addi	sp,sp,-64
2000063c:	dc26                	sw	s1,56(sp)
2000063e:	da4a                	sw	s2,52(sp)
20000640:	d84e                	sw	s3,48(sp)
20000642:	d652                	sw	s4,44(sp)
20000644:	d456                	sw	s5,40(sp)
20000646:	d25a                	sw	s6,36(sp)
20000648:	d05e                	sw	s7,32(sp)
2000064a:	de06                	sw	ra,60(sp)
2000064c:	ce62                	sw	s8,28(sp)
2000064e:	cc66                	sw	s9,24(sp)
20000650:	e000e7b7          	lui	a5,0xe000e
20000654:	577d                	li	a4,-1
20000656:	0007aa83          	lw	s5,0(a5) # e000e000 <_eusrstack+0xc0006000>
2000065a:	c622                	sw	s0,12(sp)
2000065c:	0047aa03          	lw	s4,4(a5)
20000660:	18e7a023          	sw	a4,384(a5)
20000664:	18e7a223          	sw	a4,388(a5)
20000668:	400017b7          	lui	a5,0x40001
2000066c:	05700713          	li	a4,87
20000670:	04e78023          	sb	a4,64(a5) # 40001040 <_eusrstack+0x1fff9040>
20000674:	fa800713          	li	a4,-88
20000678:	04e78023          	sb	a4,64(a5)
2000067c:	0447c783          	lbu	a5,68(a5)
20000680:	ff750b93          	addi	s7,a0,-9
20000684:	84b6                	mv	s1,a3
20000686:	07e2                	slli	a5,a5,0x18
20000688:	0ffbfb93          	andi	s7,s7,255
2000068c:	4685                	li	a3,1
2000068e:	89aa                	mv	s3,a0
20000690:	8b2e                	mv	s6,a1
20000692:	8932                	mv	s2,a2
20000694:	40002437          	lui	s0,0x40002
20000698:	87e1                	srai	a5,a5,0x18
2000069a:	5701                	li	a4,-32
2000069c:	0176fa63          	bgeu	a3,s7,200006b0 <FLASH_EEPROM_CMD+0x76>
200006a0:	00d50863          	beq	a0,a3,200006b0 <FLASH_EEPROM_CMD+0x76>
200006a4:	4689                	li	a3,2
200006a6:	02000713          	li	a4,32
200006aa:	00d51363          	bne	a0,a3,200006b0 <FLASH_EEPROM_CMD+0x76>
200006ae:	5701                	li	a4,-32
200006b0:	8fd9                	or	a5,a5,a4
200006b2:	0ff7f793          	andi	a5,a5,255
200006b6:	40001cb7          	lui	s9,0x40001
200006ba:	04fc8223          	sb	a5,68(s9) # 40001044 <_eusrstack+0x1fff9044>
200006be:	4711                	li	a4,4
200006c0:	80e40323          	sb	a4,-2042(s0) # 40001806 <_eusrstack+0x1fff9806>
200006c4:	0ff00513          	li	a0,255
200006c8:	3d5d                	jal	2000057e <FLASH_ROM_BEG>
200006ca:	4c09                	li	s8,2
200006cc:	35d1                	jal	20000590 <FLASH_ROM_END>
200006ce:	117c6d63          	bltu	s8,s7,200007e8 <FLASH_EEPROM_CMD+0x1ae>
200006d2:	000705b7          	lui	a1,0x70
200006d6:	95da                	add	a1,a1,s6
200006d8:	00078737          	lui	a4,0x78
200006dc:	5579                	li	a0,-2
200006de:	04e5f263          	bgeu	a1,a4,20000722 <FLASH_EEPROM_CMD+0xe8>
200006e2:	009587b3          	add	a5,a1,s1
200006e6:	02f76e63          	bltu	a4,a5,20000722 <FLASH_EEPROM_CMD+0xe8>
200006ea:	00080b37          	lui	s6,0x80
200006ee:	47a9                	li	a5,10
200006f0:	0165eb33          	or	s6,a1,s6
200006f4:	06f99963          	bne	s3,a5,20000766 <FLASH_EEPROM_CMD+0x12c>
200006f8:	e489                	bnez	s1,20000702 <FLASH_EEPROM_CMD+0xc8>
200006fa:	4481                	li	s1,0
200006fc:	3d51                	jal	20000590 <FLASH_ROM_END>
200006fe:	8526                	mv	a0,s1
20000700:	a00d                	j	20000722 <FLASH_EEPROM_CMD+0xe8>
20000702:	85da                	mv	a1,s6
20000704:	4509                	li	a0,2
20000706:	3d55                	jal	200005ba <FLASH_ROM_ADDR>
20000708:	0905                	addi	s2,s2,1
2000070a:	fff94503          	lbu	a0,-1(s2)
2000070e:	14fd                	addi	s1,s1,-1
20000710:	0b05                	addi	s6,s6,1
20000712:	3d69                	jal	200005ac <FLASH_ROM_OUT>
20000714:	c481                	beqz	s1,2000071c <FLASH_EEPROM_CMD+0xe2>
20000716:	0ffb7793          	andi	a5,s6,255
2000071a:	f7fd                	bnez	a5,20000708 <FLASH_EEPROM_CMD+0xce>
2000071c:	35dd                	jal	20000602 <FLASH_ROM_WAIT>
2000071e:	fd69                	bnez	a0,200006f8 <FLASH_EEPROM_CMD+0xbe>
20000720:	557d                	li	a0,-1
20000722:	400017b7          	lui	a5,0x40001
20000726:	05700713          	li	a4,87
2000072a:	04e78023          	sb	a4,64(a5) # 40001040 <_eusrstack+0x1fff9040>
2000072e:	fa800713          	li	a4,-88
20000732:	04e78023          	sb	a4,64(a5)
20000736:	0447c703          	lbu	a4,68(a5)
2000073a:	8b41                	andi	a4,a4,16
2000073c:	04e78223          	sb	a4,68(a5)
20000740:	50f2                	lw	ra,60(sp)
20000742:	e000e7b7          	lui	a5,0xe000e
20000746:	1157a023          	sw	s5,256(a5) # e000e100 <_eusrstack+0xc0006100>
2000074a:	1147a223          	sw	s4,260(a5)
2000074e:	54e2                	lw	s1,56(sp)
20000750:	4432                	lw	s0,12(sp)
20000752:	5952                	lw	s2,52(sp)
20000754:	59c2                	lw	s3,48(sp)
20000756:	5a32                	lw	s4,44(sp)
20000758:	5aa2                	lw	s5,40(sp)
2000075a:	5b12                	lw	s6,36(sp)
2000075c:	5b82                	lw	s7,32(sp)
2000075e:	4c72                	lw	s8,28(sp)
20000760:	4ce2                	lw	s9,24(sp)
20000762:	6121                	addi	sp,sp,64
20000764:	8082                	ret
20000766:	47a5                	li	a5,9
20000768:	06f99563          	bne	s3,a5,200007d2 <FLASH_EEPROM_CMD+0x198>
2000076c:	6985                	lui	s3,0x1
2000076e:	0ff00913          	li	s2,255
20000772:	009906b3          	add	a3,s2,s1
20000776:	012b74b3          	and	s1,s6,s2
2000077a:	94b6                	add	s1,s1,a3
2000077c:	fff94913          	not	s2,s2
20000780:	009974b3          	and	s1,s2,s1
20000784:	6b85                	lui	s7,0x1
20000786:	01697933          	and	s2,s2,s6
2000078a:	6b41                	lui	s6,0x10
2000078c:	fff98793          	addi	a5,s3,-1 # fff <UART1_DefInit+0x7>
20000790:	0127f7b3          	and	a5,a5,s2
20000794:	e399                	bnez	a5,2000079a <FLASH_EEPROM_CMD+0x160>
20000796:	0134fc63          	bgeu	s1,s3,200007ae <FLASH_EEPROM_CMD+0x174>
2000079a:	0049d993          	srli	s3,s3,0x4
2000079e:	47c1                	li	a5,16
200007a0:	ff37e6e3          	bltu	a5,s3,2000078c <FLASH_EEPROM_CMD+0x152>
200007a4:	bf99                	j	200006fa <FLASH_EEPROM_CMD+0xc0>
200007a6:	6905                	lui	s2,0x1
200007a8:	69c1                	lui	s3,0x10
200007aa:	197d                	addi	s2,s2,-1
200007ac:	b7d9                	j	20000772 <FLASH_EEPROM_CMD+0x138>
200007ae:	0d800513          	li	a0,216
200007b2:	01698863          	beq	s3,s6,200007c2 <FLASH_EEPROM_CMD+0x188>
200007b6:	02000513          	li	a0,32
200007ba:	01798463          	beq	s3,s7,200007c2 <FLASH_EEPROM_CMD+0x188>
200007be:	08100513          	li	a0,129
200007c2:	85ca                	mv	a1,s2
200007c4:	3bdd                	jal	200005ba <FLASH_ROM_ADDR>
200007c6:	3d35                	jal	20000602 <FLASH_ROM_WAIT>
200007c8:	dd21                	beqz	a0,20000720 <FLASH_EEPROM_CMD+0xe6>
200007ca:	994e                	add	s2,s2,s3
200007cc:	413484b3          	sub	s1,s1,s3
200007d0:	b7d9                	j	20000796 <FLASH_EEPROM_CMD+0x15c>
200007d2:	85da                	mv	a1,s6
200007d4:	452d                	li	a0,11
200007d6:	33d5                	jal	200005ba <FLASH_ROM_ADDR>
200007d8:	94ca                	add	s1,s1,s2
200007da:	f29900e3          	beq	s2,s1,200006fa <FLASH_EEPROM_CMD+0xc0>
200007de:	0905                	addi	s2,s2,1
200007e0:	3b7d                	jal	2000059e <FLASH_ROM_IN>
200007e2:	fea90fa3          	sb	a0,-1(s2) # fff <UART1_DefInit+0x7>
200007e6:	bfd5                	j	200007da <FLASH_EEPROM_CMD+0x1a0>
200007e8:	fff98793          	addi	a5,s3,-1 # ffff <_data_lma+0xdb4f>
200007ec:	0ff7f793          	andi	a5,a5,255
200007f0:	0cfc6163          	bltu	s8,a5,200008b2 <.loop402+0x7a>
200007f4:	041cc783          	lbu	a5,65(s9)
200007f8:	08300713          	li	a4,131
200007fc:	04f71f63          	bne	a4,a5,2000085a <.loop402+0x22>
20000800:	00080737          	lui	a4,0x80
20000804:	04eb6b63          	bltu	s6,a4,2000085a <.loop402+0x22>
20000808:	009b07b3          	add	a5,s6,s1
2000080c:	001006b7          	lui	a3,0x100
20000810:	04d7f563          	bgeu	a5,a3,2000085a <.loop402+0x22>
20000814:	00eb4b33          	xor	s6,s6,a4
20000818:	4789                	li	a5,2
2000081a:	06f99363          	bne	s3,a5,20000880 <.loop402+0x48>
2000081e:	8089                	srli	s1,s1,0x2
20000820:	49d5                	li	s3,21
20000822:	ec048ce3          	beqz	s1,200006fa <FLASH_EEPROM_CMD+0xc0>
20000826:	85da                	mv	a1,s6
20000828:	4509                	li	a0,2
2000082a:	3b41                	jal	200005ba <FLASH_ROM_ADDR>
2000082c:	0911                	addi	s2,s2,4
2000082e:	ffc92703          	lw	a4,-4(s2)
20000832:	4791                	li	a5,4
20000834:	80e42023          	sw	a4,-2048(s0)

20000838 <.loop402>:
20000838:	80640703          	lb	a4,-2042(s0)
2000083c:	fe074ee3          	bltz	a4,20000838 <.loop402>
20000840:	81340323          	sb	s3,-2042(s0)
20000844:	17fd                	addi	a5,a5,-1
20000846:	fbed                	bnez	a5,20000838 <.loop402>
20000848:	14fd                	addi	s1,s1,-1
2000084a:	0b11                	addi	s6,s6,4
2000084c:	c481                	beqz	s1,20000854 <.loop402+0x1c>
2000084e:	0ffb7793          	andi	a5,s6,255
20000852:	ffe9                	bnez	a5,2000082c <FLASH_EEPROM_CMD+0x1f2>
20000854:	337d                	jal	20000602 <FLASH_ROM_WAIT>
20000856:	f571                	bnez	a0,20000822 <FLASH_EEPROM_CMD+0x1e8>
20000858:	b5e1                	j	20000720 <FLASH_EEPROM_CMD+0xe6>
2000085a:	400017b7          	lui	a5,0x40001
2000085e:	0457c703          	lbu	a4,69(a5) # 40001045 <_eusrstack+0x1fff9045>
20000862:	000807b7          	lui	a5,0x80
20000866:	02077713          	andi	a4,a4,32
2000086a:	e319                	bnez	a4,20000870 <.loop402+0x38>
2000086c:	000787b7          	lui	a5,0x78
20000870:	5579                	li	a0,-2
20000872:	eafb78e3          	bgeu	s6,a5,20000722 <FLASH_EEPROM_CMD+0xe8>
20000876:	009b0733          	add	a4,s6,s1
2000087a:	f8e7ffe3          	bgeu	a5,a4,20000818 <FLASH_EEPROM_CMD+0x1de>
2000087e:	b555                	j	20000722 <FLASH_EEPROM_CMD+0xe8>
20000880:	4785                	li	a5,1
20000882:	f2f982e3          	beq	s3,a5,200007a6 <FLASH_EEPROM_CMD+0x16c>
20000886:	85da                	mv	a1,s6
20000888:	452d                	li	a0,11
2000088a:	3b05                	jal	200005ba <FLASH_ROM_ADDR>
2000088c:	fff48993          	addi	s3,s1,-1 # 7ffff <_data_lma+0x7db4f>
20000890:	e60485e3          	beqz	s1,200006fa <FLASH_EEPROM_CMD+0xc0>
20000894:	3329                	jal	2000059e <FLASH_ROM_IN>
20000896:	0039f793          	andi	a5,s3,3
2000089a:	eb91                	bnez	a5,200008ae <.loop402+0x76>
2000089c:	80042683          	lw	a3,-2048(s0)
200008a0:	00092703          	lw	a4,0(s2)
200008a4:	00490793          	addi	a5,s2,4
200008a8:	e4e69ae3          	bne	a3,a4,200006fc <FLASH_EEPROM_CMD+0xc2>
200008ac:	893e                	mv	s2,a5
200008ae:	84ce                	mv	s1,s3
200008b0:	bff1                	j	2000088c <.loop402+0x54>
200008b2:	47b5                	li	a5,13
200008b4:	00f99663          	bne	s3,a5,200008c0 <.loop402+0x88>
200008b8:	0b900513          	li	a0,185
200008bc:	31c9                	jal	2000057e <FLASH_ROM_BEG>
200008be:	bd35                	j	200006fa <FLASH_EEPROM_CMD+0xc0>
200008c0:	47b1                	li	a5,12
200008c2:	0ab00513          	li	a0,171
200008c6:	fef98be3          	beq	s3,a5,200008bc <.loop402+0x84>
200008ca:	4799                	li	a5,6
200008cc:	04f99163          	bne	s3,a5,2000090e <.loop402+0xd6>
200008d0:	000805b7          	lui	a1,0x80
200008d4:	00bb65b3          	or	a1,s6,a1
200008d8:	452d                	li	a0,11
200008da:	31c5                	jal	200005ba <FLASH_ROM_ADDR>
200008dc:	4481                	li	s1,0
200008de:	4b8d                	li	s7,3
200008e0:	49a1                	li	s3,8
200008e2:	3975                	jal	2000059e <FLASH_ROM_IN>
200008e4:	01749663          	bne	s1,s7,200008f0 <.loop402+0xb8>
200008e8:	80042783          	lw	a5,-2048(s0)
200008ec:	00f92023          	sw	a5,0(s2)
200008f0:	0485                	addi	s1,s1,1
200008f2:	ff3498e3          	bne	s1,s3,200008e2 <.loop402+0xaa>
200008f6:	80042783          	lw	a5,-2048(s0)
200008fa:	012b1713          	slli	a4,s6,0x12
200008fe:	00075563          	bgez	a4,20000908 <.loop402+0xd0>
20000902:	00f91223          	sh	a5,4(s2)
20000906:	bbd5                	j	200006fa <FLASH_EEPROM_CMD+0xc0>
20000908:	00f92223          	sw	a5,4(s2)
2000090c:	b3fd                	j	200006fa <FLASH_EEPROM_CMD+0xc0>
2000090e:	479d                	li	a5,7
20000910:	02f99963          	bne	s3,a5,20000942 <.loop402+0x10a>
20000914:	4581                	li	a1,0
20000916:	04b00513          	li	a0,75
2000091a:	3145                	jal	200005ba <FLASH_ROM_ADDR>
2000091c:	44bd                	li	s1,15
2000091e:	00092023          	sw	zero,0(s2)
20000922:	00092223          	sw	zero,4(s2)
20000926:	59fd                	li	s3,-1
20000928:	399d                	jal	2000059e <FLASH_ROM_IN>
2000092a:	0074f793          	andi	a5,s1,7
2000092e:	97ca                	add	a5,a5,s2
20000930:	0007c703          	lbu	a4,0(a5) # 78000 <_data_lma+0x75b50>
20000934:	14fd                	addi	s1,s1,-1
20000936:	8d39                	xor	a0,a0,a4
20000938:	00a78023          	sb	a0,0(a5)
2000093c:	ff3496e3          	bne	s1,s3,20000928 <.loop402+0xf0>
20000940:	bb6d                	j	200006fa <FLASH_EEPROM_CMD+0xc0>
20000942:	47a1                	li	a5,8
20000944:	04f99263          	bne	s3,a5,20000988 <.loop402+0x150>
20000948:	396d                	jal	20000602 <FLASH_ROM_WAIT>
2000094a:	4481                	li	s1,0
2000094c:	000b0d63          	beqz	s6,20000966 <.loop402+0x12e>
20000950:	478d                	li	a5,3
20000952:	03c00493          	li	s1,60
20000956:	00fb0863          	beq	s6,a5,20000966 <.loop402+0x12e>
2000095a:	05000493          	li	s1,80
2000095e:	018b0463          	beq	s6,s8,20000966 <.loop402+0x12e>
20000962:	04400493          	li	s1,68
20000966:	07c57513          	andi	a0,a0,124
2000096a:	d89508e3          	beq	a0,s1,200006fa <FLASH_EEPROM_CMD+0xc0>
2000096e:	4519                	li	a0,6
20000970:	3139                	jal	2000057e <FLASH_ROM_BEG>
20000972:	3939                	jal	20000590 <FLASH_ROM_END>
20000974:	4505                	li	a0,1
20000976:	3121                	jal	2000057e <FLASH_ROM_BEG>
20000978:	8526                	mv	a0,s1
2000097a:	390d                	jal	200005ac <FLASH_ROM_OUT>
2000097c:	4509                	li	a0,2
2000097e:	313d                	jal	200005ac <FLASH_ROM_OUT>
20000980:	3149                	jal	20000602 <FLASH_ROM_WAIT>
20000982:	d6051ce3          	bnez	a0,200006fa <FLASH_EEPROM_CMD+0xc0>
20000986:	bb69                	j	20000720 <FLASH_EEPROM_CMD+0xe6>
20000988:	4791                	li	a5,4
2000098a:	00f99963          	bne	s3,a5,2000099c <.loop402+0x164>
2000098e:	06600513          	li	a0,102
20000992:	36f5                	jal	2000057e <FLASH_ROM_BEG>
20000994:	3ef5                	jal	20000590 <FLASH_ROM_END>
20000996:	09900513          	li	a0,153
2000099a:	b70d                	j	200008bc <.loop402+0x84>
2000099c:	d4098fe3          	beqz	s3,200006fa <FLASH_EEPROM_CMD+0xc0>
200009a0:	54f1                	li	s1,-4
200009a2:	bba9                	j	200006fc <FLASH_EEPROM_CMD+0xc2>

Disassembly of section .text:

000009a8 <handle_reset>:
handle_reset():
e:/DuRuofu/Project/fr-ble-light/software/ch582/SRC/Startup/startup_CH583.S:129
	.weak	handle_reset
	.align	1
handle_reset:
.option push 
.option	norelax 
	la gp, __global_pointer$
     9a8:	20001197          	auipc	gp,0x20001
     9ac:	86018193          	addi	gp,gp,-1952 # 20001208 <__global_pointer$>
e:/DuRuofu/Project/fr-ble-light/software/ch582/SRC/Startup/startup_CH583.S:132
.option	pop 
1:
	la sp, _eusrstack 
     9b0:	20007117          	auipc	sp,0x20007
     9b4:	65010113          	addi	sp,sp,1616 # 20008000 <_eusrstack>
e:/DuRuofu/Project/fr-ble-light/software/ch582/SRC/Startup/startup_CH583.S:136

/* Load highcode code  section from flash to RAM */
2:
    la a0, _highcode_lma
     9b8:	00400513          	li	a0,4
e:/DuRuofu/Project/fr-ble-light/software/ch582/SRC/Startup/startup_CH583.S:137
    la a1, _highcode_vma_start
     9bc:	1ffff597          	auipc	a1,0x1ffff
     9c0:	64458593          	addi	a1,a1,1604 # 20000000 <_highcode_vma_start>
e:/DuRuofu/Project/fr-ble-light/software/ch582/SRC/Startup/startup_CH583.S:138
    la a2, _highcode_vma_end
     9c4:	20000617          	auipc	a2,0x20000
     9c8:	fe060613          	addi	a2,a2,-32 # 200009a4 <_highcode_vma_end>
e:/DuRuofu/Project/fr-ble-light/software/ch582/SRC/Startup/startup_CH583.S:139
    bgeu a1, a2, 2f
     9cc:	00c5fa63          	bgeu	a1,a2,9e0 <handle_reset+0x38>
e:/DuRuofu/Project/fr-ble-light/software/ch582/SRC/Startup/startup_CH583.S:141
1:
    lw t0, (a0)
     9d0:	00052283          	lw	t0,0(a0)
e:/DuRuofu/Project/fr-ble-light/software/ch582/SRC/Startup/startup_CH583.S:142
    sw t0, (a1)
     9d4:	0055a023          	sw	t0,0(a1)
e:/DuRuofu/Project/fr-ble-light/software/ch582/SRC/Startup/startup_CH583.S:143
    addi a0, a0, 4
     9d8:	0511                	addi	a0,a0,4
e:/DuRuofu/Project/fr-ble-light/software/ch582/SRC/Startup/startup_CH583.S:144
    addi a1, a1, 4
     9da:	0591                	addi	a1,a1,4
e:/DuRuofu/Project/fr-ble-light/software/ch582/SRC/Startup/startup_CH583.S:145
    bltu a1, a2, 1b
     9dc:	fec5eae3          	bltu	a1,a2,9d0 <handle_reset+0x28>
e:/DuRuofu/Project/fr-ble-light/software/ch582/SRC/Startup/startup_CH583.S:149

/* Load data section from flash to RAM */
2:
	la a0, _data_lma
     9e0:	00002517          	auipc	a0,0x2
     9e4:	ad050513          	addi	a0,a0,-1328 # 24b0 <_data_lma>
e:/DuRuofu/Project/fr-ble-light/software/ch582/SRC/Startup/startup_CH583.S:150
	la a1, _data_vma
     9e8:	20000597          	auipc	a1,0x20000
     9ec:	fbc58593          	addi	a1,a1,-68 # 200009a4 <_highcode_vma_end>
e:/DuRuofu/Project/fr-ble-light/software/ch582/SRC/Startup/startup_CH583.S:151
	la a2, _edata
     9f0:	80818613          	addi	a2,gp,-2040 # 20000a10 <_edata>
e:/DuRuofu/Project/fr-ble-light/software/ch582/SRC/Startup/startup_CH583.S:152
	bgeu a1, a2, 2f
     9f4:	00c5fa63          	bgeu	a1,a2,a08 <handle_reset+0x60>
e:/DuRuofu/Project/fr-ble-light/software/ch582/SRC/Startup/startup_CH583.S:154
1:
	lw t0, (a0)
     9f8:	00052283          	lw	t0,0(a0)
e:/DuRuofu/Project/fr-ble-light/software/ch582/SRC/Startup/startup_CH583.S:155
	sw t0, (a1)
     9fc:	0055a023          	sw	t0,0(a1)
e:/DuRuofu/Project/fr-ble-light/software/ch582/SRC/Startup/startup_CH583.S:156
	addi a0, a0, 4
     a00:	0511                	addi	a0,a0,4
e:/DuRuofu/Project/fr-ble-light/software/ch582/SRC/Startup/startup_CH583.S:157
	addi a1, a1, 4
     a02:	0591                	addi	a1,a1,4
e:/DuRuofu/Project/fr-ble-light/software/ch582/SRC/Startup/startup_CH583.S:158
	bltu a1, a2, 1b
     a04:	fec5eae3          	bltu	a1,a2,9f8 <handle_reset+0x50>
e:/DuRuofu/Project/fr-ble-light/software/ch582/SRC/Startup/startup_CH583.S:161
2:
	/* clear bss section */
	la a0, _sbss
     a08:	80818513          	addi	a0,gp,-2040 # 20000a10 <_edata>
e:/DuRuofu/Project/fr-ble-light/software/ch582/SRC/Startup/startup_CH583.S:162
	la a1, _ebss
     a0c:	c1818593          	addi	a1,gp,-1000 # 20000e20 <_ebss>
e:/DuRuofu/Project/fr-ble-light/software/ch582/SRC/Startup/startup_CH583.S:163
	bgeu a0, a1, 2f
     a10:	00b57763          	bgeu	a0,a1,a1e <handle_reset+0x76>
e:/DuRuofu/Project/fr-ble-light/software/ch582/SRC/Startup/startup_CH583.S:165
1:
	sw zero, (a0)
     a14:	00052023          	sw	zero,0(a0)
e:/DuRuofu/Project/fr-ble-light/software/ch582/SRC/Startup/startup_CH583.S:166
	addi a0, a0, 4
     a18:	0511                	addi	a0,a0,4
e:/DuRuofu/Project/fr-ble-light/software/ch582/SRC/Startup/startup_CH583.S:167
	bltu a0, a1, 1b
     a1a:	feb56de3          	bltu	a0,a1,a14 <handle_reset+0x6c>
e:/DuRuofu/Project/fr-ble-light/software/ch582/SRC/Startup/startup_CH583.S:170
2:
	/* 流水线控制位 & 动态预测控制位 */
	li t0, 0x1f
     a1e:	42fd                	li	t0,31
e:/DuRuofu/Project/fr-ble-light/software/ch582/SRC/Startup/startup_CH583.S:171
	csrw 0xbc0, t0
     a20:	bc029073          	csrw	0xbc0,t0
e:/DuRuofu/Project/fr-ble-light/software/ch582/SRC/Startup/startup_CH583.S:173
	/* 打开嵌套中断、硬件压栈功能 */
	li t0, 0x3
     a24:	428d                	li	t0,3
e:/DuRuofu/Project/fr-ble-light/software/ch582/SRC/Startup/startup_CH583.S:174
	csrw 0x804, t0
     a26:	80429073          	csrw	0x804,t0
e:/DuRuofu/Project/fr-ble-light/software/ch582/SRC/Startup/startup_CH583.S:176
	
    li t0, 0x88
     a2a:	08800293          	li	t0,136
e:/DuRuofu/Project/fr-ble-light/software/ch582/SRC/Startup/startup_CH583.S:177
    csrw mstatus, t0
     a2e:	30029073          	csrw	mstatus,t0
e:/DuRuofu/Project/fr-ble-light/software/ch582/SRC/Startup/startup_CH583.S:178
	la t0, _vector_base
     a32:	1ffff297          	auipc	t0,0x1ffff
     a36:	5ce28293          	addi	t0,t0,1486 # 20000000 <_highcode_vma_start>
e:/DuRuofu/Project/fr-ble-light/software/ch582/SRC/Startup/startup_CH583.S:181

	/* 配置向量表模式为绝对地址模式 */
    ori t0, t0, 3
     a3a:	0032e293          	ori	t0,t0,3
e:/DuRuofu/Project/fr-ble-light/software/ch582/SRC/Startup/startup_CH583.S:182
	csrw mtvec, t0
     a3e:	30529073          	csrw	mtvec,t0
e:/DuRuofu/Project/fr-ble-light/software/ch582/SRC/Startup/startup_CH583.S:184

    lui a4,0x40001
     a42:	40001737          	lui	a4,0x40001
e:/DuRuofu/Project/fr-ble-light/software/ch582/SRC/Startup/startup_CH583.S:185
    li  a5,87
     a46:	05700793          	li	a5,87
e:/DuRuofu/Project/fr-ble-light/software/ch582/SRC/Startup/startup_CH583.S:186
    sb  a5,64(a4)
     a4a:	04f70023          	sb	a5,64(a4) # 40001040 <_eusrstack+0x1fff9040>
e:/DuRuofu/Project/fr-ble-light/software/ch582/SRC/Startup/startup_CH583.S:187
    li  a5,-88
     a4e:	fa800793          	li	a5,-88
e:/DuRuofu/Project/fr-ble-light/software/ch582/SRC/Startup/startup_CH583.S:188
    sb  a5,64(a4)
     a52:	04f70023          	sb	a5,64(a4)
e:/DuRuofu/Project/fr-ble-light/software/ch582/SRC/Startup/startup_CH583.S:189
    fence.i
     a56:	0000100f          	fence.i
e:/DuRuofu/Project/fr-ble-light/software/ch582/SRC/Startup/startup_CH583.S:190
    lw  a5,72(a4)
     a5a:	473c                	lw	a5,72(a4)
e:/DuRuofu/Project/fr-ble-light/software/ch582/SRC/Startup/startup_CH583.S:191
    lui a3,0xfa000
     a5c:	fa0006b7          	lui	a3,0xfa000
e:/DuRuofu/Project/fr-ble-light/software/ch582/SRC/Startup/startup_CH583.S:192
    addi  a3,a3,-8
     a60:	16e1                	addi	a3,a3,-8
e:/DuRuofu/Project/fr-ble-light/software/ch582/SRC/Startup/startup_CH583.S:193
    and a5,a5,a3
     a62:	8ff5                	and	a5,a5,a3
e:/DuRuofu/Project/fr-ble-light/software/ch582/SRC/Startup/startup_CH583.S:194
    lui a3,0x6000
     a64:	060006b7          	lui	a3,0x6000
e:/DuRuofu/Project/fr-ble-light/software/ch582/SRC/Startup/startup_CH583.S:195
    addi a3,a3,5
     a68:	0695                	addi	a3,a3,5
e:/DuRuofu/Project/fr-ble-light/software/ch582/SRC/Startup/startup_CH583.S:196
    or  a5,a5,a3
     a6a:	8fd5                	or	a5,a5,a3
e:/DuRuofu/Project/fr-ble-light/software/ch582/SRC/Startup/startup_CH583.S:197
    sw  a5,72(a4)
     a6c:	c73c                	sw	a5,72(a4)
e:/DuRuofu/Project/fr-ble-light/software/ch582/SRC/Startup/startup_CH583.S:199

	la t0, main
     a6e:	00000297          	auipc	t0,0x0
     a72:	0e228293          	addi	t0,t0,226 # b50 <main>
e:/DuRuofu/Project/fr-ble-light/software/ch582/SRC/Startup/startup_CH583.S:200
	csrw mepc, t0
     a76:	34129073          	csrw	mepc,t0
e:/DuRuofu/Project/fr-ble-light/software/ch582/SRC/Startup/startup_CH583.S:203
	
	
	mret
     a7a:	30200073          	mret

00000a7e <memset>:
memset():
     a7e:	433d                	li	t1,15
     a80:	872a                	mv	a4,a0
     a82:	02c37363          	bgeu	t1,a2,aa8 <memset+0x2a>
     a86:	00f77793          	andi	a5,a4,15
     a8a:	efbd                	bnez	a5,b08 <memset+0x8a>
     a8c:	e5ad                	bnez	a1,af6 <memset+0x78>
     a8e:	ff067693          	andi	a3,a2,-16
     a92:	8a3d                	andi	a2,a2,15
     a94:	96ba                	add	a3,a3,a4
     a96:	c30c                	sw	a1,0(a4)
     a98:	c34c                	sw	a1,4(a4)
     a9a:	c70c                	sw	a1,8(a4)
     a9c:	c74c                	sw	a1,12(a4)
     a9e:	0741                	addi	a4,a4,16
     aa0:	fed76be3          	bltu	a4,a3,a96 <memset+0x18>
     aa4:	e211                	bnez	a2,aa8 <memset+0x2a>
     aa6:	8082                	ret
     aa8:	40c306b3          	sub	a3,t1,a2
     aac:	068a                	slli	a3,a3,0x2
     aae:	00000297          	auipc	t0,0x0
     ab2:	9696                	add	a3,a3,t0
     ab4:	00a68067          	jr	10(a3) # 600000a <_data_lma+0x5ffdb5a>
     ab8:	00b70723          	sb	a1,14(a4)
     abc:	00b706a3          	sb	a1,13(a4)
     ac0:	00b70623          	sb	a1,12(a4)
     ac4:	00b705a3          	sb	a1,11(a4)
     ac8:	00b70523          	sb	a1,10(a4)
     acc:	00b704a3          	sb	a1,9(a4)
     ad0:	00b70423          	sb	a1,8(a4)
     ad4:	00b703a3          	sb	a1,7(a4)
     ad8:	00b70323          	sb	a1,6(a4)
     adc:	00b702a3          	sb	a1,5(a4)
     ae0:	00b70223          	sb	a1,4(a4)
     ae4:	00b701a3          	sb	a1,3(a4)
     ae8:	00b70123          	sb	a1,2(a4)
     aec:	00b700a3          	sb	a1,1(a4)
     af0:	00b70023          	sb	a1,0(a4)
     af4:	8082                	ret
     af6:	0ff5f593          	andi	a1,a1,255
     afa:	00859693          	slli	a3,a1,0x8
     afe:	8dd5                	or	a1,a1,a3
     b00:	01059693          	slli	a3,a1,0x10
     b04:	8dd5                	or	a1,a1,a3
     b06:	b761                	j	a8e <memset+0x10>
     b08:	00279693          	slli	a3,a5,0x2
     b0c:	00000297          	auipc	t0,0x0
     b10:	9696                	add	a3,a3,t0
     b12:	8286                	mv	t0,ra
     b14:	fa8680e7          	jalr	-88(a3)
     b18:	8096                	mv	ra,t0
     b1a:	17c1                	addi	a5,a5,-16
     b1c:	8f1d                	sub	a4,a4,a5
     b1e:	963e                	add	a2,a2,a5
     b20:	f8c374e3          	bgeu	t1,a2,aa8 <memset+0x2a>
     b24:	b7a5                	j	a8c <memset+0xe>

00000b26 <DebugInit>:
DebugInit():
e:\DuRuofu\Project\fr-ble-light\software\ch582\06-flash\obj/../src/Main.c:28
 *
 * @return  none
 */
void DebugInit(void)
{
    GPIOA_SetBits(GPIO_Pin_9);
     b26:	40001737          	lui	a4,0x40001
     b2a:	0a872783          	lw	a5,168(a4) # 400010a8 <_eusrstack+0x1fff90a8>
e:\DuRuofu\Project\fr-ble-light\software\ch582\06-flash\obj/../src/Main.c:27
{
     b2e:	1141                	addi	sp,sp,-16
     b30:	c606                	sw	ra,12(sp)
e:\DuRuofu\Project\fr-ble-light\software\ch582\06-flash\obj/../src/Main.c:28
    GPIOA_SetBits(GPIO_Pin_9);
     b32:	2007e793          	ori	a5,a5,512
     b36:	0af72423          	sw	a5,168(a4)
e:\DuRuofu\Project\fr-ble-light\software\ch582\06-flash\obj/../src/Main.c:29
    GPIOA_ModeCfg(GPIO_Pin_8, GPIO_ModeIN_PU);
     b3a:	4585                	li	a1,1
     b3c:	10000513          	li	a0,256
     b40:	26a1                	jal	e88 <GPIOA_ModeCfg>
e:\DuRuofu\Project\fr-ble-light\software\ch582\06-flash\obj/../src/Main.c:30
    GPIOA_ModeCfg(GPIO_Pin_9, GPIO_ModeOut_PP_5mA);
     b42:	458d                	li	a1,3
     b44:	20000513          	li	a0,512
     b48:	2681                	jal	e88 <GPIOA_ModeCfg>
e:\DuRuofu\Project\fr-ble-light\software\ch582\06-flash\obj/../src/Main.c:32
    UART1_DefInit();
}
     b4a:	40b2                	lw	ra,12(sp)
     b4c:	0141                	addi	sp,sp,16
e:\DuRuofu\Project\fr-ble-light\software\ch582\06-flash\obj/../src/Main.c:31
    UART1_DefInit();
     b4e:	a16d                	j	ff8 <UART1_DefInit>

00000b50 <main>:
main():
e:\DuRuofu\Project\fr-ble-light\software\ch582\06-flash\obj/../src/Main.c:42
 * @brief   主函数
 *
 * @return  none
 */
int main()
{
     b50:	1101                	addi	sp,sp,-32
e:\DuRuofu\Project\fr-ble-light\software\ch582\06-flash\obj/../src/Main.c:46
    uint16_t i;
    uint8_t  s;

    SetSysClock(CLK_SOURCE_PLL_60MHz);
     b52:	04800513          	li	a0,72
e:\DuRuofu\Project\fr-ble-light\software\ch582\06-flash\obj/../src/Main.c:42
{
     b56:	ce06                	sw	ra,28(sp)
     b58:	cc22                	sw	s0,24(sp)
     b5a:	ca26                	sw	s1,20(sp)
     b5c:	c84a                	sw	s2,16(sp)
     b5e:	c64e                	sw	s3,12(sp)
     b60:	c452                	sw	s4,8(sp)
e:\DuRuofu\Project\fr-ble-light\software\ch582\06-flash\obj/../src/Main.c:46
    SetSysClock(CLK_SOURCE_PLL_60MHz);
     b62:	1ffff097          	auipc	ra,0x1ffff
     b66:	530080e7          	jalr	1328(ra) # 20000092 <SetSysClock>
e:\DuRuofu\Project\fr-ble-light\software\ch582\06-flash\obj/../src/Main.c:49

    /* 配置串口调试 */
    DebugInit();
     b6a:	3f75                	jal	b26 <DebugInit>
e:\DuRuofu\Project\fr-ble-light\software\ch582\06-flash\obj/../src/Main.c:50
    PRINT("Start @ChipID=%02X\n", R8_CHIP_ID);
     b6c:	400017b7          	lui	a5,0x40001
     b70:	0417c583          	lbu	a1,65(a5) # 40001041 <_eusrstack+0x1fff9041>
     b74:	00001517          	auipc	a0,0x1
     b78:	7a850513          	addi	a0,a0,1960 # 231c <_read+0xe>
e:\DuRuofu\Project\fr-ble-light\software\ch582\06-flash\obj/../src/Main.c:58

    PRINT("EEPROM_READ...\n");
    EEPROM_READ(0, TestBuf, 500);
    for(i = 0; i < 500; i++)
    {
        PRINT("%02x ", TestBuf[i]);
     b7c:	81418913          	addi	s2,gp,-2028 # 20000a1c <TestBuf>
e:\DuRuofu\Project\fr-ble-light\software\ch582\06-flash\obj/../src/Main.c:50
    PRINT("Start @ChipID=%02X\n", R8_CHIP_ID);
     b80:	216d                	jal	102a <iprintf>
e:\DuRuofu\Project\fr-ble-light\software\ch582\06-flash\obj/../src/Main.c:54
    PRINT("EEPROM_READ...\n");
     b82:	00001517          	auipc	a0,0x1
     b86:	7ae50513          	addi	a0,a0,1966 # 2330 <_read+0x22>
     b8a:	23f5                	jal	1176 <puts>
e:\DuRuofu\Project\fr-ble-light\software\ch582\06-flash\obj/../src/Main.c:55
    EEPROM_READ(0, TestBuf, 500);
     b8c:	1f400693          	li	a3,500
     b90:	81418613          	addi	a2,gp,-2028 # 20000a1c <TestBuf>
     b94:	4581                	li	a1,0
     b96:	452d                	li	a0,11
     b98:	20000097          	auipc	ra,0x20000
     b9c:	aa2080e7          	jalr	-1374(ra) # 2000063a <FLASH_EEPROM_CMD>
     ba0:	4481                	li	s1,0
e:\DuRuofu\Project\fr-ble-light\software\ch582\06-flash\obj/../src/Main.c:58
        PRINT("%02x ", TestBuf[i]);
     ba2:	00001a17          	auipc	s4,0x1
     ba6:	79ea0a13          	addi	s4,s4,1950 # 2340 <_read+0x32>
e:\DuRuofu\Project\fr-ble-light\software\ch582\06-flash\obj/../src/Main.c:56
    for(i = 0; i < 500; i++)
     baa:	1f400993          	li	s3,500
     bae:	844a                	mv	s0,s2
e:\DuRuofu\Project\fr-ble-light\software\ch582\06-flash\obj/../src/Main.c:58 (discriminator 3)
        PRINT("%02x ", TestBuf[i]);
     bb0:	009907b3          	add	a5,s2,s1
     bb4:	0007c583          	lbu	a1,0(a5)
     bb8:	8552                	mv	a0,s4
     bba:	0485                	addi	s1,s1,1
     bbc:	21bd                	jal	102a <iprintf>
e:\DuRuofu\Project\fr-ble-light\software\ch582\06-flash\obj/../src/Main.c:56 (discriminator 3)
    for(i = 0; i < 500; i++)
     bbe:	ff3499e3          	bne	s1,s3,bb0 <main+0x60>
e:\DuRuofu\Project\fr-ble-light\software\ch582\06-flash\obj/../src/Main.c:60
    }
    PRINT("\n");
     bc2:	4529                	li	a0,10
     bc4:	216d                	jal	106e <putchar>
e:\DuRuofu\Project\fr-ble-light\software\ch582\06-flash\obj/../src/Main.c:62

    s = EEPROM_ERASE(0, EEPROM_BLOCK_SIZE);
     bc6:	6685                	lui	a3,0x1
     bc8:	4601                	li	a2,0
     bca:	4581                	li	a1,0
     bcc:	4525                	li	a0,9
     bce:	20000097          	auipc	ra,0x20000
     bd2:	a6c080e7          	jalr	-1428(ra) # 2000063a <FLASH_EEPROM_CMD>
e:\DuRuofu\Project\fr-ble-light\software\ch582\06-flash\obj/../src/Main.c:63
    PRINT("EEPROM_ERASE=%02x\n", s);
     bd6:	0ff57593          	andi	a1,a0,255
     bda:	00001517          	auipc	a0,0x1
     bde:	76e50513          	addi	a0,a0,1902 # 2348 <_read+0x3a>
     be2:	21a1                	jal	102a <iprintf>
e:\DuRuofu\Project\fr-ble-light\software\ch582\06-flash\obj/../src/Main.c:64
    PRINT("EEPROM_READ...\n");
     be4:	00001517          	auipc	a0,0x1
     be8:	74c50513          	addi	a0,a0,1868 # 2330 <_read+0x22>
     bec:	2369                	jal	1176 <puts>
e:\DuRuofu\Project\fr-ble-light\software\ch582\06-flash\obj/../src/Main.c:65
    EEPROM_READ(0, TestBuf, 500);
     bee:	1f400693          	li	a3,500
     bf2:	81418613          	addi	a2,gp,-2028 # 20000a1c <TestBuf>
     bf6:	4581                	li	a1,0
     bf8:	452d                	li	a0,11
     bfa:	20000097          	auipc	ra,0x20000
     bfe:	a40080e7          	jalr	-1472(ra) # 2000063a <FLASH_EEPROM_CMD>
     c02:	4481                	li	s1,0
e:\DuRuofu\Project\fr-ble-light\software\ch582\06-flash\obj/../src/Main.c:68
    for(i = 0; i < 500; i++)
    {
        PRINT("%02x ", TestBuf[i]);
     c04:	00001997          	auipc	s3,0x1
     c08:	73c98993          	addi	s3,s3,1852 # 2340 <_read+0x32>
e:\DuRuofu\Project\fr-ble-light\software\ch582\06-flash\obj/../src/Main.c:66
    for(i = 0; i < 500; i++)
     c0c:	1f400913          	li	s2,500
e:\DuRuofu\Project\fr-ble-light\software\ch582\06-flash\obj/../src/Main.c:68 (discriminator 3)
        PRINT("%02x ", TestBuf[i]);
     c10:	009407b3          	add	a5,s0,s1
     c14:	0007c583          	lbu	a1,0(a5)
     c18:	854e                	mv	a0,s3
     c1a:	0485                	addi	s1,s1,1
     c1c:	2139                	jal	102a <iprintf>
e:\DuRuofu\Project\fr-ble-light\software\ch582\06-flash\obj/../src/Main.c:66 (discriminator 3)
    for(i = 0; i < 500; i++)
     c1e:	ff2499e3          	bne	s1,s2,c10 <main+0xc0>
e:\DuRuofu\Project\fr-ble-light\software\ch582\06-flash\obj/../src/Main.c:70
    }
    PRINT("\n");
     c22:	4529                	li	a0,10
     c24:	21a9                	jal	106e <putchar>
     c26:	4781                	li	a5,0
e:\DuRuofu\Project\fr-ble-light\software\ch582\06-flash\obj/../src/Main.c:72

    for(i = 0; i < 500; i++)
     c28:	1f400713          	li	a4,500
e:\DuRuofu\Project\fr-ble-light\software\ch582\06-flash\obj/../src/Main.c:73 (discriminator 3)
        TestBuf[i] = 0x0 + i;
     c2c:	00f406b3          	add	a3,s0,a5
     c30:	00f68023          	sb	a5,0(a3) # 1000 <UART1_DefInit+0x8>
     c34:	0785                	addi	a5,a5,1
e:\DuRuofu\Project\fr-ble-light\software\ch582\06-flash\obj/../src/Main.c:72 (discriminator 3)
    for(i = 0; i < 500; i++)
     c36:	fee79be3          	bne	a5,a4,c2c <main+0xdc>
e:\DuRuofu\Project\fr-ble-light\software\ch582\06-flash\obj/../src/Main.c:74
    s = EEPROM_WRITE(0, TestBuf, 500);
     c3a:	1f400693          	li	a3,500
     c3e:	81418613          	addi	a2,gp,-2028 # 20000a1c <TestBuf>
     c42:	4581                	li	a1,0
     c44:	4529                	li	a0,10
     c46:	20000097          	auipc	ra,0x20000
     c4a:	9f4080e7          	jalr	-1548(ra) # 2000063a <FLASH_EEPROM_CMD>
e:\DuRuofu\Project\fr-ble-light\software\ch582\06-flash\obj/../src/Main.c:75
    PRINT("EEPROM_WRITE=%02x\n", s);
     c4e:	0ff57593          	andi	a1,a0,255
     c52:	00001517          	auipc	a0,0x1
     c56:	70a50513          	addi	a0,a0,1802 # 235c <_read+0x4e>
     c5a:	2ec1                	jal	102a <iprintf>
e:\DuRuofu\Project\fr-ble-light\software\ch582\06-flash\obj/../src/Main.c:76
    PRINT("EEPROM_READ...\n");
     c5c:	00001517          	auipc	a0,0x1
     c60:	6d450513          	addi	a0,a0,1748 # 2330 <_read+0x22>
     c64:	2b09                	jal	1176 <puts>
e:\DuRuofu\Project\fr-ble-light\software\ch582\06-flash\obj/../src/Main.c:77
    EEPROM_READ(0, TestBuf, 500);
     c66:	1f400693          	li	a3,500
     c6a:	81418613          	addi	a2,gp,-2028 # 20000a1c <TestBuf>
     c6e:	4581                	li	a1,0
     c70:	452d                	li	a0,11
     c72:	20000097          	auipc	ra,0x20000
     c76:	9c8080e7          	jalr	-1592(ra) # 2000063a <FLASH_EEPROM_CMD>
     c7a:	4481                	li	s1,0
e:\DuRuofu\Project\fr-ble-light\software\ch582\06-flash\obj/../src/Main.c:80
    for(i = 0; i < 500; i++)
    {
        PRINT("%02x ", TestBuf[i]);
     c7c:	00001997          	auipc	s3,0x1
     c80:	6c498993          	addi	s3,s3,1732 # 2340 <_read+0x32>
e:\DuRuofu\Project\fr-ble-light\software\ch582\06-flash\obj/../src/Main.c:78
    for(i = 0; i < 500; i++)
     c84:	1f400913          	li	s2,500
e:\DuRuofu\Project\fr-ble-light\software\ch582\06-flash\obj/../src/Main.c:80 (discriminator 3)
        PRINT("%02x ", TestBuf[i]);
     c88:	009407b3          	add	a5,s0,s1
     c8c:	0007c583          	lbu	a1,0(a5)
     c90:	854e                	mv	a0,s3
     c92:	0485                	addi	s1,s1,1
     c94:	2e59                	jal	102a <iprintf>
e:\DuRuofu\Project\fr-ble-light\software\ch582\06-flash\obj/../src/Main.c:78 (discriminator 3)
    for(i = 0; i < 500; i++)
     c96:	ff2499e3          	bne	s1,s2,c88 <main+0x138>
e:\DuRuofu\Project\fr-ble-light\software\ch582\06-flash\obj/../src/Main.c:82
    }
    PRINT("\n");
     c9a:	4529                	li	a0,10
     c9c:	2ec9                	jal	106e <putchar>
e:\DuRuofu\Project\fr-ble-light\software\ch582\06-flash\obj/../src/Main.c:88

#endif

#if 1 // 获取唯一ID，MAC地址，读写Flash-ROM

    PRINT("GET_UNIQUE_ID...\n");
     c9e:	00001517          	auipc	a0,0x1
     ca2:	6d250513          	addi	a0,a0,1746 # 2370 <_read+0x62>
     ca6:	29c1                	jal	1176 <puts>
e:\DuRuofu\Project\fr-ble-light\software\ch582\06-flash\obj/../src/Main.c:89
    GET_UNIQUE_ID(TestBuf);
     ca8:	81418513          	addi	a0,gp,-2028 # 20000a1c <TestBuf>
     cac:	2a45                	jal	e5c <GET_UNIQUE_ID>
     cae:	4481                	li	s1,0
e:\DuRuofu\Project\fr-ble-light\software\ch582\06-flash\obj/../src/Main.c:92
    for(i = 0; i < 8; i++)
    {
        PRINT("%02x ", TestBuf[i]);
     cb0:	00001997          	auipc	s3,0x1
     cb4:	69098993          	addi	s3,s3,1680 # 2340 <_read+0x32>
e:\DuRuofu\Project\fr-ble-light\software\ch582\06-flash\obj/../src/Main.c:90
    for(i = 0; i < 8; i++)
     cb8:	4921                	li	s2,8
e:\DuRuofu\Project\fr-ble-light\software\ch582\06-flash\obj/../src/Main.c:92 (discriminator 3)
        PRINT("%02x ", TestBuf[i]);
     cba:	009407b3          	add	a5,s0,s1
     cbe:	0007c583          	lbu	a1,0(a5)
     cc2:	854e                	mv	a0,s3
     cc4:	0485                	addi	s1,s1,1
     cc6:	2695                	jal	102a <iprintf>
e:\DuRuofu\Project\fr-ble-light\software\ch582\06-flash\obj/../src/Main.c:90 (discriminator 3)
    for(i = 0; i < 8; i++)
     cc8:	ff2499e3          	bne	s1,s2,cba <main+0x16a>
e:\DuRuofu\Project\fr-ble-light\software\ch582\06-flash\obj/../src/Main.c:94
    }
    PRINT("\n");
     ccc:	4529                	li	a0,10
     cce:	2645                	jal	106e <putchar>
e:\DuRuofu\Project\fr-ble-light\software\ch582\06-flash\obj/../src/Main.c:96

    PRINT("FlashMACADDRESS...\n");
     cd0:	00001517          	auipc	a0,0x1
     cd4:	6b450513          	addi	a0,a0,1716 # 2384 <_read+0x76>
     cd8:	2979                	jal	1176 <puts>
e:\DuRuofu\Project\fr-ble-light\software\ch582\06-flash\obj/../src/Main.c:97
    GetMACAddress(TestBuf);
     cda:	0007f5b7          	lui	a1,0x7f
     cde:	4681                	li	a3,0
     ce0:	81418613          	addi	a2,gp,-2028 # 20000a1c <TestBuf>
     ce4:	05e1                	addi	a1,a1,24
     ce6:	4519                	li	a0,6
     ce8:	20000097          	auipc	ra,0x20000
     cec:	952080e7          	jalr	-1710(ra) # 2000063a <FLASH_EEPROM_CMD>
     cf0:	4481                	li	s1,0
e:\DuRuofu\Project\fr-ble-light\software\ch582\06-flash\obj/../src/Main.c:100
    for(i = 0; i < 6; i++)
    {
        PRINT("%02x ", TestBuf[i]);
     cf2:	00001997          	auipc	s3,0x1
     cf6:	64e98993          	addi	s3,s3,1614 # 2340 <_read+0x32>
e:\DuRuofu\Project\fr-ble-light\software\ch582\06-flash\obj/../src/Main.c:98
    for(i = 0; i < 6; i++)
     cfa:	4919                	li	s2,6
e:\DuRuofu\Project\fr-ble-light\software\ch582\06-flash\obj/../src/Main.c:100 (discriminator 3)
        PRINT("%02x ", TestBuf[i]);
     cfc:	009407b3          	add	a5,s0,s1
     d00:	0007c583          	lbu	a1,0(a5)
     d04:	854e                	mv	a0,s3
     d06:	0485                	addi	s1,s1,1
     d08:	260d                	jal	102a <iprintf>
e:\DuRuofu\Project\fr-ble-light\software\ch582\06-flash\obj/../src/Main.c:98 (discriminator 3)
    for(i = 0; i < 6; i++)
     d0a:	ff2499e3          	bne	s1,s2,cfc <main+0x1ac>
e:\DuRuofu\Project\fr-ble-light\software\ch582\06-flash\obj/../src/Main.c:102
    }
    PRINT("\n");
     d0e:	4529                	li	a0,10
     d10:	2eb9                	jal	106e <putchar>
e:\DuRuofu\Project\fr-ble-light\software\ch582\06-flash\obj/../src/Main.c:104

    PRINT("FLASH_READ 20k...\n");
     d12:	00001517          	auipc	a0,0x1
     d16:	68650513          	addi	a0,a0,1670 # 2398 <_read+0x8a>
     d1a:	29b1                	jal	1176 <puts>
e:\DuRuofu\Project\fr-ble-light\software\ch582\06-flash\obj/../src/Main.c:105
    FLASH_ROM_READ(20 * 1024, TestBuf, 128);
     d1c:	08000613          	li	a2,128
     d20:	81418593          	addi	a1,gp,-2028 # 20000a1c <TestBuf>
     d24:	6515                	lui	a0,0x5
     d26:	2a29                	jal	e40 <FLASH_ROM_READ>
     d28:	4481                	li	s1,0
e:\DuRuofu\Project\fr-ble-light\software\ch582\06-flash\obj/../src/Main.c:108
    for(i = 0; i < 128; i++)
    {
        PRINT("%02x ", TestBuf[i]);
     d2a:	00001997          	auipc	s3,0x1
     d2e:	61698993          	addi	s3,s3,1558 # 2340 <_read+0x32>
e:\DuRuofu\Project\fr-ble-light\software\ch582\06-flash\obj/../src/Main.c:106
    for(i = 0; i < 128; i++)
     d32:	08000913          	li	s2,128
e:\DuRuofu\Project\fr-ble-light\software\ch582\06-flash\obj/../src/Main.c:108 (discriminator 3)
        PRINT("%02x ", TestBuf[i]);
     d36:	009407b3          	add	a5,s0,s1
     d3a:	0007c583          	lbu	a1,0(a5)
     d3e:	854e                	mv	a0,s3
     d40:	0485                	addi	s1,s1,1
     d42:	24e5                	jal	102a <iprintf>
e:\DuRuofu\Project\fr-ble-light\software\ch582\06-flash\obj/../src/Main.c:106 (discriminator 3)
    for(i = 0; i < 128; i++)
     d44:	ff2499e3          	bne	s1,s2,d36 <main+0x1e6>
e:\DuRuofu\Project\fr-ble-light\software\ch582\06-flash\obj/../src/Main.c:110
    }
    PRINT("\n");
     d48:	4529                	li	a0,10
     d4a:	2615                	jal	106e <putchar>
e:\DuRuofu\Project\fr-ble-light\software\ch582\06-flash\obj/../src/Main.c:112

    s = FLASH_ROM_ERASE(20 * 1024, 4096);
     d4c:	6685                	lui	a3,0x1
     d4e:	4601                	li	a2,0
     d50:	6595                	lui	a1,0x5
     d52:	4505                	li	a0,1
     d54:	20000097          	auipc	ra,0x20000
     d58:	8e6080e7          	jalr	-1818(ra) # 2000063a <FLASH_EEPROM_CMD>
e:\DuRuofu\Project\fr-ble-light\software\ch582\06-flash\obj/../src/Main.c:113
    PRINT("FLASH_ROM_ERASE=%02x\n", s);
     d5c:	0ff57593          	andi	a1,a0,255
     d60:	00001517          	auipc	a0,0x1
     d64:	64c50513          	addi	a0,a0,1612 # 23ac <_read+0x9e>
     d68:	24c9                	jal	102a <iprintf>
e:\DuRuofu\Project\fr-ble-light\software\ch582\06-flash\obj/../src/Main.c:114
    PRINT("FLASH_READ 20k...\n");
     d6a:	00001517          	auipc	a0,0x1
     d6e:	62e50513          	addi	a0,a0,1582 # 2398 <_read+0x8a>
     d72:	2111                	jal	1176 <puts>
e:\DuRuofu\Project\fr-ble-light\software\ch582\06-flash\obj/../src/Main.c:115
    FLASH_ROM_READ(20 * 1024, TestBuf, 128);
     d74:	08000613          	li	a2,128
     d78:	81418593          	addi	a1,gp,-2028 # 20000a1c <TestBuf>
     d7c:	6515                	lui	a0,0x5
     d7e:	20c9                	jal	e40 <FLASH_ROM_READ>
     d80:	4481                	li	s1,0
e:\DuRuofu\Project\fr-ble-light\software\ch582\06-flash\obj/../src/Main.c:118
    for(i = 0; i < 128; i++)
    {
        PRINT("%02x ", TestBuf[i]);
     d82:	00001997          	auipc	s3,0x1
     d86:	5be98993          	addi	s3,s3,1470 # 2340 <_read+0x32>
e:\DuRuofu\Project\fr-ble-light\software\ch582\06-flash\obj/../src/Main.c:116
    for(i = 0; i < 128; i++)
     d8a:	08000913          	li	s2,128
e:\DuRuofu\Project\fr-ble-light\software\ch582\06-flash\obj/../src/Main.c:118 (discriminator 3)
        PRINT("%02x ", TestBuf[i]);
     d8e:	009407b3          	add	a5,s0,s1
     d92:	0007c583          	lbu	a1,0(a5)
     d96:	854e                	mv	a0,s3
     d98:	0485                	addi	s1,s1,1
     d9a:	2c41                	jal	102a <iprintf>
e:\DuRuofu\Project\fr-ble-light\software\ch582\06-flash\obj/../src/Main.c:116 (discriminator 3)
    for(i = 0; i < 128; i++)
     d9c:	ff2499e3          	bne	s1,s2,d8e <main+0x23e>
e:\DuRuofu\Project\fr-ble-light\software\ch582\06-flash\obj/../src/Main.c:120
    }
    PRINT("\n");
     da0:	4529                	li	a0,10
     da2:	24f1                	jal	106e <putchar>
e:\DuRuofu\Project\fr-ble-light\software\ch582\06-flash\obj/../src/Main.c:122

    for(i = 0; i < 128; i++)
     da4:	81418713          	addi	a4,gp,-2028 # 20000a1c <TestBuf>
e:\DuRuofu\Project\fr-ble-light\software\ch582\06-flash\obj/../src/Main.c:120
    PRINT("\n");
     da8:	07000793          	li	a5,112
e:\DuRuofu\Project\fr-ble-light\software\ch582\06-flash\obj/../src/Main.c:122
    for(i = 0; i < 128; i++)
     dac:	0f000693          	li	a3,240
e:\DuRuofu\Project\fr-ble-light\software\ch582\06-flash\obj/../src/Main.c:124 (discriminator 3)
    {
        TestBuf[i] = 0x70 + i;
     db0:	00f70023          	sb	a5,0(a4)
     db4:	0785                	addi	a5,a5,1
     db6:	0ff7f793          	andi	a5,a5,255
     dba:	0705                	addi	a4,a4,1
e:\DuRuofu\Project\fr-ble-light\software\ch582\06-flash\obj/../src/Main.c:122 (discriminator 3)
    for(i = 0; i < 128; i++)
     dbc:	fed79ae3          	bne	a5,a3,db0 <main+0x260>
e:\DuRuofu\Project\fr-ble-light\software\ch582\06-flash\obj/../src/Main.c:126
    }
    s = FLASH_ROM_WRITE(20 * 1024, TestBuf, 128); //Codeflash写入必须是4字节的整数倍
     dc0:	08000693          	li	a3,128
     dc4:	81418613          	addi	a2,gp,-2028 # 20000a1c <TestBuf>
     dc8:	6595                	lui	a1,0x5
     dca:	4509                	li	a0,2
     dcc:	20000097          	auipc	ra,0x20000
     dd0:	86e080e7          	jalr	-1938(ra) # 2000063a <FLASH_EEPROM_CMD>
e:\DuRuofu\Project\fr-ble-light\software\ch582\06-flash\obj/../src/Main.c:127
    PRINT("FlashWrite=%02x\n", s);
     dd4:	0ff57593          	andi	a1,a0,255
     dd8:	00001517          	auipc	a0,0x1
     ddc:	5ec50513          	addi	a0,a0,1516 # 23c4 <_read+0xb6>
     de0:	24a9                	jal	102a <iprintf>
e:\DuRuofu\Project\fr-ble-light\software\ch582\06-flash\obj/../src/Main.c:128
    s = FLASH_ROM_VERIFY(20 * 1024, TestBuf, 128);
     de2:	08000693          	li	a3,128
     de6:	81418613          	addi	a2,gp,-2028 # 20000a1c <TestBuf>
     dea:	6595                	lui	a1,0x5
     dec:	450d                	li	a0,3
     dee:	20000097          	auipc	ra,0x20000
     df2:	84c080e7          	jalr	-1972(ra) # 2000063a <FLASH_EEPROM_CMD>
e:\DuRuofu\Project\fr-ble-light\software\ch582\06-flash\obj/../src/Main.c:129
    PRINT("FlashVerify=%02x\n", s);
     df6:	0ff57593          	andi	a1,a0,255
     dfa:	00001517          	auipc	a0,0x1
     dfe:	5de50513          	addi	a0,a0,1502 # 23d8 <_read+0xca>
     e02:	2425                	jal	102a <iprintf>
e:\DuRuofu\Project\fr-ble-light\software\ch582\06-flash\obj/../src/Main.c:131

    PRINT("FLASH_READ...\n");
     e04:	00001517          	auipc	a0,0x1
     e08:	5e850513          	addi	a0,a0,1512 # 23ec <_read+0xde>
     e0c:	26ad                	jal	1176 <puts>
e:\DuRuofu\Project\fr-ble-light\software\ch582\06-flash\obj/../src/Main.c:132
    FLASH_ROM_READ(20 * 1024, TestBuf, 128);
     e0e:	08000613          	li	a2,128
     e12:	81418593          	addi	a1,gp,-2028 # 20000a1c <TestBuf>
     e16:	6515                	lui	a0,0x5
     e18:	2025                	jal	e40 <FLASH_ROM_READ>
     e1a:	4481                	li	s1,0
e:\DuRuofu\Project\fr-ble-light\software\ch582\06-flash\obj/../src/Main.c:135
    for(i = 0; i < 128; i++)
    {
        PRINT("%02x ", TestBuf[i]);
     e1c:	00001997          	auipc	s3,0x1
     e20:	52498993          	addi	s3,s3,1316 # 2340 <_read+0x32>
e:\DuRuofu\Project\fr-ble-light\software\ch582\06-flash\obj/../src/Main.c:133
    for(i = 0; i < 128; i++)
     e24:	08000913          	li	s2,128
e:\DuRuofu\Project\fr-ble-light\software\ch582\06-flash\obj/../src/Main.c:135 (discriminator 3)
        PRINT("%02x ", TestBuf[i]);
     e28:	009407b3          	add	a5,s0,s1
     e2c:	0007c583          	lbu	a1,0(a5)
     e30:	854e                	mv	a0,s3
     e32:	0485                	addi	s1,s1,1
     e34:	2add                	jal	102a <iprintf>
e:\DuRuofu\Project\fr-ble-light\software\ch582\06-flash\obj/../src/Main.c:133 (discriminator 3)
    for(i = 0; i < 128; i++)
     e36:	ff2499e3          	bne	s1,s2,e28 <main+0x2d8>
e:\DuRuofu\Project\fr-ble-light\software\ch582\06-flash\obj/../src/Main.c:137
    }
    PRINT("\n");
     e3a:	4529                	li	a0,10
     e3c:	2c0d                	jal	106e <putchar>
e:\DuRuofu\Project\fr-ble-light\software\ch582\06-flash\obj/../src/Main.c:165 (discriminator 1)
        mDelaymS(10);
        UserOptionByte_Active();
    }
#endif

    while(1);
     e3e:	a001                	j	e3e <main+0x2ee>

00000e40 <FLASH_ROM_READ>:
FLASH_ROM_READ():
e:/DuRuofu/Project/fr-ble-light/software/ch582/SRC/StdPeriphDriver/CH58x_flash.c:43
 *
 * @return  none
 */
void FLASH_ROM_READ(uint32_t StartAddr, void *Buffer, uint32_t len)
{
    uint32_t  i, Length = (len + 3) >> 2;
     e40:	060d                	addi	a2,a2,3
     e42:	9a71                	andi	a2,a2,-4
e:/DuRuofu/Project/fr-ble-light/software/ch582/SRC/StdPeriphDriver/CH58x_flash.c:47
    uint32_t *pCode = (uint32_t *)StartAddr;
    uint32_t *pBuf = (uint32_t *)Buffer;

    for(i = 0; i < Length; i++)
     e44:	4781                	li	a5,0
     e46:	00f50733          	add	a4,a0,a5
e:/DuRuofu/Project/fr-ble-light/software/ch582/SRC/StdPeriphDriver/CH58x_flash.c:47 (discriminator 1)
     e4a:	00c79363          	bne	a5,a2,e50 <FLASH_ROM_READ+0x10>
e:/DuRuofu/Project/fr-ble-light/software/ch582/SRC/StdPeriphDriver/CH58x_flash.c:51
    {
        *pBuf++ = *pCode++;
    }
}
     e4e:	8082                	ret
e:/DuRuofu/Project/fr-ble-light/software/ch582/SRC/StdPeriphDriver/CH58x_flash.c:49 (discriminator 3)
        *pBuf++ = *pCode++;
     e50:	4314                	lw	a3,0(a4)
     e52:	00f58733          	add	a4,a1,a5
     e56:	0791                	addi	a5,a5,4
     e58:	c314                	sw	a3,0(a4)
     e5a:	b7f5                	j	e46 <FLASH_ROM_READ+0x6>

00000e5c <GET_UNIQUE_ID>:
GET_UNIQUE_ID():
e:/DuRuofu/Project/fr-ble-light/software/ch582/SRC/StdPeriphDriver/CH58x_flash.c:179
 * @param   Buffer      - Pointer to the buffer where data should be stored, Must be aligned to 4 bytes.
 *
 * @return  0-SUCCESS  (!0)-FAILURE
 */
void GET_UNIQUE_ID(uint8_t *Buffer)
{
     e5c:	1141                	addi	sp,sp,-16
e:/DuRuofu/Project/fr-ble-light/software/ch582/SRC/StdPeriphDriver/CH58x_flash.c:180
    FLASH_EEPROM_CMD( CMD_GET_ROM_INFO, ROM_CFG_MAC_ADDR, Buffer, 0 );
     e5e:	0007f5b7          	lui	a1,0x7f
e:/DuRuofu/Project/fr-ble-light/software/ch582/SRC/StdPeriphDriver/CH58x_flash.c:179
{
     e62:	c422                	sw	s0,8(sp)
e:/DuRuofu/Project/fr-ble-light/software/ch582/SRC/StdPeriphDriver/CH58x_flash.c:180
    FLASH_EEPROM_CMD( CMD_GET_ROM_INFO, ROM_CFG_MAC_ADDR, Buffer, 0 );
     e64:	862a                	mv	a2,a0
e:/DuRuofu/Project/fr-ble-light/software/ch582/SRC/StdPeriphDriver/CH58x_flash.c:179
{
     e66:	842a                	mv	s0,a0
e:/DuRuofu/Project/fr-ble-light/software/ch582/SRC/StdPeriphDriver/CH58x_flash.c:180
    FLASH_EEPROM_CMD( CMD_GET_ROM_INFO, ROM_CFG_MAC_ADDR, Buffer, 0 );
     e68:	4681                	li	a3,0
     e6a:	05e1                	addi	a1,a1,24
     e6c:	4519                	li	a0,6
e:/DuRuofu/Project/fr-ble-light/software/ch582/SRC/StdPeriphDriver/CH58x_flash.c:179
{
     e6e:	c606                	sw	ra,12(sp)
e:/DuRuofu/Project/fr-ble-light/software/ch582/SRC/StdPeriphDriver/CH58x_flash.c:180
    FLASH_EEPROM_CMD( CMD_GET_ROM_INFO, ROM_CFG_MAC_ADDR, Buffer, 0 );
     e70:	1ffff097          	auipc	ra,0x1ffff
     e74:	7ca080e7          	jalr	1994(ra) # 2000063a <FLASH_EEPROM_CMD>
e:/DuRuofu/Project/fr-ble-light/software/ch582/SRC/StdPeriphDriver/CH58x_flash.c:183
    Buffer[6] = 0;
    Buffer[7] = 0;
}
     e78:	40b2                	lw	ra,12(sp)
e:/DuRuofu/Project/fr-ble-light/software/ch582/SRC/StdPeriphDriver/CH58x_flash.c:181
    Buffer[6] = 0;
     e7a:	00040323          	sb	zero,6(s0)
e:/DuRuofu/Project/fr-ble-light/software/ch582/SRC/StdPeriphDriver/CH58x_flash.c:182
    Buffer[7] = 0;
     e7e:	000403a3          	sb	zero,7(s0)
e:/DuRuofu/Project/fr-ble-light/software/ch582/SRC/StdPeriphDriver/CH58x_flash.c:183
}
     e82:	4422                	lw	s0,8(sp)
     e84:	0141                	addi	sp,sp,16
     e86:	8082                	ret

00000e88 <GPIOA_ModeCfg>:
GPIOA_ModeCfg():
e:/DuRuofu/Project/fr-ble-light/software/ch582/SRC/StdPeriphDriver/CH58x_gpio.c:27
 *
 * @return  none
 */
void GPIOA_ModeCfg(uint32_t pin, GPIOModeTypeDef mode)
{
    switch(mode)
     e88:	4791                	li	a5,4
     e8a:	02b7ee63          	bltu	a5,a1,ec6 <GPIOA_ModeCfg+0x3e>
     e8e:	00001717          	auipc	a4,0x1
     e92:	56e70713          	addi	a4,a4,1390 # 23fc <_read+0xee>
     e96:	058a                	slli	a1,a1,0x2
     e98:	95ba                	add	a1,a1,a4
     e9a:	419c                	lw	a5,0(a1)
     e9c:	97ba                	add	a5,a5,a4
     e9e:	8782                	jr	a5
e:/DuRuofu/Project/fr-ble-light/software/ch582/SRC/StdPeriphDriver/CH58x_gpio.c:30
    {
        case GPIO_ModeIN_Floating:
            R32_PA_PD_DRV &= ~pin;
     ea0:	400017b7          	lui	a5,0x40001
     ea4:	0b47a703          	lw	a4,180(a5) # 400010b4 <_eusrstack+0x1fff90b4>
     ea8:	fff54513          	not	a0,a0
     eac:	8f69                	and	a4,a4,a0
     eae:	0ae7aa23          	sw	a4,180(a5)
e:/DuRuofu/Project/fr-ble-light/software/ch582/SRC/StdPeriphDriver/CH58x_gpio.c:31
            R32_PA_PU &= ~pin;
     eb2:	0b07a703          	lw	a4,176(a5)
e:/DuRuofu/Project/fr-ble-light/software/ch582/SRC/StdPeriphDriver/CH58x_gpio.c:43
            R32_PA_DIR &= ~pin;
            break;

        case GPIO_ModeIN_PD:
            R32_PA_PD_DRV |= pin;
            R32_PA_PU &= ~pin;
     eb6:	8f69                	and	a4,a4,a0
     eb8:	0ae7a823          	sw	a4,176(a5)
e:/DuRuofu/Project/fr-ble-light/software/ch582/SRC/StdPeriphDriver/CH58x_gpio.c:44
            R32_PA_DIR &= ~pin;
     ebc:	0a07a703          	lw	a4,160(a5)
     ec0:	8d79                	and	a0,a0,a4
e:/DuRuofu/Project/fr-ble-light/software/ch582/SRC/StdPeriphDriver/CH58x_gpio.c:54
            R32_PA_DIR |= pin;
            break;

        case GPIO_ModeOut_PP_20mA:
            R32_PA_PD_DRV |= pin;
            R32_PA_DIR |= pin;
     ec2:	0aa7a023          	sw	a0,160(a5)
e:/DuRuofu/Project/fr-ble-light/software/ch582/SRC/StdPeriphDriver/CH58x_gpio.c:60
            break;

        default:
            break;
    }
}
     ec6:	8082                	ret
e:/DuRuofu/Project/fr-ble-light/software/ch582/SRC/StdPeriphDriver/CH58x_gpio.c:36
            R32_PA_PD_DRV &= ~pin;
     ec8:	400017b7          	lui	a5,0x40001
     ecc:	0b47a683          	lw	a3,180(a5) # 400010b4 <_eusrstack+0x1fff90b4>
     ed0:	fff54713          	not	a4,a0
     ed4:	8ef9                	and	a3,a3,a4
     ed6:	0ad7aa23          	sw	a3,180(a5)
e:/DuRuofu/Project/fr-ble-light/software/ch582/SRC/StdPeriphDriver/CH58x_gpio.c:37
            R32_PA_PU |= pin;
     eda:	0b07a683          	lw	a3,176(a5)
     ede:	8d55                	or	a0,a0,a3
     ee0:	0aa7a823          	sw	a0,176(a5)
e:/DuRuofu/Project/fr-ble-light/software/ch582/SRC/StdPeriphDriver/CH58x_gpio.c:38
            R32_PA_DIR &= ~pin;
     ee4:	0a07a683          	lw	a3,160(a5)
     ee8:	8f75                	and	a4,a4,a3
     eea:	0ae7a023          	sw	a4,160(a5)
e:/DuRuofu/Project/fr-ble-light/software/ch582/SRC/StdPeriphDriver/CH58x_gpio.c:39
            break;
     eee:	8082                	ret
e:/DuRuofu/Project/fr-ble-light/software/ch582/SRC/StdPeriphDriver/CH58x_gpio.c:42
            R32_PA_PD_DRV |= pin;
     ef0:	400017b7          	lui	a5,0x40001
     ef4:	0b47a703          	lw	a4,180(a5) # 400010b4 <_eusrstack+0x1fff90b4>
     ef8:	8f49                	or	a4,a4,a0
     efa:	0ae7aa23          	sw	a4,180(a5)
e:/DuRuofu/Project/fr-ble-light/software/ch582/SRC/StdPeriphDriver/CH58x_gpio.c:43
            R32_PA_PU &= ~pin;
     efe:	0b07a703          	lw	a4,176(a5)
     f02:	fff54513          	not	a0,a0
     f06:	bf45                	j	eb6 <GPIOA_ModeCfg+0x2e>
e:/DuRuofu/Project/fr-ble-light/software/ch582/SRC/StdPeriphDriver/CH58x_gpio.c:48
            R32_PA_PD_DRV &= ~pin;
     f08:	400017b7          	lui	a5,0x40001
     f0c:	0b47a683          	lw	a3,180(a5) # 400010b4 <_eusrstack+0x1fff90b4>
     f10:	fff54713          	not	a4,a0
     f14:	8f75                	and	a4,a4,a3
e:/DuRuofu/Project/fr-ble-light/software/ch582/SRC/StdPeriphDriver/CH58x_gpio.c:53
            R32_PA_PD_DRV |= pin;
     f16:	0ae7aa23          	sw	a4,180(a5)
e:/DuRuofu/Project/fr-ble-light/software/ch582/SRC/StdPeriphDriver/CH58x_gpio.c:54
            R32_PA_DIR |= pin;
     f1a:	0a07a703          	lw	a4,160(a5)
     f1e:	8d59                	or	a0,a0,a4
     f20:	b74d                	j	ec2 <GPIOA_ModeCfg+0x3a>
e:/DuRuofu/Project/fr-ble-light/software/ch582/SRC/StdPeriphDriver/CH58x_gpio.c:53
            R32_PA_PD_DRV |= pin;
     f22:	400017b7          	lui	a5,0x40001
     f26:	0b47a703          	lw	a4,180(a5) # 400010b4 <_eusrstack+0x1fff90b4>
     f2a:	8f49                	or	a4,a4,a0
     f2c:	b7ed                	j	f16 <GPIOA_ModeCfg+0x8e>

00000f2e <GetSysClock>:
GetSysClock():
e:/DuRuofu/Project/fr-ble-light/software/ch582/SRC/StdPeriphDriver/CH58x_sys.c:117
    rev = R16_CLK_SYS_CFG & 0xff;
     f2e:	400017b7          	lui	a5,0x40001
     f32:	0087d503          	lhu	a0,8(a5) # 40001008 <_eusrstack+0x1fff9008>
     f36:	0542                	slli	a0,a0,0x10
     f38:	8141                	srli	a0,a0,0x10
e:/DuRuofu/Project/fr-ble-light/software/ch582/SRC/StdPeriphDriver/CH58x_sys.c:118
    if((rev & 0x40) == (0 << 6))
     f3a:	04057793          	andi	a5,a0,64
     f3e:	eb91                	bnez	a5,f52 <GetSysClock+0x24>
e:/DuRuofu/Project/fr-ble-light/software/ch582/SRC/StdPeriphDriver/CH58x_sys.c:120
        return (32000000 / (rev & 0x1f));
     f40:	01f57793          	andi	a5,a0,31
     f44:	01e85537          	lui	a0,0x1e85
e:/DuRuofu/Project/fr-ble-light/software/ch582/SRC/StdPeriphDriver/CH58x_sys.c:124
        return (480000000 / (rev & 0x1f));
     f48:	80050513          	addi	a0,a0,-2048 # 1e84800 <_data_lma+0x1e82350>
     f4c:	02f54533          	div	a0,a0,a5
     f50:	8082                	ret
e:/DuRuofu/Project/fr-ble-light/software/ch582/SRC/StdPeriphDriver/CH58x_sys.c:122
    else if((rev & RB_CLK_SYS_MOD) == (1 << 6))
     f52:	0c057793          	andi	a5,a0,192
     f56:	04000713          	li	a4,64
     f5a:	00e79763          	bne	a5,a4,f68 <GetSysClock+0x3a>
e:/DuRuofu/Project/fr-ble-light/software/ch582/SRC/StdPeriphDriver/CH58x_sys.c:124
        return (480000000 / (rev & 0x1f));
     f5e:	01f57793          	andi	a5,a0,31
     f62:	1c9c4537          	lui	a0,0x1c9c4
     f66:	b7cd                	j	f48 <GetSysClock+0x1a>
e:/DuRuofu/Project/fr-ble-light/software/ch582/SRC/StdPeriphDriver/CH58x_sys.c:128
        return (32000);
     f68:	6521                	lui	a0,0x8
     f6a:	d0050513          	addi	a0,a0,-768 # 7d00 <_data_lma+0x5850>
e:/DuRuofu/Project/fr-ble-light/software/ch582/SRC/StdPeriphDriver/CH58x_sys.c:130
}
     f6e:	8082                	ret

00000f70 <_write>:
_write():
e:/DuRuofu/Project/fr-ble-light/software/ch582/SRC/StdPeriphDriver/CH58x_sys.c:382

#ifdef DEBUG
int _write(int fd, char *buf, int size)
{
    int i;
    for(i = 0; i < size; i++)
     f70:	4781                	li	a5,0
e:/DuRuofu/Project/fr-ble-light/software/ch582/SRC/StdPeriphDriver/CH58x_sys.c:388
    {
#if DEBUG == Debug_UART0
        while(R8_UART0_TFC == UART_FIFO_SIZE);                  /* 等待数据发送 */
        R8_UART0_THR = *buf++; /* 发送数据 */
#elif DEBUG == Debug_UART1
        while(R8_UART1_TFC == UART_FIFO_SIZE);                  /* 等待数据发送 */
     f72:	40003737          	lui	a4,0x40003
     f76:	46a1                	li	a3,8
e:/DuRuofu/Project/fr-ble-light/software/ch582/SRC/StdPeriphDriver/CH58x_sys.c:382 (discriminator 1)
    for(i = 0; i < size; i++)
     f78:	00c7c463          	blt	a5,a2,f80 <_write+0x10>
e:/DuRuofu/Project/fr-ble-light/software/ch582/SRC/StdPeriphDriver/CH58x_sys.c:399
        while(R8_UART3_TFC == UART_FIFO_SIZE);                  /* 等待数据发送 */
        R8_UART3_THR = *buf++; /* 发送数据 */
#endif
    }
    return size;
}
     f7c:	8532                	mv	a0,a2
     f7e:	8082                	ret
e:/DuRuofu/Project/fr-ble-light/software/ch582/SRC/StdPeriphDriver/CH58x_sys.c:388 (discriminator 1)
        while(R8_UART1_TFC == UART_FIFO_SIZE);                  /* 等待数据发送 */
     f80:	40b74503          	lbu	a0,1035(a4) # 4000340b <_eusrstack+0x1fffb40b>
     f84:	fea68ee3          	beq	a3,a0,f80 <_write+0x10>
e:/DuRuofu/Project/fr-ble-light/software/ch582/SRC/StdPeriphDriver/CH58x_sys.c:389 (discriminator 2)
        R8_UART1_THR = *buf++; /* 发送数据 */
     f88:	00f58533          	add	a0,a1,a5
     f8c:	00054503          	lbu	a0,0(a0)
e:/DuRuofu/Project/fr-ble-light/software/ch582/SRC/StdPeriphDriver/CH58x_sys.c:382 (discriminator 2)
    for(i = 0; i < size; i++)
     f90:	0785                	addi	a5,a5,1
e:/DuRuofu/Project/fr-ble-light/software/ch582/SRC/StdPeriphDriver/CH58x_sys.c:389 (discriminator 2)
        R8_UART1_THR = *buf++; /* 发送数据 */
     f92:	40a70423          	sb	a0,1032(a4)
     f96:	b7cd                	j	f78 <_write+0x8>

00000f98 <_sbrk>:
_sbrk():
e:/DuRuofu/Project/fr-ble-light/software/ch582/SRC/StdPeriphDriver/CH58x_sys.c:417
{
    extern char _end[];
    extern char _heap_end[];
    static char *curbrk = _end;

    if ((curbrk + incr < _end) || (curbrk + incr > _heap_end))
     f98:	20000797          	auipc	a5,0x20000
     f9c:	a7078793          	addi	a5,a5,-1424 # 20000a08 <curbrk.4069>
     fa0:	439c                	lw	a5,0(a5)
     fa2:	c1818713          	addi	a4,gp,-1000 # 20000e20 <_ebss>
     fa6:	953e                	add	a0,a0,a5
     fa8:	00e56e63          	bltu	a0,a4,fc4 <_sbrk+0x2c>
e:/DuRuofu/Project/fr-ble-light/software/ch582/SRC/StdPeriphDriver/CH58x_sys.c:417 (discriminator 1)
     fac:	20007717          	auipc	a4,0x20007
     fb0:	e5470713          	addi	a4,a4,-428 # 20007e00 <_heap_end>
     fb4:	00a76863          	bltu	a4,a0,fc4 <_sbrk+0x2c>
e:/DuRuofu/Project/fr-ble-light/software/ch582/SRC/StdPeriphDriver/CH58x_sys.c:420
    return NULL - 1;

    curbrk += incr;
     fb8:	20000717          	auipc	a4,0x20000
     fbc:	a4a72823          	sw	a0,-1456(a4) # 20000a08 <curbrk.4069>
e:/DuRuofu/Project/fr-ble-light/software/ch582/SRC/StdPeriphDriver/CH58x_sys.c:422
    return curbrk - incr;
}
     fc0:	853e                	mv	a0,a5
     fc2:	8082                	ret
e:/DuRuofu/Project/fr-ble-light/software/ch582/SRC/StdPeriphDriver/CH58x_sys.c:418
    return NULL - 1;
     fc4:	57fd                	li	a5,-1
     fc6:	bfed                	j	fc0 <_sbrk+0x28>

00000fc8 <UART1_BaudRateCfg>:
UART1_BaudRateCfg():
e:/DuRuofu/Project/fr-ble-light/software/ch582/SRC/StdPeriphDriver/CH58x_uart1.c:43
 * @param   baudrate    - 波特率
 *
 * @return  none
 */
void UART1_BaudRateCfg(uint32_t baudrate)
{
     fc8:	1141                	addi	sp,sp,-16
     fca:	c422                	sw	s0,8(sp)
     fcc:	c606                	sw	ra,12(sp)
     fce:	842a                	mv	s0,a0
e:/DuRuofu/Project/fr-ble-light/software/ch582/SRC/StdPeriphDriver/CH58x_uart1.c:46
    uint32_t x;

    x = 10 * GetSysClock() / 8 / baudrate;
     fd0:	3fb9                	jal	f2e <GetSysClock>
     fd2:	4729                	li	a4,10
     fd4:	02e507b3          	mul	a5,a0,a4
e:/DuRuofu/Project/fr-ble-light/software/ch582/SRC/StdPeriphDriver/CH58x_uart1.c:49
    x = (x + 5) / 10;
    R16_UART1_DL = (uint16_t)x;
}
     fd8:	40b2                	lw	ra,12(sp)
e:/DuRuofu/Project/fr-ble-light/software/ch582/SRC/StdPeriphDriver/CH58x_uart1.c:46
    x = 10 * GetSysClock() / 8 / baudrate;
     fda:	838d                	srli	a5,a5,0x3
     fdc:	0287d7b3          	divu	a5,a5,s0
e:/DuRuofu/Project/fr-ble-light/software/ch582/SRC/StdPeriphDriver/CH58x_uart1.c:49
}
     fe0:	4422                	lw	s0,8(sp)
e:/DuRuofu/Project/fr-ble-light/software/ch582/SRC/StdPeriphDriver/CH58x_uart1.c:47
    x = (x + 5) / 10;
     fe2:	0795                	addi	a5,a5,5
     fe4:	02e7d7b3          	divu	a5,a5,a4
e:/DuRuofu/Project/fr-ble-light/software/ch582/SRC/StdPeriphDriver/CH58x_uart1.c:48
    R16_UART1_DL = (uint16_t)x;
     fe8:	40003737          	lui	a4,0x40003
     fec:	07c2                	slli	a5,a5,0x10
     fee:	83c1                	srli	a5,a5,0x10
     ff0:	40f71623          	sh	a5,1036(a4) # 4000340c <_eusrstack+0x1fffb40c>
e:/DuRuofu/Project/fr-ble-light/software/ch582/SRC/StdPeriphDriver/CH58x_uart1.c:49
}
     ff4:	0141                	addi	sp,sp,16
     ff6:	8082                	ret

00000ff8 <UART1_DefInit>:
UART1_DefInit():
e:/DuRuofu/Project/fr-ble-light/software/ch582/SRC/StdPeriphDriver/CH58x_uart1.c:26
    UART1_BaudRateCfg(115200);
     ff8:	6571                	lui	a0,0x1c
e:/DuRuofu/Project/fr-ble-light/software/ch582/SRC/StdPeriphDriver/CH58x_uart1.c:25
{
     ffa:	1141                	addi	sp,sp,-16
e:/DuRuofu/Project/fr-ble-light/software/ch582/SRC/StdPeriphDriver/CH58x_uart1.c:26
    UART1_BaudRateCfg(115200);
     ffc:	20050513          	addi	a0,a0,512 # 1c200 <_data_lma+0x19d50>
e:/DuRuofu/Project/fr-ble-light/software/ch582/SRC/StdPeriphDriver/CH58x_uart1.c:25
{
    1000:	c606                	sw	ra,12(sp)
e:/DuRuofu/Project/fr-ble-light/software/ch582/SRC/StdPeriphDriver/CH58x_uart1.c:26
    UART1_BaudRateCfg(115200);
    1002:	37d9                	jal	fc8 <UART1_BaudRateCfg>
e:/DuRuofu/Project/fr-ble-light/software/ch582/SRC/StdPeriphDriver/CH58x_uart1.c:27
    R8_UART1_FCR = (2 << 6) | RB_FCR_TX_FIFO_CLR | RB_FCR_RX_FIFO_CLR | RB_FCR_FIFO_EN; // FIFO打开，触发点4字节
    1004:	400037b7          	lui	a5,0x40003
    1008:	f8700713          	li	a4,-121
    100c:	40e78123          	sb	a4,1026(a5) # 40003402 <_eusrstack+0x1fffb402>
e:/DuRuofu/Project/fr-ble-light/software/ch582/SRC/StdPeriphDriver/CH58x_uart1.c:28
    R8_UART1_LCR = RB_LCR_WORD_SZ;
    1010:	470d                	li	a4,3
    1012:	40e781a3          	sb	a4,1027(a5)
e:/DuRuofu/Project/fr-ble-light/software/ch582/SRC/StdPeriphDriver/CH58x_uart1.c:29
    R8_UART1_IER = RB_IER_TXD_EN;
    1016:	04000713          	li	a4,64
    101a:	40e780a3          	sb	a4,1025(a5)
e:/DuRuofu/Project/fr-ble-light/software/ch582/SRC/StdPeriphDriver/CH58x_uart1.c:30
    R8_UART1_DIV = 1;
    101e:	4705                	li	a4,1
    1020:	40e78723          	sb	a4,1038(a5)
e:/DuRuofu/Project/fr-ble-light/software/ch582/SRC/StdPeriphDriver/CH58x_uart1.c:31
}
    1024:	40b2                	lw	ra,12(sp)
    1026:	0141                	addi	sp,sp,16
    1028:	8082                	ret

0000102a <iprintf>:
printf():
    102a:	7139                	addi	sp,sp,-64
    102c:	da3e                	sw	a5,52(sp)
    102e:	d22e                	sw	a1,36(sp)
    1030:	d432                	sw	a2,40(sp)
    1032:	d636                	sw	a3,44(sp)
    1034:	d83a                	sw	a4,48(sp)
    1036:	dc42                	sw	a6,56(sp)
    1038:	de46                	sw	a7,60(sp)
    103a:	20000797          	auipc	a5,0x20000
    103e:	9d278793          	addi	a5,a5,-1582 # 20000a0c <_impure_ptr>
    1042:	cc22                	sw	s0,24(sp)
    1044:	4380                	lw	s0,0(a5)
    1046:	ca26                	sw	s1,20(sp)
    1048:	ce06                	sw	ra,28(sp)
    104a:	84aa                	mv	s1,a0
    104c:	c409                	beqz	s0,1056 <iprintf+0x2c>
    104e:	4c1c                	lw	a5,24(s0)
    1050:	e399                	bnez	a5,1056 <iprintf+0x2c>
    1052:	8522                	mv	a0,s0
    1054:	2ba9                	jal	15ae <__sinit>
    1056:	440c                	lw	a1,8(s0)
    1058:	1054                	addi	a3,sp,36
    105a:	8626                	mv	a2,s1
    105c:	8522                	mv	a0,s0
    105e:	c636                	sw	a3,12(sp)
    1060:	1a9000ef          	jal	ra,1a08 <_vfiprintf_r>
    1064:	40f2                	lw	ra,28(sp)
    1066:	4462                	lw	s0,24(sp)
    1068:	44d2                	lw	s1,20(sp)
    106a:	6121                	addi	sp,sp,64
    106c:	8082                	ret

0000106e <putchar>:
putchar():
    106e:	1101                	addi	sp,sp,-32
    1070:	20000797          	auipc	a5,0x20000
    1074:	99c78793          	addi	a5,a5,-1636 # 20000a0c <_impure_ptr>
    1078:	cc22                	sw	s0,24(sp)
    107a:	4380                	lw	s0,0(a5)
    107c:	ce06                	sw	ra,28(sp)
    107e:	85aa                	mv	a1,a0
    1080:	c419                	beqz	s0,108e <putchar+0x20>
    1082:	4c1c                	lw	a5,24(s0)
    1084:	e789                	bnez	a5,108e <putchar+0x20>
    1086:	c62a                	sw	a0,12(sp)
    1088:	8522                	mv	a0,s0
    108a:	2315                	jal	15ae <__sinit>
    108c:	45b2                	lw	a1,12(sp)
    108e:	4410                	lw	a2,8(s0)
    1090:	8522                	mv	a0,s0
    1092:	4462                	lw	s0,24(sp)
    1094:	40f2                	lw	ra,28(sp)
    1096:	6105                	addi	sp,sp,32
    1098:	7bf0006f          	j	2056 <_putc_r>

0000109c <_puts_r>:
_puts_r():
    109c:	1101                	addi	sp,sp,-32
    109e:	ca26                	sw	s1,20(sp)
    10a0:	c84a                	sw	s2,16(sp)
    10a2:	ce06                	sw	ra,28(sp)
    10a4:	cc22                	sw	s0,24(sp)
    10a6:	c64e                	sw	s3,12(sp)
    10a8:	c452                	sw	s4,8(sp)
    10aa:	84aa                	mv	s1,a0
    10ac:	892e                	mv	s2,a1
    10ae:	c501                	beqz	a0,10b6 <_puts_r+0x1a>
    10b0:	4d1c                	lw	a5,24(a0)
    10b2:	e391                	bnez	a5,10b6 <_puts_r+0x1a>
    10b4:	29ed                	jal	15ae <__sinit>
    10b6:	4c9c                	lw	a5,24(s1)
    10b8:	4480                	lw	s0,8(s1)
    10ba:	e399                	bnez	a5,10c0 <_puts_r+0x24>
    10bc:	8526                	mv	a0,s1
    10be:	29c5                	jal	15ae <__sinit>
    10c0:	00001797          	auipc	a5,0x1
    10c4:	37078793          	addi	a5,a5,880 # 2430 <__sf_fake_stdin>
    10c8:	02f41c63          	bne	s0,a5,1100 <_puts_r+0x64>
    10cc:	40c0                	lw	s0,4(s1)
    10ce:	00c45783          	lhu	a5,12(s0)
    10d2:	8ba1                	andi	a5,a5,8
    10d4:	c7b1                	beqz	a5,1120 <_puts_r+0x84>
    10d6:	481c                	lw	a5,16(s0)
    10d8:	c7a1                	beqz	a5,1120 <_puts_r+0x84>
    10da:	59fd                	li	s3,-1
    10dc:	4a29                	li	s4,10
    10de:	441c                	lw	a5,8(s0)
    10e0:	00094583          	lbu	a1,0(s2)
    10e4:	17fd                	addi	a5,a5,-1
    10e6:	e9b1                	bnez	a1,113a <_puts_r+0x9e>
    10e8:	c41c                	sw	a5,8(s0)
    10ea:	0607de63          	bgez	a5,1166 <_puts_r+0xca>
    10ee:	8622                	mv	a2,s0
    10f0:	45a9                	li	a1,10
    10f2:	8526                	mv	a0,s1
    10f4:	2841                	jal	1184 <__swbuf_r>
    10f6:	57fd                	li	a5,-1
    10f8:	02f50863          	beq	a0,a5,1128 <_puts_r+0x8c>
    10fc:	4529                	li	a0,10
    10fe:	a035                	j	112a <_puts_r+0x8e>
    1100:	00001797          	auipc	a5,0x1
    1104:	35078793          	addi	a5,a5,848 # 2450 <__sf_fake_stdout>
    1108:	00f41463          	bne	s0,a5,1110 <_puts_r+0x74>
    110c:	4480                	lw	s0,8(s1)
    110e:	b7c1                	j	10ce <_puts_r+0x32>
    1110:	00001797          	auipc	a5,0x1
    1114:	30078793          	addi	a5,a5,768 # 2410 <__sf_fake_stderr>
    1118:	faf41be3          	bne	s0,a5,10ce <_puts_r+0x32>
    111c:	44c0                	lw	s0,12(s1)
    111e:	bf45                	j	10ce <_puts_r+0x32>
    1120:	85a2                	mv	a1,s0
    1122:	8526                	mv	a0,s1
    1124:	2205                	jal	1244 <__swsetup_r>
    1126:	d955                	beqz	a0,10da <_puts_r+0x3e>
    1128:	557d                	li	a0,-1
    112a:	40f2                	lw	ra,28(sp)
    112c:	4462                	lw	s0,24(sp)
    112e:	44d2                	lw	s1,20(sp)
    1130:	4942                	lw	s2,16(sp)
    1132:	49b2                	lw	s3,12(sp)
    1134:	4a22                	lw	s4,8(sp)
    1136:	6105                	addi	sp,sp,32
    1138:	8082                	ret
    113a:	c41c                	sw	a5,8(s0)
    113c:	0905                	addi	s2,s2,1
    113e:	0007d763          	bgez	a5,114c <_puts_r+0xb0>
    1142:	4c18                	lw	a4,24(s0)
    1144:	00e7cb63          	blt	a5,a4,115a <_puts_r+0xbe>
    1148:	01458963          	beq	a1,s4,115a <_puts_r+0xbe>
    114c:	401c                	lw	a5,0(s0)
    114e:	00178713          	addi	a4,a5,1
    1152:	c018                	sw	a4,0(s0)
    1154:	00b78023          	sb	a1,0(a5)
    1158:	b759                	j	10de <_puts_r+0x42>
    115a:	8622                	mv	a2,s0
    115c:	8526                	mv	a0,s1
    115e:	201d                	jal	1184 <__swbuf_r>
    1160:	f7351fe3          	bne	a0,s3,10de <_puts_r+0x42>
    1164:	b7d1                	j	1128 <_puts_r+0x8c>
    1166:	401c                	lw	a5,0(s0)
    1168:	00178713          	addi	a4,a5,1
    116c:	c018                	sw	a4,0(s0)
    116e:	4729                	li	a4,10
    1170:	00e78023          	sb	a4,0(a5)
    1174:	b761                	j	10fc <_puts_r+0x60>

00001176 <puts>:
puts():
    1176:	20000797          	auipc	a5,0x20000
    117a:	89678793          	addi	a5,a5,-1898 # 20000a0c <_impure_ptr>
    117e:	85aa                	mv	a1,a0
    1180:	4388                	lw	a0,0(a5)
    1182:	bf29                	j	109c <_puts_r>

00001184 <__swbuf_r>:
__swbuf_r():
    1184:	1101                	addi	sp,sp,-32
    1186:	cc22                	sw	s0,24(sp)
    1188:	ca26                	sw	s1,20(sp)
    118a:	c84a                	sw	s2,16(sp)
    118c:	ce06                	sw	ra,28(sp)
    118e:	c64e                	sw	s3,12(sp)
    1190:	84aa                	mv	s1,a0
    1192:	892e                	mv	s2,a1
    1194:	8432                	mv	s0,a2
    1196:	c501                	beqz	a0,119e <__swbuf_r+0x1a>
    1198:	4d1c                	lw	a5,24(a0)
    119a:	e391                	bnez	a5,119e <__swbuf_r+0x1a>
    119c:	2909                	jal	15ae <__sinit>
    119e:	00001797          	auipc	a5,0x1
    11a2:	29278793          	addi	a5,a5,658 # 2430 <__sf_fake_stdin>
    11a6:	06f41963          	bne	s0,a5,1218 <__swbuf_r+0x94>
    11aa:	40c0                	lw	s0,4(s1)
    11ac:	4c1c                	lw	a5,24(s0)
    11ae:	c41c                	sw	a5,8(s0)
    11b0:	00c45783          	lhu	a5,12(s0)
    11b4:	8ba1                	andi	a5,a5,8
    11b6:	c3c9                	beqz	a5,1238 <__swbuf_r+0xb4>
    11b8:	481c                	lw	a5,16(s0)
    11ba:	cfbd                	beqz	a5,1238 <__swbuf_r+0xb4>
    11bc:	481c                	lw	a5,16(s0)
    11be:	4008                	lw	a0,0(s0)
    11c0:	0ff97993          	andi	s3,s2,255
    11c4:	0ff97913          	andi	s2,s2,255
    11c8:	8d1d                	sub	a0,a0,a5
    11ca:	485c                	lw	a5,20(s0)
    11cc:	00f54663          	blt	a0,a5,11d8 <__swbuf_r+0x54>
    11d0:	85a2                	mv	a1,s0
    11d2:	8526                	mv	a0,s1
    11d4:	2c75                	jal	1490 <_fflush_r>
    11d6:	e52d                	bnez	a0,1240 <__swbuf_r+0xbc>
    11d8:	441c                	lw	a5,8(s0)
    11da:	0505                	addi	a0,a0,1
    11dc:	17fd                	addi	a5,a5,-1
    11de:	c41c                	sw	a5,8(s0)
    11e0:	401c                	lw	a5,0(s0)
    11e2:	00178713          	addi	a4,a5,1
    11e6:	c018                	sw	a4,0(s0)
    11e8:	01378023          	sb	s3,0(a5)
    11ec:	485c                	lw	a5,20(s0)
    11ee:	00a78963          	beq	a5,a0,1200 <__swbuf_r+0x7c>
    11f2:	00c45783          	lhu	a5,12(s0)
    11f6:	8b85                	andi	a5,a5,1
    11f8:	cb81                	beqz	a5,1208 <__swbuf_r+0x84>
    11fa:	47a9                	li	a5,10
    11fc:	00f91663          	bne	s2,a5,1208 <__swbuf_r+0x84>
    1200:	85a2                	mv	a1,s0
    1202:	8526                	mv	a0,s1
    1204:	2471                	jal	1490 <_fflush_r>
    1206:	ed0d                	bnez	a0,1240 <__swbuf_r+0xbc>
    1208:	40f2                	lw	ra,28(sp)
    120a:	4462                	lw	s0,24(sp)
    120c:	854a                	mv	a0,s2
    120e:	44d2                	lw	s1,20(sp)
    1210:	4942                	lw	s2,16(sp)
    1212:	49b2                	lw	s3,12(sp)
    1214:	6105                	addi	sp,sp,32
    1216:	8082                	ret
    1218:	00001797          	auipc	a5,0x1
    121c:	23878793          	addi	a5,a5,568 # 2450 <__sf_fake_stdout>
    1220:	00f41463          	bne	s0,a5,1228 <__swbuf_r+0xa4>
    1224:	4480                	lw	s0,8(s1)
    1226:	b759                	j	11ac <__swbuf_r+0x28>
    1228:	00001797          	auipc	a5,0x1
    122c:	1e878793          	addi	a5,a5,488 # 2410 <__sf_fake_stderr>
    1230:	f6f41ee3          	bne	s0,a5,11ac <__swbuf_r+0x28>
    1234:	44c0                	lw	s0,12(s1)
    1236:	bf9d                	j	11ac <__swbuf_r+0x28>
    1238:	85a2                	mv	a1,s0
    123a:	8526                	mv	a0,s1
    123c:	2021                	jal	1244 <__swsetup_r>
    123e:	dd3d                	beqz	a0,11bc <__swbuf_r+0x38>
    1240:	597d                	li	s2,-1
    1242:	b7d9                	j	1208 <__swbuf_r+0x84>

00001244 <__swsetup_r>:
__swsetup_r():
    1244:	1141                	addi	sp,sp,-16
    1246:	1ffff797          	auipc	a5,0x1ffff
    124a:	7c678793          	addi	a5,a5,1990 # 20000a0c <_impure_ptr>
    124e:	c226                	sw	s1,4(sp)
    1250:	4384                	lw	s1,0(a5)
    1252:	c422                	sw	s0,8(sp)
    1254:	c04a                	sw	s2,0(sp)
    1256:	c606                	sw	ra,12(sp)
    1258:	892a                	mv	s2,a0
    125a:	842e                	mv	s0,a1
    125c:	c489                	beqz	s1,1266 <__swsetup_r+0x22>
    125e:	4c9c                	lw	a5,24(s1)
    1260:	e399                	bnez	a5,1266 <__swsetup_r+0x22>
    1262:	8526                	mv	a0,s1
    1264:	26a9                	jal	15ae <__sinit>
    1266:	00001797          	auipc	a5,0x1
    126a:	1ca78793          	addi	a5,a5,458 # 2430 <__sf_fake_stdin>
    126e:	02f41c63          	bne	s0,a5,12a6 <__swsetup_r+0x62>
    1272:	40c0                	lw	s0,4(s1)
    1274:	00c41703          	lh	a4,12(s0)
    1278:	01071793          	slli	a5,a4,0x10
    127c:	83c1                	srli	a5,a5,0x10
    127e:	0087f693          	andi	a3,a5,8
    1282:	eeb5                	bnez	a3,12fe <__swsetup_r+0xba>
    1284:	0107f693          	andi	a3,a5,16
    1288:	ee9d                	bnez	a3,12c6 <__swsetup_r+0x82>
    128a:	47a5                	li	a5,9
    128c:	00f92023          	sw	a5,0(s2)
    1290:	04076713          	ori	a4,a4,64
    1294:	00e41623          	sh	a4,12(s0)
    1298:	557d                	li	a0,-1
    129a:	40b2                	lw	ra,12(sp)
    129c:	4422                	lw	s0,8(sp)
    129e:	4492                	lw	s1,4(sp)
    12a0:	4902                	lw	s2,0(sp)
    12a2:	0141                	addi	sp,sp,16
    12a4:	8082                	ret
    12a6:	00001797          	auipc	a5,0x1
    12aa:	1aa78793          	addi	a5,a5,426 # 2450 <__sf_fake_stdout>
    12ae:	00f41463          	bne	s0,a5,12b6 <__swsetup_r+0x72>
    12b2:	4480                	lw	s0,8(s1)
    12b4:	b7c1                	j	1274 <__swsetup_r+0x30>
    12b6:	00001797          	auipc	a5,0x1
    12ba:	15a78793          	addi	a5,a5,346 # 2410 <__sf_fake_stderr>
    12be:	faf41be3          	bne	s0,a5,1274 <__swsetup_r+0x30>
    12c2:	44c0                	lw	s0,12(s1)
    12c4:	bf45                	j	1274 <__swsetup_r+0x30>
    12c6:	8b91                	andi	a5,a5,4
    12c8:	c78d                	beqz	a5,12f2 <__swsetup_r+0xae>
    12ca:	584c                	lw	a1,52(s0)
    12cc:	c989                	beqz	a1,12de <__swsetup_r+0x9a>
    12ce:	04440793          	addi	a5,s0,68
    12d2:	00f58463          	beq	a1,a5,12da <__swsetup_r+0x96>
    12d6:	854a                	mv	a0,s2
    12d8:	2391                	jal	181c <_free_r>
    12da:	02042a23          	sw	zero,52(s0)
    12de:	00c45783          	lhu	a5,12(s0)
    12e2:	00042223          	sw	zero,4(s0)
    12e6:	fdb7f793          	andi	a5,a5,-37
    12ea:	00f41623          	sh	a5,12(s0)
    12ee:	481c                	lw	a5,16(s0)
    12f0:	c01c                	sw	a5,0(s0)
    12f2:	00c45783          	lhu	a5,12(s0)
    12f6:	0087e793          	ori	a5,a5,8
    12fa:	00f41623          	sh	a5,12(s0)
    12fe:	481c                	lw	a5,16(s0)
    1300:	ef81                	bnez	a5,1318 <__swsetup_r+0xd4>
    1302:	00c45783          	lhu	a5,12(s0)
    1306:	20000713          	li	a4,512
    130a:	2807f793          	andi	a5,a5,640
    130e:	00e78563          	beq	a5,a4,1318 <__swsetup_r+0xd4>
    1312:	85a2                	mv	a1,s0
    1314:	854a                	mv	a0,s2
    1316:	21a5                	jal	177e <__smakebuf_r>
    1318:	00c45783          	lhu	a5,12(s0)
    131c:	0017f713          	andi	a4,a5,1
    1320:	c705                	beqz	a4,1348 <__swsetup_r+0x104>
    1322:	485c                	lw	a5,20(s0)
    1324:	00042423          	sw	zero,8(s0)
    1328:	40f007b3          	neg	a5,a5
    132c:	cc1c                	sw	a5,24(s0)
    132e:	481c                	lw	a5,16(s0)
    1330:	4501                	li	a0,0
    1332:	f7a5                	bnez	a5,129a <__swsetup_r+0x56>
    1334:	00c41783          	lh	a5,12(s0)
    1338:	0807f713          	andi	a4,a5,128
    133c:	df39                	beqz	a4,129a <__swsetup_r+0x56>
    133e:	0407e793          	ori	a5,a5,64
    1342:	00f41623          	sh	a5,12(s0)
    1346:	bf89                	j	1298 <__swsetup_r+0x54>
    1348:	8b89                	andi	a5,a5,2
    134a:	4701                	li	a4,0
    134c:	e391                	bnez	a5,1350 <__swsetup_r+0x10c>
    134e:	4858                	lw	a4,20(s0)
    1350:	c418                	sw	a4,8(s0)
    1352:	bff1                	j	132e <__swsetup_r+0xea>

00001354 <__sflush_r>:
__sflush_r():
    1354:	00c5d783          	lhu	a5,12(a1) # 7f00c <_data_lma+0x7cb5c>
    1358:	1101                	addi	sp,sp,-32
    135a:	cc22                	sw	s0,24(sp)
    135c:	ca26                	sw	s1,20(sp)
    135e:	ce06                	sw	ra,28(sp)
    1360:	c84a                	sw	s2,16(sp)
    1362:	c64e                	sw	s3,12(sp)
    1364:	0087f713          	andi	a4,a5,8
    1368:	84aa                	mv	s1,a0
    136a:	842e                	mv	s0,a1
    136c:	ef71                	bnez	a4,1448 <__sflush_r+0xf4>
    136e:	41d8                	lw	a4,4(a1)
    1370:	00e04d63          	bgtz	a4,138a <__sflush_r+0x36>
    1374:	41b8                	lw	a4,64(a1)
    1376:	00e04a63          	bgtz	a4,138a <__sflush_r+0x36>
    137a:	4501                	li	a0,0
    137c:	40f2                	lw	ra,28(sp)
    137e:	4462                	lw	s0,24(sp)
    1380:	44d2                	lw	s1,20(sp)
    1382:	4942                	lw	s2,16(sp)
    1384:	49b2                	lw	s3,12(sp)
    1386:	6105                	addi	sp,sp,32
    1388:	8082                	ret
    138a:	5458                	lw	a4,44(s0)
    138c:	d77d                	beqz	a4,137a <__sflush_r+0x26>
    138e:	0004a903          	lw	s2,0(s1)
    1392:	01379693          	slli	a3,a5,0x13
    1396:	0004a023          	sw	zero,0(s1)
    139a:	0606dd63          	bgez	a3,1414 <__sflush_r+0xc0>
    139e:	4870                	lw	a2,84(s0)
    13a0:	00c45783          	lhu	a5,12(s0)
    13a4:	8b91                	andi	a5,a5,4
    13a6:	c799                	beqz	a5,13b4 <__sflush_r+0x60>
    13a8:	405c                	lw	a5,4(s0)
    13aa:	8e1d                	sub	a2,a2,a5
    13ac:	585c                	lw	a5,52(s0)
    13ae:	c399                	beqz	a5,13b4 <__sflush_r+0x60>
    13b0:	403c                	lw	a5,64(s0)
    13b2:	8e1d                	sub	a2,a2,a5
    13b4:	545c                	lw	a5,44(s0)
    13b6:	500c                	lw	a1,32(s0)
    13b8:	4681                	li	a3,0
    13ba:	8526                	mv	a0,s1
    13bc:	9782                	jalr	a5
    13be:	57fd                	li	a5,-1
    13c0:	00c45703          	lhu	a4,12(s0)
    13c4:	00f51d63          	bne	a0,a5,13de <__sflush_r+0x8a>
    13c8:	4094                	lw	a3,0(s1)
    13ca:	47f5                	li	a5,29
    13cc:	06d7e863          	bltu	a5,a3,143c <__sflush_r+0xe8>
    13d0:	204007b7          	lui	a5,0x20400
    13d4:	0785                	addi	a5,a5,1
    13d6:	00d7d7b3          	srl	a5,a5,a3
    13da:	8b85                	andi	a5,a5,1
    13dc:	c3a5                	beqz	a5,143c <__sflush_r+0xe8>
    13de:	481c                	lw	a5,16(s0)
    13e0:	00042223          	sw	zero,4(s0)
    13e4:	c01c                	sw	a5,0(s0)
    13e6:	01371793          	slli	a5,a4,0x13
    13ea:	0007d863          	bgez	a5,13fa <__sflush_r+0xa6>
    13ee:	57fd                	li	a5,-1
    13f0:	00f51463          	bne	a0,a5,13f8 <__sflush_r+0xa4>
    13f4:	409c                	lw	a5,0(s1)
    13f6:	e391                	bnez	a5,13fa <__sflush_r+0xa6>
    13f8:	c868                	sw	a0,84(s0)
    13fa:	584c                	lw	a1,52(s0)
    13fc:	0124a023          	sw	s2,0(s1)
    1400:	ddad                	beqz	a1,137a <__sflush_r+0x26>
    1402:	04440793          	addi	a5,s0,68
    1406:	00f58463          	beq	a1,a5,140e <__sflush_r+0xba>
    140a:	8526                	mv	a0,s1
    140c:	2901                	jal	181c <_free_r>
    140e:	02042a23          	sw	zero,52(s0)
    1412:	b7a5                	j	137a <__sflush_r+0x26>
    1414:	500c                	lw	a1,32(s0)
    1416:	4601                	li	a2,0
    1418:	4685                	li	a3,1
    141a:	8526                	mv	a0,s1
    141c:	9702                	jalr	a4
    141e:	57fd                	li	a5,-1
    1420:	862a                	mv	a2,a0
    1422:	f6f51fe3          	bne	a0,a5,13a0 <__sflush_r+0x4c>
    1426:	409c                	lw	a5,0(s1)
    1428:	dfa5                	beqz	a5,13a0 <__sflush_r+0x4c>
    142a:	4775                	li	a4,29
    142c:	00e78563          	beq	a5,a4,1436 <__sflush_r+0xe2>
    1430:	4759                	li	a4,22
    1432:	04e79463          	bne	a5,a4,147a <__sflush_r+0x126>
    1436:	0124a023          	sw	s2,0(s1)
    143a:	b781                	j	137a <__sflush_r+0x26>
    143c:	04076713          	ori	a4,a4,64
    1440:	00e41623          	sh	a4,12(s0)
    1444:	557d                	li	a0,-1
    1446:	bf1d                	j	137c <__sflush_r+0x28>
    1448:	0105a983          	lw	s3,16(a1)
    144c:	f20987e3          	beqz	s3,137a <__sflush_r+0x26>
    1450:	0005a903          	lw	s2,0(a1)
    1454:	8b8d                	andi	a5,a5,3
    1456:	0135a023          	sw	s3,0(a1)
    145a:	41390933          	sub	s2,s2,s3
    145e:	4701                	li	a4,0
    1460:	e391                	bnez	a5,1464 <__sflush_r+0x110>
    1462:	49d8                	lw	a4,20(a1)
    1464:	c418                	sw	a4,8(s0)
    1466:	f1205ae3          	blez	s2,137a <__sflush_r+0x26>
    146a:	541c                	lw	a5,40(s0)
    146c:	500c                	lw	a1,32(s0)
    146e:	86ca                	mv	a3,s2
    1470:	864e                	mv	a2,s3
    1472:	8526                	mv	a0,s1
    1474:	9782                	jalr	a5
    1476:	00a04963          	bgtz	a0,1488 <__sflush_r+0x134>
    147a:	00c45783          	lhu	a5,12(s0)
    147e:	0407e793          	ori	a5,a5,64
    1482:	00f41623          	sh	a5,12(s0)
    1486:	bf7d                	j	1444 <__sflush_r+0xf0>
    1488:	99aa                	add	s3,s3,a0
    148a:	40a90933          	sub	s2,s2,a0
    148e:	bfe1                	j	1466 <__sflush_r+0x112>

00001490 <_fflush_r>:
_fflush_r():
    1490:	499c                	lw	a5,16(a1)
    1492:	cfb9                	beqz	a5,14f0 <_fflush_r+0x60>
    1494:	1101                	addi	sp,sp,-32
    1496:	cc22                	sw	s0,24(sp)
    1498:	ce06                	sw	ra,28(sp)
    149a:	842a                	mv	s0,a0
    149c:	c511                	beqz	a0,14a8 <_fflush_r+0x18>
    149e:	4d1c                	lw	a5,24(a0)
    14a0:	e781                	bnez	a5,14a8 <_fflush_r+0x18>
    14a2:	c62e                	sw	a1,12(sp)
    14a4:	2229                	jal	15ae <__sinit>
    14a6:	45b2                	lw	a1,12(sp)
    14a8:	00001797          	auipc	a5,0x1
    14ac:	f8878793          	addi	a5,a5,-120 # 2430 <__sf_fake_stdin>
    14b0:	00f59b63          	bne	a1,a5,14c6 <_fflush_r+0x36>
    14b4:	404c                	lw	a1,4(s0)
    14b6:	00c59783          	lh	a5,12(a1)
    14ba:	c795                	beqz	a5,14e6 <_fflush_r+0x56>
    14bc:	8522                	mv	a0,s0
    14be:	4462                	lw	s0,24(sp)
    14c0:	40f2                	lw	ra,28(sp)
    14c2:	6105                	addi	sp,sp,32
    14c4:	bd41                	j	1354 <__sflush_r>
    14c6:	00001797          	auipc	a5,0x1
    14ca:	f8a78793          	addi	a5,a5,-118 # 2450 <__sf_fake_stdout>
    14ce:	00f59463          	bne	a1,a5,14d6 <_fflush_r+0x46>
    14d2:	440c                	lw	a1,8(s0)
    14d4:	b7cd                	j	14b6 <_fflush_r+0x26>
    14d6:	00001797          	auipc	a5,0x1
    14da:	f3a78793          	addi	a5,a5,-198 # 2410 <__sf_fake_stderr>
    14de:	fcf59ce3          	bne	a1,a5,14b6 <_fflush_r+0x26>
    14e2:	444c                	lw	a1,12(s0)
    14e4:	bfc9                	j	14b6 <_fflush_r+0x26>
    14e6:	40f2                	lw	ra,28(sp)
    14e8:	4462                	lw	s0,24(sp)
    14ea:	4501                	li	a0,0
    14ec:	6105                	addi	sp,sp,32
    14ee:	8082                	ret
    14f0:	4501                	li	a0,0
    14f2:	8082                	ret

000014f4 <std>:
std():
    14f4:	1141                	addi	sp,sp,-16
    14f6:	c422                	sw	s0,8(sp)
    14f8:	c606                	sw	ra,12(sp)
    14fa:	842a                	mv	s0,a0
    14fc:	00b51623          	sh	a1,12(a0)
    1500:	00c51723          	sh	a2,14(a0)
    1504:	00052023          	sw	zero,0(a0)
    1508:	00052223          	sw	zero,4(a0)
    150c:	00052423          	sw	zero,8(a0)
    1510:	06052223          	sw	zero,100(a0)
    1514:	00052823          	sw	zero,16(a0)
    1518:	00052a23          	sw	zero,20(a0)
    151c:	00052c23          	sw	zero,24(a0)
    1520:	4621                	li	a2,8
    1522:	4581                	li	a1,0
    1524:	05c50513          	addi	a0,a0,92
    1528:	d56ff0ef          	jal	ra,a7e <memset>
    152c:	00001797          	auipc	a5,0x1
    1530:	bda78793          	addi	a5,a5,-1062 # 2106 <__sread>
    1534:	d05c                	sw	a5,36(s0)
    1536:	00001797          	auipc	a5,0x1
    153a:	c0078793          	addi	a5,a5,-1024 # 2136 <__swrite>
    153e:	d41c                	sw	a5,40(s0)
    1540:	00001797          	auipc	a5,0x1
    1544:	c4478793          	addi	a5,a5,-956 # 2184 <__sseek>
    1548:	d45c                	sw	a5,44(s0)
    154a:	00001797          	auipc	a5,0x1
    154e:	c7078793          	addi	a5,a5,-912 # 21ba <__sclose>
    1552:	d000                	sw	s0,32(s0)
    1554:	d81c                	sw	a5,48(s0)
    1556:	40b2                	lw	ra,12(sp)
    1558:	4422                	lw	s0,8(sp)
    155a:	0141                	addi	sp,sp,16
    155c:	8082                	ret

0000155e <_cleanup_r>:
_cleanup_r():
    155e:	00000597          	auipc	a1,0x0
    1562:	f3258593          	addi	a1,a1,-206 # 1490 <_fflush_r>
    1566:	aa89                	j	16b8 <_fwalk_reent>

00001568 <__sfmoreglue>:
__sfmoreglue():
    1568:	1141                	addi	sp,sp,-16
    156a:	c226                	sw	s1,4(sp)
    156c:	06800613          	li	a2,104
    1570:	fff58493          	addi	s1,a1,-1
    1574:	02c484b3          	mul	s1,s1,a2
    1578:	c04a                	sw	s2,0(sp)
    157a:	892e                	mv	s2,a1
    157c:	c422                	sw	s0,8(sp)
    157e:	c606                	sw	ra,12(sp)
    1580:	07448593          	addi	a1,s1,116
    1584:	2681                	jal	18c4 <_malloc_r>
    1586:	842a                	mv	s0,a0
    1588:	cd01                	beqz	a0,15a0 <__sfmoreglue+0x38>
    158a:	00052023          	sw	zero,0(a0)
    158e:	01252223          	sw	s2,4(a0)
    1592:	0531                	addi	a0,a0,12
    1594:	c408                	sw	a0,8(s0)
    1596:	06848613          	addi	a2,s1,104
    159a:	4581                	li	a1,0
    159c:	ce2ff0ef          	jal	ra,a7e <memset>
    15a0:	8522                	mv	a0,s0
    15a2:	40b2                	lw	ra,12(sp)
    15a4:	4422                	lw	s0,8(sp)
    15a6:	4492                	lw	s1,4(sp)
    15a8:	4902                	lw	s2,0(sp)
    15aa:	0141                	addi	sp,sp,16
    15ac:	8082                	ret

000015ae <__sinit>:
__sinit():
    15ae:	4d1c                	lw	a5,24(a0)
    15b0:	e3bd                	bnez	a5,1616 <__sinit+0x68>
    15b2:	1141                	addi	sp,sp,-16
    15b4:	c606                	sw	ra,12(sp)
    15b6:	c422                	sw	s0,8(sp)
    15b8:	00000797          	auipc	a5,0x0
    15bc:	fa678793          	addi	a5,a5,-90 # 155e <_cleanup_r>
    15c0:	d51c                	sw	a5,40(a0)
    15c2:	00001797          	auipc	a5,0x1
    15c6:	eea78793          	addi	a5,a5,-278 # 24ac <_global_impure_ptr>
    15ca:	439c                	lw	a5,0(a5)
    15cc:	04052423          	sw	zero,72(a0)
    15d0:	04052623          	sw	zero,76(a0)
    15d4:	04052823          	sw	zero,80(a0)
    15d8:	00f51463          	bne	a0,a5,15e0 <__sinit+0x32>
    15dc:	4785                	li	a5,1
    15de:	cd1c                	sw	a5,24(a0)
    15e0:	842a                	mv	s0,a0
    15e2:	281d                	jal	1618 <__sfp>
    15e4:	c048                	sw	a0,4(s0)
    15e6:	8522                	mv	a0,s0
    15e8:	2805                	jal	1618 <__sfp>
    15ea:	c408                	sw	a0,8(s0)
    15ec:	8522                	mv	a0,s0
    15ee:	202d                	jal	1618 <__sfp>
    15f0:	c448                	sw	a0,12(s0)
    15f2:	4048                	lw	a0,4(s0)
    15f4:	4601                	li	a2,0
    15f6:	4591                	li	a1,4
    15f8:	3df5                	jal	14f4 <std>
    15fa:	4408                	lw	a0,8(s0)
    15fc:	4605                	li	a2,1
    15fe:	45a5                	li	a1,9
    1600:	3dd5                	jal	14f4 <std>
    1602:	4448                	lw	a0,12(s0)
    1604:	4609                	li	a2,2
    1606:	45c9                	li	a1,18
    1608:	35f5                	jal	14f4 <std>
    160a:	4785                	li	a5,1
    160c:	cc1c                	sw	a5,24(s0)
    160e:	40b2                	lw	ra,12(sp)
    1610:	4422                	lw	s0,8(sp)
    1612:	0141                	addi	sp,sp,16
    1614:	8082                	ret
    1616:	8082                	ret

00001618 <__sfp>:
__sfp():
    1618:	1141                	addi	sp,sp,-16
    161a:	00001797          	auipc	a5,0x1
    161e:	e9278793          	addi	a5,a5,-366 # 24ac <_global_impure_ptr>
    1622:	c226                	sw	s1,4(sp)
    1624:	4384                	lw	s1,0(a5)
    1626:	c04a                	sw	s2,0(sp)
    1628:	c606                	sw	ra,12(sp)
    162a:	4c9c                	lw	a5,24(s1)
    162c:	c422                	sw	s0,8(sp)
    162e:	892a                	mv	s2,a0
    1630:	e399                	bnez	a5,1636 <__sfp+0x1e>
    1632:	8526                	mv	a0,s1
    1634:	3fad                	jal	15ae <__sinit>
    1636:	04848493          	addi	s1,s1,72
    163a:	4480                	lw	s0,8(s1)
    163c:	40dc                	lw	a5,4(s1)
    163e:	17fd                	addi	a5,a5,-1
    1640:	0007d663          	bgez	a5,164c <__sfp+0x34>
    1644:	409c                	lw	a5,0(s1)
    1646:	cfb9                	beqz	a5,16a4 <__sfp+0x8c>
    1648:	4084                	lw	s1,0(s1)
    164a:	bfc5                	j	163a <__sfp+0x22>
    164c:	00c41703          	lh	a4,12(s0)
    1650:	e739                	bnez	a4,169e <__sfp+0x86>
    1652:	77c1                	lui	a5,0xffff0
    1654:	0785                	addi	a5,a5,1
    1656:	06042223          	sw	zero,100(s0)
    165a:	00042023          	sw	zero,0(s0)
    165e:	00042223          	sw	zero,4(s0)
    1662:	00042423          	sw	zero,8(s0)
    1666:	c45c                	sw	a5,12(s0)
    1668:	00042823          	sw	zero,16(s0)
    166c:	00042a23          	sw	zero,20(s0)
    1670:	00042c23          	sw	zero,24(s0)
    1674:	4621                	li	a2,8
    1676:	4581                	li	a1,0
    1678:	05c40513          	addi	a0,s0,92
    167c:	c02ff0ef          	jal	ra,a7e <memset>
    1680:	02042a23          	sw	zero,52(s0)
    1684:	02042c23          	sw	zero,56(s0)
    1688:	04042423          	sw	zero,72(s0)
    168c:	04042623          	sw	zero,76(s0)
    1690:	8522                	mv	a0,s0
    1692:	40b2                	lw	ra,12(sp)
    1694:	4422                	lw	s0,8(sp)
    1696:	4492                	lw	s1,4(sp)
    1698:	4902                	lw	s2,0(sp)
    169a:	0141                	addi	sp,sp,16
    169c:	8082                	ret
    169e:	06840413          	addi	s0,s0,104
    16a2:	bf71                	j	163e <__sfp+0x26>
    16a4:	4591                	li	a1,4
    16a6:	854a                	mv	a0,s2
    16a8:	35c1                	jal	1568 <__sfmoreglue>
    16aa:	c088                	sw	a0,0(s1)
    16ac:	fd51                	bnez	a0,1648 <__sfp+0x30>
    16ae:	47b1                	li	a5,12
    16b0:	00f92023          	sw	a5,0(s2)
    16b4:	4401                	li	s0,0
    16b6:	bfe9                	j	1690 <__sfp+0x78>

000016b8 <_fwalk_reent>:
_fwalk_reent():
    16b8:	7179                	addi	sp,sp,-48
    16ba:	d422                	sw	s0,40(sp)
    16bc:	d04a                	sw	s2,32(sp)
    16be:	cc52                	sw	s4,24(sp)
    16c0:	ca56                	sw	s5,20(sp)
    16c2:	c85a                	sw	s6,16(sp)
    16c4:	c65e                	sw	s7,12(sp)
    16c6:	d606                	sw	ra,44(sp)
    16c8:	d226                	sw	s1,36(sp)
    16ca:	ce4e                	sw	s3,28(sp)
    16cc:	8a2a                	mv	s4,a0
    16ce:	8aae                	mv	s5,a1
    16d0:	04850413          	addi	s0,a0,72
    16d4:	4901                	li	s2,0
    16d6:	4b05                	li	s6,1
    16d8:	5bfd                	li	s7,-1
    16da:	ec09                	bnez	s0,16f4 <_fwalk_reent+0x3c>
    16dc:	50b2                	lw	ra,44(sp)
    16de:	5422                	lw	s0,40(sp)
    16e0:	854a                	mv	a0,s2
    16e2:	5492                	lw	s1,36(sp)
    16e4:	5902                	lw	s2,32(sp)
    16e6:	49f2                	lw	s3,28(sp)
    16e8:	4a62                	lw	s4,24(sp)
    16ea:	4ad2                	lw	s5,20(sp)
    16ec:	4b42                	lw	s6,16(sp)
    16ee:	4bb2                	lw	s7,12(sp)
    16f0:	6145                	addi	sp,sp,48
    16f2:	8082                	ret
    16f4:	4404                	lw	s1,8(s0)
    16f6:	00442983          	lw	s3,4(s0)
    16fa:	19fd                	addi	s3,s3,-1
    16fc:	0009d463          	bgez	s3,1704 <_fwalk_reent+0x4c>
    1700:	4000                	lw	s0,0(s0)
    1702:	bfe1                	j	16da <_fwalk_reent+0x22>
    1704:	00c4d783          	lhu	a5,12(s1)
    1708:	00fb7b63          	bgeu	s6,a5,171e <_fwalk_reent+0x66>
    170c:	00e49783          	lh	a5,14(s1)
    1710:	01778763          	beq	a5,s7,171e <_fwalk_reent+0x66>
    1714:	85a6                	mv	a1,s1
    1716:	8552                	mv	a0,s4
    1718:	9a82                	jalr	s5
    171a:	00a96933          	or	s2,s2,a0
    171e:	06848493          	addi	s1,s1,104
    1722:	bfe1                	j	16fa <_fwalk_reent+0x42>

00001724 <__swhatbuf_r>:
__swhatbuf_r():
    1724:	7119                	addi	sp,sp,-128
    1726:	daa6                	sw	s1,116(sp)
    1728:	84ae                	mv	s1,a1
    172a:	00e59583          	lh	a1,14(a1)
    172e:	dca2                	sw	s0,120(sp)
    1730:	de86                	sw	ra,124(sp)
    1732:	8432                	mv	s0,a2
    1734:	0005dc63          	bgez	a1,174c <__swhatbuf_r+0x28>
    1738:	00c4d783          	lhu	a5,12(s1)
    173c:	0006a023          	sw	zero,0(a3) # 1000 <UART1_DefInit+0x8>
    1740:	0807f793          	andi	a5,a5,128
    1744:	e785                	bnez	a5,176c <__swhatbuf_r+0x48>
    1746:	40000793          	li	a5,1024
    174a:	a01d                	j	1770 <__swhatbuf_r+0x4c>
    174c:	0830                	addi	a2,sp,24
    174e:	c636                	sw	a3,12(sp)
    1750:	2c7000ef          	jal	ra,2216 <_fstat_r>
    1754:	46b2                	lw	a3,12(sp)
    1756:	fe0541e3          	bltz	a0,1738 <__swhatbuf_r+0x14>
    175a:	4772                	lw	a4,28(sp)
    175c:	67bd                	lui	a5,0xf
    175e:	8ff9                	and	a5,a5,a4
    1760:	7779                	lui	a4,0xffffe
    1762:	97ba                	add	a5,a5,a4
    1764:	0017b793          	seqz	a5,a5
    1768:	c29c                	sw	a5,0(a3)
    176a:	bff1                	j	1746 <__swhatbuf_r+0x22>
    176c:	04000793          	li	a5,64
    1770:	c01c                	sw	a5,0(s0)
    1772:	50f6                	lw	ra,124(sp)
    1774:	5466                	lw	s0,120(sp)
    1776:	54d6                	lw	s1,116(sp)
    1778:	4501                	li	a0,0
    177a:	6109                	addi	sp,sp,128
    177c:	8082                	ret

0000177e <__smakebuf_r>:
__smakebuf_r():
    177e:	00c5d783          	lhu	a5,12(a1)
    1782:	1101                	addi	sp,sp,-32
    1784:	cc22                	sw	s0,24(sp)
    1786:	ce06                	sw	ra,28(sp)
    1788:	ca26                	sw	s1,20(sp)
    178a:	c84a                	sw	s2,16(sp)
    178c:	8b89                	andi	a5,a5,2
    178e:	842e                	mv	s0,a1
    1790:	cf89                	beqz	a5,17aa <__smakebuf_r+0x2c>
    1792:	04740793          	addi	a5,s0,71
    1796:	c01c                	sw	a5,0(s0)
    1798:	c81c                	sw	a5,16(s0)
    179a:	4785                	li	a5,1
    179c:	c85c                	sw	a5,20(s0)
    179e:	40f2                	lw	ra,28(sp)
    17a0:	4462                	lw	s0,24(sp)
    17a2:	44d2                	lw	s1,20(sp)
    17a4:	4942                	lw	s2,16(sp)
    17a6:	6105                	addi	sp,sp,32
    17a8:	8082                	ret
    17aa:	0074                	addi	a3,sp,12
    17ac:	0030                	addi	a2,sp,8
    17ae:	84aa                	mv	s1,a0
    17b0:	3f95                	jal	1724 <__swhatbuf_r>
    17b2:	45a2                	lw	a1,8(sp)
    17b4:	892a                	mv	s2,a0
    17b6:	8526                	mv	a0,s1
    17b8:	2231                	jal	18c4 <_malloc_r>
    17ba:	ed01                	bnez	a0,17d2 <__smakebuf_r+0x54>
    17bc:	00c41783          	lh	a5,12(s0)
    17c0:	2007f713          	andi	a4,a5,512
    17c4:	ff69                	bnez	a4,179e <__smakebuf_r+0x20>
    17c6:	9bf1                	andi	a5,a5,-4
    17c8:	0027e793          	ori	a5,a5,2
    17cc:	00f41623          	sh	a5,12(s0)
    17d0:	b7c9                	j	1792 <__smakebuf_r+0x14>
    17d2:	00000797          	auipc	a5,0x0
    17d6:	d8c78793          	addi	a5,a5,-628 # 155e <_cleanup_r>
    17da:	d49c                	sw	a5,40(s1)
    17dc:	00c45783          	lhu	a5,12(s0)
    17e0:	c008                	sw	a0,0(s0)
    17e2:	c808                	sw	a0,16(s0)
    17e4:	0807e793          	ori	a5,a5,128
    17e8:	00f41623          	sh	a5,12(s0)
    17ec:	47a2                	lw	a5,8(sp)
    17ee:	c85c                	sw	a5,20(s0)
    17f0:	47b2                	lw	a5,12(sp)
    17f2:	cf91                	beqz	a5,180e <__smakebuf_r+0x90>
    17f4:	00e41583          	lh	a1,14(s0)
    17f8:	8526                	mv	a0,s1
    17fa:	247000ef          	jal	ra,2240 <_isatty_r>
    17fe:	c901                	beqz	a0,180e <__smakebuf_r+0x90>
    1800:	00c45783          	lhu	a5,12(s0)
    1804:	9bf1                	andi	a5,a5,-4
    1806:	0017e793          	ori	a5,a5,1
    180a:	00f41623          	sh	a5,12(s0)
    180e:	00c45783          	lhu	a5,12(s0)
    1812:	00f96933          	or	s2,s2,a5
    1816:	01241623          	sh	s2,12(s0)
    181a:	b751                	j	179e <__smakebuf_r+0x20>

0000181c <_free_r>:
_free_r():
    181c:	c1dd                	beqz	a1,18c2 <_free_r+0xa6>
    181e:	ffc5a783          	lw	a5,-4(a1)
    1822:	1141                	addi	sp,sp,-16
    1824:	c422                	sw	s0,8(sp)
    1826:	c606                	sw	ra,12(sp)
    1828:	c226                	sw	s1,4(sp)
    182a:	ffc58413          	addi	s0,a1,-4
    182e:	0007d363          	bgez	a5,1834 <_free_r+0x18>
    1832:	943e                	add	s0,s0,a5
    1834:	84aa                	mv	s1,a0
    1836:	279000ef          	jal	ra,22ae <__malloc_lock>
    183a:	80c18793          	addi	a5,gp,-2036 # 20000a14 <__malloc_free_list>
    183e:	439c                	lw	a5,0(a5)
    1840:	ef81                	bnez	a5,1858 <_free_r+0x3c>
    1842:	00042223          	sw	zero,4(s0)
    1846:	8081a623          	sw	s0,-2036(gp) # 20000a14 <__malloc_free_list>
    184a:	4422                	lw	s0,8(sp)
    184c:	40b2                	lw	ra,12(sp)
    184e:	8526                	mv	a0,s1
    1850:	4492                	lw	s1,4(sp)
    1852:	0141                	addi	sp,sp,16
    1854:	25d0006f          	j	22b0 <__malloc_unlock>
    1858:	00f47e63          	bgeu	s0,a5,1874 <_free_r+0x58>
    185c:	4014                	lw	a3,0(s0)
    185e:	00d40733          	add	a4,s0,a3
    1862:	00e79663          	bne	a5,a4,186e <_free_r+0x52>
    1866:	4398                	lw	a4,0(a5)
    1868:	43dc                	lw	a5,4(a5)
    186a:	9736                	add	a4,a4,a3
    186c:	c018                	sw	a4,0(s0)
    186e:	c05c                	sw	a5,4(s0)
    1870:	bfd9                	j	1846 <_free_r+0x2a>
    1872:	87ba                	mv	a5,a4
    1874:	43d8                	lw	a4,4(a5)
    1876:	c319                	beqz	a4,187c <_free_r+0x60>
    1878:	fee47de3          	bgeu	s0,a4,1872 <_free_r+0x56>
    187c:	4394                	lw	a3,0(a5)
    187e:	00d78633          	add	a2,a5,a3
    1882:	00861f63          	bne	a2,s0,18a0 <_free_r+0x84>
    1886:	4010                	lw	a2,0(s0)
    1888:	96b2                	add	a3,a3,a2
    188a:	c394                	sw	a3,0(a5)
    188c:	00d78633          	add	a2,a5,a3
    1890:	fac71de3          	bne	a4,a2,184a <_free_r+0x2e>
    1894:	4310                	lw	a2,0(a4)
    1896:	4358                	lw	a4,4(a4)
    1898:	96b2                	add	a3,a3,a2
    189a:	c394                	sw	a3,0(a5)
    189c:	c3d8                	sw	a4,4(a5)
    189e:	b775                	j	184a <_free_r+0x2e>
    18a0:	00c47563          	bgeu	s0,a2,18aa <_free_r+0x8e>
    18a4:	47b1                	li	a5,12
    18a6:	c09c                	sw	a5,0(s1)
    18a8:	b74d                	j	184a <_free_r+0x2e>
    18aa:	4010                	lw	a2,0(s0)
    18ac:	00c406b3          	add	a3,s0,a2
    18b0:	00d71663          	bne	a4,a3,18bc <_free_r+0xa0>
    18b4:	4314                	lw	a3,0(a4)
    18b6:	4358                	lw	a4,4(a4)
    18b8:	96b2                	add	a3,a3,a2
    18ba:	c014                	sw	a3,0(s0)
    18bc:	c058                	sw	a4,4(s0)
    18be:	c3c0                	sw	s0,4(a5)
    18c0:	b769                	j	184a <_free_r+0x2e>
    18c2:	8082                	ret

000018c4 <_malloc_r>:
_malloc_r():
    18c4:	1101                	addi	sp,sp,-32
    18c6:	ca26                	sw	s1,20(sp)
    18c8:	00358493          	addi	s1,a1,3
    18cc:	98f1                	andi	s1,s1,-4
    18ce:	ce06                	sw	ra,28(sp)
    18d0:	cc22                	sw	s0,24(sp)
    18d2:	c84a                	sw	s2,16(sp)
    18d4:	c64e                	sw	s3,12(sp)
    18d6:	04a1                	addi	s1,s1,8
    18d8:	47b1                	li	a5,12
    18da:	04f4f563          	bgeu	s1,a5,1924 <_malloc_r+0x60>
    18de:	44b1                	li	s1,12
    18e0:	04b4e463          	bltu	s1,a1,1928 <_malloc_r+0x64>
    18e4:	892a                	mv	s2,a0
    18e6:	1c9000ef          	jal	ra,22ae <__malloc_lock>
    18ea:	80c18793          	addi	a5,gp,-2036 # 20000a14 <__malloc_free_list>
    18ee:	4398                	lw	a4,0(a5)
    18f0:	843a                	mv	s0,a4
    18f2:	e429                	bnez	s0,193c <_malloc_r+0x78>
    18f4:	81018793          	addi	a5,gp,-2032 # 20000a18 <__malloc_sbrk_start>
    18f8:	439c                	lw	a5,0(a5)
    18fa:	e799                	bnez	a5,1908 <_malloc_r+0x44>
    18fc:	4581                	li	a1,0
    18fe:	854a                	mv	a0,s2
    1900:	7dc000ef          	jal	ra,20dc <_sbrk_r>
    1904:	80a1a823          	sw	a0,-2032(gp) # 20000a18 <__malloc_sbrk_start>
    1908:	85a6                	mv	a1,s1
    190a:	854a                	mv	a0,s2
    190c:	7d0000ef          	jal	ra,20dc <_sbrk_r>
    1910:	59fd                	li	s3,-1
    1912:	07351963          	bne	a0,s3,1984 <_malloc_r+0xc0>
    1916:	47b1                	li	a5,12
    1918:	00f92023          	sw	a5,0(s2)
    191c:	854a                	mv	a0,s2
    191e:	193000ef          	jal	ra,22b0 <__malloc_unlock>
    1922:	a029                	j	192c <_malloc_r+0x68>
    1924:	fa04dee3          	bgez	s1,18e0 <_malloc_r+0x1c>
    1928:	47b1                	li	a5,12
    192a:	c11c                	sw	a5,0(a0)
    192c:	4501                	li	a0,0
    192e:	40f2                	lw	ra,28(sp)
    1930:	4462                	lw	s0,24(sp)
    1932:	44d2                	lw	s1,20(sp)
    1934:	4942                	lw	s2,16(sp)
    1936:	49b2                	lw	s3,12(sp)
    1938:	6105                	addi	sp,sp,32
    193a:	8082                	ret
    193c:	401c                	lw	a5,0(s0)
    193e:	8f85                	sub	a5,a5,s1
    1940:	0207cf63          	bltz	a5,197e <_malloc_r+0xba>
    1944:	46ad                	li	a3,11
    1946:	00f6f663          	bgeu	a3,a5,1952 <_malloc_r+0x8e>
    194a:	c01c                	sw	a5,0(s0)
    194c:	943e                	add	s0,s0,a5
    194e:	c004                	sw	s1,0(s0)
    1950:	a031                	j	195c <_malloc_r+0x98>
    1952:	405c                	lw	a5,4(s0)
    1954:	02871363          	bne	a4,s0,197a <_malloc_r+0xb6>
    1958:	80f1a623          	sw	a5,-2036(gp) # 20000a14 <__malloc_free_list>
    195c:	854a                	mv	a0,s2
    195e:	153000ef          	jal	ra,22b0 <__malloc_unlock>
    1962:	00b40513          	addi	a0,s0,11
    1966:	00440793          	addi	a5,s0,4
    196a:	9961                	andi	a0,a0,-8
    196c:	40f50733          	sub	a4,a0,a5
    1970:	df5d                	beqz	a4,192e <_malloc_r+0x6a>
    1972:	943a                	add	s0,s0,a4
    1974:	8f89                	sub	a5,a5,a0
    1976:	c01c                	sw	a5,0(s0)
    1978:	bf5d                	j	192e <_malloc_r+0x6a>
    197a:	c35c                	sw	a5,4(a4)
    197c:	b7c5                	j	195c <_malloc_r+0x98>
    197e:	8722                	mv	a4,s0
    1980:	4040                	lw	s0,4(s0)
    1982:	bf85                	j	18f2 <_malloc_r+0x2e>
    1984:	00350413          	addi	s0,a0,3
    1988:	9871                	andi	s0,s0,-4
    198a:	fc8502e3          	beq	a0,s0,194e <_malloc_r+0x8a>
    198e:	40a405b3          	sub	a1,s0,a0
    1992:	854a                	mv	a0,s2
    1994:	27a1                	jal	20dc <_sbrk_r>
    1996:	fb351ce3          	bne	a0,s3,194e <_malloc_r+0x8a>
    199a:	bfb5                	j	1916 <_malloc_r+0x52>

0000199c <__sfputc_r>:
__sfputc_r():
    199c:	461c                	lw	a5,8(a2)
    199e:	17fd                	addi	a5,a5,-1
    19a0:	c61c                	sw	a5,8(a2)
    19a2:	0007da63          	bgez	a5,19b6 <__sfputc_r+0x1a>
    19a6:	4e18                	lw	a4,24(a2)
    19a8:	00e7c563          	blt	a5,a4,19b2 <__sfputc_r+0x16>
    19ac:	47a9                	li	a5,10
    19ae:	00f59463          	bne	a1,a5,19b6 <__sfputc_r+0x1a>
    19b2:	fd2ff06f          	j	1184 <__swbuf_r>
    19b6:	421c                	lw	a5,0(a2)
    19b8:	852e                	mv	a0,a1
    19ba:	00178713          	addi	a4,a5,1
    19be:	c218                	sw	a4,0(a2)
    19c0:	00b78023          	sb	a1,0(a5)
    19c4:	8082                	ret

000019c6 <__sfputs_r>:
__sfputs_r():
    19c6:	1101                	addi	sp,sp,-32
    19c8:	cc22                	sw	s0,24(sp)
    19ca:	ca26                	sw	s1,20(sp)
    19cc:	c84a                	sw	s2,16(sp)
    19ce:	c64e                	sw	s3,12(sp)
    19d0:	c452                	sw	s4,8(sp)
    19d2:	ce06                	sw	ra,28(sp)
    19d4:	892a                	mv	s2,a0
    19d6:	89ae                	mv	s3,a1
    19d8:	8432                	mv	s0,a2
    19da:	00d604b3          	add	s1,a2,a3
    19de:	5a7d                	li	s4,-1
    19e0:	00941463          	bne	s0,s1,19e8 <__sfputs_r+0x22>
    19e4:	4501                	li	a0,0
    19e6:	a809                	j	19f8 <__sfputs_r+0x32>
    19e8:	00044583          	lbu	a1,0(s0)
    19ec:	864e                	mv	a2,s3
    19ee:	854a                	mv	a0,s2
    19f0:	3775                	jal	199c <__sfputc_r>
    19f2:	0405                	addi	s0,s0,1
    19f4:	ff4516e3          	bne	a0,s4,19e0 <__sfputs_r+0x1a>
    19f8:	40f2                	lw	ra,28(sp)
    19fa:	4462                	lw	s0,24(sp)
    19fc:	44d2                	lw	s1,20(sp)
    19fe:	4942                	lw	s2,16(sp)
    1a00:	49b2                	lw	s3,12(sp)
    1a02:	4a22                	lw	s4,8(sp)
    1a04:	6105                	addi	sp,sp,32
    1a06:	8082                	ret

00001a08 <_vfiprintf_r>:
_vfiprintf_r():
    1a08:	7135                	addi	sp,sp,-160
    1a0a:	cd22                	sw	s0,152(sp)
    1a0c:	cb26                	sw	s1,148(sp)
    1a0e:	c94a                	sw	s2,144(sp)
    1a10:	c74e                	sw	s3,140(sp)
    1a12:	cf06                	sw	ra,156(sp)
    1a14:	c552                	sw	s4,136(sp)
    1a16:	c356                	sw	s5,132(sp)
    1a18:	c15a                	sw	s6,128(sp)
    1a1a:	dede                	sw	s7,124(sp)
    1a1c:	dce2                	sw	s8,120(sp)
    1a1e:	dae6                	sw	s9,116(sp)
    1a20:	89aa                	mv	s3,a0
    1a22:	84ae                	mv	s1,a1
    1a24:	8932                	mv	s2,a2
    1a26:	8436                	mv	s0,a3
    1a28:	c501                	beqz	a0,1a30 <_vfiprintf_r+0x28>
    1a2a:	4d1c                	lw	a5,24(a0)
    1a2c:	e391                	bnez	a5,1a30 <_vfiprintf_r+0x28>
    1a2e:	3641                	jal	15ae <__sinit>
    1a30:	00001797          	auipc	a5,0x1
    1a34:	a0078793          	addi	a5,a5,-1536 # 2430 <__sf_fake_stdin>
    1a38:	0cf49c63          	bne	s1,a5,1b10 <_vfiprintf_r+0x108>
    1a3c:	0049a483          	lw	s1,4(s3)
    1a40:	00c4d783          	lhu	a5,12(s1)
    1a44:	8ba1                	andi	a5,a5,8
    1a46:	c7fd                	beqz	a5,1b34 <_vfiprintf_r+0x12c>
    1a48:	489c                	lw	a5,16(s1)
    1a4a:	c7ed                	beqz	a5,1b34 <_vfiprintf_r+0x12c>
    1a4c:	02000793          	li	a5,32
    1a50:	02f104a3          	sb	a5,41(sp)
    1a54:	03000793          	li	a5,48
    1a58:	d202                	sw	zero,36(sp)
    1a5a:	02f10523          	sb	a5,42(sp)
    1a5e:	c622                	sw	s0,12(sp)
    1a60:	02500b93          	li	s7,37
    1a64:	00001a97          	auipc	s5,0x1
    1a68:	a0ca8a93          	addi	s5,s5,-1524 # 2470 <__sf_fake_stdout+0x20>
    1a6c:	4c05                	li	s8,1
    1a6e:	4b29                	li	s6,10
    1a70:	844a                	mv	s0,s2
    1a72:	00044783          	lbu	a5,0(s0)
    1a76:	c399                	beqz	a5,1a7c <_vfiprintf_r+0x74>
    1a78:	0f779163          	bne	a5,s7,1b5a <_vfiprintf_r+0x152>
    1a7c:	41240cb3          	sub	s9,s0,s2
    1a80:	000c8d63          	beqz	s9,1a9a <_vfiprintf_r+0x92>
    1a84:	86e6                	mv	a3,s9
    1a86:	864a                	mv	a2,s2
    1a88:	85a6                	mv	a1,s1
    1a8a:	854e                	mv	a0,s3
    1a8c:	3f2d                	jal	19c6 <__sfputs_r>
    1a8e:	57fd                	li	a5,-1
    1a90:	1ef50763          	beq	a0,a5,1c7e <_vfiprintf_r+0x276>
    1a94:	5692                	lw	a3,36(sp)
    1a96:	96e6                	add	a3,a3,s9
    1a98:	d236                	sw	a3,36(sp)
    1a9a:	00044783          	lbu	a5,0(s0)
    1a9e:	1e078063          	beqz	a5,1c7e <_vfiprintf_r+0x276>
    1aa2:	57fd                	li	a5,-1
    1aa4:	00140913          	addi	s2,s0,1
    1aa8:	c802                	sw	zero,16(sp)
    1aaa:	ce02                	sw	zero,28(sp)
    1aac:	ca3e                	sw	a5,20(sp)
    1aae:	cc02                	sw	zero,24(sp)
    1ab0:	040109a3          	sb	zero,83(sp)
    1ab4:	d482                	sw	zero,104(sp)
    1ab6:	00094583          	lbu	a1,0(s2)
    1aba:	4615                	li	a2,5
    1abc:	8556                	mv	a0,s5
    1abe:	7d6000ef          	jal	ra,2294 <memchr>
    1ac2:	00190413          	addi	s0,s2,1
    1ac6:	47c2                	lw	a5,16(sp)
    1ac8:	e959                	bnez	a0,1b5e <_vfiprintf_r+0x156>
    1aca:	0107f713          	andi	a4,a5,16
    1ace:	c709                	beqz	a4,1ad8 <_vfiprintf_r+0xd0>
    1ad0:	02000713          	li	a4,32
    1ad4:	04e109a3          	sb	a4,83(sp)
    1ad8:	0087f713          	andi	a4,a5,8
    1adc:	c709                	beqz	a4,1ae6 <_vfiprintf_r+0xde>
    1ade:	02b00713          	li	a4,43
    1ae2:	04e109a3          	sb	a4,83(sp)
    1ae6:	00094683          	lbu	a3,0(s2)
    1aea:	02a00713          	li	a4,42
    1aee:	08e68063          	beq	a3,a4,1b6e <_vfiprintf_r+0x166>
    1af2:	47f2                	lw	a5,28(sp)
    1af4:	844a                	mv	s0,s2
    1af6:	4681                	li	a3,0
    1af8:	4625                	li	a2,9
    1afa:	00044703          	lbu	a4,0(s0)
    1afe:	00140593          	addi	a1,s0,1
    1b02:	fd070713          	addi	a4,a4,-48 # ffffdfd0 <_eusrstack+0xdfff5fd0>
    1b06:	0ae67963          	bgeu	a2,a4,1bb8 <_vfiprintf_r+0x1b0>
    1b0a:	cab5                	beqz	a3,1b7e <_vfiprintf_r+0x176>
    1b0c:	ce3e                	sw	a5,28(sp)
    1b0e:	a885                	j	1b7e <_vfiprintf_r+0x176>
    1b10:	00001797          	auipc	a5,0x1
    1b14:	94078793          	addi	a5,a5,-1728 # 2450 <__sf_fake_stdout>
    1b18:	00f49563          	bne	s1,a5,1b22 <_vfiprintf_r+0x11a>
    1b1c:	0089a483          	lw	s1,8(s3)
    1b20:	b705                	j	1a40 <_vfiprintf_r+0x38>
    1b22:	00001797          	auipc	a5,0x1
    1b26:	8ee78793          	addi	a5,a5,-1810 # 2410 <__sf_fake_stderr>
    1b2a:	f0f49be3          	bne	s1,a5,1a40 <_vfiprintf_r+0x38>
    1b2e:	00c9a483          	lw	s1,12(s3)
    1b32:	b739                	j	1a40 <_vfiprintf_r+0x38>
    1b34:	85a6                	mv	a1,s1
    1b36:	854e                	mv	a0,s3
    1b38:	f0cff0ef          	jal	ra,1244 <__swsetup_r>
    1b3c:	d901                	beqz	a0,1a4c <_vfiprintf_r+0x44>
    1b3e:	557d                	li	a0,-1
    1b40:	40fa                	lw	ra,156(sp)
    1b42:	446a                	lw	s0,152(sp)
    1b44:	44da                	lw	s1,148(sp)
    1b46:	494a                	lw	s2,144(sp)
    1b48:	49ba                	lw	s3,140(sp)
    1b4a:	4a2a                	lw	s4,136(sp)
    1b4c:	4a9a                	lw	s5,132(sp)
    1b4e:	4b0a                	lw	s6,128(sp)
    1b50:	5bf6                	lw	s7,124(sp)
    1b52:	5c66                	lw	s8,120(sp)
    1b54:	5cd6                	lw	s9,116(sp)
    1b56:	610d                	addi	sp,sp,160
    1b58:	8082                	ret
    1b5a:	0405                	addi	s0,s0,1
    1b5c:	bf19                	j	1a72 <_vfiprintf_r+0x6a>
    1b5e:	41550533          	sub	a0,a0,s5
    1b62:	00ac1533          	sll	a0,s8,a0
    1b66:	8fc9                	or	a5,a5,a0
    1b68:	c83e                	sw	a5,16(sp)
    1b6a:	8922                	mv	s2,s0
    1b6c:	b7a9                	j	1ab6 <_vfiprintf_r+0xae>
    1b6e:	4732                	lw	a4,12(sp)
    1b70:	00470693          	addi	a3,a4,4
    1b74:	4318                	lw	a4,0(a4)
    1b76:	c636                	sw	a3,12(sp)
    1b78:	02074963          	bltz	a4,1baa <_vfiprintf_r+0x1a2>
    1b7c:	ce3a                	sw	a4,28(sp)
    1b7e:	00044703          	lbu	a4,0(s0)
    1b82:	02e00793          	li	a5,46
    1b86:	04f71f63          	bne	a4,a5,1be4 <_vfiprintf_r+0x1dc>
    1b8a:	00144703          	lbu	a4,1(s0)
    1b8e:	02a00793          	li	a5,42
    1b92:	02f71b63          	bne	a4,a5,1bc8 <_vfiprintf_r+0x1c0>
    1b96:	47b2                	lw	a5,12(sp)
    1b98:	0409                	addi	s0,s0,2
    1b9a:	00478713          	addi	a4,a5,4
    1b9e:	439c                	lw	a5,0(a5)
    1ba0:	c63a                	sw	a4,12(sp)
    1ba2:	0207c163          	bltz	a5,1bc4 <_vfiprintf_r+0x1bc>
    1ba6:	ca3e                	sw	a5,20(sp)
    1ba8:	a835                	j	1be4 <_vfiprintf_r+0x1dc>
    1baa:	40e00733          	neg	a4,a4
    1bae:	0027e793          	ori	a5,a5,2
    1bb2:	ce3a                	sw	a4,28(sp)
    1bb4:	c83e                	sw	a5,16(sp)
    1bb6:	b7e1                	j	1b7e <_vfiprintf_r+0x176>
    1bb8:	036787b3          	mul	a5,a5,s6
    1bbc:	4685                	li	a3,1
    1bbe:	842e                	mv	s0,a1
    1bc0:	97ba                	add	a5,a5,a4
    1bc2:	bf25                	j	1afa <_vfiprintf_r+0xf2>
    1bc4:	57fd                	li	a5,-1
    1bc6:	b7c5                	j	1ba6 <_vfiprintf_r+0x19e>
    1bc8:	0405                	addi	s0,s0,1
    1bca:	ca02                	sw	zero,20(sp)
    1bcc:	4681                	li	a3,0
    1bce:	4781                	li	a5,0
    1bd0:	4625                	li	a2,9
    1bd2:	00044703          	lbu	a4,0(s0)
    1bd6:	00140593          	addi	a1,s0,1
    1bda:	fd070713          	addi	a4,a4,-48
    1bde:	06e67663          	bgeu	a2,a4,1c4a <_vfiprintf_r+0x242>
    1be2:	f2f1                	bnez	a3,1ba6 <_vfiprintf_r+0x19e>
    1be4:	00044583          	lbu	a1,0(s0)
    1be8:	460d                	li	a2,3
    1bea:	00001517          	auipc	a0,0x1
    1bee:	88e50513          	addi	a0,a0,-1906 # 2478 <__sf_fake_stdout+0x28>
    1bf2:	254d                	jal	2294 <memchr>
    1bf4:	cd11                	beqz	a0,1c10 <_vfiprintf_r+0x208>
    1bf6:	00001797          	auipc	a5,0x1
    1bfa:	88278793          	addi	a5,a5,-1918 # 2478 <__sf_fake_stdout+0x28>
    1bfe:	8d1d                	sub	a0,a0,a5
    1c00:	04000793          	li	a5,64
    1c04:	00a797b3          	sll	a5,a5,a0
    1c08:	4542                	lw	a0,16(sp)
    1c0a:	0405                	addi	s0,s0,1
    1c0c:	8d5d                	or	a0,a0,a5
    1c0e:	c82a                	sw	a0,16(sp)
    1c10:	00044583          	lbu	a1,0(s0)
    1c14:	4619                	li	a2,6
    1c16:	00001517          	auipc	a0,0x1
    1c1a:	86650513          	addi	a0,a0,-1946 # 247c <__sf_fake_stdout+0x2c>
    1c1e:	00140913          	addi	s2,s0,1
    1c22:	02b10423          	sb	a1,40(sp)
    1c26:	25bd                	jal	2294 <memchr>
    1c28:	c13d                	beqz	a0,1c8e <_vfiprintf_r+0x286>
    1c2a:	ffffe797          	auipc	a5,0xffffe
    1c2e:	3d678793          	addi	a5,a5,982 # 0 <_sinit>
    1c32:	e795                	bnez	a5,1c5e <_vfiprintf_r+0x256>
    1c34:	4742                	lw	a4,16(sp)
    1c36:	47b2                	lw	a5,12(sp)
    1c38:	10077713          	andi	a4,a4,256
    1c3c:	cf09                	beqz	a4,1c56 <_vfiprintf_r+0x24e>
    1c3e:	0791                	addi	a5,a5,4
    1c40:	c63e                	sw	a5,12(sp)
    1c42:	5792                	lw	a5,36(sp)
    1c44:	97d2                	add	a5,a5,s4
    1c46:	d23e                	sw	a5,36(sp)
    1c48:	b525                	j	1a70 <_vfiprintf_r+0x68>
    1c4a:	036787b3          	mul	a5,a5,s6
    1c4e:	4685                	li	a3,1
    1c50:	842e                	mv	s0,a1
    1c52:	97ba                	add	a5,a5,a4
    1c54:	bfbd                	j	1bd2 <_vfiprintf_r+0x1ca>
    1c56:	079d                	addi	a5,a5,7
    1c58:	9be1                	andi	a5,a5,-8
    1c5a:	07a1                	addi	a5,a5,8
    1c5c:	b7d5                	j	1c40 <_vfiprintf_r+0x238>
    1c5e:	0078                	addi	a4,sp,12
    1c60:	00000697          	auipc	a3,0x0
    1c64:	d6668693          	addi	a3,a3,-666 # 19c6 <__sfputs_r>
    1c68:	8626                	mv	a2,s1
    1c6a:	080c                	addi	a1,sp,16
    1c6c:	854e                	mv	a0,s3
    1c6e:	00000097          	auipc	ra,0x0
    1c72:	000000e7          	jalr	zero # 0 <_sinit>
    1c76:	57fd                	li	a5,-1
    1c78:	8a2a                	mv	s4,a0
    1c7a:	fcf514e3          	bne	a0,a5,1c42 <_vfiprintf_r+0x23a>
    1c7e:	00c4d783          	lhu	a5,12(s1)
    1c82:	0407f793          	andi	a5,a5,64
    1c86:	ea079ce3          	bnez	a5,1b3e <_vfiprintf_r+0x136>
    1c8a:	5512                	lw	a0,36(sp)
    1c8c:	bd55                	j	1b40 <_vfiprintf_r+0x138>
    1c8e:	0078                	addi	a4,sp,12
    1c90:	00000697          	auipc	a3,0x0
    1c94:	d3668693          	addi	a3,a3,-714 # 19c6 <__sfputs_r>
    1c98:	8626                	mv	a2,s1
    1c9a:	080c                	addi	a1,sp,16
    1c9c:	854e                	mv	a0,s3
    1c9e:	2a01                	jal	1dae <_printf_i>
    1ca0:	bfd9                	j	1c76 <_vfiprintf_r+0x26e>

00001ca2 <_printf_common>:
_printf_common():
    1ca2:	7179                	addi	sp,sp,-48
    1ca4:	ca56                	sw	s5,20(sp)
    1ca6:	499c                	lw	a5,16(a1)
    1ca8:	8aba                	mv	s5,a4
    1caa:	4598                	lw	a4,8(a1)
    1cac:	d422                	sw	s0,40(sp)
    1cae:	d226                	sw	s1,36(sp)
    1cb0:	ce4e                	sw	s3,28(sp)
    1cb2:	cc52                	sw	s4,24(sp)
    1cb4:	d606                	sw	ra,44(sp)
    1cb6:	d04a                	sw	s2,32(sp)
    1cb8:	c85a                	sw	s6,16(sp)
    1cba:	c65e                	sw	s7,12(sp)
    1cbc:	89aa                	mv	s3,a0
    1cbe:	842e                	mv	s0,a1
    1cc0:	84b2                	mv	s1,a2
    1cc2:	8a36                	mv	s4,a3
    1cc4:	00e7d363          	bge	a5,a4,1cca <_printf_common+0x28>
    1cc8:	87ba                	mv	a5,a4
    1cca:	c09c                	sw	a5,0(s1)
    1ccc:	04344703          	lbu	a4,67(s0)
    1cd0:	c319                	beqz	a4,1cd6 <_printf_common+0x34>
    1cd2:	0785                	addi	a5,a5,1
    1cd4:	c09c                	sw	a5,0(s1)
    1cd6:	401c                	lw	a5,0(s0)
    1cd8:	0207f793          	andi	a5,a5,32
    1cdc:	c781                	beqz	a5,1ce4 <_printf_common+0x42>
    1cde:	409c                	lw	a5,0(s1)
    1ce0:	0789                	addi	a5,a5,2
    1ce2:	c09c                	sw	a5,0(s1)
    1ce4:	00042903          	lw	s2,0(s0)
    1ce8:	00697913          	andi	s2,s2,6
    1cec:	00091a63          	bnez	s2,1d00 <_printf_common+0x5e>
    1cf0:	01940b13          	addi	s6,s0,25
    1cf4:	5bfd                	li	s7,-1
    1cf6:	445c                	lw	a5,12(s0)
    1cf8:	4098                	lw	a4,0(s1)
    1cfa:	8f99                	sub	a5,a5,a4
    1cfc:	04f94c63          	blt	s2,a5,1d54 <_printf_common+0xb2>
    1d00:	401c                	lw	a5,0(s0)
    1d02:	04344683          	lbu	a3,67(s0)
    1d06:	0207f793          	andi	a5,a5,32
    1d0a:	00d036b3          	snez	a3,a3
    1d0e:	eba5                	bnez	a5,1d7e <_printf_common+0xdc>
    1d10:	04340613          	addi	a2,s0,67
    1d14:	85d2                	mv	a1,s4
    1d16:	854e                	mv	a0,s3
    1d18:	9a82                	jalr	s5
    1d1a:	57fd                	li	a5,-1
    1d1c:	04f50363          	beq	a0,a5,1d62 <_printf_common+0xc0>
    1d20:	401c                	lw	a5,0(s0)
    1d22:	4611                	li	a2,4
    1d24:	4098                	lw	a4,0(s1)
    1d26:	8b99                	andi	a5,a5,6
    1d28:	4454                	lw	a3,12(s0)
    1d2a:	4481                	li	s1,0
    1d2c:	00c79763          	bne	a5,a2,1d3a <_printf_common+0x98>
    1d30:	40e684b3          	sub	s1,a3,a4
    1d34:	0004d363          	bgez	s1,1d3a <_printf_common+0x98>
    1d38:	4481                	li	s1,0
    1d3a:	441c                	lw	a5,8(s0)
    1d3c:	4818                	lw	a4,16(s0)
    1d3e:	00f75463          	bge	a4,a5,1d46 <_printf_common+0xa4>
    1d42:	8f99                	sub	a5,a5,a4
    1d44:	94be                	add	s1,s1,a5
    1d46:	4901                	li	s2,0
    1d48:	0469                	addi	s0,s0,26
    1d4a:	5b7d                	li	s6,-1
    1d4c:	05249863          	bne	s1,s2,1d9c <_printf_common+0xfa>
    1d50:	4501                	li	a0,0
    1d52:	a809                	j	1d64 <_printf_common+0xc2>
    1d54:	4685                	li	a3,1
    1d56:	865a                	mv	a2,s6
    1d58:	85d2                	mv	a1,s4
    1d5a:	854e                	mv	a0,s3
    1d5c:	9a82                	jalr	s5
    1d5e:	01751e63          	bne	a0,s7,1d7a <_printf_common+0xd8>
    1d62:	557d                	li	a0,-1
    1d64:	50b2                	lw	ra,44(sp)
    1d66:	5422                	lw	s0,40(sp)
    1d68:	5492                	lw	s1,36(sp)
    1d6a:	5902                	lw	s2,32(sp)
    1d6c:	49f2                	lw	s3,28(sp)
    1d6e:	4a62                	lw	s4,24(sp)
    1d70:	4ad2                	lw	s5,20(sp)
    1d72:	4b42                	lw	s6,16(sp)
    1d74:	4bb2                	lw	s7,12(sp)
    1d76:	6145                	addi	sp,sp,48
    1d78:	8082                	ret
    1d7a:	0905                	addi	s2,s2,1
    1d7c:	bfad                	j	1cf6 <_printf_common+0x54>
    1d7e:	00d40733          	add	a4,s0,a3
    1d82:	03000613          	li	a2,48
    1d86:	04c701a3          	sb	a2,67(a4)
    1d8a:	04544703          	lbu	a4,69(s0)
    1d8e:	00168793          	addi	a5,a3,1
    1d92:	97a2                	add	a5,a5,s0
    1d94:	0689                	addi	a3,a3,2
    1d96:	04e781a3          	sb	a4,67(a5)
    1d9a:	bf9d                	j	1d10 <_printf_common+0x6e>
    1d9c:	4685                	li	a3,1
    1d9e:	8622                	mv	a2,s0
    1da0:	85d2                	mv	a1,s4
    1da2:	854e                	mv	a0,s3
    1da4:	9a82                	jalr	s5
    1da6:	fb650ee3          	beq	a0,s6,1d62 <_printf_common+0xc0>
    1daa:	0905                	addi	s2,s2,1
    1dac:	b745                	j	1d4c <_printf_common+0xaa>

00001dae <_printf_i>:
_printf_i():
    1dae:	7179                	addi	sp,sp,-48
    1db0:	d422                	sw	s0,40(sp)
    1db2:	d226                	sw	s1,36(sp)
    1db4:	d04a                	sw	s2,32(sp)
    1db6:	ce4e                	sw	s3,28(sp)
    1db8:	d606                	sw	ra,44(sp)
    1dba:	cc52                	sw	s4,24(sp)
    1dbc:	ca56                	sw	s5,20(sp)
    1dbe:	c85a                	sw	s6,16(sp)
    1dc0:	89b6                	mv	s3,a3
    1dc2:	0185c683          	lbu	a3,24(a1)
    1dc6:	06900793          	li	a5,105
    1dca:	8932                	mv	s2,a2
    1dcc:	84aa                	mv	s1,a0
    1dce:	842e                	mv	s0,a1
    1dd0:	04358613          	addi	a2,a1,67
    1dd4:	02f68d63          	beq	a3,a5,1e0e <_printf_i+0x60>
    1dd8:	06d7e263          	bltu	a5,a3,1e3c <_printf_i+0x8e>
    1ddc:	05800793          	li	a5,88
    1de0:	18f68763          	beq	a3,a5,1f6e <_printf_i+0x1c0>
    1de4:	00d7ed63          	bltu	a5,a3,1dfe <_printf_i+0x50>
    1de8:	22068063          	beqz	a3,2008 <_printf_i+0x25a>
    1dec:	04300793          	li	a5,67
    1df0:	0af68e63          	beq	a3,a5,1eac <_printf_i+0xfe>
    1df4:	04240a93          	addi	s5,s0,66
    1df8:	04d40123          	sb	a3,66(s0)
    1dfc:	a0c9                	j	1ebe <_printf_i+0x110>
    1dfe:	06300793          	li	a5,99
    1e02:	0af68563          	beq	a3,a5,1eac <_printf_i+0xfe>
    1e06:	06400793          	li	a5,100
    1e0a:	fef695e3          	bne	a3,a5,1df4 <_printf_i+0x46>
    1e0e:	401c                	lw	a5,0(s0)
    1e10:	4308                	lw	a0,0(a4)
    1e12:	0807f693          	andi	a3,a5,128
    1e16:	00450593          	addi	a1,a0,4
    1e1a:	c6c5                	beqz	a3,1ec2 <_printf_i+0x114>
    1e1c:	411c                	lw	a5,0(a0)
    1e1e:	c30c                	sw	a1,0(a4)
    1e20:	0007d863          	bgez	a5,1e30 <_printf_i+0x82>
    1e24:	02d00713          	li	a4,45
    1e28:	40f007b3          	neg	a5,a5
    1e2c:	04e401a3          	sb	a4,67(s0)
    1e30:	00000697          	auipc	a3,0x0
    1e34:	65468693          	addi	a3,a3,1620 # 2484 <__sf_fake_stdout+0x34>
    1e38:	4729                	li	a4,10
    1e3a:	a86d                	j	1ef4 <_printf_i+0x146>
    1e3c:	07000793          	li	a5,112
    1e40:	16f68363          	beq	a3,a5,1fa6 <_printf_i+0x1f8>
    1e44:	02d7e563          	bltu	a5,a3,1e6e <_printf_i+0xc0>
    1e48:	06e00793          	li	a5,110
    1e4c:	18f68a63          	beq	a3,a5,1fe0 <_printf_i+0x232>
    1e50:	06f00793          	li	a5,111
    1e54:	faf690e3          	bne	a3,a5,1df4 <_printf_i+0x46>
    1e58:	400c                	lw	a1,0(s0)
    1e5a:	431c                	lw	a5,0(a4)
    1e5c:	0805f813          	andi	a6,a1,128
    1e60:	00478513          	addi	a0,a5,4
    1e64:	06080763          	beqz	a6,1ed2 <_printf_i+0x124>
    1e68:	c308                	sw	a0,0(a4)
    1e6a:	439c                	lw	a5,0(a5)
    1e6c:	a88d                	j	1ede <_printf_i+0x130>
    1e6e:	07500793          	li	a5,117
    1e72:	fef683e3          	beq	a3,a5,1e58 <_printf_i+0xaa>
    1e76:	07800793          	li	a5,120
    1e7a:	12f68a63          	beq	a3,a5,1fae <_printf_i+0x200>
    1e7e:	07300793          	li	a5,115
    1e82:	f6f699e3          	bne	a3,a5,1df4 <_printf_i+0x46>
    1e86:	431c                	lw	a5,0(a4)
    1e88:	41d0                	lw	a2,4(a1)
    1e8a:	4581                	li	a1,0
    1e8c:	00478693          	addi	a3,a5,4
    1e90:	c314                	sw	a3,0(a4)
    1e92:	0007aa83          	lw	s5,0(a5)
    1e96:	8556                	mv	a0,s5
    1e98:	2ef5                	jal	2294 <memchr>
    1e9a:	c501                	beqz	a0,1ea2 <_printf_i+0xf4>
    1e9c:	41550533          	sub	a0,a0,s5
    1ea0:	c048                	sw	a0,4(s0)
    1ea2:	405c                	lw	a5,4(s0)
    1ea4:	c81c                	sw	a5,16(s0)
    1ea6:	040401a3          	sb	zero,67(s0)
    1eaa:	a871                	j	1f46 <_printf_i+0x198>
    1eac:	431c                	lw	a5,0(a4)
    1eae:	04240a93          	addi	s5,s0,66
    1eb2:	00478693          	addi	a3,a5,4
    1eb6:	439c                	lw	a5,0(a5)
    1eb8:	c314                	sw	a3,0(a4)
    1eba:	04f40123          	sb	a5,66(s0)
    1ebe:	4785                	li	a5,1
    1ec0:	b7d5                	j	1ea4 <_printf_i+0xf6>
    1ec2:	0407f693          	andi	a3,a5,64
    1ec6:	411c                	lw	a5,0(a0)
    1ec8:	c30c                	sw	a1,0(a4)
    1eca:	dab9                	beqz	a3,1e20 <_printf_i+0x72>
    1ecc:	07c2                	slli	a5,a5,0x10
    1ece:	87c1                	srai	a5,a5,0x10
    1ed0:	bf81                	j	1e20 <_printf_i+0x72>
    1ed2:	0405f593          	andi	a1,a1,64
    1ed6:	c308                	sw	a0,0(a4)
    1ed8:	d9c9                	beqz	a1,1e6a <_printf_i+0xbc>
    1eda:	0007d783          	lhu	a5,0(a5)
    1ede:	06f00713          	li	a4,111
    1ee2:	0ee68763          	beq	a3,a4,1fd0 <_printf_i+0x222>
    1ee6:	00000697          	auipc	a3,0x0
    1eea:	59e68693          	addi	a3,a3,1438 # 2484 <__sf_fake_stdout+0x34>
    1eee:	4729                	li	a4,10
    1ef0:	040401a3          	sb	zero,67(s0)
    1ef4:	404c                	lw	a1,4(s0)
    1ef6:	c40c                	sw	a1,8(s0)
    1ef8:	0005c563          	bltz	a1,1f02 <_printf_i+0x154>
    1efc:	4008                	lw	a0,0(s0)
    1efe:	996d                	andi	a0,a0,-5
    1f00:	c008                	sw	a0,0(s0)
    1f02:	e399                	bnez	a5,1f08 <_printf_i+0x15a>
    1f04:	8ab2                	mv	s5,a2
    1f06:	cd91                	beqz	a1,1f22 <_printf_i+0x174>
    1f08:	8ab2                	mv	s5,a2
    1f0a:	02e7f5b3          	remu	a1,a5,a4
    1f0e:	1afd                	addi	s5,s5,-1
    1f10:	95b6                	add	a1,a1,a3
    1f12:	0005c583          	lbu	a1,0(a1)
    1f16:	00ba8023          	sb	a1,0(s5)
    1f1a:	02e7d5b3          	divu	a1,a5,a4
    1f1e:	0ae7ff63          	bgeu	a5,a4,1fdc <_printf_i+0x22e>
    1f22:	47a1                	li	a5,8
    1f24:	00f71e63          	bne	a4,a5,1f40 <_printf_i+0x192>
    1f28:	401c                	lw	a5,0(s0)
    1f2a:	8b85                	andi	a5,a5,1
    1f2c:	cb91                	beqz	a5,1f40 <_printf_i+0x192>
    1f2e:	4058                	lw	a4,4(s0)
    1f30:	481c                	lw	a5,16(s0)
    1f32:	00e7c763          	blt	a5,a4,1f40 <_printf_i+0x192>
    1f36:	03000793          	li	a5,48
    1f3a:	fefa8fa3          	sb	a5,-1(s5)
    1f3e:	1afd                	addi	s5,s5,-1
    1f40:	41560633          	sub	a2,a2,s5
    1f44:	c810                	sw	a2,16(s0)
    1f46:	874e                	mv	a4,s3
    1f48:	86ca                	mv	a3,s2
    1f4a:	0070                	addi	a2,sp,12
    1f4c:	85a2                	mv	a1,s0
    1f4e:	8526                	mv	a0,s1
    1f50:	3b89                	jal	1ca2 <_printf_common>
    1f52:	5a7d                	li	s4,-1
    1f54:	0b451e63          	bne	a0,s4,2010 <_printf_i+0x262>
    1f58:	557d                	li	a0,-1
    1f5a:	50b2                	lw	ra,44(sp)
    1f5c:	5422                	lw	s0,40(sp)
    1f5e:	5492                	lw	s1,36(sp)
    1f60:	5902                	lw	s2,32(sp)
    1f62:	49f2                	lw	s3,28(sp)
    1f64:	4a62                	lw	s4,24(sp)
    1f66:	4ad2                	lw	s5,20(sp)
    1f68:	4b42                	lw	s6,16(sp)
    1f6a:	6145                	addi	sp,sp,48
    1f6c:	8082                	ret
    1f6e:	04d582a3          	sb	a3,69(a1)
    1f72:	00000697          	auipc	a3,0x0
    1f76:	51268693          	addi	a3,a3,1298 # 2484 <__sf_fake_stdout+0x34>
    1f7a:	400c                	lw	a1,0(s0)
    1f7c:	4308                	lw	a0,0(a4)
    1f7e:	0805f813          	andi	a6,a1,128
    1f82:	411c                	lw	a5,0(a0)
    1f84:	0511                	addi	a0,a0,4
    1f86:	02080d63          	beqz	a6,1fc0 <_printf_i+0x212>
    1f8a:	c308                	sw	a0,0(a4)
    1f8c:	0015f713          	andi	a4,a1,1
    1f90:	c701                	beqz	a4,1f98 <_printf_i+0x1ea>
    1f92:	0205e593          	ori	a1,a1,32
    1f96:	c00c                	sw	a1,0(s0)
    1f98:	4741                	li	a4,16
    1f9a:	fbb9                	bnez	a5,1ef0 <_printf_i+0x142>
    1f9c:	400c                	lw	a1,0(s0)
    1f9e:	fdf5f593          	andi	a1,a1,-33
    1fa2:	c00c                	sw	a1,0(s0)
    1fa4:	b7b1                	j	1ef0 <_printf_i+0x142>
    1fa6:	419c                	lw	a5,0(a1)
    1fa8:	0207e793          	ori	a5,a5,32
    1fac:	c19c                	sw	a5,0(a1)
    1fae:	07800793          	li	a5,120
    1fb2:	04f402a3          	sb	a5,69(s0)
    1fb6:	00000697          	auipc	a3,0x0
    1fba:	4e268693          	addi	a3,a3,1250 # 2498 <__sf_fake_stdout+0x48>
    1fbe:	bf75                	j	1f7a <_printf_i+0x1cc>
    1fc0:	0405f813          	andi	a6,a1,64
    1fc4:	c308                	sw	a0,0(a4)
    1fc6:	fc0803e3          	beqz	a6,1f8c <_printf_i+0x1de>
    1fca:	07c2                	slli	a5,a5,0x10
    1fcc:	83c1                	srli	a5,a5,0x10
    1fce:	bf7d                	j	1f8c <_printf_i+0x1de>
    1fd0:	00000697          	auipc	a3,0x0
    1fd4:	4b468693          	addi	a3,a3,1204 # 2484 <__sf_fake_stdout+0x34>
    1fd8:	4721                	li	a4,8
    1fda:	bf19                	j	1ef0 <_printf_i+0x142>
    1fdc:	87ae                	mv	a5,a1
    1fde:	b735                	j	1f0a <_printf_i+0x15c>
    1fe0:	4194                	lw	a3,0(a1)
    1fe2:	431c                	lw	a5,0(a4)
    1fe4:	49cc                	lw	a1,20(a1)
    1fe6:	0806f813          	andi	a6,a3,128
    1fea:	00478513          	addi	a0,a5,4
    1fee:	00080663          	beqz	a6,1ffa <_printf_i+0x24c>
    1ff2:	c308                	sw	a0,0(a4)
    1ff4:	439c                	lw	a5,0(a5)
    1ff6:	c38c                	sw	a1,0(a5)
    1ff8:	a801                	j	2008 <_printf_i+0x25a>
    1ffa:	c308                	sw	a0,0(a4)
    1ffc:	0406f693          	andi	a3,a3,64
    2000:	439c                	lw	a5,0(a5)
    2002:	daf5                	beqz	a3,1ff6 <_printf_i+0x248>
    2004:	00b79023          	sh	a1,0(a5)
    2008:	00042823          	sw	zero,16(s0)
    200c:	8ab2                	mv	s5,a2
    200e:	bf25                	j	1f46 <_printf_i+0x198>
    2010:	4814                	lw	a3,16(s0)
    2012:	8656                	mv	a2,s5
    2014:	85ca                	mv	a1,s2
    2016:	8526                	mv	a0,s1
    2018:	9982                	jalr	s3
    201a:	f3450fe3          	beq	a0,s4,1f58 <_printf_i+0x1aa>
    201e:	401c                	lw	a5,0(s0)
    2020:	8b89                	andi	a5,a5,2
    2022:	e78d                	bnez	a5,204c <_printf_i+0x29e>
    2024:	47b2                	lw	a5,12(sp)
    2026:	4448                	lw	a0,12(s0)
    2028:	f2f559e3          	bge	a0,a5,1f5a <_printf_i+0x1ac>
    202c:	853e                	mv	a0,a5
    202e:	b735                	j	1f5a <_printf_i+0x1ac>
    2030:	4685                	li	a3,1
    2032:	8656                	mv	a2,s5
    2034:	85ca                	mv	a1,s2
    2036:	8526                	mv	a0,s1
    2038:	9982                	jalr	s3
    203a:	f1650fe3          	beq	a0,s6,1f58 <_printf_i+0x1aa>
    203e:	0a05                	addi	s4,s4,1
    2040:	445c                	lw	a5,12(s0)
    2042:	4732                	lw	a4,12(sp)
    2044:	8f99                	sub	a5,a5,a4
    2046:	fefa45e3          	blt	s4,a5,2030 <_printf_i+0x282>
    204a:	bfe9                	j	2024 <_printf_i+0x276>
    204c:	4a01                	li	s4,0
    204e:	01940a93          	addi	s5,s0,25
    2052:	5b7d                	li	s6,-1
    2054:	b7f5                	j	2040 <_printf_i+0x292>

00002056 <_putc_r>:
_putc_r():
    2056:	1101                	addi	sp,sp,-32
    2058:	cc22                	sw	s0,24(sp)
    205a:	ce06                	sw	ra,28(sp)
    205c:	842a                	mv	s0,a0
    205e:	c909                	beqz	a0,2070 <_putc_r+0x1a>
    2060:	4d1c                	lw	a5,24(a0)
    2062:	e799                	bnez	a5,2070 <_putc_r+0x1a>
    2064:	c632                	sw	a2,12(sp)
    2066:	c42e                	sw	a1,8(sp)
    2068:	d46ff0ef          	jal	ra,15ae <__sinit>
    206c:	4632                	lw	a2,12(sp)
    206e:	45a2                	lw	a1,8(sp)
    2070:	00000797          	auipc	a5,0x0
    2074:	3c078793          	addi	a5,a5,960 # 2430 <__sf_fake_stdin>
    2078:	02f61663          	bne	a2,a5,20a4 <_putc_r+0x4e>
    207c:	4050                	lw	a2,4(s0)
    207e:	461c                	lw	a5,8(a2)
    2080:	17fd                	addi	a5,a5,-1
    2082:	c61c                	sw	a5,8(a2)
    2084:	0407d063          	bgez	a5,20c4 <_putc_r+0x6e>
    2088:	4e18                	lw	a4,24(a2)
    208a:	00e7c763          	blt	a5,a4,2098 <_putc_r+0x42>
    208e:	0ff5f793          	andi	a5,a1,255
    2092:	4729                	li	a4,10
    2094:	02e79863          	bne	a5,a4,20c4 <_putc_r+0x6e>
    2098:	8522                	mv	a0,s0
    209a:	4462                	lw	s0,24(sp)
    209c:	40f2                	lw	ra,28(sp)
    209e:	6105                	addi	sp,sp,32
    20a0:	8e4ff06f          	j	1184 <__swbuf_r>
    20a4:	00000797          	auipc	a5,0x0
    20a8:	3ac78793          	addi	a5,a5,940 # 2450 <__sf_fake_stdout>
    20ac:	00f61463          	bne	a2,a5,20b4 <_putc_r+0x5e>
    20b0:	4410                	lw	a2,8(s0)
    20b2:	b7f1                	j	207e <_putc_r+0x28>
    20b4:	00000797          	auipc	a5,0x0
    20b8:	35c78793          	addi	a5,a5,860 # 2410 <__sf_fake_stderr>
    20bc:	fcf611e3          	bne	a2,a5,207e <_putc_r+0x28>
    20c0:	4450                	lw	a2,12(s0)
    20c2:	bf75                	j	207e <_putc_r+0x28>
    20c4:	421c                	lw	a5,0(a2)
    20c6:	0ff5f513          	andi	a0,a1,255
    20ca:	00178713          	addi	a4,a5,1
    20ce:	c218                	sw	a4,0(a2)
    20d0:	00b78023          	sb	a1,0(a5)
    20d4:	40f2                	lw	ra,28(sp)
    20d6:	4462                	lw	s0,24(sp)
    20d8:	6105                	addi	sp,sp,32
    20da:	8082                	ret

000020dc <_sbrk_r>:
_sbrk_r():
    20dc:	1141                	addi	sp,sp,-16
    20de:	c422                	sw	s0,8(sp)
    20e0:	842a                	mv	s0,a0
    20e2:	852e                	mv	a0,a1
    20e4:	c001aa23          	sw	zero,-1004(gp) # 20000e1c <errno>
    20e8:	c606                	sw	ra,12(sp)
    20ea:	eaffe0ef          	jal	ra,f98 <_sbrk>
    20ee:	57fd                	li	a5,-1
    20f0:	00f51763          	bne	a0,a5,20fe <_sbrk_r+0x22>
    20f4:	c1418793          	addi	a5,gp,-1004 # 20000e1c <errno>
    20f8:	439c                	lw	a5,0(a5)
    20fa:	c391                	beqz	a5,20fe <_sbrk_r+0x22>
    20fc:	c01c                	sw	a5,0(s0)
    20fe:	40b2                	lw	ra,12(sp)
    2100:	4422                	lw	s0,8(sp)
    2102:	0141                	addi	sp,sp,16
    2104:	8082                	ret

00002106 <__sread>:
__sread():
    2106:	1141                	addi	sp,sp,-16
    2108:	c422                	sw	s0,8(sp)
    210a:	842e                	mv	s0,a1
    210c:	00e59583          	lh	a1,14(a1)
    2110:	c606                	sw	ra,12(sp)
    2112:	2245                	jal	22b2 <_read_r>
    2114:	00054963          	bltz	a0,2126 <__sread+0x20>
    2118:	487c                	lw	a5,84(s0)
    211a:	97aa                	add	a5,a5,a0
    211c:	c87c                	sw	a5,84(s0)
    211e:	40b2                	lw	ra,12(sp)
    2120:	4422                	lw	s0,8(sp)
    2122:	0141                	addi	sp,sp,16
    2124:	8082                	ret
    2126:	00c45783          	lhu	a5,12(s0)
    212a:	777d                	lui	a4,0xfffff
    212c:	177d                	addi	a4,a4,-1
    212e:	8ff9                	and	a5,a5,a4
    2130:	00f41623          	sh	a5,12(s0)
    2134:	b7ed                	j	211e <__sread+0x18>

00002136 <__swrite>:
__swrite():
    2136:	00c5d783          	lhu	a5,12(a1)
    213a:	1101                	addi	sp,sp,-32
    213c:	cc22                	sw	s0,24(sp)
    213e:	ca26                	sw	s1,20(sp)
    2140:	c84a                	sw	s2,16(sp)
    2142:	c64e                	sw	s3,12(sp)
    2144:	ce06                	sw	ra,28(sp)
    2146:	1007f793          	andi	a5,a5,256
    214a:	84aa                	mv	s1,a0
    214c:	842e                	mv	s0,a1
    214e:	8932                	mv	s2,a2
    2150:	89b6                	mv	s3,a3
    2152:	c791                	beqz	a5,215e <__swrite+0x28>
    2154:	00e59583          	lh	a1,14(a1)
    2158:	4689                	li	a3,2
    215a:	4601                	li	a2,0
    215c:	2231                	jal	2268 <_lseek_r>
    215e:	00c45783          	lhu	a5,12(s0)
    2162:	777d                	lui	a4,0xfffff
    2164:	177d                	addi	a4,a4,-1
    2166:	8ff9                	and	a5,a5,a4
    2168:	00f41623          	sh	a5,12(s0)
    216c:	00e41583          	lh	a1,14(s0)
    2170:	4462                	lw	s0,24(sp)
    2172:	40f2                	lw	ra,28(sp)
    2174:	86ce                	mv	a3,s3
    2176:	864a                	mv	a2,s2
    2178:	49b2                	lw	s3,12(sp)
    217a:	4942                	lw	s2,16(sp)
    217c:	8526                	mv	a0,s1
    217e:	44d2                	lw	s1,20(sp)
    2180:	6105                	addi	sp,sp,32
    2182:	a83d                	j	21c0 <_write_r>

00002184 <__sseek>:
__sseek():
    2184:	1141                	addi	sp,sp,-16
    2186:	c422                	sw	s0,8(sp)
    2188:	842e                	mv	s0,a1
    218a:	00e59583          	lh	a1,14(a1)
    218e:	c606                	sw	ra,12(sp)
    2190:	28e1                	jal	2268 <_lseek_r>
    2192:	57fd                	li	a5,-1
    2194:	00c45703          	lhu	a4,12(s0)
    2198:	00f51b63          	bne	a0,a5,21ae <__sseek+0x2a>
    219c:	77fd                	lui	a5,0xfffff
    219e:	17fd                	addi	a5,a5,-1
    21a0:	8ff9                	and	a5,a5,a4
    21a2:	00f41623          	sh	a5,12(s0)
    21a6:	40b2                	lw	ra,12(sp)
    21a8:	4422                	lw	s0,8(sp)
    21aa:	0141                	addi	sp,sp,16
    21ac:	8082                	ret
    21ae:	6785                	lui	a5,0x1
    21b0:	8fd9                	or	a5,a5,a4
    21b2:	00f41623          	sh	a5,12(s0)
    21b6:	c868                	sw	a0,84(s0)
    21b8:	b7fd                	j	21a6 <__sseek+0x22>

000021ba <__sclose>:
__sclose():
    21ba:	00e59583          	lh	a1,14(a1)
    21be:	a805                	j	21ee <_close_r>

000021c0 <_write_r>:
_write_r():
    21c0:	1141                	addi	sp,sp,-16
    21c2:	c422                	sw	s0,8(sp)
    21c4:	842a                	mv	s0,a0
    21c6:	852e                	mv	a0,a1
    21c8:	85b2                	mv	a1,a2
    21ca:	8636                	mv	a2,a3
    21cc:	c001aa23          	sw	zero,-1004(gp) # 20000e1c <errno>
    21d0:	c606                	sw	ra,12(sp)
    21d2:	d9ffe0ef          	jal	ra,f70 <_write>
    21d6:	57fd                	li	a5,-1
    21d8:	00f51763          	bne	a0,a5,21e6 <_write_r+0x26>
    21dc:	c1418793          	addi	a5,gp,-1004 # 20000e1c <errno>
    21e0:	439c                	lw	a5,0(a5)
    21e2:	c391                	beqz	a5,21e6 <_write_r+0x26>
    21e4:	c01c                	sw	a5,0(s0)
    21e6:	40b2                	lw	ra,12(sp)
    21e8:	4422                	lw	s0,8(sp)
    21ea:	0141                	addi	sp,sp,16
    21ec:	8082                	ret

000021ee <_close_r>:
_close_r():
    21ee:	1141                	addi	sp,sp,-16
    21f0:	c422                	sw	s0,8(sp)
    21f2:	842a                	mv	s0,a0
    21f4:	852e                	mv	a0,a1
    21f6:	c001aa23          	sw	zero,-1004(gp) # 20000e1c <errno>
    21fa:	c606                	sw	ra,12(sp)
    21fc:	20cd                	jal	22de <_close>
    21fe:	57fd                	li	a5,-1
    2200:	00f51763          	bne	a0,a5,220e <_close_r+0x20>
    2204:	c1418793          	addi	a5,gp,-1004 # 20000e1c <errno>
    2208:	439c                	lw	a5,0(a5)
    220a:	c391                	beqz	a5,220e <_close_r+0x20>
    220c:	c01c                	sw	a5,0(s0)
    220e:	40b2                	lw	ra,12(sp)
    2210:	4422                	lw	s0,8(sp)
    2212:	0141                	addi	sp,sp,16
    2214:	8082                	ret

00002216 <_fstat_r>:
_fstat_r():
    2216:	1141                	addi	sp,sp,-16
    2218:	c422                	sw	s0,8(sp)
    221a:	842a                	mv	s0,a0
    221c:	852e                	mv	a0,a1
    221e:	85b2                	mv	a1,a2
    2220:	c001aa23          	sw	zero,-1004(gp) # 20000e1c <errno>
    2224:	c606                	sw	ra,12(sp)
    2226:	20d1                	jal	22ea <_fstat>
    2228:	57fd                	li	a5,-1
    222a:	00f51763          	bne	a0,a5,2238 <_fstat_r+0x22>
    222e:	c1418793          	addi	a5,gp,-1004 # 20000e1c <errno>
    2232:	439c                	lw	a5,0(a5)
    2234:	c391                	beqz	a5,2238 <_fstat_r+0x22>
    2236:	c01c                	sw	a5,0(s0)
    2238:	40b2                	lw	ra,12(sp)
    223a:	4422                	lw	s0,8(sp)
    223c:	0141                	addi	sp,sp,16
    223e:	8082                	ret

00002240 <_isatty_r>:
_isatty_r():
    2240:	1141                	addi	sp,sp,-16
    2242:	c422                	sw	s0,8(sp)
    2244:	842a                	mv	s0,a0
    2246:	852e                	mv	a0,a1
    2248:	c001aa23          	sw	zero,-1004(gp) # 20000e1c <errno>
    224c:	c606                	sw	ra,12(sp)
    224e:	2065                	jal	22f6 <_isatty>
    2250:	57fd                	li	a5,-1
    2252:	00f51763          	bne	a0,a5,2260 <_isatty_r+0x20>
    2256:	c1418793          	addi	a5,gp,-1004 # 20000e1c <errno>
    225a:	439c                	lw	a5,0(a5)
    225c:	c391                	beqz	a5,2260 <_isatty_r+0x20>
    225e:	c01c                	sw	a5,0(s0)
    2260:	40b2                	lw	ra,12(sp)
    2262:	4422                	lw	s0,8(sp)
    2264:	0141                	addi	sp,sp,16
    2266:	8082                	ret

00002268 <_lseek_r>:
_lseek_r():
    2268:	1141                	addi	sp,sp,-16
    226a:	c422                	sw	s0,8(sp)
    226c:	842a                	mv	s0,a0
    226e:	852e                	mv	a0,a1
    2270:	85b2                	mv	a1,a2
    2272:	8636                	mv	a2,a3
    2274:	c001aa23          	sw	zero,-1004(gp) # 20000e1c <errno>
    2278:	c606                	sw	ra,12(sp)
    227a:	2061                	jal	2302 <_lseek>
    227c:	57fd                	li	a5,-1
    227e:	00f51763          	bne	a0,a5,228c <_lseek_r+0x24>
    2282:	c1418793          	addi	a5,gp,-1004 # 20000e1c <errno>
    2286:	439c                	lw	a5,0(a5)
    2288:	c391                	beqz	a5,228c <_lseek_r+0x24>
    228a:	c01c                	sw	a5,0(s0)
    228c:	40b2                	lw	ra,12(sp)
    228e:	4422                	lw	s0,8(sp)
    2290:	0141                	addi	sp,sp,16
    2292:	8082                	ret

00002294 <memchr>:
memchr():
    2294:	0ff5f593          	andi	a1,a1,255
    2298:	962a                	add	a2,a2,a0
    229a:	00c51463          	bne	a0,a2,22a2 <memchr+0xe>
    229e:	4501                	li	a0,0
    22a0:	8082                	ret
    22a2:	00054783          	lbu	a5,0(a0)
    22a6:	feb78de3          	beq	a5,a1,22a0 <memchr+0xc>
    22aa:	0505                	addi	a0,a0,1
    22ac:	b7fd                	j	229a <memchr+0x6>

000022ae <__malloc_lock>:
__malloc_lock():
    22ae:	8082                	ret

000022b0 <__malloc_unlock>:
__malloc_unlock():
    22b0:	8082                	ret

000022b2 <_read_r>:
_read_r():
    22b2:	1141                	addi	sp,sp,-16
    22b4:	c422                	sw	s0,8(sp)
    22b6:	842a                	mv	s0,a0
    22b8:	852e                	mv	a0,a1
    22ba:	85b2                	mv	a1,a2
    22bc:	8636                	mv	a2,a3
    22be:	c001aa23          	sw	zero,-1004(gp) # 20000e1c <errno>
    22c2:	c606                	sw	ra,12(sp)
    22c4:	20a9                	jal	230e <_read>
    22c6:	57fd                	li	a5,-1
    22c8:	00f51763          	bne	a0,a5,22d6 <_read_r+0x24>
    22cc:	c1418793          	addi	a5,gp,-1004 # 20000e1c <errno>
    22d0:	439c                	lw	a5,0(a5)
    22d2:	c391                	beqz	a5,22d6 <_read_r+0x24>
    22d4:	c01c                	sw	a5,0(s0)
    22d6:	40b2                	lw	ra,12(sp)
    22d8:	4422                	lw	s0,8(sp)
    22da:	0141                	addi	sp,sp,16
    22dc:	8082                	ret

000022de <_close>:
_close():
    22de:	05800793          	li	a5,88
    22e2:	c0f1aa23          	sw	a5,-1004(gp) # 20000e1c <errno>
    22e6:	557d                	li	a0,-1
    22e8:	8082                	ret

000022ea <_fstat>:
_fstat():
    22ea:	05800793          	li	a5,88
    22ee:	c0f1aa23          	sw	a5,-1004(gp) # 20000e1c <errno>
    22f2:	557d                	li	a0,-1
    22f4:	8082                	ret

000022f6 <_isatty>:
_isatty():
    22f6:	05800793          	li	a5,88
    22fa:	c0f1aa23          	sw	a5,-1004(gp) # 20000e1c <errno>
    22fe:	4501                	li	a0,0
    2300:	8082                	ret

00002302 <_lseek>:
_lseek():
    2302:	05800793          	li	a5,88
    2306:	c0f1aa23          	sw	a5,-1004(gp) # 20000e1c <errno>
    230a:	557d                	li	a0,-1
    230c:	8082                	ret

0000230e <_read>:
_read():
    230e:	05800793          	li	a5,88
    2312:	c0f1aa23          	sw	a5,-1004(gp) # 20000e1c <errno>
    2316:	557d                	li	a0,-1
    2318:	8082                	ret
    231a:	0000                	unimp
    231c:	72617453          	0x72617453
    2320:	2074                	fld	fa3,192(s0)
    2322:	4340                	lw	s0,4(a4)
    2324:	6968                	flw	fa0,84(a0)
    2326:	4970                	lw	a2,84(a0)
    2328:	3d44                	fld	fs1,184(a0)
    232a:	3025                	jal	1b52 <_vfiprintf_r+0x14a>
    232c:	5832                	lw	a6,44(sp)
    232e:	000a                	c.slli	zero,0x2
    2330:	4545                	li	a0,17
    2332:	5250                	lw	a2,36(a2)
    2334:	525f4d4f          	fnmadd.d	fs10,ft10,ft5,fa0,rmm
    2338:	4145                	li	sp,17
    233a:	2e44                	fld	fs1,152(a2)
    233c:	2e2e                	fld	ft8,200(sp)
    233e:	0000                	unimp
    2340:	3025                	jal	1b68 <_vfiprintf_r+0x160>
    2342:	7832                	flw	fa6,44(sp)
    2344:	0020                	addi	s0,sp,8
    2346:	0000                	unimp
    2348:	4545                	li	a0,17
    234a:	5250                	lw	a2,36(a2)
    234c:	455f4d4f          	0x455f4d4f
    2350:	4152                	lw	sp,20(sp)
    2352:	253d4553          	0x253d4553
    2356:	3230                	fld	fa2,96(a2)
    2358:	0a78                	addi	a4,sp,284
    235a:	0000                	unimp
    235c:	4545                	li	a0,17
    235e:	5250                	lw	a2,36(a2)
    2360:	575f4d4f          	fnmadd.q	fs10,ft10,fs5,fa0,rmm
    2364:	4952                	lw	s2,20(sp)
    2366:	4554                	lw	a3,12(a0)
    2368:	253d                	jal	2996 <_data_lma+0x4e6>
    236a:	3230                	fld	fa2,96(a2)
    236c:	0a78                	addi	a4,sp,284
    236e:	0000                	unimp
    2370:	5f544547          	fmsub.q	fa0,fs0,fs5,fa1,rmm
    2374:	4e55                	li	t3,21
    2376:	5149                	li	sp,-14
    2378:	4555                	li	a0,21
    237a:	495f 2e44 2e2e      	0x2e2e2e44495f
    2380:	0000                	unimp
    2382:	0000                	unimp
    2384:	6c46                	flw	fs8,80(sp)
    2386:	7361                	lui	t1,0xffff8
    2388:	4d68                	lw	a0,92(a0)
    238a:	4341                	li	t1,16
    238c:	4441                	li	s0,16
    238e:	5244                	lw	s1,36(a2)
    2390:	5345                	li	t1,-15
    2392:	2e2e2e53          	0x2e2e2e53
    2396:	0000                	unimp
    2398:	4c46                	lw	s8,80(sp)
    239a:	5341                	li	t1,-16
    239c:	5f48                	lw	a0,60(a4)
    239e:	4552                	lw	a0,20(sp)
    23a0:	4441                	li	s0,16
    23a2:	3220                	fld	fs0,96(a2)
    23a4:	6b30                	flw	fa2,80(a4)
    23a6:	2e2e                	fld	ft8,200(sp)
    23a8:	002e                	c.slli	zero,0xb
    23aa:	0000                	unimp
    23ac:	4c46                	lw	s8,80(sp)
    23ae:	5341                	li	t1,-16
    23b0:	5f48                	lw	a0,60(a4)
    23b2:	4f52                	lw	t5,20(sp)
    23b4:	5f4d                	li	t5,-13
    23b6:	5245                	li	tp,-15
    23b8:	5341                	li	t1,-16
    23ba:	3d45                	jal	226a <_lseek_r+0x2>
    23bc:	3025                	jal	1be4 <_vfiprintf_r+0x1dc>
    23be:	7832                	flw	fa6,44(sp)
    23c0:	000a                	c.slli	zero,0x2
    23c2:	0000                	unimp
    23c4:	6c46                	flw	fs8,80(sp)
    23c6:	7361                	lui	t1,0xffff8
    23c8:	5768                	lw	a0,108(a4)
    23ca:	6972                	flw	fs2,28(sp)
    23cc:	6574                	flw	fa3,76(a0)
    23ce:	253d                	jal	29fc <_data_lma+0x54c>
    23d0:	3230                	fld	fa2,96(a2)
    23d2:	0a78                	addi	a4,sp,284
    23d4:	0000                	unimp
    23d6:	0000                	unimp
    23d8:	6c46                	flw	fs8,80(sp)
    23da:	7361                	lui	t1,0xffff8
    23dc:	5668                	lw	a0,108(a2)
    23de:	7265                	lui	tp,0xffff9
    23e0:	6669                	lui	a2,0x1a
    23e2:	3d79                	jal	2280 <_lseek_r+0x18>
    23e4:	3025                	jal	1c0c <_vfiprintf_r+0x204>
    23e6:	7832                	flw	fa6,44(sp)
    23e8:	000a                	c.slli	zero,0x2
    23ea:	0000                	unimp
    23ec:	4c46                	lw	s8,80(sp)
    23ee:	5341                	li	t1,-16
    23f0:	5f48                	lw	a0,60(a4)
    23f2:	4552                	lw	a0,20(sp)
    23f4:	4441                	li	s0,16
    23f6:	2e2e                	fld	ft8,200(sp)
    23f8:	002e                	c.slli	zero,0xb
    23fa:	0000                	unimp
    23fc:	eaa4                	fsw	fs1,80(a3)
    23fe:	ffff                	0xffff
    2400:	eacc                	fsw	fa1,20(a3)
    2402:	ffff                	0xffff
    2404:	eaf4                	fsw	fa3,84(a3)
    2406:	ffff                	0xffff
    2408:	eb0c                	fsw	fa1,16(a4)
    240a:	ffff                	0xffff
    240c:	eb26                	fsw	fs1,148(sp)
    240e:	ffff                	0xffff

00002410 <__sf_fake_stderr>:
	...

00002430 <__sf_fake_stdin>:
	...

00002450 <__sf_fake_stdout>:
	...
    2470:	2d23 2b30 0020 0000 6c68 004c 6665 4567     #-0+ ...hlL.efgE
    2480:	4746 0000 3130 3332 3534 3736 3938 4241     FG..0123456789AB
    2490:	4443 4645 0000 0000 3130 3332 3534 3736     CDEF....01234567
    24a0:	3938 6261 6463 6665 0000 0000               89abcdef....

000024ac <_global_impure_ptr>:
    24ac:	09a4 2000                                   ... 
