:040000006F10501815
:10000400000000000000000090000020C202002058
:10001400A9BDF9F5780300200000000000000000ED
:100024007803002090000020000000000000000081
:10003400900000200000000090000020000000005C
:1000440090000020900000209000002090000020EC
:1000540090000020700B00209000002000000000A1
:1000640090000020900000209000002090000020CC
:10007400DE0300209000002090000020900000206B
:1000840090000020900000209000002090000020AC
:1000940001A04111B7170040985F3AC6945F3247F8
:1000A400E39CE6FE324541018280B7F70700011167
:1000B400944B13078008F337078093F787083EC2F1
:1000C4000F100000B71700401308700523800705C0
:1000D400930580FA2380B7040F10000003C6B70409
:1000E4001376F60DA385C7042380070412467326EE
:1000F40006800F1000001376050255CEF3360780F4
:1001040093F6860836C40F10000023800705238069
:10011400B7040F100000B70614007D89558D88C7F9
:10012400010001000100010023800704A246F3A698
:1001340006800F10000073370780137787083AC6CC
:100144000F100000238007052380B7040F10000060
:100154000F1000003727004093061005A303D78033
:1001640023800704B247F3A707800F10000093070A
:100174008008F3B7078093F787083ECE0F1000007E
:10018400B7170040130770052380E704130780FAAC
:100194002380E7040F10000003C7B70413670708A0
:1001A400A385E70423800704F247F3A707800F1011
:1001B4000000056182801376050459C273360780F6
:1001C4001376860832C80F100000238007052380A9
:1001D400B7040F10000037061400130606047D89C7
:1001E400518D88C70100010001000100238007042C
:1001F4004246732606800F1000007337078013777A
:1002040087083ACA0F100000238007052380B7042B
:100214000F100000A54793F6F60F639EF600B7276C
:10022400004013073005A383E780B71700402380FD
:100234000704D2470DBFB727004013072005E5B7D1
:1002440073370780137787083ACC0F100000238098
:1002540007052380B7040F10000098471367070CA5
:1002640098C723800704E247FDBD0111814601467A
:100274008145114506CE912493078008F3B7078082
:1002840093F787083EC60F100000B7170040130706
:1002940070052380E704130780FA2380E7040F1016
:1002A400000003C76704136717002383E704238050
:1002B4000704B247F3A707800F100000F24005615E
:1002C400828041118146014681451145FD22130773
:1002D4008008F337078093F787083EC40F100000A7
:1002E400B7170040130670052380C704930680FAED
:1002F4002380D7040F100000FD552396B7022380F6
:100304000704A245F3A505800F100000733707808A
:10031400137787083AC60F1000002380C704238090
:10032400D7040F10000003C7670413671700238363
:10033400E70423800704B247F3A707800F100000E7
:1003440001A0BD473305F50201007D1575FD8280CE
:10035400411122C426C206C6AA840144631794002C
:10036400B240224492444101828005041305803E38
:100374004204C13F4180DDB79305000273A045806C
:1003840082457390153492402242B2424243D24392
:100394006244F244025592552256B2564257D257FD
:1003A4006258F25806499649264AB64A464BD64BF5
:1003B400664CF64C065D965D265EB65E465FD65F7D
:1003C4000961730020304111B7170040985F3AC6A5
:1003D400945F3247E39CE6FE324541018280B717C1
:1003E4000040130700032388E702854723ACF1820A
:1003F40073002030411106C6EF00D029F5BF230356
:10040400048015472303E48001002302A480828032
:1004140083076480E3CE07FE23030480828083077E
:100424006480E3CE07FE03454480828083076480B2
:10043400E3CE07FE2302A4808280411126C44AC26F
:100444004EC006C61377F50BAD47AA892E8995448D
:100454006306F70019456537653F8D444E8545377A
:10046400FD59FD1463983401B240A24412498249F3
:1004740041018280135509011375F50F453F220987
:10048400CDB7011126CC06CEB70408005137154567
:10049400BD37713769372AC6A53F324593771500B2
:1004A40089EB136515001375F50FF240E2440561FD
:1004B4008280FD14E9FC0145CDBF397126DC4ADA9E
:1004C4004ED852D656D45AD25ED006DE62CE66CC10
:1004D400B7E700E07D5783AA070022C603AA4700B6
:1004E40023A0E71823A2E718B717004013077005E5
:1004F4002380E704130780FA2380E70483C74704B3
:10050400930B75FFB684E20793FBFB0F8546AA891C
:100514002E8B328937240040E187015763FA760134
:100524006308D5008946130700026313D5000157F9
:10053400D98F93F7F70FB71C00402382FC041147AF
:100544002303E4801305F00F5D3D094CD135636D41
:100554007C11B7050700DA9537870700795563F2F0
:10056400E504B3879500636EF702370B0800A947CB
:1005740033EB65016399F90689E48144513D26858D
:100584000DA0DA850945553D05090345F9FFFD141C
:10059400050B693D81C49377FB0FFDF7DD3569FDDC
:1005A4007D55B7170040130770052380E704130730
:1005B40080FA2380E70403C74704418B2382E704BE
:1005C400F250B7E700E023A0571123A24711E254E9
:1005D40032445259C259325AA25A125B825B724C4B
:1005E400E24C21618280A5476395F9068569130968
:1005F400F00FB3069900B3742B01B6941349F9FFB5
:10060400B3749900856B33796901416B9387F9FF62
:10061400B3F7270199E363FC340193D94900C14737
:10062400E3E637FF99BF0569C1697D19D9B7130599
:10063400800D638869011305000263847901130541
:100644001008CA85DD3B353D21DD4E99B384344124
:10065400D9B7DA852D45D533CA94E30099F2050953
:100664007D3BA30FA9FED5BF9387F9FF93F7F70F3F
:100674006361FC0C83C71C0413073008631FF70471
:1006840037070800636BEB04B3079B00B706100041
:1006940063F5D704334BEB0089476393F9068980EC
:1006A400D549E38C04ECDA850945413B110903275C
:1006B400C9FF91472320E48003076480E34E07FECB
:1006C40023033481FD17EDFBFD14110B81C49377D3
:1006D400FB0FE9FF7D3371F5E1B5B717004003C7A0
:1006E4005704B70708001377070219E3B787070011
:1006F4007955E378FBEA33079B00E3FFE7F855B548
:100704008547E382F9F2DA852D45053B9389F4FFA9
:10071400E38504E6293393F7390091EB83260480BB
:100724000327090093074900E39AE6E43E89CE844F
:10073400F1BFB5476396F9001305900BC93135BD78
:10074400B1471305B00AE38BF9FE99476391F904A5
:10075400B7050800B365BB002D45C53181448D4BF9
:10076400A149753963967401832704802320F90015
:100774008504E39834FF8327048013172B01635502
:1007840007002312F900D5BB2322F900FDB39D47CE
:100794006399F90281451305B0044531BD44232012
:1007A400090023220900FD599D3993F77400CA9763
:1007B40003C70700FD14398D2380A700E39634FF97
:1007C4006DBBA1476392F9046D398144630D0B003D
:1007D4008D479304C0036308FB009304000563047E
:1007E4008B01930440041375C507E30895D8194594
:1007F400393139390545213126850D3909453D31D0
:100804004931E31C05D669BB91476399F900130587
:100814006006F536F53E130590090DB7E38F09D44C
:10082400F154A9BBBD660147174600001306C682F2
:10083400938606A685458347060093F7F70F91C371
:1008440082800507E3F9E6FE974700002386B78018
:10085400DDB77D166206618693178601E18763D44E
:10086400070001458280931726003307F500AE97F1
:1008740018439C4363E7E7007D16E37FF7FC7D554F
:10088400828005458280FD15E205E1851397850187
:10089400618793F7F50F63480700FD15139725004B
:1008A4002A97584365D713851700620561858280AE
:1008B4003308B5021C4283A80600B335B502C297BB
:1008C40033B50701AE98469585486367B5006394D0
:1008D400A50063E3070181480C43C6950CC388C295
:1008E4001CC2828081471397870161876343B700E5
:1008F4008280139727002A97232007008507E5B7EE
:100904008147014793968701E18663C5B600133595
:100914001700828093962700AA9694428507558FE4
:10092400D5B793D755408A07AA979C4305453315F5
:10093400B5007D8D8280171300E0E702C3122A847C
:10094400993705C5931725003E940327C4FF8147B3
:1009540011EB7D1516053E9542054185171300E000
:100964006700A31205838507E5B70145C5BF814725
:100974001397870161876343C70082801397270019
:10098400B386E50094422A97850714C3D5B77D162C
:1009940062066186014793178601E18763D50700E4
:1009A40013351700828093172600B306F500AE971F
:1009B40094429C437D16B58F5D8FF1BF8A05AA953D
:1009C40001476363B500828083A6C5FFF11593D701
:1009D4001600D98F9CC11397F601E5B72A83014805
:1009E400014701456343D7008280B387050183A88B
:1009F4000700B30706019C43C697AA976384F800CF
:100A040033B517010507B3080301620723A0F800F3
:100A140061871108C1BF2A8301478147014563C328
:100A2400D70082803388E50083280800330EE6006F
:100A3400032E0E003388A8403308C841638408019C
:100A440033B508018507B308E300E20723A00801D2
:100A5400E1871107E9B7171300E0E702C3000111AA
:100A6400B286B2842E86AA850A8575372A84A6851D
:100A74000A85793533348000060413351500018D59
:100A84000561171300E067004300171300E0E70255
:100A940003FB4111AA89AE8A328BB68402C202C416
:100AA40002C60144131C8401135C8C4163499C02FB
:100AB400939B1400FD1B0549138CF4FFF15C330474
:100AC400890162046184634D740592478E04CE9457
:100AD40023AEF4FE4101171300E06700C3F91319B4
:100AE4002400B30B2B01014A93172A00D69783A540
:100AF4000B0088437800340050005D3B050A9317CF
:100B04008A01E187F11BE351FCFE92474E990504EB
:100B14002320F900A2473EC2B24702C63EC459B7D9
:100B2400131A8901135A8A41131D240093178A0149
:100B3400E18763CF970092470A044E941CC0A247F2
:100B440005091379F90F3EC2B24702C63EC485BFF8
:100B5400B3079A0313152A00569508417800340008
:100B64005000050AEA97DA978C439933C1B700001D
:100B7400197106C212C416C61AC81ECA22CC26CEC1
:100B84002AD02ED232D436D63AD83EDA42DC46DEE9
:100B9400CAC0CEC2D2C4D6C6DAC8DECAE2CCE6CE59
:100BA400EAD0EED2F2D4F6D6FAD8FEDA93850183EF
:100BB4008841E700050092402242B2424243D243B8
:100BC4006244F244025592552256B2564257D257C5
:100BD4006258F25806499649264AB64A464BD64BBD
:100BE400664CF64C065D965D265EB65E465FD65F45
:100BF400096173002030B7E700E09843B70620008E
:100C040023A0D718758F0F10000001C599C1814723
:100C140011E6B7E700E023A0E7108280B386F50071
:100C240003C80600B306F500850723800601E31711
:100C3400F6FEC5B737E700E01C43B70620002320C3
:100C4400D718F58F0F10000001C53307C50011E652
:100C540037E700E02320F71082800505A30FB5FED7
:100C6400E31DE5FEF5B737E700E01C43B7062000B7
:100C74002320D718F58F0F10000001C599C1014733
:100C840011EA37E700E02320F710054582800507C5
:100C9400E309E6FE3308E500B386E50003480800EF
:100CA40083C60600E305D8FE37E700E02320F710EB
:100CB400014582809307F6FFBE952A966313C5000B
:100CC4008280FD1583C715000505A30FF5FEFDB74A
:100CD400AA87014581CF09CE3E96850703C7F7FF52
:100CE4006317B700E39BC7FE0545828082800145F8
:100CF40082807971974700009387878722D4804345
:100D040006D626D24AD04ECE52CC56CA5AC85EC651
:100D140069C037C9C901014B974900009389C98447
:100D24001309F937174A0000130ACA84973A0000D6
:100D3400938ACA7E9744000093848488835724004E
:100D440095E35C44631D0B00174700002322F782E0
:100D5400832BC4002285EF0010325E84A9A82326C9
:100D6400FB00FDB783A7090082971C443307F540B5
:100D74006375F500D8401D8F2A976361E90897379A
:100D8400000023A5077A83552400034504009750E7
:100D940001E0E780A07C5C405844B9C70C44D040D3
:100DA400AE97BE8663E4B70063E4C700B386C7406A
:100DB40014C4228B3A8459F097370000938707763E
:100DC4009C4B09476373F708F91717370000232F63
:100DD400F774B250225492540259F249624AD24AE8
:100DE400424BB24B4561828063170B00973700007A
:100DF40023A0E778B1BF2326EB0099BF03274A025B
:100E04001DCF63E1A7043385A7408347040085E32E
:100E140017370000034777775917B307A7003E85B4
:100E2400D44063E4E70063E4D7003385D74083A765
:100E34000A016376F5009737000023A9A76E228B79
:100E4400404495BFD840BA977DBF9737000023AF81
:100E5400076C41B797370000938707769C4385C397
:100E6400411106C682979737000083C7C76F89E789
:100E74009737000023A20774B2404101828097375C
:100E8400000083C7476E91E79737000023A60772D7
:100E940082808280411122C4173400001304C46A82
:100EA4001C4006C626C24AC091C7829797370000E5
:100EB40023AC07689747000083C75785858B17497C
:100EC40000001309698489CF8347790019476312A5
:100ED400F71097470000A38B0782F9295C44829797
:100EE4001C4491C3829797340000938424689840EB
:100EF40017360000034696629737000083C70762DF
:100F040093961700BA9683D60600E5C29737000079
:100F140083C7C76063E5C70E973700002380076067
:100F24001C40639E0714973700009387E7639C4334
:100F3400638707149737000093878768DC43173764
:100F440000002325F75E75339737000083C7777C4D
:100F5400639707129737000083C7977B91CF834726
:100F6400790093F7F70F89EB97370000A382077A8C
:100F7400977001E0E780C013973700009387875F7D
:100F8400DC53638E070E97370000938727599C4BD9
:100F9400FDC78347790015476363F70E9737000051
:100FA40083C7077C918BE1EF9737000083C7A75B6A
:100FB400F9E790409736000083C6565663C7D70CAE
:100FC4002244B240924402494101176301E06700A0
:100FD4008388834779001D47E314F7F097370000AF
:100FE400A3860772D12E1C48DDBD850793F7F70F42
:100FF400973600002384F652E3E0C7F001BF86076A
:101004003E97835507002310070097370000239B62
:101014000754973700009387E7529C431735000025
:101024000345C54F13172500BA979C4382979737FA
:10103400000083D72753173700000347274E93C771
:10104400F7FF7D8D9317170098403E97835707004D
:101054005D8D2310A7009737000083C7274C91C7E5
:10106400850717370000230BF74A1737000003479B
:10107400E74A9737000083C7774AE37FF7E8B2402F
:101084002244924402494101828013971700329707
:10109400035707006DF7850715B737C70040832648
:1010A400C720B707FCFFFD17F58F2326F7200100A3
:1010B40001009737000093876746C84F8327872628
:1010C4002326D7206A0593C7F7FF99835D8D828015
:1010D400EFF05FD8730000000000000097320000BA
:1010E400938262480383020023800200630F03009B
:1010F400F32510342EC0970500009385A5FD739049
:101104001534EF00E0507300203086DCEF004050CF
:10111400E65082800000173700001307A75E1443CF
:10112400411122C49C5E4AC006C6998326C2858B9F
:101134003A84173900001309A95CD1CB9307000640
:101144009CDE173700000347875C93070008973439
:1011540000009384645B631BF700832709009C43AE
:1011640093F70704173700002303F75A83C70400D3
:1011740093F707049DC3973700009387E73E9C438A
:1011840082979737000023AFA75883C7040093F7CB
:10119400F70B173700002309F75683C7440093F76A
:1011A400070495E7854717370000A301F7569737DB
:1011B40000009387E7579C433707020098C713073B
:1011C40000FC973600002383E6549848F8D318406F
:1011D4001C5F9183858B8DC31C5F93E707011CDF24
:1011E400973700009387C7549C4323A2070685477B
:1011F40017370000230CF75083270900D8430583D1
:10120400058B19C7D843759BD8C3D843799BD8C3DA
:10121400B24022449244024941018280ED3D730070
:1012240020309317D50063D30702973700009387C4
:1012340027509C437D57B8D7973700009387072ED4
:10124400DC4F8507173700002328F72E9377850096
:101254009DCB9737000083C7474B93E71700173799
:1012640000002304F74A930700F817370000230F00
:10127400F748973700009387E74898435C57F19BFA
:1012840093E717005CD7937715008DC79737000055
:1012940083C7974793E7170017370000A306F7465D
:1012A400973700009387074698435C57F19B93E771
:1012B40017005CD79377650095CB93774500173774
:1012C400000013076744CDCB8347070093E717005B
:1012D40017370000230AF7429737000093878742A5
:1012E40098435C57F19B93E717005CD79317F5007D
:1012F40063D407021737000003474758418B9737D9
:1013040000009387275051C383C7870793E70702D9
:10131400173700002304F7569317E50063D7070235
:101324009737000083C7873EE207E18763D707004A
:10133400854717370000230BF73C97370000938746
:10134400273F9C433707020098C79317C50063D40F
:1013540007021737000003477752058B97370000C1
:101364009387474A29C383C7970793E7270017370B
:101374000000A305F75082808347370093E71700E6
:1013840017370000A303F73881BF03C787078946CF
:101394003D8B6308D70083C787070D47BD8BE39D4B
:1013A400E7F69147B5B703C79707118B69D783C78A
:1013B400970793E7870065BF973700009387473700
:1013C4009443973700009387273403C70700058B9E
:1013D40011CB97370000238B073297370000A38780
:1013E4000732828003C71700058B65F7F85271FF37
:1013F40083C75700DDB7173700001307A73003284A
:101404000700832788039583858BADEF11C6832757
:101414000803BD832300F6009DC61C43985B460762
:10142400935767016356070093E707C0C207C18358
:1014340003970600C207C18709C7BA970947B3C70C
:10144400E7022390F6008DCD8345150095C99737A3
:10145400000083C7C72B93F70704138795008945BA
:1014640085C33A95834705000547994593F6F706E2
:101474006398E600E207E187814563D30700B94535
:101484002E8582808545EDBF411122C406C626C241
:10149400173400001304C42945E114402E87FC527C
:1014A400FDFF9737000023820726973700009387B4
:1014B400670CD453BE8495C6B7E700E0B706200096
:1014C40023A0D728B7F700E083A607D1ED9A23A875
:1014D400D7D083A607D193E6860323A8D7D0730079
:1014E40050103A85B285977001E0E78020A99737BC
:1014F4000000938727219C43B70680009843558FAB
:1015040098C3D857719BD8D797370000A38007207A
:1015140097370000A38A071E1C40094798C3DC5074
:1015240085CF37F700E0832707D193E78700232887
:10153400F7D0730050100DA08D476315F50497374D
:1015440000009387271C9C43B70680009843558F5F
:1015540098C3D857719BD8D7144017370000130786
:10156400A71A83472700858B89EB83473700858B30
:10157400C9CF97370000238B0718B2402244924406
:10158400410182808547E319F5FC97370000938772
:1015940067FED4533E8795C6B7E700E0B706200040
:1015A40023A0D728B7F700E083A607D1ED9A23A894
:1015B400D7D083A607D193E6860323A8D7D0730098
:1015C400501014408177FD17D046F18FDCC60F1000
:1015D40000001440B70702009CC6930700F8973533
:1015E40000002385F512973700009387A7119C43C9
:1015F4009C439D83858B99C793076019FCD2D0C601
:101604005C5339BF9307E01BD5BFFC52B9FBB5B798
:10161400973700009387C7119C438847D847798D33
:1016240009C988C79387018703A3070063030300DD
:1016340002838280173700001307C70F8346B70160
:101644009737000083C7D7114C4BB697FD8B33D720
:10165400F50097360000A38FF60C97360000A3819F
:10166400F610058B15EF173700000347B70FB3F7D4
:10167400E702814601471305000233D6E500058AD7
:101684001378F70F19CA6397D70097370000A3831D
:10169400070B8280850693F6F60F0507E31FA7FC68
:1016A400828097370000938727EC9C43011122CC5A
:1016B4004AC806CE26CA4EC682979737000093873B
:1016C4006709804701496301A406BE8463668506F1
:1016D400018D135455009737000083C747071379CA
:1016E400F5016360F40497390000938969ED993733
:1016F40003A884009736000083C666051397560036
:101704004297158C3A8683A5490063640701636494
:10171400B7003306B7409737000023A1C704E37826
:10172400D4FC160433692401F24062444A85D2444D
:101734004249B2490561828097370000938747E8A0
:10174400DC4333848740229569B797370000938739
:1017540027FE98438967938707F47CD39737000063
:10176400938747029C4383A6070913965600635840
:10177400060083A6070913966600634406007453A3
:10178400FDF282804111B7E700E022C480433707AD
:10179400200006C6798C23A0E7180F10000011C1A1
:1017A40099E5B7E700E023A0871001457DA89307DA
:1017B4003500C207C183F19BC207C18313074003ED
:1017C4006369F702173700001307870308431737C5
:1017D40000001307670214436392A6021737000040
:1017E400130747D9185B55DFC207DD8D05450297FE
:1017F4004DBF1737000013076700C9BF03576500C3
:101804002DEB035745006366F706B306F740214600
:10181400637CD60203280500938687001D8FAA9651
:101824006117173600000356C6CF2392E60023A0A3
:1018340006012393060014C12312F500130786FF43
:1018440097360000239FE6CC2313B500973500009C
:1018540083D525CDB387F540173700002313F7CC84
:10186400B7E700E023A087102105B24022444101DC
:101874008280084195B7B7E700E08C433707200022
:1018840023A0E718F98D0F10000001E523A0B7107D
:101894008280973700009387A7F603A30700973742
:1018A4000000938767F583A8070081469A8763F24F
:1018B400170D03A807006361F50C636FA80A13876B
:1018C40087006368E50A03D6670021670507631785
:1018D400E60003C7B1860507A385E1861735000036
:1018E4001305C5C303D647000357650023930700B8
:1018F400329742074183173E00002314EEC2638CE3
:10190400670217330000130363EF03230300630428
:10191400F30203D366006310030283D7460023A0B7
:10192400060121073E9621062392C6009737000040
:101934002399E7BEB6879843630D170397360000D3
:101944009386C6EB94426306D7028356670095E2FA
:1019540083D64700035647001843A106B296239244
:10196400D70098C383576500A10717370000231ACF
:10197400F7BAB7E700E019BFBE86C2870DBF000003
:1019840097110020938141BD17510020130141E7B5
:101994001305400097E5FF1F938585661706002011
:1019A400130606FE63FAC5008322050023A0550032
:1019B40011059105E3EAC5FE17C501001305855F0E
:1019C400970500209385C5FB1386418263FAC50001
:1019D4008322050023A0550011059105E3EAC5FE05
:1019E4001385818297350020938585F46377B5004C
:1019F400232005001105E36DB5FEFD42739002BC82
:101A04008D4273904280930280087390023097E273
:101A1400FF1F9382E25E93E232007390523097226A
:101A2400000093826236739012347300203039714F
:101A340001436EC619A0397141536AC866CA62CCA3
:101A44005ECE19A0397101535AD056D252D44ED613
:101A54004AD826DA22DC06DE330161408282411153
:101A64004AC026C222C406C68282B24D4101024D3A
:101A7400924C224CB24B4101024B924A224AB24947
:101A84004101024992442244B240410182803D43D3
:101A94002A876373C3029377F700BDEFADE59376AE
:101AA40006FF3D8ABA960CC34CC30CC74CC741070A
:101AB400E36BD7FE11E28280B306C3408A06970225
:101AC400000096966780A6002307B700A306B70018
:101AD4002306B700A305B7002305B700A304B70086
:101AE4002304B700A303B7002303B700A302B7007E
:101AF4002302B700A301B7002301B700A300B70076
:101B04002300B700828093F5F50F93968500D58D59
:101B140093960501D58D61B793962700970200002F
:101B240096968682E78086FA9680C1171D8F3E9628
:101B3400E374C3F8A5B73367B500FD530D8B79E79C
:101B4400B7877F7F9387F7F710419441B372F6000C
:101B54003363F600BE92B3E262006397720C6318BB
:101B6400D6065041D441B372F6003363F600BE92F8
:101B7400B3E262006398720A631BD604104594456D
:101B8400B372F6003363F600BE92B3E2620063916F
:101B9400720A631ED6025045D445B372F60033630D
:101BA400F600BE92B3E26200639A72086311D60231
:101BB40010499449B372F6003363F600BE92B3E25F
:101BC4006200639372085105D105E30FD6F613172B
:101BD400060193970601631CF7001357060193D778
:101BE40006013305F7409375F50F91E9828041832F
:101BF400C1833305F7409375F50F91E18280137724
:101C0400F70F93F7F70F3305F7408280034605007B
:101C140083C60500050585056313D60065FA3305FB
:101C2400D640828011059105E312D6FE01458280DB
:101C34002105A105E31CD6FC014582803105B105CF
:101C4400E316D6FC014582804105C105E310D6FCAC
:101C540001458280B717004003C777051377E70F64
:101C6400A38BE704130700F8A38DE7043D47238CF7
:101C7400E70413075003A38CE70403C7A7051377EE
:101C8400D70F238DE7048280B717004003C7E7020C
:101C94000D8941111377C70F498F93068008F3B656
:101CA400068093F6860836C60F100000930670056A
:101CB4002380D704930680FA2380D7040F100000F2
:101CC4002387E70223800704B247F3A707800F1096
:101CD40000004101828041112A83014E930E407E0F
:101CE400130F0019930F400663E56E129308001951
:101CF40013034006B3781503854E0D4FA14F33737C
:101D040065020D891335150063EFBE121308F6FF43
:101D1400794672984208135808013307C70213D64C
:101D24001700BE0732976146B3F6C60213068070E9
:101D3400B386C6023697A166F58F42075D8FB71644
:101D4400004083C7F60293F70708A303F100034694
:101D5400710083C7F60293F70708E394C7FE83472D
:101D64007100B716004093F7F70F638807129307C3
:101D74008008F3B7078093F787083EC40F1000006C
:101D8400B7170040930670052380D704930680FAA2
:101D94002380D7040F10000023AA070383C6170368
:101DA40093E60608A388D70223800704A247F3A773
:101DB40007800F1000001166B71700407D16D45B32
:101DC400C85F93854703A98EF18EF5FA93068008C0
:101DD400F3B6068093F6860836C60F100000930605
:101DE40070052380D704930680FA2380D7040F104C
:101DF400000098C103C7170313670704A388E70209
:101E040023800704B247F3A707800F1000004101A5
:101E140082807D133368E3039308E016630E0800A1
:101E24003368F3039308D0166308080093783300EB
:101E340093B818009388D81633081E01131E08019E
:101E4400135E0E0155B56393E503054863860800E8
:101E54000148630303002A8871087298FD15131E54
:101E64000801C205135E0E01C18179BD13F8150086
:101E740063F4BF007908D5B713381800E5BF83C7EA
:101E8400F60293F70708A303F1000346710083C722
:101E9400F60293F70708E394C7FE8347710093F7AC
:101EA400F70FF1DFE9B531714AD966CB06DF22DDE0
:101EB40026DB4ED752D556D35AD15ECF62CD6AC9EE
:101EC4006EC7AA8C02D8EF0010122A8993078008E3
:101ED400F3B7078093F787083EDA0F100000B717AF
:101EE4000040130770052380E704130780FA23805A
:101EF400E7040F10000003C7F7021377770FA387D7
:101F0400E70203C7F70213678700A387E70223806A
:101F14000704D257F3A707800F1000000545AD331F
:101F2400130780C13347E902116A93070AE893064D
:101F34005002BD69930BA004814A014B130480082D
:101F4400930470057D1AB347F9023307D7023EC0E4
:101F5400FD873ECC938709A69309803E3347F70259
:101F64003AC27D873AC4334739038549B399990105
:101F740093D93940B306D702B30B7703B3C6F6023D
:101F8400B3CBFB0236C6FD8636C893D6FB4136CEAC
:101F9400B7460F00938606243349D9028566938693
:101FA40006FAB3969601B389E902130780523309FE
:101FB400D90293060010B389E9023349D902B3C99F
:101FC400F9029316390036CA37190040FD8636D017
:101FD400930D090493D7F9413ED2F336048093F666
:101FE400860836DC0F100000930770052380FD007F
:101FF400930680FA2380DD000F1000008346390524
:1020040093F6860FA309D9048346390593E616008F
:10201400A309D90423800D00E256F3A606800F100D
:102024000000130C80FA116DF336048093F68608D1
:1020340036DE0F100000930770052380FD00238017
:102044008D010F10000083463905216693E60602D0
:10205400A309D90483560905B3E6A6012318D904B4
:1020640083560905D18E2318D90423800D00F25616
:10207400F3A606800F1000008346390593F6060286
:102084006389061803463905218A6DDE0818612F15
:102094007336048013768608B2C20F1000002380C2
:1020A4009D0023808D010F100000B717004003C668
:1020B40037051376F60DA389C70403C637051366DF
:1020C4000602A389C704835609052166B3E6A6015F
:1020D4002318D90483560905D18E2318D9042380E3
:1020E4000D009646F3A606800F10000083463905BE
:1020F40093F606026386061483463905A18AEDFE2B
:1021040097E0FF1FE780E0F8AA8636D497E0FF1F28
:10211400E78020F8A256E30AD5FE83560905425506
:10212400B3E6A6012318D904392F83463905A18AB9
:10213400EDDE035609058346290582473376CA0036
:10214400B306DA0293D5F641B296B388F640E24775
:1021540033B8C6002E983308F840A247B3B6160128
:102164003308D84063C70701631DF800924763FA38
:102174001701C247634DF80E63950701B24763E840
:10218400F80E894663E7660FF2469315180013D3D9
:10219400F8015E8613951800B365B30042D646D4A1
:1021A400EF80517D3258050B137BFB0F6347000111
:1021B40063120838A258638F083613081500B33623
:1021C400A800B69513D6F5013298B336C800AE967A
:1021D40013581800FE06B3E606017336048013761E
:1021E4008608B2C60F10000023809D0023808D0155
:1021F4000F1000000356C902B296C206C18223160C
:10220400D90223800D00B646F3A606800F10000005
:1022140021BDF336048093F68608B6C00F10000083
:1022240023809D0023808D010F1000008346390513
:1022340093E60602A309D90423800D0086460DBD4A
:10224400F336048093F68608B6C40F10000023808A
:102254009D0023808D010F1000008346390593E60D
:102264000602A309D90423800D00A646A5BDE30DEB
:102274000BF0F336048093F68608B6C80F100000FE
:10228400930680FA23809D002380DD000F10000058
:102294008346390593F5FC0F93F6860FA309D904F9
:1022A40083463905CD8EA309D90423800D00C64683
:1022B400F3A606800F100000130580FA03463905C3
:1022C400930639051D8A63149629733604801376A0
:1022D4008608B2CC0F100000130680FA23809D00FC
:1022E4002380CD000F10000003C606001376F60D00
:1022F4002380C60003C60600136606022380C600B8
:10230400835609051166D18E2318D904835609050D
:102314002166D18E2318D90423800D00E646F3A646
:1023240006800F100000130680FA8346390593F6E1
:1023340006026388062483463905130C3905A18AED
:10234400FDDA0818CD21F336048093F68608B6D05A
:102354000F100000930680FA23809D002380DD0087
:102364000F10000083460C00116693F6F60D23004F
:10237400DC0083460C0093E606022300DC0083564F
:102384000905D18E2318D904835609052166D18EF7
:102394002318D90423800D008656F3A606800F1057
:1023A4000000130680FA8346390593F60602638516
:1023B400062083463905A18AEDFE97E0FF1FE780DA
:1023C40040CD2A8C97E0FF1FE780A0CCE30C85FF6B
:1023D4008356090511664255D18E2318D904A521C7
:1023E4008346390513063905A18AFDDAF3360480DC
:1023F40093F68608B6D40F100000930680FA238063
:102404009D002380DD000F1000008346060093F634
:10241400F60D2300D60023800D00A656F3A60680F1
:102424000F1000008356090503462905D247B376E9
:10243400DA003306CA021305800C9355F64136962A
:10244400330DF6408257333CD6002E9C3336A6011A
:10245400330CFC40330CCC403308850392564E8633
:10246400B335A5033305A503C295EF80B150634688
:102474008001631E0C16630C0D161306150033350C
:10248400A6002E959356F5013696B335D600AA9537
:102494009396F50105828585D18E6346B000639DD0
:1024A400051A638B061A0356C90215823305D60032
:1024B4003336C500B2956348B00063910524130612
:1024C400F00F637DA622894663F3561593078008AF
:1024D400F3B7078093F78708BED60F1000003717AD
:1024E4000040930770052300F704930780FA230044
:1024F400F7040F1000008356C70289678117D58F30
:10250400C207C1832316F70223000704B657F3A7B3
:1025140007800F100000FA506A54DA544A59BA5925
:102524002A5A9A5A0A5BFA4B6A4CDA4C4A4DBA4D0B
:10253400296182801308F5FF3335A800FD152E9517
:102544001356F5013298B336C800AA9651B1F33642
:10255400048093F68608B6CA0F10000023809D00FD
:102564002380AD000F10000083463905CD8EA309EA
:10257400D90423800D00D646F3A606800F10000070
:1025840035BBF336048093F68608B6CE0F100000F0
:1025940023809D002380CD000F1000008346390561
:1025A40093E60602A309D90423800D00F646F3A698
:1025B40006800F10000095BBF336048093F686085E
:1025C400B6D20F10000023809D002380CD000F1091
:1025D40000008346390593E60602A309D904238043
:1025E4000D009656F3A606800F1000006DBB9306EF
:1025F400F5FF33B5A600FD152E959355F501AE965E
:10260400B3B5B600AA951396F501858269B5F3367C
:10261400048093F68608B6D80F100000930680FA5B
:1026240023809D002380DD000F1000008356C90223
:102634000566011693F6F60FD18EC206C1822316E3
:10264400D90223800D00C656F3A606800F100000A1
:10265400850A93FAFA0F51B233E6B60045C203561F
:10266400C9023305D0403338A000B305B040B38568
:10267400054115826345B000D1E16371A60889461E
:1026840063F0560593078008F3B7078093F787082C
:10269400BEDA0F100000B71700401307700523803F
:1026A400E704130780FA2380E7040F10000003D720
:1026B400C7027D8B2396E70223800704D65781BD8A
:1026C400F336048093F68608B6DC0F1000009306F8
:1026D40080FA23809D002380DD000F1000008356C4
:1026E400C9020566011693F6F60FD18EC206C182A1
:1026F4002316D90223800D00E656B9B79307800844
:10270400F3B7078093F78708BEDE0F100000371772
:102714000040930770052300F704930780FA230011
:10272400F7040F1000000356C70293975600B297A0
:10273400C207C1832316F70223000704F657C1BB5F
:10274400914763EEB70217A701001307A7608A0534
:10275400BA959C41BA978287B717004003A7470BE5
:102764001345F5FF698F23AAE70A03A7070B698FAF
:1027740023A8E70A03A7070A798D23A0A70A828062
:10278400B717004083A6470B1347F5FFF98E23AA1A
:10279400D70A83A6070B558D23A8A70A83A6070A81
:1027A400758F23A0E70A8280B717004003A7470B61
:1027B400498F23AAE70A03A7070B1345F5FF45BF73
:1027C400B717004083A6470B1347F5FF758F23AA5D
:1027D400E70A03A7070A598D4DB7B717004003A7A7
:1027E400470B498FEDB7B717004088474205418131
:1027F4009377050491EB9377F5013755E8011305B9
:1028040005803345F50282809377050C1307000495
:102814006397E7009377F50137459C1CCDB7216595
:10282400130505D0828037E700E01C435443A1839D
:10283400E206D58F1CC1FD572320F7182322F71871
:102844000F100000828013178500B7E700E023A073
:10285400E710618123A2A7108280B7F700E08847C0
:10286400CC478280814737370040A14663C4C70004
:10287400328582800345B740E38EA6FE3385F5009A
:102884000345050085072304A740CDB797F7FF1F2D
:102894009387874C9C4317270020130767093E95AD
:1028A400636EE50017470020130787D56368A70008
:1028B40017F7FF1F2322A74A3E858280FD57EDBFED
:1028C400411122C406C62A84393F2947B307E502C9
:1028D400B2408D83B3D7870222449507B3D7E7026A
:1028E40037370040C207C1832316F7404101828075
:1028F400716541111305052006C6D937B737004065
:10290400130770F82381E7400D47A381E7401307BD
:102914000004A380E74005472387E740B240410114
:1029240082802384018223A60182B717004003A773
:10293400070CB706C0FFFD16758F23A0E70C03A78D
:10294400070DB7064000558F23A8E70C03A7070C13
:102954003D9B23A0E70C03A7070D1367070123A8DA
:10296400E70C828023A6A18213064006894503C58D
:1029740041836F30B147B717004003A5470C83A7C5
:10298400470C598113451500C18B058999E31365DB
:10299400250083C78182638CA7002384A18201C997
:1029A4009387C18203A30700630303000283828029
:1029B40011456FF04FCF411193962500AA852D45FF
:1029C40006C697E0FF1FE78040AFB24001454101D2
:1029D4008280011122CC06CE3714004026CA4AC890
:1029E4004EC652C483447405034AB405834984051E
:1029F40003499405EFF00FA68347A40593F4F40F5D
:102A0400137AFA0F93E71700230DF40493F9F90FDF
:102A14001379F90FB717004003C7A705058B6DFF9E
:102A240003D5C705A38D4705238C3705A38C27053C
:102A3400A38B9704F2406244D2444249B249224AE9
:102A44000561828041119397050122C406C6C1879E
:102A54002E8463DA0700EF30510219C1EF30C175DB
:102A64002165218D1DA093F7150013C5150091EF65
:102A740093F7250099CF01371306000A894503C54A
:102A84004183EF30B13613452400B2402244410162
:102A940082809397250163D00702EF50F104093F28
:102AA40037F60200130606E0896503C54183EF305B
:102AB400F13309657DB7939715010145E3D707FC09
:102AC40017A501001305C52EEF90C103130600647A
:102AD400916503C54183EF307131116559B72D718B
:102AE400232A9110FD74E98C232C811023282111B1
:102AF400232631112A84AE893289930600100A866E
:102B0400A6852D45232E111097E0FF1FE780E09A3C
:102B14001315440151810A0513962900CA850A95A3
:102B240097E0FF1FE780200DA685856601462545B1
:102B340097E0FF1FE78060980A86A6859306001039
:102B4400294597E0FF1FE78040978320C1110324A4
:102B5400811183244111032901118329C1101561B5
:102B64008280B7F7070003C70701411106C622C4D4
:102B740026C24AC0A547631AF7009537B2402244DB
:102B84009244024901454101828013942500AA849C
:102B94003289A286AA850146254597E0FF1FE78072
:102BA400C091A2864A86A685294597E0FF1FE78043
:102BB400C090E9B71D71494697A501009385C51AD0
:102BC40017B501001305452186CEA2CC97E0FF1F5F
:102BD400E780600901E917A501001305251AEF80B4
:102BE400717201A037F700E0795610CBFD5654CB33
:102BF400B7E700E0056423A087109306F00214C32E
:102C040023A087180F10000017E7FF1F1307074DB5
:102C140023A8E1824157A38AE740130600048145B3
:102C2400080897E0FF1FE780E000970700209387DC
:102C3400E7273EC89D673ECCB70701059387071079
:102C44003ECEED472310F10285472301F102970799
:102C54000000938787D6BEC2970700009387A7F02A
:102C6400BEC48567938757D12312F10297070000EA
:102C74009387E7BE3ED8B7F5070097070000938710
:102C840087D53EDC8146970700009387A7D23000A2
:102C9400E10519453EDE231A810097E0FF1FE78016
:102CA400C08118088147994630003E9603460600C5
:102CB40085070507A30BC700E398D7FEC24791C752
:102CC4000357410185676373F70001A0830741023D
:102CD40063D7070493078008F3B7078093F787083F
:102CE4003EC40F100000B71700401307700523807F
:102CF400E704130780FA2380E7040F100000B847A5
:102D0400B706100013670718B8C79853558F98D3A0
:102D140023800704A247F3A707800F1000000808C8
:102D2400EF30B15BAA8501C917A50100130545065B
:102D3400EF80114901A0F64066442561828041116B
:102D440017050000130545D006C622C4EF303155DF
:102D5400138441832300A4002128E13603450400A1
:102D64002244B24013060032896541016F301108D4
:102D7400797106D613078008F337078093F787081D
:102D84003EC20F100000B717004093057005238062
:102D9400B704130680FA2380C7040F10000083C60B
:102DA400F70293F6A60FA387D7022380070492465F
:102DB400F3A606800F100000733707801377870887
:102DC4003AC40F1000002380B7042380C7040F10F7
:102DD400000003C7F70213672700A387E7022380D5
:102DE4000704A247F3A707800F1000000545EFE092
:102DF400BFE97D3E81470147814605468545130568
:102E0400407EEFE05FED68005146814597E0FF1F8B
:102E1400E78040E2B707C0A83EC8B787E8039387B6
:102E240007D03ECA680097D7FF1F9387C7593EC68D
:102E3400EF30D16FB25045618280138701618147C1
:102E4400BA85130690028356070089CE139547006E
:102E54002E955441139836006346080013982600B3
:102E64006357080085074107E39FC7FC014582803B
:102E740093860161814736871306900283D5060045
:102E84006396A50092073305F70082808507C10683
:102E9400E396C7FE01458280D8414111A16722C44F
:102EA40006C626C29386B7012A846306D708938789
:102EB400D7036305F7044DEF97A501009385C5F883
:102EC40017A501001305C522EF80912F17A5010056
:102ED40013050523EF80D12E2945EF8071328357E6
:102EE40064007D77F98F93E757002313F400894733
:102EF4001CC4B240224492444101828097A501003F
:102F0400938585F417A501001305851EEF80512BC9
:102F140017A5010013058520EF80912A2945EF802C
:102F2400312E835764007D77F98F93E7570023137D
:102F3400F4008D4775BF97A501009385E5F017A5AB
:102F440001001305E51AEF80B12717A50100130549
:102F5400A51EEF80F1262945EF80912A835764004E
:102F64007D77F98F93E757002313F400914749B70E
:102F7400AE8417A501001305A51797A50100938535
:102F8400A5ECEF80F123CC4017A501001305051D26
:102F9400EF8011232244B2409244294541016F80BD
:102FA4003126411197A50100938505E617A5010077
:102FB4001305051406C6EF80B120B240294541012E
:102FC4006F801124411122C497A50100938545ED1A
:102FD4002A8417A501001305A51106C6EF80511E0A
:102FE4002945EF80F1215840A16793879704631B1B
:102FF400F70403D5618469C1EFF0802D03D56184A2
:10300400853D835765007D777D17F98F232405005F
:10301400231005002313F50097A50100938545E8C7
:1030240017A501001305C50CEF80911917A5010020
:10303400130505FFEF80D1182244B2402945410110
:103044006F80111CDD3B05E197A50100938545E5E3
:1030540017A501001305C509EF80911617A50100F6
:10306400130545FDC1BF834604001307F00F6390A9
:10307400E60497A501009385A5E217A501001305B1
:103084002507EF80F1134C4017A50100130545FCFB
:10309400EF8011132945EF80B1162244B24003C5D5
:1030A400C1831306803E854541016F3021545C4540
:1030B400A2859C438297D5B7B240224441018280C5
:1030C400411122C406C6834705002A849DC397A5DF
:1030D4000100938525DE17A5010013056501EF8026
:1030E400310E4C4017A501001305851AEF80510DD0
:1030F40071A05841B707CF009387777D631CF70C05
:1031040097A50100938505DB17A50100130545FE6E
:10311400EF80110B1C448356E4008355C40003C69E
:10312400070017A5010013052518EF80710929452B
:10313400EF80110D0356C4000C441385015397E02E
:10314400FF1FE78040AB03C70153930720086317B1
:10315400F70E0357C40085476308F70297A50100DB
:10316400938545D517A50100130585F8EF80510512
:1031740017A501001305C515EF8091042244B24040
:10318400294541016F80D107914503C5C183EF30C3
:10319400815C0355E400EFF0A0130355E400C93942
:1031A400835765007D777D17F98F2324050023104D
:1031B40005002313F50097A501009385A5CF17A556
:1031C40001001305E5F2EF80A17F17A501001305A7
:1031D400E5115DB7B707CE009387777D631AF702D1
:1031E40097A50100938505CD17A50100130545F0AA
:1031F400EF80017D1C448356E4008355C40003C65C
:10320400070017A501001305E50FEF80617BBDB72B
:10321400B707CC009387777D6302F70297A5010077
:10322400938545C917A50100130585ECEF80417905
:103234004C4017A501001305250F4DBDB240224493
:1032440041018280397126DA4AD84ED6AE84AA89E1
:10325400328981457146480006DE22DCEFE03F8377
:1032640005442313810023143101EF00B07C93073C
:1032740000192305A1003EC64A86FD57A6854800CD
:10328400A3058100230AF100EF00507DF25062543F
:10329400D2544259B259216182801C45411106C65B
:1032A40022C426C209476382E7060D476382E70A00
:1032B400054463918702835505000355450017A70C
:1032C40001001307A7F785460146EF30D060AA84B2
:1032D40001E901442285B2402244924441018280A2
:1032E40097A501009385C5B717A50100130545E00F
:1032F400EF80016DA68517A501001305A5E7EF80F2
:10330400216C2945EF80C16FF1B7035605000355C1
:1033140045009307707D01478546B285EF30F05C28
:103324002A8445D997A50100938585B317A5010083
:10333400130505DCEF80C168A28517A501001305FC
:1033440025E6EF80E1672945EF80816B054459B795
:1033540003560500035545009307707D0147B16688
:10336400B285EF30305A2A842DD597A50100938574
:1033740025AF17A501001305A5D7EF806164A285C9
:1033840017A50100130545E46DBFD841411122C4BE
:1033940006C626C22A841DCFA1679387D703630D6F
:1033A400F706AE8417A50100130585D497A501007F
:1033B400938545AAEF80C160CC4017A50100130591
:1033C400E5D9EF80E15F2244B240924429454101AE
:1033D4006F80016397A501009385C5A717A5010018
:1033E400130505D1EF80C15D17A501001305C5CAFA
:1033F400EF80015D2945EF80A160835764007D77EC
:10340400F98F93E717002313F40089471CC4B240D3
:10341400224492444101828097A50100938585A3AB
:1034240017A501001305C5CCEF80815917A501002C
:10343400130545C8EF80C1582945EF80615C835767
:1034440064007D77F98F93E717002313F400914705
:1034540075BF411122C406C62A841385016115E093
:103464002A8781471308900283580700639008084D
:10347400139447002A942312B4002310C400231188
:10348400D400138701618147930590028356070096
:1034940099CE630ED60093964700AA96D442139809
:1034A400360063460800139826006359080685070A
:1034B4004107E39DB7FC81471397D7008357640006
:1034C400F976FD16F58FD98F2313F400139727018E
:1034D4006349070013060064854503C5C183EF30C3
:1034E400E1102285B24022444101828085074107D0
:1034F400E39C07F797A501009385C59317A50100E1
:10350400130505BFEF80C14B17A50100130545BC8A
:10351400EF80014B2945EF80A14EE1B7854769BF94
:10352400411122C44AC02E842A8997A5010093859B
:10353400A59417A501001305A5BB06C626C2EF80F6
:1035440021482945EF80C14B0545EFF0600615C5BC
:10355400AA8497A501009385259217A50100130558
:1035640025B9EF80E145A68517A50100130505C916
:10357400EF8001452945EF80A1482285EFF05F8F58
:1035840019C58357650013973701634107068546BC
:103594002286CA857D3D0DE997A501009385C58DD9
:1035A40017A501001305C5B4EF80814117A50100DB
:1035B400130505C7EF80C1402244B240924402493A
:1035C400294541016F80C14397B701009387079C48
:1035D4005CC503C781848357650019CF7D77F98F54
:1035E40093E717002313F50085471CC5B240224416
:1035F40092440249410182807D77F98F93E7170055
:103604002313F5009147D5B7011122CC26CA2E8485
:10361400AA8497A501009385E58717A501001305E2
:1036240025AD06CE32C6EF80A1392945EF80413D54
:103634002285EFF0FF83B24619C5835765001397BF
:103644003701634F07042286A685213505E997A52E
:1036540001009385258417A50100130565A9EF8052
:10366400213617A501001305A5BBEF80613562441F
:10367400F240D244294505616F80813897B7010033
:10368400938747915CC503C781848357650011CF35
:103694007D77F98F93E757002313F50085471CC501
:1036A400F2406244D244056182807D77F98F93E7CA
:1036B40057002313F5009147DDB7411122C497A5A4
:1036C4000100938525812A8417A50100130545A2CD
:1036D40006C6EF80E12EA28517A501001305C5DDFE
:1036E400EF80012E2945EF80A13183D70162C9CF34
:1036F400979501009385057E17A501001305459F45
:10370400EF80012C83D5016217A501001305C5952F
:10371400EF80012B2945EF80A12E930720FA03D5D2
:1037240001622388F152A388A152935785000D4664
:10373400938501532389F15231369377F50F2A8407
:103744008DCB979501009385E57817A501001305A6
:10375400259AEF80E1269375F40F17A50100130550
:10376400A591EF80E1252244B240294541016F80B3
:1037740021292244B240056603C5C1831306062CE1
:10378400914541016F209166B240224441018280FB
:10379400011122CC06CE26CA93F715002E84638924
:1037A4000712EFF08FE9AA841DE597950100938530
:1037B400256717A501001305A593EF80612017A5C0
:1037C400010013052587EF80A11F2945EF804123C0
:1037D40013441400F9A0035765008567FD177D8F16
:1037E400B306F700FD8E835765007D76F18FD58F84
:1037F4002313F5004DEF979501009385656217A596
:1038040001001305E58EEF80A11B17950100130538
:10381400655AEF80E11A2945EF80811E03D5040023
:10382400EFE0102B03D50400EFF08FE4835765001D
:103834007D777D17F98F2313F500232405002310CA
:103844000500979501009385A55D17A50100130553
:10385400258AEF80E11617A50100130525A9EF803D
:1038640021162945EF80C1191386016181463285ED
:1038740005489305900283570600B1C71397460085
:103884002A975C439394370063CF0402F583858BB6
:10389400639B070383576700F976FD16F58F23139F
:1038A400F7002285F2406244D244056182805C457F
:1038B400DC438297E30E05F083D764000567D98F54
:1038C4002393F40055B785064106E396B6FA09B783
:1038D40093F72500D9C783D70162ADCB9795010033
:1038E4009385056117A5010013058580EF80410DBF
:1038F40083D50162179501001305454DEF80410CF6
:103904002945EF80E10F938701829C4311466C00A7
:1039140003D501623EC6EFF0FF929377F50FAA84B8
:1039240095C7979501009385A55C1795010013052C
:10393400257CEF80E10893F5F40F1795010013053A
:10394400654AEF80E1072945EF80810B096613067C
:103954000690894503C5C183EF20514913442400CF
:1039640089B793F745009DC79795010093854558FE
:10397400179501001305C577EF80810417950100A1
:1039840013054547EF80C1032945EF8061071344C0
:10399400440001BF014431B71C45411106C622C48D
:1039A40005476387E7000947638CE704054505A0DD
:1039B400835505000355450017A701001307078821
:1039C40085460146EF3020712A8411E50145B24055
:1039D40022444101828097950100938525491795DA
:1039E40001001305E570EF70B17DA2851795010004
:1039F40013054578EF70D17C2945EF8061007DB7D0
:103A040003560500035545009307707D0547854619
:103A1400B285EF30806D2A8455D99795010093853E
:103A2400E544179501001305A56CEF707179A28523
:103A3400179501001305C57675BF411122C417956A
:103A440001001305E56A2E84979501009385853C52
:103A540006C6EF70F176A28517950100130505637C
:103A6400EF7011762945EF70B17995476319F40029
:103A74002244B2408545054541016FE05037224458
:103A8400B240054541016FE0B032411122C426C263
:103A94002A84AE8417950100130585659795010066
:103AA4009385853E06C6EF70B17129450588EF7090
:103AB400317529C09546014681452685EF107076FB
:103AC4002A840DC9979501009385053C179501003B
:103AD40013050562EF70D16EA285179501001305D9
:103AE400E578EF70F16D2244B240924429454101DA
:103AF4006F701171B24022449244410182800111DD
:103B04003546979501009385654517A50100130572
:103B140065AB06CE22CC97D0FF1FE780C01401E925
:103B24001795010013058525EF70D17D01A097E756
:103B3400FF1F9387672A3EC4B7F5070085679387FD
:103B440007CB814613860184E10519453EC697D00B
:103B5400FF1FE780809619469385018417F5FF1FA0
:103B64001305052B97D0FF1FE780E0083400138668
:103B74000184979501009385257E1795010013050F
:103B8400257FEF1050452A840DC997950100938530
:103B94002535179501001305A555EF707162A285AF
:103BA400179501001305853CEF7091612945EF706D
:103BB4003165F240624405618280EF70B07E1795F2
:103BC400010013052534EF0090669387016117F710
:103BD400FF1F1307672223A4070023900700C107D0
:103BE400E39BE7FEEF40D073EFE0D01717E5FF1F2C
:103BF4001305C5EBEFE0807B1795010013058531B4
:103C0400EFE010182A84EF10A03EEFA0002EEF0082
:103C1400913EEF208057EF105019EFC03012979566
:103C240001009385E52B179501001305654C09C820
:103C3400EF701159A2851795010013056535ADB7CD
:103C4400EF701158179501001305C536EF705157E1
:103C54002945EF70F15AEFC0C07485472384F1847D
:103C6400EF90201829C5979501009385652717952E
:103C740001001305E547EF70B154179501001305D2
:103C8400E534EF70F1532945EF7091579795010092
:103C9400938505251795010013058545EF7051524D
:103CA4001795010013058536EF70915101B7979769
:103CB40001009387A7590547814601468145179519
:103CC40001001305A559EF10105C2A8461D1979562
:103CD40001009385E5201795010013056541EF70F8
:103CE400314EA285179501001305853075BD41112C
:103CF40017050000130505AA06C622C4EF20315A91
:103D04001384C1832300A40017E5FF1F130545DCBA
:103D1400EF00B00AED33EFE0DFC017050000130534
:103D2400059AEFE03FC4034504002244B24005660F
:103D34001306062C894541016F20510B01113546AC
:103D4400979501009385852117A5010013058587A3
:103D540006CE97D0FF1FE78000F101E91795010017
:103D64001305055EEF70115A01A0EF6061042AC6C5
:103D7400EF00716AEF00B149EF70801DF2403245E7
:103D84000561828041111305800406C697C0FF1F98
:103D9400E780A031371700408327870A8D45130534
:103DA400002093E707202324F70AEFE07F99EFE050
:103DB4003FB417A5010013052502EF70B15417A5F0
:103DC400010013052580EF70F153EFE0BFDEEFE053
:103DD4001FF7AD37293F97C0FF1FE780A06101455A
:103DE4008280B7F7070003C70701A547AE866316AD
:103DF400F7009397450191C301A0AA850146254583
:103E040017C3FF1F6700636B4111B2862E86AA8514
:103E14002D4506C697C0FF1FE780206AB2400145C2
:103E2400410182809307000463E6C7021D71A2CC9E
:103E34002A84080886CE32C6EF70312DB2461008A7
:103E4400A285294597C0FF1FE7802067F640664496
:103E540025618280395582809387C18418429C43AE
:103E640083D645000345070083C5C70003564600B3
:103E74006396A50083D5E700638DD502011106CEB4
:103E84002386A7002397D700B705CF00DC4B938583
:103E9400757D05077D162EC2230001003AC4231642
:103EA400C1002317D10099C30A858297F2400561A6
:103EB400828082806D713C083EC6B707E5002322EC
:103EC40091103EC8AA843C083285232611103ECAAC
:103ED40023248110232021112E89EF20A04A2A8433
:103EE400979501009385854C17950100130545208E
:103EF400EF70112DA285179501001305A558EF70D9
:103F0400312C2945EF70D12FB705CD009385757DF0
:103F14006800EF00702BA2856800EF20403C014749
:103F240081467000CA852685EF00504A15C52A844B
:103F34009795010093858547179501001305451B47
:103F4400EF701128A2851795010013056554EF70D1
:103F540031272945EF70D12A8320C1100324811011
:103F6400832441100329011051618280797122D484
:103F740052CC2E842A8A979501009385A5441795DF
:103F840001001305E51606D626D24AD004424ECEC9
:103F9400328983594600EF70B12203572400830607
:103FA40084000356640083554400179501001305EB
:103FB400A553EF70F1202945EF7091249387C184B4
:103FC4009C4303C7040083C607016398E6000356B5
:103FD400440083D6E700630AD6022388E7008356A9
:103FE40044003707CE001307777D2397D700DC4BB7
:103FF4008504FD193AC22300010026C423163101A9
:104004002317D10099C30A8582974A86A2855285CF
:104014005535B250225492540259F249624A4561CC
:1040240082806D713C083EC0B707E5003EC23C0883
:104034003EC4232611102324811023229110231718
:1040440001002318010023190100231A0100231B76
:10405400010097E7FF1F83D7A7A999E3C167FD175D
:104064002316F10097E7FF1F83D7A7A881EB938757
:10407400C1849C439C43DC4783D7070017E4FF1F9C
:10408400130404A7584C2317F10083574400484BEA
:104094002318F10005ED979501009385A537179531
:1040A40001001305E504EF70B11117950100130524
:1040B400653AEF70F1102945EF7091148320C11017
:1040C40003248110832441105161828097E7FF1FEC
:1040D40083C777A299E7EF20210E5C4C23AA07003F
:1040E400F1BFFD1797E6FF1FA387F6A0035607014C
:1040F400834704014C470A85230BF100EF20401C41
:104104009387C1849C430147814688430A866C0097
:10411400EF00D02BAA8405C9979501009385852FBC
:10412400179501001305C5FCEF709109A685179535
:1041340001001305E532EF70B1082945EF70510C09
:104144005C4CC84B49BF97E7FF1F83C7D79AEDDB89
:104154001044854503C50185EF20414985B74111C8
:1041640022C426C22E84AA84979501009385852CA7
:10417400179501001305C5F706C6EF707104A685EF
:10418400179501001305853DEF7091032945EF70E4
:1041940031075C4CDC4B99CB10442244B24092442E
:1041A40003C50185914541016F204144B240224439
:1041B4009244410182805C4EDC4BA1C7B9C14111DC
:1041C40022C4179501001305A5F22E8497950100CA
:1041D4009385852506C6EF70A17EA28517950100FB
:1041E40013050539EF70C17D2945EF707101224433
:1041F400B24003C5018513064006914541016F2075
:10420400E13E8280411122C417E4FF1F130444904D
:104214001C4C06C689C7DC4399C34C4882975C4C46
:10422400C84BEF1071795C4CB240224423AA0700BA
:10423400410182801387918483470700850793F7A0
:10424400F70F93968701E18663C70600A384F18480
:10425400034507008280A3840184DDBF83574500A2
:10426400638D070C01114AC817E9FF1F1309498818
:1042740052C4032AC90106CE22CC03274A0126CA06
:104284004EC6F15729EB1307D00DFD576365C704DC
:104294002A841305860042054181B284AE89EF1059
:1042A400D176232AAA000325C9015C4995EF979585
:1042B40001009385251417950100130565E3EF703C
:1042C40021701795010013052525EF70616F2945AD
:1042D400EF700173DD57F2406244D2444249B2495F
:1042E400224A3E850561828093874400B705CF004A
:1042F4002319F5009385757D3105EF00E06C0325E6
:10430400C901834564003105EF10707D0325C9019F
:104314002686CE853105EF10B07A7146A2854A858E
:10432400EF70A15E504401CA854503C50185EF20A5
:10433400E12B81474DB7F531EDBFFD573E858280B6
:10434400411122C417D4FF1F1304847A5C4C06C69F
:10435400C84BEF1071665C4C2244B24023AA07009C
:1043640003C50185854541016F20E13E1387C18462
:104374001C43BDCB411126C2BA84D84306C622C40D
:1043840039CF2300B50058C123A4070023A2070096
:1043940097D7FF1F9387C777DC4F2A84DC4B99C3D9
:1043A40029558D3597D7FF1F93878774DC4FDC4BD6
:1043B40091C37937894503C50185EF20C1399145FA
:1043C40003C50185EF2021399C4003A347016308FD
:1043D400030022852244B240924441010283B24048
:1043E400224492444101828082800111328506CEAA
:1043F40022CC26CA2E84EF10F078AA849795010067
:104404009385C5FD17950100130585CEEF70415BBB
:10441400030784000356640083554400A686179559
:1044240001001305A509EF70A1592945EF70415DFD
:1044340097D7FF1F83C7276E639797000145D9332A
:1044440081450A852537F2406244D2440561828061
:104454006D7123248110232611102322911093F7C8
:1044640015002E8489CFEFF0DFBB134514008320A1
:10447400C11003248110832441105161828093F779
:1044840025008DC341468145280897C0FF1FE7805A
:10449400607A2555853B28089305F00FC13D1345E7
:1044A4002400F1B793F745000145F1D33C083EC021
:1044B400B707E5003EC23C083EC423170100231899
:1044C400010023190100231A0100231B010097D7BF
:1044D400FF1F83D7E76399E3C167FD172316F10034
:1044E40097D7FF1F83D7E76281EB9387C1849C43EF
:1044F4009C43DC4783D7070017D7FF1F1307476187
:104504002317F100544F835747002318F100DC4A66
:104514009DE7979501009385A5F217950100130572
:1045240025BDEF70E149179501001305A5F2EF7061
:1045340021492945EF70C14C134544000DBF97D75D
:10454400FF1F83C7575D2555B5C7FD1717D6FF1F36
:10455400A303F65C03D6060183470701CC460A850C
:10456400230BF100EF10D0559387C1849C4317D7D8
:10457400FF1F1307E75997A60100938626A28843D5
:104584000A866C00A125AA8445D9979501009385D4
:1045940025EB179501001305A5B5EF706142A685BB
:1045A400179501001305C5EBEF7081412945EF70A4
:1045B40021452685EFF01FC541B75C4D411106C664
:1045C40088C3170500001305E5E823A6F184EF204E
:1045D400014DB2402388A184014541018280EFD27C
:1045E4006FC62A8408452E89B28909C900C1970576
:1045F40000009385C5736105EF00C13281447D5A83
:10460400EF10E00363C3A4048144EF10400463C6C5
:10461400A404970700209387E78C9C43DC47B307E7
:10462400F94091872302F400638109048327C900B8
:10463400B307F4409587A302F4001C4C89C79C4738
:1046440099C3228582976FD02FC35C4413971400BB
:104654008504BA972390470165B71C481397140043
:104664008504BA97239007004DB78327890005472F
:10467400B307F4409587A302F40083570400638EC4
:10468400E7028DC309476384E7040D47E397E7FA1C
:10469400979701009387C7411CCC97970100938794
:1046A400274211A897970100938707081CCC979776
:1046B4000100938767085CC849B7979701009387FF
:1046C400A7F31CCC97970100938707F4EDB797974E
:1046D40001009387A7421CCC979701009387074357
:1046E400D9BF85E1EFD2AFB70046184483479400A1
:1046F40075839D8B6315F700EF00B01948C46FD024
:104704004FB88280EFD20FB413893500C1644209D7
:104714004111AA890144F11413590901054A2EC60D
:10472400EF00F071B2456346A400014541016FD02A
:10473400AFB483A7090013171400BA9783D70700EF
:104744006388B7006394970063742A010504C1BFAA
:104754000545E9BFEFD22FAEAA892E89328BB684E4
:104764003A8ABE8AEF80E0674DC12685EF1030316A
:104774008D4763E5A7007D556FD06FAF83DB4400A1
:10478400EF00F0712A84EF00D07293077400314473
:104794003305850263C5A702EF007070EF00307027
:1047A4002A84EF00107193077400314433058502A5
:1047B40063CDA702EF00B06E9307450019A8EF0080
:1047C400506F330585021307F0179307C017E3579B
:1047D400A7FC2D55E3C277FB63000B02D6865286F5
:1047E400A6854A85EFF0A01541BFEF00906C330514
:1047F40085029307C5FFF1BF832749001385C900CC
:1048040083D52700013779F9BDB76955B5B797F74F
:10481400FF1F239BA76C97F7FF1F9387A76C9043F9
:1048240081470C463307F500420741836393B70081
:1048340082805446139847008507C2962390E60069
:10484400D5B797F7FF1F9387E7699C4303C5870094
:10485400828017F5FF1F035525698280EFD22FA0B0
:10486400C1671387D7FF6307E5026368A700F117E1
:10487400630EF50001456FD0CFA01387E7FF630EE9
:10488400E500FD171D8D13351500F5B7EF40C06128
:104894007D15D5BFEF40403FE5BFEF40A03DCDBF04
:1048A400EFD2EF9B4111AA8401442EC6EF00305A87
:1048B400B2456346A400014541016FD08F9C9C48DA
:1048C400131514003E9583570500E387B7FE0504CE
:1048D400E9BF03485500814693F7F60F63E50701E6
:1048E40081473E858280584593975600BA9703D7EF
:1048F40027006316B70003D70700E304C7FE850645
:10490400E1BF8346450001479377F70F63E4D7007F
:10491400814711A81C45131657000507B29703D603
:104924000700E313B6FE3E858280EFD2AF91931762
:104934000501C18797FAFF1F938ACA5A6353F00887
:1049440083A70A00C0479C4703570400198D4205FA
:1049540041816366F500014422856FD0EF91120511
:104964002A94DDBFDC4713944900014A3E948347EF
:1049740044006341FA02014A834754006346FA0241
:104984008509C20993D9090183A70A009847E3EB73
:10499400E9FCD1B71C4413195A00A6853E994A85EF
:1049A400013709ED050AE1B75C4413195A00A685DD
:1049B4003E994A85F53519E1050A7DBFE30209FCF4
:1049C40061BFAA848149C9B7EFD26F891C452A8483
:1049D40081E79307C5001CC51C44231204001CC0B6
:1049E4009307F00F63E9B70093F5F50F2285EF10F5
:1049F400100F6FD00F8993940501C167C18063F7CD
:104A0400F500A6852285EF103011E5B7C18193F535
:104A1400F50F2285EF10B00CA6852285EF10700DDE
:104A2400C9BF97F7FF1F9387E74B884382801C45D4
:104A340099C797F7FF1F23A7A74A014582807D5591
:104A4400828097F7FF1F9387E74998438347450080
:104A5400484792073E958280EFD26F80617100458E
:104A64001C183EC6B70780013EC81C183ECA8357AF
:104A7400440002CE02D002CC231EF10083478400FE
:104A84002A8902D22301F1023C083ED402D6553FC2
:104A9400835705002316F102EF4080102307A1027B
:104AA4005C4003556400F18313F717008347F10258
:104AB40052055181F99BD98FA307F102EFE0905978
:104AC40039C5AA8403550500EF80803283D70400DA
:104AD4002AD26800231CF10083D72400231DF1008F
:104AE4001C4803D647008C43EF10807D8347B400F5
:104AF400CA86179601001306A6A98117A305F40018
:104B04006C004810EFE0B0635D616FC09FF7215502
:104B1400E5BF1C45B1CF03C5A700894613576500FF
:104B2400630BD7028D46630ED70285466300D70216
:104B3400130740063305E50203C7B700418B15CBC5
:104B440083C7B700BD8B3355F54082801375F503D9
:104B54001307803EC5B709671375F503130707717B
:104B6400D1BF372709001375F5031307077CD9B79D
:104B740001458280EFC2BFEE03A9850063040904E6
:104B84008347B900AE8493F7070E91CF034599008C
:104B9400930520030D810505B305B502884461051D
:104BA400EFF0306405A02E85AD372A8401CDD521E0
:104BB4008325C900B307B54063F887002E94B30575
:104BC400A440E9FD6FC0FFEB8545C9BFEFC23FE9D3
:104BD4002A8403D50500011132C636C43AC22EC058
:104BE40002CA02CC02CEEF80A02082452ACA2285C6
:104BF4002ECC813D03570500231EE100EF30507A8F
:104C0400A24632469247230FA10036874C08B2864B
:104C140022850146EFF01FB405616FC09FE6EFC225
:104C24001FE461711C183EC6B70780013EC81C18FA
:104C34003ECA3C0800453ED4AA8402CC02CE02D02F
:104C440002D202D6FD3B8357050035592316F102E3
:104C5400EF3010752307A10209C48357440091E77C
:104C640021594A855D616FC0DFE103556400520537
:104C74005181EFE0303E2A8965D58347B40093F72C
:104C8400070E89C713058401EFF03057835744009A
:104C9400231EF100834784002301F1025C40035585
:104CA4000900D98313F7070883471102231CA100C5
:104CB40093F7F707D98FA300F10283572900231D27
:104CC400F1005C40F18313F717008347F102F99B6D
:104CD400D98FA307F102EF80A0112AD251D18347C3
:104CE40094006800139757008347B400FD8BD98F55
:104CF400A305F4001C4803D647008C43EF10405C26
:104D0400A687179701001307A788740005464C105F
:104D14002685EFF03FA42A8929D58347B400A685C8
:104D2400FD8BA305F400B9352DBFEFC25FD38324F7
:104D340085FE2A8441112685EFF0BFDD834734FFC9
:104D440093F7070E9DC32AC62685EFF0FFD019C935
:104D5400834734FFB245FD8BA309F4FE81C5228548
:104D6400EFF0304841016FC0DFD16DDD8327C4FF10
:104D74002685829765F9834734FF93F7070E81C729
:104D84002285EFF09047032584FE513DE1BFEFC239
:104D94001FCA9C4141112A8903C7070089472E84F1
:104DA40093566700638CF6020D466382C60493072C
:104DB400F0076302F7022E85EF10C05CAA848149D4
:104DC400C16B130C490097F7FF1F9387A7119C43EE
:104DD400984763ECE90241016FC03FC903D745001E
:104DE4008547E3FAE7FE2E85EF10A05DC1BF03D728
:104DF4004500E3F2E7FE2E85EF10C058AA84228511
:104E0400EF10A059C204C98C5DBFDC470355A9004B
:104E1400139A49003E9A93170501C187635DF00018
:104E240083570A006395A70263E574038327CA00C6
:104E3400034D5A001DA0A1672167A98F1307F7EF3F
:104E4400E374F7FE63950900EFF05FA171FD850936
:104E54009DBF83278A00034D4A00835DA900035741
:104E64006900216A138BC7003AC6814A33CA4D01CF
:104E7400631E5D0197F7FF1F938747079C43E1DBA0
:104E8400A2866286814526858297D1B7A1679387DA
:104E9400F7EF930C4BFF63F04703B2455A85EFF0ED
:104EA4007F8619CD03278B00104719CA10436380EE
:104EB400C4023107D5BFEE856685EFF07F9E71FD94
:104EC40093861A0093FAF60F130B0B0255B7835609
:104ED40044005C43E3EDF6F622853AC6EF108039D0
:104EE400A1679387D7042A8A035D4400324763E8A5
:104EF40097008347D90093E707F8A306F9001C47F6
:104F040066852286E2858297C1670844FD17337A55
:104F1400FA00529508C02312A40115BF97F7FF1F8A
:104F2400938747FC9843814715C31447814763FF20
:104F3400D500939745004C47BE9519C903C7550042
:104F440081476375E600DC451606B2973E8582808C
:104F540003C745008147E37BE6FE16069C45F5B78B
:104F6400EFC25FAEAA892E8A814497FAFF1F938A03
:104F74006AF783A70A00984763E4E4006FC0DFAFD1
:104F8400DC471394440001493E9413BB1400834747
:104F94004400634BF900014913BB140083475400D8
:104FA400634FF9008504F1B70844931759005287F9
:104FB400DA860146A2853E9582990509C9BF48440F
:104FC400931759005287DA860546A2853E95829941
:104FD4000509E9B7EFC2BFA8814517F5FFFF13051F
:104FE400456097F7FF1F239107F09D3F6FC07FA98E
:104FF40097F7FF1F938707EF9C4399CBEFC23FA618
:10500400814517F5FFFF1305C55D993F6FC07FA765
:105014008280EFC23FA341112315E1002E89B2849F
:10502400B6893A8681460147ED452A84EF2021104E
:105034002AC61DCD0356A100CE85EF60110DCA8589
:105044002285EF202123058915C1228501462C00E4
:1050540023149100EF2001392A8409C5ED45280065
:10506400EF20411B228541016FC01FA14944FDB7B8
:105074006554CDBF5C41FD175CC18280EFC23F9E89
:10508400EF10214A95473305F50281450D816FC024
:105094005F9FEFC2DF9CEF10C14895473305F502CF
:1050A4000D816FC01F9EEFC29F9B03550500EF103B
:1050B40051646FC01F9DEFC29F9A0355050032874C
:1050C400AE8617D6FF1F035686AB97F5FF1F938551
:1050D40025E281376FC0FF9AEFC27F98EF50D1521B
:1050E4006FC03F9AEFC2BF9797F5FF1F938545E0C6
:1050F400EF20213601456FC0DF98EFC25F968145EE
:1051040017D5FF1F0355A5A3EF20E1206FC07F979C
:10511400EFC2FF9497F5FF1F938585DEEF2061337F
:1051240001456FC01F96EFC29F93814517D5FF1F9E
:105134000355E5A6EF20211E6FC0BF94EFC23F9236
:105144002E85EF604079EF60902E6FC09F93EFC281
:105154001F91EF6070386FC0DF925C49E1175CC942
:105164005CC583572501A1072319F5008357050161
:10517400A1072318F5008280F1473305F50297F75C
:10518400FF1F9387E7D99C433E9582808D47631721
:10519400F60603D74600854763F2E706EFC23F8C65
:1051A400368536842E89EF10E01D39C183574400BB
:1051B40093140501C18063ED97022285EF10801CD2
:1051C400FD14231294009307A002630EF5009307C5
:1051D400B0026301F50293079002631BF500228578
:1051E400EFD0E02431A00146CA852285EF8000304B
:1051F4006FC03F892285EF00D059DDBF828097F6CA
:10520400FF1F938626D29C42014599CF9843D442EE
:1052140017F6FF1F2328E6D06396D70097F6FF1FE3
:1052240023A4E6D01385C7FE8280EFC25F83C12624
:105234007144330585029145EF70700301E56555AE
:105244006FC03F8497F7FF1F23AAA7CC4D263305D1
:1052540085029145EF70B0017DD197F7FF1F23A11F
:10526400A7CC712697F7FF1F2394A7CA492697F75F
:10527400FF1F2390A7CA978701009387A73617F7C4
:10528400FF1F232BF7C897070000938747ED17F7F5
:10529400FF1F2321F7C8014565B7EFC24FFCAA855C
:1052A40017F5FF1F1305C5C6EF10A0216FC06FFDD2
:1052B400EFC2EFFADD37EF10402297F7FF1F938715
:1052C40067C69C4381CF1387C7FE09CB83D5C7FF2D
:1052D40017F5FF1F130585C5EFF0A0706FC06FFAB7
:1052E400EFC2EFF7EFF0BFF111C9834785002A84BD
:1052F40093F7070491E70355E5005D3F6FC06FF82E
:105304008347C5009304450117F9FF1F130989C199
:1053140085E3832709005CC997F7FF1F23A497C07F
:1053240083274900E1FF97F7FF1F23AF97BEF9B723
:10533400FD172306F5006105EF60901F83078400C5
:1053440063C907048347840093E707F82304F40040
:10535400EF1001164205A94741813375F5028347D1
:10536400840093F707FCC98F2304F4008347D40017
:105374003E951C402318A40089CF984319CB83473A
:10538400C4005040814585073305F502420541813B
:105394000297832709005CC897F7FF1F23A497B8D7
:1053A4008327490089E797F7FF1F23AF97B6834701
:1053B400C400A9D78355040117F5FF1F130505B7CA
:1053C400EFF0206225BFEFC28FE997F7FF1F9387A5
:1053D40027DB9C4701448583858B81EFAE84B285AE
:1053E4003A86EF10E0142A8409C5EF10E00B82948A
:1053F40008CC22856FC0EFE8EFC2CFE441112E89BB
:1054040032C6AA89692C324713060502CA86970553
:1054140000009385A5D617F5FF1F130565AF653703
:105424002A8429CD9304C5004D261946AA852685CC
:10543400EF00106985452685EF00F06517850100AA
:10544400130505184E95834505002685EF00306940
:105454005C4831468145A1075CC85CC4835724017C
:10546400E1172319F40083570401E1172318F4000A
:105474001C4C3E85EFC0AFE1A30425012285410108
:105484006FC08FDFEFC2AFDD4111AA842EC632C4D4
:10549400EF10E003004DB2452246834784000CC060
:1054A40050C093F7F70393E707042304F400231889
:1054B40004002685EF00507F83479400A9462317F4
:1054C400A40013D7370005073307D7029D8B850740
:1054D4002306F400A306E40083C70401D848850723
:1054E400230FF7FE17F7FF1F1307C7A35843232AF9
:1054F4000400930744011DEB17F7FF1F2326F7A2AF
:1055040017F7FF1F2320F7A217F4FF1F130404A2A9
:105514002285EFF0C0421C44858B5D8D09E58145F1
:105524002285EFF0004C41016FC0AFD51CC317F7C3
:10553400FF1F232BF79EC9BFEFC26FD29705000050
:10554400938505C50145EFF07FBF01456FC06FD35B
:10555400EFC2EFD0EFF0BFBF6FC0AFD28347C5003B
:10556400A1E7EFC2CFCF2A840355E500EFF0FFD2C5
:1055740015C98347840093F7F7FB2304F4001C4008
:1055840091C7DC4381C74C4001458297EFF03FC788
:1055940017F5FF1F13058599EFF020460355E40026
:1055A400EFF01FD16FC0EFCD8280EFC24FCB97F7E2
:1055B400FF1F93872797970500009385A5D217F5BA
:1055C400FF1F1305A59623A0070023A20700EFF0F1
:1055D40060356FC00FCB1C4D91CBDC4381CBEFC248
:1055E4000FC88345070082976FC0AFC9828097F7C1
:1055F400FF1F9387E7959C4303C50700828097F7B5
:10560400FF1F9387E7949C4303C51700828097F795
:10561400FF1F9387E7939C4303C52700828097F776
:10562400FF1F9387E7929C4303C54700828097F747
:10563400FF1F9387E7919C4303C53700828097F748
:10564400FF1F9387E7909C4303C55700828097F719
:10565400FF1F9387E78F9C4303C56700828097F7FA
:10566400FF1F9387E78E9C4303C57700828097F7DB
:10567400FF1F9387E78D9C4303C58700828097F7BC
:10568400FF1F9387E78C9C4303C59700828097F79D
:10569400FF1F9387E78B9C4303C5A700828097F77E
:1056A400FF1F9387E78A9C4303C5B70011E11D459B
:1056B400828097F7FF1F9387A7899C4303C5C70080
:1056C400828097F7FF1F9387A7889C4303C5D70061
:1056D400828097F7FF1F9387A7879C4303C5E70042
:1056E400828097F7FF1F9387A7869C4303D5070102
:1056F400828097F7FF1F9387A7859C4303C52701E3
:10570400828097F7FF1F9387A7849C4303D54701A3
:10571400828097F7FF1F9387A7839C4303D5670174
:10572400828097F7FF1F9387A7829C4303D5870145
:10573400828097F7FF1F9387A7819C4303C5A70126
:10574400828097F7FF1F9387A7809C4303C5B70107
:10575400828097E7FF1F9387A77F9C4303C5C701F8
:10576400828097E7FF1F9387A77E9C4303C5D701D9
:10577400828097E7FF1F9387A77D9C438857828089
:1057840097E7FF1F9387C77C9C4303D5C70282809A
:1057940097E7FF1F9387C77B9C4303D5E70282806B
:1057A40097E7FF1F9387C77A9C4303C5070382804B
:1057B40097E7FF1F9387C7799C43C85B828097E76D
:1057C400FF1F938767788843828097E7FF1F93873B
:1057D400E7778843828019E17D558280F5DE98421F
:1057E40065DFFDD917F7FF1F130787991847AA87A5
:1057F4007155058B6316072203C507001547E37D22
:10580400A7FC03C737001305F0057D171377F70FBF
:10581400E364E5FC03C35700E30003FC83C86700AB
:10582400E38C08FA03C77700494579171377F70F14
:10583400E364E5FA03C7A70011481305F7FF1375DE
:10584400F50FE36BA8F803CE97000D481305FEFF90
:105854001375F50FE362A8F803C8B70063090800DD
:1058640065181378F80F1305600DE36705F703C592
:10587400C700794879151375F50FE36FA8F403C8C9
:10588400D7000D457D181378F80FE36705F503D8A5
:105894000701930E40175118420813580801E3ED0D
:1058A4000EF303C8E7007D181378F80FE36605F3D9
:1058B40003C827017D181378F80FE36F05F103C8B7
:1058C4008700C54E75181378F80FE3E70EF103D877
:1058D4006701856E938EBEE06D1842081358080167
:1058E400E3EC0EEF03D847016D1842081358080182
:1058F400E3E40EEF03D8870179184208135808012E
:10590400E36C05ED03C8A7017D181378F80FE36570
:1059140005ED03C5B7011D487D151375F50FE36D3E
:10592400A8EA03C5D701714879151375F50FE36526
:10593400A8EA03D5E7011308E00F7D15420541816C
:10594400E36CA8E803C50702494879151375F50FF8
:10595400E364A8E883AE470237C534001308F5BFF3
:10596400E36CD8E703A88702130555BF5918E3650C
:1059740005E717E5FF1F232BC55C03C6050117E5E3
:10598400FF1F2327F55C0545E378C5E403D825010B
:10599400D04933760603E31106E403C61501E30D8B
:1059A40006E217E6FF1F2321B65A83C527000146E6
:1059B4006387A50003C61700F1453306B60283C703
:1059C40007039305C00272971A071307C705160346
:1059D4001A9796084697B387B70241553E97329770
:1059E40042074183636EE802EFC26F873685EF702A
:1059F4002012EFD0F05A2A84EF80503F2A94EFC04F
:105A0400D05E2A94EF70A0292A94EFF01F822A9482
:105A1400EF30800E2A94EF50300F22956FC06F86BE
:105A2400828097E7FF1F9387A7759C47858B99E72B
:105A34007D5582807D5541016FC0AF84EFC22F82B6
:105A440041112A842E8536C632C42EC2EF70403AE4
:105A540075D1B246224692452285EFC0F025E1BFBA
:105A6400EFB2FFFF4111A307A100EF80403C930573
:105A7400F10017050000130545B6EFF06FCE0145A0
:105A840041016FC00F80EFB21FFB17E4FF1F130427
:105A9400246F0328840079599368180097E4FF1F42
:105AA40023A4146F13781800631E0800BA84BE89F7
:105AB400368B328A2E89AA8AEFE0BFD87D152695C7
:105AC40009E531594A856FB09FFAEFE09FD77D15FC
:105AD4002695A167E357F5FE97F7FF1F938747A124
:105AE40098433E8C814B11C70145EFC01074933B22
:105AF40015004A85DA865686D285EF7030552A8994
:105B040011CD1C44F99B17E7FF1F232FF76683274A
:105B14000C00CDDBE3880BFA82976DB7268597E7F7
:105B2400FF1F23A10766EFE09FCE4146CE8517E510
:105B3400FF1F1305656EEF50515DEFA0702D032517
:105B4400040BEFA0702F0545EFA070350545EFF06D
:105B54003FF18DBF97E7FF1F938787629C47858B33
:105B6400D5C7EFB2DFEF17E5FF1F1305256997E7E8
:105B7400FF1F23A7076097E7FF1F23A5076097E789
:105B8400FF1F23A30760EFE05067EF406029EFE0B9
:105B9400F03EEFE0704397E7FF1F9387E75C9C4379
:105BA40081C70545EF60305297E7FF1F938787450C
:105BB4009C4389C741657D15EF50B010EFC0D06F8D
:105BC400EFA0F02597E7FF1F938787709C431397F7
:105BD400170163540700EFC0406897E7FF1F23AD28
:105BE400076297E7FF1F23AB076297E7FF1F23A90D
:105BF400076297E7FF1F23A70762EFF07F959D23B6
:105C0400EFF04FBDEFC070146FB0BFE78280EFB20A
:105C14007FE32A849304140201112E85B289A68598
:105C2400214636C63A89EF50F14B1DE1B246380899
:105C34002686CE8513059404EF40206A21462C085D
:105C44004A85EF50314A1335150005616FB0DFE224
:105C54000145E5BFEFB2BFE09305450617E5FF1F19
:105C64001305452FEFE0F0576FB0BFE1EFB23FDF10
:105C740041112EC6EFF0EFC1B24588C141016FB0AA
:105C84005FE0EFB23FDCAA842E84EF708018AA890B
:105C940085452285A92583C7E4011389940899E3DE
:105CA40013890403CE8522851D2D214693051902EF
:105CB4002285392597E7FF1F9387874C8C432285DC
:105CC400EF0060682146938584022285D52B6FB04E
:105CD400BFDAEFB25FD63971EFC060749305400646
:105CE40045EDEF700010630E051097E7FF1F83C7A3
:105CF400272813B7170097E6FF1F238BE6260144D6
:105D040089CFC16417E9FF1F130989479309400E1E
:105D1400FD14EFF0DF966348A408EFF08FB74169F4
:105D2400B7290900096AFD7A2A8B81447D19938970
:105D3400F97B130A0A71938A8AC7EFF05F9463D5DB
:105D4400A4041304400EB387840217E7FF1F13074C
:105D540027430324070B3E948357C4016386270912
:105D640018403307EB4063EAE900834744008507A2
:105D7400B3874703D6976369F7060146814509450A
:105D8400EFF08FE7AA8B29E1EF3020038547631FEB
:105D9400F50489659385057117E5FF1F1305851BB8
:105DA400EFE03044A1A8B30734030327090BBA97E3
:105DB40003D7C7016308970003C75700A3820700EE
:105DC4002382E7000504B1B79305C5002285EFF0EF
:105DD4005FEB5E852286977501009385A57FEFF0C2
:105DE4006FEA5E85EF00606F850481BF97E7FF1F50
:105DF400938707399C478D83858BC1FF21616FB0E1
:105E04001FC701468545094502D002D202D402D6F5
:105E1400EFF08FDEAA847DD1EFC0A05F1389C400A8
:105E24002A8481454A8565290C4041464A85492989
:105E340083294400638809084E8502D802DA02DC0B
:105E440002DEEF50F14C2ACE141005462C08081837
:105E54004ECCEF4020401375F50F2DE5835584009B
:105E640093E525004A854D2911460C104A85892958
:105E7400014697750100938565762685EFF08FE0DE
:105E84002685EF0080655C40B5DB014685450D4500
:105E9400EFF08FD6AA843DD148401389C400EF5057
:105EA40031472AC64A85E12E3246636AC5004C4012
:105EB4004A853921014681452685EFF0AFDC2685E8
:105EC400292D2DBF8355840071BFEFB25FB997E7C9
:105ED400FF1F9387E72A9C4719CD93E7870017E5AF
:105EE400FF1F1305250717E7FF1F232FF728EFE0F0
:105EF400F02D6FB01FB9DD9B17E7FF1F2326F7288E
:105F0400EF20B06B7DF517E5FF1F1305A504EFE047
:105F1400D02EC5B7EFB23FB24169AA892E8AB28AA0
:105F2400368BBA8B814417ECFF1F130C6C25930C32
:105F3400400E7D19EFF0AFF463C4A40001442DA01A
:105F44003384940383270C0B3E948357C4016380EA
:105F540027055A87D6865286CE8513050403EFF0AB
:105F64001FCB11C523800B0022856FB05FB0834720
:105F7400F40191CF5A87D6865286CE8513059408AC
:105F8400EFF0FFC809C585472380FB00F1BF8504F6
:105F940055B783574500638D0716EFB2BFAA0111A9
:105FA4002A84CD2619C58547630AF50405616FB0B7
:105FB400BFACEFC0C0467DF9835744004947ED9B11
:105FC400E396E7FEC1452285612CAA842285D52E5D
:105FD4000357440002CE91472A896317F7002285AC
:105FE40019293C082ACC3ECEEFC0A0425C55DDDF27
:105FF40074084A86A685054582974DBF0357440019
:10600400D147E3F5E7FA032A0400C169014997EA95
:10601400FF1F938AEA16130B400EFD19EFF02FE6CB
:106024006344A90C2285032A0400A92EA1452A89C8
:1060340022853D24AA8422857D2E14402A86AA899D
:1060440078082685CA85EFF0FFECAA8425D103C71A
:10605400F40189476315F7008347C101A1DB554665
:10606400D28513856400EF50510A0145EF60505802
:1060740001C583D7C401B1EB97E7FF1F938747108E
:106084009C4793551900858913D73700058B11CB8D
:106094008983858B6397B70001452EC6EFF0FFE235
:1060A400B2454E85EF60B05C0346C1012A84937506
:1060B40019002685EF70F05031C92685EF60B0577E
:1060C400268511C00145EF700002EF20104F85476F
:1060D400E31EF5EC83C754001307F00FE388E7ECE5
:1060E4008507A382F400D9B5B304690383A70A0B17
:1060F400BE9483D7C401638937015546D28513857D
:106104006400EF50217E71D1050909BF5DDC5DBFDC
:106114008280EFB23F93EF60D04C11CDC164014453
:1061240017E9FF1F1309C9059309400EFD14EFF089
:106134000FD5634AA40017E5FF1F1305A5E1EFE09F
:10614400F0086FB07F93330534038327090B3E9522
:106154008357C5016386970023120500EF60B04D95
:106164000504F1B797E7FF1F938787019C478D8349
:10617400858B99EBEFB2BF8E17E5FF1F130585DD05
:10618400EFE0B0076FB0FF8F8280EFB25F8D9705AD
:106194000000938545B417E5FF1F1305A5DBEFE069
:1061A40060786FB01F8E83C7F5FF2E858507A38F98
:1061B400F5FE828083C7F5FFFD1793F7F70FA38FD2
:1061C400F5FE89EBEFB2BF891385F5FFEFF0D07EC2
:1061D4006FB03F8B8280EFB29F88884105054205EE
:1061E4004181EF00810209C585472300F5000505BB
:1061F4006FB03F891C41035745008D8FBA951CC170
:106204002312B5003E85828093D78500A2051441F0
:10621400DD8D835745001387E6FF18C189072312D4
:10622400F50013D685004111238FB6FEA38FC6FE59
:106234004101828018419307F7FF1CC18357450031
:1062440085072312F500A30FB7FE8280835745000C
:106254008D8F2312F5001C41BE950CC12E858280C2
:10626400AA8703D7470008410D8FAA952392E70018
:106274008CC38280184108453305A7408280835728
:106284004500035765001D8F1C4108453385A74011
:106294003305A7408280EFB28FFC41112EC62A84B9
:1062A400EFF0FFFDB2456373B50001A083574400CE
:1062B4000840BE952312B4003E9541016FB06FFCB7
:1062C400EFB2EFF941112E84B28532C6EFF0BFFC74
:1062D4003246A285EF50616341016FB08FFAEFB28D
:1062E4000FF82E848545EFF01FFB230085006FB067
:1062F4004FF9EFB2CFF641112317B1008945EFF002
:106304009FF98347E1002300F5008347F100A300D0
:10631400F50041016FB0EFF6EFB26FF493D785004B
:10632400A2054111DD8D2317B1008945EFF0BFF6B9
:106334008347E1002300F5008347F100A300F50043
:1063440041016FB00FF4EFB28FF11397850193D72A
:106354008501C166938606F0D98F13D78500758FA2
:10636400D98FA2053707FF00F98D4111DD8D2EC6A7
:106374009145EFF05FF26C001146EF500159410175
:106384006FB02FF0EFB2AFED1C41854503C4070099
:10639400EFF0DFEB22856FB0CFEEEFB24FEC1C4194
:1063A4004111894503C7070083C717002307E1008C
:1063B400A307F100EFF09FE90355E10041016FB03D
:1063C4004FECEFB2CFE91C414111894503C70700E7
:1063D40083C717002307E100A307F100EFF01FE7CD
:1063E4008357E100410113D58700A2075D8D420563
:1063F40041816FB00FE9EFB28FE60C4141112A845D
:1064040011466800EF50615091452285EFF01FE47A
:10641400B247C166938606F01397870113D58701A7
:10642400598D13D78700758F598DA2073707FF0041
:10643400F98F5D8D41016FB0CFE41C45BE950CC151
:106444008280AE87944391E6584101EF0CC15CC150
:10645400828003C7570013671700A382E700B6873B
:10646400D5B70CC3EDB7AA87084119CD1841D44359
:1064740098C36313D500D8C32A870346570093767D
:10648400160081E6232007008280944381CA8C424F
:1064940003A847008CC363930601CCC3799A14C341
:1064A400A302C7003687D1BF1C45DC471D8DB777D3
:1064B400DBB6938777DB09853305F5024205418115
:1064C4008280F147B385F50248452E958280834743
:1064D400450085072302F5008280EFB24FD82A8455
:1064E40019E06FB00FDA83474400E5DFFD1793F737
:1064F400F70F2302F400F5F71C4403D72700050720
:106504002391E700DC4399C3228582974C4889CDC7
:1065140083475400898B99E71C4422859C479C43FC
:106524009C478297232A04000040232004004DBF87
:10653400EFB2EFD28357250041112EC691E70144F3
:10654400228541016FB0EFD3035705008147F1461F
:10655400E307F7FEB385D702404585072E948345AC
:10656400440008C4F5F5B247AA8481E7232A04004D
:1065740009A81C456C0022859C439C43829748C80B
:106584005DDD85472312F400B2472320040023185D
:1065940004002319F4005C485CC483D72400FD176D
:1065A4002391F40071BF97E7FF1F9387A79C9C4337
:1065B4007D5799C7D447715781E688C7CCC701472F
:1065C4003A858280EFB2AFC997E7FF1F9387879A16
:1065D400884323260500232405004105EFE0E0411C
:1065E4006FB02FCAEFB2AFC717E4FF1F130484982C
:1065F4001C40411189CF9C472300B5002AC65CC1C9
:10660400EFF05FFC1C40DC4399C3324582974101A3
:106614006FB02FC7034745001DEB584DAA877D5522
:106624000DCBEFB2CFC31CC3DC4797E6FF1F23A3F8
:10663400E694F156130507012390D700970500004F
:1066440093858501EFE0002E01456FB08FC37D5522
:1066540082808280EFB2AFC001116146814528007B
:10666400EFB0EFC297E7FF1F9387C7909C432800C2
:106674009305F00FDC473EC6EFF0DFF605616FB01F
:106684004FC0EFB2CFBD97E7FF1F9387A78E884314
:1066940097B7FF1F938707568C434105EFE060349B
:1066A4006FB02FBEEFB20FBA3971BE841C183ECC46
:1066B400B7070E003ECE1C183ED0F5572317010233
:1066C4002313F102FD57231501022316010223129D
:1066D400A1022314B1022307F102328AB6893A894E
:1066E4002164631708061304F403A1659385E50385
:1066F4002285EFF05FEB31E9A2852808EFE0CFAC0B
:10670400D2852808EFF0FFBECE852808EFF07FBEC3
:1067140041677D176386E400A6852808EFF07FBDF6
:10672400CA852808EFF0FFBC97E7FF1F938787848B
:106734009C4301478146884330084C10EFE00FC961
:1067440019C92AC6EFF01FE8324521616FB0CFB2F4
:106754001304D40359BFEFF0DFF2C5BFEFB28FAE1D
:106764005D71BE845C183ECEB7071C003ED05C1839
:106774003ED22314B102F557A16523190102231552
:10678400F102FD05FD57AA8A368ABA8942894684F0
:1067940023170102231801022316C1022309F1025F
:1067A400EFF07FE021EDD6856808EFE0EFA1D28518
:1067B4006808EFF01FB4B1C44146A6856808EFF03D
:1067C4003FB0C167FD176306F400A2856808EFF0C7
:1067D4005FB2CA856808EFF0DFB197D7FF1F9387D0
:1067E40067799C4301478146884370082C10EFE089
:1067F400EFBD09CD2AC6EFF0FFDC324561616FB011
:10680400AFA7CE856808EFF0DFAE65BFEFF07FE796
:10681400F5B7EFB22FA339713E843C103EC8B707D9
:1068240018003ECA3C103ECC2310B102F557A165B6
:1068340023130102231EA100231FF1008D05FD5720
:106844003285B2843689BA892311010223120102E6
:106854002303F102EFF03FD529E1A6850808EFE014
:10686400AF964E86CA850808EF20B07D11C4414614
:10687400A2850808EFF0DFA497D7FF1F9387876FDF
:106884009C4301478146884310086C08EFE00FB42D
:1068940001C92AC6EFF01FD3324521616FB0CF9DE5
:1068A400EFF03FDEDDBF97D7FF1F9387A76C9C43B4
:1068B400D847A1679387C7026312F70A397106DEC6
:1068C40022DC26DA80004AD84ED652D456D23285FB
:1068D400B284EFF03FABAA892685EFF01FAC2318F2
:1068E400A4FC2685EFF07FAB2319A4FC2685EFF0EA
:1068F400DFAA83D744000A8A231AA4FC858393F76A
:10690400F70F230EF4FC8607BD0793F7073F330107
:10691400F1408A8A01498347C4FD6365F902CE8543
:10692400130584FC232C54FDEFF0DFCB52811301BB
:1069340004FCF2506254D2544259B259225A925A27
:10694400216182802685EFF05FA593171900D69701
:1069540005092390A7001379F90F75BF828097D793
:10696400FF1F938727619C43D847A1679387A7029A
:106974006310F70A397106DE22DC26DA80004AD871
:106984004ED652D456D23285B284EFF0BF9FAA8934
:106994002685EFF09FA0FD572318A4FC2685231914
:1069A400F4FCEFF09F9F83D744000A8A231AA4FCC7
:1069B400858393F7F70F230EF4FC8607BD0793F73F
:1069C400073F3301F1408A8A01498347C4FD636567
:1069D400F902CE85130584FC232C54FDEFF09FC0EF
:1069E4005281130104FCF2506254D2544259B259F8
:1069F400225A925A216182802685EFF01F9A9317BA
:106A04001900D69705092390A7001379F90F75BFCC
:106A1400828097D7FF1F9387E7559C43D847A16788
:106A240089076318F708397106DE22DC26DA80004C
:106A34004AD84ED652D456D232853289EFF09F943A
:106A4400AA894A85EFF07F95835749000A8A23185B
:106A5400A4FC858393F7F70F230CF4FC8607BD078A
:106A640093F7073F3301F1408A8A8144834784FDC9
:106A740063E5F402CE85130584FC232A54FDEFF06C
:106A84007FB65281130104FCF2506254D25442592D
:106A9400B259225A925A216182804A85EFF0FF8FBF
:106AA40093971400D69785042390A70093F4F40FCA
:106AB40075BF828097D7FF1F9387C74B9C43D847E6
:106AC400A1679387E7046312F70A397106DE22DCB3
:106AD40026DA80004AD84ED652D456D23285B284B1
:106AE400EFF05F8AAA892685EFF03F8B2318A4FC78
:106AF4002685EFF09F8A231AA4FC2685EFF0FF89F0
:106B040083D744000A8A2319A4FC858393F7F70FDB
:106B1400230EF4FC8607BD0793F7073F3301F140CA
:106B24008A8A01498347C4FD6365F902CE8513054A
:106B340084FC232C54FDEFF0FFAA5281130104FCC2
:106B4400F2506254D2544259B259225A925A216193
:106B540082802685EFF07F8493171900D697050964
:106B64002390A7001379F90F75BF828097D7FF1F71
:106B7400938747409C43D847A1679387C704631012
:106B8400F70A397106DE22DC26DA80004AD84ED6AE
:106B940052D456D23285B284EFF0CFFEAA8926852C
:106BA400EFF0AFFFFD572318A4FC2685231AF4FC4D
:106BB400EFF0AFFE83D744000A8A2319A4FC85832F
:106BC40093F7F70F230EF4FC8607BD0793F7073FEF
:106BD4003301F1408A8A01498347C4FD6365F902A0
:106BE400CE85130584FC232C54FDEFF0BF9F528106
:106BF400130104FCF2506254D2544259B259225A3D
:106C0400925A216182802685EFF02FF9931719009B
:106C1400D69705092390A7001379F90F75BF8280D1
:106C240097D7FF1F938707359C43D847A167DD0794
:106C3400631BF702EFA2BFE2797132853284EFF071
:106C44006FF42AC62285EFF04FF52311A1022285A5
:106C5400EFF04FF3B2452300A1022808EFF09F980C
:106C640045616FA01FE2828097D7FF1F938787300B
:106C74009C43D847A16793878704631BF702EFA25D
:106C84001FDE797132853284EFF0CFEF2AC6228578
:106C9400EFF0AFF02311A1022285EFF0AFEEB24581
:106CA4002300A1022808EFF0FF9345616FA07FDD68
:106CB400828097D7FF1F9387E72B9C43D847A16710
:106CC4009387A704631CF700EFA27FD90111280062
:106CD4008145EFF03F9105616FA0BFDA828097D7BD
:106CE400FF1F938727299C43D847A167938757029F
:106CF4006311F702EFA2BFD601113285EFF08FE8DE
:106D04002308A10081452800EFF0DF8D05616FA005
:106D14005FD7828097D7FF1F9387C7259C43D847A7
:106D2400A1679387E702631FF702EFA25FD3011104
:106D340032853284EFF06FE6AA842285EFF0EFE526
:106D4400854719E52285EFF0EFE34205B337A0004C
:106D540028008145231891003ECAEFF0BF880561E1
:106D64006FA03FD2828097D7FF1F9387A7209C43B1
:106D7400D8479947631FF704EFA27FCE7971328514
:106D84003284EFF02FE02AC62285EFF00FE12310C2
:106D9400A1022285EFF00FDF2301A1022285EFF08B
:106DA4006FDEA301A1022285EFF0CFDD2302A10251
:106DB4002285EFF02FDD2313A1022285EFF08FDC73
:106DC400B2452314A1022808EFF0DF8145616FA0CA
:106DD4005FCB828097D7FF1F9387C7199C43D847FF
:106DE400A1679387C703631FF704EFA25FC7797195
:106DF40032853284EFF00FD92AC62285EFF0EFD91D
:106E04002310A1022285EFF04FD92311A10222857C
:106E1400EFF04FD72302A1022285EFF0AFD6A302F1
:106E2400A1022285EFF00FD62303A1022285EFF001
:106E34006FD5B245A303A1022808EFF0AFFA45616C
:106E44006FA03FC48280EFA29FC101112A84EFF09A
:106E54006FD3AA842285EFF04FD42285EFF0EFD3CD
:106E6400035744008D4763F5E7002285EFF0EFD226
:106E74002285EFF08FD22800A685EFF0AFF60561EA
:106E84006FA03FC097D7FF1F9387C70E9C43D84777
:106E9400A167FD076319F700EFA27FBC3285EFF00D
:106EA4009FFA6FA01FBE828097D7FF1F9387870C1E
:106EB4009C43D847A167E5076311F706EFA23FBAE1
:106EC400797132853284EFF0EFCB2AC62285EFF058
:106ED400CFCC2285EFF06FCC2310A1022285EFF0F6
:106EE400CFCB520551812311A10222852302010235
:106EF400EFF04FC9A302A1022285EFF0AFC823032C
:106F0400A1022285EFF00FC8B245A303A10228080D
:106F1400EFF04FED45616FA0DFB6828097D7FF1F7A
:106F2400938747059C43D847A1679387E703631971
:106F3400F700EFA2DFB23285EFF0FFF06FA07FB46D
:106F4400828097D7FF1F9387E7029C43D847A167A6
:106F5400938747046314F702EFA27FB079713285F7
:106F64003284EFF02FC22AC62285EFF00FC3B24558
:106F74002808EFF02FE745616FA0BFB0828097D754
:106F8400FF1F938727FF9C43D847A16793878702F6
:106F94006316F702EFA2BFAC797132853284EFF049
:106FA4006FBE2AC62285EFF0EFBDB2452300A102D1
:106FB4002808EFF02FE345616FA0BFAC8280EFA2F9
:106FC4001FAA0111EFF00FBCAA852800EFF08FE192
:106FD40005616FA01FAB97D7FF1F9387A7F99C4349
:106FE400D847A167D1076319F700EFA25FA73285DD
:106FF400EFF0FFFC6FA0FFA8828097D7FF1F938755
:1070040067F79C43D847A167C5076319F700EFA248
:107014001FA53285EFF0BFFA6FA0BFA6828097D775
:10702400FF1F938727F59C43D847A167B9076319C6
:10703400F700EFA2DFA23285EFF07FF86FA07FA404
:10704400828097D7FF1F9387E7F29C43D847A167B5
:10705400AD076319F700EFA29FA03285EFF03FF66A
:107064006FA03FA2828097D7FF1F9387A7F09C430E
:10707400D84789476310F702EFA27F9E011132853A
:1070840032C8EFF02FB0AA852800EFF0AFD5056124
:107094006FA03F9F828097D7FF1F9387A7ED9C43E4
:1070A400D847A1678D076317F702EFA25F9B011111
:1070B40032853284EFF00FAD13066100AA844C00D0
:1070C4002285EF2050122800A685EFF0AFD105618C
:1070D4006FA03F9B8280EFA29F98BA873687B286C3
:1070E4000146EFF00FF36FA0DF9941687D186389C3
:1070F4000701EFA2DF960548EFF0CFDA6FA07F9883
:107104007D55828041687D1863810703EFA23F9516
:107114003A883687B2862E86AA852165BE886D0593
:107124008147EFF0AFE36FA0DF957D55828097D75D
:10713400FF1F938767E49C4381CBDC4391C7EFA295
:107144001F9282976FA0FF938280EFA25F91797163
:107154003C08AE843ED2A165B7070A002A843ED417
:1071640048103C08DD053ED636C432C63AC2EFD0DC
:10717400BF8512474810BA85EFF06F963246481023
:10718400B285EFF00F97A2464810B685EFF02F9521
:10719400501001478146A6852285EFD03FA3456163
:1071A4006FA03F8EEFA2BF8B01117C000329C501A4
:1071B400AE843ECAA165B70707002A843ECC4808BE
:1071C4007C00C5053ECEEFD03F808345D9004808FA
:1071D400EFF0EF90500801478146A6852285EFD055
:1071E400FF9E05616FA0FF89EFA27F8783C795008B
:1071F40093F7F707A384F500EFF0DFFA6FA07F8819
:10720400EFA2FF8579713C08AE843ED2A165B70731
:1072140009002A843ED448103C08938545043ED690
:1072240032C636C4EFD04FFAA2464810B685EFF006
:107234000F8B32464810B285EFF0AF8B50100147E8
:107244008146A6852285EFD07F9845616FA07F8314
:10725400EFA2FF8083C7950041112A8493F7F707B3
:10726400A384F50032852EC6EFF02F9385672AC4D8
:10727400637CF500EF50D0372246B24509E9114747
:1072840081462285EFF07FEC41016FA08FFF01471B
:107294008346F501FDB7EFA2EFFA01113C003ECAA7
:1072A400B7070A003ECC3C003ECE83C79500AA89AE
:1072B400328593F7F707A384F5002E84EFF0EF8D62
:1072C40085676371F504A165AA84938585044808DC
:1072D400EFD08FEF2685EF50B0312A891DE5914517
:1072E4004808EFE0DFFFA6854808EFF08F80CA85E5
:1072F4004808EFE0DFFE014781465008A2854E852D
:10730400EFD0DF8C05616FA02FF781454808EFE0CF
:107314001FFD03490902C1BFEFA2CFF279711C100E
:107324003ECAB7070F003ECC404D1C10AA84AE895C
:107334004808994532C636893ECEEFD0EFE832464A
:107344004808B285EFE0BFF963040902A54548087F
:10735400EFE07FF42546CA85EF40215B50080147E2
:107364008146CE852685EFD07F8645616FA0CFF01C
:107374008355C4024808EFE0DFF70355E402814572
:1073840015C185478545630FF500C167FD17930552
:10739400F00F6309F5007D15EF50406B9305150060
:1073A40093F5F50F4808EFE09FF38345040348087D
:1073B400EFE0FFF2834514034808EFE05FF28355E2
:1073C40024034808EFE0FFF2835544034808EFE044
:1073D4005FF269B7EFA2AFE883C795008146014623
:1073E40093F7F707A384F500EFF01FF36FA06FE99D
:1073F400EFA2EFE679713E841C103ECA2E89B707CE
:107404000F00A1653ECCFD051C10AA84480842C0AB
:107414003AC23ECE36C432C6EFD00FDB32464808FD
:10742400B285EFE0DFEBA2464808B685EFE07FECDB
:1074340012474808BA85EFE0DFEB0248630408020C
:1074440091454808EFE03FE51146A285EF40E14B46
:10745400500801478146CA852685EFD02FF745613C
:107464006FA02FE289454808EFE0FFE2834704005C
:107474002300F50083471400A300F500D1BFEFA259
:107484006FDC83C7950001112A8A93F7F707A38459
:10749400F5003285AE8432C6EFE03FF032462A89E9
:1074A4003285EFE03FEE8567637FF900AA894A855C
:1074B400EF5010142A8419E9114781464A86A6859B
:1074C4005285EFF09FC805616FA00FDB9387E9FF3A
:1074D40093F7F70F0547E368F7FE8347F50195E750
:1074E4008947E382F9FE8346F401528501474A86BF
:1074F400A685EFF09FC5A167D90748083ECC230AAB
:10750400010002CEEFF0BFC27DBF639CE700894754
:10751400639CF90093071020231FF500EF50B0116E
:10752400D9B70947E391E7FC8D47E39EF9FA228531
:10753400EF50F03297D7FF1F938707C39C4399E717
:1075440097D7FF1F938707AC9C4389C703D50400D3
:10755400EF609002231F04002285C9B7EFA22FD049
:1075640001113C003ECAB7070B003ECC3C003ECEA6
:1075740083C795002A89328593F7F707A384F5001A
:10758400AE84EFE09FE193170501C187635EF004C9
:10759400A1652A849385E5024808EFD0EFC2A2854D
:1075A4004808EFE01FD597D7FF1F9387A7A59C43F3
:1075B4009DEF01449375F40F4808EFE05FD29355B3
:1075C400844093F5F50F4808EFE07FD193550441CB
:1075D40093F5F50F4808EFE09FD001478146500826
:1075E400A6854A85EFD08FDE05616FA08FC94165FE
:1075F40085460546A2857D15EF3010655DD9510598
:10760400EFD0E033130440063344850265B7EFA29C
:107614000FC50111B70706003EC683C79500216454
:107624002A8993F7F707A384F500AE84280093050D
:10763400A4040AC40AC8EFD02FB930000147814618
:10764400A6854A85EFD08FD8EFE0CFD013049404F9
:10765400480822CC230A010002CEEFF05FAD056199
:107664006FA02FC2EFA20FBEC1642A89014497D92B
:10767400FF1F9389E9B0130A8002FD14EFE02F8104
:107684006345A40001456FA02FBFB307440303A7BC
:10769400C90ABA9703D707006306970083D7270060
:1076A400638427010504D9BF0545F1BFEFA28FB953
:1076B4002A8A2E8999C123A005008149814497DA39
:1076C400FF1F938AAA8B614BEFE0AF8263C5A400CE
:1076D4004E856FA06FBA3384640383A70A003E9477
:1076E4008357040099E76304090023208900850473
:1076F400E1BF4146D28513054400EF40A11E65F960
:10770400A289F5B7EFA20FB439717C083ED4B7074C
:107714000A003ED67C083ED883C795002A8A328563
:1077240093F7F707A384F5002E8932C6EFE0FFC66E
:1077340085676373F5063246AA843285EFE09FC4F9
:107744008547AA8963EAA704A1659385850428105F
:10775400EFD08FA72685EF50A0692A8429E19145AF
:107764002810EFE0DFB7A6852810EFE09FB8CE859C
:107774002810EFE0DFB6014781463010CA855285F4
:10778400EFD0CFC4A1679387770448183EDC230A5F
:10779400010202DEEFF0BF9921616FA0EFAD8145D8
:1077A4002810EFE0DFB3A6852810EFE09FB497D749
:1077B400FF1F9387A7D39C4391C722856387090042
:1077C400EFB0601A8345040265B7EFB02019DDBF3E
:1077D400EFA24FA783C795004111AA8993F7F70732
:1077E400A384F5003285AE84328AEFE01FBB85673F
:1077F400637BF5022A89EF50A05F2A84914621C158
:107804008347F50105476383E70291C70D47636E1C
:10781400F702AD462DA09305050303250A00414652
:10782400EF40410C1DE141016FA00FA593059508A0
:1078340003250A004146EF40E10A814679F94A8668
:10784400A6854E85EFF0DF9BF9BF83250A0013055B
:107854009408EF50D07719C1C146D5B797D7FF1F09
:10786400938787909C4399E797C7FF1F93878779EE
:107874009C4389C72285EF60004B79FD8547A30FA0
:10788400F4002285EF80505B2285EF50C05A4E856C
:1078940081464A86A685EFF0BF96A1679387570471
:1078A40048003EC42302010002C6EFF05F88A5BF72
:1078B400EFA26F9883C795004111AA8993F7F70740
:1078C400A384F50032852E89B28AEFE01FAD856767
:1078D4006370F50CAA84EF50A0512A841DE9416B12
:1078E400014A97DBFF1F938BAB89130C400E7D1B62
:1078F40019A833048A0383A70B0B3E948357C4014E
:10790400638D6703050AEFD09FD7E344AAFE95462B
:1079140039A88357C501639297029305050303A50C
:107924000A004146EF30117C994611E181462686D2
:10793400CA854E85EFF0DF8CA1A883A50A00130544
:107944000403EF50D068C1467DF12285231E9400C4
:10795400EF80904E2285EF50004E97D7FF1F9387FC
:10796400E7B89C438DCB230004022285EFA0906FDF
:107974004E8581462686CA85EFF09F88A167938746
:10798400070448003EC42302010002C6EFF02FFAA8
:1079940041016FA0CF8D89472300F402D1BF397113
:1079A40006DE22DC4AD8800052D456D25AD026DAD7
:1079B4004ED65ECE2E8A32892A8BEFD05FC9060559
:1079C400710541998A8A3301A140232224FC23149E
:1079D40004FCEFD0DFC783479A000605350593F70B
:1079E400F7072315A4FCA304FA004A85232624FCE4
:1079F400EFE0BF9A93170501C1876340F0025681F7
:107A0400130104FCF2506254D2544259B259225A1E
:107A1400925A025BF24B21618280AA844A85EFE08C
:107A2400DF97AA894A85EFE05F97A1659385C50230
:107A34002A89130544FCEFC03FF92685EFC0FFEE09
:107A4400854501C94A86CE85EFC0BFE8AA8B15EDEE
:107A54008945130544FCEFE09F88A685130544FC83
:107A6400EFE03F89CE85130544FCEFE09F88CA858B
:107A7400130544FCEFE0FF8701478146130644FCED
:107A8400D2855A85EFD08F949DBF8145130544FC60
:107A9400EFE0FF84A685130544FCEFE09F85CE85C7
:107AA400130544FCEFE0FF84CA85130544FCEFE0B2
:107AB4005F848144EFD0BFB9E3D0A4FC83A70B015A
:107AC40013971400BA9783D5070089C5130544FC9E
:107AD400EFE03F828504F9BF797106D622D44AD0FB
:107AE40000184ECE52CC56CA26D25AC8AE89328914
:107AF400AA8AEFD0DFB50605690541990A8A3301E0
:107B0400A140232A24FC231C04FCEFD05FB483C7C8
:107B1400990006052D0593F7F707231DA4FCA384FC
:107B2400F9004A85232E24FCEFE03F8793170501D3
:107B3400C187634FF0005281130104FDB2502254F7
:107B440092540259F249624AD24A424B45618280B8
:107B5400AA844A85EFE07F84A1659385A5022A89DA
:107B6400130544FDEFC05FE62685EFC01FDC8545A5
:107B740019C5CA85EFC0FFD82A8B0DE989451305BD
:107B840044FDEFE0CFF5A685130544FDEFE06FF665
:107B9400CA85130544FDEFE0CFF50147814613067E
:107BA40044FDCE855685EFD06F8271B781451305AC
:107BB40044FDEFE0CFF2A685130544FDEFE06FF33B
:107BC400CA85130544FDEFE0CFF28144EFD03FA80E
:107BD400E3D5A4FC83270B0113971400BA9783D52C
:107BE400070089C5130544FDEFE0AFF08504F9BF34
:107BF400EF92FFE683474500404DD5E7FD574DC062
:107C0400834694000947636DD7080346B40085464C
:107C140063E8C6088306E40063C406085C45F956B5
:107C24002390D70097C7FF1F83C7873599E3A30421
:107C3400E40097C7FF1F9387E73C9C4381E789478C
:107C4400A306F40097D7FF1F9387478A9C4381E7D5
:107C540089472306F4009705000093854505AA8407
:107C640013050401EFC0104CFD57231AF402814799
:107C74001CDC014897C7FF1F23A0873097C7FF1F4D
:107C84009387C72F232E040304C08043EFD07FA61D
:107C940061463306C50281452285EF905FDF814747
:107CA4003E856F901FDEFD57E5BFEF925FDB2A84B0
:107CB40003554502EF50C01309E5231E04006F90DD
:107CC4005FDC8357E401E5DF930504FF17650100DA
:107CD400130585CAEFB01071DDB7EF925FD82E8916
:107CE400A16541119385E5032A8436C432C6BE8456
:107CF4003AC2EFC07FCD12472285BA85EFE02FDE6E
:107D040032462285B285EFE0CFDEA2462285B685D3
:107D1400EFE02FDE630D090091452285EFE0AFD738
:107D24001146A685EF30713E41016F909FD589457C
:107D34002285EFE04FD683C704002300F50083C7F4
:107D44001400A300F500CDB7EF927FD183C795004F
:107D5400444D054793F7F707A384F5001C424111EE
:107D640083C70700636DF7042E842A8985CC03C773
:107D7400D4006309F70217C7FF1F1307A728184386
:107D840001CFA386F400EF80302983C7D40089E7AC
:107D940041657D15EF30E07283D72403918B99C33D
:107DA400EFB0B0704A85A285EFF0CFBFA167C107DD
:107DB40048003EC42302010002C6EFF04FB7410160
:107DC4006F903FCCEF92BFC903D745008D47AA847B
:107DD40041112E8432892E8563EDE700EFE0EFDB5D
:107DE400AA85230009002685EFC0BFB141016F9029
:107DF4005FC9EFE08FDA2AC62285EFE00FDAB245D9
:107E040085472A862300F9002685EFC09FACF9BF79
:107E1400397106DE22DC26DA80004ED652D456D2E0
:107E24004AD85AD05ECEAE89B284AA8AEFD03F81B6
:107E340006051305250241990A8A3301A14023222C
:107E440024FC231404FCEFD08FFF83C7990006059C
:107E54004D0593F7F7072315A4FCA384F9002685A1
:107E6400232624FCEFE06FD393170501C1876340F9
:107E7400F0025281130104FCF2506254D25442596C
:107E8400B259225A925A025BF24B21618280AA8B28
:107E940003AB0400EFC07FA935E983D7440001494F
:107EA4008544F11793B71700A301F4FC834734FC0E
:107EB400A165BDC79385E504130544FCEFC0DFB09D
:107EC400A685130544FCEFE08FC1DE85130544FC51
:107ED400EFE02FC2834734FC114691E30946DA856B
:107EE400130544FCEFE0CFBD814463080900416BF6
:107EF4007D1BEFD0CFF463C8A4020147814613066B
:107F040044FCCE855685EFC07FCCA5B7A685130665
:107F140034FCEFF03FEB933415002A89860479B7DB
:107F24009385C50451BF8327C90013971400BA97DA
:107F340083D5070063866501130544FCEFE06FBB3E
:107F4400850445BFEF923FAF79711C103EC4B7075B
:107F54000F003EC61C103EC883C79500AA8A32850E
:107F640093F7F707A384F500AE893284EFE0EFC2FC
:107F740093170501C1876350F0062A8A2285EFE032
:107F8400CFC12A895285032B0400EFC01F9A39E51B
:107F94008357440081440544F11793B71700A303A2
:107FA400F10083457100DA872287CA865286280049
:107FB400EFF0BFD2014781463000CE855685EFC031
:107FC400FFC0A1679387D70348083ECC230A8100EA
:107FD40026CEEFF0CF9545616F907FA9A285130659
:107FE4007100EFF03FDEAA84094445DD3544E30A1D
:107FF40055FB4A85EFF00FE70D4445D50144EFD01A
:108004000FE4634BA400C16B0144FD1BEFD02FE3CD
:10801400634EA400154471B7DC4413171400BA97D7
:1080240083D70700638127030504D1BFD84493177E
:108034001400BA9703D70700631977012390270127
:108044002685EF8060520144A9BF0504C1B7EF92B1
:108054007F9F83C7950041112A8A93F7F707A3846A
:10806400F50032852E893284EFE02FB39317050192
:10807400C187635BF004AA892285EFE00FB2231164
:10808400A1004E85832A0400EFC03F8A29E183576B
:10809400440085440144F11793B71700A300F1008D
:1080A4000348110003572100D6875285CE862686C1
:1080B400CA85EFF0EFB3A167F10748003EC423027D
:1080C400910022C6EFF0AF8641016F90FF9AA2851E
:1080D40013061100EFF01FCF2A84894471D183570E
:1080E400210011678544BA97C2071167C18313073A
:1080F400F7EFE367F7FA97C7FF1F9387E7069C43F9
:1081040091C7854513052100EF4050058355210093
:1081140022858144EFC0CFF841D523100500228584
:10812400EF802046B5BFEF921F9183C795004111A0
:108134002A8B93F7F707A384F50032852E8A3284BD
:10814400EFE0AFA593170501C1876359F004AA8A2C
:108154002285EFE08FA42A895685832B0400EFC083
:10816400CFFC21E18357440081440544F11793B7C0
:108174001700A301F10003483100DE875A854A87BE
:10818400D6862286D285EFF0AFA6A167ED07480018
:108194003EC42302810026C6EFE07FF941016F90BF
:1081A4001F8DA28513063100EFF0DFC1AA840944B4
:1081B40079D19167CA97C2071167C1831307F7EF93
:1081C4000544E36AF7FACA85EFC08FED014445F52B
:1081D4008149EFD0CFC763DBA90098489397190072
:1081E400BA9703D7070015E723902701EFD02FC6CE
:1081F4001544E382A9F82685EF80A03897C7FF1FAE
:10820400938787F69C430144BDD74A85EF40606D50
:108214009DB785097DBFEF92FF8279713E847C080A
:108224003EC82E8AB7071400A1653ECAE5057C083E
:10823400AA89080836C4428932C6BA8AC6843ECCA2
:10824400EFC08FF8CA850808EFE06F893246080846
:10825400B285EFE00F8AA246630E09029D45080825
:10826400EFE06F831D468145EF907F8263870A06A6
:1082740091450808EFE02F821146A685EF30E168AA
:10828400100801478146D2854E85EFC03F94456171
:108294006F908FFEB6850808EFE0AF851C40080894
:1082A400D8439355C701858912075183B205D98DE7
:1082B400EFE02F841C40080883C58700EFE02F827D
:1082C4001C40080883C5A700EFE06F811C40080824
:1082D40083C59700EFE0AF8051BF89450808EFD010
:1082E4009FFB83C704002300F50083C71400A30089
:1082F400F50079B7EF920FF583C795004111AA896C
:1083040093F7F707A384F5003285AE843284EFE057
:10831400CF8893170501C1876357F0042A89032A7C
:108324000400EFC08FE019E9835744000548F117B2
:1083340093B71700A307F100814621A81306F100A3
:10834400A285EFF03FA81DC11C459DC383D64700FD
:1083540001480347F10093078500D2884A86A68521
:108364004E85EFF05FEB41016F900FF10948E9B7DB
:108374001D48D9B7EF920FED65715C083EC4B7078D
:108384007B013EC65C083EC883C795002A8A3285B5
:1083940093F7F707A384F500AE89EFD0BFFE8357A8
:1083A400E100C5C389452800EFC00FE281452800DC
:1083B400EFD0FFF2EFC0EFE697C7FF1F93870713D5
:1083C4009C4317C4FF1F0344A4BBAA843334800016
:1083D40099C31364240097C7FF1F9387A7C29C43C4
:1083E40099C31364440097C7FF1F9387E7D79C433F
:1083F40099C31364840083D5040028000149EFD095
:108404005FEF83D524002800EFD0BFEE83D544006E
:108414002800EFD01FEEEFD08F9E93150501C18188
:108424002800EFD01FEDA2852800EFD09FEC9C44DC
:10843400636CF900014781463000CE855285EFC058
:10844400EFF859616F904FE3DC441314490028009E
:108454003E94EFD0DFE2834744000347540089078A
:108464000607BA978607E36EF5FC835524002800B7
:10847400814AEFD01FE8834544002800EFD03FE64F
:10848400834554002800EFD09FE58347440063C927
:10849400FA00814A8347540063CFFA00050941BFBB
:1084A4001C4413975A002800BA9783D50700850AFD
:1084B400EFD03FE4D9BF032BC40093975A002800A0
:1084C4003E9B83552B00850AEFD0BFE283550B00FA
:1084D4002800EFD01FE27DBFEF926FD85C4993E78D
:1084E40017005CC9EF80C0306F90AFD9EF922FD7DF
:1084F4002E848145EFF08F9B05C183570500FD173E
:108504002310F50009C4835725002310F400EFF06D
:10851400BFFC01456F90EFD631456DDC231004009C
:10852400D5BFEF922FD283C7950041112A8A93F7C2
:10853400F707A384F50032852E893284EFD0FFE556
:1085440093170501C187635EF004AA89C14522859A
:10855400EFD01FD12A8B4E85832A0400EFC0EFBCD5
:1085640021E583574400231101000544F11793B713
:108574001700A300F10081440348110003572100B0
:10858400D6875285CE862286CA85EFE07FE6A1672C
:108594009387170248003EC42302810026C6EFE0F9
:1085A4001FB941016F904FCD13061100A285EFF062
:1085B4007F81AA8409E523110100094475BF93054D
:1085C40021005A85EFF09FF2835721002A84CDD7EA
:1085D40097C7FF1F938747B99C4391C785451305E8
:1085E4002100EF40A0378355210026853144EFC098
:1085F4002FAB59D1231005002685EF7090780144E4
:10860400A5BFEF92CFC541112E896C00AA8402C682
:10861400EFF0CF8909CD0357050005072310E500C6
:10862400EFF09FEB81473E8541016F908FC5324744
:10863400954775DBCA852685EF207006C147E3445C
:1086440005FE3244854741462310F4008357090050
:10865400A685130544002311F400EF30012B228575
:10866400C1B7EF922FBE83C795004111AA8A93F731
:10867400F707A384F5003285AE893284EFD0FFD1A9
:1086840093170501C187635EF0042A8AC1452285D8
:10869400EFD01FBDAA845285032B0400EFC0EFA8BE
:1086A40021E583574400231101008544F11793B752
:1086B4001700A300F10001440348110003572100EF
:1086C400DA875685D2862686CE85EFE07FD2A167EB
:1086D4009387070248003EC42302910022C6EFE0BC
:1086E4001FA541016F904FB9A28513061100EFF049
:1086F4006FED2A8409E523110100894475BF26859D
:1087040093052100EFF0FFEFAA845DF58355210066
:108714002285EFC0EF984DF10149EFC05FF3635D2F
:10872400A900184893171900BA9703D707001DE743
:10873400035721002390E700EFC07FF16302250374
:1087440097C7FF1F938747A29C4389C703552100FE
:10875400EF4020192285EF70D062B9BF050975BFBB
:10876400954499BF05C19307F00F630FF500C54702
:10877400630CF5009307F5FF05453315F500420535
:10878400418182800145828041657D158280B9E105
:10879400EF92EFAC034506033284EFF0BFFC930580
:1087A400803EB305B502C205C18191C90357E402F5
:1087B400854763F6E70013050401EFC08022835761
:1087C400E40241677D176385E700FD172317F40270
:1087D4006F902FAB8280EF920FA6004283C7950063
:1087E400444D0349140093F7F707A384F500834726
:1087F4000400220911673369F900A167B347F9003E
:1088040041112A8BAE8A63ECE70C834724001307DB
:10881400C00EB91793F7F70F6371F70E03473400CF
:10882400C14763ECE70C834744001307E00793C791
:1088340007086373F70A8349840083477400A20915
:10884400B3E9F900856763F9F908034A64008347CB
:1088540054004E85220A336AFA00EF40605945C13C
:1088640023962403834B3400137AFA00239A3403A7
:10887400238874032399440393890401631A090028
:1088840023A60402239804024E85EFC000171DA0FE
:10889400034924004A85EFF0FFEC2397A4028347A1
:1088A40044004E85A388F402E3810BFEE30F09FC28
:1088B400EFC0C011EF70307781460146D6855A85E6
:1088C400EFE09FA5A167938797033EC423020100AD
:1088D400480002C6EFE0BF8541016F904F9985447F
:1088E400A2862686D6855A85EFE01FA3A1679387C3
:1088F40097033EC423029100E1BFBD44D5B7914420
:10890400C5B7EF922F9401111C08404D3EC2B70722
:108914000F003EC41C083EC62A89AE89EFC00FF67C
:10892400585C1C5C634CB70A6394E50063E8A70ACF
:108934003385A740B3B7A700B305B7401306803EFD
:1089440081469D8DEF20110393140501C180A1651B
:108954009385C5034800EFC02F8781454800EFD0B9
:108964001F98835504044800EFD0BF98835524040E
:108974004800EFD01F98814599C8C167FD1793053A
:10898400F00F6386F4002685EF40400CAA8548006A
:10899400EFD0FF9403554404814511C9C167FD1705
:1089A4009305F00F6305F500EF40400AAA854800DF
:1089B400EFD0FF92834564044800EFD05F92834573
:1089C40074044800EFD0BF91500001478146CE8522
:1089D4004A85EFC0AF9F05616F900F8A814485BFC0
:1089E400EF92EF8783C7950093F7F707A384F50009
:1089F400EFF03FF16F90EF88EF92CF8483C795003B
:108A04004111404D93F7F707A384F5002A8A328574
:108A1400B284AE89EFD07F982A8B2685EFD0FF975A
:108A24002A892685EFD01F9693170B0163CA070284
:108A3400E177CA97C207C183116763E3E70293072B
:108A44000910C207C1831307B00F637BF7009317A4
:108A54000901C187AA8A6348F000C54763FA570130
:108A640041016F906F81EFB0DFDEE31B25FFF5B7A7
:108A740063060B0263040902814463870A02B70791
:108A84007F0023106405231124057CC05685EFF074
:108A94007FCD9304803EB304950239A0B7077F00CD
:108AA400232004047CC0814403552404EFB0101E29
:108AB40095CCEFC0AFDC269593D7F44133379500BE
:108AC400AE97BA9708DC5CDCCE855285EFF07FE385
:108AD40099E023220404A1679387B70348003EC4A6
:108AE4002302010002C6EFE08FE49DBF81470148E5
:108AF4001CDC232E0403C9BFEF827FF6EFC07FBFC7
:108B0400E1473305F5029145EF307076E55711C51D
:108B140097B7FF1F23A4A74681473E856F807FF642
:108B2400854717B7FF1F230DF7448280EF823FF379
:108B340097B7FF1F9387474480432DC0835704048E
:108B4400639EA70483572404639AB7043689B284C6
:108B5400EFC0CFD25C5C63C3B7046395B7001C5C01
:108B640063EEA7028347640463F3F400A687230338
:108B7400F4048347740463F39700A687A303F404FF
:108B84008357440441677D176385E70085072312F3
:108B9400F4043C4481C7CA85268582976F807FEEA2
:108BA40097B7FF1F9387473D9C43014599C303C56E
:108BB40087008280EF82BFEA0111B70707003EC633
:108BC40083C79500584D0AC493F7F7070AC8A384CE
:108BD400F5002A89AE8401CB1C4283C70700230415
:108BE400F700EF7070432164930554022800EFB03E
:108BF400BFDDEFF0FFFAAA852800EFD04FEE30007A
:108C040001478146A6854A85EFB05FFC1304440200
:108C1400480822CC230A010002CEEFE04FD10561BF
:108C24006F803FE6EF82BFE301117C003ECAB707C5
:108C340007003ECC7C003ECE83C795002E84AA84D8
:108C440093F7F707A384F500A165938555024808B7
:108C5400EFB09FD7EFF0DFF4AA854808EFD02FE8F4
:108C6400500801478146A2852685EFB03FF605618D
:108C74006F803FE197B7FF1F938707309C430945F7
:108C840099C303C59700828097B7FF1F9387C72EA8
:108C94009C43094599C303C5D700828097B7FF1F3A
:108CA4009387872D9C43014599C303C5A700828000
:108CB400EF825FD90111B70708003EC683C795004C
:108CC400404D0AC493F7F7070AC8A384F5002A891C
:108CD400AE8429C01442854703C7060063EEE70645
:108CE4008347940009468149638EC700B307F74060
:108CF400A304E400B339F00083C716002305F4008D
:108D0400EF70903103572403058B09C7638409006E
:108D1400EFA0B0792164930584022800EFB0DFCA84
:108D2400EFF05FF5AA852800EFD06FDBEFF01FF7B7
:108D3400AA852800EFD0AFDA014781463000A68526
:108D44004A85EFB0BFE813047402480822CC230A12
:108D5400010002CEEFE0AFBD05616F80FFD1EF826D
:108D64001FD001117C003ECAB70708003ECC7C002E
:108D74003ECE83C795002E84AA8493F7F707A38475
:108D8400F500A165938585024808EFB0FFC3EFF0B5
:108D94007FEEAA854808EFD08FD4EFF03FF0AA8584
:108DA4004808EFD0CFD3500801478146A2852685D5
:108DB400EFB0DFE105616F80DFCC97B7FF1F9387CA
:108DC400A71B9C43014599C303C5B7008280EF826A
:108DD4001FC90111B70707003EC683C79500404D60
:108DE4000AC493F7F7070AC8A384F5002A89AE8456
:108DF40005C41C42054783C70700636AF704034799
:108E0400B400630BF700A305F400EF70F020834770
:108E1400B400A9C3EFD0EFAF21649305B4002800D8
:108E2400EFB09FBAEFF07FF9AA852800EFD02FCBDF
:108E3400014781463000A6854A85EFB03FD9290411
:108E4400480822CC230A010002CEEFE04FAE0561B0
:108E54006F803FC3EFD00FB1C1B7EF825FC0011184
:108E64007C003ECAB70707003ECC7C003ECE83C7D9
:108E740095002E84AA8493F7F707A384F500A165CF
:108E8400AD054808EFB05FB4EFF03FF3AA8548089A
:108E9400EFD0EFC4500801478146A2852685EFB084
:108EA400FFD205616F80FFBD97B7FF1F9387C70C83
:108EB4009C43094599C303C5C7008280EF823FBA2A
:108EC40001117C00AE843ECAA165B70707002A845D
:108ED4003ECCD1057C0048083ECEEFB0FFAEEFF0AB
:108EE400BFFCAA854808EFD08FBF500801478146D0
:108EF400A6852285EFB09FCD05616F809FB8EF8274
:108F04001FB683C7950093F7F707A384F500EFF026
:108F1400FFFA6F801FB7EF82FFB283C79500032962
:108F2400C501411193F7F707A384F5001C4283C9D7
:108F34000700854763EC370597B7FF1F9387075BE7
:108F44009C432E84AA8495C7EFF01FF689476302D9
:108F5400F502630009028347C900638C37012306C5
:108F64003901EF70700B83572903898B99C3EFA0E4
:108F7400D0532685A285EFF07FF4A167CD07480082
:108F84003EC42302010002C6EFE06F9A41016F80E4
:108F9400BFAE97B7FF1F938727FE9C431D4599C318
:108FA40003C5E7008280EF829FAB0111B70707007A
:108FB4003EC683C79500584D0AC493F7F7070AC8FD
:108FC400A384F5002A89AE8405C71C4283C7070021
:108FD40093968701E18663C8060485466385D704B2
:108FE4008346E7006386F6002307F700EF70D0029C
:108FF40021649305E4002800EFB01F9DEFF07FF992
:10900400AA852800EFD0AFAD014781463000A68580
:109014004A85EFB0BFBB3504480822CC230A0100BF
:1090240002CEEFE0CF9005616F80BFA5EF823FA332
:1090340001117C003ECAB70707003ECC7C003ECE3F
:1090440083C795002E84AA8493F7F707A384F500B9
:10905400A165B9054808EFB03F97EFF09FF3AA85E3
:109064004808EFD0CFA7500801478146A28526853E
:10907400EFB0DFB505616F80DFA0EF82BF9CAA84EB
:10908400014417B9FF1F130969EFE149EFC06FE607
:109094006344A400014519A8330534038327090058
:1090A4003E95835725006395970011056F80DF9CDB
:1090B4000504E9BF032E850063040E1017B3FF1FD8
:1090C4001303830A03230300631503002943639AEC
:1090D400060E03234E01631503001D436393070E1D
:1090E400EF827F95C689428A3E89BA8AB684328BDA
:1090F400AE8B2A84A1E903554E0009E501431A8584
:109104006F80FF96A167A98F116763F7E700EFF0FF
:10911400DFF68145EFF08FBD0844B70700E0584102
:10912400F98F18455CC1B707001FF98F1CC55C494E
:1091340081C76105EFB0700CE38209FC2285EF70F2
:10914400006C6DBF3285EFA0E0700D434DD91C4417
:10915400116703D54700A167A98F63F7E700EFF014
:10916400DFF18145EFF08FB80323840093164B01A0
:10917400D1828347B300035663008588FD8BA30522
:10918400F300FD777D8E558EFD76FD16B204F18ECB
:1091940083274301C58E231273012313D3002304B1
:1091A400530123052301A3044301D9D72285EFB03A
:1091B4005F96AA850844B5DD6105EFB09002ADBFA6
:1091C4001D431A858280EF82FF870569AA84AE89D0
:1091D400328A0144FD5A7D19EFC06FC66345A4006D
:1091E40001456F807F89D84493171400BA9703D739
:1091F4000700631B37032390570163050A00268584
:10920400EF7080369C448DC383D76700B3F7270182
:10921400639C3701D2880148814701478146014652
:1092240081452685EFF01FE905047DB7EF829F8114
:1092340079711C103EC4B7070F003EC61C103EC80F
:1092440083C79500AA8A328593F7F707A384F500AC
:109254002E893284EFD06F9493170501C187635030
:10926400F006AA892285EFD04F932A8A4E85032BD4
:109274000400EFB08FEB39E5835744008144054483
:10928400F11793B71700A303F10083457100DA8740
:109294002287D2864E862800EFE03FA4014781460C
:1092A4003000CA855685EFB07F92A1679387F70394
:1092B40048083ECC230A810026CEEFD05FE7456103
:1092C4006F808FFBA28513067100EFE0BFAFAA8405
:1092D400094445DD5285EFE0EFB80D445DD5054600
:1092E400D2852685EFF03FEE2A8445B7EF822FF72B
:1092F400835507000346270041112A842E8532C670
:109304002EC4EFE02FB611C53246A2452285EFF0F8
:109314009FEB41016F80EFF6EF82EFF183C7950079
:109324004111AA8A93F7F707A384F5003285AE8921
:109334003284EFD08F8693170501C1876357F008F5
:10934400C1452A8A2285EFC0BFF12A8D2285EFD03C
:10935400CF842A892285EFD0EF82930705F893F70B
:10936400F70F1307E007AA8B6371F7062285EFD086
:109374006F812A8C2285EFD0EF80AA8C5285032B33
:109384000400EFB08FDA29E583574400231101006C
:109394008144F11793B71700A300F1000544034774
:1093A400110083562100938784005685DA88228829
:1093B4005286CE85EFE03FE6A167E90748003EC448
:1093C4002302810026C6EFD09FD641016F802FEA89
:1093D40013061100A285EFE0FF9EAA8409E523117C
:1093E400010009446DBF930521006A85EFF06FA168
:1093F4002A8455F5835521009356C9001316490153
:1094040085486688E2875E87858A51822685EFF0E3
:109414007FCA2A8469B7EF820FE283C7950041119E
:109424002A8B93F7F707A384F5003285AE8932843B
:10943400EFC0BFF693170501C1876352F0082A8A6B
:109444002285EFC09FF5AA8A2285EFC01FF52A89DD
:109454002285EFC03FF3930705F893F7F70F13073F
:10946400E0072A8C637DF7042285EFC0BFF1AA8C44
:109474002285EFC03FF12A8D5285832B0400EFB083
:10948400CFCA29E18357440085440144F11793B7B7
:109494001700A301F10003473100930784005A85A4
:1094A400DE882688D6865286CE85EFE0DFD68D47C5
:1094B40048003EC42302910022C6EFD05FC7410199
:1094C4006F80EFDAA28513063100EFE0BF8F2A84A4
:1094D400894471D19356C9001316490185486A8895
:1094E400E6876287858A5182D685EFF0BFBCAA845D
:1094F4005DB7EF822FD52A8981440144617A916A4C
:1095040017BBFF1F130B4BC6EFC06F9463C5A400BA
:1095140022856F806FD68327090093991400CE9714
:1095240003D50700330745014207418363625703AC
:1095340011CD03270B0009C785453E85EF30004256
:10954400832709000504CE972390070085046DBF87
:10955400EFF0BFB2832709000504CE9723900700DC
:1095640075D58145EFE09FF8D5B7EF82AFCD83C7BE
:10957400950041112A8A93F7F707A384F5003285F1
:109584002E893284EFC07FE193170501C1876354AC
:10959400F004AA89832A0400EFB02FB921E183578C
:1095A400440085440144F11793B71700A301F10067
:1095B40003483100D68752850147CE862686CA8560
:1095C400EFD01FE3A167F50748003EC423029100D2
:1095D40022C6EFD0DFB541016F800FCAA285130602
:1095E4003100EFE02FFE2A84894479D197B7FF1F19
:1095F400938787B79C4381CB0449EFC04F85AA85E5
:109604002685EF30A03513050401EFF09FEE228587
:10961400EF603077814469BFEF82EFC183C7950063
:109624004111AA8A93F7F707A384F5003285AE891E
:10963400328423110100EFC05FD693170501C1875F
:10964400635CF0042A8AC1452285EFC07FC1AA8BDE
:109654005285032B0400EFB04FAD31E18357440032
:1096640085440144F11793B71700A300F1000348A0
:10967400110003572100DA875685D2862686CE85C7
:10968400EFD01FD7A1679387270248003EC4230267
:10969400910022C6EFD0BFA941016F804FBDA285C2
:1096A40013061100EFE00FF22A84894469D197B7B9
:1096B400FF1F938767AB98433E8901CB0449EFB002
:1096C4001FF9AA852685EF30602913050401EFF000
:1096D4005FE2EFB0DFF7954459D9930521005E8529
:1096E400EFE03FF2AA8441F51C480357210022858C
:1096F4002390E700EF60F06883270900ADDB035592
:109704002100EF30001EA5B7EF82EFB283C79500AA
:109714004111AA8A93F7F707A384F5003285AE892D
:109724003284EFC09FC793170501C1876359F004C2
:109734002A8A2285EFC07FC62A895285032B04001A
:10974400EFB0AF9E21E18357440085440144F117F3
:1097540093B71700A301F10003483100DA87568557
:109764004A87D2862686CE85EFD09FC8A167F9079F
:1097740048003EC42302910022C6EFD05F9B410102
:109784006F80EFAEA28513063100EFE0AFE32A84C9
:10979400894479D19167CA97C2071167C1831307B6
:1097A400F7EF8544E36AF7FA97B7FF1F9387C79BE0
:1097B4009843BE8B01CB0449EFB07FE9AA85268587
:1097C400EF30C01913050401EFF0BFD2EFB03FE84A
:1097D400954459D11C482285814423902701EF6088
:1097E400505A83A70B00ADDB4A85EF30800FADB72D
:1097F400EF82EFA62A844105B284EFF09FCF01C522
:109804002285EF60105881460146A6852285EF70B7
:1098140060091C4C89C7DC4799C3228582976F80F5
:109824004FA697A7FF1F938727759C43014599C3AC
:1098340013850701828097A7FF1F9387E7738843E7
:109844008280EF82CFA19317C600DD8DC20541113E
:10985400C1812A8432C6EFC0DFA932462285118233
:109864009375F60FEFC0BFA741016F808FA1EF8200
:109874006F9D79713C083ED2B7070C003ED43C087A
:109884003ED683C79500AE842A8993F7F707A3844D
:10989400F500A165938535044810EFB0EF92C165DA
:1098A400FD15014417BAFF1F130A8A8D930A400E4F
:1098B400AE892E8B2EC6EFB09FDC420593170401B0
:1098C4004181C183B24563E3A702C167FD17638584
:1098D400F5004810EFC0FFA1501001478146A6854E
:1098E4004A85EFB0AFAE45616F800F9933075403DB
:1098F40083270A0BBA9703D6C70163083601638826
:1099040035014810EFF0FFF3DA85050465B7B28539
:10991400EDBFEF824F9279717C083EC8B707110002
:109924003ECA7C083ECC83C79500AA89328593F74A
:10993400F707A384F5002E89EFC03FA68567637EF1
:10994400F502A165AA8489050808EFB0EF8726858A
:10995400EF30004A133415000A04A2850808EFC04A
:109964001F98A6850808EFC0DF9835C001478146D7
:109974001008CA854E85EFB06FA545616F802F8FA3
:10998400B30754030327CA0ABA9703D70700631A15
:10999400970003D62700638A65030808EFF07FEA7F
:1099A400DE8505042EC6EFB09FCE42059317040151
:1099B4004181C183B245E3E5A7FCC167FD17E38795
:1099C400F5FA0808EFC0FF9255B7B285D9BFC16553
:1099D400FD15014417AAFF1F130A8A7A930A80020D
:1099E4002E8BAE8BC1B7EF828F8718418347170048
:1099F40083460700A207D58FD207D1832390F500B1
:109A040083472700034717008D45A207D98F918309
:109A14002310F600EFC09F836F80AF86EF828F82A2
:109A2400C164014417A9FF1F1309897593098002B2
:109A3400FD14EFB0DFC56345A40001456F80CF83FB
:109A4400330534038327C90A3E9583570500E3870A
:109A540097FE0504F9BFEF72FFFE2A8AAE89B2842D
:109A6400B68AEF30E03809E591473E856F80CF80B4
:109A74002A894E85EF90105E2A84638A0A048D47F2
:109A84006DD503570500C547E31147FF0347F901A7
:109A94008546AD47E31BD7FC8347450091CB414640
:109AA400A6855D05EF101164814761D1AD4775BF8F
:109AB400130965012302E500CA852685EF10C02A33
:109AC40015CDA547E3830AFA2302040079BF11CD1B
:109AD40083570500E39A47F94146A6851905EF1017
:109AE4007160814759D1994749B74E85EFF01FF30B
:109AF4002A8495473DD9130955007DBF4146A68563
:109B0400231044012311340113051900EF10F15FF0
:109B14002285EF60503A814789BFEF725FF4797113
:109B24007C003ECCB7070A003ECE7C003ED083C703
:109B34009500B2842E8493F7F707A384F5001306E7
:109B4400A1002A892C002685EFF0FFE9A1652808E9
:109B54008D05EFA07FE790408355A1000355810058
:109B64008546EFF05FEFAA84AA852808EFC02FF797
:109B74000356A100835581002808EFF09FCC3008DC
:109B840001478146A2854A85EFB04F848547481036
:109B94003ED42302910202D6EFD06FD945616F7093
:109BA4005FEEEF72DFEB79717C003ECCB7070A0001
:109BB4003ECE7C003ED083C79500B2842E8493F7BA
:109BC400F707A384F5001306A1002A892C00268533
:109BD400EFF07FE1A16528088D05EFA0FFDE90403E
:109BE4008355A100035581008146EFF0DFE6AA8486
:109BF400AA852808EFC0AFEE0356A1008355810063
:109C04002808EFF01FC4300801478146A2854A8521
:109C1400EFA0DFFB48102302910202D402D6EFD05A
:109C24000FD145616F70FFE597A7FF1F9387073535
:109C340088438280EF72BFE2835725004111AE84CE
:109C44002A842307B10017F5FFFF1305656A6C002A
:109C54002316F100EFB0CFB081C42285EF60102C41
:109C6400FD572310F4001306200281451305540008
:109C7400EF70FFE141016F70DFE0EF72BFDC7971DB
:109C84007C003ECCB7070A003ECE7C003ED083C7A2
:109C94009500AA89AE8493F7F7073285A384F5006B
:109CA4001306A1002C00EFF01FD4035581001144CA
:109CB400EF30001415C10355A1000144EF90903911
:109CC40001CD035705008357810045446316F7000F
:109CD4008545EFF03FF601442169930539002808D2
:109CE400EFA09FCEA2852808EFC06FDF0356A10026
:109CF400835581002808EFF0DFB43008014781461E
:109D0400A6854E85EFA09FEC48104AD42302810219
:109D140002D6EFD0CFC145616F701FD6EF729FD2CC
:109D240097A7FF1F938747252A8488432E8915C147
:109D3400035745038357C401631DF7002326050217
:109D4400231805024105EFA0504B63040900EF609E
:109D5400902D814497A9FF1F93898942130A800299
:109D6400EFB0FF9263CCA40297A7FF1F93878729C4
:109D74009C4389C70355C401EF10A074630509000F
:109D84002285EF60B0011306400E81452285EF70F5
:109D94001FD0FD57231EF4006F701FCE338544037C
:109DA40083A7C90A3E95035705008357C401631569
:109DB400F700CA85EFF01FE885045DB7EF729FC80E
:109DC40083C795004111AA8993F7F707A384F50087
:109DD4003285AE84EFC06FDC85676370F5042A8931
:109DE400EF300001014411C983D704003144638674
:109DF40027018545EFF09FF201444E85A2864A86ED
:109E0400A685EFD0EFBFA1679387170448003EC42F
:109E14002302810002C6EFD08FB141016F70DFC50C
:109E2400EF725FC297A7FF1F9387071580431DCC6E
:109E34000145EFA0A06581470148C1641CDC232EC5
:109E440004032320040417A9FF1F130969330144E1
:109E54009309400EFD14EFB09F82634BA40081452B
:109E64001705000013050599EFB08F8F6F70DFC0E1
:109E7400330534038327090B3E958357C501638556
:109E840097008545EFF09FE90504F1B79357050165
:109E940013D78700A380F50093170501C183A1831D
:109EA4002380E5002381F500A381A5008280EF7261
:109EB4001FBB2300050083C71500A300F50083C75B
:109EC40025002301F50083C73500A301F50083C7EE
:109ED40045002302F50083C75500A302F50083C79C
:109EE400650093059500A30305002303F5002304EF
:109EF40005003285EFF09FF96F70BFB8EF729FB421
:109F04004111E9541DC595C593F9C5FF2E842A89CD
:109F1400AA84338AA90063129A020D88854411C861
:109F2400EFC000592AC622866C0033053901EF10B0
:109F3400D11D268541016F703FB4EFC06057931760
:109F44000501C183A183A380F400935705012381F4
:109F5400F400A1832380A400A381F400910465BFCD
:109F640063E0D502EF72BFAFB28741113686BE857A
:109F740036C6EF109119B246410136856F707FB035
:109F8400814636858280838705001387F5003D0569
:109F9400FD8793F77708834607007D158606B58FFE
:109FA400A300F5006307B7007D17834717009D835F
:109FB400DDB78280EF72BFAAB2872A863E85EFD0D2
:109FC400306A133515006F70DFAB01CD814799C935
:109FD400EF72FFA84146EF10511385473E856F701D
:109FE4005FAA81473E8582801DC5EF725FA7414607
:109FF40081452A84EF70BFA94146814513050403B6
:10A00400EF70FFA80147C1672322040438C87CC845
:10A0140005456F701FA701458280814729CDA1CDD9
:10A02400EF72FFA3B2842E891306800581452A842A
:10A03400EF70FFA5CA8524C42685EFF01FF94146B9
:10A0440081452285EF70BFA43044A2852285EFF0BC
:10A054007FF693040401A2852685EFF0DFF2A6853E
:10A0640013050402EFF03FF22285EFF0FFF7854776
:10A074003E856F701FA13E858280EF72BF9C4111A7
:10A08400E9541DC595C593F9C5FF2E842A89AA8470
:10A09400338AA900639244030D88814411C8EFC038
:10A0A40020412AC622866C0033053901EF10F105E0
:10A0B400268541016F705F9CEFC0803F93170501B7
:10A0C400C183A183A380F400935705012381F40085
:10A0D400A1832380A400A381F400910465BF71CD02
:10A0E400EF725F96B28401E605456F70FF982A848B
:10A0F4002E890145FDD93C487848B3E6E700F5D6FA
:10A104009386F7FFB3B7F6007D17032A4404BA9782
:10A1140034C87CC8630F0A04C14913050A03B38910
:10A1240049412295637B3601B2862E86A685EFF0DF
:10A134003FE37C40BE9464C045BFCE862E86CE8568
:10A14400EFF01FE2C114D2944E9923220404A28793
:10A154009306040103C7070003C607038507318F6D
:10A16400A38FE7FEE398F6FE3044A2852285EFF044
:10A174007FE42699C1493306994063EA9900ADD436
:10A18400A686A68513050403EFF09FDD6DB781470E
:10A19400B306F4003307F6000347070083C506003F
:10A1A40085072D8F2380E600E39437FF3044A28592
:10A1B4002285EFF03FE0C1147DBF0145828019C9BB
:10A1C400EF72FF89130680058145EF705F8C0545AA
:10A1D4006F703F8B0145828081473DC9B5C9EF72DD
:10A1E4001F88FC4141462E84AA846393C7041386C6
:10A1F4000501A2878146C14503C7070003C50703BC
:10A204008507298F3305D600034505008506298F68
:10A21400A38FE7FEE392B6FE3044A2852685EFF0D5
:10A224007FD92285EFF0BFF985473E856F707F8522
:10A23400138507031D8E81452295EF705F857C4051
:10A24400130700F813060402A2972388E70255B700
:10A254003E858280EF72BF806D712E84B284AA85A0
:10A26400901028003689EFF05FDB19E9D55705A077
:10A2740050400C402800EFF09FE66DD9FD142104F6
:10A28400E5F82C004A85EFF03FF5814765D13E851E
:10A2940051616F700FFFEF728FFC41112EC432C6F3
:10A2A4002C000546EFF01FFB41016F708FFDEF722C
:10A2B4000FFB01112A842EC602C802CA02CC02CEA8
:10A2C400EF101105B2462A86A2850808EFF0BFFCFC
:10A2D4001375F50F05616F70CFFAEF724FF879714E
:10A2E400B2872A8421462308B10013051101BE85D3
:10A2F4003AC436C6EF106161B246930591013685C2
:10A30400EFF0DFB82285141035460C08EFF0BFF8E3
:10A314002A84224711E521460C103A85EF10E15EAC
:10A32400228545616F70EFF5EF726FF37171AE8442
:10A33400AA850A853284EFF05FC901C90A86A68519
:10A344002285EFF03FC7814711E1C5473E854D6146
:10A354006F702FF3EF72AFED1D712A8AB289BE843C
:10A3640035468547130511012E8CB68A3A8BC28C6B
:10A37400468D2308F100EF10415910100C08528546
:10A38400231F0100EFF05FFA2A842DE9A147631B24
:10A39400FD069307900591E0E5473546E2851305F0
:10A3A400110113990A012308F10013590901EF104F
:10A3B400C1551357890093978A00D98F90080C08C8
:10A3C4005285231FF100EFF03FF62A8405E9A1E04E
:10A3D4009387FA0091831379F9003EC66313090049
:10A3E4004149668B8144C14B854DB2476397970CB5
:10A3F4006A868C0033855C01EF102151228525612A
:10A404006F70AFE693079004C9F8A54779B78347FF
:10A4140001050947C14B2308F10083471105A58FA6
:10A42400A308F10093872400814463EFFB020147F2
:10A4340014083386E6008C08B386E400BA95DA96ED
:10A4440083C6060083C505000507AD8E2300D6002C
:10A45400E390E7FE41476398E70490080C085285AF
:10A46400EFF09FEC35D535A8B3069B00BA871008EA
:10A47400B305F60090083E9603C5060003460600A1
:10A4840085078506298E2380C500E39277FF998F7F
:10A4940090080C085285BE94EFF01FE989470147E4
:10A4A40049D52A84A1BF90083E96034606001408A5
:10A4B400BE962380C600850779BFB2478504638BA7
:10A4C400971281471808B306F70098083E97338619
:10A4D400F90003470700034606008507318F2380F0
:10A4E400E600E39177FF90080C085285EFF0DFE374
:10A4F4004DF93546E285130511012308B101EF102A
:10A50400C140139704014183939784002183D98F19
:10A5140010180C085285231FF100EFF0FFE051F1F1
:10A52400814710183387F9003E9603470700034616
:10A534000600B306FB008507318F2380E600E39213
:10A5440077FF75A01808B306F70098083E9733867E
:10A55400F90003470700034606008507318F23806F
:10A56400E600E3E127FFCA876398770990080C089F
:10A574005285EFF07FDB15F581479800B306F700AD
:10A58400900818103E973E960347070003460600BE
:10A594008507318F2380E600E39177FF3546E28516
:10A5A400130511012308B101EF102136139704019B
:10A5B4004183939784002183D98F10180C08528506
:10A5C400231FF100EFF05FD6E31D05EC814710185F
:10A5D4003387F9003E960347070003460600B30697
:10A5E400FB008507318F2380E600E3E227FFC109E2
:10A5F400410BE5BB8147B5B79408BE9683C60600F8
:10A6040018083E972300D7008507B9BF638E062C30
:10A61400EF72EFC159712A84BE89B28B85473546E2
:10A62400130511022E8B468C4289BA8A368A23007E
:10A63400F102EF10812D10180C102285231701024E
:10A64400EFF09FCE631E0510A1476319FC06930724
:10A65400900563930900E5473546DA851305110231
:10A6640093140A012300F102C180EF10012A931709
:10A674008A0013D78400D98F90080C1022852317E1
:10A68400F102EFF07FCA69ED639009049307FA00C1
:10A69400BD88918391E0C144C207C183DE8C814AA5
:10A6A4003EC6414DB24763EAFA0C6286B3854B015C
:10A6B4008810EF1021234DC53D555DA093079004EC
:10A6C400E39C09F8A54749BF834701050947C14CE5
:10A6D4002300F10283471105B3C7F900A300F10277
:10A6E40093872900814963EFFC02814618103306E1
:10A6F400D7008C083387D900B695569703470700CF
:10A7040083C5050085062D8F2300E600E390D7FE60
:10A714004147639AE70490080C102285EFF0DFC0EC
:10A7240035D53DA8B3863A01BA871010B305F600B3
:10A7340090083E9603C50600034606008507850675
:10A74400298E2380C500E39297FF3387EC4090085D
:10A754000C102285BA99EFF03FBD8947014741D5D6
:10A7640065616F708FB090083E9603460600141022
:10A77400BE962380C600850769BFB247850A9399B0
:10A784000A01939D8A0093D909016399570D85475E
:10A794003546DA85130511022300F10293D98900A5
:10A7A400EF10A116B3ED3D0190000C102285231784
:10A7B400B103EFF07FB74DF58147A68963E69706AD
:10A7C40026860C084A85EF10411481471810B306F9
:10A7D400F700100898083E973E9603470700034683
:10A7E40006008507318F2380E600E3E197FE639D31
:10A7F400A90590080C102285EFF01FB335F18147AD
:10A804009810B306F700900818183E973E96034731
:10A814000700034606008507318F2380E600E39195
:10A82400A7FF4109C10CBDBD18089000B306F7008D
:10A834003E963387FC00034707000346060085075E
:10A84400318F2380E60095BF98084E970347070091
:10A854001C10CE972380E700850951BF85473546F4
:10A86400DA85130511022300F10293D98900EF1050
:10A87400C109B3ED3D0190000C1022852317B103EB
:10A88400EFF09FAAE31E05EC814718089000B30679
:10A89400F7003E963387FC00034707000346060093
:10A8A4008507318F2380E600E391A7FF41460C081A
:10A8B4004A85EF10810581471810B306F700100888
:10A8C40098083E973E96034707000346060085070F
:10A8D400318F2380E600E391A7FF90080C102285B6
:10A8E400EFF09FA41DDDADBD7D558280EF722F97E3
:10A8F40001112A842E8593055100328902C002C2B7
:10A9040002C402C693047400EFF04FD81D46A68516
:10A9140013059100EF00717F10088A854A85EFF0D6
:10A92400BFA019ED93071400180883C60700034657
:10A93400070085070507B18EA38FD7FEE397F4FEC2
:10A9440005616F700F94EF72EF8F2E848C4141116B
:10A95400AA89838715003289914463D30700A144EF
:10A9640097A7FF1F938787B89C43B1C3B5CE8D4784
:10A974002310F10083C725004A852301F10083C712
:10A984003500A301F10083C745002302F10083C70A
:10A994005500A302F10083C7650093059100A3034A
:10A9A40001002303F10023040100EFF02FCE0C403B
:10A9B4004A860A85EFF0AFCF03280400835644008B
:10A9C400A6881D0881470147E51642868A854E857B
:10A9D400EFF05F982A8909E5A6852285EFB0BF8B41
:10A9E4004A8541016F704F894A860A85EFF02FCC62
:10A9F4007DBFEF722F852E848C414111AA898387F4
:10AA040015003289914463D30700A14497A7FF1F1F
:10AA14009387C7AD9C43B1C3A5CE8D472310F100E6
:10AA240083C725004A852301F10083C73500A301AC
:10AA3400F10083C745002302F10083C75500A30238
:10AA4400F10083C7650093059100A303010023036C
:10AA5400F10023040100EFF06FC30C404A860A851D
:10AA6400EFF0EFC483564400032804008A85858EE2
:10AA7400C2061D08C1822312D400A688814701475B
:10AA8400E51642864E85EFF07FB841016F60DFFE28
:10AA94004A860A85EFF0AFC1C9B7EF625FFCB335F0
:10AAA400B000011185052A891315F60133651501D6
:10AAB4002308B1009305110136843AC632C03EC45E
:10AAC40042C2EFF0AFBCA2471248425593D687006A
:10AAD400230BF1009305910193578800A30AD10039
:10AAE400A30BF100230C0101EFF04FBA32470246E9
:10AAF40003280400B337E0008356440092079144CE
:10AB040011C2A1444A85A68842860C08EFF09F84AE
:10AB14002A8909E5A6852285EFB0EFF74A85056104
:10AB24006F603FF6EF621FF201113EC68647B335F0
:10AB3400B0008505AA891315F6015D8D2308B100BF
:10AB44009305110136843A89B28442C446C2EFF0B7
:10AB5400EFB322489248164593578800A30AF100A0
:10AB64009305910193D78800230B0101A30BF100F6
:10AB7400230C1101EFF08FB132471040835644008B
:10AB8400B337E000920703280900914891C0A14817
:10AB94000C084E85EFF09FA7AA8411E58355440065
:10ABA4004A85EFB04FEF268505616F60FFECAA95EB
:10ABB4009307F00F17370100130787DF6317B500FA
:10ABC40013C5F7FF1375F50F828005058346F5FF5E
:10ABD400B58FBA9783C70700D5B70357450014410B
:10ABE4009307F00F17360100130686DC36974207E9
:10ABF4004183139506014181631BE500AD8FB29734
:10AC040003C50700130515F3133515008280850667
:10AC140003C5F6FFA98FB29783C70700D9BFEF62B8
:10AC24001FE4B28736842E86BA86AA853E85BA8406
:10AC3400EFF06FE6634B05002285EF00716D2A8605
:10AC4400A686A2852685EFF00FE56F609FE3EF628D
:10AC54007FDF5D712A8BAE8A173501001305C5D2DB
:10AC64002C00B284368ABA893E89EFF04FE42A84F4
:10AC740059E534104146DA852800EFF0CFE12A8403
:10AC84003DED8547A303F100A6C293077100240894
:10AC9400BEC4A68685470D462C18281002DC02DEA9
:10ACA400D6C0BEC6EFF00FDB2A8431E983477102B8
:10ACB400A6860D4693F7F7072300FA00C1473EDE48
:10ACC4002C188947281026DCA303F100EFF08FD855
:10ACD4002A8415E54146A6854E85EF0011438D472C
:10ACE400A6860D462C182810A303F100EFF08FD68A
:10ACF4002A8411E54146A6854A85EF001141228543
:10AD040061616F607FD7EF629FD5972701009387BA
:10AD1400A703984383C7470079712A89AE841735FE
:10AD240001001305E5C60C083AC42306F100EFF050
:10AD34000FD82A8415E514104146CA850808EFF097
:10AD44008FD52A8411ED140815462C000810EFF055
:10AD54008FD42A8411E521462C082685EF00F13A88
:10AD6400228545616F60FFD1EF627FCF9727010095
:10AD7400938787FD9C477971AA842E841735010037
:10AD8400130585C10C083EC6EFF06FD20DE5141013
:10AD94004146A6850808EFF00FD011ED14081146BE
:10ADA4006C000810EFF02FCF19E58347F10193F7FA
:10ADB400F7032300F40045616F60BFCCEF623FCA24
:10ADC4003688A14881470147E546EFF0AFD86F6068
:10ADD4005FCBEF62DFC83688A14881470147E5466B
:10ADE400EFF0DF826F60FFC9EF627FC701112A8431
:10ADF4002E850C0832C6EFF08FCB19E9324797360F
:10AE040001009386E6B71008C1452285EFF03FE1C3
:10AE140005616F601FC7EF629FC44111C1472EC017
:10AE240032C48A8509463EC23EC6EFF0AFC2410134
:10AE34006F603FC5EF62BFC24111AE8613061009B1
:10AE4400AA850A8502C002C202C402C6EFF0AFC4DA
:10AE540041016F601FC3EF629FC0328797360100C4
:10AE6400938606B42E8693050002EFF05FDB6F60D5
:10AE74005FC1EF62DFBE7971C1472ACC2ED032D4D4
:10AE84002C080D4628003ECE3ED23ED602C402C651
:10AE940002C802CAEFF00FBC45616F609FBEEF624B
:10AEA4001FBC0111AA842E84173501001305C5AFF8
:10AEB4008A85EFF0CFBF05E514084146A6850A85CB
:10AEC400EFF06FBD09ED8347E1010347F101A207EC
:10AED400D98FCA07C9836177D98F2310F40005611C
:10AEE4006F603FBA05C9EF629FB79797FF1F9387BB
:10AEF400670D90439795FF1F9385050D1795FF1FC9
:10AF040013054508EFB0E0161795FF1F13058507D5
:10AF14006F603FB71795FF1F1305C50682809DC557
:10AF2400EF62FFB39797FF1F9387C70994430111FB
:10AF34002E840A869795FF1F93850509EFB0E017C5
:10AF44000A850294014505616F60BFB37D55828017
:10AF5400EF62FFB0EFB0E0219797FF1F23A4A7068D
:10AF640017F5FFFF1305C5F9EF90304E6F607FB101
:10AF74001797FF1F130747079317150008433E95BC
:10AF8400FD572310F5008280EF627FAD2A840840CC
:10AF940019E16F601FAF1C4158401CC06313E500EA
:10AFA4005CC08347550023200500F99BA302F500EC
:10AFB400EFB0AFD2E9BFEF62FFA89797FF1F938767
:10AFC400A70498432A8411CB8347350093F70702DB
:10AFD40089C7035505008945029713054401EF907D
:10AFE400D021835504000355E400EF203014485861
:10AFF40009C5EFB08FCE232A040213058403EFF0B2
:10B00400BFF88144B149EFA0CFF263C5A4028347DE
:10B0140034002320040493F727FCA301F400004820
:10B02400EFA02FF21316150081452285EF603FA68D
:10B034006F609FA4B38734030329040385043E99F6
:10B044004A85EFF07FF42304090075BF8347350078
:10B0540093F7070299E3014582808357E500E39C57
:10B06400B7FEC167FD176316F600054582800545E6
:10B07400B9A0EF62DF9E93170601C187B2842A84C8
:10B0840001496359F002835705008DCB014563677D
:10B09400F600034584003E953325A6001375F50F8D
:10B0A40039A81C4813171900BA9783D70700E380FF
:10B0B40097FC0509EFA0EFE8E345A9FE01456F60A1
:10B0C4005F9CEF623F98AE89AA84EFA04FDD2A848B
:10B0D400EFD01FADAA86014713068401970500002F
:10B0E400938545E91795FF1F130545F0EFA0AFAD14
:10B0F4002A8921CD8C441304C50022859E0593F52D
:10B104000508EFB0CF9DCC4083877400E18163D103
:10B11400070493E505082285EFB06F9C0D469385DF
:10B1240044002285EFB0CF9983D504002285EFB087
:10B13400AF9E83D524002285EFB00F9E03D649002D
:10B1440083A509002285EFB0AF974A856F60DF922F
:10B1540093F5F507C9B7EF629F9001112A843285F0
:10B1640032C6EFB02F8DEF90CFEE835704001797C0
:10B17400FF1F1307E7003246231BF100930700F873
:10B18400A30DF1001C471843231AA1008983858B62
:10B19400B307F740B28548083ECE231C0100230DB7
:10B1A4000100EFF01FF205616F60BF8DEF629F89B0
:10B1B4000041014529CC9304C40026853289AE8917
:10B1C400EFB04F8B95452A8A2685035B0401EFB0C7
:10B1D400EF872685EFB0EF9E8D45AA8A2685EFB0CE
:10B1E400EF862685EFB0EF9D5C48420A135A0A01A8
:10B1F400D2975CC423186401814763983A014605D9
:10B204004D81330625419337160013F5F70F6F6010
:10B21400BF86EF625F8289692A8BAE8B328AB68AD7
:10B2240081440144314CFD19EFA0AFD063C9A4009F
:10B23400EFA02FD3018D33B5AA006F605F833389EC
:10B24400840383270B003E9963170A008347890010
:10B2540085043E94D1BF03560A00DE854A8533F641
:10B26400C900EFF0BFF47DD10545C1BFEF622FFFE8
:10B2740001112A847C000355E5003ECAB707070084
:10B284003ECC7C003ECEEF10B0362A898545480876
:10B29400EFB0AF9A99454808EFA0FFFFAA844A850A
:10B2A400EF1030372380A4009797FF1F938747ED53
:10B2B4009C434166130606F09396870113D78701D2
:10B2C400558F93D68700F18E558FA207B706FF00DE
:10B2D400F58FD98F11462C00138514003EC4EF005E
:10B2E400C1625008A382040089452285EFF0BFE6BD
:10B2F40009C9AA8513058403EFB0AF943C408507C0
:10B304003CC005616F60EFF7EF626FF5EFA06FC5AA
:10B314002A840504EFA0EFC33305A402F147914545
:10B324003305F502EF10A07401E565556F606FF504
:10B334009797FF1F23A2A7CCEFA0AFC22A840504CE
:10B34400EFA02FC13305A40289450605EF10207232
:10B3540069DD9797FF1F23A9A7C8EFA08FC02A8490
:10B364000504EFA00FBF3304A4029797FF1F239F88
:10B3740087C6EFA00FBF2A84EFA0AFBD93071400C8
:10B384003385A7029797FF1F2393A7C6972701002A
:10B39400938747251797FF1F232EF7C4014579B7D5
:10B3A400EF624FEAAA842E8901449799FF1F93897B
:10B3B40029DD130A8006EFA0CFB96345A400014537
:10B3C4006F608FEB3305440383A709024A86A68581
:10B3D4003E95EFF0BFC719E10504F1BF0545CDB7B0
:10B3E400EF626FE5AA8A2E8BB28B368C3A8A81443F
:10B3F40001448149979CFF1F938C8CD8130D8006C0
:10B40400EFA02FB563C7A40011E085494E856F6096
:10B414000FE63389A40383A70C025E86D6853E9982
:10B424004A85EFF0BFC219CDEFA0AFB30544636BFB
:10B434004501D2866286DA8513050903EFF07FDDC4
:10B4440011C1854985046DBFEF62CFDFC16441112D
:10B454002A8901449799FF1F938989D2130A800688
:10B46400FD1436C632C42EC2EFA0AFAE92452246BA
:10B47400B2466346A400014541016F60EFDF330526
:10B48400440383A709023E9509C683473500C18B4F
:10B494009DC791C68347350093F707028DC36306A2
:10B4A40099008357E500639C27010357050001CBEE
:10B4B40063E7E50083478500BA97E3CFF5FA05040F
:10B4C4004DB7EF622FD8C1642A8901449799FF1FB1
:10B4D400938909CB130A8006FD14EFA08FA7634458
:10B4E400A4006F606FD93305440383A709023E9516
:10B4F4008357E500638897006304990063942701E8
:10B50400EFF07FAB0504D1BFEF626FD289692A8A5D
:10B51400AE8A328BB68B8144179CFF1F130C4CC62A
:10B52400930C8006314DFD19EFA0AFA263C4A400B3
:10B534006F60AFD33389940383270C028355CA0108
:10B544005A863E994A85EFF07FB005CD814D05A01E
:10B554003384AD038327090303D60B00D68533F662
:10B56400C9003E942285EFF07FC419E5850DEFA054
:10B574004F9CE3CFADFC31A02285EFF0FFA0230464
:10B584000400850455B7EF620FCB4169AA8A014ACA
:10B59400179BFF1F130BCBBE7D19C14B054CEFA0AE
:10B5A4004F9B6344AA006F608FCC93098006B30756
:10B5B4003A0383290B02BE9983D7E900638C2701E0
:10B5C40063842A016398570103A4890311E44E8517
:10B5D400EFF0DFC9050AE1B78357040163997707E0
:10B5E4009304C4002685EFA0FFC885452A8D2685CF
:10B5F400835C0401EFA09FC52685EFA0BFD8620538
:10B604006185635F05028D452685EFA03FC48945AA
:10B614002685EFA0BFC389452685EFA03FC3854596
:10B624002685EFA0FFC383470500094793F7F70773
:10B634006398E70099452685EFA09FC2A302850180
:10B644004848337D2D01231894016A9548C400406D
:10B65400B5BFEF62CFC0EFE0E01A9797FF1F83C733
:10B66400279F1765FF1F13052559A300F500EFD089
:10B67400E04681461306F00F81450145EFD050079F
:10B684006F602FC01797FF1F1307878C1843979578
:10B69400FF1F83C5E59B9797FF1F9387E799834611
:10B6A4008703034697036397D5009797FF1F23816A
:10B6B400C79A828083C587010347A7036317B6002F
:10B6C4009797FF1F2386E798828003C68701631735
:10B6D400C7009797FF1F238DD796828083C6870163
:10B6E400130750026319D700930760021797FF1FCF
:10B6F4002300F796828083C68701130660026315D0
:10B70400D60093077002DDB783C7870155BF9797AB
:10B71400FF1F93876792D44B0947638EE606EF6257
:10B724000FB49794FF1F9384648E3E8483C70400F0
:10B73400918B95CBEFE0000D1795FF1F1305858DB9
:10B74400EFD0C03981461796FF1F0346A68E814568
:10B754000145EFD0E07915CD83C70400ED9B179721
:10B76400FF1F2305F78A8347040093F7F70F95C358
:10B7740091471797FF1F232BF78CEFF09FEDEFF006
:10B784007FF0414691451795FF1F0345658BEFA058
:10B79400F0656F600FAF8280EF626FAC8D4741112F
:10B7A400630FF502C5476304F5028547631EF50080
:10B7B4009797FF1F2380A78A930500101795FF1FF3
:10B7C40003450588EFA0105941016F608FAB854791
:10B7D4001797FF1F2300F78893050020C5B7979795
:10B7E400FF1F93876785D44B11476387E600EFE01B
:10B7F400600193050004D9B785441797FF1F2327D9
:10B80400978483C7070032C62E8493F7F70FCDDFE2
:10B814007D141374F40FEFD0F07EE3FC84FCB24586
:10B82400994703C61500E3F6C7FC09061795FF1FE1
:10B83400130585829750FF1FE780E03B93050008BE
:10B844001785FF1F0345C57FEFA0D0505DB7EF629A
:10B854000FA11787FF1F1307277E4047184B1C4073
:10B864009786FF1F23A0F67E6316E4001787FF1F49
:10B87400232CF77C130584FEEF905FCE035564FF01
:10B88400EF90BFA1EFA07FC56F60AF9FEF622F9DC8
:10B894009787FF1F9387477AD84BDC4799C3EFF00C
:10B8A4001FFB85471787FF1F2322F77A9787FF1F00
:10B8B4009387076A9C43930500021785FF1F03457E
:10B8C400257883C787031787FF1F2303F778EFA023
:10B8D40070486F600F9B9787FF1F23A1A776828014
:10B8E400EF62EF97A1451785FF1F03456575EFA02C
:10B8F4009066A1451785FF1F034585749784FF1F34
:10B9040093848473EFA0B049DC4489E7EFF03FE00F
:10B914006F602F9703D567FFEF903F982A847DD5FA
:10B92400D84891476310F70291451785FF1F0345D7
:10B934002571EFA0506291451785FF1F034545709F
:10B94400EFA0F045894703294401035404011787F4
:10B95400FF1F232DF76EEFD0F06A83C78401210403
:10B9640042041765FF1F130525291767FF1FA30549
:10B97400F7286119EFD080164180814609469375F6
:10B98400F40F4A859787FF1F2386076CEFD0002F9B
:10B9940011E99787FF1F83C7277C89C79750FF1F2B
:10B9A400E78040E82146A1451785FF1F0345456907
:10B9B400EFA0D043B1BFEF628F8A93F70520011146
:10B9C4002E8481CBEFF09FEC1345042005616F605A
:10B9D4004F8B93F70510B9C79784FF1F9384C465F1
:10B9E400DC48EFF03FCA1787FF1F13076756184359
:10B9F40083C78401034787036316F700DC4499C3B4
:10BA0400EFF0FFE48547930500021785FF1F034508
:10BA140025631787FF1F232BF762EFA0B03313456D
:10BA240004106DB793F70508ADC79787FF1F83C749
:10BA3400B762E91719469785FF1F938505621305B9
:10BA4400D10093F4F70F1789FF1F0349E960EFF062
:10BA5400D06B93970401C1831787FF1F13074760B7
:10BA6400231DF100231CF1009787FF1F9387C75CF8
:10BA74003ACE3ACAD8432306010009CBDC439315D6
:10BA8400890154080D46E18568008297134504082E
:10BA940035BF93F72500A1CF9787FF1F9387C75919
:10BAA400D84B89476304F7029787FF1F83C707565C
:10BAB40013F7270001EF918B89CF1306000A8945FC
:10BAC4001785FF1F0345C557EFA0503213452400C7
:10BAD400F5BD9787FF1F9387A7479C4383C78703B9
:10BAE4001787FF1F2306F756EFF09FDFC5B793F7BD
:10BAF400050291C7EFF0DFDE13450402C1BD93F7E1
:10BB0400850091C7EFF09FD813458400C1B593F722
:10BB1400150091C7EFF0BFBF1345140045BD93F75F
:10BB2400450091C7EFF0BFBE1345440045B593F7F8
:10BB3400050485C39787FF1F83C7075081CBEFF0A8
:10BB44005FB191471787FF1F2322F7501345040461
:10BB5400B5BD93F705010145E38A07E69787FF1F03
:10BB64009387874DD84B9147631BF7029787FF1F35
:10BB74009387C7499C4313D727008583D98F858B27
:10BB840099E3EFD0304891451785FF1F0345454B96
:10BB9400EFA0703C85471787FF1F2329F74A1345F9
:10BBA40004012DB5EF52BFEB9787FF1F23AC074865
:10BBB4009787FF1F23AA074885471784FF1F13048D
:10BBC40024391787FF1F2323F7481C4083C78703A3
:10BBD4001787FF1F230EF746EF909FBD21C197677C
:10BBE400FF1F23AFA7001C40170500001305E5DC69
:10BBF40083C787031787FF1F230CF7441767FF1FAB
:10BC0400A30CF7FE9787FF1FA3880742EFA03069B4
:10BC14009787FF1F2386A7426F50BFE6B7C7898E59
:10BC2400938767ED1767FF1F232CF7FC6DBFEF5257
:10BC34001FE31787FF1F03472740795441E3978782
:10BC4400FF1F9387673F03C7170005079786FF1FEA
:10BC5400A384E63E03C717008D463377D702978641
:10BC6400FF1FA38BE63C83C617001787FF1F13072C
:10BC7400272E184393F6F60FA9E683478703178701
:10BC8400FF1F2307F73C85471787FF1F2306F73A53
:10BC94009787FF1F938787379C430144998B99EFBC
:10BCA400C1451785FF1F0345A539EFA0500F8545F2
:10BCB4001785FF1F0345C538EFA0D00922856F50B3
:10BCC4005FDC83C7170085466395F60083479703B7
:10BCD4007DB78347A70365B79787FF1F83C7C7351A
:10BCE400B1C7EF52DFD785451785FF1F034545359B
:10BCF4009787FF1F23820734EFA0700A91451785A9
:10BD0400FF1F0345E533EFA0102591451785FF1F5D
:10BD140003450533EFA0B008C1451785FF1F034550
:10BD24002532EFA0300301456F50BFD5795582808D
:10BD3400EF52FFD22A84035565FFEF900FD6978701
:10BD4400FF1F9387672FD847BE840DEBEFA02FF812
:10BD54009C48232004009DE79787FF1F23A6872E76
:10BD64009787FF1F23A0872E89451785FF1F03454B
:10BD7400252DEFA0207E01456F50BFD0630A8700B8
:10BD84001843E1B780C39787FF1F23AF872AE9BF12
:10BD94007955DDB7EF52BFCC9787FF1F9387073CD8
:10BDA400884323260500232405005105EF80F04431
:10BDB4006F503FCDEF52BFCA1784FF1F1304043ADC
:10BDC4001C40411189CF9C472302B5002AC61CC1DF
:10BDD400EFF05FFC1C409C4B99C3324582974101B4
:10BDE4006F503FCAEF52BFC74111444D3285328470
:10BDF4002EC6EFA02FD92AC42285EFA00FDA03A8FC
:10BE04004400630C0800B24583574400184022469E
:10BE140083D54500AA862685029841016F507FC6C6
:10BE2400EF52FFC3404D1DC408C097050000938521
:10BE3400E50213054401EF80F02E9787FF1F9387D7
:10BE4400E7319C43014589E79787FF1F23A8873083
:10BE54006F503FC37D55EDBFEF527FC001116800A5
:10BE64009305F00F02C602C802CA02CC02CEEFF05C
:10BE74007FF405616F50FFC09787FF1F9387072EDC
:10BE84009C43D847A1679D076311F702EF523FBD5A
:10BE940001113285EFA00FCF230AA100814568006C
:10BEA400EFF05FF105616F50DFBD82809787FF1F60
:10BEB4009387C72A9C43D847A16793877703631165
:10BEC400F702EF52DFB901113285EFA0AFCB230A9D
:10BED400A10081456800EFF0FFED05616F507FBA66
:10BEE40082809787FF1F938767279C43D84795478E
:10BEF400631CF702EF52BFB6011132853284EFA002
:10BF04006FC8230AA1002285EFA02FC983574400DC
:10BF1400231BA10081453ECC1C4068003ECEEFF0BF
:10BF24007FE905616F50FFB58280930785FF89CF54
:10BF34008327C5FF91CBDC4B81CBEF525FB2032546
:10BF440085FF82976F50FFB38280EF525FB12A84DE
:10BF54003285EFA02FC3BD4763EBA7001844937746
:10BF6400F5000345B70041995D8DA305A7006F5007
:10BF74005FB1EF52DFAE01117C003ECAB707070084
:10BF84003ECC7C003ECE5C4D8DCF2A841385870049
:10BF9400AE84EF80D01AA1652A899D054808EF80F8
:10BFA400BFA29305803EB345B902480893F5F50F47
:10BFB400EFA0EFB2014781465008A6852285EF80A5
:10BFC400FFC005616F50FFABEF527FA9EFF07FFA1E
:10BFD4006F503FABEF52BFA801117C00AE843ECA44
:10BFE400A165B70707002A843ECC48087C009385E6
:10BFF40075033ECEEF805F9D1C44480883C5B7009F
:10C00400BD89EFA0CFAD500801478146A6852285A2
:10C01400EF80DFBB05616F50DFA6EF525FA42A8477
:10C02400AE84EFF09FF2A6852285EFF0BFFA6F5041
:10C034005FA5EF52DFA2EFF0FFF96F509FA4EF521C
:10C044001FA20329C5014111630409022A84328510
:10C05400B284EFA02FB32AC62685EFA00FB483279E
:10C0640049002A8691C7DC4781C7B2452285829759
:10C0740041016F501FA1EF529F9E444D81CC2A84F1
:10C084003285EFA08FB1DC40AA8589C79C4799C34C
:10C09400228582976F50FF9EEF52DF9A032AC501D3
:10C0A400411163030A062E89AA8495453285328498
:10C0B400EF809F9185452285EFA0EF9DAA89CA85CF
:10C0C4002285EFA00FA383274A009DC7DC438DC7B9
:10C0D4002285EFA0CF9A83274A001040835644005C
:10C0E400DC437115A307A100B2961307F1004E8635
:10C0F400CA852685829701C52380090031A083451E
:10C10400F1002285EFA02F9941016F50FF96EF5265
:10C114001F9565711C083EC2B70780013EC41C0808
:10C1240032893EC62A84AE84EFF07FF14A85EFA0BF
:10C13400CFA68357A10089CFAA8550002285EFF0AE
:10C14400BFF5014781465000A6852285EF801FA8D0
:10C1540059616F501F93EF52FF8E65711C0883293C
:10C16400C5013EC2B70780013EC41C082A84AE84C0
:10C1740032893EC6EFF03FF0638409024A85EFA09E
:10C18400CFA18357A100AA8581CF50002285EFF06B
:10C19400BFF0014781465000A6852285EF801FA38A
:10C1A40059616F507F8DEF529F8B65711C083EC2A1
:10C1B400B70780013EC42A841C0832853EC6AE847B
:10C1C400EFA0AF9D8357A10089CFAA855000228597
:10C1D400EFF09FEC014781465000A6852285EF8051
:10C1E400FF9E59616F50FF89EF527F87444D91E85C
:10C1F4008347450093B71700B307F0403E856F505F
:10C204005F881845FD577DDB970700009387070378
:10C214002A845CCB97050000938565D1138584003F
:10C22400EF80407080C003474400814761FB17875B
:10C23400FF1F232797F2D9B7EF52DF808329C50167
:10C244004111032985008147638B090803240901EF
:10C2540091452A8A2285EF802FF785452285EFA014
:10C264008F838945AA8A2285EFA0EF82AA84EF8072
:10C274004FFB83A749002A8B9DC79C438DC722850A
:10C28400EF90FFFF83A74900A306A1001040835647
:10C2940044009C431307D100B296D6851306E100EF
:10C2A4005285829709CD83570B002380F400A18324
:10C2B400A380F40023800A00A306010029A8835761
:10C2C400E10022852380F4008345D100A183A3806B
:10C2D400F400EF905FFC8347D100B337F0000347CD
:10C2E400B900920701453D9BD98FA305F90041018F
:10C2F4006F508FF8EF52AFF641111DE99787FF1F7A
:10C30400938707E6804305C80440130984009DC54C
:10C314005C4099C79C4B89C726852EC68297B24537
:10C324009307803EB385F5024A85EF80806B21A098
:10C33400404DAA8479F841016F50AFF44A85EF80EB
:10C34400C06B5C40EDDBDC4BFDD726858297E5B7FF
:10C35400EF52EFF02A843285EFA0CF82AA8522859E
:10C36400EFF05FF96F50EFF1EF526FEF2A84AE8474
:10C37400EFF01FFEA6852285EFF0BFBF6F506FF070
:10C3840008413355B50005898280EF524FED17847B
:10C39400FF1F1304E4DE1C5C0111231701008D83CD
:10C3A400858BA303F1008327040B231801002319B1
:10C3B400010003D7C7013ECA3C002314E1007D57A6
:10C3C4002315E1000357C4023ECC02CE2316E1003C
:10C3D400EF802FC88357E101231EA10093F707E0E4
:10C3E40093E71710231FF1009787FF1F83C7E7DB2D
:10C3F40085C305470145638AE7008347840393E7C0
:10C4040027001787FF1F2309F7DA05616F506FE7CD
:10C414008147171701001307E77885461306710053
:10C4240085454808EF70A0636DF183478403F59B4D
:10C434001787FF1F2302F7D885471787FF1F230697
:10C44400F7D6E1B7EF52AFDE978DFF1F938D4DD333
:10C4540003A6CD0639712A898147814493060002D7
:10C464003357F600058B01C7850493F4F40F850751
:10C47400E398D7FE83A70D0B2317010223180102AB
:10C4840003D7C7013EDA3C102314E1027D5723157C
:10C49400E10203D7CD023EDC231901022316E10297
:10C4A40002DEEF800FBB8357E103231EA102014587
:10C4B40093F707E093E71710231FF1029787FF1FF5
:10C4C40083C7A7CEA9EF9787FF1F83C7F7CE3EC6C2
:10C4D4009789FF1F9389C9CA0144014D9D4A054BA1
:10C4E400954B178CFF1F130CECD0978CFF1F938C6C
:10C4F400ECCF03DAC90563090A00EA85631459031A
:10C504006685EFF0FFE71DC1050DA1478909E31218
:10C51400FDFE2DE09787FF1F23AC07CC0145216169
:10C524006F50AFD46285EFF0BFE579DD3247B38752
:10C534008400E3F0E7FE9C001306140006043E9416
:10C5440013178A0093578A00D98FC207C183A30E99
:10C55400F4FCA183230FF4FC03A70D07B317AB016D
:10C56400D98F1787FF1F2325F7C863047601328408
:10C5740061BF15449787FF1F83C707C3138717003D
:10C584009786FF1F2382E6C293161400230EF10040
:10C594001717010013070761814785067008CA85CC
:10C5A4004818EF70C04BE34705F68347C1010545C2
:10C5B4001787FF1FA30AF7BE9787FF1F238727BF8D
:10C5C400B9BFEF522FC80111AA892E84EFD0AFA6AC
:10C5D4002A899784FF1F9384A4BA6399090A9C5CEF
:10C5E400414793F707036393E70A1787FF1F03473E
:10C5F40017BC894763ECE70883A7040B23170100E2
:10C604002318010003D7C7013ECA3C002314E100EC
:10C614007D572315E10003D7C4023ECC2319010042
:10C624002316E10002CEEF80CFA2231EA100EFC0AB
:10C634002FD78357C101230FA100914613D7870039
:10C64400A207D98F2312F1009787FF1F83D7E7B67C
:10C6540013D78700A207D98F2313F10017170100FE
:10C664001307C7538147500095454808EF70203F92
:10C6740005889317240003C484036D985D8C978701
:10C68400FF1F238B87B205616F500FBFEF80000F30
:10C694001785FF1F1305C5B2EF80203683A7040B4F
:10C6A4009785FF1F83D585B003D5C701EF100028F8
:10C6B4009787FF1F83C747B093F60702014789E6B0
:10C6C4001787FF1F035787AE9786FF1F2398E6AE91
:10C6D4001787FF1F130787A9184309CBC18B99C775
:10C6E40089451785FF1F035565AC02979787FF1F80
:10C6F40023AE07AA9787FF1F238907AA9787FF1FDF
:10C7040023A607AE9787FF1F23A407AE9787FF1FB3
:10C7140023A207AE83D7840393F7270C93E717006C
:10C724001787FF1F231AF7A883572903A18B99C3DF
:10C73400EF70A05711C49787FF1F23A507A6A1B7C1
:10C744008D471787FF1F232FF7A41304803EEF9014
:10C754002F84330585029305400609C5EF904F8366
:10C76400B30585021785FF1F130585A5EF80602794
:10C7740019BF9787FF1F9387A7A0D85325C791C9CF
:10C784009787FF1F238307A29787FF1F23A207A66C
:10C794008280EF52CFAC83C7F70241112EC68507C2
:10C7A4001787FF1FA305F7A09787FF1F2399A7A04B
:10C7B4009D471787FF1F2327F79EEF807FFC2A845E
:10C7C400EF801FFCB24501E5EF809FFBAA85B3050E
:10C7D400B4401785FF1F1305A59EEF8080204101FB
:10C7E4006F502FAA82809787FF1F93876799D8532A
:10C7F40031C7EF52CFA603C7F70205079786FF1F7D
:10C80400A387E69A11CD8C5F0D47014589818589FF
:10C814009786FF1F23A8E698EFF0BFDA6F506FA644
:10C8240085479305C0441785FF1F1305659917872E
:10C83400FF1F2329F796EF80C01ACDB78280EF52ED
:10C844000FA21787FF1F034747968547631EF7000C
:10C854009787FF1F9387C79283C7870393C7870070
:10C864001787FF1F230AF7941785FF1F13054595A4
:10C87400EF80A018EF80DFCD99471787FF1F232390
:10C88400F7929787FF1FA38407929787FF1F238E32
:10C894000790EF801FEE930740063305F502978754
:10C8A400FF1F23A7A7906F50CF9D9787FF1F83C7B4
:10C8B400A790C18B99C7EF528F9AEFF01FAD6F50BD
:10C8C4004F9C695582809787FF1F9387678BDC5342
:10C8D40081CBEF52CF988545EFF0BFCE6F506F9A62
:10C8E40082801787FF1F1307A78901468146BA85EF
:10C8F4002148631E06019DCA2390A60083C78503B1
:10C9040093E717001787FF1F2308F78A05A08357AB
:10C91400C705631DF502F8598547B397C70093C748
:10C92400F7FFF98F1787FF1F2326F78C9C5D9183F0
:10C93400858B85C79787FF1F83C7278799EFEF529A
:10C944000F921D45EFF01FB06F50AF9381E699E34E
:10C954009306C7050506090769BF8280EF52AF8DAC
:10C964008605AA84B309B500978AFF1F938A0A88AB
:10C97400054B978BFF1F938BAB87214C6394340338
:10C984009777FF1F9387C77F9C5F9183858B89CBA4
:10C994009787FF1F83C7678181E72145EFF09FAA2F
:10C9A4006F50EF8C03DA0400630B0A041779FF1F3E
:10C9B4001309097D0144CA8C8357C905639D470344
:10C9C400A2855685EFF0DF9B11E5A2855E85EFF029
:10C9D4003F9B05C903A74C07B3178B00D98F178753
:10C9E400FF1F2329F78083C78C0393E7170017776A
:10C9F400FF1F2303F77C05040909E31F84FB890453
:10CA0400B5BF231E0904C5BF1777FF1F0347E77986
:10CA14008547631AF700EF528F84EFF05FE2EFF07F
:10CA2400DF966F500F86828081478545130600028A
:10CA340093861700B397F500E98F13F7F60F89E78C
:10CA4400B687E397C6FE01473A858280FD47854550
:10CA54007D56B396F50013871700E98E1377F70F09
:10CA640089E6FD17E397C7FE01473A85828089E985
:10CA740001473A85828001473A8541016F506F80B2
:10CA8400EF42FFFD41112AC62E852EC4EFF0DFF9D7
:10CA9400A2457D158547B397A700E39EF5FC324672
:10CAA4009377360099C3719A11069777FF1F93877E
:10CAB400E76C94433E871778FF1F1308686B89EA75
:10CAC400832708009107F19B9776FF1F23A8F66A36
:10CAD400032588001843B307A700B3F7B702B38749
:10CAE400F540FD15FD8D83274800AA95B306B600D1
:10CAF400E3F3F6F8E371D5F82E979777FF1F23AD8C
:10CB0400D7663DDB3A858145EF407FF82A87ADB78C
:10CB140018419777FF1F9387A76523A4070098C33D
:10CB24005841D8C39777FF1F23AA07648280EF4236
:10CB34007FF1AA8401441779FF1F130969649309DB
:10CB4400400EEF80DFB36345A40001456F40DFF280
:10CB5400330534038327090B3E958357C501E387C7
:10CB640097FE0504F9BFEF421FED9779FF1F9389E4
:10CB740029613E84BA848347060003A70900411152
:10CB84009D83058B3D8F83C74401AE8A2A89F99B17
:10CB9400D98F238AF4001C44B685231204001CC0D8
:10CBA4002285328A36C6EF900FEFB246D28536869A
:10CBB400EFE0B055DC4883A509000840858B568614
:10CBC4009D8DEFD0BFD261E918407D558347570052
:10CBD40003476700A207D98FC207C1872394F400D3
:10CBE4006358F00A83C7440193F70703B5CBD048D1
:10CBF4009377160003A609001D8E9787FF1F93875E
:10CC0400E78E9C43ADEB814641A003A70B0093172D
:10CC14002A00BA9718409443834757008345670016
:10CC240033F65601A207CD8F6311F602834737000E
:10CC34000346470003472700A207D18F4207D98F35
:10CC4400BD82B3F76701638AF604050AEF803FA249
:10CC5400420593170A014181C183E3E8A7FA41BF62
:10CC6400A16A370B0200014A977BFF1F938B0B5F6E
:10CC7400FD1A7D1BE1BF83C74401130700038546EA
:10CC840093F70703E391E7F8A2854A85EFD07FD6AF
:10CC940041016F40DFDD6155E5BF7955D5BFEF42F6
:10CCA4007FDA9774FF1F9384E4359C40D9EF97771C
:10CCB400FF1F9387674B9C436399070CEF803F9D4D
:10CCC400930780023305F5028945EFF05FDA41C925
:10CCD4009777FF1F23ACA754EF807F9A9307400EEA
:10CCE4003305F5029145EFF09FD835C99777FF1FBB
:10CCF40023A0A754EF80BF9001CDEF805F909145B2
:10CD04000E05EFF0DFD621CD9777FF1F23A4A7529E
:10CD1400EF801FA911CDEF80BFA8D9473305F502D5
:10CD24008945EFF0DFD405CD9777FF1F23AEA74EDB
:10CD3400EF80FF9391450A05EFF07FD30DC19777FC
:10CD4400FF1F23ADA750014521A8EF809FA09307A3
:10CD540080063305F5029145EFF07FD101E5655575
:10CD64006F409FD19777FF1F23ACA7420144130A5A
:10CD740080061779FF1F1309A940B14AEF807F9DF0
:10CD84006364A4029C40E38407F2EF809F9C9307B2
:10CD9400A0043305F5028945EFF07FCD69D197777B
:10CDA400FF1F23A1A74C19BFEF80BF998945060532
:10CDB400EFF0FFCB4DD5B3094403032709024E9787
:10CDC40008CBEF801F97330555039145EFF03FCA19
:10CDD40059D58327090205041374F40FCE9788DB11
:10CDE40071BF9777FF1F9387A7398847058982808A
:10CDF400C167FD176319F5009777FF1F93874738BD
:10CE040003A5070B8280EF429FC5EFF05FD26F400E
:10CE14005FC7814709C58347E501B337F00017773A
:10CE2400FF1F1307E73518470983058B19C393E7D9
:10CE340027003E858280EF429FC22A84EFF07FFD67
:10CE44008347E401AA851305940899E313050403B1
:10CE54009776FF1F9386C632944213061502130772
:10CE6400840213059504EFD04FC76F409FC1EF4272
:10CE74007FBD9774FF1F9384A43098442A892E841D
:10CE84000983058B9C4019C76314F5006380050E64
:10CE9400014401A2E3FEA7FE1387A702E36AA7FEEB
:10CEA400850763FCA70883A9440BEF804FF513168D
:10CEB400350081454E85EF409FBD9777FF1F23A125
:10CEC400272D9777FF1F23AF072A49CC9C4493E76C
:10CED40047001777FF1F2329F72A9777FF1F238D12
:10CEE4000730630F040C9777FF1F23AB27290144F6
:10CEF4000549EF80CFF06341A40AEF804FF3930517
:10CF04000006B3C5A502B7F73600938707E817757F
:10CF1400FF1F1305A52E416901449309400E7D1995
:10CF2400B385F502EF70F02BEF806FF5634FA40823
:10CF34000145EF30C0760544A9A86398A7029DE592
:10CF440083A9440BEF80AFEB1316350081454E8562
:10CF5400EF40FFB39777FF1F23A427239777FF1F83
:10CF640023A207229C44ED9BADB785C51777FF1F0D
:10CF7400034787289307F005E3FCE7F021F8EF6007
:10CF8400D0536DD19C4493E707021777FF1F232DDD
:10CF9400F71E22856F405FAE83A7440B1315340040
:10CFA4003E958357050081CB8347250099C72146C9
:10CFB4008145EF40DFAD05042DBF23012501E5BF09
:10CFC4009777FF1F23A0071C0DBF3305340383A7E6
:10CFD400040B3E958357C50163842701EFF0BFE539
:10CFE400050499B7EF42BFA7EF806FE4130400066E
:10CFF4003345A4029774FF1F9384841883C784075E
:10D004003E951375F50F9777FF1F2387A71E930788
:10D01400F00563E7A7020545EF306068EF802FE174
:10D024003345A402B7F53600938505E8B305B50288
:10D034001775FF1F1305851CEF70B01A6F407FA48E
:10D044009C4405458983858B81CBEF801FE888400C
:10D054008145EFF0DFE1DDB7EF306064C5B7EF4243
:10D064007F9E130495082A8913069005A28513054B
:10D074000503EFE090091306900581452285EF40F2
:10D084001FA14A85EF30405B8144177AFF1F130AC2
:10D094002A0F930A8002EF808FDF63C4A4006F40DD
:10D0A400BF9D338454038327CA0A3E940357040064
:10D0B4008357C9016317F702834744009DC393094B
:10D0C40064014546CE8513055400EFE0100445463F
:10D0D40081454E85EF40BF9B228523020400EF303B
:10D0E400805D85044DBFEF429F979777FF1F93871D
:10D0F40067F19C432A8491C70DC50355C501EFE030
:10D104008FC89777FF1F9387673E9C4389CBEFB007
:10D11400BFD985476315F5002285EF50A0746F4091
:10D124005F9641657D15E1BFEF427F931774FF1F42
:10D13400130404054440938714001777FF1F232327
:10D14400F704EF30E0641C448983858B9DE75840E5
:10D15400B7E7B0009387075063F1E7020145EFF0AA
:10D164001F9D01CD0545EF805FD608408545050527
:10D17400EFF0FFCF0145EFF01FF726856F407F905A
:10D18400EF425F8CA1642A8901449779FF1F938938
:10D19400E90CFD14338AA500EF806FCD6344A4002D
:10D1A4006F409F8D03A7090093172400BA979843F3
:10D1B400658F42074183634C2701635A47012380EB
:10D1C4000700A380070023810700A381070005044B
:10D1D400E1B7EF42DF8583594500C547411163F547
:10D1E40037310441C1E533853401834785FF034763
:10D1F40095FF0348B5FFA207D98F0347A5FFC207D0
:10D20400220733670701D98F0347C5FF0348D5FFBA
:10D214002207336707010348E5FF0345F5FF42078B
:10D2240022083365A800498FB98F1777FF1F1307AA
:10D23400A7001778FF1F130828023A8583280700E0
:10D244006384172B1107E31B07FF1777FF1F1307CF
:10D25400A70018431318270042951CC10507A147CE
:10D264003367F7029777FF1F23A8E7FE93F735008C
:10D274001397470083474601C16B368993F7F7FC40
:10D28400D98F32842E8A230AF600814A177CFF1F25
:10D29400130C0CEFFD1B977CFF1F938CACD6177DF2
:10D2A400FF1F130D2DFCEF808FBD63C7AA00E1544F
:10D2B400268541016F406FFB1308400EB3870A03B4
:10D2C40003280C0BB30DF800638E0D2083D7CD011A
:10D2D400638A772183A70C00014B6397071697771E
:10D2E400FF1F938767E89C436390071683C7040076
:10D2F40003C70D0493F7F707631BF71ACA8722873E
:10D30400CE86268693859D0613851D04EFF0BF8582
:10D31400631F051883D7CD01032709002320B40117
:10D324002312F400FD572313F4008347170093F6E8
:10D33400F7078347D40093F707F8D58FA306F400C3
:10D3440093F7F707B337F000B307F0402307F4006F
:10D35400834717009D839396370083474401DD9BE1
:10D36400D58F230AF4008347370083464700A2077A
:10D37400D58F83462700C206D58F1CC88347770004
:10D3840003478700A207D98F2315F4000D476304D0
:10D39400EA00BD5491DF93870710C207C1831307C6
:10D3A400B00FBD54E376F7F0EF806FA78144E3112B
:10D3B40005F09776FF1F83C6A6EA938716001777B2
:10D3C400FF1F230FF7E81777FF1F130727E9231B16
:10D3D400D40093972600144303578400E175BE9646
:10D3E400A1671386F7FFB377C70098426D8FD98F73
:10D3F4009CC21848F18F3E07D98F9CC2EF802FA79B
:10D404009777FF1F83C7C7E533F5A7029777FF1FF9
:10D414002388A7E471BD9307A004B308FB02832704
:10D424000D00BE9803D7080083D7CD01631DF70014
:10D4340083C7040003C7880093F7F707630BF7005B
:10D4440083C7FD019DEB050BEF80AFB0E345ABFC5B
:10D4540071BD9385980113859800CA872287CE866B
:10D46400268646C6EFF02FF0B24879F98347440187
:10D4740093E74700230AF40071BD83C7040003C780
:10D48400980293F7F707E310F7FCCA872287CE8642
:10D4940026869385A8031385A802EFF0CFEC45F503
:10D4A4008347440193E72700230AF400C1B783C7E5
:10D4B400FD018DCB83C7040003C79D0993F7F707CC
:10D4C4006312F702CA872287CE86268693852D0C9F
:10D4D4001385AD09EFF02FE911E58347440193E784
:10D4E400270049BF850AC1B3FD54D9B3EF42AFD475
:10D4F400797183544500AA8B2E84B28AEF802F9AC7
:10D50400590563469504EF808F9959054205418179
:10D51400EF80B04F2A8905CD2AC623180100EF8079
:10D524000F9859052319A100614681452808977968
:10D53400FF1F9389E9C44ACAEF406FD523028102D1
:10D5440003A48900058819E44A85EF80F046456103
:10D554006F40EFD174003008D6855E85EFF07FC749
:10D5640065F56800EF801FD1177AFF1F130A0AF8C8
:10D5740083270A00AA84035B010189CB8947639747
:10D58400FA00835501025E85EF506047035521027E
:10D59400EF70CFAC19E503552102EF700FB93334A6
:10D5A400A0008347C1021A042C0893F7F7FB5D8C93
:10D5B400680023068102EF60106EE9576314F502D8
:10D5C4008356E1029777FF1F938747C99C431397BC
:10D5D40026006176BA979843718F98C39777FF1F97
:10D5E4002380D7C8831721026345F00085476396DB
:10D5F400FA00B25793F7070CA1FBD247C2040347C2
:10D60400C102C180BE9426C62318610113770703A3
:10D61400C147631CF70083475102054793F7F70797
:10D62400E384E7F2EFB0CFD735A892570544A1833E
:10D6340093F7F707E37AF4F0630507108347C10211
:10D644001307000293F707036397E700EFB0DF8542
:10D654008547E31BF5EE8347C10293F70703F9F30C
:10D66400EFB0CFE3AA8501460545EF70FFD82A84C1
:10D67400E30C05EC8347C102414793F70703638436
:10D68400E70232478347170093F707F8A300F70030
:10D694003247925783461700A18393F7F707FD1784
:10D6A400D58FA300F70003560101B245130BC40044
:10D6B4005A85EF80FFC0E24A130690058347C102F2
:10D6C40083C4EA01918BB384C40213851404569570
:10D6D40095C35444B3879A0083C7070403C706005D
:10D6E400137707F82380E600584483460700D58F54
:10D6F4002300F700B25703A609008146858B1D8ECF
:10D70400DA85EFD04FA415E9B25783A50900484440
:10D7140013869406858B56969D8DEFD02F9D11ED23
:10D7240083270A0085EBB257054791838D8B63806D
:10D73400E706A1CB09476382E7062285EF80FFD97C
:10D7440021B5EFB02FD3E30B85EEEFB0EFF5E31D7A
:10D7540085DEEDB5EFB04FF585476309F5008347E6
:10D76400C102414793F70703E39FE7FA8355210278
:10D774005A85EF50201445D983172102E355F0FA56
:10D784006DBFEFB02FCF7D15133515005DD5014664
:10D7940081452285EF701FCF4DB7EFB0EFF0E5B7AD
:10D7A400EF42EFAB9774FF1F9384049F2685EF80AD
:10D7B4009FCB2A8419E16F40CFAC1305C400054602
:10D7C4008145EFF0BFD22285EF803FD1C5B7EF424C
:10D7D4000FA94111AE842A849307950313071501F9
:10D7E4009306F10005466C00268523060100EFD060
:10D7F4000FC61DEDA68541462285EFE00011834743
:10D80400F1009305140226852308F400EFD0AFCF6E
:10D8140005E19777FF1F938767CD9C4389EF130634
:10D82400940497050100938565382685EFD0CFDBF6
:10D8340041016F400FA513069402970501009385DB
:10D8440065372685EFD04FDA79D9DDB7EF428F9F60
:10D854009777FF1F938787A08043AE84B289368A67
:10D86400AA8AEF70DFE01316250081452285EF4078
:10D874000FA29777FF1F2385079E9777FF1F938734
:10D88400279003A4070B13F714003E89230FE40029
:10D89400CE8525C713059408EFF07FF301C55555D0
:10D8A4006F408F9D8947A30FF4009777FF1F9387DD
:10D8B400E7C39C4303278900858093B71700860735
:10D8C4002300F402231E54019777FF1F23AA478BDA
:10D8D40085889377B7FF99C0936747001777FF1F31
:10D8E4002324F78A2285930700061777FF1F230551
:10D8F400F790EFF04FD4014565B713050403EFF03B
:10D904001FED45D569BFEF428F95FD572310F500F4
:10D914002311050023120500231305001306200418
:10D9240081452105EF40AF966F40AF95EF428F914F
:10D934004111AA8401441779FF1F1309A99293097D
:10D94400A0042EC6EF70FFE0B2456344A400615505
:10D954000DA033053403832709003E958357250022
:10D96400639CB7008357050063989700EFF0BFF9F5
:10D97400014541016F404F900504E1B7EF428F8CA0
:10D984009767FF1F9387477E9C434111AA842E8487
:10D99400B28903592500C1C39777FF1F83D7078135
:10D9A400639B2707EF60FFEA2A8903D524009305C8
:10D9B4001002B305B40285472302F100935789008E
:10D9C400A302F10093578500A303F10083D7440019
:10D9D4002304A100254613D787002305F10083D72C
:10D9E4006400A304E1004E8513D78700A305E1007A
:10D9F4002306F1001387950093879501A105B3864B
:10DA0400B400A6974C00269723032101EFD02FA43E
:10DA140041016F406F86EF60DFE351BFEF428F82B9
:10DA24004111AA8401441779FF1F1309A98393099B
:10DA3400A0043AC636C432C22EC0EF709FD18245CC
:10DA44001246A24632476344A400615599A0B30725
:10DA5400340303250900AA9703D8070003D5C4019A
:10DA64006310A80495E91DEE91CA03C6E401930569
:10DA740010023306B60225063E9690C2014511CB2C
:10DA840083C6E40113061002B386C602E506B69700
:10DA94001CC341016F305FFE03D52700E305B5FCCD
:10DAA400050441BF83C5E40113051002B385A50233
:10DAB400BE9583C585002300B6007DB7EF329FF87D
:10DAC4005C4141112A8403DA2700C167FD17AE8443
:10DAD4003289630CFA002685EF806FFA8D4763ED77
:10DAE400A7007D5541016F303FF92E85EF802FF956
:10DAF4009D47E3E2A7FEF5B75C40268583D5470042
:10DB0400EF808FF0835584002685EF80EFEF8D45FD
:10DB14002685EF802FEEAA89EFF00FE193570501D8
:10DB24002380F90093578500A380F9002381A9007D
:10DB34005840C167FD178345A7006314FA0093E5B5
:10DB440005082685EF800FEF9767FF1F9387C7614E
:10DB54009C430840D9CF8347B400858BD9CB780048
:10DB64003400130671008145EFF05FEB1DC9834754
:10DB7400B400184093069005F99BA305F40083476D
:10DB8400E701B387D702B306F70083C60604A303ED
:10DB9400D1009386170493879706BA96BA9736C42A
:10DBA4003EC61764FF1F1304A45D1C440C40268565
:10DBB4008983858B9D8D834771009E05DD8D93F54B
:10DBC400F50FEF802FE71C44104022458983858B95
:10DBD400CA861D8EA685EFC01FD7E31505F01C4429
:10DBE4000C40324689838840858B9D8DEFC01FD0C1
:10DBF400D5BD8347B40013079005F99BA305F40032
:10DC04008347E501B387E7023307F50003470704B9
:10DC1400A303E10013871704938797062A973E9579
:10DC24003AC42AC6BDBFEF32FFE1032A4500930779
:10DC3400F00FAA840347AA00AE893284368963169A
:10DC4400F700EFB00FB52305AA00938AC900014677
:10DC5400D6852685EFF09FE62A8A21E51777FF1FF0
:10DC64001307C7881843DC4039C383C6A700054798
:10DC7400638FE60283D547005685EF40B04305C95C
:10DC8400DC40839747006354F00201CC1C4089C7F1
:10DC94004A868145014582975C4081C7CA85014512
:10DCA40082974E85EF807F8352856F30FFDCDC40A6
:10DCB40003D54700EF609FBA01E9DC4003D5470074
:10DCC400EF60BFC681471DCD19C41C4089C74A8671
:10DCD4008145014582974E85EF806FFFAA851765C0
:10DCE400FF1F1305654BEF80CFF511C45C4081C75E
:10DCF400CA85014582971765FF1F13052549EF6003
:10DD0400F04C8547D84085460346A700E30BD6F878
:10DD1400031747006353E000C9F74A86A2854E857E
:10DD2400EF704FF6BDBFEF32FFD1AA8401441769EB
:10DD3400FF1F130929539309A004130A9508EF70D0
:10DD44005FA16344A400014535A033053403832750
:10DD540009003E958357250099E30504CDB7035781
:10DD6400050083D7C401E31AF7FE52868545EFF018
:10DD7400FFC065D56F305FD0EF32DFCCAA84014499
:10DD84001769FF1F1309094E9309A004EF707F9CC4
:10DD94006344A4006F305FCE330534038327090046
:10DDA4003E958357250081CF8357050063999700DB
:10DDB40093059502130610022105EFD010350504D2
:10DDC400F1B7EF32DFC90347E5012A848347F50140
:10DDD4006307B70089E781452E856F309FCA230FFB
:10DDE400B400054781C9E398E7FE8947A30FF4000F
:10DDF4008545DDB7638BE7020947E39FE7FC22858E
:10DE0400EFF0EFA59767FF1F938707369C4399E7C9
:10DE14009767FF1F9387071F9C4389C70355C40156
:10DE2400EFF09FF5A30F0400E1B755D6C9BFEF3259
:10DE34007FC1EFA09FF885476312F508EF806FADAF
:10DE44001764FF1F1304846A1C4081CBEFB0CF8595
:10DE540089476304F5001C4082979767FF1F9387E7
:10DE6400A7309C43B9CF82979767FF1F9387871981
:10DE74009C4391C382971764FF1F13046430832764
:10DE8400040B83D4C701EF60DF9C8327040BAA85AE
:10DE9400144003C6E7011C448983858B99C3136628
:10DEA400260026854169EF40C0438144D9497D1944
:10DEB400EF701F8F63CAA4006F301FBCEF808FAA5E
:10DEC40041B7EF706FE74DB7B38734030327840A74
:10DED400BA9703D527006308250103C6470183D5F4
:10DEE4000700EF40A0418504E1B7EF32BFB501441C
:10DEF4009764FF1F9384C4281309400EFD59EF70E3
:10DF04000FF8634FA40401449764FF1F93844427CC
:10DF140013098002FD59EF708FF7634CA404014488
:10DF24009764FF1F9384C4255949FD59EF705F8797
:10DF3400634AA40497F5FFFF9385050B1765FF1F3C
:10DF44001305C52BEF60101E97050000938585858A
:10DF54001765FF1F13058523EF60901B6F30DFB13A
:10DF64003307240383A7040B0504BA97239E3701C0
:10DF740079B73307240383A7C40A0504BA97239007
:10DF8400370151BF3307240383A7840A0504BA97D2
:10DF94002391370161BFD441038735008547335648
:10DFA400F5026377E600A54899E72380060082809E
:10DFB400B387E702EDB73358F502038735003375AD
:10DFC400F502B3D7E7021307000363DA080103C6B7
:10DFD400050013077003118A19E2130770058506FB
:10DFE4004297A38FE6FEC9B718451C416376F70034
:10DFF4005C41BA972380B7001C4585071CC5828005
:10E00400EF32FFA54111AA872E85B285368636C622
:10E01400829763480500B246158D3335A000330559
:10E02400A04041016F30FFA5EF32DFA10569411126
:10E034002A8A2320060001448149976AFF1F938A94
:10E04400EA24056B7D1932C62EC4EF704FE4AA840E
:10E05400EF70EFE22695A24532466346A4004E8552
:10E0640041016F307FA103A70A0093171400BA97E8
:10E0740003D707003377670101E71CC20504E1B742
:10E0840003D707009356D700858AE39946FF337771
:10E094002701E315B7FEBE89D5B7EF325F9C0111A6
:10E0A4002EC6B2843689EFB0CFF72A84615501C8F1
:10E0B400B24589E9232E04002320040201450561A9
:10E0C4006F303F9CA1463008CA852685EFF05FF388
:10E0D4007DF5835781010357A101231EF400835763
:10E0E400C1012310E4022311F4028357E101D20792
:10E0F400D1832312F4028357E10113973701635646
:10E104000700FD57231FF4005DBF231F040045BF14
:10E11400EF325F931764FF1F130484068327040BF5
:10E1240003D7C701C167FD17630EF7109767FF1F79
:10E134009387073C9C4381C70545EF40100FC16995
:10E144000149930A400EFD19176BFF1F130B0B3A7D
:10E15400EF70EFD2634BA90E1767FF1F0347C70980
:10E164009307F00563E4E702EF706FCC93050006B4
:10E17400B3C5A502B7F73600938707E81765FF1FF5
:10E184001305C507B385F502EF60B0058145170592
:10E19400000013058520EF60BFDCEFB08FE801CDF0
:10E1A4000357C50109CB0357E50111C7834705028E
:10E1B40099C3EF60B001EFB00FE831C51767FF1FD7
:10E1C400034747109767FF1F9387C70F0DCF03C7F8
:10E1D40017002304E50003C72700A304E50003C7D1
:10E1E40037002305E50003C74700A305E50003C77F
:10E1F40057002306E50003C7670083C77700A3061B
:10E20400E5002307F5001C4493E717001767FF1F79
:10E21400232CF7F65C4085E7EF70AFCE0DC1EF70AD
:10E224004FCE44402A89EF70CFCD33F5A4025C4031
:10E23400FD17CA97898F1767FF1F2325F7F4014538
:10E24400EF701F8201456F303F83B3045903832766
:10E25400040BBE9483D7C40163883703138A040371
:10E26400D2855285EFF0AFD605E183C7F40199CF8B
:10E27400938594082E85EFF08FD509C91306900570
:10E2840081455285EF30BF800509D9B583270B003E
:10E29400268593B7170086072380F402EFE0BFB901
:10E2A400E5B7854763F8A7009307F5FFBE953305E7
:10E2B400A040E98D2E8582809841C167BA9713D713
:10E2C40007016304A7009CC182804207998FE5BFC0
:10E2D400EF32EFF841112EC63284B684EFB0AFD5D9
:10E2E400E15701C9B24591E99767FF1F238C07FCE9
:10E2F40081473E8541016F30CFF89D461766FF1F69
:10E30400130656FCA6852285EFF09FCFAA8775F1E8
:10E3140005479766FF1F2387E6FAE1BFEF328FF2C6
:10E32400411191E99767FF1F23AE07E40144228559
:10E3340041016F306FF4B68532858D467000EFF081
:10E344003FCC2A846DF58347D1000347E100176968
:10E35400FF1F1309E9E2A2074207D98F0347C1004F
:10E36400D98F1767FF1F232FF7E0EF708FB961D1A3
:10E37400EF702FB983244900AA89EF708FB833F561
:10E38400A40283274900FD17CE97898F1767FF1FC3
:10E39400232AF7DE69BFEF328FEC1C45AA8491CFA4
:10E3A400D84B01CF83D7470089CBEF608FF6AA857E
:10E3B40009C588446105EF60C0629767FF1F9387B2
:10E3C400A7DA9C43014489EF6F30AFEB9C481317E5
:10E3D4001400BA9703D5070019C1EFE08FD00504E4
:10E3E400EF70EFA6E344A4FEC5B7EF324FE7011187
:10E3F40085E9EF603FBE01449767FF1F23AE07E046
:10E404009767FF1F23AC07E09767FF1F23AA07E066
:10E414009767FF1F23A807E0228505616F306FE629
:10E42400B6873285C9467000BE85EFF07FBD2A8469
:10E4340065F541469305E1001765FF1F1305C5DD2A
:10E44400EFD0A04C0355C100EF606FBCF1B78DE174
:10E454009767FF1F23A607D29767FF1F938747D2AB
:10E464009C470145ED9B1767FF1F232FF7D0828040
:10E47400EF32EFDE4111B685328595463000EFF07C
:10E484003FB815EDA2471767FF1F232BF7CE9767F9
:10E49400FF1F9387E7CE9447B24713F7B6FF13F6EF
:10E4A400170019C213E74600858393F7F7079766A9
:10E4B400FF1F23ABE6CC1767FF1F230FF7D24101E1
:10E4C4006F302FDCEF320FD803841500DC412A892A
:10E4D400AE8485070387F7FF19C36340800C8387E5
:10E4E400240091C7635580007D14620461849C40BC
:10E4F400370700FF0907F98F3707001009076392F0
:10E50400E70A6355800079146204618483C70400B8
:10E51400858B95E39379F40F4E8A93178A01E187EB
:10E52400634AF008A2876353040081473384F940A7
:10E534007D14620461848385240081C54A85EFF0DB
:10E54400BFAA9C40370700FF0907F98F370700105F
:10E554000907639AE706930500034A85EFF0DFA8ED
:10E5640083C7040093058005918B99E39305800785
:10E574004A85EFF07FA783C70400858B81CB137492
:10E58400F40F93178401E1876347F004C040050446
:10E594008305F4FFA1E96F302FCE7D1462046184FA
:10E5A4000DBF370700080907E392E7F6E35080F64A
:10E5B4007D1499BF930500024A857D1AEFF0DFA20E
:10E5C400137AFA0F99BF370700080907E395E7FAAA
:10E5D4009305000371BF930500034A85EFF0DFA0A4
:10E5E4007D1471BF4A85EFF03FA055B7EF322FC7B6
:10E5F400EF70EF892A84EF708F882295894506058C
:10E60400EFE0EFC6E55711C59767FF1F23A0A7C822
:10E6140081473E856F30EFC6930700026306F5001D
:10E624005D1513355500828005458280EF328FC118
:10E634004111AA892A89130419008304F4FF32C6FC
:10E644002EC42685EFF05FFDA245324659E19307BB
:10E65400D0026392F40883040400054813042900DB
:10E664009377F6FEC9E793070003639FF40E8307CD
:10E6740004001307800593F7F7FD6399E706830405
:10E68400140041460904B70600806314080093C6C9
:10E69400F6FFB3FEC6028147254F654EFD5F33D3B7
:10E6A400C602138704FD6368EF06BA8463D5C40801
:10E6B400630DF5017D55636AF3006394670063C6D7
:10E6C4009E000545B307F602A69705048304F4FFEC
:10E6D400C9BF22898DB79307B0020148E392F4F8C9
:10E6E400830404002A88130429009DBF01CA8947B2
:10E6F400E31BF6F893070003E397F4F88307040099
:10E704001307200493F7F7FD639BE70483041400C5
:10E71400094609048DBF13E704021307F7F9636C74
:10E72400EE009388F4FB1307700363741E01130750
:10E734007005998CA5BF7D576300E502630408004A
:10E74400B307F04091C519C19309F4FF23A0350123
:10E754003E8541016F304FB2B687FDF5D5BF9304B6
:10E76400000315F2214605B719FE294629BFEF32E9
:10E774006FAD011161540DC53284AE8941468145A6
:10E784003689EFF0BFEA93140501C180639E090046
:10E794002685EF30F02F014401C58145EF20901DFF
:10E7A400228505616F304FAD2285CD467000CA8544
:10E7B400EFF01F852A846DF52685EF30702D09E969
:10E7C4000356C1008345E1012685EF20901201C95B
:10E7D40041469305E1001105EFD02013D1B75D54F4
:10E7E400C1B7EF322FA60111E15401CDB284AE8935
:10E7F400414681453689EFF07FE32A846397090017
:10E804008144268505616F302FA72685D146700087
:10E81400CA85EFF0EFFEAA846DF58357C100EDD3EE
:10E82400EF603FED4205931704014181C18363F911
:10E83400A702EFB06FBF4204E14741803304F40202
:10E8440041460C082A9413054400EFD0000C83576A
:10E85400E1002311F4008357C1002310F40055B7DD
:10E86400E55445B7EF320F9E7971E15415C53284F2
:10E87400AE8941468145B684EFF05FDB131905018B
:10E8840013590901639E09004A85EF40B07C814415
:10E8940001C58145EFB00FBA268545616F30CF9D24
:10E8A400A6859306300270002285EFF06FF5AA84E6
:10E8B40065F54A85EF40107A2A8411E54A85EFB060
:10E8C400EF952A8431C58357C1002311240193098C
:10E8D40064002310F4008347E1009305F1004146EE
:10E8E4002302F4004E85EFD040021309740141461F
:10E8F4009305F1014A85EFD04001930554004E85FC
:10E90400EFC08FC6930564014A85EFC0EFC569B7B0
:10E91400DD5459B7EF320F93797111E5E15426852F
:10E9240045616F306F95B284AE8941468145368921
:10E93400EFF0DFCF131A0501135A0A015285EFE0F5
:10E944002FCB2A846398090071D98145EFB00FBD9C
:10E954008144F1B72685930610027000CA85EFF052
:10E964002FEAAA844DFD31C8B2479305D100414630
:10E97400858B230FF400B24713050403858393F7B3
:10E98400F707A30FF400EFC0507841469305D10177
:10E9940013059408EFC0707759B73304690383A74C
:10E9A4000A0B3E948357C401638337030509EF6060
:10E9B4001FCDE344A9FEDD549DB7C1690149975AAF
:10E9C400FF1F938AEA7B130B400EFD19CDB7231E5C
:10E9D400440159BF49CDEF32EF864111B289AE846B
:10E9E40041468145368AEFF07FC4931A050193DAD4
:10E9F4000A010149175BFF1F130B8B78EF603FC0BF
:10EA0400634AA9000145ADCC81441759FF1F13097E
:10EA1400297781A883274B0B131439003E9483571D
:10EA24000400638857050509D1BF8327490B139454
:10EA340034003E948357040085E723105401914623
:10EA44007000D2854E85EFF0AFDB1DE9B247139716
:10EA54008700E1832183858B58C02301F4000DA036
:10EA64008504EF60DFB9E3C2A4FC5D5511A86155CC
:10EA74008280F1F4214681452285EF304F810145A2
:10EA840041016F207FFF1971D2C4130AC10686CEDB
:10EA9400A2CCA6CACAC8CEC6D6C2B6D6BAD8BEDA20
:10EAA400C2DCC6DE52C463810524FD151C102ACCC9
:10EAB4002ECA02CE3EC89304B0021549A949830563
:10EAC4000600130416009DE1F2465247E24763FB39
:10EAD400E620B697238007007245F6406644D64484
:10EAE4004649B649264A964A0961828093075002EC
:10EAF4006386F5004808EFF02FCFF5A88357C100CF
:10EB040023070100014593F7C70F2316F100814540
:10EB140001480147014681469308D00213030003CC
:10EB2400130E300205048307F4FF99C7638C97041E
:10EB340063C3F404638BC70501CA0346C100858A15
:10EB4400799AD18E2306D100630908008346C10057
:10EB5400098BF59A558F2306E10019C12307B100EB
:10EB6400138707FD1377F70FA54663E2E606814690
:10EB7400A545294535A0E38717FBE39F67FA0546BA
:10EB8400FD564DB70545854571BF05487D5759BFAD
:10EB9400B386A60205048307F4FFBA96E206E1866B
:10EBA40013F7F70F130607FD1376F60F63E5C50099
:10EBB400138707FDF1BF1306F7F91376F60F636E9B
:10EBC400C902138797FAE30537FDA306D10013079B
:10EBD40090066385E704634BF70613078005638497
:10EBE400E70A6345F702E38107EE13075002930532
:10EBF4005002E381E7F02286D9B51307F7FB1377B8
:10EC0400F70FE364E9FC138797FC75BF130730061D
:10EC14006386E70A13074006E39FE7FC03250A001F
:10EC2400A947A307F100930A4A0063580500930714
:10EC3400D0023305A0402307F1006C00EFF0AFB51C
:10EC44006C004808EFF01F88568A75B71307300721
:10EC5400638EE7066341F7021307F006638EE70449
:10EC640013070007E399E7F80347C1001367270078
:10EC74002306E10009A813075007638BE702130773
:10EC84008007E39AE7F6938787FA414793B717001B
:10EC9400A307E100139727008347C100ED9BD98F99
:10ECA4002306F100930A4A006C0003250A0079B791
:10ECB400A947A307F100FDB7A147E5BF83050A00F3
:10ECC4004808930A4A00EFF02FB2BDBF83270A0019
:10ECD4006C0048083EC8EFF0EFFE1C10930A4A008F
:10ECE4003EC89DB7BA97FDB30145C5BBEF223FD7D8
:10ECF4002A88368583464800BA8703475800A20607
:10ED0400D98E328717F60000130606ED89E517F64B
:10ED14000000130626EDBE85EFF0FFD66F207FD6E8
:10ED24009757FF1F938787599C4381CFEF223FD387
:10ED3400D843B2862E861847AA853E8502976F204F
:10ED44005FD461558280EF229FD1835705003971CA
:10ED54002A84231EF100834745009305650041463C
:10ED64001305F101230FF100EFC0303A930574014C
:10ED740041461305F102EFC050398356240017F6BB
:10ED84000000130666EEE5450A85EFF0DFCF6C0858
:10ED9400130630020A85EFF0BFF821616F207FCEA1
:10EDA400EF22FFCB39712A849305050341461305ED
:10EDB400D101EFC090359305940841461305D10263
:10EDC400EFC0B0348347E4010347F4018356C40120
:10EDD400858B0607D98F17F600001306A6E9E545CB
:10EDE4000A85230EF100EFF01FCA6C081306100207
:10EDF4000A85EFF0FFF221616F20BFC8EF229FC4A4
:10EE040037040001B70400FF0111814A1759FF1F9D
:10EE1400130909377D149389F4FF17FA0000130AC4
:10EE2400EAE9EF60CFFD63C5AA0005616F20DFC486
:10EE34008327490B13973A003E978347370095CFB2
:10EE44005C43A30107005286B3F687008247E54579
:10EE54004800E58FD58F3EC083462700B3F73701BE
:10EE6400858AE206D58F835607003EC0EFF0BFC106
:10EE740011468A854800EFF0BFEA850A5DB7EF22A4
:10EE84001FBE01468145EFF0BFE96F209FBF835746
:10EE94006500638E071A1D71A2CCA6CACAC886CEA5
:10EEA400CEC6D2C4D6C2DAC05EDE801013F7170015
:10EEB4003289AA8431CBF99B2313F500EF602FF834
:10EEC40006053D0541990A8BC16A3301A1408A8B2D
:10EED4008149014AFD1AEF608FF6634CAA0C794709
:10EEE400930604FB17F60000130646DCCA85268544
:10EEF400EFF0DFDF638F090C13961900DE8513052D
:10EF040004FBEFF0FFE15A8183D7640013F7270075
:10EF140021CBF59B2393F400EF606FF306053D05C9
:10EF240041998A8A3301A1400A8B8149014AEF60E1
:10EF34000FF26345AA0A6547930604FB17F600001F
:10EF4400130646D7CA852685EFF05FDA6387090A78
:10EF540013961900DA85130504FBEFF07FDC568164
:10EF640083D7640013F7470005CBED9B2393F4008C
:10EF74006547930604FB17F600001306E6D3CA851B
:10EF84002685EFF0BFD69C4481C703D747003DEBED
:10EF9400130504FBEFF0BFEE130104FAF6406644D8
:10EFA400D6444649B649264A964A064BF25B256141
:10EFB4008280DC4413171A00BA9703D7070063084A
:10EFC400570193971900DE972390E7008509050AF6
:10EFD40019B7130504FBEFF09FEA35B79C481317E4
:10EFE4001A00BA9703D7070019C793971900DA973D
:10EFF4002390E7008509050A1DBF130504FBEFF004
:10F004001FE8B1BF2314E4FA03D767008326C4FAC8
:10F014002146520751832315E4FA370700F0758F10
:10F024009447930584FA130504FB92069182558F45
:10F034002326E4FA83C7770013F707018347F4FA1A
:10F04400BD9BD98FA307F4FAEFF09FCDB1B78280AF
:10F05400EF227F9E1754FF1F130484120444797116
:10F0640093F7F4FB1757FF1F2320F71293F70404B9
:10F07400A1C78588A1E097F90000938929C4EF60AE
:10F084000FD863DBA4028327440B139934003E9901
:10F094008356090091CE4E86E5454808EFF0BF9EA1
:10F0A4004808EFF0DFDD214681454A85EF203F9E89
:10F0B4008504F1B7EFF09FD41C4413F7F7F7975684
:10F0C400FF1F23A3E60C93F707086397071E1C444E
:10F0D40013F7F7EF9756FF1F23A8E60A13F7071055
:10F0E4006318071E18449377F7DF9756FF1F23AD65
:10F0F400F6089376072095C6058B630A0720184007
:10F104008983858B3ACA0347840715464C0806074A
:10F11400D98F17F50000130525B7230CF100EFF084
:10F124003FC01C4413F7F7BF9756FF1F23AEE604F6
:10F1340093F707408DC3835744000D464C08231AA8
:10F14400F1008357640017F50000130525B4230B61
:10F15400F100EFF0FFBC1844FD749387F47FF98F3E
:10F164009756FF1F23A2F6029317470163DF070098
:10F17400EFA02FEB19C98356C5016391061A17F541
:10F184000000130525B1EFF09FCF1C447D777D1758
:10F194007D8F9756FF1F23A9E6FE13973701635A05
:10F1A4000702858B6388071CEFA0EFE81DC1184593
:10F1B4008347E5001D463ACA0357C5004C0817F5B6
:10F1C40000001305A5AD231CE100230DF100EFF0B1
:10F1D4003FB51844F977FD17F98F9756FF1F23A5FC
:10F1E400F6FA9317270163D9070081451705000034
:10F1F400130525CAEF50DFD61844E177FD17F98FC0
:10F204009756FF1F23A2F6F89317070163D307024B
:10F21400EFA09FA12A84814417F90000130989A84B
:10F22400EF602FCD939704014205C183418163EAC6
:10F23400A71445616F20BF8383A70A0093141900A4
:10F24400BE9483D7040033F767011DCF13961701CB
:10F2540033F77701B3F637016352060417F600005B
:10F26400130686A009E717F600001306A6A0E545D5
:10F274004808EFF05F814808EFF07FC083D70400AF
:10F28400B3F747012390F4000509EF604FC0AA8447
:10F29400EF60EFBE2695E341A9FA15BD368519C77F
:10F2A400EF40405B61DDEFF01FAAC9BFEFD05FB450
:10F2B40071D5EFF0FFAED9B785697D7A0149975AC8
:10F2C400FF1F938AAAFC056B896BFD197D1A75BF14
:10F2D400858B9DC7EF50EFD7231AA1004146975560
:10F2E400FF1F938565F313056101EFC00062494672
:10F2F4004C0817F500001305A598EFF07FA2DDB3C5
:10F3040017F500001305C597EFF07FB7E1BB17F5BC
:10F31400000013056597EFF09FB621B50357E5018B
:10F32400C17785073E978357A101FD141337170052
:10F334003207E58FD98F231DF100231AD10083569C
:10F344000502035725022146231BD100231CE1009B
:10F35400035745028566FD16758FFD76F58FD98FA7
:10F364004C0817F500001305E592231DF100EFF09A
:10F374003F9B21BD17F5000013054592EFF03FB008
:10F3840089BD5C4813F7E7FF58C8858B89CFA686EB
:10F394004A86C9450A85EFF00FEF8357040099E7C1
:10F3A4000A85EFF0DFAD850461049DBD231AF100E9
:10F3B400835724009305440041462808231BF10089
:10F3C400EFC0A05451464C080A85EFF07F95E1BF89
:10F3D400EF22EFE885473395A7009757FF1F9387E0
:10F3E40027DA9C47411181455D8D9757FF1F23AD57
:10F3F400A7D89377057085E393576500858BA1CBD8
:10F40400C167938707887D8D05EDEF608FB0930505
:10F41400803EB305B5021755FF1F130565E72EC6D9
:10F42400EF50E051B24519C16349B50085C5175580
:10F43400FF1F1305E5E5EF50C05A41016F206FE44B
:10F44400EF602FAD2A84EF60CFADE360A4FCEF60E2
:10F454004FAD75BF0145EFF0BFBFC5B7EF222FE039
:10F464007971AA8601441759FF1F130969D136C659
:10F47400EF60EF98B246635CA4028327490B9314B0
:10F484003400BE9483D704006396D70285C617F66A
:10F4940000001306A682E5454808EFF0CFDE4808D1
:10F4A400EFF0FF9D214681452685EF204FDE456123
:10F4B4006F202FDD050465BF19C223200600814794
:10F4C40001C59306D00389E53E858280850505053F
:10F4D400838705000307050099CF6394E700E3974A
:10F4E400D7FE8147D5B79306D0038547E30ED7FCF3
:10F4F40093371700D1BF9307F002E316F7FE854751
:10F5040061D6050508C2C9B799C123A00500814782
:10F514000DC11308D0031306F0023307F500830668
:10F52400070081CA638706016397C60099C105076E
:10F5340098C13E8582808507CDB731C9EF22AFCF10
:10F5440041112E8A6C002A89368BB28A97E4000016
:10F554009384846AEFF05FFB2A8C0144A689B14B43
:10F5640088406286CA85EFC0C05B01ED0E044E94EC
:10F574005C403245DA865686D285829741016F20F7
:10F584000FCF0504A104E31D74FD6155C5BF7D556E
:10F59400828099E561558280615505616F20CFCDE8
:10F5A400EF224FCA2E8A2A8401118145B2845285E2
:10F5B4004146BA893689EFF06F8793150501C181F9
:10F5C4001376F50FA1812285EF505F952A8469D5C2
:10F5D40052854C08EFF05FF3524A2A8BE30E0AFA85
:10F5E4002A8697E500009385656C5285EFC06053C9
:10F5F400AA8A0DED7D5AEF608F8463C5AA0099E84D
:10F60400014561BF5C4413971A00850ABA97239099
:10F614004701D5B74C442EC6EF606F82B24513162E
:10F6240015004E850299E34DA0FC85BF5A8697E5E7
:10F634000000938525685285EFC0A04E0DE1032A92
:10F644000401EF60CF801316150081455285EF2029
:10F654000FC4DDD40C482EC6EF507FFFC1B75A86C5
:10F6640097E50000938545655285EFC0804B41E1E5
:10F674001C44A5CF81ECD443370700E0758F944731
:10F68400D8C33707001F758F98C701BFA14630083C
:10F69400CE854A85EFE0DF96E31105F018448357E1
:10F6A40081017D762312F7008357A10193964701C8
:10F6B40083576700D182F18FD58FF2467D767D1610
:10F6C400F182858AB206F18FD58F2313F700834721
:10F6D400E1018356C1012305F7008347B7002314D2
:10F6E400D700FD8BA305F7004DBD7D557DB55A862A
:10F6F40097E500009385C54F5285EFC08042E31D16
:10F7040005E81C4CE38A07E89C43E38707E8CE86B8
:10F714004A86A6852285829749B5EF224FB436875B
:10F72400B2862E86AA850545EFF0BFE66F206FB539
:10F73400EF22EFB23687B2862E86AA850145EFF016
:10F744005FE56F200FB4EF22EFAF411199C123A001
:10F7540005009757FF1F938767B5804381441DC8F1
:10F764002E89AA8931141DC40C4070004E85EFF017
:10F77400BFD419CD81E8A284630C0900B2472320C9
:10F78400F90039A08C4008400146EFF0FFD265F53E
:10F79400404869F8268541016F200FAE184111CB0E
:10F7A400EF22EFABAE873E85B285368602976F2097
:10F7B4004FAD35558280EF228FAA8357C50013D7EA
:10F7C4000501C205B387E7021841C1814849BA95CA
:10F7D400BE95EFF0BFFC6F20CFAA584111CBEF22AA
:10F7E4000FA8AE873E85B285368602976F206FA933
:10F7F40035558280184509CBEF226FA6AE873E852A
:10F80400B28502976F20EFA7355582805C4599C772
:10F81400EF22EFA42E8582976F20AFA63555828004
:10F82400EF224FA283290500035AC5002A844849C0
:10F83400AE848145EFF09FFD2A890DE193D5040143
:10F84400B38545030356C4004848CE95EFF09FFAAC
:10F854002A8909E548488545EFF05FFB4A856F2012
:10F86400AFA1EF222F9E2A890441035BC5004849BA
:10F8740079712E848145B28A368AEFF03FF941E1ED
:10F8840093590401B3896903420441802694A299DF
:10F8940003440901330480403374440111CC03252B
:10F8A4004901A2865686CE85EFF03FF3AA8431E162
:10F8B400330A8A40A299A29A8144630C0A025286AE
:10F8C400D685080803244901EFC0200483460901B2
:10F8D4001C089305F00F338646413385470136C62D
:10F8E400EF20EF9AB2461008CE852285EFF0FFEEA6
:10F8F400AA84032549018545EFF05FF1268545611A
:10F904006F208F97EF22AF952E864C41A1462A8413
:10F91400EFF03FF5AA8403450401A145EFE07F9889
:10F924005C403385A74048C026856F208F9581476A
:10F9340097E60000938646296393C7008280338745
:10F94400F500034707008507398D1357450036979F
:10F95400034707001205398D1375F50F135745003A
:10F964003697034707001205398D1375F50FE9B76C
:10F97400EF22EF8E2A84AA851D461305F00FEFF0BF
:10F984001FFB834774003385A7403335A0006F20E5
:10F994004F8FEF22CF8C4111A1463000EFF0BFE131
:10F9A40009ED03578100C167FD1705456317F7008B
:10F9B4002800EFF0FFFB3335A00041016F206F8C6E
:10F9C400EF224F88AE848C4141113684A1462A89A6
:10F9D400034A0501EFF03FDEAA8921ED5285A145D6
:10F9E400EFE03F8C9C400357C9002A8AAA9793965C
:10F9F40007019CC0C182098F639DE602C16513D7CC
:10FA04000701B385B74011E78355E900FD15C20529
:10FA1400BE958CC01DC05C404177AD8FF98F91EFCE
:10FA2400F98D8CC05C403E9A420A135A0A01D29561
:10FA34008CC04E8541016F202F84A1460A864A85D9
:10FA4400EFF07FD7AA8975F50A85EFF07FF209C533
:10FA5400832749009CC0F1BF0357C9008357210085
:10FA640080403307474163DBE70033FA47036317FA
:10FA74000A004177798C3E9480C065BF0345090133
:10FA8400A145417AEFE0FF81098CAA8A80C0337ACC
:10FA94004401417B63648A00814961BFA14630000F
:10FAA400A2854A85EFF03FD1AA8941F52800EFF0FD
:10FAB4003FEC11E98357A1000357C100337A6A016F
:10FAC40080C0BA973E9A33045441E9B7EF123FF924
:10FAD4002A84AA851D461305F00FEFF05FE5A30302
:10FAE400A4006F101FFAEF121FF52A8403450501C5
:10FAF4005D712E8AA145EFE0CFFA5C402A8B035555
:10FB0400E4004179B3F727016C003EC6EFE0CFFA79
:10FB14008355C400B247A1463008BE95B3856541FC
:10FB240022852EC8EFF03FC9AA84634B050028083C
:10FB3400EFF01FE411C9B2452285EFF07FCEAA840D
:10FB4400268561616F10BFF2C2470357A101C17CD2
:10FB5400338B6741B3F72701BA973EC8814610102B
:10FB64000C082285424CEFF0BFE5AA8471F9081015
:10FB7400EFF01FE025ED5C403ECAD28630104C0801
:10FB840022855249EFF0DFE3AA845DF94440638C97
:10FB9400240103578102835701026316F7002810DA
:10FBA400EFF01FDD01C5D247E399F4FC63102C0587
:10FBB4008357410285CF83572102B37B9C010810F0
:10FBC400BE9B1C442311F102EFF05FF08349040152
:10FBD400835A4102B309304193F90902639B0A0035
:10FBE4000C102285EFF01FD2AA8439F9E3188BF7A1
:10FBF40099B74E8963F33A015689CA861018DE858F
:10FC04002285EFF05FBBAA8405FD630909000C445B
:10FC1400CA8610182285EFF0DFC4AA8403450401C4
:10FC2400CA85EFE00FE81C443E9508C4E39A04F04B
:10FC3400B38A2A41CA9B5DB7EF12DFE0411191E517
:10FC4400FD54268541016F103FE3C44983D7250144
:10FC54004CC904C12316F50003C705012A842317E0
:10FC6400E50003C5150193160701130700022308D5
:10FC7400A400C182E366A7FCE1D7B3E4F402E9F08F
:10FC84008547E3FFD7FAA145EFE0AFE1AA89014A2E
:10FC940001498357C400931509012285BE95B38594
:10FCA40035412EC2EFF0FFCE19ED0355E4004C00B0
:10FCB400050AEFE06FE09245420A2285135A0A01D1
:10FCC400EFF03FCD09E905098357E40042091359D0
:10FCD4000901E360F9FC8357E40063944701D154BC
:10FCE4008DB7639427039245A1463000B38535410F
:10FCF4002285EFF05FAC35E12800EFF07FC711C536
:10FD04000355E4004C00EFE02FDB9247C17A3387C0
:10FD1400374158C04177F98F1CC44C401C4463EEF2
:10FD2400F500A14630002285EFF0FFA81DE528006C
:10FD3400EFF01FC4032A44001DC15C400355E400D6
:10FD44004179B3F727014C003EC2EFE0EFD692456C
:10FD54002285EFF01FC4635C0502AA84DDB5124559
:10FD64000359A100035BC10033F5AA002A99034596
:10FD74000401DA85EFE0EFD24A9508C46314450123
:10FD840063140B04330A3A412322440179B709C5A9
:10FD94008547A308F40075B54C402285EFF05FA8B1
:10FDA4004DFD48408357C40086093375A9003E952C
:10FDB4003305354148C03375250108C48145228582
:10FDC400EFF07FD271D551BF4D5541BF8347150127
:10FDD400D1CFEF125FC62A840345050141112E8A53
:10FDE400A145BA893689328BEFE0AFCB8357C40083
:10FDF4000605898F7D5563E827075C4081443EC230
:10FE0400814630004C002285924AEFF07FBB21ED01
:10FE1400835B810063994B012800EFF07FB501E516
:10FE24008504C204C18058409247630BF702E3F98A
:10FE340099FC8356C10061559DC663E63403C175C0
:10FE4400B3FABA006373D900CA868355A1005A86EF
:10FE54002285D695EFF03F9619E50355C10021A000
:10FE64006155E3884BFD41016F107FC04955828085
:10FE7400EF12FFBE0147EFF07FF56F109FC0EF1246
:10FE84001FBE3284B2862E86835545000841EFF0AA
:10FE94003FFE635385002A8422856F109FBEEF12B4
:10FEA4001FB9834715015D71C954A5CB834D050165
:10FEB4002EC62A84A1456E853689328AEFE06FBE4C
:10FEC4000D473307E5028357C400AA8BFD54998F6D
:10FED40063E527056304090063010A045C403ECE20
:10FEE400814610106C082285724DEFF07FADAA890F
:10FEF40045ED8357010232476397E7000810EFF09E
:10FF04003FA7630705145840F247E31BF7FC8144FD
:10FF1400631B090019A0814499E7268561616F106C
:10FF2400DFB4E35CA0FECA856E85EFE08FB7014CB9
:10FF340011C55E95131C0501135C0C01814D417BB9
:10FF4400130D4400FD5C8357E4006381B7111C4426
:10FF540054403307FC0063EBE60432472315F102F7
:10FF64002810FD572314E102231621032307F1026D
:10FF7400EFF0DFB5630909000C44CA865286228576
:10FF8400EFF03F8EAA8903450401CA85EFE06FB103
:10FF94001C443E9508C4639909002C102285EFF097
:10FFA4007F96AA89CA8435D9CE8485BF6146A28545
:10FFB40008189710FF1FE78000C444400355C4008D
:10FFC400A145B3749B00AA9403450401B38474410E
:10FFD400EFE02FAD3385A44048C00355E400EA8523
:10FFE400EFE08FAD5C400C182285B3F767011CC4A9
:0CFFF400EFF07FAFAA8415F10345010473
:020000021000EC
:10000000A145850DEFE02FAAD257231491032316A3
:1000100001023387A7002315E1020357C103B3F799
:100020006701BA97898F28103EDAEFF07FAA2C106B
:100030000818EFF07F8DAA840355E1034C18EFE018
:10004000EFA7D257B3F767013EDCE38004F0C1BDF0
:10005000C154F1B583574102E30109ECE39727ED61
:10006000C177034C0401B377FD00035D2102330C1B
:100070008041137C0C023E9DD28ACA8C628B63F352
:100080008C01668BDA861018EA852285EFF0EFF294
:10009000AA84E31A05E85A860C185685EFB0D004F6
:1000A000AA84E31405E8B38C6C415A9DDA9AE3976D
:1000B0000CFCB5B5EF12FF9A81460146EFF07FDEEA
:1000C0006F107F9C638C050EEF123F975D71054D9D
:1000D00019C213BD160003590502B68B328B0509F0
:1000E0004209135909012E8A2A84CA89216C930A6C
:1000F0008500E15C9304F9FFC204C180638F84052D
:100100009306A0045000A6855685EFF0BFD663572E
:10011000050063139501A6892689E9BF9C083E95D1
:10012000230A05FA4C005285EF103FA175F56304D0
:100130000D0883570402639597089387F4FF2310F3
:10014000F402894613060402A1655685EFF07FD5B7
:100150006358050661616F10DF910145E31C0DFED8
:100160000549B1675D55E387F9FE9165CE95930426
:100170008400C205DE865A86C1812685EFF07FD2D3
:10018000630D09005285EFB0F018AA865286CE851D
:100190002685EFF01FD1E34F05FA8357040263FF72
:1001A000370323103403894613060402A16526850C
:1001B000EFF03FCF25A0A689014965B77D55828024
:1001C000A6855685EFF01FEFE34605F89165FD150E
:1001D000CA95C205C1815685EFF0DFEDE35CA0F65C
:1001E00001458DBFEF127F8503540502916A1D7191
:1001F000050442042A89AE894180A16B130A850057
:10020000FD1A130B05029304F4FFC204C180639D21
:100210007405916B2164130A8900850B170C00008B
:10022000130C6CC68357090293041400C204C180E6
:1002300085076383F40E5E949306A0045008A68598
:1002400052854204EFF01FC34180AA8A85461306F7
:100250007100A2855285EFF0FFC12A8B63475007DA
:100260006347A00626847DBF56949306A0045008D9
:10027000A68552854204EFF0FFBF41802A8C854657
:1002800013067100A2855285EFF0DFBE634C800338
:10029000E351A0F883570902E39D97F69387F4FF93
:1002A0002310F90289465A86A1655285EFF07FBF77
:1002B000A6855285EFF01FE0A2855285EFF09FDF03
:1002C000268491B7E358A0FCA9B7634BA000A6858C
:1002D0005285EFF03FDEA2855285EFF0BFDD59B7C2
:1002E0009C10BE9A238A0AFA639109022C004808DE
:1002F000EFF0AFC525D91C45224552C62318810011
:1003000074006286DA858297B1BF0146CE854808BF
:10031000EFF0CF9A61FDB9B7014525616F106FF518
:10032000EF122FF49747FF1F938787F8804381448C
:1003300009C42A893114814401E426856F10AFF481
:10034000631809005C4481EF404865D83114EDB76B
:1003500008400146CA85EFF06F966DF5F5B78297B4
:10036000E5F4AA84D5B7EF12CFEF9747FF1F938725
:10037000A7F48043AA8409EC2685EFF07FFAAA84CB
:100380000144EF500FA8636CA40026856F10AFEFF7
:100390005C402285A6859C4382970040E9BF050406
:1003A0001374F40FF9BFEF12CFEB0145EFF0BFFB71
:1003B0006F106FED9747FF1F938707F023A007008B
:1003C00023A207008280EF12CFE99747FF1F938790
:1003D00027EE23A0070023A20700EFF0BFFD6F1058
:1003E0008FEAEF120FE84111130985002A84EF50BC
:1003F0004FBDAA854A85EFF07F84AA8419ED89460E
:100400001306E100A1654A85EFF0DFA6E1776344BA
:1004100005008357E1002310F402268541016F1087
:100420008FE69747FF1F938727E990430147B286DE
:1004300091EE05E3DC4310C11747FF1F232EA7E60B
:1004400085EF9747FF1F23ABA7E68280368794424C
:10045000C5B7144385E2DC432320050091EB9747A1
:10046000FF1F23ADA7E49747FF1F23A7A7E48280C0
:1004700088C3C1BF14C108C38280EF128FDE174446
:10048000FF1F1304A4DE2285EFF0BFF5AA8405E563
:1004900017D900001309897C22859747FF1F23A9DC
:1004A00027DDEFF01FF89747FF1F23A327DD9747AE
:1004B000FF1F23A787E026856F10EFDC9747FF1FFC
:1004C00083C747E0795599EFEF12AFD9EFF0BFEF4F
:1004D000EFF0BFFA11E585471747FF1F2304F7DE4A
:1004E0006F106FDA8280EF12CFD79747FF1F938785
:1004F00027DC80432A89BE8419C0311415E0D84016
:10050000232A09009307490105E71747FF1F232303
:10051000F7DA1747FF1F232DF7D801456F10AFD625
:100520000C4003250900EF104FE109C94048E9B725
:100530001CC31747FF1F232FF7D6C5B75955F9BF5F
:10054000EF122FD297F5FFFF938505B11745FF1FD7
:10055000130545D4EF40403DEFF05FF61715FF1F40
:100560001305C56BEFF03FF86F10EFD1EF126FCFAF
:100570008357650093E717002313F5003545EFE037
:100580007FE56F104FD0EF12CFCD8357650093E713
:1005900027002313F5003545EFE0DFE36F10AFCE02
:1005A000EF122FCC8355C50101112A840A8601451B
:1005B000EFD0DFA719C9835705001167D98F231022
:1005C000F5001D45EFE01FE105A002478356C40179
:1005D00019EF17D600001306266AE5454800EFE03C
:1005E000CFCA4800EFE0FF8905616F10CFC993972C
:1005F0004601835607007D76D183F18EDD8E93D739
:10060000860093F7F7082310D70093E70705A300A8
:10061000F70045BFEF12EFC42145EFE0BFDB6F10DD
:100620008FC6EF120FC42145EFE0DFDA2545EFE07A
:100630007FDA3145EFE01FDA6F10EFC4EF126FC2BF
:100640008355C50141112A8470000145EFD01F9EDA
:1006500001CD8357050071777D17F98F2310F500C1
:100660001D45EFE03FD731A0B24699E62285EFE085
:100670006FF341016F102FC18357C4017D7613972B
:10068000470183D706005183F18FD98F13D7870095
:100690002390F6009377F70893E70701A380F6000D
:1006A000C1B7EF120FBC2A842545EFE0BFD201E4A9
:1006B0002945EFE03FD26F100FBDEF128FBA83557F
:1006C000250041112A8470000545EFD03F9601CDE9
:1006D0008357050071777D17F98F2310F5001D45AD
:1006E000EFE05FCF31A0B24699E62285EFE0EFE57B
:1006F00041016F104FB9835724007D76139747014E
:1007000083D706005183F18FD98F13D787002390A9
:10071000F6009377F70893E70703A380F600C1B7C5
:10072000EF122FB48355250001112A840A8605454E
:10073000EFD0DF8F19C9835705001167D98F2310B8
:10074000F5001D45EFE01FC905A0024783562400B0
:1007500019EF17D6000013066651E5454800EFE093
:10076000CFB24800EFE0EFF105616F10CFB1939782
:100770004601835607007D76D183F18EDD8E93D7B7
:10078000860093F7F7082310D70093E70707A30025
:10079000F70045BFEF12EFACEF40FFF611E529453A
:1007A000EFE05FC36F102FAE9747FF1F9387879DC2
:1007B000C043EF405FF53375A40275D1E5B7EF1282
:1007C0004FAA2A84EF40FFE485476307F500A301A1
:1007D000F4001945EFE01FC06F10EFAAEF126FA8E9
:1007E000EF403FE385476305F5001945EFE09FBE05
:1007F0006F106FA9EF12EFA63D45EFE0BFBD6F1080
:100800008FA8EF120FA68357650093E747002313C5
:10081000F5003545EFE01FBC6F10EFA6EF126FA497
:100820003145EFE03FBB6F100FA6EF128FA32D45B0
:10083000EFE05FBA6F102FA5EF12AFA2835725002C
:1008400079712A842314F1008347450193054500FB
:1008500041461305A100230DF100EFB0400B835674
:10086000040017D600001306A635D1456808EFE04E
:10087000CFA12C004D466808EFE0CFCA45616F104C
:100880008FA0EF120F9E83560500011117D60000AE
:1008900013060633D1456800EFE02F9F6800EFE0B4
:1008A0004FDE05616F102F9EEF12AF9B0111368452
:1008B000B28479478A8617D600001306A633EFE084
:1008C0002FC309C82286A6850A85EFE0AFC505615A
:1008D0006F106F9B0A85EFE0CFDAD5BFFD57171772
:1008E000FF1F230DF7348280EF120F9641112A89E2
:1008F0002EC6B289EF402F93B2451304F9FF2E9410
:100900004DC593170901C187AA847D55635CF00228
:100910004204418093170401C1876355F0029DC1D1
:10092000EF307FF3636AA4069C4481443E95420500
:1009300041819307F5FFC207C18363E027076396F0
:100940000900695541016F106F932390A900D5BF2D
:100950003387640383A78A0A3E97835727006386F9
:100960004703835707006362F40203474701BA97BE
:10097000C207C1831387F7FF4207418363672701DB
:10098000E38109FC2390F9006DBF8504EF409FE1EE
:10099000E3C0A4FC01457DB78144416A973AFF1F3B
:1009A000938A4A7E594B7D1AD5B77D5561BFEF12A8
:1009B0004F8B1744FF1F1304E4919744FF1F938448
:1009C00024920325C41419CD184D232604141104B0
:1009D0008347870093F7F7FB2304F700EF503FB0FE
:1009E000E31194FE6F102F8AEF12AF871745FF1F98
:1009F0001305C5A3EF40A000EFF07FFB6F10AF8899
:100A0000EF122F86930540061745FF1F130505A219
:100A1000EF30707D6F102F87EF12AF847D56B54594
:100A20000145EF40BF9D6F100F86EF12EF81EF4041
:100A30002FE51744FF1F1304E4892320A414232265
:100A4000B41481440D499719FF1F9389A91E0325EA
:100A5000C41419CD85040146638624018327041537
:100A6000814591E3CE85EF403FA21104E39124FF3D
:100A70006F10CF80EF025FFD41112A84AE8932C62C
:100A8000EFF09FF6EFF05FF929C99747FF1F9387B3
:100A9000678483A5C7129304C5002A892685EF5071
:100AA000DF8A81452685EF50DF839315240093E587
:100AB000350093F5F50F2685EF50BF823246CE857F
:100AC0002685EF503F809747FF1F23AB2795EFF018
:100AD000DFF5014541016F007FFA6555E5BFEF0283
:100AE0005FF8AE8495452A84EF507F95A6852285D0
:100AF000EF502FFF6F003FF9EF023FF4BD652A84EE
:100B0000938505A61745FF1F13054594EF30B06D7B
:100B10009747FF1F9387079E9C439734FF1F93843B
:100B2000647B268989CBC84019C522868D45EF1084
:100B3000F04F6F001FF4EFF03FEBEFF0FFEDAA84F2
:100B40006555E5D8032709009747FF1F83C7078D21
:100B50009316170163D7060C1307F0076388E700A5
:100B600085071747FF1F230BF78A29A09747FF1F09
:100B70002386078A8325C9129389C4004E85174AA4
:100B8000FF1F034AAA89EF504FFCD2854E85EF50D4
:100B90004FF58347440051478145637CF7009385B7
:100BA000C7FE93F5F50FDD47B3D5F502850593F53F
:100BB000F50F8A0593F5C50F4E85EF508FF28355DB
:100BC00044004E85EF508FF5834544000840EF9078
:100BD0005FFEAA854E85EF50CFF0835544009747BE
:100BE000FF1F23AF9782D14763F3B700D14593949A
:100BF00005010C40C18026864E85EF50AFECA685DE
:100C00002285EF50EFE4173BFF1F130BAB6C814ABB
:100C1000A14B5D4C8357440085E3EFF01FE1014594
:100C200009BF1387F7FF1377F70F9306D00FE3F988
:100C3000E6F2930700F835B763967A01EFF03FD7F5
:100C40003955C5BDEFF05FDD110B910A09E5EFF0F5
:100C50001FD66555F9BD835544002326AB14637335
:100C6000BC00DD45939905018325C9129304C50095
:100C70002685EF508FEDD2852685EF508FE693E5E0
:100C80002A0093F5F50F2685EF50AFE50C4093D978
:100C900009014E862685EF50EFE2CE852285EF5082
:100CA0002FDB8DBFEF02FFDB01117C003ECAB707CF
:100CB00007003ECC81457C0048083ECEEFF03FE285
:100CC0009735FF1F83C505624808EF508FE1D24773
:100CD000480883C717001737FF1F2301F768EFF095
:100CE000BFE111E585471737FF1F230FF760056147
:100CF0006F007FD9EF02FFD601117C003ECAB70713
:100D000006003ECC91457C0048083ECEEFF03FDD2A
:100D10004808EFF07FDE95471737FF1F2306F75E81
:100D200005616F005FD6EF02DFD301117C003EC08A
:100D300083450500B70711003EC27C003EC42A84EB
:100D400081C50145EFB04FDB8347040085450A8527
:100D50001737FF1F2304F760EFF07FD8EF30BFAEE7
:100D6000AA850A85EF50EFD785450A851734FF1FFE
:100D700013040470EF508FDA1C400A8583C5C70046
:100D8000EF502FD61C400A85CC4BB335B000EF5046
:100D90004FD51C400A8583C59701EF508FD41C4066
:100DA0000A8583D5A701EF506FD71C400A8583C5FC
:100DB000C701EF500FD31C400A8583D5E701EF50E0
:100DC000EFD582452D461735FF1F1305355985058B
:100DD000EFA0F0330A85EFF03FD211E589471737CE
:100DE000FF1F2303F75205616F00FFC99717FF1F0D
:100DF00083C7C7E46387A706EF021FC52A84EFF005
:100E0000BFC1AA8429CD1717FF1F034727E3930704
:100E1000F00F8149631AF7009717FF1F238087E2BD
:100E200097D90000938909EF9737FF1F9387874A67
:100E300083A5C7121389C4004A85EF500FD1A2853C
:100E40004A85EF500FCA85454A85EF508FC92685E0
:100E50000146CE85EF404FE32685EF504FE86F0007
:100E6000FFC18280EF02FFBF79713C083EC6B70721
:100E700016003EC899453C0868003ECAEFF03FC6E0
:100E800041469735FF1F938565496800EF508FC332
:100E90006800EFF07FC605E19737FF1F9387874310
:100EA0009C43139717019947634307009D471737E2
:100EB000FF1F230BF74445616F00FFBC9387F501CB
:100EC000FD15FD1703C717000505A30FE5FEE39AFF
:100ED000B7FE8280EF02FFB80547411132846304F8
:100EE000E504AA8719C90947630EE5060D477D5534
:100EF0006385E71A41016F001FB933E4C5007D55D2
:100F000075F89737FF1F23A307429737FF1F23A1C9
:100F100007429737FF1F23AF07409737FF1F23ADC7
:100F200007400145C1BF33E4C5007D5561F49737E3
:100F3000FF1F9387E753804341499734FF1F9384F2
:100F4000E43E034684014C483305C9402695EFA092
:100F5000101C03468401814526853306C940EF00F5
:100F60005FB3C1B791477D55E3E6B7F897D7000067
:100F7000938787D9BE9583C40500ADDC1739FF1F61
:100F80001309094F032709008357A701E58FBDD334
:100F900083479701E3E0C7F69737FF1F93878733AF
:100FA0009C43139717016358070093E70708173707
:100FB000FF1F2321F732C1476397F406A28548003B
:100FC000EF90EF8B5800814413064002A545639BC8
:100FD00084021C08A697238A07FE9737FF1F938772
:100FE000E73426864C003E85EFA070124146058E00
:100FF00081452695EF00FFA9832709004800DC53AF
:101000008297CDBD83470700B3F7C7029386770366
:1010100063E4F5009386070385042300D70093F467
:10102000F40F05076DB791454800EF904F857D148B
:101030001316240017D40000130444CE32941C402D
:1010400092452685B3F5F50293D7050113D787009E
:101050009736FF1F2382E62E1737FF1FA30EF72CAC
:10106000139705014183218393978500D98F173703
:10107000FF1F2314F72C9737FF1F23A9072A973741
:10108000FF1F23A7072A9737FF1F23A5072A8327B8
:1010900009002EC29C538297B1BDE3EDB7E497D708
:1010A00000009387E7C6BE9583C70500E38407E485
:1010B0001737FF1F1307C73B18438356E701FD8E01
:1010C000E38A06E28346C701E3E6C6E29736FF1FDE
:1010D000938646209042A145936606026394B7002A
:1010E0009366060418571736FF1F2325D61EA285C0
:1010F0003E85029701B5EF023F9541112E89B289D5
:1011000035C501462A84EFF02FFE634F0504814464
:10111000173AFF1F130A0A07D94AEF40AFE863D511
:10112000A4043385540383278A0A3E958357050018
:10113000B1E323108500230A250123113501410164
:101140006F00DF93631245030354E1008504EF4011
:101150006FE50505634995001306E100CA85228500
:10116000EFF08FF865F145F40145D1BF81440544A6
:10117000695AF1BF850455B7EF021F8D2A84AE89E5
:1011800083454501035505000149EFB0BFFF834783
:1011900044016341F902638509002285EFF06FEE97
:1011A000231004004146814513054400EF007F8E63
:1011B0006F00DF8C0355040093140901C18026954C
:1011C00042054181EFE0CFA90355040005092695AA
:1011D00042054181EF30805A0355040026954205AF
:1011E0004181EF30C05965B7EF02BF871735FF1F48
:1011F0001305C525EF30B0009737FF1F83C70716CB
:1012000089C781450145EFB02F8F1734FF1F1304A5
:10121000640C1C401397170163570700084401C56D
:101220008145EFF07FF59737FF1F9387A72C9C43ED
:1012300089C7484019C1EF303FE4EFF0EFFA1306D9
:10124000801581451735FF1F1305C508EF007F8402
:10125000FD571737FF1FA307F71A9737FF1F93870D
:10126000E7209C4395C398472392070098C31737FC
:10127000FF1F232DF7180545EF901FC7814711E188
:10128000C9573E856F003F80EF10A0589737FF1F6A
:1012900023AEA716CDB7EF02CFFC41112AC6EFF05F
:1012A000BFF49737FF1F9387A71C9C439C5F81C7A0
:1012B000B2450545829741016F00EFFCEF026FFADE
:1012C0008347550085462E8789836382D70C91C753
:1012D00089466389D7106F000FFB9736FF1F9386EF
:1012E00066FF9C42B68413961701E34606FE83D53B
:1012F00045003D46E371B6FE8983858B2A848DC304
:1013000003A7C6121C41E318F7FC9737FF1F83C7DA
:10131000A7FFF1F3014681450545EFF0AFF565BF45
:101320009737FF1F9387C71403A907000843414657
:1013300083250900EFA0405B59FD8327490399C32A
:10134000054582971C40BD65938505A61737FF1F8D
:101350002328F70A9C401735FF1F1305250F93E735
:1013600047001737FF1F2327F7F683A784139847F3
:101370002392070098C3EF30006701468145054579
:10138000EFF04FEF9737FF1F238007F8A9B7973784
:10139000FF1F938727F49C4393961701E3DD06F222
:1013A00003D745000DFB13F7870001CB93E78700B8
:1013B0001737FF1F2320F7F239BFBD9B93E7870044
:1013C0001737FF1F2328F7F0EFF00FE29737FF1FC3
:1013D0009387070A9C43DC5B99C305458297EFF02E
:1013E0007F8CD5BD9737FF1F9387C7EE9C438983BA
:1013F000858BE38207EE83D74500E38E07EC9C41A3
:1014000003C50700EFF03FE9F9B5EF02EFE317344A
:10141000FF1F130424EC1C4013D72700058B35CF86
:101420009183858B9304007D81E79D6493840453AD
:10143000EF301FC503270414832744143307E54006
:101440009D8D3335E500898D93D7F44163C9B70489
:101450006394F50063E5E4049734FF1F938484E705
:1014600001440D499709FF1F9389C97C03A5C41442
:101470000DC51C4D050483C7870093F7070499EB3E
:1014800001466306240183A70415814591E3CE85B7
:10149000EF309FFF9104E31B24FD6F002FDE1C4003
:1014A0009183858B91CB8327C4140145DC4703C707
:1014B00057008D476313F7002545EFF0DFDDF1BFDF
:1014C000EF022FDA9737FF1F9387C7E09C43411144
:1014D000A307A10013E707019736FF1F23ACE6DE41
:1014E000C18B99E705469305F1000945EFF08FD8C8
:1014F0000347F100A5476314F700EFF0FFCE8345E3
:10150000F10091C99737FF1F938787F69C439C5F33
:1015100099C30545829741016F00EFD6EF026FD462
:101520001734FF1F130404DB1C400111139717012C
:1015300063570700EFF0DFF805616F00CFD47C0040
:101540003ECAB7070700AA843ECCA5457C004808E0
:101550003ECEEFF0CFD8A6854808EF409FD8480888
:10156000EFF08FD91C4093E707101737FF1F232395
:10157000F7D6D9B7EF02EFCE1734FF1F130484D587
:1015800083278413BD65938505A69C431735FF1FEC
:101590001305C5EB83C40700EF30E0440325841333
:1015A0009735FF1F83C545E6EF906FE305C91735F3
:1015B000FF1F034525E5EFF07F83834704131737AB
:1015C000FF1FA301F7E49737FF1F238D07E21C409D
:1015D000A183858B91C70D45EFF05FF46F00AFCA13
:1015E000A54763F497000945C5BF6388F4009737A2
:1015F000FF1F83C767D1E39097FE97C700009387CB
:101600006777032784138E04BE9483D744008356E0
:1016100047008507E399D7FC08439C40050582975E
:1016200075BFEF020FC4834645001737FF1F0347FE
:1016300077DD834755006317D7003A85EFF00FFB3E
:101640006F006FC41736FF1F0346C6DB9734FF1FBA
:10165000938444C86304D6020507E393E6FE173774
:10166000FF1F2301D7DA03A78413144723120700AF
:1016700014C37D579736FF1F2397E6D813D427004E
:101680009737FF1F83C737D863F687000945EFF008
:10169000FFE87DB763918702A557B307F40203A75C
:1016A0008413034747008D07BA9703D7450093F784
:1016B000F70FE39DE7FC9737FF1F83C7C7D4B3D766
:1016C0008700858BB5DF5D459307F4FFB387A702DD
:1016D00003A7841303D645008C410843D1073E95E8
:1016E000EFA0E02203C724138547B397870093C771
:1016F000F7FFF98F1737FF1F2307F7D0B1F3EFF08C
:101700007FE73DBFEF026FB359711C083ECCB707AE
:1017100006002A843ECE58181C0897C600009386FF
:10172000E6631736FF1F130676CC930500021735C4
:10173000FF1F130565BB3ED0EF90AFCE19C11D450D
:1017400089A0D80897C600009386C6611736FF1F88
:101750001306D6C9930500021735FF1F1305C5B838
:10176000EF902FCC69FD3546930571054810EFA029
:10177000001AD40822864C104818EF90CFE509C50E
:101780001945EFF0BFD9D9A8D80097C600009386B5
:10179000E65D1736FF1F130676C593050002173561
:1017A000FF1F130565B4EF90CFC751F903466106DB
:1017B0002808A14583494106034B510632C603441C
:1017C0007106834C810603499106034CA106034A26
:1017D000B106834BC106EFF08FB02808EFF0CFB110
:1017E00035EDFD571737FF1F2300F7B29737FF1F5F
:1017F000938707D09843BE8A8144324611CF9737EA
:10180000FF1F938727CF9C4381CB9737FF1F938779
:1018100067ACC443B33490002204336494012209BA
:10182000220A4204B366890193958900DC0033677C
:101830007A01C18EB3E56501C808EF400FA519ED27
:1018400083A70A0081C799C0EF1080169305007D19
:101850001735FF1F130585BFEF30E01865616F0076
:101860004FA1EF020FA01971AA84AA853410173670
:10187000FF1F1306A6AB1735FF1F130525ADEF900D
:10188000CFD919C11D4519A841469735FF1F93852A
:10189000E5A72810EFA0400509C51145EFF01FC8C6
:1018A000A5A21734FF1F1304E4A21C409735FF1FA5
:1018B0009385C5A61397170163470700A68597343C
:1018C000FF1F9384A4A59736FF1F938636B2268602
:1018D0001735FF1F130585A6EF90EFD945F51C407E
:1018E0001397170163550712BC083EC6B7072700B8
:1018F0003EC83818BC0897C600009386264617369F
:10190000FF1F1306B6AE930500021735FF1F130520
:10191000A59D3ECAEF90EFB035F5B80097C6000020
:10192000938646441736FF1F130656AC93050002F4
:101930001735FF1F1305459BEF90AFAE21F53546D8
:101940009305B1042808EF90907C184497C60000D6
:101950009386C6411736FF1F130656A91107930534
:1019600000021735FF1F13052598EF908FABE31B7F
:1019700005F01C4403D52700EFB0CFC7AA84E303CA
:1019800005F09D456800EFF08F9583C5E40193074E
:1019900090054146B385F502680093850503A69539
:1019A000EF405F921C44680083D52700EF401F97EB
:1019B0002685EFB04FC6AA856800EF409F92972713
:1019C000FF1F9387277C8C436800EF401F981C44BF
:1019D000680083D50700EF407F94A1456800EF4081
:1019E000DF8BB2462C08281885063686EF904FBD4F
:1019F00019C1194565B56800EFF00F9011E5A147D1
:101A00001737FF1F2302F79009616F00CF87EFF0B0
:101A10006FC5DDBFEF02EF8479713C083EC6B707A2
:101A200016003EC89735FF1F938545913C08173532
:101A3000FF1F1305A5923ECAEF900FC019C51D45A3
:101A4000EFF0DFAD45616F000F841736FF1F1306FF
:101A5000E68F9735FF1F9385658E1735FF1F13059A
:101A6000A588EF908FBF61FDC1451735FF1F130596
:101A7000E58AEF80CFE061F595456800EFF02F86AD
:101A8000C1456800EF407F81AA861736FF1F130605
:101A9000E6899735FF1F938565881735FF1F130566
:101AA000E58AEF908FB741FD6800EFF0EF8459F9B8
:101AB0009737FF1F938707829C43B983858B93B722
:101AC000170095071737FF1F2300F784A5BFEFF214
:101AD0005EF9AA8541461735FF1F13052583EF9050
:101AE00010639727FF1F9387E77E9C431397170187
:101AF00063560700EFF00FB76FF0FEF8EFF09FF1BD
:101B0000E5BF9727FF1F9387E77C9C4313F7F7F701
:101B10009726FF1F23A0E67C13F7070809CB858BC8
:101B200099C7EFF21EF4EFF0FFEE6FF0DEF5828062
:101B3000EFF23EF39724FF1F9384C47980403971FC
:101B4000AA859317140163D40706136414001306BF
:101B500000041735FF1F130575859727FF1F23AB5B
:101B60008776EF90D05AEFE03FE89C401734FF1F94
:101B70001304D48313971701634607001724FF1F2C
:101B80001304D47EA2850A85EFF04FB393050402B7
:101B90000810EFF0AFB297050000938505140A8591
:101BA000EF902FB81DC91D45EFF05F973DA01306BC
:101BB00000041725FF1F1305757BEF9050559357B1
:101BC0009400858BC5DF93571400858BC5FB136488
:101BD00014009727FF1F23AF876E21616FF0BEEAC5
:101BE000EFF23EE81D713C083EC6B70746003EC80E
:101BF00001453C083ECAEF902FAF19E51D45EFF0B7
:101C0000FF9125616FF03EE82A848D456800EFE082
:101C10001FED930500026800EF402FE8A285EFF06A
:101C2000EFA9930500026800EF402FE79305040237
:101C3000EFF0CFA81724FF1F1304C4691C40B2455E
:101C4000130600041397170185051725FF1F1305B9
:101C5000F571634607001725FF1F13053575EF90D3
:101C6000104B6800EFE05FE949FD1C408566138773
:101C700006805D8F1726FF1F232EE6641737FF1F90
:101C800013074787184301CF584011CB7D771307BF
:101C9000F77FF98FD58F1727FF1F232DF7621C4081
:101CA00013971701635B0700A583858BB9FB8D47ED
:101CB0001727FF1F230AF764A9B713D75700998383
:101CC000D98F858B1307F00F91E315479727FF1FD7
:101CD000238CE7623DB7EFF2DED8AA851725FF1FF8
:101CE00013058560EFF08F9D9727FF1F9387875E11
:101CF0009C43139717016352070413D7670093D6C9
:101D00005700558F058B11EB13D77700058B01CB4F
:101D100091471727FF1F2309F75E6FF0DED6139751
:101D2000370163550700EFF0FFCEC5BF0967D98FB4
:101D30001727FF1F2320F75ACDB713D79700058B1E
:101D400005C715479726FF1F2380E65C856613F7B6
:101D5000F7F7558F9726FF1F23AEE65693F7070830
:101D6000CDDFEFE03FF955BFEFF09FE77DB7EFF232
:101D70005ECF1724FF1F1304E4558327C4149DCF9F
:101D8000034745009727FF1F83C747696318F7027A
:101D90001C409183858B99E3EFE01FC51C4013978E
:101DA0001701635F070013F7F7BF9726FF1F23A3F1
:101DB000E65293F7074089C7EFF09FE26FF0BECC81
:101DC0001840FD779387F77F13164701F98F8566D3
:101DD000634706001727FF1F232EF74EC5B7D58F81
:101DE00013961701634706021727FF1F2324F74E98
:101DF0001C4013971701E34307FC13F7F7F79726E7
:101E0000FF1F23A9E64C93F70708CDDBEFE09FEE19
:101E100075B7F5779387F77FF98FD58F9726FF1FD3
:101E200023AAF64A93172701E3D407FCEFF09FBEDD
:101E3000C1B7EFF21EC38347050091C70945EFF014
:101E4000EFED6FF05EC4834715002A8413F7E70FA8
:101E500075F71727FF1F1307A76118430346C7002D
:101E6000E31EF6FC9727FF1F9387C746944393F71B
:101E7000F6DF19C293E706209726FF1F23ACF6442E
:101E8000A583858B81C71C4B91C382971546A2857C
:101E90001725FF1F1305454DEF9070278D47172716
:101EA000FF1F2303F74603464400834534000345E0
:101EB0002400EFF02F82E35605F849B7EFF2FEB7A2
:101EC000172BFF1F130B0B4103270B000111931757
:101ED000170163D007023C003ECAB7070B003ECC97
:101EE0003C003ECE834705002A8499E70945EFF080
:101EF000EFE205616FF0FEB78347150083462500CA
:101F0000A207D58FC207C1878546E391D7FE8346D6
:101F10003500E3EDD7FC972AFF1F938A6A5583A704
:101F20000A0001499C5BADCFA5CE1367072083440F
:101F300044009727FF1F23AFE7388547E3E897FA68
:101F4000034C5400A147E3E387FB83496400034546
:101F50007400A209B3E9A90013F709FE41FB834B02
:101F60008400E3E577F9034A94000345A400220ABC
:101F7000336AAA0093770AFFB5FB8345040017264E
:101F8000FF1F035606361725FF1F03556535EFF073
:101F90008F969727FF1F23A3A73411E5154581BF0F
:101FA0001377F7DF69B783A70A0091C403C78701D6
:101FB00019C3D84B61EF83C4970163F39B00DE84A0
:101FC00083D7A70193F4F40F13F7070101C7137721
:101FD0008A0059EBBD8BD1CF13757A0059C9EFA098
:101FE0003FA783A70A007D15937BF50F03D5A701B3
:101FF000A94C3D89EFA0DFA57D15137AF50F03A746
:102000000A008347C7016373FC00E28713FCF70FE4
:102010008357E70113F7870001C713F7090131EF71
:102020009D8BADC313F5F90031CDEFA07FA283A73F
:102030000A007D159379F50F03D5E7011D89EFA0FF
:102040003FA17D151379F50FA947B307FC0233872C
:102050009403636AF70C638C0C0C639C040C814939
:102060000149814B014A3DA0930C4002114A8D4B1E
:1020700079B7814C014A814B59B7930740020D490A
:102080009149E1B7814701498149C1B781448149FB
:10209000854B054A2D46A2851725FF1F1305152CD4
:1020A000EF90F00689454808EFE07FA38145480896
:1020B000EF402FA383250B004808A5818589EF40B9
:1020C0004FA2DE854808EF40CFA1CE854808EF40FB
:1020D0004FA1A6854808EF40CFA0D2451546172549
:1020E000FF1F130565288505EF9070024808EFE093
:1020F000BFA0E31005E02686CA855285EFE09FDD8C
:1021000001C50945EFF08FC183270B00A583858B9F
:1021100089C783A70A009C5B829783274B0099CFCE
:10212000EFF01FACF9B3E284894B0D4AA5B78144A7
:102130003DB7DE8952898D4B094AA9BF83270B0021
:1021400093E707401727FF1F2326F7185DB3EFF229
:10215000BE8F834745002A891725FF1F0345952A0F
:102160006316F500EFE09FC86FF05E911724FF1F24
:1021700013044416832984132E85AE84EF40AFA444
:102180002392A9008347490026851727FF1F230BA9
:10219000F726EF406F9F9727FF1F2387A7268327E8
:1021A000841303D7470009E70945EFF02FB76DBF48
:1021B00083D76700E3EAE7FE83475900898381C735
:1021C000D146E3F3E6FE1727FF1FA30EF7221725DC
:1021D000FF1F03454523137715009307F00F05C331
:1021E0001345F5FF1375F50FEFA09F867D159377C7
:1021F000F50F1727FF1F03471721E367F7FA172784
:10220000FF1F0347472011C3BA87034559000981BF
:102210001307150005453315E5007D157D8D9727BE
:10222000FF1F2382A71E8327841303D644008C40FC
:102230008843EF90C06D8347241393F7E70F172768
:10224000FF1F2302F71C8DF3EFF0CFB231BFEFF287
:102250005E8103450500EFF0AFA66FF0DE82EFF27E
:102260005E8001449724FF1F9384C4F15949EF30E5
:102270006FD36344A4006FF01E813305240383A74A
:10228000840A3E958357050081C78545EFE0DFEE60
:102290000504F1BFEFF24EFBAA8401441729FF1F8A
:1022A000130949EED949EF30EFCF6345A40001454A
:1022B0006FF0CEFC330534038327890A3E9503571C
:1022C000050063E7E40083474501BA97E3C2F4FEE3
:1022D0000504D1BFEFF2EEF8EFF0DFFB8545EFE04C
:1022E000BFE96FF04EFA9727FF1F938767189C434B
:1022F000DC5F91C7EFF2EEF682976FF0CEF8828046
:102300009727FF1F9387C7169C43BC4391C7EFF2E3
:102310004EF582976FF02EF782809727FF1F9387E5
:1023200067FB98439316170163D30608EFF26EF329
:10233000804701498345440103550400EFA09FE411
:1023400083474401634BF9022285EFE0EFCE9727E4
:10235000FF1F23A507F8FD5701451727FF1F23057A
:10236000F7FAEFF0EF950346440183550400035557
:102370002400EFF0FFF86FF00EF103550400931402
:102380000901C180269542054181EFD06F8D03552B
:1023900004000509269542054181EF20203E0355A2
:1023A0000400269542054181EF20603D51BF8280A7
:1023B0009727FF1F23ACA70A8280EFF28EEA9727A8
:1023C000FF1F938727F1DC436D54639FA700EFE065
:1023D000BFE19727FF1F9387A7099C432A849C5F2F
:1023E00081C781450945829722856FF0CEE9EFF2DA
:1023F0004EE79727FF1F9387E7EDC84309C5EFF026
:10240000DFFB6FF04EE825459727FF1F238D07FE62
:10241000EFF00F8BFDB79727FF1F93876705884362
:1024200082809727FF1F9387E7EA88430981058900
:102430008280EFF20EE341112A84EFF09FFE2DC956
:1024400003574400954763F8E7062285EF30FFFA0B
:102450002AC42285EF305FF32306A1002285EF30E6
:10246000BFF29727FF1F9387E7E69843A306A100D3
:102470000983058B11C783A6C712A247639DF60285
:102480000D8997C700009387678B0E05B386A70059
:102490008355440003C6560063EFC50001E703C738
:1024A000460011EBAA979C43A2852800829721A0A1
:1024B000EFA07F9351D541016FF0EEDCEFF2CED863
:1024C0001724FF1F130404E11C4013971701635ED8
:1024D000070613E747009724FF1F23ADE4DE918B27
:1024E0007157ADE3AE89AA8491451725FF1F1305E7
:1024F00025F13689328AEF709FB89307F0071727C6
:10250000FF1F230DF7F09727FF1F238D27DD972748
:10251000FF1F239747DD9727FF1F239437DD83276E
:1025200084134146A685984723920700014598C326
:10253000EFE04FD41C4093E707011727FF1F232B21
:10254000F7D801473A856FF06ED33557E5BF972727
:10255000FF1F9387E7F19C43FC4391C7EFF26ED0D6
:1025600082976FF04ED28280EFF2AECF97F5FFFFE9
:102570009385E5E91725FF1F130545EBEF20C03ACA
:102580006FF06ED015C5EFF2CECD2A84970500000E
:10259000938525E61725FF1F130545EBEF20C0386F
:1025A0009727FF1F23A687ECEFE01FC46FF0AECD87
:1025B0007D558280EFF2EECAEFA0FF82E9570DC58C
:1025C0009727FF1F938707D19843E9579356270012
:1025D000858A99EA9357E700858B91EB9166558F31
:1025E0009726FF1F23A8E6CE3E856FF0CEC9F95788
:1025F000E5BFEFF20EC7AE84EFA0EFFEE95705CDC1
:102600009727FF1F938707CD98433E84F95793166A
:10261000170163D20602EFF0DFE009C5E95781CC6C
:10262000EFE09FBC1C4071777D17F98F1727FF1FC4
:102630002322F7CA81473E856FF0EEC4A9E182806C
:102640008327090013171400BA9783D707006386FE
:1026500097020504EF30EF80E344A4FE0144EF301D
:102660004F80635CA4000327090093171400BA97F6
:1026700003D7070019EB239097006FF0CEC0EFF25D
:102680004EBE2A89AE840144F1B70504C9BFEFF2FA
:102690004EBD4111AA8401442EC6EF209FFCB245D5
:1026A000635CA400984093171400BA9703D70700FF
:1026B0006317B7002390070041016FF0CEBC0504FB
:1026C000E1BFEFF20EBA9727FF1F9387E7E19C4324
:1026D0002A87AE86328889CF9728FF1F938888E0A3
:1026E00003A3080089486315130182976FF0AEB900
:1026F0009727FF1F938707E09C430145E5DB97275A
:10270000FF1F938727DE90438547E311F6FE42863D
:10271000B6853A85EF207F9AD1BFEFF2EEB22E8ACE
:102720003284AA89EF207F9875158357440093144B
:102730000501C1801379FA0363FE9700CA852285DB
:10274000EF309FAF035644000C404E85EFF07FF70B
:102750006FF0CEB2936509042285EF30FFAD0C40D7
:1027600026864E85EFF0FFF5A6852285EF305FAE19
:10277000136909088357440099CF850763DF9700E1
:1027800093650A0C2285EF303FAB035644000C40A2
:102790004E85EFF01FF3014565BFCA852285EF30F6
:1027A000BFA90C4026864E85EFF0BFF1A685228595
:1027B000EF301FAAC1B7EFF2CEAA79713C083EC62E
:1027C000B70717002A84AE843EC868003C088545D8
:1027D0003ECAEF30DFC66C002685EF30CFCA7000EE
:1027E00085452285EFF07FF345616FF0CEA9EFF2CA
:1027F0004EA7EF201FE789450605EFA08FA7E557F5
:1028000011C59727FF1F23A7A7C881473E856FF0F3
:102810008EA79727FF1F9387A7C7985B239607026A
:102820001725FF1F130545C998D782801727FF1F5B
:10283000130707C618436316A7021727FF1F03478E
:10284000A7C575179387D5FF1337170093B71700E0
:10285000FD566319F700EFF2CEA0EFF01FEC6FF01A
:102860008EA2ED5636858280EFF20E9E05EDC16494
:1028700001441729FF1F1309E9909309400EFD1425
:1028800021A8330534038327090B3E958357C501DF
:1028900063839700D13F0504EF20BFDEE343A4FE2E
:1028A0006FF0CE9D9727FF1F938787BEAA85884329
:1028B00065D9EFF05FF0EDB7EFF20E9979711C0872
:1028C0003EC2B70720003EC41724FF1F130444BCB8
:1028D0001C083EC61C40D9C31727FF1F0347C7BBB0
:1028E0008947AE842A896315F704814911A85C40A1
:1028F00013971900BA9783D7070063819706850954
:10290000EF203FD6E3C5A9FE85454800EF303FB331
:1029100003564900832509004800EF30BF9A08405C
:1029200050008145EFF09FF0054545616FF00E9531
:10293000C167FD17E38AF5FC85476311F7028149FA
:1029400011A85C4013971900BA9783D70700E38D4D
:1029500097FA8509EF20FFD0E3C5A9FE0145F1B73D
:1029600023000502232205028280EFF28E8F854725
:102970002300F5022A84EF200FF29727FF1F938789
:10298000678083A7070B48D01725FF1F130585AE67
:102990001D8CB7F723B8938797E009843304F402BA
:1029A0009727FF1F23A487B4EF2080026FF0AE8D1E
:1029B000EFF28E89EFA02FC3E95705C1C16401442E
:1029C0001719FF1F1309097C9309400EFD14094ACA
:1029D000EF203FCB6346A40081473E856FF00E8A0F
:1029E000330534038327090B3E958357C50163885C
:1029F00097008347050263844701EFF01FF7050442
:102A0000C1BFEFF20E86834705FE85466398D70067
:102A10001305C5FDEFF09FC26FF0EE868946E39D7A
:102A2000D7FEFDD91305C5FDEFF07FC6F5B7972793
:102A3000FF1F938727AB98433DCF8546F157631D12
:102A4000D706EFF20E829727FF1F938767A42A8786
:102A500088433E8405C99726FF1F83C6E6A38D479A
:102A60006392F60239E39727FF1F9387A7A89C4339
:102A700095EB9727FF1F238107A21C4003D5070072
:102A8000EF208FE6EF20AFE71725FF1F1305859E88
:102A90009727FF1F23A807A4EF10707681473E8574
:102AA0006FE07EFEEFF07F91E9B703550500CD455D
:102AB000EF20CFE2D9B7F9573E8582809727FF1FD5
:102AC000938747A29C437955BDC3094771556383DA
:102AD000E7008280EFE2FEF81724FF1F1304449BF7
:102AE000184015C3834784008546FD1793F7F70FF9
:102AF00063EBF60003550700CD459727FF1F238D95
:102B00000798EF20AFDD1C4003D50700EF208FE0D2
:102B1000EF20AFE11725FF1F1305C5959727FF1F6E
:102B200023A2079CEF10B06D01456FE0DEF58280B7
:102B300015C1EFE21EF31C41AE842A8489C72E869C
:102B40000145814582975C4081C7A68501458297F2
:102B50006FE07EF38280EFE2DEF097B700009387AC
:102B6000A7A89C43AA8501459C4782976FE0BEF1C8
:102B7000EFE23EEF2A84034585019307F00F6314CB
:102B8000F500EF604FC1930720033305F5020328DA
:102B9000C401814601479305000293076509034577
:102BA00074017D8905053356D800058A01C60507DD
:102BB0001377F70F8506E398B6FE198D13074006C5
:102BC0003305E5023E959307C0126354F5001305E3
:102BD000C0126FE05EEBEFE23EE71C4D0354850050
:102BE000B28995834E04858B4111AA842E894D802C
:102BF000314691C321463307260383D74401998F79
:102C00006344F60013F6F70F83C564014E8532C6A0
:102C1000EF302FED9C4C935564004E85860793F75B
:102C20000708DD8DEF30EFEB0A0493553900C18DB5
:102C300093F5F50F4E85EF30CFEA9C4C9315590074
:102C40004E85FD8BDD8D93F5F50FEF308FE9DC4080
:102C5000931529003246BE958C414E85EF308FE6A4
:102C600041016FE0BEE1EFE23EDEAE8A8345A500A2
:102C70002A84B28905450146368A3A8BEF200FF83F
:102C80003DC19304C5002A89A5452685EF302FFB59
:102C9000630D0B0483450B0093F5F5072685EF3094
:102CA0004FE403D64A0083A50A002685EF308FE162
:102CB0009717FF1F938747359C43C9C750401C4057
:102CC000835584000356460003D5C7010547814656
:102CD000EF804FF115E95C40839747006354F0069D
:102CE0004A85EF30CFFF6555A1A85C400547814577
:102CF00083D727008D07C207C183E371F7FA0C441D
:102D0000E98193E5050459BF9717FF1F9387872F24
:102D100083A807000548A6870547814601468145E7
:102D20002285829805C15C4083974700635CF00070
:102D30004A85EF30CFFA4E85D285EFF07FDF01452F
:102D40006FE0DED3D2864E86CA852285EFA0FFEDE6
:102D5000C5BFEFE27ECF2A84130545022E89EF100E
:102D6000104A9717FF1F9387272A9C4395CB830709
:102D7000740163D7070203467401054581457D8AC6
:102D80000506EF80A03C5C4C7D15638BA7000356C5
:102D9000240183550401084093068400EF800FF757
:102DA00081445840939924004E97084319C5EFF089
:102DB0009FDA5C40CE9723A0070083477401850407
:102DC000FD8BE3D097FE8347740193F7F7FBA30BCA
:102DD000F400630B090081470148232004001CC450
:102DE00023260401232804006FE05EC9EFE2DEC55C
:102DF0009C45AA842E84B289239205009CC1014976
:102E0000DC4013172900BA97D8488C43A147931682
:102E1000270063C30600B1473387270303D6440165
:102E2000198E63D3C7003E862285EF30AFC983C7B2
:102E300074010509FD8BE3D527FD83C7740193F762
:102E4000070291EB83574400214763930900114720
:102E5000998F2312F4006FE07EC2EFE29EC02A83B6
:102E6000084103DE050041110355C5016313AE0699
:102E700003454301098911C503C54500138E65014A
:102E800019E1138E550083450E001377F7037D5526
:102E9000639EE502BE85B687832643014285468749
:102EA00013F816009716FF1F9386C62D9442835879
:102EB000A30032C0B38606410358830036C22E8673
:102EC000AA86814513051E00EF701FC641016FE001
:102ED0009EBB7D55E5BFEFE23EB72A8403558500D2
:102EE0004111BE89AE8A328AB6843A89EF103FA476
:102EF000E15739E103558400EFF0CFB9FD570DCD0F
:102F00005C488358A4004E8713F817009717FF1FDB
:102F1000938747279C43CA8656C0B3870741035807
:102F200084003EC22686D28785451105EF70DFBF3B
:102F30003335A000B307A0403E8541016FE01EB4C9
:102F4000EFE23EB22A8413058502EF10502B814731
:102F50001CC483578401014823200402C607C5838B
:102F60002322040223200400232604012328040032
:102F7000231CF40081448347A4019DC75840139942
:102F800024004A97084301CDEFF0FFBC5C40CA978C
:102F900023A007008347A401FD17230DF4001C4C58
:102FA0008504FD8BE3D997FC1717FF1F1307871DB7
:102FB0001C47230D040093F6F7FD1716FF1F232768
:102FC000D61C93F7070289CB08438145EF907FEA2F
:102FD00001C50145EFA06F916FE0FEAAEFE2FEA5EB
:102FE000832A0502032A4502AA84AE8901490144C5
:102FF000171BFF1F130BCB50930B8004EF20AFEC7C
:10300000634BA90201CC83578401814513058402D7
:10301000C607C583231CF400EF10F01C2685EFF0D3
:103020003FF263880A0083A74A0081C7D2854E8594
:1030300082976FE01EA4B307790303270B00BA97AA
:10304000638DF402039787016359070283D6070152
:1030500003D704016393E60283D6270103D7240133
:10306000639DE60009CC5444D847636AD700639651
:10307000E600144498476364D700050941B73E84CD
:10308000EDBFEFE27E9C1841797123100102835756
:10309000C701231101023AD2231CF1008357850195
:1030A00003476501231F0100EA07FD87231DF10087
:1030B000835725010A07231EF100930700F8A30098
:1030C000F1028347B5012301F1023C083ED4835746
:1030D00005012316F102834775012307F1021C4DF8
:1030E0009D83858BD98FA307F1028347D50195CBAB
:1030F000F1742A8417B900001309C9CC9384F40F22
:10310000184C9357870093F7F7037D8B6371F70291
:103110008357840171771307F70FF98F231CF4008D
:10312000A5A0A555EFF09FEB45616FE03E95584097
:103130008A07BA979C43D1C383457401014605456C
:10314000EF20CFABAA8929C11306C5003285A5455A
:1031500032C6EF30CFAE0C4C32462285A18193F5BA
:10316000F503EFF05FA78347C401A2864A8685076F
:10317000230EF400CE854810EFA03FAB1DCD834752
:10318000C401FD17230EF4008347C4018DE38317A8
:10319000240113058402930520036358F00083473C
:1031A000B401B385B70293850519EF10D0038347A7
:1031B000D401FD17A30EF40085BF1C4C03578401F6
:1031C000A183850793F7F703A207658FD98F231C87
:1031D000F4003DB7EFE2FE88130585FDEFF07FEACE
:1031E0006FE07E8A0347A50139CF0347C501AA874F
:1031F0007D171377F70F230EE50031E7EFE27E86A8
:1032000083162501634AD0000347D50111E78145A4
:10321000EFF0DFDC6FE03E8703D68701116713070D
:1032200007F0718F13858702814519EB9305200301
:103230006358D00083C7B701B385B70293850519DA
:10324000EF10607AC1BF8280EFE2BE812E85EFF081
:103250007FF96FE05E83EFE2DE8083578601AE8404
:10326000328413971701634E07001C5299CB9C437D
:1032700089CB50528297835784011167D98F231CC1
:10328000F40081C42285EFF0FFF56FE0CEFFEFE29E
:10329000CEFAAA8413F5F507328915CDA947630B39
:1032A000F51883C74401014493F707049DCB971792
:1032B000FF1F9387E7D498436306071C9717FF1FE8
:1032C000938747EC9C5F9183858B639D071AA68546
:1032D00002972A8439A003574600954763E6E70022
:1032E0007D5422856FE0EEF83285368AEF30AF8D5F
:1032F0009317150193D937019717FF1F9387C7D0ED
:103300009C43935AF500C20A93DA0A018DCB838756
:10331000440163D60702DC4813F717009717FF1F15
:10332000938747E69C43998F13D78700E207B3E75B
:1033300037012320FA002322EA0001445DB74A85C1
:10334000EF30AF8B096B83DB84002A898144171C23
:10335000FF1F130CEC1A930C80047D1BEF20AFB6FB
:10336000E3D0A4F83384940383270C003E941844DC
:103370005444B37767016390370583572401638D05
:103380007701638A0A021C4C0346A401FD8B850762
:103390006313F6022319740183172401E352F0F436
:1033A0002320EA002322DA0063190900A9552285A7
:1033B000EFF0DFC259B7850455B74A85EF904FE962
:1033C0001C4C7D15FD8BE3CDA7F013058402370A55
:1033D0000040EF10C0627D1A854A4A85EF900FE5E4
:1033E00001E98347A401A9C72285EFF09FC9B1B7BE
:1033F0005840B30745018A07BA979C439304F5FFE9
:103400008DC393F9F40F8A094E970843EFF0AFF498
:103410005C40BE9923A009008347A401FD17230D3A
:10342000F40033959A001345F5FF3379A90075B779
:103430008145B5BF035746008947E3F3E7EA03D761
:10344000A4009717FF1F83D7270B0144E31BF7E85E
:103450003285EF207FF3AA894A85EF20DFF6D0443A
:1034600093F9F907AA8621829377F60705461D8E00
:1034700083D5A40003D584004E961376F60FEF5043
:103480002FEB85B59717FF1F938707CE9C43615499
:10349000E38907E44A86A685829725BDEFE26ED9C7
:1034A0007971AA8A2E8A32C0368B3A848144014DC2
:1034B00001499719FF1F9389A904930B8004EF20FA
:1034C0008FA063CCA414F15463050D1403A64A0025
:1034D000630504188347040093E707F8230BFD00F6
:1034E00083D78A0003574A00B33580002318FD00B4
:1034F00083574600A1492319FD009307F7FF11E008
:10350000B149B3C7370383568D011715FF1F130544
:1035100065C7231AED00819A9605FD8BDD8E231C6D
:10352000DD008507230DFD001C4503284500898328
:1035300013F717001C41998F13D78700E207B3E7F1
:1035400007012324FD0083A70A002326ED00232280
:103550006D032320FD0082472320FD0293070040D6
:10356000231EFD0083C7AA00A30BFD0003A78A004A
:103570004D839377070413F7F6FB5D8F231CED0053
:1035800083C7BA001377F7F79316F900858B9E0768
:103590005D8F93171701C583D58F13D78700231C21
:1035A000FD0093770708A30CFD0083578D011307D7
:1035B000F00F93F7F7FDCD8F231CFD008347A60086
:1035C0002AC2639DE70AEF501F9DA30DAD0097141B
:1035D000FF1F938464A39C40130C8D00638807161F
:1035E00083270D0003278D0103562D0183D58A0003
:1035F00003D5C7017D8B0507E286EF70BFDE631739
:10360000051483172D016353F0146A85EFF05F935F
:10361000E554268545616FE08EC5B387740303A723
:103620000900BA9703C7A7010DC703D68A0083D63E
:1036300007010147631BD60003A74A0083D7270170
:10364000035747001D8F133717003369E9008504BE
:10365000BDB5E31E0DFE3E8DDDBF83572600054739
:103660008D07C207C1836365F700930700F8BDB5F6
:1036700083A78A00E98393E707FC8DB5A30DFD00BE
:10368000B9B73247035CA10063F3E7003E8C83A720
:103690000C00420C135C0C019C4362D001460C10E0
:1036A00001458297AA8935D1E2855285EF209FBBDB
:1036B0006286AA854E85EF80802583274D00131CE6
:1036C0002400E29723A037019C40A1CF1C103ECAE2
:1036D000B70710003ECC50081C10A2856A853ECE6C
:1036E000EFF06FCF03278D0109467D8B6303E40064
:1036F000054603AE0D0005485C080507DE868145DA
:103700005685029E19CD83A74A0083974700635AC6
:10371000F0004E85EFF02FC483274D003E9C232000
:103720000C0005041374F40F83574A00B9FB9C4046
:10373000A9C383274D009C438DEF6A85EFF05F801E
:103740000245DA85EFF0CFBE8144E1B5814B11E04F
:10375000E28B93970901C1830144231531013EC6D1
:1037600097AC0000938C4CE8971DFF1F938D8D89BB
:1037700065BF63050900EF907F9BF9B76A85EFF09D
:103780005F909717FF1F9387679E9C438144E38256
:1037900007E892479C5F9183858BE38C07E6EF9067
:1037A0000F9185BDEFE2EEABEF10FFF193078004C0
:1037B0003305F502A145EF90CFAB01E565556FE00C
:1037C0008EAC9717FF1F23ADA7D201449714FF1F9C
:1037D000938404D313098004EF10FFEE6369A402FD
:1037E000EF107FEFA1451A05EF90AFA861D99717A9
:1037F000FF1F23A5A7D00144B1441719FF1F1309C8
:10380000E9CFEF105FED6364A40201454DBFEF10F7
:103810009FEA91450A05EF90CFA54DD133072403C8
:103820009C4005041374F40FBA97C8C375B7EF1022
:103830009FEB335595029145420541810A05EF9072
:103840004FA32DDD83270900131764000504BA97E1
:10385000C8C31374F40F75B7EFE20E9FC1642A89D1
:1038600001449719FF1F9389E991130A8002FD14FF
:10387000EF103FE26345A40001456FE02EA0330541
:10388000440383A7C90A3E958357050063869700C2
:1038900083572500E38327FF0504D9BFEFE26E9C21
:1038A000C167BA841387E7FF41113684639BE50043
:1038B000238004009717FF1F938747961CC08147FA
:1038C0001DA8F5172A896391F50432852EC632C4E6
:1038D000EF10EF8571FD9717FF1F9387A79F9C43FC
:1038E0002246B24513971701635007023285EFE075
:1038F0007F9A11E5FD573E8541016FE0CE98110595
:1039000008C02380040065BFE30609FE2E85EFF0A2
:10391000BFF4E1576DD10347F9018947631DF700F3
:103920008347450089CB930775011CC08347650118
:103930002380F40069B7930765001CC083475500D6
:10394000C5BF83D7450099E77D5582807D550561C8
:103950006FE0CE92EFE24E8F130700182A84011118
:103960002D55E366F7FE2E85B6893289AE84EF20A9
:103970005F918D47E3FCA7FC03DA4400EF107FD290
:1039800011055C406358450103C79700136707F8AA
:10399000A384E70003D6470083D527000840130718
:1039A000B1017408EFF09FEF5DF18347B101139708
:1039B00027008347B4008D8BD98FA305F4005C40AA
:1039C0008387970063D907002685EF209F8B1335E7
:1039D0008500134515008347B40006059166F59BE5
:1039E0005D8D5C40A305A400014703D54700A16796
:1039F000A98F63F5D700EF508FE82A875C409706C0
:103A0000FF1F9386267883A8060083D5270003D856
:103A100047009C4610448D058983858BB387F84009
:103A20003EC0C20583A84600835784007245658264
:103A3000C181A686058A93B52500EF704F86E318ED
:103A400005F05C400147CE86838797004A86A685AD
:103A5000228563D50700EFF07FA4D5BDEFF0AFA0BE
:103A6000FDB5EFE20E8032883A8613970601011108
:103A70004183A307B100231CE100231DE10042CADA
:103A800042CEAD45584163F8D5008345970093E594
:103A900005F8A304B700FD562311D70003079700CC
:103AA000635B07001307F100BE864C08EFF01F9F11
:103AB00005616FD05EFD1307F100BE864C08EFF084
:103AC0008F9AFDB7EFD25EF83E848357C50101118E
:103AD000231901002314F100FD572315F1003C00C8
:103AE0002ACA23170100231801002316C100230945
:103AF000D10002CE3ECC2E89BA89C2842E856304C1
:103B00000800EF005FD5231EA100EF50AF89970793
:103B1000FF1F938727679C5F230FA10001459183B7
:103B2000858BADE3420913590941635D200503D735
:103B300009001398F40099464E074583336807013E
:103B4000931788004208135808011358880033E877
:103B500007019357040113D78700A301F1009317BE
:103B600084004204418021805D8C2301E100814773
:103B700001470A868145480823100101231281006C
:103B8000EFF03FEE05616FD07EEFEFD29EED2A841D
:103B90009304C5FDEF102FD08327C4FF1D8DBD6793
:103BA000938707A663F8A70081452685EFF06F9AF3
:103BB0006FD07EED032804FF8355E4FE832784FF46
:103BC000834644FF0356C4FE0325C4FD1358F80181
:103BD000130744FEEFF01FEF2685EFE07FF9AA857B
:103BE0002285EF005060E9B7EFD2BEE701112E89C0
:103BF000AA84EF509FC42A84FD572315F1008357F0
:103C0000C40203554503231901002316F10083471D
:103C1000140323170100231801002309F1002314C2
:103C2000A10002CA02CC02CEEF90CF9C2ACA084063
:103C30003C003ECCEF003FE183570500231EF1001E
:103C4000EF405FF68357C402230FA100B1CF834733
:103C500014032302F100EF502F827D151334150059
:103C6000EF50CFA485476314F50013642400EF5090
:103C7000EF8185476314F500136444009707FF1F25
:103C8000938747509C5F9183858B99C3136484000D
:103C9000CA8726878D465000A9454808A30201001F
:103CA00023038100EFF0FFDB05616FD0DEDDEFD293
:103CB0005EDB81450145EFF03FF36FD0DEDCEFD2F4
:103CC0005EDA01449714FF1F9384848313098004F0
:103CD000EF107F9F6345A40001456FD0DEDA330704
:103CE00024039C40BA9783C7A70199E30504CDB785
:103CF0000545E5B7EFD2FED6AA8401441709FF1F98
:103D000013094948EF10FF8F6353A4028327490B1F
:103D1000131534003E9583570500639C97002310CC
:103D200005002322050023010500EFC05FA96FD025
:103D30009ED50504C1BFEFD23ED12A842E89EF1053
:103D40005F8E19C1014565A083474401414793F641
:103D50000703E389E6FE93F70704EDD7EF107F8AA8
:103D600075D181448149170AFF1F130AAA41EF1038
:103D70005F8963CCA900EF10DF88639BA90E8144A3
:103D80009709FF1F9389094089A883274A0B9394B9
:103D90003900BE9403D7040083578400E30DF7FC79
:103DA0008509F1B783A7490B139534003E958357D6
:103DB00005009DE3630509002320A90061B783572F
:103DC00084002310F5001C485CC15C48858B2301EE
:103DD000F500EFC0DF9EBDB78504EF109F82E3C3FF
:103DE000A4FCEF101F8385476305F50005456FD0E0
:103DF000FEC89704FF1F83D444701707FF1F1307E3
:103E00006738939734008324470BBE9403D504008E
:103E1000EFB00FE503D50400EFF0DFED630C09020E
:103E2000232099009707FF1F83D7276D8507170762
:103E3000FF1F2314F76CEF10CFFC42059707FF1FFD
:103E400083D7A76B4181E3EFA7EE9707FF1F239668
:103E5000076ACDBD8357840026852390F4001C4853
:103E6000DCC05C48858B2381F400EFC05F955DBFAB
:103E70008347440103C72400858B99C725DBD840BD
:103E80001C48E375F7F611A07DDB630509002320CC
:103E900099004DBD8357840026852390F4001C486B
:103EA000DCC05C48858B2381F40025B7EFD27EB857
:103EB00003584500217102D29147832B050063E727
:103EC00007017D594A8539616FD07EBA2E842A8ACE
:103ED0004C102285BA8DB689328CEFF0DFE575F192
:103EE00085455285EF20CFB65285EF20CFCD1319EF
:103EF00035000981896442054181938CF4FFB374D4
:103F000095015285EF204FC81379890193575500C9
:103F10003369F900137DF5011379F90F137BFD0F58
:103F2000E3612BFB5C481848970AFF1F938A8A2598
:103F300093F6170083A70A00B3049740B3F49401E3
:103F4000958F93D68700B3049740E207DD8C23A2B8
:103F5000D90023A09900930C1B0023809D0181466A
:103F600036CEEF104FF7F2461708FF1F1308085917
:103F700063D0A6048327080093946600BE949848F3
:103F80001C446316F706D84483A749008C4403A653
:103F900009006366F7006390E74863FEC54683C780
:103FA000740193F70704A1C785452685EFE07FDA02
:103FB0005C4821478D83858B91E33147B3046703C8
:103FC000EF106FF263C4A404032844018346E400A5
:103FD000035684008355A4000840135878001378D2
:103FE000180081474E87EFF0FFAD2D59E1BD8506E2
:103FF00085BF835784002310F5001C485CC15C48D2
:10400000858B2301F500EFC08FFB49A19707FF1FA8
:10401000938787FF9C4381EF814DEF10CFEB97078C
:10402000FF1F9387A74D63CBAD045D5961BD5C480D
:104030001307000893F7070CE390E7FE1C4003C743
:104040000D000356A4008355840003D5C701CE8616
:10405000EF704FB971F1032844018346E400035621
:1040600084008355A4000840135878001378180082
:1040700081474E87EFF01FA56559A9B598439394E2
:104080006D00BA9403C774019376070499C2850D35
:1040900069B713670704A38BE4001C409CC05C480D
:1040A0008A0793F607029377F7FDD58FA38BF40069
:1040B00003A6090083A64900819BB3E7A701A38B50
:1040C000F40090C4D4C403C70B0093F7F707238B05
:1040D000E4000347E400238CE400035784002398A2
:1040E000E4000357A40023AE04002399E4005848D9
:1040F00013770708D98FA38BF400DC4CB3D72701C3
:10410000858B63950738DC4803574A00F583858B18
:104110006317690B93160901C182214691E3314669
:10412000B387C6023E97239AE400EF00DFF6138DB3
:10413000440288D06A85EF00D00009ED83A78A0386
:104140009183858B81EB2685EFE09FA2AA856A8506
:10415000EF0070095C4821478D83858B91E33147DF
:10416000DC40BAC017970000130707481843931D97
:104170002900130B01041843EE970146DA85014527
:104180003ECE0297F24788C3DC40BE9D03A50D00DA
:104190000DED032844018355A4008346E400035633
:1041A00084000840135878001378180081474E8720
:1041B000EFF05F9185452685EFE0BFB975BDA1465B
:1041C00091E3B146E383E6F6EDB903564A00832551
:1041D0000A00054A33192A01EF706073DC4C6686C9
:1041E00005453369F90023AE24018145EF6010765F
:1041F0007D156306A90023204C010149E1B1125548
:1042000009CD835784002310F5001C485CC15C482D
:10421000858B2301F500EFC08FDA89472320FC004E
:104220006A85EF00C07D03A84401DC4C8346E400AE
:10423000035684008355A40008404E871358F801A4
:10424000EFF05F888347440113F7870005CBB7077A
:10425000000101464C1826853EDC5ADA5ADEEFE0B2
:10426000FFB883C50B00CE8650182285EFF02F8251
:104270002A8981452685EFE0DFADA9B183C91B00FE
:1042800003AA84003707800183CC0B00220A3AD6A8
:1042900093D979005AD45AD8135A8A0083D6440144
:1042A00025476393090015477D59E3C4E6FC1707CA
:1042B000FF1F130767D5184311C793F7070499E346
:1042C000014945BF0355A400A1671167A98F814B20
:1042D00063F5E700EF40BFDAAA8B93D76C00858BBC
:1042E000BDCF114C63830900214C420C135C0C01BF
:1042F000014B130D8002EF10CFB993170B0142054C
:10430000C1834181E3FEA7FA03A3CA0AB30DAB033D
:104310004E862C1026851ACEEFE05FADA25783A5FE
:10432000CA0A930841033EDE3EDA83D744011308EC
:1043300081026687B3878741231DF102DE86CE871F
:104340005286EE952285231C0102EFE01FB12A89D7
:10435000050B55F172439A9D83D72D0075A09707E1
:10436000FF1F938727F79C43139717016350070498
:104370004E862C102685EFE07FA7A25721473EDE10
:104380003EDA83D74401639309001147998F231DB7
:10439000F10238105C18CE865E86D2852285231CF9
:1043A0000102EFE05FB32A89F55739CD4E862C1014
:1043B0002685EFE0BFA3A25721473EDE3EDA83D732
:1043C0004401639309001147998F231DF1025C4852
:1043D00052C0341013F7170083A70A004E86854594
:1043E000998F3EC28358A40003588400DE87581872
:1043F0001705FF1F130585E2231C0102EF60CFF2B2
:104400002A89F957E31705E62313F4004C1822858F
:10441000EF003F98B9BDE3E6E7AA6314F700E36253
:10442000B6AA03C70B0083C76401E31CF7A803AD5A
:10443000440193578D01FD8BE39567A95C481357A1
:10444000DD01058B8D83858BE31DF7A683C7740182
:1044500093F70704E39307CADC4C6686054581455C
:104460003ECEEF60B04EF2477D15E39CA7A4834695
:10447000E400035684008355A40008401358FD014E
:104480004E87EFF02FE41255E31505B679591DBCA0
:104490009707FF1F2392A7068280EFD28ED939712A
:1044A000FD57170AFF1F130A2AB63ED683270A00B4
:1044B0007D573AD402D2A3010102AA842E846387D5
:1044C00007109C4183D5A50003D5C701EF609FED80
:1044D000834744011E0593F7F707C98F230AF400A9
:1044E000A5452685EF10DFD6970AFF1F938A0AC8D5
:1044F00083A70A008DC71707FF1F1307A7C81C5FF4
:104500009183858B89CF8347440193F6070381EA22
:104510005453214769596397E60A918BC5C726858D
:10452000EF109FD59C40AA8B03DC440083870700D3
:1045300063D3070A5C48014993F7070CC1C7130707
:10454000310234105010A2852685EFF03F962A895B
:1045500083A70A0085C31707FF1F1307A7C21C5FA5
:104560009183858B81CB5853A1476315F700228532
:10457000EF80CFC99C44C20B93DB0B01BE9B83270A
:104580000A0023A07401239284018DCF8307440184
:1045900063DA0702631809029707FF1F938787A64C
:1045A00083A80700A257FD5612560347310201485F
:1045B0006393D71CB2566390F61CA6878146A285EA
:1045C000014582984A8521616FD06ECA83C7450133
:1045D00093F7F70721B78547A301F10263140C0095
:1045E0007D59BDB781452285EFF0EFF475F9268539
:1045F000EF109FD983474401AA8CA18B81CBAA8558
:10460000341026862285EFE09FC891B75C480149A7
:1046100093F7070C95DFEF10CF8811054205418114
:10462000EF10F03EAA89630605142ADA231C010262
:10463000EF102F8703D744001105231DA1024EDE82
:10464000914763E6E7004E85EF10503751BF83274F
:104650000A0091CB8347440193F7070489E74E850D
:10466000EF10D035F5B50355A400A1671167A98FE8
:10467000014B63F5E700EF409FA02A8B83D74400EE
:10468000F1172392F40093D76C00858BE1E3970731
:10469000FF1F938727C49C43139717016351070299
:1046A000F2570C4826873EDA81465C185A862285E6
:1046B000231C0102EFE03F822A89F55739C1F257E6
:1046C0008358A400035884003EDA5C48A68601465D
:1046D00013F717009707FF1F9387C7AA9C438545C9
:1046E0001705FF1F130585B3998F3EC21C48581844
:1046F000231C01023EC0DA87EF600FC32A8925F12F
:10470000F9572313F4004C182285EF008FE881BF7E
:1047100093078002B387FD02032ECD0A1048930849
:10472000410326886687DA862285231C0102850DCF
:104730003E9EF257F28572CE3EDA8147EFE0EFF10E
:104740002A8911E9724E83572E0065BF814D170DDE
:10475000FF1F130D2DA3EF00DFF3420593970D010B
:104760004181C183E3E6A7FA4E85EF103025014968
:10477000C5B35D59F1BBA687341091B582808280A4
:10478000EFD22EAE01449704FF1F938424D7EF008D
:104790009FF46344A4029707FF1F9387A79E03A477
:1047A000470BEF001FE61316350081452285EFD039
:1047B0004EAEEFC0AF826FD00EAD8840931764004D
:1047C00085453E95EFE0EFD80504D1B7EFD26EA94D
:1047D00001449704FF1F9384A4D213098004EF00BF
:1047E0009FEE6344A4006FD00EAAB3072403884051
:1047F00005043E95EFE0CFF4DDB7EFD2EEA401441F
:104800009704FF1F9384C4CF1309800497F9FFFF17
:104810009389899CEF003FEB6341A4020144970414
:10482000FF1F9384A4CD17F9FFFF13094936EF004A
:104830009FEA634EA4006FD06EA4B30724038840A0
:10484000CE8505043E9513058502F928E1B7884019
:1048500093176400CA853E9513054502F1200504AF
:10486000F9B7EFD20EA01C452A84858BA1CF9706FD
:10487000FF1F938626C99C42014795C36311F40428
:104880001C40D4420DE71707FF1F232DF7C6631600
:10489000D4001707FF1F2329F7C6232004001C4458
:1048A000232C04000145F99B1CC46FD0CE9D1CC372
:1048B000E315D4FE9707FF1F23A8E7C4F9BF3E877F
:1048C0009C4365BF3105ED2CD9BF8589B1C1EFD2BD
:1048D0004E991704FF1F1304E4C208401DC51C4174
:1048E0001707FF1F2320F7C258406316E50017077C
:1048F000FF1F232BF7C01C45584193F6E7FF14C553
:10490000858BE1DF79DB0297C9BF01456FD0AE9798
:1049100001458280EFD2EE942E8431468145EFD05E
:104920004E9740C16FD02E96EFD2AE932A84EFF00F
:104930007FFE2326040023280400232C04006FD0CC
:104940008E94EFD20E923105F92295473305F50288
:10495000A1473345F5026FD00E939C4513E717002E
:1049600098C5858B9DE3EFD2CE8F5C4123A00500D7
:1049700091EB4CC10CC1034585008545EF10D03D3E
:104980006FD06E908CC34CC1FDB78280EFD2CE8BBE
:104990003559634A06009C4DB2842E84AA8999C772
:1049A00031596387A7004A856FD04E8D014919E5BB
:1049B0002285EFF01FEB2A89E34705FE8E0495451B
:1049C000B3C5B402232C34011305C4006122E1BF36
:1049D000EFD22E89AA851705FF1F1305A5B2EFF0A8
:1049E000DFF76FD04E8AEFD2CE872E86AA851705C5
:1049F000FF1F130525B1EFF07FF96FD0CE881C4D56
:104A000099C7EFD20E86EFF0DFE56FD0CE877D55E8
:104A10008280EFD20E8517050000130545EBEF20CD
:104A200040089707FF1F9387E7AD2384A70023A0C3
:104A3000070023A207006FD00E8597D7FE1F93872C
:104A4000272088436313F50001458280EFD26E81F1
:104A5000EFF0BFFEFD5711C11C453E856FD0AE8201
:104A6000EFD22E80EFF07FFDAA87014599CB8047DA
:104A700085451705FF1F0345A5A9EF1070553305A0
:104A8000A4406FD04E80EFC2DEFD41112AC685459D
:104A90001705FF1F0345C5A7EF10304C85451705C7
:104AA000FF1F0345E5A6EF10D02F3246634A0600EC
:104AB0001705FF1F0345C5A5854511E6EF10D02951
:104AC00041016FC05EFCEF10B032DDBFEFC27EF976
:104AD000930545FF4845EFF05FE86FC0DEFA858932
:104AE0008DC9EFC21EF8EFF05FF509CD54411841B2
:104AF0002324050098C254C3232005002322050067
:104B0000EFF0DFFCEFF09FF4EFF0FFF701456FC02F
:104B10009EF7014582801C4185CFEFC29EF4AA8496
:104B2000EFF0BFF197D7FE1F93878711DC43014455
:104B300019E5EFF0FFF23305A4406FC0DEF418452D
:104B40003A94E30895FE75D5E305F5FE0841CDB727
:104B500001458280EFC2FEF00CC52A84EFF05FF0C1
:104B6000AA84EFF09FED01C51C45858F1CC5EFF0B1
:104B7000DFEC97D7FE1F9387A70CD04311E950C0F5
:104B80001CC0DC4380C397D7FE1F23AD870A29A82A
:104B9000144518446350D7025C413387E64018C57A
:104BA0005CC008C080C340C1EFF05FEAEFF0BFED2A
:104BB0006FC07EED158F18C4E303A6FC08417DBFCE
:104BC000EFC23EEA1C41FD54B1C72A84EFF0FFE674
:104BD0002A89014563142401EFF09FE817D7FE1FCF
:104BE0001307070658431C406308E40091C71844A4
:104BF000098F88473A9588C7584081441CC3D8C359
:104C0000232004002322040063162401EFF01FE494
:104C1000EFF07FE726856FC01EE7EFC29EE4170521
:104C20000000130505ECEF10D0679707FF1F2381E5
:104C3000A78E6FC05EE511E282807D16B387C50046
:104C400003C70700B307C5002380E700EDB7970748
:104C5000FF1F23A1A78C8280EFC2BEE01C412A84E3
:104C6000B284858B014989CBB2862E86AA8597C0EE
:104C7000FE1FE780E0D62A89A685228597C0FE1F01
:104C8000E78000D4630A09008A04F11426941C40CA
:104C900037070080D98F1CC06FC0FEDEEFC2DEDA9E
:104CA000039A260093070002AE891304FA013344E5
:104CB000F40293844602AA85B28A4E852686054967
:104CC00062046184A28697C0FE1FE78060D111ED67
:104CD000931754000149635AFA00D2854E8597C054
:104CE000FE1FE78040C43339A000A2862686CE8509
:104CF000568597C0FE1FE780A0CE4A856FC01ED89C
:104D0000EFC29ED4011121462E842A8997C0FE1F2E
:104D1000E78020C65C54A1460A863EC61C588A8598
:104D20000A853EC85C5802C402C23ECA1C5C02C06E
:104D30003ECC5C5C3ECE97C0FE1FE78060CAAA8472
:104D4000A1460A86CA854A8597C0FE1FE78040C9EA
:104D50001C58AA94A1463EC65C580A868A853EC85D
:104D60001C5C0A8502CE3ECA5C5C3ECC97C0FE1F2E
:104D7000E78000C7AA94A1460A86CA854A8597C0DB
:104D8000FE1FE780E0C51C50AA94A1463EC05C50BF
:104D90000A86CA853EC21C544A8502CA3EC41C5CAF
:104DA00002C802C63ECC5C5C3ECE97C0FE1FE780C8
:104DB00020C35C50185CAA943EC01C543AC8585C8E
:104DC0003EC25C54A1460A863EC45C58CA854A85E8
:104DD0003EC63ECC1C503ACA3ECE97C0FE1FE7806E
:104DE00020C05C54AA94A1463EC01C580A86CA85BD
:104DF0003EC25C584A8502CA3EC41C5002C802C664
:104E00003ECC1C543ECE97C0FE1FE78000C11C580C
:104E1000898CA1463EC05C580A86CA853EC21C5C8D
:104E20004A8502CA3EC45C5C02C83EC65C503ECCA9
:104E30005C543ECE97C0FE1FE78020BE5C58898C34
:104E4000A1463EC01C5C0A86CA853EC25C5C4A859F
:104E500002CC3EC41C503EC65C503EC81C543ECAE8
:104E60001C583ECE97C0FE1FE78020BB1C5C898C7F
:104E7000A1463EC05C5C0A86CA853EC25C504A853B
:104E800002C43EC61C5402CC3EC85C543ECA5C58A8
:104E90003ECE97C0FE1FE78040B83384A44097D42D
:104EA000FE1F9384A4DA63470402854911E8214672
:104EB000CA85268597C0FE1FE780E0996307350302
:104EC000A1462686CA854A8597C0FE1FE780E0B4C2
:104ED000098CE9BFA1462686CA854A8597C0FE1F70
:104EE000E78000B02A94E34704FE05616FC01EB955
:104EF000EFC29EB51D712A8432892E8A7146814582
:104F00004800EFC01EB9830409008D475286A6866B
:104F1000D28508103EC097C0FE1FE78040B78327A8
:104F2000C90A0C1022858297A6860A86A285228548
:104F30009309490097C0FE1FE78020AE09C9A686E5
:104F40004E86A285228597C0FE1FE78060A9830652
:104F500009005286A285081097C0FE1FE78020B383
:104F60008327C90A0C1022858297A6861306490852
:104F7000A285228597C0FE1FE78080A619E92686B4
:104F8000A2854E8597C0FE1FE780E08C8547630AA7
:104F9000F500A6864E86A285228597C0FE1FE78073
:104FA000C0A725616FC09EADEFC21EAA8384060014
:104FB00019712A89AE8A3285A6853284B68997C04E
:104FC000FE1FE78020946319052CA6865686D68599
:104FD000880097C0FE1FE78080AB83A7C90A8C00BA
:104FE0000A858297838609000A86CA85880097C049
:104FF000FE1FE780C0A983A7C90A8C00081082970A
:10500000838609000A868A85880097C0FE1FE7808C
:1050100000A883A7C90A8C000A85829783860900A5
:105020002286D685880097C0FE1FE78040A683A70A
:10503000C90A8C0056858297838609002286A2853C
:10504000880097C0FE1FE78080A483A7C90A8C0050
:1050500022858297A6862286CA854A85138A4900B8
:1050600097C0FE1FE780C09719E92686CA8552853A
:1050700097B0FE1FE780207E8547630AF500A6866D
:105080005286CA854A8597C0FE1FE7800099A6868A
:105090002286A285228597C0FE1FE780609419E9C9
:1050A0002686A285528597B0FE1FE780C07A854785
:1050B000630AF500A6865286A285228597C0FE1F48
:1050C000E780A095A6862286CA85228597C0FE1F06
:1050D000E780A09409C9A6865286A285228597C03A
:1050E000FE1FE780E08F838609002286CA8588003C
:1050F00097C0FE1FE780A09983A7C90A8C004A8544
:105100008297A6864A86CA85228597C0FE1FE780B9
:10511000208D19E92686A285528597B0FE1FE7806B
:1051200080738547630AF500A6865286A28522858C
:1051300097C0FE1FE780608EA6862286CA854A85B4
:1051400097C0FE1FE780C08919E92686CA85528567
:1051500097B0FE1FE78020708547630AF500A6869A
:105160005286CA854A8597C0FE1FE780008B81451D
:105170004A8597B0FE1FE780007B63020512A68672
:105180005286CA854A8597C0FE1FE78060852A8BB4
:10519000A6854A8597C0FE1FE780808293972400EA
:1051A000F117CA9788437E0B3365650188C38386F0
:1051B00009004A86CA85880097C0FE1FE780208DB7
:1051C00083A7C90A8C0022858297A6861010A28523
:1051D000228597C0FE1FE780408409C9A6865286B3
:1051E000A285228597B0FE1FE780807FA6861010DB
:1051F000A285228597C0FE1FE780208209C9A68666
:105200005286A285228597B0FE1FE780607D0C1034
:10521000A68622862E8597C0FE1FE780008009C9DA
:105220000C10A68652862E8597B0FE1FE780407B25
:10523000838609001010CA85880097C0FE1FE7808A
:10524000008583A7C90A8C004A858297A6860A86AC
:10525000CA850A8597B0FE1FE780207C09C9A6860B
:1052600052868A850A8597B0FE1FE780607726867A
:10527000A2854A8597B0FE1FE780A06F2686D68557
:10528000228597B0FE1FE780C06E26868A855685E8
:1052900097B0FE1FE780E06D09616FC02EFEA68506
:1052A0004A8597B0FE1FE780A07111B7EFC2CEF913
:1052B000AE8919712A89B6854E85B284368497B035
:1052C000FE1FE780206411C9A2854A8597B0FE1FA2
:1052D000E780806109616FC06EFA2286CE850A85FB
:1052E00097B0FE1FE780E0682286A685081097B079
:1052F000FE1FE7800068A285880097B0FE1FE78048
:10530000A05E8547A2858810BEC097B0FE1FE780CB
:10531000A05D22860C100A8597B0FE1FE780A0537F
:1053200009E922868C004A8597B0FE1FE7806064F9
:1053300055B78247858B89EFA2850A8597B0FE1FF6
:10534000E78000682286A6858800EFF0FF90D1B73D
:105350008257858B99EBA285081097B0FE1FE780D6
:1053600020662286A6858810CDB7A2866359A00440
:1053700010108A850A8597B0FE1FE780006AA28513
:105380000A8597B0FE1FE780A06322868C108800F4
:1053900097B0FE1FE780204C635A05008C00A28660
:1053A00026862E8597B0FE1FE78080638C00A2863C
:1053B00090102E8597B0FE1FE780206661B70C1015
:1053C0000A862E8597B0FE1FE7802065A28508100B
:1053D00097B0FE1FE780C05E22868C00881097B0D1
:1053E000FE1FE7804047635A05008C10A286268680
:1053F0002E8597B0FE1FE780A05E8C10A2869000DD
:105400002E8597B0FE1FE7804061A1BFEFC26EE21C
:10541000038C070069712AC2B28D080962862E8D3D
:1054200036C63E84BA8B97B0FE1FE7808054931730
:105430002C003EC4EA976286BE8588093EC097B0BC
:10544000FE1FE7800053B246830404006384066CA9
:105450002686B685081897B0FE1FE78080512686FD
:105460000C09881897B0FE1FE780A05026868C098B
:10547000081997B0FE1FE780C04F8306040010187C
:10548000B285881997B0FE1FE78060608327C40A41
:105490008C19880882978306040090080C098819E3
:1054A00097B0FE1FE780A05E8327C40A8C19080905
:1054B00082978306040010188C08881997B0FE1F85
:1054C000E780E05C8327C40A8C19880882978306EA
:1054D000040090088C09881997B0FE1FE780205BB4
:1054E0008327C40A8C19880982978327440AA286D5
:1054F00010188C0908098297830604001018B285D9
:10550000881997B0FE1FE78080588327C40A8C193A
:10551000880882978306040090088C18881997B031
:10552000FE1FE780C0568327C40A8C19881882970B
:105530008306040010188C08881997B0FE1FE780B6
:1055400000558327C40A8C198808829783060400B3
:1055500090080C19881997B0FE1FE78040538327E5
:10556000C40AF91B8C190819C20B829793DB0B41F3
:1055700013094400854C830404006346705B814535
:105580006E8597B0FE1FE780003AB339A0009609F8
:105590009C18338A3701933A15001C19960ABE9954
:1055A0009C18338B5701A6861C195286DA85080889
:1055B000BE9A97B0FE1FE780404609C90C08A68630
:1055C0004A862E8597B0FE1FE7808041830604003F
:1055D0001008B285881997B0FE1FE780404B8327DB
:1055E000C40A8C1908088297830604001008D28523
:1055F000881997B0FE1FE78080498327C40A8C1959
:1056000052858297830604001008DA85881997B0BE
:10561000FE1FE780C0478327C40A8C195A858297EA
:10562000A6864E86D685080897B0FE1FE780403BC9
:1056300019E926860C084A8597B0FE1FE780A0214D
:105640008547630AF5000C08A6864A862E8597B022
:10565000FE1FE780803CA6864E86D685568597B08D
:10566000FE1FE780803B09C9A6864A86D6855685F7
:1056700097B0FE1FE780C036A6865286DA850818E6
:1056800097B0FE1FE780603909C90C18A6864A86C4
:105690002E8597B0FE1FE780A03483060400101803
:1056A000CE85881997B0FE1FE780603E8327C40A25
:1056B0008C194E858297A6865A86D285081897B08F
:1056C000FE1FE780E03119E926860C184A8597B05D
:1056D000FE1FE78040188547630AF5000C18A68670
:1056E0004A862E8597B0FE1FE7802033830604008C
:1056F0005686D685881997B0FE1FE78040398327E4
:10570000C40A8C195A858297A6861018DA855A859C
:1057100097B0FE1FE780603009C9A6864A86DA8501
:105720005A8597B0FE1FE780A02BA6865A86D285A1
:10573000880897B0FE1FE780402E09C98C08A6860E
:105740004A862E8597B0FE1FE780802983060400D5
:105750009008D685881997B0FE1FE78040338327CD
:10576000C40A8C1956858297A6864E86D68556859C
:1057700097B0FE1FE780602A09C9A6864A86D685AB
:10578000568597B0FE1FE780A02583060400100809
:10579000B285881997B0FE1FE780602F8327C40A5F
:1057A0008C19880882978C08A68610182E8597B0C9
:1057B000FE1FE780802609C98C08A6864A862E85AA
:1057C00097B0FE1FE780C021A68652868C08081875
:1057D00097B0FE1FE780602409C90C18A6864A8688
:1057E0002E8597B0FE1FE780A01F830604001008D7
:1057F0000C18881997B0FE1FE78060298327C40A18
:105800008C1908188297A6864E860C184E8597B07C
:10581000FE1FE780802009C9A6864A86CE854E8570
:1058200097B0FE1FE780C01B26868C08528597B074
:10583000FE1FE7800014E28690180C09081897B044
:10584000FE1FE780801D09C90C18E2864A862E8556
:1058500097B0FE1FE780C018830604004E860C1820
:10586000881997B0FE1FE78080228327C40A8C190D
:1058700008188297830604006A860C18881997B066
:10588000FE1FE780C0208327C40A8C19081882975E
:105890000C182E85E2864A86EFF05FA1830604008D
:1058A00002460C18881997B0FE1FE780401E832718
:1058B000C40A8C19081882978306040052860C18B3
:1058C000881997B0FE1FE780801C8327C40A8C19B3
:1058D00008188297830404005A86D285A686880811
:1058E00097B0FE1FE780601309C98C08A6864A8618
:1058F0002E8597B0FE1FE780A00E83060400900857
:10590000B285881997B0FE1FE78060188327C40A04
:105910008C1988088297830604009008DA85881914
:1059200097B0FE1FE780A0168327C40A8C195A85FA
:105930008297830604009008D285881997B0FE1FCD
:10594000E780E0148327C40A8C1952858297A686C3
:105950005686CE854E8597B0FE1FE780000C09C99C
:10596000A6864A86CE854E8597B0FE1FE780400703
:10597000830604004E86CE85881997B0FE1FE78007
:1059800000118327C40A8C19880882978C08A68680
:105990005A862E8597B0FE1FE780200809C98C081B
:1059A000A6864A862E8597B0FE1FE78060038C0886
:1059B000A68652862E8597B0FE1FE780000609C98D
:1059C0008C08A6864A862E8597B0FE1FE780400188
:1059D000A6865A86D285528597B0FE1FE780E003DF
:1059E00009C9A6864A86D285528597B0FE1FE780F0
:1059F00020FF830604005286D685881997B0FE1FC3
:105A0000E780E0088327C40A8C1956858297A6860A
:105A10009008DA85528597B0FE1FE780000009C91B
:105A2000A6864A86D285528597B0FE1FE78040FB46
:105A3000830604005286CE85881997B0FE1FE78042
:105A400000058327C40A8C194E858297A686568640
:105A5000CE854E8597B0FE1FE78020FC09C9A6863B
:105A60004A86CE854E8597B0FE1FE78060F7268672
:105A70008C08528597B0FE1FE780A0EF83060400D4
:105A80001018B285881997B0FE1FE7804000832761
:105A9000C40A8C19880882978306040090088C1821
:105AA000881997B0FE1FE78080FE8327C40A8C19EF
:105AB000881882978306040010188C08881997B0FC
:105AC000FE1FE780C0FC8327C40A8C1988088297D0
:105AD0008306040090080C19881997B0FE1FE78010
:105AE00000FB8327C40A8C19081982971245628625
:105AF0008C1897B0FE1FE780C0E7924722470C1929
:105B000062863385E70097B0FE1FE78080E6556127
:105B10006FB0FEF5A685081897B0FE1FE780C0DCC1
:105B200085473ED82DBADE856E8597B0FE1FE7808B
:105B300080DF133A1500B3894C4196099C18B38A4B
:105B400037011C19160ABE999C18338B4701A6868B
:105B50001C195686DA8508083E9A97B0FE1FE78022
:105B6000C0EB09C90C08A6864A862E8597B0FE1F91
:105B7000E78000E7830604001008B285881997B013
:105B8000FE1FE780C0F08327C40A8C19080882979B
:105B9000830604001008D685881997B0FE1FE78099
:105BA00000EF8327C40A8C19568582978306040068
:105BB0001008DA85881997B0FE1FE78040ED83272B
:105BC000C40A8C195A858297A6864E86D285080803
:105BD00097B0FE1FE780C0E011E926860C084A85D1
:105BE00097B0FE1FE78020C7630A95010C08A686C0
:105BF0004A862E8597B0FE1FE78020E2A6864E8655
:105C0000D285528597B0FE1FE78020E109C9A6869C
:105C10004A86D285528597B0FE1FE78060DCA68653
:105C20005686DA85081897B0FE1FE78000DF09C99D
:105C30000C18A6864A862E8597B0FE1FE78040DAAC
:105C4000830604001018CE85881997B0FE1FE780E0
:105C500000E48327C40A8C194E858297A6865A864B
:105C6000D685081897B0FE1FE78080D711E92686F1
:105C70000C184A8597B0FE1FE780E0BD630A9501C6
:105C80000C18A6864A862E8597B0FE1FE780E0D8BE
:105C9000830604005286D285881997B0FE1FE780DC
:105CA00000DF8327C40A8C195A858297A6861018AC
:105CB000DA855A8597B0FE1FE78020D609C9A686E7
:105CC0004A86DA855A8597B0FE1FE78060D1A6869E
:105CD0005A86D685880897B0FE1FE78000D409C988
:105CE0008C08A6864A862E8597B0FE1FE78040CF97
:105CF000830604009008D285881997B0FE1FE780BC
:105D000000D98327C40A8C1952858297A6864E86AD
:105D1000D285528597B0FE1FE78020D009C9A6869C
:105D20004A86D285528597B0FE1FE78060CB8306F6
:105D300004001008B285881997B0FE1FE78020D5AF
:105D40008327C40A8C19880882978C08A6861018A5
:105D50002E8597B0FE1FE78040CC09C98C08A68627
:105D60004A862E8597B0FE1FE78080C7A686568696
:105D70008C08081897B0FE1FE78020CA09C90C18C4
:105D8000A6864A862E8597B0FE1FE78060C58306EB
:105D9000040010080C18881997B0FE1FE78020CF68
:105DA0008327C40A8C1908188297A6864E860C1879
:105DB0004E8597B0FE1FE78040C609C9A6864A8671
:105DC000CE854E8597B0FE1FE78080C126868C0861
:105DD000568597B0FE1FE780C0B9830404005A8639
:105DE000D685A686880897B0FE1FE78000C309C93C
:105DF0008C08A6864A862E8597B0FE1FE78040BE97
:105E0000830604009008B285881997B0FE1FE780CA
:105E100000C88327C40A8C19880882978306040067
:105E20009008DA85881997B0FE1FE78040C683275F
:105E3000C40A8C195A858297830604009008D68577
:105E4000881997B0FE1FE78080C48327C40A8C1985
:105E500056858297A6865286CE854E8597B0FE1FC0
:105E6000E780A0BB09C9A6864A86CE854E8597B035
:105E7000FE1FE780E0B6830604004E86CE858819B3
:105E800097B0FE1FE780A0C08327C40A8C1988083A
:105E900082978C08A6865A862E8597B0FE1FE780CB
:105EA000C0B709C98C08A6864A862E8597B0FE1F02
:105EB000E78000B38C08A68656862E8597B0FE1F15
:105EC000E780A0B509C98C08A6864A862E8597B0BA
:105ED000FE1FE780E0B0A6865A86D685568597B025
:105EE000FE1FE78080B309C9A6864A86D6855685F7
:105EF00097B0FE1FE780C0AE830604005686D285A9
:105F0000881997B0FE1FE78080B88327C40A8C19D0
:105F100052858297A6869008DA85568597B0FE1F2F
:105F2000E780A0AF09C9A6864A86D685568597B070
:105F3000FE1FE780E0AA830604005686CE858819F6
:105F400097B0FE1FE780A0B48327C40A8C194E8542
:105F50008297A6865286CE854E8597B0FE1FE78033
:105F6000C0AB09C9A6864A86CE854E8597B0FE1F6E
:105F7000E78000A7FD1B26868C085685C20B97B0CC
:105F8000FE1FE780009F93DB0B416FF0CFDEEFB287
:105F90005EAD5D713284AA841018A2862E850C082D
:105FA0002EC432C6EFE09FCF0357240013351500EF
:105FB0009C080A053E95032685FB05074207A28734
:105FC00041878146930544042685EFF02FC483451D
:105FD000040026858605E205E18597B0FE1FE7806F
:105FE00060921335150061616FB0FEA9EFB2FEA497
:105FF0002E8BAA84B2855A85328497E9FE1F938935
:10600000695197B0FE1FE780409383A70900B1C78D
:10601000131A5400931B24003305AA401389CBFFA5
:106020007D5A2699335AAA00930A0004054C83A787
:106030000900DE85268582970DC183270900A28588
:106040002685B3F747012320F90097B0FE1FE780AC
:10605000608B19C5FD1AE39C0AFC01456FB07EA157
:106060002286A6855A8597B0FE1FE780009FE3131E
:1060700085FF0545E5B7EFB23E9DAA892E89B2841A
:1060800013040004130A0002930A46020396240034
:10609000D6854A857D063346460362066186EFF063
:1060A000FFF409C92686CA854E85EFF05FEE11E53B
:1060B0007D1469FC01456FB07E9C0545EDBFEFB2D4
:1060C000BE9803891600357100102A8B130A01044B
:1060D0002285B2894A86B684838A060022CC52CEB3
:1060E000EFE07FB513161900DA858810EFE0BFB432
:1060F000A2852285A6865286EFE05FBA97E7FE1F4B
:10610000938747419C432A849DC393172500181108
:10611000BA9783A687F7568693854400368536C698
:10612000EFF0DFECB24609E50D616FB03E958146B8
:1061300003D72400133414001C110A043E940326D0
:1061400084F705078C104207A68741872E85EFF05C
:10615000EFAB4A868C104E85EFE0FFAD83C504009F
:1061600088108605E205E18597A0FE1FE78080790B
:106170001335150055BF17C5FE1F1305E5AC82800A
:1061800023AC05FE1C4191E7010001000CC1828097
:10619000BA8703A787FF6DFF23ACB7FE8280184143
:1061A00083A785FF6319B7001CC1FD5723AC05FE0B
:1061B000238FF5FE8280232CF6FEC5BF411122C439
:1061C00037E400E026C204403707200006C6F98CF9
:1061D0002320E4180F10000009E92320941015452E
:1061E000B24022449244410182800347E5FF930775
:1061F000F00F6306F700232094101145D5B797B030
:10620000FE1FE7808067014523209410D1BF411114
:1062100026C2B7E400E04AC003A90400B707200083
:1062200006C622C43379F90023A0F4180F10000029
:1062300009E923A02411B2402244924402494101B9
:1062400082809565938505D0C98D2A842105C20574
:106250004205C181418197B0FE1FE780E05201CD28
:10626000FD5723200500231285002303F50023A0FA
:1062700024112105C9B723A0241101456DBF0111C7
:10628000B7E700E04AC803A907004EC63707200059
:1062900006CE22CC26CAAA893379E90023A0E718C2
:1062A0000F10000097E7FE1F938707278043814464
:1062B000014611E491E8A1654E8545210DA0834773
:1062C000E4FF639A37038DCCA68517E5FE1F1305FF
:1062D000A524EFF0DFEC65D0A1654E85B52CF2402A
:1062E0006244B7E700E023A0271126854249D24443
:1062F000B2490561828091E02286032484FF55BF64
:10630000A284E5BF41114AC037E900E022C403245A
:1063100009003707200006C626C2798C2320E91819
:106320000F10000089E52320891015451DA0AA84BF
:1063300097E7FE1F83C7971E2E8563F5F4008947F4
:1063400063EF9700EFF09FE7B7E700E023A0871027
:106350000D45B2402244924402494101828083A704
:1063600085FF99E703C7E5FF9307F00F6309F7007F
:10637000EFF0DFE4B7E700E023A087107DB7238FBD
:1063800095FE17E5FE1F13052519EFF07FDFA165C8
:106390002685D92201452320891065BF97E7FE1F76
:1063A00023AC0716828097E7FE1F9387671C9C43E8
:1063B00099E33E85828003D727006316B70003C7A1
:1063C0000700E308A7FEDC47E5B7A5C1011106CE2B
:1063D00022CC26CA8147C14633D7F540058B29C355
:1063E00012053E9531473305E50217E7FE1F1307F7
:1063F000671C044305443314F4002EC64204418054
:10640000AA949C40C8408297B24523A0040023A2CE
:106410000400A18DF2406244D2442E850561828041
:106420008507E39BD7FA0144EDB72E858280C9C169
:10643000797122D406D626D24AD04ECE01444147A5
:10644000B3D78540858BA5C3120531472295330507
:10645000E50297E7FE1F9387E71503A90700854428
:10646000B3948400C204C180BE892A99032709001D
:1064700011C7032549002EC60297B24531473304A0
:10648000E40283A709003E941C4489E72320090005
:1064900023220900B2502254A58D02599254F24988
:1064A0002E85456182800504E31CE4F88144DDB754
:1064B0002E8582804111B7E700E022C48043370770
:1064C000200006C626C2798C23A0E7180F10000012
:1064D00097E7FE1F9387070A9C539384418199C7CE
:1064E00082979C403E9523AAA18039A097E7FE1F82
:1064F000938787079C43EDF78840B747030093874E
:10650000D73F3305F502B7A72600938737ECB24093
:1065100092443E9523AAA180B7E700E023A087100C
:1065200022444101828097E7FE1F938727099C43FD
:10653000411122C406C617E4FE1F130424FE81CBBA
:1065400082975C483E9597E7FE1F23A3A7FE484825
:10655000B240224441018280B7E700E09843B70689
:10656000200023A0D718758F0F10000097E6FE1F9C
:1065700083C6D6FA6373D50217E6FE1F130606FF1D
:10658000931615000842369583560500D58D2310C5
:10659000B50023A0E7100145828023A0E7100D4538
:1065A0008280B7E700E09843B706200023A0D71801
:1065B000758F0F10000097E6FE1F83C636F66375D1
:1065C000D50217E6FE1F130666FA93161500084259
:1065D00093C5F5FF369583560500F58D2310B5005C
:1065E00023A0E7100145828023A0E7100D4582809B
:1065F00079714AD037E900E026D283240900B70731
:10660000200006D622D44ECE52CC56CA5AC85EC6F8
:10661000FD8C2320F9180F10000097E7FE1F83C799
:10662000F7EF637AF50097E7FE1F9387E7F383ABF5
:10663000070063970B00B7E700E023A09710A9A01D
:1066400017EBFE1F130BCBF7832A4B00B74736FE21
:10665000938707C82E8A97E5FE1F83D5E5F6BE9A75
:10666000B387C5022A84B2898146B3B5C5021385B2
:106670000732B337F50013060064BE95EF40506D46
:1066800063F0AA02232099100145B250225492547B
:106690000259F249624AD24A424BB24B456182806A
:1066A000829B97E5FE1F83D525F2B38735032A89A0
:1066B000130600648146B3B5350313850732B3373B
:1066C000F500BE95EF40D068B30725013E8903274A
:1066D0004B0063E4A70063E4E7003389E740D28519
:1066E0002285EFF05FCC09C923242501B7E700E03C
:1066F00023A09710054551BF936504F0C205C181E1
:10670000414597B0FE1FE780200819E997E7FE1F73
:10671000938747E69C5B85D3A2851145829721BF6D
:1067200097E7FE1F9387C7E49C4385E797E7FE1F23
:1067300023A0A7E485472326050023242501231150
:10674000450123008500A300F5002322050079BF41
:10675000BA87D84775FFC8C7F1BF0111B7E700E096
:106760004AC803A9070022CC4EC63707200006CE30
:1067700026CAAA892E843379E90023A0E7180F10CE
:106780000000EFF05FC2AA8419C123110500A285A1
:106790004E85EFF01FE197E7FE1F83C727D8639B65
:1067A000370197E7FE1F83D7E7DB5D8C97E7FE1F76
:1067B000239A87DAB7E700E023A02711014591E08B
:1067C0001945F2406244D2444249B249056182808F
:1067D0004111B7E700E026C2844306C622C437074A
:1067E0002000F98C23A0E7180F100000EFF0BFBBCA
:1067F00019E90145B2402244B7E700E023A0971011
:1068000092444101828097E7FE1F9387E7D59C431E
:106810000045829797E7FE1F938787DA6368A40293
:10682000D843B74636FE938606C83305A44036974C
:10683000E371E5FC13070064B335E50203D6870076
:1068400081463305E502EF40B0506DB7D8433A9426
:10685000C1BF411122C426C217E4FE1F130444D64F
:1068600097E4FE1F938484CB9448584097E7FE1F1B
:10687000938787CF06C69C436393E608829754406C
:10688000B74736FE938707C8B6973387A7003A8580
:106890006364F7006364D7003305D74097E4FE1FB5
:1068A000938484E6DC5081CF97E7FE1F938787EDC2
:1068B00094433707CDFF7D179C46F98F9CC611E1A5
:1068C000484097E7FE1F9387E7CADC53829719E594
:1068D000DC508DC3EF10D038EF10205CDC5099CB2A
:1068E00097E7FE1F938707EA9843B70633001C47D4
:1068F000D58F1CC7B24022449244410182808297C6
:1069000094485840B387A6003E8563E4D700E3E788
:10691000E7F83385E74059B7411106C697E7FE1FF0
:1069200023AEA7C80295B24097E7FE1F23A4A7C0D5
:10693000014541018280994763E9B7008A0597E7DD
:10694000FE1F938767C0BE9588C1828097E7FE1FB0
:1069500023A4A7C611C5854717E7FE1F2305F7C067
:10696000828041117146814517E5FE1F1305C5BDA3
:1069700006C697E7FE1F23AD07BE97E7FE1F23AFAE
:1069800007C297E7FE1F23A107BE97E7FE1F238CD0
:1069900007BC97E7FE1F23A107C297A0FE1FE78051
:1069A000A02913068002814517E5FE1F130505B7D0
:1069B00097A0FE1FE7804028EF40404A97E7FE1F60
:1069C000938747BB03C5C70383C7D70385453E9558
:1069D0008D473305F50239051375F50F97E7FE1F4F
:1069E000238FA7B299473305F5021305052497B005
:1069F000FE1FE78060D917E7FE1F232DA7BA59CDE8
:106A0000994717E6FE1F034686B13306F602814515
:106A10001306062497A0FE1FE780002297E7FE1FBB
:106A2000938747B99C439387072417E7FE1F232BBF
:106A3000F7B017E7FE1F034787AE0A07BA9717E7B5
:106A4000FE1F2325F7B2EFF07F95F52697E7FE1F8F
:106A5000938747AF944397E7FE1F83C737AC1397DD
:106A600027003697170600001306A69C10C313874D
:106A700017001377F70F0A0736971706000013065B
:106A8000069510C313873700890793F7F70F8A0716
:106A900097E5FE1FA384E5A8B69790C3B2404101D5
:106AA000828097E7FE1F83C777A717E7FE1F03477C
:106AB00007A763F3E70217E7FE1F1307A7A818430A
:106AC0009386170017E6FE1FA30AD6A49396270005
:106AD000369708C33E8582809307F00FE5BF1C41BF
:106AE0006385071641777D8FB70600208947631FAE
:106AF000D71403574500630B0714411122C41946EC
:106B00002A849305F00F610506C697A0FE1FE78053
:106B1000601C05478D476305E5121C4481CB58581E
:106B20009947630F0710185C630C071013060004E5
:106B3000814517E5FE1F1305E5A397A0FE1FE7801B
:106B4000A00F13060004A28517E5FE1F130585A2FA
:106B500097A0FE1FE780600A97E7FE1F83D747A232
:106B600017E7FE1F130707A199E79307001097E6A1
:106B7000FE1F2397F6A097E7FE1F83C787A091E724
:106B8000854797E6FE1F238EF69E97E7FE1F83D765
:106B9000679F91E7ED4797E6FE1F2395F69E97E7DF
:106BA000FE1F83C7179E91E7954797E6FE1FA38AAE
:106BB000F69C97E7FE1F83C7079D91E7854797E6F9
:106BC000FE1F2382F69C97E7FE1F83C7D79B99E79A
:106BD0008347F70097E6FE1FA387F69A97E7FE1F05
:106BE00083C7979A81CF93F63700898317E6FE1FF4
:106BF0002300D69C97E6FE1FA38CF69A97E7FE1F0C
:106C000083C7879891E7D54797E6FE1F238EF696B0
:106C10008347640199E79307C00397E6FE1F238625
:106C2000F6961C5791C7829797E7FE1F239CA78E65
:106C3000FD5717E7FE1FA301F7BAEFF09FD2814778
:106C4000B24022443E854101828089473E85828050
:106C500001114EC697E9FE1F9389899683A7090003
:106C600006CE22CC26CA4AC852C4829713090064B1
:106C7000B335250303DA890081465286330525039F
:106C8000EF40100D97E7FE1F93874789804FAA8436
:106C900001456306940233858440636E940003A526
:106CA000490052868146B335A9023305A902EF4057
:106CB000300A018D269597E7FE1F23AD9786F24097
:106CC0006244D2444249B249224A0561828097E730
:106CD000FE1F9387278A985739CB411122C426C2B9
:106CE00006C6BE84029717E7FE1F0357A7832A84B0
:106CF00015CBBA876373A700AA87C207C183BA8678
:106D00006373E400A286C206C182958F5147635B1C
:106D1000F700DC5491C38297EF10405D97E7FE1FA8
:106D200023928780B2402244924441018280828033
:106D300097E7FE1F23A0078A97E7FE1F93878783A5
:106D4000DC57011106CEAA8581C72AC68297B245B3
:106D5000CDC19C410545D9CBDC41C9CB83D785004A
:106D6000D1C783D7A500D9C3514617E5FE1F130528
:106D7000258597A0FE1FE78040E897E7FE1F238741
:106D8000078497E7FE1F9387A7839C4317D7FE1FAF
:106D9000232CF77C97D7FE1F83C7377F8DE7930798
:106DA000805717E5FE1F035525823305F502374648
:106DB0000F001306062481468145EF40607997D77E
:106DC000FE1FA384A77C17D7FE1F0347177CA54788
:106DD00063E7E700A94717D7FE1FA308F77A17054F
:106DE0000000130525E7EFF03FB30145F2400561D0
:106DF000828097D7FE1F23A1077497A7FE1F938752
:106E0000072A17D7FE1F232DF77A7D5797D7FE1F26
:106E100023AAE77AB7873200938727A197D6FE1F68
:106E200023A4F67A97D7FE1F2382077AB7C70040BC
:106E300023A4E726B9B7011122CC17D4FE1F1304EF
:106E40006473084406CE26CA4AC801E90545F240E3
:106E50006244D2444249056182805C58E5DB185C9B
:106E600075D77000854582971844B247E300F7FE56
:106E70009305E00417D5FE1F0355857097B0FE1FDC
:106E8000E780809017D7FE1F232AA76A61D117D603
:106E9000FE1F0356E66E9305F00F97A0FE1FE780D6
:106EA000A0D9814417D9FE1F1309496797D7FE1F40
:106EB00083C7276D0326090263C1F402328597B0A8
:106EC000FE1FE780809B014597D7FE1F23A807661A
:106ED00097D7FE1F23A607669DBF97D5FE1F83D5B4
:106EE000256AB38795020844185C898185043E951C
:106EF00008C2029765BFC167F9176313F50041A384
:106F0000411106C6EF00D00111E15D45B2404101DB
:106F1000828039714ED656D25AD006DE22DC26DA6D
:106F20004AD852D4AA8A2E8BB28959EB36C6EFF0D2
:106F30009FFC9145812BAA844D4925C9B246054A3B
:106F4000238034010544630A0B00B68513851400C1
:106F5000029B0505131405014180E20993D989417B
:106F600063D30902C1455685EF00007D65491DE5E3
:106F700033868400A2852685EF00007F2A8919EDDB
:106F800031044204418091472C085685231CF100AE
:106F900026CE231D8100252D2A8901C963070A00F9
:106FA000268597B0FE1FE780408DF25062544A85D7
:106FB000D2544259B259225A925A025B21618280BC
:106FC000BA84014AB5BF011106CE2EC6112F01C9E0
:106FD000B245F2400355250005616F009038F2403C
:106FE00049450561828097D7FE1F9387E75E884BEE
:106FF000828097D7FE1F9387275EDC4B8843828071
:1070000097D7FE1F9387475DD84B1C4385071CC34A
:1070100017D5FE1F0345755C9307F00F6305F50058
:1070200091656FF06FD38280C1671387E7FF639428
:10703000E502938741859C4391EB49458280494510
:10704000B2402244924402494101828003A30700D6
:10705000E30503FE0283411122C426C24AC006C6CC
:10706000FD172A892E84B2846395F50293874185A2
:107070009C4391CB9C4381CB829711E5238C218546
:10708000A38C918475BFA6854A85EFF0DFF34DF997
:10709000F5B72E85752B45D5834705000D45E39142
:1070A00027FB22852244B2400249A6859244410131
:1070B0006F00302BBD47638CF50663E9B702A54727
:1070C0006387F50663EDB7009947638CF5049D4728
:1070D000638FF5049547638CF50401458280B547BD
:1070E0006387F50463E1B704AD47F5B7DD47638E09
:1070F000F50263EAB700C947638BF502D947638697
:10710000F502C547C9BFF5476383F50263E4B700DD
:10711000ED47D1B793072005638BF5009307200D4A
:107120005DBF484582800841828008458280484191
:107130008280011126CA06CEB68422CCDD4663E1E8
:10714000B608D94663FDD50AA5466380D50A63ED26
:10715000B6049546638BD50899466386D50A0544DF
:1071600041687D18631506093AC6EFF0DFD833068B
:107170008540324742064182420441803305C400C3
:107180004205BA85418132C6F52CAA8749C181C41E
:1071900032462390C400B30580406244F240D2449A
:1071A0003E8505616F303053C5466380D504C946BE
:1071B0000D44E396D5FAC167FD17E31FF6FA6DB7E4
:1071C000F5466380D50463E4B600ED46D5B7930673
:1071D00020056388D5029306200DE392D5F8C16798
:1071E000FD170D446319F60041B7094495BF930696
:1071F000200DE393D5F8310642064182B5BF154410
:107200005DBF0D444DBFC167FD171D447DB7F24002
:107210006244D24405618280411106C6EFF09FE9C5
:1072200019C5B240410117A3FE1F67000365B240B4
:107230004101828097D6FE1F83C6564C814763E585
:10724000D70001473A8582802E87910503D6C5FF76
:10725000E30AA6FE8507E5B717D7FE1F0347174ABF
:107260008147FD5663E3E70082802310D5002301A8
:10727000050085071105FDB7411106C6EFF09FFB1C
:1072800011C503452500B240410182800145E5BF9B
:107290009387C1859C4399E30145828098470357B2
:1072A000A700E319A7FE138547008280411106C697
:1072B000EFF01FFE11C503452500B2404101828059
:1072C0004145E5BF41119387C18522C4804306C66D
:1072D000014731C01C4483D6A7001C406397A60217
:1072E00005CB1CC32E8581C921469305440097A078
:1072F000FE1FE7808090228597A0FE1FE780E05761
:107300000145B24022444101828022873E84D1B7A8
:1073100023AEF184C1BF0545EDB7938741869C43F9
:107320008146B1C703D647009843631CA6020111EA
:1073300006CE22CC26CA8DCA98C2AA843E852E8447
:1073400097A0FE1FE78060532C002685EFF09FF783
:1073500001E519C0B2471CC0F2406244D244056145
:107360008280BE86BA8775BF23A2E186F9B705453C
:107370008280938701869C4317D7FE1F03471738E7
:107380002A86050781463E8583D707006388C700A4
:10739000850693076500E3E8E6FE01458280938752
:1073A000C185984319E3014615A81C4703D8A700D7
:1073B000636B050183584700B38608016355D50008
:1073C0008146639416011843F1BF3E86C10703D37B
:1073D000A7FF6317A30099C123900501328582801E
:1073E0008506C206C182F1BF03C7A186854763F245
:1073F000E706011122CC26CA4AC806CE2A84328961
:10740000AE84EFF01FF701C9034725009307E00F93
:107410005D456308F700631C0900A6852285EF30EF
:107420003031F2406244D24442490561828003D542
:1074300004009305E10023170100EFF05FF6035508
:10744000E100EFF0BFE6AA8505462285252C71D51F
:10745000C9BF59458280C167FD176315F5002E85A8
:107460006FF09FDF411106C6EFF0DFDC11C5FD575D
:107470002310F50023010500B2404101828003D5AD
:10748000818682801905956542054111938535C035
:10749000418106C697A0FE1FE780002F11C5B240AC
:1074A000E95541016F303023B2404101828083D7DA
:1074B00005003147F1173387E70297D7FE1F9387FF
:1074C000E71CBA97D84319EBD8412395A70001458B
:1074D000D8C303D725002394E700828059458280D2
:1074E00003D7250061CF83D68186ED4763E9E60C9B
:1074F000011122CC2E8426CAAA844840914506CE8A
:10750000EF30701D83572400AA862300F5008357AF
:107510002400A183A300F500835704002301F50094
:1075200083570400A183A301F50003562400C1671B
:10753000F9171106420641826396F4042AC43145C4
:1075400032C6EFE0DFCCAA85CD471DC5930700F911
:107550003246A2462300F500F9572311F50089476A
:107560002302F5002313C50014C517D5FE1F0345DC
:107570002511EFE03FD98147F2406244D2443E8575
:107580000561828081452685F92BAA8701E903C719
:10759000A1867DD37D172385E186F9BF0947630264
:1075A000E5021D476301E50249476300E5027D47A7
:1075B000E314E5FC03C7A1868147E1BFED473E85A3
:1075C0008280D14755BF914745BF894775B783D75B
:1075D00005000D47F117C207C1836361F706DC415F
:1075E000B1CF411122C42E84854526C206C6AA8485
:1075F000A12239C526852D22C167F917638FF400B2
:1076000009ED8357240091CB835604001947639FEB
:10761000E60203D7818663FBE70283C7A186A285C2
:10762000268599C72244B240924441016FF05FEB36
:107630002244B240924441016FF07FE709458280C5
:107640005145B24022449244410182806D45D5BFEC
:1076500097D7FE1F9387C706984317D6FE1F03468A
:10766000E60981476315F600814636858280BA8631
:107670001307C703835567FCE389A5FE850793F7C6
:10768000F70FCDB7011122CC2EC632C406CE2A8404
:10769000EFF01FFC2246B24511E9C167F9176303F9
:1076A000F4005145F240624405618280545583479D
:1076B000450095C213F7270141456314A7001545FE
:1076C00075F2C18B3D45F9DF83C7A6010145E3FB98
:1076D000B7FC3145C1BFC18B0145E9F71545D9B7A5
:1076E00097D7FE1F9387C7FDC166984397D5FE1FA6
:1076F00083C5C5008147FD166395F50001463285B7
:107700008280035827003A866306D80003480700A2
:10771000E307A8FE850793F7F70F1307C703E9BF31
:10772000411106C6EFF0DFF211C503554501B24025
:10773000410182800145E5BFC167F9176304F50285
:10774000411122C406C62E84EFF09FF0AA8701459E
:1077500091C703C54700698C33358000B24022448D
:1077600041018280054582805D714EDE86C6A2C4DD
:10777000A6C2CAC052DC56DA5AD85ED689495DC95B
:1077800055CA138B4500420B135B0B01AE8A2A8A44
:10779000930530055A85B28497A0FE1FE780C0FE8E
:1077A0002A84CD4941C9EFF0DF842A895686D285E3
:1077B000935A8900135A0901937BF90F130544006A
:1077C00093FAFA0F137AFA0F135989019790FE1F53
:1077D000E780804EA301740123015401A3004401FA
:1077E00023002401EFF03F80AA85414608089790C6
:1077F000FE1FE780604C214734005A86A2850808A6
:107800007522AA891DE121462C0023807401A380E2
:10781000540123814401A3812401138544009790DE
:10782000FE1FE7806049EFF0AFFD228597A0FE1FA5
:10783000E780A004B64026444E8596440649F25996
:10784000625AD25A425BB25B616182808147C14613
:107850003307F500B388F5000347070083C8080025
:107860003308F6008507334717012300E800E3914A
:10787000D7FE82800147BD471308F00F3306F5009D
:1078800083460600B388F500FD178606558F2380D2
:10789000E8000347060093F7F70F1D83E39007FF07
:1078A00082808147930800F8414893F6F70F3387A9
:1078B000F50063FCC600B306F50083C6060023008E
:1078C000D7008507E39307FF82806395C6002300F6
:1078D0001701C5BF23000700EDB701114AC856C202
:1078E0002E89AA8A93053005414506CE22CC26CAA8
:1078F0004EC652C4328A97A0FE1FE780E0E8AA84F1
:1079000093053005414597A0FE1FE780E0E72A84F4
:10791000CD49BDC029CD414681459790FE1FE780E6
:10792000A0312686A2855685352BAA8929E1838731
:10793000040063D30706A2852685EFF0BFF34A86CD
:1079400097650000938585482285EFF03FF0830717
:10795000090063D80704A2854A85EFF0BFF152867B
:1079600097650000938585462285EFF03FEE2685DA
:1079700097A0FE1FE78060F011C4228597A0FE1F2C
:10798000E780A0EFF24062444E85D2444249B249BA
:10799000224A924A05618280CA852685EFF09FEDD2
:1079A0007DB7D2854A85EFF0FFECD1B739715AD057
:1079B0005ECE2A8BAE8B41459305300506DE26DA76
:1079C00052D456D262CC66CA6AC8368C328DBA8C12
:1079D00022DC4AD84ED697A0FE1FE780E0DAAA8ABA
:1079E00093053005414597A0FE1FE780E0D92A8A1C
:1079F000CD44638E0A0859C52A86D6855A85EFF08C
:107A0000DFEDAA8441E193053005414597A0FE1FB3
:107A1000E78080D72A8993053005414597A0FE1F4E
:107A2000E78080D6AA896308090E6304050E130453
:107A3000FD0011841376FD0049C07D14420441808D
:107A400035EE131544004E86D6855E95EFF01FE0A7
:107A5000414681454A859790FE1FE780E01D014D14
:107A600093170D01C18363F38708BDC04A8597A0B2
:107A7000FE1FE78080E0638709004E8597A0FE1F08
:107A8000E780A0DF568597A0FE1FE78000DF630731
:107A90000A00528597A0FE1FE78020DEF250625454
:107AA00026854259D254B259225A925A025BF24B5D
:107AB000624CD24C424D2161828001441315440036
:107AC0008A855E95EFF0FFDD4E86D2850A85BDBFC3
:107AD00093154D000A86DE954A85EFF03FD74A861A
:107AE0008A855A854126AA84050D9DBFC1F00A8664
:107AF000CE854A85EFF09FD54A868A855A859D2690
:107B0000AA846686CA8562859790FE1FE780E00E8C
:107B1000B1BFCD44A1BFCD44B9BF011122CC2A844D
:107B2000194506CE2EC6EFE08FEE05C9856793870F
:107B300017F92310F500854723018500A301F500FF
:107B4000B2456244F2402312B500AA8517D5FE1F44
:107B5000034545BA05616FE0EFFAF2406244056102
:107B600082806F30A0156F30201C17D7FE1F03478F
:107B700017BA9547630BF70097D7FE1F9387C7B8CF
:107B800083C777000D47631FF70097D7FE1F83C792
:107B900037B8639D07109307601017D7FE1F23198E
:107BA000F7B68280411197D7FE1F9387A7C5194565
:107BB00022C426C2E05F06C64AC0312D97D7FE1FF9
:107BC000938747B4944337C7898E130767ED98C6E8
:107BD0003757550013075755D8C203472402930659
:107BE000F00FBE846307D700FD57A300E402230112
:107BF000F4020345140289476303F500014517D9D0
:107C0000FE1F1309E9B20327090001469305F00F8F
:107C10005C4393E717005CC3930710FA2305F40055
:107C2000994717D7FE1FA304F7AE97D7FE1F238DE2
:107C300007AC97D7FE1F238B07ACE52697D7FE1F0F
:107C4000938747B49443DC56F59BDCD69C400347AE
:107C500094001376F7079843137707F8518F98C36A
:107C600098431377F7CF98C398431377F7CF1367E9
:107C7000072098C39C4637073300B240D98F0327AB
:107C800009009CC6B7070300938787153CCB97D79D
:107C9000FE1FA38D07A697D7FE1FA38707A6224422
:107CA00085471CC39244024941018280828017D7D4
:107CB000FE1F1307E7A41C439306001094C30100A2
:107CC0000100010001001C4323A0070083461500AA
:107CD00003482500A2064208C29603480500C29642
:107CE000034835006208C29694D78346550003487E
:107CF0006500A2064208C29603484500C2960348A2
:107D000075006208C296D4D7834695000348A50043
:107D1000A2064208C29603488500C2960348B500F1
:107D20006208C29694DB8346D5000348E500A206AC
:107D30004208C2960348C5000345F500C296620595
:107D4000AA96D4DB83C6150003C52500A20642050A
:107D5000AA9603C50500AA9603C535006205AA9632
:107D600094CF83C6550003C56500A2064205AA96B6
:107D700003C54500AA9603C575006205AA96D4CF2F
:107D800083C6950003C5A500A2064205AA9603C5B1
:107D90008500AA9603C5B5006205AA9694D383C64A
:107DA000D50003C5E500A2064205AA9603C5C50095
:107DB00083C5F500AA96E205AE96D4D3D443F59ACE
:107DC000D4C3D44393E61600D4C3944393E6160079
:107DD00094C3BA879443D842058B59E3984E014522
:107DE0002300E6009843184F2183A300E600984340
:107DF000184F41832301E6009843184F6183A30184
:107E0000E6009C43D84F2302E600D84F2183A3020B
:107E1000E600D84F41832303E600D84F6183A303D4
:107E2000E60098532304E60098532183A304E60058
:107E3000985341832305E60098536183A305E60028
:107E4000D8532306E600D8532183A306E600D8536F
:107E500041832307E600DC53E183A307F600828019
:107E600001008DBF011122CC2A84354506CE2EC6D5
:107E700032C4952697D7FE1F9387878B9843228518
:107E80003C4B93E707083CCB2246B245EFF03FE27C
:107E9000F240624401450561828097D7FE1F9387B7
:107EA00067869C43B7068000B70500829843FD159E
:107EB000558F98C31307F00F98DF13070005D8DB21
:107EC000D857B7060080558FD8D7D45717C7FE1F8D
:107ED0000347876B131687011377F703ED8E660749
:107EE000558FD8D7618617D7FE1F1307A78993062A
:107EF000A003184363DCC600744F37060007D18E19
:107F000074CF370702001307C72099A093062002F9
:107F100063DAC600744F370600F97D16F18E370616
:107F20000005F1BFB70600F99385F6FF744F694568
:107F3000ED8E6355C50037060003D1B7B7050001C4
:107F4000CD8E74CFE35F06FA3707020013070721CF
:107F5000D8DF984B137707FC1367E70098CB37E718
:107F600000E0D147A309F7049797FE1F9387472B9B
:107F700093E717007CD782809387C1869C4399CB77
:107F8000944BD04B9842518F98C294439C4798424F
:107F9000D98F9CC297C7FE1F9387C77617C7FE1F4E
:107FA0000347277717C6FE1F1306867805489C43AC
:107FB0001307E7091442631E050388431365050888
:107FC00088C3C8468177FD17E98FDCC60F10000013
:107FD0001C42B7060200AD0594C7930600F817C609
:107FE000FE1F2305D6728A05BA958605ECD3C8C74D
:107FF000828088431375F5F788C3C8468177FD17DB
:10800000E98FDCC60F1000001C42B7060200A9056C
:1080100094C7930600F817C6FE1F2309D66E8E0577
:10802000E1B79387C1869C4389CFD44303A88700D7
:1080300098423367070198C2D447DC4B9842D98FE6
:108040009CC297C7FE1F9387E76B05479C43950526
:10805000631EE50298438E051367070898C3984F7F
:10806000137707C01367A71398CF13078007A38957
:10807000E7009385C50397C7FE1F23AFB76811C6F6
:10808000060697C7FE1F23A9C768828098439205FA
:108090001377F7F798C3984F137707C01367271321
:1080A00098CF1307F007A389E700E1B7411106C68F
:1080B00017C7FE1F0347C765A1476311F70497C79A
:1080C000FE1F83C72767858B17C6FE1F0346B6684A
:1080D00097C6FE1F83C62668BDC797C7FE1F938736
:1080E0006767C8432DC1834515000905EF009060FF
:1080F00011C5854717C7FE1FA30CF76017C7FE1FE2
:10810000034707619947631CF70097C7FE1F9387D2
:10811000676FFC5F83C7B70095CBEFF01FA517C74C
:10812000FE1F0347E75E9D476312F70297C7FE1FD6
:108130009387476D83A7070983C7770081CBB24038
:1081400041016F203069814501454DB7B240410181
:10815000828017C7FE1F1307A75D1C43B44B93F61D
:10816000F68FB4CB944393E6860094C39C438D83EF
:10817000858B89C7010001000100010097C7FE1F20
:108180009387475894439C4293F7F7CF93E70710A0
:108190009CC297C7FE1F9387E75E9043B706CEFF4A
:1081A000FD161C46F58F1CC61C4337070300B8CBD1
:1081B0009387C1869C4399CBD44390479842518F73
:1081C00098C2944BDC4B9842D98F9CC297C7FE1F34
:1081D000A38F0752828097C7FE1F938767559C43E2
:1081E0009C438D8B638307104111B7E700E04AC0C1
:1081F00003A9070026C23707200006C622C4AA84A6
:108200003379E90023A0E7180F10000017C7FE1FFD
:108210000347F74F8D4717C4FE1F1304E44E631B3B
:10822000F70097C7FE1F9387E7509C4B0146814597
:10823000454582971947639CE40497C7FE1F83C78F
:10824000374D99CB97C7FE1F83C7874C639697001E
:1082500097C7FE1FA38E074A834774002147631800
:10826000F7009307801017C7FE1F2313F74A97C71D
:10827000FE1F238A072EEFF0DFEDB2402244B7E75E
:1082800000E023A0271192440249410182809D47CA
:10829000639FF40097C7FE1F83C79747D5DF17C7B3
:1082A000FE1F0347E7468D47E318F7FA55B78346A5
:1082B0007400630BD700034774006387E7008347AC
:1082C00074002147E315F7FA97C7FE1F83C7574489
:1082D000D9FF8347740017C7FE1F230BF74285475A
:1082E00017C7FE1FA306F74259B7828017C7FE1FA4
:1082F0000347F74191476309F70C97C7FE1F938720
:1083000027409843B7C7004093870730631EF70A9A
:108310000111354506CE22CC26CA4AC84EC6EFF01A
:108320009FEB97C9FE1F9389E93D1D2AEF10F02CA2
:10833000EFF0BFB683A7090017C9FE1F13098944D0
:10834000B7063300984397C4FE1F9384643E3704F6
:1083500003001367070898C398431377F7CF98C3B0
:1083600098431377F7CF1367072098C303270900B3
:108370001C47D58F1CC79C4013078455B8CBEF1002
:10838000F03FEF207012EF109032EF10903B03A7F8
:1083900009001C4393F7F7CF93E707101CC383260C
:1083A00009003707CEFF7D179C46F2404249F98FFE
:1083B0009CC69C40B249D244A0CB624497C7FE1FE2
:1083C000A3870734056182808280B7C70040138786
:1083D000073097C6FE1F23A5E632138707204111F9
:1083E00097C6FE1F23A6E6349387071037D70040B1
:1083F00022C497C6FE1F23A7E63817C4FE1F130426
:10840000A43017C7FE1F232FF72E8547A303F400C0
:1084100097C7FE1F938707169C4306C65CD09387B9
:1084200007111CD09797FE1F9387E7DF23A8F186DB
:10843000EFF0DFEBB7E700E0A305040003C7574107
:1084400013670708A38AE740B240370710002244A9
:1084500023A0E7103707200023A0E7104101828006
:1084600017C7FE1F130707110307470197C7FE1F12
:108470009387072C9C43635A070413074008D8CB03
:10848000F8C313076007D8CFF8C79306C008D4D342
:108490001307E006D8D7D4DBD8DF13078007239370
:1084A000E700F84BB7060080558FF8CB5147F8CB63
:1084B00017C7FE1F130747255853F8DF7D5798C786
:1084C00037071F003D07D8C782801307C00845BF84
:1084D00097C7FE1F9387072B984317C6FE1F1306E7
:1084E000662597C7FE1F9387E721944383471600AD
:1084F00013F8F707D9C588425C42137505F8336550
:10850000050188C213F5150001C993F5050341451E
:108510006386A506938787C14C574168130808A056
:1085200093E525004CD7B3D50703B70810FEFD1817
:10853000B3F70703FD89139545016C43B3F51501A6
:10854000C98D6CC39305A00F3705FCFFAA07B3D7ED
:10855000B7026C43E98DBA07B983CD8F7CC38347DB
:108560000600898B99CB9C4293F7F70713E7070422
:108570009C4293F707F8D98F9CC282809387078328
:1085800061BF5C57F59B5CD79C4293F707F8B3E754
:1085900007019CC2E9B7411106C697C7FE1F238297
:1085A000071CEFF01FBBB240014541018280411121
:1085B00097C7FE1F83C7771506C6858B9DC7EFF04B
:1085C0009FFD97C7FE1FA382071497C7FE1F238F27
:1085D000071297C7FE1F9387E71503A307010146FC
:1085E00081450545B2404101028397C7FE1F93872D
:1085F00027149C43FC538DE3EFF0FFF997C7FE1F50
:108600002386071097C7FE1F9387C71203A307018E
:10861000014681454545F9B797C7FE1F9387C70EA9
:1086200083C777000D476317F700854717C7FE1FFD
:10863000230BF7F2B24041018280411197C7FE1F20
:1086400083C7A70C26C206C622C4858B97C4FE1F0B
:108650009384040EF5CB97C7FE1F2388070A97C79C
:10866000FE1F93872712984317C5FE1F0345850CED
:1086700017C4FE1F1304040C5C578583858BB1CB94
:10868000504093760503C145930786C16394B600B5
:1086900093070683C165938505A0B3D6B702370853
:1086A00010FE7D18B3F7B702FD8A13964601744396
:1086B000B3F60601D18E74C39306A00F3706FCFFF4
:1086C000AA07B3D7D7027443F18EBA07B983D58FFF
:1086D0007CC31185014697C5FE1F83C565070D89BB
:1086E000EFF03F94170500001305050BEFE00FA610
:1086F00098408177FD175447F58F5CC70F10000035
:108700009840B70702001CC7930700F817C6FE1F62
:10871000230EF6FE97C7FE1F9387C7FE9C439C431C
:108720009D83858B99CF93076019032304017CD324
:1087300054C70146814505452244B2409244410157
:1087400002839307E01BD5B79C40FC538DE3EFF009
:108750009FE497C7FE1F238B07FA97C7FE1F9387D7
:1087600067FD03A30701014681454545F1B797C75A
:10877000FE1F938767F983C777000D476317F700DC
:10878000854717C7FE1F2300F7DEB24022449244FC
:1087900041018280011197C7FE1F83C717F706CEDC
:1087A00022CC858B17C7FE1F130707F6C9CF3A8463
:1087B000EFF07FDE485097C7FE1FA38807F481457E
:1087C00081461306F10097C7FE1F238107F4979097
:1087D000FE1FE78080C293158501E1858DE15C5025
:1087E0009306F00F03C70700630BD70097C7FE1F60
:1087F00083C757F66385D7006303F700894597C79A
:10880000FE1F938727F3038707006347070058502D
:108810008346F1002300D7009C4B505093F5F50F91
:108820000945829797C7FE1F83C787F3898B81CB42
:10883000854517C5FE1F0345E5F2EFD0FFD1F24095
:1088400062440561828097C7FE1F938767EE9C4351
:10885000FC538DE3EFF03FD497C7FE1F238807EA50
:1088600097C7FE1F938707ED9C4B014681454945FD
:108870008297F1B7834777000D47E312F7FC8547EE
:1088800017C7FE1F2301F7CE5DBF797122D452CCEA
:1088900056CA06D626D24AD04ECE5AC893070008EA
:1088A000AA8A2E84328A6319F602BD449790FE1F6D
:1088B000E78060DFE3FCA4FE97C7FE1F83C727E9BC
:1088C0009607C117E3E4A7FE97C7FE1F938747E605
:1088D0009C4313078007F8D317C9FE1F130989E2C9
:1088E00003270900814597C4FE1F938464E45C5705
:1088F00097C9FE1F938909E4F19B93E717005CD7A2
:1089000017C5FE1F034515E3EFF09FBC8327090041
:1089100097C5FE1F938505E7370633009843137705
:10892000F7CF98C398431377F7CF1367072098C3FF
:1089300098411447D18E14C794403706030013069C
:108940008625B0CA03A6890090C703A6C900D0C374
:10895000DC4293E71700DCC25C4393F7F7EF5CC39C
:1089600001000100984197C9FE1F9389A9DE17CB2A
:10897000FE1F130B6BD95C4393E707105CC383C7DF
:10898000E90093E7270017C7FE1F230CF7DC9307C6
:10899000FAFF93F7F70F05476369F70C03250B02FE
:1089A0002286D68523004501A3008500090597800E
:1089B000FE1FE780802403270B029C4093150401CF
:1089C000C181B8DF17C7FE1F230107D417C7FE1FD9
:1089D000A30D07D217C7FE1F230A07D20D4797C65C
:1089E000FE1FA386E6D213070008631EEA08F853A9
:1089F0007DFF97C7FE1F938727B79C432EC682979C
:108A000003A78900B2456368E506198D83270B0229
:108A1000370480000D811307F42F6205598D88C338
:108A200017C5FE1F034505D111850D89EFF0CFD481
:108A3000832709009843418F98C3D857719BD8D793
:108A400097C7FE1FA38407CC97C7FE1FA38E07CA34
:108A50009C40094798C3B250225492540259F2499B
:108A6000624AD24A424B4561828093070008E31470
:108A7000FAF4094489B797C7FE1F938767B4DC43AC
:108A8000998F3E9561B717C5FE1F0345A5CA11858D
:108A90000D89EFF06FCE83270900B7068000171508
:108AA0000000130545109843558F98C3D857719B04
:108AB000D8D7EFD0BFE997C7FE1F238307CA97C750
:108AC000FE1FA38507C497C7FE1FA38F07C29C4044
:108AD000094798C383C7C90093F7F70FE5DFA5BF20
:108AE0001C49638D0718411122C406C626C283475C
:108AF00005002A8493F7070489C75C410945638E02
:108B0000071013060002814517C5FE1F130585C215
:108B10009780FE1FE780401213060002A28517C54A
:108B2000FE1F130525C19780FE1FE780000D97C724
:108B3000FE1F83C7B7C197C4FE1F9384A4BF99E7E4
:108B40009307800217C7FE1FA302F7C097C7FE1F37
:108B500083C7E7BF91E7A14717C7FE1F2309F7BEE9
:108B600097C7FE1F83C7B7BE91E7C54717C7FE1F4C
:108B7000A30FF7BC97C7FE1F83C787BD91E7ED57CB
:108B800017C7FE1F2306F7BC97C7FE1F83C757BC36
:108B900091E7ED5717C7FE1FA30CF7BA83470400F0
:108BA00093F7070491CFDC4037B724001307F7E9A8
:108BB000636AF7069307500217C7FE1FA30CF7B6A8
:108BC00097C7FE1F938707B9C84309C59790FE1F33
:108BD000E780A0CA97C7FE1F23A007B883C7040079
:108BE000858B85C317C5FE1F034595B69305900475
:108BF00009059790FE1FE78020B997C7FE1F23AD98
:108C0000A7B483C71400014517C7FE1FA30BF7B411
:108C10009C4417C7FE1F2329F7B4B2402244924454
:108C200041018280370725009306F74863EDF6007F
:108C30003767DBFF13070793BA971307007DB3D796
:108C4000E702FD1795BF130707496395E7009307F0
:108C500060029DB737D725001307F777636DF700DC
:108C60003767DBFF13070793BA971307007DB3D766
:108C7000E702F91791B7930770023DBF054582805F
:108C8000797126D297C4FE1F9384C4AA9C4406D649
:108C900022D44AD04ECE52CC56CA5AC85EC662C4FE
:108CA0006388072417C7FE1F034777A69547AA8B3B
:108CB00017CAFE1F130A4AA50945630EF71E0D4584
:108CC0002E84328B368CEFF00FD197C7FE1F83C7EF
:108CD00027A9898B97CAFE1F938ACAA785CB3D49CE
:108CE0009790FE1FE780209CE37CA9FE97C7FE1F9C
:108CF00083C7E7A59607C117E3E4A7FE97C7FE1F42
:108D0000938707A39C4313078007F8D397C9FE1FD7
:108D10009389499F03A709005C57F19B93E71700CC
:108D20005CD783C7CA00898B99E783C7040093F790
:108D30000704639E0718814517C5FE1F0345959FCD
:108D4000EFF00FF983A7090097C5FE1F938585A350
:108D500037063300984317C9FE1F1309699D13771F
:108D6000F7CF98C398431377F7CF1367072098C3BB
:108D700098411447D18E14C7832609003706030093
:108D800013068625B0CA904490C7D044D0C383C789
:108D9000040013F61700DC42F99BD18FDCC25C4360
:108DA00093F7F7EF5CC30100010098415C4393E740
:108DB00007105CC383C7EA0093E7270017C7FE1FAD
:108DC0002301F79A97C7FE1F2386679997C7FE1F4F
:108DD000A382879963800B1003250A022286DE8511
:108DE00023006501A300850009059780FE1FE78029
:108DF000C0E083270A02032709003CDF97C7FE1F54
:108E00002385079097C7FE1FA381079097C7FE1F72
:108E1000238E078E8D4797C6FE1FA38AF68E83C7C3
:108E2000CA00898B9DCB7C53FDFF97B7FE1F9387AC
:108E3000A7739C43829703A78A006363E50A198D91
:108E400083270A0209041374F40FA38087000D819D
:108E5000A29723800700A380A70017C5FE1F034524
:108E6000658D11850D89A285EFF00F9183C70400F0
:108E700017F5FFFF1305A57C858B89E717F5FFFF25
:108E800013052573EFD09FAC83A70900B7068000B8
:108E900001459843558F98C3D857719BD8D797C72A
:108EA000FE1FA385078697C7FE1FA38F078483270E
:108EB0000900094798C3B250225492540259F2490A
:108EC000624AD24A424BB24B224C4561828089456C
:108ED000C840BDB583270A02014423A0670111BF22
:108EE00097B7FE1F9387C76DDC43998F3E9589BF67
:108EF0000545D1B77971B7E700E026D2844337073B
:108F0000200006D622D44AD04ECE52CC56CAF98C76
:108F100023A0E7180F10000017C4FE1F130484815C
:108F2000184409EF23A097100545B25022549254DB
:108F30000259F249624AD24A4561828017C7FE1F30
:108F40001307478C0327470A09C723A09710094531
:108F5000E9BF83470400328AB689858B2E86AA8AA8
:108F6000BDC717B9FE1F1309E97E8327490095E3A2
:108F700017B5FE1F0345D57D2EC609059305900440
:108F80009790FE1FE7804080324697B7FE1F23A5CB
:108F9000A77C8327490099E7B7E700E023A0971053
:108FA0000D4561B717B7FE1F0347E77A2380E70037
:108FB00083274900638F0A0429CEA380C7000325B5
:108FC0004900D68509059780FE1FE78000C317B7C3
:108FD000FE1F0347D7739547630CF70097B7FE1F33
:108FE00083C7077319476385E7000D476396E70258
:108FF00097B7FE1F83C7D77199E79307801017B7FC
:10900000FE1F2317F770B7E700E023A09710014574
:1090100029BFA380070065BF17B9FE1F1309497157
:109020008327090098430D8B0DC717B7FE1F230C2C
:109030000752B84B1377F78FB8CB98431367870065
:1090400098C39C438D83858B89C701000100010073
:109050000100832709003707020097BAFE1F938A91
:109060006A6F23A2070698C797B7FE1F2380076A77
:1090700097B7FE1F83C7C76E918B89EB97B5FE1F0D
:1090800083C5456B93F70504639C0712814517B5AB
:10909000FE1F0345356AEFF0AFC317B5FE1F03454A
:1090A00065691185014697B5FE1F83C5656A0D89FF
:1090B000EFE03FF717B7FE1F1307C76414441C43C4
:1090C00094C75444D4C383260900834704003A84D8
:1090D00013F61700DC42F99BD18FDCC283A74A004C
:1090E000BCDE97B7FE1FA388476797B7FE1F238490
:1090F000376783C7EA0093E7470097B6FE1F2382CE
:10910000F6669307000497B6FE1F238FF65E97B7A7
:10911000FE1F238D075EA14797B6FE1FA389F65E4B
:1091200097B7FE1F938707459C5791CB13060064A2
:10913000C14517B5FE1F0345E562EFD06FCB83270E
:1091400009001705000013052533DC43858B89E7EB
:10915000170500001305C507EFD04FFF184097B65D
:10916000FE1F93862662370633001C4393F7F7CF22
:109170001CC31C4393F7F7CF93E707201CC39C4203
:109180009847518F0326090098C737070300130734
:10919000871538CA17B7FE1FA30A075617B7FE1F51
:1091A000A3040756054718C2D8431377F7EFD8C36F
:1091B0000100010098425C4393E707105CC3A1B52E
:1091C00093F5050393E515004840F1B5011197B7F4
:1091D000FE1F83C7775306CE22CC26CA4AC8858B8A
:1091E00017B7FE1F130747526386072497B7FE1F62
:1091F000A38C07503A84A30701004453EFF0AFB9A2
:1092000097B7FE1F83C7C755918B97B6FE1F9386EE
:10921000665417B9FE1F1309E951638A071A83C7F9
:109220001400A69703C7070093070008631AF70006
:109230008347090093E7870017B7FE1F230CF74EFB
:109240005C4C0D47637FF710F11717B7FE1F232BF8
:10925000F74C5C4C984663EDE7103387E74083C7D3
:10926000140003C6C600A69783C71700620661866E
:109270008E076350061263F4E7101D8F93060002F9
:1092800063EBE600584C636FF70EB307F74017B770
:10929000FE1F2325F74C894517B5FE1F0345854C56
:1092A000EFD08FAB83470900A18B638D071097B771
:1092B000FE1F9387E74794439307800C1307F00F33
:1092C000FCD21C5037063300014598C397B7FE1FE8
:1092D000238D074297B7FE1FA389074297B7FE1F4A
:1092E0002386074297B7FE1FA382074297B7FE1F48
:1092F0009387474198431C4393F7F7CF1CC31C4304
:1093000093F7F7CF93E707201CC397B7FE1F938708
:109310006747984397B5FE1F83C5C54191851C4794
:109320008D89D18F1CC7B707030093878725BCCAD7
:1093300005469780FE1FE780601583470900DD9B87
:1093400017B7FE1F2308F73E97B6FE1F83C6A64039
:1093500017B6FE1F0346364081450145EFF09FB921
:10936000E1A017B7FE1F1307A7255843BA97E9BD19
:1093700017B6FE1F1306C6245042B297F9BD3387B5
:10938000E740EDBD97B6FE1F93868623D4423697FD
:10939000EDBD584C6361F702B307F74017B7FE1FE6
:1093A000232EF73A83C7C60093E7070817B7FE1FB7
:1093B0002308F73ACDB517B6FE1F130666205042B4
:1093C0003297D9BF83C71400F917A380F40048501F
:1093D000814681451306F1009780FE1FE780E0017A
:1093E0005C50931585019306F00F03C70700E185D4
:1093F000630CD70097B7FE1F83C7F7356386D70086
:109400006304F70093E525008307090063C707009D
:1094100089E58347F1002380F40083270901505038
:1094200093F5F50F0D458297F2406244D2444249CC
:109430000561828097B7FE1F9387872F9C43FC535B
:1094400099EFEFF04F9597B7FE1F9387A7129C5B9C
:10945000E38C07EE8545130510088297F5B5834721
:1094600077002147E312F7FC854717B7FE1F230C4F
:10947000F70E5DBF797197B7FE1F83C7E72806D641
:1094800022D426D24AD04ECE52CC858B17B7FE1F9F
:10949000130787276384072603294702814613069B
:1094A000F10081454A853A84A307010097B7FE1F62
:1094B000238C07249780FE1FE78020F4131A850170
:1094C000135A8A4163120A0297B7FE1F83C7B7284F
:1094D0009306F00F638AD7005850034707006305CF
:1094E000D7006303F700094A97B4FE1F93848424CE
:1094F0008387040097B9FE1F9389C92563C60714A3
:1095000063160A148347F1002300F90083C7C900DA
:10951000918BD1CB5C4C0D47637DF716F11717B7D4
:10952000FE1F2321F7205C4C03A7890063EAE7169E
:109530003387E7408347190083C6C900CA9783C7AA
:109540001700E206E1868E0763DD061663F1E71673
:109550001D8F9306000263EBE600584C636CF71412
:10956000B307F74017B7FE1F232AF71E894517B523
:10957000FE1F0345251FEFC03FFE83471900330739
:10958000F90083460700130700086395E6161C5090
:109590001307F00F98C383C7040093E7870017B73A
:1095A000FE1F2309F71897B7FE1F9387A71D98433F
:1095B0005C578583858BA1C3DC40C165938505A07D
:1095C000B3D6B702370510FE7D15B3F7B702FD8A93
:1095D000139646017443E98ED18E74C39306A00F8F
:1095E0003706FCFFAA07B3D7D7027443F18EBA0738
:1095F000B983D58F7CC383A7490017B5FE1F0345E8
:109600006513118583C517000D89EFE0FF961705D7
:10961000000013056513EFD06FB397B7FE1F938754
:10962000670E9C43B70680009843558F98C3D85760
:10963000719BD8D783C70400A18BA1E79C485050E9
:1096400081450D45829735A8E3020AECEFE07FB033
:109650009C4850500D459375FA0F829703A5490019
:1096600017B6FE1F0346360F97B6FE1F83C6A60E1B
:1096700009C583451500090519A081450145EFF08D
:109680007F87B250225492540259F249624A45618E
:10969000828017B7FE1F1307A7F25843BA97BDBDC4
:1096A00097B6FE1F9386C6F1D442B69751B533875D
:1096B000E74045B597B6FE1F938686F0D4423697AD
:1096C00045B5584C6361F702B307F74017B7FE1F63
:1096D0002326F70883C7C90093E7070817B7FE1FBB
:1096E0002300F70861B597B6FE1F938666EDD44256
:1096F0003697D9BFF917A300F90075B597B7FE1FC4
:10970000938707039C43FC539DE3EFE0DFE897B7A3
:10971000FE1F938727E69C5B89C7894513051008C0
:10972000829797B7FE1F9387E702C84315BF834709
:1097300077002147E317F7F4854717B7FE1F230487
:10974000F7E281B7411197B7FE1F83C7F7FB06C643
:1097500022C4858B8DCB97B7FE1FA38707FAEFE056
:109760009FE397B7FE1F9387E7FC03C707003E847C
:10977000218B21E703A307010146814511452244BE
:10978000B2404101028397B7FE1F938767FA9C435B
:10979000FC53ADE797B7FE1F238A07F697B7FE1F66
:1097A000938747F903C707003E84218B19E703A37A
:1097B0000701014681455145D9B797B7FE1F9387E9
:1097C00067F9C84317B6FE1F0346F6F897B6FE1FA3
:1097D00083C666F80DC1834515000905EFF08FF1CA
:1097E00083470400DD9B17B7FE1F2305F7F4B24043
:1097F00022444101828081450145CDB7854717B795
:10980000FE1F2302F7D6E5B74111B7E700E022C4F7
:1098100080433707200006C6798C23A0E7180F1075
:10982000000097B7FE1F238E07F297B7FE1F93879E
:1098300067F2C84309C59780FE1FE780000497B709
:10984000FE1F23AB07F017B7FE1F034777EC97B750
:10985000FE1F938767EB01CF97B6FE1F83C646EBCB
:1098600021476396E60017B7FE1FA30307EA03C765
:10987000770099466387E60003C777009D46639D9E
:10988000E60083C7770017B7FE1F2303F7E8854775
:1098900017B7FE1FA30EF7E6EFE0BF8BC14517B564
:1098A000FE1F034525EC97B7FE1F238E07CAEFC0A6
:1098B000DFEAB7E700E023A08710B2402244014569
:1098C00041018280411106C622C426C217B4FE1F80
:1098D000130444E8EFF05FF38347F400A14517B5A4
:1098E000FE1F034525E817B7FE1FA305F7E45C48F4
:1098F00097B4FE1F938404E417B7FE1F2320F7E4F8
:10990000EFC0BFE5914517B5FE1F0345A5E5EFC0C4
:10991000DFE48347C400898B9DC39C480146814591
:109920001305200282972244B240924497B7FE1F4B
:10993000238807E28945014541016FC0DFFF834766
:10994000C400918BEDD39C4801468145130540022C
:10995000D1BF97B7FE1F83C7A7E0898B638C07121F
:10996000011152C406CE22CC26CA4AC84EC656C2DF
:109970005AC017B7FE1F034797D98D4717BAFE1F66
:10998000130A8AD891456300F70C3545017985693A
:10999000EFE07F84A14417B4FE1F130464D97D193E
:1099A000938929F91306000881450145EFE0FFED91
:1099B000B70A0200130B00F883472A00858B8DE35A
:1099C0001C40FC53F5FBFD14F1FC6244F240D24410
:1099D0004249B249224A924A024B05616FF09FEE1A
:1099E00017B5FE1F034505D5118501469305F00FF8
:1099F0000D8997B7FE1F238A07D0EFE08FE297B556
:109A0000FE1F83C525D391851306F00F8D8905456B
:109A10009780FE1FE78080A783473A00858BB9C3F4
:109A200097B7FE1FA38307CEEFE0FFB697B7FE1FE1
:109A3000938747D283C7C700854593E7070817B7C1
:109A4000FE1F230FF7D06244F240D2444249B2498C
:109A5000224A924A024B17B5FE1F0345A5D0056165
:109A60006FC09FAFEFE03FB31C40D847B3762701EC
:109A7000D4C70F1000001C4023A4570197B6FE1F47
:109A8000238666C923A23707D8C71C40FC538DDB49
:109A90000100E5BF8280411122C406C693F715007C
:109AA0002E84A1CB97B7FE1F83C787CB898B85CF29
:109AB00097B7FE1F938707CA83C7C70017B5FE1F56
:109AC000034545CA13060005E207E18763DA07008C
:109AD00017B6FE1F034696C79307000A3306F60221
:109AE0009145EFC0FFB013451400B240224441013C
:109AF000828093F72500B9C797B7FE1F83C747C673
:109B0000918B95CF97B7FE1F9387C7C483C7C700B4
:109B100017B5FE1F034505C51306000AE207E187D6
:109B200063DC070017B6FE1F034656C29307000A00
:109B30003306F60213068602A145EFC07FAB13453C
:109B4000240065B793F7450091C7EFF09FE01345F8
:109B5000440061BF93F7850081CF97B7FE1F83C78D
:109B600027C0918B99C3EFF0FFD513458400B5BF93
:109B700093F705010145B5DBEFD06F9517B7FE1FD1
:109B80000347F7B8A147631BF70013060064C145FC
:109B900017B5FE1F034505BDEFC09FA51345040182
:109BA000A9B7411197B7FE1F83C727B606C622C4BF
:109BB00026C2858B6384071E17B5FE1F034585B734
:109BC00011850146930500020D8997B7FE1F238E6C
:109BD00007B2EFE00FC597B5FE1F83C5A5B5918508
:109BE0001306F00F8D89054597B4FE1F9384C4B109
:109BF0009780FE1FE780808983C73400858B638F41
:109C00000718C85097B7FE1FA38107B081460146C9
:109C1000814597B7FE1F238A07AE9770FE1FE78026
:109C2000C07D631D0516C050954703472400631788
:109C3000F716194697B5FE1F9385459513059400B1
:109C40009770FE1FE780600285476319F5149C50EA
:109C50001947814598C317B5FE1F0345A5AD11856A
:109C60000D89EFE06FB197B5FE1F83C5A5AC918557
:109C700001468D890D459780FE1FE780208183C7AF
:109C80002400858B638C071097B7FE1F238F07A6D0
:109C900097B7FE1F9387478D9C43829797B7FE1F08
:109CA00023AEA7AAEFF05FB697B7FE1FA38407A85D
:109CB00097B7FE1FA38607AA8347340181468145D3
:109CC00017B7FE1FA304F7A883474401130500023A
:109CD00017B7FE1F230DF7A68347540117B7FE1FC2
:109CE000A307F7A6034704018347F40022075D8F0B
:109CF00083471401C2075D8F83472401E207D98F90
:109D000017B7FE1F232CF7A2034774018347640192
:109D100022075D8F83478401C2075D8F83479401CB
:109D2000E207D98F17B7FE1F2320F7A217B7FE1F30
:109D3000A30A07A2014733D6D700058A09C605073B
:109D40001377F70F85458506E397A6FE89C597B774
:109D5000FE1FA389E7A08347A40193053400194699
:109D600017B7FE1F2304F79E17B5FE1F130545A066
:109D7000894717B7FE1F2305F79E9770FE1FE780E0
:109D8000C0E72244B240924417B5FE1F0345859DAB
:109D900013068002914541016FC09F85EFE06FBBC4
:109DA000B2402244FD5717B7FE1F230BF79A924487
:109DB00041018280411106C622C4EFE00FE1130683
:109DC0004002814517B5FE1F1305C5989770FE1F09
:109DD000E78080E617B4FE1F1304C497FD571705EC
:109DE0000000130585CB1CC0EFC0BFCB2308A40027
:109DF000B240224401454101828097B7FE1F9387FC
:109E000067989C4313070048B70600F998D7D85FB6
:109E1000FD16758FB7060002558FD8DFD85FB706DD
:109E200000400E070D83558FD8DFF84BC576FD1621
:109E3000419B13679700F8CBD85F758F9566558F58
:109E4000D8DF985B9D661367077098DB985B558F2A
:109E500098DB985BB7060700558F98DB985BB706D1
:109E60000090FD16758FB7060010558F98DBF847E8
:109E7000B706F9FFFD16619BF8C7F84F758FF8CF4D
:109E8000F84FB70690FFFD16758FF8CF17A7FE1F86
:109E90000347876F1377070C19C7B847B7060080C9
:109EA000558FB8C78280B84706070583DDBF17B74F
:109EB000FE1F1307278D1C4341767D16B44BF18E90
:109EC000B4CB944737062000D18E94C7D44793E68D
:109ED0000601D4C7D447BD9AD4C7010001000100D0
:109EE000010014430566DC4693E70701DCC6DC424B
:109EF000D18FDCC297B7FE1F938787839043930768
:109F000040067CD27C5291C783A7C609A183858B6A
:109F1000F5DB01000100010001001C43416603A7BD
:109F2000C709B44BD18EB4CB9376F701B84B019BE4
:109F3000558FB8CB9847B706E0FFFD16758F98C7C9
:109F4000828097B7FE1F9387E7839C4341777D17F5
:109F5000B44F4166F98EB4CF9447D18E94C7D4479D
:109F600093F6F6EFD4C7D443758FD8C3D44793E69E
:109F70000610D4C7D843518FD8C38280397122DCF0
:109F800017B4FE1F130404801C4006DE26DA4AD8EC
:109F90004ED652D456D25AD05ECE62CC66CA6AC869
:109FA0006EC6D843FD76FD161377F7EFD8C39857E2
:109FB000758F98D7D857B70602003D9BD8D79847DA
:109FC000558F98C7D84313670701D8C317A7FE1F3B
:109FD0001307C77A14433757341213078767E38F81
:109FE000E64AD84381749384F40F799BD8C3985F71
:109FF000B166938606F0658F558F98DFD843136757
:10A000001700D8C39770FE1FE78060741C4003A739
:10A0100007091377F703238AE18603A747092983F2
:10A020001377F707A38AE186D843B966938606704B
:10A03000799BD8C3985F658F558F98DFD843136796
:10A040001700D8C39770FE1FE78060701C4003A7FD
:10A0500007091377F70397A6FE1FA387E67203A7E6
:10A06000470929831377F70797A6FE1F238AE6700F
:10A07000D843B56693860630799BD8C3985F658FC1
:10A08000558F98DFD84313671700D8C39770FE1F0A
:10A09000E780E06B18408327070993F7F70397A63B
:10A0A000FE1F2383F66E83274709A98393F7F707DB
:10A0B00017A7FE1F2302F76C1C4017ACFE1F034CB2
:10A0C000AC6C83C6418703A7070AB386864113F6A3
:10A0D000F600419B518F23A0E70A130760023387E4
:10A0E000E6021306700283A5070A7D7E130EFE0F9B
:10A0F00093F5F5F01305400245737D131304300208
:10A100003347C702B708F1FFFD1813082002930E6A
:10A1100010027D4FF94FF542F1436D4DD14B454B48
:10A12000BD443949314AAD4AB5493D8B12074D8F7F
:10A130009305500223A0E70A3387B60283A5070AD6
:10A14000B3F5C5013347C7023D8B22074D8F23A0CE
:10A15000E70A3387A60283A5070A370500F17D15B4
:10A16000B3F565003347C7023D8B32074D8F23A0FF
:10A17000E70A3387860283A5070A6144B3F5150110
:10A180003347C7023D8B42074D8F23A0E70A338731
:10A19000060383A5070A370810FF7D18B3F50501EC
:10A1A0003347C7023D8B52074D8F23A0E70A338701
:10A1B000D60383A5070AB70E0010FD1EE98D3347AD
:10A1C000C7023D8B62074D8F23A0E70A1397560005
:10A1D0003347C7029315C70103A7070A3377D7018F
:10A1E0004D8F23A0E70A3387E6035D4F3347C7024D
:10A1F0009375F70003A7470A419B4D8F23A2E70AF7
:10A200003387F60383A5470AD94F93F5F5F0334713
:10A21000C7023D8B12074D8F23A2E70A33875602F0
:10A2200083A5470AD542B3F5C5013347C7023D8B25
:10A2300022074D8F23A2E70A3387760283A5470AB8
:10A24000CD43B3F565003347C7023D8B32074D8FD1
:10A2500023A2E70A3387A60383A5470A494DB3F52E
:10A2600015013347C7023D8B42074D8F23A2E70AF2
:10A2700069473387E60283A5470AB3F505013347EB
:10A28000C7023D8B52074D8FE54523A2E70A33876E
:10A29000B60283A5470AE98D3347C7023D8B6207A3
:10A2A0004D8F23A2E70A338786020D443347C70246
:10A2B0009315C70103A7470A3377D7014D8F23A210
:10A2C000E70A3387E603254F3347C7029375F70044
:10A2D00003A7870A419B4D8F23A4E70A3387F60320
:10A2E00083A5870A9D4F93F5F5F03347C7023D8B51
:10A2F00012074D8F23A4E70A3387560283A5870AE6
:10A300009942B3F5C5013347C7023D8B22074D8FF4
:10A3100023A4E70A3387760383A5870AB3F565008C
:10A320003347C7023D8B32074D8F23A4E70A33879B
:10A33000760283A5870A9543B3F515013347C70213
:10A340003D8B42074D8F23A4E70A3387A60383A5DD
:10A35000870A294DB3F505013347C7023D8B5207E4
:10A360004D8F23A4E70A3387660383A5870AE98D07
:10A370003347C7023D8B62074D8F93954600B3C5A7
:10A38000C50223A4E70A03A7870A3377D701F2059A
:10A390004D8FB385960223A4E70A03A7C70A419B02
:10A3A000B3C5C502BD894D8F23A6E70A33872603AF
:10A3B00083A5C70A93F5F5F03347C7023D8B120713
:10A3C0004D8FB3C5860223A6E70A03A7C70A3377D2
:10A3D000C701BD89A2054D8F23A6E70A338746032F
:10A3E00083A5C70AB3F565003347C7023D8B320723
:10A3F0004D8F23A6E70A3387560383A5C70AB3F513
:10A4000015013347C7023D8B42074D8F23A6E70A4C
:10A410003387A60383A5C70AB3F505013347C702EF
:10A420003D8B52074D8F23A6E70A3387E60383A5AA
:10A43000C70AE98D3347C7023D8B62074D8F93955D
:10A440003600B3C5C50223A6E70A03A7C70A3377B8
:10A45000D701F2054D8FB385F60323A6E70A03A7BC
:10A46000070B419BB3C5C502BD894D8F23A8E70AE1
:10A470003387560283A5070B93F5F5F03347C702E0
:10A480003D8B12074D8F23A8E70A3387760283A5F9
:10A49000070BB3F5C5013347C7023D8B22074D8F2C
:10A4A00023A8E70A139726003347C70283A5070BA3
:10A4B000B3F565003D8B32074D8FB3C5360323A836
:10A4C000E70A03A7070B33771701BD89C2054D8F34
:10A4D00023A8E70A139716003347C70283A5070B83
:10A4E000B3F505013D8B52074D8FB3C5C60223A8B6
:10A4F000E70A03A7070B698FBD89E2054D8F23A8E3
:10A50000E70A03A7070B930580023377D70123A837
:10A51000E70A17A7FE1F034737273307EC40B34D61
:10A52000B70283AC470B93FC0CFFB34B770393FD4F
:10A53000FD00B3ECBC0123AA970B83AC470BCD4DB8
:10A5400093FCFCF093FBFB00920BB3EB7C0123AA82
:10A55000770BB30B870283AC470BB3FCCC01B3CBB7
:10A56000BB0293FBFB00A20BB3EB7C01B34CA70334
:10A5700023AA770B83AB470BB3FB6B0093FCFC0068
:10A58000B20CB3EB9B0123AA770BA14BB34B770320
:10A5900083AC470BB3FC1C0193FBFB00C20BB3EB7A
:10A5A0007C0123AA770BB30B570283AC470BB3FC98
:10A5B0000C01B3CBBB0293FBFB00D20BB3EB7C01D2
:10A5C00023AA770BB30BF70383AC470BB3FCAC00A8
:10A5D000B3CBBB0293FBFB00E20BB3EB7C01B34CB0
:10A5E000770223AA770B83AB470BB3FBDB01F20C9B
:10A5F000B3EB9B01B30CE70323AA770B83AB870B69
:10A6000093FB0BFFB3CCBC02B30A570393FCFC00D3
:10A61000B3EB9B0123AC770B914B83AC870B93FC83
:10A62000FCF0B34B7703330A470393FBFB00920B19
:10A63000B3EB7C0123AC770B83AB870BD54CB3FB1F
:10A64000CB01B3CABA02B309370393FAFA00A20ADC
:10A65000B3EA5B0123AC570B83AA870BD94BB3FA40
:10A660006A00334ABA0233092703137AFA00320A1E
:10A6700033EA4A0123AC470B03AA870BE14A337A3A
:10A680001A01B3C9B902B304970293F9F900C209D8
:10A69000B3693A0123AC370B83A9870B654AB3F939
:10A6A00009013349B902B3C4B4021379F90052095C
:10A6B00033E9290123AC270B03A9870BE949337937
:10A6C000A900330B6703BD88E204B3649900131932
:10A6D000470023AC970A83A4870BB3F4D401334912
:10A6E000B902334BBB027209B3E4240123AC970ACD
:10A6F00083A4C70BC198137BFB0033EB6401C944EF
:10A70000B304970223AE670B03A9C70B5D4B137904
:10A71000F9F0B3C4B402BD889204B364990023AEC7
:10A72000970AB304B70303A9C70BF54D3379C901E1
:10A73000B3C4B402BD88A204B364990023AE970ADF
:10A740008944B344970203A9C70B33796900BD88D4
:10A75000B204B364990023AE970AB304970303A924
:10A76000C70BF94C33791901B3C4B402BD88C204D4
:10A77000B364990023AE970AB304770303A9C70B08
:10A78000FD4B33790901B3C4B402BD88D204B3646C
:10A79000990023AE970AB304670303A9C70B130BF1
:10A7A00010023379A900B3C4B402BD88E204B364D3
:10A7B000990023AE970AB304570303A9C70B930A62
:10A7C00020023379D901B3C4B402F204B36499000E
:10A7D00023AE970AB304470303A9070C130A3002F8
:10A7E000137909FFB3C4B402BD88B364990023A0F0
:10A7F000970CB304370303A9070C9309400213799C
:10A80000F9F0B3C4B402BD889204B36499006D49F1
:10A8100023A0970CB304270303A9070C3379C901BC
:10A82000B3C4B402BD88A204B364990023A0970CFA
:10A83000F144B304970203A9070C33796900B3C448
:10A84000B402BD88B204B364990023A0970CB3048A
:10A85000B70303A9070C33791901B3C4B402BD8847
:10A86000C204B364990023A0970CB304970303A90F
:10A87000070C33790901B3C4B402BD88D204B364B0
:10A88000990023A0970CB304770303A9070C33792D
:10A89000A900B3C4B402BD88E204B364990023A044
:10A8A000970C93145700B3C4B4021399C40183A442
:10A8B000070C3306C702B3F4D401B3E4240123A088
:10A8C000970C03A9470C137909FFB3046703B3C4BA
:10A8D000B402BD88B364990023A2970CB304570354
:10A8E00003A9470C1379F9F0B3C4B402BD889204EC
:10A8F000B364990023A2970CB304470303A9470C40
:10A900003379C901B3C4B402BD88A204B364990009
:10A9100023A2970CB304370303A9470C33796900CA
:10A92000B3C4B402BD88B204B364990013095002E1
:10A9300023A2970CB304270303A9470C3379190109
:10A94000B3C4B402BD88C204B364990023A2970CB7
:10A9500093046002B304970203A9470C33790901F9
:10A96000B3C4B4023346B602BD88D204B3649900BE
:10A9700023A2970C83A4470CE98C3D8A6206458E7E
:10A9800023A2C70C03A6470C9314C7013376D60144
:10A99000458E23A2C70C130690023306C70283A478
:10A9A000870CC1983346B6023D8A458E23A4C70C56
:10A9B0001306A0023306C702B345B60203A6870CEE
:10A9C0001376F6F0BD899205D18D23A4B70C97A517
:10A9D000FE1F83C565DA17A6FE1F034666DA3386B7
:10A9E000C540B304A60303A9870C3379C901B3C4D6
:10A9F000E40293E48400BD88A204B364990023A414
:10AA0000970CB304E60303A9870C33796900B3C438
:10AA1000E40293E48400BD88B204B364990023A4E3
:10AA2000970C93143600B3C4E40203A9870C33795E
:10AA3000190193E48400BD88C204B364990023A47F
:10AA4000970CB304F60303A9870C33790901B3C447
:10AA5000E40293E48400BD88D204B364990023A483
:10AA6000970CB304560203A9870C3379A900B3C429
:10AA7000E40293E48400BD88E204B364990023A453
:10AA8000970CB304760203A9870C3379D901B3C4B8
:10AA9000E40293E48400F204B364990023A4970CC5
:10AAA00093142600B3C4E40203A9C70C137909FF69
:10AAB00093E48400BD88B364990023A6970CB30483
:10AAC000860203A9C70C1379F9F0B3C4E40293E436
:10AAD0008400BD889204B364990023A6970C931454
:10AAE0001600B3C4E40203A9C70C3379C901334784
:10AAF000E60293E48400BD88A204B364990023A60F
:10AB0000970C03A6C70C33766600136787003D8B4E
:10AB10003207518F23A6E70C03A7C70C3377170121
:10AB200023A6E70C03C751870D8F3346D70293F551
:10AB3000F507E2053D8A9314460103A6C70C3304CA
:10AB4000870233760601458E23A6C70C131617001D
:10AB500083A4C70CE98C3346D6023D8A6206458E33
:10AB600023A6C70C03A6C70C3344D402B37ED60178
:10AB700013162700B3037702720433E48E0023A672
:10AB8000870C3346D602B3025702937EF60003A623
:10AB9000070D419A3366D60123A8C70C03A6070DFB
:10ABA000B3C3D3021376F6F0B3C2D20293F3F30029
:10ABB0009203B363760023A8770C03A6070D337EB8
:10ABC000C601B30FF70393F2F200A202B3625E0074
:10ABD00023A8570C03A6070D33736600131637001E
:10ABE000B3CFDF02330FE70393FFFF00B20FB36F62
:10ABF000F30123A8F70D03A3070DB3781301334620
:10AC0000D602330DA7033D8A420633E6C80023A8C7
:10AC1000C70C03A6070D33780601334FDF02B34696
:10AC2000DD02137FFF00520F336FE80123A8E70D09
:10AC300003A7070D798DBD8AE206C98E23A8D70C1C
:10AC4000D84385663D9BD8C3D843799BD8C39857D2
:10AC5000558F98D7D857B7060081FD16136707019F
:10AC6000D8D71377FC0303AC8703137C0CFC336C3D
:10AC7000EC0023AC8703985F758FD98D8CDF62540D
:10AC8000F250D2544259B259225A925A025BF24BB4
:10AC9000624CD24C424DB24D2161828097A7FE1F7B
:10ACA00023AE07AC6FF04FC197A7FE1F938787AD08
:10ACB00098435C4393E707105CC38280411106C64A
:10ACC0000128930560408922B240014541018280FC
:10ACD000011106CE9317450163D307025924894712
:10ACE00019C9834605001147B1476396E6009547A9
:10ACF0002300F500C947F2403E85056182802EC6DB
:10AD00004924C9476DD90347A500418B6DD7B2458A
:10AD10008347B500230AB50491E7E9472308F50006
:10AD20008147D1BFED47DDBF01114AC84EC652C4AD
:10AD300006CE22CC26CAAE89328A3689992479C1B8
:10AD4000631E0A008547238BF1860145F240624469
:10AD5000D2444249B249224A0561828003C76187D1
:10AD600085472A846315F700238B01868949B7E755
:10AD700000E084433707200023A0E718F98C0F1068
:10AD800000004165130545F5212C21CD8347A50021
:10AD90002315F50083278411A9E3232CA410232E67
:10ADA000A410930710F879192320050023164501F4
:10ADB000A304F500230435012322250183479402CF
:10ADC00085450145B395F500C205C181EFB0CFF8C7
:10ADD000B7E700E023A097108DBF8327C41188C375
:10ADE0007DBF9797FE1F9387E7789C5B91C795651A
:10ADF0009385555505458297B7E700E023A0971046
:10AE00001D45A9B7094599B76FC03FD1011106CEBD
:10AE10002AC6EFC0FF8309C9B245F24003450500C9
:10AE20004D4605616FC04FA0F240494505618280E3
:10AE300097A7FE1F9387C79C17A7FE1F1307C79BE3
:10AE40009C43184301456313F700828083D6670053
:10AE500081E683D6470036959C43F5B79797FE1F4A
:10AE6000938747718C431797FE1F0357E770411173
:10AE70001386052297A7FE1F23A4C798938785FFF3
:10AE8000BA97056597A6FE1F23A8F69606C61D0568
:10AE9000935637006374E500930600203307D6000D
:10AEA00017A5FE1F232CE59423A0E522E11623120B
:10AEB000D600231306001CC3998FE1172312F70055
:10AEC00023130700EFF0DFF6B2409797FE1F239A97
:10AED000A7644101828097A7FE1F9387679297A678
:10AEE000FE1F938666919C4390422A87B305B54026
:10AEF0006314F6003A8529A8938687009C43E3698A
:10AF0000D7FEE377F7FE2E85E3E4D5FEE3F2F5FE08
:10AF1000828083D705002300F50083D70500A18335
:10AF2000A300F50003D52500090542054181828073
:10AF3000011122CC2A84C84106CEAE86014719C52C
:10AF40002EC68D45EFF03FF9B2462A87228562442E
:10AF5000F2406D46970500009385E5FB05616FB0F3
:10AF60005FFB97A7FE1F9387E789BC4B9C5799E32C
:10AF70003E85828003D78701E30CA7FE9387870570
:10AF8000FDB797A7FE1F9387E78783A7870999E3F4
:10AF90003E85828003D78700E30CA7FE9C43C5BF94
:10AFA00097A7FE1F9387078683A7870AC166979591
:10AFB000FE1F83C5155D0147FD1603D6A700630973
:10AFC000A6006307D6000507C107E3D8E5FE814761
:10AFD0003E8582801797FE1F034777739547630B63
:10AFE000F7009797FE1F9387277283C777000D4757
:10AFF000631FF7009797FE1F83C797716397071426
:10B00000930770101797FE1F2314F77082800111A9
:10B010009797FE1F9387077F0D4526CA4AC806CE1D
:10B0200003A9070922CC4EC69794FE1F9384846D12
:10B03000EFD06F9A9840B7C7898E938767ED1CC78A
:10B04000B7575500938757555CC30347A903930728
:10B05000F00F6305F700FD57230DF9029799FE1FC6
:10B060009389096D03A709008547A30CF9025C4386
:10B070000145014693E717005CC3930720FB2303B8
:10B08000F9009D471797FE1FA303F7689797FE1FC8
:10B09000238C0766930550029797FE1F2388076647
:10B0A0001794FE1F1304046EEFC0BFF7184001454C
:10B0B0005C57F59B5CD783475900944013F7F7071B
:10B0C0009C4293F707F8D98F9CC29797FE1F83C7BE
:10B0D000E74F91C797A7FE1F938747858843EFB037
:10B0E000FF869840B70633001C4393F7F7CF1CC385
:10B0F0001C4393F7F7CF93E707201CC31C409847E6
:10B10000558F83A6090098C73707030013078715D3
:10B11000B8CA1797FE1FA30B075E1797FE1FA3055C
:10B12000075E054798C2D8431377F7EFD8C30100ED
:10B13000010018405C4393E707105CC3F24062448F
:10B14000D2444249B24905618280828011CE930780
:10B150000002918F635BF000B395C500B357F50013
:10B160003316C500DD8D32858280930506FE0146CB
:10B17000B315B5003285CDBF014863C6050E63DB4C
:10B1800006003306C040B337C000B306D0401348B2
:10B19000F8FF9D8EB6873283AA8EAE88639106181B
:10B1A00063FCC50C41676361E61EB7070001636578
:10B1B000F63693568601E14717370000130787C319
:10B1C000369703470700BA97130700021D8F19CB64
:10B1D000B395E500B357F5003313E600B3E8B700C5
:10B1E000B31EE50013560301B3D7C802931603013B
:10B1F000C18213D70E01B3F5C8023385F602C2052A
:10B20000B3E8E50063FAA8009A981387F7FF63E4B0
:10B21000680063E9A832BA87B388A840B3D5C802EA
:10B22000C20E93DE0E01B3F8C802B386B602C2089E
:10B23000B3E8D80163FBD8009A981387F5FF63E55C
:10B240006800F91563E3D800BA85139507014D8DA1
:10B250008145630908003305A040B337A000B3055A
:10B26000B0409D8D82803305A040B337A000B30568
:10B27000B0409D8D7D5821B701E605433353D3027D
:10B280004167636AE30EB7070001636BF3289356C7
:10B290008301E147173700001307C7B53697034707
:10B2A0000700BA97130700021D8F65EB931803017F
:10B2B000B3866540135F030193D80801854513D712
:10B2C0000E01B3D7E603B3F6E60333861703C206CF
:10B2D000558F637AC7001A979386F7FF63646700F8
:10B2E0006365C726B687118FB356E703C20E93DE98
:10B2F0000E013377E703B388160342073367D7019C
:10B30000637B17011A971386F6FF63656700F916CA
:10B3100063631701B28613950701558D1DBF63E165
:10B32000D504C16763E1F604B707000163E2F61EC6
:10B3300093D886016147973700009387A7ABC697DC
:10B3400003C30700930700023A93B3876740E9EB12
:10B3500063ECB61C3335C500134515008145D5BDDA
:10B3600081450145FDB59307F00F63F2D71C93D8D3
:10B3700086002147C9B71307F00F9A86E37C67F070
:10B3800093568300A14739B71307F00FB286E375D0
:10B39000C7E293568600A14705B53313E30033D6C1
:10B3A000F500135F0301335EE603B396E500B35780
:10B3B000F500DD8E9318030193D80801B31EE50054
:10B3C00093D50601B377E6033387C803C207CD8F51
:10B3D00063FBE7009A971306FEFF63E3671663F1CA
:10B3E000E716791E9A97998F33D6E70313970601CC
:10B3F0004183B3F7E7033385C80293960701D98EDB
:10B4000063FBA6009A969307F6FF63E7661263F55F
:10B41000A61279169A9693150E01898ED18D45B58F
:10B4200033576600B396F600D98EB3D8650013DFA4
:10B430000601B3DEE803139E060133536500135E75
:10B440000E01B395F500B365B30013D705013316AC
:10B45000F600B3F8E8033303DE03C20833E7E8007D
:10B46000637B670036979388FEFF6369D70C637729
:10B47000670CF91E3697330767403353E703C2055D
:10B48000C1813377E703B3086E024207D98D63FBAE
:10B490001501B6951307F3FF63EED50863FC150994
:10B4A0007913B695C20E416FB3EE6E001307FFFF1E
:10B4B000B3F6EE0013D30E01718F4182338EE60294
:10B4C000B3851541B386C60293580E013307E302D4
:10B4D000BA96C6963306C30263F3E6007A9613D390
:10B4E00006011A9663E2C5026385C500768581452B
:10B4F0008DB341677D17F98EC206337EEE00B31718
:10B50000F500F296E3F4D7FE1385FEFF814591B373
:10B5100093D80601414705B593560601C14769B95D
:10B5200093560301C147BDB3814505451DB3B68898
:10B53000014711B53A83BDB73E86F1BDC68E25BF22
:10B54000328E55B5F9179A98C1B9F9171A9761BB98
:10B55000B687B2882A832E88639D061463F9C50ACC
:10B560004167636EE61AB70700016363F6349356CA
:10B570008601E147173700001307C787369703474F
:10B580000700BA97130700021D8F19CB3398E50007
:10B59000B357F500B318E60033E807013313E500AD
:10B5A00013D608013355C80293960801C1829357F8
:10B5B00003013377C802B385A60242073368F70058
:10B5C000637AB80046989307F5FF636418016367D0
:10B5D000B8303E853308B8403357C802420313538E
:10B5E00003013378C802B386E60242083368680074
:10B5F000637BD80046989307F7FF636518017917B6
:10B600006363D8003E874205598D8145828001E6FB
:10B610000547B358C702416763EAE80EB707000160
:10B6200063ECF82893D68801E14717270000130739
:10B63000677C369783460700BE9693070002958F76
:10B64000E5EB939E08013387154113DF080193DE74
:10B650000E018545935703013355E7033377E7031D
:10B66000B306D5034207D98F63FAD700C6971307ED
:10B67000F5FF63E4170163E6D7263A85958F33D744
:10B68000E703420313530301B3F7E703B30ED703F2
:10B69000C207B3E7670063FBD701C6979306F7FFBE
:10B6A00063E51701791763E3D70136874205598DA2
:10B6B000828063E2D504C16763E2F604B707000144
:10B6C00063E4F61E13D7860161489727000093872D
:10B6D0006772BA9703C70700130E00024297330E32
:10B6E000EE40631A0E0C63EDB61C3335C5001345EE
:10B6F0001500814582808145014582809307F00FC6
:10B7000063F3D71C13D786002148C1B71307F00F86
:10B71000C686E37C17F193D68800A14739B7130793
:10B72000F00FB286E378C7E493568600A14799B537
:10B73000B398F80033D6D50013DF0801335EE60373
:10B740003397F500B356D500558F939E080193DECD
:10B750000E013313F50093550701B376E603B38763
:10B76000CE03C206CD8E63FBF600C6961306FEFF1F
:10B7700063E4161763F2F616791EC6969D8E33D6CD
:10B78000E60393170701C183B3F6E6033385CE02C0
:10B79000139706015D8F637BA70046979307F6FF1B
:10B7A000636817136376A7127916469793150E01EF
:10B7B000098FD18D45B5B357E600B396C601DD8E2E
:10B7C00033D3E50013DF0601B357E303939E06016D
:10B7D00093DE0E013398C5013357E5003368070146
:10B7E000935808013316C6013373E303B385FE0291
:10B7F0004203B368130163FBB800B6981387F7FFE1
:10B8000063EAD80C63F8B80CF917B698B388B84057
:10B8100033D7E803420813580801B3F8E803338329
:10B82000EE02C208B3E5080163FB6500B695130894
:10B83000F7FF63EDD50863FB65087917B695C20776
:10B84000416FD98F1307FFFFB3F6E70093D80701C5
:10B85000718F4182B38EE602B3856540B386C6021E
:10B8600013D80E013387E802BA96C2963386C8020F
:10B8700063F3E6007A9693D80601469663E2C50222
:10B880006385C5003E858145828041677D17F98EBD
:10B89000C206B3FEEE003315C501F696E374D5FE7D
:10B8A0001385F7FF8145828013D70601414831BDDA
:10B8B00093560601C1477DB993D60801C147B5B378
:10B8C0008145054582803687014801B5428785BF9D
:10B8D0003E86E9BDBA871DBF328E4DB579154698B3
:10B8E000D5B97915C69759BB01476314E6000145E0
:10B8F0008280B307E5000507B386E50083C707002C
:10B9000083C6F6FFE383D7FE3385D7408280B3C773
:10B91000A5008D8B3307C50081E78D4763EEC70017
:10B92000AA876370E50A83C6050085078505A38F8E
:10B93000D7FEE3EAE7FE828093763500AA8791CAB4
:10B9400083C6050085078505A38FD7FE93F63700CC
:10B95000FDB79376C7FF138606FE63F0C70683A381
:10B96000050083A2450083AF850003AFC50083AE09
:10B97000050103AE450103A3850183A8C501938595
:10B98000450223A0770003A8C5FF23A2570023A4E4
:10B99000F70123A6E70123A8D70123AAC70123ACF7
:10B9A000670023AE17019387470223AE07FF75B7E1
:10B9B00090419107910523AEC7FEE3EBD7FEE3E488
:10B9C000E7F6828039713EDA2ED232D436D63AD8B2
:10B9D00042DC46DE9387818122CC804326CA06CE94
:10B9E000AA8409C41C4C99E32285412B0C445410B1
:10B9F0002686228536C6EF00D01EF2406244D2442D
:10BA00002161828001119387818122CC804306CEFF
:10BA1000AA8519C41C4C89E72AC62285B92BB245D0
:10BA2000104422856244F24005616F10C00001118C
:10BA300026CA4AC806CE22CC4EC652C4AA842E8933
:10BA400001C51C4D91E3152B9C4C804499E3268540
:10BA50002D23972700009387E74B631CF402C04017
:10BA60008357C400A18BB1C71C48A1C7FD59294AFF
:10BA70001C4483450900FD17B1E91CC463DE0706B9
:10BA80002286A9452685F120FD576308F502294540
:10BA900035A0972700009387E7496314F40080449A
:10BAA000C1B7972700009387E744E31BF4FAC0442B
:10BAB00045BFA2852685B12A55D97D55F2406244FD
:10BAC000D2444249B249224A056182801CC4050918
:10BAD00063D70700184C63CBE700638945011C401E
:10BAE0001387170018C02380B70059B72286268510
:10BAF0008D20E31F35F7D1B71C401387170018C0FE
:10BB000029472380E70061B793878181AA8588430D
:10BB10006FF0FFF1AA87850703C7F7FF6DFF338535
:10BB2000A7407D15828005C67D160147B307E50055
:10BB3000B386E50083C7070083C606006396D70077
:10BB40006304C7000507FDF33385D74082800145B4
:10BB50008280011122CC26CA4AC806CE4EC6AA84CB
:10BB60002E89328401C51C4D91E3012997270000DD
:10BB70009387473A6319F406C0401C4C1CC4835792
:10BB8000C400A18BC9C31C48BDCF1C480840937991
:10BB9000F90F1379F90F1D8D5C486346F500A285F6
:10BBA0002685652C2DE51C440505FD171CC41C408D
:10BBB0001387170018C0238037015C486389A700EA
:10BBC0008357C400858B81CBA9476316F900A285F2
:10BBD000268561240DEDF24062444A85D2444249F3
:10BBE000B24905618280972700009387A7346314C8
:10BBF000F400804459B7972700009387A72FE31ECE
:10BC0000F4F6C0449DBFA285268521203DDD7D59E7
:10BC1000D9B741119387818126C2844322C44AC087
:10BC200006C62A892E8489C49C4C99E32685B126B0
:10BC3000972700009387072E631CF402C040031768
:10BC4000C40093170701C18393F68700B5EE93F6FE
:10BC500007019DEEA5472320F9001367070423166B
:10BC6000E4007D55B2402244924402494101828061
:10BC7000972700009387072C6314F4008044C1B712
:10BC80009727000093870727E31BF4FAC04445BFBA
:10BC9000918B8DC74C5889C9930744046384F50080
:10BCA0004A85892B232A04028357C40023220400D7
:10BCB00093F7B7FD2316F4001C481CC08357C4003B
:10BCC00093E787002316F4001C4881EF8357C400D4
:10BCD0001307002093F707286385E700A2854A85AC
:10BCE00095298357C40013F7170005C75C48232420
:10BCF0000400B307F0401CCC1C480145A5F783178E
:10BD0000C40013F7070839DF93E707042316F4008C
:10BD100089BF898B014791E3584818C4F1BF83D785
:10BD2000C500011122CC26CA06CE4AC84EC613F75A
:10BD30008700AA842E8471EFD841634DE000B8419A
:10BD4000634AE0000145F2406244D2444249B249AC
:10BD50000561828058547DD703A90400939637016A
:10BD600023A0040063DD060670488357C400918B4E
:10BD700099C75C401D8E5C5899C33C401D8E5C5435
:10BD80000C50814626858297FD570357C400631DDA
:10BD9000F5009440F54763E8D706B70740208507CC
:10BDA000B3D7D700858BA5C31C48232204001CC031
:10BDB0009317370163D80700FD576314F5009C40C3
:10BDC00091E368C84C5823A02401ADDD93074404D7
:10BDD0006384F50026853929232A0402A5B70C506F
:10BDE0000146854626850297FD572A86E31FF5F60C
:10BDF0009C40A5DF75476385E70059476394E704D6
:10BE000023A0240181B7136707042316E4007D559E
:10BE10001DBF83A90501E38709F203A905008D8BE6
:10BE200023A0350133093941014791E3D84918C4AA
:10BE3000E35A20F11C540C50CA864E862685829700
:10BE40006349A0008357C40093E707042316F40056
:10BE50007DBFAA993309A940E1BF9C49A5C301113F
:10BE600022CC06CE2A8411C51C4D81E72EC6312274
:10BE7000B245972700009387E709639CF5004C4083
:10BE80008397C5009DC722856244F24005616FF02B
:10BE90001FE9972700009387E7096394F5000C4496
:10BEA000C5B7972700009387E704E39BF5FC4C4454
:10BEB000C1BFF24062440145056182800145828034
:10BEC000411122C406C62A842316B5002317C500D3
:10BED0002320050023220500232405002322050634
:10BEE00023280500232A0500232C0500214681452F
:10BEF0001305C505EF50FEB997170000938767BF7C
:10BF00005CD0971700009387C7C11CD49717000017
:10BF1000938707C65CD4971700009387C7C800D0E3
:10BF20001CD8B240224441018280970500009385CD
:10BF300005F3B1AA411126C2130680069384F5FFCA
:10BF4000B384C4024AC02E8922C406C6938544071E
:10BF5000B1262A8401CD23200500232225013105A5
:10BF600008C4138684068145EF50BEB22285B240D4
:10BF7000224492440249410182801C4DB5E741119F
:10BF800006C622C497070000938767FA1CD5972737
:10BF90000000938727029C432324050423260504DD
:10BFA000232805046314F50085471CCD2A84352811
:10BFB00048C022851D2808C42285052848C4484059
:10BFC00001469145EFF0DFEF08440546A545EFF047
:10BFD0003FEF48440946C945EFF09FEE85471CCC2A
:10BFE000B2402244410182808280411197270000A3
:10BFF000938747FC26C284434AC006C69C4C22C491
:10C000002A8981E72685EFF05FF7938484048044D2
:10C01000DC40FD1763D607009C40B9CF8440C5BF04
:10C020000317C40039E7C1778507232204062320BC
:10C03000040023220400232404005CC423280400F9
:10C04000232A0400232C0400214681451305C4053E
:10C05000EF503EA4232A0402232C040223240404C8
:10C06000232604042285B24022449244024941011D
:10C0700082801304840671BF91454A85EFF09FEBDF
:10C0800088C049FDB1472320F9000144E1BF79711F
:10C0900022D44AD052CC56CA5AC85EC606D626D238
:10C0A0004ECE2A8AAE8A130485040149054BFD5BF6
:10C0B00009ECB25022544A8592540259F249624A1C
:10C0C000D24A424BB24B45618280044483294400EA
:10C0D000FD1963D409000040E1BF83D7C400637B2E
:10C0E000FB008397E40063877701A6855285829AD7
:10C0F0003369A90093848406E1BF1971A6DAAE847E
:10C100008395E500A2DC86DE328463DC050083D7FC
:10C11000C40023A0060093F7070885E793070040B3
:10C120001DA0300836C6EF00902EB246E34105FE52
:10C130007247BD67F98F7977BA9793B717009CC29A
:10C14000F1BF930700041CC0F6506654D654014555
:10C150000961828083D7C500011122CC06CE26CA90
:10C160004AC8898B2E8489CF930774041CC01CC8CD
:10C1700085475CC8F2406244D244424905618280EE
:10C1800074003000AA84EFF05FF7A2452A89268563
:10C19000312201ED8317C40013F7072061FFF19BE3
:10C1A00093E727002316F400C1B797070000938791
:10C1B00007D89CD48357C40008C008C893E7070871
:10C1C0002316F400A2475CC8B24791CF8315E40060
:10C1D0002685EF00F02601C98357C400F19B93E741
:10C1E00017002316F4008357C4003369F90023169F
:10C1F000240149B7DDC183A7C5FF411122C406C68A
:10C2000026C21384C5FF63D307003E94AA84EF00BF
:10C21000102B938781879C4381EF2322040023AC5A
:10C2200081862244B2402685924441016F00502904
:10C23000637EF40014403307D4006396E70098430C
:10C24000DC43369718C05CC0D9BFBA87D84319C33E
:10C25000E37DE4FE94433386D700631F86001040DD
:10C26000B29694C33386D700E31DC7FA10435843F0
:10C27000B29694C3D8C375B76375C400B1479CC068
:10C280004DB71040B306C4006316D700144358439B
:10C29000B29614C058C0C0C369B78280011126CAC3
:10C2A00093843500F19806CE22CC4AC84EC6A1042C
:10C2B000B14763F5F404B14463E4B4042A89EF00A0
:10C2C00010209387818798433A8429E49387C18714
:10C2D0009C4399E781454A85EF00407E23AEA186C5
:10C2E000A6854A85EF00807DFD5963193507B14762
:10C2F0002320F9004A85EF00B01C29A0E3DE04FAF0
:10C30000B1471CC10145F2406244D2444249B2499E
:10C31000056182801C40858F63CF0702AD4663F6BE
:10C32000F6001CC03E9404C031A05C406313870239
:10C3300023ACF1864A85EF00B0181305B4009307CB
:10C34000440061993307F5405DDF3A94898F1CC042
:10C350005DBF5CC3C5B72287404085BF130435006D
:10C360007198E30285FCB305A4404A85812FE31C44
:10C3700035FBB5BF1C46FD171CC663DA0700184E17
:10C3800063C5E700A9476394F5006FF08FFC1C427A
:10C390002E851387170018C22380B70082800111F1
:10C3A00022CC26CA4AC84EC652C406CE2A89AE89B5
:10C3B0003284B304D6007D5A63149400014511A859
:10C3C000834504004E864A85EFF0DFFA0504E31545
:10C3D00045FFF2406244D2444249B249224A0561D3
:10C3E0008280357122CD26CB4AC94EC706CF52C5B1
:10C3F00056C35AC1DEDEE2DCE6DAAA89AE843289AF
:10C40000368409C51C4D99E3EFF03FB7972700002C
:10C41000938747B0639DF40C83A4490083D7C4007D
:10C42000A18BE5CB9C48F5C793070002A304F1025A
:10C430009307000302D22305F10222C6930B500298
:10C44000972A0000938A0AB1054C294B4A848347F6
:10C45000040099C36392770FB30C2441638E0C00E0
:10C46000E6864A86A6854E85EFF07FF3FD57630783
:10C47000F51E9256E69636D2834704006380071E67
:10C48000FD571309140002C802CE3ECA02CCA3090C
:10C49000010482D48345090015465685EF009000BB
:10C4A00013041900C24759E913F7070109C7130715
:10C4B0000002A309E10413F7870009C71307B002BC
:10C4C000A309E104834609001307A0026380E6087C
:10C4D000F2474A8481462546034704009305140029
:10C4E000130707FD6379E60AB5CA3ECE85A89727EC
:10C4F0000000938727A46395F40083A4890039BFC3
:10C50000972700009387079FE39AF4F083A4C9005C
:10C5100031B7A6854E85EFF0CFEF19D57D55FA409E
:10C520006A44DA444A49BA492A4A9A4A0A4BF65BAB
:10C53000665CD65C0D618280050411BF33055541F0
:10C540003315AC00C98F3EC82289A9B7324793067C
:10C550004700184336C6634907023ACE0347040032
:10C560009307E002631FF704034714009307A00238
:10C57000631BF702B2470904138747009C433AC67E
:10C5800063C107023ECA35A83307E04093E727009E
:10C590003ACE3EC8E1B7B387670385462E84BA9783
:10C5A00025BFFD57C5B7050402CA81468147254608
:10C5B0000347040093051400130707FD6376E6069E
:10C5C000F1F2834504000D46172500001305059977
:10C5D000D12D11CD97270000938747981D8D930784
:10C5E0000004B397A700424505045D8D2AC8834522
:10C5F0000400194617250000130585961309140039
:10C600002304B10245253DC19747FEFF9387879FCD
:10C6100095E74247B2471377071009CF91073EC607
:10C620009257D2973ED21DB5B387670385462E84B5
:10C63000BA97BDBF9D07E19BA107D5B778009706C4
:10C640000000938606D626860C084E8597000000CB
:10C65000E7000000FD572A8AE314F5FC83D7C400E5
:10C6600093F70704E39C07EA125555BD7800970637
:10C670000000938606D326860C084E85012AD9BF72
:10C68000797156CA9C49BA8A984522D426D24ECE90
:10C6900052CC06D64AD05AC85EC6AA892E84B28425
:10C6A000368A63D3E700BA879CC00347340419C3B2
:10C6B00085079CC01C4093F7070281C79C408907EF
:10C6C0009CC00329040013796900631A0900130B45
:10C6D0009401FD5B5C449840998F634CF9041C40C5
:10C6E0008346340493F70702B336D000A5EB130654
:10C6F0003404D2854E85829AFD576303F5041C40AD
:10C7000011469840998B544481446397C700B38481
:10C71000E64063D3040081441C4418486354F70086
:10C72000998FBE94014969047D5B63982405014596
:10C7300009A885465A86D2854E85829A631E750160
:10C740007D55B250225492540259F249624AD24A5B
:10C75000424BB24B456182800509ADBF3307D4001F
:10C7600013060003A301C70403475404938716006C
:10C77000A2978906A381E7049DBF85462286D285BC
:10C780004E85829AE30E65FB050945B7797122D47F
:10C7900026D24AD04ECE06D652CC56CA5AC8B689F0
:10C7A00083C68501930790063289AA842E84138656
:10C7B0003504638DF60263E2D7069307800563882C
:10C7C000F61863EDD7006381062293073004638E69
:10C7D000F60A930A24042301D404C9A0930730065F
:10C7E0006385F60A93074006E395F6FE1C4008436E
:10C7F00093F6070893054500C5C61C410CC363D8D2
:10C8000007001307D002B307F040A301E404971612
:10C8100000009386667529476DA893070007638417
:10C82000F61663E5D7029307E006638BF6189307C5
:10C83000F006E390F6FA0C401C4313F80508138544
:10C8400047006307080608C39C438DA89307500759
:10C85000E383F6FE93078007638BF6129307300796
:10C86000E399F6F61C43D04181459386470014C3F3
:10C8700083AA070056853D2101C53305554148C0AF
:10C880005C401CC8A301040471A81C43930A24043F
:10C89000938647009C4314C32301F4048547D5B70E
:10C8A00093F607041C410CC3B9DAC207C18781BFE4
:10C8B00093F5050408C3C9D983D707001307F00609
:10C8C0006388E60E971600009386066A2947A3013F
:10C8D00004044C400CC463C5050008406D9908C0B1
:10C8E00099E3B28A91CDB28AB3F5E702FD1AB69503
:10C8F00083C505002380BA00B3D5E70263F0E70CD7
:10C90000A147631EF7001C40858B91CB58401C4803
:10C9100063C7E70093070003A38FFAFEFD1A3306EF
:10C92000564110C84E87CA867000A2852685EFF052
:10C930003FD57D5A631E450B7D55B250225492540B
:10C940000259F249624AD24A424B45618280A3822F
:10C95000D50497160000938626610C40084313F80F
:10C9600005081C411105630D080208C313F71500E3
:10C9700001C793E505020CC04147B1FB0C4093F59C
:10C98000F5FD0CC0A9B79C4193E707029CC1930732
:10C990008007A302F404971600009386265E75BFF5
:10C9A00013F8050408C3E30308FCC207C1837DBF75
:10C9B000971600009386465B214711BFAE872DB7BF
:10C9C00094411C43CC4913F80608138547006306BD
:10C9D000080008C39C438CC301A808C393F606044F
:10C9E0009C43F5DA2390B70023280400B28A1DBFC8
:10C9F00014485686CA8526858299E30F45F31C4064
:10CA0000898B8DE7B2474844E359F5F23E8535B747
:10CA100085465686CA8526858299E30F65F1050A03
:10CA20005C443247998FE345FAFEE9BF014A930A15
:10CA300094017D5BF5B7011122CC06CE2A8409C989
:10CA40001C4D99E732C62EC4EFF02FD33246A245D3
:10CA5000971700009387074C6316F60250401C4658
:10CA6000FD171CC663D00704184E63C7E70093F791
:10CA7000F50F29476398E70222856244F240056179
:10CA80006FF02F8D971700009387C74A6314F60045
:10CA90001044F1B7971700009387C745E311F6FCE0
:10CAA000504475BF1C4213F5F50F1387170018C2C9
:10CAB0002380B700F240624405618280411122C4A4
:10CAC0002A842E859787FE1F23A407E606C6EF500B
:10CAD0003EDCFD576319F5009787FE1F938747E5F6
:10CAE0009C4391C31CC0B240224441018280411149
:10CAF00022C42E848395E50006C6E1226349050021
:10CB00007C48AA977CC8B240224441018280835766
:10CB1000C4007D777D17F98F2316F400EDB783D716
:10CB2000C500011122CC26CA4AC84EC606CE93F7CC
:10CB30000710AA842E843289B68991C78395E500AF
:10CB40008946014635228357C4007D777D17F98FCA
:10CB50002316F4008315E4006244F240CE864A8630
:10CB6000B24942492685D24405613DA8411122C4FB
:10CB70002E848395E50006C6E528FD570357C400BB
:10CB8000631BF500FD77FD17F98F2316F400B24003
:10CB90002244410182808567D98F2316F40068C83A
:10CBA000FDB78395E50025A8411122C42A842E856E
:10CBB000B28536869787FE1F23AC07D606C6EF5090
:10CBC000BECAFD576319F5009787FE1F938747D6A6
:10CBD0009C4391C31CC0B240224441018280411158
:10CBE00022C42A842E859787FE1F23A307D406C656
:10CBF0001922FD576319F5009787FE1F938747D3C6
:10CC00009C4391C31CC0B240224441018280411127
:10CC100022C42A842E85B2859787FE1F23AA07D0B7
:10CC200006C6D520FD576319F5009787FE1F938729
:10CC300027D09C4391C31CC0B24022444101828052
:10CC4000411122C42A842E859787FE1F23A207CE76
:10CC500006C6D120FD576319F5009787FE1F9387FD
:10CC600027CD9C4391C31CC0B24022444101828025
:10CC7000411122C42A842E85B28536869787FE1FED
:10CC800023A807CA06C64520FD576319F5009787F4
:10CC9000FE1F9387E7C99C4391C31CC0B240224446
:10CCA0004101828093F5F50F2A966314C500014572
:10CCB000828083470500E38DB7FE0505FDB78280BE
:10CCC0008280411122C42A842E85B28536869787B8
:10CCD000FE1F23AF07C406C6B928FD576319F50028
:10CCE0009787FE1F9387C7C49C4391C31CC0B24063
:10CCF000224441018280930780051787FE1F232964
:10CD0000F7C27D558280930780051787FE1F232178
:10CD1000F7C27D558280930780051787FE1F232960
:10CD2000F7C001458280930780051787FE1F2321E6
:10CD3000F7C07D558280930780051787FE1F232942
:10CD4000F7BE7D5582800000696436340100000022
:10CD500069643601085AFEFF305AFEFF585AFEFF3A
:10CD6000705AFEFF8A5AFEFF43483539785F424CBD
:10CD7000455F4C49425F56312E340000686561645E
:10CD80002066696C65206572726F722E2E2E00000F
:10CD90004C494220696E6974206572726F7220631B
:10CDA0006F64653A202578202E2E2E0A00000000A0
:10CDB0002A20000052616E204F7574206F66205249
:10CDC000657472616E736D69740000006170705FEC
:10CDD0006E6F6465735B315D204144445220257859
:10CDE000000000007472616E73206661696C656496
:10CDF0002025640044656C657465206E6F64652051
:10CE00006661696C656420006C696E6B5F6F70654C
:10CE10006E0000006C696E6B5F636C6F7365000081
:10CE20006E6F64655F776F726B5F68616E646C656F
:10CE3000720000006E6F64655F6366675F70726F9B
:10CE400063657373000000006E6F64655F727370DA
:10CE5000000000006C6F63616C5F72737000000013
:10CE60006E6F64655F737461676500006C6F63610A
:10CE70006C5F73746167650070726F765F636F6D6E
:10CE8000706C657465000000756E70726F765F720D
:10CE9000656376006E6F64655F616464656400005D
:10CEA0006366675F636C695F7273705F68616E640D
:10CEB0006C65720076656E646F725F6D6F64656C31
:10CEC0005F636C695F7273705F68616E646C6572DA
:10CED000000000006B6579507265737300000000FC
:10CEE000626C656D6573685F6F6E5F73796E63000A
:10CEF0004170705F50726F636573734576656E74D1
:10CF000000000000D7070000000000000100000042
:10CF1000081A0020102E0020000000000000000071
:10CF20000000000000000000000000000000000001
:10CF300000000000000000000000000000000000F1
:10CF40008E3A000000000000A62F00003E3A0000CC
:10CF5000243500000C360000000000004D45534809
:10CF60005F4C49425F56312E37000000556E6162BA
:10CF70006C652073657420636F6E66696775726196
:10CF800074696F6E20286572723A2564290000006A
:10CF9000496E697469616C697A696E67206D657341
:10CFA00068206661696C656420286572722025645A
:10CFB00029000000426C7565746F6F746820696E9B
:10CFC000697469616C697A65640000004D65736815
:10CFD000206E6574776F726B20726573746F726503
:10CFE000642066726F6D20666C61736800000000DB
:10CFF00053656C6620507269766973696F6E696EED
:10D000006720286572722025642900004D657368C9
:10D0100020696E697469616C697A6564000000005A
:10D020006E6F646520726573657420636F6D706CDC
:10D0300065746500556E61626C652066696E64207A
:10D04000556E626C6F636B6564204E6F64650000A3
:10D050004F70636F6465203078253034782C2074ED
:10D06000696D656F757400006E6F6465315F616432
:10D07000647220257800000064656C657465206624
:10D0800061696C656420256400000000726561734D
:10D090006F6E2025780000006C6F63616C2041701A
:10D0A000706C69636174696F6E204B6579204164AF
:10D0B000646564006C6F63616C2076656E646F728A
:10D0C000204D6F64656C2042696E646564000000E9
:10D0D0004E6F2046726565204E6F6465204F626A10
:10D0E00065637420417661696C61626C6500000063
:10D0F0004150505F4442472025733E20000000000D
:10D100006E6F6465204170706C69636174696F6EE5
:10D11000204B657920416464656400006E6F64652E
:10D120002076656E646F72204D6F64656C20426975
:10D130006E646564000000006E6F64652076656E45
:10D14000646F72204D6F64656C20537562736372F7
:10D15000697074696F6E205365740000556E6B6E54
:10D160006F776E204F70636F6465202830782530AC
:10D1700034782900556E61626C6520746F2061649B
:10D1800064696E67204170706C69636174696F6E69
:10D19000206B6579202865727220256429000000C3
:10D1A000556E61626C6520746F2042696E64696EB1
:10D1B000672076656E646F72204D6F64656C202801
:10D1C0006572722025642900556E61626C65207459
:10D1D0006F205365742076656E646F72204D6F64A6
:10D1E000656C20537562736372697074696F6E2029
:10D1F000286572722025642900000000556E616266
:10D200006C656420456E61626C652050726F766952
:10D21000736F6E657220286572723A25642900006A
:10D22000556E61626C6520616C6C6F636174652022
:10D230006E6F6465206F626A6563740000234567E2
:10D2400089ABCDEF0023456789ABCDEF0023456760
:10D2500089ABCDEF0023456789ABCDEF0023456750
:10D2600089ABCDEF0023456789ABCDEF556E616289
:10D270006C65204F70656E2050422D4144562053FE
:10D28000657373696F6E20286572723A2564290090
:10D2900054696D656F7574206F70636F64652030BD
:10D2A00078253032780000007472616E73206C65EE
:10D2B0006E2025642C206461746120307825303222
:10D2C000782066726F6D2030782530347800000049
:10D2D00044656C657465206E6F64652061636B20C6
:10D2E00064617461206572722100000044656C65A0
:10D2F0007465206E6F646520636F6D706C65746516
:10D3000000000000696E64206C656E2025642C208E
:10D3100064617461203078253032782066726F6DD8
:10D320002030782530347800556E6B6E6F77206F23
:10D3300070636F646520307825303278000000001B
:10D340006D65736820686561642066696C65206539
:10D3500072726F722E2E2E000C3E0000283E0000CE
:10D36000E63D0000E23D0000030400100000000064
:10D370000A28006000010605140103DD080102000F
:10D38000C00002003C003C000200020401041E0038
:10D3900002000000500000002C01000064000A00A0
:10D3A00028000000D6BE898E2526270076656E648B
:10D3B0006F725F6D6573736167655F636C695F61F1
:10D3C000636B000076656E646F725F6D6573736189
:10D3D00067655F636C695F696E64000076656E64A3
:10D3E0006F725F6D6573736167655F636C695F63BF
:10D3F000666D000076656E646F725F6D6573736154
:10D4000067655F636C695F73656E645F7472616E9C
:10D41000730000006164765F636C695F7472616EB3
:10D42000735F73656E64000077726974655F73740F
:10D430006172740077726974655F656E64000000E4
:10D440006164765F636C695F77726974655F736549
:10D450006E6400004E554C4C206275660000000062
:10D46000556E61626C652073656E64206D6F6465D6
:10D470006C206D65737361676520286572723A254B
:10D4800064290000746964203078253032782000E7
:10D49000236D6573682D6F6E6F666620535441541B
:10D4A00055533A2073656E642073746174757320EC
:10D4B0006661696C65643A20256400007372633AA2
:10D4C00020307825303478206473743A2030782501
:10D4D00030347820746964203078253032782072B6
:10D4E0007373693A202564007372633A203078259B
:10D4F000303478206473743A2030782530347820C2
:10D50000727373693A202564206170705F69647872
:10D510003A203078257800004E6F20656E6F756771
:10D52000682073706163652100000000D707CF0099
:10D53000000000005C3E0000D707CE0000000000A5
:10D54000703F0000D707CB0000000000EE43000052
:10D550000000000000000000000000007772697405
:10D56000655F656E6420286572723A256429000043
:10D57000556E61626C652073656E6420696E6469C6
:10D580006361746520286572723A25642900000081
:10D59000E6460000784B0000DB2A0000DC2A000091
:10D5A00002000000A8D5010027180000DD2A0000B5
:10D5B000DE2A000002000000BCD50100281800008F
:10D5C000292A2B244D4553485F4C49425F56312E42
:10D5D0003739000000000000705C0000585C00005B
:10D5E00000000000ECD5010000000000DA6100003E
:10D5F000AA610000B8610000000000000000000007
:10D600001866000000000000020000000F0000008B
:10D610006A7000000B8000000100000046700000EE
:10D620000E80000001000000227000001180000048
:10D6300001000000FE6F00001480000001000000E7
:10D64000DA6F00002880000002000000826F0000F6
:10D650004480000003000000466F000003800000CB
:10D66000040000009A7000003E80000007000000E7
:10D67000206F0000198000000C000000AC6E00005C
:10D680001F80000007000000886E00003C80000042
:10D6900009000000D86D0000060000000A0000002C
:10D6A0006A6D00002E80000005000000186D00006B
:10D6B0002580000001000000E26C00004A800000AC
:10D6C00000000000B66C000048800000040000006C
:10D6D0006C6C00001780000004000000246C000047
:10D6E0004C80000005000000706B00004E800000C0
:10D6F00007000000B86A000002800000030000007C
:10D70000166A00002A80000005000000626900001F
:10D710002C80000007000000AA6800000000000044
:10D7200000000000000000000000000000000000F9
:10D73000F47B0000000000000880000001000000F1
:10D74000788300000000000013000000A69B00008A
:10D7500001000000130000001E9B0000008000007C
:10D76000030000007E9C0000018000000200000019
:10D770001699000009800000000000005E8E000085
:10D780000A80000001000000D28D00000C80000023
:10D7900000000000309000000D800000010000003B
:10D7A000AA8F00001280000000000000028F00001D
:10D7B00013800000010000001A8F00002380000089
:10D7C00000000000288C0000248000000100000000
:10D7D000B88B00002680000000000000628D000071
:10D7E0002780000002000000B48C000018800000B8
:10D7F00004000000F8820000030000000B0000009D
:10D800001A9400001A800000180000001C93000009
:10D810001B800000060000002A810000208000001C
:10D8200014000000668600001C8000000600000056
:10D8300052800000218000001400000026850000B6
:10D840001E800000060000000C97000022800000EF
:10D85000140000001C9600001D8000000400000061
:10D860006E9500002980000004000000DC7A0000B2
:10D870002B80000006000000A2790000408000001C
:10D8800012000000B4780000458000001200000083
:10D89000D47700004180000002000000C09D00001D
:10D8A00042800000000000007298000046800000E6
:10D8B000020000009A720000478000000300000090
:10D8C000087700003D80000006000000487F00004F
:10D8D0003F80000006000000309200004B800000F6
:10D8E00004000000147E00004D80000006000000CF
:10D8F000147E000049800000000000001276000045
:10D900000F80000000000000EC710000108000009B
:10D91000010000004C7D00002D800000020000008E
:10D9200060750000158000000200000054720000C5
:10D9300016800000030000008274000038800000A0
:10D9400000000000D87300003980000009000000CA
:10D95000DA8700003A80000000000000E48900003F
:10D960003B80000005000000FC8900000000000072
:10D97000000000000000000092870000000000008E
:10D980006964313238010000736D6B3200000000B1
:10D99000736D6B3300000000736D6B34000000008A
:10D9A0007072636B00000000767461640000000018
:10D9B0000091E3720796E4750E9FED7C0998EA7B6F
:10D9C0001C8DFF6E1B8AF8691283F1601584F6675F
:10D9D00038A9DB4A3FAEDC4D36A7D54431A0D2434F
:10D9E00024B5C75623B2C0512ABBC9582DBCCE5F3F
:10D9F00070E1930277E694057EEF9D0C79E89A0B2F
:10DA00006CFD8F1E6BFA881962F3811065F486171E
:10DA100048D9AB3A4FDEAC3D46D7A53441D0A2330E
:10DA200054C5B72653C2B0215ACBB9285DCCBE2FFE
:10DA3000E0710392E7760495EE7F0D9CE9780A9BEE
:10DA4000FC6D1F8EFB6A1889F2631180F5641687DE
:10DA5000D8493BAADF4E3CADD64735A4D14032A3CE
:10DA6000C45527B6C35220B1CA5B29B8CD5C2EBFBE
:10DA7000900173E2970674E59E0F7DEC99087AEBAE
:10DA80008C1D6FFE8B1A68F9821361F0851466F79E
:10DA9000A8394BDAAF3E4CDDA63745D4A13042D38E
:10DAA000B42557C6B32250C1BA2B59C8BD2C5ECF7E
:10DAB000000000000000000024BE00000000000084
:10DAC0000500000003000000E6BE000004000000A6
:10DAD00003000000E8BD00003780000001000000E6
:10DAE000B0BE000007800000010000007CBE000006
:10DAF0000000000000000000000000000000000026
:10DB000000000000ECC100000000000031800000B7
:10DB100002000000AAC100002F80000002000000E7
:10DB20005AC1000030800000020000007AC00000EE
:10DB3000328000000300000012C1000033800000AA
:10DB40000300000042C0000034800000000000001C
:10DB500036C0000035800000010000001EC000003B
:10DB600036800000010000004EBF0000048000006D
:10DB700000000000CCBF0000058000000100000094
:10DB80006CC30000068000000100000054C30000C8
:10DB90000000000000000000000000000000000085
:10DBA000EAC7000076C70000000000006E6B626BE1
:10DBB000000000006E6B696B000000002F4E6F6468
:10DBC000652F25780000000000070E091C1B1215A8
:10DBD000383F363124232A2D2F566E642F25782F77
:10DBE000257300002F5369672F25782F25730000B8
:10DBF0006461746100000000C4DC0100EEE3000019
:10DC0000C8DC010052E40000CCDC010020E300008D
:10DC1000D0DC0100D8E90000D4DC010018E90000E4
:10DC2000DCDC010068E80000E4DC01009EE00000AC
:10DC3000ECDC0100D4E20000F0DC010034F700006D
:10DC4000F4DC01001EF70000F8DC0100E6E700004C
:10DC5000FCDC010072E70000E401010000000000AC
:10DC6000C4000100000000002F4170704B65792F47
:10DC7000257800002F4E65744B65792F25780000BC
:10DC80002F4E6574000000002F4956002F53657118
:10DC9000000000002F484250756200002F43666765
:10DCA000000000002F56612F2578000062696E6425
:10DCB0000000000073756200707562002F52504CB6
:10DCC0002F2578004E657400495600005365710099
:10DCD00052504C004E65744B657900004170704B9A
:10DCE0006579000048425075620000004366670095
:10DCF00053696700566E6400566100004E6F64659C
:10DD000000000000010204081000000001020408E5
:10DD1000DC080100000000000A00000064000000B0
:10DD2000E803000010270000A086010040420F0019
:10DD30008096980000E1F5054E21010001030000E6
:10DD40006E1D01000100000022160100010000000C
:10DD5000BC120100000000007072736B0000000034
:10DD60007072736E000000007072646B000000003F
:10DD7000260D010001000000BC1E01000B00000088
:10DD8000321E010005000000301B010040000000B1
:10DD9000021B010000000000CE1A0100100000006C
:10DDA00062180100100000000417010021000000AB
:10DDB0001A230100000000004E22010001000000B3
:10DDC000563201004832010000000000000000004F
:10DDD000000000000000008743483539785F424C5E
:10DDE000455F4C49425F56312E342E34000000000E
:10DDF00000010202030303030404040404040404F2
:10DE000005050505050505050505050505050505C2
:10DE100006060606060606060606060606060606A2
:10DE20000606060606060606060606060606060692
:10DE30000707070707070707070707070707070772
:10DE40000707070707070707070707070707070762
:10DE50000707070707070707070707070707070752
:10DE60000707070707070707070707070707070742
:10DE70000808080808080808080808080808080822
:10DE80000808080808080808080808080808080812
:10DE90000808080808080808080808080808080802
:10DEA00008080808080808080808080808080808F2
:10DEB00008080808080808080808080808080808E2
:10DEC00008080808080808080808080808080808D2
:10DED00008080808080808080808080808080808C2
:10DEE00008080808080808080808080808080808B2
:10DEF0000000000000000000000000000000000022
:10DF00000000000000000000000000000000000011
:10DF10000000000000000000000000000000000001
:10DF200000000000000000000000000000000000F1
:10DF300000000000000000000000000000000000E1
:10DF400000000000000000000000000000000000D1
:10DF5000232D302B20000000686C4C00656667455F
:10DF60004647000030313233343536373839414294
:10DF700043444546000000003031323334353637F3
:10DF80003839616263646566000000008E3300000A
:10DF90009C3900009C2E00009E320000BA41000017
:10DFA0006241000003280000022900000028000050
:04DFB000F41C00203D
:10DFB400502E002000000C00502E00200000000015
:10DFC400C82F000000000000000000000000000056
:10DFD400000000000000000000000000000000003D
:10DFE400000000000000000000000000000000002D
:10DFF400070107010000030000000000000000000A
:10E00400000000000000000000000000000000000C
:10E0140000000000000000000000000000000000FC
:10E0240000000000000000000000000000000000EC
:10E0340000000000000000000000000003010000D8
:10E044004C1A0020D01A002000000000000000003C
:10E054000000000000000000801900200000000003
:10E0640000000000000000000000000000000000AC
:10E07400000000000000000000000000000000009C
:10E084000000000000000000601D0020042E00209D
:10E0940038D7010028D70100B8190020010000007A
:10E0A40000000000000000005C1D0020F82D00208E
:10E0B40000000000000000008C1900200200000095
:10E0C40000000000181A0020641D0020442E0020C7
:10E0D4000CDB0100FCDA0100202E00205C2E002065
:10E0E400000041005C2E0020000000000000000041
:10E0F40000000000FF000000FF000000C43000002A
:10E104000100D7070000000000000000681D002087
:10E11400A02E00202CD5010000000000B81A002019
:10E1240000000000000000000000000000000000EB
:10E13400000000000000000000000000AC3E0020D1
:10E1440000000000000000000000000000000000CB
:10E15400000000000000000000000000C83E002095
:10E164000410041002000000ACDF010001000000F4
:10E17400A0D5010002000000A4DF0100010000009E
:10E18400301B00200200000098D5010002000000AE
:10E194000000000002000000A4DF010001000000F4
:10E1A400311B0020020000009CD50100000000008B
:10E1B4000000000002000000A8DF010003000000CE
:10E1C400F03E002002000000ACDF0100010000006E
:10E1D400B4D5010002000000A4DF0100010000002A
:10E1E400321B002002000000ACD501000200000038
:10E1F4000000000002000000A4DF01000100000094
:10E20400331B002002000000B0D501000000000014
:10E214000000000002000000A8DF0100030000006D
:10E22400003F0020D00700000000000000000000B4
:10E2340000000000555555009CB700000000000088
:10E244000000000000000000ACCD01000000000050
:10E254003EF5000014E10000000000000000000092
:10E2640000000000000A0100FF0000003C1C002028
:10E274003C1C002008200001FFFFFFFFFFFFFFFF01
:10E28400FFFFFFFF0000000000000000000000008E
:10E2940001000000FFFFFFFF512563FCC2CAB9F370
:10E2A400849E17A7ADFAE6BCFFFFFFFFFFFFFFFF49
:10E2B40000000000FFFFFFFF96C298D84539A1F483
:10E2C400A033EB2D817D0377F240A463E5E6BCF82F
:10E2D40047422CE1F2D1176BF551BF376840B6CBFA
:10E2E400CE5E316B5733CE2B169E0F7C4AEBE78EF6
:10E2F4009B7F1AFEE242E34F4B60D2273E3CCE3B6B
:10E30400F6B053CCB0061D65BC86987655BDEBB30C
:10E31400E7933AAAD835C65AA84F0100F04E010037
:10E32400004D01000000000010DF010030DF01009B
:10E33400F0DE01000000000000000000000000000A
:10E3440000000000000000000000000000000000C9
:10E3540000000000000000000000000000000000B9
:10E3640000000000000000000000000000000000A9
:10E374000000000000000000000000000000000099
:10E38400000000000000000030490020FFFF0000F2
:10E39400FFFF0000FFFF0000FFFF0000C3812F010B
:0CE3A400F41C0020000000000001020337
:00000001FF
