:040000006F10907974
:10000400000000000000000090000020C202002058
:10001400A9BDF9F5780300200000000000000000ED
:100024007803002090000020000000000000000081
:10003400900000200000000090000020000000005C
:1000440090000020900000209000002090000020EC
:1000540090000020240800209000002000000000F0
:1000640090000020900000209000002090000020CC
:10007400DE0300209000002090000020900000206B
:1000840090000020900000209000002090000020AC
:1000940001A04111B7170040985F3AC6945F3247F8
:1000A400E39CE6FE324541018280B7F70700011167
:1000B400944B13078008F337078093F787083EC2F1
:1000C4000F100000B71700401308700523800705C0
:1000D400930580FA2380B7040F10000003C6B70409
:1000E4001376F60DA385C7042380070412467326EE
:1000F40006800F1000001376050255CEF3360780F4
:1001040093F6860836C40F10000023800705238069
:10011400B7040F100000B70614007D89558D88C7F9
:10012400010001000100010023800704A246F3A698
:1001340006800F10000073370780137787083AC6CC
:100144000F100000238007052380B7040F10000060
:100154000F1000003727004093061005A303D78033
:1001640023800704B247F3A707800F10000093070A
:100174008008F3B7078093F787083ECE0F1000007E
:10018400B7170040130770052380E704130780FAAC
:100194002380E7040F10000003C7B70413670708A0
:1001A400A385E70423800704F247F3A707800F1011
:1001B4000000056182801376050459C273360780F6
:1001C4001376860832C80F100000238007052380A9
:1001D400B7040F10000037061400130606047D89C7
:1001E400518D88C70100010001000100238007042C
:1001F4004246732606800F1000007337078013777A
:1002040087083ACA0F100000238007052380B7042B
:100214000F100000A54793F6F60F639EF600B7276C
:10022400004013073005A383E780B71700402380FD
:100234000704D2470DBFB727004013072005E5B7D1
:1002440073370780137787083ACC0F100000238098
:1002540007052380B7040F10000098471367070CA5
:1002640098C723800704E247FDBD0111814601467A
:100274008145114506CE912493078008F3B7078082
:1002840093F787083EC60F100000B7170040130706
:1002940070052380E704130780FA2380E7040F1016
:1002A400000003C76704136717002383E704238050
:1002B4000704B247F3A707800F100000F24005615E
:1002C400828041118146014681451145FD22130773
:1002D4008008F337078093F787083EC40F100000A7
:1002E400B7170040130670052380C704930680FAED
:1002F4002380D7040F100000FD552396B7022380F6
:100304000704A245F3A505800F100000733707808A
:10031400137787083AC60F1000002380C704238090
:10032400D7040F10000003C7670413671700238363
:10033400E70423800704B247F3A707800F100000E7
:1003440001A0BD473305F50201007D1575FD8280CE
:10035400411122C426C206C6AA840144631794002C
:10036400B240224492444101828005041305803E38
:100374004204C13F4180DDB79305000273A045806C
:1003840082457390153492402242B2424243D24392
:100394006244F244025592552256B2564257D257FD
:1003A4006258F25806499649264AB64A464BD64BF5
:1003B400664CF64C065D965D265EB65E465FD65F7D
:1003C4000961730020304111B7170040985F3AC6A5
:1003D400945F3247E39CE6FE324541018280B717C1
:1003E4000040130700032388E702854723ACF18804
:1003F40073002030411106C6EF008079F5BF230356
:10040400048015472303E48001002302A480828032
:1004140083076480E3CE07FE23030480828083077E
:100424006480E3CE07FE03454480828083076480B2
:10043400E3CE07FE2302A4808280411126C44AC26F
:100444004EC006C61377F50BAD47AA892E8995448D
:100454006306F70019456537653F8D444E8545377A
:10046400FD59FD1463983401B240A24412498249F3
:1004740041018280135509011375F50F453F220987
:10048400CDB7011126CC06CEB70408005137154567
:10049400BD37713769372AC6A53F324593771500B2
:1004A40089EB136515001375F50FF240E2440561FD
:1004B4008280FD14E9FC0145CDBF397126DC4ADA9E
:1004C4004ED852D656D45AD25ED006DE62CE66CC10
:1004D400B7E700E07D5783AA070022C603AA4700B6
:1004E40023A0E71823A2E718B717004013077005E5
:1004F4002380E704130780FA2380E70483C74704B3
:10050400930B75FFB684E20793FBFB0F8546AA891C
:100514002E8B328937240040E187015763FA760134
:100524006308D5008946130700026313D5000157F9
:10053400D98F93F7F70FB71C00402382FC041147AF
:100544002303E4801305F00F5D3D094CD135636D41
:100554007C11B7050700DA9537870700795563F2F0
:10056400E504B3879500636EF702370B0800A947CB
:1005740033EB65016399F90689E48144513D26858D
:100584000DA0DA850945553D05090345F9FFFD141C
:10059400050B693D81C49377FB0FFDF7DD3569FDDC
:1005A4007D55B7170040130770052380E704130730
:1005B40080FA2380E70403C74704418B2382E704BE
:1005C400F250B7E700E023A0571123A24711E254E9
:1005D40032445259C259325AA25A125B825B724C4B
:1005E400E24C21618280A5476395F9068569130968
:1005F400F00FB3069900B3742B01B6941349F9FFB5
:10060400B3749900856B33796901416B9387F9FF62
:10061400B3F7270199E363FC340193D94900C14737
:10062400E3E637FF99BF0569C1697D19D9B7130599
:10063400800D638869011305000263847901130541
:100644001008CA85DD3B353D21DD4E99B384344124
:10065400D9B7DA852D45D533CA94E30099F2050953
:100664007D3BA30FA9FED5BF9387F9FF93F7F70F3F
:100674006361FC0C83C71C0413073008631FF70471
:1006840037070800636BEB04B3079B00B706100041
:1006940063F5D704334BEB0089476393F9068980EC
:1006A400D549E38C04ECDA850945413B110903275C
:1006B400C9FF91472320E48003076480E34E07FECB
:1006C40023033481FD17EDFBFD14110B81C49377D3
:1006D400FB0FE9FF7D3371F5E1B5B717004003C7A0
:1006E4005704B70708001377070219E3B787070011
:1006F4007955E378FBEA33079B00E3FFE7F855B548
:100704008547E382F9F2DA852D45053B9389F4FFA9
:10071400E38504E6293393F7390091EB83260480BB
:100724000327090093074900E39AE6E43E89CE844F
:10073400F1BFB5476396F9001305900BC93135BD78
:10074400B1471305B00AE38BF9FE99476391F904A5
:10075400B7050800B365BB002D45C53181448D4BF9
:10076400A149753963967401832704802320F90015
:100774008504E39834FF8327048013172B01635502
:1007840007002312F900D5BB2322F900FDB39D47CE
:100794006399F90281451305B0044531BD44232012
:1007A400090023220900FD599D3993F77400CA9763
:1007B40003C70700FD14398D2380A700E39634FF97
:1007C4006DBBA1476392F9046D398144630D0B003D
:1007D4008D479304C0036308FB009304000563047E
:1007E4008B01930440041375C507E30895D8194594
:1007F400393139390545213126850D3909453D31D0
:100804004931E31C05D669BB91476399F900130587
:100814006006F536F53E130590090DB7E38F09D44C
:10082400F154A9BB197106C212C416C61AC81ECA4D
:1008340022CC26CE2AD02ED232D436D63AD83EDA9C
:1008440042DC46DECAC0CEC2D2C4D6C6DAC8DECACC
:10085400E2CCE6CEEAD0EED2F2D4F6D6FAD8FEDA7C
:10086400938501898841E700050092402242B24203
:100874004243D2436244F244025592552256B25640
:100884004257D2576258F25806499649264AB64A00
:10089400464BD64B664CF64C065D965D265EB65EC0
:1008A400465FD65F096173002030B7E700E09843E4
:1008B400B706200023A0D718758F0F10000001C5BC
:1008C40099C1814711E6B7E700E023A0E7108280D1
:1008D400B386F50003C80600B306F5008507238038
:1008E4000601E317F6FEC5B737E700E01C43B70679
:1008F40020002320D718F58F0F10000019C191C1D3
:1009040011E637E700E02320F7108280910503A762
:10091400C5FF11057D16232EE5FEDDB737E700E0A0
:100924001C43B70620002320D718F58F0F100000B2
:1009340001C53307C50011E637E700E02320F710AF
:1009440082800505A30FB5FEE31DE5FEF5B78147DB
:100954003307F5000307070019E33E858280850706
:10096400C5BF37E700E01C43B70620002320D71893
:10097400F58F0F10000001C599C1014711EA37E74F
:1009840000E02320F710054582800507E309E6FE11
:100994003308E500B386E5000348080083C6060073
:1009A400E305D8FE37E700E02320F71001458280F5
:1009B4009307F6FFBE952A966313C5008280FD1542
:1009C40083C715000505A30FF5FEFDB7AA870145EA
:1009D40081CF09CE3E96850703C7F7FF6317B7009B
:1009E400E39BC7FE05458280828001458280797140
:1009F400973700009387474222D4804306D626D2F5
:100A04004AD04ECE52CC56CA5AC85EC669C037C9FF
:100A1400C901014B973900009389893F1309F937BC
:100A2400173A0000130A8A3F973A0000938A8A39DA
:100A340097340000938444438357240095E35C4433
:100A4400631D0B00173700002328F73C832BC400D9
:100A54002285EF00B0255E84A9A82326FB00FDB7FC
:100A640083A7090082971C443307F5406375F5009A
:100A7400D8401D8F2A976361E9089737000023AB9C
:100A840007348355240003450400973000E0E780D1
:100A9400406E5C405844B9C70C44D040AE97BE8603
:100AA40063E4B70063E4C700B386C74014C4228B71
:100AB4003A8459F0973700009387C7309C4B094715
:100AC4006373F708F917173700002325F730B2507E
:100AD400225492540259F249624AD24A424BB24BCE
:100AE4004561828063170B009737000023A6E73225
:100AF400B1BF2326EB0099BF03274A021DCF63E150
:100B0400A7043385A7408347040085E31737000013
:100B1400034737325917B307A7003E85D44063E42F
:100B2400E70063E4D7003385D74083A70A016376DF
:100B3400F5009737000023AFA728228B404495BFC8
:100B4400D840BA977DBF9737000023A5072841B73F
:100B5400973700009387C7309C4385C3411106C66D
:100B640082979737000083C7872A89E79737000061
:100B740023A8072EB240410182809737000083C723
:100B8400072991E79737000023AC072C82808280E5
:100B9400411122C417340000130484251C4006C6E6
:100BA40026C24AC091C782979737000023A2072420
:100BB4009737000083C79744858B173900001309C2
:100BC400A94389CF8347790019476312F7109737F0
:100BD4000000A38507423D235C4482971C4491C3D3
:100BE4008297973400009384E422984017360000DB
:100BF4000346561D9737000083C7C71C93961700FA
:100C0400BA9683D60600E5C29737000083C7871BD0
:100C140063E5C70E973700002386071A1C40639EBE
:100C24000714973700009387A71E9C436387071414
:100C34009737000093874723DC4317370000232BA3
:100C4400F71875339737000083C7B73B63970712CC
:100C54009737000083C7D73A91CF8347790093F73A
:100C6400F70F89EB97370000A38C0738974001E012
:100C7400E78000B6973700009387471ADC53638EEA
:100C8400070E973700009387E7139C4BFDC78347F4
:100C9400790015476363F70E9737000083C7473B16
:100CA400918BE1EF9737000083C76716F9E790400F
:100CB4009736000083C6161163C7D70C2244B2408E
:100CC400924402494101174300E0670003AC8347A3
:100CD40079001D47E314F7F097370000A38007322B
:100CE40015211C48DDBD850793F7F70F97360000E3
:100CF400238AF60CE3E0C7F001BF86073E978355CD
:100D04000700231007009737000023910710973737
:100D140000009387A70D9C43173500000345850AFF
:100D240013172500BA979C4382979737000083D7FF
:100D3400E70D173700000347E70893C7F7FF7D8DDA
:100D44009317170098403E97835707005D8D231033
:100D5400A7009737000083C7E70691C785071737B1
:100D640000002301F706173700000347A70597374C
:100D7400000083C73705E37FF7E8B240224492447A
:100D840002494101828013971700329703570700E5
:100D94006DF7850715B737C700408326C720B70707
:100DA400FCFFFD17F58F2326F7200100010097377C
:100DB400000093872701C84F832787262326D7203F
:100DC4006A0593C7F7FF99835D8D82800111973778
:100DD40000009387A73322CC03A4070C26CA06CEAF
:100DE4002AC42EC6854419E40145F2406244D24423
:100DF400056182808347910003471400858B630457
:100E0400F7000044CDB719469305A100130524004B
:100E1400893EE31895FE0545C9BF0000EFF05FD396
:100E2400730000000000000097320000938222FE4D
:100E34000383020023800200630F0300F3251034B0
:100E44002EC0970500009385A5FD73901534EF001F
:100E5400E0507300203086DCEF004050E650828082
:100E64000000173700001307E7181443411122C488
:100E74009C5E4AC006C6998326C2858B3A8417397C
:100E840000001309E916D1CB930700069CDE17373F
:100E940000000347C71693070008973400009384A3
:100EA400A415631BF700832709009C4393F70704E9
:100EB400173700002305F71483C7040093F70704CA
:100EC4009DC3973700009387A7F49C438297973775
:100ED400000023A1A71483C7040093F7F70B173767
:100EE4000000230BF71083C7440093F7070495E72A
:100EF400854717370000A303F7109737000093873F
:100F040027129C433707020098C7130700FC973643
:100F140000002385E60E9848F8D318401C5F91839F
:100F2400858B8DC31C5F93E707011CDF9737000097
:100F34009387070F9C4323A20706854717370000B2
:100F4400230EF70A83270900D8430583058B19C7A5
:100F5400D843759BD8C3D843799BD8C3B2402244A5
:100F64009244024941018280ED3D73002030931781
:100F7400D50063D30702973700009387670A9C4321
:100F84007D57B8D7973700009387C7E3DC4F8507B1
:100F9400173700002326F7E4937785009DCB973716
:100FA400000083C7870593E717001737000023065F
:100FB400F704930700F8173700002301F704973765
:100FC40000009387270398435C57F19B93E717002E
:100FD4005CD7937715008DC79737000083C7D70177
:100FE40093E7170017370000A308F70097370000AE
:100FF4009387470098435C57F19B93E717005CD7AE
:101004009377650095CB9377450017370000130756
:10101400A7FECDCB8347070093E7170017370000DF
:10102400230CF7FC973700009387C7FC98435C5761
:10103400F19B93E717005CD79317F50063D407027D
:101044001737000003470714418B97370000938735
:10105400E70B51C383C7870793E7070217370000DD
:101064002302F7129317E50063D7070297370000AE
:1010740083C7C7F8E207E18763D7070085471737B7
:101084000000230DF7F697370000938767F99C4318
:101094003707020098C79317C50063D407021737B0
:1010A40000000347370E058B973700009387070628
:1010B40029C383C7970793E7270017370000A303C3
:1010C400F70C82808347370093E717001737000037
:1010D400A305F7F281BF03C7870789463D8B6308E1
:1010E400D70083C787070D47BD8BE39DE7F691477C
:1010F400B5B703C79707118B69D783C7970793E7DA
:10110400870065BF97370000938787F1944397372B
:101114000000938767EE03C70700058B11CB973751
:101124000000238D07EC97370000A38907EC828029
:1011340003C71700058B65F7F85271FF83C7570083
:10114400DDB7173700001307E7EA032807008327F2
:1011540088039583858BADEF11C683270803BD8370
:101164002300F6009DC61C43985B4607935767010E
:101174006356070093E707C0C207C18303970600BD
:10118400C207C18709C7BA970947B3C7E7022390C3
:10119400F6008DCD8345150095C99737000083C7A8
:1011A40007E693F7070413879500894585C33A95A5
:1011B400834705000547994593F6F7066398E600CB
:1011C400E207E187814563D30700B9452E85828014
:1011D4008545EDBF411122C406C626C2173400005E
:1011E400130404E445E114402E87FC52FDFF9737B5
:1011F4000000238407E097370000938727C2D45365
:10120400BE8495C6B7E700E0B706200023A0D72820
:10121400B7F700E083A607D1ED9A23A8D7D083A619
:1012240007D193E6860323A8D7D0730050103A85DC
:10123400B285973001E0E78000419737000093873B
:1012440067DB9C43B70680009843558F98C3D857F3
:10125400719BD8D797370000A38207DA973700002D
:10126400A38C07D81C40094798C3DC5085CF37F7B7
:1012740000E0832707D193E787002328F7D0730082
:1012840050100DA08D476315F50497370000938720
:1012940067D69C43B70680009843558F98C3D857A8
:1012A400719BD8D71440173700001307E7D483473E
:1012B4002700858B89EB83473700858BC9CF973708
:1012C4000000238D07D2B24022449244410182801F
:1012D4008547E319F5FC97370000938727B4D45367
:1012E4003E8795C6B7E700E0B706200023A0D728BD
:1012F400B7F700E083A607D1ED9A23A8D7D083A639
:1013040007D193E6860323A8D7D073005010144066
:101314008177FD17D046F18FDCC60F100000144012
:10132400B70702009CC6930700F89735000023878F
:10133400F5CC973700009387E7CB9C439C439D8370
:10134400858B99C793076019FCD2D0C65C5339BF0B
:101354009307E01BD5BFFC52B9FBB5B79737000024
:10136400938707CC9C438847D847798D09C988C798
:101374009387819303A3070063030300028382809E
:10138400973700009387C7C998438967938707F401
:101394007CD3973700009387E7CD9C4383A6070946
:1013A400139656006358060083A607091396660031
:1013B400634406007453FDF282804111B7E700E0F4
:1013C40022C480433707200006C6798C23A0E7187F
:1013D4000F10000011C199E5B7E700E023A08710C2
:1013E40001457DA893073500C207C183F19BC2075D
:1013F400C183130740036369F7021737000013071B
:10140400A7D0084317370000130787CF144363920C
:10141400A60217370000130767A0185B55DFC20741
:10142400DD8D054502974DBF17370000130787CDA3
:10143400C9BF035765002DEB035745006366F706E4
:10144400B306F7402146637CD60203280500938641
:1014540087001D8FAA966117173600000356E6967B
:101464002392E60023A006012393060014C123124D
:10147400F500130786FF973600002398E69423139C
:10148400B5009735000083D54594B387F5401737E9
:101494000000231CF792B7E700E023A08710210582
:1014A400B240224441018280084195B7B7E700E089
:1014B4008C433707200023A0E718F98D0F10000094
:1014C40001E523A0B7108280973700009387C7C334
:1014D40003A3070097370000938787C283A80700F8
:1014E40081469A8763F2170D03A807006361F50C20
:1014F400636FA80A138787006368E50A03D6670049
:10150400216705076317E60003C7019305072388CE
:10151400E192173500001305E58A03D64700035707
:10152400650023930700329742074183173E00006A
:10153400231DEE88638C670217330000130383BCFA
:10154400032303006304F30203D36600631003025E
:1015540083D7460023A0060121073E962106239245
:10156400C600973700002392E786B6879843630D39
:101574001703973600009386E6B894426306D702B1
:101584008356670095E283D6470003564700184305
:10159400A106B2962392D70098C383576500A1078A
:1015A400173700002313F782B7E700E019BFBE86A0
:1015B400C2870DBF03278511630407120346E504A0
:1015C400854663000612411122C406C68347C5003E
:1015D4002A8493F7C70F2306F50083459700035821
:1015E400C700139585016185637006096359050673
:1015F4000345870093F5F507A304B70093E5270097
:101604006314D50093E517002306B4005C438907EF
:101614005CC3A30AC400032504114C430905EFF07D
:10162400CFA88327841103465401D44303D7C700AA
:10163400B296118FD4C32396E7008947A30DF40013
:10164400034764039727000083C7677E6377F70423
:101654008347C40093E707012306F4003DA893E7FA
:1016640017002306F40075B71376F80F635D0502BF
:101674000345870093E527006314D50093E517001D
:101684002306B400A30AC400A30407008547A30DDE
:10169400F400832784119C43C5F7B2402244814659
:1016A40036854101828093E717002306F400A30ADC
:1016B400C400A3040700032504114C434286090512
:1016C400EFF0AF9E8327841103465401D44303D71C
:1016D400C700B296118FD4C32396E7008D4745BF48
:1016E400854636858280973700009387E7B49C430C
:1016F400411122C406C6858B2A84C5EF41651305B2
:1017040025F597F001E0E780606F45C58347A500A4
:101714002315F50083270412BDE72320A4122322F6
:10172400A41285472311F404232005008347640190
:1017340054412316F5000347D4002304E50005476C
:10174400A304E500173700001307078B58531385CC
:10175400170215811C437D151375F50F9CC25C435C
:10176400DCC21C479CC65C47DCC61C4B9CCA5C4B59
:10177400DCCA1C4F9CCE5C4FDCCE19CD938606028E
:1017840013070702C1BF8327441288C38357240465
:101794002322A412850779B79737000083D7879748
:1017A4008507173700002317F796B24022444101FA
:1017B40082808347C40023090400054593C747007A
:1017C4002306F400DDB78347850193F7E70FD5EFD0
:1017D40083479501DDEB034625018346C50009CA0D
:1017E40083456503172700000347776463E7E50033
:1017F40013F7060141CF014709C6C18A0357651C87
:1018040081C68356A51C369751C31307C7121725E3
:1018140000000355E565B335A70237460F004111B3
:1018240013060624814622C426C206C67D54330507
:10183400A702972002E0E78080389727000083C73B
:10184400575FB384A700973700009387278C03A7BB
:1018540087098327070963F387003E84184375FBD0
:10186400972700009387C75A9C43829781476364F4
:10187400A400B307A440B2402244B3B7970093C76F
:10188400170092443E854101828081473E858280D3
:10189400972700009387C77898433C5BFDFF0100BE
:1018A40001008280011122CC4AC84EC606CE26CA47
:1018B40052C456C25AC00347B50085472A842E89AC
:1018C400832905096311F72683570508835AC5033D
:1018D400172A0000130A4A59172B0000035B4B59BF
:1018E40063FB5721834605016397E620032785118F
:1018F400631307200327450A631F071E8346F50069
:101904001D47639AE61E03471401B38AFA401395F0
:101914000A01418121CF9377170099CB8357E405BE
:1019240083560404958F63D5A7001395070141815D
:101934009377270099CB8357E41283560404958F39
:1019440063D5A7001395070141819377070199CBCC
:101954008357C41483560404958F63D5A700139545
:1019640007014181218B11E311E105450357A403CC
:101974009307204E832444093305A70237460F00FA
:101984008146130606243305F5029727000083C712
:10199400474AB3549502B335AB02BE94C204C18026
:1019A400231394083305AB02972002E0E78020213B
:1019B400B307350133B5A7002E953E8783264A0029
:1019C40019E163E4D7003387D740B3846403B7468F
:1019D4000F009387F623938606242320E900A69715
:1019E400B3D7D702D6976362F7101D8F2320E9007F
:1019F400972900009389C94183A70900832409001A
:101A0400829763E5A4123385A4406354050C83A72D
:101A140009008297032709006361E512198D835732
:101A2400E403172700000357A7448E07B387E70290
:101A34001307003293870719B3D7E70263E7A710A8
:101A4400374A0F00130BFA23972A0000938ACA41DE
:101A5400130A0A248357040485072310F4048347D4
:101A6400041499E322855922228597E001E0E78056
:101A7400602C75E9832604098327C40803A74A0058
:101A8400B6973E8563E4D70063E4E7003385E74017
:101A94008347F401835464082328A4088507A30F0B
:101AA400F4009727000083D7A73CB384F402DA94A8
:101AB400B3D444036368950CB304954083A7090029
:101AC40023209900829763E3A40C3385A440E34365
:101AD40005F89727000083C7D73563E7A70897273A
:101AE400000023A5876C014541A083264A00B387E3
:101AF400F6403E97E5BD8354640837470F009307CB
:101B0400F723B3846403BE9493070724B3D7F40282
:101B140063E7F900B387F9402320F900D1BD032717
:101B24004A00BA99C5BF23A03501D9B5972700004B
:101B340093878733DC43BE94F9B5972700009387D6
:101B4400A732DC43998F3E95D9BDA145228597E004
:101B540001E0E7800017A305A402972700009387FC
:101B6400E72B9C5B81EF7D55F2406244D2444249AD
:101B7400B249224A924A024B056182808945154541
:101B84008297D5B7B3049740AA940DBF83A74A00A0
:101B9400BE9425BF39C901116C0022CC06CE2A841B
:101BA40011331DCDFD576302F502B247972500009E
:101BB40083C5352863EFB70003459402B385B74066
:101BC4002EC6972000E0E7806072F240624405610F
:101BD400828017270000130727295843BA97E9BFC3
:101BE40097F001E0E78080D2CDB78280797126D268
:101BF40006D622D44AD04ECE52CC56CA5AC85EC655
:101C04008347550303447513AA843E941374F40F55
:101C14009307400263F687001304B4FD1374F40FB2
:101C240003AA841383AAC413A38B84122286528525
:101C3400D685972002E0E78080B5058915E503CBBA
:101C4400D41201498149337B6403930B50024A86C1
:101C54005285D685972002E0E78060B3058915C5D3
:101C6400639169031374F90F238B8412B2502254C5
:101C740092540259F249624AD24A424BB24B4561EC
:101C840082808509E20993D989410509E31179FD27
:101C9400E1BF8327850903560504797193D60701AB
:101CA400BD8EC206C182358E135776409357564077
:101CB400898B058B5D8F93573640918B5D8F93573E
:101CC4001640A18B5D8F93171600C18B5D8F931700
:101CD400360093F707025D8F9317560093558600DD
:101CE40093F707041E065D8F1376F60F518F93D773
:101CF400554013D63540118A898BD18F13D6754040
:101D0400D18F13D61540218AD18F13961500418A9D
:101D1400D18F1396350013760602D18F1396550092
:101D2400137606049E05D18F93F5F50FCD8FA20788
:101D340045465D8F3307C70222D42A8426D252CC6B
:101D440056CA032A8413832AC4135AC806D636975C
:101D54004207418393577740135557400989858B30
:101D6400C98F135537401189C98F135517402189DD
:101D7400C98F131517004189C98F131537001375BF
:101D84000502C98F13155700935587001375050471
:101D94001E07C98F1377F70FD98F13D5354013D783
:101DA40055401189098B498F13D57540498F13D537
:101DB40015402189498F139515004189498F139541
:101DC400350013750502498F1395550013750504E5
:101DD4009E05498F93F5F50F4D8F2207D98FB38751
:101DE400C7024AD04ECE5EC662C4B697C207C1834C
:101DF40013D7774013D557400989058B498F13D5DD
:101E040037401189498F13D517402189498F13957C
:101E140017004189498F1395370013750502498FBF
:101E24001395570093D58700137505049E07498FB2
:101E340093F7F70FD98F13D5354013D75540118930
:101E4400098B498F13D57540498F13D515402189C6
:101E5400498F139515004189498F139535001375E2
:101E64000502498F13955500137505049E05498F86
:101E740093F5F50F4D8F2207D98FB387C702130649
:101E840050025285D685B697BD8E93940601C180C3
:101E940033F6C402137BF60F972002E0E780208F0D
:101EA40005890DED8347D41201498149B384970212
:101EB400130C5002C1804A865285D685972002E0D1
:101EC400E780E08C0589937BF90F11C563863403A1
:101ED400850993F9F90F0509E31F89FD230B6413A1
:101EE400B250225492540259F249624AD24A424BA5
:101EF400B24B224C456182805E8BCDB7011197278E
:101F040000009387A72022CC03A4870C26CA4AC8C2
:101F14004EC606CEAA8413092500854915C083C779
:101F2400140003473400858B6304F700405CFDB75D
:101F34001946930544004A85EFE0BFA2E31835FF34
:101F44002285F2406244D2444249B249056182800A
:101F54004111972700009387671B22C403A4870CB1
:101F640026C24AC006C693042500054901E8228515
:101F7400B24022449244024941018280A68513055D
:101F8400A402970002E0E78020F7E30225FF405C0B
:041F9400F1BF000099
:101F980097110020938101C4175100201301018675
:101FA8001305400097E5FF1F938545051706002098
:101FB800130606FE63FAC5008322050023A0550018
:101FC80011059105E3EAC5FE17450200130545DA38
:101FD800970500209385C5FB1386818663FAC500A3
:101FE8008322050023A0550011059105E3EAC5FEEB
:101FF8001385818697250020938505256377B5008D
:10200800232005001105E36DB5FEFD42739002BC67
:102018008D4273904280930280087390023097E259
:10202800FF1F9382A2FD93E23200739052309722F1
:1020380000009382C2BE73901234730020303D4377
:102048002A876373C3029377F700BDEFADE59376F4
:1020580006FF3D8ABA960CC34CC30CC74CC7410750
:10206800E36BD7FE11E28280B306C3408A0697026B
:10207800000096966780A6002307B700A306B7005E
:102088002306B700A305B7002305B700A304B700CC
:102098002304B700A303B7002303B700A302B700C4
:1020A8002302B700A301B7002301B700A300B700BC
:1020B8002300B700828093F5F50F93968500D58DA0
:1020C80093960501D58D61B7939627009702000076
:1020D80096968682E78086FA9680C1171D8F3E966F
:1020E800E374C3F8A5B7B717004003C7770513779C
:1020F800E70FA38BE704130700F8A38DE7043D4718
:10210800238CE70413075003A38CE70403C7A70530
:102118001377D70F238DE7048280B717004003C7D2
:10212800E7020D8941111377C70F498F930680087D
:10213800F3B6068093F6860836C60F10000093069D
:1021480070052380D704930680FA2380D7040F10E4
:1021580000002387E70223800704B247F3A707801C
:102168000F1000004101828041112A83014E930E15
:10217800407E130F0019930F400663E56E12930813
:10218800001913034006B3781503854E0D4FA14F70
:10219800337365020D891335150063EFBE121308FA
:1021A800F6FF794672984208135808013307C702A8
:1021B80013D61700BE0732976146B3F6C602130658
:1021C8008070B386C6023697A166F58F42075D8F89
:1021D800B716004083C7F60293F70708A303F10078
:1021E8000346710083C7F60293F70708E394C7FE16
:1021F80083477100B716004093F7F70F63880712FB
:1022080093078008F3B7078093F787083EC40F1039
:102218000000B7170040930670052380D704930683
:1022280080FA2380D7040F10000023AA070383C66F
:10223800170393E60608A388D70223800704A2475A
:10224800F3A707800F1000001166B71700407D162E
:10225800D45BC85F93854703A98EF18EF5FA930680
:102268008008F3B6068093F6860836C60F1000007D
:10227800930670052380D704930680FA2380D70439
:102288000F10000098C103C7170313670704A3883A
:10229800E70223800704B247F3A707800F10000066
:1022A800410182807D133368E3039308E016630ECF
:1022B80008003368F3039308D0166308080093787E
:1022C800330093B818009388D81633081E01131EDC
:1022D8000801135E0E0155B56393E503054863864F
:1022E80008000148630303002A8871087298FD15E5
:1022F800131E0801C205135E0E01C18179BD13F8D2
:10230800150063F4BF007908D5B713381800E5BF86
:1023180083C7F60293F70708A303F1000346710089
:1023280083C7F60293F70708E394C7FE8347710053
:1023380093F7F70FF1DFE9B531714AD966CB06DFBC
:1023480022DD26DB4ED752D556D35AD15ECF62CD89
:102358006AC96EC7AA8C02D8EF0010122A8993079F
:102368008008F3B7078093F787083EDA0F1000005C
:10237800B7170040130770052380E704130780FA96
:102388002380E7040F10000003C7F7021377770FC5
:10239800A387E70203C7F70213678700A387E7024B
:1023A80023800704D257F3A707800F1000000545C4
:1023B800AD33130780C13347E902116A93070AE86E
:1023C80093065002BD69930BA004814A014B130484
:1023D8008008930470057D1AB347F9023307D702C2
:1023E8003EC0FD873ECC938709A69309803E3347BC
:1023F800F7023AC27D873AC4334739038549B3990E
:10240800990193D93940B306D702B30B7703B3C602
:10241800F602B3CBFB0236C6FD8636C893D6FB411F
:1024280036CEB7460F00938606243349D90285660F
:10243800938606FAB3969601B389E9021307805288
:102448003309D90293060010B389E9023349D90246
:10245800B3C9F9029316390036CA37190040FD8608
:1024680036D0930D090493D7F9413ED2F336048050
:1024780093F6860836DC0F1000009307700523805A
:10248800FD00930680FA2380DD000F1000008346CC
:10249800390593F6860FA309D9048346390593E6CF
:1024A8001600A309D90423800D00E256F3A606807E
:1024B8000F100000130C80FA116DF336048093F6A8
:1024C800860836DE0F100000930770052380FD0094
:1024D80023808D010F10000083463905216693E69D
:1024E8000602A309D90483560905B3E6A6012318F1
:1024F800D90483560905D18E2318D90423800D00E9
:10250800F256F3A606800F1000008346390593F6AD
:1025180006026389061803463905218A6DDE081804
:10252800612F7336048013768608B2C20F1000003C
:1025380023809D0023808D010F100000B7170040F5
:1025480003C637051376F60DA389C70403C63705F6
:1025580013660602A389C704835609052166B3E6F4
:10256800A6012318D90483560905D18E2318D90446
:1025780023800D009646F3A606800F1000008346C0
:10258800390593F606026386061483463905A18A3F
:10259800EDFE97E0FF1FE78080AFAA8636D497E06C
:1025A800FF1FE780C0AEA256E30AD5FE8356090591
:1025B8004255B3E6A6012318D904392F83463905B5
:1025C800A18AEDDE0356090583462905824733763D
:1025D800CA00B306DA0293D5F641B296B388F6403C
:1025E800E24733B8C6002E983308F840A247B3B67E
:1025F80016013308D84063C70701631DF8009247E6
:1026080063FA1701C247634DF80E63950701B24795
:1026180063E8F80E894663E7660FF24693151800DB
:1026280013D3F8015E8613951800B365B30042D63C
:1026380046D4EF10821A3258050B137BFB0F634701
:10264800000163120838A258638F08361308150072
:10265800B336A800B69513D6F5013298B336C8003C
:10266800AE9613581800FE06B3E6060173360480CA
:1026780013768608B2C60F10000023809D002380C1
:102688008D010F1000000356C902B296C206C1821E
:102698002316D90223800D00B646F3A606800F1034
:1026A800000021BDF336048093F68608B6C00F10EB
:1026B800000023809D0023808D010F1000008346B9
:1026C800390593E60602A309D90423800D0086463E
:1026D8000DBDF336048093F68608B6C40F100000CB
:1026E80023809D0023808D010F100000834639054B
:1026F80093E60602A309D90423800D00A646A5BDCA
:10270800E30D0BF0F336048093F68608B6C80F1075
:102718000000930680FA23809D002380DD000F10BF
:1027280000008346390593F5FC0F93F6860FA3093D
:10273800D90483463905CD8EA309D90423800D0019
:10274800C646F3A606800F100000130580FA03465C
:102758003905930639051D8A631496297336048052
:1027680013768608B2CC0F100000130680FA238077
:102778009D002380CD000F10000003C606001376CD
:10278800F60D2380C60003C60600136606022380E2
:10279800C600835609051166D18E2318D9048356BD
:1027A80009052166D18E2318D90423800D00E64639
:1027B800F3A606800F100000130680FA8346390539
:1027C80093F606026388062483463905130C3905F7
:1027D800A18AFDDA0818CD21F336048093F686081D
:1027E800B6D00F100000930680FA23809D00238046
:1027F800DD000F10000083460C00116693F6F60DFD
:102808002300DC0083460C0093E606022300DC006C
:1028180083560905D18E2318D904835609052166E4
:10282800D18E2318D90423800D008656F3A606807E
:102838000F100000130680FA8346390593F6060246
:102848006385062083463905A18AEDFE97E0FF1FC0
:10285800E780E0832A8C97E0FF1FE7804083E30C42
:1028680085FF8356090511664255D18E2318D90470
:10287800A5218346390513063905A18AFDDAF33601
:10288800048093F68608B6D40F100000930680FAE9
:1028980023809D002380DD000F1000008346060082
:1028A80093F6F60D2300D60023800D00A656F3A656
:1028B80006800F1000008356090503462905D247F4
:1028C800B376DA003306CA021305800C9355F64135
:1028D8003696330DF6408257333CD6002E9C33365D
:1028E800A601330CFC40330CCC40330885039256C8
:1028F8004E86B335A5033305A503C295EF00F26DE7
:1029080063468001631E0C16630C0D161306150032
:102918003335A6002E959356F5013696B335D60075
:10292800AA959396F50105828585D18E6346B000F8
:10293800639D051A638B061A0356C902158233056F
:10294800D6003336C500B2956348B00063910524BC
:102958001306F00F637DA622894663F35615930785
:102968008008F3B7078093F78708BED60F100000DA
:1029780037170040930770052300F704930780FA80
:102988002300F7040F1000008356C70289678117D8
:10299800D58FC207C1832316F70223000704B65751
:1029A800F3A707800F100000FA506A54DA544A5906
:1029B800BA592A5A9A5A0A5BFA4B6A4CDA4C4A4D67
:1029C800BA4D296182801308F5FF3335A800FD153B
:1029D8002E951356F5013298B336C800AA9651B110
:1029E800F336048093F68608B6CA0F1000002380D9
:1029F8009D002380AD000F10000083463905CD8E61
:102A0800A309D90423800D00D646F3A606800F102B
:102A1800000035BBF336048093F68608B6CE0F1057
:102A2800000023809D002380CD000F100000834606
:102A3800390593E60602A309D90423800D00F6465A
:102A4800F3A606800F10000095BBF336048093F6BA
:102A58008608B6D20F10000023809D002380CD0089
:102A68000F1000008346390593E60602A309D9042E
:102A780023800D009656F3A606800F1000006DBB4C
:102A88009306F5FF33B5A600FD152E959355F50170
:102A9800AE96B3B5B600AA951396F501858269B5C9
:102AA800F336048093F68608B6D80F100000930614
:102AB80080FA23809D002380DD000F1000008356DC
:102AC800C9020566011693F6F60FD18EC206C182B9
:102AD8002316D90223800D00C656F3A606800F10D0
:102AE8000000850A93FAFA0F51B233E6B60045C2E0
:102AF8000356C9023305D0403338A000B305B040AF
:102B0800B385054115826345B000D1E16371A6081C
:102B1800894663F0560593078008F3B7078093F753
:102B28008708BEDA0F100000B717004013077005BA
:102B38002380E704130780FA2380E7040F100000BE
:102B480003D7C7027D8B2396E70223800704D65755
:102B580081BDF336048093F68608B6DC0F100000BA
:102B6800930680FA23809D002380DD000F1000006B
:102B78008356C9020566011693F6F60FD18EC20672
:102B8800C1822316D90223800D00E656B9B79307F0
:102B98008008F3B7078093F78708BEDE0F100000A0
:102BA80037170040930770052300F704930780FA4E
:102BB8002300F7040F1000000356C702939756002E
:102BC800B297C207C1832316F70223000704F657FA
:102BD800C1BB914763EEB702172702001307876C42
:102BE8008A05BA959C41BA978287B717004003A710
:102BF800470B1345F5FF698F23AAE70A03A7070BBD
:102C0800698F23A8E70A03A7070A798D23A0A70AD3
:102C18008280B717004083A6470B1347F5FFF98E4C
:102C280023AAD70A83A6070B558D23A8A70A83A62C
:102C3800070A758F23A0E70A8280B717004003A709
:102C4800470B498F23AAE70A03A7070B1345F5FF8C
:102C580045BFB717004083A6470B1347F5FF758F8D
:102C680023AAE70A03A7070A598D4DB7B7170040EB
:102C780003A7470B498FEDB7B717004088474205B0
:102C880041819377050491EB9377F5013755E80176
:102C9800130505803345F50282809377050C1307E9
:102CA80000046397E7009377F50137459C1CCDB77F
:102CB8002165130505D0828037E700E01C435443A3
:102CC800A183E206D58F1CC1FD572320F7182322C4
:102CD800F7180F100000828013178500B7E700E08F
:102CE80023A0E710618123A2A7108280B7F700E034
:102CF8008847CC478280814737370040A14663C464
:102D0800C700328582800345B740E38EA6FE33852F
:102D1800F5000345050085072304A740CDB797F7BD
:102D2800FF1F9387276B9C43171700201307C75172
:102D38003E95636EE500174700201307278C6368EC
:102D4800A70017F7FF1F2327A7683E858280FD5736
:102D5800EDBF411122C406C62A84393F2947B3076B
:102D6800E502B2408D83B3D7870222449507B3D7D3
:102D7800E70237370040C207C1832316F7404101F5
:102D88008280716541111305052006C6D937B7370A
:102D98000040130770F82381E7400D47A381E740FF
:102DA80013070004A380E74005472387E740B240A4
:102DB80041018280CC41411106C6328503C6150007
:102DC80083C5050022064D8E42068D65418613880F
:102DD80075A2630C060F6348C804138845A26306EE
:102DE800060B634AC800938535A26309B60623908B
:102DF8000600294679A0138855A26308060B938517
:102E080065A2E316B6FEC1451D4663ECE5064546D8
:102E1800198E63F3C7003E862390C60097250200EB
:102E28009385854A89A8138895A26300060F634E87
:102E3800060B1388A5A2630A060F938505A5E31858
:102E4800B6FA99451D4663EEE502198E63F3C7008D
:102E58003E862390C6009385C18031A89D451D46B6
:102E680063E1E5022146198E63F3C7003E8623908D
:102E7800C60093858186BA9597E0FF1FE780A0A2D8
:102E88000146B240328541018280AD451D46E3EAE4
:102E9800E5FE3146198E63F3C7003E862390C600CF
:102EA8009725020093850546F9B7B1451D46E3EA23
:102EB800E5FC3546198E63F3C7003E862390C600AD
:102EC80097250200938505457DB7C1451D46E3EA70
:102ED800E5FA4546198E63F3C7003E862390C6007F
:102EE800972502009385853F79B7C1451D46E3EADA
:102EF800E5F84546198E63F3C7003E862390C60061
:102F08009725020093850542BDB7C1451D46E3EAF2
:102F1800E5F64546198E63F3C7003E862390C60042
:102F2800972502009385C53CB9B7B5451D46E3EA28
:102F3800E5F43946198E63F3C7003E862390C60030
:102F480097250200938545373DB797F6FF1F93866F
:102F580026174146CD4517F5FF1F130565036F80FA
:102F6800207F2D453DEF03C5050009476317E5069A
:102F78003285D041411106C60347160003460600B4
:102F880041682207518F130628FE6308C702636948
:102F9800E6000518630307032390060029451DA8CA
:102FA800130648FE630BC7001518E31707FF1547FC
:102FB8003E866377F700154621A03E8691C30546F5
:102FC800CC452390C6004206418297E0FF1FE78068
:102FD800808D0145B240410182802390060005455D
:102FE8008280828083C7850093F70702E1E341115D
:102FF80006C622C426C24AC003C9050009432E8852
:103008008547631B690203A345003284B68483475E
:10301800130003430300A207B3E767004163130EDD
:1030280013FE6382C7030D13638B67040D681308CF
:10303800289063850707A947B24022449244024971
:103048003E8541018280AD4765FB0547B547E3658D
:10305800D7FE0325C8000546A28597E0FF1FE78035
:10306800808401499387C1889843814771D7184361
:1030780061D72686A2854A850297814775BFAD47E5
:1030880045FF0547B547E369D7FA0325C800054654
:10309800A28597E0FF1FE7800081E9B72244B2408C
:1030A80092440249854741016F60B02EA1473E8591
:1030B800828041677917630CE502411122C406C674
:1030C80085472A84639AF50022852244B240938575
:1030D800018841016F80A07289476396F500854594
:1030E800EFA0102E75D1B240224441018280828027
:1030F800411122C42A844165938501887D1506C63D
:10310800EF80E06F170500001305E5FA0588EFA0CA
:10311800702205C02244B24097F6FF1F9386060C22
:103128004146C54517F5FF1F130545FA41016F8054
:103138002062B240224401454101828009C523A68C
:10314800A18801458280454582801147636EA706A4
:10315800972602009386461E0A05369518414111A6
:1031680006C63697AE87B285028705476145639ADA
:10317800E70005461385018797D0FF1FE780A072F7
:103188000145B2404101828005476145E39BE7FE66
:10319800054613854187CDB705476145E393E7FEAB
:1031A800054613858187C9BF05476145E39BE7FC51
:1031B80005461385C187C9B715476145E393E7FC01
:1031C8001546138541884DBF09458280411122C4A7
:1031D8002E849385018826C206C6AA84EF6030161D
:1031E800058915C197F7FF1F938747EE83D7A70B6C
:1031F800A285B2402310F400224426859244014659
:1032080041016F704070B2402244924449454101E7
:10321800828011456FF04F92411193962500AA853F
:103228002D4506C697D0FF1FE780E028B24001452C
:1032380041018280011122CC06CE3714004026CAF3
:103248004AC84EC652C483447405034AB405834928
:10325800840503499405EFE01FE98347A40593F427
:10326800F40F137AFA0F93E71700230DF40493F978
:10327800F90F1379F90FB717004003C7A705058B96
:103288006DFF03D5C705A38D4705238C3705A38C90
:103298002705A38B9704F2406244D2444249B249BD
:1032A800224A0561828041119397050122C406C60E
:1032B800C1872E8463DD0700EF00102B19C1EF00D2
:1032C800901E2165218DB24022444101828093F7EE
:1032D800150013C51500E5FB93F7250013C5250058
:1032E800FDF39397250163D00702EF1011321537CC
:1032F80037F60200130606E0896503C54189EF1019
:1033080020060965C1B7939715010145E3DD07FA62
:103318001725020013050508EF0032601306006444
:10332800916503C54189EF10A003116561BF2D7137
:10333800232A9110FD74E98C232C81102328211154
:10334800232631112A84AE893289930600100A8611
:10335800A6852D45232E111097D0FF1FE780A015B5
:103368001315440151810A0513962900CA850A9547
:1033780097D0FF1FE7802053A6858566014625451F
:1033880097D0FF1FE78020130A86A68593060010B2
:10339800294597D0FF1FE78000128320C11103241D
:1033A800811183244111032901118329C110156159
:1033B8008280B7F7070003C70701411106C622C478
:1033C80026C24AC0A547631AF7009537B24022447F
:1033D8009244024901454101828013942500AA8440
:1033E8003289A286AA850146254597D0FF1FE78026
:1033F800800CA2864A86A685294597D0FF1FE780BC
:10340800800BE9B71D71494697250200938505F49D
:10341800172502001305C53886CE97D0FF1FE78011
:10342800005401E917250200130585F3EF00F24E59
:1034380001A0B7F600E0795798CAFD57DCCA0567BE
:10344800B7E700E023A0E7101306F00290C223A01C
:10345800E7180F10000017E7FF1F1307A79C23A802
:10346800E1884157A38AE74013060004814508080C
:1034780097D0FF1FE780404A97F7FF1F9387070FF2
:103488003EC8896793870780231AF1009D673ECC61
:10349800B7070105938707103ECEED472310F102C9
:1034A80085472301F10297070000938727D7BEC2FB
:1034B80097070000938727F0BEC48567938757D185
:1034C8002312F10297070000938787823ED8B7F549
:1034D800070097070000938727D63EDC81469707A9
:1034E8000000938747D33000E10519453EDE97D0A9
:1034F800FF1FE78040FC18088147994630003E9638
:103508000346060085070507A30BC700E398D7FE07
:10351800C24791C70357410185676373F70001A04C
:103528008307410263D7070493078008F3B707802E
:1035380093F787083EC40F100000B7170040130721
:1035480070052380E704130780FA2380E7040F102F
:103558000000B847B706100013670718B8C7985394
:10356800558F98D323800704A247F3A707800F102D
:1035780000000808EF106049AA8501C91725020054
:10358800130545DFEF00D22701A0F64025618280B0
:10359800411117050000130545D106C622C4EF10D6
:1035A8000043138441892300A4001928034504001B
:1035B8002244B24013060032896541016F00505A17
:1035C800797106D613078008F337078093F78708C1
:1035D8003EC20F100000B717004093057005238006
:1035E800B704130680FA2380C7040F10000083C6AF
:1035F800F70293F6A60FA387D70223800704924603
:10360800F3A606800F10000073370780137787082A
:103618003AC40F1000002380B7042380C7040F109A
:10362800000003C7F70213672700A387E702238078
:103638000704A247F3A707800F1000000545EFE035
:10364800DFADC13E814701478146054685451305E3
:10365800407EEFE07FB168005146814597D0FF1F5B
:10366800E780802BB707C0A83EC8B787E8039387D1
:1036780007D03ECA680097D7FF1F938787D43EC6F6
:10368800EF10806CB250456182802A86B305B04045
:1036980017250200130505DC6F009216011106CEEE
:1036A80019C589476301F502F24005618280680007
:1036B80097D0FF1FE780201F17250200130585E616
:1036C800EF00B225D5B7680097D0FF1FE780A01D8F
:1036D800172502001305C5E6E5B783D7418A63902D
:1036E800A7022393B18A2394C18A2395D18A2E866F
:1036F80017250200130505D4BE856F007210172523
:1037080002001305A5D46F0052210357450001118B
:1037180006CE83D7418A631FF702C167F917894527
:1037280003C5018223A2F18A23A4018AEF00B06DA8
:10373800914503C50182EF00106D85471306F1001E
:10374800854513055030A307F100EF70911EF24034
:103758000561828017250200130545CFEF00F21B93
:10376800FDB73D897D15954763E4A7161727020025
:10377800130787C20A053A951C41411122C406C69F
:10378800BA972E84828717250200130525CE224476
:10379800B24041016F00721883C725001947639131
:1037A800E7022E859D37834564001725020013051F
:1037B800E5CCEF00F204172502001305E5CDC1BFE3
:1037C8000D47E38AE7FEB24022444101828003C7E5
:1037D80025009547E319F7FEC16703D7418AF91712
:1037E80003D5A500630FF700EF70D1461725020037
:1037F800130585CBEF00721217250200130545CD7E
:1038080079B72392A18A83D7E5001306006403C51C
:1038180001822393F18A83D705012394F18A83D700
:10382800250189452395F18ADD472396F182EF002A
:103838003033096613060690A14503C50182EF00DF
:1038480030320566130606C8914503C50182EF00AC
:1038580030310356E4008355A400172502001305F0
:10386800E5C5EF00E27949BF03C725008D47172555
:1038780002001305A5C6E318F7F411BF83C5250098
:1038880091476397F500172502001305A5C601B7F0
:103898009947639FF50022858D3D83456400172570
:1038A80002001305A5BD2244B24041016F004275D4
:1038B8009547639AF50083471400F1F7172502002E
:1038C800130505C5E9B5172502001305E5C4E1BFD1
:1038D800828001119397050126CA06CE22CCC187A2
:1038E800AE8463D0070A03C50182BD292A8439C57D
:1038F800834705001307000B6384E7061307000DD1
:10390800639CE7028347250045476380E7046547D2
:103918006394E7020348A5008347950003478500A1
:103928008346750003466500834555001725020048
:10393800130505A8EF00C26C2285B5262165258DE3
:10394800F2406244D24405618280034665008345A3
:103958007500172502001305A5A8EF00626AE9BFE4
:10396800034745009307F007E318F7FC83558500E4
:1039780017250200130585A82396B182EF00426837
:1039880065BF93F7150091CF17F6FF1F1306068C36
:103998009385C19803C50182EF70014613C51400D1
:1039A80045B793F72500ADCB13060064894503C5D9
:1039B8000182EF00F01A930780F82302F10003D781
:1039C800C1828D4763EBE70017250200130545A464
:1039D800EF00A27413C52400A5B7854701478146A7
:1039E8000546ED4503D5418A2315F100EF50304FC8
:1039F8002AC66DD10356A1004C0097D0FF1FE7805F
:103A080080EA2C0003D5418AEFF04FFC61D5ED45E3
:103A18002800EF5090647DBF93F7850085C383C766
:103A2800018213074006814613064006994503D5CF
:103A3800418AEF70C13713C5840019B793F70501A0
:103A48009DC3014789460946814503D5418AEF70E0
:103A5800B122AA85172502001305859CEF00425A5A
:103A680013C50401F1BD93F745000145E38A07EC4E
:103A780003D5418AEF70D11D0566130606C8914526
:103A880003C50182EF00D00D13C5440055BD7971FF
:103A980017050000130525E406D622D426D2EF0028
:103AA800107393840182994705442380A400231A44
:103AB800F100100893074006854513055030231C74
:103AC800F10023088100EF70C16617E6FF1F130697
:103AD800267AF14513057030EF70A165138641828F
:103AE8009D4513056030EF70C16450088945130582
:103AF8001031EF7001643008894513052031EF70EB
:103B08004163930500050D45EF20104B9305000513
:103B18001145EF20704A85457945EF20F049300876
:103B28009145130570402304810023068100230872
:103B3800810002CC230A0100EF602118300085457E
:103B480013050040EF6061177000854513051040AC
:103B5800EF60A1165008854513052040EF60E11578
:103B68001008854513055040EF6021157D55EF502D
:103B7800607F7D55EF709045EFF02FBD7D55EFF0DC
:103B88002FD717E6FF1F1306266DD5450145EF50C1
:103B9800006C89472306F1008D472308F1009147FF
:103BA800230AF10093870186984383C747003000B2
:103BB800854501453ACC230EF10023048100EFF03E
:103BC800CFD8700085450545EFF02FD810088545FA
:103BD8000945EFF08FD7500885450D45EFF0EFD632
:103BE800300895451145EFF04FD6C1671387418AD4
:103BF800F9171CC3232207001385C181EFF00FD4E6
:103C08001385C189EF40F15903C504008545A12BEF
:103C1800B2502254925445618280411113058004A8
:103C280006C697C0FF1FE780004837170040832764
:103C3800870A8D451305002093E707202324F70AF8
:103C4800EFE03FF9EFF0EF9317250200130545B5B4
:103C5800EF00A24CEFF00FFBEFF09F93EF70110213
:103C68003D3597C0FF1FE780A07823AC05FE1C41B7
:103C780091E7010001000CC18280BA8703A787FF82
:103C88006DFF23ACB7FE8280184183A785FF6319B7
:103C9800B7001CC1FD5723AC05FE238FF5FE8280BB
:103CA800232CF6FEC5BF411122C437E400E026C22A
:103CB80004403707200006C6F98C2320E4180F10AB
:103CC800000009E9232094101545B240224492448B
:103CD800410182800347E5FF9307F00F6306F70071
:103CE800232094101145D5B797D0FF1FE780C07BDC
:103CF800014523209410D1BF411126C2B7E400E04A
:103D08004AC003A90400B707200006C622C43379B5
:103D1800F90023A0F4180F10000009E923A02411CA
:103D2800B2402244924402494101828095659385BC
:103D380005D0C98D2A842105C2054205C18141816A
:103D480097D0FF1FE780206701CDFD57232005008E
:103D5800231285002303F50023A024112105C9B7E8
:103D680023A0241101456DBF0111B7E700E04AC83F
:103D780003A907004EC63707200006CE22CC26CA64
:103D8800AA893379E90023A0E7180F1000009707E4
:103D980000209387670280438144014619E499E82B
:103DA800A1654E85EF00300605A08347E4FF6399BF
:103DB800370385CCA685170500201305E5FFE935EF
:103DC80065D0A1654E854526F2406244B7E700E01C
:103DD80023A0271126854249D244B2490561828031
:103DE80091E02286032484FF55BFA284E5BF4111D8
:103DF8004AC037E900E022C403240900370720003D
:103E080006C626C2798C2320E9180F10000089E520
:103E180023208910154515A0AA849707002083C779
:103E2800F7F92E8563F5F400894763EE9700A53D01
:103E3800B7E700E023A087100D45B2402244924422
:103E480002494101828083A785FF99E703C7E5FFFF
:103E58009307F00F6308F700B935B7E700E023A030
:103E680087104DBF238F95FE170500201305C5F455
:103E7800ED3BA1652685C52C01452320891075BF1A
:103E88009707002023AA07F28280970700209387CC
:103E980027F89C4399E33E85828003D72700631661
:103EA800B70003C70700E308A7FEDC47E5B7A5C1CD
:103EB800011106CE22CC26CA8147C14633D7F54028
:103EC800058B29C312053E9531473305E5021707CF
:103ED8000020130727F8044305443314F4002EC6C2
:103EE80042044180AA949C40C8408297B24523A0CE
:103EF800040023A20400A18DF2406244D2442E851E
:103F0800056182808507E39BD7FA0144EDB72E85CA
:103F18008280C9C1797122D406D626D24AD04ECE23
:103F280001444147B3D78540858BA5C31205314766
:103F380022953305E502970700209387A7F103A987
:103F480007008544B3948400C204C180BE892A99BD
:103F58000327090011C7032549002EC60297B24559
:103F680031473304E40283A709003E941C4489E7DF
:103F78002320090023220900B2502254A58D02599A
:103F88009254F2492E85456182800504E31CE4F8C9
:103F98008144DDB72E8582804111B7E700E022C455
:103FA80080433707200006C626C2798C23A0E7186D
:103FB8000F100000970700209387C7E59C53938450
:103FC800018399C782979C403E9523A8A18239A076
:103FD80097070020938747E39C43EDF78840B7474E
:103FE80003009387D73F3305F502B7A726009387C9
:103FF80037ECB24092443E9523A8A182B7E700E08F
:1040080023A0871022444101828001112E8626CAEE
:10401800AA84131506019305F004418122CC06CE2B
:1040280032C697D0FF1FE78000392A8419C5324667
:10403800A68597D0FF1FE78000872285F24062445B
:10404800D244056182807971B7E700E022D48043C9
:104058003708200006D626D24AD04ECE52CC56CAB1
:104068005AC85EC662C43374040123A007190F102E
:10407800000005E123A087100945B250225492544C
:104088000259F249624AD24A424BB24B224C45612C
:10409800828097070020938727D79C43BA8A368A5D
:1040A800B28B2E8BAA89829797070020938787DA8D
:1040B80098433E898144B146C147338CD4023306C4
:1040C8008701104241EAC165938505F0414597D0C3
:1040D800FF1FE780402E05E197070020938787D3CD
:1040E8009C5B81C7814511458297B7E700E023A013
:1040F80087102D4559B797070020938767D19843B4
:1041080031E79707002023A5A7D0230005008327C0
:104118000900054733179700232605002324750156
:104128002311E50023225501E29723A0370123A29A
:10413800670123A4570163040A0023009A00B7E724
:1041480000E023A0871001450DBF3E875C47F5FFBF
:1041580048C765BF8504E392F4F6B7E700E023A0FB
:104168008710214519BFB7E700E09843B70620003C
:1041780023A0D718758F0F1000009706002083C65C
:10418800F6C36373D50217060020130626C89316D4
:1041980015000842369583560500D58D2310B500C5
:1041A80023A0E7100145828023A0E7100D458280F7
:1041B800B7E700E09843B706200023A0D718758F0B
:1041C8000F1000009706002083C656BF6375D502FE
:1041D80017060020130686C393161500084293C5D8
:1041E800F5FF369583560500F58D2310B50023A0FD
:1041F800E7100145828023A0E7100D458280011158
:1042080037E700E026CA0443B706200006CE22CCD2
:104218004AC84EC652C4F58C2320D7180F10000088
:10422800130705FF1377F70FFD4763E5E70AB14664
:10423800B306D502970700209387C7C198433697DE
:104248001C43C9CB135A450005443D893315A400C6
:104258001314050141802E895285A2853D31AA8912
:1042680029CDA2855285A937970700209387C7B91A
:104278009C4382979707002083D707BF338727037C
:104288002A84814613060064B3B72703130507324F
:10429800B335E500BE95EFF0D111B3078500970659
:1042A80000209386E6BB3E87D44263E4A70063E41C
:1042B800D7003387D74023A4E900B7E700E023A05D
:1042C80097100145F2406244D2444249B249224A19
:1042D80005618280B7E700E023A097100945DDB7A4
:1042E8000111B7E700E026CA84433707200006CE4D
:1042F80022CC4AC84EC6F98C23A0E7180F1000003C
:10430800BD4763E9A70431473307E5029707002053
:10431800938747B49C43BA979C438DCF0544331485
:10432800A400420441802E890145A285B93EAA898C
:1043380011C5A2850145AD3D23A42901B7E700E0D9
:1043480023A097100145F2406244D2444249B24941
:1043580005618280B7E700E023A097100945E5B71B
:1043680079714AD037E900E026D283240900B707DB
:10437800200006D622D44ECE52CC56CA5AC85EC6A3
:10438800FD8C2320F9180F1000009707002083C721
:10439800F7A2637AF500970700209387E7A683AB17
:1043A800070063970B00B7E700E023A09710A9A0C8
:1043B800170B0020130BCBAA832A4B00B74736FEF6
:1043C800938707C82E8A9705002083D5E5A9BE9A4A
:1043D800B387C5022A84B2898146B3B5C50213855D
:1043E8000732B337F50013060064BE95EFF0617C21
:1043F80063F0AA02232099100145B2502254925426
:104408000259F249624AD24A424BB24B4561828014
:10441800829B9705002083D525A5B38735032A8974
:10442800130600648146B3B5350313850732B337E5
:10443800F500BE95EFF0E177B30725013E89032724
:104448004B0063E4A70063E4E7003389E740D285C3
:104458002285253C09C923242501B7E700E023A0CC
:104468009710054559BF936504F0C205C1814145C0
:1044780097D0FF1FE78020F419E99707002093875A
:1044880067999C5B8DD3A2851145829729BF9707B1
:1044980000209387E7979C4385E79707002023A987
:1044A800A7968547232605002324250123114501C6
:1044B80023008500A300F5002322050079BFBA87F1
:1044C800D84775FFC8C7F1BF7971B7E700E026D2B2
:1044D80084433707200006D622D44AD04ECE52CC89
:1044E80056CA5AC85EC662C466C26AC0F98C23A09E
:1044F800E7180F1000003DC14144B689B28A2E8AE0
:104508002A89B14C170B0020130BCB94054D130CC3
:104518000003B30B940303270B005E971C43A5E32A
:104528009375F400B315BD0013554440C205568673
:10453800C1811375F50F2D3539C183270B00DE971F
:1045480023A0270123A2470163840900238089004F
:10455800B7E700E023A09710014521A023A09710FA
:104568000945B250225492540259F249624AD24A39
:10457800424BB24B224C924C024D4561828005045D
:10458800E31984F9B7E700E023A097102145D1BFCC
:104598000111B7E700E026CA844322CC4AC84EC6B8
:1045A8003707200006CE2A84AE893289F98C23A0E9
:1045B800E7180F1000006D332285CE85EFF0FF8CD1
:1045C8002A8405C59705002083D5058AB387250366
:1045D800130600648146B3B5250313850732B33744
:1045E800F500BE95EFF0E15C48C013351400F240C9
:1045F8006244B7E700E023A097104249D244B24989
:104608000E05056182800111B7E700E04AC803A9D9
:10461800070022CC4EC63707200006CE26CAAA8934
:104628002E843379E90023A0E7180F100000EFF07B
:10463800DF85AA8419C123110500A2854E858D3E08
:1046480097F7FF1F83C78777639B370197F7FF1F8C
:1046580083D7477B5D8C97F7FF1F2395877AB7E74A
:1046680000E023A02711014591E01945F24062447A
:10467800D2444249B2490561828001114AC837E9EA
:1046880000E022CC03240900B707200006CE26CA82
:104698004EC67D8C2320F9180F1000009307F002F6
:1046A80063E8A704B147B304F50297F9FF1F93899C
:1046B800697A83A70900A6979C439DCB9377F50059
:1046C8008545B395F500C205C18111812D3F83A7AA
:1046D80009000145A69723A0070023A2070023206D
:1046E8008910F2406244D2444249B249056182804D
:1046F800B7E700E023A087100945E5B74111B7E700
:1047080000E026C2844306C622C437072000F98C7D
:1047180023A0E7180F100000EFF02FF719E9014563
:10472800B2402244B7E700E023A097109244410129
:10473800828097F7FF1F9387276D9C4300458297D8
:1047480097F7FF1F9387C7716368A402D843B746DA
:1047580036FE938606C83305A4403697E371E5FC18
:1047680013070064B335E50203D687008146330595
:10477800E502EFF001446DB7D8433A94C1BF411147
:1047880022C426C217F4FF1F1304846D97F4FF1F79
:104798009384C4629448584097F7FF1F9387C7666D
:1047A80006C69C436393E60882975440B74736FE93
:1047B800938707C8B6973387A7003A856364F700DD
:1047C8006364D7003305D74097040020938444825C
:1047D800DC5081CF97070020938747899443370798
:1047E800CDFF7D179C46F98F9CC611E1484097F78D
:1047F800FF1F93872762DC53829719E5DC508DC32E
:10480800EF00E177EFF0F047DC5099CB97070020F5
:104818009387C7859843B70633001C47D58F1CC7B5
:10482800B240224492444101828082979448584081
:10483800B387A6003E8563E4D700E3E7E7F833854E
:10484800E74059B7411106C697F7FF1F23A8A7608D
:104858000295B24097F7FF1F23AEA75601454101C5
:104868008280994763E9B7008A0597F7FF1F938706
:10487800A757BE9588C1828097F7FF1F23AEA75C14
:1048880011C5854717F7FF1F230FF756828041117F
:104898007146814517F5FF1F1305055506C697F79D
:1048A800FF1F23A7075697F7FF1F23A9075A97F754
:1048B800FF1F23AB075497F7FF1F2386075497F76B
:1048C800FF1F23AB075897C0FF1FE780E0041306BC
:1048D8008002814517F5FF1F1305454E97C0FF1F3E
:1048E800E7808003EF60514397F7FF1F9387875254
:1048F80003C5C70383C7D70385453E958D47330551
:10490800F50239051375F50F97F7FF1F2389A74A95
:1049180099473305F5021305052497D0FF1FE78053
:1049280080A917F7FF1F2327A75259CD994717F6D4
:10493800FF1F0346C6483306F602814513060624C0
:1049480097C0FF1FE78040FD97F7FF1F93878750A9
:104958009C439387072417F7FF1F2325F74817F76A
:10496800FF1F0347C7450A07BA9717F7FF1F232FEB
:10497800F748EFF0EFD0E12997F7FF1F93878746B5
:10498800944397F7FF1F83C77743139727003697FA
:1049980017F6FFFF1306265810C31387170013775F
:1049A800F70F0A07369717F6FFFF1306865010C34E
:1049B80013873700890793F7F70F8A0797F5FF1FC3
:1049C800A38EE53EB69790C3B2404101828097F727
:1049D800FF1F83C7B73E17F7FF1F0347473E63F321
:1049E800E70217F7FF1F1307E73F184393861700DF
:1049F80017F6FF1FA304D63C93962700369708C3E3
:104A08003E8582809307F00FE5BF1C41638407163B
:104A180041777D8FB70600208947631ED714035757
:104A28004500630A0714411122C419462A849305D4
:104A3800F00F610506C697C0FF1FE780E0F805473D
:104A48008D476304E5121C4481CB58589947630E7F
:104A58000710185C630B071013060004814517F54F
:104A6800FF1F1305253B97C0FF1FE780E0EA1306E9
:104A78000004A28517F5FF1F1305C53997C0FF1F4E
:104A8800E78060E297F7FF1F83D7873917F7FF1F83
:104A98001307473899E79307001097F6FF1F2391EC
:104AA800F63897F7FF1F83C7C73791E7854797F60B
:104AB800FF1F2388F63697F7FF1F83D7A73691E79E
:104AC800ED4797F6FF1F239FF63497F7FF1F83C71D
:104AD800573591E7954797F6FF1FA384F63497F764
:104AE800FF1F83C7473491E7854797F6FF1F238C3D
:104AF800F63297F7FF1F83C7173399E78347F70005
:104B080097F6FF1FA381F63297F7FF1F83C7D731A8
:104B180081CF93F63700898317F6FF1F230AD63211
:104B280097F6FF1FA386F63297F7FF1F83C7C72F95
:104B380091E7D54797F6FF1F2388F62E8347640130
:104B480099E79307C00397F6FF1F2380F62E1C579B
:104B580091C7829797F7FF1F2396A726FD5717F748
:104B6800FF1FA30BF75625338147B24022443E85E9
:104B78004101828089473E85828001114EC697F99E
:104B8800FF1F9389E92D83A7090006CE22CC26CAE8
:104B98004AC852C4829713090064B335250303DA5F
:104BA80089008146528633052503EFF0810097F787
:104BB800FF1F9387A720804FAA84014563069402AC
:104BC80033858440636E940003A54900528681466C
:104BD800B335A9023305A902EFE0B17D018D269511
:104BE80097F7FF1F23A8971EF2406244D244424918
:104BF800B249224A05618280011122CC0A852E849D
:104C08004146970502009385E56806CEEFF0E1334B
:104C1800180806043A94035504FF97F7FF1F83D733
:104C2800C724F2406244AA9737450F0013050524AC
:104C38003355F5020561828097F7FF1F83D7E72276
:104C480051471D45637CF702794719456378F70298
:104C58001307200315456373F7021307B0041145C2
:104C6800637EF700130740060D456379F7001307C5
:104C7800600909456374F70013B5B70F8280011105
:104C880022CC06CE2A842EC6EFF00FB1B245F240F0
:104C9800818D33A5A502229562441375F50F056130
:104CA8008280011122CC06CE2A842EC6EFF0CFAE28
:104CB800B245F240818D33A5A50222956244420592
:104CC800418105618280011122CC06CE2A842EC63C
:104CD800EFF08FACB245F240818D33B5A502229535
:104CE80062440561828097F7FF1F9387A712985740
:104CF80039CB411122C426C206C6BE84029717F7D3
:104D0800FF1F0357270C2A8415CBBA876373A700A4
:104D1800AA87C207C183BA866373E400A286C20663
:104D2800C182958F5147635BF700DC5491C382972A
:104D3800EF00A10D97F7FF1F23968708B240224482
:104D4800924441018280828097F7FF1F23A40712B3
:104D580097F7FF1F9387070CDC57011106CEAA852A
:104D680081C72AC68297B245CDC19C410545D9CB9A
:104D7800DC41C9CB83D78500D1C783D7A500D9C368
:104D8800514617F5FF1F1305A50D97C0FF1FE780B4
:104D980080B197F7FF1F238B070C97F7FF1F9387A7
:104DA800270C9C4317F7FF1F2320F70697F7FF1FD1
:104DB80083C7B7078DE79307805717F5FF1F03557C
:104DC800A50A3305F50237460F0013060624814667
:104DD8008145EFE0115E97F7FF1FA388A70417F737
:104DE800FF1F03479704A54763E7E700A94717F79D
:104DF800FF1FA30CF70217050000130545D8EFF0B5
:104E08007FA40145F2400561828097F7FF1F23A523
:104E180007FC97C7FF1F9387C7F717F7FF1F2321C3
:104E2800F7047D5797F7FF1F23AEE702B7873200D5
:104E3800938727A197F6FF1F23A8F60297F7FF1F6E
:104E480023860702B7C7004023A4E726B9B7011194
:104E580022CC17F4FF1F1304E4FB084406CE26CA2D
:104E68004AC801E90545F2406244D2444249056115
:104E780082805C58E5DB185C75D7700085458297A1
:104E88001844B247E300F7FE9305E00417F5FF1F47
:104E9800035505F997C0FF1FE780E05117F7FF1F7B
:104EA800232EA7F261D117F6FF1F035666F7930565
:104EB800F00F97C0FF1FE78020A6814417F9FF1F56
:104EC8001309C9EF97F7FF1F83C7A7F50326090240
:104ED80063C1F402328597C0FF1FE780E05C01459B
:104EE80097F7FF1F23AC07EE97F7FF1F23AA07EEDC
:104EF8009DBF97F5FF1F83D5A5F2B3879502084498
:104F0800185C898185043E9508C2029765BF011126
:104F180056C297FAFF1F938AEAEF83A78A0022CC2A
:104F28004AC84EC606CE26CA52C45AC0AA892E847A
:104F380032896386072203A74A0363090714130704
:104F4800F01F6367A71497F4FF1F938424E703AA4D
:104F5800040263170A0A9565938515E017F5FF1F84
:104F6800035505EC97C0FF1FE780E04497F7FF1F44
:104F780023A6A7E62A86630B051083A74A0303A581
:104F88008A0097F5FF1F83D5A5E98981829783A7B2
:104F98008A0003AA040217F7FF1F2323F7E48947AF
:104FA800639CF908C1476313F40E97F5FF1F83D577
:104FB80025E7938505FC9147B3C5F5028A05D29587
:104FC80003C725009307A005631EF70A83D70500CA
:104FD800639A370B4A852286910597C0FF1FE780A1
:104FE800808C9C505285639347150145F24062447A
:104FF800D2444249B249224A924A024B0561828010
:10500800D850E38EE7F89565938525E017F5FF1FDF
:10501800035505E197C0FF1FE780E0392A8A3DC59F
:105028002A8683A74A0303A58A0097F5FF1F83D51D
:1050380025DF89818297A5B78D47639DF900C14710
:105048006316F40497F5FF1F83D585DD938545FD29
:10505800F199B5B79147639AF9006319340397F545
:10506800FF1F83D5E5DBA115E5B793070010639F04
:10507800F900A14763EC870097F5FF1F83D545DA50
:10508800C115F9B79C5052856396470D2945B9BF9C
:105098001D6A568B6371450B130A05E01947334A9D
:1050A800EA0217F7FF1F0357A7D797FAFF1F938A3C
:1050B800EAD0330AEA023E9A83A74A026395470177
:1050C80083A40A029DE49305E00417F5FF1F035526
:1050D80025D597C0FF1FE780002EAA8445D98327CE
:1050E8004B0397F5FF1F83D5A5D32A86898152855F
:1050F800829791451307A005898193972500A69764
:1051080083C627006393E60483D60700639C3603AF
:1051180085058A052286A6954A8597B0FF1FE780F0
:10512800807883A70A02E38297EC268597C0FF1F41
:10513800E78080375DBD21677917E369A7F4330AF3
:10514800454185B783C5370045BF83A70A02E38F6A
:1051580097F2268597C0FF1FE780003505BF97F7B0
:10516800FF1F9387A7C58C5395D191479306A00538
:105178008983139727002E9703462700E318D6F054
:1051880003560700631C360185078A072286BE95E9
:105198004A8597B0FF1FE780007181BD83473700BC
:1051A800C1BF97F7FF1F9387E7C6984739C79C5F2A
:1051B800A9C705476313E504411122C417F4FF1F6B
:1051C8001304C4BF105006C60DC6485097F5FF1FFC
:1051D80083D505C589818297085097C0FF1FE7804E
:1051E800A02C97F7FF1F23AB07BE97F7FF1F23A934
:1051F80007BEB2402244410182808280011117F724
:10520800FF1F130727C14EC68329870022CC26CA51
:105218004AC806CE52C456C2AA842E843289638BE9
:1052280009201C5FBA8A99EB2945F2406244D244AE
:105238004249B249224A924A056182805C5BEDD7B5
:105248009307F01F63EAA70E97F9FF1F938909B721
:1052580083A70902B1CB03A58A0083A749026395F6
:10526800A70689476393F408C147E31FF4FA17F5C3
:10527800FF1F0355E5BA9147130505FC3345F502B1
:105288009317250003A509022286CA853E95930730
:10529800A0052301F50023109500110597B0FF1F05
:1052A800E7806060014551B79305E00417F5FF1FDB
:1052B800035505B797C0FF1FE780E00F97F7FF1F5B
:1052C80023AEA7B049F98DB783A74A0303A60902FD
:1052D80097F5FF1F83D5C5B48981829783A78A0074
:1052E80017F7FF1F232EF7AEADBF8D47639EF4005F
:1052F800C147E31BF4F217F5FF1F035565B2130509
:1053080045FD9377C5FFBDBF9147639AF400E31D40
:1053180094F017F5FF1F0355A5B02115DDB79307C6
:105328000010E393F4F0A147E3E087F017F5FF1FBF
:10533800035505AF4115F1B79D676379F5069307E6
:1053480005E01947B3C7E70217F7FF1F035747AD33
:1053580017FAFF1F130A8AA6B387E702BE998327A5
:105368000A02A1CF83274A026399370703250A0255
:1053780091461308A0059305F00F93D726001397BD
:1053880027002A9703462700631F0607835807004C
:105398000346370063959806B306D64063CF860464
:1053A80085078A072286CA853E95CDBD216779176C
:1053B800E36CA7E6B307F54041BF9305E00417F592
:1053C800FF1F0355E5A597C0FF1FE780C0FE97F7AD
:1053D800FF1F23A5A7A059F581BD83A74A0303266C
:1053E8000A0297F5FF1F83D5A5A389814E85829769
:1053F80097F7FF1F23A6379F95BF2310B700931673
:105408000601C1829DBFB385860017F6FF1F0356AC
:1054180026A19105130606FCE368B6E013063400DE
:10542800719A1106B2962301070123109700A30170
:10543800D700BDB797F7FF1F938747989453BE8946
:10544800A9C203A5090291461308A0059305F00F08
:1054580093D72600139727002A9703462700631837
:105468000605835807000346370063989800B3067B
:10547800D640E3D786F22310B70093160601C182FF
:10548800C1BF8357C70017F5FF1F034585999305CB
:10549800E0043305F5024205418197C0FF1FE7800C
:1054A80080F197F7FF1F23ABA79241FDB5BB17F615
:1054B800FF1F0356E69697F5FF1F83C58596B385AC
:1054C800C502338686001106E3E0C5D681BF0145D3
:1054D8008280011106CE2EC6EF80405C01C9B2451C
:1054E800F2400355250005616FC0A079F240494597
:1054F80005618280A38A018C238A018C23AE018AEC
:1055080023A0018C23A2018C23A4018C23AC018A43
:1055180023AA018A97F7FF1F9387079893064038B5
:105528002391D702F1761307400B938606B823918F
:10553800E7002392D70211679D46130600059305DD
:10554800000A1305007D2392E7002393D702414701
:105558008546130810F82395E7002396E70023995A
:10556800E700239AE700239BE700239CE7002394A6
:10557800E702239007002393B7002394B7002397EB
:10558800C7002398C700239DA700239E0700239FD9
:105598000700239007022395D70223960703239732
:1055A80007029308F007239807022392E70423933E
:1055B800E704239FE7042390E7062391E706239255
:1055C800E706239917031307C01C239AD702239BC6
:1055D800D702239C0702239D0702239E0702239FCD
:1055E8000702239007042391D704239407042395E3
:1055F80007042396D7042397C7042398C70423993D
:10560800A704239A0704239B0704239C0704239DCC
:10561800C704239EC7042393A7062394070623954C
:105628000706239607062397B7062398B7062399F4
:105638000706239AE7065147239DE7067D57239BD4
:105648000706239C0706239ED706239F0706239059
:1056580007092391E7088280011126CAAA842145F7
:1056680022CC06CE2E8432C636C43AC2EFE0CFE84A
:105678001DC9A24612473246930700FD2300F500D4
:105688009947A30095002301F5002303D500A30340
:10569800E5002312C500AA8522856244F240D2445F
:1056A80005616FE0CFF4F2406244D2440561828024
:1056B80023AEA18A828023A0A18C828023A2A18C00
:1056C800828023A4A18C8280011122CC4AC806CEF4
:1056D80026CA2A890144B30489006368B400F240E9
:1056E8006244D2444249056182802EC6EFE0DF8AD7
:1056F80093170501C183A183B2452380F400930762
:10570800140093F7F70F850463F9B700CA970904E3
:105718002380A7001374F40F7DBF3E847DBFC1674B
:1057280017E5FF1F0355A575FD176304F502411121
:1057380017F6FF1F0346468A9385C18C06C6EF807D
:105748008013B240FD5717E7FF1F231AF772410174
:105758008280828009C925151375F50F1335850ECA
:105768001345150082800145828023900500C9C633
:10577800797122D426D24ECE52CC5AC806D64AD0F7
:1057880056CA5EC63684328AAE892A8B814463F350
:105798004407B307940083C707001389140042091C
:1057A800939A070193DA0A011359090163840A04D9
:1057B800CA976341FA04B307240183CB07005E85C7
:1057C800513F0DC99387FAFF2390F90063906B034B
:1057D800130519002295B250225492540259F249E5
:1057E800624AD24A424BB24B45618280D694C20487
:1057F800C18071BF0145C5B701458280411126C2EC
:10580800AE8422C497E7FF1F23A2C76897E7FF1F4C
:1058180023ACB76697E7FF1F23A6A7662A844146ED
:105828009305F00F26854AC006C6054997B0FF1FA5
:10583800E78080196310250597E7FF1F9387C763E3
:10584800884BC145513541469305F00F228597B0E5
:10585800FF1FE7806017854463189502224497E785
:10586800FF1F93876761B24092440249C847C14508
:10587800410199BD41468145268597B0FF1FE780C4
:10588800A014E31225FD4DBF41468145228597B0FE
:10589800FF1FE7806013E30395FCB2402244924463
:1058A800024941018280411122C426C22E84AA8461
:1058B80013060002814517E5FF1F1305E55B06C6C1
:1058C80097B0FF1FE780400597E7FF1FA387975A08
:1058D80097E7FF1F23848770EFC0A03C854719C155
:1058E80081474945B240224417E7FF1F2306F7586E
:1058F800924441018280814781CD19C98547631B44
:10590800F50083C7550093E707FCA382F500854798
:105918003E85828089476317F50083C7550093F752
:10592800F703E5B70D478547E314E5FE03C75500C0
:105938001377F70313670704A382E500D1BF8147F4
:105948008DC105C103C755009306000C8547137721
:10595800070C6308D700930600048D476303D7003C
:1059680089473E858280411122C4005D06C626C251
:105978001DC8AA84085009C597C0FF1FE780C0B298
:10598800485009C597C0FF1FE78000B2085409C5F1
:1059980097C0FF1FE78040B1228597C0FF1FE780AF
:1059A800A0B023AC0402B240224492444101828058
:1059B80009ED97E7FF1F83C7474C17E5FF1F13053E
:1059C800254D81CB1385C18A828017E5FF1F1305FA
:1059D800254C828017E5FF1F0345254A828097E7FB
:1059E800FF1F93876749C847828097E7FF1F938700
:1059F800A748884B828097E7FF1F9387E747DC4BD0
:105A08008843828097E7FF1F93870747D84B1C433B
:105A180085071CC317E5FF1F034535469307F00F9D
:105A28006305F50091656FE00FF48280011122CCC7
:105A380006CE2E8432C6EF8020179147B245631FE9
:105A4800F5009387818C9C438DC303A30700630EE5
:105A5800030022856244F240056102839387018C2A
:105A68009C4381C703A34700DDB7F2406244054564
:105A780005618280011122CC2A840355450006CE97
:105A880026CA4AC84EC6EF70507035C52A89834465
:105A980005008349C500C13D4A85EF806050035524
:105AA8004400EF80A00B83C7418DB1CB6399970465
:105AB80083C5518D2685EFF0DFA119E1238A018C7A
:105AC80003554400EF80400E9147631FF5000357CC
:105AD800440097E7FF1F83D7873A6317F700FD57FE
:105AE80017E7FF1F231DF738F2406244D2444249AA
:105AF800B2490561828081499304F00F6DB793071D
:105B0800F00FE38FF4FA834664000356440003451C
:105B180024004E87A685893665B779715EC6AA8B3B
:105B28002E8552CC56CA5AC806D622D426D24AD076
:105B38004ECEAE8A328B368AEF7030657DC1045DF9
:105B48002A89E5C09C50614599C3130540039C54BC
:105B580081C751054205418163050A007105420567
:105B68004181DC5081C75D0542054181EFE0CF9856
:105B78002A8445C96146814597B0FF1FE780C0D98F
:105B880097E9FF1F83C949346394090083490900D1
:105B9800930700FD2300F400A947A3007401230123
:105BA800F400230364018C5023125401130584016B
:105BB80091C908C47146930A440397B0FF1FE78050
:105BC80080CE56858C5491C948C45146930A4501E4
:105BD80097B0FF1FE78020CD5685630C0A0008C8E0
:105BE8007146D285930AC50197B0FF1FE780A0CB05
:105BF8005685CC5099C548C85D4697B0FF1FE780C9
:105C080080CAA2854E85EFE08F9E2254B2509254EE
:105C1800F249624AD24A424BB24B4A85025945611F
:105C280099B3B250225492540259F249624AD24A64
:105C3800424BB24B4561828001114EC6AA892E851E
:105C48004AC806CE22CC26CA2E89EF70105421C924
:105C580097E4FF1F83C4442799E08344050019454E
:105C6800EFE08F892A8405CD8145194697B0FF1F3B
:105C7800E78080CA930700FD2300F400B947A3001A
:105C880034012301F40023122401A2856244F24066
:105C98004249B2492685D24405616FE04F95F240EA
:105CA8006244D2444249B2490561828039715ECE6C
:105CB800AA8B2E8526DA4ED652D456D25AD006DE74
:105CC80022DC4AD8AE84328BB68A3A8ABE8942C66A
:105CD800EF70B04B21CD2A894145EFE0EF812A844E
:105CE80031C54146814597B0FF1FE780E0C217E5FF
:105CF800FF1F0345651D19E103450900930700FDD2
:105D08002300F400BD472301F400B247A300740147
:105D18002312940023046401A304540123054401BD
:105D2800A30534015CC4A285EFE06F8CF250625485
:105D3800D2544259B259225A925A025BF24B21610B
:105D48008280797126D2AA8439454AD04ECE06D6A9
:105D580022D42EC6B2893689EFD01FFA21C1B245A6
:105D68009307000D2310F500B1472A842312B500CC
:105D78002301F500CE851905194697B0FF1FE78066
:105D880080B223062401A2852254B2500259F24956
:105D980013F5F40F925445616FE06F85B2502254A9
:105DA80092540259F2494561828017E7FF1F034761
:105DB800D70C9307F00F630DF706411126C2AA848A
:105DC800394522C406C64AC0EFD01FF32A8439C910
:105DD800930700FD2300F500A300950023010500AB
:105DE80097E5FF1F9385C50A0D05194697B0FF1F54
:105DF800E78060AB17E9FF1F13090908835789007B
:105E0800A28517E5FF1F034555072315F4008347AF
:105E180019002306F4002244B24092440249410189
:105E28006FD0FFFCB2402244924402494101828073
:105E3800828001115AC02A8B314526CA4EC652C4E7
:105E480056C206CE22CC4AC8AE84B28A368ABA89ED
:105E5800EFD09FEA35CD2A842685EF70103311C51F
:105E68000347C500A1476314F70417E9FF1F034957
:105E7800D900930700FD2300F4009D47A3006401A7
:105E88002301F40023129400231354012314440122
:105E980023153401A2856244F240D244B249224A11
:105EA800924A024B4A85424905616FD05FF417E96F
:105EB800FF1F0349B912E31E0BFA938741979C43CE
:105EC8009C47C5DBCE865286D6852685829755B7F0
:105ED800F2406244D2444249B249224A924A024BB1
:105EE80005618280011122CC2A84214506CE2EC666
:105EF800EFD09FE021C1B245930700FD2300F500D4
:105F0800C5472301F50083C73500A301F50083D7F2
:105F180045002312F50083C765002303F50083C7F6
:105F28007500AA85A303F50022856244F240056145
:105F38006FD0FFEBF240624405618280397162CC18
:105F48002A8C594526DA4AD84ED652D456D25AD037
:105F58005ECE06DE22DCAE8432C636C4BA8B3E8BF9
:105F6800C28A468A8359010403494104EFD0DFD825
:105F780025C93246930700FDA2462300F500954740
:105F8800A301C500A30085012301F5002A84194651
:105F98001105A9C2B68597B0FF1FE780C0902306F8
:105FA8006401230A240123157401231754012318BB
:105FB800440123193401A2856254F2504259B2595E
:105FC800225A925A025BF24B624C2685D2542161C6
:105FD8006FD0FFE1814597B0FF1FE780E093C1B71D
:105FE800F2506254D2544259B259225A925A025B20
:105FF800F24B624C2161828097E7FF1F83C7E7E776
:106008008DCB4111AA8519461385C18A06C697B05A
:10601800FF1FE78040899385C18A17E5FF1F034565
:10602800C5E5EFF05F8DB2401385C18A41016FB0BD
:1060380010480145828017E7FF1F034717E49307BD
:10604800F00F6305F708411126C2AA84294522C426
:1060580006C6EFD07FCA2A8429C1930700FD230012
:10606800F500A1472301F500A300950097E7FF1F5E
:10607800938787E083C727009385C18A1105A30FFB
:10608800F5FE194697B0FF1FE780E081A28517E566
:10609800FF1F034595DEEFD09FD517E7FF1F034786
:1060A800C7DD8D47631FF7009387418C9C4391CBD5
:1060B80003A38700630703002244B24092444101CE
:1060C8000283B240224492444101828017E7FF1FB5
:1060D8000347A7DA8D47631AF7009387418C9C43DF
:1060E80089C703A38700E31D03FC8280797122D44A
:1060F80006D626D24AD04ECE52CC094455CD2A894E
:10610800035505002E8A5144EF703008AA844DC506
:1061180097E7FF1F83C787ECFD1793F7F70F05472E
:106128004944637BF7080347C500A1476314F70098
:1061380063140A089C5C4544C1E3916593854571E5
:106148001305C00297B0FF1FE780E02688DCAA8904
:106158004D443DC11306C002814597A0FF1FE7804B
:10616800A07B835709009386490036852391F9005F
:1061780071469305490036C697A0FF1FE780A072B5
:1061880089472380F90003C5C400B24603560900B5
:10619800611597E5FF1F83C525E413351500EF80CA
:1061A80090262A8463060A00D2852685EF80200F70
:1061B80001C42685EFF02FFB2285B2502254925459
:1061C8000259F249624A4561828097E7FF1F83C7F7
:1061D800E7E0FD1793F7F70F05476378F708894756
:1061E80051C6011122CC26CA4AC84EC652C406CE90
:1061F800AA89368AB2842E89EF7020792A84D147F9
:1062080029C9485509C597B0FF1FE780E029F1451E
:106218002685EFD09FDF48D4CD4705CD8346C400FF
:1062280021478147639FE600630D0A000347A501E4
:106238000356050193062501AA854E85EF80E00DDA
:10624800AA8703474400630F090013676700230206
:10625800E400F2406244D2444249B249224A3E85AF
:106268000561828013674700DDB7C9473E85828094
:106278009307000463EBA70097E7FF1F9387C7C145
:1062880006053E9503550500828041657D1582808F
:10629800011122CC2A842E8526CA06CEAE84EF7040
:1062A800C06E1DCDB7470F009387F723094563E4F8
:1062B800870281450A85414697A0FF1FE780C06590
:1062C800A685231081000A85418023018100A3014E
:1062D8000100EF80E07EF2406244D2440561828092
:1062E8004945D5BF97E7FF1F2389A7CE82806F80D6
:1062F800B00B797152CC2A8A328522D426D24AD060
:106308004ECE56CA5AC85EC606D662C4AE8BB28A8C
:10631800368BBA843E89C2894684EF70006715C9F6
:106328002A8C63140A0213774B008347450015CF64
:1063380093E727012302FC008DEC631C0902639A92
:10634800090205E8ED9B2302FC00832B8C03639F65
:106358000B06B250225492540259F249624AD24A68
:10636800424BB24B224C45618280F59B93E7070173
:10637800D1B793E747002302FC0001CC1C484146F3
:10638800A2852324FC0213058C0197A0FF1FE78038
:10639800805163910B02D5D80325CC0209C597B06B
:1063A800FF1FE7806010F1452685EFD01FC6232622
:1063B800AC0261BFE30B09F80325CC0209C597B00D
:1063C800FF1FE780600EF1454A85C5B79DC483A7C6
:1063D8000B0299EB916593853571714597B0FF1F55
:1063E800E78060FD23A0AB0203A50B0219C5714627
:1063F800A68597A0FF1FE780004B6388090283A743
:106408004B0299EB9165938525715D4597B0FF1F08
:10641800E78060FA23A2AB0203A54B0219C55D46CB
:10642800CE8597A0FF1FE78000481DC483A78B0275
:1064380099EB916593851571514597B0FF1FE780DA
:1064480080F723A4AB0203A58B0219C55146A28588
:1064580097A0FF1FE78020452254B2509254F2497A
:10646800B24B224CCA865A860259424BD68552856F
:10647800D24A624A45616FF04FEA011126CA52C4F6
:1064880006CE22CC4AC84EC62A8AAE84EF70E04FA8
:1064980025C5AA893945EFD03F862A8431CD17E929
:1064A800FF1F034969A26314090003C90900930780
:1064B800000D2310F400AD472301F4009385690013
:1064C80013053400194697A0FF1FE780C03D93F7D6
:1064D8001400858085882306F400A30694002315FC
:1064E8004401A2856244F240D244B249224A4A8514
:1064F800424905616FD0BF8FF2406244D24442499D
:10650800B249224A0561828001114EC652C456C260
:1065180006CE22CC26CA4AC8AA8A2E8AB289EF7029
:10652800C0462DCD2A891305C002EFD0EFFC2A847E
:1065380035C597E4FF1F83C4249999E08344090073
:106548009307000D2310F400E9472301F400930595
:10655800690013053400194697A0FF1FE780A0348F
:10656800D285231554011305C400414697A0FF1F87
:10657800E7806033CE851305C401414697A0FF1F0D
:10658800E7806032A2856244F2404249B249224A19
:10659800924A2685D24405616FD07F85F2406244D5
:1065A800D2444249B249224A924A0561828093877D
:1065B800418B884301CD411106C697B0FF1FE78084
:1065C800A0EEB24023AA018A410182808280011193
:1065D80006CE22CC26CA4AC82EC6EF70003B39CD5B
:1065E800B24517E9FF1F0349298EAA840CD5631405
:1065F8000900034905004145EFD00FF02A841DCD5D
:106608009307000D2310F500A5472301F50083C764
:106618005400938564001105A30FF5FE194697A051
:10662800FF1FE78040289C54A285F2405CC4624466
:10663800D2444A85424905616FD06FFBF2406244FB
:10664800D2444249056182801D71A2CC86CE2A843B
:106658002EC6EF70803305CD8346C5001147AA8743
:1066680049456392E6029C5FB24599C383C56701B9
:106678002308B1009796000093866657100889454D
:106688002285EF709038F640664425618280514536
:10669800DDBF97E7FF1F83C76794FD1793F7F70FD1
:1066A8000547637AF704894721CA411122C426C2E3
:1066B8004AC006C6B2842E89EF70202D2A84D1479D
:1066C80005C5630809008347450093E727002302AF
:1066D800F5004146A6851305840197A0FF1FE780B2
:1066E800801C9C481CD48147B240224492440249F1
:1066F8003E8541018280C9473E858280797122D4D6
:1067080006D62A842EC6EF70402801CDB2452285D0
:10671800230EB1006C08EF701035B2502254456159
:1067280082805145DDBF6F70E03CC1671387E7FF8A
:106738006394E5029387018C9C4391EB49458280E1
:106748004945B2402244924402494101828003A350
:106758000700E30503FE0283411122C426C24AC092
:1067680006C6FD172A892E84B2846395F50293879D
:10677800018C9C4391CB9C4381CB829711E5238A62
:10678800218DA38A918C75BFA6854A85EFE07FD4B9
:106798004DF9F5B72E85EF70401F5DD18347050091
:1067A8000D45E39027FB22852244B2400249A68585
:1067B800924441016FB0E04C9307000463E2A706DE
:1067C8004111C16722C406C626C2FD172A8409459D
:1067D8006382F502C547AE846313F4022E85EFB0D9
:1067E800805117D5FF1F1305256B06042A94231023
:1067F80094000145B24022449244410182809307AB
:10680800A0036316F4002E85EFB02048D9BF930784
:10681800B003E318F4FC13F5F50FEFB04047D1B718
:1068280009458280411106C622C42A84EFE09FCC24
:10683800EF200010EF102062EF408173814517D5DB
:10684800FF1F130565631306000297A0FF1FE7806B
:10685800A00C97D7FF1F93872762130700F0239197
:10686800E700238207007D5797D7FF1F9387C776D6
:106878002381E7002380870022852244B240954582
:1068880041016F501023597193970501CAD086D6DC
:10689800A2D4A6D2CECED2CCD6CADAC8DEC6E2C43C
:1068A800E6C2EAC06EDEC1872E8963D1075A17D5C2
:1068B800FF1F03456572EFD02FCB8964416A856A53
:1068C800797B2A84938BD4007D1AA50A130CABFF1D
:1068D8001DE021653345A900B65026549654065943
:1068E800F649664AD64A464BB64B264C964C064D58
:1068F800F25D65618280834704001307200A639D67
:10690800E7000355240097D9FF1F83C9195722862A
:10691800D285EFF0AF9159A21307100997D9FF1F3D
:1069280083C9A96B6398E7188347140015476390D8
:10693800E7022285EFF00F942285EFD0CFB617D566
:10694800FF1F03456569EFD02FC22A8451B7394725
:10695800639BE71803554400631B55050C4483CC1F
:106968000500639D0C00850591C9194617D5FF1FC1
:106978001305055297A0FF1FE780E0F217D7FF1F06
:106988000347874F85476317F712638A0C0097D729
:10699800FF1F2383074E6685EFF02FC171BF89471C
:1069A80017D7FF1F230AF74CEFB0203071B7938732
:1069B8002400631AF506832C8400638D0C0E83C7AC
:1069C8000C008DE383C72C0003C71C00A207D98FD6
:1069D80017D7FF1F2316F74A83C73C0017D7FF1F97
:1069E800A30CF74817D7FF1F0347074989476313C5
:1069F800F70C83C70C0081CB97D7FF1F238E074660
:106A080003C50C0051BF8D4797D5FF1F83C5D546D9
:106A180017D5FF1F0355C54617D7FF1F230EF74489
:106A2800EF50300CF1BF938754006318F5001C44F5
:106A380003C50700EFF02FE001B7B3078501C207D0
:106A4800C18311476372F7049307ABFCAA971397A6
:106A580007014183F14763F1E7029387B4006312AA
:106A6800F5049387C18B9C43E38807EC9C43A2857C
:106A7800E38407EC82971DA0B70700189387F77087
:106A8800B3D7E700858BB9CB9387418C9C43E385CB
:106A980007EA9C43E38207EA22858297E31E05E81A
:106AA80011A89387C4006310F5021C4483C707002C
:106AB800E38407E89307F00FE380F9E8A2854E85A1
:106AC800EFD0EFB2ADBD9387E4006319F50093876B
:106AD800018C9C43E38207E6DC4351BF938714048F
:106AE800E301F5F8C1BF3D476397E7040355440048
:106AF800E30F75FD93879401E30BF5FC938734014D
:106B0800E31AF5FA97D7FF1F83D76737639E4701C4
:106B18009387018C9C43E38107E2DC43E38E07E023
:106B2800A28513853401B9B79387818C9C43E3858B
:106B380007E09C43E5B71307E003E39DE7F68347C7
:106B4800240005476397E70E83476400938D418BC4
:106B5800F1E383A70D00D5CB83CC0700A1490345FA
:106B68007400130D8400EA85EFE07FDD834744015C
:106B7800A303A400835804010358E4000357440006
:106B88002A86034534003EC283572401EA86E685F7
:106B98003EC0CE87EFF08FBA8347340095E7DD47D4
:106BA800835804010358E400834674008355440065
:106BB8003EC2835724016A8705463EC06685CE8754
:106BC800EF708015A301A40083A70D0081C71145AC
:106BD800EFF0FF9D03C5418DE30005D683C5518DB8
:106BE800EFE03F8FE30A05D4834634009307100390
:106BF800638AF600035644004E8783C5418D368567
:106C0800EFE09FA5238A018C05BB97DCFF1F83CC8F
:106C1800DC26A9B79387418C9C4397DCFF1F83CC64
:106C2800DC2591498DDFDC439DDB81450145829759
:106C38003DB729476391E70C83476400138D418B67
:106C4800C1E783270D00A5CF83CC0700A1490345E1
:106C580074009306840093772500D1C71376150036
:106C6800930D4401834704028358C4010358A401C7
:106C780003574400034534003EC28357E401E685C8
:106C88003EC0CE87EFF08FAB8347340095E7DD47F2
:106C98008358C4010358A4018346740083554400F3
:106CA8003EC28357E4016E8705463EC06685CE879F
:106CB800EF708006A301A40083270D0001BF97DCB5
:106CC800FF1F83CC9C1B59B79387418C9C4397DC4F
:106CD800FF1F83CC9C1A9149BDDBDC43ADDB8145AA
:106CE80001458297ADB7B68536CEEFE05FC5F2466F
:106CF8002A86B68D85BF0947639DE7009387C18BB8
:106D08009C43E38B07C2DC43E38807C22285829752
:106D180025B12D476399E7009387C18B9C43E38D89
:106D280007C09C47D5B70D476397E70022868D4576
:106D380003554400F9BE19476395E70693056102B8
:106D480013051031EF40212B2C1013052031EF4093
:106D5800812A03566400835781020355440063E87F
:106D6800C700835684000357610263F7E600930562
:106D78000002EFA05077C9B66374E6002313E4005D
:106D880063F4D7002314F4000357C4008356A40007
:106D9800035684008355640001488147EFA070744E
:106DA80061BE1D47E388E7D031476395E700228637
:106DB800B145BDBF35476399E7009387C18B9C43B5
:106DC800E38C07B6DC4789B739476396E700228525
:106DD800EF00D00395B63D476399E7009387C18BD1
:106DE8009C43E38B07B49C4B05B741476396E70088
:106DF8002285EF00900C89B645476396E700014568
:106E0800EF00701B15BE4947639EE7009387418CCE
:106E18009C43E38107CADC43E38E07C881450545E7
:106E2800829749B94D47639DE7009387418C9C43FE
:106E3800E38207C8DC43E38F07C6A2850945CDB7BF
:106E48006147E399E7C62286E145DDB593F715006A
:106E580081CF9387C18B9C4389C7DC4399C3014584
:106E68008297134519008DBC93F7250089CF938726
:106E7800418C9C4391C7DC4381C781450545829776
:106E88001345290091BC93F745000145E38607A403
:106E98009387818B9C4399CF854717D7FF1F230F73
:106EA800F7FC9387418C9C4391C7DC4381C781459C
:106EB8000545829797D7FF1F938707FCC8472C1073
:106EC800EF70702C2810EFF02F9397D7FF1F83D700
:106ED800C7FE81CF130600643386C702914517D5D4
:106EE800FF1F0345650FEFD0AFC713454900EDB24B
:106EF800011122CC2A84554506CE26CAEFF04FB799
:106F0800AA8413054002EFF0AFB62AC61305500253
:106F1800EFF00FB6AA86228562443246F240B335B6
:106F28009000D24405616FA03062797122D406D6F0
:106F38008D472E84631FF50003D7A50083D68500EF
:106F480003D665000345340083D54500EFE07FEEA6
:106F580009A889671387D7006310E50403C52500CE
:106F680019E58547B25022543E8545618280938752
:106F7800418B9443FDD603C6360083C5060081487D
:106F880002C202C00148814701479106EFE01FFB9A
:106F98000545EFF0CFE1F1B71387E700E303E5FC20
:106FA80013873701631AE50003C525005DD901473A
:106FB80081460146814559BFE507E304F5FAB14723
:106FC8006319F50017D5FF1F034535EBEFE09FF177
:106FD80049BF41677D178147E316E5F803C75500A8
:106FE800C947E310F7F883D6E50003D6C500035573
:106FF800840083D5A500EFA0305641C95D45EFF068
:107008002FA73335A000231CA10083454400035556
:1070180024003008EF60900783578101B9F36C08AA
:1070280013051031EF30317D9305E101130520314F
:10703800EF30717C8357C101035784006374F700F4
:107048002314F4008357E1010357A40063F4E70015
:107058002315F400835784000357A4006374F700D2
:107068002315F40003552400EFA0D0530357E40080
:107078008356C4000356A400835584000355240096
:1070880001488147EFA0F043E9BD8547231CF10083
:10709800ADBF17D7FF1F034797F49307F00F630996
:1070A800F70859C5411122C426C206C6AA84034559
:1070B800A5004105EFC05FC42A8435C59307000DBC
:1070C8002310F500D9472301F50083D74400231284
:1070D800F50083C764002303F50083C77400A30386
:1070E800F50083C784002304F50083C79400A30434
:1070F800F50003C6A4002305C5001DC2CC44410504
:1071080048C49790FF1FE780007AA2852244B240C6
:10711800924417D5FF1F034595EC41016FC03FCD41
:1071280023260500DDB7B240224492444101828003
:107138008280C1671387E7FF639DE5009387418BD2
:107148009C4395C383C707000D47639CA7006FA0A6
:107158009036FD1749476396F5009387418B9C430A
:10716800FDF73A8582804947EDBF797122D406D66A
:1071780026D24AD04ECE52CC56CA5AC8034705002A
:1071880085472A84630AF704034685009306950019
:107198009305E1000545EFE04FDD814719C18347BD
:1071A80005008346040011476380E6041387818D38
:1071B80018438D46034717006308D70295C70DC7C4
:1071C80019ED0145B250225492540259F249624ACB
:1071D800D24A424B4561828081470145D9B78546ED
:1071E8006318D7028D8BF1DF03451400130A2400BE
:1071F800D285EFE0CFF4A300A4001389C18D8327C3
:107208000900AA8A81499304F00F99EB05455DBFEF
:107218008946E318D7FA858BF9B7850993F9F90FE9
:1072280083C7618D63FDF90203250900139B49009B
:107238005A9583470500E38297FE83471500E39E2E
:1072480057FD1946D28509059790FF1FE7802071E1
:1072580069D58324090003470400DA9485EC834642
:1072680004009147E38FF6F483270900B9DB03C6CE
:10727800618D01479305F00FE305E6F4BE84C1076D
:1072880003C507FF630EB50A05071377F70FEDB7B8
:1072980088C4F5A09147631AF706C84405C5834713
:1072A8008400034605006304F6060347040091477B
:1072B800631DF706C84419C597A0FF1FE780C01EC5
:1072C80023A604000345840091659385E5710505AF
:1072D80097A0FF1FE780200E05C5034704009147CC
:1072E800631EF704C8C4834784009305940005050A
:1072F800A30FF5FE034684009790FF1FE780A05A6E
:10730800034584003335A00075BD884441BF93050B
:10731800940005059790FF1FE78060648547E31692
:10732800F5F85545EFE0DFF4BDA8884441DD97A0A6
:10733800FF1FE780601723A4040069B788C465B7F6
:107348002380D40083471400D28513852400A380AA
:10735800F40019469790FF1FE780E0540345840026
:1073680091659385F571050597A0FF1FE780A00437
:1073780005C5034704009147E31CF7F0C8C48347D9
:107388008400930594000505A30FF5FE03468400C9
:107398009790FF1FE780205183478400E39807E612
:1073A800034504007D151335150029BD797122D4D4
:1073B80026D24ECE52CC06D64AD056CA5AC82A84AD
:1073C8009309250003451500CE859384818DEFE050
:1073D8000FD7A300A4009C400D472A8A83C7170033
:1073E800639BE7001389C18D83270900814A639154
:1073F8000718054535A0FDD7144C034674019305BD
:10740800E1000545EFE06FB61DC998408546834702
:10741800050003471700631FD7008D8BE1F701456F
:10742800B250225492540259F249624AD24A424B0B
:10743800456182808946858BE316D7FAC5B78347AD
:10744800040011476385E7002D47E39AE7FC93841E
:10745800C18D9C40E9D7814A01491DA88840139BEA
:107468004A00834704005A95034705006311F70251
:1074780083471500639D47011946CE8509059790F6
:10748800FF1FE780C04D01C503A904005A99850A6A
:1074980093970A0103C7618DC183E3E1E7FCE31316
:1074A80009F4B5BF93944A0026950347050083471E
:1074B8000400631EF70A83471500639A470B1946B1
:1074C800CE8509059790FF1FE78060494DC1832746
:1074D80009001147BE94834704006385E7002D47E0
:1074E800639DE70203AAC4008347740103460A00A8
:1074F8006308F602528597A0FF1FE780E0FA03456C
:10750800740191659385E571050597A0FF1FE780D4
:1075180080EA15E5E39F04ECADA003AA8400E9B76F
:107528000C4C13051A009790FF1FE78040438547CE
:10753800E312F5FC5545EFE0BFD369DDCDB58347D0
:10754800040011476385E7002D476390E702C8C42C
:10755800834774010505A30FF5FE034674010C4C1F
:107568009790FF1FE780203475B788C4D5B7850A80
:1075780093970A0103C7618DC18303250900E3E3DB
:10758800E7F283C6618D0327090081471306F00FD0
:1075980011A8BA844107834507FF638AC500850798
:1075A800C207C183E3E7D7FEA9B588C499A083477A
:1075B8000400CE85138524002380F400834714003B
:1075C8001946A380F4009790FF1FE780C02D03455C
:1075D800740191659385F571050597A0FF1FE780F4
:1075E80080DDE30805E0034704009147E31FF7FA4D
:1075F800C8C4834774010505A30FF5FE034674014B
:107608000C4C9790FF1FE780002AE5B317D7FF1FA0
:107618000347F79C9307F00F6300F70A51CD411118
:1076280026C2AA84514522C406C64AC0EFC0CFEC80
:107638002A842DCD9307000D2310F500D54723018B
:10764800F50083C7340013898400CA85A301F500B7
:1076580083D744002312F50083C764002303F50091
:1076680003C57400EFE0AFADA303A400CA851305FA
:10767800840019469790FF1FE780E02283C7E40043
:10768800A28517D5FF1F034595952307F40083D7D7
:1076980004012318F40083C724012309F4002244B9
:1076A800B2409244024941016FC06FF4B240224493
:1076B8009244024941018280828017D7FF1F034705
:1076C80017929307F00F6304F70431C1411122C4E4
:1076D8002A84194506C6EFC02FE2AA850DC593076F
:1076E800000D2310F500DD472301F5008357440002
:1076F8002244B2402312F50017D5FF1F0345358EEB
:1077080041016FC0CFEEB2402244410182808280A5
:10771800011122CC1384C18D1C4006CE26CA4AC84A
:107728004EC652C499CF2E8AAA84014908406312D2
:107738009902630C0A0497A0FF1FE780E0D623AEE6
:10774800018CF2406244D2444249B249224A05615E
:10775800828093194900B3073501884709C997A062
:10776800FF1FE78060D41C40CE9723A407001C406D
:10777800CE97C84709C997A0FF1FE780E0D21C40F1
:10778800BE9923A60900050955B745DD139644009F
:1077980081459790FF1FE7802018144081477D5648
:1077A80013F7F70FE37F97F81397470036972300EF
:1077B800C7008507F5B7011152C4138A818D832745
:1077C8000A0006CE22CC26CA4AC84EC656C25AC09D
:1077D800C9CF2A89014419ED9387C18D944399CA69
:1077E80003C6618D2A8481479305F00F13F7F70FBD
:1077F8006367C708131534002105EFC0EFCFAA84CB
:1078080001E92145EFC04FCFAA8421C501444D4964
:10781800930700FD2380F4008547A380240123817A
:10782800F400A38184005DC41389840023A2240189
:107838008149938AC18D130BF00F83C7618D63F360
:10784800F90031E883270A00A68503C50700EFC0C1
:107858000FDA814503C5618D653D03250A0097A0B0
:10786800FF1FE78060C423AC018CF2406244D2441D
:107878004249B249224A924A024B056182801397D3
:1078880047003697034707006305B70005041374DC
:10789800F40F8507A1BF83A70A0093954900BE95F9
:1078A80083C70500638467032300F90083C71500B5
:1078B800130529007D14A300F900194689051374DE
:1078C800F40F9790FF1FE78000FE2109850993F9BF
:1078D800F90FA5B723A20400B5B79387818D9C4300
:1078E800B1C7411122C406C62A841DE10945EFE04B
:1078F8003F982A8601C9854517C5FF1F0345C56DF1
:10790800EFC01FA60545EFF0AFDE2A84054519C86C
:10791800854517C5FF1F0345256CEFC0DFCE2285BF
:10792800593D0545B240224441018280014582808B
:1079380089679386B7006316D5009C4503C5070081
:1079480069BF9386C7006318D5009C45854603C563
:10795800070019C9F5B793861704E300D5FE938786
:1079680027048146E303F5FE36858280797106D6C1
:1079780022D426D24AD04ECE52CC56CA5AC85EC657
:1079880079C983473500AA8985C7404115C059453B
:10799800EFE01F8E931A850193DA8A410149138A11
:1079A800818D130B000DB54B83C73900636DF9004A
:1079B800B250225492540259F249624AD24A424B76
:1079C800B24B456182808307840263CD57078327C2
:1079D8000A00ADCB2285EFF04FF92DC50345840091
:1079E8005105EFC06FB1AA8431CD23106501230181
:1079F800750183470400194693052400A301F50087
:107A08008307840215052303F50083471400A30F99
:107A1800F5FE9790FF1FE78000E903468400238660
:107A2800C4001DC61385440188C893059400979027
:107A3800FF1FE78040E783270A00A68503C50700E4
:107A4800EFC0EFBA0509130494021379F90FA9BF1F
:107A580023A80400CDB79387818D9C43B1DBA13B5C
:107A68002254B25092540259F249624AD24A424BC5
:107A7800B24B014545616FF0AFC7797106D622D484
:107A880026D24AD04ECE52CC56CA5AC85EC671C10A
:107A980083473500AA8985C7444195C05945EFE019
:107AA8002FFD931A850193DA8A410149138A818D42
:107AB800130B00FDC14B83C73900636DF900B25049
:107AC800225492540259F249624AD24A424BB24B6A
:107AD800456182808387F40063C8570783270A00BB
:107AE800A5C75145EFC04FA12A8439CD23006501B0
:107AF800A30005002301750183C704001946938577
:107B08002400A301F5008387F4001505A306F500FA
:107B180083C71400A30FF5FE9790FF1FE780A0D836
:107B280083C78400938594001305C400A305F4005B
:107B380019469790FF1FE78000D783270A00A28580
:107B480003C50700EFC0AFAA0509C1041379F90FEF
:107B58009DB79387818D9C43BDD3EFF0DFC5225439
:107B6800B25092540259F249624AD24A424BB24B3D
:107B7800014545616FF0CFB75D7186C6A2C4A6C244
:107B8800CAC04EDE52DC56DA5AD85ED662D466D205
:107B98006AD06ECE630C0526834735002A898DCBC3
:107BA80040411DC45945EFE0AFEC93178501E187CB
:107BB8003EC681449389818D130A000DC94B054C3B
:107BC800B54C130D00FDC14D8347390063E1F40244
:107BD800B640264496440649F259625AD25A425B44
:107BE800B25B225C925C025DF24D61618280830728
:107BF800C400324763C6E71683A7090063820716E5
:107C0800034B040093770B01CDCFCD47631EFB06D2
:107C1800230004002285EFF06FF9630305148347FE
:107C2800040011476363F7146399870D5145EFC04A
:107C3800AF8CAA8A630605122300A501A3000500DC
:107C48002301B50103470400194693052400A30145
:107C5800E5000307C4001505A306E5000347140063
:107C6800A30FE5FE9790FF1FE780E0C303470401D9
:107C7800194693051401A385EA001385CA00979055
:107C8800FF1FE78040C2F1A0D5476318FB00854776
:107C98002300F400A30B0400B5BFF547E309FBFE7E
:107CA800C9476316FB0089472300F400A5B7C147FD
:107CB8006314FB008D47CDBFED47E31DFBF49147EF
:107CC800E5B793778B0099C3AD47F9BF93761B004F
:107CD80093774B0091C699C395475DBFA147E9B714
:107CE80093762B0091C699C3A5475DB799476DBF99
:107CF80099C3A94755BF9D4745BF03457401510521
:107D0800EFB09FFFAA8A29CD2310450123019501D1
:107D180003470400194693052400A301E50003075F
:107D2800C40015052303E50003471400A30FE5FE6F
:107D38009790FF1FE78020B7034674012386CA0087
:107D480019C613854A0123A8AA000C4C0DBF23A805
:107D58000A0003A70900D68503450700EFC02F894D
:107D68008504710493F4F40F85B503457401130574
:107D78000502EFB07FF8AA8A65D5231045012301D3
:107D880075018346040013770B061946558FA30126
:107D9800E50003471400930524001505A30FE5FE2D
:107DA8009790FF1FE78020B003478400194693058A
:107DB8001401A385EA000347940013853A0123863A
:107DC800EA000347A400A386EA000347B400238718
:107DD800EA000307C400A387EA000357E4002398D6
:107DE800EA00034704012389EA009790FF1FE78010
:107DF80080AB03467401A38CCA0011C613850A021E
:107E080023AEAA0099B723AE0A00A1B79387818D44
:107E18009C43E38F07DAEFF01F9A2644B640964456
:107E28000649F259625AD25A425BB25B225C925CB2
:107E3800025DF24D014561616FF08F8B97C7FF1F9F
:107E480083C7C719A18B17C5FF1F1305650E91E3DB
:107E580001456FD05F86238B018CFD5717C7FF1F25
:107E6800A30FF71623AE018C23AC018C97C7FF1F15
:107E78009387C70A170700001307C7AB98C31707EC
:107E880000001307E7AED8C317070000130727BF82
:107E980098C717070000130767CED8C717F7FFFF63
:107EA8001307671F98CB97C7FF1F9387670817F7B4
:107EB800FFFF1307472898C317F7FFFF1307270784
:107EC800D8C38280411122C485452A8403C5618DA7
:107ED80006C6EFF0FF8397C7FF1F83C72710A98B3C
:107EE800B5CB17C5FF1F13056503238B818CEFD016
:107EF8002FFC1384C18D1C4091C74D45B2402244CC
:107F08004101828003C5618D19E10145C5BF9165B5
:107F18009385B57112059790FF1FE780C04923AE7E
:107F2800A18C61DD03C6618D120681459790FF1F04
:107F3800E780809E104083C6618D8147FD5513F709
:107F4800F70FE374D7FC1397470032972300B70065
:107F58008507F5B70145238B018CEFD06FF575B711
:107F68009387818B884301CD411106C69790FF1FE7
:107F7800E7808053B24023AC018A4101828082802D
:107F880001111305700306CEEFE08FAE2AC6130564
:107F98008003EFE0EFAD2AC413059003EFE04FAD87
:107FA8002246B245F240AA86054505616F901059F0
:107FB8005D711305D00386C6A2C4A6C2CAC0EFE08D
:107FC8002FAB2A841305C003EFE08FAAAA841305F8
:107FD800E003EFE0EFA92A891305F003EFE04FA9CA
:107FE8008A871377F50F9376F90F13F6F40F9375C5
:107FF800F40F0545EF909055B6402644964406493F
:10800800616182805971A2D41384818B1C4086D609
:10801800A6D2CAD0CECED2CCD6CADAC80545F9C7C0
:108028009305F1041305F041EF1041649305F10441
:108038001305F041EF1081638346F10417C7FF1F52
:108048000347A7E3B337E00091C2890718403EDE33
:108058000345370093054700EFD0FF8918402ADC15
:108068000D45834527002EDAEFE08FA02AD8114569
:10807800EFE00FA000402AD665450347A400034B54
:10808800B4003AD4EFE0CF9EAA846945EFE04F9E52
:108098002A897145EFE0CF9DAA896D45EFE04F9D94
:1080A8002A8A7545EFE0CF9CAA8A7945EFE04F9C74
:1080B800E2046258F2572257B2564256D255137507
:1080C800F50F93FAFA0F137AFA0F93F9F90F137958
:1080D800F90FE1842ACC56CA52C84EC64AC426C2F1
:1080E8005AC0930844000545EF90B041B650265455
:1080F80096540659F649664AD64A464B65618280C7
:10810800011122CC06CE8D472E846316F50603C7CF
:108118003500E94703D545006318F70097C7FF1FE7
:1081280083D7E7D56385A706EF50300609C583577F
:1081380064002317F5000357A400835684000356F0
:1081480064008355440003453400EFD09FCE0357A5
:10815800440097C7FF1F83D787D26308F700854776
:10816800F24062443E8505618280FD5717C7FF1FB4
:108178002317F7D0EDB78967CD07631DF50083C7CF
:10818800250031476385E7004547E39AE7FCEFD0D0
:108198000FD9F1B7B1476319F50017C5FF1F03459C
:1081A800F5E3EFD03FD465BF41677D178147E319F9
:1081B800E5FA83C655004947E394E6FA83C54500C6
:1081C80003552400300023140100EF50006741BF1D
:1081D800411122C406C626C283C7018E1307E00FC9
:1081E8002E846383E7041307F00F6387E7021145C2
:1081F800EFB09FB015C1930700FD2300F500894734
:108208002301F5008547A3008500A301F500AA8591
:1082180003C5018EEFB0BFBDF9572380F18EB24080
:108228002244924441018280AA841145EFB0DFAC18
:108238007DD5930700FD2300F5008947A30085003D
:108248002301F500A30195002244B2409244AA8577
:1082580003C5118E41016FB09FB979714AD0138956
:10826800818B8327090022D406D626D24ECE52CC43
:108278004544C5EF97C7FF1F83C747D6958B494429
:10828800CDC7AE899165A380A18EAA8493857571A7
:1082980031459790FF1FE780001223ACA18A4D4417
:1082A80049C523009500A30005002946CE85090588
:1082B8009780FF1FE780205F83270900914603C747
:1082C800270063EEE6083DEB4D472381E70003C72F
:1082D8002700136707012381E70093057100130541
:1082E800F041EF10A13883477100F9EB17C7FF1F62
:1082F8000347A7B88D476315F70CEFD04FEE2C0056
:10830800EF6060682800EFD03FCF4545EFD05FF6BB
:10831800014401CD130600643306C502914517C513
:10832800FF1F034565CBEFC0AF832285B2502254AF
:1083380092540259F249624A456182808546631423
:10834800D700754759B789466314D7004947B5BF61
:108358008D466314D70041478DBF5547BDB7954635
:108368004A8A630ED70099466316D70009472381C6
:10837800E70031A01D466314C70223810700654545
:10838800EFD01FEF9307F007E309F5F403270A007E
:108398008347270093E707042301F7003DBF2146E1
:1083A8006314C7000547E1B725466315C700238155
:1083B800D700F1B7A9460544E319D7F6114745BFD9
:1083C800EFF05FC42A8435D1EFF09FB9B9BF01112E
:1083D80026CA9384818B9C4022CC06CE4944A9C7E7
:1083E80083C707000D446391A704894517C5FF1F7C
:1083F800034585BEEFC02FA1914517C5FF1F034553
:10840800A5BD2392018EEFC00FA09C400147814675
:10841800A38087001306F100854785450145A3071A
:10842800F100EF9070112A842285F2406244D24410
:1084380005618280011106CE22CC26CA85476319C0
:10844800F50683D7418EB1CB17C7FF1F034707A394
:1084580029E71307B003636DF702894517C5FF1FA6
:10846800034585B7EFC02F9A9307006403D6418E62
:108478003306F602894517C5FF1F0345E5B5EFB07A
:108488003FEE2392018EF2406244D244056182801D
:10849800938747FC2392F18EFDB79387818B9C438A
:1084A800FDD36244F240D24403C50700056105B715
:1084B8009384818B9C40E1DB97C7FF1F83C707B27A
:1084C800918BF1D389476313F5062D452EC6EFB07E
:1084D800BF822A844DD9B245930700FD2300F500D9
:1084E800E547A30005002301F50083C735001505FE
:1084F8001946230FF5FE83C745009505A30FF5FE22
:108508009780FF1FE780203A17C5FF1F034515AD69
:108518009307F00F6315F5009C4003C50700A2857B
:108528006244F240D24405616FB07F8C894517C51B
:10853800FF1F034565AAEFC00F8D6244F240D24485
:108548002392018E05616FF0BFA197C7FF1F83C7F4
:10855800E7A8958B81CF9387018F9C4391CB854763
:1085680017C7FF1F230AF79C6FF09FA14945828018
:108578004145828097C7FF1F2380079C8545014599
:108588006F90407C97C7FF1F83C747A5958B91C7FE
:1085980085472381F18E6FF0BFA1494582802381F1
:1085A800018E814505456F90A07A9307C01C63FC36
:1085B800A700094582800945F2406244D2444249F5
:1085C800B249056182805DC5011122CC2A8421054A
:1085D8004EC64205AE8991659385657141814AC849
:1085E80006CE26CA9790FF1FE780E0DC2A8961D56E
:1085F8009384C18E884009C59790FF1FE780C0EA21
:10860800130589002320A9002286814523A6218FEE
:108618009780FF1FE78040309C402286CE858843A4
:108628009780FF1FE78020289C402392870093872C
:10863800818B9C4385CF97C7FF1F83C7279A958B4C
:1086480085CB9387C18E9C4399CF984383D64700A7
:108658006244F240D2444249B24905468D45054537
:1086680005616F90E06C01478146DDB70145A9B708
:10867800494599B79387818B9C438DC797C7FF1F3F
:1086880083C7C795958B8DC39387C18E9C4381CB38
:10869800984383D6470005468D450545D9B7014718
:1086A8008146D5BF01458280494582809307C01C19
:1086B80063FCA700094582800945F2406244D24420
:1086C8004249B249056182805DC5011122CC2A84E4
:1086D80021054EC64205AE89916593855571418144
:1086E8004AC806CE26CA9790FF1FE780C0CC2A89C1
:1086F80061D59384418F884009C59790FF1FE78013
:10870800A0DA130589002320A9002286814523AA1F
:10871800218F9780FF1FE78020209C402286CE85EE
:1087280088439780FF1FE78000189C4023928700AA
:108738009387818B9C4385CF97C7FF1F83C7078A81
:10874800958B85CB9387418F9C4399CF984383D64C
:1087580047006244F240D2444249B24905468D4539
:10876800054505616F90005D01478146DDB701450C
:10877800A9B7494599B79387818B9C438DC797C7FC
:10878800FF1F83C7A785958B8DC39387418F9C4314
:1087980081CB984383D6470005468D450545D9B713
:1087A80001478146D5BF01458280494582809307AC
:1087B800C01C63F4A70009458280797122D44ECE8B
:1087C80006D626D24AD0AE892A8431CD21059165B4
:1087D80042059385757141819790FF1FE780A0BD81
:1087E8002A890945630109089384018F884009C5CE
:1087F8009790FF1FE78040CB130589002320A9002D
:108808002286814523A8218F9780FF1FE780C0100B
:108818009C402286CE8588439780FF1FE780A0086A
:108828009C40239287009387818B9C43014585CF89
:1088380097B7FF1F83C7877A958B49458DC76C000B
:108848001305D030EF20217BB247014593F7070F7E
:1088580099CB9387018F9C438D450545944303D657
:108868004700EF90E04DB250225492540259F24919
:10887800456182809387C18E9C4391CF03D6470080
:108888008C43411106C69780FF1FE780C001B240A4
:10889800014541018280094582809387C18E9C43AE
:1088A80085C79387418F9843894705C30356470077
:1088B8000C43411106C69780FF1FE780C0FEB240F7
:1088C80081473E854101828089473E858280938722
:1088D800C18E9C4385C79387018F9843894705C3F9
:1088E800035647000C43411106C69780FF1FE780D7
:1088F80080FBB24081473E854101828089473E85A1
:10890800828097B7FF1F83C7676D918B99CF4111FD
:108918001385818E06C6EFC0DFDAB240FD5717B760
:10892800FF1F231EF7544101828001456FC07FD984
:10893800FD57A380F18EF9572380F18E97B7FF1F5B
:10894800238C075E2381018E2392018E23A6018E3C
:1089580023AA018E23A8018E97B7FF1F938707418B
:10896800170700001307272198C3170700001307EC
:10897800A7ACD8C317F7FFFF1307076998C717F7FE
:10898800FFFF13072760D8C717F7FFFF1307876292
:1089980098CB97F7FFFF9387E77623A4F18E828021
:1089A800411126C29384818B9C4006C622C485CF80
:1089B8002A840D45EFB04FB4AA8519CD930700FD61
:1089C8002300F5008D47A30085002301F5009C4096
:1089D80003C50700EFB0AFC119C42244B2409244A6
:1089E80041016FF0EFD7B2402244924441018280A6
:1089F80079714ECE9389818B83A7090026D206D63A
:108A080022D44AD052CC8144A1C783C417008547D9
:108A18002A896388F40497B7FF1F83C727468544CC
:108A280085EB0D45EFB04FADAA8505C1930700FD55
:108A38002300F5009147A30025012301F50083A732
:108A4800090003C50700EFB08FBAEFF06FD1854476
:108A5800B2502254268502599254F249624A45611D
:108A680082809387C18E9C434E8A85E30145EFD06F
:108A78003F802A8601CA894517B5FF1F0345C5559A
:108A8800EFB01F8E83270A00B1A0944303D6470096
:108A98009305E1000545EFC05FCD69D9834705001F
:108AA800858BE9D70545EFD0AFFC9307B0032A843F
:108AB80063F2A7045D6613060670894517B5FF1FA4
:108AC80003458551130444FCEFB09FAC2392818E7B
:108AD80083A709000947A380E70097B7FF1F83C74B
:108AE800E73991C797B7FF1F238A073895B74A8593
:108AF800453DB9BF130600643306C502A5BF411141
:108B080022C42A840D4506C6EFB00F9F15C19307EE
:108B180000FD2300F500CD47A30085002301F500E3
:108B28002244B240AA8503C5118E41016FB02FAC13
:108B3800B240224441018280411122C42A840D4559
:108B480006C6EFB06F9B15C1930700FD2300F50023
:108B5800ED47A30085002301F5002244B240AA8511
:108B680003C5118E41016FB08FA8B2402244410164
:108B78008280035745000111896606CE22CC26CA99
:108B880013866600AA876317C7009C47014583C5FB
:108B9800070009A813868600631AC7009C47054585
:108BA80083C50700EFF0CFE205453DA81386960080
:108BB8006313C7021387818B1843014515C79C4768
:108BC80003C50700631B050C8547A300F70005458F
:108BD800EF90200ED1BF1386A600631CC7009C47E8
:108BE80003C50700EFF0DFE0F2406244D2440561BC
:108BF800828013866603E30AC7F813867603E30FB9
:108C0800C7F813868603631DC7081C451307E00FC2
:108C180083C4070083C7018E638EE7021307F00F32
:108C28006386E7021145EFB02F8DAA8505C193072A
:108C380000FD2300F5008947A30095002301F500F6
:108C4800A301050003C5018EEFB06F9AF957238081
:108C5800F18E99BF9387818B98433E84014549D70C
:108C680085EC85447D4523059100EFD06FE0231600
:108C7800A10013050002EFD0AFDF1C40A305A1003F
:108C88001307B100A380970074001306A10085455F
:108C98000545EF90600A09BF2685EFF07FD029B718
:108CA80013869603E30DC7F21386E6036317C7001E
:108CB8001C45094583C50700F5B59386F603631D72
:108CC800D7021C4503C507002DED6C001305D030F5
:108CD800EF206132B247414793F7070FE386E7EC8D
:108CE8009305B10013056031EF20E1300345B10071
:108CF8008545EF9020054DBD8966138606046315EA
:108D0800C7041C4503C4070097B7FF1F83C7C722C2
:108D1800228585EB0D45EFA03FFEAA85E30605E811
:108D2800930700FD2300F500D1472301F500A300B8
:108D380085009387818B9C4303C50700EFB02F8B79
:108D4800A5B5EFF0DFDB8DB513861605631BC700ED
:108D58001C4503C5070021E585450545EF80507F83
:108D6800A1B5938626050145E310D7E89C4703C4BF
:108D7800070083C7218E22859DE30D45EFA0DFF70D
:108D8800AA85E30305E2930700FD2300F500F147F8
:108D9800A30085002301F50003C5118E45B7EFF048
:108DA800BFD919B5411197B7FF1F83C7272306C637
:108DB800958B99CB17B5FF1F130545FBEFC01F9087
:108DC8004D45B240410182800145EFC03F8F0145CA
:108DD800CDBF03C70500937625009377D70F99C2B7
:108DE80093672700131885011358884113F7F7076D
:108DF8006354080013E70708937685009377770F85
:108E080099C2936787001377050293F6F70D19C384
:108E180093E607022380D500634508009377A502EF
:108E280081CB8347060093E7C7002300F6008280C2
:108E38007DFD83470600CD9BCDBF2D4563190714E3
:108E480003C8050009476310E814C8410347150023
:108E5800034505002207498F42070D65418793089E
:108E680025A0630B170B011122CC26CA4AC84EC68F
:108E780006CEBE89B68432842E8963CEE800930775
:108E880005A0630DF702130515A06300A70623903C
:108E980004000545B5A0930745A06309F708634892
:108EA800F706130565AAE314A7FE85472390F60085
:108EB800DC4583C707002300F60091A0C8459780CA
:108EC800FF1FE78080A8420541814E866373350104
:108ED8002A862390C400420641828325C900228540
:108EE8009780FF1FE780209C19A8DC4583D70700DF
:108EF800239006012300F600A183A300F600014594
:108F0800F2406244D2444249B2490561828099479D
:108F18002390F6001946D1B785472390F600DC4523
:108F2800014583C707002300F6008280DC45A9CBF2
:108F380021472390E60003D707002300E60003D764
:108F480007002183A300E60003D727002301E600DA
:108F580003D727002183A301E60003D74700230294
:108F6800E60003D747002183A302E60003D7670082
:108F78002303E60083D76700A183A303F60041B764
:108F880023900600ADBF23900600054582808280AD
:108F980083C805008947639BF814DC41797122D4A2
:108FA80006D626D24AD04ECE52CC03C8170083C765
:108FB80007002E8422083368F80042088D6713588A
:108FC8000841138327A0630468102A8A3A89B68463
:108FD800B285634C0301138707A0630AE8029387ED
:108FE80017A0630BF808854711A8138737A0630CEF
:108FF800E80A138767AA8D47E317E8FEB2502254A0
:1090080092540259F249624A3E8545618280484439
:1090180032C69780FF1FE7804093420541819D47F4
:10902800E36E25FDB309990083C7A18FB24563D4C8
:109038003701B547E1B748442686C2094A95978063
:10904800FF1FE7804086484403C6A18F93D90901D2
:1090580005063306364181454E959780FF1FE78008
:10906800A08B9387C18F9C4399E3814741BF9C4361
:109078008145E5DF528535A0AD47E31109F8E39A4C
:1090880016FB83471600834606005844A207D58F6F
:109098002310F7009387C18F9C43E1DB9C438545F0
:1090A800E9D78297D9B7AD47E31A09F49947E3920C
:1090B800F6F8484419469770FF1FE780C07E9387EB
:1090C800C18F9C43DDD39C43CDD38D4565B7AD4758
:1090D80015F78547E39FF6F4034706009307000852
:1090E800E3EEE6F0DC452380E70041B785473E859F
:1090F800828023AE018EA38D018E238D018EB7074A
:10910800A0009385C183938707059CC1B707E8032F
:10911800DCC117D601001306A6C49797FF1F9387D3
:10912800E7160947938E7183D0C317D6010013063B
:1091380066C085462380EE00138E41839388818321
:10914800D0C723AED70117D601001306E6BF138395
:10915800818F138861831385518397DE0100938E75
:109168002EBF2300EE002380E8002380E700238839
:10917800E7002380E7022388E70223AEC7032380A2
:10918800E7042300E8002384D70023950700D0CB09
:10919800238CD700239D070023A2D7032384D7025B
:1091A8002395070223A60702D0DB238CD702239D31
:1091B8000702231003002300D50017DE0100130E59
:1091C800EEB723A2C7052388E70423AE170523803B
:1091D800E7062388E7062380E70897D801009388E5
:1091E800E8B717D701001307A7B523A2E708238418
:1091F800D70417070000130787C42395070423A67D
:109208006704F0CB238CD704239D070423A21707F8
:109218002384D70623950706ECD7F0DB238CD706E3
:10922800239D070623AE07072384D708239507083D
:1092380023A6A7089797FF1F9387470E98C317077A
:109248000000130727D5D8C323A407008280A547A9
:1092580063E8A71017C70100130747300A053A95B6
:109268001C41011122CC26CA06CE4AC8BA97B2843C
:109278002E8482879307800F63F9B7006145F24017
:109288006244D2444249056182809797FF1F9387C1
:10929800E7FFC8573E8919C59780FF1FE780C020A0
:1092A800238D018E1306140091659385057132850F
:1092B80032C69780FF1FE78000101797FF1F232DE6
:1092C800A7FE4DDD324681459770FF1FE780C064D9
:1092D8000325C9022286A6859770FF1FE780A05C38
:1092E800238D818E014561BF8947E399F5F883573E
:1092F8000600239CF18EFDB7A147E391F5F82146BE
:10930800A6851385C1839770FF1FE780C059D9BF11
:109318008547E395F5F69797FF1F938727F7D04F73
:109328009795FF1F938505F903C50400EFF07FAA01
:1093380055BF8547E394F5F49797FF1F938707F583
:10934800D05F9795FF1F9385E5F8F9BF8547E397A9
:10935800F5F283470600A38AF18269B7094505B784
:109368000945828083C7B18F95E38547A38DF18E28
:10937800058909CD9796FF1F938646FA4146A5456C
:109388001795FF1F130585F06F20803C01458280EB
:1093980001111388F5FF06CE22CC26CA4AC84EC64C
:1093A80052C41378F80FAD4563EE050BBA890A0865
:1093B80017C701001307071D3A983E8A832708003C
:1093C8003689B284BA9782878545EFC0CFCD2A8483
:1093D80019E1EFF03F9D2285F2406244D2444249B0
:1093E800B249224A056182808945EFC0CFCB2A84E1
:1093F8007DF12685EFE01FADF9BF9145EFC0AFCAFB
:109408002A8471F95286CE854A85EFC02FBFEFF0C6
:109418007F99EFF00FCFEF50F03375BFA145EFC044
:109428008FC82A844DF95286CE854A85EFC00FBD74
:109438002685EFE03FA9EFE07FA0EF50902F61BFB6
:10944800B145EFC04FC62A8459F55286CE854A8564
:10945800EFC0CFBA2685EFE0FFA6EFE03F9EEF50C2
:10946800502D75B7094485BFBD47638CF50663E980
:10947800B702A5476387F50663EDB7009947638C84
:10948800F5049D47638FF5049547638CF504014502
:109498008280B5476387F50463E1B704AD47F5B744
:1094A800DD47638EF50263EAB700C947638BF502AF
:1094B800D9476386F502C547C9BFF5476383F502F7
:1094C80063E4B700ED47D1B793072005638BF50038
:1094D8009307200D5DBF484582800841828008457A
:1094E8008280484182809307F00F630EF5060111D0
:1094F80026CAAA841305000222CC4AC84EC652C402
:1095080056C206CE3A89B689B28A2E8AEFA0CFFE15
:109518002A844D4515C8930700FB2300F400A300D7
:1095280054012311440123023401130584006146C8
:1095380063050902CA859770FF1FE780C036A285B8
:109548002685EFA0DF8A0145F2406244D2444249B1
:10955800B249224A924A0561828081459770FF1F6D
:10956800E780803BE9BF09458280011122CC06CE05
:109578002A842306B100A306C100EF40004105C1BB
:109588000347C500A1476310F70278009306E00778
:109598000146A28517B5FF1F034565A4A937F24008
:1095A80062440561828078009306E0070146A2853F
:1095B80017B5FF1F034595A2D5B793070064330677
:1095C800F6026FA07FF005C903470500854693079B
:1095D800270093F7F70F63F0F602411122C42A849B
:1095E8003A8506C6EFB06F89FD572300F400B240F4
:1095F8002244410182808280035705009307000BB3
:109608006313F702834745004947639CE700034714
:10961800150185476399E7000355250085456F20A7
:10962800103E6D47C5BF8280011122CC06CE2A8428
:109638002EC632C436C2EF4040350DCD8346C50034
:10964800A14712472246B245639EF600B28617B577
:10965800FF1F0345C5982E86A2856244F240056126
:109668006FF07FE8B28617B5FF1F034535972E8642
:10967800A285E5B7F240624405450561828023A2D0
:10968800A1908280011122CC26CA06CE2A84AE84FB
:10969800EF40A02FA6852285EF20010E1DE522852B
:1096A80023169100EF40602E0DC10347C500A14766
:1096B8006312F70217B5FF1F0345659278009306FA
:1096C800F0070146A285EFF01FE2F2406244D2445F
:1096D8000561828017B5FF1F03455590C5B7011175
:1096E80026CA06CEB68422CCDD4663E2B608D94641
:1096F80063FED50AA5466381D50A63EEB60495468E
:10970800638CD50899466387D50A054441687D1856
:10971800631606093AC6EF20E10933068540324749
:1097280042064182420441803305C4004205BA859D
:10973800418132C6EF20D03CAA8749C181C4324654
:109748002390C400B30580406244F240D2443E8571
:1097580005616F101167C5466380D504C9460D447D
:10976800E395D5FAC167FD17E31EF6FA65B7F54626
:109778006380D50463E4B600ED46D5B793062005AB
:109788006388D5029306200DE391D5F8C167FD17CC
:109798000D446319F600BDBF09448DBF9306200D23
:1097A800E392D5F8310642064182ADBF15445DBF4C
:1097B8000D444DBFC167FD171D447DB7F24062449B
:1097C800D2440561828079714ECEAE89C16526D2B8
:1097D8000147AA84894617C601001306E658FD15F5
:1097E800054522D406D64AD0EF009061054431CD14
:1097F8002A891307300281461146F5452685EFF080
:109808001FEE2AC6554431C18357A900CE860146AA
:109818002314F10091472315F10085472300F50033
:10982800B2472C002685A38007003247FD57230145
:10983800F7003247A301F700EF0050522A8411C500
:1098480032459780FF1FE78020C62285B2502254F8
:1098580092540259F24945618280411106C6EFF0DF
:10986800BFC019C5B24041011783FF1F6700C3C3BA
:10987800B24041018280011106CE2AC6EF10915AEA
:109888003245914523A0019023A2019097A7FF1F7D
:10989800A384A774EF20F021F24005616F10F07FD8
:1098A8007971939705014AD006D622D426D2C1876A
:1098B800014963DD070A17A5FF1F0345F5712E89C6
:1098C800EFA08FCA2A8445C1034705009307000A01
:1098D8006318F70885474C08A305F100EF1091605D
:1098E800AA8405ED8347610171476378F7081387F8
:1098F80017FE1377F70F9306000263F7E608858BC8
:10990800C5CB938701909C43994481CB0355240090
:109918001306B1004C088297AA848347B10099C7FF
:10992800084409C59780FF1FE78000B895E05247B3
:10993800B7070001938707F07D8FB7071200938759
:109948000710630FF70003476101ED47631AF7003B
:10995800035524008545EF20900ACD476388F4001D
:109968002285EFA04FB4A1673349F900B2502254C1
:109978004A85925402594561828037073014050799
:109988003357F700058B25DF13874190184351D7CC
:109998000347510159F32306F10099472308F100C1
:1099A800035524006C0023170100EF109172B5B71E
:1099B800938741909C439DC3035524001306B1002F
:1099C8004C08829739D9AA8483475101B9F783474C
:1099D8006101230891002306F100D9B79944EDB736
:1099E8000145828097A6FF1F83C6965F814763E57E
:1099F800D70001473A8582802E87910503D6C5FF97
:109A0800E30AA6FE8507E5B70DCD83472500054780
:109A1800890793F7F70F6376F702411122C406C648
:109A28002A8483550500034535000147F9465D46FC
:109A3800EFF07FABF9572311F400B2402244410103
:109A48008280828017A7FF1F034797598147FD56D9
:109A580063E3E70082802310D50023010500850712
:109A68001105FDB701458280938531859307000272
:109A780085462380F500FD572389F184A382F1846C
:109A88002382F1842398D1842394019023A8019000
:109A980023A0019223AA01901386818497C701000D
:109AA8009387872B5CC2238501909797FF1F938725
:109AB800A78709472300E6002380E7002388E700FB
:109AC8002380E7022388E70217C701001307072846
:109AD800D8DB0D47238CE7021387C19018432384F2
:109AE800D700D0C7238CD70017C501001305452719
:109AF80017C601001306462597C601009386C62699
:109B0800C8C323950700D0CB239D0700CCCFD4D35F
:109B1800238407022395070223A60702239D070231
:109B2800D8DF9797FF1F938727841707000013072D
:109B3800870C23A00700D8C323A407008280411103
:109B480006C6EFF03FEA11C503452500B2404101C2
:109B580082800145E5BF411122C426C24AC006C61B
:109B6800AA842E893284EFF0FFE711E94165CA859E
:109B78007D15EFF03FE7C54711C523109500230178
:109B880085008147B2402244924402493E85410102
:109B9800828029E78948354763931605011106CE67
:109BA80022CC26CA034716000346060093C7F7FFD0
:109BB8002207598EF18F32C68DE7C4452A84A685BF
:109BC800EFF0FFF732460147630FA6002285624493
:109BD800F240A685D24405616FF0FFF72D473A851C
:109BE800828013070008F2406244D2443A85056136
:109BF800828083C8050009486395080303A84500C7
:109C08008347180003480800A207B3E70701C20703
:109C18000D68C187130828906395070189476FF07D
:109C28005FF70545828003C751849307F00F630AE5
:109C3800F70441114AC02A89294522C426C206C60A
:109C48003284AE84EFA04F8B1DC59307100B2310F1
:109C5800F500230205002314850022442311250161
:109C680023139500B24092440249AA8503C5518442
:109C780041016FA0CF97B24022449244024941016A
:109C88008280828041119387C19026C2AE848C4322
:109C980022C406C62A84EFF09FEA098909C92285E9
:109CA8002244B240A685924441016FF0DFB1B24030
:109CB80022449244054541018280411122C426C2B2
:109CC8004AC006C6AA84130445001309850B8357A6
:109CD80004009DC3084409C59770FF1FE780C07C36
:109CE8002285314681459770FF1FE780E0C2310425
:109CF800231A04FEE31D24FDB2402244FD5723909D
:109D0800F4000249924441018280938781919843EB
:109D180017A6FF1F0346D62C81476315F600814618
:109D280036858280BA861307870B835587F4E389C3
:109D3800A5FE850793F7F70FCDB7938701929C434C
:109D480099C703D74700E31CA7FE884782800145CF
:109D58008280411106C6D53709C50845B240410180
:109D680082800145E5BF011126CA9384450022CCB3
:109D78004EC606CE4AC852C456C25AC02687814922
:109D88000144814681473D450356070055CED9E237
:109D98000354470083572700B286A297C207C1839E
:109DA80085093107E392A9FE25C82E899165938517
:109DB800457022859770FF1FE780E05F2A8B29CDC9
:109DC800814A014A8C4485C503D6440033054B01BA
:109DD8009770FF1FE78020AD83D7440088443E9AE0
:109DE800420A135A0A019770FF1FE780E06B6389E4
:109DF8000A003146814526859770FF1FE780C0B16C
:109E0800850AB104E3E03AFD232669012314890099
:109E1800054521A0630DD6000145F2406244D244B5
:109E28004249B249224A924A024B0561828003564E
:109E38002700E313F6FE035647003294B297420414
:109E4800C2074180C183A9BF0545E37835FDA9BF95
:109E5800938741919C4399E3014582809847035732
:109E6800A700E319A7FE138547008280411106C6A3
:109E7800C53711C503550500B2404101828001452F
:109E8800E5BF411106C6EFF0BFFC11C5034525002B
:109E9800B240410182804145E5BF411122C42A8474
:109EA8002E8506C6F93FAA8505462285EF30303152
:109EB80095476305F500BD476313F5002145B2409A
:109EC800224441018280411122C42A84090506C620
:109ED800EFF06FEFFD57A301F400B24022444101B7
:109EE80082809387C1919C4317A7FF1F0347570F91
:109EF8002A86050781463E8583D707006388C70001
:109F0800850693076500E3E8E6FE01458280411176
:109F180022C4416406C626C29307E4FF630EF50017
:109F2800AA8485E1EFF0FFFB01E91305F4FFEFF0E8
:109F38005FFB19C123109500B240224492444101AD
:109F4800828085476394F504EFF0BFF92A846DD5C4
:109F5800FD572310F500834724001307F00F63848F
:109F6800E7021307E00F638AE7000345340001475F
:109F7800F9465146A685EFF00FD72285EFF0BFF4DA
:109F8800FD572301F400230204007DB78947E395B8
:109F9800F5FA8545EF30D04245F12685EFF07FF49C
:109FA8002A8455F951BF5D71A6C24EDE86C6A2C489
:109FB800CAC052DC56DA5AD8AE8483C52500F947A0
:109FC800AA896396F504EFF0DFF12A8409ED0144CC
:109FD8002285B640264496440649F259625AD25A16
:109FE800425B61618280834725000547890793F7B3
:109FF800F70FE37EF7FC034535000147F9460146B4
:10A00800CE85EFF04FCE2285EFF0FFEBC9B783AADC
:10A018000400B7070001938707F037071200B3F76A
:10A02800FA0013070710328A0149638AE7022EC62D
:10A03800EFF03FEB2A89B2451DC10346450005C232
:10A0480093178601E187E3C407F84E85EFF0EFD157
:10A058008347490093E707F82302F9008DBF03C738
:10A0680021859307F00F1944E304F7F6E147E3E18C
:10A07800B7F693D71500FD178E0717B7010013071A
:10A088006753BA9703A80700E30408F403AB470033
:10A09800E3000BF4C20A93DA0A0163850A00C94790
:10A0A800E398F5F283D64400904483C5140003C5B1
:10A0B8000400380802982A8401FD2C084E85029B6A
:10A0C8002A8421C983C71400E39407F083C72400B6
:10A0D800230AA10039472308F1006399E702624780
:10A0E8008347170003470700A207D98F0C084E853E
:10A0F8002319F100EF10E17DE30B05EC1408054688
:10A10800D9454E85EFF04FD22A84D9B583578101BE
:10A11800F1BF83C624009147E38BF6EA380801466D
:10A12800CE8503C52185EFF00FBC2A84E31205EA2A
:10A1380083C524002808EFF02FB319C123000A00B3
:10A148009840B7070001938707F07D8FB707120083
:10A1580093870710E30DF7E6E30B09E683C72400AE
:10A168002302F900B5B5011106CE2EC6EFF07FD750
:10A1780001CD83474500B245138717006396E50074
:10A1880093F707F82302F500F24005618280938770
:10A198004191984319E3014615A81C4703D8A70025
:10A1A800636B050183584700B38608016355D500E2
:10A1B8008146639416011843F1BF3E86C10703D355
:10A1C800A7FF6317A30099C12390050132858280F8
:10A1D8008506C206C182F1BF397152D42E8A4ED685
:10A1E8009305E101AA89528522DC4AD856D206DEB7
:10A1F80026DA328936C63AC4BE8AEFF05FF90544DA
:10A2080035C5AA840355E1013944EFF01FB339CDB0
:10A2180003284500630C08042247B246D6874A86BD
:10A22800A6854E8502982A8431E19307E00F638F53
:10A23800FA0203C704008947631AF702D840834724
:10A24800170003470700A207D98FC2070D67C18708
:10A2580013072790639CE70083471900034609000A
:10A26800D285A2075D8E4E85EFF0FF9B2285F250C6
:10A278006254D2544259B259225A925A2161828068
:10A28800797122D4035425004ECEAA89228556CA54
:10A2980006D626D24AD052CC5AC85EC662C4AE8A06
:10A2A800EFF0BFA601E92285EF105133594429E99F
:10A2B8000144B9A003C789008547AA840144631AE9
:10A2C800F702AA8513858900EFF0FFA929CD03D7E6
:10A2D800640083D68400D04483D5440003D5290084
:10A2E800E147EFF07FEFD9472A846318F50223A6E8
:10A2F80004002685EFF07F9C49C0D947E30AF4FAA9
:10A308002285B250225492540259F249624AD24AE2
:10A31800424BB24B224C4561828061DD83D74400B9
:10A328002390FA00F9B713894400014AB94B594CF4
:10A338003D4B83550900D5DDE14763067A01035794
:10A34800C90011C3D947035729008356490003267A
:10A35800890003D52900EFF03FE82A8463198501B5
:10A3680023240900050A3109E3156AFD59B77DD987
:10A37800835709002390FA00F5B703D529002DB7B4
:10A3880001112317C1009307E00F1306E1000147ED
:10A39800894606CEEFF05FE4F2400561828079716C
:10A3A80022D42A840355850026D2AE849305210140
:10A3B80006D64AD0EFF0BFDD6308050E8347850057
:10A3C8002AC693F707028DCF03552101EFF07F9836
:10A3D800AA87B24501ED8357840039452390F400DC
:10A3E800B250225492540259456182800355240088
:10A3F8004946829711C5835784002390F400CDB74E
:10A40800035924004A85EFF05F9011ED41657D15F1
:10A41800EFF0BF8F19E58357840025452390F4009A
:10A42800C1B723102501130745008147BD460356D0
:10A4380007002DE63147B387E70213098400314648
:10A44800CA8591073E959760FF1FE780C045314652
:10A45800CA8548089760FF1FE780E0440356C40098
:10A468000355240041478146DD45EFF04FA72ACE2A
:10A4780019E58357840045452390F40095B70C48A7
:10A488000356C4009760FF1FE780E041035524008E
:10A498004C08EF10711029D5594599B78507310730
:10A4A800E397D7F8254581BF0545B1B7797122D41F
:10A4B8002A840355850026D2AE849305E1014AD04B
:10A4C80006D63289EFF0BFCC51C58347850093F794
:10A4D8000702A9E7034714019307200519E38347F7
:10A4E80044008356A4005044835584000355240037
:10A4F8000147EFF07FCEAA8721E98347140199E746
:10A5080003552400EF107104D94711E18147B25077
:10A518002254925402593E85456182802AC60355C9
:10A52800E101EFF01F83AA8705C9B245035524004E
:10A5380049468297AA8759DD035784002390E4008F
:10A548000347140161F7E1B75947E317E5FE230014
:10A5580009006DBF8547CDB7B947F9BF397122DC0E
:10A568004AD84ED652D406DE26DAAA892E8A32C6B0
:10A578003689EFF01F97094415C58347250013074F
:10A58800E00FAA845D44638FE7001307F00F594476
:10A59800639AE700324605E2D2854E85EF10F1074F
:10A5A8002A8415CD2285F2506254D2544259B259A8
:10A5B800225A2161828003550A009305E101231F75
:10A5C8000100EFF0DFBC0355E101EFF09F8BAA8596
:10A5D80005464E85EF30A03E2A845DDDE1B793073E
:10A5E800F00FE301F9FC938624007946A68517F558
:10A5F800FFFF1305A541EFE05FFCA38124015DB7D0
:10A6080039719387419126DA844352D45AD05ECE69
:10A6180062CC06DE22DC4AD84ED656D266CA2A8BCF
:10A62800AE8B328C368A99E08149B9A0804483DCAC
:10A6380044000149835AA400631499018440E5B792
:10A648008357A400A28963F86701050942091359D1
:10A6580009014104D5B7E3EAFBFE630C0A00834510
:10A6680004004840D28662863AC6EF10A1003247FD
:10A6780069DD19C323105701F25062544E85D25434
:10A688004259B259225A925A025BF24B624CD24C4E
:10A698002161828003D7050083D62500854763E9B9
:10A6A800E60439C7411183C6450026C29384550084
:10A6B80022C426862E8417B501001305656A8945CC
:10A6C80006C6EF00317BC14711CD83464400835550
:10A6D80024000355040001472686EFF07FF28147E6
:10A6E80011E1A947B240224492443E85410182804B
:10A6F8003E8582802E860355060083D52500854732
:10A7080063E2A50205C183464600411101471506CB
:10A7180006C6EFF0FFEE814711E1A947B2403E853A
:10A72800410182803E8582802E860355060083D5AE
:10A738002500854763E2A50205C18346460041110D
:10A748000147150606C6EFF0BFEB814711E1A9479F
:10A75800B2403E85410182803E85828039714ED665
:10A7680083D7250083D9050006DE22DC26DA4AD8FD
:10A7780052D456D25AD05ECE62CC66CA6AC863E05A
:10A7880037198547638E0914416BAE8A2A8A2314C8
:10A79800010002C6014401497D1B894B054CC94C87
:10A7A800054D83D52A000147814601464E8523136E
:10A7B8000100EFF0FFE4AA846300051209EC130717
:10A7C8002002930661005A8695455285EFE03FF1D5
:10A7D8002A84630805120357810083C7040045C70C
:10A7E8000347A100630CA70741476385E7022C00D4
:10A7F8005285EF10612309CD34001546D94552859D
:10A80800EFE09FE211C532459770FF1FE780C0C98E
:10A818008147F9A083D7A4004146130524002300EB
:10A82800F40083D7A400A183A300F400CC40976070
:10A83800FF1FE78040074904835781008507C20747
:10A84800C1832314F10063F9270983D7A400638522
:10A8580067098509C20993D90901A1B7E39977F96D
:10A8680083D7A4000946130524002300F40083D7E6
:10A87800A400A183A300F400CC409760FF1FE780E9
:10A888008002110455BF22C60359610003C7A40002
:10A898001305240063827703335999032305710153
:10A8A8002300E40083D7A4004146A183A300F40059
:10A8B800CC401379F90FA5BF230581012300E400DB
:10A8C80083D7A400135929001379F90FA183A30092
:10A8D800F4000946CC4055B78357810089FBA94746
:10A8E800F2506254D2544259B259225A925A025BD7
:10A8F800F24B624CD24C424D3E85216182808547A5
:10A90800C5B7C547F1BF03C7E192854763F3E706BB
:10A91800011122CC26CA4AC806CE2A843289AE84BE
:10A92800EFF02FDC01C9034725009307E00F5D45D1
:10A938006308F700631C0900A6852285EF10C14A49
:10A94800F2406244D24442490561828003D5040042
:10A958009305E10023170100EFF07F830355E10021
:10A96800EFF02FD2AA8505462285EF30400569D53C
:10A97800C1BF5945828013F7050201C7B2856FF040
:10A98800CFD1411126C24AC006C622C413F9850098
:10A99800AA8463170900139785016187635D07021D
:10A9A80032853684EFF0EFCDAA850546631309009A
:10A9B80001462685EF30A00001E90145B240224456
:10A9C800924402494101828083479400E5DB834732
:10A9D8008400E5F7E5B793F72500E5F30D45F9BFE2
:10A9E8007971AE8622D42A8403D506009305E10145
:10A9F80006D636C6EFF0AFF909CD83458500B246D5
:10AA08000356E1012285EFF01FF7B2502254456149
:10AA180082800545DDBF13F7050201C7B2856FF0D7
:10AA2800CFC7411122C426C206C693F485002A84E2
:10AA380091E4139785016187635007023285EFF02F
:10AA48004FC4AA85054691E0014622852244B240BA
:10AA5800924441016F20B07693F72500014591E3B8
:10AA68000D45B24022449244410182807971AE86FC
:10AA780022D42A8403D506009305E10136C606D6FA
:10AA8800EFF0EFF0B24601CD834585000356E101B2
:10AA98002285EFF05FF8B250225445618280054567
:10AAA800DDBF797126D2AA840355A500C16722D4D7
:10AAB8004AD04ECE06D623170100FD173284B68938
:10AAC8000149630DF500050583C60400D040420521
:10AAD8001307E1004181EFF0BFB22A8983C6040061
:10AAE800D040894517B5010013058527EF00913837
:10AAF8001DC503D4A4002285EFF04FB709C57D1406
:10AB08002A94420441806384090023908900B2504A
:10AB180022544A8592540259F2494561828083C67B
:10AB28000400D040894517B501001305A523EF009F
:10AB3800713461F183C60400D040894517B501001E
:10AB480013058520EF00113319C9E30609FA835765
:10AB5800E100E39287FA0354A9007D145DB703D49A
:10AB6800A40055B7397122DC26DA4AD84ED652D419
:10AB780056D25AD062CC06DE5ECEBE8983C7850027
:10AB88002A8AAE84C18B328C36843A89C28A468B33
:10AB98009DE783CB04008947638BFB046285EFF054
:10ABA800CF991DC183280500638008025A88D6877B
:10ABB8004E87CA862286A6855285829839A0328514
:10ABC800EFF02F99AA8711ED3945F2506254D2540B
:10ABD8004259B259225A925A025BF24B624C216195
:10ABE80082802946A6855285829745D5F9BFD840E7
:10ABF8008347170003470700A207D98FC2070D67CD
:10AC0800C187930607906384D72263CEF60693061E
:10AC18002780638ED70C63C1F60213070780E3CF42
:10AC2800E7F62D45E39309FADC4403C60700CC4355
:10AC38002310C900228569A213073780E390E7F63D
:10AC48002D45E39409F885472310F900DC44814534
:10AC580083C707002300F40003D5A40005054205B7
:10AC68004181EFF0CFD2835709006317051291078E
:10AC78002310F90011468145130514009760FF1F42
:10AC8800E78080C929A2930627906383D71863CEEB
:10AC9800D71293063790638CD71813074790E39F12
:10ACA800E7EE2D45E39309F2DC441D472310E90044
:10ACB80003C707002300E40003C71700A300E4004C
:10ACC80003D727002301E40003D727002183A3012A
:10ACD800E40003C747002302E40003D76700A30288
:10ACE800E40083D76700A1832303F4004DA02D451A
:10ACF800E39D09ECDC446C0083C9170003C7070017
:10AD0800A209B3E9E90011472310E90083C7070046
:10AD18004E852300F400DC4483C71700A300F40029
:10AD2800EFF0EFC6AA8435C50356C100C165930686
:10AD3800E100FD158329C500EFF0BFD619ED83C6E4
:10AD48000400D040894517B501001305A501EF009F
:10AD5800711201E5FD572317F10003C70900894760
:10AD68006310F70283A5490009461305440097605C
:10AD7800FF1FE78040B38357090089072310F900B4
:10AD88008357E1002301F400A183A301F4000145E6
:10AD98002DBD23173101EDB7034705008907BA9781
:10ADA8002310F9008357A500A300F4008357A500DA
:10ADB800A1832301F400034605004C411305340028
:10ADC8009760FF1FE78020AED9B7C8449760FF1F80
:10ADD800E780A0B793170501C1832A871D45E3E6DD
:10ADE80037DF6399F90023100900CC4403560900A2
:10ADF800CE9589B54207B3863A01418363C7E60019
:10AE0800B38737412310F900CDB723105901F1BF9B
:10AE18002D45E39C09DACC445285EFE05FD223103C
:10AE280079012300A4002181A300A4008DB72D453A
:10AE3800E39D09D8DC442310790183C70700230068
:10AE4800F400DC4483C71700A300F40089B75D71E0
:10AE5800CAC02A89035525004EDE52DC56DA5AD874
:10AE68005ED662D466D26AD06ECE86C6A2C4A6C2A8
:10AE78002E8BEF003114130CF5FF931D0C01C16BE1
:10AE8800AA8A8149179AFF1F130A8AEF93DD0D01D9
:10AE9800938C0191138D8190FD1B8357C90063F832
:10AEA800F9009797FF1F83D7A7ED63CE8701035556
:10AEB80029009795FF1F9385A5ECEF00915DAA8463
:10AEC8001DCDD9442DA88327890013971900930510
:10AED800E100BA9703C4170083C7070022045D8CFA
:10AEE8002285EFF0CFAAAA851DE923108B00032540
:10AEF8004A00854409C59760FF1FE780E05AB640BD
:10AF08002644268506499644F259625AD25A425B2B
:10AF1800B25B225C925C025DF24D61618280834883
:10AF2800490083A60C000356E100035529006E88EA
:10AF380081476A87EFF01FC3AA8411C523108B00CD
:10AF480003254A0045BF83274A0095E30355290096
:10AF5800514781465E86BD45EFE06FF89797FF1F22
:10AF680023A2A7E209E523108B00C54449BF9797A0
:10AF7800FF1F83D7E7E003D781903E9763475701C8
:10AF880013C7F7FF56972394E19003254A0083A53A
:10AF98000C0003D681903E959760FF1FE780A09034
:10AFA80083570A0003570D008509C209BA971797F6
:10AFB800FF1F2317F7DC93D90901C5B5397122DCC6
:10AFC8002A840355250006DE26DA4AD84ED652D4FE
:10AFD8005AD05ECE62CC66CAAE8B56D2EF00817D67
:10AFE8002A8A8346C4008355A40003558400780048
:10AFF8001306D400930CBAFF651AEFF06FE0420A0B
:10B00800416B2A898144135A0A01138C019197993B
:10B01800FF1F9389E9D67D1B6302090463D0940559
:10B028008348440083260C000356C10003552400BE
:10B038005288814713878190CA85EFF0BFB215C542
:10B04800814A0356C1008355A4004A859306E1004E
:10B05800EFF03FA52A89639D0A065DFDE5E0835769
:10B06800840029452390FB0081A00356040183D75F
:10B078008190E317F6FC83250C0048489760FF1F72
:10B08800E780E08D55DD83A74900A1E3035524003F
:10B09800454781465A869D45EFE06FE41DE1835799
:10B0A800840045452390FB00F2506254D254425923
:10B0B800B259225A925A025BF24B624CD24C21612D
:10B0C80082809797FF1F23AFA7CA835AA90095BF0D
:10B0D80083A74900A69723805701938714001397E5
:10B0E800070183A74900418393DA8A00BA9723802E
:10B0F80057011387240083A6490093873400420729
:10B1080091044183C207C204C183C180369711CD1F
:10B118008356E1002300D70003A74900BA970357D5
:10B12800E10021832380E700C5BDFD562300D70039
:10B1380003A74900BA972380D7000DB70355240009
:10B1480089809795FF1F9385A5C39797FF1F23991C
:10B1580097C2EF00111A29D95945B9B7411122C42C
:10B1680006C693F705012A84328585C3EFE07FD1AF
:10B17800AA8505462285EF20900495476305F500CA
:10B18800BD47631DF502214515A893F7450099CBE6
:10B19800EFE03FCF0546AA8522852244B24041010F
:10B1A8006F20F00193F7050489C7EFE09FCD0146B2
:10B1B800DDB713F51500133515000605B240224416
:10B1C8004101828079714AD04ECE52CC06D622D423
:10B1D80026D22A8AAE89014983D749006364F900D7
:10B1E8000145A1A083A709001314190093041400B2
:10B1F8003387970003470700A29703C50700220774
:10B208009305E100598DEFE09FF805E983A7090050
:10B2180005453E94034704002380E70083A70900FF
:10B22800BE9403C70400A380E700B250225492548E
:10B238000259F249624A4561828083458500035676
:10B24800E1005285EFF09FF105C183A709003E9404
:10B25800034704002380E70083A70900BE9403C7BF
:10B268000400A380E700D1B7050942091359090171
:10B27800A5B7011122CC2A8403D505009305E10066
:10B2880006CEEFE0DFF001CD834585000356E100EF
:10B298002285EFF0BFECF2406244056182800545EB
:10B2A800DDBF397126DAAA840355250006DE22DCC3
:10B2B8004ED652D456D25AD05ECE62CC66CA6AC82E
:10B2C8002E8A4AD8EF00014FAA8A83C6C40083D5C4
:10B2D800A40003D58400138CAAFF78001386D40039
:10B2E800EFF00FB2420CC16CAA890144135C0C0147
:10B2F800138B8190938B0191FD1CED1A179DFF1FF5
:10B30800130D0DA8638D09180356C10083C5890064
:10B3180003D52400EFF09FE42A89631D051683C82E
:10B32800440083A60B000356C10003D5240062889D
:10B33800814713878190CE85EFF0DF822A89631BCE
:10B34800051439C003D7819011079797FF1F83D73A
:10B3580047A36395E700A29763C057099797FF1F14
:10B3680083D727A23354F40203D524009795FF1FEF
:10B37800938505A19797FF1F239487A0EF00F114E9
:10B388002A890DC559491DA003D52400494781467E
:10B398006686C545EFE0AFB49797FF1F23A4A79E25
:10B3A8000DE583D7A90045492310FA00F2506254ED
:10B3B8004A85D2544259B259225A925A025BF24BE8
:10B3C800624CD24C424D2161828083570B00910719
:10B3D8001797FF1F2317F79A83274D0003D7A90054
:10B3E8009306E100A2972380E700930714001397C0
:10B3F800070183274D0041834E85BA9703D7A900DB
:10B4080021832380E7000356C10083D5A400EFF011
:10B418004FE983264D00130724000356E100420735
:10B42800418336972300C70003274D009307340054
:10B43800C207C183BA970357E100AA89110421837F
:10B448002380E70003254D004204418003D6819004
:10B4580083A50B002295639509029750FF1FE7808B
:10B46800804483570B003E9442044180E31804EE65
:10B4780083D784002310FA00E31A09F229493DB75B
:10B488009750FF1FE780204283570B003E944204E9
:10B4980041808DBD83D7A9002310FA00C1BF01499F
:10B4A800F1B75D71A6C2CAC0AA84035985000355C5
:10B4B8002500A2C44EDE56DA5AD85ED662D466D2C9
:10B4C8006AD086C652DC6ECE2E8BEF00A12E930B6F
:10B4D800D5FF7115931905010144138DD40093D933
:10B4E8000901138C8190938C0191979AFF1F938A7D
:10B4F8002A896358741583C6C40083D5A40013072A
:10B50800E1006A864A85EFF0AF8FAA8D630B0512BA
:10B518000359A500834585000356E10003D524009F
:10B52800EFF0DFC36314051283C8440083A60C0040
:10B538000356E10003D524004E8881471387819084
:10B54800EE85EFF02FE2631305101DCC83D78190B1
:10B558001797FF1F0357E7828907630EF706979728
:10B56800FF1F83D707823354F40203D5240097952D
:10B57800FF1F9385E5809797FF1F23938780EF0030
:10B58800016105C5594515A003D5240041664D47FD
:10B5980081467D16A545EFE08F949787FF1F23A36B
:10B5A800A77E1DE123102B014545B640264496444D
:10B5B8000649F259625AD25A425BB25B225C925CEB
:10B5C800025DF24D6161828083570C0089071787FD
:10B5D800FF1F2318F77A83D78190A29763D3770741
:10B5E80083A74A0003D7AD00130A2400A29723803B
:10B5F800E70005049317040103A44A00C183420A23
:10B608003E9483D7AD0083A50C00135A0A01A18389
:10B618002300F40003A54A0003D681905295975061
:10B62800FF1FE780402803540C00C167FD175294A0
:10B6380042044180E30FF9EA050942091359090157
:10B648004DBD294509FC23102B0185B76DDC01BFD1
:10B658008357050081E789473E858280411126C2CC
:10B66800444122C406C683C60400D0402A848945C2
:10B6780017A501001305C56EEFF0D07F19C98347E0
:10B6880024002547E51793F7F70F6376F702E1479C
:10B6980029A883C60400D040894517A501001305D1
:10B6A800656CEFF0307D61FD8947B24022449244D9
:10B6B8003E854101828083D601858547FDD60357A3
:10B6C80004003697C166E3C2E6FE9165938525704E
:10B6D80031459760FF1FE78000CEAA84CD4771D51A
:10B6E800314681459750FF1FE780002383570400A8
:10B6F80083D5018501460147B386E500C206C182AC
:10B708006369F702AE97C207C18319C22398F1840F
:10B7180023A004002146A285138544009750FF1FEB
:10B72800E7806018938741919C4391EF23AA9190F9
:10B7380031A850401315470005072A962315D6004F
:10B7480005465DBFBA87984375FF84C38147B1BF7B
:10B75800011106CE22CC26CA4AC809E98944F2401A
:10B76800624426854249D244056182802AC62A84D9
:10B77800280036892314B1002305C100EFF05FEDDE
:10B78800AA8471FDE30D09FC8357A400E1DB9165F0
:10B798009385557031459760FF1FE780C0C10DC57F
:10B7A8008357A40023200500232425012312F50034
:10B7B800938701929C4389E723A0A1924DB7BA874A
:10B7C800984375FF88C361BFCD4451BF83C7A1901B
:10B7D80095E385472385F190058909CD9776FF1F65
:10B7E800938686B8414691451775FF1F1305C5B363
:10B7F8006FF01FF601458280A382A1848280C16711
:10B80800FD176315F5002E856FE0CFA3411106C61D
:10B81800EFE04F9D11C5FD572310F50023010500EA
:10B82800B2404101828001114AC806CE22CC26CA04
:10B8380085472A896393F5044A85EFE00FCD39E9F6
:10B84800C1649385F4FF1307E100894617A6010038
:10B858001306C64F0545EFE0BFDA2A84FD140DC470
:10B868004C444A85EFF0BFF90356E1002285814632
:10B87800A685EFF00FA32A84DDB789476396F50004
:10B888008545EF20E0334DD9F2406244D244424925
:10B8980005618280EFE06FC265B7411106C623AC2F
:10B8A800019023AE019023A601901785FF1F034541
:10B8B800357341CD9307200C3305F50291659385C7
:10B8C80015701905420541819760FF1FE780A0AEFA
:10B8D80023ACA1909307200C1786FF1F03465670D0
:10B8E8003306F602814519069750FF1FE780C0020C
:10B8F800938781919C431787FF1F0347776E814584
:10B908009386870B7D5563E8E5069306800BB3069F
:10B91800D7020146FD550507B69723AEF190BE86BE
:10B928002390B600A381B6002381B60023820600C7
:10B9380005069906E366E6FEF9562390D700994670
:10B948003307D702BA9723A6F19017E5FFFF13052F
:10B95800C565EFD0DFD217F5FFFF13050581EFF0BE
:10B96800105817E5FFFF1305C55AEF20A01CB24079
:10B978000145410182802394A6F41386C6F423105E
:10B988000600232406003106E31BD6FE85059386B0
:10B99800860B95BF411122C42A8406C6EFD06FF5E5
:10B9A800EFE08F8C238281849387C1908843EFE0F6
:10B9B8006F89238981842244B2401705000013054A
:10B9C800C5E641016F20001793970501C18763D031
:10B9D8000736797103C5418422D452CC06D626D2C3
:10B9E8004AD04ECE2E8AEF802FB82A8421C9034729
:10B9F80005009307000B6310F7048547A304F100C3
:10BA0800938701919C4323150100A1E7EF00C07EB5
:10BA18009165938535709760FF1FE780C09923A8CB
:10BA2800A19005E98347910099C783454400130510
:10BA38008400EFD09FE22285EF80EFA6B250225417
:10BA480021653345AA0092540259F249624A456178
:10BA58008280614681451785FF1F1305653297501F
:10BA6800FF1FE78060EB0349440089479789FF1F60
:10BA780093890931631DF906EF0000789787FF1F46
:10BA88002390A73003552400CE85EFF05075035757
:10BA980024009787FF1F83D7A72E8356840011EDB4
:10BAA80063E4F6002314F400835584003A85EFD04C
:10BAB8007FBD2285EFD05FB4B5B763E4F6002314E9
:10BAC800F40083578400D9450D469786FF1F2399B4
:10BAD800F62A9786FF1F9386A62A3A85EFD0DFB409
:10BAE8008D4561D91785FF1F13058529E1A0994761
:10BAF800631CF9029305A1002285EFF02FCCAA84DC
:10BB08004DD9D947639BF40E0509035524001379D1
:10BB1800F90FD9459786FF1F938686264A86EFD068
:10BB2800BFB0CA8559D57DBFA1476318F9009305F1
:10BB3800A1002285EFF0FF96D9B7A947631FF90640
:10BB4800035584006C00EFE08FE4AA8463070516B0
:10BB58000355240041669306E10055477D16AD451F
:10BB6800EFD0FFB79787FF1F23AEA720AA8649C14A
:10BB7800834844000358E1000356C10003552400DC
:10BB8800A68581474E87EFE0FFFDAA84631605105E
:10BB980003552400CE85EF006105E30C05F003553D
:10BBA8002400CE862D46D945EFD01FA8E30305F023
:10BBB800AD454E85EFD07FCAEDBDB1476315F9108D
:10BBC800035584006C00EFE08FDCAA846307050E40
:10BBD8000355240041669306E10059477D16B54593
:10BBE800EFD0FFAF9787FF1F23AEA718AA863DE1C6
:10BBF80083578400C5442315F10003471400D14737
:10BC0800E309F7EA83474400035524009785FF1F9B
:10BC1800938505171787FF1F2304F7168357A1007D
:10BC28001787FF1F231FF7149787FF1F238C97146D
:10BC3800EFF0304AE30F05E6035524009786FF1F0F
:10BC4800938606140546D945EFD01F9EE30305E603
:10BC5800854549BD834844000358E1008357A40043
:10BC68000356C10003552400A6854E87EFE09FEFD9
:10BC7800AA841DE103552400CE85EFF0F07CE30A89
:10BC880005E203552400D945CE863546EFD0DF9925
:10BC9800B545E30005E2B9B5D9476393F40081449B
:10BCA80003A549009760FF1FE7800080E38304E055
:10BCB800835784002315F10089B78357840085448E
:10BCC8002315F1001DBFB9476318F9009305A100BA
:10BCD8002285EFF0CF9725B5C1476318F900930582
:10BCE800A1002285EFF0EFDB19BDC947631AF900FF
:10BCF800130691009305A1002285EFE02FFB01B503
:10BD0800D947631DF9009305A1002285EFE02FE9CB
:10BD1800AA84E31805DEA304010061BBE147E31A26
:10BD2800F9D89305A1002285EFE08FD5C9BB01455D
:10BD38008280E9CE011152C42E8A854522CC4EC696
:10BD480056C206CE26CA4AC8AA8AB6893284EF10D5
:10BD58003067D14715C183C7C19283C6D192814448
:10BD680019E0B684BE86138741921843939744001E
:10BD7800BA9763EDD400D547F2406244D2444249B1
:10BD8800B249224A924A3E85056182803E89C107AE
:10BD980003D727FF09C7850493F4F40FD9BF2DC033
:10BDA8009565938525C0130500029750FF1FE7800E
:10BDB80080602326A90061D113060002814593847F
:10BDC80004049750FF1FE78020B523119900230032
:10BDD80009002313590105C81787FF1F1307071602
:10BDE8008347940010432304F900118C8327C9006A
:10BDF80011841180238E870023A029018147ADBFBC
:10BE080023260900E9B723044901FDB785473E8584
:10BE1800828093874192984383C5C19281476395F5
:10BE2800F50081463685828003562700BA8619C2F6
:10BE3800E30AA6FE850793F7F70F4107CDB7938767
:10BE48004192984303C6C19281476315F600814623
:10BE58003685828083552700BA8689C58345470081
:10BE6800E388A5FE850793F7F70F4107F9BF978782
:10BE7800FF1F9387A70C984383C5F1928147639569
:10BE8800F50081463685828003560700BA8619C2B6
:10BE9800E30AA6FE850793F7F70F4107CDB7938707
:10BEA80041929C4303C8D19201476315E80081463B
:10BEB8003685828003D62700BE8619CA03D6670056
:10BEC8006318A600D04709C603562600E302B6FE4B
:10BED80005071377F70FC107C9BF411122C44045B1
:10BEE80026C206C6AA8415C0484409C59750FF1F34
:10BEF800E780805B484809C59750FF1FE780C05A14
:10BF080022859750FF1FE780205A268541468145A4
:10BF18009750FF1FE78040A0B2402244FD57A384FA
:10BF2800F400924441018280011122CC2A840355F5
:10BF3800250006CE2EC6EF107011324622858145A7
:10BF4800EF00906C22856244F24005616FF0FFF8C3
:10BF58000DC503572500411122C406C62A8411CBFA
:10BF6800DD45EF00506E22852244B24041016FF05A
:10BF7800DFF6B2402244410182808280411126C20C
:10BF880031479304C5FF3387E4029787FF1F9387E0
:10BF9800E7FB06C622C43E978356A7006397B602FE
:10BFA800484305C53E849307F00F6306F6008347B0
:10BFB8000500639CC7009750FF1FE780E04EB1471C
:10BFC800B387F402A29723A20700B2402244924406
:10BFD80041018280411122C42E8426C24946AA8486
:10BFE8008145228506C69750FF1FE780E092ADC0C5
:10BFF80083C7C401139747009787FF1F938707F4E8
:10C008009C43BA9703D707002310E40003D72700FF
:10C0180083D767002311E4001387A1920357070011
:10C028002312E40003D704002313E40003D72400F9
:10C038002314E40003D744002315E40003D7640065
:10C048002316E40003D784002318F4002317E40020
:10C05800B24022449244410182809787FF1F938710
:10C06800E7ED03A8070093874192904383C5C192E7
:10C07800014781476394E5003E8582808346060038
:10C0880081CE544691CA83C6C6019206C2966315EC
:10C09800D500850793F7F70F05071377F70F4106C4
:10C0A800D1BF130600643386C50293069500AA859E
:10C0B80017050000130505EA6F800FC1411122C45E
:10C0C80006C62A8403459500EF802FDBFD57A3049D
:10C0D800F400B240224441018280011122CC4AC8B6
:10C0E8004EC652C456C206CE26CA2A89AE89014413
:10C0F800138A41929D4A83C7D1926362F40463977D
:10C10800090293894192130AF00F83C7C1926366AB
:10C11800F4061144A1442285050442041306F00FD5
:10C12800CA854180EFF09FE5E31794FEF240624430
:10C13800D2444249B249224A924A05618280832701
:10C148000A0093144400BE9483C704009DC383D798
:10C158006400639027036396590103D52400EF1008
:10C16800E06E26854E868145EF00104A2685EFF061
:10C17800DFD605041374F40FBDBF83A70900931419
:10C188004400BE9483C704009DC383C794006380A2
:10C19800470383D76400639C27012685EFF01FF2CD
:10C1A8002685D145EF00304A2685EFF01FD30504D8
:10C1B8001374F40F99BF41677917630BE5024111B6
:10C1C80022C406C685472A846399F500228522443D
:10C1D800B240814541016FF05FF089476396F500F1
:10C1E8008545EF10F01D7DD1B24022444101828087
:10C1F80082809D456FF07FEE03D5A1928280011168
:10C2080006CE2317A1002316B10003C781928547E4
:10C218006318F70070009305E1000545EF5070279B
:10C22800F24005618280A947631CF60483C71500A4
:10C2380003C70500A207D98F2310F50083C735006F
:10C2480003C72500A207D98F2311F50083C755001E
:10C2580003C74500A207D98F2312F50083C77500CD
:10C2680003C76500A207D98F2313F50083C795007C
:10C2780003C78500A207D98F2314F50001458280E2
:10C288000545828091476314F60283C7150003C7EA
:10C298000500A207D98F2310F50083C7350003C70F
:10C2A8002500A207D98F2311F50001458280054595
:10C2B80082809387C5FF93960701C1820D4763600B
:10C2C800D70231473387E7029787FF1F938707C84D
:10C2D800BA972381A7002390B700014582800945BA
:10C2E800828013074020AA876374A7009307402021
:10C2F800F1172395F1922387B1922388B192828016
:10C308001905956542054111938535C0418106C6D9
:10C318009750FF1FE780200A11C5B240E955410137
:10C328006FF0202AB2404101828023860192238740
:10C338000192A3870192A3860192238401928547E3
:10C3480001111787FF1F2301F7C006CE2AC622CC8A
:10C35800A38801922395019223A20192EF1000581D
:10C3680032451306000381459787FF1F238AA7BC20
:10C378001785FF1F130585BD9740FF1FE780C0592C
:10C388001785FF1F034585BF31C19565938545C056
:10C3980012059750FF1FE78000021787FF1F232F02
:10C3A800A7B80DC59787FF1F938747BD83C7170099
:10C3B8001786FF1F034686BC8145A386F192A38793
:10C3C800C19212069740FF1FE78000559387D192CC
:10C3D80083C707001785FF1F034585C095653E95F0
:10C3E8001375F50F2386A192938555C012059750B2
:10C3F800FF1FE78040FC23A2A19251C103C6C1924E
:10C40800120681459740FF1FE780005193874192AC
:10C41800984383C6C192814725077D56639AF604DF
:10C42800EF10A070B1473305F5029565938565C097
:10C43800420541819750FF1FE780E0F79787FF1F6C
:10C4480023A2A7B02A8401CDEF10206E314633060F
:10C45800C502814522859740FF1FE780E04B624473
:10C46800F24017050000130545D505616F10806C73
:10C4780085072300C70093F7F70F410745B72386C1
:10C488000192A386019269BF41119397050126C2C3
:10C4980006C622C4C187AE8463DE07081785FF1F5E
:10C4A800034505AAEF705F8C2A8439C90347050044
:10C4B800930700096313F70403471500CD47631971
:10C4C800F706034525009785FF1F83C5959583C704
:10C4D800E19293066400014601472E886319E5023C
:10C4E80019C22387F19283C7E19281CB85451785CD
:10C4F800FF1F0345E5A4EF701FC72285EF70AFFA51
:10C508002165258DB240224492444101828003C6B0
:10C518000600B29713F6F70F9377F80F6374B60017
:10C528009377F60F05071377F70F890605467DB74A
:10C538002125E1B793F715000145E9D7EF00506DC4
:10C5480019C983C7E19281CB85451785FF1F03452C
:10C55800259FEF705FC113C514006DB785462A8704
:10C5680063FBC60483C7150003C60500A207D18F65
:10C578002310F500639CD70083C7350083C62500C8
:10C58800A207D58F2311F500014582808946014510
:10C598006394D70283C7350083C62500A207D58FC9
:10C5A8002311F70083C7550083C64500A207D58F1E
:10C5B8002312F70082800545828091476314F602B2
:10C5C80083C7150003C70500A207D98F2310F500FC
:10C5D80083C7350003C72500A207D98F2311F500AB
:10C5E800014582800545828091476314F60283C71E
:10C5F800150003C70500A207D98F2310F50083C7CC
:10C60800350003C72500A207D98F2311F50001457E
:10C61800828005458280A1476314F60483C715000C
:10C6280003C70500A207D98F2310F50083C735007B
:10C6380003C72500A207D98F2311F50083C755002A
:10C6480003C74500A207D98F2312F50083C77500D9
:10C6580003C76500A207D98F2313F500014582801F
:10C66800054582808947631CF60083C7150003C708
:10C678000500A207D98F2310F500014582800545E2
:10C6880082808357260079714ECE06D622D426D2D0
:10C698004AD01307F007AE896372F70209473AC414
:10C6A8002316F100300093F5F50FEF100019B25082
:10C6B800225492540259F249456182800357460038
:10C6C800D9462A89328463F8E6008357660063F402
:10C6D800F6006379F70023140100300093F5F90F91
:10C6E8004A85E1B70355060002C4EFF04FF8AA8463
:10C6F80059C1EFF09F9683C784006369F50011461E
:10C70800A246CE854A85EF10A00855B73400268684
:10C718009305F00F4A85EFF0CFE175F1A247035773
:10C728008400DC472390E700035724002391E700A7
:10C73800035744002392E700035764002393E7005C
:10C7480003D744002394E700DC4485CB93F4F90F26
:10C758002286A6854A858297C167FD172A86E31136
:10C76800F5FA22459947F9452300F500230295007B
:10C77800EFF03F932DBF094661B7014651B7A9476E
:10C78800631CF60483C7150003C70500A207D98FE9
:10C798002310F50083C7350003C72500A207D98FEA
:10C7A8002311F50083C7550003C74500A207D98F99
:10C7B8002312F50083C7750003C76500A207D98F48
:10C7C8002313F50083C7950003C78500A207D98FF7
:10C7D8002314F500014582800545828083C7050042
:10C7E8002300F50083C71500A300F50083C73500B3
:10C7F80003C72500A207D98F2311F50082802322C1
:10C80800050003C7450089476304F7000545828092
:10C8180083D665000D47E37BD7FE9C45011106CE04
:10C8280022CC26CA4AC84EC683C4170003C60700CE
:10C83800A204D18C138644006311D60403C43700C4
:10C8480083C72700AE8922045D8C9307C4FFC20703
:10C85800C1832A89636FF70003A589002311990012
:10C8680023108900F155EFE0D0552322A900014596
:10C8780031A02285EFF0EFD965F10545F240624419
:10C88800D2444249B24905618280397122DC2E8442
:10C89800834704004AD806DE26DA4ED619472A8985
:10C8A800B285639AE706034624002800EFF0FFD01C
:10C8B800AA8415E903558100EFF0AFD5AA8983450D
:10C8C800140015C92E8617170000130727EA34002D
:10C8D8009D454A85EF00903F4E85094681452D23A9
:10C8E8004E85EFF08FDFF250625426854259D254BC
:10C8F800B2592161828089472310F1008357810052
:10C908000A862311F1008357A1002312F1004A85FA
:10C91800EF00B072C9BF4947639DE7020356240080
:10C928002800EFF05FCFAA845DFD9777FF1F83D7BC
:10C93800A76299E3814445BF034714008346040076
:10C948003C000146CA851775FF1F0345056181260E
:10C9580059BF51476390E702035624002800EFF0BF
:10C968009F8CAA8449F18345140030004A85EFF072
:10C978005FD195BF59476391E70603562400280005
:10C98800EFF05F90AA8425F1835581004A85EFF086
:10C998000FD10DC958458356A10083570700B69794
:10C9A800C207C1832310F700D1D75C47C1D783C71B
:10C9B800E192C9D385451775FF1F03456558EF7088
:10C9C8008FFA15B789473EC0835781000A86834589
:10C9D80014002312F10025BF834514000A86231092
:10C9E8000100EF009065B9B75D71A6C256DA86C638
:10C9F800A2C4CAC04EDE52DCAA8A03C51500AE84A2
:10CA080032C6EFF0CFC3B24501ED8144B6402644AB
:10CA1800268506499644F259625AD25A6161828043
:10CA2800230205002311050083C9040085472A84D1
:10CA3800639AF90003C624002808EFF03FB2AA84DD
:10CA480005492DA09D476394F904034705008D47C8
:10CA5800E31DF7FA03C6240028080549EFF0DFB8FC
:10CA6800AA8409E5054681452285792E2285EFF0BD
:10CA7800EFE4034584003C080147CE862686D68528
:10CA88003924E30509F82285EFF02FC541B7CD47D2
:10CA9800639DF900034705009147E318F7F603C6BD
:10CAA80024002808EFF01FBC59BFD547E39FF9F4CD
:10CAB800034A05008947E31AFAF403C62400280844
:10CAC8000549EFF0DFCBAA8455F183570102BDE396
:10CAD800035781011306F0035C44930607FCC20662
:10CAE800C182636CD6000356A101D94663F7C6001C
:10CAF8008356C101D94563EFD5000355240023911E
:10CB0800E7000549EF00905403560102D2852285BB
:10CB1800712CA9BF8355E1012391E7002392C70037
:10CB28002390B7002393D70085472300F400014AD8
:10CB38000149D9BF014AC9BF7971AA8522D426D231
:10CB480003542500AA84280806D6EFF05FCBF245E7
:10CB580099E535E985452285EFF06FEAC1A083574D
:10CB680081011547639BE7060357A1018D4763FCC5
:10CB7800E7046800EFF09FC60357E100DD4763FC58
:10CB8800E7008345D100B7071700850710082285FD
:10CB98003EC8EF00904A8357E1000357A10191076F
:10CBA8006305F7002285EFF0CFE48347C1007246A2
:10CBB8006C00858B1106228591CFEFF0FFE201C54D
:10CBC8002285EFF00FE3884451D59750FF1FE78087
:10CBD800A08D49B7EFF07FCBDDB711476389E70038
:10CBE8001387A7FF42074183854663EEE602314774
:10CBF800F117B387E7021777FF1F13072735BA978F
:10CC080003D7070069D303C527003008A2850D2084
:10CC18005DF9035781019147E31EF7F2B2502254A0
:10CC28009254456182802C082285892E49FDFDB7E2
:10CC380001114AC82A89314526CA06CE22CC2EC6F9
:10CC4800B284EF706F8B31C1B2459307000A23108D
:10CC5800F5002311B5002A84214611058DC0A6854B
:10CC68009740FF1FE78020C4A2854A85EF702F9860
:10CC78000145F2406244D2444249056182808145BF
:10CC88009740FF1FE78040C9C5B70545DDB77971F3
:10CC980026D2AA841305000206D622D42ECE32CC80
:10CCA80036CA3AC83EC6EF702F8531C96246F2458A
:10CCB8004247D246B2472A84130520FA2300A4002B
:10CCC800A300C4002311B4002302E400A302D4008B
:10CCD80013058400614691CFBE859740FF1FE7800A
:10CCE80080BCA2852254B2502685925445616F704B
:10CCF8000F9081459740FF1FE78000C2DDB7B25013
:10CD080022549254456182805845797122D406D6BE
:10CD18002A84AE8651C383572700231DF100930749
:10CD28002006639FF5049387A19203D607008357D3
:10CD380067006373F600B28713F6F70F8355270170
:10CD4800834707018D8F93F7F70F81E5890793F7DD
:10CD5800F70FB297FD17B3C7C702231EF100835719
:10CD680024008355640003458400231CF100014717
:10CD78003C080146EFF0BFF1B25022544561828071
:10CD88000347C7019777FF1F9387471B9C431207E9
:10CD9800BA9783D76700D1B72EC6194681452808A8
:10CDA8009740FF1FE78040B7B24655BF797122D43C
:10CDB80006D626D22A848DC18147014793060006EC
:10CDC8002E868355640003458400EFF05FECB25073
:10CDD8002254925445618280B28428005946974073
:10CDE800FF1FE78060B32314910089E8835724006C
:10CDF80048446C002315F100EFF0CF9D3C0001473B
:10CE080093060006014675BF797106D6814799EDEC
:10CE18008357250058452316C1002314F1003C0010
:10CE280011C7835727002315F1003C002E86835530
:10CE3800650003458500014793060006EFF03FE5CE
:10CE4800B25045618280411122C406C6834705005D
:10CE580011472A846395E7022E86835565000345AA
:10CE6800850081470147CD46EFF07FE2494683556B
:10CE780064002244B240154541016FF02F9013F72A
:10CE8800B70F89466317D7000146EFF03FF25146C6
:10CE9800F9BF0D476398E7002244B24001464101BB
:10CEA8006FF09FF6B24022444101828083D705008B
:10CEB8003147F1173387E7029777FF1F93870709F1
:10CEC800BA97D84319EBD8412395A7000145D8C391
:10CED80003D725002394E700828059458280797121
:10CEE80022D4404526D24AD006D6AA842E8925C007
:10CEF800484419C59740FF1FE780005B23260400BC
:10CF08008357040083D5640003C584002315F1000A
:10CF1800835724000147930640062316F1008357E0
:10CF280084004A862317F1001C483EC883D7240092
:10CF38002314F1003C00EFF09FD5A30E2401232811
:10CF48000400B2502254925402594561828028004C
:10CF5800314681459740FF1FE780009C83D7240016
:10CF680083D5640003C584002314F10001473C0005
:10CF7800930640064A86EFF09FD1E1B7797152CC0B
:10CF88002A8A03D5050026D206D622D44AD04ECE08
:10CF980056CAAE84EFE0FFE719E1854749A040454E
:10CFA800AA8965DC83576500E39947FF83578400A6
:10CFB800638907128346C401977AFF1F938A0AF888
:10CFC80003A70A009206FD173697C20703576700A2
:10CFD800C1832314F4006316F70093053006EFF0BD
:10CFE800BFD25C48A5EFC840034915008347050038
:10CFF80022093369F90083D7240013072900631A2B
:10D00800F702F955EFE0E05BC8C02391240103C59E
:10D0180089002686D285EFF0BFC1814721E1B25051
:10D02800225492540259F249624AD24A3E854561D5
:10D0380082809565938515C04A859740FF1FE780D4
:10D04800803748C8C840231C2401F955EFE06057D1
:10D0580083D72400C8C0F9172391F400484859C55C
:10D0680003D624008356A401835784013308D600CD
:10D0780063C007090347C40183A70A00954512073F
:10D08800BA9783D7270063CF0705CC4036959740DA
:10D09800FF1FE78040810357A40183D72400BA9774
:10D0A800C20703578401C183231DF400E397E7EE09
:10D0B80003D7290003C5890030002314E10058482C
:10D0C800D2852315F1003AC6EFF09FB611C548483E
:10D0D8009740FF1FE780403D232A0400232C0400CB
:10D0E8006DBD99454E85EFE03FE445BDA545DDBFE3
:10D0F8009145CDBF03D7250069CF83D6A192ED47CF
:10D1080063EAE60C011122CC2E8426CAAA84484080
:10D11800914506CEEFE0E04A83572400AA86230013
:10D12800F50083572400A183A300F500835704006A
:10D138002301F50083570400A183A301F5000356DA
:10D148002400C167F9171106420641826396F40468
:10D158002AC4314532C6EF603FBAAA85CD471DC5FE
:10D16800930700F93246A2462300F500F957231128
:10D17800F50089472302F5002313C50014C5177568
:10D18800FF1F0345E5DBEF609FC68147F24062441D
:10D19800D2443E850561828081452685EF40903BDB
:10D1A800AA8701E903C7E19275D37D172387E19226
:10D1B800F1BF09476302E5021D476301E5024947DC
:10D1C8006300E5027D47E313E5FC03C7E19281476D
:10D1D800E1BFED473E858280D1474DBF91477DB77E
:10D1E80089476DB7011122CC4AC831441309C5FFDC
:10D1F800330489029777FF1F938747D506CE26CA3F
:10D208003E94584031C783C6E192BE84854795CA8B
:10D218002314A100835784000355A4002C003AC6A8
:10D228002315F100EFF01FED11C548409740FF1F8F
:10D23800E7808027B147B307F902A69723A2070022
:10D248008547F2406244D24442493E850561828066
:10D258008147C5BF797126D244451387A1924AD028
:10D2680083D764000359070052CC06D622D44ECE89
:10D2780056CA2A8A63F327013E8903D72401420943
:10D288001359090183D7040141CB998F4A8463D587
:10D29800270113940701418089452285EFF04F86C5
:10D2A800AA89CD4A25C183D724002AC6231581001F
:10D2B8002314F10083D7240185E383D7040193095C
:10D2C80025002300F50083D70401A183A300F500FE
:10D2D8006376240503D4040183D72401CC44228631
:10D2E8004E85BE959730FF1FE780E05B03556A00C7
:10D2F8002C00EFF03FE0AA8A15C54E859740FF1F26
:10D30800E780801AB2502254568592540259F24945
:10D31800624AD24A4561828089078DBF79144204E6
:10D3280041805DBF03D7240183D704003A94FD17D9
:10D33800C207420403D70401C18341802390F4004B
:10D34800239984006377E400D5FFFD57A38EF4008A
:10D3580055BF81455285EFF09FB86DB701114EC694
:10D3680083C9119322CC52C456C25AC006CE26CACB
:10D378004AC84E84138A4192854A130BF00F8327BB
:10D388000A0093144400BE9403C9040063175907A4
:10D39800DC44A5C7D84735C303D7070039C383C7BB
:10D3A800E19289CF2685EFF0FFEAAA8515E5050405
:10D3B80083C7D192635FF400A3888192F2406244EC
:10D3C8004A85D2444249B249224A924A024B0561EF
:10D3D8008280A3880192DDB72685EFF05FB001490E
:10D3E800F1BF83C7D701639A670193052006268595
:10D3F800EFF09F91DC44A38E070005041374F40F2B
:10D4080083C7D1926363F4000144E31A34F7C1BFC0
:10D418004111154506C6EFF0FFDC09C50545B240C8
:10D42800410182801945EFF0FFDB6DF91145EFF0FE
:10D438007FDB6DF51D45EFF0FFDA6DF183C7D19203
:10D44800F9DFB24041016FF07FF183D705000D4746
:10D45800F117C207C1836361F706DC41B1CF4111FF
:10D4680022C42E84854526C206C6AA84912F39C5B2
:10D478002685AD25C167F917638FF40009ED835739
:10D48800240091CB835604001947639FE60203D713
:10D49800A19263FBE70283C7E192A285268599C71B
:10D4A8002244B240924441016FF0DFC42244B240AA
:10D4B800924441016FF09F9F094582805145B240D7
:10D4C80022449244410182806D45D5BF397126DAE4
:10D4D8004ED6AA84AE895D4589454AD806DE22DC47
:10D4E800328936C63AC4EFE0BFE125C522472A840F
:10D4F800014511C7B24613054400B68502979357F4
:10D50800850023003401A30024012301A400A30102
:10D51800F40011059547231DA100231CF10022CE1C
:10D5280083C7E1922C08268595C3EFF0BFBCAA8477
:10D5380011C522859740FF1FE78000F7F25062541B
:10D5480026854259D254B25921618280EFF01F9644
:10D55800F9BFCD44E5B7797126D24AD052CC56CA24
:10D5680006D6BA8A22D44ECE19472E89B284368A74
:10D578006391E508035526000944EFE09F892AC610
:10D5880049C15C458359650083D727002390F4007F
:10D59800B2471547238057011776FF1F0346C69ADF
:10D5A8002391E700130716001377F70F9776FF1FED
:10D5B800238CE6982382C70011E705479776FF1F5B
:10D5C8002384E6985147631AE90015472391E4003C
:10D5D800DC4703D784002394E7005287A686CA85D0
:10D5E8004E85EFF0BFEE2A84324515C4EFE0FF8E7A
:10D5F80009A842867400BE85AA89EFE08FF32A84C1
:10D6080041D92285B250225492540259F249624AB1
:10D61800D24A45618280F945EFE0BFA8DDB783D7DC
:10D6280005002300F50083D70500A183A300F500BA
:10D6380083D725002301F50083D72500A183A30103
:10D64800F5001145828083D705002300F50083D7B4
:10D658000500A183A300F50083D725002301F50069
:10D6680083D72500A183A301F50083D745002302B2
:10D67800F50083D74500A183A302F50083D7650091
:10D688002303F50083D76500A183A303F500214593
:10D69800828083D705002300F50083D70500A18386
:10D6A800A300F5000945828083D705002300F50013
:10D6B80083D70500A183A300F50083D725002301A4
:10D6C800F50083D72500A183A301F50083D7450082
:10D6D8002302F50083D74500A183A302F50083D771
:10D6E80065002303F50083D76500A183A303F50034
:10D6F80083D785002304F50083D78500A183A3047D
:10D70800F5002945828003D705008546AA872300AE
:10D71800E50003D705002183A300E50003D7050032
:10D72800631DD70003D725002301E50003D7250093
:10D738002183A301E5001145828009456315A702ED
:10D7480003D7250019452381E70003D72500218346
:10D75800A381E70003D745002382E70003D74500EC
:10D768002183A382E700828083D705002300F50088
:10D7780083D70500A183A300F50083D725002301E3
:10D78800F50083D72500A183A301F5001145828008
:10D79800797126D24AD04ECEB2842A89AE892946DA
:10D7A8008145480022D406D636849730FF1FE7808B
:10D7B800A0162316910095EC835724002312F1003C
:10D7C8009387A19283D707002314F1005C4495C383
:10D7D80083C6C7011767FF1F1307477618439206CA
:10D7E80083D787003697035727002315F1002313A3
:10D7F800E1004A8517070000130747EB540013F6AA
:10D80800F90FD545EFF09FCC2A8911C19DE08547D6
:10D818002300F40023020400014681452285EFF02D
:10D82800EFD8B25022544A8592540259F2494561C0
:10D8380082802285EFE06FEAEDB7B2861707000015
:10D848001307A7EC2E8685456FF05FC801112317D3
:10D85800A1004165700001489307F00F0D47970636
:10D868000000938606DC99457D1506CEEFF0BFCE05
:10D87800F24005618280B28701482E8611479706DB
:10D888000000938686DCC9456FF0FFCCB286170787
:10D898000000130747E02E86CD456FF03FC3011106
:10D8A80022CC26CA4AC84EC606CE2A89AE89176433
:10D8B800FF1F1304246D9764FF1F9384A46F1C40FB
:10D8C80081C7CE854A8582971104E31A94FEF240F7
:10D8D8006244D2444249B249056182809767FF1F7A
:10D8E80083C707571765FF1F034595561767FF1F1F
:10D8F800A308F76EAA9793F7F70F1767FF1F23017F
:10D90800F76ED9C31305C0033385A702A565411176
:10D91800850506C69740FF1FE780E0A99767FF1FA8
:10D9280023A0A7669307C0031766FF1F0346466B2D
:10D938003306F60281459730FF1FE780E0FD9767C1
:10D94800FF1F9387E7639C439766FF1F83C646695B
:10D95800014789077D56634FD700B240130600037D
:10D9680081451765FF1F1305E56141011733FF1F47
:10D97800670083FA2390C7002381070023A50702C5
:10D9880005079387C703C1BF82809767FF1F9387E7
:10D99800275F98431766FF1F034686648147631510
:10D9A800F600814636858280BA861307C7038355F9
:10D9B80067FCE389A5FE850793F7F70FCDB701113B
:10D9C80022CC2EC632C406CE2A84EFF01FFC224693
:10D9D800B24511E9C167F9176303F4005145F240F4
:10D9E80062440561828054558347450095C213F708
:10D9F800270141456314A700154575F2C18B3D45C4
:10DA0800F9DF83C7A6010145E3FBB7FC3145C1BF78
:10DA1800C18B0145E9F71545D9B7797126D2C1649B
:10DA280022D44AD04ECE52CC56CA06D62A890144B0
:10DA38009769FF1F9389C954130AC003FD14854AC7
:10DA48009767FF1F83C7C7596364F400014535A86A
:10DA5800B307440303A70900BA9703D7270063163F
:10DA6800970005041374F40FE1BF03C55700300095
:10DA780093856700EFB0B0581946CA8528009730DB
:10DA8800FF1FE780C0EDE31E55FDB25022549254AB
:10DA98000259F249624AD24A456182809767FF1F5C
:10DAA8009387074EC16698439765FF1F83C5455303
:10DAB8008147FD166395F50001463285828003583B
:10DAC80027003A866306D80003480700E307A8FE44
:10DAD800850793F7F70F1307C703E9BF411106C678
:10DAE800EFF0BFEA11C503554501B24041018280FC
:10DAF8000145E5BF9767FF1F938787489843976657
:10DB0800FF1F83C6E64D8147110701456393F60061
:10DB180082800346070001C605051375F50F8507C2
:10DB280093F7F70F1307C703D5B71765FF1F03450B
:10DB3800254B82801767FF1F1307C7448147BA86A2
:10DB480031460C4391E58A07B69788C30145828020
:10DB580085071107E397C7FE4D458280411106C628
:10DB680022C4EFF09FE21DCD2A8403552500854588
:10DB7800EFF0FFD2485409C59740FF1FE780C092D5
:10DB880022851306C00381459730FF1FE780C0D860
:10DB9800FD572311F400230204000145B24022443A
:10DBA800410182800945DDBF411106C6EFF0FFDD66
:10DBB80011C50345C500B240410182800145E5BF5A
:10DBC800C167F9176304F502411122C406C62E8401
:10DBD800EFF0BFDBAA87014591C703C54700698CF1
:10DBE80033358000B240224441018280054582805D
:10DBF800011106CE2EC6EFF05FD9854711C903572C
:10DC08004501B24585476305B700231AB50081472A
:10DC1800F2403E850561828021CD01114AC84169E3
:10DC280022CC26CA4EC652C406CE0144AA8497699D
:10DC3800FF1F9389E934130AC0037D199767FF1FF3
:10DC480083C7073A634AF400F2406244D244424927
:10DC5800B249224A056182803305440383A709003B
:10DC68003E95835725006383270182940504F9B7FD
:10DC780082809767FF1F9387A7309C43C16617660A
:10DC8800FF1F0346E635890701450147FD16914503
:10DC98006313E600828003D807006309D80003C82D
:10DCA800A7006315B80005051375F50F0507137769
:10DCB800F70F9387C703E9BF9767FF1F9387472C21
:10DCC80094431766FF1F0346A63101479106814713
:10DCD8006310E602858393C7F7FFC207C183054532
:10DCE8006364E50285473395A70042054181828038
:10DCF80083C5060081C583D5C602CD8F0507137776
:10DD0800F70F9386C603E9B793F61700E1FE0505FA
:10DD180085831375F50FE9B7797156CAAA8A2E85D6
:10DD280026D24AD04ECE52CC5AC85EC662C406D657
:10DD380022D4AE84328B368CBA8B3E8AC28946890D
:10DD4800EFF0BFC449E141657D15EFF01FC42A8497
:10DD5800554531CC1946DE8513056400A3028401BC
:10DD68009730FF1FE78020B48357010323119400E5
:10DD7800230264012319F40083574103230054014B
:10DD880023260402231AF40023064401231734012E
:10DD980023182401EFF05FF22318A402232A0402B7
:10DDA8002685232C04028145EFF07FAF0145B25050
:10DDB800225492540259F249624AD24A424BB24B17
:10DDC800224C456182804545DDB79767FF1F9387E1
:10DDD800271B98439766FF1F83C686208147639554
:10DDE800F60041657D1582803A861307C70383557F
:10DDF80047FF6395A500035526008280850793F7A2
:10DE0800F70FF1BF9767FF1F938787179443416602
:10DE18001768FF1F0348C81C01477D169548114322
:10DE28006314E8000145828083D726003685638025
:10DE3800C704CC5A8DCD83C7350083C5250089CD4D
:10DE4800938597FD93F5F50FE37FB3FC9387D7FA96
:10DE580093F7D70F89EF82809385F7FD93F5F50F38
:10DE6800E3F3B8FC9387D7FA93F7D70FCDDF05070D
:10DE78001377F70F9386C60365B79767FF1F9387D6
:10DE88002710416698439765FF1F83C5651581472D
:10DE98007D1625486394F500014582808356270046
:10DEA8003A85638CC600545B89CA83C6360093865C
:10DEB800E6FD93F6F60FE372D8FE850793F7F70FA2
:10DEC8001307C703C1BF011122CC2A84494506CED6
:10DED800EF800FBA15C12AC62285EFF01FAB09CD16
:10DEE8006244324683550503F2401765FF1F034518
:10DEF800D50E05616F60CFC6F2406244056182802D
:10DF080039714ED652D4AE892A8A930530054145D7
:10DF180026DA4AD856D206DE22DC32C63689BA8AD2
:10DF28009730FF1FE7802049CD4431C92A848944AE
:10DF38006382090432468145231AC100414697305D
:10DF4800FF1FE780609D5686CE8522859730FF1F8C
:10DF5800E78060952146630E0902CA852808973034
:10DF6800FF1FE7804094A28650082C085285EF30A6
:10DF7800D055AA8422859730FF1FE780E052F250DF
:10DF8800625426854259D254B259225A925A216172
:10DF98008280814528089730FF1FE780E097E1B726
:10DFA800411122C4405926C206C6AA8429CC085465
:10DFB80009C59730FF1FE780204F285809C59730BB
:10DFC800FF1FE780604E685809C59730FF1FE7803C
:10DFD800A04D285C09C59730FF1FE780E04C685CBE
:10DFE80009C59730FF1FE780204C0325040809C5A1
:10DFF8009730FF1FE780404B22859730FF1FE7804F
:10E00800A04A23AA0402224483D50403B2409244BE
:10E018001765FF1F034575FC41016F60CFDE411195
:10E0280026C206C622C4AE84EFF03F9621C54C59DD
:10E038002A84A9C183A8C50703A88507FC59B8592C
:10E0480083C6650003D6050083C525002685EF80B5
:10E058004FAA2285EFF0DFF4EFF03FE201CD224432
:10E06800B24092441765FF1F034535F785454101C6
:10E078006F606F8FB2402244924441018280011147
:10E0880022CC06CE2A842EC6EFF03F905C5991CF61
:10E0980083D70700B245639A870085476397F500E1
:10E0A8006244F24005616FF0BFEFF24062440561DF
:10E0B8008280411106C622C426C2EFF0BFD429C50A
:10E0C8004059AA8431C08347240095CB9767FF1F26
:10E0D800938787EE9C4389C7DC4399C3228582973F
:10E0E800034734009307F0026310F702224403D574
:10E0F8002400B2409244814541016FF05FF2976776
:10E10800FF1F938727EBF9B7B2402244924441019D
:10E118008280411126C24AC006C622C4AA842E891A
:10E12800EFF0BF8631C1405961C083570400639D39
:10E13800970A8347340013071002639DE708834753
:10E148002400C1C77C540327040883D7470105E787
:10E1580013F717000DC3185403574700058B01CF59
:10E1680093072002A301F400B240224492440249DA
:10E1780005454101828013F7270009CB185403573E
:10E188004700098B01C793074002E9BF918B89CBF0
:10E198001C5483D74700918B81C793076002D9B776
:10E1A8009767FF1F938747E19C43DDDFDC43CDDFA3
:10E1B80022858297034734009307F0028145E315CF
:10E1C800F7FA2685EFF0BFE545B79767FF1F9387F6
:10E1D80067DED9BF1307A0026398E700630409004C
:10E1E80013092003CA85F1BF631C09002685EFF0D7
:10E1F800CFF919C58347450093E707012302F500C6
:10E20800A6854A85EF705FA385B7797126D29947AD
:10E21800231DB100AA842E858D4522D406D632C688
:10E2280036C4231CF100EFE0AF8D2ACE4D441DC14A
:10E238003246A246AA85328582962A8419E52C0898
:10E248002685EFF08FA02A8411C572459730FF1FED
:10E25800E78080252685EFF01FC72285B25022541B
:10E26800925445618280411122C42E862E849726BD
:10E27800000093862696894506C626C24AC02A8982
:10E28800EFF0BFF883450400AA844A85EFF03FD930
:10E29800B240224426850249924441018280976710
:10E2A800FF1F938727D19C4395CB9C4385CB1D713A
:10E2B800A2CC86CE984110082A843AC8D841854510
:10E2C8003ACA829701C92306A100035524006C00AD
:10E2D800EFF07FF9F6406644256182808280AE8740
:10E2E80015C5785505C7834607002380D5008346A2
:10E2F8001700A380D500834627012381D5008346D4
:10E308008701584BA381D500D8C1828041468145F9
:10E318003E851723FF1F670023609767FF1F9387BA
:10E32800A7C99C4391C703A3870063030300028323
:10E33800094582801767FF1F130707D418431DC7B5
:10E348005843AA8705450DC703A50708411106C606
:10E35800930605021306050C930505061305050427
:10E368000297B2401375F50F4101828005458280FE
:10E3780082804DC9357122CD2A840355050026CBEC
:10E388004AC94EC756C306CF52C55AC1DEDEB68A41
:10E39800B2892E89EFF06FDFAA8439C50C1822855F
:10E3A800EFF0FFF383472400138A6400A9CBEF70D2
:10E3B8006FE22A8B014583CB5400EF706FDFAA848C
:10E3C8000C100818EF10806208542C10EF10A0628F
:10E3D800D288268A56C05E88D2875A871410301091
:10E3E800CE854A85EF20D01EFA406A44DA444A496D
:10E3F800BA492A4A9A4A0A4BF65B0D618280EF7045
:10E408006FDDAA8B014503CB5400EF706FDA2ACE7B
:10E4180008540C10EF10805D2C100818EF10A05D48
:10E42800F2484DBF8280C14709CD1455C14791CAF2
:10E43800785501CB83C73600BD4663F4F6008347A1
:10E4480087013E8582808947630905106387051027
:10E45800411106C622C426C2834715002E84238094
:10E46800F50083472500A380F50083473500238105
:10E47800F50083474500A381F50083475500858B48
:10E488009396870083D7450093F7F7EFD58F2392AC
:10E49800F5008346550093F7F7DFA20693F60620AA
:10E4A800DD8E2392D5000347550093F6F6BF220769
:10E4B80013770740558F2392E50083475500FD7673
:10E4C8009386F67F8D87858B758FAE07D98F2392BC
:10E4D800F50083466500F99B858ADD8E2392D50079
:10E4E800034765009377270013F7D6FF5D8F2392C4
:10E4F800E5008347650093F647009377B7FFD58F0C
:10E508002392F50003476500DD9B4D45218BD98F8C
:10E518002392F500EF70DFD5AA845145EF705FD5DF
:10E528000347340093F4F40FC947636297021375E5
:10E53800F50F636EE500834604001147E147636801
:10E54800D7008346140005476363D7008147B2406C
:10E55800224492443E85410182803E85828015C1D5
:10E56800AA8709458DC141112E854146938517001B
:10E5780006C69720FF1FE7800033B24001454101DE
:10E58800828009458280828089471DC595C54111D1
:10E5980006C603471500AE8719462380E500930594
:10E5A8002500138517009720FF1FE780C02FB24072
:10E5B80081473E85410182803E85828015C1AA87B8
:10E5C80009458DC141112E8541469385170006C620
:10E5D8009720FF1FE780202DB2400145410182802E
:10E5E80009458280828089471DC995C9411106C69F
:10E5F8000347250083461500AE872207558F2390D1
:10E60800E500214693053500138527009720FF1F55
:10E61800E7806029B24081473E85410182803E857E
:10E62800828015C1AA8709458DC141112E854146B1
:10E638009385170006C69720FF1FE780C026B240C3
:10E64800014541018280094582808280894719C934
:10E6580091C903471500BD46E14763E5E6002380FD
:10E66800E50081473E85828015C1AA8709458DC18D
:10E6780041112E8541469385170006C69720FF1F36
:10E68800E7806022B24001454101828009458280CD
:10E69800828015C1AA8709458DC141112E85414641
:10E6A8009385170006C69720FF1FE780C01FB2405A
:10E6B8000145410182800945828082801DC1AA8767
:10E6C800094595C141112E8513060004938517004D
:10E6D80006C69720FF1FE780001DB2400145410193
:10E6E800828009458280828015C1AA8709458DC12B
:10E6F80041112E8541469385170006C69720FF1FB6
:10E70800E780601AB2400145410182800945828054
:10E7180082801D71A2CC2A84084586CEA6CA23060B
:10E7280001008344050035479387F4FF93F7F70FFB
:10E73800636CF70C177701001307C7ED8A07BA97C0
:10E748009C43BA9782870C08EFF0FFCFC947631242
:10E75800F50299472306F100035524006C00EFF0F9
:10E768009FB0F6406644D644256182800C08EFF0DD
:10E778005FEB29C98347C100E5F303552400EFF097
:10E788008FF4C5B70C08EFF03FEEE5B70C08EFF0D3
:10E79800FFEBC5B70C08EFF09FDCE1BF0C08EFF00A
:10E7A8009FE4C1BF0C08EFF07FE1E1B70C08EFF080
:10E7B800BFDDC1B70C08EFF0DFED65BF834715007B
:10E7C8002308F10003552400EFF02F9CA14715C141
:10E7D8000347C500631CF7029757FF1F9387C77D40
:10E7E80098439D4719C7184309C71008A68502977B
:10E7F800AA872306F100BDBF0C08EFF03FEC95BFD8
:10E808000C08EFF07FEEB5B79D47A9B79757FF1FE4
:10E818009387477AF1B7011122CC06CE26CA4AC897
:10E828004EC603470500930720092A84631DF71283
:10E838008347150039476395E70A835645000967FA
:10E84800610781476399E6109759FF1F9389C97734
:10E8580003A50900CE84630005100C4403C9050014
:10E86800631E09008347050085052146B9CB2905A4
:10E878009720FF1FE78020039C40ADC34945EF5018
:10E88800AFC72A840DC5930710FC2300F500A30029
:10E8980025018C400905414689059720FF1FE7801F
:10E8A80080009C40A28503C51700EF504FD48840D4
:10E8B8009730FF1FE78040BF9757FF1F23A60770B9
:10E8C80031A809059720FF1FE780E0FDEF30A03F42
:10E8D80005495DF183A70900238027018547A5A87D
:10E8E8001307E003639FE708034725009547631074
:10E8F800F70403554500EFF02FAB9147E310F5FE01
:10E908009757FF1F9387076B9C43E9DB03A3870097
:10E91800E30603FC0356E400035544009305640032
:10E928006244F240D2444249B24905610283A14798
:10E93800631EF70083456400035544006244F240B7
:10E94800D2444249B24905616FF0AFFC9306000317
:10E958008147E301D7FEF2406244D2444249B249BA
:10E968003E85056182809306000A8147E315D7FE3C
:10E97800EFF03FDA08443DD19730FF1FE780C0B27F
:10E98800B1BF8147C9BF011126CA06CE22CC89442E
:10E998001DCD95CDAA842E8468008D45EF60DFD209
:10E9A8008347E1002685228693F7F70393E7070458
:10E9B8006C002307F100EF20A038AA8409E90D466E
:10E9C8006C00130534009720FF1FE780C0EDF2406C
:10E9D80062442685D244056182805D714EDE86C61A
:10E9E800A2C4A6C2CAC052DC56DA5AD85ED6894931
:10E9F80045CD5DCA138B4500420B135B0B01AE8AF4
:10EA08002A8A930530055A85B2849730FF1FE7801C
:10EA1800809A2A84CD4949C9EF60FFFD2A89568624
:10EA2800D285935A8900135A0901937BF90F13056C
:10EA3800440093FAFA0F137AFA0F135989019720B1
:10EA4800FF1FE780A0F6A301740123015401A3006E
:10EA5800440123002401EF605FF9AA8541460808B4
:10EA68009720FF1FE78080F4214734005A86A2854B
:10EA78000808EF208053AA891DE121462C00238035
:10EA88007401A380540123814401A38124011385C7
:10EA980044009720FF1FE78060F1EF60BFF62285F2
:10EAA8009730FF1FE78040A0B64026444E85964425
:10EAB8000649F259625AD25A425BB25B616182805E
:10EAC80001114AC82A892E8506CE22CC26CA2EC60E
:10EAD800EFE0BFEB71C5405971C483475400094743
:10EAE800B24593F6B70F6387E60011471305E00FA9
:10EAF8006392E708835704000945639DB7069304AA
:10EB080084004146CA8526859720FF1FE780A0D943
:10EB18004146CA85130584019720FF1FE780A0D8C6
:10EB28000347340085469307F7FE93F7F70F63E929
:10EB3800F6041306C4033285C14532C6EF60DFB858
:10EB480032469306C402A6852285EFF09F8283474A
:10EB5800240089CB22856244F240D24442490561AF
:10EB68006F10401003473400C947E305F7FEA301BF
:10EB7800F4000145F2406244D24442490561828072
:10EB8800930710050145E317F7FE83472400FDD3DB
:10EB980022856244F240D244424905616F10001355
:10EBA8000945C9BF4945F9B729CD011126CA06CE7D
:10EBB80022CCAA840945A9C10D4628002E848D05BA
:10EBC8009720FF1FE78020CE8347A10070002C000C
:10EBD80093F7F70393E7070426852305F100EF2051
:10EBE800201619E90D46A28568009720FF1FE780C7
:10EBF80000D77D153335A000F2406244D244056148
:10EC0800828009458280011152C42A8A32854EC603
:10EC180056C25AC006CE22CC26CA4AC82E8BB28A01
:10EC2800B689EFE09FD609ED8944F2406244268513
:10EC38004249D244B249224A924A024B0561828033
:10EC48005C592A89C544F5F34D45EF706FE213749A
:10EC5800F50F5145EF70CFE1E38809FC83C78901BF
:10EC6800E3E487FC1375F50FE360F5FC93053005C5
:10EC7800130540089720FF1FE780E073232AA902A5
:10EC88002A84CD445DD11306400881459720FF1F93
:10EC9800E78080C8A3010400230144012302640122
:10ECA800231054012326340723240402A30204005A
:10ECB8008144E30C0AF62285EF00D074AA8435D586
:10ECC8004A85EFF0EFAD95B7397122DC06DE26DA1A
:10ECD8004AD84ED652D456D25AD05ECE62CC66CAE4
:10ECE8000944630B061063090710AA8B3A89368B0F
:10ECF800B28A2E8CEFE07FC92A8A5144630E050E32
:10ED08009305300541459720FF1FE780C06AAA890F
:10ED18004D447DC18344190083472900A204C207DA
:10ED2800BE9483470900BE9483473900E207BE9426
:10ED380083278A0263E697007D5709446399E70AA7
:10ED480063070C0083474A000544898BCDC3930CA5
:10ED58004B00214681450A85C20C9720FF1FE7809A
:10ED6800A0BB93DC0C019305300566859720FF1F37
:10ED7800E78060642A8C4D443DC95A86D6851105C2
:10ED88009720FF1FE78080C21146CA8562859720B9
:10ED9800FF1FE780A0C1414693058A014E85972051
:10EDA800FF1FE780A0C021478A866686E2854E85D8
:10EDB800EF20A01F2A841DE521468A852800972078
:10EDC800FF1FE780A0BE2146930549002800972031
:10EDD800FF1FE780C0B88547631EF502A6855E85DC
:10EDE800EF70EFFE62859720FF1FE780E06B4E858E
:10EDF8009720FF1FE780406B2285F2506254D2545F
:10EE08004259B259225A925A025BF24B624CD24C86
:10EE1800216182800544F9B779719397050122D45D
:10EE280006D626D24AD04ECEC1872E8463D5070493
:10EE38001755FF1F0345751AEF401FF32AC605C172
:10EE4800EFF07F9DB24509E91755FF1F0345E51807
:10EE58009307F00F631EF5002E85EF40DFE4216570
:10EE6800218DB250225492540259F2494561828050
:10EE7800EF40FFF7EDB793F7150091C7EFF06FA3D9
:10EE880013451400F9BFA1E10145E1BF850493F4DE
:10EE9800F40FEFE09FC9E3F9A4FE33959900131925
:10EEA800050113590901B3772401EDD34A85EFE031
:10EEB800DFF1C167FD176305F500DD45EFF02F961B
:10EEC8003345240179BF85448549E1B79757FF1F2A
:10EED80023AC070E9757FF1F23A0070E9757FF1F56
:10EEE80023AA070C9757FF1F9387470E17070000A1
:10EEF8001307276298C31707000013072732D8C3E0
:10EF080017F7FFFF1307070098C79757FF1F938747
:10EF1800E70A171700001307A75A98C31717000026
:10EF280013074710D8C3171700001307073E98C7E1
:10EF380082809757FF1F83C7670AA18B1757FF1F48
:10EF48001307C70891E301479757FF1F23A6E70652
:10EF5800014582809757FF1F83C74708918B175732
:10EF6800FF1F1307A70591E301479757FF1F23A327
:10EF7800E70401458280011106CE2AC6EFF01FF58D
:10EF8800324599459757FF1FA389A704EFD06FB261
:10EF9800F24017F5FFFF1305C50E05616FE09FB935
:10EFA8001C5581C7A1473E858280011122CC26CA03
:10EFB8002A84AE84130500049305300506CE9720F5
:10EFC800FF1FE780403F08D46305051013060004BF
:10EFD800A6859720FF1FE780008D78548347270177
:10EFE80093F68700638E0610145483C62600A18A00
:10EFF8006388061083270408E9EF93053005130595
:10F0080000109720FF1FE780003B2320A4088D47AE
:10F0180071C1A3020400785483C714008346170003
:10F0280081EF81EE83C72400918BDDEB83472701B5
:10F03800918BDDE7854711A889C62147A302E40023
:10F0480099C78347540093E70701A302F4006C545F
:10F0580083C72501858B91CF1C54054783C727009B
:10F068008D8B6398E7008347640093E717002303B9
:10F07800F4008327040899C78347640093E787004F
:10F088002303F4008347540005476398E70C93046F
:10F0980084004146814526859720FF1FE780C08769
:10F0A80041468145130584019720FF1FE780C086EC
:10F0B8001306C4033285C14532C6EF60EFE08327EB
:10F0C80004083246BDC72285EF005040930700056B
:10F0D80025CDA147F2406244D2443E850561828035
:10F0E80083C704008346070015473387E7029767FD
:10F0F800010093876757BA97B69783C70700B1B7D8
:10F1080083C6140091C68346170099C2E14735BFEC
:10F1180083C62400D58F918B91DF83C70400834673
:10F12800070015473387E70297670100938707525F
:10F13800D9B722859306C402A685EFF08FA322854E
:10F14800EF00503259F5C14703550400A301F400FC
:10F158008145EF708FB28147B5BF13F7870149C367
:10F16800C18B930484004146A9CB89052685971055
:10F17800FF1FE780407341468145130584019710BE
:10F18800FF1FE7806079834764001306C403328554
:10F1980093E747002303F400C14532C6EF60CFD29E
:10F1A8008327040832468DC32285EF003032930747
:10F1B800200505F1A301F40079BF81452685971044
:10F1C800FF1FE780607545BF9306C402A6852285A8
:10F1D800EFF02F9A2285EF00F028CD4761DDD5BDED
:10F1E800094785456388E70093F7D70F1147639769
:10F1F800E700894503550400EF702FA88347640092
:10F2080093E747002303F4008327040881C7930783
:10F2180010054DB7C54779BF834725006384072686
:10F22800797122D406D626D24AD0834735001307EF
:10F2380050052A846390E708034975001306C5033F
:10F24800C14593573900AA97328583C4870032C6CF
:10F25800EF608FC79757FF1F938707E29C43A9C7A3
:10F268009C47B9C30325040893767900B3D6D440E4
:10F278003246858A93050504180893E6060813059F
:10F28800050882971375F50F05E141460C0813052B
:10F29800C4029710FF1FE78000612285EF00901CD1
:10F2A80093076005A301F400B25022549254025906
:10F2B80045618280130710026395E7021C550327F6
:10F2C800050883D7470069EB13F7071071C778550E
:10F2D800035747011377071061C393077002A3010F
:10F2E800F4008347340013077002639FE70C3C580F
:10F2F80085E39305300571459720FF1FE780A00B34
:10F3080028D819C5714681459710FF1FE780C0604E
:10F318002458B9C883C7A40191E72285EFF0AF90BC
:10F32800238DA4002858814541469710FF1FE78088
:10F33800A05E28583D478345A5019387F5FF93F7BD
:10F34800F70F6364F700EF602FB8EF40FFC43C5835
:10F35800A1452398A70013852701EF60EFB62C5825
:10F3680003550400EF00D0419307800203550400C1
:10F37800A301F400EFE06FE1414611C58357E500B2
:10F3880013D617003E96060685451755FF1F0345F9
:10F39800D5C4EF40FFFC09BF13F7072011CB785401
:10F3A800035747011377072001C79307900205BF4A
:10F3B80093F707409DD77C5483D7470193F70740BD
:10F3C8008DD39307B00221BF13078002639BE70226
:10F3D8003C5889CB83D507010355040013862701C0
:10F3E800EF00903F1C5483D7470013F707202DC325
:10F3F8007854035747011377072039CB93079002B6
:10F40800B5B713079002639CE700EF604FDDAA854C
:10F4180003550400EF00503B9307A00281BF130778
:10F42800A0026393E704EF60EFDAAA8585470145F8
:10F438006384F500814505452EC6EF606FD72A869F
:10F44800B24503550400EF00B0341C5483D747007D
:10F4580093F707408DC77C5483D7470193F707403C
:10F4680099CF9307B00219B71307B0026399E70061
:10F47800EF60AFD7AA8503550400EF0070399307F2
:10F48800F0020DB58280411122C4405926C206C639
:10F498007C54AA8483D7470113F7071019C7185457
:10F4A80003574700137707101DE313F7072019C701
:10F4B8001854035747001377072011EB93F70740B9
:10F4C8008DCF1C5483D7470093F707409DC79307F8
:10F4D8001002A301F4002285EFF01FD40347340083
:10F4E8009307F0026310F702224403D52400B240C8
:10F4F8009244814541016FE09FB29307F002A30156
:10F50800F400DDB7B240224492444101828039714F
:10F5180022DC405926DA4AD84ED606DEAA89AE84BD
:10F5280032896304043E035525008357040063842D
:10F53800A700A14429A08347240091EB9D44F250E1
:10F54800625426854259D254B259216182809387E8
:10F55800E5FF93F7F70F2D47E362F7FE1767010002
:10F56800130747128A07BA979C43BA978287B285CE
:10F578002285EFF0FFA2AA84D9B74146CA851305B0
:10F58800C4049710FF1FE780003222853127AA8420
:10F5980011C1A14483473400130740056397E7006E
:10F5A80093079005A301F40059BF130760056395FD
:10F5B800E7009307A005FDB7D147EDB79309C40548
:10F5C8004E854146CA859710FF1FE780C02D032549
:10F5D80004085DC983473400130790056399E70061
:10F5E8002285B9279307E005A301F40061A8130752
:10F5F800A0056395E7088347740013D7370022975F
:10F60800834687009D8BB3D6F6409757FF1F938795
:10F61800A7A69C43858A93E606F893F6F60F91DB36
:10F628009C4781DB9305050818084E8613050504D9
:10F6380082979374F50FE39E04EE41460C08130578
:10F64800C4049710FF1FE7808031834774004D473B
:10F65800850793F7F70FA303F4006377F700228574
:10F66800C12D9307E0053DBF85451755FF1F03458D
:10F67800D596EF405FAF930750052DB71307C00528
:10F68800E380E7F6814465BD130984004E86CA8588
:10F6980022851408EFE0FFCD41469305C40408080D
:10F6A8009710FF1FE780A02BE30B05E88A86130657
:10F6B800C403CE854A85EF10F00515E12285EFE0F9
:10F6C8009FD69757FF1F938767902A879C470355B4
:10F6D8000400814601468A858297AA8411C1A14403
:10F6E80093072002C1B583450600EFE05F9359BF39
:10F6F8000347340093072002E312F7E47C5889EBB0
:10F708009305300571459720FF1FE780C0CA68D868
:10F718006858E30505E24146CA859710FF1FE78050
:10F72800801864582285EFE01FD0238DA40093072A
:10F7380030025DBD0347340093073002E310F7E061
:10F748008357060068582146930529002318F500B9
:10F7580049059710FF1FE78000157C5483D74701A0
:10F7680013F7270035CB185403574700098B2DC7CB
:10F778009307400295BD0347340093074002E31FF7
:10F78800F7DA3C5C81EB85455D459720FF1FE780F4
:10F7980080C228DC285CE30705EE83470900414660
:10F7A800CA85230BF5009710FF1FE780C00F93074A
:10F7B80050021DBD0347340093075002E310F7D8E9
:10F7C800285C19469305190041059710FF1FE7802B
:10F7D800800D7C5483D74701918B9DCF1C5483D7D0
:10F7E8004700918B95CB93076002FDBB7C5C89EB4E
:10F7F8009305300551459720FF1FE780C0BB68DCA3
:10F80800685CE30805D24146CA859710FF1FE78068
:10F8180080097C5C7D5798CB4E85EFF0DFC69DB59F
:10F828000325040813060004CA8513050504971068
:10F83800FF1FE78040072285EFE0DFAF83473400F2
:10F84800130700056395E7009307400571BB13078D
:10F858001005639CE70085451745FF1F0345F577AD
:10F86800EF407F909307500541B313072005E39BB2
:10F87800E7E09757FF1F938727809C43E38B07CACE
:10F888009C47E38807CA8325040893048400180862
:10F8980093850508814626862E85829703550400A0
:10F8A8001008A685EF605FC69307B00535BB034710
:10F8B80034009307E005E313F7C88325040841469D
:10F8C8004A859710FF1FE7808009AD44E30905C604
:10F8D800032504084146CA859710FF1FE780A0FC4E
:10F8E8002285EFE05FB49747FF1F9387276E2A872B
:10F8F8009C472C5803550400814601468297AA84E8
:10F9080011C1A1449307100271B9AD47E39CF5D624
:10F918008346060083552500130665000345050048
:10F92800EF602FC285B3894761C2DDCD2300A600F1
:10F9380083C70500A300F60083C715002301F6005E
:10F9480083C72500A301F60083C73500A30206007C
:10F958002302F60083D74500A183858BA302F60016
:10F9680003D745001377072009C793E72700A302A9
:10F97800F60083D7450093F7074099C78347560099
:10F9880093E74700A302F60083D745001397470182
:10F99800635807008347560093E78700A302F600E1
:10F9A8002303060083C74500858B2303F60003D78E
:10F9B8004500098B09C793E727002303F60083D77F
:10F9C8004500918B99C78347660093E74700230357
:10F9D800F60003D745008147218B19C70347660006
:10F9E800136787002303E6003E8582802E86AA855A
:10F9F80005456FF05FF32E86AA8509456FF0BFF2C3
:10FA080089478DC505C5411106C6AE870D47AA852C
:10FA18002380E7001385170041469710FF1FE780F2
:10FA280080E8B24081473E85410182803E858280E0
:10FA380089478DC505C5411106C6AE871147AA85F8
:10FA48002380E7001385170041469710FF1FE780C2
:10FA580080E5B24081473E85410182803E858280B3
:10FA680089478DC505C5411106C6AE871947AA85C0
:10FA78002380E7001385170041469710FF1FE78092
:10FA880080E2B24081473E85410182803E85828086
:10FA980089479DCD15CD411106C61D472380E50038
:10FAA80003570500AE872146A380E50003570500EC
:10FAB80021832381E50093052500138537009710DE
:10FAC800FF1FE78040DEB24081473E8541018280CA
:10FAD8003E85828089478DC505C5411106C6AE871A
:10FAE8002147AA852380E700138517004146971010
:10FAF800FF1FE78040DBB24081473E85410182809D
:10FB08003E858280894795C90DC9411106C625479A
:10FB18002380E50003470500AE871946A380E5006A
:10FB280093051500138527009710FF1FE780A0D7BE
:10FB3800B24081473E85410182803E858280894767
:10FB48008DC505C5411106C6AE872947AA852380FC
:10FB5800E7001385170041469710FF1FE780A0D4E0
:10FB6800B24081473E85410182803E858280894737
:10FB780095C50DC5411106C6AE873147AA852380B4
:10FB8800E70013851700130600049710FF1FE7808E
:10FB980080D1B24081473E85410182803E85828086
:10FBA80089478DC505C5411106C6AE873547AA8563
:10FBB8002380E7001385170041469710FF1FE78051
:10FBC80080CEB24081473E85410182803E85828059
:10FBD800894791C909C995472380F50083470500DE
:10FBE800A380F50081473E858280894791C909C96C
:10FBF800AD472380F50083470500A380F5008147C2
:10FC08003E85828015C55D718A8586C6A2C42A8410
:10FC1800EFE0EFEC035504000A8697060000938690
:10FC280026DD9D45EFE06FDEB640264461618280A7
:10FC38000545828015C55D718A8586C6A2C42A8459
:10FC4800EFE0EFE9035504000A8697060000938663
:10FC5800C6DA9D45EFE06FDBB640264461618280DD
:10FC6800054582805D71A2C49305C5022A84414678
:10FC78000A8586C69710FF1FE780E0C20355040077
:10FC88000A86970600009386E6D7C545EFE0EFD7CA
:10FC9800B6402644616182805D71A2C49305C503A4
:10FCA8002A8441460A8586C69710FF1FE780A0BFB1
:10FCB800035504000A86970600009386A6D7C54513
:10FCC800EFE0AFD4B6402644616182809747FF1FBA
:10FCD8009387873A9C43B1CB9C435D71A2C486C687
:10FCE8002A841305E00F95CF032504089305050C16
:10FCF80013050508829783250408130600040A855E
:10FD0800938505089710FF1FE780E0B903550400A5
:10FD1800970600009386E6E50A8693051004EFE04F
:10FD2800CFCEB6402644616182801305E00F828001
:10FD3800317122DD2A840355050026DB06DF4AD906
:10FD48004ED752D556D35AD15ECF62CDEFD0FFC32E
:10FD58003C58AA8489EB9305300571459710FF1F1D
:10FD6800E780606528D82858CD471DC97146814568
:10FD78009710FF1FE78040BA032904072285EFE0A8
:10FD88008FEA230DA900834724001749FF1F130991
:10FD9800A92E638A07128327090085E39307E00FDA
:10FDA800FA506A54DA544A59BA592A5A9A5A0A5B82
:10FDB800FA4B6A4C3E852961828083AB0701E38F49
:10FDC8000BFC032B0408EF50FFC02A8C0145EF50B1
:10FDD8003FBE83C754003858130B0B029309C40362
:10FDE800130AC405938A64003AC0B337F0002A871F
:10FDF800930801045688B33680015286CE855A8509
:10FE0800829B1C5403C727002307E10203C717007E
:10FE1800A306E10283C707002306F102832709002E
:10FE2800B5DF03AB4701E30B0BF683C75400B337C9
:10FE3800F0003ECEEF501FBAAA8B0145EF505FB7D6
:10FE480003270408F2472AC03AC2B338700156881B
:10FE58007810930684004E86D2858800029B7C54D5
:10FE680003C727012305E10203C71700A304E10222
:10FE780083C707002304F1028327090003A9470168
:10FE8800EF505FB52A8B0145EF509FB283C85400ED
:10FE98009C082A883EC2B3381001B3376001381075
:10FEA800930684015286CE8556C088000299035570
:10FEB8000400970600009386E6CE9008C545EFE05B
:10FEC800CFB4AA87F1BD83C6540083270900032B4A
:10FED8000408B336D00083AB070136CEEF509FAF8E
:10FEE8002A8C0145EF50DFAC3C58F246130B0B024D
:10FEF800130AC4059309C403938A64002A889308E3
:10FF080001044E86D2853EC05687B33780015A8594
:10FF1800829B1C54130B010303C727002307E1022C
:10FF280003C71700A306E10283C707002306F102EF
:10FF38008327090083AB470183C75400B337F00018
:10FF48003ECEEF503FA92A8C0145EF507FA6F247DD
:10FF58002AC0B338800156887810930684004E86EC
:10FF6800D2855AC28800829B8325040841465A8557
:10FF78009710FF1FE780A09EAD47E31205EE0DB571
:10FF88002E86970600009386E6ADC5456FE0EFA77D
:10FF98005D71B287A2C42300B1002A84BE8513050F
:10FFA8001100194686C69710FF1FE780C08F0A8682
:10FFB800228597060000938626B5A145EFE0EFA4B9
:10FFC800B6402644616182802E869706000093869B
:10FFD800A6B0C5456FE06FA35D71B287A2C42310B8
:10FFE800B1002A84BE8513052100214686C69710D4
:08FFF800FF1FE780408B0A8621
:020000021000EC
:10000000228597060000938666A9AD45EFE06FA0B4
:10001000B6402644616182802E8697060000938652
:10002000C6B2C5456FE0EF9E797122D406D626D2BE
:1000300083473500130730052A846385E7081307D3
:1000400050056397E7089307A005A301F5008347D0
:100050007500C14513D737002A97834687009D8BCB
:100060001305C503B3D6F640858A93E606F893F6E2
:10007000F60F36C6EF50CFE5B2469747FF1F93877E
:1000800027009C439DCB9C478DCB03250408180873
:100090001306C40393050504130505088297137519
:1000A000F50F01ED1305C40241460C089700FF1F30
:1000B000E780E07F2285EFF07FBBB250225492545C
:1000C0004561828093079005A301F500814675B7CD
:1000D000130710026396E7027C550327050883D7B0
:1000E00047016316070E13F717006302070E185532
:1000F00003574700058B61CF93072002A301F4004B
:100100008347340013072002639DE70E3C5889EBB8
:100110009305300571459710FF1FE780402A28D8C6
:100120002458C9C02285EFE08FB0238DA400285841
:10013000814541469700FF1FE780807E28583D4754
:100140008345A5019387F5FF93F7F70F636DF702DA
:100150009747FF1F83C7C7F3D5C3414681450808AA
:100160009700FF1FE780C07B19469745FF1F9385C7
:10017000A5D208089700FF1FE780607330580C086D
:100180002E85EF40601CEF30BFE13C58A14523981D
:10019000A70013852701EF50AFD32C580355040057
:1001A000EFF09FDE9307300203550400A301F40033
:1001B000EFD02FFE414619C10356E50006068545DE
:1001C0001745FF1F0345F5E1EF400F9AFDB513F703
:1001D000270009CB185403574700098B01C7930721
:1001E000400229BF918BE38D07F01C5483D7470051
:1001F000918BE38707F09307600209B7EF504FCD6B
:1002000059B713073002639AE7023C5889CB83D56C
:1002100007010355040013862701EFF07FDC7C54AF
:1002200083D7470113F7270021CF185403574700FE
:10023000098B39C79307400285BF13074002639CAF
:10024000E700EF504FFAAA8503550400EFF05FD89E
:100250009307500291BF130750026390E704EF50D9
:10026000EFF70DE9814505452EC6EF50EFF42A86DC
:10027000B24503550400EFF03FD27C5483D74701C9
:10028000918B9DC71C5483D74700918B95C39307CF
:10029000600219BF85450145C1BF1307600263991C
:1002A000E700EF500FF5AA8503550400EFF0DFD605
:1002B0007C540327040883D7470119EF13F707106D
:1002C00001CF1854035747001377071011C793073E
:1002D0007002A301F400D5B313F7072011CB185413
:1002E000035747001377072001C793079002D5B73C
:1002F00093F7074091CB1C5483D7470093F70740EF
:1003000081C79307B002F1B79307F002D9B73971EB
:1003100022DC26DA4ED652D406DE4AD8AE89328A9C
:10032000AA84EFD00FE74059414681450A859700DE
:10033000FF1FE780E05E25C8035904006315990696
:100340000347340093071002631FF7028327040852
:1003500099CF2C58A9C94A85EF10B0180545F2501D
:100360006254D2544259B259225A216182808A86FB
:100370001306C4059305C40313058400EF00103A67
:100380001DE18A85C9BF2C5899CD83D70501639C8F
:1003900047012146C9054E859700FF1FE780A05CF5
:1003A00019C12C584DBF2685EFD0AFDE2A840545F4
:1003B0005DD44C54B9C583D70501639447052146E4
:1003C000C9054E859700FF1FE780E0598547631AEE
:1003D000F50283C7B18591C74C5483C7B501639EAD
:1003E000A70CBD452685EF10900A9747FF1F9387FE
:1003F000E7A29C5B0145A5D71D458945829701452C
:10040000B9BF9747FF1F9387B7C803C7070097492E
:10041000FF1F9389A9A03E89058B31C30347540070
:100420009747FF1F83C707C6631BF7021946974507
:10043000FF1F938535C5130564009700FF1FE780F4
:1004400080528547631DF50083A7090381C7914545
:100450001D458297BD452685EF10700301B71747EC
:10046000FF1F0347E7C283A7090331CB03470900F6
:10047000098B09CB81C795451D4582972685EF10CD
:100480009006E9BD81C78D451D458297414681454E
:1004900008089700FF1FE780A04819469745FF1FEF
:1004A0009385859F08089700FF1FE78040400C0850
:1004B0002E850A86EF3050698A85268571BD85456F
:1004C000C5FF6DBF797122D440594AD04ECE52CC6F
:1004D00006D626D2AA892E8A32896300046C035577
:1004E000250083570400638CA700A144B250225416
:1004F000268502599254F249624A456182808344BA
:10050000240099C09D44DDB79387F5FF93F7F70F5B
:100510003147E369F7FE175701001307271A8A07C7
:10052000BA979C43BA9782871C54E1F39305300530
:10053000130500049710FF1FE78060E808D455D525
:1005400003470900914763F4E7008D4445B703472B
:1005500019008547E3EBE7FE13060004CA85970000
:10056000FF1FE780C0340C547054A3020400D44130
:100570005C4A858AFD8E83574601F99BD58F231AE5
:10058000F600D841544AF59B0583058B8582F98E88
:100590008606DD8E231AD600DC41584AED9A8983FF
:1005A000858B09837D8F0A07558F231AE600D44176
:1005B0005C4A5D9B8D82858A8D83F58F8E07D98FEE
:1005C000231AF600D841544A93F7F7EF2183058B9D
:1005D000A182F98EA206DD8E231AD600DC41584A8C
:1005E000A583858B25837D8F9317970013F7F6DFFF
:1005F0005D8F231AE600D4415C4AA982858AA983CB
:10060000F58F9396A7009377F7BFD58F231AF6003F
:10061000D441584AAD82858A2D83758FFD769386A5
:10062000F67F2E07F58FD98F231AF6008347260110
:1006300003250408A18B6387071083C72500A18BBE
:1006400063820710E31305EA9305300513050010D4
:100650009710FF1FE780A0D62320A408E30705EE2C
:100660007C54A30204000347190083C6170089EADB
:1006700045C38347540093E70701A302F40029A070
:10068000A147A302F40075F72285EFF02FDB6C542D
:1006900083C72501858B81CF1C5483C727008D8B91
:1006A00099C78347640093E717002303F400832767
:1006B000040899C78347640093E787002303F40085
:1006C0008347540005476393E70C41468145130572
:1006D00084009700FF1FE780A02441468145130551
:1006E00084019700FF1FE780A023C1451305C403C1
:1006F000EF401FFE032704089307000511E3C147DD
:1007000003550400A301F4008145EF509FD7F9BBC6
:1007100003C72701118B19E703472900118B19E340
:100720008547A1BF83C70700834609001547338764
:10073000E702975701009387A7F3BA97B69783C745
:10074000070025BF19C59710FF1FE78060D623203B
:1007500004087C5403C7170011C70347190019C3C5
:10076000E14721BF03C72701118B09E70347290090
:10077000118B5DD783C70700154783460900338770
:10078000E702975701009387E7EC45BF13F787010E
:1007900031CFC18B130584004146A9C38905970059
:1007A000FF1FE780C0104146814513058401970073
:1007B000FF1FE780E01683476400C1451305C403AB
:1007C00093E747002303F400EF409FF083270408DA
:1007D00081CF93072005A301F40009BB8145970051
:1007E000FF1FE780E013C1B7CD47F5B7094789453B
:1007F0006386E70011476398E700854503550400C9
:10080000EF503FC821A01947E389E7FE8347640002
:1008100093E747002303F4008327040881C7930765
:10082000100555BFC54745BF4146CA851305C404D9
:100830009700FF1FE780A007834734001307600578
:10084000639CE70085451735FF1F03459579EF3019
:100850001F929307500541B745476383E70293060C
:10086000C4021306C403930584002285EFD0FFB0B1
:100870002285EFF0AFBFAA8411C1A144D147A1BF27
:10088000C94791BF9309C4054E854146CA85970063
:10089000FF1FE780C0010325040871CD83473400A2
:1008A000130790056398E7002285EFF06FBF930769
:1008B000E00515B71307A005639FE7069737FF1FED
:1008C0009387077C9C43E38F07C203A88700E30B51
:1008D00008C283477400930505084E8613D7370076
:1008E0002297834687009D8B0A87B3D6F640858A78
:1008F00093E6060813050504029841468A85130508
:10090000C4049700FF1FE780000611E1D28422850E
:10091000EFF00FB983477400CD461307E005850754
:1009200093F7F70FA303F40063E4F60013076005E1
:10093000A301E40065BE1307C005E399E7BA973742
:10094000FF1F9387E7739C43E38E07BA9C47E38BB3
:1009500007BA93050508130984000A8781464A8669
:100960002E858297035504000A86CA85EF505FBA28
:100970009307B0058DB58A864E869305840022853F
:10098000EFD0BF9F41469305C4040A859700FF1F1F
:10099000E78060FD8547D284E31AF5B42285EFF045
:1009A0002FB0AA84E31305B4930710022DB50347B3
:1009B000340093077002E317F7B47C5889EB930572
:1009C000300571459710FF1FE780609F68D8685811
:1009D000E30A05B2CA8541469700FF1FE78020ED74
:1009E000032944072285EFD09FA4230DA900930774
:1009F0008002D5B30347340093078002E314F7B0B5
:100A00008357060068582146930529002318F500EE
:100A100049059700FF1FE78080E97C5483D7470191
:100A200013F7072025CF18540357470013770720E3
:100A300035C79307900245B30347340093079002EC
:100A4000E312F7AC3C5C89EB930530055D459710EC
:100A5000FF1FE780C09628DC285CE30505AA414615
:100A6000CA859700FF1FE78080E49307A002A5B323
:100A7000034734009307A002E316F7A88347060054
:100A8000285C194693051900230BF50041059700D2
:100A9000FF1FE780C0E17C5483D7470193F70740ED
:100AA000B1C71C5483D7470093F70740A1C39307EE
:100AB000B00215B3034734009307B002E314F7A460
:100AC0007C5C89EB9305300551459710FF1FE7804B
:100AD000008F68DC685CE30A05A04146CA85970080
:100AE000FF1FE780C0DC7C5C7D5798CB03D52900D5
:100AF0008145EFD04FD3DDBA034734009307F004AC
:100B0000E3F5E79E03250408E301059E13060004B0
:100B1000CA85130505049700FF1FE78040D9228589
:100B2000EFF04F9BAA842285EFD05F81834734008A
:100B300013070005639FE70003D6E90085451735D5
:100B4000FF1F0345154A0606EF301F829307300545
:100B500059B1130710056395E70093076005A5B920
:100B600013072005E394E7989307C005ADB1034749
:100B700034009307E005E31AF7960325040841467D
:100B8000CA859700FF1FE78080D22285EFF0CF9AB9
:100B9000AA8419BD83450600A9BF85478144E39710
:100BA000F594032846008347360003472600834612
:100BB000160083552500034606000145EF508F8F30
:100BC00035B28147C1463307F500B388F5000347C6
:100BD000070083C808003308F6008507334717016C
:100BE0002300E800E391D7FE82800147BD47130848
:100BF000F00F3306F50083460600B388F500FD17B5
:100C00008606558F2380E8000347060093F7F70F09
:100C10001D83E39007FF82808147930800F84148D5
:100C200093F6F70F3387F50063FCC600B306F500B3
:100C300083C606002300D7008507E39307FF828061
:100C40006395C60023001701C5BF23000700EDB759
:100C500001114AC856C22E89AA8A9305300541451A
:100C600006CE22CC26CA4EC652C4328A9700FF1F37
:100C7000E780E074AA849305300541459700FF1F83
:100C8000E780E0732A84CD49A5C431CD4146814532
:100C90009700FF1FE780C0C82686A2855685EF30E3
:100CA000A06AAA8929E18387040063D30706A28585
:100CB0002685EFF09FF34A8697550100938545A35B
:100CC0002285EFF01FF08307090063D80704A2858F
:100CD0004A85EFF09FF1528697550100938545A113
:100CE0002285EFF01FEE26859700FF1FE780407CEE
:100CF00011C422859700FF1FE780807BF240624489
:100D00004E85D2444249B249224A924A05618280C4
:100D1000CA852685EFF07FED7DB7D2854A85EFF055
:100D2000DFECD1B781474146B306F5003387F500C4
:100D30000347070003C806008507334707012380E0
:100D4000E600E393C7FE8280011126CA4EC6AE8438
:100D5000AA8993053005130500034AC806CE22CCA4
:100D600032899700FF1FE78080652DC513060003B9
:100D700081452A849700FF1FE78080BA4146CE85CF
:100D800022859700FF1FE780E0C2A6850D46130568
:100D9000D4019700FF1FE780E0C11306040293050A
:100DA00004012285EF30405AAA840D469305D402EF
:100DB0004A859700FF1FE780E0BF22859700FF1F4D
:100DC000E780006FF240624426854249D244B2492E
:100DD00005618280CD44FDB75D714EDE62D4AE897F
:100DE0002A8C9305300513050003A6C2CAC052DC45
:100DF00056DA5AD85ED686C6A2C4B28B368BBA846F
:100E0000BE8A4289468A9700FF1FE780405B6305E0
:100E100005101306000381452A849700FF1FE78011
:100E200020B04146E28522859700FF1FE78080B809
:100E3000414681450A859700FF1FE78060AE1D4649
:100E4000DE850A859700FF1FE780C0B61D46DA855C
:100E5000130571009700FF1FE780C0B533392001EB
:100E6000B334900041468145080823072101A307B8
:100E700091009700FF1FE780A0AA1946D685480871
:100E80009700FF1FE78000B31946D2851305A10123
:100E90009700FF1FE78000B2930404014146CE850E
:100EA00026859700FF1FE780E0B08A852685EFF052
:100EB0007FE7930904024E86A6852285EF30C0485D
:100EC0002A890DE94146CE8526859700FF1FE780D8
:100ED000009E0C082685EFF0FFE44E86A68522854D
:100EE000EF3080462A8946454146CE859700FF1F50
:100EF000E78040AC22859700FF1FE780605BB6402B
:100F000026444A8596440649F259625AD25A425BAF
:100F1000B25B225C616182804D49D5B7011126CA5E
:100F200052C4AA842E8A13050003930530054AC8CB
:100F30004EC606CE22CC3289B6899700FF1FE780C5
:100F4000004835C52A84A68541469700FF1FE780E3
:100F500060A6930404012146D28526859700FF1FD1
:100F6000E78040A5CA852146130584019700FF1F2D
:100F7000E78040A413090402A6854A862285EF3043
:100F8000A03CAA844146CA854E859700FF1FE78092
:100F900060A222859700FF1FE7808051F2406244E3
:100FA00026854249D244B249224A05618280CD4415
:100FB000F5B739715AD05ECE2A8BAE8B4145930579
:100FC000300506DE26DA52D456D262CC66CA6AC82A
:100FD000368C328DBA8C22DC4AD84ED69700FF1F51
:100FE000E780E03DAA8A9305300541459700FF1F41
:100FF000E780E03C2A8ACD44638E0A0859C52A86D8
:10100000D6855A85EFF0DFC4AA8441E19305300507
:1010100041459700FF1FE780803A2A8993053005F4
:1010200041459700FF1FE7808039AA89630A090EAE
:101030006306050E1304FD0011841376FD0049C0FC
:101040007D144204418035EE131544004E86D6854A
:101050005E95EFF01FB7414681454A859700FF1F17
:10106000E780008C014D93170D01C18363F487085D
:10107000BDC04A859700FF1FE78080436387090052
:101080004E859700FF1FE780A04256859700FF1FFF
:10109000E780004263070A0052859700FF1FE78040
:1010A0002041F250625426854259D254B259225AF4
:1010B000925A025BF24B624CD24C424D21618280CB
:1010C0000144131544008A855E95EFF0FFB44E8607
:1010D000D2850A85BDBF93154D000A86DE954A85E7
:1010E000EFF03FAE4A868A855A85EF30E025AA8424
:1010F000050D95BFBDFC0A86CE854A85EFF07FAC15
:101100004A868A855A85EF302024AA846686CA8555
:10111000628597F0FE1FE7808079A1BFCD4491BF23
:10112000CD44A9BF397162CC2A8C594526DA4AD8F8
:101130004ED652D456D25AD05ECE06DE22DCAE8BCC
:10114000328BB68A3AC63E8AC289468983440104F4
:10115000EF201FBB49C19167938717E92310F50062
:1011600085472301F5002A8432472105630C0C04CE
:1011700093071003A301F4001946814597F0FE1F61
:10118000E780007A23036401A3035401230A940037
:101190002312740123174401231834012319240155
:1011A000A2856254F250D2544259B259225A925AEC
:1011B000025BF24B624C1735FF1F034565E221616C
:1011C0006F207FC3A30104001946BA8597F0FE1F64
:1011D000E780E06D45BFF2506254D2544259B25993
:1011E000225A925A025BF24B624C216182800111B9
:1011F00022CC2A84314506CE2EC632C436C23AC02D
:10120000EF201FB029C19167938717E92310F500DC
:101210008D472301F500A3018500B2452246924681
:1012200002476244F2402312B5002313C500231481
:10123000D5002315E500AA851735FF1F034545DABC
:1012400005616F205FBBF24062440561828001113D
:101250004AC82A89394526CA06CE22CC2EC6B2846F
:10126000EF201FAA31C1B2459167938727E9231068
:10127000F5009147A30125012312B5002A8423011B
:10128000F500A6851905214697F0FE1FE78020622C
:10129000A2856244F240D24442491735FF1F0345FC
:1012A00025D405616F203FB5F2406244D2444249E3
:1012B0000561828001114AC82A89414526CA06CEA5
:1012C00022CC2EC6B284EF20BFA329C19167B245BC
:1012D000938727E92310F50095472A8423122501D7
:1012E0002301F5002146190597F0FE1FE780205CD9
:1012F000A285231794006244F240D2444249173534
:10130000FF1F034515CE05616F20FFAEF24062441A
:10131000D244424905618280011122CC2A84394598
:1013200006CE2EC632C436C23AC0EF207F9D29C1F8
:101330009167938717E92310F50099472301F5007A
:10134000B245224692460247231285006244F2408B
:101350002313B5002314C5002315D5002316E5007B
:10136000AA851735FF1F0345A5C705616F20BFA8D4
:10137000F240624405618280797122D406D62A84C3
:101380002EC632C436C23AC0EFC0AFE01DC1B2456E
:10139000224692460247231CB100231DC1002C089F
:1013A0001306F00F2285231ED100231FE100EFC09A
:1013B0000FCDB250225445618280011122CC2A8483
:1013C000394506CE2EC632C436C23AC0EF205F93EE
:1013D00029C19167938717E92310F5009D472301E1
:1013E000F500B24522469246024723128500624428
:1013F000F2402313B5002314C5002315D50023168E
:10140000E500AA851735FF1F034585BD05616F20DF
:101410009F9EF2406244056182805D712AC6130579
:101420002002CAC04EDE52DC56DA5AD85ED662D4EA
:1014300066D26AD086C6A2C4A6C26ECE2E8CB28BED
:10144000368B3AC43E8DC28CC68A035A0105835935
:10145000410503498105EF20BF8A69C59166324382
:10146000938616E9A9472A842310D5002301F500A5
:10147000930DE4002105930444012247630D030604
:1014800093071003A301F4001946814597F0FE1F4E
:10149000E7800049194681456E8597F0FE1FE78079
:1014A000204819468145268597F0FE1FE780404772
:1014B00023037401A3036401230024032312840182
:1014C000231D5401231E4401231F3401A2852644F9
:1014D000B64096440649F259625AD25A425BB25B10
:1014E000225C925C025DF24D1735FF1F034545AF4C
:1014F00061616F205F90BA85A3010400194697F0DF
:10150000FE1FE780C03AEA856E85194697F0FE1FF8
:10151000E780E0391946E685268597F0FE1FE780CB
:10152000003979B7B640264496440649F259625AC2
:10153000D25A425BB25B225C925C025DF24D616109
:101540008280011122CC2A84214506CE2EC632C4C7
:1015500036C2EF20EFFA15CD224692469167938767
:1015600017E92310F500B1472301F500A301850019
:10157000B2452303C500A303D5006244F240231201
:10158000B500AA851735FF1F034585A505616F20A6
:101590009F86F240624405618280411126C2AA847E
:1015A000514506C622C4EF20AFF549C19167938724
:1015B00017E92310F500B9472301F50083C714008C
:1015C0002A8493856400A301F50083C7340003C710
:1015D00024002105A207D98F231EF5FE83C74400EE
:1015E0001946230FF5FE83C75400A30FF5FE97F0AD
:1015F000FE1FE780C02B83C7C400A2851735FF1FDD
:101600000345059E2307F40083C7E40003C7D40005
:10161000A207D98F2318F40083C7F4002309F4002C
:101620002244B240924441016F20EFFCB240224478
:10163000924441018280411122C42A84194506C680
:10164000EF200FEC0DC59167938717E92310F50084
:10165000C1472301F500231285002244B240AA8528
:101660001735FF1F0345C59741016F20CFF8B240E2
:1016700022444101828041110D4506C6EF204FE80A
:101680000DC5930710F92300F5009307E003A300AD
:10169000F500C5472301F500B240AA851735FF1FA5
:1016A0000345059441016F200FF5B240410182804E
:1016B000011122CC2A84294506CE2EC632C436C258
:1016C000EF200FE415CDB24592469167938717E955
:1016D0002310F500C9472302B5002301F500A3013B
:1016E00085002304D50022466244F2402313C5003E
:1016F000AA851735FF1F0345A58E05616F20AFEF43
:10170000F24062440561828001114AC82A892D4550
:1017100026CA06CE22CC2EC6B284EF206FDE29C5A3
:10172000B245930710F92300F5009307E003A300E7
:10173000F500CD47A30125012302B5002A8423012A
:10174000F500A6851505194697F0FE1FE7802016BF
:10175000A2856244F240D24442491735FF1F034537
:10176000258805616F202FE9F2406244D244424946
:1017700005618280011122CC2A84214506CE2EC625
:10178000EF200FD805C9B2459167938717E9231059
:10179000F500D1472303B5002301F500231285008E
:1017A0006244F240AA851735FF1F03456583056132
:1017B0006F206FE4F240624405618280011122CC07
:1017C0002A84214506CE2EC632C4EF206FD31DC514
:1017D0002246930710592310F50023018500B245D6
:1017E0002303C5006244F2402312B500AA851725E1
:1017F000FF1F0345E57E05616F20EFDFF240624485
:1018000005618280011122CC2A84214506CE2EC694
:1018100032C4EF20EFCE1DC922469167938727E996
:101820002310F500A1472301F500B24523038500ED
:10183000A303C5006244F2402312B500AA85172510
:10184000FF1F0345157A05616F20EFDAF24062440D
:1018500005618280011122CC2A84314506CE2EC634
:1018600032C436C23AC0EF20AFC915CD22468567D3
:10187000938717C92310F50023018500B245230380
:10188000C500924602476244F2402312B500231479
:10189000D5002315E500AA851725FF1F03454574CC
:1018A00005616F204FD5F2406244056182800111CD
:1018B00026CAAE844AC82A891385C40006CE22CC23
:1018C00032C6EF20EFC31DCD8567B245938717E978
:1018D00023019500231225012A842310F5003105E8
:1018E00008C4268697F0FE1FE78060FCA28562444C
:1018F000F240D24442491725FF1F0345656E05613A
:101900006F206FCFF2406244D24442490561828029
:10191000011122CC2A84194506CE2EC6EF204FBED7
:1019200005C98567938717F92310F50085472301BB
:101930008500A301F500B2456244F2402312B500D0
:10194000AA851725FF1F0345A56905616F20AFCA4A
:10195000F240624405618280411122C42A840D450F
:1019600006C6EF20EFB905C5930710F92300F5006F
:10197000E947A300F500230185002244B240AA856F
:101980001725FF1F0345C56541016F20CFC6B24033
:10199000224441018280011122CC2A84214506CEB5
:1019A0002EC6EF20EFB50DC99167938727E9231065
:1019B000F500930700032301F500B24523038500DA
:1019C0006244F2402312B500AA851725FF1F034584
:1019D000556105616F202FC2F2406244056182802B
:1019E0000111214506CE2EC632C4EF206FB105C9C4
:1019F0008567938707392310F500B245224685474E
:101A00002301F500F2402312B5002313C500AA8577
:101A10001725FF1F0345455305616F20CFBDF240D9
:101A200005618280397122DC1304F5FF4AD852D453
:101A300056D25ECE420406DE26DA4ED65AD0894B06
:101A40002A8A3289B68A418063957515938B0193F2
:101A500083C701935E8B89448DCF83C9160083C7EA
:101A600006009144A209B3E9F9009727FF1F83D725
:101A7000E73BF51763DFF9009307C6FF639DF9089D
:101A800031452EC6EF20CFA72A84B24519ED930425
:101A9000F00FF250625426854259D254B259225A5C
:101AA000925A025BF24B216182804209135909016B
:101AB0002302B50023132501930700F91509A16539
:101AC0002310F5002311450185054A859700FF1F66
:101AD000E780E08E08C415C983C70B009385EAFF31
:101AE00013562900FD172388F19297F0FE1FE78017
:101AF000E0DF1C44A2851725FF1F0345E544890745
:101B00001CC4EF204FAF814469B722859700FF1FA7
:101B1000E780009AADBF9307D6FFE3CAF9F6B14755
:101B20003304F4029724FF1F938444429C40A297FD
:101B300003C7A70019C7884309C59700FF1FE7809F
:101B4000209713854900A16542058505418103AAB7
:101B500004009700FF1FE78080869C40229A232084
:101B6000AA00A297884305D505472385E700834748
:101B70000B004A86D685FD172388F19297F0FE1F49
:101B8000E780E0D29C403E942313240123123401C9
:101B90009DBF8547E39DF5EEB1473304F402172B53
:101BA000FF1F130BAB3A83270B00DA89A29703D7E9
:101BB0006700884345CB83D74700B306C70091072A
:101BC00063C2D70A3A95D68597F0FE1FE78020CEEC
:101BD00003270B008144229783576700CA97C207E7
:101BE000C1832313F700035747001107E393E7EA84
:101BF0003145EF20EF90AA8521C1930700F923100A
:101C0000F50083270B002302750123114501A297DC
:101C100003D767009C432313E5001CC51725FF1F4E
:101C200003458532EF202F9D83270B003E9423131D
:101C3000040023050400B1BD83270B00A29788434D
:101C400011C99700FF1FE780A08683270B00A2978A
:101C500023A0070083A709003E9423130400230553
:101C6000040055B511C99700FF1FE780608483A762
:101C70000900A29723A0070083A7090085443E948A
:101C8000231304002305040029B56F4010426F4060
:101C900050436F5020126F405046411106C6EF402E
:101CA0009042B2400145410182806F40B0476F4091
:101CB000D0496F40104D6F40304F6F4030516F40F2
:101CC00030536F4010556F4010576F4010596F40A0
:101CD000B05A8347160003460600A2075D8E6F4088
:101CE000F05B6F40305D6F40F05F6F40B0626F40FF
:101CF00090656F4070686F40906A6F40B06C6F4045
:101D0000D06E6F40F0706F40107303430100030EFC
:101D10004100834E8100034FC100834F0101834284
:101D20004101834381017EC816CA1ECC7AC676C49F
:101D300072C21AC06F4030726F4030776F40507976
:101D40006F40707B6F40907D6F40B07F6F50C001DF
:101D50006F50E0036F50C0066F50E0086F60D02EE8
:101D60001307A5FF420785672A8841831385A7C704
:101D7000636CE502138707C801456368B70263E631
:101D800005031307301F6362C702138766FF42070C
:101D90004183938767C763EAE70005063306B60207
:101DA0008E063325D600828001458280411126C2ED
:101DB00006C622C4AA84EFF0400219C52A842685EB
:101DC000EFD0D06D2324A418B240224492444101A4
:101DD0008280834665010D47AA876384E600054536
:101DE00082800327451103464700A305C502034728
:101DF00037006316D7020347B50075F303470501A3
:101E0000930600026307D70093063002014563176B
:101E1000D700130760022388E70001458280BD4692
:101E20006310D702034705019306000401451377A9
:101E3000B70FE315D7FE130750042388E70082800D
:101E4000B946631AD7008346050113070003E398D8
:101E5000E6F80547C9B7D1466317D70083460501A1
:101E600013070005EDB7D9466318D702834605016D
:101E700013075005E395E6F60327050A13670720C5
:101E80002320E50A05472308E50003C71701136768
:101E900007F8A388E70051B7E946631BD7008346DC
:101EA000050113075006E39CE6F21307A006A5B749
:101EB000FD46631BD700834605011307A007E39087
:101EC000E6F2130710F881BF93063002E319D7F04A
:101ED0008346050113075008E393E6F005472308FE
:101EE000E5000347A502136717002305E50271BF4C
:101EF000832705110947A30AE50095C32381E7005D
:101F000003474505A381E7008347A50293E78700C0
:101F10002305F502F1472308F500014582801D45A0
:101F200082808547A30AF5008327051191CB1547C9
:101F30002381E7009307B0022308F5000145828062
:101F4000054582808547A30AF5008327051191CBBB
:101F500019472381E7009307D0022308F5000145C4
:101F60008280054582808947A30AF50083270511F1
:101F700081CF1D472381E700832705110347D50241
:101F80000145A381E7008280054582808547A30A39
:101F9000F5008327051191CB2D472381E700930797
:101FA00070032308F500014582800545828099472A
:101FB000A30AF5008327051131472381E70017277E
:101FC000FF1F1307A71483564701A381D700972645
:101FD000FF1F83C606152382D7009726FF1F83D6CF
:101FE0004614A182A382D700834687012383D700AA
:101FF00003479701A383E7008347E50213F707042C
:1020000009CF9307A0032308F5008347E50293F760
:10201000F7072307F50201458280858BFDD78327CB
:10202000050AA30505022307050293E707042320F9
:10203000F50AE1BF8947A30AF5008327051181CF7F
:1020400035472381E700832705110347B502014582
:10205000A381E7008280054582808D47A30AF500B1
:102060008327051191CF45472381E7000347C50228
:10207000A381E7000347B50201452382E700828080
:10208000054582808547A30AF5008327051185C38E
:1020900049472381E7009307A0042308F5008347FD
:1020A000A50293E747002305F50201458280054517
:1020B00082808547A30AF5008327051191C74D4704
:1020C0002381E70001458280054582808327051131
:1020D000D9C32547A30AE50051472381E7000347F9
:1020E000451B8355651B8566A381E7000347551B88
:1020F000938686840356A51B2382E7000347851B2E
:10210000A383E7000347951B2384E7002E8763F32F
:10211000B600368742074183A382E70085662183A4
:102120002383E70093868684328763F3C60036876D
:1021300042074183A384E70021832385E700834787
:10214000A50293E747002305F5029307000523083E
:10215000F5000145828005458280032705118D47E2
:10216000A30AF500D9472301F70083464514A301CC
:10217000D70083475514918A2302F7000357A51C03
:10218000B1C69306F034814763FDE600930787E804
:102190000357851415CB8587938757FD8D87C20715
:1021A000C1830357851C63F3E7003E878347A5027D
:1021B0002307E50493E747002305F502930750053D
:1021C0002308F500014582808D87F9B7858B99C773
:1021D000930707FB2147B3C7E702D1B79307C7FBB4
:1021E0001147D5BF032705118D47A30AF500DD4729
:1021F0002301F70083474514A301F70083465514D4
:102200002302D7000347B514F98F93F6470003570D
:10221000A51CB1C69306F034814763FDE600930721
:1022200087E80357851415CB8587938757FD8D87DE
:10223000C207C1830357851C63F3E7003E879307FA
:1022400080052308F5008347A5022307E50493E7EB
:1022500047002305F502014582808D87F9B7858BFC
:1022600099C7930707FB2147B3C7E702D1B7930785
:10227000C7FB1147D5BF832605118D47A30AF5007B
:10228000E5472381F6008347751403466514054727
:10229000B317F7003317C700D98FA381F600834720
:1022A00015142382F6008347A50293E74700230510
:1022B000F502930700062308F5000145828089474F
:1022C000A30AF5008327051175472381E700172727
:1022D000FF1F1307A7E303473700A381E700930716
:1022E00050072308F500014582808947A30AF500BD
:1022F0008327051179472381E7000347F502A3816E
:10230000E7008327050A2167D98F2320F50A85472F
:102310002308F500014582809727FF1F938707DF79
:10232000B84B9307800583464700B387F6021457DE
:1023300003270511BE96A547A30AF50093070002DF
:102340002301F7000356A51C8357651CB297D05A8A
:102350009387C71263F3C700B287A301F70013D6B0
:102360008700C1832302C700A302F7009C5E2303FA
:10237000F70013D68700C183A303C7002304F70027
:1023800083C7C601A304F70083C7D6012305F7005E
:102390009307C0072308F500014582809147A30AEF
:1023A000F50083270511130730022381E700034757
:1023B0008515118B05CF0347A515238207009306CA
:1023C000F7FF05473317D700A381E700034735140C
:1023D000A382E7008347A50293E747002305F502A0
:1023E000930750F82308F500014582808346751451
:1023F00005473317D700A381E7000347551623820B
:10240000E700E9B79547A30AF500832705111307ED
:1024100040022381E700A3810700030735148306E8
:10242000F5156395E6008946A381D7008306E51577
:102430006398E60083C6370093E61600A381D700B1
:102440008306D5152382D7000346C515A382E7006E
:102450002383C70083478515858B81CB99C6832746
:10246000050A4167D98F2320F50A01458280411171
:1024700026C28324051106C622C4B547A30AF50067
:10248000A9C091472A842381F4009305851A214627
:102490001385340097E0FE1FE78060411385B40088
:1024A00011469305041B97E0FE1FE7804040930709
:1024B00020022308F4000145B24022449244410125
:1024C00082800545D5BF83270511A1C7411122C4CC
:1024D00006C62547A30AE5002381E7002A840325D1
:1024E00005119305840F21460D0597E0FE1FE78037
:1024F000003C8327040AA3050402014593E7070271
:102500002320F40A85472308F400B2402244410105
:10251000828005458280A547A30AF500832705111F
:10252000A9C3411122C406C639472381E7002A8482
:10253000032505119305840F21460D0597E0FE1F25
:10254000E780E0368347A402014593E7470023056F
:10255000F402930700032308F400B240224441012F
:10256000828005458280E147A30AF5008327051193
:10257000D9CF411122C406C63D472381E700034756
:1025800045072A8493058506A381E700034755077D
:1025900031462382E70003476507A382E70003571C
:1025A000650721832383E7000347A505A383E7008D
:1025B0000357A50521832384E7000347C505A384AA
:1025C000E7000347D5052385E70003574506A385A4
:1025D000E700034765062386E70003576506138572
:1025E000E7002183A386E70097E0FE1FE780202C09
:1025F0008347A402014593E747002305F4029307AC
:1026000000042308F400B2402244410182800545C1
:102610008280E147A30AF50083270511C9CB411148
:1026200022C406C641472381E700034745072A84A1
:1026300093058506A381E7000347550731462382AA
:10264000E70003476507A382E70003576507218377
:102650002383E7000347A505A383E7000357A505E8
:1026600021832384E7000347C505A384E7000347CC
:10267000D5052385E70003574506A385E7000347F3
:1026800065062386E700035765061385E700218367
:10269000A386E70097E0FE1FE780602193074004D0
:1026A0002308F400B24022440145410182800545DF
:1026B0008280411106C6AD47A30AF50083270511A4
:1026C000130790029305D5172381E7001385370080
:1026D000294697E0FE1FE780801DB2400145410179
:1026E000828083254511411126C206C622C483C7B4
:1026F000450003C735000568A207D98F1387A7FFD8
:10270000420741839306A8C7F94463E2E60C03C776
:10271000650083C65500130808C82207558FF94481
:102720006367E80A6365F70A03C6850083C6750018
:102730002206558E9306301F63EBC60883C6A5009C
:1027400083C89500A206B3E616016362D808130891
:1027500016003308F80293983600635A180783C8A6
:10276000B5001398080113580801638408006360DA
:1027700007078358A5038144639D1701631BF70076
:102780008358C5036397C8008354E503958C93B4BD
:102790001400231DC504231AF506231BE506231E7A
:1027A000D5042312050783C7D50003C7C5002A84B3
:1027B000A207D98F2313F5063146B90513058506FF
:1027C00097E0FE1FE780A00E9147A30EF400B240F1
:1027D00022442685924441018280411122C406C6CA
:1027E0008547A30AF5002A8483453515032705117B
:1027F00003454515854693176500CD8F2301F700E6
:10280000ED47A301F7008347C4000346241593E76F
:1028100007022306F400EF101076930770062308D2
:10282000F400B240224401454101828083274511D2
:102830001303000E03C6470003C737002206598E54
:10284000130756FE420741836367E30683C66700AA
:1028500003C757001168A206D98E138786EB42077B
:102860004183130888146368E80403C7870083C89A
:102870007700220733671701930857FEC20893D8E1
:102880000801636A130383C8970083C7A700A207E0
:10289000B3E71701938887EBC20893D80801636CEC
:1028A0001801231EC51A231FD51A2310E51C231156
:1028B000F51C6FC0F02D054582808346B5000547A5
:1028C000AA8705456395E60C83C667013147054530
:1028D000639FE60A03A7471183463700A38AD704FC
:1028E0008346570003464700A206D18E239BD70498
:1028F0008345770083466700A205D58D239CB704E6
:1029000003469700834687002206558E239DC70401
:102910008346B7000345A700A206C98E239ED704AD
:102920000345C7000347D7002207498F03D5A703F4
:10293000239FE7040147631BB50083D5C703639753
:10294000C50003D7E703158F133717002391E70658
:1029500003C70701930600046304D70293064004EB
:102960006315D70005472388E70003C7170195467D
:10297000A38ED700136717F8A388E700014582806C
:1029800003C7A702136717002385E702E1BF828010
:10299000034765018947631DF7008327451183C7F6
:1029A0003700230AF504F5472308F5000145828026
:1029B0001D4582808347B5002A87D9EB8346650190
:1029C000B54705456397F60883460701930700025C
:1029D0006391F60883274711014583C6570003C654
:1029E0004700A2064206B29603C66700B29603C627
:1029F00037006206B2962320D70C83C6970003C621
:102A00008700A2064206B29603C6A700B29603C686
:102A100077006206B296232ED70A83C6C70003C684
:102A2000D700A2064206B29603C6B70083C7E700E6
:102A3000B296E207B6972320F70E8347170193E774
:102A40008700A308F700930730022308F70082806D
:102A5000054582808347B5009DE3034765018547AF
:102A6000631DF70083460501130730026397E600F4
:102A70009307C0022308F50081473E858280854781
:102A8000EDBF834665010547AA870545639CE602BD
:102A900003C707019306B002631AD7001307E002C9
:102AA0002388E700A3850702014582809306D002B0
:102AB00005456319D7001307E002A38507022388A1
:102AC000E700DDB78280034765018947631EF7048D
:102AD000E947A305F50283274511394783C7370026
:102AE0006392E7020347050193070003631EF702A1
:102AF0008327050A93E707022320F50A8547230861
:102B0000F50049A83D476393E702832785100347F3
:102B10000501F59B2324F510930700046316F700C5
:102B2000930760042308F5000145828049476391BB
:102B3000E704034705019307A004E317F7FE854761
:102B40002308F5008347A50293E717002305F50244
:102B50008347150193E707F8A308F50083270510BD
:102B6000C18BF9F383278510BD9B2324F5106DBF1E
:102B700051476398E7020347050193070005E315F2
:102B8000F7FA85472308F5008327050A93E707101E
:102B90002320F50A8347150193E707F8A308F500FA
:102BA00061B75947639DE700034705019307500547
:102BB000E31CF7F68327050A93E7072035BF69472B
:102BC000639FE7000347050193075006E31EF7F4F0
:102BD0008327050A056713070780D98F31BF71471F
:102BE000E384E7F47547639CE70003470501930717
:102BF0005007E31BF7F28327050A2167F9BF130784
:102C00003002E393E7F20347050193075008E31D01
:102C1000F7F085472308F5008347A50293E71700DF
:102C20002305F50285BF0347B50085476311F70209
:102C300003476501631BF700034705016317F700AE
:102C4000930760032308F50081473E85828085470E
:102C5000EDBF834665010547AA8705456393E606F0
:102C600003C70701930670036315D70203C7A702C2
:102C7000238607049376070499C61377F7FB136737
:102C800007012385E702130780032388E700014536
:102C900082809306500305456315D702130780030E
:102CA0002388E70003C7A70223860704014593761C
:102CB000070481CA1377F7FB136707012385E7022F
:102CC00082808280034765019947631EF7080327C6
:102CD000451183473700A307F50483475700834610
:102CE0004700A207D58F2318F50483477700834652
:102CF00067001307A003A207D58F83460501231998
:102D0000F5048347E5026395E604858B99CB832719
:102D1000050AA30505022307050293E707042320FC
:102D2000F50A8347A50293E717002305F5028547B7
:102D30002308F5008347150193E707F8A308F5007A
:102D40008347E50293F7F7FB2307F50201458280ED
:102D5000E207E187E3D007FE8327450A93E70704EC
:102D60002322F50AC1BF05458280034765018947D3
:102D70006304F7000545828083274511130700048B
:102D800083C73700A305F5028347050193F6B70F04
:102D90006397E600930750042308F50025A0130766
:102DA00050056393E7028327050A93E70720232052
:102DB000F50A85472308F5008347150193E707F8CF
:102DC000A308F50001458280130750066395E700CC
:102DD0009307A006D1B713075008639CE700854707
:102DE0002308F5008347A50293E717002305F502A2
:102DF000E1B70347B5003DFF130700026386E70014
:102E0000130730026395E7009307600271B7130759
:102E1000A007E391E7F6930710F8BDBF834665016D
:102E20000547AA8705456394E60403A7871005456F
:102E3000418B15CF03C707016318A7001307B00420
:102E40002388E700014582801306A004631AC700A7
:102E500003C7A7022388D700136717002385E7025B
:102E600003A7870A1367070423A4E70AE1BF828048
:102E7000834665010547AA8705456393E60283C635
:102E800007011307A0040545639CE60003C7A702DA
:102E90002388A7000145136717002385E702828076
:102EA0008280034765018D47631FF718834715012B
:102EB0008D8B91EB834605012147938706FC93F7A1
:102EC000F70F6361F702D9472306F5029307A002C3
:102ED000A305F5028327850A93E727002324F50A33
:102EE000014582808347B50003264511639007148E
:102EF000930750056398F600D9472306F502930718
:102F00003002F9B79717FF1F938747208345460084
:102F100003C7A70383C7B703834865146D8F2305D1
:102F2000E51403463600F18F0546A305F514331664
:102F300016016314C700230505140348751485455D
:102F4000B39505016394B700A30505140347A514C1
:102F50008347B5145DCFD9CB93752700B1C113F664
:102F600027001DCE930720202315F5140347A51431
:102F70008547B39717016314F7002305051403472A
:102F8000B5148547B39707016314F700A30505142B
:102F900085476398F608930760052308F50089B70D
:102FA0001376470001CA13F3470063050300930734
:102FB00040405DBF058B19C713F7170001C7930782
:102FC00010105DB7094781E5114711E20547230558
:102FD000E51413F7270009C78947A305F51479B746
:102FE000918B99C39147D5BF8547C5BFB35707415B
:102FF000858B81C72305B51495BF9377270089C7B3
:1030000089472305F5149DB7118B91477DFB8547B3
:10301000CDBFA9DF33D71741058B45DFA305C51405
:10302000B1B78327850A93E707104DBD854763979E
:10303000F60083474600A305F514B1BF8327850A30
:1030400093E7072061BD05458280834665010D47F2
:10305000AA8705456394E61483C607011307500544
:103060000545639DE61203C7B7006319071283C6BF
:10307000471403C7571403A6471133F5E6008345E9
:10308000460019ED6396B60003453600630AE50075
:1030900023950714130770052388E70001458280F4
:1030A000ED8E2385D7140346360003C86714718F4D
:1030B0000546A385E714331606016394C6002385ED
:1030C000071403C577148545B395A5006314B700AD
:1030D000A385071483C6A71403C7B714C5CA41C77D
:1030E00093F526009DC91376270005CA13072020F3
:1030F0002395E71483C6A714054733170701639484
:10310000E6002385071483C6B71405473317A700C5
:10311000E392E6F8A3850714B5BF13F6460001CA8B
:10312000937847006385080013074040D1B7858A2C
:1031300099C69376170081C61307101055BF8946AC
:1031400081E5914611E285462385D71493762700C1
:1031500089C60947A385E71471BF118B19C31147AD
:10316000D5BF0547C5BF33D7A640058B01C723850B
:10317000B71449B713F7260009C709472385E71491
:1031800095BF918A1147FDFA0547CDBF25D7B356A4
:103190000741858AC5DEA385C714A9BF82808346FF
:1031A000B5000547AA870545639FE60683C6670104
:1031B000154705456399E60603C7070193065005C1
:1031C0006306D70093068005631FD70403C7A702D1
:1031D00083A54711136717002385E70203C645003F
:1031E0001147636EC70083C63500636AD7001307B3
:1031F000F6FF1385F6FF718F758D498F11C705474F
:103200002388E7000145828003C7650003C5550098
:103210002385C7142207498F2396E714A385D71463
:103220001307A005F1BF82808347B50095E383466D
:1032300065010D478547639BE6000347050163175A
:10324000F700930710062308F50081473E8582802A
:103250008547EDBF0347650189476310F70683275C
:1032600045119715FF1F83C505EF83C7370013F678
:10327000F70113D767009717FF1F83C7B7ED63EAFE
:10328000C7008346E514A18A89C6B3D6E540858A7E
:103290009DE6E9472306F5028547B397E700ED8FE2
:1032A0008D8B794799C3130700028327850AA305ED
:1032B000E50293E727002324F50A05458280230AC7
:1032C000E51403470501A309C51485476318F700F2
:1032D000930760062308F500014582808327850A4D
:1032E00093E707402324F50AC5BF034765018947D3
:1032F000631CF702832745110347050183C7370085
:103300002308F50285476318F70093076007230831
:10331000F500014582808327850A0567130707802A
:10332000D98F2324F50AF5B70545828083466501C8
:103330000947AA870545639FE60283C6070113076D
:10334000500701456398E60203A74711A1660347AA
:1033500037002388E70203A7070A558F23A0E70A4F
:1033600005472388E70003C71701136707F8A388F9
:10337000E70082808280834665011547AA8705455C
:103380006399E60C83C6070113075008054563924D
:10339000E60C03A7471183463700A38DD714830695
:1033A0004700A382D716030657002380C71603479A
:1033B00067002382E71603C7871593754700B5CDCD
:1033C0008946A38CD71483A6070AC1656D9BCD8E51
:1033D00023A0D70A238CE71403C7A71693761700F8
:1033E00085C29306F0076306D6001367270023857E
:1033F000E71603A7070AB7060200558F23A0E70ABE
:103400001717FF1F130787D0034737000145A3870E
:10341000E70203C74703A380E71605472388E700B1
:1034200003C7A702136717002385E70203C7170125
:10343000136707F8A388E7008280098B51DFC9DE94
:1034400003A7070AC166A38CA714558F23A0E70A18
:1034500061B78280834665011547AA870545639059
:10346000E60A83A64711014503C636001377060F07
:1034700059E71717FF1F034737CD718F49C303C79C
:10348000660011482380E716838556000147A38212
:10349000B716130517003357E640058B9378F50FE1
:1034A00015CF238D171503C74600A38DE71403C757
:1034B0008715937647009DC68946A38CD71483A6AB
:1034C000070A41666D9BD18E23A0D70A238CE7148F
:1034D00003C747030145A380E71682802A87E31AC2
:1034E00005FBD1B7098B6DD7E5D50547A38CE7144C
:1034F00003A7070AC166558F23A0E70AD1BF8280C0
:10350000834665011147AA8705456393E60A83C58B
:10351000B7000545639EA50883A6471103C836007A
:103520006366050303C74600130510091306B7FFBA
:103530001376F60F636CC50003C656009306B6FFFC
:1035400093F6F60F6364D5006371E6027947A385AD
:10355000E702130780022386E70203A7870A0145D3
:103560001367270023A4E70A828083A6C7100145BA
:1035700093F6060895CE83C647176317B80293E6FD
:103580001600238AD7169306000AA38AE716330784
:10359000D70283D6A7033347D70283D6070485060D
:1035A0003697239BE7168280D99A238AD716828082
:1035B000828083270511DDC32547A30AE50055470F
:1035C0002381E7000347451B8355651B8566A3815F
:1035D000E7000347551B938686840356A51B238269
:1035E000E7000347851BA383E7000347951B23845C
:1035F000E7002E8763F3B600368742074183A38234
:10360000E700856621832383E700938686843287DB
:1036100063F3C600368742074183A384E700218312
:103620002385E7008347C507A305050299C78327BC
:10363000050A93E707102320F50A8327450A139705
:103640004701635807007D771307F77FF98F23221F
:10365000F50A85472308F5000145828005458280EB
:1036600003476501AD476318F702411106C683475A
:10367000451783254511294693E70701230AF516C7
:103680008D051305D51797D0FE1FE7804022B24065
:10369000014541018280054582808347B500EDE701
:1036A000411122C406C603476501E1472A84054546
:1036B0006318F70C03470401930700046312F70C27
:1036C0008325441105659306A5C703C7450083C735
:1036D000350022075D8F9307A7FFC207C18363EC04
:1036E000F60883C7650083C65500130505C8A20701
:1036F000D58F6362F50863E0E70803C6850083C6DB
:1037000075002206558E9306301F63E6C60683C6F3
:10371000A50003C89500A206B3E60601636DD504B3
:10372000130516003305E502139836006345A80417
:1037300003C8B5001315080141816304080063EC58
:10374000A702231DC4042312A406231AE406231B84
:10375000F406231ED40483C7D50003C7C500314631
:10376000A207D98F2313F406B9051305840697D051
:10377000FE1FE780C013930770042308F40001457F
:10378000B24022444101828005458280411126C217
:1037900006C622C403476501E14785446318F70460
:1037A000832785102A848544898BA9C38347B50064
:1037B00063919706EFE0FFF283470401A305A4029B
:1037C00063979700930710042308F40039A81307A0
:1037D00000046393E702930710042308F40083476F
:1037E000A40293E717002305F4028144B240224467
:1037F00026859244410182808327040A93E72700AB
:103800002320F40A8347140193E707F8A308F40080
:10381000E9BF834715018D8B99CF9307A002A305BC
:10382000F402BD472306F4028327840A93E72700A6
:103830002324F40A5DBF8347050163979700EFE0F7
:103840005FEAA305A402BDBF130700026390E7026D
:10385000EFE03FE9A305A402814449F98327440A24
:1038600037070080D98F2322F40A49B713070004D1
:10387000E39EE7F6930730025DB7411126C206C604
:1038800022C48347B5008544A5E703476501A547E2
:103890008544631FF7048327850FA18BB1CB832554
:1038A00045112A8421468D051305051097D0FE1F6A
:1038B000E780E0FF83270410B73678089386060D6B
:1038C000DD8E8327441013E707018327840FF58FCC
:1038D0002324F4108327C40FF98F2326F410834781
:1038E0000401639D9700930710032308F4008144AB
:1038F000B240224426859244410182808327840A73
:1039000093E707012324F40ADDB7411126C206C656
:1039100022C403476501A5478544631AF706034798
:1039200005019307000385446313F70683254511BA
:103930002A8421468D051305051097D0FE1FE780C8
:1039400000F783270410B73678089386060DDD8EBE
:103950008327441023089400A305040213E70701FA
:103960008327840F8144F58F2324F4108327C40F09
:10397000F98F2326F4108327040A93E707022320F4
:10398000F40A8347140193E707F8A308F400B24050
:10399000224426859244410182808347B500054731
:1039A0006395E708411122C406C683466501254791
:1039B0002A8405456390E606034704016310F70671
:1039C000832544112146130504108D0597D0FE1F51
:1039D000E780E0ED83270410B73678089386060D5C
:1039E000DD8E8327441013E707018327840FF58FAB
:1039F0002324F4108327C40FF98F2326F410930790
:103A000010032308F40083471401014593E707F8E6
:103A1000A308F400B2402244410182808327840A33
:103A200093E707012324F40AF9BF05458280034781
:103A3000B5008547631CF704411122C406C626C29F
:103A400003476501A1472A840545631CF7028324C7
:103A500044111305841215469385340097D0FE1F38
:103A6000E780E0E483C7940003C784000145A20710
:103A7000D98F2317F4128347140193E727F8A3087B
:103A8000F400B24022449244410182800545828084
:103A90000347B50085476310F716834665015D4708
:103AA000639CE614011126CA8324451122CC2146C9
:103AB0002A84938534001305F51806CE97D0FE1F8F
:103AC000E780E0DE83C7C40003C7B400A207D98F34
:103AD000A30BF418A183230CF418EF006FCC2AC4B5
:103AE000EF000FCC2AC62C001305841A214697D06C
:103AF000FE1FE780C0DB83C7F40003C7E4001305A3
:103B0000041BA2074207BA9703C704012C00114601
:103B1000BA9703C7D4006207BA972324F40C83C76B
:103B2000340103C72401A2074207BA9703C744011F
:103B3000BA9703C714016207BA972322F40C03470C
:103B4000941A8347A41A4207A207BA970347B41AE4
:103B5000BA970347841A6207BA972320F40C0347E5
:103B6000D41A8347E41A4207A207BA970347F41A04
:103B7000BA970347C41A6207BA97232EF40AA247DA
:103B8000374703001307D73FB387E70237A726005D
:103B9000130737ECBA973EC497D0FE1FE78020D1B9
:103BA00083C7640103C77401A2074207BA9703C71A
:103BB0005401BA9703C784016207BA97232EF40C05
:103BC0000347241B8347141B4207A207BA970347E6
:103BD000041BBA970347341B6207BA972320F40EDD
:103BE000930710022308F400F24062448147D24454
:103BF0003E850561828085473E8582800347650159
:103C00009147631EF712411126C28324451106C64F
:103C100022C403C7340001CB9307F7FFF98F81E774
:103C20009377070F8DC793070002A305F50293074B
:103C300030022306F5028327850A93E72700232411
:103C4000F50AB2402244924401454101828083C575
:103C500054009306E007814711466397D500F94762
:103C6000E9B7B687638CC60093861700B357F74051
:103C7000858B93F5F60FF5D7230DB5148387440094
:103C80002A84ADC7A30EF514030535143387A700A6
:103C90001375F50F635AF0008307F41563DAE70034
:103CA000898FA30EF41429A08307E415E34AF7FED5
:103CB0008347D4153E9562056185EF00901223017C
:103CC000A414EF00700A83473414A301A414B307AB
:103CD000F540A30EF414EF00D0108347A41503475A
:103CE00034142301A414A297A382E7168307440384
:103CF00083062416014763D5F600958F13F7F70F57
:103D0000230EE41483C7540005472300F4168347A9
:103D100004016397E700930760F82308F40015B7E0
:103D2000130750086396E700FD57230EF414E5B718
:103D30008327840A0967D98F2324F40A19B7054514
:103D4000828003476501A547631EF704411122C421
:103D500006C683460501130700052A848547639735
:103D6000E602EFE0BFAC05E98327040AA3050402DD
:103D700093E707102320F40A8347140193E707F819
:103D8000A308F40085472308F4008147B240224489
:103D90003E85410182808347A40293E717002305F3
:103DA000F402D9BF85473E85828003476501A54758
:103DB0006309F700054582800545B2402244410170
:103DC000828083278510411122C406C693F707021B
:103DD0002A84FDD3EFE09FA58547E30FF5FC034759
:103DE00004016318F700930710052308F400014548
:103DF000E9B78327840A93E707082324F40AC5BF99
:103E00000545828005458280054582800545828082
:103E10000545828005458280054582800545828072
:103E20008347C500A30A0500F19B93E7170023060B
:103E3000F500032505111335150082801707FF1FB4
:103E40000347F71B9547630BF7009707FF1F9387FF
:103E5000A71A83C777000D47631FF7009707FF1F57
:103E600083C7171A639F0710930760101707FF1F78
:103E70002318F718828041119707FF1F938707299E
:103E8000194522C426C2E05F06C64AC0EF00B0262C
:103E90009707FF1F93870716944337C7898E130729
:103EA00067ED98C63757550013075755D8C20347D3
:103EB00024029306F00FBE846307D700FD57A300CA
:103EC000E4022301F4020345140289476303F50069
:103ED00001451709FF1F1309A9140327090001460B
:103EE0009305F00F5C4393E717005CC3930710FA48
:103EF0002305F40099471707FF1FA302F710970740
:103F0000FF1F238B070E9707FF1F2389070EEF0064
:103F1000E07D9707FF1F9387E7159443DC56F59BD9
:103F2000DCD69C40034794001376F7079843137739
:103F300007F8518F98C398431377F7CF98C39843E6
:103F40001377F7CF1367072098C39C4637073300D2
:103F5000B240D98F032709009CC6B7070300938797
:103F600087153CCB9707FF1FA38A07089707FF1FFA
:103F7000A3840708224485471CC392440249410197
:103F8000828082804111B7E700E026C28443370770
:103F9000200006C622C4F98C23A0E7180F100000E9
:103FA0001707FF1F0347D7059707FF1F9387C7040E
:103FB00001CF9706FF1F83C6A60409476396E60054
:103FC0001707FF1FA30E070203C77700A1466387E9
:103FD000E60003C777009D46639DE60083C7770030
:103FE0001707FF1F230EF70085471707FF1FA309B9
:103FF000F700EF0010089707FF1F93872711E05F76
:104000006840231504002304040097D0FE1FE780B6
:10401000204A914523100404232204042324040489
:104020001705FF1F034535DAEF006FDEA1451705C1
:10403000FF1F034555D9EF008FDD03451403930798
:10404000F00F6307F500EF00CFE3FD57A308F4027C
:10405000034504039307F00F6307F500EF006FE2D9
:10406000FD572308F402B2402244B7E700E023A042
:104070009710924441018280011126CA9704FF1FC4
:104080009384C40822CC03A4040C4AC84EC652C46C
:1040900056C206CE2A898149130A2500854A29E895
:1040A00093057025314597D0FE1FE78040312A8463
:1040B00001453DC083471900194693052900A30017
:1040C000F4001305240097C0FE1FE780407E83A7FD
:1040D000040CA1EF9707FF1F23AA870E23240400D7
:1040E00083C7C40B85071707FF1F230FF70C25A0F5
:1040F00003471400834719006305F700A2890044B1
:1041000079BF1946D2851305240097D0FE1FE7809A
:104110008085E31555FF0545F2406244D24442498B
:10412000B249224A924A05618280E38909FA23A4AE
:1041300089006DB79707FF1F938747FD03A5070CFD
:1041400011E99707FF1F23A307089707FF1F238D78
:1041500007068280411106C622C4004597D0FE1F83
:10416000E7800035228575F8B24022449707FF1F8B
:1041700023AE07049707FF1F2388070441018280AD
:104180009707FF1F938787F823A0070C238E070A42
:1041900082801707FF1F1307A7E51C439306001033
:1041A00094C301000100010001001C4323A007008B
:1041B0008346150003482500A2064208C29603481C
:1041C0000500C296034835006208C29694D783461C
:1041D000550003486500A2064208C2960348450000
:1041E000C296034875006208C296D4D783469500EC
:1041F0000348A500A2064208C29603488500C2965D
:104200000348B5006208C29694DB8346D500034894
:10421000E500A2064208C2960348C5000345F50022
:10422000C2966205AA96D4DB83C6150003C5250095
:10423000A2064205AA9603C50500AA9603C5350045
:104240006205AA9694CF83C6550003C56500A206F1
:104250004205AA9603C54500AA9603C575006205E6
:10426000AA96D4CF83C6950003C5A500A206420531
:10427000AA9603C58500AA9603C5B5006205AA964D
:1042800094D383C6D50003C5E500A2064205AA96CD
:1042900003C5C50083C5F500AA96E205AE96D4D342
:1042A000D443F59AD4C3D44393E61600D4C39443BD
:1042B00093E6160094C3BA879443D842058B59E31A
:1042C000984E01452300E6009843184F2183A30030
:1042D000E6009843184F41832301E6009843184FA6
:1042E0006183A301E6009C43D84F2302E600D84F28
:1042F0002183A302E600D84F41832303E600D84F71
:104300006183A303E60098532304E60098532183B6
:10431000A304E600985341832305E6009853618384
:10432000A305E600D8532306E600D8532183A3064D
:10433000E600D85341832307E600DC53E183A3075B
:10434000F600828001008DBF011122CC2A84354500
:1043500006CE2EC632C445239707FF1F938747CC4E
:10436000984322853C4B93E707083CCB2246B24555
:10437000EFF03FE2F2406244014505618280970719
:10438000FF1F9387E7C998433C4B93E707083CCB53
:1043900001000100010001009707FF1F938747C537
:1043A0009C4303A7450E16051365050888C398CBE3
:1043B00003A7850E0145D8CB03A7C50B98CF03A74C
:1043C000050CD8CF03A7450C98D303A7850CD8D3E9
:1043D00003A7C50C98D703A7050DD8D703A7450D8C
:1043E00098DB03A7850DD8DB03A7C50D98C703A7E6
:1043F000050ED8C798431367070498C382809707B0
:10440000FF1F9387E7C198433C4B93E707083CCBDA
:1044100001000100010001009707FF1F938747BDBE
:104420009C4303A7C50E16051365050888C398CBE2
:1044300003A7050F0145D8CB03A7C50B98CF03A74A
:10444000050CD8CF03A7450C98D303A7850CD8D368
:1044500003A7C50C98D703A7050DD8D703A7450D0B
:1044600098DB03A7850DD8DB03A7C50D98C703A765
:10447000050ED8C798431367070498C3930700F83D
:104480001707FF1F230DF7B682809707FF1F93873B
:1044900067B69C43B7068000B70500829843FD15B8
:1044A000558F98C31307F00F98DF13070005D8DB6B
:1044B000D857B7060080558FD8D7D4571707FF1F96
:1044C00003470797131687011377F703ED8E6607E7
:1044D000558FD8D761861707FF1F1307A7B9930613
:1044E000A003184363DCC600744F37060007D18E63
:1044F00074CF370702001307C72099A09306200244
:1045000063DAC600744F370600F97D16F18E370660
:104510000005F1BFB70600F99385F6FF744F6945B2
:10452000ED8E6355C50037060003D1B7B70500010E
:10453000CD8E74CFE35F06FA370702001307072119
:10454000D8DF984B137707FC1367E70098CB37E762
:1045500000E0D147A309F70497D7FE1F938707A16F
:1045600093E717007CD7828093178501E18763C8A2
:1045700007061377050499472DE31307A003914716
:10458000636DA7041307A0028D476368A704130790
:10459000200289476363A70469478547636FA702C1
:1045A00051478147636BA7024947FD576367A702DD
:1045B0003947F5576363A7022947ED57636FA70093
:1045C0001947E157636BA7001147D9576367A700E5
:1045D0000947B1576373A700C5573E858280A54739
:1045E000EDBFB557634DF50449578D476347E50463
:1045F0005D5795476343E50465579D47634FE50263
:104600007157AD47634BE5027957BD476347E502F4
:10461000CD4763440502D5470DC10547ED47630EFD
:10462000E5000947930730026309E5000D4793074A
:10463000B0036314E5009307B0023E85828085478E
:10464000EDBF938741939C4399CB944BD04B9842B9
:10465000518F98C294439C479842D98F9CC2970728
:10466000FF1F938727991707FF1F0347879917068F
:10467000FF1F1306E69A05489C431307E7091442F7
:10468000631E050388431365050888C3C846817700
:10469000FD17E98FDCC60F1000001C42B7060200B0
:1046A000AD0594C7930600F81706FF1F2308D6949C
:1046B0008A05BA958605ECD3C8C7828088431375EE
:1046C000F5F788C3C8468177FD17E98FDCC60F1060
:1046D00000001C42B7060200A90594C7930600F823
:1046E0001706FF1F230CD6908E05E1B793874193E1
:1046F0009C4389CFD44303A88700984233670701BE
:1047000098C2D447DC4B9842D98F9CC29707FF1FB1
:104710009387478E05479C439505631EE5029843A2
:104720008E051367070898C3984F137707C0136760
:10473000A71398CF13078007A389E7009385C503C4
:104740009707FF1F23A2B78C11C606069707FF1F06
:1047500023ACC78A8280984392051377F7F798C3F2
:10476000984F137707C01367271398CF1307F007E5
:10477000A389E700E1B711C93717004083578701C4
:104780002168B3E70701231CF7008E059707FF1F79
:104790002389B7869707FF1F9387C78522069C4307
:1047A000498E4D8EB70510004D8EB0D7B8571367A0
:1047B0004700B8D7B85791C6B7060400558FB8D789
:1047C0008280B706FCFFFD16758FD5BF411106C666
:1047D0001707FF1F0347C782A1476311F704970715
:1047E000FF1F83C72784858B1706FF1F0346B685E7
:1047F0009706FF1F83C62685BDC79707FF1F9387B0
:104800006784C8432DC1834515000905EF00900C4E
:1048100011C5854717F7FE1FA304F77E17F7FE1F84
:104820000347077E9947631CF7009707FF1F93878D
:10483000E78DFC5F83C7B70095CBEFF02FE017F74C
:10484000FE1F0347E77B9D476312F7029707FF1F91
:104850009387C78B83A7070983C7770081CBB240B3
:1048600041016FC05031814501454DB7B240410112
:10487000828017F7FE1F1307A77A1C43B44B93F6E9
:10488000F68FB4CB944393E6860094C39C438D8308
:10489000858B89C7010001000100010097F7FE1F09
:1048A0009387477594439C4293F7F7CF93E707109C
:1048B0009CC297F7FE1F9387E77B9043B706CEFF16
:1048C000FD161C46F58F1CC61C4337070300B8CBEA
:1048D000938741939C4399CBD44390479842518FFF
:1048E00098C2944BDC4B9842D98F9CC297F7FE1F1D
:1048F000A3870770828097F7FE1F938767729C4398
:104900009C438D8B638307104111B7E700E04AC0D9
:1049100003A9070026C23707200006C622C4AA84BE
:104920003379E90023A0E7180F10000017F7FE1FE6
:104930000347F76C8D4717F4FE1F1304E46B631BEA
:10494000F70097F7FE1F9387E76D9C4B0146814563
:10495000454582971947639CE40497F7FE1F83C778
:10496000376A99CB97F7FE1F83C7876963969700CD
:1049700097F7FE1FA38607688347740021476318D3
:10498000F7009307801017F7FE1F231BF76697F7B2
:10499000FE1F238E0746EFF0DFEDB2402244B7E75B
:1049A00000E023A0271192440249410182809D47E3
:1049B000639FF40097F7FE1F83C79764D5DF17F74F
:1049C000FE1F0347E7638D47E318F7FA55B78346A1
:1049D0007400630BD700034774006387E7008347C5
:1049E00074002147E315F7FA97F7FE1F83C7576155
:1049F000D9FF8347740017F7FE1F2303F76085472D
:104A000017F7FE1FA30EF75E59B782805D7156DA65
:104A100097FAFE1F938A0A5E03A70A0086C6A2C4FD
:104A2000A6C2CAC04EDE52DC1C4317FAFE1F130A90
:104A30006A6497F9FE1F9389A95E93F7F7CF93E70E
:104A400007101CC383260A003707CEFF7D179C463C
:104A50003709030013068002F98F9CC683A709005B
:104A60002A84AE8423A8270593051008280097C040
:104A7000FE1FE780E0EA3545EFF0FFE783A70A0075
:104A80009376F41F3706330023A40700984B1309CD
:104A90008915617F1367F70398CBF84FCE8813050C
:104AA00010F8137707E0558FF8CF9843D6855288D2
:104AB0001367070898C317F7FE1FA301075483A6BF
:104AC000090017F7FE1FA3090752054798C298432C
:104AD000A1629303401F1377F7CF98C398437D1FBC
:104AE00085491377F7CF1367072098C303270A0078
:104AF000930F80021C47D18F1CC723A826050147AE
:104B0000340011491353370026938347030013766B
:104B10007700B3D7C740858BDDCF9C41832E08003B
:104B200023AC070423A0070603AECE02137EDEFFEC
:104B300023A6CE0383AE0700137EF70793FE0EF87D
:104B400033EECE0123A0C70103AE4702336E5E00F1
:104B500023A2C70383AE0800014E23A27E0603AA48
:104B6000070663074E0303AE0703038A0600135EBE
:104B7000FE00620E135E8E416358CA0103AE070346
:104B8000135EFE002380C60103AE0706137EFE0FF0
:104B900003AA4E0663060A0003AA8705E37F49FBC2
:104BA00003AE4702337EEE0123A2C70383870600CC
:104BB000635CF400034E03003396C9001346F6FF0E
:104BC0003376C6012300C3003E8663D3A7002A863E
:104BD00013158601618505071377F70F8506E31323
:104BE000F7F398411C4B93F707FC93E7E7001CCBC6
:104BF000B640264496440649F259625AD25A616137
:104C00008280011122CC2A8411452EC632C436C2BC
:104C100006CEEFF05FCE97F7FE1F9387A73D9C432C
:104C2000B7083300D857719B13671700D8D717F709
:104C3000FE1F1307E73E08431307800778D1984308
:104C40001377F7CF98C398431377F7CF13670720ED
:104C500098C317F7FE1F1307E7411843B245924662
:104C600003288700224633681801232407013708E8
:104C700003001308882523280505CDC14C5713646C
:104C80000404F5994CD71377F4078043137404F8A0
:104C9000598C3747767180C31307971298C73757D7
:104CA00055001307575517F4FE1F1304E434D8C3F7
:104CB0001C50B6853CDD97F7FE1F2380073497F71D
:104CC000FE1FA38C073297F7FE1F238907325C4132
:104CD000F99B5CC19147014517F7FE1FA301F7320D
:104CE00097C0FE1FE780404F93874193984311C7B9
:104CF000544318479C42D98F9CC283473400858B0C
:104D000091CB97F7FE1F83D7E740850717F7FE1F64
:104D10002312F740F2406244056182804C57F599B6
:104D20004CD71377F4078043137404F8598C37C7B2
:104D3000898E80C3130767ED95B7011126CA4AC84B
:104D40004EC6C1643709006AB70900AC22CC52C410
:104D500006CE0544FD141309690E9389E90C130A64
:104D6000000205E49305000F4145EFF0DEF1B7B70F
:104D7000006A4205938767CE5D8DF2406244D2445B
:104D80004249B249224A05618280A6850145EFF079
:104D9000DEF19317850013F7071033E5270119C3D8
:104DA00033E5370181470147E145B356F5008507F3
:104DB0003356F500858A058A6307D6000507137701
:104DC000F70F63E4E504E39247FF81471306F0031E
:104DD000ED463357F5001377F70305CB6307C7029A
:104DE0008507E398D7FE135785009377F50F137760
:104DF000F70FE394E7F8135705011377F70FE39ED6
:104E0000E7F613578501E39AE7F605041374F40FE8
:104E100089BF17F7FE1F0347971E91476309F70CD9
:104E200097F7FE1F9387C71C9843B7C70040938727
:104E30000730631EF70A0111354506CE22CC26CA7B
:104E40004AC84EC6EFF03FAB97F9FE1F9389891A07
:104E50001D2AEF007039EFF04FE383A7090017F91F
:104E6000FE1F13092921B7063300984397F4FE1F4C
:104E70009384041B370403001367070898C39843FF
:104E80001377F7CF98C398431377F7CF13670720AB
:104E900098C3032709001C47D58F1CC79C401307E4
:104EA0008455B8CBEF00704CEF10F01EEF00103FB0
:104EB000EF00104803A709001C4393F7F7CF93E7CF
:104EC00007101CC3832609003707CEFF7D179C46B9
:104ED000F2404249F98F9CC69C40B249D244A0CBD3
:104EE000624497F7FE1FA38C0710056182808280C1
:104EF000B7C700401387073097F6FE1F23AAE60EB8
:104F000013870720411197F6FE1F23ABE610938706
:104F1000071037D7004022C497F6FE1F23ACE614D3
:104F200017F4FE1F1304440D17F7FE1F2324F70C7C
:104F30008547A303F40097F7FE1F938727EE9C4352
:104F400006C65CD0938707111CD097C7FE1F9387B6
:104F5000470223ACF192EFF0DFEBB7E700E0A305E7
:104F6000040003C7574113670708A38AE740B2400C
:104F700037071000224423A0E7103707200023A0A2
:104F8000E7104101828017F7FE1F130727E9030787
:104F9000470197F7FE1F9387A7089C43635A0704AE
:104FA00013074008D8CBF8C313076007D8CFF8C75A
:104FB0009306C008D4D31307E006D8D7D4DBD8DFD4
:104FC000130780072393E700F84BB7060080558F3F
:104FD000F8CB5147F8CB17F7FE1F1307E7015853DB
:104FE000F8DF7D5798C737071F003D07D8C7828075
:104FF0001307C00845BF97F7FE1F9387A70798437D
:1050000017F6FE1F1306060297F7FE1F938787FE0B
:1050100094438347160013F8F707D9C588425C42CA
:10502000137505F83365050188C213F5150001C92C
:1050300093F5050341456386A506938787C14C57C1
:105040004168130808A093E525004CD7B3D50703A2
:10505000B70810FEFD18B3F70703FD891395450146
:105060006C43B3F51501C98D6CC39305A00F3705CB
:10507000FCFFAA07B3D7B7026C43E98DBA07B9831F
:10508000CD8F7CC383470600898B99CB9C4293F7D5
:10509000F70713E707049C4293F707F8D98F9CC2E0
:1050A00082809387078361BF5C57F59B5CD79C42E6
:1050B00093F707F8B3E707019CC2E9B7411106C6A9
:1050C00097F7FE1F238707F8EFF0AFFAB2400145CC
:1050D000410182807971B7E700E026D28443370727
:1050E000200006D622D44AD04ECE52CC56CAF98CD5
:1050F00023A0E7180F10000017F4FE1F130484F21A
:10510000184409EF23A097100545B2502254925439
:105110000259F249624AD24A4561828017F7FE1F5E
:105120001307C7FE0327470A09C723A0971009459D
:10513000E9BF83470400328AB689858B2E86AA8A06
:10514000BDC717F9FE1F1309E9EF8327490095E34F
:1051500017F5FE1F0345D5EE2EC6090593059004ED
:1051600097C0FE1FE780A025324697F7FE1F23ADAC
:10517000A7EC8327490099E7B7E700E023A0971041
:105180000D4561B717F7FE1F0347E7EB2380E700E4
:1051900083274900638F0A0429CEA380C700032513
:1051A0004900D685090597B0FE1FE780407017F7C4
:1051B000FE1F0347D7E49547630CF70097F7FE1FE0
:1051C00083C707E419476385E7000D476396E70245
:1051D00097F7FE1F83C7D7E299E79307801017F769
:1051E000FE1F231FF7E0B7E700E023A0971001455B
:1051F00029BFA380070065BF17F9FE1F130949E205
:105200008327090098430D8B0DC717F7FE1F230056
:1052100007C0B84B1377F78FB8CB98431367870055
:1052200098C39C438D83858B89C7010001000100D1
:105230000100832709003707020097FAFE1F938AAF
:105240006AE023A2070698C797F7FE1F238807DAAC
:1052500097F7FE1F83C7C7DF918B89EB97F5FE1F7A
:1052600083C545DC93F70504639C0712814517F558
:10527000FE1F034535DBEFF01FD817F5FE1F034572
:1052800065DA1185014697F5FE1F83C565DB0D893B
:10529000EFF0CFC517F7FE1F1307C7D514441C4303
:1052A00094C75444D4C383260900834704003A8436
:1052B00013F61700DC42F99BD18FDCC283A74A00AA
:1052C000BCDE97F7FE1FA38047D997F7FE1F238CFC
:1052D00037D783C7EA0093E7470097F6FE1F238A74
:1052E000F6D69307000497F6FE1F2387F6D097F7AC
:1052F000FE1F238507D0A14797F6FE1FA381F6D096
:1053000097F7FE1F938787B19C5791CB13060064D4
:10531000C14517F5FE1F0345E5D3EFF0EE84832763
:1053200009001705000013052533DC43858B89E749
:10533000170500001305C507EFF08ED4184097F647
:10534000FE1F938626D3370633001C4393F7F7CF0F
:105350001CC31C4393F7F7CF93E707201CC39C4261
:105360009847518F0326090098C737070300130792
:10537000871538CA17F7FE1FA30207C817F7FE1FC5
:10538000A30C07C6054718C2D8431377F7EFD8C355
:105390000100010098425C4393E707105CC3A1B58C
:1053A00093F5050393E515004840F1B5011197F712
:1053B000FE1F83C777C406CE22CC26CA4AC8858B77
:1053C00017F7FE1F130747C36386072497F7FE1FCF
:1053D000A38407C23A84A30701004453EFF01FCE11
:1053E00097F7FE1F83C7C7C6918B97F6FE1F93865C
:1053F00066C517F9FE1F1309E9C2638A071A83C736
:105400001400A69703C7070093070008631AF70064
:105410008347090093E7870017F7FE1F2304F7C0AF
:105420005C4C0D47637FF710F11717F7FE1F23231E
:10543000F7BE5C4C984663EDE7103387E74083C7BF
:10544000140003C6C600A69783C7170062066186CC
:105450008E076350061263F4E7101D8F9306000257
:1054600063EBE600584C636FF70EB307F74017F78E
:10547000FE1F232DF7BC894517F5FE1F034585BD8B
:10548000EFE0FECE83470900A18B638D071097F7ED
:10549000FE1F9387E7B894439307800C1307F00F20
:1054A000FCD21C5037063300014598C397F7FE1F06
:1054B000238507B497F7FE1FA38107B497F7FE1F54
:1054C000238E07B297F7FE1FA38A07B297F7FE1F36
:1054D000938747B298431C4393F7F7CF1CC31C43F1
:1054E00093F7F7CF93E707201CC397F7FE1F938727
:1054F00067B8984397F5FE1F83C5C5B291851C47D1
:105500008D89D18F1CC7B707030093878725BCCA35
:10551000054697C0FE1FE78020CC83470900DD9B2E
:1055200017F7FE1F2300F7B097F6FE1F83C6A6B13C
:1055300017F6FE1F034636B181450145EFF09FB9CE
:10554000E1A017F7FE1F130727925843BA97E9BD4A
:1055500017F6FE1F130646915042B297F9BD3387E6
:10556000E740EDBD97F6FE1F93860690D44236972E
:10557000EDBD584C6361F702B307F74017F7FE1F04
:105580002326F7AC83C7C60093E7070817F7FE1F6B
:105590002300F7ACCDB517F6FE1F1306E68C50427C
:1055A0003297D9BF83C71400F917A380F40048507D
:1055B000814681451306F10097C0FE1FE780A0B821
:1055C0005C50931585019306F00F03C70700E18532
:1055D000630CD70097F7FE1F83C7F7A66386D70033
:1055E0006304F70093E525008307090063C70700FC
:1055F00089E58347F1002380F40083270901505097
:1056000093F5F50F0D458297F2406244D24442492A
:105610000561828097F7FE1F938787A09C43FC5308
:1056200099EFEFF0BFA997E7FE1F9387277F9C5B59
:10563000E38C07EE8545130510088297F5B583477F
:1056400077002147E312F7FC854717E7FE1F230089
:10565000F77C5DBF797197F7FE1F83C7E79906D680
:1056600022D426D24AD04ECE52CC858B17F7FE1FBD
:105670001307879863840726032947028146130688
:10568000F10081454A853A84A307010097F7FE1F80
:105690002384079697C0FE1FE780E0AA131A8501AE
:1056A000135A8A4163120A0297F7FE1F83C7B799FC
:1056B0009306F00F638AD70058500347070063052D
:1056C000D7006303F700094A97F4FE1F938484957B
:1056D0008387040097F9FE1F9389C99663C6071450
:1056E00063160A148347F1002300F90083C7C90039
:1056F000918BD1CB5C4C0D47637DF716F11717F7F3
:10570000FE1F2329F7905C4C03A7890063EAE71684
:105710003387E7408347190083C6C900CA9783C708
:105720001700E206E1868E0763DD061663F1E716D1
:105730001D8F9306000263EBE600584C636CF71470
:10574000B307F74017F7FE1F2322F790894517F597
:10575000FE1F03452590EFE09EA183471900330704
:10576000F90083460700130700086395E6161C50EE
:105770001307F00F98C383C7040093E7870017F758
:10578000FE1F2301F78A97F7FE1F9387A78E984382
:105790005C578583858BA1C3DC40C165938505A0DB
:1057A000B3D6B702370510FE7D15B3F7B702FD8AF1
:1057B000139646017443E98ED18E74C39306A00FED
:1057C0003706FCFFAA07B3D7D7027443F18EBA0796
:1057D000B983D58F7CC383A7490017F5FE1F034506
:1057E0006584118583C517000D89EFE09FE51705D6
:1057F000000013056513EFF0AE8897E7FE1F93874F
:10580000677F9C43B70680009843558F98C3D8574D
:10581000719BD8D783C70400A18BA1E79C48505047
:1058200081450D45829735A8E3020AECEFF06F84BD
:105830009C4850500D459375FA0F829703A5490077
:1058400017F6FE1F0346368097E6FE1F83C6A67F27
:1058500009C583451500090519A081450145EFF0EB
:105860007F87B250225492540259F249624A4561EC
:10587000828017E7FE1F1307275F5843BA97BDBD05
:1058800097E6FE1F9386465ED442B69751B533879E
:10589000E74045B597E6FE1F9386065DD4423697EE
:1058A00045B5584C6361F702B307F74017E7FE1F91
:1058B000232EF77883C7C90093E7070817E7FE1F71
:1058C0002308F77861B597E6FE1F9386E659D44220
:1058D0003697D9BFF917A300F90075B597E7FE1FF2
:1058E000938707749C43FC539DE3EFF02FFD97E7EC
:1058F000FE1F9387A7529C5B89C789451305100833
:10590000829797E7FE1F9387E773C84315BF8347C6
:1059100077002147E317F7F4854717E7FE1F2308B1
:10592000F74E81B7411197E7FE1F83C7F76C06C694
:1059300022C4858B8DCB97E7FE1FA38F076AEFF0FC
:10594000EFF797E7FE1F9387E76D03C707003E84D5
:10595000218B21E703A3070101468145114522441C
:10596000B2404101028397E7FE1F9387676B9C4318
:10597000FC53ADE797E7FE1F2382076897E7FE1FFA
:105980009387476A03C707003E84218B19E703A367
:105990000701014681455145D9B797E7FE1F938717
:1059A000676AC84317E6FE1F0346F66997E6FE1FBF
:1059B00083C666690DC1834515000905EFF08FF1B7
:1059C00083470400DD9B17E7FE1F230DF764B240F9
:1059D00022444101828081450145CDB7854717E7C3
:1059E000FE1F2306F742E5B797E7FE1F93878768F8
:1059F0009C4313070048B70600F998D7D85FFD16F7
:105A0000758FB7060002558FD8DFD85FB706004004
:105A10000E070D83558FD8DFF84BC576FD16419BD9
:105A200013679700F8CBD85F758F9566558FD8DFD1
:105A3000985B9D661367077098DB985B558F98DBC2
:105A4000985BB7060700558F98DB985BB706009008
:105A5000FD16758FB7060010558F98DBF847B7060F
:105A6000F9FFFD16619BF8C7F84F758FF8CFF84F17
:105A7000B70690FFFD16758FF8CF17E7FE1F034797
:105A8000273B1377070C19C7B847B7060080558F17
:105A9000B8C78280B84706070583DDBF17E7FE1F3A
:105AA0001307475D1C4341767D16B44BF18EB4CB92
:105AB000944737062000D18E94C7D44793E6060159
:105AC000D4C7D447BD9AD4C701000100010001002A
:105AD00014430566DC4693E70701DCC6DC42D18F40
:105AE000DCC297E7FE1F9387A753904393074006B6
:105AF0007CD27C5291C783A7C609A183858BF5DB35
:105B000001000100010001001C43416603A7C70911
:105B1000B44BD18EB4CB9376F701B84B019B558F24
:105B2000B8CB9847B706E0FFFD16758F98C78280FF
:105B300097E7FE1F938707549C4341777D17B44F27
:105B40004166F98EB4CF9447D18E94C7D44793F66B
:105B5000F6EFD4C7D443758FD8C3D44793E6061065
:105B6000D4C7D843518FD8C38280397122DC17E45F
:105B7000FE1F130424501C4006DE26DA4AD84ED6F7
:105B800052D456D25AD05ECE62CC66CA6AC86EC6AD
:105B9000D843FD76FD161377F7EFD8C39857758F66
:105BA00098D7D857B70602003D9BD8D79847558F4E
:105BB00098C7D84313670701D8C317E7FE1F130719
:105BC000E74A14433757341213078767E38FE64ACF
:105BD000D84381749384F40F799BD8C3985FB166DE
:105BE000938606F0658F558F98DFD84313671700AB
:105BF000D8C397B0FE1FE780E0781C4003A70709D1
:105C00001377F703238EE19203A7470929831377BC
:105C1000F707A38EE192D843B96693860670799B05
:105C2000D8C3985F658F558F98DFD84313671700E7
:105C3000D8C397B0FE1FE780E0741C4003A7070994
:105C40001377F70397E6FE1FA388E64203A74709E9
:105C500029831377F70797E6FE1F238BE640D84387
:105C6000B56693860630799BD8C3985F658F558F4C
:105C700098DFD84313671700D8C397B0FE1FE7809B
:105C8000607018408327070993F7F70397E6FE1F14
:105C90002384F63E83274709A98393F7F70717E77D
:105CA000FE1F2303F73C1C4017ECFE1F034CCC3CAB
:105CB00083C6C19303A7070AB386864113F6F6008D
:105CC000419B518F23A0E70A130760023387E60246
:105CD0001306700283A5070A7D7E130EFE0F93F54F
:105CE000F5F01305400245737D131304300233476A
:105CF000C702B708F1FFFD1813082002930E100227
:105D00007D4FF94FF542F1436D4DD14B454BBD44AD
:105D10003949314AAD4AB5493D8B12074D8F93053C
:105D2000500223A0E70A3387B60283A5070AB3F51A
:105D3000C5013347C7023D8B22074D8F23A0E70AD9
:105D40003387A60283A5070A370500F17D15B3F551
:105D500065003347C7023D8B32074D8F23A0E70A0A
:105D60003387860283A5070A6144B3F515013347DB
:105D7000C7023D8B42074D8F23A0E70A33870603F6
:105D800083A5070A370810FF7D18B3F505013347CF
:105D9000C7023D8B52074D8F23A0E70A3387D603F6
:105DA00083A5070AB70E0010FD1EE98D3347C70211
:105DB0003D8B62074D8F23A0E70A139756003347A8
:105DC000C7029315C70103A7070A3377D7014D8F81
:105DD00023A0E70A3387E6035D4F3347C702937575
:105DE000F70003A7470A419B4D8F23A2E70A338799
:105DF000F60383A5470AD94F93F5F5F03347C70259
:105E00003D8B12074D8F23A2E70A3387560283A5E5
:105E1000470AD542B3F5C5013347C7023D8B220778
:105E20004D8F23A2E70A3387760283A5470ACD4325
:105E3000B3F565003347C7023D8B32074D8F23A270
:105E4000E70A3387A60383A5470A494DB3F5150131
:105E50003347C7023D8B42074D8F23A2E70A6947AC
:105E60003387E60283A5470AB3F505013347C70226
:105E70003D8B52074D8FE54523A2E70A3387B602D3
:105E800083A5470AE98D3347C7023D8B62074D8FD3
:105E900023A2E70A338786020D443347C7029315CE
:105EA000C70103A7470A3377D7014D8F23A2E70A1B
:105EB0003387E603254F3347C7029375F70003A7DF
:105EC000870A419B4D8F23A4E70A3387F60383A5F6
:105ED000870A9D4F93F5F5F03347C7023D8B1207B4
:105EE0004D8F23A4E70A3387560283A5870A994278
:105EF000B3F5C5013347C7023D8B22074D8F23A45D
:105F0000E70A3387760383A5870AB3F5650033472D
:105F1000C7023D8B32074D8F23A4E70A33877602F1
:105F200083A5870A9543B3F515013347C7023D8B17
:105F300042074D8F23A4E70A3387A60383A5870A68
:105F4000294DB3F505013347C7023D8B52074D8FED
:105F500023A4E70A3387660383A5870AE98D3347BD
:105F6000C7023D8B62074D8F93954600B3C5C502AE
:105F700023A4E70A03A7870A3377D701F2054D8FD9
:105F8000B385960223A4E70A03A7C70A419BB3C5BA
:105F9000C502BD894D8F23A6E70A3387260383A553
:105FA000C70A93F5F5F03347C7023D8B12074D8FB3
:105FB000B3C5860223A6E70A03A7C70A3377C7013A
:105FC000BD89A2054D8F23A6E70A3387460383A523
:105FD000C70AB3F565003347C7023D8B32074D8FC3
:105FE00023A6E70A3387560383A5C70AB3F515012D
:105FF0003347C7023D8B42074D8F23A6E70A3387FD
:10600000A60383A5C70AB3F505013347C7023D8B35
:1060100052074D8F23A6E70A3387E60383A5C70AF5
:10602000E98D3347C7023D8B62074D8F939536004C
:10603000B3C5C50223A6E70A03A7C70A3377D7016A
:10604000F2054D8FB385F60323A6E70A03A7070BD6
:10605000419BB3C5C502BD894D8F23A8E70A33878D
:10606000560283A5070B93F5F5F03347C7023D8B26
:1060700012074D8F23A8E70A3387760283A5070B03
:10608000B3F5C5013347C7023D8B22074D8F23A8C7
:10609000E70A139726003347C70283A5070BB3F51A
:1060A00065003D8B32074D8FB3C5360323A8E70A41
:1060B00003A7070B33771701BD89C2054D8F23A8AE
:1060C000E70A139716003347C70283A5070BB3F5FA
:1060D00005013D8B52074D8FB3C5C60223A8E70AC1
:1060E00003A7070B698FBD89E2054D8F23A8E70A37
:1060F00003A7070B930580023377D70123A8E70A8C
:1061000017E7FE1F034757F73307EC40B34DB702BD
:1061100083AC470B93FC0CFFB34B770393FDFD005F
:10612000B3ECBC0123AA970B83AC470BCD4D93FC7A
:10613000FCF093FBFB00920BB3EB7C0123AA770BE3
:10614000B30B870283AC470BB3FCCC01B3CBBB02D0
:1061500093FBFB00A20BB3EB7C01B34CA70323AA78
:10616000770B83AB470BB3FB6B0093FCFC00B20CCB
:10617000B3EB9B0123AA770BA14BB34B770383AC03
:10618000470BB3FC1C0193FBFB00C20BB3EB7C0180
:1061900023AA770BB30B570283AC470BB3FC0C015C
:1061A000B3CBBB0293FBFB00D20BB3EB7C0123AA66
:1061B000770BB30BF70383AC470BB3FCAC00B3CB4B
:1061C000BB0293FBFB00E20BB3EB7C01B34C770209
:1061D00023AA770B83AB470BB3FBDB01F20CB3EBCA
:1061E0009B01B30CE70323AA770B83AB870B93FBCD
:1061F0000BFFB3CCBC02B30A570393FCFC00B3EB18
:106200009B0123AC770B914B83AC870B93FCFCF089
:10621000B34B7703330A470393FBFB00920BB3EBBB
:106220007C0123AC770B83AB870BD54CB3FBCB0145
:10623000B3CABA02B309370393FAFA00A20AB3EA5F
:106240005B0123AC570B83AA870BD94BB3FA6A00C7
:10625000334ABA0233092703137AFA00320A33EABF
:106260004A0123AC470B03AA870BE14A337A1A0190
:10627000B3C9B902B304970293F9F900C209B3692B
:106280003A0123AC370B83A9870B654AB3F909019F
:106290003349B902B3C4B4021379F900520933E99E
:1062A000290123AC270B03A9870BE9493379A900FE
:1062B000330B6703BD88E204B364990013194700E8
:1062C00023AC970A83A4870BB3F4D4013349B902F2
:1062D000334BBB027209B3E4240123AC970A83A4B5
:1062E000C70BC198137BFB0033EB6401C944B304B3
:1062F000970223AE670B03A9C70B5D4B1379F9F027
:10630000B3C4B402BD889204B364990023AE970A63
:10631000B304B70303A9C70BF54D3379C901B3C45F
:10632000B402BD88A204B364990023AE970A8944DD
:10633000B344970203A9C70B33796900BD88B2043F
:10634000B364990023AE970AB304970303A9C70B5C
:10635000F94C33791901B3C4B402BD88C204B364E3
:10636000990023AE970AB304770303A9C70BFD4B2B
:1063700033790901B3C4B402BD88D204B36499006F
:1063800023AE970AB304670303A9C70B130B1002CC
:106390003379A900B3C4B402BD88E204B3649900A0
:1063A00023AE970AB304570303A9C70B930A20022D
:1063B0003379D901B3C4B402F204B364990023AEB3
:1063C000970AB304470303A9070C130A3002137991
:1063D00009FFB3C4B402BD88B364990023A0970C2D
:1063E000B304370303A9070C930940021379F9F0AA
:1063F000B3C4B402BD889204B36499006D4923A06C
:10640000970CB304270303A9070C3379C901B3C45C
:10641000B402BD88A204B364990023A0970CF14490
:10642000B304970203A9070C33796900B3C4B4021B
:10643000BD88B204B364990023A0970CB304B703DA
:1064400003A9070C33791901B3C4B402BD88C2048F
:10645000B364990023A0970CB304970303A9070C16
:1064600033790901B3C4B402BD88D204B36499007E
:1064700023A0970CB304770303A9070C3379A90071
:10648000B3C4B402BD88E204B364990023A0970C9E
:1064900093145700B3C4B4021399C40183A4070C26
:1064A0003306C702B3F4D401B3E4240123A0970C4C
:1064B00003A9470C137909FFB3046703B3C4B402FB
:1064C000BD88B364990023A2970CB304570303A9B2
:1064D000470C1379F9F0B3C4B402BD889204B364D5
:1064E000990023A2970CB304470303A9470C3379FF
:1064F000C901B3C4B402BD88A204B364990023A245
:10650000970CB304370303A9470C33796900B3C46C
:10651000B402BD88B204B36499001309500223A2E7
:10652000970CB304270303A9470C33791901B3C4AB
:10653000B402BD88C204B364990023A2970C9304EB
:106540006002B304970203A9470C33790901B3C46D
:10655000B4023346B602BD88D204B364990023A2C4
:10656000970C83A4470CE98C3D8A6206458E23A2D2
:10657000C70C03A6470C9314C7013376D601458E8A
:1065800023A2C70C130690023306C70283A4870C0C
:10659000C1983346B6023D8A458E23A4C70C130624
:1065A000A0023306C702B345B60203A6870C1376D2
:1065B000F6F0BD899205D18D23A4B70C97E5FE1F97
:1065C00083C585AA17E6FE1F034686AA3386C54003
:1065D000B304A60303A9870C3379C901B3C4E40249
:1065E00093E48400BD88A204B364990023A4970CAB
:1065F000B304E60303A9870C33796900B3C4E4024A
:1066000093E48400BD88B204B364990023A4970C7A
:1066100093143600B3C4E40203A9870C337919013B
:1066200093E48400BD88C204B364990023A4970C4A
:10663000B304F60303A9870C33790901B3C4E40258
:1066400093E48400BD88D204B364990023A4970C1A
:10665000B304560203A9870C3379A900B3C4E4023A
:1066600093E48400BD88E204B364990023A4970CEA
:10667000B304760203A9870C3379D901B3C4E402C9
:1066800093E48400F204B364990023A4970C931458
:106690002600B3C4E40203A9C70C137909FF93E4ED
:1066A0008400BD88B364990023A6970CB3048602C6
:1066B00003A9C70C1379F9F0B3C4E40293E484008E
:1066C000BD889204B364990023A6970C9314160016
:1066D000B3C4E40203A9C70C3379C9013347E60206
:1066E00093E48400BD88A204B364990023A6970CA8
:1066F00003A6C70C33766600136787003D8B32070D
:10670000518F23A6E70C03A7C70C3377170123A6E5
:10671000E70C03C7D1930D8F3346D70293F5F507E6
:10672000E2053D8A9314460103A6C70C3304870291
:1067300033760601458E23A6C70C1316170083A4D3
:10674000C70CE98C3346D6023D8A6206458E23A6E5
:10675000C70C03A6C70C3344D402B37ED60113166C
:106760002700B3037702720433E48E0023A6870C5C
:106770003346D602B3025702937EF60003A6070DF6
:10678000419A3366D60123A8C70C03A6070DB3C3ED
:10679000D3021376F6F0B3C2D20293F3F30092035E
:1067A000B363760023A8770C03A6070D337EC601DA
:1067B000B30FF70393F2F200A202B3625E0023A8C4
:1067C000570C03A6070D3373660013163700B3CFBB
:1067D000DF02330FE70393FFFF00B20FB36FF30144
:1067E00023A8F70D03A3070DB37813013346D60290
:1067F000330DA7033D8A420633E6C80023A8C70C21
:1068000003A6070D33780601334FDF02B346DD02DE
:10681000137FFF00520F336FE80123A8E70D03A792
:10682000070D798DBD8AE206C98E23A8D70CD843FF
:1068300085663D9BD8C3D843799BD8C39857558F5D
:1068400098D7D857B7060081FD1613670701D8D728
:106850001377FC0303AC8703137C0CFC336CEC0054
:1068600023AC8703985F758FD98D8CDF6254F2500B
:10687000D2544259B259225A925A025BF24B624C9C
:10688000D24C424DB24D2161828097D7FE1F23AF7B
:10689000077C6FF04FC197D7FE1F9387A77D984362
:1068A0005C4393E707105CC38280411106C6EF008A
:1068B000207393056040EF206008B240014541011C
:1068C00082806F00A07719C591C509C6835706005D
:1068D00001459DE301110565C9471306F100130544
:1068E00055C3854506CEA307F100EF20E004F24032
:1068F0000345F100056182808280011197E7FE1F48
:10690000238CA78405651306F100130595C48545FE
:1069100006CEA3070100EF202002F2400345F1005C
:106920000561828001111305910006CEEF0080738E
:106930002304A1000565300025059D45EF10D07F9B
:10694000F240034581000561828001119305F10049
:1069500006CE22CC2A84EF0020732306A100056511
:10696000A30681007000218013055540914523073F
:106970008100EF10707CF24062440345C100056164
:10698000828001111305D10006CEEF0000722306AC
:10699000A1000965700009059145EF10F079F240FA
:1069A0000345C10005618280011106CEEF004072EF
:1069B000A307A10009651306F10015058545EF1031
:1069C000B077F2400345F10005618280011106CEE7
:1069D000EF00007BA307A10009651306F10029055C
:1069E0008545EF107075F2400345F1000561828026
:1069F000011106CEEF005008A307A1000965130698
:106A0000F10039058545EF103073F240014505610D
:106A10008280011106CEEF007041A307A100096535
:106A20001306F10041058545EF101071F240034552
:106A3000F10005618280011106CEEF00501FA3070F
:106A4000A10009651306F10045058545EF10D06EDC
:106A5000F2400345F10005618280411106C622C45F
:106A6000EF00B0258965CD052A84EF10306D2285B1
:106A7000B24022444101828001111305510006CE2B
:106A8000EF0010402302A100096550006105A545F3
:106A9000EF10906AF240014505618280411106C6FF
:106AA000EF0070418965E505EF105069B24001457E
:106AB00041018280011106CE22CC2A84EF00D054FD
:106AC0002306A1000965A3068100700021806905E5
:106AD0008D4523078100EF103066F2406244014586
:106AE00005618280011106CE22CC2A84EF009064D9
:106AF0002306A1000965A3068100700021806D05B1
:106B00008D4523078100EF103063F2406244014558
:106B100005618280011106CE22CC2A84EF004078E4
:106B20002306A1000965A3068100700021801305DA
:106B300005028D4523078100EF101060F24062448A
:106B4000014505618280011106CE22CC2A84EF0026
:106B5000100A2306A1000965A306810070002180A8
:106B6000130515028D4523078100EF10F05CF240FC
:106B70006244014505618280011106CEEF009060FC
:106B8000A307A10009651306F100130575028545E9
:106B9000EF10905AF2400345F10005618280011127
:106BA00006CEEF007069A307A10009651306F10086
:106BB000130595028545EF103058F2400345F1006A
:106BC00005618280011106CEEF00D06BA307A10002
:106BD00009651306F1001305D5028545EF10D05560
:106BE000F2400345F10005618280011106CEEF00FD
:106BF000706FA307A10009651306F1001305E502F4
:106C00008545EF107053F2400345F1000561828025
:106C1000011106CEEF00F071A307A100096513066C
:106C2000F100130515038545EF101051F24003459F
:106C3000F10005618280411106C622C4EF00F073A5
:106C40008965938525032A84EF10504F2285B24031
:106C500022444101828039711303D1021ACE0343C9
:106C6000810506DE1ACC034341051ACA0343010518
:106C70001AC80343C1041AC6034381041AC4030398
:106C800041041AC2034301041AC0EF0090762306A0
:106C9000A10209657010130565038945EF10D049FD
:106CA000F2500345C10221618280011106CEEF102E
:106CB0002021A307A10009651306F1001305750340
:106CC0008545EF107047F2400345F1000561828071
:106CD000011106CEEF108037A307A1000965130646
:106CE000F100130585038545EF101045F24003457B
:106CF000F10005618280011106CEEF100051A3075B
:106D0000A10009651306F100130595038545EF10F1
:106D1000B042F2400345F10005618280011106CEC8
:106D2000EF102069A307A10009651306F100130500
:106D3000E5038545EF105040F2400345F100056141
:106D40008280011106CEEF102072A307A100096511
:106D50001306F1001305F5038545EF10F03DF240F1
:106D60000345F10005618280011106CEEF10B005E8
:106D7000A307A10009651306F10013050504854565
:106D8000EF10903BF2400345F10005618280011154
:106D900006CEEF103014A307A10009651306F10019
:106DA000130525048545EF103039F2400345F10005
:106DB0000561828097D7FE1F239AA73801458280FC
:106DC000011106CEEF10D01BA307A1000965130621
:106DD000F100130515058545EF101036F240034507
:106DE000F10005618280011106CEEF10B022A307E9
:106DF000A10009651306F100130525058545EF106F
:106E0000B033F2400345F1000561828097D7FE1F41
:106E100083D7673099E79307F01F17D7FE1F231C0E
:106E2000F72E97D7FE1F83D7072FA146014513F7EB
:106E300007108607C2073357D740C183598D13D631
:106E4000574013D79740318F058BFD161375F50FFB
:106E5000D98FF1FE17D7FE1F231FF72A828097D7FD
:106E6000FE1F83D7672B81EBE17793C7F7FF17D717
:106E7000FE1F2313F72A97D7FE1F83D7E729B946AA
:106E800001451168194633F707018607C2073357D2
:106E9000D740C183598D13D7E74093D5F700058BB1
:106EA0002D8FFD161375F50FD98FE39EC6FC17D7EE
:106EB000FE1F2313F7268280011126CA4AC84EC638
:106EC00056C297D7FE1F9387271306CE22CC52C4F3
:106ED0005AC0AE893289B68A845335C9AD472A84EF
:106EE00063EEA7021304F5FF1374F40F631D090684
:106EF000268A338B990063124B071379F900938626
:106F0000FAFF228523802401A380340193F6F60F33
:106F10004E868545EFD0FFCE014505A0B147630BF6
:106F2000F5029307600263E5A7001304E5FF6DBF58
:106F3000930770024945E30BF4FAF2406244D244ED
:106F40004249B249224A924A024B056182801304A7
:106F5000500269BF1304600251BFEFF03FEB230101
:106F6000AA00050A49BF8547631CF9004E869305B0
:106F7000000F1385240097A0FE1FE780609AB5BF1D
:106F800089476316F9004E869305A00ADDB78D4741
:106F9000631DF900268A338B9900E3004BF7EFF06D
:106FA0001FEC2301AA00050ACDBF91476316F90023
:106FB0004E869305F00F75BF95476315F9004E8611
:106FC000814545BF99476315F9004E86BD4555B7C4
:106FD0009D474945E313F9F64E869305500551BF89
:106FE000011106CE9317450163D40702EF80201DDF
:106FF000894719C9834605001147B1476396E600E2
:1070000095472300F500C947F2403E85056182801F
:107010002EC6EF90905CC94765D90347A500418B08
:1070200065D7B2458347B500230AB50491E7E94720
:107030002308F5008147C9BFED47DDBF011106CE2A
:1070400022CC2EC6EF90705901CDB2452A84EF8034
:107050001047A305A4020145F24062440561828005
:107060004945DDBF17D7FE1F1307470A81479946D9
:107070008345870E3306F50085072300B600050714
:10708000E398D7FE01458280011106CE2EC6EF900F
:10709000D05411C983074503B24501452380F5004B
:1070A000F240056182800945E5BF97D7FE1F9387AF
:1070B000E7D603D707012300E50003D707012183A3
:1070C000A300E50083C7F7002301F5000145828096
:1070D00019E14945828097D7FE1F93872703F84B14
:1070E000411122C406C62A8409C70347C700314597
:1070F00025E3F85F09C70347B700314531EB83A7A4
:10710000070989C783C777003145B9E38547194621
:10711000A28517D5FE1F1305450E17D7FE1F23089E
:10712000F7FE9790FE1FE78080788347540013078F
:10713000000C93F7070C6391E7021946A28517D557
:10714000FE1F1305E50B9790FE1FE7804076014573
:10715000B24022444101828081EB1946A28517D5B5
:10716000FE1F1305450AC5B7130700044945E391FF
:10717000E7FE1946A28517D5FE1F13052509E1B7BD
:10718000411126C297D4FE1F938444F822C4E048DC
:1071900006C611C47C4813974700634B070CFC508C
:1071A00099E74945B240224492444101828009ED69
:1071B0001305000FEF70C03A6DD58347C500F5D3B6
:1071C000EF70405B0145F9BF0547E31CE5FC15EC9A
:1071D000014582972A8459CD8567938707802310BC
:1071E000F502930700702317F5008D47230CF50077
:1071F000A30A0502194697D5FE1F9385A5FF13051F
:1072000065039790FE1FE780806A0347C4008547A7
:10721000E309F7F88347E400B98B95C30347E4001B
:1072200085476317F70289472310F402224403A31A
:107230008406B24092441305000F41010283EF809F
:10724000804B97D7FE1F83C727C1E319F5FC91BF79
:107250008357040211676375F7002310E402F9B73E
:10726000930600023E87E3FAD7FE13070002F5B744
:1072700031450DBF1D453DB797D7FE1F938707E9E1
:1072800083A70709314581CF83C7770089CB411197
:1072900006C6EFA0E029B24001454101828082800C
:1072A000011126CA4AC84EC652C456C25AC02E89B7
:1072B000368BBA89BE8A06CE22CCB284428AEF903F
:1072C000D0311307A9FF4207856741839386A7C77B
:1072D00063EDE610938707C82A84494563E7970A58
:1072E00063E5240B1307301F6361670B63EF3709F6
:1072F00093071B00B38797021397390063D7E708FA
:1073000049C48347140113F747003DC7ED9BA30809
:10731000F4008347B400231A2407231B9406D5EFF7
:1073200003578406C167FD17630BF70663199906B7
:107330008357A403231BE404231CF40497D7FE1FE4
:1073400083D7C7E78D46114763E5F600850713F736
:10735000F70FA30AE4042285EF80003C835704045E
:10736000A907231FF4048327440A93E71700232265
:10737000F40AC547A30EF400231C5407231D440739
:10738000231D6405231E34050145F2406244D244A6
:107390004249B249224A924A024B05618280835790
:1073A000440691CFB3D4F4024A87B3879702C20749
:1073B000C1836373F9003E87231CE40441B7B3051E
:1073C000990085814A85EFD05E8E231CA404930525
:1073D00084052685EF40102895B78327840A93E714
:1073E00007022324F40AC14771B7494579BF011147
:1073F0002EC606CEEF90701EB24509E54945F24013
:107400000561828083471501A305B50213F7470084
:1074100075D7ED9BA308F500BD472306F50283272A
:10742000850A93E727002324F50A0145C9BF17D72A
:10743000FE1F1307A7CD7C4B81CB83C6C70089C62F
:1074400083C6D700C947A1E27C5F89CB83C6B7005A
:1074500091C683C60701C947858A95E68327070930
:1074600081CB03C7770009C703C7D700C94701EF1E
:1074700017D7FE1F034747D597D7FE1F83C7D7D41B
:10748000636AF7009D473E8582809D47F2403E85B6
:10749000056182800111A304A10019461305A10012
:1074A00006CE9790FE1FE78080402800EFC0DFBC2B
:1074B0008547E31CF5FC8147D1BF797126D24AD0BC
:1074C0004ECE06D622D42E89B28936C63AC43EC2E2
:1074D00042C0EF909010C94455C99305A9FFC20559
:1074E00005662A84C1811305A6C7C9446360B50A2D
:1074F000130606C8636C360963EA2909B246930588
:10750000301F63E5D50822476362E608138616003C
:107510003306260393153700635AB6060346140153
:10752000B144058A25E60326440A1376162039EE6F
:1075300092470248231EE4040347B400231CF406C8
:10754000231A2407231B3407231D0407231DD404F7
:107550008347D401814459EF95EB83270410898B2D
:1075600095CF31469305F00F130584069790FE1FC3
:10757000E780003B8327440A2314040693E707208F
:107580002322F40AC947A30EF4008144B2502254C6
:10759000268502599254F249456182806309390572
:1075A000B385290185814A85EFD02EF0231CA404E0
:1075B000930584054E85EF40F00997D7FE1F83D7CA
:1075C000E7BF8D46114763E5F600850713F7F70F10
:1075D000A30AE4042285EF80201483570404A9073A
:1075E000231FF4048327440A93E7170051BF231C89
:1075F0002405E1B7C1FF83278410898B95C73146E5
:107600009305F00F130584069790FE1FE780403125
:107610008327440A2314040693E707202322F40A4D
:10762000CD47A30EF4009DB7E9448DB797D7FE1F51
:107630009387C7ADF84B01CB8346C70089C6034784
:10764000D70049450DEFF85F09CB8346B70091C6D7
:10765000034707014945058B1DE383A7070981CB34
:1076600003C7770009C783C7D700494589EB411194
:1076700006C6EFC03FACB240014541018280828026
:10768000411122C426C24AC006C62A890144A14427
:107690009305F00F0545EFD00EDFB3078900238077
:1076A000A7000504E31694FEB24022449244024926
:1076B000014541018280011122CC4AC806CE26CA6A
:1076C0002EC632893684EF904071630D05128347D0
:1076D000B500AA84B2450945DDEB21461385F418AF
:1076E0009790FE1FE780A01CA38B241913598900D3
:1076F000238C24198347E4000346D4008345F40017
:107700008346C400A207420603C5C404B297AE97DD
:10771000E20603A7440AB69749C123A6F40A8347A1
:10772000A4008346940013670702A207C206B69717
:107730008346B400B69783468400E206B69723A832
:10774000F40A8347640083465400A207C206B69732
:1077500083467400B69783464400E206B69723AA90
:10776000F40A8347240083461400A207C206B69792
:1077700083463400B69783460400E206B69723ACEE
:10778000F40A8547A386F40423A2E40A0145F240E3
:107790006244D24442490561828023A6F40C8347A7
:1077A000A4008346940013678700A207C206B69719
:1077B0008346B400B69783468400E206B69723A8B2
:1077C000F40C8347640083465400A207C206B697B0
:1077D00083467400B69783464400E206B69723AA10
:1077E000F40C8347240083461400A207C206B69710
:1077F00083463400B69783460400E206B69723AC6E
:10780000F40C59B7094561B7011106CE2EC6EF90A9
:10781000C05C630F05108346B5000547AA87B245D3
:1078200005456391E60A83C6070113074002014537
:10783000639AE60803C7E50083C6D5002207C2069F
:10784000369783C6F500369783C6C500E20636979D
:1078500083C6D704BDCA23A6E70A03C7A50083C60B
:1078600095002207C206369783C6B500369783C6B1
:107870008500E206369723A8E70A03C7650083C69A
:1078800055002207C206369783C67500369783C611
:107890004500E206369723AAE70A03C7250083C6F8
:1078A00015002207C206369783C63500369783C671
:1078B0000500E206369723ACE70A1307A0022388E7
:1078C000E7000145F2400561828023A6E70C03C76B
:1078D000A50083C695002207C206369783C6B50069
:1078E000369783C68500E206369723A8E70C03C7C0
:1078F000650083C655002207C206369783C6750009
:10790000369783C64500E206369723AAE70C03C7DD
:10791000250083C615002207C206369783C63500A8
:10792000369783C60500E206369723ACE70C71B79D
:10793000054549BF411106C6EF90204A31C1834633
:10794000B5000547AA8709456399E60283C6070182
:10795000130740026393E6020D472386E7021947A7
:10796000A385E702130750022388E70003C7A70295
:107970000145136717002385E702B2404101828069
:107980000945E5BFAA8717C8FE1F0348387817C501
:10799000FE1F1305A5772A8763080802684911C5E9
:1079A0000348C500314563180808685F11C50348DE
:1079B000B5003145631108080325070911C50348BF
:1079C000750031456319080697D8FE1F83C84880A3
:1079D00017C8FE1F0348D87F1D4563FE080503270F
:1079E000870D49451377070439C75D71A6C2280082
:1079F000B284194686C6A2C4A303F10036849790C8
:107A0000FE1FE780C0EAA6851305E1024146979074
:107A1000FE1FE780C0E9A2851305E101414697906A
:107A2000FE1FE780C0E84800EFA0805FB640264414
:107A3000964461618280828097C6FE1F83C6166D60
:107A40008DCA17C7FE1F1307676CBA87784B09C723
:107A50000347C700494515E7F85F09C70347B70063
:107A6000494505E383A7070989C783C777004945C7
:107A700089EB411106C6EFA06070B240014541019B
:107A80008280828097C7FE1F9387476897C6FE1F34
:107A900083C6D6673E8785C6FC4B89C783C6C700A9
:107AA000C94785EE7C5F89C783C6B700C94795E69D
:107AB0008327070989C783C67700C94799EE97C707
:107AC000FE1FA385A7648327070E11C993E70760EC
:107AD00017C7FE1F232CF77081473E85828093F7DE
:107AE000F79FFDB7130700643305E502411197C7FF
:107AF000FE1F9387A76122C403A4870C26C24AC035
:107B000006C6BE841309F00F17C7FE1F232AA762FB
:107B100001E8B24022449244024901454101828079
:107B20000345040063052501CC58EFC0CEED405C51
:107B3000C5B797C7FE1FA387A7609377150017C720
:107B4000FE1F1307A75C81EF8347C703ED8F638494
:107B5000B7004945828097C6FE1F2386F65E93775D
:107B60002500014591EB8347D703F18FE393C7FECF
:107B700097C7FE1FA389C75C8280011106CE2EC65F
:107B800032C436C23AC0EF90402535C1B2450247F3
:107B9000924693F7150099EB22468D4763F6C7008E
:107BA0004545F240056182802302C514898991E52B
:107BB0008D47E3E7D7FEA302D51401CF97C7FE1F79
:107BC00083D7E7587D8F0D8B8547631FF7002314FC
:107BD000E5148547230FF5008327450A0567D98FEC
:107BE0002322F50A014575BF23140514DDB7494565
:107BF0004DBF5D714EDE97C9FE1F9389295103A3C6
:107C00004905CAC062D486C6A2C4A6C252DC56DAEE
:107C10005AD85ED666D26AD06ECE030C4105834E2A
:107C200081050349010663090300032E430531431F
:107C300013145E00634D04000D4E49436369FE005A
:107C400093FC050163850C02054E6387CE07B640A1
:107C5000264496440649F259625AD25A425BB25BB4
:107C6000225C925C025DF24D1A856161828013FF95
:107C700035004943E30DCFFD13FF8500E3190FFCE9
:107C80006393CE0303CEC9033143137E4E00E3005A
:107C90000EFC6303D90309436310690203CEC903D1
:107CA000137E2E0039A0E318C9FF03CEC903137E4B
:107CB0004E003143E30D0EF8468BC28B3EC6BA8AA6
:107CC000368DB28DAE842A8AEF6090092A8411E93C
:107CD00083A74906054582972A841D432DD923048D
:107CE0004501930700026311FD028D47631CF904EF
:107CF0000356C4019307900F13035004E3E9C7F43C
:107D00000356E401E3E5C7F493F5F40F2300B4064A
:107D100063880C12BD889547639EF402930710F8A0
:107D20002307F4004543E364BDF3FD474543E3F017
:107D3000B7F39167E3EDA7F1EA9D93DD1D002310F2
:107D4000B40315A08547E311F9FC0356C40193075A
:107D5000D02E5DB7B547639BF40C85472307F4002D
:107D600089472310F402A3075401639E0A10854734
:107D7000230CF40093F5050281E5B247A30AF4024F
:107D8000194681455A859790FE1FE78060C4631DA0
:107D900005108547230EF402A30E74031946DA85F5
:107DA0001305E4039790FE1FE78060B08347010549
:107DB000A306F4009307F007631BFC0E97C7FE1F92
:107DC0009387C70583C7470136572300F70003058C
:107DD0005401EFC01F812304A406EFC0EFF8B6578B
:107DE000A30AA4002380A7008347C1052302040639
:107DF000A302F40683470406C18B91EB7D19137926
:107E0000F90F89474943E3E427E5A30124078347A2
:107E10004106370700080143A300F40683478106A3
:107E2000A303F4067C48D98F7CC815B589476394B1
:107E3000F4009947F5B5E38504EE23070400DDB5AA
:107E40009D472307F40013F6150093F7450011CA68
:107E5000114691C30546A30FC4048547230FF404BC
:107E6000D1B513F6250001CA094691C31546A30FE3
:107E7000C4048947E5B70D4691C31946A30FC4044E
:107E8000230F040445B5230C040081470D46B3D6E7
:107E9000FA40858A91C6834684018506230CD40066
:107EA0008507E396C7FEF9B5230E040201B799478B
:107EB00063C58701A30A840119BFA30AF40001BFA7
:107EC00097C7FE1F93878724F04B01114EC606CE3D
:107ED00022CC26CA4AC852C4BE8911C67C4A13960F
:107EE0005700634E06003A8AB6842E89EF604067D9
:107EF0002A8419ED83A749051305200491C3314550
:107F0000F2406244D2444249B249224A0561828029
:107F10000347E500854701453D8BE303F7FE034733
:107F20000406418B55C78D476304F9004945C9BF15
:107F3000FD47E3ED97FE231E04008D476314F90E01
:107F4000F1C88357C40117C7FE1F0357C7231D4538
:107F5000B3869700E346D7FA0347C40015C7835694
:107F60000402130700026391E602034734068D46BC
:107F70006318D70C1307900F13055004E362F7F84A
:107F80008357E401E36EF7F68D471D45E31AF9F6D2
:107F900037E900E083290900B70720002320F918FA
:107FA000B3F9F9000F1000009305800C0545EFC0F0
:107FB0009ECD8357C4061205232444038507BD8B39
:107FC000C98F2316F406231E94002320391189A893
:107FD0001377D90FE301F7F611476315E9047848E1
:107FE00093167700E3C406F40347C400E310F7F4E4
:107FF0008357C40185DF9DF89305800C0545EFC0CC
:108000009EC88357C40612058507BD8BC98F2316EA
:10801000F40639A07C48370700FF7D17F98F7CC82C
:108020000145F9BD9307D9FF93F7F70F0547E37AA9
:10803000F7F0E38D04EE8347C400E394E7F0C1B5A5
:108040008546E313D7F41307D02E3DB797C7FE1F1D
:108050009387C70BF04B01114EC606CE22CC26CA21
:108060004AC852C4BE8911C67C4A13965700634E53
:1080700006003A8AB6842E89EF60804E2A8419ED74
:1080800083A749051305200491C33145F24062449A
:10809000D2444249B249224A056182800347E50041
:1080A000854701453D8BE303F7FE03470406418BFB
:1080B00069CF8D476304F9004945C9BFFD47E3ED2A
:1080C00097FE231F04008D47631BF9106381041082
:1080D0008357E40117C7FE1F0357E70A1D45B38600
:1080E0009700E345D7FA0347C40015C78356040237
:1080F000130700026391E602034734068D46631EB0
:10810000D70E8356C4011307900F13055004E36F75
:10811000D7F6E36DF7F68D471D45E319F9F65C5484
:108120008DC783476406898B8DC3085819CD834753
:10813000A50081CFEF90F0680C5819461305640331
:10814000B1059780FE1FE780807637E900E083293C
:108150000900B70720002320F918B3F9F9000F1020
:1081600000009305800C0545EFC0FEB18357C4069F
:108170001205232644038507BD8BC98F2316F406F9
:10818000231F94002320391189A81377D90FE30AFC
:10819000F7F211476315E904784893166700E3CDB9
:1081A00006F00347C400E319F7F08357E40189D7C9
:1081B00081F49305800C0545EFC0FEAC8357C406DF
:1081C00012058507BD8BC98F2316F40639A07C489C
:1081D000370700FE7D17F98F7CC8014545BD930721
:1081E000D9FF93F7F70F0547E374F7EEE38604EC46
:1081F0008347C400E39EE7EC49BD8546E31DD7F005
:108200008356C4011307D02E09B75D71A6C297C467
:10821000FE1F9384A4EF03A8440586C6A2C4CAC067
:108220004EDE52DC56DA5AD85ED662D466D26AD0B6
:108230006ECE6308080283274805139457006352E3
:1082400004023145B640264496440649F259625A22
:10825000D25A425BB25B225C925C025DF24D61617C
:1082600082803AC632C493771500B68989C7639174
:1082700005104945C1BF91E9A04C19E00145D9B7A6
:108280002285EF60204F0040CDBFE30908FE428504
:10829000EF60404EE5B77849B70700037D8F55F38F
:1082A0000347F505630487016315970103D7EA01C6
:1082B00049DB03C75A036301270903C7EA006319AF
:1082C0002701131714004E9703570700E3E3EDFA55
:1082D000B8547D141374F40F45CB93161A00B69955
:1082E00003D70900B2479305800C2397EA063E9A0C
:1082F00003470A00054523980A06A384EA06EFC04F
:108300009E9803D7CA061205264405073D8B498F60
:108310002396EA0603A3840603C50B00B6409644E1
:108320000649F259625AD25A425BB25B225C925CB5
:10833000025DF24D61610283138B8A051946814506
:108340005A859780FE1FE780A068631925011946AA
:10835000EA855A859780FE1FE7806055194681455A
:108360005A859780FE1FE780A066E31825F511B7B0
:10837000FD1513F4F50F094C954C054917CDFE1F5B
:10838000130DADE7930D00089307F00FE303F4EE30
:10839000A247228AB38B870003C50B00EF60401C05
:1083A000AA8AE31A05EEFC4813052004E39B07E8BC
:1083B00051BD97C7FE1F938767D5FC4B95C3FC4BF8
:1083C00013975700635E0700B1473E858280B1472F
:1083D000F2406244D2444249B2493E8505618280FE
:1083E000011122CC26CA4AC84EC606CE3689B289A9
:1083F000AE84EF60E0162A849307200471D9C94740
:10840000E3E899FC1547E37597FC034705061377E6
:1084100037035DFF8347E505DDFB7C49918BC5FB99
:10842000EF30A01779479D47E374A7FA83473406D6
:1084300081EF035744089307D02E63F7E7001947ED
:1084400093075004E37637F97C4883460406CE94BC
:1084500093E7270085843369D9007CC823139408E7
:10846000230024078147ADB797C7FE1F938707CA2C
:10847000FC4B81CBFC4B13975700635407003145ED
:108480008280011122CC26CA4AC84EC606CE52C4EA
:10849000B6893289AE84EF60A00C2A8413052004CB
:1084A000630404107C48898B8DC38347340691EFA5
:1084B000035744089307D02E63F9E7000357640875
:1084C00099471305500463F1E70E93F7D40F05475E
:1084D0006394E70EB7E700E003AA07003707200020
:1084E00023A0E718337AEA000F1000000325840A5E
:1084F00019C59790FE1FE780A0FB2324040A2312CE
:108500000408B7E700E023A04711630C09067C4884
:10851000918BD9E38D476398F408930550104A85F1
:108520009790FE1FE780A0E92324A40A2DCDB7E78A
:1085300000E084433707200023A0E718F98C0F10D0
:1085400000007C4893F7074091CF9305800C0545C8
:10855000EFC06EF38357A40812058507BD8BC98F42
:108560002315F4080325840A4A86CE859780FE1FCA
:10857000E780E033B7E700E02312240923A0971037
:1085800011A88D4749456391F4027C4823120408E1
:10859000F99B7CC8014509A89387D4FF93F7F70F8F
:1085A0000547E379F7F63145F2406244D244424947
:1085B000B249224A05618280E31B09F4914749458B
:1085C000E387F4F4D5B797C7FE1F938727B4F84B1A
:1085D000411126C24AC006C622C4AA843E8909CFD8
:1085E0007C4B13975700635907003145B240224432
:1085F00092440249410182802E85EF5070762A8490
:108600001305200465D413F714007C484DCB13F7F1
:10861000170061FF034704061377370379F789884A
:10862000B5CC0327C90D454593E70740418B5DDF76
:10863000C1657CC8FD150145EFC02EE72314A408D1
:10864000EFC0AFEFB70500012326A408FD150145D3
:10865000EFC0EEE79304040A15462328A40897C543
:10866000FE1F938505BB26859780FE1FE78020248B
:10867000A685130500FBEFC06FB92685EF80D044B7
:108680007C480347C400A300A408DD9B93E7470090
:108690007CC885476307F700014589BF93F7F7BF9B
:1086A00041BF9305800C0545EFC0EEDD8357C4063E
:1086B00012058507BD8BC98F2316F406F1BF03454C
:1086C000D407CD9B7CC89307F00FE307F5FCEFB010
:1086D0005EFBD9B717C7FE1F130747A37C5F411185
:1086E00006C622C426C24AC099C703A8C7011314EC
:1086F0001801634004080327070825CF3684B28495
:108700002E8909ED81EB4945B24022449244024949
:1087100041018280EFB01F870145FDB78546E31414
:10872000D5FEB9E30297AA8731C91147A30605040C
:10873000231BE500231CE50083C6B7000547E3843F
:10874000E6FC95C8239C9702239D870201C41E0462
:10875000E3DB84FA238927012244B2409244024990
:1087600003A3870641010283D84F93161701E3D56F
:1087700006FC314551BF23AC0702E9BF0D4569B77F
:10878000011106CE2EC632C436C23AC0EF50505D3B
:108790003DCD83284505AA87314513F80820631588
:1087A0000806B24517C8FE1F0348D89A4545636DB1
:1087B000B80403C8C70A22463358C84013781800C3
:1087C0006304080417C5FE1F130545940328850D8F
:1087D00045451317C80063590702024717C8FE1F13
:1087E000034848976362E80292462387C70AA38634
:1087F000B70AA387D70A11E2014793E80810238834
:10880000E70A23AA17050145F24005618280130596
:108810002004DDBF011106CE2EC6EF5070541307A1
:10882000200401CD7C49314793F6270099C6B24513
:1088300089C993E707207CC90147F2403A85056161
:10884000828093F7F7DFC5BF01114AC84EC652C4F4
:1088500006CE22CC26CAAE89328A3689EF80E0570E
:1088600061C5631E0A008547238FF1920145F240DE
:108870006244D2444249B249224A0561828003C718
:10888000E19385472A846315F700238F0192894974
:10889000B7E700E084433707200023A0E718F98CEE
:1088A0000F1000004165130545F5EF80E05421CD20
:1088B0008347A5002315F50083278411A9E3232C02
:1088C000A410232EA410930710F879192320050073
:1088D00023164501A304F5002304350123222501B5
:1088E0008347940285450145B395F500C205C181D2
:1088F000EFB0FE87B7E700E023A0971085BF83277E
:10890000C41188C37DBF97B7FE1F938727519C5B17
:1089100091C795659385555505458297B7E700E062
:1089200023A097101D45A1B7094591B76F801FE996
:108930006F805FED6F801FF26F807FF76F805FFD4C
:108940006F900F8A6F904F816F90EF8482806F904D
:108950006F8D034301001AC06F80CFFC6F803F8989
:108960006F80FF8E6F801F956F801F9B6F80DFA0D1
:108970006F80BFA403530100035E4100834E81005A
:108980001AC072C276C46F805FA96F809FBB6F8070
:10899000DFC06F805FCA6F801FCE6F807FD16F8016
:1089A000BFD66F803FDD8280828023A0A194828029
:1089B0001307050383570500110593C7F7FF231E0F
:1089C000F5FE8347E5FF93C7F7FF230FF5FEE3139B
:1089D000E5FE8280411119469305F00F06C622C4B8
:1089E0002A849780FE1FE780A0F3130564001946D0
:1089F0009305F00F9780FE1FE78080F2B2402316A8
:108A0000040023280400230704002244410182803B
:108A100099473305F50279717000D14506D61305E3
:108A20000520EFC04ECF11E503458101B2504561ED
:108A300082800145E5BF011122CC26CA4AC84EC634
:108A400006CE8144014417B9FE1F13092964D14998
:108A500083C78194636AF400F240624426854249E8
:108A6000D244B2490561828033053403832709006B
:108A700019469305F00F3E959780FE1FE78040F55D
:108A800001E5850493F4F40F05041374F40FC9B7DA
:108A9000411122C426C24AC006C6014497B4FE1F33
:108AA0009384C45E514983C78194636AF4003E8411
:108AB0002285B2402244924402494101828033051A
:108AC00024039C4019469305F00F3E959780FE1FA6
:108AD000E78000F071FD05041374F40FE9B7938784
:108AE0004196884305C1411106C6EFB04E9C23A2B2
:108AF00001969387819483C70700B2402383F19442
:108B0000410182809387819483C707002383F19476
:108B100082801971A2DC86DEA6DACAD8CED6D2D47B
:108B200083C761942A84639EA700854503C59194F9
:108B3000EFB08EE8894503C59194EFB0EEE7EFF012
:108B40001FFA93140401C1801949338924030A864A
:108B5000D145930909204E85EFC0EEBB19C90144E8
:108B60002285F6506654D6544659B659265A09619C
:108B7000828019469305F00F0A859780FE1FE780D3
:108B800020E571FDD1473304F40217BAFE1F130A22
:108B9000EA4F03250A002295EFF0DFE3480871460B
:108BA0009305F00F9780FE1FE78080D70818130603
:108BB00000039305F00F9780FE1FE78060D6032621
:108BC0000A00D1454E852296EFC0CEE350082A8494
:108BD000F14513051920EFC0EEE25008498CF1452C
:108BE00013052920EFC00EE21374F40F5008498CCE
:108BF000C14513053920EFC0EEE01374F40F50089F
:108C0000498CC14513054920EFC0CEDF1374F40F22
:108C10005008498C914513055920EFC0AEDE1374FE
:108C2000F40F498C1D651018930500032695EFC0BD
:108C30006EDD1374F40F498C03C541851374F40F72
:108C4000EFC0AED631BF411122C406C60145014472
:108C500083C781946373F40009C5B2402244410183
:108C6000828022850504EFF0DFEA1374F40FCDB79C
:108C7000011122CC26CA4EC606CE4AC80144EF9046
:108C80004F84D14997B4FE1F9384444083C7819495
:108C90006369F400F2406244D2444249B24905613A
:108CA000828033093403884019469305F00F4A95B2
:108CB0009780FE1FE780C0D119E58C40CA9503C597
:108CC000F500EF904F8005041374F40FC1B73971AC
:108CD00022DC26DA4ED652D406DE4AD80144EF9082
:108CE0008F81D14997B4FE1F9384443A194A83C7B0
:108CF0008194636AF400F2506254D2544259B259DA
:108D0000225A216182803309340388401946930531
:108D1000F00F4A959780FE1FE78080CB15E533055D
:108D200044030A86C14513053520EFC0CE9E1008C6
:108D3000C1450945EFC02E9E8C4014080A86CA958D
:108D400003C5F500EF80FFFA05041374F40F45B76F
:108D5000011106CEEFF03FCE0547A9476373A70088
:108D600089471306F10085451545A307F100EF007B
:108D70008FCEF24005618280011122CC26CA4EC6F8
:108D800052C406CE4AC80144D14997B4FE1F938409
:108D9000E42F194A83C781946365F40283C7519411
:108DA00099C3EFF0FFEC83C7419499C3EFF03FF212
:108DB0006244F240D2444249B249224A05616FF00E
:108DC0003FF9330934039040D145330544034A96B3
:108DD00013050520EFC02E9409C588404A95EFF091
:108DE0007FBF05041374F40F75B70355250083C5C1
:108DF00091946F00BFE99947B385F502397122DC80
:108E000026DA4AD806DEA147AA84328913842520AF
:108E10006384F600138415207146814548083AC6DC
:108E20009780FE1FE780C0AF5008F1452285EFC054
:108E30008E8E0DE18347E102A5463247E51793F791
:108E4000F70F63E9F600BA86500893751900268576
:108E5000EFD02EB8F2506254D25442592161828030
:108E6000797122D426D24AD0AE842A8932848145AF
:108E7000130600020A8506D69780FE1FE78040AAE7
:108E80009387918583C7070023102101230EF100EA
:108E9000835781015DC41387519503470700F99BF0
:108EA00041462302E100138771950347070097B5F8
:108EB000FE1F9385E5EF13056100A302E10003C7E0
:108EC000619593761700D58FF59B93762700D58F04
:108ED000ED9B93764700D58F9316470093F60610C7
:108EE00093F7F7EFD58F9316470093F6062093F785
:108EF000F7DFD58F12071377074093F7F7BFD98FA6
:108F0000231CF1009780FE1FE780609A83C741957C
:108F100013F7170001CB99C403578101136727008A
:108F2000231CE10003476101A2850A85D98F230B29
:108F3000F100EFD02E9CB250225492540259456158
:108F400082801387C19403470700F99B414623029F
:108F5000E1001387E1940347070097B5FE1F93854F
:108F600025E413056100A302E10003C7D1949376C1
:108F70001700D58FF59B93762700D58FED9B9376C1
:108F80004700D58F9316470093F6061093F7F7EF37
:108F9000D58F9316470093F6062093F7F7DFD58F0A
:108FA00012071377074093F7F7BFD98F231CF100FF
:108FB0009780FE1FE780A08F83C7B19491BF0111F6
:108FC00022CC26CA4AC84EC606CEAA84014417B986
:108FD000FE1F1309A90BD14983C78194636BF40069
:108FE0003E842285F2406244D2444249B24905613E
:108FF000828033053403832709001946A6853E95F0
:109000009780FE1FE780209669FD05041374F40F16
:10901000E1B71D71A2CC138441961C40CEC6D2C4C8
:1090200086CEA6CACAC8D6C2DAC05EDEAA892E8A91
:109030008DE319E10545B9A2F5DDEFF05FF8238373
:10904000A19483C781946366F500EFF07FA4238326
:10905000A19403C5619483C78194E37DF5FC1C4012
:10906000639D071281447D590144D14B97BAFE1F7D
:10907000938ACA012DA86389E402338B740303A584
:109080000A0019469305F00F5A959780FE1FE78056
:10909000209419E983A70A00DA979C4B6373F400C4
:1090A0003E8463F327013E89850493F4F40F83C75C
:1090B000819403C76194E3E0F4FC33092441635BCA
:1090C000090481440144514B17B9FE1F130909FCDF
:1090D00025A86388E402B38A6403032509001946BE
:1090E0009305F00F56959780FE1FE780608E11E97B
:1090F00083270900D6979C4B63C507006373F40070
:109100003E84850493F4F40F83C7819403C761946C
:10911000E3E1F4FC994703C561943305F5020504C6
:109120004E86D14523A8890013050520EFC08E8DFA
:10913000130600039305F00F0A859770FE1FE78062
:10914000207E9D6703C561940A86930500033E95C2
:10915000EFC04E8B83C761945145B387A70217B701
:10916000FE1F1307A7F208435146CE853E95977020
:10917000FE1FE780C07323A2419703C54185EFC05E
:10918000CE820145F6406644D6444649B649264A51
:10919000964A064BF25B256182809047814709CE53
:1091A00099473305F502F14513051520EFC08E856B
:1091B0001C4023A4070085471840104B19CE99473F
:1091C00003C561943305F502F14513052520EFC071
:1091D0006E831C4023A8070085471840504B19CECA
:1091E000994703C561943305F502C1451305352040
:1091F000EFC04E811C4023AA070085471840504706
:109200001DCA03C56194994433059502C1451305F0
:109210004520EFB03EFF03C56194330595021C4025
:109220009145D047410613055520EFB0BEFD1C40C7
:1092300023A6070099B7B1F383C7519499C3EFF000
:109240003FA383C7419499C3EFF07FA8EFF05FB0CD
:10925000D5B3797122D406D626D283C78194094426
:109260006376F50285C599473305F502AE84700033
:10927000D14513050520EFB01ECA2A8401E919461D
:109280006C0026859770FE1FE78060622285B250D1
:109290002254925445618280011122CC06CE2A8448
:1092A0002EC632C4EF40EFEE05C90347C500A14703
:1092B0002246B245631FF700938781969C4389CF6E
:1092C00003A34700630A030022856244F24005615C
:1092D00002839387C196DDB7F240624405618280C4
:1092E000797122D419443304850226D27000AE84E9
:1092F000D14506D6130404202285EFB0DEC101C992
:109300008144B25022542685925445618280194688
:109310009305F00F68009770FE1FE780606B6DF19A
:10932000035781019377D70F89C49377F70F93E79A
:109330002700C207C1838544E305F7FC7000D145CF
:109340002285231CF100EFB0FEEB03C54185EFB091
:10935000DEE545BF1D71A2CC2A8419453305A40260
:10936000A6CACAC8B2842E897000D14586CE13051C
:109370000520EFB05EBA01C90145F6406644D64407
:1093800046492561828019469305F00F6800977061
:10939000FE1FE780E0636DF19D673E94101093051A
:1093A00000032285EFB03EB719C10545F9B7081093
:1093B000EFF00FE063140904130600038145081061
:1093C0009770FE1FE780C0606DF1130600038145B2
:1093D00008109770FE1FE780A05485470810238E61
:1093E000F194EFF0EFDC1010930500032285EFB04D
:1093F0007EE103C54185EFB05EDB45BF1C109008E0
:10940000BE8683D506003687638125039106E31A5D
:10941000D6FE0145BDD083D607003E8789C6910799
:10942000E31BF6FE91BF2390270183472700E38EBD
:1094300097F623019700D5F02310070079BFFD5759
:10944000A384F1942384019497B7FE1F23A007C43B
:10945000D14717B5FE1F0345459D3305F5020111A0
:109460009305200406CE22CC26CA4AC84EC6978051
:10947000FE1FE780C0F497B7FE1F23A9A7C015C938
:1094800097B4FE1F9384849983C7E400014417B9FD
:10949000FE1F1309A9BF2384F194D14983C7819486
:1094A0006362F40C9C44638A070C97B7FE1F238108
:1094B00007BE9387819483C70700054441468145D1
:1094C00017B5FE1F1305C58E2383F194238D818468
:1094D00023A20196A38A0194A38B01949770FE1F87
:1094E000E7800044930470074146814517B5FE1F8D
:1094F0001305058B238B9194A38B8184238A01947C
:1095000023AC0194A38501942386019423870194BD
:109510009770FE1FE780C040A386919423A8019412
:10952000238501949547A38AF184C147A38CF184D4
:10953000238E01948947238BF184F240238A81840E
:10954000A38D8184238C8184624423A6019623A465
:109550000196A3820194A3830194D2444249B24963
:1095600005618280B30734030325090005041374E1
:10957000F40F3E95EFF00FC615B7930700F817B735
:10958000FE1F2307F7B035B71971A2DCCAD8D6D2AF
:10959000DAD0DECE86DEA6DACED6D2D40144D14AE7
:1095A00017B9FE1F130989AE194B9D6B83C78194B0
:1095B000636FF400F65066542383F194D6544659F1
:1095C000B659265A965A065BF64B09618280330AD1
:1095D0005403032509009319040193D909010504D3
:1095E0001374F40FB38469035295EFF0AFBE714664
:1095F0009305F00F48009770FE1FE7806032130656
:1096000000039305F00F08109770FE1FE7804031AC
:1096100003260900D145138504205296EFB09EBE63
:109620005000F14513851420EFB0DEBD5000F14528
:1096300013852420EFB01EBD5000C1451385342092
:10964000EFB05EBC5000C14513854420EFB09EBB17
:109650005000914513855420EFB0DEBA10109305E9
:10966000000333857901EFB0FEB903C54185EFB042
:10967000DEB32DBF930705C04111C20722C406C641
:10968000C183130720022E846361F70E17C7000001
:10969000130707138A07BA979C43BA978287938761
:1096A000A18583C707002300F4002DA083C741953F
:1096B00089870DA893875195EDB793877195D5B795
:1096C000414697A5FE1F9385A56E22859770FE1FC4
:1096D000E780E01D8147B24022443E8541018280FF
:1096E00083C74195858BC1B7938761955DBF93878C
:1096F00081959C431CC0F9BF938771855DB783C773
:10970000B1947DB79387C19469BF9387E19451BFAA
:10971000414697A5FE1F9385A56845BF83C7B194B1
:10972000D1B79387D194B5BF93870195D9B7938764
:10973000A19485BF93875185ADB79387918595B7E0
:1097400093875194B9BF93874194A1BFEFF0AFAE17
:109750002300A40041B783C78185B1B783C7419572
:109760008D8749B783C7B194E5BF130700048947C4
:10977000E363A7F6EFC05EB02310A400A1BF011100
:1097800006CE22CC26CA4AC84EC652C4EFC03EFA04
:109790003DE103C7719485470144630FF702D14946
:1097A00097B4FE1F9384848E054A83C7819463799E
:1097B000F4023309340398404A978347E7006399DA
:1097C00047012285EFF0EFB49C40CA97238707003A
:1097D00005041374F40FD1BFEFF0EFC6A383019417
:1097E000EFB07ECF6244F240D2444249B249224AAD
:1097F00005616FF06FD8F2406244D2444249B249E9
:10980000224A05618280797126D24AD006D622D4B6
:109810004ECE52CC89472E89B2846309F506636027
:10982000F5028D476305F50C03C481942285B2507F
:10983000225492540259F249624A456182802E852F
:10984000EFF0EFF783C781942A84E371F5FEF9DC2A
:109850001946CA8526859770FE1FE7804005F9B72F
:109860003305440383A709001946CA853E951905A7
:109870009770FE1FE780200F2DE105041374F40F8D
:1098800083C78194E36EF4FC3E844DB7014497A9ED
:10989000FE1F9389A97F514AE5B705041374F40F9D
:1098A00083C78194E372F4FE330534030A86C1450D
:1098B0001305352042054181EFB0EEE579FD4146C3
:1098C0009305F00F0A859770FE1FE780601071F511
:1098D000CA850A85EFC03EA269F183C78194E37708
:1098E000F4F4A9D4A6852285EFF0BF9681B7014490
:1098F00099497DB7797126D206D622D4AA8402CCA2
:10990000231E0100EF40EF8805CD03C7718589470D
:109910006308F702930565002A8403455500300863
:10992000EFF07FEE83C781946371F5022AC6EFF0F2
:109930002F8EB2452A860547A1462685EFF0AFCB8C
:10994000B250225492544561828083C7718591E759
:1099500095452685EFC01EDBE5B70547E392E7FE98
:109960008345540001462685EFF08FCFD1BF4111CA
:10997000C1674AC006C622C426C2FD172E896309E4
:10998000F506EF400F812A84D14421CD930565006F
:10999000034555000146D544EFF0FFE683C78194A7
:1099A0006376F500CA85EFF0BF938144630B09022B
:1099B0002285EFF08FC335A0CA852285EFF05F9234
:1099C00011C1814405041374F40F83C78194E365C6
:1099D000F4FE6308090017F5FFFF13054541EF404A
:1099E0002FA4B2402244268502499244410182803C
:1099F0000144D544D9BF0111C1674AC84EC606CE3D
:109A000022CC26CAFD172E89B289630EF504EF30E9
:109A10005FF8D14429C1930565000345550001460F
:109A2000D544EFF05FDE83C781946376F5024E86FE
:109A3000CA85EFF03F92814439A84E86CA852285B7
:109A4000EFF05F9111C1814405041374F40F83C7D3
:109A50008194E364F4FEF240624426854249D24494
:109A6000B249056182800144D544D5B7411122C471
:109A7000138491948345040023A6A196614506C6EC
:109A8000EFC01ED4034504002244B24041016F10D0
:109A90003FD71387A1858347070083C5419593E787
:109AA00007F82300F7006FC0BEBA5971A6D2B2847E
:109AB0005000CAD0D2CC86D6A2D4CECE2A89368A3D
:109AC00002C223140100EFF01FD483C78194637A8C
:109AD000F50E2A84EFE0DFF39147AA89631CFA0CA4
:109AE00003C7A1857917133717009146A285420451
:109AF00041801949330924034E862685EFF0AFAF24
:109B00005146814568009770FE1FE78060E1700054
:109B1000C1454209135909011305492042054181F4
:109B2000EFB06EBF05E941469305F00F68009770EE
:109B3000FE1FE780E0E919ED130559204205700882
:109B400091454181EFB02EBD700093F51900268537
:109B5000EFC0BEB41D6522954205101093050003A9
:109B60004181EFB04EBB15E10810EFE07FE400103B
:109B7000130901058355040091C503462400268579
:109B8000EF009F801104E31789FE93F92900638792
:109B9000090083C591942685EF004F8F9147631488
:109BA000FA0403C7A1858947631FF7022685EFF0F2
:109BB0005FEE15A803C77185791713371700D28692
:109BC00035B7A147E31CFAFC03C771858947631CBD
:109BD000F7000146CA852685EFF08FA8014681452A
:109BE0002685EFF06FEBB650265496540659F64989
:109BF000664A014565618280011106CE2AC6EFF0F2
:109C00001F843245F240A384A19405616FF0CF9682
:109C10001D7186CEA2CCA6CACAC8CEC6D2C4D6C230
:109C2000EF806F8D83C7B18581CF0144514A17A959
:109C3000FE1F1309A945994A83C78194636BF400F9
:109C4000F6406644D6444649B649264A964A2561B6
:109C50008280B30944030325090019469305F00FD8
:109C60004E959770FE1FE780A0D621E9B3045403F8
:109C70005010F1451385142042054181EFB0AEA983
:109C80000DED0347F1039307F00F6318F7021385F7
:109C9000342042055000C1454181EFB0CEA75008A5
:109CA000C1450945EFB02EA783250900540850008F
:109CB000CE9503C5F500EF80CF8305041374F40F30
:109CC000A5BF930705C05D71C207A6C2CAC086C6FC
:109CD000A2C44EDE52DCC183130720022A89B2845B
:109CE0006360F75217C70000130747B68A07BA9791
:109CF0009C43BA97828785476384F500614409A82D
:109D0000834706000947E36BF7FE238DF184014486
:109D10002285B640264496440649F259625A61614A
:109D200082808547E39CF5FC03470600E3E8E5FCF9
:109D300083C7419511C793E74700238AF194C1BFB8
:109D4000ED9BE5BF8547E39BF5FA83470600114786
:109D5000E366F7FAA38AF1945DBF8547E390F5FACD
:109D600083470600E3ECF5F8A38BF1944DB7C147A8
:109D7000E396F5F84146A68517A5FE1F1305450392
:109D80009770FE1FE780A0B259B78547E398F5F6B4
:109D900003470600E3E4E5F683C7419501C793E76F
:109DA000170061BFF99B51BF8547E399F5F48347DD
:109DB0000600238BF194A1BF9147E391F5F418427B
:109DC000B7470F009387F723E3EAE7F223ACE19468
:109DD0003DBF8547E394F5F2834706000947E36FEB
:109DE000F7F0A38BF18425B78547E399F5F0034796
:109DF0000600E3E5E5F083C7B19411C793E7470098
:109E0000A385F19429B7ED9BE5BF8547E398F5EE6F
:109E1000834706001147E363F7EE2386F194C5BD3F
:109E20008547E39DF5EC83470600E3E9F5EC2387DE
:109E3000F194F1BDC147E393F5EC4146A68517A522
:109E4000FE1F1305E5F52DBF8547E399F5EA0347A6
:109E50000600E3E5E5EA83C7B19401C793E717007D
:109E600045B7F99B71BF8547E39AF5E8834706003C
:109E7000A386F19469BD9147E392F5E81842B7478C
:109E80000F009387F723E3EBE7E623A8E19441B5BE
:109E9000E39605E6EFC0BE8901E9EFE0DFDAEFB057
:109EA0008EE3EFE07FEDA5B58547A383F19485B5FB
:109EB0009D47E395F5E49385140019466800977073
:109EC000FE1FE780C09E03C5040050086C00EFF041
:109ED0009F9383C78194AA840944E37BF5E24808F1
:109EE000EF303FB409E52685EFE0BFC24DBF5147D3
:109EF000B384E40297A7FE1F938747199C435944F4
:109F0000BE9485472387F40021B59D47639BF50ADE
:109F100019469385140068009770FE1FE78020990A
:109F200003C5040001466C00EFF0FF8D83C78194E8
:109F30006377F5049944B30495025008F14593847E
:109F40001420C204C1802685EFA0FEFC2A8415E5FA
:109F50001307A04185476304E9009307F00F5008F9
:109F6000F1452685A307F102EFB0CEA903C54185CF
:109F7000EFB0AEA3EFF0DFC961BB0944E5BF97A71F
:109F8000FE1F83C7E7100944E38407D81307A041E5
:109F900097A7FE1F83C7D70F631FE90093E717003A
:109FA00017A7FE1FA306F70E1D46A68517A5FE1FC1
:109FB0001305450DF1B3F99B17A7FE1FA30AF70C74
:109FC000B9B38547E39CF5D21307A04197A7FE1FBD
:109FD00083C7170C6315E50093E72700F1BFF59BD6
:109FE000E1BFA38D0184EFF0BFC215B38547A38DF8
:109FF000F184014419499309F00F7D5A83C7819474
:10A00000E373F4FEB30424035008F1459384142051
:10A010002685EFA05EF005E18347F102638D3701ED
:10A020005008F1452685A3074103EFB0AE9D03C557
:10A030004185EFB08E9705041374F40FC1B78547BF
:10A04000E39EF5CA83470600E3EAF5CA2385F19447
:10A050007DB98547E394F5CA834706002547E36F3A
:10A06000F7C8A38AF18465B18547E399F5C803472A
:10A070000600A546930797FF93F7F70FE3E0F6C8AE
:10A08000A38CE18469B18547E39AF5C6834706004E
:10A0900003C751940144A382F194E31B07C6E399DB
:10A0A000B7C6EFE07FCDADB18547E399F5C48347EF
:10A0B000060003C741942382F19409E76394B70033
:10A0C000EFE09FCB03C54194EF703FC389B1854753
:10A0D000E396F5C2834706000D47E361F7C2238B81
:10A0E000F18435B18547E39BF5C083470600238A99
:10A0F000F18431B90545EFB04E8B11B98547E39F27
:10A10000F5BE83470600238CF18411B1930740020A
:10A11000E396F5BE03C51400014693852400EFF0D5
:10A120008FEE83C78194E37BF5BC19443304850229
:10A1300003C70400A1471374F40F6310F704090464
:10A140001374F40F420441805008F1452285EFA0BA
:10A150009EDCE31505BA9385840048086D46976038
:10A16000FE1FE780C0745008F1452285EFB08E894C
:10A1700003C54185EFB06E8351B60504D1B717A76B
:10A18000FE1F0357A7CA930740046D44E3F2E7B8E4
:10A190008547E395F5B683470600E3E1F5B691CF31
:10A1A00097A7FE1F9387C7ED9C435544E38207B6EC
:10A1B00083C7419593E7870049B683C7419593F7D5
:10A1C000770FA5BE17A7FE1F035747C69307400486
:10A1D0006D44E3FFE7B28547E392F5B2834706009B
:10A1E000E3EEF5B0F9DB97A7FE1F938767E99C4381
:10A1F0005544E38F07B083C7B19493E7870009B153
:10A20000930700040944E3E527B1E39385B083D5C0
:10A2100004004A85EFC0CEDA2A84DDBC1D7186CEEB
:10A22000A2CCA6CACAC8CEC6D2C4D6C2DAC05EDE26
:10A2300062DC834725005147E91793F7F70F636BFB
:10A24000F70217B70000130727698A07BA979C43DC
:10A250002A84BA9782878354A5000346C5008346A3
:10A26000D500268532C636C4EF30AFF2AA87A246A3
:10A27000324619E18544A9A203C7C700A1471305C7
:10A280003400631AF702938781969C43A68589C799
:10A290009C4399C38297F9BF938701958843EFB098
:10A2A000BEFF69D99307E00FE306F5FC85452685D7
:10A2B000EFC04EC5C1B79387C1969C43A68599C38D
:10A2C0009C43E9FB93878195D1BF8355A5002E85DB
:10A2D0002EC4EF300FECAA8751DD03C7C700A1479A
:10A2E000130534001306C4009306C401A245631A83
:10A2F000F700938781969C43B5DF9C47A5DF829743
:10A3000095BF9387C196C5BF034915006319091C02
:10A3100083476500858B6385071C938741969C4323
:10A320006390071C8145514668089760FE1FE780CF
:10A33000205F4C48DDC183C765011946C105A305EF
:10A34000F10268089760FE1FE7806056834764004B
:10A350000357810268088987858BD98F2314F102FE
:10A36000EFE0FFC52383A19483C781946366F50062
:10A37000EFE00FF22383A19483C9819483C7619492
:10A3800063E3370383C7818591C705476395E70674
:10A39000EFF08F9F97A7FE1F938747A89C5B81C70D
:10A3A000854521458297A2856808EFE09FC6AA846B
:10A3B000554963170512894503C59194EF903EDB1B
:10A3C000F640664426854649D644B649264A964A0A
:10A3D000064BF25B625C2561828003554400854434
:10A3E000EF302FDB71DD834755001946930565007B
:10A3F000A305F102B9B70947E39EE7F88144FD5A86
:10A40000014A514C17ABFE1F130B4BC825A8B38B49
:10A41000840303250B0019469305F00F5E959760A2
:10A42000FE1FE780E05A01ED83270B00DE979C4B6F
:10A430006373FA003E8A63F45701BE8AA6898504D5
:10A4400093F4F40F83C78194E3E3F4FC330A5A4195
:10A4500063590A04FD54514B17AAFE1F130A0AC37D
:10A46000B70B00801DA8B30A690303250A0019462B
:10A470009305F00F56959760FE1FE780605519E928
:10A4800083270A00D6979C4B63F6FB0063F4970082
:10A49000BE84CA8905091379F90F83C78194E364DF
:10A4A000F9FC83C78194E3F7F9EED144B3849902B0
:10A4B00017A9FE1F130989BD032509002695EF3052
:10A4C0004FD619E54E85EFE0CFE4EFE0FF8AD9B52E
:10A4D00083270900BE9485472387F40065BD0149A1
:10A4E00003461400035544008545EFE0FFDAE3031B
:10A4F00009D84A868D4503554400EFE0FFD99DBB3E
:10A50000034715009947631AF70203554500EF30DA
:10A510004FC8AA841DC183C7618509476389E702C3
:10A520000D476380E70205476399E70083455500BF
:10A53000035544000146EFE0BF92034614008945ED
:10A540005DBF0146814513050041EFF08FF783554C
:10A55000440003C504001546EFC0AE9DF9BF930546
:10A560004500034535000146EFF0EFA983C781940C
:10A57000E372F5D099473305F5021306C4009145FF
:10A580001305552042054181EFA0DEC703C5418573
:10A59000EFA0BEC1C5B183C7A1940355450081C7D3
:10A5A00083C5518531B383C7A18599E3954509B327
:10A5B000EF302FBEAA84E30F05CA8347A400858B22
:10A5C00085CB03455500854763F4A7028357C40034
:10A5D00093F7072091EF700893856400EFF0AFA226
:10A5E00083C781946396A7008D4503554400C9B184
:10A5F00083C554000355440013068400EFE05F86D2
:10A6000001468145CDBD03554500EFF0AFAE9DB18C
:10A6100003554500EFF0AF9683C7A18593F7F70781
:10A62000238DF18481B979719397050122D406D6DF
:10A6300026D24AD04ECEC1872E8463DE070803C5DA
:10A640009194EF90EEF2AA8431C583470500130779
:10A65000100B638BE7041307000D6387E7021307F2
:10A66000000B6396E70203474500F9476317F700BD
:10A67000035525008145EFF08FAF83C54400138556
:10A680008400EFF00E9E21A0EFF05FB901C5268592
:10A69000EF90EEE1A164A18CB250225426850259BC
:10A6A0009254F2494561828083474500EDF3035699
:10A6B00085008355650003552500238E0194EFF036
:10A6C0008FB383C7C195E1D703C54185238E01941C
:10A6D000EFA0BEAD6DBF93F7250085C38145014551
:10A6E000EFE03F939344240083C79194854511E1A3
:10A6F00089453E85EF90BEA745B793F71500638463
:10A70000070C13894196832709009384019683D906
:10A7100047009C4099EFC16513870197894617B69A
:10A72000000013062663FD150545EFF0FEED23A09E
:10A73000A1968C40134414009DE98327090001462B
:10A74000854503D5470093140401C180EFE0DFB4D1
:10A750008327090001468D4503D54700EFE0DFB3AD
:10A7600003C54185EFA07EA4EFE06FB735B793082E
:10A77000F00F094881471307E100740003D60197E1
:10A780004E85EF00AFBE11ED0346D1008347C100F7
:10A7900022065D8E19C69C404E8583D5A700EFF03A
:10A7A0008FA58840C165814603D60197FD15EF004E
:10A7B000CFAF9314040123A0A196C1803DDD854550
:10A7C00003C5919405BF93F745008144E38607ECE8
:10A7D00093C44500D1B503472500F14763ECE7304A
:10A7E00017B600001306861493162700B2969C42F3
:10A7F000411122C406C626C2B2972A8482878347A3
:10A800001500C5EF414697A5FE1F9385A58D17A599
:10A81000FE1F1305E58A9760FE1FE780C0143DED1B
:10A8200017A6FE1F1306C689C1450945EFA09E9DC8
:10A8300017A6FE1F1306C689C1450D45EFA09E9CB5
:10A8400003C54185EFA07E969305340017A5FE1F32
:10A850001305858A19469760FE1FE78040058547E6
:10A86000854517A5FE1F0345B58717A7FE1F23259E
:10A87000F784EF90DE8F97A7FE1F9387E7838843C7
:10A88000938741979C43BDCB03A30700630803064E
:10A89000A2852244B240924441010283414697A5D9
:10A8A000FE1F9385258017A5FE1F130565829760FF
:10A8B000FE1FE780400B2DD541BF99471797FE1F1C
:10A8C000232CF77E4DBF034715008347350039E73A
:10A8D0000947639AE7029797FE1F9387E77D9C439A
:10A8E0008145014593F7F7F093E707021797FE1F9D
:10A8F0002324F77CEFD03EECA300A400B240224416
:10A900009244410182800547814501456395E700F6
:10A91000EFD05EDAD5B7EFD0DEC9F9BF0947E38FD4
:10A92000E7FC9797FE1F9387277988434199136522
:10A9300065009797FE1F23A1A77899B78347150055
:10A940009794FE1F93844477ADEF8D47631DF70402
:10A950009797FE1F83C74774139787016187635FCB
:10A96000070093F7F70789451795FE1F03455577AD
:10A970001797FE1F2302F772EF906EFF9C409146DF
:10A9800013F7F700631AD700C19B93E75700179797
:10A99000FE1F2323F77285A88946E301D7F6C19BE2
:10A9A00093E72700EDB798409797FE1F2384076E23
:10A9B0009546937707FF3D8B6311D70693E74700D2
:10A9C000F9B79C40C19B93E76700D1B71797FE1F6B
:10A9D0001307876E1C4383461500BA84C19B95E616
:10A9E00093E747001797FE1F2328F76C0356A5002F
:10A9F00093054500034535009146EFF00F8B97977F
:10AA0000FE1F238907688840A5BD13071003E39C38
:10AA1000E6FA1797FE1F230F076693E7370085BFF7
:10AA2000EFF0CFFF9797FE1F938707699C43154769
:10AA300093F6F700C19B13E53700E39CE6EE13E5C0
:10AA40002700C5BD9796FE1F938606679C42034666
:10AA50001500B68493F7F7F021EECD466313D704C3
:10AA600093E707011797FE1F2328F7649797FE1FA8
:10AA700083C7F768139787016187635F070093F7C0
:10AA8000F70791451795FE1F034595651797FE1F1C
:10AA9000A307F766EF90AEED9C40370500015D8D92
:10AAA000C5B393E707021797FE1F2327F760EDB79B
:10AAB00093E70703CDBF9796FE1F9386E65F9C4200
:10AAC0007D761306F60FF18F034615000DE26D46F5
:10AAD000631CC70093E707101797FE1F232EF75C30
:10AAE0009C423705000265BF93E70720F5B793E75F
:10AAF0000730DDB78280034705009306100963071E
:10AB0000D7009307000D6305F70482808346150084
:10AB100039476391E604835645000567130757409C
:10AB2000639AE60218459307F007830537006383AD
:10AB3000F502938741979C4391CF03A34700630B92
:10AB400003008347270003451700A2075D8D02839A
:10AB50006FF07FC8828001119397050126CA06CE47
:10AB600022CCC187AE8463DB070C1795FE1F03451B
:10AB70003557EF90EE9F2A8419C99797FE1F83C718
:10AB8000975189EFEFF03FF72285EF904E922165C4
:10AB9000258DF2406244D2440561828083470500DE
:10ABA0001307000D6390E7068347250081E7EFF068
:10ABB0009FF409A81547639FE7000347C500A14715
:10ABC000E392E7FCA2851795FE1F03454553EF90DE
:10ABD0008EA275BF2147E38CE7FC99466395D700A9
:10ABE00083477500F1BF1D47E39EE7F80355450015
:10ABF000EF203FDA51D90347C500A1472285E3136F
:10AC0000F7F8C9B71307200AE38EE7F61307100910
:10AC1000E39FE7F803471500B947E31AF7F803572E
:10AC20004500856793875740E313F7F81845834736
:10AC3000270003451700A2075D8D5DBF939715019F
:10AC400063DE07001386819791451145EFA08EDBE7
:10AC500003C54185EFA06ED511651DBF93F71500A3
:10AC6000C5CF9797FE1F83C7E742A5CBEF30EF8094
:10AC70009797FE1F83C7471E6364F5068D4723021F
:10AC8000F1009797FE1F9387F74083C707004C009A
:10AC90001795FE1F0345D5442306F1009797FE1F25
:10ACA0009387474583C70700A306F100EFD06EDB0B
:10ACB0000DC59797FE1F93872740884341991365D9
:10ACC00065009797FE1F23A9A73E938741979C4352
:10ACD00089C79C4399C38145829713C5140055BD0C
:10ACE0009797FE1F9387273B83C7070019469795C1
:10ACF000FE1F9385A53A2302F1009797FE1F9387C5
:10AD0000E73B83C7070013056100A302F1009760CA
:10AD1000FE1FE780C0B9B5B793F72500A1C7979785
:10AD2000FE1F83C76737858B9DCB1795FE1F034595
:10AD3000353BEFD01E8205C59797FE1F9387C73717
:10AD400088431375F5F09797FE1F23A7A7369387BF
:10AD500041979C4389C79C4399C38145829713C5FA
:10AD6000240005BD93F745000145E38407E297976A
:10AD7000FE1F83C7D7388DCF1795FE1F0345553665
:10AD8000EFD0DE8015C59797FE1F9387E732884383
:10AD9000FD779387F70F7D8D9797FE1F23AEA73022
:10ADA000938741979C4389C79C4399C38145829768
:10ADB00013C54400F9BB397122DC06DE2A842ECE8D
:10ADC00032CC36CA3AC83EC6EF20BFBC05C9F245F0
:10ADD0006246B247D24642472314B1022315C1024C
:10ADE0002C103E8622852316D1022317E102EF2084
:10ADF0001FA90145F2506254216182805145DDBF97
:10AE0000011106CE9797FE1FA38EA71C91C52E8514
:10AE100032C6EFE0BFC532469797FE1F9387C7291A
:10AE20009C4395EF19C223AAC196F2401796FE1FC4
:10AE30000346A6269795FE1F83C5852A1795FE1FF4
:10AE40000345152A938781971797FE1F13074728F5
:10AE50009796FE1F9386C62605616FE0EED3F240FB
:10AE60004545056182809797FE1F83C7E7FE81EB0A
:10AE7000614582806145B240224441018280411196
:10AE800022C406C61794FE1F034494259307F00FAF
:10AE9000E312F4FE17050000130525CCEF90BEB3B6
:10AEA0001797FE1FA30EA722E30685FC23AA01968F
:10AEB0009797FE1F23A2072091471797FE1F230194
:10AEC000F722EFB0AEC2414681451795FE1F13052C
:10AED000251F9760FE1FE780A0A441468145179576
:10AEE000FE1F1305E51E9760FE1FE78060A323ACDD
:10AEF00001969797FE1F2380071A9797FE1F238FAF
:10AF0000071A9D471796FE1F1306861BC145094564
:10AF10001797FE1FA300F7189797FE1F238C071C97
:10AF2000EF907EFF1796FE1F1306861AC1450D454A
:10AF3000EF907EFE41469795FE1F93856518179505
:10AF4000FE1F1305251A9760FE1FE78040964146B5
:10AF50009795FE1F9385C5171795FE1F130585143A
:10AF60009760FE1FE780A094138681979145114555
:10AF7000EF907EFA014501B7FD571797FE1FA30119
:10AF8000F7161797FE1F1307A705A302F700230361
:10AF9000F7001797FE1F2305071405479796FE1F16
:10AFA000238AE60E23AC019619479796FE1F23933A
:10AFB000E6100567130707C89796FE1F2391E61052
:10AFC0001797FE1F230DF7128D471797FE1F2306B5
:10AFD000070C1797FE1FA300070C1797FE1FA30D62
:10AFE000F70A1797FE1F230EF70A19468145179592
:10AFF000FE1F1305A50A1763FE1F670063929307E0
:10B0000005D04111C20722C406C6C1835D472E8404
:10B01000636BF71017B70000130787988A07BA9772
:10B020009C43BA9782879797FE1F83C7670B2300BD
:10B03000F40035A041469795FE1F9385650822854B
:10B040009760FE1FE780A08619A841469795FE1FCE
:10B0500093850508EDB7938781979C439CC18147F1
:10B06000B24022443E854101828019469795FE1FD9
:10B0700093858508E9B79797FE1F83C7A70145BF4A
:10B080002E85EFD0AEFFE1BF2E85EFD09E81C1BFF0
:10B090009797FE1F83C7270059BF9797FE1F83C747
:10B0A000E70171B719469795FE1F938525FF41BFAC
:10B0B0009797FE1F83C717FE9DBF9797FE1F83C7F5
:10B0C0006703B5B79797FE1F938707FF9C4385B724
:10B0D0009797FE1F83C767FC99BF9797FE1F83D77B
:10B0E00067FD2310F400A5BF9797FE1F83D727FDA8
:10B0F000CDBF9797FE1F83C737FA15BF9797FE1FDF
:10B1000083C727FA2DB72E85EFD0EEFC89BF97971E
:10B11000FE1F83C767F893F7F70711BF9797FE1FC6
:10B1200083C7F7FD29B7130700048947E36AA7F22D
:10B13000EFB08E942310A4001DB79307F5CFC2077C
:10B14000AE86C183D9452A8763EAF52E17B8000079
:10B150001308088B8A07C2979C43411106C6C29701
:10B16000B285368582874147E147639EE6024146C4
:10B170001795FE1F1305C5F49750FE1FE780207337
:10B1800015A04147E1476390E60241461795FE1F2F
:10B19000130505F4D5B71147E1476396E6001C4255
:10B1A00023ACF1968147B2403E854101828005473C
:10B1B000E147E39AE6FE034706009797FE1F83C721
:10B1C00067ED9796FE1F2387E6EC95C7814761FFE1
:10B1D0001797FE1F130747EE184389463D8B6305FB
:10B1E000D7009546E311D7FC1795FE1F034555EF91
:10B1F000EFD06E9E45BF81475DD71797FE1F13079F
:10B20000A7EB18436306A7003D8B7517E36DE5F8C0
:10B2100085451795FE1F0345B5ECEF805EF559B7E0
:10B220009307C01C63E8D72063060620B2404101A3
:10B230006FD02EB89307C01C63EED71E630C061E9A
:10B24000B24041016FD00EC70547E147E39DE6F4E8
:10B2500003470600A946E3E8E6F49797FE1F238C10
:10B26000E7E289B70547E147E39FE6F203470600B7
:10B270008D46E3EAE6F29797FE1F2381E7E41DB7C8
:10B280001947E147E391E6F219461795FE1F1305AA
:10B29000E5E0DDB50547E147E397E6F00347060043
:10B2A0009D46E3E2E6F09797FE1FA385E7DEDDBD4E
:10B2B0000547E147E399E6EE034706008D46E3E4E0
:10B2C000E6EE9797FE1F2387E7E2E9BD0547E147D2
:10B2D000E39BE6EC834706001797FE1F230FF7DA80
:10B2E000D1B50947E147E390E6EC03560600056750
:10B2F0001307A7C79306A6FFC206C182E365D7EA74
:10B300009797FE1F2398C7DA71BD0947E147E39C71
:10B31000E6E80356060005671307A7C79306A6FFCE
:10B32000C206C182E361D7E89797FE1F2399C7D869
:10B3300095BD834506001796FE1F034686D6979750
:10B34000FE1FA38BB7D40145EF60BF9BA1BD034691
:10B3500006009795FE1F83C535D49797FE1F23825D
:10B36000C7D4D5B79307C01C63E6D70C61C6B240FB
:10B3700041016FD04EC40547E147E396E6E28347BB
:10B3800006001797FE1F034727D1058B9796FE1FD0
:10B390002384F6D093F6170011C7E39506E0EFD0AB
:10B3A000EE9D09B5E38006E01797FE1F1307C7D08F
:10B3B00018438945398BE31E07E493E707F817978D
:10B3C000FE1F230BF7CCF9BB0547E147E39DE6DC05
:10B3D000834706001797FE1F034777D29796FE1FF5
:10B3E000A38FF6D011C7E39F07DAEFD0CE9B5DBBEA
:10B3F000E38A07DA1797FE1F130707CC1843137762
:10B40000070F19C3914531B593E707F81797FE1F4A
:10B41000A307F7CE41BB9307000463EFE70089451C
:10B420008947E392B6D8B240835506003A85410178
:10B430006FB00EB9E14785BB8947B5B393070004E8
:10B4400063E9A700894589476396B60083550600DE
:10B45000C5B789473E8582806F607F85011106CE22
:10B460002AC6EF200FD309C9B245F24003450500B3
:10B470004D4605616FB0EEABF240494505618280F3
:10B480006F607F88411106C6EF80A00F1715FFFF80
:10B4900013054500EF902ED4EF00BFE917B5FEFF6E
:10B4A0001305253FEF902ED3EFB04EB817E5FEFF02
:10B4B0001305C53FEF902ED2EFE06EBC1745FFFF9E
:10B4C00013054596EF902ED1EF307FAB17F5FFFFB8
:10B4D0001305A515EF902ED0EFE00FF21705FFFF33
:10B4E0001305454FEF902ECFEF004FCBB2404101F7
:10B4F0006FF07F979797FE1F938707C11797FE1FDF
:10B50000130707C09C43184301456313F70082806B
:10B5100083D6670081E683D6470036959C43F5B70E
:10B520009797FE1F9387878F8C431797FE1F0357AC
:10B53000278F4111138605229797FE1F23A6C7BCAC
:10B54000938785FFBA9705659796FE1F23AAF6BADB
:10B5500006C61D05935637006374E5009306002068
:10B560003307D6001795FE1F232EE5B823A0E5224A
:10B57000E1162312D600231306001CC3998FE1178E
:10B580002312F70023130700EFF0DFF6B24097977E
:10B59000FE1F239CA782410182809797FE1F9387FD
:10B5A000A7B61797FE1F1307A7B59C431443014581
:10B5B0006393F600828003D7670011E703D7470043
:10B5C0006373E5003A859C43E5B79797FE1F938721
:10B5D000A7B39796FE1F9386A6B29C4390422A87F4
:10B5E000B305B5406314F6003A8529A89386870011
:10B5F0009C43E369D7FEE377F7FE2E85E3E4D5FEAF
:10B60000E3F2F5FE828083C705002300F50083D7AF
:10B610002500A300F50083D72500A1832301F500B1
:10B6200083C74500A301F5001145828023A001983E
:10B6300023AE0196828029C1411126C206C622C4CA
:10B64000AA8401458DC52E842285414697A5000018
:10B650009385C5409750FE1FE780602583C704008F
:10B6600005452306F40083C71400A306F400B24086
:10B67000224492444101828001458280011122CC02
:10B6800026CA06CE0947AA8432846383E50441466C
:10B690008147639BC500638FE6006397B6001DA8D2
:10B6A00041478147638FE600F2406244D2443E85C1
:10B6B000056182808A852285EFF0FFF741468A8501
:10B6C00021A88A85EFF03FF741468A85228531A07F
:10B6D000E398B6FC2E86A28526859750FE1FE7804C
:10B6E0008028AA87D1B723A0A1988280011122CCFB
:10B6F0000354650006CE26CA4AC84EC641C08329F7
:10B700008500AE842A8803C909008147131789017F
:10B71000618763550702B147054563FA87045114F1
:10B72000420403552800418033878900A2864E8653
:10B730008545EF30EFD9B337A00085077D14135549
:10B740006900420405891379F90341802380F400DC
:10B75000A380A4002381240123928400014719C0FF
:10B760001387190098C409476383E7000145F24035
:10B770006244D2444249B249056182800545C5BF51
:10B78000C167F917630AF502D94763F7B7020111D8
:10B7900022CC2EC606CE2A84EF009FA6B24563684F
:10B7A000B50022856244F24005616F20EFC4F2408B
:10B7B000624405450561828005458280C167F917AD
:10B7C0006314F5006F00DFA3411106C6EF208FB1AF
:10B7D00011E15D45B2404101828039714ED656D2A9
:10B7E0005AD006DE22DC26DA4AD852D4AA8A2E8B18
:10B7F000B28949EF36C6EFF07FFC9145EF00DFB02C
:10B80000AA844D492DC9B246054A23803401054416
:10B81000630A0B00B68513851400029B05051314FB
:10B8200005014180E20993D9894163D30902C145E9
:10B830005685EF206FB9654905E933868400A285F6
:10B840002685EF300F9A2A8905E1310442044180B0
:10B8500091472C085685231CF10026CE231D81001C
:10B86000EF103FBF2A8901C963070A002685976048
:10B87000FE1FE780E0C3F25062544A85D254425919
:10B88000B259225A925A025B21618280BA84014ADB
:10B89000ADBF011122CC26CA4AC84EC606CE2A899F
:10B8A0003284B689EFF07FF3AA8405E1938701988B
:10B8B0009C4381CF05476317E40003C409000504D6
:10B8C0001374F40FA2854A858297F240624426855C
:10B8D0004249D244B24905618280AE86014705469D
:10B8E00097050000938565D26FF0BFFA83D70500F6
:10B8F0002300F50083D70500A183A300F5000945C7
:10B90000828083C7250005472300F50003D5050085
:10B910006397E7000A050505420541818280C94712
:10B920003305F502CDBF03D505000A054205418167
:10B93000828083D725002300F50003D5050083D737
:10B9400025003305F502050542054181828003D5B6
:10B950000500828003D50500828003D50500828022
:10B9600083D725002300F50003D5050083D72500E4
:10B970003305F502050542054181828083D7050024
:10B980002300F50083D70500A183A300F50083D72A
:10B9900025002301F50083D72500A183A301F5002D
:10B9A00003D54500110542054181828083D70500FA
:10B9B0002300F50083D70500A183A300F50003D57C
:10B9C0002500090542054181828089471145639B15
:10B9D000F60083471600834606000145A207D58F6F
:10B9E0002310F700828003D70500D947AE8663FA9B
:10B9F000E70001470D4697050000938565EF6FF05E
:10BA00005FE90945828011456393A60283471600CA
:10BA1000834606000145A207D58F2310F700834710
:10BA2000360083462600A207D58F2311F7008280B7
:10BA300083C725000547FD1793F7F70F6361F704E8
:10BA400083D705008DCF011122CC2A84C84106CEB0
:10BA500015C12EC68945EFF05FB72A87228562445B
:10BA6000B246F2401546970500009385C5E9056189
:10BA70006FF03FE2F240624409450561828009456A
:10BA800082809547114563F9D706411122C426C229
:10BA90004AC006C683471600BA8403470600A207B9
:10BAA0003284D98F2390F400834736000347260061
:10BAB00093054400A207D98F2391F400894723827C
:10BAC000F40009461385540036899750FE1FE7801D
:10BAD00000DE9307A9FF2394F4009947631BF90044
:10BAE00023A60400B2402244924402490145410188
:10BAF00082801904C0C4FDB7828083D705008DCF32
:10BB0000011122CC2A84C84106CE15C12EC6854516
:10BB1000EFF0BFAB2A8722856244B246F2401D4651
:10BB200097050000938565E005616FF09FD6F240B0
:10BB30006244094505618280094582809947639581
:10BB4000F6048947411106C62302F7008347160011
:10BB500083460600B285A207D58F2310F7008347DE
:10BB600036008346260003464700A207D58F1305FB
:10BB700057002311F70091059750FE1FE78020D34F
:10BB8000B240014541018280D14711456394F600DE
:10BB9000C1474DBF828083D705008DCF011122CCD4
:10BBA0002A84C84106CE15C12EC68945EFF0FFA1F3
:10BBB0002A8722856244B246F24025469705000056
:10BBC000938565D705616FF0DFCCF240624409458B
:10BBD000056182800945828089471145639BF60093
:10BBE00083471600834606000145A207D58F231020
:10BBF000F7008280011122CC2A84C84106CEAE868D
:10BC0000014719C52EC68545EFF03F9CB2462A87ED
:10BC100022856244F2402D4697050000938565D346
:10BC200005616FF01FC711456393A6028347160095
:10BC3000834606000145A207D58F2310F7008347EE
:10BC4000360083462600A207D58F2311F700828095
:10BC5000011122CC2A84C84106CEAE8611C52EC65B
:10BC60008545EFF09F96B2462A8722856244F240CE
:10BC7000354697050000938525CE05616FF07FC19D
:10BC800093F71600114589EB89476387F600858293
:10BC90002312D70010C301458280011122CC2A84CF
:10BCA000C84106CE15C12EC68545EFF01F922A87E2
:10BCB00022856244B246F2403D46970500009385D6
:10BCC00005CA05616FF0FFBCF24062440945056199
:10BCD000828083D705008DCF011122CC2A84C841F0
:10BCE00006CE15C12EC68945EFF03F8E2A872285E4
:10BCF0006244B246F240454697050000938585C6EA
:10BD000005616FF01FB9F240624409450561828008
:10BD100009458280854763FCD7022304A700A3045A
:10BD2000B7008347160083450600A207CD8F231076
:10BD3000F7009387E6FF2311F70089476386F60033
:10BD4000090650C30145828023220700E5BF114543
:10BD50008280014781464D4681456FF09FB38D47F4
:10BD6000114563FBD7028347160083450600A207EF
:10BD7000CD8F2310F7008347360083452600A207A6
:10BD8000CD8F2311F7009387C6FF2312F700638638
:10BD9000A600110610C70145828023240700E5BFD5
:10BDA000011122CC2A84884506CEAE8611C52EC646
:10BDB0009545EFF09F81B2462A8722856244F24082
:10BDC0005D46970500009385A5BB05616FF07FACCC
:10BDD000854711456397F600834706000145230018
:10BDE000F700828001478146654681456FF07FAA52
:10BDF000011122CC2A84C84106CEAE86014719C55E
:10BE00002EC68D45EFF06FFCB2462A87228562442C
:10BE1000F2406D4697050000938585B905616FF086
:10BE2000DF9B011122CC2A84C84106CEAE86014791
:10BE300019C52EC68D45EFF04FF9B2462A872285E7
:10BE40006244F240754697050000938565B605612A
:10BE50006FF0BF98814717A80000130828C1130688
:10BE6000F00F3307F800834607001397060141835C
:10BE70006364E5006393C600828083D60500636532
:10BE8000D7002390E5008280850793F7F70FD1BF95
:10BE900041119397050122C406C626C2C1872E848C
:10BEA00063D50702EF70DEECAA8409CD8347050055
:10BEB000054793C707086364F700EF50F0572685DE
:10BEC000EF70FEDE2165218D29A893F7150099CF2B
:10BED0009787FE1F93878723FC5791C3829713454B
:10BEE0001400B240224492444101828093F725001D
:10BEF00099CB9787FE1F93876721BC5B91C382977D
:10BF000013452400F9BF93F7850081CF9787FE1F63
:10BF10009387C71FFC5FBC5B91C382971345840066
:10BF2000C9B793F7450081CF9787FE1F9387071EF8
:10BF3000FC5FFC5791C38297134544005DB793F7AC
:10BF4000050291CF9787FE1F9387471C83A7070998
:10BF500083A7070991C382971345040259B793F742
:10BF6000050191CF9787FE1F9387471A83A707097B
:10BF700083A7C70891C38297134504019DB7939780
:10BF800025010145E3DF07F49786FE1F83C6761877
:10BF90001786FE1F0346E6179785FE1F83C55517B4
:10BFA0001785FE1F0345C516EFA01FF1096521BFC8
:10BFB000411113068012814522C42A841785FE1F71
:10BFC0001305C51406C69787FE1F23A9070A97877E
:10BFD000FE1F23A307269750FE1FE78060940145AC
:10BFE000EF3000150145EF30E01C3707D707310768
:10BFF0009786FE1F23A6E61237C70C0C13070714FB
:10C000009786FE1F23A0E61237C7D707130707142A
:10C010009786FE1F23AAE6107177130707149786E9
:10C02000FE1F2395E6109787FE1FA38E87D897875C
:10C03000FE1F9387A70D7D46814603A7070D23A208
:10C04000D70E23A0C70E83A7470DB7762D0493867E
:10C05000F61F558F93E7E7099786FE1F23A0E61882
:10C060009786FE1F23A0E6189786FE1F23AAF616C2
:10C070001787FE1F232AF7169787FE1F83C7E7DA65
:10C080001787FE1FA302F7141787FE1FA302F714DA
:10C09000F977FD171787FE1F231DF7161787FE1F59
:10C0A000231AF716FD471787FE1F2306F7169787F3
:10C0B000FE1FA3890708930730301787FE1F23143C
:10C0C000F7081787FE1F2311F708EF807EB79787C1
:10C0D000FE1FA38EA7029307C01C1787FE1F231401
:10C0E000F70A9787FE1F83D7A7D3A9831787FE1F59
:10C0F000A300F70A9787FE1F938747D283D70701CC
:10C100001307B00F6374F7009307B00F139607017E
:10C1100041821787FE1F2310F7021787FE1F231E79
:10C12000F7009306E6001397360042074183978590
:10C13000FE1F2393E5009785FE1F2391E500ED4543
:10C140006373B600ED471786FE1F2312F6FE130633
:10C150008014BA876374C700930780141787FE1F83
:10C160002318F7FC1787FE1F2316F7FC8547178750
:10C17000FE1FA30CF7FCB70703009387C71C1787A4
:10C18000FE1F2325F7FC9787FE1F23A307FCB71785
:10C190000706938707441787FE1F232DF7FAB70773
:10C1A00016008E06938707901787FE1F2313D7F874
:10C1B0001787FE1F2326F7F8EF809FD3EF407069A3
:10C1C000EF701FFC2244B24041016F6060004111DA
:10C1D00006C622C426C21787FE1F034707F79787A4
:10C1E000FE1F83C797F66369F70001442285B240BA
:10C1F0002244924441018280AA84930510201305B1
:10C20000800B9750FE1FE780801B2A8479DD130680
:10C21000800B81459740FE1FE780807081E4C15705
:10C220002304F4009787FE1F938747EEB84F2DEF46
:10C230001787FE1F232687F21787FE1F232487F206
:10C240001787FE1F232287F22320040005479786C5
:10C25000FE1F238CE6EE0547A304E400130700F954
:10C26000A305E4001787FE1F130707D9145358537B
:10C270001785FE1F0345C5BB74C438C87D57230B03
:10C28000E40083C7A704A30EE4062304A406230640
:10C29000F40AEF806FAD83476406A30AA40093E716
:10C2A00037002303F40699B7F84F00C31787FE1F22
:10C2B000232C87EA2320040003C7E703050741BFB7
:10C2C000011152C4178AFE1F130A8AD583270A0058
:10C2D00006CE22CC26CA4EC656C2130780074AC8CD
:10C2E0002A84F8D30945EF800FE19789FE1F9389CF
:10C2F00069D083A70900978AFE1F938AAAD73706B9
:10C300003300D857930530020545719B136717001A
:10C31000D8D798431377F7CF98C398431377F7CFBD
:10C320001367072098C303A70A001447D18E03267A
:10C330000A0014C7B70603009386862534CA5457EB
:10C34000F59A54D70347E4079376F7079843137792
:10C3500007F8558F98C3EF801E9364449D472308C8
:10C36000F400230FA4062380F4008547A381040072
:10C370002381F4007C4893F707209DCB9147A3814C
:10C38000F4008347E40A8346D40A78449A07D58F99
:10C390002302F70083C72400814685072381F40028
:10C3A0000346040B8345D40A0345E40AEF80AFBC7F
:10C3B0007C4893F70740B1C303C734007C4483C66D
:10C3C000240013678700A381E4000357A408B697ED
:10C3D000A381E70083C7240078448346F4073E978F
:10C3E0008357A4089206A183BD8BD58F2302F70043
:10C3F00083C7240089072381F40003C62400035760
:10C4000044089307D00F918F9786FE1F938606D01E
:10C4100063D1E72483450408054793078042638579
:10C42000E50085679387878479479387371AB3C771
:10C43000E70283C6860793E606019785FE1F2383DE
:10C44000D5D483260A00C1658CC63387E702060768
:10C45000B8D283C6340093E60601A381D4007844A1
:10C460008346E4073297A301D70083C624007844AB
:10C4700036972302F70003C724007C44BA9703478A
:10C4800004081607A382E70083C724008D072381D1
:10C49000F4008347040693F7070485C703C73400F5
:10C4A0007C4483C6240013670704A381E400034788
:10C4B0005401B697A381E70083C724008507238131
:10C4C000F4008347C4070547C11793F7F70F636666
:10C4D000F70603C9240015469785FE1F938565D38B
:10C4E000930739000329C4043E99A1472300F900AA
:10C4F00093078002A300F900130529009740FE1F4F
:10C50000E780E03A0347C407C147631DF714835728
:10C510008408A1072311F408C547230EF4068347B6
:10C520002408A303F90083572408A1832304F900F6
:10C5300083C72400A5072381F4000356440801495A
:10C5400031C203C7240068448325840A9307370057
:10C550003E9583C73400C18B638007127959330934
:10C56000E9401379F90F4A869740FE1FE78020348F
:10C570008327840ACA973CDC83574408B387274142
:10C580002319F40603C724009377F70385073E9920
:10C590001379F90FA30824012381E4007C44A380CC
:10C5A000270183260A00930770F9A305F400DC42F3
:10C5B000F99BDCC29787FE1F938747AC9C43E1C77A
:10C5C0000347A40003A5090037060082BA9783C772
:10C5D000070058557D169395870193F7F703E1857A
:10C5E000E607718FD98F5CD51307A00383A70A00D4
:10C5F0006359B70AF84F37060007518FF8CF83A762
:10C6000009000327C4088145172500001305A52E3E
:10C6100098C703270409D8C39787FE1FA38F079CD9
:10C620009787FE1F238C079C7C44BCDEEF80EEA323
:10C6300003461401834504086244F240D24442494F
:10C64000B249224A924A014505611753FE1F67000D
:10C65000A3B883C7860793F7F70E1787FE1F230338
:10C66000F7B205BD0357840883572408998F0947FB
:10C67000E347F7EAC94755B59740FE1FE7802023F7
:10C680000349440801B78305840603A5090037065A
:10C69000008293F7F503139797015C557D16F18F90
:10C6A00091B713072002635AB700F84F370600F915
:10C6B0007D16718F3706000589B7370700F9130615
:10C6C000F7FFF84F6945718F37060003E347B5F26E
:10C6D000370600011DB79786FE1F938666948C422D
:10C6E000411122C426C206C64AC093078007FCD166
:10C6F0009787FE1F938707909C432A843705330052
:10C70000D857719B13671700D8D798431377F7CF83
:10C7100098C398431377F7CF1367072098C31787F9
:10C72000FE1F1307279518431047498E10C7370679
:10C73000030013068625B0C95057759A50D7034792
:10C74000E4071376F7079843137707F8518F98C3D8
:10C7500064449D472308F4002380F4008547A381A7
:10C7600004002381F4007C4893F7074085CFA1475C
:10C77000A381F4007C440357A4082382E70083C705
:10C78000240078440346F4073E978357A408120612
:10C79000A183BD8BD18F2302F70083C724008907B3
:10C7A0002381F40083C52400035724079307E00F77
:10C7B0008D8F63D2E708034604080547930780423C
:10C7C0006305E60085679387878479479387371ADF
:10C7D000B3C7E7021786FE1F0346C69A9442136644
:10C7E00006011785FE1F230FC598416690C6338743
:10C7F000E7020607B8D283C6340093E60601A38198
:10C80000D40078448346E4072E97A301D70083C65B
:10C810002400784436972302F70003C724007C44A1
:10C82000BA97034704081607A382E70083C72400CA
:10C830008D072381F4000356240701491DCE03C749
:10C84000240068442C5C930737003E9583C734006E
:10C85000C18BADCF79593309E9401379F90F4A8675
:10C860009740FE1FE780A0043C5CCA973CDC8357DE
:10C870002407B38727412319F40603C72400014581
:10C880009377F70385073E991379F90FA3082401DD
:10C890002381E4007C44A3802701930770F9A3055A
:10C8A000F400034614018345040822449777FE1FD1
:10C8B000A3850774B240924402499777FE1F238FE5
:10C8C000077241011753FE1F670003919740FE1F37
:10C8D000E780E0FD034924072319040679BF4111CD
:10C8E00022C406C62A8426C24AC0EF40C0778357B6
:10C8F00084080347C40785072314F4088D47631E83
:10C90000F70C9147230EF4067C481777FE1F130798
:10C91000E77F93E787007CC883479707898BEDDF24
:10C920008347970793F7C70F1787FE1FA30CF7845A
:10C930009777FE1F9387C74D9C43829703576408E0
:10C940009777FE1F83D7C7523307F702930700324A
:10C95000130707193357F7029777FE1F9387C750BE
:10C96000DC43B306E500368663E4A60063E4F60024
:10C970003386F640232CC4089776FE1F83C6764B79
:10C98000636AD604158E9306D407A28517050000A6
:10C990001305E517EF70AEEB2285EFF07F929774E9
:10C9A000FE1F9384A476EF70DFEC83C78407C18BEE
:10C9B000CDC383C7840793F70702E5DF83C78407E6
:10C9C000228593F7F70C1777FE1F230DF77AEFF008
:10C9D0009FD0E1BF958F3E967DB71779FE1F130953
:10C9E0002943832709008297AA8483270900829715
:10C9F000E38DA4FE8327090083248409829763E0E2
:10CA0000A4063385A4409777FE1F83C79742977487
:10CA1000FE1F83D4E44563E3A70029E98357640834
:10CA2000130700321776FE1F13060644B3879702DA
:10CA3000504293870719B3D7E702032784093E972B
:10CA4000BA866364F7006364C700B306C740232C4B
:10CA5000D408B2402244924402494101828097772F
:10CA6000FE1F93876740DC43BE9461BF9777FE1F2C
:10CA700083C7577193E717001777FE1FA304F7705A
:10CA800037470F0013070724B335E5029777FE1FDA
:10CA90009387075903A90700B707080026862324B0
:10CAA000F90081463305E502EF70201106052326C3
:10CAB000A9061777FE1F1307676583479707898BBA
:10CAC000EDDF834797071776FE1F1306E6395042BE
:10CAD00093F7C70F1777FE1FA306F76A83576408FB
:10CAE00013070032B387970293870719B3D7E7027A
:10CAF000032784093E97BA866364F7006364C7001E
:10CB0000B306C740232CD40841BD8347C507B1CB2A
:10CB1000411122C406C626C249472A84639CE70203
:10CB200003572508835785086316F7029304050AFF
:10CB300015469775FE1F9385C56D26859740FE1F88
:10CB4000E780E0D62685EF4020789147A300A4082F
:10CB5000230EF40622852244B240924441016FF034
:10CB60001FD882808347E501411122C406C6990778
:10CB7000A308F5007C4511472308E5002380E70062
:10CB80007C45034715012A84A380E70083475503AA
:10CB9000858B91E70347450389476319F70078447C
:10CBA0008347070093E707042300F70068449305D1
:10CBB0006403194609059740FE1FE78040CF68448B
:10CBC0000356E4014C5421059740FE1FE78020CE18
:10CBD000930730F9A305F400B2402244410182805A
:10CBE00041114AC01779FE1F130949528327490B87
:10CBF00006C622C426C299E3054505AAAA84EF7099
:10CC00005FC78327490B8297EF40201D2A846DD58B
:10CC1000DC50AC482324F50803C7B4009307A009EF
:10CC2000631BF71085472300F51483C734062303DD
:10CC3000F514A303F51483C7F50003C705010148E4
:10CC4000A2074207BA9703C7E5001546F905BA9748
:10CC500003C735FF130584136207BA97232CF40822
:10CC600083C755FF03C765FFA2074207BA9703C7EB
:10CC700045FFBA97232EF40883C775FFA30BF40270
:10CC800083C795FF03C785FFA207D98F231CF40232
:10CC900083C7B5FF03C7A5FFA207D98F231DF402E1
:10CCA00083C7D5FF03C7C5FFA207D98F231EF40290
:10CCB00083C7F5FF03C7E5FF232E0413A207D98F0F
:10CCC000231FF4028147232CF4129740FE1FE780B4
:10CCD00000BEB84883473702FD8BA30AF40203471E
:10CCE0003702ED1793F7F70F15832308E4022D475A
:10CCF0006368F7028357A40305679306A7C7E9177C
:10CD0000C207C18363EEF6008356C4039307301F46
:10CD100063E8D7008357E403130707C8637EF7026D
:10CD200003558400EF40E0290145B240224492447B
:10CD30000249410182808327890D13971701E35C23
:10CD400007EEFC4403C7070083C70500F98F9583EE
:10CD5000858B2300F514C5B58327890B228582971F
:10CD60008327090E03558400294693F7072091E392
:10CD7000054693050008EF50C0058327890D1397DA
:10CD800017016359070003558400514693050008B5
:10CD9000EF50200483274905FC4B13974700E35DC0
:10CDA00007E403C58400A38B0400494693050008EB
:10CDB000EF50200291B5411122C406C626C24AC0D6
:10CDC0009777FE1F83C797342A848DEB03470401AE
:10CDD00085476316F70E8347D40303475404858BB6
:10CDE000631DF70C1946930564041305E40397408B
:10CDF000FE1FE78040B7B334A00091A883475504D5
:10CE0000CDC78347B5041307000493F7070C639E4F
:10CE1000E708085921C513096404CA851305A5024A
:10CE2000EF50400D8547AA84631AF50208588947D8
:10CE30002302F404834735001946CA8593E7270087
:10CE4000A302F40451059740FE1FE78040A6B240BC
:10CE5000224426850249924441018280034704010D
:10CE600085476304F70483470406918B9DEF83474E
:10CE7000C40385EF130544049750FE1FE780800D1F
:10CE800008D805C589472302F404834735001946AD
:10CE90009305640493E72700A302F4045105974027
:10CEA000FE1FE780C0A085445DB78347C403898B1C
:10CEB00091DF1C5883C7170091FB814449BF83470A
:10CEC0000406918B89FB8347D40013F717000DC329
:10CED000834634010D47639DE60068402C4422449C
:10CEE000B2409244024941011743FE1F670043EEDE
:10CEF000898BD5DB034734019547E316F7FAF1BF79
:10CF000041119777FE1F238F072622C4930710F93C
:10CF100006C6A305F5009777FE1F9387A7318043C8
:10CF20000DC085451775FE1F0345F5E9EF708EFDB1
:10CF3000930710273305F50222832244B2404101B2
:10CF40000283B2402244410182808347A50199C7F0
:10CF50000347A5006314F7006FF09FFA034795019C
:10CF600011CF8346A5006382E6022305E5008945CB
:10CF70001775FE1F034535E56F706E9FF1DF0347A0
:10CF8000A50079FB2305F500DDB7F9D7E5BF2C49EE
:10CF9000314783C7150093F7F7032309F50063862C
:10CFA000E700930700083E85828083C705000D4790
:10CFB000BD8BA309F500E396E7FE41114AC01309B2
:10CFC000650322C419462A84A1054A8506C626C2DD
:10CFD0009740FE1FE780209991470DC52C48130507
:10CFE0006404194683C7050089059987858BA302C8
:10CFF000F4049740FE1FE780808B2285EFF0BFDBB3
:10D0000009E9A147B2402244924402493E854101C8
:10D0100082801305000483044401EF90EEA56205AD
:10D020006185E3C0A4FE64449D472308F400238087
:10D03000F40085472381F400A381F400CA851946D2
:10D04000138544009740FE1FE780608683C7240055
:10D0500003C734000149990793F7F70F1367870057
:10D060002381F400A381E4007844BA970357C406EF
:10D07000A381E70083C724007844834614063E97C3
:10D080008357C4069206A183BD8BD58F2302F70078
:10D0900003C7240009071377F70F2381E4008356A1
:10D0A000E401D5CE83470406795993F7070491C369
:10D0B00075593309E9401379F90F6372D90A0346A8
:10D0C0003406751985461379F90F93078042630575
:10D0D000D600856793878784F9469387371AB3C745
:10D0E000D7021776FE1F0346E609136606019775F9
:10D0F000FE1F2389C5081776FE1F130666F210422D
:10D10000C1650CC6B386D702860634D283C6340006
:10D1100093E60601A381D40074440346240636979F
:10D12000A301C70083C62400784436972302F70082
:10D1300003C724007C44BA97034734061607A3822A
:10D14000E70083C724008D072381F4005C54CA974D
:10D150003CDC8357E401B38727412319F406834756
:10D16000040693F7070485C703C734007C4483C6CD
:10D17000240013670704A381E40003475401B69712
:10D18000A381E70083C7240085072381F40003C53A
:10D1900024000356E4014C549307350068443E953F
:10D1A0002DCE636CC9069730FE1FE780407003499F
:10D1B000E40103C724009377F70385073E99A3088A
:10D1C00024012381E40083475403858B91E70347BF
:10D1D000440389476319F70078448347070093E7BE
:10D1E00007042300F7007C4483451401A380B700A3
:10D1F00003453406930790F9A305F400EF706FC45C
:10D2000003461401834534060D459740FE1FE78011
:10D21000A0FCEF700FE68147F5B34A869730FE1FFA
:10D22000E780E06879B72C491307200283C715000F
:10D2300093F7F7032309F500639CE714411122C417
:10D2400006C626C283C7050015472A84BD8BA309DD
:10D25000F500639CE7021946A105130565039730A5
:10D26000FE1FE78040709147630E05102C48194659
:10D270001305640483C7050089059987858BA3027C
:10D28000F4049730FE1FE78080622285EFF0BFB282
:10D29000A1476DC99774FE1F938404BD9C4082977B
:10D2A0009307E5013E87D44063E4A70063E4D70019
:10D2B0003387D7406444A1472308F40058D0238023
:10D2C000F40085472381F400A381F40019469305F7
:10D2D0006403138544009730FE1FE780405D83C7D9
:10D2E000240099072381F40083C7340093E72700C3
:10D2F000A381F4008347540481CB7844834707001B
:10D3000093E707F82300F700194693056404138593
:10D31000A4009730FE1FE780805983C72400990737
:10D3200093F7F70F13F7F7030507A308E40023812A
:10D33000F40083475403858B91E7034744038947EF
:10D340006319F70078448347070093E70704230035
:10D35000F7007C4483451401A380B70003453406DD
:10D360009307A0F9A305F400EF70AFAD03461401D5
:10D37000834534060D459740FE1FE780E0E5EF70DA
:10D380004FCF8147B240224492443E854101828082
:10D39000930700083E85828041114AC01779FE1F1D
:10D3A000130909C88327090022C41307800706C68A
:10D3B00026C2F8D32A840945EF70EFD39777FE1F72
:10D3C000938747C39C439775FE1F9385A5CAD8577B
:10D3D000719B13671700D8D70326090058421367BB
:10D3E000170058C21777FE1F130747C91843630A6F
:10D3F00007188346A400370500827D15369703473A
:10D400000700D457131887011377F703135888417F
:10D410006607E98E558FD8D79306A003984163DE3F
:10D420000617744F37050007C98E74CF98431377DA
:10D43000F7CF98C398431377F7CF1367072098C3A4
:10D440009841B70533001447CD8E14C7B7060300C3
:10D450009386862534CA5457F59A54D70347240631
:10D460009376F7079843137707F8558F98C337C714
:10D47000898E130767ED98C7375755006444130723
:10D480005755D8C39D472308F4002380F4008547EF
:10D490002381F400A147A381F4007C440357C40610
:10D4A0002382E70083C724007844834614063E970E
:10D4B0008357C4069206A183BD8BD58F2302F70044
:10D4C00003C524009307E00F09051375F50F2381A9
:10D4D000A40003562407898F63CFC7047C442C5CC7
:10D4E0000D053E959730FE1FE780603C03C7240082
:10D4F000834724079376F7038507B697A308F400BC
:10D500002381E40083475403858B91E70347440359
:10D5100089476319F70078448347070093E70704B6
:10D520002300F7007C4403471401A380E70093071E
:10D5300080F9A305F400832709007844B8DF9777C2
:10D54000FE1F83C7279381EB814517150000130544
:10D55000853AEF708EB103461401834534062244A8
:10D560009777FE1FA38B07A8B24092440249977792
:10D57000FE1F238507A8014541011743FE1F6700D1
:10D58000A3C503088406370500827D151377F803C9
:10D5900093169701D857698FB5BD9306200263DAB9
:10D5A0000601744F370500F97D15E98E3705000532
:10D5B000A5BDB70600F91385F6FF744FE948E98E5B
:10D5C00037050003E3C208E737050001B1BD397133
:10D5D00052D4177AFE1F130AAAA403260A0022DCDB
:10D5E00026DA06DE4AD84ED6930780077CD2977794
:10D5F000FE1F938727A09C43B70533002A84D85782
:10D60000719B13671700D8D798431377F7CF98C348
:10D6100098431377F7CF1367072098C31777FE1F38
:10D62000130747A518431447CD8E14C7B706030048
:10D630009386862534CA5457F59A54D7034725064E
:10D640009376F7079843137707F8558F98C3644587
:10D650009D472308F50085462380F400A38104003C
:10D660002381D4008347F5050D476385E7001947FB
:10D67000639BE74C8547A381F40019469305640337
:10D68000138544009730FE1FE780602283C7240083
:10D6900099072381F4000347F40599476316F704BB
:10D6A00083C734001385A40093E72700A381F40007
:10D6B00083475403898B6382071E0C5883C7250157
:10D6C000638D071C1946D1059730FE1FE780201E89
:10D6D00078448347070093E707F82300F70083C7E0
:10D6E000240099072381F40083C7340003C7240072
:10D6F00093E78700A381F4007C44BA970357C406DC
:10D70000A381E70083C724007844834614063E972C
:10D710008357C4069206A183BD8BD58F2302F700E1
:10D7200083C72400890793F7F70F2381F4008356FA
:10D73000C401638606180347040679591377070462
:10D7400011C3755978483309F9401379F90F118BD2
:10D7500001C739191379F90F8149637FD9088346C5
:10D760003406751905471379F90F930980426385CB
:10D77000E60085699389898479479389391AB3C901
:10D78000E9029776FE1F83C6E69F93E606011776A9
:10D79000FE1F2309D69E83260A00416690C6338762
:10D7A000E9020607B8D203C7340013670701A38153
:10D7B000E400784483462406BA97A381D70003C7C0
:10D7C00024007C44BA972382370103C724007C4499
:10D7D000BA97034734061607A382E70083C72400DD
:10D7E0008D072381F4001C54CA973CDC8357C40185
:10D7F000B38727412319F4067C48914613F7C700E5
:10D80000630BD700B1466318D7208346140603473D
:10D81000F4076392E620A18BCDCB9767FE1F938719
:10D82000275F9C438329840982971767FE1F13078C
:10D83000A76363E9A908B7470F003385A940938719
:10D840000724B335F5020356870081463305F502F8
:10D85000EF60A036AA89B7074B00138749ED93877D
:10D86000B7C763EAE71A4946814568009730FE1F4B
:10D87000E780000BB7C70300938737FC63CD370DF4
:10D88000BD09F947B3C9F902B2477977F98FCE09D3
:10D8900093D93901B3E93701FDA08347D40381CB84
:10D8A00078448347070093E707F82300F7001946F9
:10D8B0009305E4039730FE1FE78060FF0DB58149B3
:10D8C00001491DBF5C43BE99BDB783C73400834681
:10D8D0003406C18B9DC3F9470547B389F9028357C5
:10D8E00024076399E600938787078587BE99938904
:10D8F000492995B793870707D5BF83C724000357E6
:10D90000C40105463E979307070F6395C60093072A
:10D91000870F85871777FE1F0347D7861367170082
:10D920001776FE1FA300E68603270A0037060800C5
:10D930009389875210C7938757547946B3C7C70254
:10D94000B387C70286077CD7834714062300D40811
:10D95000A30FF40609B7B7872500138737ED634691
:10D9600037031307C01293896909B3C9E902B247A3
:10D9700089661387F6FFD58F33F7E900F979B3F994
:10D980003701B3E9E9004EC619A863C837178357B2
:10D99000C1006977F98F1167D98F2316F10083577A
:10D9A000640868446C00139707018357C100D98F3E
:10D9B0003EC68327040A0327C4083EC88327440AB7
:10D9C00013168700618393F6F7019767FE1F83C7DD
:10D9D00017749D8B9607D58FD18F3ECA8327040974
:10D9E0004946A2075D8F835784083ACC231EF10075
:10D9F00083C724008D073E959730FE1FE78020EBFC
:10DA000083C7340093E70702A381F40083C724008F
:10DA1000C9072381F4008347040693F7070485C7E9
:10DA200003C734007C4483C6240013670704A38122
:10DA3000E40003475401B697A381E70083C724009D
:10DA400085072381F4000356C40161EA014983C6B6
:10DA500024008347E40513F7F60305073A999A076C
:10DA6000D58FA30824012381F40083475403858BB9
:10DA700091E70347440389476319F70078448347D4
:10DA8000070093E707042300F7007C4403471401D1
:10DA9000A380E700930760F9A305F4007844832787
:10DAA0000A00B8DF9767FE1F83C7C73C81EB81453B
:10DAB00017150000130525E4EF603EDB03270A007D
:10DAC0009767FE1FA38B07529767FE1F2388075295
:10DAD0005C43014593E717005CC30346140183458B
:10DAE00034069730FE1FE780206FF2506254D25404
:10DAF0004259B259225A21618280B787DAFF93874F
:10DB00006709BE998347D10093F7F7F993E70706B2
:10DB1000A306F1009307C012B5B303C524000C544B
:10DB20009307350068443E956369C9009730FE1F2E
:10DB3000E780E0D70349C40119BF4A869730FE1F2A
:10DB4000E780E0D629B71387E7FF1377D70F631075
:10DB5000071CA381D400930565031946138544006F
:10DB60009730FE1FE780A0D483C7240003C734008A
:10DB70009769FE1F93898959990793F7F70F1367E0
:10DB800087002381F400A381E40078440149BA9717
:10DB90000357C406A381E70083C724007844834663
:10DBA00014063E978357C4069206A183BD8BD58F7A
:10DBB0002302F70083C624009147890693F6F60FE7
:10DBC0002381D4000347F405631CF70A8347040646
:10DBD000795993F7070491C375598357C4013309E1
:10DBE000D9401379F90F637DF90803463406751996
:10DBF00005471379F90F930780426305E6008567AF
:10DC00009387878479479387371AB3C7E70203C698
:10DC10008907136606019765FE1F2385C5560326EF
:10DC20000A00C1650CC63387E702060738D203C76E
:10DC3000340013670701A381E400784403462406F7
:10DC4000BA96A381C60083C624007844369723027F
:10DC5000F70003C724007C44BA970347340616072D
:10DC6000A382E70083C724008D072381F4001C549E
:10DC7000CA973CDC8357C401B38727412319F406B4
:10DC80008347040693F7070485C783C7340003C797
:10DC9000240093E70704A381F4007C44BA97034768
:10DCA0005401A381E70083C7240085072381F40082
:10DCB0000347F4059147631AF7040356C40131C6BC
:10DCC00003C524000C549307350068443E956368EF
:10DCD000C9029730FE1FE78080BD0349C401034796
:10DCE000F4059147631CF72483C7890793F7070F4F
:10DCF00093E757001767FE1F2306F74889BB4A863C
:10DD00009730FE1FE780A0BAD9BF0149C9BF93F77A
:10DD1000B70F0547E39CE7D2A381F40093056503A1
:10DD20001946138544009730FE1FE78040B883C72B
:10DD3000240099072381F40083C7340093E7270068
:10DD4000A381F4008347D40381CB78448347070041
:10DD500093E707F82300F700834754031385A400D3
:10DD6000898B6383071A0C5883C72501638E0718B4
:10DD70001946D1059730FE1FE78060B3784483478A
:10DD8000070093E707F82300F70083C7240003C7C1
:10DD900034009769FE1F93896937990793F7F70F46
:10DDA000136787002381F400A381E40078440149CC
:10DDB000BA970357C406A381E70083C724007844B9
:10DDC000834614063E978357C4069206A183BD8BF3
:10DDD000D58F2302F70083C624008547890693F672
:10DDE000F60F2381D4000347F405631CF70A834729
:10DDF0000406795993F7070491C375598357C401F1
:10DE00003309D9401379F90F637DF90803463406C5
:10DE1000751905471379F90F930780426305E600EA
:10DE200085679387878479479387371AB3C7E70253
:10DE300003C68907136606019765FE1F2384C53450
:10DE400003260A00C1650CC63387E702060738D2ED
:10DE500003C7340013670701A381E4007844034635
:10DE60002406BA96A381C60083C624007844369758
:10DE70002302F70003C724007C44BA970347340603
:10DE80001607A382E70083C724008D072381F400CF
:10DE90001C54CA973CDC8357C401B387274123191C
:10DEA000F4068347040693F7070485C783C7340045
:10DEB00003C7240093E70704A381F4007C44BA97C6
:10DEC00003475401A381E70083C72400850723810A
:10DED000F4000347F40585476310F7060356C401B1
:10DEE00021CE03C524000C549307350068443E95A9
:10DEF000636EC9029730FE1FE780609B0349C4012F
:10DF00000347F4058547F9BB8347D40381CB7844A5
:10DF10008347070093E707F82300F70019469305A6
:10DF2000E4039730FE1FE780809885B54A869730D6
:10DF3000FE1FE780C097E9B70149D9B783C78907B2
:10DF400093F7070F93E7670075B301115AC0176B7A
:10DF5000FE1F130BAB1B83274B0A06CE22CC26CA0F
:10DF60004AC84EC652C456C26393075A2A8409450A
:10DF7000EF607F981769FE1F1309890A03260900BD
:10DF8000930780079769FE1F9389C9067CD283A7F0
:10DF90000900176AFE1F130AEA0DB7053300D857A8
:10DFA000DA8A719B13671700D8D798431377F7CF96
:10DFB00098C398431377F7CF1367072098C30327B5
:10DFC0000A001447CD8E14C7B70603009386862532
:10DFD00034CA5457F59A54D78346A40013F6F6076B
:10DFE000944393F606F8D18E94C35C4393F7F7EF0E
:10DFF0005CC30100010003270A005C4393E707109C
:10E000005CC38347E4007844BD8B2308F4002300FD
:10E01000F7001D476444639BE73E8547A3810400E6
:10E020002381F4000347F4058D466313D7288357F3
:10E03000C401639407187C481147B18B638FE716BE
:10E0400031476398E700034714068347F4076306E4
:10E05000F7168547A381F4001946930564031385D9
:10E0600044009730FE1FE780808483C7240099070F
:10E0700093F7F70F2381F40003470406137707048F
:10E0800015C303C7340013670704A381E400784471
:10E09000BA9703475401A381E70083C7240085078B
:10E0A0002381F4009767FE1F238E070C83C624008C
:10E0B0008347E40513F7F60305079A07D58FA308EE
:10E0C000E4002381F400930740F9A305F40083479B
:10E0D0005403858B91E70347440389476319F7008D
:10E0E00078448347070093E707042300F7007C4444
:10E0F00003471401A380E70083260900DC4293E76D
:10E100001700DCC29767FE1F938747F79C4363881D
:10E11000073A0347A40003A5090037060082BA970F
:10E1200083C7070058557D169395870193F7F7032A
:10E13000E185E607718FD98F5CD51307A00383278C
:10E140000A00635CB738F84F37060007518FF8CFE5
:10E1500003A70900B7C7898E938767ED1CC7B75718
:10E160005500938757555CC389471767FE1FA3085F
:10E17000F7E89767FE1FA38207E89767FE1F238FC4
:10E1800007E67C44834444068145170500001305D7
:10E190008576BCDEEF606EED034614016244F2400A
:10E1A0004249B249224A924A024BA685D2440145CD
:10E1B00005611733FE1F67002302A147A381F40006
:10E1C0008357C4062382F4008357C406034714060A
:10E1D0007444A1831207BD8BD98FA382F60003C6B6
:10E1E0002400054709061376F60F2381C40083C770
:10E1F0008A0783260900631AF708034784019307F7
:10E20000E6008E07231AF4069387C708B387E70250
:10E21000F94509451768FE1F2306A8F6416588C61B
:10E22000938707FBC207C18393877716B3C7B702EB
:10E2300013970701B387B70241838607BCD283C710
:10E24000340093E70701A381F4007C443E968347A2
:10E25000240693E70704A301F60083C624007C4448
:10E26000B6972382E70083C624007C4421837D8BFC
:10E27000B697834634069606558FA382E70083C778
:10E2800024008D072381F40015B5B852F9470583A2
:10E290003357F702BC52EC528583FD8BAE97FCD20C
:10E2A0008D479766FE1F238FF6EC4207418341BFDF
:10E2B00019466318C70A0357C40145E7A381F40050
:10E2C00013854400930564039720FE1FE780205EBA
:10E2D00083C724001385A40099072381F40083C712
:10E2E000340093E72700A381F40083475403898B0C
:10E2F000B9C70C5883C72501B9C31946D105972062
:10E30000FE1FE780C05A78448347070093E707F869
:10E310002300F70083C72400990793F7F70F2381A1
:10E32000F4000347040613770704E30D07D683C6FA
:10E330003400784493E60604A381D40091BB83475C
:10E34000D40381CB78448347070093E707F8230081
:10E35000F70019469305E4039720FE1FE780205538
:10E3600055BFA147A381F4008357C4062382F4005C
:10E370008357C406034714067044A1831207BD8B5C
:10E38000D98FA302F60003C62400054709061376B9
:10E39000F60F2381C40083478B078325090063158B
:10E3A000F704034784019307F6008E07231AF40647
:10E3B0009387C708B387E702F94609451768FE1F28
:10E3C0002302A8DC416588C5938707FBC207C18388
:10E3D00093877716B3C7D70213970701B387D7027E
:10E3E00041838607BCD1A1BDB851F9470583335796
:10E3F000F702BC51E8518583FD8BAA97FCD1976742
:10E40000FE1F2381D7D84207418315BD0547639C72
:10E41000E708B147A308F40083475403898BADC3D1
:10E420000C5883C72501A9CF1946D105138584004F
:10E430009720FE1FE780A04778448347070093E7B3
:10E4400007F82300F700684419469305640309059B
:10E450009720FE1FE780A04583A78A0D1397170119
:10E46000635D07008347E400B98B81EB7844834701
:10E47000070093E707022300F700930720F9B1B1E3
:10E480008347D40399C783C7040093E707F8238021
:10E49000F400684419469305E40321059720FE1F04
:10E4A000E780E0404DB70356C4010C541385840047
:10E4B0009307660093F7F703A308F400C5B7830535
:10E4C000840603A509003706008293F7F503139726
:10E4D00097015C557D16F18FB9B913072002635A75
:10E4E000B700F84F370600F97D16718F3706000523
:10E4F000B1B9370700F91306F7FFF84F6945718F77
:10E5000037060003E344B5C43706000181B1F24089
:10E510006244D2444249B249224A924A024B0561BE
:10E52000828041119767FE1F938747BE22C4A05384
:10E5300006C605478346C4006390E60283C7870783
:10E5400011476315F7002285EFE09F9B2285224447
:10E55000B24041016FF07F9FB2402244410182806E
:10E560009767FE1F938787BABC4F99E33E858280E9
:10E5700003C78700E30CA7FE9C43C5BF011106CE6D
:10E5800022CC26CA4AC84EC6EFF09FFD11E90149C8
:10E59000F24062444A85D2444249B24905618280D0
:10E5A000834755032A8489EF19469765FE1F938593
:10E5B00065C4130564039720FE1FE780402FB5A8AC
:10E5C0000547639EE7009767FE1F83C747B4494925
:10E5D000E1D319469765FE1F938525C2D9BF1C5903
:10E5E000A1EB8347C503230A050291EB03475403BC
:10E5F0008547230AF4028947E317F7FC75B713052B
:10E60000C5039740FE1FE780A08F08D815C1EF30E3
:10E6100030150C5883C7A50081CF8947230AF4021F
:10E620001946B105130564039720FE1FE7802028D3
:10E63000034744038947E31BF7FA9767FE1F83C725
:10E64000F7AC9DCB8347C40385CB834734041307C2
:10E6500000041305C40393F7070C6394E70E974077
:10E66000FE1FE780208F08D81C5899C783C7270151
:10E6700081C78947230EF4020349C400E31909F056
:10E6800085478349E4002306F400A304F400976758
:10E69000FE1F238D07A69757FE1F83C79779939474
:10E6A0000701231BF40613F7F9009947C18063F6AD
:10E6B000E7040357C4011765FE1F034585943746D9
:10E6C0000F0093173700AA971305A00F3357A7021F
:10E6D0009387970E1755FE1F035585791306062459
:10E6E000814691042607BA97B3A5A7023305F50220
:10E6F000EF50A04CAA94231B94068357E4062318DA
:10E700000406A9C7034564019307F00F6307F500EA
:10E71000EF503EF7FD57230BF4000356E406930633
:10E7200064011206A2851715000013052597EF5006
:10E730003EDA85451755FE1F0345F568EF503EA3A9
:10E7400081BD9730FE1FE780A07B31BF8547E392F4
:10E75000F9FE034564019307F00F6307F500EF50DE
:10E760005EF2FD57230BF400056693066401130661
:10E7700006804DBF411122C42A84094506C6EF60B8
:10E780008F97EF600F8F228523060400A3050400F6
:10E79000A3040400EFE0CFF685451755FE1F03459F
:10E7A0009562EF50DEE689451755FE1F0345B561BA
:10E7B000EF50FEE5034564019307F00F6307F50092
:10E7C000EF503EECFD57230BF400B24022444101D0
:10E7D00082802C49411106C622C426C24AC083C782
:10E7E00015007D4793F7F7032309F500E91793F721
:10E7F000F70F637BF70093040008B240224426859C
:10E80000024992444101828083C70500BD8BA30960
:10E81000F500F51793F7D70FF9FF2A841946A105DC
:10E82000130565039720FE1FE780E013914471D51F
:10E830002C4885472302F40483C70500194689053F
:10E840009987858BA302F404130564049720FE1FA7
:10E85000E780E0052285EFE00FD685472A89E31C93
:10E86000F5F8034734019547631FF702EF00B068DE
:10E870009757FE1F83C7475E6377F50283470401FE
:10E88000E36BF9F69757FE1F938787589C438144A3
:10E89000829748D02285EFE0AFB4E31025F72285B8
:10E8A000EFF05FED99BF8347040181C71947E394F7
:10E8B000E7F41305000483044401EF70FE9B620536
:10E8C0006185E3CAA4F22285EFE0CFA98345140154
:10E8D000034544068144EF50DFD6034614018345C7
:10E8E00044060D459730FE1FE780008FEF507FF8FC
:10E8F00029B7397126DA9764FE1F9384248122DCBC
:10E90000A0504AD84ED652D456D25AD05ECE62CCFF
:10E9100066CA06DE314B977A0000938AAA16914B9D
:10E920001759FE1F1309496D9759FE1F9389496FA7
:10E930000D4C930C7009130A44018347B40093876C
:10E94000E70693F7F70F6366FB188A07D6979C4391
:10E95000D69782870146930550020145EF501FD993
:10E9600013065002814505459730FE1FE780C0869B
:10E9700083473900858BD1C328488146528681451B
:10E980009757FE1FA38B07669720FE1FE780A07B8B
:10E9900001E52285EFF0FFE30347B4009307300958
:10E9A000E30DF7F8EF50FFEC2285EFE00FDAF250BD
:10E9B0006254D2544259B259225A925A025BF24BD3
:10E9C000624CD24C2161828083472900858B95C39C
:10E9D0009757FE1F2383076283470401054763752A
:10E9E000F7001947E390E7FC9307B0F9A305F4009B
:10E9F000A9B783A70900FC53A9F39757FE1F238FDC
:10EA0000075E4DB783472900858B6388073C97577E
:10EA1000FE1F2384075E93840194EF509FE59C4082
:10EA20009DCBDC438DCB89472302F10083475404FF
:10EA3000130561001946A302F100834744019305C1
:10EA400064042306F1009720FE1FE78040E69C4007
:10EA50004800DC4382978347740689CF834554047A
:10EA60000345840013066404EF907FF38347740624
:10EA7000898B9DFB2285EFE0AFC815BF03453406A7
:10EA8000014693055002EF507FC6834534061306B6
:10EA9000500205459720FE1FE78000748347390028
:10EAA000858B638107342848814652868145975774
:10EAB000FE1FA38407549720FE1FE780C06801E56E
:10EAC0002285EFE04FF60347B4009307A009E30661
:10EAD000F7E6EF501FDA79BF034534060146930588
:10EAE0005002EF50BFC0834534061306500205455F
:10EAF0009720FE1FE780406E83473900858B638334
:10EB0000072E28488146528681459757FE1FA386C7
:10EB1000074E9720FE1FE780006301E52285EFE0A6
:10EB20000FC70347B4009307900955B783472900DF
:10EB3000858B6384072A9757FE1F2380074CEF506D
:10EB40005FD383C7840709476307F70083C7840738
:10EB50000D476315F70283A6090003574407BC520B
:10EB60001307C712858363FBE700930750F9A305DA
:10EB7000F400BC528583E39207DCEDBD03479401AA
:10EB80008347A4011DCF8346A4006305D72863876C
:10EB9000F6002305E4002285EFF02FBB83477900C0
:10EBA00093F7F70FE39B07D883C7840709476307E9
:10EBB000F70083C784070D47E31EF7EA930750F970
:10EBC00035B5E9DF0347A40071FB2305F400E1B785
:10EBD00083C78407E39EFBFE2285EFE05F9FB1BB06
:10EBE00083472900858B638A071E9757FE1F23865C
:10EBF000074083C78407C18B85C7EF509FC783C772
:10EC0000840793F70702E5DF83C78407228593F71C
:10EC1000F70C1757FE1F2307F756EFE0EFF731BB4E
:10EC200083C79407858B91C7EF50BFC49307E0F962
:10EC300075BB83C784071547BD8B639DE700EF0055
:10EC4000902B9757FE1F83C72721E374F5E893079E
:10EC5000D0F969BB83C784071947BD8BE39BE7E6FF
:10EC60009307C0F961B383472900858BE38707CCFD
:10EC70009757FE1F2383073883C78407C18B89CB2F
:10EC8000EF503FBF83C7840793F70702E5DFADBFAF
:10EC900083C79407858BC9FB83C784071547BD8B42
:10ECA000E387E7FA83C784071947BD8BE38AE7FA4E
:10ECB000EF503FBCEDB9230E84072285EFD03FC251
:10ECC0008347B400E38B97C7DDB183473900858B59
:10ECD00085CBEF501FBA9757FE1F9387A7319843F4
:10ECE0003C57ED9B3CD79757FE1F238C07303717B7
:10ECF000004083578701C607C583231CF7009DBBCF
:10ED000083A70900FC53E39A07C2EF509FB69757B9
:10ED1000FE1F9387272E98433C57ED9B3CD7975770
:10ED2000FE1F2380072E3717004083578701C60731
:10ED3000C583231CF7009757FE1F2381072C1DBB9B
:10ED400083472900858BD1CB9757FE1F2387072A3E
:10ED500083C78407C18B9DC383C7840793F70702CA
:10ED6000E5DF2285EFE04FE383C7840793F7F70CD5
:10ED70001757FE1F2308F740EF50BFAF2285EFE083
:10ED80002F98938401949C409DCBDC438DCB894785
:10ED90002302F10083475404130561001946A302BE
:10EDA000F10083474401930564042306F100972092
:10EDB000FE1FE780C0AF9C404800DC43829783473A
:10EDC0007406858BE38507BE8345540403458400A0
:10EDD00013066404EF90BFBCD9BE83A70900FC539F
:10EDE000E39D07B49757FE1F238A0720DDB197578D
:10EDF000FE1F83C78720858BF5D79757FE1F238E6D
:10EE0000071EEF501FA72285EFD09FDD2285EFF070
:10EE10007F9671BEE38407D84DBB41119757FE1F03
:10EE20009387C72E22C4E04B06C626C2630A042479
:10EE30008346C40005476395E6249756FE1F83C6A4
:10EE4000161C1547638BE6001757FE1F1307C71ADA
:10EE5000034777008D46639DE6002244B24092440A
:10EE60001755FE1F034535F6854541016F502EB0FD
:10EE700083C70700835604021757FE1F2328872ED7
:10EE8000850793F7F70F1757FE1F2301F72813077E
:10EE900000643347D70263C8E700EF505EE5975739
:10EEA000FE1F238507260347E4009D476317F704E9
:10EEB0008347940685CF8356040763E6F6028345AD
:10EEC000840093073004A30BF4001305300493F679
:10EED000F60F0146EF907FAC22852244B240924467
:10EEE00041016FF03F8985062318D406930530024F
:10EEF0000545EF505ED92301A40685471757FE1F2D
:10EF00002302F728034784018D476319F70AEF505E
:10EF10002E890D8901ED930770022305F4009307F4
:10EF20005002A30CF4009307600231A885476310D8
:10EF3000F508930760022305F40093075002A30C21
:10EF4000F40093077002230DF4000347E4008547A3
:10EF50009754FE1F83C434E76318F70E0356040268
:10EF600085452685EF504EC083475403898BEDC7F6
:10EF70008347C403F5C30C58E5C183C7A500E9CF97
:10EF80008947230AF4021946B10513056403972043
:10EF9000FE1FE780C0910347C407894763E2E70C7F
:10EFA00022852244B240924441016FE01FFA930748
:10EFB00050022305F40093077002A5B789468347E2
:10EFC000F4006319D70213F7170011CF130750028B
:10EFD0002305E400898B81CF93076002A30CF40022
:10EFE000230D04009DB7930760022305F4009307E7
:10EFF0007002EDB79DC313F7170001CB93075002C2
:10F000002305F400A30C0400E1BF898B81C793079B
:10F010006002FDB793077002E5B7834794011307B9
:10F0200040026365F7009307500201A8850793F734
:10F03000F70F13077002E368F7FEA30CF400834791
:10F0400094012305F40069BFB9450545EF50BEC3DF
:10F05000035604022A9629B78547230AF40225BFDE
:10F060009757FE1F9387C7DA9C43832484098297AE
:10F0700063EDA400835764073385A440E372F5F27F
:10F08000B24022449244410182809757FE1F9387E9
:10F09000A7DDDC43BE94F9BF011122CCFD5706CE9B
:10F0A000230BF5008357E5062A8485C783460507A9
:10F0B000834585009307C003A30BF50001461305A4
:10F0C000C003EF909F8D22856244F24005616FF08E
:10F0D0006FEA8347E5000547BD8B6386E7008347FA
:10F0E0000506918BEDD39757FE1F9387270283A7C1
:10F0F000070E93F7072085C302C402C202C08148ED
:10F100000148814701478146054681451305C003F3
:10F11000EF905F864DBF02C081480148814701479B
:10F120008146054681451305C003EF909F8261BF6C
:10F130009757FE1F23A0A7108280411106C697573C
:10F14000FE1F83C757C889EB17D5FFFF130585D46A
:10F15000EF507E88EFC0DFE597D7FFFF9387670703
:10F160001757FE1F2326F70097F7FFFF93874741A6
:10F170001757FE1F2320F700B24097070000938720
:10F1800007CA1757FE1F2329F7FE97F7FFFF93873C
:10F1900087391757FE1F2323F7FE4101828011C9CB
:10F1A0008327050A93E707082320F50AFD57230361
:10F1B000F50282809757FE1F23A2A70882809757E7
:10F1C000FE1F9387A7F4BC4B9C5799E33E85828032
:10F1D00003D78701E30CA7FE93878705FDB70111CD
:10F1E00022CC06CE2A84034565029307F00F2E86B3
:10F1F0006309F5002EC6EF50CEC83246FD572303F3
:10F20000F4028347A402035784049306640293E73D
:10F2100007062305F40283570404A285F240BA9737
:10F220002313F404624417050000130585F70561F4
:10F230006F500EAA011122CC06CE2A840345750216
:10F240009307F00F2E866309F5002EC6EF506EC3AC
:10F250003246FD57A303F40293067402A28562446A
:10F26000F240171500001305C5E505616F504EA665
:10F27000011122CC06CE2A84034585029307F00FA4
:10F280002E866309F5002EC6EF50AEBF3246FD57FD
:10F290002304F40293068402A2856244F240171507
:10F2A00000001305A5E405616F508EA2B707480161
:10F2B000ED079755FE1F83D585E71756FE1F0356AA
:10F2C000C6E71757FE1F035767E79756FE1F83D6FB
:10F2D00046E6232EF51A2320F51C231CB51A231A03
:10F2E000C51A231BE51A231DD51A6D48AE87637313
:10F2F000B800ED47939507012314F51C6D48C181B3
:10F30000B2876373C800ED472312F51C13068014FF
:10F31000B6876374D600930780142315F51C9306F3
:10F320008014BA8763F4E600930780142313F51C56
:10F330002307B50482800347651489468357A51CBB
:10F34000631ED70283568514938787E899C6B3C78F
:10F35000E702938757FD214731A02147B3C7E70252
:10F36000938757FDB3C7E7020357851CC207C183C4
:10F3700063F3E7003E872307E50482808546631632
:10F38000D7009387C7FB1147F1BF938707FBE1B70E
:10F390008357451B0357051C411106C663F3E7005D
:10F3A0003E87931807018357251C0357651B93D885
:10F3B00008016373F700BA87139807018356C51BCA
:10F3C0008357851B1358080163F3D700BE86035784
:10F3D000A51B8357E51B13930601135303016373A6
:10F3E000F700BA8783467514C2070947C183639A39
:10F3F000E6000566130606A942876370C8023287D5
:10F4000029A8032705109316470163CC060005665B
:10F41000130686844287E36406FF13180701135816
:10F420000801834665140947639EE6060357A50352
:10F430009306204E3307D70293F6F80F9A061386E9
:10F44000F63C9386C64F634406019306C812158F97
:10F4500063D3E7003E87420705664183130606A98A
:10F46000BA876373C700B287C207C1830356451CBE
:10F4700013F7F80F9376F30F6316E6040356651C33
:10F48000631206050356851C631ED6020356A51C8F
:10F49000631AF602230E0506EFF0FFE90945B240B4
:10F4A000410182800327051093164701E3C006FC43
:10F4B000056613068684BE856373F600B28593974E
:10F4C000050165B70546230EC5062312E51C231367
:10F4D000051D2314D51C2315F51CEFF0DFE50145B0
:10F4E0007DBF0357A51B8357E51B411106C66373F8
:10F4F000F700BA87034665141397070189464183CD
:10F50000631BD6068566938606A96373D700B68704
:10F510001397070141838357A51C6387E70085473D
:10F520002315E51C230EF5060357651B8357251C81
:10F530006373F700BA87034675141397070189466A
:10F5400041836317D6048566938606A96373D70043
:10F55000B6871397070141838357651C6387E700CC
:10F5600085472313E51C230EF506EFF0DFDCB240E0
:10F57000014541018280856713868784E37DE6F833
:10F580008326051093870780F58FD1F7328761B7FF
:10F59000856713868784E371E6FC832605109387CD
:10F5A0000780F58FD5FB328745BF0357A5049547E4
:10F5B0000356E503B307F7028356A50393D53740F7
:10F5C0006355B600118F93173700B3C7D702C20730
:10F5D000C1832314F5048280832745110D469306C9
:10F5E000F00F03C707000D8BA306E5006314C700E7
:10F5F00083C62700A30BD50003C70700418B23094F
:10F60000E50083C71700230BF50082808347C50000
:10F61000CD9B2306F5008280832745110347C50053
:10F6200083C70700935637408987B58F858B99C765
:10F63000134787002306E500014582800545828047
:10F64000832745110347C50083C70700935627400A
:10F650008D87B58F858B99E7134747002306E50013
:10F6600001458280054582808327450E8507232238
:10F67000F50E91E78327850E85072324F50E832752
:10F68000850E93F7070891C785472322F50E23249B
:10F69000050E8347A50293F7070491CF835705040E
:10F6A00003578504BA972313F5048327450A93F774
:10F6B000F7BF2322F50A82808327C50E85072326FC
:10F6C000F50E91E78327050F85072328F50E83277D
:10F6D000050F93F7070891C785472326F50E2328C2
:10F6E000050E8347A50213F7070409C793E707022E
:10F6F0002305F50282809757FE1F938727A183A7D2
:10F7000087090145054791E3828083C6B70063936B
:10F71000E60005059C43C5BF411122C491452A84DA
:10F72000014506C6EF502ED6231BA4041757FE1F13
:10F730000357C7A8854763F1E7060355A41C835701
:10F74000641C37460F0013060624AA979387875731
:10F750001745FE1F0355C571B3A5A70281463305A2
:10F76000F502EF408045835704040357E4058355B1
:10F77000840505461D8F3307B702832704091383C9
:10F78000F5FF130E80023E979757FE1F9387079849
:10F7900083A8870963666600B240224441018280E3
:10F7A0003308C603C687FD563A9881E7231BC40475
:10F7B000E5B76314F4001C40F5DB83AEC70863981B
:10F7C000BE0083A60709B306D840B3F6B60263E4C9
:10F7D000A6009C43D9BF090675BF1757FE1F0357E4
:10F7E000E79D854763F1E70A411122C48357651CF1
:10F7F0002A840355A51C37460F0013060624AA9732
:10F80000938787571745FE1F03558566B3A5A70243
:10F81000814606C63305F502EF40203A03465405FB
:10F820009757FE1F9387878E83A887097D16854685
:10F830001303800263E6C600B24022444101828085
:10F840003387660283270409FD553E97C68781E703
:10F85000231BD404D5B76314F4001C40F5DB03AEBE
:10F86000C7080328C408631A0E0103A80709B305D3
:10F87000E84063640701B305074163E4A5009C43C6
:10F88000F9B7850645BF82801757FE1F03570793B8
:10F89000854763F5E70E41119757FE1F938707874A
:10F8A00022C403A4870906C626C2A28789EB09ECF5
:10F8B000230E0500B240224492444101828003C7D6
:10F8C000D7016DFB9C43DDB76314A40000406DD0ED
:10F8D0008347B400D5E30327C4088327C508630D15
:10F8E000F7080347C50193070008AA84631DF704BE
:10F8F0008357A403194693050008231AF506231B12
:10F90000F5068357C403231DF5048357E403231E20
:10F91000F50403558500EF20C04B8547A38EF40006
:10F9200083C7C40193F7F707238EF40013058406F9
:10F930002244B240924431469305F00F410117131F
:10F94000FE1F6700E3FD8357A503194693050008D2
:10F95000231AF406231BF4068357C503231DF4045E
:10F960008357E50303558400231EF404EF2060460B
:10F970008947A30EF4005DBF004015BF230E0500AC
:10F980008280411126C206C622C41757FE1F0357A4
:10F99000E7828547AA8463F8E71A83278510898B55
:10F9A0006383071A9747FE1F9387477683A78709C4
:10F9B000BE85ADED03D6841C01447D581306260296
:10F9C00005862D067D55A5EB630E04108347B40014
:10F9D0000357A403D5EB8947231CE404A30AF404CA
:10F9E00003570406835704042285BA97C1071D8B69
:10F9F000998F231FF4048357C403231DF4048357F2
:10FA0000E403231EF404EFF03FD18327440A93E775
:10FA100017002322F40A8547230AF4008D47A30E1A
:10FA2000F400B240224492444101828003C7D501D0
:10FA30006DFB8C41BDBF98436394970051D7BA8743
:10FA400083A6070903A7040963E2E6023387E640B9
:10FA500083A6C40863F4E6003377D7026376A70071
:10FA60003A856373C700BE859C43B1BF158F83A6DB
:10FA7000C70863F4E6003377D702E37707FF3A88D5
:10FA8000E374C7FE3E84CDB783D7A403B3F7E70280
:10FA9000C9FB9D46994763F5E600935717008D070C
:10FAA0000567231AF406130707C88A076353F7008C
:10FAB000BA87231BF4068357C40303558400130637
:10FAC0005002231DF4048357E40393050008231E0A
:10FAD000F404C947A30EF4002244B2409244410109
:10FAE0006F20202FADC103D7A40383D7A503B3F79D
:10FAF000E702B1EB8387C40163D707049D469947AA
:10FB000063F5E600935717008D070567239AF406FF
:10FB1000130707C88A076353F700BA87239BF406C5
:10FB200083D7C40303D5840013065002239DF40435
:10FB300083D7E40393050008239EF404CD47A38EE6
:10FB4000F400EF200029238E0400E1BD9747FE1F3B
:10FB500023A8076E9747FE1F23AA076483576508EB
:10FB60001746FE1F0356C63003270509B387C70291
:10FB700037460F009306F62313060624AA85B69788
:10FB8000B3D7C7021746FE1F0346B62A3E96636EDA
:10FB9000C7003306C74003A7C508938695021725FB
:10FBA000FE1F130565FF6F408ECA9747FE1F9387A0
:10FBB000A72BDC433E97F1BF9747FE1F938707684B
:10FBC0009843011126CA06CE22CC4AC84EC6AA8442
:10FBD00041CB3E891747FE1F0357475E8547631198
:10FBE000F70803D464089747FE1F83D767280325C7
:10FBF00005093304F402B7470F001387F7239387EF
:10FC000007249749FE1F938929263A943354F40216
:10FC1000636C85069747FE1F9387871F9C433304B9
:10FC2000854082976366A406098C635304000144EF
:10FC30001745FE1F0345F51F058103290900637D54
:10FC40008504098C37450F0013050524B335A4023C
:10FC500003D6890081463305A402EF30107602995D
:10FC6000930700FB2387F40083C794026244854511
:10FC7000F240D2444249B249B395F500C205C18170
:10FC8000014505616F40AECE83A749003E9559B747
:10FC900083A749003E9449BF0145D1B7411106C62B
:10FCA000EF10A01319C983278511014581E7B240E0
:10FCB000410182809C430505D5BF7D55CDBF974747
:10FCC000FE1F9387A74483A7470A411122C426C277
:10FCD00006C62A84AE846396A7009747FE1F23A911
:10FCE000074C8327041281CB0355840001469305FA
:10FCF0000008EF20000E8357440481CB0355840095
:10FD00004D4693051008EF20C00C0355840015469E
:10FD100093051008EF20E00BB240230A940423055A
:10FD200004002308040022449244014541018280DA
:10FD30008347A5006383073883570508411122C410
:10FD400006C626C285072310F5088347F500230C55
:10FD500005002A8413F7270005E703570504954794
:10FD600063E4E700014501A89305E003EFF03FF5E8
:10FD7000A305A4020945B240224492444101828075
:10FD800013F7070239CF93F7F7FDA307F500832791
:10FD9000050A0347B500A305050293E747002320A2
:10FDA000F50A8547631FF7028357A5031306204E04
:10FDB00003274509B387C7029746FE1F83C6660718
:10FDC00093860605B3D7E702034775033307C702D7
:10FDD000B697C207C1832312F5088607BA97231185
:10FDE000F50883471401858BF5CB8357E40503574A
:10FDF0000404639FE7288357C4038355C405034560
:10FE000084022310F40683475405231FB40292058D
:10FE1000A30BF40283576405F915231CF4028357DE
:10FE2000A405231EF402EF400EBE8346B400231047
:10FE30000408835784031747FE1F0357670363981B
:10FE4000061EB387E702130700321746FE1F13068C
:10FE5000A601504293870719B3D7E7020327040985
:10FE6000D1073E97BA866364F7006364C700B306A0
:10FE7000C740835784052328D408231DF4028347F1
:10FE8000D40181C72285EFF05F958357A4031747FC
:10FE9000FE1F0357E7FD93060032B387E7022311E5
:10FEA000040233D6D702B3F7D7029306204E232697
:10FEB000C408B387D702B3C7E7022310F4028357FD
:10FEC00004042312F4028347F40093E70702A30714
:10FED000F40083471401F99BA308F400834714013D
:10FEE000898BB9C70357E41283570404B306F7405C
:10FEF000139606016343061A631CF7028147014803
:10FF000093048413232CF412232E04131546930513
:10FF1000841226859710FE1FE78060992685EF10D2
:10FF2000A03A83471401A306A412F59BA308F4008A
:10FF30008347140113F7070135C78356C4140357C9
:10FF400004043386E6409315060163C80514639BD9
:10FF5000E604BD9BA308F4008347A41499C7898BCA
:10FF60006387071485472303F4148347B41499C7A0
:10FF7000898B638107148547A303F4142285EFF06E
:10FF80004FD68347C40799C78327040A93E707100E
:10FF90002320F40A8327040AA305040293E7072019
:10FFA0002320F40A8347140113F7070221C31747DC
:10FFB000FE1F1307A715384B13068005834647001D
:10FFC0001857B386C60236978356C70103570404F1
:10FFD0003387E64013160701634A06000357C4142B
:10FFE0006316D70093F7F7FDA308F4008347A40234
:10FFF00093F70704E38807D6035764048357040480
:020000022000DC
:10000000E312F7D6034704019307A0046315F70032
:1000100085472308F40083278410C18BE38407D429
:100020008327440A93E707402322F40A25BB83462B
:10003000441783558405A18A99CE03560404835638
:1000400064170355A403918EB386A602B3C6B60205
:10005000B296231BD41695CBB307F70213070032D1
:100060001746FE1F130646E0504293870719B3D781
:10007000E702032704093E97BA866364F7006364C6
:10008000C700B306C7402328D408231DB402F5BB1C
:10009000998F13970701E35307E4930580022285A4
:1000A000EFF0FFC1A305A40213058002E9B1230309
:1000B000041465BDA3030414D1B50545828005C5AC
:1000C00041119305200222C406C62A84EFF03FBFE7
:1000D000FD57A305A40223080400A303F402B240C1
:1000E00022444101828082800DC9411122C406C68A
:1000F0008347F5002A849305E003898B91C3A145CA
:10010000EFF0FFBBFD57A305A4022308040023045E
:10011000F402B24022444101828082808327050A92
:10012000797122D406D626D24AD04ECE52CC56CAA7
:100130002A84638B073613F7270019CBF59B2320FE
:10014000F50A03558500194693050008EF1070481D
:100150008327040A13F747004DC7ED9B2320F40AB9
:100160008347A40293F7070491CF83278410C18BA0
:1001700099C78327440A93E707402322F40A22857C
:10018000EFF0AFC20347B4008547034644018356EE
:100190002406631AF76C8357A4031307204EB38712
:1001A000E70203274409B3D7E7021747FE1F0347B7
:1001B00047C813070705BA97C207C1830347B402AC
:1001C0002312F40886072311F4089307000819C3C3
:1001D00093070004230EF40019E68347A40293E773
:1001E00017002305F40281EA035584000D469305A8
:1001F0000008EF10103E23110406230A0400A30E8A
:1002000004008327040A13F787000DC303558400F5
:10021000DD9B2320F40A154693050008EF10703B80
:100220008347A40293E747002305F4028327040AC7
:1002300013F7070139C7BD9B2320F40A8347D40471
:1002400003558400214689C7A3060404130600034E
:1002500093051008EF10F0378347C40489CF832734
:100260008410C18B89CB8355A40422859205C205D5
:10027000C181EFE0DFF68347A40293E7170023056F
:10028000F4028327040A13F7070415CB0347F40489
:1002900093F7F7FB2320F40AA14763FBE7008347AA
:1002A000B40099E78327440A93E707012322F40A5D
:1002B00003558400314693051008EF1090318327D1
:1002C000040A13F7070245CB8346B40093F7F7FD02
:1002D0002320F40A0327C4108327841099EA137794
:1002E000070801CB0327440A37064000518F232219
:1002F000E40A93F707026383075AADE28357641B4E
:100300000357641C6304F70283467414094763911E
:10031000E6580567130707A9637AF7008327440A9D
:10032000056713070780D98F2322F40A8357A41B7C
:100330000357A41C6304F702834664140947639CB3
:10034000E6540567130707A9637AF7008327440A71
:10035000056713070780D98F2322F40A0355840009
:10036000114693050008EF10D0268347A40293E7B7
:1003700017002305F4028327040A13F7071005C7A3
:100380000355840093F7F7EF2320F40A230E0406A5
:100390001D4693050008EF10D0238347A40293E77E
:1003A00017002305F4028327040A13F7070809CF6F
:1003B0000355840093F7F7F72320F40A130670051A
:1003C00093051008EF10F0208327040A13F7072085
:1003D00031C393F7F7DF2320F40A83476414230F14
:1003E0000400A29703856716A301A414EF406F9F32
:1003F0002301A4142285EFE01FF403558400314645
:1004000093050008EF10F01C8347A40293E7170040
:100410002305F4028327040A139727016357070073
:1004200079777D17F98F2320F40A8327040A13971D
:100430000701635A0704834504031745FE1F03455C
:1004400015CDEF40EEFB8357A4031307204E232A5C
:10045000A408B387E70261777D17B3D7A7021745D2
:10046000FE1F0345059D13050505AA972312F408F1
:100470008347A40293E717002305F4028327040AA5
:10048000F98F2320F40A8327040A858B91CF8347B1
:10049000A40283454405228593E717002305F4024F
:1004A000EFF0FF81A305A4028307141685C7030795
:1004B000440399463306F74063D9C63E8327440A6E
:1004C000B7061000D58F2322F40AF557A302F416BD
:1004D000A300E4168347A41613F7270045C3830639
:1004E00044030307241663DCE6000327440A3706A7
:1004F0001000518F2322E40A1147A302E4160307D8
:100500003416635CD7000327440A37061000518F66
:100510002322E40A7157A302E41603070416130604
:10052000F007630CC7020346D4160345E416158F83
:1005300062076187B306A6406355D73893F6070173
:100540006391063893F7F7F893E707012305F4164C
:100550008357041785072319F4168357241799CF57
:10056000FD17C207C1832319F41689EB03558400D4
:100570001306000293050008EF10B0058347A4009E
:10058000B9C38327041299CF8347A40181EF035590
:100590008400014693050008EF10B00301E585478C
:1005A000230DF4008357440499CF8347140381EF4C
:1005B000035584004D4693051008EF10900101E5A6
:1005C0008547A308F4028347441713F7070179C747
:1005D000BD9B230AF4168327440A898BE1E3034772
:1005E0000401D547630CF70A83471401898BDDE7C3
:1005F0008144814901498D4A130A500213978401AD
:10060000618793773700098722970347D7178607B3
:10061000B397FA007D8F638BE700268605458145F9
:10062000EF306019B3E9A9003369B9008504E39795
:1006300044FD032584138325C413337535012AC46F
:10064000B3F5250128002EC6EF0010488347541348
:1006500063EEA700034544037D578547591562059E
:100660002C0061853AC43EC6EF404FBA032784137D
:10067000A2476317F7000327C413B2476300F702CA
:1006800015462C00130584129700FE1FE7802022D8
:100690008327440A93E727002322F40A834644175A
:1006A000A54713F796006316F7040357040483570E
:1006B00064176360F704B307F74013960701634AB2
:1006C0000602834754171306000A0507B387C702BB
:1006D0000356A403DD9A230AD416B3C7C702BA97F8
:1006E000231BF4168327440A37078000D98F23225F
:1006F000F40A8347A402E1CB918B91CF0346040116
:10070000C165938505A02285EFE0DFB28347A4028F
:10071000ED9B2305F4028347A402858B8DC303451B
:1007200074029307F00F6307F500EF309EF5FD5755
:10073000A303F4028347A402F99B2305F402834731
:10074000A402898B91CF8355E4030345840292056B
:10075000F915EF305EAB8347A402F59B2305F40245
:100760008347A402A18B85C38355E4030D462285EC
:100770009205F915C205C181EFE0DFAB8347A40202
:10078000DD9B2305F4028347A40213F7070101CF81
:100790000345640293F7F7F82305F402EF307EEE89
:1007A000FD572303F4028347A40213F7070201CF86
:1007B0008355A4040345640293F7F7FD2305F4026F
:1007C0009205EF305EA48347C40193F7070C89CBF1
:1007D0000347B400854722856315F712EFF06F9A3F
:1007E00083570404A5CB13074006B3F7E702BDE324
:1007F0009747FE1F938747A49C43898BA1C79734D3
:10080000FE1F9384A461985815CF9747FE1F83D786
:10081000E790C2079745FE1F83D56590DD8D25457E
:1008200002979C589745FE1F83D5258F29458297AF
:100830009C58831524032D4582979C5883054403B7
:10084000314582979747FE1F2399078C9747FE1FD4
:1008500023A6078CB250225492540259F249624A9C
:10086000D24A4561828093070004230EF40019E602
:100870008347A40293E717002305F402E39F06963B
:10088000035584000D4693050008EF108054B5B25F
:100890001307801451B4130780147DB48327440ACE
:1008A0007D771307F77FF98F45BC998FE3D4F6C2A4
:1008B0008327440AB7061000D58F2322F40A8D47F8
:1008C00031B18346B4168345C4163388B600635BE2
:1008D000E80013F807046317080093F7F7F893E7A5
:1008E0000704ADB12A96E34AC7C68D8EE3C7E6C6B4
:1008F00013F70702E31307C693F7F7F893E7070226
:10090000B1B1EFE07FF8E9BD01119737FE1F938782
:10091000E77F22CC03A4070A26CA9737FE1F83D796
:10092000275583546408032504094AC8B384F40294
:10093000B7470F001387F7239387072406CE4EC6C9
:1009400052C456C21739FE1F13090952BA94B3D4C0
:10095000F402636195049739FE1F9389694B83A75D
:100960000900B3049540829763EAA402898C63CBA3
:10097000040283570404A30F040085072310F40422
:10098000834704146395071222859710FE1FE780A2
:1009900020261DA2832749003E9575BF8327490065
:1009A000BE94E9B783A70900829703278408636A86
:1009B000E50A198D8357E4031737FE1F0357474B8A
:1009C0008E07B387E7021307003293870719B3D75F
:1009D000E70263EDA708374A0F00930AFA23130AC8
:1009E0000A248357040485072310F404834704145E
:1009F00091E722859710FE1FE780801F2285EFF088
:100A00002FB363110526832604098327C40803270F
:100A10004900B6973E8563E4D70063E4E700338579
:100A2000E7408347F401835464082328A40885071A
:100A3000A30FF4009737FE1F83D78743B384F402D4
:100A4000D694B3D44403636C9504B304954083A750
:100A50000900829763E9A4043385A440E34305F8C1
:100A600009BF83274900998F3E95A9B7A1452285E3
:100A7000EFF0EFA4A305A4029737FE1F9387073A70
:100A800003A307036300031E6244F240D2444249B9
:100A9000B249224A924A8945154505610283B30449
:100AA0009740AA946DB783274900BE9475B72285F5
:100AB0009710FE1FE780201E2285EFF06FA76313BB
:100AC000051A835764081735FE1F0355653AB74664
:100AD0000F00B387A7021386F62393860624032705
:100AE0000409230B0402032A4900B297B3D7D702A3
:100AF0006363F718B307F7408326C4082324F40878
:100B0000814AB387E600BE8463E4D70063E447010B
:100B1000B38447418357040223289408B1CB8356FA
:100B200004040357440237460F002312D4023387CC
:100B3000E640B387E70203572402130606248146E2
:100B40008145BA97C207C1833385A7022311F402F6
:100B5000EF30A00611CD2695B3349500AE94AA8748
:100B600063949A0063644501B30745412328F40860
:100B700083A709008297AA8483A709008297E30DBF
:100B800095FE83A7090083248408829763EAA40E54
:100B90003385A44063040510835764089739FE1F0A
:100BA00083D9092DB7440F00B38737031387F42384
:100BB00093840424BA97B3D797021737FE1F0347CD
:100BC0005727BA9763ECA70CB33595020359240253
:100BD0004E86814633059502EF20307E330AA90008
:100BE0003305390337460F00130606248146814535
:100BF000EF20B07C05C1B33795024E868146B385A0
:100C0000B4023385A402BE95EF20307B3305A940A2
:100C10002311A4023545EF301FCE9737FE1F23A7BF
:100C200087580347B40085476310F706930700FD14
:100C30002307F40081459737FE1F9387E7608843B9
:100C4000060AEF309EC295471737FE1FA309F73AF1
:100C50009737FE1F9387C73C9C433707100098C700
:100C600023A84707F2406244D2444249B249224A8B
:100C7000924A05618280B3064701B387F640ADBD55
:100C800083274900BE9429B7930710FC2307F4007B
:100C900081459737FE1F9387673555B79737FE1FF6
:100CA00023A607508347940285456244F240D2440C
:100CB0004249B249224A924AB395F500C205C18120
:100CC000014505616F30AECA411122C406C62A84AF
:100CD00083278411DDEF83270412F1EF032504112C
:100CE00009C59700FE1FE780A07C034574029307A7
:100CF000F00F6304F500EF30DE98034564029307BC
:100D0000F00F6304F500EF30DE970345840293078C
:100D1000F00F6304F500EF30DE960345940293076D
:100D2000F00F6307F500EF30DE95FD57A304F402E2
:100D30000355840079249737FE1F83D72748B1E7EE
:100D40009737FE1F23AE074E9737FE1F9387C711B5
:100D5000DC431737FE1F2321F7469737FE1F938783
:100D6000E70B9C479DC39737FE1F9387A7058853C2
:100D700009CD9700FE1FE780A0739737FE1F23A3BE
:100D800007069737FE1F23A10706B2402244410100
:100D90008280C84309C59700FE1FE78060718327E2
:100DA000841103D7A700136707F02395E7009C433E
:100DB000232CF41031BFC84309C59700FE1FE780FC
:100DC000206F8327041203D7A700136707F023952A
:100DD000E7009C432320F412FDBD9737FE1F938745
:100DE000E73283A7870999E33E85828003D787008E
:100DF000E30CA7FE9C43C5BF9737FE1F93870731BF
:100E000083A7870AC1669735FE1F83C51502014770
:100E1000FD1603D6A7006309A6006307D6000507E1
:100E2000C107E3D8E5FE81473E8582809737FE1FE4
:100E30009387C72D83A7870AC9E31735FE1F03557C
:100E4000C52F130515029737FE1F83C717FE15859B
:100E50008507160592073E9542054111418193058C
:100E6000B02006C69700FE1FE780605505C597367F
:100E7000FE1F83C696FB138716009737FE1F23AB12
:100E8000A73212072A978147130640F5930520F5EC
:100E900063D5F600B2404101828099EB2315B5007D
:100EA00058C18507C207A3040500C1834105CDB71A
:100EB0002315C50023220500EDB78280411193055B
:100EC00030261305001D06C622C426C29700FE1F49
:100ED000E780E04E1306001D81452A849700FE1F1F
:100EE000E78000A4014515C89734FE1F93840422AF
:100EF00083A6840995CA3687854703568700630E03
:100F0000F60618437DFB2314F400A9EB2285970015
:100F1000FE1FE780E05903558400B240224492440A
:100F2000410182803687D1BF85472314F4001737EB
:100F3000FE1F232987261737FE1F232787261737EB
:100F4000FE1F231DF726EFF07FEE83A7C40923A021
:100F50000700230504002307040075BF83A7C40905
:100F600080C39737FE1F23A1872483D7040B8507EF
:100F70001737FE1F2314F724C9BF138717009317D1
:100F8000070113160701C183E35E06F88147A5BF79
:100F90009737FE1F9387871703A5870A11CD411145
:100FA00006C69700FE1FE780A050B2409737FE1F8D
:100FB00023A20720410182809737FE1F23AC071E22
:100FC0008280411122C41734FE1F13042414832687
:100FD000840906C60147B687A5C703D687006317ED
:100FE000A60615EF98429736FE1F23ADE61A3E85FA
:100FF0009700FE1FE780C04B8327C40923A007008A
:101000009737FE1F83D7871B9DE7EFF07FF8973751
:10101000FE1F23A90718B240224441018280832683
:10102000C4096397F6009736FE1F23AFE616C1B7D3
:10103000944314C36DBFFD171737FE1F2310F71815
:101040009737FE1F83D78717F9F7C1B73E879C43B1
:1010500061B7714681451735FE1F1305A5141703A7
:10106000FE1F6700E38B8327C50803568508797147
:1010700093D60701BD8EC206C182358E13577640C6
:1010800093575640898B058B5D8F93573640918BD4
:101090005D8F93571640A18B5D8F93171600C18B00
:1010A0005D8F9317360093F707025D8F93175600F5
:1010B0009355860093F707041E065D8F1376F60F8F
:1010C000518F93D7554013D63540118A898BD18FD4
:1010D00013D67540D18F13D61540218AD18F139620
:1010E0001500418AD18F1396350013760602D18FF1
:1010F00013965500137606049E05D18F93F5F50FD0
:10110000CD8FA20745465D8F3307C70222D42A84BC
:1011100026D252CC56CA032A040A832A440A5AC841
:1011200006D6369742074183935777401355574069
:101130000989858BC98F135537401189C98F13557C
:1011400017402189C98F131517004189C98F1315BD
:10115000370013750502C98F131557009355870083
:10116000137505041E07C98F1377F70FD98F13D591
:10117000354013D755401189098B498F13D57540D8
:10118000498F13D515402189498F13951500418941
:10119000498F1395350013750502498F1395550036
:1011A000137505049E05498F93F5F50F4D8F2207A2
:1011B000D98FB387C7024AD04ECE5EC662C4B697F7
:1011C000C207C18313D7774013D557400989058BD0
:1011D000498F13D537401189498F13D5174021897D
:1011E000498F139517004189498F1395370013755F
:1011F0000502498F1395570093D587001375050491
:101200009E07498F93F7F70FD98F13D5354013D722
:1012100055401189098B498F13D57540498F13D5D6
:1012200015402189498F139515004189498F1395E0
:10123000350013750502498F139555001375050484
:101240009E05498F93F5F50F4D8F2207D98FB387F0
:10125000C702130650025285D685B697BD8E939469
:101260000601C18033F6C402137BF60FEF20E05174
:1012700005891DE98347140801498149B384970210
:10128000130C5002C1804A865285D685EF20E04F6C
:101290000589937BF90F11C563863403850993F99A
:1012A000F90F0509E31189FF230F6407B250225497
:1012B00092540259F249624AD24A424BB24B224CF2
:1012C000456182805E8BCDB78347150003472500BB
:1012D00083464500A2074207BA9703470500FD8AE7
:1012E0000548BA9703473500930500020145620798
:1012F000BA9701473316E8007D8E01C605051375C0
:10130000F50F0507E318B7FE8147214633D7F640AE
:10131000058B01C705051375F50F8507E398C7FE13
:101320008280011152C656C4032A8513832AC5132D
:1013300022CC26CA4AC806CE2A84A30B0512A306CD
:10134000051281441309500226865285D685EF2066
:10135000C043058911C58347D4128507A306F4123B
:101360008504E39324FFF2406244D2444249324A66
:10137000A24A056182801737FE1F034757C8954769
:10138000630BF7009737FE1F938707C783C7770064
:101390000D47631FF7009737FE1F83C777C6639714
:1013A0000714930770101737FE1F231BF7C48280A2
:1013B00001119737FE1F938767D50D4526CA4AC886
:1013C00006CE03A9070922CC4EC69734FE1F93848C
:1013D00064C2EF304FD29840B7C7898E938767EDCC
:1013E0001CC7B7575500938757555CC30347A903DC
:1013F0009307F00F6305F700FD57230DF9029739A6
:10140000FE1F9389E9C103A709008547A30CF902D0
:101410005C430145014693E717005CC3930720FB3B
:101420002303F9009D471737FE1FA30AF7BC973720
:10143000FE1F238307BC930550029737FE1F238F9F
:1014400007BA1734FE1F1304E4C2EF302FAA184066
:1014500001455C57F59B5CD783475900944013F7CF
:10146000F7079C4293F707F8D98F9CC29737FE1F66
:1014700083C747A091C79737FE1F9387A7DC884390
:10148000EF300EC09840B70633001C4393F7F7CFF8
:101490001CC31C4393F7F7CF93E707201CC31C40E2
:1014A0009847558F83A6090098C73707030013078D
:1014B0008715B8CA1737FE1FA30207B41737FE1FD8
:1014C000A30C07B2054798C2D8431377F7EFD8C3E8
:1014D0000100010018405C4393E707105CC3F24031
:1014E0006244D2444249B2490561828082804111FE
:1014F00026C29734FE1F9384E48C22C42A8403C539
:101500003400C14506C6EF308E9003C53400930504
:101510000002EF30CE8F9737FE1FA38207AE230263
:10152000040023130400B24022449244410182800B
:1015300041119737FE1F938767BD22C406C6173730
:10154000FE1F0347F7AB03A407099737FE1F9387D6
:10155000A7AA01CF9736FE1F83C686AA0D476396BA
:10156000E6001737FE1FA30D07A803C77700A146A3
:101570006387E60003C777009946639DE60083C74B
:1015800077001737FE1F230DF7A685471737FE1F75
:10159000A308F7A6EF30EFAD2285EFF05FF5130655
:1015A0003002930500080145EF00B0020345040432
:1015B0009307F00F6307F500EF30AE8CFD57230063
:1015C000F404B240224441018280014582804111ED
:1015D00006C6EFF09F80B2401335150006054101A5
:1015E00082806FF0DFFE411106C6EFF00FFF0DC1E4
:1015F0000357C5058356A50503566507835545075B
:1016000003558500EF708FB60145B24041018280DD
:101610000945E5BF011106CE22CCEFF00FFC59C100
:101620000346B50005472A849737FE1F938707AE08
:101630006316E604B853094515CF034604038346F1
:1016400057048358E4030358C4038357A403835502
:1016500084000345B4021307670432C00546EF70E7
:101660004FAF8347F400A3050402014593E7170039
:10167000A307F400F24062440561828003A70709D2
:1016800009456DDB834657078358E4030358C403B9
:101690008357A403835584000345B40213076707E7
:1016A00002C075BF0945F9B7011122CC06CE2A84C4
:1016B000EFF0AFF22DCD8347B5020347A5152313F5
:1016C0008100A302F10083479515A304E1002304E0
:1016D000F100A9E38347D5150307F5152306F100AB
:1016E000830735142305F100631DF7008947A3051F
:1016F000F1004800EF704FAB0145F24062440561D4
:1017000082800307E5156314F7008547CDB7A3056D
:101710000100C5B7834705162305F1008347B515BA
:10172000A305F100834755162306F100D9B70945F3
:10173000E9B7011122CC06CE2A84EFF00FEA29CDB9
:1017400083070516A3048100218023058100130768
:10175000F007638FE70203474503998FA305F10064
:101760008347A51613F7070101C72306010039A017
:1017700093F7070281CF85472306F1002800EF7019
:101780008FA20145F2406244056182808947EDB72E
:10179000FD57A305F100D1BF0945EDB7411106C6BC
:1017A000EFF0AFE319C98345051403558500EF70C9
:1017B0004F9F0145B240410182800945E5BF9375C5
:1017C000F50F01112E8506CE22CC2EC6EFC05FD9B3
:1017D0000DC12A8483460507B245034575010546B8
:1017E000EF70AF9B0145A30B0400F240624405611A
:1017F00082800945DDBF411106C6EF70CF99B24026
:1018000001454101828041119737FE1F9387079060
:1018100022C4E05F06C6094511C80355240CEF70C9
:101820004F979307F00F2311F40C0145B240224467
:10183000410182809737FE1F9387478DFC5F99CBCC
:1018400041111385070C06C6EF706F94B240014535
:101850004101828009458280411106C622C4EFF011
:10186000CFD70DC983467514034665142A84835562
:1018700085000345B5028506050693F6F60F137637
:10188000F60FEF708F900145A3050402B240224489
:10189000410182800945DDBF397106DE22DC26DA8E
:1018A0004AD8EFF08FD3630A05168346B500054783
:1018B0002A849737FE1F938767856391E60CA453AC
:1018C0000945D9C483C744041946898BC1CB8C58B8
:1018D00083C7A500C1C7B105280897F0FD1FE780A1
:1018E00000FD83C75404138964041946898BB5CF5E
:1018F000CA85081097F0FD1FE78060FB8C581946D9
:101900009105281097F0FD1FE78060FA83470403D4
:101910008358A40383C654040346B400835584004B
:101920000345B4023EC48357E40313080102381090
:101930003EC28357C4033EC03C08EF70AF83834769
:10194000F400A3050402014593E71700A307F40080
:10195000F2506254D2544259216182808145280854
:1019600097F0FD1FE780C0FBADBF8145081097F0E1
:10197000FD1FE780E0FA1946CA8561B783A407090D
:101980000945F9D483C744061946898BB5C39385A5
:101990006406280897F0FD1FE78060F183C74407BD
:1019A000138964071946898BB9CBCA85081097F04B
:1019B000FD1FE780C0EF83A5440819462810910554
:1019C00097F0FD1FE780A0EE83A7440883C7370088
:1019D00093E72700A38AF4068358A40383C6540719
:1019E0000346B400835584000345B40202C425BFF6
:1019F0008145280897F0FD1FE78080F245B7081061
:101A0000814597F0FD1FE780A0F11946CA8528108F
:101A100097F0FD1FE780A0E9C1B7094515BF411147
:101A200006C6EFF08FBB0DC10357651C8356451CDE
:101A30000356A51C8355851C03558500EF605FF395
:101A40000145B240410182800945E5BF411106C60A
:101A500022C4EFF08FB80DC92A840357C5058356F9
:101A6000A505035665078355450703558500EF60B7
:101A7000BFEF83471401014593E74700A308F40033
:101A8000B2402244410182800945DDBF411106C6B2
:101A9000EFF0AFB40DC1834785190346751993055F
:101AA000F51803558500A2075D8EEF60BFEB014579
:101AB000B240410182800945E5BF411106C622C4FA
:101AC000EFF0AFB10DC12A841306051083558500D0
:101AD0000345B502EF60DFE80145A3050402B2400B
:101AE0002244410182800945DDBF411106C622C45E
:101AF000EFF0AFAE05CD0347B50285472A846314E6
:101B0000F700A30505020345B4020357C405835635
:101B1000A4050356840583558400EF603FE4014526
:101B2000A3050402B2402244410182800945DDBF81
:101B300001111375F50F06CEEFC09FA239C9972783
:101B4000FE1F9387A75C83A7070E93F707209DC30B
:101B500002C402C202C08148014881470147814650
:101B6000054681451305C003EF60DFE00145F24003
:101B7000056182808346D5031307E50302C08148CF
:101B800001488147054681451305C003EF607FDCAE
:101B9000F1BF0945E9BF9727FE1F9387275703A782
:101BA0000709094529CB83A7070E011106CE93F734
:101BB00007208DC302C402C202C081480148814788
:101BC0000147814601468145EF60DFDAF240014579
:101BD00005618280835807020358A70183570705D0
:101BE00083465707014602C0130767078145094529
:101BF000EF603FD6E1BF828001458280014582804F
:101C000001458280014582800145828001458280B4
:101C100001458280014582800145828001458280A4
:101C20000145828001458280014582800145828094
:101C30000145828001458280411106C622C40347C6
:101C40000500930700086315F70203471500930684
:101C50005002854763E4E606974700009387C7E58F
:101C60000A073E971C430355250082978147B9A078
:101C70009306100885476313D70403471500CD4624
:101C80006308D70E63E3E602A146630DD708B146A9
:101C9000630DD70A95466313D70203552500EFF06D
:101CA000CF932A8415E9894711A893060003630F8F
:101CB000D70E63EAE600E946630FD70CB240224430
:101CC0003E854101828093077005630FF70E9307ED
:101CD00017F0B337F000DDB78327851195C703569A
:101CE00045040506420641829C431307160042073D
:101CF00041839DE72312C40401CA8355840005452E
:101D0000EF601FC4231204040345B40203464405D4
:101D100083558400EF609FC12285EFE0FFFAB9B7D9
:101D20003A86D9B703552500EFF02F8B2A8425DD9D
:101D30000346C504835585000345B5023336C0000C
:101D4000EF601FBFA305040215B703552500EFF090
:101D5000CF882A8429D903572505835605050346CC
:101D6000F504835585000345B502EF60BFBCD9BFBC
:101D700003552500EFF06F862A8415D503564504D8
:101D800001CA835585000545EF609FBB23120404FB
:101D9000A3080402E1BD03552500EFF00F84E3041E
:101DA00005F00345B502EF60FFB9C9B5035525003D
:101DB000EFF0AF822A84E30805EE835585000345E2
:101DC000B502EF607FB8BDBF03552500EF601FB8B7
:101DD00071BD011122CC37E400E026CA04404AC894
:101DE00006CEB70720002EC632C42A89FD8C2320D8
:101DF000F4180F1000001145EF109EF01DC5B245FC
:101E00002246231125012300B500A300C50023208D
:101E100094106244F240D2444249AA851725FE1F1D
:101E2000034575FA05616F101EFD23209410F240E2
:101E30006244D244424911450561828041114AC041
:101E400037E900E026C28324090006C622C4B7078A
:101E50002000FD8C2320F9180F100000EFE0FFF7A1
:101E600011E9232099100945B240224492440249C5
:101E70004101828083270512230D05002A84A5C70E
:101E80000347F500058B19EF0355840001469305C0
:101E90000008EFF01FF439C9B7E700E023A097105E
:101EA0000145D9B7D44303C6C70083C5870003558E
:101EB00085008906EF60BFA905E58327041203D7D3
:101EC000A700A3840700136707F02395E7009C434E
:101ED0002320F4128357240481C7FD172311F4042F
:101EE00083270412D5F3231104047DB78547230DFE
:101EF000F4005DB7797122D406D683C735002E84ED
:101F000023160100A307F10083C74500100802C093
:101F10002307F10083C755008A8502C2A306F1009A
:101F200002C402C802CA02CC02CEEF208FA6034729
:101F3000F1018347040001456310F7020347E10103
:101F40008347140001456319F7000345D101834716
:101F500024001D8D13351500B25022544561828036
:101F60009727FE1F9387871A83A7870C91E38280A8
:101F70006384A700DC5FDDBF411122C406C683472E
:101F8000A5002A8491C79305C5006905EF10406339
:101F90008347240191CB930544011305A4022244F5
:101FA000B24041016F10C061B240224441018280C1
:101FB000AA862E86AA85170500001305C5006F2086
:101FC0002ED19727FE1F9387671403A7870C411113
:101FD00026C206C622C4BE8411E7B24022449244FF
:101FE000410182806304A700585FFDB78347A500C5
:101FF0002A8491C79305C5006905EF10605C83478B
:10200000240199C7930544011305A402EF10405B16
:1020100022852244CC58B240924441016FF05FF9CE
:1020200001114AC81729FE1F1309490E22CC0324A7
:10203000890C26CA4EC652C456C206CEAA84014A8C
:1020400093094500854A631D040E93052025130559
:10205000000497F0FD1FE78080362A841D4561C883
:1020600083C7340019469385440013054400A30137
:10207000F40097F0FD1FE7808083938AA401414616
:102080008145568597F0FD1FE780809479ED93098F
:10209000A401D68541464E8597F0FD1FE7808091CB
:1020A00085472305F400834734009305C4004E851B
:1020B00093E72700A305F400EF1080509384A40257
:1020C00041468145268597F0FD1FE78060904DE1F0
:1020D0009307A402A6853E854146BE8497F0FD1F66
:1020E000E780408D85472309F4008347340093053A
:1020F0004401268593E72700A309F400EF10404C24
:10210000A3000400832549032285EFF07FEA6314CE
:102110000A069727FE1F23AF870A232E0402834750
:10212000490C014585071727FE1F2303F70AF240D4
:102130006244D2444249B249224A924A05618280AD
:102140000347340083C734006305F700228A405CEC
:10215000DDBD4146CE851305440097F0FD1FE780A5
:102160008080E31555FF4945D9B723050400B9B769
:102170002309040071B7232E8A0245B7411197271E
:10218000FE1F9387A7F822C403A4870C26C206C6A5
:102190004AC0FD5419ECB24022449727FE1F23ABDE
:1021A00007029727FE1F2385070292440249410137
:1021B000828003450400EF20CECC0329C403230012
:1021C0009400228597F0FD1FE780802E4A84D9B7BE
:1021D0009727FE1F938787F32382070C23A4070CFE
:1021E0006F10C047411126C206C622C4EFE01FCDC2
:1021F000AA843DC5EFE07FBE2A84630605129307DB
:1022000010112315F500930700FB2307F500854700
:102210002308F5009727FE1F83D747C1A5073E85F2
:10222000C207C183130740106374F7001305401001
:10223000131705014183930700046374F700130526
:102240000004420593053025418197F0FD1FE7808A
:1022500000172328A41019E903558400EFE07FD666
:10226000B240224426859244410182809727FE1F76
:10227000938787D8DC53228523130414232AF41070
:102280009727FE1F938787E803A6870D83A6C70DB0
:1022900003D7A70383C7A704232CC40E232ED40E71
:1022A000A307F414FD572310F4042313F40223149A
:1022B000F4028347E4022324C4102326D41093E7B6
:1022C00007FC2307F4028567938787BB2315F40473
:1022D0002312E414EFD08FB31725FE1F034545B535
:1022E0002301A414EF204FA8D147A306F4169307A7
:1022F0008002A305F4169307006F231FF4149307BD
:10230000F0072300F416F5779387A7EB2311F41653
:10231000A301A4142303A416A303A4169727FE1F46
:10232000239A07DE35BF854425BF411122C42A8484
:10233000834504031725FE1F034575DDA307A4028B
:1023400006C626C2EF20DE8B8357A4031728FE1F84
:10235000035808B2930600323307F8029724FE1F91
:1023600083C424AD232AA4083356D7023377D70277
:102370009306204E2326C40837460F001306062472
:10238000B387D702B3D7A7023307D702BE948357C8
:1023900084039384C417C2048507C1802312940860
:1023A00033470703B387D7022310E4028146858FA2
:1023B000B3B5070333850703EF1030008327840884
:1023C0009726FE1F938646AAD442AA9733B5A70044
:1023D0002E9501E53E8763E4D7003387D7408347D6
:1023E00074032328E4081307204EB387E70286040A
:1023F0002285BE9423119408EFC05FEB2285EFD0B5
:10240000CF9A8355E40322859205F915C205C1814F
:10241000EFC01FE62285EFE0DFF09727FE1F23A91C
:1024200087D89727FE1F938727E19C43898B85C315
:102430009724FE1F9384849E9C5891CB8325840906
:10244000354582979C588325C40939458297228552
:102450002244B24092449727FE1F239007CC97272F
:10246000FE1F23AD07CA41016FD04FEE0357050889
:1024700089468357450863F3E6000947B397E700A9
:102480002313F5086F20BE86011122CC26CA4AC844
:1024900006CE4EC652C483476503034735012A84DE
:1024A0008507230BF5021729FE1F130969B7834718
:1024B000C5009724FE1F9384E4B3631A075A1307D9
:1024C0000004A309E50003471501BD9B93E737000E
:1024D0002306F50093178701A30D0500E18763D953
:1024E00007001377F707A308E500EF107F9339A8DB
:1024F0008327850A93F62700BDC6F59B2324F50A9A
:1025000083270510918BA9CFEFF03EB50347B401A7
:1025100085476310F706832784110347C400DC4313
:102520002380E7008327841103475401DC43A38001
:10253000E70003278411832709005843B8DF9C4034
:10254000B70680009843558F98C3D857719BD8D74A
:10255000F2406244D2444249B249224A0561828033
:10256000EFF05EAD65B793F617008DC6F99B232497
:10257000F50A832704110347C4002380E70083275B
:10258000041103475401A380E700832709000327B0
:1025900004116DB783490501054A6398491DF9C7C0
:1025A00013F7070119C7BD9B2324F50AEFF0BEF10D
:1025B000B1BF13F7070201CB93F7F7FD2324F50A08
:1025C000EF002F85A1B713F7070401CB93F7F7FBB3
:1025D0002324F50AEFF0FEAD15BF13F7070809CB6A
:1025E00093F7F7F72324F50A2285EF009FFC39BF04
:1025F00013F7072009CB93F7F7DF2324F50A228589
:10260000EFF05EBE21B713F7074001CB93F7F7BF9A
:102610002324F50AEF006F9CD5BD13974701635C37
:1026200007007D771307F77FF98F2324F50A2285AA
:10263000EFF0BECBE1BD13973701635A07007D77FA
:102640007D17F98F2324F50AEFF01ECDC1B513973E
:102650002701635A070079777D17F98F2324F50A3C
:10266000EFF05EDA65B52324050A21B78327450A12
:10267000638E071A93F6070481CA93F7F7FB2322A8
:10268000F50AEFF0DE9259B593F6071081CA93F779
:10269000F7EF2322F50AEFF01EE88DBD93F6072031
:1026A00099CA4D8B631F070E93F7F7DF2322F50AB4
:1026B000EFF07EEBA1BD93F6074081CA93F7F7BF19
:1026C0002322F50AEFF01E9C91B59396470163DB38
:1026D00006007D771307F77FF98F2322F50AEFF0C5
:1026E000FE9E2DB59396370163DC06004D8B55EBAE
:1026F0007D777D17F98F2322F50AEFF01EA639B5F5
:1027000013971701635A070071777D17F98F2322FA
:10271000F50AEFF05EB6DDBB1397E700635A0700DA
:1027200001777D17F98F2322F50AEFF05EB9F9BB27
:102730001397B700635B07003707F0FF7D17F98F2A
:102740002322F50AEFF09EC5D1B313978700635B90
:102750000700370780FF7D17F98F2322F50AEFF076
:102760005EF56DB32322050A29B5638C0902930631
:10277000600463EF36071307500463F9E914130785
:10278000A002638AE91C6367370393071002638022
:10279000F91A63EA3701ED476387F914F547638A4D
:1027A000F914228599B393075002638FF91C93079C
:1027B0007002F5B7130760036389E914636B37018F
:1027C0009307E0026384F91E93071003E380F9DEA8
:1027D000C9BF13070004638CE908930710046387DB
:1027E000F90A93078003E39EF9FAEF106FE319AA41
:1027F0009307A0056387F91E63E13705930750052A
:102800006385F90263EB37019307B0046388F91C11
:1028100093071005E38AF9DC69B793076005E38045
:10282000F9DE93078005E39EF9F6228597F0FD1FF8
:10283000E78080D8E30C05CCADB79307B00663ED15
:1028400037019307A00663FBF92093076006E39A1C
:10285000F9F4EFF09EF899A093076007E389F9DC9B
:1028600093076008E39FF9F2EFF0DEB905A813972C
:102870004701E35807F27D771307F77FF98F232489
:10288000F50AEFF09EA62308340149B18347B5024B
:102890008DC705476398E700EFF0BED7854723084B
:1028A000F400ADB183270510918BD5C3BD47230636
:1028B000F4022285EFF06EFAD5B7EF106FD68327BA
:1028C000040A93E727002320F40AC9BFEF104FD56D
:1028D0008327040A230844012311040693E74700D1
:1028E0002320F40A25B1EFF0AEE0D947230AF4041F
:1028F00031B92285EF10CFD28327040A93E717005E
:102900002320F40A2308040011B197F0FD1FE7808B
:10291000A0CAE30D05BE8547A306F4042285EFF0A7
:10292000EEE68347C404F99B2306F404C5B6832767
:102930008510858B81C7EFF09EB3C9BEE947A3051B
:10294000F50283270510918B99C38D478DB722859A
:10295000EFF04EEEA1B7EFF0CEDC8347D40491CB7D
:1029600041469305C40A1305C40C97E0FD1FE78098
:1029700000F48347C4042326040E2328040E93E79F
:1029800017002306F40459B683270510918B81CFD5
:102990008D472306F502EFF04EEC83471401DD9BD3
:1029A000A308F400E5BDEFF0EEE8C5BF8347C5041A
:1029B0002322050E2324050E93E727002306F504A2
:1029C000EFF04ED883471401A3050402DD9BA30852
:1029D000F4008327040A93E70701F5B5EFF06EEDE5
:1029E00075BD8347A51499CB83466514331ADA0065
:1029F0006306FA0013670701A308E5000347B41450
:102A000011CF834674148547B397D7006388E700D6
:102A10008347140193E70701A308F4008347E40107
:102A200099CF83471401C18B99EB8327040A93E75D
:102A300007202320F40A2285EF108FBE85B5830777
:102A40001416F5DB83274410898BF5D78327440AB6
:102A500037071000D98F2322F40AF1BFEF104FBCC3
:102A60008327040A056713070780D98FA9BD1717A5
:102A7000FE1F0357A76A05079716FE1F2390E66AF5
:102A800003278511E30407A893E707012306F50050
:102A9000B5BC83474517858B638007108347651353
:102AA00093D63700AA9683C5061313F7770033D65B
:102AB000E540058A79CA397122DC06DE26DA4AD871
:102AC0004ED652D456D25AD05ECE62CC66CA2A8432
:102AD000034545037D57FD47591562052C00618567
:102AE0003AC43EC6EF109FF2032684132247832682
:102AF000C413B247718FF58F6314E6006387F6063F
:102B00002800EFE06FFC894763F1A706294681455D
:102B10001305D41797E0FD1FE78080E0224AB24AF0
:102B200081490D4C854C930B500293948901E184AB
:102B30004E865285D68513DB2440EF0010458D88E4
:102B4000229B058986040309DB170DCDB3949C00F5
:102B5000B3649900A30E9B168509E39879FD83471A
:102B6000441793E78700230AF416F2506254D254B4
:102B70004259B259225A925A025BF24B624CD24CE1
:102B800021618280B3149C00E1B78547B397E700C9
:102B9000CD8F2388F612828082805D71A6C2971441
:102BA000FE1F9384A456A2C403A4040ACAC04EDE26
:102BB00052DC5ED60179B7090300216AB74B0F00DA
:102BC00056DA5AD862D486C666D26AD06ECE814AA8
:102BD0007D19138B89157D1A138CFB238347E40021
:102BE0001307000D639CE722971CFE1F938C4C4338
:102BF00083A70C0098430D8B0DC71717FE1F2308E2
:102C00000720B84B1377F78FB8CB9843136787002B
:102C100098C39C438D83858B89C701000100010007
:102C2000010097F0FD1FE780E0C68347C404858B51
:102C300089C7A2850545EF108FFC971DFE1F938D58
:102C40006D3B03A70D00171DFE1F130DAD425C5712
:102C5000F19B93E717005CD79717FE1F93870742F6
:102C6000944383270D006389061403466413B296C8
:102C700083C60600505737050082939586017D155F
:102C800093F6F603E606698ED18E54D7E185930656
:102C9000A00363D6B612F44F37060007D18EF4CFE7
:102CA000832784091CC78327C4095CC303A70C00BE
:102CB0005C4393E717005CC38355441C9547035658
:102CC000641C9105034574141717FE1FA309F732FE
:102CD000C205930710FD2307F400C181930700FC90
:102CE0001717FE1F230AF730EF105FA00346741476
:102CF00085468357240803576408631CD60E9387C0
:102D000057030607BA9703A70C00544733F626016A
:102D100050C70F10000003A70C00370602008607FB
:102D200010C7130600F89715FE1F2389C52C7CD306
:102D300054C79717FE1FA383072C03A60C009717F1
:102D4000FE1FA38B072A85471CC28346C40483A7A2
:102D50000D0003270D00858AC5C29443B7053300D3
:102D600093F6F6CF94C3944393F6F6CF93E60620FA
:102D700094C31447CD8E14C79386891734CA545709
:102D8000F59A54D78346641313F6F607944393F6E3
:102D900006F8D18E94C35C4393F7F7EF5CC3010050
:102DA000010003270D005C4393E707105CC397E025
:102DB000FD1FE78060351DB58346241465BD93066D
:102DC000200263DAB600F44F370600F97D16F18E63
:102DD00037060005E1B5B70600F91386F6FFF44F94
:102DE0006945F18E37060003E34AB5EA370600016C
:102DF00075B59387970431B79443B705330093F6BD
:102E0000F6CF94C3944393F6F6CF93E6062094C38B
:102E10001447CD8E14C72328660595B71307100DE8
:102E20006394E75E9717FE1F83C7071D858B971C6A
:102E3000FE1F938C6C1C638D074E83C70C00E2074A
:102E4000E18763D9070C8347F400171DFE1F034D6C
:102E50004DFE93F7070285C38357A4031307204E43
:102E6000B387E70203274409B3D7E70213070D0529
:102E7000BA972312F408035544081718FE1F035885
:102E800028FF37460F0013059504B3250503814637
:102E90001306062442C683ADCC013305A802EF0019
:102EA000D0518327C40832483385A7403307B50182
:102EB0009717FE1F938747FBBA85D4436364A70027
:102EC0006364D700B305D740032704096360B716CE
:102ED00003566408835724080D8F13151600AA970C
:102EE000B387070313850B24E297B3D7A702636662
:102EF000F700B387F64063F4E7002328B408420DD7
:102F000093571600135D0D0163E4A7132313F40810
:102F1000231004088345C4040325441193062403A5
:102F200013064403858997E0FD1FE780C0219717AA
:102F3000FE1F2386A70C8347440303C76404998FAD
:102F4000230AF40283C76C00858B6395072C8347A3
:102F5000A40293E727002305F40283C70C00E207CD
:102F6000E18763D307028347641313D7370093F6CF
:102F7000770022978547B397D7008346071393C7F7
:102F8000F7FFF58F2308F7128347F400898BE9C315
:102F90002285EFC06FE84DED8347F400A3090400DC
:102FA00093E74700A307F400832784118DCF0347DD
:102FB000B40115CB03C79700058B15E703D7A7000E
:102FC000C843136707F02395E70097E0FD1FE780EC
:102FD000204E8357440485072312F4048327841169
:102FE0009C43232CF4108347540181CB8347C404B2
:102FF000898B81C72285EFC02FE783470401130720
:103000002002639AE7028327040AA305040293E7D8
:1030100087002320F40A8347140193E78700A3085D
:10302000F400930740022308F4001DA036974DB525
:103030002313A409F1BD130700066393E70C85472A
:103040002308F4008347A40293E717002305F40242
:1030500083C76C00898B638F070E8347C404858BFD
:10306000638A070E834794018507A30CF400834706
:10307000F40013F7270029E793E72700A307F400DC
:10308000930700F8230EF4008357A4031307204E80
:10309000B387E70203274409B3D7E7021717FE1FD8
:1030A000034727D913070705BA97C207C18323121D
:1030B000F40886072311F4089717FE1F23AA070EAA
:1030C00022859717FE1F238907F2EFF0EFBB834598
:1030D0005401034564149105EF10AFD683475401A2
:1030E000638707208347C404898B63820720A285F6
:1030F0000145EF10CFA8630C0512EF108FF7E5A480
:1031000013077006639EE7029717FE1F938787EEEB
:1031100098433C57ED9B3CD79717FE1F238307EE40
:103120003717004083578701B377FA00231CF70055
:103130008347C40093F7F7FD2306F4008547E5B500
:103140007147E397E7F08327040A93E717002320EA
:10315000F40AFDBD2285EFC0AFCE11F9A30C040027
:103160002285EFC06FC783471401A18B85CF8347AA
:1031700064018DCB83477401094793F7B70F6383CD
:10318000E7029307D003230AF4049307700223088D
:10319000F4008347C404858BE38B07EC2285EFC0E2
:1031A000AFD1F1B58347D4000D476397E704834758
:1031B0007401130780026373F702834774011D478C
:1031C0006388E702A306F4028327840A228593E733
:1031D00017002324F40AEFE01ED919A88A0717273D
:1031E00000001307E751BA979C432285829771F537
:1031F00083476401D9FFA5BD99CB83476401E38868
:1032000007E6228597E0FD1FE780204EAA8AE3901B
:103210000AE6F9BF834784018507230CF40083D7AE
:10322000E40085071717FE1F2319F7EE89B59717D6
:10323000FE1F938727DC9843B70633001C4393F7A0
:10324000F7CF1CC31C4393F7F7CF93E707201CC3AA
:103250009717FE1F938707E298431C47D58F1CC71B
:103260009717FE1F9387C7DB9C4313878927B8CB2B
:103270009717FE1F938707D89C43B7068000984393
:10328000558F98C3D857719BD8D7930720FD230734
:10329000F4009717FE1F83C7E7BDE39A07B08327A3
:1032A0000412E38607B00347F400058BE30107B07F
:1032B000D44303C6C70083C587000355840089062D
:1032C000EF50EFE8E31505AE8327041203D7A700FC
:1032D000136707F02395E7009C432320F4128357DC
:1032E0002404E38607ACFD172311F404C9B497172F
:1032F000FE1F938727D09843B70633001C4393F7EC
:10330000F7CF1CC31C4393F7F7CF93E707201CC3E9
:103310009717FE1F938707D698431C47D58F1CC766
:103320009717FE1F9387C7CF9C431387892581B7C3
:103330009717FE1F9387C7CE9C43FC53E390078AE1
:103340009717FE1F238C07CAEF10AFD283C70C005C
:103350002285E207E18763D40720EFF02F9183D71E
:103360002401228585071717FE1F231AF7DAEFF0CD
:103370004FF283570404A5CB13074006B3F7E702C7
:10338000BDE39717FE1F938727EB9C43898BA1C74B
:103390009714FE1F938484A8985815CF9717FE1F83
:1033A00083D7C7D7C2079715FE1F83D545D7DD8DB5
:1033B000254502979C589715FE1F83D505D62945AC
:1033C00082979C58831524032D4582979C5883052A
:1033D0004403314582979717FE1F239007D4971710
:1033E000FE1F23AD07D222852644B64096440649E7
:1033F000F259625AD25A425BB25B225C925C025D25
:10340000F24D61616FC04FFB1307200DE397E7CECC
:103410009717FE1F83C757BE858B638507149717C1
:10342000FE1FA38B07BC8327040A13972701634E53
:10343000070E228597E0FD1FE78020398547631638
:10344000F50E8355441C0356641C03457414910502
:10345000C205C181EF108FA98347C404971CFE1FCA
:10346000938C0CBC171DFE1F130DCDB8858B971DBB
:10347000FE1F938D2DC0BDCFA2850545EF003FF8FF
:1034800003270D00B70633001C4393F7F7CF1CC387
:103490001C4393F7F7CF93E707201CC303A70D0046
:1034A0001C47D58F1CC783A70C0013878917B8CB7F
:1034B000930710FD2307F40083A70C00D44733F7CC
:1034C0002601D8C70F10000003A70C00B7070200A1
:1034D0001CC7930700F81716FE1F2301F6B28327B7
:1034E0000D009C439D83858B95CF930760197CD3FA
:1034F00054C775B803270D00B70633001C4393F774
:10350000F7CF1CC31C4393F7F7CF93E707201CC3E7
:1035100003A70D001C47D58F1CC783A70C0023A849
:10352000670579B79307E01BD9B7EF108FB48347CE
:1035300094018DC793F7070F81CB9305D0032285A4
:10354000EFC0EFF7A305A4029717FE1F9387078D1F
:103550009C5B89C795451305500882972285EFC06B
:10356000FFBB51B59717FE1F938787AB9C43FC5356
:10357000639607E69717FE1F238207A8EF106FAF29
:10358000F1BF411106C6EFB05FBB9717FE1F9387CF
:10359000E7B717F7FFFF130727C523AAE70AB240CB
:1035A00017F7FFFF1307A7D823ACE70A97F7FFFF2A
:1035B0009387E75E1717FE1F2328F7C84101828013
:1035C000397122DC3704400026DA4ED6AE84AA894F
:1035D0009305E4FF054506DE4AD8EF104EEF498C0F
:1035E00013170401418321839317840013590401A5
:1035F000D98F231601001379F90F10088A854E859B
:103600002317F100A306210102C002C202C402C8AE
:1036100002CA02CC02CEEF003FD38347E101034749
:10362000D101A3818400A2074207BA970347F101A1
:10363000218023828400BA97F25062542380F400E0
:1036400013D78700C183A3822401A380E4002381D0
:10365000F4004259D254B2592161828001111946B5
:103660009705FE1F9385057D1715FE1F130585B869
:1036700006CE22CC26CA4AC891644EC697D0FD1FFA
:10368000E780E0229385F4FF0145EF100EE22A84E3
:10369000FD550145EF10AEE3A287FD147D5933F7C8
:1036A0009700B366E500F9C6631425016304970C1F
:1036B0001717FE1F2308F7B4A18393E707FC91694E
:1036C00041641717FE1F232DA7B21717FE1FA30B68
:1036D000F7B2FD191719FE1F130949A37D14CE85F2
:1036E0000145EF108EDCAA84FD550145EF102EDE5A
:1036F000B3679500EDD7FD576314F500E38134FF00
:103700009717FE1F2391A7B0935705011717FE1FA8
:10371000230CF7AE935785011717FE1FA306F7AECC
:103720009717FE1F238397AEA18093F4F403971796
:10373000FE1FA38C97AC8317890E42054185618DCE
:10374000E18F6312F5020317C90F8317A90E618F6A
:10375000E18F631AF7000317E90F8317C90E618F12
:10376000E18FE30EF7F6F2406244D2444249B24997
:1037700005618280A6850145EF102ED32A84FD5570
:103780000145EF10CED4A28719BF11CE93070002D6
:10379000918F635BF0003355C500B397F50033D6C6
:1037A000C5005D8DB2858280130506FE014633D5C6
:1037B000A500B285CDBF11CE93070002918F635B48
:1037C000F000B395C500B357F5003316C500DD8D85
:1037D00032858280930506FE0146B315B500328519
:1037E000CDBF014863C6050E63DB06003306C0404B
:1037F000B337C000B306D0401348F8FF9D8EB6879C
:103800003283AA8EAE886391061863FCC50C4167AB
:103810006361E61EB70700016365F63693568601BD
:10382000E147172700001307A73236970347070021
:10383000BA97130700021D8F19CBB395E500B35754
:10384000F5003313E600B3E8B700B31EE5001356E6
:103850000301B3D7C80293160301C18213D70E0127
:10386000B3F5C8023385F602C205B3E8E50063FA92
:10387000A8009A981387F7FF63E4680063E9A83209
:10388000BA87B388A840B3D5C802C20E93DE0E0132
:10389000B3F8C802B386B602C208B3E8D80163FB26
:1038A000D8009A981387F5FF63E56800F91563E37C
:1038B000D800BA85139507014D8D8145630908002D
:1038C0003305A040B337A000B305B0409D8D828082
:1038D0003305A040B337A000B305B0409D8D7D589F
:1038E00021B701E605433353D3024167636AE30E10
:1038F000B7070001636BF32893568301E14717274D
:1039000000001307E724369703470700BA97130709
:1039100000021D8F65EB93180301B3866540135FAA
:10392000030193D80801854513D70E01B3D7E603E9
:10393000B3F6E60333861703C206558F637AC700D2
:103940001A979386F7FF636467006365C726B68797
:10395000118FB356E703C20E93DE0E013377E703F0
:10396000B388160342073367D701637B17011A97A1
:103970001386F6FF63656700F91663631701B28665
:1039800013950701558D1DBF63E1D504C16763E140
:10399000F604B707000163E2F61E93D8860161477B
:1039A000972700009387C71AC69703C3070093079A
:1039B00000023A93B3876740E9EB63ECB61C3335FA
:1039C000C500134515008145D5BD81450145FDB5AF
:1039D0009307F00F63F2D71C93D886002147C9B72D
:1039E0001307F00F9A86E37C67F093568300A14794
:1039F00039B71307F00FB286E375C7E29356860016
:103A0000A14705B53313E30033D6F500135F030177
:103A1000335EE603B396E500B357F500DD8E9318E9
:103A2000030193D80801B31EE50093D50601B377CF
:103A3000E6033387C803C207CD8F63FBE7009A977D
:103A40001306FEFF63E3671663F1E716791E9A9784
:103A5000998F33D6E703139706014183B3F7E70342
:103A60003385C80293960701D98E63FBA6009A9608
:103A70009307F6FF63E7661263F5A61279169A9626
:103A800093150E01898ED18D45B533576600B396D7
:103A9000F600D98EB3D8650013DF0601B3DEE80364
:103AA000139E060133536500135E0E01B395F500B6
:103AB000B365B30013D705013316F600B3F8E80376
:103AC0003303DE03C20833E7E800637B6700369701
:103AD0009388FEFF6369D70C6377670CF91E3697EE
:103AE000330767403353E703C205C1813377E703E8
:103AF000B3086E024207D98D63FB1501B695130713
:103B0000F3FF63EED50863FC15097913B695C20E71
:103B1000416FB3EE6E001307FFFFB3F6EE0013D351
:103B20000E01718F4182338EE602B3851541B38653
:103B3000C60293580E013307E302BA96C6963306BF
:103B4000C30263F3E6007A9613D306011A9663E282
:103B5000C5026385C500768581458DB341677D17B4
:103B6000F98EC206337EEE00B317F500F296E3F449
:103B7000D7FE1385FEFF814591B393D806014147D7
:103B800005B593560601C14769B993560301C1476C
:103B9000BDB3814505451DB3B688014711B53A83CC
:103BA000BDB73E86F1BDC68E25BF328E55B5F9171D
:103BB0009A98C1B9F9171A9761BBB687B2882A8358
:103BC0002E88639D061463F9C50A4167636EE61A81
:103BD000B70700016363F63493568601E147172760
:103BE00000001307E7F6369703470700BA97130755
:103BF00000021D8F19CB3398E500B357F500B318B9
:103C0000E60033E807013313E50013D60801335506
:103C1000C80293960801C182935703013377C80203
:103C2000B385A60242073368F700637AB800469866
:103C30009307F5FF636418016367B8303E85330866
:103C4000B8403357C8024203135303013378C80204
:103C5000B386E602420833686800637BD800469862
:103C60009307F7FF6365180179176363D8003E87F0
:103C70004205598D8145828001E60547B358C70248
:103C8000416763EAE80EB707000163ECF82893D6B2
:103C90008801E14717270000130787EB3697834613
:103CA0000700BE9693070002958FE5EB939E0801EF
:103CB0003387154113DF080193DE0E0185459357C5
:103CC00003013355E7033377E703B306D503420710
:103CD000D98F63FAD700C6971307F5FF63E417017E
:103CE00063E6D7263A85958F33D7E703420313530C
:103CF0000301B3F7E703B30ED703C207B3E76700C7
:103D000063FBD701C6979306F7FF63E517017917A1
:103D100063E3D70136874205598D828063E2D5047B
:103D2000C16763E2F604B707000163E4F61E13D728
:103D30008601614897270000938787E1BA9703C7F8
:103D40000700130E00024297330EEE40631A0E0C6A
:103D500063EDB61C3335C5001345150081458280DF
:103D60008145014582809307F00F63F3D71C13D779
:103D700086002148C1B71307F00FC686E37C17F110
:103D800093D68800A14739B71307F00FB286E378BE
:103D9000C7E493568600A14799B5B398F80033D687
:103DA000D50013DF0801335EE6033397F500B35601
:103DB000D500558F939E080193DE0E013313F50055
:103DC00093550701B376E603B387CE03C206CD8EC3
:103DD00063FBF600C6961306FEFF63E4161763F254
:103DE000F616791EC6969D8E33D6E6039317070105
:103DF000C183B3F6E6033385CE02139706015D8FC8
:103E0000637BA70046979307F6FF636817136376F3
:103E1000A7127916469793150E01098FD18D45B5D6
:103E2000B357E600B396C601DD8E33D3E50013DF4A
:103E30000601B357E303939E060193DE0E01339808
:103E4000C5013357E500336807019358080133165D
:103E5000C6013373E303B385FE024203B368130163
:103E600063FBB800B6981387F7FF63EAD80C63F8D2
:103E7000B80CF917B698B388B84033D7E8034208AE
:103E800013580801B3F8E8033383EE02C208B3E520
:103E9000080163FB6500B6951308F7FF63EDD508CD
:103EA00063FB65087917B695C207416FD98F130771
:103EB000FFFFB3F6E70093D80701718F4182B38EFD
:103EC000E602B3856540B386C60213D80E01338778
:103ED000E802BA96C2963386C80263F3E6007A9681
:103EE00093D80601469663E2C5026385C5003E8508
:103EF0008145828041677D17F98EC206B3FEEE00D0
:103F00003315C501F696E374D5FE1385F7FF814599
:103F1000828013D70601414831BD93560601C1473F
:103F20007DB993D60801C147B5B381450545828067
:103F30003687014801B5428785BF3E86E9BDBA870D
:103F40001DBF328E4DB579154698D5B97915C697EE
:103F500059BBB3C7A5008D8B3307C50081E78D47DB
:103F600063EEC700AA876370E50A83C6050085076C
:103F70008505A38FD7FEE3EAE7FE828093763500BE
:103F8000AA8791CA83C6050085078505A38FD7FE3A
:103F900093F63700FDB79376C7FF138606FE63F0EE
:103FA000C70683A3050083A2450083AF850003AF46
:103FB000C50083AE050103AE450103A3850183A8B7
:103FC000C5019385450223A0770003A8C5FF23A25E
:103FD000570023A4F70123A6E70123A8D70123AAAA
:103FE000C70123AC670023AE17019387470223AEB6
:103FF00007FF75B790419107910523AEC7FEE3EB2C
:10400000D7FEE3E4E7F6828039713EDA2ED232D46D
:1040100036D63AD842DC46DE9387C18522CC80432F
:1040200026CA06CEAA8409C41C4C99E322852523FE
:104030000C4454102686228536C6EF001018F24034
:104040006244D24421618280011126CA4AC806CE48
:1040500022CC4EC652C4AA842E8901C51C4D91E3C0
:10406000DD299C4C804499E32685F52197270000A3
:10407000938707C0631CF402C0408357C400A18B20
:10408000B1C71C48A1C7FD59294A1C4483450900F2
:10409000FD17B1E91CC463DE07062286A945268503
:1040A0007920FD576308F502294535A097270000C0
:1040B000938707BE6314F4008044C1B797270000BC
:1040C000938707B9E31BF4FAC04445BFA285268550
:1040D000392A55D97D55F2406244D2444249B24909
:1040E000224A056182801CC4050963D70700184C69
:1040F00063CBE700638945011C401387170018C094
:104100002380B70059B7228626851520E31F35F78F
:10411000D1B71C401387170018C029472380E70038
:1041200061B79387C185AA8588436FF0FFF10111BC
:1041300022CC26CA4AC806CE4EC6AA842E8932840C
:1041400001C51C4D91E3012997270000938747B2D1
:104150006319F406C0401C4C1CC48357C400A18BD7
:10416000C9C31C48BDCF1C4808409379F90F137987
:10417000F90F1D8D5C486346F500A2852685652CE8
:104180002DE51C440505FD171CC41C4013871700B2
:1041900018C0238037015C486389A7008357C40097
:1041A000858B81CBA9476316F900A28526856124FA
:1041B0000DEDF24062444A85D2444249B24905615C
:1041C0008280972700009387A7AC6314F400804493
:1041D00059B7972700009387A7A7E31EF4F6C044BA
:1041E0009DBFA285268521203DDD7D59D9B741118E
:1041F0009387C18526C2844322C44AC006C62A8941
:104200002E8489C49C4C99E32685B126972700000B
:10421000938707A6631CF402C0400317C4009317DA
:104220000701C18393F68700B5EE93F607019DEE73
:10423000A5472320F900136707042316E4007D55E2
:10424000B2402244924402494101828097270000F3
:10425000938707A46314F4008044C1B79727000034
:104260009387079FE31BF4FAC04445BF918B8DC72A
:104270004C5889C9930744046384F5004A85892B07
:10428000232A04028357C4002322040093F7B7FDB6
:104290002316F4001C481CC08357C40093E7870012
:1042A0002316F4001C4881EF8357C4001307002035
:1042B00093F707286385E700A2854A8595298357E8
:1042C000C40013F7170005C75C4823240400B30794
:1042D000F0401CCC1C480145A5F78317C40013F718
:1042E000070839DF93E707042316F40089BF898B99
:1042F000014791E3584818C4F1BF83D7C5000111A5
:1043000022CC26CA06CE4AC84EC613F78700AA8416
:104310002E8471EFD841634DE000B841634AE0005C
:104320000145F2406244D2444249B249056182806B
:1043300058547DD703A904009396370123A00400A5
:1043400063DD060670488357C400918B99C75C40B3
:104350001D8E5C5899C33C401D8E5C540C508146A8
:1043600026858297FD570357C400631DF5009440CE
:10437000F54763E8D706B70740208507B3D7D700CE
:10438000858BA5C31C48232204001CC0931737014A
:1043900063D80700FD576314F5009C4091E368C89B
:1043A0004C5823A02401ADDD930744046384F50039
:1043B00026853929232A0402A5B70C5001468546D3
:1043C00026850297FD572A86E31FF5F69C40A5DF58
:1043D00075476385E70059476394E70423A02401E8
:1043E00081B7136707042316E4007D551DBF83A919
:1043F0000501E38709F203A905008D8B23A0350190
:1044000033093941014791E3D84918C4E35A20F1EF
:104410001C540C50CA864E86268582976349A0009C
:104420008357C40093E707042316F4007DBFAA99BD
:104430003309A940E1BF9C49A5C3011122CC06CE96
:104440002A8411C51C4D81E72EC63122B24597271B
:1044500000009387E781639CF5004C408397C5007B
:104460009DC722856244F24005616FF01FE99727DE
:1044700000009387E7816394F5000C44C5B7971754
:1044800000009387E77CE39BF5FC4C44C1BFF240FE
:10449000624401450561828001458280411122C448
:1044A00006C62A842316B5002317C500232005005D
:1044B00023220500232405002322050623280500C6
:1044C000232A0500232C0500214681451305C50537
:1044D000EFD07DB7971700009387A7B65CD09717EA
:1044E0000000938707B91CD497170000938747BD36
:1044F0005CD497170000938707C000D01CD8B24047
:1045000022444101828097050000938505F3B1AAFA
:10451000411126C2130680069384F5FFB384C402BA
:104520004AC02E8922C406C693854407B1262A8430
:1045300001CD2320050023222501310508C413865F
:1045400084068145EFD03DB02285B240224492449A
:104550000249410182801C4DB5E7411106C622C4C3
:1045600097070000938767FA1CD597270000938769
:1045700067809C432324050423260504232805047F
:104580006314F50085471CCD2A84352848C0228550
:104590001D2808C42285052848C448400146914585
:1045A000EFF0DFEF08440546A545EFF03FEF484444
:1045B0000946C945EFF09FEE85471CCCB240224426
:1045C0004101828082804111971700009387877A8A
:1045D00026C284434AC006C69C4C22C42A8981E76D
:1045E0002685EFF05FF7938484048044DC40FD1758
:1045F00063D607009C40B9CF8440C5BF0317C400F1
:1046000039E7C177850723220406232004002322EB
:104610000400232404005CC423280400232A04008B
:10462000232C0400214681451305C405EFD0BDA10C
:10463000232A0402232C0402232404042326040432
:104640002285B240224492440249410182801304EF
:10465000840671BF91454A85EFF09FEB88C049FD04
:10466000B1472320F9000144E1BF797122D44AD037
:1046700052CC56CA5AC85EC606D626D24ECE2A8A12
:10468000AE8A130485040149054BFD5B09ECB25069
:1046900022544A8592540259F249624AD24A424B04
:1046A000B24B45618280044483294400FD1963D4E0
:1046B00009000040E1BF83D7C400637BFB00839700
:1046C000E40063877701A6855285829A3369A90041
:1046D00093848406E1BF1971A6DAAE848395E50060
:1046E000A2DC86DE328463DC050083D7C40023A00D
:1046F000060093F7070885E7930700401DA03008E0
:1047000036C6EF00D025B246E34105FE7247BD67CD
:10471000F98F7977BA9793B717009CC2F1BF9307C7
:1047200000041CC0F6506654D654014509618280CD
:1047300083D7C500011122CC06CE26CA4AC8898B70
:104740002E8489CF930774041CC01CC885475CC89D
:10475000F2406244D24442490561828074003000D4
:10476000AA84EFF05FF7A2452A892685312201ED60
:104770008317C40013F7072061FFF19B93E727001D
:104780002316F400C1B797070000938707D89CD47D
:104790008357C40008C008C893E707082316F4002D
:1047A000A2475CC8B24791CF8315E4002685EF008D
:1047B000301E01C98357C400F19B93E717002316ED
:1047C000F4008357C4003369F9002316240149B764
:1047D000DDC183A7C5FF411122C406C626C21384CA
:1047E000C5FF63D307003E94AA84EF00502293874D
:1047F00041989C4381EF2322040023A28198224404
:10480000B2402685924441016F009020637EF400FF
:1048100014403307D4006396E7009843DC4336978F
:1048200018C05CC0D9BFBA87D84319C3E37DE4FE82
:1048300094433386D700631F86001040B29694C31A
:104840003386D700E31DC7FA10435843B29694C38A
:10485000D8C375B76375C400B1479CC04DB710404D
:10486000B306C4006316D70014435843B29614C06D
:1048700058C0C0C369B78280011126CA938435002D
:10488000F19806CE22CC4AC84EC6A104B14763F3C4
:10489000F404B14463E2B4042A89EF00501793870B
:1048A000419898433A8439E0938781989C4391E7F3
:1048B00081454A85A12F23A4A198A6854A85B927B9
:1048C000FD5963193507B1472320F9004A85EF00E8
:1048D000301429A0E3D004FCB1471CC10145F240CB
:1048E0006244D2444249B249056182801C40858FAE
:1048F00063CF0702AD4663F6F6001CC03E9404C0C9
:1049000031A05C406313870223A2F1984A85EF002F
:1049100030101305B4009307440061993307F54044
:104920005DDF3A94898F1CC05DBF5CC3C5B7228729
:10493000404095BF130435007198E30285FCB30530
:10494000A4404A85E125E31C35FBB5BF1C46FD1795
:104950001CC663DA0700184E63C5E700A9476394D5
:10496000F5006FF0CFFC1C422E851387170018C28C
:104970002380B7008280011122CC26CA4AC84EC6C5
:1049800052C406CE2A89AE893284B304D6007D5A39
:1049900063149400014511A8834504004E864A859E
:1049A000EFF0DFFA0504E31545FFF2406244D2441C
:1049B0004249B249224A05618280357122CD26CB17
:1049C0004AC94EC706CF52C556C35AC1DEDEE2DC25
:1049D000E6DAAA89AE843289368409C51C4D99E38A
:1049E000EFF07FB79717000093878728639CF40C3C
:1049F00083A4490083D7C400A18BFDC79C48EDC7A1
:104A000093070002A304F1029307000302D22305D7
:104A1000F10222C6930B5002971A0000938A4A298A
:104A2000054C294B4A848347040099C36391770F4F
:104A3000B30C2441638E0C00E6864A86A6854E851B
:104A4000EFF07FF3FD576306F51E9256E69636D2D9
:104A500083470400638F071CFD571309140002C825
:104A600002CE3ECA02CCA309010482D483450900C8
:104A700015465685412713041900C24759E913F713
:104A8000070109C713070002A309E10413F7870010
:104A900009C71307B002A309E104834609001307FD
:104AA000A0026380E608F2474A8481462546034710
:104AB000040093051400130707FD6379E60AB5CADD
:104AC0003ECE85A8971700009387871C6395F40056
:104AD00083A4890005B79717000093876717E39BA6
:104AE000F4F083A4C90039B7A6854E85EFF02FF006
:104AF00001D97D55FA406A44DA444A49BA492A4AFA
:104B00009A4A0A4BF65B665CD65C0D6182800504AE
:104B100019BF330555413315AC00C98F3EC82289F2
:104B2000B1B7324793064700184336C663490702B8
:104B30003ACE034704009307E002631FF7040347DC
:104B400014009307A002631BF702B24709041387FE
:104B500047009C433AC663C107023ECA35A83307E3
:104B6000E04093E727003ACE3EC8E1B7B38767033A
:104B700085462E84BA9725BFFD57C5B7050402CADE
:104B80008146814725460347040093051400130717
:104B900007FD6376E606F1F2834504000D4617151E
:104BA000000013056511B92511CD971700009387F3
:104BB000A7101D8D93070004B397A7004245050475
:104BC0005D8D2AC88345040019461715000013059A
:104BD000E50E130914002304B102292D3DC197B736
:104BE000FDFF9387274295E74247B24713770710A7
:104BF00009CF91073EC69257D2973ED225B5B387CB
:104C0000670385462E84BA97BDBF9D07E19BA10728
:104C1000D5B7780097060000938626D626860C081E
:104C20004E8597000000E7000000FD572A8AE31434
:104C3000F5FC83D7C40093F70704E39C07EA1255F9
:104C400055BD780097060000938626D326860C086B
:104C50004E85012AD9BF797156CA9C49BA8A9845AE
:104C600022D426D24ECE52CC06D64AD05AC85EC6E0
:104C7000AA892E84B284368A63D3E700BA879CC09F
:104C80000347340419C385079CC01C4093F70702EF
:104C900081C79C4089079CC00329040013796900DF
:104CA000631A0900130B9401FD5B5C449840998FD3
:104CB000634CF9041C408346340493F70702B3366F
:104CC000D000A5EB13063404D2854E85829AFD5799
:104CD0006303F5041C4011469840998B5444814469
:104CE0006397C700B384E64063D3040081441C4447
:104CF00018486354F700998FBE94014969047D5B9D
:104D000063982405014509A885465A86D2854E85B3
:104D1000829A631E75017D55B250225492540259F5
:104D2000F249624AD24A424BB24B45618280050940
:104D3000ADBF3307D40013060003A301C704034724
:104D4000540493871600A2978906A381E7049DBFA8
:104D500085462286D2854E85829AE30E65FB05093B
:104D600045B7797122D426D24AD04ECE06D652CC3F
:104D700056CA5AC8B68983C68501930790063289F8
:104D8000AA842E8413863504638DF60263E2D70667
:104D9000930780056388F61863EDD70063810622C8
:104DA00093073004638EF60A930A24042301D40483
:104DB000C9A0930730066385F60A93074006E3957A
:104DC000F6FE1C40084393F6070893054500C5C648
:104DD0001C410CC363D807001307D002B307F0408F
:104DE000A301E404971600009386C6ED29476DA839
:104DF000930700076384F61663E5D7029307E0067E
:104E0000638BF6189307F006E390F6FA0C401C4308
:104E100013F80508138547006307080608C39C4379
:104E20008DA893075007E383F6FE93078007638BF3
:104E3000F61293073007E399F6F61C43D0418145FB
:104E40009386470014C383AA07005685652601C5CB
:104E50003305554148C05C401CC8A301040471A837
:104E60001C43930A2404938647009C4314C32301E4
:104E7000F4048547D5B793F607041C410CC3B9DA8F
:104E8000C207C18781BF93F5050408C3C9D983D779
:104E900007001307F0066388E60E97160000938656
:104EA00066E22947A30104044C400CC463C5050015
:104EB00008406D9908C099E3B28A91CDB28AB3F5E2
:104EC000E702FD1AB69583C505002380BA00B3D565
:104ED000E70263F0E70CA147631EF7001C40858BD7
:104EE00091CB58401C4863C7E70093070003A38F8A
:104EF000FAFEFD1A3306564110C84E87CA86700066
:104F0000A2852685EFF03FD57D5A631E450B7D5562
:104F1000B250225492540259F249624AD24A424B48
:104F200045618280A382D50497160000938686D9B6
:104F30000C40084313F805081C411105630D0802D5
:104F400008C313F7150001C793E505020CC04147DC
:104F5000B1FB0C4093F5F5FD0CC0A9B79C4193E75C
:104F600007029CC193078007A302F4049716000070
:104F7000938686D675BF13F8050408C3E30308FCBF
:104F8000C207C1837DBF971600009386A6D3214731
:104F900011BFAE872DB794411C43CC4913F80608C6
:104FA000138547006306080008C39C438CC301A80F
:104FB00008C393F606049C43F5DA2390B700232830
:104FC0000400B28A1DBF14485686CA852685829978
:104FD000E30F45F31C40898B8DE7B2474844E35902
:104FE000F5F23E8535B785465686CA85268582996F
:104FF000E30F65F1050A5C443247998FE345FAFEF9
:10500000E9BF014A930A94017D5BF5B7411122C4BF
:105010002A842E8597F7FD1F23AA072206C6EFD004
:105020009DD0FD576319F50097F7FD1F9387072261
:105030009C4391C31CC0B240224441018280411173
:1050400022C42E848395E50006C6E122634905004B
:105050007C48AA977CC8B240224441018280835791
:10506000C4007D777D17F98F2316F400EDB783D741
:10507000C500011122CC26CA4AC84EC606CE93F7F7
:105080000710AA842E843289B68991C78395E500DA
:105090008946014635228357C4007D777D17F98FF5
:1050A0002316F4008315E4006244F240CE864A865B
:1050B000B24942492685D24405613DA8411122C426
:1050C0002E848395E50006C6E528FD570357C400E6
:1050D000631BF500FD77FD17F98F2316F400B2402E
:1050E0002244410182808567D98F2316F40068C865
:1050F000FDB78395E50025A8411122C42A842E8599
:10510000B285368697F7FD1F23A2071406C6EFD097
:105110001DBFFD576319F50097F7FD1F9387071310
:105120009C4391C31CC0B240224441018280411182
:1051300022C42A842E8597F7FD1F23A9071006C6CF
:105140001922FD576319F50097F7FD1F9387071084
:105150009C4391C31CC0B240224441018280411152
:1051600022C42A842E85B28597F7FD1F23A0070E3F
:1051700006C6D520FD576319F50097F7FD1F9387E5
:10518000E70C9C4391C31CC0B24022444101828081
:10519000411122C42A842E8597F7FD1F23A8070AF0
:1051A00006C6D120FD576319F50097F7FD1F9387B9
:1051B000E7099C4391C31CC0B24022444101828054
:1051C000411122C42A842E85B285368697F7FD1FA9
:1051D00023AE070606C64520FD576319F50097F76D
:1051E000FD1F9387A7069C4391C31CC0B240224475
:1051F0004101828093F5F50F2A966314C50001459D
:10520000828083470500E38DB7FE0505FDB78280E8
:105210008280411122C42A842E85B285368697F772
:10522000FD1F23A5070206C6B928FD576319F5001F
:1052300097F7FD1F938787019C4391C31CC0B24021
:105240002244410182809307800517F7FD1F232F19
:10525000F7FE7D5582809307800517F7FD1F2327F2
:10526000F7FE7D5582809307800517F7FD1F232FDA
:10527000F7FC014582809307800517F7FD1F232760
:10528000F7FC7D5582809307800517F7FD1F232FBC
:10529000F7FA7D5582800000F401FA009600640060
:1052A0004B0032001E0014004AD9FDFF72D9FDFFE9
:1052B0009AD9FDFFB2D9FDFFCCD9FDFFFE0065787C
:1052C000706572696D656E74616C00004669726D1F
:1052D00077617265205265766973696F6E000000B0
:1052E0004861726477617265205265766973696F8F
:1052F0006E0000004D616E75666163747572657253
:10530000204E616D650000004D6F64656C204E7528
:105310006D6265720000000053657269616C204E19
:10532000756D626572000000536F66747761726517
:10533000205265766973696F6E00000036DEFDFFEE
:1053400054DEFDFF64DEFDFF74DEFDFF84DEFDFF45
:1053500043483539785F424C455F4C49425F56318E
:105360002E340000686561642066696C6520657292
:10537000726F722E2E2E00004C494220696E6974A5
:10538000206572726F7220636F64653A2025782001
:105390002E2E2E0A000000002A200000F2E3FDFF5E
:1053A00004E4FDFFE8E4FDFF3AE4FDFFD4E4FDFF83
:1053B00028E5FDFF52656365697665207363616E5C
:1053C000207265712066726F6D2025782025782007
:1053D000257820257820257820257820202E2E0A53
:1053E0000000000050687920757064617465205277
:1053F000783A25782054783A2578202E2E0A000015
:105400006D74752065786368616E67653A20256400
:105410000A000000546F6F206C61726765206E6F28
:1054200074690000504859205570646174652025E6
:10543000782E2E2E0A0000005570646174652025B8
:1054400078202D20496E74202578200A0000000065
:105450004552522E2E00000052535349202D2564F0
:1054600020644220436F6E6E20202578200A0000C1
:10547000496E697469616C697A65642E2E0000005A
:10548000446973636F6E6E65637465642E2E20527B
:105490006561736F6E3A25780A0000004164766595
:1054A00072746973696E672E2E000000436F6E6E12
:1054B000656374696F6E206D61782E2E2E0000007A
:1054C000436F6E6E202578202D20496E742025783C
:1054D000200A0000436F6E6E65637465642E2E00B3
:1054E000436F6E6E656374656420416476657274A3
:1054F0006973696E672E2E0057616974696E672043
:10550000666F72206164766572746973696E672E66
:105510002E0000004572726F722E2E004572726F5F
:10552000722E2E25780A000070726F66696C6520F5
:105530004368616E676543422043484152312E2ED5
:105540002000000070726F66696C65204368616EB0
:10555000676543422043484152332E2E000000002D
:105560001C3DFEFF903DFEFF043EFEFF043EFEFF9D
:10557000A03DFEFF043EFEFFB83DFEFFDA3DFEFF0C
:10558000043EFEFFF43DFEFF483EFEFF683EFEFF88
:10559000E43EFEFF7A3EFEFFE43EFEFFE43EFEFFF9
:1055A000E43EFEFF9C3EFEFFE43EFEFFE43EFEFFC7
:1055B000E43EFEFFC03EFEFFCAB90100E8990000CC
:1055C00006BA010064A7000082BA010030A70000FB
:1055D0003CBB0100FCA60000D8BB01007AB2000071
:1055E00026BC01007AB2000080BC0100CCB10000F2
:1055F0003CBB01009CA6000014BD0100E8A900000E
:1056000000000000000000005EBD010074AA000060
:10561000D0BD01006C9A00003691FEFF3691FEFF6E
:105620005C91FEFF7491FEFF7C91FEFF8491FEFF72
:105630008C91FEFF9491FEFF9C91FEFFA491FEFFD2
:10564000AC91FEFFE891FEFFF091FEFFB491FEFFEA
:105650000101020102010102010204040601040128
:105660000101010104040201040000000101020122
:10567000020101020101040406010401010101010A
:105680000401020101000000EE9EFEFFFA9EFEFFF3
:105690003C9FFEFF66A0FEFF70A0FEFFB4A0FEFFD1
:1056A000F6A0FEFF34A1FEFF6CA1FEFF04A0FEFFEA
:1056B000A0A1FEFF2EA2FEFF70AEFEFF4CAEFEFFCD
:1056C00070B1FEFFCCB1FEFFDCB4FEFFF6B2FEFF10
:1056D0003CB3FEFF80B3FEFFB8B3FEFFFCB3FEFF9A
:1056E0004CAEFEFF40B4FEFFB6B4FEFF000000006B
:1056F000000000000000000000000087BA28010040
:105700002E3A010090290100903A0100B4290100CD
:10571000542A0100822A0100C62A01009A39010098
:105720000A390100262C0100522C0100C42C010072
:105730006A2D01007A3801008C3701009A36010089
:10574000D21D01001C2E0100702E0100AA3D010097
:10575000423D0100A22E01004A3001009E310100AD
:105760002832010054320100003E0100043E0100D5
:10577000EA3201002C330100083E01000C3E01001A
:10578000103E0100143E0100FC3B01007633010095
:1057900054340100183E01001C3E01000035010098
:1057A0006036010043483539785F424C455F4C49CB
:1057B000425F56312E342E3400000000E23EFFFFDF
:1057C000F03EFFFFF83EFFFFFE3EFFFF043FFFFFFE
:1057D000243FFFFF2C3FFFFF323FFFFF3C3FFFFF17
:1057E000423FFFFF483FFFFF4E3FFFFF543FFFFF99
:1057F000603FFFFF663FFFFF6C3FFFFFAE3FFFFFD5
:10580000723FFFFF783FFFFF7E3FFFFF843FFFFFB8
:10581000903FFFFFAE3FFFFFAE3FFFFFAE3FFFFFFA
:10582000AE3FFFFFAE3FFFFFAE3FFFFFAE3FFFFFCC
:10583000AE3FFFFF9A3FFFFF8A3FFFFFAE3FFFFFF4
:10584000A03FFFFFA83FFFFFAE44FFFFDA44FFFF8A
:10585000FC44FFFF1245FFFF2645FFFF4245FFFFC7
:105860006045FFFF7045FFFF8A45FFFFA045FFFF32
:10587000C245FFFFD845FFFFEC45FFFF0046FFFF95
:105880001E46FFFF2E46FFFF4846FFFFF647FFFF7D
:105890000A48FFFF2048FFFF3E48FFFFB849FFFFCF
:1058A0008648FFFF6846FFFF9C48FFFFAC48FFFFAC
:1058B000C246FFFFC246FFFF9A47FFFFA447FFFF14
:1058C000B448FFFF6048FFFFC448FFFF3649FFFFB1
:1058D0007C49FFFF3C4DFFFFA049FFFFA049FFFFB0
:1058E0008A4CFFFF344AFFFF8249FFFF324DFFFF22
:1058F000A049FFFF2C4CFFFFC24CFFFFA049FFFF58
:10590000A049FFFFA049FFFFA049FFFFA049FFFFFB
:10591000A049FFFFA049FFFFA049FFFFA049FFFFEB
:10592000A049FFFFF649FFFFD64EFFFFD44FFFFF10
:105930009E4FFFFF1450FFFF1450FFFFA450FFFFC6
:10594000F850FFFFD44FFFFFD44FFFFFD44FFFFFAE
:10595000D44FFFFFD44FFFFFD44FFFFFD44FFFFFC3
:10596000D44FFFFFD44FFFFFD44FFFFFD44FFFFFB3
:10597000D44FFFFF1C51FFFF1C51FFFFD44FFFFF0F
:10598000D44FFFFFD44FFFFFD44FFFFFD44FFFFF93
:10599000D44FFFFF8E51FFFF8E51FFFF8A56FFFF4E
:1059A0009856FFFFAE56FFFFBA56FFFFCE56FFFFD9
:1059B000DA56FFFFE456FFFFEC56FFFFF456FFFFF9
:1059C000FE56FFFF0857FFFF1457FFFF1E57FFFF4C
:1059D0002857FFFF3457FFFF8A57FFFF8A57FFFF03
:1059E0003E57FFFF4C57FFFF5657FFFF6057FFFF23
:1059F0006A57FFFF7257FFFF8057FFFF6A57FFFF8D
:105A00008657FFFF9A57FFFF1A5AFFFFB257FFFF53
:105A10002458FFFF3858FFFF4C58FFFF6858FFFF1E
:105A20008458FFFF9858FFFFB458FFFF1A5AFFFF32
:105A3000D058FFFF1A5AFFFF1A5AFFFFE658FFFF20
:105A40000E59FFFF3659FFFF5259FFFF6859FFFFFC
:105A50007A59FFFFCC59FFFFFB349B5F8000008029
:105A60000010000000000000070B0D1113171D1F90
:105A700025292B2F353B3D4347494F535961FF00A3
:105A8000488FFFFF848FFFFFAC90FFFF5091FFFF17
:105A90006091FFFF4A92FFFFE691FFFFC092FFFF78
:105AA0006E93FFFFD48EFFFF5890FFFFFC8FFFFF28
:105AB0003692FFFF3C1E020014160200CA150200B7
:105AC000EA1A0200BA1A02008C1A02004C1A0200EA
:105AD0001E1A0200001C0200041C0200981802009A
:105AE000081C0200581802000C1C020034180200A6
:105AF000101C020006180200F6170200BE17020072
:105B0000141C02009C170200181C02001C1C02003E
:105B1000201C0200241C0200CE150200E215020027
:105B2000281C02002C1C0200301C0200341C020045
:105B3000F81B020032170200A8160200FC1B02002C
:105B4000961B0200301B0200E61502000001020253
:105B50000303030304040404040404040505050505
:105B600005050505050505050505050506060606E1
:105B700006060606060606060606060606060606C5
:105B800006060606060606060606060607070707B1
:105B90000707070707070707070707070707070795
:105BA0000707070707070707070707070707070785
:105BB0000707070707070707070707070707070775
:105BC0000707070707070707070707070808080861
:105BD0000808080808080808080808080808080845
:105BE0000808080808080808080808080808080835
:105BF0000808080808080808080808080808080825
:105C00000808080808080808080808080808080814
:105C10000808080808080808080808080808080804
:105C200008080808080808080808080808080808F4
:105C300008080808080808080808080808080808E4
:105C400008080808080808080808080800000000F4
:105C50000000000000000000000000000000000044
:105C60000000000000000000000000000000000034
:105C70000000000000000000000000000000000024
:105C80000000000000000000000000000000000014
:105C90000000000000000000000000000000000004
:105CA000000000000000000000000000232D302B49
:105CB00020000000686C4C006566674546470000A0
:105CC0003031323334353637383941424344454632
:105CD00000000000303132333435363738396162F4
:105CE00063646566000000002A2A0000262A00007E
:105CF000272A0000292A0000242A0000502A000038
:105D0000252A00000A18000002000000045D0200BD
:105D1000282A0000232A0000E0FF00000200000003
:105D2000185D0200E1FF0000E2FF0000E3FF000059
:105D3000E4FF0000E5FF000002000000585D0200E3
:105D4000012A0000A62A0000012900000328000003
:105D500002290000002A00000018000001180000BD
:105D6000042A00000028000001280000052A000085
:045D70007823002074
:105D740002000000645D020001000000085D0200F2
:105D8400020000004C5D020001000000EE23002030
:105D940002000000145D0200010000004024002005
:105DA400020000004C5D020001000000E02300201E
:105DB40002000000F85C0200010000000853020029
:105DC400020000004C5D020001000000EC230020F2
:105DD40002000000005D02000100000018530200F0
:105DE400020000004C5D020001000000DD230020E1
:105DF40002000000EC5C020001000000CC52020032
:105E0400020000004C5D020001000000DE230020BF
:105E140002000000F05C020001000000E0520200F9
:105E2400020000004C5D020001000000ED23002090
:105E340002000000105D020001000000285302006F
:105E4400020000004C5D020001000000DF2300207E
:105E540002000000F45C020001000000F4520200A1
:105E6400020000004C5D020001000000DC23002061
:105E740002000000E85C020001000000BC520200C5
:105E8400020000004C5D020001000000EB23002032
:105E940002000000FC5C020001000000E42300207A
:105EA400BC2D000000000000000000000200000003
:105EB400645D0200010000001C5D0200020000009D
:105EC4004C5D020001000000EF23002002000000EE
:105ED400245D0200030000004824002002000000AA
:105EE400485D020001000000EC21002002000000D7
:105EF4004C5D020001000000F023002002000000BD
:105F0400285D0200010000004C2400200200000073
:105F1400485D020001000000002200200200000091
:105F24004C5D020001000000F1230020020000008B
:105F34002C5D02000200000050240020020000003A
:105F4400485D02000100000014220020020000004D
:105F54004C5D020001000000F2230020020000005A
:105F6400305D020000000000542400200200000004
:105F7400505D0200030000005824002002000000CD
:105F8400485D0200010000002822002002000000F9
:105F94004C5D020001000000F32300200200000019
:105FA400345D0200040000005C24002002000000B4
:105FB400485D0200010000003C2200206A2F00001E
:105FC400EC2F000000000000436861726163746597
:105FD4007269737469632031000000004368617260
:105FE4006163746572697374696320320000000030
:105FF40043686172616374657269737469632033A1
:1060040000000000436861726163746572697374AF
:106014006963203400000000436861726163746541
:106024007269737469632035000000006A370000E8
:1060340092360000E236000053696D706C652050A2
:1060440065726970686572616C0000000000000090
:10605400120953696D706C652050657269706865CA
:1060640072616C051206006400020A00020000005E
:10607400645D020001000000385D020002000000BF
:106084004C5D0200010000000F240020020000000B
:10609400545D020001000000000000000200000046
:1060A4004C5D0200010000000C24002002000000EE
:1060B400405D020001000000D02400200200000026
:1060C4004C5D0200010000001024002002000000CA
:1060D400605D0200010000001424002002000000A2
:1060E4004C5D0200010000000E24002002000000AC
:1060F400445D0200010000000D240020428E0000D7
:10610400988F00000000000002000000645D02009F
:106114000100000020240020020000004C5D020069
:10612400010000002B240020020000006C5D02002E
:10613400000000000000000002000000505D0200AA
:10614400030000000000000000000000FA9B0000B3
:1061540000000000000000006C5C02008C5C020087
:106164004C5C020000000000000000000000000081
:10617400000000000000000000000000000000001B
:10618400000000000000000000000000000000000B
:1061940000000000000000000000000000000000FB
:1061A40000000000000000000000000000000000EB
:1061B400000000004C420020020202020200000023
:1061C40001D70700001001020202020A02081002AD
:1061D400A4360000FF0000000201060302E0FF00F5
:1061E40017000000C3812F01020102020200000017
:1061F4005000A0000000E803FFFF000002000000C0
:106204005C5D02000100FF20010502010110010193
:0C621400782300200102030405000000B4
:00000001FF
