:040000006F10501815
:10000400000000000000000090000020C202002058
:10001400A9BDF9F5780300200000000000000000ED
:100024007803002090000020000000000000000081
:10003400900000200000000090000020000000005C
:1000440090000020900000209000002090000020EC
:1000540090000020700B00209000002000000000A1
:1000640090000020900000209000002090000020CC
:10007400DE0300209000002090000020900000206B
:1000840090000020900000209000002090000020AC
:1000940001A04111B7170040985F3AC6945F3247F8
:1000A400E39CE6FE324541018280B7F70700011167
:1000B400944B13078008F337078093F787083EC2F1
:1000C4000F100000B71700401308700523800705C0
:1000D400930580FA2380B7040F10000003C6B70409
:1000E4001376F60DA385C7042380070412467326EE
:1000F40006800F1000001376050255CEF3360780F4
:1001040093F6860836C40F10000023800705238069
:10011400B7040F100000B70614007D89558D88C7F9
:10012400010001000100010023800704A246F3A698
:1001340006800F10000073370780137787083AC6CC
:100144000F100000238007052380B7040F10000060
:100154000F1000003727004093061005A303D78033
:1001640023800704B247F3A707800F10000093070A
:100174008008F3B7078093F787083ECE0F1000007E
:10018400B7170040130770052380E704130780FAAC
:100194002380E7040F10000003C7B70413670708A0
:1001A400A385E70423800704F247F3A707800F1011
:1001B4000000056182801376050459C273360780F6
:1001C4001376860832C80F100000238007052380A9
:1001D400B7040F10000037061400130606047D89C7
:1001E400518D88C70100010001000100238007042C
:1001F4004246732606800F1000007337078013777A
:1002040087083ACA0F100000238007052380B7042B
:100214000F100000A54793F6F60F639EF600B7276C
:10022400004013073005A383E780B71700402380FD
:100234000704D2470DBFB727004013072005E5B7D1
:1002440073370780137787083ACC0F100000238098
:1002540007052380B7040F10000098471367070CA5
:1002640098C723800704E247FDBD0111814601467A
:100274008145114506CE912493078008F3B7078082
:1002840093F787083EC60F100000B7170040130706
:1002940070052380E704130780FA2380E7040F1016
:1002A400000003C76704136717002383E704238050
:1002B4000704B247F3A707800F100000F24005615E
:1002C400828041118146014681451145FD22130773
:1002D4008008F337078093F787083EC40F100000A7
:1002E400B7170040130670052380C704930680FAED
:1002F4002380D7040F100000FD552396B7022380F6
:100304000704A245F3A505800F100000733707808A
:10031400137787083AC60F1000002380C704238090
:10032400D7040F10000003C7670413671700238363
:10033400E70423800704B247F3A707800F100000E7
:1003440001A0BD473305F50201007D1575FD8280CE
:10035400411122C426C206C6AA840144631794002C
:10036400B240224492444101828005041305803E38
:100374004204C13F4180DDB79305000273A045806C
:1003840082457390153492402242B2424243D24392
:100394006244F244025592552256B2564257D257FD
:1003A4006258F25806499649264AB64A464BD64BF5
:1003B400664CF64C065D965D265EB65E465FD65F7D
:1003C4000961730020304111B7170040985F3AC6A5
:1003D400945F3247E39CE6FE324541018280B717C1
:1003E4000040130700032388E702854723A8F1820E
:1003F40073002030411106C6EF00D029F5BF230356
:10040400048015472303E48001002302A480828032
:1004140083076480E3CE07FE23030480828083077E
:100424006480E3CE07FE03454480828083076480B2
:10043400E3CE07FE2302A4808280411126C44AC26F
:100444004EC006C61377F50BAD47AA892E8995448D
:100454006306F70019456537653F8D444E8545377A
:10046400FD59FD1463983401B240A24412498249F3
:1004740041018280135509011375F50F453F220987
:10048400CDB7011126CC06CEB70408005137154567
:10049400BD37713769372AC6A53F324593771500B2
:1004A40089EB136515001375F50FF240E2440561FD
:1004B4008280FD14E9FC0145CDBF397126DC4ADA9E
:1004C4004ED852D656D45AD25ED006DE62CE66CC10
:1004D400B7E700E07D5783AA070022C603AA4700B6
:1004E40023A0E71823A2E718B717004013077005E5
:1004F4002380E704130780FA2380E70483C74704B3
:10050400930B75FFB684E20793FBFB0F8546AA891C
:100514002E8B328937240040E187015763FA760134
:100524006308D5008946130700026313D5000157F9
:10053400D98F93F7F70FB71C00402382FC041147AF
:100544002303E4801305F00F5D3D094CD135636D41
:100554007C11B7050700DA9537870700795563F2F0
:10056400E504B3879500636EF702370B0800A947CB
:1005740033EB65016399F90689E48144513D26858D
:100584000DA0DA850945553D05090345F9FFFD141C
:10059400050B693D81C49377FB0FFDF7DD3569FDDC
:1005A4007D55B7170040130770052380E704130730
:1005B40080FA2380E70403C74704418B2382E704BE
:1005C400F250B7E700E023A0571123A24711E254E9
:1005D40032445259C259325AA25A125B825B724C4B
:1005E400E24C21618280A5476395F9068569130968
:1005F400F00FB3069900B3742B01B6941349F9FFB5
:10060400B3749900856B33796901416B9387F9FF62
:10061400B3F7270199E363FC340193D94900C14737
:10062400E3E637FF99BF0569C1697D19D9B7130599
:10063400800D638869011305000263847901130541
:100644001008CA85DD3B353D21DD4E99B384344124
:10065400D9B7DA852D45D533CA94E30099F2050953
:100664007D3BA30FA9FED5BF9387F9FF93F7F70F3F
:100674006361FC0C83C71C0413073008631FF70471
:1006840037070800636BEB04B3079B00B706100041
:1006940063F5D704334BEB0089476393F9068980EC
:1006A400D549E38C04ECDA850945413B110903275C
:1006B400C9FF91472320E48003076480E34E07FECB
:1006C40023033481FD17EDFBFD14110B81C49377D3
:1006D400FB0FE9FF7D3371F5E1B5B717004003C7A0
:1006E4005704B70708001377070219E3B787070011
:1006F4007955E378FBEA33079B00E3FFE7F855B548
:100704008547E382F9F2DA852D45053B9389F4FFA9
:10071400E38504E6293393F7390091EB83260480BB
:100724000327090093074900E39AE6E43E89CE844F
:10073400F1BFB5476396F9001305900BC93135BD78
:10074400B1471305B00AE38BF9FE99476391F904A5
:10075400B7050800B365BB002D45C53181448D4BF9
:10076400A149753963967401832704802320F90015
:100774008504E39834FF8327048013172B01635502
:1007840007002312F900D5BB2322F900FDB39D47CE
:100794006399F90281451305B0044531BD44232012
:1007A400090023220900FD599D3993F77400CA9763
:1007B40003C70700FD14398D2380A700E39634FF97
:1007C4006DBBA1476392F9046D398144630D0B003D
:1007D4008D479304C0036308FB009304000563047E
:1007E4008B01930440041375C507E30895D8194594
:1007F400393139390545213126850D3909453D31D0
:100804004931E31C05D669BB91476399F900130587
:100814006006F536F53E130590090DB7E38F09D44C
:10082400F154A9BBBD66014717360000130646FF05
:10083400938606A685458347060093F7F70F91C371
:1008440082800507E3F9E6FE97370000238AB7FCA8
:10085400DDB77D166206618693178601E18763D44E
:10086400070001458280931726003307F500AE97F1
:1008740018439C4363E7E7007D16E37FF7FC7D554F
:10088400828005458280FD15E205E1851397850187
:10089400618793F7F50F63480700FD15139725004B
:1008A4002A97584365D713851700620561858280AE
:1008B4003308B5021C4283A80600B335B502C297BB
:1008C40033B50701AE98469585486367B5006394D0
:1008D400A50063E3070181480C43C6950CC388C295
:1008E4001CC2828081471397870161876343B700E5
:1008F4008280139727002A97232007008507E5B7EE
:100904008147014793968701E18663C5B600133595
:100914001700828093962700AA9694428507558FE4
:10092400D5B793D755408A07AA979C4305453315F5
:10093400B5007D8D8280171300E0E702C3122A847C
:10094400993705C5931725003E940327C4FF8147B3
:1009540011EB7D1516053E9542054185171300E000
:100964006700A31205838507E5B70145C5BF814725
:100974001397870161876343C70082801397270019
:10098400B386E50094422A97850714C3D5B77D162C
:1009940062066186014793178601E18763D50700E4
:1009A40013351700828093172600B306F500AE971F
:1009B40094429C437D16B58F5D8FF1BF8A05AA953D
:1009C40001476363B500828083A6C5FFF11593D701
:1009D4001600D98F9CC11397F601E5B72A83014805
:1009E400014701456343D7008280B387050183A88B
:1009F4000700B30706019C43C697AA976384F800CF
:100A040033B517010507B3080301620723A0F800F3
:100A140061871108C1BF2A8301478147014563C328
:100A2400D70082803388E50083280800330EE6006F
:100A3400032E0E003388A8403308C841638408019C
:100A440033B508018507B308E300E20723A00801D2
:100A5400E1871107E9B7171300E0E702C3000111AA
:100A6400B286B2842E86AA850A8575372A84A6851D
:100A74000A85793533348000060413351500018D59
:100A84000561171300E067004300171300E0E70255
:100A940003FB4111AA89AE8A328BB68402C202C416
:100AA40002C60144131C8401135C8C4163499C02FB
:100AB400939B1400FD1B0549138CF4FFF15C330474
:100AC400890162046184634D740592478E04CE9457
:100AD40023AEF4FE4101171300E06700C3F91319B4
:100AE4002400B30B2B01014A93172A00D69783A540
:100AF4000B0088437800340050005D3B050A9317CF
:100B04008A01E187F11BE351FCFE92474E990504EB
:100B14002320F900A2473EC2B24702C63EC459B7D9
:100B2400131A8901135A8A41131D240093178A0149
:100B3400E18763CF970092470A044E941CC0A247F2
:100B440005091379F90F3EC2B24702C63EC485BFF8
:100B5400B3079A0313152A00569508417800340008
:100B64005000050AEA97DA978C439933C1B700001D
:100B7400197106C212C416C61AC81ECA22CC26CEC1
:100B84002AD02ED232D436D63AD83EDA42DC46DEE9
:100B9400CAC0CEC2D2C4D6C6DAC8DECAE2CCE6CE59
:100BA400EAD0EED2F2D4F6D6FAD8FEDA9385818270
:100BB4008841E700050092402242B2424243D243B8
:100BC4006244F244025592552256B2564257D257C5
:100BD4006258F25806499649264AB64A464BD64BBD
:100BE400664CF64C065D965D265EB65E465FD65F45
:100BF400096173002030B7E700E09843B70620008E
:100C040023A0D718758F0F10000001C599C1814723
:100C140011E6B7E700E023A0E7108280B386F50071
:100C240003C80600B306F500850723800601E31711
:100C3400F6FEC5B737E700E01C43B70620002320C3
:100C4400D718F58F0F10000001C53307C50011E652
:100C540037E700E02320F71082800505A30FB5FED7
:100C6400E31DE5FEF5B737E700E01C43B7062000B7
:100C74002320D718F58F0F10000001C599C1014733
:100C840011EA37E700E02320F710054582800507C5
:100C9400E309E6FE3308E500B386E50003480800EF
:100CA40083C60600E305D8FE37E700E02320F710EB
:100CB400014582809307F6FFBE952A966313C5000B
:100CC4008280FD1583C715000505A30FF5FEFDB74A
:100CD400AA87014581CF09CE3E96850703C7F7FF52
:100CE4006317B700E39BC7FE0545828082800145F8
:100CF40082807971973700009387070422D4804358
:100D040006D626D24AD04ECE52CC56CA5AC85EC651
:100D140069C037C9C901014B97390000938949015A
:100D24001309F937173A0000130A4A01973A0000E9
:100D3400938A4AFB97340000938404058357240064
:100D440095E35C44631D0B00173700002326F7FE70
:100D5400832BC4002285EF0010325E84A9A82326C9
:100D6400FB00FDB783A7090082971C443307F540B5
:100D74006375F500D8401D8F2A976361E90897379A
:100D8400000023A907F68355240003450400975067
:100D940001E0E780A0125C405844B9C70C44D0403D
:100DA400AE97BE8663E4B70063E4C700B386C7406A
:100DB40014C4228B3A8459F097370000938787F242
:100DC4009C4B09476373F708F9171737000023236F
:100DD400F7F2B250225492540259F249624AD24A6A
:100DE400424BB24B4561828063170B00973700007A
:100DF40023A4E7F4B1BF2326EB0099BF03274A02DB
:100E04001DCF63E1A7043385A7408347040085E32E
:100E1400173700000347F7F35917B307A7003E85B8
:100E2400D44063E4E70063E4D7003385D74083A765
:100E34000A016376F5009737000023ADA7EA228BF9
:100E4400404495BFD840BA977DBF9737000023A38D
:100E540007EA41B797370000938787F29C4385C31D
:100E6400411106C682979737000083C747EC89E78C
:100E74009737000023A607F0B240410182809737DC
:100E8400000083C7C7EA91E79737000023AA07EE5B
:100E940082808280411122C417340000130444E785
:100EA4001C4006C626C24AC091C7829797370000E5
:100EB40023A007E69737000083C7D701858B17392E
:100EC40000001309E90089CF8347790019476312A9
:100ED400F71097370000A38F07FEF9295C44829727
:100EE4001C4491C38297973400009384A4E49840EF
:100EF40017360000034616DF9737000083C787DEE6
:100F040093961700BA9683D60600E5C29737000079
:100F140083C747DD63E5C70E97370000238407DCEA
:100F24001C40639E071497370000938767E09C4337
:100F34006387071497370000938707E5DC43173767
:100F440000002329F7DA75339737000083C7F7F8D1
:100F5400639707129737000083C717F891CF834729
:100F6400790093F7F70F89EB97370000A38607F60C
:100F7400977001E0E780C0A997370000938707DCEA
:100F8400DC53638E070E973700009387A7D59C4BDD
:100F9400FDC78347790015476363F70E9737000051
:100FA40083C787F8918BE1EF9737000083C727D871
:100FB400F9E790409736000083C6D6D263C7D70CB2
:100FC4002244B240924402494101175301E06700B0
:100FD400831E834779001D47E314F7F09737000019
:100FE400A38A07EED12E1C48DDBD850793F7F70FC2
:100FF400973600002388F6CEE3E0C7F001BF8607EA
:101004003E97835507002310070097370000239F5E
:1010140007D097370000938767CF9C4317350000AC
:10102400034545CC13172500BA979C4382979737FD
:10103400000083D7A7CF173700000347A7CA93C779
:10104400F7FF7D8D9317170098403E97835707004D
:101054005D8D2310A7009737000083C7A7C891C7E9
:10106400850717370000230FF7C61737000003471B
:1010740067C79737000083C7F7C6E37FF7E8B24036
:101084002244924402494101828013971700329707
:10109400035707006DF7850715B737C70040832648
:1010A400C720B707FCFFFD17F58F2326F7200100A3
:1010B4000100973700009387E7C2C84F832787262C
:1010C4002326D7206A0593C7F7FF99835D8D828015
:1010D400EFF05FD8730000000000000097320000BA
:1010E4009382E2C40383020023800200630F03009F
:1010F400F32510342EC0970500009385A5FD739049
:101104001534EF00E0507300203086DCEF004050CF
:10111400E6508280000017370000130727DB1443D2
:10112400411122C49C5E4AC006C6998326C2858B9F
:101134003A8417390000130929D9D1CB9307000643
:101144009CDE17370000034707D99307000897343C
:1011540000009384E4D7631BF700832709009C43B2
:1011640093F70704173700002307F7D683C7040053
:1011740093F707049DC397370000938767BB9C438D
:1011840082979737000023A3A7D683C7040093F759
:10119400F70B17370000230DF7D283C7440093F7EA
:1011A400070495E7854717370000A305F7D297375B
:1011B4000000938767D49C433707020098C713073E
:1011C40000FC973600002387E6D09848F8D31840EF
:1011D4001C5F9183858B8DC31C5F93E707011CDF24
:1011E40097370000938747D19C4323A2070685477E
:1011F400173700002300F7CE83270900D84305835F
:10120400058B19C7D843759BD8C3D843799BD8C3DA
:10121400B24022449244024941018280ED3D730070
:1012240020309317D50063D30702973700009387C4
:10123400A7CC9C437D57B8D797370000938787AADC
:10124400DC4F850717370000232CF7AA9377850016
:101254009DCB9737000083C7C7C793E7170017379D
:1012640000002308F7C6930700F81737000023038C
:10127400F7C697370000938767C598435C57F19B7F
:1012840093E717005CD7937715008DC79737000055
:1012940083C717C493E7170017370000A30AF7C2E0
:1012A40097370000938787C298435C57F19B93E775
:1012B40017005CD79377650095CB93774500173774
:1012C40000001307E7C0CDCB8347070093E717005F
:1012D40017370000230EF7BE97370000938707BF28
:1012E40098435C57F19B93E717005CD79317F5007D
:1012F40063D40702173700000347C7D4418B9737DD
:1013040000009387A7CC51C383C7870793E70702DD
:10131400173700002308F7D29317E50063D70702B5
:101324009737000083C707BBE207E18763D707004D
:10133400854717370000230FF7B8973700009387C6
:10134400A7BB9C433707020098C79317C50063D413
:101354000702173700000347F7CE058B97370000C5
:101364009387C7C629C383C7970793E7270017370F
:101374000000A309F7CC82808347370093E7170066
:1013840017370000A307F7B481BF03C7870789464F
:101394003D8B6308D70083C787070D47BD8BE39D4B
:1013A400E7F69147B5B703C79707118B69D783C78A
:1013B400970793E7870065BF973700009387C7B304
:1013C4009443973700009387A7B003C70700058BA2
:1013D40011CB97370000238F07AE97370000A38BFC
:1013E40007AE828003C71700058B65F7F85271FFBB
:1013F40083C75700DDB717370000130727AD03284D
:101404000700832788039583858BADEF11C6832757
:101414000803BD832300F6009DC61C43985B460762
:10142400935767016356070093E707C0C207C18358
:1014340003970600C207C18709C7BA970947B3C70C
:10144400E7022390F6008DCD8345150095C99737A3
:10145400000083C747A893F70704138795008945BD
:1014640085C33A95834705000547994593F6F706E2
:101474006398E600E207E187814563D30700B94535
:101484002E8582808545EDBF411122C406C626C241
:1014940017340000130444A645E114402E87FC527F
:1014A400FDFF97370000238607A297370000938734
:1014B400E788D453BE8495C6B7E700E0B70620009A
:1014C40023A0D728B7F700E083A607D1ED9A23A875
:1014D400D7D083A607D193E6860323A8D7D0730079
:1014E40050103A85B285976001E0E780203F973736
:1014F40000009387A79D9C43B70680009843558FAF
:1015040098C3D857719BD8D797370000A384079CFA
:1015140097370000A38E079A1C40094798C3DC50F4
:1015240085CF37F700E0832707D193E78700232887
:10153400F7D0730050100DA08D476315F50497374D
:1015440000009387A7989C43B70680009843558F63
:1015540098C3D857719BD8D7144017370000130786
:10156400279783472700858B89EB83473700858B33
:10157400C9CF97370000238F0794B2402244924486
:10158400410182808547E319F5FC97270000938782
:10159400E77AD4533E8795C6B7E700E0B706200044
:1015A40023A0D728B7F700E083A607D1ED9A23A894
:1015B400D7D083A607D193E6860323A8D7D0730098
:1015C400501014408177FD17D046F18FDCC60F1000
:1015D40000001440B70702009CC6930700F8973533
:1015E40000002389F58E973700009387278E9C434C
:1015F4009C439D83858B99C793076019FCD2D0C601
:101604005C5339BF9307E01BD5BFFC52B9FBB5B798
:10161400973700009387478E9C438847D847798D36
:1016240009C988C79387418503A30700630303009F
:1016340002838280173700001307478C8346B70163
:101644009737000083C7578E4C4BB697FD8B33D723
:10165400F50097360000A383F68A97360000A38529
:10166400F68C058B15EF173700000347378CB3F75B
:10167400E702814601471305000233D6E500058AD7
:101684001378F70F19CA6397D70097370000A38719
:1016940007878280850693F6F60F0507E31FA7FCEC
:1016A4008280972700009387A7689C43011122CC6E
:1016B4004AC806CE26CA4EC682979737000093873B
:1016C400E785804701496301A406BE8463668506F5
:1016D400018D135455009737000083C7C7831379CE
:1016E400F5016360F404972900009389E969993747
:1016F40003A884009736000083C6E681139756003A
:101704004297158C3A8683A5490063640701636494
:10171400B7003306B7409737000023A5C780E378A6
:10172400D4FC160433692401F24062444A85D2444D
:101734004249B24905618280972700009387C764B4
:10174400DC4333848740229569B797270000938749
:10175400A77A98438967938707F47CD39727000077
:101764009387C77E9C4383A6070913965600635844
:10177400060083A6070913966600634406007453A3
:10178400FDF282804111B7E700E022C480433707AD
:10179400200006C6798C23A0E7180F10000011C1A1
:1017A40099E5B7E700E023A0871001457DA89307DA
:1017B4003500C207C183F19BC207C18313074003ED
:1017C4006369F702173700001307078008431727D8
:1017D40000001307E77E14436392A6021727000054
:1017E4001307C755185B55DFC207DD8D0545029702
:1017F4004DBF172700001307E77CC9BF03576500D7
:101804002DEB035745006366F706B306F740214600
:10181400637CD60203280500938687001D8FAA9651
:101824006117172600000356464C2392E60023A0B6
:1018340006012393060014C12312F500130786FF43
:10184400972600002393E64A2313B500972500004A
:1018540083D5A549B387F540172700002317F74818
:10186400B7E700E023A087102105B24022444101DC
:101874008280084195B7B7E700E08C433707200022
:1018840023A0E718F98D0F10000001E523A0B7107D
:101894008280972700009387277303A30700972765
:1018A40000009387E77183A8070081469A8763F253
:1018B400170D03A807006361F50C636FA80A13876B
:1018C40087006368E50A03D6670021670507631785
:1018D400E60003C7F1840507A387E1841725000008
:1018E4001305454003D647000357650023930700BB
:1018F400329742074183172E00002318EE3E638C73
:101904006702172300001303E36B0323030063043C
:10191400F30203D366006310030283D7460023A0B7
:10192400060121073E9621062392C6009727000050
:10193400239DE73AB6879843630D17039726000063
:101944009386466894426306D7028356670095E2FD
:1019540083D64700035647001843A106B296239244
:10196400D70098C383576500A10717270000231EDB
:10197400F736B7E700E019BFBE86C2870DBF000087
:10198400971100209381C1B417510020130141E73E
:101994001305400097E5FF1F938585661706002011
:1019A400130606FE63FAC5008322050023A0550032
:1019B40011059105E3EAC5FE17C501001305C5DB52
:1019C400970500209385C5FB1386018263FAC50041
:1019D4008322050023A0550011059105E3EAC5FE05
:1019E4001385018297250020938505716377B500DF
:1019F400232005001105E36DB5FEFD42739002BC82
:101A04008D4273904280930280087390023097E273
:101A1400FF1F9382E25E93E232007390523097226A
:101A240000009382E2DE7390123473002030397127
:101A340001436EC619A0397141536AC866CA62CCA3
:101A44005ECE19A0397101535AD056D252D44ED613
:101A54004AD826DA22DC06DE330161408282411153
:101A64004AC026C222C406C68282B24D4101024D3A
:101A7400924C224CB24B4101024B924A224AB24947
:101A84004101024992442244B240410182803D43D3
:101A94002A876373C3029377F700BDEFADE59376AE
:101AA40006FF3D8ABA960CC34CC30CC74CC741070A
:101AB400E36BD7FE11E28280B306C3408A06970225
:101AC400000096966780A6002307B700A306B70018
:101AD4002306B700A305B7002305B700A304B70086
:101AE4002304B700A303B7002303B700A302B7007E
:101AF4002302B700A301B7002301B700A300B70076
:101B04002300B700828093F5F50F93968500D58D59
:101B140093960501D58D61B793962700970200002F
:101B240096968682E78086FA9680C1171D8F3E9628
:101B3400E374C3F8A5B73367B500FD530D8B79E79C
:101B4400B7877F7F9387F7F710419441B372F6000C
:101B54003363F600BE92B3E262006397720C6318BB
:101B6400D6065041D441B372F6003363F600BE92F8
:101B7400B3E262006398720A631BD604104594456D
:101B8400B372F6003363F600BE92B3E2620063916F
:101B9400720A631ED6025045D445B372F60033630D
:101BA400F600BE92B3E26200639A72086311D60231
:101BB40010499449B372F6003363F600BE92B3E25F
:101BC4006200639372085105D105E30FD6F613172B
:101BD400060193970601631CF7001357060193D778
:101BE40006013305F7409375F50F91E9828041832F
:101BF400C1833305F7409375F50F91E18280137724
:101C0400F70F93F7F70F3305F7408280034605007B
:101C140083C60500050585056313D60065FA3305FB
:101C2400D640828011059105E312D6FE01458280DB
:101C34002105A105E31CD6FC014582803105B105CF
:101C4400E316D6FC014582804105C105E310D6FCAC
:101C540001458280B717004003C777051377E70F64
:101C6400A38BE704130700F8A38DE7043D47238CF7
:101C7400E70413075003A38CE70403C7A7051377EE
:101C8400D70F238DE7048280B717004003C7E7020C
:101C94000D8941111377C70F498F93068008F3B656
:101CA400068093F6860836C60F100000930670056A
:101CB4002380D704930680FA2380D7040F100000F2
:101CC4002387E70223800704B247F3A707800F1096
:101CD40000004101828041112A83014E930E407E0F
:101CE400130F0019930F400663E56E129308001951
:101CF40013034006B3781503854E0D4FA14F33737C
:101D040065020D891335150063EFBE121308F6FF43
:101D1400794672984208135808013307C70213D64C
:101D24001700BE0732976146B3F6C60213068070E9
:101D3400B386C6023697A166F58F42075D8FB71644
:101D4400004083C7F60293F70708A303F100034694
:101D5400710083C7F60293F70708E394C7FE83472D
:101D64007100B716004093F7F70F638807129307C3
:101D74008008F3B7078093F787083EC40F1000006C
:101D8400B7170040930670052380D704930680FAA2
:101D94002380D7040F10000023AA070383C6170368
:101DA40093E60608A388D70223800704A247F3A773
:101DB40007800F1000001166B71700407D16D45B32
:101DC400C85F93854703A98EF18EF5FA93068008C0
:101DD400F3B6068093F6860836C60F100000930605
:101DE40070052380D704930680FA2380D7040F104C
:101DF400000098C103C7170313670704A388E70209
:101E040023800704B247F3A707800F1000004101A5
:101E140082807D133368E3039308E016630E0800A1
:101E24003368F3039308D0166308080093783300EB
:101E340093B818009388D81633081E01131E08019E
:101E4400135E0E0155B56393E503054863860800E8
:101E54000148630303002A8871087298FD15131E54
:101E64000801C205135E0E01C18179BD13F8150086
:101E740063F4BF007908D5B713381800E5BF83C7EA
:101E8400F60293F70708A303F1000346710083C722
:101E9400F60293F70708E394C7FE8347710093F7AC
:101EA400F70FF1DFE9B531714AD966CB06DF22DDE0
:101EB40026DB4ED752D556D35AD15ECF62CD6AC9EE
:101EC4006EC7AA8C02D8EF00901C2A899307800859
:101ED400F3B7078093F787083EDA0F100000B717AF
:101EE4000040130770052380E704130780FA23805A
:101EF400E7040F10000003C7F7021377770FA387D7
:101F0400E70203C7F70213678700A387E70223806A
:101F14000704D257F3A707800F1000000545AD331F
:101F2400130780C13347E902116A93070AE893064D
:101F34005002BD69930BA004814A014B130480082D
:101F4400930470057D1AB347F9023307D7023EC0E4
:101F5400FD873ECC938709A69309803E3347F70259
:101F64003AC27D873AC4334739038549B399990105
:101F740093D93940B306D702B30B7703B3C6F6023D
:101F8400B3CBFB0236C6FD8636C893D6FB4136CEAC
:101F9400B7460F00938606243349D9028566938693
:101FA40006FAB3969601B389E902130780523309FE
:101FB400D90293060010B389E9023349D902B3C99F
:101FC400F9029316390036CA37190040FD8636D017
:101FD400930D090493D7F9413ED2F336048093F666
:101FE400860836DC0F100000930770052380FD007F
:101FF400930680FA2380DD000F1000008346390524
:1020040093F6860FA309D9048346390593E616008F
:10201400A309D90423800D00E256F3A606800F100D
:102024000000130C80FA116DF336048093F68608D1
:1020340036DE0F100000930770052380FD00238017
:102044008D010F10000083463905216693E60602D0
:10205400A309D90483560905B3E6A6012318D904B4
:1020640083560905D18E2318D90423800D00F25616
:10207400F3A606800F1000008346390593F6060286
:10208400638A061803463905218A6DDE0818EF00B5
:1020940010047336048013768608B2C20F10000051
:1020A40023809D0023808D010F100000B71700408E
:1020B40003C637051376F60DA389C70403C637058F
:1020C40013660602A389C704835609052166B3E68D
:1020D400A6012318D90483560905D18E2318D904DF
:1020E40023800D009646F3A606800F100000834659
:1020F400390593F606026386061483463905A18AD8
:10210400EDFE97E0FF1FE780C0F8AA8636D497E07B
:10211400FF1FE78000F8A256E30AD5FE835609059F
:102124004255B3E6A6012318D904D12783463905BD
:10213400A18AEDDE035609058346290582473376D5
:10214400CA00B306DA0293D5F641B296B388F640D4
:10215400E24733B8C6002E983308F840A247B3B616
:1021640016013308D84063C70701631DF80092477E
:1021740063FA1701C247634DF80E63950701B2472E
:1021840063E8F80E894663E7660FF2469315180074
:1021940013D3F8015E8613951800B365B30042D6D5
:1021A40046D4EF8031133258050B137BFB0F634782
:1021B400000163120838A258638F0836130815000B
:1021C400B336A800B69513D6F5013298B336C800D5
:1021D400AE9613581800FE06B3E606017336048063
:1021E40013768608B2C60F10000023809D0023805A
:1021F4008D010F1000000356C902B296C206C182B7
:102204002316D90223800D00B646F3A606800F10CC
:10221400000019BDF336048093F68608B6C00F108B
:10222400000023809D0023808D010F100000834651
:10223400390593E60602A309D90423800D008646D6
:1022440005BDF336048093F68608B6C40F1000006B
:1022540023809D0023808D010F10000083463905E3
:1022640093E60602A309D90423800D00A646A5BD62
:10227400E30D0BF0F336048093F68608B6C80F100E
:102284000000930680FA23809D002380DD000F1058
:1022940000008346390593F5FC0F93F6860FA309D6
:1022A400D90483463905CD8EA309D90423800D00B2
:1022B400C646F3A606800F100000130580FA0346F5
:1022C4003905930639051D8A6314962973360480EB
:1022D40013768608B2CC0F100000130680FA238010
:1022E4009D002380CD000F10000003C60600137666
:1022F400F60D2380C60003C606001366060223807B
:10230400C600835609051166D18E2318D904835655
:1023140009052166D18E2318D90423800D00E646D1
:10232400F3A606800F100000130680FA83463905D1
:1023340093F606026388062483463905130C39058F
:10234400A18AFDDA08186123F336048093F686081F
:10235400B6D00F100000930680FA23809D002380DE
:10236400DD000F10000083460C00116693F6F60D95
:102374002300DC0083460C0093E606022300DC0005
:1023840083560905D18E2318D9048356090521667D
:10239400D18E2318D90423800D008656F3A6068017
:1023A4000F100000130680FA8346390593F60602DF
:1023B4006385062083463905A18AEDFE97E0FF1F59
:1023C400E78020CD2A8C97E0FF1FE78080CCE30CC8
:1023D40085FF8356090511664255D18E2318D90409
:1023E40039238346390513063905A18AFDDAF33604
:1023F400048093F68608B6D40F100000930680FA82
:1024040023809D002380DD000F100000834606001A
:1024140093F6F60D2300D60023800D00A656F3A6EE
:1024240006800F1000008356090503462905D2478C
:10243400B376DA003306CA021305800C9355F641CD
:102444003696330DF6408257333CD6002E9C3336F5
:10245400A601330CFC40330CCC4033088503925660
:102464004E86B335A5033305A503C295EF80816677
:1024740063468001631E0C16630C0D1613061500CB
:102484003335A6002E959356F5013696B335D6000E
:10249400AA959396F50105828585D18E6346B00091
:1024A400639D051A638B061A0356C9021582330508
:1024B400D6003336C500B2956348B0006391052455
:1024C4001306F00F637DA622894663F3561593071E
:1024D4008008F3B7078093F78708BED60F10000073
:1024E40037170040930770052300F704930780FA19
:1024F4002300F7040F1000008356C7028967811771
:10250400D58FC207C1832316F70223000704B657E9
:10251400F3A707800F100000FA506A54DA544A599E
:10252400BA592A5A9A5A0A5BFA4B6A4CDA4C4A4DFF
:10253400BA4D296182801308F5FF3335A800FD15D3
:102544002E951356F5013298B336C800AA9651B1A8
:10255400F336048093F68608B6CA0F100000238071
:102564009D002380AD000F10000083463905CD8EF9
:10257400A309D90423800D00D646F3A606800F10C4
:10258400000035BBF336048093F68608B6CE0F10F0
:10259400000023809D002380CD000F10000083469F
:1025A400390593E60602A309D90423800D00F646F3
:1025B400F3A606800F10000095BBF336048093F653
:1025C4008608B6D20F10000023809D002380CD0022
:1025D4000F1000008346390593E60602A309D904C7
:1025E40023800D009656F3A606800F1000006DBBE5
:1025F4009306F5FF33B5A600FD152E959355F50109
:10260400AE96B3B5B600AA951396F501858269B561
:10261400F336048093F68608B6D80F1000009306AC
:1026240080FA23809D002380DD000F100000835674
:10263400C9020566011693F6F60FD18EC206C18251
:102644002316D90223800D00C656F3A606800F1068
:102654000000850A93FAFA0F49B233E6B60045C280
:102664000356C9023305D0403338A000B305B04047
:10267400B385054115826345B000D1E16371A608B5
:10268400894663F0560593078008F3B7078093F7EC
:102694008708BEDA0F100000B71700401307700553
:1026A4002380E704130780FA2380E7040F10000057
:1026B40003D7C7027D8B2396E70223800704D657EE
:1026C40081BDF336048093F68608B6DC0F10000053
:1026D400930680FA23809D002380DD000F10000004
:1026E4008356C9020566011693F6F60FD18EC2060B
:1026F400C1822316D90223800D00E656B9B7930789
:102704008008F3B7078093F78708BEDE0F10000038
:1027140037170040930770052300F704930780FAE6
:102724002300F7040F1000000356C70293975600C6
:10273400B297C207C1832316F70223000704F65792
:10274400C1BB914763EEB70217A70100130787F7D0
:102754008A05BA959C41BA978287B717004003A7A8
:10276400470B1345F5FF698F23AAE70A03A7070B55
:10277400698F23A8E70A03A7070A798D23A0A70A6C
:102784008280B717004083A6470B1347F5FFF98EE5
:1027940023AAD70A83A6070B558D23A8A70A83A6C5
:1027A400070A758F23A0E70A8280B717004003A7A2
:1027B400470B498F23AAE70A03A7070B1345F5FF25
:1027C40045BFB717004083A6470B1347F5FF758F26
:1027D40023AAE70A03A7070A598D4DB7B717004084
:1027E40003A7470B498FEDB7914763EEB70217A7CD
:1027F4000100130767EE8A05BA959C41BA97828750
:10280400B717004003A7470D1345F5FF698F23AAA7
:10281400E70C03A7070D698F23A8E70C03A7070C90
:10282400798D23A0A70C8280B717004083A6470D9B
:102834001347F5FFF98E23AAD70C83A6070D558DF0
:1028440023A8A70C83A6070C758F23A0E70C82800E
:10285400B717004003A7470D498F23AAE70C03A726
:10286400070D1345F5FF45BFB717004083A6470D75
:102874001347F5FF758F23AAE70C03A7070C598D9F
:102884004DB7B717004003A7470D498FEDB7B717EA
:1028940000408847420541819377050491EB937783
:1028A400F5013755E801130505803345F5028280AB
:1028B4009377050C130700046397E7009377F501FA
:1028C40037459C1CCDB72165130505D0828037E7B9
:1028D40000E01C435443A183E206D58F1CC1FD577D
:1028E4002320F7182322F7180F10000082801317F3
:1028F4008500B7E700E023A0E710618123A2A710B9
:102904008280B7F700E08847CC4782808147373719
:102914000040A14663C4C700328582800345B740A6
:10292400E38EA6FE3385F5000345050085072304E1
:10293400A740CDB797F7FF1F938787399C43171795
:1029440000201307677B3E95636EE5001747002060
:10295400130707CB6368A70017F7FF1F232AA736BF
:102964003E858280FD57EDBF411122C406C62A84EC
:10297400393F2947B307E502B2408D83B3D78702B5
:1029840022449507B3D7E70237370040C207C18313
:102994002316F7404101828071654111130505201A
:1029A40006C6D937B7370040130770F82381E740CC
:1029B4000D47A381E74013070004A380E7400547C0
:1029C4002387E740B240410182802380018223A211
:1029D4000182B717004003A7070CB706C0FFFD1616
:1029E400758F23A0E70C03A7070DB7064000558F8A
:1029F40023A8E70C03A7070C3D9B23A0E70C03A720
:102A0400070D1367070123A8E70C828023A2A18284
:102A140013064006894503C5C1826F302153B71799
:102A2400004003A5470C83A7470C598113451500A3
:102A3400C18B058999E31365250083C70182638CE3
:102A4400A7002380A18201C99387418203A30700C1
:102A5400630303000283828011456FF0CFC44111E8
:102A640093962500AA852D4506C697E0FF1FE780AB
:102A7400C0A4B240014541018280011122CC06CE9E
:102A84003714004026CA4AC84EC652C4834474054B
:102A9400034AB4058349840503499405EFF08F9BE9
:102AA4008347A40593F4F40F137AFA0F93E71700FE
:102AB400230DF40493F9F90F1379F90FB7170040B4
:102AC40003C7A705058B6DFF03D5C705A38D470570
:102AD400238C3705A38C2705A38B9704F24062440B
:102AE400D2444249B249224A0561828041119397F6
:102AF400050122C406C6C1872E8463DA0700EF30BD
:102B0400C10D19C1EF3041012165218D1DA093F73D
:102B1400150013C5150091EF93F7250099CF0137E0
:102B24001306000A894503C5C182EF3021421345CB
:102B34002400B2402244410182809397250163D04E
:102B44000702EF506110093F37F60200130606E052
:102B5400896503C5C182EF30613F09657DB79397ED
:102B640015010145E3D707FC17A50100130585BC32
:102B7400EF80510F13060064916503C5C182EF30E5
:102B8400E13C116559B72D71232A9110FD74E98C2C
:102B9400232C811023282111232631112A84AE8964
:102BA4003289930600100A86A6852D45232E11101E
:102BB40097E0FF1FE78060901315440151810A05D7
:102BC40013962900CA850A9597E0FF1FE780A002A3
:102BD400A68585660146254597E0FF1FE780E08DC1
:102BE4000A86A68593060010294597E0FF1FE78013
:102BF400C08C8320C1110324811183244111032932
:102C040001118329C11015618280B7F7070003C73A
:102C14000701411106C622C426C24AC0A547631A49
:102C2400F7009537B24022449244024901454101DC
:102C3400828013942500AA843289A286AA8501463B
:102C4400254597E0FF1FE7804087A2864A86A68530
:102C5400294597E0FF1FE7804086E9B71D71494683
:102C640097A50100938585A817B501001305059361
:102C740086CEA2CC97E0FF1FE780E0FE01E917A50E
:102C840001001305E5A7EF80E17D01A037F700E01F
:102C9400795610CBFD5654CBB7E700E0056423A06A
:102CA40087109306F00214C323A087180F100000A6
:102CB40017E7FF1F1307874223A4E1824157A38A22
:102CC400E740130600048145080897E0FF1FE780EA
:102CD40060F6970700209387678F3EC89D673ECCB8
:102CE400B7070105938707103ECEED472310F10285
:102CF40085472301F10297070000938787D6BEC258
:102D0400970700009387A7F0BEC48567938757D1C0
:102D14002312F102970700009387E7BE3ED8B7F568
:102D2400070097070000938787D53EDC8146970705
:102D340000009387A7D23000E10519453EDE231A2F
:102D4400810097D0FF1FE780407718088147994694
:102D540030003E960346060085070507A30BC7000F
:102D6400E398D7FEC24791C7035741018567637350
:102D7400F70001A08307410263D707049307800883
:102D8400F3B7078093F787083EC40F100000B71706
:102D94000040130770052380E704130780FA23809B
:102DA400E7040F100000B847B706100013670718B0
:102DB400B8C79853558F98D323800704A247F3A725
:102DC40007800F1000000808EF302167AA8501C9A9
:102DD40017A5010013050594EF80815401A0F64066
:102DE400664425618280411117050000130545D012
:102DF40006C622C4EF30A1601384C1822300A4005C
:102E04002128E136034504002244B240130600326F
:102E1400896541016F308113797106D613078008E3
:102E2400F337078093F787083EC20F100000B717E7
:102E34000040930570052380B704130680FA2380AD
:102E4400C7040F10000083C6F70293F6A60FA387EA
:102E5400D702238007049246F3A606800F100000D1
:102E640073370780137787083AC40F100000238054
:102E7400B7042380C7040F10000003C7F7021367C9
:102E84002700A387E70223800704A247F3A707804C
:102E94000F1000000545EFE03FDF7D3E814701470D
:102EA4008146054685451305407EEFE0DFE2680074
:102EB4005146814597E0FF1FE780C0D7B707C0A8F8
:102EC4003EC8B787E803938707D03ECA680097D700
:102ED400FF1F9387474F3EC6EF30417BB250456199
:102EE4008280411197A501009385458817A50100AB
:102EF4001305C59E06C6EF80A14217A50100130560
:102F0400E59EEF80E1412945EF808145B2404101D2
:102F14006F20E04F411197A501009385658317A5A4
:102F240001001305A59B06C6EF80813F130500022F
:102F3400EF8001432945EF80A142EF20716D856741
:102F4400138607773376C502B2409387873803C563
:102F54004183854541013E966F20517F41119795EC
:102F640001009385657D17A501001305259706C605
:102F7400EF80013B13050002EF80813E2945EF807D
:102F8400213EB24003C54183854541016F30A11202
:102F94009707002083C79770411193F7E70F06C680
:102FA40017070020A30CF76EEF90604605E1EF10C1
:102FB4003068EF20B021B2403726090003C54183B1
:102FC4001306067C854541016F205178B2404101CA
:102FD40082804111979501009385857817A501009A
:102FE4001305C58F06C6EF80A1332945EF8041370D
:102FF400B240410171BF41119795010093858574D9
:1030040017A501001305858D06C622C426C24AC031
:10301400EF8001312945EF80A134EF90403F19E55D
:103024002244B2409244024941019DB717F4FF1F64
:103034001304449F3C48F5747179FD1423902701CF
:103044002391970017F5FF1F1305C5A1EFC0303674
:103054007C4417F5FF1F1305E5A017F4FF1F1304A5
:1030640024A323900700EFC0F0321C48228523904C
:10307400270123919700EFC090335C4422852244BA
:10308400B240924402492390070041016FC090303E
:103094004111979501009385256E17A5010013052D
:1030A400E58306C622C426C2EF8081272945EF8026
:1030B400212BEF90C03505E9979501009385C56BE9
:1030C40017A5010013058581EF80812517A501004F
:1030D40013058583EF80C1242244B24092442945DC
:1030E40041016F80E12713050002EF0070362A8446
:1030F40005E197950100938525681795010013054F
:10310400E57DEF80E12117A5010013056581D9B79D
:10311400A547A300F5009307C0125CC1FD57230621
:10312400F500EF00D0312300A400084CB705D4000B
:103134009385851A3105EF10E018084C8345040087
:103144003105EF207025084C930500103105EF2060
:10315400F025044C0565CD29B104AA852685EF2008
:10316400B02322852244B240924441016F00F033DF
:1031740093F71500B9CB411122C41795010013052B
:10318400E5752E84979501009385456306C6EF8007
:1031940021192945EF80C11CEF90602701C9CD3D5D
:1031A40013451400B2402244410182809707002055
:1031B40083C7D74E93F7E70F93E71700170700204D
:1031C400A30EF74CEF105048E1BF0145828079719E
:1031D400979501009385855B17950100130505708C
:1031E40006D6EF80E1132945EF80811761468145BA
:1031F4002800EFE0DF89EF009024A547A304F10045
:103204009307C0122304A1003EC60565FD57230A97
:10321400F1007923EF90A01F1DE597950100938598
:10322400E556179501001305656BEF80610F17953F
:1032340001001305656DEF80A10E2945EF80411251
:10324400B250456182802800EF001027D5BF41119C
:10325400979501009385855417950100130505681A
:1032640006C622C4EF80C10B2945EF80610FEF90A1
:10327400001A1DE5979501009385455217950100A5
:103284001305C565EF80C109179501001305C567CE
:10329400EF8001092244B240294541016F80410C6D
:1032A4004145EF00F01A2A8405E1979501009385C2
:1032B400E54E1795010013056562EF8061061795C9
:1032C40001001305E565E9B7A547A300F5009307D9
:1032D400C0125CC197A70100938787475CC9FD575B
:1032E4002306F500EF00B0152300A400084CB70531
:1032F400D4009385851A3105EF00D07C084C8345B2
:1033040004003105EF205009084CBD65A5053105C1
:10331400EF20D009084C930530023105EF20D00787
:1033240022852244B24041016F003018411122C469
:10333400979501009385C5472A84179501001305C5
:10334400E55906C6EF70D17DA285179501001305D6
:10335400E55AEF70F17C2945EF80810085476309C8
:10336400F4008947630AF400B24022444101828098
:103374002244B2404101A1BD2244B2404101C1BD39
:1033840001113546979501009385C54A17A501009B
:103394001305858F06CE22CC97E0FF1FE780A08C13
:1033A4000DE5979501009385654217950100130576
:1033B400E552EF70F1761795010013056534EF803F
:1033C400610A2945EF70D17901A097F7FF1F938710
:1033D40067963EC4856793870780340017A601006B
:1033E4001306863797950100938545631795010069
:1033F400130545643EC6EF10904D2A840DC9979578
:1034040001009385A53C179501001305254DEF7028
:103414003171A285179501001305C542EF705170F3
:103424002945EF70F173F240624405618280EF70C8
:10343400305A179501001305653AEF00106FEF40FD
:103444003050EFE0A06A17E5FF1F1305A563EFE016
:1034540080571795010013056539EFE0E06A2A8467
:10346400EF10A048EFA0200BEF00F108EF20805DE3
:10347400EF103023EFC0406F979501009385053519
:10348400179501001305854509C8EF707169A28578
:10349400179501001305453D51B7EF7071681795F5
:1034A40001001305A53EEF70B1672945EF70516B1C
:1034B400EFC0E051EF80B07529C597950100938561
:1034C400E5301795010013056541EF707165179597
:1034D40001001305253DEF70B1642945EF70516873
:1034E400979501009385852E179501001305053FD7
:1034F400EF701163179501001305053DEF705162DC
:1035040005B77934F1BF411117050000130585C6CD
:1035140006C6EF20D16E238AA18217E5FF1F13058B
:103524002557EF003002A93DEFF02FCA1705000020
:10353400130505E0EFF08FCDB240814505654101EB
:1035440021AA39711C0822DC3EC22E84B707200050
:10355400A16526DA3EC4AA841C0893854520480048
:1035640006DE3EC6EF001056B717004083A5470C91
:103574004800B18193C515008589EF20E0619795D6
:1035840001009385653B1795010013052535EF7000
:1035940031598355840003566400179501001305BF
:1035A4006543A18193F5F507EF7091572945EF70B5
:1035B400315B834794000147814693F7F707D91796
:1035C400B337F000B307F0402305F4005000A285A0
:1035D4002685EF00706F15C52A84979501009385A1
:1035E400A535179501001305652FEF707153A2855A
:1035F400179501001305853FEF7091522945EF702F
:103604003156F2506254D25421618280411122C455
:1036140026C22A84AE84179501001305252C97959C
:1036240001009385A53206C6EF70914F1305000281
:10363400EF7011532945EF70B15222852244B240F4
:10364400A68592444101F5BDB717004083A7470CF6
:103654007D8D133515008280411126C2AE848D45BF
:1036640022C406C62A84EFF02F98B717004099C8E1
:1036740003A5C70C418D23A6A70CB2402244924453
:103684004101828003A5870C418D23A4A70CF5B7C3
:103694000111979501009385652D17950100130578
:1036A400E52332C606CEEF70B14713050002EF7072
:1036B400314B2945EF70D14A3246B717004083A7F2
:1036C400470C1842B1838345070093C71700858BC5
:1036D4006386F500F24005650561BDBFF2400561F2
:1036E4008280797122D426D22E844AD081453289AF
:1036F400AA846146280006D6EFE06FB98923A5475E
:10370400A304F1009307C0123EC62304A100EF20D6
:103714002170930720033375F50297950100938573
:10372400E5232AC8179501001305451BEF70513F87
:10373400835584008306840003566400A18193F5B5
:10374400F507179501001305A526EF70713D29456E
:10375400EF70114183270900056583C50700ED3D1E
:1037640083479400294793F7F7076385E700FD57DC
:10377400230AF100831764006359F000FD57230AFC
:10378400F1009307400602C83EC628003523A285EF
:103794002685453BB2502254925402594561828099
:1037A40041118D4522C406C62A84EFF0EF83B71772
:1037B400004003A5870CB240218D224423A4A70C0A
:1037C4004101828001113546979501009385850654
:1037D400179501001305454B06CE97D0FF1FE780D0
:1037E400804801E9179501001305C521EF70914741
:1037F40001A0EF50F1712AC6EF00F111EF00217121
:10380400EF60D057F24032450561828041111305C3
:10381400800406C697D0FF1FE78020893717004031
:103824008327870A8D451305002093E70720232467
:10383400F70AEFE01FF1EFF02F9617A5010013052B
:10384400E5D5EF703142179501001305E543EF709C
:103854007141EFF0AFC0EFF00FD9AD376D3197D0B4
:10386400FF1FE78020B901458280B7F7070003C72F
:103874000701A547AE866316F7009397450191C3E8
:1038840001A0AA850146254517D3FF1F6700E3C29F
:103894004111B2862E86AA852D4506C697D0FF1FF4
:1038A400E780A0C1B2400145410182809307000432
:1038B40063E6C7021D71A2CC2A84080886CE32C6EC
:1038C400EF70B11AB2461008A285294597D0FF1FA0
:1038D400E780A0BEF6406644256182803955828027
:1038E4000147979601009386A62B3388E50083470A
:1038F4000800050709059183B69783C70700230FBE
:10390400F5FE83470800BD8BB69783C70700A30F56
:10391400F5FE93170701C183E3E9C7FC82804111D7
:10392400979501009385851917950100130505FBEB
:1039340006C6EF70F11E13050002EF707122B2404B
:10394400294541016F70D12141119795010093855B
:10395400E51417950100130565F806C6EF70511CB0
:1039640013050002EF70D11FB240294541016F7069
:10397400311F411197950100938505111795010099
:103984001305C5F506C6EF70B11913050002EF70F3
:10399400311DB240294541016F70911C4111979529
:1039A40001009385A50D17950100130525F306C69F
:1039B400EF70111713050002EF70911AB2402945F8
:1039C40041016F70F1194111979501009385450AE2
:1039D40017950100130585F006C6EF7071141305E1
:1039E4000002EF70F117B240294541016F70511781
:1039F4005C49411122C406C62A8491C7DC4381C7AD
:103A04002E850C4882971C4CC84BEF20E1101C4CAF
:103A1400B240224423AA0700410182804111328529
:103A240006C622C426C22E844AC0EF204021AA849E
:103A3400979501009385850717950100130505EAFD
:103A4400EF70110E0307840003566400835544008D
:103A5400A686179501001305E517EF70710C29452B
:103A6400EF70111017040020130484BB1709002001
:103A7400130909C183470400639B9700814522858C
:103A8400853F8345C40103C56183EF20C1621304EC
:103A94000402E31124FFB24022449244024941014A
:103AA40082801D719707002083C747B9CEC686CE92
:103AB400A2CCA6CACAC8D2C4ED8F970900209389A4
:103AC40029B6D9EF9707002083C747B9ED8FD9EB03
:103AD4009707002083C787BAED8F0145B5CB894787
:103AE400939457001C103EC4B70720003EC617EA43
:103AF400FF1F130AEAF91C103EC88327CA0002CA32
:103B040002CC02CE83D7070033849900184C231BC0
:103B1400F100FD77231CF1005C4B2E89B1E79795EA
:103B240001009385A5FC17950100130525DBEF70B3
:103B3400217F1795010013056501EF70617E29450A
:103B4400EF701102B387990003C5C7013345A9007B
:103B5400F6406644D6444649B649264A25618280E1
:103B64008147BDBF8547ADBF83471400A555B9CF75
:103B7400FD17035607014C47A300F4008347C40014
:103B84002800230FF100EF10507F5285228797A65B
:103B940001009386E6BC30004C08EF00F0122A8A3C
:103BA40055D197950100938565F417950100130588
:103BB400E5D2EF70E176D285179501001305C5F9BA
:103BC400EF7001762945EF70A179D55522850D3521
:103BD40095BF9C4DDC4B81CBD04183C5C50103C54A
:103BE40061836F20A13682801C4EDC4BA1CBB9C50A
:103BF400411126C217950100130545CEAE84979551
:103C040001009385E5ED06C622C43284EF7041714C
:103C1400A685179501001305E5F9EF706170294534
:103C2400EF7001748345C4012244B240924403C539
:103C340061831306400641016F20413182809387DE
:103C4400518303C50700130715002380E700828012
:103C5400011122CC170400201304849C26CA044CAE
:103C640006CE4AC8DC484EC699CF045CDC4895CBE6
:103C7400244CDC488DCB0145F2406244D244424995
:103C8400B249056182800149AA891609EF10F16DD4
:103C9400C8C8330524011C4D23993701DC4BE9FFC7
:103CA400D9BF0549D5B70949C5B710458345C501ED
:103CB40003C561836F208129411126C2AA8441452D
:103CC40006C622C4713705E997950100938505E37B
:103CD40017950100130585C0EF70816417950100E5
:103CE400130505C4EF70C1632244B24092442945D0
:103CF40041016F70E1666146A6852A84EF70E15642
:103D0400084CB705D4009385851A3105652B084CFA
:103D140083C504003105EF103068084C930500108A
:103D24003105EF10B068044C0565EFF0FF91B10464
:103D3400AA852685EF10506622852244B24092441B
:103D44004101A5B7B707B1E59387871A1707002084
:103D54002320F794B707003F9387570217070020E3
:103D6400232AF792B77763A715719387C7AE17070E
:103D740000202323F79288109307802F86CF1707FC
:103D84000020232DF790A2CDEF006164B70725E54D
:103D940011464C0028103EC2EFF09FB497950100E5
:103DA400938505D70818EF70A16C19469795010003
:103DB400938545DD13051103EFF09FB2979501003C
:103DC400938505D51305D103EF70816A4146979514
:103DD4000100938585DB1305E103EFF07FB0130643
:103DE40060032C108810EF00416585476308F50ACD
:103DF40097950100938585CD17950100130505AEB0
:103E0400EF700152179501001305C5D0EF704151B1
:103E14002945EF70E154EF10B17F9357850003C734
:103E24005183AA97BA9713570501BA976181AA9744
:103E3400A38AF18297F7FF1F9387477917F7FF1F2C
:103E4400232CF77E854717F7FF1F2309F77E97F783
:103E5400FF1F9387677917F7FF1F232FF77E894783
:103E640017F7FF1F230CF77E97F7FF1F93878779B8
:103E7400170700202322F780170500001305A5C2A9
:103E8400914717F7FF1F230BF77EEF204157FE40A2
:103E94006E44238BA18201452D6182802A848C107B
:103EA4002800EF00A15F63018502979501009385C7
:103EB400E5C117950100130565A2EF7061461795DA
:103EC40001001305A5C699B741462C0017F5FF1F3D
:103ED4001305057BEF7061393DBFEFD2BFB62A846D
:103EE40008452E89B28909C900C197050000938548
:103EF400C5736105EFF0107381447D5AEF10A00380
:103F040063C3A4048144EF10000463C6A40497F7B8
:103F1400FF1F9387A7799C43DC47B307F940918738
:103F24002302F400638109048327C900B307F44022
:103F34009587A302F4001C4C89C79C4799C322852A
:103F440082976FD07FB35C44139714008504BA97AB
:103F54002390470165B71C48139714008504BA974A
:103F6400239007004DB7832789000547B307F44022
:103F74009587A302F40083570400638EE7028DC380
:103F840009476384E7040D47E397E7FA979701002D
:103F94009387471E1CCC979701009387A71E11A8EF
:103FA40097970100938787E41CCC97970100938728
:103FB400E7E45CC849B797970100938727D01CCCE6
:103FC40097970100938787D0EDB797970100938760
:103FD400271F1CCC979701009387871FD9BF85E1C2
:103FE400EFD2FFA7004618448347940075839D8B46
:103FF4006315F700EF00901948C46FD09FA8828022
:10400400EFD25FA413893500C16442094111AA8922
:104014000144F11413590901054A2EC6EF00B07189
:10402400B2456346A400014541016FD0FFA483A7B4
:10403400090013171400BA9783D707006388B700E1
:104044006394970063742A010504C1BF0545E9BF61
:10405400EFD27F9EAA892E89328BB6843A8ABE8A91
:10406400EF80E03A4DC12685EF10102D8D4763E5B2
:10407400A7007D556FD0BF9F83DB4400EF00B07174
:104084002A84EF009072930774003144330585024B
:1040940063C5A702EF003070EF00F06F2A84EF00D1
:1040A400D0709307740031443305850263CDA702B1
:1040B400EF00706E9307450019A8EF00106F3305E9
:1040C40085021307F0179307C017E357A7FC2D5574
:1040D400E3C277FB63000B02D6865286A6854A8527
:1040E400EFE0F05541BFEF00506C330585029307B4
:1040F400C5FFF1BF832749001385C90083D5270075
:10410400013779F9BDB76955B5B797F7FF1F239103
:10411400A75A97F7FF1F93876759904381470C4627
:104124003307F500420741836393B7008280544606
:10413400139847008507C2962390E600D5B797F7F2
:10414400FF1F9387A7569C4303C58700828017F5FA
:10415400FF1F0355E5558280EFD27F90C167138717
:10416400D7FF6307E5026368A700F117630EF50044
:1041740001456FD01F911387E7FF630EE500FD171C
:104184001D8D13351500F5B7EF4000347D15D5BFEF
:10419400EF408011E5BFEF40E00FCDBFEFD23F8C81
:1041A4004111AA8401442EC6EF00F059B24563467A
:1041B400A400014541016FD0DF8C9C481315140005
:1041C4003E9583570500E387B7FE0504E9BF03481E
:1041D4005500814693F7F60F63E5070181473E8555
:1041E4008280584593975600BA9703D727006316E1
:1041F400B70003D70700E304C7FE8506E1BF834683
:10420400450001479377F70F63E4D700814711A86E
:104214001C45131657000507B29703D60700E3138E
:10422400B6FE3E858280EFD2FF8193170501C187D8
:1042340097FAFF1F938A8A476353F00883A70A00FB
:10424400C0479C4703570400198D420541816366AA
:10425400F500014422856FD03F8212052A94DDBF08
:10426400DC4713944900014A3E9483474400634168
:10427400FA02014A834754006346FA028509C209D7
:1042840093D9090183A70A009847E3EBE9FCD1B766
:104294001C4413195A00A6853E994A85013709ED35
:1042A400050AE1B75C4413195A00A6853E994A856C
:1042B400F53519E1050A7DBFE30209FC61BFAA8453
:1042C4008149C9B7EFD2AFF91C452A8481E7930726
:1042D400C5001CC51C44231204001CC09307F00F26
:1042E40063E9B70093F5F50F2285EF10F00A6FD05C
:1042F4004FF993940501C167C18063F7F500A68562
:104304002285EF10100DE5B7C18193F5F50F2285D5
:10431400EF109008A6852285EF105009C9BF97F7C2
:10432400FF1F9387A738884382801C4599C797F756
:10433400FF1F23ADA736014582807D55828097F704
:10434400FF1F9387A7369843834745004847920742
:104354003E958280EFD2AFF0617100451C183EC6D5
:10436400B70780013EC81C183ECA8357440002CEDA
:1043740002D002CC231EF100834784002A8902D292
:104384002301F1023C083ED402D6553F8357050071
:104394002316F102EF30D0622307A1025C400355DB
:1043A4006400F18313F717008347F102520551812A
:1043B400F99BD98FA307F102EFE0D01939C5AA847C
:1043C40003550500EF80800583D704002AD26800D6
:1043D400231CF10083D72400231DF1001C4803D6BD
:1043E40047008C43EF1060798347B400CA86179660
:1043F4000100130626868117A305F4006C004810FB
:10440400EFE0F0235D616FD0CFE72155E5BF1C4598
:10441400B1CF03C5A700894613576500630BD702C4
:104424008D46630ED70285466300D7021307400604
:104434003305E50203C7B700418B15CB83C7B7002B
:10444400BD8B3355F54082801375F5031307803E09
:10445400C5B709671375F50313070771D1BF37276C
:1044640009001375F5031307077CD9B7014582804A
:10447400EFD2EFDE03A98500630409048347B90082
:10448400AE8493F7070E91CF03459900930520035B
:104494000D810505B305B50288446105EFF070246C
:1044A40005A02E85AD372A8401CDCD218325C900F1
:1044B400B307B54063F887002E94B305A440E9FD23
:1044C4006FD02FDC8545C9BFEFD26FD92A8403D5BD
:1044D4000500011132C636C43AC22EC002CA02CC4B
:1044E40002CEEF70B07382452ACA22852ECC813D5C
:1044F40003570500231EE100EF30904CA2463246DC
:104504009247230FA10036874C08B28622850146C4
:10451400EFF01FB405616FD0CFD6EFD24FD46171E5
:104524001C183EC6B70780013EC81C183ECA3C088A
:1045340000453ED4AA8402CC02CE02D002D202D6D6
:10454400FD3B8357050035592316F102EF305047E0
:104554002307A10209C48357440091E721594A85DE
:104564005D616FD00FD20355640052055181EFE0B5
:10457400607E2A8965D58347B40093F7070E89C7FF
:1045840013058401EFF0701783574400231EF100D4
:10459400834784002301F1025C4003550900D98359
:1045A40013F7070883471102231CA10093F7F707A9
:1045B400D98FA300F10283572900231DF1005C4029
:1045C400F18313F717008347F102F99BD98FA307EF
:1045D400F102EF70B0642AD251D18347940068008D
:1045E400139757008347B400FD8BD98FA305F400BC
:1045F4001C4803D647008C43EF102058A687178722
:10460400010013072765740005464C102685EFF05A
:104614003FA42A8929D58347B400A685FD8BA30529
:10462400F400B9352DBFEFD28FC3832485FE2A84CD
:1046340041112685E93B834734FF93F7070E9DC359
:104644002AC62685EFF01FD119C9834734FFB24526
:10465400FD8BA309F4FE81C52285EFF0900841018A
:104664006FD02FC26DDD8327C4FF2685829765F93D
:10467400834734FF93F7070E81C72285EFF0F007D5
:10468400032584FE593DE1BFEFD26FBA9C4141112D
:104694002A8903C7070089472E8493566700638CD1
:1046A400F6020D466382C6049307F0076302F7021D
:1046B4002E85EF10C058AA848149C16B130C4900A0
:1046C40097F7FF1F938787FE9C43984763ECE902A3
:1046D40041016FD08FB903D745008547E3FAE7FE60
:1046E4002E85EF10A059C1BF03D74500E3F2E7FEC2
:1046F4002E85EF10C054AA842285EF10A055C20461
:10470400C98C5DBFDC470355A900139A49003E9A42
:1047140093170501C187635DF00083570A00639511
:10472400A70263E574038327CA00034D5A001DA042
:10473400A1672167A98F1307F7EFE374F7FE639569
:104744000900EFF07FA171FD85099DBF83278A00D1
:10475400034D4A00835DA90003576900216A138B46
:10476400C7003AC6814A33CA4D01631E5D0197F7FB
:10477400FF1F938727F49C43E1DBA2866286814571
:1047840026858297D1B7A1679387F7EF930C4BFFE8
:1047940063F04703B2455A85EFF09F8619CD03278E
:1047A4008B00104719CA10436380C4023107D5BF78
:1047B400EE856685EFF09F9E71FD93861A0093FA4D
:1047C400F60F130B0B0255B7835644005C43E3ED1D
:1047D400F6F622853AC6EF108035A1679387D70491
:1047E4002A8A035D4400324763E897008347D9006F
:1047F40093E707F8A306F9001C4766852286E2853D
:104804008297C1670844FD17337AFA00529508C0AD
:104814002312A40115BF97F7FF1F938727E9984335
:10482400814715C31447814763FFD500939745001B
:104834004C47BE9519C903C7550081476375E60007
:10484400DC451606B2973E85828003C74500814742
:10485400E37BE6FE16069C45F5B7EFD2AF9EAA8928
:104864002E8A814497FAFF1F938A4AE483A70A0099
:10487400984763E4E4006FD02FA0DC47139444000E
:1048840001493E9413BB140083474400634BF90071
:10489400014913BB140083475400634FF900850496
:1048A400F1B70844931759005287DA860146A28566
:1048B4003E9582990509C9BF484493175900528708
:1048C400DA860546A2853E9582990509E9B7EFD2B5
:1048D4000F99814517F5FFFF1305656097F7FF1FD3
:1048E400239807DC9D3F6FD0CF9997F7FF1F9387DD
:1048F400E7DB9C4399CBEFD28F96814517F5FFFFF9
:104904001305E55D993F6FD0CF978280EFD28F93E7
:1049140041112315E1002E89B284B6893A86814675
:104924000147ED452A84EF2081162AC61DCD035682
:10493400A100CE85EF607113CA852285EF208129FD
:10494400058915C1228501462C0023149100EF200E
:10495400613F2A8409C5ED452800EF20A121228565
:1049640041016FD06F914944FDB76554CDBF5C419F
:10497400FD175CC18280EFD28F8EEF108150954776
:104984003305F50281450D816FD0AF8FEFD22F8DA6
:10499400EF10214F95473305F5020D816FD06F8ECF
:1049A400EFD2EF8B03550500EF10B16A6FD06F8D16
:1049B400EFD2EF8A035505003287AE8617D6FF1F64
:1049C4000356E61397F5FF1F938505CF81376FD004
:1049D4004F8BEFD2CF88EF5031596FD08F8AEFD2FF
:1049E4000F8897F5FF1F938525CDEF20813C014566
:1049F4006FD02F89EFD2AF86814517D5FF1F03559E
:104A0400050CEF2041276FD0CF87EFD24F8597F564
:104A1400FF1F938565CBEF20C13901456FD06F86A9
:104A2400EFD2EF83814517D5FF1F0355450FEF20C4
:104A340081246FD00F85EFD28F822E85EF60604C7A
:104A4400EF60B0016FD0EF83EFD26F81EF60900B16
:104A54006FD02F835C49E1175CC95CC5835725017E
:104A6400A1072319F50083570501A1072318F500B1
:104A74008280F1473305F50297F7FF1F9387C7C676
:104A84009C433E9582808D476317F60603D7460004
:104A9400854763F2E706EFC29FFC368536842E898C
:104AA400EF10E01939C18357440093140501C18004
:104AB40063ED97022285EF108018FD1423129400F1
:104AC4009307A002630EF5009307B0026301F50299
:104AD40093079002631BF5002285EFC0F07631A0A6
:104AE4000146CA852285EF8020036FC09FF9228585
:104AF400EF00D055DDBF828097F6FF1F938606BF77
:104B04009C42014599CF9843D44217F6FF1F232FA7
:104B1400E6BC6396D70097F6FF1F23ABE6BC13856C
:104B2400C7FE8280EFC2BFF37D2E71443305850238
:104B34009145EF70805601E565556FC09FF497F776
:104B4400FF1F23A1A7BA4526330585029145EF70BF
:104B5400C0547DD197F7FF1F23A8A7B8692697F7FC
:104B6400FF1F239BA7B6412697F7FF1F2397A7B6DE
:104B7400978701009387471317F7FF1F2322F7B680
:104B840097070000938747ED17F7FF1F2328F7B413
:104B9400014565B7EFC2BFECAA8517F5FF1F1305E2
:104BA400A5B3EF10A01D6FC0DFEDEFC25FEBDD37E3
:104BB400EF10401E97F7FF1F938747B39C4381CFA5
:104BC4001387C7FE09CB83D5C7FF17F5FF1F13054E
:104BD40065B2EFF000316FC0DFEAEFC25FE8293F52
:104BE40011C9834785002A8493F7070491E7035585
:104BF400E500653F6FC0FFE88347C50093044501A6
:104C040017F9FF1F130989AE85E3832709005CC9DF
:104C140097F7FF1F23AC97AC83274900E1FF97F771
:104C2400FF1F23A797ACF9B7FD172306F50061050D
:104C3400EF60C0728307840063C90704834784005C
:104C440093E707F82304F400EF10811C4205A947F9
:104C540041813375F5028347840093F707FCC98FBC
:104C64002304F4008347D4003E951C402318A40079
:104C740089CF984319CB8347C400504081458507A9
:104C84003305F502420541810297832709005CC878
:104C940097F7FF1F23AC97A48327490089E797F769
:104CA400FF1F23A797A48347C400A9D783550401F2
:104CB40017F5FF1F130505A4EFF0A02225BFEFC2CF
:104CC4001FDA97F7FF1F938727C89C470144858302
:104CD400858B81EFAE84B2853A86EF1000112A8469
:104CE40009C5EF100008829408CC22856FC07FD9D3
:104CF400EFC25FD541112E8932C6AA89692C324789
:104D040013060502CA86970500009385C5D617F5D4
:104D1400FF1F1305659C65372A8429CD9304C500BC
:104D24004D261946AA852685EF00306585452685DA
:104D3400EF001062178501001305C5F44E958345F5
:104D440005002685EF0050655C4831468145A10782
:104D54005CC85CC483572401E1172319F40083570A
:104D64000401E1172318F4001C4C3E85EFC03FD228
:104D7400A3042501228541016FC01FD0EFC23FCE9D
:104D84004111AA842EC632C4EF100000004DB24572
:104D94002246834784000CC050C093F7F70393E77F
:104DA40007042304F400231804002685EF00707B15
:104DB40083479400A9462317A40013D73700050797
:104DC4003307D7029D8B85072306F400A306E4006E
:104DD40083C70401D8488507230FF7FE17F7FF1F81
:104DE4001307C7905843232A0400930744011DEB7B
:104DF40017F7FF1F232EF78E17F7FF1F2328F78EB1
:104E040017F4FF1F1304048F2285EFF040031C44A2
:104E1400858B5D8D09E581452285EFF0800C41018C
:104E24006FC03FC61CC317F7FF1F2323F78CC9BFEE
:104E3400EFC2FFC297050000938525C50145EFF039
:104E44009FBF01456FC0FFC3EFC27FC1EFF0DFBF5B
:104E54006FC03FC38347C500A1E7EFC25FC02A8488
:104E64000355E500EFF01FD315C98347840093F77A
:104E7400F7FB2304F4001C4091C7DC4381C74C407A
:104E840001458297EFF05FC717F5FF1F130585866D
:104E9400EFF0A0060355E400EFF03FD16FC07FBEF2
:104EA4008280EFC2DFBB97F7FF1F938727849705A4
:104EB40000009385C5D217F5FF1F1305A58323A012
:104EC400070023A20700EFE0F0756FC09FBB1C4DE5
:104ED40091CBDC4381CBEFC29FB883450700829717
:104EE4006FC03FBA828097F7FF1F9387E7829C4386
:104EF40003C50700828097F7FF1F9387E7819C43D0
:104F040003C51700828097F7FF1F9387E7809C43B0
:104F140003C52700828097E7FF1F9387E77F9C43A1
:104F240003C54700828097E7FF1F9387E77E9C4372
:104F340003C53700828097E7FF1F9387E77D9C4373
:104F440003C55700828097E7FF1F9387E77C9C4344
:104F540003C56700828097E7FF1F9387E77B9C4325
:104F640003C57700828097E7FF1F9387E77A9C4306
:104F740003C58700828097E7FF1F9387E7799C43E7
:104F840003C59700828097E7FF1F9387E7789C43C8
:104F940003C5A700828097E7FF1F9387E7779C43A9
:104FA40003C5B70011E11D45828097E7FF1F938772
:104FB400A7769C4303C5C700828097E7FF1F9387AA
:104FC400A7759C4303C5D700828097E7FF1F93878B
:104FD400A7749C4303C5E700828097E7FF1F93876C
:104FE400A7739C4303D50701828097E7FF1F93872C
:104FF400A7729C4303C52701828097E7FF1F93870D
:10500400A7719C4303D54701828097E7FF1F9387CD
:10501400A7709C4303D56701828097E7FF1F93879E
:10502400A76F9C4303D58701828097E7FF1F93876F
:10503400A76E9C4303C5A701828097E7FF1F938750
:10504400A76D9C4303C5B701828097E7FF1F938731
:10505400A76C9C4303C5C701828097E7FF1F938712
:10506400A76B9C4303C5D701828097E7FF1F9387F3
:10507400A76A9C438857828097E7FF1F9387C76975
:105084009C4303D5C702828097E7FF1F9387C768B5
:105094009C4303D5E702828097E7FF1F9387C76786
:1050A4009C4303C50703828097E7FF1F9387C76666
:1050B4009C43C85B828097E7FF1F9387676588439B
:1050C400828097E7FF1F9387E7648843828019E112
:1050D4007D558280F5DE984265DFFDD917F7FF1F05
:1050E400130787861847AA877155058B631607220D
:1050F40003C507001547E37DA7FC03C73700130565
:10510400F0057D171377F70FE364E5FC03C357003D
:10511400E30003FC83C86700E38C08FA03C7770045
:10512400494579171377F70FE364E5FA03C7A70036
:1051340011481305F7FF1375F50FE36BA8F803CEB9
:1051440097000D481305FEFF1375F50FE362A8F8E9
:1051540003C8B7006309080065181378F80F13052E
:10516400600DE36705F703C5C70079487915137522
:10517400F50FE36FA8F403C8D7000D457D18137825
:10518400F80FE36705F503D80701930E401751188C
:10519400420813580801E3ED0EF303C8E7007D1835
:1051A4001378F80FE36605F303C827017D18137815
:1051B400F80FE36F05F103C88700C54E751813781F
:1051C400F80FE3E70EF103D86701856E938EBEE016
:1051D4006D18420813580801E3EC0EEF03D8470199
:1051E4006D18420813580801E3E40EEF03D8870151
:1051F4007918420813580801E36C05ED03C8A701A8
:105204007D181378F80FE36505ED03C5B7011D4854
:105214007D151375F50FE36DA8EA03C5D701714831
:1052240079151375F50FE365A8EA03D5E7011308AB
:10523400E00F7D1542054181E36CA8E803C5070230
:10524400494879151375F50FE364A8E883AE47025E
:1052540037C534001308F5BFE36CD8E703A8870209
:10526400130555BF5918E36505E717E5FF1F232309
:10527400C54A03C6050117E5FF1F232FF548054559
:10528400E378C5E403D82501D04933760603E31156
:1052940006E403C61501E30D06E217E6FF1F232902
:1052A400B64683C5270001466387A50003C61700D9
:1052B400F1453306B60283C707039305C00272970C
:1052C4001A071307C70516031A9796084697B38754
:1052D400B70241553E97329742074183636EE80215
:1052E400EFC2EFF73685EF607065EFD0701B2A844C
:1052F400EF8090122A94EFC0501F2A94EF60F07C44
:105304002A94EFF03F822A94EF2010612A94EF5000
:10531400606222956FC0EFF68280EFC24FF44111B4
:10532400A307A100EF8060139305F10017050000A7
:10533400130525BAEFF06FD2014541016FC06FF438
:10534400EFC26FEF17E4FF1F130404600328840007
:1053540079599368180097E4FF1F23AB145F1378FF
:105364001800631E0800BA84BE89368B328A2E89DF
:10537400AA8AEFE0DFDC7D15269509E531594A85D7
:105384006FC0EFEEEFE0BFDB7D152695A167E35715
:10539400F5FE97F7FF1F9387279298433E8C814B26
:1053A40011C70145EFC07038933B15004A85DA8672
:1053B4005686D285EF70502C2A8911CD1C44F99B56
:1053C40017E7FF1F2326F75883270C00CDDBE3885C
:1053D4000BFA82976DB7268597E7FF1F23A8075618
:1053E400EFE0BFD24146CE8517E5FF1F1305455FA9
:1053F400EF50B167EFA090040325040BEFA09006D3
:105404000545EFA0900C0545EFF03FF18DBF97E700
:10541400FF1F938767539C47858BD5C7EFC22FE443
:1054240017E5FF1F1305055A97E7FF1F23AE075023
:1054340097E7FF1F23AC075097E7FF1F23AA0750E6
:10544400EFE0B02BEF30D07FEFE05003EFE0D00778
:1054540097E7FF1F9387C74D9C4381C70545EF60BE
:10546400502997E7FF1F938767369C4389C7416597
:105474007D15EF50C067EFC03034EFA0007D97E793
:10548400FF1F938767619C431397170163540700B9
:10549400EFC0603F97E7FF1F23A4075497E7FF1F60
:1054A40023A2075497E7FF1F23A0075497E7FF1F82
:1054B40023AE0752EFF05F999D23EFF04FC1EFC089
:1054C40040616FC00FDC8280EFC2CFD72A8493047F
:1054D400140201112E85B289A685214636C63A8961
:1054E400EF5051561DE1B24638082686CE85130585
:1054F4009404EF40404121462C084A85EF509154D2
:105504001335150005616FC02FD70145E5BFEFC204
:105514000FD59305450617E5FF1F13052520EFE07A
:10552400501C6FC00FD6EFC28FD341112EC6EFF0BF
:10553400EFC5B24588C141016FC0AFD4EFC28FD06F
:10554400AA842E84EF60B06FAA8985452285A92597
:1055540083C7E4011389940899E313890403CE856E
:1055640022851D2D2146930519022285392597E7A9
:10557400FF1F9387673D8C432285EF0060682146B7
:10558400938584022285D52B6FC00FCFEFC2AFCA9B
:105594003971EFC0604A9305400645EDEF6030670E
:1055A400630E051097E7FF1F83C7071913B717008A
:1055B40097E6FF1F2382E618014489CFC16417E9E7
:1055C400FF1F130969389309400EFD14EFF0BF9AC9
:1055D4006348A408EFF08FBB4169B7290900096A41
:1055E400FD7A2A8B81447D199389F97B130A0A7108
:1055F400938A8AC7EFF03F9863D5A4041304400E3E
:10560400B387840217E7FF1F130707340324070B2C
:105614003E948357C4016386270918403307EB403F
:1056240063EAE900834744008507B3874703D697B5
:105634006369F706014681450945EFF06FEBAA8BD4
:1056440029E1EF2090598547631FF5048965938507
:10565400057117E5FF1F1305650CEFE09008A1A87D
:10566400B30734030327090BBA9703D7C7016308A9
:10567400970003C75700A38207002382E7000504AD
:10568400B1B79305C5002285EFF05FEB5E852286F6
:105694009775010093854560EFF04FEE5E85EF004E
:1056A400606F850481BF97E7FF1F9387E7299C47B5
:1056B4008D83858BC1FF21616FC06FBB014685451A
:1056C400094502D002D202D402D6EFF06FE2AA84D6
:1056D4007DD1EFC0A0351389C4002A8481454A8551
:1056E40065290C4041464A85492983294400638839
:1056F40009084E8502D802DA02DC02DEEF50715846
:105704002ACE141005462C0808184ECCEF4040173A
:105714001375F50F2DE58355840093E525004A851F
:105724004D2911460C104A858929014697750100B7
:10573400938505572685EFF06FE42685EF00806595
:105744005C40B5DB014685450D45EFF06FDAAA8470
:105754003DD148401389C400EF50B1522AC64A854E
:10576400E12E3246636AC5004C404A853921014620
:1057740081452685EFF08FE02685292D2DBF8355A1
:10578400840071BFEFC2AFAD97E7FF1F9387C71BBC
:105794009C4719CD93E7870017E5FF1F130505F80C
:1057A40017E7FF1F2326F71AEFE040726FC06FADB3
:1057B400DD9B17E7FF1F232DF718EF2010427DF51F
:1057C40017E5FF1F130585F5EFE02073C5B7EFC29A
:1057D4008FA64169AA892E8AB28A368BBA8B8144F4
:1057E40017ECFF1F130C4C16930C400E7D19EFF0B1
:1057F4008FF863C4A40001442DA033849403832749
:105804000C0B3E948357C401638027055A87D686C0
:105814005286CE8513050403EFF01FCB11C52380F8
:105824000B0022856FC0AFA48347F40191CF5A8740
:10583400D6865286CE8513059408EFF0FFC809C5B5
:1058440085472380FB00F1BF850455B78357450086
:10585400638D0716EFC20F9F01112A84CD2619C547
:105864008547630AF50405616FC00FA1EFC0C01C32
:105874007DF9835744004947ED9BE396E7FEC14514
:105884002285612CAA842285D52E0357440002CE9A
:1058940091472A896317F700228519293C082ACCE5
:1058A4003ECEEFC0A0185C55DDDF74084A86A6859D
:1058B400054582974DBF03574400D147E3F5E7FA06
:1058C400032A0400C169014997EAFF1F938ACA07A2
:1058D400130B400EFD19EFF00FEA6344A90C228567
:1058E400032A0400A92EA1452A8922853D24AA84DD
:1058F40022857D2E14402A86AA8978082685CA85A1
:10590400EFF0FFECAA8425D103C7F401894763159E
:10591400F7008347C101A1DB5546D2851385640096
:10592400EF50B1140145EF60702F01C583D7C40156
:10593400B1EB97E7FF1F938727019C479355190005
:10594400858913D73700058B11CB8983858B6397A2
:10595400B70001452EC6EFF0FFE2B2454E85EF6079
:10596400D0330346C1012A84937519002685EF704C
:10597400102831C92685EF60D02E268511C0014537
:10598400EF603059EF2070258547E31EF5EC83C79F
:1059940054001307F00FE388E7EC8507A382F400B3
:1059A400D9B5B304690383A70A0BBE9483D7C40192
:1059B400638937015546D28513856400EF509108F9
:1059C40071D1050909BF5DDC5DBF8280EFC28F879D
:1059D400EF60F02311CDC164014417E9FF1F1309DF
:1059E400A9F69309400EFD14EFF0EFD8634AA40022
:1059F40017E5FF1F130585D2EFE0404D6FC0CF8739
:105A0400330534038327090B3E958357C501638609
:105A1400970023120500EF60D0240504F1B797E73F
:105A2400FF1F938767F29C478D83858B99EBEFC2A9
:105A34000F8317E5FF1F130565CEEFE0004C6FC021
:105A44004F848280EFC2AF8197050000938545B4EF
:105A540017E5FF1F130585CCEFE0C03C6FC06F82D4
:105A640083C7F5FF2E858507A38FF5FE828083C744
:105A7400F5FFFD1793F7F70FA38FF5FE89EBEFB250
:105A84001FFE1385F5FFEF0021096FB09FFF828091
:105A9400EFB2FFFC8841050542054181EF00E10CAE
:105AA40009C585472300F50005056FB09FFD1C411E
:105AB400035745008D8FBA951CC12312B5003E854E
:105AC400828093D78500A2051441DD8D835745005C
:105AD4001387E6FF18C189072312F50013D6850042
:105AE4004111238FB6FEA38FC6FE41018280184167
:105AF4009307F7FF1CC18357450085072312F50060
:105B0400A30FB7FE8280835745008D8F2312F500C3
:105B14001C41BE950CC12E858280AA8703D74700FD
:105B240008410D8FAA952392E7008CC38280184107
:105B340008453305A7408280835745000357650015
:105B44001D8F1C4108453385A7403305A74082803B
:105B5400EFB2FFF041112EC62A84EFF0FFFDB245EB
:105B64006373B50001A0835744000840BE95231217
:105B7400B4003E9541016FB0DFF0EFB25FEE41112A
:105B84002E84B28532C6EFF0BFFC3246A285EF50B8
:105B9400C16D41016FB0FFEEEFB27FEC2E848545FD
:105BA400EFF01FFB230085006FB0BFEDEFB23FEBBA
:105BB40041112317B1008945EFF09FF98347E100B4
:105BC4002300F5008347F100A300F50041016FB005
:105BD4005FEBEFB2DFE893D78500A2054111DD8DBD
:105BE4002317B1008945EFF0BFF68347E100230096
:105BF400F5008347F100A300F50041016FB07FE891
:105C0400EFB2FFE51397850193D78501C1669386AB
:105C140006F0D98F13D78500758FD98FA205370762
:105C2400FF00F98D4111DD8D2EC69145EFF05FF235
:105C34006C001146EF50616341016FB09FE4EFB215
:105C44001FE21C41854503C40700EFF0DFEB22850A
:105C54006FB03FE3EFB2BFE01C414111894503C778
:105C6400070083C717002307E100A307F100EFF043
:105C74009FE90355E10041016FB0BFE0EFB23FDEA1
:105C84001C414111894503C7070083C71700230737
:105C9400E100A307F100EFF01FE78357E1004101A2
:105CA40013D58700A2075D8D420541816FB07FDD6A
:105CB400EFB2FFDA0C4141112A8411466800EF501B
:105CC400C15A91452285EFF01FE4B247C16693861D
:105CD40006F01397870113D58701598D13D78700D1
:105CE400758F598DA2073707FF00F98F5D8D41012C
:105CF4006FB03FD91C45BE950CC18280AE879443DA
:105D040091E6584101EF0CC15CC1828003C7570082
:105D140013671700A382E700B687D5B70CC3EDB7A6
:105D2400AA87084119CD1841D44398C36313D500F9
:105D3400D8C32A87034657009376160081E62320AA
:105D440007008280944381CA8C4203A847008CC315
:105D540063930601CCC3799A14C3A302C7003687A0
:105D6400D1BF1C45DC471D8DB777DBB6938777DB46
:105D740009853305F502420541818280F147B385E7
:105D8400F50248452E958280834745008507230206
:105D9400F5008280EFB2BFCC2A8419E06FB07FCEC9
:105DA40083474400E5DFFD1793F7F70F2302F40060
:105DB400F5F71C4403D7270005072391E700DC43CC
:105DC40099C3228582974C4889CD83475400898B97
:105DD40099E71C4422859C479C439C478297232A2D
:105DE40004000040232004004DBFEFB25FC7835777
:105DF400250041112EC691E70144228541016FB06F
:105E04005FC8035705008147F146E307F7FEB385F2
:105E1400D702404585072E948345440008C4F5F510
:105E2400B247AA8481E7232A040009A81C456C0010
:105E340022859C439C43829748C85DDD8547231295
:105E4400F400B24723200400231804002319F400AB
:105E54005C485CC483D72400FD172391F40071BF10
:105E6400EFB2FFBF97E7FF1F9387478D8843232631
:105E74000500232405004105EFE020086FB07FC032
:105E8400EFB2FFBD17E4FF1F1304448B1C40411104
:105E940089CF9C472300B5002AC65CC1EFF05FFCA4
:105EA4001C40DC4399C33245829741016FB07FBDEA
:105EB400034745001DEB584DAA877D550DCBEFB226
:105EC4001FBA1CC3DC4797E6FF1F23A9E686F156D9
:105ED400130507012390D7009705000093858501DA
:105EE400EFD0507401456FB0DFB97D558280828058
:105EF400EFB2FFB60111614681452800EFB03FB90A
:105F040097E7FF1F938787839C4328009305F00F2F
:105F1400DC473EC6EFF0DFF605616FB09FB697E74A
:105F2400FF1F9387A7819C43D847A1679387C70224
:105F34006312F70A397106DE22DC26DA80004AD8B9
:105F44004ED652D456D23285B284EFF05FCFAA89AE
:105F54002685EFF03FD02318A4FC2685EFF09FCFD1
:105F64002319A4FC2685EFF0FFCE83D744000A8AC8
:105F7400231AA4FC858393F7F70F230EF4FC8607FA
:105F8400BD0793F7073F3301F1408A8A01498347EC
:105F9400C4FD6365F902CE85130584FC232C54FDEE
:105FA400EFF01FEE5281130104FCF2506254D254FC
:105FB4004259B259225A925A216182802685EFF0C1
:105FC4007FC993171900D69705092390A700137961
:105FD400F90F75BF828097D7FF1F938727769C435D
:105FE400D847A1679387A7026310F70A397106DEC1
:105FF40022DC26DA80004AD84ED652D456D23285D4
:10600400B284EFF0DFC3AA892685EFF0BFC4FD5741
:106014002318A4FC26852319F4FCEFF0BFC383D70F
:1060240044000A8A231AA4FC858393F7F70F230EEE
:10603400F4FC8607BD0793F7073F3301F1408A8AD2
:1060440001498347C4FD6365F902CE85130584FCC9
:10605400232C54FDEFF0DFE25281130104FCF250D3
:106064006254D2544259B259225A925A21618280BE
:106074002685EFF03FBE93171900D69705092390A4
:10608400A7001379F90F75BF828097D7FF1F9387F5
:10609400E76A9C43D847A16789076318F7083971F1
:1060A40006DE22DC26DA80004AD84ED652D456D2F6
:1060B40032853289EFF0BFB8AA894A85EFF09FB9DB
:1060C400835749000A8A2318A4FC858393F7F70FA2
:1060D400230CF4FC8607BD0793F7073F3301F14017
:1060E4008A8A8144834784FD63E5F402CE851305DF
:1060F40084FC232A54FDEFF0BFD85281130104FC21
:10610400F2506254D2544259B259225A925A2161DD
:1061140082804A85EFF01FB493971400D6978504C4
:106124002390A70093F4F40F75BF828097D7FF1FC5
:106134009387C7609C43D847A1679387E70463129A
:10614400F70A397106DE22DC26DA80004AD84ED6F8
:1061540052D456D23285B284EFF07FAEAA89268516
:10616400EFF05FAF2318A4FC2685EFF0BFAE231A2F
:10617400A4FC2685EFF01FAE83D744000A8A2319B6
:10618400A4FC858393F7F70F230EF4FC8607BD0761
:1061940093F7073F3301F1408A8A01498347C4FDDD
:1061A4006365F902CE85130584FC232C54FDEFF0BE
:1061B4003FCD5281130104FCF2506254D25442592F
:1061C400B259225A925A216182802685EFF09FA803
:1061D40093171900D69705092390A7001379F90F8F
:1061E40075BF828097D7FF1F938747559C43D84735
:1061F400A1679387C7046310F70A397106DE22DCAE
:1062040026DA80004AD84ED652D456D23285B28489
:10621400EFF0FFA2AA892685EFF0DFA3FD5723182C
:10622400A4FC2685231AF4FCEFF0DFA283D74400F4
:106234000A8A2319A4FC858393F7F70F230EF4FC31
:106244008607BD0793F7073F3301F1408A8A014966
:106254008347C4FD6365F902CE85130584FC232CB2
:1062640054FDEFF0FFC15281130104FCF25062545B
:10627400D2544259B259225A925A216182802685B7
:10628400EFF05F9D93171900D69705092390A70097
:106294001379F90F75BF828097D7FF1F9387074A39
:1062A4009C43D847A167DD07631BF702EFB22FFBBE
:1062B400797132853284EFF09F982AC62285EFF0F7
:1062C4007F992311A1022285EFF07F97B245230025
:1062D400A1022808EFF0DFBA45616FB08FFA82801F
:1062E40097D7FF1F938787459C43D847A167938718
:1062F4008704631BF702EFB28FF67971328532841B
:10630400EFF0FF932AC62285EFF0DF942311A10258
:106314002285EFF0DF92B2452300A1022808EFF0B6
:106324003FB645616FB0EFF5828097D7FF1F938723
:10633400E7409C43D847A1679387A704631CF700F1
:10634400EFB2EFF1011128008145EFF07FB3056151
:106354006FB02FF3828097D7FF1F9387273E9C430C
:10636400D847A167938757026311F702EFB22FEF63
:1063740001113285EFF0BF8C2308A100814528006C
:10638400EFF01FB005616FB0CFEF828097D7FF1F8A
:106394009387C73A9C43D847A1679387E702631F53
:1063A400F702EFB2CFEB011132853284EFF09F8A0E
:1063B400AA842285EFF01F8A854719E52285EFF02C
:1063C4001F884205B337A000280081452318910097
:1063D4003ECAEFF0FFAA05616FB0AFEA828097D79B
:1063E400FF1F9387A7359C43D8479947631FF7043A
:1063F400EFB2EFE6797132853284EFF05F842AC61A
:106404002285EFF03F852310A1022285EFF03F8320
:106414002301A1022285EFF09F82A301A10222851C
:10642400EFF0FF812302A1022285EFF05F812313A5
:10643400A1022285EFF0BF80B2452314A1022808EF
:10644400EFF01FA445616FB0CFE3828097D7FF1FA1
:106454009387C72E9C43D847A1679387C703631FBD
:10646400F704EFB2CFDF797132853284EFF02FFD7C
:106474002AC62285EFF00FFE2310A1022285EFF039
:106484006FFD2311A1022285EFF06FFB2302A1020D
:106494002285EFF0CFFAA302A1022285EFF02FFAB2
:1064A4002303A1022285EFF08FF9B245A303A102D1
:1064B4002808EFF0FF9C45616FB0AFDC8280EFB23B
:1064C4000FDA01112A84EFF08FF7AA842285EFF006
:1064D4006FF82285EFF00FF8035744008D4763F5FA
:1064E400E7002285EFF00FF72285EFF0AFF62800E2
:1064F400A685EFF0FF9805616FB0AFD897D7FF1F5F
:106504009387C7239C43D847A167FD076319F70006
:10651400EFB2EFD43285EFF09FFA6FB08FD682805E
:1065240097D7FF1F938787219C43D847A167E50727
:106534006311F706EFB2AFD2797132853284EFF08E
:106544000FF02AC62285EFF0EFF02285EFF08FF0EE
:106554002310A1022285EFF0EFEF520551812311A0
:10656400A102228523020102EFF06FEDA302A10232
:106574002285EFF0CFEC2303A1022285EFF02FEC6C
:10658400B245A303A1022808EFF09F8F45616FB0C5
:106594004FCF828097D7FF1F9387471A9C43D847D2
:1065A400A1679387E7036319F700EFB24FCB3285F6
:1065B400EFF0FFF06FB0EFCC828097D7FF1F938787
:1065C400E7179C43D847A167938747046314F702EE
:1065D400EFB2EFC8797132853284EFF04FE62AC604
:1065E4002285EFF02FE7B2452808EFF07F89456157
:1065F4006FB02FC9828097D7FF1F938727149C43BE
:10660400D847A167938787026316F702EFB22FC5B5
:10661400797132853284EFF08FE22AC62285EFF059
:106624000FE2B2452300A1022808EFF07F854561FF
:106634006FB02FC58280EFB28FC20111EFF02FE04F
:10664400AA852800EFF0DF8305616FB08FC397D769
:10665400FF1F9387A70E9C43D847A167D1076319EF
:10666400F700EFB2CFBF3285EFF0FFFC6FB06FC120
:10667400828097D7FF1F9387670C9C43D847A167F5
:10668400C5076319F700EFB28FBD3285EFF0BFFA8B
:106694006FB02FBF828097D7FF1F9387270A9C4331
:1066A400D847A167B9076319F700EFB24FBB32852A
:1066B400EFF07FF86FB0EFBC828097D7FF1F93870E
:1066C400E7079C43D847A167AD076319F700EFB20A
:1066D4000FB93285EFF03FF66FB0AFBA828097D72B
:1066E400FF1F9387A7059C43D84789476310F70288
:1066F400EFB2EFB60111328532C8EFF04FD4AA855C
:106704002800EFF0EFF705616FB0AFB7828097D73D
:10671400FF1F9387A7029C43D847A1678D07631780
:10672400F702EFB2CFB3011132853284EFF02FD1EB
:1067340013066100AA844C002285EF20D00C2800A7
:10674400A685EFF0EFF305616FB0AFB3828097D702
:10675400FF1F9387E7FE9C4381CBDC4391C7EFB2D5
:106764000FB082976FB0EFB18280EFB24FAF797103
:106774003C08AE843ED2A165B7070A002A843ED401
:1067840048103C08DD053ED636C432C63AC2EFD0C6
:106794007FB312474810BA85EFF00FC03246481055
:1067A400B285EFF0AFC0A2464810B685EFF0CFBE79
:1067B400501001478146A6852285EFD0FFD0456160
:1067C4006FB02FACEFB2AFA901117C000329C50152
:1067D400AE843ECAA165B70707002A843ECC4808A8
:1067E4007C00C5053ECEEFD0FFAD8345D9004808F7
:1067F400EFF08FBA500801478146A6852285EFD075
:10680400BFCC05616FB0EFA7EFB26FA583C795004A
:1068140093F7F707A384F500EFF0DFFA6FB06FA6E4
:10682400EFB2EFA379713C08AE843ED2A165B707FD
:1068340009002A843ED448103C08938545043ED67A
:1068440032C636C4EFD01FA8A2464810B685EFF072
:10685400AFB432464810B285EFF04FB5501001473F
:106864008146A6852285EFD03FC645616FB06FA1F2
:10687400EFB2EF9E83C7950041112A8493F7F7077F
:10688400A384F50032852EC6EFF0CFBC85672AC4F9
:10689400637CF500EF5090382246B24509E9114770
:1068A40081462285EFF07FEC41016FB08F9D014757
:1068B4008346F501FDB7EFB2EF9801113C003ECAE3
:1068C400B7070A003ECC3C003ECE83C79500AA8998
:1068D400328593F7F707A384F5002E84EFF08FB782
:1068E40085676371F504A165AA84938585044808C6
:1068F400EFD05F9D2685EF5070322A891DE59145C2
:106904004808EFF06FA9A6854808EFF02FAACA85BA
:106914004808EFF06FA8014781465008A2854E85CC
:10692400EFD09FBA05616FB02F9581454808EFF00D
:10693400AFA603490902C1BFEFB2CF9079711C1011
:106944003ECAB7070F003ECC404D1C10AA84AE8946
:106954004808994532C636893ECEEFD0BF963246B6
:106964004808B285EFF04FA363040902A54548081F
:10697400EFF00F9E2546CA85EF40310F50080147BE
:106984008146CE852685EFD03FB445616FB0CF8E6A
:106994008355C4024808EFF06FA10355E402814512
:1069A40015C185478545630FF500C167FD1793053C
:1069B400F00F6309F5007D15EF50006C9305150089
:1069C40093F5F50F4808EFF02F9D8345040348081D
:1069D400EFF08F9C834514034808EFF0EF9B835539
:1069E40024034808EFF08F9C835544034808EFF0D4
:1069F400EF9B69B7EFB2AF8683C795008146014626
:106A040093F7F707A384F500EFF01FF36FB06F87D8
:106A1400EFB2EF8479713E841C103ECA2E89B70709
:106A24000F00A1653ECCFD051C10AA84480842C095
:106A34003AC23ECE36C432C6EFD0DF88324648086A
:106A4400B285EFF06F95A2464808B685EFF00F9631
:106A540012474808BA85EFF06F95024863040802AC
:106A640091454808EFF0CF8E1146A285EF40E17FB3
:106A7400500801478146CA852685EFD0FFA44561A9
:106A84006FB02F8089454808EFF08F8C834704004E
:106A94002300F50083471400A300F500D1BFEFA243
:106AA4007FFA83C7950001112A8A93F7F707A38415
:106AB400F5003285AE8432C6EFF0CF9932462A898A
:106AC4003285EFF0CF978567637FF900AA894A85FD
:106AD400EF50D0142A8419E9114781464A86A685C5
:106AE4005285EFF09FC805616FA01FF99387E9FFF6
:106AF40093F7F70F0547E368F7FE8347F50195E73A
:106B04008947E382F9FE8346F401528501474A86A8
:106B1400A685EFF09FC5A167D90748083ECC230A94
:106B2400010002CEEFF0BFC27DBF639CE70089473E
:106B3400639CF90093071020231FF500EF50701297
:106B4400D9B70947E391E7FC8D47E39EF9FA22851B
:106B5400EF50B03397D7FF1F938787DD9C4399E7A6
:106B640097D7FF1F938787C69C4389C703D5040023
:106B7400EF605003231F04002285C9B7EFA23FEE44
:106B840001113C003ECAB7070B003ECC3C003ECE90
:106B940083C795002A89328593F7F707A384F50004
:106BA400AE84EFF02F8B93170501C187635EF00469
:106BB400A1652A849385E5024808EFD0AFF0A28549
:106BC4004808EFE0BFFE97D7FF1F938727C09C4379
:106BD4009DEF01449375F40F4808EFE0FFFB9355D4
:106BE400844093F5F50F4808EFE01FFB93550441EB
:106BF40093F5F50F4808EFE03FFA01478146500846
:106C0400A6854A85EFD05F8C05616FA09FE741653B
:106C140085460546A2857D15EF30D0655DD95105C1
:106C2400EFD0E021130440063344850265B7EFA298
:106C34001FE30111B70706003EC683C79500216410
:106C44002A8993F7F707A384F500AE8428009305F7
:106C5400A4040AC40AC8EFD0EFE630000147814615
:106C6400A6854A85EFD05F86EFE06FFA130494049B
:106C7400480822CC230A010002CEEFF05FAD056183
:106C84006FA03FE0EFA21FDCC1642A89014497D9B9
:106C9400FF1F938969CB130A8002FD14EFE0AFAEA6
:106CA4006345A40001456FA03FDDB307440303A778
:106CB400C90ABA9703D707006306970083D727004A
:106CC400638427010504D9BF0545F1BFEFA29FD70F
:106CD4002A8A2E8999C123A005008149814497DA23
:106CE400FF1F938A2AA6614BEFE02FB063C5A4006F
:106CF4004E856FA07FD83384640383A70A003E9433
:106D04008357040099E7630409002320890085045C
:106D1400E1BF4146D28513054400EF40A15265F915
:106D2400A289F5B7EFA21FD239717C083ED4B70708
:106D34000A003ED67C083ED883C795002A8A32854D
:106D440093F7F707A384F5002E8932C6EFE09FF08E
:106D540085676373F5063246AA843285EFE03FEE19
:106D64008547AA8963EAA704A16593858504281049
:106D7400EFD04FD52685EF50606A2A8429E19145EA
:106D84002810EFE07FE1A6852810EFE03FE2CE85F2
:106D94002810EFE07FE0014781463010CA85528514
:106DA400EFD08FF2A1679387770448183EDC230A5B
:106DB400010202DEEFF0BF9921616FA0FFCB814594
:106DC4002810EFE07FDDA6852810EFE03FDE97D79F
:106DD400FF1F938727EE9C4391C722856387090091
:106DE400EFB060088345040265B7EFB02007DDBF4C
:106DF400EFA25FC583C795004111AA8993F7F707EE
:106E0400A384F5003285AE84328AEFE0BFE485675F
:106E1400637BF5022A89EF5060602A84914621C180
:106E24008347F50105476383E70291C70D47636E06
:106E3400F702AD462DA09305050303250A0041463C
:106E4400EF4041401DE141016FA01FC39305950828
:106E540003250A004146EF40E13E814679F94A861E
:106E6400A6854E85EFF0DF9BF9BF83250A00130545
:106E74009408EF50907819C1C146D5B797D7FF1F32
:106E8400938707AB9C4399E797D7FF1F9387079492
:106E94009C4389C72285EF60C04B79FD8547A30FCA
:106EA400F4002285EF80105C2285EF50805B4E85D4
:106EB40081464A86A685EFF0BF96A167938757045B
:106EC40048003EC42302010002C6EFF05F88A5BF5C
:106ED400EFA27FB683C795004111AA8993F7F707FC
:106EE400A384F50032852E89B28AEFE0BFD6856788
:106EF4006370F50CAA84EF5060522A841DE9416B3B
:106F0400014A97DBFF1F938B2BA4130C400E7D1BB0
:106F140019A833048A0383A70B0B3E948357C40137
:106F2400638D6703050AEFE00F85E344AAFE9546E7
:106F340039A88357C501639297029305050303A5F6
:106F44000A004146EF400130994611E18146268608
:106F5400CA854E85EFF0DF8CA1A883A50A0013052E
:106F64000403EF509069C1467DF12285231E9400ED
:106F7400EF80504F2285EF50C04E97D7FF1F938765
:106F840067D39C438DCB230004022285EFA0905D40
:106F94004E8581462686CA85EFF09F88A167938730
:106FA400070448003EC42302010002C6EFF02FFA92
:106FB40041016FA0DFAB89472300F402D1BF3971CF
:106FC40006DE22DC4AD8800052D456D25AD026DAC1
:106FD4004ED65ECE2E8A32892A8BEFD0DFF6060596
:106FE400710541998A8A3301A140232224FC231488
:106FF40004FCEFD05FF583479A000605350593F747
:10700400F7072315A4FCA304FA004A85232624FCCD
:10701400EFE05FC493170501C1876340F002568116
:10702400130104FCF2506254D2544259B259225A08
:10703400925A025BF24B21618280AA844A85EFE076
:107044007FC1AA894A85EFE0FFC0A1659385C50287
:107054002A89130544FCEFD0EFA62685EFD0AF9C18
:10706400854501C94A86CE85EFD06F96AA8B15ED6A
:107074008945130544FCEFE03FB2A685130544FCA3
:10708400EFE0DFB2CE85130544FCEFE03FB2CA85E2
:10709400130544FCEFE09FB101478146130644FC0D
:1070A400D2855A85EFD04FC29DBF8145130544FC5C
:1070B400EFE09FAEA685130544FCEFE03FAFCE851D
:1070C400130544FCEFE09FAECA85130544FCEFE0D2
:1070D400FFAD8144EFD03FE7E3D0A4FC83A70B01CD
:1070E40013971400BA9783D5070089C5130544FC88
:1070F400EFE0DFAB8504F9BF797106D622D44AD01C
:1071040000184ECE52CC56CA26D25AC8AE893289FD
:10711400AA8AEFD05FE30605690541990A8A33011B
:10712400A140232A24FC231C04FCEFD0DFE183C705
:10713400990006052D0593F7F707231DA4FCA384E6
:10714400F9004A85232E24FCEFE0DFB093170501F4
:10715400C187634FF0005281130104FDB2502254E1
:1071640092540259F249624AD24A424B45618280A2
:10717400AA844A85EFE01FAEA1659385A5022A89FA
:10718400130544FDEFD00F942685EFD0CF898545B4
:1071940019C5CA85EFD0AF862A8B0DE98945130539
:1071A40044FDEFE07F9FA685130544FDEFE01FA09B
:1071B400CA85130544FDEFE07F9F0147814613060E
:1071C40044FDCE855685EFD02FB071B781451305A8
:1071D40044FDEFE07F9CA685130544FDEFE01F9D71
:1071E400CA85130544FDEFE07F9C8144EFD0BFD5F1
:1071F400E3D5A4FC83270B0113971400BA9783D516
:10720400070089C5130544FDEFE05F9A8504F9BFC3
:10721400EFA2FF8483474500404DD5E7FD574DC09D
:10722400834694000947636DD7080346B400854636
:1072340063E8C6088306E40063C406085C45F9569F
:107244002390D70097C7FF1F83C7075099E3A30470
:10725400E40097C7FF1F938767579C4381E78947DB
:10726400A306F40097D7FF1F9387C7A49C4381E725
:1072740089472306F4009705000093854505AA84F1
:1072840013050401EFC0103AFD57231AF402814795
:107294001CDC014897C7FF1F23A4874A97C7FF1F19
:1072A4009387474A232E040304C08043EFD0FFD3BF
:1072B40061463306C50281452285EFA04FFD814713
:1072C4003E856FA00FFCFD57E5BFEFA24FF92A845E
:1072D40003554502EF50801409E5231E04006FA0F6
:1072E4004FFA8357E401E5DF930504FF17650100B6
:1072F4001305C5D4EFB0105FDDB7EFA24FF62E89AA
:10730400A16541119385E5032A8436C432C6BE843F
:107314003AC2EFC03FFB12472285BA85EFE0DF8710
:1073240032462285B285EFE07F88A2462285B68563
:10733400EFE0DF87630D090091452285EFE05F816F
:107344001146A685EF30717241016FA08FF3894514
:107354002285EFE0EFFF83C704002300F50083C715
:107364001400A300F500CDB7EFA26FEF83C795001B
:10737400444D054793F7F707A384F5001C424111D8
:1073840083C70700636DF7042E842A8985CC03C75D
:10739400D4006309F70217C7FF1F130727431843D5
:1073A40001CFA386F400EF80F02983C7D40089E7D6
:1073B40041657D15EF30A07383D72403918B99C366
:1073C400EFB0B05E4A85A285EFF0CFBFA167C107D9
:1073D40048003EC42302010002C6EFF04FB741014A
:1073E4006FA02FEAEFA2AFE703D745008D47AA8429
:1073F40041112E8432892E8563EDE700EFE09F85ED
:10740400AA85230009002685EFC07FDF41016FA014
:107414004FE7EFE03F842AC62285EFE0BF83B24501
:1074240085472A862300F9002685EFC05FDAF9BF75
:10743400397106DE22DC26DA80004ED652D456D2CA
:107444004AD85AD05ECEAE89B284AA8AEFD0BFAEF3
:1074540006051305250241990A8A3301A140232216
:1074640024FC231404FCEFD01FAD83C79900060548
:107474004D0593F7F7072315A4FCA384F90026858B
:10748400232624FCEFE00FFD93170501C187634019
:10749400F0025281130104FCF2506254D254425956
:1074A400B259225A925A025BF24B21618280AA8B12
:1074B40003AB0400EFC03FD735E983D7440001494B
:1074C4008544F11793B71700A301F4FC834734FCF8
:1074D400A165BDC79385E504130544FCEFC09FDE99
:1074E400A685130544FCEFE02FEBDE85130544FC71
:1074F400EFE0CFEB834734FC114691E30946DA858C
:10750400130544FCEFE06FE7814463080900416B15
:107514007D1BEFD05FA263C8A40201478146130616
:1075240044FCCE855685EFC03FFAA5B7A685130661
:1075340034FCEFF03FEB933415002A89860479B7C5
:107544009385C50451BF8327C90013971400BA97C4
:1075540083D5070063866501130544FCEFE00FE55E
:10756400850445BFEFA22FCD79711C103EC4B70727
:107574000F003EC61C103EC883C79500AA8A3285F8
:1075840093F7F707A384F500AE893284EFE08FEC1C
:1075940093170501C1876350F0062A8A2285EFE01C
:1075A4006FEB2A895285032B0400EFC0DFC739E54E
:1075B4008357440081440544F11793B71700A3038C
:1075C400F10083457100DA872287CA865286280033
:1075D400EFF0BFD2014781463000CE855685EFC01B
:1075E400BFEEA1679387D70348083ECC230A8100E6
:1075F40026CEEFF0CF9545616FA06FC7A285130625
:107604007100EFF03FDEAA84094445DD3544E30A06
:1076140055FB4A85EFF00FE70D4445D50144EFD003
:107624009F91634BA400C16B0144FD1BEFD0BF903D
:10763400634EA400154471B7DC4413171400BA97C1
:1076440083D70700638127030504D1BFD844931768
:107654001400BA9703D70700631977012390270111
:107664002685EF8020530144A9BF0504C1B7EFA2CA
:107674006FBD83C7950041112A8A93F7F707A38446
:10768400F50032852E893284EFE0CFDC93170501B3
:10769400C187635BF004AA892285EFE0AFDB231185
:1076A400A1004E85832A0400EFC0FFB729E1835768
:1076B400440085440144F11793B71700A300F10077
:1076C4000348110003572100D6875285CE862686AB
:1076D400CA85EFF0EFB3A167F10748003EC4230267
:1076E400910022C6EFF0AF8641016FA0EFB8A285EA
:1076F40013061100EFF01FCF2A84894471D18357F8
:10770400210011678544BA97C2071167C183130723
:10771400F7EFE367F7FA97C7FF1F938767219C4347
:1077240091C7854513052100EF40100683552100BC
:1077340022858144EFC09FA641D5231005002285F0
:10774400EF80E046B5BFEFA20FAF83C795004111AC
:107754002A8B93F7F707A384F50032852E8A3284A7
:10776400EFE04FCF93170501C1876359F004AA8A4C
:107774002285EFE02FCE2A895685832B0400EFC0A3
:107784009FAA21E18357440081440544F11793B72C
:107794001700A301F10003483100DE875A854A87A8
:1077A400D6862286D285EFF0AFA6A167ED07480002
:1077B4003EC42302810026C6EFE07FF941016FA099
:1077C4000FABA28513063100EFF0DFC1AA84094490
:1077D40079D19167CA97C2071167C1831307F7EF7D
:1077E4000544E36AF7FACA85EFC05F9B014445F597
:1077F4008149EFD04FF563DBA900984893971900AE
:10780400BA9703D7070015E723902701EFD0AFF30A
:107814001544E382A9F82685EF80603997C7FF1FD6
:10782400938707119C430144BDD74A85EF40206EDE
:107834009DB785097DBFEFA2EFA079713E847C08D6
:107844003EC82E8AB7071400A1653ECAE5057C0828
:10785400AA89080836C4428932C6BA8AC6843ECC8C
:10786400EFC05FA6CA850808EFE00FB332460808E8
:10787400B285EFE0AFB3A246630E09029D45080846
:10788400EFE00FAD1D468145EFA06FA063870A06A8
:1078940091450808EFE0CFAB1146A685EF30F11C07
:1078A400100801478146D2854E85EFC0FFC145616E
:1078B4006FA08F9CB6850808EFE04FAF1C40080806
:1078C400D8439355C701858912075183B205D98DD1
:1078D400EFE0CFAD1C40080883C58700EFE0CFABD5
:1078E4001C40080883C5A700EFE00FAB1C40080844
:1078F40083C59700EFE04FAA51BF89450808EFE020
:107904002FA583C704002300F50083C71400A30038
:10791400F50079B7EFA20F9383C795004111AA89A7
:1079240093F7F707A384F5003285AE843284EFE041
:107934006FB293170501C1876357F0042A89032A9C
:107944000400EFC05F8E19E9835744000548F1171E
:1079540093B71700A307F100814621A81306F1008D
:10796400A285EFF03FA81DC11C459DC383D64700E7
:1079740001480347F10093078500D2884A86A6850B
:107984004E85EFF05FEB41016FA00F8F0948E9B717
:107994001D48D9B7EFA20F8B65715C083EC4B707C9
:1079A4007B013EC65C083EC883C795002A8A32859F
:1079B40093F7F707A384F500AE89EFE04FA8835748
:1079C400E100C5C389452800EFC0DF8F8145280049
:1079D400EFE08F9CEFC0BF9497C7FF1F9387872D5D
:1079E4009C4317C4FF1F034424D6AA843334800065
:1079F40099C31364240097C7FF1F938727DD9C4313
:107A040099C31364440097C7FF1F938767F29C438D
:107A140099C31364840083D5040028000149EFE06E
:107A2400EF9883D524002800EFE04F9883D54400D5
:107A34002800EFE0AF97EFD00FCC93150501C1817B
:107A44002800EFE0AF96A2852800EFE02F969C4433
:107A5400636CF900014781463000CE855285EFC042
:107A6400BFA659616FA04F81DC441314490028005C
:107A74003E94EFE06F8C834744000347540089072A
:107A84000607BA978607E36EF5FC835524002800A1
:107A9400814AEFE0AF91834544002800EFE0CF8FA7
:107AA400834554002800EFE02F8F8347440063C9C7
:107AB400FA00814A8347540063CFFA00050941BFA5
:107AC4001C4413975A002800BA9783D50700850AE7
:107AD400EFE0CF8DD9BF032BC40093975A00280041
:107AE4003E9B83552B00850AEFE04F8C83550B009A
:107AF4002800EFE0AF8B7DBFEF927FF65C4993E700
:107B040017005CC9EF8080316F90BFF7EF923FF5AB
:107B14002E848145EFF08F9B05C183570500FD1727
:107B24002310F50009C4835725002310F400EFF057
:107B3400BFFC01456F90FFF431456DDC2310040058
:107B4400D5BFEF923FF083C7950041112A8A93F77E
:107B5400F707A384F50032852E893284EFE08F8FF6
:107B640093170501C187635EF004AA89C145228584
:107B7400EFD0BFFA2A8B4E85832A0400EFC0AFEA08
:107B840021E583574400231101000544F11793B7FD
:107B94001700A300F100814403481100035721009A
:107BA400D6875285CE862286CA85EFE07FE6A16716
:107BB4009387170248003EC42302810026C6EFE0E3
:107BC4001FB941016F905FEB13061100A285EFF01E
:107BD4007F81AA8409E523110100094475BF930537
:107BE40021005A85EFF09FF2835721002A84CDD7D4
:107BF40097C7FF1F9387C7D39C4391C78545130538
:107C04002100EF4060388355210026853144EFC0C0
:107C1400EFD859D1231005002685EF70507901441F
:107C2400A5BFEF92DFE341112E896C00AA8402C63E
:107C3400EFF0CF8909CD0357050005072310E500B0
:107C4400EFF09FEB81473E8541016F909FE3324700
:107C5400954775DBCA852685EF203007C147E34485
:107C640005FE3244854741462310F400835709003A
:107C7400A685130544002311F400EF30015F22852B
:107C8400C1B7EF923FDC83C795004111AA8A93F7ED
:107C9400F707A384F5003285AE893284EFD09FFBC9
:107CA40093170501C187635EF0042A8AC1452285C2
:107CB400EFD0BFE6AA845285032B0400EFC0AFD6F1
:107CC40021E583574400231101008544F11793B73C
:107CD4001700A300F10001440348110003572100D9
:107CE400DA875685D2862686CE85EFE07FD2A167D5
:107CF4009387070248003EC42302910022C6EFE0A6
:107D04001FA541016F905FD7A28513061100EFF004
:107D14006FED2A8409E523110100894475BF268586
:107D240093052100EFF0FFEFAA845DF58355210050
:107D34002285EFC0AFC64DF10149EFD0CFA0635DFE
:107D4400A900184893171900BA9703D707001DE72D
:107D5400035721002390E700EFD0EF9E6302250331
:107D640097C7FF1F9387C7BC9C4389C7035521004E
:107D7400EF40E0192285EF709063B9BF050975BF24
:107D8400954499BF05C19307F00F630FF500C547EC
:107D9400630CF5009307F5FF05453315F50042051F
:107DA400418182800145828041657D158280B9E1EF
:107DB400EF92FFCA034506033284EFF0BFFC93053C
:107DC400803EB305B502C205C18191C90357E402DF
:107DD400854763F6E70013050401EFC0801083575D
:107DE400E40241677D176385E700FD172317F4025A
:107DF4006F903FC98280EF921FC4004283C79500F1
:107E0400444D0349140093F7F707A384F50083470F
:107E14000400220911673369F900A167B347F90027
:107E240041112A8BAE8A63ECE70C834724001307C5
:107E3400C00EB91793F7F70F6371F70E03473400B9
:107E4400C14763ECE70C834744001307E00793C77B
:107E540007086373F70A8349840083477400A209FF
:107E6400B3E9F900856763F9F908034A64008347B5
:107E740054004E85220A336AFA00EF40205A45C165
:107E840023962403834B3400137AFA00239A340391
:107E9400238874032399440393890401631A090012
:107EA40023A60402239804024E85EFC000051DA0FA
:107EB400034924004A85EFF0FFEC2397A40283478B
:107EC40044004E85A388F402E3810BFEE30F09FC12
:107ED400EFB0D07FEF70F07781460146D6855A85A2
:107EE400EFE09FA5A167938797033EC42302010097
:107EF400480002C6EFE0BF8541016F905FB785443B
:107F0400A2862686D6855A85EFE01FA3A1679387AC
:107F140097033EC423029100E1BFBD44D5B7914409
:107F2400C5B7EF923FB201111C08404D3EC2B707DE
:107F34000F003EC41C083EC62A89AE89EFC0BFA309
:107F4400585C1C5C634CB70A6394E50063E8A70AB9
:107F54003385A740B3B7A700B305B7401306803EE7
:107F640081469D8DEF20113793140501C180A165D1
:107F74009385C5034800EFC0EFB481454800EFD0B6
:107F8400BFC1835504044800EFD05FC28355240465
:107F94004800EFD0BFC1814599C8C167FD1793055B
:107FA400F00F6386F4002685EF40000DAA85480093
:107FB400EFD09FBE03554404814511C9C167FD1725
:107FC4009305F00F6305F500EF40000BAA85480008
:107FD400EFD09FBC834564044800EFD0FFBB8345CA
:107FE40074044800EFD05FBB500001478146CE8542
:107FF4004A85EFC06FCD05616F901FA8814485BF8E
:10800400EF92FFA583C7950093F7F707A384F500C4
:10801400EFF03FF16F90FFA6EF92DFA283C79500C8
:108024004111404D93F7F707A384F5002A8A32855E
:10803400B284AE89EFD01FC22A8B2685EFD09FC1B0
:108044002A892685EFD0BFBF93170B0163CA0702A5
:10805400E177CA97C207C183116763E3E702930715
:108064000910C207C1831307B00F637BF70093178E
:108074000901C187AA8A6348F000C54763FA57011A
:1080840041016F907F9FEFC08F8CE31B25FFF5B7F5
:1080940063060B0263040902814463870A02B7077B
:1080A4007F0023106405231124057CC05685EFF05E
:1080B4007FCD9304803EB304950239A0B7077F00B7
:1080C400232004047CC0814403552404EFB0100C25
:1080D40095CCEFC05F8A269593D7F441333795004A
:1080E400AE97BA9708DC5CDCCE855285EFF07FE36F
:1080F40099E023220404A1679387B70348003EC490
:108104002302010002C6EFE08FE49DBF81470148CE
:108114001CDC232E0403C9BFEF927F94EFC0FFEC55
:10812400E1473305F5029145EF303077E55711C546
:1081340097B7FF1F23A8A76081473E856F907F9460
:10814400854717B7FF1F2301F7608280EF923F91A5
:1081540097B7FF1F9387C75E80432DC083570404DE
:10816400639EA70483572404639AB7043689B284B0
:10817400EFC07F805C5C63C3B7046395B7001C5C8D
:1081840063EEA7028347640463F3F400A687230322
:10819400F4048347740463F39700A687A303F404E9
:1081A4008357440441677D176385E70085072312DD
:1081B400F4043C4481C7CA85268582976F907F8CDE
:1081C40097B7FF1F9387C7579C43014599C303C5BE
:1081D40087008280EF92BF880111B70707003EC66F
:1081E40083C79500584D0AC493F7F7070AC8A384B8
:1081F400F5002A89AE8401CB1C4283C707002304FF
:10820400F700EF7030442164930554022800EFC056
:108214006F8BEFF0FFFAAA852800EFD0FF973000AC
:1082240001478146A6854A85EFC00FAA130444027C
:10823400480822CC230A010002CEEFE04FD10561A9
:108244006F903F84EF92BF8101117C003ECAB70753
:1082540007003ECC7C003ECE83C795002E84AA84C2
:1082640093F7F707A384F500A165938555024808A1
:10827400EFC04F85EFF0DFF4AA854808EFD0DF9117
:10828400500801478146A2852685EFC0EFA305610A
:108294006F902FFF97B7FF1F9387874A9C43094529
:1082A40099C303C59700828097B7FF1F93874749F7
:1082B4009C43094599C303C5D700828097B7FF1F24
:1082C400938707489C43014599C303C5A70082804F
:1082D400EF924FF70111B70708003EC683C7950018
:1082E400404D0AC493F7F7070AC8A384F5002A8906
:1082F400AE8429C01442854703C7060063EEE7062F
:108304008347940009468149638EC700B307F74049
:10831400A304E400B339F00083C716002305F40076
:10832400EF70503203572403058B09C76384090097
:10833400EFA0B0672164930584022800EFB09FF892
:10834400EFF05FF5AA852800EFD01F85EFF01FF747
:10835400AA852800EFD05F84014781463000A685B6
:108364004A85EFC06F9613047402480822CC230A8E
:10837400010002CEEFE0AFBD05616F90EFEFEF9229
:108384000FEE01117C003ECAB70708003ECC7C000A
:108394003ECE83C795002E84AA8493F7F707A3845F
:1083A400F500A165938585024808EFB0BFF1EFF0B1
:1083B4007FEEAA854808EFD02FFEEFF03FF0AA85A4
:1083C4004808EFD06FFD500801478146A2852685F5
:1083D400EFC08F8F05616F90CFEA97B7FF1F938728
:1083E40027369C43014599C303C5B7008280EF92A9
:1083F4000FE70111B70707003EC683C79500404D3C
:108404000AC493F7F7070AC8A384F5002A89AE843F
:1084140005C41C42054783C70700636AF704034782
:10842400B400630BF700A305F400EF70B021834799
:10843400B400A9C3EFD08FD921649305B4002800F8
:10844400EFB05FE8EFF07FF9AA852800EFD0CFF412
:10845400014781463000A6854A85EFC0EF8629048E
:10846400480822CC230A010002CEEFE04FAE05619A
:108474006F902FE1EFD0AFDAC1B7EF924FDE011169
:108484007C003ECAB70707003ECC7C003ECE83C7C3
:1084940095002E84AA8493F7F707A384F500A165B9
:1084A400AD054808EFB01FE2EFF03FF3AA85480896
:1084B400EFD08FEE500801478146A2852685EFC094
:1084C400AF8005616F90EFDB97B7FF1F9387472756
:1084D4009C43094599C303C5C7008280EF922FD8F6
:1084E40001117C00AE843ECAA165B70707002A8447
:1084F4003ECCD1057C0048083ECEEFB0BFDCEFF0A7
:10850400BFFCAA854808EFD02FE9500801478146EF
:10851400A6852285EFB05FFB05616F908FD6EF9241
:108524000FD483C7950093F7F707A384F500EFF002
:10853400FFFA6F900FD5EF92EFD083C79500032910
:10854400C501411193F7F707A384F5001C4283C9C1
:108554000700854763EC370597B7FF1F9387877537
:108564009C432E84AA8495C7EFF01FF689476302C3
:10857400F502630009028347C900638C37012306AF
:108584003901EF70300C83572903898B99C3EFA00D
:10859400D0412685A285EFF07FF4A167CD0748007E
:1085A4003EC42302010002C6EFE06F9A41016F90BE
:1085B400AFCC97B7FF1F9387A7189C431D4599C35A
:1085C40003C5E7008280EF928FC90111B707070046
:1085D4003EC683C79500584D0AC493F7F7070AC8E7
:1085E400A384F5002A89AE8405C71C4283C707000B
:1085F40093968701E18663C8060485466385D7049C
:108604008346E7006386F6002307F700EF709003C4
:1086140021649305E4002800EFB0DFCAEFF07FF98E
:10862400AA852800EFD04FD7014781463000A685A0
:108634004A85EFB07FE93504480822CC230A0100BB
:1086440002CEEFE0CF9005616F90AFC3EF922FC1E0
:1086540001117C003ECAB70707003ECC7C003ECE29
:1086640083C795002E84AA8493F7F707A384F500A3
:10867400A165B9054808EFB0FFC4EFF09FF3AA85E0
:108684004808EFD06FD1500801478146A28526855E
:10869400EFB09FE305616F90CFBEEF92AFBAAA84AB
:1086A400014417B9FF1F1309E909E149EFC0FF931A
:1086B4006344A400014519A8330534038327090042
:1086C4003E95835725006395970011056F90CFBAA7
:1086D4000504E9BF032E850063040E1017B3FF1FC2
:1086E4001303032503230300631503002943639A3B
:1086F400060E03234E01631503001D436393070E07
:10870400EF926FB3C689428A3E89BA8AB684328BA5
:10871400AE8B2A84A1E903554E0009E501431A856D
:108724006F90EFB4A167A98F116763F7E700EFF0CB
:10873400DFF68145EFF08FBD0844B70700E05841EC
:10874400F98F18455CC1B707001FF98F1CC55C4938
:1087540081C76105EFB0607AE38209FC2285EF707E
:10876400C06C6DBF3285EFA0E05E0D434DD91C4453
:10877400116703D54700A167A98F63F7E700EFF0FE
:10878400DFF18145EFF08FB80323840093164B018A
:10879400D1828347B300035663008588FD8BA3050C
:1087A400F300FD777D8E558EFD76FD16B204F18EB5
:1087B40083274301C58E231273012313D30023049B
:1087C400530123052301A3044301D9D72285EFB024
:1087D4001FC4AA850844B5DD6105EFB08070ADBF44
:1087E4001D431A858280EF92EFA50569AA84AE899C
:1087F400328A0144FD5A7D19EFC0EFF36345A400AA
:1088040001456F906FA7D84493171400BA9703D704
:108814000700631B37032390570163050A0026856D
:10882400EF7040379C448DC383D76700B3F72701AB
:10883400639C3701D288014881470147814601463C
:1088440081452685EFF01FE905047DB7EF928F9FE0
:1088540079711C103EC4B7070F003EC61C103EC8F9
:1088640083C79500AA8A328593F7F707A384F50096
:108874002E893284EFD00FBE93170501C187635050
:10888400F006AA892285EFD0EFBC2A8A4E85032BF5
:108894000400EFB05F9939E58357440081440544EF
:1088A400F11793B71700A303F10083457100DA872A
:1088B4002287D2864E862800EFE03FA401478146F6
:1088C4003000CA855685EFB03FC0A1679387F70390
:1088D40048083ECC230A810026CEEFD05FE74561ED
:1088E4006F908F99A28513067100EFE0BFAFAA8441
:1088F400094445DD5285EFE0EFB80D445DD50546EA
:10890400D2852685EFF03FEE2A8445B7EF922F9566
:10891400835507000346270041112A842E8532C659
:108924002EC4EFE02FB611C53246A2452285EFF0E2
:108934009FEB41016F90EF94EF92EF8F83C7950007
:108944004111AA8A93F7F707A384F5003285AE890B
:108954003284EFD02FB093170501C1876357F00815
:10896400C1452A8A2285EFD04F9B2A8D2285EFD0DC
:108974006FAE2A892285EFD08FAC930705F893F761
:10898400F70F1307E007AA8B6371F7062285EFD070
:108994000FAB2A8C2285EFD08FAAAA8C5285032B89
:1089A4000400EFB05F8829E58357440023110100D8
:1089B4008144F11793B71700A300F100054403475E
:1089C400110083562100938784005685DA88228813
:1089D4005286CE85EFE03FE6A167E90748003EC432
:1089E4002302810026C6EFD09FD641016F902F88C5
:1089F40013061100A285EFE0FF9EAA8409E5231166
:108A0400010009446DBF930521006A85EFF06FA151
:108A14002A8455F5835521009356C900131649013C
:108A240085486688E2875E87858A51822685EFF0CD
:108A34007FCA2A8469B7EF920F8083C795004111DA
:108A44002A8B93F7F707A384F5003285AE89328425
:108A5400EFD04FA093170501C1876352F0082A8A0B
:108A64002285EFD02F9FAA8A2285EFD0AF9E2A8934
:108A74002285EFD0CF9C930705F893F7F70F1307E0
:108A8400E0072A8C637DF7042285EFD04F9BAA8CE4
:108A94002285EFD0CF9A2A8D5285832B0400EFB024
:108AA4008FF829E18357440085440144F11793B7B3
:108AB4001700A301F10003473100930784005A858E
:108AC400DE882688D6865286CE85EFE0DFD68D47AF
:108AD40048003EC42302910022C6EFD05FC7410183
:108AE4006F80FFF8A28513063100EFE0BF8F2A8460
:108AF400894471D19356C9001316490185486A887F
:108B0400E6876287858A5182D685EFF0BFBCAA8446
:108B14005DB7EF823FF32A8981440144617A916A07
:108B240017BBFF1F130BCBE0EFC0EFC163C5A4005D
:108B340022856F807FF48327090093991400CE97D0
:108B440003D5070033074501420741836362570396
:108B540011CD03270B0009C785453E85EF30C04280
:108B6400832709000504CE972390070085046DBF71
:108B7400EFF0BFB2832709000504CE9723900700C6
:108B840075D58145EFE09FF8D5B7EF82BFEB83C77A
:108B9400950041112A8A93F7F707A384F5003285DB
:108BA4002E893284EFD00F8B93170501C18763544C
:108BB400F004AA89832A0400EFB0EFE621E1835789
:108BC400440085440144F11793B71700A301F10051
:108BD40003483100D68752850147CE862686CA854A
:108BE400EFD01FE3A167F50748003EC423029100BC
:108BF40022C6EFD0DFB541016F801FE8A2851306BE
:108C04003100EFE02FFE2A84894479D197B7FF1F02
:108C1400938707D29C4381CB0449EFC0CFB2AA8586
:108C24002685EF30603613050401EFF09FEE2285B0
:108C3400EF60F077814469BFEF82FFDF83C795005F
:108C44004111AA8A93F7F707A384F5003285AE8908
:108C5400328423110100EFC0FFFF93170501C18780
:108C6400635CF0042A8AC1452285EFC01FEBAA8BFE
:108C74005285032B0400EFB00FDB31E1835744002E
:108C840085440144F11793B71700A300F10003488A
:108C9400110003572100DA875685D2862686CE85B1
:108CA400EFD01FD7A1679387270248003EC4230251
:108CB400910022C6EFD0BFA941016F805FDBA2857E
:108CC40013061100EFE00FF22A84894469D197B7A3
:108CD400FF1F9387E7C598433E8901CB0449EFC042
:108CE4008FA6AA852685EF30202A13050401EFF00C
:108CF4005FE2EFC04FA5954459D9930521005E85E5
:108D0400EFE03FF2AA8441F51C4803572100228575
:108D14002390E700EF60B06983270900ADDB0355BA
:108D24002100EF30C01EA5B7EF82FFD083C79500A6
:108D34004111AA8A93F7F707A384F5003285AE8917
:108D44003284EFC03FF193170501C1876359F004E2
:108D54002A8A2285EFC01FF02A895285032B04003A
:108D6400EFB06FCC21E18357440085440144F117EF
:108D740093B71700A301F10003483100DA87568541
:108D84004A87D2862686CE85EFD09FC8A167F90789
:108D940048003EC42302910022C6EFD05F9B4101EC
:108DA4006F80FFCCA28513063100EFE0AFE32A8485
:108DB400894479D19167CA97C2071167C1831307A0
:108DC400F7EF8544E36AF7FA97B7FF1F938747B62F
:108DD4009843BE8B01CB0449EFC0EF96AA85268544
:108DE400EF30801A13050401EFF0BFD2EFC0AF9546
:108DF400954459D11C482285814423902701EF6072
:108E0400105B83A70B00ADDB4A85EF304010ADB794
:108E1400EF82FFC42A844105B284EFF09FCF01C5DD
:108E24002285EF60D05881460146A6852285EF70E1
:108E3400200A1C4C89C7DC4799C3228582976F801E
:108E44005FC497B7FF1F9387A78F9C43014599C3BE
:108E540013850701828097B7FF1F9387678E884326
:108E64008280EF82DFBF9317C600DD8DC2054111FA
:108E7400C1812A8432C6EFC07FD332462285118253
:108E84009375F60FEFC05FD141016F809FBFEF82F2
:108E94007FBB79713C083ED2B7070C003ED43C0836
:108EA4003ED683C79500AE842A8993F7F707A38437
:108EB400F500A165938535044810EFB0AFC0C165D6
:108EC400FD15014417BAFF1F130A0AA8930A400E9E
:108ED400AE892E8B2EC6EFC00F8A4205931704016C
:108EE4004181C183B24563E3A702C167FD1763856E
:108EF400F5004810EFC09FCB501001478146A6856E
:108F04004A85EFB06FDC45616F801FB733075403A8
:108F140083270A0BBA9703D6C7016308360163880F
:108F240035014810EFF0FFF3DA85050465B7B28523
:108F3400EDBFEF825FB079717C083EC8B7071100BE
:108F44003ECA7C083ECC83C79500AA89328593F734
:108F5400F707A384F5002E89EFC0DFCF8567637E12
:108F6400F502A165AA8489050808EFB0AFB5268586
:108F7400EF30C04A133415000A04A2850808EFC074
:108F8400BFC1A6850808EFC07FC235C0014781462E
:108F94001008CA854E85EFB02FD345616F803FAD71
:108FA400B30754030327CA0ABA9703D70700631AFF
:108FB400970003D62700638A65030808EFF07FEA69
:108FC400DE8505042EC6EFB01FFC4205931704018D
:108FD4004181C183B245E3E5A7FCC167FD17E3877F
:108FE400F5FA0808EFC09FBC55B7B285D9BFC16573
:108FF400FD15014417BAFF1F130A0A95930A80024C
:109004002E8BAE8BC1B7EF829FA518418347170003
:1090140083460700A207D58FD207D1832390F5009A
:1090240083472700034717008D45A207D98F9183F3
:109034002310F600EFC03FAD6F80BFA4EF829FA066
:10904400C164014417B9FF1F1309099093098002F1
:10905400FD14EFB05FF36345A40001456F80DFA109
:10906400330534038327C90A3E9583570500E387F4
:1090740097FE0504F9BFEF82FF9C2A8AAE89B28469
:10908400B68AEF30A03909E591473E856F80DF9EAF
:109094002A894E85EF90104C2A84638A0A048D47EE
:1090A4006DD503570500C547E31147FF0347F90191
:1090B4008546AD47E31BD7FC8347450091CB41462A
:1090C400A6855D05EF200118814761D1AD4775BFC5
:1090D400130965012302E500CA852685EF10802B5C
:1090E40015CDA547E3830AFA2302040079BF11CD05
:1090F40083570500E39A47F94146A6851905EF20F1
:109104006114814759D1994749B74E85EFF01FF350
:109114002A8495473DD9130955007DBF4146A6854C
:10912400231044012311340113051900EF20E11326
:109134002285EF60103B814789BFEF825F9279718E
:109144007C003ECCB7070A003ECE7C003ED083C7ED
:109154009500B2842E8493F7F707A384F5001306D1
:10916400A1002A892C002685EFF0FFE9A1652808D3
:109174008D05EFB02F9590408355A10003558100D4
:109184008546EFF05FEFAA84AA852808EFC0DFA028
:109194000356A100835581002808EFF09FCC3008C6
:1091A40001478146A2854A85EFB00FB28547481032
:1091B4003ED42302910202D6EFD06FD945616F806D
:1091C4005F8CEF82DF8979717C003ECCB7070A009F
:1091D4003ECE7C003ED083C79500B2842E8493F7A4
:1091E400F707A384F5001306A1002A892C0026851D
:1091F400EFF07FE1A16528088D05EFB0AF8C9040BA
:109204008355A100035581008146EFF0DFE6AA846F
:10921400AA852808EFC05F980356A10083558100F2
:109224002808EFF01FC4300801478146A2854A850B
:10923400EFB08FA948102302910202D402D6EFD0D6
:109244000FD145616F80FF8397A7FF1F9387874FD7
:1092540088438280EF82BF80835725004111AE840A
:109264002A842307B10017F5FFFF1305656A6C0014
:109274002316F100EFB06FDE81C42285EF60D02C9D
:10928400FD572310F40013062002814513055400F2
:10929400EF80EFFF41016F80CFFEEF82AFFA79716B
:1092A4007C003ECCB7070A003ECE7C003ED083C78C
:1092B4009500AA89AE8493F7F7073285A384F50055
:1092C4001306A1002C00EFF01FD4035581001144B4
:1092D400EF30C01415C10355A1000144EF9090274D
:1092E40001CD035705008357810045446316F700F9
:1092F4008545EFF03FF601442169930539002808BC
:10930400EFA05FFCA2852808EFC01F890356A100C7
:10931400835581002808EFF0DFB430080147814607
:10932400A6854E85EFB04F9A48104AD42302810295
:1093340002D6EFD0CFC145616F800FF4EF828FF07A
:1093440097A7FF1F9387C73F2A8488432E8915C197
:10935400035745038357C401631DF7002326050201
:10936400231805024105EFA0503963040900EF609A
:10937400502E814497A9FF1F9389095D130A800227
:10938400EFB07FC063CCA40297A7FF1F9387074465
:109394009C4389C70355C401EF1060756305090038
:1093A4002285EF6070021306400E81452285EF800E
:1093B4000FEEFD57231EF4006F800FEC338544033A
:1093C40083A7C90A3E95035705008357C401631553
:1093D400F700CA85EFF01FE885045DB7EF828FE6DA
:1093E40083C795004111AA8993F7F707A384F50071
:1093F4003285AE84EFC01F8685676370F5042A89C1
:10940400EF30C001014411C983D70400314463869D
:1094140027018545EFF09FF201444E85A2864A86D6
:10942400A685EFD0EFBFA1679387170448003EC419
:109434002302810002C6EFD08FB141016F80CFE3D8
:10944400EF824FE097A7FF1F9387872F80431DCCA0
:109454000145EFA0A05381470148C1641CDC232EC1
:1094640004032320040417A9FF1F1309E94D014431
:109474009309400EFD14EFB01FB0634BA400814567
:109484001705000013050599EFB02FBD6F80CFDEDF
:10949400330534038327090B3E958357C501638540
:1094A40097008545EFF09FE90504F1B7935705014F
:1094B40013D78700A380F50093170501C183A18307
:1094C4002380E5002381F500A381A5008280EF823B
:1094D4000FD92300050083C71500A300F50083C737
:1094E40025002301F50083C73500A301F50083C7D8
:1094F40045002302F50083C75500A302F50083C786
:10950400650093059500A30305002303F5002304D8
:1095140005003285EFF09FF96F80AFD6EF828FD2CE
:109524004111E9541DC595C593F9C5FF2E842A89B7
:10953400AA84338AA90063129A020D88854411C84B
:10954400EFC0100D2AC622866C0033053901EF10D6
:10955400D151268541016F802FD2EFC0700B931734
:109564000501C183A183A380F400935705012381DE
:10957400F400A1832380A400A381F400910465BFB7
:1095840063E0D502EF82AFCDB28741113686BE8546
:1095940036C6EF10914DB246410136856F806FCECD
:1095A400814636858280EF828FCBEF804FCE6F80ED
:1095B4004FCD838705001387F5003D05FD8793F79D
:1095C4007708834607007D158606B58FA300F5004E
:1095D4006307B7007D17834717009D83DDB782803B
:1095E400EF82EFC7B2872A863E85EFE0601D133510
:1095F40015006F800FC901CD814799C9EF822FC62D
:109604004146EF10914685473E856F808FC781475D
:109614003E8582801DC5EF828FC4414681452A84E0
:10962400EF80EFC64146814513050403EF802FC642
:109634000147C1672322040438C87CC805456F80EC
:109644004FC401458280814729CDA1CDEF822FC12E
:10965400B2842E891306800581452A84EF802FC3A6
:10966400CA8524C42685EFF01FF941468145228529
:10967400EF80EFC13044A2852285EFF07FF693049A
:109684000401A2852685EFF0DFF2A6851305040206
:10969400EFF03FF22285EFF0FFF785473E856F80BC
:1096A4004FBE3E858280EF82EFB94111E9541DC55A
:1096B40095C593F9C5FF2E842A89AA84338AA90003
:1096C400639244030D88814411C8EFC060742AC6B4
:1096D40022866C0033053901EF10313926854101AA
:1096E4006F808FB9EFC0C07293170501C183A18346
:1096F400A380F400935705012381F400A183238000
:10970400A400A381F400910465BF71CDEF828FB3EF
:10971400B28401E605456F802FB62A842E8901455F
:10972400FDD93C487848B3E6E700F5D69386F7FFC1
:10973400B3B7F6007D17032A4404BA9734C87CC82B
:10974400630F0A04C14913050A03B38949412295E9
:10975400637B3601B2862E86A685EFF07FE27C40DD
:10976400BE9464C045BFCE862E86CE85EFF05FE101
:10977400C114D2944E9923220404A28793060401AF
:1097840003C7070003C607038507318FA38FE7FECE
:10979400E398F6FE3044A2852285EFF07FE4269913
:1097A400C1493306994063EA9900ADD4A686A685DB
:1097B40013050403EFF0DFDC6DB78147B306F40053
:1097C4003307F6000347070083C5060085072D8F7E
:1097D4002380E600E39437FF3044A2852285EFF02E
:1097E4003FE0C1147DBF0145828019C9EF822FA7D4
:1097F400130680058145EF808FA905456F806FA80A
:109804000145828081473DC9B5C9EF824FA5FC411E
:1098140041462E84AA846393C70413860501A28754
:109824008146C14503C7070003C507038507298F80
:109834003305D600034505008506298FA38FE7FE6F
:10984400E392B6FE3044A2852685EFF07FD92285C7
:10985400EFF0BFF985473E856F80AFA213850703FC
:109864001D8E81452295EF808FA27C40130700F85E
:1098740013060402A2972388E70255B73E85828027
:10988400EF82EF9D6D712E84B284AA85901028001A
:109894003689EFF05FDB19E9D55705A050400C403D
:1098A4002800EFF09FE66DD9FD142104E5F82C00A3
:1098B4004A85EFF03FF5814765D13E8551616F8060
:1098C4004F9CEF82CF9941112EC432C62C0005461D
:1098D400EFF01FFB41016F80CF9AEF824F98011187
:1098E4002A842EC602C802CA02CC02CEEF107139F5
:1098F400B2462A86A2850808EFF0BFFC1375F50F5F
:1099040005616F800F98EF828F957971B2872A84F1
:1099140021462308B10013051101BE853AC436C699
:10992400EF10B114B246930591013685EFF01FB8DC
:109934002285141035460C08EFF0BFF82A8422471C
:1099440011E521460C103A85EF103112228545614C
:109954006F802F93EF82AF907171AE84AA850A85D0
:109964003284EFF05FC901C90A86A6852285EFF02B
:109974003FC7814711E1C5473E854D616F806F90B8
:10998400EF82EF8A1D712A8AB289BE8435468547E3
:10999400130511012E8CB68A3A8BC28C468D23088E
:1099A400F100EF10910C10100C085285231F0100D8
:1099B400EFF05FFA2A842DE9A147631BFD069307A4
:1099C400900591E0E5473546E285130511011399A9
:1099D4000A012308F10013590901EF101109135763
:1099E400890093978A00D98F90080C085285231F09
:1099F400F100EFF03FF62A8405E9A1E09387FA002D
:109A040091831379F9003EC6631309004149668BBB
:109A14008144C14B854DB2476397970C6A868C008D
:109A240033855C01EF107104228525616F80EF831B
:109A340093079004C9F8A54779B7834701050947F7
:109A4400C14B2308F10083471105A58FA308F1003A
:109A540093872400814463EFFB0201471408338693
:109A6400E6008C08B386E400BA95DA9683C606004D
:109A740083C505000507AD8E2300D600E390E7FEFD
:109A840041476398E70490080C085285EFF09FEC77
:109A940035D535A8B3069B00BA871008B305F60080
:109AA40090083E9603C50600034606008507850612
:109AB400298E2380C500E39277FF998F90080C08C4
:109AC4005285BE94EFF01FE98947014749D52A849E
:109AD400A1BF90083E96034606001408BE96238054
:109AE400C600850779BFB2478504638B9712814707
:109AF4001808B306F70098083E973386F900034721
:109B04000700034606008507318F2380E600E391B2
:109B140077FF90080C085285EFF0DFE34DF93546E6
:109B2400E285130511012308B101EF1001741397A5
:109B340004014183939784002183D98F10180C0862
:109B44005285231FF100EFF0FFE051F18147101817
:109B54003387F9003E960347070003460600B30621
:109B6400FB008507318F2380E600E39277FF75A021
:109B74001808B306F70098083E973386F9000347A0
:109B84000700034606008507318F2380E600E3E1E2
:109B940027FFCA876398770990080C085285EFF06D
:109BA4007FDB15F581479800B306F700900818107D
:109BB4003E973E9603470700034606008507318F0C
:109BC4002380E600E39177FF3546E2851305110112
:109BD4002308B101EF10616913970401418393973E
:109BE40084002183D98F10180C085285231FF1009B
:109BF400EFF05FD6E31D05EC814710183387F900B9
:109C04003E960347070003460600B306FB0085079C
:109C1400318F2380E600E3E227FFC109410BE5BB56
:109C24008147B5B79408BE9683C6060018083E97C8
:109C34002300D7008507B9BF638E062CEF723FDF80
:109C440059712A84BE89B28B8547354613051102A2
:109C54002E8B468C4289BA8A368A2300F102EF1091
:109C6400C16010180C10228523170102EFF09FCE5B
:109C7400631E0510A1476319FC06930790056393BF
:109C84000900E5473546DA851305110293140A01E4
:109C94002300F102C180EF10415D93178A0013D7AE
:109CA4008400D98F90080C1022852317F102EFF05D
:109CB4007FCA69ED639009049307FA00BD88918314
:109CC40091E0C144C207C183DE8C814A3EC6414D46
:109CD400B24763EAFA0C6286B3854B018810EF1031
:109CE40061564DC53D555DA093079004E39C09F86A
:109CF400A54749BF834701050947C14C2300F10229
:109D040083471105B3C7F900A300F1029387290023
:109D1400814963EFFC02814618103306D7008C0892
:109D24003387D900B69556970347070083C50500C6
:109D340085062D8F2300E600E390D7FE4147639A02
:109D4400E70490080C102285EFF0DFC035D53DA85C
:109D5400B3863A01BA871010B305F60090083E9610
:109D640003C506000346060085078506298E238061
:109D7400C500E39297FF3387EC4090080C102285CE
:109D8400BA99EFF03FBD8947014741D565616F70CE
:109D9400DFCD90083E96034606001410BE9623803D
:109DA400C600850769BFB247850A93990A01939D46
:109DB4008A0093D909016399570D85473546DA8599
:109DC400130511022300F10293D98900EF10E14930
:109DD400B3ED3D0190000C1022852317B103EFF081
:109DE4007FB74DF58147A68963E6970626860C085A
:109DF4004A85EF10814781471810B306F700100811
:109E040098083E973E9603470700034606008507D9
:109E1400318F2380E600E3E197FE639DA905900856
:109E24000C102285EFF01FB335F181479810B3066B
:109E3400F700900818183E973E960347070003461C
:109E440006008507318F2380E600E391A7FF4109CF
:109E5400C10CBDBD18089000B306F7003E963387C9
:109E6400FC0003470700034606008507318F238063
:109E7400E60095BF98084E97034707001C10CE973D
:109E84002380E700850951BF85473546DA851305E8
:109E940011022300F10293D98900EF10013DB3EDC3
:109EA4003D0190000C1022852317B103EFF09FAA07
:109EB400E31E05EC814718089000B306F7003E96B0
:109EC4003387FC0003470700034606008507318FEC
:109ED4002380E600E391A7FF41460C084A85EF1072
:109EE400C13881471810B306F700100898083E9748
:109EF4003E9603470700034606008507318F2380FB
:109F0400E600E391A7FF90080C102285EFF09FA4D0
:109F14001DDDADBD7D558280EF727FB401112A84B1
:109F24002E8593055100328902C002C202C402C6C2
:109F340093047400EFF08FD71D46A6851305910096
:109F4400EF10A13210088A854A85EFF0BFA019ED01
:109F540093071400180883C6070003460700850703
:109F64000507B18EA38FD7FEE397F4FE05616F70EA
:109F74005FB1EF723FAD2E848C414111AA89838772
:109F840015003289914463D30700A14497A7FF1FAA
:109F9400938747D29C43B1C3B5CE8D472310F100BC
:109FA40083C725004A852301F10083C73500A30137
:109FB400F10083C745002302F10083C75500A302C3
:109FC400F10083C7650093059100A30301002303F7
:109FD400F10023040100EFF06FCD0C404A860A859E
:109FE400EFF0EFCE0328040083564400A6881D0832
:109FF40081470147E51642868A854E85EFF05F98D2
:10A004002A8909E5A6852285EFB09FB44A854101D6
:10A014006F709FA64A860A85EFF06FCB7DBFEF7203
:10A024007FA22E848C414111AA898387150032892D
:10A03400914463D30700A14497A7FF1F938787C761
:10A044009C43B1C3A5CE8D472310F10083C72500DF
:10A054004A852301F10083C73500A301F10083C7BA
:10A0640045002302F10083C75500A302F10083C712
:10A07400650093059100A30301002303F100230469
:10A084000100EFF0AFC20C404A860A85EFF02FC4FE
:10A0940083564400032804008A85858EC2061D0861
:10A0A400C1822312D400A68881470147E51642865F
:10A0B4004E85EFF07FB841016F701F9C4A860A8578
:10A0C400EFF0EFC0C9B7EF729F99B335B00001113B
:10A0D40085052A891315F601336515012308B10096
:10A0E4009305110136843AC632C03EC442C2EFF031
:10A0F400EFBBA2471248425593D68700230BF100C9
:10A104009305910193578800A30AD100A30BF10092
:10A11400230C0101EFF08FB93247024603280400F3
:10A12400B337E000835644009207914411C2A1441E
:10A134004A85A68842860C08EFF09F842A8909E59F
:10A14400A6852285EFB0DFA04A8505616F707F93F5
:10A15400EF725F8F01113EC68647B335B0008505A7
:10A16400AA891315F6015D8D2308B1009305110129
:10A1740036843A89B28442C446C2EFF02FB32248EF
:10A184009248164593578800A30AF100930591015C
:10A1940093D78800230B0101A30BF100230C1101B9
:10A1A400EFF0CFB03247104083564400B337E0009D
:10A1B400920703280900914891C0A1480C084E85D4
:10A1C400EFF09FA7AA8411E5835544004A85EFB0B8
:10A1D4003F98268505616F703F8AAA959307F00F13
:10A1E40017370100130707E96317B50013C5F7FF15
:10A1F4001375F50F828005058346F5FFB58FBA9771
:10A2040083C70700D5B70357450014419307F00FE0
:10A2140017360100130606E6369742074183139565
:10A2240006014181631BE500AD8FB29703C50700AA
:10A23400130515F3133515008280850603C5F6FF53
:10A24400A98FB29783C70700D9BFEF725F81B28726
:10A2540036842E86BA86AA853E85BA84EFF06FE6E8
:10A26400634B05002285EF10C1212A86A686A285AC
:10A274002685EFF00FE56F70DF80EF72AFFC5D7144
:10A284002A8BAE8A17350100130545DC2C00B284F5
:10A29400368ABA893E89EFF04FE42A8459E53410AE
:10A2A4004146DA852800EFF0CFE12A843DED854769
:10A2B400A303F100A6C2930771002408BEC4A686B6
:10A2C40085470D462C18281002DC02DED6C0BEC617
:10A2D400EFF00FDB2A8431E983477102A6860D462D
:10A2E40093F7F7072300FA00C1473EDE2C1889478D
:10A2F400281026DCA303F100EFF08FD82A8415E59B
:10A304004146A6854E85EF0051768D47A6860D46BB
:10A314002C182810A303F100EFF08FD62A8411E53E
:10A324004146A6854A85EF005174228561616F70AC
:10A33400AFF4EF72CFF2972701009387E737984382
:10A3440083C7470079712A89AE8417350100130544
:10A3540065D00C083AC42306F100EFF00FD82A8424
:10A3640015E514104146CA850808EFF08FD52A84F4
:10A3740011ED140815462C000810EFF08FD42A8430
:10A3840011E521462C082685EF00316E22854561B2
:10A394006F702FEFEF72AFEC972701009387C731EF
:10A3A4009C477971AA842E8417350100130505CBC7
:10A3B4000C083EC6EFF06FD20DE514104146A68599
:10A3C4000808EFF00FD011ED140811466C000810C6
:10A3D400EFF02FCF19E58347F10193F7F70323003B
:10A3E400F40045616F70EFE9EF726FE73688A148BA
:10A3F40081470147E546EFF0AFD86F708FE8EF7201
:10A404000FE63688A14881470147E546EFF0DF8231
:10A414006F702FE7EF72AFE401112A842E850C08C8
:10A4240032C6EFF08FCB19E9324797360100938695
:10A4340066C11008C1452285EFF03FE105616F70E8
:10A444004FE4EF72CFE14111C1472EC032C48A8577
:10A4540009463EC23EC6EFF0AFC241016F706FE2E3
:10A46400EF72EFDF4111AE8613061009AA850A8543
:10A4740002C002C202C402C6EFF0AFC441016F7051
:10A484004FE0EF72CFDD328797360100938686BDA9
:10A494002E8693050002EFF05FDB6F708FDEEF72A4
:10A4A4000FDC7971C1472ACC2ED032D42C080D464A
:10A4B40028003ECE3ED23ED602C402C602C802CA1C
:10A4C400EFF00FBC45616F70CFDBEF724FD9011114
:10A4D400AA842E8417350100130545B98A85EFF047
:10A4E400CFBF05E514084146A6850A85EFF06FBD88
:10A4F40009ED8347E1010347F101A207D98FCA0798
:10A50400C9836177D98F2310F40005616F706FD709
:10A5140005C9EF72CFD49797FF1F938727279043DE
:10A524009795FF1F9385C5261795FF1F13050522D1
:10A53400EFB0204A1795FF1F130545216F706FD4A4
:10A544001795FF1F1305852082809DC5EF722FD1BB
:10A554009797FF1F93878723944301112E840A86BC
:10A564009795FF1F9385C522EFB0204B0A8502946F
:10A57400014505616F70EFD07D558280EF722FCE5B
:10A58400EFB020559797FF1F23A2A72017F5FFFFD1
:10A59400130505F9EFA060016F70AFCE1797FF1F89
:10A5A400130707219317150008433E95FD57231001
:10A5B400F5008280EF72AFCA2A84084019E16F70F7
:10A5C4004FCC1C4158401CC06313E5005CC083475A
:10A5D400550023200500F99BA302F500EFB08FFB83
:10A5E400E9BFEF722FC69797FF1F9387671E9843A3
:10A5F4002A8411CB8347350093F7070289C7035593
:10A6040005008945029713054401EF90100F835507
:10A6140004000355E400EF203014485809C5EFB096
:10A624006FF7232A040213058403EFF0BFF8814473
:10A63400B149EFA09F9F63C5A40283473400232040
:10A64400040493F727FCA301F4000048EFA0FF9E45
:10A654001316150081452285EF706FC36F70CFC14B
:10A66400B38734030329040385043E994A85EFF034
:10A674007FF42304090075BF8347350093F707026D
:10A6840099E3014582808357E500E39CB7FEC167E7
:10A69400FD176316F600054582800545B9A0EF72E3
:10A6A4000FBC93170601C187B2842A8401496359F8
:10A6B400F002835705008DCB01456367F60003451F
:10A6C40084003E953325A6001375F50F39A81C4860
:10A6D40013171900BA9783D70700E38097FC05097D
:10A6E400EFA0BF95E345A9FE01456F708FB9EF72E6
:10A6F4006FB5AE89AA84EFA01F8A2A84EFD05FAC1D
:10A70400AA8601471306840197050000938545E94D
:10A714001795FF1F1305050AEFA06FDA2A8921CDCB
:10A724008C441304C50022859E0593F50508EFB0FB
:10A73400AFC6CC4083877400E18163D1070493E5FD
:10A7440005082285EFB04FC50D4693854400228548
:10A75400EFB0AFC283D504002285EFB08FC783D595
:10A7640024002285EFB0EFC603D6490083A5090073
:10A774002285EFB08FC04A856F700FB093F5F5074F
:10A78400C9B7EF72CFAD01112A84328532C6EFB05A
:10A794000FB6EF90DF9B835704001797FF1F130733
:10A7A400A71A3246231BF100930700F8A30DF1000A
:10A7B4001C471843231AA1008983858BB307F740EC
:10A7C400B28548083ECE231C0100230D0100EFF0A2
:10A7D4001FF205616F70EFAAEF72CFA60041014529
:10A7E40029CC9304C40026853289AE89EFB02FB4F6
:10A7F40095452A8A2685035B0401EFB0CFB02685F0
:10A80400EFB0CFC78D45AA8A2685EFB0CFAF268596
:10A81400EFB0CFC65C48420A135A0A01D2975CC40F
:10A8240023186401814763983A0146054D81330634
:10A8340025419337160013F5F70F6F70EFA3EF72EE
:10A844008F9F89692A8BAE8B328AB68A81440144F0
:10A85400314CFD19EFA06FFD63C9A400EFA0EFFF19
:10A86400018D33B5AA006F708FA0338984038327C9
:10A874000B003E9963170A008347890085043E94C0
:10A88400D1BF03560A00DE854A8533F6C900EFF0CE
:10A89400BFF47DD10545C1BFEF726F9C01112A84BD
:10A8A4007C000355E5003ECAB70707003ECC7C0098
:10A8B4003ECEEF10B0362A8985454808EFB08FC3E5
:10A8C40099454808EFB0CFA8AA844A85EF103037DD
:10A8D4002380A4009797FF1F938707079C43416633
:10A8E400130606F09396870113D78701558F93D6E5
:10A8F4008700F18E558FA207B706FF00F58FD98F19
:10A9040011462C00138514003EC4EF0011165008A4
:10A91400A382040089452285EFF0BFE609C9AA8510
:10A9240013058403EFB08FBD3C4085073CC005612F
:10A934006F702F95EF72AF92EFA02FF22A84050467
:10A94400EFA0AFF03305A402F14791453305F502BA
:10A95400EF10A07401E565556F70AF929797FF1FD4
:10A9640023A0A7E6EFA06FEF2A840504EFA0EFED84
:10A974003305A40289450605EF10207269DD979717
:10A98400FF1F23A7A7E2EFA04FED2A840504EFA041
:10A99400CFEB3304A4029797FF1F239D87E0EFA01A
:10A9A400CFEB2A84EFA06FEA930714003385A70244
:10A9B4009797FF1F2391A7E0972701009387C72E3E
:10A9C4001797FF1F232CF7DE014579B7EF728F87A6
:10A9D400AA842E8901449799FF1F9389E9F6130AE3
:10A9E4008006EFA08FE66345A40001456F70CF8811
:10A9F4003305440383A709024A86A6853E95EFF0F2
:10AA0400BFC719E10504F1BF0545CDB7EF72AF82A9
:10AA1400AA8A2E8BB28B368C3A8A814401448149AE
:10AA2400979CFF1F938C4CF2130D8006EFA0EFE16F
:10AA340063C7A40011E085494E856F704F83338945
:10AA4400A40383A70C025E86D6853E994A85EFF05F
:10AA5400BFC219CDEFA06FE00544636B4501D286F8
:10AA64006286DA8513050903EFF07FDD11C185499C
:10AA740085046DBFEF621FFDC16441112A89014441
:10AA84009799FF1F938949EC130A8006FD1436C673
:10AA940032C42EC2EFA06FDB92452246B246634613
:10AAA400A400014541016F603FFD3305440383A7C2
:10AAB40009023E9509C683473500C18B9DC791C6DF
:10AAC4008347350093F707028DC3630699008357C4
:10AAD400E500639C27010357050001CB63E7E5000C
:10AAE40083478500BA97E3CFF5FA05044DB7EF62C3
:10AAF4007FF5C1642A8901449799FF1F9389C9E4AA
:10AB0400130A8006FD14EFA04FD46344A4006F60C1
:10AB1400BFF63305440383A709023E958357E50036
:10AB2400638897006304990063942701EFF07FAB77
:10AB34000504D1BFEF62BFEF89692A8AAE8A328BDE
:10AB4400B68B8144179CFF1F130C0CE0930C8006FA
:10AB5400314DFD19EFA06FCF63C4A4006F60FFF007
:10AB64003389940383270C028355CA015A863E997C
:10AB74004A85EFF07FB005CD814D05A03384AD0348
:10AB84008327090303D60B00D68533F6C9003E9408
:10AB94002285EFF07FC419E5850DEFA00FC9E3CF3F
:10ABA400ADFC31A02285EFF0FFA02304040085044E
:10ABB40055B7EF625FE84169AA8A014A179BFF1FF4
:10ABC400130B8BD87D19C14B054CEFA00FC8634400
:10ABD400AA006F60DFE993098006B3073A0383296B
:10ABE4000B02BE9983D7E900638C270163842A0191
:10ABF4006398570103A4890311E44E85EFF0DFC97C
:10AC0400050AE1B783570401639977079304C400E5
:10AC14002685EFA0DFF185452A8D2685835C040116
:10AC2400EFA07FEE2685EFB08F8162056185635FBB
:10AC340005028D452685EFA01FED89452685EFA0E9
:10AC44009FEC89452685EFA01FEC85452685EFA05E
:10AC5400DFEC83470500094793F7F7076398E7009C
:10AC640099452685EFA07FEBA30285014848337DF3
:10AC74002D01231894016A9548C40040B5BFEF62C2
:10AC84001FDEEFE0204E9797FF1F83C7E7B81775C5
:10AC9400FF1F130525EEA300F500EFD0207A8146AF
:10ACA4001306F00F81450145EFD0903A6F607FDDC8
:10ACB4001797FF1F130747A618439795FF1F83C5D0
:10ACC400A5B59797FF1F9387A7B3834687030346CA
:10ACD40097036397D5009797FF1F238FC7B282808E
:10ACE40083C587010347A7036317B6009797FF1F20
:10ACF4002384E7B2828003C687016317C70097974E
:10AD0400FF1F238BD7B0828083C6870113075002AD
:10AD14006319D700930760021797FF1F230EF7AE3E
:10AD2400828083C68701130660026315D6009307E9
:10AD34007002DDB783C7870155BF9797FF1F9387BD
:10AD440027ACD44B0947638EE606EF625FD1979434
:10AD5400FF1F938424A83E8483C70400918B95CB62
:10AD6400EFE040401795FF1F130545A7EFD0006D96
:10AD740081461796FF1F034666A881450145EFD01B
:10AD8400302D15CD83C70400ED9B1797FF1F2303B8
:10AD9400F7A48347040093F7F70F95C391471797D8
:10ADA400FF1F2329F7A6EFF09FEDEFF07FF0414658
:10ADB40091451795FF1F034525A5EFB020196F6036
:10ADC4005FCC8280EF62BFC98D474111630FF502EA
:10ADD400C5476304F5028547631EF5009797FF1F77
:10ADE400238EA7A2930500101795FF1F0345C5A145
:10ADF400EFB0400C41016F60DFC885471797FF1F14
:10AE0400230EF7A093050020C5B79797FF1F9387DC
:10AE1400279FD44B11476387E600EFE0A0349305E6
:10AE24000004D9B785441797FF1F2325979E83C72E
:10AE3400070032C62E8493F7F70FCDDF7D14137409
:10AE4400F40FEFE02032E3FC84FCB245994703C6DB
:10AE54001500E3F6C7FC09061795FF1F1305459C6B
:10AE64009760FF1FE78020D9930500081795FF1FFF
:10AE740003458599EFB000045DB7EF625FBE179795
:10AE8400FF1F1307E7974047184B1C409796FF1F77
:10AE940023AEF6966316E4001797FF1F232AF7964E
:10AEA400130584FEEF901FFB035564FFEF909FCEC4
:10AEB400EFA05FEE6F60FFBCEF627FBA9797FF1F52
:10AEC40093870794D84BDC4799C3EFF01FFB854762
:10AED4001797FF1F2320F7949797FF1F9387C78324
:10AEE4009C43930500021795FF1F0345E59183C713
:10AEF40087031797FF1F2301F792EFA0B07B6F60C2
:10AF04005FB89797FF1F23AFA78E8280EF623FB58C
:10AF1400A1451795FF1F0345258FEFB0C019A14523
:10AF24001795FF1F0345458E9794FF1F9384448D07
:10AF3400EFA0F07CDC4489E7EFF03FE06F607FB482
:10AF440003D567FFEF901FC52A847DD5D848914764
:10AF54006310F70291451795FF1F0345E58AEFB08B
:10AF6400801591451795FF1F0345058AEFA0307999
:10AF7400894703294401035404011797FF1F232B16
:10AF8400F788EFE0201E83C784012104420417756B
:10AF9400FF1F130525BE1777FF1FA30DF7BC61190B
:10AFA400EFD0C0494180814609469375F40F4A8524
:10AFB4009797FF1F23840786EFD0406211E9979784
:10AFC400FF1F83C7E79589C79760FF1FE7808085C8
:10AFD4002146A1451795FF1F03450583EFA0107770
:10AFE400B1BFEF62DFA793F7052001112E8481CB57
:10AFF400EFF09FEC1345042005616F609FA893F761
:10B004000510B9C79784FF1F9384847FDC48EFF051
:10B014003FCA1787FF1F13072770184383C784018C
:10B02400034787036316F700DC4499C3EFF0FFE49A
:10B034008547930500021785FF1F0345E57C1787A5
:10B04400FF1F2329F77CEFA0F066134504106DB7AA
:10B0540093F70508ADC79787FF1F83C7777CE91768
:10B0640019469785FF1F9385C57B1305D10093F47B
:10B07400F70F1789FF1F0349A97AEF00011F939760
:10B084000401C1831787FF1F1307077A231DF100EB
:10B09400231CF1009787FF1F938787763ACE3ACA1D
:10B0A400D8432306010009CBDC43931589015408D6
:10B0B4000D46E185680082971345040835BF93F770
:10B0C4002500A1CF9787FF1F93878773D84B8947A4
:10B0D4006304F7029787FF1F83C7C76F13F727001F
:10B0E40001EF918B89CF1306000A89451785FF1F4D
:10B0F40003458571EFA0906513452400F5BD97873E
:10B10400FF1F938767619C4383C787031787FF1FCC
:10B114002304F770EFF09FDFC5B793F7050291C7DB
:10B12400EFF0DFDE13450402C1BD93F7850091C73C
:10B13400EFF09FD813458400C1B593F7150091C76C
:10B14400EFF0BFBF1345140045BD93F7450091C709
:10B15400EFF0BFBE1345440045B593F7050485C31E
:10B164009787FF1F83C7C76981CBEFF05FB1914712
:10B174001787FF1F2320F76A13450404B5BD93F70F
:10B1840005010145E38A07E69787FF1F9387476711
:10B19400D84B9147631BF7029787FF1F93878763F9
:10B1A4009C4313D727008583D98F858B99E3EFD0F0
:10B1B400707B91451785FF1F03450565EFA0B06FB0
:10B1C40085471787FF1F2327F764134504012DB50F
:10B1D400EF62FF889787FF1F23AA07629787FF1FE5
:10B1E40023A8076285471784FF1F1304E4521787B7
:10B1F400FF1F2321F7621C4083C787031787FF1FA4
:10B20400230CF760EF905FEA21C19777FF1F23A714
:10B21400A7961C40170500001305E5DC83C78703C8
:10B224001787FF1F230AF75E1777FF1FA304F794FE
:10B234009787FF1FA386075CEFB0601C9787FF1FEB
:10B244002384A75C6F60FF83B7C7898E938767EDFC
:10B254001777FF1F2324F7926DBFEF625F80178774
:10B26400FF1F0347E759795441E39787FF1F9387EB
:10B27400275903C7170005079786FF1FA382E658BF
:10B2840003C717008D463377D7029786FF1FA3891C
:10B29400E65683C617001787FF1F1307E7471843AF
:10B2A40093F6F60FA9E6834787031787FF1F230545
:10B2B400F75685471787FF1F2304F7549787FF1F07
:10B2C400938747519C430144998B99EFC145178556
:10B2D400FF1F03456553EFA0904285451785FF1F67
:10B2E40003458552EFA0103D22856F608FF983C717
:10B2F400170085466395F600834797037DB7834718
:10B30400A70365B79787FF1F83C7874FB1C7EF624E
:10B314000FF585451785FF1F0345054F9787FF1FC9
:10B324002380074EEFA0B03D91451785FF1F0345CD
:10B33400A54DEFA0505891451785FF1F0345C54CF7
:10B34400EFA0F03BC1451785FF1F0345E54BEFA078
:10B35400703601456F60EFF279558280EF622FF00D
:10B364002A84035565FFEF90FF829787FF1F938719
:10B374002749D847BE840DEBEFA01FA19C4823208A
:10B3840004009DE79787FF1F23A487489787FF1F23
:10B3940023AE874689451785FF1F0345E546EFA081
:10B3A400703101456F60EFED630A87001843E1B720
:10B3B40080C39787FF1F23AD8744E9BF7955DDB765
:10B3C400EF62EFE99787FF1F9387C75588432326CA
:10B3D4000500232405005105EF8030326F606FEAC9
:10B3E400EF62EFE71784FF1F1304C4531C4041119D
:10B3F40089CF9C472302B5002AC61CC1EFF05FFC2D
:10B404001C409C4B99C33245829741016F606FE7A2
:10B41400EF62EFE44111444D328532842EC6EFA031
:10B424001F822AC42285EFA0FF8203A84400630C74
:10B434000800B245835744001840224683D545008E
:10B44400AA862685029841016F60AFE3EF622FE17F
:10B45400404D1DC408C0970500009385E5021305FF
:10B464004401EF80301C9787FF1F9387A74B9C43B1
:10B47400014589E79787FF1F23A6874A6F606FE01E
:10B484007D55EDBFEF62AFDD011168009305F00F4C
:10B4940002C602C802CA02CC02CEEFF07FF40561F4
:10B4A4006F602FDE9787FF1F9387C7479C43D8475A
:10B4B400A1679D076311F702EF626FDA011132850C
:10B4C400EFA0EFF7230AA10081456800EFF05FF1D8
:10B4D40005616F600FDB82809787FF1F9387874426
:10B4E4009C43D847A167938777036311F702EF6200
:10B4F4000FD701113285EFA08FF4230AA1008145F3
:10B504006800EFF0FFED05616F60AFD78280978729
:10B51400FF1F938727419C43D8479547631CF70235
:10B52400EF62EFD3011132853284EFA04FF1230A89
:10B53400A1002285EFA00FF283574400231BA10032
:10B5440081453ECC1C4068003ECEEFF07FE90561AA
:10B554006F602FD38280930785FF89CF8327C5FF30
:10B5640091CBDC4B81CBEF628FCF032585FF829794
:10B574006F602FD18280EF628FCE2A843285EFA054
:10B584000FECBD4763EBA70018449377F500034520
:10B59400B70041995D8DA305A7006F608FCEEF6260
:10B5A4000FCC01117C003ECAB70707003ECC7C00DB
:10B5B4003ECE5C4D8DCF2A8413858700AE84EF8008
:10B5C4001008A1652A899D054808EF80BFCF93051F
:10B5D400803EB345B902480893F5F50FEFA0CFDBE1
:10B5E400014781465008A6852285EF80FFED05615D
:10B5F4006F602FC9EF62AFC6EFF07FFA6F606FC85C
:10B60400EF62EFC501117C00AE843ECAA165B707A5
:10B6140007002A843ECC48087C00938575033ECEFF
:10B62400EF805FCA1C44480883C5B700BD89EFA0FA
:10B63400AFD6500801478146A6852285EF80DFE812
:10B6440005616F600FC4EF628FC12A84AE84EFF08E
:10B654009FF2A6852285EFF0BFFA6F608FC2EF627A
:10B664000FC0EFF0FFF96F60CFC1EF624FBF032946
:10B67400C5014111630409022A843285B284EFA012
:10B684000FDC2AC62685EFA0EFDC832749002A8633
:10B6940091C7DC4781C7B2452285829741016F601B
:10B6A4004FBEEF62CFBB444D81CC2A843285EFA0DC
:10B6B4006FDADC40AA8589C79C4799C322858297A3
:10B6C4006F602FBCEF620FB8032AC50141116303F9
:10B6D4000A062E89AA84954532853284EF809FBE5E
:10B6E40085452285EFA0CFC6AA89CA852285EFA009
:10B6F400EFCB83274A009DC7DC438DC72285EFA08B
:10B70400AFC383274A00104083564400DC437115BD
:10B71400A307A100B2961307F1004E86CA852685B9
:10B72400829701C52380090031A08345F100228559
:10B73400EFA00FC241016F602FB4EF624FB2657189
:10B744001C083EC2B70780013EC41C0832893EC6AD
:10B754002A84AE84EFF07FF14A85EFA0AFCF835700
:10B76400A10089CFAA8550002285EFF0BFF50147DB
:10B7740081465000A6852285EF801FD559616F60F0
:10B784004FB0EF622FAC65711C088329C5013EC21E
:10B79400B70780013EC41C082A84AE8432893EC6A1
:10B7A400EFF03FF0638409024A85EFA0AFCA8357E4
:10B7B400A100AA8581CF50002285EFF0BFF0014798
:10B7C40081465000A6852285EF801FD059616F60A5
:10B7D400AFAAEF62CFA865711C083EC2B70780010B
:10B7E4003EC42A841C0832853EC6AE84EFA08FC6B0
:10B7F4008357A10089CFAA8550002285EFF09FECE2
:10B80400014781465000A6852285EF80FFCB596110
:10B814006F602FA7EF62AFA4444D91E883474500C2
:10B8240093B71700B307F0403E856F608FA51845A6
:10B83400FD577DDB97070000938707032A845CCBC1
:10B8440097050000938565D113858400EF80805DA2
:10B8540080C003474400814761FB1787FF1F2325EE
:10B86400970CD9B7EF620F9E8329C50141110329B3
:10B8740085008147638B09080324090191452A8ABD
:10B884002285EF803FA485452285EFA06FAC8945D2
:10B89400AA8A2285EFA0CFABAA84EF805FA883A7F2
:10B8A40049002A8B9DC79C438DC72285EFA0CFA852
:10B8B40083A74900A306A1001040835644009C437B
:10B8C4001307D100B296D6851306E10052858297FC
:10B8D40009CD83570B002380F400A183A380F400D7
:10B8E40023800A00A306010029A88357E1002285CA
:10B8F4002380F4008345D100A183A380F400EFA04A
:10B904002FA58347D100B337F0000347B90092074E
:10B9140001453D9BD98FA305F90041016F60CF9587
:10B92400EF62EF9341111DE99787FF1F9387C7FFCC
:10B93400804305C80440130984009DC55C4099C731
:10B944009C4B89C726852EC68297B2459307803EB5
:10B95400B385F5024A85EF80C05821A0404DAA84E2
:10B9640079F841016F60EF914A85EF8000595C409E
:10B97400EDDBDC4BFDD726858297E5B7EF622F8E92
:10B984002A843285EFA0AFABAA852285EFF05FF958
:10B994006F602F8FEF62AF8C2A84AE84EFF01FFEAE
:10B9A400A6852285EFF0BFBF6F60AF8D0841335588
:10B9B400B50005898280EF628F8A1784FF1F130404
:10B9C400A4F81C5C0111231701008D83858BA3034C
:10B9D400F1008327040B231801002319010003D766
:10B9E400C7013ECA3C002314E1007D572315E10042
:10B9F4000357C4023ECC02CE2316E100EF802FF59C
:10BA04008357E101231EA10093F707E093E7171082
:10BA1400231FF1009787FF1F83C7A7F585C3054739
:10BA24000145638AE7008347840393E72700178768
:10BA3400FF1F2307F7F405616F60AF848147172761
:10BA4400010013076782854613067100854548087F
:10BA5400EF70E0506DF183478403F59B1787FF1F58
:10BA64002300F7F285471787FF1F2304F7F0E1B798
:10BA7400EF52FFFB978DFF1F938D0DED03A6CD06AF
:10BA840039712A8981478144930600023357F600AD
:10BA9400058B01C7850493F4F40F8507E398D7FE5B
:10BAA40083A70D0B231701022318010203D7C70133
:10BAB4003EDA3C102314E1027D572315E10203D73B
:10BAC400CD023EDC231901022316E10202DEEF80DF
:10BAD4000FE88357E103231EA102014593F707E012
:10BAE40093E71710231FF1029787FF1F83C767E8A7
:10BAF400A9EF9787FF1F83C7B7E83EC69789FF1F43
:10BB0400938989E40144014D9D4A054B954B178C5B
:10BB1400FF1F130CACEA978CFF1F938CACE903DA7C
:10BB2400C90563090A00EA85631459036685EFF0C1
:10BB3400FFE71DC1050DA1478909E312FDFE2DE0B4
:10BB44009787FF1F23AA07E6014521616F50FFF184
:10BB54006285EFF0BFE579DD3247B3878400E3F017
:10BB6400E7FE9C001306140006043E9413178A0093
:10BB740093578A00D98FC207C183A30EF4FCA18313
:10BB8400230FF4FC03A70D07B317AB01D98F178755
:10BB9400FF1F2323F7E263047601328461BF154457
:10BBA4009787FF1F83C7C7DC138717009786FF1F7C
:10BBB4002380E6DC93161400230EF100171701000E
:10BBC4001307876A814785067008CA854818EF708D
:10BBD4000039E34705F68347C10105451787FF1F71
:10BBE400A308F7D89787FF1F238527D9B9BFEF523A
:10BBF4007FE50111AA892E84EFD0EFA52A899784C5
:10BC0400FF1F938464D46399090A9C5C414793F7AA
:10BC140007036393E70A1787FF1F0347D7D58947AD
:10BC240063ECE70883A7040B231701002318010022
:10BC340003D7C7013ECA3C002314E1007D572315F6
:10BC4400E10003D7C4023ECC231901002316E1000E
:10BC540002CEEF80CFCF231EA100EFC06FD6835753
:10BC6400C101230FA100914613D78700A207D98FE2
:10BC74002312F1009787FF1F83D7A7D013D787001C
:10BC8400A207D98F2313F100171701001307475D8B
:10BC94008147500095454808EF70602C058893173C
:10BCA400240003C484036D985D8C9787FF1F238948
:10BCB40087CC05616F505FDCEF70507C1785FF1FE8
:10BCC400130585CCEF80602383A7040B9785FF1FA2
:10BCD40083D545CA03D5C701EF1000289787FF1FF6
:10BCE40083C707CA93F60702014789E61787FF1F30
:10BCF400035747C89786FF1F2396E6C81787FF1F79
:10BD0400130747C3184309CBC18B99C789451785C6
:10BD1400FF1F035525C602979787FF1F23AC07C44F
:10BD24009787FF1F238707C49787FF1F23A407C88C
:10BD34009787FF1F23A207C89787FF1F23A007C861
:10BD440083D7840393F7270C93E717001787FF1F04
:10BD54002318F7C283572903A18B99C3EF70E044DA
:10BD640011C49787FF1F23A307C0A1B78D47178767
:10BD7400FF1F232DF7BE1304803EEF90EFB0330571
:10BD840085029305400609C5EF900FB0B3058502FF
:10BD94001785FF1F130545BFEF80A01419BF9787B0
:10BDA400FF1F938767BAD85325C791C99787FF1F89
:10BDB400238107BC9787FF1F23A007C08280EF520F
:10BDC4001FCA83C7F70241112EC685071787FF1FB5
:10BDD400A303F7BA9787FF1F2397A7BA9D4717872F
:10BDE400FF1F2325F7B8EF902FA92A84EF90CFA83F
:10BDF400B24501E5EF904FA8AA85B305B440178575
:10BE0400FF1F130565B8EF80C00D41016F507FC758
:10BE140082809787FF1F938727B3D85331C7EF5288
:10BE24001FC403C7F70205079786FF1FA385E6B45F
:10BE340011CD8C5F0D470145898185899786FF1F48
:10BE440023A6E6B2EFF0BFDA6F50BFC38547930570
:10BE5400C0441785FF1F130525B31787FF1F23272A
:10BE6400F7B0EF800008CDB78280EF525FBF17872D
:10BE7400FF1F034707B08547631EF7009787FF1F1F
:10BE8400938787AC83C7870393C787001787FF1FF0
:10BE94002308F7AE1785FF1F130505AFEF80E005F4
:10BEA400EF809FFA99471787FF1F2321F7AC9787E5
:10BEB400FF1FA38207AC9787FF1F238C07AAEF906D
:10BEC400CF9A930740063305F5029787FF1F23A5F2
:10BED400A7AA6F501FBB9787FF1F83C767AAC18B91
:10BEE40099C7EF52DFB7EFF01FAD6F509FB9695597
:10BEF40082809787FF1F938727A5DC5381CBEF525E
:10BF04001FB68545EFF0BFCE6F50BFB7828017874D
:10BF1400FF1F130767A301468146BA852148631EA4
:10BF240006019DCA2390A60083C7850393E71700E3
:10BF34001787FF1F2306F7A405A08357C705631DB2
:10BF4400F502F8598547B397C70093C7F7FFF98FF0
:10BF54001787FF1F2324F7A69C5D9183858B85C7D4
:10BF64009787FF1F83C7E7A099EFEF525FAF1D4587
:10BF7400EFF01FB06F50FFB081E699E39306C70559
:10BF84000506090769BF8280EF52FFAA8605AA84C5
:10BF9400B309B500978AFF1F938ACAA1054B978BF3
:10BFA400FF1F938B6BA1214C639434039787FF1F6E
:10BFB400938787999C5F9183858B89CB9787FF1F94
:10BFC40083C7279B81E72145EFF09FAA6F503FAAC3
:10BFD40003DA0400630B0A041789FF1F1309C996C7
:10BFE4000144CA8C8357C905639D4703A2855685BE
:10BFF400EFF0DF9B11E5A2855E85EFF03F9B05C95D
:10C0040003A74C07B3178B00D98F1787FF1F23276C
:10C01400F79A83C78C0393E717001787FF1F230141
:10C02400F79605040909E31F84FB8904B5BF231EA1
:10C034000904C5BF1787FF1F0347A7938547631AE2
:10C04400F700EF52DFA1EFF05FE2EFF0DF966F5001
:10C054005FA38280814785451306000293861700FB
:10C06400B397F500E98F13F7F60F89E7B687E397DF
:10C07400C6FE01473A858280FD4785457D56B396C5
:10C08400F50013871700E98E1377F70F89E6FD177C
:10C09400E397C7FE01473A85828089E901473A85DB
:10C0A400828001473A8541016F50BF9DEF523F9B0B
:10C0B40041112AC62E852EC4EFF0DFF9A2457D1565
:10C0C4008547B397A700E39EF5FC32469377360085
:10C0D40099C3719A11069787FF1F9387A786944384
:10C0E4003E871788FF1F1308288589EA83270800DD
:10C0F4009107F19B9786FF1F23A6F68403258800EA
:10C104001843B307A700B3F7B702B387F540FD158B
:10C11400FD8D83274800AA95B306B600E3F3F6F82D
:10C12400E371D5F82E979787FF1F23ABD7803DDBAC
:10C134003A858145EF50BF952A87ADB71841977767
:10C14400FF1F9387677F23A4070098C35841D8C370
:10C154009777FF1F23A8077E8280EF52BF8EAA84A1
:10C1640001441779FF1F1309297E9309400EEF80BC
:10C174009FE06345A40001456F501F9033053403CD
:10C184008327090B3E958357C501E38797FE050472
:10C19400F9BFEF525F8A9779FF1F9389E97A3E844A
:10C1A400BA848347060003A7090041119D83058BC8
:10C1B4003D8F83C74401AE8A2A89F99BD98F238A8C
:10C1C400F4001C44B685231204001CC02285328A64
:10C1D40036C6EF90FF97B246D2853686EFF0E00878
:10C1E400DC4883A509000840858B56869D8DEFD0D9
:10C1F400BFD261E918407D55834757000347670064
:10C20400A207D98FC207C1872394F4006358F00AA8
:10C2140083C7440193F70703B5CBD048937716003F
:10C2240003A609001D8E9787FF1F9387A7A89C4329
:10C23400ADEB814641A003A70B0093172A00BA97E0
:10C2440018409443834757008345670033F65601EB
:10C25400A207CD8F6311F6028347370003464700D8
:10C2640003472700A207D18F4207D98FBD82B3F7B6
:10C274006701638AF604050AEF80FFCE420593172F
:10C284000A014181C183E3E8A7FA41BFA16A370BE0
:10C294000200014A977BFF1F938BCB78FD1A7D1B0D
:10C2A400E1BF83C7440113070003854693F70703DF
:10C2B400E391E7F8A2854A85EFD07FD641016F501C
:10C2C4000FFB6155E5BF7955D5BFEF52AFF79774B2
:10C2D400FF1F9384A44F9C40D9EF9777FF1F938748
:10C2E40027659C436399070CEF80FFC9930780027D
:10C2F4003305F5028945EFF05FDA41C99777FF1FEF
:10C3040023AAA76EEF803FC79307400E3305F502BB
:10C314009145EFF09FD835C99777FF1F23AEA76CDF
:10C32400EF807FBD01CDEF801FBD91450E05EFF07D
:10C33400DFD621CD9777FF1F23A2A76CEF80DFD52F
:10C3440011CDEF807FD5D9473305F5028945EFF04C
:10C35400DFD405CD9777FF1F23ACA768EF80BFC05C
:10C3640091450A05EFF07FD30DC19777FF1F23ABEB
:10C37400A76A014521A8EF805FCD930780063305A6
:10C38400F5029145EFF07FD101E565556F50CFEE91
:10C394009777FF1F23AAA75C0144130A8006177925
:10C3A400FF1F1309695AB14AEF803FCA6364A402AC
:10C3B4009C40E38407F2EF805FC99307A004330530
:10C3C400F5028945EFF07FCD69D19777FF1F23AF41
:10C3D400A76419BFEF807FC689450605EFF0FFCB40
:10C3E4004DD5B3094403032709024E9708CBEF80C8
:10C3F400DFC3330555039145EFF03FCA59D5832771
:10C40400090205041374F40FCE9788DB71BF977784
:10C41400FF1F93876753884705898280C167FD178B
:10C424006319F5009777FF1F9387075203A5070B3E
:10C434008280EF52CFE2EFF05FD26F508FE48147FA
:10C4440009C58347E501B337F0001777FF1F1307CA
:10C45400A74F18470983058B19C393E727003E8527
:10C464008280EF52CFDF2A84EFF07FFD8347E4011F
:10C47400AA851305940899E3130504039776FF1F0F
:10C484009386864C944213061502130784021305FF
:10C494009504EFD04FC76F50CFDEEF52AFDA9774E9
:10C4A400FF1F9384644A98442A892E840983058B48
:10C4B4009C4019C76314F5006380050E014401A272
:10C4C400E3FEA7FE1387A702E36AA7FE850763FCC2
:10C4D400A70883A9440BEF801FA2131635008145DA
:10C4E4004E85EF50CFDA9777FF1F23AF2745977715
:10C4F400FF1F23AD074449CC9C4493E747001777BB
:10C50400FF1F2327F7449777FF1F238B074A630FE7
:10C51400040C9777FF1F23A9274301440549EF80A3
:10C524009F9D6341A40AEF801FA093050006B3C535
:10C53400A502B7F73600938707E81775FF1F1305A1
:10C544006548416901449309400E7D19B385F5029C
:10C55400EF703019EF803FA2634FA4080145EF301C
:10C56400C0760544A9A86398A7029DE583A9440B56
:10C57400EF807F981316350081454E85EF502FD1FB
:10C584009777FF1F23A2273D9777FF1F23A0073C20
:10C594009C44ED9BADB785C51777FF1F0347474202
:10C5A4009307F005E3FCE7F021F8EF6010416DD14B
:10C5B4009C4493E707021777FF1F232BF738228544
:10C5C4006F508FCB83A7440B131534003E958357CC
:10C5D400050081CB8347250099C721468145EF504B
:10C5E4000FCB05042DBF23012501E5BF9777FF1F5E
:10C5F40023AE07340DBF3305340383A7040B3E95E4
:10C604008357C50163842701EFF0BFE5050499B79B
:10C61400EF52EFC4EF803F91130400063345A402A8
:10C624009774FF1F9384443283C784073E95137520
:10C63400F50F9777FF1F2385A7389307F00563E766
:10C64400A7020545EF306068EF80FF8D3345A402F3
:10C65400B7F53600938505E8B305B5021775FF1FD6
:10C6640013054536EF70F0076F50AFC19C44054584
:10C674008983858B81CBEF90EF9088408145EFF0E3
:10C68400DFE1DDB7EF306064C5B7EF52AFBB130431
:10C6940095082A8913069005A28513050503EFE082
:10C6A400D03C1306900581452285EF504FBE4A8544
:10C6B400EF30405B8144177AFF1F130AEA28930A7C
:10C6C4008002EF805F8C63C4A4006F50EFBA3384A0
:10C6D40054038327CA0A3E94035704008357C901AD
:10C6E4006317F702834744009DC3930964014546D9
:10C6F400CE8513055400EFE05037454681454E85FD
:10C70400EF50EFB8228523020400EF30805D8504EA
:10C714004DBFEF52CFB49777FF1F9387270B9C43EE
:10C724002A8491C70DC50355C501EFE08FC89777DB
:10C73400FF1F938727589C4389CBEFB0FFD88547C9
:10C744006315F5002285EF50E0616F508FB34165AA
:10C754007D15E1BFEF52AFB01774FF1F1304C41E61
:10C764004440938714001777FF1F2321F71EEF30EF
:10C77400E0641C448983858B9DE75840B7E7B0008B
:10C784009387075063F1E7020145EFF01F9D01CD48
:10C794000545EF803FFF084085450505EFF0FFCFD5
:10C7A4000145EFF01FF726856F50AFADEF528FA90B
:10C7B400A1642A8901449779FF1F9389A926FD144E
:10C7C400338AA500EF802FFA6344A4006F50CFAAE8
:10C7D40003A7090093172400BA979843658F42076B
:10C7E4004183634C2701635A470123800700A380D8
:10C7F400070023810700A38107000504E1B7EF5276
:10C804000FA383594500C547411163F537310441EE
:10C81400C1E533853401834785FF034795FF03480A
:10C82400B5FFA207D98F0347A5FFC20722073367C5
:10C834000701D98F0347C5FF0348D5FF2207336794
:10C8440007010348E5FF0345F5FF42072208336566
:10C85400A800498FB98F1777FF1F1307671A177836
:10C86400FF1F1308E81B3A85832807006384172BEE
:10C874001107E31B07FF1777FF1F1307671A1843F6
:10C884001318270042951CC10507A1473367F70217
:10C894009777FF1F23A6E71893F7350013974700F0
:10C8A40083474601C16B368993F7F7FCD98F3284ED
:10C8B4002E8A230AF600814A177CFF1F130CCC082A
:10C8C400FD1B977CFF1F938C6CF0177DFF1F130DCE
:10C8D400ED15EF804FEA63C7AA00E15426854101B4
:10C8E4006F50AF981308400EB3870A0303280C0B4C
:10C8F400B30DF800638E0D2083D7CD01638A7721B1
:10C9040083A70C00014B639707169777FF1F938744
:10C9140027029C436390071683C7040003C70D04D2
:10C9240093F7F707631BF71ACA872287CE862686F2
:10C9340093859D0613851D04EFF0BF85631F0518BD
:10C9440083D7CD01032709002320B4012312F40067
:10C95400FD572313F4008347170093F6F707834723
:10C96400D40093F707F8D58FA306F40093F7F707DD
:10C97400B337F000B307F0402307F40083471700F0
:10C984009D839396370083474401DD9BD58F230A0B
:10C99400F4008347370083464700A207D58F8346B8
:10C9A4002700C206D58F1CC883477700034787003A
:10C9B400A207D98F2315F4000D476304EA00BD5480
:10C9C40091DF93870710C207C1831307B00FBD54CB
:10C9D400E376F7F0EF802FD48144E31105F09776E6
:10C9E400FF1F83C66604938716001777FF1F230D66
:10C9F400F7021777FF1F1307E702231BD40093974F
:10CA04002600144303578400E175BE96A16713867C
:10CA1400F7FFB377C70098426D8FD98F9CC218482F
:10CA2400F18F3E07D98F9CC2EF80EFD39777FF1F1A
:10CA340083C787FF33F5A7029777FF1F2386A7FED7
:10CA440071BD9307A004B308FB0283270D00BE98B1
:10CA540003D7080083D7CD01631DF70083C7040003
:10CA640003C7880093F7F707630BF70083C7FD013B
:10CA74009DEB050BEF806FDDE345ABFC71BD93854A
:10CA8400980113859800CA872287CE86268646C6D3
:10CA9400EFF02FF0B24879F98347440193E7470058
:10CAA400230AF40071BD83C7040003C7980293F7F7
:10CAB400F707E310F7FCCA872287CE86268693857C
:10CAC400A8031385A802EFF0CFEC45F58347440192
:10CAD40093E72700230AF400C1B783C7FD018DCB78
:10CAE40083C7040003C79D0993F7F7076312F7028E
:10CAF400CA872287CE86268693852D0C1385AD0999
:10CB0400EFF02FE911E58347440193E7270049BF7C
:10CB1400850AC1B3FD54D9B3EF42FFF1797183544F
:10CB24004500AA8B2E84B28AEF80EFC6590563466E
:10CB34009504EF804FC6590542054181EF90E0020C
:10CB44002A8905CD2AC623180100EF80CFC45905D0
:10CB54002319A1006146814528089779FF1F93890D
:10CB6400A9DE4ACAEF40BFF22302810203A489006E
:10CB7400058819E44A85EF80307A45616F403FEFBC
:10CB840074003008D6855E85EFF07FC765F56800D0
:10CB9400EF80FFF9177AFF1F130ACA1183270A00CF
:10CBA400AA84035B010189CB89476397FA00835503
:10CBB40001025E85EF50A03403552102EF70CFD9F6
:10CBC40019E503552102EF700FE63334A0008347C3
:10CBD400C1021A042C0893F7F7FB5D8C6800230646
:10CBE4008102EF60505BE9576314F5028356E1025A
:10CBF4009777FF1F938707E39C431397260061767B
:10CC0400BA979843718F98C39777FF1F238ED7E005
:10CC1400831721026345F00085476396FA00B257F3
:10CC240093F7070CA1FBD247C2040347C102C1809A
:10CC3400BE9426C62318610113770703C147631CFA
:10CC4400F70083475102054793F7F707E384E7F2B8
:10CC5400EFB00FD735A892570544A18393F7F70790
:10CC6400E37AF4F0630507108347C1021307000257
:10CC740093F707036397E700EFB01F858547E31B2E
:10CC8400F5EE8347C10293F70703F9F3EFB00FE31F
:10CC9400AA8501460545EF80AF852A84E30C05EC9F
:10CCA4008347C102414793F707036384E70232478E
:10CCB4008347170093F707F8A300F700324792570A
:10CCC40083461700A18393F7F707FD17D58FA300B9
:10CCD400F70003560101B245130BC4005A85EF80D7
:10CCE400DFE9E24A130690058347C10283C4EA01DF
:10CCF400918BB384C40213851404569595C354448C
:10CD0400B3879A0083C7070403C70600137707F89D
:10CD14002380E600584483460700D58F2300F7009C
:10CD2400B25703A609008146858B1D8EDA85EFD0A4
:10CD34004FA415E9B25783A5090048441386940605
:10CD4400858B56969D8DEFD02F9D11ED83270A007C
:10CD540085EBB257054791838D8B6380E706A1CBA2
:10CD640009476382E7062285EF90CF8221B5EFB0B1
:10CD74006FD2E30B85EEEFB02FF5E31D85DEEDB545
:10CD8400EFB08FF485476309F5008347C10241473B
:10CD940093F70703E39FE7FA835521025A85EF507F
:10CDA400600145D983172102E355F0FA6DBFEFB056
:10CDB4006FCE7D15133515005DD50146814522855D
:10CDC400EF70DFFB4DB7EFB02FF0E5B7EF423FC98F
:10CDD4009774FF1F9384C4B82685EF807FF42A8458
:10CDE40019E16F401FCA1305C40005468145EFF0E1
:10CDF400BFD22285EF801FFAC5B7EF425FC641114B
:10CE0400AE842A8493079503130715019306F10052
:10CE140005466C00268523060100EFD00FC61DEDE4
:10CE2400A68541462285EFE040448347F1009305FF
:10CE3400140226852308F400EFD0AFCF05E19777DD
:10CE4400FF1F938727E79C4389EF130694049705F4
:10CE540001009385E5412685EFD0CFDB41016F408A
:10CE64005FC213069402970501009385E540268569
:10CE7400EFD04FDA79D9DDB7EF42DFBC9777FF1FE8
:10CE8400938747BA8043AE84B289368AAA8AEF80F0
:10CE94008F8D1316250081452285EF405FBF97775C
:10CEA400FF1F238307B89777FF1F9387E7A903A47E
:10CEB400070B13F714003E89230FE400CE8525C722
:10CEC40013059408EFF07FF301C555556F40DFBAA1
:10CED4008947A30FF4009777FF1F9387A7DD9C432F
:10CEE40003278900858093B7170086072300F4027F
:10CEF400231E54019777FF1F23A847A5858893779E
:10CF0400B7FF99C0936747001777FF1F2322F7A441
:10CF14002285930700061777FF1F2303F7AAEFF074
:10CF24004FD4014565B713050403EFF01FED45D554
:10CF340069BFEF42DFB2FD572310F500231105004E
:10CF4400231205002313050013062004814521053F
:10CF5400EF40FFB36F40FFB2EF42DFAE4111AA844E
:10CF640001441779FF1F130969AC9309A0042EC665
:10CF7400EF80AF8DB2456344A40061550DA0330525
:10CF84003403832709003E9583572500639CB7002B
:10CF94008357050063989700EFF0BFF901454101FD
:10CFA4006F409FAD0504E1B7EF42DFA99777FF1FFC
:10CFB400938707989C434111AA842E84B28903590C
:10CFC4002500C1C39777FF1F83D7C79A639B2707A1
:10CFD400EF70EF972A8903D5240093051002B30557
:10CFE400B40285472302F10093578900A302F1009C
:10CFF40093578500A303F10083D744002304A100C1
:10D00400254613D787002305F10083D76400A304C2
:10D01400E1004E8513D78700A305E1002306F10044
:10D024001387950093879501A105B386B400A6974D
:10D034004C00269723032101EFD02FA441016F4018
:10D04400BFA3EF70CF9051BFEF42DF9F4111AA847D
:10D0540001441779FF1F1309699D9309A0043AC677
:10D0640036C432C22EC0EF705FFE82451246A2461D
:10D0740032476344A400615599A0B30734030325E0
:10D084000900AA9703D8070003D5C4016310A804B4
:10D0940095E91DEE91CA03C6E40193051002330617
:10D0A400B60225063E9690C2014511CB83C6E40123
:10D0B40013061002B386C602E506B6971CC34101E7
:10D0C4006F409F9B03D52700E305B5FC050441BFD2
:10D0D40083C5E40113051002B385A502BE9583C57B
:10D0E40085002300B6007DB7EF42DF955C41411116
:10D0F4002A8403DA2700C167FD17AE843289630CE2
:10D10400FA002685EF805FA38D4763EDA7007D5568
:10D1140041016F407F962E85EF801FA29D47E3E279
:10D12400A7FEF5B75C40268583D54700EF807F993D
:10D13400835584002685EF80DF988D452685EF8012
:10D144001F97AA89EFF00FE1935705012380F90097
:10D1540093578500A380F9002381A9005840C16733
:10D16400FD178345A7006314FA0093E50508268597
:10D17400EF80FF979767FF1F9387877B9C43084047
:10D18400D9CF8347B400858BD9CB780034001306FC
:10D1940071008145EFF05FEB1DC98347B40018406F
:10D1A40093069005F99BA305F4008347E701B38731
:10D1B400D702B306F70083C60604A303D1009386FF
:10D1C400170493879706BA96BA9736C43EC617646F
:10D1D400FF1F130464771C440C4026858983858BC8
:10D1E4009D8D834771009E05DD8D93F5F50FEF80CE
:10D1F4001F901C44104022458983858BCA861D8E4E
:10D20400A685EFC01FD7E31505F01C440C40324639
:10D2140089838840858B9D8DEFC01FD0D5BD834702
:10D22400B40013079005F99BA305F4008347E501B7
:10D23400B387E7023307F50003470704A303E100BC
:10D2440013871704938797062A973E953AC42AC6EC
:10D25400BDBFEF422FFF032A45009307F00FAA84B6
:10D264000347AA00AE89328436896316F700EFB00B
:10D274004FB42305AA00938AC9000146D6852685A2
:10D28400EFF09FE62A8A21E51777FF1F130787A28D
:10D294001843DC4039C383C6A7000547638FE60201
:10D2A40083D547005685EF40F03005C9DC408397AD
:10D2B40047006354F00201CC1C4089C74A8681456B
:10D2C400014582975C4081C7CA85014582974E8596
:10D2D400EF805FAC52856F402FFADC4003D54700E6
:10D2E400EF609FE701E9DC4003D54700EF60BFF33F
:10D2F40081471DCD19C41C4089C74A868145014513
:10D3040082974E85EF805FA8AA851765FF1F1305D6
:10D314002565EF80BF9E11C45C4081C7CA85014565
:10D3240082971765FF1F1305E562EF60303A854762
:10D33400D84085460346A700E30BD6F803174700F9
:10D344006353E000C9F74A86A2854E85EF701FA398
:10D35400BDBFEF422FEFAA8401441769FF1F1309D1
:10D36400E96C9309A004130A9508EF701FCE634477
:10D37400A400014535A033053403832709003E95F5
:10D384008357250099E30504CDB70357050083D7D8
:10D39400C401E31AF7FE52868545EFF0FFC065D558
:10D3A4006F408FEDEF420FEAAA8401441769FF1F13
:10D3B4001309C9679309A004EF703FC96344A4002B
:10D3C4006F408FEB33053403832709003E95835761
:10D3D400250081CF83570500639997009305950233
:10D3E400130610022105EFD050680504F1B7EF428F
:10D3F4000FE70347E5012A848347F5016307B70074
:10D4040089E781452E856F40CFE7230FB400054798
:10D4140081C9E398E7FE8947A30FF4008545DDB78A
:10D42400638BE7020947E39FE7FC2285EFF0EFA552
:10D434009767FF1F9387C74F9C4399E79767FF1F21
:10D444009387C7389C4389C70355C401EFF09FF500
:10D45400A30F0400E1B755D6C9BFEF42AFDEEFA07A
:10D46400DFF785476312F508EF804FD61774FF1F67
:10D47400130444841C4081CBEFB00F8589476304B7
:10D48400F5001C4082979767FF1F9387674A9C4368
:10D49400B9CF82979767FF1F938747339C4391C304
:10D4A40082971764FF1F1304244A8327040B83D431
:10D4B400C701EF60DFC98327040BAA85144003C6A4
:10D4C400E7011C448983858B99C31366260026854E
:10D4D4004169EF40A0428144D9497D19EF70DFBB17
:10D4E40063CAA4006F404FD9EF806FD341B7EF7088
:10D4F4003F944DB7B38734030327840ABA9703D5FF
:10D5040027006308250103C6470183D50700EF40C0
:10D5140080408504E1B7EF42EFD201449764FF1FD6
:10D52400938484421309400EFD59EF70DFA4634FC6
:10D53400A40401449764FF1F9384044113098002E7
:10D54400FD59EF705FA4634CA40401449764FF1F6A
:10D554009384843F5949FD59EF701FB4634AA4046E
:10D5640097F5FFFF9385050B1765FF1F1305854589
:10D57400EF60500B97050000938585851765FF1FA5
:10D584001305453DEF60D0086F400FCF33072403E8
:10D5940083A7040B0504BA97239E370179B7330791
:10D5A400240383A7C40A0504BA972390370151BF03
:10D5B4003307240383A7840A0504BA972391370108
:10D5C40061BFD4410387350085473356F50263773D
:10D5D400E600A54899E7238006008280B387E70226
:10D5E400EDB73358F502038735003375F502B3D729
:10D5F400E7021307000363DA080103C605001307F3
:10D604007003118A19E21307700585064297A38FE8
:10D61400E6FEC9B718451C416376F7005C41BA972A
:10D624002380B7001C4585071CC58280EF422FC3A9
:10D634004111AA872E85B285368636C682976348FD
:10D644000500B246158D3335A0003305A0404101D5
:10D654006F402FC3EF420FBF056941112A8A23206F
:10D66400060001448149976AFF1F938AAA3E056B0D
:10D674007D1932C62EC4EF701F91AA84EF70BF8F3C
:10D684002695A24532466346A4004E8541016F406B
:10D69400AFBE03A70A0093171400BA9703D7070075
:10D6A4003377670101E71CC20504E1B703D707001C
:10D6B4009356D700858AE39946FF33772701E3150C
:10D6C400B7FEBE89D5B7EF428FB901112EC6B28419
:10D6D4003689EFB00FF72A84615501C8B24589E94C
:10D6E400232E040023200402014505616F406FB915
:10D6F400A1463008CA852685EFF05FF37DF5835790
:10D7040081010357A101231EF4008357C101231093
:10D71400E4022311F4028357E101D207D1832312D7
:10D72400F4028357E1011397370163560700FD574D
:10D73400231FF4005DBF231F040045BFEF428FB0D9
:10D744001764FF1F130444208327040B03D7C70166
:10D75400C167FD17630EF7109767FF1F9387C755BF
:10D764009C4381C70545EF40407CC1690149930A48
:10D77400400EFD19176BFF1F130BCB53EF70AFFF58
:10D78400634BA90E1767FF1F034787239307F00511
:10D7940063E4E702EF702FF993050006B3C5A50211
:10D7A400B7F73600938707E81765FF1F1305852130
:10D7B400B385F502EF60E07281451705000013059B
:10D7C4008520EF708F89EFB0CFE701CD0357C501F6
:10D7D40009CB0357E50111C78347050299C3EF60DD
:10D7E400E06EEFB04FE731C51767FF1F0347072A05
:10D7F4009767FF1F938787290DCF03C7170023045B
:10D80400E50003C72700A304E50003C73700230589
:10D81400E50003C74700A305E50003C75700230637
:10D82400E50003C7670083C77700A306E500230765
:10D83400F5001C4493E717001767FF1F232AF7100E
:10D844005C4085E7EF706FFB0DC1EF700FFB444048
:10D854002A89EF708FFA33F5A4025C40FD17CA974A
:10D86400898F1767FF1F2323F70E0145EF70FFAA67
:10D8740001456F406FA0B30459038327040BBE9482
:10D8840083D7C40163883703138A0403D28552857E
:10D89400EFF0AFD605E183C7F40199CF93859408DF
:10D8A4002E85EFF08FD509C9130690058145528561
:10D8B400EF40EF9D0509D9B583270B00268593B763
:10D8C400170086072380F402EFE0BFB9E5B7854768
:10D8D40063F8A7009307F5FFBE953305A040E98DD3
:10D8E4002E8582809841C167BA9713D707016304D4
:10D8F400A7009CC182804207998FE5BFEF422F9613
:10D9040041112EC63284B684EFB0EFD4E15701C979
:10D91400B24591E99767FF1F238A071681473E8521
:10D9240041016F400F969D461766FF1F130616169A
:10D93400A6852285EFF09FCFAA8775F105479766E4
:10D94400FF1F2385E614E1BFEF42CF8F411191E918
:10D954009767FF1F23AC07FE0144228541016F40F6
:10D96400AF91B68532858D467000EFF03FCC2A84A6
:10D974006DF58347D1000347E1001769FF1F1309C1
:10D98400A9FCA2074207D98F0347C100D98F1767A3
:10D99400FF1F232DF7FAEF704FE661D1EF70EFE52B
:10D9A40083244900AA89EF704FE533F5A402832745
:10D9B4004900FD17CE97898F1767FF1F2328F7F8B3
:10D9C40069BFEF42CF891C45AA8491CFD84B01CFC0
:10D9D40083D7470089CBEF609FA3AA8509C58844F4
:10D9E4006105EF6000509767FF1F938767F49C43BE
:10D9F400014489EF6F40EF889C4813171400BA97CD
:10DA040003D5070019C1EFE08FD00504EF70AFD341
:10DA1400E344A4FEC5B7EF428F84011185E9EF60AA
:10DA24001FEB01449767FF1F23AC07FA9767FF1F9B
:10DA340023AA07FA9767FF1F23A807FA9767FF1F10
:10DA440023A607FA228505616F40AF83B687328526
:10DA5400C9467000BE85EFF07FBD2A8465F5414656
:10DA64009305E1001765FF1F130585F7EFD0E07FED
:10DA74000355C100EF606FE9F1B78DE19767FF1FB0
:10DA840023A407EC9767FF1F938707EC9C47014586
:10DA9400ED9B1767FF1F232DF7EA8280EF323FFCCF
:10DAA4004111B685328595463000EFF03FB815ED4B
:10DAB400A2471767FF1F2329F7E89767FF1F93877C
:10DAC400A7E89447B24713F7B6FF13F6170019C235
:10DAD40013E74600858393F7F7079766FF1F23A98B
:10DAE400E6E61767FF1F230DF7EC41016F307FF95E
:10DAF400EF325FF503841500DC412A89AE84850783
:10DB04000387F7FF19C36340800C8387240091C700
:10DB1400635580007D14620461849C40370700FFD4
:10DB24000907F98F3707001009076392E70A63555D
:10DB3400800079146204618483C70400858B95E3B3
:10DB44009379F40F4E8A93178A01E187634AF008A8
:10DB5400A2876353040081473384F9407D1462042F
:10DB640061848385240081C54A85EFF0BFAA9C4067
:10DB7400370700FF0907F98F370700100907639A71
:10DB8400E706930500034A85EFF0DFA883C7040086
:10DB940093058005918B99E3930580074A85EFF0FF
:10DBA4007FA783C70400858B81CB1374F40F93176D
:10DBB4008401E1876347F004C04005048305F4FF52
:10DBC400A1E96F307FEB7D14620461840DBF3707D8
:10DBD40000080907E392E7F6E35080F67D1499BF45
:10DBE400930500024A857D1AEFF0DFA2137AFA0F3B
:10DBF40099BF370700080907E395E7FA930500037F
:10DC040071BF930500034A85EFF0DFA07D1471BF57
:10DC14004A85EFF03FA055B7EF327FE4EF70AFB61F
:10DC24002A84EF704FB5229589450605EFE0EFC6CB
:10DC3400E55711C59767FF1F23AEA7E081473E85CF
:10DC44006F303FE4930700026306F5005D1513355A
:10DC54005500828005458280EF32DFDE4111AA89BA
:10DC64002A89130419008304F4FF32C62EC42685BE
:10DC7400EFF05FFDA245324659E19307D00263926B
:10DC8400F408830404000548130429009377F6FE7E
:10DC9400C9E793070003639FF40E83070400130787
:10DCA400800593F7F7FD6399E70683041400414662
:10DCB4000904B70600806314080093C6F6FFB3FE98
:10DCC400C6028147254F654EFD5F33D3C6021387D5
:10DCD40004FD6368EF06BA8463D5C408630DF501D7
:10DCE4007D55636AF3006394670063C69E0005452F
:10DCF400B307F602A69705048304F4FFC9BF22897B
:10DD04008DB79307B0020148E392F4F8830404004A
:10DD14002A88130429009DBF01CA8947E31BF6F82A
:10DD240093070003E397F4F8830704001307200420
:10DD340093F7F7FD639BE704830414000946090481
:10DD44008DBF13E704021307F7F9636CEE009388A1
:10DD5400F4FB1307700363741E0113077005998C99
:10DD6400A5BF7D576300E50263040800B307F040D4
:10DD740091C519C19309F4FF23A035013E854101E2
:10DD84006F309FCFB687FDF5D5BF9304000315F21E
:10DD9400214605B719FE294629BFEF32BFCA011132
:10DDA40061540DC53284AE89414681453689EFF010
:10DDB400BFEA93140501C180639E09002685EF30F4
:10DDC400F02F014401C58145EF20901D2285056196
:10DDD4006F309FCA2285CD467000CA85EFF01F853B
:10DDE4002A846DF52685EF30702D09E90356C100AC
:10DDF4008345E1012685EF20901201C94146930530
:10DE0400E1001105EFD06046D1B75D54C1B7EF32E0
:10DE14007FC30111E15401CDB284AE8941468145ED
:10DE24003689EFF07FE32A846397090081442685CD
:10DE340005616F307FC42685D1467000CA85EFF036
:10DE4400EFFEAA846DF58357C100EDD3EF70EF990F
:10DE54004205931704014181C18363F9A702EFB01E
:10DE6400AFBE4204E14741803304F40241460C084A
:10DE74002A9413054400EFD0403F8357E100231157
:10DE8400F4008357C1002310F40055B7E55445B797
:10DE9400EF325FBB7971E15415C53284AE894146D6
:10DEA4008145B684EFF05FDB1319050113590901AD
:10DEB400639E09004A85EF40F069814401C58145AC
:10DEC400EFB04FB9268545616F301FBBA685930619
:10DED400300270002285EFF06FF5AA8465F54A855B
:10DEE400EF4050672A8411E54A85EFB02F952A84C4
:10DEF40031C58357C1002311240193096400231001
:10DF0400F4008347E1009305F10041462302F40045
:10DF14004E85EFD080351309740141469305F10114
:10DF24004A85EFD08034930554004E85EFC08FC6E8
:10DF3400930564014A85EFC0EFC569B7DD5459B74D
:10DF4400EF325FB0797111E5E154268545616F3098
:10DF5400BFB2B284AE89414681453689EFF0DFCF46
:10DF6400131A0501135A0A015285EFE02FCB2A84B4
:10DF74006398090071D98145EFB04FBC8144F1B772
:10DF84002685930610027000CA85EFF02FEAAA8452
:10DF94004DFD31C8B2479305D1004146858B230F0F
:10DFA400F400B24713050403858393F7F707A30F1F
:10DFB400F400EFD0802B41469305D101130594085A
:10DFC400EFD0A02A59B73304690383A70A0B3E9400
:10DFD4008357C401638337030509EF60DFF9E34422
:10DFE400A9FEDD549DB7C1690149976AFF1F938A51
:10DFF400AA95130B400EFD19CDB7231E440159BF3A
:10E0040049CDEF323FA44111B289AE8441468145E6
:10E01400368AEFF07FC4931A050193DA0A010149A5
:10E02400176BFF1F130B4B92EF60FFEC634AA900C1
:10E034000145ADCC81441769FF1F1309E99081A8FC
:10E0440083274B0B131439003E94835704006388D1
:10E0540057050509D1BF8327490B139434003E9417
:10E064008357040085E72310540191467000D2853C
:10E074004E85EFF0AFDB1DE9B24713978700E183CC
:10E084002183858B58C02301F4000DA08504EF6023
:10E094009FE6E3C2A4FC5D5511A861558280F1F4AA
:10E0A400214681452285EF309F9E014541016F3015
:10E0B400BF9C1971D2C4130AC10686CEA2CCA6CACB
:10E0C400CAC8CEC6D6C2B6D6BAD8BEDAC2DCC6DE96
:10E0D40052C463810524FD151C102ACC2ECA02CE1D
:10E0E4003EC89304B0021549A949830506001304E8
:10E0F40016009DE1F2465247E24763FBE620B697DD
:10E10400238007007245F6406644D6444649B64922
:10E11400264A964A09618280930750026386F50075
:10E124004808EFF02FCFF5A88357C100230701005B
:10E13400014593F7C70F2316F100814501480147B4
:10E14400014681469308D00213030003130E3002E4
:10E1540005048307F4FF99C7638C970463C3F4042D
:10E16400638BC70501CA0346C100858A799AD18E9B
:10E174002306D100630908008346C100098BF59A80
:10E18400558F2306E10019C12307B100138707FD4A
:10E194001377F70FA54663E2E6068146A5452945B0
:10E1A40035A0E38717FBE39F67FA0546FD564DB795
:10E1B4000545854571BF05487D5759BFB386A602FD
:10E1C40005048307F4FFBA96E206E18613F7F70F16
:10E1D400130607FD1376F60F63E5C500138707FDE5
:10E1E400F1BF1306F7F91376F60F636EC9021387AE
:10E1F40097FAE30537FDA306D1001307900663855C
:10E20400E704634BF706130780056384E70A634555
:10E21400F702E38107EE1307500293055002E381EE
:10E22400E7F02286D9B51307F7FB1377F70FE364FA
:10E23400E9FC138797FC75BF130730066386E70A6A
:10E2440013074006E39FE7FC03250A00A947A30739
:10E25400F100930A4A00635805009307D00233057E
:10E26400A0402307F1006C00EFF0AFB56C00480844
:10E27400EFF01F88568A75B713073007638EE706D9
:10E284006341F7021307F006638EE70413070007E0
:10E29400E399E7F80347C100136727002306E10069
:10E2A40009A813075007638BE70213078007E39A53
:10E2B400E7F6938787FA414793B71700A307E1006E
:10E2C400139727008347C100ED9BD98F2306F100E4
:10E2D400930A4A006C0003250A0079B7A947A307EB
:10E2E400F100FDB7A147E5BF83050A004808930A7A
:10E2F4004A00EFF02FB2BDBF83270A006C00480824
:10E304003EC8EFF0EFFE1C10930A4A003EC89DB7CA
:10E31400BA97FDB30145C5BBEF326FF42A88368541
:10E3240083464800BA8703475800A206D98E32872D
:10E3340017F60000130686F689E517F600001306A3
:10E34400A6F6BE85EFF0FFD66F30AFF39757FF1FE9
:10E35400938747739C4381CFEF326FF0D843B286E3
:10E364002E861847AA853E8502976F308FF1615536
:10E374008280EF32CFEE8357050039712A84231E41
:10E38400F100834745009305650041461305F101FB
:10E39400230FF100EFC0706D93057401414613051E
:10E3A400F102EFC0906C8356240017F600001306A8
:10E3B400E6F7E5450A85EFF0DFCF6C081306300277
:10E3C4000A85EFF0BFF821616F30AFEBEF322FE930
:10E3D40039712A849305050341461305D101EFC021
:10E3E400D0689305940841461305D102EFC0F06745
:10E3F4008347E4010347F4018356C401858B060770
:10E40400D98F17F60000130626F3E5450A85230E77
:10E41400F100EFF01FCA6C08130610020A85EFF032
:10E42400FFF221616F30EFE5EF32CFE137040001F5
:10E43400B70400FF0111814A1759FF1F1309C9507E
:10E444007D149389F4FF17FA0000130A6AF3EF604E
:10E454009FAA63C5AA0005616F300FE28327490BA9
:10E4640013973A003E978347370095CF5C43A30147
:10E4740007005286B3F687008247E5454800E58FDA
:10E48400D58F3EC083462700B3F73701858AE2065D
:10E49400D58F835607003EC0EFF0BFC111468A8571
:10E4A4004800EFF0BFEA850A5DB7EF324FDB014663
:10E4B4008145EFF0BFE96F30CFDC83576500638E91
:10E4C400071A1D71A2CCA6CACAC886CECEC6D2C4AB
:10E4D400D6C2DAC05EDE801013F717003289AA8430
:10E4E40031CBF99B2313F500EF60FFA406053D052E
:10E4F40041990A8BC16A3301A1408A8B8149014A3F
:10E50400FD1AEF605FA3634CAA0C7947930604FBE2
:10E5140017F600001306C6E5CA852685EFF0DFDF8F
:10E52400638F090C13961900DE85130504FBEFF0C5
:10E53400FFE15A8183D7640013F7270021CBF59BB1
:10E544002393F400EF603FA006053D0541998A8AB4
:10E554003301A1400A8B8149014AEF60DF9E634584
:10E56400AA0A6547930604FB17F600001306C6E0E3
:10E57400CA852685EFF05FDA6387090A13961900C6
:10E58400DA85130504FBEFF07FDC568183D7640042
:10E5940013F7470005CBED9B2393F40065479306DF
:10E5A40004FB17F60000130666DDCA852685EFF026
:10E5B400BFD69C4481C703D747003DEB130504FB3A
:10E5C400EFF0BFEE130104FAF6406644D644464920
:10E5D400B649264A964A064BF25B25618280DC44A2
:10E5E40013171A00BA9703D70700630857019397C4
:10E5F4001900DE972390E7008509050A19B713056A
:10E6040004FBEFF09FEA35B79C4813171A00BA973A
:10E6140003D7070019C793971900DA972390E700E7
:10E624008509050A1DBF130504FBEFF01FE8B1BF00
:10E634002314E4FA03D767008326C4FA2146520759
:10E6440051832315E4FA370700F0758F9447930537
:10E6540084FA130504FB92069182558F2326E4FA6B
:10E6640083C7770013F707018347F4FABD9BD98F5B
:10E67400A307F4FAEFF09FCDB1B78280EF32AFBBBE
:10E684001754FF1F1304442C0444797193F7F4FBCB
:10E694001757FF1F232EF72A93F70404A1C7858871
:10E6A400A1E097F900009389A9CDEF60DF8463DBD3
:10E6B400A4028327440B139934003E99835609001E
:10E6C40091CE4E86E5454808EFF0BF9E4808EFF02E
:10E6D400DFDD214681454A85EF306FBB8504F1B704
:10E6E400EFF09FD41C4413F7F7F79756FF1F23A1AD
:10E6F400E62693F707086397071E1C4413F7F7EF02
:10E704009756FF1F23A6E62413F707106318071E66
:10E7140018449377F7DF9756FF1F23ABF6229376BF
:10E72400072095C6058B630A072018408983858BCB
:10E734003ACA0347840715464C080607D98F17F5CC
:10E7440000001305A5C0230CF100EFF03FC01C44EA
:10E7540013F7F7BF9756FF1F23ACE61E93F7074046
:10E764008DC3835744000D464C08231AF100835788
:10E77400640017F500001305A5BD230BF100EFF0AD
:10E78400FFBC1844FD749387F47FF98F9756FF1FDD
:10E7940023A0F61C9317470163DF0700EFA06FEA7D
:10E7A40019C98356C5016391061A17F500001305AC
:10E7B400A5BAEFF09FCF1C447D777D177D8F9756C8
:10E7C400FF1F23A7E61813973701635A0702858BA7
:10E7D4006388071CEFA02FE81DC118458347E50097
:10E7E4001D463ACA0357C5004C0817F50000130527
:10E7F40025B7231CE100230DF100EFF03FB51844C9
:10E80400F977FD17F98F9756FF1F23A3F614931773
:10E81400270163D90700814517050000130525CAA0
:10E82400EF60AF831844E177FD17F98F9756FF1F08
:10E8340023A0F6129317070163D30702EFA0DFA00A
:10E844002A84814417F90000130909B2EF60EFF933
:10E85400939704014205C183418163EAA71445618A
:10E864006F30EFA083A70A0093141900BE9483D7D6
:10E87400040033F767011DCF1396170133F77701AF
:10E88400B3F637016352060417F60000130606AA0E
:10E8940009E717F60000130626AAE5454808EFF035
:10E8A4005F814808EFF07FC083D70400B3F74701C6
:10E8B4002390F4000509EF600FEDAA84EF60AFEB3D
:10E8C4002695E341A9FA15BD368519C7EF4080485E
:10E8D40061DDEFF01FAAC9BFEFD05FB471D5EFF0CF
:10E8E400FFAED9B785697D7A0149975AFF1F938A8C
:10E8F4006A16056B896BFD197D1A75BF858B9DC7DB
:10E90400EF50FF84231AA10041469755FF1F9385BA
:10E91400250D13056101EFC0501549464C0817F544
:10E924000000130525A2EFF07FA2DDB317F5000068
:10E93400130545A1EFF07FB7E1BB17F50000130500
:10E94400E5A0EFF09FB621B50357E501C177850730
:10E954003E978357A101FD14133717003207E58F43
:10E96400D98F231DF100231AD100835605020357C2
:10E9740025022146231BD100231CE1000357450235
:10E984008566FD16758FFD76F58FD98F4C0817F5C2
:10E9940000001305659C231DF100EFF03F9B21BD92
:10E9A40017F500001305C59BEFF03FB089BD5C4827
:10E9B40013F7E7FF58C8858B89CFA6864A86C945D1
:10E9C4000A85EFF00FEF8357040099E70A85EFF00B
:10E9D400DFAD850461049DBD231AF1008357240033
:10E9E4009305440041462808231BF100EFC0F007BB
:10E9F40051464C080A85EFF07F95E1BFEF322F8630
:10EA040085473395A7009757FF1F9387E7F39C47E4
:10EA1400411181455D8D9757FF1F23ABA7F2937773
:10EA2400057085E393576500858BA1CBC1679387F8
:10EA340007887D8D05EDEF604FDD9305803EB305BE
:10EA4400B5021755FF1F130525012EC6EF50203FB1
:10EA5400B24519C16349B50085C51755FF1F130594
:10EA6400A5FFEF50004841016F30AF81EF60EFD94F
:10EA74002A84EF608FDAE360A4FCEF600FDA75BFDD
:10EA84000145EFF0BFBFC5B7EF227FFD7971AA86BC
:10EA940001441759FF1F130929EB36C6EF60AFC5B0
:10EAA400B246635CA4028327490B93143400BE94DA
:10EAB40083D704006396D70285C617F600001306B1
:10EAC400268CE5454808EFF0CFDE4808EFF0FF9DBF
:10EAD400214681452685EF209FFB45616F207FFA03
:10EAE400050465BF19C223200600814701C59306AA
:10EAF400D00389E53E858280850505058387050069
:10EB04000307050099CF6394E700E397D7FE814795
:10EB1400D5B79306D0038547E30ED7FC9337170088
:10EB2400D1BF9307F002E316F7FE854761D60505CA
:10EB340008C2C9B799C123A0050081470DC11308B4
:10EB4400D0031306F0023307F5008306070081CAD9
:10EB5400638706016397C60099C1050798C13E857E
:10EB640082808507CDB731C9EF22FFEC41112E8A8F
:10EB74006C002A89368BB28A97E40000938404746B
:10EB8400EFF05FFB2A8C0144A689B14B8840628672
:10EB9400CA85EFC0301001ED0E044E945C4032453E
:10EBA400DA865686D285829741016F205FEC050490
:10EBB400A104E31D74FD6155C5BF7D55828099E5AF
:10EBC40061558280615505616F201FEBEF229FE73D
:10EBD4002E8A2A8401118145B28452854146BA891C
:10EBE4003689EFF06F8793150501C1811376F50F10
:10EBF400A1812285EF503FC22A8469D552854C08F1
:10EC0400EFF05FF3524A2A8BE30E0AFA2A8697E55D
:10EC140000009385E5755285EFC0D007AA8A0DEDF3
:10EC24007D5AEF604FB163C5AA0099E8014561BF01
:10EC34005C4413971A00850ABA9723904701D5B705
:10EC44004C442EC6EF602FAFB245131615004E8507
:10EC54000299E34DA0FC85BF5A8697E50000938591
:10EC6400A5715285EFC010030DE1032A0401EF6082
:10EC74008FAD1316150081455285EF205FE1DDD479
:10EC84000C482EC6EF602FACC1B75A8697E500003A
:10EC94009385C56E5285EFC0E07F41E11C44A5CF4A
:10ECA40081ECD443370700E0758F9447D8C3370706
:10ECB400001F758F98C701BFA1463008CE854A85CD
:10ECC400EFE0DF96E31105F01844835781017D7668
:10ECD4002312F7008357A1019396470183576700D6
:10ECE400D182F18FD58FF2467D767D16F182858AA9
:10ECF400B206F18FD58F2313F7008347E1018356C2
:10ED0400C1012305F7008347B7002314D700FD8B07
:10ED1400A305F7004DBD7D557DB55A8697E50000E6
:10ED2400938545595285EFC0E076E31D05E81C4CF8
:10ED3400E38A07E89C43E38707E8CE864A86A685EC
:10ED44002285829749B5EF229FD13687B2862E86D7
:10ED5400AA850545EFF0BFE66F20BFD2EF223FD072
:10ED64003687B2862E86AA850145EFF05FE56F20CF
:10ED74005FD1EF223FCD411199C123A005009757E0
:10ED8400FF1F938727CF804381441DC82E89AA89FA
:10ED940031141DC40C4070004E85EFF0BFD419CD62
:10EDA40081E8A284630C0900B2472320F90039A04A
:10EDB4008C4008400146EFF0FFD265F5404869F801
:10EDC400268541016F205FCB184111CBEF223FC94B
:10EDD400AE873E85B285368602976F209FCA355529
:10EDE4008280EF22DFC78357C50013D70501C20510
:10EDF400B387E7021841C1814849BA95BE95EFF03F
:10EE0400BFFC6F201FC8584111CBEF225FC5AE87EE
:10EE14003E85B285368602976F20BFC635558280FF
:10EE2400184509CBEF22BFC3AE873E85B285029752
:10EE34006F203FC5355582805C4599C7EF223FC29C
:10EE44002E8582976F20FFC335558280EF229FBFA6
:10EE540083290500035AC5002A844849AE848145A4
:10EE6400EFF09FFD2A890DE193D50401B385450395
:10EE74000356C4004848CE95EFF09FFA2A8909E565
:10EE840048488545EFF05FFB4A856F20FFBEEF22BF
:10EE94007FBB2A890441035BC500484979712E84EC
:10EEA4008145B28A368AEFF03FF941E19359040172
:10EEB400B3896903420441802694A2990344090159
:10EEC400330480403374440111CC03254901A286E4
:10EED4005686CE85EFF03FF3AA8431E1330A8A40A7
:10EEE400A299A29A8144630C0A025286D685080824
:10EEF40003244901EFC06037834609011C089305C8
:10EF0400F00F338646413385470136C6EF203FB8BC
:10EF1400B2461008CE852285EFF0FFEEAA840325C1
:10EF240049018545EFF05FF1268545616F20DFB427
:10EF3400EF22FFB22E864C41A1462A84EFF03FF522
:10EF4400AA8403450401A145EFE07F985C40338522
:10EF5400A74048C026856F20DFB2814797E60000AE
:10EF64009386C6326393C70082803387F5000347D4
:10EF740007008507398D1357450036970347070067
:10EF84001205398D1375F50F13574500369703474E
:10EF940007001205398D1375F50FE9B7EF223FAC61
:10EFA4002A84AA851D461305F00FEFF01FFB834743
:10EFB40074003385A7403335A0006F209FACEF2247
:10EFC4001FAA4111A1463000EFF0BFE109ED03573C
:10EFD4008100C167FD1705456317F7002800EFF0AE
:10EFE400FFFB3335A00041016F20BFA9EF229FA58D
:10EFF400AE848C4141113684A1462A89034A050115
:10F00400EFF03FDEAA8921ED5285A145EFE03F8C68
:10F014009C400357C9002A8AAA97939607019CC06B
:10F02400C182098F639DE602C16513D70701B385C9
:10F03400B74011E78355E900FD15C205BE958CC0A4
:10F044001DC05C404177AD8FF98F91EFF98D8CC075
:10F054005C403E9A420A135A0A01D2958CC04E85EE
:10F0640041016F207FA1A1460A864A85EFF07FD730
:10F07400AA8975F50A85EFF07FF209C5832749004F
:10F084009CC0F1BF0357C900835721008040330758
:10F09400474163DBE70033FA470363170A0041770C
:10F0A400798C3E9480C065BF03450901A145417A2E
:10F0B400EFE0FF81098CAA8A80C0337A4401417B46
:10F0C40063648A00814961BFA1463000A2854A85F4
:10F0D400EFF03FD1AA8941F52800EFF03FEC11E9A8
:10F0E4008357A1000357C100337A6A0180C0BA97DD
:10F0F4003E9A33045441E9B7EF227F962A84AA85C5
:10F104001D461305F00FEFF05FE5A303A4006F2085
:10F114005F97EF225F922A84034505015D712E8A71
:10F12400A145EFE0CFFA5C402A8B0355E400417916
:10F13400B3F727016C003EC6EFE0CFFA8355C40055
:10F14400B247A1463008BE95B385654122852EC8D5
:10F15400EFF03FC9AA84634B05002808EFF01FE4D1
:10F1640011C9B2452285EFF07FCEAA84268561615C
:10F174006F20FF8FC2470357A101C17C338B6741C6
:10F18400B3F72701BA973EC8814610100C082285B0
:10F19400424CEFF0BFE5AA8471F90810EFF01FE0CC
:10F1A40025ED5C403ECAD28630104C082285524977
:10F1B400EFF0DFE3AA845DF94440638C2401035734
:10F1C4008102835701026316F7002810EFF01FDD58
:10F1D40001C5D247E399F4FC63102C05835741021F
:10F1E40085CF83572102B37B9C010810BE9B1C442E
:10F1F4002311F102EFF05FF083490401835A4102C5
:10F20400B309304193F90902639B0A000C1022856B
:10F21400EFF01FD2AA8439F9E3188BF799B74E8916
:10F2240063F33A015689CA861018DE852285EFF009
:10F234005FBBAA8405FD630909000C44CA86101843
:10F244002285EFF0DFC4AA8403450401CA85EFE0F8
:10F254000FE81C443E9508C4E39A04F0B38A2A419B
:10F26400CA9B5DB7EF220FFE411191E5FD5426853F
:10F2740041016F207F80C44983D725014CC904C153
:10F284002316F50003C705012A842317E50003C5E7
:10F29400150193160701130700022308A400C18275
:10F2A400E366A7FCE1D7B3E4F402E9F08547E3FFA2
:10F2B400D7FAA145EFE0AFE1AA89014A0149835792
:10F2C400C400931509012285BE95B38535412EC22C
:10F2D400EFF0FFCE19ED0355E4004C00050AEFE012
:10F2E4006FE09245420A2285135A0A01EFF03FCD9E
:10F2F40009E905098357E400420913590901E36048
:10F30400F9FC8357E40063944701D1548DB76394A7
:10F3140027039245A1463000B38535412285EFF09D
:10F324005FAC35E12800EFF07FC711C50355E40059
:10F334004C00EFE02FDB9247C17A3387374158C046
:10F344004177F98F1CC44C401C4463EEF500A14680
:10F3540030002285EFF0FFA81DE52800EFF01FC460
:10F36400032A44001DC15C400355E4004179B3F70E
:10F3740027014C003EC2EFE0EFD692452285EFF024
:10F384001FC4635C0502AA84DDB512450359A100BC
:10F39400035BC10033F5AA002A9903450401DA8509
:10F3A400EFE0EFD24A9508C46314450163140B04DB
:10F3B400330A3A412322440179B709C58547A30892
:10F3C400F40075B54C402285EFF05FA84DFD484030
:10F3D4008357C40086093375A9003E95330535412A
:10F3E40048C03375250108C481452285EFF07FD2DA
:10F3F40071D551BF4D5541BF83471501D1CFEF2280
:10F404008FE32A840345050141112E8AA145BA8957
:10F414003689328BEFE0AFCB8357C4000605898F62
:10F424007D5563E827075C4081443EC28146300035
:10F434004C002285924AEFF07FBB21ED835B810073
:10F4440063994B012800EFF07FB501E58504C20400
:10F45400C18058409247630BF702E3F999FC835645
:10F46400C10061559DC663E63403C175B3FABA00A1
:10F474006373D900CA868355A1005A862285D6951E
:10F48400EFF03F9619E50355C10021A06155E388CB
:10F494004BFD41016F20AFDD49558280EF222FDC07
:10F4A4000147EFF07FF56F20CFDDEF224FDB328491
:10F4B400B2862E86835545000841EFF03FFE635324
:10F4C40085002A8422856F20CFDBEF224FD6834725
:10F4D40015015D71C954A5CB834D05012EC62A843F
:10F4E400A1456E853689328AEFE06FBE0D4733073A
:10F4F400E5028357C400AA8BFD54998F63E5270561
:10F504006304090063010A045C403ECE8146101086
:10F514006C082285724DEFF07FADAA8945ED8357C3
:10F52400010232476397E7000810EFF03FA7630733
:10F5340005145840F247E31BF7FC8144631B0900A0
:10F5440019A0814499E7268561616F200FD2E35C9D
:10F55400A0FECA856E85EFE08FB7014C11C55E959C
:10F56400131C0501135C0C01814D417B130D4400F8
:10F57400FD5C8357E4006381B7111C445440330796
:10F58400FC0063EBE60432472315F1022810FD5713
:10F594002314E102231621032307F102EFF0DFB560
:10F5A400630909000C44CA8652862285EFF03F8E17
:10F5B400AA8903450401CA85EFE06FB11C443E9556
:10F5C40008C4639909002C102285EFF07F96AA895C
:10F5D400CA8435D9CE8485BF6146A28508189710A0
:10F5E400FF1FE780406144400355C400A145B37444
:10F5F4009B00AA9403450401B3847441EFE02FAD4A
:10F604003385A44048C00355E400EA85EFE08FAD9C
:10F614005C400C182285B3F767011CC4EFF07FAF80
:10F62400AA8415F103450104A145850DEFE02FAA35
:10F63400D25723149103231601023387A7002315FD
:10F64400E1020357C103B3F76701BA97898F281002
:10F654003EDAEFF07FAA2C100818EFF07F8DAA8411
:10F664000355E1034C18EFE0EFA7D257B3F7670156
:10F674003EDCE38004F0C1BDC154F1B583574102BF
:10F68400E30109ECE39727EDC177034C0401B37759
:10F69400FD00035D2102330C8041137C0C023E9D6E
:10F6A400D28ACA8C628B63F38C01668BDA8610185B
:10F6B400EA852285EFF0EFF2AA84E31A05E85A8678
:10F6C4000C185685EFB01038AA84E31405E8B38CFF
:10F6D4006C415A9DDA9AE3970CFCB5B5EF222FB82A
:10F6E40081460146EFF07FDE6F20AFB9638C050ED3
:10F6F400EF226FB45D71054D19C213BD1600035995
:10F704000502B68B328B05094209135909012E8A69
:10F714002A84CA89216C930A8500E15C9304F9FF69
:10F72400C204C180638F84059306A0045000A6859B
:10F734005685EFF0BFD66357050063139501A6897C
:10F744002689E9BF9C083E95230A05FA4C00528598
:10F75400EF206FBE75F563040D08835704026395AB
:10F7640097089387F4FF2310F402894613060402D2
:10F77400A1655685EFF07FD56358050661616F205A
:10F784000FAF0145E31C0DFE0549B1675D55E387E5
:10F79400F9FE9165CE9593048400C205DE865A86EF
:10F7A400C1812685EFF07FD2630D09005285EFB049
:10F7B400504DAA865286CE852685EFF01FD1E34FA1
:10F7C40005FA8357040263FF370323103403894681
:10F7D40013060402A1652685EFF03FCF25A0A68974
:10F7E400014965B77D558280A6855685EFF01FEFE8
:10F7F400E34605F89165FD15CA95C205C181568594
:10F80400EFF0DFEDE35CA0F601458DBFEF22AFA280
:10F8140003540502916A1D71050442042A89AE89C4
:10F824004180A16B130A8500FD1A130B0502930492
:10F83400F4FFC204C180639D7405916B2164130AB3
:10F844008900850B170C0000130C6CC68357090242
:10F8540093041400C204C18085076383F40E5E948C
:10F864009306A0045008A68552854204EFF01FC3F6
:10F874004180AA8A854613067100A2855285EFF05D
:10F88400FFC12A8B634750076347A00626847DBFC8
:10F8940056949306A0045008A68552854204EFF0BE
:10F8A400FFBF41802A8C854613067100A2855285CC
:10F8B400EFF0DFBE634C8003E351A0F883570902E5
:10F8C400E39D97F69387F4FF2310F90289465A863D
:10F8D400A1655285EFF07FBFA6855285EFF01FE04A
:10F8E400A2855285EFF09FDF268491B7E358A0FCF0
:10F8F400A9B7634BA000A6855285EFF03FDEA28531
:10F904005285EFF0BFDD59B79C10BE9A238A0AFADC
:10F91400639109022C004808EFF0AFC525D91C45B6
:10F92400224552C62318810074006286DA858297C4
:10F93400B1BF0146CE854808EFF0CF9A61FDB9B753
:10F94400014525616F20AF92EF226F919747FF1F0A
:10F95400938747128043814409C42A89311481441E
:10F9640001E426856F20EF91631809005C4481EF60
:10F97400404865D83114EDB708400146CA85EFF018
:10F984006F966DF5F5B78297E5F4AA84D5B7EF22A3
:10F994000F8D9747FF1F9387670E8043AA8409EC56
:10F9A4002685EFF07FFAAA840144EF50CFD4636C2C
:10F9B400A40026856F20EF8C5C402285A6859C439D
:10F9C40082970040E9BF05041374F40FF9BFEF22D6
:10F9D4000F890145EFF0BFFB6F20AF8A9747FF1FE8
:10F9E4009387C70923A0070023A207008280EF2280
:10F9F4000F879747FF1F9387E70723A0070023A2DA
:10FA04000700EFF0BFFD6F20CF87EF224F85411134
:10FA1400130985002A84EF500FEAAA854A85EFF07E
:10FA24007F84AA8419ED89461306E100A1654A85FD
:10FA3400EFF0DFA6E177634405008357E10023106C
:10FA4400F402268541016F20CF839747FF1F9387D8
:10FA5400E70290430147B28691EE05E3DC4310C10F
:10FA64001747FF1F232CA70085EF9747FF1F23A9E4
:10FA7400A700828036879442C5B7144385E2DC43ED
:10FA84002320050091EB9747FF1F23ABA7FE974761
:10FA9400FF1F23A5A7FE828088C3C1BF14C108C36A
:10FAA4008280EF12DFFB1744FF1F130464F82285E2
:10FAB400EFF0BFF5AA8405E517E9000013090986EC
:10FAC40022859747FF1F23A727F7EFF01FF89747D3
:10FAD400FF1F23A127F79747FF1F23A587FA268532
:10FAE4006F103FFA9747FF1F83C707FA795599EFBD
:10FAF400EF12FFF6EFF0BFEFEFF0BFFA11E5854725
:10FB04001747FF1F2302F7F86F10BFF78280EF1229
:10FB14001FF59747FF1F9387E7F580432A89BE8423
:10FB240019C0311415E0D840232A0900930749016C
:10FB340005E71747FF1F2321F7F41747FF1F232B60
:10FB4400F7F201456F10FFF30C4003250900EF1095
:10FB54009FFE09C94048E9B71CC31747FF1F232D5F
:10FB6400F7F0C5B75955F9BFEF127FEF97F5FFFFCF
:10FB7400938505B11745FF1F130505EEEF40802A55
:10FB8400EFF05FF61725FF1F1305C500EFF03FF8F0
:10FB94006F103FEFEF12BFEC8357650093E7170038
:10FBA4002313F5003545EFE07FE56F109FEDEF126D
:10FBB4001FEB8357650093E727002313F5003545B2
:10FBC400EFE0DFE36F10FFEBEF127FE98355C50130
:10FBD40001112A840A860145EFD0DFA719C983578A
:10FBE40005001167D98F2310F5001D45EFE01FE1D3
:10FBF40005A002478356C40119EF17D60000130667
:10FC0400A673E5454800EFE0CFCA4800EFE0FF895E
:10FC140005616F101FE793974601835607007D76B1
:10FC2400D183F18EDD8E93D7860093F7F7082310E6
:10FC3400D70093E70705A300F70045BFEF123FE2A3
:10FC44002145EFE0BFDB6F10DFE3EF125FE12145F9
:10FC5400EFE0DFDA2545EFE07FDA3145EFE01FDA48
:10FC64006F103FE2EF12BFDF8355C50141112A84B3
:10FC740070000145EFD01F9E01CD835705007177B9
:10FC84007D17F98F2310F5001D45EFE03FD731A014
:10FC9400B24699E62285EFE06FF341016F107FDEF3
:10FCA4008357C4017D761397470183D70600518398
:10FCB400F18FD98F13D787002390F6009377F70835
:10FCC40093E70701A380F600C1B7EF125FD92A8436
:10FCD4002545EFE0BFD201E42945EFE03FD26F10A4
:10FCE4005FDAEF12DFD78355250041112A847000B3
:10FCF4000545EFD03F9601CD8357050071777D17F9
:10FD0400F98F2310F5001D45EFE05FCF31A0B24617
:10FD140099E62285EFE0EFE541016F109FD6835706
:10FD240024007D761397470183D706005183F18F12
:10FD3400D98F13D787002390F6009377F70893E7BA
:10FD44000703A380F600C1B7EF127FD183552500C6
:10FD540001112A840A860545EFD0DF8F19C983571C
:10FD640005001167D98F2310F5001D45EFE01FC969
:10FD740005A002478356240019EF17D60000130686
:10FD8400E65AE5454800EFE0CFB24800EFE0EFF176
:10FD940005616F101FCF93974601835607007D7648
:10FDA400D183F18EDD8E93D7860093F7F708231065
:10FDB400D70093E70707A300F70045BFEF123FCA38
:10FDC400EF50AFA311E52945EFE05FC36F107FCB80
:10FDD4009747FF1F938747B7C043EF500FA2337570
:10FDE400A40275D1E5B7EF129FC72A84EF50AF91F3
:10FDF40085476307F500A301F4001945EFE01FC030
:10FE04006F103FC8EF12BFC5EF50EF8F85476305F2
:10FE1400F5001945EFE09FBE6F10BFC6EF123FC457
:10FE24003D45EFE0BFBD6F10DFC5EF125FC38357E1
:10FE3400650093E747002313F5003545EFE01FBC49
:10FE44006F103FC4EF12BFC13145EFE03FBB6F10ED
:10FE54005FC3EF12DFC02D45EFE05FBA6F107FC2C2
:10FE6400EF12FFBF8357250079712A842314F10010
:10FE7400834745019305450041461305A100230D21
:10FE8400F100EFB0803E8356040017D6000013063D
:10FE9400263FD1456808EFE0CFA12C004D46680805
:10FEA400EFE0CFCA45616F10DFBDEF125FBB835631
:10FEB4000500011117D600001306863CD1456800E1
:10FEC400EFE02F9F6800EFE04FDE05616F107FBB0E
:10FED400EF12FFB801113684B28479478A8617D6A7
:10FEE40000001306263DEFE02FC309C82286A6852D
:10FEF4000A85EFE0AFC505616F10BFB80A85EFE072
:10FF0400CFDAD5BFFD571727FF1F2305F7CA828015
:10FF1400EF125FB341112A892EC6B289EF402FC078
:10FF2400B2451304F9FF2E944DC593170901C187F7
:10FF3400AA847D55635CF002420441809317040156
:10FF4400C1876355F0029DC1EF406FA0636AA406A8
:10FF54009C4481443E95420541819307F5FFC207C5
:10FF6400C18363E0270763960900695541016F1057
:10FF7400BFB02390A900D5BF3387640383A78A0A3F
:10FF84003E978357270063864703835707006362BE
:10FF9400F40203474701BA97C207C1831387F7FFE7
:10FFA4004207418363672701E38109FC2390F90039
:10FFB4006DBF8504EF504F8EE3C0A4FC01457DB7AF
:10FFC4008144416A974AFF1F938A0A98594B7D1AC4
:10FFD400D5B77D5561BFEF129FA81744FF1F1304C7
:10FFE400A4AB9744FF1F9384E4AB0325C41419CD39
:0CFFF400184D23260414110483478700D5
:020000021000EC
:1000000093F7F7FB2304F700EF501FD9E31194FE99
:100010006F107FA7EF12FFA41745FF1F130585BDC3
:10002000EF30F06DEFF07FFB6F10FFA5EF127FA3B5
:10003000930540061745FF1F1305C5BBEF30B06A97
:100040006F107FA4EF12FFA17D56B5450145EF402B
:100050007FCA6F105FA3EF123F9FEF401F921744BC
:10006000FF1F1304A4A32320A4142322B414814447
:100070000D499729FF1F9389A9B30325C41419CDEE
:10008000850401466386240183270415814591E395
:10009000CE85EF40FFCE1104E39124FF6F101F9E29
:1000A000EF129F9A41112A84AE8932C6EFF09FF673
:1000B000EFF05FF929C99747FF1F9387279E83A514
:1000C000C7129304C5002A892685EF50BFB3814526
:1000D0002685EF50BFAC9315240093E5350093F5CA
:1000E000F50F2685EF509FAB3246CE852685EF5023
:1000F0001FA99747FF1F23A927AFEFF0DFF50145A1
:1001000041016F10BF976555E5BFEF129F95AE8413
:1001100095452A84EF505FBEA6852285EF501FA823
:100120006F107F96EF127F91BD652A84938505A697
:100130001745FF1F130505AEEF30F05A9747FF1F15
:100140009387C7B79C439744FF1F938424952689C0
:1001500089CBC84019C522868D45EF10303D6F1000
:100160005F91EFF03FEBEFF0FFEDAA846555E5D826
:10017000032709009747FF1F83C7C7A693161701D8
:1001800063D7060C1307F0076388E7008507174756
:10019000FF1F2309F7A429A09747FF1F238407A463
:1001A0008325C9129389C4004E85174AFF1F034A4D
:1001B0006AA3EF503FA5D2854E85EF503F9E8347FF
:1001C000440051478145637CF7009385C7FE93F552
:1001D000F50FDD47B3D5F502850593F5F50F8A05D3
:1001E00093F5C50F4E85EF507F9B835544004E8598
:1001F000EF507F9E834544000840EF905FFEAA8544
:100200004E85EF50BF99835544009747FF1F23AD9C
:10021000979CD14763F3B700D145939405010C40F7
:10022000C18026864E85EF509F95A6852285EF508A
:10023000DF8D174BFF1F130B6B86814AA14B5D4C63
:100240008357440085E3EFF01FE1014509BF1387A1
:10025000F7FF1377F70F9306D00FE3F9E6F2930752
:1002600000F835B763967A01EFF03FD73955C5BD31
:10027000EFF05FDD110B910A09E5EFF01FD6655530
:10028000F9BD835544002326AB146373BC00DD45E0
:10029000939905018325C9129304C5002685EF5063
:1002A0007F96D2852685EF507F8F93E52A0093F5C0
:1002B000F50F2685EF509F8E0C4093D909014E868D
:1002C0002685EF50DF8BCE852285EF501F848DBFB2
:1002D000EF122FF901117C003ECAB70707003ECC90
:1002E00081457C0048083ECEEFF03FE29735FF1F86
:1002F00083C5C57B4808EF507F8AD247480883C72B
:1003000017001747FF1F230FF780EFF0BFE111E53C
:1003100085471737FF1F230DF77A05616F10AFF67A
:10032000EF122FF401117C003ECAB70706003ECC45
:1003300091457C0048083ECEEFF03FDD4808EFF0E5
:100340007FDE95471737FF1F2304F77805616F108D
:100350008FF3EF120FF101117C003EC083450500C1
:10036000B70711003EC27C003EC42A8481C5014506
:10037000EFB04FDB8347040085450A851737FF1F21
:100380002302F77AEFF07FD8EF30BFDBAA850A852A
:10039000EF50DF8085450A851744FF1F1304C48989
:1003A000EF507F831C400A8583C5C700EF500FFFC5
:1003B0001C400A85CC4BB335B000EF502FFE1C40DB
:1003C0000A8583C59701EF506FFD1C400A8583D5D0
:1003D000A701EF505F801C400A8583C5C701EF501D
:1003E000EFFB1C400A8583D5E701EF50CFFE824525
:1003F0002D461735FF1F1305F5728505EFA03067F1
:100400000A85EFF03FD211E589471737FF1F230117
:10041000F76C05616F102FE79717FF1F83C7C77928
:100420006387A706EF124FE22A84EFF0BFC1AA84C8
:1004300029CD1717FF1F034727789307F00F81492E
:10044000631AF7009717FF1F2388877697D9000054
:10045000938989F89737FF1F9387476483A5C7124D
:100460001389C4004A85EF50EFF9A2854A85EF5001
:10047000EFF285454A85EF506FF226850146CE851D
:10048000EF401F902685EF503F916F102FDF828045
:10049000EF122FDD79713C083EC6B70716003EC843
:1004A00099453C0868003ECAEFF03FC64146973583
:1004B000FF1F938525636800EF506FEC6800EFF035
:1004C0007FC605E19737FF1F9387475D9C431397CE
:1004D00017019947634307009D471737FF1F2309FB
:1004E000F75E45616F102FDA9387F501FD15FD1753
:1004F00003C717000505A30FE5FEE39AB7FE828048
:10050000EF122FD60547411132846304E504AA8710
:1005100019C90947630EE5060D477D556385E71A3E
:1005200041016F104FD633E4C5007D5575F89737FC
:10053000FF1F23A1075C9737FF1F23AF075A973789
:10054000FF1F23AD075A9737FF1F23AB075A0145FB
:10055000C1BF33E4C5007D5561F49737FF1F938712
:10056000A76D804341499734FF1F9384A4580346E5
:1005700084014C483305C9402695EFA0504F0346EF
:100580008401814526853306C940EF108FD0C1B75D
:1005900091477D55E3E6B7F897D70000938707E3C7
:1005A000BE9583C40500ADDC1739FF1F1309C96868
:1005B000032709008357A701E58FBDD38347970120
:1005C000E3E0C7F69737FF1F9387474D9C43139788
:1005D00017016358070093E707081737FF1F232FFA
:1005E000F74AC1476397F406A2854800EF90EF8B66
:1005F0005800814413064002A545639B84021C08F1
:10060000A697238A07FE9737FF1F9387A74E268654
:100610004C003E85EFA0B0454146058E81452695AC
:10062000EF102FC7832709004800DC538297CDBD08
:1006300083470700B3F7C7029386770363E4F500A7
:100640009386070385042300D70093F4F40F05076E
:100650006DB791454800EF904F857D141316240027
:1006600017D400001304C4D732941C409245268549
:10067000B3F5F50293D7050113D787009736FF1F0F
:100680002380E6481737FF1FA30CF7461397050191
:100690004183218393978500D98F1737FF1F23123A
:1006A000F7469737FF1F23A707449737FF1F23A558
:1006B00007449737FF1F23A30744832709002EC24F
:1006C0009C538297B1BDE3EDB7E497D700009387C1
:1006D00067D0BE9583C70500E38407E41737FF1F83
:1006E0001307875518438356E701FD8EE38A06E218
:1006F0008346C701E3E6C6E29736FF1F9386063AB4
:100700009042A145936606026394B700936606047F
:1007100018571736FF1F2323D638A2853E85029728
:1007200001B5EF126FB241112E89B28935C501466C
:100730002A84EFF02FFE634F05048144173AFF1F10
:10074000130ACA20D94AEF407F9563D5A4043385A4
:10075000540383278A0A3E9583570500B1E323108B
:100760008500230A25012311350141016F100FB1C6
:10077000631245030354E1008504EF403F920505F1
:10078000634995001306E100CA852285EFF08FF8D2
:1007900065F145F40145D1BF81440544695AF1BF73
:1007A000850455B7EF124FAA2A84AE8983454501C7
:1007B000035505000149EFB0BFFF83474401634182
:1007C000F902638509002285EFF06FEE2310040023
:1007D0004146814513054400EF10AFAB6F100FAADF
:1007E0000355040093140901C180269542054181F7
:1007F000EFE0CFA903550400050926954205418184
:10080000EF30C04703550400269542054181EF3083
:10081000004765B7EF12EFA41735FF1F1305853F9B
:10082000EF30E06D9737FF1F83C7C72F89C781451A
:100830000145EFB02F8F1734FF1F130424261C40EF
:100840001397170163570700084401C58145EFF06E
:100850007FF59737FF1F938767469C4389C74840BA
:1008600019C1EF400F91EFF0EFFA130680158145A3
:100870001735FF1F13058522EF10AFA1FD5717375E
:10088000FF1FA305F7349737FF1F9387A73A9C43B1
:1008900095C398472392070098C31737FF1F232B50
:1008A000F7320545EF901FC7814711E1C9573E85D3
:1008B0006F106F9DEF10E0459737FF1F23ACA730F7
:1008C000CDB7EF120F9A41112AC6EFF0BFF4973758
:1008D000FF1F938767369C439C5F81C7B2450545E0
:1008E000829741016F102F9AEF12AF9783475500FF
:1008F00085462E8789836382D70C91C78946638991
:10090000D7106F104F989736FF1F938626199C4279
:10091000B68413961701E34606FE83D545003D468F
:10092000E371B6FE8983858B2A848DC303A7C61223
:100930001C41E318F7FC9737FF1F83C76719F1F3D2
:10094000014681450545EFF0AFF565BF9737FF1FBD
:100950009387872E03A90700084341468325090092
:10096000EFA0900E59FD8327490399C3054582974F
:100970001C40BD65938505A61737FF1F2326F72466
:100980009C401735FF1F1305E52893E747001737ED
:10099000FF1F2325F71083A784139847239207008E
:1009A00098C3EF304054014681450545EFF04FEFC5
:1009B0009737FF1F238E0710A9B79737FF1F93871D
:1009C000E70D9C4393961701E3DD06F203D745003C
:1009D0000DFB13F7870001CB93E787001737FF1F45
:1009E000232EF70A39BFBD9B93E787001737FF1FF8
:1009F0002326F70AEFF00FE29737FF1F9387C723ED
:100A00009C43DC5B99C305458297EFF07F8CD5BD95
:100A10009737FF1F938787089C438983858BE382E1
:100A200007EE83D74500E38E07EC9C4103C5070022
:100A3000EFF03FE9F9B5EF122F811734FF1F1304D0
:100A4000E4051C4013D72700058B35CF9183858B98
:100A50009304007D81E79D6493840453EF30FFF19C
:100A600003270414832744143307E5409D8D333551
:100A7000E500898D93D7F44163C9B7046394F50009
:100A800063E5E4049734FF1F9384440101440D4956
:100A90009719FF1F9389C91103A5C4140DC51C4DD7
:100AA000050483C7870093F7070499EB01466306A3
:100AB000240183A70415814591E3CE85EF404FAC17
:100AC0009104E31B24FD6F007FFB1C409183858B09
:100AD00091CB8327C4140145DC4703C757008D47DA
:100AE0006313F7002545EFF0DFDDF1BFEF027FF77D
:100AF0009737FF1F938787FA9C434111A307A100F3
:100B000013E707019736FF1F23AAE6F8C18B99E781
:100B100005469305F1000945EFF08FD80347F10032
:100B2000A5476314F700EFF0FFCE8345F10091C9AC
:100B30009737FF1F938747109C439C5F99C30545D8
:100B4000829741016F003FF4EF02BFF11734FF1F9E
:100B50001304C4F41C4001111397170163570700D5
:100B6000EFF0DFF805616F001FF27C003ECAB707A7
:100B70000700AA843ECCA5457C0048083ECEEFF095
:100B8000CFD8A6854808EF506F814808EFF08FD97D
:100B90001C4093E707101737FF1F2321F7F0D9B741
:100BA000EF023FEC1734FF1F130444EF8327841335
:100BB000BD65938505A69C431735FF1F1305850565
:100BC00083C40700EF302032032584139735FF1FBD
:100BD00083C50500EF906FE305C91735FF1F034577
:100BE000E5FEEFF07F83834704131737FF1FA30F42
:100BF000F7FC9737FF1F238B07FC1C40A183858BD5
:100C000091C70D45EFF05FF46F00FFE7A54763F470
:100C100097000945C5BF6388F4009737FF1F83C756
:100C200027EBE39097FE97D700009387E780032791
:100C300084138E04BE9483D74400835647008507EF
:100C4000E399D7FC08439C400505829775BFEF02E6
:100C50005FE1834645001737FF1F034737F7834798
:100C600055006317D7003A85EFF00FFB6F00BFE127
:100C70001736FF1F034686F59734FF1F938404E25F
:100C80006304D6020507E393E6FE1737FF1F230F21
:100C9000D7F203A7841314472312070014C37D5708
:100CA0009736FF1F2395E6F213D427009737FF1FCF
:100CB00083C7F7F163F687000945EFF0FFE87DB7DA
:100CC00063918702A557B307F40203A78413034770
:100CD00047008D07BA9703D7450093F7F70FE39DB9
:100CE000E7FC9737FF1F83C787EEB3D78700858B55
:100CF000B5DF5D459307F4FFB387A70203A784130D
:100D000003D645008C410843D1073E95EFA02056FD
:100D100003C724138547B397870093C7F7FFF98F5D
:100D20001737FF1F2305F7EAB1F3EFF07FE73DBF69
:100D3000EF02BFD059711C083ECCB70706002A84C9
:100D40003ECE58181C0897C600009386666D17366D
:100D5000FF1F130636E6930500021735FF1F130524
:100D600025D53ED0EF90AFCE19C11D4589A0D8083A
:100D700097C600009386466B1736FF1F130696E34F
:100D8000930500021735FF1F130585D2EF902FCC76
:100D900069FD3546930571054810EFA0404DD40814
:100DA00022864C104818EF90CFE509C51945EFF0A1
:100DB000BFD9D9A8D80097C60000938666671736B2
:100DC000FF1F130636DF930500021735FF1F1305BB
:100DD00025CEEF90CFC751F9034661062808A145FB
:100DE00083494106034B510632C603447106834CC6
:100DF000810603499106034CA106034AB106834BC1
:100E0000C106EFF08FB02808EFF0CFB135EDFD57F8
:100E10001737FF1F230EF7CA9737FF1F9387C7E9BE
:100E20009843BE8A8144324611CF9737FF1F93877C
:100E3000E7E89C4381CB9737FF1F938727C6C443BE
:100E4000B33490002204336494012209220A42043C
:100E5000B366890193958900DC0033677A01C18EFE
:100E6000B3E56501C808EF40EFCD19ED83A70A008F
:100E700081C799C0EF10C0039305007D1735FF1F90
:100E8000130545D9EF30200665616F009FBEEF0264
:100E90005FBD1971AA84AA8534101736FF1F130687
:100EA00066C51735FF1F1305E5C6EF90CFD919C1E9
:100EB0001D4519A841469735FF1F9385A5C12810E8
:100EC000EFA0803809C51145EFF01FC8A5A217345F
:100ED000FF1F1304A4BC1C409735FF1F938585C0DA
:100EE0001397170163470700A6859734FF1F938464
:100EF00064BF9736FF1F9386F6CB26861735FF1FF4
:100F0000130545C0EF90EFD945F51C401397170125
:100F100063550712BC083EC6B70727003EC83818FD
:100F2000BC0897C600009386A64F1736FF1F13060E
:100F300076C8930500021735FF1F130565B73ECA33
:100F4000EF90EFB035F5B80097C600009386C64D18
:100F50001736FF1F130616C6930500021735FF1F2D
:100F6000130505B5EF90AFAE21F535469305B104F5
:100F70002808EFA0C02F184497C600009386464B60
:100F80001736FF1F130616C3110793050002173506
:100F9000FF1F1305E5B1EF908FABE31B05F01C4479
:100FA00003D52700EFB0CFC7AA84E30305F09D4522
:100FB0006800EFF08F9583C5E401930790054146E3
:100FC000B385F502680093850503A695EF403FBB06
:100FD0001C44680083D52700EF40FFBF2685EFB093
:100FE0004FC6AA856800EF407FBB9737FF1F9387E6
:100FF000E7958C436800EF40FFC01C44680083D530
:101000000700EF405FBDA1456800EF40BFB4B246A6
:101010002C08281885063686EF904FBD19C1194552
:1010200065B56800EFF00F9011E5A1471737FF1F76
:101030002300F7AA09616F001FA5EFF06FC5DDBFA0
:10104000EF023FA279713C083EC6B70716003EC8C2
:101050009735FF1F938505AB3C081735FF1F130518
:1010600065AC3ECAEF900FC019C51D45EFF0DFAD6E
:1010700045616F005FA11736FF1F1306A6A99735BC
:10108000FF1F938525A81735FF1F130565A2EF9055
:101090008FBF61FDC1451735FF1F1305A5A4EF8064
:1010A000CFE061F595456800EFF02F86C1456800F7
:1010B000EF405FAAAA861736FF1F1306A6A397352F
:1010C000FF1F938525A21735FF1F1305A5A4EF90D9
:1010D0008FB741FD6800EFF0EF8459F99737FF1F94
:1010E0009387C79B9C43B983858B93B7170095075C
:1010F0001737FF1F230EF79CA5BFEF029F96AA8507
:1011000041461735FF1F1305E59CEFA040169737A2
:10111000FF1F9387A7989C431397170163560700F7
:10112000EFF00FB76F003F96EFF09FF1E5BF9737F5
:10113000FF1F9387A7969C4313F7F7F79736FF1F78
:1011400023AEE69413F7070809CB858B99C7EF0206
:101150005F91EFF0FFEE6F001F938280EF027F90B0
:101160009734FF1F9384849380403971AA85931725
:10117000140163D407061364140013060004173522
:10118000FF1F1305359F9737FF1F23A98790EFA0F7
:10119000000EEFE03FE89C401734FF1F1304949DBE
:1011A00013971701634607001734FF1F1304949821
:1011B000A2850A85EFF04FB3930504020810EFF003
:1011C000AFB297050000938505140A85EF902FB8FC
:1011D0001DC91D45EFF05F973DA0130600041735AC
:1011E000FF1F13053595EFA0800893579400858B5A
:1011F000C5DF93571400858BC5FB13641400973724
:10120000FF1F23AD878821616F00FF87EF027F8575
:101210001D713C083EC6B70746003EC801453C0864
:101220003ECAEF902FAF19E51D45EFF0FF91256104
:101230006F007F852A848D456800EFE01FED9305E0
:1012400000026800EF401F91A285EFF0EFA993051F
:1012500000026800EF401F9093050402EFF0CFA852
:101260001734FF1F130484831C40B2451306000487
:101270001397170185051735FF1F1305B58B6346B7
:1012800007001735FF1F1305F58EEF90507E68009D
:10129000EFE05FE949FD1C408566138706805D8F9E
:1012A0001726FF1F232CE67E1737FF1F130707A102
:1012B000184301CF584011CB7D771307F77FF98F83
:1012C000D58F1727FF1F232BF77C1C40139717017F
:1012D000635B0700A583858BB9FB8D471727FF1F2D
:1012E0002308F77EA9B713D757009983D98F858B29
:1012F0001307F00F91E315479727FF1F238AE77C19
:101300003DB7EF020FF6AA851725FF1F1305457A93
:10131000EFF08F9D9727FF1F938747789C43139784
:1013200017016352070413D7670093D65700558FF0
:10133000058B11EB13D77700058B01CB914717274E
:10134000FF1F2307F7786F000FF4139737016355DA
:101350000700EFF0FFCEC5BF0967D98F1727FF1F22
:10136000232EF772CDB713D79700058B05C7154706
:101370009726FF1F238EE674856613F7F7F7558FC0
:101380009726FF1F23ACE67093F70708CDDFEFE049
:101390003FF955BFEFF09FE77DB7EF028FEC1724C1
:1013A000FF1F1304A46F8327C4149DCF0347450078
:1013B0009737FF1F83C707836318F7021C40918389
:1013C000858B99E3EFE01FC51C4013971701635FFE
:1013D000070013F7F7BF9726FF1F23A1E66C93F7CB
:1013E000074089C7EFF09FE26F00EFE91840FD77F3
:1013F0009387F77F13164701F98F856663470600C9
:101400001727FF1F232CF768C5B7D58F1396170131
:10141000634706021727FF1F2322F7681C40139714
:101420001701E34307FC13F7F7F79726FF1F23A7DE
:10143000E66693F70708CDDBEFE09FEE75B7F5772B
:101440009387F77FF98FD58F9726FF1F23A8F66420
:1014500093172701E3D407FCEFF09FBEC1B7EF025B
:101460004FE08347050091C70945EFF0EFED6F00AE
:101470008FE1834715002A8413F7E70F75F71727C5
:10148000FF1F1307677B18430346C700E31EF6FCE4
:101490009727FF1F93878760944393F7F6DF19C25E
:1014A00093E706209726FF1F23AAF65EA583858B68
:1014B00081C71C4B91C382971546A2851725FF1F34
:1014C00013050567EF90B05A8D471727FF1F2301BB
:1014D000F760034644008345340003452400EFF0E1
:1014E0002F82E35605F849B7EF022FD5172BFF1FC0
:1014F000130BCB5A03270B0001119317170163D06D
:1015000007023C003ECAB7070B003ECC3C003ECE73
:10151000834705002A8499E70945EFF0EFE205616A
:101520006F002FD58347150083462500A207D58F6E
:10153000C207C1878546E391D7FE83463500E3EDB8
:10154000D7FC972AFF1F938A2A6F83A70A000149B5
:101550009C5BADCFA5CE136707208344440097273B
:10156000FF1F23ADE7528547E3E897FA034C540089
:10157000A147E3E387FB8349640003457400A209A4
:10158000B3E9A90013F709FE41FB834B8400E3E5AF
:1015900077F9034A94000345A400220A336AAA009B
:1015A00093770AFFB5FB834504001726FF1F0356F8
:1015B000C64F1725FF1F0355254FEFF08F9697272E
:1015C000FF1F23A1A74E11E5154581BF1377F7DF54
:1015D00069B783A70A0091C403C7870119C3D84B11
:1015E00061EF83C4970163F39B00DE8483D7A70177
:1015F00093F4F40F13F7070101C713778A0059EB2F
:10160000BD8BD1CF13757A0059C9EFA03FA783A72F
:101610000A007D15937BF50F03D5A701A94C3D89E1
:10162000EFA0DFA57D15137AF50F03A70A00834706
:10163000C7016373FC00E28713FCF70F8357E701D0
:1016400013F7870001C713F7090131EF9D8BADC375
:1016500013F5F90031CDEFA07FA283A70A007D1515
:101660009379F50F03D5E7011D89EFA03FA17D1503
:101670001379F50FA947B307FC0233879403636A14
:10168000F70C638C0C0C639C040C81490149814B61
:10169000014A3DA0930C4002114A8D4B79B7814C11
:1016A000014A814B59B7930740020D499149E1B76F
:1016B000814701498149C1B781448149854B054A28
:1016C0002D46A2851725FF1F1305D545EF90303A0B
:1016D00089454808EFE07FA381454808EF400FCCDB
:1016E00083250B004808A5818589EF402FCBDE8537
:1016F0004808EF40AFCACE854808EF402FCAA685FC
:101700004808EF40AFC9D24515461725FF1F1305FE
:1017100025428505EF90B0354808EFE0BFA0E31003
:1017200005E02686CA855285EFE09FDD01C50945A3
:10173000EFF08FC183270B00A583858B89C783A713
:101740000A009C5B829783274B0099CFEFF01FAC78
:10175000F9B3E284894B0D4AA5B781443DB7DE89D0
:1017600052898D4B094AA9BF83270B0093E7074095
:101770001727FF1F2324F7325DB3EF02EFAC834737
:1017800045002A891725FF1F034555446316F500B8
:10179000EFE09FC86F008FAE1724FF1F13040430C3
:1017A000832984132E85AE84EF408FCD2392A90028
:1017B0008347490026851727FF1F2309F740EF407D
:1017C0004FC89727FF1F2385A7408327841303D77C
:1017D000470009E70945EFF02FB76DBF83D76700D2
:1017E000E3EAE7FE83475900898381C7D146E3F3E3
:1017F000E6FE1727FF1FA30CF73C1725FF1F034525
:10180000053D137715009307F00F05C31345F5FF4A
:101810001375F50FEFA09F867D159377F50F1727AA
:10182000FF1F0347D73AE367F7FA1727FF1F03475E
:10183000073A11C3BA8703455900098113071500F8
:1018400005453315E5007D157D8D9727FF1F238006
:10185000A7388327841303D644008C408843EF9035
:1018600010218347241393F7E70F1727FF1F230047
:10187000F7368DF3EFF0CFB231BFEF028F9E034505
:101880000500EFF0AFA66F000FA0EF028F9D01449F
:101890009724FF1F9384840B5949EF303F806344A2
:1018A000A4006F004F9E3305240383A7840A3E954E
:1018B0008357050081C78545EFE0DFEE0504F1BFE2
:1018C000EF028F98AA8401441729FF1F1309090802
:1018D000D949EF30AFFC6345A40001456F000F9A72
:1018E000330534038327890A3E950357050063E7D0
:1018F000E40083474501BA97E3C2F4FE0504D1BF73
:101900009727FF1F938747339C43DC5F91C7EF0204
:101910004F9582976F002F9782809727FF1F93879D
:10192000A7319C43BC4391C7EF02AF9382976F00EE
:101930008F9582809727FF1F9387471698439316AA
:10194000170163D30608EF02CF9180470149834511
:10195000440103550400EFA0BFE583474401634BF6
:10196000F9022285EFE00FD09727FF1F23AC071263
:10197000FD5701451727FF1F230CF714EFF00F97B2
:10198000034644018355040003552400EFF0FFF89B
:101990006F006F8F0355040093140901C1802695D1
:1019A00042054181EFD08F8E03550400050926952D
:1019B00042054181EF20802C035504002695420505
:1019C0004181EF20C02B51BF82809727FF1F23A3A7
:1019D000A7268280EF02EF889727FF1F9387070CC7
:1019E000DC436D54639FA700EFE0DFE29727FF1F02
:1019F000938787249C432A849C5F81C7814509453E
:101A0000829722856F002F88EF02AF859727FF1FEF
:101A10009387C708C84309C5EFF0DFFB6F00AF86A7
:101A200025459727FF1F2384071AEFF02F8CFDB75A
:101A30009727FF1F93874720884382809727FF1FA0
:101A40009387C7058843098105898280EF026F81EA
:101A500041112A84EFF09FFE2DC90357440095479A
:101A600063F8E7062285EF40EFA42AC42285EF4001
:101A70004F9D2306A1002285EF40AF9C9727FF1FB3
:101A80009387C7019843A306A1000983058B11C75B
:101A900083A6C712A247639DF6020D8997C700006F
:101AA000938707960E05B386A7008355440003C6A7
:101AB000560063EFC50001E703C7460011EBAA9784
:101AC0009C43A2852800829721A0EFA09F9451D526
:101AD00041016FF05EFB9727FF1F9387E7159C433B
:101AE000FC4391C7EFF2FEF782976FF0DEF9828038
:101AF000EFF23EF797F5FFFF938525F41725FF1FBB
:101B00001305450FEF2040326FF0FEF715C5EFF2D9
:101B10005EF52A8497050000938545EF1725FF1F82
:101B20001305450FEF2040309727FF1F23A687108E
:101B3000EFE05FCE6FF03EF57D558280A9E18280B7
:101B40008327090013171400BA9783D70700638609
:101B500097020504EF306FC0E344A4FE0144EF3068
:101B6000CFBF635CA4000327090093171400BA9742
:101B700003D7070019EB239097006FF0DEF0EFF228
:101B80005EEE2A89AE840144F1B70504C9BFEFF2C5
:101B90005EED4111AA8401442EC6EF300FBCB24560
:101BA000635CA400984093171400BA9703D707000A
:101BB0006317B7002390070041016FF0DEEC0504C6
:101BC000E1BFEFF21EEA9727FF1F9387670E9C4342
:101BD0002A87AE86328889CF9728FF1F9388080D01
:101BE00003A3080089486315130182976FF0BEE9CB
:101BF0009727FF1F9387870C9C430145E5DB9727B9
:101C0000FF1F9387A70A90438547E311F6FE42869C
:101C1000B6853A85EF201FDAD1BFEFF2FEE22E8AB9
:101C20003284AA89EF201FD8751583574400931476
:101C30000501C1801379FA0363FE9700CA852285E6
:101C4000EF303FEB035644000C404E85EFF07FF73A
:101C50006FF0DEE2936509042285EF309FE90C40C6
:101C600026864E85EFF0FFF5A6852285EF30FFE949
:101C7000136909088357440099CF850763DF9700EC
:101C800093650A0C2285EF30DFE6035644000C40D2
:101C90004E85EFF01FF3014565BFCA852285EF3001
:101CA0005FE50C4026864E85EFF0BFF1A6852285C4
:101CB000EF30BFE5C1B7EFF2DEDA79713C083EC61E
:101CC000B70717002A84AE843EC868003C088545E3
:101CD0003ECAEF406F826C002685EF307F86700031
:101CE00085452285EFF07FF345616FF0DED9EFF295
:101CF0005ED7EF308FA689450605EFA04FBAE557AE
:101D000011C59727FF1F23ABA7F481473E856FF0CE
:101D10009ED79727FF1F938727F4985B2396070288
:101D20001725FF1F1305C5F598D782801727FF1FBA
:101D3000130787F218436316A7021727FF1F0347ED
:101D400027F275179387D5FF1337170093B717003E
:101D5000FD566319F700EFF2DED0EFF01FEC6FF0E5
:101D60009ED2ED5636858280EFF21ECE05EDC1641F
:101D700001441729FF1F130969BD9309400EFD1483
:101D800021A8330534038327090B3E958357C501EA
:101D900063839700D13F0504EF302F9EE343A4FEF9
:101DA0006FF0DECD9727FF1F938707EBAA85884347
:101DB00065D9EFF05FF0EDB7EFF21EC979711C083D
:101DC0003EC2B70720003EC41724FF1F1304C4E817
:101DD0001C083EC61C40D9C31727FF1F034747E80E
:101DE0008947AE842A896315F704814911A85C40AC
:101DF00013971900BA9783D707006381970685095F
:101E0000EF30AF95E3C5A9FE85454800EF30DFEE22
:101E100003564900832509004800EF305FD608408B
:101E200050008145EFF09FF0054545616FF01EC5FC
:101E3000C167FD17E38AF5FC85476311F702814905
:101E400011A85C4013971900BA9783D70700E38D58
:101E500097FA8509EF306F90E3C5A9FE0145F1B708
:101E600023000502232205028280EFF29EBF8547F0
:101E70002300F5022A84EF20BFB19727FF1F938725
:101E8000E7AC83A7070B48D01725FF1F130505DB19
:101E90001D8CB7F723B8938797E009843304F402C5
:101EA0009727FF1F23A887E0EF2080026FF0BEBDB9
:101EB000EFF29EB9EFA0EFD5E95705C1C164014427
:101EC0001729FF1F130989A89309400EFD14094A19
:101ED000EF30AF8A6346A40081473E856FF01EBA9B
:101EE000330534038327090B3E958357C501638867
:101EF00097008347050263844701EFF01FF705044D
:101F0000C1BFEFF21EB6834705FE85466398D70032
:101F10001305C5FDEFF09FC26FF0FEB68946E39D45
:101F2000D7FEFDD91305C5FDEFF07FC6F5B797279E
:101F3000FF1F9387A7D798433DCF8546F157631D71
:101F4000D706EFF21EB29727FF1F9387E7D02A87A5
:101F500088433E8405C99726FF1F83C666D08D47F8
:101F60006392F60239E39727FF1F938727D59C4397
:101F700095EB9727FF1F238507CE1C4003D507004D
:101F8000EF203FA6EF205FA71725FF1F130505CB06
:101F90009727FF1F23AC07D0EF10707681473E854F
:101FA0006FF07EAEEFF01FA3E9B703550500CD45F6
:101FB000EF207FA2D9B7F9573E8582809727FF1F70
:101FC0009387C7CE9C437955BDC309477155638339
:101FD000E7008280EFF2FEA81724FF1F1304C4C796
:101FE000184015C3834784008546FD1793F7F70F04
:101FF00063EBF60003550700CD459727FF1F2381AC
:1020000007C6EF205F9D1C4003D50700EF203FA0CF
:10201000EF205FA11725FF1F130545C29727FF1F5C
:1020200023A607C8EF10B06D01456FF0DEA58280D2
:1020300015C1EFF21EA31C41AE842A8489C72E86E7
:102040000145814582975C4081C7A68501458297FD
:102050006FF07EA38280EFF2DEA097B70000938737
:10206000E7C49C43AA8501459C4782976FF0BEA1B7
:10207000EFF23E9F2A84034585019307F00F631416
:10208000F500EF604FD3930720033305F5020328D3
:10209000C401814601479305000293076509034582
:1020A00074017D8905053356D800058A01C60507E8
:1020B0001377F70F8506E398B6FE198D13074006D0
:1020C0003305E5023E959307C0126354F5001305EE
:1020D000C0126FF05E9BEFF23E971C4D03548500DB
:1020E000B28995834E04858B4111AA842E894D8037
:1020F000314691C321463307260383D74401998F84
:102100006344F60013F6F70F83C564014E8532C6AB
:10211000EF30DFA89C4C935564004E85860793F7FB
:102120000708DD8DEF309FA70A0493553900C18D54
:1021300093F5F50F4E85EF307FA69C4C9315590013
:102140004E85FD8BDD8D93F5F50FEF303FA5DC401F
:10215000931529003246BE958C414E85EF303FA243
:1021600041016FF0BE91EFF23E8EAE8A8345A5002D
:102170002A84B28905450146368A3A8BEF209FB7FB
:102180003DC19304C5002A89A5452685EF30DFB6F9
:10219000630D0B0483450B0093F5F5072685EF309F
:1021A000FF9F03D64A0083A50A002685EF303F9D96
:1021B0009717FF1F9387C7619C43C9C750401C40B6
:1021C000835584000356460003D5C7010547814661
:1021D000EF801F8415E95C40839747006354F00645
:1021E0004A85EF307FBB6555A1A85C400547814516
:1021F00083D727008D07C207C183E371F7FA0C4428
:10220000E98193E5050459BF9717FF1F9387075C82
:1022100083A807000548A6870547814601468145F2
:102220002285829805C15C4083974700635CF0007B
:102230004A85EF307FB64E85D285EFF07FDF0145CE
:102240006FF0DE83D2864E86CA852285EFB0AF80DE
:10225000C5BFEFF26EFF2A84130545022E89EF10E9
:10226000104A9717FF1F9387A7569C4395CB830768
:10227000740163D7070203467401054581457D8AD1
:102280000506EF80B0025C4C7D15638BA7000356FA
:10229000240183550401084093068400EF80DF8900
:1022A00081445840939924004E97084319C5EFF094
:1022B0009FDA5C40CE9723A0070083477401850412
:1022C000FD8BE3D097FE8347740193F7F7FBA30BD5
:1022D000F400630B090081470148232004001CC45B
:1022E00023260401232804006FF04EF9EFF2CEF507
:1022F0009C45AA842E84B289239205009CC1014981
:10230000DC4013172900BA97D8488C43A14793168D
:10231000270063C30600B1473387270303D6440170
:10232000198E63D3C7003E862285EF305F8583C751
:1023300074010509FD8BE3D527FD83C7740193F76D
:10234000070291EB8357440021476393090011472B
:10235000998F2312F4006FF06EF2EFF28EF02A8361
:10236000084103DE050041110355C5016313AE06A4
:1023700003454301098911C503C54500138E650155
:1023800019E1138E550083450E001377F7037D5531
:10239000639EE502BE85B687832643014285468754
:1023A00013F816009716FF1F9386465A94428358D7
:1023B000A30032C0B38606410358830036C22E867E
:1023C000AA86814513051E00EF70DFD841016FF02A
:1023D0008EEB7D55E5BFEFF22EE72A84035585008D
:1023E0004111BE89AE8A328AB6843A89EF10FFE382
:1023F000E15739E103558400EFF08FCCFD570DCD47
:102400005C488358A4004E8713F817009717FF1FE6
:102410009387C7539C43CA8656C0B3870741035866
:1024200084003EC22686D28785451105EF709FD273
:102430003335A000B307A0403E8541016FF00EE4A4
:10244000EFF22EE22A8413058502EF10502B81470C
:102450001CC483578401014823200402C607C58396
:10246000232204022320040023260401232804003D
:10247000231CF40081448347A4019DC7584013994D
:1024800024004A97084301CDEFF0FFBC5C40CA9797
:1024900023A007008347A401FD17230DF4001C4C63
:1024A0008504FD8BE3D997FC1717FF1F1307074A15
:1024B0001C47230D040093F6F7FD1716FF1F232B6F
:1024C000D64893F7070289CB08438145EF903FFD3B
:1024D00001C50145EFA02FA46FF0EEDAEFF2EED5C3
:1024E000832A0502032A4502AA84AE8901490144D0
:1024F000171BFF1F130B4B7D930B8004EF203FAC8A
:10250000634BA90201CC83578401814513058402E2
:10251000C607C583231CF400EF10F01C2685EFF0DE
:102520003FF263880A0083A74A0081C7D2854E859F
:1025300082976FF00ED4B307790303270B00BA9785
:10254000638DF402039787016359070283D607015D
:1025500003D704016393E60283D6270103D724013E
:10256000639DE60009CC5444D847636AD70063965C
:10257000E600144498476364D700050941B73E84D8
:10258000EDBFEFF26ECC1841797123100102835731
:10259000C701231101023AD2231CF10083578501A0
:1025A00003476501231F0100EA07FD87231DF10092
:1025B000835725010A07231EF100930700F8A300A3
:1025C000F1028347B5012301F1023C083ED4835751
:1025D00005012316F102834775012307F1021C4D03
:1025E0009D83858BD98FA307F1028347D50195CBB6
:1025F000F1742A8417B90000130909E99384F40FD0
:10260000184C9357870093F7F7037D8B6371F7029C
:102610008357840171771307F70FF98F231CF40098
:10262000A5A0A555EFF09FEB45616FF02EC5584072
:102630008A07BA979C43D1C3834574010146054577
:10264000EF204FEBAA8929C11306C5003285A545A5
:1026500032C6EF306FEA0C4C32462285A18193F5E9
:10266000F503EFF05FA78347C401A2864A8685077A
:10267000230EF400CE854810EFA0FFBD1DCD83478B
:10268000C401FD17230EF4008347C4018DE38317B3
:10269000240113058402930520036358F000834747
:1026A000B401B385B70293850519EF10D0038347B2
:1026B000D401FD17A30EF40085BF1C4C0357840101
:1026C000A183850793F7F703A207658FD98F231C92
:1026D000F4003DB7EFF2EEB8130585FDEFF07FEAA9
:1026E0006FF06EBA0347A50139CF0347C501AA872A
:1026F0007D171377F70F230EE50031E7EFF26EB683
:1027000083162501634AD0000347D50111E78145AF
:10271000EFF0DFDC6FF02EB703D6870111671307E8
:1027200007F0718F13858702814519EB930520030C
:102730006358D00083C7B701B385B70293850519E5
:10274000EF10607AC1BF8280EFF2AEB12E85EFF05C
:102750007FF96FF04EB3EFF2CEB083578601AE84AF
:10276000328413971701634E07001C5299CB9C4388
:1027700089CB50528297835784011167D98F231CCC
:10278000F40081C42285EFF0FFF56FF0CEAFEFF2D9
:10279000CEAAAA8413F5F507328915CDA947630B94
:1027A000F51883C74401014493F707049DCB97179D
:1027B000FF1F9387670198436306071C9717FF1F46
:1027C0009387C7189C5F9183858B639D071AA685A5
:1027D00002972A8439A003574600954763E6E7002D
:1027E0007D5422856FF0EEA83285368AEF304FC9CE
:1027F0009317150193D937019717FF1F938747FD4B
:102800009C43935AF500C20A93DA0A018DCB838761
:10281000440163D60702DC4813F717009717FF1F20
:102820009387C7129C43998F13D78700E207B3E7BA
:1028300037012320FA002322EA0001445DB74A85CC
:10284000EF304FC7096B83DB84002A898144171C52
:10285000FF1F130C6C47930C80047D1BEF202FF699
:10286000E3D0A4F83384940383270C003E941844E7
:102870005444B37767016390370583572401638D10
:102880007701638A0A021C4C0346A401FD8B85076D
:102890006313F6022319740183172401E352F0F441
:1028A0002320EA002322DA0063190900A9552285B2
:1028B000EFF0DFC259B7850455B74A85EF900FFC9A
:1028C0001C4C7D15FD8BE3CDA7F013058402370A60
:1028D0000040EF10C0627D1A854A4A85EF90CFF71D
:1028E00001E98347A401A9C72285EFF09FC9B1B7C9
:1028F0005840B30745018A07BA979C439304F5FFF4
:102900008DC393F9F40F8A094E970843EFF0AFF4A3
:102910005C40BE9923A009008347A401FD17230D45
:10292000F40033959A001345F5FF3379A90075B784
:102930008145B5BF035746008947E3F3E7EA03D76C
:10294000A4009717FF1F83D7A7370144E31BF7E8BD
:102950003285EF300FAFAA894A85EF306FB2D0448D
:1029600093F9F907AA8621829377F60705461D8E0B
:1029700083D5A40003D584004E961376F60FEF504E
:102980002FFD85B59717FF1F938787FA9C436154E6
:10299000E38907E44A86A685829725BDEFF26E8912
:1029A0007971AA8A2E8A32C0368B3A848144014DCD
:1029B00001499719FF1F93892931930B8004EF2058
:1029C0000FE063CCA414F15463050D1403A64A0070
:1029D000630504188347040093E707F8230BFD0001
:1029E00083D78A0003574A00B33580002318FD00BF
:1029F00083574600A1492319FD009307F7FF11E013
:102A0000B149B3C7370383568D011715FF1F13054F
:102A1000E5F3231AED00819A9605FD8BDD8E231CCC
:102A2000DD008507230DFD001C4503284500898333
:102A300013F717001C41998F13D78700E207B3E7FC
:102A400007012324FD0083A70A002326ED0023228B
:102A50006D032320FD0082472320FD0293070040E1
:102A6000231EFD0083C7AA00A30BFD0003A78A0055
:102A70004D839377070413F7F6FB5D8F231CED005E
:102A800083C7BA001377F7F79316F900858B9E0773
:102A90005D8F93171701C583D58F13D78700231C2C
:102AA000FD0093770708A30CFD0083578D011307E2
:102AB000F00F93F7F7FDCD8F231CFD008347A60091
:102AC0002AC2639DE70AEF501FAFA30DAD00971414
:102AD000FF1F9384E4CF9C40130C8D00638807167E
:102AE00083270D0003278D0103562D0183D58A000E
:102AF00003D5C7017D8B0507E286EF707FF1631771
:102B0000051483172D016353F0146A85EFF05F936A
:102B1000E554268545616FE09EF5B387740303A7EE
:102B20000900BA9703C7A7010DC703D68A0083D649
:102B300007010147631BD60003A74A0083D727017B
:102B4000035747001D8F133717003369E9008504C9
:102B5000BDB5E31E0DFE3E8DDDBF83572600054744
:102B60008D07C207C1836365F700930700F8BDB501
:102B700083A78A00E98393E707FC8DB5A30DFD00C9
:102B8000B9B73247035CA10063F3E7003E8C83A72B
:102B90000C00420C135C0C019C4362D001460C10EB
:102BA00001458297AA8935D1E2855285EF203FF70A
:102BB0006286AA854E85EF80806B83274D00131CAB
:102BC0002400E29723A037019C40A1CF1C103ECAED
:102BD000B70710003ECC50081C10A2856A853ECE77
:102BE000EFF06FCF03278D0109467D8B6303E4006F
:102BF000054603AE0D0005485C080507DE868145E5
:102C00005685029E19CD83A74A0083974700635AD1
:102C1000F0004E85EFF02FC483274D003E9C23200B
:102C20000C0005041374F40F83574A00B9FB9C4051
:102C3000A9C383274D009C438DEF6A85EFF05F8029
:102C40000245DA85EFF0CFBE8144E1B5814B11E05A
:102C5000E28B93970901C1830144231531013EC6DC
:102C600097AC0000938C8C04971DFF1F938D0DB6BD
:102C700065BF63050900EF903FAEF9B76A85EFF0D5
:102C80005F909717FF1F9387E7CA9C438144E382B5
:102C900007E892479C5F9183858BE38C07E6EF9072
:102CA000CFA385BDEFE2FEDBEF206FB19307800479
:102CB0003305F502A145EF908FBE01E565556FE044
:102CC0009EDC9717FF1F23A1A70001449714FF1F45
:102CD000938484FF13098004EF206FAE6369A4021C
:102CE000EF20EFAEA1451A05EF906FBB61D99717A2
:102CF000FF1F23A9A7FC0144B1441719FF1F1309A3
:102D000069FCEF20CFAC6364A40201454DBFEF2006
:102D10000FAA91450A05EF908FB84DD133072403D0
:102D20009C4005041374F40FBA97C8C375B7EF201D
:102D30000FAB335595029145420541810A05EF904D
:102D40000FB62DDD83270900131764000504BA9719
:102D5000C8C31374F40F75B7EFE21ECFC1642A899C
:102D600001449719FF1F938969BE130A8002FD145D
:102D7000EF20AFA16345A40001456FE03ED03305CD
:102D8000440383A7C90A3E958357050063869700CD
:102D900083572500E38327FF0504D9BFEFE27ECCEC
:102DA000C167BA841387E7FF41113684639BE5004E
:102DB000238004009717FF1F9387C7C21CC0814759
:102DC0001DA8F5172A896391F50432852EC632C4F1
:102DD000EF10AFC571FD9717FF1F938727CC9C435A
:102DE0002246B24513971701635007023285EFE080
:102DF0003FAD11E5FD573E8541016FE0DEC811058D
:102E000008C02380040065BFE30609FE2E85EFF0AD
:102E1000BFF4E1576DD10347F9018947631DF700FE
:102E20008347450089CB930775011CC08347650123
:102E30002380F40069B7930765001CC083475500E1
:102E4000C5BF83D7450099E77D5582807D550561D3
:102E50006FE0DEC2EFE25EBF130700182A840111A3
:102E60002D55E366F7FE2E85B6893289AE84EF20B4
:102E7000FFCC8D47E3FCA7FC03DA4400EF20EF9181
:102E800011055C406358450103C79700136707F8B5
:102E9000A384E70003D6470083D527000840130723
:102EA000B1017408EFF09FEF5DF18347B101139713
:102EB00027008347B4008D8BD98FA305F4005C40B5
:102EC0008387970063D907002685EF203FC7133516
:102ED0008500134515008347B40006059166F59BF0
:102EE0005D8D5C40A305A400014703D54700A167A1
:102EF000A98F63F5D700EF508FFA2A875C409716A9
:102F0000FF1F9386A6A483A8060083D5270003D8B5
:102F100047009C4610448D058983858BB387F84014
:102F20003EC0C20583A8460083578400724565826F
:102F3000C181A686058A93B52500EF700F99E31825
:102F400005F05C400147CE86838797004A86A685B8
:102F5000228563D50700EFF07FA4D5BDEFF0AFA0C9
:102F6000FDB5EFE21EB032883A86139706010111D3
:102F70004183A307B100231CE100231DE10042CAE5
:102F800042CEAD45584163F8D5008345970093E59F
:102F900005F8A304B700FD562311D70003079700D7
:102FA000635B07001307F100BE864C08EFF01F9F1C
:102FB00005616FE05EAD1307F100BE864C08EFF0CF
:102FC0008F9AFDB7EFE25EA83E848357C5010111D9
:102FD000231901002314F100FD572315F1003C00D3
:102FE0002ACA23170100231801002316C100230950
:102FF000D10002CE3ECC2E89BA89C2842E856304CC
:103000000800EF100F95231EA100EF50AF9B9717FC
:10301000FF1F9387A7939C5F230FA1000145918316
:10302000858BADE3420913590941635D200503D740
:1030300009001398F40099464E0745833368070149
:10304000931788004208135808011358880033E882
:1030500007019357040113D78700A301F1009317C9
:1030600084004204418021805D8C2301E10081477E
:1030700001470A8681454808231001012312810077
:10308000EFF03FEE05616FE07E9FEFE29E9D2A84A8
:103090009304C5FDEF10DF8F8327C4FF1D8DBD672F
:1030A000938707A663F8A70081452685EFF06F9AFE
:1030B0006FE07E9D032804FF8355E4FE832784FF91
:1030C000834644FF0356C4FE0325C4FD1358F8018C
:1030D000130744FEEFF01FEF2685EFE07FF9AA8586
:1030E0002285EF005060E9B7EFE2BE9701112E890B
:1030F000AA84EF509FD62A84FD572315F1008357E9
:10310000C40203554503231901002316F100834728
:10311000140323170100231801002309F1002314CD
:10312000A10002CA02CC02CEEF908FAF2ACA08409B
:103130003C003ECCEF10EFA083570500231EF100AA
:10314000EF504F888357C402230FA100B1CF8347AC
:1031500014032302F100EF502F947D151334150052
:10316000EF50CFB685476314F50013642400EF5089
:10317000EF9385476314F500136444009707FF1F1E
:103180009387C77C9C5F9183858B99C3136484006C
:10319000CA8726878D465000A9454808A30201002A
:1031A00023038100EFF0FFDB05616FE0DE8DEFE2CE
:1031B0005E8B81450145EFF03FF36FE0DE8CEFE27F
:1031C0005E8A01449714FF1F938404B0130980049E
:1031D000EF10FFDE6345A40001456FE0DE8A330790
:1031E00024039C40BA9783C7A70199E30504CDB790
:1031F0000545E5B7EFE2FE86AA8401441709FF1FE3
:103200001309C974EF107FCF6353A4028327490BBE
:10321000131534003E9583570500639C97002310D7
:1032200005002322050023010500EFC01FBC6FE04D
:103230009E850504C1BFEFE23E812A842E89EF10EE
:10324000DFCD19C1014565A083474401414793F68D
:103250000703E389E6FE93F70704EDD7EF10FFC9F4
:1032600075D181448149170AFF1F130A2A6EEF1096
:10327000DFC863CCA900EF105FC8639BA90E81442F
:103280009709FF1F9389896C89A883274A0B939418
:103290003900BE9403D7040083578400E30DF7FC84
:1032A0008509F1B783A7490B139534003E958357E1
:1032B00005009DE3630509002320A90061B783573A
:1032C00084002310F5001C485CC15C48858B2301F9
:1032D000F500EFC09FB1BDB78504EF101FC2E3C377
:1032E000A4FCEF109FC285476305F50005456FE01C
:1032F000EEF89714FF1F83D4C49C1707FF1F130712
:10330000E764939734008324470BBE9403D50400ED
:10331000EFB0CFF703D50400EFF0DFED630C090247
:10332000232099009717FF1F83D7A79985071717A1
:10333000FF1F2318F798EF105FBC42059717FF1F78
:1033400083D727984181E3EFA7EE9717FF1F239AB2
:103350000796CDBD8357840026852390F4001C4832
:10336000DCC05C48858B2381F400EFC01FA85DBFE3
:103370008347440103C72400858B99C725DBD840C8
:103380001C48E375F7F611A07DDB630509002320D7
:1033900099004DBD8357840026852390F4001C4876
:1033A000DCC05C48858B2381F40025B7EFE26EE832
:1033B00003584500217102D29147832B050063E732
:1033C00007017D594A8539616FE06EEA2E842A8AA9
:1033D0004C102285BA8DB689328CEFF0DFE575F19D
:1033E00085455285EF206FF25285EF207F891319B2
:1033F00035000981896442054181938CF4FFB374DF
:1034000095015285EF20FF83137989019357550069
:103410003369F900137DF5011379F90F137BFD0F63
:10342000E3612BFB5C481848970AFF1F938A0A52F6
:1034300093F6170083A70A00B3049740B3F49401EE
:10344000958F93D68700B3049740E207DD8C23A2C3
:10345000D90023A09900930C1B0023809D01814675
:1034600036CEEF10DFB6F2461718FF1F1308888517
:1034700063D0A6048327080093946600BE949848FE
:103480001C446316F706D84483A749008C4403A65E
:1034900009006366F7006390E74863FEC54683C78B
:1034A000740193F70704A1C785452685EFE07FDA0D
:1034B0005C4821478D83858B91E33147B3046703D3
:1034C000EF10FFB163C4A404032844018346E40061
:1034D000035684008355A4000840135878001378DD
:1034E000180081474E87EFF0FFAD2D59E1BD8506ED
:1034F00085BF835784002310F5001C485CC15C48DD
:10350000858B2301F500EFC05F8E49A19707FF1F50
:103510009387072C9C4381EF814DEF105FAB97079A
:10352000FF1F9387277A63CBAD045D5961BD5C486B
:103530001307000893F7070CE390E7FE1C4003C74E
:103540000D000356A4008355840003D5C701CE8621
:10355000EF700FCC71F1032844018346E400035659
:1035600084008355A400084013587800137818008D
:1035700081474E87EFF01FA56559A9B598439394ED
:103580006D00BA9403C774019376070499C2850D40
:1035900069B713670704A38BE4001C409CC05C4818
:1035A0008A0793F607029377F7FDD58FA38BF40074
:1035B00003A6090083A64900819BB3E7A701A38B5B
:1035C000F40090C4D4C403C70B0093F7F707238B10
:1035D000E4000347E400238CE400035784002398AD
:1035E000E4000357A40023AE04002399E4005848E4
:1035F00013770708D98FA38BF400DC4CB3D72701CE
:10360000858B63950738DC4803574A00F583858B23
:103610006317690B93160901C182214691E3314674
:10362000B387C6023E97239AE400EF106FB6138D5E
:10363000440288D06A85EF00D00009ED83A78A0391
:103640009183858B81EB2685EFE09FA2AA856A8511
:10365000EF0070095C4821478D83858B91E33147EA
:10366000DC40BAC017970000130747641843931D46
:103670002900130B01041843EE970146DA85014532
:103680003ECE0297F24788C3DC40BE9D03A50D00E5
:103690000DED032844018355A4008346E40003563E
:1036A00084000840135878001378180081474E872B
:1036B000EFF05F9185452685EFE0BFB975BDA14666
:1036C00091E3B146E383E6F6EDB903564A0083255C
:1036D0000A00054A33192A01EF707039DC4C6686FE
:1036E00005453369F90023AE24018145EF70003CA4
:1036F0007D156306A90023204C010149E1B1125553
:1037000009CD835784002310F5001C485CC15C4838
:10371000858B2301F500EFC04FED89472320FC0086
:103720006A85EF00C07D03A84401DC4C8346E400B9
:10373000035684008355A40008404E871358F801AF
:10374000EFF05F888347440113F7870005CBB70785
:10375000000101464C1826853EDC5ADA5ADEEFE0BD
:10376000FFB883C50B00CE8650182285EFF02F825C
:103770002A8981452685EFE0DFADA9B183C91B0009
:1037800003AA84003707800183CC0B00220A3AD6B3
:1037900093D979005AD45AD8135A8A0083D644014F
:1037A00025476393090015477D59E3C4E6FC1707D5
:1037B000FF1F1307E701184311C793F7070499E3A5
:1037C000014945BF0355A400A1671167A98F814B2B
:1037D00063F5E700EF40BFECAA8B93D76C00858BB5
:1037E000BDCF114C63830900214C420C135C0C01CA
:1037F000014B130D8002EF104FF993170B01420597
:10380000C1834181E3FEA7FA03A3CA0AB30DAB0348
:103810004E862C1026851ACEEFE05FADA25783A509
:10382000CA0A930841033EDE3EDA83D744011308F7
:1038300081026687B3878741231DF102DE86CE872A
:103840005286EE952285231C0102EFE01FB12A89E2
:10385000050B55F172439A9D83D72D0075A09707EC
:10386000FF1F9387A7239C431397170163500704F7
:103870004E862C102685EFE07FA7A25721473EDE1B
:103880003EDA83D74401639309001147998F231DC2
:10389000F10238105C18CE865E86D2852285231C04
:1038A0000102EFE05FB32A89F55739CD4E862C101F
:1038B0002685EFE0BFA3A25721473EDE3EDA83D73D
:1038C0004401639309001147998F231DF1025C485D
:1038D00052C0341013F7170083A70A004E8685459F
:1038E000998F3EC28358A40003588400DE8758187D
:1038F0001705FF1F1305050F231C0102EF609F85AD
:103900002A89F957E31705E62313F4004C1822859A
:10391000EF00DFD7B9BDE3E6E7AA6314F700E3627F
:10392000B6AA03C70B0083C76401E31CF7A803AD65
:10393000440193578D01FD8BE39567A95C481357AC
:10394000DD01058B8D83858BE31DF7A683C774018D
:1039500093F70704E39307CADC4C66860545814567
:103960003ECEEF70A014F2477D15E39CA7A48346DA
:10397000E400035684008355A40008401358FD0159
:103980004E87EFF02FE41255E31505B679591DBCAB
:103990009707FF1F2396A7328280EFE28E89397145
:1039A000FD57170AFF1F130AAAE23ED683270A0013
:1039B0007D573AD402D2A3010102AA842E846387E0
:1039C00007109C4183D5A50003D5C701EF704F8038
:1039D000834744011E0593F7F707C98F230AF400B4
:1039E000A5452685EF206F92970AFF1F938A8AF4D8
:1039F00083A70A008DC71707FF1F130727F51C5F52
:103A00009183858B89CF8347440193F6070381EA2D
:103A10005453214769596397E60A918BC5C7268598
:103A2000EF202F919C40AA8B03DC44008387070082
:103A300063D3070A5C48014993F7070CC1C7130712
:103A4000310234105010A2852685EFF03F962A8966
:103A500083A70A0085C31707FF1F130727EF1C5F03
:103A60009183858B81CB5853A1476315F70022853D
:103A7000EF808FDC9C44C20B93DB0B01BE9B832742
:103A80000A0023A07401239284018DCF830744018F
:103A900063DA0702631809029707FF1F938707D3AA
:103AA00083A80700A257FD5612560347310201486A
:103AB0006393D71CB2566390F61CA6878146A285F5
:103AC000014582984A8521616FD07EFA83C74501FE
:103AD00093F7F70721B78547A301F10263140C00A0
:103AE0007D59BDB781452285EFF0EFF475F9268544
:103AF000EF202F9583474401AA8CA18B81CBAA8507
:103B0000341026862285EFE09FC891B75C480149B2
:103B100093F7070C95DFEF104FC81105420541815F
:103B2000EF20E004AA89630605142ADA231C0102A7
:103B3000EF10AFC603D744001105231DA1024EDECE
:103B4000914763E6E7004E85EF10507D51BF832714
:103B50000A0091CB8347440193F7070489E74E8518
:103B6000EF10D07BF5B50355A400A1671167A98FAD
:103B7000014B63F5E700EF409FB22A8B83D74400E7
:103B8000F1172392F40093D76C00858BE1E397073C
:103B9000FF1F9387A7F09C431397170163510702F8
:103BA000F2570C4826873EDA81465C185A862285F1
:103BB000231C0102EFE03F822A89F55739C1F257F1
:103BC0008358A400035884003EDA5C48A686014668
:103BD00013F717009707FF1F938747D79C43854527
:103BE0001705FF1F130505E0998F3EC21C485818A2
:103BF000231C01023EC0DA87EF60CFD52A8925F168
:103C0000F9572313F4004C182285EF003FA881BF19
:103C100093078002B387FD02032ECD0A1048930854
:103C2000410326886687DA862285231C0102850DDA
:103C30003E9EF257F28572CE3EDA8147EFE0EFF119
:103C40002A8911E9724E83572E0065BF814D170DE9
:103C5000FF1F130DADCFEF104FB3420593970D012A
:103C60004181C183E3E6A7FA4E85EF10306B01492D
:103C7000C5B35D59F1BBA687341091B582808280AF
:103C8000EFD23EDE01449704FF1F9384A403EF109C
:103C90000FB46344A4029707FF1F938727CB03A4A5
:103CA000470BEF108FA51316350081452285EFD005
:103CB0005EDEEFC06F956FD01EDD88409317640005
:103CC00085453E95EFE0EFD80504D1B7EFD27ED918
:103CD00001449704FF1F938424FF13098004EF100D
:103CE0000FAE6344A4006FD01EDAB30724038840EC
:103CF00005043E95EFE0CFF4DDB7EFD2FED40144EA
:103D00009704FF1F938444FC1309800497F9FFFF75
:103D10009389899CEF10AFAA6341A40201449704E0
:103D2000FF1F938424FA17F9FFFF13094936EF1098
:103D30000FAA634EA4006FD07ED4B307240388403B
:103D4000CE8505043E9513058502F928E1B7884024
:103D500093176400CA853E9513054502F1200504BA
:103D6000F9B7EFD21ED01C452A84858BA1CF9706C8
:103D7000FF1F9386A6F59C42014795C36311F40487
:103D80001C40D4420DE71707FF1F2321F7F46316E9
:103D9000D4001707FF1F232DF7F2232004001C4433
:103DA000232C04000145F99B1CC46FD0DECD1CC33D
:103DB000E315D4FE9707FF1F23ACE7F0F9BF3E875A
:103DC0009C4365BF3105ED2CD9BF8589B1C1EFD2C8
:103DD0005EC91704FF1F130464EF08401DC51C4192
:103DE0001707FF1F2324F7EE58406316E500170757
:103DF000FF1F232FF7EC1C45584193F6E7FF14C52E
:103E0000858BE1DF79DB0297C9BF01456FD0BEC763
:103E100001458280EFD2FEC42E8431468145EFD029
:103E20005EC740C16FD03EC6EFD2BEC32A84EFF05A
:103E30007FFE2326040023280400232C04006FD0D7
:103E40009EC4EFD21EC23105F92295473305F50213
:103E5000A1473345F5026FD01EC39C4513E71700F9
:103E600098C5858B9DE3EFD2DEBF5C4123A00500A2
:103E700091EB4CC10CC1034585008545EF20C00383
:103E80006FD07EC08CC34CC1FDB78280EFD2DEBB49
:103E90003559634A06009C4DB2842E84AA8999C77D
:103EA00031596387A7004A856FD05EBD014919E586
:103EB0002285EFF01FEB2A89E34705FE8E04954526
:103EC000B3C5B402232C34011305C4006122E1BF41
:103ED000EFD23EB9AA851705FF1F130525DFEFF0C6
:103EE000DFF76FD05EBAEFD2DEB72E86AA85170550
:103EF000FF1F1305A5DDEFF07FF96FD0DEB81C4D75
:103F000099C7EFD21EB6EFF0DFE56FD0DEB77D5573
:103F10008280EFD21EB517050000130545EBEF2098
:103F2000404E9707FF1F938767DA2384A70023A0DB
:103F3000070023A207006FD01EB597E7FE1F9387E7
:103F4000E7C788436313F50001458280EFD27EB155
:103F5000EFF0BFFEFD5711C11C453E856FD0BEB2CC
:103F6000EFD23EB0EFF07FFDAA87014599CB8047A5
:103F700085451705FF1F034525D6EF20601B330538
:103F8000A4406FD05EB0EFD2DEAD41112AC68545A8
:103F90001705FF1F034545D4EF202012854517055F
:103FA000FF1F034565D3EF10D0753246634A060004
:103FB0001705FF1F034545D2854511E6EF10D06F69
:103FC00041016FD05EACEF10B078DDBFEFD27EA9BB
:103FD000930545FF4845EFF05FE86FD0DEAA85897D
:103FE0008DC9EFD21EA8EFF05FF509CD54411841FD
:103FF0002324050098C254C3232005002322050072
:10400000EFF0DFFCEFF09FF4EFF0FFF701456FD02A
:104010009EA7014582801C4185CFEFD29EA4AA8431
:10402000EFF0BFF197E7FE1F938747B9DC430144E8
:1040300019E5EFF0FFF23305A4406FD0DEA4184578
:104040003A94E30895FE75D5E305F5FE0841CDB732
:1040500001458280EFD2FEA00CC52A84EFF05FF00C
:10406000AA84EFF09FED01C51C45858F1CC5EFF0BC
:10407000DFEC97E7FE1F938767B4D04311E950C088
:104080001CC0DC4380C397E7FE1F23AB87B229A87F
:10409000144518446350D7025C413387E64018C585
:1040A0005CC008C080C340C1EFF05FEAEFF0BFED35
:1040B0006FD07E9D158F18C4E303A6FC08417DBF19
:1040C000EFD23E9A1C41FD54B1C72A84EFF0FFE6BF
:1040D0002A89014563142401EFF09FE817E7FE1FCA
:1040E0001307C7AD58431C406308E40091C7184448
:1040F000098F88473A9588C7584081441CC3D8C364
:10410000232004002322040063162401EFF01FE49F
:10411000EFF07FE726856FD01E97EFD29E941705AC
:104120000000130505ECEF20C02D9707FF1F238526
:10413000A7BA6FD05E955971A2D6A6D4CAD2CED0F6
:10414000D2CED6CC032A4500832A050083298500D8
:104150000329C50004494049832385018322C50101
:10416000DACADEC8E2C6E6C4EAC2EEC0968B9E8F0B
:10417000A28E2688CA864E8F528ED6880147179BFC
:104180000000130BEB301306000483CC050083C73B
:10419000150003C325009105C20703CCF5FFE20C0F
:1041A000B3ECFC002203B3679301B36CFC00135320
:1041B0006800B307E100131CA801336C830123A03E
:1041C0009701131358019357B800B3E767003343BF
:1041D000FC00135C980193177800B3E78701B3479D
:1041E000F3001343F8FF337CD8013373F3013343F7
:1041F00083019A973303EB0003230300139C3801D8
:1042000011079A97E697DE971393E80193DB28004E
:10421000B3EB6B0013D3D8003363830133C36B005C
:1042200013DC6801939BA800B3EB8B01B34B7301C4
:104230003343EE0133731301337CEE0133438301C7
:104240009A9B3383D700DE97FA86FE8B6315C716D9
:10425000979500009385C523C146930B0004138BEB
:1042600016001377FB0090000A073297832D07FC96
:104270009105139C9D0113DD7D00336D8D01139716
:10428000ED0013DC2D0133678701334DED001387FB
:10429000E6003D8B0A073297832C07FC93DD3D0037
:1042A000334DBD0113D71C011396FC0013DC3C01F8
:1042B000598E1397DC0033678701398E13F7F600A8
:1042C000A506BD8A130C01048A060A076297E296C6
:1042D00003AC06FC832607FC93DCAC003346960156
:1042E000369C6A9C329C935663001316A301558E2C
:1042F000232087FD931653011357B300558FB34600
:10430000E6001356930113177300518F358F9346B0
:10431000F3FF33760301B3F6D601B18E3697D45D41
:1043200013D6270036976297139CE701336C8601FA
:1043300093D6D70013963701D18E7E973346DC0093
:1043400093DF67019396A700B3E6F601B3CFC801E8
:10435000B18EB3FFFF0033F6C801B3CFCF00FE9696
:104360003306E701F68F3697728FDA86631C7B057A
:10437000229336545697D297CE984A9EB2941E985E
:10438000969E04C918C15CC1232415012326C501CA
:10439000232A6500232C0501232ED501A654165986
:1043A0008659764AE64A564BC64B364CA64C164DB5
:1043B000864D65618280F68F728FC28E468E1A8816
:1043C000BE88E1B3C28E468E1A88BE883283BA8711
:1043D00079B525C5EFD2EEE81306000781452A849A
:1043E000EF50AF9CB7E7096A938777661CC0B7B7F1
:1043F00067BB938757E85CC0B7F76E3C9387273756
:104400001CC4B7F74FA59387A7535CC4B7570E5189
:104410009387F7271CC8B777059B9387C7885CC825
:10442000B7E7831F9387B79A1CCCB7D7E05B938716
:1044300097D15CCC05456FD00EE50145828039CD22
:10444000EFD28EE02A84AE84014599C93389C50034
:1044500019C69309F003130A8402631599000545F0
:104460006FD0CEE13C5485041387170038D483C63F
:10447000F4FFA2972384D702E3F1E9FED2852285D7
:10448000EFF07FCB1C5054502324040613870720E1
:10449000B337F700B69718D05CD0C1B7014582801A
:1044A0006309050EEFD2EEDBAA842E840145E5C137
:1044B000B8559C51D05193163700BE96B3B7F6004D
:1044C000B29713051700DCD194D1930700F8A8D553
:1044D0002E972304F702930780031389850263FF55
:1044E000A70013060004098E81454A95EF50EF8B13
:1044F000CA852285EFF03FC42324040628541306FE
:1045000080038145098E4A95EF502F8A8356040215
:1045100018505C5013968600A182D18E2313D406C6
:104520009356070161832302E40613D78700A30192
:10453000F4062301E40613D70701E183A302D4069E
:104540002300F406A300E406CA852285EFF0BFBE6F
:104550008147930600023307F40018439104910742
:1045600013568701238EC4FE13560701A38EC4FE83
:1045700013568700238FC4FEA38FE4FEE39DD7FC70
:104580002285130600078145EF502F8205456FD025
:104590008ECF0145828011E282807D16B387C500EF
:1045A00003C70700B307C5002380E700EDB797F7FF
:1045B000FE1F23A5A7728280EFD2AECA1C412A84B7
:1045C000B284858B014989CBB2862E86AA8597C095
:1045D000FE1FE780E0402A89A685228597C0FE1F3E
:1045E000E780003E630A09008A04F11426941C4007
:1045F00037070080D98F1CC06FD0EEC8EFD2CEC471
:10460000039A260093070002AE891304FA0133448B
:10461000F40293844602AA85B28A4E85268605490D
:1046200062046184A28697C0FE1FE780603B11EDA3
:10463000931754000149635AFA00D2854E8597C0FA
:10464000FE1FE780402E3339A000A2862686CE8545
:10465000568597C0FE1FE780A0384A856FD00EC2EE
:10466000EFD28EBE011121462E842A8997C0FE1FEB
:10467000E78020305C54A1460A863EC61C588A85D5
:104680000A853EC85C5802C402C23ECA1C5C02C015
:104690003ECC5C5C3ECE97C0FE1FE7806034AA84AF
:1046A000A1460A86CA854A8597C0FE1FE780403327
:1046B0001C58AA94A1463EC65C580A868A853EC804
:1046C0001C5C0A8502CE3ECA5C5C3ECC97C0FE1FD5
:1046D000E7800031AA94A1460A86CA854A8597C018
:1046E000FE1FE780E02F1C50AA94A1463EC05C50FC
:1046F0000A86CA853EC21C544A8502CA3EC41C5C56
:1047000002C802C63ECC5C5C3ECE97C0FE1FE7806E
:10471000202D5C50185CAA943EC01C543AC8585CCA
:104720003EC25C54A1460A863EC45C58CA854A858E
:104730003EC63ECC1C503ACA3ECE97C0FE1FE78014
:10474000202A5C54AA94A1463EC01C580A86CA85F9
:104750003EC25C584A8502CA3EC41C5002C802C60A
:104760003ECC1C543ECE97C0FE1FE780002B1C5849
:10477000898CA1463EC05C580A86CA853EC21C5C34
:104780004A8502CA3EC45C5C02C83EC65C503ECC50
:104790005C543ECE97C0FE1FE78020285C58898C71
:1047A000A1463EC01C5C0A86CA853EC25C5C4A8546
:1047B00002CC3EC41C503EC65C503EC81C543ECA8F
:1047C0001C583ECE97C0FE1FE78020251C5C898CBC
:1047D000A1463EC05C5C0A86CA853EC25C504A85E2
:1047E00002C43EC61C5402CC3EC85C543ECA5C584F
:1047F0003ECE97C0FE1FE78040223384A44097D46A
:10480000FE1F9384643C63470402854911E82146F6
:10481000CA85268597C0FE1FE780E003630735033E
:10482000A1462686CA854A8597C0FE1FE780E01EFE
:10483000098CE9BFA1462686CA854A8597C0FE1F16
:10484000E780001A2A94E34704FE05616FD00EA3A7
:10485000EFD28E9F1D712A8432892E8A714681453E
:104860004800EFD00EA3830409008D475286A68628
:10487000D28508103EC097C0FE1FE78040218327E5
:10488000C90A0C1022858297A6860A86A2852285EF
:104890009309490097C0FE1FE780201809C9A68622
:1048A0004E86A285228597C0FE1FE780601383068F
:1048B00009005286A285081097C0FE1FE780201DC0
:1048C0008327C90A0C1022858297A68613064908F9
:1048D000A285228597C0FE1FE780801019E92686F1
:1048E000A2854E8597C0FE1FE780E0F68547630AE4
:1048F000F500A6864E86A285228597C0FE1FE7801A
:10490000C01125616FD08E97EFD20E94838406007C
:1049100019712A89AE8A3285A6853284B68997C0F4
:10492000FE1FE78020FE6319052CA6865686D685D5
:10493000880097C0FE1FE780801583A7C90A8C00F6
:104940000A858297838609000A86CA85880097C0EF
:10495000FE1FE780C01383A7C90A8C000810829746
:10496000838609000A868A85880097C0FE1FE78033
:10497000001283A7C90A8C000A85829783860900E2
:104980002286D685880097C0FE1FE780401083A747
:10499000C90A8C0056858297838609002286A285E3
:1049A000880097C0FE1FE780800E83A7C90A8C008D
:1049B00022858297A6862286CA854A85138A49005F
:1049C00097C0FE1FE780C00119E92686CA85528577
:1049D00097C0FE1FE78020E88547630AF500A6869A
:1049E0005286CA854A8597C0FE1FE7800003A686C7
:1049F0002286A285228597C0FE1FE78060FE19E906
:104A00002686A285528597C0FE1FE780C0E48547B1
:104A1000630AF500A6865286A285228597C0FE1FEE
:104A2000E780A0FFA6862286CA85228597C0FE1F42
:104A3000E780A0FE09C9A6865286A285228597C076
:104A4000FE1FE780E0F9838609002286CA85880078
:104A500097C0FE1FE780A00383A7C90A8C004A8580
:104A60008297A6864A86CA85228597C0FE1FE78060
:104A700020F719E92686A285528597C0FE1FE78098
:104A800080DD8547630AF500A6865286A2852285C9
:104A900097C0FE1FE78060F8A6862286CA854A85F1
:104AA00097C0FE1FE780C0F319E92686CA855285A4
:104AB00097C0FE1FE78020DA8547630AF500A686C7
:104AC0005286CA854A8597C0FE1FE78000F581455A
:104AD0004A8597C0FE1FE78000E563020512A6869F
:104AE0005286CA854A8597C0FE1FE78060EF2A8BF1
:104AF000A6854A8597C0FE1FE78080EC9397240027
:104B0000F117CA9788437E0B3365650188C3838696
:104B100009004A86CA85880097C0FE1FE78020F7F3
:104B200083A7C90A8C0022858297A6861010A285C9
:104B3000228597C0FE1FE78040EE09C9A6865286EF
:104B4000A285228597C0FE1FE78080E9A686101007
:104B5000A285228597C0FE1FE78020EC09C9A686A2
:104B60005286A285228597C0FE1FE78060E70C1061
:104B7000A68622862E8597C0FE1FE78000EA09C917
:104B80000C10A68652862E8597C0FE1FE78040E552
:104B9000838609001010CA85880097C0FE1FE78031
:104BA00000EF83A7C90A8C004A858297A6860A86E9
:104BB000CA850A8597C0FE1FE78020E609C9A68638
:104BC00052868A850A8597C0FE1FE78060E12686A7
:104BD000A2854A8597C0FE1FE780A0D92686D68584
:104BE000228597C0FE1FE780C0D826868A85568515
:104BF00097C0FE1FE780E0D709616FC03EE8A68539
:104C00004A8597C0FE1FE780A0DB11B7EFC2DEE345
:104C1000AE8919712A89B6854E85B284368497C0CB
:104C2000FE1FE78020CE11C9A2854A8597C0FE1FCE
:104C3000E78080CB09616FC07EE42286CE850A853D
:104C400097C0FE1FE780E0D22286A685081097C095
:104C5000FE1FE78000D2A285880097C0FE1FE78074
:104C6000A0C88547A2858810BEC097C0FE1FE780F8
:104C7000A0C722860C100A8597C0FE1FE780A0BD42
:104C800009E922868C004A8597C0FE1FE78060CE26
:104C900055B78247858B89EFA2850A8597C0FE1F8D
:104CA000E78000D22286A6858800EFF0FF90D1B77A
:104CB0008257858B99EBA285081097C0FE1FE7806D
:104CC00020D02286A6858810CDB7A2866359A0047D
:104CD00010108A850A8597C0FE1FE78000D4A28540
:104CE0000A8597C0FE1FE780A0CD22868C10880021
:104CF00097C0FE1FE78020B6635A05008C00A2868D
:104D000026862E8597C0FE1FE78080CD8C00A28668
:104D100090102E8597C0FE1FE78020D061B70C1041
:104D20000A862E8597C0FE1FE78020CFA285081037
:104D300097C0FE1FE780C0C822868C00881097C0ED
:104D4000FE1FE78040B1635A05008C10A2862686BC
:104D50002E8597C0FE1FE780A0C88C10A286900009
:104D60002E8597C0FE1FE78040CBA1BFEFC27ECC4F
:104D7000038C070069712AC2B28D080962862E8DE4
:104D800036C63E84BA8B97C0FE1FE78080BE93175D
:104D90002C003EC4EA976286BE8588093EC097C053
:104DA000FE1FE78000BDB246830404006384066CE6
:104DB0002686B685081897C0FE1FE78080BB26862A
:104DC0000C09881897C0FE1FE780A0BA26868C09B8
:104DD000081997C0FE1FE780C0B9830604001018A9
:104DE000B285881997C0FE1FE78060CA8327C40A6E
:104DF0008C19880882978306040090080C0988198A
:104E000097C0FE1FE780A0C88327C40A8C19080931
:104E100082978306040010188C08881997C0FE1F1B
:104E2000E780E0C68327C40A8C1988088297830626
:104E3000040090088C09881997C0FE1FE78020C5E0
:104E40008327C40A8C19880982978327440AA2867B
:104E500010188C0908098297830604001018B2857F
:104E6000881997C0FE1FE78080C28327C40A8C1967
:104E7000880882978306040090088C18881997C0C8
:104E8000FE1FE780C0C08327C40A8C198818829748
:104E90008306040010188C08881997C0FE1FE7804D
:104EA00000BF8327C40A8C198808829783060400F0
:104EB00090080C19881997C0FE1FE78040BD832712
:104EC000C40AF91B8C190819C20B829793DB0B419A
:104ED00013094400854C830404006346705B8145DC
:104EE0006E8597C0FE1FE78000A4B339A000960925
:104EF0009C18338A3701933A15001C19960ABE99FB
:104F00009C18338B5701A6861C195286DA8508082F
:104F1000BE9A97C0FE1FE78040B009C90C08A6865C
:104F20004A862E8597C0FE1FE78080AB830604006B
:104F30001008B285881997C0FE1FE78040B5832707
:104F4000C40A8C1908088297830604001008D285C9
:104F5000881997C0FE1FE78080B38327C40A8C1985
:104F600052858297830604001008DA85881997C055
:104F7000FE1FE780C0B18327C40A8C195A85829727
:104F8000A6864E86D685080897C0FE1FE78040A5F6
:104F900019E926860C084A8597C0FE1FE780A08B7A
:104FA0008547630AF5000C08A6864A862E8597C0B9
:104FB000FE1FE78080A6A6864E86D685568597C0BA
:104FC000FE1FE78080A509C9A6864A86D685568534
:104FD00097C0FE1FE780C0A0A6865286DA85081813
:104FE00097C0FE1FE78060A309C90C18A6864A86F1
:104FF0002E8597C0FE1FE780A09E83060400101830
:10500000CE85881997C0FE1FE78060A88327C40A51
:105010008C194E858297A6865A86D285081897C025
:10502000FE1FE780E09B19E926860C184A8597C089
:10503000FE1FE78040828547630AF5000C18A686AC
:105040004A862E8597C0FE1FE780209D83060400B8
:105050005686D685881997C0FE1FE78040A3832710
:10506000C40A8C195A858297A6861018DA855A8543
:1050700097C0FE1FE780609A09C9A6864A86DA852E
:105080005A8597C0FE1FE780A095A6865A86D285CE
:10509000880897C0FE1FE780409809C98C08A6863B
:1050A0004A862E8597C0FE1FE78080938306040002
:1050B0009008D685881997C0FE1FE780409D8327FA
:1050C000C40A8C1956858297A6864E86D685568543
:1050D00097C0FE1FE780609409C9A6864A86D685D8
:1050E000568597C0FE1FE780A08F83060400100836
:1050F000B285881997C0FE1FE78060998327C40A8C
:105100008C19880882978C08A68610182E8597C05F
:10511000FE1FE780809009C98C08A6864A862E85E6
:1051200097C0FE1FE780C08BA68652868C080818A1
:1051300097C0FE1FE780608E09C90C18A6864A86B4
:105140002E8597C0FE1FE780A08983060400100803
:105150000C18881997C0FE1FE78060938327C40A44
:105160008C1908188297A6864E860C184E8597C013
:10517000FE1FE780808A09C9A6864A86CE854E85AD
:1051800097C0FE1FE780C08526868C08528597B0A1
:10519000FE1FE780007EE28690180C09081897C071
:1051A000FE1FE780808709C90C18E2864A862E8593
:1051B00097C0FE1FE780C082830604004E860C184D
:1051C000881997C0FE1FE780808C8327C40A8C193A
:1051D00008188297830604006A860C18881997C0FD
:1051E000FE1FE780C08A8327C40A8C19081882979B
:1051F0000C182E85E2864A86EFF05FA18306040034
:1052000002460C18881997C0FE1FE7804088832744
:10521000C40A8C19081882978306040052860C1859
:10522000881997C0FE1FE78080868327C40A8C19DF
:1052300008188297830404005A86D285A6868808B7
:1052400097B0FE1FE780607D09C98C08A6864A8654
:105250002E8597B0FE1FE780A07883060400900893
:10526000B285881997C0FE1FE78060828327C40A31
:105270008C1988088297830604009008DA858819BB
:1052800097C0FE1FE780A0808327C40A8C195A8527
:105290008297830604009008D285881997B0FE1F74
:1052A000E780E07E8327C40A8C1952858297A68600
:1052B0005686CE854E8597B0FE1FE780007609C9D9
:1052C000A6864A86CE854E8597B0FE1FE780407140
:1052D000830604004E86CE85881997B0FE1FE780AE
:1052E000007B8327C40A8C19880882978C08A686BD
:1052F0005A862E8597B0FE1FE780207209C98C0858
:10530000A6864A862E8597B0FE1FE780606D8C08C2
:10531000A68652862E8597B0FE1FE780007009C9C9
:105320008C08A6864A862E8597B0FE1FE780406BC4
:10533000A6865A86D285528597B0FE1FE780E06D1B
:1053400009C9A6864A86D285528597B0FE1FE78096
:105350002069830604005286D685881997B0FE1FFF
:10536000E780E0728327C40A8C1956858297A68647
:105370009008DA85528597B0FE1FE780006A09C958
:10538000A6864A86D285528597B0FE1FE780406583
:10539000830604005286CE85881997B0FE1FE780E9
:1053A000006F8327C40A8C194E858297A68656867D
:1053B000CE854E8597B0FE1FE780206609C9A68678
:1053C0004A86CE854E8597B0FE1FE78060612686AF
:1053D0008C08528597B0FE1FE780A0598306040011
:1053E0001018B285881997B0FE1FE780406A83279E
:1053F000C40A8C19880882978306040090088C18C8
:10540000881997B0FE1FE78080688327C40A8C192B
:10541000881882978306040010188C08881997B0A2
:10542000FE1FE780C0668327C40A8C19880882970C
:105430008306040090080C19881997B0FE1FE780B6
:1054400000658327C40A8C19081982971245628661
:105450008C1897B0FE1FE780C051924722470C1965
:1054600062863385E70097B0FE1FE7808050556164
:105470006FC0EEDFA685081897B0FE1FE780C04614
:1054800085473ED82DBADE856E8597B0FE1FE78032
:105490008049133A1500B3894C4196099C18B38A88
:1054A00037011C19160ABE999C18338B4701A68632
:1054B0001C195686DA8508083E9A97B0FE1FE780C9
:1054C000C05509C90C08A6864A862E8597B0FE1FCE
:1054D000E7800051830604001008B285881997B050
:1054E000FE1FE780C05A8327C40A8C1908088297D8
:1054F000830604001008D685881997B0FE1FE78040
:1055000000598327C40A8C195685829783060400A4
:105510001008DA85881997B0FE1FE7804057832767
:10552000C40A8C195A858297A6864E86D2850808A9
:1055300097B0FE1FE780C04A11E926860C084A850D
:1055400097B0FE1FE7802031630A95010C08A686FC
:105550004A862E8597B0FE1FE780204CA6864E8691
:10556000D285528597B0FE1FE780204B09C9A686D9
:105570004A86D285528597B0FE1FE7806046A68690
:105580005686DA85081897B0FE1FE780004909C9DA
:105590000C18A6864A862E8597B0FE1FE7804044E9
:1055A000830604001018CE85881997B0FE1FE78087
:1055B000004E8327C40A8C194E858297A6865A8688
:1055C000D685081897B0FE1FE780804111E926862E
:1055D0000C184A8597B0FE1FE780E027630A950103
:1055E0000C18A6864A862E8597B0FE1FE780E042FB
:1055F000830604005286D285881997B0FE1FE78083
:1056000000498327C40A8C195A858297A6861018E8
:10561000DA855A8597B0FE1FE780204009C9A68623
:105620004A86DA855A8597B0FE1FE780603BA686DA
:105630005A86D685880897B0FE1FE780003E09C9C4
:105640008C08A6864A862E8597B0FE1FE7804039D3
:10565000830604009008D285881997B0FE1FE78062
:1056600000438327C40A8C1952858297A6864E86EA
:10567000D285528597B0FE1FE780203A09C9A686D9
:105680004A86D285528597B0FE1FE7806035830633
:1056900004001008B285881997B0FE1FE780203FEC
:1056A0008327C40A8C19880882978C08A68610184C
:1056B0002E8597B0FE1FE780403609C98C08A68664
:1056C0004A862E8597B0FE1FE7808031A6865686D3
:1056D0008C08081897B0FE1FE780203409C90C1801
:1056E000A6864A862E8597B0FE1FE780602F830628
:1056F000040010080C18881997B0FE1FE7802039A5
:105700008327C40A8C1908188297A6864E860C181F
:105710004E8597B0FE1FE780403009C9A6864A86AD
:10572000CE854E8597B0FE1FE780802B26868C089D
:10573000568597B0FE1FE780C023830404005A8675
:10574000D685A686880897B0FE1FE780002D09C978
:105750008C08A6864A862E8597B0FE1FE7804028D3
:10576000830604009008B285881997B0FE1FE78071
:1057700000328327C40A8C198808829783060400A4
:105780009008DA85881997B0FE1FE780403083279C
:10579000C40A8C195A858297830604009008D6851E
:1057A000881997B0FE1FE780802E8327C40A8C19C2
:1057B00056858297A6865286CE854E8597B0FE1F67
:1057C000E780A02509C9A6864A86CE854E8597B072
:1057D000FE1FE780E020830604004E86CE858819F0
:1057E00097B0FE1FE780A02A8327C40A8C19880877
:1057F00082978C08A6865A862E8597B0FE1FE78072
:10580000C02109C98C08A6864A862E8597B0FE1F3E
:10581000E780001D8C08A68656862E8597B0FE1F51
:10582000E780A01F09C98C08A6864A862E8597B0F6
:10583000FE1FE780E01AA6865A86D685568597B061
:10584000FE1FE780801D09C9A6864A86D685568533
:1058500097B0FE1FE780C018830604005686D285E5
:10586000881997B0FE1FE78080228327C40A8C190D
:1058700052858297A6869008DA85568597B0FE1FD6
:10588000E780A01909C9A6864A86D685568597B0AD
:10589000FE1FE780E014830604005686CE85881933
:1058A00097B0FE1FE780A01E8327C40A8C194E857F
:1058B0008297A6865286CE854E8597B0FE1FE780DA
:1058C000C01509C9A6864A86CE854E8597B0FE1FAB
:1058D000E7800011FD1B26868C085685C20B97B009
:1058E000FE1FE780000993DB0B416FF0CFDEEFC2B4
:1058F0004E975D713284AA841018A2862E850C08FA
:105900002EC432C6EFE09FCF035724001335150095
:105910009C080A053E95032685FB05074207A287DA
:1059200041878146930544042685EFF02FC48345C3
:10593000040026858605E205E18597B0FE1FE78015
:1059400060FC1335150061616FC0EE93EFC2EE8EFF
:105950002E8BAA84B2855A85328497E9FE1F9389DB
:10596000E93797B0FE1FE78040FD83A70900B1C764
:10597000131A5400931B24003305AA401389CBFF4C
:105980007D5A2699335AAA00930A0004054C83A72E
:105990000900DE85268582970DC183270900A2852F
:1059A0002685B3F747012320F90097B0FE1FE78053
:1059B00060F519C5FD1AE39C0AFC01456FC06E8BAA
:1059C0002286A6855A8597B0FE1FE7800009E3135B
:1059D00085FF0545E5B7EFC22E87AA892E89B284D7
:1059E00013040004130A0002930A460203962400DB
:1059F000D6854A857D063346460362066186EFF00A
:105A0000FFF409C92686CA854E85EFF05FEE11E5E1
:105A10007D1469FC01456FC06E860545EDBFEFC280
:105A2000AE8203891600357100102A8B130A010417
:105A30002285B2894A86B684838A060022CC52CE59
:105A4000EFE07FB513161900DA858810EFE0BFB4D8
:105A5000A2852285A6865286EFE05FBA97E7FE1FF1
:105A60009387C7279C432A849DC393172500181149
:105A7000BA9783A687F7568693854400368536C63F
:105A8000EFF0DFECB24609E50D616FB03EFF8146F5
:105A900003D72400133414001C110A043E94032677
:105AA00084F705078C104207A68741872E85EFF003
:105AB000EFAB4A868C104E85EFE0FFAD83C5040046
:105AC00088108605E205E18597B0FE1FE78080E338
:105AD0001335150055BF17C5FE1F1305A50E82808F
:105AE00023AC05FE1C4191E7010001000CC182803E
:105AF000BA8703A787FF6DFF23ACB7FE82801841EA
:105B000083A785FF6319B7001CC1FD5723AC05FEB1
:105B1000238FF5FE8280232CF6FEC5BF411122C4DF
:105B200037E400E026C204403707200006C6F98C9F
:105B30002320E4180F10000009E9232094101545D4
:105B4000B24022449244410182800347E5FF93071B
:105B5000F00F6306F700232094101145D5B797C0C6
:105B6000FE1FE78080D1014523209410D1BF411151
:105B700026C2B7E400E04AC003A90400B70720002A
:105B800006C622C43379F90023A0F4180F100000D0
:105B900009E923A02411B240224492440249410160
:105BA00082809565938505D0C98D2A842105C2051B
:105BB0004205C181418197C0FE1FE780E0BC01CD55
:105BC000FD5723200500231285002303F50023A0A1
:105BD00024112105C9B723A0241101456DBF01116E
:105BE000B7E700E04AC803A907004EC63707200000
:105BF00006CE22CC26CAAA893379E90023A0E71869
:105C00000F10000097E7FE1F9387870D80438144A4
:105C1000014611E491E8A1654E8545210DA0834719
:105C2000E4FF639A37038DCCA68517E5FE1F1305A5
:105C3000250BEFF0DFEC65D0A1654E85B52CF24069
:105C40006244B7E700E023A0271126854249D244E9
:105C5000B2490561828091E02286032484FF55BF0A
:105C6000A284E5BF41114AC037E900E022C4032401
:105C700009003707200006C626C2798C2320E918C0
:105C80000F10000089E52320891015451DA0AA8466
:105C900097E7FE1F83C717052E8563F5F400894734
:105CA00063EF9700EFF09FE7B7E700E023A08710CE
:105CB0000D45B2402244924402494101828083A7AB
:105CC00085FF99E703C7E5FF9307F00F6309F70026
:105CD000EFF0DFE4B7E700E023A087107DB7238F64
:105CE00095FE17E5FE1F1305A5FFEFF07FDFA16509
:105CF0002685D92201452320891065BF97E7FE1F1D
:105D000023A007FE828097E7FE1F9387E7029C434C
:105D100099E33E85828003D727006316B70003C747
:105D20000700E308A7FEDC47E5B7A5C1011106CED1
:105D300022CC26CA8147C14633D7F540058B29C3FB
:105D400012053E9531473305E50217E7FE1F13079D
:105D5000E702044305443314F4002EC64204418094
:105D6000AA949C40C8408297B24523A0040023A275
:105D70000400A18DF2406244D2442E8505618280E8
:105D80008507E39BD7FA0144EDB72E858280C9C110
:105D9000797122D406D626D24AD04ECE014441474C
:105DA000B3D78540858BA5C31205314722953305AE
:105DB000E50297E7FE1F938767FC03A90700854468
:105DC000B3948400C204C180BE892A9903270900C4
:105DD00011C7032549002EC60297B2453147330447
:105DE000E40283A709003E941C4489E723200900AC
:105DF00023220900B2502254A58D02599254F2492F
:105E00002E85456182800504E31CE4F88144DDB7FA
:105E10002E8582804111B7E700E022C48043370716
:105E2000200006C626C2798C23A0E7180F100000B8
:105E300097E7FE1F938787F09C539384418199C70E
:105E400082979C403E9523AAA18039A097E7FE1F28
:105E5000938707EE9C43EDF78840B747030093878D
:105E6000D73F3305F502B7A72600938737ECB2403A
:105E700092443E9523AAA180B7E700E023A08710B3
:105E800022444101828097E7FE1F9387A7EF9C433E
:105E9000411122C406C617E4FE1F1304A4E481CBFB
:105EA00082975C483E9597E7FE1F23A7A7E44848E2
:105EB000B240224441018280B7E700E09843B70630
:105EC000200023A0D718758F0F10000097E6FE1F43
:105ED00083C656E16373D50217E6FE1F130686E5F7
:105EE000931615000842369583560500D58D23106C
:105EF000B50023A0E7100145828023A0E7100D45DF
:105F00008280B7E700E09843B706200023A0D718A7
:105F1000758F0F10000097E6FE1F83C6B6DC637511
:105F2000D50217E6FE1F1306E6E093161500084299
:105F300093C5F5FF369583560500F58D2310B50002
:105F400023A0E7100145828023A0E7100D45828041
:105F500079714AD037E900E026D283240900B707D7
:105F6000200006D622D44ECE52CC56CA5AC85EC69F
:105F7000FD8C2320F9180F10000097E7FE1F83C740
:105F800077D6637AF50097E7FE1F938767DA83ABCE
:105F9000070063970B00B7E700E023A09710A9A0C4
:105FA00017EBFE1F130B4BDE832A4B00B74736FE61
:105FB000938707C82E8A97E5FE1F83D565DDBE9AB5
:105FC000B387C5022A84B2898146B3B5C502138559
:105FD0000732B337F50013060064BE95EF40506DED
:105FE00063F0AA02232099100145B2502254925422
:105FF0000259F249624AD24A424BB24B4561828011
:10600000829B97E5FE1F83D5A5D8B38735032A89E0
:10601000130600648146B3B5350313850732B337E1
:10602000F500BE95EF40D068B30725013E890327F0
:106030004B0063E4A70063E4E7003389E740D285BF
:106040002285EFF05FCC09C923242501B7E700E0E2
:1060500023A09710054551BF936504F0C205C18187
:10606000414597B0FE1FE780207219E997E7FE1FB0
:106070009387C7CC9C5B85D3A2851145829721BFAE
:1060800097E7FE1F938747CB9C4385E797E7FE1F63
:1060900023A4A7CA8547232605002324250123110D
:1060A000450123008500A300F5002322050079BFE8
:1060B000BA87D84775FFC8C7F1BF0111B7E700E03D
:1060C0004AC803A9070022CC4EC63707200006CED7
:1060D00026CAAA892E843379E90023A0E7180F1075
:1060E0000000EFF05FC2AA8419C123110500A28548
:1060F0004E85EFF01FE197E7FE1F83C7A7BE639BA6
:10610000370197E7FE1F83D767C25D8C97E7FE1FB5
:10611000239E87C0B7E700E023A02711014591E047
:106120001945F2406244D2444249B2490561828035
:106130004111B7E700E026C2844306C622C43707F0
:106140002000F98C23A0E7180F100000EFF0BFBB70
:1061500019E90145B2402244B7E700E023A09710B7
:1061600092444101828097E7FE1F938767BC9C435E
:106170000045829797E7FE1F938707C16368A402D3
:10618000D843B74636FE938606C83305A4403697F3
:10619000E371E5FC13070064B335E50203D687001D
:1061A00081463305E502EF40B0506DB7D8433A94CD
:1061B000C1BF411122C426C217E4FE1F1304C4BC90
:1061C00097E4FE1F938404B29448584097E7FE1F5B
:1061D000938707B606C69C436393E60882975440AC
:1061E000B74736FE938707C8B6973387A7003A8527
:1061F0006364F7006364D7003305D74097E4FE1F5C
:10620000938404CDDC5081CF97E7FE1F938707D49A
:1062100094433707CDFF7D179C46F98F9CC611E14B
:10622000484097E7FE1F938767B1DC53829719E5D3
:10623000DC508DC3EF10D038EF10205CDC5099CBD0
:1062400097E7FE1F938787D09843B70633001C4714
:10625000D58F1CC7B240224492444101828082976C
:1062600094485840B387A6003E8563E4D700E3E72F
:10627000E7F83385E74059B7411106C697E7FE1F97
:1062800023A2A7B00295B24097E7FE1F23A8A7A6B6
:10629000014541018280994763E9B7008A0597E784
:1062A000FE1F9387E7A6BE9588C1828097E7FE1FF1
:1062B00023A8A7AC11C5854717E7FE1F2309F7A63A
:1062C000828041117146814517E5FE1F130545A4E3
:1062D00006C697E7FE1F23A107A697E7FE1F23A385
:1062E00007AA97E7FE1F23A507A497E7FE1F2380B1
:1062F00007A497E7FE1F23A507A897B0FE1FE78016
:10630000A09313068002814517E5FE1F1305859DA6
:1063100097B0FE1FE7804092EF40404A97E7FE1F8C
:106320009387C7A103C5C70383C7D70385453E9598
:106330008D473305F50239051375F50F97E7FE1FF5
:106340002383A79A99473305F5021305052497B0CF
:10635000FE1FE780604317E7FE1F2321A7A259CD48
:10636000994717E6FE1F034606983306F602814555
:106370001306062497B0FE1FE780008C97E7FE1FE8
:106380009387C79F9C439387072417E7FE1F232FFC
:10639000F79617E7FE1F034707950A07BA9717E70F
:1063A000FE1F2329F798EFF07F95F52697E7FE1F4C
:1063B0009387C795944397E7FE1F83C7B7921397B8
:1063C00027003697170600001306A69C10C31387F4
:1063D00017001377F70F0A07369717060000130602
:1063E000069510C313873700890793F7F70F8A07BD
:1063F00097E5FE1FA388E58EB69790C3B240410192
:10640000828097E7FE1F83C7F78D17E7FE1F0347BC
:10641000878D63F3E70217E7FE1F1307278F1843E3
:106420009386170017E6FE1FA30ED68A93962700C1
:10643000369708C33E8582809307F00FE5BF1C4165
:106440006385071641777D8FB70600208947631F54
:10645000D71403574500630B0714411122C4194692
:106460002A849305F00F610506C697B0FE1FE780EA
:10647000608605478D476305E5121C4481CB58585B
:106480009947630F0710185C630C0710130600048C
:10649000814517E5FE1F1305658A97A0FE1FE7805B
:1064A000A07913060004A28517E5FE1F13050589D0
:1064B00097A0FE1FE780607497E7FE1F83D7C78809
:1064C00017E7FE1F1307878799E79307001097E6E2
:1064D000FE1F239BF68697E7FE1F83C7078791E77A
:1064E000854797E6FE1F2382F68697E7FE1F83D730
:1064F000E78591E7ED4797E6FE1F2399F68497E736
:10650000FE1F83C7978491E7954797E6FE1FA38EEA
:10651000F68297E7FE1F83C7878391E7854797E653
:10652000FE1F2386F68297E7FE1F83C7578299E7EF
:106530008347F70097E6FE1FA38BF68097E7FE1FC1
:1065400083C7178181CF93F63700898317E6FE1F33
:106550002304D68297E6FE1FA380F68297D7FE1FFC
:1065600083C7077F91E7D54797D6FE1F2382F67E24
:106570008347640199E79307C00397D6FE1F238AD8
:10658000F67C1C5791C7829797D7FE1F2390A7765A
:10659000FD5717E7FE1FA305F7A0EFF09FD2814735
:1065A000B24022443E854101828089473E858280F7
:1065B00001114EC697D9FE1F9389097D83A7090053
:1065C00006CE22CC26CA4AC852C482971309006458
:1065D000B335250303DA8900814652863305250346
:1065E000EF40100D97D7FE1F9387C76F804FAA8487
:1065F00001456306940233858440636E940003A5CD
:10660000490052868146B335A9023305A902EF40FD
:10661000300A018D269597D7FE1F23A1976EF24071
:106620006244D2444249B249224A0561828097D7E6
:10663000FE1F9387A770985739CB411122C426C2F9
:1066400006C6BE84029717D7FE1F0357276A2A84FF
:1066500015CBBA876373A700AA87C207C183BA861E
:106660006373E400A286C206C182958F5147635BC3
:10667000F700DC5491C38297EF10405D97D7FE1F5F
:1066800023968766B24022449244410182808280F0
:1066900097D7FE1F23A4077097D7FE1F9387076A1B
:1066A000DC57011106CEAA8581C72AC68297B2455A
:1066B000CDC19C410545D9CBDC41C9CB83D78500F1
:1066C000D1C783D7A500D9C3514617D5FE1F1305DF
:1066D000A56B97A0FE1FE780405297D7FE1F238B24
:1066E000076A97D7FE1F9387276A9C4317D7FE1F19
:1066F0002320F76497D7FE1F83C7B7658DE79307FD
:10670000805717D5FE1F0355A5683305F502374698
:106710000F001306062481468145EF40607997D724
:10672000FE1FA388A76217D7FE1F03479762A547DE
:1067300063E7E700A94717D7FE1FA30CF76017050B
:106740000000130525E7EFF03FB30145F240056176
:10675000828097D7FE1F23A5075A97B7FE1F9387FE
:10676000079417D7FE1F2321F7627D5797D7FE1F87
:1067700023AEE760B7873200938727A197D6FE1F25
:1067800023A8F66097D7FE1F23860760B7C700408F
:1067900023A4E726B9B7011122CC17D4FE1F130496
:1067A000E459084406CE26CA4AC801E90545F24024
:1067B0006244D2444249056182805C58E5DB185C42
:1067C00075D77000854582971844B247E300F7FEFD
:1067D0009305E00417D5FE1F0355055797B0FE1F1C
:1067E000E78080FA17D7FE1F232EA75061D117D656
:1067F000FE1F035666559305F00F97A0FE1FE78016
:10680000A043814417D9FE1F1309C94D97D7FE1F16
:1068100083C7A7530326090263C1F402328597B0E8
:10682000FE1FE7808005014597D7FE1F23AC074C6C
:1068300097D7FE1F23AA074C9DBF97D5FE1F83D570
:10684000A550B38795020844185C898185043E955C
:1068500008C2029765BFC167F9176313F50041A32A
:10686000411106C6EF00D00111E15D45B240410182
:10687000828039714ED656D25AD006DE22DC26DA14
:106880004AD852D4AA8A2E8BB28959EB36C6EFF079
:106890009FFC9145812BAA844D4925C9B246054AE2
:1068A000238034010544630A0B00B6851385140068
:1068B000029B0505131405014180E20993D9894122
:1068C00063D30902C1455685EF00007D65491DE58A
:1068D00033868400A2852685EF00007F2A8919ED82
:1068E00031044204418091472C085685231CF10055
:1068F00026CE231D8100252D2A8901C963070A00A0
:10690000268597B0FE1FE78040F7F25062544A8513
:10691000D2544259B259225A925A025B2161828062
:10692000BA84014AB5BF011106CE2EC6112F01C986
:10693000B245F2400355250005616F009038F240E2
:1069400049450561828097D7FE1F93876745884B2D
:10695000828097D7FE1F9387A744DC4B88438280B1
:1069600097D7FE1F9387C743D84B1C4385071CC38B
:1069700017D5FE1F0345F5429307F00F6305F50099
:1069800091656FF06FD38280C1671387E7FF6394CF
:10699000E502938781839C4391EB49458280494579
:1069A000B2402244924402494101828003A307007D
:1069B000E30503FE0283411122C426C24AC006C673
:1069C000FD172A892E84B2846395F502938781830B
:1069D0009C4391CB9C4381CB829711E5238E2183ED
:1069E000A38E918275BFA6854A85EFF0DFF34DF93E
:1069F000F5B72E85752B45D5834705000D45E391E9
:106A000027FB22852244B2400249A68592444101D7
:106A10006F00302BBD47638CF50663E9B702A547CD
:106A20006387F50663EDB7009947638CF5049D47CE
:106A3000638FF5049547638CF50401458280B54763
:106A40006387F50463E1B704AD47F5B7DD47638EAF
:106A5000F50263EAB700C947638BF502D94763863D
:106A6000F502C547C9BFF5476383F50263E4B70084
:106A7000ED47D1B793072005638BF5009307200DF1
:106A80005DBF484582800841828008458280484138
:106A90008280011126CA06CEB68422CCDD4663E18F
:106AA000B608D94663FDD50AA5466380D50A63EDCD
:106AB000B6049546638BD50899466386D50A054486
:106AC00041687D18631506093AC6EFF0DFD8330632
:106AD0008540324742064182420441803305C4006A
:106AE0004205BA85418132C6F52CAA8749C181C4C5
:106AF00032462390C400B30580406244F240D24441
:106B00003E8505616F303053C5466380D504C94664
:106B10000D44E396D5FAC167FD17E31FF6FA6DB78A
:106B2000F5466380D50463E4B600ED46D5B7930619
:106B300020056388D5029306200DE392D5F8C1673E
:106B4000FD170D446319F60041B7094495BF93063C
:106B5000200DE393D5F8310642064182B5BF1544B6
:106B60005DBF0D444DBFC167FD171D447DB7F240A9
:106B70006244D24405618280411106C6EFF09FE96C
:106B800019C5B240410117B3FE1F670003CFB240E1
:106B90004101828097D6FE1F83C6D632814763E5C6
:106BA000D70001473A8582802E87910503D6C5FF1D
:106BB000E30AA6FE8507E5B717D7FE1F0347973000
:106BC0008147FD5663E3E70082802310D50023014F
:106BD000050085071105FDB7411106C6EFF09FFBC3
:106BE00011C503452500B240410182800145E5BF42
:106BF000938701849C4399E301458280984703571A
:106C0000A700E319A7FE138547008280411106C63D
:106C1000EFF01FFE11C503452500B24041018280FF
:106C20004145E5BF41119387018422C4804306C6D4
:106C3000014731C01C4483D6A7001C406397A602BD
:106C400005CB1CC32E8581C921469305440097A01E
:106C5000FE1FE78080FA228597B0FE1FE780E0C123
:106C60000145B24022444101828022873E84D1B74F
:106C700023A0F184C1BF0545EDB7938781849C4370
:106C80008146B1C703D647009843631CA602011191
:106C900006CE22CC26CA8DCA98C2AA843E852E84EE
:106CA00097B0FE1FE78060BD2C002685EFF09FF7B0
:106CB00001E519C0B2471CC0F2406244D2440561EC
:106CC0008280BE86BA8775BF23A4E184F9B70545E3
:106CD0008280938741849C4317D7FE1F0347971EEA
:106CE0002A86050781463E8583D707006388C7004B
:106CF000850693076500E3E8E6FE014582809387F9
:106D00000184984319E3014615A81C4703D8A7003E
:106D1000636B050183584700B38608016355D500AE
:106D20008146639416011843F1BF3E86C10703D321
:106D3000A7FF6317A30099C12390050132858280C4
:106D40008506C206C182F1BF03C7E184854763F2AD
:106D5000E706011122CC26CA4AC806CE2A84328907
:106D6000AE84EFF01FF701C9034725009307E00F3A
:106D70005D456308F700631C0900A6852285EF3096
:106D80003031F2406244D24442490561828003D5E9
:106D900004009305E10023170100EFF05FF60355AF
:106DA000E100EFF0BFE6AA8505462285252C71D5C6
:106DB000C9BF59458280C167FD176315F5002E854F
:106DC0006FF09FDF411106C6EFF0DFDC11C5FD5704
:106DD0002310F50023010500B2404101828003D554
:106DE000C18482801905956542054111938535C09E
:106DF000418106C697B0FE1FE780009911C5B240D9
:106E0000E95541016F303023B2404101828083D780
:106E100005003147F1173387E70297D7FE1F9387A5
:106E20006703BA97D84319EBD8412395A7000145CA
:106E3000D8C303D725002394E70082805945828078
:106E400003D7250061CF83D6C184ED4763E9E60C03
:106E5000011122CC2E8426CAAA844840914506CE30
:106E6000EF30701D83572400AA862300F500835756
:106E70002400A183A300F500835704002301F5003B
:106E800083570400A183A301F50003562400C167C2
:106E9000F9171106420641826396F4042AC431456B
:106EA00032C6EFE0DFCCAA85CD471DC5930700F9B8
:106EB0003246A2462300F500F9572311F500894711
:106EC0002302F5002313C50014C517D5FE1F034583
:106ED000A5F7EFE03FD98147F2406244D2443E85B6
:106EE0000561828081452685F92BAA8701E903C7C0
:106EF000E1847DD37D172387E184F9BF09476302CD
:106F0000E5021D476301E50249476300E5027D474D
:106F1000E314E5FC03C7E1848147E1BFED473E850B
:106F20008280D14755BF914745BF894775B783D701
:106F300005000D47F117C207C1836361F706DC4105
:106F4000B1CF411122C42E84854526C206C6AA842B
:106F5000A12239C526852D22C167F917638FF40058
:106F600009ED8357240091CB835604001947639F92
:106F7000E60203D7C18463FBE70283C7E184A285ED
:106F8000268599C72244B240924441016FF05FEBDD
:106F90002244B240924441016FF07FE7094582806C
:106FA0005145B24022449244410182806D45D5BF93
:106FB00097D7FE1F938747ED984317D6FE1F0346CA
:106FC00066F081476315F600814636858280BA8671
:106FD0001307C703835567FCE389A5FE850793F76D
:106FE000F70FCDB7011122CC2EC632C406CE2A84AB
:106FF000EFF01FFC2246B24511E9C167F9176303A0
:10700000F4005145F2406244056182805455834743
:10701000450095C213F7270141456314A7001545A4
:1070200075F2C18B3D45F9DF83C7A6010145E3FB3E
:10703000B7FC3145C1BFC18B0145E9F71545D9B74B
:1070400097D7FE1F938747E4C166984397D5FE1FE5
:1070500083C545E78147FD166395F50001463285F6
:107060008280035827003A866306D8000348070049
:10707000E307A8FE850793F7F70F1307C703E9BFD8
:10708000411106C6EFF0DFF211C503554501B240CC
:10709000410182800145E5BFC167F9176304F5022C
:1070A000411122C406C62E84EFF09FF0AA87014545
:1070B00091C703C54700698C33358000B240224434
:1070C00041018280054582805D714EDE86C6A2C484
:1070D000A6C2CAC052DC56DA5AD85ED689495DC902
:1070E00055CA138B4500420B135B0B01AE8A2A8AEB
:1070F000930530055A85B28497A0FE1FE780C068CB
:107100002A84CD4941C9EFF0DF842A895686D28589
:10711000935A8900135A0901937BF90F1305440010
:1071200093FAFA0F137AFA0F1359890197A0FE1FE9
:10713000E78080B8A301740123015401A300440136
:1071400023002401EFF03F80AA854146080897A05C
:10715000FE1FE78060B6214734005A86A2850808E2
:107160007522AA891DE121462C0023807401A38089
:10717000540123814401A38124011385440097A075
:10718000FE1FE78060B3EFF0AFFD228597A0FE1FE2
:10719000E780A06EB64026444E8596440649F259D3
:1071A000625AD25A425BB25B616182808147C146BA
:1071B0003307F500B388F5000347070083C80800CC
:1071C0003308F6008507334717012300E800E391F1
:1071D000D7FE82800147BD471308F00F3306F50044
:1071E00083460600B388F500FD178606558F238079
:1071F000E8000347060093F7F70F1D83E39007FFAE
:1072000082808147930800F8414893F6F70F33874F
:10721000F50063FCC600B306F50083C60600230034
:10722000D7008507E39307FF82806395C60023009C
:107230001701C5BF23000700EDB701114AC856C2A8
:107240002E89AA8A93053005414506CE22CC26CA4E
:107250004EC652C4328A97A0FE1FE780E052AA842D
:1072600093053005414597A0FE1FE780E0512A8431
:10727000CD49BDC029CD4146814597A0FE1FE7807D
:10728000A09B2686A2855685352BAA8929E183876E
:10729000040063D30706A2852685EFF0BFF34A8674
:1072A000976500009385C52E2285EFF03FF0830798
:1072B000090063D80704A2854A85EFF0BFF1528622
:1072C000976500009385C52C2285EFF03FEE26855B
:1072D00097A0FE1FE780605A11C4228597A0FE1F69
:1072E000E780A059F24062444E85D2444249B249F7
:1072F000224A924A05618280CA852685EFF09FED79
:107300007DB7D2854A85EFF0FFECD1B739715AD0FD
:107310005ECE2A8BAE8B41459305300506DE26DA1C
:1073200052D456D262CC66CA6AC8368C328DBA8CB8
:1073300022DC4AD84ED697A0FE1FE780E044AA8AF6
:1073400093053005414597A0FE1FE780E0432A8A58
:10735000CD44638E0A0859C52A86D6855A85EFF032
:10736000DFEDAA8441E193053005414597A0FE1F5A
:10737000E78080412A8993053005414597A0FE1F8B
:10738000E7808040AA896308090E6304050E130490
:10739000FD0011841376FD0049C07D144204418034
:1073A00035EE131544004E86D6855E95EFF01FE04E
:1073B000414681454A8597A0FE1FE780E087014D41
:1073C00093170D01C18363F38708BDC04A8597A059
:1073D000FE1FE780804A638709004E8597A0FE1F45
:1073E000E780A049568597A0FE1FE7800049630704
:1073F0000A00528597A0FE1FE7802048F250625491
:1074000026854259D254B259225A925A025BF24B03
:10741000624CD24C424D21618280014413154400DC
:107420008A855E95EFF0FFDD4E86D2850A85BDBF69
:1074300093154D000A86DE954A85EFF03FD74A86C0
:107440008A855A854126AA84050D9DBFC1F00A860A
:10745000CE854A85EFF09FD54A868A855A859D2636
:10746000AA846686CA8562859790FE1FE780E078C9
:10747000B1BFCD44A1BFCD44B9BF011122CC2A84F4
:10748000194506CE2EC6EFE08FEE05C985679387B6
:1074900017F92310F500854723018500A301F500A6
:1074A000B2456244F2402312B500AA8517D5FE1FEB
:1074B0000345C5A005616FE0EFFAF2406244056143
:1074C00082806F30A0156F30201C17D7FE1F034736
:1074D00097A09547630BF70097D7FE1F9387479FA9
:1074E00083C777000D47631FF70097D7FE1F83C739
:1074F000B79E639D07109307601017D7FE1F231DCB
:10750000F79C8280411197D7FE1F938727AC1945BE
:1075100022C426C2E05F06C64AC0312D97D7FE1F9F
:107520009387C79A944337C7898E130767ED98C628
:107530003757550013075755D8C2034724029306FF
:10754000F00FBE846307D700FD57A300E4022301B8
:10755000F4020345140289476303F500014517D976
:10756000FE1F130969990327090001469305F00FCF
:107570005C4393E717005CC3930710FA2305F400FC
:10758000994717D7FE1FA308F79497D7FE1F2381AB
:10759000079497D7FE1F238F0792E52697D7FE1FE4
:1075A0009387C79A9443DC56F59BDCD69C400347EF
:1075B00094001376F7079843137707F8518F98C311
:1075C00098431377F7CF98C398431377F7CF136790
:1075D000072098C39C4637073300B240D98F032752
:1075E00009009CC6B7070300938787153CCB97D744
:1075F000FE1FA381078E97D7FE1FA38B078C224403
:1076000085471CC39244024941018280828017D77A
:10761000FE1F1307678B1C439306001094C30100E1
:107620000100010001001C4323A007008346150050
:1076300003482500A2064208C29603480500C296E8
:10764000034835006208C29694D783465500034824
:107650006500A2064208C29603484500C296034848
:1076600075006208C296D4D7834695000348A500EA
:10767000A2064208C29603488500C2960348B50098
:107680006208C29694DB8346D5000348E500A20653
:107690004208C2960348C5000345F500C29662053C
:1076A000AA96D4DB83C6150003C52500A2064205B1
:1076B000AA9603C50500AA9603C535006205AA96D9
:1076C00094CF83C6550003C56500A2064205AA965D
:1076D00003C54500AA9603C575006205AA96D4CFD6
:1076E00083C6950003C5A500A2064205AA9603C558
:1076F0008500AA9603C5B5006205AA9694D383C6F1
:10770000D50003C5E500A2064205AA9603C5C5003B
:1077100083C5F500AA96E205AE96D4D3D443F59A74
:10772000D4C3D44393E61600D4C3944393E616001F
:1077300094C3BA879443D842058B59E3984E0145C8
:107740002300E6009843184F2183A300E6009843E6
:10775000184F41832301E6009843184F6183A3012A
:10776000E6009C43D84F2302E600D84F2183A302B2
:10777000E600D84F41832303E600D84F6183A3037B
:10778000E60098532304E60098532183A304E600FF
:10779000985341832305E60098536183A305E600CF
:1077A000D8532306E600D8532183A306E600D85316
:1077B00041832307E600DC53E183A307F6008280C0
:1077C00001008DBF011122CC2A84354506CE2EC67C
:1077D00032C4952697C7FE1F938707729843228568
:1077E0003C4B93E707083CCB2246B245EFF03FE223
:1077F000F240624401450561828097C7FE1F93876E
:10780000E76C9C43B7068000B70500829843FD15DE
:10781000558F98C31307F00F98DF13070005D8DBC7
:10782000D857B7060080558FD8D7D45717C7FE1F33
:1078300003470752131687011377F703ED8E660788
:10784000558FD8D7618617C7FE1F13072770930679
:10785000A003184363DCC600744F37060007D18EBF
:1078600074CF370702001307C72099A093062002A0
:1078700063DAC600744F370600F97D16F18E3706BD
:107880000005F1BFB70600F99385F6FF744F69450F
:10789000ED8E6355C50037060003D1B7B70500016B
:1078A000CD8E74CFE35F06FA370702001307072176
:1078B000D8DF984B137707FC1367E70098CB37E7BF
:1078C00000E0D147A309F70497A7FE1F93874795C8
:1078D00093E717007CD78280938701859C4399CBDF
:1078E000944BD04B9842518F98C294439C479842F6
:1078F000D98F9CC297C7FE1F9387475D17C7FE1F8E
:107900000347A75D17C6FE1F1306065F05489C4385
:107910001307E7091442631E05038843136505082E
:1079200088C3C8468177FD17E98FDCC60F100000B9
:107930001C42B7060200AD0594C7930600F817C6AF
:10794000FE1F2309D6588A05BA958605ECD3C8C709
:10795000828088431375F5F788C3C8468177FD1781
:10796000E98FDCC60F1000001C42B7060200A90513
:1079700094C7930600F817C6FE1F230DD6548E0534
:10798000E1B7938701859C4389CFD44303A887003F
:1079900098423367070198C2D447DC4B9842D98F8D
:1079A0009CC297C7FE1F9387675205479C43950566
:1079B000631EE50298438E051367070898C3984F26
:1079C000137707C01367A71398CF13078007A389FE
:1079D000E7009385C50397C7FE1F23A3B75011C6C1
:1079E000060697C7FE1F23ADC74E828098439205B7
:1079F0001377F7F798C3984F137707C013672713C8
:107A000098CF1307F007A389E700E1B7411106C635
:107A100017C7FE1F0347474CA1476311F70497C7D9
:107A2000FE1F83C7A74D858B17C6FE1F0346364F23
:107A300097C6FE1F83C6A64EBDC797C7FE1F938776
:107A4000E74DC8432DC1834515000905EF0090603F
:107A500011C5854717C7FE1FA300F74817C7FE1FAC
:107A6000034787479947631CF70097C7FE1F938713
:107A7000E755FC5F83C7B70095CBEFF01FA517C78D
:107A8000FE1F034767459D476312F70297C7FE1F16
:107A90009387C75383A7070983C7770081CBB24079
:107AA00041016F203069814501454DB7B240410128
:107AB000828017C7FE1F130727441C43B44B93F65D
:107AC000F68FB4CB944393E6860094C39C438D8396
:107AD000858B89C7010001000100010097C7FE1FC7
:107AE0009387C73E94439C4293F7F7CF93E70710E1
:107AF0009CC297C7FE1F938767459043B706CEFF8A
:107B0000FD161C46F58F1CC61C4337070300B8CB77
:107B1000938701859C4399CBD44390479842518FDA
:107B200098C2944BDC4B9842D98F9CC297C7FE1FDA
:107B3000A383073A828097C7FE1F9387E73B9C4346
:107B40009C438D8B638307104111B7E700E04AC067
:107B500003A9070026C23707200006C622C4AA844C
:107B60003379E90023A0E7180F10000017C7FE1FA4
:107B7000034777368D4717C4FE1F13046435631B14
:107B8000F70097C7FE1F938767379C4B01468145D7
:107B9000454582971947639CE40497C7FE1F83C736
:107BA000B73399CB97C7FE1F83C7073363969700F8
:107BB00097C7FE1FA38207328347740021476318CB
:107BC000F7009307801017C7FE1F2317F73097C7DA
:107BD000FE1F238E0714EFF0DFEDB2402244B7E71B
:107BE00000E023A0271192440249410182809D4771
:107BF000639FF40097C7FE1F83C7172ED5DF17C7F3
:107C0000FE1F0347672D8D47E318F7FA55B78346E4
:107C10007400630BD700034774006387E700834752
:107C200074002147E315F7FA97C7FE1F83C7D72AC9
:107C3000D9FF8347740017C7FE1F230FF728854716
:107C400017C7FE1FA30AF72859B7828017C7FE1F60
:107C50000347772891476309F70C97C7FE1F93875F
:107C6000A7269843B7C7004093870730631EF70ADB
:107C70000111354506CE22CC26CA4AC84EC6EFF0C1
:107C80009FEB97C9FE1F938969241D2AEF10F02CE2
:107C9000EFF0BFB683A7090017C9FE1F1309092B10
:107CA000B7063300984397C4FE1F9384E424370437
:107CB00003001367070898C398431377F7CF98C357
:107CC00098431377F7CF1367072098C3032709005A
:107CD0001C47D58F1CC79C4013078455B8CBEF10A9
:107CE000F03FEF207012EF109032EF10903B03A79F
:107CF00009001C4393F7F7CF93E707101CC38326B3
:107D000009003707CEFF7D179C46F2404249F98FA4
:107D10009CC69C40B249D244A0CB624497C7FE1F88
:107D2000A38B071A056182808280B7C70040138742
:107D3000073097C6FE1F23A9E618138707204111B5
:107D400097C6FE1F23AAE61A9387071037D700406D
:107D500022C497C6FE1F23ABE61E17C4FE1F1304E2
:107D6000241717C7FE1F2323F7168547A303F40024
:107D700097C7FE1F938787FC9C4306C65CD09387FA
:107D800007111CD09797FE1F9387E74923AAF18418
:107D9000EFF0DFEBB7E700E0A305040003C75741AE
:107DA00013670708A38AE740B24037071000224450
:107DB00023A0E7103707200023A0E71041018280AD
:107DC00017C7FE1F130787F70307470197C7FE1F53
:107DD000938787129C43635A070413074008D8CB44
:107DE000F8C313076007D8CFF8C79306C008D4D3E9
:107DF0001307E006D8D7D4DBD8DF13078007239317
:107E0000E700F84BB7060080558FF8CB5147F8CB09
:107E100017C7FE1F1307C70B5853F8DF7D5798C7C6
:107E200037071F003D07D8C782801307C00845BF2A
:107E300097C7FE1F93878711984317C6FE1F130627
:107E4000E60B97C7FE1F9387670894438347160086
:107E500013F8F707D9C588425C42137505F83365F6
:107E6000050188C213F5150001C993F505034145C5
:107E70006386A506938787C14C574168130808A0FD
:107E800093E525004CD7B3D50703B70810FEFD18BE
:107E9000B3F70703FD89139545016C43B3F515014D
:107EA000C98D6CC39305A00F3705FCFFAA07B3D794
:107EB000B7026C43E98DBA07B983CD8F7CC3834782
:107EC0000600898B99CB9C4293F7F70713E70704C9
:107ED0009C4293F707F8D98F9CC2828093870783CF
:107EE00061BF5C57F59B5CD79C4293F707F8B3E7FB
:107EF00007019CC2E9B7411106C697C7FE1F23863A
:107F00000702EFF01FBBB2400145410182804111E1
:107F100097C7FE1F83C7F7FB06C6858B9DC7EFF08B
:107F20009FFD97C7FE1FA38607FA97C7FE1F2383EF
:107F300007FA97C7FE1F938767FC03A30701014653
:107F400081450545B2404101028397C7FE1F9387D3
:107F5000A7FA9C43FC538DE3EFF0FFF997C7FE1F90
:107F6000238A07F697C7FE1F938747F903A30701E4
:107F7000014681454545F9B797C7FE1F938747F5E9
:107F800083C777000D476317F700854717C7FE1FA4
:107F9000230FF7D8B24041018280411197C7FE1FDD
:107FA00083C727F326C206C622C4858B97C4FE1F4B
:107FB000938484F4F5CB97C7FE1F238C07F097C7F3
:107FC000FE1F9387A7F8984317C5FE1F034505F3C7
:107FD00017C4FE1F130484F25C578583858BB1CBD5
:107FE000504093760503C145930786C16394B6005C
:107FF00093070683C165938505A0B3D6B7023708FA
:1080000010FE7D18B3F7B702FD8A1396460174433C
:10801000B3F60601D18E74C39306A00F3706FCFF9A
:10802000AA07B3D7D7027443F18EBA07B983D58FA5
:108030007CC31185014697C5FE1F83C5E5ED0D89FB
:10804000EFF03F94170500001305050BEFE00FA6B6
:1080500098408177FD175447F58F5CC70F100000DB
:108060009840B70702001CC7930700F817C6FE1F09
:108070002302F6E697C7FE1F938747E59C439C4380
:108080009D83858B99CF93076019032304017CD3CB
:1080900054C70146814505452244B24092444101FE
:1080A00002839307E01BD5B79C40FC538DE3EFF0B0
:1080B0009FE497C7FE1F238F07E097C7FE1F938794
:1080C000E7E303A30701014681454545F1B797C79B
:1080D000FE1F9387E7DF83C777000D476317F7001D
:1080E000854717C7FE1F2304F7C4B24022449244B9
:1080F00041018280011197C7FE1F83C797DD06CE1D
:1081000022CC858B17C7FE1F130787DCC9CF3A84A3
:10811000EFF07FDE485097C7FE1FA38C07DA81453A
:1081200081461306F10097C7FE1F238507DA979053
:10813000FE1FE780802C93158501E1858DE15C5061
:108140009306F00F03C70700630BD70097C7FE1F06
:1081500083C7D7DC6385D7006303F700894597C7DA
:10816000FE1F9387A7D9038707006347070058506E
:108170008346F1002300D7009C4B505093F5F50F38
:108180000945829797C7FE1F83C707DA898B81CB82
:10819000854517C5FE1F034565D9EFD0FFD1F240D5
:1081A00062440561828097C7FE1F9387E7D49C4392
:1081B000FC538DE3EFF03FD497C7FE1F238C07D00D
:1081C00097C7FE1F938787D39C4B0146814549453E
:1081D0008297F1B7834777000D47E312F7FC854795
:1081E00017C7FE1F2305F7B45DBF797122D452CCA7
:1081F00056CA06D626D24AD04ECE5AC89307000891
:10820000AA8A2E84328A6319F602BD449790FE1F13
:10821000E7806049E3FCA4FE97C7FE1F83C7A7CF92
:108220009607C117E3E4A7FE97C7FE1F9387C7CC45
:108230009C4313078007F8D317C9FE1F130909C908
:1082400003270900814597C4FE1F9384E4CA5C5745
:1082500097C9FE1F938989CAF19B93E717005CD7E2
:1082600017C5FE1F034595C9EFF09FBC8327090082
:1082700097C5FE1F938585CD370633009843137746
:10828000F7CF98C398431377F7CF1367072098C3A6
:1082900098411447D18E14C7944037060300130643
:1082A0008625B0CA03A6890090C703A6C900D0C31B
:1082B000DC4293E71700DCC25C4393F7F7EF5CC343
:1082C00001000100984197C9FE1F938929C517CB6A
:1082D000FE1F130BEBBF5C4393E707105CC383C720
:1082E000E90093E7270017C7FE1F2300F7C4930791
:1082F000FAFF93F7F70F05476369F70C03250B02A5
:108300002286D68523004501A300850009059790A4
:10831000FE1FE780808E03270B029C40931504010B
:10832000C181B8DF17C7FE1F230507BA17C7FE1F95
:10833000A30107BA17C7FE1F230E07B80D4797C63C
:10834000FE1FA38AE6B813070008631EEA08F85365
:108350007DFF97C7FE1F9387A79D9C432EC68297DC
:1083600003A78900B2456368E506198D83270B02D0
:10837000370480000D811307F42F6205598D88C3DF
:1083800017C5FE1F034585B711850D89EFF0CFD4C2
:10839000832709009843418F98C3D857719BD8D73A
:1083A00097C7FE1FA38807B297C7FE1FA38207B215
:1083B0009C40094798C3B250225492540259F24942
:1083C000624AD24A424B4561828093070008E31417
:1083D000FAF4094489B797C7FE1F9387E79ADC43ED
:1083E000998F3E9561B717C5FE1F034525B11185CD
:1083F0000D89EFF06FCE83270900B70680001715AF
:108400000000130545109843558F98C3D857719BAA
:10841000D8D7EFD0BFE997C7FE1F238707B097C70C
:10842000FE1FA38907AA97C7FE1FA38307AA9C4024
:10843000094798C383C7C90093F7F70FE5DFA5BFC6
:108440001C49638D0718411122C406C626C2834702
:1084500005002A8493F7070489C75C410945638EA8
:10846000071013060002814517C5FE1F130505A955
:108470009780FE1FE780407C13060002A28517C587
:10848000FE1F1305A5A79780FE1FE780007797C7FB
:10849000FE1F83C737A897C4FE1F938424A699E7BD
:1084A0009307800217C7FE1FA306F7A697C7FE1FF4
:1084B00083C767A691E7A14717C7FE1F230DF7A43F
:1084C00097C7FE1F83C737A591E7C54717C7FE1F8C
:1084D000A303F7A497C7FE1F83C707A491E7ED572F
:1084E00017C7FE1F230AF7A297C7FE1F83C7D7A28D
:1084F00091E7ED5717C7FE1FA300F7A283470400BB
:1085000093F7070491CFDC4037B724001307F7E94E
:10851000636AF7069307500217C7FE1FA300F79E72
:1085200097C7FE1F9387879FC84309C59790FE1F73
:10853000E780A03497C7FE1F23A4079E83C70400CB
:10854000858B85C317C5FE1F0345159D93059004B4
:1085500009059790FE1FE780202397C7FE1F23A1E0
:10856000A79C83C71400014517C7FE1FA30FF79AE6
:108570009C4417C7FE1F232DF79AB2402244924411
:1085800041018280370725009306F74863EDF60026
:108590003767DBFF13070793BA971307007DB3D73D
:1085A000E702FD1795BF130707496395E700930797
:1085B00060029DB737D725001307F777636DF70083
:1085C0003767DBFF13070793BA971307007DB3D70D
:1085D000E702F91791B7930770023DBF0545828006
:1085E000797126D297C4FE1F938444919C4406D689
:1085F00022D44AD04ECE52CC56CA5AC85EC662C4A5
:108600006388072417C7FE1F0347F78C9547AA8B7B
:1086100017CAFE1F130ACA8B0945630EF71E0D45C4
:108620002E84328B368CEFF00FD197C7FE1F83C795
:10863000A78F898B97CAFE1F938A4A8E85CB3D49A7
:108640009790FE1FE7802006E37CA9FE97C7FE1FD8
:1086500083C7678C9607C117E3E4A7FE97C7FE1F81
:10866000938787899C4313078007F8D397C9FE1F18
:108670009389C98503A709005C57F19B93E717000D
:108680005CD783C7CA00898B99E783C7040093F737
:108690000704639E0718814517C5FE1F034515860D
:1086A000EFF00FF983A7090097C5FE1F9385058A90
:1086B00037063300984317C9FE1F1309E983137760
:1086C000F7CF98C398431377F7CF1367072098C362
:1086D00098411447D18E14C783260900370603003A
:1086E00013068625B0CA904490C7D044D0C383C730
:1086F000040013F61700DC42F99BD18FDCC25C4307
:1087000093F7F7EF5CC30100010098415C4393E7E6
:1087100007105CC383C7EA0093E7270017C7FE1F53
:108720002305F78097B7FE1F238A677F97B7FE1F41
:10873000A386877F63800B1003250A022286DE85CD
:1087400023006501A300850009059780FE1FE780CF
:10875000C04A83270A02032709003CDF97B7FE1FA0
:108760002389077697B7FE1FA385077697B7FE1F65
:10877000238207768D4797B6FE1FA38EF67483C7B4
:10878000CA00898B9DCB7C53FDFF97B7FE1F938753
:10879000275A9C43829703A78A006363E50A198DD1
:1087A00083270A0209041374F40FA38087000D8144
:1087B000A29723800700A380A70017B5FE1F0345DB
:1087C000E57311850D89A285EFF00F9183C7040031
:1087D00017F5FFFF1305A57C858B89E717F5FFFFCC
:1087E00013052573EFD09FAC83A70900B70680005F
:1087F00001459843558F98C3D857719BD8D797B7E1
:10880000FE1FA389076C97B7FE1FA383076C8327FE
:108810000900094798C3B250225492540259F249B0
:10882000624AD24A424BB24B224C45618280894512
:10883000C840BDB583270A02014423A0670111BFC8
:1088400097B7FE1F93874754DC43998F3E9589BFA6
:108850000545D1B77971B7E700E026D284433707E1
:10886000200006D622D44AD04ECE52CC56CAF98C1D
:1088700023A0E7180F10000017B4FE1F13040468AC
:10888000184409EF23A097100545B2502254925482
:108890000259F249624AD24A4561828017B7FE1FE7
:1088A0001307C7720327470A09C723A09710094572
:1088B000E9BF83470400328AB689858B2E86AA8A4F
:1088C000BDC717B9FE1F130969658327490095E3E2
:1088D00017B5FE1F034555642EC609059305900480
:1088E0009790FE1FE78040EA324697B7FE1F23A904
:1088F000A7628327490099E7B7E700E023A0971014
:108900000D4561B717B7FE1F034767612380E70076
:1089100083274900638F0A0429CEA380C70003255B
:108920004900D68509059780FE1FE780002D17B7FF
:10893000FE1F0347575A9547630CF70097B7FE1F72
:1089400083C7875919476385E7000D476396E70298
:1089500097B7FE1F83C7575899E79307801017B73B
:10896000FE1F231BF756B7E700E023A09710014531
:1089700029BFA380070065BF17B9FE1F1309C95798
:108980008327090098430D8B0DC717B7FE1F2300DF
:10899000073AB84B1377F78FB8CB98431367870024
:1089A00098C39C438D83858B89C70100010001001A
:1089B0000100832709003707020097BAFE1F938A38
:1089C000EA5523A2070698C797B7FE1F23840750CE
:1089D00097B7FE1F83C74755918B89EB97B5FE1F4D
:1089E00083C5C55193F70504639C0712814517B5EC
:1089F000FE1F0345B550EFF0AFC317B5FE1F03458B
:108A0000E54F1185014697B5FE1F83C5E5500D89D9
:108A1000EFE03FF717B7FE1F1307474B14441C4303
:108A200094C75444D4C383260900834704003A847E
:108A300013F61700DC42F99BD18FDCC283A74A00F2
:108A4000BCDE97B7FE1FA38C474D97B7FE1F238848
:108A5000374D83C7EA0093E7470097B6FE1F23868A
:108A6000F64C9307000497B6FE1F2383F64697B78C
:108A7000FE1F23810746A14797B6FE1FA38DF6442C
:108A800097B7FE1F9387872B9C5791CB13060064E3
:108A9000C14517B5FE1F03456549EFD06FCB83274E
:108AA00009001705000013052533DC43858B89E792
:108AB000170500001305C507EFD04FFF184097B604
:108AC000FE1F9386A648370633001C4393F7F7CF63
:108AD0001CC31C4393F7F7CF93E707201CC39C42AA
:108AE0009847518F0326090098C7370703001307DB
:108AF000871538CA17B7FE1FA30E073C17B7FE1F0E
:108B0000A308073C054718C2D8431377F7EFD8C32B
:108B10000100010098425C4393E707105CC3A1B5D4
:108B200093F5050393E515004840F1B5011197B79A
:108B3000FE1F83C7F73906CE22CC26CA4AC8858BCA
:108B400017B7FE1F1307C7386386072497B7FE1FA2
:108B5000A38007383A84A30701004453EFF0AFB96C
:108B600097B7FE1F83C7473C918B97B6FE1F93862E
:108B7000E63A17B9FE1F13096938638A071A83C7D3
:108B80001400A69703C7070093070008631AF700AD
:108B90008347090093E7870017B7FE1F2300F736C6
:108BA0005C4C0D47637FF710F11717B7FE1F232F9B
:108BB000F7325C4C984663EDE7103387E74083C794
:108BC000140003C6C600A69783C717006206618615
:108BD0008E076350061263F4E7101D8F93060002A0
:108BE00063EBE600584C636FF70EB307F74017B717
:108BF000FE1F2329F732894517B5FE1F03450533AC
:108C0000EFD08FAB83470900A18B638D071097B717
:108C1000FE1F9387672E94439307800C1307F00F72
:108C2000FCD21C5037063300014598C397B7FE1F8E
:108C30002381072A97B7FE1FA38D072897B7FE1F2A
:108C4000238A072897B7FE1FA386072897B7FE1F1A
:108C50009387C72798431C4393F7F7CF1CC31C4344
:108C600093F7F7CF93E707201CC397B7FE1F9387AF
:108C7000E72D984397B5FE1F83C5452891851C476E
:108C80008D89D18F1CC7B707030093878725BCCA7E
:108C900005469780FE1FE780607F83470900DD9BC4
:108CA00017B7FE1F230CF72497B6FE1F83C626278F
:108CB00017B6FE1F0346B62681450145EFF09FB962
:108CC000E1A017B7FE1F1307270C5843BA97E9BD59
:108CD00017B6FE1F1306460B5042B297F9BD3387F5
:108CE000E740EDBD97B6FE1F9386060AD44236973D
:108CF000EDBD584C6361F702B307F74017B7FE1F8D
:108D00002322F72283C7C60093E7070817B7FE1F81
:108D1000230CF720CDB517B6FE1F1306E60650420A
:108D20003297D9BF83C71400F917A380F4004850C5
:108D3000814681451306F1009780FE1FE780E06BB6
:108D40005C50931585019306F00F03C70700E1857A
:108D5000630CD70097B7FE1F83C7771C6386D700C5
:108D60006304F70093E525008307090063C7070044
:108D700089E58347F1002380F400832709015050DF
:108D800093F5F50F0D458297F2406244D244424973
:108D90000561828097B7FE1F938707169C43FC539B
:108DA00099EFEFF04F9597B7FE1F938727F99C5BDC
:108DB000E38C07EE8545130510088297F5B58347C8
:108DC00077002147E312F7FC854717B7FE1F230002
:108DD000F7F65DBF797197B7FE1F83C7670F06D699
:108DE00022D426D24AD04ECE52CC858B17B7FE1F46
:108DF0001307070E638407260329470281461306DB
:108E0000F10081454A853A84A307010097B7FE1F08
:108E10002380070C9780FE1FE780205E131A8501D0
:108E2000135A8A4163120A0297B7FE1F83C7370F8E
:108E30009306F00F638AD700585003470700630575
:108E4000D7006303F700094A97B4FE1F9384040B0D
:108E50008387040097B9FE1F9389490C63C60714E2
:108E600063160A148347F1002300F90083C7C90081
:108E7000918BD1CB5C4C0D47637DF716F11717B77B
:108E8000FE1F2325F7065C4C03A7890063EAE7165B
:108E90003387E7408347190083C6C900CA9783C751
:108EA0001700E206E1868E0763DD061663F1E7161A
:108EB0001D8F9306000263EBE600584C636CF714B9
:108EC000B307F74017B7FE1F232EF704894517B5E0
:108ED000FE1F0345A505EFC03FFE8347190033077A
:108EE000F90083460700130700086395E6161C5037
:108EF0001307F00F98C383C7040093E7870017B7E1
:108F0000FE1F230DF7FE97B7FE1F93872704984394
:108F10005C578583858BA1C3DC40C165938505A023
:108F2000B3D6B702370510FE7D15B3F7B702FD8A39
:108F3000139646017443E98ED18E74C39306A00F35
:108F40003706FCFFAA07B3D7D7027443F18EBA07DE
:108F5000B983D58F7CC383A7490017B5FE1F03458E
:108F6000E5F9118583C517000D89EFE0FF96170518
:108F7000000013056513EFD06FB397B7FE1F9387FB
:108F8000E7F49C43B70680009843558F98C3D857A1
:108F9000719BD8D783C70400A18BA1E79C48505090
:108FA00081450D45829735A8E3020AECEFE07FB0DA
:108FB0009C4850500D459375FA0F829703A54900C0
:108FC00017B6FE1F0346B6F597B6FE1F83C626F5F5
:108FD00009C583451500090519A081450145EFF034
:108FE0007F87B250225492540259F249624A456135
:108FF000828017B7FE1F130727D95843BA97BDBD04
:1090000097B6FE1F938646D8D442B69751B533879C
:10901000E74045B597B6FE1F938606D7D4423697EC
:1090200045B5584C6361F702B307F74017B7FE1F09
:10903000232AF7EE83C7C90093E7070817B7FE1F77
:109040002304F7EE61B597B6FE1F9386E6D3D442AC
:109050003697D9BFF917A300F90075B597B7FE1F6A
:10906000938787E99C43FC539DE3EFE0DFE897B7E4
:10907000FE1F9387A7CC9C5B89C789451305100801
:10908000829797B7FE1F938767E9C84315BF834749
:1090900077002147E317F7F4854717B7FE1F23082A
:1090A000F7C881B7411197B7FE1F83C777E206C69D
:1090B00022C4858B8DCB97B7FE1FA38B07E0EFE013
:1090C0009FE397B7FE1F938767E303C707003E84BC
:1090D000218B21E703A30701014681451145224465
:1090E000B2404101028397B7FE1F9387E7E09C439C
:1090F000FC53ADE797B7FE1F238E07DC97B7FE1F23
:109100009387C7DF03C707003E84218B19E703A3BA
:109110000701014681455145D9B797B7FE1F93878F
:10912000E7DFC84317B6FE1F034676DF97B6FE1F7C
:1091300083C6E6DE0DC1834515000905EFF08FF10A
:1091400083470400DD9B17B7FE1F2309F7DAB240FF
:1091500022444101828081450145CDB7854717B73B
:10916000FE1F2306F7BCE5B74111B7E700E022C4B4
:1091700080433707200006C6798C23A0E7180F101C
:10918000000097B7FE1F238207DA97B7FE1F938769
:10919000E7D8C84309C59780FE1FE780006E97B7E0
:1091A000FE1F23AF07D617B7FE1F0347F7D297B7A7
:1091B000FE1F9387E7D101CF97B6FE1F83C6C6D1A6
:1091C00021476396E60017B7FE1FA30707D003C722
:1091D000770099466387E60003C777009D46639D45
:1091E000E60083C7770017B7FE1F2307F7CE854732
:1091F00017B7FE1FA302F7CEEFE0BF8BC14517B52F
:10920000FE1F0345A5D297B7FE1F238207B2EFC00A
:10921000DFEAB7E700E023A08710B240224401450F
:1092200041018280411106C622C426C217B4FE1F26
:109230001304C4CEEFF05FF38347F400A14517B5E4
:10924000FE1F0345A5CE17B7FE1FA309F7CA5C484A
:1092500097B4FE1F938484CA17B7FE1F2324F7CA4E
:10926000EFC0BFE5914517B5FE1F034525CCEFC004
:10927000DFE48347C400898B9DC39C480146814538
:109280001305200282972244B240924497B7FE1FF2
:10929000238C07C88945014541016FC0DFFF834723
:1092A000C400918BEDD39C480146814513054002D3
:1092B000D1BF97B7FE1F83C727C7898B638C07125F
:1092C000011152C406CE22CC26CA4AC84EC656C286
:1092D0005AC017B7FE1F034717C08D4717BAFE1FA6
:1092E000130A0ABF91456300F70C3545017985697A
:1092F000EFE07F84A14417B4FE1F1304E4BF7D197F
:10930000938929F91306000881450145EFE0FFED37
:10931000B70A0200130B00F883472A00858B8DE300
:109320001C40FC53F5FBFD14F1FC6244F240D244B6
:109330004249B249224A924A024B05616FF09FEEC0
:1093400017B5FE1F034585BB118501469305F00F38
:109350000D8997B7FE1F238E07B6EFE08FE297B512
:10936000FE1F83C5A5B991851306F00F8D890545AC
:109370009780FE1FE780801183473A00858BB9C331
:1093800097B7FE1FA38707B4EFE0FFB697B7FE1F9E
:109390009387C7B883C7C700854593E7070817B702
:1093A000FE1F2303F7B86244F240D2444249B24957
:1093B000224A924A024B17B5FE1F034525B70561A5
:1093C0006FC09FAFEFE03FB31C40D847B376270193
:1093D000D4C70F1000001C4023A4570197B6FE1FEE
:1093E000238A66AF23A23707D8C71C40FC538DDB06
:1093F0000100E5BF8280411122C406C693F7150023
:109400002E84A1CB97B7FE1F83C707B2898B85CF68
:1094100097B7FE1F938787B083C7C70017B5FE1F96
:109420000345C5B013060005E207E18763DA0700CC
:1094300017B6FE1F034616AE9307000A3306F60260
:109440009145EFC0FFB013451400B24022444101E2
:10945000828093F72500B9C797B7FE1F83C7C7ACB3
:10946000918B95CF97B7FE1F938747AB83C7C700F4
:1094700017B5FE1F034585AB1306000AE207E18717
:1094800063DC070017B6FE1F0346D6A89307000A41
:109490003306F60213068602A145EFC07FAB1345E3
:1094A000240065B793F7450091C7EFF09FE013459F
:1094B000440061BF93F7850081CF97B7FE1F83C734
:1094C000A7A6918B99C3EFF0FFD513458400B5BFD4
:1094D00093F705010145B5DBEFD06F9517B7FE1F78
:1094E0000347779FA147631BF70013060064C1453C
:1094F00017B5FE1F034585A3EFC09FA513450401C3
:10950000A9B7411197B7FE1F83C7A79C06C622C4FF
:1095100026C2858B6384071E17B5FE1F0345059E73
:1095200011850146930500020D8997B7FE1F23821E
:10953000079AEFE00FC597B5FE1F83C5259C91855F
:109540001306F00F8D89054597B4FE1F9384449848
:109550009780FE1FE78080F383C73400858B638F7D
:109560000718C85097B7FE1FA38507968146014686
:10957000814597B7FE1F238E07949780FE1FE780D3
:10958000C0E7631D0516C0509547034724006317C5
:10959000F716194697A5FE1F9385C57B1305940002
:1095A0009770FE1FE780606C85476319F5149C5027
:1095B0001947814598C317B5FE1F034525941185AA
:1095C0000D89EFE06FB197B5FE1F83C52593918597
:1095D00001468D890D459780FE1FE78020EB83C7EC
:1095E0002400858B638C071097B7FE1F2383078E9B
:1095F00097A7FE1F9387C7739C43829797B7FE1F59
:1096000023A2A792EFF05FB697B7FE1FA388078E3D
:1096100097B7FE1FA38A079083473401814681458F
:1096200017B7FE1FA308F78E8347440113050002F6
:1096300017B7FE1F2301F78E8347540117B7FE1F8C
:10964000A30BF78C034704018347F40022075D8FC7
:1096500083471401C2075D8F83472401E207D98F36
:1096600017B7FE1F2320F78A03477401834764015D
:1096700022075D8F83478401C2075D8F8347940172
:10968000E207D98F17B7FE1F2324F78817B7FE1FED
:10969000A30E0788014733D6D700058A09C60507F8
:1096A0001377F70F85458506E397A6FE89C597B71B
:1096B000FE1FA38DE7868347A40193053400194656
:1096C00017B7FE1F2308F78417B5FE1F1305C586BD
:1096D000894717B7FE1F2309F7849770FE1FE7809D
:1096E000C0512244B240924417B5FE1F0345058481
:1096F00013068002914541016FC09F85EFE06FBB6B
:10970000B2402244FD5717B7FE1F230FF780924443
:1097100041018280411106C622C4EFE00FE1130629
:109720004002814517A5FE1F1305457F9770FE1F58
:10973000E780805017A4FE1F1304447EFD571705D1
:109740000000130585CB1CC0EFC0BFCB2308A400CD
:10975000B240224401454101828097A7FE1F9387B2
:10976000E77E9C4313070048B70600F998D7D85FF7
:10977000FD16758FB7060002558FD8DFD85FB70684
:1097800000400E070D83558FD8DFF84BC576FD16C8
:10979000419B13679700F8CBD85F758F9566558FFF
:1097A000D8DF985B9D661367077098DB985B558FD1
:1097B00098DB985BB7060700558F98DB985BB70678
:1097C0000090FD16758FB7060010558F98DBF8478F
:1097D000B706F9FFFD16619BF8C7F84F758FF8CFF4
:1097E000F84FB70690FFFD16758FF8CF17A7FE1F2D
:1097F000034707561377070C19C7B847B706008009
:10980000558FB8C78280B84706070583DDBF17A705
:10981000FE1F1307A7731C4341767D16B44BF18ED0
:10982000B4CB944737062000D18E94C7D44793E633
:109830000601D4C7D447BD9AD4C701000100010076
:10984000010014430566DC4693E70701DCC6DC42F1
:10985000D18FDCC297A7FE1F9387076A90439307B7
:1098600040067CD27C5291C783A7C609A183858B11
:10987000F5DB01000100010001001C43416603A764
:10988000C709B44BD18EB4CB9376F701B84B019B8B
:10989000558FB8CB9847B706E0FFFD16758F98C770
:1098A000828097A7FE1F9387676A9C4341777D1745
:1098B000B44F4166F98EB4CF9447D18E94C7D44744
:1098C00093F6F6EFD4C7D443758FD8C3D44793E645
:1098D0000610D4C7D843518FD8C38280397122DC97
:1098E00017A4FE1F130484661C4006DE26DA4AD83D
:1098F0004ED652D456D25AD05ECE62CC66CA6AC810
:109900006EC6D843FD76FD161377F7EFD8C3985788
:10991000758F98D7D857B70602003D9BD8D7984780
:10992000558F98C7D84313670701D8C317A7FE1FE1
:109930001307476114433757341213078767E38FC0
:10994000E64AD84381749384F40F799BD8C3985F17
:10995000B166938606F0658F558F98DFD8431367FD
:109960001700D8C39780FE1FE78060DE1C4003A766
:1099700007091377F703238CE18403A74709298399
:109980001377F707A38CE184D843B96693860670F2
:10999000799BD8C3985F658F558F98DFD84313673D
:1099A0001700D8C39780FE1FE78060DA1C4003A72A
:1099B00007091377F70397A6FE1FA38BE65803A7A3
:1099C000470929831377F70797A6FE1F238EE656CC
:1099D000D843B56693860630799BD8C3985F658F68
:1099E000558F98DFD84313671700D8C39780FE1FA1
:1099F000E780E0D518408327070993F7F70397A678
:109A0000FE1F2387F65483274709A98393F7F70797
:109A100017A7FE1F2306F7521C4017ACFE1F034C6E
:109A20002C5383C6818503A7070AB386864113F6A4
:109A3000F600419B518F23A0E70A1307600233878A
:109A4000E6021306700283A5070A7D7E130EFE0F41
:109A500093F5F5F01305400245737D1313043002AE
:109A60003347C702B708F1FFFD1813082002930E11
:109A700010027D4FF94FF542F1436D4DD14B454BEF
:109A8000BD443949314AAD4AB5493D8B12074D8F26
:109A90009305500223A0E70A3387B60283A5070A7D
:109AA000B3F5C5013347C7023D8B22074D8F23A075
:109AB000E70A3387A60283A5070A370500F17D155B
:109AC000B3F565003347C7023D8B32074D8F23A0A6
:109AD000E70A3387860283A5070A6144B3F51501B7
:109AE0003347C7023D8B42074D8F23A0E70A3387D8
:109AF000060383A5070A370810FF7D18B3F5050193
:109B00003347C7023D8B52074D8F23A0E70A3387A7
:109B1000D60383A5070AB70E0010FD1EE98D334753
:109B2000C7023D8B62074D8F23A0E70A13975600AB
:109B30003347C7029315C70103A7070A3377D70135
:109B40004D8F23A0E70A3387E6035D4F3347C702F3
:109B50009375F70003A7470A419B4D8F23A2E70A9D
:109B60003387F60383A5470AD94F93F5F5F03347BA
:109B7000C7023D8B12074D8F23A2E70A3387560297
:109B800083A5470AD542B3F5C5013347C7023D8BCC
:109B900022074D8F23A2E70A3387760283A5470A5F
:109BA000CD43B3F565003347C7023D8B32074D8F78
:109BB00023A2E70A3387A60383A5470A494DB3F5D5
:109BC00015013347C7023D8B42074D8F23A2E70A99
:109BD00069473387E60283A5470AB3F50501334792
:109BE000C7023D8B52074D8FE54523A2E70A338715
:109BF000B60283A5470AE98D3347C7023D8B62074A
:109C00004D8F23A2E70A338786020D443347C702EC
:109C10009315C70103A7470A3377D7014D8F23A2B6
:109C2000E70A3387E603254F3347C7029375F700EA
:109C300003A7870A419B4D8F23A4E70A3387F603C6
:109C400083A5870A9D4F93F5F5F03347C7023D8BF7
:109C500012074D8F23A4E70A3387560283A5870A8C
:109C60009942B3F5C5013347C7023D8B22074D8F9B
:109C700023A4E70A3387760383A5870AB3F5650033
:109C80003347C7023D8B32074D8F23A4E70A338742
:109C9000760283A5870A9543B3F515013347C702BA
:109CA0003D8B42074D8F23A4E70A3387A60383A584
:109CB000870A294DB3F505013347C7023D8B52078B
:109CC0004D8F23A4E70A3387660383A5870AE98DAE
:109CD0003347C7023D8B62074D8F93954600B3C54E
:109CE000C50223A4E70A03A7870A3377D701F20541
:109CF0004D8FB385960223A4E70A03A7C70A419BA9
:109D0000B3C5C502BD894D8F23A6E70A3387260355
:109D100083A5C70A93F5F5F03347C7023D8B1207B9
:109D20004D8FB3C5860223A6E70A03A7C70A337778
:109D3000C701BD89A2054D8F23A6E70A33874603D5
:109D400083A5C70AB3F565003347C7023D8B3207C9
:109D50004D8F23A6E70A3387560383A5C70AB3F5B9
:109D600015013347C7023D8B42074D8F23A6E70AF3
:109D70003387A60383A5C70AB3F505013347C70296
:109D80003D8B52074D8F23A6E70A3387E60383A551
:109D9000C70AE98D3347C7023D8B62074D8F939504
:109DA0003600B3C5C50223A6E70A03A7C70A33775F
:109DB000D701F2054D8FB385F60323A6E70A03A763
:109DC000070B419BB3C5C502BD894D8F23A8E70A88
:109DD0003387560283A5070B93F5F5F03347C70287
:109DE0003D8B12074D8F23A8E70A3387760283A5A0
:109DF000070BB3F5C5013347C7023D8B22074D8FD3
:109E000023A8E70A139726003347C70283A5070B49
:109E1000B3F565003D8B32074D8FB3C5360323A8DC
:109E2000E70A03A7070B33771701BD89C2054D8FDA
:109E300023A8E70A139716003347C70283A5070B29
:109E4000B3F505013D8B52074D8FB3C5C60223A85C
:109E5000E70A03A7070B698FBD89E2054D8F23A889
:109E6000E70A03A7070B930580023377D70123A8DE
:109E7000E70A17A7FE1F0347B70D3307EC40B34DA2
:109E8000B70283AC470B93FC0CFFB34B770393FDF6
:109E9000FD00B3ECBC0123AA970B83AC470BCD4D5F
:109EA00093FCFCF093FBFB00920BB3EB7C0123AA29
:109EB000770BB30B870283AC470BB3FCCC01B3CB5E
:109EC000BB0293FBFB00A20BB3EB7C01B34CA703DB
:109ED00023AA770B83AB470BB3FB6B0093FCFC000F
:109EE000B20CB3EB9B0123AA770BA14BB34B7703C7
:109EF00083AC470BB3FC1C0193FBFB00C20BB3EB21
:109F00007C0123AA770BB30B570283AC470BB3FC3E
:109F10000C01B3CBBB0293FBFB00D20BB3EB7C0178
:109F200023AA770BB30BF70383AC470BB3FCAC004E
:109F3000B3CBBB0293FBFB00E20BB3EB7C01B34C56
:109F4000770223AA770B83AB470BB3FBDB01F20C41
:109F5000B3EB9B01B30CE70323AA770B83AB870B0F
:109F600093FB0BFFB3CCBC02B30A570393FCFC007A
:109F7000B3EB9B0123AC770B914B83AC870B93FC2A
:109F8000FCF0B34B7703330A470393FBFB00920BC0
:109F9000B3EB7C0123AC770B83AB870BD54CB3FBC6
:109FA000CB01B3CABA02B309370393FAFA00A20A83
:109FB000B3EA5B0123AC570B83AA870BD94BB3FAE7
:109FC0006A00334ABA0233092703137AFA00320AC5
:109FD00033EA4A0123AC470B03AA870BE14A337AE1
:109FE0001A01B3C9B902B304970293F9F900C2097F
:109FF000B3693A0123AC370B83A9870B654AB3F9E0
:10A0000009013349B902B3C4B4021379F900520902
:10A0100033E9290123AC270B03A9870BE9493379DD
:10A02000A900330B6703BD88E204B36499001319D8
:10A03000470023AC970A83A4870BB3F4D4013349B8
:10A04000B902334BBB027209B3E4240123AC970A73
:10A0500083A4C70BC198137BFB0033EB6401C94495
:10A06000B304970223AE670B03A9C70B5D4B1379AB
:10A07000F9F0B3C4B402BD889204B364990023AE6E
:10A08000970AB304B70303A9C70BF54D3379C90188
:10A09000B3C4B402BD88A204B364990023AE970A86
:10A0A0008944B344970203A9C70B33796900BD887B
:10A0B000B204B364990023AE970AB304970303A9CB
:10A0C000C70BF94C33791901B3C4B402BD88C2047B
:10A0D000B364990023AE970AB304770303A9C70BAF
:10A0E000FD4B33790901B3C4B402BD88D204B36413
:10A0F000990023AE970AB304670303A9C70B130B98
:10A1000010023379A900B3C4B402BD88E204B36479
:10A11000990023AE970AB304570303A9C70B930A08
:10A1200020023379D901B3C4B402F204B3649900B4
:10A1300023AE970AB304470303A9070C130A30029E
:10A14000137909FFB3C4B402BD88B364990023A096
:10A15000970CB304370303A9070C93094002137942
:10A16000F9F0B3C4B402BD889204B36499006D4998
:10A1700023A0970CB304270303A9070C3379C90163
:10A18000B3C4B402BD88A204B364990023A0970CA1
:10A19000F144B304970203A9070C33796900B3C4EF
:10A1A000B402BD88B204B364990023A0970CB30431
:10A1B000B70303A9070C33791901B3C4B402BD88EE
:10A1C000C204B364990023A0970CB304970303A9B6
:10A1D000070C33790901B3C4B402BD88D204B36457
:10A1E000990023A0970CB304770303A9070C3379D4
:10A1F000A900B3C4B402BD88E204B364990023A0EB
:10A20000970C93145700B3C4B4021399C40183A4E8
:10A21000070C3306C702B3F4D401B3E4240123A02E
:10A22000970C03A9470C137909FFB3046703B3C460
:10A23000B402BD88B364990023A2970CB3045703FA
:10A2400003A9470C1379F9F0B3C4B402BD88920492
:10A25000B364990023A2970CB304470303A9470CE6
:10A260003379C901B3C4B402BD88A204B3649900B0
:10A2700023A2970CB304370303A9470C3379690071
:10A28000B3C4B402BD88B204B36499001309500288
:10A2900023A2970CB304270303A9470C33791901B0
:10A2A000B3C4B402BD88C204B364990023A2970C5E
:10A2B00093046002B304970203A9470C33790901A0
:10A2C000B3C4B4023346B602BD88D204B364990065
:10A2D00023A2970C83A4470CE98C3D8A6206458E25
:10A2E00023A2C70C03A6470C9314C7013376D601EB
:10A2F000458E23A2C70C130690023306C70283A41F
:10A30000870CC1983346B6023D8A458E23A4C70CFC
:10A310001306A0023306C702B345B60203A6870C94
:10A320001376F6F0BD899205D18D23A4B70C97A5BD
:10A33000FE1F83C5E5C017A6FE1F0346E6C0338691
:10A34000C540B304A60303A9870C3379C901B3C47C
:10A35000E40293E48400BD88A204B364990023A4BA
:10A36000970CB304E60303A9870C33796900B3C4DF
:10A37000E40293E48400BD88B204B364990023A48A
:10A38000970C93143600B3C4E40203A9870C337905
:10A39000190193E48400BD88C204B364990023A426
:10A3A000970CB304F60303A9870C33790901B3C4EE
:10A3B000E40293E48400BD88D204B364990023A42A
:10A3C000970CB304560203A9870C3379A900B3C4D0
:10A3D000E40293E48400BD88E204B364990023A4FA
:10A3E000970CB304760203A9870C3379D901B3C45F
:10A3F000E40293E48400F204B364990023A4970C6C
:10A4000093142600B3C4E40203A9C70C137909FF0F
:10A4100093E48400BD88B364990023A6970CB30429
:10A42000860203A9C70C1379F9F0B3C4E40293E4DC
:10A430008400BD889204B364990023A6970C9314FA
:10A440001600B3C4E40203A9C70C3379C90133472A
:10A45000E60293E48400BD88A204B364990023A6B5
:10A46000970C03A6C70C33766600136787003D8BF5
:10A470003207518F23A6E70C03A7C70C33771701C8
:10A4800023A6E70C03C791850D8F3346D70293F5BA
:10A49000F507E2053D8A9314460103A6C70C330471
:10A4A000870233760601458E23A6C70C13161700C4
:10A4B00083A4C70CE98C3346D6023D8A6206458EDA
:10A4C00023A6C70C03A6C70C3344D402B37ED6011F
:10A4D00013162700B3037702720433E48E0023A619
:10A4E000870C3346D602B3025702937EF60003A6CA
:10A4F000070D419A3366D60123A8C70C03A6070DA2
:10A50000B3C3D3021376F6F0B3C2D20293F3F300CF
:10A510009203B363760023A8770C03A6070D337E5E
:10A52000C601B30FF70393F2F200A202B3625E001A
:10A5300023A8570C03A6070D3373660013163700C4
:10A54000B3CFDF02330FE70393FFFF00B20FB36F08
:10A55000F30123A8F70D03A3070DB37813013346C6
:10A56000D602330DA7033D8A420633E6C80023A86E
:10A57000C70C03A6070D33780601334FDF02B3463D
:10A58000DD02137FFF00520F336FE80123A8E70DB0
:10A5900003A7070D798DBD8AE206C98E23A8D70CC3
:10A5A000D84385663D9BD8C3D843799BD8C3985779
:10A5B000558F98D7D857B7060081FD161367070146
:10A5C000D8D71377FC0303AC8703137C0CFC336CE4
:10A5D000EC0023AC8703985F758FD98D8CDF6254B4
:10A5E000F250D2544259B259225A925A025BF24B5B
:10A5F000624CD24C424DB24D2161828097A7FE1F22
:10A6000023A207946FF04FC197A7FE1F938707946B
:10A6100098435C4393E707105CC38280411106C6F0
:10A620000128930560408922B240014541018280A2
:10A63000011106CE9317450163D3070259248947B8
:10A6400019C9834605001147B1476396E60095474F
:10A650002300F500C947F2403E85056182802EC681
:10A660004924C9476DD90347A500418B6DD7B24531
:10A670008347B500230AB50491E7E9472308F500AD
:10A680008147D1BFED47DDBF01114AC84EC652C454
:10A6900006CE22CC26CAAE89328A3689992479C15F
:10A6A000631E0A008547238DF1840145F240624410
:10A6B000D2444249B249224A0561828003C7A1853A
:10A6C00085472A846315F700238D01848949B7E7FC
:10A6D00000E084433707200023A0E718F98C0F100F
:10A6E00000004165130545F5212C21CD8347A500C8
:10A6F0002315F50083278411A9E3232CA410232E0E
:10A70000A410930710F8791923200500231645019A
:10A71000A304F50023043501232225018347940275
:10A7200085450145B395F500C205C181EFB0CFF86D
:10A73000B7E700E023A097108DBF8327C41188C31B
:10A740007DBF9797FE1F9387675F9C5B91C7956559
:10A750009385555505458297B7E700E023A09710EC
:10A760001D45A9B7094599B76FC03FD1011106CE64
:10A770002AC6EFC0FF8309C9B245F2400345050070
:10A780004D4605616FC04FA0F2404945056182808A
:10A7900097A7FE1F9387478317A7FE1F13074782BC
:10A7A0009C43184301456313F700828083D66700FA
:10A7B00081E683D6470036959C43F5B79797FE1FF1
:10A7C0009387C7578C431797FE1F0357675741114D
:10A7D000138605229797FE1F23A8C77E938785FFC0
:10A7E000BA9705659796FE1F23ACF67C06C61D0535
:10A7F000935637006374E500930600203307D600B4
:10A800001795FE1F2320E57C23A0E522E1162312E5
:10A81000D600231306001CC3998FE1172312F700FB
:10A8200023130700EFF0DFF6B2409797FE1F239E39
:10A83000A74A410182809797FE1F9387E7789796F2
:10A84000FE1F9386E6779C4390422A87B305B54066
:10A850006314F6003A8529A8938687009C43E36930
:10A86000D7FEE377F7FE2E85E3E4D5FEE3F2F5FEAF
:10A87000828083D705002300F50083D70500A183DC
:10A88000A300F50003D5250009054205418182801A
:10A89000011122CC2A84C84106CEAE86014719C5D3
:10A8A0002EC68D45EFF03FF9B2462A8722856244D5
:10A8B000F2406D46970500009385E5FB05616FB09A
:10A8C0005FFB9797FE1F93876770BC4B9C5799E37C
:10A8D0003E85828003D78701E30CA7FE9387870517
:10A8E000FDB79797FE1F9387676E83A7870999E344
:10A8F0003E85828003D78700E30CA7FE9C43C5BF3B
:10A900009797FE1F9387876C83A7870AC1669795E1
:10A91000FE1F83C595430147FD1603D6A7006309B3
:10A92000A6006307D6000507C107E3D8E5FE814707
:10A930003E8582801797FE1F0347F7599547630BA3
:10A94000F7009797FE1F9387A75883C777000D4797
:10A95000631FF7009797FE1F83C717586397071465
:10A96000930770101797FE1F2318F7568280011166
:10A970009797FE1F938787650D4526CA4AC806CE5E
:10A9800003A9070922CC4EC69794FE1F9384045452
:10A99000EFD06F9A9840B7C7898E938767ED1CC731
:10A9A000B7575500938757555CC30347A9039307CF
:10A9B000F00F6305F700FD57230DF9029799FE1F6D
:10A9C0009389895303A709008547A30CF9025C43C7
:10A9D0000145014693E717005CC3930720FB23035F
:10A9E000F9009D471797FE1FA307F74E9797FE1F85
:10A9F0002380074E930550029797FE1F238C074C28
:10AA00001794FE1F13048454EFC0BFF7184001458C
:10AA10005C57F59B5CD783475900944013F7F707C1
:10AA20009C4293F707F8D98F9CC29797FE1F83C764
:10AA3000673691C79797FE1F9387C76B8843EFB020
:10AA4000FF869840B70633001C4393F7F7CF1CC32B
:10AA50001C4393F7F7CF93E707201CC31C4098478C
:10AA6000558F83A6090098C737070300130787157A
:10AA7000B8CA1797FE1FA30F07441797FE1FA30915
:10AA80000744054798C2D8431377F7EFD8C30100AE
:10AA9000010018405C4393E707105CC3F240624436
:10AAA000D2444249B24905618280828011CE930727
:10AAB0000002918F635BF000B395C500B357F500BA
:10AAC0003316C500DD8D32858280930506FE014672
:10AAD000B315B5003285CDBF014863C6050E63DBF3
:10AAE00006003306C040B337C000B306D040134859
:10AAF000F8FF9D8EB6873283AA8EAE8863910618C2
:10AB000063FCC50C41676361E61EB707000163651E
:10AB1000F63693568601E147173700001307C7A999
:10AB2000369703470700BA97130700021D8F19CB0A
:10AB3000B395E500B357F5003313E600B3E8B7006B
:10AB4000B31EE50013560301B3D7C80293160301E1
:10AB5000C18213D70E01B3F5C8023385F602C205D0
:10AB6000B3E8E50063FAA8009A981387F7FF63E457
:10AB7000680063E9A832BA87B388A840B3D5C80291
:10AB8000C20E93DE0E01B3F8C802B386B602C20845
:10AB9000B3E8D80163FBD8009A981387F5FF63E503
:10ABA0006800F91563E3D800BA85139507014D8D48
:10ABB0008145630908003305A040B337A000B30501
:10ABC000B0409D8D82803305A040B337A000B3050F
:10ABD000B0409D8D7D5821B701E605433353D30224
:10ABE0004167636AE30EB7070001636BF32893566E
:10ABF0008301E147173700001307079C3697034787
:10AC00000700BA97130700021D8F65EB9318030125
:10AC1000B3866540135F030193D80801854513D7B8
:10AC20000E01B3D7E603B3F6E60333861703C20675
:10AC3000558F637AC7001A979386F7FF636467009E
:10AC40006365C726B687118FB356E703C20E93DE3E
:10AC50000E013377E703B388160342073367D70142
:10AC6000637B17011A971386F6FF63656700F91671
:10AC700063631701B28613950701558D1DBF63E10C
:10AC8000D504C16763E1F604B707000163E2F61E6D
:10AC900093D886016147973700009387E791C6975D
:10ACA00003C30700930700023A93B3876740E9EBB9
:10ACB00063ECB61C3335C500134515008145D5BD81
:10ACC00081450145FDB59307F00F63F2D71C93D87A
:10ACD00086002147C9B71307F00F9A86E37C67F017
:10ACE00093568300A14739B71307F00FB286E37577
:10ACF000C7E293568600A14705B53313E30033D668
:10AD0000F500135F0301335EE603B396E500B35726
:10AD1000F500DD8E9318030193D80801B31EE500FA
:10AD200093D50601B377E6033387C803C207CD8FF7
:10AD300063FBE7009A971306FEFF63E3671663F170
:10AD4000E716791E9A97998F33D6E7031397060172
:10AD50004183B3F7E7033385C80293960701D98E81
:10AD600063FBA6009A969307F6FF63E7661263F506
:10AD7000A61279169A9693150E01898ED18D45B536
:10AD800033576600B396F600D98EB3D8650013DF4B
:10AD90000601B3DEE803139E060133536500135E1C
:10ADA0000E01B395F500B365B30013D70501331653
:10ADB000F600B3F8E8033303DE03C20833E7E80024
:10ADC000637B670036979388FEFF6369D70C6377D0
:10ADD000670CF91E3697330767403353E703C20504
:10ADE000C1813377E703B3086E024207D98D63FB55
:10ADF0001501B6951307F3FF63EED50863FC15093B
:10AE00007913B695C20E416FB3EE6E001307FFFFC4
:10AE1000B3F6EE0013D30E01718F4182338EE6023A
:10AE2000B3851541B386C60293580E013307E3027A
:10AE3000BA96C6963306C30263F3E6007A9613D336
:10AE400006011A9663E2C5026385C50076858145D1
:10AE50008DB341677D17F98EC206337EEE00B317BE
:10AE6000F500F296E3F4D7FE1385FEFF814591B31A
:10AE700093D80601414705B593560601C14769B904
:10AE800093560301C147BDB3814505451DB3B6883F
:10AE9000014711B53A83BDB73E86F1BDC68E25BFC9
:10AEA000328E55B5F9179A98C1B9F9171A9761BB3F
:10AEB000B687B2882A832E88639D061463F9C50A73
:10AEC0004167636EE61AB70700016363F634935671
:10AED0008601E147172700001307076E36970347DF
:10AEE0000700BA97130700021D8F19CB3398E500AE
:10AEF000B357F500B318E60033E807013313E50054
:10AF000013D608013355C80293960801C18293579E
:10AF100003013377C802B385A60242073368F700FE
:10AF2000637AB80046989307F5FF63641801636776
:10AF3000B8303E853308B8403357C8024203135334
:10AF400003013378C802B386E6024208336868001A
:10AF5000637BD80046989307F7FF6365180179175C
:10AF60006363D8003E874205598D8145828001E6A2
:10AF70000547B358C702416763EAE80EB707000107
:10AF800063ECF82893D68801E147172700001307E0
:10AF9000A762369783460700BE9693070002958FF7
:10AFA000E5EB939E08013387154113DF080193DE1B
:10AFB0000E018545935703013355E7033377E703C4
:10AFC000B306D5034207D98F63FAD700C697130794
:10AFD000F5FF63E4170163E6D7263A85958F33D7EB
:10AFE000E703420313530301B3F7E703B30ED70399
:10AFF000C207B3E7670063FBD701C6979306F7FF65
:10B0000063E51701791763E3D70136874205598D48
:10B01000828063E2D504C16763E2F604B7070001EA
:10B0200063E4F61E13D786016148972700009387D3
:10B03000A758BA9703C70700130E00024297330EB2
:10B04000EE40631A0E0C63EDB61C3335C500134594
:10B050001500814582808145014582809307F00F6C
:10B0600063F3D71C13D786002148C1B71307F00F2D
:10B07000C686E37C17F193D68800A14739B713073A
:10B08000F00FB286E378C7E493568600A14799B5DE
:10B09000B398F80033D6D50013DF0801335EE6031A
:10B0A0003397F500B356D500558F939E080193DE74
:10B0B0000E013313F50093550701B376E603B3870A
:10B0C000CE03C206CD8E63FBF600C6961306FEFFC6
:10B0D00063E4161763F2F616791EC6969D8E33D674
:10B0E000E60393170701C183B3F6E6033385CE0267
:10B0F000139706015D8F637BA70046979307F6FFC2
:10B10000636817136376A7127916469793150E0195
:10B11000098FD18D45B5B357E600B396C601DD8ED4
:10B1200033D3E50013DF0601B357E303939E060113
:10B1300093DE0E013398C5013357E50033680701EC
:10B14000935808013316C6013373E303B385FE0237
:10B150004203B368130163FBB800B6981387F7FF87
:10B1600063EAD80C63F8B80CF917B698B388B840FE
:10B1700033D7E803420813580801B3F8E8033383D0
:10B18000EE02C208B3E5080163FB6500B69513083B
:10B19000F7FF63EDD50863FB65087917B695C2071D
:10B1A000416FD98F1307FFFFB3F6E70093D807016C
:10B1B000718F4182B38EE602B3856540B386C602C5
:10B1C00013D80E013387E802BA96C2963386C802B6
:10B1D00063F3E6007A9693D80601469663E2C502C9
:10B1E0006385C5003E858145828041677D17F98E64
:10B1F000C206B3FEEE003315C501F696E374D5FE24
:10B200001385F7FF8145828013D70601414831BD80
:10B2100093560601C1477DB993D60801C147B5B31E
:10B220008145054582803687014801B5428785BF43
:10B230003E86E9BDBA871DBF328E4DB57915469859
:10B24000D5B97915C69759BB01476314E600014586
:10B250008280B307E5000507B386E50083C70700D2
:10B2600083C6F6FFE383D7FE3385D7408280B3C71A
:10B27000A5008D8B3307C50081E78D4763EEC700BE
:10B28000AA876370E50A83C6050085078505A38F35
:10B29000D7FEE3EAE7FE828093763500AA8791CA5B
:10B2A00083C6050085078505A38FD7FE93F6370073
:10B2B000FDB79376C7FF138606FE63F0C70683A328
:10B2C000050083A2450083AF850003AFC50083AEB0
:10B2D000050103AE450103A3850183A8C50193853C
:10B2E000450223A0770003A8C5FF23A2570023A48B
:10B2F000F70123A6E70123A8D70123AAC70123AC9E
:10B30000670023AE17019387470223AE07FF75B787
:10B3100090419107910523AEC7FEE3EBD7FEE3E42E
:10B32000E7F6828039713EDA2ED232D436D63AD858
:10B3300042DC46DE9387818122CC804326CA06CE3A
:10B34000AA8409C41C4C99E322854D230C44541053
:10B350002686228536C6EF00F01FF2406244D244B2
:10B360002161828001119387818122CC804306CEA6
:10B37000AA8519C41C4C89E72AC62285852BB245AB
:10B38000104422856244F24005616F10E001011112
:10B3900026CA4AC806CE22CC4EC652C4AA842E89DA
:10B3A00001C51C4D91E399239C4C804499E326856B
:10B3B000352B9727000093872732631CF402C04087
:10B3C0008357C400A18BB1C71C48A1C7FD59294AA6
:10B3D0001C4483450900FD17B1E91CC463DE070660
:10B3E0002286A9452685F928FD576308F5022945D7
:10B3F00035A097270000938727306314F40080441A
:10B40000C1B7972700009387272BE31BF4FAC044AA
:10B4100045BFA2852685BD2255D97D55F24062449F
:10B42000D2444249B249224A056182801CC40509BE
:10B4300063D70700184C63CBE700638945011C40C4
:10B440001387170018C02380B70059B722862685B6
:10B450009528E31F35F7D1B71C401387170018C094
:10B4600029472380E70061B793878181AA858843B4
:10B470006FF0FFF1AA8703C7050085078505A38F35
:10B48000E7FE75FB8280AA87850703C7F7FF6DFF7C
:10B490003385A7407D15828005C67D160147B30719
:10B4A000E500B386E50083C7070083C60600639600
:10B4B000D7006304C7000507FDF33385D7408280BA
:10B4C00001458280011122CC26CA4AC806CE4EC64A
:10B4D000AA842E89328401C51C4D91E30129972746
:10B4E00000009387671F6319F406C0401C4C1CC4FE
:10B4F0008357C400A18BC9C31C48BDCF1C4808405A
:10B500009379F90F1379F90F1D8D5C486346F500A7
:10B51000A2852685652C2DE51C440505FD171CC458
:10B520001C401387170018C0238037015C486389CB
:10B53000A7008357C400858B81CBA9476316F90008
:10B54000A285268561240DEDF24062444A85D244ED
:10B550004249B24905618280972700009387C71945
:10B560006314F400804459B7972700009387C714E9
:10B57000E31EF4F6C0449DBFA285268521203DDD53
:10B580007D59D9B741119387818126C2844322C452
:10B590004AC006C62A892E8489C49C4C99E3268514
:10B5A000B1269727000093872713631CF402C0403D
:10B5B0000317C40093170701C18393F68700B5EE04
:10B5C00093F607019DEEA5472320F90013670704B2
:10B5D0002316E4007D55B2402244924402494101C1
:10B5E000828097270000938727116314F40080441A
:10B5F000C1B7972700009387270CE31BF4FAC044D8
:10B6000045BF918B8DC74C5889C993074404638407
:10B61000F5004A85892B232A04028357C40023227C
:10B62000040093F7B7FD2316F4001C481CC0835791
:10B63000C40093E787002316F4001C4881EF83576A
:10B64000C4001307002093F707286385E700A2854D
:10B650004A8595298357C40013F7170005C75C482E
:10B6600023240400B307F0401CCC1C480145A5F777
:10B670008317C40013F7070839DF93E7070423167D
:10B68000F40089BF898B014791E3584818C4F1BF82
:10B6900083D7C500011122CC26CA06CE4AC84EC6A1
:10B6A00013F78700AA842E8471EFD841634DE00020
:10B6B000B841634AE0000145F2406244D244424945
:10B6C000B2490561828058547DD703A9040093963E
:10B6D000370123A0040063DD060670488357C400C9
:10B6E000918B99C75C401D8E5C5899C33C401D8E60
:10B6F0005C540C50814626858297FD570357C40041
:10B70000631DF5009440F54763E8D706B70740206E
:10B710008507B3D7D700858BA5C31C482322040017
:10B720001CC09317370163D80700FD576314F50059
:10B730009C4091E368C84C5823A02401ADDD9307D9
:10B7400044046384F50026853929232A0402A5B719
:10B750000C500146854626850297FD572A86E31F31
:10B76000F5F69C40A5DF75476385E700594763946C
:10B77000E70423A0240181B7136707042316E4001C
:10B780007D551DBF83A90501E38709F203A90500C3
:10B790008D8B23A0350133093941014791E3D84905
:10B7A00018C4E35A20F11C540C50CA864E862685D4
:10B7B00082976349A0008357C40093E707042316C8
:10B7C000F4007DBFAA993309A940E1BF9C49A5C3F4
:10B7D000011122CC06CE2A8411C51C4D81E72EC64C
:10B7E0003122B24597270000938707EF639CF5004D
:10B7F0004C408397C5009DC722856244F240056195
:10B800006FF01FE997270000938707EF6394F50017
:10B810000C44C5B797270000938707EAE39BF5FC24
:10B820004C44C1BFF240624401450561828001453C
:10B830008280411122C406C62A842316B50023172C
:10B84000C500232005002322050023240500232210
:10B85000050623280500232A0500232C0500214680
:10B8600081451305C505EF60CEA2971700009387A9
:10B8700067BF5CD0971700009387C7C11CD4971788
:10B880000000938707C65CD4971700009387C7C84A
:10B8900000D01CD8B24022444101828097050000AC
:10B8A000938505F3B1AA411126C21306800693843D
:10B8B000F5FFB384C4024AC02E8922C406C693850C
:10B8C0004407B1262A8401CD232005002322250127
:10B8D000310508C4138684068145EF608E9B22855E
:10B8E000B240224492440249410182801C4DB5E796
:10B8F000411106C622C497070000938767FA1CD53A
:10B9000097270000938747E79C43232405042326B9
:10B910000504232805046314F50085471CCD2A84FB
:10B92000352848C022851D2808C42285052848C41A
:10B93000484001469145EFF0DFEF08440546A54534
:10B94000EFF03FEF48440946C945EFF09FEE8547C9
:10B950001CCCB24022444101828082804111972751
:10B960000000938767E126C284434AC006C69C4C08
:10B9700022C42A8981E72685EFF05FF79384840447
:10B980008044DC40FD1763D607009C40B9CF84405B
:10B99000C5BF0317C40039E7C17785072322040612
:10B9A0002320040023220400232404005CC4232851
:10B9B0000400232A0400232C04002146814513059A
:10B9C000C405EF600E8D232A0402232C04022324D5
:10B9D0000404232604042285B240224492440249EE
:10B9E000410182801304840671BF91454A85EFF0BE
:10B9F0009FEB88C049FDB1472320F9000144E1BF16
:10BA0000797122D44AD052CC56CA5AC85EC606D6DC
:10BA100026D24ECE2A8AAE8A130485040149054BEC
:10BA2000FD5B09ECB25022544A8592540259F24906
:10BA3000624AD24A424BB24B456182800444832918
:10BA40004400FD1963D409000040E1BF83D7C4005E
:10BA5000637BFB008397E40063877701A6855285AB
:10BA6000829A3369A90093848406E1BF1971A6DA2A
:10BA7000AE848395E500A2DC86DE328463DC0500BB
:10BA800083D7C40023A0060093F7070885E7930730
:10BA900000401DA0300836C6EF00902EB246E341AC
:10BAA00005FE7247BD67F98F7977BA9793B717008C
:10BAB0009CC2F1BF930700041CC0F6506654D654D4
:10BAC00001450961828083D7C500011122CC06CED1
:10BAD00026CA4AC8898B2E8489CF930774041CC058
:10BAE0001CC885475CC8F2406244D24442490561A3
:10BAF000828074003000AA84EFF05FF7A2452A89A3
:10BB00002685312201ED8317C40013F7072061FF5A
:10BB1000F19B93E727002316F400C1B797070000B5
:10BB2000938707D89CD48357C40008C008C893E7FC
:10BB300007082316F400A2475CC8B24791CF8315CB
:10BB4000E4002685EF00F02601C98357C400F19B6D
:10BB500093E717002316F4008357C4003369F900F4
:10BB60002316240149B7DDC183A7C5FF411122C4B3
:10BB700006C626C21384C5FF63D307003E94AA8479
:10BB8000EF00102B9387C1859C4381EF2322040093
:10BB900023AE81842244B2402685924441016F0045
:10BBA0005029637EF40014403307D4006396E70005
:10BBB0009843DC43369718C05CC0D9BFBA87D843D6
:10BBC00019C3E37DE4FE94433386D700631F8600E8
:10BBD0001040B29694C33386D700E31DC7FA1043D2
:10BBE0005843B29694C3D8C375B76375C400B147C0
:10BBF0009CC04DB71040B306C4006316D700144371
:10BC00005843B29614C058C0C0C369B782800111AE
:10BC100026CA93843500F19806CE22CC4AC84EC677
:10BC2000A104B14763F5F404B14463E4B4042A8980
:10BC3000EF0010209387C18598433A8429E49387C5
:10BC400001869C4399E781454A85EF00407E23A009
:10BC5000A186A6854A85EF00807DFD5963193507C9
:10BC6000B1472320F9004A85EF00B01C29A0E3DE8C
:10BC700004FAB1471CC10145F2406244D244424932
:10BC8000B249056182801C40858F63CF0702AD46B3
:10BC900063F6F6001CC03E9404C031A05C40631300
:10BCA000870223AEF1844A85EF00B0181305B40073
:10BCB0009307440061993307F5405DDF3A94898F1B
:10BCC0001CC05DBF5CC3C5B72287404085BF13045D
:10BCD00035007198E30285FCB305A4404A85812FA5
:10BCE000E31C35FBB5BF1C46FD171CC663DA070015
:10BCF000184E63C5E700A9476394F5006FF08FFC09
:10BD00001C422E851387170018C22380B70082803B
:10BD1000011122CC26CA4AC84EC652C406CE2A8970
:10BD2000AE893284B304D6007D5A63149400014571
:10BD300011A8834504004E864A85EFF0DFFA05041A
:10BD4000E31545FFF2406244D2444249B249224AD7
:10BD500005618280357122CD26CB4AC94EC706CFF8
:10BD600052C556C35AC1DEDEE2DCE6DAAA89AE84E9
:10BD70003289368409C51C4D99E3EFF03FB7972708
:10BD8000000093876795639DF40C83A4490083D7D3
:10BD9000C400A18BE5CB9C48F5C793070002A30420
:10BDA000F1029307000302D22305F10222C6930B8E
:10BDB0005002972A0000938A2A96054C294B4A8400
:10BDC0008347040099C36392770FB30C2441638EB9
:10BDD0000C00E6864A86A6854E85EFF07FF3FD5778
:10BDE0006307F51E9256E69636D2834704006380B9
:10BDF000071EFD571309140002C802CE3ECA02CC2A
:10BE0000A309010482D48345090015465685EF0035
:10BE1000900013041900C24759E913F7070109C735
:10BE200013070002A309E10413F7870009C71307EA
:10BE3000B002A309E104834609001307A00263804E
:10BE4000E608F2474A8481462546034704009305E5
:10BE50001400130707FD6379E60AB5CA3ECE85A82C
:10BE600097270000938747896395F40083A489008E
:10BE700039BF9727000093872784E39AF4F083A4BF
:10BE8000C90031B7A6854E85EFF0CFEF19D57D55A6
:10BE9000FA406A44DA444A49BA492A4A9A4A0A4B59
:10BEA000F65B665CD65C0D618280050411BF3305CC
:10BEB00055413315AC00C98F3EC82289A9B7324716
:10BEC00093064700184336C6634907023ACE034734
:10BED00004009307E002631FF7040347140093076D
:10BEE000A002631BF702B2470904138747009C4373
:10BEF0003AC663C107023ECA35A83307E04093E75C
:10BF000027003ACE3EC8E1B7B387670385462E8443
:10BF1000BA9725BFFD57C5B7050402CA81468147B8
:10BF200025460347040093051400130707FD6376B5
:10BF3000E606F1F2834504000D46171500001305CF
:10BF4000257ED12D11CD971700009387677D1D8D1C
:10BF500093070004B397A700424505045D8D2AC8E6
:10BF6000834504001946171500001305A57B130926
:10BF700014002304B10245253DC19747FEFF938776
:10BF8000670895E74247B2471377071009CF910733
:10BF90003EC69257D2973ED21DB5B38767038546FA
:10BFA0002E84BA97BDBF9D07E19BA107D5B7780046
:10BFB00097060000938606D626860C084E859700C5
:10BFC0000000E7000000FD572A8AE314F5FC83D740
:10BFD000C40093F70704E39C07EA125555BD7800A7
:10BFE00097060000938606D326860C084E85012A04
:10BFF000D9BF797156CA9C49BA8A984522D426D2AB
:10C000004ECE52CC06D64AD05AC85EC6AA892E84D5
:10C01000B284368A63D3E700BA879CC003473404EE
:10C0200019C385079CC01C4093F7070281C79C4039
:10C0300089079CC00329040013796900631A090069
:10C04000130B9401FD5B5C449840998F634CF90499
:10C050001C408346340493F70702B336D000A5EBA7
:10C0600013063404D2854E85829AFD576303F50486
:10C070001C4011469840998B544481446397C700F3
:10C08000B384E64063D3040081441C4418486354DD
:10C09000F700998FBE94014969047D5B639824057C
:10C0A000014509A885465A86D2854E85829A631E27
:10C0B00075017D55B250225492540259F249624A98
:10C0C000D24A424BB24B456182800509ADBF33076E
:10C0D000D40013060003A301C70403475404938745
:10C0E0001600A2978906A381E7049DBF8546228694
:10C0F000D2854E85829AE30E65FB050945B77971B5
:10C1000022D426D24AD04ECE06D652CC56CA5AC8CF
:10C11000B68983C68501930790063289AA842E8446
:10C1200013863504638DF60263E2D7069307800514
:10C130006388F61863EDD700638106229307300405
:10C14000638EF60A930A24042301D404C9A093073A
:10C1500030066385F60A93074006E395F6FE1C4019
:10C16000084393F6070893054500C5C61C410CC358
:10C1700063D807001307D002B307F040A301E4041B
:10C18000971600009386865A29476DA893070007E3
:10C190006384F61663E5D7029307E006638BF6180F
:10C1A0009307F006E390F6FA0C401C4313F80508D9
:10C1B000138547006307080608C39C438DA89307AF
:10C1C0005007E383F6FE93078007638BF61293070D
:10C1D0003007E399F6F61C43D0418145938647002A
:10C1E00014C383AA070056853D2101C53305554177
:10C1F00048C05C401CC8A301040471A81C43930AF6
:10C200002404938647009C4314C32301F404854708
:10C21000D5B793F607041C410CC3B9DAC207C1872E
:10C2200081BF93F5050408C3C9D983D70700130755
:10C23000F0066388E60E971600009386264F29477E
:10C24000A30104044C400CC463C5050008406D996B
:10C2500008C099E3B28A91CDB28AB3F5E702FD1A1C
:10C26000B69583C505002380BA00B3D5E70263F015
:10C27000E70CA147631EF7001C40858B91CB58400B
:10C280001C4863C7E70093070003A38FFAFEFD1A5B
:10C290003306564110C84E87CA867000A28526858F
:10C2A000EFF03FD57D5A631E450B7D55B2502254A9
:10C2B00092540259F249624AD24A424B4561828005
:10C2C000A382D50497160000938646460C40084387
:10C2D00013F805081C411105630D080208C313F784
:10C2E000150001C793E505020CC04147B1FB0C40A6
:10C2F00093F5F5FD0CC0A9B79C4193E707029CC1DB
:10C3000093078007A302F404971600009386464320
:10C3100075BF13F8050408C3E30308FCC207C18313
:10C320007DBF9716000093866640214711BFAE87F8
:10C330002DB794411C43CC4913F8060813854700D8
:10C340006306080008C39C438CC301A808C393F686
:10C3500006049C43F5DA2390B70023280400B28A30
:10C360001DBF14485686CA8526858299E30F45F37A
:10C370001C40898B8DE7B2474844E359F5F23E856E
:10C3800035B785465686CA8526858299E30F65F1BD
:10C39000050A5C443247998FE345FAFEE9BF014A3A
:10C3A000930A94017D5BF5B7011122CC06CE2A8455
:10C3B00009C91C4D99E732C62EC4EFF02FD332467F
:10C3C000A24597170000938727316316F602504065
:10C3D0001C46FD171CC663D00704184E63C7E70050
:10C3E00093F7F50F29476398E70222856244F240EC
:10C3F00005616FF02F8D971700009387E72F631467
:10C40000F6001044F1B7971700009387E72AE3116D
:10C41000F6FC504475BF1C4213F5F50F1387170047
:10C4200018C22380B700F240624405618280411146
:10C4300022C42A842E859787FE1F23AF07CA06C60B
:10C44000EF608ECFFD576319F5009787FE1F938726
:10C45000A7CA9C4391C31CC0B240224441018280C0
:10C46000411122C42E848395E50006C6E12263496A
:10C4700005007C48AA977CC8B240224441018280D2
:10C480008357C4007D777D17F98F2316F400EDB72D
:10C4900083D7C500011122CC26CA4AC84EC606CE93
:10C4A00093F70710AA842E843289B68991C78395A1
:10C4B000E5008946014635228357C4007D777D1704
:10C4C000F98F2316F4008315E4006244F240CE860F
:10C4D0004A86B24942492685D24405613DA84111A8
:10C4E00022C42E848395E50006C6E528FD57035730
:10C4F000C400631BF500FD77FD17F98F2316F400C8
:10C50000B2402244410182808567D98F2316F4000E
:10C5100068C8FDB78395E50025A8411122C42A8487
:10C520002E85B28536869787FE1F23A707BC06C6D1
:10C53000EF600EBEFD576319F5009787FE1F9387C6
:10C54000A7BB9C4391C31CC0B240224441018280DE
:10C55000411122C42A842E859787FE1F23AE07B877
:10C5600006C61922FD576319F5009787FE1F9387AA
:10C57000A7B89C4391C31CC0B240224441018280B1
:10C58000411122C42A842E85B2859787FE1F23A5D8
:10C5900007B606C6D520FD576319F5009787FE1F1D
:10C5A000938787B59C4391C31CC0B240224441018C
:10C5B0008280411122C42A842E859787FE1F23ADD5
:10C5C00007B206C6D120FD576319F5009787FE1FF5
:10C5D000938787B29C4391C31CC0B240224441015F
:10C5E0008280411122C42A842E85B285368697879F
:10C5F000FE1F23A307B006C64520FD576319F500AB
:10C600009787FE1F938747AF9C4391C31CC0B240DE
:10C6100022444101828093F5F50F2A966314C500E8
:10C620000145828083470500E38DB7FE0505FDB710
:10C6300082808280411122C42A842E85B28536866A
:10C640009787FE1F23AA07AA06C6B928FD576319B4
:10C65000F5009787FE1F938727AA9C4391C31CC0B0
:10C66000B240224441018280930780051787FE1F54
:10C670002324F7A87D558280930780051787FE1F26
:10C68000232CF7A67D558280930780051787FE1F10
:10C690002324F7A601458280930780051787FE1F94
:10C6A000232CF7A47D558280930780051787FE1FF2
:10C6B0002324F7A47D55828069643634010000008C
:10C6C000696436019A60FEFFC260FEFFEA60FEFF09
:10C6D0000261FEFF1C61FEFF2C61FEFF5461FEFF44
:10C6E0007C61FEFF9461FEFFAE61FEFF4348353979
:10C6F000785F424C455F4C49425F56312E34000012
:10C70000686561642066696C65206572726F722E5F
:10C710002E2E00004C494220696E697420657272A9
:10C720006F7220636F64653A202578202E2E2E0AC2
:10C73000000000002A2000006C696E6B5F6F70655E
:10C740006E0000006C696E6B5F636C6F7365000058
:10C7500070726F765F636F6D706C6574650000005A
:10C7600070726F765F72657365740000696E645FE6
:10C77000656E645F6362000073656E645F737570FD
:10C78000706F72745F6174747200000073656E6420
:10C790005F6C65645F7374617465000073656E64DB
:10C7A0005F72657365745F696E6469636174650067
:10C7B0006B65795072657373000000006170705F83
:10C7C00073696C656E745F6164760000626C656DA0
:10C7D0006573685F6F6E5F73796E6300D7070000E3
:10C7E0000000000001000000E01900209036002049
:10C7F0000000000000000000000000000000000039
:10C800008036002010000000000000000000000042
:10C810000000000000000000000000000000000018
:10C82000602F0000FA2F0000182F00000000000009
:10C83000D62F00004D4553485F4C49425F56312E7C
:10C8400037000000556E61626C652073657420636B
:10C850006F6E66696775726174696F6E20286572A4
:10C86000723A256429000000496E697469616C6937
:10C870007A696E67206D657368206661696C6564AE
:10C88000202865727220256429000000426C7565BD
:10C89000746F6F746820696E697469616C697A6518
:10C8A000640000004D657368206E6574776F726B6D
:10C8B00020726573746F7265642066726F6D206696
:10C8C0006C617368000000004D65736820696E69D3
:10C8D0007469616C697A6564000000004150505FC2
:10C8E0004442472025733E20000000002062745F10
:10C8F0006D6573685F726573657420006B6579732D
:10C90000203A2025642000004C6F63616C20446550
:10C910007620556E70726F766973696F6E6564000C
:10C92000556E61626C6520616C6C6F63617465202B
:10C93000627566666572730067656E5F6F6E6F66BF
:10C94000665F7374617475730000000067656E5FE5
:10C950006F6E6F66665F67657400000067656E5F87
:10C960006F6E6F66665F73657400000067656E5F6B
:10C970006F6E6F66665F7365745F756E61636B0083
:10C98000018200000000000010360000028200005A
:10C9900002000000E63600000382000002000000F2
:10C9A00094360000000000000000000000000000BD
:10C9B00074746C3A20307825303278206473743A7D
:10C9C0002030782530347820727373693A202564DA
:10C9D0000000000074746C3A2030782530327820E2
:10C9E0006473743A203078253034780073656E644F
:10C9F00020737461747573206661696C65643A2094
:10CA0000256400006D65736820686561642066694F
:10CA10006C65206572726F722E2E2E0094380000A5
:10CA2000B03800006E3800006A38000003040010BF
:10CA3000000000000A14006000010605140103074D
:10CA400008010200C00002003C003C000200020499
:10CA500001041E0002000000500000002C01000034
:10CA600064000A0000000000D6BE898E252627003B
:10CA7000746D5F617474725F67657400746D5F617B
:10CA80007474725F73657400746D5F617474725F47
:10CA90007365745F756E61636B000000746D5F6138
:10CAA0007474725F7374617475730000746D5F6188
:10CAB0007474725F636F6E6669726D00746D5F612E
:10CAC0007474725F7472616E730000006F6F625FE6
:10CAD0006B65795F67656E65726174650000000063
:10CAE000696E645F73746172740000006164765FE4
:10CAF000696E645F73656E640000000073656E6448
:10CB00005F6C65645F696E646963617465000000F1
:10CB10002C000000556E61626C6520557064617474
:10CB2000652053686132353600000000556E616241
:10CB30006C652047656E657261746520736861324B
:10CB400035362076616C7565000000004E554C4C02
:10CB50002062756600000000556E61626C6520738E
:10CB6000656E64206D6F64656C206D6573736167BD
:10CB70006520286572723A2564290000A80100002A
:10CB8000E5250000F8A7636AEC3F6BFA686F9D1B10
:10CB9000370001D1FDB8277DC081000000000600EC
:10CBA0003031323334353637383961626364656623
:10CBB00000000000556E61626C652073656E642034
:10CBC000696E64696361746520286572723A2564D0
:10CBD000290000007372633A2030782530347820C1
:10CBE0006473743A20307825303478207469642076
:10CBF00030782530327820727373693A20256400CA
:10CC0000A801D00000000000CA390000A801D1002E
:10CC100000000000A0390000A801D20000000000C0
:10CC200076390000A801D300000000004C39000054
:10CC3000A801D50001000000203A0000A801CF00A3
:10CC40000000000022390000000000000000000089
:10CC500000000000E23F000074440000DB2A0000F6
:10CC6000DC2A0000020000006CCC01002718000044
:10CC7000DD2A0000DE2A00000200000080CC010056
:10CC800028180000292A2B244D4553485F4C49425F
:10CC90005F56312E37390000000000002A55000091
:10CCA0001255000000000000B0CC010000000000A0
:10CCB000945A0000645A0000725A000000000000FC
:10CCC00000000000B45E0000000000000200000050
:10CCD0000F000000E26600000B8000000100000071
:10CCE000BE6600000E800000010000009A66000091
:10CCF0001180000001000000766600001480000032
:10CD000001000000526600002880000002000000C0
:10CD1000FA6500004480000003000000BE650000CA
:10CD20000380000004000000126700003E80000045
:10CD30000700000098650000198000000C0000004A
:10CD4000246500001F80000007000000006500004F
:10CD50003C80000009000000506400000600000054
:10CD60000A000000E26300002E80000005000000C1
:10CD70009063000025800000010000005A6300005D
:10CD80004A800000000000002E6300004880000080
:10CD900004000000E46200001780000004000000AE
:10CDA0009C6200004C80000005000000E86100006B
:10CDB0004E8000000700000030610000028000008B
:10CDC000030000008E6000002A80000005000000C3
:10CDD000DA5F00002C80000007000000225F0000E6
:10CDE0000000000000000000000000000000000043
:10CDF0000000000014720000000000000880000025
:10CE000001000000987900000000000013000000FD
:10CE1000C691000001000000130000003E910000D8
:10CE200000800000030000009E92000001800000CE
:10CE300002000000368F00000980000000000000A2
:10CE40007E8400000A80000001000000F2830000E0
:10CE50000C80000000000000508600000D800000E3
:10CE600001000000CA8500001280000000000000E0
:10CE70002285000013800000010000003A850000B8
:10CE80002380000000000000488200002480000091
:10CE900001000000D8810000268000000000000092
:10CEA000828300002780000002000000D48200007E
:10CEB0001880000004000000187900000300000042
:10CEC0000B0000003A8A00001A80000018000000E1
:10CED0003C8900001B800000060000004A7700002B
:10CEE0002080000014000000867C00001C800000F0
:10CEF000060000007276000021800000140000008F
:10CF0000467B00001E800000060000002C8D000003
:10CF100022800000140000003C8C00001D800000F6
:10CF2000040000008E8B0000298000000400000037
:10CF3000FC7000002B80000006000000C26F0000A3
:10CF40004080000012000000D46E00004580000008
:10CF500012000000F46D000041800000020000009B
:10CF6000E09300004280000000000000928E00006C
:10CF70004680000002000000BA6800004780000000
:10CF800003000000286D00003D8000000600000046
:10CF9000687500003F800000060000005088000017
:10CFA0004B80000004000000347400004D8000003D
:10CFB00006000000347400004980000000000000FA
:10CFC000326C00000F800000000000000C680000C0
:10CFD00010800000010000006C7300002D80000034
:10CFE00002000000806B00001580000002000000BD
:10CFF000746800001680000003000000A26A0000B0
:10D000003880000000000000F8690000398000004E
:10D0100009000000FA7D00003A80000000000000D6
:10D02000048000003B800000050000001C80000020
:10D03000000000000000000000000000B27D0000C1
:10D04000000000006964313238010000736D6B32FA
:10D0500000000000736D6B3300000000736D6B34D3
:10D06000000000007072636B000000007674616461
:10D07000000000000091E3720796E4750E9FED7CBE
:10D080000998EA7B1C8DFF6E1B8AF8691283F16098
:10D090001584F66738A9DB4A3FAEDC4D36A7D54488
:10D0A00031A0D24324B5C75623B2C0512ABBC958B8
:10D0B0002DBCCE5F70E1930277E694057EEF9D0C68
:10D0C00079E89A0B6CFD8F1E6BFA881962F3811058
:10D0D00065F4861748D9AB3A4FDEAC3D46D7A53448
:10D0E00041D0A23354C5B72653C2B0215ACBB92878
:10D0F0005DCCBE2FE0710392E7760495EE7F0D9C28
:10D10000E9780A9BFC6D1F8EFB6A1889F263118017
:10D11000F5641687D8493BAADF4E3CADD64735A407
:10D12000D14032A3C45527B6C35220B1CA5B29B837
:10D13000CD5C2EBF900173E2970674E59E0F7DECE7
:10D1400099087AEB8C1D6FFE8B1A68F9821361F0D7
:10D15000851466F7A8394BDAAF3E4CDDA63745D4C7
:10D16000A13042D3B42557C6B32250C1BA2B59C8F7
:10D17000BD2C5ECF000000000000000050B4000095
:10D1800000000000050000000300000012B50000D0
:10D19000040000000300000014B400003780000009
:10D1A00001000000DCB40000078000000100000066
:10D1B000A8B4000000000000000000000000000013
:10D1C000000000000000000018B80000000000008F
:10D1D0003180000002000000D6B700002F80000060
:10D1E0000200000086B7000030800000020000004E
:10D1F000A6B6000032800000030000003EB7000029
:10D2000033800000030000006EB600003480000090
:10D210000000000062B60000358000000100000040
:10D220004AB6000036800000010000007AB5000018
:10D230000480000000000000F8B500000580000038
:10D240000100000098B90000068000000100000005
:10D2500080B9000000000000000000000000000095
:10D260000000000016BE0000A2BD0000000000008B
:10D270006E6B626B000000006E6B696B000000005B
:10D280002F4E6F64652F25780000000000070E09FF
:10D290001C1B1215383F363124232A2D2F566E645D
:10D2A0002F25782F257300002F5369672F25782F9E
:10D2B00025730000646174610000000088D30100E0
:10D2C0001ADA00008CD301007EDA000090D301004E
:10D2D0004CD9000094D3010004E0000098D3010071
:10D2E00044DF0000A0D3010094DE0000A8D30100B9
:10D2F000CAD60000B0D3010000D90000B4D30100A9
:10D3000060ED0000B8D301004AED0000BCD301007D
:10D3100012DE0000C0D301009EDD000010F8000006
:10D3200000000000F0F60000000000002F417070C7
:10D330004B65792F257800002F4E65744B65792F4A
:10D34000257800002F4E6574000000002F4956001C
:10D350002F536571000000002F4842507562000095
:10D360002F436667000000002F56612F25780000CC
:10D3700062696E640000000073756200707562007F
:10D380002F52504C2F2578004E65740049560000EE
:10D390005365710052504C004E65744B6579000026
:10D3A0004170704B65790000484250756200000082
:10D3B0004366670053696700566E6400566100005B
:10D3C0004E6F6465000000000102040810000000B8
:10D3D0000102040808FF0000000000000A0000002D
:10D3E00064000000E803000010270000A086010090
:10D3F00040420F008096980000E1F5057A17010081
:10D40000010300009A130100010000004E0C01000E
:10D4100001000000E8080100000000007072736B5A
:10D42000000000007072736E000000007072646B88
:10D43000000000005203010001000000E814010098
:10D440000B0000005E140100050000005C110100EB
:10D45000400000002E11010000000000FA10010041
:10D46000100000008E0E010010000000300D0100C1
:10D470002100000034190100000000007A180100AA
:10D48000010000005627010048270100982F8A421A
:10D4900091443771CFFBC0B5A5DBB5E95BC2563906
:10D4A000F111F159A4823F92D55E1CAB98AA07D81E
:10D4B000015B8312BE853124C37D0C55745DBE7241
:10D4C000FEB1DE80A706DC9B74F19BC1C1699BE4C1
:10D4D0008647BEEFC69DC10FCCA10C246F2CE92D51
:10D4E000AA84744ADCA9B05CDA88F97652513E9875
:10D4F0006DC631A8C82703B0C77F59BFF30BE0C67C
:10D500004791A7D55163CA0667292914850AB72709
:10D5100038211B2EFC6D2C4D130D385354730A65A6
:10D52000BB0A6A762EC9C281852C7292A1E8BFA27D
:10D530004B661AA8708B4BC2A3516CC719E892D1E5
:10D54000240699D685350EF470A06A1016C1A41968
:10D55000086C371E4C774827B5BCB034B30C1C3967
:10D560004AAAD84E4FCA9C5BF36F2E68EE828F7426
:10D570006F63A5781478C8840802C78CFAFFBE9040
:10D58000EB6C50A4F7A3F9BEF27871C6000000005E
:10D59000000000000000000000000087434835390B
:10D5A000785F424C455F4C49425F56312E342E34F1
:10D5B000000000000001020203030303040404044A
:10D5C000040404040505050505050505050505050F
:10D5D00005050505060606060606060606060606EF
:10D5E00006060606060606060606060606060606DB
:10D5F00006060606070707070707070707070707BF
:10D6000007070707070707070707070707070707AA
:10D61000070707070707070707070707070707079A
:10D62000070707070707070707070707070707078A
:10D63000070707070808080808080808080808086E
:10D64000080808080808080808080808080808085A
:10D65000080808080808080808080808080808084A
:10D66000080808080808080808080808080808083A
:10D67000080808080808080808080808080808082A
:10D68000080808080808080808080808080808081A
:10D69000080808080808080808080808080808080A
:10D6A00008080808080808080808080808080808FA
:10D6B000080808080000000000000000000000004A
:10D6C000000000000000000000000000000000005A
:10D6D000000000000000000000000000000000004A
:10D6E000000000000000000000000000000000003A
:10D6F000000000000000000000000000000000002A
:10D700000000000000000000000000000000000019
:10D7100000000000232D302B20000000686C4C001E
:10D720006566674546470000303132333435363759
:10D73000383941424344454600000000303132331D
:10D74000343536373839616263646566000000003D
:10D7500000000000E62E0000F8A7636AEC3F00001E
:10D76000EC3B0000D63B000003280000022900002B
:08D7700000280000701C0020DD
:10D778007C25002000000C007C2500200000000013
:10D78800000000000000000007010701000003007E
:10D798000000000000000000000000000000000081
:10D7A8000000000000000000000000000000000071
:10D7B8000000000000000000000000000000000061
:10D7C8000000000000000000000000000000000051
:10D7D8000000000003010000241A0020901A002015
:10D7E8000000000000000000000000000000000031
:10D7F8008019002000000000000000000000000068
:10D808000000000000000000000000000000000010
:10D818000000000000000000000000000000000000
:10D82800D41C002034250020FCCD0100ECCD0100E3
:10D83800901900200200000000000000F0190020EC
:10D84800DC1C002070250020D0D10100C0D10100CF
:10D858004C2500200010000000000000000000001F
:10D86800D81C00204025002080C9010000000000CD
:10D8780000000000882500200000410088250020C5
:10D888000000A8010000000000000000E01C0020CB
:10D89800A036002000CC01000000000000000000BD
:10D8A800041004100200000070D7010001000000FD
:10D8B80064CC01000200000068D7010001000000EC
:10D8C800B01A0020020000005CCC01000200000039
:10D8D800000000000200000068D7010001000000FD
:10D8E800B11A00200200000060CC01000000000016
:10D8F80000000000020000006CD7010003000000D7
:10D90800B83600200200000070D7010001000000B6
:10D9180078CC01000200000068D701000100000077
:10D92800B21A00200200000070CC010002000000C2
:10D93800000000000200000068D70100010000009C
:10D94800B31A00200200000074CC0100000000009F
:10D9580000000000020000006CD701000300000076
:10D96800C836002000000000000000000000000091
:10D9780055555500C8AD000000000000000000002B
:10D988000000000030C70100000000006AEB000042
:10D9980040D7000000000000000000000000000068
:10D9A8002C000100FF000000B81B0020B81B00205D
:10D9B80008200001FFFFFFFFFFFFFFFFFFFFFFFF42
:10D9C800000000000000000000000000010000004E
:10D9D800FFFFFFFF512563FCC2CAB9F3849E17A756
:10D9E800ADFAE6BCFFFFFFFFFFFFFFFF00000000EE
:10D9F800FFFFFFFF96C298D84539A1F4A033EB2D5D
:10DA0800817D0377F240A463E5E6BCF847422CE148
:10DA1800F2D1176BF551BF376840B6CBCE5E316B8C
:10DA28005733CE2B169E0F7C4AEBE78E9B7F1AFE50
:10DA3800E242E34F4B60D2273E3CCE3BF6B053CC9C
:10DA4800B0061D65BC86987655BDEBB3E7933AAA38
:10DA5800D835C65A084901005048010060460100FF
:10DA680000000000D4D60100F4D60100B4D60100AD
:10DA7800000000000000000000000000000000009E
:10DA8800000000000000000000000000000000008E
:10DA9800000000000000000000000000000000007E
:10DAA800000000000000000000000000000000006E
:10DAB800000000000000000000000000000000005E
:10DAC800F8400020FFFF0000FFFF0000FFFF0000FC
:10DAD800FFFF0000C3812F01701C00200000000020
:00000001FF
