:040000006F20803FAE
:10000400000000000000000090000020C202002058
:10001400A9BDF9F5780300200000000000000000ED
:100024007803002090000020000000000000000081
:10003400900000200000000090000020000000005C
:1000440090000020900000209000002090000020EC
:1000540090000020700B00209000002000000000A1
:1000640090000020900000209000002090000020CC
:10007400DE0300209000002090000020900000206B
:1000840090000020900000209000002090000020AC
:1000940001A04111B7170040985F3AC6945F3247F8
:1000A400E39CE6FE324541018280B7F70700011167
:1000B400944B13078008F337078093F787083EC2F1
:1000C4000F100000B71700401308700523800705C0
:1000D400930580FA2380B7040F10000003C6B70409
:1000E4001376F60DA385C7042380070412467326EE
:1000F40006800F1000001376050255CEF3360780F4
:1001040093F6860836C40F10000023800705238069
:10011400B7040F100000B70614007D89558D88C7F9
:10012400010001000100010023800704A246F3A698
:1001340006800F10000073370780137787083AC6CC
:100144000F100000238007052380B7040F10000060
:100154000F1000003727004093061005A303D78033
:1001640023800704B247F3A707800F10000093070A
:100174008008F3B7078093F787083ECE0F1000007E
:10018400B7170040130770052380E704130780FAAC
:100194002380E7040F10000003C7B70413670708A0
:1001A400A385E70423800704F247F3A707800F1011
:1001B4000000056182801376050459C273360780F6
:1001C4001376860832C80F100000238007052380A9
:1001D400B7040F10000037061400130606047D89C7
:1001E400518D88C70100010001000100238007042C
:1001F4004246732606800F1000007337078013777A
:1002040087083ACA0F100000238007052380B7042B
:100214000F100000A54793F6F60F639EF600B7276C
:10022400004013073005A383E780B71700402380FD
:100234000704D2470DBFB727004013072005E5B7D1
:1002440073370780137787083ACC0F100000238098
:1002540007052380B7040F10000098471367070CA5
:1002640098C723800704E247FDBD0111814601467A
:100274008145114506CE912493078008F3B7078082
:1002840093F787083EC60F100000B7170040130706
:1002940070052380E704130780FA2380E7040F1016
:1002A400000003C76704136717002383E704238050
:1002B4000704B247F3A707800F100000F24005615E
:1002C400828041118146014681451145FD22130773
:1002D4008008F337078093F787083EC40F100000A7
:1002E400B7170040130670052380C704930680FAED
:1002F4002380D7040F100000FD552396B7022380F6
:100304000704A245F3A505800F100000733707808A
:10031400137787083AC60F1000002380C704238090
:10032400D7040F10000003C7670413671700238363
:10033400E70423800704B247F3A707800F100000E7
:1003440001A0BD473305F50201007D1575FD8280CE
:10035400411122C426C206C6AA840144631794002C
:10036400B240224492444101828005041305803E38
:100374004204C13F4180DDB79305000273A045806C
:1003840082457390153492402242B2424243D24392
:100394006244F244025592552256B2564257D257FD
:1003A4006258F25806499649264AB64A464BD64BF5
:1003B400664CF64C065D965D265EB65E465FD65F7D
:1003C4000961730020304111B7170040985F3AC6A5
:1003D400945F3247E39CE6FE324541018280B717C1
:1003E4000040130700032388E702854723AAF18806
:1003F40073002030411106C6EF00502EF5BF2303D1
:10040400048015472303E48001002302A480828032
:1004140083076480E3CE07FE23030480828083077E
:100424006480E3CE07FE03454480828083076480B2
:10043400E3CE07FE2302A4808280411126C44AC26F
:100444004EC006C61377F50BAD47AA892E8995448D
:100454006306F70019456537653F8D444E8545377A
:10046400FD59FD1463983401B240A24412498249F3
:1004740041018280135509011375F50F453F220987
:10048400CDB7011126CC06CEB70408005137154567
:10049400BD37713769372AC6A53F324593771500B2
:1004A40089EB136515001375F50FF240E2440561FD
:1004B4008280FD14E9FC0145CDBF397126DC4ADA9E
:1004C4004ED852D656D45AD25ED006DE62CE66CC10
:1004D400B7E700E07D5783AA070022C603AA4700B6
:1004E40023A0E71823A2E718B717004013077005E5
:1004F4002380E704130780FA2380E70483C74704B3
:10050400930B75FFB684E20793FBFB0F8546AA891C
:100514002E8B328937240040E187015763FA760134
:100524006308D5008946130700026313D5000157F9
:10053400D98F93F7F70FB71C00402382FC041147AF
:100544002303E4801305F00F5D3D094CD135636D41
:100554007C11B7050700DA9537870700795563F2F0
:10056400E504B3879500636EF702370B0800A947CB
:1005740033EB65016399F90689E48144513D26858D
:100584000DA0DA850945553D05090345F9FFFD141C
:10059400050B693D81C49377FB0FFDF7DD3569FDDC
:1005A4007D55B7170040130770052380E704130730
:1005B40080FA2380E70403C74704418B2382E704BE
:1005C400F250B7E700E023A0571123A24711E254E9
:1005D40032445259C259325AA25A125B825B724C4B
:1005E400E24C21618280A5476395F9068569130968
:1005F400F00FB3069900B3742B01B6941349F9FFB5
:10060400B3749900856B33796901416B9387F9FF62
:10061400B3F7270199E363FC340193D94900C14737
:10062400E3E637FF99BF0569C1697D19D9B7130599
:10063400800D638869011305000263847901130541
:100644001008CA85DD3B353D21DD4E99B384344124
:10065400D9B7DA852D45D533CA94E30099F2050953
:100664007D3BA30FA9FED5BF9387F9FF93F7F70F3F
:100674006361FC0C83C71C0413073008631FF70471
:1006840037070800636BEB04B3079B00B706100041
:1006940063F5D704334BEB0089476393F9068980EC
:1006A400D549E38C04ECDA850945413B110903275C
:1006B400C9FF91472320E48003076480E34E07FECB
:1006C40023033481FD17EDFBFD14110B81C49377D3
:1006D400FB0FE9FF7D3371F5E1B5B717004003C7A0
:1006E4005704B70708001377070219E3B787070011
:1006F4007955E378FBEA33079B00E3FFE7F855B548
:100704008547E382F9F2DA852D45053B9389F4FFA9
:10071400E38504E6293393F7390091EB83260480BB
:100724000327090093074900E39AE6E43E89CE844F
:10073400F1BFB5476396F9001305900BC93135BD78
:10074400B1471305B00AE38BF9FE99476391F904A5
:10075400B7050800B365BB002D45C53181448D4BF9
:10076400A149753963967401832704802320F90015
:100774008504E39834FF8327048013172B01635502
:1007840007002312F900D5BB2322F900FDB39D47CE
:100794006399F90281451305B0044531BD44232012
:1007A400090023220900FD599D3993F77400CA9763
:1007B40003C70700FD14398D2380A700E39634FF97
:1007C4006DBBA1476392F9046D398144630D0B003D
:1007D4008D479304C0036308FB009304000563047E
:1007E4008B01930440041375C507E30895D8194594
:1007F400393139390545213126850D3909453D31D0
:100804004931E31C05D669BB91476399F900130587
:100814006006F536F53E130590090DB7E38F09D44C
:10082400F154A9BBBD660147174600001306462EC6
:10083400938606A685458347060093F7F70F91C371
:1008440082800507E3F9E6FE974700002382B72C70
:10085400DDB77D166206618693178601E18763D44E
:10086400070001458280931726003307F500AE97F1
:1008740018439C4363E7E7007D16E37FF7FC7D554F
:10088400828005458280FD15E205E1851397850187
:10089400618793F7F50F63480700FD15139725004B
:1008A4002A97584365D713851700620561858280AE
:1008B4003308B5021C4283A80600B335B502C297BB
:1008C40033B50701AE98469585486367B5006394D0
:1008D400A50063E3070181480C43C6950CC388C295
:1008E4001CC2828081471397870161876343B700E5
:1008F4008280139727002A97232007008507E5B7EE
:100904008147014793968701E18663C5B600133595
:100914001700828093962700AA9694428507558FE4
:10092400D5B793D755408A07AA979C4305453315F5
:10093400B5007D8D8280172300E0E70203BA2A8484
:10094400993705C5931725003E940327C4FF8147B3
:1009540011EB7D1516053E9542054185172300E0F0
:100964006700E3B905838507E5B70145C5BF81473E
:100974001397870161876343C70082801397270019
:10098400B386E50094422A97850714C3D5B77D162C
:1009940062066186014793178601E18763D50700E4
:1009A40013351700828093172600B306F500AE971F
:1009B40094429C437D16B58F5D8FF1BF8A05AA953D
:1009C40001476363B500828083A6C5FFF11593D701
:1009D4001600D98F9CC11397F601E5B72A83014805
:1009E400014701456343D7008280B387050183A88B
:1009F4000700B30706019C43C697AA976384F800CF
:100A040033B517010507B3080301620723A0F800F3
:100A140061871108C1BF2A8301478147014563C328
:100A2400D70082803388E50083280800330EE6006F
:100A3400032E0E003388A8403308C841638408019C
:100A440033B508018507B308E300E20723A00801D2
:100A5400E1871107E9B7172300E0E70203A80111B2
:100A6400B286B2842E86AA850A8575372A84A6851D
:100A74000A85793533348000060413351500018D59
:100A84000561172300E0670083A7172300E0E7024E
:100A940043A24111AA89AE8A328BB68402C202C42F
:100AA40002C60144131C8401135C8C4163499C02FB
:100AB400939B1400FD1B0549138CF4FFF15C330474
:100AC400890162046184634D740592478E04CE9457
:100AD40023AEF4FE4101172300E0670003A11319BC
:100AE4002400B30B2B01014A93172A00D69783A540
:100AF4000B0088437800340050005D3B050A9317CF
:100B04008A01E187F11BE351FCFE92474E990504EB
:100B14002320F900A2473EC2B24702C63EC459B7D9
:100B2400131A8901135A8A41131D240093178A0149
:100B3400E18763CF970092470A044E941CC0A247F2
:100B440005091379F90F3EC2B24702C63EC485BFF8
:100B5400B3079A0313152A00569508417800340008
:100B64005000050AEA97DA978C439933C1B700001D
:100B7400197106C212C416C61AC81ECA22CC26CEC1
:100B84002AD02ED232D436D63AD83EDA42DC46DEE9
:100B9400CAC0CEC2D2C4D6C6DAC8DECAE2CCE6CE59
:100BA400EAD0EED2F2D4F6D6FAD8FEDA9385C1882A
:100BB4008841E700050092402242B2424243D243B8
:100BC4006244F244025592552256B2564257D257C5
:100BD4006258F25806499649264AB64A464BD64BBD
:100BE400664CF64C065D965D265EB65E465FD65F45
:100BF400096173002030B7E700E09843B70620008E
:100C040023A0D718758F0F10000001C599C1814723
:100C140011E6B7E700E023A0E7108280B386F50071
:100C240003C80600B306F500850723800601E31711
:100C3400F6FEC5B737E700E01C43B70620002320C3
:100C4400D718F58F0F10000019C191C111E637E7CD
:100C540000E02320F7108280910503A7C5FF11054A
:100C64007D16232EE5FEDDB737E700E01C43B7060B
:100C740020002320D718F58F0F10000001C533077B
:100C8400C50011E637E700E02320F7108280050550
:100C9400A30FB5FEE31DE5FEF5B781473307F50065
:100CA4000307070019E33E8582808507C5BF37E740
:100CB40000E01C43B70620002320D718F58F0F103F
:100CC400000001C599C1014711EA37E700E023207C
:100CD400F710054582800507E309E6FE3308E500C1
:100CE400B386E5000348080083C60600E305D8FE82
:100CF40037E700E02320F710014582809307F6FFD1
:100D0400BE952A966313C5008280FD1583C715001E
:100D14000505A30FF5FEFDB7AA87014581CF09CECE
:100D24003E96850703C7F7FF6317B700E39BC7FE2B
:100D34000545828082800145828079719747000051
:100D44009387473322D4804306D626D24AD04ECE48
:100D540052CC56CA5AC85EC669C037C9C901014BCC
:100D640097490000938989301309F937174A00001D
:100D7400130A8A30974A0000938A8A2A974400000B
:100D8400938444348357240095E35C44631D0B002F
:100D9400174700002320F72E832BC4002285EF0081
:100DA40010375E84A9A82326FB00FDB783A709009A
:100DB40082971C443307F5406375F500D8401D8FB6
:100DC4002A976361E9089747000023A30726835500
:100DD400240003450400977001E0E78060C15C4093
:100DE4005844B9C70C44D040AE97BE8663E4B700FC
:100DF40063E4C700B386C74014C4228B3A8459F015
:100E0400974700009387C7219C4B09476373F708F2
:100E1400F91717470000232DF720B250225492549B
:100E24000259F249624AD24A424BB24B456182802E
:100E340063170B009747000023AEE722B1BF2326B8
:100E4400EB0099BF03274A021DCF63E1A704338552
:100E5400A7408347040085E317470000034737236F
:100E64005917B307A7003E85D44063E4E70063E461
:100E7400D7003385D74083A70A016376F5009747E7
:100E8400000023A7A71A228B404495BFD840BA97E5
:100E94007DBF9747000023AD071841B7974700006F
:100EA4009387C7219C4385C3411106C68297974700
:100EB400000083C7871B89E79747000023A007200A
:100EC400B240410182809747000083C7071A91E727
:100ED4009747000023A4071E82808280411122C408
:100EE40017440000130484161C4006C626C24AC0D8
:100EF40091C782979747000023AA071497470000D9
:100F040083C79735858B174900001309A93489CF06
:100F14008347790019476312F71097470000A38DA0
:100F240007323D235C4482971C4491C382979744C3
:100F340000009384E4139840174600000346560EBD
:100F44009747000083C7C70D93961700BA9683D6B8
:100F54000600E5C29747000083C7870C63E5C70E08
:100F640097470000238E070A1C40639E0714974787
:100F740000009387A70F9C436387071497470000DB
:100F840093874714DC43174700002323F70A75337C
:100F94009747000083C7B72C639707129747000051
:100FA40083C7D72B91CF8347790093F7F70F89EB4A
:100FB40097470000A384072A977002E0E780A057B0
:100FC400974700009387470BDC53638E070E9747C0
:100FD40000009387E7049C4BFDC7834779001547BE
:100FE4006363F70E9747000083C7472C918BE1EFAB
:100FF4009747000083C76707F9E7904097460000CA
:1010040083C6160263C7D70C2244B24092440249F5
:101014004101177301E067004300834779001D47CE
:10102400E314F7F097470000A388072215211C4812
:10103400DDBD850793F7F70F974600002382F6FE80
:10104400E3E0C7F001BF86073E97835507002310EE
:1010540007009747000023990700974700009387EC
:10106400A7FE9C4317450000034585FB1317250085
:10107400BA979C4382979747000083D7E7FE1747A8
:1010840000000347E7F993C7F7FF7D8D9317170017
:1010940098403E97835707005D8D2310A70097471C
:1010A400000083C7E7F791C78507174700002309A6
:1010B400F7F6174700000347A7F69747000083C7D2
:1010C40037F6E37FF7E8B2402244924402494101F3
:1010D4008280139717003297035707006DF785072F
:1010E40015B737C700408326C720B707FCFFFD1795
:1010F400F58F2326F720010001009747000093870E
:1011040027F2C84F832787262326D7206A0593C74B
:10111400F7FF99835D8D82800111974700009387C3
:10112400E72422CC03A4070C26CA06CE2AC42EC662
:10113400854419E40145F2406244D2440561828049
:101144008347910003471400858B6304F700004430
:10115400CDB719469305A10013052400893EE31871
:1011640095FE0545C9BF0000EFF05FD37300000092
:101174000000000097420000938222EF03830200E4
:1011840023800200630F0300F32510342EC097055B
:1011940000009385A5FD73901534EF00E0507300B3
:1011A400203086DCEF004050E65082800000174774
:1011B40000001307E7091443411122C49C5E4AC08E
:1011C40006C6998326C2858B3A8417490000130901
:1011D400E907D1CB930700069CDE174700000347BD
:1011E400C70793070008974400009384A406631B71
:1011F400F700832709009C4393F70704174700006F
:10120400230DF70483C7040093F707049DC397478E
:1012140000009387A7E59C4382979747000023A982
:10122400A70483C7040093F7F70B174700002303B1
:10123400F70283C7440093F7070495E785471747E8
:101244000000A30BF70097470000938727039C43F4
:101254003707020098C7130700FC97460000238D48
:10126400E6FE9848F8D318401C5F9183858B8DC3A4
:101274001C5F93E707011CDF974700009387070073
:101284009C4323A207068547174700002306F7FC63
:1012940083270900D8430583058B19C7D843759B59
:1012A400D8C3D843799BD8C3B2402244924402495C
:1012B40041018280ED3D730020309317D50063D344
:1012C400070297470000938767FB9C437D57B8D775
:1012D400974700009387C7D4DC4F85071747000062
:1012E400232EF7D4937785009DCB9747000083C7BF
:1012F40087F693E7170017470000230EF7F49307C8
:1013040000F8174700002309F7F497470000938774
:1013140027F498435C57F19B93E717005CD79377C6
:1013240015008DC79747000083C7D7F293E71700CE
:1013340017470000A300F7F297470000938747F18F
:1013440098435C57F19B93E717005CD7937765004C
:1013540095CB93774500174700001307A7EFCDCB34
:101364008347070093E71700174700002304F7EEAD
:10137400974700009387C7ED98435C57F19B93E729
:1013840017005CD79317F50063D4070217470000D2
:1013940003474705418B97470000938727FD51C3B7
:1013A40083C7870793E7070217470000230CF70258
:1013B4009317E50063D707029747000083C7C7E97F
:1013C400E207E18763D70700854717470000230535
:1013D400F7E897470000938767EA9C4337070200C2
:1013E40098C79317C50063D4070217470000034743
:1013F40077FF058B97470000938747F729C383C777
:10140400970793E7270017470000A30DF7FC828096
:101414008347370093E7170017470000A30DF7E24F
:1014240081BF03C7870789463D8B6308D70083C7FD
:1014340087070D47BD8BE39DE7F69147B5B703C713
:101444009707118B69D783C7970793E7870065BF11
:1014540097470000938787E2944397470000938758
:1014640067DF03C70700058B11CB9747000023856F
:1014740007DE97470000A38107DE828003C71700B9
:10148400058B65F7F85271FF83C75700DDB717471F
:1014940000001307E7DB03280700832788039583ED
:1014A400858BADEF11C683270803BD832300F600A7
:1014B4009DC61C43985B4607935767016356070014
:1014C40093E707C0C207C18303970600C207C18719
:1014D40009C7BA970947B3C7E7022390F6008DCD31
:1014E4008345150095C99747000083C707D793F72D
:1014F400070413879500894585C33A9583470500FA
:101504000547994593F6F7066398E600E207E187F5
:10151400814563D30700B9452E8582808545EDBF9B
:10152400411122C406C626C217440000130404D580
:1015340045E114402E87FC52FDFF97470000238CA1
:1015440007D097470000938727B3D453BE8495C62A
:10155400B7E700E0B706200023A0D728B7F700E0DC
:1015640083A607D1ED9A23A8D7D083A607D193E603
:10157400860323A8D7D0730050103A85B28597709C
:1015840002E0E780A0E297470000938767CC9C4382
:10159400B70680009843558F98C3D857719BD8D706
:1015A40097470000A38A07CA97470000A38407CA85
:1015B4001C40094798C3DC5085CF37F700E08327E8
:1015C40007D193E787002328F7D0730050100DA0AC
:1015D4008D476315F50497470000938767C79C43BD
:1015E400B70680009843558F98C3D857719BD8D7B6
:1015F4001440174700001307E7C583472700858B6E
:1016040089EB83473700858BC9CF97470000238533
:1016140007C4B24022449244410182808547E319C1
:10162400F5FC97470000938727A5D4533E8795C6BA
:10163400B7E700E0B706200023A0D728B7F700E0FB
:1016440083A607D1ED9A23A8D7D083A607D193E622
:10165400860323A8D7D07300501014408177FD1758
:10166400D046F18FDCC60F1000001440B70702000B
:101674009CC6930700F897450000238FF5BC974755
:1016840000009387E7BC9C439C439D83858B99C74B
:1016940093076019FCD2D0C65C5339BF9307E01B93
:1016A400D5BFFC52B9FBB5B797470000938707BD78
:1016B4009C438847D847798D09C988C79387019483
:1016C40003A307006303030002838280174700001B
:1016D400130707BB8346B7019747000083C717BDAD
:1016E4004C4BB697FD8B33D7F50097460000A38982
:1016F400F6B897460000A38BF6BA058B15EF17478B
:1017040000000347F7BAB3F7E70281460147130520
:10171400000233D6E500058A1378F70F19CA6397D8
:10172400D70097470000A38D07B58280850693F6FE
:10173400F60F0507E31FA7FC8280974700009387F5
:10174400E7929C43011122CC4AC806CE26CA4EC653
:101754008297974700009387A7B4804701496301A4
:10176400A406BE8463668506018D1354550097470D
:10177400000083C787B21379F5016360F4049749C5
:10178400000093892994993703A8840097460000A0
:1017940083C6A6B0139756004297158C3A8683A544
:1017A4004900636407016364B7003306B740974791
:1017B400000023ABC7AEE378D4FC160433692401DC
:1017C400F24062444A85D2444249B249056182806A
:1017D400974700009387078FDC4333848740229523
:1017E40069B797470000938767A9984389679387E8
:1017F40007F47CD397470000938787AD9C4383A667
:101804000709139656006358060083A60709139622
:101814006600634406007453FDF282804111B7E709
:1018240000E022C480433707200006C6798C23A039
:10183400E7180F10000011C199E5B7E700E023A0F5
:10184400871001457DA893073500C207C183F19B2A
:10185400C207C183130740036369F70217470000F7
:10186400130747B0084317470000130727AF144373
:101874006392A6021747000013070780185B55DF21
:10188400C207DD8D054502974DBF174700001307BA
:1018940027ADC9BF035765002DEB035745006366A9
:1018A400F706B306F7402146637CD60203280500F9
:1018B400938687001D8FAA9661171736000003567A
:1018C40086762392E60023A006012393060014C122
:1018D4002312F500130786FF973600002395E6745C
:1018E4002313B5009735000083D5E573B387F5401E
:1018F400173700002319F772B7E700E023A0871019
:101904002105B240224441018280084195B7B7E7DE
:1019140000E08C433707200023A0E718F98D0F104F
:10192400000001E523A0B710828097470000938749
:1019340067A303A3070097470000938727A283A800
:10194400070081469A8763F2170D03A807006361B5
:10195400F50C636FA80A138787006368E50A03D64A
:101964006700216705076317E60003C7819305072E
:10197400238CE192173500001305856A03D64700CE
:101984000357650023930700329742074183173EAC
:101994000000231AEE68638C6702174300001303E8
:1019A400239C032303006304F30203D36600631040
:1019B400030283D7460023A0060121073E96210691
:1019C4002392C60097370000239FE764B6879843A5
:1019D400630D170397460000938686989442630626
:1019E400D7028356670095E283D647000356470023
:1019F4001843A106B2962392D70098C38357650073
:101A0400A107173700002310F762B7E700E019BFFA
:101A1400BE86C2870DBF03278511630407120346E0
:101A2400E504854663000612411122C406C68347B5
:101A3400C5002A8493F7C70F2306F5008345970052
:101A44000358C700139585016185637006096359BE
:101A540005060345870093F5F507A304B70093E54E
:101A640027006314D50093E517002306B4005C43F4
:101A740089075CC3A30AC400032504114C43090568
:101A8400EFF06F978327841103465401D44303D79F
:101A9400C700B296118FD4C32396E7008947A30DDC
:101AA400F400034764039737000083C7075E637736
:101AB400F7048347C40093E707012306F4003DA815
:101AC40093E717002306F40075B71376F80F635DE8
:101AD40005020345870093E527006314D50093E5C9
:101AE40017002306B400A30AC400A3040700854713
:101AF400A30DF400832784119C43C5F7B24022440C
:101B0400814636854101828093E717002306F4005D
:101B1400A30AC400A3040700032504114C4342860E
:101B24000905EFF04F8D8327841103465401D443F4
:101B340003D7C700B296118FD4C32396E7008D470D
:101B440045BF854636858280974700009387C794B2
:101B54009C43411122C406C6858B2A84C5EF416586
:101B6400130525F5974003E0E780E0BA45C58347B0
:101B7400A5002315F50083270412BDE72320A41232
:101B84002322A41285472311F4042320050083474C
:101B9400640154412316F5000347D4002304E500EF
:101BA4000547A304E500173700001307A76A585335
:101BB4001385170215811C437D151375F50F9CC2FF
:101BC4005C43DCC21C479CC65C47DCC61C4B9CCAFD
:101BD4005C4BDCCA1C4F9CCE5C4FDCCE19CD93868B
:101BE400060213070702C1BF8327441288C3835721
:101BF40024042322A412850779B79737000083D7DA
:101C040067778507173700002316F776B24022441A
:101C1400410182808347C40023090400054593C71A
:101C240047002306F400DDB78347850193F7E70FE8
:101C3400D5EF83479501DDEB034625018346C500B7
:101C440009CA83456503173700000347174463E750
:101C5400E50013F7060141CF014709C6C18A0357BE
:101C6400651C81C68356A51C369751C31307C7123A
:101C74001735000003558545B335A70237460F00D5
:101C8400411113060624814622C426C206C67D5489
:101C94003305A702977003E0E780008497370000BC
:101CA40083C7F73EB384A700973700009387076C78
:101CB40003A787098327070963F387003E84184332
:101CC40075FB973700009387673A9C438297814757
:101CD4006364A400B307A440B2402244B3B797009E
:101CE40093C7170092443E854101828081473E8517
:101CF4008280973700009387675898433C5BFDFFC9
:101D0400010001008280011122CC4AC84EC606CED1
:101D140026CA52C456C25AC00347B50085472A840E
:101D24002E89832905096311F72683570508835AE9
:101D3400C503173A0000130AEA38173B0000035B97
:101D4400EB3863FB5721834605016397E62003279D
:101D54008511631307200327450A631F071E834663
:101D6400F5001D47639AE61E03471401B38AFA403F
:101D740013950A01418121CF9377170099CB83579B
:101D8400E40583560404958F63D5A70013950701D2
:101D940041819377270099CB8357E4128356040437
:101DA400958F63D5A70013950701418193770701A8
:101DB40099CB8357C41483560404958F63D5A70025
:101DC400139507014181218B11E311E10545035767
:101DD400A4039307204E832444093305A7023746FE
:101DE4000F008146130606243305F50297370000D9
:101DF40083C7E729B3549502B335AB02BE94C2043A
:101E0400C180231394083305AB02976003E0E78095
:101E1400A06CB307350133B5A7002E953E87832602
:101E24004A0019E163E4D7003387D740B3846403DD
:101E3400B7460F009387F623938606242320E900F0
:101E4400A697B3D7D702D6976362F7101D8F2320C6
:101E5400E900973900009389692183A70900832445
:101E64000900829763E5A4123385A4406354050CEA
:101E740083A709008297032709006361E512198D7E
:101E84008357E40317370000035747248E07B387AB
:101E9400E7021307003293870719B3D7E70263E712
:101EA400A710374A0F00130BFA23973A0000938ABE
:101EB4006A21130A0A248357040485072310F404AF
:101EC4008347041499E3228559222285972003E04D
:101ED400E780E07775E9832604098327C40803A70C
:101EE4004A00B6973E8563E4D70063E4E700338590
:101EF400E7408347F401835464082328A408850732
:101F0400A30FF4009737000083D7471CB384F4026F
:101F1400DA94B3D444036368950CB304954083A75F
:101F2400090023209900829763E3A40C3385A4401D
:101F3400E34305F89737000083C7771563E7A708DD
:101F44009737000023A4874C014541A083264A000B
:101F5400B387F6403E97E5BD8354640837470F00C6
:101F64009307F723B3846403BE9493070724B3D77A
:101F7400F40263E7F900B387F9402320F900D1BDE7
:101F840003274A00BA99C5BF23A03501D9B59737AD
:101F9400000093872713DC43BE94F9B597370000FC
:101FA40093874712DC43998F3E95D9BDA14522857D
:101FB400972003E0E7808062A305A402973700001E
:101FC4009387870B9C5B81EF7D55F2406244D2443A
:101FD4004249B249224A924A024B056182808945AC
:101FE40015458297D5B7B3049740AA940DBF83A72C
:101FF4004A00BE9425BF39C901116C0022CC06CE1B
:102004002A8411331DCDFD576302F502B24797357B
:10201400000083C5D50763EFB70003459402B38579
:10202400B7402EC6976001E0E78060B4F240624496
:1020340005618280173700001307C7085843BA9711
:10204400E9BF973003E0E780001ECDB78280797145
:1020540026D206D622D44AD04ECE52CC56CA5AC81C
:102064005EC68347550303447513AA843E941374D0
:10207400F40F9307400263F687001304B4FD13744E
:10208400F40F03AA841383AAC413A38B8412228695
:102094005285D685976003E0E7800001058915E540
:1020A40003CBD41201498149337B6403930B50025F
:1020B4004A865285D685976003E0E780E0FE05896D
:1020C40015C5639169031374F90F238B8412B250FD
:1020D400225492540259F249624AD24A424BB24BB8
:1020E400456182808509E20993D989410509E31193
:1020F40079FDE1BF8327850903560504797193D6D9
:102104000701BD8EC206C182358E135776409357A0
:102114005640898B058B5D8F93573640918B5D8F2D
:1021240093571640A18B5D8F93171600C18B5D8F5B
:102134009317360093F707025D8F93175600935554
:10214400860093F707041E065D8F1376F60F518FF2
:1021540093D7554013D63540118A898BD18F13D626
:102164007540D18F13D61540218AD18F139615004F
:10217400418AD18F1396350013760602D18F1396B8
:102184005500137606049E05D18F93F5F50FCD8F78
:10219400A20745465D8F3307C70222D42A8426D27C
:1021A40052CC56CA032A8413832AC4135AC806D6A7
:1021B400369742074183935777401355574009890F
:1021C400858BC98F135537401189C98F1355174013
:1021D4002189C98F131517004189C98F1315370039
:1021E40013750502C98F131557009355870013758E
:1021F40005041E07C98F1377F70FD98F13D5354000
:1022040013D755401189098B498F13D57540498FD0
:1022140013D515402189498F139515004189498F9C
:102224001395350013750502498F139555001375E1
:1022340005049E05498F93F5F50F4D8F2207D98F1D
:10224400B387C7024AD04ECE5EC662C4B697C207F1
:10225400C18313D7774013D557400989058B498F1C
:1022640013D537401189498F13D517402189498FD8
:10227400139517004189498F13953700137505028B
:10228400498F1395570093D58700137505049E074E
:10229400498F93F7F70FD98F13D5354013D755408E
:1022A4001189098B498F13D57540498F13D5154072
:1022B4002189498F139515004189498F139535005C
:1022C40013750502498F13955500137505049E0572
:1022D400498F93F5F50F4D8F2207D98FB387C70226
:1022E400130650025285D685B697BD8E9394060187
:1022F400C18033F6C402137BF60F976003E0E780D6
:10230400A0DA05890DED8347D41201498149B384CC
:102314009702130C5002C1804A865285D685976075
:1023240003E0E78060D80589937BF90F11C56386C4
:102334003403850993F9F90F0509E31F89FD230B7C
:102344006413B250225492540259F249624AD24A56
:10235400424BB24B224C456182805E8BCDB701115A
:10236400973700009387870022CC03A4870C26CAE2
:102374004AC84EC606CEAA8413092500854915C04D
:1023840083C7140003473400858B6304F700405C63
:10239400FDB71946930544004A85EFE05F91E318C1
:1023A40035FF2285F2406244D2444249B249056174
:1023B4008280411197370000938747FB22C403A40E
:1023C400870C26C24AC006C693042500054901E8C5
:1023D4002285B24022449244024941018280A6856A
:1023E4001305A402974003E0E780A042E30225FF1F
:0423F400405CF1BF99
:1023F80097110020938181E31741002013010140C8
:102408001305400097E5FF1F938545BF1706002079
:10241800130606FE63FAC5008322050023A05500B3
:1024280011059105E3EAC5FE17950300130505306C
:1024380097050020938505FC1386018763FAC5007C
:102448008322050023A0550011059105E3EAC5FE86
:102458001385018797350020938505056377B500B7
:10246800232005001105E36DB5FEFD42739002BC03
:102478008D4273904280930280087390023097E2F5
:10248800FF1F9382A2B793E23200739052309722D3
:102498000000938282677390123473002030397180
:1024A80001436EC619A0397141536AC866CA62CC25
:1024B8005ECE19A0397101535AD056D252D44ED695
:1024C8004AD826DA22DC06DE3301614082824111D5
:1024D8004AC026C222C406C68282B24D4101024DBC
:1024E800924C224CB24B4101024B924A224AB249C9
:1024F8004101024992442244B240410182803D4355
:102508002A876373C3029377F700BDEFADE593762F
:1025180006FF3D8ABA960CC34CC30CC74CC741078B
:10252800E36BD7FE11E28280B306C3408A069702A6
:10253800000096966780A6002307B700A306B70099
:102548002306B700A305B7002305B700A304B70007
:102558002304B700A303B7002303B700A302B700FF
:102568002302B700A301B7002301B700A300B700F7
:102578002300B700828093F5F50F93968500D58DDB
:1025880093960501D58D61B79396270097020000B1
:1025980096968682E78086FA9680C1171D8F3E96AA
:1025A800E374C3F8A5B73367B500FD530D8B79E71E
:1025B800B7877F7F9387F7F710419441B372F6008E
:1025C8003363F600BE92B3E262006397720C63183D
:1025D800D6065041D441B372F6003363F600BE927A
:1025E800B3E262006398720A631BD60410459445EF
:1025F800B372F6003363F600BE92B3E262006391F1
:10260800720A631ED6025045D445B372F60033638E
:10261800F600BE92B3E26200639A72086311D602B2
:1026280010499449B372F6003363F600BE92B3E2E0
:102638006200639372085105D105E30FD6F61317AC
:10264800060193970601631CF7001357060193D7F9
:1026580006013305F7409375F50F91E982804183B0
:10266800C1833305F7409375F50F91E182801377A5
:10267800F70F93F7F70F3305F740828003460500FD
:1026880083C60500050585056313D60065FA33057D
:10269800D640828011059105E312D6FE014582805D
:1026A8002105A105E31CD6FC014582803105B10551
:1026B800E316D6FC014582804105C105E310D6FC2E
:1026C80001458280B717004003C777051377E70FE6
:1026D800A38BE704130700F8A38DE7043D47238C79
:1026E800E70413075003A38CE70403C7A705137770
:1026F800D70F238DE7048280B717004003C7E7028E
:102708000D8941111377C70F498F93068008F3B6D7
:10271800068093F6860836C60F10000093067005EB
:102728002380D704930680FA2380D7040F10000073
:102738002387E70223800704B247F3A707800F1017
:1027480000004101828041112A83014E930E407E90
:10275800130F0019930F400663E56E1293080019D2
:1027680013034006B3781503854E0D4FA14F3373FD
:1027780065020D891335150063EFBE121308F6FFC5
:10278800794672984208135808013307C70213D6CE
:102798001700BE0732976146B3F6C602130680706B
:1027A800B386C6023697A166F58F42075D8FB716C6
:1027B800004083C7F60293F70708A303F100034616
:1027C800710083C7F60293F70708E394C7FE8347AF
:1027D8007100B716004093F7F70F63880712930745
:1027E8008008F3B7078093F787083EC40F100000EE
:1027F800B7170040930670052380D704930680FA24
:102808002380D7040F10000023AA070383C61703E9
:1028180093E60608A388D70223800704A247F3A7F4
:1028280007800F1000001166B71700407D16D45BB3
:10283800C85F93854703A98EF18EF5FA9306800841
:10284800F3B6068093F6860836C60F100000930686
:1028580070052380D704930680FA2380D7040F10CD
:10286800000098C103C7170313670704A388E7028A
:1028780023800704B247F3A707800F100000410127
:1028880082807D133368E3039308E016630E080023
:102898003368F3039308D01663080800937833006D
:1028A80093B818009388D81633081E01131E080120
:1028B800135E0E0155B56393E5030548638608006A
:1028C8000148630303002A8871087298FD15131ED6
:1028D8000801C205135E0E01C18179BD13F8150008
:1028E80063F4BF007908D5B713381800E5BF83C76C
:1028F800F60293F70708A303F1000346710083C7A4
:10290800F60293F70708E394C7FE8347710093F72D
:10291800F70FF1DFE9B531714AD966CB06DF22DD61
:1029280026DB4ED752D556D35AD15ECF62CD6AC96F
:102938006EC7AA8C02D8EF00901C2A8993078008DA
:10294800F3B7078093F787083EDA0F100000B71730
:102958000040130770052380E704130780FA2380DB
:10296800E7040F10000003C7F7021377770FA38758
:10297800E70203C7F70213678700A387E7022380EC
:102988000704D257F3A707800F1000000545AD33A1
:10299800130780C13347E902116A93070AE89306CF
:1029A8005002BD69930BA004814A014B13048008AF
:1029B800930470057D1AB347F9023307D7023EC066
:1029C800FD873ECC938709A69309803E3347F702DB
:1029D8003AC27D873AC4334739038549B399990187
:1029E80093D93940B306D702B30B7703B3C6F602BF
:1029F800B3CBFB0236C6FD8636C893D6FB4136CE2E
:102A0800B7460F00938606243349D9028566938614
:102A180006FAB3969601B389E9021307805233097F
:102A2800D90293060010B389E9023349D902B3C920
:102A3800F9029316390036CA37190040FD8636D098
:102A4800930D090493D7F9413ED2F336048093F6E7
:102A5800860836DC0F100000930770052380FD0000
:102A6800930680FA2380DD000F10000083463905A5
:102A780093F6860FA309D9048346390593E6160011
:102A8800A309D90423800D00E256F3A606800F108F
:102A98000000130C80FA116DF336048093F6860853
:102AA80036DE0F100000930770052380FD00238099
:102AB8008D010F10000083463905216693E6060252
:102AC800A309D90483560905B3E6A6012318D90436
:102AD80083560905D18E2318D90423800D00F25698
:102AE800F3A606800F1000008346390593F6060208
:102AF800638A061803463905218A6DDE0818EF0037
:102B080010047336048013768608B2C20F100000D2
:102B180023809D0023808D010F100000B71700400F
:102B280003C637051376F60DA389C70403C6370510
:102B380013660602A389C704835609052166B3E60E
:102B4800A6012318D90483560905D18E2318D90460
:102B580023800D009646F3A606800F1000008346DA
:102B6800390593F606026386061483463905A18A59
:102B7800EDFE97D0FF1FE7808051AA8636D497D004
:102B8800FF1FE780C050A256E30AD5FE8356090509
:102B98004255B3E6A6012318D904D127834639053F
:102BA800A18AEDDE03560905834629058247337657
:102BB800CA00B306DA0293D5F641B296B388F64056
:102BC800E24733B8C6002E983308F840A247B3B698
:102BD80016013308D84063C70701631DF800924700
:102BE80063FA1701C247634DF80E63950701B247B0
:102BF80063E8F80E894663E7660FF24693151800F6
:102C080013D3F8015E8613951800B365B30042D656
:102C180046D4EF50234E3258050B137BFB0F634706
:102C2800000163120838A258638F0836130815008C
:102C3800B336A800B69513D6F5013298B336C80056
:102C4800AE9613581800FE06B3E6060173360480E4
:102C580013768608B2C60F10000023809D002380DB
:102C68008D010F1000000356C902B296C206C18238
:102C78002316D90223800D00B646F3A606800F104E
:102C8800000019BDF336048093F68608B6C00F100D
:102C9800000023809D0023808D010F1000008346D3
:102CA800390593E60602A309D90423800D00864658
:102CB80005BDF336048093F68608B6C40F100000ED
:102CC80023809D0023808D010F1000008346390565
:102CD80093E60602A309D90423800D00A646A5BDE4
:102CE800E30D0BF0F336048093F68608B6C80F1090
:102CF8000000930680FA23809D002380DD000F10DA
:102D080000008346390593F5FC0F93F6860FA30957
:102D1800D90483463905CD8EA309D90423800D0033
:102D2800C646F3A606800F100000130580FA034676
:102D38003905930639051D8A63149629733604806C
:102D480013768608B2CC0F100000130680FA238091
:102D58009D002380CD000F10000003C606001376E7
:102D6800F60D2380C60003C60600136606022380FC
:102D7800C600835609051166D18E2318D9048356D7
:102D880009052166D18E2318D90423800D00E64653
:102D9800F3A606800F100000130680FA8346390553
:102DA80093F606026388062483463905130C390511
:102DB800A18AFDDA08186123F336048093F68608A1
:102DC800B6D00F100000930680FA23809D00238060
:102DD800DD000F10000083460C00116693F6F60D17
:102DE8002300DC0083460C0093E606022300DC0087
:102DF80083560905D18E2318D904835609052166FF
:102E0800D18E2318D90423800D008656F3A6068098
:102E18000F100000130680FA8346390593F6060260
:102E28006385062083463905A18AEDFE97D0FF1FEA
:102E3800E780E0252A8C97D0FF1FE7804025E30C28
:102E480085FF8356090511664255D18E2318D9048A
:102E580039238346390513063905A18AFDDAF33685
:102E6800048093F68608B6D40F100000930680FA03
:102E780023809D002380DD000F100000834606009C
:102E880093F6F60D2300D60023800D00A656F3A670
:102E980006800F1000008356090503462905D2470E
:102EA800B376DA003306CA021305800C9355F6414F
:102EB8003696330DF6408257333CD6002E9C333677
:102EC800A601330CFC40330CCC40330885039256E2
:102ED8004E86B335A5033305A503C295EF5083216C
:102EE80063468001631E0C16630C0D16130615004D
:102EF8003335A6002E959356F5013696B335D60090
:102F0800AA959396F50105828585D18E6346B00012
:102F1800639D051A638B061A0356C9021582330589
:102F2800D6003336C500B2956348B00063910524D6
:102F38001306F00F637DA622894663F3561593079F
:102F48008008F3B7078093F78708BED60F100000F4
:102F580037170040930770052300F704930780FA9A
:102F68002300F7040F1000008356C70289678117F2
:102F7800D58FC207C1832316F70223000704B6576B
:102F8800F3A707800F100000FA506A54DA544A5920
:102F9800BA592A5A9A5A0A5BFA4B6A4CDA4C4A4D81
:102FA800BA4D296182801308F5FF3335A800FD1555
:102FB8002E951356F5013298B336C800AA9651B12A
:102FC800F336048093F68608B6CA0F1000002380F3
:102FD8009D002380AD000F10000083463905CD8E7B
:102FE800A309D90423800D00D646F3A606800F1046
:102FF800000035BBF336048093F68608B6CE0F1072
:10300800000023809D002380CD000F100000834620
:10301800390593E60602A309D90423800D00F64674
:10302800F3A606800F10000095BBF336048093F6D4
:103038008608B6D20F10000023809D002380CD00A3
:103048000F1000008346390593E60602A309D90448
:1030580023800D009656F3A606800F1000006DBB66
:103068009306F5FF33B5A600FD152E959355F5018A
:10307800AE96B3B5B600AA951396F501858269B5E3
:10308800F336048093F68608B6D80F10000093062E
:1030980080FA23809D002380DD000F1000008356F6
:1030A800C9020566011693F6F60FD18EC206C182D3
:1030B8002316D90223800D00C656F3A606800F10EA
:1030C8000000850A93FAFA0F49B233E6B60045C202
:1030D8000356C9023305D0403338A000B305B040C9
:1030E800B385054115826345B000D1E16371A60837
:1030F800894663F0560593078008F3B7078093F76E
:103108008708BEDA0F100000B717004013077005D4
:103118002380E704130780FA2380E7040F100000D8
:1031280003D7C7027D8B2396E70223800704D6576F
:1031380081BDF336048093F68608B6DC0F100000D4
:10314800930680FA23809D002380DD000F10000085
:103158008356C9020566011693F6F60FD18EC2068C
:10316800C1822316D90223800D00E656B9B793070A
:103178008008F3B7078093F78708BEDE0F100000BA
:1031880037170040930770052300F704930780FA68
:103198002300F7040F1000000356C7029397560048
:1031A800B297C207C1832316F70223000704F65714
:1031B800C1BB914763EEB70217770300130787B3C4
:1031C8008A05BA959C41BA978287B717004003A72A
:1031D800470B1345F5FF698F23AAE70A03A7070BD7
:1031E800698F23A8E70A03A7070A798D23A0A70AEE
:1031F8008280B717004083A6470B1347F5FFF98E67
:1032080023AAD70A83A6070B558D23A8A70A83A646
:10321800070A758F23A0E70A8280B717004003A723
:10322800470B498F23AAE70A03A7070B1345F5FFA6
:1032380045BFB717004083A6470B1347F5FF758FA7
:1032480023AAE70A03A7070A598D4DB7B717004005
:1032580003A7470B498FEDB7914763EEB70217777E
:103268000300130767AA8A05BA959C41BA97828713
:10327800B717004003A7470D1345F5FF698F23AA29
:10328800E70C03A7070D698F23A8E70C03A7070C12
:10329800798D23A0A70C8280B717004083A6470D1D
:1032A8001347F5FFF98E23AAD70C83A6070D558D72
:1032B80023A8A70C83A6070C758F23A0E70C828090
:1032C800B717004003A7470D498F23AAE70C03A7A8
:1032D800070D1345F5FF45BFB717004083A6470DF7
:1032E8001347F5FF758F23AAE70C03A7070C598D21
:1032F8004DB7B717004003A7470D498FEDB7B7176C
:1033080000408847420541819377050491EB937704
:10331800F5013755E801130505803345F50282802C
:103328009377050C130700046397E7009377F5017B
:1033380037459C1CCDB72165130505D0828037E73A
:1033480000E01C435443A183E206D58F1CC1FD57FE
:103358002320F7182322F7180F1000008280131774
:103368008500B7E700E023A0E710618123A2A7103A
:103378008280B7F700E08847CC478280814737379B
:103388000040A14663C4C700328582800345B74028
:10339800E38EA6FE3385F500034505008507230463
:1033A800A740CDB797F7FF1F938747689C43172718
:1033B80000201307670F3E95636EE500173700205E
:1033C8001307C7236368A70017F7FF1F2320A76603
:1033D8003E858280FD57EDBF411122C406C62A846E
:1033E800393F2947B307E502B2408D83B3D7870237
:1033F80022449507B3D7E70237370040C207C18395
:103408002316F7404101828071654111130505209B
:1034180006C6D937B7370040130770F82381E7404D
:103428000D47A381E74013070004A380E740054741
:103438002387E740B240410182802D4549E703C711
:1034480005008947631DF706D841411106C6834721
:103458001700034707003285A207D98F4167130673
:1034680027FE6384C7046369F60005176382E702D1
:103478002390060029453DA0130647FE638CC7022A
:103488001517E397E7FE95472390F600154629A000
:10349800D5472390F6005546CC4597D0FF1FE780C7
:1034A80040750145B2404101828085472390F6006E
:1034B8000546DDB7CD472390F6004D46F1BF239072
:1034C800060005458280828083C7850093F707023E
:1034D800E1E3411106C622C426C24AC003C9050059
:1034E80009432E888547631B690203A3450032847C
:1034F800B6848347130003430300A207B3E76700BA
:103508004163130E13FE6382C7030D13638B6704B5
:103518000D681308289063850707A947B24022441D
:10352800924402493E8541018280AD4765FB55477B
:10353800B547E365D7FE0325C8005546A28597D051
:10354800FF1FE780006B01499387018898438147F3
:1035580071D7184361D72686A2854A850297814785
:1035680075BFAD4745FF5547B547E369D7FA03250A
:10357800C8005546A28597D0FF1FE7808067E9B746
:103588002244B24092440249854741016FA0C12BB1
:10359800A1473E85828041677917630CE502411196
:1035A80022C406C685472A84639AF50022852244E8
:1035B800B2409385418741016FB0117B894763967B
:1035C800F5008545EFE0613675D1B24022444101EE
:1035D80082808280411122C42A8441659385418773
:1035E8007D1506C6EFB05178170500001305E5FAFA
:1035F8000588EFE0C12A05C02244B24097F6FF1FB4
:10360800938646F04146C54517F5FF1F130585DE2D
:1036180041016FB0916AB240224401454101828064
:1036280009C523A0A18801458280454582801147AC
:10363800636EA706976603009386466E0A0536955D
:103648001841411106C63697AE87B285028755479D
:103658006145639AE70055461385C19897D0FF1FC7
:10366800E78020590145B240410182800547614504
:10367800E39BE7FE054613850187CDB755476145AE
:10368800E393E7FE55461385419AC9BF4D47614507
:10369800E39BE7FC4D461385C19BC9B715476145B8
:1036A800E393E7FC1546138581874DBF0945828062
:1036B800411122C42E849385418726C206C6AA8456
:1036C800EFA04113058915C197F7FF1F938787D28C
:1036D80083D7A70BA285B2402310F4002244268585
:1036E8009244014641016FA0B178B240224492440D
:1036F8004945410182802382018823A40188B717A4
:10370800004003A7070CB706C0FFFD16758F23A05E
:10371800E70C03A7070DB7064000558F23A8E70C51
:1037280003A7070C3D9B23A0E70C03A7070D13670E
:10373800070123A8E70C828023A4A188130640066A
:10374800894503C501896F40014AB717004003A5A1
:10375800470C83A7470C598113451500C18B058970
:1037680099E31365250083C74188638CA7002382EA
:10377800A18801C99387818803A307006303030015
:103788000283828011456FF00F99411193962500AD
:10379800AA852D4506C697D0FF1FE780C0D1B24045
:1037A800014541018280011122CC06CE3714004028
:1037B80026CA4AC84EC652C483447405034AB4058F
:1037C8008349840503499405EFE0DFEF8347A405A7
:1037D80093F4F40F137AFA0F93E71700230DF40408
:1037E80093F9F90F1379F90FB717004003C7A70525
:1037F800058B6DFF03D5C705A38D4705238C3705BA
:10380800A38C2705A38B9704F2406244D244424913
:10381800B249224A0561828041119397050122C469
:1038280006C6C1872E8463DA0700EF30315819C104
:10383800EF30B14B2165218D1DA093F7150013C5FD
:10384800150091EF93F7250099CF01371306000A69
:10385800894503C50189EF40013913452400B24069
:103868002244410182809397250163D00702EF50DB
:103878002230093F37F60200130606E0896503C5C2
:103888000189EF40413609657DB7939715010145D8
:10389800E3D707FC176503001305054EEF50831E99
:1038A80013060064916503C50189EF40C1331165B2
:1038B80059B72D71232A9110FD74E98C232C81109E
:1038C80023282111232631112A84AE8932899306AF
:1038D80000100A86A6852D45232E111097D0FF1FAC
:1038E800E78060BD1315440151810A05139629002C
:1038F800CA850A9597D0FF1FE780A02FA685856601
:103908000146254597D0FF1FE780E0BA0A86A685BD
:1039180093060010294597D0FF1FE780C0B9832080
:10392800C111032481118324411103290111832921
:10393800C11015618280B7F7070003C7070141115D
:1039480006C622C426C24AC0A547631AF70095379F
:10395800B2402244924402490145410182801394B5
:103968002500AA843289A286AA850146254597D0D2
:10397800FF1FE78040B4A2864A86A685294597D0CE
:10398800FF1FE78040B3E9B71D71494697650300FB
:103998009385053A177503001305C57E86CE97D023
:1039A800FF1FE780803001E917650300130585399B
:1039B800EF50430D01A0B7F600E0795798CAFD57BC
:1039C800DCCA0567B7E700E023A0E7101306F0029A
:1039D80090C223A0E7180F10000017D7FF1F130786
:1039E800277923A6E1884157A38AE74013060004F4
:1039F8008145080897D0FF1FE780C0269707002059
:103A08009387C7AA3EC8856713870740231AE10032
:103A18001D673ACC37070105130707103ACE93877D
:103A280057D16D472310E1022312F102054797078A
:103A38000000938747942301E1023ED8170700004E
:103A48001307E7D497070000938727D6B7F5070031
:103A5800BAC23EDC17070000130727EE97070000DD
:103A6800938787D281463000E1051945BAC43EDE06
:103A780097D0FF1FE78020A4180881479946300097
:103A88003E960346060085070507A30BC700E39883
:103A9800D7FEC24791C70357410185676373F70093
:103AA80001A08307410263D7070493078008F3B78F
:103AB800078093F787083EC40F100000B71700402F
:103AC800130770052380E704130780FA2380E704AF
:103AD8000F100000B847B706100013670718B8C7DB
:103AE8009853558F98D323800704A247F3A70780DC
:103AF8000F1000000808EF40417AAA8501C9176530
:103B0800030013056525EF40B36301A0F640256166
:103B18008280411117050000130545D006C622C44E
:103B2800EF40E173138401892300A4002128E136C2
:103B3800034504002244B24013060032896541015E
:103B48006F40610A797106D613078008F33707803A
:103B580093F787083EC20F100000B717004093057F
:103B680070052380B704130680FA2380C7040F105A
:103B7800000083C6F70293F6A60FA387D702238017
:103B880007049246F3A606800F10000073370780DB
:103B9800137787083AC40F1000002380B7042380E6
:103BA800C7040F10000003C7F70213672700A38795
:103BB800E70223800704A247F3A707800F1000003D
:103BC8000545EFE07FB37D3E8147014781460546C5
:103BD80085451305407EEFE01FB7680051468145D3
:103BE80097D0FF1FE7800008B707C0A83EC8B7876F
:103BF800E803938707D03ECA680097C7FF1F9387DB
:103C0800477C3EC6EF40711DB2504561828041112C
:103C1800976503009385C51917650300130545309B
:103C280006C6EF40F3511765030013056530EF40F2
:103C380033512945EF40D354B24041016F30401A07
:103C48004111976503009385E51417650300130573
:103C5800252D06C6EF40D34E13050002EF40535200
:103C68002945EF40F351EF30F13785671386077721
:103C78003376C502B2409387873803C58189854565
:103C880041013E966F303176411197650300938567
:103C9800E50E176503001305A52806C6EF40534A2D
:103CA80013050002EF40D34D2945EF40734DB24054
:103CB80003C58189854541016F40A11D97170020E3
:103CC80083C7D7CB411193F7E70F06C61717002014
:103CD800A306F7CAEFA0C01005E1EF209032EF303D
:103CE800006CB2403726090003C581891306067C9B
:103CF800854541016F30316FB240410182804111E9
:103D0800976503009385050A176503001305452188
:103D180006C6EF40F3422945EF409346B2404101C1
:103D280071BF411197650300938505061765030068
:103D38001305051F06C622C426C24AC0EF405340D9
:103D48002945EF40F343EFA0A00919E52244B2400A
:103D58009244024941019DB797F4FF1F9384C48B95
:103D6800BC48757471797D142390270123918700CD
:103D780017F5FF1F1305458EEFD09000FC4417F58B
:103D8800FF1F1305658D23900700EFD0C07DBC5839
:103D980017F5FF1F1305458E2390270123918700F0
:103DA800EFD0007EFC5417F5FF1F1305E58C239018
:103DB8000700EFD0407B83A7040917F5FF1F130501
:103DC800A58D2390270123918700EFD0607B83A7DF
:103DD800C40817F5FF1F1305258C97F4FF1F93845C
:103DE800648E23900700EFD000789C4826852390A6
:103DF800270123918700EFD0A078DC442244B24009
:103E08000249268592442390070041016FD0A0758E
:103E1800411197650300938565FA1765030013053B
:103E2800251006C622C426C2EF4093312945EF402B
:103E38003335EF90F07A05E997650300938505F827
:103E4800176503001305C50DEF40932F1765030091
:103E58001305C50FEF40D32E2244B24092442945A2
:103E680041016F40F33113050002EF10200E2A8440
:103E780005E197650300938565F41765030013054D
:103E8800250AEF40F32B176503001305A50DD9B7D5
:103E9800A547A300F5009307C0125CC1FD57230690
:103EA800F500EF1080092300A400084CB705D400E2
:103EB8009385851A3105EF10705C084C8345040022
:103EC8003105EF30806A084C930500103105EF305A
:103ED800006B044C0565EF00D026B104AA85268541
:103EE800EF30A068084C930510123105EF302069B7
:103EF800084CC165FD153105EF306068084C930525
:103F080020123105EF30A067084C9565938505E2CE
:103F18003105EF30C06622852244B2409244410107
:103F28006F10600893F71500B9CB411122C41765CB
:103F380003001305E5FE2E8497650300938545EC81
:103F480006C6EF40F31F2945EF409323EF905069D1
:103F580001C97D3D13451400B240224441018280CD
:103F68009717002083C797A193F7E70F93E71700E8
:103F780017170020A304F7A0EF20300AE1BF01457E
:103F88008280797197650300938585E4176503003E
:103F9800130505F906D6EF40B31A2945EF40531E1D
:103FA800614681452800EFE08FD5EF001079A547DD
:103FB800A304F1009307C0123EC6FD572304A100D5
:103FC800230AF100EF90D0611DE597650300938502
:103FD80025E0176503001305A5F4EF407316176570
:103FE80003001305A5F6EF40B3152945EF40531913
:103FF800B250456182802800EF00D07B2800EF1086
:1040080040042800EF10C00CE5B741119765030084
:10401800938505DD17650300130585F006C622C4E0
:10402800EF4013122945EF40B315EF90705B1DE583
:10403800976503009385C5DA17650300130545EEF8
:10404800EF40131017650300130545F0EF40530FB9
:104058002244B240294541016F4093124145EF0087
:10406800F06E2A8405E197650300938565D7176587
:1040780003001305E5EAEF40B30C176503001305C9
:1040880065EEE9B7A547A300F5009307C0125CC128
:1040980097770300938747645CC9FD572306F500AB
:1040A800EF00B0692300A400084CB705D40093853D
:1040B800851A3105EF10903C084C83450400310502
:1040C800EF30A04A084CBD65A5053105EF30204BFF
:1040D800084C930530023105EF30204922852244EF
:1040E800B24041016F00306C411122C49765030052
:1040F800938545D02A8417650300130565E206C633
:10410800EF401304A28517650300130565E3EF402C
:1041180033032945EF40D30685476309F4008947EF
:10412800630AF400B2402244410182802244B24032
:10413800410181BD2244B2404101C1BD0111354652
:1041480097650300938545D3176503001305054E4E
:1041580006CE22CC97D0FF1FE78020B50DE59765E6
:1041680003009385E5CA17650300130565DBEF4077
:10417800237D176503001305E5BCEF40B3102945FF
:10418800EF40130001A097F7FF1F938727A73EC4AE
:104198008567938707803400177603001306465413
:1041A800976503009385050817650300130505093E
:1041B8003EC6EF20F00E2A840DC99765030093854B
:1041C80025C5176503001305A5D5EF406377A285BC
:1041D80017650300130545CBEF4083762945EF406B
:1041E800237AF240624405618280EF80901B176554
:1041F80003001305E5C2EF10D02EEF509011EFF039
:10420800002C17E5FF1F1305254BEFF0E018176585
:1042180003001305E5C1EFF0402C2A84EF20400984
:10422800EFA0904CEF10414AEF30E01EEF20806481
:10423800EFD0A03097650300938585BD176503000F
:10424800130505CE09C8EF40A36FA28517650300C3
:104258001305C5C551B7EF40A36E176503001305D5
:1042680025C7EF40E36D2945EF408371EFD0401338
:10427800EF90103729C597650300938565B91765D1
:1042880003001305E5C9EF40A36B17650300130589
:10429800A5C5EF40E36A2945EF40836E97650300A3
:1042A800938505B717650300130585C7EF40436974
:1042B80017650300130585C5EF40836805B7EFF060
:1042C800FF9FE9BF411106C6EFB0525BEF10C03047
:1042D80017050000130545C5EF307178238CA188B8
:1042E80017E5FF1F1305053EEF007067813DEFF0EE
:1042F8008FC017050000130565DFEFF0EFC3B2406C
:10430800814505654101B1A5411197650300938574
:10431800E5C6176503001305A5C006C622C4EF400D
:1043280023621384E1818355040017650300130594
:10433800E5D3EF40E3602945EF408364035504006B
:10434800B24022444101828039711C0822DC3EC2FD
:104358002E84B7072000A16526DA93850526AA844E
:104368003EC448001C0806DE3EC6EF103011056545
:10437800613FAA854800EF30802097650300938548
:10438800E5C0176503001305A5B9EF40635B8355C6
:1043980084000356640017650300130525CAA1812C
:1043A80093F5F507EF40C3592945EF40635D83470F
:1043B80094000147814693F7F707D917B337F00000
:1043C800B307F0402305F4005000A2852685EF10BE
:1043D800502B15C52A8497650300938525BB17655F
:1043E80003001305E5B3EF40A355A2851765030045
:1043F800130545C6EF40C3542945EF406358F250B2
:104408006254D25421618280411122C426C22A8476
:10441800AE84176503001305A5B09765030093855F
:1044280025B806C6EF40C35113050002EF404355B7
:104438002945EF40E35422852244B240A6859244A0
:10444800410119B7397122DC4AD82E844ED68145EC
:104458003289AA896146280006DE26DA52D456D265
:10446800EFE0EF89EF00702DA547A304F100930753
:10447800C0123EC62304A100EF30C13693072003C3
:104488003375F50297650300938585B28144976A71
:104498000300938AEAB9154A2AC817650300130569
:1044A80025A8EF40E3498327090083558400830644
:1044B800840003C7270083C7370003566400A1811F
:1044C800A2075D8F93F5F50717650300130585B3FC
:1044D800EF4003472945EF40A34A83270900568543
:1044E800A69783C507008504EF408345E39744FFFB
:1044F800032709008347370003472700A207D98FFE
:10450800239FF18083479400294793F7F707638532
:10451800E700FD57230AF100831764006359F00090
:10452800FD57230AF1009307400602C83EC628003B
:10453800EF00103AA2854E85013DF2506254D254E4
:104548004259B259225A925A2161828001119765C3
:1045580003009385E5A6176503001305659C32C61D
:1045680006CEEF40E33D13050002EF4063412945C5
:10457800EF4003410565493B32461842834717001F
:1045880083460700A207DD8E6307D50003470700AF
:10459800D98F239FF180F24005618280239FB180EB
:1045A8008280411197650300938545AD1765030027
:1045B8001305059706C622C4EF4083381384018289
:1045C8008355040017650300130545B9EF404337C9
:1045D8002945EF40E33A03550400B2402244410123
:1045E800828039711C0822DC3EC22E84B707200065
:1045F800A16526DA9385E524AA843EC448001C08F0
:1046080006DE3EC6EF1080670565613FAA85480053
:10461800EF20F07697650300938585A7176503005B
:1046280013050590EF40C331835584000356640099
:1046380017650300130585A0A18193F5F507EF40E1
:1046480023302945EF40C33383479400014781460F
:1046580093F7F707D917B337F000B307F0402305EE
:10466800F4005000A2852685EF10B00115C52A84F4
:10467800976503009385C5A1176503001305458A4F
:10468800EF40032CA285176503001305A59CEF4096
:10469800232B2945EF40C32EF2506254D254216196
:1046A8008280411122C426C22A84AE841765030081
:1046B80013050587976503009385059F06C6EF4098
:1046C800232813050002EF40A32B2945EF40432B75
:1046D80022852244B240A6859244410119B7397116
:1046E80022DC4AD82E844ED681453289AA89614671
:1046F800280006DE26DA52D456D2EFD05FE0EF006B
:10470800D003A547A304F1009307C0123EC62304B3
:10471800A100EF30210D930720033375F50297654B
:1047280003009385A5998144976A0300938ACAA1D7
:10473800154A2AC8175503001305857EEF40432004
:1047480083270900835584008306840003C7070074
:1047580083C7170003566400A181A2075D8F93F5F4
:10476800F507176503001305259BEF40631D2945D1
:10477800EF400321832709005685A69783C50700C4
:104788008504EF40E31BE39744FF032709008347B1
:10479800170003470700A207D98F2390F1828347A8
:1047A8009400294793F7F7076385E700FD57230A25
:1047B800F100831764006359F000FD57230AF100E4
:1047C8009307400602C83EC62800EF009007A2855E
:1047D8004E85013DF2506254D2544259B259225A80
:1047E800925A216182800111976503009385458E55
:1047F800175503001305C57232C606CEEF404314A1
:1048080013050002EF40C3172945EF4063170565FC
:10481800493B324618428347170083460700A207E0
:10482800DD8E6307D50003470700D98F2390F182F7
:10483800F240056182802390B182828039711C0820
:1048480022DC3EC22E84B7072000A16526DA3EC4CA
:10485800AA841C0893854520480006DE3EC6EF1052
:10486800E041B717004083A5470C4800B18193C5C4
:1048780015008589EF20704F976503009385458F54
:10488800175503001305C569EF40830B8355840052
:1048980003566400175503001305457AA18193F563
:1048A800F507EF40E3092945EF40830D834794005E
:1048B8000147814693F7F707D917B337F000B307D5
:1048C800F0402305F4005000A2852685EF10605BB8
:1048D80015C52A84976503009385858917550300B4
:1048E80013050564EF40C305A2851755030013059A
:1048F8006576EF40E3042945EF408308F25062549F
:10490800D25421618280411122C426C22A84AE84F5
:10491800175503001305C5609765030093858586C1
:1049280006C6EF40E30113050002EF406305294581
:10493800EF40030522852244B240A68592444101F6
:10494800F5BDB717004083A7470C7D8D13351500BB
:104958008280411126C2AE848D4522C406C62A84AF
:10496800EFE09F8FB717004099C803A5C70C418D8A
:1049780023A6A70CB240224492444101828003A599
:10498800870C418D23A4A70CF5B701119765030087
:1049980093854581175503001305855832C606CE01
:1049A800EF30137A13050002EF30937D2945EF307D
:1049B800337D3246B717004083A7470C1842B183AE
:1049C8008345070093C71700858B6386F500F2407F
:1049D80005650561BDBFF24005618280797122D409
:1049E80026D22E844AD081453289AA84614628007D
:1049F80006D6EFD0DFB09123A547A304F1009307B3
:104A0800C0123EC62304A100EF20D15D9307200306
:104A18003375F502975503009385C5772AC817554E
:104A280003001305E54FEF30B37183558400830607
:104A3800840003566400A18193F5F5071755030018
:104A48001305857AEF30D36F2945EF3073738327C9
:104A58000900056583C50700ED3D83479400294794
:104A680093F7F7076385E700FD57230AF1008317DB
:104A780064006359F000FD57230AF10093074006CC
:104A880002C83EC628003D23A2852685453BB25074
:104A98002254925402594561828041118D4522C4A5
:104AA80006C62A84EFE04FFBB717004003A5870C22
:104AB800B240218D224423A4A70C41018280011118
:104AC8003546975503009385253B17650300130565
:104AD800E5B506CE97C0FF1FE780201D01E91755F1
:104AE80003001305A572EF30F37901A0EF50D2341B
:104AF8002AC6EF00717FEF00B15EEF704045F240CB
:104B080032450561828041111305800406C697B0BD
:104B1800FF1FE7804059371700408327870A8D45D4
:104B28001305002093E707202324F70AEFE06FE836
:104B3800EFE09F8D176503001305C564EF3093748C
:104B480017650300130585AEEF30D373EFE0DFE39D
:104B5800EFE03FFCAD37EFF0EFF697C0FF1FE780BF
:104B6800208901458280B7F7070003C70701A547D9
:104B7800AE866316F7009397450191C301A0AA85F5
:104B88000146254517C3FF1F6700E3924111B2860E
:104B98002E86AA852D4506C697C0FF1FE780A091DF
:104BA800B2400145410182809307000463E6C702D1
:104BB8001D71A2CC2A84080886CE32C6EF30F34C89
:104BC800B2461008A285294597C0FF1FE780A08E2E
:104BD800F6406644256182803955828001479756A0
:104BE80003009386267F3388E5008347080005077E
:104BF80009059183B69783C70700230FF5FE8347FE
:104C08000800BD8BB69783C70700A30FF5FE93175F
:104C18000701C183E3E9C7FC82804111975503006E
:104C28009385456A175503001305852F06C6EF308F
:104C3800335113050002EF30B354B2402945410106
:104C48006F3013544111975503009385A565175587
:104C580003001305E52C06C6EF30934E130500023A
:104C6800EF301352B240294541016F307351411161
:104C7800975503009385C561175503001305452A09
:104C880006C6EF30F34B13050002EF30734FB24006
:104C9800294541016F30D34E411197550300938543
:104CA800655E175503001305A52706C6EF3053495F
:104CB80013050002EF30D34CB240294541016F3053
:104CC800334C4111975503009385055B1755030035
:104CD8001305052506C6EF30B34613050002EF306D
:104CE800334AB240294541016F3093495C4941112B
:104CF80022C406C62A8491C7DC4381C72E850C4886
:104D080082971C4CC84BEF20417E1C4CB240224479
:104D180023AA0700410182804111328506C622C4B8
:104D280026C22E844AC0EF20B00EAA8497550300ED
:104D380093854558175503001305851EEF305340DA
:104D4800030784000356640083554400A68617555C
:104D580003001305656BEF30B33E2945EF3053422E
:104D6800170400201304C4B917090020130949BF08
:104D780083470400639B970081452285853F8345CF
:104D8800C40103C5A189EF30C11013040402E31163
:104D980024FFB240224492440249410182801D719D
:104DA8009707002083C787B7CEC686CEA2CCA6CAEF
:104DB800CAC8D2C4ED8F97090020938969B4D9EF86
:104DC8009707002083C787B7ED8FD9EB9707002097
:104DD80083C7C7B8ED8F0145B5CB89479394570072
:104DE8001C103EC4B70720003EC617EAFF1F130A6F
:104DF8006A8D1C103EC88327CA0002CA02CC02CEA4
:104E080083D7070033849900184C231BF100FD77E2
:104E1800231CF1005C4B2E89B1E79755030093855D
:104E2800654D175503001305A50FEF30733117555E
:104E380003001305E554EF30B3302945EF30533400
:104E4800B387990003C5C7013345A900F6406644F6
:104E5800D6444649B649264A256182808147BDBF66
:104E68008547ADBF83471400A555B9CFFD17035635
:104E780007014C47A300F4008347C4002800230F10
:104E8800F100EF20A06C5285228797760300938665
:104E9800A68530004C08EF00D07E2A8A55D1975558
:104EA8000300938525451755030013056507EF3063
:104EB8003329D285175503001305454DEF30532884
:104EC8002945EF30F32BD55522850D3595BF9C4DDF
:104ED800DC4B81CBD04183C5C50103C5A1896F20B7
:104EE800915082801C4EDC4BA1CBB9C5411126C222
:104EF800175503001305C502AE8497550300938523
:104F0800A53E06C622C43284EF309323A6851755E2
:104F180003001305654DEF30B3222945EF305326C2
:104F28008345C4012244B240924403C5A1891306B3
:104F3800400641016F20314B82809387918903C5D8
:104F48000700130715002380E7008280011122CC97
:104F5800170400201304C49A26CA044C06CE4AC873
:104F6800DC484EC699CF045CDC4895CB244CDC4821
:104F78008DCB0145F2406244D2444249B2490561B1
:104F880082800149AA891609EF20415BC8C8330508
:104F980024011C4D23993701DC4BE9FFD9BF054992
:104FA800D5B70949C5B710458345C50103C5A189CA
:104FB8006F207143411126C2AA84414506C622C406
:104FC800713705E9975503009385C53317550300D5
:104FD800130505F5EF30D31617550300130585F8AB
:104FE800EF3013162244B2409244294541016F30F4
:104FF80033196146A6852A84EF303309084CB70572
:10500800D4009385851A3105EF005047084C83C5B5
:1050180004003105EF206055084C93050010310558
:10502800EF20E055044C0565EFF0BF91B104AA8567
:105038002685EF20805322852244B24092444101C4
:105048009DB7411126C2AA84414506C622C4FD3D2A
:1050580005E9975503009385252C1755030013057B
:1050680025ECEF30F30D175503001305A5EFEF30CE
:10507800330D2244B2409244294541016F30531008
:105088006146A6852A84EF305300084CB705D40042
:105098009385851A3105EF00703E084C83C50400DE
:1050A8003105EF20804C084C930510123105EF2094
:1050B800004D044C0565EFF0CFCEB104AA852685D6
:1050C800EF20E04B22852244B24092444101E1BDE9
:1050D800411126C2AA84414506C622C4853D05E978
:1050E800975503009385C52417550300130545E319
:1050F800EF301305175503001305C5E6EF305304C9
:105108002244B2409244294541016F3073076146F9
:10511800A6852A84EF306377084CB705D4009385B9
:10512800851A3105EF009035084C83C50400310518
:10513800EF20A043084C930520123105EF202044AE
:10514800044C0565EFF04F9CB104AA852685EF2035
:10515800004322852244B24092444101A9B5B707D1
:10516800B1809387871A170700202323F780B7A7F2
:105178000017938787AA17F7FF1F232DF77EB79786
:10518800EB3D15719387570317F7FF1F2326F77E0B
:1051980088109307002586CF17F7FF1F2320F77E77
:1051A800A2CDEF00F13FB7A7A880938707A01146CB
:1051B8004C0028103EC2EFF07FA29755030093855C
:1051C80065180818EF30D30C1946975503009385D6
:1051D800A51E13051103EFF07FA0975503009385D3
:1051E80065161305D103EF30B30A414697550300FE
:1051F8009385E51C1305E103EFF05F9E130660033A
:105208002C108810EF00914085476308F50A9755E0
:1052180003009385250C17550300130565D0EF305F
:1052280023721755030013052512EF3063712945C2
:10523800EF300375EF20015B9357850003C7918911
:10524800AA97BA9713570501BA976181AA97A38CB1
:10525800F18897F7FF1F9387676517F7FF1F232DBF
:10526800F76A854717F7FF1F230AF76A97F7FF1FA3
:105278009387876517F7FF1F2320F76C894717F770
:10528800FF1F230DF76A97F7FF1F9387A76517F787
:10529800FF1F2323F76C17050000130585B09147FE
:1052A80017F7FF1F230CF76AEF20717BFE406E444F
:1052B800238DA18801452D6182802A848C102800C5
:1052C800EF00F13A63018502975503009385850045
:1052D800175503001305C5C4EF308366175503003F
:1052E8001305050899B741462C0017F5FF1F13054C
:1052F8002567EF3083593DBF2A86B305B04017555F
:1053080003001305E51B6F30A36383D7418A6390BD
:10531800A7022393B18A2394C18A2395D18A2E8622
:10532800175503001305C517BE856F306361175500
:105338000300130565186F30E374797106D619C533
:1053480089476308F50CB25045618280280097C0F0
:10535800FF1FE780008A8345810017550300130566
:105368002523EF30E35D8347810005476383E70426
:105378008DCF09476387E706EFE0BFC017550300E5
:105388001305C521EF30037083D50182175503003B
:1053980013058522EF30C35A83D5E18117550300E1
:1053A8001305C522EF30C35979BF0565EFF0EFEE5D
:1053B800E1B70565EFF0EFD861D1416783D7018286
:1053C800130767D79305F0286367F7009387972833
:1053D80093950701C18105652390B182EFF0AFC5B0
:1053E80061BF0565EFF0EFD541D983D5E18193071A
:1053F800904963FCB700938525F4C205C181056512
:10540800239FB180EFF08F9985BF9565938505CA75
:10541800FDB7280097B0FF1FE780A07DEFE0FFBE33
:10542800175503001305851BEF30C36529BF0357C4
:105438004500011106CE83D7418A631FF702C16771
:10544800F917894503C5C18223A2F18A23A4018AD9
:10545800EF203124914503C5C182EF209123854770
:105468001306F100854513055030A307F100EFA09E
:10547800920CF24005618280175503001305C5039D
:10548800EF304360FDB77D15954763E6A7141757BE
:105498000300130767FF0A053A951C41011122CC46
:1054A80006CEBA972E8482872C0013054030EFA0D1
:1054B800C2742C000545EF60B17D17550300130534
:1054C800A501EF30235CE5A003C725009947631CBD
:1054D800F7002E85A93F834564001755030013057F
:1054E800A500EF30E345175503001305A501D1BF0B
:1054F80003C7250095476312F702C16703D7418A9E
:10550800F91703D5A500630FF700EFA0F23417557C
:10551800030013052500EF30E35617550300130564
:10552800E50145B72392A18A83D7E50009661306EA
:1055380006902393F18A83D7050103C5C18223947A
:10554800F18A83D72501A1452395F18AEF20A16926
:105558000566130606C8914503C5C182EF20A168F8
:105568000356E4008355A400175503001305C5FB33
:10557800EF30033D5DB7175503001305E5FC91B700
:1055880083C5250091476397F50017550300130558
:1055980025FD05BF99476390F5022285493D83455E
:1055A800640017550300130525F4EF306339F24002
:1055B8006244056182809547639AF5008347140029
:1055C800E9F717550300130565FBE5BD17550300FB
:1055D800130545FBD9BF82801D711705000013050F
:1055E800651E86CEA2CCA6CAEF2071479384C182DD
:1055F800994705442380A4002310F1027000930703
:105608004006854513055030231CF102230681000E
:10561800EFA0627217D6FF1F1306060FF145130598
:105628007030EFA04271138601839D4513056030E9
:10563800EFA062701010894513051031EFA0A26F1A
:105648003018894513052031EFA0E26E9305000557
:105658000D45EF40B14E930500051145EF40114E41
:105668003018914513057040230081002302810002
:105678002306810002DC23000102EF9042240A86FF
:10568800854513050040EF9082235000854513059A
:105698001040EF90C2221010854513052040EF906E
:1056A80002227000854513055040EF9042217D5538
:1056B800EF7091167D55EF9011687D55EFD09FF1F1
:1056C80017D6FF1F1306C602D5450145EF707103B3
:1056D800554681450810EFC09FE2894755468145E8
:1056E8002818230081022300F100EFC05FE18D47F5
:1056F8004D4681456800230CF102EFC05FE09147F9
:105708002306F10093878186984383C747001010CA
:10571800D54501453AC22304F100EFD05FF10A866E
:1057280085450545EFD0BFF03018D5450945EFD080
:105738001FF07000CD450D45EFD07FEF5000954527
:105748001145EFD0DFEEC1671387418AF9171CC3F3
:105758002322070013858182EFD09FEC1385C1892E
:10576800EF70726403C504008545EF20A127F64059
:105778006644D64425618280011122CC2E862A8473
:105788002315B10001478146ED4503D5418A06CE70
:10579800EF7051400356A100A2852AC697B0FF1F9B
:1057A800E78020452C0003D5418AEFD07FF009C55A
:1057B800ED452800EF70D155F240624405618280C2
:1057C80079719397050122D406D6C1872E8463DFA9
:1057D800070003C5C182EF10715D19C1EF10F150C8
:1057E8002165218DB25022544561828093F71500BE
:1057F80085C317D6FF1F1306E6EE97F5FF1F93859F
:10580800E51803C5C182EFA0621F13451400D9BF74
:1058180093F725009DC713060064894503C5C18217
:10582800EF20613C4D4681456800EFC05FCD93078E
:1058380080F86800CD452306F1003D3F134524005C
:1058480055B793F7850085C383C7C1821307400600
:10585800814613064006994503D5418AEFA0621593
:105868001345840041B793F745000145A5DF03D5EB
:10587800418AEFA0227E0566130606C8914503C536
:10588800C182EF20413613454400A9BFEFC29FC231
:105898002A8408452E89B28909C900C197050000E4
:1058A8009385A5746105EFF0107581447D5AEF105A
:1058B800A00563C3A4048144EF10000663C6A404D2
:1058C80097F7FF1F9387470D9C43DC47B307F940C1
:1058D80091872302F400638109048327C900B30771
:1058E800F4409587A302F4001C4C89C79C4799C3D0
:1058F800228582976FC05FBF5C44139714008504AC
:10590800BA972390470165B71C481397140085047C
:10591800BA97239007004DB7832789000547B30737
:10592800F4409587A302F40083570400638EE702CE
:105938008DC309476384E7040D47E397E7FA975750
:1059480003009387671D1CCC975703009387C71DD7
:1059580011A8975703009387A7E31CCC9757030018
:10596800938707E45CC849B797570300938747CFE5
:105978001CCC975703009387A7CFEDB79757030021
:105988009387471E1CCC975703009387A71ED9BF40
:1059980085E1EFC2DFB3004618448347940075835E
:1059A8009D8B6315F700EF00F01A48C46FC07FB4F1
:1059B8008280EFC23FB013893500C16442094111AA
:1059C800AA890144F11413590901054A2EC6EF00AA
:1059D800B073B2456346A400014541016FC0DFB012
:1059E80083A7090013171400BA9783D707006388A1
:1059F800B7006394970063742A010504C1BF054585
:105A0800E9BFEFC25FAAAA892E89328BB6843A8A87
:105A1800BE8AEF80E03C55C12685EF10102F8D47D8
:105A280063E5A7007D556FC09FAB83DB4400EF00A3
:105A3800B0732A84EF0090749307740031443305DF
:105A4800850263C5A702EF003072EF00F0712A8467
:105A5800EF00D0729307740031443305850263CD9B
:105A6800A702EF0070709307450019A8EF001071A6
:105A7800330585021307F0179307C017E357A7FCF0
:105A88002D55E3C277FB63000B02D6865286A685A6
:105A98004A85EFE0F05741BFEF00506E33058502AD
:105AA8009307C5FFF1BF832749001385C90083D534
:105AB8002700EFF01FF071F9B5B76955ADB797F743
:105AC800FF1F239DA7EC97F7FF1F9387E7EC9043F1
:105AD80081470C463307F500420741836393B700BB
:105AE80082805446139847008507C2962390E600A3
:105AF800D5B797F7FF1F938727EA9C4303C587000D
:105B0800828017F5FF1F035565E98280EFC23F9C2D
:105B1800C1671387D7FF6307E5026368A700F1171A
:105B2800630EF50001456FC0DF9C1387E7FF630E26
:105B3800E500FD171D8D13351500F5B7EF40E0356D
:105B48007D15D5BFEF406013E5BFEF40C011CDBF55
:105B5800EFC2FF974111AA8401442EC6EF00D05B23
:105B6800B2456346A400014541016FC09F989C4817
:105B7800131514003E9583570500E387B7FE050407
:105B8800E9BF03485500814693F7F60F63E507011F
:105B980081473E858280584593975600BA9703D728
:105BA80027006316B70003D70700E304C7FE85067E
:105BB800E1BF8346450001479377F70F63E4D700B9
:105BC800814711A81C45131657000507B29703D63D
:105BD8000700E313B6FE3E858280EFC2BF8D9317A0
:105BE8000501C18797FAFF1F938A0ADB6355F008FE
:105BF80083A70A00C0479C4703570400198D420534
:105C080041816366F500014422856FC0FF8D12054E
:105C18002A94DDBFDC4713944900014A3E94834728
:105C280044006341FA02014A834754006347FA0279
:105C38008509C20993D9090183A70A009847E3EBAC
:105C4800E9FCD1B71C4413195A00A6853E994A8528
:105C5800EFF01FF011ED050AD9B75C4413195A008B
:105C6800A6853E994A85EFF0BFEE19E1050A6DBF9A
:105C7800E30009FC51BFAA8481497DBFEFC23F857B
:105C88001C452A8481E79307C5001CC51C442312C0
:105C980004001CC09307F00F63E9B70093F5F50FF4
:105CA8002285EF10900C6FC0DF8493940501C167C3
:105CB800C18063F7F500A6852285EF10B00EE5B721
:105CC800C18193F5F50F2285EF10300AA68522854C
:105CD800EF10F00AC9BF97F7FF1F9387E7CB8843F8
:105CE80082801C4599C797F7FF1F23A7A7CA0145BC
:105CF80082807D55828097F7FF1F9387E7C9984375
:105D080083474500484792073E958280EFC22FFCA3
:105D1800617100451C183EC6B70780013EC81C18B3
:105D28003ECA8357440002CE02D002CC231EF100A3
:105D3800834784002A8902D22301F1023C083ED419
:105D480002D6553F835705002316F102EF307064E1
:105D58002307A1025C4003556400F18313F7170081
:105D68008347F10252055181F99BD98FA307F102AC
:105D7800EFE0701B39C5AA8403550500EF802007A2
:105D880083D704002AD26800231CF10083D724009B
:105D9800231DF1001C4803D647008C43EF10007BFD
:105DA8008347B400CA86175603001306E684811792
:105DB800A305F4006C004810EFE090255D616FC00A
:105DC8004FF32155E5BF1C45B1CF03C5A700894650
:105DD80013576500630BD7028D46630ED7028546BD
:105DE8006300D702130740063305E50203C7B7006F
:105DF800418B15CB83C7B700BD8B3355F5408280E7
:105E08001375F5031307803EC5B709671375F503C6
:105E180013070771D1BF372709001375F503130757
:105E2800077CD9B701458280EFC26FEA03A98500D4
:105E3800630509048347B900AE8493F7070E91CF31
:105E480003459900930520030D810505B305B502A7
:105E580088446105EFF010260DA02E85EFF0BFF6FF
:105E68002A8401CDC5298325C900B307B54063F845
:105E780087002E94B305A440E1FD6FC08FE78545E8
:105E8800C1BFEFC2CFE42A8403D50500011132C691
:105E980036C43AC22EC002CA02CC02CEEF703075A8
:105EA80082452ACA22852ECCEFF0FFE4035705006D
:105EB800231EE100EF30F04DA24632469247230FF1
:105EC800A10036874C08B28622850146EFF07FB3E1
:105ED80005616FC00FE2EFC28FDF61711C183EC60B
:105EE800B70780013EC81C183ECA3C0800453ED48E
:105EF800AA8402CC02CE02D002D202D6EFF0BFDFD3
:105F08008357050035592316F102EF3090482307CF
:105F1800A10209C48357440091E721594A855D616C
:105F28006FC02FDD0355640052055181EFE0A07F5B
:105F38002A8965D58347B40093F7070E89C71305E7
:105F48008401EFF0B01883574400231EF100834703
:105F580084002301F1025C4003550900D98313F73B
:105F6800070883471102231CA10093F7F707D98F6D
:105F7800A300F10283572900231DF1005C40F1833F
:105F880013F717008347F102F99BD98FA307F10292
:105F9800EF70F0652AD251D18347940068001397B7
:105FA80057008347B400FD8BD98FA305F4001C4824
:105FB80003D647008C43EF106059A68717470300A4
:105FC80013078763740005464C102685EFF07FA3FE
:105FD8002A8929D58347B400A685FD8BA305F4003B
:105FE800EFF09FE425BFEFC28FCE832485FE2A847D
:105FF80041112685EFF03FDD834734FF93F7070E05
:106008009DC32AC62685EFF07FD019C9834734FF80
:10601800B245FD8BA309F4FE81C52285EFF09009F6
:1060280041016FC00FCD6DDD8327C4FF26858297A0
:1060380065F9834734FF93F7070E81C72285EFF090
:10604800F008032584FEEFF01FE9D9BFEFC22FC582
:106058009C4141112A8903C7070089472E8493561A
:106068006700638CF6020D466382C6049307F00747
:106078006302F7022E85EF10A059AA848149C16BEB
:10608800130C490097F7FF1F938707919C43984784
:1060980063ECE90241016FC04FC403D7450085474F
:1060A800E3FAE7FE2E85EF10805AC1BF03D74500FB
:1060B800E3F2E7FE2E85EF10A055AA842285EF10A3
:1060C8008056C204C98C5DBFDC470355A900139AEA
:1060D80049003E9A93170501C187635DF000835715
:1060E8000A006395A70263E574038327CA00034D7A
:1060F8005A001DA0A1672167A98F1307F7EFE37462
:10610800F7FE63950900EFF07FA071FD85099DBF3B
:1061180083278A00034D4A00835DA900035769005D
:10612800216A138BC7003AC6814A33CA4D01631EE0
:106138005D0197F7FF1F9387A7869C43E1DBA28643
:106148006286814526858297D1B7A1679387F7EF45
:10615800930C4BFF63F04703B2455A85EFF07F85F8
:1061680019CD03278B00104719CA10436380C40256
:106178003107D5BFEE856685EFF09F9D71FD93864B
:106188001A0093FAF60F130B0B0255B78356440007
:106198005C43E3EDF6F622853AC6EF106036A16758
:1061A8009387D7042A8A035D4400324763E897003F
:1061B8008347D90093E707F8A306F9001C476685CB
:1061C8002286E2858297C1670844FD17337AFA0070
:1061D800529508C02312A40115BF97E7FF1F9387A4
:1061E800A77B9843814715C31447814763FFD500B0
:1061F800939745004C47BE9519C903C75500814779
:106208006375E600DC451606B2973E85828003C7B3
:1062180045008147E37BE6FE16069C45F5B7EFC2CD
:106228006FA9AA892E8A814497EAFF1F938ACA76A2
:1062380083A70A00984763E4E4006FC0EFAADC472D
:106248001394440001493E9413BB1400834744004F
:10625800634BF900014913BB140083475400634F93
:10626800F9008504F1B70844931759005287DA8674
:106278000146A2853E9582990509C9BF48449317EE
:1062880059005287DA860546A2853E958299050906
:10629800E9B7EFC2CFA3814517F5FFFF1305455FA7
:1062A80097E7FF1F239C076EEFF07FF76FC06FA47F
:1062B80097E7FF1F9387476E9C4381CFEFC22FA1BB
:1062C800814517F5FFFF1305A55CEFF05FF56FC07B
:1062D8004FA28280EFC20F9E41112315E1002E8943
:1062E800B284B6893A8681460147ED452A84EF7023
:1062F800610A2AC61DCD0356A100CE85EF20E358BA
:10630800CA852285EF70014F058915C1228501468E
:106318002C0023149100EF80A1352A8409C5ED458E
:106328002800EF70E11E228541016FC0EF9B4944B0
:10633800FDB76554CDBF5C41FD175CC18280EFC2DB
:106348000F99EF10016795473305F50281450D81D7
:106358006FC02F9AEFC2AF97EF10A165954733052D
:10636800F5020D816FC0EF98EFC26F9603550500D7
:10637800EF20B13A6FC0EF97EFC26F950355050054
:106388003287AE8617C6FF1F0356A63E97E5FF1F46
:1063980093854561EFF01FF46FC0AF95EFC22F935F
:1063A800EF90924B6FC0EF94EFC26F9297E5FF1F8B
:1063B8009385455FEF90411B01456FC08F93EFC2F6
:1063C8000F91814517C5FF1F0355A536EF70D10002
:1063D8006FC02F92EFC2AF8F97E5FF1F9385855D42
:1063E800EF90811801456FC0CF90EFC24F8E814565
:1063F80017C5FF1F0355E539EF70017E6FC06F8F1A
:10640800EFC2EF8C2E85EF60E04CEF6030026FC07A
:106418004F8EEFC2CF8BEF60100C6FC08F8D5C4931
:10642800E1175CC95CC583572501A1072319F5004D
:1064380083570501A1072318F5008280F14733052A
:10644800F50297E7FF1F9387E7589C433E958280A4
:106458008D476317F60603D74600854763F2E706BC
:10646800EFC2EF86368536842E89EF10601A39C15F
:106478008357440093140501C18063ED9702228578
:10648800EF100019FD14231294009307A002630E65
:10649800F5009307B0026301F50293079002631BAE
:1064A800F5002285EFC0707731A00146CA852285A4
:1064B800EF80A0036FC0EF832285EF005056DDBF49
:1064C800828097E6FF1F938626519C42014599CF0B
:1064D8009843D44217E6FF1F2320E6506396D7005F
:1064E80097E6FF1F23ACE64E1385C7FE8280EFB206
:1064F8001FFED9267144330585029145EF70005778
:1065080001E565556FB0FFFE97E7FF1F23A2A74C73
:106518006526330585029145EF7040557DD197E793
:10652800FF1F23A9A74A492E97E7FF1F239CA748C7
:10653800612697E7FF1F2398A7489747030093878B
:10654800E71017E7FF1F2323F748970700009387F3
:1065580047ED17E7FF1F2329F746014565B7EFB257
:106568001FF7AA8517E5FF1F1305C545EF10201E65
:106578006FB03FF8EFB2BFF5EFF07FFEEF10A01E4F
:1065880097E7FF1F938747459C4381CF1387C7FE33
:1065980009CB83D5C7FF17E5FF1F13056544EFF047
:1065A80060316FB01FF5EFB29FF2EFF09FF119C99C
:1065B800834785002A8493F7070499E70355E50084
:1065C800EFF05FFB6FB0FFF28347C500930445010E
:1065D80017E9FF1F1309494085E3832709005CC9B0
:1065E80097E7FF1F23AA973E83274900E1FF97E714
:1065F800FF1F23A5973EF9B7FD172306F500610590
:10660800EF60E0728307840063C90704834784004E
:1066180093E707F82304F400EF10C11C4205A947CB
:1066280041813375F5028347840093F707FCC98FCE
:106638002304F4008347D4003E951C402318A4008B
:1066480089CF984319CB8347C400504081458507BB
:106658003305F502420541810297832709005CC88A
:1066680097E7FF1F23AA97368327490089E797E70B
:10667800FF1F23A597368347C400A9D78355040174
:1066880017E5FF1F1305C535EFF0C02225BFEFB290
:106698001FE497E7FF1F9387E7599C4701448583C9
:1066A800858B81EFAE84B2853A86EF1020112A845B
:1066B80009C5EF102008829408CC22856FB07FE3CB
:1066C800EFB25FDF41112E8932C6AA89712C324799
:1066D80013060502CA8697050000938565D617E557
:1066E800FF1F1305252EEFF09FFA2A8429CD930466
:1066F800C5004D261946AA852685EF0030658545D3
:106708002685EF001062174503001305E5F14E9545
:10671800834505002685EF0050655C483146814574
:10672800A1075CC85CC483572401E1172319F4004E
:1067380083570401E1172318F4001C4C3E85EFB081
:106748001FDCA3042501228541016FB0FFD9EFB2F8
:106758001FD84111AA842EC632C4EF100000004D84
:10676800B2452246834784000CC050C093F7F70314
:1067780093E707042304F400231804002685EF0098
:10678800707B83479400A9462317A40013D73700CA
:1067980005073307D7029D8B85072306F400A30658
:1067A800E40083C70401D8488507230FF7FE17E7DD
:1067B800FF1F130767225843232A04009307440145
:1067C8001DEB17E7FF1F232BF72017E7FF1F2325D4
:1067D800F72017E4FF1F1304A4202285EFF04003DD
:1067E8001C44858B5D8D09E581452285EFF0800C81
:1067F80041016FB01FD01CC317E7FF1F2320F71EEE
:10680800C9BFEFB2DFCC970500009385A5C4014549
:10681800EFF01FBF01456FB0DFCDEFB25FCBEFF0F8
:106828005FBF6FB01FCD8347C500A1E7EFB23FCA76
:106838002A840355E500EFF09FD215C983478400E9
:1068480093F7F7FB2304F4001C4091C7DC4381C78E
:106858004C4001458297EFF0DFC617E5FF1F13058F
:106868002518EFF0A0060355E400EFF0BFD06FB095
:106878005FC88280EFB2BFC597E7FF1F9387C71530
:1068880097050000938565D217E5FF1F1305451589
:1068980023A0070023A20700EFE0F0756FB07FC5C3
:1068A8001C4D91CBDC4381CBEFB27FC283450700FF
:1068B80082976FB01FC4828097E7FF1F9387871462
:1068C8009C4303C50700828097E7FF1F93878713C0
:1068D8009C4303C51700828097E7FF1F93878712A1
:1068E8009C4303C52700828097E7FF1F9387871182
:1068F8009C4303C54700828097E7FF1F9387871053
:106908009C4303C53700828097E7FF1F9387870F53
:106918009C4303C55700828097E7FF1F9387870E24
:106928009C4303C56700828097E7FF1F9387870D05
:106938009C4303C57700828097E7FF1F9387870CE6
:106948009C4303C58700828097E7FF1F9387870BC7
:106958009C4303C59700828097E7FF1F9387870AA8
:106968009C4303C5A700828097E7FF1F9387870989
:106978009C4303C5B70011E11D45828097E7FF1FBF
:10698800938747089C4303C5C700828097E7FF1F8A
:10699800938747079C4303C5D700828097E7FF1F6B
:1069A800938747069C4303C5E700828097E7FF1F4C
:1069B800938747059C4303D50701828097E7FF1F0C
:1069C800938747049C4303C52701828097E7FF1FED
:1069D800938747039C4303D54701828097E7FF1FAE
:1069E800938747029C4303D56701828097E7FF1F7F
:1069F800938747019C4303D58701828097E7FF1F50
:106A0800938747009C4303C5A701828097E7FF1F30
:106A1800938747FF9C4303C5B701828097E7FF1F11
:106A2800938747FE9C4303C5C701828097E7FF1FF2
:106A3800938747FD9C4303C5D701828097E7FF1FD3
:106A4800938747FC9C438857828097E7FF1F93876B
:106A580067FB9C4303D5C702828097E7FF1F938794
:106A680067FA9C4303D5E702828097E7FF1F938765
:106A780067F99C4303C50703828097E7FF1F938745
:106A880067F89C43C85B828097E7FF1F938707F7E7
:106A98008843828097E7FF1F938787F68843828021
:106AA80019E17D558280F5DE984265DFFDD917E74B
:106AB800FF1F130727181847AA877155058B6316F8
:106AC800072203C507001547E37DA7FC03C7370066
:106AD8001305F0057D171377F70FE364E5FC03C38F
:106AE8005700E30003FC83C86700E38C08FA03C778
:106AF8007700494579171377F70FE364E5FA03C779
:106B0800A70011481305F7FF1375F50FE36BA8F8F5
:106B180003CE97000D481305FEFF1375F50FE362CA
:106B2800A8F803C8B7006309080065181378F80FB8
:106B38001305600DE36705F703C5C70079487915A4
:106B48001375F50FE36FA8F403C8D7000D457D183A
:106B58001378F80FE36705F503D80701930E40177C
:106B68005118420813580801E3ED0EF303C8E70073
:106B78007D181378F80FE36605F303C827017D181D
:106B88001378F80FE36F05F103C88700C54E751831
:106B98001378F80FE3E70EF103D86701856E938E3B
:106BA800BEE06D18420813580801E3EC0EEF03D855
:106BB80047016D18420813580801E3E40EEF03D8A3
:106BC80087017918420813580801E36C05ED03C8DA
:106BD800A7017D181378F80FE36505ED03C5B70124
:106BE8001D487D151375F50FE36DA8EA03C5D70198
:106BF800714879151375F50FE365A8EA03D5E70120
:106C08001308E00F7D1542054181E36CA8E803C530
:106C18000702494879151375F50FE364A8E883AEB0
:106C2800470237C534001308F5BFE36CD8E703A85B
:106C38008702130555BF5918E36505E717E5FF1FD8
:106C48002320C5DC03C6050117E5FF1F232CF5DA51
:106C58000545E378C5E403D82501D0493376060312
:106C6800E31106E403C61501E30D06E217E6FF1F6C
:106C78002326B6D883C5270001466387A50003C627
:106C88001700F1453306B60283C707039305C00210
:106C980072971A071307C70516031A979608469797
:106CA800B387B70241553E97329742074183636ED7
:106CB800E802EFB2DF813685EF607065EFD0701BB8
:106CC8002A84EF8090122A94EFC0501F2A94EF6014
:106CD800F07C2A94EFF0BF812A94EF2010612A9467
:106CE800EF50606222956FB0DF808280EFB22FFE96
:106CF8004111A307A100EF8060139305F100170568
:106D08000000130525BAEFF08FD1014541016FB09E
:106D18004FFEEFB24FF917E4FF1F1304A4F1032845
:106D2800840079599368180097E4FF1F23A814F189
:106D380013781800631E0800BA84BE89368B328A1D
:106D48002E89AA8AEFE0FFDA7D15269509E53159E3
:106D58004A856FB0CFF8EFE0DFD97D152695A1679A
:106D6800E357F5FE97E7FF1F9387C72398433E8CA9
:106D7800814B11C70145EFC07038933B15004A8518
:106D8800DA865686D285EF70502C2A8911CD1C449C
:106D9800F99B17E7FF1F2323F7EA83270C00CDDBB6
:106DA800E3880BFA82976DB7268597E7FF1F23A51F
:106DB80007E8EFE0DFD04146CE8517E5FF1F130552
:106DC800E5F0EF10932CEFA090040325040BEFA03F
:106DD80090060545EFA0900C0545EFF03FF18DBFFB
:106DE80097E7FF1F938707E59C47858BD5C7EFB2C9
:106DF8000FEE17E5FF1F1305A5EB97E7FF1F23AB62
:106E080007E297E7FF1F23A907E297E7FF1F23A7DA
:106E180007E2EFE0B02BEF30D07FEFE05003EFE078
:106E2800D00797E7FF1F938767DF9C4381C7054516
:106E3800EF60502997E7FF1F938707C89C4389C7CE
:106E480041657D15EF50C067EFC03034EFA0007D7D
:106E580097E7FF1F938707F39C4313971701635422
:106E68000700EFC0603F97E7FF1F23A107E697E7FA
:106E7800FF1F23AF07E497E7FF1F23AD07E497E75A
:106E8800FF1F23AB07E4EFF05F999D23EFF06FC07E
:106E9800EFC040616FB0EFE58280EFB2AFE12A84C6
:106EA8009304140201112E85B289A685214636C69F
:106EB8003A89EF10331B1DE1B24638082686CE8585
:106EC80013059404EF40404121462C084A85EF10F1
:106ED80073191335150005616FB00FE10145E5BF62
:106EE800EFB2EFDE9305450617E5FF1F1305C5B1A1
:106EF800EFE0501C6FB0EFDFEFB26FDD41112EC62F
:106F0800EFF04FC5B24588C141016FB08FDEEFB2D7
:106F18006FDAAA842E84EF60B06FAA89854522852E
:106F2800A92583C7E4011389940899E31389040305
:106F3800CE8522851D2D21469305190222853925E6
:106F480097E7FF1F938707CF8C432285EF00606880
:106F58002146938584022285D52B6FB0EFD8EFB2F6
:106F68008FD43971EFC0604A9305400645EDEF6054
:106F78003067630E051097E7FF1F83C7A7AA13B7EB
:106F8800170097E6FF1F238FE6A8014489CFC16445
:106F980017E9FF1F130909CA9309400EFD14EFF002
:106FA800BF9A6348A408EFF0EFBA4169B72909000E
:106FB800096AFD7A2A8B81447D199389F97B130A22
:106FC8000A71938A8AC7EFF03F9863D5A404130423
:106FD800400EB387840217E7FF1F1307A7C50324D2
:106FE800070B3E948357C40163862709184033076B
:106FF800EB4063EAE900834744008507B38747030A
:10700800D6976369F706014681450945EFF04FEBCE
:10701800AA8B29E1EF2090598547631FF5048965FC
:107028009385057117E5FF1F1305059EEFE090088E
:10703800A1A8B30734030327090BBA9703D7C701DD
:107048006308970003C75700A38207002382E7005D
:107058000504B1B79305C5002285EFF05FEB5E85A7
:107068002286973503009385655DEFF04FEE5E85C8
:10707800EF00606F850481BF97E7FF1F938787BB89
:107088009C478D83858BC1FF21616FB04FC5014639
:107098008545094502D002D202D402D6EFF04FE26C
:1070A800AA847DD1EFC0A0351389C4002A84814504
:1070B8004A8565290C4041464A8549298329440067
:1070C800638809084E8502D802DA02DC02DEEF1076
:1070D800531D2ACE141005462C0808184ECCEF4034
:1070E80040171375F50F2DE58355840093E52500AA
:1070F8004A854D2911460C104A858929014697353C
:107108000300938525542685EFF06FE42685EF006C
:1071180080655C40B5DB014685450D45EFF04FDAEB
:10712800AA843DD148401389C400EF1093172AC69A
:107138004A85E12E3246636AC5004C404A853921AA
:10714800014681452685EFF08FE02685292D2DBF44
:107158008355840071BFEFB28FB797E7FF1F9387FE
:1071680067AD9C4719CD93E7870017E5FF1F130507
:10717800A58917E7FF1F2323F7ACEFE040726FB034
:107188004FB7DD9B17E7FF1F232AF7AAEF2010420E
:107198007DF517E5FF1F13052587EFE02073C5B7B9
:1071A800EFB26FB04169AA892E8AB28A368BBA8B40
:1071B800814417ECFF1F130CECA7930C400E7D19AC
:1071C800EFF08FF863C4A40001442DA03384940326
:1071D80083270C0B3E948357C401638027055A8785
:1071E800D6865286CE8513050403EFF01FCB11C552
:1071F80023800B0022856FB08FAE8347F40191CFB7
:107208005A87D6865286CE8513059408EFF0FFC8B4
:1072180009C585472380FB00F1BF850455B783570F
:107228004500638D0716EFB2EFA801112A84CD2619
:1072380019C58547630AF50405616FB0EFAAEFC069
:10724800C01C7DF9835744004947ED9BE396E7FE50
:10725800C1452285612CAA842285D52E0357440076
:1072680002CE91472A896317F700228519293C081D
:107278002ACC3ECEEFC0A0185C55DDDF74084A86E4
:10728800A685054582974DBF03574400D147E3F5CE
:10729800E7FA032A0400C169014997EAFF1F938AA4
:1072A8006A99130B400EFD19EFF00FEA6344A90C1D
:1072B8002285032A0400A92EA1452A8922853D2476
:1072C800AA8422857D2E14402A86AA8978082685D4
:1072D800CA85EFF0FFECAA8425D103C7F4018947DA
:1072E8006315F7008347C101A1DB5546D285138595
:1072F8006400EF1083590145EF60702F01C583D7F3
:10730800C401B1EB97E7FF1F9387C7929C4793553A
:107318001900858913D73700058B11CB8983858B95
:107328006397B70001452EC6EFF0FFE2B2454E85E0
:10733800EF60D0330346C1012A849375190026856E
:10734800EF70102831C92685EF60D02E268511C030
:107358000145EF603059EF2070258547E31EF5ECB5
:1073680083C754001307F00FE388E7EC8507A3826F
:10737800F400D9B5B304690383A70A0BBE9483D775
:10738800C401638937015546D28513856400EF101F
:10739800634D71D1050909BF5DDC5DBF8280EFB225
:1073A8006F91EF60F02311CDC164014417E9FF1F0D
:1073B800130949889309400EFD14EFF0EFD8634A8A
:1073C800A40017D5FF1F13052564EFE0404D6FB0EB
:1073D800AF91330534038327090B3E958357C501C5
:1073E8006386970023120500EF60D0240504F1B7E7
:1073F80097E7FF1F938707849C478D83858B99EBBD
:10740800EFB2EF8C17D5FF1F13050560EFE0004CB6
:107418006FB02F8E8280EFB28F8B97050000938517
:1074280045B417D5FF1F1305255EEFE0C03C6FB0CC
:107438004F8C83C7F5FF2E858507A38FF5FE8280C5
:1074480083C7F5FFFD1793F7F70FA38FF5FE89EBB9
:10745800EFB2EF871385F5FFEF0021096FB06F8951
:107468008280EFB2CF868841050542054181EF0051
:10747800E10C09C585472300F50005056FB06F8746
:107488001C41035745008D8FBA951CC12312B500C6
:107498003E85828093D78500A2051441DD8D8357F0
:1074A80045001387E6FF18C189072312F50013D694
:1074B80085004111238FB6FEA38FC6FE410182804D
:1074C80018419307F7FF1CC183574500850723120E
:1074D800F500A30FB7FE8280835745008D8F2312D6
:1074E800F5001C41BE950CC12E858280AA8703D762
:1074F800470008410D8FAA952392E7008CC382802C
:10750800184108453305A740828083574500035733
:1075180065001D8F1C4108453385A7403305A740EA
:107528008280EFA2DFFA41112EC62A84EFF0FFFD18
:10753800B2456373B50001A0835744000840BE9567
:107548002312B4003E9541016FA0BFFAEFA23FF8A5
:1075580041112E84B28532C6EFF0BFFC3246A285B7
:10756800EF10A33241016FA0DFF8EFA25FF62E847F
:107578008545EFF01FFB230085006FA09FF7EFA262
:107588001FF541112317B1008945EFF09FF9834793
:10759800E1002300F5008347F100A300F500410155
:1075A8006FA03FF5EFA2BFF293D78500A205411166
:1075B800DD8D2317B1008945EFF0BFF68347E10061
:1075C8002300F5008347F100A300F50041016FA0F7
:1075D8005FF2EFA2DFEF1397850193D78501C166AC
:1075E800938606F0D98F13D78500758FD98FA2059A
:1075F8003707FF00F98D4111DD8D2EC69145EFF05B
:107608005FF26C001146EF10432841016FA07FEE36
:10761800EFA2FFEB1C41854503C40700EFF0DFEB49
:1076280022856FA01FEDEFA29FEA1C4141118945F9
:1076380003C7070083C717002307E100A307F1006A
:10764800EFF09FE90355E10041016FA09FEAEFA227
:107658001FE81C414111894503C7070083C717006C
:107668002307E100A307F100EFF01FE78357E100CC
:10767800410113D58700A2075D8D420541816FA0A6
:107688005FE7EFA2DFE40C4141112A84114668004C
:10769800EF10A31F91452285EFF01FE4B247C166A2
:1076A800938606F01397870113D58701598D13D751
:1076B8008700758F598DA2073707FF00F98F5D8DF9
:1076C80041016FA01FE31C45BE950CC18280AE87A7
:1076D800944391E6584101EF0CC15CC1828003C715
:1076E800570013671700A382E700B687D5B70CC306
:1076F800EDB7AA87084119CD1841D44398C363133D
:10770800D500D8C32A87034657009376160081E62A
:10771800232007008280944381CA8C4203A8470033
:107728008CC363930601CCC3799A14C3A302C70020
:107738003687D1BF1C45DC471D8DB777DBB69387ED
:1077480077DB09853305F502420541818280F147DF
:10775800B385F50248452E95828083474500850705
:107768002302F5008280EFA29FD62A8419E06FA039
:107778005FD883474400E5DFFD1793F7F70F23022F
:10778800F400F5F71C4403D7270005072391E70009
:10779800DC4399C3228582974C4889CD834754009E
:1077A800898B99E71C4422859C479C439C47829778
:1077B800232A04000040232004004DBFEFA23FD13C
:1077C8008357250041112EC691E7014422854101C6
:1077D8006FA03FD2035705008147F146E307F7FE44
:1077E800B385D702404585072E948345440008C4D5
:1077F800F5F5B247AA8481E7232A040009A81C45A5
:107808006C0022859C439C43829748C85DDD854770
:107818002312F400B247232004002318040023197C
:10782800F4005C485CC483D72400FD172391F4005E
:1078380071BFEFA2DFC997D7FF1F9387E71E884361
:1078480023260500232405004105EFE020086FA04A
:107858005FCAEFA2DFC717D4FF1F1304E41C1C4044
:10786800411189CF9C472300B5002AC65CC1EFF0BF
:107878005FFC1C40DC4399C33245829741016FA0ED
:107888005FC7034745001DEB584DAA877D550DCBB3
:10789800EFA2FFC31CC3DC4797D6FF1F23A6E61839
:1078A800F156130507012390D7009705000093852B
:1078B8008501EFD0507401456FA0BFC37D5582800C
:1078C8008280EFA2DFC00111614681452800EFA048
:1078D8001FC397D7FF1F938727159C43280093053D
:1078E800F00FDC473EC6EFF0DFF605616FA07FC002
:1078F80097D7FF1F938747139C43D847A167938760
:10790800C7026312F70A397106DE22DC26DA800024
:107918004AD84ED652D456D23285B284EFF05FCFD1
:10792800AA892685EFF03FD02318A4FC2685EFF01E
:107938009FCF2319A4FC2685EFF0FFCE83D7440000
:107948000A8A231AA4FC858393F7F70F230EF4FC05
:107958008607BD0793F7073F3301F1408A8A01493B
:107968008347C4FD6365F902CE85130584FC232C87
:1079780054FDEFF01FEE5281130104FCF2506254E3
:10798800D2544259B259225A925A2161828026858C
:10799800EFF07FC993171900D69705092390A70020
:1079A8001379F90F75BF828097D7FF1F9387C70791
:1079B8009C43D847A1679387A7026310F70A3971D8
:1079C80006DE22DC26DA80004AD84ED652D456D2B9
:1079D8003285B284EFF0DFC3AA892685EFF0BFC4F1
:1079E800FD572318A4FC26852319F4FCEFF0BFC328
:1079F80083D744000A8A231AA4FC858393F7F70FD8
:107A0800230EF4FC8607BD0793F7073F3301F140C7
:107A18008A8A01498347C4FD6365F902CE85130547
:107A280084FC232C54FDEFF0DFE25281130104FCA7
:107A3800F2506254D2544259B259225A925A216190
:107A480082802685EFF03FBE93171900D697050967
:107A58002390A7001379F90F75BF828097D7FF1F6E
:107A6800938787FC9C43D847A16789076318F70861
:107A7800397106DE22DC26DA80004AD84ED652D486
:107A880056D232853289EFF0BFB8AA894A85EFF01D
:107A98009FB9835749000A8A2318A4FC858393F762
:107AA800F70F230CF4FC8607BD0793F7073F330154
:107AB800F1408A8A8144834784FD63E5F402CE85D8
:107AC800130584FC232A54FDEFF0BFD8528113011B
:107AD80004FCF2506254D2544259B259225A925A72
:107AE800216182804A85EFF01FB493971400D697DE
:107AF80085042390A70093F4F40F75BF828097D76D
:107B0800FF1F938767F29C43D847A1679387E704D1
:107B18006312F70A397106DE22DC26DA80004AD8B9
:107B28004ED652D456D23285B284EFF07FAEAA89AF
:107B38002685EFF05FAF2318A4FC2685EFF0BFAED3
:107B4800231AA4FC2685EFF01FAE83D744000A8AC7
:107B58002319A4FC858393F7F70F230EF4FC8607FB
:107B6800BD0793F7073F3301F1408A8A01498347EC
:107B7800C4FD6365F902CE85130584FC232C54FDEE
:107B8800EFF03FCD5281130104FCF2506254D254FD
:107B98004259B259225A925A216182802685EFF0C1
:107BA8009FA893171900D69705092390A700137962
:107BB800F90F75BF828097D7FF1F9387E7E69C432D
:107BC800D847A1679387C7046310F70A397106DE9F
:107BD80022DC26DA80004AD84ED652D456D23285D4
:107BE800B284EFF0FFA2AA892685EFF0DFA3FD5744
:107BF8002318A4FC2685231AF4FCEFF0DFA283D710
:107C080044000A8A2319A4FC858393F7F70F230EEF
:107C1800F4FC8607BD0793F7073F3301F1408A8AD2
:107C280001498347C4FD6365F902CE85130584FCC9
:107C3800232C54FDEFF0FFC15281130104FCF250D4
:107C48006254D2544259B259225A925A21618280BE
:107C58002685EFF05F9D93171900D69705092390A5
:107C6800A7001379F90F75BF828097D7FF1F9387F5
:107C7800A7DB9C43D847A167DD07631BF702EFA288
:107C88001F85797132853284EFF09F982AC6228544
:107C9800EFF07F992311A1022285EFF07F97B2457B
:107CA8002300A1022808EFF0DFBA45616FA07F84A6
:107CB800828097D7FF1F938727D79C43D847A16710
:107CC80093878704631BF702EFA27F80797132855F
:107CD8003284EFF0FF932AC62285EFF0DF94231158
:107CE800A1022285EFF0DF92B2452300A102280805
:107CF800EFF03FB645616FA0CFFF828097D7FF1F97
:107D0800938787D29C43D847A1679387A704631CAE
:107D1800F700EFA2CFFB011128008145EFF07FB3F8
:107D280005616FA00FFD828097D7FF1F9387C7CF8C
:107D38009C43D847A167938757026311F702EFA2C4
:107D48000FF901113285EFF0BF8C2308A10081459E
:107D58002800EFF01FB005616FA0AFF9828097D7B8
:107D6800FF1F938767CC9C43D847A1679387E70297
:107D7800631FF702EFA2AFF5011132853284EFF0ED
:107D88009F8AAA842285EFF01F8A854719E52285F4
:107D9800EFF01F884205B337A0002800814523185B
:107DA80091003ECAEFF0FFAA05616FA08FF48280B0
:107DB80097D7FF1F938747C79C43D8479947631FA7
:107DC800F704EFA2CFF0797132853284EFF05F8447
:107DD8002AC62285EFF03F852310A1022285EFF005
:107DE8003F832301A1022285EFF09F82A301A10214
:107DF8002285EFF0FF812302A1022285EFF05F8147
:107E08002313A1022285EFF0BF80B2452314A102FB
:107E18002808EFF01FA445616FA0AFED828097D7C7
:107E2800FF1F938767C09C43D847A1679387C70301
:107E3800631FF704EFA2AFE9797132853284EFF05E
:107E48002FFD2AC62285EFF00FFE2310A1022285FE
:107E5800EFF06FFD2311A1022285EFF06FFB2302E3
:107E6800A1022285EFF0CFFAA302A1022285EFF04A
:107E78002FFA2303A1022285EFF08FF9B245A3035D
:107E8800A1022808EFF0FF9C45616FA08FE6828071
:107E9800EFA2EFE301112A84EFF08FF7AA8422857D
:107EA800EFF06FF82285EFF00FF8035744008D4785
:107EB80063F5E7002285EFF00FF72285EFF0AFF6C4
:107EC8002800A685EFF0FF9805616FA08FE297D78D
:107ED800FF1F938767B59C43D847A167FD076319C0
:107EE800F700EFA2CFDE3285EFF09FFA6FA06FE0C8
:107EF800828097D7FF1F938727B39C43D847A167F2
:107F0800E5076311F706EFA28FDC797132853284B9
:107F1800EFF00FF02AC62285EFF0EFF02285EFF0A0
:107F28008FF02310A1022285EFF0EFEF5205518167
:107F38002311A102228523020102EFF06FEDA302B3
:107F4800A1022285EFF0CFEC2303A1022285EFF0F6
:107F58002FECB245A303A1022808EFF09F8F4561DB
:107F68006FA02FD9828097D7FF1F9387E7AB9C43D9
:107F7800D847A1679387E7036319F700EFA22FD5C6
:107F88003285EFF0FFF06FA0CFD6828097D7FF1F22
:107F9800938787A99C43D847A167938747046314AD
:107FA800F702EFA2CFD2797132853284EFF04FE633
:107FB8002AC62285EFF02FE7B2452808EFF07F891F
:107FC80045616FA00FD3828097D7FF1F9387C7A5FE
:107FD8009C43D847A167938787026316F702EFA2ED
:107FE8000FCF797132853284EFF08FE22AC622856D
:107FF800EFF00FE2B2452300A1022808EFF07F85D9
:1080080045616FA00FCF8280EFA26FCC0111EFF016
:108018002FE0AA852800EFF0DF8305616FA06FCD00
:1080280097D7FF1F938747A09C43D847A167D107DD
:108038006319F700EFA2AFC93285EFF0FFFC6FA01C
:108048004FCB828097D7FF1F9387079E9C43D847C3
:10805800A167C5076319F700EFA26FC73285EFF074
:10806800BFFA6FA00FC9828097D7FF1F9387C79B5E
:108078009C43D847A167B9076319F700EFA22FC53A
:108088003285EFF07FF86FA0CFC6828097D7FF1FA9
:10809800938787999C43D847A167AD076319F70071
:1080A800EFA2EFC23285EFF03FF66FA08FC4828057
:1080B80097D7FF1F938747979C43D84789476310F3
:1080C800F702EFA2CFC00111328532C8EFF04FD4CA
:1080D800AA852800EFF0EFF705616FA08FC18280B5
:1080E80097D7FF1F938747949C43D847A1678D076D
:1080F8006317F702EFA2AFBD011132853284EFF0AA
:108108002FD113066100AA844C002285EF20D00CE1
:108118002800A685EFF0EFF305616FA08FBD828080
:1081280097D7FF1F938787909C4381CBDC4391C7E8
:10813800EFA2EFB982976FA0CFBB8280EFA22FB9D1
:1081480079713C08AE843ED2A165B7070A002A843B
:108158003ED448103C08DD053ED636C432C63AC285
:10816800EFD0DFB112474810BA85EFF00FC03246A2
:108178004810B285EFF0AFC0A2464810B685EFF0C0
:10818800CFBE501001478146A6852285EFD07FCF0C
:1081980045616FA00FB6EFA28FB301117C000329D0
:1081A800C501AE843ECAA165B70707002A843ECC44
:1081B80048087C00C5053ECEEFD05FAC8345D900AA
:1081C8004808EFF08FBA500801478146A6852285F6
:1081D800EFD03FCB05616FA0CFB1EFA24FAF83C700
:1081E800950093F7F707A384F500EFF0DFFA6FA087
:1081F8004FB0EFA2CFAD79713C08AE843ED2A165F5
:10820800B70709002A843ED448103C0893854504E2
:108218003ED632C636C4EFD07FA6A2464810B685F1
:10822800EFF0AFB432464810B285EFF04FB55010BA
:1082380001478146A6852285EFD0BFC445616FA05E
:108248004FABEFA2CFA883C7950041112A8493F7BB
:10825800F707A384F50032852EC6EFF0CFBC8567FB
:108268002AC4637CF500EF5090382246B24509E9EC
:10827800114781462285EFF07FEC41016FA06FA77F
:1082880001478346F501FDB7EFA2CFA201113C00DB
:108298003ECAB7070A003ECC3C003ECE83C79500D5
:1082A800AA89328593F7F707A384F5002E84EFF0A7
:1082B8008FB785676371F504A165AA8493858504E2
:1082C8004808EFD0BF9B2685EF5070322A891DE5FC
:1082D80091454808EFF06FA9A6854808EFF02FAA46
:1082E800CA854808EFF06FA8014781465008A28563
:1082F8004E85EFD01FB905616FA00F9F81454808D3
:10830800EFF0AFA603490902C1BFEFA2AF9A797196
:108318001C103ECAB7070F003ECC404D1C10AA8463
:10832800AE894808994532C636893ECEEFD01F95AA
:1083380032464808B285EFF04FA363040902A54509
:108348004808EFF00F9E2546CA85EF0003545008F1
:1083580001478146CE852685EFD0BFB245616FA023
:10836800AF988355C4024808EFF06FA10355E402A3
:10837800814515C185478545630FF500C167FD1720
:108388009305F00F6309F5007D15EF50006C930518
:10839800150093F5F50F4808EFF02F9D834504036A
:1083A8004808EFF08F9C834514034808EFF0EF9BD3
:1083B800835524034808EFF08F9C835544034808ED
:1083C800EFF0EF9B69B7EFA28F9083C795008146C6
:1083D800014693F7F707A384F500EFF01FF36FA0AA
:1083E8004F91EFA2CF8E79713E841C103ECA2E8920
:1083F800B7070F00A1653ECCFD051C10AA844808EC
:1084080042C03AC23ECE36C432C6EFD03F8732466B
:108418004808B285EFF06F95A2464808B685EFF098
:108428000F9612474808BA85EFF06F950248630423
:10843800080291454808EFF0CF8E1146A285EF005B
:10844800C344500801478146CA852685EFD07FA3DB
:1084580045616FA00F8A89454808EFF08F8C8347E4
:1084680004002300F50083471400A300F500D1BFE2
:10847800EFA24F8483C7950001112A8A93F7F70763
:10848800A384F5003285AE8432C6EFF0CF99324628
:108498002A893285EFF0CF978567637FF900AA892B
:1084A8004A85EF50D0142A8419E9114781464A8633
:1084B800A6855285EFF09FC805616FA0EF8293876C
:1084C800E9FF93F7F70F0547E368F7FE8347F501E0
:1084D80095E78947E382F9FE8346F401528501470F
:1084E8004A86A685EFF09FC5A167D90748083ECC04
:1084F800230A010002CEEFF0BFC27DBF639CE700F4
:108508008947639CF90093071020231FF500EF505B
:108518007012D9B70947E391E7FC8D47E39EF9FA52
:108528002285EF50B03397C7FF1F9387276F9C436F
:1085380099E797C7FF1F938727589C4389C703D597
:108548000400EF605003231F04002285C9B7EF928F
:108558001FF801113C003ECAB7070B003ECC3C0097
:108568003ECE83C795002A89328593F7F707A384FF
:10857800F500AE84EFF02F8B93170501C187635E7A
:10858800F004A1652A849385E5024808EFD00FEF2F
:10859800A2854808EFE0BFFE97C7FF1F9387C75122
:1085A8009C439DEF01449375F40F4808EFE0FFFBEF
:1085B8009355844093F5F50F4808EFE01FFB93555A
:1085C800044193F5F50F4808EFE03FFA014781466B
:1085D8005008A6854A85EFD0DF8A05616F907FF144
:1085E800416585460546A2857D15EF30D0655DD984
:1085F8005105EFD0E021130440063344850265B7E6
:10860800EF92FFEC0111B70706003EC683C795003D
:1086180021642A8993F7F707A384F500AE8428001C
:108628009305A4040AC40AC8EFD04FE530000147F7
:108638008146A6854A85EFD0DF84EFE06FFA130400
:108648009404480822CC230A010002CEEFF05FAD63
:1086580005616F901FEAEF92FFE5C1642A89014422
:1086680097C9FF1F9389095D130A8002FD14EFE083
:10867800AFAE6345A40001456F901FE7B3074403FD
:1086880003A7C90ABA9703D707006306970083D7D9
:108698002700638427010504D9BF0545F1BFEF9280
:1086A8007FE12A8A2E8999C123A005008149814446
:1086B80097CAFF1F938ACA37614BEFE02FB063C593
:1086C800A4004E856F905FE23384640383A70A0099
:1086D8003E948357040099E7630409002320890026
:1086E8008504E1BF4146D28513054400EF00831796
:1086F80065F9A289F5B7EF92FFDB39717C083ED4A2
:10870800B7070A003ED67C083ED883C795002A8A58
:10871800328593F7F707A384F5002E8932C6EFE078
:108728009FF085676373F5063246AA843285EFE0C9
:108738003FEE8547AA8963EAA704A1659385850466
:108748002810EFD0AFD32685EF50606A2A8429E13C
:1087580091452810EFE07FE1A6852810EFE03FE281
:10876800CE852810EFE07FE0014781463010CA85AA
:108778005285EFD00FF1A1679387770448183EDC44
:10878800230A010202DEEFF0BF9921616F90DFD565
:1087980081452810EFE07FDDA6852810EFE03FDE59
:1087A80097C7FF1F9387C77F9C4391C7228563871D
:1087B8000900EFB060088345040265B7EFB02007F1
:1087C800DDBFEF923FCF83C795004111AA8993F788
:1087D800F707A384F5003285AE84328AEFE0BFE460
:1087E8008567637BF5022A89EF5060602A84914689
:1087F80021C18347F50105476383E70291C70D4708
:10880800636EF702AD462DA09305050303250A0004
:108818004146EF0023051DE141016F90FFCC930510
:10882800950803250A004146EF00C303814679F9FC
:108838004A86A6854E85EFF0DF9BF9BF83250A009F
:1088480013059408EF50907819C1C146D5B797C75A
:10885800FF1F9387A73C9C4399E797C7FF1F938700
:10886800A7259C4389C72285EF60C04B79FD8547C2
:10887800A30FF4002285EF80105C2285EF50805B07
:108888004E8581464A86A685EFF0BF96A1679387F5
:10889800570448003EC42302010002C6EFF05F8877
:1088A800A5BFEF925FC083C795004111AA8993F7CE
:1088B800F707A384F50032852E89B28AEFE0BFD688
:1088C80085676370F50CAA84EF5060522A841DE90D
:1088D800416B014A97CBFF1F938BCB35130C400E8E
:1088E8007D1B19A833048A0383A70B0B3E94835777
:1088F800C401638D6703050AEFE00F85E344AAFE10
:10890800954639A88357C5016392970293050503D5
:1089180003A50A004146EFF0F274994611E1814639
:108928002686CA854E85EFF0DF8CA1A883A50A00AC
:1089380013050403EF509069C1467DF12285231E7B
:108948009400EF80504F2285EF50C04E97C7FF1F0D
:10895800938707659C438DCB230004022285EFA0F3
:10896800905D4E8581462686CA85EFF09F88A1676F
:108978009387070448003EC42302010002C6EFF0B3
:108988002FFA41016F90BFB589472300F402D1BF88
:10899800397106DE22DC4AD8800052D456D25AD029
:1089A80026DA4ED65ECE2E8A32892A8BEFD0DFF6B3
:1089B8000605710541998A8A3301A140232224FCC6
:1089C800231404FCEFD05FF583479A0006053505AC
:1089D80093F7F7072315A4FCA304FA004A85232676
:1089E80024FCEFE05FC493170501C1876340F002E0
:1089F8005681130104FCF2506254D2544259B259C0
:108A0800225A925A025BF24B21618280AA844A85DB
:108A1800EFE07FC1AA894A85EFE0FFC0A165938591
:108A2800C5022A89130544FCEFD04FA52685EFD04F
:108A3800CF9A854501C94A86CE85EFD08F94AA8BF7
:108A480015ED8945130544FCEFE03FB2A6851305F3
:108A580044FCEFE0DFB2CE85130544FCEFE03FB203
:108A6800CA85130544FCEFE09FB101478146130610
:108A780044FCD2855A85EFD0CFC09DBF81451305F0
:108A880044FCEFE09FAEA685130544FCEFE03FAF42
:108A9800CE85130544FCEFE09FAECA85130544FC60
:108AA800EFE0FFAD8144EFD03FE7E3D0A4FC83A71C
:108AB8000B0113971400BA9783D5070089C51305CE
:108AC80044FCEFE0DFAB8504F9BF797106D622D408
:108AD8004AD000184ECE52CC56CA26D25AC8AE89B1
:108AE8003289AA8AEFD05FE30605690541990A8AA7
:108AF8003301A140232A24FC231C04FCEFD0DFE12E
:108B080083C7990006052D0593F7F707231DA4FCD5
:108B1800A384F9004A85232E24FCEFE0DFB09317E5
:108B28000501C187634FF0005281130104FDB25063
:108B3800225492540259F249624AD24A424B456140
:108B48008280AA844A85EFE01FAEA1659385A502BD
:108B58002A89130544FDEFD06F922685EFD0EF8761
:108B6800854519C5CA85EFD0CF842A8B0DE989457B
:108B7800130544FDEFE07F9FA685130544FDEFE054
:108B88001FA0CA85130544FDEFE07F9F014781467A
:108B9800130644FDCE855685EFD0AFAE71B781453B
:108BA800130544FDEFE07F9CA685130544FDEFE027
:108BB8001F9DCA85130544FDEFE07F9C8144EFD0DB
:108BC800BFD5E3D5A4FC83270B0113971400BA97EC
:108BD80083D5070089C5130544FDEFE05F9A850436
:108BE800F9BFEF92DF8E83474500404DD5E7FD572B
:108BF8004DC0834694000947636DD7080346B40007
:108C0800854663E8C6088306E40063C406085C4535
:108C1800F9562390D70097C7FF1F83C7A7E199E3A9
:108C2800A304E40097C7FF1F938707E99C4381E7E4
:108C38008947A306F40097C7FF1F938767369C43AD
:108C480081E789472306F4009705000093854505C9
:108C5800AA8413050401EFC0103AFD57231AF40241
:108C680081471CDC014897C7FF1F23A187DC97C7F2
:108C7800FF1F9387E7DB232E040304C08043EFD054
:108C8800FFD361463306C50281452285EF903F87B1
:108C980081473E856F90FF85FD57E5BFEF923F8383
:108CA8002A8403554502EF50801409E5231E040069
:108CB8006F903F848357E401E5DF930504FF172590
:108CC80003001305E5D1EFB0105FDDB7EF923F80E9
:108CD8002E89A16541119385E5032A8436C432C6DD
:108CE800BE843AC2EFC09FF912472285BA85EFE0E9
:108CF800DF8732462285B285EFE07F88A24622854B
:108D0800B685EFE0DF87630D090091452285EFE026
:108D18005F811146A685EFF0523741016F906FFDD4
:108D280089452285EFE0EFFF83C704002300F500A3
:108D380083C71400A300F500CDB7EF924FF983C79E
:108D48009500444D054793F7F707A384F5001C42A7
:108D5800411183C70700636DF7042E842A8985CCE7
:108D680003C7D4006309F70217C7FF1F1307C7D447
:108D7800184301CFA386F400EF80F02983C7D400FD
:108D880089E741657D15EF30A07383D72403918B64
:108D980099C3EFB0B05E4A85A285EFF0CFBFA16757
:108DA800C10748003EC42302010002C6EFF04FB7D6
:108DB80041016F900FF4EF928FF103D745008D4773
:108DC800AA8441112E8432892E8563EDE700EFE0F5
:108DD8009F85AA85230009002685EFC09FDD4101F4
:108DE8006F902FF1EFE03F842AC62285EFE0BF8322
:108DF800B24585472A862300F9002685EFC07FD82B
:108E0800F9BF397106DE22DC26DA80004ED652D44C
:108E180056D24AD85AD05ECEAE89B284AA8AEFD04A
:108E2800BFAE06051305250241990A8A3301A14000
:108E3800232224FC231404FCEFD01FAD83C7990020
:108E480006054D0593F7F7072315A4FCA384F9003D
:108E58002685232624FCEFE00FFD93170501C18723
:108E68006340F0025281130104FCF2506254D25460
:108E78004259B259225A925A025BF24B21618280BE
:108E8800AA8B03AB0400EFC05FD535E983D7440054
:108E980001498544F11793B71700A301F4FC8347F0
:108EA80034FCA165BDC79385E504130544FCEFC0F8
:108EB800FFDCA685130544FCEFE02FEBDE851305E8
:108EC80044FCEFE0CFEB834734FC114691E30946BD
:108ED800DA85130544FCEFE06FE781446308090075
:108EE800416B7D1BEFD05FA263C8A4020147814696
:108EF800130644FCCE855685EFC0BFF8A5B7A685F6
:108F0800130634FCEFF03FEB933415002A898604EE
:108F180079B79385C50451BF8327C90013971400F7
:108F2800BA9783D5070063866501130544FCEFE013
:108F38000FE5850445BFEF920FD779711C103EC429
:108F4800B7070F003EC61C103EC883C79500AA8A03
:108F5800328593F7F707A384F500AE893284EFE0F2
:108F68008FEC93170501C1876350F0062A8A228582
:108F7800EFE06FEB2A895285032B0400EFC0FFC591
:108F880039E58357440081440544F11793B7170026
:108F9800A303F10083457100DA872287CA865286C7
:108FA8002800EFF0BFD2014781463000CE855685B4
:108FB800EFC03FEDA1679387D70348083ECC230A4B
:108FC800810026CEEFF0CF9545616F904FD1A285F5
:108FD80013067100EFF03FDEAA84094445DD3544ED
:108FE800E30A55FB4A85EFF00FE70D4445D50144E8
:108FF800EFD09F91634BA400C16B0144FD1BEFD0E0
:10900800BF90634EA400154471B7DC4413171400D5
:10901800BA9783D70700638127030504D1BFD844D3
:1090280093171400BA9703D70700631977012390A1
:1090380027012685EF8020530144A9BF0504C1B745
:10904800EF924FC783C7950041112A8A93F7F70714
:10905800A384F50032852E893284EFE0CFDC9317A4
:109068000501C187635BF004AA892285EFE0AFDBC5
:109078002311A1004E85832A0400EFC01FB629E101
:109088008357440085440144F11793B71700A300A0
:10909800F1000348110003572100D6875285CE8678
:1090A8002686CA85EFF0EFB3A167F10748003EC4F2
:1090B8002302910022C6EFF0AF8641016F90CFC224
:1090C800A28513061100EFF01FCF2A84894471D1BD
:1090D8008357210011678544BA97C2071167C18376
:1090E8001307F7EFE367F7FA97C7FF1F938707B3ED
:1090F8009C4391C7854513052100EF401006835511
:10910800210022858144EFC0BFA441D5231005006A
:109118002285EF80E046B5BFEF92EFB883C7950090
:1091280041112A8B93F7F707A384F50032852E8A1D
:109138003284EFE04FCF93170501C1876359F004DC
:10914800AA8A2285EFE02FCE2A895685832B040030
:10915800EFC0BFA821E18357440081440544F117BB
:1091680093B71700A301F10003483100DE875A8541
:109178004A87D6862286D285EFF0AFA6A167ED078B
:1091880048003EC42302810026C6EFE07FF9410172
:109198006F90EFB4A28513063100EFF0DFC1AA8407
:1091A800094479D19167CA97C2071167C183130728
:1091B800F7EF0544E36AF7FACA85EFC07F990144DF
:1091C80045F58149EFD04FF563DBA900984893979F
:1091D8001900BA9703D7070015E723902701EFD0A6
:1091E800AFF31544E382A9F82685EF80603997C765
:1091F800FF1F9387A7A29C430144BDD74A85EF4030
:10920800206E9DB785097DBFEF92CFAA79713E8404
:109218007C083EC82E8AB7071400A1653ECAE5053A
:109228007C08AA89080836C4428932C6BA8AC68424
:109238003ECCEFC0BFA4CA850808EFE00FB33246A2
:109248000808B285EFE0AFB3A246630E09029D4558
:109258000808EFE00FAD1D468145EF904FAA6387E0
:109268000A0691450808EFE0CFAB1146A685EFF056
:10927800C261100801478146D2854E85EFC07FC084
:1092880045616F906FA6B6850808EFE04FAF1C40A8
:109298000808D8439355C701858912075183B20539
:1092A800D98DEFE0CFAD1C40080883C58700EFE0FB
:1092B800CFAB1C40080883C5A700EFE00FAB1C40EC
:1092C800080883C59700EFE04FAA51BF89450808F1
:1092D800EFE02FA583C704002300F50083C714001F
:1092E800A300F50079B7EF92EF9C83C79500411171
:1092F800AA8993F7F707A384F5003285AE843284F0
:10930800EFE06FB293170501C1876357F0042A890C
:10931800032A0400EFC07F8C19E9835744000548ED
:10932800F11793B71700A307F100814621A8130688
:10933800F100A285EFF03FA81DC11C459DC383D64F
:10934800470001480347F10093078500D2884A8601
:10935800A6854E85EFF05FEB41016F90EF980948C5
:10936800E9B71D48D9B7EF92EF9465715C083EC420
:10937800B7077B013EC65C083EC883C795002A8AAA
:10938800328593F7F707A384F500AE89EFE04FA87D
:109398008357E100C5C389452800EFC03F8E81454A
:1093A8002800EFE08F9CEFC01F9397C7FF1F93879C
:1093B80027BF9C4317B4FF1F0344C467AA843334F0
:1093C800800099C31364240097B7FF1F9387C76E63
:1093D8009C4399C31364440097C7FF1F938707846E
:1093E8009C4399C31364840083D504002800014971
:1093F800EFE0EF9883D524002800EFE04F9883D55D
:1094080044002800EFE0AF97EFD00FCC931505018B
:10941800C1812800EFE0AF96A2852800EFE02F96E3
:109428009C44636CF900014781463000CE85528523
:10943800EFC03FA559616F902F8BDC44131449008E
:1094480028003E94EFE06F8C8347440003475400A4
:1094580089070607BA978607E36EF5FC835524004B
:109468002800814AEFE0AF91834544002800EFE0EF
:10947800CF8F834554002800EFE02F8F83474400A7
:1094880063C9FA00814A8347540063CFFA0005098B
:1094980041BF1C4413975A002800BA9783D5070088
:1094A800850AEFE0CF8DD9BF032BC40093975A00EC
:1094B80028003E9B83552B00850AEFE04F8C83558F
:1094C8000B002800EFE0AF8B7DBFEF924F805C4927
:1094D80093E717005CC9EF8080316F908F81EF822E
:1094E8001FFF2E848145EFF08F9B05C18357050030
:1094F800FD172310F50009C4835725002310F40035
:10950800EFF0BFFC01456F80DFFE31456DDC2310B5
:109518000400D5BFEF821FFA83C7950041112A8A3C
:1095280093F7F707A384F50032852E893284EFE09C
:109538008F8F93170501C187635EF004AA89C1451F
:109548002285EFD0BFFA2A8B4E85832A0400EFC00C
:10955800CFE821E583574400231101000544F117A2
:1095680093B71700A300F100814403481100035783
:109578002100D6875285CE862286CA85EFE07FE60F
:10958800A1679387170248003EC42302810026C6BC
:10959800EFE01FB941016F803FF513061100A28566
:1095A800EFF07F81AA8409E523110100094475BF02
:1095B800930521005A85EFF09FF2835721002A84F2
:1095C800CDD797B7FF1F938767659C4391C785459C
:1095D80013052100EF40603883552100268531446A
:1095E800EFC00FD759D1231005002685EF705079A9
:1095F8000144A5BFEF82BFED41112E896C00AA84FA
:1096080002C6EFF0CF8909CD0357050005072310DF
:10961800E500EFF09FEB81473E8541016F807FEDCC
:109628003247954775DBCA852685EF203007C14745
:10963800E34405FE3244854741462310F40083572E
:109648000900A685130544002311F400EFF0E22376
:109658002285C1B7EF821FE683C795004111AA8A08
:1096680093F7F707A384F5003285AE893284EFD0EB
:109678009FFB93170501C187635EF0042A8AC145E1
:109688002285EFD0BFE6AA845285032B0400EFC0E1
:10969800CFD421E583574400231101008544F117F5
:1096A80093B71700A300F1000144034811000357C2
:1096B8002100DA875685D2862686CE85EFE07FD2CE
:1096C800A1679387070248003EC42302910022C67F
:1096D800EFE01FA541016F803FE1A285130611004D
:1096E800EFF06FED2A8409E523110100894475BF65
:1096F800268593052100EFF0FFEFAA845DF58355D9
:1097080021002285EFC0CFC44DF10149EFD0CFA091
:10971800635DA900184893171900BA9703D7070083
:109728001DE7035721002390E700EFD0EF9E630267
:10973800250397B7FF1F9387674E9C4389C7035537
:109748002100EF40E0192285EF709063B9BF050949
:1097580075BF954499BF05C19307F00F630FF500D6
:10976800C547630CF5009307F5FF05453315F5006C
:109778004205418182800145828041657D15828054
:10978800B9E1EF82DFD4034506033284EFF0BFFC72
:109798009305803EB305B502C205C18191C903573F
:1097A800E402854763F6E70013050401EFC0801063
:1097B8008357E40241677D176385E700FD17231788
:1097C800F4026F801FD38280EF82FFCD004283C7EF
:1097D8009500444D0349140093F7F707A384F50057
:1097E80083470400220911673369F900A167B34769
:1097F800F90041112A8BAE8A63ECE70C83472400F9
:109808001307C00EB91793F7F70F6371F70E0347E5
:109818003400C14763ECE70C834744001307E007B3
:1098280093C707086373F70A834984008347740062
:10983800A209B3E9F900856763F9F908034A6400E6
:10984800834754004E85220A336AFA00EF40205AB3
:1098580045C123962403834B3400137AFA00239AD4
:109868003403238874032399440393890401631AF6
:10987800090023A60402239804024E85EFC00005C0
:109888001DA0034924004A85EFF0FFEC2397A402AA
:10989800834744004E85A388F402E3810BFEE30F5F
:1098A80009FCEFB0D07FEF70F07781460146D6858E
:1098B8005A85EFE09FA5A167938797033EC42302CB
:1098C8000100480002C6EFE0BF8541016F803FC13B
:1098D8008544A2862686D6855A85EFE01FA3A16710
:1098E800938797033EC423029100E1BFBD44D5B7D7
:1098F8009144C5B7EF821FBC01111C08404D3EC200
:10990800B7070F003EC41C083EC62A89AE89EFC0BF
:109918001FA3585C1C5C634CB70A6394E50063E8BA
:10992800A70A3385A740B3B7A700B305B740130606
:10993800803E81469D8DEFE0E27B93140501C18056
:10994800A1659385C5034800EFC04FB38145480022
:10995800EFD0BFC1835504044800EFD05FC28355E0
:1099680024044800EFD0BFC1814599C8C167FD17DD
:109978009305F00F6386F4002685EF40000DAA8555
:109988004800EFD09FBE03554404814511C9C16703
:10999800FD179305F00F6305F500EF40000BAA854E
:1099A8004800EFD09FBC834564044800EFD0FFBB5C
:1099B800834574044800EFD05FBB500001478146DF
:1099C800CE854A85EFC0EFCB05616F80FFB181443A
:1099D80085BFEF82DFAF83C7950093F7F707A384AE
:1099E800F500EFF03FF16F80DFB0EF82BFAC83C7C7
:1099F80095004111404D93F7F707A384F5002A8A93
:109A08003285B284AE89EFD01FC22A8B2685EFD06B
:109A18009FC12A892685EFD0BFBF93170B0163CA60
:109A28000702E177CA97C207C183116763E3E702B8
:109A380093070910C207C1831307B00F637BF700B0
:109A480093170901C187AA8A6348F000C54763FADA
:109A5800570141016F805FA9EFC0AF8AE31B25FF63
:109A6800F5B763060B0263040902814463870A029F
:109A7800B7077F0023106405231124057CC0568591
:109A8800EFF07FCD9304803EB304950239A0B70769
:109A98007F00232004047CC0814403552404EFB0D4
:109AA800100C95CCEFC0BF89269593D7F441333776
:109AB8009500AE97BA9708DC5CDCCE855285EFF04E
:109AC8007FE399E023220404A1679387B703480042
:109AD8003EC42302010002C6EFE08FE49DBF814728
:109AE80001481CDC232E0403C9BFEF825F9EEFC030
:109AF800FFECE1473305F5029145EF303077E55744
:109B080011C597B7FF1F23A5A7F281473E856F8030
:109B18005F9E854717B7FF1F230EF7F08280EF82FD
:109B28001F9B97B7FF1F938767F080432DC083570C
:109B38000404639EA70483572404639AB7043689F0
:109B4800B284EFC0CFFF5C5C63C3B7046395B70012
:109B58001C5C63EEA7028347640463F3F400A687E2
:109B68002303F4048347740463F39700A687A303CD
:109B7800F4048357440441677D176385E70085072C
:109B88002312F4043C4481C7CA85268582976F80D6
:109B98005F9697B7FF1F938767E99C43014599C371
:109BA80003C587008280EF829F920111B7070700E3
:109BB8003EC683C79500584D0AC493F7F7070AC8ED
:109BC800A384F5002A89AE8401CB1C4283C7070011
:109BD8002304F700EF7030442164930554022800F1
:109BE800EFC0CF89EFF0FFFAAA852800EFD0FF97E2
:109BF800300001478146A6854A85EFC08FA8130427
:109C08004402480822CC230A010002CEEFE04FD1DB
:109C180005616F801F8EEF829F8B01117C003ECA09
:109C2800B70707003ECC7C003ECE83C795002E8444
:109C3800AA8493F7F707A384F500A16593855502D5
:109C48004808EFC0AF83EFF0DFF4AA854808EFD0EB
:109C5800DF91500801478146A2852685EFC06FA293
:109C680005616F801F8997B7FF1F938727DC9C4387
:109C7800094599C303C59700828097B7FF1F93874B
:109C8800E7DA9C43094599C303C5D700828097B793
:109C9800FF1F9387A7D99C43014599C303C5A70014
:109CA8008280EF823F810111B70708003EC683C753
:109CB8009500404D0AC493F7F7070AC8A384F50036
:109CC8002A89AE8429C01442854703C7060063EE7B
:109CD800E7068347940009468149638EC700B307A6
:109CE800F740A304E400B339F00083C71600230546
:109CF800F400EF70503203572403058B09C76384BF
:109D08000900EFA0B0672164930584022800EFB032
:109D1800FFF6EFF05FF5AA852800EFD01F85EFF07A
:109D28001FF7AA852800EFD05F84014781463000DD
:109D3800A6854A85EFC0EF9413047402480822CC24
:109D4800230A010002CEEFE0AFBD05616F80CFF9B5
:109D5800EF82EFF701117C003ECAB70708003ECC3E
:109D68007C003ECE83C795002E84AA8493F7F7071C
:109D7800A384F500A165938585024808EFB01FF01C
:109D8800EFF07FEEAA854808EFD02FFEEFF03FF006
:109D9800AA854808EFD06FFD500801478146A28583
:109DA8002685EFC00F8E05616F80AFF497B7FF1F50
:109DB8009387C7C79C43014599C303C5B7008280F1
:109DC800EF82EFF00111B70707003EC683C7950081
:109DD800404D0AC493F7F7070AC8A384F5002A89F7
:109DE800AE8405C41C42054783C70700636AF704AD
:109DF8000347B400630BF700A305F400EF70B0212C
:109E08008347B400A9C3EFD08FD921649305B40068
:109E18002800EFB0BFE6EFF07FF9AA852800EFD061
:109E2800CFF4014781463000A6854A85EFC06F858B
:109E38002904480822CC230A010002CEEFE04FAEE5
:109E480005616F800FEBEFD0AFDAC1B7EF822FE873
:109E580001117C003ECAB70707003ECC7C003ECE0D
:109E680083C795002E84AA8493F7F707A384F50087
:109E7800A165AD054808EFB07FE0EFF03FF3AA8594
:109E88004808EFD08FEE500801478146A285268505
:109E9800EFB03FFF05616F80CFE597B7FF1F93874E
:109EA800E7B89C43094599C303C5C7008280EF8280
:109EB8000FE201117C00AE843ECAA165B707070016
:109EC8002A843ECCD1057C0048083ECEEFB01FDB8B
:109ED800EFF0BFFCAA854808EFD02FE950080147EA
:109EE8008146A6852285EFB0DFF905616F806FE0B6
:109EF800EF82EFDD83C7950093F7F707A384F5009A
:109F0800EFF0FFFA6F80EFDEEF82CFDA83C79500BC
:109F18000329C501411193F7F707A384F5001C42F3
:109F280083C90700854763EC370597B7FF1F9387F9
:109F380027079C432E84AA8495C7EFF01FF689470C
:109F48006302F502630009028347C900638C370185
:109F580023063901EF70300C83572903898B99C385
:109F6800EFA0D0412685A285EFF07FF4A167CD0749
:109F780048003EC42302010002C6EFE06F9A410187
:109F88006F808FD697B7FF1F938747AA9C431D45BD
:109F980099C303C5E7008280EF826FD30111B70729
:109FA80007003EC683C79500584D0AC493F7F707C4
:109FB8000AC8A384F5002A89AE8405C71C4283C752
:109FC800070093968701E18663C806048546638582
:109FD800D7048346E7006386F6002307F700EF708F
:109FE800900321649305E4002800EFB03FC9EFF027
:109FF8007FF9AA852800EFD04FD701478146300066
:10A00800A6854A85EFB0FFE73504480822CC230A25
:10A01800010002CEEFE0CF9005616F808FCDEF8217
:10A028000FCB01117C003ECAB70707003ECC7C006D
:10A038003ECE83C795002E84AA8493F7F707A3849E
:10A04800F500A165B9054808EFB05FC3EFF09FF3CD
:10A05800AA854808EFD06FD1500801478146A285EC
:10A068002685EFB01FE205616F80AFC8EF828FC40D
:10A07800AA84014417B9FF1F1309899BE149EFC05E
:10A08800FF936344A400014519A8330534038327CB
:10A0980009003E95835725006395970011056F8049
:10A0A800AFC40504E9BF032E850063040E1017B37F
:10A0B800FF1F1303A3B603230300631503002943FB
:10A0C800639A060E03234E01631503001D43639331
:10A0D800070EEF824FBDC689428A3E89BA8AB68486
:10A0E800328BAE8B2A84A1E903554E0009E5014362
:10A0F8001A856F80CFBEA167A98F116763F7E70044
:10A10800EFF0DFF68145EFF08FBD0844B70700E0B8
:10A118005841F98F18455CC1B707001FF98F1CC556
:10A128005C4981C76105EFB0607AE38209FC22854A
:10A13800EF70C06C6DBF3285EFA0E05E0D434DD966
:10A148001C44116703D54700A167A98F63F7E7008F
:10A15800EFF0DFF18145EFF08FB803238400931609
:10A168004B01D1828347B300035663008588FD8B7A
:10A17800A305F300FD777D8E558EFD76FD16B2049E
:10A18800F18E83274301C58E231273012313D30055
:10A198002304530123052301A3044301D9D72285AE
:10A1A800EFB07FC2AA850844B5DD6105EFB08070C5
:10A1B800ADBF1D431A858280EF82CFAF0569AA849F
:10A1C800AE89328A0144FD5A7D19EFC0EFF3634529
:10A1D800A40001456F804FB1D84493171400BA9773
:10A1E80003D70700631B37032390570163050A0051
:10A1F8002685EF7040379C448DC383D76700B3F73B
:10A208002701639C3701D28801488147014781466D
:10A21800014681452685EFF01FE905047DB7EF82E9
:10A228006FA979711C103EC4B7070F003EC61C10F9
:10A238003EC883C79500AA8A328593F7F707A38497
:10A24800F5002E893284EFD00FBE93170501C18720
:10A258006350F006AA892285EFD0EFBC2A8A4E8582
:10A26800032B0400EFB07F9739E5835744008144FE
:10A278000544F11793B71700A303F1008345710054
:10A28800DA872287D2864E862800EFE03FA401476E
:10A2980081463000CA855685EFB0BFBEA167938757
:10A2A800F70348083ECC230A810026CEEFD05FE7AB
:10A2B80045616F806FA3A28513067100EFE0BFAF01
:10A2C800AA84094445DD5285EFE0EFB80D445DD519
:10A2D8000546D2852685EFF03FEE2A8445B7EF8202
:10A2E8000F9F835507000346270041112A842E85B6
:10A2F80032C62EC4EFE02FB611C53246A2452285DC
:10A30800EFF09FEB41016F80CF9EEF82CF9983C71B
:10A3180095004111AA8A93F7F707A384F5003285BF
:10A32800AE893284EFD02FB093170501C1876357E8
:10A33800F008C1452A8A2285EFD04F9B2A8D2285B5
:10A34800EFD06FAE2A892285EFD08FAC930705F83E
:10A3580093F7F70F1307E007AA8B6371F7062285B7
:10A36800EFD00FAB2A8C2285EFD08FAAAA8C52850A
:10A37800032B0400EFB07F8629E58357440023119F
:10A3880001008144F11793B71700A300F1000544B9
:10A398000347110083562100938784005685DA8885
:10A3A80022885286CE85EFE03FE6A167E90748009C
:10A3B8003EC42302810026C6EFD09FD641016F809C
:10A3C8000F9213061100A285EFE0FF9EAA8409E50B
:10A3D8002311010009446DBF930521006A85EFF040
:10A3E8006FA12A8455F5835521009356C900131689
:10A3F800490185486688E2875E87858A5182268575
:10A40800EFF07FCA2A8469B7EF82EF8983C7950086
:10A4180041112A8B93F7F707A384F5003285AE899B
:10A428003284EFD04FA093170501C1876352F0081B
:10A438002A8A2285EFD02F9FAA8A2285EFD0AF9E45
:10A448002A892285EFD0CF9C930705F893F7F70F59
:10A458001307E0072A8C637DF7042285EFD04F9B12
:10A46800AA8C2285EFD0CF9A2A8D5285832B04009F
:10A47800EFB0AFF629E18357440085440144F11752
:10A4880093B71700A301F100034731009307840035
:10A498005A85DE882688D6865286CE85EFE0DFD6B6
:10A4A8008D4748003EC42302910022C6EFD05FC703
:10A4B80041016F80CF82A28513063100EFE0BF8F84
:10A4C8002A84894471D19356C900131649018548D5
:10A4D8006A88E6876287858A5182D685EFF0BFBC95
:10A4E800AA845DB7EF721FFD2A8981440144617A0D
:10A4F800916A17ABFF1F130B6B72EFC0EFC163C5F7
:10A50800A40022856F705FFE8327090093991400C9
:10A51800CE9703D50700330745014207418363629D
:10A52800570311CD03270B0009C785453E85EF303A
:10A53800C042832709000504CE97239007008504AD
:10A548006DBFEFF0BFB2832709000504CE972390B3
:10A55800070075D58145EFE09FF8D5B7EF729FF5F5
:10A5680083C7950041112A8A93F7F707A384F5005A
:10A5780032852E893284EFD00F8B93170501C1875E
:10A588006354F004AA89832A0400EFB00FE521E19F
:10A598008357440085440144F11793B71700A3017A
:10A5A800F10003483100D68752850147CE862686BA
:10A5B800CA85EFD01FE3A167F50748003EC4230210
:10A5C800910022C6EFD0DFB541016F70FFF1A2857F
:10A5D80013063100EFE02FFE2A84894479D197A72A
:10A5E800FF1F9387A7639C4381CB0449EFC0CFB279
:10A5F800AA852685EF30603613050401EFF09FEE3B
:10A608002285EF60F077814469BFEF72DFE983C785
:10A6180095004111AA8A93F7F707A384F5003285BC
:10A62800AE89328423110100EFC0FFFF93170501A3
:10A63800C187635CF0042A8AC1452285EFC01FEBFD
:10A64800AA8B5285032B0400EFB02FD931E1835731
:10A65800440085440144F11793B71700A300F100A3
:10A668000348110003572100DA875685D2862686CB
:10A67800CE85EFD01FD7A1679387270248003EC435
:10A688002302910022C6EFD0BFA941016F703FE5B8
:10A69800A28513061100EFE00FF22A84894469D1DC
:10A6A80097A7FF1F9387875798433E8901CB044993
:10A6B800EFC08FA6AA852685EF30202A130504014E
:10A6C800EFF05FE2EFC04FA5954459D993052100FB
:10A6D8005E85EFE03FF2AA8441F51C48035721004C
:10A6E80022852390E700EF60B06983270900ADDB7E
:10A6F80003552100EF30C01EA5B7EF72DFDA83C71C
:10A7080095004111AA8A93F7F707A384F5003285CB
:10A71800AE893284EFC03FF193170501C1876359B1
:10A72800F0042A8A2285EFC01FF02A895285032B5C
:10A738000400EFB08FCA21E18357440085440144E7
:10A74800F11793B71700A301F10003483100DA8726
:10A7580056854A87D2862686CE85EFD09FC8A167C0
:10A76800F90748003EC42302910022C6EFD05F9B40
:10A7780041016F70DFD6A28513063100EFE0AFE329
:10A788002A84894479D19167CA97C2071167C1831E
:10A798001307F7EF8544E36AF7FA97A7FF1F938734
:10A7A800E7479843BE8B01CB0449EFC0EF96AA85D3
:10A7B8002685EF30801A13050401EFF0BFD2EFC0F1
:10A7C800AF95954459D11C4822858144239027018F
:10A7D800EF60105B83A70B00ADDB4A85EF304010BC
:10A7E800ADB7EF72DFCE2A844105B284EFF09FCF78
:10A7F80001C52285EF60D05881460146A68522858D
:10A80800EF70200A1C4C89C7DC4799C322858297C0
:10A818006F703FCE97A7FF1F938747219C43014541
:10A8280099C313850701828097A7FF1F9387072085
:10A8380088438280EF72BFC99317C600DD8DC205B9
:10A848004111C1812A8432C6EFC07FD332462285A6
:10A8580011829375F60FEFC05FD141016F707FC908
:10A86800EF725FC579713C083ED2B7070C003ED441
:10A878003C083ED683C79500AE842A8993F7F7072C
:10A88800A384F500A165938535044810EFB00FBF88
:10A89800C165FD15014417AAFF1F130AAA39930AB7
:10A8A800400EAE892E8B2EC6EFC00F8A4205931735
:10A8B80004014181C183B24563E3A702C167FD1763
:10A8C8006385F5004810EFC09FCB501001478146C3
:10A8D800A6854A85EFB0EFDA45616F70FFC0330790
:10A8E800540383270A0BBA9703D6C70163083601B6
:10A8F800638835014810EFF0FFF3DA85050465B782
:10A90800B285EDBFEF723FBA79717C083EC8B707D0
:10A9180011003ECA7C083ECC83C79500AA893285BF
:10A9280093F7F707A384F5002E89EFC0DFCF85677B
:10A93800637EF502A165AA8489050808EFB00FB403
:10A948002685EF30C04A133415000A04A28508088A
:10A95800EFC0BFC1A6850808EFC07FC235C0014758
:10A9680081461008CA854E85EFB0AFD145616F703A
:10A978001FB7B30754030327CA0ABA9703D70700B8
:10A98800631A970003D62700638A65030808EFF067
:10A998007FEADE8505042EC6EFB01FFC420593173B
:10A9A80004014181C183B245E3E5A7FCC167FD17F6
:10A9B800E387F5FA0808EFC09FBC55B7B285D9BF41
:10A9C800C165FD15014417AAFF1F130AAA26930A99
:10A9D80080022E8BAE8BC1B7EF727FAF18418347D1
:10A9E800170083460700A207D58FD207D18323908B
:10A9F800F50083472700034717008D45A207D98F25
:10AA080091832310F600EFC03FAD6F709FAEEF72D9
:10AA18007FAAC164014417A9FF1F1309A92193093B
:10AA28008002FD14EFB05FF36345A40001456F7029
:10AA3800BFAB330534038327C90A3E958357050006
:10AA4800E38797FE0504F9BFEF72DFA62A8AAE896D
:10AA5800B284B68AEF30A03909E591473E856F7018
:10AA6800BFA82A894E85EF90104C2A84638A0A046D
:10AA78008D476DD503570500C547E31147FF0347C9
:10AA8800F9018546AD47E31BD7FC8347450091CBC9
:10AA98004146A6855D05EFD0F25C814761D1AD479F
:10AAA80075BF130965012302E500CA852685EF10E5
:10AAB800802B15CDA547E3830AFA2302040079BF4A
:10AAC80011CD83570500E39A47F94146A685190534
:10AAD800EFD05259814759D1994749B74E85EFF080
:10AAE8001FF32A8495473DD9130955007DBF414678
:10AAF800A685231044012311340113051900EFD052
:10AB0800D2582285EF60103B814789BFEF723F9C86
:10AB180079717C003ECCB7070A003ECE7C003ED05F
:10AB280083C79500B2842E8493F7F707A384F500B2
:10AB38001306A1002A892C002685EFF0FFE9A165FC
:10AB480028088D05EFB08F9390408355A1000355D9
:10AB580081008546EFF05FEFAA84AA852808EFC038
:10AB6800DFA00356A100835581002808EFF09FCC91
:10AB7800300801478146A2854A85EFB08FB08547E6
:10AB880048103ED42302910202D6EFD06FD9456116
:10AB98006F703F96EF72BF9379717C003ECCB70718
:10ABA8000A003ECE7C003ED083C79500B2842E8436
:10ABB80093F7F707A384F5001306A1002A892C0050
:10ABC8002685EFF07FE1A16528088D05EFB00F8B92
:10ABD80090408355A100035581008146EFF0DFE6E0
:10ABE800AA84AA852808EFC05F980356A100835558
:10ABF80081002808EFF01FC4300801478146A2856C
:10AC08004A85EFB00FA848102302910202D402D659
:10AC1800EFD00FD145616F70DF8D97A7FF1F938726
:10AC280027E188438280EF729F8A8357250041116C
:10AC3800AE842A842307B10017F5FFFF1305656A60
:10AC48006C002316F100EFB08FDD81C42285EF6020
:10AC5800D02CFD572310F40013062002814513055C
:10AC68005400EF70DF8941016F70BF88EF729F84D5
:10AC780079717C003ECCB7070A003ECE7C003ED0FE
:10AC880083C79500AA89AE8493F7F7073285A38412
:10AC9800F5001306A1002C00EFF01FD40355810026
:10ACA8001144EF30C01415C10355A1000144EF90C1
:10ACB800902701CD0357050083578100454463164B
:10ACC800F7008545EFF03FF6014421699305390007
:10ACD8002808EFA0BFFAA2852808EFC01F890356ED
:10ACE800A100835581002808EFF0DFB43008014740
:10ACF8008146A6854E85EFB0CF9848104AD42302E6
:10AD0800810202D6EFD0CFC145616F70EFFDEF72BF
:10AD18006FFA97A7FF1F938767D12A8488432E89E4
:10AD280015C1035745038357C401631DF700232644
:10AD38000502231805024105EFA0503963040900F4
:10AD4800EF60502E814497A9FF1F9389A9EE130A3B
:10AD58008002EFB07FC063CCA40297A7FF1F938740
:10AD6800A7D59C4389C70355C401EF1060756305D7
:10AD780009002285EF6070021306400E8145228586
:10AD8800EF70EFF7FD57231EF4006F70EFF5338572
:10AD9800440383A7C90A3E95035705008357C40196
:10ADA8006315F700CA85EFF01FE885045DB7EF72F9
:10ADB8006FF083C795004111AA8993F7F707A38419
:10ADC800F5003285AE84EFC01F8685676370F50491
:10ADD8002A89EF30C001014411C983D704003144E6
:10ADE800638627018545EFF09FF201444E85A286D0
:10ADF8004A86A685EFD0EFBFA1679387170448005E
:10AE08003EC42302810002C6EFD08FB141016F70AA
:10AE1800AFEDEF722FEA97A7FF1F938727C18043F3
:10AE28001DCC0145EFA0A05381470148C1641CDC3B
:10AE3800232E04032320040417A9FF1F130989DF05
:10AE480001449309400EFD14EFB01FB0634BA400FA
:10AE580081451705000013050599EFB04FBC6F70C9
:10AE6800AFE8330534038327090B3E958357C501A3
:10AE7800638597008545EFF09FE90504F1B793577F
:10AE8800050113D78700A380F50093170501C18337
:10AE9800A1832380E5002381F500A381A50082809A
:10AEA800EF72EFE22300050083C71500A300F50049
:10AEB80083C725002301F50083C73500A301F500EA
:10AEC80083C745002302F50083C75500A302F50098
:10AED80083C7650093059500A30305002303F500C8
:10AEE800230405003285EFF09FF96F708FE0EF7251
:10AEF8006FDC4111E9541DC595C593F9C5FF2E8432
:10AF08002A89AA84338AA90063129A020D88854483
:10AF180011C8EFC0300D2AC622866C0033053901EE
:10AF2800EFD0B216268541016F700FDCEFC0900B91
:10AF380093170501C183A183A380F40093570501EA
:10AF48002381F400A1832380A400A381F400910449
:10AF580065BF63E0D502EF728FD7B287411136869D
:10AF6800BE8536C6EFD07212B246410136856F7083
:10AF78004FD8814636858280EF726FD5EF702FD813
:10AF88006F702FD7838705001387F5003D05FD8770
:10AF980093F77708834607007D158606B58FA300CB
:10AFA800F5006307B7007D17834717009D83DDB75A
:10AFB8008280EF72CFD1B2872A863E85EFD0A10E6C
:10AFC800133515006F70EFD201CD814799C9EF7223
:10AFD8000FD04146EFD0720B85473E856F706FD119
:10AFE80081473E8582801DC5EF726FCE41468145FF
:10AFF8002A84EF70CFD04146814513050403EF70D2
:10B008000FD00147C1672322040438C87CC805450E
:10B018006F702FCE01458280814729CDA1CDEF7277
:10B028000FCBB2842E891306800581452A84EF70E0
:10B038000FCDCA8524C42685EFF01FF94146814506
:10B048002285EF70CFCB3044A2852285EFF07FF6C2
:10B0580093040401A2852685EFF0DFF2A685130587
:10B068000402EFF03FF22285EFF0FFF785473E85B7
:10B078006F702FC83E858280EF72CFC34111E954AB
:10B088001DC595C593F9C5FF2E842A89AA84338ADC
:10B09800A900639244030D88814411C8EFC08074ED
:10B0A8002AC622866C0033053901EFD0027E268538
:10B0B80041016F706FC3EFC0E07293170501C18340
:10B0C800A183A380F400935705012381F400A18391
:10B0D8002380A400A381F400910465BF71CDEF72B1
:10B0E8006FBDB28401E605456F700FC02A842E89B2
:10B0F8000145FDD93C487848B3E6E700F5D6938684
:10B10800F7FFB3B7F6007D17032A4404BA9734C88B
:10B118007CC8630F0A04C14913050A03B38949416E
:10B128002295637B3601B2862E86A685EFF07FE2F4
:10B138007C40BE9464C045BFCE862E86CE85EFF097
:10B148005FE1C114D2944E9923220404A287930686
:10B15800040103C7070003C607038507318FA38FC0
:10B16800E7FEE398F6FE3044A2852285EFF07FE4FF
:10B178002699C1493306994063EA9900ADD4A68659
:10B18800A68513050403EFF0DFDC6DB78147B3062E
:10B19800F4003307F6000347070083C50600850758
:10B1A8002D8F2380E600E39437FF3044A285228563
:10B1B800EFF03FE0C1147DBF0145828019C9EF72ED
:10B1C8000FB1130680058145EF706FB305456F70A9
:10B1D8004FB20145828081473DC9B5C9EF722FAF93
:10B1E800FC4141462E84AA846393C7041386050153
:10B1F800A2878146C14503C7070003C50703850722
:10B20800298F3305D600034505008506298FA38FAE
:10B21800E7FEE392B6FE3044A2852685EFF07FD99B
:10B228002285EFF0BFF985473E856F708FAC138597
:10B2380007031D8E81452295EF706FAC7C40130784
:10B2480000F813060402A2972388E70255B73E8543
:10B258008280EF72CFA76D712E84B284AA85901078
:10B2680028003689EFF05FDB19E9D55705A0504073
:10B278000C402800EFF09FE66DD9FD142104E5F895
:10B288002C004A85EFF03FF5814765D13E85516135
:10B298006F702FA6EF72AFA341112EC432C62C00D7
:10B2A8000546EFF01FFB41016F70AFA4EF722FA2AC
:10B2B80001112A842EC602C802CA02CC02CEEFD0DF
:10B2C800427EB2462A86A2850808EFF0BFFC1375B5
:10B2D800F50F05616F70EFA1EF726F9F7971B287FB
:10B2E8002A8421462308B10013051101BE853AC4FA
:10B2F80036C6EFD08259B246930591013685EFF0F4
:10B308001FB82285141035460C08EFF0BFF82A84C0
:10B31800224711E521460C103A85EFD002572285C5
:10B3280045616F700F9DEF728F9A7171AE84AA8517
:10B338000A853284EFF05FC901C90A86A68522858D
:10B34800EFF03FC7814711E1C5473E854D616F70FA
:10B358004F9AEF72CF941D712A8AB289BE843546FE
:10B368008547130511012E8CB68A3A8BC28C468DFF
:10B378002308F100EFD0625110100C085285231FEA
:10B388000100EFF05FFA2A842DE9A147631BFD064F
:10B398009307900591E0E5473546E28513051101CD
:10B3A80013990A012308F10013590901EFD0E24D5E
:10B3B8001357890093978A00D98F90080C085285F3
:10B3C800231FF100EFF03FF62A8405E9A1E09387F7
:10B3D800FA0091831379F9003EC6631309004149C5
:10B3E800668B8144C14B854DB2476397970C6A863B
:10B3F8008C0033855C01EFD04249228525616F704E
:10B40800CF8D93079004C9F8A54779B783470105FD
:10B418000947C14B2308F10083471105A58FA308ED
:10B42800F10093872400814463EFFB02014714086D
:10B438003386E6008C08B386E400BA95DA9683C6AC
:10B44800060083C505000507AD8E2300D600E390EE
:10B45800E7FE41476398E70490080C085285EFF02F
:10B468009FEC35D535A8B3069B00BA871008B305FD
:10B47800F60090083E9603C50600034606008507B9
:10B488008506298E2380C500E39277FF998F90085F
:10B498000C085285BE94EFF01FE98947014749D54A
:10B4A8002A84A1BF90083E96034606001408BE965B
:10B4B8002380C600850779BFB2478504638B97123E
:10B4C80081471808B306F70098083E973386F900B5
:10B4D80003470700034606008507318F2380E600EF
:10B4E800E39177FF90080C085285EFF0DFE34DF900
:10B4F8003546E285130511012308B101EFD0E23882
:10B50800139704014183939784002183D98F1018DE
:10B518000C085285231FF100EFF0FFE051F181473D
:10B5280010183387F9003E960347070003460600C4
:10B53800B306FB008507318F2380E600E39277FF8F
:10B5480075A01808B306F70098083E973386F900E7
:10B5580003470700034606008507318F2380E6006E
:10B56800E3E127FFCA876398770990080C0852859A
:10B57800EFF07FDB15F581479800B306F7009008D8
:10B5880018103E973E9603470700034606008507B6
:10B59800318F2380E600E39177FF3546E285130576
:10B5A80011012308B101EFD0422E13970401418302
:10B5B800939784002183D98F10180C085285231F74
:10B5C800F100EFF05FD6E31D05EC814710183387D3
:10B5D800F9003E960347070003460600B306FB0042
:10B5E8008507318F2380E600E3E227FFC109410B7D
:10B5F800E5BB8147B5B79408BE9683C60600180810
:10B608003E972300D7008507B9BF638E062CEF62EB
:10B618001FE959712A84BE89B28B854735461305BF
:10B6280011022E8B468C4289BA8A368A2300F1028F
:10B63800EFD0A22510180C10228523170102EFF075
:10B648009FCE631E0510A1476319FC06930790055A
:10B6580063930900E5473546DA851305110293140B
:10B668000A012300F102C180EFD0222293178A0039
:10B6780013D78400D98F90080C1022852317F10264
:10B68800EFF07FCA69ED639009049307FA00BD885B
:10B69800918391E0C144C207C183DE8C814A3EC6D2
:10B6A800414DB24763EAFA0C6286B3854B018810B4
:10B6B800EFD0421B4DC53D555DA093079004E39C18
:10B6C80009F8A54749BF834701050947C14C23002D
:10B6D800F10283471105B3C7F900A300F10293876C
:10B6E8002900814963EFFC02814618103306D70010
:10B6F8008C083387D900B69556970347070083C54A
:10B70800050085062D8F2300E600E390D7FE41470C
:10B71800639AE70490080C102285EFF0DFC035D556
:10B728003DA8B3863A01BA871010B305F600900811
:10B738003E9603C506000346060085078506298E42
:10B748002380C500E39297FF3387EC4090080C10E4
:10B758002285BA99EFF03FBD8947014741D5656118
:10B768006F60BFD790083E96034606001410BE9639
:10B778002380C600850769BFB247850A93990A01E5
:10B78800939D8A0093D909016399570D85473546DA
:10B79800DA85130511022300F10293D98900EFD04D
:10B7A800C20EB3ED3D0190000C1022852317B103A2
:10B7B800EFF07FB74DF58147A68963E697062686A1
:10B7C8000C084A85EFD0620C81471810B306F700C1
:10B7D800100898083E973E96034707000346060060
:10B7E8008507318F2380E600E3E197FE639DA90575
:10B7F80090080C102285EFF01FB335F1814798109F
:10B80800B306F700900818183E973E9603470700BE
:10B81800034606008507318F2380E600E391A7FFE2
:10B828004109C10CBDBD18089000B306F7003E964B
:10B838003387FC0003470700034606008507318F5E
:10B848002380E60095BF98084E97034707001C1011
:10B85800CE972380E700850951BF85473546DA85AD
:10B86800130511022300F10293D98900EFD0E201F8
:10B87800B3ED3D0190000C1022852317B103EFF0C2
:10B888009FAAE31E05EC814718089000B306F7004D
:10B898003E963387FC0003470700034606008507EA
:10B8A800318F2380E600E391A7FF41460C084A85C3
:10B8B800EFC0B27D81471810B306F700100898084A
:10B8C8003E973E9603470700034606008507318FDB
:10B8D8002380E600E391A7FF90080C102285EFF083
:10B8E8009FA41DDDADBD7D558280EF625FBE011155
:10B8F8002A842E8593055100328902C002C202C4EF
:10B9080002C693047400EFF08FD71D46A685130571
:10B918009100EFC0927710088A854A85EFF0BFA0A2
:10B9280019ED93071400180883C60700034607009B
:10B9380085070507B18EA38FD7FEE397F4FE05614F
:10B948006F603FBBEF621FB72E848C414111AA89FB
:10B95800838715003289914463D30700A1449797E0
:10B96800FF1F9387E7639C43B1C3B5CE8D47231070
:10B97800F10083C725004A852301F10083C73500FC
:10B98800A301F10083C745002302F10083C75500D6
:10B99800A302F10083C7650093059100A30301008A
:10B9A8002303F10023040100EFF06FCD0C404A8619
:10B9B8000A85EFF0EFCE0328040083564400A688DA
:10B9C8001D0881470147E51642868A854E85EFF0B6
:10B9D8005F982A8909E5A6852285EFB09FB44A8534
:10B9E80041016F607FB04A860A85EFF06FCB7DBF5B
:10B9F800EF625FAC2E848C414111AA8983871500C0
:10BA08003289914463D30700A1449797FF1F938716
:10BA180027599C43B1C3A5CE8D472310F10083C796
:10BA280025004A852301F10083C73500A301F100F1
:10BA380083C745002302F10083C75500A302F10024
:10BA480083C7650093059100A30301002303F10058
:10BA580023040100EFF0AFC20C404A860A85EFF0DC
:10BA68002FC483564400032804008A85858EC206A5
:10BA78001D08C1822312D400A68881470147E51614
:10BA880042864E85EFF07FB841016F60FFA54A8678
:10BA98000A85EFF0EFC0C9B7EF627FA3B335B000F6
:10BAA800011185052A891315F60133651501230847
:10BAB800B1009305110136843AC632C03EC442C271
:10BAC800EFF0EFBBA2471248425593D68700230BED
:10BAD800F1009305910193578800A30AD100A30BA5
:10BAE800F100230C0101EFF08FB932470246032819
:10BAF8000400B337E000835644009207914411C212
:10BB0800A1444A85A68842860C08EFF09F842A89BA
:10BB180009E5A6852285EFB0DFA04A8505616F603B
:10BB28005F9DEF623F9901113EC68647B335B0006D
:10BB38008505AA891315F6015D8D2308B1009305C3
:10BB4800110136843A89B28442C446C2EFF02FB359
:10BB580022489248164593578800A30AF100930596
:10BB6800910193D78800230B0101A30BF100230C4B
:10BB78001101EFF0CFB03247104083564400B3377D
:10BB8800E000920703280900914891C0A1480C08D9
:10BB98004E85EFF09FA7AA8411E5835544004A8596
:10BBA800EFB03F98268505616F601F94AA959307AB
:10BBB800F00F17F70200130727E66317B50013C540
:10BBC800F7FF1375F50F828005058346F5FFB58FDE
:10BBD800BA9783C70700D5B70357450014419307A1
:10BBE800F00F17F60200130626E336974207418343
:10BBF800139506014181631BE500AD8FB29703C51C
:10BC08000700130515F3133515008280850603C553
:10BC1800F6FFA98FB29783C70700D9BFEF623F8BA2
:10BC2800B28736842E86BA86AA853E85BA84EFF016
:10BC38006FE6634B05002285EFC0B2662A86A686AA
:10BC4800A2852685EFF00FE56F60BF8AEF629F86B9
:10BC58005D712A8BAE8A17F50200130565D92C0091
:10BC6800B284368ABA893E89EFF04FE42A8459E5CE
:10BC780034104146DA852800EFF0CFE12A843DED03
:10BC88008547A303F100A6C2930771002408BEC428
:10BC9800A68685470D462C18281002DC02DED6C081
:10BCA800BEC6EFF00FDB2A8431E983477102A6860E
:10BCB8000D4693F7F7072300FA00C1473EDE2C181C
:10BCC8008947281026DCA303F100EFF08FD82A84D7
:10BCD80015E54146A6854E85EFC0323B8D47A686C1
:10BCE8000D462C182810A303F100EFF08FD62A84F4
:10BCF80011E54146A6854A85EFC032392285616142
:10BD08006F608FFEEF62AFFC97E702009387C7FC76
:10BD1800984383C7470079712A89AE8417F50200D2
:10BD2800130585CD0C083AC42306F100EFF00FD8AF
:10BD38002A8415E514104146CA850808EFF08FD506
:10BD48002A8411ED140815462C000810EFF08FD442
:10BD58002A8411E521462C082685EFC01233228556
:10BD680045616F600FF9EF628FF697E702009387DE
:10BD7800A7F69C477971AA842E8417F5020013054B
:10BD880025C80C083EC6EFF06FD20DE514104146E9
:10BD9800A6850808EFF00FD011ED140811466C00C5
:10BDA8000810EFF02FCF19E58347F10193F7F70358
:10BDB8002300F40045616F60CFF3EF624FF13688DE
:10BDC800A14881470147E546EFF0AFD86F606FF2B1
:10BDD800EF62EFEF3688A14881470147E546EFF06B
:10BDE800DF826F600FF1EF628FEE01112A842E85DA
:10BDF8000C0832C6EFF08FCB19E9324797F60200EC
:10BE0800938686BE1008C1452285EFF03FE10561A3
:10BE18006F602FEEEF62AFEB4111C1472EC032C405
:10BE28008A8509463EC23EC6EFF0AFC241016F6047
:10BE38004FECEF62CFE94111AE8613061009AA85CF
:10BE48000A8502C002C202C402C6EFF0AFC44101B3
:10BE58006F602FEAEF62AFE7328797F602009386AA
:10BE6800A6BA2E8693050002EFF05FDB6F606FE8DD
:10BE7800EF62EFE57971C1472ACC2ED032D42C0875
:10BE88000D4628003ECE3ED23ED602C402C602C8A7
:10BE980002CAEFF00FBC45616F60AFE5EF622FE3B8
:10BEA8000111AA842E8417F50200130565B68A8548
:10BEB800EFF0CFBF05E514084146A6850A85EFF0E7
:10BEC8006FBD09ED8347E1010347F101A207D98F4F
:10BED800CA07C9836177D98F2310F40005616F60A1
:10BEE8004FE105C9EF62AFDE9797FF1F9387C7B889
:10BEF80090439795FF1F938565B81795FF1F130506
:10BF0800A5B3EFB0204A1795FF1F1305E5B26F6080
:10BF18004FDE1795FF1F130525B282809DC5EF627E
:10BF28000FDB9797FF1F938727B5944301112E8442
:10BF38000A869795FF1F938565B4EFB0204B0A8555
:10BF48000294014505616F60CFDA7D558280EF620A
:10BF58000FD8EFB020559797FF1F23AFA7B017F55D
:10BF6800FFFF130505F9EFA060016F608FD81797E1
:10BF7800FF1F1307A7B29317150008433E95FD57F7
:10BF88002310F5008280EF628FD42A84084019E1DB
:10BF98006F602FD61C4158401CC06313E5005CC07D
:10BFA8008347550023200500F99BA302F500EFB055
:10BFB8008FFBE9BFEF620FD09797FF1F938707B0FA
:10BFC80098432A8411CB8347350093F7070289C722
:10BFD800035505008945029713054401EF90100F9A
:10BFE800835504000355E400EF203014485809C570
:10BFF800EFB06FF7232A040213058403EFF0BFF8AC
:10C008008144B149EFA09F9F63C5A40283473400D0
:10C018002320040493F727FCA301F4000048EFA0B1
:10C02800FF9E1316150081452285EF604FCD6F6086
:10C03800AFCBB38734030329040385043E994A85AB
:10C04800EFF07FF42304090075BF8347350093F7A9
:10C05800070299E3014582808357E500E39CB7FE18
:10C06800C167FD176316F600054582800545B9A02E
:10C07800EF62EFC593170601C187B2842A8401498C
:10C088006359F002835705008DCB01456367F600BD
:10C09800034584003E953325A6001375F50F39A88E
:10C0A8001C4813171900BA9783D70700E38097FC39
:10C0B8000509EFA0BF95E345A9FE01456F606FC371
:10C0C800EF624FBFAE89AA84EFA01F8A2A84EFD0FF
:10C0D8005FACAA8601471306840197050000938583
:10C0E80045E91795FF1F1305A59BEFA04FDA2A898D
:10C0F80021CD8C441304C50022859E0593F50508BF
:10C10800EFB0AFC6CC4083877400E18163D10704E8
:10C1180093E505082285EFB04FC50D469385440089
:10C128002285EFB0AFC283D504002285EFB08FC758
:10C1380083D524002285EFB0EFC603D6490083A536
:10C1480009002285EFB08FC04A856F60EFB993F57B
:10C15800F507C9B7EF62AFB701112A84328532C635
:10C16800EFB00FB6EF90FF99835704001797FF1FA2
:10C17800130747AC3246231BF100930700F8A30DC1
:10C18800F1001C471843231AA1008983858BB30744
:10C19800F740B28548083ECE231C0100230D01005C
:10C1A800EFF01FF205616F60CFB4EF62AFB00041EE
:10C1B800014529CC9304C40026853289AE89EFB0A5
:10C1C8002FB495452A8A2685035B0401EFB0CFB0CA
:10C1D8002685EFB0CFC78D45AA8A2685EFB0CFAFA9
:10C1E8002685EFB0CFC65C48420A135A0A01D29797
:10C1F8005CC423186401814763983A0146054D8160
:10C20800330625419337160013F5F70F6F60CFAD4E
:10C21800EF626FA989692A8BAE8B328AB68A81440C
:10C228000144314CFD19EFA06FFD63C9A400EFA0D4
:10C23800EFFF018D33B5AA006F606FAA33898403BD
:10C2480083270B003E9963170A00834789008504FA
:10C258003E94D1BF03560A00DE854A8533F6C900ED
:10C26800EFF0BFF47DD10545C1BFEF624FA60111C4
:10C278002A847C000355E5003ECAB70707003ECC78
:10C288007C003ECEEF10B0362A8985454808EFB0CD
:10C298008FC399454808EFB0CFA8AA844A85EF1004
:10C2A80030372380A4009797FF1F9387A7989C4354
:10C2B8004166130606F09396870113D78701558FB9
:10C2C80093D68700F18E558FA207B706FF00F58F2A
:10C2D800D98F11462C00138514003EC4EFC0E25AD2
:10C2E8005008A382040089452285EFF0BFE609C9FA
:10C2F800AA8513058403EFB08FBD3C4085073CC079
:10C3080005616F600F9FEF628F9CEFA02FF22A8468
:10C318000504EFA0AFF03305A402F14791453305BA
:10C32800F502EF10A07401E565556F608F9C978743
:10C33800FF1F23ADA776EFA06FEF2A840504EFA0B7
:10C34800EFED3305A40289450605EF10207269DD7B
:10C358009787FF1F23A4A774EFA04FED2A84050435
:10C36800EFA0CFEB3304A4029787FF1F239A8772AD
:10C37800EFA0CFEB2A84EFA06FEA93071400338570
:10C38800A7029787FF1F239EA77097E7020093874E
:10C39800E72B1787FF1F2329F770014579B7EF624D
:10C3A8006F91AA842E8901449799FF1F93898988E0
:10C3B800130A8006EFA08FE66345A40001456F606D
:10C3C800AF923305440383A709024A86A6853E95A2
:10C3D800EFF0BFC719E10504F1BF0545CDB7EF621E
:10C3E8008F8CAA8A2E8BB28B368C3A8A8144014470
:10C3F8008149979CFF1F938CEC83130D8006EFA057
:10C40800EFE163C7A40011E085494E856F602F8D69
:10C418003389A40383A70C025E86D6853E994A8594
:10C42800EFF0BFC219CDEFA06FE00544636B450183
:10C43800D2866286DA8513050903EFF07FDD11C124
:10C44800854985046DBFEF62EF86C16441112A8971
:10C4580001449789FF1F9389E97D130A8006FD141B
:10C4680036C632C42EC2EFA06FDB92452246B246D2
:10C478006346A400014541016F600F8733054403FB
:10C4880083A709023E9509C683473500C18B9DC71E
:10C4980091C68347350093F707028DC36306990059
:10C4A8008357E500639C27010357050001CB63E729
:10C4B800E50083478500BA97E3CFF5FA05044DB741
:10C4C800EF525FFFC1642A8901449789FF1F93894E
:10C4D8006976130A8006FD14EFA04FD46344A400C4
:10C4E8006F608F803305440383A709023E95835705
:10C4F800E500638897006304990063942701EFF0CF
:10C508007FAB0504D1BFEF529FF989692A8AAE8AA9
:10C51800328BB68B8144178CFF1F130CAC71930CB4
:10C528008006314DFD19EFA06FCF63C4A4006F5092
:10C53800DFFA3389940383270C028355CA015A868C
:10C548003E994A85EFF07FB005CD814D05A0338433
:10C55800AD038327090303D60B00D68533F6C9003C
:10C568003E942285EFF07FC419E5850DEFA00FC931
:10C57800E3CFADFC31A02285EFF0FFA02304040037
:10C58800850455B7EF523FF24169AA8A014A178BD1
:10C59800FF1F130B2B6A7D19C14B054CEFA00FC869
:10C5A8006344AA006F50BFF393098006B3073A03A8
:10C5B80083290B02BE9983D7E900638C2701638422
:10C5C8002A016398570103A4890311E44E85EFF00B
:10C5D800DFC9050AE1B78357040163997707930414
:10C5E800C4002685EFA0DFF185452A8D2685835C6A
:10C5F8000401EFA07FEE2685EFB08F81620561858B
:10C60800635F05028D452685EFA01FED89452685C8
:10C61800EFA09FEC89452685EFA01FEC8545268570
:10C62800EFA0DFEC83470500094793F7F707639806
:10C63800E70099452685EFA07FEBA30285014848CE
:10C64800337D2D01231894016A9548C40040B5BF75
:10C65800EF52FFE7EFD091239787FF1F83C7874AE1
:10C668001765FF1F13054518A300F500EFC0914F8C
:10C6780081461306F00F81450145EFD0E10F6F5059
:10C688005FE71787FF1F1307E73718439785FF1FD3
:10C6980083C545479787FF1F938747458346870389
:10C6A800034697036397D5009787FF1F238CC744DA
:10C6B800828083C587010347A7036317B60097875E
:10C6C800FF1F2381E744828003C687016317C700E1
:10C6D8009787FF1F2388D742828083C68701130765
:10C6E80050026319D700930760021787FF1F230BB7
:10C6F800F740828083C68701130660026315D6005F
:10C7080093077002DDB783C7870155BF9787FF1F5F
:10C718009387C73DD44B0947638EE606EF523FDB4C
:10C728009784FF1F9384C4393E8483C70400918B88
:10C7380095CBEFD0B1151785FF1F1305E538EFC06E
:10C74800714281461786FF1F0346063A8145014517
:10C75800EFD0810215CD83C70400ED9B1787FF1F1B
:10C768002300F7368347040093F7F70F95C39147E3
:10C778001787FF1F2326F738EFF09FEDEFF07FF0C4
:10C78800414691451785FF1F0345C536EFB0A045C3
:10C798006F503FD68280EF529FD38D474111630F70
:10C7A800F502C5476304F5028547631EF5009787C0
:10C7B800FF1F238BA734930500101785FF1F034520
:10C7C8006533EFB0202241016F50BFD285471787EC
:10C7D800FF1F230BF73293050020C5B79787FF1F6C
:10C7E8009387C730D44B11476387E600EFD0110A0F
:10C7F80093050004D9B785441787FF1F2322973074
:10C8080083C7070032C62E8493F7F70FCDDF7D1458
:10C818001374F40FEFD09107E3FC84FCB2459947F9
:10C8280003C61500E3F6C7FC09061785FF1F1305A5
:10C83800E52D9740FF1FE780C03B9305000817854B
:10C84800FF1F0345252BEFB0E0195DB7EF523FC836
:10C858001787FF1F130787294047184B1C409786E7
:10C86800FF1F23ABF6286316E4001787FF1F232753
:10C87800F728130584FEEF901FFB035564FFEF9024
:10C888001FCEEFA05FEE6F50DFC6EF525FC49787F1
:10C89800FF1F9387A725D84BDC4799C3EFF01FFBF1
:10C8A80085471787FF1F232DF7249787FF1F938737
:10C8B80067159C43930500021785FF1F03458523D1
:10C8C80083C787031787FF1F230EF722EFB0801156
:10C8D8006F503FC29787FF1F23ACA7208280EF527B
:10C8E8001FBFA1451785FF1F0345C520EFB0605A3C
:10C8F800A1451785FF1F0345E51F9784FF1F9384F4
:10C90800E41EEFB0C012DC4489E7EFF03FE06F505F
:10C918005FBE03D567FFEF909FC42A847DD5D848B2
:10C9280091476310F70291451785FF1F0345851C42
:10C93800EFB0205691451785FF1F0345A51BEFB0A3
:10C94800000F894703294401035404011787FF1F77
:10C958002328F71AEFD0817383C784012104420486
:10C968001765FF1F130545E81767FF1FA30EF7E6B6
:10C978006119EFC0311F4180814609469375F40F54
:10C988004A859787FF1F23810718EFC0B13711E940
:10C998009787FF1F83C7872789C79740FF1FE780AF
:10C9A80020E82146A1451785FF1F0345A514EFB0D0
:10C9B8008023B1BFEF52BFB193F7052001112E8438
:10C9C80081CBEFF09FEC1345042005616F507FB2D7
:10C9D80093F70510B9C79784FF1F93842411DC4887
:10C9E800EFF03FCA1787FF1F1307C701184383C714
:10C9F8008401034787036316F700DC4499C3EFF00B
:10CA0800FFE48547930500021785FF1F0345850E40
:10CA18001787FF1F2326F70EEFA0D07C13450410BD
:10CA28006DB793F70508ADC79787FF1F83C7170E24
:10CA3800E91719469785FF1F9385650D1305D100E2
:10CA480093F4F70F1789FF1F0349490CEFB0F263FE
:10CA580093970401C1831787FF1F1307A70B231D93
:10CA6800F100231CF1009787FF1F938727083ACE10
:10CA78003ACAD8432306010009CBDC439315890140
:10CA880054080D46E185680082971345040835BFB0
:10CA980093F72500A1CF9787FF1F93872705D84BCA
:10CAA80089476304F7029787FF1F83C7670113F756
:10CAB800270001EF918B89CF1306000A8945178556
:10CAC800FF1F03452503EFB0001213452400F5BDF1
:10CAD8009787FF1F938707F39C4383C787031787AD
:10CAE800FF1F2301F702EFF09FDFC5B793F7050299
:10CAF80091C7EFF0DFDE13450402C1BD93F785004F
:10CB080091C7EFF09FD813458400C1B593F715007E
:10CB180091C7EFF0BFBF1345140045BD93F745001B
:10CB280091C7EFF0BFBE1345440045B593F7050420
:10CB380085C39787FF1F83C767FB81CBEFF05FB182
:10CB480091471787FF1F232DF7FA13450404B5BD36
:10CB580093F705010145E38A07E69787FF1F938747
:10CB6800E7F8D84B9147631BF7029787FF1F938716
:10CB780027F59C4313D727008583D98F858B99E3A5
:10CB8800EFD0C15091451785FF1F0345A5F6EFB0BB
:10CB9800403085471787FF1F2324F7F61345040104
:10CBA8002DB5EF52DF929787FF1F23A707F49787CA
:10CBB800FF1F23A507F485471784FF1F130484E488
:10CBC8001787FF1F232EF7F21C4083C78703178799
:10CBD800FF1F2309F7F2EF905FEA21C19767FF1F54
:10CBE80023A8A7C01C40170500001305E5DC83C770
:10CBF80087031787FF1F2307F7F01767FF1FA30592
:10CC0800F7BE9787FF1FA38307EEEFB040659787AE
:10CC1800FF1F2381A7EE6F50DF8DB7C7898E9387DB
:10CC280067ED1767FF1F2325F7BC6DBFEF523F8ADB
:10CC38001787FF1F034787EB795441E39787FF1F47
:10CC48009387C7EA03C7170005079786FF1FA38FB7
:10CC5800E6E803C717008D463377D7029786FF1F8C
:10CC6800A386E6E883C617001787FF1F130787D92F
:10CC7800184393F6F60FA9E6834787031787FF1F24
:10CC88002302F7E885471787FF1F2301F7E69787F1
:10CC9800FF1F9387E7E29C430144998B99EFC145B5
:10CCA8001785FF1F034505E5EFA0705885451785D3
:10CCB800FF1F034525E4EFA0F05222856F507F83C4
:10CCC80083C7170085466395F600834797037DB7AA
:10CCD8008347A70365B79787FF1F83C727E1B1C7B6
:10CCE800EF52EFFE85451785FF1F0345A5E097879F
:10CCF800FF1F238D07DEEFA0905391451785FF1F77
:10CD0800034545DFEFB0E01891451785FF1F034540
:10CD180065DEEFA0D051C1451785FF1F034585DDAE
:10CD2800EFA0504C01456F50CFFC79558280EF52EF
:10CD38000FFA2A84035565FFEF907F829787FF1FBC
:10CD48009387C7DAD847BE840DEBEFA01FA19C4894
:10CD5800232004009DE79787FF1F23A187DA978781
:10CD6800FF1F23AB87D889451785FF1F034585D843
:10CD7800EFA0504701456F50CFF7630A870018436B
:10CD8800E1B780C39787FF1F23AA87D6E9BF7955E4
:10CD9800DDB7EF52CFF39787FF1F938767E7884385
:10CDA80023260500232405005105EF8030326F50FB
:10CDB8004FF4EF52CFF11784FF1F130464E51C40B2
:10CDC800411189CF9C472302B5002AC61CC1EFF048
:10CDD8005FFC1C409C4B99C33245829741016F50C0
:10CDE8004FF1EF52CFEE4111444D328532842EC6B9
:10CDF800EFA01F822AC42285EFA0FF8203A8440067
:10CE0800630C0800B245835744001840224683D576
:10CE18004500AA862685029841016F508FEDEF5292
:10CE28000FEB404D1DC408C0970500009385E5022F
:10CE380013054401EF80301C9787FF1F938747DD58
:10CE48009C43014589E79787FF1F23A387DC6F5021
:10CE58004FEA7D55EDBFEF528FE70111680093054A
:10CE6800F00F02C602C802CA02CC02CEEFF07FF46D
:10CE780005616F500FE89787FF1F938767D99C4319
:10CE8800D847A1679D076311F702EF524FE40111DC
:10CE98003285EFA0EFF7230AA10081456800EFF083
:10CEA8005FF105616F50EFE482809787FF1F9387DA
:10CEB80027D69C43D847A167938777036311F70266
:10CEC800EF52EFE001113285EFA08FF4230AA100A1
:10CED80081456800EFF0FFED05616F508FE18280BA
:10CEE8009787FF1F9387C7D29C43D8479547631CF2
:10CEF800F702EF52CFDD011132853284EFA04FF1F6
:10CF0800230AA1002285EFA00FF283574400231BB8
:10CF1800A10081453ECC1C4068003ECEEFF07FE981
:10CF280005616F500FDD8280930785FF89CF8327C6
:10CF3800C5FF91CBDC4B81CBEF526FD9032585FF21
:10CF480082976F500FDB8280EF526FD82A84328528
:10CF5800EFA00FECBD4763EBA70018449377F500EB
:10CF68000345B70041995D8DA305A7006F506FD8A1
:10CF7800EF52EFD501117C003ECAB70707003ECC3F
:10CF88007C003ECE5C4D8DCF2A8413858700AE840D
:10CF9800EF801008A1652A899D054808EF801FCEFB
:10CFA8009305803EB345B902480893F5F50FEFA005
:10CFB800CFDB014781465008A6852285EF807FECAC
:10CFC80005616F500FD3EF528FD0EFF07FFA6F509B
:10CFD8004FD2EF52CFCF01117C00AE843ECAA1657B
:10CFE800B70707002A843ECC48087C009385750360
:10CFF8003ECEEF80BFC81C44480883C5B700BD8932
:10D00800EFA0AFD6500801478146A6852285EF805C
:10D018005FE705616F50EFCDEF526FCB2A84AE8486
:10D02800EFF09FF2A6852285EFF0BFFA6F506FCC24
:10D03800EF52EFC9EFF0FFF96F50AFCBEF522FC9A6
:10D048000329C5014111630409022A843285B28487
:10D05800EFA00FDC2AC62685EFA0EFDC8327490066
:10D068002A8691C7DC4781C7B2452285829741014C
:10D078006F502FC8EF52AFC5444D81CC2A843285FA
:10D08800EFA06FDADC40AA8589C79C4799C322853F
:10D0980082976F500FC6EF52EFC1032AC5014111A5
:10D0A80063030A062E89AA84954532853284EF8067
:10D0B800FFBC85452285EFA0CFC6AA89CA852285EF
:10D0C800EFA0EFCB83274A009DC7DC438DC722859D
:10D0D800EFA0AFC383274A00104083564400DC43C7
:10D0E8007115A307A100B2961307F1004E86CA85F1
:10D0F8002685829701C52380090031A08345F10068
:10D108002285EFA00FC241016F500FBEEF522FBC16
:10D1180065711C083EC2B70780013EC41C083289ED
:10D128003EC62A84AE84EFF07FF14A85EFA0AFCFE8
:10D138008357A10089CFAA8550002285EFF0BFF55B
:10D14800014781465000A6852285EF809FD359610B
:10D158006F502FBAEF520FB665711C088329C501AD
:10D168003EC2B70780013EC41C082A84AE843289B7
:10D178003EC6EFF03FF0638409024A85EFA0AFCACC
:10D188008357A100AA8581CF50002285EFF0BFF018
:10D19800014781465000A6852285EF809FCE5961C0
:10D1A8006F508FB4EF52AFB265711C083EC2B7071B
:10D1B80080013EC42A841C0832853EC6AE84EFA096
:10D1C8008FC68357A10089CFAA8550002285EFF02A
:10D1D8009FEC014781465000A6852285EF807FCAD3
:10D1E80059616F500FB1EF528FAE444D91E88347AC
:10D1F800450093B71700B307F0403E856F506FAFF7
:10D208001845FD577DDB97070000938707032A849D
:10D218005CCB97050000938565D113858400EF806A
:10D22800805D80C003474400814761FB1787FF1F6B
:10D238002322979ED9B7EF52EFA78329C501411141
:10D24800032985008147638B090803240901914557
:10D258002A8A2285EF809FA285452285EFA06FACA0
:10D268008945AA8A2285EFA0CFABAA84EF80BFA602
:10D2780083A749002A8B9DC79C438DC72285EFA0B1
:10D28800CFA883A74900A306A100104083564400F5
:10D298009C431307D100B296D6851306E100528548
:10D2A800829709CD83570B002380F400A183A380C4
:10D2B800F40023800A00A306010029A88357E1008F
:10D2C80022852380F4008345D100A183A380F40044
:10D2D800EFA02FA58347D100B337F0000347B9006B
:10D2E800920701453D9BD98FA305F90041016F5075
:10D2F800AF9FEF52CF9D41111DE99787FF1F93877D
:10D308006791804305C80440130984009DC55C40AB
:10D3180099C79C4B89C726852EC68297B245930725
:10D32800803EB385F5024A85EF80C05821A0404D64
:10D33800AA8479F841016F50CF9B4A85EF80005944
:10D348005C40EDDBDC4BFDD726858297E5B7EF52D5
:10D358000F982A843285EFA0AFABAA852285EFF01B
:10D368005FF96F500F99EF528F962A84AE84EFF0D1
:10D378001FFEA6852285EFF0BFBF6F508F9708412B
:10D388003355B50005898280EF526F941784FF1FCB
:10D398001304448A1C5C0111231701008D83858BBB
:10D3A800A303F1008327040B2318010023190100AC
:10D3B80003D7C7013ECA3C002314E1007D5723155B
:10D3C800E1000357C4023ECC02CE2316E100EF80F1
:10D3D8004FF38357E101231EA10093F707E093E77A
:10D3E8001710231FF1009787FF1F83C7478785C33F
:10D3F80005470145638AE7008347840393E72700CD
:10D408001787FF1F2304F78605616F508F8E8147AA
:10D4180017D702001307877F8546130671008545D5
:10D428004808EF70E0506DF183478403F59B178738
:10D43800FF1F230DF78285471787FF1F2301F782F8
:10D44800E1B7EF52CF85977DFF1F938DAD7E03A681
:10D45800CD0639712A8981478144930600023357E2
:10D46800F600058B01C7850493F4F40F8507E3984C
:10D47800D7FE83A70D0B231701022318010203D738
:10D48800C7013EDA3C102314E1027D572315E1025F
:10D4980003D7CD023EDC231901022316E10202DE86
:10D4A800EF802FE68357E103231EA102014593F77E
:10D4B80007E093E71710231FF1029777FF1F83C731
:10D4C800077AA9EF9777FF1F83C7577A3EC69779E0
:10D4D800FF1F938929760144014D9D4A054B954BC1
:10D4E800177CFF1F130C4C7C977CFF1F938C4C7B85
:10D4F80003DAC90563090A00EA85631459036685D6
:10D50800EFF0FFE71DC1050DA1478909E312FDFEF4
:10D518002DE09777FF1F23A70778014521616F400A
:10D52800DFFB6285EFF0BFE579DD3247B387840022
:10D53800E3F0E7FE9C001306140006043E9413175C
:10D548008A0093578A00D98FC207C183A30EF4FCBF
:10D55800A183230FF4FC03A70D07B317AB01D98FE1
:10D568001777FF1F2320F77463047601328461BFA5
:10D5780015449777FF1F83C7676E13871700977641
:10D58800FF1F238DE66C93161400230EF10017D7A6
:10D5980002001307A767814785067008CA854818DF
:10D5A800EF700039E34705F68347C1010545177752
:10D5B800FF1FA305F76A9777FF1F2382276BB9BF61
:10D5C800EF425FEF0111AA892E84EFD0EFA52A89D7
:10D5D8009774FF1F938404666399090A9C5C41470A
:10D5E80093F707036393E70A1777FF1F03477767E4
:10D5F800894763ECE70883A7040B23170100231866
:10D60800010003D7C7013ECA3C002314E1007D573F
:10D618002315E10003D7C4023ECC231901002316C9
:10D62800E10002CEEF80EFCD231EA100EFC06FD640
:10D638008357C101230FA100914613D78700A20782
:10D64800D98F2312F1009777FF1F83D7476213D72B
:10D658008700A207D98F2313F10017D702001307F9
:10D66800675A8147500095454808EF70602C058837
:10D678009317240003C484036D985D8C9777FF1F6C
:10D688002386875E05616F403FE6EF70507C177513
:10D69800FF1F1305255EEF80602383A7040B977592
:10D6A800FF1F83D5E55B03D5C701EF1000289777E7
:10D6B800FF1F83C7A75B93F60702014789E6177721
:10D6C800FF1F0357E7599776FF1F2393E65A1777EB
:10D6D800FF1F1307E754184309CBC18B99C7894526
:10D6E8001775FF1F0355C55702979777FF1F23A983
:10D6F80007569777FF1F238407569777FF1F23A1A5
:10D70800075A9777FF1F23AF07589777FF1F23AD57
:10D71800075883D7840393F7270C93E717001777E5
:10D72800FF1F2315F75483572903A18B99C3EF7063
:10D73800E04411C49777FF1F23A00752A1B78D4774
:10D748001777FF1F232AF7501304803EEF90EFB09E
:10D75800330585029305400609C5EF900FB0B30560
:10D7680085021775FF1F1305E550EF80A01419BF38
:10D778009777FF1F9387074CD85325C791C9977789
:10D78800FF1F238E074C9777FF1F23AD075082801A
:10D79800EF42FFD383C7F70241112EC685071777DB
:10D7A800FF1FA300F74C9777FF1F2394A74C9D47B3
:10D7B8001777FF1F2322F74AEF902FA92A84EF90AB
:10D7C800CFA8B24501E5EF904FA8AA85B305B440AC
:10D7D8001775FF1F1305054AEF80C00D41016F4003
:10D7E8005FD182809777FF1F9387C744D85331C78B
:10D7F800EF42FFCD03C7F70205079776FF1FA38205
:10D80800E64611CD8C5F0D4701458981858997765C
:10D81800FF1F23A3E644EFF0BFDA6F409FCD854793
:10D828009305C0441775FF1F1305C5441777FF1FDD
:10D838002324F742EF800008CDB78280EF423FC92A
:10D848001777FF1F0347A7418547631EF7009777A0
:10D85800FF1F9387273E83C7870393C787001777E0
:10D86800FF1F2305F7401775FF1F1305A540EF801D
:10D87800E005EF809FFA99471777FF1F232EF73CA3
:10D888009777FF1FA38F073C9777FF1F2389073CD4
:10D89800EF90CF9A930740063305F5029777FF1F5D
:10D8A80023A2A73C6F40FFC49777FF1F83C7073C9D
:10D8B800C18B99C7EF42BFC1EFF01FAD6F407FC367
:10D8C800695582809777FF1F9387C736DC5381CBD2
:10D8D800EF42FFBF8545EFF0BFCE6F409FC182800A
:10D8E8001777FF1F1307073501468146BA85214878
:10D8F800631E06019DCA2390A60083C7850393E78C
:10D9080017001777FF1F2303F73605A08357C705AE
:10D91800631DF502F8598547B397C70093C7F7FF0A
:10D92800F98F1777FF1F2321F7389C5D9183858B2B
:10D9380085C79777FF1F83C7873299EFEF423FB9B3
:10D948001D45EFF01FB06F40DFBA81E699E39306FB
:10D95800C7050506090769BF8280EF42DFB486055F
:10D96800AA84B309B500977AFF1F938A6A33054BD7
:10D97800977BFF1F938B0B33214C6394340397776A
:10D98800FF1F9387272B9C5F9183858B89CB977784
:10D99800FF1F83C7C72C81E72145EFF09FAA6F407F
:10D9A8001FB403DA0400630B0A041779FF1F130975
:10D9B80069280144CA8C8357C905639D4703A2851A
:10D9C8005685EFF0DF9B11E5A2855E85EFF03F9B62
:10D9D80005C903A74C07B3178B00D98F1777FF1F0B
:10D9E8002324F72C83C78C0393E717001777FF1FAF
:10D9F800230EF72605040909E31F84FB8904B5BF34
:10DA0800231E0904C5BF1777FF1F0347472585470E
:10DA1800631AF700EF42BFABEFF05FE2EFF0DF967B
:10DA28006F403FAD8280814785451306000293868B
:10DA38001700B397F500E98F13F7F60F89E7B68754
:10DA4800E397C6FE01473A858280FD4785457D56A6
:10DA5800B396F50013871700E98E1377F70F89E659
:10DA6800FD17E397C7FE01473A85828089E9014798
:10DA78003A85828001473A8541016F409FA7EF426E
:10DA88001FA541112AC62E852EC4EFF0DFF9A24545
:10DA98007D158547B397A700E39EF5FC324693773B
:10DAA800360099C3719A11069777FF1F9387471815
:10DAB80094433E871778FF1F1308C81689EA8327FF
:10DAC80008009107F19B9776FF1F23A3F6160325FD
:10DAD80088001843B307A700B3F7B702B387F54028
:10DAE800FD15FD8D83274800AA95B306B600E3F31C
:10DAF800F6F8E371D5F82E979777FF1F23A8D7126A
:10DB08003DDB3A858145EF409F9F2A87ADB7184195
:10DB18009777FF1F9387071123A4070098C35841DD
:10DB2800D8C39777FF1F23A507108280EF429F98DD
:10DB3800AA8401441779FF1F1309C90F9309400EDE
:10DB4800EF809FE06345A40001456F40FF993305CE
:10DB580034038327090B3E958357C501E38797FE56
:10DB68000504F9BFEF423F949779FF1F9389890C09
:10DB78003E84BA848347060003A7090041119D83A8
:10DB8800058B3D8F83C74401AE8A2A89F99BD98FBB
:10DB9800238AF4001C44B685231204001CC0228585
:10DBA800328A36C6EF90FF97B246D2853686EFA006
:10DBB800D24DDC4883A509000840858B56869D8D8B
:10DBC800EFD0BFD261E918407D558347570003471E
:10DBD8006700A207D98FC207C1872394F40063584E
:10DBE800F00A83C7440193F70703B5CBD04893776E
:10DBF800160003A609001D8E9777FF1F9387473AE3
:10DC08009C43ADEB814641A003A70B0093172A0064
:10DC1800BA9718409443834757008345670033F603
:10DC28005601A207CD8F6311F602834737000346DA
:10DC3800470003472700A207D18F4207D98FBD822B
:10DC4800B3F76701638AF604050AEF80FFCE420541
:10DC580093170A014181C183E3E8A7FA41BFA16A8A
:10DC6800370B0200014A977BFF1F938B6B0AFD1A43
:10DC78007D1BE1BF83C7440113070003854693F763
:10DC88000703E391E7F8A2854A85EFD07FD64101E3
:10DC98006F40FF846155E5BF7955D5BFEF429F813D
:10DCA8009774FF1F938444E19C40D9EF9777FF1F37
:10DCB8009387C7F69C436399070CEF80FFC99307C6
:10DCC80080023305F5028945EFF05FDA41C997779D
:10DCD800FF1F23A7A700EF803FC79307400E330518
:10DCE800F5029145EFF09FD835C99777FF1F23AB11
:10DCF800A7FEEF807FBD01CDEF801FBD91450E05CA
:10DD0800EFF0DFD621CD9777FF1F23AFA7FCEF8079
:10DD1800DFD511CDEF807FD5D9473305F502894589
:10DD2800EFF0DFD405CD9777FF1F23A9A7FAEF807F
:10DD3800BFC091450A05EFF07FD30DC19777FF1F4C
:10DD480023A8A7FC014521A8EF805FCD9307800693
:10DD58003305F5029145EFF07FD101E565556F4038
:10DD6800AFF89777FF1F23A7A7EE0144130A800691
:10DD78001779FF1F130909ECB14AEF803FCA6364A2
:10DD8800A4029C40E38407F2EF805FC99307A004D4
:10DD98003305F5028945EFF07FCD69D19777FF1FED
:10DDA80023ACA7F619BFEF807FC689450605EFF0BB
:10DDB800FFCB4DD5B3094403032709024E9708CB7F
:10DDC800EF80DFC3330555039145EFF03FCA59D5BE
:10DDD8008327090205041374F40FCE9788DB71BFFB
:10DDE8009777FF1F938707E5884705898280C16772
:10DDF800FD176319F5009777FF1F9387A7E303A51E
:10DE0800070B8280EF42AFECEFF05FD26F406FEE0E
:10DE1800814709C58347E501B337F0001777FF1F2E
:10DE2800130747E118470983058B19C393E72700B0
:10DE38003E858280EF42AFE92A84EFF07FFD834779
:10DE4800E401AA851305940899E31305040397765A
:10DE5800FF1F938626DE94421306150213078402D9
:10DE680013059504EFD04FC76F40AFE8EF428FE43A
:10DE78009774FF1F938404DC98442A892E840983AD
:10DE8800058B9C4019C76314F5006380050E014497
:10DE980001A2E3FEA7FE1387A702E36AA7FE850790
:10DEA80063FCA70883A9440BEF801FA21316350053
:10DEB80081454E85EF40AFE49777FF1F23AC27D706
:10DEC8009777FF1F23AA07D649CC9C4493E74700BE
:10DED8001777FF1F2324F7D69777FF1F238807DCC0
:10DEE800630F040C9777FF1F23A627D50144054924
:10DEF800EF809F9D6341A40AEF801FA09305000651
:10DF0800B3C5A502B7F73600938707E81775FF1F53
:10DF1800130505DA416901449309400E7D19B3855B
:10DF2800F502EF703019EF803FA2634FA408014556
:10DF3800EF30C0760544A9A86398A7029DE583A998
:10DF4800440BEF807F981316350081454E85EF40CE
:10DF58000FDB9777FF1F23AF27CD9777FF1F23ADE1
:10DF680007CC9C44ED9BADB785C51777FF1F0347CA
:10DF7800E7D39307F005E3FCE7F021F8EF601041E1
:10DF88006DD19C4493E707021777FF1F2328F7CA30
:10DF980022856F406FD583A7440B131534003E9537
:10DFA8008357050081CB8347250099C721468145C2
:10DFB800EF40EFD405042DBF23012501E5BF977776
:10DFC800FF1F23AB07C60DBF3305340383A7040B1C
:10DFD8003E958357C50163842701EFF0BFE505042B
:10DFE80099B7EF42CFCEEF803F9113040006334537
:10DFF800A4029774FF1F9384E4C383C784073E95E4
:10E008001375F50F9777FF1F2382A7CA9307F005AB
:10E0180063E7A7020545EF306068EF80FF8D334561
:10E02800A402B7F53600938505E8B305B502177560
:10E03800FF1F1305E5C7EF70F0076F408FCB9C44B7
:10E0480005458983858B81CBEF90EF90884081458A
:10E05800EFF0DFE1DDB7EF306064C5B7EF428FC5A1
:10E06800130495082A8913069005A285130505034C
:10E07800EFA0B2011306900581452285EF402FC815
:10E088004A85EF30405B8144177AFF1F130A8ABA2A
:10E09800930A8002EF805F8C63C4A4006F40CFC4F2
:10E0A800338454038327CA0A3E94035704008357D2
:10E0B800C9016317F702834744009DC393096401AC
:10E0C8004546CE8513055400EFA0227C4546814580
:10E0D8004E85EF40CFC2228523020400EF30805DD9
:10E0E80085044DBFEF42AFBE9777FF1F9387C79C4C
:10E0F8009C432A8491C70DC50355C501EFE08FC81D
:10E108009777FF1F9387C7E99C4389CBEFB0FFD868
:10E1180085476315F5002285EF50E0616F406FBDBC
:10E1280041657D15E1BFEF428FBA1774FF1F1304D5
:10E1380064B04440938714001777FF1F232EF7AE6F
:10E14800EF30E0641C448983858B9DE75840B7E72E
:10E15800B0009387075063F1E7020145EFF01F9D78
:10E1680001CD0545EF803FFF084085450505EFF0E7
:10E17800FFCF0145EFF01FF726856F408FB7EF42BD
:10E188006FB3A1642A8901449779FF1F938949B81D
:10E19800FD14338AA500EF802FFA6344A4006F4072
:10E1A800AFB403A7090093172400BA979843658F63
:10E1B80042074183634C2701635A470123800700C4
:10E1C800A380070023810700A38107000504E1B7A6
:10E1D800EF42EFAC83594500C547411163F537312C
:10E1E8000441C1E533853401834785FF034795FF23
:10E1F8000348B5FFA207D98F0347A5FFC207220727
:10E2080033670701D98F0347C5FF0348D5FF2207A6
:10E21800336707010348E5FF0345F5FF4207220876
:10E228003365A800498FB98F1777FF1F130707AC0D
:10E238001778FF1F130888AD3A8583280700638481
:10E24800172B1107E31B07FF1777FF1F130707ACEF
:10E2580018431318270042951CC10507A1473367C7
:10E26800F7029777FF1F23A3E7AA93F735001397C1
:10E27800470083474601C16B368993F7F7FCD98F6E
:10E2880032842E8A230AF600814A177CFF1F130C5A
:10E298006C9AFD1B977CFF1F938C0C82177DFF1FC8
:10E2A800130D8DA7EF804FEA63C7AA00E1542685B6
:10E2B80041016F408FA21308400EB3870A03032859
:10E2C8000C0BB30DF800638E0D2083D7CD01638A44
:10E2D800772183A70C00014B639707169777FF1FD9
:10E2E8009387C7939C436390071683C7040003C7AB
:10E2F8000D0493F7F707631BF71ACA872287CE86A0
:10E30800268693859D0613851D04EFF0BF85631F40
:10E31800051883D7CD01032709002320B401231250
:10E32800F400FD572313F4008347170093F6F7070B
:10E338008347D40093F707F8D58FA306F40093F723
:10E34800F707B337F000B307F0402307F40083471B
:10E3580017009D839396370083474401DD9BD58F33
:10E36800230AF4008347370083464700A207D58F66
:10E3780083462700C206D58F1CC88347770003470A
:10E388008700A207D98F2315F4000D476304EA001C
:10E39800BD5491DF93870710C207C1831307B00FDD
:10E3A800BD54E376F7F0EF802FD48144E31105F0F4
:10E3B8009776FF1F83C60696938716001777FF1F69
:10E3C800230AF7941777FF1F13078794231BD4009A
:10E3D80093972600144303578400E175BE96A167FE
:10E3E8001386F7FFB377C70098426D8FD98F9CC209
:10E3F8001848F18F3E07D98F9CC2EF80EFD39777EB
:10E40800FF1F83C7279133F5A7029777FF1F238341
:10E41800A79071BD9307A004B308FB0283270D00E2
:10E42800BE9803D7080083D7CD01631DF70083C7C3
:10E43800040003C7880093F7F707630BF70083C747
:10E44800FD019DEB050BEF806FDDE345ABFC71BD76
:10E458009385980113859800CA872287CE862686D9
:10E4680046C6EFF02FF0B24879F98347440193E7A5
:10E478004700230AF40071BD83C7040003C798024C
:10E4880093F7F707E310F7FCCA872287CE8626861C
:10E498009385A8031385A802EFF0CFEC45F58347D1
:10E4A800440193E72700230AF400C1B783C7FD019D
:10E4B8008DCB83C7040003C79D0993F7F707631241
:10E4C800F702CA872287CE86268693852D0C138568
:10E4D800AD09EFF02FE911E58347440193E72700E1
:10E4E80049BF850AC1B3FD54D9B3EF32DFFB797157
:10E4F80083544500AA8B2E84B28AEF80EFC6590553
:10E5080063469504EF804FC6590542054181EF9057
:10E51800E0022A8905CD2AC623180100EF80CFC45E
:10E5280059052319A1006146814528089769FF1FED
:10E53800938949704ACAEF309FFC2302810203A4E1
:10E548008900058819E44A85EF80307A45616F3083
:10E558001FF974003008D6855E85EFF07FC765F532
:10E568006800EF80FFF9177AFF1F130A6AA3832751
:10E578000A00AA84035B010189CB89476397FA00E3
:10E58800835501025E85EF50A03403552102EF70D8
:10E59800EFD719E503552102EF702FE43334A000BB
:10E5A8008347C1021A042C0893F7F7FB5D8C6800B7
:10E5B80023068102EF60505BE9576314F502835626
:10E5C800E1029767FF1F9387A7749C431397260060
:10E5D8006176BA979843718F98C39767FF1F238B0B
:10E5E800D772831721026345F00085476396FA00C6
:10E5F800B25793F7070CA1FBD247C2040347C102E5
:10E60800C180BE9426C62318610113770703C1474A
:10E61800631CF70083475102054793F7F707E38424
:10E62800E7F2EFB00FD735A892570544A18393F7C7
:10E63800F707E37AF4F0630507108347C10213076D
:10E64800000293F707036397E700EFB01F8585473C
:10E65800E31BF5EE8347C10293F70703F9F3EFB025
:10E668000FE3AA8501460545EF808F852A84E30CD0
:10E6780005EC8347C102414793F707036384E70228
:10E6880032478347170093F707F8A300F70032478C
:10E69800925783461700A18393F7F707FD17D58F85
:10E6A800A300F70003560101B245130BC4005A85B5
:10E6B800EF80DFE9E24A130690058347C10283C46D
:10E6C800EA01918BB384C40213851404569595C34B
:10E6D8005444B3879A0083C7070403C70600137717
:10E6E80007F82380E600584483460700D58F2300A7
:10E6F800F700B25703A609008146858B1D8EDA857F
:10E70800EFD04FA415E9B25783A5090048441386F2
:10E718009406858B56969D8DEFD02F9D11ED8327FE
:10E728000A0085EBB257054791838D8B6380E70616
:10E73800A1CB09476382E7062285EF90CF8221B5F6
:10E74800EFB06FD2E30B85EEEFB02FF5E31D85DE5A
:10E75800EDB5EFB08FF485476309F5008347C10233
:10E76800414793F70703E39FE7FA835521025A8548
:10E77800EF50600145D983172102E355F0FA6DBFC8
:10E78800EFB06FCE7D15133515005DD50146814577
:10E798002285EF70DFFB4DB7EFB02FF0E5B7EF3212
:10E7A8001FD39764FF1F9384644A2685EF807FF404
:10E7B8002A8419E16F30FFD31305C400054681454B
:10E7C800EFF0BFD22285EF801FFAC5B7EF323FD0F6
:10E7D8004111AE842A849307950313071501930604
:10E7E800F10005466C00268523060100EFD00FC610
:10E7F8001DEDA68541462285EFA022098347F10039
:10E808009305140226852308F400EFD0AFCF05E165
:10E818009767FF1F9387C7789C4389EF1306940473
:10E8280097C502009385053F2685EFD0CFDB4101D0
:10E838006F303FCC1306940297C502009385053EBE
:10E848002685EFD04FDA79D9DDB7EF32BFC69767A3
:10E85800FF1F9387E74B8043AE84B289368AAA8A22
:10E86800EF808F8D1316250081452285EF303FC933
:10E878009767FF1F2380074A9767FF1F9387873B88
:10E8880003A4070B13F714003E89230FE400CE8579
:10E8980025C713059408EFF07FF301C555556F3070
:10E8A800BFC48947A30FF4009767FF1F9387476F7B
:10E8B8009C4303278900858093B7170086072300A8
:10E8C800F402231E54019767FF1F23A54737858845
:10E8D8009377B7FF99C0936747001767FF1F232FE8
:10E8E800F7342285930700061767FF1F2300F73CBC
:10E8F800EFF04FD4014565B713050403EFF01FEDA2
:10E9080045D569BFEF32BFBCFD572310F500231171
:10E918000500231205002313050013062004814572
:10E928002105EF30DFBD6F30DFBCEF32BFB84111DA
:10E93800AA8401441769FF1F1309093E9309A0041B
:10E948002EC6EF80AF8DB2456344A40061550DA07B
:10E9580033053403832709003E9583572500639CBC
:10E96800B7008357050063989700EFF0BFF901459A
:10E9780041016F307FB70504E1B7EF32BFB3976746
:10E98800FF1F9387A7299C434111AA842E84B2892B
:10E9980003592500C1C39767FF1F83D7672C639B63
:10E9A8002707EF700F962A8903D5240093051002D4
:10E9B800B305B40285472302F10093578900A302E7
:10E9C800F10093578500A303F10083D74400230483
:10E9D800A100254613D787002305F10083D76400DB
:10E9E800A304E1004E8513D78700A305E1002306A1
:10E9F800F1001387950093879501A105B386B400AC
:10EA0800A6974C00269723032101EFD02FA441019C
:10EA18006F309FADEF70EF8E51BFEF32BFA941113C
:10EA2800AA8401441769FF1F1309092F9309A00439
:10EA38003AC636C432C22EC0EF705FFE8245124617
:10EA4800A24632476344A400615599A0B307340332
:10EA580003250900AA9703D8070003D5C40163104A
:10EA6800A80495E91DEE91CA03C6E40193051002B6
:10EA78003306B60225063E9690C2014511CB83C6E1
:10EA8800E40113061002B386C602E506B6971CC356
:10EA980041016F307FA503D52700E305B5FC0504C8
:10EAA80041BF83C5E40113051002B385A502BE95D5
:10EAB80083C585002300B6007DB7EF32BF9F5C4158
:10EAC80041112A8403DA2700C167FD17AE84328911
:10EAD800630CFA002685EF805FA38D4763EDA700DE
:10EAE8007D5541016F305FA02E85EF801FA29D47A5
:10EAF800E3E2A7FEF5B75C40268583D54700EF80A3
:10EB08007F99835584002685EF80DF988D4526857B
:10EB1800EF801F97AA89EFF00FE193570501238033
:10EB2800F90093578500A380F9002381A900584074
:10EB3800C167FD178345A7006314FA0093E505082C
:10EB48002685EF80FF979767FF1F9387270D9C43C4
:10EB58000840D9CF8347B400858BD9CB78003400DF
:10EB6800130671008145EFF05FEB1DC98347B400C0
:10EB7800184093069005F99BA305F4008347E70125
:10EB8800B387D702B306F70083C60604A303D100F0
:10EB98009386170493879706BA96BA9736C43EC6E3
:10EBA8001764FF1F130404091C440C40268589833D
:10EBB800858B9D8D834771009E05DD8D93F5F50F3F
:10EBC800EF801F901C44104022458983858BCA869C
:10EBD8001D8EA685EFC01FD7E31505F01C440C4019
:10EBE800324689838840858B9D8DEFC01FD0D5BD67
:10EBF8008347B40013079005F99BA305F4008347E6
:10EC0800E501B387E7023307F50003470704A303C9
:10EC1800E10013871704938797062A973E953AC40D
:10EC28002AC6BDBFEF321F89032A45009307F00F9C
:10EC3800AA840347AA00AE89328436896316F7008E
:10EC4800EFB04FB42305AA00938AC9000146D685C0
:10EC58002685EFF09FE62A8A21E51767FF1F13072D
:10EC680027341843DC4039C383C6A7000547638FA0
:10EC7800E60283D547005685EF40F03005C9DC40F1
:10EC8800839747006354F00201CC1C4089C74A8629
:10EC98008145014582975C4081C7CA8501458297B5
:10ECA8004E85EF805FAC52856F301F84DC4003D502
:10ECB8004700EF60BFE501E9DC4003D54700EF609E
:10ECC800DFF181471DCD19C41C4089C74A8681459B
:10ECD800014582974E85EF805FA8AA851765FF1FBB
:10ECE8001305C5F6EF80BF9E11C45C4081C7CA8575
:10ECF800014582971765FF1F130585F4EF60303AC9
:10ED08008547D84085460346A700E30BD6F8031786
:10ED180047006353E000C9F74A86A2854E85EF7025
:10ED28001FA3BDBFEF320FF9AA8401441769FF1F63
:10ED3800130989FE9309A004130A9508EF701FCEE2
:10ED48006344A400014535A0330534038327090033
:10ED58003E958357250099E30504CDB70357050071
:10ED680083D7C401E31AF7FE52868545EFF0FFC04A
:10ED780065D56F306FF7EF32EFF3AA840144176956
:10ED8800FF1F130969F99309A004EF703FC9634491
:10ED9800A4006F306FF533053403832709003E95CF
:10EDA8008357250081CF8357050063999700930502
:10EDB8009502130610022105EF90322D0504F1B7D4
:10EDC800EF32EFF00347E5012A848347F501630733
:10EDD800B70089E781452E856F30AFF1230FB40066
:10EDE800054781C9E398E7FE8947A30FF4008545E5
:10EDF800DDB7638BE7020947E39FE7FC2285EFF065
:10EE0800EFA59767FF1F938767E19C4399E797678B
:10EE1800FF1F938767CA9C4389C70355C401EFF056
:10EE28009FF5A30F0400E1B755D6C9BFEF328FE8AD
:10EE3800EFA0DFF785476312F508EF804FD6176418
:10EE4800FF1F1304E4151C4081CBEFB00F858947E1
:10EE58006304F5001C4082979767FF1F938707DCC0
:10EE68009C43B9CF82979767FF1F9387E7C49C435A
:10EE780091C382971764FF1F1304C4DB8327040B15
:10EE880083D4C701EF60FFC78327040BAA8514400A
:10EE980003C6E7011C448983858B99C31366260042
:10EEA80026854169EF40A0428144D9497D19EF7018
:10EEB800DFBB63CAA4006F302FE3EF806FD341B785
:10EEC800EF703F944DB7B38734030327840ABA978A
:10EED80003D527006308250103C6470183D507002A
:10EEE800EF4080408504E1B7EF32CFDC01449764FE
:10EEF800FF1F938424D41309400EFD59EF70DFA43B
:10EF0800634FA40401449764FF1F9384A4D2130998
:10EF18008002FD59EF705FA4634CA4040144976418
:10EF2800FF1F938424D15949FD59EF701FB4634AD8
:10EF3800A40497F5FFFF9385050B1765FF1F1305BD
:10EF480025D7EF60500B97050000938585851765D9
:10EF5800FF1F1305E5CEEF60D0086F30EFD83307F9
:10EF6800240383A7040B0504BA97239E370179B7B6
:10EF78003307240383A7C40A0504BA9723903701EB
:10EF880051BF3307240383A7840A0504BA97239142
:10EF9800370161BFD4410387350085473356F502F1
:10EFA8006377E600A54899E7238006008280B38747
:10EFB800E702EDB73358F502038735003375F502DC
:10EFC800B3D7E7021307000363DA080103C6050095
:10EFD80013077003118A19E2130770058506429713
:10EFE800A38FE6FEC9B718451C416376F7005C415C
:10EFF800BA972380B7001C4585071CC58280EF326D
:10F008000FCD4111AA872E85B285368636C68297DE
:10F0180063480500B246158D3335A0003305A0407E
:10F0280041016F300FCDEF32EFC8056941112A8ACF
:10F038002320060001448149976AFF1F938A4AD01A
:10F04800056B7D1932C62EC4EF701F91AA84EF702C
:10F05800BF8F2695A24532466346A4004E854101DE
:10F068006F308FC803A70A0093171400BA9703D705
:10F0780007003377670101E71CC20504E1B703D72E
:10F0880007009356D700858AE39946FF337727010F
:10F09800E315B7FEBE89D5B7EF326FC301112EC68F
:10F0A800B2843689EFB00FF72A84615501C8B2459A
:10F0B80089E9232E040023200402014505616F30ED
:10F0C8004FC3A1463008CA852685EFF05FF37DF56A
:10F0D800835781010357A101231EF4008357C101FF
:10F0E8002310E4022311F4028357E101D207D183EC
:10F0F8002312F4028357E10113973701635607007F
:10F10800FD57231FF4005DBF231F040045BFEF32E6
:10F118006FBA1764FF1F1304E4B18327040B03D7E6
:10F12800C701C167FD17630EF7109767FF1F938725
:10F1380067E79C4381C70545EF40407CC1690149A9
:10F14800930A400EFD19176BFF1F130B6BE5EF7049
:10F15800AFFF634BA90E1767FF1F034727B5930738
:10F16800F00563E4E702EF702FF993050006B3C5D5
:10F17800A502B7F73600938707E81765FF1F130541
:10F1880025B3B385F502EF60E072814517050000ED
:10F1980013058520EF70AF88EFB0CFE701CD035797
:10F1A800C50109CB0357E50111C78347050299C378
:10F1B800EF60E06EEFB04FE731C51767FF1F0347F9
:10F1C800A7BB9767FF1F938727BB0DCF03C7170000
:10F1D8002304E50003C72700A304E50003C737009D
:10F1E8002305E50003C74700A305E50003C757004B
:10F1F8002306E50003C7670083C77700A306E50079
:10F208002307F5001C4493E717001767FF1F232700
:10F21800F7A25C4085E7EF706FFB0DC1EF700FFB45
:10F2280044402A89EF708FFA33F5A4025C40FD1739
:10F23800CA97898F1767FF1F2320F7A00145EF7032
:10F24800FFAA01456F304FAAB30459038327040B63
:10F25800BE9483D7C40163883703138A0403D28515
:10F268005285EFF0AFD605E183C7F40199CF9385B6
:10F2780094082E85EFF08FD509C9130690058145AE
:10F288005285EF30CFA70509D9B583270B0026850E
:10F2980093B7170086072380F402EFE0BFB9E5B7FC
:10F2A800854763F8A7009307F5FFBE953305A0408F
:10F2B800E98D2E8582809841C167BA9713D70701D7
:10F2C8006304A7009CC182804207998FE5BFEF3293
:10F2D8000FA041112EC63284B684EFB0EFD4E157A7
:10F2E80001C9B24591E99767FF1F238707A881479E
:10F2F8003E8541016F30EF9F9D461766FF1F13063D
:10F30800B6A7A6852285EFF09FCFAA8775F1054796
:10F318009766FF1F2382E6A6E1BFEF32AF9941113E
:10F3280091E99767FF1F23A90790014422854101AE
:10F338006F308F9BB68532858D467000EFF03FCCDD
:10F348002A846DF58347D1000347E1001769FF1F41
:10F358001309498EA2074207D98F0347C100D98FE5
:10F368001767FF1F232AF78CEF704FE661D1EF7004
:10F37800EFE583244900AA89EF704FE533F5A4022D
:10F3880083274900FD17CE97898F1767FF1F23250D
:10F39800F78A69BFEF32AF931C45AA8491CFD84B47
:10F3A80001CF83D7470089CBEF60FFA1AA8509C5A4
:10F3B80088446105EF6000509767FF1F93870786B1
:10F3C8009C43014489EF6F30CF929C481317140077
:10F3D800BA9703D5070019C1EFE08FD00504EF7085
:10F3E800AFD3E344A4FEC5B7EF326F8E011185E9B0
:10F3F800EF603FEA01449767FF1F23A9078C9767CF
:10F40800FF1F23A7078C9767FF1F23A5078C976704
:10F41800FF1F23A3078C228505616F308F8DB68768
:10F428003285C9467000BE85EFF07FBD2A8465F538
:10F4380041469305E1001765FF1F13052589EF90E5
:10F44800C2440355C100EF608FE7F1B78DE19757CC
:10F45800FF1F23A1077E9757FF1F9387A77D9C4710
:10F468000145ED9B1757FF1F232AF77C8280EF3257
:10F478000F864111B685328595463000EFF03FB8CA
:10F4880015EDA2471757FF1F2326F77A9757FF1F37
:10F498009387477A9447B24713F7B6FF13F61700D6
:10F4A80019C213E74600858393F7F7079756FF1F9E
:10F4B80023A6E6781757FF1F230AF77E41016F300E
:10F4C8004F83EF223FFF03841500DC412A89AE8475
:10F4D80085070387F7FF19C36340800C83872400DF
:10F4E80091C7635580007D14620461849C4037078E
:10F4F80000FF0907F98F3707001009076392E70A29
:10F508006355800079146204618483C70400858B85
:10F5180095E39379F40F4E8A93178A01E187634A3A
:10F52800F008A2876353040081473384F9407D14AF
:10F53800620461848385240081C54A85EFF0BFAAEF
:10F548009C40370700FF0907F98F370700100907A4
:10F55800639AE706930500034A85EFF0DFA883C79F
:10F56800040093058005918B99E3930580074A85EC
:10F57800EFF07FA783C70400858B81CB1374F40F4A
:10F5880093178401E1876347F004C04005048305AD
:10F59800F4FFA1E96F205FF57D14620461840DBF5B
:10F5A800370700080907E392E7F6E35080F67D1471
:10F5B80099BF930500024A857D1AEFF0DFA2137AFE
:10F5C800FA0F99BF370700080907E395E7FA93058B
:10F5D800000371BF930500034A85EFF0DFA07D1497
:10F5E80071BF4A85EFF03FA055B7EF225FEEEF708D
:10F5F800AFB62A84EF704FB5229589450605EFE02E
:10F60800EFC6E55711C59757FF1F23ABA772814770
:10F618003E856F201FEE930700026306F5005D1517
:10F6280013355500828005458280EF22BFE84111DD
:10F63800AA892A89130419008304F4FF32C62EC448
:10F648002685EFF05FFDA245324659E19307D002C7
:10F658006392F4088304040005481304290093778F
:10F66800F6FEC9E793070003639FF40E83070400BF
:10F678001307800593F7F7FD6399E70683041400E1
:10F6880041460904B70600806314080093C6F6FFD4
:10F69800B3FEC6028147254F654EFD5F33D3C602D0
:10F6A800138704FD6368EF06BA8463D5C408630D45
:10F6B800F5017D55636AF3006394670063C69E0095
:10F6C8000545B307F602A69705048304F4FFC9BFEE
:10F6D80022898DB79307B0020148E392F4F88304B6
:10F6E80004002A88130429009DBF01CA8947E31B27
:10F6F800F6F893070003E397F4F883070400130769
:10F70800200493F7F7FD639BE7048304140009467C
:10F7180009048DBF13E704021307F7F9636CEE00C1
:10F728009388F4FB1307700363741E0113077005B5
:10F73800998CA5BF7D576300E50263040800B307F1
:10F74800F04091C519C19309F4FF23A035013E8506
:10F7580041016F207FD9B687FDF5D5BF930400031B
:10F7680015F2214605B719FE294629BFEF229FD475
:10F77800011161540DC53284AE89414681453689EF
:10F78800EFF0BFEA93140501C180639E0900268546
:10F79800EF30F02F014401C58145EF20901D2285EF
:10F7A80005616F207FD42285CD467000CA85EFF0B1
:10F7B8001F852A846DF52685EF30702D09E90356DB
:10F7C800C1008345E1012685EF20901201C9414619
:10F7D8009305E1001105EF90420BD1B75D54C1B715
:10F7E800EF225FCD0111E15401CDB284AE894146CB
:10F7F80081453689EFF07FE32A84639709008144C5
:10F80800268505616F205FCE2685D1467000CA85A2
:10F81800EFF0EFFEAA846DF58357C100EDD3EF70CA
:10F82800EF994205931704014181C18363F9A70247
:10F83800EFB0AFBE4204E14741803304F4024146D1
:10F848000C082A9413054400EF9022048357E10022
:10F858002311F4008357C1002310F40055B7E55471
:10F8680045B7EF223FC57971E15415C53284AE8999
:10F8780041468145B684EFF05FDB13190501135942
:10F888000901639E09004A85EF40F069814401C57A
:10F898008145EFB04FB9268545616F20FFC4A68525
:10F8A8009306300270002285EFF06FF5AA8465F5A3
:10F8B8004A85EF4050672A8411E54A85EFB02F95B5
:10F8C8002A8431C58357C100231124019309640098
:10F8D8002310F4008347E1009305F1004146230219
:10F8E800F4004E85EF80727A13097401414693053E
:10F8F800F1014A85EF807279930554004E85EFC077
:10F908008FC6930564014A85EFC0EFC569B7DD541A
:10F9180059B7EF223FBA797111E5E154268545615F
:10F928006F209FBCB284AE89414681453689EFF08D
:10F93800DFCF131A0501135A0A015285EFE02FCBC6
:10F948002A846398090071D98145EFB04FBC81447E
:10F95800F1B72685930610027000CA85EFF02FEAEA
:10F96800AA844DFD31C8B2479305D1004146858B25
:10F97800230FF400B24713050403858393F7F707B1
:10F98800A30FF400EF80727041469305D10113056F
:10F998009408EF80926F59B73304690383A70A0B61
:10F9A8003E948357C401638337030509EF60DFF989
:10F9B800E344A9FEDD549DB7C1690149975AFF1F69
:10F9C800938A4A27130B400EFD19CDB7231E440115
:10F9D80059BF49CDEF221FAE4111B289AE844146CD
:10F9E8008145368AEFF07FC4931A050193DA0A013C
:10F9F8000149175BFF1F130BEB23EF60FFEC634A12
:10FA0800A9000145ADCC81441759FF1F130989226C
:10FA180081A883274B0B131439003E9483570400A5
:10FA2800638857050509D1BF8327490B1394340010
:10FA38003E948357040085E72310540191467000D3
:10FA4800D2854E85EFF0AFDB1DE9B24713978700EB
:10FA5800E1832183858B58C02301F4000DA0850420
:10FA6800EF609FE6E3C2A4FC5D5511A86155828052
:10FA7800F1F4214681452285EF207FA80145410107
:10FA88006F209FA61971D2C4130AC10686CEA2CCD4
:10FA9800A6CACAC8CEC6D6C2B6D6BAD8BEDAC2DCDC
:10FAA800C6DE52C463810524FD151C102ACC2ECA5B
:10FAB80002CE3EC89304B0021549A9498305060041
:10FAC800130416009DE1F2465247E24763FBE62025
:10FAD800B697238007007245F6406644D6444649E7
:10FAE800B649264A964A096182809307500263867E
:10FAF800F5004808EFF02FCFF5A88357C10023077A
:10FB08000100014593F7C70F2316F100814501480D
:10FB18000147014681469308D00213030003130EE0
:10FB2800300205048307F4FF99C7638C970463C305
:10FB3800F404638BC70501CA0346C100858A799A14
:10FB4800D18E2306D100630908008346C100098BC2
:10FB5800F59A558F2306E10019C12307B1001387D1
:10FB680007FD1377F70FA54663E2E6068146A5452C
:10FB7800294535A0E38717FBE39F67FA0546FD563D
:10FB88004DB70545854571BF05487D5759BFB386B3
:10FB9800A60205048307F4FFBA96E206E18613F786
:10FBA800F70F130607FD1376F60F63E5C5001387F5
:10FBB80007FDF1BF1306F7F91376F60F636EC90256
:10FBC800138797FAE30537FDA306D10013079006BC
:10FBD8006385E704634BF706130780056384E70A28
:10FBE8006345F702E38107EE1307500293055002BD
:10FBF800E381E7F02286D9B51307F7FB1377F70FF0
:10FC0800E364E9FC138797FC75BF13073006638626
:10FC1800E70A13074006E39FE7FC03250A00A94704
:10FC2800A307F100930A4A00635805009307D0021E
:10FC38003305A0402307F1006C00EFF0AFB56C006E
:10FC48004808EFF01F88568A75B713073007638E88
:10FC5800E7066341F7021307F006638EE70413070C
:10FC68000007E399E7F80347C10013672700230655
:10FC7800E10009A813075007638BE7021307800701
:10FC8800E39AE7F6938787FA414793B71700A307E4
:10FC9800E100139727008347C100ED9BD98F230606
:10FCA800F100930A4A006C0003250A0079B7A947B6
:10FCB800A307F100FDB7A147E5BF83050A0048087F
:10FCC800930A4A00EFF02FB2BDBF83270A006C00E9
:10FCD80048083EC8EFF0EFFE1C10930A4A003EC8E1
:10FCE8009DB7BA97FDB30145C5BBEF224FFE2A88E1
:10FCF800368583464800BA8703475800A206D98E3E
:10FD0800328717B602001306A6F389E517B6020074
:10FD18001306C6F3BE85EFF0FFD66F208FFD975709
:10FD2800FF1F9387E7049C4381CFEF224FFAD84304
:10FD3800B2862E861847AA853E8502976F206FFBEC
:10FD480061558280EF22AFF88357050039712A8404
:10FD5800231EF100834745009305650041461305BE
:10FD6800F101230FF100EF805232930574014146EF
:10FD78001305F102EF8072318356240017B6020092
:10FD8800130606F5E5450A85EFF0DFCF6C08130684
:10FD980030020A85EFF0BFF821616F208FF5EF225E
:10FDA8000FF339712A849305050341461305D101E0
:10FDB800EF80B22D9305940841461305D102EF80D8
:10FDC800D22C8347E4010347F4018356C401858B91
:10FDD8000607D98F17B60200130646F0E5450A85CF
:10FDE800230EF100EFF01FCA6C08130610020A85F3
:10FDF800EFF0FFF221616F20CFEFEF22AFEB370476
:10FE08000001B70400FF0111814A1759FF1F1309A8
:10FE180069E27D149389F4FF17BA0200130A8AF085
:10FE2800EF609FAA63C5AA0005616F20EFEB8327E7
:10FE3800490B13973A003E978347370095CF5C43A9
:10FE4800A30107005286B3F687008247E5454800BC
:10FE5800E58FD58F3EC083462700B3F73701858AE3
:10FE6800E206D58F835607003EC0EFF0BFC11146AA
:10FE78008A854800EFF0BFEA850A5DB7EF222FE5D3
:10FE880001468145EFF0BFE96F20AFE68357650073
:10FE9800638E071A1D71A2CCA6CACAC886CECEC662
:10FEA800D2C4D6C2DAC05EDE801013F717003289DA
:10FEB800AA8431CBF99B2313F500EF60FFA4060554
:10FEC8003D0541990A8BC16A3301A1408A8B81495A
:10FED800014AFD1AEF605FA3634CAA0C79479306A9
:10FEE80004FB17B602001306E6E2CA852685EFF082
:10FEF800DFDF638F090C13961900DE85130504FBF9
:10FF0800EFF0FFE15A8183D7640013F7270021CB74
:10FF1800F59B2393F400EF603FA006053D0541994A
:10FF28008A8A3301A1400A8B8149014AEF60DF9E2A
:10FF38006345AA0A6547930604FB17B60200130631
:10FF4800E6DDCA852685EFF05FDA6387090A13962E
:10FF58001900DA85130504FBEFF07FDC568183D79F
:10FF6800640013F7470005CBED9B2393F400654726
:10FF7800930604FB17B60200130686DACA8526859F
:10FF8800EFF0BFD69C4481C703D747003DEB13056C
:10FF980004FBEFF0BFEE130104FAF6406644D644C2
:10FFA8004649B649264A964A064BF25B2561828045
:10FFB800DC4413171A00BA9703D7070063085701E0
:10FFC80093971900DE972390E7008509050A19B76A
:10FFD800130504FBEFF09FEA35B79C4813171A0086
:10FFE800BA9703D7070019C793971900DA97239090
:08FFF800E7008509050A1DBFA1
:020000021000EC
:10000000130504FBEFF01FE8B1BF2314E4FA03D794
:1000100067008326C4FA2146520751832315E4FA68
:10002000370700F0758F9447930584FA130504FB96
:1000300092069182558F2326E4FA83C7770013F73F
:1000400007018347F4FABD9BD98FA307F4FAEFF0B9
:100050009FCDB1B78280EF228FC51754FF1F1304C5
:10006000E4BD0444797193F7F4FB1757FF1F232B6A
:10007000F7BC93F70404A1C78588A1E097B90200F3
:100080009389C9CAEF60DF8463DBA4028327440B32
:10009000139934003E998356090091CE4E86E5456A
:1000A0004808EFF0BF9E4808EFF0DFDD21468145AC
:1000B0004A85EF204FC58504F1B7EFF09FD41C446B
:1000C00013F7F7F79756FF1F23AEE6B693F7070827
:1000D0006397071E1C4413F7F7EF9756FF1F23A3E0
:1000E000E6B613F707106318071E18449377F7DF77
:1000F0009756FF1F23A8F6B49376072095C6058B65
:10010000630A072018408983858B3ACA034784070E
:1001100015464C080607D98F17B502001305C5BD53
:10012000230CF100EFF03FC01C4413F7F7BF9756C4
:10013000FF1F23A9E6B093F707408DC38357440000
:100140000D464C08231AF1008357640017B50200CE
:100150001305C5BA230BF100EFF0FFBC1844FD7482
:100160009387F47FF98F9756FF1F23ADF6AC931753
:10017000470163DF0700EFA06FEA19C98356C50185
:100180006391061A17B502001305C5B7EFF09FCFAC
:100190001C447D777D177D8F9756FF1F23A4E6AA09
:1001A00013973701635A0702858B6388071CEFA0FA
:1001B0002FE81DC118458347E5001D463ACA03577D
:1001C000C5004C0817B50200130545B4231CE10017
:1001D000230DF100EFF03FB51844F977FD17F98FC3
:1001E0009756FF1F23A0F6A69317270163D9070090
:1001F000814517050000130525CAEF60CF8218441A
:10020000E177FD17F98F9756FF1F23ADF6A29317DD
:10021000070163D30702EFA0DFA02A84814417B946
:100220000200130929AFEF60EFF99397040142052B
:10023000C183418163EAA71445616F20CFAA83A7D8
:100240000A0093141900BE9483D7040033F76701A2
:100250001DCF1396170133F77701B3F637016352B9
:10026000060417B60200130626A709E717B6020010
:10027000130646A7E5454808EFF05F814808EFF010
:100280007FC083D70400B3F747012390F40005092A
:10029000EF600FEDAA84EF60AFEB2695E341A9FA7A
:1002A00015BD368519C7EF40804861DDEFF01FAA04
:1002B000C9BFEFD05FB471D5EFF0FFAED9B7856994
:1002C0007D7A0149975AFF1F938A0AA8056B896BAB
:1002D000FD197D1A75BF858B9DC7EF501F83231AAB
:1002E000A10041469755FF1F9385C59E13056101E7
:1002F000EF80225A49464C0817B502001305459F66
:10030000EFF07FA2DDB317B502001305659EEFF095
:100310007FB7E1BB17B502001305059EEFF09FB64E
:1003200021B50357E501C17785073E978357A101A2
:10033000FD14133717003207E58FD98F231DF10005
:10034000231AD10083560502035725022146231B99
:10035000D100231CE100035745028566FD16758F09
:10036000FD76F58FD98F4C0817B5020013058599D6
:10037000231DF100EFF03F9B21BD17B502001305CF
:10038000E598EFF03FB089BD5C4813F7E7FF58C828
:10039000858B89CFA6864A86C9450A85EFF00FEF7F
:1003A0008357040099E70A85EFF0DFAD8504610407
:1003B0009DBD231AF1008357240093054400414654
:1003C0002808231BF100EF80C24C51464C080A85D7
:1003D000EFF07F95E1BFEF220F9085473395A7009F
:1003E0009757FF1F938787859C47411181455D8DF6
:1003F0009757FF1F23A8A7849377057085E393572A
:100400006500858BA1CBC167938707887D8D05ED3E
:10041000EF604FDD9305803EB305B5021755FF1F12
:100420001305C5922EC6EF50203FB24519C163494E
:10043000B50085C51755FF1F13054591EF500048BE
:1004400041016F208F8BEF60EFD92A84EF608FDA44
:10045000E360A4FCEF600FDA75BF0145EFF0BFBFAA
:10046000C5B7EF224F877971AA8601441749FF1F4C
:100470001309C97C36C6EF60AFC5B246635CA402FF
:100480008327490B93143400BE9483D704006396EA
:10049000D70285C617B6020013064689E545480807
:1004A000EFF0CFDE4808EFF0FF9D2146814526851D
:1004B000EF206F8545616F204F84050465BF19C229
:1004C00023200600814701C59306D00389E53E85B8
:1004D000828085050505838705000307050099CF00
:1004E0006394E700E397D7FE8147D5B79306D0031F
:1004F0008547E30ED7FC93371700D1BF9307F0026F
:10050000E316F7FE854761D6050508C2C9B799C14C
:1005100023A0050081470DC11308D0031306F00284
:100520003307F5008306070081CA638706016397D6
:10053000C60099C1050798C13E8582808507CDB761
:1005400031C9EF12DFF641112E8A6C002A89368BF1
:10055000B28A97A4020093842471EFF05FFB2A8C87
:100560000144A689B14B88406286CA85EF80025556
:1005700001ED0E044E945C403245DA865686D285F3
:10058000829741016F103FF60504A104E31D74FD3D
:100590006155C5BF7D55828099E561558280615561
:1005A00005616F10FFF4EF127FF12E8A2A8401118A
:1005B0008145B28452854146BA893689EFF06F870A
:1005C00093150501C1811376F50FA1812285EF50A6
:1005D0005FC12A8469D552854C08EFF05FF3524A17
:1005E0002A8BE30E0AFA2A8697A5020093850573E3
:1005F0005285EF80A24CAA8A0DED7D5AEF604FB173
:1006000063C5AA0099E8014561BF5C4413971A00CD
:10061000850ABA9723904701D5B74C442EC6EF60A0
:100620002FAFB245131615004E850299E34DA0FC7D
:1006300085BF5A8697A502009385C56E5285EF80C7
:10064000E2470DE1032A0401EF608FAD1316150098
:1006500081455285EF103FEBDDD40C482EC6EF608C
:100660002FACC1B75A8697A502009385E56B5285DA
:10067000EF80C24441E11C44A5CF81ECD44337074D
:1006800000E0758F9447D8C33707001F758F98C750
:1006900001BFA1463008CE854A85EFE0DF96E31121
:1006A00005F01844835781017D762312F7008357A4
:1006B000A1019396470183576700D182F18FD58FAF
:1006C000F2467D767D16F182858AB206F18FD58F4E
:1006D0002313F7008347E1018356C1012305F70087
:1006E0008347B7002314D700FD8BA305F7004DBD4A
:1006F0007D557DB55A8697A502009385655652852E
:10070000EF80C23BE31D05E81C4CE38A07E89C43ED
:10071000E38707E8CE864A86A6852285829749B573
:10072000EF127FDB3687B2862E86AA850545EFF06D
:10073000BFE66F109FDCEF121FDA3687B2862E8677
:10074000AA850145EFF05FE56F103FDBEF121FD781
:10075000411199C123A005009747FF1F9387C760E8
:10076000804381441DC82E89AA8931141DC40C40C0
:1007700070004E85EFF0BFD419CD81E8A284630CE0
:100780000900B2472320F90039A08C4008400146F7
:10079000EFF0FFD265F5404869F8268541016F10FA
:1007A0003FD5184111CBEF121FD3AE873E85B285DE
:1007B000368602976F107FD435558280EF12BFD1F5
:1007C0008357C50013D70501C205B387E702184157
:1007D000C1814849BA95BE95EFF0BFFC6F10FFD1BB
:1007E000584111CBEF123FCFAE873E85B28536869A
:1007F00002976F109FD035558280184509CBEF12B4
:100800009FCDAE873E85B28502976F101FCF3555BD
:1008100082805C4599C7EF121FCC2E8582976F109E
:10082000DFCD35558280EF127FC983290500035A39
:10083000C5002A844849AE848145EFF09FFD2A898E
:100840000DE193D50401B38545030356C400484820
:10085000CE95EFF09FFA2A8909E548488545EFF0E3
:100860005FFB4A856F10DFC8EF125FC52A8904411C
:10087000035BC500484979712E848145B28A368A66
:10088000EFF03FF941E193590401B3896903420450
:1008900041802694A29903440901330480403374B3
:1008A000440111CC03254901A2865686CE85EFF07E
:1008B0003FF3AA8431E1330A8A40A299A29A814483
:1008C000630C0A025286D685080803244901EF709A
:1008D000527C834609011C089305F00F338646417C
:1008E0003385470136C6EF101FC2B2461008CE85C9
:1008F0002285EFF0FFEEAA84032549018545EFF03C
:100900005FF1268545616F10BFBEEF12DFBC2E86FA
:100910004C41A1462A84EFF03FF5AA840345040127
:10092000A145EFE07F985C403385A74048C026850D
:100930006F10BFBC814797A602009386E62F639392
:10094000C70082803387F500034707008507398D8C
:10095000135745003697034707001205398D137565
:10096000F50F135745003697034707001205398DD9
:100970001375F50FE9B7EF121FB62A84AA851D4635
:100980001305F00FEFF01FFB834774003385A7407A
:100990003335A0006F107FB6EF12FFB34111A146AF
:1009A0003000EFF0BFE109ED03578100C167FD178B
:1009B00005456317F7002800EFF0FFFB3335A00073
:1009C00041016F109FB3EF127FAFAE848C41411194
:1009D0003684A1462A89034A0501EFF03FDEAA8941
:1009E00021ED5285A145EFE03F8C9C400357C900A3
:1009F0002A8AAA97939607019CC0C182098F639D9A
:100A0000E602C16513D70701B385B74011E78355E7
:100A1000E900FD15C205BE958CC01DC05C40417744
:100A2000AD8FF98F91EFF98D8CC05C403E9A420AF0
:100A3000135A0A01D2958CC04E8541016F105FABED
:100A4000A1460A864A85EFF07FD7AA8975F50A85FF
:100A5000EFF07FF209C5832749009CC0F1BF03571F
:100A6000C9008357210080403307474163DBE7001B
:100A700033FA470363170A004177798C3E9480C0AC
:100A800065BF03450901A145417AEFE0FF81098C6B
:100A9000AA8A80C0337A4401417B63648A00814919
:100AA00061BFA1463000A2854A85EFF03FD1AA89F7
:100AB00041F52800EFF03FEC11E98357A1000357FF
:100AC000C100337A6A0180C0BA973E9A3304544118
:100AD000E9B7EF125FA02A84AA851D461305F00F1F
:100AE000EFF05FE5A303A4006F103FA1EF123F9C5E
:100AF0002A84034505015D712E8AA145EFE0CFFAF6
:100B00005C402A8B0355E4004179B3F727016C0060
:100B10003EC6EFE0CFFA8355C400B247A146300885
:100B2000BE95B385654122852EC8EFF03FC9AA84E2
:100B3000634B05002808EFF01FE411C9B245228578
:100B4000EFF07FCEAA84268561616F10DF99C247DE
:100B50000357A101C17C338B6741B3F72701BA97D3
:100B60003EC8814610100C082285424CEFF0BFE5CC
:100B7000AA8471F90810EFF01FE025ED5C403ECA31
:100B8000D28630104C0822855249EFF0DFE3AA8468
:100B90005DF94440638C24010357810283570102AD
:100BA0006316F7002810EFF01FDD01C5D247E39967
:100BB000F4FC63102C058357410285CF8357210233
:100BC000B37B9C010810BE9B1C442311F102EFF083
:100BD0005FF083490401835A4102B309304193F91C
:100BE0000902639B0A000C102285EFF01FD2AA8431
:100BF00039F9E3188BF799B74E8963F33A015689AF
:100C0000CA861018DE852285EFF05FBBAA8405FD39
:100C1000630909000C44CA8610182285EFF0DFC46E
:100C2000AA8403450401CA85EFE00FE81C443E9501
:100C300008C4E39A04F0B38A2A41CA9B5DB7EF1255
:100C4000FF87411191E5FD54268541016F105F8AB0
:100C5000C44983D725014CC904C12316F50003C735
:100C600005012A842317E50003C515019316070122
:100C7000130700022308A400C182E366A7FCE1D7A2
:100C8000B3E4F402E9F08547E3FFD7FAA145EFE0CA
:100C9000AFE1AA89014A01498357C40093150901AC
:100CA0002285BE95B38535412EC2EFF0FFCE19EDFA
:100CB0000355E4004C00050AEFE06FE09245420A5C
:100CC0002285135A0A01EFF03FCD09E90509835740
:100CD000E400420913590901E360F9FC8357E40079
:100CE00063944701D1548DB7639427039245A1467D
:100CF0003000B38535412285EFF05FAC35E1280047
:100D0000EFF07FC711C50355E4004C00EFE02FDB87
:100D10009247C17A3387374158C04177F98F1CC455
:100D20004C401C4463EEF500A14630002285EFF0F4
:100D3000FFA81DE52800EFF01FC4032A44001DC1D1
:100D40005C400355E4004179B3F727014C003EC2F3
:100D5000EFE0EFD692452285EFF01FC4635C0502F9
:100D6000AA84DDB512450359A100035BC10033F528
:100D7000AA002A9903450401DA85EFE0EFD24A95EB
:100D800008C46314450163140B04330A3A41232257
:100D9000440179B709C58547A308F40075B54C40EF
:100DA0002285EFF05FA84DFD48408357C4008609B7
:100DB0003375A9003E953305354148C0337525018B
:100DC00008C481452285EFF07FD271D551BF4D55C2
:100DD00041BF83471501D1CFEF126FED2A84034540
:100DE000050141112E8AA145BA893689328BEFE07F
:100DF000AFCB8357C4000605898F7D5563E827076D
:100E00005C4081443EC2814630004C002285924ABB
:100E1000EFF07FBB21ED835B810063994B012800DC
:100E2000EFF07FB501E58504C204C18058409247C8
:100E3000630BF702E3F999FC8356C10061559DC627
:100E400063E63403C175B3FABA006373D900CA8686
:100E50008355A1005A862285D695EFF03F9619E575
:100E60000355C10021A06155E3884BFD41016F107E
:100E70008FE749558280EF120FE60147EFF07FF5CB
:100E80006F10AFE7EF122FE53284B2862E868355BE
:100E900045000841EFF03FFE635385002A84228518
:100EA0006F10AFE5EF122FE0834715015D71C95454
:100EB000A5CB834D05012EC62A84A1456E853689B2
:100EC000328AEFE06FBE0D473307E5028357C40057
:100ED000AA8BFD54998F63E527056304090063011C
:100EE0000A045C403ECE814610106C082285724D8B
:100EF000EFF07FADAA8945ED835701023247639732
:100F0000E7000810EFF03FA7630705145840F247C9
:100F1000E31BF7FC8144631B090019A0814499E796
:100F2000268561616F10EFDBE35CA0FECA856E85EC
:100F3000EFE08FB7014C11C55E95131C0501135CE2
:100F40000C01814D417B130D4400FD5C8357E4008F
:100F50006381B7111C4454403307FC0063EBE60483
:100F600032472315F1022810FD572314E1022316FE
:100F700021032307F102EFF0DFB5630909000C44F8
:100F8000CA8652862285EFF03F8EAA890345040166
:100F9000CA85EFE06FB11C443E9508C4639909000F
:100FA0002C102285EFF07F96AA89CA8435D9CE8489
:100FB00085BF6146A28508189700FF1FE780E0C340
:100FC00044400355C400A145B3749B00AA94034553
:100FD0000401B3847441EFE02FAD3385A44048C0D1
:100FE0000355E400EA85EFE08FAD5C400C182285E4
:100FF000B3F767011CC4EFF07FAFAA8415F1034576
:101000000104A145850DEFE02FAAD25723149103C7
:10101000231601023387A7002315E1020357C103FA
:10102000B3F76701BA97898F28103EDAEFF07FAAED
:101030002C100818EFF07F8DAA840355E1034C189B
:10104000EFE0EFA7D257B3F767013EDCE38004F08F
:10105000C1BDC154F1B583574102E30109ECE397E7
:1010600027EDC177034C0401B377FD00035D210236
:10107000330C8041137C0C023E9DD28ACA8C628B59
:1010800063F38C01668BDA861018EA852285EFF00F
:10109000EFF2AA84E31A05E85A860C185685EF7019
:1010A000E27CAA84E31405E8B38C6C415A9DDA9A79
:1010B000E3970CFCB5B5EF120FC281460146EFF085
:1010C0007FDE6F108FC3638C050EEF124FBE5D7114
:1010D000054D19C213BD160003590502B68B328B9C
:1010E00005094209135909012E8A2A84CA89216CEB
:1010F000930A8500E15C9304F9FFC204C180638F09
:1011000084059306A0045000A6855685EFF0BFD64F
:101110006357050063139501A6892689E9BF9C08DA
:101120003E95230A05FA4C005285EF104FC875F51D
:1011300063040D0883570402639597089387F4FFAF
:101140002310F402894613060402A1655685EFF0C8
:101150007FD56358050661616F10EFB80145E31C48
:101160000DFE0549B1675D55E387F9FE9165CE95A2
:1011700093048400C205DE865A86C1812685EFF07D
:101180007FD2630D09005285EF703212AA86528613
:10119000CE852685EFF01FD1E34F05FA8357040271
:1011A00063FF370323103403894613060402A16545
:1011B0002685EFF03FCF25A0A689014965B77D556B
:1011C0008280A6855685EFF01FEFE34605F891650E
:1011D000FD15CA95C205C1815685EFF0DFEDE35CD0
:1011E000A0F601458DBFEF128FAC03540502916A42
:1011F0001D71050442042A89AE894180A16B130A3E
:101200008500FD1A130B05029304F4FFC204C1808C
:10121000639D7405916B2164130A8900850B170C7B
:101220000000130C6CC68357090293041400C20417
:10123000C18085076383F40E5E949306A004500872
:10124000A68552854204EFF01FC34180AA8A8546D5
:1012500013067100A2855285EFF0FFC12A8B634708
:1012600050076347A00626847DBF56949306A004CA
:101270005008A68552854204EFF0FFBF41802A8CBA
:10128000854613067100A2855285EFF0DFBE634CE0
:101290008003E351A0F883570902E39D97F69387F3
:1012A000F4FF2310F90289465A86A1655285EFF0B2
:1012B0007FBFA6855285EFF01FE0A2855285EFF033
:1012C0009FDF268491B7E358A0FCA9B7634BA00029
:1012D000A6855285EFF03FDEA2855285EFF0BFDD97
:1012E00059B79C10BE9A238A0AFA639109022C000E
:1012F0004808EFF0AFC525D91C45224552C6231832
:10130000810074006286DA858297B1BF0146CE857E
:101310004808EFF0CF9A61FDB9B7014525616F101C
:101320008F9CEF124F9B9747FF1F9387E7A3804344
:10133000814409C42A893114814401E426856F104F
:10134000CF9B631809005C4481EF404865D8311495
:10135000EDB708400146CA85EFF06F966DF5F5B719
:101360008297E5F4AA84D5B7EF12EF969747FF1F4F
:10137000938707A08043AA8409EC2685EFF07FFAC3
:10138000AA840144EF50CFD4636CA40026856F106B
:10139000CF965C402285A6859C4382970040E9BF9A
:1013A00005041374F40FF9BFEF12EF920145EFF04B
:1013B000BFFB6F108F949747FF1F9387679B23A0F6
:1013C000070023A207008280EF12EF909747FF1FCC
:1013D0009387879923A0070023A20700EFF0BFFDA2
:1013E0006F10AF91EF122F8F4111130985002A84DE
:1013F000EF500FEAAA854A85EFF07F84AA8419EDA1
:1014000089461306E100A1654A85EFF0DFA6E17782
:10141000634405008357E1002310F402268541014F
:101420006F10AF8D9747FF1F9387879490430147B5
:10143000B28691EE05E3DC4310C11747FF1F232955
:10144000A79285EF9747FF1F23A6A7928280368732
:101450009442C5B7144385E2DC432320050091EB99
:101460009747FF1F23A8A7909747FF1F23A2A79086
:10147000828088C3C1BF14C108C38280EF12AF85C8
:101480001744FF1F1304048A2285EFF0BFF5AA84D6
:1014900005E517A902001309298322859747FF1F35
:1014A00023A42789EFF01FF89747FF1F23AE278754
:1014B0009747FF1F23A2878C26856F100F849747BD
:1014C000FF1F83C7A78B795599EFEF12CF80EFF0FD
:1014D000BFEFEFF0BFFA11E585471747FF1F230F56
:1014E000F7886F108F818280EF02FFFE9747FF1F02
:1014F0009387878780432A89BE8419C0311415E0F9
:10150000D840232A09009307490105E71747FF1F21
:10151000232EF7841747FF1F2328F78401456F0008
:10152000DFFD0C4003250900EF106F8809C9404812
:10153000E9B71CC31747FF1F232AF782C5B75955C0
:10154000F9BFEF025FF997F5FFFF938505B11735F6
:10155000FF1F1305A57FEF40802AEFF05FF61715F8
:10156000FF1F1305E52AEFF03FF86F001FF9EF02A8
:101570009FF68357650093E717002313F500354561
:10158000EFE07FE56F007FF7EF02FFF48357650020
:1015900093E727002313F5003545EFE0DFE36F0005
:1015A000DFF5EF025FF38355C50101112A840A8636
:1015B0000145EFD0DFA719C9835705001167D98FFF
:1015C0002310F5001D45EFE01FE105A002478356FB
:1015D000C40119EF179602001306C670E5454800CE
:1015E000EFE0CFCA4800EFE0FF8905616F00FFF030
:1015F00093974601835607007D76D183F18EDD8E69
:1016000093D7860093F7F7082310D70093E70705D1
:10161000A300F70045BFEF021FEC2145EFE0BFDB61
:101620006F00BFEDEF023FEB2145EFE0DFDA25452C
:10163000EFE07FDA3145EFE01FDA6F001FECEF02D9
:101640009FE98355C50141112A8470000145EFD0FF
:101650001F9E01CD8357050071777D17F98F2310E9
:10166000F5001D45EFE03FD731A0B24699E622854F
:10167000EFE06FF341016F005FE88357C4017D76AF
:101680001397470183D706005183F18FD98F13D762
:1016900087002390F6009377F70893E70701A3806C
:1016A000F600C1B7EF023FE32A842545EFE0BFD241
:1016B00001E42945EFE03FD26F003FE4EF02BFE1D4
:1016C0008355250041112A8470000545EFD03F96CF
:1016D00001CD8357050071777D17F98F2310F50031
:1016E0001D45EFE05FCF31A0B24699E62285EFE0DD
:1016F000EFE541016F007FE0835724007D7613976B
:10170000470183D706005183F18FD98F13D7870004
:101710002390F6009377F70893E70703A380F6007A
:10172000C1B7EF025FDB8355250001112A840A86C9
:101730000545EFD0DF8F19C9835705001167D98F91
:101740002310F5001D45EFE01FC905A00247835691
:10175000240019EF1796020013060658E5454800C5
:10176000EFE0CFB24800EFE0EFF105616F00FFD886
:1017700093974601835607007D76D183F18EDD8EE7
:1017800093D7860093F7F7082310D70093E707074E
:10179000A300F70045BFEF021FD4EF50AFA311E540
:1017A0002945EFE05FC36F005FD59737FF1F938731
:1017B000E748C043EF500FA23375A40275D1E5B7D7
:1017C000EF027FD12A84EF50AF9185476307F50080
:1017D000A301F4001945EFE01FC06F001FD2EF0214
:1017E0009FCFEF50EF8F85476305F5001945EFE078
:1017F0009FBE6F009FD0EF021FCE3D45EFE0BFBD03
:101800006F00BFCFEF023FCD8357650093E74700DE
:101810002313F5003545EFE01FBC6F001FCEEF022C
:101820009FCB3145EFE03FBB6F003FCDEF02BFCA1A
:101830002D45EFE05FBA6F005FCCEF02DFC9835741
:10184000250079712A842314F1008347450193050B
:10185000450041461305A100230DF100EF7062031E
:1018600083560400179602001306463CD1456808CB
:10187000EFE0CFA12C004D466808EFE0CFCA4561EC
:101880006F00BFC7EF023FC58356050001111796D1
:1018900002001306A639D1456800EFE02F9F6800CB
:1018A000EFE04FDE05616F005FC5EF02DFC201119F
:1018B0003684B28479478A86179602001306463A20
:1018C000EFE02FC309C82286A6850A85EFE0AFC5E1
:1018D00005616F009FC20A85EFE0CFDAD5BFFD57E3
:1018E0001717FF1F2306F7F48280EF023FBD411157
:1018F0002A892EC6B289EF408FBEB2451304F9FF84
:101900002E944DC593170901C187AA847D55635C48
:10191000F0024204418093170401C1876355F0022D
:101920009DC1EF408F9E636AA4069C4481443E950E
:10193000420541819307F5FFC207C18363E0270792
:1019400063960900695541016F009FBA2390A90071
:10195000D5BF3387640383A78A0A3E97835727003E
:1019600063864703835707006362F4020347470116
:10197000BA97C207C1831387F7FF420741836367A2
:101980002701E38109FC2390F9006DBF8504EF5026
:101990004F8EE3C0A4FC01457DB78144416A973A6C
:1019A000FF1F938AAA29594B7D1AD5B77D5561BF70
:1019B000EF027FB21734FF1F1304443D9734FF1F1B
:1019C0009384843D0325C41419CD184D2326041493
:1019D00011048347870093F7F7FB2304F700EF50C8
:1019E0001FD9E31194FE6F005FB1EF02DFAE173530
:1019F000FF1F1305254FEF30F06DEFF07FFB6F00F9
:101A0000DFAFEF025FAD930540061735FF1F1305EB
:101A1000654DEF30B06A6F005FAEEF02DFAB7D5611
:101A2000B5450145EF405FCA6F003FADEF021FA90A
:101A3000EF407F911734FF1F130444352320A41473
:101A40002322B41481440D499719FF1F9389C9DDDE
:101A50000325C41419CD8504014663862401832718
:101A60000415814591E3CE85EF40FFCE1104E3914B
:101A700024FF6F00FFA7EF027FA441112A84AE89E3
:101A800032C6EFF09FF6EFF05FF929C99737FF1FD5
:101A90009387C72F83A5C7129304C5002A8926857B
:101AA000EF50BFB381452685EF50BFAC931524009E
:101AB00093E5350093F5F50F2685EF509FAB324641
:101AC000CE852685EF501FA99737FF1F23A62741F4
:101AD000EFF0DFF5014541016F009FA16555E5BFBE
:101AE000EF027F9FAE8495452A84EF505FBEA685A6
:101AF0002285EF501FA86F005FA0EF025F9BBD65BE
:101B00002A84938505A61735FF1F1305A53FEF30DF
:101B1000F05A9737FF1F938767499C439734FF1FFD
:101B20009384C426268989CBC84019C522868D4551
:101B3000EF10303D6F003F9BEFF03FEBEFF0FFED1C
:101B4000AA846555E5D8032709009737FF1F83C787
:101B500067389316170163D7060C1307F0076388DD
:101B6000E70085071737FF1F2306F73629A09737A9
:101B7000FF1F238107368325C9129389C4004E8530
:101B8000173AFF1F034A0A35EF503FA5D2854E850D
:101B9000EF503F9E8347440051478145637CF700E7
:101BA0009385C7FE93F5F50FDD47B3D5F50285059F
:101BB00093F5F50F8A0593F5C50F4E85EF507F9B82
:101BC000835544004E85EF507F9E83454400084076
:101BD000EF905FFEAA854E85EF50BF998355440074
:101BE0009737FF1F23AA972ED14763F3B700D1453C
:101BF000939405010C40C18026864E85EF509F9539
:101C0000A6852285EF50DF8D173BFF1F130B0B18A6
:101C1000814AA14B5D4C8357440085E3EFF01FE1FF
:101C2000014509BF1387F7FF1377F70F9306D00F0E
:101C3000E3F9E6F2930700F835B763967A01EFF01F
:101C40003FD73955C5BDEFF05FDD110B910A09E5AE
:101C5000EFF01FD66555F9BD835544002326AB141C
:101C60006373BC00DD45939905018325C912930474
:101C7000C5002685EF507F96D2852685EF507F8F51
:101C800093E52A0093F5F50F2685EF509F8E0C40C3
:101C900093D909014E862685EF50DF8BCE852285AC
:101CA000EF501F848DBFEF021F8301117C003ECADD
:101CB000B70707003ECC81457C0048083ECEEFF0D8
:101CC0003FE29735FF1F83C5650D4808EF507F8AB7
:101CD000D247480883C717001737FF1F230CF71296
:101CE000EFF0BFE111E585471737FF1F230AF70C17
:101CF00005616F009F80EF020FFE01117C003ECA5C
:101D0000B70706003ECC91457C0048083ECEEFF078
:101D10003FDD4808EFF07FDE95471737FF1F2301AF
:101D2000F70A05616F006FFDEF02EFFA01117C0009
:101D30003EC083450500B70711003EC27C003EC48B
:101D40002A8481C50145EFB04FDB834704008545F8
:101D50000A851737FF1F230FF70AEFF07FD8EF3000
:101D6000DFD9AA850A85EF50DF8085450A851734BB
:101D7000FF1F1304641BEF507F831C400A8583C53B
:101D8000C700EF500FFF1C400A85CC4BB335B000A5
:101D9000EF502FFE1C400A8583C59701EF506FFD61
:101DA0001C400A8583D5A701EF505F801C400A853F
:101DB00083C5C701EF50EFFB1C400A8583D5E701BF
:101DC000EF50CFFE82452D461735FF1F13059504B2
:101DD0008505EF60122C0A85EFF03FD211E58947A7
:101DE0001737FF1F230EF7FC05616F000FF19717E0
:101DF000FF1F83C7E7A36387A706EF022FEC2A84A0
:101E0000EFF0BFC1AA8429CD1717FF1F034747A2D0
:101E10009307F00F8149631AF7009717FF1F238973
:101E200087A0979902009389A9F59737FF1F938799
:101E3000E7F583A5C7121389C4004A85EF50EFF96F
:101E4000A2854A85EF50EFF285454A85EF506FF243
:101E500026850146CE85EF401F902685EF503F91A5
:101E60006F000FE98280EF020FE779713C083EC6F0
:101E7000B70716003EC899453C0868003ECAEFF017
:101E80003FC641469735FF1F9385C5F46800EF5064
:101E90006FEC6800EFF07FC605E19737FF1F93876F
:101EA000E7EE9C43139717019947634307009D474B
:101EB0001737FF1F2306F7F045616F000FE4938784
:101EC000F501FD15FD1703C717000505A30FE5FE76
:101ED000E39AB7FE8280EF020FE00547411132849A
:101EE0006304E504AA8719C90947630EE5060D478F
:101EF0007D556385E71A41016F002FE033E4C5008B
:101F00007D5575F89737FF1F23AE07EC9737FF1FF6
:101F100023AC07EC9737FF1F23AA07EC9737FF1F67
:101F200023A807EC0145C1BF33E4C5007D5561F42A
:101F30009737FF1F938747FF804341499734FF1F1F
:101F4000938444EA034684014C483305C9402695EE
:101F5000EF60321403468401814526853306C9406B
:101F6000EF006FDAC1B791477D55E3E6B7F8979771
:101F70000200938727E0BE9583C40500ADDC1739C6
:101F8000FF1F130969FA032709008357A701E58F8B
:101F9000BDD383479701E3E0C7F69737FF1F9387C9
:101FA000E7DE9C43139717016358070093E7070880
:101FB0001737FF1F232CF7DCC1476397F406A28570
:101FC0004800EF90EF8B5800814413064002A5456E
:101FD000639B84021C08A697238A07FE9737FF1F7E
:101FE000938747E026864C003E85EF60920A414683
:101FF000058E81452695EF000FD183270900480003
:10200000DC538297CDBD83470700B3F7C7029386A1
:10201000770363E4F5009386070385042300D70064
:1020200093F4F40F05076DB791454800EF904F8585
:102030007D1413162400179402001304E4D4329480
:102040001C4092452685B3F5F50293D7050113D7B9
:1020500087009736FF1F238DE6D81737FF1FA30988
:10206000F7D8139705014183218393978500D98F72
:102070001737FF1F231FF7D69737FF1F23A407D655
:102080009737FF1F23A207D69737FF1F23A007D636
:10209000832709002EC29C538297B1BDE3EDB7E4BC
:1020A00097970200938787CDBE9583C70500E38489
:1020B00007E41737FF1F130727E718438356E70185
:1020C000FD8EE38A06E28346C701E3E6C6E2973661
:1020D000FF1F9386A6CB9042A145936606026394A8
:1020E000B7009366060418571736FF1F2320D6CA79
:1020F000A2853E85029701B5EF024FBC41112E89A2
:10210000B28935C501462A84EFF02FFE634F0504DE
:102110008144173AFF1F130A6AB2D94AEF407F95EC
:1021200063D5A4043385540383278A0A3E958357D5
:102130000500B1E323108500230A25012311350191
:1021400041016F00EFBA631245030354E1008504B7
:10215000EF403F920505634995001306E100CA85EB
:102160002285EFF08FF865F145F40145D1BF814438
:102170000544695AF1BF850455B7EF022FB42A848C
:10218000AE8983454501035505000149EFB0BFFF06
:10219000834744016341F902638509002285EFF01A
:1021A0006FEE231004004146814513054400EF0003
:1021B0008FB56F00EFB30355040093140901C1807C
:1021C000269542054181EFE0CFA90355040005099A
:1021D000269542054181EF30C047035504002695FE
:1021E00042054181EF30004765B7EF02CFAE1735AA
:1021F000FF1F130525D1EF30E06D9737FF1F83C711
:1022000067C189C781450145EFB02F8F1734FF1F84
:102210001304C4B71C401397170163570700084401
:1022200001C58145EFF07FF59737FF1F938707D8EA
:102230009C4389C7484019C1EF406F90EFF0EFFA17
:102240001306801581451735FF1F130525B4EF00D0
:102250008FABFD571737FF1FA302F7C69737FF1F36
:10226000938747CC9C4395C398472392070098C314
:102270001737FF1F2328F7C40545EF901FC7814775
:1022800011E1C9573E856F004FA7EF10E045973722
:10229000FF1F23A9A7C2CDB7EF02EFA341112AC6A2
:1022A000EFF0BFF49737FF1F938707C89C439C5FED
:1022B00081C7B2450545829741016F000FA4EF0227
:1022C0008FA18347550085462E8789836382D70C6B
:1022D00091C789466389D7106F002FA29736FF1FD9
:1022E0009386C6AA9C42B68413961701E34606FE5F
:1022F00083D545003D46E371B6FE8983858B2A84EC
:102300008DC303A7C6121C41E318F7FC9737FF1FC4
:1023100083C707ABF1F3014681450545EFF0AFF503
:1023200065BF9737FF1F938727C003A9070008439E
:10233000414683250900EF60625359FD8327490315
:1023400099C3054582971C40BD65938505A617373F
:10235000FF1F2323F7B69C401735FF1F130585BACF
:1023600093E747001737FF1F2322F7A283A78413A1
:1023700098472392070098C3EF30405401468145A7
:102380000545EFF04FEF9737FF1F238B07A2A9B743
:102390009737FF1F9387879F9C4393961701E3DD31
:1023A00006F203D745000DFB13F7870001CB93E737
:1023B00087001737FF1F232BF79C39BFBD9B93E77F
:1023C00087001737FF1F2323F79CEFF00FE29737A3
:1023D000FF1F938767B59C43DC5B99C305458297D4
:1023E000EFF07F8CD5BD9737FF1F9387279A9C43CB
:1023F0008983858BE38207EE83D74500E38E07EC64
:102400009C4103C50700EFF03FE9F9B5EF020F8BE0
:102410001734FF1F130484971C4013D72700058B24
:1024200035CF9183858B9304007D81E79D649384F0
:102430000453EF305FF10327041483274414330758
:10244000E5409D8D3335E500898D93D7F44163C90F
:10245000B7046394F50063E5E4049734FF1F9384A5
:10246000E49201440D499709FF1F9389E93B03A5B5
:10247000C4140DC51C4D050483C7870093F70704DA
:1024800099EB01466306240183A70415814591E376
:10249000CE85EF404FAC9104E31B24FD6F004F85C8
:1024A0001C409183858B91CB8327C4140145DC4765
:1024B00003C757008D476313F7002545EFF0DFDDB5
:1024C000F1BFEF024F819737FF1F9387278C9C4303
:1024D0004111A307A10013E707019736FF1F23A7A8
:1024E000E68AC18B99E705469305F1000945EFF0AF
:1024F0008FD80347F100A5476314F700EFF0FFCE34
:102500008345F10091C99737FF1F9387E7A19C434B
:102510009C5F99C30545829741016FF01EFEEFF263
:102520009EFB1734FF1F130464861C400111139790
:10253000170163570700EFF0DFF805616FF0FEFB4E
:102540007C003ECAB7070700AA843ECCA5457C00A4
:1025500048083ECEEFF0CFD8A6854808EF506F81EF
:102560004808EFF08FD91C4093E707101737FF1F7B
:10257000232EF780D9B7EFF21EF61734FF1F13048E
:10258000E48083278413BD65938505A69C43173596
:10259000FF1F1305259783C40700EF302032032562
:1025A00084139735FF1F83C5A591EF906FE305C98D
:1025B0001735FF1F03458590EFF07F838347041392
:1025C0001737FF1FA30CF78E9737FF1F2388078E3F
:1025D0001C40A183858B91C70D45EFF05FF46FF030
:1025E000DEF1A54763F497000945C5BF6388F40091
:1025F0009727FF1F83C7C77CE39097FE978702004A
:102600009387077E032784138E04BE9483D74400E8
:10261000835647008507E399D7FC08439C4005058E
:10262000829775BFEFF23EEB834645001737FF1FD9
:102630000347D788834755006317D7003A85EFF0E3
:102640000FFB6FF09EEB1736FF1F0346268797247C
:10265000FF1F9384A4736304D6020507E393E6FE89
:102660001737FF1F230CD78403A7841314472312A3
:10267000070014C37D579736FF1F2392E68413D4B7
:1026800027009737FF1F83C7978363F687000945A5
:10269000EFF0FFE87DB763918702A557B307F40217
:1026A00003A78413034747008D07BA9703D7450054
:1026B00093F7F70FE39DE7FC9737FF1F83C727804A
:1026C000B3D78700858BB5DF5D459307F4FFB387EC
:1026D000A70203A7841303D645008C410843D10702
:1026E0003E95EF60021B03C724138547B39787000D
:1026F00093C7F7FFF98F1727FF1F2302F77CB1F36A
:10270000EFF07FE73DBFEFF29EDA59711C083ECC37
:10271000B70706002A843ECE58181C089786020088
:102720009386866A1726FF1F1306D6779305000245
:102730001725FF1F1305C5663ED0EF90AFCE19C118
:102740001D4589A0D80897860200938666681726DB
:10275000FF1F13063675930500021725FF1F13058B
:102760002564EF902FCC69FD35469305710548101F
:10277000EF602212D40822864C104818EF90CFE563
:1027800009C51945EFF0BFD9D9A8D800978602002E
:10279000938686641726FF1F1306D67093050002E2
:1027A0001725FF1F1305C55FEF90CFC751F90346EB
:1027B00061062808A14583494106034B510632C6EC
:1027C00003447106834C810603499106034CA1061C
:1027D000034AB106834BC106EFF08FB02808EFF033
:1027E000CFB135EDFD571727FF1F230BF75C972758
:1027F000FF1F9387677B9843BE8A8144324611CF7F
:102800009727FF1F9387877A9C4381CB9727FF1FCA
:102810009387C757C443B3349000220433649401B0
:102820002209220A4204B366890193958900DC00DB
:1028300033677A01C18EB3E56501C808EF40EFCD7B
:1028400019ED83A70A0081C799C0EF10C003930553
:10285000007D1725FF1F1305E56AEF30200665612F
:102860006FF07EC8EFF23EC71971AA84AA853410B2
:102870001726FF1F130606571725FF1F1305855838
:10288000EF90CFD919C11D4519A841469725FF1FC3
:10289000938545532810EF50727D09C51145EFF01F
:1028A0001FC8A5A21724FF1F1304444E1C409725E0
:1028B000FF1F938525521397170163470700A685CD
:1028C0009724FF1F938404519726FF1F9386965DDC
:1028D00026861725FF1F1305E551EF90EFD945F523
:1028E0001C401397170163550712BC083EC6B70773
:1028F00027003EC83818BC08978602009386C64C4D
:102900001726FF1F1306165A930500021725FF1FEF
:10291000130505493ECAEF90EFB035F5B80097862C
:1029200002009386E64A1726FF1F1306B657930543
:1029300000021725FF1F1305A546EF90AFAE21F546
:1029400035469305B1042808EF50B27418449786B1
:102950000200938666481726FF1F1306B654110718
:10296000930500021725FF1F13058543EF908FABDA
:10297000E31B05F01C4403D52700EFB0CFC7AA84A2
:10298000E30305F09D456800EFF08F9583C5E401F2
:10299000930790054146B385F502680093850503CA
:1029A000A695EF403FBB1C44680083D52700EF404D
:1029B000FFBF2685EFB04FC6AA856800EF407FBBFA
:1029C0009727FF1F938787278C436800EF40FFC03E
:1029D0001C44680083D50700EF405FBDA145680037
:1029E000EF40BFB4B2462C08281885063686EF9013
:1029F0004FBD19C1194565B56800EFF00F9011E59D
:102A0000A1471727FF1F230DF73A09616FF0FEAEAC
:102A1000EFF06FC5DDBFEFF21EAC79713C083EC62A
:102A2000B70716003EC89725FF1F9385A53C3C08B5
:102A30001725FF1F1305053E3ECAEF900FC019C5AD
:102A40001D45EFF0DFAD45616FF03EAB1726FF1F70
:102A50001306463B9725FF1F9385C5391725FF1F92
:102A600013050534EF908FBF61FDC1451725FF1F8A
:102A700013054536EF80CFE061F595456800EFF02E
:102A80002F86C1456800EF405FAAAA861726FF1F60
:102A9000130646359725FF1F9385C5331725FF1F5E
:102AA00013054536EF908FB741FD6800EFF0EF84D6
:102AB00059F99727FF1F9387672D9C43B983858B0F
:102AC00093B7170095071727FF1F230BF72EA5BFF6
:102AD000EFF27EA0AA8541461725FF1F1305852E1C
:102AE000EF50325B9727FF1F9387472A9C4313972A
:102AF000170163560700EFF00FB76FF01EA0EFF05D
:102B00009FF1E5BF9727FF1F938747289C4313F743
:102B1000F7F79726FF1F23ABE62613F7070809CB25
:102B2000858B99C7EFF23E9BEFF0FFEE6FF0FE9CB6
:102B30008280EFF25E9A9724FF1F938424258040C1
:102B40003971AA859317140163D40706136414001E
:102B5000130600041725FF1F1305D5309727FF1F05
:102B600023A68722EF50F252EFE03FE89C40172463
:102B7000FF1F1304342F1397170163460700172410
:102B8000FF1F1304342AA2850A85EFF04FB3930583
:102B900004020810EFF0AFB297050000938505140A
:102BA0000A85EF902FB81DC91D45EFF05F973DA036
:102BB000130600041725FF1F1305D526EF50724D8D
:102BC00093579400858BC5DF93571400858BC5FB05
:102BD000136414009727FF1F23AA871A21616FF03F
:102BE000DE91EFF25E8F1D713C083EC6B7074600CE
:102BF0003EC801453C083ECAEF902FAF19E51D4580
:102C0000EFF0FF9125616FF05E8F2A848D4568009B
:102C1000EFE01FED930500026800EF401F91A285D1
:102C2000EFF0EFA9930500026800EF401F909305B5
:102C30000402EFF0CFA81724FF1F130424151C4033
:102C4000B245130600041397170185051725FF1FCA
:102C50001305551D634607001725FF1F1305952013
:102C6000EF5032436800EFE05FE949FD1C408566A4
:102C7000138706805D8F1726FF1F2329E61017276D
:102C8000FF1F1307A732184301CF584011CB7D77A0
:102C90001307F77FF98FD58F1727FF1F2328F70E0C
:102CA0001C4013971701635B0700A583858BB9FB55
:102CB0008D471727FF1F2305F710A9B713D7570014
:102CC0009983D98F858B1307F00F91E315479727C9
:102CD000FF1F2387E70E3DB7EFF2EEFFAA8517250A
:102CE000FF1F1305E50BEFF08F9D9727FF1F9387BD
:102CF000E7099C43139717016352070413D7670032
:102D000093D65700558F058B11EB13D77700058BA2
:102D100001CB91471727FF1F2304F70A6FF0EEFD41
:102D20001397370163550700EFF0FFCEC5BF096762
:102D3000D98F1727FF1F232BF704CDB713D7970081
:102D4000058B05C715479726FF1F238BE60685666B
:102D500013F7F7F7558F9726FF1F23A9E60293F77E
:102D60000708CDDFEFE03FF955BFEFF09FE77DB7F4
:102D7000EFF26EF61724FF1F130444018327C414D7
:102D80009DCF034745009727FF1F83C7A7146318EC
:102D9000F7021C409183858B99E3EFE01FC51C402F
:102DA00013971701635F070013F7F7BF9726FF1FFD
:102DB00023AEE6FC93F7074089C7EFF09FE26FF080
:102DC000CEF31840FD779387F77F13164701F98FED
:102DD0008566634706001727FF1F2329F7FAC5B743
:102DE000D58F13961701634706021727FF1F232F5E
:102DF000F7F81C4013971701E34307FC13F7F7F7A5
:102E00009726FF1F23A4E6F893F70708CDDBEFE032
:102E10009FEE75B7F5779387F77FF98FD58F972654
:102E2000FF1F23A5F6F693172701E3D407FCEFF065
:102E30009FBEC1B7EFF22EEA8347050091C709454F
:102E4000EFF0EFED6FF06EEB834715002A8413F778
:102E5000E70F75F71727FF1F1307070D18430346E2
:102E6000C700E31EF6FC9727FF1F938727F29443C2
:102E700093F7F6DF19C293E706209726FF1F23A7D3
:102E8000F6F0A583858B81C71C4B91C382971546AD
:102E9000A2851725FF1F1305A5F8EF50921F8D4738
:102EA0001727FF1F230EF7F0034644008345340025
:102EB00003452400EFF02F82E35605F849B7EFF2FF
:102EC0000EDF172BFF1F130B6BEC03270B000111F9
:102ED0009317170163D007023C003ECAB7070B00E7
:102EE0003ECC3C003ECE834705002A8499E7094545
:102EF000EFF0EFE205616FF00EDF834715008346C8
:102F00002500A207D58FC207C1878546E391D7FE6A
:102F100083463500E3EDD7FC972AFF1F938ACA004A
:102F200083A70A0001499C5BADCFA5CE136707209C
:102F3000834444009727FF1F23AAE7E48547E3E87B
:102F400097FA034C5400A147E3E387FB83496400ED
:102F500003457400A209B3E9A90013F709FE41FB78
:102F6000834B8400E3E577F9034A94000345A4000A
:102F7000220A336AAA0093770AFFB5FB834504004F
:102F80001726FF1F035666E11725FF1F0355C5E0EF
:102F9000EFF08F969727FF1F23AEA7DE11E51545AB
:102FA00081BF1377F7DF69B783A70A0091C403C70E
:102FB000870119C3D84B61EF83C4970163F39B006A
:102FC000DE8483D7A70193F4F40F13F7070101C739
:102FD00013778A0059EBBD8BD1CF13757A0059C98D
:102FE000EFA03FA783A70A007D15937BF50F03D5BC
:102FF000A701A94C3D89EFA0DFA57D15137AF50F38
:1030000003A70A008347C7016373FC00E28713FC30
:10301000F70F8357E70113F7870001C713F709017B
:1030200031EF9D8BADC313F5F90031CDEFA07FA239
:1030300083A70A007D159379F50F03D5E7011D8954
:10304000EFA03FA17D151379F50FA947B307FC0247
:1030500033879403636AF70C638C0C0C639C040C39
:1030600081490149814B014A3DA0930C4002114A1C
:103070008D4B79B7814C014A814B59B79307400278
:103080000D499149E1B7814701498149C1B781445F
:103090008149854B054A2D46A2851725FF1F13053B
:1030A00075D7EF50027F89454808EFE07FA381453F
:1030B0004808EF400FCC83250B004808A58185897F
:1030C000EF402FCBDE854808EF40AFCACE854808D9
:1030D000EF402FCAA6854808EF40AFC9D245154634
:1030E0001725FF1F1305C5D38505EF50827A4808C1
:1030F000EFE0BFA0E31005E02686CA855285EFE029
:103100009FDD01C50945EFF08FC183270B00A58323
:10311000858B89C783A70A009C5B829783274B0016
:1031200099CFEFF01FACF9B3E284894B0D4AA5B7F4
:1031300081443DB7DE8952898D4B094AA9BF832757
:103140000B0093E707401727FF1F2321F7C45DB348
:10315000EFF2CEB6834745002A891725FF1F0345A6
:10316000F5D56316F500EFE09FC86FF06EB8172431
:10317000FF1F1304A4C1832984132E85AE84EF405E
:103180008FCD2392A9008347490026851727FF1F6B
:103190002306F7D2EF404FC89727FF1F2382A7D2FD
:1031A0008327841303D7470009E70945EFF02FB7BA
:1031B0006DBF83D76700E3EAE7FE83475900898341
:1031C00081C7D146E3F3E6FE1727FF1FA309F7CE19
:1031D0001725FF1F0345A5CE137715009307F00FA2
:1031E00005C31345F5FF1375F50FEFA09F867D15F9
:1031F0009377F50F1727FF1F034777CCE367F7FA9D
:103200001727FF1F0347A7CB11C3BA8703455900F0
:1032100009811307150005453315E5007D157D8DE2
:103220009727FF1F238DA7C88327841303D6440045
:103230008C408843EF50E2658347241393F7E70FF0
:103240001727FF1F230DF7C68DF3EFF0CFB231BF65
:10325000EFF26EA803450500EFF0AFA66FF0EEA900
:10326000EFF26EA701449724FF1F9384249D5949D0
:10327000EF303F806344A4006FF02EA83305240391
:1032800083A7840A3E958357050081C78545EFE0F3
:10329000DFEE0504F1BFEFF26EA2AA840144172904
:1032A000FF1F1309A999D949EF30AFFC6345A4006A
:1032B00001456FF0EEA3330534038327890A3E9559
:1032C0000357050063E7E40083474501BA97E3C26B
:1032D000F4FE0504D1BF9727FF1F9387E7C49C43E3
:1032E000DC5F91C7EFF22E9F82976FF00EA1828074
:1032F0009727FF1F938747C39C43BC4391C7EFF2B7
:103300008E9D82976FF06E9F82809727FF1F938715
:10331000E7A798439316170163D30608EFF2AE9B15
:10332000804701498345440103550400EFA0BFE5F0
:1033300083474401634BF9022285EFE00FD09727C2
:10334000FF1F23A907A4FD5701451727FF1F2309C6
:10335000F7A6EFF00F970346440183550400035589
:103360002400EFF0FFF86FF04E990355040093141A
:103370000901C180269542054181EFD08F8E03550A
:1033800004000509269542054181EF20802C035554
:103390000400269542054181EF20C02B51BF828059
:1033A0009727FF1F23A0A7B88280EFF2CE9297271E
:1033B000FF1F9387A79DDC436D54639FA700EFE039
:1033C000DFE29727FF1F938727B69C432A849C5FE1
:1033D00081C781450945829722856FF00E92EFF2F1
:1033E0008E8F9727FF1F9387679AC84309C5EFF011
:1033F000DFFB6FF08E9025459727FF1F238107ACD9
:10340000EFF02F8CFDB79727FF1F9387E7B1884315
:1034100082809727FF1F93876797884309810589D3
:103420008280EFF24E8B41112A84EFF09FFE2DC96E
:1034300003574400954763F8E7062285EF40EFA461
:103440002AC42285EF404F9D2306A1002285EF402C
:10345000AF9C9727FF1F938767939843A306A1000C
:103460000983058B11C783A6C712A247639DF60285
:103470000D8997870200938727930E05B386A700CF
:103480008355440003C6560063EFC50001E703C738
:10349000460011EBAA979C43A2852800829721A0A1
:1034A000EFA09F9451D541016FF02E859727FF1F04
:1034B000938787A79C43FC4391C7EFF2CE81829705
:1034C0006FF0AE838280EFF20E8197F5FFFF938558
:1034D00025F41725FF1F1305E5A0EF2040326FF0FC
:1034E000CE8115C5EFE23EFF2A8497050000938543
:1034F00045EF1725FF1F1305E5A0EF204030972764
:10350000FF1F23A387A2EFE05FCE6FE01EFF7D5574
:103510008280A9E182808327090013171400BA97DB
:1035200083D70700638697020504EF306FC0E3443A
:10353000A4FE0144EF30CFBF635CA4000327090061
:1035400093171400BA9703D7070019EB239097003D
:103550006FE0BEFAEFE23EF82A89AE840144F1B78B
:103560000504C9BFEFE23EF74111AA8401442EC60B
:10357000EF300FBCB245635CA40098409317140071
:10358000BA9703D707006317B700239007004101DC
:103590006FE0BEF60504E1BFEFE2FEF39727FF1FE1
:1035A000938707A09C432A87AE86328889CF9728C5
:1035B000FF1F9388A89E03A3080089486315130181
:1035C00082976FE09EF39727FF1F9387279E9C4368
:1035D0000145E5DB9727FF1F9387479C904385476D
:1035E000E311F6FE4286B6853A85EF207FD9D1BF3A
:1035F000EFE2DEEC2E8A3284AA89EF207FD77515A0
:103600008357440093140501C1801379FA0363FEC4
:103610009700CA852285EF303FEB035644000C40EB
:103620004E85EFF07FF76FE0BEEC936509042285CD
:10363000EF309FE90C4026864E85EFF0FFF5A6851A
:103640002285EF30FFE9136909088357440099CFB9
:10365000850763DF970093650A0C2285EF30DFE66C
:10366000035644000C404E85EFF01FF3014565BF43
:10367000CA852285EF305FE50C4026864E85EFF047
:10368000BFF1A6852285EF30BFE5C1B7EFE2BEE40A
:1036900079713C083EC6B70717002A84AE843EC83D
:1036A00068003C0885453ECAEF406F826C00268565
:1036B000EF307F86700085452285EFF07FF345610E
:1036C0006FE0BEE3EFE23EE1EF308FA689450605ED
:1036D000EFA04FBAE55711C59727FF1F23A8A7866C
:1036E00081473E856FE07EE19727FF1F9387C7855F
:1036F000985B239607021725FF1F1305658798D748
:1037000082801727FF1F1307278418436316A70219
:103710001727FF1F0347C78375179387D5FF1337F5
:10372000170093B71700FD566319F700EFE2BEDAF2
:10373000EFF01FEC6FE07EDCED5636858280EFE225
:10374000FED705EDC16401441719FF1F1309094F86
:103750009309400EFD1421A8330534038327090B78
:103760003E958357C50163839700D13F0504EF3031
:103770002F9EE343A4FE6FE0BED79717FF1F9387EA
:10378000A77CAA85884365D9EFF05FF0EDB7EFE23B
:10379000FED279711C083EC2B70720003EC4171440
:1037A000FF1F1304647A1C083EC61C40D9C31717B8
:1037B000FF1F0347E7798947AE842A896315F70419
:1037C000814911A85C4013971900BA9783D7070065
:1037D000638197068509EF30AF95E3C5A9FE85455E
:1037E0004800EF30DFEE035649008325090048000A
:1037F000EF305FD6084050008145EFF09FF005455F
:1038000045616FE0FECEC167FD17E38AF5FC854791
:103810006311F702814911A85C4013971900BA9708
:1038200083D70700E38D97FA8509EF306F90E3C5E2
:10383000A9FE0145F1B7230005022322050282807B
:10384000EFE27EC985472300F5022A84EF201FB1ED
:103850009717FF1F9387873E83A7070B48D017153D
:10386000FF1F1305A56C1D8CB7F723B8938797E04E
:1038700009843304F4029717FF1F23A58772EF20F2
:1038800080026FE09EC7EFE27EC3EFA0EFD5E9575D
:1038900005C1C16401441719FF1F1309293A93098F
:1038A000400EFD14094AEF30AF8A6346A4008147F9
:1038B0003E856FE0FEC3330534038327090B3E9535
:1038C0008357C501638897008347050263844701D6
:1038D000EFF01FF70504C1BFEFE2FEBF834705FE0F
:1038E00085466398D7001305C5FDEFF09FC26FE0D2
:1038F000DEC08946E39DD7FEFDD91305C5FDEFF077
:103900007FC6F5B79717FF1F9387476998433DCF49
:103910008546F157631DD706EFE2FEBB9717FF1FE1
:10392000938787622A8788433E8405C99716FF1FBD
:1039300083C606628D476392F60239E39717FF1F2D
:103940009387C7669C4395EB9717FF1F23820760F9
:103950001C4003D50700EF20BFA5EF20DFA61715F9
:10396000FF1F1305A55C9717FF1F23A90762EF1020
:10397000707681473E856FE05EB8EFF01FA3E9B730
:1039800003550500CD45EF20FFA1D9B7F9573E8576
:1039900082809717FF1F938767609C437955BDC34B
:1039A000094771556383E7008280EFE2DEB21714A6
:1039B000FF1F13046459184015C3834784008546CC
:1039C000FD1793F7F70F63EBF60003550700CD459E
:1039D0009717FF1F238E0756EF20DF9C1C4003D54F
:1039E0000700EF20BF9FEF20DFA01715FF1F130573
:1039F000E5539717FF1F23A3075AEF10B06D01453A
:103A00006FE0BEAF828015C1EFE2FEAC1C41AE8418
:103A10002A8489C72E860145814582975C4081C7EB
:103A2000A685014582976FE05EAD8280EFE2BEAA77
:103A300097770200938707C29C43AA8501459C475C
:103A400082976FE09EABEFE21EA92A8403458501B1
:103A50009307F00F6314F500EF604FD39307200333
:103A60003305F5020328C40181460147930500028E
:103A700093076509034574017D8905053356D80010
:103A8000058A01C605071377F70F8506E398B6FE8A
:103A9000198D130740063305E5023E959307C012C2
:103AA0006354F5001305C0126FE03EA5EFE21EA1BE
:103AB0001C4D03548500B28995834E04858B4111BA
:103AC000AA842E894D80314691C3214633072603AF
:103AD00083D74401998F6344F60013F6F70F83C52B
:103AE00064014E8532C6EF30DFA89C4C93556400CC
:103AF0004E85860793F70708DD8DEF309FA70A04F0
:103B000093553900C18D93F5F50F4E85EF307FA6A3
:103B10009C4C931559004E85FD8BDD8D93F5F50F6B
:103B2000EF303FA5DC40931529003246BE958C410D
:103B30004E85EF303FA241016FE09E9BEFE21E9861
:103B4000AE8A8345A5002A84B28905450146368A96
:103B50003A8BEF207FB73DC19304C5002A89A54564
:103B60002685EF30DFB6630D0B0483450B0093F51C
:103B7000F5072685EF30FF9F03D64A0083A50A008C
:103B80002685EF303F9D9717FF1F938767F39C4370
:103B9000C9C750401C40835584000356460003D5D6
:103BA000C70105478146EF801F8415E95C40839774
:103BB00047006354F0064A85EF307FBB6555A1A8E6
:103BC0005C400547814583D727008D07C207C18325
:103BD000E371F7FA0C44E98193E5050459BF97179F
:103BE000FF1F9387A7ED83A807000548A687054711
:103BF0008146014681452285829805C15C408397B4
:103C00004700635CF0004A85EF307FB64E85D28571
:103C1000EFF07FDF01456FE0BE8DD2864E86CA850C
:103C20002285EFB0AF80C5BFEFE25E892A8413051D
:103C300045022E89EF10104A9717FF1F938747E818
:103C40009C4395CB8307740163D707020346740135
:103C5000054581457D8A0506EF4082475C4C7D1510
:103C6000638BA70003562401835504010840930683
:103C70008400EF80DF8981445840939924004E9757
:103C8000084319C5EFF09FDA5C40CE9723A00700E8
:103C9000834774018504FD8BE3D097FE834774014D
:103CA00093F7F7FBA30BF400630B0900814701486E
:103CB000232004001CC423260401232804006FE0F1
:103CC0003E83EFE2AEFF9C45AA842E84B289239204
:103CD00005009CC10149DC4013172900BA97D84858
:103CE0008C43A1479316270063C30600B14733876F
:103CF000270303D64401198E63D3C7003E8622856D
:103D0000EF305F8583C774010509FD8BE3D527FD7F
:103D100083C7740193F7070291EB8357440021474F
:103D2000639309001147998F2312F4006FE04EFC52
:103D3000EFE26EFA2A83084103DE050041110355C4
:103D4000C5016313AE0603454301098911C503C5C7
:103D50004500138E650119E1138E550083450E0051
:103D60001377F7037D55639EE502BE85B6878326EC
:103D700043014285468713F816009716FF1F938666
:103D8000E6EB94428358A30032C0B3860641035841
:103D9000830036C22E86AA86814513051E00EF7069
:103DA000DFD841016FE06EF57D55E5BFEFE20EF122
:103DB0002A84035585004111BE89AE8A328AB684B1
:103DC0003A89EF101FE2E15739E103558400EFF023
:103DD0008FCCFD570DCD5C488358A4004E8713F857
:103DE00017009717FF1F938767E59C43CA8656C045
:103DF000B3870741035884003EC22686D287854593
:103E00001105EF709FD23335A000B307A0403E8567
:103E100041016FE0EEEDEFE20EEC2A84130585021E
:103E2000EF10502B81471CC4835784010148232085
:103E30000402C607C583232204022320040023268C
:103E4000040123280400231CF40081448347A401B7
:103E50009DC75840139924004A97084301CDEFF0BD
:103E6000FFBC5C40CA9723A007008347A401FD174D
:103E7000230DF4001C4C8504FD8BE3D997FC171728
:103E8000FF1F1307A7DB1C47230D040093F6F7FD64
:103E90001716FF1F2328D6DA93F7070289CB0843AA
:103EA0008145EF903FFD01C50145EFA02FA46FE0D4
:103EB000CEE4EFE2CEDF832A0502032A4502AA847C
:103EC000AE8901490144171BFF1F130BEB0E930B27
:103ED0008004EF203FAC634BA90201CC83578401DF
:103EE000814513058402C607C583231CF400EF1027
:103EF000F01C2685EFF03FF263880A0083A74A0092
:103F000081C7D2854E8582976FE0EEDDB3077903D6
:103F100003270B00BA97638DF40203978701635957
:103F2000070283D6070103D704016393E60283D611
:103F3000270103D72401639DE60009CC5444D847E8
:103F4000636AD7006396E600144498476364D70019
:103F5000050941B73E84EDBFEFE24ED618417971B5
:103F6000231001028357C701231101023AD2231CF7
:103F7000F1008357850103476501231F0100EA070C
:103F8000FD87231DF100835725010A07231EF10039
:103F9000930700F8A300F1028347B5012301F10262
:103FA0003C083ED4835705012316F102834775016F
:103FB0002307F1021C4D9D83858BD98FA307F10246
:103FC0008347D50195CBF1742A8417790200130930
:103FD00029E69384F40F184C9357870093F7F7035F
:103FE0007D8B6371F7028357840171771307F70F95
:103FF000F98F231CF400A5A0A555EFF09FEB4561B8
:104000006FE00ECF58408A07BA979C43D1C38345CF
:10401000740101460545EF202FEBAA8929C113063B
:10402000C5003285A54532C6EF306FEA0C4C3246EA
:104030002285A18193F5F503EFF05FA78347C401C3
:10404000A2864A868507230EF400CE854810EFA08D
:10405000FFBD1DCD8347C401FD17230EF400834728
:10406000C4018DE383172401130584029305200303
:104070006358F0008347B401B385B70293850519EF
:10408000EF10D0038347D401FD17A30EF40085BFC2
:104090001C4C03578401A183850793F7F703A207FC
:1040A000658FD98F231CF4003DB7EFE2CEC2130514
:1040B00085FDEFF07FEA6FE04EC40347A50139CFDD
:1040C0000347C501AA877D171377F70F230EE50075
:1040D00031E7EFE24EC083162501634AD000034763
:1040E000D50111E78145EFF0DFDC6FE00EC103D6AB
:1040F00087011167130707F0718F138587028145C8
:1041000019EB930520036358D00083C7B701B3852B
:10411000B70293850519EF10607AC1BF8280EFE284
:104120008EBB2E85EFF07FF96FE02EBDEFE2AEBAC9
:1041300083578601AE84328413971701634E0700BC
:104140001C5299CB9C4389CB505282978357840150
:104150001167D98F231CF40081C42285EFF0FFF58D
:104160006FE0AEB9EFE2AEB4AA8413F5F507328979
:1041700015CDA947630BF51883C74401014493F794
:1041800007049DCB9717FF1F9387079398436306F8
:10419000071C9717FF1F938767AA9C5F9183858BE6
:1041A000639D071AA68502972A8439A00357460003
:1041B000954763E6E7007D5422856FE0CEB23285F5
:1041C000368AEF304FC99317150193D937019717E6
:1041D000FF1F9387E78E9C43935AF500C20A93DA38
:1041E0000A018DCB8387440163D60702DC4813F7AD
:1041F00017009717FF1F938767A49C43998F13D7C6
:104200008700E207B3E737012320FA002322EA0000
:1042100001445DB74A85EF304FC7096B83DB8400EB
:104220002A898144171CFF1F130C0CD9930C80049E
:104230007D1BEF202FF6E3D0A4F83384940383276B
:104240000C003E9418445444B377670163903705DB
:1042500083572401638D7701638A0A021C4C03464D
:10426000A401FD8B85076313F602231974018317DC
:104270002401E352F0F42320EA002322DA00631938
:104280000900A9552285EFF0DFC259B7850455B75B
:104290004A85EF900FFC1C4C7D15FD8BE3CDA7F0FC
:1042A00013058402370A0040EF10C0627D1A854A68
:1042B0004A85EF90CFF701E98347A401A9C722857A
:1042C000EFF09FC9B1B75840B30745018A07BA97C5
:1042D0009C439304F5FF8DC393F9F40F8A094E971D
:1042E0000843EFF0AFF45C40BE9923A00900834778
:1042F000A401FD17230DF40033959A001345F5FF33
:104300003379A90075B78145B5BF03574600894782
:10431000E3F3E7EA03D7A4009717FF1F83D747C942
:104320000144E31BF7E83285EF300FAFAA894A85D5
:10433000EF306FB2D04493F9F907AA8621829377C0
:10434000F60705461D8E83D5A40003D584004E963E
:104350001376F60FEF502FFD85B59717FF1F938744
:10436000278C9C436154E38907E44A86A68582979B
:1043700025BDEFE24E937971AA8A2E8A32C0368B20
:104380003A848144014D01499719FF1F9389C9C29D
:10439000930B8004EF200FE063CCA414F154630569
:1043A0000D1403A64A00630504188347040093E72D
:1043B00007F8230BFD0083D78A0003574A00B33563
:1043C00080002318FD0083574600A1492319FD00F2
:1043D0009307F7FF11E0B149B3C7370383568D0147
:1043E0001715FF1F13058585231AED00819A960581
:1043F000FD8BDD8E231CDD008507230DFD001C4594
:1044000003284500898313F717001C41998F13D7A0
:104410008700E207B3E707012324FD0083A70A0012
:104420002326ED0023226D032320FD008247232055
:10443000FD0293070040231EFD0083C7AA00A30BC3
:10444000FD0003A78A004D839377070413F7F6FB5B
:104450005D8F231CED0083C7BA001377F7F793161F
:10446000F900858B9E075D8F93171701C583D58F44
:1044700013D78700231CFD0093770708A30CFD00CA
:1044800083578D011307F00F93F7F7FDCD8F231C92
:10449000FD008347A6002AC2639DE70AEF501FAFC5
:1044A000A30DAD009704FF1F938484619C40130CFF
:1044B0008D006388071683270D0003278D0103569F
:1044C0002D0183D58A0003D5C7017D8B0507E286C0
:1044D000EF707FF16317051483172D016353F014F8
:1044E0006A85EFF05F93E554268545616FD07EFFC6
:1044F000B387740303A70900BA9703C7A7010DC7C1
:1045000003D68A0083D607010147631BD60003A7A1
:104510004A0083D72701035747001D8F1337170021
:104520003369E9008504BDB5E31E0DFE3E8DDDBF98
:104530008357260005478D07C207C1836365F700CF
:10454000930700F8BDB583A78A00E98393E707FCCA
:104550008DB5A30DFD00B9B73247035CA10063F32D
:10456000E7003E8C83A70C00420C135C0C019C43BB
:1045700062D001460C1001458297AA8935D1E285A7
:104580005285EF203FF76286AA854E85EF40623064
:1045900083274D00131C2400E29723A037019C4081
:1045A000A1CF1C103ECAB70710003ECC50081C100B
:1045B000A2856A853ECEEFF06FCF03278D010946B5
:1045C0007D8B6303E400054603AE0D0005485C08DF
:1045D0000507DE8681455685029E19CD83A74A00D0
:1045E00083974700635AF0004E85EFF02FC483276E
:1045F0004D003E9C23200C0005041374F40F8357D8
:104600004A00B9FB9C40A9C383274D009C438DEF12
:104610006A85EFF05F800245DA85EFF0CFBE814416
:10462000E1B5814B11E0E28B93970901C18301440D
:10463000231531013EC6976C0200938CAC01970D97
:10464000FF1F938DAD4765BF63050900EF903FAE37
:10465000F9B76A85EFF05F909707FF1F9387875C34
:104660009C438144E38207E892479C5F9183858B5A
:10467000E38C07E6EF90CFA385BDEFD2DEE5EF2018
:104680006FB1930780043305F502A145EF908FBE0B
:1046900001E565556FD07EE69717FF1F23AEA79003
:1046A00001449714FF1F9384249113098004EF2081
:1046B0006FAE6369A402EF20EFAEA1451A05EF903B
:1046C0006FBB61D99717FF1F23A6A78E0144B14482
:1046D0001719FF1F1309098EEF20CFAC6364A402E2
:1046E00001454DBFEF200FAA91450A05EF908FB805
:1046F0004DD1330724039C4005041374F40FBA977B
:10470000C8C375B7EF200FAB3355950291454205ED
:1047100041810A05EF900FB62DDD8327090013179D
:1047200064000504BA97C8C31374F40F75B7EFD2C9
:10473000FED8C1642A8901449709FF1F9389095053
:10474000130A8002FD14EF20AFA16345A4000145C8
:104750006FD01EDA3305440383A7C90A3E958357F9
:1047600005006386970083572500E38327FF050430
:10477000D9BFEFD25ED6C167BA841387E7FF411174
:104780003684639BE500238004009707FF1F93870F
:1047900067541CC081471DA8F5172A896391F50449
:1047A00032852EC632C4EF10CFC371FD9707FF1FAD
:1047B0009387C75D9C432246B24513971701635008
:1047C00007023285EFE03FAD11E5FD573E8541011F
:1047D0006FD0BED2110508C02380040065BFE30678
:1047E00009FE2E85EFF0BFF4E1576DD10347F901C3
:1047F0008947631DF7008347450089CB93077501FF
:104800001CC0834765012380F40069B793076500E6
:104810001CC083475500C5BF83D7450099E77D5528
:1048200082807D5505616FD0BECCEFD23EC91307A3
:1048300000182A8401112D55E366F7FE2E85B689EE
:104840003289AE84EF20FFCC8D47E3FCA7FC03DA6E
:104850004400EF20EF9111055C406358450103C708
:104860009700136707F8A384E70003D6470083D5B2
:10487000270008401307B1017408EFF09FEF5DF1C6
:104880008347B101139727008347B4008D8BD98FDD
:10489000A305F4005C408387970063D90700268551
:1048A000EF203FC713358500134515008347B4003B
:1048B00006059166F59B5D8D5C40A305A40001474C
:1048C00003D54700A167A98F63F5D700EF508FFA92
:1048D0002A875C409706FF1F9386463683A806000A
:1048E00083D5270003D847009C4610448D05898353
:1048F000858BB387F8403EC0C20583A84600835726
:10490000840072456582C181A686058A93B525001B
:10491000EF700F99E31805F05C400147CE8683875E
:1049200097004A86A685228563D50700EFF07FA40D
:10493000D5BDEFF0AFA0FDB5EFD2FEB932883A8613
:104940001397060101114183A307B100231CE10065
:10495000231DE10042CA42CEAD45584163F8D5005F
:104960008345970093E505F8A304B700FD5623118E
:10497000D70003079700635B07001307F100BE86AB
:104980004C08EFF01F9F05616FD03EB71307F10091
:10499000BE864C08EFF08F9AFDB7EFD23EB23E8450
:1049A0008357C5010111231901002314F100FD579C
:1049B0002315F1003C002ACA231701002318010027
:1049C0002316C1002309D10002CE3ECC2E89BA891C
:1049D000C2842E8563040800EF102F93231EA100CC
:1049E000EF50AF9B9707FF1F938747259C5F230FCF
:1049F000A10001459183858BADE34209135909411B
:104A0000635D200503D709001398F40099464E070B
:104A1000458333680701931788004208135808013B
:104A20001358880033E807019357040113D7870010
:104A3000A301F100931784004204418021805D8C22
:104A40002301E100814701470A8681454808231078
:104A5000010123128100EFF03FEE05616FD05EA9E6
:104A6000EFD27EA72A849304C5FDEF103F8F8327E2
:104A7000C4FF1D8DBD67938707A663F8A700814516
:104A80002685EFF06F9A6FD05EA7032804FF835549
:104A9000E4FE832784FF834644FF0356C4FE0325B8
:104AA000C4FD1358F801130744FEEFF01FEF2685ED
:104AB000EFE07FF9AA852285EF005060E9B7EFD2D9
:104AC0009EA101112E89AA84EF509FD62A84FD57FA
:104AD0002315F1008357C402035545032319010030
:104AE0002316F10083471403231701002318010044
:104AF0002309F1002314A10002CA02CC02CEEF90D8
:104B00008FAF2ACA08403C003ECCEF104F9F83571E
:104B10000500231EF100EF504F888357C402230F76
:104B2000A100B1CF834714032302F100EF502F946B
:104B30007D1513341500EF50CFB685476314F5008B
:104B400013642400EF50EF9385476314F50013645A
:104B500044009707FF1F9387670E9C5F9183858BA7
:104B600099C313648400CA8726878D465000A945DF
:104B70004808A302010023038100EFF0FFDB056179
:104B80006FD0BE97EFD23E9581450145EFF03FF3E0
:104B90006FD0BE96EFD23E9401449704FF1F9384DA
:104BA000A44113098004EF10FFDE6345A400014512
:104BB0006FD0BE94330724039C40BA9783C7A701E4
:104BC00099E30504CDB70545E5B7EFD2DE90AA8499
:104BD00001441709FF1F13096906EF107FCF6353C4
:104BE000A4028327490B131534003E958357050013
:104BF000639C970023100500232205002301050074
:104C0000EFC01FBC6FD07E8F0504C1BFEFD21E8BDB
:104C10002A842E89EF10DFCD19C1014565A0834795
:104C20004401414793F60703E389E6FE93F707043F
:104C3000EDD7EF10FFC975D181448149170AFF1FD5
:104C4000130ACAFFEF10DFC863CCA900EF105FC8DA
:104C5000639BA90E81449709FF1F938929FE89A8A8
:104C600083274A0B93943900BE9403D704008357DB
:104C70008400E30DF7FC8509F1B783A7490B139571
:104C800034003E95835705009DE36305090023200A
:104C9000A90061B7835784002310F5001C485CC14C
:104CA0005C48858B2301F500EFC09FB1BDB785043B
:104CB000EF101FC2E3C3A4FCEF109FC2854763053A
:104CC000F50005456FD0DE829704FF1F83D4642E64
:104CD0001707FF1F130787F6939734008324470BAA
:104CE000BE9403D50400EFB0CFF703D50400EFF076
:104CF000DFED630C0902232099009707FF1F83D77C
:104D0000472B85071707FF1F2315F72AEF105FBCF6
:104D100042059707FF1F83D7C7294181E3EFA7EE1D
:104D20009707FF1F23970728CDBD8357840026854B
:104D30002390F4001C48DCC05C48858B2381F40080
:104D4000EFC01FA85DBF8347440103C72400858BC4
:104D500099C725DBD8401C48E375F7F611A07DDB29
:104D600063050900232099004DBD835784002685E3
:104D70002390F4001C48DCC05C48858B2381F40040
:104D800025B7EFD24EF203584500217102D2914768
:104D9000832B050063E707017D594A8539616FD090
:104DA0004EF42E842A8A4C102285BA8DB689328C14
:104DB000EFF0DFE575F185455285EF206FF2528502
:104DC000EF207F89131935000981896442054181EB
:104DD000938CF4FFB37495015285EF20FF83137910
:104DE0008901935755003369F900137DF501137953
:104DF000F90F137BFD0FE3612BFB5C481848970A02
:104E0000FF1F938AAAE393F6170083A70A00B3044F
:104E10009740B3F49401958F93D68700B3049740DD
:104E2000E207DD8C23A2D90023A09900930C1B007C
:104E300023809D01814636CEEF10DFB6F24617087B
:104E4000FF1F1308281763D0A60483270800939434
:104E50006600BE9498481C446316F706D84483A79E
:104E600049008C4403A609006366F7006390E74895
:104E700063FEC54683C7740193F70704A1C7854540
:104E80002685EFE07FDA5C4821478D83858B91E3AF
:104E90003147B3046703EF10FFB163C4A4040328D0
:104EA00044018346E400035684008355A40008406F
:104EB000135878001378180081474E87EFF0FFAD44
:104EC0002D59E1BD850685BF835784002310F50069
:104ED0001C485CC15C48858B2301F500EFC05F8EE8
:104EE00049A19707FF1F9387A7BD9C4381EF814D81
:104EF000EF105FAB9707FF1F9387C70B63CBAD0422
:104F00005D5961BD5C481307000893F7070CE390F7
:104F1000E7FE1C4003C70D000356A4008355840020
:104F200003D5C701CE86EF700FCC71F10328440181
:104F30008346E400035684008355A40008401358B8
:104F400078001378180081474E87EFF01FA5655948
:104F5000A9B5984393946D00BA9403C774019376EE
:104F6000070499C2850D69B713670704A38BE40092
:104F70001C409CC05C488A0793F607029377F7FDB4
:104F8000D58FA38BF40003A6090083A64900819B5B
:104F9000B3E7A701A38BF40090C4D4C403C70B00EC
:104FA00093F7F707238BE4000347E400238CE40026
:104FB000035784002398E4000357A40023AE0400A1
:104FC0002399E400584813770708D98FA38BF4007E
:104FD000DC4CB3D72701858B63950738DC48035732
:104FE0004A00F583858B6317690B93160901C1820B
:104FF000214691E33146B387C6023E97239AE400E7
:10500000EF10CFB5138D440288D06A85EF00D00031
:1050100009ED83A78A039183858B81EB2685EFE0D9
:105020009FA2AA856A85EF0070095C4821478D839D
:10503000858B91E33147DC40BAC017570200130754
:1050400067611843931D2900130B01041843EE9761
:105050000146DA8501453ECE0297F24788C3DC401F
:10506000BE9D03A50D000DED032844018355A4004A
:105070008346E400035684000840135878001378F0
:10508000180081474E87EFF05F9185452685EFE058
:10509000BFB975BDA14691E3B146E383E6F6EDB92C
:1050A00003564A0083250A00054A33192A01EF30C6
:1050B000427EDC4C668605453369F90023AE240147
:1050C0008145EF30E2007D156306A90023204C01E5
:1050D0000149E1B1125509CD835784002310F50031
:1050E0001C485CC15C48858B2301F500EFC04FED87
:1050F00089472320FC006A85EF00C07D03A8440196
:10510000DC4C8346E400035684008355A400084029
:105110004E871358F801EFF05F888347440113F777
:10512000870005CBB707000101464C1826853EDCF9
:105130005ADA5ADEEFE0FFB883C50B00CE8650186E
:105140002285EFF02F822A8981452685EFE0DFADA9
:10515000A9B183C91B0003AA84003707800183CC4F
:105160000B00220A3AD693D979005AD45AD8135A46
:105170008A0083D6440125476393090015477D596A
:10518000E3C4E6FC1707FF1F13078793184311C7F3
:1051900093F7070499E3014945BF0355A400A167AC
:1051A0001167A98F814B63F5E700EF40BFECAA8B35
:1051B00093D76C00858BBDCF114C63830900214CC4
:1051C000420C135C0C01014B130D8002EF104FF9E0
:1051D00093170B014205C1834181E3FEA7FA03A3A4
:1051E000CA0AB30DAB034E862C1026851ACEEFE00B
:1051F0005FADA25783A5CA0A930841033EDE3EDA9B
:1052000083D74401130881026687B3878741231D32
:10521000F102DE86CE875286EE952285231C01029E
:10522000EFE01FB12A89050B55F172439A9D83D790
:105230002D0075A09707FF1F938747B59C431397D1
:105240001701635007044E862C102685EFE07FA7D8
:10525000A25721473EDE3EDA83D74401639309001B
:105260001147998F231DF10238105C18CE865E8697
:10527000D2852285231C0102EFE05FB32A89F5570E
:1052800039CD4E862C102685EFE0BFA3A2572147CB
:105290003EDE3EDA83D74401639309001147998FBC
:1052A000231DF1025C4852C0341013F7170083A786
:1052B0000A004E868545998F3EC28358A400035844
:1052C0008400DE8758181705FF1F1305A5A0231CAF
:1052D0000102EF609F852A89F957E31705E623133A
:1052E000F4004C182285EF00FFD6B9BDE3E6E7AA2B
:1052F0006314F700E362B6AA03C70B0083C7640117
:10530000E31CF7A803AD440193578D01FD8BE39592
:1053100067A95C481357DD01058B8D83858BE31DE1
:10532000F7A683C7740193F70704E39307CADC4C1D
:105330006686054581453ECEEF209259F2477D15A0
:10534000E39CA7A48346E400035684008355A4008D
:1053500008401358FD014E87EFF02FE41255E31576
:1053600005B679591DBC9707FF1F2393A7C48280F8
:10537000EFD26E933971FD5717FAFE1F130A4A7464
:105380003ED683270A007D573AD402D2A3010102F8
:10539000AA842E84638707109C4183D5A50003D57A
:1053A000C701EF704F80834744011E0593F7F7074D
:1053B000C98F230AF400A5452685EF206F92970A2E
:1053C000FF1F938A2A8683A70A008DC71707FF1F2E
:1053D0001307C7861C5F9183858B89CF8347440160
:1053E00093F6070381EA5453214769596397E60A04
:1053F000918BC5C72685EF202F919C40AA8B03DC9B
:1054000044008387070063D3070A5C48014993F788
:10541000070CC1C71307310234105010A28526852E
:10542000EFF03F962A8983A70A0085C31707FF1F5D
:105430001307C7801C5F9183858B81CB5853A1478D
:105440006315F7002285EF808FDC9C44C20B93DB51
:105450000B01BE9B83270A0023A0740123928401C1
:105460008DCF8307440163DA07026318090297F7B7
:10547000FE1F9387A76483A80700A257FD56125604
:105480000347310201486393D71CB2566390F61C60
:10549000A6878146A285014582984A8521616FD001
:1054A0004E8483C7450193F7F70721B78547A301CA
:1054B000F10263140C007D59BDB781452285EFF0E0
:1054C000EFF475F92685EF202F9583474401AA8CC8
:1054D000A18B81CBAA85341026862285EFE09FC858
:1054E00091B75C48014993F7070C95DFEF104FC85F
:1054F000110542054181EF20E004AA8963060514E5
:105500002ADA231C0102EF10AFC603D744001105AD
:10551000231DA1024EDE914763E6E7004E85EF10A2
:10552000507D51BF83270A0091CB8347440193F7F5
:10553000070489E74E85EF10D07BF5B50355A4002D
:10554000A1671167A98F014B63F5E700EF409FB298
:105550002A8B83D74400F1172392F40093D76C0071
:10556000858BE1E39707FF1F938747829C4313973F
:10557000170163510702F2570C4826873EDA81462D
:105580005C185A862285231C0102EFE03F822A899B
:10559000F55739C1F2578358A400035884003EDA06
:1055A0005C48A686014613F7170097F7FE1F9387FE
:1055B000E7689C43854517F5FE1F1305A571998F74
:1055C0003EC21C485818231C01023EC0DA87EF6017
:1055D000CFD52A8925F1F9572313F4004C182285D9
:1055E000EF005FA781BF93078002B387FD02032E00
:1055F000CD0A10489308410326886687DA862285FB
:10560000231C0102850D3E9EF257F28572CE3EDAD2
:105610008147EFE0EFF12A8911E9724E83572E009E
:1056200065BF814D17FDFE1F130D4D61EF104FB388
:10563000420593970D014181C183E3E6A7FA4E85A8
:10564000EF10306B0149C5B35D59F1BBA68734102B
:1056500091B582808280EFC21EE801449704FF1F4B
:1056600093844495EF100FB46344A40297F7FE1F90
:105670009387C75C03A4470BEF108FA51316350063
:1056800081452285EFC03EE8EFC06F956FC0FEE612
:1056900088409317640085453E95EFE0EFD80504F8
:1056A000D1B7EFC25EE301449704FF1F9384C49017
:1056B00013098004EF100FAE6344A4006FC0FEE333
:1056C000B3072403884005043E95EFE0CFF4DDB72F
:1056D000EFC2DEDE01449704FF1F9384E48D1309BB
:1056E000800497F9FFFF9389899CEF10AFAA63416B
:1056F000A40201449704FF1F9384C48B17F9FFFF92
:1057000013094936EF100FAA634EA4006FC05EDE86
:10571000B30724038840CE8505043E951305850212
:10572000F928E1B7884093176400CA853E951305B0
:105730004502F1200504F9B7EFC2FED91C452A84C1
:10574000858BA1CF9706FF1F938646879C42014712
:1057500095C36311F4041C40D4420DE71707FF1FE3
:10576000232EF7846316D4001707FF1F232AF7841C
:10577000232004001C44232C04000145F99B1CC475
:105780006FC0BED71CC3E315D4FE9707FF1F23A924
:10579000E782F9BF3E879C4365BF3105ED2CD9BF39
:1057A0008589B1C1EFC23ED31704FF1F13040481E2
:1057B00008401DC51C411707FF1F2321F7805840D3
:1057C0006316E50017F7FE1F232CF77E1C45584192
:1057D00093F6E7FF14C5858BE1DF79DB0297C9BF3C
:1057E00001456FC09ED101458280EFC2DECE2E847E
:1057F00031468145EFC03ED140C16FC01ED0EFC2DF
:105800009ECD2A84EFF07FFE232604002328040087
:10581000232C04006FC07ECEEFC2FECB3105F922EF
:1058200095473305F502A1473345F5026FC0FECC1D
:105830009C4513E7170098C5858B9DE3EFC2BEC951
:105840005C4123A0050091EB4CC10CC103458500D0
:105850008545EF20A0196FC05ECA8CC34CC1FDB74F
:105860008280EFC2BEC53559634A06009C4DB284A2
:105870002E84AA8999C731596387A7004A856FC0CA
:105880003EC7014919E52285EFF01FEB2A89E3475E
:1058900005FE8E049545B3C5B402232C34011305CF
:1058A000C4006122E1BFEFC21EC3AA8517F5FE1F27
:1058B0001305C570EFF0DFF76FC03EC4EFC2BEC185
:1058C0002E86AA8517F5FE1F1305456FEFF07FF9A9
:1058D0006FC0BEC21C4D99C7EFC2FEBFEFF0DFE53F
:1058E0006FC0BEC17D558280EFC2FEBE17050000AD
:1058F000130545EBEF20301797F7FE1F9387076CD2
:105900002384A70023A0070023A207006FC0FEBEC8
:1059100097D7FE1F938707F288436313F50001456D
:105920008280EFC25EBBEFF0BFFEFD5711C11C4588
:105930003E856FC09EBCEFC21EBAEFF07FFDAA8706
:10594000014599CB8047854517F5FE1F0345C5677F
:10595000EF2040643305A4406FC03EBAEFC2BEB72B
:1059600041112AC6854517F5FE1F0345E565EF2061
:10597000C052854517F5FE1F03450565EF20A00BB6
:105980003246634A060017F5FE1F0345E563854569
:1059900011E6EF20A00541016FC03EB6EF202025A3
:1059A000DDBFEFC25EB3930545FF4845EFF05FE80A
:1059B0006FC0BEB485898DC9EFC2FEB1EFF05FF54F
:1059C00009CD544118412324050098C254C3232013
:1059D000050023220500EFF0DFFCEFF09FF4EFF06D
:1059E000FFF701456FC07EB1014582801C4185CF24
:1059F000EFC27EAEAA84EFF0BFF197D7FE1F938768
:105A000067E3DC43014419E5EFF0FFF23305A440FE
:105A10006FC0BEAE18453A94E30895FE75D5E30510
:105A2000F5FE0841CDB701458280EFC2DEAA0CC564
:105A30002A84EFF05FF0AA84EFF09FED01C51C45CA
:105A4000858F1CC5EFF0DFEC97D7FE1F938787DEAD
:105A5000D04311E950C01CC0DC4380C397D7FE1F60
:105A600023AC87DC29A8144518446350D7025C4155
:105A70003387E64018C55CC008C080C340C1EFF062
:105A80005FEAEFF0BFED6FC05EA7158F18C4E303A8
:105A9000A6FC08417DBFEFC21EA41C41FD54B1C746
:105AA0002A84EFF0FFE62A89014563142401EFF010
:105AB0009FE817D7FE1F1307E7D758431C4063081A
:105AC000E40091C71844098F88473A9588C7584021
:105AD00081441CC3D8C3232004002322040063167E
:105AE0002401EFF01FE4EFF07FE726856FC0FEA0F2
:105AF000EFC27E9E17050000130505ECEF20A0768F
:105B000097F7FE1F2382A74C6FC03E9F5971A2D604
:105B1000A6D4CAD2CED0D2CED6CC032A4500832A70
:105B20000500832985000329C500044940498323D2
:105B300085018322C501DACADEC8E2C6E6C4EAC22C
:105B4000EEC0968B9E8FA28E2688CA864E8F528E6E
:105B5000D6880147175B0200130B0B2E13060004B7
:105B600083CC050083C7150003C325009105C20738
:105B700003CCF5FFE20CB3ECFC002203B367930106
:105B8000B36CFC0013536800B307E100131CA801B9
:105B9000336C830123A09701131358019357B80066
:105BA000B3E767003343FC00135C98019317780058
:105BB000B3E78701B347F3001343F8FF337CD80101
:105BC0003373F301334383019A973303EB000323C9
:105BD0000300139C380111079A97E697DE971393F9
:105BE000E80193DB2800B3EB6B0013D3D8003363D9
:105BF000830133C36B0013DC6801939BA800B3EBF4
:105C00008B01B34B73013343EE0133731301337CC8
:105C1000EE01334383019A9B3383D700DE97FA86E4
:105C2000FE8B6315C716975502009385E520C14684
:105C3000930B0004138B16001377FB0090000A07E8
:105C40003297832D07FC9105139C9D0113DD7D0088
:105C5000336D8D011397ED0013DC2D013367870140
:105C6000334DED001387E6003D8B0A073297832CF6
:105C700007FC93DD3D00334DBD0113D71C01139686
:105C8000FC0013DC3C01598E1397DC00336787015D
:105C9000398E13F7F600A506BD8A130C01048A0697
:105CA0000A076297E29603AC06FC832607FC93DCA6
:105CB000AC0033469601369C6A9C329C9356630036
:105CC0001316A301558E232087FD931653011357F6
:105CD000B300558FB346E6001356930113177300B4
:105CE000518F358F9346F3FF33760301B3F6D60118
:105CF000B18E3697D45D13D6270036976297139CE2
:105D0000E701336C860193D6D70013963701D18E05
:105D10007E973346DC0093DF67019396A700B3E6D6
:105D2000F601B3CFC801B18EB3FFFF0033F6C8014F
:105D3000B3CFCF00FE963306E701F68F3697728F0A
:105D4000DA86631C7B05229336545697D297CE98F9
:105D50004A9EB2941E98969E04C918C15CC1232421
:105D600015012326C501232A6500232C0501232EB6
:105D7000D501A65416598659764AE64A564BC64B63
:105D8000364CA64C164D864D65618280F68F728F1B
:105D9000C28E468E1A88BE88E1B3C28E468E1A889D
:105DA000BE883283BA8779B525C5EFC2CEF2130615
:105DB000000781452A84EF50AF9CB7E7096A9387B3
:105DC00077661CC0B7B767BB938757E85CC0B7F767
:105DD0006E3C938727371CC4B7F74FA59387A7530B
:105DE0005CC4B7570E519387F7271CC8B777059B3C
:105DF0009387C7885CC8B7E7831F9387B79A1CCC83
:105E0000B7D7E05B938797D15CCC05456FC0EEEECA
:105E10000145828039CDEFC26EEA2A84AE84014505
:105E200099C93389C50019C69309F003130A84027E
:105E30006315990005456FC0AEEB3C54850413878C
:105E4000170038D483C6F4FFA2972384D702E3F166
:105E5000E9FED2852285EFF07FCB1C5054502324DD
:105E6000040613870720B337F700B69718D05CD025
:105E7000C1B7014582806309050EEFC2CEE5AA8451
:105E80002E840145E5C1B8559C51D0519316370079
:105E9000BE96B3B7F600B29713051700DCD194D1C4
:105EA000930700F8A8D52E972304F70293078003E1
:105EB0001389850263FFA70013060004098E81453C
:105EC0004A95EF50EF8BCA852285EFF03FC423241B
:105ED00004062854130680038145098E4A95EF5025
:105EE0002F8A8356040218505C5013968600A182B4
:105EF000D18E2313D4069356070161832302E4064F
:105F000013D78700A301F4062301E40613D7070182
:105F1000E183A302D4062300F406A300E406CA85A5
:105F20002285EFF0BFBE8147930600023307F400DD
:105F300018439104910713568701238EC4FE13560C
:105F40000701A38EC4FE13568700238FC4FEA38FC0
:105F5000E4FEE39DD7FC2285130600078145EF5040
:105F60002F8205456FC06ED90145828011E2828083
:105F70007D16B387C50003C70700B307C50023809C
:105F8000E700EDB797F7FE1F23A2A7048280EFC2B8
:105F90008ED41C412A84B284858B014989CBB28678
:105FA0002E86AA8597B0FE1FE78080A32A89A68542
:105FB000228597B0FE1FE780A0A0630A09008A042B
:105FC000F11426941C4037070080D98F1CC06FC085
:105FD000CED2EFC2AECE039A260093070002AE895E
:105FE0001304FA013344F40293844602AA85B28A68
:105FF0004E852686054962046184A28697B0FE1FFD
:10600000E780009E11ED931754000149635AFA008E
:10601000D2854E8597B0FE1FE780E0903339A0000F
:10602000A2862686CE85568597B0FE1FE780409BC8
:106030004A856FC0EECBEFC26EC8011121462E8497
:106040002A8997B0FE1FE780C0925C54A1460A8659
:106050003EC61C588A850A853EC85C5802C402C2E6
:106060003ECA1C5C02C03ECC5C5C3ECE97B0FE1FBC
:10607000E7800097AA84A1460A86CA854A8597B018
:10608000FE1FE780E0951C58AA94A1463EC65C58C6
:106090000A868A853EC81C5C0A8502CE3ECA5C5CC4
:1060A0003ECC97B0FE1FE780A093AA94A1460A8633
:1060B000CA854A8597B0FE1FE78080921C50AA943B
:1060C000A1463EC05C500A86CA853EC21C544A8521
:1060D00002CA3EC41C5C02C802C63ECC5C5C3ECE1A
:1060E00097B0FE1FE780C08F5C50185CAA943EC03A
:1060F0001C543AC8585C3EC25C54A1460A863EC451
:106100005C58CA854A853EC63ECC1C503ACA3ECE33
:1061100097B0FE1FE780C08C5C54AA94A1463EC095
:106120001C580A86CA853EC25C584A8502CA3EC4CB
:106130001C5002C802C63ECC1C543ECE97B0FE1F77
:10614000E780A08D1C58898CA1463EC05C580A8609
:10615000CA853EC21C5C4A8502CA3EC45C5C02C859
:106160003EC65C503ECC5C543ECE97B0FE1FE780EE
:10617000C08A5C58898CA1463EC01C5C0A86CA85D0
:106180003EC25C5C4A8502CC3EC41C503EC65C509C
:106190003EC81C543ECA1C583ECE97B0FE1FE78036
:1061A000C0871C5C898CA1463EC05C5C0A86CA859F
:1061B0003EC25C504A8502C43EC61C5402CC3EC856
:1061C0005C543ECA5C583ECE97B0FE1FE780E08428
:1061D0003384A44097C4FE1F9384846663470402FB
:1061E000854911E82146CA85268597A0FE1FE780CC
:1061F000806663073503A1462686CA854A8597B01F
:10620000FE1FE7808081098CE9BFA1462686CA85EA
:106210004A8597A0FE1FE780A07C2A94E34704FEEE
:1062200005616FC0EEACEFC26EA91D712A84328980
:106230002E8A714681454800EFC0EEAC8304090008
:106240008D475286A686D28508103EC097B0FE1FA5
:10625000E780E0838327C90A0C1022858297A686EF
:106260000A86A28522859309490097A0FE1FE78030
:10627000C07A09C9A6864E86A285228597A0FE1FF0
:10628000E7800076830609005286A285081097A051
:10629000FE1FE780C07F8327C90A0C1022858297E2
:1062A000A68613064908A285228597A0FE1FE780CF
:1062B000207319E92686A2854E8597A0FE1FE780E8
:1062C00080598547630AF500A6864E86A2852285F9
:1062D00097A0FE1FE780607425616FC06EA1EFC2BA
:1062E000EE9D8384060019712A89AE8A3285A685BF
:1062F0003284B68997A0FE1FE780C0606319052C21
:10630000A6865686D685880097A0FE1FE78020784F
:1063100083A7C90A8C000A858297838609000A86AA
:10632000CA85880097A0FE1FE780607683A7C90A08
:106330008C0008108297838609000A868A85880067
:1063400097A0FE1FE780A07483A7C90A8C000A8566
:106350008297838609002286D685880097A0FE1F33
:10636000E780E07283A7C90A8C00568582978386EE
:1063700009002286A285880097A0FE1FE780207171
:1063800083A7C90A8C0022858297A6862286CA85A1
:106390004A85138A490097A0FE1FE780606419E9C7
:1063A0002686CA85528597A0FE1FE780C04A85478A
:1063B000630AF500A6865286CA854A8597A0FE1F05
:1063C000E780A065A6862286A285228597A0FE1F6B
:1063D000E780006119E92686A285528597A0FE1FF5
:1063E000E78060478547630AF500A6865286A28546
:1063F000228597A0FE1FE7804062A6862286CA8576
:10640000228597A0FE1FE780406109C9A6865286B3
:10641000A285228597A0FE1FE780805C8386090005
:106420002286CA85880097A0FE1FE780406683A762
:10643000C90A8C004A858297A6864A86CA85228523
:1064400097A0FE1FE780C05919E92686A2855285CC
:1064500097A0FE1FE78020408547630AF500A686C7
:106460005286A285228597A0FE1FE780005BA68644
:106470002286CA854A8597A0FE1FE780605619E9E3
:106480002686CA85528597A0FE1FE780C03C8547B7
:10649000630AF500A6865286CA854A8597A0FE1F24
:1064A000E780A05781454A8597A0FE1FE780A04757
:1064B00063020512A6865286CA854A8597A0FE1FEA
:1064C000E78000522A8BA6854A8597A0FE1FE780A9
:1064D000204F93972400F117CA9788437E0B3365AA
:1064E000650188C3838609004A86CA85880097A00B
:1064F000FE1FE780C05983A7C90A8C0022858297B6
:10650000A6861010A285228597A0FE1FE780E05086
:1065100009C9A6865286A285228597A0FE1FE7801C
:10652000204CA6861010A285228597A0FE1FE7802A
:10653000C04E09C9A6865286A285228597A0FE1F55
:10654000E780004A0C10A68622862E8597A0FE1FA3
:10655000E780A04C09C90C10A68652862E8597A00C
:10656000FE1FE780E047838609001010CA85880077
:1065700097A0FE1FE780A05183A7C90A8C004A8517
:106580008297A6860A86CA850A8597A0FE1FE7809D
:10659000C04809C9A68652868A850A8597A0FE1F2B
:1065A000E78000442686A2854A8597A0FE1FE780E3
:1065B000403C2686D685228597A0FE1FE780603B5B
:1065C00026868A85568597A0FE1FE780803A096156
:1065D0006FB01EF2A6854A8597A0FE1FE780403E59
:1065E00011B7EFB2BEEDAE8919712A89B6854E8515
:1065F000B284368497A0FE1FE780C03011C9A285FF
:106600004A8597A0FE1FE780202E09616FB05EEEDD
:106610002286CE850A8597A0FE1FE78080352286D8
:10662000A685081097A0FE1FE780A034A2858800E9
:1066300097A0FE1FE780402B8547A2858810BEC02B
:1066400097A0FE1FE780402A22860C100A8597A09B
:10665000FE1FE780402009E922868C004A8597A02A
:10666000FE1FE780003155B78247858B89EFA285F1
:106670000A8597A0FE1FE780A0342286A6858800A1
:10668000EFF0FF90D1B78257858B99EBA285081068
:1066900097A0FE1FE780C0322286A6858810CDB75E
:1066A000A2866359A00410108A850A8597A0FE1F50
:1066B000E780A036A2850A8597A0FE1FE7804030BC
:1066C00022868C10880097A0FE1FE780C018635AAE
:1066D00005008C00A28626862E8597A0FE1FE780E7
:1066E00020308C00A28690102E8597A0FE1FE78098
:1066F000C03261B70C100A862E8597A0FE1FE78076
:10670000C031A285081097A0FE1FE780602B22866B
:106710008C00881097A0FE1FE780E013635A0500E5
:106720008C10A28626862E8597A0FE1FE780402B20
:106730008C10A28690002E8597A0FE1FE780E02D8A
:10674000A1BFEFB25ED6038C070069712AC2B28D79
:10675000080962862E8D36C63E84BA8B97A0FE1F2E
:10676000E780202193172C003EC4EA976286BE85FD
:1067700088093EC097A0FE1FE780A01FB246830491
:1067800004006384066C2686B685081897A0FE1F51
:10679000E780201E26860C09881897A0FE1FE78038
:1067A000401D26868C09081997A0FE1FE780601CF3
:1067B000830604001018B285881997A0FE1FE78091
:1067C000002D8327C40A8C19880882978306040049
:1067D00090080C09881997A0FE1FE780402B83279B
:1067E000C40A8C19080982978306040010188C08C3
:1067F000881997A0FE1FE78080298327C40A8C1977
:10680000880882978306040090088C09881997A04D
:10681000FE1FE780C0278327C40A8C198809829746
:106820008327440AA28610188C09080982978306D8
:1068300004001018B285881997A0FE1FE780202554
:106840008327C40A8C19880882978306040090085D
:106850008C18881997A0FE1FE78060238327C40A3D
:106860008C19881882978306040010188C088819E0
:1068700097A0FE1FE780A0218327C40A8C198808EF
:1068800082978306040090080C19881997A0FE1FB0
:10689000E780E01F8327C40AF91B8C190819C20B73
:1068A000829793DB0B4113094400854C8304040059
:1068B0006346705B81456E8597A0FE1FE780A0064A
:1068C000B339A00096099C18338A3701933A150012
:1068D0001C19960ABE999C18338B5701A6861C1961
:1068E0005286DA850808BE9A97A0FE1FE780E0125C
:1068F00009C90C08A6864A862E8597A0FE1FE78048
:10690000200E830604001008B285881997A0FE1F88
:10691000E780E0178327C40A8C190808829783064A
:1069200004001008D285881997A0FE1FE780201662
:106930008327C40A8C1952858297830604001008A5
:10694000DA85881997A0FE1FE78060148327C40AA0
:106950008C195A858297A6864E86D685080897A0F8
:10696000FE1FE780E00719E926860C084A8597A0F4
:10697000FE1FE78040EE8547630AF5000C08A686F7
:106980004A862E8597A0FE1FE7802009A6864E86A0
:10699000D685568597A0FE1FE780200809C9A686E0
:1069A0004A86D685568597A0FE1FE7806003A68697
:1069B0005286DA85081897A0FE1FE780000609C9ED
:1069C0000C18A6864A862E8597A0FE1FE7804001F8
:1069D000830604001018CE85881997A0FE1FE78053
:1069E000000B8327C40A8C194E858297A6865A8687
:1069F000D285081897A0FE1FE78080FE19E9268639
:106A00000C184A8597A0FE1FE780E0E48547630ADB
:106A1000F5000C18A6864A862E8597A0FE1FE780F3
:106A2000C0FF830604005686D685881997A0FE1FEE
:106A3000E780E0058327C40A8C195A858297A686C9
:106A40001018DA855A8597A0FE1FE78000FD09C956
:106A5000A6864A86DA855A8597A0FE1FE78040F809
:106A6000A6865A86D285880897A0FE1FE780E0FA9E
:106A700009C98C08A6864A862E8597A0FE1FE78046
:106A800020F6830604009008D685881997A0FE1F7B
:106A9000E780E0FF8327C40A8C1956858297A68673
:106AA0004E86D685568597A0FE1FE78000F709C958
:106AB000A6864A86D685568597A0FE1FE78040F2B7
:106AC000830604001008B285881997A0FE1FE7808E
:106AD00000FC8327C40A8C19880882978C08A68634
:106AE00010182E8597A0FE1FE78020F309C98C0897
:106AF000A6864A862E8597A0FE1FE78060EEA686B2
:106B000052868C08081897A0FE1FE78000F109C97B
:106B10000C18A6864A862E8597A0FE1FE78040ECBB
:106B20008306040010080C18881997A0FE1FE78040
:106B300000F68327C40A8C1908188297A6864E8609
:106B40000C184E8597A0FE1FE78020ED09C9A68688
:106B50004A86CE854E8597A0FE1FE78060E8268690
:106B60008C08528597A0FE1FE780A0E0E28690186F
:106B70000C09081897A0FE1FE78020EA09C90C1825
:106B8000E2864A862E8597A0FE1FE78060E5830691
:106B900004004E860C18881997A0FE1FE78020EF8E
:106BA0008327C40A8C1908188297830604006A8612
:106BB0000C18881997A0FE1FE78060ED8327C40A90
:106BC0008C19081882970C182E85E2864A86EFF0F9
:106BD0005FA18306040002460C18881997A0FE1FC7
:106BE000E780E0EA8327C40A8C1908188297830695
:106BF000040052860C18881997A0FE1FE78020E930
:106C00008327C40A8C1908188297830404005A86C3
:106C1000D285A686880897A0FE1FE78000E009C9F4
:106C20008C08A6864A862E8597A0FE1FE78040DB4B
:106C3000830604009008B285881997A0FE1FE7809C
:106C400000E58327C40A8C1988088297830604000C
:106C50009008DA85881997A0FE1FE78040E3832714
:106C6000C40A8C195A858297830604009008D2853D
:106C7000881997A0FE1FE78080E18327C40A8C193A
:106C800052858297A6865686CE854E8597A0FE1F92
:106C9000E780A0D809C9A6864A86CE854E8597A0EA
:106CA000FE1FE780E0D3830604004E86CE85881958
:106CB00097A0FE1FE780A0DD8327C40A8C198808EF
:106CC00082978C08A6865A862E8597A0FE1FE7809D
:106CD000C0D409C98C08A6864A862E8597A0FE1FB7
:106CE000E78000D08C08A68652862E8597A0FE1FCE
:106CF000E780A0D209C98C08A6864A862E8597A06F
:106D0000FE1FE780E0CDA6865A86D285528597A0E1
:106D1000FE1FE78080D009C9A6864A86D2855285A3
:106D200097A0FE1FE780C0CB830604005286D6855D
:106D3000881997A0FE1FE78080D58327C40A8C1985
:106D400056858297A6869008DA85528597A0FE1F01
:106D5000E780A0CC09C9A6864A86D285528597A02D
:106D6000FE1FE780E0C7830604005286CE8588199F
:106D700097A0FE1FE780A0D18327C40A8C194E85F7
:106D80008297A6865686CE854E8597A0FE1FE78001
:106D9000C0C809C9A6864A86CE854E8597A0FE1F23
:106DA000E78000C426868C08528597A0FE1FE780E6
:106DB00040BC830604001018B285881997A0FE1FF6
:106DC000E780E0CC8327C40A8C1988088297830661
:106DD000040090088C18881997A0FE1FE78020CB2C
:106DE0008327C40A8C198818829783060400101818
:106DF0008C08881997A0FE1FE78060C98327C40A02
:106E00008C19880882978306040090080C19881949
:106E100097A0FE1FE780A0C78327C40A8C19081912
:106E20008297124562868C1897A0FE1FE78060B497
:106E3000924722470C1962863385E70097A0FE1F10
:106E4000E78020B355616FB0CEE9A685081897A0FA
:106E5000FE1FE78060A985473ED82DBADE856E8586
:106E600097A0FE1FE78020AC133A1500B3894C4170
:106E700096099C18B38A37011C19160ABE999C18EA
:106E8000338B4701A6861C195686DA8508083E9A78
:106E900097A0FE1FE78060B809C90C08A6864A863D
:106EA0002E8597A0FE1FE780A0B38306040010087C
:106EB000B285881997A0FE1FE78060BD8327C40AAA
:106EC0008C1908088297830604001008D685881953
:106ED00097A0FE1FE780A0BB8327C40A8C195685A4
:106EE0008297830604001008DA85881997A0FE1F90
:106EF000E780E0B98327C40A8C195A858297A68651
:106F00004E86D285080897A0FE1FE78060AD11E984
:106F100026860C084A8597A0FE1FE780C093630A67
:106F200095010C08A6864A862E8597A0FE1FE7804D
:106F3000C0AEA6864E86D285528597A0FE1FE780FA
:106F4000C0AD09C9A6864A86D285528597A0FE1F84
:106F5000E78000A9A6865686DA85081897A0FE1F46
:106F6000E780A0AB09C90C18A6864A862E8597A093
:106F7000FE1FE780E0A6830604001018CE8588195E
:106F800097A0FE1FE780A0B08327C40A8C194E8506
:106F90008297A6865A86D685081897A0FE1FE78096
:106FA00020A411E926860C184A8597A0FE1FE780C9
:106FB000808A630A95010C18A6864A862E8597A0BA
:106FC000FE1FE78080A5830604005286D2858819BB
:106FD00097A0FE1FE780A0AB8327C40A8C195A85AF
:106FE0008297A6861018DA855A8597A0FE1FE7803B
:106FF000C0A209C9A6864A86DA855A8597A0FE1FCF
:10700000E780009EA6865A86D685880897A0FE1F30
:10701000E780A0A009C98C08A6864A862E8597A07D
:10702000FE1FE780E09B830604009008D285881944
:1070300097A0FE1FE780A0A58327C40A8C1952855C
:107040008297A6864E86D285528597A0FE1FE7803E
:10705000C09C09C9A6864A86D285528597A0FE1F84
:10706000E7800098830604001008B285881997A06D
:10707000FE1FE780C0A18327C40A8C198808829765
:107080008C08A68610182E8597A0FE1FE780E09832
:1070900009C98C08A6864A862E8597A0FE1FE78020
:1070A0002094A68656868C08081897A0FE1FE780B5
:1070B000C09609C90C18A6864A862E8597A0FE1F81
:1070C000E78000928306040010080C18881997A026
:1070D000FE1FE780C09B8327C40A8C19081882977B
:1070E000A6864E860C184E8597A0FE1FE780E0927C
:1070F00009C9A6864A86CE854E8597A0FE1FE780E1
:10710000208E26868C08568597A0FE1FE780608615
:10711000830404005A86D685A686880897A0FE1F99
:10712000E780A08F09C98C08A6864A862E8597A07D
:10713000FE1FE780E08A830604009008B285881964
:1071400097A0FE1FE780A0948327C40A8C198808A3
:107150008297830604009008DA85881997A0FE1F9D
:10716000E780E0928327C40A8C195A8582978306A8
:1071700004009008D685881997A0FE1FE78020910B
:107180008327C40A8C1956858297A6865286CE8597
:107190004E8597A0FE1FE780408809C9A6864A86CB
:1071A000CE854E8597A0FE1FE7808083830604006E
:1071B0004E86CE85881997A0FE1FE780408D8327D5
:1071C000C40A8C19880882978C08A6865A862E8550
:1071D00097A0FE1FE780608409C98C08A6864A86AE
:1071E0002E859790FE1FE780A07F8C08A686568686
:1071F0002E8597A0FE1FE780408209C98C08A686CD
:107200004A862E859790FE1FE780807DA6865A8647
:10721000D685568597A0FE1FE780208009C9A686DF
:107220004A86D68556859790FE1FE780607B830649
:1072300004005686D285881997A0FE1FE780208516
:107240008327C40A8C1952858297A6869008DA850E
:1072500056859790FE1FE780407C09C9A6864A861E
:10726000D68556859790FE1FE780807783060400B9
:107270005686CE85881997A0FE1FE7804081832718
:10728000C40A8C194E858297A6865286CE854E8575
:107290009790FE1FE780607809C9A6864A86CE854A
:1072A0004E859790FE1FE780A073FD1B26868C08F5
:1072B0005685C20B9790FE1FE780A06B93DB0B41B6
:1072C0006FF0CFDEEFB22EA15D713284AA84101868
:1072D000A2862E850C082EC432C6EFE09FCF03573E
:1072E0002400133515009C080A053E95032685FBEE
:1072F00005074207A28741878146930544042685F6
:10730000EFF02FC48345040026858605E205E1855C
:107310009790FE1FE780005F1335150061616FB025
:10732000CE9DEFB2CE982E8BAA84B2855A85328438
:1073300097E9FE1F938989C99790FE1FE780E05F58
:1073400083A70900B1C7131A5400931B2400330507
:10735000AA401389CBFF7D5A2699335AAA00930A73
:107360000004054C83A70900DE85268582970DC1A0
:1073700083270900A2852685B3F747012320F9005A
:107380009790FE1FE780005819C5FD1AE39C0AFC80
:1073900001456FB04E952286A6855A859790FE1FAF
:1073A000E780A06BE31385FF0545E5B7EFB20E91CB
:1073B000AA892E89B28413040004130A0002930AD6
:1073C000460203962400D6854A857D063346460349
:1073D00062066186EFF0FFF409C92686CA854E85EC
:1073E000EFF05FEE11E57D1469FC01456FB04E9042
:1073F0000545EDBFEFB28E8C038916003571001084
:107400002A8B130A01042285B2894A86B684838AAC
:10741000060022CC52CEEFE07FB513161900DA85B4
:107420008810EFE0BFB4A2852285A6865286EFE0E1
:107430005FBA97E7FE1F938767B99C432A849DC371
:10744000931725001811BA9783A687F75686938558
:107450004400368536C6EFF0DFECB24609E50D6133
:107460006FB00E89814603D72400133414001C1119
:107470000A043E94032684F705078C104207A6876A
:1074800041872E85EFF0EFAB4A868C104E85EFE0FA
:10749000FFAD83C5040088108605E205E18597905D
:1074A000FE1FE78020461335150055BF17B5FE1F98
:1074B0001305C538828023AC05FE1C4191E701000D
:1074C00001000CC18280BA8703A787FF6DFF23AC40
:1074D000B7FE8280184183A785FF6319B7001CC1DE
:1074E000FD5723AC05FE238FF5FE8280232CF6FE8C
:1074F000C5BF411122C437E400E026C2044037076B
:10750000200006C6F98C2320E4180F10000009E9BA
:10751000232094101545B2402244924441018280B8
:107520000347E5FF9307F00F6306F700232094104D
:107530001145D5B797A0FE1FE780A03D0145232048
:107540009410D1BF411126C2B7E400E04AC003A99C
:107550000400B707200006C622C43379F90023A02F
:10756000F4180F10000009E923A02411B2402244AE
:1075700092440249410182809565938505D0C98D69
:107580002A842105C2054205C181418197A0FE1FC1
:10759000E780002901CDFD57232005002312850037
:1075A0002303F50023A024112105C9B723A024112A
:1075B00001456DBF0111B7E700E04AC803A9070004
:1075C0004EC63707200006CE22CC26CAAA893379B8
:1075D000E90023A0E7180F10000097E7FE1F93872C
:1075E000E7A380438144014619E499E8A1654E85EB
:1075F000EF00B00A0DA08347E4FF639A37038DCCF8
:10760000A68517E5FE1F130565A1EFF0BFEC79DC39
:10761000A1654E85E12EF2406244B7E700E023A069
:10762000271126854249D244B2490561828091E002
:107630002286032484FF4DBFA284E5BF41114AC0C6
:1076400037E900E022C4032409003707200006C6FA
:1076500026C2798C2320E9180F10000089E5232029
:10766000891015451DA0AA8497E7FE1F83C7579B65
:107670002E8563F5F400894763EF9700EFF07FE70D
:10768000B7E700E023A087100D45B24022449244A2
:1076900002494101828083A785FF99E703C7E5FF7F
:1076A0009307F00F6309F700EFF0BFE4B7E700E0DE
:1076B00023A087107DB7238F95FE17E5FE1F1305C6
:1076C000E595EFF05FDFA16526850D2601452320B6
:1076D000891065BF97E7FE1F23A20794828097E772
:1076E000FE1F938727999C4399E33E85828003D7A9
:1076F00027006316B70003C70700E308A7FEDC47AF
:10770000E5B7A5C1011106CE22CC26CA8147C146E4
:1077100033D7F540058B29C312053E953147330514
:10772000E50217E7FE1F13072799044305443314A6
:10773000F4002EC642044180AA949C40C84082971F
:10774000B24523A0040023A20400A18DF2406244AC
:10775000D2442E85056182808507E39BD7FA0144D8
:10776000EDB72E858280C9C1797122D406D626D282
:107770004AD04ECE01444147B3D78540858BA5C33F
:107780001205314722953305E50297E7FE1F9387DF
:10779000A79203A907008544B3948400C204C18062
:1077A000BE892A990327090011C7032549002EC65F
:1077B0000297B24531473304E40283A709003E949F
:1077C0001C4489E72320090023220900B2502254D7
:1077D000A58D02599254F2492E8545618280050497
:1077E000E31CE4F88144DDB72E8582804111B7E7C0
:1077F00000E022C480433707200006C626C2798CE9
:1078000023A0E7180F10000097E7FE1F9387C78695
:107810009C539384818399C782979C403E9523AC67
:10782000A18239A097E7FE1F938747849C43EDF719
:107830008840B74703009387D73F3305F502B7A7C2
:107840002600938737ECB24092443E9523ACA18248
:10785000B7E700E023A08710224441018280011194
:107860002E8626CAAA84131506019305F0044181C9
:1078700022CC06CE32C697A0FE1FE78060FA2A848B
:1078800019C53246A6859790FE1FE78000372285EE
:10789000F2406244D244056182807971B7E700E02A
:1078A00022D480433708200006D626D24AD04ECEB6
:1078B00052CC56CA5AC85EC662C43374040123A0AF
:1078C00007190F10000005E123A087100945B250E9
:1078D000225492540259F249624AD24A424BB24B64
:1078E000224C4561828097D7FE1F938727789C435F
:1078F000BA8A368AB28B2E8BAA89829797D7FE1FB7
:107900009387877B98433E898144B146C147338C36
:10791000D40233068701104241EAC165938505F020
:10792000414597A0FE1FE780A0EF05E197D7FE1F16
:10793000938787749C5B81C7814511458297B7E720
:1079400000E023A087102D4559B797D7FE1F9387D6
:107950006772984331E797D7FE1F23ADA7702300C6
:1079600005008327090005473317970023260500E4
:10797000232475012311E50023225501E29723A05A
:10798000370123A2670123A4570163040A002300DF
:107990009A00B7E700E023A0871001450DBF3E879E
:1079A0005C47F5FF48C765BF8504E392F4F6B7E787
:1079B00000E023A08710214519BF97D7FE1F9387AA
:1079C00027709C43411122C406C617D4FE1F13041E
:1079D000246581CB82975C483E9597D7FE1F23ABE9
:1079E000A7644848B240224441018280B7E700E0E2
:1079F0009843B706200023A0D718758F0F100000FA
:107A000097D6FE1F83C6D6616373D50217D6FE1FB5
:107A10001306066693161500084236958356050030
:107A2000D58D2310B50023A0E7100145828023A047
:107A3000E7100D458280B7E700E09843B7062000C5
:107A400023A0D718758F0F10000097D6FE1F83C68E
:107A5000365D6375D50217D6FE1F13066661931651
:107A60001500084293C5F5FF369583560500F58D40
:107A70002310B50023A0E7100145828023A0E71062
:107A80000D458280011137E700E026CA0443B7069E
:107A9000200006CE22CC4AC84EC652C4F58C232004
:107AA000D7180F100000130705FF1377F70FFD47D6
:107AB00063E7E70AB146B306D50297D7FE1F93875F
:107AC000A75F984336971C43D9CB135A450005440A
:107AD0003D893315A4001314050141802E89528578
:107AE000A285EFF0DFBFAA8931CDA2855285EFF0E4
:107AF0009FF497D7FE1F938767579C43829797D72A
:107B0000FE1F83D7A75C338727032A848146130689
:107B10000064B3B7270313050732B335E500BE95FC
:107B2000EF00521BB307850097D6FE1F9386865938
:107B30003E87D44263E4A70063E4D7003387D7408D
:107B400023A4E900B7E700E023A097100145F24025
:107B50006244D2444249B249224A05618280B7E771
:107B600000E023A097100945DDB70111B7E700E059
:107B700026CA84433707200006CE22CC4AC84EC608
:107B8000F98C23A0E7180F100000BD4763EBA70492
:107B900031473307E50297D7FE1F9387E7519C4390
:107BA000BA979C439DCF05443314A40042044180FE
:107BB0002E890145A285EFF09FB2AA8919C5A28539
:107BC0000145EFF05FE723A42901B7E700E023A018
:107BD00097100145F2406244D2444249B2490561DE
:107BE0008280B7E700E023A097100945E5B77971D7
:107BF0004AD037E900E026D283240900B7072000E5
:107C000006D622D44ECE52CC56CA5AC85EC6FD8C79
:107C10002320F9180F10000097D7FE1F83C7574085
:107C2000637AF50097D7FE1F9387474483AB07001D
:107C300063970B00B7E700E023A09710A9A017DB1C
:107C4000FE1F130B2B48832A4B00B74736FE938742
:107C500007C82E8A97D5FE1F83D54547BE9AB3879E
:107C6000C5022A84B2898146B3B5C502138507329D
:107C7000B337F50013060064BE95EF00B20563F05C
:107C8000AA02232099100145B2502254925402595D
:107C9000F249624AD24A424BB24B45618280829B92
:107CA00097D5FE1F83D58542B38735032A891306EE
:107CB00000648146B3B5350313850732B337F50049
:107CC000BE95EF003201B30725013E8903274B0023
:107CD00063E4A70063E4E7003389E740D2852285A7
:107CE000EFF0FF9F09C923242501B7E700E023A097
:107CF0009710054551BF936504F0C205C181414508
:107D000097A0FE1FE780C0B119E997D7FE1F9387A0
:107D1000A7369C5B85D3A2851145829721BF97D753
:107D2000FE1F938727359C4385E797D7FE1F23A324
:107D3000A734854723260500232425012311450167
:107D400023008500A300F5002322050079BFBA8730
:107D5000D84775FFC8C7F1BF7971B7E700E026D2F1
:107D600084433707200006D622D44AD04ECE52CCC8
:107D700056CA5AC85EC662C466C26AC0F98C23A0DD
:107D8000E7180F10000025C54144B689B28A2E8A33
:107D90002A89B14C17DBFE1F130B0B32054D130C58
:107DA0000003B30B940303270B005E971C43ADE362
:107DB0009375F400B315BD0013554440C2055686B3
:107DC000C1811375F50FEFF09FE239C183270B00D6
:107DD000DE9723A0270123A24701638409002380A3
:107DE0008900B7E700E023A09710014521A023A058
:107DF00097100945B250225492540259F249624AEE
:107E0000D24A424BB24B224C924C024D4561828089
:107E10000504E31884F9B7E700E023A09710214593
:107E2000D1BF0111B7E700E026CA844322CC4AC87B
:107E30004EC63707200006CE2A84AE893289F98CD7
:107E400023A0E7180F100000EFF07FDA2285CE851F
:107E5000EFF0FF882A8405C597D5FE1F83D5052737
:107E6000B3872503130600648146B3B52503138544
:107E70000732B337F500BE95EF00C26548C0133531
:107E80001400F2406244B7E700E023A09710424993
:107E9000D244B2490E05056182800111B7E700E0C6
:107EA0004AC803A9070022CC4EC63707200006CED9
:107EB00026CAAA892E843379E90023A0E7180F1077
:107EC0000000EFF0DF81AA8419C123110500A2850B
:107ED0004E85EFF05FB697D7FE1F83C76714639B8D
:107EE000370197D7FE1F83D727185D8C97D7FE1FC2
:107EF000239C8716B7E700E023A02711014591E0F6
:107F00001945F2406244D2444249B2490561828037
:107F100001114AC837E900E022CC03240900B70761
:107F2000200006CE26CA4EC67D8C2320F9180F10DD
:107F300000009307F00263E9A704B147B304F50218
:107F400097D9FE1F9389491783A70900A6979C43D9
:107F500085CF9377F5008545B395F500C205C181BE
:107F60001181EFF09FF383A709000145A69723A095
:107F7000070023A2070023208910F2406244D24464
:107F80004249B24905618280B7E700E023A087102B
:107F90000945E5B74111B7E700E026C2844306C6AC
:107FA00022C437072000F98C23A0E7180F10000027
:107FB000EFF0EFF219E90145B2402244B7E700E0E3
:107FC00023A0971092444101828097D7FE1F938788
:107FD000E7099C430045829797D7FE1F9387870E3A
:107FE0006368A402D843B74636FE938606C83305B5
:107FF000A4403697E371E5FC13070064B335E5024E
:1080000003D6870081463305E502EF00A24C6DB729
:10801000D8433A94C1BF411122C426C217D4FE1FCF
:108020001304440A97D4FE1F938484FF9448584055
:1080300097D7FE1F9387870306C69C436393E60882
:1080400082975440B74736FE938707C8B697338761
:10805000A7003A856364F7006364D7003305D7400F
:1080600097D4FE1F9384041FDC5081CF97D7FE1F47
:108070009387072694433707CDFF7D179C46F98FDA
:108080009CC611E1484097D7FE1F9387E7FEDC535B
:10809000829719E5DC508DC3EF005145EF00411583
:1080A000DC5099CB97D7FE1F938787229843B7065A
:1080B00033001C47D58F1CC7B24022449244410173
:1080C0008280829794485840B387A6003E8563E437
:1080D000D700E3E7E7F83385E74059B7411106C613
:1080E00097D7FE1F23AEA7FC0295B24097D7FE1F7D
:1080F00023A4A7F4014541018280994763E9B700B1
:108100008A0597D7FE1F938767F4BE9588C1828042
:1081100097D7FE1F23A4A7FA11C5854717D7FE1FBF
:108120002305F7F4828041117146814517D5FE1F62
:108130001305C5F106C697D7FE1F23AD07F297D7E3
:10814000FE1F23AF07F697D7FE1F23A107F297D78D
:10815000FE1F238C07F097D7FE1F23A107F69790E9
:10816000FE1FE780A0B013068002814517D5FE1FD1
:10817000130505EB9790FE1FE78040AFEF70517A33
:1081800097D7FE1F938747EF03C5C70383C7D7035E
:1081900085453E958D473305F50239051375F50F75
:1081A00097D7FE1F238FA7E699473305F5021305DE
:1081B00005249790FE1FE780A06617D7FE1F232D8A
:1081C000A7EE59CD994717D6FE1F034686E533061D
:1081D000F6028145130606249790FE1FE78000A94A
:1081E00097D7FE1F938747ED9C439387072417D7A4
:1081F000FE1F232BF7E417D7FE1F034787E20A076A
:10820000BA9717D7FE1F2325F7E6EFF0AFCCE92981
:1082100097D7FE1F938747E3944397D7FE1F83C7E3
:1082200037E013972700369717F6FFFF1306E6533C
:1082300010C3138717001377F70F0A07369717F63F
:10824000FFFF1306464C10C313873700890793F7C7
:10825000F70F8A0797D5FE1FA384E5DCB69790C376
:10826000B2404101828097D7FE1F83C777DB17D7C3
:10827000FE1F034707DB63F3E70217D7FE1F130751
:10828000A7DC18439386170017D6FE1FA30AD6D87B
:1082900093962700369708C33E8582809307F00F98
:1082A000E5BF1C416385071641777D8FB706002027
:1082B0008947631FD71403574500630B0714411107
:1082C00022C419462A849305F00F610506C69790CB
:1082D000FE1FE780A0A405478D476305E5121C44F7
:1082E00081CB58589947630F0710185C630C07102F
:1082F00013060004814517D5FE1F1305E5D7979097
:10830000FE1FE780A09613060004A28517D5FE1F66
:10831000130585D69790FE1FE780208E97D7FE1F06
:1083200083D747D617D7FE1F130707D599E79307BB
:10833000001097D6FE1F2397F6D497D7FE1F83C74A
:1083400087D491E7854797D6FE1F238EF6D297D71D
:10835000FE1F83D767D391E7ED4797D6FE1F23957E
:10836000F6D297D7FE1F83C717D291E7954797D6C6
:10837000FE1FA38AF6D097D7FE1F83C707D191E7C8
:10838000854797D6FE1F2382F6D097D7FE1F83C757
:10839000D7CF99E78347F70097D6FE1FA387F6CE7E
:1083A00097D7FE1F83C797CE81CF93F63700898377
:1083B00017D6FE1F2300D6D097D6FE1FA38CF6CE6D
:1083C00097D7FE1F83C787CC91E7D54797D6FE1F67
:1083D000238EF6CA8347640199E79307C00397D6B3
:1083E000FE1F2386F6CA1C5791C7829797D7FE1F98
:1083F000239CA7C2FD5717D7FE1FA301F7F4EFF088
:108400009FD28147B24022443E8541018280894704
:108410003E85828001114EC697D9FE1F938989CA75
:1084200083A7090006CE22CC26CA4AC852C4829726
:1084300013090064B335250303DA890081465286A7
:1084400033052503EF00020997D7FE1F938747BD29
:10845000804FAA8401456306940233858440636E8D
:10846000940003A5490052868146B335A90233051D
:10847000A902EF002206018D269597D7FE1F23AD96
:1084800097BAF2406244D2444249B249224A056155
:108490008280011122CC0A852E8441469725020054
:1084A0009385C58406CEEF00C23E180806043A94B0
:1084B000035504FF97D7FE1F83D767C1F24062447C
:1084C000AA9737450F00130505243355F5020561BA
:1084D000828097D7FE1F83D787BF51471D45637C96
:1084E000F702794719456378F7021307200315450A
:1084F0006373F7021307B0041145637EF700130797
:1085000040060D456379F700130760090945637458
:10851000F70013B5B70F8280011122CC06CE2A8452
:108520002EC6EFF0AFACB245F240818D33A5A50267
:10853000229562441375F50F05618280011122CCEA
:1085400006CE2A842EC6EFF06FAAB245F240818D86
:1085500033A5A502229562444205418105618280CE
:10856000011122CC06CE2A842EC6EFF02FA8B245E8
:10857000F240818D33B5A502229562440561828067
:1085800097D7FE1F938747AF985739CB411122C425
:1085900026C206C6BE84029717D7FE1F0357C7A878
:1085A0002A8415CBBA876373A700AA87C207C18341
:1085B000BA866373E400A286C206C182958F5147D2
:1085C000635BF700DC5491C38297EF00E15A97D7C1
:1085D000FE1F239B87A4B240224492444101828023
:1085E000828097D7FE1F23A907AE97D7FE1F9387D8
:1085F000A7A8DC57011106CEAA8581C72AC6829793
:10860000B245CDC19C410545D9CBDC41C9CB83D70F
:108610008500D1C783D7A500D9C3514617D5FE1F02
:10862000130545AA9780FE1FE780205D97D7FE1FA0
:10863000238007AA97D7FE1F9387C7A89C4317D705
:10864000FE1F2325F7A297D7FE1F83C757A48DE7E8
:108650009307805717D5FE1F035545A73305F5022D
:1086600037460F001306062481468145EFF09166D8
:1086700097D7FE1FA38DA7A017D7FE1F034737A1CB
:10868000A54763E7E700A94717D7FE1FA301F7A097
:1086900017050000130545D8EFF05FA40145F2402F
:1086A0000561828097D7FE1F23AA07989797FE1F20
:1086B000938767A317D7FE1F2326F7A07D5797D769
:1086C000FE1F23A3E7A0B7873200938727A197D681
:1086D000FE1F23ADF69E97D7FE1F238B079EB7C7BD
:1086E000004023A4E726B9B7011122CC17D4FE1FFE
:1086F00013048498084406CE26CA4AC801E90545F1
:10870000F2406244D2444249056182805C58E5DB14
:10871000185C75D77000854582971844B247E3000E
:10872000F7FE9305E00417D5FE1F0355A595979016
:10873000FE1FE780E00E17D7FE1F2323A79061D10D
:1087400017D6FE1F035606949305F00F9780FE1F61
:10875000E780C051814417D9FE1F1309698C97D750
:10876000FE1F83C747920326090263C1F4023285C4
:108770009790FE1FE780E019014597D7FE1F23A1C0
:10878000078C97D7FE1F23AF078A9DBF97D5FE1F83
:1087900083D5458FB38795020844185C8981850489
:1087A0003E9508C2029765BF011156C297DAFE1FB7
:1087B000938A8A8C83A78A0022CC4AC84EC606CEEA
:1087C00026CA52C45AC0AA892E84328963860722D7
:1087D00003A74A03630907141307F01F6367A7146D
:1087E00097D4FE1F9384C48303AA040263170A0A62
:1087F0009565938515E017D5FE1F0355A5889790BD
:10880000FE1FE780E00197D7FE1F23ABA7822A86D1
:10881000630B051083A74A0303A58A0097D5FE1FA3
:1088200083D545868981829783A78A0003AA04029B
:1088300017D7FE1F2328F7808947639CF908C14793
:108840006313F40E97D5FE1F83D5C583938505FC6E
:108850009147B3C5F5028A05D29503C72500930752
:10886000A005631EF70A83D70500639A370B4A8574
:10887000228691059780FE1FE78020389C50528504
:10888000639347150145F2406244D2444249B249DC
:10889000224A924A024B05618280D850E38EE7F863
:1088A0009565938525E017C5FE1F0355A57D979017
:1088B000FE1FE780E0F62A8A3DC52A8683A74A0381
:1088C00003A58A0097C5FE1F83D5C57B8981829742
:1088D000A5B78D47639DF900C1476316F40497C59A
:1088E000FE1F83D5257A938545FDF199B5B791474C
:1088F000639AF9006319340397C5FE1F83D5857801
:10890000A115E5B793070010639FF900A14763EC39
:10891000870097C5FE1F83D5E576C115F9B79C5032
:1089200052856396470D2945B9BF1D6A568B637101
:10893000450B130A05E01947334AEA0217C7FE1F21
:108940000357477497CAFE1F938A8A6D330AEA0257
:108950003E9A83A74A026395470183A40A029DE4D5
:108960009305E00417C5FE1F0355C5719790FE1FC0
:10897000E78000EBAA8445D983274B0397C5FE1FE8
:1089800083D545702A868981528582979145130740
:10899000A005898193972500A69783C62700639336
:1089A000E60483D60700639C360385058A05228684
:1089B000A6954A859780FE1FE780202483A70A0298
:1089C000E38297EC26859790FE1FE78080F45DBDDB
:1089D00021677917E369A7F4330A454185B783C551
:1089E000370045BF83A70A02E38F97F22685979049
:1089F000FE1FE78000F205BF97C7FE1F93874762FF
:108A00008C5395D191479306A0058983139727002E
:108A10002E9703462700E318D6F003560700631C81
:108A2000360185078A072286BE954A859780FE1FF4
:108A3000E780A01C81BD83473700C1BF97C7FE1FD9
:108A400093878763984739C79C5FA9C70547631316
:108A5000E504411122C417C4FE1F1304645C1050C6
:108A600006C60DC6485097C5FE1F83D5A5618981EE
:108A7000829708509790FE1FE780A0E997C7FE1FD6
:108A800023A0075C97C7FE1F23AE075AB2402244BB
:108A9000410182808280011117C7FE1F1307C75D45
:108AA0004EC68329870022CC26CA4AC806CE52C4A5
:108AB00056C2AA842E843289638B09201C5FBA8A2D
:108AC00099EB2945F2406244D2444249B249224AD4
:108AD000924A056182805C5BEDD79307F01F63EAE1
:108AE000A70E97C9FE1F9389A95383A70902B1CB8B
:108AF00003A58A0083A749026395A7068947639364
:108B0000F408C147E31FF4FA17C5FE1F0355855744
:108B10009147130505FC3345F5029317250003A57E
:108B200009022286CA853E959307A0052301F50018
:108B30002310950011059780FE1FE780000C01456A
:108B400051B79305E00417C5FE1F0355A553979031
:108B5000FE1FE780E0CC97C7FE1F23A3A74E49F96D
:108B60008DB783A74A0303A6090297C5FE1F83D5C5
:108B700065518981829783A78A0017C7FE1F232327
:108B8000F74CADBF8D47639EF400C147E31BF4F281
:108B900017C5FE1F0355054F130545FD9377C5FF08
:108BA000BDBF9147639AF400E31D94F017C5FE1F03
:108BB0000355454D2115DDB793070010E393F4F0FD
:108BC000A147E3E087F017C5FE1F0355A54B4115EC
:108BD000F1B79D676379F506930705E01947B3C7B9
:108BE000E70217C7FE1F0357E74917CAFE1F130AFC
:108BF0002A43B387E702BE9983270A02A1CF8327BE
:108C00004A026399370703250A0291461308A00513
:108C10009305F00F93D72600139727002A97034652
:108C20002700631F06078358070003463700639534
:108C30009806B306D64063CF860485078A07228646
:108C4000CA853E95CDBD21677917E36CA7E6B307CA
:108C5000F54041BF9305E00417C5FE1F035585424B
:108C60009790FE1FE780C0BB97C7FE1F23AAA73CB3
:108C700059F581BD83A74A0303260A0297C5FE1F43
:108C800083D5454089814E85829797C7FE1F23ABC8
:108C9000373B95BF2310B70093160601C1829DBFD5
:108CA000B385860017C6FE1F0356C63D9105130601
:108CB00006FCE368B6E013063400719A1106B2961A
:108CC0002301070123109700A301D700BDB797C761
:108CD000FE1F9387E7349453BE89A9C203A50902F6
:108CE00091461308A0059305F00F93D7260013971C
:108CF00027002A97034627006318060583580700B4
:108D00000346370063989800B306D640E3D786F24F
:108D10002310B70093160601C182C1BF8357C70055
:108D200017C5FE1F034525369305E0043305F502FC
:108D3000420541819790FE1FE78080AE97C7FE1FD6
:108D400023A0A73041FDB5BB17C6FE1F03568633CF
:108D500097C5FE1F83C52533B385C50233868600BC
:108D60001106E3E0C5D681BF0145828083C70500B7
:108D70002300F50083D72500A300F50083D7250045
:108D8000A1832301F50083C74500A301F500114528
:108D9000828023A8018A23A6018A828029C14111E9
:108DA00026C206C622C4AA8401458DC52E8422850A
:108DB000414697250200938525189780FE1FE7807E
:108DC000C0E383C7040005452306F40083C71400ED
:108DD000A306F400B240224492444101828001453E
:108DE0008280011122CC26CA06CE0947AA84328489
:108DF0006383E50441468147639BC500638FE600BA
:108E00006397B6001DA841478147638FE600F24093
:108E10006244D2443E85056182808A852285EFF0D6
:108E2000FFF741468A8521A88A85EFF03FF7414642
:108E30008A85228531A0E398B6FC2E86A2852685F8
:108E40009780FE1FE780E0E6AA87D1B723A8A18A12
:108E50008280011122CC0354650006CE26CA4AC87E
:108E60004EC641C083298500AE842A8803C9090003
:108E7000814713178901618763550702B14705458B
:108E800063FA870451144204035528004180338754
:108E90008900A2864E868545EF90303AB337A00010
:108EA00085077D1413556900420405891379F90378
:108EB00041802380F400A380A40023812401239215
:108EC0008400014719C01387190098C409476383B8
:108ED000E7000145F2406244D2444249B24905618B
:108EE00082800545C5BFC167F917630AF502D947F6
:108EF00063F7B702011122CC2EC606CE2A84EF708A
:108F0000C006B2456368B50022856244F24005613F
:108F10006F803025F2406244054505618280054539
:108F20008280C167F9176314F5006F700004411166
:108F300006C6EF80D01111E15D45B240410182804B
:108F400039714ED656D25AD006DE22DC26DA4AD8FD
:108F500052D4AA8A2E8BB28949EF36C6EFF07FFC35
:108F60009145EF700011AA844D492DC9B246054ABA
:108F7000238034010544630A0B00B6851385140071
:108F8000029B0505131405014180E20993D989412B
:108F900063D30902C1455685EF80B019654905E9DB
:108FA00033868400A2852685EF90407A2A8905E1E0
:108FB00031044204418091472C085685231CF1005E
:108FC00026CE231D8100EF80601F2A8901C9630717
:108FD0000A0026859790FE1FE780A093F250625406
:108FE0004A85D2544259B259225A925A025B21619F
:108FF0008280BA84014AADBF011122CC26CA4AC878
:109000004EC606CE2A893284B689EFF07FF3AA8451
:1090100005E19387018B9C4381CF05476317E400EB
:1090200003C4090005041374F40FA2854A858297CE
:10903000F240624426854249D244B24905618280A9
:10904000AE860147054697050000938565D26FF00F
:10905000BFFA011106CE2EC6EF80607B01C9B24572
:10906000F2400355250005616FC0D018F240494514
:1090700005618280A38E018C238E018C23A2018C3A
:1090800023A4018C23A6018C23A8018C23A0018C8E
:1090900023AE018A97C7FE1F938747069306403881
:1090A0002391D702F1761307400B938606B82391DC
:1090B000E7002392D70211679D461306000593052A
:1090C000000A1305007D2392E7002393D70241474E
:1090D0008546130810F82395E7002396E7002399A7
:1090E000E700239AE700239BE700239CE7002394F3
:1090F000E702239007002393B7002394B700239738
:10910000C7002398C700239DA700239E0700239F25
:109110000700239007022395D7022396070323977E
:1091200007029308F007239807022392E70423938A
:10913000E704239FE7042390E7062391E7062392A1
:10914000E706239917031307C01C239AD702239B12
:10915000D702239C0702239D0702239E0702239F19
:109160000702239007042391D7042394070423952F
:1091700007042396D7042397C7042398C704239989
:10918000A704239A0704239B0704239C0704239D19
:10919000C704239EC7042393A70623940706239599
:1091A0000706239607062397B7062398B706239941
:1091B0000706239AE7065147239DE7067D57239B21
:1091C0000706239C0706239ED706239F07062390A6
:1091D00007092391E7088280011126CAAA84214544
:1091E00022CC06CE2E8432C636C43AC2EFE08FB50A
:1091F0001DC9A24612473246930700FD2300F50021
:109200009947A30095002301F5002303D500A3038C
:10921000E5002312C500AA8522856244F240D244AB
:1092200005616FE0AFC1F2406244D24405618280C3
:1092300023A2A18C828023A4A18C828023A6A18C4E
:10924000828023A8A18C8280011122CC4AC806CE3C
:1092500026CA2A890144B30489006368B400F24035
:109260006244D2444249056182802EC6EFE00FD8A5
:1092700093170501C183A183B2452380F4009307AE
:10928000140093F7F70F850463F9B700CA97090430
:109290002380A7001374F40F7DBF3E847DBFC16798
:1092A00017C5FE1F0355E5E3FD176304F5024111E1
:1092B00017C6FE1F034686F89385418D06C6EF80CC
:1092C000A032B240FD5717C7FE1F231CF7E0410133
:1092D0008280828009C925151375F50F1335850E17
:1092E0001345150082800145828023900500D1C678
:1092F000797122D426D24ECE52CC5AC806D64AD044
:1093000056CA5EC63684328AAE892A8B814463F49B
:109310004407B307940083C7070013891400420968
:10932000939A070193DA0A011359090163850A0424
:10933000CA976342FA04B307240183CB07005E8512
:10934000EFF05FF90DC99387FAFF2390F90063905E
:109350006B03130519002295B250225492540259FE
:10936000F249624AD24A424BB24B45618280D6945E
:10937000C204C18069BF0145C5B701458280411162
:1093800026C2AE8422C497C7FE1F23A3C7D697C7A1
:10939000FE1F23ADB7D497C7FE1F23A7A7D42A84E7
:1093A00041469305F00F26854AC006C605499780B9
:1093B000FE1FE780A0966312250597C7FE1F9387BF
:1093C000E7D1884BC145EFF03FE841469305F00FE8
:1093D00022859780FE1FE78060948544631995027B
:1093E000224497C7FE1F938767CFB2409244024939
:1093F000C847C14541016FF03FE54146814526859B
:109400009780FE1FE7808091E31125FD7DB74146DF
:10941000814522859780FE1FE7804090E30295FCFE
:10942000B24022449244024941018280411122C447
:1094300026C22E84AA8413060002814517C5FE1F8A
:109440001305C5C906C69780FE1FE780208297C70F
:10945000FE1FA38697C897C7FE1F238387DEEFC032
:10946000605B854719C181474945B240224417C70F
:10947000FE1F2305F7C6924441018280814781CDBA
:1094800019C98547631BF50083C7550093E707FC9F
:10949000A382F50085473E85828089476317F500E2
:1094A00083C7550093F7F703E5B70D478547E314E6
:1094B000E5FE03C755001377F70313670704A3827C
:1094C000E500D1BF81478DC105C103C75500930693
:1094D000000C85471377070C6308D7009306000438
:1094E0008D476303D70089473E858280411122C49E
:1094F000005D06C626C21DC8AA84085009C597800B
:10950000FE1FE7800041485009C59780FE1FE78095
:109510004040085409C59780FE1FE780803F2285A0
:109520009780FE1FE780E03E23AC0402B240224455
:1095300092444101828009ED97C7FE1F83C727BA75
:1095400017C5FE1F130505BB81CB1385418B828098
:1095500017C5FE1F130505BA828017C5FE1F0345F8
:1095600005B8828097C7FE1F938747B7C847828098
:1095700097C7FE1F938787B6884B828097C7FE1FC9
:109580009387C7B5DC4B8843828097C7FE1F9387BC
:10959000E7B4D84B1C4385071CC317C5FE1F034502
:1095A00015B49307F00F6305F50091656FE00FC4E4
:1095B0008280011122CC06CE2E8432C6EF80E035A7
:1095C0009147B245631FF5009387018D9C438DC37E
:1095D00003A30700630E030022856244F240056185
:1095E00002839387818C9C4381C703A34700DDB727
:1095F000F2406244054505618280011122CC2A8433
:109600000355450006CE26CA4AC84EC6EF80000F55
:109610003DC52A89834405008349C500EFF01FED4D
:109620004A85EF80006F03554400EF80402A83C7CE
:10963000C18DB1CB6399970483C5D18D2685EFF099
:109640005FA119E1238E018C03554400EF80E02CCB
:109650009147631FF5000357440097C7FE1F83D748
:1096600047A86317F700FD5717C7FE1F231BF7A670
:10967000F2406244D2444249B24905618280814944
:109680009304F00F6DB79307F00FE38FF4FA83465E
:10969000640003564400034524004E87A685EFF07E
:1096A000BFB35DB779715EC6AA8B2E8552CC56CA00
:1096B0005AC806D622D426D24AD04ECEAE8A328B93
:1096C000368AEF80A00365C5045D2A89EDC09C50F1
:1096D000614599C3130540039C5481C75105420558
:1096E000418163050A00710542054181DC5081C753
:1096F0005D0542054181EFD0FFE42A844DC96146F2
:1097000081459770FE1FE780605697C9FE1F83C989
:10971000E9A16394090083490900930700FD230030
:10972000F400A947A30074012301F400230364019A
:109730008C50231254011305840191C908C4714649
:10974000930A44039770FE1FE780204B56858C5484
:1097500091C948C45146930A45019770FE1FE7809E
:10976000C0495685630C0A0008C87146D285930A21
:10977000C5019770FE1FE78040485685CC5099C5BB
:1097800048C85D469770FE1FE7802047A2854E853A
:10979000EFD0DFEA2254B2509254F249624AD24AE0
:1097A000424BB24B4A85025945616FF03FD4B250EB
:1097B000225492540259F249624AD24A424BB24B65
:1097C0004561828001114EC6AA892E854AC806CEFF
:1097D00022CC26CA2E89EF70707221C997C4FE1F51
:1097E00083C4C49499E0834405001945EFD09FD504
:1097F0002A8405CD814519469770FE1FE7800047F2
:10980000930700FD2300F400B947A30034012301AE
:10981000F40023122401A2856244F2404249B24975
:109820002685D24405616FD07FE1F2406244D24484
:109830004249B2490561828039715ECEAA8B2E857C
:1098400026DA4ED652D456D25AD006DE22DC4AD878
:10985000AE84328BB68A3A8ABE8942C6EF70106AED
:1098600021CD2A894145EFD0FFCD2A8431C541461B
:1098700081459770FE1FE780603F17C5FE1F0345B7
:10988000E58A19E103450900930700FD2300F40070
:10989000BD472301F400B247A300740123129400D2
:1098A00023046401A304540123054401A3053401E6
:1098B0005CC4A285EFD09FD8F2506254D254425972
:1098C000B259225A925A025BF24B2161828079711D
:1098D00026D2AA8439454AD04ECE06D622D42EC6E8
:1098E000B2893689EFD01FC621C1B2459307000D5A
:1098F0002310F500B1472A842312B5002301F50097
:10990000CE85190519469770FE1FE780002F2306A4
:109910002401A2852254B2500259F24913F5F40FE2
:10992000925445616FD09FD1B25022549254025943
:10993000F2494561828017B7FE1F0347577A9307A4
:10994000F00F630DF706411126C2AA84394522C4DF
:1099500006C64AC0EFD01FBF2A8439C9930700FD4D
:109960002300F500A30095002301050097B5FE1F15
:10997000938545780D0519469770FE1FE780E0270F
:1099800017B9FE1F1309897583578900A28517B57A
:10999000FE1F0345D5742315F400834719002306E1
:1099A000F4002244B2409244024941016FD01FC9E1
:1099B000B2402244924402494101828082800111D6
:1099C0005AC02A8B314526CA4EC652C456C206CE4C
:1099D00022CC4AC8AE84B28A368ABA89EFD09FB602
:1099E00035CD2A842685EF70705111C50347C50017
:1099F000A1476314F70417B9FE1F0349596E930773
:109A000000FD2300F4009D47A30064012301F4003E
:109A10002312940023135401231444012315340109
:109A2000A2856244F240D244B249224A924A024B91
:109A30004A85424905616FD07FC017C9FE1F03499F
:109A40003980E31E0BFA9387C1979C439C47C5DB83
:109A5000CE865286D6852685829755B7F2406244D7
:109A6000D2444249B249224A924A024B056182805D
:109A7000011122CC2A84214506CE2EC6EFD09FAC00
:109A800021C1B245930700FD2300F500C54723011E
:109A9000F50083C73500A301F50083D745002312E5
:109AA000F50083C765002303F50083C77500AA8509
:109AB000A303F50022856244F24005616FD01FB810
:109AC000F240624405618280397162CC2A8C59452A
:109AD00026DA4AD84ED652D456D25AD05ECE06DEB8
:109AE00022DCAE8432C636C4BA8B3E8BC28A468A2A
:109AF0008359010403494104EFD0DFA425C932464C
:109B0000930700FDA2462300F5009547A301C50079
:109B1000A30085012301F5002A8419461105A9C275
:109B2000B6859770FE1FE780400D23066401230A67
:109B30002401231574012317540123184401231908
:109B40003401A2856254F2504259B259225A925AB3
:109B5000025BF24B624C2685D25421616FD01FAE5E
:109B600081459770FE1FE7806010C1B7F2506254C4
:109B7000D2544259B259225A925A025BF24B624C69
:109B80002161828097B7FE1F83C767558DCB411136
:109B9000AA8519461385418B06C69770FE1FE7807C
:109BA000C0059385418B17B5FE1F03454553EFF064
:109BB000FF8CB2401385418B41016FB07066014547
:109BC000828017B7FE1F034797519307F00F630575
:109BD000F708411126C2AA84294522C406C6EFD03F
:109BE0007F962A8429C1930700FD2300F500A14731
:109BF0002301F500A300950097B7FE1F9387074E3A
:109C000083C727009385418B1105A30FF5FE1946E5
:109C10009770FE1FE78060FEA28517B5FE1F034503
:109C2000154CEFD0BFA117B7FE1F0347474B8D4719
:109C3000631FF7009387C18C9C4391CB03A38700DC
:109C4000630703002244B240924441010283B240C0
:109C5000224492444101828017B7FE1F03472748E0
:109C60008D47631AF7009387C18C9C4389C703A370
:109C70008700E31D03FC8280797122D406D626D2A8
:109C80004AD04ECE52CC094455CD2A890355050001
:109C90002E8A5144EF709026AA844DC597B7FE1FB7
:109CA00083C7075AFD1793F7F70F05474944637BAE
:109CB000F7080347C500A1476314F70063140A08B7
:109CC0009C5C4544C1E39165938545711305C002D1
:109CD0009780FE1FE780C0B488DCAA894D443DC14F
:109CE0001306C00281459770FE1FE78020F8835756
:109CF00009009386490036852391F9007146930542
:109D0000490036C69770FE1FE78020EF8947238001
:109D1000F90003C5C400B24603560900611597B5A2
:109D2000FE1F83C5A55113351500EF80F0442A842A
:109D300063060A00D2852685EF80802D01C4268522
:109D4000EFF0CFFA2285B250225492540259F249D0
:109D5000624A4561828097B7FE1F83C7674EFD1731
:109D600093F7F70F05476378F708894751C6011144
:109D700022CC26CA4AC84EC652C406CEAA89368A02
:109D8000B2842E89EF7090172A84D14729C948558B
:109D900009C59780FE1FE780C0B7F1452685EFD043
:109DA0001FAC48D4CD4705CD8346C4002147814729
:109DB000639FE600630D0A000347A50103560501F2
:109DC00093062501AA854E85EF80402CAA8703477C
:109DD0004400630F0900136767002302E400F240A8
:109DE0006244D2444249B249224A3E85056182809A
:109DF00013674700DDB7C9473E858280930700049B
:109E000063EBA70097B7FE1F9387472F06053E9584
:109E100003550500828041657D158280011122CCA9
:109E20002A842E8526CA06CEAE84EF70300D1DCD55
:109E3000B7470F009387F723094563E487028145FD
:109E40000A8541469770FE1FE78040E2A6852310F1
:109E500081000A85418023018100A3010100EF8078
:109E6000501DF2406244D244056182804945D5BF0D
:109E700097B7FE1F2385A73C82806F80102A7971D7
:109E800052CC2A8A328522D426D24AD04ECE56CA05
:109E90005AC85EC606D662C4AE8BB28A368BBA8406
:109EA0003E89C2894684EF70700515C92A8C6314F7
:109EB0000A0213774B008347450015CF93E727012C
:109EC0002302FC008DEC631C0902639A090205E879
:109ED000ED9B2302FC00832B8C03639F0B06B25087
:109EE000225492540259F249624AD24A424BB24B2E
:109EF000224C45618280F59B93E70701D1B793E738
:109F000047002302FC0001CC1C484146A2852324C3
:109F1000FC0213058C019770FE1FE78000CE639151
:109F20000B02D5D80325CC0209C59780FE1FE78018
:109F3000409EF1452685EFD09F922326AC0261BF5B
:109F4000E30B09F80325CC0209C59780FE1FE780C3
:109F5000409CF1454A85C5B79DC483A70B0299EB88
:109F600091659385357171459780FE1FE780408B21
:109F700023A0AB0203A50B0219C57146A6859770F5
:109F8000FE1FE78080C76388090283A74B0299EB15
:109F90009165938525715D459780FE1FE780408818
:109FA00023A2AB0203A54B0219C55D46CE8597706F
:109FB000FE1FE78080C41DC483A78B0299EB9165C7
:109FC0009385157151459780FE1FE780608523A416
:109FD000AB0203A58B0219C55146A2859770FE1FDF
:109FE000E780A0C12254B2509254F249B24B224CA5
:109FF000CA865A860259424BD6855285D24A624A4F
:10A0000045616FF02FEA011126CA52C406CE22CC58
:10A010004AC84EC62A8AAE84EF70406E25C5AA890A
:10A020003945EFD02FD22A8431CD17B9FE1F03490D
:10A03000E90F6314090003C909009307000D2310F9
:10A04000F400AD472301F400938569001305340043
:10A0500019469770FE1FE78040BA93F71400858079
:10A0600085882306F400A306940023154401A285E5
:10A070006244F240D244B249224A4A8542490561CB
:10A080006FD0CFDBF2406244D2444249B249224A07
:10A090000561828001114EC652C456C206CE22CC42
:10A0A00026CA4AC8AA8A2E8AB289EF7020652DCDA9
:10A0B0002A891305C002EFD0EFC82A8435C597B4AA
:10A0C000FE1F83C4A40699E0834409009307000D92
:10A0D0002310F400E9472301F400930569001305F8
:10A0E000340019469770FE1FE78020B1D2852315F2
:10A0F00054011305C40041469770FE1FE780E0AF8E
:10A10000CE851305C40141469770FE1FE780E0AE7F
:10A11000A2856244F2404249B249224A924A2685C7
:10A12000D24405616FD08FD1F2406244D24442499B
:10A13000B249224A924A056182809387C18B884343
:10A1400001CD411106C69770FE1FE780807CB240AA
:10A1500023AE018A410182808280011106CE22CC89
:10A1600026CA4AC82EC6EF70605939CDB24517B914
:10A17000FE1F0349A9FBAA840CD5631409000349F7
:10A1800005004145EFD00FBC2A841DCD9307000D7B
:10A190002310F500A5472301F50083C754009385DC
:10A1A00064001105A30FF5FE19469770FE1FE780A6
:10A1B000C0A49C54A285F2405CC46244D2444A8547
:10A1C000424905616FD08FC7F2406244D244424990
:10A1D000056182801D71A2CC86CE2A842EC6EF70C6
:10A1E000E05105CD8346C5001147AA8749456392D2
:10A1F000E6029C5FB24599C383C567012308B1009D
:10A20000979600009386C675100889452285EF70E1
:10A21000F056F6406644256182805145DDBF97B710
:10A22000FE1F83C7E701FD1793F7F70F0547637A12
:10A23000F704894721CA411122C426C24AC006C672
:10A24000B2842E89EF70804B2A84D14705C56308FC
:10A2500009008347450093E727002302F5004146A4
:10A26000A685130584019770FE1FE78000999C481E
:10A270001CD48147B2402244924402493E854101A8
:10A280008280C9473E858280797122D406D62A848D
:10A290002EC6EF70A04601CDB2452285230EB10037
:10A2A0006C08EF707053B250225445618280514562
:10A2B000DDBF6F70405BC1671387E7FF6394E50202
:10A2C0009387818C9C4391EB494582804945B240FC
:10A2D0002244924402494101828003A30700E3051E
:10A2E00003FE0283411122C426C24AC006C6FD17DE
:10A2F0002A892E84B2846395F5029387818C9C43CE
:10A3000091CB9C4381CB829711E5238E218DA38E27
:10A31000918C75BFA6854A85EFE0BFD34DF9F5B79F
:10A320002E85EF70A03D5DD1834705000D45E3907C
:10A3300027FB22852244B2400249A685924441016E
:10A340006FB0406B9307000463E2A7064111C16739
:10A3500022C406C626C2FD172A8409456382F50277
:10A36000C547AE846313F4022E85EFB0E06F17B5D6
:10A37000FE1F1305A5D806042A9423109400014556
:10A38000B24022449244410182809307A0036316A5
:10A39000F4002E85EFB08066D9BF9307B003E318B1
:10A3A000F4FC13F5F50FEFB0A065D1B70945828035
:10A3B000411106C622C42A84EFE0DFCBEF20E02261
:10A3C000EF10A062EF50817B814517B5FE1F13058A
:10A3D000E5D0130600029770FE1FE780208997B72B
:10A3E000FE1F9387A7CF130700F02391E700238276
:10A3F00007007D5797B7FE1F938747E42381E70047
:10A400002380870022852244B240954541016F5048
:10A410007041597193970501CAD086D6A2D4A6D2AD
:10A42000CECED2CCD6CADAC8DEC6E2C4E6C2EAC014
:10A430006EDEC1872E8963D1075A17B5FE1F03450B
:10A44000E5DFEFD02F978964416A856A797B2A849A
:10A45000938BD4007D1AA50A130CABFF1DE0216578
:10A460003345A900B650265496540659F649664A13
:10A47000D64A464BB64B264C964C064DF25D65616E
:10A480008280834704001307200A639DE700035579
:10A49000240097B9FE1F83C999C42286D285EFF0A4
:10A4A0004F9159A21307100997B9FE1F83C929D9E3
:10A4B0006398E7188347140015476390E7022285E5
:10A4C000EFF0AF932285EFD0CF8217B5FE1F034583
:10A4D000E5D6EFD02F8E2A8451B73947639BE71812
:10A4E00003554400631B55050C4483CC0500639D54
:10A4F0000C00850591C9194617B5FE1F130585BFC8
:10A500009760FE1FE780606F17B7FE1F034707BD08
:10A5100085476317F712638A0C0097B7FE1F238FD6
:10A5200007BA6685EFF02FC171BF894717B7FE1FC5
:10A530002306F7BAEFB0804E71B793872400631AF1
:10A54000F506832C8400638D0C0E83C70C008DE30D
:10A5500083C72C0003C71C00A207D98F17B7FE1FA3
:10A560002312F7B883C73C0017B7FE1FA308F7B63E
:10A5700017B7FE1F034787B689476313F70C83C7D6
:10A580000C0081CB97B7FE1F238A07B403C50C00CC
:10A5900051BF8D4797B5FE1F83C555B417B5FE1F34
:10A5A000035545B417B7FE1F230AF7B2EF50902AA0
:10A5B000F1BF938754006318F5001C4403C50700DE
:10A5C000EFF02FE001B7B3078501C207C183114740
:10A5D0006372F7049307ABFCAA97139707014183B3
:10A5E000F14763F1E7029387B4006312F5049387A0
:10A5F000418C9C43E38807EC9C43A285E38407ECF1
:10A6000082971DA0B70700189387F770B3D7E700AC
:10A61000858BB9CB9387C18C9C43E38507EA9C4328
:10A62000E38207EA22858297E31E05E811A8938753
:10A63000C4006310F5021C4483C70700E38407E8E5
:10A640009307F00FE380F9E8A2854E85EFC01FFF66
:10A65000ADBD9387E4006319F5009387818C9C431B
:10A66000E38207E6DC4351BF93871404E301F5F866
:10A67000C1BF3D476397E70403554400E30F75FDF1
:10A6800093879401E30BF5FC93873401E31AF5FA01
:10A6900097B7FE1F83D7E7A4639E47019387818CFA
:10A6A0009C43E38107E2DC43E38E07E0A285138548
:10A6B0003401B9B79387018D9C43E38507E09C4340
:10A6C000E5B71307E003E39DE7F68347240005475A
:10A6D0006397E70E83476400938DC18BF1E383A7F3
:10A6E0000D00D5CB83CC0700A14903457400130DA1
:10A6F0008400EA85EFE01FDD83474401A303A40043
:10A70000835804010358E400035744002A86034594
:10A7100034003EC283572401EA86E6853EC0CE87D8
:10A72000EFF08FBA8347340095E7DD478358040183
:10A730000358E40083467400835544003EC28357A7
:10A7400024016A8705463EC06685CE87EF70E033F8
:10A75000A301A40083A70D0081C71145EFF0FF9D61
:10A7600003C5C18DE30005D683C5D18DEFE07F8E93
:10A77000E30A05D48346340093071003638AF60086
:10A78000035644004E8783C5C18D3685EFE0DFA4B4
:10A79000238E018C05BB97BCFE1F83CC5C94A9B7AC
:10A7A0009387C18C9C4397BCFE1F83CC5C939149DB
:10A7B0008DDFDC439DDB8145014582973DB729470D
:10A7C0006391E70C83476400138DC18BC1E7832736
:10A7D0000D00A5CF83CC0700A14903457400930663
:10A7E000840093772500D1C713761500930D44019B
:10A7F000834704028358C4010358A401035744004B
:10A80000034534003EC28357E401E6853EC0CE874F
:10A81000EFF08FAB8347340095E7DD478358C401E1
:10A820000358A40183467400835544003EC28357F5
:10A83000E4016E8705463EC06685CE87EF70E02452
:10A84000A301A40083270D0001BF97BCFE1F83CC8A
:10A850001C8959B79387C18C9C4397BCFE1F83CC3E
:10A860001C889149BDDBDC43ADDB81450145829706
:10A87000ADB7B68536CEEFE0FFC4F2462A86B68D78
:10A8800085BF0947639DE7009387418C9C43E38B19
:10A8900007C2DC43E38807C22285829725B12D4792
:10A8A0006399E7009387418C9C43E38D07C09C47E5
:10A8B000D5B70D476397E70022868D4503554400C1
:10A8C000F9BE19476395E706930561021305103138
:10A8D000EF5021332C1013052031EF5081320356F5
:10A8E0006400835781020355440063E8C700835620
:10A8F00084000357610263F7E60093050002EFB09E
:10A90000A015C9B66374E6002313E40063F4D7000E
:10A910002314F4000357C4008356A4000356840094
:10A920008355640001488147EFB0C01261BE1D47E6
:10A93000E388E7D031476395E7002286B145BDBF84
:10A9400035476399E7009387418C9C43E38C07B6B6
:10A95000DC4789B739476396E7002285EF00D003CB
:10A9600095B63D476399E7009387418C9C43E38B01
:10A9700007B49C4B05B741476396E7002285EF007B
:10A98000900C89B645476396E7000145EF00701BC0
:10A9900015BE4947639EE7009387C18C9C43E381C2
:10A9A00007CADC43E38E07C881450545829749B94C
:10A9B0004D47639DE7009387C18C9C43E38207C8A2
:10A9C000DC43E38F07C6A2850945CDB76147E3990C
:10A9D000E7C62286E145DDB593F7150081CF938761
:10A9E000418C9C4389C7DC4399C301458297134539
:10A9F00019008DBC93F7250089CF9387C18C9C43A8
:10AA000091C7DC4381C781450545829713452900DD
:10AA100091BC93F745000145E38607A49387018C19
:10AA20009C4399CF854717A7FE1F230BF76A93878F
:10AA3000C18C9C4391C7DC4381C781450545829702
:10AA400097A7FE1F93878769C8472C10EF70D04ADD
:10AA50002810EFF02F9397A7FE1F83D7476C81CF65
:10AA6000130600643386C702914517A5FE1F0345F0
:10AA7000E57CEFD0CF9713454900EDB2011122CC10
:10AA80002A84554506CE26CAEFF04FB7AA8413058F
:10AA90004002EFF0AFB62AC613055002EFF00FB632
:10AAA000AA86228562443246F240B3359000D244F1
:10AAB00005616FB04000797122D406D68D472E848F
:10AAC000631FF50003D7A50083D6850003D6650074
:10AAD0000345340083D54500EFE07FEE09A8896780
:10AAE0001387D7006310E50403C5250019E58547E2
:10AAF000B25022543E85456182809387C18B944336
:10AB0000FDD603C6360083C50600814802C202C0D6
:10AB10000148814701479106EFE01FFB0545EFF033
:10AB2000CFE1F1B71387E700E303E5FC13873701B3
:10AB3000631AE50003C525005DD90147814601463A
:10AB4000814559BFE507E304F5FAB1476319F500FC
:10AB500017A5FE1F0345B558EFE09FF149BF4167B8
:10AB60007D178147E316E5F803C75500C947E31091
:10AB7000F7F883D6E50003D6C5000355840083D5D6
:10AB8000A500EFA0507441C95D45EFF02FA7333504
:10AB9000A000231CA1008345440003552400300875
:10ABA000EF60F02583578101B9F36C08130510316C
:10ABB000EF5021059305E10113052031EF506104A9
:10ABC0008357C101035784006374F7002314F40012
:10ABD0008357E1010357A40063F4E7002315F40051
:10ABE000835784000357A4006374F7002315F4000F
:10ABF00003552400EFA0F0710357E4008356C4000E
:10AC00000356A4008355840003552400014881475E
:10AC1000EFA05062E9BD8547231CF100ADBF17A727
:10AC2000FE1F034717629307F00F6309F70859C522
:10AC3000411122C426C206C6AA840345A5004105C7
:10AC4000EFC05F902A8435C59307000D2310F500EF
:10AC5000D9472301F50083D744002312F50083C7A9
:10AC600064002303F50083C77400A303F50083C7C2
:10AC700084002304F50083C79400A304F50003C6F1
:10AC8000A4002305C5001DC2CC44410548C49760FB
:10AC9000FE1FE78080F6A2852244B240924417A5A9
:10ACA000FE1F0345155A41016FC05F992326050019
:10ACB000DDB7B24022449244410182808280C16764
:10ACC0001387E7FF639DE5009387C18B9C4395C382
:10ACD00083C707000D47639CA7006FA0F054FD17C2
:10ACE00049476396F5009387C18B9C43FDF73A85EE
:10ACF00082804947EDBF797122D406D626D24AD048
:10AD00004ECE52CC56CA5AC80347050085472A84FE
:10AD1000630AF70403468500930695009305E10056
:10AD20000545EFE08FDC814719C183470500834665
:10AD3000040011476380E6041387018E18438D4693
:10AD4000034717006308D70295C70DC719ED0145E2
:10AD5000B250225492540259F249624AD24A424BAA
:10AD60004561828081470145D9B785466318D7027E
:10AD70008D8BF1DF03451400130A2400D285EFE028
:10AD80006FF4A300A4001389418E83270900AA8AC7
:10AD900081499304F00F99EB05455DBF8946E3189F
:10ADA000D7FA858BF9B7850993F9F90F83C7E18D38
:10ADB00063FDF90203250900139B49005A95834757
:10ADC0000500E38297FE83471500E39E57FD194671
:10ADD000D28509059760FE1FE780A0ED69D5832421
:10ADE000090003470400DA9485EC83460400914788
:10ADF000E38FF6F483270900B9DB03C6E18D014731
:10AE00009305F00FE305E6F4BE84C10703C507FF11
:10AE1000630EB50A05071377F70FEDB788C4F5A0E1
:10AE20009147631AF706C84405C583478400034663
:10AE300005006304F606034704009147631DF70607
:10AE4000C84419C59770FE1FE780A0AC23A6040074
:10AE50000345840091659385E57105059770FE1F94
:10AE6000E780009C05C5034704009147631EF70473
:10AE7000C8C483478400930594000505A30FF5FE1D
:10AE8000034684009760FE1FE78020D703458400B7
:10AE90003335A00075BD884441BF93059400050576
:10AEA0009760FE1FE780E0E08547E316F5F855451B
:10AEB000EFE0DFF4BDA8884441DD9770FE1FE78016
:10AEC00040A523A4040069B788C465B72380D400D3
:10AED00083471400D28513852400A380F40019460B
:10AEE0009760FE1FE78060D10345840091659385DC
:10AEF000F57105059770FE1FE780809205C5034731
:10AF000004009147E31CF7F0C8C48347840093050D
:10AF100094000505A30FF5FE034684009760FE1F0D
:10AF2000E780A0CD83478400E39807E6034504004B
:10AF30007D151335150029BD797122D426D24ECE48
:10AF400052CC06D64AD056CA5AC82A84930925003C
:10AF500003451500CE859384018EEFE0AFD6A300A4
:10AF6000A4009C400D472A8A83C71700639BE70013
:10AF70001389418E83270900814A6391071805458B
:10AF800035A0FDD7144C034674019305E100054537
:10AF9000EFE0AFB51DC998408546834705000347DC
:10AFA0001700631FD7008D8BE1F70145B250225483
:10AFB00092540259F249624AD24A424B4561828018
:10AFC0008946858BE316D7FAC5B783470400114736
:10AFD0006385E7002D47E39AE7FC9384418E9C400C
:10AFE000E9D7814A01491DA88840139B4A0083473D
:10AFF00004005A95034705006311F70283471500C3
:10B00000639D47011946CE8509059760FE1FE780BD
:10B0100040CA01C503A904005A99850A93970A01F9
:10B0200003C7E18DC183E3E1E7FCE31309F4B5BF96
:10B0300093944A0026950347050083470400631E46
:10B04000F70A83471500639A470B1946CE85090511
:10B050009760FE1FE780E0C54DC1832709001147B7
:10B06000BE94834704006385E7002D47639DE70294
:10B0700003AAC4008347740103460A006308F6026A
:10B0800052859770FE1FE780C08803457401916563
:10B090009385E57105059760FE1FE780607815E5EB
:10B0A000E39F04ECADA003AA8400E9B70C4C1305A0
:10B0B0001A009760FE1FE780C0BF8547E312F5FCCA
:10B0C0005545EFE0BFD369DDCDB583470400114797
:10B0D0006385E7002D476390E702C8C48347740186
:10B0E0000505A30FF5FE034674010C4C9760FE1F87
:10B0F000E780A0B075B788C4D5B7850A93970A01D1
:10B1000003C7E18DC18303250900E3E3E7F283C6AA
:10B11000E18D0327090081471306F00F11A8BA84B7
:10B120004107834507FF638AC5008507C207C183BE
:10B13000E3E7D7FEA9B588C499A083470400CE856C
:10B14000138524002380F400834714001946A3804C
:10B15000F4009760FE1FE78040AA034574019165E3
:10B160009385F57105059760FE1FE780606BE30826
:10B1700005E0034704009147E31FF7FAC8C483477B
:10B1800074010505A30FF5FE034674010C4C97608E
:10B19000FE1FE78080A6E5B317A7FE1F0347770AC7
:10B1A0009307F00F6300F70A51CD411126C2AA841C
:10B1B000514522C406C64AC0EFC0CFB82A842DCD5F
:10B1C0009307000D2310F500D5472301F50083C731
:10B1D000340013898400CA85A301F50083D7440095
:10B1E0002312F50083C764002303F50003C5740030
:10B1F000EFE04FADA303A400CA85130584001946F0
:10B200009760FE1FE780609F83C7E400A28517A5B3
:10B21000FE1F034515032307F40083D704012318F9
:10B22000F40083C724012309F4002244B24092446D
:10B23000024941016FC08FC0B2402244924402498A
:10B2400041018280828017A7FE1F034797FF930763
:10B25000F00F6304F70431C1411122C42A84194557
:10B2600006C6EFC02FAEAA850DC59307000D2310AB
:10B27000F500DD472301F500835744002244B24026
:10B280002312F50017A5FE1F0345B5FB41016FC052
:10B29000EFBAB2402244410182808280011122CC67
:10B2A0001384418E1C4006CE26CA4AC84EC652C4DC
:10B2B00099CF2E8AAA840149084063129902630C2F
:10B2C0000A049760FE1FE780C06423A2018EF2404B
:10B2D0006244D2444249B249224A056182809319AC
:10B2E0004900B3073501884709C99760FE1FE78009
:10B2F00040621C40CE9723A407001C40CE97C8474D
:10B3000009C99760FE1FE780C0601C40BE9923A654
:10B310000900050955B745DD13964400814597603E
:10B32000FE1FE780A094144081477D5613F7F70F66
:10B33000E37F97F81397470036972300C7008507E8
:10B34000F5B7011152C4138A018E83270A0006CE75
:10B3500022CC26CA4AC84EC656C25AC0D1CF2A8964
:10B36000014419ED9387418E944399CA03C6E18D38
:10B370002A8481479305F00F13F7F70F6368C70816
:10B38000131534002105EFC0EF9BAA8401E9214584
:10B39000EFC04F9BAA8421C501444D49930700FD8E
:10B3A0002380F4008547A38024012381F400A38136
:10B3B000840045C81389840023A224018149938A0B
:10B3C000418E130BF00F83C7E18D63F3F90039E869
:10B3D00083270A00A68503C50700EFC02FA6814575
:10B3E00003C5E18DEFF09FEB03250A009760FE1F78
:10B3F000E780205223A0018EF2406244D2444249A9
:10B40000B249224A924A024B056182801397470053
:10B410003697034707006305B70005041374F40F5C
:10B42000850799BF83A70A0093954900BE9583C7F6
:10B430000500638467032300F90083C71500130523
:10B4400029007D14A300F900194689051374F40F2F
:10B450009750FE1FE780607A2109850993F9F90F5B
:10B460009DB723A20400ADB79387018E9C43B9C753
:10B47000411122C406C62A841DE10945EFE01F9848
:10B480002A8601C9854517A5FE1F034525DBEFC0A8
:10B490000FF60545EFF08FDE2A84054501CC854582
:10B4A00017A5FE1F034585D9EFC03F9F2285EFF00A
:10B4B0005FE90545B2402244410182800145828016
:10B4C00089679386B7006317D5009C4503C50700BD
:10B4D0006FF09FF99386C7006318D5009C45854699
:10B4E00003C5070019C9EDB793861704E30FD5FC10
:10B4F000938727048146E303F5FE368582807971C0
:10B5000006D622D426D24AD04ECE52CC56CA5AC8DB
:10B510005EC679C983473500AA8985C7404115C0F1
:10B520005945EFE0BF8D931A850193DA8A410149AD
:10B53000138A018E130B000DB54B83C73900636D61
:10B54000F900B250225492540259F249624AD24A46
:10B55000424BB24B456182808307840263CD57071B
:10B5600083270A00ADCB2285EFF0EFF82DC5034508
:10B5700084005105EFB01FFDAA8431CD2310650171
:10B580002301750183470400194693052400A30194
:10B59000F5008307840215052303F5008347140093
:10B5A000A30FF5FE9750FE1FE78020650346840039
:10B5B0002386C4001DC61385440188C893059400E2
:10B5C0009750FE1FE780606383270A00A68503C5A6
:10B5D0000700EFC0AF860509130494021379F90F31
:10B5E000A9BF23A80400CDB79387018E9C43B1DB8C
:10B5F000EFF03FD52254B25092540259F249624AB8
:10B60000D24A424BB24B014545616FF02FC7797169
:10B6100006D622D426D24AD04ECE52CC56CA5AC8CA
:10B620005EC671C183473500AA8985C7444195C06C
:10B630005945EFE0AFFC931A850193DA8A4101493D
:10B64000138A018E130B00FDC14B83C73900636D54
:10B65000F900B250225492540259F249624AD24A35
:10B66000424BB24B456182808387F40063C8570721
:10B6700083270A00A5C75145EFB0DFEC2A8439CDF6
:10B6800023006501A30005002301750183C70400A1
:10B69000194693852400A301F5008387F40015055E
:10B6A000A306F50083C71400A30FF5FE9750FE1FF5
:10B6B000E780A05483C78400938594001305C400D9
:10B6C000A305F40019469750FE1FE7800053832717
:10B6D0000A00A28503C50700EFB05FF60509C104A3
:10B6E0001379F90F9DB79387018E9C43BDD3EFF07B
:10B6F0005FC52254B25092540259F249624AD24A6A
:10B70000424BB24B014545616FF04FB75D7186C644
:10B71000A2C4A6C2CAC04EDE52DC56DA5AD85ED6E1
:10B7200062D466D26AD06ECE630C0526834735009C
:10B730002A898DCB40411DC45945EFE02FEC93176A
:10B740008501E1873EC681449389018E130A000D6D
:10B75000C94B054CB54C130D00FDC14D8347390055
:10B7600063E1F402B640264496440649F259625A0F
:10B77000D25A425BB25B225C925C025DF24D616127
:10B7800082808307C400324763C6E71683A7090097
:10B7900063820716034B040093770B01CDCFCD478F
:10B7A000631EFB06230004002285EFF0EFF863031D
:10B7B00005148347040011476363F7146399870DE9
:10B7C0005145EFB03FD8AA8A630605122300A501B0
:10B7D000A30005002301B5010347040019469305A2
:10B7E0002400A301E5000307C4001505A306E50036
:10B7F00003471400A30FE5FE9750FE1FE780E03FCC
:10B8000003470401194693051401A385EA00138533
:10B81000CA009750FE1FE780403EF1A0D54763184D
:10B82000FB0085472300F400A30B0400B5BFF547D8
:10B83000E309FBFEC9476316FB0089472300F400B8
:10B84000A5B7C1476314FB008D47CDBFED47E31D8E
:10B85000FBF49147E5B793778B0099C3AD47F9BFE8
:10B8600093761B0093774B0091C699C395475DBFB4
:10B87000A147E9B793762B0091C699C3A5475DB759
:10B8800099476DBF99C3A94755BF9D4745BF03451C
:10B8900074015105EFB01FCBAA8A29CD23104501B1
:10B8A0002301950103470400194693052400A301D1
:10B8B000E5000307C40015052303E5000347140052
:10B8C000A30FE5FE9750FE1FE78020330346740167
:10B8D0002386CA0019C613854A0123A8AA000C4C66
:10B8E0000DBF23A80A0003A70900D685034507005A
:10B8F000EFB0DFD48504710493F4F40F85B50345EC
:10B90000740113050502EFB0FFC3AA8A65D52310A1
:10B910004501230175018346040013770B06194680
:10B92000558FA301E5000347140093052400150576
:10B93000A30FE5FE9750FE1FE780202C03478400ED
:10B94000194693051401A385EA0003479400138563
:10B950003A012386EA000347A400A386EA000347CE
:10B96000B4002387EA000307C400A387EA00035753
:10B97000E4002398EA00034704012389EA00975072
:10B98000FE1FE780802703467401A38CCA0011C6FE
:10B9900013850A0223AEAA0099B723AE0A00A1B705
:10B9A0009387018E9C43E38F07DAEFF09F9926443B
:10B9B000B64096440649F259625AD25A425BB25B8B
:10B9C000225C925C025DF24D014561616FF00F8B6C
:10B9D00097A7FE1F83C7C786A18B1795FE1F130568
:10B9E000657B91E301456FD01F85238F018CFD5747
:10B9F00017A7FE1FA307F78423A2018E23A0018EA1
:10BA00009797FE1F9387C77717070000130787AB29
:10BA100098C3170700001307C7AED8C31707000065
:10BA2000130727BF98C717070000130767CED8C7AB
:10BA300017F7FFFF1307E71E98CB9797FE1F938713
:10BA4000677517F7FFFF1307C72798C317F7FFFF9F
:10BA50001307A706D8C38280411122C485452A84D2
:10BA600003C5E18D06C6EFF07F839797FE1F83C75E
:10BA7000277DA98BB5CB1795FE1F13056570238F06
:10BA8000818CEFD0EFFA1384418E1C4091C74D4555
:10BA9000B24022444101828003C5E18D19E1014594
:10BAA000C5BF91659385B57112059760FE1FE7804C
:10BAB00020D723A2A18E61DD03C6E18D1206814548
:10BAC0009750FE1FE780801A104083C6E18D8147A2
:10BAD000FD5513F7F70FE374D7FC13974700329720
:10BAE0002300B7008507F5B70145238F018CEFD000
:10BAF0002FF475B79387018C884301CD411106C699
:10BB00009760FE1FE780E0E0B24023A0018C410176
:10BB10008280828001111305700306CEEFE00FAE24
:10BB20002AC613058003EFE06FAD2AC41305900306
:10BB3000EFE0CFAC2246B245F240AA86054505614A
:10BB40006F90B0765D711305D00386C6A2C4A6C2FD
:10BB5000CAC0EFE0AFAA2A841305C003EFE00FAA22
:10BB6000AA841305E003EFE06FA92A891305F00307
:10BB7000EFE0CFA88A871377F50F9376F90F13F6C6
:10BB8000F40F9375F40F0545EF903073B6402644DB
:10BB900096440649616182805971A2D41384018C54
:10BBA0001C4086D6A6D2CAD0CECED2CCD6CADAC84F
:10BBB0000545F9C79305F1041305F041EF20C16B6A
:10BBC0009305F1041305F041EF20016B8346F10466
:10BBD0001797FE1F0347A750B337E00091C28907AC
:10BBE00018403EDE0345370093054700EFD01F891C
:10BBF00018402ADC0D45834527002EDAEFE00FA020
:10BC00002AD81145EFE08F9F00402AD665450347AB
:10BC1000A400034BB4003AD4EFE04F9EAA846945D8
:10BC2000EFE0CF9D2A897145EFE04F9DAA896D45D0
:10BC3000EFE0CF9C2A8A7545EFE04F9CAA8A7945B0
:10BC4000EFE0CF9BE2046258F2572257B2564256B9
:10BC5000D2551375F50F93FAFA0F137AFA0F93F979
:10BC6000F90F1379F90FE1842ACC56CA52C84EC68F
:10BC70004AC426C25AC0930844000545EF90505F5D
:10BC8000B650265496540659F649664AD64A464B4B
:10BC900065618280011122CC06CE8D472E84631609
:10BCA000F50603C73500E94703D545006318F700DB
:10BCB0009797FE1F83D7E7426385A706EF501024AE
:10BCC00009C5835764002317F5000357A400835662
:10BCD0008400035664008355440003453400EFD0CC
:10BCE0001FCE035744009797FE1F83D7873F6308F3
:10BCF000F7008547F24062443E8505618280FD572A
:10BD00001797FE1F231FF73CEDB78967CD07631D0B
:10BD1000F50083C7250031476385E7004547E39A6F
:10BD2000E7FCEFD0CFD7F1B7B1476319F50017950E
:10BD3000FE1F0345F550EFD0BFD365BF41677D17A8
:10BD40008147E319E5FA83C655004947E394E6FACB
:10BD500083C5450003552400300023140100EF5033
:10BD6000F00441BF411122C406C626C283C7818E9A
:10BD70001307E00F2E846383E7041307F00F638734
:10BD8000E7021145EFB00FFC15C1930700FD23003A
:10BD9000F50089472301F5008547A3008500A3012D
:10BDA000F500AA8503C5818EEFB05F89F95723841A
:10BDB000F18EB2402244924441018280AA8411450E
:10BDC000EFB04FF87DD5930700FD2300F5008947BC
:10BDD000A30085002301F500A30195002244B24091
:10BDE0009244AA8503C5918E41016FB03F85797158
:10BDF0004AD01389018C8327090022D406D626D283
:10BE00004ECE52CC4544C5EF9797FE1F83C747439C
:10BE1000958B4944CDC7AE899165A384A18EAA8430
:10BE20009385757131459760FE1FE780609F23A061
:10BE3000A18C4D4449C523009500A3000500294667
:10BE4000CE8509059750FE1FE78020DB8327090078
:10BE5000914603C7270063EEE6083DEB4D4723817B
:10BE6000E70003C72700136707012381E700930555
:10BE700071001305F041EF20214083477100F9EB79
:10BE80001797FE1F0347A7258D476315F70CEFD0C3
:10BE90006FED2C00EF6050062800EFD0BFCE454577
:10BEA000EFD0DFF5014401CD130600643306C5026F
:10BEB00091451795FE1F03456538EFB05FD3228586
:10BEC000B250225492540259F249624A456182802A
:10BED00085466314D700754759B789466314D70060
:10BEE0004947B5BF8D466314D70041478DBF5547BD
:10BEF000BDB795464A8A630ED70099466316D700A8
:10BF000009472381E70031A01D466314C70223813E
:10BF100007006545EFD09FEE9307F007E309F5F4BE
:10BF200003270A008347270093E707042301F7004C
:10BF30003DBF21466314C7000547E1B72546631599
:10BF4000C7002381D700F1B7A9460544E319D7F606
:10BF5000114745BFEFF05FC42A8435D1EFF09FB998
:10BF6000B9BF011126CA9384018C9C4022CC06CE15
:10BF70004944A9C783C707000D446391A7048945B5
:10BF80001795FE1F0345852BEFB03FF1914517959F
:10BF9000FE1F0345A52A2396018EEFB01FF09C409B
:10BFA00001478146A38087001306F1008547854538
:10BFB0000145A307F100EF90102F2A842285F2405B
:10BFC0006244D24405618280011106CE22CC26CA89
:10BFD0008547631AF50683D7C18EB1CB1797FE1F2D
:10BFE0000347071029E71307B003636DF70289457C
:10BFF0001795FE1F03458524EFB03FEA93070064C1
:10C0000003D6C18E3306F60289451795FE1F0345F8
:10C01000E522EFB0DFBD2396018EF2406244D244A8
:10C0200005618280938747FC2396F18EFDB7938745
:10C03000018C9C43FDD36244F240D24403C5070007
:10C0400005616FF01FF29384018C9C40F9D797979C
:10C05000FE1F83C7E71E918BE9D389476313F5065B
:10C060002D452EC6EFB00FCE2A8445D9B245930791
:10C0700000FD2300F500E547A30005002301F500BE
:10C0800083C7350015051946230FF5FE83C7450004
:10C090009505A30FF5FE9750FE1FE78000B6179594
:10C0A000FE1F0345F5199307F00F6315F5009C403B
:10C0B00003C50700A2856244F240D24405616FB017
:10C0C000EFD789451795FE1F03454517EFB0FFDCF5
:10C0D0006244F240D2442396018E05616FF09FA125
:10C0E0009797FE1F83C7C715958B81CF9387818F45
:10C0F0009C4391CB85471797FE1F2301F70A6FF0EA
:10C100007FA149458280414582809797FE1F238702
:10C110000708854501456F90D0199797FE1F83C783
:10C120002712958B91C785472385F18E6FF09FA1CC
:10C13000494582802385018E814505456F903018E1
:10C140009307C01C63FCA700094582800945F240A3
:10C150006244D2444249B249056182805DC5011101
:10C1600022CC2A8421054EC64205AE89916593856D
:10C17000657141814AC806CE26CA9750FE1FE780E6
:10C18000206A2A8961D59384418F884009C59750D8
:10C19000FE1FE7800078130589002320A90022866E
:10C1A000814523AA218F9750FE1FE78020AC9C4039
:10C1B0002286CE8588439750FE1FE78000A49C40CE
:10C1C000239287009387018C9C4385CF9797FE1F0E
:10C1D00083C70707958B85CB9387418F9C4399CF66
:10C1E000984383D647006244F240D2444249B24960
:10C1F00005468D45054505616F90700A01478146EA
:10C20000DDB70145A9B7494599B79387018C9C4390
:10C210008DC79797FE1F83C7A702958B8DC3938702
:10C22000418F9C4381CB984383D6470005468D457B
:10C230000545D9B701478146D5BF014582804945AB
:10C2400082809307C01C63FCA700094582800945D2
:10C25000F2406244D2444249B249056182805DC5E0
:10C26000011122CC2A8421054EC64205AE89916572
:10C270009385557141814AC806CE26CA9750FE1F44
:10C28000E780005A2A8961D59384C18F884009C507
:10C290009750FE1FE780E067130589002320A9005F
:10C2A0002286814523AE218F9750FE1FE780009C98
:10C2B0009C402286CE8588439750FE1FE780E093FE
:10C2C0009C40239287009387018C9C4385CF97974E
:10C2D000FE1F83C7E7F6958B85CB9387C18F9C4361
:10C2E00099CF984383D647006244F240D2444249F2
:10C2F000B24905468D45054505616F90807A014735
:10C300008146DDB70145A9B7494599B79387018CA7
:10C310009C438DC79797FE1F83C787F2958B8DC36C
:10C320009387C18F9C4381CB984383D647000546B2
:10C330008D450545D9B701478146D5BF0145828066
:10C34000494582809307C01C63F4A7000945828099
:10C35000797122D44ECE06D626D24AD0AE892A840E
:10C3600031CD2105916542059385757141819750C5
:10C37000FE1FE780E04A2A89094563010908938482
:10C38000818F884009C59750FE1FE78080581305AC
:10C3900089002320A9002286814523AC218F975054
:10C3A000FE1FE780A08C9C402286CE858843975054
:10C3B000FE1FE78080849C40239287009387018C36
:10C3C0009C43014585CF9797FE1F83C767E7958BF1
:10C3D00049458DC76C001305D030EF309102B2474C
:10C3E000014593F7070F99CB9387818F9C438D4528
:10C3F0000545944303D64700EF90606BB25022543A
:10C4000092540259F249456182809387418F9C433F
:10C4100091CF03D647008C43411106C69740FE1FBB
:10C42000E780A07DB24001454101828009458280BC
:10C430009387418F9C4385C79387C18F98438947D2
:10C4400005C3035647000C43411106C69740FE1F23
:10C45000E780A07AB24081473E85410182808947CA
:10C460003E8582809387418F9C4385C79387818FC8
:10C470009843894705C3035647000C43411106C63C
:10C480009740FE1FE7806077B24081473E854101BB
:10C49000828089473E858280011106CE22CC26CA41
:10C4A0004AC88D4763FAA7008944F2406244268552
:10C4B0004249D244056182801797FE1F034707C295
:10C4C000C144E314F7FE9307F5FF93F7F70F854692
:10C4D000AE842A841799FE1F034969C063ECF606EF
:10C4E0009DE199452800EFC03FD691451795FE1F65
:10C4F0000345C5D49797FE1F238387BEEFB0FF99EE
:10C500003DE881445DB71946814528009740FE1FEC
:10C51000E780C07519462C0026859740FE1FE780EE
:10C52000407959F119469305F00F28009740FE1FF6
:10C53000E780C07319462C0026859740FE1FE780D0
:10C5400040773DF11946A68528009740FE1FE780F9
:10C55000C06A61BFE31BE5F89797FE1F938707B892
:10C56000C8472C00EF604019AA8441D19797FE1F5D
:10C57000238727B71DBF2800EFD0CFE0AA847DF521
:10C58000930571001305F041EF10114F83447100C2
:10C59000ADF88D47E317F4F64545EFD03F8635D12A
:10C5A000B7771800938707A03306F50291451795D2
:10C5B000FE1F0345A5C8EFB0DF86C5BD9797FE1FD8
:10C5C00083C707C8918B99CF41111385018F06C688
:10C5D000EFC03FC7B240FD571797FE1F2313F7B0B8
:10C5E0004101828001456FC0DFC5FD57A384F18EF4
:10C5F000F9572384F18E9797FE1F238107BA23856D
:10C60000018E2396018E23AA018E23AE018E23ACC8
:10C61000018E9797FE1F9387A79B170700001307AC
:10C62000472198C3170700001307479AD8C317F785
:10C63000FFFF1307A75698C717F7FFFF1307C74D4C
:10C64000D8C717F7FFFF1307275098CB97F7FFFFBF
:10C650009387876423A8F18E8280411126C2938438
:10C66000018C9C4006C622C485CF2A840D45EFA0CC
:10C670007FEDAA8519CD930700FD2300F5008D47B6
:10C68000A30085002301F5009C4003C50700EFA02F
:10C69000FFFA19C42244B240924441016FF08FC5A1
:10C6A000B240224492444101828079714ECE9389F6
:10C6B000018C83A7090026D206D622D44AD052CCB8
:10C6C0008144A1C783C4170085472A896388F4047D
:10C6D0009797FE1F83C7C7A0854485EB0D45EFA044
:10C6E0007FE6AA8505C1930700FD2300F500914769
:10C6F000A30025012301F50083A7090003C5070056
:10C70000EFA0DFF3EFF00FBF8544B250225426852F
:10C7100002599254F249624A456182809387418F5F
:10C720009C434E8A85E30145EFD04FED2A8601CA2E
:10C7300089451795FE1F034565B0EFB04FCB8327A2
:10C740000A00B1A0944303D647009305E1000545D4
:10C75000EFC0BFB969D983470500858BE9D7054587
:10C76000EFD0CFE99307B0032A8463F3A7045D6693
:10C770001306067089451795FE1F034525AC130463
:10C7800044FCEFB00FEA2396818E83A70900094786
:10C79000A380E7009797FE1F83C7879491C7979759
:10C7A000FE1F238F079295B74A85EFF01FEBB1BFAD
:10C7B000130600643306C5029DBF411122C42A84BA
:10C7C0000D4506C6EFA01FD815C1930700FD230035
:10C7D000F500CD47A30085002301F5002244B240B7
:10C7E000AA8503C5918E41016FA05FE5B240224446
:10C7F00041018280411122C42A840D4506C6EFA062
:10C800007FD415C1930700FD2300F500ED47A30079
:10C8100085002301F5002244B240AA8503C5918E0C
:10C8200041016FA0BFE1B240224441018280035721
:10C8300045000111896606CE22CC26CA1386660001
:10C84000AA876317C7009C47014583C5070009A84D
:10C8500013868600631AC7009C47054583C50700F9
:10C86000EFF04FD005453DA8138696006313C7022D
:10C870001387018C1843014515C79C4703C5070062
:10C88000631B050C8547A300F7000545EF90801951
:10C89000D1BF1386A600631CC7009C4703C50700D1
:10C8A000EFF0BFE0F2406244D2440561828013861B
:10C8B0006603E30AC7F813867603E30FC7F8138607
:10C8C0008603631DC7081C451307E00F83C40700D8
:10C8D00083C7818E638EE7021307F00F6386E7023A
:10C8E0001145EFA03FC6AA8505C1930700FD2300AF
:10C8F000F5008947A30095002301F500A301050079
:10C9000003C5818EEFA09FD3F9572384F18E99BF81
:10C910009387018C98433E84014549D785EC854433
:10C920007D4523059100EFD06FCD2316A10013059F
:10C930000002EFD0AFCC1C40A305A1001307B1004B
:10C94000A380970074001306A10085450545EF906C
:10C95000801509BF2685EFF05FD029B713869603AF
:10C96000E30DC7F21386E6036317C7001C450945AC
:10C9700083C50700F5B59386F603631DD7021C45F2
:10C9800003C507002DED6C001305D030EF30612793
:10C99000B247414793F7070FE386E7EC9305B100F1
:10C9A00013056031EF30E1250345B1008545EF9077
:10C9B00040104DBD8966138606046315C7041C45E7
:10C9C00003C407009787FE1F83C7477D228585EB39
:10C9D0000D45EFA03FB7AA85E30605E8930700FDE4
:10C9E0002300F500D1472301F500A30085009387BC
:10C9F000018C9C4303C50700EFA05FC4A5B5EFF011
:10CA0000DFDB8DB513861605631BC7001C4503C508
:10CA1000070021E585450545EF90600AA1B593869D
:10CA200026050145E310D7E89C4703C4070083C7E8
:10CA3000A18E22859DE30D45EFA0DFB0AA85E3031B
:10CA400005E2930700FD2300F500F147A3008500F0
:10CA50002301F50003C5918E45B7EFF0BFD919B595
:10CA600041119787FE1F83C7A77D06C6958B99CB7B
:10CA70001785FE1F1305C555EFC04FFC4D45B2404D
:10CA8000410182800145EFC06FFB0145CDBF03C767
:10CA90000500937625009377D70F99C293672700F7
:10CAA000131885011358884113F7F70763540800DA
:10CAB00013E70708937685009377770F99C29367FA
:10CAC00087001377050293F6F70D19C393E6070263
:10CAD0002380D500634508009377A50281CB834767
:10CAE000060093E7C7002300F60082807DFD8347A0
:10CAF0000600CD9BCDBF2D456319071403C8050063
:10CB000009476310E814C8410347150003450500B1
:10CB10002207498F42070D654187930825A0630BC3
:10CB2000170B011122CC26CA4AC84EC606CEBE89B2
:10CB3000B68432842E8963CEE800930705A0630D86
:10CB4000F702130515A06300A7062390040005450E
:10CB5000B5A0930745A06309F7086348F7061305D6
:10CB600065AAE314A7FE85472390F600DC4583C73A
:10CB700007002300F60091A0C8459740FE1FE780FC
:10CB80000012420541814E86637335012A86239047
:10CB9000C400420641828325C90022859740FE1FBA
:10CBA000E780A00519A8DC4583D70700239006017C
:10CBB0002300F600A183A300F6000145F240624481
:10CBC000D2444249B2490561828099472390F600D8
:10CBD0001946D1B785472390F600DC45014583C748
:10CBE00007002300F6008280DC45A9CB2147239073
:10CBF000E60003D707002300E60003D707002183E0
:10CC0000A300E60003D727002301E60003D727008F
:10CC10002183A301E60003D747002302E60003D7E0
:10CC200047002183A302E60003D767002303E60041
:10CC300083D76700A183A303F60041B723900600C2
:10CC4000ADBF2390060005458280828083C8050021
:10CC50008947639BF814DC41797122D406D626D229
:10CC60004AD04ECE52CC03C8170083C707002E848B
:10CC700022083368F80042088D671358084113836F
:10CC800027A0630468102A8A3A89B684B285634C67
:10CC90000301138707A0630AE802938717A0630BB9
:10CCA000F808854711A8138737A0630CE80A138793
:10CCB00067AA8D47E317E8FEB250225492540259F6
:10CCC000F249624A3E8545618280484432C69740B7
:10CCD000FE1FE780C0FC420541819D47E36E25FDB4
:10CCE000B309990083C72190B24563D43701B54792
:10CCF000E1B748442686C2094A959740FE1FE7805F
:10CD0000C0EF484403C6219093D9090105063306B4
:10CD1000364181454E959740FE1FE78020F5938769
:10CD200041909C4399E3814741BF9C438145E5DFA6
:10CD3000528535A0AD47E31109F8E39A16FB834706
:10CD40001600834606005844A207D58F2310F7002B
:10CD5000938741909C43E1DB9C438545E9D78297CB
:10CD6000D9B7AD47E31A09F49947E392F6F8484476
:10CD700019469740FE1FE78040E8938741909C4307
:10CD8000DDD39C43CDD38D4565B7AD4715F78547BA
:10CD9000E39FF6F40347060093070008E3EEE6F08E
:10CDA000DC452380E70041B785473E85828023A28A
:10CDB0000190A381019023810190B707A000938582
:10CDC0004184938707059CC1B707E803DCC117F6C8
:10CDD0000100130626959767FE1F938727B1094721
:10CDE000938EF183D0C317F601001306E6908546B3
:10CDF0002380EE00138EC18393880184D0C723AEB5
:10CE0000D70117F60100130666901383019013886B
:10CE1000E1831385D18397FE0100938EAE8F2300AB
:10CE2000EE002380E8002380E7002388E7002380CA
:10CE3000E7022388E70223AEC7032380E704230029
:10CE4000E8002384D70023950700D0CB238CD7009C
:10CE5000239D070023A2D7032384D702239507022B
:10CE600023A60702D0DB238CD702239D07022310C1
:10CE700003002300D50017FE0100130E6E8823A2C5
:10CE8000C7052388E70423AE17052380E706238818
:10CE9000E7062380E70897F801009388688817F76A
:10CEA00001001307278623A2E7082384D704170766
:10CEB0000000130787C42395070423A66704F0CB5B
:10CEC000238CD704239D070423A217072384D706A6
:10CED00023950706ECD7F0DB238CD706239D0706A6
:10CEE00023AE07072384D7082395070823A6A7089E
:10CEF0009767FE1F938787A898C31707000013073B
:10CF000027D5D8C323A407008280A54763E8A710CC
:10CF100017E70100130747030A053A951C41011161
:10CF200022CC26CA06CE4AC8BA97B2842E848287FB
:10CF30009307800F63F9B7006145F2406244D24421
:10CF40004249056182809767FE1F9387279AC857D9
:10CF50003E8919C59750FE1FE780A09B2381019051
:10CF600013061400916593850571328532C697507A
:10CF7000FE1FE780E08A1767FE1F232FA7984DDD6D
:10CF8000324681459740FE1FE78040CE0325C90207
:10CF90002286A6859740FE1FE78020C623818190C8
:10CFA000014561BF8947E399F5F88357060023904F
:10CFB000F190FDB7A147E391F5F82146A6851385C9
:10CFC00041849740FE1FE78040C3D9BF8547E39562
:10CFD000F5F69767FE1F93876791D04F9765FE1F01
:10CFE0009385459303C50400EFF07FAA55BF85479D
:10CFF000E394F5F49767FE1F9387478FD05F97659B
:10D00000FE1F93852593F9BF8547E397F5F2834784
:10D010000600A38EF18269B7094505B709458280EC
:10D0200083C7319095E38547A381F190058909CDA8
:10D030009766FE1F938686944146A5451765FE1F99
:10D040001305C58A6F20E0470145828001111388CE
:10D05000F5FF06CE22CC26CA4AC84EC652C4137863
:10D06000F80FAD4563EE050BBA890A0817E7010012
:10D07000130707F03A983E8A832708003689B2845E
:10D08000BA9782878545EFC06FBA2A8419E1EFF01D
:10D090003F9D2285F2406244D2444249B249224A2D
:10D0A000056182808945EFC06FB82A847DF12685AD
:10D0B000EFE09F9AF9BF9145EFC04FB72A8471F90D
:10D0C0005286CE854A85EFC08FABEFF07F99EFF0A7
:10D0D000EFCEEF50503F75BFA145EFC02FB52A846A
:10D0E0004DF95286CE854A85EFC06FA92685EFE0BF
:10D0F000BF96EFE0FF8DEF50F03A61BFB145EFC052
:10D10000EFB22A8459F55286CE854A85EFC02FA703
:10D110002685EFE07F94EFE0BF8BEF50B03875B716
:10D12000094485BFBD47638CF50663E9B702A5478F
:10D130006387F50663EDB7009947638CF5049D4757
:10D14000638FF5049547638CF50401458280B547EC
:10D150006387F50463E1B704AD47F5B7DD47638E38
:10D16000F50263EAB700C947638BF502D9476386C6
:10D17000F502C547C9BFF5476383F50263E4B7000D
:10D18000ED47D1B793072005638BF5009307200D7A
:10D190005DBF4845828008418280084582804841C1
:10D1A00082809307F00F630EF506011126CAAA8448
:10D1B0001305000222CC4AC84EC652C456C206CE3F
:10D1C0003A89B689B28A2E8AEFA0CFB72A844D4514
:10D1D00015C8930700FB2300F400A300540123119A
:10D1E00044012302340113058400614663050902EA
:10D1F000CA859740FE1FE78040A0A2852685EFA044
:10D20000EFC30145F2406244D2444249B249224A46
:10D21000924A0561828081459740FE1FE78000A504
:10D22000E9BF09458280011122CC06CE2A8423065B
:10D23000B100A306C100EF40604C0DC10347C5001B
:10D24000A1476311F70278009306E0070146A28523
:10D250001785FE1F0345E5FEEFF0BFF4F240624480
:10D260000561828078009306E0070146A285178554
:10D27000FE1F0345F5FCCDB7930700643306F602A5
:10D280006FA09FAD05C9034705008546930727009A
:10D2900093F7F70F63F0F602411122C42A843A850E
:10D2A00006C6EFA0FFC6FD572300F400B24022449B
:10D2B000410182808280035705009307000B6313AE
:10D2C000F702834745004947639CE7000347150180
:10D2D00085476399E7000355250085456F20504930
:10D2E0006D47C5BF8280011122CC06CE2A842EC68E
:10D2F00032C436C2EF4080400DCD8346C500A14701
:10D3000012472246B245639EF600B2861785FE1F7D
:10D31000034525F32E86A2856244F24005616FF035
:10D320005FE8B2861785FE1F034595F12E86A2851C
:10D33000E5B7F240624405450561828023A6A190CD
:10D340008280011122CC26CA06CE2A84AE84EF4008
:10D35000E03AA6852285EFB01FB91DE52285231688
:10D360009100EF40A0390DC10347C500A1476312EA
:10D37000F7021785FE1F0345C5EC78009306F007FA
:10D380000146A285EFF0FFE1F2406244D24405611C
:10D3900082801785FE1F0345B5EAC5B7011126CA6D
:10D3A00006CEB68422CCDD4663E2B608D94663FEDB
:10D3B000D50AA5466381D50A63EEB6049546638C0B
:10D3C000D50899466387D50A054441687D186316D8
:10D3D00006093AC6EFB0FFB433068540324742062D
:10D3E0004182420441803305C4004205BA8541812F
:10D3F00032C6EF201048AA8749C181C43246239023
:10D40000C400B30580406244F240D2443E850561C9
:10D410006F20B15BC5466380D504C9460D44E395D2
:10D42000D5FAC167FD17E31EF6FA65B7F5466380C6
:10D43000D50463E4B600ED46D5B7930620056388AE
:10D44000D5029306200DE391D5F8C167FD170D4471
:10D450006319F600BDBF09448DBF9306200DE3920A
:10D46000D5F8310642064182ADBF15445DBF0D447B
:10D470004DBFC167FD171D447DB7F2406244D244E1
:10D480000561828079714ECEAE89C16526D2014791
:10D49000AA84894617E6010013064629FD150545AD
:10D4A00022D406D64AD0EF00D06C054431CD2A896B
:10D4B0001307300281461146F5452685EFF01FEE31
:10D4C0002AC6554431C18357A900CE86014623148C
:10D4D000F10091472315F10085472300F500B2477D
:10D4E0002C002685A38007003247FD572301F70053
:10D4F0003247A301F700EF00905D2A8411C5324541
:10D500009740FE1FE780E0402285B250225492549B
:10D510000259F24945618280411106C6EFF09FC071
:10D5200019C5B24041011743FE1F6700833EB24058
:10D5300041018280011106CE2AC6EFB09F85324597
:10D54000914523A4019023A601909787FE1FA387EE
:10D55000A7CEEF20302DF24005616F20200B7971AE
:10D56000939705014AD006D622D426D2C187014915
:10D5700063DD070A1785FE1F034555CC2E89EFA0F2
:10D580006F832A8445C1034705009307000A631887
:10D59000F70885474C08A305F100EFB09F8BAA84DC
:10D5A00005ED8347610171476378F708138717FE1C
:10D5B0001377F70F9306000263F7E608858BC5CB58
:10D5C000938781909C43994481CB03552400130693
:10D5D000B1004C088297AA848347B10099C70844D8
:10D5E00009C59740FE1FE780C03295E05247B70754
:10D5F0000001938707F07D8FB7071200938707100C
:10D60000630FF70003476101ED47631AF700035505
:10D6100024008545EF20D015CD476388F40022858E
:10D62000EF903FEDA1673349F900B25022544A858B
:10D6300092540259456182803707301405073357E9
:10D64000F700058B25DF1387C190184351D7034797
:10D65000510159F32306F10099472308F1000355BE
:10D6600024006C0023170100EFB09F9DB5B793878E
:10D67000C1909C439DC3035524001306B1004C0880
:10D68000829739D9AA8483475101B9F78347610149
:10D69000230891002306F100D9B79944EDB701455D
:10D6A00082809786FE1F83C6F6B9814763E5D7005F
:10D6B00001473A8582802E87910503D6C5FFE30A8C
:10D6C000A6FE8507E5B70DCD8347250005478907E9
:10D6D00093F7F70F6376F702411122C406C62A8436
:10D6E00083550500034535000147F9465D46EFF0D7
:10D6F0005FABF9572311F400B2402244410182800C
:10D7000082801787FE1F0347F7B38147FD5663E307
:10D71000E70082802310D50023010500850711054D
:10D72000FDB7014582809385B18593070002854648
:10D730002380F500FD57238DF184A386F184238691
:10D74000F184239CD1842398019023AC019023A4DD
:10D75000019223AE01901386018597E7010093871C
:10D76000E7FB5CC2238901909757FE1F9387C7216F
:10D7700009472300E6002380E7002388E700238091
:10D78000E7022388E70217E70100130767F8D8DBF1
:10D790000D47238CE7021387419118432384D70058
:10D7A000D0C7238CD70017E501001305A5F717E6AE
:10D7B00001001306A6F597E60100938626F7C8C375
:10D7C00023950700D0CB239D0700CCCFD4D323844F
:10D7D00007022395070223A60702239D0702D8DF2D
:10D7E0009757FE1F9387471E170700001307870CE4
:10D7F00023A00700D8C323A407008280411106C6D6
:10D80000EFF03FEA11C503452500B2404101828097
:10D810000145E5BF411122C426C24AC006C6AA84FA
:10D820002E893284EFF0FFE711E94165CA857D1545
:10D83000EFF03FE7C54711C5231095002301850090
:10D840008147B2402244924402493E854101828090
:10D8500029E78948354763931605011106CE22CC86
:10D8600026CA034716000346060093C7F7FF2207A0
:10D87000598EF18F32C68DE7C4452A84A685EFF014
:10D88000FFF732460147630FA60022856244F2404B
:10D89000A685D24405616FF0FFF72D473A85828057
:10D8A00013070008F2406244D2443A850561828041
:10D8B00083C8050009486395080303A8450083470A
:10D8C000180003480800A207B3E70701C2070D6864
:10D8D000C187130828906395070189476FF05FF7A8
:10D8E0000545828003C7D1849307F00F630AF704CC
:10D8F00041114AC02A89294522C426C206C632845B
:10D90000AE84EF903FC41DC59307100B2310F500A4
:10D91000230205002314850022442311250123132B
:10D920009500B24092440249AA8503C5D1844101C1
:10D930006F90DFD0B240224492440249410182807C
:10D94000828041119387419126C2AE848C4322C4C8
:10D9500006C62A84EFF09FEA098909C92285224474
:10D96000B240A685924441016FF0DFB1B24022443B
:10D970009244054541018280411122C426C24AC019
:10D9800006C6AA84130445001309850B83570400B7
:10D990009DC3084409C59740FE1FE78080F7228594
:10D9A000314681459730FE1FE780402C3104231A11
:10D9B00004FEE31D24FDB2402244FD572390F400F1
:10D9C00002499244410182809387019298431786CD
:10D9D000FE1F0346368781476315F600814636856C
:10D9E0008280BA861307870B835587F4E389A5FEE7
:10D9F000850793F7F70FCDB7938781929C4399C71B
:10DA000003D74700E31CA7FE884782800145828038
:10DA1000411106C6EFF05FFE09C50845B24041015D
:10DA200082800145E5BF011126CA9384450022CCBE
:10DA30004EC606CE4AC852C456C25AC0268781492D
:10DA40000144814681473D450356070055CED9E242
:10DA50000354470083572700B286A297C207C183A9
:10DA600085093107E392A9FE25C82E899165938522
:10DA7000457022859740FE1FE78080DA2A8B29CDEA
:10DA8000814A014A8C4485C503D6440033054B01C5
:10DA90009730FE1FE780601683D7440088443E9A83
:10DAA000420A135A0A019740FE1FE78080E6638905
:10DAB0000A003146814526859730FE1FE780001B0E
:10DAC000850AB104E3E03AFD2326690123148900A5
:10DAD000054521A0630DD6000145F2406244D244C1
:10DAE0004249B249224A924A024B0561828003565A
:10DAF0002700E313F6FE035647003294B297420420
:10DB0000C2074180C183A9BF0545E37835FDA9BFA0
:10DB10009387C1919C4399E30145828098470357BD
:10DB2000A700E319A7FE138547008280411106C6AE
:10DB3000EFF01FFE11C503550500B2404101828080
:10DB40000145E5BF411106C6EFF09FFC11C5034535
:10DB50002500B240410182804145E5BF411122C408
:10DB60002A842E8506C6EFF0FFFDAA85054622858C
:10DB7000EF30103C95476305F500BD476313F50092
:10DB80002145B24022444101828041119387C191D5
:10DB900022C4804306C6014731C01C4483D6A70077
:10DBA0001C406397A60205CB1CC32E8581C9214664
:10DBB000930544009730FE1FE7802004228597409C
:10DBC000FE1FE78000D50145B2402244410182801A
:10DBD00022873E84D1B723AEF190C1BF0545EDB792
:10DBE000938781929C438146B1C703D647009843EF
:10DBF000631CA602011106CE22CC26CA8DCA98C289
:10DC0000AA843E852E849740FE1FE78080D02C009A
:10DC10002685EFF09FF701E519C0B2471CC0F2401E
:10DC20006244D24405618280BE86BA8775BF23A450
:10DC3000E192F9B705458280411122C42A84090581
:10DC400006C6EFF02FE4FD57A301F400B2402244D2
:10DC500041018280938741929C431777FE1F0347BF
:10DC6000775E2A86050781463E8583D7070063884D
:10DC7000C700850693076500E3E8E6FE014582805C
:10DC8000411122C4416406C626C29307E4FF630E15
:10DC9000F500AA8485E1EFF0FFFB01E91305F4FF2D
:10DCA000EFF05FFB19C123109500B240224492446B
:10DCB0004101828085476394F504EFF0BFF92A841F
:10DCC0006DD5FD572310F500834724001307F00F8F
:10DCD0006384E7021307E00F638AE700034534001B
:10DCE0000147F9465146A685EFF0AFCB2285EFF00C
:10DCF000BFF4FD572301F400230204007DB78947D8
:10DD0000E395F5FA8545EF30D04245F12685EFF0F1
:10DD10007FF42A8455F951BF5D71A6C24EDE86C6D6
:10DD2000A2C4CAC052DC56DA5AD8AE8483C52500D4
:10DD3000F947AA896396F504EFF0DFF12A8409ED2B
:10DD400001442285B640264496440649F259625A57
:10DD5000D25A425B6161828083472500054789076B
:10DD600093F7F70FE37EF7FC034535000147F946CB
:10DD70000146CE85EFF0EFC22285EFF0FFEBC9B789
:10DD800083AA0400B7070001938707F03707120042
:10DD9000B3F7FA0013070710328A0149638AE702D2
:10DDA0002EC6EFF03FEB2A89B2451DC10346450060
:10DDB00005C293178601E187E3C407F84E85EFF0AB
:10DDC0008FC68347490093E707F82302F9008DBF08
:10DDD00003C7A1859307F00F1944E304F7F6E14761
:10DDE000E3E1B7F693D71500FD178E0717D70100AB
:10DDF0001307071BBA9703A80700E30408F403AB53
:10DE00004700E3000BF4C20A93DA0A0163850A00B3
:10DE1000C947E398F5F283D64400904483C51400C3
:10DE200003C50400380802982A8401FD2C084E8599
:10DE3000029B2A8421C983C71400E39407F083C797
:10DE40002400230AA10039472308F1006399E7025F
:10DE500062478347170003470700A207D98F0C08C2
:10DE60004E852319F100EFB0AF9DE30B05EC1408CC
:10DE70000546D9454E85EFF00FC72A84D9B583579B
:10DE80008101F1BF83C624009147E38BF6EA38088D
:10DE90000146CE8503C5A185EFF0AFB02A84E31219
:10DEA00005EA83C524002808EFF0CFA719C1230095
:10DEB0000A009840B7070001938707F07D8FB707E6
:10DEC000120093870710E30DF7E6E30B09E683C71B
:10DED00024002302F900B5B5011106CE2EC6EFF0DD
:10DEE0007FD701CD83474500B2451387170063965E
:10DEF000E50093F707F82302F500F2400561828000
:10DF00009387C191984319E3014615A81C4703D88C
:10DF1000A700636B050183584700B386080163556A
:10DF2000D5008146639416011843F1BF3E86C107B0
:10DF300003D3A7FF6317A30099C12390050132857E
:10DF400082808506C206C182F1BF397152D42E8A01
:10DF50004ED69305E101AA89528522DC4AD856D2D1
:10DF600006DE26DA328936C63AC4BE8AEFF05FF999
:10DF7000054435C5AA840355E1013944EFF0DFA714
:10DF800039CD03284500630C08042247B246D687E2
:10DF90004A86A6854E8502982A8431E19307E00FD0
:10DFA000638FFA0203C704008947631AF702D84057
:10DFB0008347170003470700A207D98FC2070D67E1
:10DFC000C18713072790639CE70083471900034626
:10DFD0000900D285A2075D8E4E85EFF0BF902285A5
:10DFE000F2506254D2544259B259225A925A216183
:10DFF0008280797122D4035425004ECEAA892285CD
:10E0000056CA06D626D24AD052CC5AC85EC662C478
:10E01000AE8AEFF07F9B01E92285EF20416E5944E3
:10E0200029E90144B9A003C789008547AA840144AE
:10E03000631AF702AA8513858900EFF0DF9E29CDC8
:10E0400003D7640083D68400D04483D5440003D52D
:10E050002900E147EFF07FEFD9472A846318F502E2
:10E0600023A604002685EFF03F9149C0D947E30A73
:10E07000F4FA2285B250225492540259F249624A6B
:10E08000D24A424BB24B224C4561828061DD83D73C
:10E0900044002390FA00F9B713894400014AB94BB0
:10E0A000594C3D4B83550900D5DDE14763067A01A4
:10E0B0000357C90011C3D9470357290083564900A4
:10E0C0000326890003D52900EFF03FE82A8463196D
:10E0D000850123240900050A3109E3156AFD59B7B2
:10E0E0007DD9835709002390FA00F5B703D529009D
:10E0F0002DB701112317C1009307E00F1306E100AC
:10E100000147894606CEEFF05FE4F2400561828068
:10E11000797122D42A840355850026D2AE849305D2
:10E12000210106D64AD0EFF0BFDD6308050E834714
:10E1300085002AC693F707028DCF03552101EFF022
:10E140003F8DAA87B24501ED83578400394523905E
:10E15000F400B25022549254025945618280035512
:10E1600024004946829711C5835784002390F40008
:10E17000CDB7035924004A85EFF01F8511ED4165A5
:10E180007D15EFF07F8419E58357840025452390A2
:10E19000F400C1B723102501130745008147BD4690
:10E1A000035607002DE63147B387E70213098400C1
:10E1B0003146CA8591073E959730FE1FE780E0A360
:10E1C0003146CA8548089730FE1FE78000A30356F2
:10E1D000C4000355240041478146DD45EFF00F9C04
:10E1E0002ACE19E58357840045452390F40095B75E
:10E1F0000C480356C4009730FE1FE78000A003556B
:10E2000024004C08EF20614B29D5594599B7850763
:10E210003107E397D7F8254581BF0545B1B7797137
:10E2200022D42A840355850026D2AE849305E101C9
:10E230004AD006D63289EFF0BFCC51C5834785005E
:10E2400093F70702A9E7034714019307200519E391
:10E25000834744008356A4005044835584000355EB
:10E2600024000147EFF07FCEAA8721E983471401FC
:10E2700099E703552400EF20613FD94711E1814719
:10E28000B2502254925402593E85456182802AC67A
:10E290000355E101EFF0CFF7AA8705C9B245035551
:10E2A000240049468297AA8759DD035784002390AA
:10E2B000E4000347140161F7E1B75947E317E5FEAE
:10E2C000230009006DBF8547CDB7B947F9BF397144
:10E2D00022DC4AD84ED652D406DE26DAAA892E8A05
:10E2E00032C63689EFF01F97094415C583472500CC
:10E2F0001307E00FAA845D44638FE7001307F00F54
:10E300005944639AE700324605E2D2854E85EF20F4
:10E31000E1422A8415CD2285F2506254D2544259EA
:10E32000B259225A2161828003550A009305E10106
:10E33000231F0100EFF0DFBC0355E101EFF09F80E8
:10E34000AA8505464E85EF30A03E2A845DDDE1B703
:10E350009307F00FE301F9FC938624007946A68524
:10E3600017F5FFFF13056536EFE01FF1A3812401C8
:10E370005DB739719387C19126DA844352D45AD05C
:10E380005ECE62CC06DE22DC4AD84ED656D266CAB3
:10E390002A8BAE8B328C368A99E08149B9A08044B1
:10E3A00083DC44000149835AA4006314990184402A
:10E3B000E5B78357A400A28963F8670105094209FC
:10E3C000135909014104D5B7E3EAFBFE630C0A00C7
:10E3D000834504004840D28662863AC6EFA07FA0FB
:10E3E000324769DD19C323105701F25062544E853C
:10E3F000D2544259B259225A925A025BF24B624CA1
:10E40000D24C2161828003D7050083D62500854741
:10E4100063E9E60439C7411183C6450026C29384E7
:10E42000550022C426862E8417D501001305852F9A
:10E43000894506C6EFA0FF9AC14711CD8346440027
:10E44000835524000355040001472686EFF07FF230
:10E45000814711E1A947B240224492443E854101DF
:10E4600082803E8582802E860355060083D5250056
:10E47000854763E2A50205C1834646004111014775
:10E48000150606C6EFF0FFEE814711E1A947B2403D
:10E490003E85410182803E8582802E86035506009E
:10E4A00083D52500854763E2A50205C18346460062
:10E4B00041110147150606C6EFF0BFEB814711E198
:10E4C000A947B2403E85410182803E8582803971F4
:10E4D0004ED683D7250083D9050006DE22DC26DA56
:10E4E0004AD852D456D25AD05ECE62CC66CA6AC8D6
:10E4F00063E037198547638E0914416BAE8A2A8A17
:10E500002314010002C6014401497D1B894B054CBF
:10E51000C94C054D83D52A000147814601464E85E9
:10E5200023130100EFF0FFE4AA846300051209EC55
:10E5300013072002930661005A8695455285EFE045
:10E54000FFE52A84630805120357810083C704008E
:10E5500045C70347A100630CA70741476385E7024E
:10E560002C005285EF10715E09CD34001546D94557
:10E570005285EFE05FD711C532459730FE1FE78027
:10E5800040398147F9A083D7A400414613052400F0
:10E590002300F40083D7A400A183A300F400CC409F
:10E5A0009720FE1FE7806065490483578100850737
:10E5B000C207C1832314F10063F9270983D7A4009C
:10E5C000638567098509C20993D90901A1B7E39950
:10E5D00077F983D7A4000946130524002300F4002B
:10E5E00083D7A400A183A300F400CC409720FE1F92
:10E5F000E780A060110455BF22C60359610003C71C
:10E60000A40013052400638277033359990323057B
:10E6100071012300E40083D7A4004146A183A30035
:10E62000F400CC401379F90FA5BF23058101230025
:10E63000E40083D7A400135929001379F90FA183AB
:10E64000A300F4000946CC4055B78357810089FBED
:10E65000A947F2506254D2544259B259225A925A9E
:10E66000025BF24B624CD24C424D3E85216182806E
:10E670008547C5B7C547F1BF03C76193854763F3B6
:10E68000E706011122CC26CA4AC806CE2A8432895E
:10E69000AE84EFF02FDC01C9034725009307E00F9C
:10E6A0005D456308F700631C0900A6852285EF20FD
:10E6B000C105F2406244D24442490561828003D5DB
:10E6C00004009305E10023170100EFF07F83035559
:10E6D000E100EFF02FC7AA8505462285EF304005FF
:10E6E00069D5C1BF5945828013F7050201C7B285BC
:10E6F0006FF0CFC6411126C24AC006C622C413F924
:10E700008500AA8463170900139785016187635DFB
:10E71000070232853684EFF0EFC2AA8505466313FF
:10E72000090001462685EF30A00001E90145B2400D
:10E730002244924402494101828083479400E5DBF0
:10E7400083478400E5F7E5B793F72500E5F30D452A
:10E75000F9BF7971AE8622D42A8403D506009305C9
:10E76000E10106D636C6EFF0AFF909CD8345850045
:10E77000B2460356E1012285EFF01FF7B250225452
:10E78000456182800545DDBF13F7050201C7B285EB
:10E790006FF0CFBC411122C426C206C693F4850097
:10E7A0002A8491E4139785016187635007023285BB
:10E7B000EFF04FB9AA85054691E001462285224433
:10E7C000B240924441016F20B07693F72500014595
:10E7D00091E30D45B2402244924441018280797117
:10E7E000AE8622D42A8403D506009305E10136C6FD
:10E7F00006D6EFF0EFF0B24601CD83458500035613
:10E80000E1012285EFF05FF8B25022544561828029
:10E810000545DDBF797126D2AA840355A500C167DD
:10E8200022D44AD04ECE06D623170100FD173284DB
:10E83000B6890149630DF500050583C60400D04083
:10E8400042051307E1004181EFF0BFB22A8983C678
:10E850000400D040894517D501001305A5ECEFA0B1
:10E860004FD81DC503D4A4002285EFF02FAC09C5F5
:10E870007D142A9442044180638409002390890016
:10E88000B25022544A8592540259F249456182801D
:10E8900083C60400D040894517D501001305C5E89B
:10E8A000EFA02FD461F183C60400D040894517D56D
:10E8B00001001305A5E5EFA0CFD219C9E30609FAB7
:10E8C0008357E100E39287FA0354A9007D145DB7F2
:10E8D00003D4A40055B7397122DC26DA4AD84ED6C3
:10E8E00052D456D25AD062CC06DE5ECEBE8983C7E1
:10E8F00085002A8AAE84C18B328C36843A89C28ADA
:10E90000468B9DE783CB04008947638BFB046285BC
:10E91000EFF08F8E1DC183280500638008025A889E
:10E92000D6874E87CA862286A6855285829839A0C8
:10E930003285EFF0EF8DAA8711ED3945F250625420
:10E94000D2544259B259225A925A025BF24B624C4B
:10E95000216182802946A6855285829745D5F9BFD7
:10E96000D8408347170003470700A207D98FC20783
:10E970000D67C187930607906384D72263CEF6069E
:10E9800093062780638ED70C63C1F60213070780B6
:10E99000E3CFE7F62D45E39309FADC4403C607000D
:10E9A000CC432310C900228569A213073780E39066
:10E9B000E7F62D45E39409F885472310F900DC4478
:10E9C000814583C707002300F40003D5A400050593
:10E9D00042054181EFF0CFD283570900631705123A
:10E9E00091072310F9001146814513051400972063
:10E9F000FE1FE780A02729A2930627906383D718DC
:10EA000063CED71293063790638CD71813074790BD
:10EA1000E39FE7EE2D45E39309F2DC441D47231005
:10EA2000E90003C707002300E40003C71700A300A1
:10EA3000E40003D727002301E40003D72700218344
:10EA4000A301E40003C747002302E40003D76700E3
:10EA5000A302E40083D76700A1832303F4004DA041
:10EA60002D45E39D09ECDC446C0083C9170003C706
:10EA70000700A209B3E9E90011472310E90083C7A1
:10EA800007004E852300F400DC4483C71700A30071
:10EA9000F400EFF0EFC6AA8435C50356C100C16586
:10EAA0009306E100FD158329C500EFF0BFD619EDEF
:10EAB00083C60400D040894517D501001305C5C69B
:10EAC000EFA02FB201E5FD572317F10003C709009E
:10EAD00089476310F70283A54900094613054400DE
:10EAE0009720FE1FE78060118357090089072310D4
:10EAF000F9008357E1002301F400A183A301F4008E
:10EB000001452DBD23173101EDB7034705008907E6
:10EB1000BA972310F9008357A500A300F400835788
:10EB2000A500A1832301F400034605004C41130511
:10EB300034009720FE1FE780400CD9B7C8449720C7
:10EB4000FE1FE780C01593170501C1832A871D4565
:10EB5000E3E637DF6399F90023100900CC4403563C
:10EB60000900CE9589B54207B3863A01418363C750
:10EB7000E600B38737412310F900CDB723105901C0
:10EB8000F1BF2D45E39C09DACC445285EFE01FC765
:10EB9000231079012300A4002181A300A4008DB7D4
:10EBA0002D45E39D09D8DC442310790183C7070074
:10EBB0002300F400DC4483C71700A300F40089B7E6
:10EBC0005D71CAC02A89035525004EDE52DC56DA33
:10EBD0005AD85ED662D466D26AD06ECE86C6A2C439
:10EBE000A6C22E8BEFA0EFB3130CF5FF931D0C0103
:10EBF000C16BAA8A8149176AFE1F130AAA3E93DDD8
:10EC00000D01938C8191138D0191FD1B8357C900D8
:10EC100063F8F9009767FE1F83D7C73C63CE87016F
:10EC2000035529009765FE1F9385C53BEF1091188A
:10EC3000AA841DCDD9442DA88327890013971900D4
:10EC40009305E100BA9703C4170083C707002204A5
:10EC50005D8C2285EFF0CFAAAA851DE923108B00D9
:10EC600003254A00854409C59730FE1FE78060CA26
:10EC7000B6402644268506499644F259625AD25A2D
:10EC8000425BB25B225C925C025DF24D616182800C
:10EC90008348490083A60C000356E1000355290070
:10ECA0006E8881476A87EFF01FC3AA8411C52310BD
:10ECB0008B0003254A0045BF83274A0095E303558F
:10ECC0002900514781465E86BD45EFE02FED9767ED
:10ECD000FE1F23ABA73009E523108B00C54449BFB5
:10ECE0009767FE1F83D7073003D701913E9763478D
:10ECF000570113C7F7FF56972398E19003254A0061
:10ED000083A50C0003D601913E959720FE1FE78056
:10ED1000C0EE83570A0003570D008509C209BA9750
:10ED20001767FE1F2310F72C93D90901C5B5397158
:10ED300022DC2A840355250006DE26DA4AD84ED680
:10ED400052D45AD05ECE62CC66CAAE8B56D2EFA0F9
:10ED50004F9D2A8A8346C4008355A400035584002E
:10ED600078001306D400930CBAFF651AEFF06FE039
:10ED7000420A416B2A898144135A0A01138C8191FA
:10ED80009769FE1F938909267D1B6302090463D0DE
:10ED900094058348440083260C000356C1000355A4
:10EDA00024005288814713870191CA85EFF0BFB2D2
:10EDB00015C5814A0356C1008355A4004A859306B0
:10EDC000E100EFF03FA52A89639D0A065DFDE5E0BD
:10EDD0008357840029452390FB0081A0035604013A
:10EDE00083D70191E317F6FC83250C004848972050
:10EDF000FE1FE78000EC55DD83A74900A1E3035522
:10EE00002400454781465A869D45EFE02FD91DE1F4
:10EE10008357840045452390FB00F2506254D2543E
:10EE20004259B259225A925A025BF24B624CD24C6E
:10EE3000216182809767FE1F23A8A71A835AA90021
:10EE400095BF83A74900A697238057019387140095
:10EE50001397070183A74900418393DA8A00BA9781
:10EE6000238057011387240083A649009387340029
:10EE7000420791044183C207C204C183C18036970F
:10EE800011CD8356E1002300D70003A74900BA97AC
:10EE90000357E10021832380E700C5BDFD56230011
:10EEA000D70003A74900BA972380D7000DB70355B1
:10EEB000240089809765FE1F9385C5129767FE1F02
:10EEC00023929712EF10015529D95945B9B741112D
:10EED00022C406C693F705012A84328585C3EFE074
:10EEE0007FC6AA8505462285EF20900495476305D5
:10EEF000F500BD47631DF502214515A893F74500B0
:10EF000099CBEFE03FC40546AA8522852244B24052
:10EF100041016F20F00193F7050489C7EFE09FC21C
:10EF20000146DDB713F51500133515000605B2408F
:10EF300022444101828079714AD04ECE52CC06D60D
:10EF400022D426D22A8AAE89014983D74900636434
:10EF5000F9000145A1A083A7090013141900930427
:10EF600014003387970003470700A29703C50700E3
:10EF700022079305E100598DEFE09FF805E983A78B
:10EF8000090005453E94034704002380E70083A75A
:10EF90000900BE9403C70400A380E700B2502254C6
:10EFA00092540259F249624A456182808345850044
:10EFB0000356E1005285EFF09FF105C183A70900D8
:10EFC0003E94034704002380E70083A70900BE9412
:10EFD00003C70400A380E700D1B70509420913590C
:10EFE0000901A5B7011122CC2A8403D50500930598
:10EFF000E10006CEEFE0DFF001CD8345850003564A
:10F00000E1002285EFF0BFECF240624405618280AE
:10F010000545DDBF397126DAAA840355250006DED1
:10F0200022DC4ED652D456D25AD05ECE62CC66CABC
:10F030006AC82E8A4AD8EF90DFEEAA8A83C6C40037
:10F0400083D5A40003D58400138CAAFF780013860F
:10F05000D400EFF00FB2420CC16CAA890144135CDA
:10F060000C01138B0191938B8191FD1CED1A176D8F
:10F07000FE1F130D2DF7638D09180356C10083C5BC
:10F08000890003D52400EFF09FE42A89631D05164B
:10F0900083C8440083A60B000356C10003D5240097
:10F0A0006288814713870191CE85EFF0DF822A893C
:10F0B000631B051439C003D7019111079767FE1F21
:10F0C00083D767F26395E700A29763C057099767F4
:10F0D000FE1F83D747F13354F40203D5240097650C
:10F0E000FE1F938525F09767FE1F239D87EEEF1087
:10F0F000E14F2A890DC559491DA003D52400494770
:10F1000081466686C545EFE06FA99767FE1F23AD70
:10F11000A7EC0DE583D7A90045492310FA00F2506A
:10F1200062544A85D2544259B259225A925A025BC9
:10F13000F24B624CD24C424D2161828083570B00CE
:10F1400091071767FE1F2310F7EA83274D0003D7A7
:10F15000A9009306E100A2972380E700930714001B
:10F160001397070183274D0041834E85BA9703D734
:10F17000A90021832380E7000356C10083D5A400A2
:10F18000EFF04FE983264D00130724000356E100FA
:10F190004207418336972300C70003274D0093079A
:10F1A0003400C207C183BA970357E100AA8911044A
:10F1B00021832380E70003254D004204418003D6CC
:10F1C000019183A50B002295639509029720FE1FEC
:10F1D000E780A0A283570B003E9442044180E318CD
:10F1E00004EE83D784002310FA00E31A09F22949B8
:10F1F0003DB79720FE1FE78040A083570B003E9449
:10F20000420441808DBD83D7A9002310FA00C1BFFD
:10F210000149F1B75D71A6C2CAC0AA84035985002D
:10F2200003552500A2C44EDE56DA5AD85ED662D403
:10F2300066D26AD086C652DC6ECE2E8BEF907FCE21
:10F24000930BD5FF7115931905010144138DD4005B
:10F2500093D90901138C0191938C8191976AFE1FB8
:10F26000938A4AD86358741583C6C40083D5A40012
:10F270001307E1006A864A85EFF0AF8FAA8D630B12
:10F2800005120359A500834585000356E10003D507
:10F290002400EFF0DFC36314051283C8440083A683
:10F2A0000C000356E10003D524004E8881471387E4
:10F2B0000191EE85EFF02FE2631305101DCC83D78B
:10F2C00001911767FE1F035707D28907630EF706E0
:10F2D0009767FE1F83D727D13354F40203D5240048
:10F2E0009765FE1F938505D09767FE1F239C87CEE9
:10F2F000EF10011C05C5594515A003D52400416632
:10F300004D4781467D16A545EFE04F899767FE1F63
:10F3100023ACA7CC1DE123102B014545B640264464
:10F3200096440649F259625AD25A425BB25B225C59
:10F33000925C025DF24D6161828083570C00890707
:10F340001767FE1F2311F7CA83D70191A29763D3D2
:10F35000770783A74A0003D7AD00130A2400A297BA
:10F360002380E70005049317040103A44A00C18326
:10F37000420A3E9483D7AD0083A50C00135A0A01BC
:10F38000A1832300F40003A54A0003D601915295FE
:10F390009720FE1FE780608603540C00C167FD17AD
:10F3A000529442044180E30FF9EA050942091359D6
:10F3B00009014DBD294509FC23102B0185B76DDCE2
:10F3C00001BF8357050081E789473E85828041114F
:10F3D00026C2444122C406C683C60400D0402A8403
:10F3E000894517C501001305E533EF909F9F19C9A3
:10F3F000834724002547E51793F7F70F6376F70255
:10F40000E14729A883C60400D040894517C50100FB
:10F4100013058531EF90FF9C61FD8947B24022447E
:10F4200092443E854101828083D681858547FDD601
:10F43000035704003697C166E3C2E6FE91659385E3
:10F44000257031459720FE1FE780803DAA84CD4777
:10F4500071D5314681459720FE1FE7802081835773
:10F46000040083D5818501460147B386E500C206C5
:10F47000C1826369F702AE97C207C18319C2239C98
:10F48000F18423A004002146A2851385440097102F
:10F49000FE1FE78080769387C1919C4391EF23AE56
:10F4A000919031A850401315470005072A9623155F
:10F4B000D60005465DBFBA87984375FF84C3814770
:10F4C000B1BF011106CE22CC26CA4AC809E9894437
:10F4D000F240624426854249D244056182802AC6B0
:10F4E0002A84280036892314B1002305C100EFF0D7
:10F4F0005FEDAA8471FDE30D09FC8357A400E1DBF5
:10F5000091659385557031459720FE1FE780403106
:10F510000DC58357A40023200500232425012312B1
:10F52000F500938781929C4389E723A4A1924DB76C
:10F53000BA87984375FF88C361BFCD4451BF83C765
:10F54000219195E385472389F190058909CD973667
:10F55000FE1F93866647414691451735FE1F1305EA
:10F56000A5426FF01FF601458280A386A1848280A8
:10F57000C167FD176315F5002E856FE08F98411167
:10F5800006C6EFE00F9211C5FD572310F5002301C9
:10F590000500B2404101828001114AC806CE22CC4A
:10F5A00026CA85472A896393F5044A85EFE0CFC1CF
:10F5B00039E9C1649385F4FF1307E100894617C652
:10F5C00001001306E6140545EFE0BFDA2A84FD14B6
:10F5D0000DC44C444A85EFF0BFF90356E100228583
:10F5E0008146A685EFF00FA32A84DDB7894763968D
:10F5F000F5008545EF20E0334DD9F2406244D24416
:10F60000424905618280EFE02FB765B7411106C618
:10F6100023A0019223A2019223AA01901765FE1F45
:10F62000034555C241CD9307200C3305F502916582
:10F63000938515701905420541819720FE1FE780CB
:10F64000201E23A0A1929307200C1766FE1F0346DD
:10F6500076BF3306F602814519069710FE1FE78034
:10F66000E060938701929C431767FE1F034797BD95
:10F6700081459386870B7D5563E8E5069306800BED
:10F68000B306D7020146FD550507B69723A2F192AE
:10F69000BE862390B600A381B6002381B6002382E4
:10F6A000060005069906E366E6FEF9562390D700A4
:10F6B00099463307D702BA9723AAF19017E5FFFFBF
:10F6C0001305C565EFD09FC717F5FFFF130505812B
:10F6D000EF90CFF717E5FFFF1305C55AEF20A01CE9
:10F6E000B2400145410182802394A6F41386C6F4FA
:10F6F00023100600232406003106E31BD6FE8505F1
:10F700009386860B95BF411122C42A8406C6EFD08A
:10F710000FEAEFE04F8123868184938741918843EC
:10F72000EFD03FFE238D81842244B24017050000B4
:10F730001305C5E641016F20001793970501C187A6
:10F7400063D00736797103C5C18422D452CC06D662
:10F7500026D24AD04ECE2E8AEF70DFE52A8421C908
:10F76000034705009307000B6310F7048547A304C4
:10F77000F100938781919C4323150100A1E7EF00DD
:10F78000C07E9165938535709720FE1FE780400904
:10F7900023ACA19005E98347910099C783454400B4
:10F7A00013058400EFD05FD72285EF709FD4B2504D
:10F7B000225421653345AA0092540259F249624A03
:10F7C00045618280614681451765FE1F130585816D
:10F7D0009710FE1FE78080490349440089479769D5
:10F7E000FE1F93892980631DF906EF000078975763
:10F7F000FE1F2399A77E03552400CE85EF005130CC
:10F80000035724009757FE1F83D7C77D8356840074
:10F8100011ED63E4F6002314F400835584003A8567
:10F82000EFD03FB22285EFD01FA9B5B763E4F60051
:10F830002314F40083578400D9450D469756FE1FC4
:10F840002392F67A9756FE1F9386C6793A85EFD0B3
:10F850009FA98D4561D91755FE1F1305A578E1A015
:10F860009947631CF9029305A1002285EFF02FCC84
:10F87000AA844DD9D947639BF40E0509035524008A
:10F880001379F90FD9459756FE1F9386A6754A86B8
:10F89000EFD07FA5CA8559D57DBFA1476318F90070
:10F8A0009305A1002285EFF0FF96D9B7A947631F02
:10F8B000F906035584006C00EFE08FE4AA84630727
:10F8C00005160355240041669306E10055477D1651
:10F8D000AD45EFD0BFAC9757FE1F23A7A770AA86F0
:10F8E00049C1834844000358E1000356C100035551
:10F8F0002400A68581474E87EFE0FFFDAA846316AA
:10F90000051003552400CE85EF007140E30C05F08F
:10F9100003552400CE862D46D945EFD0DF9CE30366
:10F9200005F0AD454E85EFD03FBFEDBDB147631546
:10F93000F910035584006C00EFE08FDCAA846307A4
:10F94000050E0355240041669306E10059477D16D4
:10F95000B545EFD0BFA49757FE1F23A7A768AA8677
:10F960003DE183578400C5442315F100034714008B
:10F97000D147E309F7EA834744000355240097552C
:10F98000FE1F938525661757FE1F230DF7648357C7
:10F99000A1001757FE1F2318F7649757FE1F2385F2
:10F9A0009764EF90EFE9E30F05E6035524009756BF
:10F9B000FE1F938626630546D945EFD0DF92E30309
:10F9C00005E6854549BD834844000358E100835757
:10F9D000A4000356C10003552400A6854E87EFE01E
:10F9E0009FEFAA841DE103552400CE85EF00F13777
:10F9F000E30A05E203552400D945CE863546EFD00B
:10FA00009F8EB545E30005E2B9B5D9476393F4008D
:10FA1000814403A549009720FE1FE78080EFE38320
:10FA200004E0835784002315F10089B783578400CD
:10FA300085442315F1001DBFB9476318F9009305EC
:10FA4000A1002285EFF0CF9725B5C1476318F900D3
:10FA50009305A1002285EFF0EFDB19BDC947631ABA
:10FA6000F900130691009305A1002285EFE02FFB1A
:10FA700001B5D947631DF9009305A1002285EFE088
:10FA80002FE9AA84E31805DEA304010061BBE14766
:10FA9000E31AF9D89305A1002285EFE08FD5C9BB01
:10FAA00001458280E9CE011152C42E8A854522CCBF
:10FAB0004EC656C206CE26CA4AC8AA8AB68932841B
:10FAC000EF103067D14715C183C7419383C6519367
:10FAD000814419E0B684BE861387C1921843939778
:10FAE0004400BA9763EDD400D547F2406244D24453
:10FAF0004249B249224A924A3E85056182803E8946
:10FB0000C10703D727FF09C7850493F4F40FD9BFB2
:10FB10002DC09565938525C0130500029720FE1F13
:10FB2000E78000D02326A90061D113060002814599
:10FB3000938404049710FE1FE7804013231199005B
:10FB4000230009002313590105C81757FE1F130787
:10FB500027658347940010432304F900118C832701
:10FB6000C90011841180238E870023A029018147B9
:10FB7000ADBF23260900E9B723044901FDB7854736
:10FB80003E8582809387C192984383C54193814784
:10FB90006395F50081463685828003562700BA8634
:10FBA00019C2E30AA6FE850793F7F70F4107CDB701
:10FBB0009387C192984303C6419381476315F6002A
:10FBC00081463685828083552700BA8689C583455C
:10FBD0004700E388A5FE850793F7F70F4107F9BFB4
:10FBE0009757FE1F9387C75B984383C571938147DF
:10FBF0006395F50081463685828003560700BA86F4
:10FC000019C2E30AA6FE850793F7F70F4107CDB7A0
:10FC10009387C1929C4303C8519301476315E80041
:10FC200081463685828003D62700BE8619CA03D650
:10FC300067006318A600D04709C603562600E302F2
:10FC4000B6FE05071377F70FC107C9BF411122C4DC
:10FC5000404526C206C6AA8415C0484409C5972057
:10FC6000FE1FE78000CB484809C59720FE1FE780AC
:10FC700040CA22859720FE1FE780A0C926854146FD
:10FC800081459710FE1FE78060FEB2402244FD5779
:10FC9000A384F400924441018280011122CC2A8481
:10FCA0000355250006CE2EC6EF1070113246228570
:10FCB0008145EF00906C22856244F24005616FF04F
:10FCC000FFF80DC503572500411122C406C62A843A
:10FCD00011CBDD45EF00506E22852244B240410138
:10FCE0006FF0DFF6B24022444101828082804111F0
:10FCF00026C231479304C5FF3387E4029757FE1F9E
:10FD00009387074B06C622C43E978356A700639786
:10FD1000B602484305C53E849307F00F6306F6001C
:10FD200083470500639CC7009720FE1FE78060BEE5
:10FD3000B147B387F402A29723A20700B24022443E
:10FD4000924441018280411122C42E8426C2494638
:10FD5000AA848145228506C69710FE1FE78000F120
:10FD6000ADC083C7C401139747009757FE1F938701
:10FD700027439C43BA9703D707002310E40003D717
:10FD8000270083D767002311E400138721930357CB
:10FD900007002312E40003D704002313E40003D771
:10FDA00024002314E40003D744002315E40003D700
:10FDB00064002316E40003D784002318F4002317FB
:10FDC000E400B24022449244410182809757FE1FD2
:10FDD0009387073D03A807009387C192904383C58B
:10FDE0004193014781476394E5003E8582808346C5
:10FDF000060081CE544691CA83C6C6019206C296B9
:10FE00006315D500850793F7F70F05071377F70FED
:10FE10004106D1BF130600643386C50293069500E0
:10FE2000AA8517050000130505EA6F70FFF241115E
:10FE300022C406C62A8403459500EF806F8DFD57C6
:10FE4000A304F400B240224441018280011122CC7B
:10FE50004AC84EC652C456C206CE26CA2A89AE89A0
:10FE60000144138AC1929D4A83C751936362F4048B
:10FE7000639709029389C192130AF00F83C74193D4
:10FE80006366F4061144A144228505044204130666
:10FE9000F00FCA854180EFF09FE5E31794FEF24032
:10FEA0006244D2444249B249224A924A0561828060
:10FEB00083270A0093144400BE9483C704009DC3A3
:10FEC00083D76400639027036396590103D5240008
:10FED000EF10E06E26854E868145EF00104A26859C
:10FEE000EFF0DFD605041374F40FBDBF83A709003C
:10FEF00093144400BE9483C704009DC383C7940039
:10FF00006380470383D76400639C27012685EFF055
:10FF10001FF22685D145EF00304A2685EFF01FD32A
:10FF200005041374F40F99BF41677917630BE50259
:10FF3000411122C406C685472A846399F5002285AB
:10FF40002244B240814541016FF05FF089476396DA
:10FF5000F5008545EF10F01D7DD1B24022444101EE
:10FF6000828082809D456FF07FEE03D52193828051
:10FF7000011106CE2317A1002316B10003C7019378
:10FF800085476318F70070009305E1000545EF50C1
:10FF90007027F24005618280A947631CF60483C77D
:10FFA000150003C70500A207D98F2310F50083C7EA
:10FFB000350003C72500A207D98F2311F50083C799
:10FFC000550003C74500A207D98F2312F50083C748
:10FFD000750003C76500A207D98F2313F50083C7F7
:10FFE000950003C78500A207D98F2314F5000145AA
:10FFF00082800545828091476314F60283C715000D
:020000022000DC
:1000000003C70500A207D98F2310F50083C7350069
:1000100003C72500A207D98F2311F500014582806F
:10002000054582809387C5FF93960701C1820D47DE
:100030006360D70231473387E7029757FE1F9387E4
:100040002717BA972381A7002390B7000145828024
:100050000945828013074020AA876374A70093078D
:100060004020F1172399F192238BB192238CB19206
:1000700082801905956542054111938535C04181FE
:1000800006C69710FE1FE780A07911C5B240E9555A
:1000900041016F008113B24041018280238A0192A5
:1000A000238B0192A38B0192A38A01922388019250
:1000B000854701111757FE1F230AF70E06CE2AC6E1
:1000C00022CCA38C01922399019223A60192EF10D6
:1000D000005832451306000381459757FE1F2383BE
:1000E000A70C1755FE1F1305A50C9710FE1FE780E0
:1000F000E0B71755FE1F0345A50E31C195659385E1
:1001000045C012059710FE1FE78080711757FE1F2C
:100110002328A7080DC59757FE1F9387670C83C731
:1001200017001756FE1F0346A60B8145A38AF192BE
:10013000A38BC19212069710FE1FE78020B393870E
:10014000519383C707001755FE1F0345A50F9565FB
:100150003E951375F50F238AA192938555C012051C
:100160009710FE1FE780C06B23A6A19251C103C662
:100170004193120681459710FE1FE78020AF9387B9
:10018000C192984383C64193814725077D56639A60
:10019000F604EF10A070B1473305F502956593851D
:1001A00065C0420541819710FE1FE7806067975741
:1001B000FE1F23ABA7FE2A8401CDEF10206E31462F
:1001C0003306C502814522859710FE1FE78000AAED
:1001D0006244F24017050000130545D505616F1014
:1001E000806C85072300C70093F7F70F410745B7D9
:1001F000238A0192A38A019269BF41119397050155
:1002000026C206C622C4C187AE8463DE070817551E
:10021000FE1F034525F9EF70EFB92A8439C903475A
:100220000500930700096313F70403471500CD4742
:100230006319F706034525009755FE1F83C5B5E4EE
:1002400083C7619393066400014601472E886319B2
:10025000E50219C2238BF19283C7619381CB854557
:100260001755FE1F034505F4EF704FF82285EF7018
:100270004FA82165258DB2402244924441018280DD
:1002800003C60600B29713F6F70F9377F80F63745F
:10029000B6009377F60F05071377F70F8906054623
:1002A0007DB72125E1B793F715000145E9D7EF00A8
:1002B000506D19C983C7619381CB85451755FE1FC2
:1002C000034545EEEF708FF213C514006DB78546F8
:1002D0002A8763FBC60483C7150003C60500A2076F
:1002E000D18F2310F500639CD70083C7350083C6E8
:1002F0002500A207D58F2311F5000145828089468C
:1003000001456394D70283C7350083C62500A20741
:10031000D58F2311F70083C7550083C64500A20778
:10032000D58F2312F70082800545828091476314A0
:10033000F60283C7150003C70500A207D98F231053
:10034000F50083C7350003C72500A207D98F231105
:10035000F500014582800545828091476314F602CD
:1003600083C7150003C70500A207D98F2310F50026
:1003700083C7350003C72500A207D98F2311F500D5
:100380000145828005458280A1476314F60483C736
:10039000150003C70500A207D98F2310F50083C7F6
:1003A000350003C72500A207D98F2311F50083C7A5
:1003B000550003C74500A207D98F2312F50083C754
:1003C000750003C76500A207D98F2313F500014507
:1003D0008280054582808947631CF60083C715002B
:1003E00003C70500A207D98F2310F50001458280BD
:1003F000054582808357260079714ECE06D622D4D9
:1004000026D24AD01307F007AE896372F702094774
:100410003AC42316F100300093F5F50FEF100019E0
:10042000B250225492540259F249456182800357D6
:100430004600D9462A89328463F8E600835766006D
:1004400063F4F6006379F70023140100300093F59C
:10045000F90F4A85E1B70355060002C4EFF04FF8E3
:10046000AA8459C1EFF09F9683C784006369F500A1
:100470001146A246CE854A85EF10A00855B7340034
:1004800026869305F00F4A85EFF0CFE175F1A2477C
:1004900003578400DC472390E7000357240023918F
:1004A000E700035744002392E700035764002393B7
:1004B000E70003D744002394E700DC4485CB93F4A2
:1004C000F90F2286A6854A858297C167FD172A867D
:1004D000E311F5FA22459947F9452300F500230277
:1004E0009500EFF03F932DBF094661B7014651B724
:1004F000A947631CF60483C7150003C70500A207BC
:10050000D98F2310F50083C7350003C72500A20744
:10051000D98F2311F50083C7550003C74500A207F3
:10052000D98F2312F50083C7750003C76500A207A2
:10053000D98F2313F50083C7950003C78500A20751
:10054000D98F2314F500014582800545828083C739
:1005500005002300F50083C71500A300F50083C73D
:10056000350003C72500A207D98F2311F50082802B
:100570002322050003C7450089476304F7000545AA
:10058000828083D665000D47E37BD7FE9C45011131
:1005900006CE22CC26CA4AC84EC683C4170003C65C
:1005A0000700A204D18C138644006311D60403C44F
:1005B000370083C72700AE8922045D8C9307C4FFF0
:1005C000C207C1832A89636FF70003A5890023113D
:1005D000990023108900F155EFF0303F2322A90044
:1005E000014531A02285EFF0EFD965F10545F240D4
:1005F0006244D2444249B24905618280397122DCA9
:100600002E84834704004AD806DE26DA4ED61947E0
:100610002A89B285639AE706034624002800EFF092
:10062000FFD0AA8415E903558100EFF0AFD5AA8960
:100630008345140015C92E8617170000130727EAF3
:1006400034009D454A85EF00903F4E85094681451F
:100650002D234E85EFF08FDFF250625426854259EC
:10066000D254B2592161828089472310F100835707
:1006700081000A862311F1008357A1002312F100A3
:100680004A85EF00B072C9BF4947639DE702035630
:1006900024002800EFF05FCFAA845DFD9757FE1F6E
:1006A00083D7C7B199E3814445BF0347140083460C
:1006B00004003C000146CA851755FE1F034525B0BE
:1006C000812659BF51476390E70203562400280052
:1006D000EFF09F8CAA8449F18345140030004A85CD
:1006E000EFF05FD195BF59476391E70603562400A9
:1006F0002800EFF05F90AA8425F1835581004A8598
:10070000EFF00FD10DC958458356A100835707005C
:10071000B697C207C1832310F700D1D75C47C1D772
:1007200083C76193C9D385451755FE1F034585A728
:10073000EF70CFAB15B789473EC0835781000A865B
:10074000834514002312F10025BF834514000A8657
:1007500023100100EF009065B9B75D71A6C256DAAB
:1007600086C6A2C4CAC04EDE52DCAA8A03C51500E2
:10077000AE8432C6EFF0CFC3B24501ED8144B6403E
:100780002644268506499644F259625AD25A616136
:100790008280230205002311050083C904008547D8
:1007A0002A84639AF90003C624002808EFF03FB2B8
:1007B000AA8405492DA09D476394F90403470500C9
:1007C0008D47E31DF7FA03C6240028080549EFF01A
:1007D000DFB8AA8409E5054681452285792E228560
:1007E000EFF0EFE4034584003C080147CE862686FF
:1007F000D6853924E30509F82285EFF02FC541B7E6
:10080000CD47639DF900034705009147E318F7F6CC
:1008100003C624002808EFF01FBC59BFD547E39F4B
:10082000F9F4034A05008947E31AFAF403C62400E1
:1008300028080549EFF0DFCBAA8455F18357010260
:10084000BDE3035781011306F0035C44930607FCE4
:10085000C206C182636CD6000356A101D94663F774
:10086000C6008356C101D94563EFD5000355240066
:100870002391E7000549EF00905403560102D28509
:100880002285712CA9BF8355E1012391E7002392B2
:10089000C7002390B7002393D70085472300F400B7
:1008A000014A0149D9BF014AC9BF7971AA8522D439
:1008B00026D203542500AA84280806D6EFF05FCB81
:1008C000F24599E535E985452285EFF06FEAC1A04B
:1008D000835781011547639BE7060357A1018D47A5
:1008E00063FCE7046800EFF09FC60357E100DD47B3
:1008F00063FCE7008345D100B707170085071008A0
:1009000022853EC8EF00904A8357E1000357A101BA
:1009100091076305F7002285EFF0CFE48347C1001C
:1009200072466C00858B1106228591CFEFF0FFE2B5
:1009300001C52285EFF00FE3884451D59710FE1FC3
:10094000E78020FD49B7EFF07FCBDDB71147638922
:10095000E7001387A7FF42074183854663EEE6025F
:100960003147F117B387E7021757FE1F1307478474
:10097000BA9703D7070069D303C527003008A285BB
:100980000D205DF9035781019147E31EF7F2B25044
:1009900022549254456182802C082285892E49FD7B
:1009A000FDB701114AC82A89314526CA06CE22CC94
:1009B0002EC6B284EF601FB931C1B2459307000A59
:1009C0002310F5002311B5002A84214611058DC09E
:1009D000A6859700FE1FE7804022A2854A85EF602A
:1009E000FFC50145F2406244D2444249056182801C
:1009F00081459700FE1FE7806027C5B70545DDB735
:100A0000797126D2AA841305000206D622D42ECEEE
:100A100032CC36CA3AC83EC6EF60DFB231C9624650
:100A2000F2454247D246B2472A84130520FA2300F2
:100A3000A400A300C4002311B4002302E400A30215
:100A4000D40013058400614691CFBE859700FE1F38
:100A5000E780A01AA2852254B2502685925445619F
:100A60006F60DFBD81459700FE1FE7802020DDB766
:100A7000B25022549254456182805845797122D4F3
:100A800006D62A84AE8651C383572700231DF10062
:100A900093072006639FF5049387219303D60700ED
:100AA000835767006373F600B28713F6F70F835519
:100AB0002701834707018D8F93F7F70F81E589079A
:100AC00093F7F70FB297FD17B3C7C702231EF100C4
:100AD000835724008355640003458400231CF100E0
:100AE00001473C080146EFF0BFF1B2502254456186
:100AF00082800347C7019747FE1F9387676A9C431D
:100B00001207BA9783D76700D1B72EC61946814519
:100B100028089700FE1FE7806015B24655BF79711F
:100B200022D406D626D22A848DC181470147930656
:100B300000062E868355640003458400EFF05FECC9
:100B4000B2502254925445618280B28428005946A2
:100B50009700FE1FE78080112314910089E88357D6
:100B6000240048446C002315F100EFF0CF9D3C00B9
:100B7000014793060006014675BF797106D6814785
:100B800099ED8357250058452316C1002314F10021
:100B90003C0011C7835727002315F1003C002E8627
:100BA0008355650003458500014793060006EFF075
:100BB0003FE5B25045618280411122C406C6834799
:100BC000050011472A846395E7022E868355650048
:100BD0000345850081470147CD46EFF07FE2494656
:100BE000835564002244B240154541016FF02F90B7
:100BF00013F7B70F89466317D7000146EFF03FF2AE
:100C00005146F9BF0D476398E7002244B2400146C0
:100C100041016FF09FF6B24022444101828083D7A8
:100C200005003147F1173387E7029747FE1F938787
:100C30002758BA97D84319EBD8412395A700014507
:100C4000D8C303D725002394E700828059458280CA
:100C5000797122D4404526D24AD006D6AA842E895C
:100C600025C0484419C59710FE1FE78080CA232677
:100C700004008357040083D5640003C58400231552
:100C8000F100835724000147930640062316F10024
:100C9000835784004A862317F1001C483EC883D737
:100CA00024002314F1003C00EFF09FD5A30E240193
:100CB00023280400B2502254925402594561828084
:100CC0002800314681459700FE1FE78020FA83D730
:100CD000240083D5640003C584002314F100014778
:100CE0003C00930640064A86EFF09FD1E1B7797148
:100CF00052CC2A8A03D5050026D206D622D44AD061
:100D00004ECE56CAAE84EFE0FFE719E1854749A011
:100D10004045AA8965DC83576500E39947FF8357FF
:100D20008400638907128346C401974AFE1F938A91
:100D30002A4703A70A009206FD173697C2070357F2
:100D40006700C1832314F4006316F700930530068F
:100D5000EFF0BFD25C48A5EFC840034915008347B8
:100D6000050022093369F90083D7240013072900FD
:100D7000631AF702F955EFF04045C8C023912401EA
:100D800003C589002686D285EFF0BFC1814721E1E6
:100D9000B250225492540259F249624AD24A3E85D4
:100DA000456182809565938515C04A859710FE1F21
:100DB000E78000A748C8C840231C2401F955EFF07C
:100DC000C04083D72400C8C0F9172391F4004848D5
:100DD00059C503D624008356A401835784013308E0
:100DE000D60063C007090347C40183A70A009545DD
:100DF0001207BA9783D7270063CF0705CC403695F3
:100E00009700FE1FE78060DF0357A40183D724000B
:100E1000BA97C20703578401C183231DF400E397E7
:100E2000E7EE03D7290003C5890030002314E10051
:100E30005848D2852315F1003AC6EFF09FB611C588
:100E400048489710FE1FE780C0AC232A0400232CDB
:100E500004006DBD99454E85EFE03FE445BDA545D5
:100E6000DDBF9145CDBF03D7250069CF83D6219340
:100E7000ED4763EAE60C011122CC2E8426CAAA842F
:100E80004840914506CEEFF0403483572400AA86AF
:100E90002300F50083572400A183A300F5008357A6
:100EA00004002301F50083570400A183A301F5008A
:100EB00003562400C167F917110642064182639662
:100EC000F4042AC4314532C6EF60CFE7AA85CD4786
:100ED0001DC5930700F93246A2462300F500F957D5
:100EE0002311F50089472302F5002313C50014C51B
:100EF0001745FE1F0345052BEF604FF48147F24075
:100F00006244D2443E850561828081452685EF405A
:100F1000503BAA8701E903C7619375D37D17238BE3
:100F2000E192F1BF09476302E5021D476301E50253
:100F300049476300E5027D47E313E5FC03C761937E
:100F40008147E1BFED473E858280D1474DBF914744
:100F50007DB789476DB7011122CC4AC831441309C6
:100F6000C5FF330489029747FE1F9387672406CE87
:100F700026CA3E94584031C783C66193BE848547D4
:100F800095CA2314A100835784000355A4002C00A4
:100F90003AC62315F100EFF01FED11C54840971038
:100FA000FE1FE7800097B147B307F902A69723A277
:100FB00007008547F2406244D24442493E850561BC
:100FC00082808147C5BF797126D24445138721931A
:100FD0004AD083D764000359070052CC06D622D4E6
:100FE0004ECE56CA2A8A63F327013E8903D72401CD
:100FF00042091359090183D7040141CB998F4A84CF
:1010000063D5270113940701418089452285EFF0BC
:101010004F86AA89CD4A25C183D724002AC6231525
:1010200081002314F10083D7240185E383D70401D1
:10103000930925002300F50083D70401A183A300B1
:10104000F5006376240503D4040183D72401CC443E
:1010500022864E85BE959700FE1FE78000BA035595
:101060006A002C00EFF03FE0AA8A15C54E85971064
:10107000FE1FE780008AB2502254568592540259CE
:10108000F249624AD24A4561828089078DBF79144C
:10109000420441805DBF03D7240183D704003A9402
:1010A000FD17C207420403D70401C1834180239086
:1010B000F400239984006377E400D5FFFD57A38EE5
:1010C000F40055BF81455285EFF09FB86DB701110F
:1010D0004EC683C9919322CC52C456C25AC006CE82
:1010E00026CA4AC84E84138AC192854A130BF00F50
:1010F00083270A0093144400BE9403C904006317B5
:101100005907DC44A5C7D84735C303D7070039C3FF
:1011100083C7619389CF2685EFF0FFEAAA8515E59D
:10112000050483C75193635FF400A38C8192F2405E
:1011300062444A85D2444249B249224A924A024B09
:1011400005618280A38C0192DDB72685EFF05FB048
:101150000149F1BF83C7D701639A67019305200650
:101160002685EFF09F91DC44A38E070005041374DD
:10117000F40F83C751936363F4000144E31A34F717
:10118000C1BF4111154506C6EFF0FFDC09C5054595
:10119000B240410182801945EFF0FFDB6DF9114546
:1011A000EFF07FDB6DF51D45EFF0FFDA6DF183C7E2
:1011B0005193F9DFB24041016FF07FF183D7050011
:1011C0000D47F117C207C1836361F706DC41B1CF58
:1011D000411122C42E84854526C206C6AA84912FB9
:1011E00039C52685AD25C167F917638FF40009ED70
:1011F0008357240091CB835604001947639FE6026E
:1012000003D7219363FBE70283C76193A2852685F9
:1012100099C72244B240924441016FF0DFC4224496
:10122000B240924441016FF09F9F09458280514531
:10123000B24022449244410182806D45D5BF39714C
:1012400026DA4ED6AA84AE895D4589454AD806DE9F
:1012500022DC328936C63AC4EFE0BFE125C5224719
:101260002A84014511C7B24613054400B68502978A
:101270009357850023003401A30024012301A40017
:10128000A301F40011059547231DA100231CF100C3
:1012900022CE83C761932C08268595C3EFF0BFBC8F
:1012A000AA8411C522859700FE1FE7808066F25050
:1012B000625426854259D254B25921618280EFF09E
:1012C0001F96F9BFCD44E5B7797126D24AD052CCEA
:1012D00056CA06D6BA8A22D44ECE19472E89B2846F
:1012E000368A6391E508035526000944EFE09F899B
:1012F0002AC649C15C458359650083D727002390DE
:10130000F400B2471547238057011746FE1F0346D6
:10131000E6E92391E700130716001377F70F9746C6
:10132000FE1F2385E6E82382C70011E7054797469D
:10133000FE1F238DE6E65147631AE9001547239106
:10134000E400DC4703D784002394E7005287A68695
:10135000CA854E85EFF0BFEE2A84324515C4EFE012
:10136000FF8E09A842867400BE85AA89EFE08FF33C
:101370002A8441D92285B250225492540259F2490A
:10138000624AD24A45618280F945EFE0BFA8DDB7E5
:1013900083D705002300F50083D70500A183A300B0
:1013A000F50083D725002301F50083D72500A1830D
:1013B000A301F5001145828083D705002300F500C5
:1013C00083D70500A183A300F50083D7250023015F
:1013D000F50083D72500A183A301F50083D745003D
:1013E0002302F50083D74500A183A302F50083D72C
:1013F00065002303F50083D76500A183A303F500EF
:101400002145828083D705002300F50083D705009E
:10141000A183A300F5000945828083D7050023003E
:10142000F50083D70500A183A300F50083D725002D
:101430002301F50083D72500A183A301F50083D7FD
:1014400045002302F50083D74500A183A302F500E0
:1014500083D765002303F50083D76500A183A30329
:10146000F50083D785002304F50083D78500A18389
:10147000A304F5002945828003D705008546AA8785
:101480002300E50003D705002183A300E50003D76F
:101490000500631DD70003D725002301E50003D70E
:1014A00025002183A301E5001145828009456315CC
:1014B000A70203D7250019452381E70003D725009C
:1014C0002183A381E70003D745002382E70003D7E8
:1014D00045002183A382E700828083D70500230093
:1014E000F50083D70500A183A300F50083D725006D
:1014F0002301F50083D72500A183A301F500114541
:101500008280797126D24AD04ECEB2842A89AE89A1
:1015100029468145480022D406D6368497F0FD1F1F
:10152000E780C0742316910095EC835724002312A2
:10153000F1009387219383D707002314F1005C44C3
:1015400095C383C6C7011747FE1F130767C5184316
:10155000920683D787003697035727002315F1009B
:101560002313E1004A8517070000130747EB5400D7
:1015700013F6F90FD545EFF09FCC2A8911C19DE0F4
:1015800085472300F400230204000146814522859B
:10159000EFF0EFD8B25022544A8592540259F249E2
:1015A000456182802285EFE06FEAEDB7B2861707CA
:1015B00000001307A7EC2E8685456FF05FC8011168
:1015C0002317A1004165700001489307F00F0D47F4
:1015D00097060000938606DC99457D1506CEEFF050
:1015E000BFCEF24005618280B28701482E86114746
:1015F00097060000938686DCC9456FF0FFCCB28663
:1016000017070000130747E02E86CD456FF03FC354
:10161000011122CC26CA4AC84EC606CE2A89AE89F6
:101620001744FE1F130444BC9744FE1F9384C4BE9A
:101630001C4081C7CE854A8582971104E31A94FE27
:10164000F2406244D2444249B249056182809747E0
:10165000FE1F83C727A61745FE1F0345B5A51747DD
:10166000FE1FA301F7BEAA9793F7F70F1747FE1FB8
:10167000230AF7BCD9C31305C0033385A702A565A8
:101680004111850506C69700FE1FE7806019974740
:10169000FE1F23A9A7B49307C0031746FE1F0346E6
:1016A00066BA3306F602814597F0FD1FE780005CBD
:1016B0009747FE1F938707B39C439746FE1F83C639
:1016C00066B8014789077D56634FD700B2401306BD
:1016D000000381451745FE1F130505B1410117F3AE
:1016E000FD1F6700A3582390C7002381070023A58F
:1016F000070205079387C703C1BF82809747FE1F74
:10170000938747AE98431746FE1F0346A6B381470B
:101710006315F600814636858280BA861307C703B3
:10172000835567FCE389A5FE850793F7F70FCDB7CF
:10173000011122CC2EC632C406CE2A84EFF01FFC43
:101740002246B24511E9C167F9176303F400514518
:10175000F24062440561828054558347450095C23A
:1017600013F7270141456314A700154575F2C18B96
:101770003D45F9DF83C7A6010145E3FBB7FC3145D1
:10178000C1BFC18B0145E9F71545D9B7797126D29B
:10179000C16422D44AD04ECE52CC56CA06D62A892B
:1017A00001449749FE1F9389E9A3130AC003FD145E
:1017B000854A9747FE1F83C7E7A86364F400014585
:1017C00035A8B307440303A70900BA9703D7270036
:1017D0006316970005041374F40FE1BF03C55700A7
:1017E000300093856700EFC050421946CA85280033
:1017F00097F0FD1FE780E04BE31E55FDB2502254E9
:1018000092540259F249624AD24A4561828097470E
:10181000FE1F9387279DC16698439745FE1F83C58A
:1018200065A28147FD166395F500014632858280E9
:10183000035827003A866306D80003480700E307E9
:10184000A8FE850793F7F70F1307C703E9BF4111F8
:1018500006C6EFF0BFEA11C503554501B24041018C
:1018600082800145E5BF9747FE1F9387A79798435E
:101870009746FE1F83C6069D814711070145639366
:10188000F60082800346070001C605051375F50FB3
:10189000850793F7F70F1307C703D5B71745FE1F43
:1018A0000345459A82801747FE1F1307E793814738
:1018B000BA8631460C4391E58A07B69788C301453D
:1018C000828085071107E397C7FE4D45828041114D
:1018D00006C622C4EFF09FE21DCD2A8403552500E1
:1018E0008545EFF0FFD2485409C59700FE1FE780F9
:1018F000400222851306C003814597F0FD1FE78053
:10190000E036FD572311F400230204000145B240E4
:101910002244410182800945DDBF411106C6EFF036
:10192000FFDD11C50345C500B2404101828001457C
:10193000E5BFC167F9176304F502411122C406C669
:101940002E84EFF0BFDBAA87014591C703C547008E
:10195000698C33358000B2402244410182800545C4
:101960008280011106CE2EC6EFF05FD9854711C9DE
:1019700003574501B24585476305B700231AB500F3
:101980008147F2403E850561828021CD01114AC820
:10199000416922CC26CA4EC652C406CE0144AA844E
:1019A0009749FE1F93890984130AC0037D1997473D
:1019B000FE1F83C72789634AF400F2406244D24481
:1019C0004249B249224A056182803305440383A714
:1019D00009003E95835725006383270182940504FF
:1019E000F9B782809737FE1F9387C77F9C43C166F4
:1019F0001746FE1F03460685890701450147FD1668
:101A000091456313E600828003D807006309D8007C
:101A100003C8A7006315B80005051375F50F050782
:101A20001377F70F9387C703E9BF9737FE1F938795
:101A3000677B94431746FE1F0346C6800147910605
:101A400081476310E602858393C7F7FFC207C1830E
:101A500005456364E50285473395A700420541814A
:101A6000828083C5060081C583D5C602CD8F050758
:101A70001377F70F9386C603E9B793F61700E1FED5
:101A8000050585831375F50FE9B7797156CAAA8ADA
:101A90002E8526D24AD04ECE52CC5AC85EC662C4DB
:101AA00006D622D4AE84328B368CBA8B3E8AC2895B
:101AB0004689EFF0BFC449E141657D15EFF01FC4D1
:101AC0002A84554531CC1946DE8513056400A302EE
:101AD000840197F0FD1FE780401283570103231113
:101AE0009400230264012319F40083574103230067
:101AF000540123260402231AF40023064401231769
:101B0000340123182401EFF05FF22318A402232AE2
:101B100004022685232C04028145EFF07FAF0145A6
:101B2000B250225492540259F249624AD24A424B6C
:101B3000B24B224C456182804545DDB79737FE1F89
:101B40009387476A98439736FE1F83C6A66F8147DF
:101B50006395F60041657D1582803A861307C703B9
:101B6000835547FF6395A5000355260082808507AE
:101B700093F7F70FF1BF9737FE1F9387A76694433C
:101B800041661738FE1F0348E86B01477D169548EC
:101B900011436314E8000145828083D7260036850F
:101BA0006380C704CC5A8DCD83C7350083C525001B
:101BB00089CD938597FD93F5F50FE37FB3FC93876C
:101BC000D7FA93F7D70F89EF82809385F7FD93F5C6
:101BD000F50FE3F3B8FC9387D7FA93F7D70FCDDF70
:101BE00005071377F70F9386C60365B79737FE1F70
:101BF0009387475F416698439735FE1F83C5856489
:101C000081477D1625486394F500014582808356FF
:101C100027003A85638CC600545B89CA83C63600A8
:101C20009386E6FD93F6F60FE372D8FE850793F7E9
:101C3000F70F1307C703C1BF011122CC2A844945FE
:101C400006CEEF80AF9B15C12AC62285EFF01FABF1
:101C500009CD6244324683550503F2401735FE1F15
:101C60000345F55D05616F509FF8F24062440561E0
:101C7000828039714ED652D4AE892A8A93053005B6
:101C8000414526DA4AD856D206DE22DC32C63689EB
:101C9000BA8A9700FE1FE780A0B8CD4431C92A84D4
:101CA00089446382090432468145231AC1004146B2
:101CB00097F0FD1FE78080FB5686CE85228597F042
:101CC000FD1FE78080F32146630E0902CA852808BC
:101CD00097F0FD1FE78060F2A28650082C0852851D
:101CE000EF30D055AA8422859700FE1FE78060C29E
:101CF000F250625426854259D254B259225A925A0D
:101D0000216182808145280897F0FD1FE78000F659
:101D1000E1B7411122C4405926C206C6AA8429CC83
:101D2000085409C59700FE1FE780A0BE285809C5C2
:101D30009700FE1FE780E0BD685809C59700FE1FA9
:101D4000E78020BD285C09C59700FE1FE78060BCC6
:101D5000685C09C59700FE1FE780A0BB0325040847
:101D600009C59700FE1FE780C0BA22859700FE1FB5
:101D7000E78020BA23AA0402224483D50403B24098
:101D800092441735FE1F0345954B41016F60EF905C
:101D9000411126C206C622C4AE84EFF03F9621C58B
:101DA0004C592A84A9C183A8C50703A88507FC59F3
:101DB000B85983C6650003D6050083C5250026856E
:101DC000EF80EF8B2285EFF0DFF4EFF03FE201CD03
:101DD0002244B24092441735FE1F034555468545BF
:101DE00041016F50BFC0B240224492444101828001
:101DF000011122CC06CE2A842EC6EFF03F905C590A
:101E000091CF83D70700B245639A870085476397D0
:101E1000F5006244F24005616FF0BFEFF2406244AA
:101E200005618280411106C622C426C2EFF0BFD4EC
:101E300029C54059AA8431C08347240095CB9737E0
:101E4000FE1F9387A73D9C4389C7DC4399C3228526
:101E50008297034734009307F0026310F70222448D
:101E600003D52400B2409244814541016FF05FF2F6
:101E70009737FE1F9387473AF9B7B24022449244FE
:101E800041018280411126C24AC006C622C4AA84EA
:101E90002E89EFF0BF8631C1405961C083570400DD
:101EA000639D970A8347340013071002639DE70878
:101EB00083472400C1C77C540327040883D7470104
:101EC00005E713F717000DC3185403574700058B98
:101ED00001CF93072002A301F400B24022449244B0
:101EE000024905454101828013F7270009CB1854A8
:101EF00003574700098B01C793074002E9BF918B45
:101F000089CB1C5483D74700918B81C7930760020C
:101F1000D9B79737FE1F938767309C43DDDFDC43DB
:101F2000CDDF22858297034734009307F002814575
:101F3000E315F7FA2685EFF0BFE545B79737FE1FA3
:101F40009387872DD9BF1307A0026398E700630426
:101F5000090013092003CA85F1BF631C0900268507
:101F6000EFF0CFF919C58347450093E70701230236
:101F7000F500A6854A85EF70FF8485B7797126D272
:101F80009947231DB100AA842E858D4522D406D6FB
:101F900032C636C4231CF100EFE0AF8D2ACE4D448B
:101FA0001DC13246A246AA85328582962A8419E549
:101FB0002C082685EFF08FA02A8411C57245970062
:101FC000FE1FE78000952685EFF01FC72285B250DF
:101FD0002254925445618280411122C42E862E845F
:101FE0009726000093862696894506C626C24AC0D3
:101FF0002A89EFF0BFF883450400AA844A85EFF0F0
:102000003FD9B24022442685024992444101828050
:102010009737FE1F938747209C4395CB9C4385CBE6
:102020001D71A2CC86CE984110082A843AC8D841A6
:1020300085453ACA829701C92306A10003552400A9
:102040006C00EFF07FF9F640664425618280828063
:10205000AE8715C5785505C7834607002380D50090
:1020600083461700A380D500834627012381D5002E
:1020700083468701584BA381D500D8C18280414651
:1020800081453E8517F3FD1F670043BE9737FE1F4E
:102090009387C7189C4391C703A38700630303007A
:1020A0000283094582801737FE1F13072723184331
:1020B0001DC75843AA8705450DC703A50708411149
:1020C00006C6930605021306050C930505061305BF
:1020D00005040297B2401375F50F41018280054552
:1020E000828082804DC9357122CD2A840355050036
:1020F00026CB4AC94EC756C306CF52C55AC1DEDEEB
:10210000B68AB2892E89EFF06FDFAA8439C50C1820
:102110002285EFF0FFF383472400138A6400A9CBE4
:10212000EF70AFC32A8B014583CB5400EF70AFC073
:10213000AA840C100818EF10806208542C10EF10BD
:10214000A062D288268A56C05E88D2875A87141029
:102150003010CE854A85EF20D01EFA406A44DA441A
:102160004A49BA492A4A9A4A0A4BF65B0D6182806B
:10217000EF70AFBEAA8B014503CB5400EF70AFBB2D
:102180002ACE08540C10EF10805D2C100818EF10A8
:10219000A05DF2484DBF8280C14709CD1455C147AB
:1021A00091CA785501CB83C73600BD4663F4F6006B
:1021B000834787013E8582808947630905106387CD
:1021C0000510411106C622C426C2834715002E847D
:1021D0002380F50083472500A380F5008347350061
:1021E0002381F50083474500A381F500834755000F
:1021F000858B9396870083D7450093F7F7EFD58FAC
:102200002392F5008346550093F7F7DFA20693F675
:102210000620DD8E2392D5000347550093F6F6BFC6
:10222000220713770740558F2392E5008347550017
:10223000FD769386F67F8D87858B758FAE07D98F58
:102240002392F50083466500F99B858ADD8E2392F3
:10225000D500034765009377270013F7D6FF5D8FFE
:102260002392E5008347650093F647009377B7FF15
:10227000D58F2392F50003476500DD9B4D45218BEB
:10228000D98F2392F500EF707FB7AA845145EF7084
:10229000FFB60347340093F4F40FC9476362970213
:1022A0001375F50F636EE500834604001147E1479F
:1022B0006368D7008346140005476363D7008147EE
:1022C000B240224492443E85410182803E85828014
:1022D00015C1AA8709458DC141112E8541469385B7
:1022E000170006C697F0FD1FE7802091B240014518
:1022F0004101828009458280828089471DC595C53C
:10230000411106C603471500AE8719462380E50034
:10231000930525001385170097F0FD1FE780E08DDA
:10232000B24081473E85410182803E85828015C151
:10233000AA8709458DC141112E8541469385170015
:1023400006C697F0FD1FE780408BB2400145410172
:10235000828009458280828089471DC995C94111C3
:1023600006C60347250083461500AE872207558F12
:102370002390E5002146930535001385270097F04B
:10238000FD1FE7808087B24081473E854101828002
:102390003E85828015C1AA8709458DC141112E85D0
:1023A00041469385170006C697F0FD1FE780E0843D
:1023B000B24001454101828009458280828089477F
:1023C00019C991C903471500BD46E14763E5E60019
:1023D0002380E50081473E85828015C1AA87094593
:1023E0008DC141112E8541469385170006C697F091
:1023F000FD1FE7808080B240014541018280094590
:102400008280828015C1AA8709458DC141112E8520
:1024100041469385170006C697E0FD1FE780E07DE3
:10242000B2400145410182800945828082801DC100
:10243000AA87094595C141112E851306000493858D
:10244000170006C697E0FD1FE780207BB2400145DC
:102450004101828009458280828015C1AA87094591
:102460008DC141112E8541469385170006C697E020
:10247000FD1FE7808078B240014541018280094517
:10248000828082801D71A2CC2A84084586CEA6CA8D
:10249000230601008344050035479387F4FF93F733
:1024A000F70F636CF70C17970100130767B58A07DE
:1024B000BA979C43BA9782870C08EFF0FFCFC947C1
:1024C0006312F50299472306F100035524006C00BE
:1024D000EFF09FB0F6406644D644256182800C0838
:1024E000EFF05FEB29C98347C100E5F303552400F2
:1024F000EFF08FF4C5B70C08EFF03FEEE5B70C082E
:10250000EFF0FFEBC5B70C08EFF09FDCE1BF0C0864
:10251000EFF09FE4C1BF0C08EFF07FE1E1B70C08DA
:10252000EFF0BFDDC1B70C08EFF0DFED65BF83470B
:1025300015002308F10003552400EFF02F9CA1475C
:1025400015C10347C500631CF7029737FE1F938729
:10255000E7CC98439D4719C7184309C71008A685BB
:102560000297AA872306F100BDBF0C08EFF03FECED
:1025700095BF0C08EFF07FEEB5B79D47A9B7973729
:10258000FE1F938767C9F1B7011122CC06CE26CA78
:102590004AC84EC603470500930720092A84631DD5
:1025A000F7128347150039476395E70A83564500BC
:1025B0000967610781476399E6109739FE1F938980
:1025C000E9C603A50900CE84630005100C4403C9C5
:1025D0000500631E09008347050085052146B9CB28
:1025E000290597E0FD1FE78040619C40ADC3494548
:1025F000EF405FF52A840DC5930710FC2300F5001A
:10260000A30025018C4009054146890597E0FD1F7F
:10261000E780A05E9C40A28503C51700EF500F82A3
:10262000884097F0FD1FE780C02E9737FE1F23AF2D
:1026300007BE31A8090597E0FD1FE780005CEF3079
:10264000A03F05495DF183A7090023802701854745
:10265000A5A81307E003639FE708034725009547F4
:102660006310F70403554500EFF02FAB9147E310DB
:10267000F5FE9737FE1F938727BA9C43E9DB03A338
:102680008700E30603FC0356E4000355440093056A
:1026900064006244F240D2444249B2490561028377
:1026A000A147631EF700834564000355440062445C
:1026B000F240D2444249B24905616FF0AFFC930643
:1026C00000038147E301D7FEF2406244D24442490D
:1026D000B2493E85056182809306000A8147E31571
:1026E000D7FEEFF03FDA08443DD197F0FD1FE780B9
:1026F0004022B1BF8147C9BF011126CA06CE22CCF4
:1027000089441DCD95CDAA842E8468008D45EF6047
:10271000BFB38347E1002685228693F7F70393E74B
:1027200007046C002307F100EF20A038AA8409E910
:102730000D466C001305340097E0FD1FE780E04B69
:10274000F24062442685D244056182805D714EDE8E
:1027500086C6A2C4A6C2CAC052DC56DA5AD85ED611
:10276000894945CD5DCA138B4500420B135B0B01B4
:10277000AE8A2A8A930530055A85B28497F0FD1FE8
:10278000E780000A2A84CD4949C9EF603FDF2A89E2
:102790005686D285935A8900135A0901937BF90F03
:1027A0001305440093FAFA0F137AFA0F13598901AB
:1027B00097E0FD1FE780C054A30174012301540179
:1027C000A300440123002401EF609FDAAA8541465B
:1027D000080897E0FD1FE780A052214734005A8681
:1027E000A2850808EF208053AA891DE121462C000C
:1027F00023807401A380540123814401A381240117
:102800001385440097E0FD1FE780804FEF60FFD7FE
:10281000228597F0FD1FE780C00FB64026444E8505
:1028200096440649F259625AD25A425BB25B6161E0
:10283000828001114AC82A892E8506CE22CC26CA5A
:102840002EC6EFE0BFEB71C5405971C483475400F9
:102850000947B24593F6B70F6387E60011471305A2
:10286000E00F6392E708835704000945639DB706AC
:10287000930484004146CA85268597E0FD1FE780C2
:10288000C0374146CA851305840197E0FD1FE780E4
:10289000C0360347340085469307F7FE93F7F70FDA
:1028A00063E9F6041306C4033285C14532C6EF60FE
:1028B000BF9932469306C402A6852285EFF09F8217
:1028C0008347240089CB22856244F240D2444249A6
:1028D00005616F10401003473400C947E305F7FE58
:1028E000A301F4000145F2406244D244424905612B
:1028F0008280930710050145E317F7FE8347240004
:10290000FDD322856244F240D244424905616F10F2
:1029100000130945C9BF4945F9B729CD011126CA98
:1029200006CE22CCAA840945A9C10D4628002E84D2
:102930008D0597E0FD1FE780402C8347A1007000C4
:102940002C0093F7F70393E7070426852305F1008E
:10295000EF20201619E90D46A285680097E0FD1FBB
:10296000E78020357D153335A000F2406244D24423
:102970000561828009458280011152C42A8A32850C
:102980004EC656C25AC006CE22CC26CA4AC82E8B84
:10299000B28AB689EFE09FD609ED8944F2406244DD
:1029A00026854249D244B249224A924A024B0561E5
:1029B00082805C592A89C544F5F34D45EF700FC4F8
:1029C0001374F50F5145EF706FC3E38809FC83C79B
:1029D0008901E3E487FC1375F50FE360F5FC9305CB
:1029E00030051305400897F0FD1FE78060E3232AB8
:1029F000A9022A84CD445DD113064008814597E0A1
:102A0000FD1FE780A026A301040023014401230247
:102A10006401231054012326340723240402A30253
:102A200004008144E30C0AF62285EF00D074AA84E6
:102A300035D54A85EFF0EFAD95B7397122DC06DE6A
:102A400026DA4AD84ED652D456D25AD05ECE62CC6E
:102A500066CA0944630B061063090710AA8B3A89FA
:102A6000368BB28A2E8CEFE07FC92A8A5144630EDE
:102A7000050E93053005414597F0FD1FE78040DACC
:102A8000AA894D447DC18344190083472900A204CB
:102A9000C207BE9483470900BE9483473900E2070A
:102AA000BE9483278A0263E697007D5709446399A1
:102AB000E70A63070C0083474A000544898BCDC3AE
:102AC000930C4B00214681450A85C20C97E0FD1FFF
:102AD000E780C01993DC0C0193053005668597F0FB
:102AE000FD1FE780E0D32A8C4D443DC95A86D68528
:102AF000110597E0FD1FE780A0201146CA85628579
:102B000097E0FD1FE780C01F414693058A014E856F
:102B100097E0FD1FE780C01E21478A866686E28512
:102B20004E85EF20A01F2A841DE521468A852800B6
:102B300097E0FD1FE780C01C21469305490028004F
:102B400097E0FD1FE780E0168547631EF502A68526
:102B50005E85EF708FE0628597F0FD1FE78060DB98
:102B60004E8597F0FD1FE780C0DA2285F25062544F
:102B7000D2544259B259225A925A025BF24B624CD9
:102B8000D24C216182800544F9B779719397050190
:102B900022D406D626D24AD04ECEC1872E8463D503
:102BA00007041725FE1F03459569EF40BFA02AC6FD
:102BB00005C1EFF07F9DB24509E91725FE1F0345CA
:102BC00005689307F00F631EF5002E85EF407F9296
:102BD0002165218DB250225492540259F249456127
:102BE0008280EF40BFA5EDB793F7150091C7EFF0D6
:102BF0006FA313451400F9BFA1E10145E1BF8504AE
:102C000093F4F40FEFE09FC9E3F9A4FE3395990024
:102C10001319050113590901B3772401EDD34A852E
:102C2000EFE0DFF1C167FD176305F500DD45EFF06B
:102C30002F963345240179BF85448549E1B797270D
:102C4000FE1F23A5075E9727FE1F23A9075C972772
:102C5000FE1F23A3075C9727FE1F9387675D170757
:102C600000001307276298C31707000013072732D5
:102C7000D8C317F7FFFF1307070098C79727FE1F52
:102C80009387075A171700001307A75A98C31717F7
:102C9000000013074710D8C3171700001307073E9B
:102CA00098C782809727FE1F83C78759A18B172754
:102CB000FE1F1307E75791E301479727FE1F23AF36
:102CC000E754014582809727FE1F83C76757918B82
:102CD0001727FE1F1307C75491E301479727FE1FCD
:102CE00023ACE75201458280011106CE2AC6EFF0DF
:102CF0001FF5324599459727FE1FA382A754EFD0B1
:102D00006FB2F24017F5FFFF1305C50E05616FE0C6
:102D10009FB91C5581C7A1473E858280011122CCF5
:102D200026CA2A84AE84130500049305300506CE16
:102D300097F0FD1FE780C0AE08D4630505101306A9
:102D40000004A68597E0FD1FE78020EB78548347B9
:102D5000270193F68700638E0610145483C626005D
:102D6000A18A6388061083270408E9EF93053005DC
:102D70001305001097F0FD1FE78080AA2320A40808
:102D80008D4771C1A3020400785483C714008346A1
:102D9000170081EF81EE83C72400918BDDEB834721
:102DA0002701918BDDE7854711A889C62147A3023A
:102DB000E40099C78347540093E70701A302F40096
:102DC0006C5483C72501858B91CF1C54054783C75D
:102DD00027008D8B6398E7008347640093E7170013
:102DE0002303F4008327040899C78347640093E70B
:102DF00087002303F4008347540005476398E70CDA
:102E00009304840041468145268597E0FD1FE780B5
:102E1000E0E5414681451305840197E0FD1FE78009
:102E2000E0E41306C4033285C14532C6EF60CFC16A
:102E3000832704083246BDC72285EF005040930720
:102E4000000525CDA147F2406244D2443E8505618C
:102E5000828083C704008346070015473387E70253
:102E6000978701009387071FBA97B69783C7070014
:102E7000B1B783C6140091C68346170099C2E147D3
:102E800035BF83C62400D58F918B91DF83C70400A3
:102E90008346070015473387E7029787010093872A
:102EA000A719D9B722859306C402A685EFF08FA390
:102EB0002285EF00503259F5C14703550400A301A4
:102EC000F4008145EF702F948147B5BF13F7870158
:102ED00049C3C18B930484004146A9CB890526854B
:102EE00097E0FD1FE78060D14146814513058401CD
:102EF00097E0FD1FE78080D7834764001306C40373
:102F0000328593E747002303F400C14532C6EF60E2
:102F1000AFB38327040832468DC32285EF003032D9
:102F20009307200505F1A301F40079BF81452685AB
:102F300097E0FD1FE78080D345BF9306C402A685B6
:102F40002285EFF02F9A2285EF00F028CD4761DD32
:102F5000D5BD094785456388E70093F7D70F11472B
:102F60006397E700894503550400EF70CF898347D5
:102F7000640093E747002303F4008327040881C714
:102F8000930710054DB7C54779BF83472500638474
:102F90000726797122D406D626D24AD08347350037
:102FA000130750052A846390E70803497500130648
:102FB000C503C14593573900AA97328583C487005A
:102FC00032C6EF606FA89727FE1F938727319C4377
:102FD000A9C79C47B9C30325040893767900B3D6E3
:102FE000D4403246858A93050504180893E60608FE
:102FF0001305050882971375F50F05E141460C0886
:103000001305C40297E0FD1FE78020BF2285EF0073
:10301000901C93076005A301F400B250225492540F
:10302000025945618280130710026395E7021C551F
:103030000327050883D7470069EB13F7071071C70B
:103040007855035747011377071061C39307700240
:10305000A301F4008347340013077002639FE70C59
:103060003C5885E393053005714597E0FD1FE780E7
:10307000207B28D819C57146814597E0FD1FE78060
:10308000E0BE2458B9C883C7A40191E72285EFF0B8
:10309000AF90238DA40028588145414697E0FD1F3D
:1030A000E780C0BC28583D478345A5019387F5FFBD
:1030B00093F7F70F6364F700EF600F99EF400FF39A
:1030C0003C58A1452398A70013852701EF60CF97AF
:1030D0002C5803550400EF00D0419307800203559C
:1030E0000400A301F400EFE06FE1414611C58357EE
:1030F000E50013D617003E96060685451725FE1FE8
:103100000345F513EF40BFAE09BF13F7072011CBFE
:103110007854035747011377072001C7930790029C
:1031200005BF93F707409DD77C5483D7470193F79A
:1031300007408DD39307B00221BF13078002639B22
:10314000E7023C5889CB83D5070103550400138659
:103150002701EF00903F1C5483D7470013F7072047
:103160002DC37854035747011377072039CB9307B2
:103170009002B5B713079002639CE700EF608FBE23
:10318000AA8503550400EF00503B9307A00281BFBE
:103190001307A0026393E704EF602FBCAA8585475D
:1031A00001456384F500814505452EC6EF60AFB843
:1031B0002A86B24503550400EF00B0341C5483D76F
:1031C000470093F707408DC77C5483D7470193F797
:1031D000074099CF9307B00219B71307B00263995C
:1031E000E700EF60EFB8AA8503550400EF007039DF
:1031F0009307F0020DB58280411122C4405926C2C6
:1032000006C67C54AA8483D7470113F7071019C751
:10321000185403574700137707101DE313F70720CF
:1032200019C71854035747001377072011EB93F77A
:1032300007408DCF1C5483D7470093F707409DC7A5
:1032400093071002A301F4002285EFF01FD4034777
:1032500034009307F0026310F702224403D52400E0
:10326000B2409244814541016FE09FB29307F00262
:10327000A301F400DDB7B2402244924441018280B0
:10328000397122DC405926DA4AD84ED606DEAA89A0
:10329000AE8432896304043E03552500835704003D
:1032A0006384A700A14429A08347240091EB9D4497
:1032B000F250625426854259D254B259216182801B
:1032C0009387E5FF93F7F70F2D47E362F7FE178724
:1032D00001001307E7D98A07BA979C43BA978287F8
:1032E000B2852285EFF0FFA2AA84D9B74146CA85EC
:1032F0001305C40497E0FD1FE78020902285312745
:10330000AA8411C1A1448347340013074005639781
:10331000E70093079005A301F40059BF1307600568
:103320006395E7009307A005FDB7D147EDB7930973
:10333000C4054E854146CA8597E0FD1FE780E08BB6
:10334000032504085DC9834734001307900563997A
:10335000E7002285B9279307E005A301F40061A8DF
:103360001307A0056395E7088347740013D7370058
:103370002297834687009D8BB3D6F6409727FE1F82
:103380009387C7F59C43858A93E606F893F6F60F74
:1033900091DB9C4781DB9305050818084E861305D1
:1033A000050482979374F50FE39E04EE41460C08E2
:1033B0001305C40497E0FD1FE780A08F83477400C6
:1033C0004D47850793F7F70FA303F4006377F700E2
:1033D0002285C12D9307E0053DBF85451725FE1FBA
:1033E0000345F5E5EF408FE0930750052DB7130730
:1033F000C005E380E7F6814465BD130984004E866D
:10340000CA8522851408EFE0FFCD41469305C40428
:10341000080897E0FD1FE780C089E30B05E88A866E
:103420001306C403CE854A85EF10F00515E1228509
:10343000EFE09FD69727FE1F938787DF2A879C4759
:1034400003550400814601468A858297AA8411C1EA
:10345000A14493072002C1B583450600EFE05F93C6
:1034600059BF0347340093072002E312F7E47C5866
:1034700089EB93053005714597E0FD1FE780403AE1
:1034800068D86858E30505E24146CA8597D0FD1F14
:10349000E780A07664582285EFE01FD0238DA4003A
:1034A000930730025DBD0347340093073002E310F9
:1034B000F7E0835706006858214693052900231832
:1034C000F500490597D0FD1FE78020737C5483D712
:1034D000470113F7270035CB185403574700098BD2
:1034E0002DC79307400295BD034734009307400260
:1034F000E31FF7DA3C5C81EB85455D4597E0FD1FF6
:10350000E780003228DC285CE30705EE83470900EA
:103510004146CA85230BF50097D0FD1FE780E06D7B
:10352000930750021DBD0347340093075002E31078
:10353000F7D8285C194693051900410597D0FD1F5F
:10354000E780A06B7C5483D74701918B9DCF1C549F
:1035500083D74700918B95CB93076002FDBB7C5CC2
:1035600089EB93053005514597E0FD1FE780402B1F
:1035700068DC685CE30805D24146CA8597D0FD1F28
:10358000E780A0677C5C7D5798CB4E85EFF0DFC667
:103590009DB50325040813060004CA851305050418
:1035A00097D0FD1FE78060652285EFE0DFAF83479E
:1035B0003400130700056395E7009307400571BBCE
:1035C00013071005639CE70085451725FE1F03457B
:1035D00015C7EF40AFC19307500541B3130720054E
:1035E000E39BE7E09727FE1F938747CF9C43E38B3E
:1035F00007CA9C47E38807CA83250408930484000C
:10360000180893850508814626862E8582970355DE
:1036100004001008A685EF60FFA79307B00535BB2F
:10362000034734009307E005E313F7C88325040834
:1036300041464A8597D0FD1FE780A067AD44E30966
:1036400005C6032504084146CA8597D0FD1FE780BB
:10365000C05A2285EFE05FB49727FE1F938747BDCE
:103660002A879C472C5803550400814601468297BF
:10367000AA8411C1A1449307100271B9AD47E39C1C
:10368000F5D68346060083552500130665000345DD
:103690000500EF60CFA385B3894761C2DDCD23006C
:1036A000A60083C70500A300F60083C71500230109
:1036B000F60083C72500A301F60083C73500A302E7
:1036C00006002302F60083D74500A183858BA30261
:1036D000F60003D745001377072009C793E72700B3
:1036E000A302F60083D7450093F7074099C78347A5
:1036F000560093E74700A302F60083D745001397CF
:103700004701635807008347560093E78700A302E9
:10371000F6002303060083C74500858B2303F600CC
:1037200003D74500098B09C793E727002303F60059
:1037300083D74500918B99C78347660093E747007D
:103740002303F60003D745008147218B19C70347A0
:103750006600136787002303E6003E8582802E867D
:10376000AA8505456FF05FF32E86AA8509456FF09F
:10377000BFF289478DC505C5411106C6AE870D4705
:10378000AA852380E70013851700414697D0FD1FC7
:10379000E780A046B24081473E85410182803E8558
:1037A000828089478DC505C5411106C6AE87114780
:1037B000AA852380E70013851700414697D0FD1F97
:1037C000E780A043B24081473E85410182803E852B
:1037D000828089478DC505C5411106C6AE87194748
:1037E000AA852380E70013851700414697D0FD1F67
:1037F000E780A040B24081473E85410182803E85FE
:10380000828089479DCD15CD411106C61D47238075
:10381000E50003570500AE872146A380E500035766
:10382000050021832381E5009305250013853700DA
:1038300097D0FD1FE780603CB24081473E85410143
:1038400082803E85828089478DC505C5411106C6A7
:10385000AE872147AA852380E700138517004146DC
:1038600097D0FD1FE7806039B24081473E85410116
:1038700082803E858280894795C90DC9411106C65F
:1038800025472380E50003470500AE871946A3803E
:10389000E500930515001385270097D0FD1FE780ED
:1038A000C035B24081473E85410182803E8582809D
:1038B00089478DC505C5411106C6AE872947AA852A
:1038C0002380E70013851700414697D0FD1FE7804E
:1038D000C032B24081473E85410182803E85828070
:1038E000894795C50DC5411106C6AE873147AA85E2
:1038F0002380E700138517001306000497D0FD1FEF
:10390000E780A02FB24081473E85410182803E85FD
:10391000828089478DC505C5411106C6AE873547EA
:10392000AA852380E70013851700414697D0FD1F25
:10393000E780A02CB24081473E85410182803E85D0
:103940008280894791C909C995472380F50083473B
:103950000500A380F50081473E858280894791C993
:1039600009C9AD472380F50083470500A380F50012
:1039700081473E85828015C55D718A8586C6A2C451
:103980002A84EFE0EFEC035504000A869706000056
:10399000938626DD9D45EFE06FDEB64026446161EB
:1039A00082800545828015C55D718A8586C6A2C460
:1039B0002A84EFE0EFE9035504000A869706000029
:1039C0009386C6DA9D45EFE06FDBB6402644616121
:1039D0008280054582805D71A2C49305C5022A8458
:1039E00041460A8586C697D0FD1FE7800021035512
:1039F00004000A86970600009386E6D7C545EFE0E7
:103A0000EFD7B6402644616182805D71A2C4930500
:103A1000C5032A8441460A8586C697D0FD1FE780E4
:103A2000C01D035504000A86970600009386A6D79A
:103A3000C545EFE0AFD4B640264461618280972748
:103A4000FE1F9387A7899C43B1CB9C435D71A2C4A1
:103A500086C62A841305E00F95CF03250408930535
:103A6000050C130505088297832504081306000436
:103A70000A859385050897D0FD1FE7800018035538
:103A80000400970600009386E6E50A869305100475
:103A9000EFE0CFCEB6402644616182801305E00F8F
:103AA0008280317122DD2A840355050026DB06DF82
:103AB0004AD94ED752D556D35AD15ECF62CDEFD028
:103AC000FFC33C58AA8489EB93053005714597E004
:103AD000FD1FE780E0D428D82858CD471DC971467E
:103AE000814597D0FD1FE7806018032904072285D0
:103AF000EFE08FEA230DA900834724001719FE1F6A
:103B00001309C97D638A07128327090085E3930798
:103B1000E00FFA506A54DA544A59BA592A5A9A5A52
:103B20000A5BFA4B6A4C3E852961828083AB0701B0
:103B3000E38F0BFC032B0408EF503FA22A8C0145B6
:103B4000EF507F9F83C754003858130B0B02930923
:103B5000C403130AC405938A64003AC0B337F00063
:103B60002A87930801045688B33680015286CE8591
:103B70005A85829B1C5403C727002307E10203C711
:103B80001700A306E10283C707002306F10283277B
:103B90000900B5DF03AB4701E30B0BF683C7540005
:103BA000B337F0003ECEEF505F9BAA8B0145EF503C
:103BB0009F9803270408F2472AC03AC2B33870011D
:103BC00056887810930684004E86D2858800029B22
:103BD0007C5403C727012305E10203C71700A30490
:103BE000E10283C707002304F1028327090003A928
:103BF0004701EF509F962A8B0145EF50DF9383C812
:103C000054009C082A883EC2B3381001B3376001C3
:103C10003810930684015286CE8556C088000299DA
:103C200003550400970600009386E6CE9008C5452C
:103C3000EFE0CFB4AA87F1BD83C654008327090003
:103C4000032B0408B336D00083AB070136CEEF5008
:103C5000DF902A8C0145EF501F8E3C58F246130B23
:103C60000B02130AC4059309C403938A64002A88CB
:103C7000930801044E86D2853EC05687B337800133
:103C80005A85829B1C54130B010303C7270023078B
:103C9000E10203C71700A306E10283C7070023065A
:103CA000F1028327090083AB470183C75400B33770
:103CB000F0003ECEEF507F8A2A8C0145EF50BF873F
:103CC000F2472AC0B33880015688781093068400E2
:103CD0004E86D2855AC28800829B832504084146BD
:103CE0005A8597D0FD1FE780C0FCAD47E31205EE73
:103CF0000DB52E86970600009386E6ADC5456FE0AC
:103D0000EFA75D71B287A2C42300B1002A84BE85EB
:103D100013051100194686C697D0FD1FE780E0ED18
:103D20000A86228597060000938626B5A145EFE016
:103D3000EFA4B6402644616182802E86970600007B
:103D40009386A6B0C5456FE06FA35D71B287A2C42C
:103D50002310B1002A84BE8513052100214686C6A2
:103D600097D0FD1FE78060E90A862285970600004C
:103D7000938666A9AD45EFE06FA0B6402644616129
:103D800082802E86970600009386C6B2C5456FE0F6
:103D9000EF9E797122D406D626D2834735001307C9
:103DA00030052A846385E708130750056397E70801
:103DB0009307A005A301F50083477500C14513D7FC
:103DC00037002A97834687009D8B1305C503B3D61A
:103DD000F640858A93E606F893F6F60F36C6EF505E
:103DE000AFC6B2469717FE1F9387474F9C439DCBA4
:103DF0009C478DCB0325040818081306C4039305BC
:103E000005041305050882971375F50F01ED1305D9
:103E1000C40241460C0897D0FD1FE78000DE2285D2
:103E2000EFF07FBBB25022549254456182809307D9
:103E30009005A301F500814675B71307100263963C
:103E4000E7027C550327050883D747016316070E51
:103E500013F717006302070E185503574700058B29
:103E600061CF93072002A301F400834734001307B6
:103E70002002639DE70E3C5889EB930530057145A0
:103E800097E0FD1FE780C09928D82458C9C0228533
:103E9000EFE08FB0238DA40028588145414697D08C
:103EA000FD1FE780A0DC28583D478345A501938787
:103EB000F5FF93F7F70F636DF7029717FE1F83C7A0
:103EC000E742D5C341468145080897D0FD1FE780EA
:103ED000E0D919469715FE1F9385C521080897D08C
:103EE000FD1FE78080D130580C082E85EF40201C44
:103EF000EF30DF8F3C58A1452398A7001385270199
:103F0000EF508FB42C5803550400EFF09FDE930759
:103F1000300203550400A301F400EFD02FFE414608
:103F200019C10356E500060685451715FE1F034512
:103F30001531EF30DFCBFDB513F7270009CB18544F
:103F400003574700098B01C79307400229BF918B94
:103F5000E38D07F01C5483D74700918BE38707F06C
:103F60009307600209B7EF502FAE59B7130730021D
:103F7000639AE7023C5889CB83D5070103550400B7
:103F800013862701EFF07FDC7C5483D7470113F7BA
:103F9000270021CF185403574700098B39C79307CF
:103FA000400285BF13074002639CE700EF508FDBA0
:103FB000AA8503550400EFF05FD89307500291BF24
:103FC000130750026390E704EF502FD90DE98145A4
:103FD00005452EC6EF502FD62A86B245035504005C
:103FE000EFF03FD27C5483D74701918B9DC71C547F
:103FF00083D74700918B95C39307600219BF85450E
:104000000145C1BF130760026399E700EF504FD627
:10401000AA8503550400EFF0DFD67C54032704087B
:1040200083D7470119EF13F7071001CF185403572F
:1040300047001377071011C793077002A301F4001C
:10404000D5B313F7072011CB185403574700137744
:10405000072001C793079002D5B793F7074091CB8C
:104060001C5483D7470093F7074081C79307B002DA
:10407000F1B79307F002D9B7397122DC26DA4ED6B0
:1040800052D406DE4AD8AE89328AAA84EFD00FE72E
:104090004059414681450A8597D0FD1FE78000BD04
:1040A00025C8035904006315990603473400930794
:1040B0001002631FF7028327040899CF2C58A9C95F
:1040C0004A85EF10B0180545F2506254D254425957
:1040D000B259225A216182808A861306C40593054B
:1040E000C40313058400EF00103A1DE18A85C9BF9F
:1040F0002C5899CD83D70501639C47012146C905FA
:104100004E8597D0FD1FE780C0BA19C12C584DBF0E
:104110002685EFD0AFDE2A8405455DD44C54B9C561
:1041200083D70501639447052146C9054E8597D07D
:10413000FD1FE78000B88547631AF50283C7318603
:1041400091C74C5483C7B501639EA70CBD45268516
:10415000EF10900A9717FE1F938707F29C5B0145AB
:10416000A5D71D45894582970145B9BF9717FE1F01
:104170009387D71703C707009719FE1F9389C9EFC5
:104180003E89058B31C3034754009717FE1F83C731
:104190002715631BF70219469715FE1F93855514C3
:1041A0001305640097D0FD1FE780A0B08547631D0D
:1041B000F50083A7090381C791451D458297BD4539
:1041C0002685EF10700301B71717FE1F034707126C
:1041D00083A7090331CB03470900098B09CB81C7AA
:1041E00095451D4582972685EF109006E9BD81C74C
:1041F0008D451D45829741468145080897D0FD1F92
:10420000E780C0A619469715FE1F9385A5EE0808FE
:1042100097D0FD1FE780609E0C082E850A86EF3040
:1042200010698A85268571BD8545C5FF6DBF797189
:1042300022D440594AD04ECE52CC06D626D2AA8994
:104240002E8A32896300046C0355250083570400CD
:10425000638CA700A144B25022542685025992547F
:10426000F249624A456182808344240099C09D449A
:10427000DDB79387F5FF93F7F70F3147E369F7FE53
:10428000177701001307C7E18A07BA979C43BA97CB
:1042900082871C54E1F3930530051305000497D081
:1042A000FD1FE780E05708D455D503470900914723
:1042B00063F4E7008D4445B7034719008547E3EBF6
:1042C000E7FE13060004CA8597D0FD1FE780E09241
:1042D0000C547054A3020400D4415C4A858AFD8EBC
:1042E00083574601F99BD58F231AF600D841544ACB
:1042F000F59B0583058B8582F98E8606DD8E231A54
:10430000D600DC41584AED9A8983858B09837D8FDD
:104310000A07558F231AE600D4415C4A5D9B8D82C3
:10432000858A8D83F58F8E07D98F231AF600D841A1
:10433000544A93F7F7EF2183058BA182F98EA206E9
:10434000DD8E231AD600DC41584AA583858B258350
:104350007D8F9317970013F7F6DF5D8F231AE60022
:10436000D4415C4AA982858AA983F58F9396A700D8
:104370009377F7BFD58F231AF600D441584AAD8200
:10438000858A2D83758FFD769386F67F2E07F58FB0
:10439000D98F231AF6008347260103250408A18B31
:1043A0006387071083C72500A18B63820710E3137F
:1043B00005EA930530051305001097D0FD1FE7802F
:1043C00020462320A408E30705EE7C54A302040042
:1043D0000347190083C6170089EA45C38347540081
:1043E00093E70701A302F40029A0A147A302F40068
:1043F00075F72285EFF02FDB6C5483C72501858B81
:1044000081CF1C5483C727008D8B99C783476400D5
:1044100093E717002303F4008327040899C7834711
:10442000640093E787002303F400834754000547A3
:104430006393E70C414681451305840097D0FD1F27
:10444000E780C082414681451305840197D0FD1F56
:10445000E780C081C1451305C403EF40FFDE032799
:1044600004089307000511E3C14703550400A301A5
:10447000F4008145EF503FB9F9BB03C72701118B09
:1044800019E703472900118B19E38547A1BF83C7AB
:1044900007008346090015473387E7029777010035
:1044A000938747BBBA97B69783C7070025BF19C53F
:1044B00097D0FD1FE780E045232004087C5403C704
:1044C000170011C70347190019C3E14721BF03C7EC
:1044D0002701118B09E703472900118B5DD783C79B
:1044E00007001547834609003387E70297770100E5
:1044F000938787B445BF13F7870131CFC18B13056D
:1045000084004146A9C3890597C0FD1FE780E06E7E
:10451000414681451305840197C0FD1FE780007562
:1045200083476400C1451305C40393E74700230391
:10453000F400EF407FD18327040881CF9307200543
:10454000A301F40009BB814597C0FD1FE7800072FD
:10455000C1B7CD47F5B7094789456386E7001147DD
:104560006398E700854503550400EF50DFA921A0BB
:104570001947E389E7FE8347640093E74700230375
:10458000F4008327040881C79307100555BFC5476A
:1045900045BF4146CA851305C40497C0FD1FE78087
:1045A000C0658347340013076005639CE7008545B9
:1045B0001715FE1F0345B5C8EF304FC393075005CD
:1045C00041B745476383E7029306C4021306C40359
:1045D000930584002285EFD0FFB02285EFF0AFBFB6
:1045E000AA8411C1A144D147A1BFC94791BF930972
:1045F000C4054E854146CA8597C0FD1FE780E05F30
:104600000325040871CD8347340013079005639890
:10461000E7002285EFF06FBF9307E00515B713079A
:10462000A005639FE7069717FE1F938727CB9C4340
:10463000E38F07C203A88700E30B08C28347740017
:10464000930505084E8613D73700229783468700C7
:104650009D8B0A87B3D6F640858A93E60608130534
:104660000504029841468A851305C40497C0FD1FBE
:10467000E780206411E1D2842285EFF00FB98347EF
:104680007400CD461307E005850793F7F70FA303E2
:10469000F40063E4F60013076005A301E40065BEBF
:1046A0001307C005E399E7BA9717FE1F938707C35F
:1046B0009C43E38E07BA9C47E38B07BA9305050832
:1046C000130984000A8781464A862E8582970355FE
:1046D00004000A86CA85EF50FF9B9307B0058DB58D
:1046E0008A864E86930584002285EFD0BF9F41467F
:1046F0009305C4040A8597C0FD1FE780805B85474A
:10470000D284E31AF5B42285EFF02FB0AA84E31324
:1047100005B4930710022DB50347340093077002C8
:10472000E317F7B47C5889EB93053005714597D0B2
:10473000FD1FE780E00E68D86858E30A05B2CA8515
:10474000414697C0FD1FE780404B0329440722855F
:10475000EFD09FA4230DA90093078002D5B3034790
:10476000340093078002E314F7B0835706006858BB
:104770002146930529002318F500490597C0FD1F20
:10478000E780A0477C5483D7470113F7072025CF44
:104790001854035747001377072035C79307900233
:1047A00045B30347340093079002E312F7AC3C5C37
:1047B00089EB930530055D4597D0FD1FE7804006E6
:1047C00028DC285CE30505AA4146CA8597C0FD1F81
:1047D000E780A0429307A002A5B3034734009307E4
:1047E000A002E316F7A883470600285C1946930544
:1047F0001900230BF500410597C0FD1FE780E03F3E
:104800007C5483D7470193F70740B1C71C5483D723
:10481000470093F70740A1C39307B00215B30347BE
:1048200034009307B002E314F7A47C5C89EB930592
:104830003005514597D0FD1FE78080FE68DC685C3D
:10484000E30A05A04146CA8597C0FD1FE780E03A0C
:104850007C5C7D5798CB03D529008145EFD04FD3A1
:10486000DDBA034734009307F004E3F5E79E032520
:104870000408E301059E13060004CA851305050418
:1048800097C0FD1FE78060372285EFF04F9BAA8419
:104890002285EFD05F818347340013070005639FB3
:1048A000E70003D6E90085451715FE1F0345359936
:1048B0000606EF30CFB39307300559B11307100543
:1048C0006395E70093076005A5B913072005E394F6
:1048D000E7989307C005ADB1034734009307E0059F
:1048E000E31AF796032504084146CA8597C0FD1FC1
:1048F000E780A0302285EFF0CF9AAA8419BD8345C6
:104900000600A9BF85478144E397F5940328460034
:10491000834736000347260083461600835525004B
:10492000034606000145EF403FF135B28147C146DD
:104930003307F500B388F5000347070083C8080074
:104940003308F6008507334717012300E800E39199
:10495000D7FE82800147BD471308F00F3306F500EC
:1049600083460600B388F500FD178606558F238021
:10497000E8000347060093F7F70F1D83E39007FF56
:1049800082808147930800F8414893F6F70F3387F8
:10499000F50063FCC600B306F50083C606002300DD
:1049A000D7008507E39307FF82806395C600230045
:1049B0001701C5BF23000700EDB701114AC856C251
:1049C0002E89AA8A93053005414506CE22CC26CAF7
:1049D0004EC652C4328A97D0FD1FE78060E4AA8495
:1049E00093053005414597D0FD1FE78060E32A8499
:1049F000CD49A5C431CD4146814597C0FD1FE78013
:104A0000E0262686A2855685EF30606AAA8929E1CC
:104A10008387040063D30706A2852685EFF09FF302
:104A20004A86976501009385E56A2285EFF01FF0BD
:104A30008307090063D80704A2854A85EFF09FF138
:104A40005286976501009385E5682285EFF01FEE99
:104A5000268597D0FD1FE780C0EB11C4228597D033
:104A6000FD1FE78000EBF24062444E85D24442498C
:104A7000B249224A924A05618280CA852685EFF0B2
:104A80007FED7DB7D2854A85EFF0DFECD1B7814766
:104A90004146B306F5003387F5000347070003C816
:104AA00006008507334707012380E600E393C7FE2E
:104AB0008280011126CA4EC6AE84AA8993053005AC
:104AC000130500034AC806CE22CC328997D0FD1FB9
:104AD000E78000D52DC51306000381452A8497C0C1
:104AE000FD1FE780A0184146CE85228597C0FD1F97
:104AF000E7800021A6850D461305D40197C0FD1F50
:104B0000E780002013060402930504012285EF309C
:104B1000005AAA840D469305D4024A8597C0FD1F0A
:104B2000E780001E228597D0FD1FE78080DEF240DF
:104B3000624426854249D244B24905618280CD440F
:104B4000FDB75D714EDE62D4AE892A8C93053005C7
:104B500013050003A6C2CAC052DC56DA5AD85ED684
:104B600086C6A2C4B28B368BBA84BE8A4289468A74
:104B700097D0FD1FE780C0CA630505101306000328
:104B800081452A8497C0FD1FE780400E4146E2859B
:104B9000228597C0FD1FE780A016414681450A8502
:104BA00097C0FD1FE780800C1D46DE850A8597C0F3
:104BB000FD1FE780E0141D46DA851305710097C0DC
:104BC000FD1FE780E01333392001B33490004146E4
:104BD0008145080823072101A307910097C0FD1F05
:104BE000E780C0081946D685480897C0FD1FE780B2
:104BF00020111946D2851305A10197C0FD1FE7803A
:104C00002010930404014146CE85268597C0FD1FE0
:104C1000E780000F8A852685EFF07FE7930904027D
:104C20004E86A6852285EF3080482A890DE94146C7
:104C3000CE85268597C0FD1FE78020FC0C082685C1
:104C4000EFF0FFE44E86A6852285EF3040462A89A4
:104C500046454146CE8597C0FD1FE780600A228504
:104C600097D0FD1FE780E0CAB64026444A859644A7
:104C70000649F259625AD25A425BB25B225C6161C8
:104C800082804D49D5B7011126CA52C4AA842E8A02
:104C900013050003930530054AC84EC606CE22CC44
:104CA0003289B68997D0FD1FE78080B735C52A8441
:104CB000A685414697C0FD1FE78080049304040148
:104CC0002146D285268597C0FD1FE7806003CA85EF
:104CD00021461305840197C0FD1FE7806002130978
:104CE0000402A6854A862285EF30603CAA844146AC
:104CF000CA854E8597C0FD1FE7808000228597D02A
:104D0000FD1FE78000C1F240624426854249D2443B
:104D1000B249224A05618280CD44F5B739715AD033
:104D20005ECE2A8BAE8B41459305300506DE26DA32
:104D300052D456D262CC66CA6AC8368C328DBA8CCE
:104D400022DC4AD84ED697D0FD1FE78060ADAA8AF4
:104D500093053005414597D0FD1FE78060AC2A8A56
:104D6000CD44638E0A0859C52A86D6855A85EFF048
:104D7000DFC4AA8441E193053005414597D0FD1F6A
:104D8000E78000AA2A8993053005414597D0FD1F89
:104D9000E78000A9AA89630A090E6306050E1304B9
:104DA000FD0011841376FD0049C07D14420441804A
:104DB00035EE131544004E86D6855E95EFF01FB78D
:104DC000414681454A8597C0FD1FE78020EA014D95
:104DD00093170D01C18363F48708BDC04A8597D03E
:104DE000FD1FE78000B3638709004E8597D0FD1F44
:104DF000E78020B2568597D0FD1FE78080B163071A
:104E00000A00528597D0FD1FE780A0B0F25062548F
:104E100026854259D254B259225A925A025BF24B19
:104E2000624CD24C424D21618280014413154400F2
:104E30008A855E95EFF0FFB44E86D2850A85BDBFA8
:104E400093154D000A86DE954A85EFF03FAE4A86FF
:104E50008A855A85EF30A025AA84050D95BFBDFC33
:104E60000A86CE854A85EFF07FAC4A868A855A85C8
:104E7000EF30E023AA846686CA85628597C0FD1F4D
:104E8000E780A0D7A1BFCD4491BFCD44A9BF397160
:104E900062CC2A8C594526DA4AD84ED652D456D2FC
:104EA0005AD05ECE06DE22DCAE8B328BB68A3AC694
:104EB0003E8AC289468983440104EF20AFE849C194
:104EC0009167938717E92310F50085472301F500C3
:104ED0002A8432472105630C0C0493071003A301B5
:104EE000F4001946814597C0FD1FE78020D82303B1
:104EF0006401A3035401230A9400231274012317AD
:104F000044012318340123192401A2856254F2506C
:104F1000D2544259B259225A925A025BF24B624C15
:104F20001705FE1F0345853121616F202FF1A30175
:104F300004001946BA8597C0FD1FE78000CC45BF25
:104F4000F2506254D2544259B259225A925A025BD8
:104F5000F24B624C21618280011122CC2A843145BE
:104F600006CE2EC632C436C23AC0EF20AFDD29C10C
:104F70009167938717E92310F5008D472301F5000A
:104F8000A3018500B2452246924602476244F240A0
:104F90002312B5002313C5002314D5002315E50003
:104FA000AA851705FE1F0345652905616F200FE9D6
:104FB000F24062440561828001114AC82A8939455C
:104FC00026CA06CE22CC2EC6B284EF20AFD731C17E
:104FD000B2459167938727E92310F5009147A30114
:104FE00025012312B5002A842301F500A6851905A1
:104FF000214697C0FD1FE78040C0A2856244F24071
:10500000D24442491705FE1F0345452305616F2021
:10501000EFE2F2406244D2444249056182800111CC
:105020004AC82A89414526CA06CE22CC2EC6B28459
:10503000EF204FD129C19167B245938727E923100B
:10504000F50095472A84231225012301F500214606
:10505000190597C0FD1FE78040BAA2852317940069
:105060006244F240D24442491705FE1F0345351DF4
:1050700005616F20AFDCF2406244D24442490561D1
:105080008280011122CC2A84394506CE2EC632C434
:1050900036C23AC0EF200FCB29C19167938717E939
:1050A0002310F50099472301F500B24522469246A8
:1050B0000247231285006244F2402313B5002314F3
:1050C000C5002315D5002316E500AA851705FE1F88
:1050D0000345C51605616F206FD6F2406244056135
:1050E0008280797122D406D62A842EC632C436C272
:1050F0003AC0EFC0AFE01DC1B2452246924602471A
:10510000231CB100231DC1002C081306F00F2285BB
:10511000231ED100231FE100EFC00FCDB250225457
:1051200045618280011122CC2A84394506CE2EC6E3
:1051300032C436C23AC0EF20EFC029C191679387CD
:1051400017E92310F5009D472301F500B2452246DB
:1051500092460247231285006244F2402313B500B1
:105160002314C5002315D5002316E500AA851705CD
:10517000FE1F0345A50C05616F204FCCF240624431
:10518000056182805D712AC613052002CAC04EDE09
:1051900052DC56DA5AD85ED662D466D26AD086C657
:1051A000A2C4A6C26ECE2E8CB28B368B3AC43E8D74
:1051B000C28CC68A035A01058359410503498105FA
:1051C000EF204FB869C591663243938616E9A94727
:1051D0002A842310D5002301F500930DE400210556
:1051E000930444012247630D030693071003A301B0
:1051F000F4001946814597C0FD1FE78020A7194696
:1052000081456E8597C0FD1FE78040A61946814500
:10521000268597C0FD1FE78060A523037401A303C3
:1052200064012300240323128401231D5401231E3F
:105230004401231F3401A2852644B6409644064902
:10524000F259625AD25A425BB25B225C925C025DB6
:10525000F24D1705FE1F034565FE61616F200FBE0D
:10526000BA85A3010400194697C0FD1FE780E098A6
:10527000EA856E85194697C0FD1FE780009819469C
:10528000E685268597C0FD1FE780209779B7B64051
:10529000264496440649F259625AD25A425BB25B9E
:1052A000225C925C025DF24D61618280011122CC30
:1052B0002A84214506CE2EC632C436C2EF208FA8DE
:1052C00015CD224692469167938717E92310F50082
:1052D000B1472301F500A3018500B2452303C500B2
:1052E000A303D5006244F2402312B500AA85170536
:1052F000FE1F0345A5F405616F204FB4F2406244E0
:1053000005618280411126C2AA84514506C622C485
:10531000EF204FA349C19167938717E92310F50048
:10532000B9472301F50083C714002A8493856400DC
:10533000A301F50083C7340003C724002105A20799
:10534000D98F231EF5FE83C744001946230FF5FEAF
:1053500083C75400A30FF5FE97C0FD1FE780E089C7
:1053600083C7C400A2851705FE1F034525ED23074B
:10537000F40083C7E40003C7D400A207D98F231821
:10538000F40083C7F4002309F4002244B24092449D
:1053900041016F20AFAAB240224492444101828071
:1053A000411122C42A84194506C6EF20AF990DC5C4
:1053B0009167938717E92310F500C1472301F50092
:1053C000231285002244B240AA851705FE1F03451B
:1053D000E5E641016F208FA6B24022444101828060
:1053E00041110D4506C6EF20EF950DC5930710F945
:1053F0002300F5009307E003A300F500C547230150
:10540000F500B240AA851705FE1F034525E34101BB
:105410006F20CFA2B24041018280011122CC2A84A8
:10542000294506CE2EC632C436C2EF20AF9115CD27
:10543000B24592469167938717E92310F500C94753
:105440002302B5002301F500A30185002304D50044
:1054500022466244F2402313C500AA851705FE1FA9
:105460000345C5DD05616F206F9DF2406244056113
:10547000828001114AC82A892D4526CA06CE22CC2F
:105480002EC6B284EF200F8C29C5B245930710F9C0
:105490002300F5009307E003A300F500CD47A30127
:1054A00025012302B5002A842301F500A6851505F0
:1054B000194697B0FD1FE7804074A2856244F24010
:1054C000D24442491705FE1F034545D705616F20A9
:1054D000EF96F2406244D244424905618280011154
:1054E00022CC2A84214506CE2EC6EF20AF8505C9E1
:1054F000B2459167938717E92310F500D14723033D
:10550000B5002301F500231285006244F240AA850C
:105510001705FE1F034585D205616F202F92F240CB
:10552000624405618280011122CC2A84214506CE85
:105530002EC632C4EF200F811DC522469307105995
:105540002310F50023018500B2452303C500624402
:10555000F2402312B500AA851705FE1F034505CEAC
:1055600005616F20AF8DF2406244056182800111B8
:1055700022CC2A84214506CE2EC632C4EF109FFCD1
:105580001DC922469167938727E92310F500A1479B
:105590002301F500B24523038500A303C50062443F
:1055A000F2402312B500AA851705FE1F034535C931
:1055B00005616F20AF88F24062440561828001116D
:1055C00022CC2A84314506CE2EC632C436C23AC019
:1055D000EF105FF715CD22468567938717C9231013
:1055E000F50023018500B2452303C500924602471A
:1055F0006244F2402312B5002314D5002315E500C0
:10560000AA851705FE1F034565C305616F200F833B
:10561000F240624405618280011126CAAE844AC804
:105620002A891385C40006CE22CC32C6EF109FF122
:105630001DCD8567B245938717E923019500231295
:1056400025012A842310F500310508C4268697B069
:10565000FD1FE780805AA2856244F240D24442494D
:105660001705FE1F034585BD05616F103FFDF24024
:105670006244D244424905618280011122CC2A84CD
:10568000194506CE2EC6EF10FFEB05C98567938737
:1056900017F92310F500854723018500A301F500C4
:1056A000B2456244F2402312B500AA851705FE1FD9
:1056B0000345C5B805616F107FF8F240624405618B
:1056C0008280411122C42A840D4506C6EF109FE74F
:1056D00005C5930710F92300F500E947A300F5007D
:1056E000230185002244B240AA851705FE1F034509
:1056F000E5B441016F109FF4B24022444101828021
:10570000011122CC2A84214506CE2EC6EF109FE33C
:105710000DC99167938727E92310F50093070003CC
:105720002301F500B245230385006244F2402312B1
:10573000B500AA851705FE1F034575B005616F10FA
:10574000FFEFF2406244056182800111214506CEDF
:105750002EC632C4EF101FDF05C98567938707394E
:105760002310F500B245224685472301F500F2409B
:105770002312B5002313C500AA851705FE1F034594
:1057800065A205616F109FEBF2400561828039715F
:1057900022DC1304F5FF4AD852D456D25ECE42041E
:1057A00006DE26DA4ED65AD0894B2A8A3289B68A44
:1057B000418063957515938B819383C781935E8B2D
:1057C00089448DCF83C9160083C706009144A2097E
:1057D000B3E9F9009707FE1F83D7078BF51763DF3F
:1057E000F9009307C6FF639DF90831452EC6EF10F7
:1057F0007FD52A84B24519ED9304F00FF25062541C
:1058000026854259D254B259225A925A025BF24B1F
:10581000216182804209135909012302B500231333
:105820002501930700F91509A1652310F50023113F
:10583000450185054A8597C0FD1FE78060FE08C4C5
:1058400015C983C70B009385EAFF13562900FD177E
:10585000238CF19297B0FD1FE780003E1C44A28587
:105860001705FE1F0345059489071CC4EF101FDDB3
:10587000814469B7228597C0FD1FE7808009ADBFCD
:105880009307D6FFE3CAF9F6B1473304F40297044D
:10589000FE1F938464919C40A29703C7A70019C779
:1058A000884309C597C0FD1FE780A00613854900FE
:1058B000A16542058505418103AA040097C0FD1F2B
:1058C000E78000F69C40229A2320AA00A2978843F2
:1058D00005D505472385E70083470B004A86D68513
:1058E000FD17238CF19297B0FD1FE78000319C409B
:1058F0003E9423132401231234019DBF8547E39D69
:10590000F5EEB1473304F402170BFE1F130BCB89DE
:1059100083270B00DA89A29703D76700884345CB1A
:1059200083D74700B306C700910763C2D70A3A95E9
:10593000D68597B0FD1FE780402C03270B008144DC
:10594000229783576700CA97C207C1832313F700C2
:10595000035747001107E393E7EA3145EF109FBE75
:10596000AA8521C1930700F92310F50083270B00B6
:105970002302750123114501A29703D767009C43B9
:105980002313E5001CC51705FE1F0345A581EF1075
:10599000FFCA83270B003E94231304002305040051
:1059A000B1BD83270B00A297884311C997C0FD1F83
:1059B000E78020F683270B00A29723A0070083A788
:1059C00009003E94231304002305040055B511C9B2
:1059D00097C0FD1FE780E0F383A70900A29723A0EB
:1059E000070083A7090085443E9423130400230580
:1059F000040029B56F5050356F5090366F604003EA
:105A00006F509039411106C6EF50D035B240014574
:105A1000410182806F50F03A6F50103D6F505040FE
:105A20006F5070426F5050446F5050466F50304826
:105A30006F50304A6F50304C6F50D04D8347160036
:105A400003460600A2075D8E6F50104F6F505050F6
:105A50006F5010536F50D0556F50B0586F50905BCF
:105A60006F50B05D6F50D05F6F50F0616F50106439
:105A700003430100030E4100834E8100034FC10028
:105A8000834F010183424101834381017EC816CACD
:105A90001ECC7AC676C472C21AC06F5090636F5023
:105AA00090686F50B06A6F50D06C6F50F06E6F504E
:105AB00010716F5030736F5050756F5030786F5059
:105AC000507A6F70B0181307A5FF420785672A88C0
:105AD00041831385A7C7636CE502138707C8014597
:105AE0006368B70263E605031307301F6362C702EA
:105AF000138766FF42074183938767C763EAE7001E
:105B000005063306B6028E063325D600828001458F
:105B10008280411126C206C622C4AA84EFF0903DBD
:105B200019C52A842685EFE010292324A418B24041
:105B30002244924441018280834665010D47AA8731
:105B40006384E6000545828003274511034647002C
:105B5000A305C502034737006316D7020347B50004
:105B600075F303470501930600026307D700930608
:105B7000300201456317D700130760022388E7004E
:105B800001458280BD466310D70203470501930695
:105B9000000401451377B70FE315D7FE1307500430
:105BA0002388E7008280B946631AD700834605013F
:105BB00013070003E398E6F80547C9B7D146631712
:105BC000D7008346050113070005EDB7D9466318D2
:105BD000D7028346050113075005E395E6F6032730
:105BE000050A136707202320E50A05472308E50077
:105BF00003C71701136707F8A388E70051B7E94601
:105C0000631BD7008346050113075006E39CE6F2A9
:105C10001307A006A5B7FD46631BD7008346050101
:105C20001307A007E390E6F2130710F881BF93066D
:105C30003002E319D7F08346050113075008E393B8
:105C4000E6F005472308E5000347A50213671700A0
:105C50002305E50271BF832705110947A30AE50063
:105C600095C32381E70003474505A381E7008347E8
:105C7000A50293E787002305F502F1472308F50005
:105C8000014582801D4582808547A30AF500832750
:105C9000051191CB15472381E7009307B002230834
:105CA000F50001458280054582808547A30AF500FD
:105CB0008327051191CB19472381E7009307D00271
:105CC0002308F50001458280054582808947A30AA3
:105CD000F5008327051181CF1D472381E700832726
:105CE00005110347D5020145A381E70082800545E0
:105CF00082808547A30AF5008327051191CB2D47A4
:105D00002381E700930770032308F5000145828093
:105D1000054582809947A30AF5008327051131477D
:105D20002381E70017F7FD1F1307476483564701D8
:105D3000A381D70097F6FD1F83C6A6642382D700F0
:105D400097F6FD1F83D6E663A182A382D700834620
:105D500087012383D70003479701A383E700834785
:105D6000E50213F7070409CF9307A0032308F50002
:105D70008347E50293F7F7072307F5020145828081
:105D8000858BFDD78327050AA30505022307050296
:105D900093E707042320F50AE1BF8947A30AF5002A
:105DA0008327051181CF35472381E700832705111C
:105DB0000347B5020145A381E70082800545828043
:105DC0008D47A30AF5008327051191CF454723810D
:105DD000E7000347C502A381E7000347B502014579
:105DE0002382E7008280054582808547A30AF5006B
:105DF0008327051185C349472381E7009307A00442
:105E00002308F5008347A50293E747002305F50221
:105E100001458280054582808547A30AF5008327D6
:105E2000051191C74D472381E70001458280054553
:105E3000828083270511D9C32547A30AE50051476E
:105E40002381E7000347451B8355651B8566A381B6
:105E5000E7000347551B938686840356A51B2382C0
:105E6000E7000347851BA383E7000347951B2384B3
:105E7000E7002E8763F3B600368742074183A3828B
:105E8000E700856621832383E70093868684328733
:105E900063F3C600368742074183A384E70021836A
:105EA0002385E7008347A50293E747002305F50212
:105EB000930700052308F50001458280054582808F
:105EC000032705118D47A30AF500D9472301F700E1
:105ED00083464514A301D70083475514918A2302B2
:105EE000F7000357A51CB1C69306F034814763FD44
:105EF000E600930787E80357851415CB85879387BA
:105F000057FD8D87C207C1830357851C63F3E700E4
:105F10003E878347A5022307E50493E7470023054F
:105F2000F502930750052308F500014582808D870F
:105F3000F9B7858B99C7930707FB2147B3C7E702DA
:105F4000D1B79307C7FB1147D5BF032705118D476D
:105F5000A30AF500DD472301F70083474514A30199
:105F6000F700834655142302D7000347B514F98F71
:105F700093F647000357A51CB1C69306F03481473A
:105F800063FDE600930787E80357851415CB8587E3
:105F9000938757FD8D87C207C1830357851C63F321
:105FA000E7003E87930780052308F5008347A50295
:105FB0002307E50493E747002305F50201458280A6
:105FC0008D87F9B7858B99C7930707FB2147B3C71F
:105FD000E702D1B79307C7FB1147D5BF8326051149
:105FE0008D47A30AF500E5472381F6008347751422
:105FF000034665140547B317F7003317C700D98F59
:10600000A381F600834715142382F6008347A50277
:1060100093E747002305F502930700062308F500E0
:10602000014582808947A30AF5008327051175473A
:106030002381E70017F7FD1F130747330347370096
:10604000A381E700930750072308F50001458280EC
:106050008947A30AF5008327051179472381E700C3
:106060000347F502A381E7008327050A2167D98F3B
:106070002320F50A85472308F5000145828097F71C
:10608000FD1F9387A72EB84B9307800583464700D3
:10609000B387F602145703270511BE96A547A30A36
:1060A000F500930700022301F7000356A51C835750
:1060B000651CB297D05A9387C71263F3C700B287A3
:1060C000A301F70013D68700C1832302C700A302F0
:1060D000F7009C5E2303F70013D68700C183A30358
:1060E000C7002304F70083C7C601A304F70083C7D2
:1060F000D6012305F7009307C0072308F5000145E3
:1061000082809147A30AF500832705111307300207
:106110002381E70003478515118B05CF0347A5159C
:10612000238207009306F7FF05473317D700A381A3
:10613000E70003473514A382E7008347A50293E7EE
:1061400047002305F502930750F82308F5000145A1
:1061500082808346751405473317D700A381E70073
:10616000034755162382E700E9B79547A30AF500D0
:1061700083270511130740022381E700A38107004D
:10618000030735148306F5156395E6008946A38158
:10619000D7008306E5156398E60083C6370093E6CB
:1061A0001600A381D7008306D5152382D7000346A6
:1061B000C515A382E7002383C70083478515858B18
:1061C00081CB99C68327050A4167D98F2320F50A19
:1061D00001458280411126C28324051106C622C4CE
:1061E000B547A30AF500A9C091472A842381F4008A
:1061F0009305851A21461385340097B0FD1FE7806B
:10620000C09F1385B40011469305041B97B0FD1F72
:10621000E780A09E930720022308F4000145B240C6
:1062200022449244410182800545D5BF8327051150
:10623000A1C7411122C406C62547A30AE500238150
:10624000E7002A84032505119305840F21460D05D7
:1062500097B0FD1FE780609A8327040AA305040214
:10626000014593E707022320F40A85472308F40039
:10627000B24022444101828005458280A547A30A9D
:10628000F50083270511A9C3411122C406C6394769
:106290002381E7002A84032505119305840F2146F5
:1062A0000D0597B0FD1FE78040958347A402014587
:1062B00093E747002305F402930700032308F40043
:1062C000B24022444101828005458280E147A30A11
:1062D000F50083270511D9CF411122C406C63D47D9
:1062E0002381E700034745072A8493058506A38198
:1062F000E7000347550731462382E7000347650758
:10630000A382E7000357650721832383E700034740
:10631000A505A383E7000357A50521832384E70090
:106320000347C505A384E7000347D5052385E70098
:1063300003574506A385E700034765062386E70064
:10634000035765061385E7002183A386E70097B00E
:10635000FD1FE780808A8347A402014593E7470039
:106360002305F402930700042308F400B2402244FA
:106370004101828005458280E147A30AF500832719
:106380000511C9CB411122C406C641472381E7004C
:10639000034745072A8493058506A381E700034741
:1063A000550731462382E70003476507A382E700CC
:1063B0000357650721832383E7000347A505A383CC
:1063C000E7000357A50521832384E7000347C5059C
:1063D000A384E7000347D5052385E7000357450657
:1063E000A385E700034765062386E7000357650694
:1063F0001385E7002183A386E70097A0FD1FE780B0
:10640000C07F930740042308F400B24022440145B2
:106410004101828005458280411106C6AD47A30A2D
:10642000F50083270511130790029305D5172381E3
:10643000E70013853700294697A0FD1FE780E07B22
:10644000B24001454101828083254511411126C298
:1064500006C622C483C7450003C735000568A207E6
:10646000D98F1387A7FF420741839306A8C7F94432
:1064700063E2E60C03C7650083C65500130808C82D
:106480002207558FF9446367E80A6365F70A03C674
:10649000850083C675002206558E9306301F63EB78
:1064A000C60883C6A50083C89500A206B3E61601F8
:1064B0006362D808130816003308F8029398360070
:1064C000635A180783C8B5001398080113580801C8
:1064D00063840800636007078358A5038144639DB4
:1064E0001701631BF7008358C5036397C8008354E3
:1064F000E503958C93B41400231DC504231AF506F7
:10650000231BE506231ED5042312050783C7D500E8
:1065100003C7C5002A84A207D98F2313F506314685
:10652000B9051305850697A0FD1FE780006D91470B
:10653000A30EF400B2402244268592444101828099
:10654000411122C406C68547A30AF5002A84834563
:106550003515032705110345451585469317650035
:10656000CD8F2301F700ED47A301F7008347C40057
:106570000346241593E707022306F400EF10107674
:10658000930770062308F400B240224401454101FC
:106590008280832745111303000E03C6470003C7FB
:1065A00037002206598E130756FE42074183636760
:1065B000E30683C6670003C757001168A206D98E99
:1065C000138786EB42074183130888146368E80445
:1065D00003C7870083C87700220733671701930832
:1065E00057FEC20893D80801636A130383C8970053
:1065F00083C7A700A207B3E71701938887EBC208F8
:1066000093D80801636C1801231EC51A231FD51ADD
:106610002310E51C2311F51C6FD0206905458280ED
:106620008346B5000547AA8705456395E60C83C6F2
:10663000670131470545639FE60A03A74711834673
:106640003700A38AD7048346570003464700A206B3
:10665000D18E239BD7048345770083466700A2052C
:10666000D58D239CB70403469700834687002206F6
:10667000558E239DC7048346B7000345A700A20695
:10668000C98E239ED7040345C7000347D7002207BE
:10669000498F03D5A703239FE7040147631BB50078
:1066A00083D5C7036397C50003D7E703158F133757
:1066B00017002391E70603C707019306000463044C
:1066C000D702930640046315D70005472388E700E7
:1066D00003C717019546A38ED700136717F8A38841
:1066E000E7000145828003C7A702136717002385CF
:1066F000E702E1BF8280034765018947631DF70018
:106700008327451183C73700230AF504F54723087B
:10671000F500014582801D4582808347B5002A87A8
:10672000D9EB83466501B54705456397F60883466F
:106730000701930700026391F6088327471101457B
:1067400083C6570003C64700A2064206B29603C698
:106750006700B29603C637006206B2962320D70CB4
:1067600083C6970003C68700A2064206B29603C6F8
:10677000A700B29603C677006206B296232ED70A08
:1067800083C6C70003C6D700A2064206B29603C658
:10679000B70083C7E700B296E207B6972320F70E4B
:1067A0008347170193E78700A308F7009307300298
:1067B0002308F7008280054582808347B5009DE36A
:1067C000034765018547631DF700834605011307ED
:1067D00030026397E6009307C0022308F500814763
:1067E0003E8582808547EDBF834665010547AA87C0
:1067F0000545639CE60203C707019306B002631ACE
:10680000D7001307E0022388E700A38507020145AC
:1068100082809306D00205456319D7001307E00272
:10682000A38507022388E700DDB78280034765015F
:106830008947631EF704E947A305F502832745113D
:10684000394783C737006392E7020347050193077F
:106850000003631EF7028327050A93E7070223203C
:10686000F50A85472308F50049A83D476393E702E9
:106870008327851003470501F59B2324F510930713
:1068800000046316F700930760042308F500014530
:10689000828049476391E704034705019307A004F9
:1068A000E317F7FE85472308F5008347A50293E722
:1068B00017002305F5028347150193E707F8A3089E
:1068C000F50083270510C18BF9F383278510BD9B45
:1068D0002324F5106DBF51476398E7020347050174
:1068E00093070005E315F7FA85472308F50083278A
:1068F000050A93E707102320F50A8347150193E75C
:1069000007F8A308F50061B75947639DE7000347FF
:10691000050193075005E31CF7F68327050A93E763
:10692000072035BF6947639FE700034705019307C9
:106930005006E31EF7F48327050A0567130707804F
:10694000D98F31BF7147E384E7F47547639CE70053
:106950000347050193075007E31BF7F28327050A56
:106960002167F9BF13073002E393E7F203470501FC
:1069700093075008E31DF7F085472308F500834788
:10698000A50293E717002305F50285BF0347B5006D
:1069900085476311F70203476501631BF70003474F
:1069A00005016317F700930760032308F50081478B
:1069B0003E8582808547EDBF834665010547AA87EE
:1069C00005456393E60603C7070193067003631545
:1069D000D70203C7A702238607049376070499C644
:1069E0001377F7FB136707012385E702130780037B
:1069F0002388E7000145828093065003054563150F
:106A0000D702130780032388E70003C7A702238662
:106A1000070401459376070481CA1377F7FB1367D0
:106A200007012385E7028280828003476501994739
:106A3000631EF7080327451183473700A307F504B2
:106A40008347570083464700A207D58F2318F504D4
:106A500083477700834667001307A003A207D58FFB
:106A6000834605012319F5048347E5026395E6048F
:106A7000858B99CB8327050AA30505022307050209
:106A800093E707042320F50A8347A50293E717003D
:106A90002305F50285472308F5008347150193E791
:106AA00007F8A308F5008347E50293F7F7FB2307F0
:106AB000F50201458280E207E187E3D007FE8327E4
:106AC000450A93E707042322F50AC1BF05458280E2
:106AD0000347650189476304F700054582808327E2
:106AE00045111307000483C73700A305F502834748
:106AF000050193F6B70F6397E60093075004230848
:106B0000F50025A0130750056393E7028327050AC4
:106B100093E707202320F50A85472308F5008347DC
:106B2000150193E707F8A308F500014582801307D4
:106B300050066395E7009307A006D1B713075008E6
:106B4000639CE70085472308F5008347A50293E788
:106B500017002305F502E1B70347B5003DFF130712
:106B600000026386E700130730026395E70093078E
:106B7000600271B71307A007E391E7F6930710F8D7
:106B8000BDBF834665010547AA8705456394E604B2
:106B900003A787100545418B15CF03C7070163186D
:106BA000A7001307B0042388E7000145828013067D
:106BB000A004631AC70003C7A7022388D70013677E
:106BC00017002385E70203A7870A1367070423A496
:106BD000E70AE1BF8280834665010547AA8705452C
:106BE0006393E60283C607011307A0040545639C6F
:106BF000E60003C7A7022388A70001451367170013
:106C00002385E70282808280034765018D47631FE9
:106C1000F718834715018D8B91EB834605012147BA
:106C2000938706FC93F7F70F6361F702D9472306B2
:106C3000F5029307A002A305F5028327850A93E7CF
:106C400027002324F50A014582808347B5000326E7
:106C5000451163900714930750056398F600D947D0
:106C60002306F50293073002F9B797E7FD1F9387D4
:106C7000E76F8345460003C7A70383C7B70383486D
:106C800065146D8F2305E51403463600F18F054624
:106C9000A305F514331616016314C7002305051464
:106CA000034875148545B39505016394B700A305A2
:106CB00005140347A5148347B5145DCFD9CB93754D
:106CC0002700B1C113F627001DCE930720202315FE
:106CD000F5140347A5148547B39717016314F7000C
:106CE000230505140347B5148547B39707016314BB
:106CF000F700A305051485476398F6089307600518
:106D00002308F50089B71376470001CA13F347003B
:106D100063050300930740405DBF058B19C713F758
:106D2000170001C7930710105DB7094781E51147A8
:106D300011E205472305E51413F7270009C7894722
:106D4000A305F51479B7918B99C39147D5BF8547B2
:106D5000C5BFB3570741858B81C72305B51495BFC0
:106D60009377270089C789472305F5149DB7118BB1
:106D700091477DFB8547CDBFA9DF33D71741058BF1
:106D800045DFA305C514B1B78327850A93E707102C
:106D90004DBD85476397F60083474600A305F5146C
:106DA000B1BF8327850A93E7072061BD054582802F
:106DB000834665010D47AA8705456394E61483C69B
:106DC0000701130750050545639DE61203C7B70089
:106DD0006319071283C6471403C7571403A6471144
:106DE00033F5E6008345460019ED6396B60003458A
:106DF0003600630AE50023950714130770052388FE
:106E0000E70001458280ED8E2385D71403463600C6
:106E100003C86714718F0546A385E714331606016E
:106E20006394C6002385071403C577148545B3957D
:106E3000A5006314B700A385071483C6A71403C76E
:106E4000B714C5CA41C793F526009DC9137627001C
:106E500005CA130720202395E71483C6A714054706
:106E6000331707016394E6002385071483C6B7141C
:106E700005473317A700E392E6F8A3850714B5BFCB
:106E800013F6460001CA937847006385080013078C
:106E90004040D1B7858A99C69376170081C61307FB
:106EA000101055BF894681E5914611E2854623853C
:106EB000D7149376270089C60947A385E71471BFC5
:106EC000118B19C31147D5BF0547C5BF33D7A6409E
:106ED000058B01C72385B71449B713F7260009C7E7
:106EE00009472385E71495BF918A1147FDFA0547A5
:106EF000CDBF25D7B3560741858AC5DEA385C71404
:106F0000A9BF82808346B5000547AA870545639FD0
:106F1000E60683C66701154705456399E60603C77C
:106F20000701930650056306D70093068005631F8B
:106F3000D70403C7A70283A547111367170023854A
:106F4000E70203C645001147636EC70083C63500DC
:106F5000636AD7001307F6FF1385F6FF718F758DEF
:106F6000498F11C705472388E7000145828003C781
:106F7000650003C555002385C7142207498F239652
:106F8000E714A385D7141307A005F1BF82808347B8
:106F9000B50095E3834665010D478547639BE60091
:106FA000034705016317F700930710062308F50050
:106FB00081473E8582808547EDBF0347650189474C
:106FC0006310F7068327451197E5FD1F83C5A53E8E
:106FD00083C7370013F6F70113D7670097E7FD1F44
:106FE00083C7573D63EAC7008346E514A18A89C673
:106FF000B3D6E540858A9DE6E9472306F502854735
:10700000B397E700ED8F8D8B794799C31307000283
:107010008327850AA305E50293E727002324F50AC1
:1070200005458280230AE51403470501A309C51419
:1070300085476318F700930760062308F5000145AC
:1070400082808327850A93E707402324F50AC5BF7A
:10705000034765018947631CF702832745110347EE
:10706000050183C737002308F50285476318F70039
:10707000930760072308F500014582808327850A6E
:10708000056713070780D98F2324F50AF5B705454F
:107090008280834665010947AA870545639FE6020A
:1070A00083C607011307500701456398E60203A74B
:1070B0004711A166034737002388E70203A7070AA1
:1070C000558F23A0E70A05472388E70003C7170168
:1070D000136707F8A388E7008280828083466501F2
:1070E0001547AA8705456399E60C83C60701130770
:1070F000500805456392E60C03A747118346370005
:10710000A38DD71483064700A382D7160306570022
:107110002380C716034767002382E71603C7871536
:1071200093754700B5CD8946A38CD71483A6070A6B
:10713000C1656D9BCD8E23A0D70A238CE71403C7AE
:10714000A7169376170085C29306F0076306D6004C
:10715000136727002385E71603A7070AB70602006F
:10716000558F23A0E70A17E7FD1F130727200347C2
:1071700037000145A387E70203C74703A380E7164B
:1071800005472388E70003C7A70213671700238575
:10719000E70203C71701136707F8A388E700828097
:1071A000098B51DFC9DE03A7070AC166A38CA714A8
:1071B000558F23A0E70A61B7828083466501154792
:1071C000AA8705456390E60A83A64711014503C6D1
:1071D00036001377060F59E717E7FD1F0347D71C43
:1071E000718F49C303C7660011482380E716838562
:1071F00056000147A382B716130517003357E64020
:10720000058B9378F50F15CF238D171503C746000F
:10721000A38DE71403C78715937647009DC689465B
:10722000A38CD71483A6070A41666D9BD18E23A039
:10723000D70A238CE71403C747030145A380E71649
:1072400082802A87E31A05FBD1B7098B6DD7E5D574
:107250000547A38CE71403A7070AC166558F23A02F
:10726000E70AD1BF8280834665011147AA87054599
:107270006393E60A83C5B7000545639EA50883A608
:10728000471103C836006366050303C746001305AC
:1072900010091306B7FF1376F60F636CC50003C61B
:1072A00056009306B6FF93F6F60F6364D50063713C
:1072B000E6027947A385E702130780022386E702E7
:1072C00003A7870A01451367270023A4E70A8280E2
:1072D00083A6C710014593F6060895CE83C64717C7
:1072E0006317B80293E61600238AD7169306000A9E
:1072F000A38AE7163307D70283D6A7033347D702FB
:1073000083D6070485063697239BE7168280D99A91
:10731000238AD7168280828083270511DDC3254703
:10732000A30AE50055472381E7000347451B835522
:10733000651B8566A381E7000347551B93868684FA
:107340000356A51B2382E7000347851BA383E700A1
:107350000347951B2384E7002E8763F3B600368727
:1073600042074183A382E700856621832383E700E8
:1073700093868684328763F3C6003687420741834B
:10738000A384E70021832385E7008347C507A3057E
:10739000050299C78327050A93E707102320F50AFA
:1073A0008327450A13974701635807007D77130722
:1073B000F77FF98F2322F50A85472308F500014559
:1073C00082800545828003476501AD476318F70257
:1073D000411106C68347451783254511294693E782
:1073E0000701230AF5168D051305D51797A0FD1F74
:1073F000E780A080B240014541018280054582803E
:107400008347B500EDE7411122C406C60347650175
:10741000E1472A8405456318F70C034704019307E5
:1074200000046312F70C8325441105659306A5C774
:1074300003C7450083C7350022075D8F9307A7FF69
:10744000C207C18363ECF60883C7650083C6550095
:10745000130505C8A207D58F6362F50863E0E70846
:1074600003C6850083C675002206558E9306301F1D
:1074700063E6C60683C6A50003C89500A206B3E668
:107480000601636DD504130516003305E502139854
:1074900036006345A80403C8B500131508014181EF
:1074A0006304080063ECA702231DC4042312A4068E
:1074B000231AE406231BF406231ED40483C7D50035
:1074C00003C7C5003146A207D98F2313F406B905B7
:1074D000130584069790FD1FE780207293077004C0
:1074E0002308F4000145B240224441018280054551
:1074F0008280411126C206C622C403476501E147C6
:1075000085446318F704832785102A848544898B72
:10751000A9C38347B50063919706EFE0FFF2834765
:107520000401A305A402639797009307100423089E
:10753000F40039A8130700046393E70293071004CB
:107540002308F4008347A40293E717002305F402FD
:107550008144B2402244268592444101828083279F
:10756000040A93E727002320F40A8347140193E7D2
:1075700007F8A308F400E9BF834715018D8B99CF65
:107580009307A002A305F402BD472306F402832754
:10759000840A93E727002324F40A5DBF834705018B
:1075A00063979700EFE05FEAA305A402BDBF13074E
:1075B00000026390E702EFE03FE9A305A4028144E3
:1075C00049F98327440A37070080D98F2322F40A18
:1075D00049B713070004E39EE7F6930730025DB74F
:1075E000411126C206C622C48347B5008544A5E7DB
:1075F00003476501A5478544631FF7048327850F6B
:10760000A18BB1CB832545112A8421468D05130515
:1076100005109790FD1FE780405E83270410B73662
:1076200078089386060DDD8E8327441013E7070143
:107630008327840FF58F2324F4108327C40FF98F39
:107640002326F41083470401639D970093071003DA
:107650002308F4008144B24022442685924441012B
:1076600082808327840A93E707012324F40ADDB785
:10767000411126C206C622C403476501A5478544B9
:10768000631AF70603470501930700038544631354
:10769000F706832545112A8421468D05130505101B
:1076A0009790FD1FE780605583270410B736780850
:1076B0009386060DDD8E8327441023089400A305CE
:1076C000040213E707018327840F8144F58F2324E5
:1076D000F4108327C40FF98F2326F4108327040A9C
:1076E00093E707022320F40A8347140193E707F87E
:1076F000A308F400B24022442685924441018280CE
:107700008347B50005476395E708411122C406C6C3
:107710008346650125472A8405456390E6060347AD
:1077200004016310F7068325441121461305041054
:107730008D059790FD1FE780404C83270410B736D6
:1077400078089386060DDD8E8327441013E7070122
:107750008327840FF58F2324F4108327C40FF98F18
:107760002326F410930710032308F4008347140121
:10777000014593E707F8A308F400B2402244410111
:1077800082808327840A93E707012324F40AF9BF40
:10779000054582800347B5008547631CF704411106
:1077A00022C406C626C203476501A1472A840545AF
:1077B000631CF70283244411130584121546938534
:1077C00034009790FD1FE780404383C7940003C7B0
:1077D00084000145A207D98F2317F41283471401AF
:1077E00093E727F8A308F400B240224492444101F1
:1077F0008280054582800347B50085476310F716F0
:10780000834665015D47639CE614011126CA832403
:10781000451122CC21462A84938534001305F5189E
:1078200006CE9790FD1FE780403D83C7C40003C785
:10783000B400A207D98FA30BF418A183230CF4186A
:10784000EFF0DEFA2AC4EFF07EFA2AC62C00130508
:10785000841A21469790FD1FE780203A83C7F400E1
:1078600003C7E4001305041BA2074207BA9703C726
:1078700004012C001146BA9703C7D4006207BA97D7
:107880002324F40C83C7340103C72401A207420751
:10789000BA9703C74401BA9703C714016207BA979E
:1078A0002322F40C0347941A8347A41A4207A20721
:1078B000BA970347B41ABA970347841A6207BA976C
:1078C0002320F40C0347D41A8347E41A4207A20783
:1078D000BA970347F41ABA970347C41A6207BA97CC
:1078E000232EF40AA247374703001307D73FB38775
:1078F000E70237A72600130737ECBA973EC49790E4
:10790000FD1FE780802F83C7640103C77401A207AE
:107910004207BA9703C75401BA9703C784016207A5
:10792000BA97232EF40C0347241B8347141B4207EA
:10793000A207BA970347041BBA970347341B620791
:10794000BA972320F40E930710022308F400F240A4
:1079500062448147D2443E850561828085473E85E9
:107960008280034765019147631EF712411126C2C9
:107970008324451106C622C403C7340001CB9307F4
:10798000F7FFF98F81E79377070F8DC79307000201
:10799000A305F502930730022306F5028327850A23
:1079A00093E727002324F50AB2402244924401457C
:1079B0004101828083C554009306E0078147114648
:1079C0006397D500F947E9B7B687638CC6009386FD
:1079D0001700B357F740858B93F5F60FF5D7230DB6
:1079E000B514838744002A84ADC7A30EF51403059C
:1079F00035143387A7001375F50F635AF00083071A
:107A0000F41563DAE700898FA30EF41429A0830725
:107A1000E415E34AF7FE8347D4153E956205618578
:107A2000EF0090122301A414EF00700A834734146E
:107A3000A301A414B307F540A30EF414EF00D01073
:107A40008347A415034734142301A414A297A382E7
:107A5000E7168307440383062416014763D5F6001F
:107A6000958F13F7F70F230EE41483C754000547CF
:107A70002300F416834704016397E700930760F837
:107A80002308F40015B7130750086396E700FD5765
:107A9000230EF414E5B78327840A0967D98F2324BA
:107AA000F40A19B70545828003476501A547631E9F
:107AB000F704411122C406C68346050113070005D9
:107AC0002A8485476397E602EFE0BFAC05E9832788
:107AD000040AA305040293E707102320F40A83474E
:107AE000140193E707F8A308F40085472308F4007E
:107AF0008147B24022443E85410182808347A402EF
:107B000093E717002305F402D9BF85473E8582809D
:107B100003476501A5476309F700054582800545D0
:107B2000B24022444101828083278510411122C442
:107B300006C693F707022A84FDD3EFE09FA5854789
:107B4000E30FF5FC034704016318F70093071005E2
:107B50002308F4000145E9B78327840A93E707085F
:107B60002324F40AC5BF054582800545828005456A
:107B700082800545828005458280054582800545D5
:107B80008280054582808347C500A30A0500F19BDA
:107B900093E717002306F50003250511133515009B
:107BA000828017D7FD1F0347576B9547630BF7007C
:107BB00097D7FD1F9387076A83C777000D47631F19
:107BC000F70097D7FD1F83C77769639F0710930757
:107BD000601017D7FD1F2313F7688280411197D7D4
:107BE000FD1F9387A778194522C426C2E05F06C609
:107BF0004AC0EF00B02697D7FD1F9387676594436F
:107C000037C7898E130767ED98C637575500130796
:107C10005755D8C2034724029306F00FBE8463076A
:107C2000D700FD57A300E4022301F4020345140228
:107C300089476303F500014517D9FD1F130909643E
:107C40000327090001469305F00F5C4393E71700F3
:107C50005CC3930710FA2305F400994717D7FD1F5B
:107C6000A30DF75E97D7FD1F2386075E97D7FD1FED
:107C70002384075EEF00E07D97D7FD1F938747655C
:107C80009443DC56F59BDCD69C4003479400137666
:107C9000F7079843137707F8518F98C398431377E2
:107CA000F7CF98C398431377F7CF1367072098C38C
:107CB0009C4637073300B240D98F032709009CC682
:107CC000B7070300938787153CCB97D7FD1FA38584
:107CD000075897D7FD1FA38F0756224485471CC31B
:107CE000924402494101828082804111B7E700E05D
:107CF00026C284433707200006C622C4F98C23A07D
:107D0000E7180F10000017D7FD1F0347375597D707
:107D1000FD1F9387275401CF97D6FD1F83C60654B6
:107D200009476396E60017D7FD1FA309075203C74B
:107D30007700A1466387E60003C777009D46639DF1
:107D4000E60083C7770017D7FD1F2309F750854743
:107D500017D7FD1FA304F750EF00100897D7FD1F9A
:107D60009387C760E05F6840231504002304040084
:107D700097A0FD1FE780E0B991452310040423225A
:107D800004042324040417D5FD1F03459529EF009F
:107D9000CF90A14517D5FD1F0345B528EF00EF8F04
:107DA000034514039307F00F6307F500EF004F96A8
:107DB000FD57A308F402034504039307F00F63077C
:107DC000F500EF00EF94FD572308F402B24022447F
:107DD000B7E700E023A0971092444101828001118F
:107DE00026CA97D4FD1F9384645822CC03A4040CA4
:107DF0004AC84EC652C456C206CE2A898149130AC1
:107E00002500854A29E893057025314597A0FD1F77
:107E1000E78000A12A8401453DC083471900194627
:107E200093052900A300F400130524009790FD1F7B
:107E3000E780A0DC83A7040CA1EF97D7FD1F23A741
:107E4000875E2324040083C7C40B850717D7FD1F53
:107E5000230CF75C25A00347140083471900630532
:107E6000F700A289004479BF1946D2851305240082
:107E70009790FD1FE780E0E3E31555FF0545F240CD
:107E80006244D2444249B249224A924A0561828000
:107E9000E38909FA23A489006DB797D7FD1F93875B
:107EA000E74C03A5070C11E997D7FD1F23A007583E
:107EB00097D7FD1F238A07568280411106C622C428
:107EC000004597A0FD1FE780C0A4228575F8B24049
:107ED000224497D7FD1F23AB075497D7FD1F238557
:107EE00007544101828097D7FD1F9387274823A01D
:107EF000070C238E070A828017D7FD1F130707354B
:107F00001C439306001094C301000100010001000E
:107F10001C4323A007008346150003482500A20642
:107F20004208C29603480500C2960348350062081D
:107F3000C29694D78346550003486500A2064208BE
:107F4000C29603484500C296034875006208C2966F
:107F5000D4D7834695000348A500A2064208C296DE
:107F600003488500C2960348B5006208C29694DBB8
:107F70008346D5000348E500A2064208C29603489E
:107F8000C5000345F500C2966205AA96D4DB83C6F8
:107F9000150003C52500A2064205AA9603C50500E3
:107FA000AA9603C535006205AA9694CF83C65500EC
:107FB00003C56500A2064205AA9603C54500AA9618
:107FC00003C575006205AA96D4CF83C6950003C584
:107FD000A500A2064205AA9603C58500AA9603C578
:107FE000B5006205AA9694D383C6D50003C5E50003
:107FF000A2064205AA9603C5C50083C5F500AA9648
:10800000E205AE96D4D3D443F59AD4C3D44393E6D1
:108010001600D4C3944393E6160094C3BA879443DE
:10802000D842058B59E3984E01452300E60098435A
:10803000184F2183A300E6009843184F4183230182
:10804000E6009843184F6183A301E6009C43D84F94
:108050002302E600D84F2183A302E600D84F4183D4
:108060002303E600D84F6183A303E600985323045B
:10807000E60098532183A304E60098534183230527
:10808000E60098536183A305E600D8532306E60073
:10809000D8532183A306E600D85341832307E60083
:1080A000DC53E183A307F600828001008DBF01113C
:1080B00022CC2A84354506CE2EC632C4452397D716
:1080C000FD1F9387A71B984322853C4B93E7070826
:1080D0003CCB2246B245EFF03FE2F240624401451C
:1080E0000561828097D7FD1F9387471998433C4BC2
:1080F00093E707083CCB010001000100010097D77E
:10810000FD1F9387A7149C4303A7450E160513650F
:10811000050888C398CB03A7850E0145D8CB03A7D4
:10812000C50B98CF03A7050CD8CF03A7450C98D350
:1081300003A7850CD8D303A7C50C98D703A7050DB3
:10814000D8D703A7450D98DB03A7850DD8DB03A778
:10815000C50D98C703A7050ED8C798431367070432
:1081600098C3828097D7FD1F9387471198433C4B54
:1081700093E707083CCB010001000100010097D7FD
:10818000FD1F9387A70C9C4303A7C50E1605136517
:10819000050888C398CB03A7050F0145D8CB03A7D3
:1081A000C50B98CF03A7050CD8CF03A7450C98D3D0
:1081B00003A7850CD8D303A7C50C98D703A7050D33
:1081C000D8D703A7450D98DB03A7850DD8DB03A7F8
:1081D000C50D98C703A7050ED8C7984313670704B2
:1081E00098C3930700F817D7FD1F2308F70682806E
:1081F00097D7FD1F9387C7059C43B7068000B70537
:1082000000829843FD15558F98C31307F00F98DF30
:1082100013070005D8DBD857B7060080558FD8D78D
:10822000D45717D7FD1F034767E613168701137747
:10823000F703ED8E6607558FD8D7618617D7FD1FD8
:10824000130707099306A003184363DCC600744FA5
:1082500037060007D18E74CF370702001307C720F7
:1082600099A09306200263DAC600744F370600F91E
:108270007D16F18E37060005F1BFB70600F993852C
:10828000F6FF744F6945ED8E6355C5003706000350
:10829000D1B7B7050001CD8E74CFE35F06FA37077B
:1082A000020013070721D8DF984B137707FC1367E9
:1082B000E70098CB37E700E0D147A309F704979789
:1082C000FD1F938767FF93E717007CD78280931782
:1082D0008501E18763C807061377050499472DE3F5
:1082E0001307A0039147636DA7041307A0028D47EE
:1082F0006368A7041307200289476363A7046947DB
:108300008547636FA70251478147636BA7024947BF
:10831000FD576367A7023947F5576363A7022947EB
:10832000ED57636FA7001947E157636BA70011472B
:10833000D9576367A7000947B1576373A700C557AB
:108340003E858280A547EDBFB557634DF50449577B
:108350008D476347E5045D5795476343E5046557DB
:108360009D47634FE5027157AD47634BE50279576F
:10837000BD476347E502CD4763440502D5470DC1BC
:108380000547ED47630EE50009479307300263098F
:10839000E5000D479307B0036314E5009307B002AF
:1083A0003E8582808547EDBF9387C1939C4399CBDF
:1083B000944BD04B9842518F98C294439C4798421B
:1083C000D98F9CC297D7FD1F938787E817D7FD1FCA
:1083D0000347E7E817D6FD1F130646EA05489C4306
:1083E0001307E7091442631E050388431365050854
:1083F00088C3C8468177FD17E98FDCC60F100000DF
:108400001C42B7060200AD0594C7930600F817D6C4
:10841000FD1F2303D6E48A05BA958605ECD3C8C7A9
:10842000828088431375F5F788C3C8468177FD17A6
:10843000E98FDCC60F1000001C42B7060200A90538
:1084400094C7930600F817D6FD1F2307D6E08E05C4
:10845000E1B79387C1939C4389CFD44303A8870096
:1084600098423367070198C2D447DC4B9842D98FB2
:108470009CC297D7FD1F9387A7DD05479C439505B1
:10848000631EE50298438E051367070898C3984F4B
:10849000137707C01367A71398CF13078007A38923
:1084A000E7009385C50397D7FD1F23ADB7DA11C643
:1084B000060697D7FD1F23A7C7DA82809843920547
:1084C0001377F7F798C3984F137707C013672713ED
:1084D00098CF1307F007A389E700E1B711C9371751
:1084E0000040835787012168B3E70701231CF70089
:1084F0008E0597D7FD1F2384B7D697D7FD1F938787
:1085000027D522069C43498E4D8EB70510004D8E0F
:10851000B0D7B85713674700B8D7B85791C6B70652
:108520000400558FB8D78280B706FCFFFD16758F03
:10853000D5BF411106C617D7FD1F034727D2A14754
:108540006311F70497D7FD1F83C787D3858B17D691
:10855000FD1F034616D597D6FD1F83C686D4BDC71B
:1085600097D7FD1F9387C7D3C8432DC183451500F7
:108570000905EF10E02011C5854717D7FD1FA30F90
:10858000F7CC17D7FD1F034767CD9947631CF7004A
:1085900097D7FD1F938787DDFC5F83C7B70095CB17
:1085A000EFF02FE017D7FD1F034747CB9D4763121E
:1085B000F70297D7FD1F938767DB83A7070983C758
:1085C000770081CBB24041016FD0806C814501457D
:1085D0004DB7B2404101828017D7FD1F130707CA6C
:1085E0001C43B44B93F6F68FB4CB944393E68600CA
:1085F00094C39C438D83858B89C7010001000100D2
:10860000010097D7FD1F9387A7C494439C4293F71B
:10861000F7CF93E707109CC297D7FD1F938747CBEF
:108620009043B706CEFFFD161C46F58F1CC61C43B3
:1086300037070300B8CB9387C1939C4399CBD443AE
:1086400090479842518F98C2944BDC4B9842D98FF7
:108650009CC297D7FD1FA38207C0828097D7FD1FBA
:108660009387C7C19C439C438D8B63830710411143
:10867000B7E700E04AC003A9070026C23707200079
:1086800006C622C4AA843379E90023A0E7180F1094
:10869000000017D7FD1F034757BC8D4717D4FD1F98
:1086A000130444BB631BF70097D7FD1F938747BD97
:1086B0009C4B01468145454582971947639CE404DC
:1086C00097D7FD1F83C797B999CB97D7FD1F83C74E
:1086D000E7B86396970097D7FD1FA38107B8834734
:1086E000740021476318F7009307801017D7FD1F08
:1086F0002316F7B697D7FD1F23890796EFF0DFED16
:10870000B2402244B7E700E023A027119244024977
:10871000410182809D47639FF40097D7FD1F83C767
:10872000F7B3D5DF17D7FD1F034747B38D47E318CE
:10873000F7FA55B783467400630BD70003477400FC
:108740006387E700834774002147E315F7FA97D75B
:10875000FD1F83C7B7B0D9FF8347740017D7FD1F2C
:10876000230EF7AE854717D7FD1FA309F7AE59B7FC
:1087700082805D7156DA97DAFD1F938A6AAD03A78E
:108780000A0086C6A2C4A6C2CAC04EDE52DC1C4382
:1087900017DAFD1F130ACAB397D9FD1F938909AED3
:1087A00093F7F7CF93E707101CC383260A00370718
:1087B000CEFF7D179C463709030013068002F98F10
:1087C0009CC683A709002A84AE8423A827059305A5
:1087D000100828009780FD1FE78040493545EFF0DD
:1087E000FFE783A70A009376F41F3706330023A41C
:1087F0000700984B13098915617F1367F70398CB1E
:10880000F84FCE88130510F8137707E0558FF8CF8F
:108810009843D68552881367070898C317D7FD1F5A
:10882000A30C07A283A6090017D7FD1FA30407A264
:10883000054798C29843A1629303401F1377F7CF6F
:1088400098C398437D1F85491377F7CF1367072097
:1088500098C303270A00930F80021C47D18F1CC7BF
:1088600023A82605014734001149135337002693E6
:108870008347030013767700B3D7C740858BDDCFDE
:108880009C41832E080023AC070423A0070603AEF7
:10889000CE02137EDEFF23A6CE0383AE0700137E37
:1088A000F70793FE0EF833EECE0123A0C70103AE07
:1088B0004702336E5E0023A2C70383AE0800014E59
:1088C00023A27E0603AA070663074E0303AE07032F
:1088D000038A0600135EFE00620E135E8E4163582B
:1088E000CA0103AE0703135EFE002380C60103AE78
:1088F0000706137EFE0F03AA4E0663060A0003AAAC
:108900008705E37F49FB03AE4702337EEE0123A2D6
:10891000C70383870600635CF400034E03003396AD
:10892000C9001346F6FF3376C6012300C3003E8616
:1089300063D3A7002A86131586016185050713777F
:10894000F70F8506E313F7F398411C4B93F707FCE9
:1089500093E7E7001CCBB640264496440649F259FB
:10896000625AD25A61618280011122CC2A84114557
:108970002EC632C436C206CEEFF05FCE97D7FD1FAB
:108980009387078D9C43B7083300D857719B1367B3
:108990001700D8D717D7FD1F1307478E08431307B3
:1089A000800778D198431377F7CF98C3984313770C
:1089B000F7CF1367072098C317D7FD1F13074791F9
:1089C0001843B245924603288700224633681801AF
:1089D00023240701370803001308882523280505E9
:1089E000CDC14C5713640404F5994CD71377F407A1
:1089F0008043137404F8598C3747767180C313078A
:108A0000971298C7375755001307575517D4FD1FAE
:108A100013044484D8C31C50B6853CDD97D7FD1F92
:108A2000238B078297D7FD1FA387078297D7FD1F48
:108A3000238407825C41F99B5CC19147014517D7AC
:108A4000FD1FA30CF7809790FD1FE780A0AD9387D3
:108A5000C193984311C7544318479C42D98F9CC275
:108A600083473400858B91CB97D7FD1F83D78790A1
:108A7000850717D7FD1F231FF78EF240624405615B
:108A800082804C57F5994CD71377F40780431374C1
:108A900004F8598C37C7898E80C3130767ED95B7E3
:108AA000011126CA4AC84EC6C1643709006AB7090F
:108AB00000AC22CC52C406CE0544FD141309690E45
:108AC0009389E90C130A000205E49305000F414560
:108AD000EFF09EA4B7B7006A4205938767CE5D8D1D
:108AE000F2406244D2444249B249224A056182803E
:108AF000A6850145EFF09EA49317850013F7071094
:108B000033E5270119C333E5370181470147E145C3
:108B1000B356F50085073356F500858A058A630745
:108B2000D60005071377F70F63E4E504E39247FFE8
:108B300081471306F003ED463357F5001377F7032B
:108B400005CB6307C7028507E398D7FE1357850057
:108B50009377F50F1377F70FE394E7F813570501B1
:108B60001377F70FE39EE7F613578501E39AE7F6CD
:108B700005041374F40F89BF17C7FD1F0347F76D72
:108B800091476309F70C97C7FD1F9387276C98439C
:108B9000B7C7004093870730631EF70A01113545B8
:108BA00006CE22CC26CA4AC84EC6EFF03FAB97C9C4
:108BB000FD1F9389E9691D2AEF10F02CEFF04FE3B8
:108BC00083A7090017C9FD1F13098970B706330071
:108BD000984397C4FD1F9384646A370403001367A6
:108BE000070898C398431377F7CF98C39843137730
:108BF000F7CF1367072098C3032709001C47D58FB9
:108C00001CC79C4013078455B8CBEF10F03FEF20F2
:108C10007012EF109032EF10903B03A709001C4335
:108C200093F7F7CF93E707101CC383260900370794
:108C3000CEFF7D179C46F2404249F98F9CC69C406E
:108C4000B249D244A0CB624497C7FD1FA3870760F7
:108C5000056182808280B7C700401387073097C6BE
:108C6000FD1F23A5E65E13870720411197C6FD1F50
:108C700023A6E6609387071037D7004022C497C623
:108C8000FD1F23A7E66417C4FD1F1304A45C17C7C8
:108C9000FD1F232FF75A8547A303F40097C7FD1F35
:108CA0009387873D9C4306C65CD0938707111CD0F1
:108CB0009787FD1F9387A76023A0F194EFF0DFEB68
:108CC000B7E700E0A305040003C75741136707088F
:108CD000A38AE740B24037071000224423A0E710E0
:108CE0003707200023A0E7104101828017C7FD1F2E
:108CF000130787380307470197C7FD1F9387075856
:108D00009C43635A070413074008D8CBF8C31307E2
:108D10006007D8CFF8C79306C008D4D31307E0067E
:108D2000D8D7D4DBD8DF130780072393E700F84BAD
:108D3000B7060080558FF8CB5147F8CB17C7FD1FFA
:108D4000130747515853F8DF7D5798C737071F005F
:108D50003D07D8C782801307C00845BF97C7FD1FCE
:108D600093870757984317C6FD1F1306665197C789
:108D7000FD1F9387E74D94438347160013F8F707C9
:108D8000D9C588425C42137505F83365050188C270
:108D900013F5150001C993F5050341456386A50642
:108DA000938787C14C574168130808A093E52500B5
:108DB0004CD7B3D50703B70810FEFD18B3F7070368
:108DC000FD89139545016C43B3F51501C98D6CC33D
:108DD0009305A00F3705FCFFAA07B3D7B7026C4372
:108DE000E98DBA07B983CD8F7CC383470600898B91
:108DF00099CB9C4293F7F70713E707049C4293F73C
:108E000007F8D98F9CC282809387078361BF5C5724
:108E1000F59B5CD79C4293F707F8B3E707019CC228
:108E2000E9B7411106C697C7FD1F23820748EFF037
:108E3000AFFAB240014541018280411197C7FD1F41
:108E400083C7774106C6858B9DC7EFF09FFD97C707
:108E5000FD1FA382074097C7FD1F238F073E97C7BB
:108E6000FD1F9387E74103A307010146814505459F
:108E7000B2404101028397C7FD1F938727409C435F
:108E8000FC538DE3EFF0FFF997C7FD1F2386073CE6
:108E900097C7FD1F9387C73E03A30701014681457E
:108EA0004545F9B797C7FD1F9387C73A83C7770032
:108EB0000D476317F700854717C7FD1F2307F71AEC
:108EC000B24041018280411197C7FD1F83C7A73877
:108ED00026C206C622C4858B97C4FD1F9384043A1C
:108EE000F5CB97C7FD1F2388073697C7FD1F9387CC
:108EF000273E984317C5FD1F0345853817C4FD1F3E
:108F0000130404385C578583858BB1CB504093762E
:108F10000503C145930786C16394B6009307068392
:108F2000C165938505A0B3D6B702370810FE7D183A
:108F3000B3F7B702FD8A139646017443B3F60601F0
:108F4000D18E74C39306A00F3706FCFFAA07B3D7D0
:108F5000D7027443F18EBA07B983D58F7CC31185CC
:108F6000014697C5FD1F83C565330D89EFF06FCEB0
:108F7000170500001305050BEFF08E9998408177D7
:108F8000FD175447F58F5CC70F1000009840B707D6
:108F900002001CC7930700F817C6FD1F230EF62A10
:108FA00097C7FD1F9387C72A9C439C439D83858B4E
:108FB00099CF93076019032304017CD354C701465A
:108FC000814505452244B240924441010283930702
:108FD000E01BD5B79C40FC538DE3EFF09FE497C7AF
:108FE000FD1F238B072697C7FD1F9387672903A3C0
:108FF0000701014681454545F1B797C7FD1F938796
:10900000672583C777000D476317F700854717C7A4
:10901000FD1F230CF704B240224492444101828098
:10902000011197C7FD1F83C7172306CE22CC858B5E
:1090300017C7FD1F13070722C9CF3A84EFF07FDE61
:10904000485097C7FD1FA388072081458146130616
:10905000F10097C7FD1F238107209780FD1FE78040
:10906000404393158501E1858DE15C509306F00F37
:1090700003C70700630BD70097C7FD1F83C757229D
:109080006385D7006303F700894597C7FD1F938762
:10909000271F038707006347070058508346F100E6
:1090A0002300D7009C4B505093F5F50F094582974C
:1090B00097C7FD1F83C7871F898B81CB854517C540
:1090C000FD1F0345E51EEFE07E92F240624405611C
:1090D000828097C7FD1F9387671A9C43FC538DE3DB
:1090E000EFF03FD497C7FD1F2388071697C7FD1FD2
:1090F000938707199C4B0146814549458297F1B7F3
:10910000834777000D47E312F7FC854717C7FD1F1C
:10911000230DF7F45DBF797122D452CC56CA06D61E
:1091200026D24AD04ECE5AC893070008AA8A2E8467
:10913000328A6319F602BD449780FD1FE7802060E4
:10914000E3FCA4FE97C7FD1F83C727159607C11729
:10915000E3E4A7FE97C7FD1F938747129C431307BD
:109160008007F8D317C9FD1F1309890E03270900CB
:10917000814597C4FD1F938464105C5797C9FD1FF8
:1091800093890910F19B93E717005CD717C5FD1F62
:109190000345150FEFF09FBC8327090097C5FD1FFE
:1091A000938505133706330098431377F7CF98C399
:1091B00098431377F7CF1367072098C39841144754
:1091C000D18E14C794403706030013068625B0CA13
:1091D00003A6890090C703A6C900D0C3DC4293E769
:1091E0001700DCC25C4393F7F7EF5CC3010001009A
:1091F000984197C9FD1F9389A90A17CBFD1F130B2F
:109200006B055C4393E707105CC383C7E90093E7F2
:10921000270017C7FD1F230CF7089307FAFF93F7E2
:10922000F70F05476369F70C03250B022286D685E5
:1092300023004501A300850009059780FD1FE780F5
:10924000C09B03270B029C4093150401C181B8DF2A
:1092500017C7FD1F2301070017C7FD1FA30D07FE3A
:1092600017C7FD1F230A07FE0D4797C6FD1FA386DC
:10927000E6FE13070008631EEA08F8537DFF97C750
:10928000FD1F9387A7DE9C432EC6829703A7890004
:10929000B2456368E506198D83270B023704800009
:1092A0000D811307F42F6205598D88C317C5FD1F63
:1092B000034505FD11850D89EFF00F8F8327090008
:1092C0009843418F98C3D857719BD8D797C7FD1F34
:1092D000A38407F897C7FD1FA38E07F69C40094794
:1092E00098C3B250225492540259F249624AD24A67
:1092F000424B4561828093070008E314FAF4094465
:1093000089B797C7FD1F9387E7DBDC43998F3E95AD
:1093100061B717C5FD1F0345A5F611850D89EFF04F
:10932000AF8883270900B7068000171500001305D2
:1093300045109843558F98C3D857719BD8D7EFE005
:109340003EDD97C7FD1F238307F697C7FD1FA38543
:1093500007F097C7FD1FA38F07EE9C40094798C3EE
:1093600083C7C90093F7F70FE5DFA5BF1C49638DDD
:109370000718411122C406C626C2834705002A8465
:1093800093F7070489C75C410945638E07101306EC
:109390000002814517C5FD1F130585EE9780FD1F4F
:1093A000E780C08C13060002A28517C5FD1F1305B8
:1093B00025ED9780FD1FE780408497C7FD1F83C779
:1093C000B7ED97C4FD1F9384A4EB99E79307800240
:1093D00017C7FD1FA302F7EC97C7FD1F83C7E7EB75
:1093E00091E7A14717C7FD1F2309F7EA97C7FD1F9C
:1093F00083C7B7EA91E7C54717C7FD1FA30FF7E873
:1094000097C7FD1F83C787E991E7ED5717C7FD1F72
:109410002306F7E897C7FD1F83C757E891E7ED5785
:1094200017C7FD1FA30CF7E68347040093F7070453
:1094300091CFDC4037B724001307F7E9636AF706DA
:109440009307500217C7FD1FA30CF7E297C7FD1F34
:10945000938707E5C84309C59780FD1FE780604BE8
:1094600097C7FD1F23A007E483C70400858B85C32E
:1094700017C5FD1F034595E29305900409059780E4
:10948000FD1FE780E03997C7FD1F23ADA7E083C725
:109490001400014517C7FD1FA30BF7E09C4417C735
:1094A000FD1F2329F7E0B24022449244410182800B
:1094B000370725009306F74863EDF6003767DBFFB3
:1094C00013070793BA971307007DB3D7E702FD1779
:1094D00095BF130707496395E700930760029DB79F
:1094E00037D725001307F777636DF7003767DBFF82
:1094F00013070793BA971307007DB3D7E702F9174D
:1095000091B7930770023DBF05458280797126D2DD
:1095100097C4FD1F9384C4D69C4406D622D44AD057
:109520004ECE52CC56CA5AC85EC662C4638807245F
:1095300017C7FD1F034777D29547AA8B17CAFD1F90
:10954000130A4AD10945630EF71E0D452E84328B4E
:10955000368CEFF0AF9097C7FD1F83C727D5898B57
:1095600097CAFD1F938ACAD385CB3D499780FD1FBB
:10957000E780E01CE37CA9FE97C7FD1F83C7E7D106
:109580009607C117E3E4A7FE97C7FD1F938707CF90
:109590009C4313078007F8D397C9FD1F938949CBD4
:1095A00003A709005C57F19B93E717005CD783C7BB
:1095B000CA00898B99E783C7040093F70704639E69
:1095C0000718814517C5FD1F034595CBEFF00FF92F
:1095D00083A7090097C5FD1F938585CF3706330004
:1095E000984317C9FD1F130969C91377F7CF98C3AB
:1095F00098431377F7CF1367072098C39841144710
:10960000D18E14C78326090037060300130686256A
:10961000B0CA904490C7D044D0C383C7040013F6A7
:109620001700DC42F99BD18FDCC25C4393F7F7EF64
:109630005CC30100010098415C4393E707105CC3E1
:1096400083C7EA0093E7270017C7FD1F2301F7C66A
:1096500097C7FD1F238667C597C7FD1FA38287C5D0
:1096600063800B1003250A022286DE852300650134
:10967000A300850009059770FD1FE7800058832728
:109680000A02032709003CDF97C7FD1F238507BC9B
:1096900097C7FD1FA38107BC97C7FD1F238E07BA7D
:1096A0008D4797C6FD1FA38AF6BA83C7CA00898B68
:1096B0009DCB7C53FDFF97C7FD1F9387279B9C4342
:1096C000829703A78A006363E50A198D83270A023C
:1096D00009041374F40FA38087000D81A2972380DF
:1096E0000700A380A70017C5FD1F034565B91185B5
:1096F0000D89A285EFE05FCB83C7040017F5FFFF5C
:109700001305A57C858B89E717F5FFFF13052573E6
:10971000EFE01EA083A70900B7068000014598432B
:10972000558F98C3D857719BD8D797C7FD1FA3856E
:1097300007B297C7FD1FA38F07B08327090009470A
:1097400098C3B250225492540259F249624AD24A02
:10975000424BB24B224C456182808945C840BDB521
:1097600083270A02014423A0670111BF97C7FD1F89
:1097700093874795DC43998F3E9589BF0545D1B7BF
:109780007971B7E700E026D284433707200006D678
:1097900022D44AD04ECE52CC56CAF98C23A0E71818
:1097A0000F10000017C4FD1F130484AD184409EF07
:1097B00023A097100545B250225492540259F24901
:1097C000624AD24A4561828017C7FD1F130707BA54
:1097D0000327470A09C723A097100945E9BF834714
:1097E0000400328AB689858B2E86AA8ABDC717C91E
:1097F000FD1F1309E9AA8327490095E317C5FD1F3B
:109800000345D5A92EC60905930590049780FD1F31
:10981000E7800001324697C7FD1F23A5A7A883272D
:10982000490099E7B7E700E023A097100D4561B71D
:1098300017C7FD1F0347E7A62380E70083274900DA
:10984000638F0A0429CEA380C70003254900D6856B
:1098500009059770FD1FE780403A17C7FD1F0347B2
:10986000D79F9547630CF70097C7FD1F83C7079FD6
:1098700019476385E7000D476396E70297C7FD1F09
:1098800083C7D79D99E79307801017C7FD1F23173C
:10989000F79CB7E700E023A09710014529BFA380FC
:1098A000070065BF17C9FD1F1309499D83270900DC
:1098B00098430D8B0DC717B7FD1F2308077AB84BC8
:1098C0001377F78FB8CB98431367870098C39C43EF
:1098D0008D83858B89C7010001000100010083276A
:1098E00009003707020097CAFD1F938A6A9B23A2CB
:1098F000070698C797C7FD1F2380079697C7FD1FC8
:1099000083C7C79A918B89EB97C5FD1F83C5459780
:1099100093F70504639C0712814517C5FD1F034596
:109920003596EFF0AFC317C5FD1F0345659511854B
:10993000014697C5FD1F83C565960D89EFE07FB190
:1099400017C7FD1F1307C79014441C4394C7544402
:10995000D4C383260900834704003A8413F6170012
:10996000DC42F99BD18FDCC283A74A00BCDE97C7DB
:10997000FD1FA388479397C7FD1F2384379383C791
:10998000EA0093E7470097C6FD1F2382F6929307EC
:10999000000497C6FD1F238FF68A97C7FD1F238DEE
:1099A000078AA14797C6FD1FA389F68A97B7FD1FAF
:1099B0009387876C9C5791CB13060064C14517C5EC
:1099C000FD1F0345E58EEFE08EA2832709001705F2
:1099D000000013052533DC43858B89E7170500005C
:1099E0001305C507EFE0CEF2184097C6FD1F93861A
:1099F000268E370633001C4393F7F7CF1CC31C4356
:109A000093F7F7CF93E707201CC39C429847518FE9
:109A10000326090098C7370703001307871538CABC
:109A200017C7FD1FA30A078217C7FD1FA3040782DC
:109A3000054718C2D8431377F7EFD8C301000100D8
:109A400098425C4393E707105CC3A1B593F5050307
:109A500093E515004840F1B5011197B7FD1F83C785
:109A6000777F06CE22CC26CA4AC8858B17B7FD1F42
:109A70001307477E6386072497B7FD1FA38C077CD7
:109A80003A84A30701004453EFF0AFB997C7FD1F15
:109A900083C7C781918B97C6FD1F9386668017B9D0
:109AA000FD1F1309E97D638A071A83C71400A6976F
:109AB00003C7070093070008631AF70083470900EC
:109AC00093E7870017B7FD1F230CF77A5C4C0D470F
:109AD000637FF710F11717B7FD1F232BF7785C4C46
:109AE000984663EDE7103387E74083C7140003C649
:109AF000C600A69783C71700620661868E0763506B
:109B0000061263F4E7101D8F9306000263EBE60074
:109B1000584C636FF70EB307F74017B7FD1F2325A7
:109B2000F778894517B5FD1F03458578EFD01EEC02
:109B300083470900A18B638D071097B7FD1F93879B
:109B4000E77394439307800C1307F00FFCD21C506B
:109B500037063300014598C397B7FD1F238D076E65
:109B600097B7FD1FA389076E97B7FD1F2386076E62
:109B700097B7FD1FA382076E97B7FD1F9387476DA9
:109B800098431C4393F7F7CF1CC31C4393F7F7CFBD
:109B900093E707201CC397B7FD1F9387677398430C
:109BA00097B5FD1F83C5C56D91851C478D89D18FE4
:109BB0001CC7B707030093878725BCCA0546978053
:109BC000FD1FE780209683470900DD9B17B7FD1F27
:109BD0002308F76A97B6FD1F83C6A66C17B6FD1F4C
:109BE0000346366C81450145EFF09FB9E1A017B7F8
:109BF000FD1F1307274D5843BA97E9BD17B6FD1F40
:109C00001306464C5042B297F9BD3387E740EDBD8D
:109C100097B6FD1F9386064BD4423697EDBD584C40
:109C20006361F702B307F74017B7FD1F232EF766EE
:109C300083C7C60093E7070817B7FD1F2308F76619
:109C4000CDB517B6FD1F1306E64750423297D9BF70
:109C500083C71400F917A380F4004850814681455A
:109C60001306F1009780FD1FE780A0825C509315DA
:109C700085019306F00F03C70700E185630CD70049
:109C800097B7FD1F83C7F7616386D7006304F700AA
:109C900093E525008307090063C7070089E583472B
:109CA000F1002380F40083270901505093F5F50F4C
:109CB0000D458297F2406244D24442490561828058
:109CC00097B7FD1F9387875B9C43FC5399EFEFF099
:109CD0004F9597B7FD1F9387273A9C5BE38C07EE60
:109CE0008545130510088297F5B58347770021470E
:109CF000E312F7FC854717B7FD1F2308F7365DBF52
:109D0000797197B7FD1F83C7E75406D622D426D2B0
:109D10004AD04ECE52CC858B17B7FD1F1307875301
:109D2000638407260329470281461306F100814513
:109D30004A853A84A307010097B7FD1F238C07507B
:109D40009770FD1FE780E074131A8501135A8A414A
:109D500063120A0297B7FD1F83C7B7549306F00F2B
:109D6000638AD7005850034707006305D700630391
:109D7000F700094A97B4FD1F938484508387040039
:109D800097B9FD1F9389C95163C6071463160A1456
:109D90008347F1002300F90083C7C900918BD1CB21
:109DA0005C4C0D47637DF716F11717B7FD1F232194
:109DB000F74C5C4C03A7890063EAE7163387E7405A
:109DC0008347190083C6C900CA9783C71700E206F4
:109DD000E1868E0763DD061663F1E7161D8F930695
:109DE000000263EBE600584C636CF714B307F740CE
:109DF00017B7FD1F232AF74A894517B5FD1F0345ED
:109E0000254BEFD0BEBE834719003307F9008346C8
:109E10000700130700086395E6161C501307F00FA0
:109E200098C383C7040093E7870017B7FD1F230972
:109E3000F74497B7FD1F9387A74998435C578583DD
:109E4000858BA1C3DC40C165938505A0B3D6B7025D
:109E5000370510FE7D15B3F7B702FD8A139646014C
:109E60007443E98ED18E74C39306A00F3706FCFFAE
:109E7000AA07B3D7D7027443F18EBA07B983D58F37
:109E80007CC383A7490017B5FD1F0345653F1185B6
:109E900083C517000D89EFE02FD1170500001305CA
:109EA0006513EFE0EEA697B7FD1F9387673A9C43D3
:109EB000B70680009843558F98C3D857719BD8D761
:109EC00083C70400A18BA1E79C48505081450D45F4
:109ED000829735A8E3020AECEFE00FF09C4850505F
:109EE0000D459375FA0F829703A5490017B6FD1F1C
:109EF0000346363B97B6FD1F83C6A63A09C5834580
:109F00001500090519A081450145EFF07F87B25082
:109F1000225492540259F249624A4561828017B72D
:109F2000FD1F1307271A5843BA97BDBD97B6FD1FEB
:109F300093864619D442B69751B53387E74045B565
:109F400097B6FD1F93860618D442369745B5584CF0
:109F50006361F702B307F74017B7FD1F2326F734F5
:109F600083C7C90093E7070817B7FD1F2300F7341D
:109F700061B597B6FD1F9386E614D4423697D9BFD4
:109F8000F917A300F90075B597B7FD1F9387072F41
:109F90009C43FC539DE3EFE0DFE897B7FD1F9387F9
:109FA000A70D9C5B89C7894513051008829797B751
:109FB000FD1F9387E72EC84315BF834777002147CE
:109FC000E317F7F4854717B7FD1F2300F70A81B79A
:109FD000411197B7FD1F83C7F72706C622C4858B9B
:109FE0008DCB97B7FD1FA3870726EFE09FE397B7B9
:109FF000FD1F9387E72803C707003E84218B21E7D5
:10A0000003A307010146814511452244B2404101A5
:10A01000028397B7FD1F938767269C43FC53ADE7E8
:10A0200097B7FD1F238A072297B7FD1F9387472500
:10A0300003C707003E84218B19E703A307010146EC
:10A0400081455145D9B797B7FD1F93876725C84309
:10A0500017B6FD1F0346F62497B6FD1F83C6662478
:10A060000DC1834515000905EFF08FF1834704000A
:10A07000DD9B17B7FD1F2305F720B24022444101A5
:10A08000828081450145CDB7854717B7FD1F230E57
:10A09000F7FCE5B74111B7E700E022C4804337077A
:10A0A000200006C6798C23A0E7180F10000097B790
:10A0B000FD1F238E071E97B7FD1F9387671EC8439A
:10A0C00009C59780FD1FE780C08497B7FD1F23ABAC
:10A0D000071C17B7FD1F0347771897B7FD1F938716
:10A0E000671701CF97B6FD1F83C6461721476396B2
:10A0F000E60017B7FD1FA303071603C777009946AD
:10A100006387E60003C777009D46639DE60083C72B
:10A11000770017B7FD1F2303F714854717B7FD1FF7
:10A12000A30EF712EFE04FCBC14517B5FD1F034556
:10A13000251897B7FD1F238A07F2EFD01ED6B7E781
:10A1400000E023A08710B2402244014541018280F3
:10A15000411106C622C426C217B4FD1F13044414BD
:10A16000EFF05FF38347F400A14517B5FD1F0345EA
:10A17000251417B7FD1FA305F7105C4897B4FD1F02
:10A180009384041017B7FD1F2320F710EFD0FED0E3
:10A19000914517B5FD1F0345A511EFD01ED083478C
:10A1A000C400898B9DC39C4801468145130520024C
:10A1B00082972244B240924497B7FD1F2388070E2E
:10A1C0008945014541016FD05EF38347C400918BFF
:10A1D000EDD39C480146814513054002D1BF97B796
:10A1E000FD1F83C7A70C898B638C0712011152C412
:10A1F00006CE22CC26CA4AC84EC656C25AC017B787
:10A20000FD1F034797058D4717BAFD1F130A8A04E0
:10A2100091456300F70C354501798569EFE00FC47E
:10A22000A14417B4FD1F130464057D19938929F90E
:10A230001306000881450145EFE0FFEDB70A020073
:10A24000130B00F883472A00858B8DE31C40FC53D9
:10A25000F5FBFD14F1FC6244F240D2444249B2499C
:10A26000224A924A024B05616FF09FEE17B5FD1F1F
:10A2700003450501118501469305F00F0D8997B738
:10A28000FD1F238A07FCEFE0CF9C97B5FD1F83C518
:10A2900025FF91851306F00F8D8905459770FD1FE9
:10A2A000E780402883473A00858BB9C397B7FD1FE5
:10A2B000A38307FAEFE0FFB697B7FD1F938747FE2A
:10A2C00083C7C700854593E7070817B7FD1F230F0E
:10A2D000F7FC6244F240D2444249B249224A924ACF
:10A2E000024B17B5FD1F0345A5FC05616FD00EF0AD
:10A2F000EFE03FB31C40D847B3762701D4C70F1017
:10A3000000001C4023A4570197B6FD1F238666F565
:10A3100023A23707D8C71C40FC538DDB0100E5BFE3
:10A320008280411122C406C693F715002E84A1CB6A
:10A3300097B7FD1F83C787F7898B85CF97B7FD1F19
:10A34000938707F683C7C70017B5FD1F034545F67A
:10A3500013060005E207E18763DA070017B6FD1F61
:10A36000034696F39307000A3306F6029145EFD0B1
:10A370001E8813451400B24022444101828093F7A5
:10A380002500B9C797B7FD1F83C747F2918B95CFBB
:10A3900097B7FD1F9387C7F083C7C70017B5FD1F89
:10A3A000034505F11306000AE207E18763DC0700B5
:10A3B00017B6FD1F034656EE9307000A3306F60252
:10A3C00013068602A145EFD09E821345240065B78F
:10A3D00093F7450091C7EFF09FE01345440061BF3C
:10A3E00093F7850081CF97B7FD1F83C727EC918B2B
:10A3F00099C3EFF0FFD513458400B5BF93F705016E
:10A400000145B5DBEFE0CE9717B7FD1F0347F7E433
:10A41000A147631BF70013060064C14517B5FD1F74
:10A42000034505E9EFD0AEFC13450401A9B741117E
:10A4300097B7FD1F83C727E206C622C426C2858BB5
:10A440006384071E17B5FD1F034585E3118501468B
:10A45000930500020D8997B7FD1F238E07DEEFD00D
:10A460005FFF97B5FD1F83C5A5E191851306F00F2A
:10A470008D89054597B4FD1F9384C4DD9770FD1F3A
:10A48000E780400A83C73400858B638F0718C85064
:10A4900097B7FD1FA38107DC81460146814597B729
:10A4A000FD1F238A07DA9770FD1FE78080FE631D7A
:10A4B0000516C0509547034724006317F716194641
:10A4C00097B5FD1F9385C5BC130594009760FD1FCC
:10A4D000E780207E85476319F5149C501947814514
:10A4E00098C317B5FD1F0345A5D911850D89EFD078
:10A4F000BFEB97B5FD1F83C5A5D8918501468D8912
:10A500000D459770FD1FE780E00183C72400858B10
:10A51000638C071097B7FD1F238F07D297B7FD1FD6
:10A520009387C7B49C43829797B7FD1F23AEA7D6E6
:10A53000EFF05FB697B7FD1FA38407D497B7FD1F51
:10A54000A38607D6834734018146814517B7FD1F8F
:10A55000A304F7D4834744011305000217B7FD1F76
:10A56000230DF7D28347540117B7FD1FA307F7D276
:10A57000034704018347F40022075D8F83471401DA
:10A58000C2075D8F83472401E207D98F17B7FD1FEC
:10A59000232CF7CE034774018347640122075D8FA4
:10A5A00083478401C2075D8F83479401E207D98FF7
:10A5B00017B7FD1F2320F7CE17B7FD1FA30A07CE3D
:10A5C000014733D6D700058A09C605071377F70F69
:10A5D00085458506E397A6FE89C597B7FD1FA38924
:10A5E000E7CC8347A40193053400194617B7FD1F34
:10A5F0002304F7CA17B5FD1F130545CC894717B7C4
:10A60000FD1F2305F7CA9760FD1FE780005F224406
:10A61000B240924417B5FD1F034585C91306800259
:10A62000914541016FD0AEDCEFD01FFBB240224418
:10A63000FD5717B7FD1F230BF7C6924441018280D7
:10A64000411106C622C4EFE00FE113064002814526
:10A6500017B5FD1F1305C5C49760FD1FE780006196
:10A6600017B4FD1F1304C4C3FD57170500001305DD
:10A6700085CB1CC0EFD03EBF2308A400B2402244CB
:10A6800001454101828097B7FD1F938767C49C43B2
:10A6900013070048B70600F998D7D85FFD16758FE5
:10A6A000B7060002558FD8DFD85FB70600400E0707
:10A6B0000D83558FD8DFF84BC576FD16419B136788
:10A6C0009700F8CBD85F758F9566558FD8DF985B6C
:10A6D0009D661367077098DB985B558F98DB985BD6
:10A6E000B7060700558F98DB985BB7060090FD16FC
:10A6F000758FB7060010558F98DBF847B706F9FF3E
:10A70000FD16619BF8C7F84F758FF8CFF84FB70665
:10A7100090FFFD16758FF8CF17B7FD1F03470797FA
:10A720001377070C19C7B847B7060080558FB8C70D
:10A730008280B84706070583DDBF17B7FD1F1307E3
:10A7400027B91C4341767D16B44BF18EB4CB9447A8
:10A7500037062000D18E94C7D44793E60601D4C7AC
:10A76000D447BD9AD4C70100010001000100144381
:10A770000566DC4693E70701DCC6DC42D18FDCC20C
:10A7800097B7FD1F938787AF9043930740067CD20E
:10A790007C5291C783A7C609A183858BF5DB010095
:10A7A0000100010001001C43416603A7C709B44B27
:10A7B000D18EB4CB9376F701B84B019B558FB8CBB4
:10A7C0009847B706E0FFFD16758F98C7828097B748
:10A7D000FD1F9387E7AF9C4341777D17B44F4166D8
:10A7E000F98EB4CF9447D18E94C7D44793F6F6EF41
:10A7F000D4C7D443758FD8C3D44793E60610D4C7C3
:10A80000D843518FD8C38280397122DC17B4FD1F21
:10A81000130404AC1C4006DE26DA4AD84ED652D4C5
:10A8200056D25AD05ECE62CC66CA6AC86EC6D843CB
:10A83000FD76FD161377F7EFD8C39857758F98D725
:10A84000D857B70602003D9BD8D79847558F98C771
:10A85000D84313670701D8C317B7FD1F1307C7A64F
:10A8600014433757341213078767E38FE64AD843F8
:10A8700081749384F40F799BD8C3985FB1669386F3
:10A8800006F0658F558F98DFD84313671700D8C33C
:10A890009770FD1FE78020F51C4003A70709137779
:10A8A000F7032382E19403A7470929831377F70766
:10A8B000A382E194D843B96693860670799BD8C386
:10A8C000985F658F558F98DFD84313671700D8C3FB
:10A8D0009770FD1FE78020F11C4003A7070913773D
:10A8E000F70397B6FD1FA387E69E03A747092983B1
:10A8F0001377F70797B6FD1F238AE69CD843B56602
:10A9000093860630799BD8C3985F658F558F98DF03
:10A91000D84313671700D8C39770FD1FE780A0ECDA
:10A9200018408327070993F7F70397B6FD1F238382
:10A93000F69A83274709A98393F7F70717B7FD1FEF
:10A940002302F7981C4017BCFD1F034CAC9883C62C
:10A95000419403A7070AB386864113F6F600419B8C
:10A96000518F23A0E70A130760023387E60213061C
:10A97000700283A5070A7D7E130EFE0F93F5F5F096
:10A980001305400245737D13130430023347C70299
:10A99000B708F1FFFD1813082002930E10027D4F37
:10A9A000F94FF542F1436D4DD14B454BBD4439490B
:10A9B000314AAD4AB5493D8B12074D8F9305500280
:10A9C00023A0E70A3387B60283A5070AB3F5C501BA
:10A9D0003347C7023D8B22074D8F23A0E70A3387F9
:10A9E000A60283A5070A370500F17D15B3F56500BA
:10A9F0003347C7023D8B32074D8F23A0E70A3387C9
:10AA0000860283A5070A6144B3F515013347C702DF
:10AA10003D8B42074D8F23A0E70A3387060383A5AA
:10AA2000070A370810FF7D18B3F505013347C70241
:10AA30003D8B52074D8F23A0E70A3387D60383A5AA
:10AA4000070AB70E0010FD1EE98D3347C7023D8B84
:10AA500062074D8F23A0E70A139756003347C702BA
:10AA60009315C70103A7070A3377D7014D8F23A09A
:10AA7000E70A3387E6035D4F3347C7029375F70054
:10AA800003A7470A419B4D8F23A2E70A3387F603AA
:10AA900083A5470AD94F93F5F5F03347C7023D8B9D
:10AAA00012074D8F23A2E70A3387560283A5470A70
:10AAB000D542B3F5C5013347C7023D8B22074D8F01
:10AAC00023A2E70A3387760283A5470ACD43B3F56D
:10AAD00065003347C7023D8B32074D8F23A2E70A3B
:10AAE0003387A60383A5470A494DB3F515013347BC
:10AAF000C7023D8B42074D8F23A2E70A6947338780
:10AB0000E60283A5470AB3F505013347C7023D8B2B
:10AB100052074D8FE54523A2E70A3387B60283A586
:10AB2000470AE98D3347C7023D8B62074D8F23A249
:10AB3000E70A338786020D443347C7029315C701DE
:10AB400003A7470A3377D7014D8F23A2E70A33873C
:10AB5000E603254F3347C7029375F70003A7870A1B
:10AB6000419B4D8F23A4E70A3387F60383A5870A09
:10AB70009D4F93F5F5F03347C7023D8B12074D8F7C
:10AB800023A4E70A3387560283A5870A9942B3F5BF
:10AB9000C5013347C7023D8B22074D8F23A4E70A27
:10ABA0003387760383A5870AB3F565003347C70269
:10ABB0003D8B32074D8F23A4E70A3387760283A5A6
:10ABC000870A9543B3F515013347C7023D8B42070A
:10ABD0004D8F23A4E70A3387A60383A5870A294D4F
:10ABE000B3F505013347C7023D8B52074D8F23A4B0
:10ABF000E70A3387660383A5870AE98D3347C702CF
:10AC00003D8B62074D8F93954600B3C5C50223A4C3
:10AC1000E70A03A7870A3377D701F2054D8FB3857B
:10AC2000960223A4E70A03A7C70A419BB3C5C5023E
:10AC3000BD894D8F23A6E70A3387260383A5C70A5C
:10AC400093F5F5F03347C7023D8B12074D8FB3C51F
:10AC5000860223A6E70A03A7C70A3377C701BD897F
:10AC6000A2054D8F23A6E70A3387460383A5C70AAB
:10AC7000B3F565003347C7023D8B32074D8F23A6DE
:10AC8000E70A3387560383A5C70AB3F5150133478F
:10AC9000C7023D8B42074D8F23A6E70A3387A603E1
:10ACA00083A5C70AB3F505013347C7023D8B520799
:10ACB0004D8F23A6E70A3387E60383A5C70AE98DEC
:10ACC0003347C7023D8B62074D8F93953600B3C55E
:10ACD000C50223A6E70A03A7C70A3377D701F205FF
:10ACE0004D8FB385F60323A6E70A03A7070B419B05
:10ACF000B3C5C502BD894D8F23A8E70A3387560225
:10AD000083A5070B93F5F5F03347C7023D8B120778
:10AD10004D8F23A8E70A3387760283A5070BB3F587
:10AD2000C5013347C7023D8B22074D8F23A8E70A91
:10AD3000139726003347C70283A5070BB3F56500B9
:10AD40003D8B32074D8FB3C5360323A8E70A03A70F
:10AD5000070B33771701BD89C2054D8F23A8E70A7A
:10AD6000139716003347C70283A5070BB3F50501F8
:10AD70003D8B52074D8FB3C5C60223A8E70A03A730
:10AD8000070B698FBD89E2054D8F23A8E70A03A74A
:10AD9000070B930580023377D70123A8E70A17A78B
:10ADA000FD1F034737533307EC40B34DB70283AC65
:10ADB000470B93FC0CFFB34B770393FDFD00B3EC03
:10ADC000BC0123AA970B83AC470BCD4D93FCFCF041
:10ADD00093FBFB00920BB3EB7C0123AA770BB30B25
:10ADE000870283AC470BB3FCCC01B3CBBB0293FB14
:10ADF000FB00A20BB3EB7C01B34CA70323AA770B98
:10AE000083AB470BB3FB6B0093FCFC00B20CB3EBC2
:10AE10009B0123AA770BA14BB34B770383AC470B62
:10AE2000B3FC1C0193FBFB00C20BB3EB7C0123AA18
:10AE3000770BB30B570283AC470BB3FC0C01B3CBBE
:10AE4000BB0293FBFB00D20BB3EB7C0123AA770B75
:10AE5000B30BF70383AC470BB3FCAC00B3CBBB0223
:10AE600093FBFB00E20BB3EB7C01B34C770223AA0C
:10AE7000770B83AB470BB3FBDB01F20CB3EB9B010E
:10AE8000B30CE70323AA770B83AB870B93FB0BFF72
:10AE9000B3CCBC02B30A570393FCFC00B3EB9B0199
:10AEA00023AC770B914B83AC870B93FCFCF0B34B3B
:10AEB0007703330A470393FBFB00920BB3EB7C0150
:10AEC00023AC770B83AB870BD54CB3FBCB01B3CA59
:10AED000BA02B309370393FAFA00A20AB3EA5B0194
:10AEE00023AC570B83AA870BD94BB3FA6A00334ABA
:10AEF000BA0233092703137AFA00320A33EA4A0105
:10AF000023AC470B03AA870BE14A337A1A01B3C972
:10AF1000B902B304970293F9F900C209B3693A017F
:10AF200023AC370B83A9870B654AB3F90901334971
:10AF3000B902B3C4B4021379F900520933E9290103
:10AF400023AC270B03A9870BE9493379A900330BFD
:10AF50006703BD88E204B36499001319470023AC6A
:10AF6000970A83A4870BB3F4D4013349B902334B56
:10AF7000BB027209B3E4240123AC970A83A4C70B74
:10AF8000C198137BFB0033EB6401C944B3049702FF
:10AF900023AE670B03A9C70B5D4B1379F9F0B3C45C
:10AFA000B402BD889204B364990023AE970AB30437
:10AFB000B70303A9C70BF54D3379C901B3C4B40274
:10AFC000BD88A204B364990023AE970A8944B344B0
:10AFD000970203A9C70B33796900BD88B204B36433
:10AFE000990023AE970AB304970303A9C70BF94C42
:10AFF00033791901B3C4B402BD88C204B3649900A3
:10B0000023AE970AB304770303A9C70BFD4B33792B
:10B010000901B3C4B402BD88D204B364990023AE5D
:10B02000970AB304670303A9C70B130B1002337904
:10B03000A900B3C4B402BD88E204B364990023AE8E
:10B04000970AB304570303A9C70B930A2002337965
:10B05000D901B3C4B402F204B364990023AE970AD1
:10B06000B304470303A9070C130A3002137909FF3D
:10B07000B3C4B402BD88B364990023A0970CB30491
:10B08000370303A9070C930940021379F9F0B3C4FD
:10B09000B402BD889204B36499006D4923A0970C53
:10B0A000B304270303A9070C3379C901B3C4B4025D
:10B0B000BD88A204B364990023A0970CF144B304A3
:10B0C000970203A9070C33796900B3C4B402BD88A1
:10B0D000B204B364990023A0970CB304B70303A987
:10B0E000070C33791901B3C4B402BD88C204B36438
:10B0F000990023A0970CB304970303A9070C337995
:10B100000901B3C4B402BD88D204B364990023A07A
:10B11000970CB304770303A9070C3379A900B3C4D0
:10B12000B402BD88E204B364990023A0970C931481
:10B130005700B3C4B4021399C40183A4070C3306A7
:10B14000C702B3F4D401B3E4240123A0970C03A9EC
:10B15000470C137909FFB3046703B3C4B402BD8875
:10B16000B364990023A2970CB304570303A9470CB7
:10B170001379F9F0B3C4B402BD889204B3649900A2
:10B1800023A2970CB304470303A9470C3379C901E1
:10B19000B3C4B402BD88A204B364990023A2970C7F
:10B1A000B304370303A9470C33796900B3C4B4026D
:10B1B000BD88B204B36499001309500223A2970C0E
:10B1C000B304270303A9470C33791901B3C4B402AC
:10B1D000BD88C204B364990023A2970C9304600253
:10B1E000B304970203A9470C33790901B3C4B4022D
:10B1F0003346B602BD88D204B364990023A2970CEB
:10B2000083A4470CE98C3D8A6206458E23A2C70CB5
:10B2100003A6470C9314C7013376D601458E23A2AB
:10B22000C70C130690023306C70283A4870CC1988B
:10B230003346B6023D8A458E23A4C70C1306A002EE
:10B240003306C702B345B60203A6870C1376F6F0A1
:10B25000BD899205D18D23A4B70C97A5FD1F83C589
:10B26000650617A6FD1F034666063386C540B30470
:10B27000A60303A9870C3379C901B3C4E40293E49C
:10B280008400BD88A204B364990023A4970CB3047E
:10B29000E60303A9870C33796900B3C4E40293E49D
:10B2A0008400BD88B204B364990023A4970C93145E
:10B2B0003600B3C4E40203A9870C3379190193E47F
:10B2C0008400BD88C204B364990023A4970CB3041E
:10B2D000F60303A9870C33790901B3C4E40293E4AC
:10B2E0008400BD88D204B364990023A4970CB304EE
:10B2F000560203A9870C3379A900B3C4E40293E48E
:10B300008400BD88E204B364990023A4970CB304BD
:10B31000760203A9870C3379D901B3C4E40293E41C
:10B320008400F204B364990023A4970C93142600BC
:10B33000B3C4E40203A9C70C137909FF93E48400A2
:10B34000BD88B364990023A6970CB304860203A9B1
:10B35000C70C1379F9F0B3C4E40293E48400BD8808
:10B360009204B364990023A6970C93141600B3C4F7
:10B37000E40203A9C70C3379C9013347E60293E419
:10B380008400BD88A204B364990023A6970C03A689
:10B39000C70C33766600136787003D8B3207518FE9
:10B3A00023A6E70C03A7C70C3377170123A6E70CE6
:10B3B00003C751940D8F3346D70293F5F507E20585
:10B3C0003D8A9314460103A6C70C330487023376E3
:10B3D0000601458E23A6C70C1316170083A4C70CBD
:10B3E000E98C3346D6023D8A6206458E23A6C70CF9
:10B3F00003A6C70C3344D402B37ED601131627002C
:10B40000B3037702720433E48E0023A6870C33461D
:10B41000D602B3025702937EF60003A6070D419AA7
:10B420003366D60123A8C70C03A6070DB3C3D30206
:10B430001376F6F0B3C2D20293F3F3009203B36330
:10B44000760023A8770C03A6070D337EC601B30F41
:10B45000F70393F2F200A202B3625E0023A8570C36
:10B4600003A6070D3373660013163700B3CFDF0250
:10B47000330FE70393FFFF00B20FB36FF30123A86D
:10B48000F70D03A3070DB37813013346D602330D2E
:10B49000A7033D8A420633E6C80023A8C70C03A6CB
:10B4A000070D33780601334FDF02B346DD02137F09
:10B4B000FF00520F336FE80123A8E70D03A7070D24
:10B4C000798DBD8AE206C98E23A8D70CD84385663C
:10B4D0003D9BD8C3D843799BD8C39857558F98D7ED
:10B4E000D857B7060081FD1613670701D8D7137721
:10B4F000FC0303AC8703137C0CFC336CEC0023AC23
:10B500008703985F758FD98D8CDF6254F250D254C7
:10B510004259B259225A925A025BF24B624CD24CB7
:10B52000424DB24D2161828097A7FD1F23AE07D8FF
:10B530006FF04FC197A7FD1F938787D998435C434E
:10B5400093E707105CC38280411106C6EF000071CB
:10B5500093056040EF10D07EB240014541018280EA
:10B560006F00807519C591C509C68357060001454E
:10B570009DE301110565C9471306F100130555C385
:10B58000854506CEA307F100EF10507BF24003453E
:10B59000F100056182808280011197A7FD1F238D34
:10B5A000A7E005651306F100130595C4854506CE91
:10B5B000A3070100EF109078F2400345F100056108
:10B5C000828001111305910006CEEF006071230403
:10B5D000A1000565300025059D45EF103076F2404D
:10B5E000034581000561828001119305F10006CEBB
:10B5F00022CC2A84EF0000712306A1000565A30672
:10B60000810070002180130555409145230781007A
:10B61000EF10D072F24062440345C10005618280A0
:10B6200001111305D10006CEEF00E06F2306A10043
:10B630000965700009059145EF105070F24003450F
:10B64000C10005618280011106CE0927A307A10070
:10B6500009651306F10015058545EF10306EF240BF
:10B660000345F10005618280011106CEEF000079EB
:10B67000A307A10009651306F10029058545EF1010
:10B68000F06BF2400345F10005618280011106CEA6
:10B69000EF005006A307A10009651306F100390564
:10B6A0008545EF10B069F2400145056182800111C6
:10B6B00006CEEF00703FA307A10009651306F10055
:10B6C00041058545EF109067F2400345F1000561A3
:10B6D0008280011106CEEF00501DA307A10009656D
:10B6E0001306F10045058545EF105065F24003450E
:10B6F000F10005618280411106C622C4EF00B0232B
:10B700008965CD052A84EF10B0632285B2402244BA
:10B710004101828001111305510006CEEF00103E59
:10B720002302A100096550006105A545EF101061D5
:10B73000F240014505618280411106C6EF00703F6D
:10B740008965E505EF10D05FB24001454101828077
:10B75000011106CE22CC2A84EF00D0522306A1008C
:10B760000965A30681007000218069058D452307C6
:10B770008100EF10B05CF2406244014505618280B7
:10B78000011106CE22CC2A84EF0090622306A1008C
:10B790000965A3068100700021806D058D45230792
:10B7A0008100EF10B059F24062440145056182808A
:10B7B000011106CE22CC2A84EF0040762306A10098
:10B7C0000965A306810070002180130505028D45DF
:10B7D00023078100EF109056F24062440145056155
:10B7E0008280011106CE22CC2A84EF0010082306A5
:10B7F000A1000965A30681007000218013051502D0
:10B800008D4523078100EF107053F24062440145DB
:10B8100005618280011106CEEF00905EA307A100B2
:10B8200009651306F100130575028545EF101051E7
:10B83000F2400345F10005618280011106CEEF0060
:10B840007067A307A10009651306F10013059502AF
:10B850008545EF10B04EF2400345F100056182804E
:10B86000011106CEEF00D069A307A10009651306F8
:10B87000F1001305D5028545EF10504CF240034509
:10B88000F10005618280011106CEEF00706DA30703
:10B89000A10009651306F1001305E5028545EF10C7
:10B8A000F049F2400345F10005618280011106CEA6
:10B8B000EF00F06FA307A10009651306F10013055F
:10B8C00015038545EF109047F2400345F1000561EF
:10B8D000828039711303D1021ACE0343810506DE3B
:10B8E0001ACC034341051ACA034301051AC803438E
:10B8F000C1041AC6034381041AC4030341041AC2D3
:10B90000034301041AC0EF00106F2306A10209656A
:10B910007010130565038945EF105042F25003453E
:10B92000C10221618280011106CEEF10A019A30788
:10B93000A10009651306F100130575038545EF1095
:10B94000F03FF2400345F10005618280011106CE0F
:10B95000EF100030A307A10009651306F1001305DD
:10B9600085038545EF10903DF2400345F1000561E8
:10B970008280011106CEEF108049A307A10009655E
:10B980001306F100130595038545EF10303BF24097
:10B990000345F10005618280011106CEEF10A06120
:10B9A000A307A10009651306F1001305E50385450A
:10B9B000EF10D038F2400345F1000561828001119B
:10B9C00006CEEF10A06AA307A10009651306F100D7
:10B9D0001305F5038545EF107036F2400345F1007D
:10B9E00005618280011106CEEF10207EA307A10021
:10B9F00009651306F100130505048545EF101034A1
:10BA0000F2400345F10005618280011106CEEF107E
:10BA1000B00CA307A10009651306F1001305250466
:10BA20008545EF10B031F2400345F1000561828099
:10BA300097A7FD1F239CA79601458280011106CE82
:10BA4000EF105014A307A10009651306F1001305B8
:10BA500015058545EF10902EF2400345F100056174
:10BA60008280011106CEEF10301BA307A1000965EB
:10BA70001306F100130525058545EF10302CF24023
:10BA80000345F1000561828097A7FD1F83D7A78E2C
:10BA900099E79307F01F17A7FD1F231EF78C97A7A1
:10BAA000FD1F83D7478DA146014513F70710860771
:10BAB000C2073357D740C183598D13D6574013D788
:10BAC0009740318F058BFD161375F50FD98FF1FE59
:10BAD00017A7FD1F2311F78A828097A7FD1F83D721
:10BAE000A78981EBE17793C7F7FF17A7FD1F231500
:10BAF000F78897A7FD1F83D72788B94601451168A6
:10BB0000194633F707018607C2073357D740C18369
:10BB1000598D13D7E74093D5F700058B2D8FFD1670
:10BB20001375F50FD98FE39EC6FC17A7FD1F2315CC
:10BB3000F7848280011126CA4AC84EC656C297971A
:10BB4000FD1F9387277106CE22CC52C45AC0AE89FE
:10BB50003289B68A845335C9AD472A8463EEA70279
:10BB60001304F5FF1374F40F631D0906268A338B43
:10BB7000990063124B071379F9009386FAFF228527
:10BB800023802401A380340193F6F60F4E86854569
:10BB9000EFC09FDD014505A0B147630BF502930798
:10BBA000600263E5A7001304E5FF6DBF9307700211
:10BBB0004945E30BF4FAF2406244D2444249B249A7
:10BBC000224A924A024B056182801304500269BFE7
:10BBD0001304600251BFEFF03FEB2301AA00050AF6
:10BBE00049BF8547631CF9004E869305000F1385F6
:10BBF00024009750FD1FE7806007B5BF8947631693
:10BC0000F9004E869305A00ADDB78D47631DF90044
:10BC1000268A338B9900E3004BF7EFF01FEC2301EA
:10BC2000AA00050ACDBF91476316F9004E86930519
:10BC3000F00F75BF95476315F9004E86814545BFE6
:10BC400099476315F9004E86BD4555B79D4749454F
:10BC5000E313F9F64E869305500551BF011106CE48
:10BC60009317450163D40702EF701067894719C91C
:10BC7000834605001147B1476396E60095472300C8
:10BC8000F500C947F2403E85056182802EC6EF90DF
:10BC90007026C94765D90347A500418B65D7B245D2
:10BCA0008347B500230AB50491E7E9472308F50067
:10BCB0008147C9BFED47DDBF011106CE22CC2EC69C
:10BCC000EF90502301CDB2452A84EF80F010A305F8
:10BCD000A4020145F2406244056182804945DDBF0E
:10BCE0001797FD1F13078768814799468345870E7D
:10BCF0003306F50085072300B6000507E398D7FE55
:10BD000001458280011106CE2EC6EF90B01E11C9EA
:10BD100083074503B24501452380F500F2400561E4
:10BD200082800945E5BF9797FD1F9387E73403D7C6
:10BD300007012300E50003D707012183A300E500E5
:10BD400083C7F7002301F5000145828019E14945C9
:10BD500082809797FD1F93876761F84B411122C43A
:10BD600006C62A8409C70347C700314525E3F85FA3
:10BD700009C70347B700314531EB83A7070989C7D6
:10BD800083C777003145B9E385471946A2851795E2
:10BD9000FD1F1305856C1797FD1F230AF75C97504D
:10BDA000FD1FE78080E5834754001307000C93F7DD
:10BDB000070C6391E7021946A2851795FD1F13052D
:10BDC000256A9750FD1FE78040E30145B2402244B9
:10BDD0004101828081EB1946A2851795FD1F13054D
:10BDE0008568C5B7130700044945E391E7FE194686
:10BDF000A2851795FD1F13056567E1B7411126C29E
:10BE00009794FD1F9384845622C4E04806C611C44B
:10BE10007C4813974700634B070CFC5099E7494552
:10BE2000B240224492444101828009ED1305000F83
:10BE3000EF70A0046DD58347C500F5D3EF702025C2
:10BE40000145F9BF0547E31CE5FC15EC0145829768
:10BE50002A8459CD8567938707802310F5029307BD
:10BE600000702317F5008D47230CF500A30A050287
:10BE700019469795FD1F9385E55D1305650397505A
:10BE8000FD1FE78080D70347C4008547E309F7F823
:10BE90008347E400B98B95C30347E40085476317E4
:10BEA000F70289472310F402224403A38406B24018
:10BEB00092441305000F41010283EF8060159797AC
:10BEC000FD1F83C7271FE319F5FC91BF83570402A9
:10BED00011676375F7002310E402F9B793060002B7
:10BEE0003E87E3FAD7FE13070002F5B731450DBFD1
:10BEF0001D453DB79797FD1F9387474783A70709C0
:10BF0000314581CF83C7770089CB411106C6EF90B9
:10BF1000D073B2400145410182808280011126CA5E
:10BF20004AC84EC652C456C25AC02E89368BBA89E8
:10BF3000BE8A06CE22CCB284428AEF90A07B130741
:10BF4000A9FF4207856741839386A7C763EDE61083
:10BF5000938707C82A84494563E7970A63E5240B5A
:10BF60001307301F6361670B63EF370993071B00EB
:10BF7000B38797021397390063D7E70849C483470B
:10BF8000140113F747003DC7ED9BA308F400834756
:10BF9000B400231A2407231B9406D5EF0357840605
:10BFA000C167FD17630BF706631999068357A4034E
:10BFB000231BE404231CF4049797FD1F83D7074633
:10BFC0008D46114763E5F600850713F7F70FA30ABF
:10BFD000E4042285EF80E00583570404A907231FAA
:10BFE000F4048327440A93E717002322F40AC54781
:10BFF000A30EF400231C5407231D4407231D6405CE
:10C00000231E34050145F2406244D2444249B249FC
:10C01000224A924A024B056182808357440691CF9F
:10C02000B3D4F4024A87B3879702C207C18363730C
:10C03000F9003E87231CE40441B7B30599008581CC
:10C040004A85EFC0AECF231CA40493058405268542
:10C05000EF40E07195B78327840A93E70702232412
:10C06000F40AC14771B7494579BF01112EC606CE02
:10C07000EF904068B24509E54945F240056182808C
:10C0800083471501A305B50213F7470075D7ED9B4C
:10C09000A308F500BD472306F5028327850A93E729
:10C0A00027002324F50A0145C9BF1797FD1F130771
:10C0B000E72B7C4B81CB83C6C70089C683C6D700DC
:10C0C000C947A1E27C5F89CB83C6B70091C683C60E
:10C0D0000701C947858A95E68327070981CB03C7EE
:10C0E000770009C703C7D700C94701EF1797FD1F9E
:10C0F000034787339797FD1F83C71733636AF7009A
:10C100009D473E8582809D47F2403E850561828045
:10C110000111A304A10019461305A10006CE9750F2
:10C12000FD1FE78080AD2800EFB07FCB8547E31C83
:10C13000F5FC8147D1BF797126D24AD04ECE06D6C2
:10C1400022D42E89B28936C63AC43EC242C0EF908C
:10C15000605AC94455C99305A9FFC20505662A84DA
:10C16000C1811305A6C7C9446360B50A130606C892
:10C17000636C360963EA2909B2469305301F63E50B
:10C18000D50822476362E6081386160033062603A5
:10C1900093153700635AB60603461401B144058A65
:10C1A00025E60326440A1376162039EE9247024804
:10C1B000231EE4040347B400231CF406231A2407B7
:10C1C000231B3407231D0407231DD4048347D401F4
:10C1D000814459EF95EB83270410898B95CF314625
:10C1E0009305F00F130584069750FD1FE78000A804
:10C1F0008327440A2314040693E707202322F40A22
:10C20000C947A30EF4008144B25022542685025936
:10C210009254F2494561828063093905B385290149
:10C2200085814A85EFC08EB1231CA4049305840543
:10C230004E85EF40C0539797FD1F83D7271E8D462D
:10C24000114763E5F600850713F7F70FA30AE40427
:10C250002285EF70105E83570404A907231FF4049E
:10C260008327440A93E7170051BF231C2405E1B735
:10C27000C1FF83278410898B95C731469305F00F42
:10C28000130584069750FD1FE780409E8327440ACC
:10C290002314040693E707202322F40ACD47A30EB4
:10C2A000F4009DB7E9448DB79797FD1F9387070C5E
:10C2B000F84B01CB8346C70089C60347D7004945E1
:10C2C0000DEFF85F09CB8346B70091C6034707011E
:10C2D0004945058B1DE383A7070981CB03C7770079
:10C2E00009C783C7D700494589EB411106C6EFB09E
:10C2F000DFBAB2400145410182808280411122C4EF
:10C3000026C24AC006C62A890144A1449305F00FFB
:10C310000545EFC06EA0B30789002380A700050480
:10C32000E31694FEB2402244924402490145410181
:10C330008280011122CC4AC806CE26CA2EC6328976
:10C340003684EF90203B630D05128347B500AA8425
:10C35000B2450945DDEB21461385F4189750FD1FC2
:10C36000E780A089A38B241913598900238C2419F1
:10C370008347E4000346D4008345F4008346C400A9
:10C38000A207420603C5C404B297AE97E20603A70C
:10C39000440AB69749C123A6F40A8347A4008346FA
:10C3A000940013670702A207C206B6978346B4003B
:10C3B000B69783468400E206B69723A8F40A83471B
:10C3C000640083465400A207C206B69783467400F1
:10C3D000B69783464400E206B69723AAF40A834739
:10C3E000240083461400A207C206B6978346340091
:10C3F000B69783460400E206B69723ACF40A854755
:10C40000A386F40423A2E40A0145F2406244D24424
:10C4100042490561828023A6F40C8347A400834629
:10C42000940013678700A207C206B6978346B4003C
:10C43000B69783468400E206B69723A8F40C834798
:10C44000640083465400A207C206B6978346740070
:10C45000B69783464400E206B69723AAF40C8347B6
:10C46000240083461400A207C206B6978346340010
:10C47000B69783460400E206B69723ACF40C59B78E
:10C48000094561B7011106CE2EC6EF90A026630FB5
:10C4900005108346B5000547AA87B2450545639157
:10C4A000E60A83C60701130740020145639AE608BE
:10C4B00003C7E50083C6D5002207C206369783C6A8
:10C4C000F500369783C6C500E206369783C6D704C3
:10C4D000BDCA23A6E70A03C7A50083C695002207A5
:10C4E000C206369783C6B500369783C68500E20636
:10C4F000369723A8E70A03C7650083C655002207BD
:10C50000C206369783C67500369783C64500E20695
:10C51000369723AAE70A03C7250083C6150022071A
:10C52000C206369783C63500369783C60500E206F5
:10C53000369723ACE70A1307A0022388E7000145DA
:10C54000F2400561828023A6E70C03C7A50083C6DD
:10C5500095002207C206369783C6B500369783C674
:10C560008500E206369723A8E70C03C7650083C65B
:10C5700055002207C206369783C67500369783C6D4
:10C580004500E206369723AAE70C03C7250083C6B9
:10C5900015002207C206369783C63500369783C634
:10C5A0000500E206369723ACE70C71B7054549BF95
:10C5B000411106C6EF90001431C18346B50005470E
:10C5C000AA8709456399E60283C60701130740025B
:10C5D0006393E6020D472386E7021947A385E70226
:10C5E000130750022388E70003C7A702014513671A
:10C5F00017002385E702B240410182800945E5BF6B
:10C60000AA871798FD1F034878D61795FD1F1305B5
:10C61000E5D52A8763080802684911C50348C500A3
:10C62000314563180808685F11C50348B5003145F6
:10C63000631108080325070911C503487500314532
:10C64000631908069798FD1F83C888DE1798FD1F99
:10C65000034818DE1D4563FE08050327870D49457D
:10C660001377070439C75D71A6C22800B284194642
:10C6700086C6A2C4A303F10036849740FD1FE7805D
:10C68000C057A6851305E10241469740FD1FE7808C
:10C69000C056A2851305E10141469740FD1FE78082
:10C6A000C0554800EFA06029B64026449644616119
:10C6B000828082809796FD1F83C656CB8DCA1797BE
:10C6C000FD1F1307A7CABA87784B09C70347C700DE
:10C6D000494515E7F85F09C70347B700494505E332
:10C6E00083A7070989C783C77700494589EB4111AB
:10C6F00006C6EFA0403AB2400145410182808280E7
:10C700009797FD1F938787C69796FD1F83C616C60A
:10C710003E8785C6FC4B89C783C6C700C94785EEDF
:10C720007C5F89C783C6B700C94795E68327070999
:10C7300089C783C67700C94799EE9797FD1FA387DE
:10C74000A7C28327070E11C993E707601797FD1F3C
:10C75000232EF7CE81473E85828093F7F79FFDB762
:10C76000130700643305E50241119797FD1F938776
:10C77000E7BF22C403A4870C26C24AC006C6BE84F3
:10C780001309F00F1797FD1F232CA7C001E8B24033
:10C79000224492440249014541018280034504003C
:10C7A00063052501CC58EFB0EEAD405CC5B7979757
:10C7B000FD1FA389A7BE937715001797FD1F1307C9
:10C7C000E7BA81EF8347C703ED8F6384B70049451C
:10C7D00082809796FD1F2388F6BC9377250001453C
:10C7E00091EB8347D703F18FE393C7FE9797FD1F24
:10C7F000A38BC7BA82805D714EDE9799FD1F938926
:10C80000E9B603A34905CAC062D486C6A2C4A6C2BB
:10C8100052DC56DA5AD85ED666D26AD06ECE030C97
:10C820004105834E81050349010663090300032E78
:10C830004305314313145E00634D04000D4E49431C
:10C840006369FE0093FC050163850C02054E638756
:10C85000CE07B640264496440649F259625AD25A47
:10C86000425BB25B225C925C025DF24D1A856161B3
:10C87000828013FF35004943E30DCFFD13FF850090
:10C88000E3190FFC6393CE0303CEC9033143137E38
:10C890004E00E3000EFC6303D903094363106902F1
:10C8A00003CEC903137E2E0039A0E318C9FF03CEBF
:10C8B000C903137E4E003143E30D0EF8468BC28B45
:10C8C0003EC6BA8A368DB28DAE842A8AEF60E05AAF
:10C8D0002A8411E983A74906054582972A841D43C6
:10C8E0002DD923044501930700026311FD028D47F2
:10C8F000631CF9040356C4019307900F13035004FB
:10C90000E3E9C7F40356E401E3E5C7F493F5F40F54
:10C910002300B40663880C12BD889547639EF40219
:10C92000930710F82307F4004543E364BDF3FD4784
:10C930004543E3F0B7F39167E3EDA7F1EA9D93DD9B
:10C940001D002310B40315A08547E311F9FC03561D
:10C95000C4019307D02E5DB7B547639BF40C8547A0
:10C960002307F40089472310F402A3075401639EB0
:10C970000A108547230CF40093F5050281E5B247C0
:10C98000A30AF402194681455A859740FD1FE780A6
:10C99000E038631D05108547230EF402A30E7403CF
:10C9A0001946DA851305E4039740FD1FE780E0246C
:10C9B00083470105A306F4009307F007631BFC0EF1
:10C9C0009787FD1F9387476B83C74701365723001F
:10C9D000F70003055401EFB03F972304A406EFB01E
:10C9E0001F8FB657A30AA4002380A7008347C10561
:10C9F00023020406A302F40683470406C18B91EBCD
:10CA00007D191379F90F89474943E3E427E5A30129
:10CA1000240783474106370700080143A300F406B3
:10CA200083478106A303F4067C48D98F7CC815B5DB
:10CA300089476394F4009947F5B5E38504EE23072D
:10CA40000400DDB59D472307F40013F6150093F7A6
:10CA5000450011CA114691C30546A30FC40485477A
:10CA6000230FF404D1B513F6250001CA094691C37A
:10CA70001546A30FC4048947E5B70D4691C319466F
:10CA8000A30FC404230F040445B5230C04008147FD
:10CA90000D46B3D6FA40858A91C683468401850641
:10CAA000230CD4008507E396C7FEF9B5230E0402D4
:10CAB00001B7994763C58701A30A840119BFA30A77
:10CAC000F40001BF9797FD1F9387478AF04B011130
:10CAD0004EC606CE22CC26CA4AC852C4BE8911C64A
:10CAE0007C4A13965700634E06003A8AB6842E8914
:10CAF000EF60A0382A8419ED83A7490513052004A7
:10CB000091C33145F2406244D2444249B249224A7B
:10CB1000056182800347E500854701453D8BE303BE
:10CB2000F7FE03470406418B55C78D476304F900A0
:10CB30004945C9BFFD47E3ED97FE231E04008D471D
:10CB40006314F90EF1C88357C4011797FD1F0357EB
:10CB500087891D45B3869700E346D7FA0347C4008B
:10CB600015C783560402130700026391E6020347C8
:10CB700034068D466318D70C1307900F1305500425
:10CB8000E362F7F88357E401E36EF7F68D471D453E
:10CB9000E31AF9F637E900E083290900B707200016
:10CBA0002320F918B3F9F9000F1000009305800C49
:10CBB0000545EFB07E968357C4061205232444032F
:10CBC0008507BD8BC98F2316F406231E94002320EE
:10CBD000391189A81377D90FE301F7F611476315C7
:10CBE000E904784893167700E3C406F40347C400C9
:10CBF000E310F7F48357C40185DF9DF89305800C9B
:10CC00000545EFB07E918357C40612058507BD8B9D
:10CC1000C98F2316F40639A07C48370700FF7D171B
:10CC2000F98F7CC80145F9BD9307D9FF93F7F70F3A
:10CC30000547E37AF7F0E38D04EE8347C400E394FD
:10CC4000E7F0C1B58546E313D7F41307D02E3DB7FF
:10CC50009787FD1F93878771F04B01114EC606CE53
:10CC600022CC26CA4AC852C4BE8911C67C4A139631
:10CC70005700634E06003A8AB6842E89EF60E01FA3
:10CC80002A8419ED83A749051305200491C3314572
:10CC9000F2406244D2444249B249224A056182804C
:10CCA0000347E500854701453D8BE303F7FE034756
:10CCB0000406418B69CF8D476304F9004945C9BF1C
:10CCC000FD47E3ED97FE231F04008D47631BF9101A
:10CCD000638104108357E4011787FD1F0357A77072
:10CCE0001D45B3869700E345D7FA0347C40015C72F
:10CCF00083560402130700026391E60203473406D9
:10CD00008D46631ED70E8356C4011307900F13057B
:10CD10005004E36FD7F6E36DF7F68D471D45E31931
:10CD2000F9F65C548DC783476406898B8DC3085818
:10CD300019CD8347A50081CFEF90503A0C58194682
:10CD400013056403B1059740FD1FE78000EB37E949
:10CD500000E083290900B70720002320F918B3F960
:10CD6000F9000F1000009305800C0545EFB0CEFAD6
:10CD70008357C4061205232644038507BD8BC98F3C
:10CD80002316F406231F94002320391189A8137752
:10CD9000D90FE30AF7F211476315E90478489316AF
:10CDA0006700E3CD06F00347C400E319F7F08357AB
:10CDB000E40189D781F49305800C0545EFB0CEF5E9
:10CDC0008357C40612058507BD8BC98F2316F40649
:10CDD00039A07C48370700FE7D17F98F7CC80145D4
:10CDE00045BD9307D9FF93F7F70F0547E374F7EEB7
:10CDF000E38604EC8347C400E39EE7EC49BD854627
:10CE0000E31DD7F08356C4011307D02E09B75D7117
:10CE1000A6C29784FD1F9384645503A8440586C663
:10CE2000A2C4CAC04EDE52DC56DA5AD85ED662D4EC
:10CE300066D26AD06ECE6308080283274805139431
:10CE40005700635204023145B640264496440649D1
:10CE5000F259625AD25A425BB25B225C925C025D2A
:10CE6000F24D616182803AC632C493771500B6896B
:10CE700089C7639105104945C1BF91E9A04C19E0EC
:10CE80000145D9B72285EF6080200040CDBFE3097E
:10CE900008FE4285EF60A01FE5B77849B707000399
:10CEA0007D8F55F30347F5056304870163159701EB
:10CEB00003D7EA0149DB03C75A036301270903C704
:10CEC000EA0063192701131714004E970357070050
:10CED000E3E3EDFAB8547D141374F40F45CB9316C5
:10CEE0001A00B69903D70900B2479305800C23971F
:10CEF000EA063E9A03470A00054523980A06A384DA
:10CF0000EA06EFB06EE103D7CA061205264405070C
:10CF10003D8B498F2396EA0603A3840603C50B00C5
:10CF2000B64096440649F259625AD25A425BB25B05
:10CF3000225C925C025DF24D61610283138B8A0573
:10CF4000194681455A859740FD1FE78020DD63190A
:10CF500025011946EA855A859740FD1FE780E0C9FB
:10CF6000194681455A859740FD1FE78020DBE3186D
:10CF700025F511B7FD1513F4F50F094C954C05492E
:10CF8000178DFD1F130D6D4D930D00089307F00FC6
:10CF9000E303F4EEA247228AB38B870003C50B009C
:10CFA000EF50B06DAA8AE31A05EEFC481305200481
:10CFB000E39B07E851BD9787FD1F9387273BFC4BF9
:10CFC00095C3FC4B13975700635E0700B1473E853E
:10CFD0008280B147F2406244D2444249B2493E8520
:10CFE00005618280011122CC26CA4AC84EC606CEEF
:10CFF0003689B289AE84EF5050682A8493072004A2
:10D0000071D9C947E3E899FC1547E37597FC0347D5
:10D010000506137737035DFF8347E505DDFB7C4994
:10D02000918BC5FBEF30601779479D47E374A7FAF2
:10D030008347340681EF035744089307D02E63F7E4
:10D04000E700194793075004E37637F97C48834695
:10D050000406CE9493E7270085843369D9007CC801
:10D0600023139408230024078147ADB79787FD1F3A
:10D070009387C72FFC4B81CBFC4B1397570063540E
:10D08000070031458280011122CC26CA4AC84EC60B
:10D0900006CE52C4B6893289AE84EF50105E2A841F
:10D0A00013052004630404107C48898B8DC38347D7
:10D0B000340691EF035744089307D02E63F9E70035
:10D0C0000357640899471305500463F1E70E93F77B
:10D0D000D40F05476394E70EB7E700E003AA070003
:10D0E0003707200023A0E718337AEA000F1000006A
:10D0F0000325840A19C59750FD1FE78080812324EA
:10D10000040A23120408B7E700E023A04711630CC8
:10D1100009067C48918BD9E38D476398F408930501
:10D1200050104A859740FD1FE780806F2324A40A92
:10D130002DCDB7E700E084433707200023A0E71890
:10D14000F98C0F1000007C4893F7074091CF9305AE
:10D15000800C0545EFB04EBC8357A4081205850727
:10D16000BD8BC98F2315F4080325840A4A86CE8512
:10D170009740FD1FE78060A8B7E700E0231224096D
:10D1800023A0971011A88D4749456391F4027C486C
:10D1900023120408F99B7CC8014509A89387D4FF92
:10D1A00093F7F70F0547E379F7F63145F24062440C
:10D1B000D2444249B249224A05618280E31B09F404
:10D1C00091474945E387F4F4D5B79787FD1F9387C7
:10D1D000E719F84B411126C24AC006C622C4AA84E8
:10D1E0003E8909CF7C4B139757006359070031459F
:10D1F000B240224492440249410182802E85EF5080
:10D20000D0472A841305200465D413F714007C4802
:10D210004DCB13F7170061FF03470406137737035D
:10D2200079F78988B5CC0327C90D454593E70740B1
:10D23000418B5DDFC1657CC8FD150145EFB00EB0C7
:10D240002314A408EFB0DF85B70500012326A40846
:10D25000FD150145EFB0CEB09304040A154623280E
:10D26000A4089785FD1F9385C52026859740FD1F3F
:10D27000E780A098A685130500FBEFB08FCF268529
:10D28000EF8030167C480347C400A300A408DD9B50
:10D2900093E747007CC885476307F700014589BFCE
:10D2A00093F7F7BF41BF9305800C0545EFB0CEA6BD
:10D2B0008357C40612058507BD8BC98F2316F40654
:10D2C000F1BF0345D407CD9B7CC89307F00FE3075C
:10D2D000F5FCEFA0FEC3D9B71787FD1F1307070999
:10D2E0007C5F411106C622C426C24AC099C703A862
:10D2F000C70113141801634004080327070825CF4A
:10D300003684B2842E8909ED81EB4945B24022442E
:10D310009244024941018280EFA03F9D0145FDB743
:10D320008546E314D5FEB9E30297AA8731C91147B0
:10D33000A3060504231BE500231CE50083C6B700F4
:10D340000547E384E6FC95C8239C9702239D87024A
:10D3500001C41E04E3DB84FA238927012244B2407E
:10D360009244024903A3870641010283D84F9316D2
:10D370001701E3D506FC314551BF23AC0702E9BFD5
:10D380000D4569B7011106CE2EC632C436C23AC069
:10D39000EF50B02E3DCD83284505AA87314513F8BF
:10D3A000082063150806B2451788FD1F034898003A
:10D3B0004545636DB80403C8C70A22463358C840C0
:10D3C00013781800630408041785FD1F130505FA78
:10D3D0000328850D45451317C80063590702024706
:10D3E0001788FD1F034808FD6362E8029246238701
:10D3F000C70AA386B70AA387D70A11E2014793E8B1
:10D4000008102388E70A23AA17050145F2400561A1
:10D41000828013052004DDBF011106CE2EC6EF5019
:10D42000D0251307200401CD7C49314793F627000E
:10D4300099C6B24589C993E707207CC90147F240E4
:10D440003A850561828093F7F7DFC5BF01114AC8AD
:10D450004EC652C406CE22CC26CAAE89328A36893E
:10D46000EF80402961C5631E0A0085472383F1943C
:10D470000145F2406244D2444249B249224A056120
:10D48000828003C7619485472A846315F70023834C
:10D4900001948949B7E700E084433707200023A0BF
:10D4A000E718F98C0F1000004165130545F5EF8072
:10D4B000402621CD8347A5002315F500832784113D
:10D4C000A9E3232CA410232EA410930710F8791994
:10D4D0002320050023164501A304F500230435018C
:10D4E000232225018347940285450145B395F50024
:10D4F000C205C181EFA08ECFB7E700E023A097104F
:10D5000085BF8327C41188C37DBF9787FD1F93877D
:10D51000A7B69C5B91C79565938555550545829740
:10D52000B7E700E023A097101D45A1B7094591B7C3
:10D530006F707FFF6F80AF836F806F886F80CF8D3C
:10D540006F80AF936F806FA06F80AF976F804F9B9E
:10D5500082806F80CFA3034301001AC06F703F9396
:10D560006F709F9F6F705FA56F707FAB6F707FB1A3
:10D570006F703FB76F701FBB03530100035E410024
:10D58000834E81001AC072C276C46F70BFBF6F70C5
:10D59000FFD16F703FD76F70BFE06F707FE46F7027
:10D5A000DFE76F701FED6F709FF38280828023A48E
:10D5B000A19482801307050383570500110593C7C3
:10D5C000F7FF231EF5FE8347E5FF93C7F7FF230F01
:10D5D000F5FEE313E5FE8280411119469305F00F35
:10D5E00006C622C42A849730FD1FE78020681305F1
:10D5F000640019469305F00F9730FD1FE780006720
:10D60000B240231604002328040023070400224408
:10D610004101828099473305F50279717000D14547
:10D6200006D613050520EFB02E9811E503458101BC
:10D63000B250456182800145E5BF011122CC26CA66
:10D640004AC84EC606CE814401441789FD1F1309FE
:10D65000A9C9D14983C70195636AF400F2406244C5
:10D6600026854249D244B24905618280330534039C
:10D670008327090019469305F00F3E959730FD1F4B
:10D68000E780C06901E5850493F4F40F0504137481
:10D69000F40FC9B7411122C426C24AC006C60144CC
:10D6A0009784FD1F938444C4514983C70195636ADD
:10D6B000F4003E842285B240224492440249410152
:10D6C0008280330524039C4019469305F00F3E9554
:10D6D0009730FD1FE780806471FD05041374F40F1B
:10D6E000E9B79387C196884305C1411106C6EF90FB
:10D6F0005EE023A601969387019583C70700B24099
:10D700002387F194410182809387019583C70700A5
:10D710002387F19482801971A2DC86DEA6DACAD84A
:10D72000CED6D2D483C7E1942A84639EA7008545D0
:10D7300003C51195EFA02EB0894503C51195EFA043
:10D740008EAFEFF01FFA93140401C1801949338999
:10D7500024030A86D145930909204E85EFB0CE8473
:10D7600019C901442285F6506654D6544659B65913
:10D77000265A0961828019469305F00F0A85973071
:10D78000FD1FE780A05971FDD1473304F402178AC9
:10D79000FD1F130A6AB503250A002295EFF0DFE3A7
:10D7A000480871469305F00F9730FD1FE780004C45
:10D7B0000818130600039305F00F9730FD1FE7804C
:10D7C000E04A03260A00D1454E852296EFB0AEAC62
:10D7D00050082A84F14513051920EFB0CEAB50084C
:10D7E000498CF14513052920EFB0EEAA1374F40F0C
:10D7F0005008498CC14513053920EFB0CEA91374E8
:10D80000F40F5008498CC14513054920EFB0AEA86C
:10D810001374F40F5008498C914513055920EFB04B
:10D820008EA71374F40F498C1D651018930500031F
:10D830002695EFB04EA61374F40F498C03C5C1852D
:10D840001374F40FEFB08E9F31BF411122C406C68E
:10D850000145014483C701956373F40009C5B240D3
:10D8600022444101828022850504EFF0DFEA13742F
:10D87000F40FCDB7011122CC26CA4EC606CE4AC837
:10D880000144EF80AF9AD1499784FD1F9384C4A5CA
:10D8900083C701956369F400F2406244D24442496F
:10D8A000B2490561828033093403884019469305E3
:10D8B000F00F4A959730FD1FE780404619E58C40F0
:10D8C000CA9503C5F500EF80AF9605041374F40FF5
:10D8D000C1B7397122DC26DA4ED652D406DE4AD8D8
:10D8E0000144EF80EF97D1499784FD1F9384C49F33
:10D8F000194A83C70195636AF400F2506254D25406
:10D900004259B259225A2161828033093403884036
:10D9100019469305F00F4A959730FD1FE7800040A8
:10D9200015E5330544030A86C14513053520EFA0EC
:10D93000BEE71008C1450945EFA01EE78C4014085A
:10D940000A86CA9503C5F500EF804F91050413744C
:10D95000F40F45B7011106CEEFF03FCE0547A947BA
:10D960006373A70089471306F10085451545A30792
:10D97000F100EFF08ED9F24005618280011122CCD6
:10D9800026CA4EC652C406CE4AC80144D14997841D
:10D99000FD1F93846495194A83C701956365F4025A
:10D9A00083C7D19499C3EFF0FFEC83C7C19499C3A7
:10D9B000EFF03FF26244F240D2444249B249224A77
:10D9C00005616FF03FF9330934039040D1453305C9
:10D9D00044034A9613050520EFA01EDD09C58840C3
:10D9E0004A95EFF07FBF05041374F40F75B7035524
:10D9F000250083C511956FF0DEF49947B385F502D4
:10DA0000397122DC26DA4AD806DEA147AA84328997
:10DA1000138425206384F600138415207146814504
:10DA200048083AC69730FD1FE78040245008F1456A
:10DA30002285EFA07ED70DE18347E102A54632475C
:10DA4000E51793F7F70F63E9F600BA865008937568
:10DA500019002685EFC02EB0F2506254D2544259BC
:10DA600021618280797122D426D24AD0AE842A895B
:10DA700032848145130600020A8506D69730FD1FC1
:10DA8000E780C01E9387118683C7070023102101FA
:10DA9000230EF100835781015DC41387D19503479D
:10DAA0000700F99B41462302E1001387F1950347E4
:10DAB00007009775FD1F9385655513056100A30247
:10DAC000E10003C7E19593761700D58FF59B937618
:10DAD0002700D58FED9B93764700D58F931647008F
:10DAE00093F6061093F7F7EFD58F9316470093F64A
:10DAF000062093F7F7DFD58F12071377074093F7C8
:10DB0000F7BFD98F231CF1009730FD1FE780E00E8F
:10DB100083C7C19513F7170001CB99C4035781013F
:10DB200013672700231CE10003476101A2850A85D2
:10DB3000D98F230BF100EFC02E94B250225492548F
:10DB40000259456182801387419503470700F99B7D
:10DB500041462302E100138761950347070097754B
:10DB6000FD1F9385A54913056100A302E10003C7CA
:10DB7000519593761700D58FF59B93762700D58F17
:10DB8000ED9B93764700D58F9316470093F60610CA
:10DB900093F7F7EFD58F9316470093F6062093F788
:10DBA000F7DFD58F12071377074093F7F7BFD98FA9
:10DBB000231CF1009730FD1FE780200483C73195B7
:10DBC00091BF011122CC26CA4AC84EC606CEAA84ED
:10DBD00001441779FD1F13092971D14983C70195A4
:10DBE000636BF4003E842285F2406244D244424991
:10DBF000B249056182803305340383270900194641
:10DC0000A6853E959730FD1FE780A00A69FD0504B3
:10DC10001374F40FE1B71D71A2CC1384C1961C409C
:10DC2000CEC6D2C486CEA6CACAC8D6C2DAC05EDE06
:10DC3000AA892E8A8DE319E10545B9A2F5DDEFF039
:10DC40005FF82387A19483C701956366F500EFF021
:10DC50007FA42387A19403C5E19483C70195E37D45
:10DC6000F5FC1C40639D071281447D590144D14B52
:10DC7000977AFD1F938A4A672DA86389E402338B44
:10DC8000740303A50A0019469305F00F5A959730BF
:10DC9000FD1FE780A00819E983A70A00DA979C4BCB
:10DCA0006373F4003E8463F327013E89850493F493
:10DCB000F40F83C7019503C7E194E3E0F4FC330953
:10DCC0002441635B090481440144514B1779FD1FD2
:10DCD0001309896125A86388E402B38A64030325D4
:10DCE000090019469305F00F56959730FD1FE78000
:10DCF000E00211E983270900D6979C4B63C5070012
:10DD00006373F4003E84850493F4F40F83C7019594
:10DD100003C7E194E3E1F4FC994703C5E1943305BB
:10DD2000F50205044E86D14523A889001305052078
:10DD3000EFA07ED6130600039305F00F0A859730F7
:10DD4000FD1FE780A0F29D6703C5E1940A86930555
:10DD500000033E95EFA03ED483C7E1945145B387BD
:10DD6000A7021777FD1F1307275808435146CE8592
:10DD70003E959730FD1FE78040E823A6419703C5F5
:10DD8000C185EFA0BECB0145F6406644D644464966
:10DD9000B649264A964A064BF25B25618280904737
:10DDA000814709CE99473305F502F1451305152042
:10DDB000EFA07ECE1C4023A4070085471840104BDF
:10DDC00019CE994703C5E1943305F502F1451305D2
:10DDD0002520EFA05ECC1C4023A8070085471840F3
:10DDE000504B19CE994703C5E1943305F502C1455F
:10DDF00013053520EFA03ECA1C4023AA0700854723
:10DE0000184050471DCA03C5E19499443305950253
:10DE1000C14513054520EFA01EC803C5E194330595
:10DE200095021C409145D047410613055520EFA0AF
:10DE30009EC61C4023A6070099B7B1F383C7D194AF
:10DE400099C3EFF03FA383C7C19499C3EFF07FA8B4
:10DE5000EFF05FB0D5B3797122D406D626D283C74E
:10DE6000019509446376F50285C599473305F502A6
:10DE7000AE847000D14513050520EFA0FE922A84E0
:10DE800001E919466C0026859730FD1FE780E0D632
:10DE90002285B2502254925445618280011122CCD5
:10DEA00006CE2A842EC632C4EF305F8505C90347EB
:10DEB000C500A1472246B245631FF700938701972B
:10DEC0009C4389CF03A34700630A03002285624471
:10DED000F2400561028393874197DDB7F2406244C7
:10DEE00005618280797122D419443304850226D2D7
:10DEF0007000AE84D14506D6130404202285EFA01D
:10DF0000BE8A01C98144B25022542685925445618B
:10DF1000828019469305F00F68009730FD1FE78057
:10DF2000E0DF6DF1035781019377D70F89C49377B1
:10DF3000F70F93E72700C207C1838544E305F7FC89
:10DF40007000D1452285231CF100EFA0DEB403C58B
:10DF5000C185EFA0BEAE45BF1D71A2CC2A84194574
:10DF60003305A402A6CACAC8B2842E897000D1455E
:10DF700086CE13050520EFA03E8301C90145F6407A
:10DF80006644D64446492561828019469305F00FC0
:10DF900068009730FD1FE78060D86DF19D673E9463
:10DFA0001010930500032285EFA01E8019C10545BE
:10DFB000F9B70810EFF00FE063140904130600032B
:10DFC000814508109730FD1FE78040D56DF113069D
:10DFD0000003814508109730FD1FE78020C9854761
:10DFE00008102382F196EFF0EFDC10109305000388
:10DFF0002285EFA05EAA03C5C185EFA03EA445BF60
:10E000001C109008BE8683D50600368763812503E1
:10E010009106E31AD6FE0145BDD083D607003E87A0
:10E0200089C69107E31BF6FE91BF23902701834722
:10E030002700E38E97F623019700D5F02310070001
:10E0400079BFFD57A388F194238801949777FD1F2A
:10E0500023AC0728D1471775FD1F0345C5023305BB
:10E06000F50201119305200406CE22CC26CA4AC827
:10E070004EC69730FD1FE780A07A9777FD1F23A536
:10E08000A72615C99774FD1F938404FF83C7E40076
:10E0900001441779FD1F130929252388F194D149DB
:10E0A00083C701956362F40C9C44638A070C9777DD
:10E0B000FD1F238D07229387019583C70700054421
:10E0C000414681451775FD1F130545F42387F194DB
:10E0D0002381818623A60196A38E0194A38F0194A8
:10E0E0009730FD1FE78080B8930470074146814553
:10E0F0001775FD1F130585F0238F9194A38F8184DD
:10E10000238E019423A00196A3890194238A01946C
:10E11000238B01949730FD1FE78040B5A38A91942B
:10E1200023AC0194238901949547A38EF184C147C0
:10E13000A380F186238201968947238FF184F240E0
:10E14000238E8184A381818623808186624423AAD1
:10E15000019623A80196A3860194A3870194D24433
:10E160004249B24905618280B3073403032509009F
:10E1700005041374F40F3E95EFF00FC615B793071F
:10E1800000F81777FD1F2303F71635B71971A2DCC6
:10E19000CAD8D6D2DAD0DECE86DEA6DACED6D2D4B1
:10E1A0000144D14A1779FD1F13090914194B9D6BBE
:10E1B00083C70195636FF400F65066542387F1948A
:10E1C000D6544659B659265A965A065BF64B0961FB
:10E1D0008280330A5403032509009319040193D95B
:10E1E000090105041374F40FB38469035295EFF029
:10E1F000AFBE71469305F00F48009730FD1FE780D2
:10E20000E0A6130600039305F00F08109730FD1FDA
:10E21000E780C0A503260900D14513850420529646
:10E22000EFA07E875000F14513851420EFA0BE8635
:10E230005000F14513852420EFA0FE855000C14514
:10E2400013853420EFA03E855000C145138544203E
:10E25000EFA07E845000914513855420EFA0BE832B
:10E2600010109305000333857901EFA0DE8203C50A
:10E27000C185EFA0AEFC2DBF930705C04111C207B9
:10E2800022C406C6C183130720022E846361F70EE1
:10E2900017D70000130707F18A07BA979C43BA976C
:10E2A00082879387218683C707002300F4002DA06F
:10E2B00083C7C19589870DA89387D195EDB79387BB
:10E2C000F195D5B741469775FD1F938525D42285D5
:10E2D0009730FD1FE78060928147B24022443E851F
:10E2E0004101828083C7C195858BC1B79387E19532
:10E2F0005DBF938701969C431CC0F9BF9387F1854E
:10E300005DB783C731957DB79387419569BF938783
:10E31000619551BF41469775FD1F938525CE45BF39
:10E3200083C73195D1B793875195B5BF93878195B1
:10E33000D9B79387219585BF9387D185ADB793874B
:10E34000118695B79387D194B9BF9387C194A1BF24
:10E35000EFF0AFAE2300A40041B783C70186B1B789
:10E3600083C7C1958D8749B783C73195E5BF13072B
:10E3700000048947E363A7F6EFB05EA82310A4006A
:10E38000A1BF011106CE22CC26CA4AC84EC652C42D
:10E39000EFB03EF23DE103C7F19485470144630FBE
:10E3A000F702D1499774FD1F938404F4054A83C78B
:10E3B00001956379F4023309340398404A978347FF
:10E3C000E700639947012285EFF0EFB49C40CA97BC
:10E3D0002387070005041374F40FD1BFEFF0EFC6D5
:10E3E000A3870194EFA05E986244F240D244424970
:10E3F000B249224A05616FF06FD8F2406244D244BC
:10E400004249B249224A05618280797126D24AD0B6
:10E4100006D622D44ECE52CC89472E89B2846309C7
:10E42000F5066360F5028D476305F50C03C401959D
:10E430002285B250225492540259F249624A4561EF
:10E4400082802E85EFF0EFF783C701952A84E37170
:10E45000F5FEF9DC1946CA8526859720FD1FE78061
:10E46000C079F9B73305440383A709001946CA8563
:10E470003E9519059730FD1FE780A0832DE1050427
:10E480001374F40F83C70195E36EF4FC3E844DB71B
:10E4900001449779FD1F938929E5514AE5B70504A1
:10E4A0001374F40F83C70195E372F4FE330534034C
:10E4B0000A86C1451305352042054181EFA0CEAE45
:10E4C00079FD41469305F00F0A859730FD1FE780DF
:10E4D000E08471F5CA850A85EFB03E9A69F183C779
:10E4E0000195E377F4F4A9D4A6852285EFF0BF96D1
:10E4F00081B7014499497DB7797126D206D622D4D5
:10E50000AA8402CC231E0100EF304F9F05CD03C724
:10E51000F18589476308F702930565002A8403455E
:10E5200055003008EFF07FEE83C701956371F50267
:10E530002AC6EFF02F8EB2452A860547A1462685CA
:10E54000EFF0AFCBB250225492544561828083C722
:10E55000F18591E795452685EFB01ED3E5B70547D0
:10E56000E392E7FE8345540001462685EFF08FCF06
:10E57000D1BF4111C1674AC006C622C426C2FD17D9
:10E580002E896309F506EF306F972A84D14421CD97
:10E5900093056500034555000146D544EFF0FFE6BD
:10E5A00083C701956376F500CA85EFF0BF93814478
:10E5B000630B09022285EFF08FC335A0CA8522853F
:10E5C000EFF05F9211C1814405041374F40F83C707
:10E5D0000195E365F4FE6308090017F5FFFF1305D5
:10E5E0004541EF308FBAB240224426850249924419
:10E5F000410182800144D544D9BF0111C1674AC895
:10E600004EC606CE22CC26CAFD172E89B289630ECD
:10E61000F504EF30AF8ED14429C193056500034561
:10E6200055000146D544EFF05FDE83C70195637660
:10E63000F5024E86CA85EFF03F92814439A84E8696
:10E64000CA852285EFF05F9111C1814405041374DE
:10E65000F40F83C70195E364F4FEF240624426851B
:10E660004249D244B249056182800144D544D5B7BC
:10E67000411122C4138411958345040023AAA19655
:10E68000614506C6EFB01ECC034504002244B240EB
:10E6900041016F009FED138721868347070083C5E3
:10E6A000C19593E707F82300F7006FB0BEB2597128
:10E6B000A6D2B2845000CAD0D2CC86D6A2D4CECEB6
:10E6C0002A89368A02C223140100EFF01FD483C7BF
:10E6D0000195637AF50E2A84EFE0DFF39147AA896A
:10E6E000631CFA0C03C7218679171337170091466C
:10E6F000A285420441801949330924034E862685A8
:10E70000EFF0AFAF5146814568009720FD1FE780CD
:10E71000E0557000C145420913590901130549200C
:10E7200042054181EFA04E8805E941469305F00F6F
:10E7300068009720FD1FE780605E19ED13055920E2
:10E740004205700891454181EFA00E86700093F557
:10E7500019002685EFB0BEAC1D652295420510104C
:10E76000930500034181EFA02E8415E10810EFE02E
:10E770007FE40010130901058355040091C5034689
:10E7800024002685EFF0FE961104E31789FE93F925
:10E7900029006387090083C511952685EFF06E9ADD
:10E7A00091476314FA0403C721868947631FF70260
:10E7B0002685EFF05FEE15A803C7F18579171337AB
:10E7C0001700D28635B7A147E31CFAFC03C7F185D1
:10E7D0008947631CF7000146CA852685EFF08FA89C
:10E7E000014681452685EFF06FEBB65026549654CE
:10E7F0000659F649664A014565618280011106CED7
:10E800002AC6EFF01F843245F240A388A194056127
:10E810006FF0CF961D7186CEA2CCA6CACAC8CEC64E
:10E82000D2C4D6C2EF70CFA383C7318681CF014453
:10E83000514A1779FD1F130929AB994A83C70195DE
:10E84000636BF400F6406644D6444649B649264A0E
:10E85000964A25618280B3094403032509001946BD
:10E860009305F00F4E959720FD1FE780204B21E97F
:10E87000B30454035010F14513851420420541811F
:10E88000EF909EF20DED0347F1039307F00F63182D
:10E89000F7021385342042055000C1454181EF90B5
:10E8A000BEF05008C1450945EF901EF083250900D0
:10E8B00054085000CE9503C5F500EF702F9A05045B
:10E8C0001374F40FA5BF930705C05D71C207A6C2FC
:10E8D000CAC086C6A2C44EDE52DCC1831307200222
:10E8E0002A89B2846360F75217D700001307479450
:10E8F0008A07BA979C43BA97828785476384F50055
:10E90000614409A8834706000947E36BF7FE2381AA
:10E91000F18601442285B640264496440649F259C0
:10E92000625A616182808547E39CF5FC03470600DB
:10E93000E3E8E5FC83C7C19511C793E74700238E41
:10E94000F194C1BFED9BE5BF8547E39BF5FA834793
:10E9500006001147E366F7FAA38EF1945DBF854781
:10E96000E390F5FA83470600E3ECF5F8A38FF19402
:10E970004DB7C147E396F5F84146A6851765FD1FDB
:10E980001305C5689720FD1FE780202759B78547E5
:10E99000E398F5F603470600E3E4E5F683C7C1957F
:10E9A00001C793E7170061BFF99B51BF8547E39902
:10E9B000F5F483470600238FF194A1BF9147E391BB
:10E9C000F5F41842B7470F009387F723E3EAE7F21D
:10E9D00023A0E1963DBF8547E394F5F28347060007
:10E9E0000947E36FF7F0A38FF18425B78547E399D3
:10E9F000F5F003470600E3E5E5F083C7319511C75D
:10EA000093E74700A389F19429B7ED9BE5BF8547BC
:10EA1000E398F5EE834706001147E363F7EE238A98
:10EA2000F194C5BD8547E39DF5EC83470600E3E916
:10EA3000F5EC238BF194F1BDC147E393F5EC41462E
:10EA4000A6851765FD1F1305655B2DBF8547E399F7
:10EA5000F5EA03470600E3E5E5EA83C7319501C718
:10EA600093E7170045B7F99B71BF8547E39AF5E82F
:10EA700083470600A38AF19469BD9147E392F5E8C4
:10EA80001842B7470F009387F723E3EBE7E623AC81
:10EA9000E19441B5E39605E6EFB0BE8101E9EFE010
:10EAA000DFDAEFA06EACEFE07FEDA5B58547A38779
:10EAB000F19485B59D47E395F5E4938514001946D7
:10EAC00068009720FD1FE780401303C5040050082D
:10EAD0006C00EFF09F9383C70195AA840944E37B00
:10EAE000F5E24808EF209FCA09E52685EFE0BFC29E
:10EAF0004DBF5147B384E4029767FD1F9387C77EDC
:10EB00009C435944BE9485472387F40021B59D4713
:10EB1000639BF50A19469385140068009720FD1F32
:10EB2000E780A00D03C5040001466C00EFF0FF8DE7
:10EB300083C701956377F5049944B304950250089F
:10EB4000F14593841420C204C1802685EF90DEC570
:10EB50002A8415E51307A04185476304E90093075C
:10EB6000F00F5008F1452685A307F102EF90BEF2A1
:10EB700003C5C185EF909EECEFF0DFC961BB09448E
:10EB8000E5BF9767FD1F83C767760944E38407D80D
:10EB90001307A0419767FD1F83C75775631FE900DF
:10EBA00093E717001767FD1FA302F7741D46A6859C
:10EBB0001765FD1F1305C572F1B3F99B1767FD1F9C
:10EBC000A306F772B9B38547E39CF5D21307A041BA
:10EBD0009767FD1F83C797716315E50093E72700CB
:10EBE000F1BFF59BE1BFA3810186EFF0BFC215B372
:10EBF0008547A381F186014419499309F00F7D5A95
:10EC000083C70195E373F4FEB30424035008F14570
:10EC1000938414202685EF903EB905E18347F102E5
:10EC2000638D37015008F1452685A3074103EF9016
:10EC30009EE603C5C185EF907EE005041374F40FD2
:10EC4000C1B78547E39EF5CA83470600E3EAF5CAE4
:10EC50002389F1947DB98547E394F5CA834706007B
:10EC60002547E36FF7C8A38EF18465B18547E39923
:10EC7000F5C803470600A546930797FF93F7F70FDC
:10EC8000E3E0F6C8A380E18669B18547E39AF5C65B
:10EC90008347060003C7D1940144A386F194E31B84
:10ECA00007C6E399B7C6EFE07FCDADB18547E399DD
:10ECB000F5C48347060003C7C1942386F19409E78E
:10ECC0006394B700EFE09FCB03C5C194EF609FD979
:10ECD00089B18547E396F5C2834706000D47E36196
:10ECE000F7C2238FF18435B18547E39BF5C0834795
:10ECF0000600238EF18431B90545EF903ED411B959
:10ED00008547E39FF5BE834706002380F18611B156
:10ED100093074002E396F5BE03C5140001469385B0
:10ED20002400EFF08FEE83C70195E37BF5BC194417
:10ED30003304850203C70400A1471374F40F631062
:10ED4000F70409041374F40F420441805008F1459C
:10ED50002285EF907EA5E31505BA938584004808C7
:10ED60006D469720FD1FE78040E95008F145228558
:10ED7000EF907ED203C5C185EF905ECC51B60504FD
:10ED8000D1B71767FD1F03572730930740046D4421
:10ED9000E3F2E7B88547E395F5B683470600E3E17C
:10EDA000F5B691CF9767FD1F938747539C43554412
:10EDB000E38207B683C7C19593E7870049B683C747
:10EDC000C19593F7770FA5BE1767FD1F0357C72B94
:10EDD000930740046D44E3FFE7B28547E392F5B241
:10EDE00083470600E3EEF5B0F9DB9767FD1F9387D5
:10EDF000E74E9C435544E38F07B083C7319593E7B3
:10EE0000870009B1930700040944E3E527B1E393C0
:10EE100085B083D504004A85EFB0CED22A84DDBC0C
:10EE20001D7186CEA2CCA6CACAC8CEC6D2C4D6C2CE
:10EE3000DAC05EDE62DC834725005147E91793F7AD
:10EE4000F70F636BF70217C70000130727478A07FE
:10EE5000BA979C432A84BA9782878354A5000346B5
:10EE6000C5008346D500268532C636C4EF201F89EB
:10EE7000AA87A246324619E18544A9A203C7C70062
:10EE8000A14713053400631AF702938701979C4347
:10EE9000A68589C79C4399C38297F9BF93878195BB
:10EEA0008843EFA0BEF769D99307E00FE306F5FCAE
:10EEB00085452685EFB04EBDC1B7938741979C43EA
:10EEC000A68599C39C43E9FB93870196D1BF8355DF
:10EED000A5002E852EC4EF207F82AA8751DD03C7AF
:10EEE000C700A147130534001306C4009306C401EC
:10EEF000A245631AF700938701979C43B5DF9C47AF
:10EF0000A5DF829795BF93874197C5BF0349150039
:10EF10006319091C83476500858B6385071C9387EC
:10EF2000C1969C436390071C814551466808972011
:10EF3000FD1FE780A0D34C48DDC183C7650119469A
:10EF4000C105A305F10268089720FD1FE780E0CA0C
:10EF5000834764000357810268088987858BD98FAE
:10EF60002314F102EFE0FFC52387A19483C7019525
:10EF70006366F500EFE00FF22387A19483C9019542
:10EF800083C7E19463E3370383C7018691C70547CD
:10EF90006395E706EFF08F9F9767FD1F9387C70D77
:10EFA0009C5B81C7854521458297A2856808EFE073
:10EFB0009FC6AA84554963170512894503C5119553
:10EFC000EF80DEA2F640664426854649D644B6491F
:10EFD000264A964A064BF25B625C256182800355A5
:10EFE00044008544EF208FF171DD834755001946B9
:10EFF00093056500A305F102B9B70947E39EE7F859
:10F000008144FD5A014A514C176BFD1F130BCB2D48
:10F0100025A8B38B840303250B0019469305F00F35
:10F020005E959720FD1FE78060CF01ED83270B00E1
:10F03000DE979C4B6373FA003E8A63F45701BE8AE5
:10F04000A689850493F4F40F83C70195E3E3F4FCE8
:10F05000330A5A4163590A04FD54514B176AFD1F84
:10F06000130A8A28B70B00801DA8B30A6903032579
:10F070000A0019469305F00F56959720FD1FE7806B
:10F08000E0C919E983270A00D6979C4B63F6FB0079
:10F0900063F49700BE84CA8905091379F90F83C701
:10F0A0000195E364F9FC83C70195E3F7F9EED144D8
:10F0B000B38499021769FD1F130909230325090069
:10F0C0002695EF20AFEC19E54E85EFE0CFE4EFE0B9
:10F0D000FF8AD9B583270900BE9485472387F400AA
:10F0E00065BD014903461400035544008545EFE022
:10F0F000FFDAE30309D84A868D4503554400EFE063
:10F10000FFD99DBB034715009947631AF7020355C2
:10F110004500EF20AFDEAA841DC183C7E185094702
:10F120006389E7020D476380E70205476399E700BB
:10F1300083455500035544000146EFE0BF92034666
:10F14000140089455DBF0146814513050041EFF07C
:10F150008FF78355440003C504001546EFB0AE9504
:10F16000F9BF93054500034535000146EFF0EFA9CF
:10F1700083C70195E372F5D099473305F50213066D
:10F18000C40091451305552042054181EF90BE9082
:10F1900003C5C185EF909E8AC5B183C721950355EC
:10F1A000450081C783C5D18531B383C7218699E3E3
:10F1B000954509B3EF208FD4AA84E30F05CA83478E
:10F1C000A400858B85CB03455500854763F4A702D2
:10F1D0008357C40093F7072091EF7008938564006C
:10F1E000EFF0AFA283C701956396A7008D45035545
:10F1F0004400C9B183C5540003554400130684007C
:10F20000EFE05F8601468145CDBD03554500EFF037
:10F21000AFAE9DB103554500EFF0AF9683C7218691
:10F2200093F7F7072381F18681B9797193970501E7
:10F2300022D406D626D24AD04ECEC1872E8463DE93
:10F24000070803C51195EF80EEB6AA8431C5834740
:10F2500005001307100B638BE7041307000D63878A
:10F26000E7021307000B6396E70203474500F947DF
:10F270006317F700035525008145EFF08FAF83C575
:10F28000440013858400EFE02EA921A0EFF05FB9C0
:10F2900001C52685EF80EEA5A164A18CB250225451
:10F2A000268502599254F249456182808347450080
:10F2B000EDF3035685008355650003552500238231
:10F2C0000196EFF08FB383C74196E1D703C5C1859F
:10F2D00023820196EF908EF66DBF93F7250085C3CC
:10F2E00081450145EFE03F939344240083C7119586
:10F2F000854511E189453E85EF804EEF45B793F78F
:10F3000015006384070C1389C19683270900938431
:10F31000819683D947009C4099EFC16513878197F7
:10F32000894617C600001306A63EFD150545EFF0F9
:10F330004E8423A4A1968C40134414009DE9832796
:10F3400009000146854503D5470093140401C18097
:10F35000EFE0DFB48327090001468D4503D5470060
:10F36000EFE0DFB303C5C185EF904EEDEFE06FB77F
:10F3700035B79308F00F094881471307E10074007F
:10F3800003D681974E85EFF00ED511ED0346D100DF
:10F390008347C10022065D8E19C69C404E8583D5E9
:10F3A000A700EFF08FA58840C165814603D68197FD
:10F3B000FD15EFF02EC69314040123A4A196C1807D
:10F3C0003DDD854503C5119505BF93F74500814493
:10F3D000E38607EC93C44500D1B503472500F14708
:10F3E00063ECE73017C60000130686F29316270079
:10F3F000B2969C42411122C406C626C2B2972A8404
:10F40000828783471500C5EF41469765FD1F9385A9
:10F4100025F31765FD1F130565F09720FD1FE78095
:10F4200040893DED1766FD1F130646EFC1450945AE
:10F43000EF906EE61766FD1F130646EFC1450D45BA
:10F44000EF906EE503C5C185EF904EDF9305340064
:10F450001765FD1F130505F019469710FD1FE7807E
:10F46000C079854785451765FD1F034535ED17674D
:10F47000FD1F2321F7EAEF806ED79767FD1F938763
:10F4800067E988439387C1979C43BDCB03A30700DB
:10F4900063080306A2852244B240924441010283DC
:10F4A00041469765FD1F9385A5E51765FD1F13056B
:10F4B000E5E79710FD1FE780C07F2DD541BF994735
:10F4C0001767FD1F2328F7E44DBF03471500834747
:10F4D000350039E70947639AE7029767FD1F93876D
:10F4E00067E39C438145014593F7F7F093E70702F3
:10F4F0001767FD1F2320F7E2EFC0DEE4A300A4009E
:10F50000B240224492444101828005478145014531
:10F510006395E700EFC0FED2D5B7EFC07EC2F9BF5A
:10F520000947E38FE7FC9767FD1F9387A7DE8843B2
:10F530004199136565009767FD1F23ADA7DC99B757
:10F54000834715009764FD1F9384C4DCADEF8D479E
:10F55000631DF7049767FD1F83C7C7D913978701FA
:10F560006187635F070093F7F70789451765FD1FFC
:10F570000345D5DC1767FD1F230EF7D6EF800EC7B6
:10F580009C40914613F7F700631AD700C19B93E79D
:10F5900057001767FD1F232FF7D685A88946E3017B
:10F5A000D7F6C19B93E72700EDB798409767FD1FFB
:10F5B000238007D49546937707FF3D8B6311D706C9
:10F5C00093E74700F9B79C40C19B93E76700D1B729
:10F5D0001767FD1F130707D41C4383461500BA8421
:10F5E000C19B95E693E747001767FD1F2324F7D2D9
:10F5F0000356A50093054500034535009146EFF0FD
:10F600000F8B9767FD1F238507CE8840A5BD130785
:10F610001003E39CE6FA1767FD1F230B07CC93E763
:10F62000370085BFEFF0CFFF9767FD1F938787CE29
:10F630009C43154793F6F700C19B13E53700E39C05
:10F64000E6EE13E52700C5BD9766FD1F938686CCC1
:10F650009C4203461500B68493F7F7F021EECD46A1
:10F660006313D70493E707011767FD1F2324F7CA25
:10F670009767FD1F83C777CE139787016187635F05
:10F68000070093F7F70791451765FD1F034515CB55
:10F690001767FD1FA303F7CCEF804EB59C403705DD
:10F6A00000015D8DC5B393E707021767FD1F232394
:10F6B000F7C6EDB793E70703CDBF9766FD1F9386A7
:10F6C00066C59C427D761306F60FF18F0346150042
:10F6D0000DE26D46631CC70093E707101767FD1F17
:10F6E000232AF7C29C423705000265BF93E7072033
:10F6F000F5B793E70730DDB782800347050093062F
:10F7000010096307D7009307000D6305F704828093
:10F710008346150039476391E60483564500056723
:10F7200013075740639AE60218459307F0078305CD
:10F7300037006383F5029387C1979C4391CF03A35E
:10F740004700630B03008347270003451700A20708
:10F750005D8D02836FF07FC8828001119397050150
:10F7600026CA06CE22CCC187AE8463DB070C1765A0
:10F77000FD1F0345B5BCEF70FEE32A8419C99767E6
:10F78000FD1F83C717B789EFEFF03FF72285EF70B2
:10F790005ED62165258DF2406244D24405618280A7
:10F7A000834705001307000D6390E7068347250094
:10F7B00081E7EFF09FF409A81547639FE70003472F
:10F7C000C500A147E392E7FCA2851765FD1F03452D
:10F7D000C5B8EF70BEE675BF2147E38CE7FC9946DC
:10F7E0006395D70083477500F1BF1D47E39EE7F897
:10F7F00003554500EF109FF051D90347C500A147BD
:10F800002285E313F7F8C9B71307200AE38EE7F65A
:10F8100013071009E39FE7F803471500B947E31AF8
:10F82000F7F803574500856793875740E313F7F8C8
:10F8300018458347270003451700A2075D8D5DBF6C
:10F840009397150163DE07001386019891451145D2
:10F85000EF906EA403C5C185EF904E9E11651DBF4C
:10F8600093F71500C5CF9767FD1F83C767A8A5CB82
:10F87000EF204F979767FD1F83C7C7836364F50623
:10F880008D472302F1009767FD1F938777A683C7F3
:10F8900007004C001765FD1F034555AA2306F1001C
:10F8A0009767FD1F9387C7AA83C70700A306F100C8
:10F8B000EFC0EED30DC59767FD1F9387A7A58843BB
:10F8C0004199136565009767FD1F23A5A7A493873A
:10F8D000C1979C4389C79C4399C38145829713C5AF
:10F8E000140055BD9767FD1F9387A7A083C7070026
:10F8F00019469765FD1F938525A02302F1009767A0
:10F90000FD1F938767A183C7070013056100A3024A
:10F91000F1009710FD1FE780402EB5B793F7250043
:10F92000A1C79767FD1F83C7E79C858B9DCB176594
:10F93000FD1F0345B5A0EFC0AEFA05C59767FD1FD3
:10F940009387479D88431375F5F09767FD1F23A3A1
:10F95000A79C9387C1979C4389C79C4399C38145C2
:10F96000829713C5240005BD93F745000145E38444
:10F9700007E29767FD1F83C7579E8DCF1765FD1F51
:10F980000345D59BEFC06EF915C59767FD1F93879B
:10F9900067988843FD779387F70F7D8D9767FD1FE5
:10F9A00023AAA7969387C1979C4389C79C4399C371
:10F9B0008145829713C54400F9BB397122DC06DE0C
:10F9C0002A842ECE32CC36CA3AC83EC6EF101FD398
:10F9D00005C9F2456246B247D24642472314B102F6
:10F9E0002315C1022C103E8622852316D10223172F
:10F9F000E102EF107FBF0145F25062542161828025
:10FA00005145DDBF011106CE9767FD1FA38AA7826E
:10FA100091C52E8532C6EFE0BFC532469767FD1F00
:10FA20009387478F9C4395EF19C223AEC196F2404E
:10FA30001766FD1F0346268C9765FD1F83C505903D
:10FA40001765FD1F0345958F938701981767FD1F65
:10FA50001307C78D9766FD1F9386468C05616FD08F
:10FA6000EEDEF2404545056182809757FD1F83C752
:10FA7000676481EB614582806145B2402244410167
:10FA80008280411122C406C61764FD1F0344148BF3
:10FA90009307F00FE312F4FE17050000130525CCC1
:10FAA000EF806EFC1767FD1FA30AA788E30685FC9D
:10FAB00023AE01969767FD1F23AE07849147176712
:10FAC000FD1F230DF786EFA0AEBA414681451765AD
:10FAD000FD1F1305A5849710FD1FE78020194146DF
:10FAE00081451765FD1F130565849710FD1FE7808D
:10FAF000E01723A001989757FD1F238C077E976777
:10FB0000FD1F238B07809D471766FD1F1306068187
:10FB1000C14509451757FD1FA30CF77C9767FD1FCB
:10FB200023880782EF805EC81766FD1F13060680D4
:10FB3000C1450D45EF805EC741469755FD1F938532
:10FB4000E57D1755FD1F1305A57F9710FD1FE78065
:10FB5000C00A41469755FD1F9385457D1755FD1FEA
:10FB60001305057A9710FD1FE78020091386019879
:10FB700091451145EF805EC3014501B7FD57175709
:10FB8000FD1FA30DF77A1757FD1F1307276BA3025D
:10FB9000F7002303F7001757FD1F2301077A0547D6
:10FBA0009756FD1F2386E67423A0019819479756A0
:10FBB000FD1F239FE6740567130707C89756FD1FAF
:10FBC000239DE6741757FD1F2309F7788D471757B4
:10FBD000FD1F230207721757FD1FA30C077017574D
:10FBE000FD1FA309F7701757FD1F230AF770194669
:10FBF00081451755FD1F130525701713FD1F67005D
:10FC0000E306930705D04111C20722C406C6C1838B
:10FC10005D472E84636BF71017B7000013078776D4
:10FC20008A07BA979C43BA9782879757FD1F83C765
:10FC3000E7702300F40035A041469755FD1F9385DA
:10FC4000E56D22859710FD1FE78020FB19A841462E
:10FC50009755FD1F9385856DEDB7938701989C435C
:10FC60009CC18147B24022443E85410182801946B1
:10FC70009755FD1F9385056EE9B79757FD1F83C7FD
:10FC8000276745BF2E85EFC04EF8E1BF2E85EFC038
:10FC90002EFAC1BF9757FD1F83C7A76559BF975756
:10FCA000FD1F83C7676771B719469755FD1F938579
:10FCB000A56441BF9757FD1F83C797639DBF9757A3
:10FCC000FD1F83C7E768B5B79757FD1F9387876404
:10FCD0009C4385B79757FD1F83C7E76199BF975727
:10FCE000FD1F83D7E7622310F400A5BF9757FD1FC0
:10FCF00083D7A762CDBF9757FD1F83C7B75F15BFD7
:10FD00009757FD1F83C7A75F2DB72E85EFC08EF5D0
:10FD100089BF9757FD1F83C7E75D93F7F70711BFAB
:10FD20009757FD1F83C7776329B7130700048947D7
:10FD3000E36AA7F2EFA08E8C2310A4001DB79307EF
:10FD4000F5CFC207AE86C183D9452A8763EAF52E6F
:10FD500017B80000130808698A07C2979C4341112D
:10FD600006C6C297B285368582874147E147639EC2
:10FD7000E60241461755FD1F1305455A9710FD1F12
:10FD8000E780A0E715A04147E1476390E6024146BE
:10FD90001755FD1F13058559D5B71147E1476396E0
:10FDA000E6001C4223A0F1988147B2403E85410104
:10FDB00082800547E147E39AE6FE0347060097572E
:10FDC000FD1F83C7E7529756FD1F2383E65295C751
:10FDD000814761FF1757FD1F1307C7531843894613
:10FDE0003D8B6305D7009546E311D7FC1755FD1FE2
:10FDF0000345D554EFC0EE9645BF81475DD71757F1
:10FE0000FD1F1307275118436306A7003D8B751785
:10FE1000E36DE5F885451755FD1F03453552EF7035
:10FE2000FEBC59B79307C01C63E8D72063060620C1
:10FE3000B24041016FC0CEB09307C01C63EED71E25
:10FE4000630C061EB24041016FC0AEBF0547E147DB
:10FE5000E39DE6F403470600A946E3E8E6F4975776
:10FE6000FD1F2388E74889B70547E147E39FE6F28E
:10FE7000034706008D46E3EAE6F29757FD1F238D00
:10FE8000E7481DB71947E147E391E6F219461755D0
:10FE9000FD1F13056546DDB50547E147E397E6F02D
:10FEA000034706009D46E3E2E6F09757FD1FA38156
:10FEB000E744DDBD0547E147E399E6EE0347060069
:10FEC0008D46E3E4E6EE9757FD1F2383E748E9BD3F
:10FED0000547E147E39BE6EC834706001757FD1F04
:10FEE000230BF740D1B50947E147E390E6EC035611
:10FEF000060005671307A7C79306A6FFC206C182BF
:10FF0000E365D7EA9757FD1F2394C74071BD0947A2
:10FF1000E147E39CE6E80356060005671307A7C719
:10FF20009306A6FFC206C182E361D7E89757FD1F7B
:10FF30002395C73E95BD834506001756FD1F034612
:10FF4000063C9757FD1FA387B73A0145EF501FB2F4
:10FF5000A1BD034606009755FD1F83C5B5399757C8
:10FF6000FD1F238EC738D5B79307C01C63E6D70C97
:10FF700061C6B24041016FC0EEBC0547E147E39660
:10FF8000E6E2834706001757FD1F0347A736058B98
:10FF90009756FD1F2380F63693F6170011C7E39599
:10FFA00006E0EFC08E9609B5E38006E01757FD1F07
:10FFB0001307473618438945398BE31E07E493E757
:10FFC00007F81757FD1F2307F732F9BB0547E1472D
:10FFD000E39DE6DC834706001757FD1F0347F7370D
:10FFE0009756FD1FA38BF63611C7E39F07DAEFC0C4
:10FFF0006E945DBBE38A07DA1757FD1F130787313D
:020000023000CC
:1000000018431377070F19C3914531B593E707F8E4
:100010001757FD1FA303F73441BB9307000463EF99
:10002000E70089458947E392B6D8B2408355060078
:100030003A8541016FA00EB1E14785BB8947B5B351
:100040009307000463E9A700894589476396B600D2
:1000500083550600C5B789473E8582806F50DF9B78
:10006000011106CE2AC6EF106FE909C9B245F24068
:10007000034505004D4605616FA0EEA3F2404945DA
:1000800005618280411106C6EF7050611705FFFFC0
:100090001305E516EF802E9DEF004F8017A5FEFF9C
:1000A00013056537EF802E9CEFA08EB017D5FEFFAD
:1000B0001305254BEF802E9BEFD0CEC71735FFFFE2
:1000C0001305E5ACEF802E9AEF201FC217F5FFFF56
:1000D0001305E515EF802E99EFE04FF217F5FEFFBF
:1000E0001305E565EF802E98EFF0EEE1B240410197
:1000F0006FF0BF979757FD1F9387C7261757FD1FB0
:100100001307C7259C43184301456313F7008280FA
:1001100083D6670081E683D6470036959C43F5B7C2
:100120009757FD1F938747F58C431757FD1F0357BC
:10013000E7F44111138605229757FD1F23A4C72218
:10014000938785FFBA9705659756FD1F23A8F6206C
:1001500006C61D05935637006374E500930600201C
:100160003307D6001755FD1F232CE51E23A0E522DB
:10017000E1162312D600231306001CC3998FE11742
:100180002312F70023130700EFF0DFF6B240975772
:10019000FD1F239AA7E8410182809757FD1F93878F
:1001A000671C1757FD1F1307671B9C43144301452A
:1001B0006393F600828003D7670011E703D74700F7
:1001C0006373E5003A859C43E5B79757FD1F938716
:1001D00067199756FD1F938666189C4390422A879D
:1001E000B305B5406314F6003A8529A893868700C5
:1001F0009C43E369D7FEE377F7FE2E85E3E4D5FE63
:10020000E3F2F5FE828083D705002300F50083D753
:100210000500A183A300F5000945828083C725005E
:1002200005472300F50003D505006397E7000A059D
:100230000505420541818280C9473305F502CDBFDE
:1002400003D505000A0542054181828083D7250038
:100250002300F50003D5050083D725003305F502FB
:10026000050542054181828003D50500828003D5C2
:100270000500828003D50500828083D725002300F6
:10028000F50003D5050083D725003305F5020505E4
:1002900042054181828083D705002300F50083D782
:1002A0000500A183A300F50083D725002301F500F5
:1002B00083D72500A183A301F50003D545001105CF
:1002C00042054181828083D705002300F50083D752
:1002D0000500A183A300F50003D52500090542050B
:1002E0004181828089471145639BF6008347160050
:1002F000834606000145A207D58F2310F7008280B0
:1003000003D70500D947AE8663FAE70001470D46DB
:1003100097050000938565EF6F801ECE09458280AA
:1003200011456393A60283471600834606000145E4
:10033000A207D58F2310F700834736008346260097
:10034000A207D58F2311F700828083C725000547B8
:10035000FD1793F7F70F6361F70483D705008DCF7F
:10036000011122CC2A84C84106CE15C12EC689456A
:10037000EFF0BFE52A8722856244B246F240154677
:10038000970500009385C5E905616F80FEC6F240C0
:10039000624409450561828009458280954711457F
:1003A00063F9D706411122C426C24AC006C6834754
:1003B0001600BA8403470600A2073284D98F23901F
:1003C000F400834736000347260093054400A20744
:1003D000D98F2391F40089472382F40009461385BD
:1003E000540036899710FD1FE78020819307A9FFED
:1003F0002394F4009947631BF90023A60400B2403C
:100400002244924402490145410182801904C0C43A
:10041000FDB7828083D705008DCF011122CC2A84BD
:10042000C84106CE15C12EC68545EFF01FDA2A87D2
:1004300022856244B246F2401D469705000093852E
:1004400065E005616F805EBBF2406244094505616D
:1004500082800945828099476395F6048947411156
:1004600006C62302F7008347160083460600B285BE
:10047000A207D58F2310F700834736008346260056
:1004800003464700A207D58F130557002311F70035
:1004900091059700FD1FE7804076B240014541017C
:1004A0008280D14711456394F600C1474DBF8280D9
:1004B00083D705008DCF011122CC2A84C84106CEF6
:1004C00015C12EC68945EFF05FD02A872285624488
:1004D000B246F240254697050000938565D7056131
:1004E0006F809EB1F24062440945056182800945F2
:1004F000828089471145639BF60083471600834637
:1005000006000145A207D58F2310F7008280011154
:1005100022CC2A84C84106CEAE86014719C52EC614
:100520008545EFF09FCAB2462A8722856244F24091
:100530002D4697050000938565D305616F80DEAB7E
:1005400011456393A60283471600834606000145C2
:10055000A207D58F2310F700834736008346260075
:10056000A207D58F2311F7008280011122CC2A84A3
:10057000C84106CEAE8611C52EC68545EFF0FFC434
:10058000B2462A8722856244F2403546970500002C
:10059000938525CE05616F803EA693F71600114521
:1005A00089EB89476387F60085822312D70010C341
:1005B00001458280011122CC2A84C84106CE15C192
:1005C0002EC68545EFF07FC02A8722856244B24659
:1005D000F2403D4697050000938505CA05616F808E
:1005E000BEA1F240624409450561828083D70500BF
:1005F0008DCF011122CC2A84C84106CE15C12EC64A
:100600008945EFF09FBC2A8722856244B246F240BA
:10061000454697050000938585C605616F80DE9D80
:10062000F240624409450561828009458280854720
:1006300063FCD7022304A700A304B7008347160076
:1006400083450600A207CD8F2310F7009387E6FFAE
:100650002311F70089476386F600090650C3014558
:10066000828023220700E5BF114582800147814631
:100670004D4681456F805E988D47114563FBD702DB
:100680008347160083450600A207CD8F2310F7008D
:100690008347360083452600A207CD8F2311F7003C
:1006A0009387C6FF2312F7006386A600110610C7C2
:1006B0000145828023240700E5BF011122CC2A8452
:1006C000884506CEAE8611C52EC69545EFF0FFAF24
:1006D000B2462A8722856244F2405D4697050000B3
:1006E0009385A5BB05616F803E9185471145639752
:1006F000F6008347060001452300F700828001478A
:100700008146654681456F803E8F011122CC2A8447
:10071000C84106CEAE86014719C52EC68D45EFF0FD
:10072000DFAAB2462A8722856244F2406D469705C9
:100730000000938585B905616F809E80011122CCF0
:100740002A84C84106CEAE86014719C52EC68D45FE
:10075000EFF0BFA7B2462A8722856244F240754671
:1007600097050000938565B605616F806EFD814732
:1007700017B800001308C8CC1306F00F3307F800B1
:10078000834607001397060141836364E500639382
:10079000C600828083D605006365D7002390E500FC
:1007A0008280850793F7F70FD1BF41119397050119
:1007B00022C406C626C2C1872E8463D50702EF6015
:1007C0007EDFAA8409CD83470500054793C7070844
:1007D0006364F700EF50F0572685EF609ED12165E6
:1007E000218D29A893F7150099CF9757FD1F93875F
:1007F000E7B7FC5791C3829713451400B2402244D7
:1008000092444101828093F7250099CB9757FD1FB1
:100810009387C7B5BC5B91C3829713452400F9BF8A
:1008200093F7850081CF9757FD1F938727B4FC5F0F
:10083000BC5B91C3829713458400C9B793F7450009
:1008400081CF9757FD1F938767B2FC5FFC5791C319
:100850008297134544005DB793F7050291CF9757F0
:10086000FD1F9387A7B083A7070983A7070991C333
:1008700082971345040259B793F7050191CF975713
:10088000FD1F9387A7AE83A7070983A7C70891C356
:100890008297134504019DB7939725010145E3DF36
:1008A00007F49756FD1F83C6D6AC1756FD1F0346A7
:1008B00046AC9755FD1F83C5B5AB1755FD1F0345C6
:1008C00025ABEFB02FA7096521BF41111306801298
:1008D000814522C42A841755FD1F130525A906C684
:1008E0009757FD1F23AA079E9757FD1F23A607BAF8
:1008F0009700FD1FE78080370145EF300015014567
:10090000EF30E01C3707D70731079756FD1F23A9A3
:10091000E6A637C70C0C130707149756FD1F23A331
:10092000E6A637C7D707130707149756FD1F23AD51
:10093000E6A47177130707149756FD1F2398E6A4C2
:100940009747FD1FA38F876C9757FD1F938707A2BB
:100950007D46814603A7070D23A2D70E23A0C70E0D
:1009600083A7470DB7762D049386F61F558F93E71F
:10097000E7099756FD1F23A3E6AC9756FD1F23A357
:10098000E6AC9756FD1F23ADF6AA1757FD1F232D82
:10099000F7AA9747FD1F83C7076F1757FD1FA305CA
:1009A000F7A81757FD1FA305F7A8F977FD171757E5
:1009B000FD1F2310F7AC1757FD1F231DF7AAFD4796
:1009C0001757FD1F2309F7AA9757FD1FA38C079CF4
:1009D000930730301757FD1F2317F79C1757FD1F3C
:1009E0002314F79CEF70FEAE9757FD1FA381A798C5
:1009F0009307C01C1757FD1F2317F79E9747FD1F2E
:100A000083D7C767A9831757FD1FA303F79E97478F
:100A1000FD1F9387676683D707011307B00F6374C1
:100A2000F7009307B00F1396070141821757FD1F78
:100A30002313F7961757FD1F2311F7969306E60029
:100A400013973600420741839755FD1F2396E5947F
:100A50009755FD1F2394E594ED456373B600ED476C
:100A60001756FD1F2315F69213068014BA87637478
:100A7000C700930780141757FD1F231BF7901757C4
:100A8000FD1F2319F79085471757FD1FA30FF790F8
:100A9000B70703009387C71C1757FD1F2328F7903C
:100AA0009757FD1F23A60790B7170706938707449C
:100AB0001757FD1F2320F790B70716008E06938760
:100AC00007901757FD1F2316D78C1757FD1F232993
:100AD000F78CEF804F98EF407069EF70CFC02244E1
:100AE000B24041016F606000411106C622C426C2B7
:100AF0001757FD1F0347678B9757FD1F83C7F78A5B
:100B00006369F70001442285B240224492444101C6
:100B10008280AA84930510201305800B9710FD1F77
:100B2000E78000D02A8479DD1306800B8145970089
:100B3000FD1FE780A01381E4C1572304F4009757F9
:100B4000FD1F9387A782B84F2DEF1757FD1F23294D
:100B500087861757FD1F232787861757FD1F2325D5
:100B600087862320040005479756FD1F238FE682C2
:100B70000547A304E400130700F9A305E4001747A1
:100B8000FD1F1307276D145358531745FD1F0345C9
:100B9000E54F74C438C87D57230BE40083C7A7040E
:100BA000A30EE4062304A4062306F40AEF702FF232
:100BB00083476406A30AA40093E737002303F406DF
:100BC00099B7F84F00C31747FD1F232F877E2320B7
:100BD000040003C7E703050741BF011152C4174AC8
:100BE000FD1F130AAA6983270A0006CE22CC26CA53
:100BF0004EC656C2130780074AC82A84F8D309454F
:100C0000EF70DFA59749FD1F9389896483A70900C9
:100C1000974AFD1F938ACA6B37063300D85793054E
:100C200030020545719B13671700D8D79843137797
:100C3000F7CF98C398431377F7CF1367072098C36C
:100C400003A70A001447D18E03260A0014C7B7066B
:100C500003009386862534CA5457F59A54D7034720
:100C6000E4079376F7079843137707F8558F98C3EF
:100C7000EF709E8A64449D472308F400230FA40666
:100C80002380F4008547A38104002381F4007C487D
:100C900093F707209DCB9147A381F4008347E40A93
:100CA0008346D40A78449A07D58F2302F70083C776
:100CB0002400814685072381F4000346040B834505
:100CC000D40A0345E40AEF707F817C4893F707401C
:100CD000B1C303C734007C4483C624001367870074
:100CE000A381E4000357A408B697A381E70083C754
:100CF000240078448346F4073E978357A40892065D
:100D0000A183BD8BD58F2302F70083C724008907F9
:100D10002381F40003C62400035744089307D00F2F
:100D2000918F9746FD1F9386666463D1E7248345C0
:100D300004080547930780426385E500856793872C
:100D4000878479479387371AB3C7E70283C6860734
:100D500093E606019745FD1F2386D56883260A0082
:100D6000C1658CC63387E7020607B8D283C6340054
:100D700093E60601A381D40078448346E4073297C2
:100D8000A301D70083C62400784436972302F700D6
:100D900003C724007C44BA97034704081607A382BC
:100DA000E70083C724008D072381F40083470406EE
:100DB00093F7070485C703C734007C4483C6240027
:100DC00013670704A381E40003475401B697A38186
:100DD000E70083C7240085072381F4008347C40705
:100DE0000547C11793F7F70F6366F70603C9240099
:100DF00015469745FD1F9385C5679307390003295D
:100E0000C4043E99A1472300F90093078002A30080
:100E1000F900130529009700FD1FE78000DE034756
:100E2000C407C147631DF71483578408A107231122
:100E3000F408C547230EF40683472408A303F900EA
:100E400083572408A1832304F90083C72400A5073E
:100E50002381F40003564408014931C203C724002A
:100E600068448325840A930737003E9583C734007E
:100E7000C18B6380071279593309E9401379F90F5F
:100E80004A869700FD1FE78040D78327840ACA97C8
:100E90003CDC83574408B38727412319F40603C772
:100EA00024009377F70385073E991379F90FA30878
:100EB00024012381E4007C44A380270183260A00C7
:100EC000930770F9A305F400DC42F99BDCC2974755
:100ED000FD1F938767409C43E1C70347A40003A518
:100EE000090037060082BA9783C7070058557D1658
:100EF0009395870193F7F703E185E607718FD98F03
:100F00005CD51307A00383A70A006359B70AF84FFB
:100F100037060007518FF8CF83A709000327C408BD
:100F20008145172500001305A52E98C7032704093E
:100F3000D8C39747FD1FA38007329747FD1F238D16
:100F400007307C44BCDEEF704E9B034614018345A2
:100F500004086244F240D2444249B249224A924AC9
:100F6000014505611703FD1F6700C35B83C7860743
:100F700093F7F70E1747FD1F2306F74605BD0357E6
:100F8000840883572408998F0947E347F7EAC9473C
:100F900055B59700FD1FE78040C60349440801B7D7
:100FA0008305840603A509003706008293F7F5033D
:100FB000139797015C557D16F18F91B713072002A7
:100FC000635AB700F84F370600F97D16718F370660
:100FD000000589B7370700F91306F7FFF84F694591
:100FE000718F37060003E347B5F2370600011DB7DE
:100FF0009746FD1F938686288C42411122C426C243
:1010000006C64AC093078007FCD19747FD1F938708
:1010100027249C432A8437053300D857719B1367D4
:101020001700D8D798431377F7CF98C3984313770F
:10103000F7CF1367072098C31747FD1F13074729EA
:1010400018431047498E10C737060300130686253C
:10105000B0C95057759A50D70347E4071376F7077E
:101060009843137707F8518F98C364449D4723082A
:10107000F4002380F4008547A38104002381F40059
:101080007C4893F7074085CFA147A381F4007C44B7
:101090000357A4082382E70083C72400784403464B
:1010A000F4073E978357A4081206A183BD8BD18F06
:1010B0002302F70083C7240089072381F40083C536
:1010C0002400035724079307E00F8D8F63D2E708AE
:1010D000034604080547930780426305E6008567D9
:1010E0009387878479479387371AB3C7E7021746F0
:1010F000FD1F0346262F9442136606011745FD1F68
:101100002302C52E416690C63387E7020607B8D290
:1011100083C6340093E60601A381D4007844834655
:10112000E4072E97A301D70083C62400784436979E
:101130002302F70003C724007C44BA97034704083E
:101140001607A382E70083C724008D072381F400DC
:101150000356240701491DCE03C7240068442C5CB4
:10116000930737003E9583C73400C18BADCF7959C3
:101170003309E9401379F90F4A869700FD1FE7808C
:10118000C0A73C5CCA973CDC83572407B387274140
:101190002319F40603C7240001459377F703850755
:1011A0003E991379F90FA30824012381E4007C44BC
:1011B000A3802701930770F9A305F40003461401E7
:1011C0008345040822449747FD1FA3860708B240C1
:1011D000924402499747FD1F2380070841011703E6
:1011E000FD1F670023349700FD1FE78000A103491E
:1011F00024072319040679BF411122C406C62A8494
:1012000026C24AC0EF40C077835784080347C4070B
:1012100085072314F4088D47631EF70C9147230EAE
:10122000F4067C481747FD1F1307471493E7870010
:101230007CC883479707898BEDDF8347970793F730
:10124000C70F1747FD1FA30FF7189747FD1F938779
:10125000E7E19C438297035764089747FD1F83D7B4
:10126000E7E63307F70293070032130707193357EE
:10127000F7029747FD1F9387E7E4DC43B306E500D9
:10128000368663E4A60063E4F6003386F640232C3A
:10129000C4089746FD1F83C696DF636AD604158E81
:1012A0009306D407A285170500001305E517EF6024
:1012B000CEDE2285EFF07F929744FD1F9384040BCE
:1012C000EF708FB183C78407C18BCDC383C78407F9
:1012D00093F70702E5DF83C78407228593F7F70CAE
:1012E0001747FD1F2300F710EFF09FD0E1BF958F48
:1012F0003E967DB71749FD1F130949D7832709007B
:101300008297AA84832709008297E38DA4FE83270E
:10131000090083248409829763E0A4063385A440EE
:101320009747FD1F83C7B7D69744FD1F83D404DAC0
:1013300063E3A70029E983576408130700321746BF
:10134000FD1F130626D8B3879702504293870719CB
:10135000B3D7E702032784093E97BA866364F70090
:101360006364C700B306C740232CD408B2402244AC
:1013700092440249410182809747FD1F938787D499
:10138000DC43BE9461BF9747FD1F83C7B70593E752
:1013900017001747FD1FA307F70437470F00130770
:1013A0000724B335E5029747FD1F938727ED03A96F
:1013B0000700B707080026862324F9008146330575
:1013C000E502EF70201106052326A9061747FD1F29
:1013D0001307C7F983479707898BEDDF8347970783
:1013E0001746FD1F130606CE504293F7C70F174747
:1013F000FD1FA309F7FE8357640813070032B38764
:10140000970293870719B3D7E702032784093E970A
:10141000BA866364F7006364C700B306C740232C31
:10142000D40841BD8347C507B1CB411122C406C6CC
:1014300026C249472A84639CE7020357250883573D
:1014400085086316F7029304050A15469745FD1FA4
:1014500093852502268597F0FC1FE780007A268574
:10146000EF4020789147A300A408230EF4062285BC
:101470002244B240924441016FF01FD882808347DA
:10148000E501411122C406C69907A308F5007C4571
:1014900011472308E5002380E7007C450347150139
:1014A0002A84A380E70083475503858B91E7034790
:1014B000450389476319F70078448347070093E79A
:1014C00007042300F70068449305640319460905DF
:1014D00097F0FC1FE780607268440356E4014C54A7
:1014E000210597F0FC1FE7804071930730F9A305B1
:1014F000F400B24022444101828041114AC01749A0
:10150000FD1F1309A9E68327490B06C622C426C27C
:1015100099E3054505AAAA84EF700F8C8327490B30
:101520008297EF40201D2A846DD5DC50AC482324DF
:10153000F50803C7B4009307A009631BF71085479C
:101540002300F51483C734062303F514A303F5140D
:1015500083C7F50003C705010148A2074207BA97F0
:1015600003C7E5001546F905BA9703C735FF13050C
:1015700084136207BA97232CF40883C755FF03C767
:1015800065FFA2074207BA9703C745FFBA97232E04
:10159000F40883C775FFA30BF40283C795FF03C745
:1015A00085FFA207D98F231CF40283C7B5FF03C7A9
:1015B000A5FFA207D98F231DF40283C7D5FF03C758
:1015C000C5FFA207D98F231EF40283C7F5FF03C707
:1015D000E5FF232E0413A207D98F231FF4028147AE
:1015E000232CF41297F0FC1FE7802061B848834752
:1015F0003702FD8BA30AF40203473702ED1793F776
:10160000F70F15832308E4022D476368F702835719
:10161000A40305679306A7C7E917C207C18363EE52
:10162000F6008356C4039307301F63E8D70083573F
:10163000E403130707C8637EF70203558400EF40F5
:10164000E0290145B240224492440249410182808E
:101650008327890D13971701E35C07EEFC4403C74A
:10166000070083C70500F98F9583858B2300F51448
:10167000C5B58327890B228582978327090E0355D9
:101680008400294693F7072091E305469305000857
:10169000EF50C0058327890D139717016359070081
:1016A00003558400514693050008EF50200483271A
:1016B0004905FC4B13974700E35D07E403C584002D
:1016C000A38B0400494693050008EF50200291B512
:1016D000411122C406C626C24AC09747FD1F83C7D0
:1016E000F7C82A848DEB0347040185476316F70E7C
:1016F0008347D40303475404858B631DF70C1946B5
:10170000930564041305E40397F0FC1FE780605A17
:10171000B334A00091A883475504CDC78347B504CF
:101720001307000493F7070C639EE708085921C5C7
:1017300013096404CA851305A502EF50400D8547BF
:10174000AA84631AF502085889472302F4048347E0
:1017500035001946CA8593E72700A302F404510512
:1017600097F0FC1FE7806049B24022442685024979
:101770009244410182800347040185476304F704D2
:1017800083470406918B9DEF8347C40385EF1305C0
:1017900044049710FD1FE78000C208D805C589479B
:1017A0002302F4048347350019469305640493E744
:1017B0002700A302F404510597F0FC1FE780E043E3
:1017C00085445DB78347C403898B91DF1C5883C769
:1017D000170091FB814449BF83470406918B89FB25
:1017E0008347D40013F717000DC3834634010D4718
:1017F000639DE60068402C442244B2409244024972
:1018000041011703FD1F67006391898BD5DB0347F7
:1018100034019547E316F7FAF1BF41119747FD1FD1
:10182000238207BC22C4930710F906C6A305F5005E
:101830009747FD1F938707C680430DC08545173521
:10184000FD1F0345157EEF60EEF493071027330567
:10185000F50222832244B24041010283B240224475
:10186000410182808347A50199C70347A5006314FE
:10187000F7006FF09FFA0347950111CF8346A5004B
:101880006382E6022305E50089451735FD1F034500
:1018900055796F60AE95F1DF0347A50079FB23050D
:1018A000F500DDB7F9D7E5BF2C49314783C71500EF
:1018B00093F7F7032309F5006386E7009307000811
:1018C0003E85828083C705000D47BD8BA309F500C7
:1018D000E396E7FE41114AC01309650322C4194685
:1018E0002A84A1054A8506C626C297F0FC1FE78018
:1018F000403C91470DC52C4813056404194683C725
:10190000050089059987858BA302F40497F0FC1FD5
:10191000E780A02E2285EFF0BFDB09E9A147B240A6
:101920002244924402493E8541018280130500040D
:1019300083044401EF808ECC62056185E3C0A4FE80
:1019400064449D472308F4002380F40085472381E5
:10195000F400A381F400CA8519461385440097F06A
:10196000FC1FE780802983C7240003C73400014996
:10197000990793F7F70F136787002381F400A3817A
:10198000E4007844BA970357C406A381E70083C7ED
:1019900024007844834614063E978357C406920673
:1019A000A183BD8BD58F2302F70003C7240009074D
:1019B0001377F70F2381E4008356E401D5CE8347E4
:1019C0000406795993F7070491C375593309E9401F
:1019D0001379F90F6372D90A0346340675198546DF
:1019E0001379F90F930780426305D60085679387C3
:1019F0008784F9469387371AB3C7D7021746FD1F66
:101A00000346469E136606019745FD1F238CC59C21
:101A10001746FD1F130686861042C1650CC6B386A5
:101A2000D702860634D283C6340093E60601A3812A
:101A3000D4007444034624063697A301C70083C626
:101A40002400784436972302F70003C724007C441F
:101A5000BA97034734061607A382E70083C724001A
:101A60008D072381F4005C54CA973CDC8357E40162
:101A7000B38727412319F4068347040693F7070425
:101A800085C703C734007C4483C62400136707045A
:101A9000A381E40003475401B697A381E70083C7FD
:101AA000240085072381F40003C524000356E401C4
:101AB0004C549307350068443E952DCE636CC9069F
:101AC00097F0FC1FE78060130349E40103C724007B
:101AD0009377F70385073E99A30824012381E40047
:101AE00083475403858B91E7034744038947631970
:101AF000F70078448347070093E707042300F700C3
:101B00007C4483451401A380B70003453406930742
:101B100090F9A305F400EF603F8903461401834563
:101B200034060D459700FD1FE780C09FEF60DFAAD8
:101B30008147F5B34A8697F0FC1FE780000C79B720
:101B40002C491307200283C7150093F7F7032309D5
:101B5000F500639CE714411122C406C626C283C760
:101B6000050015472A84BD8BA309F500639CE70295
:101B70001946A1051305650397F0FC1FE780601364
:101B80009147630E05102C4819461305640483C75A
:101B9000050089059987858BA302F40497F0FC1F43
:101BA000E780A0052285EFF0BFB2A1476DC9973449
:101BB000FD1F938424519C4082979307E5013E8743
:101BC000D44063E4A70063E4D7003387D74064447C
:101BD000A1472308F40058D02380F40085472381CF
:101BE000F400A381F40019469305640313854400AF
:101BF00097F0FC1FE780600083C7240099072381CA
:101C0000F40083C7340093E72700A381F4008347DF
:101C1000540481CB78448347070093E707F82300F7
:101C2000F7001946930564041385A40097F0FC1F80
:101C3000E780A0FC83C72400990793F7F70F13F7F9
:101C4000F7030507A308E4002381F4008347540346
:101C5000858B91E70347440389476319F70078446C
:101C60008347070093E707042300F7007C4483457C
:101C70001401A380B700034534069307A0F9A30518
:101C8000F400EF606FF203461401834534060D45FE
:101C90009700FD1FE7800089EF601F948147B240E5
:101CA000224492443E8541018280930700083E858C
:101CB000828041114AC01739FD1F1309295C83270F
:101CC000090022C41307800706C626C2F8D32A8457
:101CD0000945EF60BF989737FD1F938767579C436F
:101CE0009735FD1F9385C55ED857719B1367170005
:101CF000D8D70326090058421367170058C2173770
:101D0000FD1F1307675D1843630A07188346A40085
:101D1000370500827D15369703470700D4571318FF
:101D200087011377F703135888416607E98E558FAB
:101D3000D8D79306A003984163DE0617744F370582
:101D40000007C98E74CF98431377F7CF98C3984391
:101D50001377F7CF1367072098C39841B70533006F
:101D60001447CD8E14C7B70603009386862534CA60
:101D70005457F59A54D7034724069376F7079843A8
:101D8000137707F8558F98C337C7898E130767ED08
:101D900098C737575500644413075755D8C39D4714
:101DA0002308F4002380F40085472381F400A14731
:101DB000A381F4007C440357C4062382E70083C751
:101DC00024007844834614063E978357C40692063F
:101DD000A183BD8BD58F2302F70003C52400930791
:101DE000E00F09051375F50F2381A400035624079E
:101DF000898F63CFC7047C442C5C0D053E9597F01A
:101E0000FC1FE78080DF03C7240083472407937605
:101E1000F7038507B697A308F4002381E4008347FE
:101E20005403858B91E70347440389476319F700FF
:101E300078448347070093E707042300F7007C44B6
:101E400003471401A380E700930780F9A305F4007A
:101E5000832709007844B8DF9737FD1F83C74727DA
:101E600081EB8145171500001305853AEF60EEA858
:101E7000034614018345340622449737FD1FA38C83
:101E8000073CB240924402499737FD1F2386073C26
:101E90000145410117F3FC1F6700C368030884066E
:101EA000370500827D151377F80393169701D857ED
:101EB000698FB5BD9306200263DA0601744F3705BA
:101EC00000F97D15E98E37050005A5BDB70600F9B7
:101ED0001385F6FF744FE948E98E37050003E3C226
:101EE00008E737050001B1BD397152D4173AFD1F1B
:101EF000130ACA3803260A0022DC26DA06DE4AD88C
:101F00004ED6930780077CD29737FD1F93874734BF
:101F10009C43B70533002A84D857719B1367170079
:101F2000D8D798431377F7CF98C398431377F7CF51
:101F30001367072098C31737FD1F13076739184326
:101F40001447CD8E14C7B70603009386862534CA7E
:101F50005457F59A54D7034725069376F7079843C5
:101F6000137707F8558F98C364459D472308F500FC
:101F700085462380F400A38104002381D400834795
:101F8000F5050D476385E7001947639BE74C8547D7
:101F9000A381F4001946930564031385440097F068
:101FA000FC1FE78080C583C7240099072381F400C4
:101FB0000347F40599476316F70483C73400138574
:101FC000A40093E72700A381F40083475403898B7F
:101FD0006382071E0C5883C72501638D071C1946B1
:101FE000D10597F0FC1FE78040C178448347070084
:101FF00093E707F82300F70083C72400990723819C
:10200000F40083C7340003C7240093E78700A3814B
:10201000F4007C44BA970357C406A381E70083C742
:1020200024007844834614063E978357C4069206DC
:10203000A183BD8BD58F2302F70083C724008907B6
:1020400093F7F70F2381F4008356C40163860618C3
:102050000347040679591377070411C37559784863
:102060003309F9401379F90F118B01C73919137925
:10207000F90F8149637FD9088346340675190547EE
:102080001379F90F930980426385E6008569938986
:10209000898479479389391AB3C9E9029736FD1FB4
:1020A00083C6463493E606011736FD1F230CD6324D
:1020B00083260A00416690C63387E9020607B8D234
:1020C00003C7340013670701A381E4007844834603
:1020D0002406BA97A381D70003C724007C44BA978B
:1020E0002382370103C724007C44BA970347340690
:1020F0001607A382E70083C724008D072381F4001D
:102100001C54CA973CDC8357C401B3872741231969
:10211000F4067C48914613F7C700630BD700B1461D
:102120006318D720834614060347F4076392E6201A
:10213000A18BCDCB9737FD1F938747F39C43832912
:10214000840982971737FD1F1307C7F763E9A908AA
:10215000B7470F003385A94093870724B335F502AD
:102160000356870081463305F502EF60A036AA8941
:10217000B7074B00138749ED9387B7C763EAE71AA0
:1021800049468145680097F0FC1FE78020AEB7C73D
:102190000300938737FC63CD370DBD09F947B3C9F9
:1021A000F902B2477977F98FCE0993D93901B3E9AA
:1021B0003701FDA08347D40381CB784483470700D0
:1021C00093E707F82300F70019469305E40397F017
:1021D000FC1FE78080A20DB5814901491DBF5C430A
:1021E000BE99BDB783C7340083463406C18B9DC3F7
:1021F000F9470547B389F902835724076399E60035
:10220000938787078587BE999389492995B79387CF
:102210000707D5BF83C724000357C40105463E976F
:102220009307070F6395C6009307870F85871737B6
:10223000FD1F0347371B136717001736FD1FA30346
:10224000E61A03270A00370608009389875210C749
:10225000938757547946B3C7C702B387C702860727
:102260007CD7834714062300D408A30FF40609B7CC
:10227000B7872500138737ED634637031307C0126E
:1022800093896909B3C9E902B24789661387F6FFE2
:10229000D58F33F7E900F979B3F93701B3E9E900EC
:1022A0004EC619A863C837178357C1006977F98FDD
:1022B0001167D98F2316F1008357640868446C00B6
:1022C000139707018357C100D98F3EC68327040A9D
:1022D0000327C4083EC88327440A13168700618376
:1022E00093F6F7019737FD1F83C777089D8B9607F5
:1022F000D58FD18F3ECA832704094946A2075D8F37
:10230000835784083ACC231EF10083C724008D072D
:102310003E9597F0FC1FE780408E83C7340093E71B
:102320000702A381F40083C72400C9072381F400B6
:102330008347040693F7070485C703C734007C442A
:1023400083C6240013670704A381E40003475401F4
:10235000B697A381E70083C7240085072381F40093
:102360000356C40161EA014983C624008347E4059A
:1023700013F7F60305073A999A07D58FA3082401A6
:102380002381F40083475403858B91E7034744037B
:1023900089476319F70078448347070093E70704E8
:1023A0002300F7007C4403471401A380E700930750
:1023B00060F9A305F400784483270A00B8DF973753
:1023C000FD1F83C7E7D081EB81451715000013057A
:1023D00025E4EF509ED203270A009737FD1FA38CF8
:1023E00007E69737FD1F238907E65C43014593E71E
:1023F00017005CC3034614018345340697F0FC1FA5
:10240000E7804012F2506254D2544259B259225AD3
:1024100021618280B787DAFF93876709BE99834776
:10242000D10093F7F7F993E70706A306F1009307A6
:10243000C012B5B303C524000C549307350068449B
:102440003E956369C90097E0FC1FE780007B034964
:10245000C40119BF4A8697E0FC1FE780007A29B7BC
:102460001387E7FF1377D70F6310071CA381D400EE
:102470009305650319461385440097E0FC1FE78028
:10248000C07783C7240003C734009739FD1F9389A1
:10249000E9ED990793F7F70F136787002381F4009D
:1024A000A381E40078440149BA970357C406A38185
:1024B000E70083C724007844834614063E97835779
:1024C000C4069206A183BD8BD58F2302F70083C675
:1024D00024009147890693F6F60F2381D400034721
:1024E000F405631CF70A83470406795993F7070438
:1024F00091C375598357C4013309D9401379F90F32
:10250000637DF90803463406751905471379F90FF9
:10251000930780426305E600856793878784794740
:102520009387371AB3C7E70203C689071366060104
:102530009735FD1F2388C5EA03260A00C1650CC62E
:102540003387E702060738D203C734001367070151
:10255000A381E400784403462406BA96A381C6000A
:1025600083C62400784436972302F70003C724006B
:102570007C44BA97034734061607A382E70083C753
:1025800024008D072381F4001C54CA973CDC835738
:10259000C401B38727412319F4068347040693F740
:1025A000070485C783C7340003C7240093E70704E3
:1025B000A381F4007C44BA9703475401A381E70048
:1025C00083C7240085072381F4000347F40591475E
:1025D000631AF7040356C40131C603C524000C5422
:1025E0009307350068443E956368C90297E0FC1F75
:1025F000E780A0600349C4010347F4059147631CC9
:10260000F72483C7890793F7070F93E75700173716
:10261000FD1F2309F7DC89BB4A8697E0FC1FE78092
:10262000C05DD9BF0149C9BF93F7B70F0547E39C08
:10263000E7D2A381F400930565031946138544008E
:1026400097E0FC1FE780605B83C724009907238124
:10265000F40083C7340093E72700A381F400834785
:10266000D40381CB78448347070093E707F823001E
:10267000F700834754031385A400898B6383071AEB
:102680000C5883C72501638E07181946D10597E0BA
:10269000FC1FE780805678448347070093E707F8DC
:1026A0002300F70083C7240003C734009739FD1FB8
:1026B0009389C9CB990793F7F70F13678700238195
:1026C000F400A381E40078440149BA970357C40693
:1026D000A381E70083C724007844834614063E970D
:1026E0008357C4069206A183BD8BD58F2302F700C2
:1026F00083C624008547890693F6F60F2381D4000C
:102700000347F405631CF70A83470406795993F7D6
:10271000070491C375598357C4013309D94013790C
:10272000F90F637DF90803463406751905471379D7
:10273000F90F930780426305E600856793878784D6
:1027400079479387371AB3C7E70203C68907136629
:1027500006019735FD1F2387C5C803260A00C165FA
:102760000CC63387E702060738D203C73400136765
:102770000701A381E400784403462406BA96A381A6
:10278000C60083C62400784436972302F70003C7A7
:1027900024007C44BA97034734061607A382E70057
:1027A00083C724008D072381F4001C54CA973CDCA6
:1027B0008357C401B38727412319F40683470406CE
:1027C00093F7070485C783C7340003C7240093E742
:1027D0000704A381F4007C44BA9703475401A38102
:1027E000E70083C7240085072381F4000347F4052D
:1027F00085476310F7060356C40121CE03C52400A4
:102800000C549307350068443E95636EC90297E007
:10281000FC1FE780803E0349C4010347F405854758
:10282000F9BB8347D40381CB78448347070093E700
:1028300007F82300F70019469305E40397E0FC1F0F
:10284000E780A03B85B54A8697E0FC1FE780E03A29
:10285000E9B70149D9B783C7890793F7070F93E70A
:10286000670075B301115AC0173BFD1F130B0BB066
:1028700083274B0A06CE22CC26CA4AC84EC652C46B
:1028800056C26393075A2A840945EF503FDD173932
:10289000FD1F1309A99E0326090093078007973996
:1028A000FD1F9389E99A7CD283A70900173AFD1F7F
:1028B000130A0AA2B7053300D857DA8A719B136747
:1028C0001700D8D798431377F7CF98C39843137757
:1028D000F7CF1367072098C303270A001447CD8E4C
:1028E00014C7B70603009386862534CA5457F59A51
:1028F00054D78346A40013F6F607944393F606F8DC
:10290000D18E94C35C4393F7F7EF5CC301000100E1
:1029100003270A005C4393E707105CC38347E40086
:102920007844BD8B2308F4002300F7001D4764445E
:10293000639BE73E8547A38104002381F40003479E
:10294000F4058D466313D7288357C4016394071891
:102950007C481147B18B638FE71631476398E700D6
:10296000034714068347F4076306F7168547A381D8
:10297000F4001946930564031385440097E0FC1F97
:10298000E780A02783C72400990793F7F70F2381D7
:10299000F400034704061377070415C303C7340084
:1029A00013670704A381E4007844BA9703475401EE
:1029B000A381E70083C7240085072381F4009737AC
:1029C000FD1F238107A283C624008347E40513F774
:1029D000F60305079A07D58FA308E4002381F400C6
:1029E000930740F9A305F40083475403858B91E7CF
:1029F0000347440389476319F70078448347070076
:102A000093E707042300F7007C4403471401A380E5
:102A1000E70083260900DC4293E71700DCC2973702
:102A2000FD1F9387678B9C436388073A0347A40085
:102A300003A5090037060082BA9783C707005855D7
:102A40007D169395870193F7F703E185E607718F6C
:102A5000D98F5CD51307A00383270A00635CB738BE
:102A6000F84F37060007518FF8CF03A70900B7C703
:102A7000898E938767ED1CC7B757550093875755C5
:102A80005CC389471727FD1FA309F77C9727FD1F04
:102A9000A383077C9727FD1F2380077C7C44834406
:102AA000440681451705000013058576BCDEEF500E
:102AB000CEE4034614016244F2404249B249224A3C
:102AC000924A024BA685D2440145056117F3FC1FCB
:102AD000670043A5A147A381F4008357C40623825E
:102AE000F4008357C406034714067444A1831207F5
:102AF000BD8BD98FA382F60003C6240005470906C3
:102B00001376F60F2381C40083C78A078326090042
:102B1000631AF708034784019307E6008E07231A18
:102B2000F4069387C708B387E702F94509451738C4
:102B3000FD1F2309A88A416588C6938707FBC20742
:102B4000C18393877716B3C7B70213970701B3877B
:102B5000B70241838607BCD283C7340093E70701DD
:102B6000A381F4007C443E968347240693E7070440
:102B7000A301F60083C624007C44B6972382E700B5
:102B800083C624007C4421837D8BB697834634061C
:102B90009606558FA382E70083C724008D07238103
:102BA000F40015B5B852F94705833357F702BC5204
:102BB000EC528583FD8BAE97FCD28D479736FD1F77
:102BC0002382F6824207418341BF19466318C70A30
:102BD0000357C40145E7A381F4001385440093051E
:102BE000640397E0FC1FE780400183C7240013853E
:102BF000A40099072381F40083C7340093E72700DA
:102C0000A381F40083475403898BB9C70C5883C749
:102C10002501B9C31946D10597E0FC1FE780E0FD07
:102C200078448347070093E707F82300F70083C73A
:102C30002400990793F7F70F2381F4000347040654
:102C400013770704E30D07D683C63400784493E670
:102C50000604A381D40091BB8347D40381CB78447D
:102C60008347070093E707F82300F7001946930509
:102C7000E40397E0FC1FE78040F855BFA147A3811C
:102C8000F4008357C4062382F4008357C406034725
:102C900014067044A1831207BD8BD98FA302F600DE
:102CA00003C62400054709061376F60F2381C400E6
:102CB00083478B07832509006315F70403478401C5
:102CC0009307F6008E07231AF4069387C708B38785
:102CD000E702F94609451728FD1F2305A87041653D
:102CE00088C5938707FBC207C18393877716B3C74D
:102CF000D70213970701B387D70241838607BCD158
:102D0000A1BDB851F94705833357F702BC51E851CB
:102D10008583FD8BAA97FCD19727FD1F2384D76C51
:102D20004207418315BD0547639CE708B147A308E7
:102D3000F40083475403898BADC30C5883C7250126
:102D4000A9CF1946D1051385840097E0FC1FE780C1
:102D5000C0EA78448347070093E707F82300F700A9
:102D60006844194693056403090597E0FC1FE78052
:102D7000C0E883A78A0D13971701635D0700834797
:102D8000E400B98B81EB78448347070093E707029F
:102D90002300F700930720F9B1B18347D40399C703
:102DA00083C7040093E707F82380F40068441946BA
:102DB0009305E403210597E0FC1FE78000E44DB78D
:102DC0000356C4010C54138584009307660093F7DF
:102DD000F703A308F400C5B78305840603A509001B
:102DE0003706008293F7F503139797015C557D161C
:102DF000F18FB9B913072002635AB700F84F3706AD
:102E000000F97D16718F37060005B1B9370700F953
:102E10001306F7FFF84F6945718F37060003E34447
:102E2000B5C43706000181B1F2406244D244424940
:102E3000B249224A924A024B05618280411197278A
:102E4000FD1F9387A75222C4A05306C60547834699
:102E5000C4006390E60283C7870711476315F70034
:102E60002285EFE09F9B22852244B24041016FF012
:102E70007F9FB2402244410182809727FD1F9387A4
:102E8000E74EBC4F99E33E85828003C78700E30C81
:102E9000A7FE9C43C5BF011106CE22CC26CA4AC854
:102EA0004EC6EFF09FFD11E90149F24062444A85A8
:102EB000D2444249B24905618280834755032A843E
:102EC00089EF19469725FD1F9385C558130564039F
:102ED00097E0FC1FE78060D2B5A80547639EE70036
:102EE0009727FD1F83C7A7484949E1D3194697256E
:102EF000FD1F93858556D9BF1C59A1EB8347C50398
:102F0000230A050291EB034754038547230AF40281
:102F10008947E317F7FC75B71305C50397F0FC1F46
:102F2000E780204408D815C1EF3030150C5883C70E
:102F3000A50081CF8947230AF4021946B10513057C
:102F4000640397E0FC1FE78040CB034744038947B5
:102F5000E31BF7FA9727FD1F83C757419DCB834794
:102F6000C40385CB83473404130700041305C4034B
:102F700093F7070C6394E70E97F0FC1FE780A043DC
:102F800008D81C5899C783C7270181C78947230ED2
:102F9000F4020349C400E31909F085478349E400BA
:102FA0002306F400A304F4009727FD1F2380073CA9
:102FB0009727FD1F83C7B70D93940701231BF406C2
:102FC00013F7F9009947C18063F6E7040357C4017A
:102FD0001725FD1F0345A52837460F009317370017
:102FE000AA971305A00F3357A7029387970E1725AB
:102FF000FD1F0355A50D13060624814691042607DF
:10300000BA97B3A5A7023305F502EF50A04CAA94D6
:10301000231B94068357E40623180406A9C7034517
:1030200064019307F00F6307F500EF407EEEFD5754
:10303000230BF4000356E406930664011206A285EE
:103040001715000013052597EF401ED1854517255C
:10305000FD1F034515FDEF407E9981BD97F0FC1FD4
:10306000E780203031BF8547E392F9FE03456401D4
:103070009307F00F6307F500EF409EE9FD57230B20
:10308000F400056693066401130606804DBF4111E6
:1030900022C42A84094506C6EF504FDCEF50CFD337
:1030A000228523060400A3050400A3040400EFE026
:1030B000CFF685451725FD1F0345B5F6EF40FEDD2C
:1030C00089451725FD1F0345D5F5EF401EDD034556
:1030D00064019307F00F6307F500EF407EE3FD57AF
:1030E000230BF400B2402244410182802C4941115B
:1030F00006C622C426C24AC083C715007D4793F77F
:10310000F7032309F500E91793F7F70F637BF7003F
:1031100093040008B24022442685024992444101AA
:10312000828083C70500BD8BA309F500F51793F7CF
:10313000D70FF9FF2A841946A1051305650397E007
:10314000FC1FE78000B7914471D52C4885472302C6
:10315000F40483C70500194689059987858BA30266
:10316000F4041305640497E0FC1FE78000A922859E
:10317000EFE00FD685472A89E31CF5F803473401B1
:103180009547631FF702EF00B0689727FD1F83C7BD
:1031900067F26377F50283470401E36BF9F697273B
:1031A000FD1F9387A7EC9C438144829748D02285DA
:1031B000EFE0AFB4E31025F72285EFF05FED99BFA4
:1031C0008347040181C71947E394E7F4130500041A
:1031D00083044401EF609EC262056185E3CAA4F2E4
:1031E0002285EFE0CFA983451401034544068144BD
:1031F000EF508F9B03461401834544060D4597E02D
:10320000FC1FE7802032EF502FBD29B7397126DA35
:103210009724FD1F9384841522DCA0504AD84ED6F3
:1032200052D456D25AD05ECE62CC66CA06DE314B3C
:10323000978A0000938A4A22914B1729FD1F130990
:1032400069019729FD1F938969030D4C930C70093F
:10325000130A44018347B4009387E70693F7F70FF7
:103260006366FB188A07D6979C43D69782870146E8
:10327000930550020145EF50CF9D13065002814542
:10328000054597E0FC1FE780E02983473900858BDF
:10329000D1C328488146528681459727FD1FA38CBC
:1032A00007FA97E0FC1FE780C01E01E52285EFF0DA
:1032B000FFE30347B40093073009E30DF7F8EF503D
:1032C000AFB12285EFE00FDAF2506254D254425986
:1032D000B259225A925A025BF24B624CD24C216193
:1032E000828083472900858B95C39727FD1F238400
:1032F00007F68347040105476375F7001947E39014
:10330000E7FC9307B0F9A305F400A9B783A7090068
:10331000FC53A9F39727FD1F238007F44DB783477C
:103320002900858B6388073C9727FD1F238507F2BB
:1033300093848194EF504FAA9C409DCBDC438DCB6E
:1033400089472302F100834754041305610019469D
:10335000A302F10083474401930564042306F100AE
:1033600097E0FC1FE78060899C404800DC4382971F
:103370008347740689CF83455404034584001306AC
:103380006404EFA00FA283477406898B9DFB2285FE
:10339000EFE0AFC815BF0345340601469305500260
:1033A000EF502F8B8345340613065002054597E0F6
:1033B000FC1FE780201783473900858B6381073422
:1033C00028488146528681459727FD1FA38507E837
:1033D00097E0FC1FE780E00B01E52285EFE04FF668
:1033E0000347B4009307A009E306F7E6EF50CF9E2A
:1033F00079BF03453406014693055002EF506F85AF
:103400008345340613065002054597E0FC1FE7800C
:10341000601183473900858B6383072E28488146D6
:10342000528681459727FD1FA38707E297E0FC1F7F
:10343000E780200601E52285EFE00FC70347B400CF
:103440009307900955B783472900858B6384072A22
:103450009727FD1F238107E0EF500F9883C784074C
:1034600009476307F70083C784070D476315F70211
:1034700083A6090003574407BC521307C71285836C
:1034800063FBE700930750F9A305F400BC52858362
:10349000E39207DCEDBD034794018347A4011DCFF0
:1034A0008346A4006305D7286387F6002305E4005C
:1034B0002285EFF02FBB8347790093F7F70FE39B4B
:1034C00007D883C7840709476307F70083C78407C2
:1034D0000D47E31EF7EA930750F935B5E9DF0347D7
:1034E000A40071FB2305F400E1B783C78407E39EC2
:1034F000FBFE2285EFE05F9FB1BB83472900858BF0
:10350000638A071E9727FD1F238707D483C7840775
:10351000C18B85C7EF504F8C83C7840793F7070291
:10352000E5DF83C78407228593F7F70C1727FD1F74
:10353000230AF7EAEFE0EFF731BB83C79407858BE7
:1035400091C7EF506F899307E0F975BB83C7840774
:103550001547BD8B639DE700EF00902B9727FD1F5C
:1035600083C747B5E374F5E89307D0F969BB83C710
:1035700084071947BD8BE39BE7E69307C0F961B366
:1035800083472900858BE38707CC9727FD1F23847A
:1035900007CC83C78407C18B89CBEF50EF8383C7E8
:1035A000840793F70702E5DFADBF83C79407858BD8
:1035B000C9FB83C784071547BD8BE387E7FA83C739
:1035C00084071947BD8BE38AE7FAEF50EF80EDB926
:1035D000230E84072285EFD03FC28347B400E38BDC
:1035E00097C7DDB183473900858B85CBEF40DFFE80
:1035F0009727FD1F9387C7C598433C57ED9B3CD742
:103600009727FD1F238D07C4371700408357870175
:10361000C607C583231CF7009DBB83A70900FC5385
:10362000E39A07C2EF405FFB9727FD1F938747C2CE
:1036300098433C57ED9B3CD79727FD1F238107C23A
:103640003717004083578701C607C583231CF7003F
:103650009727FD1F238207C01DBB83472900858B49
:10366000D1CB9727FD1F238807BE83C78407C18B53
:103670009DC383C7840793F70702E5DF2285EFE048
:103680004FE383C7840793F7F70C1727FD1F230B1E
:10369000F7D4EF407FF42285EFE02F989384819454
:1036A0009C409DCBDC438DCB89472302F1008347AF
:1036B0005404130561001946A302F1008347440135
:1036C000930564042306F10097D0FC1FE780E052C5
:1036D0009C404800DC43829783477406858BE385D2
:1036E00007BE834554040345840013066404EF9029
:1036F0005FEBD9BE83A70900FC53E39D07B497276E
:10370000FD1F238B07B4DDB19727FD1F83C7A7B427
:10371000858BF5D79727FD1F238F07B2EF40DFEB8F
:103720002285EFD09FDD2285EFF07F9671BEE38486
:1037300007D84DBB41119727FD1F938727C322C48C
:10374000E04B06C626C2630A04248346C40005472C
:103750006395E6249726FD1F83C636B01547638B15
:10376000E6001727FD1F1307E7AE034777008D46D6
:10377000639DE6002244B24092441725FD1F034595
:10378000558A854541016F406EA683C70700835661
:1037900004021727FD1F232B87C2850793F7F70F16
:1037A0001727FD1F2304F7BC130700643347D70214
:1037B00063C8E700EF40DEDC9727FD1F238807BAC8
:1037C0000347E4009D476317F7048347940685CFBA
:1037D0008356040763E6F6028345840093073004AA
:1037E000A30BF4001305300493F6F60F0146EF9097
:1037F0001FDB22852244B240924441016FF03F8991
:1038000085062318D406930530020545EF40DED027
:103810002301A40685471727FD1F2305F7BC03478F
:1038200084018D476319F70AEF305EFC0D8901EDC5
:10383000930770022305F40093075002A30CF400D1
:103840009307600231A885476310F508930760026B
:103850002305F40093075002A30CF40093077002B1
:10386000230DF4000347E40085479714FD1F83C42C
:10387000547B6318F70E0356040285452685EF40F6
:103880000EB783475403898BEDC78347C403F5C341
:103890000C58E5C183C7A500E9CF8947230AF40284
:1038A0001946B1051305640397D0FC1FE780E03487
:1038B0000347C407894763E2E70C22852244B240EC
:1038C000924441016FE01FFA930750022305F40070
:1038D00093077002A5B789468347F4006319D7029E
:1038E00013F7170011CF130750022305E400898B4B
:1038F00081CF93076002A30CF400230D04009DB751
:10390000930760022305F40093077002EDB79DC38F
:1039100013F7170001CB930750022305F400A30C03
:103920000400E1BF898B81C793076002FDB793074D
:103930007002E5B783479401130740026365F700FF
:103940009307500201A8850793F7F70F130770023A
:10395000E368F7FEA30CF400834794012305F40009
:1039600069BFB9450545EF403EBB035604022A96A0
:1039700029B78547230AF40225BF9717FD1F9387B0
:10398000E76E9C4383248409829763EDA4008357E8
:1039900064073385A440E372F5F2B24022449244B6
:1039A000410182809717FD1F9387C771DC43BE9446
:1039B000F9BF011122CCFD5706CE230BF50083572A
:1039C000E5062A8485C78346050783458500930756
:1039D000C003A30BF50001461305C003EF903FBCE5
:1039E00022856244F24005616FF06FEA8347E5008B
:1039F0000547BD8B6386E70083470506918BEDD3B2
:103A00009727FD1F9387879683A7070E93F70720B5
:103A100085C302C402C202C08148014881470147F0
:103A20008146054681451305C003EF90FFB44DBFA5
:103A300002C08148014881470147814605468145CA
:103A40001305C003EF903FB161BF9727FD1F23A36C
:103A5000A7A48280411106C69717FD1F83C7775C14
:103A600089EB17D5FFFF130585D4EF40CEFFEFC0DC
:103A7000DFE597D7FFFF938767071727FD1F2329E8
:103A8000F79497F7FFFF938747411727FD1F2323DD
:103A9000F794B24097070000938707CA1727FD1FC6
:103AA000232CF79297F7FFFF938787391727FD1F7E
:103AB0002326F7924101828011C98327050A93E7E3
:103AC00007082320F50AFD572303F5028280972774
:103AD000FD1F23A5A79C82809727FD1F9387078939
:103AE000BC4B9C5799E33E85828003D78701E30C4A
:103AF000A7FE93878705FDB7011122CC06CE2A8445
:103B0000034565029307F00F2E866309F5002EC664
:103B1000EF400EC03246FD572303F4028347A40250
:103B2000035784049306640293E707062305F4020F
:103B300083570404A285F240BA972313F404624425
:103B400017050000130585F705616F40EEA0011110
:103B500022CC06CE2A84034575029307F00F2E86E9
:103B60006309F5002EC6EF40AEBA3246FD57A303F7
:103B7000F40293067402A2856244F2401715000015
:103B80001305C5E505616F402E9D011122CC06CEBF
:103B90002A84034585029307F00F2E866309F500FA
:103BA0002EC6EF40EEB63246FD572304F4029306CC
:103BB0008402A2856244F240171500001305A5E4B3
:103BC00005616F406E99B7074801ED079715FD1F16
:103BD00083D5E57B1716FD1F0356267C1717FD1F9F
:103BE0000357C77B9716FD1F83D6A67A232EF51A97
:103BF0002320F51C231CB51A231AC51A231BE51A0A
:103C0000231DD51A6D48AE876373B800ED479395B1
:103C100007012314F51C6D48C181B2876373C80086
:103C2000ED472312F51C13068014B6876374D60083
:103C3000930780142315F51C93068014BA8763F448
:103C4000E600930780142313F51C2307B504828034
:103C50000347651489468357A51C631ED702835604
:103C60008514938787E899C6B3C7E702938757FD02
:103C7000214731A02147B3C7E702938757FDB3C758
:103C8000E7020357851CC207C18363F3E7003E8741
:103C90002307E504828085466316D7009387C7FB18
:103CA0001147F1BF938707FBE1B78357451B0357C4
:103CB000051C411106C663F3E7003E879318070110
:103CC0008357251C0357651B93D808016373F700BE
:103CD000BA87139807018356C51B8357851B135852
:103CE000080163F3D700BE860357A51B8357E51B66
:103CF00013930601135303016373F700BA878346D6
:103D00007514C2070947C183639AE6000566130666
:103D100006A942876370C802328729A803270510C5
:103D20009316470163CC0600056613068684428716
:103D3000E36406FF1318070113580801834665144E
:103D40000947639EE6060357A5039306204E3307F3
:103D5000D70293F6F80F9A061386F63C9386C64F61
:103D6000634406019306C812158F63D3E7003E87AC
:103D7000420705664183130606A9BA876373C70025
:103D8000B287C207C1830356451C13F7F80F937619
:103D9000F30F6316E6040356651C6312060503560B
:103DA000851C631ED6020356A51C631AF602230E59
:103DB0000506EFF0FFE90945B24041018280032783
:103DC000051093164701E3C006FC056613068684BA
:103DD000BE856373F600B2859397050165B7054606
:103DE000230EC5062312E51C2313051D2314D51C21
:103DF0002315F51CEFF0DFE501457DBF0357A51B3B
:103E00008357E51B411106C66373F700BA87034663
:103E100065141397070189464183631BD60685669F
:103E2000938606A96373D700B6871397070141836A
:103E30008357A51C6387E70085472315E51C230EE0
:103E4000F5060357651B8357251C6373F700BA8774
:103E50000346751413970701894641836317D604F7
:103E60008566938606A96373D700B6871397070103
:103E700041838357651C6387E70085472313E51C4F
:103E8000230EF506EFF0DFDCB240014541018280F0
:103E9000856713868784E37DE6F88326051093877C
:103EA0000780F58FD1F7328761B7856713868784DE
:103EB000E371E6FC8326051093870780F58FD5FB19
:103EC000328745BF0357A50495470356E503B3075B
:103ED000F7028356A50393D537406355B600118F7B
:103EE00093173700B3C7D702C207C1832314F50461
:103EF0008280832745110D469306F00F03C7070004
:103F00000D8BA306E5006314C70083C62700A30B2F
:103F1000D50003C70700418B2309E50083C71700BD
:103F2000230BF50082808347C500CD9B2306F50057
:103F30008280832745110347C50083C70700935636
:103F400037408987B58F858B99C71347870023062C
:103F5000E50001458280054582808327451103479E
:103F6000C50083C70700935627408D87B58F858B83
:103F700099E7134747002306E50001458280054580
:103F800082808327450E85072322F50E91E783273C
:103F9000850E85072324F50E8327850E93F70708E2
:103FA00091C785472322F50E2324050E8347A502DA
:103FB00093F7070491CF8357050403578504BA97F5
:103FC0002313F5048327450A93F7F7BF2322F50A45
:103FD00082808327C50E85072326F50E91E7832768
:103FE000050F85072328F50E8327050F93F707088C
:103FF00091C785472326F50E2328050E8347A50282
:1040000013F7070409C793E707022305F502828027
:104010009717FD1F9387873583A7870901450547B4
:1040200091E3828083C6B7006393E60005059C4355
:10403000C5BF411122C491452A84014506C6EF40FF
:10404000AECD231BA4041717FD1F0357273D85473B
:1040500063F1E7060355A41C8357641C37460F0021
:1040600013060624AA97938787571715FD1F035534
:10407000E505B3A5A70281463305F502EF4080456B
:10408000835704040357E4058355840505461D8FB3
:104090003307B702832704091383F5FF130E800249
:1040A0003E979717FD1F9387672C83A88709636640
:1040B0006600B2402244410182803308C603C687AD
:1040C000FD563A9881E7231BC404E5B76314F40056
:1040D0001C40F5DB83AEC7086398BE0083A60709C2
:1040E000B306D840B3F6B60263E4A6009C43D9BF3A
:1040F000090675BF1717FD1F03574732854763F140
:10410000E70A411122C48357651C2A840355A51C64
:1041100037460F0013060624AA979387875717156B
:10412000FD1F0355A5FAB3A5A702814606C63305B0
:10413000F502EF40203A034654059717FD1F938779
:10414000E72283A887097D1685461303800263E66C
:10415000C600B24022444101828033876602832731
:104160000409FD553E97C68781E7231BD404D5B7C4
:104170006314F4001C40F5DB03AEC7080328C40831
:10418000631A0E0103A80709B305E8406364070139
:10419000B305074163E4A5009C43F9B7850645BF15
:1041A00082801717FD1F03576727854763F5E70EC2
:1041B00041119717FD1F9387671B22C403A487092A
:1041C00006C626C2A28789EB09EC230E0500B24081
:1041D000224492444101828003C7D7016DFB9C4376
:1041E000DDB76314A40000406DD08347B400D5E36D
:1041F0000327C4088327C508630DF7080347C501D3
:1042000093070008AA84631DF7048357A403194683
:1042100093050008231AF506231BF5068357C403EC
:10422000231DF5048357E403231EF504035585007D
:10423000EF20C04B8547A38EF40083C7C40193F7DA
:10424000F707238EF400130584062244B2409244FB
:1042500031469305F00F410117D3FC1F670003A1FE
:104260008357A503194693050008231AF406231B58
:10427000F4068357C503231DF4048357E503035550
:104280008400231EF404EF2060468947A30EF40047
:104290005DBF004015BF230E05008280411126C27C
:1042A00006C622C41717FD1F035747178547AA8460
:1042B00063F8E71A83278510898B6383071A97179A
:1042C000FD1F9387A70A83A78709BE85ADED03D697
:1042D000841C01447D581306260205862D067D5553
:1042E000A5EB630E04108347B4000357A403D5EB7A
:1042F0008947231CE404A30AF404035704068357E4
:1043000004042285BA97C1071D8B998F231FF404DB
:104310008357C403231DF4048357E403231EF404CA
:10432000EFF03FD18327440A93E717002322F40AD2
:104330008547230AF4008D47A30EF400B2402244BF
:1043400092444101828003C7D5016DFB8C41BDBF02
:1043500098436394970051D7BA8783A6070903A7A8
:10436000040963E2E6023387E64083A6C40863F4E7
:10437000E6003377D7026376A7003A856373C700F8
:10438000BE859C43B1BF158F83A6C70863F4E600C2
:104390003377D702E37707FF3A88E374C7FE3E849A
:1043A000CDB783D7A403B3F7E702C9FB9D4699476E
:1043B00063F5E600935717008D070567231AF40687
:1043C000130707C88A076353F700BA87231BF4064D
:1043D0008357C4030355840013065002231DF404BD
:1043E0008357E40393050008231EF404C947A30E72
:1043F000F4002244B240924441016F20202FADC10D
:1044000003D7A40383D7A503B3F7E702B1EB8387F0
:10441000C40163D707049D46994763F5E6009357A7
:1044200017008D070567239AF406130707C88A0744
:104430006353F700BA87239BF40683D7C40303D5DD
:10444000840013065002239DF40483D7E4039305EC
:104450000008239EF404CD47A38EF400EF2000292A
:10446000238E0400E1BD9717FD1F23AB07029717AA
:10447000FD1F23AD07F8835765081716FD1F035668
:10448000E6C403270509B387C70237460F00930622
:10449000F62313060624AA85B697B3D7C7021716C4
:1044A000FD1F0346D6BE3E96636EC7003306C74067
:1044B00003A7C5089386950217E5FC1F1305E5B30E
:1044C0006F30AEBD9717FD1F9387C7BFDC433E9784
:1044D000F1BF9717FD1F938767FC9843011126CA08
:1044E00006CE22CC4AC84EC6AA8441CB3E891717B5
:1044F000FD1F0357A7F285476311F70803D464082B
:104500009717FD1F83D787BC032505093304F402E1
:10451000B7470F001387F723938707249719FD1FC9
:10452000938949BA3A943354F402636C8506971719
:10453000FD1F9387A7B39C4333048540829763662E
:10454000A406098C6353040001441715FD1F03459D
:1045500015B4058103290900637D8504098C37455D
:104560000F0013050524B335A40203D68900814644
:104570003305A402EF3010760299930700FB2387DE
:10458000F40083C7940262448545F240D244424914
:10459000B249B395F500C205C181014505616F308F
:1045A000EEC483A749003E9559B783A749003E94BE
:1045B00049BF0145D1B7411106C6EF10A01319C973
:1045C00083278511014581E7B240410182809C43E8
:1045D0000505D5BF7D55CDBF9717FD1F938707D91B
:1045E00083A7470A411122C426C206C62A84AE8484
:1045F0006396A7009717FD1F23AC07E083270412DB
:1046000081CB03558400014693050008EF20000E7E
:104610008357440481CB035584004D46930510080D
:10462000EF20C00C03558400154693051008EF20B9
:10463000E00BB240230A940423050400230804007D
:10464000224492440145410182808347A50063834F
:10465000073883570508411122C406C626C28507BC
:104660002310F5088347F500230C05002A8413F76F
:10467000270005E703570504954763E4E700014574
:1046800001A89305E003EFF03FF5A305A402094557
:10469000B240224492444101828013F7070239CF8D
:1046A00093F7F7FDA307F5008327050A0347B50035
:1046B000A305050293E747002320F50A8547631FFA
:1046C000F7028357A5031306204E03274509B38736
:1046D000C7029716FD1F83C6869B93860605B3D730
:1046E000E702034775033307C702B697C207C183C2
:1046F0002312F5088607BA972311F508834714019A
:10470000858BF5CB8357E40503570404639FE728A3
:104710008357C4038355C405034584022310F4065C
:1047200083475405231FB4029205A30BF402835759
:104730006405F915231CF4028357A405231EF40213
:10474000EF304EB48346B40023100408835784032B
:104750001717FD1F035787976398061EB387E70255
:10476000130700321716FD1F1306C6955042938794
:104770000719B3D7E70203270409D1073E97BA8682
:104780006364F7006364C700B306C74083578405BA
:104790002328D408231DF4028347D40181C722852E
:1047A000EFF05F958357A4031717FD1F0357079278
:1047B00093060032B387E7022311040233D6D702EF
:1047C000B3F7D7029306204E2326C408B387D70237
:1047D000B3C7E7022310F402835704042312F40240
:1047E0008347F40093E70702A307F400834714010B
:1047F000F99BA308F40083471401898BB9C70357B9
:10480000E41283570404B306F7401396060163438A
:10481000061A631CF7028147014893048413232C72
:10482000F412232E0413154693058412268597C08F
:10483000FC1FE780803C2685EF10A03A83471401D7
:10484000A306A412F59BA308F4008347140113F7F1
:10485000070135C78356C414035704043386E64062
:104860009315060163C80514639BE604BD9BA3086A
:10487000F4008347A41499C7898B6387071485477D
:104880002303F4148347B41499C7898B63810714F5
:104890008547A303F4142285EFF04FD68347C4075E
:1048A00099C78327040A93E707102320F40A832774
:1048B000040AA305040293E707202320F40A834790
:1048C000140113F7070221C31717FD1F130707AAC7
:1048D000384B13068005834647001857B386C60237
:1048E00036978356C701035704043387E6401316EF
:1048F0000701634A06000357C4146316D70093F7F1
:10490000F7FDA308F4008347A40293F70704E388A4
:1049100007D60357640483570404E312F7D603470A
:1049200004019307A0046315F70085472308F400EA
:1049300083278410C18BE38407D48327440A93E739
:1049400007402322F40A25BB834644178355840578
:10495000A18A99CE03560404835664170355A40311
:10496000918EB386A602B3C6B602B296231BD416A6
:1049700095CBB307F702130700321706FD1F130686
:104980006674504293870719B3D7E70203270409D7
:104990003E97BA866364F7006364C700B306C740F6
:1049A0002328D408231DB402F5BB998F1397070160
:1049B000E35307E4930580022285EFF0FFC1A305CE
:1049C000A40213058002E9B12303041465BDA30307
:1049D0000414D1B50545828005C541119305200217
:1049E00022C406C62A84EFF03FBFFD57A305A402E8
:1049F00023080400A303F402B24022444101828050
:104A000082800DC9411122C406C68347F5002A845D
:104A10009305E003898B91C3A145EFF0FFBBFD57E0
:104A2000A305A402230804002304F402B240224494
:104A30004101828082808327050A797122D406D6BB
:104A400026D24AD04ECE52CC56CA2A84638B073621
:104A500013F7270019CBF59B2320F50A0355850092
:104A6000194693050008EF1070488327040A13F7CE
:104A700047004DC7ED9B2320F40A8347A40293F718
:104A8000070491CF83278410C18B99C78327440AD9
:104A900093E707402322F40A2285EFF0AFC20347D1
:104AA000B40085470346440183562406631AF76C15
:104AB0008357A4031307204EB387E7020327440953
:104AC000B3D7E7021707FD1F0347675C1307070506
:104AD000BA97C207C1830347B4022312F4088607BA
:104AE0002311F4089307000819C393070004230E49
:104AF000F40019E68347A40293E717002305F402A4
:104B000081EA035584000D4693050008EF10103E1E
:104B100023110406230A0400A30E04008327040AB9
:104B200013F787000DC303558400DD9B2320F40A8F
:104B3000154693050008EF10703B8347A40293E7E6
:104B400047002305F4028327040A13F7070139C736
:104B5000BD9B2320F40A8347D404035584002146D7
:104B600089C7A30604041306000393051008EF1079
:104B7000F0378347C40489CF83278410C18B89CB46
:104B80008355A40422859205C205C181EFE0DFF6BA
:104B90008347A40293E717002305F4028327040A3E
:104BA00013F7070415CB0347F40493F7F7FB23200F
:104BB000F40AA14763FBE7008347B40099E7832722
:104BC000440A93E707012322F40A0355840031467F
:104BD00093051008EF1090318327040A13F707029A
:104BE00045CB8346B40093F7F7FD2320F40A03274F
:104BF000C4108327841099EA1377070801CB032791
:104C0000440A37064000518F2322E40A93F7070233
:104C10006383075AADE28357641B0357641C630424
:104C2000F7028346741409476391E6580567130732
:104C300007A9637AF7008327440A056713070780EB
:104C4000D98F2322F40A8357A41B0357A41C63049F
:104C5000F702834664140947639CE654056713070B
:104C600007A9637AF7008327440A056713070780BB
:104C7000D98F2322F40A03558400114693050008B6
:104C8000EF10D0268347A40293E717002305F40210
:104C90008327040A13F7071005C70355840093F709
:104CA000F7EF2320F40A230E04061D46930500089F
:104CB000EF10D0238347A40293E717002305F402E3
:104CC0008327040A13F7070809CF0355840093F7D5
:104CD000F7F72320F40A1306700593051008EF1068
:104CE000F0208327040A13F7072031C393F7F7DF77
:104CF0002320F40A83476414230F0400A29703853A
:104D00006716A301A414EF302FE42301A414228515
:104D1000EFE01FF403558400314693050008EF10BF
:104D2000F01C8347A40293E717002305F4028327AE
:104D3000040A139727016357070079777D17F98FC6
:104D40002320F40A8327040A13970701635A0704F0
:104D5000834504031705FD1F03457561EF306EF3AE
:104D60008357A4031307204E232AA408B387E7021E
:104D700061777D17B3D7A7021705FD1F03452531BE
:104D800013050505AA972312F4088347A40293E7A5
:104D900017002305F4028327040AF98F2320F40A5D
:104DA0008327040A858B91CF8347A402834544055A
:104DB000228593E717002305F402EFF0FF81A30596
:104DC000A4028307141685C70307440399463306D4
:104DD000F74063D9C63E8327440AB7061000D58F33
:104DE0002322F40AF557A302F416A300E41683471E
:104DF000A41613F7270045C38306440303072416AC
:104E000063DCE6000327440A37061000518F232293
:104E1000E40A1147A302E41603073416635CD700C3
:104E20000327440A37061000518F2322E40A7157E2
:104E3000A302E416030704161306F007630CC70267
:104E40000346D4160345E416158F62076187B3063F
:104E5000A6406355D73893F607016391063893F758
:104E6000F7F893E707012305F4168357041785071E
:104E70002319F4168357241799CFFD17C207C1834E
:104E80002319F41689EB03558400130600029305D9
:104E90000008EF10B0058347A400B9C383270412AC
:104EA00099CF8347A40181EF035584000146930500
:104EB0000008EF10B00301E58547230DF400835788
:104EC000440499CF8347140381EF035584004D4672
:104ED00093051008EF10900101E58547A308F4023F
:104EE0008347441713F7070179C7BD9B230AF416BC
:104EF0008327440A898BE1E303470401D547630C08
:104F0000F70A83471401898BDDE781448149014910
:104F10008D4A130A500213978401618793773700F3
:104F2000098722970347D7178607B397FA007D8F23
:104F3000638BE700268605458145EF306019B3E9AC
:104F4000A9003369B9008504E39744FD0325841360
:104F50008325C413337535012AC4B3F52501280010
:104F60002EC6EF0010488347541363EEA700034595
:104F700044037D578547591562052C0061853AC465
:104F80003EC6EF300FFF03278413A2476317F700D5
:104F90000327C413B2476300F70215462C0013051C
:104FA000841297C0FC1FE78040C58327440A93E71B
:104FB00027002322F40A83464417A54713F79600D7
:104FC0006316F70403570404835764176360F704F8
:104FD000B307F74013960701634A06028347541745
:104FE0001306000A0507B387C7020356A403DD9A18
:104FF000230AD416B3C7C702BA97231BF416832714
:10500000440A37078000D98F2322F40A8347A40279
:10501000E1CB918B91CF03460401C165938505A037
:105020002285EFE0DFB28347A402ED9B2305F40263
:105030008347A402858B8DC3034574029307F00F49
:105040006307F500EF20DEECFD57A303F40283476E
:10505000A402F99B2305F4028347A402898B91CF14
:105060008355E403034584029205F915EF209EA1C0
:105070008347A402F59B2305F4028347A402A18B76
:1050800085C38355E4030D4622859205F915C205B3
:10509000C181EFE0DFAB8347A402DD9B2305F4026F
:1050A0008347A40213F7070101CF0345640293F776
:1050B000F7F82305F402EF20BEE5FD572303F402C1
:1050C0008347A40213F7070201CF8355A4040345C5
:1050D000640293F7F7FD2305F4029205EF209E9AF0
:1050E0008347C40193F7070C89CB0347B400854776
:1050F00022856315F712EFF06F9A83570404A5CB4E
:1051000013074006B3F7E702BDE39707FD1F938738
:10511000A7389C43898BA1C79704FD1F9384C4F5CE
:10512000985815CF9707FD1F83D74725C2079705C6
:10513000FD1F83D5C524DD8D254502979C58970515
:10514000FD1F83D58523294582979C588315240309
:105150002D4582979C5883054403314582979707D4
:10516000FD1F239C07209707FD1F23A90720B2508E
:10517000225492540259F249624AD24A45618280CD
:1051800093070004230EF40019E68347A40293E773
:1051900017002305F402E39F0696035584000D468D
:1051A00093050008EF108054B5B21307801451B472
:1051B000130780147DB48327440A7D771307F77F94
:1051C000F98F45BC998FE3D4F6C28327440AB7060A
:1051D0001000D58F2322F40A8D4731B18346B416CF
:1051E0008345C4163388B600635BE80013F80704F0
:1051F0006317080093F7F7F893E70704ADB12A9611
:10520000E34AC7C68D8EE3C7E6C613F70702E3136A
:1052100007C693F7F7F893E70702B1B1EFE07FF81D
:10522000E9BD01119707FD1F9387471422CC03A402
:10523000070A26CA9707FD1F83D747E983546408E6
:10524000032504094AC8B384F402B7470F00138743
:10525000F7239387072406CE4EC652C456C21709B9
:10526000FD1F130929E6BA94B3D4F40263619504CF
:105270009709FD1F938989DF83A70900B30495402F
:10528000829763EAA402898C63CB040283570404E7
:10529000A30F040085072310F404834704146395C7
:1052A0000712228597D0FC1FE780A0DA1DA2832772
:1052B00049003E9575BF83274900BE94E9B783A78F
:1052C0000900829703278408636AE50A198D8357CA
:1052D000E4031707FD1F035767DF8E07B387E70255
:1052E0001307003293870719B3D7E70263EDA708C6
:1052F000374A0F00930AFA23130A0A248357040437
:1053000085072310F4048347041491E7228597D07E
:10531000FC1FE78000D42285EFF02FB36311052630
:10532000832604098327C40803274900B6973E85CE
:1053300063E4D70063E4E7003385E7408347F40183
:10534000835464082328A4088507A30FF400970753
:10535000FD1F83D7A7D7B384F402D694B3D44403F4
:10536000636C9504B304954083A70900829763E9B1
:10537000A4043385A440E34305F809BF832749000B
:10538000998F3E95A9B7A1452285EFF0EFA4A3051B
:10539000A4029707FD1F938727CE03A3070363008B
:1053A000031E6244F240D2444249B249224A924A20
:1053B0008945154505610283B3049740AA946DB7EA
:1053C00083274900BE9475B7228597D0FC1FE780DC
:1053D000A0D22285EFF06FA76313051A83576408E4
:1053E0001705FD1F035585CEB7460F00B387A702EB
:1053F0001386F6239386062403270409230B04024D
:10540000032A4900B297B3D7D7026363F718B307EB
:10541000F7408326C4082324F408814AB387E600B2
:10542000BE8463E4D70063E44701B38447418357F4
:10543000040223289408B1CB835604040357440282
:1054400037460F002312D4023387E640B387E702C2
:10545000035724021306062481468145BA97C207E2
:10546000C1833385A7022311F402EF30A00611CDCA
:105470002695B3349500AE94AA8763949A0063642A
:105480004501B30745412328F40883A70900829703
:10549000AA8483A709008297E30D95FE83A70900DC
:1054A00083248408829763EAA40E3385A4406304AE
:1054B0000510835764089709FD1F83D929C1B74494
:1054C0000F00B38737031387F42393840424BA9718
:1054D000B3D797021707FD1F034777BBBA9763EC53
:1054E000A70CB3359502035924024E868146330535
:1054F0009502EF20307E330AA90033053903374681
:105500000F001306062481468145EF20B07C05C1BB
:10551000B33795024E868146B385B4023385A40223
:10552000BE95EF20307B3305A9402311A4023545F9
:10553000EF30CF929707FD1F23AA87EC0347B400F3
:1055400085476310F706930700FD2307F4008145A4
:105550009707FD1F938747F58843060AEF20FEB99A
:1055600095471707FD1FA30AF7CE9707FD1F9387DF
:10557000E7D09C433707100098C723A84707F2409D
:105580006244D2444249B249224A924A0561828029
:10559000B3064701B387F640ADBD83274900BE94EB
:1055A00029B7930710FC2307F40081459707FD1FD7
:1055B000938787C955B79707FD1F23A907E483473A
:1055C000940285456244F240D2444249B249224A9B
:1055D000924AB395F500C205C181014505616F206E
:1055E000EEC0411122C406C62A8483278411DDEF50
:1055F00083270412F1EF0325041109C597C0FC1F8E
:10560000E7802031034574029307F00F6304F5002F
:10561000EF201E90034564029307F00F6304F5002A
:10562000EF201E8F034584029307F00F6304F500FB
:10563000EF201E8E034594029307F00F6307F500D9
:10564000EF201E8DFD57A304F40203558400792436
:105650009707FD1F83D787DCB1E79707FD1F23A1BD
:1056600007E49707FD1F9387E7A5DC431707FD1F96
:105670002324F7DA9707FD1F938707A09C479DC354
:105680009707FD1F9387C799885309CD97C0FC1FC3
:10569000E78020289707FD1F23A4079A9707FD1F7F
:1056A00023A2079AB240224441018280C84309C51F
:1056B00097C0FC1FE780E0258327841103D7A7004C
:1056C000136707F02395E7009C43232CF41031BFA8
:1056D000C84309C597C0FC1FE780A0238327041295
:1056E00003D7A700136707F02395E7009C43232007
:1056F000F412FDBD9707FD1F938747C783A787094E
:1057000099E33E85828003D78700E30CA7FE9C4384
:10571000C5BF9707FD1F938767C583A7870AC16623
:105720009705FD1F83C535960147FD1603D6A700D3
:105730006309A6006307D6000507C107E3D8E5FEA5
:1057400081473E8582809707FD1F938727C283A7E5
:10575000870AC9E31705FD1F035525C41305150264
:105760009707FD1F83C73792158585071605920792
:105770003E954205411141819305B02006C697C070
:10578000FC1FE780E00905C59706FD1F83C6B68F9D
:10579000138716009707FD1F23AEA7C612072A9787
:1057A0008147130640F5930520F563D5F600B24016
:1057B0004101828099EB2315B50058C18507C207C6
:1057C000A3040500C1834105CDB72315C5002322DD
:1057D0000500EDB782804111930530261305001DA9
:1057E00006C622C426C297C0FC1FE78060031306CA
:1057F000001D81452A8497B0FC1FE78020470145A2
:1058000015C89704FD1F938464B683A6840995CABE
:105810003687854703568700630EF60618437DFBDF
:105820002314F400A9EB228597C0FC1FE780600ECB
:1058300003558400B240224492444101828036875D
:10584000D1BF85472314F4001707FD1F232C87BA07
:105850001707FD1F232A87BA1707FD1F2310F7BC60
:10586000EFF07FEE83A7C40923A0070023050400FF
:105870002307040075BF83A7C40980C39707FD1FD2
:1058800023A487B883D7040B85071707FD1F2317A9
:10589000F7B8C9BF1387170093170701131607013D
:1058A000C183E35E06F88147A5BF9707FD1F938775
:1058B000E7AB03A5870A11CD411106C697C0FC1FAF
:1058C000E7802005B2409707FD1F23A507B44101DB
:1058D00082809707FD1F23AF07B28280411122C447
:1058E0001704FD1F130484A88326840906C60147F4
:1058F000B687A5C703D687006317A60615EF98429B
:105900009706FD1F23A0E6B03E8597C0FC1FE780E9
:1059100040008327C40923A007009707FD1F83D7F2
:10592000E7AF9DE7EFF07FF89707FD1F23AC07ACCB
:10593000B2402244410182808326C4096397F60065
:105940009706FD1F23A2E6ACC1B7944314C36DBFF5
:10595000FD171707FD1F2313F7AC9707FD1F83D70C
:10596000E7ABF9F7C1B73E879C4361B77146814504
:105970001705FD1F130505A917B3FC1F6700032FAB
:105980008327C50803568508797193D60701BD8E14
:10599000C206C182358E1357764093575640898B85
:1059A000058B5D8F93573640918B5D8F93571640D3
:1059B000A18B5D8F93171600C18B5D8F93173600F7
:1059C00093F707025D8F931756009355860093F760
:1059D00007041E065D8F1376F60F518F93D755403F
:1059E00013D63540118A898BD18F13D67540D18F4C
:1059F00013D61540218AD18F13961500418AD18F75
:105A00001396350013760602D18F13965500137640
:105A100006049E05D18F93F5F50FCD8FA20745465D
:105A20005D8F3307C70222D42A8426D252CC56CAAD
:105A3000032A040A832A440A5AC806D6369742071C
:105A4000418393577740135557400989858BC98FF8
:105A5000135537401189C98F135517402189C98FB4
:105A6000131517004189C98F1315370013750502E7
:105A7000C98F1315570093558700137505041E072A
:105A8000C98F1377F70FD98F13D5354013D75540EA
:105A90001189098B498F13D57540498F13D515404E
:105AA0002189498F139515004189498F1395350038
:105AB00013750502498F13955500137505049E054E
:105AC000498F93F5F50F4D8F2207D98FB387C70202
:105AD0004AD04ECE5EC662C4B697C207C18313D702
:105AE000774013D557400989058B498F13D5374027
:105AF0001189498F13D517402189498F13951700B4
:105B00004189498F1395370013750502498F139505
:105B1000570093D58700137505049E07498F93F7A7
:105B2000F70FD98F13D5354013D755401189098BFD
:105B3000498F13D57540498F13D515402189498F59
:105B4000139515004189498F13953500137505028A
:105B5000498F13955500137505049E05498F93F5DC
:105B6000F50F4D8F2207D98FB387C7021306500256
:105B70005285D685B697BD8E93940601C18033F6C3
:105B8000C402137BF60FEF20E05105891DE983471E
:105B9000140801498149B3849702130C5002C18053
:105BA0004A865285D685EF20E04F0589937BF90F11
:105BB00011C563863403850993F9F90F0509E311CB
:105BC00089FF230F6407B250225492540259F249BC
:105BD000624AD24A424BB24B224C456182805E8B74
:105BE000CDB7834715000347250083464500A2072C
:105BF0004207BA9703470500FD8A0548BA9703474D
:105C000035009305000201456207BA970147331634
:105C1000E8007D8E01C605051375F50F0507E3182D
:105C2000B7FE8147214633D7F640058B01C70505EE
:105C30001375F50F8507E398C7FE8280011152C6E0
:105C400056C4032A8513832AC51322CC26CA4AC800
:105C500006CE2A84A30B0512A3060512814413095C
:105C6000500226865285D685EF20C043058911C58E
:105C70008347D4128507A306F4128504E39324FF17
:105C8000F2406244D2444249324AA24A05618280CB
:105C900017F7FC1F0347775C9547630BF70097F7EF
:105CA000FC1F9387275B83C777000D47631FF700AF
:105CB00097F7FC1F83C7975A6397071493077010D1
:105CC00017F7FC1F231CF7588280011197F7FC1F60
:105CD0009387C7690D4526CA4AC806CE03A9070996
:105CE00022CC4EC697F4FC1F93848456EF201F9756
:105CF0009840B7C7898E938767ED1CC7B757550083
:105D0000938757555CC30347A9039307F00F6305B7
:105D1000F700FD57230DF90297F9FC1F93890956E7
:105D200003A709008547A30CF9025C43014501461E
:105D300093E717005CC3930720FB2303F9009D47FB
:105D400017F7FC1FA30BF75097F7FC1F238407508E
:105D50009305500297F7FC1F2380075017F4FC1F90
:105D600013040457EF20EFEE184001455C57F59BF4
:105D70005CD783475900944013F7F7079C4293F789
:105D800007F8D98F9CC297F7FC1F83C7673491C768
:105D900097F7FC1F938707718843EF206EB79840F1
:105DA000B70633001C4393F7F7CF1CC31C4393F78C
:105DB000F7CF93E707201CC31C409847558F83A655
:105DC000090098C73707030013078715B8CA17F7E4
:105DD000FC1FA303074817F7FC1FA30D0746054741
:105DE00098C2D8431377F7EFD8C3010001001840D9
:105DF0005C4393E707105CC3F2406244D2444249DB
:105E0000B249056182808280411126C297F4FC1F4D
:105E10009384042122C42A8403C53400C14506C6E4
:105E2000EF20AE8703C5340093050002EF20EE8615
:105E300097F7FC1FA38307422302040023130400E7
:105E4000B2402244924441018280411197F7FC1FE5
:105E50009387C75122C406C617F7FC1F0347174094
:105E600003A4070997F7FC1F9387C73E01CF97F656
:105E7000FC1F83C6A63E0D476396E60017F7FC1F7E
:105E8000A30E073C03C77700A1466387E60003C75C
:105E900077009946639DE60083C7770017F7FC1FDC
:105EA000230EF73A854717F7FC1FA309F73AEF20AF
:105EB000AFF22285EFF05FF513063002930500087C
:105EC0000145EF00B002034504049307F00F630798
:105ED000F500EF20EE83FD572300F404B240224486
:105EE0004101828001458280411106C6EFF09F800A
:105EF000B240133515000605410182806FF0DFFEC8
:105F0000411106C6EFF00FFF0DC10357C5058356BB
:105F1000A505035665078355450703558500EF70B2
:105F20002FE50145B240410182800945E5BF0111DD
:105F300006CE22CCEFF00FFC59C10346B500054751
:105F40002A8497F7FC1F938767426316E604B853C9
:105F5000094515CF03460403834657048358E403D9
:105F60000358C4038357A403835584000345B40234
:105F70001307670432C00546EF70EFDD8347F40076
:105F8000A3050402014593E71700A307F400F240BC
:105F900062440561828003A7070909456DDB8346DA
:105FA00057078358E4030358C4038357A403835556
:105FB00084000345B4021307670702C075BF094593
:105FC000F9B7011122CC06CE2A84EFF0AFF22DCD25
:105FD0008347B5020347A51523138100A302F100EF
:105FE00083479515A304E1002304F100A9E3834747
:105FF000D5150307F5152306F1008307351423058E
:10600000F100631DF7008947A305F1004800EF7018
:10601000EFD90145F2406244056182800307E5152E
:106020006314F7008547CDB7A3050100C5B78347C3
:1060300005162305F1008347B515A305F100834735
:1060400055162306F100D9B70945E9B7011122CC4D
:1060500006CE2A84EFF00FEA29CD83070516A304A4
:1060600081002180230581001307F007638FE70279
:1060700003474503998FA305F1008347A51613F73E
:10608000070101C72306010039A093F7070281CF5A
:1060900085472306F1002800EF702FD10145F2401B
:1060A0006244056182808947EDB7FD57A305F10081
:1060B000D1BF0945EDB7411106C6EFF0AFE319C9ED
:1060C0008345051403558500EF70EFCD0145B240BF
:1060D000410182800945E5BF9375F50F01112E85B9
:1060E00006CE22CC2EC6EFC05FD90DC12A848346CE
:1060F0000507B245034575010546EF704FCA0145D6
:10610000A30B0400F2406244056182800945DDBFB3
:10611000411106C6EF706FC8B2400145410182804F
:10612000411197F7FC1F9387672422C4E05F06C6DE
:10613000094511C80355240CEF70EFC59307F00F04
:106140002311F40C0145B24022444101828097F7AB
:10615000FC1F9387A721FC5F99CB41111385070C86
:1061600006C6EF700FC3B240014541018280094568
:106170008280411106C622C4EFF0CFD70DC98346F5
:106180007514034665142A84835585000345B502BA
:106190008506050693F6F60F1376F60FEF702FBF00
:1061A0000145A3050402B240224441018280094511
:1061B000DDBF397106DE22DC26DA4AD8EFF08FD354
:1061C000630A05168346B50005472A8497F7FC1F26
:1061D0009387C7196391E60CA4530945D9C483C7B3
:1061E00044041946898BC1CB8C5883C7A500C1C70D
:1061F000B105280897B0FC1FE78020A083C754048E
:10620000138964041946898BB5CFCA85081097B0E5
:10621000FC1FE780809E8C5819469105281097B086
:10622000FC1FE780809D834704038358A40383C633
:1062300054040346B400835584000345B4023EC4AD
:106240008357E4031308010238103EC28357C40386
:106250003EC03C08EF704FB28347F400A305040230
:10626000014593E71700A307F400F2506254D2549B
:106270004259216182808145280897B0FC1FE78040
:10628000E09EADBF8145081097B0FC1FE780009EDF
:106290001946CA8561B783A407090945F9D483C79C
:1062A00044061946898BB5C393856406280897B0C0
:1062B000FC1FE780809483C744071389640719464D
:1062C000898BB9CBCA85081097B0FC1FE780E09294
:1062D00083A5440819462810910597B0FC1FE78054
:1062E000C09183A7440883C7370093E72700A38A98
:1062F000F4068358A40383C654070346B4008355A9
:1063000084000345B40202C425BF8145280897B024
:10631000FC1FE780A09545B70810814597B0FC1F8A
:10632000E780C0941946CA85281097B0FC1FE78003
:10633000C08CC1B7094515BF411106C6EFF08FBB30
:106340000DC10357651C8356451C0356A51C835578
:10635000851C03558500EF70EFA10145B240410156
:1063600082800945E5BF411106C622C4EFF08FB80F
:106370000DC92A840357C5058356A505035665072D
:106380008355450703558500EF704F9E83471401E1
:10639000014593E74700A308F400B24022444101BD
:1063A00082800945DDBF411106C6EFF0AFB40DC1D3
:1063B00083478519034675199305F518035585001C
:1063C000A2075D8EEF704F9A0145B2404101828075
:1063D0000945E5BF411106C622C4EFF0AFB10DC1BA
:1063E0002A8413060510835585000345B502EF7016
:1063F0006F970145A3050402B24022444101828007
:106400000945DDBF411106C622C4EFF0AFAE05CD90
:106410000347B50285472A846314F700A3050502E4
:106420000345B4020357C4058356A40503568405E7
:1064300083558400EF70CF920145A3050402B2405A
:106440002244410182800945DDBF01111375F50F1A
:1064500006CEEFC09FA239C997F7FC1F938707F1BB
:1064600083A7070E93F707209DC302C402C202C090
:10647000814801488147014781460546814513050A
:10648000C003EF706F8F0145F24005618280834643
:10649000D5031307E50302C081480148814705463B
:1064A00081451305C003EF700F8BF1BF0945E9BFAC
:1064B00097F7FC1F938787EB03A70709094529CBAB
:1064C00083A7070E011106CE93F707208DC302C4E0
:1064D00002C202C081480148814701478146014606
:1064E0008145EF706F89F2400145056182808358D4
:1064F00007020358A701835707058346570701463C
:1065000002C01307670781450945EF70CF84E1BFDB
:10651000828001458280014582800145828001455B
:10652000828001458280014582800145828001454B
:10653000828001458280014582800145828001453B
:10654000828001458280014582800145828001452B
:106550008280411106C622C4034705009307000844
:106560006315F7020347150093065002854763E45D
:10657000E60697570000938767F10A073E971C438A
:106580000355250082978147B9A0930610088547D7
:106590006313D70403471500CD466308D70E63E3A2
:1065A000E602A146630DD708B146630DD70A9546AA
:1065B0006313D70203552500EFF0CF932A8415E922
:1065C000894711A893060003630FD70E63EAE6001C
:1065D000E946630FD70CB24022443E8541018280D8
:1065E00093077005630FF70E930717F0B337F000AA
:1065F000DDB78327851195C7035645040506420676
:1066000041829C4313071600420741839DE72312F2
:10661000C40401CA835584000545EF60BFF223120C
:1066200004040345B4020346440583558400EF6027
:106630003FF02285EFE0FFFAB9B73A86D9B70355A4
:106640002500EFF02F8B2A8425DD0346C5048355F2
:1066500085000345B5023336C000EF60BFEDA305EA
:10666000040215B703552500EFF0CF882A8429D9F5
:1066700003572505835605050346F5048355850014
:106680000345B502EF605FEBD9BF03552500EFF07E
:106690006F862A8415D50356450401CA83558500A3
:1066A0000545EF603FEA23120404A3080402E1BD9C
:1066B00003552500EFF00F84E30405F00345B50210
:1066C000EF609FE8C9B503552500EFF0AF822A843B
:1066D000E30805EE835585000345B502EF601FE72B
:1066E000BDBF03552500EF60BFE671BD011122CC8F
:1066F00037E400E026CA04404AC806CEB7072000A7
:106700002EC632C42A89FD8C2320F4180F100000F5
:106710001145EF003EE31DC5B24522462311250178
:106720002300B500A300C500232094106244F2406A
:10673000D2444249AA8517F5FC1F0345958E056191
:106740006F00DEEF23209410F2406244D2444249AD
:1067500011450561828041114AC037E900E026C237
:106760008324090006C622C4B7072000FD8C23201D
:10677000F9180F100000EFE0FFF711E9232099103E
:106780000945B24022449244024941018280832754
:106790000512230D05002A84A5C70347F500058BC4
:1067A00019EF03558400014693050008EFF01FF42C
:1067B00039C9B7E700E023A097100145D9B7D44302
:1067C00003C6C70083C58700035585008906EF60AF
:1067D0005FD805E58327041203D7A700A384070029
:1067E000136707F02395E7009C432320F412835797
:1067F000240481C7FD172311F40483270412D5F361
:10680000231104047DB78547230DF4005DB779712A
:1068100022D406D683C735002E8423160100A30791
:10682000F10083C74500100802C02307F10083C7A9
:1068300055008A8502C2A306F10002C402C802CA3A
:1068400002CC02CEEF104FEB0347F1018347040067
:1068500001456310F7020347E10183471400014536
:106860006319F7000345D101834724001D8D1335BB
:106870001500B25022544561828097F7FC1F938720
:10688000E7AE83A7870C91E382806384A700DC5F77
:10689000DDBF411122C406C68347A5002A8491C7E3
:1068A0009305C5006905EF1040638347240191CB30
:1068B000930544011305A4022244B24041016F1024
:1068C000C061B240224441018280AA862E86AA85F8
:1068D000170500001305C5006F100EC897F7FC1FC1
:1068E0009387C7A803A7870C411126C206C622C4F6
:1068F000BE8411E7B2402244924441018280630485
:10690000A700585FFDB78347A5002A8491C7930568
:10691000C5006905EF10605C8347240199C79305A2
:1069200044011305A402EF10405B22852244CC5899
:10693000B240924441016FF05FF901114AC817F962
:10694000FC1F1309A9A222CC0324890C26CA4EC617
:1069500052C456C206CEAA84014A93094500854A0C
:10696000631D040E930520251305000497B0FC1F3A
:10697000E78000EB2A841D4561C883C734001946AF
:106980009385440013054400A301F40097A0FC1F65
:10699000E780A026938AA40141468145568597A0A9
:1069A000FC1FE780A03779ED9309A401D685414605
:1069B0004E8597A0FC1FE780A03485472305F4008F
:1069C000834734009305C4004E8593E72700A30551
:1069D000F400EF1080509384A4024146814526853F
:1069E00097A0FC1FE78080334DE19307A402A685A2
:1069F0003E854146BE8497A0FC1FE78060308547F6
:106A00002309F4008347340093054401268593E766
:106A10002700A309F400EF10404CA30004008325D5
:106A200049032285EFF07FEA63140A0697F7FC1FFB
:106A300023A287A0232E04028347490C0145850722
:106A400017F7FC1F2306F79EF2406244D2444249E6
:106A5000B249224A924A056182800347340083C7C3
:106A600034006305F700228A405CDDBD4146CE85D7
:106A70001305440097A0FC1FE780A023E31555FFF2
:106A80004945D9B723050400B9B72309040071B7F4
:106A9000232E8A0245B7411197F7FC1F9387078D74
:106AA00022C403A4870C26C206C64AC0FD5419ECB2
:106AB000B240224497F7FC1F23AE079697F7FC1FBE
:106AC00023880796924402494101828003450400CD
:106AD000EF100EC40329C40323009400228597B04D
:106AE000FC1FE78000E34A84D9B797F7FC1F938720
:106AF000E7872382070C23A4070C6F10C0474111BE
:106B000026C206C622C4EFE01FCDAA843DC5EFE031
:106B10007FBE2A8463060512930710112315F50022
:106B2000930700FB2307F50085472308F50097E747
:106B3000FC1F83D76755A5073E85C207C18313078E
:106B400040106374F70013054010131705014183CB
:106B5000930700046374F7001305000442059305CE
:106B60003025418197B0FC1FE78080CB2328A410FB
:106B700019E903558400EFE07FD6B2402244268510
:106B800092444101828097E7FC1F9387A76CDC53F6
:106B9000228523130414232AF41097E7FC1F9387FC
:106BA000E77C03A6870D83A6C70D03D7A70383C77A
:106BB000A704232CC40E232ED40EA307F414FD57D0
:106BC0002310F4042313F4022314F4028347E40291
:106BD0002324C4102326D41093E707FC2307F402D0
:106BE0008567938787BB2315F4042312E414EFD041
:106BF0008FB317E5FC1F034565492301A414EF106B
:106C00000FEDD147A306F41693078002A305F416EF
:106C10009307006F231FF4149307F0072300F41663
:106C2000F5779387A7EB2311F416A301A41423038C
:106C3000A416A303A41697E7FC1F239D077235BF74
:106C4000854425BF411122C42A848345040317E5E6
:106C5000FC1F0345D571A307A40206C626C2EF1088
:106C60005E838357A40317E8FC1F03582846930646
:106C700000323307F80297E4FC1F83C44441232AFF
:106C8000A4083356D7023377D7029306204E232623
:106C9000C40837460F0013060624B387D702B3D7BC
:106CA000A7023307D702BE94835784039384C41783
:106CB000C2048507C1802312940833470703B387B2
:106CC000D7022310E4028146858FB3B507033385CD
:106CD0000703EF1030008327840897E6FC1F938694
:106CE000663ED442AA9733B5A7002E9501E53E87AC
:106CF00063E4D7003387D740834774032328E4082D
:106D00001307204EB387E70286042285BE94231121
:106D10009408EFC05FEB2285EFD0CF9A8355E40350
:106D200022859205F915C205C181EFC01FE62285B3
:106D3000EFE0DFF097E7FC1F23AC876C97E7FC1FC1
:106D4000938787759C43898B85C397E4FC1F938445
:106D5000A4329C5891CB83258409354582979C5851
:106D60008325C4093945829722852244B240924442
:106D700097E7FC1F2393076097E7FC1F23A007609A
:106D800041016FD04FEE03570508894683574508E8
:106D900063F3E6000947B397E7002313F5086F1084
:106DA0002EFE011122CC26CA4AC806CE4EC652C4B7
:106DB00083476503034735012A848507230BF502C2
:106DC00017E9FC1F1309894B8347C50097E4FC1F93
:106DD00093840448631A075A13070004A309E500C3
:106DE00003471501BD9B93E737002306F500931772
:106DF0008701A30D0500E18763D907001377F70723
:106E0000A308E500EF003FD839A88327850A93F649
:106E10002700BDC6F59B2324F50A83270510918B17
:106E2000A9CFEFE0FEF90347B40185476310F706E9
:106E3000832784110347C400DC432380E7008327B2
:106E4000841103475401DC43A380E7000327841126
:106E5000832709005843B8DF9C40B7068000984359
:106E6000558F98C3D857719BD8D7F2406244D2440B
:106E70004249B249224A05618280EFE01EF265B7BD
:106E800093F617008DC6F99B2324F50A8327041176
:106E90000347C4002380E7008327041103475401FC
:106EA000A380E70083270900032704116DB78349F6
:106EB0000501054A6398491DF9C713F7070119C76A
:106EC000BD9B2324F50AEFF06EB6B1BF13F707029E
:106ED00001CB93F7F7FD2324F50AEFF0EEC9A1B734
:106EE00013F7070401CB93F7F7FB2324F50AEFE030
:106EF000BEF215BF13F7070809CB93F7F7F7232462
:106F0000F50A2285EF004FC139BF13F7072009CBDF
:106F100093F7F7DF2324F50A2285EFF00E8321B7DC
:106F200013F7074001CB93F7F7BF2324F50AEFF0DF
:106F30002EE1D5BD13974701635C07007D771307EA
:106F4000F77FF98F2324F50A2285EFF06E90E1BDDB
:106F500013973701635A07007D777D17F98F232434
:106F6000F50AEFF0CE91C1B513972701635A0700D8
:106F700079777D17F98F2324F50AEFF00E9F65B519
:106F80002324050A21B78327450A638E071A93F63F
:106F9000070481CA93F7F7FB2322F50AEFE09ED797
:106FA00059B593F6071081CA93F7F7EF2322F50A34
:106FB000EFF0CEAC8DBD93F6072099CA4D8B631FC1
:106FC000070E93F7F7DF2322F50AEFF02EB0A1BDED
:106FD00093F6074081CA93F7F7BF2322F50AEFE043
:106FE000DEE091B59396470163DB06007D771307DA
:106FF000F77FF98F2322F50AEFE0BEE32DB59396D4
:10700000370163DC06004D8B55EB7D777D17F98FDB
:107010002322F50AEFE0DEEA39B513971701635A28
:10702000070071777D17F98F2322F50AEFE01EFB29
:10703000DDBB1397E700635A070001777D17F98FCF
:107040002322F50AEFE01EFEF9BB1397B700635B3E
:1070500007003707F0FF7D17F98F2322F50AEFF0BD
:107060004E8AD1B313978700635B0700370780FF11
:107070007D17F98F2322F50AEFF00EBA6DB32322A4
:10708000050A29B5638C09029306600463EF36078D
:107090001307500463F9E9141307A002638AE91C7B
:1070A00063673703930710026380F91A63EA3701B5
:1070B000ED476387F914F547638AF914228599B37C
:1070C00093075002638FF91C93077002F5B71307FB
:1070D00060036389E914636B37019307E0026384FB
:1070E000F91E93071003E380F9DEC9BF13070004FC
:1070F000638CE908930710046387F90A93078003F8
:10710000E39EF9FAEF003FA819AA9307A005638749
:10711000F91E63E13705930750056385F90263EBB8
:1071200037019307B0046388F91C93071005E38ABD
:10713000F9DC69B793076005E380F9DE9307800502
:10714000E39EF9F6228597B0FC1FE780008DE30CE3
:1071500005CCADB79307B00663ED37019307A006E2
:1071600063FBF92093076006E39AF9F4EFF04EBD54
:1071700099A093076007E389F9DC93076008E39F10
:10718000F9F2EFE09EFE05A813974701E35807F2D6
:107190007D771307F77FF98F2324F50AEFE05EEB85
:1071A0002308340149B18347B5028DC70547639869
:1071B000E700EFF06E9C85472308F400ADB183270C
:1071C0000510918BD5C3BD472306F4022285EFE05D
:1071D0003EBFD5B7EF003F9B8327040A93E7270004
:1071E0002320F40AC9BFEF001F9A8327040A23084B
:1071F00044012311040693E747002320F40A25B134
:10720000EFE07EA5D947230AF40431B92285EF00C7
:107210009F978327040A93E717002320F40A230883
:10722000040011B197A0FC1FE780207FE30D05BE8D
:107230008547A306F4042285EFE0BEAB8347C40470
:10724000F99B2306F404C5B683278510858B81C777
:10725000EFE05EF8C9BEE947A305F50283270510F4
:10726000918B99C38D478DB72285EFE01EB3A1B7EF
:10727000EFE09EA18347D40491CB41469305C40A15
:107280001305C40C97A0FC1FE78020978347C40414
:107290002326040E2328040E93E717002306F40484
:1072A00059B683270510918B81CF8D472306F502B0
:1072B000EFE01EB183471401DD9BA308F400E5BD98
:1072C000EFE0BEADC5BF8347C5042322050E2324CE
:1072D000050E93E727002306F504EFE01E9D834784
:1072E0001401A3050402DD9BA308F4008327040A0C
:1072F00093E70701F5B5EFE03EB275BD8347A514EE
:1073000099CB83466514331ADA006306FA001367D3
:107310000701A308E5000347B41411CF8346741492
:107320008547B397D7006388E7008347140193E745
:107330000701A308F4008347E40199CF83471401B0
:10734000C18B99EB8327040A93E707202320F40AD3
:107350002285EF005F8385B583071416F5DB83274D
:107360004410898BF5D78327440A37071000D98F3B
:107370002322F40AF1BFEF001F818327040A056767
:1073800013070780D98FA9BD17E7FC1F035707FF15
:10739000050797E6FC1F2393E6FE03278511E30408
:1073A00007A893E707012306F500B5BC83474517F7
:1073B000858B638007108347651393D63700AA96A1
:1073C00083C5061313F7770033D6E540058A79CADB
:1073D000397122DC06DE26DA4AD84ED652D456D28D
:1073E0005AD05ECE62CC66CA2A84034545037D57D7
:1073F000FD47591562052C0061853AC43EC6EF1061
:107400004FB70326841322478326C413B247718FD4
:10741000F58F6314E6006387F6062800EFE06FFC43
:10742000894763F1A706294681451305D41797A01C
:10743000FC1FE780A083224AB24A81490D4C854C4B
:10744000930B500293948901E1844E865285D68530
:1074500013DB2440EF0010458D88229B05898604AC
:107460000309DB170DCDB3949C00B3649900A30E00
:107470009B168509E39879FD8347441793E78700B6
:10748000230AF416F2506254D2544259B259225A85
:10749000925A025BF24B624CD24C21618280B3144F
:1074A0009C00E1B78547B397E700CD8F2388F6129C
:1074B000828082805D71A6C297E4FC1F938404EBF6
:1074C000A2C403A4040ACAC04EDE52DC5ED601790F
:1074D000B7090300216AB74B0F0056DA5AD862D4B5
:1074E00086C666D26AD06ECE814A7D19138B891505
:1074F0007D1A138CFB238347E4001307000D639C64
:10750000E72297ECFC1F938C6CD783A70C00984361
:107510000D8B0DC717E7FC1F230907B4B84B137772
:10752000F78FB8CB98431367870098C39C438D832C
:10753000858B89C7010001000100010097A0FC1F95
:10754000E780607B8347C404858B89C7A285054596
:10755000EF005FC197EDFC1F938D8DCF03A70D004A
:1075600017EDFC1F130DCDD65C57F19B93E7170069
:107570005CD797E7FC1F938727D6944383270D009A
:107580006389061403466413B29683C606005057F7
:1075900037050082939586017D1593F6F603E6067E
:1075A000698ED18E54D7E1859306A00363D6B612B7
:1075B000F44F37060007D18EF4CF832784091CC708
:1075C0008327C4095CC303A70C005C4393E717003F
:1075D0005CC38355441C95470356641C91050345C1
:1075E000741417E7FC1FA30AF7C6C205930710FD22
:1075F0002307F400C181930700FC17E7FC1F230B4E
:10760000F7C4EF001FE5034674148546835724082A
:1076100003576408631CD60E938757030607BA976F
:1076200003A70C00544733F6260150C70F10000083
:1076300003A70C0037060200860710C7130600F8E0
:1076400097E5FC1F238AC5C07CD354C797E7FC1F6E
:10765000A38407C003A60C0097E7FC1FA38C07BEFA
:1076600085471CC28346C40483A70D0003270D0071
:10767000858AC5C29443B705330093F6F6CF94C309
:10768000944393F6F6CF93E6062094C31447CD8E29
:1076900014C79386891734CA5457F59A54D783462A
:1076A000641313F6F607944393F606F8D18E94C349
:1076B0005C4393F7F7EF5CC30100010003270D0063
:1076C0005C4393E707105CC397A0FC1FE78080D85A
:1076D0001DB58346241465BD9306200263DAB60007
:1076E000F44F370600F97D16F18E37060005E1B537
:1076F000B70600F91386F6FFF44F6945F18E370699
:107700000003E34AB5EA3706000175B5938797048D
:1077100031B79443B705330093F6F6CF94C394433F
:1077200093F6F6CF93E6062094C31447CD8E14C784
:107730002328660595B71307100D6394E75E97E756
:10774000FC1F83C727B1858B97ECFC1F938C8CB0F3
:10775000638D074E83C70C00E207E18763D9070CEE
:107760008347F40017EDFC1F034D6D9293F707025A
:1077700085C38357A4031307204EB387E70203276B
:107780004409B3D7E70213070D05BA972312F4088B
:107790000355440817E8FC1F0358489337460F0069
:1077A00013059504B325050381461306062442C636
:1077B00083ADCC013305A802EF00D0518327C40864
:1077C00032483385A7403307B50197E7FC1F9387FD
:1077D000678FBA85D4436364A7006364D700B30599
:1077E000D740032704096360B7160356640883571C
:1077F00024080D8F13151600AA97B3870703138566
:107800000B24E297B3D7A7026366F700B387F6406D
:1078100063F4E7002328B408420D93571600135D64
:107820000D0163E4A7132313F40823100408834510
:10783000C4040325441193062403130644038589D5
:1078400097A0FC1FE780E0C497E7FC1F2387A7A051
:107850008347440303C76404998F230AF40283C750
:107860006C00858B6395072C8347A40293E7270060
:107870002305F40283C70C00E207E18763D3070204
:107880008347641313D7370093F677002297854711
:10789000B397D7008346071393C7F7FFF58F2308E5
:1078A000F7128347F400898BE9C32285EFC06FE8A4
:1078B0004DED8347F400A309040093E74700A307B5
:1078C000F400832784118DCF0347B40115CB03C780
:1078D0009700058B15E703D7A700C843136707F088
:1078E0002395E70097A0FC1FE780A002835744047C
:1078F00085072312F404832784119C43232CF4105E
:107900008347540181CB8347C404898B81C7228577
:10791000EFC02FE78347040113072002639AE702B1
:107920008327040AA305040293E787002320F40AAF
:107930008347140193E78700A308F40093074002EC
:107940002308F4001DA036974DB52313A409F1BDFB
:10795000130700066393E70C85472308F400834769
:10796000A40293E717002305F40283C76C00898BF8
:10797000638F070E8347C404858B638A070E834792
:1079800094018507A30CF4008347F40013F7270044
:1079900029E793E72700A307F400930700F8230ED5
:1079A000F4008357A4031307204EB387E70203278D
:1079B0004409B3D7E70217D7FC1F0347476D1307E6
:1079C0000705BA97C207C1832312F408860723115B
:1079D000F40897E7FC1F23AD07A2228597E7FC1F59
:1079E000238A0786EFF0EFBB8345540103456414F7
:1079F0009105EF007F9B83475401638707208347EE
:107A0000C404898B63820720A2850145EF008FEDB6
:107A1000630C0512EF005FBCE5A413077006639EBC
:107A2000E70297E7FC1F9387A78298433C57ED9B9B
:107A30003CD797E7FC1F2384078237170040835702
:107A40008701B377FA00231CF7008347C40093F73C
:107A5000F7FD2306F4008547E5B57147E397E7F0A6
:107A60008327040A93E717002320F40AFDBD22852B
:107A7000EFC0AFCE11F9A30C04002285EFC06FC791
:107A800083471401A18B85CF834764018DCB834746
:107A90007401094793F7B70F6383E7029307D00395
:107AA000230AF404930770022308F4008347C404F4
:107AB000858BE38B07EC2285EFC0AFD1F1B583470F
:107AC000D4000D476397E7048347740113078002CE
:107AD0006373F702834774011D476388E702A306B7
:107AE000F4028327840A228593E717002324F40AEB
:107AF000EFE0CE9D19A88A07173700001307875EAD
:107B0000BA979C432285829771F583476401D9FF18
:107B1000A5BD99CB83476401E38807E6228597A03A
:107B2000FC1FE780A002AA8AE3900AE6F9BF834718
:107B300084018507230CF40083D7E400850717E749
:107B4000FC1F231CF78289B597D7FC1F93874770CA
:107B50009843B70633001C4393F7F7CF1CC31C436D
:107B600093F7F7CF93E707201CC397D7FC1F9387A2
:107B7000277698431C47D58F1CC797D7FC1F938740
:107B8000E76F9C4313878927B8CB97D7FC1F938750
:107B9000276C9C43B70680009843558F98C3D857ED
:107BA000719BD8D7930720FD2307F40097D7FC1FBC
:107BB00083C70752E39A07B083270412E38607B00E
:107BC0000347F400058BE30107B0D44303C6C700A5
:107BD00083C58700035584008906EF509F97E315FE
:107BE00005AE8327041203D7A700136707F0239578
:107BF000E7009C432320F41283572404E38607AC58
:107C0000FD172311F404C9B497D7FC1F9387476469
:107C10009843B70633001C4393F7F7CF1CC31C43AC
:107C200093F7F7CF93E707201CC397D7FC1F9387E1
:107C3000276A98431C47D58F1CC797D7FC1F93878B
:107C4000E7639C431387892581B797D7FC1F9387E8
:107C5000E7629C43FC53E390078A97D7FC1F238D70
:107C6000075EEF007F9783C70C002285E207E1875C
:107C700063D40720EFF02F9183D724012285850755
:107C800017D7FC1F231DF76EEFF04FF28357040444
:107C9000A5CB13074006B3F7E702BDE397D7FC1F58
:107CA0009387877F9C43898BA1C797D4FC1F9384BC
:107CB000A43C985815CF97D7FC1F83D7276CC207D1
:107CC00097D5FC1F83D5A56BDD8D254502979C5864
:107CD00097D5FC1F83D5656A294582979C588315E3
:107CE00024032D4582979C58830544033145829790
:107CF00097D7FC1F2393076897D7FC1F23A007681B
:107D000022852644B64096440649F259625AD25A10
:107D1000425BB25B225C925C025DF24D61616FC0BE
:107D20004FFB1307200DE397E7CE97D7FC1F83C7C0
:107D30007752858B6385071497D7FC1FA38C075058
:107D40008327040A13972701634E070E228597A005
:107D5000FC1FE780A0ED85476316F50E8355441C94
:107D60000356641C034574149105C205C181EF00DC
:107D70004FEE8347C40497DCFC1F938C2C5017DD17
:107D8000FC1F130DED4C858B97DDFC1F938D4D541F
:107D9000BDCFA2850545EF00EFBC03270D00B70658
:107DA00033001C4393F7F7CF1CC31C4393F7F7CF63
:107DB00093E707201CC303A70D001C47D58F1CC7E2
:107DC00083A70C0013878917B8CB930710FD2307EF
:107DD000F40083A70C00D44733F72601D8C70F104F
:107DE000000003A70C00B70702001CC7930700F8A8
:107DF00017D6FC1F2302F64683270D009C439D8364
:107E0000858B95CF930760197CD354C775B803272A
:107E10000D00B70633001C4393F7F7CF1CC31C4378
:107E200093F7F7CF93E707201CC303A70D001C4768
:107E3000D58F1CC783A70C0023A8670579B79307C4
:107E4000E01BD9B7EF004FF9834794018DC793F733
:107E5000070F81CB9305D0032285EFC0EFF7A30571
:107E6000A40297D7FC1F938727219C5B89C7954560
:107E70001305500882972285EFC0FFBB51B597D7F5
:107E8000FC1F9387A73F9C43FC53639607E697D755
:107E9000FC1F2383073CEF002FF4F1BF411106C6FE
:107EA000EFB05FBB97D7FC1F9387474C17F7FFFFD7
:107EB000130727C523AAE70AB24017F7FFFF1307E6
:107EC000A7D823ACE70A97F7FFFF9387E75E17D79A
:107ED000FC1F232BF75C41018280397122DC3704BF
:107EE000400026DA4ED6AE84AA899305E4FF054504
:107EF00006DE4AD8EF00CEE6498C13170401418311
:107F000021839317840013590401D98F231601008C
:107F10001379F90F10088A854E852317F100A306FF
:107F2000210102C002C202C402C802CA02CC02CEAF
:107F3000EF00EF978347E1010347D101A38184005C
:107F4000A2074207BA970347F101218023828400E8
:107F5000BA97F25062542380F40013D78700C1838C
:107F6000A3822401A380E4002381F4004259D25467
:107F7000B259216182800111194697D5FC1F938562
:107F8000251117D5FC1F1305E54C06CE22CC26CAB9
:107F90004AC891644EC69790FC1FE78000C693853F
:107FA000F4FF0145EF008ED92A84FD550145EF000D
:107FB0002EDBA287FD147D5933F79700B366E500E9
:107FC000F9C6631425016304970C17D7FC1F230B14
:107FD000F748A18393E707FC9169416417D7FC1F19
:107FE0002320A74817D7FC1FA30EF746FD1917D962
:107FF000FC1F1309A9377D14CE850145EF000ED46F
:10800000AA84FD550145EF00AED5B3679500EDD7C5
:10801000FD576314F500E38134FF97D7FC1F2394C9
:10802000A7449357050117D7FC1F230FF742935717
:10803000850117D7FC1FA309F74297D7FC1F23869A
:108040009742A18093F4F40397D7FC1FA38F974026
:108050008317890E42054185618DE18F6312F50218
:108060000317C90F8317A90E618FE18F631AF700F9
:108070000317E90F8317C90E618FE18FE30EF7F63F
:10808000F2406244D2444249B24905618280A685E9
:108090000145EF00AECA2A84FD550145EF004ECCE4
:1080A000A28719BF11CE93070002918F635BF00086
:1080B0003355C500B397F50033D6C5005D8DB28545
:1080C0008280130506FE014633D5A500B285CDBFDB
:1080D00011CE93070002918F635BF000B395C5004A
:1080E000B357F5003316C500DD8D328582809305C8
:1080F00006FE0146B315B5003285CDBF014863C603
:10810000050E63DB06003306C040B337C000B3067C
:10811000D0401348F8FF9D8EB6873283AA8EAE8872
:108120006391061863FCC50C41676361E61EB707DF
:1081300000016365F63693568601E1471737000064
:108140001307473E369703470700BA971307000205
:108150001D8F19CBB395E500B357F5003313E60037
:10816000B3E8B700B31EE50013560301B3D7C80246
:1081700093160301C18213D70E01B3F5C8023385EC
:10818000F602C205B3E8E50063FAA8009A981387DF
:10819000F7FF63E4680063E9A832BA87B388A840B0
:1081A000B3D5C802C20E93DE0E01B3F8C802B3867F
:1081B000B602C208B3E8D80163FBD8009A981387C7
:1081C000F5FF63E56800F91563E3D800BA851395F8
:1081D00007014D8D8145630908003305A040B33781
:1081E000A000B305B0409D8D82803305A040B33719
:1081F000A000B305B0409D8D7D5821B701E6054331
:108200003353D3024167636AE30EB7070001636B20
:10821000F32893568301E14717370000130787308F
:10822000369703470700BA97130700021D8F65EBC7
:1082300093180301B3866540135F030193D80801C7
:10824000854513D70E01B3D7E603B3F6E6033386AD
:108250001703C206558F637AC7001A979386F7FFF4
:10826000636467006365C726B687118FB356E7035B
:10827000C20E93DE0E013377E703B388160342077D
:108280003367D701637B17011A971386F6FF63657F
:108290006700F91663631701B28613950701558DC0
:1082A0001DBF63E1D504C16763E1F604B7070001B0
:1082B00063E2F61E93D886016147973700009387E3
:1082C0006726C69703C30700930700023A93B38754
:1082D0006740E9EB63ECB61C3335C5001345150068
:1082E0008145D5BD81450145FDB59307F00F63F28A
:1082F000D71C93D886002147C9B71307F00F9A8679
:10830000E37C67F093568300A14739B71307F00F5A
:10831000B286E375C7E293568600A14705B53313CD
:10832000E30033D6F500135F0301335EE603B39633
:10833000E500B357F500DD8E9318030193D80801CB
:10834000B31EE50093D50601B377E6033387C80370
:10835000C207CD8F63FBE7009A971306FEFF63E326
:10836000671663F1E716791E9A97998F33D6E7035C
:10837000139706014183B3F7E7033385C802939649
:108380000701D98E63FBA6009A969307F6FF63E771
:10839000661263F5A61279169A9693150E01898EC8
:1083A000D18D45B533576600B396F600D98EB3D854
:1083B000650013DF0601B3DEE803139E06013353A5
:1083C0006500135E0E01B395F500B365B30013D7D6
:1083D00005013316F600B3F8E8033303DE03C208E1
:1083E00033E7E800637B670036979388FEFF636995
:1083F000D70C6377670CF91E369733076740335302
:10840000E703C205C1813377E703B3086E02420771
:10841000D98D63FB1501B6951307F3FF63EED508FD
:1084200063FC15097913B695C20E416FB3EE6E0069
:108430001307FFFFB3F6EE0013D30E01718F4182D5
:10844000338EE602B3851541B386C60293580E01FA
:108450003307E302BA96C6963306C30263F3E60017
:108460007A9613D306011A9663E2C5026385C500A6
:10847000768581458DB341677D17F98EC206337EBF
:10848000EE00B317F500F296E3F4D7FE1385FEFF76
:10849000814591B393D80601414705B5935606012E
:1084A000C14769B993560301C147BDB3814505452D
:1084B0001DB3B688014711B53A83BDB73E86F1BDFD
:1084C000C68E25BF328E55B5F9179A98C1B9F917DE
:1084D0001A9761BBB687B2882A832E88639D0614DB
:1084E00063F9C50A4167636EE61AB7070001636363
:1084F000F63493568601E1471737000013078702C9
:10850000369703470700BA97130700021D8F19CB50
:108510003398E500B357F500B318E60033E80701D8
:108520003313E50013D608013355C80293960801AA
:10853000C182935703013377C802B385A60242076D
:108540003368F700637AB80046989307F5FF6364D1
:1085500018016367B8303E853308B8403357C80206
:108560004203135303013378C802B386E60242087C
:1085700033686800637BD80046989307F7FF63650C
:10858000180179176363D8003E874205598D8145EC
:10859000828001E60547B358C702416763EAE80EE7
:1085A000B707000163ECF82893D68801E147173735
:1085B0000000130727F7369783460700BE969307F8
:1085C0000002958FE5EB939E08013387154113DF79
:1085D000080193DE0E018545935703013355E703E8
:1085E0003377E703B306D5034207D98F63FAD70081
:1085F000C6971307F5FF63E4170163E6D7263A85AC
:10860000958F33D7E703420313530301B3F7E7030F
:10861000B30ED703C207B3E7670063FBD701C69762
:108620009306F7FF63E51701791763E3D7013687F0
:108630004205598D828063E2D504C16763E2F60486
:10864000B707000163E4F61E13D786016148973728
:108650000000938727EDBA9703C70700130E0002A7
:108660004297330EEE40631A0E0C63EDB61C3335A1
:10867000C5001345150081458280814501458280F2
:108680009307F00F63F3D71C13D786002148C1B7B7
:108690001307F00FC686E37C17F193D68800A14735
:1086A00039B71307F00FB286E378C7E49356860014
:1086B000A14799B5B398F80033D6D50013DF080168
:1086C000335EE6033397F500B356D500558F939E7E
:1086D000080193DE0E013313F50093550701B376BD
:1086E000E603B387CE03C206CD8E63FBF600C696C3
:1086F0001306FEFF63E4161763F2F616791EC6969C
:108700009D8E33D6E60393170701C183B3F6E603C4
:108710003385CE02139706015D8F637BA7004697D2
:108720009307F6FF636817136376A71279164697C7
:1087300093150E01098FD18D45B5B357E600B39659
:10874000C601DD8E33D3E50013DF0601B357E30323
:10875000939E060193DE0E013398C5013357E50061
:1087600033680701935808013316C6013373E303D6
:10877000B385FE024203B368130163FBB800B698E9
:108780001387F7FF63EAD80C63F8B80CF917B698AB
:10879000B388B84033D7E803420813580801B3F848
:1087A000E8033383EE02C208B3E5080163FB65000A
:1087B000B6951308F7FF63EDD50863FB65087917D5
:1087C000B695C207416FD98F1307FFFFB3F6E700D5
:1087D00093D80701718F4182B38EE602B38565405D
:1087E000B386C60213D80E013387E802BA96C29642
:1087F0003386C80263F3E6007A9693D8060146965C
:1088000063E2C5026385C5003E858145828041677C
:108810007D17F98EC206B3FEEE003315C501F6963C
:10882000E374D5FE1385F7FF8145828013D70601D7
:10883000414831BD93560601C1477DB993D6080121
:10884000C147B5B38145054582803687014801B5EA
:10885000428785BF3E86E9BDBA871DBF328E4DB5C2
:1088600079154698D5B97915C69759BB0147631450
:10887000E60001458280B307E5000507B386E50001
:1088800083C7070083C6F6FFE383D7FE3385D7404F
:108890008280B3C7A5008D8B3307C50081E78D4764
:1088A00063EEC700AA876370E50A83C605008507E3
:1088B0008505A38FD7FEE3EAE7FE82809376350035
:1088C000AA8791CA83C6050085078505A38FD7FEB1
:1088D00093F63700FDB79376C7FF138606FE63F065
:1088E000C70683A3050083A2450083AF850003AFBD
:1088F000C50083AE050103AE450103A3850183A82E
:10890000C5019385450223A0770003A8C5FF23A2D4
:10891000570023A4F70123A6E70123A8D70123AA20
:10892000C70123AC670023AE17019387470223AE2C
:1089300007FF75B790419107910523AEC7FEE3EBA2
:10894000D7FEE3E4E7F6828039713EDA2ED232D4E4
:1089500036D63AD842DC46DE9387418622CC804325
:1089600026CA06CEAA8409C41C4C99E322854D234D
:108970000C4454102686228536C6EF00F01FF240C4
:108980006244D2442161828001119387418622CCC6
:10899000804306CEAA8519C41C4C89E72AC62285C5
:1089A000852BB245104422856244F24005616F1068
:1089B000E001011126CA4AC806CE22CC4EC652C4D6
:1089C000AA842E8901C51C4D91E399239C4C8044B7
:1089D00099E32685352B973700009387A7C6631C3C
:1089E000F402C0408357C400A18BB1C71C48A1C783
:1089F000FD59294A1C4483450900FD17B1E91CC4EF
:108A000063DE07062286A9452685F928FD576308F7
:108A1000F502294535A0973700009387A7C4631452
:108A2000F4008044C1B7973700009387A7BFE31BCA
:108A3000F4FAC04445BFA2852685BD2255D97D558F
:108A4000F2406244D2444249B249224A05618280DE
:108A50001CC4050963D70700184C63CBE700638982
:108A600045011C401387170018C02380B70059B771
:108A7000228626859528E31F35F7D1B71C4013873A
:108A8000170018C029472380E70061B79387418604
:108A9000AA8588436FF0FFF1AA8703C70500850701
:108AA0008505A38FE7FE75FB8280AA87850703C72C
:108AB000F7FF6DFF3385A7407D15828005C67D16C3
:108AC0000147B307E500B386E50083C7070083C607
:108AD00006006396D7006304C7000507FDF33385DE
:108AE000D740828001458280011122CC26CA4AC823
:108AF00006CE4EC6AA842E89328401C51C4D91E350
:108B00000129973700009387E7B36319F406C04043
:108B10001C4C1CC48357C400A18BC9C31C48BDCFC7
:108B20001C4808409379F90F1379F90F1D8D5C48A3
:108B30006346F500A2852685652C2DE51C440505B8
:108B4000FD171CC41C401387170018C02380370171
:108B50005C486389A7008357C400858B81CBA947F4
:108B60006316F900A285268561240DEDF24062446A
:108B70004A85D2444249B249056182809737000054
:108B8000938747AE6314F400804459B797370000C9
:108B9000938747A9E31EF4F6C0449DBFA2852685AE
:108BA00021203DDD7D59D9B741119387418626C2E9
:108BB000844322C44AC006C62A892E8489C49C4C98
:108BC00099E32685B126973700009387A7A7631CF2
:108BD000F402C0400317C40093170701C18393F642
:108BE0008700B5EE93F607019DEEA5472320F90017
:108BF000136707042316E4007D55B24022449244D3
:108C0000024941018280973700009387A7A563142A
:108C1000F4008044C1B7973700009387A7A0E31BF7
:108C2000F4FAC04445BF918B8DC74C5889C993074E
:108C300044046384F5004A85892B232A0402835760
:108C4000C4002322040093F7B7FD2316F4001C4848
:108C50001CC08357C40093E787002316F4001C4808
:108C600081EF8357C4001307002093F7072863851B
:108C7000E700A2854A8595298357C40013F717009A
:108C800005C75C4823240400B307F0401CCC1C48F3
:108C90000145A5F78317C40013F7070839DF93E7E9
:108CA00007042316F40089BF898B014791E35848D4
:108CB00018C4F1BF83D7C500011122CC26CA06CE45
:108CC0004AC84EC613F78700AA842E8471EFD84194
:108CD000634DE000B841634AE0000145F240624460
:108CE000D2444249B2490561828058547DD703A9D4
:108CF00004009396370123A0040063DD0606704844
:108D00008357C400918B99C75C401D8E5C5899C3F2
:108D10003C401D8E5C540C50814626858297FD5741
:108D20000357C400631DF5009440F54763E8D70678
:108D3000B70740208507B3D7D700858BA5C31C484C
:108D4000232204001CC09317370163D80700FD5786
:108D50006314F5009C4091E368C84C5823A024019B
:108D6000ADDD930744046384F50026853929232A61
:108D70000402A5B70C500146854626850297FD578B
:108D80002A86E31FF5F69C40A5DF75476385E7005B
:108D900059476394E70423A0240181B713670704AC
:108DA0002316E4007D551DBF83A90501E38709F261
:108DB00003A905008D8B23A03501330939410147F3
:108DC00091E3D84918C4E35A20F11C540C50CA86C8
:108DD0004E86268582976349A0008357C40093E797
:108DE00007042316F4007DBFAA993309A940E1BF07
:108DF0009C49A5C3011122CC06CE2A8411C51C4D65
:108E000081E72EC63122B2459737000093878783CA
:108E1000639CF5004C408397C5009DC72285624442
:108E2000F24005616FF01FE9973700009387878351
:108E30006394F5000C44C5B7972700009387877E9D
:108E4000E39BF5FC4C44C1BFF2406244014505611F
:108E5000828001458280411122C406C62A842316DD
:108E6000B5002317C5002320050023220500232475
:108E700005002322050623280500232A0500232CAC
:108E80000500214681451305C505EF90CCE79717EE
:108E90000000938767BF5CD0971700009387C7C116
:108EA0001CD497170000938707C65CD4971700005F
:108EB0009387C7C800D01CD8B240224441018280A9
:108EC00097050000938505F3B1AA411126C2130648
:108ED00080069384F5FFB384C4024AC02E8922C45D
:108EE00006C693854407B1262A8401CD23200500B8
:108EF00023222501310508C4138684068145EF909D
:108F00008CE02285B2402244924402494101828091
:108F10001C4DB5E7411106C622C497070000938790
:108F200067FA1CD597370000938787809C432324DA
:108F3000050423260504232805046314F50085474A
:108F40001CCD2A84352848C022851D2808C42285C6
:108F5000052848C4484001469145EFF0DFEF08443A
:108F60000546A545EFF03FEF48440946C945EFF0F7
:108F70009FEE85471CCCB240224441018280828012
:108F80004111972700009387A77A26C284434AC0DD
:108F900006C69C4C22C42A8981E72685EFF05FF73C
:108FA000938484048044DC40FD1763D607009C4012
:108FB000B9CF8440C5BF0317C40039E7C17785071F
:108FC0002322040623200400232204002324040077
:108FD0005CC423280400232A0400232C0400214617
:108FE00081451305C405EF900CD2232A0402232CDB
:108FF000040223240404232604042285B2402244CC
:1090000092440249410182801304840671BF914554
:109010004A85EFF09FEB88C049FDB1472320F90056
:109020000144E1BF797122D44AD052CC56CA5AC801
:109030005EC606D626D24ECE2A8AAE8A1304850490
:109040000149054BFD5B09ECB25022544A8592540C
:109050000259F249624AD24A424BB24B4561828080
:10906000044483294400FD1963D409000040E1BF92
:1090700083D7C400637BFB008397E4006387770199
:10908000A6855285829A3369A90093848406E1BF3C
:109090001971A6DAAE848395E500A2DC86DE3284FF
:1090A00063DC050083D7C40023A0060093F70708FC
:1090B00085E7930700401DA0300836C6EF00902ECC
:1090C000B246E34105FE7247BD67F98F7977BA97DB
:1090D00093B717009CC2F1BF930700041CC0F65061
:1090E0006654D65401450961828083D7C5000111B9
:1090F00022CC06CE26CA4AC8898B2E8489CF9307F4
:1091000074041CC01CC885475CC8F2406244D24449
:1091100042490561828074003000AA84EFF05FF755
:10912000A2452A892685312201ED8317C40013F751
:10913000072061FFF19B93E727002316F400C1B7D6
:1091400097070000938707D89CD48357C40008C0B2
:1091500008C893E707082316F400A2475CC8B24783
:1091600091CF8315E4002685EF00F02601C98357CF
:10917000C400F19B93E717002316F4008357C40043
:109180003369F9002316240149B7DDC183A7C5FF60
:10919000411122C406C626C21384C5FF63D307004B
:1091A0003E94AA84EF00102B938741989C4381EF53
:1091B0002322040023A281982244B24026859244AF
:1091C00041016F005029637EF40014403307D4003E
:1091D0006396E7009843DC43369718C05CC0D9BF5C
:1091E000BA87D84319C3E37DE4FE94433386D7009E
:1091F000631F86001040B29694C33386D700E31DE8
:10920000C7FA10435843B29694C3D8C375B7637571
:10921000C400B1479CC04DB71040B306C4006316EC
:10922000D70014435843B29614C058C0C0C369B79E
:109230008280011126CA93843500F19806CE22CC93
:109240004AC84EC6A104B14763F5F404B14463E4CF
:10925000B4042A89EF0010209387419898433A84F8
:1092600029E4938781989C4399E781454A85EF00DB
:10927000407E23A4A198A6854A85EF00807DFD59F4
:1092800063193507B1472320F9004A85EF00B01C68
:1092900029A0E3DE04FAB1471CC10145F240624453
:1092A000D2444249B249056182801C40858F63CF18
:1092B0000702AD4663F6F6001CC03E9404C031A020
:1092C0005C406313870223A2F1984A85EF00B0182F
:1092D0001305B4009307440061993307F5405DDF3F
:1092E0003A94898F1CC05DBF5CC3C5B722874040DC
:1092F00085BF130435007198E30285FCB305A440D3
:109300004A85812FE31C35FBB5BF1C46FD171CC6E3
:1093100063DA0700184E63C5E700A9476394F500B8
:109320006FF08FFC1C422E851387170018C2238014
:10933000B7008280011122CC26CA4AC84EC652C448
:1093400006CE2A89AE893284B304D6007D5A6314CE
:109350009400014511A8834504004E864A85EFF02C
:10936000DFFA0504E31545FFF2406244D244424966
:10937000B249224A05618280357122CD26CB4AC985
:109380004EC706CF52C556C35AC1DEDEE2DCE6DA6E
:10939000AA89AE843289368409C51C4D99E3EFF061
:1093A0003FB7972700009387E729639DF40C83A4B8
:1093B000490083D7C400A18BE5CB9C48F5C7930730
:1093C0000002A304F1029307000302D22305F10275
:1093D00022C6930B5002972A0000938AAA2A054CB2
:1093E000294B4A848347040099C36392770FB30CD7
:1093F0002441638E0C00E6864A86A6854E85EFF0F2
:109400007FF3FD576307F51E9256E69636D28347E3
:1094100004006380071EFD571309140002C802CE22
:109420003ECA02CCA309010482D483450900154633
:109430005685EF00900013041900C24759E913F74D
:10944000070109C713070002A309E10413F7870006
:1094500009C71307B002A309E104834609001307F3
:10946000A0026380E608F2474A8481462546034706
:10947000040093051400130707FD6379E60AB5CAD3
:109480003ECE85A8972700009387C71D6395F400FB
:1094900083A4890039BF972700009387A718E39A10
:1094A000F4F083A4C90031B7A6854E85EFF0CFEF65
:1094B00019D57D55FA406A44DA444A49BA492A4ADC
:1094C0009A4A0A4BF65B665CD65C0D6182800504A5
:1094D00011BF330555413315AC00C98F3EC82289F1
:1094E000A9B7324793064700184336C663490702B7
:1094F0003ACE034704009307E002631FF7040347D3
:1095000014009307A002631BF702B24709041387F4
:1095100047009C433AC663C107023ECA35A83307D9
:10952000E04093E727003ACE3EC8E1B7B387670330
:1095300085462E84BA9725BFFD57C5B7050402CAD4
:10954000814681472546034704009305140013070D
:1095500007FD6376E606F1F2834504000D46172504
:1095600000001305A512D12D11CD97270000938778
:10957000E7111D8D93070004B397A700424505042A
:109580005D8D2AC883450400194617250000130580
:109590002510130914002304B10245253DC1977716
:1095A000FCFF938727A695E74247B247137707103A
:1095B00009CF91073EC69257D2973ED21DB5B387C9
:1095C000670385462E84BA97BDBF9D07E19BA1071F
:1095D000D5B7780097060000938606D626860C0835
:1095E0004E8597000000E7000000FD572A8AE3142B
:1095F000F5FC83D7C40093F70704E39C07EA1255F0
:1096000055BD780097060000938606D326860C0881
:109610004E85012AD9BF797156CA9C49BA8A9845A4
:1096200022D426D24ECE52CC06D64AD05AC85EC6D6
:10963000AA892E84B284368A63D3E700BA879CC095
:109640000347340419C385079CC01C4093F70702E5
:1096500081C79C4089079CC00329040013796900D5
:10966000631A0900130B9401FD5B5C449840998FC9
:10967000634CF9041C408346340493F70702B33665
:10968000D000A5EB13063404D2854E85829AFD578F
:109690006303F5041C4011469840998B544481445F
:1096A0006397C700B384E64063D3040081441C443D
:1096B00018486354F700998FBE94014969047D5B93
:1096C00063982405014509A885465A86D2854E85AA
:1096D000829A631E75017D55B250225492540259EC
:1096E000F249624AD24A424BB24B45618280050937
:1096F000ADBF3307D40013060003A301C70403471B
:10970000540493871600A2978906A381E7049DBF9E
:1097100085462286D2854E85829AE30E65FB050931
:1097200045B7797122D426D24AD04ECE06D652CC35
:1097300056CA5AC8B68983C68501930790063289EE
:10974000AA842E8413863504638DF60263E2D7065D
:10975000930780056388F61863EDD70063810622BE
:1097600093073004638EF60A930A24042301D40479
:10977000C9A0930730066385F60A93074006E39570
:10978000F6FE1C40084393F6070893054500C5C63E
:109790001C410CC363D807001307D002B307F04085
:1097A000A301E40497260000938606EF29476DA8DD
:1097B000930700076384F61663E5D7029307E00674
:1097C000638BF6189307F006E390F6FA0C401C43FF
:1097D00013F80508138547006307080608C39C4370
:1097E0008DA893075007E383F6FE93078007638BEA
:1097F000F61293073007E399F6F61C43D0418145F2
:109800009386470014C383AA070056853D2101C5EE
:109810003305554148C05C401CC8A301040471A82D
:109820001C43930A2404938647009C4314C32301DA
:10983000F4048547D5B793F607041C410CC3B9DA85
:10984000C207C18781BF93F5050408C3C9D983D76F
:1098500007001307F0066388E60E9726000093863C
:10986000A6E32947A30104044C400CC463C50500CA
:1098700008406D9908C099E3B28A91CDB28AB3F5D8
:10988000E702FD1AB69583C505002380BA00B3D55B
:10989000E70263F0E70CA147631EF7001C40858BCD
:1098A00091CB58401C4863C7E70093070003A38F80
:1098B000FAFEFD1A3306564110C84E87CA8670005C
:1098C000A2852685EFF03FD57D5A631E450B7D5559
:1098D000B250225492540259F249624AD24A424B3F
:1098E00045618280A382D504972600009386C6DA5C
:1098F0000C40084313F805081C411105630D0802CC
:1099000008C313F7150001C793E505020CC04147D2
:10991000B1FB0C4093F5F5FD0CC0A9B79C4193E752
:1099200007029CC193078007A302F4049726000056
:109930009386C6D775BF13F8050408C3E30308FC74
:10994000C207C1837DBF972600009386E6D42147D6
:1099500011BFAE872DB794411C43CC4913F80608BC
:10996000138547006306080008C39C438CC301A805
:1099700008C393F606049C43F5DA2390B700232826
:109980000400B28A1DBF14485686CA85268582996E
:10999000E30F45F31C40898B8DE7B2474844E359F8
:1099A000F5F23E8535B785465686CA852685829965
:1099B000E30F65F1050A5C443247998FE345FAFEEF
:1099C000E9BF014A930A94017D5BF5B7011122CCEE
:1099D00006CE2A8409C91C4D99E732C62EC4EFF081
:1099E0002FD33246A245972700009387A7C5631659
:1099F000F60250401C46FD171CC663D00704184EE3
:109A000063C7E70093F7F50F29476398E7022285BC
:109A10006244F24005616FF02F8D97270000938715
:109A200067C46314F6001044F1B7972700009387CA
:109A300067BFE311F6FC504475BF1C4213F5F50FE8
:109A40001387170018C22380B700F24062440561F3
:109A50008280411122C42A842E8597C7FC1F23A728
:109A600007A406C6EF909C94FD576319F50097C7AD
:109A7000FC1F9387A7A39C4391C31CC0B240224400
:109A800041018280411122C42E848395E50006C6DF
:109A9000E122634905007C48AA977CC8B240224471
:109AA000410182808357C4007D777D17F98F23168B
:109AB000F400EDB783D7C500011122CC26CA4AC8ED
:109AC0004EC606CE93F70710AA842E843289B68933
:109AD00091C78395E5008946014635228357C40026
:109AE0007D777D17F98F2316F4008315E400624417
:109AF000F240CE864A86B24942492685D244056163
:109B00003DA8411122C42E848395E50006C6E528B0
:109B1000FD570357C400631BF500FD77FD17F98F50
:109B20002316F400B2402244410182808567D98F18
:109B30002316F40068C8FDB78395E50025A84111F8
:109B400022C42A842E85B285368697C7FC1F23AF90
:109B5000079406C6EF901C83FD576319F50097C75D
:109B6000FC1F9387A7949C4391C31CC0B24022441E
:109B700041018280411122C42A842E8597C7FC1F8F
:109B800023A6079206C61922FD576319F50097C749
:109B9000FC1F9387A7919C4391C31CC0B2402244F1
:109BA00041018280411122C42A842E85B28597C743
:109BB000FC1F23AD078E06C6D520FD576319F5009F
:109BC00097C7FC1F9387878E9C4391C31CC0B240EC
:109BD000224441018280411122C42A842E8597C7E4
:109BE000FC1F23A5078C06C6D120FD576319F5007D
:109BF00097C7FC1F9387878B9C4391C31CC0B240BF
:109C0000224441018280411122C42A842E85B285DA
:109C1000368697C7FC1F23AB078806C64520FD572D
:109C20006319F50097C7FC1F938747889C4391C32E
:109C30001CC0B24022444101828093F5F50F2A9660
:109C40006314C5000145828083470500E38DB7FE9C
:109C50000505FDB782808280411122C42A842E85A9
:109C6000B285368697C7FC1F23A2078406C6B9288B
:109C7000FD576319F50097C7FC1F938727839C4303
:109C800091C31CC0B24022444101828093078005E9
:109C900017C7FC1F232CF7807D5582809307800512
:109CA00017C7FC1F2324F7807D558280930780050A
:109CB00017B7FC1F232CF77E014582809307800590
:109CC00017B7FC1F2324F77E7D55828093078005FC
:109CD00017B7FC1F232CF77C7D55828069643634CE
:109CE0000100000069643601F401FA009600640086
:109CF0004B0032001E001400DA94FCFF0295FCFFBA
:109D00002A95FCFF4295FCFF5C95FCFF6C95FCFFDF
:109D10009495FCFFBC95FCFFD495FCFFEE95FCFFF1
:109D20003699FCFF5499FCFF6499FCFF7499FCFF81
:109D30008499FCFF43483539785F424C455F4C4974
:109D4000425F56312E340000686561642066696C9C
:109D500065206572726F722E2E2E00004C494220D3
:109D6000696E6974206572726F7220636F64653A00
:109D7000202578202E2E2E0A000000002A20000028
:109D80006C696E6B5F6F70656E0000006C696E6B66
:109D90005F636C6F7365000070726F765F636F6DE9
:109DA000706C65746500000070726F765F72657329
:109DB00065740000696E645F656E645F63620000D5
:109DC00073656E645F737570706F72745F617474C5
:109DD0007200000073656E645F6C65645F7374612C
:109DE0007465000073656E645F72657365745F69A6
:109DF0006E646963617465006B6579507265737335
:109E0000000000006170705F73696C656E745F6163
:109E100064760000626C656D6573685F6F6E5F737A
:109E2000796E6300D7070000000000000100000009
:109E3000D825002074490020000000000000000028
:109E40000000000000000000644900201000000035
:109E50000000000000000000000000000000000002
:109E60000000000000000000903C00002A3D0000BF
:109E7000483C000000000000063D00004D455348EE
:109E80005F4C49425F56312E37000000556E6162CB
:109E90006C652073657420636F6E666967757261A7
:109EA00074696F6E20286572723A2564290000007B
:109EB000496E697469616C697A696E67206D657352
:109EC00068206661696C656420286572722025646B
:109ED00029000000426C7565746F6F746820696EAC
:109EE000697469616C697A65640000004D65736826
:109EF000206E6574776F726B20726573746F726514
:109F0000642066726F6D20666C61736800000000EB
:109F10004D65736820696E697469616C697A6564FE
:109F2000000000004150505F4442472025733E200E
:109F3000000000002062745F6D6573685F72657376
:109F4000657420006B657973203A20256420000039
:109F50004C6F63616C2044657620556E70726F762D
:109F60006973696F6E656400556E61626C6520612E
:109F70006C6C6F63617465206275666665727300F0
:109F8000726561645F6C65645F636F6C6F72000023
:109F900067656E5F636F6C6F725F73746174757306
:109FA0000000000067656E5F636F6C6F725F6765CE
:109FB0007400000067656E5F636F6C6F725F73653E
:109FC0007400000067656E5F636F6C6F725F73652E
:109FD000745F756E61636B005D82000000000000BD
:109FE000104400005E820000040000004C440000A9
:109FF0005F820000040000005445000000000000E3
:10A00000000000000000000074746C3A20307825D5
:10A01000303278206473743A2030782530347820D8
:10A02000727373693A20256420636F6C6F723A20F3
:10A03000256400004255463A2025640900000000CE
:10A0400074746C3A20307825303278206473743A16
:10A05000203078253034780073656E642073746125
:10A06000747573206661696C65643A20256400002C
:10A070006C65645F636F6C6F723A2025642000002A
:10A08000726561645F6C65645F6C696768746E6556
:10A090007373000067656E5F6C696768746E6573E3
:10A0A000735F7374617475730000000067656E5FA1
:10A0B0006C696768746E6573735F67657400000030
:10A0C00067656E5F6C696768746E6573735F7365EF
:10A0D0007400000067656E5F6C696768746E657315
:10A0E000735F7365745F756E61636B004B82000014
:10A0F00000000000AA4600004C82000002000000A0
:10A10000E64600004D82000002000000EE4700001D
:10A1100000000000000000000000000074746C3AB1
:10A1200020307825303278206473743A20307825D6
:10A1300030347820727373693A202564206C696723
:10A1400068746E6573733A2025640000425546209A
:10A150006C696768746E6573733A20256409000042
:10A160006C65645F6C696768746E6573733A20250B
:10A170006420000067656E5F6F6E6F66665F737464
:10A18000617475730000000067656E5F6F6E6F66C7
:10A19000665F67657400000067656E5F6F6E6F666F
:10A1A000665F73657400000067656E5F6F6E6F6653
:10A1B000665F7365745F756E61636B00018200009A
:10A1C000000000000E4900000282000002000000B2
:10A1D000E4490000038200000200000092490000F0
:10A1E00000000000000000000000000074746C3AE1
:10A1F00020307825303278206473743A2030782506
:10A2000030347820727373693A20256400000000AE
:10A210006D65736820686561642066696C6520659A
:10A2200072726F722E2E2E00944B0000B04B000005
:10A230006E4B00006A4B0000030400100000000099
:10A240000A1400600001060514010307080102005A
:10A25000C00002003C003C000200020401041E0099
:10A2600002000000500000002C01000064000A0001
:10A2700000000000D6BE898E25262700746D5F6120
:10A280007474725F67657400746D5F617474725F7B
:10A2900073657400746D5F617474725F7365745F6D
:10A2A000756E61636B000000746D5F617474725F42
:10A2B0007374617475730000746D5F617474725FA0
:10A2C000636F6E6669726D00746D5F617474725F46
:10A2D0007472616E730000006F6F625F6B65795F0F
:10A2E00067656E657261746500000000696E645F89
:10A2F00073746172740000006164765F696E645FFC
:10A3000073656E640000000073656E645F6C656465
:10A310005F696E64696361746500000073656E64F3
:10A320005F6C696768746E6573735F696E64696397
:10A330006174650073656E645F636F6C6F725F69F3
:10A340006E646963617465002C000000556E616283
:10A350006C652055706461746520536861323536D0
:10A3600000000000556E61626C652047656E657285
:10A37000617465207368613235362076616C75656D
:10A38000000000004E554C4C206275660000000035
:10A39000556E61626C652073656E64206D6F6465D7
:10A3A0006C206D65737361676520286572723A254C
:10A3B00064290000A801000080A89A00503DEB909D
:10A3C0003517CBD1C133A828C7DC7EBDEF6FBC41A8
:10A3D000550E000000000600303132333435363778
:10A3E000383961626364656600000000556E616221
:10A3F0006C652073656E6420696E64696361746561
:10A4000020286572723A2564290000007372633A4D
:10A4100020307825303478206473743A20307825E1
:10A420003034782074696420307825303278207296
:10A430007373693A20256400A801D0000000000071
:10A44000CA4C0000A801D10000000000A04C000090
:10A45000A801D20000000000764C0000A801D30043
:10A46000000000004C4C0000A801D50001000000D5
:10A47000204D0000A801CF0000000000224C000089
:10A4800000000000000000000000000024B0FCFFFD
:10A4900044B0FCFFFCB0FCFF6CB0FCFFF2B0FCFF72
:10A4A0003EB1FCFF557064617465202578202D2035
:10A4B000496E74202578200A000000004552522E73
:10A4C0002E00000052535349202D25642064422061
:10A4D000436F6E6E20202578200A0000496E697453
:10A4E00069616C697A65642E2E00000044697363AB
:10A4F0006F6E6E65637465642E2E20526561736F96
:10A500006E3A25780A0000004164766572746973BA
:10A51000696E672E2E000000436F6E6E656374696E
:10A520006F6E206D61782E2E2E000000436F6E6ED0
:10A53000202578202D20496E74202578200A0000DF
:10A54000436F6E6E65637465642E2E00436F6E6E8E
:10A550006563746564204164766572746973696EBD
:10A56000672E2E0057616974696E6720666F7220CE
:10A570006164766572746973696E672E2E000000DF
:10A580004572726F722E2E004572726F722E2E25DA
:10A59000780A0000BCFCD6B5A3BA25640A00000006
:10A5A00070726F66696C65204368616E67654342CF
:10A5B0002043484152312E2E20000000C1C1B6C8B0
:10A5C0004368616E6765203A202564090000000039
:10A5D000C9ABCEC24368616E67653A2025640A0044
:10A5E00070726F66696C65204368616E676543428F
:10A5F0002043484152332E2E00000000985900009D
:10A60000305E0000DB2A0000DC2A000002000000AF
:10A6100014A6030027180000DD2A0000DE2A00002F
:10A620000200000028A6030028180000292A2B2475
:10A630004D4553485F4C49425F56312E3739000033
:10A6400000000000006F0000E86E00000000000045
:10A6500058A60300000000006A7400003A7400006D
:10A660004874000000000000000000008A7800002C
:10A6700000000000020000000F000000B880000091
:10A680000B80000001000000948000000E8000009C
:10A690000100000070800000118000000100000037
:10A6A0004C800000148000000100000028800000A1
:10A6B0002880000002000000D07F000044800000DD
:10A6C00003000000947F00000380000004000000ED
:10A6D000E88000003E800000070000006E7F000060
:10A6E000198000000C000000FA7E00001F800000AE
:10A6F00007000000D67E00003C800000090000003A
:10A70000267E0000060000000A000000B87D000060
:10A710002E80000005000000667D000025800000FE
:10A7200001000000307D00004A80000000000000B1
:10A73000047D00004880000004000000BA7C000096
:10A740001780000004000000727C00004C800000B4
:10A7500005000000BE7B00004E80000007000000E6
:10A76000067B00000280000003000000647A000005
:10A770002A80000005000000B07900002C80000055
:10A7800007000000F8780000000000000000000052
:10A79000000000000000000000000000EA8B000044
:10A7A0000000000008800000010000006E9300001F
:10A7B00000000000130000009CAB0000010000003E
:10A7C0001300000014AB0000008000000300000034
:10A7D00074AC000001800000020000000CA9000021
:10A7E0000980000000000000549E00000A80000064
:10A7F00001000000C89D00000C8000000000000067
:10A8000026A000000D80000001000000A09F0000B5
:10A810001280000000000000F89E0000138000007D
:10A8200001000000109F00002380000000000000D5
:10A830001E9C00002480000001000000AE9B000070
:10A840002680000000000000589D000027800000C6
:10A8500002000000AA9C0000188000000400000014
:10A86000EE920000030000000B00000010A40000A6
:10A870001A8000001800000012A300001B800000D6
:10A88000060000002091000020800000140000005D
:10A890005C9600001C80000006000000489000004C
:10A8A00021800000140000001C9500001E800000A4
:10A8B0000600000002A70000228000001400000033
:10A8C00012A600001D8000000400000064A5000026
:10A8D0002980000004000000D28A00002B800000C4
:10A8E000060000009889000040800000120000006F
:10A8F000AA8800004580000012000000CA870000FE
:10A900004180000002000000B6AD0000428000005F
:10A910000000000068A8000046800000020000005F
:10A92000908200004780000003000000FE860000C7
:10A930003D800000060000003E8F00003F800000C8
:10A940000600000026A200004B800000040000006A
:10A950000A8E00004D800000060000000A8E0000F4
:10A960004980000000000000088600000F80000001
:10A9700000000000E28100001080000001000000E3
:10A98000428D00002D80000002000000568500006E
:10A9900015800000020000004A82000016800000BE
:10A9A00003000000788400003880000000000000F0
:10A9B000CE8300003980000009000000D09700001D
:10A9C0003A80000000000000DA9900003B8000009F
:10A9D00005000000F29900000000000000000000E7
:10A9E0000000000088970000000000006964313218
:10A9F00038010000736D6B3200000000736D6B3323
:10AA000000000000736D6B34000000007072636B17
:10AA10000000000076746164000000000091E372A1
:10AA20000796E4750E9FED7C0998EA7B1C8DFF6EFE
:10AA30001B8AF8691283F1601584F66738A9DB4A2E
:10AA40003FAEDC4D36A7D54431A0D24324B5C7561E
:10AA500023B2C0512ABBC9582DBCCE5F70E193020E
:10AA600077E694057EEF9D0C79E89A0B6CFD8F1EBE
:10AA70006BFA881962F3811065F4861748D9AB3AEE
:10AA80004FDEAC3D46D7A53441D0A23354C5B726DE
:10AA900053C2B0215ACBB9285DCCBE2FE0710392CE
:10AAA000E7760495EE7F0D9CE9780A9BFC6D1F8E7E
:10AAB000FB6A1889F2631180F5641687D8493BAAAE
:10AAC000DF4E3CADD64735A4D14032A3C45527B69E
:10AAD000C35220B1CA5B29B8CD5C2EBF900173E28E
:10AAE000970674E59E0F7DEC99087AEB8C1D6FFE3E
:10AAF0008B1A68F9821361F0851466F7A8394BDA6E
:10AB0000AF3E4CDDA63745D4A13042D3B42557C65D
:10AB1000B32250C1BA2B59C8BD2C5ECF0000000033
:10AB20000000000026CE000000000000050000002C
:10AB300003000000E8CE0000040000000300000055
:10AB4000EACD00003780000001000000B2CE000016
:10AB500007800000010000007ECE00000000000021
:10AB600000000000000000000000000000000000E5
:10AB7000EED1000000000000318000000200000063
:10AB8000ACD100002F800000020000005CD100006A
:10AB900030800000020000007CD000003280000005
:10ABA0000300000014D10000338000000300000007
:10ABB00044D00000348000000000000038D00000C5
:10ABC000358000000100000020D000003680000029
:10ABD0000100000050CF00000480000000000000D1
:10ABE000CECF000005800000010000006ED3000001
:10ABF000068000000100000056D3000000000000A5
:10AC0000000000000000000000000000ECD7000081
:10AC100078D70000000000006E6B626B000000003F
:10AC20006E6B696B000000002F4E6F64652F2578F6
:10AC30000000000000070E091C1B1215383F3631BA
:10AC400024232A2D2F566E642F25782F257300007C
:10AC50002F5369672F25782F257300006461746175
:10AC60000000000030AD0300F0F3000034AD03003D
:10AC700054F4000038AD030022F300003CAD0300A3
:10AC8000DAF9000040AD03001AF9000048AD0300F6
:10AC90006AF8000050AD0300A0F0000058AD0300BA
:10ACA000D6F200005CAD03003607010060AD030082
:10ACB0002007010064AD0300E8F7000068AD030061
:10ACC00074F70000E611010000000000C61001004A
:10ACD000000000002F4170704B65792F257800002F
:10ACE0002F4E65744B65792F257800002F4E6574C3
:10ACF000000000002F4956002F536571000000002E
:10AD00002F484250756200002F4366670000000024
:10AD10002F56612F2578000062696E6400000000E4
:10AD200073756200707562002F52504C2F257800A9
:10AD30004E657400495600005365710052504C0036
:10AD40004E65744B657900004170704B6579000069
:10AD5000484250756200000043666700536967000F
:10AD6000566E6400566100004E6F6465000000007E
:10AD7000010204081000000001020408DE180100AE
:10AD8000000000000A00000064000000E80300006A
:10AD900010270000A086010040420F008096980016
:10ADA00000E1F5055031010001030000702D0100A4
:10ADB000010000002426010001000000BE22010065
:10ADC000000000007072736B000000007072736E00
:10ADD000000000007072646B00000000281D01007C
:10ADE00001000000BE2E01000B000000342E010007
:10ADF00005000000322B010040000000042B010080
:10AE000000000000D02A01001000000064280100AA
:10AE10001000000006270100210000000A33010095
:10AE20000000000050320100010000002C41010030
:10AE30001E410100982F8A4291443771CFFBC0B563
:10AE4000A5DBB5E95BC25639F111F159A4823F92F5
:10AE5000D55E1CAB98AA07D8015B8312BE8531244E
:10AE6000C37D0C55745DBE72FEB1DE80A706DC9B0F
:10AE700074F19BC1C1699BE48647BEEFC69DC10FBB
:10AE8000CCA10C246F2CE92DAA84744ADCA9B05CF7
:10AE9000DA88F97652513E986DC631A8C82703B0BA
:10AEA000C77F59BFF30BE0C64791A7D55163CA06C8
:10AEB00067292914850AB72738211B2EFC6D2C4DD4
:10AEC000130D385354730A65BB0A6A762EC9C281C2
:10AED000852C7292A1E8BFA24B661AA8708B4BC258
:10AEE000A3516CC719E892D1240699D685350EF482
:10AEF00070A06A1016C1A419086C371E4C77482739
:10AF0000B5BCB034B30C1C394AAAD84E4FCA9C5BAE
:10AF1000F36F2E68EE828F746F63A5781478C884FF
:10AF20000802C78CFAFFBE90EB6C50A4F7A3F9BEE1
:10AF3000F27871C6FB349B5F800000800010000037
:10AF400000000000EC1FFEFF6020FEFFD420FEFF8B
:10AF5000D420FEFF7020FEFFD420FEFF8820FEFFDD
:10AF6000AA20FEFFD420FEFFC420FEFF1821FEFF12
:10AF70003821FEFFB421FEFF4A21FEFFB421FEFF6F
:10AF8000B421FEFFB421FEFF6C21FEFFB421FEFFC1
:10AF9000B421FEFFB421FEFF9021FEFFE402030076
:10AFA0009ED6010020030300CEE401009C030300B1
:10AFB0009AE401005604030066E40100F204030071
:10AFC000E4EF010040050300E4EF01009A050300EF
:10AFD00036EF01005604030006E401002E060300CC
:10AFE00052E70100000000000000000078060300A6
:10AFF000DEE70100EA06030022D70100BC74FEFF71
:10B00000BC74FEFFE274FEFFFA74FEFF0275FEFFE1
:10B010000A75FEFF1275FEFF1A75FEFF2275FEFF10
:10B020002A75FEFF3275FEFF6E75FEFF7675FEFF18
:10B030003A75FEFF0101020102010102010204044E
:10B0400006010401010101010404020104000000E1
:10B0500001010201020101020101040406010401CF
:10B060000101010104010201010000007482FEFFE0
:10B070008082FEFFC282FEFFEC83FEFFF683FEFFAE
:10B080003A84FEFF7C84FEFFBA84FEFFF284FEFF5A
:10B090008A83FEFF2685FEFFB485FEFFF691FEFF44
:10B0A000D291FEFFF694FEFF5295FEFF6298FEFFDE
:10B0B0007C96FEFFC296FEFF0697FEFF3E97FEFFC0
:10B0C0008297FEFFD291FEFFC697FEFF3C98FEFFDF
:10B0D00000000000000000000000000000000087E9
:10B0E0002066020094770200F6660200F6770200FE
:10B0F0001A670200BA670200E86702002C680200C3
:10B1000000770200707602008C690200B8690200C4
:10B110002A6A0200D06A0200E0750200F27402009E
:10B1200000740200385B0200826B0200D66B0200E2
:10B13000107B0200A87A0200086C0200B06D0200C9
:10B14000046F02008E6F0200BA6F0200667B02007D
:10B150006A7B020050700200927002006E7B020057
:10B16000727B0200767B02007A7B02006279020029
:10B17000DC700200BA7102007E7B0200827B02005A
:10B1800066720200C673020043483539785F424C4C
:10B19000455F4C49425F56312E342E34000000008A
:10B1A0000231FFFF1031FFFF1831FFFF1E31FFFF9B
:10B1B0002431FFFF4431FFFF4C31FFFF5231FFFFCD
:10B1C0005C31FFFF6231FFFF6831FFFF6E31FFFF2F
:10B1D0007431FFFF8031FFFF8631FFFF8C31FFFFAD
:10B1E000CE31FFFF9231FFFF9831FFFF9E31FFFF0D
:10B1F000A431FFFFB031FFFFCE31FFFFCE31FFFFA3
:10B20000CE31FFFFCE31FFFFCE31FFFFCE31FFFF4A
:10B21000CE31FFFFCE31FFFFBA31FFFFAA31FFFF72
:10B22000CE31FFFFC031FFFFC831FFFFCE36FFFF39
:10B23000FA36FFFF1C37FFFF3237FFFF4637FFFFAD
:10B240006237FFFF8037FFFF9037FFFFAA37FFFF0E
:10B25000C037FFFFE237FFFFF837FFFF0C38FFFF73
:10B260002038FFFF3E38FFFF4E38FFFF6838FFFFF2
:10B27000163AFFFF2A3AFFFF403AFFFF5E3AFFFF10
:10B28000D83BFFFFA63AFFFF8838FFFFBC3AFFFF1D
:10B29000CC3AFFFFE238FFFFE238FFFFBA39FFFF89
:10B2A000C439FFFFD43AFFFF803AFFFFE43AFFFFC3
:10B2B000563BFFFF9C3BFFFF5C3FFFFFC03BFFFF98
:10B2C000C03BFFFFAA3EFFFF543CFFFFA23BFFFF36
:10B2D000523FFFFFC03BFFFF4C3EFFFFE23EFFFF40
:10B2E000C03BFFFFC03BFFFFC03BFFFFC03BFFFF7A
:10B2F000C03BFFFFC03BFFFFC03BFFFFC03BFFFF6A
:10B30000C03BFFFFC03BFFFF163CFFFFF640FFFFC7
:10B31000F441FFFFBE41FFFF3442FFFF3442FFFF15
:10B32000C442FFFF1843FFFFF441FFFFF441FFFF5A
:10B33000F441FFFFF441FFFFF441FFFFF441FFFF41
:10B34000F441FFFFF441FFFFF441FFFFF441FFFF31
:10B35000F441FFFFF441FFFF3C43FFFF3C43FFFF8D
:10B36000F441FFFFF441FFFFF441FFFFF441FFFF11
:10B37000F441FFFFF441FFFFAE43FFFFAE43FFFF89
:10B38000AA48FFFFB848FFFFCE48FFFFDA48FFFF9B
:10B39000EE48FFFFFA48FFFF0449FFFF0C49FFFF9B
:10B3A0001449FFFF1E49FFFF2849FFFF3449FFFFF3
:10B3B0003E49FFFF4849FFFF5449FFFFAA49FFFFED
:10B3C000AA49FFFF5E49FFFF6C49FFFF7649FFFF77
:10B3D0008049FFFF8A49FFFF9249FFFFA049FFFF15
:10B3E0008A49FFFFA649FFFFBA49FFFF3A4CFFFF1A
:10B3F000D249FFFF444AFFFF584AFFFF6C4AFFFF54
:10B40000884AFFFFA44AFFFFB84AFFFFD44AFFFF64
:10B410003A4CFFFFF04AFFFF3A4CFFFF3A4CFFFF68
:10B42000064BFFFF2E4BFFFF564BFFFF724BFFFFFC
:10B43000884BFFFF9A4BFFFFEC4BFFFF070B0D11F3
:10B4400013171D1F25292B2F353B3D4347494F53CC
:10B450005961FF008E7EFFFFCA7EFFFFF27FFFFF74
:10B460009680FFFFA680FFFF9081FFFF2C81FFFFEA
:10B470000682FFFFB482FFFF1A7EFFFF9E7FFFFF61
:10B48000427FFFFF7C81FFFF566703002E5F0300B2
:10B49000E45E030004640300D4630300A6630300B6
:10B4A00066630300386303001A6503001E6503002A
:10B4B000B261030022650300726103002665030088
:10B4C0004E6103002A650300206103001061030040
:10B4D000D86003002E650300B660030032650300E8
:10B4E000366503003A6503003E650300E85E03002D
:10B4F000FC5E030042650300466503004A650300E5
:10B500004E650300126503004C600300C25F030038
:10B5100016650300B06403004A640300005F030083
:10B5200000010202030303030404040404040404EA
:10B5300005050505050505050505050505050505BB
:10B54000060606060606060606060606060606069B
:10B55000060606060606060606060606060606068B
:10B56000070707070707070707070707070707076B
:10B57000070707070707070707070707070707075B
:10B58000070707070707070707070707070707074B
:10B59000070707070707070707070707070707073B
:10B5A000080808080808080808080808080808081B
:10B5B000080808080808080808080808080808080B
:10B5C00008080808080808080808080808080808FB
:10B5D00008080808080808080808080808080808EB
:10B5E00008080808080808080808080808080808DB
:10B5F00008080808080808080808080808080808CB
:10B6000008080808080808080808080808080808BA
:10B6100008080808080808080808080808080808AA
:10B62000000000000000000000000000000000001A
:10B63000000000000000000000000000000000000A
:10B6400000000000000000000000000000000000FA
:10B6500000000000000000000000000000000000EA
:10B6600000000000000000000000000000000000DA
:10B6700000000000000000000000000000000000CA
:10B68000232D302B20000000686C4C006566674558
:10B69000464700003031323334353637383941428D
:10B6A00043444546000000003031323334353637EC
:10B6B000383961626364656600000000E0FF0000E5
:10B6C00002000000BCB60300E1FF0000E2FF000042
:10B6D000E3FF0000E4FF0000E5FF000000000000C1
:10B6E000163C0000503DEB9035170000EC4E00007A
:10B6F000D64E00000200000014B70300012A00002B
:10B70000A62A0000012900000328000002290000E9
:10B71000002A00000018000001180000042A0000A0
:10B720000028000001280000052A0000D029002080
:10B730000200000020B7030001000000C0B60300B3
:10B740000200000008B7030001000000342A0020B6
:10B7500002000000C8B6030003000000BC2B00205C
:10B760000200000004B703000100000014250020BF
:10B770000200000008B7030001000000352A002085
:10B7800002000000CCB6030001000000A02A002047
:10B790000200000004B7030001000000282500207B
:10B7A0000200000008B7030001000000362A002054
:10B7B00002000000D0B6030002000000D42B0020DD
:10B7C0000200000004B70300010000003C25002037
:10B7D0000200000008B7030001000000372A002023
:10B7E00002000000D4B6030000000000EC2B002093
:10B7F000020000000CB7030003000000A42A002090
:10B800000200000004B703000100000050250020E2
:10B810000200000008B7030001000000382A0020E1
:10B8200002000000D8B6030004000000A82A00208F
:10B830000200000004B7030001000000642500209E
:10B8400042340000D0340000000000004368617200
:10B85000616374657269737469632031000000006C
:10B8600043686172616374657269737469632032DD
:10B8700000000000436861726163746572697374EB
:10B88000696320330000000043686172616374657E
:10B890007269737469632034000000004368617248
:10B8A0006163746572697374696320350000000018
:10B8B0006034002000000C00603400200000000014
:10B8C0000000000000000000070107010000030065
:10B8D0000000000000000000000000000000000068
:10B8E0000000000000000000000000000000000058
:10B8F0000000000000000000000000000000000048
:10B900000000000000000000000000000000000037
:10B9100000000000050100001C260020C8260020B1
:10B920000000000000000000000000000000000017
:10B93000782500200000000000000000000000004A
:10B9400000000000000000000000000000000000F7
:10B9500000000000000000000000000000000000E7
:10B960003C2A002000340020A4A7030094A7030071
:10B97000882500200200000000000000E8250020CB
:10B980004C2A00205434002078AB030068AB03003D
:10B990003034002000100000000000000000000013
:10B9A000482A002024340020BCA10300000000002D
:10B9B0000000000000130000000000000000000074
:10B9C000442A002018340020ECA0030000000000EE
:10B9D000000000000613000000000000000000004E
:10B9E000402A00200C340020D89F030000000000F3
:10B9F000000000006C340020000041006C34002086
:10BA00000000A8010000000000000000542A0020EF
:10BA10008449002038A4030000000000000000005A
:10BA20008E540000005300001253000053696D70E3
:10BA30006C65205065726970686572616C00000009
:10BA400000000000180953696D706C652050657224
:10BA50006970686572616C051206006400020A0074
:10BA6000041004100200000020B7030001000000D1
:10BA70000CA603000200000008B70300010000004C
:10BA8000282700200200000004A603000200000096
:10BA9000000000000200000008B7030001000000E1
:10BAA000292700200200000008A603000000000073
:10BAB00000000000020000000CB7030003000000BB
:10BAC000A84900200200000020B703000100000088
:10BAD00020A603000200000008B7030001000000D8
:10BAE0002A2700200200000018A603000200000020
:10BAF000000000000200000008B703000100000081
:10BB00002B270020020000001CA6030000000000FC
:10BB100000000000020000000CB70300030000005A
:10BB2000B8490020000000000000000000000000F4
:10BB3000555555009EC700000000000000000000A1
:10BB400000000000CCA5030000000000400501003B
:10BB500016F10000000000000000000000000000DE
:10BB6000021A0100FF0000003028002030280020C9
:10BB700008200001FFFFFFFFFFFFFFFFFFFFFFFFA8
:10BB800000000000000000000000000001000000B4
:10BB9000FFFFFFFF512563FCC2CAB9F3849E17A7BC
:10BBA000ADFAE6BCFFFFFFFFFFFFFFFF0000000054
:10BBB000FFFFFFFF96C298D84539A1F4A033EB2DC3
:10BBC000817D0377F240A463E5E6BCF847422CE1AF
:10BBD000F2D1176BF551BF376840B6CBCE5E316BF3
:10BBE0005733CE2B169E0F7C4AEBE78E9B7F1AFEB7
:10BBF000E242E34F4B60D2273E3CCE3BF6B053CC03
:10BC0000B0061D65BC86987655BDEBB3E7933AAA9E
:10BC1000D835C65ADE620100266201003660010096
:10BC20000200000020B7030001000000F4B603008A
:10BC30000200000008B70300010000006F2A002086
:10BC40000200000010B70300010000000000000027
:10BC50000200000008B70300010000006C2A002069
:10BC600002000000FCB6030001000000302B0020A1
:10BC70000200000008B7030001000000702A002045
:10BC8000020000001CB7030001000000742A00201D
:10BC90000200000008B70300010000006E2A002027
:10BCA0000200000000B70300010000006D2A002020
:10BCB000F6CA01004CCC01000000000002000000A8
:10BCC00020B7030001000000802A002002000000CD
:10BCD00008B70300010000008B2A002002000000CA
:10BCE00028B7030000000000000000000200000070
:10BCF0000CB703000300000000000000000000007B
:10BD0000B0D80100000000000000000040B60300B1
:10BD100060B6030020B60300000000000000000031
:10BD20000000000000000000000000000000000013
:10BD30000000000000000000000000000000000003
:10BD400000000000000000000000000000000000F3
:10BD500000000000000000000000000000000000E3
:10BD60000000000000000000AC5400200A0208108F
:10BD700002000000FFFF0000FFFF0000FFFF0000C7
:10BD8000FFFF0000FFFF204E8F020000FFFF0000BA
:10BD900042530000FF0000000201060302E0FF0022
:10BDA000C3812F0102010202020000005000A00026
:10BDB0000000E803FFFF00000200000018B70300C6
:10BDC0000100FF200105020101100101D02900201E
:08BDD00001020304050000005C
:00000001FF
