:040000006F10907974
:10000400000000000000000090000020C202002058
:10001400A9BDF9F5780300200000000000000000ED
:100024007803002090000020000000000000000081
:10003400900000200000000090000020000000005C
:1000440090000020900000209000002090000020EC
:1000540090000020240800209000002000000000F0
:1000640090000020900000209000002090000020CC
:10007400DE0300209000002090000020900000206B
:1000840090000020900000209000002090000020AC
:1000940001A04111B7170040985F3AC6945F3247F8
:1000A400E39CE6FE324541018280B7F70700011167
:1000B400944B13078008F337078093F787083EC2F1
:1000C4000F100000B71700401308700523800705C0
:1000D400930580FA2380B7040F10000003C6B70409
:1000E4001376F60DA385C7042380070412467326EE
:1000F40006800F1000001376050255CEF3360780F4
:1001040093F6860836C40F10000023800705238069
:10011400B7040F100000B70614007D89558D88C7F9
:10012400010001000100010023800704A246F3A698
:1001340006800F10000073370780137787083AC6CC
:100144000F100000238007052380B7040F10000060
:100154000F1000003727004093061005A303D78033
:1001640023800704B247F3A707800F10000093070A
:100174008008F3B7078093F787083ECE0F1000007E
:10018400B7170040130770052380E704130780FAAC
:100194002380E7040F10000003C7B70413670708A0
:1001A400A385E70423800704F247F3A707800F1011
:1001B4000000056182801376050459C273360780F6
:1001C4001376860832C80F100000238007052380A9
:1001D400B7040F10000037061400130606047D89C7
:1001E400518D88C70100010001000100238007042C
:1001F4004246732606800F1000007337078013777A
:1002040087083ACA0F100000238007052380B7042B
:100214000F100000A54793F6F60F639EF600B7276C
:10022400004013073005A383E780B71700402380FD
:100234000704D2470DBFB727004013072005E5B7D1
:1002440073370780137787083ACC0F100000238098
:1002540007052380B7040F10000098471367070CA5
:1002640098C723800704E247FDBD0111814601467A
:100274008145114506CE912493078008F3B7078082
:1002840093F787083EC60F100000B7170040130706
:1002940070052380E704130780FA2380E7040F1016
:1002A400000003C76704136717002383E704238050
:1002B4000704B247F3A707800F100000F24005615E
:1002C400828041118146014681451145FD22130773
:1002D4008008F337078093F787083EC40F100000A7
:1002E400B7170040130670052380C704930680FAED
:1002F4002380D7040F100000FD552396B7022380F6
:100304000704A245F3A505800F100000733707808A
:10031400137787083AC60F1000002380C704238090
:10032400D7040F10000003C7670413671700238363
:10033400E70423800704B247F3A707800F100000E7
:1003440001A0BD473305F50201007D1575FD8280CE
:10035400411122C426C206C6AA840144631794002C
:10036400B240224492444101828005041305803E38
:100374004204C13F4180DDB79305000273A045806C
:1003840082457390153492402242B2424243D24392
:100394006244F244025592552256B2564257D257FD
:1003A4006258F25806499649264AB64A464BD64BF5
:1003B400664CF64C065D965D265EB65E465FD65F7D
:1003C4000961730020304111B7170040985F3AC6A5
:1003D400945F3247E39CE6FE324541018280B717C1
:1003E4000040130700032388E702854723A2F1880E
:1003F40073002030411106C6EF008079F5BF230356
:10040400048015472303E48001002302A480828032
:1004140083076480E3CE07FE23030480828083077E
:100424006480E3CE07FE03454480828083076480B2
:10043400E3CE07FE2302A4808280411126C44AC26F
:100444004EC006C61377F50BAD47AA892E8995448D
:100454006306F70019456537653F8D444E8545377A
:10046400FD59FD1463983401B240A24412498249F3
:1004740041018280135509011375F50F453F220987
:10048400CDB7011126CC06CEB70408005137154567
:10049400BD37713769372AC6A53F324593771500B2
:1004A40089EB136515001375F50FF240E2440561FD
:1004B4008280FD14E9FC0145CDBF397126DC4ADA9E
:1004C4004ED852D656D45AD25ED006DE62CE66CC10
:1004D400B7E700E07D5783AA070022C603AA4700B6
:1004E40023A0E71823A2E718B717004013077005E5
:1004F4002380E704130780FA2380E70483C74704B3
:10050400930B75FFB684E20793FBFB0F8546AA891C
:100514002E8B328937240040E187015763FA760134
:100524006308D5008946130700026313D5000157F9
:10053400D98F93F7F70FB71C00402382FC041147AF
:100544002303E4801305F00F5D3D094CD135636D41
:100554007C11B7050700DA9537870700795563F2F0
:10056400E504B3879500636EF702370B0800A947CB
:1005740033EB65016399F90689E48144513D26858D
:100584000DA0DA850945553D05090345F9FFFD141C
:10059400050B693D81C49377FB0FFDF7DD3569FDDC
:1005A4007D55B7170040130770052380E704130730
:1005B40080FA2380E70403C74704418B2382E704BE
:1005C400F250B7E700E023A0571123A24711E254E9
:1005D40032445259C259325AA25A125B825B724C4B
:1005E400E24C21618280A5476395F9068569130968
:1005F400F00FB3069900B3742B01B6941349F9FFB5
:10060400B3749900856B33796901416B9387F9FF62
:10061400B3F7270199E363FC340193D94900C14737
:10062400E3E637FF99BF0569C1697D19D9B7130599
:10063400800D638869011305000263847901130541
:100644001008CA85DD3B353D21DD4E99B384344124
:10065400D9B7DA852D45D533CA94E30099F2050953
:100664007D3BA30FA9FED5BF9387F9FF93F7F70F3F
:100674006361FC0C83C71C0413073008631FF70471
:1006840037070800636BEB04B3079B00B706100041
:1006940063F5D704334BEB0089476393F9068980EC
:1006A400D549E38C04ECDA850945413B110903275C
:1006B400C9FF91472320E48003076480E34E07FECB
:1006C40023033481FD17EDFBFD14110B81C49377D3
:1006D400FB0FE9FF7D3371F5E1B5B717004003C7A0
:1006E4005704B70708001377070219E3B787070011
:1006F4007955E378FBEA33079B00E3FFE7F855B548
:100704008547E382F9F2DA852D45053B9389F4FFA9
:10071400E38504E6293393F7390091EB83260480BB
:100724000327090093074900E39AE6E43E89CE844F
:10073400F1BFB5476396F9001305900BC93135BD78
:10074400B1471305B00AE38BF9FE99476391F904A5
:10075400B7050800B365BB002D45C53181448D4BF9
:10076400A149753963967401832704802320F90015
:100774008504E39834FF8327048013172B01635502
:1007840007002312F900D5BB2322F900FDB39D47CE
:100794006399F90281451305B0044531BD44232012
:1007A400090023220900FD599D3993F77400CA9763
:1007B40003C70700FD14398D2380A700E39634FF97
:1007C4006DBBA1476392F9046D398144630D0B003D
:1007D4008D479304C0036308FB009304000563047E
:1007E4008B01930440041375C507E30895D8194594
:1007F400393139390545213126850D3909453D31D0
:100804004931E31C05D669BB91476399F900130587
:100814006006F536F53E130590090DB7E38F09D44C
:10082400F154A9BB197106C212C416C61AC81ECA4D
:1008340022CC26CE2AD02ED232D436D63AD83EDA9C
:1008440042DC46DECAC0CEC2D2C4D6C6DAC8DECACC
:10085400E2CCE6CEEAD0EED2F2D4F6D6FAD8FEDA7C
:100864009385C1878841E700050092402242B24245
:100874004243D2436244F244025592552256B25640
:100884004257D2576258F25806499649264AB64A00
:10089400464BD64B664CF64C065D965D265EB65EC0
:1008A400465FD65F096173002030B7E700E09843E4
:1008B400B706200023A0D718758F0F10000001C5BC
:1008C40099C1814711E6B7E700E023A0E7108280D1
:1008D400B386F50003C80600B306F5008507238038
:1008E4000601E317F6FEC5B737E700E01C43B70679
:1008F40020002320D718F58F0F10000019C191C1D3
:1009040011E637E700E02320F7108280910503A762
:10091400C5FF11057D16232EE5FEDDB737E700E0A0
:100924001C43B70620002320D718F58F0F100000B2
:1009340001C53307C50011E637E700E02320F710AF
:1009440082800505A30FB5FEE31DE5FEF5B78147DB
:100954003307F5000307070019E33E858280850706
:10096400C5BF37E700E01C43B70620002320D71893
:10097400F58F0F10000001C599C1014711EA37E74F
:1009840000E02320F710054582800507E309E6FE11
:100994003308E500B386E5000348080083C6060073
:1009A400E305D8FE37E700E02320F71001458280F5
:1009B4009307F6FFBE952A966313C5008280FD1542
:1009C40083C715000505A30FF5FEFDB7AA870145EA
:1009D40081CF09CE3E96850703C7F7FF6317B7009B
:1009E400E39BC7FE05458280828001458280797140
:1009F400973700009387873A22D4804306D626D2BD
:100A04004AD04ECE52CC56CA5AC85EC669C037C9FF
:100A1400C901014B973900009389C9371309F93784
:100A2400173A0000130ACA37973A0000938ACA316A
:100A3400973400009384843B8357240095E35C44FB
:100A4400631D0B0017370000232AF734832BC400DF
:100A54002285EF00B0255E84A9A82326FB00FDB7FC
:100A640083A7090082971C443307F5406375F5009A
:100A7400D8401D8F2A976361E9089737000023AD9A
:100A8400072C8355240003450400973000E0E780D9
:100A9400A06E5C405844B9C70C44D040AE97BE86A3
:100AA40063E4B70063E4C700B386C74014C4228B71
:100AB4003A8459F097370000938707299C4B0947DC
:100AC4006373F708F917173700002327F728B25084
:100AD400225492540259F249624AD24A424BB24BCE
:100AE4004561828063170B009737000023A8E72A2B
:100AF400B1BF2326EB0099BF03274A021DCF63E150
:100B0400A7043385A7408347040085E31737000013
:100B14000347772A5917B307A7003E85D44063E4F7
:100B2400E70063E4D7003385D74083A70A016376DF
:100B3400F5009737000023A1A722228B404495BFDC
:100B4400D840BA977DBF9737000023A7072041B745
:100B540097370000938707299C4385C3411106C634
:100B640082979737000083C7C72289E79737000029
:100B740023AA0726B240410182809737000083C729
:100B8400472191E79737000023AE072482808280B3
:100B9400411122C4173400001304C41D1C4006C6AE
:100BA40026C24AC091C782979737000023A4071C26
:100BB4009737000083C7D73C858B1739000013098A
:100BC400E93B89CF8347790019476312F7109737B8
:100BD4000000A387073A3D235C4482971C4491C3D9
:100BE4008297973400009384241B984017360000A2
:100BF400034696159737000083C707159396170089
:100C0400BA9683D60600E5C29737000083C7C71398
:100C140063E5C70E97370000238807121C40639EC4
:100C24000714973700009387E7169C4363870714DC
:100C3400973700009387871BDC4317370000232D69
:100C4400F71075339737000083C7F733639707129C
:100C54009737000083C7173391CF8347790093F701
:100C6400F70F89EB97370000A38E0730974001E018
:100C7400E780A0C89737000093878712DC53638E00
:100C8400070E973700009387270C9C4BFDC78347BB
:100C9400790015476363F70E9737000083C78733DE
:100CA400918BE1EF9737000083C7A70EF9E79040D7
:100CB4009736000083C6560963C7D70C2244B24056
:100CC400924402494101174300E0670063AC834743
:100CD40079001D47E314F7F097370000A382072A31
:100CE40015211C48DDBD850793F7F70F97360000E3
:100CF400238CF604E3E0C7F001BF86073E978355D3
:100D0400070023100700973700002393070897373D
:100D140000009387E7059C43173500000345C5028F
:100D240013172500BA979C4382979737000083D7FF
:100D34002706173700000347270193C7F7FF7D8D68
:100D44009317170098403E97835707005D8D231033
:100D5400A7009737000083C727FF91C78507173778
:100D640000002303F7FE173700000347E7FD97371A
:100D7400000083C777FDE37FF7E8B2402244924442
:100D840002494101828013971700329703570700E5
:100D94006DF7850715B737C700408326C720B70707
:100DA400FCFFFD17F58F2326F7200100010097377C
:100DB4000000938767F9C84F832787262326D72007
:100DC4006A0593C7F7FF99835D8D82800111973778
:100DD40000009387272C22CC03A4070C26CA06CE36
:100DE4002AC42EC6854419E40145F2406244D24423
:100DF400056182808347910003471400858B630457
:100E0400F7000044CDB719469305A100130524004B
:100E1400893EE31895FE0545C9BF0000EFF05FD396
:100E2400730000000000000097320000938262F615
:100E34000383020023800200630F0300F3251034B0
:100E44002EC0970500009385A5FD73901534EF001F
:100E5400E0507300203086DCEF004050E650828082
:100E6400000017370000130727111443411122C44F
:100E74009C5E4AC006C6998326C2858B3A8417397C
:100E840000001309290FD1CB930700069CDE173706
:100E940000000347070F930700089734000093846A
:100EA400E40D631BF700832709009C4393F70704B1
:100EB400173700002307F70C83C7040093F70704D0
:100EC4009DC3973700009387E7EC9C43829797373D
:100ED400000023A3A70C83C7040093F7F70B17376D
:100EE4000000230DF70883C7440093F7070495E730
:100EF400854717370000A305F70897370000938745
:100F0400670A9C433707020098C7130700FC97360B
:100F140000002387E6069848F8D318401C5F9183A5
:100F2400858B8DC31C5F93E707011CDF9737000097
:100F3400938747079C4323A207068547173700007A
:100F44002300F70483270900D8430583058B19C7B9
:100F5400D843759BD8C3D843799BD8C3B2402244A5
:100F64009244024941018280ED3D73002030931781
:100F7400D50063D30702973700009387A7029C43E9
:100F84007D57B8D797370000938707DCDC4F850778
:100F9400173700002328F7DC937785009DCB97371C
:100FA400000083C7C7FD93E7170017370000230825
:100FB400F7FC930700F8173700002303F7FC973773
:100FC4000000938767FB98435C57F19B93E71700F6
:100FD4005CD7937715008DC79737000083C717FA3E
:100FE40093E7170017370000A30AF7F897370000B4
:100FF400938787F898435C57F19B93E717005CD776
:101004009377650095CB9377450017370000130756
:10101400E7F6CDCB8347070093E7170017370000A7
:10102400230EF7F497370000938707F598435C572E
:10103400F19B93E717005CD79317F50063D407027D
:10104400173700000347870C418B973700009387BD
:10105400670451C383C7870793E707021737000064
:101064002306F70A9317E50063D7070297370000B2
:1010740083C707F1E207E18763D70700854717377E
:101084000000230FF7EE973700009387A7F19C43E6
:101094003707020098C79317C50063D407021737B0
:1010A40000000347B706058B97370000938787FE38
:1010B40029C383C7970793E7270017370000A307BF
:1010C400F70482808347370093E71700173700003F
:1010D400A307F7EA81BF03C7870789463D8B6308E7
:1010E400D70083C787070D47BD8BE39DE7F691477C
:1010F400B5B703C79707118B69D783C7970793E7DA
:10110400870065BF973700009387C7E994439737F3
:1011140000009387A7E603C70700058B11CB973719
:101124000000238F07E497370000A38B07E4828035
:1011340003C71700058B65F7F85271FF83C7570083
:10114400DDB717370000130727E3032807008327B9
:1011540088039583858BADEF11C683270803BD8370
:101164002300F6009DC61C43985B4607935767010E
:101174006356070093E707C0C207C18303970600BD
:10118400C207C18709C7BA970947B3C7E7022390C3
:10119400F6008DCD8345150095C99737000083C7A8
:1011A40047DE93F7070413879500894585C33A956D
:1011B400834705000547994593F6F7066398E600CB
:1011C400E207E187814563D30700B9452E85828014
:1011D4008545EDBF411122C406C626C2173400005E
:1011E400130444DC45E114402E87FC52FDFF97377D
:1011F4000000238607D897370000938767BAD45333
:10120400BE8495C6B7E700E0B706200023A0D72820
:10121400B7F700E083A607D1ED9A23A8D7D083A619
:1012240007D193E6860323A8D7D0730050103A85DC
:10123400B285973001E0E780A05397370000938789
:10124400A7D39C43B70680009843558F98C3D857BB
:10125400719BD8D797370000A38407D29737000033
:10126400A38E07D01C40094798C3DC5085CF37F7BD
:1012740000E0832707D193E787002328F7D0730082
:1012840050100DA08D476315F50497370000938720
:10129400A7CE9C43B70680009843558F98C3D85770
:1012A400719BD8D7144017370000130727CD834705
:1012B4002700858B89EB83473700858BC9CF973708
:1012C4000000238F07CAB240224492444101828025
:1012D4008547E319F5FC97370000938767ACD4532F
:1012E4003E8795C6B7E700E0B706200023A0D728BD
:1012F400B7F700E083A607D1ED9A23A8D7D083A639
:1013040007D193E6860323A8D7D073005010144066
:101314008177FD17D046F18FDCC60F100000144012
:10132400B70702009CC6930700F89735000023898D
:10133400F5C497370000938727C49C439C439D833F
:10134400858B99C793076019FCD2D0C65C5339BF0B
:101354009307E01BD5BFFC52B9FBB5B79737000024
:10136400938747C49C438847D847798D09C988C760
:101374009387C19203A3070063030300028382805F
:1013840097370000938707C298438967938707F4C8
:101394007CD397370000938727C69C4383A607090D
:1013A400139656006358060083A607091396660031
:1013B400634406007453FDF282804111B7E700E0F4
:1013C40022C480433707200006C6798C23A0E7187F
:1013D4000F10000011C199E5B7E700E023A08710C2
:1013E40001457DA893073500C207C183F19BC2075D
:1013F400C183130740036369F7021737000013071B
:10140400E7C80843173700001307C7C7144363929C
:10141400A602173700001307A798185B55DFC20709
:10142400DD8D054502974DBF173700001307C7C56B
:10143400C9BF035765002DEB035745006366F706E4
:10144400B306F7402146637CD60203280500938641
:1014540087001D8FAA966117173600000356268F42
:101464002392E60023A006012393060014C123124D
:10147400F500130786FF97360000239AE68C2313A2
:10148400B5009735000083D5858CB387F5401737B1
:101494000000231EF78AB7E700E023A08710210588
:1014A400B240224441018280084195B7B7E700E089
:1014B4008C433707200023A0E718F98D0F10000094
:1014C40001E523A0B710828097370000938707BCFB
:1014D40003A30700973700009387C7BA83A80700C0
:1014E40081469A8763F2170D03A807006361F50C20
:1014F400636FA80A138787006368E50A03D6670049
:10150400216705076317E60003C741920507238295
:10151400E192173500001305258303D647000357CE
:10152400650023930700329742074183173E00006A
:10153400231FEE80638C6702173300001303C3B4C8
:10154400032303006304F30203D36600631003025E
:1015540083D7460023A0060121073E962106239245
:10156400C600972700002394E77EB6879843630D4F
:10157400170397360000938626B194426306D70278
:101584008356670095E283D6470003564700184305
:10159400A106B2962392D70098C383576500A1078A
:1015A400172700002315F77AB7E700E019BFBE86B6
:1015B400C2870DBF03278511630407120346E504A0
:1015C400854663000612411122C406C68347C5003E
:1015D4002A8493F7C70F2306F50083459700035821
:1015E400C700139585016185637006096359050673
:1015F4000345870093F5F507A304B70093E5270097
:101604006314D50093E517002306B4005C438907EF
:101614005CC3A30AC400032504114C430905EFF07D
:10162400CFA88327841103465401D44303D7C700AA
:10163400B296118FD4C32396E7008947A30DF40013
:10164400034764039727000083C7A7766377F704EB
:101654008347C40093E707012306F4003DA893E7FA
:1016640017002306F40075B71376F80F635D0502BF
:101674000345870093E527006314D50093E517001D
:101684002306B400A30AC400A30407008547A30DDE
:10169400F400832784119C43C5F7B2402244814659
:1016A40036854101828093E717002306F400A30ADC
:1016B400C400A3040700032504114C434286090512
:1016C400EFF0AF9E8327841103465401D44303D71C
:1016D400C700B296118FD4C32396E7008D4745BF48
:1016E40085463685828097370000938767AD9C4393
:1016F400411122C406C6858B2A84C5EF41651305B2
:1017040025F597F001E0E780206F45C58347A500E4
:101714002315F50083270412BDE72320A4122322F6
:10172400A41285472311F404232005008347640190
:1017340054412316F5000347D4002304E50005476C
:10174400A304E50017370000130747835853138594
:10175400170215811C437D151375F50F9CC25C435C
:10176400DCC21C479CC65C47DCC61C4B9CCA5C4B59
:10177400DCCA1C4F9CCE5C4FDCCE19CD938606028E
:1017840013070702C1BF8327441288C38357240465
:101794002322A412850779B79737000083D70790CF
:1017A400850717370000231BF78EB24022444101FE
:1017B40082808347C40023090400054593C747007A
:1017C4002306F400DDB78347850193F7E70FD5EFD0
:1017D40083479501DDEB034625018346C50009CA0D
:1017E40083456503172700000347B75C63E7E500FB
:1017F40013F7060141CF014709C6C18A0357651C87
:1018040081C68356A51C369751C31307C7121725E3
:1018140000000355255EB335A70237460F0041117A
:1018240013060624814622C426C206C67D54330507
:10183400A702972002E0E78040389727000083C77B
:101844009757B384A700973700009387A78403A70B
:1018540087098327070963F387003E84184375FBD0
:1018640097270000938707539C43829781476364BB
:10187400A400B307A440B2402244B3B7970093C76F
:10188400170092443E854101828081473E858280D3
:10189400972700009387077198433C5BFDFF010085
:1018A40001008280011122CC4AC84EC606CE26CA47
:1018B40052C456C25AC00347B50085472A842E89AC
:1018C400832905096311F72683570508835AC5033D
:1018D400172A0000130A8A51172B0000035B8B514F
:1018E40063FB5721834605016397E620032785118F
:1018F400631307200327450A631F071E8346F50069
:101904001D47639AE61E03471401B38AFA401395F0
:101914000A01418121CF9377170099CB8357E405BE
:1019240083560404958F63D5A7001395070141815D
:101934009377270099CB8357E41283560404958F39
:1019440063D5A7001395070141819377070199CBCC
:101954008357C41483560404958F63D5A700139545
:1019640007014181218B11E311E105450357A403CC
:101974009307204E832444093305A70237460F00FA
:101984008146130606243305F5029727000083C712
:101994008742B3549502B335AB02BE94C204C180EE
:1019A400231394083305AB02972002E0E780E0207C
:1019B400B307350133B5A7002E953E8783264A0029
:1019C40019E163E4D7003387D740B3846403B7468F
:1019D4000F009387F623938606242320E900A69715
:1019E400B3D7D702D6976362F7101D8F2320E9007F
:1019F400972900009389093A83A7090083240900E1
:101A0400829763E5A4123385A4406354050C83A72D
:101A140009008297032709006361E512198D835732
:101A2400E403172700000357E73C8E07B387E70258
:101A34001307003293870719B3D7E70263E7A710A8
:101A4400374A0F00130BFA23972A0000938A0A3AA5
:101A5400130A0A248357040485072310F4048347D4
:101A6400041499E322855922228597E001E0E78056
:101A7400202C75E9832604098327C40803A74A0098
:101A8400B6973E8563E4D70063E4E7003385E74017
:101A94008347F401835464082328A4088507A30F0B
:101AA400F4009727000083D7E734B384F402DA9470
:101AB400B3D444036368950CB304954083A7090029
:101AC40023209900829763E3A40C3385A440E34365
:101AD40005F89727000083C7172E63E7A708972701
:101AE400000023A98764014541A083264A00B387E7
:101AF400F6403E97E5BD8354640837470F009307CB
:101B0400F723B3846403BE9493070724B3D7F40282
:101B140063E7F900B387F9402320F900D1BD032717
:101B24004A00BA99C5BF23A03501D9B5972700004B
:101B34009387C72BDC43BE94F9B59727000093879E
:101B4400E72ADC43998F3E95D9BDA145228597E0CC
:101B540001E0E780C016A305A4029727000093873D
:101B640027249C5B81EF7D55F2406244D244424974
:101B7400B249224A924A024B056182808945154541
:101B84008297D5B7B3049740AA940DBF83A74A00A0
:101B9400BE9425BF39C901116C0022CC06CE2A841B
:101BA40011331DCDFD576302F502B247972500009E
:101BB40083C5752063EFB70003459402B385B7402E
:101BC4002EC6972000E0E780C072F24062440561AF
:101BD400828017270000130767215843BA97E9BF8B
:101BE40097F001E0E78040D2CDB78280797126D2A8
:101BF40006D622D44AD04ECE52CC56CA5AC85EC655
:101C04008347550303447513AA843E941374F40F55
:101C14009307400263F687001304B4FD1374F40FB2
:101C240003AA841383AAC413A38B84122286528525
:101C3400D685972002E0E78040B5058915E503CBFA
:101C4400D41201498149337B6403930B50024A86C1
:101C54005285D685972002E0E78020B3058915C513
:101C6400639169031374F90F238B8412B2502254C5
:101C740092540259F249624AD24A424BB24B4561EC
:101C840082808509E20993D989410509E31179FD27
:101C9400E1BF8327850903560504797193D60701AB
:101CA400BD8EC206C182358E135776409357564077
:101CB400898B058B5D8F93573640918B5D8F93573E
:101CC4001640A18B5D8F93171600C18B5D8F931700
:101CD400360093F707025D8F9317560093558600DD
:101CE40093F707041E065D8F1376F60F518F93D773
:101CF400554013D63540118A898BD18F13D6754040
:101D0400D18F13D61540218AD18F13961500418A9D
:101D1400D18F1396350013760602D18F1396550092
:101D2400137606049E05D18F93F5F50FCD8FA20788
:101D340045465D8F3307C70222D42A8426D252CC6B
:101D440056CA032A8413832AC4135AC806D636975C
:101D54004207418393577740135557400989858B30
:101D6400C98F135537401189C98F135517402189DD
:101D7400C98F131517004189C98F131537001375BF
:101D84000502C98F13155700935587001375050471
:101D94001E07C98F1377F70FD98F13D5354013D783
:101DA40055401189098B498F13D57540498F13D537
:101DB40015402189498F139515004189498F139541
:101DC400350013750502498F1395550013750504E5
:101DD4009E05498F93F5F50F4D8F2207D98FB38751
:101DE400C7024AD04ECE5EC662C4B697C207C1834C
:101DF40013D7774013D557400989058B498F13D5DD
:101E040037401189498F13D517402189498F13957C
:101E140017004189498F1395370013750502498FBF
:101E24001395570093D58700137505049E07498FB2
:101E340093F7F70FD98F13D5354013D75540118930
:101E4400098B498F13D57540498F13D515402189C6
:101E5400498F139515004189498F139535001375E2
:101E64000502498F13955500137505049E05498F86
:101E740093F5F50F4D8F2207D98FB387C702130649
:101E840050025285D685B697BD8E93940601C180C3
:101E940033F6C402137BF60F972002E0E780E08E4E
:101EA40005890DED8347D41201498149B384970212
:101EB400130C5002C1804A865285D685972002E0D1
:101EC400E780A08C0589937BF90F11C563863403E1
:101ED400850993F9F90F0509E31F89FD230B6413A1
:101EE400B250225492540259F249624AD24A424BA5
:101EF400B24B224C456182805E8BCDB7011197278E
:101F040000009387271922CC03A4870C26CA4AC849
:101F14004EC606CEAA8413092500854915C083C779
:101F2400140003473400858B6304F700405CFDB75D
:101F34001946930544004A85EFE0BFA2E31835FF34
:101F44002285F2406244D2444249B249056182800A
:101F54004111972700009387E71322C403A4870C39
:101F640026C24AC006C693042500054901E8228515
:101F7400B24022449244024941018280A68513055D
:101F8400A402970002E0E780E0F6E30225FF405C4C
:041F9400F1BF000099
:101F980097110020938101BB17510020130101867E
:101FA8001305400097E5FF1F938545051706002098
:101FB800130606FE63FAC5008322050023A0550018
:101FC80011059105E3EAC5FE17450200130505BD95
:101FD800970500209385C5FB1386818563FAC500A4
:101FE8008322050023A0550011059105E3EAC5FEEB
:101FF80013858185972500209385851D6377B50016
:10200800232005001105E36DB5FEFD42739002BC67
:102018008D4273904280930280087390023097E259
:10202800FF1F9382A2FD93E23200739052309722F1
:102038000000938242BF73901234730020303D43F6
:102048002A876373C3029377F700BDEFADE59376F4
:1020580006FF3D8ABA960CC34CC30CC74CC7410750
:10206800E36BD7FE11E28280B306C3408A0697026B
:10207800000096966780A6002307B700A306B7005E
:102088002306B700A305B7002305B700A304B700CC
:102098002304B700A303B7002303B700A302B700C4
:1020A8002302B700A301B7002301B700A300B700BC
:1020B8002300B700828093F5F50F93968500D58DA0
:1020C80093960501D58D61B7939627009702000076
:1020D80096968682E78086FA9680C1171D8F3E966F
:1020E800E374C3F8A5B7B717004003C7770513779C
:1020F800E70FA38BE704130700F8A38DE7043D4718
:10210800238CE70413075003A38CE70403C7A70530
:102118001377D70F238DE7048280B717004003C7D2
:10212800E7020D8941111377C70F498F930680087D
:10213800F3B6068093F6860836C60F10000093069D
:1021480070052380D704930680FA2380D7040F10E4
:1021580000002387E70223800704B247F3A707801C
:102168000F1000004101828041112A83014E930E15
:10217800407E130F0019930F400663E56E12930813
:10218800001913034006B3781503854E0D4FA14F70
:10219800337365020D891335150063EFBE121308FA
:1021A800F6FF794672984208135808013307C702A8
:1021B80013D61700BE0732976146B3F6C602130658
:1021C8008070B386C6023697A166F58F42075D8F89
:1021D800B716004083C7F60293F70708A303F10078
:1021E8000346710083C7F60293F70708E394C7FE16
:1021F80083477100B716004093F7F70F63880712FB
:1022080093078008F3B7078093F787083EC40F1039
:102218000000B7170040930670052380D704930683
:1022280080FA2380D7040F10000023AA070383C66F
:10223800170393E60608A388D70223800704A2475A
:10224800F3A707800F1000001166B71700407D162E
:10225800D45BC85F93854703A98EF18EF5FA930680
:102268008008F3B6068093F6860836C60F1000007D
:10227800930670052380D704930680FA2380D70439
:102288000F10000098C103C7170313670704A3883A
:10229800E70223800704B247F3A707800F10000066
:1022A800410182807D133368E3039308E016630ECF
:1022B80008003368F3039308D0166308080093787E
:1022C800330093B818009388D81633081E01131EDC
:1022D8000801135E0E0155B56393E503054863864F
:1022E80008000148630303002A8871087298FD15E5
:1022F800131E0801C205135E0E01C18179BD13F8D2
:10230800150063F4BF007908D5B713381800E5BF86
:1023180083C7F60293F70708A303F1000346710089
:1023280083C7F60293F70708E394C7FE8347710053
:1023380093F7F70FF1DFE9B531714AD966CB06DFBC
:1023480022DD26DB4ED752D556D35AD15ECF62CD89
:102358006AC96EC7AA8C02D8EF0010122A8993079F
:102368008008F3B7078093F787083EDA0F1000005C
:10237800B7170040130770052380E704130780FA96
:102388002380E7040F10000003C7F7021377770FC5
:10239800A387E70203C7F70213678700A387E7024B
:1023A80023800704D257F3A707800F1000000545C4
:1023B800AD33130780C13347E902116A93070AE86E
:1023C80093065002BD69930BA004814A014B130484
:1023D8008008930470057D1AB347F9023307D702C2
:1023E8003EC0FD873ECC938709A69309803E3347BC
:1023F800F7023AC27D873AC4334739038549B3990E
:10240800990193D93940B306D702B30B7703B3C602
:10241800F602B3CBFB0236C6FD8636C893D6FB411F
:1024280036CEB7460F00938606243349D90285660F
:10243800938606FAB3969601B389E9021307805288
:102448003309D90293060010B389E9023349D90246
:10245800B3C9F9029316390036CA37190040FD8608
:1024680036D0930D090493D7F9413ED2F336048050
:1024780093F6860836DC0F1000009307700523805A
:10248800FD00930680FA2380DD000F1000008346CC
:10249800390593F6860FA309D9048346390593E6CF
:1024A8001600A309D90423800D00E256F3A606807E
:1024B8000F100000130C80FA116DF336048093F6A8
:1024C800860836DE0F100000930770052380FD0094
:1024D80023808D010F10000083463905216693E69D
:1024E8000602A309D90483560905B3E6A6012318F1
:1024F800D90483560905D18E2318D90423800D00E9
:10250800F256F3A606800F1000008346390593F6AD
:1025180006026389061803463905218A6DDE081804
:10252800612F7336048013768608B2C20F1000003C
:1025380023809D0023808D010F100000B7170040F5
:1025480003C637051376F60DA389C70403C63705F6
:1025580013660602A389C704835609052166B3E6F4
:10256800A6012318D90483560905D18E2318D90446
:1025780023800D009646F3A606800F1000008346C0
:10258800390593F606026386061483463905A18A3F
:10259800EDFE97E0FF1FE78080AFAA8636D497E06C
:1025A800FF1FE780C0AEA256E30AD5FE8356090591
:1025B8004255B3E6A6012318D904392F83463905B5
:1025C800A18AEDDE0356090583462905824733763D
:1025D800CA00B306DA0293D5F641B296B388F6403C
:1025E800E24733B8C6002E983308F840A247B3B67E
:1025F80016013308D84063C70701631DF8009247E6
:1026080063FA1701C247634DF80E63950701B24795
:1026180063E8F80E894663E7660FF24693151800DB
:1026280013D3F8015E8613951800B365B30042D63C
:1026380046D4EF10421A3258050B137BFB0F634741
:10264800000163120838A258638F08361308150072
:10265800B336A800B69513D6F5013298B336C8003C
:10266800AE9613581800FE06B3E6060173360480CA
:1026780013768608B2C60F10000023809D002380C1
:102688008D010F1000000356C902B296C206C1821E
:102698002316D90223800D00B646F3A606800F1034
:1026A800000021BDF336048093F68608B6C00F10EB
:1026B800000023809D0023808D010F1000008346B9
:1026C800390593E60602A309D90423800D0086463E
:1026D8000DBDF336048093F68608B6C40F100000CB
:1026E80023809D0023808D010F100000834639054B
:1026F80093E60602A309D90423800D00A646A5BDCA
:10270800E30D0BF0F336048093F68608B6C80F1075
:102718000000930680FA23809D002380DD000F10BF
:1027280000008346390593F5FC0F93F6860FA3093D
:10273800D90483463905CD8EA309D90423800D0019
:10274800C646F3A606800F100000130580FA03465C
:102758003905930639051D8A631496297336048052
:1027680013768608B2CC0F100000130680FA238077
:102778009D002380CD000F10000003C606001376CD
:10278800F60D2380C60003C60600136606022380E2
:10279800C600835609051166D18E2318D9048356BD
:1027A80009052166D18E2318D90423800D00E64639
:1027B800F3A606800F100000130680FA8346390539
:1027C80093F606026388062483463905130C3905F7
:1027D800A18AFDDA0818CD21F336048093F686081D
:1027E800B6D00F100000930680FA23809D00238046
:1027F800DD000F10000083460C00116693F6F60DFD
:102808002300DC0083460C0093E606022300DC006C
:1028180083560905D18E2318D904835609052166E4
:10282800D18E2318D90423800D008656F3A606807E
:102838000F100000130680FA8346390593F6060246
:102848006385062083463905A18AEDFE97E0FF1FC0
:10285800E780E0832A8C97E0FF1FE7804083E30C42
:1028680085FF8356090511664255D18E2318D90470
:10287800A5218346390513063905A18AFDDAF33601
:10288800048093F68608B6D40F100000930680FAE9
:1028980023809D002380DD000F1000008346060082
:1028A80093F6F60D2300D60023800D00A656F3A656
:1028B80006800F1000008356090503462905D247F4
:1028C800B376DA003306CA021305800C9355F64135
:1028D8003696330DF6408257333CD6002E9C33365D
:1028E800A601330CFC40330CCC40330885039256C8
:1028F8004E86B335A5033305A503C295EF00B26D27
:1029080063468001631E0C16630C0D161306150032
:102918003335A6002E959356F5013696B335D60075
:10292800AA959396F50105828585D18E6346B000F8
:10293800639D051A638B061A0356C902158233056F
:10294800D6003336C500B2956348B00063910524BC
:102958001306F00F637DA622894663F35615930785
:102968008008F3B7078093F78708BED60F100000DA
:1029780037170040930770052300F704930780FA80
:102988002300F7040F1000008356C70289678117D8
:10299800D58FC207C1832316F70223000704B65751
:1029A800F3A707800F100000FA506A54DA544A5906
:1029B800BA592A5A9A5A0A5BFA4B6A4CDA4C4A4D67
:1029C800BA4D296182801308F5FF3335A800FD153B
:1029D8002E951356F5013298B336C800AA9651B110
:1029E800F336048093F68608B6CA0F1000002380D9
:1029F8009D002380AD000F10000083463905CD8E61
:102A0800A309D90423800D00D646F3A606800F102B
:102A1800000035BBF336048093F68608B6CE0F1057
:102A2800000023809D002380CD000F100000834606
:102A3800390593E60602A309D90423800D00F6465A
:102A4800F3A606800F10000095BBF336048093F6BA
:102A58008608B6D20F10000023809D002380CD0089
:102A68000F1000008346390593E60602A309D9042E
:102A780023800D009656F3A606800F1000006DBB4C
:102A88009306F5FF33B5A600FD152E959355F50170
:102A9800AE96B3B5B600AA951396F501858269B5C9
:102AA800F336048093F68608B6D80F100000930614
:102AB80080FA23809D002380DD000F1000008356DC
:102AC800C9020566011693F6F60FD18EC206C182B9
:102AD8002316D90223800D00C656F3A606800F10D0
:102AE8000000850A93FAFA0F51B233E6B60045C2E0
:102AF8000356C9023305D0403338A000B305B040AF
:102B0800B385054115826345B000D1E16371A6081C
:102B1800894663F0560593078008F3B7078093F753
:102B28008708BEDA0F100000B717004013077005BA
:102B38002380E704130780FA2380E7040F100000BE
:102B480003D7C7027D8B2396E70223800704D65755
:102B580081BDF336048093F68608B6DC0F100000BA
:102B6800930680FA23809D002380DD000F1000006B
:102B78008356C9020566011693F6F60FD18EC20672
:102B8800C1822316D90223800D00E656B9B79307F0
:102B98008008F3B7078093F78708BEDE0F100000A0
:102BA80037170040930770052300F704930780FA4E
:102BB8002300F7040F1000000356C702939756002E
:102BC800B297C207C1832316F70223000704F657FA
:102BD800C1BB914763EEB702172702001307476C82
:102BE8008A05BA959C41BA978287B717004003A710
:102BF800470B1345F5FF698F23AAE70A03A7070BBD
:102C0800698F23A8E70A03A7070A798D23A0A70AD3
:102C18008280B717004083A6470B1347F5FFF98E4C
:102C280023AAD70A83A6070B558D23A8A70A83A62C
:102C3800070A758F23A0E70A8280B717004003A709
:102C4800470B498F23AAE70A03A7070B1345F5FF8C
:102C580045BFB717004083A6470B1347F5FF758F8D
:102C680023AAE70A03A7070A598D4DB7B7170040EB
:102C780003A7470B498FEDB7B717004088474205B0
:102C880041819377050491EB9377F5013755E80176
:102C9800130505803345F50282809377050C1307E9
:102CA80000046397E7009377F50137459C1CCDB77F
:102CB8002165130505D0828037E700E01C435443A3
:102CC800A183E206D58F1CC1FD572320F7182322C4
:102CD800F7180F100000828013178500B7E700E08F
:102CE80023A0E710618123A2A7108280B7F700E034
:102CF8008847CC478280814737370040A14663C464
:102D0800C700328582800345B740E38EA6FE33852F
:102D1800F5000345050085072304A740CDB797F7BD
:102D2800FF1F938727629C43171700201307474A02
:102D38003E95636EE500174700201307278C6368EC
:102D4800A70017F7FF1F232FA75E3E858280FD5738
:102D5800EDBF411122C406C62A84393F2947B3076B
:102D6800E502B2408D83B3D7870222449507B3D7D3
:102D7800E70237370040C207C1832316F7404101F5
:102D88008280716541111305052006C6D937B7370A
:102D98000040130770F82381E7400D47A381E740FF
:102DA80013070004A380E74005472387E740B240A4
:102DB80041018280938741869C43411106C691C395
:102DC8008297938781869C4391C3829703D76180BA
:102DD8009307C01263F7E70403D581809306B01206
:102DE80063E4A6049386018603A306006307030031
:102DF800B2401305C012410102830507098F3385CC
:102E0800A740E5473305F502420741830983930745
:102E1800F7FF3E953345E5021375F50FB2404101C2
:102E2800828013054006DDBF0145CDBF03A84500DC
:102E3800411126C206C622C4834718000348080069
:102E4800A944A207B3E70701C2070D68C1871308A1
:102E580028906396070385473284EF605066AA84FA
:102E680019ED9387C1859C4399CB0345140003470B
:102E780004002205598D1335150005058297B240C7
:102E8800224426859244410182802D453DE7D84160
:102E9800411122C426C206C683471700034707000C
:102EA800B684A207D98F0D67930697A132846396DB
:102EB800D702093783C741806374F5002382A18054
:102EC80085472390F40083C741802300F40001451F
:102ED800B2402244924441018280130787902945D9
:102EE800E398E7FECC4589472390F40009462285FC
:102EF80097E0FF1FE780209BD9BF8280834745006A
:102F0800858BADC7011122CC2A84035525009385F2
:102F1800019806CEEF607055058929C50355240030
:102F2800014781460546ED45EF60300E2AC61DC9AA
:102F380097F7FF1F9387C70583D7A70201462C0081
:102F48002314F10085472315F10083C7418023002E
:102F5800F50003552400EF70302E09C5ED45280013
:102F6800EF607022F2406244056182808280416590
:102F78004111938501987D1506C6EF80701BB240FC
:102F880097F6FF1F9386C6054146954517F5FF1F1F
:102F98001305050041016F80D00E23AEA184828005
:102FA800411122C406C6854709446311F5028347C7
:102FB80006000144238CF18403C741806378F7003D
:102FC800170500001305C5F3EFA030582285B2405D
:102FD800224441018280411106C6E93B83C74180F2
:102FE800637AF5002382A18017050000130545F1D7
:102FF800EFA0B055B2400145410182804167791781
:10300800630CE502411122C406C685472A84639AE7
:10301800F50022852244B2409385019841016F80D2
:10302800301189476396F5008545EFA0904C75D11E
:10303800B2402244410182808280CC41411106C6BF
:10304800328503C6150083C5050022064D8E42064B
:103058008D654186138875A2630C060F6348C80402
:10306800138845A26306060B634AC800938535A2F8
:103078006309B60623900600294679A0138855A24D
:103088006308060B938565A2E316B6FEC1451D4687
:1030980063ECE5064546198E63F3C7003E86239028
:1030A800C600972502009385E52189A8138895A273
:1030B8006300060F634E060B1388A5A2630A060F6A
:1030C800938505A5E318B6FA99451D4663EEE50212
:1030D800198E63F3C7003E862390C600938541810D
:1030E80031A89D451D4663E1E5022146198E63F32B
:1030F800C7003E862390C6009385C186BA9597D0AF
:10310800FF1FE780407A0146B24032854101828044
:10311800AD451D46E3EAE5FE3146198E63F3C70067
:103128003E862390C600972502009385651DF9B752
:10313800B1451D46E3EAE5FC3546198E63F3C70041
:103148003E862390C600972502009385651C7DB7AF
:10315800C1451D46E3EAE5FA4546198E63F3C70003
:103168003E862390C600972502009385E51679B719
:10317800C1451D46E3EAE5F84546198E63F3C700E5
:103188003E862390C6009725020093856519BDB732
:10319800C1451D46E3EAE5F64546198E63F3C700C7
:1031A8003E862390C6009725020093852514B9B75B
:1031B800B5451D46E3EAE5F43946198E63F3C700C1
:1031C8003E862390C600972502009385A50E3DB73D
:1031D80097F6FF1F938686F44146CD4517F5FF1FE6
:1031E8001305C5E06F80E06905E1B28741112E86BD
:1031F8001385C186BE8506C697D0FF1FE780A06AE3
:10320800B24001454101828009458280C841834717
:10321800150003450500A207C98FC207C1872D45C0
:1032280005E30D67130787A32945639BE7008547D7
:103238002390F600DC45014583C707002300F6000C
:10324800828003A84500411126C206C622C48347CE
:10325800180003480800B284A207B3E70701C207B1
:103268000D68C187930E28906382D705130898A329
:103278002944639707032D4405E78547354463913F
:10328800F6028347060013040008639BD700D8455D
:103298000D4501442300F700938781879C4382975B
:1032A8002285B24022449244410182808547EF60E2
:1032B80010212A8475F503C5140003C704009387F9
:1032C80081872205598D9C43133515000505829782
:1032D800C1BF411122C42A844165938501997D1596
:1032E800058806C6EF80C06405C02244B24097F640
:1032F800FF1F938666EB4146A14517F5FF1F13058F
:10330800A5E241016F80E057B240224401454101E6
:10331800828023ACA186828085476309F5008947AE
:103328006317F50083470600238BF18681473E85A6
:103338008280411122C42E849385019926C206C633
:10334800AA84EF609012058915C197F7FF1F93872C
:10335800A7DD83D7A702A285B2402310F400224438
:1033680026859244014641016F70006DB2402244A7
:10337800924449454101828041677917630CE5020F
:10338800411122C406C685472A84639AF50022851E
:103398002244B2409385019941016F806059894761
:1033A8006396F5008545EFA0D01475D1B24022444C
:1033B80041018280828011456FE01FF84111939688
:1033C8002500AA852D4506C697D0FF1FE780A00EC9
:1033D800B240014541018280011122CC06CE37144A
:1033E800004026CA4AC84EC652C483447405034ADC
:1033F800B4058349840503499405EFE0DFCE83478C
:10340800A40593F4F40F137AFA0F93E71700230D2A
:10341800F40493F9F90F1379F90FB717004003C7AC
:10342800A705058B6DFF03D5C705A38D4705238C1D
:103438003705A38C2705A38B9704F2406244D24436
:103448004249B249224A0561828041119397050198
:1034580022C406C6C1872E8463DD0700EF00301141
:1034680019C1EF00B0042165218DB2402244410109
:10347800828093F7150013C51500E5FB93F7250027
:1034880013C52500FDF39397250163D00702EF10BC
:10349800712A153737F60200130606E0896503C559
:1034A8000188EF00506C0965C1B793971501014574
:1034B800E3DD07FA17250200130545ECEF00B245D6
:1034C80013060064916503C50188EF00D069116592
:1034D80061BF2D71232A9110FD74E98C232C811072
:1034E80023282111232631112A84AE893289930693
:1034F80000100A86A6852D45232E111097D0FF1F90
:10350800E78060FB1315440151810A0513962900D1
:10351800CA850A9597D0FF1FE780E038A68585669B
:103528000146254597D0FF1FE780E0F80A86A68563
:1035380093060010294597D0FF1FE780C0F7832026
:10354800C111032481118324411103290111832905
:10355800C11015618280B7F7070003C70701411141
:1035680006C622C426C24AC0A547631AF700953783
:10357800B240224492440249014541018280139499
:103588002500AA843289A286AA850146254597D0B6
:10359800FF1FE78040F2A2864A86A685294597D074
:1035A800FF1FE78040F1E9B71D71494697250200E2
:1035B800938545D8172502001305C50086CE97D0F8
:1035C800FF1FE780C03901E9172502001305C5D799
:1035D800EF00723401A0B7F600E0795798CAFD579A
:1035E800DCCA0567B7E700E023A0E7101306F0027E
:1035F80090C223A0E7180F10000017E7FF1F13075A
:10360800678223AEE1864157A38AE7401306000488
:103618008145080897D0FF1FE780003097F7FF1F04
:10362800938707ED3EC8896793870780231AF100BF
:103638009D673ECCB7070105938707103ECEED473F
:103648002310F10285472301F102970700009387B1
:1036580027D7BEC297070000938727F0BEC48567A7
:10366800938757D12312F10297F7FFFF9387476893
:103678003ED8B7F5070097070000938727D63EDCAA
:10368800814697070000938747D33000E105194525
:103698003EDE97D0FF1FE78000E218088147994671
:1036A80030003E960346060085070507A30BC700B2
:1036B800E398D7FEC24791C70357410185676373F3
:1036C800F70001A08307410263D707049307800826
:1036D800F3B7078093F787083EC40F100000B717A9
:1036E8000040130770052380E704130780FA23803E
:1036F800E7040F100000B847B70610001367071853
:10370800B8C79853558F98D323800704A247F3A7C7
:1037180007800F1000000808EF10802FAA8501C944
:1037280017250200130585C3EF00520D01A0F640CE
:1037380025618280411117050000130545D106C691
:1037480022C4EF102029138401882300A40019281B
:10375800034504002244B240130600328965410142
:103768006F007040797106D613078008F337078019
:1037780093F787083EC20F100000B7170040930563
:1037880070052380B704130680FA2380C7040F103E
:10379800000083C6F70293F6A60FA387D7022380FB
:1037A80007049246F3A606800F10000073370780BF
:1037B800137787083AC40F1000002380B7042380CA
:1037C800C7040F10000003C7F70213672700A38779
:1037D800E70223800704A247F3A707800F10000021
:1037E8000545EFE09F93C13E814701478146054665
:1037F80085451305407EEFE03F97680051468145B7
:1038080097D0FF1FE7804011B707C0A83EC8B78709
:10381800E803938707D03ECA680097D7FF1F9387AE
:1038280047BA3EC6EF10A052B250456182800111DE
:1038380022CC06CE11472A846318E50203C7250067
:103848009547631DF70083D7A50013060064A145BB
:1038580003C5C1892394F188EF00F03023A681883D
:10386800F2406244056182809387C1889C43639AD1
:10387800E7048547894503C5C1892304F100EF00A2
:10388800F058854503D58188C53C854503D5818891
:10389800EFF0CFF6930500020D45EF205072930527
:1038A80000021145EF20B0719D65938505530145D0
:1038B800EF20F0703000854513055030EF70F109A6
:1038C80071BF09476390E7048D47631DF50283C7FD
:1038D800018981C72388018851B7EF20D019930740
:1038E8000002E31DF5F68547930500640D452304A2
:1038F800F100EF20D06C930500641145EF20306C87
:10390800814575B78547E31BF4F42C001305403057
:10391800EF70E1702C000545EF40107F8347D10020
:103928003000A145A307F1008347C10001452306E4
:1039380001002307F1008347B100A3050100A30696
:10394800F100EFF07F8A19BF85476310F50293876E
:10395800C188984391476312F7021966130606DC7B
:10396800914503C5C1896F00102089476317F50089
:10397800914503C5C1896F00704982808547631FDF
:10398800F5009387C188984391476316F702130699
:10399800007D894503C5C1896F00F01C89476317FD
:1039A800F500894503C5C1896F0050468D476314EA
:1039B800F50023990188828041119397050122C45B
:1039C80006C626C24AC0C1872E8463DF070003C526
:1039D800C189712E11C1D92C2165218DB240224493
:1039E800924402494101828093F7150091CF17E66E
:1039F800FF1F1306667E9385019A03C5C189EF7080
:103A0800214213451400D9BF93F72500C5C79387F2
:103A1800C188984391476319F708014781462546AD
:103A2800ED4503D58188EF50505E23ACA1881389FA
:103A3800418925C59384218283C70400230005009A
:103A48000905A30FF5FE83274900CA851D8D137547
:103A5800F50F239BA18803D58188EFF09F8D09C5B9
:103A6800ED454A85EF50307283D72189A9072399FC
:103A7800F18883C7040013070005850793F7F70F3C
:103A88006387E7022381F18203C72182BD67B3C739
:103A9800E7022393F1822392F1821306007D894580
:103AA80003C5C189EF00300C1345240005BF9307F7
:103AB8009004C9BF93F7450085C79387C188984389
:103AC8009147631CF700EFF00FD11966130606DC67
:103AD800914503C5C189EF00100913454400FDBD98
:103AE80093F785000145E38B07EE83C7C189130768
:103AF800803E85461306000AD14503D58188EF70BC
:103B0800812D13458400D9BD011117050000130547
:103B1800E5EA06CE22CC26CAEF00D06B9384C18991
:103B280005442380A4007000854513055030230602
:103B38008100EF70816217E6FF1F1306A66ACD4564
:103B480013057030EF70616117E6FF1F1306866674
:103B5800A54513056030EF7041607000914513056D
:103B6800704023048100A305810002C6A30401005C
:103B780023050100EF60E11630008545130500407C
:103B8800EF60211613069100854513051040EF607C
:103B980041151306A100854513052040EF60611407
:103BA8001306B100854513055040EF60811389471E
:103BB8007000854509452306F100EFF0EFF59947B8
:103BC8007000854505452306F100EFF06FBD7D5572
:103BD800EF50F00B7D55EF7090527D55EFF06FEF81
:103BE800EFF00FDFEFF0AFB817E6FF1F1306465DE3
:103BF800D5450145EF50407817050000130545D815
:103C0800EFF02FF117050000130545D4EFF0EFB8DA
:103C180003C504008545992BF2406244D2440561EE
:103C2800828041111305800406C697C0FF1FE780F4
:103C38008047371700408327870A8D4513050020E2
:103C480093E707202324F70AEFE0BFF8EFF06F931C
:103C58001725020013050597EF00E24BEFF0DF94FC
:103C6800D13CEF7071014D3597C0FF1FE780407858
:103C780023AC05FE1C4191E7010001000CC18280C4
:103C8800BA8703A787FF6DFF23ACB7FE8280184170
:103C980083A785FF6319B7001CC1FD5723AC05FE38
:103CA800238FF5FE8280232CF6FEC5BF411122C466
:103CB80037E400E026C204403707200006C6F98C26
:103CC8002320E4180F10000009E92320941015455B
:103CD800B24022449244410182800347E5FF9307A2
:103CE800F00F6306F700232094101145D5B797D03D
:103CF800FF1FE780607B014523209410D1BF41114D
:103D080026C2B7E400E04AC003A90400B7072000B0
:103D180006C622C43379F90023A0F4180F10000056
:103D280009E923A02411B2402244924402494101E6
:103D380082809565938505D0C98D2A842105C205A1
:103D48004205C181418197D0FF1FE780C06601CD40
:103D5800FD5723200500231285002303F50023A027
:103D680024112105C9B723A0241101456DBF0111F4
:103D7800B7E700E04AC803A907004EC63707200086
:103D880006CE22CC26CAAA893379E90023A0E718EF
:103D98000F10000097070020938747FA804381445B
:103DA800014619E499E8A1654E85EF00300605A0A3
:103DB8008347E4FF6399370385CCA6851705002060
:103DC8001305C5F7E93565D0A1654E854526F2404E
:103DD8006244B7E700E023A0271126854249D24470
:103DE800B2490561828091E02286032484FF55BF91
:103DF800A284E5BF41114AC037E900E022C4032488
:103E080009003707200006C626C2798C2320E91846
:103E18000F10000089E523208910154515A0AA84F4
:103E28009707002083C7D7F12E8563F5F4008947EB
:103E380063EE9700A53DB7E700E023A087100D4586
:103E4800B2402244924402494101828083A785FFFF
:103E580099E703C7E5FF9307F00F6308F700B93543
:103E6800B7E700E023A087104DBF238F95FE170505
:103E780000201305A5ECED3BA1652685C52C014561
:103E88002320891075BF9707002023A907EA82809D
:103E980097070020938707F09C4399E33E8582802B
:103EA80003D727006316B70003C70700E308A7FE78
:103EB800DC47E5B7A5C1011106CE22CC26CA814749
:103EC800C14633D7F540058B29C312053E953147C6
:103ED8003305E50217070020130707F004430544DC
:103EE8003314F4002EC642044180AA949C40C84072
:103EF8008297B24523A0040023A20400A18DF240BA
:103F08006244D2442E85056182808507E39BD7FAF7
:103F18000144EDB72E858280C9C1797122D406D6B5
:103F280026D24AD04ECE01444147B3D78540858B2F
:103F3800A5C31205314722953305E50297070020EE
:103F4800938787E903A907008544B3948400C204D2
:103F5800C180BE892A990327090011C70325490092
:103F68002EC60297B24531473304E40283A70900FD
:103F78003E941C4489E72320090023220900B250FB
:103F88002254A58D02599254F2492E8545618280AA
:103F98000504E31CE4F88144DDB72E8582804111D5
:103FA800B7E700E022C480433707200006C626C2D0
:103FB800798C23A0E7180F1000009707002093873B
:103FC800A7DD9C539384818299C782979C403E9534
:103FD80023A4A18239A097070020938727DB9C435D
:103FE800EDF78840B74703009387D73F3305F502BD
:103FF800B7A72600938737ECB24092443E9523A496
:10400800A182B7E700E023A0871022444101828003
:1040180001112E8626CAAA84131506019305F004F9
:10402800418122CC06CE32C697D0FF1FE780A03848
:104038002A8419C53246A68597D0FF1FE780A08637
:104048002285F2406244D244056182807971B7E7E3
:1040580000E022D480433708200006D626D24AD072
:104068004ECE52CC56CA5AC85EC662C433740401D6
:1040780023A007190F10000005E123A087100945A8
:10408800B250225492540259F249624AD24A424BDF
:10409800B24B224C4561828097070020938707CF57
:1040A8009C43BA8A368AB28B2E8BAA898297970745
:1040B8000020938767D298433E898144B146C1471F
:1040C800338CD40233068701104241EAC1659385D7
:1040D80005F0414597D0FF1FE780E02D05E19707E0
:1040E8000020938767CB9C5B81C7814511458297E8
:1040F800B7E700E023A087102D4559B797070020A0
:10410800938747C9984331E79707002023A4A7C896
:104118002300050083270900054733179700232646
:104128000500232475012311E50023225501E29798
:1041380023A0370123A2670123A4570163040A00BF
:1041480023009A00B7E700E023A0871001450DBFC0
:104158003E875C47F5FF48C765BF8504E392F4F6E0
:10416800B7E700E023A08710214519BFB7E700E0B3
:104178009843B706200023A0D718758F0F100000AA
:104188009706002083C6D6BB6373D50217060020A6
:10419800130606C093161500084236958356050087
:1041A800D58D2310B50023A0E7100145828023A0F8
:1041B800E7100D458280B7E700E09843B706200076
:1041C80023A0D718758F0F1000009706002083C60C
:1041D80036B76375D50217060020130666BB93161B
:1041E8001500084293C5F5FF369583560500F58DF1
:1041F8002310B50023A0E7100145828023A0E71013
:104208000D458280011137E700E026CA0443B7064E
:10421800200006CE22CC4AC84EC652C4F58C2320B4
:10422800D7180F100000130705FF1377F70FFD4786
:1042380063E5E70AB146B306D502970700209387DE
:10424800A7B9984336971C43C9CB135A4500054470
:104258003D893315A4001314050141802E89528528
:10426800A2853D31AA8929CDA2855285A93797070C
:1042780000209387A7B19C4382979707002083D794
:10428800E7B6338727032A84814613060064B3B749
:10429800270313050732B335E500BE95EFF031115A
:1042A800B3078500970600209386C6B33E87D4429D
:1042B80063E4A70063E4D7003387D74023A4E90069
:1042C800B7E700E023A097100145F2406244D244CA
:1042D8004249B249224A05618280B7E700E023A03B
:1042E80097100945DDB70111B7E700E026CA8443F6
:1042F8003707200006CE22CC4AC84EC6F98C23A028
:10430800E7180F100000BD4763E9A70431473307DA
:10431800E50297070020938727AC9C43BA979C43F4
:104328008DCF05443314A400420441802E890145F1
:10433800A285B93EAA8911C5A2850145AD3D23A430
:104348002901B7E700E023A097100145F240624435
:10435800D2444249B24905618280B7E700E023A010
:1043680097100945E5B779714AD037E900E026D2B8
:1043780083240900B707200006D622D44ECE52CC9B
:1043880056CA5AC85EC6FD8C2320F9180F100000C3
:104398009707002083C7D79A637AF500970700200C
:1043A8009387C79E83AB070063970B00B7E700E0CE
:1043B80023A09710A9A0170B0020130BABA2832AE8
:1043C8004B00B74736FE938707C82E8A970500200B
:1043D80083D5C5A1BE9AB387C5022A84B28981460E
:1043E800B3B5C50213850732B337F5001306006469
:1043F800BE95EFF0C17B63F0AA0223209910014516
:10440800B250225492540259F249624AD24A424B5B
:10441800B24B45618280829B9705002083D5059D1C
:10442800B38735032A89130600648146B3B535037B
:1044380013850732B337F500BE95EFF04177B30720
:1044480025013E8903274B0063E4A70063E4E700E6
:104458003389E740D2852285253C09C923242501D3
:10446800B7E700E023A09710054559BF936504F00E
:10447800C205C181414597D0FF1FE780C0F319E904
:1044880097070020938747919C5B8DD3A2851145A0
:10449800829729BF970700209387C78F9C4385E79A
:1044A8009707002023A8A78E8547232605002324E5
:1044B80025012311450123008500A300F5002322CF
:1044C800050079BFBA87D84775FFC8C7F1BF7971AA
:1044D800B7E700E026D284433707200006D622D467
:1044E8004AD04ECE52CC56CA5AC85EC662C466C2BC
:1044F8006AC0F98C23A0E7180F1000003DC14144A1
:10450800B689B28A2E8A2A89B14C170B0020130B60
:10451800AB8C054D130C0003B30B940303270B005E
:104528005E971C43A5E39375F400B315BD001355BE
:104538004440C2055686C1811375F50F2D3539C122
:1045480083270B00DE9723A0270123A2470163845A
:10455800090023808900B7E700E023A097100145F0
:1045680021A023A097100945B25022549254025911
:10457800F249624AD24A424BB24B224C924C024D0B
:10458800456182800504E31984F9B7E700E023A0B8
:1045980097102145D1BF0111B7E700E026CA84432F
:1045A80022CC4AC84EC63707200006CE2A84AE89D8
:1045B8003289F98C23A0E7180F1000006D3322858B
:1045C800CE85EFF0FF8C2A8405C59705002083D59A
:1045D800E581B3872503130600648146B3B5250337
:1045E80013850732B337F500BE95EFF0415C48C03C
:1045F80013351400F2406244B7E700E023A0971097
:104608004249D244B2490E05056182800111B7E7DB
:1046180000E04AC803A9070022CC4EC6370720008D
:1046280006CE26CAAA892E843379E90023A0E71882
:104638000F100000EFF0DF85AA8419C123110500CF
:10464800A2854E858D3E97F7FF1F83C7676F639BD3
:10465800370197F7FF1F83D727735D8C97F7FF1FE5
:1046680023948772B7E700E023A02711014591E062
:104678001945F2406244D2444249B24905618280F8
:1046880001114AC837E900E022CC03240900B70722
:10469800200006CE26CA4EC67D8C2320F9180F109E
:1046A80000009307F00263E8A704B147B304F502DA
:1046B80097F9FF1F9389497283A70900A6979C431E
:1046C8009DCB9377F5008545B395F500C205C1816B
:1046D80011812D3F83A709000145A69723A0070054
:1046E80023A2070023208910F2406244D2444249A1
:1046F800B24905618280B7E700E023A08710094529
:10470800E5B74111B7E700E026C2844306C622C4D4
:1047180037072000F98C23A0E7180F100000EFF0EE
:104728002FF719E90145B2402244B7E700E023A07A
:10473800971092444101828097F7FF1F938707657E
:104748009C430045829797F7FF1F9387A769636883
:10475800A402D843B74636FE938606C83305A4405C
:104768003697E371E5FC13070064B335E50203D619
:10477800870081463305E502EFF061436DB7D84302
:104788003A94C1BF411122C426C217F4FF1F130473
:10479800646597F4FF1F9384A45A9448584097F788
:1047A800FF1F9387A75E06C69C436393E60882971C
:1047B8005440B74736FE938707C8B6973387A70094
:1047C8003A856364F7006364D7003305D74097F4EC
:1047D800FF1F9384247ADC5081CF970700209387AA
:1047E800278194433707CDFF7D179C46F98F9CC6D8
:1047F80011E1484097F7FF1F9387075ADC538297C8
:1048080019E5DC508DC3EF00310AEFF0305ADC5067
:1048180099CB97F7FF1F9387A77D9843B706330077
:104828001C47D58F1CC7B240224492444101828064
:10483800829794485840B387A6003E8563E4D70022
:10484800E3E7E7F83385E74059B7411106C697F71C
:10485800FF1F23A7A7580295B24097F7FF1F23AD64
:10486800A74E014541018280994763E9B7008A054F
:1048780097F7FF1F9387874FBE9588C1828097F768
:10488800FF1F23ADA75411C5854717F7FF1F230E38
:10489800F74E828041117146814517F5FF1F1305B8
:1048A800E54C06C697F7FF1F23A6074E97F7FF1F8D
:1048B80023A8075297F7FF1F23AA074C97F7FF1F54
:1048C8002385074C97F7FF1F23AA075097C0FF1FA0
:1048D800E780800413068002814517F5FF1F130542
:1048E800254697C0FF1FE7802003EF60B14297F786
:1048F800FF1F9387674A03C5C70383C7D703854547
:104908003E958D473305F50239051375F50F97F771
:10491800FF1F2388A74299473305F502130505248D
:1049280097D0FF1FE78020A917F7FF1F2326A74A64
:1049380059CD994717F6FF1F0346A6403306F602DE
:1049480081451306062497C0FF1FE780E0FC97F710
:10495800FF1F938767489C439387072417F7FF1F18
:104968002324F74017F7FF1F0347A73D0A07BA9705
:1049780017F7FF1F232EF740EFF0EFD0E12997F745
:10498800FF1F9387673E944397F7FF1F83C7573BE3
:1049980013972700369717F6FFFF1306265810C3FC
:1049A800138717001377F70F0A07369717F6FFFFD5
:1049B8001306865010C313873700890793F7F70F3C
:1049C8008A0797F5FF1FA38DE536B69790C3B240C7
:1049D8004101828097F7FF1F83C7973617F7FF1F9C
:1049E8000347273663F3E70217F7FF1F1307C73795
:1049F80018439386170017F6FF1FA303D634939620
:104A08002700369708C33E8582809307F00FE5BFDD
:104A18001C416384071641777D8FB70600208947BC
:104A2800631ED71403574500630A0714411122C4B3
:104A380019462A849305F00F610506C697C0FF1F23
:104A4800E78080F805478D476304E5121C4481CB55
:104A580058589947630E0710185C630B0710130624
:104A68000004814517F5FF1F1305053397C0FF1F85
:104A7800E78080EA13060004A28517F5FF1F1305D7
:104A8800A53197C0FF1FE78000E297F7FF1F83D784
:104A9800673117F7FF1F1307273099E793070010AF
:104AA80097F6FF1F2390F63097F7FF1F83C7A72FAE
:104AB80091E7854797F6FF1F2387F62E97F7FF1F85
:104AC80083D7872E91E7ED4797F6FF1F239EF62C95
:104AD80097F7FF1F83C7372D91E7954797F6FF1F75
:104AE800A383F62C97F7FF1F83C7272C91E78547E9
:104AF80097F6FF1F238BF62A97F7FF1F83C7F72A1E
:104B080099E78347F70097F6FF1FA380F62A97F7E0
:104B1800FF1F83C7B72981CF93F63700898317F61C
:104B2800FF1F2309D62A97F6FF1FA385F62A97F7B2
:104B3800FF1F83C7A72791E7D54797F6FF1F23874E
:104B4800F6268347640199E79307C00397F6FF1F8A
:104B5800238FF6241C5791C7829797F7FF1F239539
:104B6800A71EFD5717F7FF1FA30AF74E25338147E6
:104B7800B24022443E854101828089473E85828039
:104B880001114EC697F9FF1F9389C92583A709000C
:104B980006CE22CC26CA4AC852C48297130900649A
:104BA800B335250303DA8900814652863305250388
:104BB800EFE0F17F97F7FF1F93878718804FAA844C
:104BC80001456306940233858440636E940003A50F
:104BD800490052868146B335A9023305A902EFE0A0
:104BE800117D018D269597F7FF1F23A79716F24091
:104BF8006244D2444249B249224A05618280011185
:104C080022CC0A852E844146970502009385456883
:104C180006CEEFF04133180806043A94035504FF12
:104C280097F7FF1F83D7A71CF2406244AA9737451E
:104C38000F00130505243355F5020561828097F7A7
:104C4800FF1F83D7C71A51471D45637CF702794771
:104C580019456378F7021307200315456373F702B4
:104C68001307B0041145637EF700130740060D458E
:104C78006379F7001307600909456374F70013B5F2
:104C8800B70F8280011122CC06CE2A842EC6EFF0FF
:104C98000FB1B245F240818D33A5A5022295624439
:104CA8001375F50F05618280011122CC06CE2A8486
:104CB8002EC6EFF0CFAEB245F240818D33A5A502E6
:104CC800229562444205418105618280011122CC0E
:104CD80006CE2A842EC6EFF08FACB245F240818D05
:104CE80033B5A502229562440561828097F7FF1FBC
:104CF8009387870A985739CB411122C426C206C622
:104D0800BE84029717F7FF1F035707042A8415CBA1
:104D1800BA876373A700AA87C207C183BA86637379
:104D2800E400A286C206C182958F5147635BF700F3
:104D3800DC5491C38297EF00E11F97F7FF1F23957B
:104D48008700B2402244924441018280828097F7D2
:104D5800FF1F23A3070A97F7FF1F9387E703DC5773
:104D6800011106CEAA8581C72AC68297B245CDC150
:104D78009C410545D9CBDC41C9CB83D78500D1C738
:104D880083D7A500D9C3514617F5FF1F130585051D
:104D980097C0FF1FE78020B197F7FF1F238A0704FA
:104DA80097F7FF1F938707049C4317F7FF1F232FCD
:104DB800F7FC97F7FF1F83C797FF8DE79307805787
:104DC80017F5FF1F035585023305F50237460F0017
:104DD8001306062481468145EFE0715D97F7FF1FB2
:104DE800A387A7FC17F7FF1F034777FCA54763E7CF
:104DF800E700A94717F7FF1FA30BF7FA17050000ED
:104E0800130545D8EFF07FA40145F2400561828083
:104E180097F7FF1F23A407F497C7FF1F938767F728
:104E280017F7FF1F2320F7FC7D5797F7FF1F23ADC8
:104E3800E7FAB7873200938727A197F6FF1F23A7C2
:104E4800F6FA97F7FF1F238507FAB7C7004023A490
:104E5800E726B9B7011122CC17F4FF1F1304C4F3D6
:104E6800084406CE26CA4AC801E90545F24062440C
:104E7800D2444249056182805C58E5DB185C75D7ED
:104E88007000854582971844B247E300F7FE930502
:104E9800E00417F5FF1F0355E5F097C0FF1FE780F3
:104EA800805117F7FF1F232DA7EA61D117F6FF1FBF
:104EB800035646EF9305F00F97C0FF1FE780C0A584
:104EC800814417F9FF1F1309A9E797F7FF1F83C745
:104ED80087ED0326090263C1F402328597C0FF1FDC
:104EE800E780805C014597F7FF1F23AB07E697F73C
:104EF800FF1F23A907E69DBF97F5FF1F83D585EA06
:104F0800B38795020844185C898185043E9508C2D8
:104F1800029765BF011156C297FAFF1F938ACAE725
:104F280083A78A0022CC4AC84EC606CE26CA52C4D7
:104F38005AC0AA892E8432896386072203A74A03A6
:104F4800630907141307F01F6367A71497F4FF1F7B
:104F5800938404DF03AA040263170A0A95659385FC
:104F680015E017F5FF1F0355E5E397C0FF1FE7801E
:104F7800804497F7FF1F23A5A7DE2A86630B051039
:104F880083A74A0303A58A0097F5FF1F83D585E108
:104F98008981829783A78A0003AA040217F7FF1F53
:104FA8002322F7DC8947639CF908C1476313F40E91
:104FB80097F5FF1F83D505DF938505FC9147B3C59A
:104FC800F5028A05D29503C725009307A005631E3D
:104FD800F70A83D70500639A370B4A85228691051D
:104FE80097C0FF1FE780208C9C505285639347151C
:104FF8000145F2406244D2444249B249224A924AA7
:10500800024B05618280D850E38EE7F89565938559
:1050180025E017F5FF1F0355E5D897C0FF1FE78068
:1050280080392A8A3DC52A8683A74A0303A58A00B0
:1050380097F5FF1F83D505D789818297A5B78D4737
:10504800639DF900C1476316F40497F5FF1F83D5E4
:1050580065D5938545FDF199B5B79147639AF900F0
:105068006319340397F5FF1F83D5C5D3A115E5B799
:1050780093070010639FF900A14763EC870097F539
:10508800FF1F83D525D2C115F9B79C505285639669
:10509800470D2945B9BF1D6A568B6371450B130A25
:1050A80005E01947334AEA0217F7FF1F035787CF6E
:1050B80097FAFF1F938ACAC8330AEA023E9A83A75F
:1050C8004A026395470183A40A029DE49305E0041C
:1050D80017F5FF1F035505CD97C0FF1FE780A02DCB
:1050E800AA8445D983274B0397F5FF1F83D585CB22
:1050F8002A8689815285829791451307A00589815F
:1051080093972500A69783C627006393E60483D662
:105118000700639C360385058A052286A6954A857D
:1051280097B0FF1FE780207883A70A02E38297ECF5
:10513800268597C0FF1FE78020375DBD2167791757
:10514800E369A7F4330A454185B783C5370045BFEE
:1051580083A70A02E38F97F2268597C0FF1FE7808F
:10516800A03405BF97F7FF1F938787BD8C5395D150
:1051780091479306A0058983139727002E97034626
:105188002700E318D6F003560700631C360185078D
:105198008A072286BE954A8597B0FF1FE780A070D0
:1051A80081BD83473700C1BF97F7FF1F9387C7BEED
:1051B800984739C79C5FA9C705476313E5044111A0
:1051C80022C417F4FF1F1304A4B7105006C60DC657
:1051D800485097F5FF1F83D5E5BC89818297085011
:1051E80097C0FF1FE780402C97F7FF1F23AA07B639
:1051F80097F7FF1F23A807B6B240224441018280D7
:105208008280011117F7FF1F130707B94EC68329BC
:10521800870022CC26CA4AC806CE52C456C2AA84DF
:105228002E843289638B09201C5FBA8A99EB294541
:10523800F2406244D2444249B249224A924A056144
:1052480082805C5BEDD79307F01F63EAA70E97F99E
:10525800FF1F9389E9AE83A70902B1CB03A58A0092
:1052680083A749026395A70689476393F408C14752
:10527800E31FF4FA17F5FF1F0355C5B2914713054D
:1052880005FC3345F5029317250003A5090222867C
:10529800CA853E959307A0052301F50023109500C4
:1052A800110597B0FF1FE7800060014551B79305CE
:1052B800E00417F5FF1F0355E5AE97C0FF1FE78011
:1052C800800F97F7FF1F23ADA7A849F98DB783A7CC
:1052D8004A0303A6090297F5FF1F83D5A5AC898168
:1052E800829783A78A0017F7FF1F232DF7A6ADBF64
:1052F8008D47639EF400C147E31BF4F217F5FF1FC7
:10530800035545AA130545FD9377C5FFBDBF9147D2
:10531800639AF400E31D94F017F5FF1F035585A861
:105328002115DDB793070010E393F4F0A147E3E0FC
:1053380087F017F5FF1F0355E5A64115F1B79D67DF
:105348006379F506930705E01947B3C7E70217F72E
:10535800FF1F035727A517FAFF1F130A6A9EB38773
:10536800E702BE9983270A02A1CF83274A026399DD
:10537800370703250A0291461308A0059305F00F85
:1053880093D72600139727002A9703462700631F01
:105398000607835807000346370063959806B30647
:1053A800D64063CF860485078A072286CA853E953C
:1053B800CDBD21677917E36CA7E6B307F54041BF78
:1053C8009305E00417F5FF1F0355C59D97C0FF1F00
:1053D800E78060FE97F7FF1F23A4A79859F581BDC2
:1053E80083A74A0303260A0297F5FF1F83D5859BE7
:1053F80089814E85829797F7FF1F23A5379795BF19
:105408002310B70093160601C1829DBFB38586009D
:1054180017F6FF1F035606999105130606FCE36865
:10542800B6E013063400719A1106B29623010701FB
:1054380023109700A301D700BDB797F7FF1F9387E5
:1054480027909453BE89A9C203A50902914613085F
:10545800A0059305F00F93D72600139727002A97E6
:1054680003462700631806058358070003463700DC
:1054780063989800B306D640E3D786F22310B700A6
:1054880093160601C182C1BF8357C70017F5FF1FD6
:10549800034565919305E0043305F5024205418112
:1054A80097C0FF1FE78020F197F7FF1F23AAA78A5D
:1054B80041FDB5BB17F6FF1F0356C68E97F5FF1FB4
:1054C80083C5658EB385C502338686001106E3E081
:1054D800C5D681BF01458280011106CE2EC6EF8058
:1054E800006F01C9B245F2400355250005616FC040
:1054F800700CF240494505618280A384018C2384A5
:10550800018C23A8018A23AA018A23AC018A23AE2D
:10551800018A23A6018A23A4018A97F7FF1F93878C
:10552800E78F930640382391D702F1761307400B93
:10553800938606B82391E7002392D70211679D4608
:10554800130600059305000A1305007D2392E70062
:105558002393D70241478546130810F82395E7009F
:105568002396E7002399E700239AE700239BE700A7
:10557800239CE7002394E702239007002393B700B6
:105588002394B7002397C7002398C700239DA7003B
:10559800239E0700239F0700239007022395D70225
:1055A80023960703239707029308F0072398070217
:1055B8002392E7042393E704239FE7042390E70655
:1055C8002391E7062392E706239917031307C01CC4
:1055D800239AD702239BD702239C0702239D070205
:1055E800239E0702239F0702239007042391D704D1
:1055F80023940704239507042396D7042397C70405
:105608002398C7042399A704239A0704239B070414
:10561800239C0704239DC704239EC7042393A7063E
:105628002394070623950706239607062397B706AC
:105638002398B70623990706239AE7065147239D1F
:10564800E7067D57239B0706239C0706239ED7065C
:10565800239F0706239007092391E70882800111F9
:1056680026CAAA84214522CC06CE2E8432C636C448
:105678003AC2EFE0CFE81DC9A24612473246930767
:1056880000FD2300F5009947A30095002301F500CC
:105698002303D500A303E5002312C500AA852285AC
:1056A8006244F240D24405616FE0CFF4F2406244B4
:1056B800D2440561828023A8A18A828023AAA18A74
:1056C800828023ACA18A828023AEA18A82800111C4
:1056D80022CC4AC806CE26CA2A890144B3048900C6
:1056E8006368B400F2406244D24442490561828052
:1056F8002EC6EFE0DF8A93170501C183A183B24567
:105708002380F4009307140093F7F70F850463F9D7
:10571800B700CA9709042380A7001374F40F7DBF4C
:105728003E847DBFC16717E5FF1F0355856DFD17D3
:105738006304F502411117F6FF1F0346268293857D
:10574800018C06C6EF804026B240FD5717E7FF1FC1
:105758002319F76A41018280828009C925151375CA
:10576800F50F1335850E134515008280014582809B
:1057780023900500C9C6797122D426D24ECE52CCC8
:105788005AC806D64AD056CA5EC63684328AAE8908
:105798002A8B814463F34407B307940083C7070047
:1057A800138914004209939A070193DA0A011359DD
:1057B800090163840A04CA976341FA04B307240100
:1057C80083CB07005E85513F0DC99387FAFF23906D
:1057D800F90063906B03130519002295B250225407
:1057E80092540259F249624AD24A424BB24B45613D
:1057F8008280D694C204C18071BF0145C5B70145F6
:105808008280411126C2AE8422C497E7FF1F23A1DC
:10581800C76097E7FF1F23ABB75E97E7FF1F23A576
:10582800A75E2A8441469305F00F26854AC006C61E
:10583800054997B0FF1FE78020196310250597E7F2
:10584800FF1F9387A75B884BC14551354146930598
:10585800F00F228597B0FF1FE78000178544631873
:105868009502224497E7FF1F93874759B240924415
:105878000249C847C145410199BD41468145268530
:1058880097B0FF1FE7804014E31225FD4DBF414646
:105898008145228597B0FF1FE7800013E30395FC3D
:1058A800B24022449244024941018280411122C4FB
:1058B80026C22E84AA8413060002814517E5FF1F1D
:1058C8001305C55306C697B0FF1FE780E00497E7A6
:1058D800FF1FA386975297E7FF1F23838768EFC0B0
:1058E800604F854719C181474945B240224417E7AF
:1058F800FF1F2305F750924441018280814781CDE3
:1059080019C98547631BF50083C7550093E707FC52
:10591800A382F50085473E85828089476317F50095
:1059280083C7550093F7F703E5B70D478547E31499
:10593800E5FE03C755001377F70313670704A3822F
:10594800E500D1BF81478DC105C103C75500930646
:10595800000C85471377070C6308D70093060004EB
:105968008D476303D70089473E858280411122C451
:10597800005D06C626C21DC8AA84085009C597C07E
:10598800FF1FE78060B2485009C597C0FF1FE78036
:10599800A0B1085409C597C0FF1FE780E0B0228571
:1059A80097C0FF1FE78040B023AC0402B2402244F6
:1059B80092444101828009ED97E7FF1F83C727447E
:1059C80017E5FF1F1305054581CB1385018A8280E2
:1059D80017E5FF1F13050544828017E5FF1F0345E0
:1059E8000542828097E7FF1F93874741C847828017
:1059F80097E7FF1F93878740884B828097E7FF1FB1
:105A08009387C73FDC4B8843828097E7FF1F9387C4
:105A1800E73ED84B1C4385071CC317E5FF1F03450A
:105A2800153E9307F00F6305F50091656FE00FF4DD
:105A38008280011122CC06CE2E8432C6EF80E02966
:105A48009147B245631FF5009387C18B9C438DC373
:105A580003A30700630E030022856244F240056138
:105A680002839387418B9C4381C703A34700DDB71B
:105A7800F2406244054505618280011122CC2A84E6
:105A88000355450006CE26CA4AC84EC6EF80000315
:105A980035C52A89834405008349C500C13D4A8527
:105AA800EF80206303554400EF80601E83C7818C1C
:105AB800B1CB6399970483C5918C2685EFF0DFA15C
:105AC80019E12384018C03554400EF80002191479C
:105AD800631FF5000357440097E7FF1F83D767321A
:105AE8006317F700FD5717E7FF1F231CF730F24035
:105AF8006244D2444249B249056182808149930493
:105B0800F00F6DB79307F00FE38FF4FA8346640044
:105B180003564400034524004E87A685893665B799
:105B280079715EC6AA8B2E8552CC56CA5AC806D63B
:105B380022D426D24AD04ECEAE8A328B368AEF7025
:105B4800F0777DC1045D2A89E5C09C50614599C301
:105B5800130540039C5481C75105420541816305E3
:105B68000A00710542054181DC5081C75D05420587
:105B78004181EFE0CF982A8445C96146814597B0B5
:105B8800FF1FE78060D997E9FF1F83C9292C639419
:105B9800090083490900930700FD2300F400A94781
:105BA800A30074012301F400230364018C50231221
:105BB80054011305840191C908C47146930A44032A
:105BC80097B0FF1FE78020CE56858C5491C948C4F2
:105BD8005146930A450197B0FF1FE780C0CC568510
:105BE800630C0A0008C87146D285930AC50197B0AC
:105BF800FF1FE78040CB5685CC5099C548C85D4605
:105C080097B0FF1FE78020CAA2854E85EFE08F9EE0
:105C18002254B2509254F249624AD24A424BB24B91
:105C28004A850259456199B3B25022549254025997
:105C3800F249624AD24A424BB24B45618280011115
:105C48004EC6AA892E854AC806CE22CC26CA2E89D7
:105C5800EF70D06621C997E4FF1F83C4241F99E021
:105C6800834405001945EFE08F892A8405CD8145D5
:105C7800194697B0FF1FE78020CA930700FD23004D
:105C8800F400B947A30034012301F40023122401CE
:105C9800A2856244F2404249B2492685D244056150
:105CA8006FE04F95F2406244D2444249B2490561DF
:105CB800828039715ECEAA8B2E8526DA4ED652D4D2
:105CC80056D25AD006DE22DC4AD8AE84328BB68A47
:105CD8003A8ABE8942C6EF70705E21CD2A89414555
:105CE800EFE0EF812A8431C54146814597B0FF1F17
:105CF800E78080C217E5FF1F0345451519E10345F5
:105D08000900930700FD2300F400BD472301F400B8
:105D1800B247A30074012312940023046401A3046E
:105D2800540123054401A30534015CC4A285EFE0B6
:105D38006F8CF2506254D2544259B259225A925A34
:105D4800025BF24B21618280797126D2AA8439459F
:105D58004AD04ECE06D622D42EC6B2893689EFD086
:105D68001FFA21C1B2459307000D2310F500B14772
:105D78002A842312B5002301F500CE85190519469A
:105D880097B0FF1FE78020B223062401A285225482
:105D9800B2500259F24913F5F40F925445616FE07D
:105DA8006F85B250225492540259F249456182805B
:105DB80017E7FF1F0347B7049307F00F630DF706B4
:105DC800411126C2AA84394522C406C64AC0EFD06A
:105DD8001FF32A8439C9930700FD2300F500A300A7
:105DE80095002301050097E5FF1F9385A5020D0582
:105DF800194697B0FF1FE78000AB17E9FF1F13098B
:105E0800E9FF83578900A28517E5FF1F034535FF82
:105E18002315F400834719002306F4002244B240F6
:105E28009244024941016FD0FFFCB240224492449F
:105E3800024941018280828001115AC02A8B314572
:105E480026CA4EC652C456C206CE22CC4AC8AE8412
:105E5800B28A368ABA89EFD09FEA35CD2A84268558
:105E6800EF70D04511C50347C500A1476314F70477
:105E780017E9FF1F0349B9F8930700FD2300F40051
:105E88009D47A30064012301F40023129400231307
:105E980054012314440123153401A2856244F240BD
:105EA800D244B249224A924A024B4A854249056184
:105EB8006FD05FF417E9FF1F0349990AE31E0BFA35
:105EC800938741969C439C47C5DBCE865286D685F0
:105ED8002685829755B7F2406244D2444249B24976
:105EE800224A924A024B05618280011122CC2A84FF
:105EF800214506CE2EC6EFD09FE021C1B2459307BB
:105F080000FD2300F500C5472301F50083C73500D0
:105F1800A301F50083D745002312F50083C7650068
:105F28002303F50083C77500AA85A303F50022851E
:105F38006244F24005616FD0FFEBF24062440561B4
:105F48008280397162CC2A8C594526DA4AD84ED6D5
:105F580052D456D25AD05ECE06DE22DCAE8432C689
:105F680036C4BA8B3E8BC28A468A835901040349D8
:105F78004104EFD0DFD825C93246930700FDA24679
:105F88002300F5009547A301C500A300850123015F
:105F9800F5002A8419461105A9C2B68597B0FF1FD6
:105FA800E780609023066401230A24012315740105
:105FB800231754012318440123193401A28562547C
:105FC800F2504259B259225A925A025BF24B624C31
:105FD8002685D25421616FD0FFE1814597B0FF1F1C
:105FE800E7808093C1B7F2506254D2544259B259F3
:105FF800225A925A025BF24B624C2161828097E7E7
:10600800FF1F83C7C7DF8DCB4111AA8519461385AA
:10601800018A06C697B0FF1FE780E0889385018A4A
:1060280017E5FF1F0345A5DDEFF05F8DB24013852F
:10603800018A41016FB0905A0145828017E7FF1F1E
:106048000347F7DB9307F00F6305F708411126C2F2
:10605800AA84294522C406C6EFD07FCA2A8429C14A
:10606800930700FD2300F500A1472301F500A300D5
:10607800950097E7FF1F938767D883C72700938505
:10608800018A1105A30FF5FE194697B0FF1FE78097
:106098008081A28517E5FF1F034575D6EFD09FD5F0
:1060A80017E7FF1F0347A7D58D47631FF70093879F
:1060B800818B9C4391CB03A3870063070300224491
:1060C800B240924441010283B240224492444101C9
:1060D800828017E7FF1F034787D28D47631AF700AF
:1060E8009387818B9C4389C703A38700E31D03FC27
:1060F8008280797122D406D626D24AD04ECE52CC8E
:10610800094455CD2A89035505002E8A5144EF705C
:10611800F01AAA844DC597E7FF1F83C767E4FD17E8
:1061280093F7F70F05474944637BF7080347C50012
:10613800A1476314F70063140A089C5C4544C1E353
:106148009165938545711305C00297B0FF1FE780DD
:10615800802688DCAA894D443DC11306C0028145CA
:1061680097A0FF1FE780407B83570900938649006B
:1061780036852391F90071469305490036C697A0E4
:10618800FF1FE780407289472380F90003C5C400D8
:10619800B24603560900611597E5FF1F83C505DC64
:1061A80013351500EF8050392A8463060A00D2851A
:1061B8002685EF80E02101C42685EFF02FFB22859C
:1061C800B250225492540259F249624A456182807F
:1061D80097E7FF1F83C7C7D8FD1793F7F70F054742
:1061E8006378F708894751C6011122CC26CA4AC8E4
:1061F8004EC652C406CEAA89368AB2842E89EF705A
:10620800F00B2A84D14729C9485509C597B0FF1F03
:10621800E7808029F1452685EFD09FDF48D4CD4718
:1062280005CD8346C40021478147639FE600630D7F
:106238000A000347A5010356050193062501AA850F
:106248004E85EF80A020AA8703474400630F09000A
:10625800136767002302E400F2406244D2444249D3
:10626800B249224A3E850561828013674700DDB73F
:10627800C9473E8582809307000463EBA70097E730
:10628800FF1F9387A7B906053E9503550500828031
:1062980041657D158280011122CC2A842E8526CA6B
:1062A80006CEAE84EF7090011DCDB7470F009387DF
:1062B800F723094563E4870281450A85414697A08B
:1062C800FF1FE7806065A685231081000A8541804D
:1062D80023018100A3010100EF80B011F240624464
:1062E800D244056182804945D5BF97E7FF1F2388BF
:1062F800A7C682806F80701E797152CC2A8A328537
:1063080022D426D24AD04ECE56CA5AC85EC606D61F
:1063180062C4AE8BB28A368BBA843E89C2894684FF
:10632800EF70C07915C92A8C63140A0213774B00E1
:106338008347450015CF93E727012302FC008DEC26
:10634800631C0902639A090205E8ED9B2302FC001D
:10635800832B8C03639F0B06B2502254925402592C
:10636800F249624AD24A424BB24B224C4561828082
:10637800F59B93E70701D1B793E747002302FC0099
:1063880001CC1C484146A2852324FC0213058C013C
:1063980097A0FF1FE780205163910B02D5D80325F2
:1063A800CC0209C597B0FF1FE7800010F14526858C
:1063B800EFD01FC62326AC0261BFE30B09F8032503
:1063C800CC0209C597B0FF1FE780000EF1454A854A
:1063D800C5B79DC483A70B0299EB91659385357169
:1063E800714597B0FF1FE78000FD23A0AB0203A50E
:1063F8000B0219C57146A68597A0FF1FE780A04A22
:106408006388090283A74B0299EB916593852571EF
:106418005D4597B0FF1FE78000FA23A2AB0203A5F2
:106428004B0219C55D46CE8597A0FF1FE780A047A0
:106438001DC483A78B0299EB91659385157151450E
:1064480097B0FF1FE78020F723A4AB0203A58B02B8
:1064580019C55146A28597A0FF1FE780C044225462
:10646800B2509254F249B24B224CCA865A8602590B
:10647800424BD6855285D24A624A45616FF04FEA4F
:10648800011126CA52C406CE22CC4AC84EC62A8A50
:10649800AE84EF70A06225C5AA893945EFD03F8642
:1064A8002A8431CD17E9FF1F0349499A631409006B
:1064B80003C909009307000D2310F400AD47230119
:1064C800F4009385690013053400194697A0FF1F4F
:1064D800E780603D93F71400858085882306F400E3
:1064E800A306940023154401A2856244F240D244D5
:1064F800B249224A4A85424905616FD0BF8FF240AE
:106508006244D2444249B249224A0561828001115B
:106518004EC652C456C206CE22CC26CA4AC8AA8A39
:106528002E8AB289EF7080592DCD2A891305C002B1
:10653800EFD0EFFC2A8435C597E4FF1F83C404918C
:1065480099E0834409009307000D2310F400E947FC
:106558002301F4009305690013053400194697A038
:10656800FF1FE7804034D285231554011305C4006A
:10657800414697A0FF1FE7800033CE851305C4016D
:10658800414697A0FF1FE7800032A2856244F2408F
:106598004249B249224A924A2685D24405616FD0BF
:1065A8007F85F2406244D2444249B249224A924A23
:1065B800056182809387818A884301CD411106C68F
:1065C80097B0FF1FE78040EEB24023A4018A410143
:1065D80082808280011106CE22CC26CA4AC82EC6E5
:1065E800EF70C04D39CDB24517E9FF1F0349098641
:1065F800AA840CD563140900034905004145EFD06E
:106608000FF02A841DCD9307000D2310F500A54730
:106618002301F50083C75400938564001105A30F77
:10662800F5FE194697A0FF1FE780E0279C54A28536
:10663800F2405CC46244D2444A85424905616FD045
:106648006FFBF2406244D2444249056182801D7169
:10665800A2CC86CE2A842EC6EF70404605CD83464E
:10666800C5001147AA8749456392E6029C5FB24577
:1066780099C383C567012308B100979600009386E4
:10668800266A100889452285EF70504BF64066440B
:10669800256182805145DDBF97E7FF1F83C7478C7F
:1066A800FD1793F7F70F0547637AF704894721CA5F
:1066B800411122C426C24AC006C6B2842E89EF7090
:1066C800E03F2A84D14705C5630809008347450090
:1066D80093E727002302F5004146A68513058401A8
:1066E80097A0FF1FE780201C9C481CD48147B2401C
:1066F8002244924402493E8541018280C9473E8531
:106708008280797122D406D62A842EC6EF70003B87
:1067180001CDB2452285230EB1006C08EF70D04739
:10672800B2502254456182805145DDBF6F70A04F41
:10673800C1671387E7FF6394E5029387418B9C4306
:1067480091EB494582804945B2402244924402492E
:106758004101828003A30700E30503FE0283411180
:1067680022C426C24AC006C6FD172A892E84B284CE
:106778006395F5029387418B9C4391CB9C4381CBD6
:10678800829711E52384218DA384918C75BFA685FA
:106798004A85EFE07FD44DF9F5B72E85EF700032CA
:1067A8005DD1834705000D45E39027FB22852244F0
:1067B800B2400249A685924441016FB0A05F930799
:1067C800000463E2A7064111C16722C406C626C2B7
:1067D800FD172A8409456382F502C547AE84631311
:1067E800F4022E85EFB0006417D5FF1F130505636B
:1067F80006042A94231094000145B240224492448E
:10680800410182809307A0036316F4002E85EFB040
:10681800E05AD9BF9307B003E318F4FC13F5F50F5A
:10682800EFB0005AD1B709458280411106C622C48B
:106838002A84EFE09FCCEF204022EF102062EF4047
:10684800A175814517D5FF1F1305455B1306000287
:1068580097A0FF1FE780400C97D7FF1F9387075A21
:10686800130700F02391E700238207007D5797D78D
:10687800FF1F9387A76E2381E70023808700228567
:106888002244B240954541016F50D03559719397D4
:106898000501CAD086D6A2D4A6D2CECED2CCD6CA2C
:1068A800DAC8DEC6E2C4E6C2EAC06EDEC1872E8957
:1068B80063D1075A17D5FF1F0345456AEFD02FCB81
:1068C8008964416A856A797B2A84938BD4007D1A0E
:1068D800A50A130CABFF1DE021653345A900B6508E
:1068E800265496540659F649664AD64A464BB64B3C
:1068F800264C964C064DF25D656182808347040004
:106908001307200A639DE7000355240097D9FF1F4A
:1069180083C9F94E2286D285EFF0AF9159A21307A9
:10692800100997D9FF1F83C989636398E7188347BC
:10693800140015476390E7022285EFF00F94228533
:10694800EFD0CFB617D5FF1F03454561EFD02FC253
:106958002A8451B73947639BE71803554400631BE2
:1069680055050C4483CC0500639D0C00850591C931
:10697800194617D5FF1F1305E54997A0FF1FE780A4
:1069880080F217D7FF1F0347674785476317F7123A
:10699800638A0C0097D7FF1F238207466685EFF0AE
:1069A8002FC171BF894717D7FF1F2309F744EFB0DD
:1069B800A04271B793872400631AF506832C8400DC
:1069C800638D0C0E83C70C008DE383C72C0003C7AF
:1069D8001C00A207D98F17D7FF1F2315F74283C7BB
:1069E8003C0017D7FF1FA30BF74017D7FF1F03471C
:1069F800E74089476313F70C83C70C0081CB97D70F
:106A0800FF1F238D073E03C50C0051BF8D4797D547
:106A1800FF1F83C5B53E17D5FF1F0355A53E17D7E2
:106A2800FF1F230DF73CEF50F01EF1BF9387540072
:106A38006318F5001C4403C50700EFF02FE001B709
:106A4800B3078501C207C18311476372F70493072F
:106A5800ABFCAA97139707014183F14763F1E7025B
:106A68009387B4006312F5049387018B9C43E388F2
:106A780007EC9C43A285E38407EC82971DA0B70727
:106A880000189387F770B3D7E700858BB9CB938746
:106A9800818B9C43E38507EA9C43E38207EA2285CE
:106AA8008297E31E05E811A89387C4006310F502D6
:106AB8001C4483C70700E38407E89307F00FE380CB
:106AC800F9E8A2854E85EFD0EFB2ADBD9387E4001B
:106AD8006319F5009387418B9C43E38207E6DC4307
:106AE80051BF93871404E301F5F8C1BF3D4763978D
:106AF800E70403554400E30F75FD93879401E30B06
:106B0800F5FC93873401E31AF5FA97D7FF1F83D76B
:106B1800472F639E47019387418B9C43E38107E29C
:106B2800DC43E38E07E0A28513853401B9B7938768
:106B3800C18B9C43E38507E09C43E5B71307E0035B
:106B4800E39DE7F68347240005476397E70E8347ED
:106B58006400938D818AF1E383A70D00D5CB83CCA4
:106B68000700A14903457400130D8400EA85EFE08E
:106B78007FDD83474401A303A4008358040103581D
:106B8800E400035744002A86034534003EC2835775
:106B98002401EA86E6853EC0CE87EFF08FBA8347A8
:106BA800340095E7DD47835804010358E400834621
:106BB8007400835544003EC2835724016A87054602
:106BC8003EC06685CE87EF704028A301A40083A746
:106BD8000D0081C71145EFF0FF9D03C5818CE300CF
:106BE80005D683C5918CEFE03F8FE30A05D4834631
:106BF800340093071003638AF600035644004E8757
:106C080083C5818C3685EFE09FA52384018C05BB65
:106C180097DCFF1F83CCBC1EA9B79387818B9C434D
:106C280097DCFF1F83CCBC1D91498DDFDC439DDBC6
:106C38008145014582973DB729476391E70C834712
:106C48006400138D818AC1E783270D00A5CF83CC0B
:106C58000700A14903457400930684009377250033
:106C6800D1C713761500930D440183470402835856
:106C7800C4010358A40103574400034534003EC22D
:106C88008357E401E6853EC0CE87EFF08FAB83479C
:106C9800340095E7DD478358C4010358A4018346AF
:106CA8007400835544003EC28357E4016E8705464D
:106CB8003EC06685CE87EF704019A301A4008327E4
:106CC8000D0001BF97DCFF1F83CC7C1359B7938756
:106CD800818B9C4397DCFF1F83CC7C129149BDDBE1
:106CE800DC43ADDB814501458297ADB7B68536CE2D
:106CF800EFE05FC5F2462A86B68D85BF0947639DDA
:106D0800E7009387018B9C43E38B07C2DC43E3884E
:106D180007C22285829725B12D476399E70093879B
:106D2800018B9C43E38D07C09C47D5B70D476397FC
:106D3800E70022868D4503554400F9BE194763953F
:106D4800E7069305610213051031EF40412D2C1021
:106D580013052031EF40A12C0356640083578102AC
:106D68000355440063E8C700835684000357610253
:106D780063F7E60093050002EFB0C009C9B6637473
:106D8800E6002313E40063F4D7002314F400035748
:106D9800C4008356A4000356840083556400014848
:106DA8008147EFB0E00661BE1D47E388E7D0314771
:106DB8006395E7002286B145BDBF35476399E70073
:106DC8009387018B9C43E38C07B6DC4789B7394727
:106DD8006396E7002285EF00D00395B63D47639997
:106DE800E7009387018B9C43E38B07B49C4B05B763
:106DF80041476396E7002285EF00900C89B6454726
:106E08006396E7000145EF00701B15BE4947639E76
:106E1800E7009387818B9C43E38107CADC43E38EB9
:106E280007C881450545829749B94D47639DE700E5
:106E38009387818B9C43E38207C8DC43E38F07C6B3
:106E4800A2850945CDB76147E399E7C62286E145A2
:106E5800DDB593F7150081CF9387018B9C4389C7D4
:106E6800DC4399C301458297134519008DBC93F7FC
:106E7800250089CF9387818B9C4391C7DC4381C7C9
:106E88008145054582971345290091BC93F7450034
:106E98000145E38607A49387C18A9C4399CF854718
:106EA80017D7FF1F230EF7F49387818B9C4391C755
:106EB800DC4381C781450545829797D7FF1F938794
:106EC800E7F3C8472C10EF70303F2810EFF02F93EE
:106ED80097D7FF1F83D7A7F681CF130600643386A1
:106EE800C702914517D5FF1F03454507EFD0AFC728
:106EF80013454900EDB2011122CC2A84554506CE2E
:106F080026CAEFF04FB7AA8413054002EFF0AFB6D8
:106F18002AC613055002EFF00FB6AA8622856244EE
:106F28003246F240B3359000D24405616FA07074C8
:106F3800797122D406D68D472E84631FF50003D7B6
:106F4800A50083D6850003D665000345340083D5A4
:106F58004500EFE07FEE09A889671387D700631023
:106F6800E50403C5250019E58547B25022543E853E
:106F7800456182809387818A9443FDD603C6360093
:106F880083C50600814802C202C001488147014703
:106F98009106EFE01FFB0545EFF0CFE1F1B713874E
:106FA800E700E303E5FC13873701631AE50003C52F
:106FB80025005DD9014781460146814559BFE5074E
:106FC800E304F5FAB1476319F50017D5FF1F034528
:106FD80015E3EFE09FF149BF41677D178147E3164D
:106FE800E5F803C75500C947E310F7F883D6E5006D
:106FF80003D6C5000355840083D5A500EFA07068AB
:1070080041C95D45EFF02FA73335A000231CA1002F
:1070180083454400035524003008EF60501A835715
:107028008101B9F36C0813051031EF30517F9305D6
:10703800E10113052031EF30917E8357C1010357D9
:1070480084006374F7002314F4008357E1010357A5
:10705800A40063F4E7002315F40083578400035762
:10706800A4006374F7002315F40003552400EFA06F
:1070780010660357E4008356C4000356A4008355E2
:1070880084000355240001488147EFA07056E9BDEC
:107098008547231CF100ADBF17D7FF1F034777ECC7
:1070A8009307F00F6309F70859C5411122C426C296
:1070B80006C6AA840345A5004105EFC05FC42A841B
:1070C80035C59307000D2310F500D9472301F500B6
:1070D80083D744002312F50083C764002303F50017
:1070E80083C77400A303F50083C784002304F50055
:1070F80083C79400A304F50003C6A4002305C500B4
:107108001DC2CC44410548C49790FF1FE780A07971
:10711800A2852244B240924417D5FF1F034575E467
:1071280041016FC03FCD23260500DDB7B2402244A0
:107138009244410182808280C1671387E7FF639D83
:10714800E5009387818A9C4395C383C707000D4751
:10715800639CA7006FA01049FD1749476396F50087
:107168009387818A9C43FDF73A8582804947EDBF22
:10717800797122D406D626D24AD04ECE52CC56CADF
:107188005AC80347050085472A84630AF70403465B
:107198008500930695009305E1000545EFE04FDD76
:1071A800814719C18347050083460400114763805E
:1071B800E6041387C18C18438D46034717006308FC
:1071C800D70295C70DC719ED0145B2502254925404
:1071D8000259F249624AD24A424B4561828081474C
:1071E8000145D9B785466318D7028D8BF1DF034572
:1071F8001400130A2400D285EFE0CFF4A300A40002
:107208001389018D83270900AA8A81499304F00F05
:1072180099EB05455DBF8946E318D7FA858BF9B721
:10722800850993F9F90F83C7A18C63FDF90203253A
:107238000900139B49005A9583470500E38297FE8E
:1072480083471500E39E57FD1946D2850905979097
:10725800FF1FE780C07069D5832409000347040035
:10726800DA9485EC834604009147E38FF6F483278C
:107278000900B9DB03C6A18C01479305F00FE305AC
:10728800E6F4BE84C10703C507FF630EB50A050708
:107298001377F70FEDB788C4F5A09147631AF7067F
:1072A800C84405C583478400034605006304F60601
:1072B800034704009147631DF706C84419C597A002
:1072C800FF1FE780601E23A6040003458400916524
:1072D8009385E571050597A0FF1FE780C00D05C5DB
:1072E800034704009147631EF704C8C4834784001A
:1072F800930594000505A30FF5FE034684009790B7
:10730800FF1FE780405A034584003335A00075BD50
:10731800884441BF9305940005059790FF1FE780B7
:1073280000648547E316F5F85545EFE0DFF4BDA89E
:10733800884441DD97A0FF1FE780001723A40400BD
:1073480069B788C465B72380D40083471400D28501
:1073580013852400A380F40019469790FF1FE78047
:1073680080540345840091659385F571050597A0C0
:10737800FF1FE780400405C5034704009147E31C4D
:10738800F7F0C8C483478400930594000505A30F4C
:10739800F5FE034684009790FF1FE780C05083479F
:1073A8008400E39807E6034504007D1513351500AE
:1073B80029BD797122D426D24ECE52CC06D64AD0D7
:1073C80056CA5AC82A849309250003451500CE8554
:1073D8009384C18CEFE00FD7A300A4009C400D4715
:1073E8002A8A83C71700639BE7001389018D8327C7
:1073F8000900814A63910718054535A0FDD7144C4B
:10740800034674019305E1000545EFE06FB61DC919
:10741800984085468347050003471700631FD70038
:107428008D8BE1F70145B250225492540259F2492A
:10743800624AD24A424B456182808946858BE3166F
:10744800D7FAC5B78347040011476385E7002D477E
:10745800E39AE7FC9384018D9C40E9D7814A01496E
:107468001DA88840139B4A00834704005A95034788
:1074780005006311F70283471500639D470119460C
:10748800CE8509059790FF1FE780604D01C503A9C8
:1074980004005A99850A93970A0103C7A18CC183EE
:1074A800E3E1E7FCE31309F4B5BF93944A0026959A
:1074B8000347050083470400631EF70A8347150046
:1074C800639A470B1946CE8509059790FF1FE780F9
:1074D80000494DC1832709001147BE948347040022
:1074E8006385E7002D47639DE70203AAC40083472D
:1074F800740103460A006308F602528597A0FF1F2D
:10750800E78080FA0345740191659385E571050567
:1075180097A0FF1FE78020EA15E5E39F04ECADA0E4
:1075280003AA8400E9B70C4C13051A009790FF1FB3
:10753800E780E0428547E312F5FC5545EFE0BFD30D
:1075480069DDCDB58347040011476385E7002D4702
:107558006390E702C8C4834774010505A30FF5FECD
:10756800034674010C4C9790FF1FE780C03375B732
:1075780088C4D5B7850A93970A0103C7A18CC1832C
:1075880003250900E3E3E7F283C6A18C032709007A
:1075980081471306F00F11A8BA844107834507FFF6
:1075A800638AC5008507C207C183E3E7D7FEA9B58B
:1075B80088C499A083470400CE85138524002380BE
:1075C800F400834714001946A380F4009790FF1F26
:1075D800E780602D0345740191659385F571050574
:1075E80097A0FF1FE78020DDE30805E003470400BC
:1075F8009147E31FF7FAC8C4834774010505A30F31
:10760800F5FE034674010C4C9790FF1FE780A029F4
:10761800E5B317D7FF1F0347D7949307F00F63000D
:10762800F70A51CD411126C2AA84514522C406C683
:107638004AC0EFC0CFEC2A842DCD9307000D23104C
:10764800F500D5472301F50083C73400138984006A
:10765800CA85A301F50083D744002312F50083C728
:1076680064002303F50003C57400EFE0AFADA30386
:10767800A400CA851305840019469790FF1FE78068
:10768800802283C7E400A28517D5FF1F0345758DA7
:107698002307F40083D704012318F40083C72401C7
:1076A8002309F4002244B2409244024941016FC0C8
:1076B8006FF4B240224492440249410182808280A0
:1076C80017D7FF1F0347F7899307F00F6304F704E1
:1076D80031C1411122C42A84194506C6EFC02FE2E0
:1076E800AA850DC59307000D2310F500DD4723017A
:1076F800F500835744002244B2402312F50017D501
:10770800FF1F0345158641016FC0CFEEB2402244EA
:10771800410182808280011122CC1384018D1C409A
:1077280006CE26CA4AC84EC652C499CF2E8AAA8403
:107738000149084063129902630C0A0497A0FF1FCD
:10774800E78080D623A8018CF2406244D2444249A3
:10775800B249224A0561828093194900B30735016D
:10776800884709C997A0FF1FE78000D41C40CE971F
:1077780023A407001C40CE97C84709C997A0FF1F3C
:10778800E78080D21C40BE9923A60900050955B799
:1077980045DD1396440081459790FF1FE780C01789
:1077A800144081477D5613F7F70FE37F97F8139737
:1077B800470036972300C7008507F5B7011152C463
:1077C800138AC18C83270A0006CE22CC26CA4AC84F
:1077D8004EC656C25AC0C9CF2A89014419ED9387AB
:1077E800018D944399CA03C6A18C2A8481479305C5
:1077F800F00F13F7F70F6367C70813153400210557
:10780800EFC0EFCFAA8401E92145EFC04FCFAA848A
:1078180021C501444D49930700FD2380F4008547A5
:10782800A38024012381F400A38184005DC413890B
:10783800840023A224018149938A018D130BF00F40
:1078480083C7A18C63F3F90031E883270A00A68572
:1078580003C50700EFC00FDA814503C5A18C653D5C
:1078680003250A0097A0FF1FE78000C423A6018C08
:10787800F2406244D2444249B249224A924A024BF7
:107888000561828013974700369703470700630511
:10789800B70005041374F40F8507A1BF83A70A0076
:1078A80093954900BE9583C7050063846703230049
:1078B800F90083C71500130529007D14A300F900FA
:1078C800194689051374F40F9790FF1FE780A0FDF0
:1078D8002109850993F9F90FA5B723A20400B5B7C3
:1078E8009387C18C9C43B1C7411122C406C62A8420
:1078F8001DE10945EFE03F982A8601C9854517C56E
:10790800FF1F0345A565EFC01FA60545EFF0AFDED5
:107918002A84054519C8854517C5FF1F0345056411
:10792800EFC0DFCE2285593D0545B24022444101D2
:1079380082800145828089679386B7006316D500E7
:107948009C4503C5070069BF9386C7006318D50027
:107958009C45854603C5070019C9F5B793861704E2
:10796800E300D5FE938727048146E303F5FE3685B9
:107978008280797106D622D426D24AD04ECE52CCF5
:1079880056CA5AC85EC679C983473500AA8985C7C9
:10799800404115C05945EFE01F8E931A850193DACF
:1079A8008A410149138AC18C130B000DB54B83C75B
:1079B8003900636DF900B250225492540259F249C9
:1079C800624AD24A424BB24B4561828083078402A5
:1079D80063CD570783270A00ADCB2285EFF04FF917
:1079E8002DC5034584005105EFC06FB1AA8431CD80
:1079F8002310650123017501834704001946930587
:107A08002400A301F5008307840215052303F5006C
:107A180083471400A30FF5FE9790FF1FE780A0E8A7
:107A2800034684002386C4001DC61385440188C804
:107A3800930594009790FF1FE780E0E683270A00EC
:107A4800A68503C50700EFC0EFBA05091304940221
:107A58001379F90FA9BF23A80400CDB79387C18C68
:107A68009C43B1DBA13B2254B25092540259F249D3
:107A7800624AD24A424BB24B014545616FF0AFC7EB
:107A8800797106D622D426D24AD04ECE52CC56CAC6
:107A98005AC85EC671C183473500AA8985C7444163
:107AA80095C05945EFE02FFD931A850193DA8A4175
:107AB8000149138AC18C130B00FDC14B83C73900E0
:107AC800636DF900B250225492540259F249624A45
:107AD800D24A424BB24B456182808387F40063C827
:107AE800570783270A00A5C75145EFC04FA12A842D
:107AF80039CD23006501A30005002301750183C763
:107B08000400194693852400A301F5008387F40037
:107B18001505A306F50083C71400A30FF5FE97907B
:107B2800FF1FE78040D883C784009385940013051E
:107B3800C400A305F40019469790FF1FE780A0D65C
:107B480083270A00A28503C50700EFC0AFAA05096D
:107B5800C1041379F90F9DB79387C18C9C43BDD39A
:107B6800EFF0DFC52254B25092540259F249624AEA
:107B7800D24A424BB24B014545616FF0CFB75D71B8
:107B880086C6A2C4A6C2CAC04EDE52DC56DA5AD88D
:107B98005ED662D466D26AD06ECE630C0526834761
:107BA80035002A898DCB40411DC45945EFE0AFEC23
:107BB80093178501E1873EC681449389C18C130AD6
:107BC800000DC94B054CB54C130D00FDC14D834745
:107BD800390063E1F402B640264496440649F25956
:107BE800625AD25A425BB25B225C925C025DF24DF1
:107BF800616182808307C400324763C6E71683A7A2
:107C0800090063820716034B040093770B01CDCF5D
:107C1800CD47631EFB06230004002285EFF06FF9B1
:107C2800630305148347040011476363F7146399DA
:107C3800870D5145EFC0AF8CAA8A63060512230051
:107C4800A501A30005002301B50103470400194657
:107C580093052400A301E5000307C4001505A30646
:107C6800E50003471400A30FE5FE9790FF1FE78088
:107C780080C303470401194693051401A385EA004C
:107C88001385CA009790FF1FE780E0C1F1A0D54790
:107C98006318FB0085472300F400A30B0400B5BF5D
:107CA800F547E309FBFEC9476316FB008947230034
:107CB800F400A5B7C1476314FB008D47CDBFED475E
:107CC800E31DFBF49147E5B793778B0099C3AD4764
:107CD800F9BF93761B0093774B0091C699C39547DC
:107CE8005DBFA147E9B793762B0091C699C3A54715
:107CF8005DB799476DBF99C3A94755BF9D4745BF14
:107D0800034574015105EFB09FFFAA8A29CD2310BE
:107D180045012301950103470400194693052400F2
:107D2800A301E5000307C40015052303E500034785
:107D38001400A30FE5FE9790FF1FE780C0B6034627
:107D480074012386CA0019C613854A0123A8AA000C
:107D58000C4C0DBF23A80A0003A70900D6850345CC
:107D68000700EFC02F898504710493F4F40F85B5DB
:107D78000345740113050502EFB07FF8AA8A65D59B
:107D880023104501230175018346040013770B0670
:107D98001946558FA301E5000347140093052400F5
:107DA8001505A30FE5FE9790FF1FE780C0AF0347B7
:107DB8008400194693051401A385EA00034794003B
:107DC80013853A012386EA000347A400A386EA0044
:107DD8000347B4002387EA000307C400A387EA0027
:107DE8000357E4002398EA00034704012389EA00C3
:107DF8009790FF1FE78020AB03467401A38CCA004D
:107E080011C613850A0223AEAA0099B723AE0A0049
:107E1800A1B79387C18C9C43E38F07DAEFF01F9AD1
:107E28002644B64096440649F259625AD25A425BF1
:107E3800B25B225C925C025DF24D014561616FF0BC
:107E48008F8B97C7FF1F83C7A711A18B17C5FF1F6C
:107E58001305450691E301456FD05F862385018CA4
:107E6800FD5717C7FF1FA30EF70E23A8018C23A6E3
:107E7800018C97C7FF1F9387A702170700001307F6
:107E8800C7AB98C3170700001307E7AED8C3170797
:107E98000000130727BF98C717070000130767CE0E
:107EA800D8C717F7FFFF1307671F98CB97C7FF1FA0
:107EB8009387470017F7FFFF1307472898C317F75B
:107EC800FFFF13072707D8C38280411122C48545C5
:107ED8002A8403C5A18C06C6EFF0FF8397C7FF1F4E
:107EE80083C70708A98BB5CB17C5FF1F130545FB2B
:107EF8002385818CEFD02FFC1384018D1C4091C702
:107F08004D45B24022444101828003C5A18C19E14C
:107F18000145C5BF91659385B57112059790FF1FFF
:107F2800E780604923A8A18C61DD03C6A18C1206F5
:107F380081459790FF1FE780209E104083C6A18C43
:107F48008147FD5513F7F70FE374D7FC13974700E4
:107F580032972300B7008507F5B701452385018CC3
:107F6800EFD06FF575B79387C18A884301CD41116A
:107F780006C69790FF1FE7802053B24023A6018AC8
:107F880041018280828001111305700306CEEFE063
:107F98008FAE2AC613058003EFE0EFAD2AC41305A0
:107FA8009003EFE04FAD2246B245F240AA86054560
:107FB80005616F90506B5D711305D00386C6A2C42E
:107FC800A6C2CAC0EFE02FAB2A841305C003EFE0B6
:107FD8008FAAAA841305E003EFE0EFA92A89130505
:107FE800F003EFE04FA98A871377F50F9376F90F1F
:107FF80013F6F40F9375F40F0545EF90D067B6406C
:10800800264496440649616182805971A2D413843A
:10801800C18A1C4086D6A6D2CAD0CECED2CCD6CA69
:10802800DAC80545F9C79305F1041305F041EF10C7
:1080380061669305F1041305F041EF10A1658346CD
:10804800F10417C7FF1F034787DBB337E00091C26E
:10805800890718403EDE0345370093054700EFD0F7
:10806800FF8918402ADC0D45834527002EDAEFE00A
:108078008FA02AD81145EFE00FA000402AD6654509
:108088000347A400034BB4003AD4EFE0CF9EAA8480
:108098006945EFE04F9E2A897145EFE0CF9DAA8997
:1080A8006D45EFE04F9D2A8A7545EFE0CF9CAA8A7F
:1080B8007945EFE04F9CE2046258F2572257B256D6
:1080C8004256D2551375F50F93FAFA0F137AFA0F31
:1080D80093F9F90F1379F90FE1842ACC56CA52C8DB
:1080E8004EC64AC426C25AC0930844000545EF90BC
:1080F800F053B650265496540659F649664AD64A5D
:10810800464B65618280011122CC06CE8D472E84B4
:108118006316F50603C73500E94703D5450063181C
:10812800F70097C7FF1F83D7C7CD6385A706EF5012
:10813800F01809C5835764002317F5000357A400F6
:108148008356840003566400835544000345340075
:10815800EFD09FCE0357440097C7FF1F83D767CA46
:108168006308F7008547F24062443E8505618280D6
:10817800FD5717C7FF1F2316F7C8EDB78967CD0747
:10818800631DF50083C7250031476385E700454730
:10819800E39AE7FCEFD00FD9F1B7B1476319F500BF
:1081A80017C5FF1F0345D5DBEFD03FD465BF416737
:1081B8007D178147E319E5FA83C655004947E394DB
:1081C800E6FA83C545000355240030002314010056
:1081D800EF50C07941BF411122C406C626C283C7E9
:1081E800418D1307E00F2E846383E7041307F00F14
:1081F8006387E7021145EFB09FB015C1930700FDF3
:108208002300F50089472301F5008547A300850071
:10821800A301F500AA8503C5418DEFB0BFBDF9578D
:10822800238AF18CB2402244924441018280AA847C
:108238001145EFB0DFAC7DD5930700FD2300F500B5
:108248008947A30085002301F500A3019500224476
:10825800B2409244AA8503C5518D41016FB09FB9C0
:1082680079714AD01389C18A8327090022D406D696
:1082780026D24ECE52CC4544C5EF97C7FF1F83C7C1
:1082880027CE958B4944CDC7AE899165A38AA18C29
:10829800AA849385757131459790FF1FE780A011D7
:1082A80023A6A18A4D4449C523009500A3000500D3
:1082B8002946CE8509059780FF1FE780C05E832782
:1082C8000900914603C7270063EEE6083DEB4D47DA
:1082D8002381E70003C72700136707012381E7000D
:1082E800930571001305F041EF10C13A83477100FF
:1082F800F9EB17C7FF1F034787B08D476315F70CC6
:10830800EFD04FEE2C00EF60207B2800EFD03FCF5E
:108318004545EFD05FF6014401CD130600643306EE
:10832800C502914517C5FF1F034545C3EFC0AF837D
:108338002285B250225492540259F249624A456148
:10834800828085466314D700754759B789466314F8
:10835800D7004947B5BF8D466314D70041478DBF45
:108368005547BDB795464A8A630ED70099466316A6
:10837800D70009472381E70031A01D466314C702CF
:10838800238107006545EFD01FEF9307F007E30946
:10839800F5F403270A008347270093E7070423011E
:1083A800F7003DBF21466314C7000547E1B72546DE
:1083B8006315C7002381D700F1B7A9460544E3191F
:1083C800D7F6114745BFEFF05FC42A8435D1EFF0E7
:1083D8009FB9B9BF011126CA9384C18A9C4022CC97
:1083E80006CE4944A9C783C707000D446391A70473
:1083F800894517C5FF1F034565B6EFC02FA19145F5
:1084080017C5FF1F034585B5239C018CEFC00FA03E
:108418009C4001478146A38087001306F1008547E9
:1084280085450145A307F100EF90B0232A842285F2
:10843800F2406244D24405618280011106CE22CC0A
:1084480026CA85476319F50683D7818DB1CB17C72F
:10845800FF1F0347E79A29E71307B003636DF70285
:10846800894517C5FF1F034565AFEFC02F9A9307CE
:10847800006403D6818D3306F602894517C5FF1FB0
:108488000345C5ADEFB03FEE239C018CF24062443A
:10849800D24405618280938747FC239CF18CFDB709
:1084A8009387C18A9C43FDD36244F240D24403C5FA
:1084B8000700056105B79384C18A9C40E1DB97C733
:1084C800FF1F83C7E7A9918BF1D389476313F5068B
:1084D8002D452EC6EFB0BF822A844DD9B2459307E9
:1084E80000FD2300F500E547A30005002301F50082
:1084F80083C7350015051946230FF5FE83C74500C8
:108508009505A30FF5FE9780FF1FE780C03917C5B3
:10851800FF1F0345F5A49307F00F6315F5009C4072
:1085280003C50700A2856244F240D24405616FB0DA
:108538007F8C894517C5FF1F034545A2EFC00F8DE6
:108548006244F240D244239C018C05616FF0BFA1C4
:1085580097C7FF1F83C7C7A0958B81CF9387418E8D
:108568009C4391CB854717C7FF1F2309F7946FF0EA
:108578009FA1494582804145828097C7FF1F238F6D
:108588000792854501456F90900E97C7FF1F83C7D7
:10859800279D958B91C78547238BF18C6FF0BFA1E1
:1085A80049458280238B018C814505456F90F00CED
:1085B8009307C01C63FCA700094582800945F24067
:1085C8006244D2444249B249056182805DC50111C5
:1085D80022CC2A8421054EC64205AE899165938531
:1085E800657141814AC806CE26CA9790FF1FE78069
:1085F80080DC2A8961D59384018E884009C59790CB
:10860800FF1FE78060EA130589002320A90022865E
:10861800814523A0218F9780FF1FE780E02F9C4092
:108628002286CE8588439780FF1FE780C0279C401D
:10863800239287009387C18A9C4385CF97C7FF1FE2
:1086480083C70792958B85CB9387018E9C4399CFDF
:10865800984383D647006244F240D2444249B24923
:1086680005468D45054505616F90207F0147814688
:10867800DDB70145A9B7494599B79387C18A9C4396
:108688008DC797C7FF1F83C7A78D958B8DC393870A
:10869800018E9C4381CB984383D6470005468D4580
:1086A8000545D9B701478146D5BF0145828049456F
:1086B80082809307C01C63FCA70009458280094596
:1086C800F2406244D2444249B249056182805DC5A4
:1086D800011122CC2A8421054EC64205AE89916536
:1086E8009385557141814AC806CE26CA9790FF1FC7
:1086F800E78060CC2A8961D59384818E884009C53A
:108708009790FF1FE78040DA130589002320A9000E
:108718002286814523A4218F9780FF1FE780C01FF1
:108728009C402286CE8588439780FF1FE780A0174C
:108738009C40239287009387C18A9C4385CF97C723
:10874800FF1F83C7E781958B85CB9387818E9C43D9
:1087580099CF984383D647006244F240D2444249B5
:10876800B24905468D45054505616F90406F014743
:108778008146DDB70145A9B7494599B79387C18AAD
:108788009C438DC797B7FF1F83C7877D958B8DC384
:108798009387818E9C4381CB984383D647000546B7
:1087A8008D450545D9B701478146D5BF014582802A
:1087B800494582809307C01C63F4A700094582805D
:1087C800797122D44ECE06D626D24AD0AE892A84D2
:1087D80031CD210591654205938575714181979049
:1087E800FF1FE78040BD2A89094563010908938472
:1087F800418E884009C59790FF1FE780E0CA13059E
:1088080089002320A9002286814523A2218F9780F1
:10881800FF1FE78060109C402286CE8588439780A2
:10882800FF1FE78040089C40239287009387C18AF6
:108838009C43014585CF97B7FF1F83C76772958B08
:1088480049458DC76C001305D030EF20417DB247F4
:10885800014593F7070F99CB9387418E9C438D452C
:108868000545944303D64700EF902060B250225448
:1088780092540259F249456182809387018E9C4344
:1088880091CF03D647008C43411106C69780FF1F3E
:10889800E7806001B240014541018280094582803C
:1088A8009387018E9C4385C79387818E9843894718
:1088B80005C3035647000C43411106C69780FF1FA6
:1088C800E78060FEB24081473E854101828089474A
:1088D8003E8582809387018E9C4385C79387418E0E
:1088E8009843894705C3035647000C43411106C600
:1088F8009780FF1FE78020FBB24081473E854101FA
:10890800828089473E858280011106CE22CC26CA04
:108918004AC88D4763FAA7008944F2406244268515
:108928004249D2440561828017B7FF1F0347074DAC
:10893800C144E314F7FE9307F5FF93F7F70F854655
:10894800AE842A8417B9FF1F0349694B63ECF60606
:108958009DE199452800EFC09FD7914517B5FF1FA6
:108968000345C55F97B7FF1F238B8748EFB01FCA22
:108978003DE881445DB71946814528009780FF1F6F
:10898800E78080F919462C0026859780FF1FE7802D
:1089980000FD59F119469305F00F28009780FF1F35
:1089A800E78080F719462C0026859780FF1FE7800F
:1089B80000FB3DF11946A68528009780FF1FE78038
:1089C80080EE61BFE31BE5F897B7FF1F9387074366
:1089D800C8472C00EF60400EAA8441D197B7FF1F0B
:1089E800238F27411DBF2800EFD06FE1AA847DF5B2
:1089F800930571001305F041EF00D14983447100DC
:108A0800ADF88D47E317F4F64545EFD0DF8635D14D
:108A1800B7771800938707A03306F502914517B575
:108A2800FF1F0345A553EFB01FB7C5BD97B7FF1F7D
:108A380083C70753918B99CF41111385C18D06C602
:108A4800EFC09FC8B240FD5717B7FF1F231BF73A67
:108A58004101828001456FC03FC7FD57A38AF18C51
:108A6800F957238AF18C97B7FF1F23890744238B73
:108A7800018C239C018C23A0018E23A4018E23A2A8
:108A8800018E97B7FF1F9387A726170700001307C4
:108A9800272198C3170700001307679AD8C317F749
:108AA800FFFF1307C75698C717F7FFFF1307E74DD0
:108AB800D8C717F7FFFF1307475098CB97F7FFFF63
:108AC8009387A76423AEF18C8280411126C29384D8
:108AD800C18A9C4006C622C485CF2A840D45EFB0C2
:108AE8000FA2AA8519CD930700FD2300F5008D4735
:108AF800A30085002301F5009C4003C50700EFB0E3
:108B08006FAF19C42244B240924441016FF0AFC51F
:108B1800B240224492444101828079714ECE9389B9
:108B2800C18A83A7090026D206D622D44AD052CCBD
:108B38008144A1C783C4170085472A896388F40440
:108B480097B7FF1F83C7C72B854485EB0D45EFB04B
:108B58000F9BAA8505C1930700FD2300F5009147E7
:108B6800A30025012301F50083A7090003C5070019
:108B7800EFB04FA8EFF02FBF8544B250225426859E
:108B880002599254F249624A456182809387018E64
:108B98009C434E8A85E30145EFD0EFED2A8601CA52
:108BA800894517B5FF1F0345653BEFB0CFFB83270A
:108BB8000A00B1A0944303D647009305E100054598
:108BC800EFC01FBB69D983470500858BE9D70545E9
:108BD800EFD06FEA9307B0032A8463F2A7045D66B7
:108BE80013060670894517B5FF1F0345253713047B
:108BF80044FCEFB05F9A239C818C83A70900094746
:108C0800A380E70097B7FF1F83C7871F91C797B750
:108C1800FF1F2387071E95B74A85453DB9BF130631
:108C280000643306C502A5BF411122C42A840D453C
:108C380006C6EFB0CF8C15C1930700FD2300F500E1
:108C4800CD47A30085002301F5002244B240AA8540
:108C580003C5518D41016FB0EF99B24022444101E3
:108C68008280411122C42A840D4506C6EFB02F899F
:108C780015C1930700FD2300F500ED47A30085000B
:108C88002301F5002244B240AA8503C5518D410154
:108C98006FB04F96B240224441018280035745008D
:108CA8000111896606CE22CC26CA13866600AA87D9
:108CB8006317C7009C47014583C5070009A81386A9
:108CC8008600631AC7009C47054583C50700EFF077
:108CD8008FD005453DA8138696006313C7021387F6
:108CE800C18A1843014515C79C4703C50700631B84
:108CF800050C8547A300F7000545EF90600ED1BF2E
:108D08001386A600631CC7009C4703C50700EFF045
:108D1800DFE0F2406244D244056182801386660334
:108D2800E30AC7F813867603E30FC7F813868603AA
:108D3800631DC7081C451307E00F83C4070083C7DA
:108D4800418D638EE7021307F00F6386E702114532
:108D5800EFA0FFFAAA8505C1930700FD2300F500DF
:108D68008947A30095002301F500A301050003C569
:108D7800418DEFB02F88F957238AF18C99BF9387DB
:108D8800C18A98433E84014549D785EC85447D4591
:108D980023059100EFD02FCE2316A1001305000262
:108DA800EFD06FCD1C40A305A1001307B100A3802D
:108DB800970074001306A10085450545EF90600AE9
:108DC80009BF2685EFF07FD029B713869603E30DF8
:108DD800C7F21386E6036317C7001C45094583C518
:108DE8000700F5B59386F603631DD7021C4503C536
:108DF80007002DED6C001305D030EF204122B2475B
:108E0800414793F7070FE386E7EC9305B100130595
:108E18006031EF20C1200345B1008545EF90200562
:108E28004DBD8966138606046315C7041C4503C433
:108E3800070097B7FF1F83C76708228585EB0D4595
:108E4800EFA0FFEBAA85E30605E8930700FD2300E2
:108E5800F500D1472301F500A30085009387C18A57
:108E68009C4303C50700EFA0FFF8A5B5EFF0DFDBD3
:108E78008DB513861605631BC7001C4503C507007F
:108E880021E585450545EF80507FA1B593862605E8
:108E98000145E310D7E89C4703C4070083C7618DE9
:108EA80022859DE30D45EFA09FE5AA85E30305E232
:108EB800930700FD2300F500F147A3008500230177
:108EC800F50003C5518D45B7EFF0BFD919B541116C
:108ED80097B7FF1F83C7C70806C6958B99CB17B5E9
:108EE800FF1F1305E5E0EFC0CFFD4D45B24041013E
:108EF80082800145EFC0EFFC0145CDBF03C70500E7
:108F0800937625009377D70F99C293672700131894
:108F180085011358884113F7F7076354080013E7CE
:108F28000708937685009377770F99C29367870030
:108F38001377050293F6F70D19C393E6070223800A
:108F4800D500634508009377A50281CB83470600C7
:108F580093E7C7002300F60082807DFD8347060063
:108F6800CD9BCDBF2D456319071403C805000947DC
:108F78006310E814C841034715000345050022079C
:108F8800498F42070D654187930825A0630B170B8E
:108F9800011122CC26CA4AC84EC606CEBE89B6845E
:108FA80032842E8963CEE800930705A0630DF7028B
:108FB800130515A06300A706239004000545B5A076
:108FC800930745A06309F7086348F706130565AAE0
:108FD800E314A7FE85472390F600DC4583C7070006
:108FE8002300F60091A0C8459780FF1FE780E09511
:108FF800420541814E86637335012A862390C40059
:10900800420641828325C90022859780FF1FE78099
:10901800808919A8DC4583D707002390060123001F
:10902800F600A183A300F6000145F2406244D24451
:109038004249B2490561828099472390F600194652
:10904800D1B785472390F600DC45014583C7070063
:109058002300F6008280DC45A9CB21472390E60057
:1090680003D707002300E60003D707002183A300E6
:10907800E60003D727002301E60003D72700218352
:10908800A301E60003D747002302E60003D7470001
:109098002183A302E60003D767002303E60083D7F2
:1090A8006700A183A303F60041B723900600ADBF74
:1090B8002390060005458280828083C80500894781
:1090C800639BF814DC41797122D406D626D24AD0A3
:1090D8004ECE52CC03C8170083C707002E8422083F
:1090E8003368F80042088D6713580841138327A096
:1090F800630468102A8A3A89B684B285634C0301EE
:10910800138707A0630AE802938717A0630BF80880
:10911800854711A8138737A0630CE80A138767AA45
:109128008D47E317E8FEB250225492540259F2498F
:10913800624A3E8545618280484432C69780FF1F57
:10914800E780A080420541819D47E36E25FDB30974
:10915800990083C7E18EB24563D43701B547E1B7BB
:1091680048442686C2094A959770FF1FE780A07376
:10917800484403C6E18E93D90901050633063641F2
:1091880081454E959770FF1FE78000799387018F7F
:109198009C4399E3814741BF9C438145E5DF528564
:1091A80035A0AD47E31109F8E39A16FB834716008B
:1091B800834606005844A207D58F2310F7009387EB
:1091C800018F9C43E1DB9C438545E9D78297D9B75A
:1091D800AD47E31A09F49947E392F6F8484419466B
:1091E8009770FF1FE780206C9387018F9C43DDD326
:1091F8009C43CDD38D4565B7AD4715F78547E39FAC
:10920800F6F40347060093070008E3EEE6F0DC45B2
:109218002380E70041B785473E85828023A8018ED9
:10922800A387018E2387018EB707A000938541830A
:10923800938707059CC1B707E803DCC117D601006F
:10924800130686949797FF1F938707FB0947938E0A
:10925800F182D0C317D60100130686908546238075
:10926800EE00138EC18293880183D0C723AED70145
:1092780017D601001306C68F1383C18E1388E182A7
:109288001385D18297DE0100938E0E8F2300EE00A6
:109298002380E8002380E7002388E7002380E70293
:1092A8002388E70223AEC7032380E7042300E800EE
:1092B8002384D70023950700D0CB238CD700239D88
:1092C800070023A2D7032384D7022395070223A6E6
:1092D8000702D0DB238CD702239D0702231003004B
:1092E8002300D50017DE0100130E0E8823A2C70540
:1092F8002388E70423AE17052380E7062388E706BB
:109308002380E70897D801009388C88717D70100FA
:109318001307C78523A2E7082384D704170700008B
:10932800130787C42395070423A66704F0CB238C6F
:10933800D704239D070423A217072384D706239560
:109348000706ECD7F0DB238CD706239D070623AE50
:1093580007072384D7082395070823A6A708979704
:10936800FF1F938767F298C317070000130727D5D5
:10937800D8C323A407008280A54763E8A71017C7AE
:1093880001001307E7FF0A053A951C41011122CC99
:1093980026CA06CE4AC8BA97B2842E848287930713
:1093A800800F63F9B7006145F2406244D2444249F4
:1093B800056182809797FF1F938707E4C8573E8906
:1093C80019C59780FF1FE780200E2387018E13069B
:1093D8001400916593850571328532C69780FF1F09
:1093E800E78060FD1797FF1F232EA7E24DDD324669
:1093F80081459770FF1FE78020520325C902228606
:10940800A6859770FF1FE780004A2387818E014554
:1094180061BF8947E399F5F8835706002396F18ED3
:10942800FDB7A147E391F5F82146A6851385418349
:109438009770FF1FE7802047D9BF8547E395F5F66A
:109448009797FF1F938747DBD04F9795FF1F93850B
:1094580025DD03C50400EFF07FAA55BF8547E394D7
:10946800F5F49797FF1F938727D9D05F9795FF1F2C
:10947800938505DDF9BF8547E397F5F28347060035
:10948800A386F18269B7094505B70945828083C774
:10949800F18E95E38547A387F18E058909CD9796C7
:1094A800FF1F938666DE4146A5451795FF1F1305E6
:1094B800A5D46F20003D0145828001111388F5FF76
:1094C80006CE22CC26CA4AC84EC652C41378F80F14
:1094D800AD4563EE050BBA890A0817C701001307E3
:1094E800A7EC3A983E8A832708003689B284BA974F
:1094F80082878545EFC08FBB2A8419E1EFF03F9D35
:109508002285F2406244D2444249B249224A056166
:1095180082808945EFC08FB92A847DF12685EFE0E6
:10952800DF9AF9BF9145EFC06FB82A8471F9528666
:10953800CE854A85EFC0EFACEFF07F99EFF00FCF03
:10954800EF50703475BFA145EFC04FB62A844DF96E
:109558005286CE854A85EFC0CFAA2685EFE0FF96D2
:10956800EFE03F8EEF50103061BFB145EFC00FB450
:109578002A8459F55286CE854A85EFC08FA826855C
:10958800EFE0BF94EFE0FF8BEF50D02D75B70944A3
:1095980085BFBD47638CF50663E9B702A5476387B6
:1095A800F50663EDB7009947638CF5049D47638F13
:1095B800F5049547638CF50401458280B5476387B8
:1095C800F50463E1B704AD47F5B7DD47638EF502EF
:1095D80063EAB700C947638BF502D9476386F5028A
:1095E800C547C9BFF5476383F50263E4B700ED4794
:1095F800D1B793072005638BF5009307200D5DBF56
:10960800484582800841828008458280484182809E
:109618009307F00F630EF506011126CAAA841305F5
:10962800000222CC4AC84EC652C456C206CE3A8957
:10963800B689B28A2E8AEFA08FEC2A844D4515C8C8
:10964800930700FB2300F400A300540123114401F5
:109658002302340113058400614663050902CA85A3
:109668009770FF1FE7802024A2852685EFA08FF83A
:109678000145F2406244D2444249B249224A924AE0
:109688000561828081459770FF1FE780E028E9BF68
:1096980009458280011122CC06CE2A842306B10016
:1096A800A306C100EF4080410DC10347C500A14793
:1096B8006311F70278009306E0070146A28517B503
:1096C800FF1F0345058AEFF0BFF4F24062440561CD
:1096D800828078009306E0070146A28517B5FF1F30
:1096E80003451588CDB7930700643306F6026FA0CB
:1096F8001FDE05C90347050085469307270093F732
:10970800F70F63F0F602411122C42A843A8506C68F
:10971800EFA01FF7FD572300F400B2402244410197
:1097280082808280035705009307000B6313F702BA
:10973800834745004947639CE70003471501854770
:109748006399E7000355250085456F20703E6D47F6
:10975800C5BF8280011122CC06CE2A842EC632C40F
:1097680036C2EF40A0350DCD8346C500A14712474C
:109778002246B245639EF600B28617A5FF1F034531
:10978800457E2E86A2856244F24005616FF05FE84F
:10979800B28617A5FF1F0345B57C2E86A285E5B7BF
:1097A800F240624405450561828023ACA18E828027
:1097B800011122CC26CA06CE2A84AE84EF4000309E
:1097C800A6852285EF10117B1DE5228523169100C1
:1097D800EF40C02E0DC10347C500A1476312F70231
:1097E80017A5FF1F0345E57778009306F0070146A4
:1097F800A285EFF0FFE1F2406244D2440561828025
:1098080017A5FF1F0345D575C5B7011126CA06CE92
:10981800B68422CCDD4663E2B608D94663FED50A93
:10982800A5466381D50A63EEB6049546638CD508D0
:1098380099466387D50A054441687D186316060969
:109848003AC6EF10F1763306854032474206418228
:10985800420441803305C4004205BA85418132C6BD
:10986800EF20303DAA8749C181C432462390C40005
:10987800B30580406244F240D2443E8505616F10D2
:109888001154C5466380D504C9460D44E395D5FAFD
:10989800C167FD17E31EF6FA65B7F5466380D50480
:1098A80063E4B600ED46D5B7930620056388D50274
:1098B8009306200DE391D5F8C167FD170D44631990
:1098C800F600BDBF09448DBF9306200DE392D5F87D
:1098D800310642064182ADBF15445DBF0D444DBF00
:1098E800C167FD171D447DB7F2406244D24405614B
:1098F800828079714ECEAE89C16526D20147AA848D
:10990800894617C601001306E628FD15054522D429
:1099180006D64AD0EF00F061054431CD2A891307F5
:10992800300281461146F5452685EFF01FEE2AC61E
:10993800554431C18357A900CE8601462314F1004E
:1099480091472315F10085472300F500B2472C0005
:109958002685A38007003247FD572301F7003247C9
:10996800A301F700EF00B0522A8411C53245978051
:10997800FF1FE78060B32285B250225492540259E7
:10998800F24945618280411106C6EFF09FC019C5B2
:10999800B24041011783FF1F670003B1B240410184
:1099A8008280011106CE2AC6EF10914732459145B3
:1099B80023AA018E23AC018E97A7FF1FA380A75A65
:1099C800EF205022F24005616F2040007971939793
:1099D80005014AD006D622D426D2C187014963DDC3
:1099E800070A17A5FF1F034575572E89EFA02FB843
:1099F8002A8445C1034705009307000A6318F7083E
:109A080085474C08A305F100EF10914DAA8405ED98
:109A18008347610171476378F708138717FE137747
:109A2800F70F9306000263F7E608858BC5CB93878B
:109A3800418F9C43994481CB035524001306B10000
:109A48004C088297AA848347B10099C7084409C57E
:109A58009780FF1FE78040A595E05247B7070001B0
:109A6800938707F07D8FB707120093870710630F5E
:109A7800F70003476101ED47631AF7000355240017
:109A88008545EF20F00ACD476388F4002285EFA0D2
:109A9800EFA1A1673349F900B25022544A85925484
:109AA8000259456182803707301405073357F7009C
:109AB800058B25DF1387818F184351D70347510141
:109AC80059F32306F10099472308F10003552400B0
:109AD8006C0023170100EF10915FB5B79387818F52
:109AE8009C439DC3035524001306B1004C0882977C
:109AF80039D9AA8483475101B9F7834761012308FB
:109B080091002306F100D9B79944EDB70145828049
:109B180097A6FF1F83C61645814763E5D70001470F
:109B28003A8582802E87910503D6C5FFE30AA6FEF3
:109B38008507E5B70DCD834725000547890793F7C6
:109B4800F70F6376F702411122C406C62A848355AB
:109B58000500034535000147F9465D46EFF05FAB68
:109B6800F9572311F400B2402244410182808280D7
:109B780017A7FF1F0347173F8147FD5663E3E70019
:109B880082802310D5002301050085071105FDB744
:109B9800014582809385B18493070002854623801E
:109BA800F500FD572385F184A38EF182238EF1827F
:109BB8002394D184239E018E23A2019023AA01908D
:109BC80023A401901386018497C70100938747FB5C
:109BD8005CC2238F018E9787FF1F9387A76B094766
:109BE8002300E6002380E7002388E7002380E702BC
:109BF8002388E70217C701001307C7F7D8DB0D470B
:109C0800238CE7021387019018432384D700D0C719
:109C1800238CD70017C50100130505F717C60100E7
:109C2800130606F597C601009386C6F6C8C32395A2
:109C38000700D0CB239D0700CCCFD4D323840702C1
:109C48002395070223A60702239D0702D8DF9787DB
:109C5800FF1F93872768170700001307870C23A0A7
:109C68000700D8C323A407008280411106C6EFF07D
:109C78003FEA11C503452500B240410182800145F4
:109C8800E5BF411122C426C24AC006C6AA842E894D
:109C98003284EFF0FFE711E94165CA857D15EFF0E1
:109CA8003FE7C54711C5231095002301850081476B
:109CB800B2402244924402493E854101828029E70C
:109CC8008948354763931605011106CE22CC26CA6A
:109CD800034716000346060093C7F7FF2207598E6D
:109CE800F18F32C68DE7C4452A84A685EFF0FFF7C9
:109CF80032460147630FA60022856244F240A685DA
:109D0800D24405616FF0FFF72D473A85828013072B
:109D18000008F2406244D2443A850561828083C8D3
:109D2800050009486395080303A845008347180000
:109D380003480800A207B3E70701C2070D68C187F7
:109D4800130828906395070189476FF05FF7054569
:109D5800828003C7D1839307F00F630AF704411188
:109D68004AC02A89294522C426C206C63284AE843E
:109D7800EF90FFF81DC59307100B2310F500230281
:109D8800050023148500224423112501231395007F
:109D9800B24092440249AA8503C5D18341016FA00C
:109DA8006F85B240224492440249410182808280F8
:109DB80041119387019026C2AE848C4322C406C603
:109DC8002A84EFF09FEA098909C922852244B24012
:109DD800A685924441016FF0DFB1B240224492441B
:109DE800054541018280411122C426C24AC006C6E7
:109DF800AA84130445001309850B835704009DC3E7
:109E0800084409C59770FF1FE780006A228531461C
:109E180081459770FF1FE78020B03104231A04FEA4
:109E2800E31D24FDB2402244FD572390F40002496B
:109E38009244410182809387C190984317A6FF1FDF
:109E48000346561281476315F6008146368582809F
:109E5800BA861307870B835587F4E389A5FE850720
:109E680093F7F70FCDB7938741919C4399C703D7D1
:109E78004700E31CA7FE8847828001458280411184
:109E880006C6EFF05FFE09C50845B2404101828071
:109E98000145E5BF011126CA9384450022CC4EC670
:109EA80006CE4AC852C456C25AC0268781490144C0
:109EB800814681473D450356070055CED9E20354F4
:109EC800470083572700B286A297C207C183850936
:109ED8003107E392A9FE25C82E89916593854570BF
:109EE80022859770FF1FE780004D2A8B29CD814A74
:109EF800014A8C4485C503D6440033054B0197704D
:109F0800FF1FE780409A83D7440088443E9A420A5C
:109F1800135A0A019770FF1FE780005963890A00E6
:109F28003146814526859770FF1FE780E09E850AA8
:109F3800B104E3E03AFD23266901231489000545AD
:109F480021A0630DD6000145F2406244D244424943
:109F5800B249224A924A024B056182800356270081
:109F6800E313F6FE035647003294B2974204C20741
:109F78004180C183A9BF0545E37835FDA9BF938713
:109F880081909C4399E30145828098470357A70035
:109F9800E319A7FE138547008280411106C6EFF03A
:109FA8001FFE11C503550500B240410182800145DD
:109FB800E5BF411106C6EFF09FFC11C5034525001A
:109FC800B240410182804145E5BF411122C42A8443
:109FD8002E8506C6EFF0FFFDAA8505462285EF30DF
:109FE800303195476305F500BD476313F5002145FA
:109FF800B240224441018280411122C42A840905C9
:10A0080006C6EFF00FEFFD57A301F400B24022445B
:10A0180041018280938701919C4317A7FF1F034743
:10A0280077F42A86050781463E8583D7070063882B
:10A03800C700850693076500E3E8E6FE01458280D0
:10A04800411122C4416406C626C29307E4FF630E89
:10A05800F500AA8485E1EFF0FFFB01E91305F4FFA1
:10A06800EFF05FFB19C123109500B24022449244DF
:10A078004101828085476394F504EFF0BFF92A8493
:10A088006DD5FD572310F500834724001307F00F03
:10A098006384E7021307E00F638AE700034534008F
:10A0A8000147F9465146A685EFF08FD62285EFF095
:10A0B800BFF4FD572301F400230204007DB789474C
:10A0C800E395F5FA8545EF30D04245F12685EFF066
:10A0D8007FF42A8455F951BF5D71A6C24EDE86C64B
:10A0E800A2C4CAC052DC56DA5AD8AE8483C5250049
:10A0F800F947AA896396F504EFF0DFF12A8409EDA0
:10A1080001442285B640264496440649F259625ACB
:10A11800D25A425B616182808347250005478907DF
:10A1280093F7F70FE37EF7FC034535000147F9463F
:10A138000146CE85EFF0CFCD2285EFF0FFEBC9B712
:10A1480083AA0400B7070001938707F037071200B6
:10A15800B3F7FA0013070710328A0149638AE70246
:10A168002EC6EFF03FEB2A89B2451DC103464500D4
:10A1780005C293178601E187E3C407F84E85EFF01F
:10A188006FD18347490093E707F82302F9008DBF91
:10A1980003C7A1849307F00F1944E304F7F6E147D6
:10A1A800E3E1B7F693D71500FD178E0717B701003F
:10A1B80013078722BA9703A80700E30408F403AB40
:10A1C8004700E3000BF4C20A93DA0A0163850A0028
:10A1D800C947E398F5F283D64400904483C5140038
:10A1E80003C50400380802982A8401FD2C084E850E
:10A1F800029B2A8421C983C71400E39407F083C70C
:10A208002400230AA10039472308F1006399E702D3
:10A2180062478347170003470700A207D98F0C0836
:10A228004E852319F100EF10816AE30B05EC140841
:10A238000546D9454E85EFF0EFD12A84D9B5835725
:10A248008101F1BF83C624009147E38BF6EA380801
:10A258000146CE8503C5A184EFF08FBB2A84E312A3
:10A2680005EA83C524002808EFF0AFB219C123001E
:10A278000A009840B7070001938707F07D8FB7075A
:10A28800120093870710E30DF7E6E30B09E683C78F
:10A2980024002302F900B5B5011106CE2EC6EFF051
:10A2A8007FD701CD83474500B245138717006396D2
:10A2B800E50093F707F82302F500F2400561828074
:10A2C80093878190984319E3014615A81C4703D842
:10A2D800A700636B050183584700B38608016355DF
:10A2E800D5008146639416011843F1BF3E86C10725
:10A2F80003D3A7FF6317A30099C1239005013285F3
:10A3080082808506C206C182F1BF397152D42E8A75
:10A318004ED69305E101AA89528522DC4AD856D245
:10A3280006DE26DA328936C63AC4BE8AEFF05FF90D
:10A33800054435C5AA840355E1013944EFF0BFB29D
:10A3480039CD03284500630C08042247B246D68756
:10A358004A86A6854E8502982A8431E19307E00F44
:10A36800638FFA0203C704008947631AF702D840CB
:10A378008347170003470700A207D98FC2070D6755
:10A38800C18713072790639CE7008347190003469A
:10A398000900D285A2075D8E4E85EFF09F9B22852E
:10A3A800F2506254D2544259B259225A925A2161F7
:10A3B8008280797122D4035425004ECEAA89228541
:10A3C80056CA06D626D24AD052CC5AC85EC662C4ED
:10A3D800AE8AEFF05FA601E92285EF10F11F59441C
:10A3E80029E90144B9A003C789008547AA84014423
:10A3F800631AF702AA8513858900EFF0BFA929CD52
:10A4080003D7640083D68400D04483D5440003D5A1
:10A418002900E147EFF07FEFD9472A846318F50256
:10A4280023A604002685EFF01F9C49C0D947E30AFC
:10A43800F4FA2285B250225492540259F249624ADF
:10A44800D24A424BB24B224C4561828061DD83D7B0
:10A4580044002390FA00F9B713894400014AB94B24
:10A46800594C3D4B83550900D5DDE14763067A0118
:10A478000357C90011C3D947035729008356490018
:10A488000326890003D52900EFF03FE82A846319E1
:10A49800850123240900050A3109E3156AFD59B726
:10A4A8007DD9835709002390FA00F5B703D5290011
:10A4B8002DB701112317C1009307E00F1306E10020
:10A4C8000147894606CEEFF05FE4F24005618280DD
:10A4D800797122D42A840355850026D2AE84930547
:10A4E800210106D64AD0EFF0BFDD6308050E834789
:10A4F80085002AC693F707028DCF03552101EFF097
:10A508001F98AA87B24501ED8357840039452390E7
:10A51800F400B25022549254025945618280035586
:10A5280024004946829711C5835784002390F4007C
:10A53800CDB7035924004A85EFF0FF8F11ED41652F
:10A548007D15EFF05F8F19E583578400254523902B
:10A55800F400C1B723102501130745008147BD4604
:10A56800035607002DE63147B387E7021309840035
:10A578003146CA8591073E959760FF1FE780A03254
:10A588003146CA8548089760FF1FE780C0310356E7
:10A59800C4000355240041478146DD45EFF0EFA68E
:10A5A8002ACE19E58357840045452390F40095B7D2
:10A5B8000C480356C4009760FF1FE780C02E035560
:10A5C80024004C08EF10017D29D5594599B7850716
:10A5D8003107E397D7F8254581BF0545B1B77971AC
:10A5E80022D42A840355850026D2AE849305E1013E
:10A5F8004AD006D63289EFF0BFCC51C583478500D3
:10A6080093F70702A9E7034714019307200519E305
:10A61800834744008356A40050448355840003555F
:10A6280024000147EFF07FCEAA8721E98347140170
:10A6380099E703552400EF100171D94711E18147CB
:10A64800B2502254925402593E85456182802AC6EE
:10A658000355E101EFF0BF82AA8705C9B24503554A
:10A66800240049468297AA8759DD0357840023901E
:10A67800E4000347140161F7E1B75947E317E5FE22
:10A68800230009006DBF8547CDB7B947F9BF3971B8
:10A6980022DC4AD84ED652D406DE26DAAA892E8A79
:10A6A80032C63689EFF01F97094415C58347250040
:10A6B8001307E00FAA845D44638FE7001307F00FC8
:10A6C8005944639AE700324605E2D2854E85EF1079
:10A6D80081742A8415CD2285F2506254D25442598D
:10A6E800B259225A2161828003550A009305E1017B
:10A6F800231F0100EFF0DFBC0355E101EFF07F8B72
:10A70800AA8505464E85EF30A03E2A845DDDE1B777
:10A718009307F00FE301F9FC938624007946A68598
:10A7280017F5FFFF13054541EFE0FFFBA381240167
:10A738005DB739719387819026DA844352D45AD011
:10A748005ECE62CC06DE22DC4AD84ED656D266CA27
:10A758002A8BAE8B328C368A99E08149B9A0804425
:10A7680083DC44000149835AA4006314990184409E
:10A77800E5B78357A400A28963F867010509420970
:10A78800135909014104D5B7E3EAFBFE630C0A003B
:10A79800834504004840D28662863AC6EF00516D70
:10A7A800324769DD19C323105701F25062544E85B0
:10A7B800D2544259B259225A925A025BF24B624C15
:10A7C800D24C2161828003D7050083D625008547B6
:10A7D80063E9E60439C7411183C6450026C293845C
:10A7E800550022C426862E8417B501001305C539E5
:10A7F800894506C6EF00D167C14711CD834644009D
:10A80800835524000355040001472686EFF07FF2A4
:10A81800814711E1A947B240224492443E85410153
:10A8280082803E8582802E860355060083D52500CA
:10A83800854763E2A50205C18346460041110147E9
:10A84800150606C6EFF0FFEE814711E1A947B240B1
:10A858003E85410182803E8582802E860355060012
:10A8680083D52500854763E2A50205C183464600D6
:10A8780041110147150606C6EFF0BFEB814711E10C
:10A88800A947B2403E85410182803E858280397168
:10A898004ED683D7250083D9050006DE22DC26DACA
:10A8A8004AD852D456D25AD05ECE62CC66CA6AC84A
:10A8B80063E037198547638E0914416BAE8A2A8A8B
:10A8C8002314010002C6014401497D1B894B054C34
:10A8D800C94C054D83D52A000147814601464E855E
:10A8E80023130100EFF0FFE4AA846300051209ECCA
:10A8F80013072002930661005A8695455285EFE0BA
:10A90800DFF02A84630805120357810083C7040017
:10A9180045C70347A100630CA70741476385E702C2
:10A928002C005285EF10011009CD34001546D94589
:10A938005285EFE03FE211C532459770FF1FE7806F
:10A94800A0B68147F9A083D7A40041461305240087
:10A958002300F40083D7A400A183A300F400CC4013
:10A968009760FF1FE78020F449048357810085071B
:10A97800C207C1832314F10063F9270983D7A40010
:10A98800638567098509C20993D90901A1B7E399C4
:10A9980077F983D7A4000946130524002300F4009F
:10A9A80083D7A400A183A300F400CC409760FF1FC5
:10A9B800E78060EF110455BF22C60359610003C741
:10A9C800A4001305240063827703335999032305F0
:10A9D80071012300E40083D7A4004146A183A300AA
:10A9E800F400CC401379F90FA5BF2305810123009A
:10A9F800E40083D7A400135929001379F90FA18320
:10AA0800A300F4000946CC4055B78357810089FB61
:10AA1800A947F2506254D2544259B259225A925A12
:10AA2800025BF24B624CD24C424D3E8521618280E2
:10AA38008547C5B7C547F1BF03C72192854763F36B
:10AA4800E706011122CC26CA4AC806CE2A843289D2
:10AA5800AE84EFF02FDC01C9034725009307E00F10
:10AA68005D456308F700631C0900A6852285EF1081
:10AA78006137F2406244D24442490561828003D57D
:10AA880004009305E10023170100EFF07F830355CD
:10AA9800E100EFF00FD2AA8505462285EF30400588
:10AAA80069D5C1BF5945828013F7050201C7B28530
:10AAB8006FF0AFD1411126C24AC006C622C413F9AD
:10AAC8008500AA8463170900139785016187635D70
:10AAD800070232853684EFF0CFCDAA850546631389
:10AAE800090001462685EF30A00001E90145B24082
:10AAF8002244924402494101828083479400E5DB65
:10AB080083478400E5F7E5B793F72500E5F30D459E
:10AB1800F9BF7971AE8622D42A8403D5060093053D
:10AB2800E10106D636C6EFF0AFF909CD83458500B9
:10AB3800B2460356E1012285EFF01FF7B2502254C6
:10AB4800456182800545DDBF13F7050201C7B2855F
:10AB58006FF0AFC7411122C426C206C693F4850020
:10AB68002A8491E41397850161876350070232852F
:10AB7800EFF02FC4AA85054691E0014622852244BC
:10AB8800B240924441016F20B07693F72500014509
:10AB980091E30D45B240224492444101828079718B
:10ABA800AE8622D42A8403D506009305E10136C671
:10ABB80006D6EFF0EFF0B24601CD83458500035687
:10ABC800E1012285EFF05FF8B2502254456182809E
:10ABD8000545DDBF797126D2AA840355A500C16752
:10ABE80022D44AD04ECE06D623170100FD17328450
:10ABF800B6890149630DF500050583C60400D040F8
:10AC080042051307E1004181EFF0BFB22A8983C6EC
:10AC18000400D040894517B501001305E5F6EF009B
:10AC280031251DC503D4A4002285EFF00FB709C54F
:10AC38007D142A944204418063840900239089008A
:10AC4800B25022544A8592540259F2494561828091
:10AC580083C60400D040894517B50100130545F3A4
:10AC6800EF00112161F183C60400D040894517B572
:10AC780001001305E5EFEF00B11F19C9E30609FA52
:10AC88008357E100E39287FA0354A9007D145DB766
:10AC980003D4A40055B7397122DC26DA4AD84ED637
:10ACA80052D456D25AD062CC06DE5ECEBE8983C755
:10ACB80085002A8AAE84C18B328C36843A89C28A4E
:10ACC800468B9DE783CB04008947638BFB04628531
:10ACD800EFF06F991DC183280500638008025A8828
:10ACE800D6874E87CA862286A6855285829839A03D
:10ACF8003285EFF0CF98AA8711ED3945F2506254AA
:10AD0800D2544259B259225A925A025BF24B624CBF
:10AD1800216182802946A6855285829745D5F9BF4B
:10AD2800D8408347170003470700A207D98FC207F7
:10AD38000D67C187930607906384D72263CEF60612
:10AD480093062780638ED70C63C1F602130707802A
:10AD5800E3CFE7F62D45E39309FADC4403C6070081
:10AD6800CC432310C900228569A213073780E390DA
:10AD7800E7F62D45E39409F885472310F900DC44EC
:10AD8800814583C707002300F40003D5A400050507
:10AD980042054181EFF0CFD28357090063170512AE
:10ADA80091072310F9001146814513051400976097
:10ADB800FF1FE78060B629A2930627906383D71800
:10ADC80063CED71293063790638CD7181307479032
:10ADD800E39FE7EE2D45E39309F2DC441D4723107A
:10ADE800E90003C707002300E40003C71700A30016
:10ADF800E40003D727002301E40003D727002183B9
:10AE0800A301E40003C747002302E40003D7670057
:10AE1800A302E40083D76700A1832303F4004DA0B5
:10AE28002D45E39D09ECDC446C0083C9170003C77A
:10AE38000700A209B3E9E90011472310E90083C715
:10AE480007004E852300F400DC4483C71700A300E5
:10AE5800F400EFF0EFC6AA8435C50356C100C165FA
:10AE68009306E100FD158329C500EFF0BFD619ED63
:10AE780083C60400D040894517B50100130545D1A4
:10AE8800EF00017F01E5FD572317F10003C7090013
:10AE980089476310F70283A5490009461305440052
:10AEA8009760FF1FE78020A08357090089072310B8
:10AEB800F9008357E1002301F400A183A301F40002
:10AEC80001452DBD23173101EDB70347050089075B
:10AED800BA972310F9008357A500A300F4008357FD
:10AEE800A500A1832301F400034605004C41130586
:10AEF80034009760FF1FE780009BD9B7C84497606C
:10AF0800FF1FE78080A493170501C1832A871D4589
:10AF1800E3E637DF6399F90023100900CC440356B0
:10AF28000900CE9589B54207B3863A01418363C7C4
:10AF3800E600B38737412310F900CDB72310590134
:10AF4800F1BF2D45E39C09DACC445285EFE0FFD1EF
:10AF5800231079012300A4002181A300A4008DB748
:10AF68002D45E39D09D8DC442310790183C70700E8
:10AF78002300F400DC4483C71700A300F40089B75A
:10AF88005D71CAC02A89035525004EDE52DC56DAA7
:10AF98005AD85ED662D466D26AD06ECE86C6A2C4AD
:10AFA800A6C22E8BEF00D100130CF5FF931D0C01E8
:10AFB800C16BAA8A8149179AFF1F130AAAD493DD85
:10AFC8000D01938C4190138DC18FFD1B8357C900D0
:10AFD80063F8F9009797FF1F83D7C7D263CE87011D
:10AFE800035529009795FF1F9385C5D1EF00314A76
:10AFF800AA841DCDD9442DA8832789001397190049
:10B008009305E100BA9703C4170083C70700220419
:10B018005D8C2285EFF0CFAAAA851DE923108B004D
:10B0280003254A00854409C59760FF1FE780C0478C
:10B03800B6402644268506499644F259625AD25AA1
:10B04800425BB25B225C925C025DF24D6161828080
:10B058008348490083A60C000356E10003552900E4
:10B068006E8881476A87EFF01FC3AA8411C5231031
:10B078008B0003254A0045BF83274A0095E3035503
:10B088002900514781465E86BD45EFE00FF8979746
:10B09800FF1F23ABA7C609E523108B00C54449BF92
:10B0A8009797FF1F83D707C603D7C18F3E9763477C
:10B0B800570113C7F7FF5697239EE18E03254A00D1
:10B0C80083A50C0003D6C18F3E959750FF1FE780DC
:10B0D800807D83570A0003570D008509C209BA9776
:10B0E8001797FF1F2310F7C293D90901C5B5397106
:10B0F80022DC2A840355250006DE26DA4AD84ED6F5
:10B1080052D45AD05ECE62CC66CAAE8B56D2EF000D
:10B11800216A2A8A8346C4008355A4000355840003
:10B1280078001306D400930CBAFF651AEFF06FE0AD
:10B13800420A416B2A898144135A0A01138C4190AF
:10B148009799FF1F938909BC7D1B6302090463D08B
:10B1580094058348440083260C000356C100035518
:10B168002400528881471387C18FCA85EFF0BFB288
:10B1780015C5814A0356C1008355A4004A85930624
:10B18800E100EFF03FA52A89639D0A065DFDE5E031
:10B198008357840029452390FB0081A003560401AE
:10B1A80083D7C18FE317F6FC83250C0048489750D6
:10B1B800FF1FE780C07A55DD83A74900A1E3035547
:10B1C8002400454781465A869D45EFE00FE41DE17E
:10B1D8008357840045452390FB00F2506254D254B3
:10B1E8004259B259225A925A025BF24B624CD24CE3
:10B1F800216182809797FF1F23A8A7B0835AA900CF
:10B2080095BF83A74900A697238057019387140009
:10B218001397070183A74900418393DA8A00BA97F5
:10B22800238057011387240083A64900938734009D
:10B23800420791044183C207C204C183C180369783
:10B2480011CD8356E1002300D70003A74900BA9720
:10B258000357E10021832380E700C5BDFD56230085
:10B26800D70003A74900BA972380D7000DB7035525
:10B27800240089809795FF1F9385C5A89797FF1F7E
:10B28800239297A8EF00B10629D95945B9B74111BA
:10B2980022C406C693F705012A84328585C3EFE0E8
:10B2A8005FD1AA8505462285EF209004954763055E
:10B2B800F500BD47631DF502214515A893F7450024
:10B2C80099CBEFE01FCF0546AA8522852244B240DC
:10B2D80041016F20F00193F7050489C7EFE07FCDA6
:10B2E8000146DDB713F51500133515000605B24004
:10B2F80022444101828079714AD04ECE52CC06D682
:10B3080022D426D22A8AAE89014983D749006364A8
:10B31800F9000145A1A083A709001314190093049B
:10B3280014003387970003470700A29703C5070057
:10B3380022079305E100598DEFE09FF805E983A7FF
:10B34800090005453E94034704002380E70083A7CE
:10B358000900BE9403C70400A380E700B25022543A
:10B3680092540259F249624A4561828083458500B8
:10B378000356E1005285EFF09FF105C183A709004C
:10B388003E94034704002380E70083A70900BE9486
:10B3980003C70400A380E700D1B705094209135980
:10B3A8000901A5B7011122CC2A8403D5050093050C
:10B3B800E10006CEEFE0DFF001CD834585000356BE
:10B3C800E1002285EFF0BFECF24062440561828023
:10B3D8000545DDBF397126DAAA840355250006DE46
:10B3E80022DC4ED652D456D25AD05ECE62CC66CA31
:10B3F8006AC82E8A4AD8EF00A13BAA8A83C6C4002D
:10B4080083D5A40003D58400138CAAFF7800138683
:10B41800D400EFF00FB2420CC16CAA890144135C4E
:10B428000C01138BC18F938B4190FD1CED1A179D56
:10B43800FF1F130D2D8D638D09180356C10083C599
:10B44800890003D52400EFF09FE42A89631D0516BF
:10B4580083C8440083A60B000356C10003D524000B
:10B46800628881471387C18FCE85EFF0DF822A89F2
:10B47800631B051439C003D7C18F11079797FF1FA6
:10B4880083D767886395E700A29763C057099797A2
:10B49800FF1F83D747873354F40203D524009795B9
:10B4A800FF1F938525869797FF1F239D8784EF00AD
:10B4B80091012A890DC559491DA003D52400494782
:10B4C80081466686C545EFE04FB49797FF1F23ADC9
:10B4D800A7820DE583D7A90045492310FA00F25049
:10B4E80062544A85D2544259B259225A925A025B3E
:10B4F800F24B624CD24C424D2161828083570B0043
:10B5080091071797FF1F2310F78083274D0003D754
:10B51800A9009306E100A2972380E700930714008F
:10B528001397070183274D0041834E85BA9703D7A8
:10B53800A90021832380E7000356C10083D5A40016
:10B54800EFF04FE983264D00130724000356E1006E
:10B558004207418336972300C70003274D0093070E
:10B568003400C207C183BA970357E100AA891104BE
:10B5780021832380E70003254D004204418003D640
:10B58800C18F83A50B002295639509029750FF1F71
:10B59800E780603183570B003E9442044180E318F2
:10B5A80004EE83D784002310FA00E31A09F229492C
:10B5B8003DB79750FF1FE780002F83570B003E943D
:10B5C800420441808DBD83D7A9002310FA00C1BF72
:10B5D8000149F1B75D71A6C2CAC0AA8403598500A2
:10B5E80003552500A2C44EDE56DA5AD85ED662D478
:10B5F80066D26AD086C652DC6ECE2E8BEF00411B17
:10B60800930BD5FF7115931905010144138DD400CF
:10B6180093D90901138CC18F938C4190978AFF1F8E
:10B62800938A4A6E6358741583C6C40083D5A400F0
:10B638001307E1006A864A85EFF0AF8FAA8D630B86
:10B6480005120359A500834585000356E10003D57B
:10B658002400EFF0DFC36314051283C8440083A6F7
:10B668000C000356E10003D524004E888147138758
:10B67800C18FEE85EFF02FE2631305101DCC83D741
:10B68800C18F1787FF1F035707688907630EF706DF
:10B698009787FF1F83D727673354F40203D5240005
:10B6A8009785FF1F938505669787FF1F239C8764EF
:10B6B800EF00A14D05C5594515A003D524004166E5
:10B6C8004D4781467D16A545EFE02F949787FF1FCC
:10B6D80023ACA7621DE123102B014545B640264443
:10B6E80096440649F259625AD25A425BB25B225CCE
:10B6F800925C025DF24D6161828083570C0089077C
:10B708001787FF1F2311F76083D7C18FA29763D3D1
:10B71800770783A74A0003D7AD00130A2400A2972E
:10B728002380E70005049317040103A44A00C1839A
:10B73800420A3E9483D7AD0083A50C00135A0A0130
:10B74800A1832300F40003A54A0003D6C18F5295B4
:10B758009750FF1FE780201503540C00C167FD17A1
:10B76800529442044180E30FF9EA0509420913594A
:10B7780009014DBD294509FC23102B0185B76DDC56
:10B7880001BF8357050081E789473E8582804111C3
:10B7980026C2444122C406C683C60400D0402A8477
:10B7A800894517A501001305253EEFF0706C19C9EE
:10B7B800834724002547E51793F7F70F6376F702C9
:10B7C800E14729A883C60400D040894517A5010090
:10B7D8001305053CEFF0D06961FD8947B24022446A
:10B7E80092443E854101828083D681848547FDD677
:10B7F800035704003697C166E3C2E6FE9165938558
:10B80800257031459760FF1FE780E0BAAA84CD47CD
:10B8180071D5314681459750FF1FE780E00F835768
:10B82800040083D5818401460147B386E500C2063A
:10B83800C1826369F702AE97C207C18319C2239414
:10B84800F18423A004002146A28513854400975063
:10B85800FF1FE7804005938781909C4391EF23A4C5
:10B86800919031A850401315470005072A962315D3
:10B87800D60005465DBFBA87984375FF84C38147E4
:10B88800B1BF011106CE22CC26CA4AC809E98944AB
:10B89800F240624426854249D244056182802AC624
:10B8A8002A84280036892314B1002305C100EFF04B
:10B8B8005FEDAA8471FDE30D09FC8357A400E1DB69
:10B8C80091659385557031459760FF1FE780A0AE5D
:10B8D8000DC58357A4002320050023242501231226
:10B8E800F500938741919C4389E723AAA1904DB71E
:10B8F800BA87984375FF88C361BFCD4451BF83C7DA
:10B90800E18F95E38547238FF18E058909CD9776D9
:10B91800FF1F9386269C414691451775FF1F130507
:10B9280065976FF01FF601458280A38EA182828001
:10B93800C167FD176315F5002E856FE06FA34111F0
:10B9480006C6EFE0EF9C11C5FD572310F500230153
:10B958000500B2404101828001114AC806CE22CCBE
:10B9680026CA85472A896393F5044A85EFE0AFCC58
:10B9780039E9C1649385F4FF1307E100894617A6E6
:10B9880001001306261F0545EFE0BFDA2A84FD14DF
:10B998000DC44C444A85EFF0BFF90356E1002285F7
:10B9A8008146A685EFF00FA32A84DDB78947639601
:10B9B800F5008545EF20E0334DD9F2406244D2448A
:10B9C800424905618280EFE00FC265B7411106C6A2
:10B9D80023A6019023A8019023A001901785FF1F9B
:10B9E8000345555841CD9307200C3305F502916561
:10B9F800938515701905420541819760FF1FE780FF
:10BA0800809B23A6A1909307200C1786FF1F03464F
:10BA180076553306F602814519069750FF1FE780D1
:10BA2800A0EF9387C1909C431787FF1F0347975345
:10BA380081459386870B7D5563E8E5069306800B61
:10BA4800B306D7020146FD550507B69723A8F1901E
:10BA5800BE862390B600A381B6002381B600238258
:10BA6800060005069906E366E6FEF9562390D70018
:10BA780099463307D702BA9723A0F19017E5FFFF3D
:10BA88001305C565EFD07FD217F5FFFF13050581B4
:10BA9800EFF0B04417E5FFFF1305C55AEF20A01CCF
:10BAA800B2400145410182802394A6F41386C6F46E
:10BAB80023100600232406003106E31BD6FE850565
:10BAC8009386860B95BF411122C42A8406C6EFD0FF
:10BAD800EFF4EFE02F8C238E8182938701908843C7
:10BAE800EFE00F89238581842244B24017050000C6
:10BAF8001305C5E641016F20001793970501C1871B
:10BB080063D00736797103C5C18322D452CC06D6D7
:10BB180026D24AD04ECE2E8AEF806FA52A8421C91C
:10BB2800034705009307000B6310F7048547A30438
:10BB3800F100938741909C4323150100A1E7EF0092
:10BB4800C07E9165938535709760FF1FE780A0865A
:10BB580023A2A19005E98347910099C78345440032
:10BB680013058400EFD03FE22285EF802F94B25076
:10BB7800225421653345AA0092540259F249624A77
:10BB880045618280614681451785FF1F130585172A
:10BB98009750FF1FE78040D8034944008947978999
:10BBA800FF1F93892916631DF906EF000078978710
:10BBB800FF1F2399A71403552400CE85EFF0F061E9
:10BBC800035724009787FF1F83D7C7138356840022
:10BBD80011ED63E4F6002314F400835584003A85DC
:10BBE800EFD01FBD2285EFD0FFB3B5B763E4F600F1
:10BBF8002314F40083578400D9450D469786FF1F08
:10BC08002392F6109786FF1F9386C60F3A85EFD0CA
:10BC18007FB48D4561D91785FF1F1305A50EE1A0D7
:10BC28009947631CF9029305A1002285EFF02FCCF8
:10BC3800AA844DD9D947639BF40E050903552400FE
:10BC48001379F90FD9459786FF1F9386A60B4A8665
:10BC5800EFD05FB0CA8559D57DBFA1476318F900F9
:10BC68009305A1002285EFF0FF96D9B7A947631F76
:10BC7800F906035584006C00EFE08FE4AA8463079B
:10BC880005160355240041669306E10055477D16C5
:10BC9800AD45EFD09FB79787FF1F23A7A706AA86B2
:10BCA80049C1834844000358E1000356C1000355C5
:10BCB8002400A68581474E87EFE0FFFDAA8463161E
:10BCC800051003552400CE85EFF01072E30C05F043
:10BCD80003552400CE862D46D945EFD0BFA7E303F0
:10BCE80005F0AD454E85EFD01FCAEDBDB1476315D0
:10BCF800F910035584006C00EFE08FDCAA84630719
:10BD0800050E0355240041669306E10059477D1648
:10BD1800B545EFD09FAF9787FF1F23A7A7FEAA8639
:10BD28003DE183578400C5442315F10003471400FF
:10BD3800D147E309F7EA8347440003552400978570
:10BD4800FF1F938525FC1787FF1F230DF7FA8357DD
:10BD5800A1001787FF1F2318F7FA9787FF1F23856E
:10BD680097FAEFF0D036E30F05E6035524009786DF
:10BD7800FF1F938626F90546D945EFD0BF9DE303FB
:10BD880005E6854549BD834844000358E1008357CB
:10BD9800A4000356C10003552400A6854E87EFE092
:10BDA8009FEFAA841DE103552400CE85EFF090692A
:10BDB800E30A05E203552400D945CE863546EFD07F
:10BDC8007F99B545E30005E2B9B5D9476393F40017
:10BDD800814403A549009750FF1FE780E06CE38387
:10BDE80004E0835784002315F10089B78357840042
:10BDF80085442315F1001DBFB9476318F900930561
:10BE0800A1002285EFF0CF9725B5C1476318F90047
:10BE18009305A1002285EFF0EFDB19BDC947631A2E
:10BE2800F900130691009305A1002285EFE02FFB8E
:10BE380001B5D947631DF9009305A1002285EFE0FC
:10BE48002FE9AA84E31805DEA304010061BBE147DA
:10BE5800E31AF9D89305A1002285EFE08FD5C9BB75
:10BE680001458280E9CE011152C42E8A854522CC33
:10BE78004EC656C206CE26CA4AC8AA8AB68932848F
:10BE8800EF103067D14715C183C7019283C611925D
:10BE9800814419E0B684BE8613878191184393972D
:10BEA8004400BA9763EDD400D547F2406244D244C7
:10BEB8004249B249224A924A3E85056182803E89BA
:10BEC800C10703D727FF09C7850493F4F40FD9BF27
:10BED8002DC09565938525C0130500029750FF1F57
:10BEE800E780604D2326A90061D113060002814531
:10BEF800938404049750FF1FE78000A22311990040
:10BF0800230009002313590105C81787FF1F1307CA
:10BF180027FB8347940010432304F900118C8327DF
:10BF2800C90011841180238E870023A0290181472D
:10BF3800ADBF23260900E9B723044901FDB78547AA
:10BF48003E85828093878191984383C5019281477A
:10BF58006395F50081463685828003562700BA86A8
:10BF680019C2E30AA6FE850793F7F70F4107CDB775
:10BF780093878191984303C6019281476315F60020
:10BF880081463685828083552700BA8689C58345D0
:10BF98004700E388A5FE850793F7F70F4107F9BF28
:10BFA8009787FF1F9387C7F1984383C531928147CD
:10BFB8006395F50081463685828003560700BA8668
:10BFC80019C2E30AA6FE850793F7F70F4107CDB715
:10BFD800938781919C4303C8119201476315E80038
:10BFE80081463685828003D62700BE8619CA03D6C5
:10BFF80067006318A600D04709C603562600E30267
:10C00800B6FE05071377F70FC107C9BF411122C450
:10C01800404526C206C6AA8415C0484409C597509B
:10C02800FF1FE7806048484809C59750FF1FE78011
:10C03800A04722859750FF1FE78000472685414685
:10C0480081459750FF1FE780208DB2402244FD575D
:10C05800A384F400924441018280011122CC2A84F5
:10C068000355250006CE2EC6EF10701132462285E4
:10C078008145EF00906C22856244F24005616FF0C3
:10C08800FFF80DC503572500411122C406C62A84AE
:10C0980011CBDD45EF00506E22852244B2404101AC
:10C0A8006FF0DFF6B2402244410182808280411164
:10C0B80026C231479304C5FF3387E4029787FF1FE1
:10C0C800938707E106C622C43E978356A700639765
:10C0D800B602484305C53E849307F00F6306F60091
:10C0E80083470500639CC7009750FF1FE780C03B4C
:10C0F800B147B387F402A29723A20700B2402244B3
:10C10800924441018280411122C42E8426C24946AC
:10C11800AA848145228506C69740FF1FE780C07F15
:10C12800ADC083C7C401139747009787FF1F938744
:10C1380027D99C43BA9703D707002310E40003D7F5
:10C14800270083D767002311E4001387E191035781
:10C1580007002312E40003D704002313E40003D7E5
:10C1680024002314E40003D744002315E40003D774
:10C1780064002316E40003D784002318F40023176F
:10C18800E400B24022449244410182809787FF1F15
:10C19800938707D303A8070093878191904383C5AA
:10C1A8000192014781476394E5003E85828083467A
:10C1B800060081CE544691CA83C6C6019206C2962D
:10C1C8006315D500850793F7F70F05071377F70F62
:10C1D8004106D1BF130600643386C5029306950055
:10C1E800AA8517050000130505EA6F804FAE4111B7
:10C1F80022C406C62A8403459500EF806FC8FD5700
:10C20800A304F400B240224441018280011122CCEF
:10C218004AC84EC652C456C206CE26CA2A89AE8914
:10C228000144138A81919D4A83C711926362F40481
:10C238006397090293898191130AF00F83C70192CA
:10C248006366F4061144A1442285050442041306DA
:10C25800F00FCA854180EFF09FE5E31794FEF240A6
:10C268006244D2444249B249224A924A05618280D4
:10C2780083270A0093144400BE9483C704009DC317
:10C2880083D76400639027036396590103D524007C
:10C29800EF10E06E26854E868145EF00104A268510
:10C2A800EFF0DFD605041374F40FBDBF83A70900B0
:10C2B80093144400BE9483C704009DC383C79400AD
:10C2C8006380470383D76400639C27012685EFF0CA
:10C2D8001FF22685D145EF00304A2685EFF01FD39F
:10C2E80005041374F40F99BF41677917630BE502CE
:10C2F800411122C406C685472A846399F500228520
:10C308002244B240814541016FF05FF0894763964E
:10C31800F5008545EF10F01D7DD1B2402244410162
:10C32800828082809D456FF07FEE03D5E191828007
:10C33800011106CE2317A1002316B10003C7C1912E
:10C3480085476318F70070009305E1000545EF5035
:10C358007027F24005618280A947631CF60483C7F1
:10C36800150003C70500A207D98F2310F50083C75E
:10C37800350003C72500A207D98F2311F50083C70D
:10C38800550003C74500A207D98F2312F50083C7BC
:10C39800750003C76500A207D98F2313F50083C76B
:10C3A800950003C78500A207D98F2314F50001451E
:10C3B80082800545828091476314F60283C7150081
:10C3C80003C70500A207D98F2310F50083C73500DE
:10C3D80003C72500A207D98F2311F50001458280E4
:10C3E800054582809387C5FF93960701C1820D4753
:10C3F8006360D70231473387E7029787FF1F938728
:10C4080027ADBA972381A7002390B7000145828002
:10C418000945828013074020AA876374A700930701
:10C428004020F117239FF1902381B1922382B1928A
:10C4380082801905956542054111938535C0418172
:10C4480006C69750FF1FE78000F711C5B240E955AF
:10C4580041016FF0C016B2404101828023800192F1
:10C4680023810192A3810192A3800192238E0190DE
:10C47800854701111787FF1F230AF7A406CE2AC68E
:10C4880022CCA3820192239F019023AC0190EF104C
:10C49800005832451306000381459787FF1F238301
:10C4A800A7A21785FF1F1305A5A29740FF1FE780C6
:10C4B800A0461785FF1F0345A5A431C1956593853F
:10C4C80045C012059750FF1FE780E0EE1787FF1F52
:10C4D8002328A79E0DC59787FF1F938767A283C749
:10C4E80017001786FF1F0346A6A18145A380F19276
:10C4F800A381C19212069740FF1FE780E04193870E
:10C50800119283C707001785FF1F0345A5A59565E9
:10C518003E951375F50F2380A192938555C012059A
:10C528009750FF1FE78020E923ACA19051C103C6B3
:10C538000192120681459740FF1FE780E03D9387EF
:10C548008191984383C60192814725077D56639A56
:10C55800F604EF10A070B1473305F5029565938591
:10C5680065C0420541819750FF1FE780C0E4978767
:10C57800FF1F23ABA7942A8401CDEF10206E31460C
:10C588003306C502814522859740FF1FE780C038E2
:10C598006244F24017050000130545D505616F1088
:10C5A800806C85072300C70093F7F70F410745B74D
:10C5B80023800192A380019269BF411193970501DD
:10C5C80026C206C622C4C187AE8463DE0708178563
:10C5D800FF1F0345258FEF708FF92A8439C9034758
:10C5E8000500930700096313F70403471500CD47B7
:10C5F8006319F706034525009775FF1F83C5B57AAC
:10C6080083C7219293066400014601472E88631967
:10C61800E50219C22381F19283C7219281CB854516
:10C628001785FF1F0345058AEF705FB42285EF70F9
:10C63800EFE72165258DB240224492444101828072
:10C6480003C60600B29713F6F70F9377F80F6374D3
:10C65800B6009377F60F05071377F70F8906054697
:10C668007DB72125E1B793F715000145E9D7EF001C
:10C67800506D19C983C7219281CB85451785FF1F46
:10C6880003454584EF709FAE13C514006DB785460A
:10C698002A8763FBC60483C7150003C60500A207E3
:10C6A800D18F2310F500639CD70083C7350083C65C
:10C6B8002500A207D58F2311F50001458280894600
:10C6C80001456394D70283C7350083C62500A207B6
:10C6D800D58F2311F70083C7550083C64500A207ED
:10C6E800D58F2312F7008280054582809147631415
:10C6F800F60283C7150003C70500A207D98F2310C8
:10C70800F50083C7350003C72500A207D98F231179
:10C71800F500014582800545828091476314F60241
:10C7280083C7150003C70500A207D98F2310F5009A
:10C7380083C7350003C72500A207D98F2311F50049
:10C748000145828005458280A1476314F60483C7AA
:10C75800150003C70500A207D98F2310F50083C76A
:10C76800350003C72500A207D98F2311F50083C719
:10C77800550003C74500A207D98F2312F50083C7C8
:10C78800750003C76500A207D98F2313F50001457B
:10C798008280054582808947631CF60083C715009F
:10C7A80003C70500A207D98F2310F5000145828031
:10C7B800054582808357260079714ECE06D622D44D
:10C7C80026D24AD01307F007AE896372F7020947E9
:10C7D8003AC42316F100300093F5F50FEF10001955
:10C7E800B250225492540259F2494561828003574B
:10C7F8004600D9462A89328463F8E60083576600E2
:10C8080063F4F6006379F70023140100300093F510
:10C81800F90F4A85E1B70355060002C4EFF04FF857
:10C82800AA8459C1EFF09F9683C784006369F50015
:10C838001146A246CE854A85EF10A00855B73400A8
:10C8480026869305F00F4A85EFF0CFE175F1A247F0
:10C8580003578400DC472390E70003572400239103
:10C86800E700035744002392E7000357640023932B
:10C87800E70003D744002394E700DC4485CB93F416
:10C88800F90F2286A6854A858297C167FD172A86F1
:10C89800E311F5FA22459947F9452300F5002302EB
:10C8A8009500EFF03F932DBF094661B7014651B798
:10C8B800A947631CF60483C7150003C70500A20730
:10C8C800D98F2310F50083C7350003C72500A207B9
:10C8D800D98F2311F50083C7550003C74500A20768
:10C8E800D98F2312F50083C7750003C76500A20717
:10C8F800D98F2313F50083C7950003C78500A207C6
:10C90800D98F2314F500014582800545828083C7AD
:10C9180005002300F50083C71500A300F50083C7B1
:10C92800350003C72500A207D98F2311F50082809F
:10C938002322050003C7450089476304F70005451E
:10C94800828083D665000D47E37BD7FE9C450111A5
:10C9580006CE22CC26CA4AC84EC683C4170003C6D0
:10C968000700A204D18C138644006311D60403C4C3
:10C97800370083C72700AE8922045D8C9307C4FF64
:10C98800C207C1832A89636FF70003A589002311B1
:10C99800990023108900F155EFE070422322A90085
:10C9A800014531A02285EFF0EFD965F10545F24048
:10C9B8006244D2444249B24905618280397122DC1D
:10C9C8002E84834704004AD806DE26DA4ED6194755
:10C9D8002A89B285639AE706034624002800EFF007
:10C9E800FFD0AA8415E903558100EFF0AFD5AA89D5
:10C9F8008345140015C92E8617170000130727EA68
:10CA080034009D454A85EF00903F4E850946814593
:10CA18002D234E85EFF08FDFF25062542685425960
:10CA2800D254B2592161828089472310F10083577B
:10CA380081000A862311F1008357A1002312F10017
:10CA48004A85EF00B072C9BF4947639DE7020356A4
:10CA580024002800EFF05FCFAA845DFD9777FF1FC1
:10CA680083D7C74799E3814445BF034714008346EA
:10CA780004003C000146CA851775FF1F034525467B
:10CA8800812659BF51476390E702035624002800C6
:10CA9800EFF09F8CAA8449F18345140030004A8541
:10CAA800EFF05FD195BF59476391E706035624001D
:10CAB8002800EFF05F90AA8425F1835581004A850C
:10CAC800EFF00FD10DC958458356A10083570700D1
:10CAD800B697C207C1832310F700D1D75C47C1D7E7
:10CAE80083C72192C9D385451775FF1F0345853D27
:10CAF800EF70CFE715B789473EC0835781000A8694
:10CB0800834514002312F10025BF834514000A86CB
:10CB180023100100EF009065B9B75D71A6C256DA1F
:10CB280086C6A2C4CAC04EDE52DCAA8A03C5150056
:10CB3800AE8432C6EFF0CFC3B24501ED8144B640B2
:10CB48002644268506499644F259625AD25A6161AA
:10CB58008280230205002311050083C9040085474C
:10CB68002A84639AF90003C624002808EFF03FB22C
:10CB7800AA8405492DA09D476394F904034705003D
:10CB88008D47E31DF7FA03C6240028080549EFF08E
:10CB9800DFB8AA8409E5054681452285792E2285D4
:10CBA800EFF0EFE4034584003C080147CE86268673
:10CBB800D6853924E30509F82285EFF02FC541B75A
:10CBC800CD47639DF900034705009147E318F7F641
:10CBD80003C624002808EFF01FBC59BFD547E39FC0
:10CBE800F9F4034A05008947E31AFAF403C6240056
:10CBF80028080549EFF0DFCBAA8455F183570102D5
:10CC0800BDE3035781011306F0035C44930607FC58
:10CC1800C206C182636CD6000356A101D94663F7E8
:10CC2800C6008356C101D94563EFD50003552400DA
:10CC38002391E7000549EF00905403560102D2857D
:10CC48002285712CA9BF8355E1012391E700239226
:10CC5800C7002390B7002393D70085472300F4002B
:10CC6800014A0149D9BF014AC9BF7971AA8522D4AD
:10CC780026D203542500AA84280806D6EFF05FCBF5
:10CC8800F24599E535E985452285EFF06FEAC1A0BF
:10CC9800835781011547639BE7060357A1018D4719
:10CCA80063FCE7046800EFF09FC60357E100DD4727
:10CCB80063FCE7008345D100B70717008507100814
:10CCC80022853EC8EF00904A8357E1000357A1012F
:10CCD80091076305F7002285EFF0CFE48347C10091
:10CCE80072466C00858B1106228591CFEFF0FFE22A
:10CCF80001C52285EFF00FE3884451D59740FF1F07
:10CD0800E780807A49B7EFF07FCBDDB711476389B9
:10CD1800E7001387A7FF42074183854663EEE602D3
:10CD28003147F117B387E7021777FF1F1307471A31
:10CD3800BA9703D7070069D303C527003008A2852F
:10CD48000D205DF9035781019147E31EF7F2B250B8
:10CD580022549254456182802C082285892E49FDEF
:10CD6800FDB701114AC82A89314526CA06CE22CC08
:10CD78002EC6B284EF60BFF831C1B2459307000AEE
:10CD88002310F5002311B5002A84214611058DC012
:10CD9800A6859740FF1FE78000B1A2854A85EF70FE
:10CDA8006F850145F2406244D24442490561828060
:10CDB80081459740FF1FE78020B6C5B70545DDB719
:10CDC800797126D2AA841305000206D622D42ECE63
:10CDD80032CC36CA3AC83EC6EF607FF231C96246E5
:10CDE800F2454247D246B2472A84130520FA230067
:10CDF800A400A300C4002311B4002302E400A3028A
:10CE0800D40013058400614691CFBE859740FF1F6B
:10CE1800E78060A9A2852254B250268592544561C4
:10CE28006F605FFD81459740FF1FE780E0AEDDB78B
:10CE3800B25022549254456182805845797122D467
:10CE480006D62A84AE8651C383572700231DF100D6
:10CE580093072006639FF5049387E19103D60700A3
:10CE6800835767006373F600B28713F6F70F83558D
:10CE78002701834707018D8F93F7F70F81E589070E
:10CE880093F7F70FB297FD17B3C7C702231EF10038
:10CE9800835724008355640003458400231CF10054
:10CEA80001473C080146EFF0BFF1B25022544561FA
:10CEB80082800347C7019777FF1F938767009C43CA
:10CEC8001207BA9783D76700D1B72EC6194681458E
:10CED80028089740FF1FE78020A4B24655BF797104
:10CEE80022D406D626D22A848DC1814701479306CB
:10CEF80000062E868355640003458400EFF05FEC3E
:10CF0800B2502254925445618280B2842800594616
:10CF18009740FF1FE78040A02314910089E88357BA
:10CF2800240048446C002315F100EFF0CF9D3C002D
:10CF3800014793060006014675BF797106D68147F9
:10CF480099ED8357250058452316C1002314F10095
:10CF58003C0011C7835727002315F1003C002E869B
:10CF68008355650003458500014793060006EFF0E9
:10CF78003FE5B25045618280411122C406C683470D
:10CF8800050011472A846395E7022E8683556500BC
:10CF98000345850081470147CD46EFF07FE24946CA
:10CFA800835564002244B240154541016FF02F902B
:10CFB80013F7B70F89466317D7000146EFF03FF222
:10CFC8005146F9BF0D476398E7002244B240014635
:10CFD80041016FF09FF6B24022444101828083D71D
:10CFE80005003147F1173387E7029777FF1F9387CB
:10CFF80027EEBA97D84319EBD8412395A7000145E6
:10D00800D8C303D725002394E7008280594582803E
:10D01800797122D4404526D24AD006D6AA842E89D0
:10D0280025C0484419C59740FF1FE780E0472326DD
:10D0380004008357040083D5640003C584002315C6
:10D04800F100835724000147930640062316F10098
:10D05800835784004A862317F1001C483EC883D7AB
:10D0680024002314F1003C00EFF09FD5A30E240107
:10D0780023280400B25022549254025945618280F8
:10D088002800314681459740FF1FE780E08883D715
:10D09800240083D5640003C584002314F1000147EC
:10D0A8003C00930640064A86EFF09FD1E1B77971BC
:10D0B80052CC2A8A03D5050026D206D622D44AD0D5
:10D0C8004ECE56CAAE84EFE0FFE719E1854749A086
:10D0D8004045AA8965DC83576500E39947FF835774
:10D0E8008400638907128346C401977AFF1F938AD5
:10D0F8002ADD03A70A009206FD173697C2070357D1
:10D108006700C1832314F4006316F7009305300603
:10D11800EFF0BFD25C48A5EFC8400349150083472C
:10D12800050022093369F90083D724001307290071
:10D13800631AF702F955EFE08048C8C0239124012B
:10D1480003C589002686D285EFF0BFC1814721E15A
:10D15800B250225492540259F249624AD24A3E8548
:10D16800456182809565938515C04A859740FF1F64
:10D17800E780602448C8C840231C2401F955EFE023
:10D18800004483D72400C8C0F9172391F400484805
:10D1980059C503D624008356A40183578401330854
:10D1A800D60063C007090347C40183A70A00954551
:10D1B8001207BA9783D7270063CF0705CC40369567
:10D1C8009730FF1FE780206E0357A40183D7240000
:10D1D800BA97C20703578401C183231DF400E3975C
:10D1E800E7EE03D7290003C5890030002314E100C6
:10D1F8005848D2852315F1003AC6EFF09FB611C5FD
:10D2080048489740FF1FE780202A232A0400232C40
:10D2180004006DBD99454E85EFE03FE445BDA54549
:10D22800DDBF9145CDBF03D7250069CF83D6E191F6
:10D23800ED4763EAE60C011122CC2E8426CAAA84A3
:10D248004840914506CEEFE0803783572400AA86F0
:10D258002300F50083572400A183A300F50083571A
:10D2680004002301F50083570400A183A301F500FE
:10D2780003562400C167F9171106420641826396D6
:10D28800F4042AC4314532C6EF607FA7AA85CD478A
:10D298001DC5930700F93246A2462300F500F95749
:10D2A8002311F50089472302F5002313C50014C58F
:10D2B8001775FF1F034505C1EF60DFB38147F240D3
:10D2C8006244D2443E850561828081452685EF40CF
:10D2D800103BAA8701E903C7219275D37D172381E3
:10D2E800E192F1BF09476302E5021D476301E502C8
:10D2F80049476300E5027D47E313E5FC03C7219234
:10D308008147E1BFED473E858280D1474DBF9147B8
:10D318007DB789476DB7011122CC4AC8314413093A
:10D32800C5FF330489029777FF1F938767BA06CE34
:10D3380026CA3E94584031C783C62192BE84854789
:10D3480095CA2314A100835784000355A4002C0018
:10D358003AC62315F100EFF01FED11C5484097407C
:10D36800FF1FE7806014B147B307F902A69723A20D
:10D3780007008547F2406244D24442493E85056130
:10D3880082808147C5BF797126D244451387E191D0
:10D398004AD083D764000359070052CC06D622D45A
:10D3A8004ECE56CA2A8A63F327013E8903D7240141
:10D3B80042091359090183D7040141CB998F4A8443
:10D3C80063D5270113940701418089452285EFF031
:10D3D8004F86AA89CD4A25C183D724002AC623159A
:10D3E80081002314F10083D7240185E383D7040146
:10D3F800930925002300F50083D70401A183A30026
:10D40800F5006376240503D4040183D72401CC44B2
:10D4180022864E85BE959730FF1FE780C04803558A
:10D428006A002C00EFF03FE0AA8A15C54E859740A8
:10D43800FF1FE7806007B250225456859254025964
:10D44800F249624AD24A4561828089078DBF7914C0
:10D45800420441805DBF03D7240183D704003A9476
:10D46800FD17C207420403D70401C18341802390FA
:10D47800F400239984006377E400D5FFFD57A38E59
:10D48800F40055BF81455285EFF09FB86DB7011183
:10D498004EC683C9519222CC52C456C25AC006CE37
:10D4A80026CA4AC84E84138A8191854A130BF00F05
:10D4B80083270A0093144400BE9403C90400631729
:10D4C8005907DC44A5C7D84735C303D7070039C374
:10D4D80083C7219289CF2685EFF0FFEAAA8515E553
:10D4E800050483C71192635FF400A3828192F2401E
:10D4F80062444A85D2444249B249224A924A024B7E
:10D5080005618280A3820192DDB72685EFF05FB0C6
:10D518000149F1BF83C7D701639A670193052006C4
:10D528002685EFF09F91DC44A38E07000504137451
:10D53800F40F83C711926363F4000144E31A34F7CC
:10D54800C1BF4111154506C6EFF0FFDC09C5054509
:10D55800B240410182801945EFF0FFDB6DF91145BA
:10D56800EFF07FDB6DF51D45EFF0FFDA6DF183C756
:10D578001192F9DFB24041016FF07FF183D70500C6
:10D588000D47F117C207C1836361F706DC41B1CFCC
:10D59800411122C42E84854526C206C6AA84912F2D
:10D5A80039C52685AD25C167F917638FF40009EDE4
:10D5B8008357240091CB835604001947639FE602E2
:10D5C80003D7E19163FBE70283C72192A2852685F1
:10D5D80099C72244B240924441016FF0DFC422440B
:10D5E800B240924441016FF09F9F094582805145A6
:10D5F800B24022449244410182806D45D5BF3971C1
:10D6080026DA4ED6AA84AE895D4589454AD806DE13
:10D6180022DC328936C63AC4EFE0BFE125C522478D
:10D628002A84014511C7B24613054400B6850297FE
:10D638009357850023003401A30024012301A4008B
:10D64800A301F40011059547231DA100231CF10037
:10D6580022CE83C721922C08268595C3EFF0BFBC44
:10D66800AA8411C522859740FF1FE780E0E3F250A6
:10D67800625426854259D254B25921618280EFF012
:10D688001F96F9BFCD44E5B7797126D24AD052CC5E
:10D6980056CA06D6BA8A22D44ECE19472E89B284E3
:10D6A800368A6391E508035526000944EFE09F890F
:10D6B8002AC649C15C458359650083D72700239052
:10D6C800F400B2471547238057011766FF1F03462A
:10D6D800E67F2391E700130716001377F70F976685
:10D6E800FF1F2385E67E2382C70011E7054797665B
:10D6F800FF1F238DE67C5147631AE90015472391E4
:10D70800E400DC4703D784002394E7005287A68609
:10D71800CA854E85EFF0BFEE2A84324515C4EFE086
:10D72800FF8E09A842867400BE85AA89EFE08FF3B0
:10D738002A8441D92285B250225492540259F2497E
:10D74800624AD24A45618280F945EFE0BFA8DDB759
:10D7580083D705002300F50083D70500A183A30024
:10D76800F50083D725002301F50083D72500A18381
:10D77800A301F5001145828083D705002300F50039
:10D7880083D70500A183A300F50083D725002301D3
:10D79800F50083D72500A183A301F50083D74500B1
:10D7A8002302F50083D74500A183A302F50083D7A0
:10D7B80065002303F50083D76500A183A303F50063
:10D7C8002145828083D705002300F50083D7050013
:10D7D800A183A300F5000945828083D705002300B3
:10D7E800F50083D70500A183A300F50083D72500A2
:10D7F8002301F50083D72500A183A301F50083D772
:10D8080045002302F50083D74500A183A302F50054
:10D8180083D765002303F50083D76500A183A3039D
:10D82800F50083D785002304F50083D78500A183FD
:10D83800A304F5002945828003D705008546AA87F9
:10D848002300E50003D705002183A300E50003D7E3
:10D858000500631DD70003D725002301E50003D782
:10D8680025002183A301E500114582800945631540
:10D87800A70203D7250019452381E70003D7250010
:10D888002183A381E70003D745002382E70003D75C
:10D8980045002183A382E700828083D70500230007
:10D8A800F50083D70500A183A300F50083D72500E1
:10D8B8002301F50083D72500A183A301F5001145B5
:10D8C8008280797126D24AD04ECEB2842A89AE8916
:10D8D80029468145480022D406D636849730FF1F52
:10D8E800E78080032316910095EC835724002312C8
:10D8F800F1009387E19183D707002314F1005C447A
:10D9080095C383C6C7011767FF1F1307675B1843D3
:10D91800920683D787003697035727002315F1000F
:10D928002313E1004A8517070000130747EB54004B
:10D9380013F6F90FD545EFF09FCC2A8911C19DE068
:10D9480085472300F400230204000146814522850F
:10D95800EFF0EFD8B25022544A8592540259F24956
:10D96800456182802285EFE06FEAEDB7B28617073E
:10D9780000001307A7EC2E8685456FF05FC80111DC
:10D988002317A1004165700001489307F00F0D4768
:10D9980097060000938606DC99457D1506CEEFF0C4
:10D9A800BFCEF24005618280B28701482E861147BA
:10D9B80097060000938686DCC9456FF0FFCCB286D7
:10D9C80017070000130747E02E86CD456FF03FC3C9
:10D9D800011122CC26CA4AC84EC606CE2A89AE896B
:10D9E8001764FF1F130444529764FF1F9384C454A1
:10D9F8001C4081C7CE854A8582971104E31A94FE9C
:10DA0800F2406244D2444249B24905618280976734
:10DA1800FF1F83C7273C1765FF1F0345B53B1767E3
:10DA2800FF1FA301F754AA9793F7F70F1767FF1F74
:10DA3800230AF752D9C31305C0033385A702A56586
:10DA48004111850506C69740FF1FE780C096976776
:10DA5800FF1F23A9A74A9307C0031766FF1F0346A2
:10DA680066503306F60281459730FF1FE780C0EA0B
:10DA78009767FF1F938707499C439766FF1F83C6D5
:10DA8800664E014789077D56634FD700B24013069B
:10DA9800000381451765FF1F13050547410117332B
:10DAA800FF1F670063E72390C7002381070023A5B2
:10DAB800070205079387C703C1BF82809767FF1FC7
:10DAC8009387474498431766FF1F0346A649814733
:10DAD8006315F600814636858280BA861307C70328
:10DAE800835567FCE389A5FE850793F7F70FCDB744
:10DAF800011122CC2EC632C406CE2A84EFF01FFCB8
:10DB08002246B24511E9C167F9176303F40051458C
:10DB1800F24062440561828054558347450095C2AE
:10DB280013F7270141456314A700154575F2C18B0A
:10DB38003D45F9DF83C7A6010145E3FBB7FC314545
:10DB4800C1BFC18B0145E9F71545D9B7797126D20F
:10DB5800C16422D44AD04ECE52CC56CA06D62A899F
:10DB680001449769FF1F9389E939130AC003FD141B
:10DB7800854A9767FF1F83C7E73E6364F400014542
:10DB880035A8B307440303A70900BA9703D72700AA
:10DB98006316970005041374F40FE1BF03C557001B
:10DBA800300093856700EFB010481946CA852800F1
:10DBB8009730FF1FE780A0DAE31E55FDB2502254CC
:10DBC80092540259F249624AD24A45618280976763
:10DBD800FF1F93872733C16698439765FF1F83C547
:10DBE80065388147FD166395F500014632858280C8
:10DBF800035827003A866306D80003480700E3075E
:10DC0800A8FE850793F7F70F1307C703E9BF41116C
:10DC180006C6EFF0BFEA11C503554501B240410100
:10DC280082800145E5BF9767FF1F9387A72D98431B
:10DC38009766FF1F83C60633814711070145639323
:10DC4800F60082800346070001C605051375F50F27
:10DC5800850793F7F70F1307C703D5B71765FF1F96
:10DC68000345453082801767FF1F1307E72981475F
:10DC7800BA8631460C4391E58A07B69788C30145B1
:10DC8800828085071107E397C7FE4D4582804111C1
:10DC980006C622C4EFF09FE21DCD2A840355250055
:10DCA8008545EFF0FFD2485409C59730FF1FE7803C
:10DCB800A07F22851306C00381459730FF1FE780A8
:10DCC800A0C5FD572311F400230204000145B2400A
:10DCD8002244410182800945DDBF411106C6EFF0AB
:10DCE800FFDD11C50345C500B240410182800145F1
:10DCF800E5BFC167F9176304F502411122C406C6DE
:10DD08002E84EFF0BFDBAA87014591C703C5470002
:10DD1800698C33358000B240224441018280054538
:10DD28008280011106CE2EC6EFF05FD9854711C952
:10DD380003574501B24585476305B700231AB50067
:10DD48008147F2403E850561828021CD01114AC894
:10DD5800416922CC26CA4EC652C406CE0144AA84C2
:10DD68009769FF1F9389091A130AC0037D199767DA
:10DD7800FF1F83C7271F634AF400F2406244D2445E
:10DD88004249B249224A056182803305440383A788
:10DD980009003E9583572500638327018294050473
:10DDA800F9B782809767FF1F9387C7159C43C166A1
:10DDB8001766FF1F0346061B890701450147FD1625
:10DDC80091456313E600828003D807006309D800F1
:10DDD80003C8A7006315B80005051375F50F0507F7
:10DDE8001377F70F9387C703E9BF9767FF1F9387D9
:10DDF800671194431766FF1F0346C616014791062D
:10DE080081476310E602858393C7F7FFC207C18382
:10DE180005456364E50285473395A70042054181BE
:10DE2800828083C5060081C583D5C602CD8F0507CC
:10DE38001377F70F9386C603E9B793F61700E1FE49
:10DE4800050585831375F50FE9B7797156CAAA8A4E
:10DE58002E8526D24AD04ECE52CC5AC85EC662C44F
:10DE680006D622D4AE84328B368CBA8B3E8AC289CF
:10DE78004689EFF0BFC449E141657D15EFF01FC445
:10DE88002A84554531CC1946DE8513056400A30262
:10DE980084019730FF1FE78000A1835701032311F6
:10DEA8009400230264012319F400835741032300DB
:10DEB800540123260402231AF400230644012317DD
:10DEC800340123182401EFF05FF22318A402232A57
:10DED80004022685232C04028145EFF07FAF01451B
:10DEE800B250225492540259F249624AD24A424BE1
:10DEF800B24B224C456182804545DDB79767FF1FCD
:10DF08009387470098439766FF1F83C6A6058147F6
:10DF18006395F60041657D1582803A861307C7032D
:10DF2800835547FF6395A500035526008280850722
:10DF380093F7F70FF1BF9767FF1F9387A7FC9443E9
:10DF480041661768FF1F0348E80101477D16954899
:10DF580011436314E8000145828083D72600368583
:10DF68006380C704CC5A8DCD83C7350083C525008F
:10DF780089CD938597FD93F5F50FE37FB3FC9387E0
:10DF8800D7FA93F7D70F89EF82809385F7FD93F53A
:10DF9800F50FE3F3B8FC9387D7FA93F7D70FCDDFE4
:10DFA80005071377F70F9386C60365B79767FF1FB3
:10DFB800938747F5416698439765FF1F83C585FAA0
:10DFC80081477D1625486394F50001458280835674
:10DFD80027003A85638CC600545B89CA83C636001D
:10DFE8009386E6FD93F6F60FE372D8FE850793F75E
:10DFF800F70F1307C703C1BF011122CC2A84494573
:10E0080006CEEF804FA715C12AC62285EFF01FABB9
:10E0180009CD6244324683550503F2401765FF1F58
:10E028000345F5F305616F600FB4F2406244056182
:10E03800828039714ED652D4AE892A8A930530052A
:10E04800414526DA4AD856D206DE22DC32C636895F
:10E05800BA8A9730FF1FE7800036CD4431C92A8439
:10E0680089446382090432468145231AC100414626
:10E078009730FF1FE780408A5686CE8522859730E5
:10E08800FF1FE78040822146630E0902CA852808DF
:10E098009730FF1FE7802081A28650082C08528500
:10E0A800EF309055AA8422859730FF1FE780C03F44
:10E0B800F250625426854259D254B259225A925A81
:10E0C80021618280814528089730FF1FE780C0843E
:10E0D800E1B7411122C4405926C206C6AA8429CCF8
:10E0E800085409C59730FF1FE780003C285809C528
:10E0F8009730FF1FE780403B685809C59730FF1FDE
:10E10800E780803A285C09C59730FF1FE780C0394F
:10E11800685C09C59730FF1FE780003903250408AC
:10E1280009C59730FF1FE780203822859730FF1FE9
:10E13800E780803723AA0402224483D50403B2402F
:10E1480092441765FF1F034595E141016F600FCCAD
:10E15800411126C206C622C4AE84EFF03F9621C5FF
:10E168004C592A84A9C183A8C50703A88507FC5967
:10E17800B85983C6650003D6050083C525002685E2
:10E18800EF808F972285EFF0DFF4EFF03FE201CDCB
:10E198002244B24092441765FF1F034555DC85456C
:10E1A80041016F50BFFCB240224492444101828039
:10E1B800011122CC06CE2A842EC6EFF03F905C597E
:10E1C80091CF83D70700B245639A87008547639745
:10E1D800F5006244F24005616FF0BFEFF24062441F
:10E1E80005618280411106C622C426C2EFF0BFD461
:10E1F80029C54059AA8431C08347240095CB976725
:10E20800FF1F9387A7D39C4389C7DC4399C3228503
:10E218008297034734009307F0026310F702224401
:10E2280003D52400B2409244814541016FF05FF26A
:10E238009767FF1F938747D0F9B7B24022449244AB
:10E2480041018280411126C24AC006C622C4AA845E
:10E258002E89EFF0BF8631C1405961C08357040051
:10E26800639D970A8347340013071002639DE708EC
:10E2780083472400C1C77C540327040883D7470178
:10E2880005E713F717000DC3185403574700058B0C
:10E2980001CF93072002A301F400B2402244924424
:10E2A800024905454101828013F7270009CB18541C
:10E2B80003574700098B01C793074002E9BF918BB9
:10E2C80089CB1C5483D74700918B81C79307600281
:10E2D800D9B79767FF1F938767C69C43DDDFDC4389
:10E2E800CDDF22858297034734009307F0028145EA
:10E2F800E315F7FA2685EFF0BFE545B79767FF1FE7
:10E30800938787C3D9BF1307A0026398E700630404
:10E31800090013092003CA85F1BF631C090026857B
:10E32800EFF0CFF919C58347450093E707012302AA
:10E33800F500A6854A85EF709F9085B7797126D23A
:10E348009947231DB100AA842E858D4522D406D66F
:10E3580032C636C4231CF100EFE0AF8D2ACE4D44FF
:10E368001DC13246A246AA85328582962A8419E5BD
:10E378002C082685EFF08FA02A8411C572459730A6
:10E38800FF1FE78060122685EFF01FC72285B25075
:10E398002254925445618280411122C42E862E84D3
:10E3A8009726000093862696894506C626C24AC047
:10E3B8002A89EFF0BFF883450400AA844A85EFF064
:10E3C8003FD9B240224426850249924441018280C5
:10E3D8009767FF1F938747B69C4395CB9C4385CB94
:10E3E8001D71A2CC86CE984110082A843AC8D8411B
:10E3F80085453ACA829701C92306A100035524001E
:10E408006C00EFF07FF9F6406644256182808280D7
:10E41800AE8715C5785505C7834607002380D50004
:10E4280083461700A380D500834627012381D500A2
:10E4380083468701584BA381D500D8C182804146C5
:10E4480081453E851723FF1F6700034D9767FF1F10
:10E458009387C7AE9C4391C703A387006303030058
:10E468000283094582801767FF1F130727B91843DE
:10E478001DC75843AA8705450DC703A507084111BD
:10E4880006C6930605021306050C93050506130533
:10E4980005040297B2401375F50F410182800545C6
:10E4A800828082804DC9357122CD2A8403550500AA
:10E4B80026CB4AC94EC756C306CF52C55AC1DEDE5F
:10E4C800B68AB2892E89EFF06FDFAA8439C50C1895
:10E4D8002285EFF0FFF383472400138A6400A9CB59
:10E4E800EF70AFCF2A8B014583CB5400EF70AFCCD0
:10E4F800AA840C100818EF10806208542C10EF1032
:10E50800A062D288268A56C05E88D2875A8714109D
:10E518003010CE854A85EF20D01EFA406A44DA448E
:10E528004A49BA492A4A9A4A0A4BF65B0D618280DF
:10E53800EF70AFCAAA8B014503CB5400EF70AFC789
:10E548002ACE08540C10EF10805D2C100818EF101C
:10E55800A05DF2484DBF8280C14709CD1455C1471F
:10E5680091CA785501CB83C73600BD4663F4F600DF
:10E57800834787013E858280894763090510638741
:10E588000510411106C622C426C2834715002E84F1
:10E598002380F50083472500A380F50083473500D5
:10E5A8002381F50083474500A381F5008347550083
:10E5B800858B9396870083D7450093F7F7EFD58F20
:10E5C8002392F5008346550093F7F7DFA20693F6EA
:10E5D8000620DD8E2392D5000347550093F6F6BF3B
:10E5E800220713770740558F2392E500834755008C
:10E5F800FD769386F67F8D87858B758FAE07D98FCD
:10E608002392F50083466500F99B858ADD8E239267
:10E61800D500034765009377270013F7D6FF5D8F72
:10E628002392E5008347650093F647009377B7FF89
:10E63800D58F2392F50003476500DD9B4D45218B5F
:10E64800D98F2392F500EF701FC3AA845145EF704C
:10E658009FC20347340093F4F40FC94763629702DB
:10E668001375F50F636EE500834604001147E14713
:10E678006368D7008346140005476363D700814762
:10E68800B240224492443E85410182803E85828088
:10E6980015C1AA8709458DC141112E85414693852B
:10E6A800170006C69720FF1FE780E01FB24001450C
:10E6B8004101828009458280828089471DC595C5B0
:10E6C800411106C603471500AE8719462380E500A9
:10E6D80093052500138517009720FF1FE780A01CCE
:10E6E800B24081473E85410182803E85828015C1C6
:10E6F800AA8709458DC141112E854146938517008A
:10E7080006C69720FF1FE780001AB2400145410165
:10E71800828009458280828089471DC995C9411137
:10E7280006C60347250083461500AE872207558F86
:10E738002390E5002146930535001385270097208F
:10E74800FF1FE7804016B24081473E854101828025
:10E758003E85828015C1AA8709458DC141112E8544
:10E7680041469385170006C69720FF1FE780A01330
:10E77800B2400145410182800945828082808947F3
:10E7880019C991C903471500BD46E14763E5E6008D
:10E798002380E50081473E85828015C1AA87094507
:10E7A8008DC141112E8541469385170006C69720D5
:10E7B800FF1FE780400FB2400145410182800945B3
:10E7C8008280828015C1AA8709458DC141112E8595
:10E7D80041469385170006C69720FF1FE780A00CC7
:10E7E800B2400145410182800945828082801DC175
:10E7F800AA87094595C141112E8513060004938502
:10E80800170006C69720FF1FE780E009B2400145C0
:10E818004101828009458280828015C1AA87094505
:10E828008DC141112E8541469385170006C6972054
:10E83800FF1FE7804007B24001454101828009453A
:10E84800828082801D71A2CC2A84084586CEA6CA01
:10E85800230601008344050035479387F4FF93F7A7
:10E86800F70F636CF70C177701001307E7BC8A07EB
:10E87800BA979C43BA9782870C08EFF0FFCFC94735
:10E888006312F50299472306F100035524006C0032
:10E89800EFF09FB0F6406644D644256182800C08AC
:10E8A800EFF05FEB29C98347C100E5F30355240066
:10E8B800EFF08FF4C5B70C08EFF03FEEE5B70C08A2
:10E8C800EFF0FFEBC5B70C08EFF09FDCE1BF0C08D9
:10E8D800EFF09FE4C1BF0C08EFF07FE1E1B70C084F
:10E8E800EFF0BFDDC1B70C08EFF0DFED65BF834780
:10E8F80015002308F10003552400EFF02F9CA147D1
:10E9080015C10347C500631CF7029757FF1F93877C
:10E91800E76298439D4719C7184309C71008A68599
:10E928000297AA872306F100BDBF0C08EFF03FEC61
:10E9380095BF0C08EFF07FEEB5B79D47A9B797577D
:10E94800FF1F9387675FF1B7011122CC06CE26CA55
:10E958004AC84EC603470500930720092A84631D49
:10E96800F7128347150039476395E70A8356450030
:10E978000967610781476399E6109759FF1F9389D3
:10E98800E95C03A50900CE84630005100C4403C9A3
:10E998000500631E09008347050085052146B9CB9C
:10E9A80029059720FF1FE78000F09C40ADC349452B
:10E9B800EF50EFB42A840DC5930710FC2300F5002F
:10E9C800A30025018C400905414689059720FF1FB2
:10E9D800E78060ED9C40A28503C51700EF508FC10A
:10E9E80088409730FF1FE78020AC9757FF1F23AF61
:10E9F800075431A809059720FF1FE780C0EAEF30C8
:10EA0800603F05495DF183A70900238027018547F9
:10EA1800A5A81307E003639FE70803472500954768
:10EA28006310F70403554500EFF02FAB9147E3104F
:10EA3800F5FE9757FF1F938727509C43E9DB03A3F5
:10EA48008700E30603FC0356E400035544009305DE
:10EA580064006244F240D2444249B24905610283EB
:10EA6800A147631EF70083456400035544006244D0
:10EA7800F240D2444249B24905616FF0AFFC9306B7
:10EA880000038147E301D7FEF2406244D244424981
:10EA9800B2493E85056182809306000A8147E315E5
:10EAA800D7FEEFF03FDA08443DD19730FF1FE780EB
:10EAB800A09FB1BF8147C9BF011126CA06CE22CC8B
:10EAC80089441DCD95CDAA842E8468008D45EF60BC
:10EAD8001FC08347E1002685228693F7F70393E753
:10EAE80007046C002307F100EF20A038AA8409E985
:10EAF8000D466C00130534009720FF1FE780A0DA4D
:10EB0800F24062442685D244056182805D714EDE02
:10EB180086C6A2C4A6C2CAC052DC56DA5AD85ED685
:10EB2800894945CD5DCA138B4500420B135B0B0128
:10EB3800AE8A2A8A930530055A85B2849730FF1F1A
:10EB4800E78060872A84CD4949C9EF603FEB2A896D
:10EB58005686D285935A8900135A0901937BF90F77
:10EB68001305440093FAFA0F137AFA0F135989011F
:10EB78009720FF1FE78080E3A3017401230154015C
:10EB8800A300440123002401EF609FE6AA854146C3
:10EB980008089720FF1FE78060E1214734005A8664
:10EBA800A2850808EF208053AA891DE121462C0080
:10EBB80023807401A380540123814401A38124018B
:10EBC800138544009720FF1FE78040DEEF60FFE3D6
:10EBD80022859730FF1FE780208DB64026444E855A
:10EBE80096440649F259625AD25A425BB25B616155
:10EBF800828001114AC82A892E8506CE22CC26CACF
:10EC08002EC6EFE0BFEB71C5405971C4834754006D
:10EC18000947B24593F6B70F6387E6001147130516
:10EC2800E00F6392E708835704000945639DB70620
:10EC3800930484004146CA8526859720FF1FE780F4
:10EC480080C64146CA85130584019720FF1FE780C7
:10EC580080C50347340085469307F7FE93F7F70FFF
:10EC680063E9F6041306C4033285C14532C6EF6072
:10EC78001FA632469306C402A6852285EFF09F821E
:10EC88008347240089CB22856244F240D24442491A
:10EC980005616F10401003473400C947E305F7FECC
:10ECA800A301F4000145F2406244D244424905619F
:10ECB8008280930710050145E317F7FE8347240078
:10ECC800FDD322856244F240D244424905616F1067
:10ECD80000130945C9BF4945F9B729CD011126CA0D
:10ECE80006CE22CCAA840945A9C10D4628002E8447
:10ECF8008D059720FF1FE78000BB8347A1007000A8
:10ED08002C0093F7F70393E7070426852305F10002
:10ED1800EF20201619E90D46A28568009720FF1FED
:10ED2800E780E0C37D153335A000F2406244D24449
:10ED38000561828009458280011152C42A8A328580
:10ED48004EC656C25AC006CE22CC26CA4AC82E8BF8
:10ED5800B28AB689EFE09FD609ED8944F240624451
:10ED680026854249D244B249224A924A024B056159
:10ED780082805C592A89C544F5F34D45EF70AFCFC1
:10ED88001374F50F5145EF700FCFE38809FC83C763
:10ED98008901E3E487FC1375F50FE360F5FC93053F
:10EDA8003005130540089720FF1FE780C060232A1D
:10EDB800A9022A84CD445DD11306400881459720D5
:10EDC800FF1FE78060B5A30104002301440123026B
:10EDD8006401231054012326340723240402A302C8
:10EDE80004008144E30C0AF62285EF00D074AA845B
:10EDF80035D54A85EFF0EFAD95B7397122DC06DEDF
:10EE080026DA4AD84ED652D456D25AD05ECE62CCE2
:10EE180066CA0944630B061063090710AA8B3A896E
:10EE2800368BB28A2E8CEFE07FC92A8A5144630E52
:10EE3800050E9305300541459720FF1FE780A05731
:10EE4800AA894D447DC18344190083472900A2043F
:10EE5800C207BE9483470900BE9483473900E2077E
:10EE6800BE9483278A0263E697007D570944639915
:10EE7800E70A63070C0083474A000544898BCDC322
:10EE8800930C4B00214681450A85C20C9720FF1F31
:10EE9800E78080A893DC0C019305300566859720F0
:10EEA800FF1FE78040512A8C4D443DC95A86D685BC
:10EEB80011059720FF1FE78060AF1146CA8562855C
:10EEC8009720FF1FE78080AE414693058A014E8553
:10EED8009720FF1FE78080AD21478A866686E285F6
:10EEE8004E85EF20A01F2A841DE521468A8528002B
:10EEF8009720FF1FE78080AB214693054900280033
:10EF08009720FF1FE780A0A58547631EF502A68509
:10EF18005E85EF702FEC62859720FF1FE780C05851
:10EF28004E859720FF1FE78020582285F2506254B3
:10EF3800D2544259B259225A925A025BF24B624C4D
:10EF4800D24C216182800544F9B779719397050104
:10EF580022D406D626D24AD04ECEC1872E8463D577
:10EF680007041755FF1F034595FFEF405FE02AC6CA
:10EF780005C1EFF07F9DB24509E91755FF1F03450D
:10EF880005FE9307F00F631EF5002E85EF401FD294
:10EF98002165218DB250225492540259F24945619B
:10EFA8008280EF403FE5EDB793F7150091C7EFF08A
:10EFB8006FA313451400F9BFA1E10145E1BF850422
:10EFC80093F4F40FEFE09FC9E3F9A4FE3395990099
:10EFD8001319050113590901B3772401EDD34A85A3
:10EFE800EFE0DFF1C167FD176305F500DD45EFF0E0
:10EFF8002F963345240179BF85448549E1B7975752
:10F00800FF1F23A507F49757FF1F23A907F2975758
:10F01800FF1F23A307F29757FF1F938767F317076D
:10F0280000001307276298C3170700001307273249
:10F03800D8C317F7FFFF1307070098C79757FF1F95
:10F04800938707F0171700001307A75A98C31717D5
:10F05800000013074710D8C3171700001307073E0F
:10F0680098C782809757FF1F83C787EFA18B1757D1
:10F07800FF1F1307E7ED91E301479757FF1F23AFE2
:10F08800E7EA014582809757FF1F83C767ED918B99
:10F098001757FF1F1307C7EA91E301479757FF1F49
:10F0A80023ACE7E801458280011106CE2AC6EFF0BD
:10F0B8001FF5324599459757FF1FA382A7EAEFD05E
:10F0C8006FB2F24017F5FFFF1305C50E05616FE03B
:10F0D8009FB91C5581C7A1473E858280011122CC6A
:10F0E80026CA2A84AE84130500049305300506CE8B
:10F0F8009720FF1FE780202C08D46305051013060E
:10F108000004A6859710FF1FE780E07978548347AD
:10F11800270193F68700638E0610145483C62600D1
:10F12800A18A6388061083270408E9EF9305300550
:10F13800130500109720FF1FE780E0272320A4086D
:10F148008D4771C1A3020400785483C71400834615
:10F15800170081EF81EE83C72400918BDDEB834795
:10F168002701918BDDE7854711A889C62147A302AE
:10F17800E40099C78347540093E70701A302F4000A
:10F188006C5483C72501858B91CF1C54054783C7D1
:10F1980027008D8B6398E7008347640093E7170087
:10F1A8002303F4008327040899C78347640093E77F
:10F1B80087002303F4008347540005476398E70C4E
:10F1C800930484004146814526859710FF1FE780F8
:10F1D800A07441468145130584019710FF1FE780FD
:10F1E800A0731306C4033285C14532C6EF602FCE23
:10F1F800832704083246BDC72285EF005040930795
:10F20800000525CDA147F2406244D2443E85056100
:10F21800828083C704008346070015473387E702C7
:10F228009767010093878726BA97B69783C7070021
:10F23800B1B783C6140091C68346170099C2E14747
:10F2480035BF83C62400D58F918B91DF83C7040017
:10F258008346070015473387E702976701009387BE
:10F268002721D9B722859306C402A685EFF08FA37C
:10F278002285EF00503259F5C14703550400A30118
:10F28800F4008145EF70CF9F8147B5BF13F7870121
:10F2980049C3C18B930484004146A9CB89052685BF
:10F2A8009710FF1FE78020604146814513058401C0
:10F2B8009710FF1FE7804066834764001306C40366
:10F2C800328593E747002303F400C14532C6EF6057
:10F2D8000FC08327040832468DC32285EF003032E1
:10F2E8009307200505F1A301F40079BF8145268520
:10F2F8009710FF1FE780406245BF9306C402A685AA
:10F308002285EFF02F9A2285EF00F028CD4761DDA6
:10F31800D5BD094785456388E70093F7D70F11479F
:10F328006397E700894503550400EF706F9583479D
:10F33800640093E747002303F4008327040881C788
:10F34800930710054DB7C54779BF834725006384E8
:10F358000726797122D406D626D24AD083473500AB
:10F36800130750052A846390E708034975001306BC
:10F37800C503C14593573900AA97328583C48700CE
:10F3880032C6EF60CFB49757FF1F938727C79C43B8
:10F39800A9C79C47B9C30325040893767900B3D657
:10F3A800D4403246858A93050504180893E6060872
:10F3B8001305050882971375F50F05E141460C08FA
:10F3C8001305C4029710FF1FE780E04D2285EF0068
:10F3D800901C93076005A301F400B2502254925484
:10F3E800025945618280130710026395E7021C5594
:10F3F8000327050883D7470069EB13F7071071C780
:10F408007855035747011377071061C393077002B4
:10F41800A301F4008347340013077002639FE70CCD
:10F428003C5885E39305300571459720FF1FE78019
:10F4380080F828D819C5714681459710FF1FE780C5
:10F44800A04D2458B9C883C7A40191E72285EFF0DD
:10F45800AF90238DA4002858814541469710FF1F7F
:10F46800E780804B28583D478345A5019387F5FFE2
:10F4780093F7F70F6364F700EF606FA5EF403FB2B3
:10F488003C58A1452398A70013852701EF602FA4B6
:10F498002C5803550400EF00D04193078002035510
:10F4A8000400A301F400EFE06FE1414611C5835762
:10F4B800E50013D617003E96060685451755FF1F2B
:10F4C8000345F5A9EF403FEA09BF13F7072011CB21
:10F4D8007854035747011377072001C79307900211
:10F4E80005BF93F707409DD77C5483D7470193F70F
:10F4F80007408DD39307B00221BF13078002639B97
:10F50800E7023C5889CB83D50701035504001386CD
:10F518002701EF00903F1C5483D7470013F70720BB
:10F528002DC37854035747011377072039CB930726
:10F538009002B5B713079002639CE700EF608FCA8B
:10F54800AA8503550400EF00503B9307A00281BF32
:10F558001307A0026393E704EF602FC8AA858547C5
:10F5680001456384F500814505452EC6EF60AFC4AB
:10F578002A86B24503550400EF00B0341C5483D7E3
:10F58800470093F707408DC77C5483D7470193F70B
:10F59800074099CF9307B00219B71307B0026399D0
:10F5A800E700EF60EFC4AA8503550400EF00703947
:10F5B8009307F0020DB58280411122C4405926C23A
:10F5C80006C67C54AA8483D7470113F7071019C7C6
:10F5D800185403574700137707101DE313F7072044
:10F5E80019C71854035747001377072011EB93F7EF
:10F5F80007408DCF1C5483D7470093F707409DC71A
:10F6080093071002A301F4002285EFF01FD40347EB
:10F6180034009307F0026310F702224403D5240054
:10F62800B2409244814541016FE09FB29307F002D6
:10F63800A301F400DDB7B240224492444101828024
:10F64800397122DC405926DA4AD84ED606DEAA8914
:10F65800AE8432896304043E0355250083570400B1
:10F668006384A700A14429A08347240091EB9D440B
:10F67800F250625426854259D254B259216182808F
:10F688009387E5FF93F7F70F2D47E362F7FE1767B8
:10F698000100130767E18A07BA979C43BA978287E4
:10F6A800B2852285EFF0FFA2AA84D9B74146CA8560
:10F6B8001305C4049710FF1FE780E01E2285312739
:10F6C800AA8411C1A14483473400130740056397F6
:10F6D800E70093079005A301F40059BF13076005DD
:10F6E8006395E7009307A005FDB7D147EDB79309E8
:10F6F800C4054E854146CA859710FF1FE780A01AAA
:10F70800032504085DC983473400130790056399EE
:10F71800E7002285B9279307E005A301F40061A853
:10F728001307A0056395E7088347740013D73700CC
:10F738002297834687009D8BB3D6F6409757FF1FC5
:10F748009387C78B9C43858A93E606F893F6F60F52
:10F7580091DB9C4781DB9305050818084E86130545
:10F76800050482979374F50FE39E04EE41460C0856
:10F778001305C4049710FF1FE780601E83477400B9
:10F788004D47850793F7F70FA303F4006377F70056
:10F798002285C12D9307E0053DBF85451745FF1F0D
:10F7A8000345F57BEF409F9C930750052DB7130742
:10F7B800C005E380E7F6814465BD130984004E86E1
:10F7C800CA8522851408EFE0FFCD41469305C4049D
:10F7D80008089710FF1FE7808018E30B05E88A8662
:10F7E8001306C403CE854A85EF10F00515E122857E
:10F7F800EFE09FD69747FF1F938787752A879C4717
:10F8080003550400814601468A858297AA8411C15E
:10F81800A14493072002C1B583450600EFE05F933A
:10F8280059BF0347340093072002E312F7E47C58DA
:10F8380089EB9305300571459720FF1FE780A0B736
:10F8480068D86858E30505E24146CA859710FF1F46
:10F85800E780600564582285EFE01FD0238DA4005F
:10F86800930730025DBD0347340093073002E3106D
:10F87800F7E08357060068582146930529002318A6
:10F88800F50049059710FF1FE780E0017C5483D7F6
:10F89800470113F7270035CB185403574700098B46
:10F8A8002DC79307400295BD0347340093074002D4
:10F8B800E31FF7DA3C5C81EB85455D459720FF1F28
:10F8C800E78060AF28DC285CE30705EE8347090082
:10F8D8004146CA85230BF5009710FF1FE780A0FC5F
:10F8E800930750021DBD0347340093075002E310ED
:10F8F800F7D8285C19469305190041059710FF1F92
:10F90800E78060FA7C5483D74701918B9DCF1C54C4
:10F9180083D74700918B95CB93076002FDBB7C5C36
:10F9280089EB9305300551459720FF1FE780A0A874
:10F9380068DC685CE30805D24146CA859710FF1F5A
:10F94800E78060F67C5C7D5798CB4E85EFF0DFC68C
:10F958009DB50325040813060004CA85130505048C
:10F968009710FF1FE78020F42285EFE0DFAF834781
:10F978003400130700056395E7009307400571BB42
:10F9880013071005639CE70085451745FF1F0345CE
:10F99800155DEF40AFFD9307500541B313072005F0
:10F9A800E39BE7E09747FF1F938747659C43E38BFB
:10F9B80007CA9C47E38807CA832504089304840080
:10F9C800180893850508814626862E858297035553
:10F9D80004001008A685EF609FB39307B00535BBF8
:10F9E800034734009307E005E313F7C883250408A9
:10F9F80041464A859710FF1FE78060F6AD44E3094A
:10FA080005C6032504084146CA859710FF1FE780ED
:10FA180080E92285EFE05FB49747FF1F938747533C
:10FA28002A879C472C580355040081460146829733
:10FA3800AA8411C1A1449307100271B9AD47E39C90
:10FA4800F5D6834606008355250013066500034551
:10FA58000500EF606FAF85B3894761C2DDCD230034
:10FA6800A60083C70500A300F60083C7150023017D
:10FA7800F60083C72500A301F60083C73500A3025B
:10FA880006002302F60083D74500A183858BA302D5
:10FA9800F60003D745001377072009C793E7270027
:10FAA800A302F60083D7450093F7074099C7834719
:10FAB800560093E74700A302F60083D74500139743
:10FAC8004701635807008347560093E78700A3025E
:10FAD800F6002303060083C74500858B2303F60041
:10FAE80003D74500098B09C793E727002303F600CE
:10FAF80083D74500918B99C78347660093E74700F2
:10FB08002303F60003D745008147218B19C7034714
:10FB18006600136787002303E6003E8582802E86F1
:10FB2800AA8505456FF05FF32E86AA8509456FF013
:10FB3800BFF289478DC505C5411106C6AE870D4779
:10FB4800AA852380E7001385170041469710FF1FF9
:10FB5800E78060D5B24081473E85410182803E857D
:10FB6800828089478DC505C5411106C6AE871147F4
:10FB7800AA852380E7001385170041469710FF1FC9
:10FB8800E78060D2B24081473E85410182803E8550
:10FB9800828089478DC505C5411106C6AE871947BC
:10FBA800AA852380E7001385170041469710FF1F99
:10FBB800E78060CFB24081473E85410182803E8523
:10FBC800828089479DCD15CD411106C61D472380EA
:10FBD800E50003570500AE872146A380E5000357DB
:10FBE800050021832381E50093052500138537004F
:10FBF8009710FF1FE78020CBB24081473E85410127
:10FC080082803E85828089478DC505C5411106C61B
:10FC1800AE872147AA852380E70013851700414650
:10FC28009710FF1FE78020C8B24081473E854101F9
:10FC380082803E858280894795C90DC9411106C6D3
:10FC480025472380E50003470500AE871946A380B2
:10FC5800E50093051500138527009710FF1FE7801F
:10FC680080C4B24081473E85410182803E858280C2
:10FC780089478DC505C5411106C6AE872947AA859E
:10FC88002380E7001385170041469710FF1FE78080
:10FC980080C1B24081473E85410182803E85828095
:10FCA800894795C50DC5411106C6AE873147AA8556
:10FCB8002380E70013851700130600049710FF1F21
:10FCC800E78060BEB24081473E85410182803E8523
:10FCD800828089478DC505C5411106C6AE8735475F
:10FCE800AA852380E7001385170041469710FF1F58
:10FCF800E78060BBB24081473E85410182803E85F6
:10FD08008280894791C909C995472380F5008347AF
:10FD18000500A380F50081473E858280894791C907
:10FD280009C9AD472380F50083470500A380F50086
:10FD380081473E85828015C55D718A8586C6A2C4C5
:10FD48002A84EFE0EFEC035504000A8697060000CA
:10FD5800938626DD9D45EFE06FDEB640264461615F
:10FD680082800545828015C55D718A8586C6A2C4D4
:10FD78002A84EFE0EFE9035504000A86970600009D
:10FD88009386C6DA9D45EFE06FDBB6402644616195
:10FD98008280054582805D71A2C49305C5022A84CC
:10FDA80041460A8586C69710FF1FE780C0AF0355F6
:10FDB80004000A86970600009386E6D7C545EFE05B
:10FDC800EFD7B6402644616182805D71A2C4930575
:10FDD800C5032A8441460A8586C69710FF1FE78017
:10FDE80080AC035504000A86970600009386A6D7C0
:10FDF800C545EFE0AFD4B64026446161828097479D
:10FE0800FF1F9387A71F9C43B1CB9C435D71A2C47E
:10FE180086C62A841305E00F95CF032504089305A9
:10FE2800050C1305050882978325040813060004AA
:10FE38000A85938505089710FF1FE780C0A603551C
:10FE48000400970600009386E6E50A8693051004E9
:10FE5800EFE0CFCEB6402644616182801305E00F03
:10FE68008280317122DD2A840355050026DB06DFF6
:10FE78004AD94ED752D556D35AD15ECF62CDEFD09C
:10FE8800FFC33C58AA8489EB930530057145971048
:10FE9800FF1FE780405228D82858CD471DC9714612
:10FEA80081459710FF1FE78020A7032904072285B3
:10FEB800EFE08FEA230DA900834724001749FF1FAD
:10FEC8001309C913638A07128327090085E3930777
:10FED800E00FFA506A54DA544A59BA592A5A9A5AC7
:10FEE8000A5BFA4B6A4C3E852961828083AB070125
:10FEF800E38F0BFC032B0408EF503FAE2A8C01451F
:10FF0800EF507FAB83C754003858130B0B0293098B
:10FF1800C403130AC405938A64003AC0B337F000D7
:10FF28002A87930801045688B33680015286CE8505
:10FF38005A85829B1C5403C727002307E10203C785
:10FF48001700A306E10283C707002306F1028327EF
:10FF58000900B5DF03AB4701E30B0BF683C7540079
:10FF6800B337F0003ECEEF505FA7AA8B0145EF50A4
:10FF78009FA403270408F2472AC03AC2B338700185
:10FF880056887810930684004E86D2858800029B96
:10FF98007C5403C727012305E10203C71700A30404
:10FFA800E10283C707002304F1028327090003A99C
:10FFB8004701EF509FA22A8B0145EF50DF9F83C86E
:10FFC80054009C082A883EC2B3381001B337600138
:10FFD8003810930684015286CE8556C0880002994F
:10FFE80003550400970600009386E6CE9008C545A1
:08FFF800EFE0CFB4AA87F1BDD0
:020000021000EC
:1000000083C6540083270900032B0408B336D000AD
:1000100083AB070136CEEF50DF9C2A8C0145EF50B1
:100020001F9A3C58F246130B0B02130AC40593099E
:10003000C403938A64002A88930801044E86D285FB
:100040003EC05687B33780015A85829B1C54130BE0
:10005000010303C727002307E10203C71700A30614
:10006000E10283C707002306F1028327090083AB5F
:10007000470183C75400B337F0003ECEEF507F9660
:100080002A8C0145EF50BF93F2472AC0B338800154
:1000900056887810930684004E86D2855AC288000E
:1000A000829B8325040841465A859710FF1FE780ED
:1000B000808BAD47E31205EE0DB52E869706000046
:1000C0009386E6ADC5456FE0EFA75D71B287A2C428
:1000D0002300B1002A84BE8513051100194686C687
:1000E0009700FF1FE780A07C0A8622859706000004
:1000F000938626B5A145EFE0EFA4B64026446161A2
:1001000082802E86970600009386A6B0C5456FE0D4
:100110006FA35D71B287A2C42310B1002A84BE858B
:1001200013052100214686C69700FF1FE78020782F
:100130000A86228597060000938666A9AD45EFE002
:100140006FA0B6402644616182802E86970600002B
:100150009386C6B2C5456FE0EF9E797122D406D66C
:1001600026D283473500130730052A846385E708C4
:10017000130750056397E7089307A005A301F5004F
:1001800083477500C14513D737002A9783468700F8
:100190009D8B1305C503B3D6F640858A93E606F812
:1001A00093F6F60F36C6EF500FD3B2469747FF1FB0
:1001B000938747E59C439DCB9C478DCB0325040843
:1001C00018081306C4039305050413050508829750
:1001D0001375F50F01ED1305C40241460C08970095
:1001E000FF1FE780C06C2285EFF07FBBB250225426
:1001F00092544561828093079005A301F5008146E2
:1002000075B7130710026396E7027C5503270508AC
:1002100083D747016316070E13F717006302070E13
:10022000185503574700058B61CF93072002A301A0
:10023000F4008347340013072002639DE70E3C5807
:1002400089EB9305300571459710FF1FE780201754
:1002500028D82458C9C02285EFE08FB0238DA40090
:100260002858814541469700FF1FE780606B28585A
:100270003D478345A5019387F5FF93F7F70F636D1E
:10028000F7029747FF1F83C7E7D8D5C3414681458B
:1002900008089700FF1FE780A06819469745FF1FD1
:1002A0009385C5B708089700FF1FE7804060305866
:1002B0000C082E85EF40E01BEF30FFCE3C58A145E7
:1002C0002398A70013852701EF50EFC02C58035542
:1002D0000400EFF09FDE9307300203550400A301F2
:1002E000F400EFD02FFE414619C10356E500060683
:1002F00085451745FF1F034515C7EF404F87FDB5DF
:1003000013F7270009CB185403574700098B01C77F
:100310009307400229BF918BE38D07F01C5483D7CC
:100320004700918BE38707F09307600209B7EF500E
:100330008FBA59B713073002639AE7023C5889CB4A
:1003400083D507010355040013862701EFF07FDCF6
:100350007C5483D7470113F7270021CF1854035744
:100360004700098B39C79307400285BF1307400236
:10037000639CE700EF508FE7AA8503550400EFF078
:100380005FD89307500291BF130750026390E704B0
:10039000EF502FE50DE9814505452EC6EF502FE2C0
:1003A0002A86B24503550400EFF03FD27C5483D730
:1003B0004701918B9DC71C5483D74700918B95C3F0
:1003C0009307600219BF85450145C1BF130760024D
:1003D0006399E700EF504FE2AA8503550400EFF060
:1003E000DFD67C540327040883D7470119EF13F79E
:1003F000071001CF1854035747001377071011C790
:1004000093077002A301F400D5B313F7072011CBB3
:100410001854035747001377072001C7930790022A
:10042000D5B793F7074091CB1C5483D7470093F778
:10043000074081C79307B002F1B79307F002D9B71D
:10044000397122DC26DA4ED652D406DE4AD8AE897D
:10045000328AAA84EFD00FE74059414681450A8588
:100460009700FF1FE780C04B25C8035904006315A0
:1004700099060347340093071002631FF70283278E
:10048000040899CF2C58A9C94A85EF107018054562
:10049000F2506254D2544259B259225A2161828098
:1004A0008A861306C4059305C40313058400EF0070
:1004B000103A1DE18A85C9BF2C5899CD83D7050113
:1004C000639C47012146C9054E859700FF1FE780C1
:1004D000804919C12C584DBF2685EFD0AFDE2A8444
:1004E00005455DD44C54B9C583D7050163944705D0
:1004F0002146C9054E859700FF1FE780C046854706
:10050000631AF50283C7318591C74C5483C7B5017F
:10051000639EA70CBD452685EF10900A9747FF1FE5
:10052000938707889C5B0145A5D71D458945829720
:100530000145B9BF9747FF1F9387D7AD03C7070092
:100540009749FF1F9389C9853E89058B31C30347AE
:1005500054009747FF1F83C727AB631BF702194659
:100560009745FF1F938555AA130564009700FF1F49
:10057000E780603F8547631DF50083A7090381C7B6
:1005800091451D458297BD452685EF10700301B743
:100590001747FF1F034707A883A7090331CB03476A
:1005A0000900098B09CB81C795451D458297268592
:1005B000EF105006E9BD81C78D451D458297414624
:1005C000814508089700FF1FE78080351946974549
:1005D000FF1F9385A58408089700FF1FE780202D43
:1005E0000C082E850A86EF30D0688A85268571BD75
:1005F0008545C5FF6DBF797122D440594AD04ECE92
:1006000052CC06D626D2AA892E8A32896300046C7F
:100610000355250083570400638CA700A144B25002
:100620002254268502599254F249624A45618280D9
:100630008344240099C09D44DDB79387F5FF93F769
:10064000F70F3147E369F7FE17570100130747E932
:100650008A07BA979C43BA9782871C54E1F39305A3
:100660003005130500049710FF1FE78040D508D41C
:1006700055D503470900914763F4E7008D4445B71A
:10068000034719008547E3EBE7FE13060004CA851C
:100690009700FF1FE780A0210C547054A3020400B0
:1006A000D4415C4A858AFD8E83574601F99BD58FDC
:1006B000231AF600D841544AF59B0583058B8582A1
:1006C000F98E8606DD8E231AD600DC41584AED9A53
:1006D0008983858B09837D8F0A07558F231AE6004E
:1006E000D4415C4A5D9B8D82858A8D83F58F8E0710
:1006F000D98F231AF600D841544A93F7F7EF218394
:10070000058BA182F98EA206DD8E231AD600DC416C
:10071000584AA583858B25837D8F9317970013F700
:10072000F6DF5D8F231AE600D4415C4AA982858AF0
:10073000A983F58F9396A7009377F7BFD58F231AD8
:10074000F600D441584AAD82858A2D83758FFD7697
:100750009386F67F2E07F58FD98F231AF6008347ED
:10076000260103250408A18B6387071083C7250092
:10077000A18B63820710E31305EA93053005130587
:1007800000109710FF1FE78080C32320A408E30711
:1007900005EE7C54A30204000347190083C617002A
:1007A00089EA45C38347540093E70701A302F40095
:1007B00029A0A147A302F40075F72285EFF02FDBF3
:1007C0006C5483C72501858B81CF1C5483C72700B8
:1007D0008D8B99C78347640093E717002303F400C8
:1007E0008327040899C78347640093E7870023039E
:1007F000F4008347540005476393E70C4146814565
:10080000130584009700FF1FE78080114146814552
:10081000130584019700FF1FE7808010C145130571
:10082000C403EF405FEB032704089307000511E3BF
:10083000C14703550400A301F4008145EF50DFC414
:10084000F9BB03C72701118B19E703472900118B57
:1008500019E38547A1BF83C70700834609001547F1
:100860003387E702975701009387C7C2BA97B697B5
:1008700083C7070025BF19C59710FF1FE78040C336
:10088000232004087C5403C7170011C7034719002D
:1008900019C3E14721BF03C72701118B09E70347AC
:1008A0002900118B5DD783C70700154783460900D0
:1008B0003387E70297570100938707BC45BF13F7BB
:1008C000870131CFC18B130584004146A9C3890537
:1008D0009700FF1FE780A0FD414681451305840175
:1008E0009700FF1FE780C00383476400C1451305DD
:1008F000C40393E747002303F400EF40DFDD8327C1
:10090000040881CF93072005A301F40009BB8145AA
:100910009700FF1FE780C000C1B7CD47F5B7094773
:1009200089456386E70011476398E70085450355CD
:100930000400EF507FB521A01947E389E7FE834704
:10094000640093E747002303F4008327040881C76A
:100950009307100555BFC54745BF4146CA851305D6
:10096000C4049700FF1FE78080F483473400130717
:100970006005639CE70085451735FF1F0345B55E9D
:10098000EF304FFF9307500541B745476383E702B8
:100990009306C4021306C403930584002285EFD096
:1009A000FFB02285EFF0AFBFAA8411C1A144D147A7
:1009B000A1BFC94791BF9309C4054E854146CA8569
:1009C0009700FF1FE780A0EE0325040871CD834741
:1009D0003400130790056398E7002285EFF06FBF9E
:1009E0009307E00515B71307A005639FE706973740
:1009F000FF1F938727619C43E38F07C203A88700EB
:100A0000E30B08C283477400930505084E8613D78D
:100A100037002297834687009D8B0A87B3D6F6401E
:100A2000858A93E6060813050504029841468A85DF
:100A30001305C4049700FF1FE780E0F211E1D284A0
:100A40002285EFF00FB983477400CD461307E00508
:100A5000850793F7F70FA303F40063E4F600130789
:100A60006005A301E40065BE1307C005E399E7BA7A
:100A70009737FF1F938707599C43E38E07BA9C471C
:100A8000E38B07BA93050508130984000A8781469A
:100A90004A862E858297035504000A86CA85EF5040
:100AA0009FA79307B0058DB58A864E86930584006F
:100AB0002285EFD0BF9F41469305C4040A85970065
:100AC000FF1FE78040EA8547D284E31AF5B4228508
:100AD000EFF02FB0AA84E31305B4930710022DB5ED
:100AE0000347340093077002E317F7B47C5889EB8F
:100AF0009305300571459710FF1FE780408C68D83B
:100B00006858E30A05B2CA8541469700FF1FE7808F
:100B100000DA032944072285EFD09FA4230DA90002
:100B200093078002D5B30347340093078002E31490
:100B3000F7B083570600685821469305290023180B
:100B4000F50049059700FF1FE78060D67C5483D7E6
:100B5000470113F7072025CF185403574700137791
:100B6000072035C79307900245B303473400930726
:100B70009002E312F7AC3C5C89EB930530055D45D0
:100B80009710FF1FE780A08328DC285CE30505AAF7
:100B90004146CA859700FF1FE78060D19307A002F6
:100BA000A5B3034734009307A002E316F7A88347D1
:100BB0000600285C194693051900230BF500410532
:100BC0009700FF1FE780A0CE7C5483D7470193F79F
:100BD0000740B1C71C5483D7470093F70740A1C310
:100BE0009307B00215B3034734009307B002E31430
:100BF000F7A47C5C89EB9305300551459700FF1FF6
:100C0000E780E07B68DC685CE30A05A04146CA85B2
:100C10009700FF1FE780A0C97C5C7D5798CB03D568
:100C200029008145EFD04FD3DDBA03473400930745
:100C3000F004E3F5E79E03250408E301059E13068F
:100C40000004CA85130505049700FF1FE78020C62E
:100C50002285EFF04F9BAA842285EFD05F818347E6
:100C6000340013070005639FE70003D6E9008545BC
:100C70001735FF1F0345352F0606EF304FEF93075B
:100C8000300559B1130710056395E7009307600518
:100C9000A5B913072005E394E7989307C005ADB104
:100CA000034734009307E005E31AF7960325040889
:100CB0004146CA859700FF1FE78060BF2285EFF09D
:100CC000CF9AAA8419BD83450600A9BF85478144F0
:100CD000E397F59403284600834736000347260030
:100CE0008346160083552500034606000145EF4064
:100CF000DFFC35B28147C1463307F500B388F50004
:100D00000347070083C808003308F6008507334708
:100D100017012300E800E391D7FE82800147BD4719
:100D20001308F00F3306F50083460600B388F5007C
:100D3000FD178606558F2380E8000347060093F7CA
:100D4000F70F1D83E39007FF82808147930800F827
:100D5000414893F6F70F3387F50063FCC600B306EE
:100D6000F50083C606002300D7008507E39307FF3D
:100D700082806395C60023001701C5BF23000700CA
:100D8000EDB701114AC856C22E89AA8A93053005CB
:100D9000414506CE22CC26CA4EC652C4328A97009E
:100DA000FF1FE780C061AA84930530054145970085
:100DB000FF1FE780C0602A84CD49A5C431CD4146DC
:100DC00081459700FF1FE780A0B52686A28556853E
:100DD000EF30206AAA8929E18387040063D30706DC
:100DE000A2852685EFF09FF34A86974501009385FB
:100DF00065722285EFF01FF08307090063D80704AE
:100E0000A2854A85EFF09FF15286974501009385B0
:100E100065702285EFF01FEE26859700FF1FE780A3
:100E2000206911C422859700FF1FE7806068F240A7
:100E300062444E85D2444249B249224A924A0561EF
:100E40008280CA852685EFF07FED7DB7D2854A8501
:100E5000EFF0DFECD1B781474146B306F5003387A9
:100E6000F5000347070003C806008507334707015D
:100E70002380E600E393C7FE8280011126CA4EC696
:100E8000AE84AA8993053005130500034AC806CE2F
:100E900022CC32899700FF1FE78060522DC51306D0
:100EA000000381452A849700FF1FE78060A7414621
:100EB000CE8522859700FF1FE780C0AFA6850D462F
:100EC0001305D4019700FF1FE780C0AE130604028C
:100ED000930504012285EF30C059AA840D4693057D
:100EE000D4024A859700FF1FE780C0AC2285970097
:100EF000FF1FE780E05BF240624426854249D2440E
:100F0000B24905618280CD44FDB75D714EDE62D489
:100F1000AE892A8C9305300513050003A6C2CAC00A
:100F200052DC56DA5AD85ED686C6A2C4B28B368B4D
:100F3000BA84BE8A4289468A9700FF1FE78020480C
:100F4000630505101306000381452A849700FF1FDF
:100F5000E780009D4146E28522859700FF1FE780DC
:100F600060A5414681450A859700FF1FE780409BA9
:100F70001D46DE850A859700FF1FE780A0A31D465A
:100F8000DA85130571009700FF1FE780A0A23339AF
:100F90002001B33490004146814508082307210110
:100FA000A30791009700FF1FE78080971946D68519
:100FB00048089700FF1FE780E09F1946D285130578
:100FC000A1019700FF1FE780E09E930404014146C2
:100FD000CE8526859700FF1FE780C09D8A852685E0
:100FE000EFF07FE7930904024E86A6852285EF3055
:100FF00040482A890DE94146CE8526859700FF1F86
:10100000E780E08A0C082685EFF0FFE44E86A6858F
:101010002285EF3000462A8946454146CE85970015
:10102000FF1FE780209922859700FF1FE780404837
:10103000B64026444A8596440649F259625AD25A25
:10104000425BB25B225C616182804D49D5B7011180
:1010500026CA52C4AA842E8A1305000393053005BC
:101060004AC84EC606CE22CC3289B6899700FF1FE9
:10107000E780E03435C52A84A68541469700FF1FE6
:10108000E7804093930404012146D285268597008A
:10109000FF1FE7802092CA8521461305840197002F
:1010A000FF1FE780209113090402A6854A86228546
:1010B000EF30203CAA844146CA854E859700FF1F29
:1010C000E780408F22859700FF1FE780603EF24057
:1010D000624426854249D244B249224A056182804F
:1010E000CD44F5B739715AD05ECE2A8BAE8B4145CF
:1010F0009305300506DE26DA52D456D262CC66CA93
:101100006AC8368C328DBA8C22DC4AD84ED697000B
:10111000FF1FE780C02AAA8A930530054145970042
:10112000FF1FE780C0292A8ACD44638E0A0859C56B
:101130002A86D6855A85EFF0DFC4AA8441E193055B
:10114000300541459700FF1FE78060272A899305F6
:10115000300541459700FF1FE7806026AA89630A92
:10116000090E6306050E1304FD0011841376FD00BD
:1011700049C07D144204418035EE131544004E866B
:10118000D6855E95EFF01FB7414681454A8597F0B9
:10119000FE1FE780E078014D93170D01C18363F4D2
:1011A0008708BDC04A859700FF1FE78060306387CE
:1011B00009004E859700FF1FE780802F5685970016
:1011C000FF1FE780E02E63070A0052859700FF1F8C
:1011D000E780002EF250625426854259D254B2590B
:1011E000225A925A025BF24B624CD24C424D216120
:1011F00082800144131544008A855E95EFF0FFB4A8
:101200004E86D2850A85BDBF93154D000A86DE95B0
:101210004A85EFF03FAE4A868A855A85EF306025D1
:10122000AA84050D95BFBDFC0A86CE854A85EFF0E0
:101230007FAC4A868A855A85EF30A023AA846686C9
:10124000CA85628597F0FE1FE7806066A1BFCD4426
:1012500091BFCD44A9BF397162CC2A8C594526DA99
:101260004AD84ED652D456D25AD05ECE06DE22DCB2
:10127000AE8B328BB68A3AC63E8AC289468983448F
:101280000104EF205FA849C19167938717E92310F4
:10129000F50085472301F5002A8432472105630CB8
:1012A0000C0493071003A301F4001946814597F03D
:1012B000FE1FE780E06623036401A3035401230AB1
:1012C00094002312740123174401231834012319B5
:1012D0002401A2856254F250D2544259B259225A82
:1012E000925A025BF24B624C1735FF1F034585C7CC
:1012F00021616F20BFB0A30104001946BA8597F0A1
:10130000FE1FE780C05A45BFF2506254D254425982
:10131000B259225A925A025BF24B624C216182808E
:10132000011122CC2A84314506CE2EC632C436C2E3
:101330003AC0EF205F9D29C19167938717E9231079
:10134000F5008D472301F500A3018500B245224633
:10135000924602476244F2402312B5002313C500AF
:101360002314D5002315E500AA851735FF1F034573
:1013700065BF05616F209FA8F240624405618280CD
:1013800001114AC82A89394526CA06CE22CC2EC662
:10139000B284EF205F9731C1B2459167938727E907
:1013A0002310F5009147A30125012312B5002A84DB
:1013B0002301F500A6851905214697F0FE1FE78059
:1013C000004FA2856244F240D24442491735FF1FC4
:1013D000034545B905616F207FA2F2406244D244C3
:1013E00042490561828001114AC82A89414526CABD
:1013F00006CE22CC2EC6B284EF20FF9029C1916781
:10140000B245938727E92310F50095472A842312D4
:1014100025012301F5002146190597F0FE1FE780FD
:101420000049A285231794006244F240D244424905
:101430001735FF1F034535B305616F203F9CF24010
:101440006244D244424905618280011122CC2A843F
:10145000394506CE2EC632C436C23AC0EF20BF8A06
:1014600029C19167938717E92310F5009947230154
:10147000F500B24522469246024723128500624497
:10148000F2402313B5002314C5002315D5002316FD
:10149000E500AA851735FF1F0345C5AC05616F2020
:1014A000FF95F240624405618280797122D406D6AC
:1014B0002A842EC632C436C23AC0EFC0AFE01DC186
:1014C000B245224692460247231CB100231DC100AB
:1014D0002C081306F00F2285231ED100231FE100E4
:1014E000EFC00FCDB250225445618280011122CC51
:1014F0002A84394506CE2EC632C436C23AC0EF2001
:101500009F8029C19167938717E92310F5009D47B4
:101510002301F500B2452246924602472312850078
:101520006244F2402313B5002314C5002315D500EF
:101530002316E500AA851735FF1F0345A5A20561FF
:101540006F20DF8BF2406244056182805D712AC6A4
:1015500013052002CAC04EDE52DC56DA5AD85ED6D7
:1015600062D466D26AD086C6A2C4A6C26ECE2E8CC3
:10157000B28B368B3AC43E8DC28CC68A035A0105A3
:101580008359410503498105EF20EFF769C591664D
:101590003243938616E9A9472A842310D5002301F4
:1015A000F500930DE4002105930444012247630DE7
:1015B000030693071003A301F4001946814597F031
:1015C000FE1FE780E035194681456E8597F0FE1FC6
:1015D000E780003519468145268597F0FE1FE78094
:1015E000203423037401A303640123002403231282
:1015F0008401231D5401231E4401231F3401A285AD
:101600002644B64096440649F259625AD25A425B81
:10161000B25B225C925C025DF24D1735FF1F034501
:10162000659461616F208FFDBA85A301040019469E
:1016300097F0FE1FE780A027EA856E85194697F090
:10164000FE1FE780C0261946E685268597F0FE1F17
:10165000E780E02579B7B640264496440649F2591A
:10166000625AD25A425BB25B225C925C025DF24DDE
:1016700061618280011122CC2A84214506CE2EC6CA
:1016800032C436C2EF202FE815CD2246924691672C
:10169000938717E92310F500B1472301F500A30153
:1016A0008500B2452303C500A303D5006244F24080
:1016B0002312B500AA851735FF1F0345A58A0561CA
:1016C0006F20CFF3F240624405618280411126C24F
:1016D000AA84514506C622C4EF20EFE249C19167B2
:1016E000938717E92310F500B9472301F50083C755
:1016F00014002A8493856400A301F50083C7340095
:1017000003C724002105A207D98F231EF5FE83C736
:1017100044001946230FF5FE83C75400A30FF5FEBE
:1017200097F0FE1FE780A01883C7C400A285173575
:10173000FF1F034525832307F40083C7E40003C785
:10174000D400A207D98F2318F40083C7F40023091B
:10175000F4002244B240924441016F202FEAB2408B
:101760002244924441018280411122C42A841945B5
:1017700006C6EF204FD90DC59167938717E923104F
:10178000F500C1472301F500231285002244B24031
:10179000AA851725FF1F0345E57C41016F200FE651
:1017A000B24022444101828041110D4506C6EF201E
:1017B0008FD50DC5930710F92300F5009307E003BB
:1017C000A300F500C5472301F500B240AA851725FF
:1017D000FF1F0345257941016F204FE2B2404101CF
:1017E0008280011122CC2A84294506CE2EC632C41D
:1017F00036C2EF204FD115CDB245924691679387FF
:1018000017E92310F500C9472302B5002301F500AD
:10181000A30185002304D50022466244F24023132D
:10182000C500AA851725FF1F0345C57305616F20F5
:10183000EFDCF24062440561828001114AC82A89C6
:101840002D4526CA06CE22CC2EC6B284EF20AFCBC1
:1018500029C5B245930710F92300F5009307E0036B
:10186000A300F500CD47A30125012302B5002A847A
:101870002301F500A6851505194697F0FE1FE780A0
:101880000003A2856244F240D24442491725FF1F5B
:101890000345456D05616F206FD6F2406244D24426
:1018A000424905618280011122CC2A84214506CE5D
:1018B0002EC6EF204FC505C9B2459167938717E93A
:1018C0002310F500D1472303B5002301F5002312AF
:1018D00085006244F240AA851725FF1F03458568ED
:1018E00005616F20AFD1F240624405618280011131
:1018F00022CC2A84214506CE2EC632C4EF20AFC0AA
:101900001DC52246930710592310F50023018500B9
:10191000B2452303C5006244F2402312B500AA85F4
:101920001725FF1F0345056405616F202FCDF24089
:10193000624405618280011122CC2A84214506CEB1
:101940002EC632C4EF202FBC1DC922469167938753
:1019500027E92310F500A1472301F500B245230331
:101960008500A303C5006244F2402312B500AA8596
:101970001725FF1F0345355F05616F202FC8F24013
:10198000624405618280011122CC2A84314506CE51
:101990002EC632C436C23AC0EF20EFB615CD22466D
:1019A0008567938717C92310F50023018500B24589
:1019B0002303C500924602476244F2402312B50059
:1019C0002314D5002315E500AA851725FF1F03451D
:1019D000655905616F208FC2F240624405618280C3
:1019E000011126CAAE844AC82A891385C40006CECE
:1019F00022CC32C6EF202FB11DCD8567B24593872B
:101A000017E923019500231225012A842310F500EC
:101A1000310508C4268697F0FE1FE78040E9A285BD
:101A20006244F240D24442491725FF1F03458553C3
:101A300005616F20AFBCF2406244D2444249056167
:101A40008280011122CC2A84194506CE2EC6EF20B1
:101A50008FAB05C98567938717F92310F500854774
:101A600023018500A301F500B2456244F240231230
:101A7000B500AA851725FF1F0345C54E05616F20D8
:101A8000EFB7F240624405618280411122C42A848A
:101A90000D4506C6EF202FA705C5930710F92300B3
:101AA000F500E947A300F500230185002244B24078
:101AB000AA851725FF1F0345E54A41016F200FB492
:101AC000B240224441018280011122CC2A84214566
:101AD00006CE2EC6EF202FA30DC99167938727E965
:101AE0002310F500930700032301F500B2452303FB
:101AF00085006244F2402312B500AA851725FF1F16
:101B00000345754605616F206FAFF2406244056181
:101B100082800111214506CE2EC632C4EF20AF9E31
:101B200005C98567938707392310F500B24522461A
:101B300085472301F500F2402312B5002313C500A9
:101B4000AA851725FF1F0345653805616F200FAB78
:101B5000F24005618280397122DC1304F5FF4AD816
:101B600052D456D25ECE420406DE26DA4ED65AD083
:101B7000894B2A8A3289B68A418063957515938B81
:101B8000419283C741925E8B89448DCF83C91600F1
:101B900083C706009144A209B3E9F9009727FF1F04
:101BA00083D70721F51763DFF9009307C6FF639D0D
:101BB000F90831452EC6EF200F952A84B24519ED5C
:101BC0009304F00FF250625426854259D254B25910
:101BD000225A925A025BF24B2161828042091359C8
:101BE00009012302B50023132501930700F9150904
:101BF000A1652310F5002311450185054A8597F05D
:101C0000FE1FE780C07B08C415C983C70B009385FE
:101C1000EAFF13562900FD172382F19297F0FE1F69
:101C2000E780C0CC1C44A2851725FF1F0345052A69
:101C300089071CC4EF208F9C814469B722859700D7
:101C4000FF1FE780E086ADBF9307D6FFE3CAF9F632
:101C5000B1473304F4029724FF1F938464279C4008
:101C6000A29703C7A70019C7884309C59700FF1F9C
:101C7000E780008413854900A165420585054181FF
:101C800003AA040097F0FE1FE78060739C40229A2D
:101C90002320AA00A297884305D505472385E7009E
:101CA00083470B004A86D685FD172382F19297F071
:101CB000FE1FE780C0BF9C403E94231324012312E3
:101CC00034019DBF8547E39DF5EEB1473304F4022F
:101CD000172BFF1F130BCB1F83270B00DA89A2974B
:101CE00003D76700884345CB83D74700B306C700B7
:101CF000910763C2D70A3A95D68597F0FE1FE78011
:101D000000BB03270B008144229783576700CA97C3
:101D1000C207C1832313F700035747001107E3935A
:101D2000E7EA3145EF103FFEAA8521C1930700F98C
:101D30002310F50083270B002302750123114501B1
:101D4000A29703D767009C432313E5001CC5172502
:101D5000FF1F0345A517EF206F8A83270B003E94D2
:101D60002313040023050400B1BD83270B00A297B1
:101D7000884311C997F0FE1FE780807383270B000B
:101D8000A29723A0070083A709003E942313040011
:101D90002305040055B511C997F0FE1FE780407177
:101DA00083A70900A29723A0070083A70900854401
:101DB0003E94231304002305040029B56F4090418D
:101DC0006F40B0426F50800B6F40B045411106C666
:101DD000EF40F041B2400145410182806F40104721
:101DE0006F4010496F40104B6F40F04C6F40F04E09
:101DF0006F40D0506F40D0526F40D0546F407056FB
:101E00008347160003460600A2075D8E6F40B05759
:101E10006F40F0586F40B05B6F40705E6F40306154
:101E20006F4010646F4030666F4050686F40706A5A
:101E30006F40906C03430100030E4100834E81000C
:101E4000034FC100834F010183424101834381015C
:101E50007EC816CA1ECC7AC676C472C21AC06F403B
:101E6000106C6F4010716F4030736F4050756F4051
:101E700070776F4090796F40B07B6F40D07D6F502E
:101E8000A0006F50C0026F60101F1307A5FF42072C
:101E900085672A8841831385A7C7636CE50213878A
:101EA00007C801456368B70263E605031307301FDF
:101EB0006362C702138766FF42074183938767C740
:101EC00063EAE70005063306B6028E063325D60020
:101ED000828001458280411126C206C622C4AA849E
:101EE000EFE0706F19C52A842685EFD0F05A2324BD
:101EF000A418B24022449244410182808346650185
:101F00000D47AA876384E6000545828003274511B3
:101F100003464700A305C502034737006316D702EF
:101F20000347B50075F303470501930600026307F5
:101F3000D7009306300201456317D70013076002EC
:101F40002388E70001458280BD466310D70203471E
:101F500005019306000401451377B70FE315D7FE7B
:101F6000130750042388E7008280B946631AD7001C
:101F70008346050113070003E398E6F80547C9B750
:101F8000D1466317D7008346050113070005EDB757
:101F9000D9466318D7028346050113075005E39518
:101FA000E6F60327050A136707202320E50A0547FD
:101FB0002308E50003C71701136707F8A388E700A4
:101FC00051B7E946631BD700834605011307500646
:101FD000E39CE6F21307A006A5B7FD46631BD700F6
:101FE000834605011307A007E390E6F2130710F8F4
:101FF00081BF93063002E319D7F08346050113072A
:102000005008E393E6F005472308E5000347A502DF
:10201000136717002305E50271BF832705110947E0
:10202000A30AE50095C32381E70003474505A38183
:10203000E7008347A50293E787002305F502F147F0
:102040002308F500014582801D4582808547A30A4B
:10205000F5008327051191CB15472381E7009307EE
:10206000B0022308F500014582800545828085473E
:10207000A30AF5008327051191CB19472381E700B7
:102080009307D0022308F500014582800545828030
:102090008947A30AF5008327051181CF1D472381B6
:1020A000E700832705110347D5020145A381E70017
:1020B0008280054582808547A30AF50083270511A4
:1020C00091CB2D472381E700930770032308F50088
:1020D00001458280054582809947A30AF500832740
:1020E000051131472381E7001727FF1F130787FAE0
:1020F00083564701A381D7009726FF1F83C6E6FAC0
:102100002382D7009726FF1F83D626FAA182A382B7
:10211000D700834687012383D70003479701A38312
:10212000E7008347E50213F7070409CF9307A003ED
:102130002308F5008347E50293F7F7072307F50225
:1021400001458280858BFDD78327050AA3050502FB
:102150002307050293E707042320F50AE1BF894717
:10216000A30AF5008327051181CF35472381E700B6
:10217000832705110347B5020145A381E70082804B
:10218000054582808D47A30AF5008327051191CF6D
:1021900045472381E7000347C502A381E7000347C2
:1021A000B50201452382E70082800545828085478C
:1021B000A30AF5008327051185C349472381E7005A
:1021C0009307A0042308F5008347A50293E747007F
:1021D0002305F50201458280054582808547A30AD3
:1021E000F5008327051191C74D472381E70001457D
:1021F00082800545828083270511D9C32547A30A1C
:10220000E50051472381E7000347451B8355651BC4
:102210008566A381E7000347551B93868684035692
:10222000A51B2382E7000347851BA383E700034721
:10223000951B2384E7002E8763F3B6003687420799
:102240004183A382E700856621832383E700938689
:102250008684328763F3C600368742074183A384AE
:10226000E70021832385E7008347A50293E7470022
:102270002305F502930700052308F5000145828038
:1022800005458280032705118D47A30AF500D9472C
:102290002301F70083464514A301D7008347551453
:1022A000918A2302F7000357A51CB1C69306F034A8
:1022B000814763FDE600930787E80357851415CB34
:1022C0008587938757FD8D87C207C1830357851C78
:1022D00063F3E7003E878347A5022307E50493E7FE
:1022E00047002305F502930750052308F500014533
:1022F00082808D87F9B7858B99C7930707FB2147A4
:10230000B3C7E702D1B79307C7FB1147D5BF032770
:1023100005118D47A30AF500DD472301F700834728
:102320004514A301F700834655142302D700034741
:10233000B514F98F93F647000357A51CB1C6930651
:10234000F034814763FDE600930787E8035785145F
:1023500015CB8587938757FD8D87C207C1830357A8
:10236000851C63F3E7003E87930780052308F5008B
:102370008347A5022307E50493E747002305F502F9
:10238000014582808D87F9B7858B99C7930707FB35
:102390002147B3C7E702D1B79307C7FB1147D5BFA2
:1023A000832605118D47A30AF500E5472381F60032
:1023B00083477514034665140547B317F7003317B1
:1023C000C700D98FA381F600834715142382F60036
:1023D0008347A50293E747002305F502930700060C
:1023E0002308F500014582808947A30AF500832769
:1023F000051175472381E7001727FF1F130787C9BA
:1024000003473700A381E700930750072308F5002F
:10241000014582808947A30AF50083270511794782
:102420002381E7000347F502A381E7008327050A1C
:102430002167D98F2320F50A85472308F500014538
:1024400082809727FF1F9387E7C4B84B93078005C7
:1024500083464700B387F602145703270511BE963B
:10246000A547A30AF500930700022301F7000356CE
:10247000A51C8357651CB297D05A9387C71263F384
:10248000C700B287A301F70013D68700C1832302D8
:10249000C700A302F7009C5E2303F70013D6870052
:1024A000C183A303C7002304F70083C7C601A304A5
:1024B000F70083C7D6012305F7009307C007230859
:1024C000F500014582809147A30AF5008327051195
:1024D000130730022381E70003478515118B05CFD1
:1024E0000347A515238207009306F7FF0547331717
:1024F000D700A381E70003473514A382E700834791
:10250000A50293E747002305F502930750F8230837
:10251000F500014582808346751405473317D700BF
:10252000A381E700034755162382E700E9B79547E3
:10253000A30AF50083270511130740022381E70052
:10254000A3810700030735148306F5156395E6009C
:102550008946A381D7008306E5156398E60083C604
:10256000370093E61600A381D7008306D515238292
:10257000D7000346C515A382E7002383C70083471E
:102580008515858B81CB99C68327050A4167D98F2D
:102590002320F50A01458280411126C283240511BA
:1025A00006C622C4B547A30AF500A9C091472A84EC
:1025B0002381F4009305851A21461385340097E0A2
:1025C000FE1FE780C02E1385B40011469305041B3F
:1025D00097E0FE1FE780A02D930720022308F40058
:1025E0000145B24022449244410182800545D5BF55
:1025F00083270511A1C7411122C406C62547A30A96
:10260000E5002381E7002A84032505119305840F43
:1026100021460D0597E0FE1FE78060298327040A05
:10262000A3050402014593E707022320F40A854726
:102630002308F400B2402244410182800545828093
:10264000A547A30AF50083270511A9C3411122C498
:1026500006C639472381E7002A840325051193051F
:10266000840F21460D0597E0FE1FE7804024834735
:10267000A402014593E747002305F40293070003F2
:102680002308F400B2402244410182800545828043
:10269000E147A30AF50083270511D9CF411122C4D0
:1026A00006C63D472381E700034745072A84930573
:1026B0008506A381E7000347550731462382E700DB
:1026C00003476507A382E700035765072183238338
:1026D000E7000347A505A383E7000357A50521836A
:1026E0002384E7000347C505A384E7000347D50516
:1026F0002385E70003574506A385E70003476506E2
:102700002386E700035765061385E7002183A38628
:10271000E70097E0FE1FE78080198347A402014588
:1027200093E747002305F402930700042308F4000D
:10273000B24022444101828005458280E147A30ADC
:10274000F50083270511C9CB411122C406C64147B4
:102750002381E700034745072A8493058506A38163
:10276000E7000347550731462382E7000347650723
:10277000A382E7000357650721832383E70003470C
:10278000A505A383E7000357A50521832384E7005C
:102790000347C505A384E7000347D5052385E70064
:1027A00003574506A385E700034765062386E70030
:1027B000035765061385E7002183A386E70097E0AA
:1027C000FE1FE780C00E930740042308F400B240C8
:1027D000224401454101828005458280411106C69F
:1027E000AD47A30AF500832705111307900293054F
:1027F000D5172381E70013853700294697E0FE1F90
:10280000E780E00AB24001454101828083254511FD
:10281000411126C206C622C483C7450003C735003E
:102820000568A207D98F1387A7FF42074183930644
:10283000A8C7F94463E2E60C03C7650083C65500E8
:10284000130808C82207558FF9446367E80A6365CF
:10285000F70A03C6850083C675002206558E9306C7
:10286000301F63EBC60883C6A50083C89500A20687
:10287000B3E616016362D808130816003308F8029D
:1028800093983600635A180783C8B5001398080157
:102890001358080163840800636007078358A50381
:1028A0008144639D1701631BF7008358C503639739
:1028B000C8008354E503958C93B41400231DC5040C
:1028C000231AF506231BE506231ED504231205074C
:1028D00083C7D50003C7C5002A84A207D98F231355
:1028E000F5063146B9051305850697E0FE1FE7801A
:1028F00000FC9147A30EF400B24022442685924486
:1029000041018280411122C406C68547A30AF50011
:102910002A8483453515032705110345451585464A
:1029200093176500CD8F2301F700ED47A301F70052
:102930008347C4000346241593E707022306F400E7
:10294000EF101076930770062308F400B24022447B
:10295000014541018280832745111303000E03C600
:10296000470003C737002206598E130756FE420759
:1029700041836367E30683C6670003C75700116896
:10298000A206D98E138786EB420741831308881469
:102990006368E80403C7870083C8770022073367AA
:1029A0001701930857FEC20893D80801636A1303FE
:1029B00083C8970083C7A700A207B3E717019388CE
:1029C00087EBC20893D80801636C1801231EC51A4F
:1029D000231FD51A2310E51C2311F51C6FC0101BF3
:1029E000054582808346B5000547AA87054563955E
:1029F000E60C83C6670131470545639FE60A03A7D6
:102A0000471183463700A38AD704834657000346FD
:102A10004700A206D18E239BD704834577008346C7
:102A20006700A205D58D239CB70403469700834613
:102A300087002206558E239DC7048346B7000345B1
:102A4000A700A206C98E239ED7040345C7000347EB
:102A5000D7002207498F03D5A703239FE704014727
:102A6000631BB50083D5C7036397C50003D7E7038E
:102A7000158F133717002391E70603C70701930645
:102A800000046304D702930640046315D70005478A
:102A90002388E70003C717019546A38ED700136765
:102AA00017F8A388E7000145828003C7A7021367D0
:102AB00017002385E702E1BF82800347650189474C
:102AC000631DF7008327451183C73700230AF504E8
:102AD000F5472308F500014582801D458280834724
:102AE000B5002A87D9EB83466501B547054563974D
:102AF000F60883460701930700026391F6088327CF
:102B00004711014583C6570003C64700A206420687
:102B1000B29603C66700B29603C637006206B29645
:102B20002320D70C83C6970003C68700A20642065F
:102B3000B29603C6A700B29603C677006206B296A5
:102B4000232ED70A83C6C70003C6D700A2064206B3
:102B5000B29603C6B70083C7E700B296E207B697FE
:102B60002320F70E8347170193E78700A308F70098
:102B7000930730022308F70082800545828083474F
:102B8000B5009DE3034765018547631DF700834654
:102B90000501130730026397E6009307C00223087C
:102BA000F50081473E8582808547EDBF83466501FC
:102BB0000547AA870545639CE60203C707019306FC
:102BC000B002631AD7001307E0022388E700A38549
:102BD0000702014582809306D00205456319D7009C
:102BE0001307E002A38507022388E700DDB7828090
:102BF000034765018947631EF704E947A305F5020A
:102C000083274511394783C737006392E70203479B
:102C1000050193070003631EF7028327050A93E764
:102C200007022320F50A85472308F50049A83D47F8
:102C30006393E7028327851003470501F59B23244F
:102C4000F510930700046316F70093076004230848
:102C5000F5000145828049476391E7040347050178
:102C60009307A004E317F7FE85472308F500834781
:102C7000A50293E717002305F5028347150193E7A3
:102C800007F8A308F50083270510C18BF9F3832704
:102C90008510BD9B2324F5106DBF51476398E70253
:102CA0000347050193070005E315F7FA8547230855
:102CB000F5008327050A93E707102320F50A8347C9
:102CC000150193E707F8A308F50061B75947639D1D
:102CD000E7000347050193075005E31CF7F6832738
:102CE000050A93E7072035BF6947639FE70003475D
:102CF000050193075006E31EF7F48327050A0567CD
:102D000013070780D98F31BF7147E384E7F4754714
:102D1000639CE7000347050193075007E31BF7F2A5
:102D20008327050A2167F9BF13073002E393E7F20F
:102D30000347050193075008E31DF7F08547230873
:102D4000F5008347A50293E717002305F50285BF29
:102D50000347B50085476311F70203476501631B0D
:102D6000F700034705016317F70093076003230883
:102D7000F50081473E8582808547EDBF834665012A
:102D80000547AA8705456393E60603C7070193062F
:102D900070036315D70203C7A7022386070493763F
:102DA000070499C61377F7FB136707012385E7022A
:102DB000130780032388E7000145828093065003B0
:102DC00005456315D702130780032388E70003C76F
:102DD000A7022386070401459376070481CA137767
:102DE000F7FB136707012385E70282808280034790
:102DF00065019947631EF70803274511834737008C
:102E0000A307F5048347570083464700A207D58FE1
:102E10002318F50483477700834667001307A00350
:102E2000A207D58F834605012319F5048347E502E0
:102E30006395E604858B99CB8327050AA3050502D4
:102E40002307050293E707042320F50A8347A50219
:102E500093E717002305F50285472308F50083470C
:102E6000150193E707F8A308F5008347E50293F7F8
:102E7000F7FB2307F50201458280E207E187E3D0F3
:102E800007FE8327450A93E707042322F50AC1BFFB
:102E9000054582800347650189476304F7000545BE
:102EA0008280832745111307000483C73700A305D9
:102EB000F5028347050193F6B70F6397E600930782
:102EC00050042308F50025A0130750056393E7027B
:102ED0008327050A93E707202320F50A854723085F
:102EE000F5008347150193E707F8A308F5000145AE
:102EF0008280130750066395E7009307A006D1B7B9
:102F000013075008639CE70085472308F5008347B3
:102F1000A50293E717002305F502E1B70347B500C3
:102F20003DFF130700026386E70013073002639535
:102F3000E7009307600271B71307A007E391E7F674
:102F4000930710F8BDBF834665010547AA8705456D
:102F50006394E60403A787100545418B15CF03C78B
:102F600007016318A7001307B0042388E700014591
:102F700082801306A004631AC70003C7A702238830
:102F8000D700136717002385E70203A7870A136793
:102F9000070423A4E70AE1BF828083466501054751
:102FA000AA8705456393E60283C607011307A004B9
:102FB0000545639CE60003C7A7022388A7000145D7
:102FC000136717002385E70282808280034765012B
:102FD0008D47631FF718834715018D8B91EB83464F
:102FE00005012147938706FC93F7F70F6361F7020A
:102FF000D9472306F5029307A002A305F50283270C
:10300000850A93E727002324F50A01458280834738
:10301000B500032645116390071493075005639884
:10302000F600D9472306F50293073002F9B7971740
:10303000FF1F938727068345460003C7A70383C75F
:10304000B703834865146D8F2305E51403463600E6
:10305000F18F0546A305F514331616016314C70056
:1030600023050514034875148545B395050163943C
:10307000B700A30505140347A5148347B5145DCF16
:10308000D9CB93752700B1C113F627001DCE930746
:1030900020202315F5140347A5148547B39717017E
:1030A0006314F700230505140347B5148547B39748
:1030B00007016314F700A305051485476398F60814
:1030C000930760052308F50089B71376470001CA06
:1030D00013F3470063050300930740405DBF058B72
:1030E00019C713F7170001C7930710105DB70947F9
:1030F00081E5114711E205472305E51413F7270081
:1031000009C78947A305F51479B7918B99C39147EE
:10311000D5BF8547C5BFB3570741858B81C72305F9
:10312000B51495BF9377270089C789472305F51400
:103130009DB7118B91477DFB8547CDBFA9DF33D765
:103140001741058B45DFA305C514B1B78327850A51
:1031500093E707104DBD85476397F6008347460008
:10316000A305F514B1BF8327850A93E7072061BD46
:1031700005458280834665010D47AA87054563940E
:10318000E61483C60701130750050545639DE61243
:1031900003C7B7006319071283C6471403C7571440
:1031A00003A6471133F5E6008345460019ED639603
:1031B000B60003453600630AE5002395071413079C
:1031C00070052388E70001458280ED8E2385D714A2
:1031D0000346360003C86714718F0546A385E714BC
:1031E000331606016394C6002385071403C57714BC
:1031F0008545B395A5006314B700A385071483C65E
:10320000A71403C7B714C5CA41C793F526009DC9C3
:103210001376270005CA130720202395E71483C6D9
:10322000A7140547331707016394E60023850714A5
:1032300083C6B71405473317A700E392E6F8A385C2
:103240000714B5BF13F6460001CA9378470063859B
:10325000080013074040D1B7858A99C693761700B6
:1032600081C61307101055BF894681E5914611E2CA
:1032700085462385D7149376270089C60947A385F9
:10328000E71471BF118B19C31147D5BF0547C5BFDF
:1032900033D7A640058B01C72385B71449B713F769
:1032A000260009C709472385E71495BF918A11476E
:1032B000FDFA0547CDBF25D7B3560741858AC5DE40
:1032C000A385C714A9BF82808346B5000547AA8796
:1032D0000545639FE60683C6670115470545639963
:1032E000E60603C70701930650056306D700930659
:1032F0008005631FD70403C7A70283A5471113677F
:1033000017002385E70203C645001147636EC70017
:1033100083C63500636AD7001307F6FF1385F6FFEF
:10332000718F758D498F11C705472388E7000145C7
:10333000828003C7650003C555002385C714220793
:10334000498F2396E714A385D7141307A005F1BF6F
:1033500082808347B50095E3834665010D47854725
:10336000639BE600034705016317F7009307100608
:103370002308F50081473E8582808547EDBF0347DE
:10338000650189476310F706832745119715FF1FCD
:1033900083C5E5D483C7370013F6F70113D7670059
:1033A0009717FF1F83C797D363EAC7008346E514C7
:1033B000A18A89C6B3D6E540858A9DE6E9472306FA
:1033C000F5028547B397E700ED8F8D8B794799C359
:1033D000130700028327850AA305E50293E7270068
:1033E0002324F50A05458280230AE51403470501D5
:1033F000A309C51485476318F700930760062308DF
:10340000F500014582808327850A93E7074023243E
:10341000F50AC5BF034765018947631CF702832787
:1034200045110347050183C737002308F502854787
:103430006318F700930760072308F50001458280B1
:103440008327850A056713070780D98F2324F50A88
:10345000F5B705458280834665010947AA8705457A
:10346000639FE60283C6070113075007014563986F
:10347000E60203A74711A166034737002388E70246
:1034800003A7070A558F23A0E70A05472388E7000B
:1034900003C71701136707F8A388E70082808280BB
:1034A000834665011547AA8705456399E60C83C6DF
:1034B00007011307500805456392E60C03A747115F
:1034C00083463700A38DD71483064700A382D716FF
:1034D000030657002380C716034767002382E716B9
:1034E00003C7871593754700B5CD8946A38CD714BC
:1034F00083A6070AC1656D9BCD8E23A0D70A238CB6
:10350000E71403C7A7169376170085C29306F00742
:103510006306D600136727002385E71603A7070A6B
:10352000B7060200558F23A0E70A1717FF1F1307DE
:1035300067B6034737000145A387E70203C7470380
:10354000A380E71605472388E70003C7A702136790
:1035500017002385E70203C71701136707F8A3883D
:10356000E7008280098B51DFC9DE03A7070AC16625
:10357000A38CA714558F23A0E70A61B782808346E6
:1035800065011547AA8705456390E60A83A647119A
:10359000014503C636001377060F59E71717FF1FBB
:1035A000034717B3718F49C303C7660011482380CF
:1035B000E716838556000147A382B7161305170047
:1035C0003357E640058B9378F50F15CF238D1715EC
:1035D00003C74600A38DE71403C7871593764700FA
:1035E0009DC68946A38CD71483A6070A41666D9BA6
:1035F000D18E23A0D70A238CE71403C747030145C4
:10360000A380E71682802A87E31A05FBD1B7098BCE
:103610006DD7E5D50547A38CE71403A7070AC16654
:10362000558F23A0E70AD1BF8280834665011147E9
:10363000AA8705456393E60A83C5B7000545639EDF
:10364000A50883A6471103C836006366050303C7B0
:103650004600130510091306B7FF1376F60F636CC7
:10366000C50003C656009306B6FF93F6F60F6364D3
:10367000D5006371E6027947A385E702130780024C
:103680002386E70203A7870A01451367270023A4BF
:10369000E70A828083A6C710014593F6060895CEF7
:1036A00083C647176317B80293E61600238AD71616
:1036B0009306000AA38AE7163307D70283D6A70327
:1036C0003347D70283D6070485063697239BE71630
:1036D0008280D99A238AD716828082808327051117
:1036E000DDC32547A30AE50055472381E7000347CB
:1036F000451B8355651B8566A381E7000347551B62
:10370000938686840356A51B2382E7000347851B07
:10371000A383E7000347951B2384E7002E8763F309
:10372000B600368742074183A382E700856621837E
:103730002383E70093868684328763F3C600368747
:1037400042074183A384E70021832385E700834761
:10375000C507A305050299C78327050A93E7071044
:103760002320F50A8327450A13974701635807006A
:103770007D771307F77FF98F2322F50A8547230802
:10378000F500014582800545828003476501AD470C
:103790006318F702411106C6834745178325451173
:1037A000294693E70701230AF5168D051305D5175A
:1037B00097D0FE1FE780A00FB240014541018280F3
:1037C000054582808347B500EDE7411122C406C656
:1037D00003476501E1472A8405456318F70C034751
:1037E0000401930700046312F70C83254411056557
:1037F0009306A5C703C7450083C7350022075D8F21
:103800009307A7FFC207C18363ECF60883C765006F
:1038100083C65500130505C8A207D58F6362F50856
:1038200063E0E70803C6850083C675002206558E4F
:103830009306301F63E6C60683C6A50003C895003D
:10384000A206B3E60601636DD50413051600330521
:10385000E502139836006345A80403C8B5001315A4
:10386000080141816304080063ECA702231DC4041E
:103870002312A406231AE406231BF406231ED404F1
:1038800083C7D50003C7C5003146A207D98F2313CC
:10389000F406B9051305840697D0FE1FE7802001C2
:1038A000930770042308F4000145B240224441010B
:1038B000828005458280411126C206C622C4034784
:1038C0006501E14785446318F704832785102A843E
:1038D0008544898BA9C38347B50063919706EFE0C0
:1038E000FFF283470401A305A4026397970093079F
:1038F00010042308F40039A8130700046393E702B7
:10390000930710042308F4008347A40293E71700E9
:103910002305F4028144B2402244268592444101A9
:1039200082808327040A93E727002320F40A834731
:10393000140193E707F8A308F400E9BF83471501D2
:103940008D8B99CF9307A002A305F402BD472306F0
:10395000F4028327840A93E727002324F40A5DBF37
:103960008347050163979700EFE05FEAA305A40290
:10397000BDBF130700026390E702EFE03FE9A30534
:10398000A402814449F98327440A37070080D98F6C
:103990002322F40A49B713070004E39EE7F69307CE
:1039A00030025DB7411126C206C622C48347B50066
:1039B0008544A5E703476501A5478544631FF704D0
:1039C0008327850FA18BB1CB832545112A842146FE
:1039D0008D051305051097D0FE1FE78040ED832766
:1039E0000410B73678089386060DDD8E83274410C1
:1039F00013E707018327840FF58F2324F41083270F
:103A0000C40FF98F2326F41083470401639D9700A8
:103A1000930710032308F4008144B2402244268512
:103A20009244410182808327840A93E7070123247B
:103A3000F40ADDB7411126C206C622C40347650158
:103A4000A5478544631AF70603470501930700035A
:103A500085446313F706832545112A8421468D0585
:103A60001305051097D0FE1FE78060E4832704103C
:103A7000B73678089386060DDD8E83274410230819
:103A80009400A305040213E707018327840F8144F0
:103A9000F58F2324F4108327C40FF98F2326F41005
:103AA0008327040A93E707022320F40A83471401BB
:103AB00093E707F8A308F400B24022442685924415
:103AC000410182808347B50005476395E7084111AE
:103AD00022C406C68346650125472A8405456390AE
:103AE000E606034704016310F706832544112146C7
:103AF000130504108D0597D0FE1FE78040DB832758
:103B00000410B73678089386060DDD8E832744109F
:103B100013E707018327840FF58F2324F4108327ED
:103B2000C40FF98F2326F410930710032308F40021
:103B300083471401014593E707F8A308F400B24056
:103B40002244410182808327840A93E707012324CA
:103B5000F40AF9BF054582800347B5008547631C19
:103B6000F704411122C406C626C203476501A147D6
:103B70002A840545631CF70283244411130584122B
:103B800015469385340097D0FE1FE78040D283C747
:103B9000940003C784000145A207D98F2317F412AC
:103BA0008347140193E727F8A308F400B2402244A6
:103BB000924441018280054582800347B5008547D4
:103BC0006310F716834665015D47639CE614011197
:103BD00026CA8324451122CC21462A8493853400A9
:103BE0001305F51806CE97D0FE1FE78040CC83C79B
:103BF000C40003C7B400A207D98FA30BF418A18394
:103C0000230CF418EF002FBA2AC4EF00CFB92AC64C
:103C10002C001305841A214697D0FE1FE78020C987
:103C200083C7F40003C7E4001305041BA20742077F
:103C3000BA9703C704012C001146BA9703C7D400F2
:103C40006207BA972324F40C83C7340103C7240105
:103C5000A2074207BA9703C74401BA9703C71401E2
:103C60006207BA972322F40C0347941A8347A41AD5
:103C70004207A207BA970347B41ABA970347841AB0
:103C80006207BA972320F40C0347D41A8347E41A37
:103C90004207A207BA970347F41ABA970347C41A10
:103CA0006207BA97232EF40AA24737470300130787
:103CB000D73FB387E70237A72600130737ECBA9739
:103CC0003EC497D0FE1FE78080BE83C7640103C750
:103CD0007401A2074207BA9703C75401BA9703C7F2
:103CE00084016207BA97232EF40C0347241B8347F1
:103CF000141B4207A207BA970347041BBA9703474E
:103D0000341B6207BA972320F40E9307100223088E
:103D1000F400F24062448147D2443E8505618280CE
:103D200085473E858280034765019147631EF712F0
:103D3000411126C28324451106C622C403C734009C
:103D400001CB9307F7FFF98F81E79377070F8DC7B3
:103D500093070002A305F502930730022306F5023C
:103D60008327850A93E727002324F50AB2402244DB
:103D7000924401454101828083C554009306E007C7
:103D8000814711466397D500F947E9B7B687638C39
:103D9000C60093861700B357F740858B93F5F60F4F
:103DA000F5D7230DB514838744002A84ADC7A30E2D
:103DB000F514030535143387A7001375F50F635AFF
:103DC000F0008307F41563DAE700898FA30EF4147B
:103DD00029A08307E415E34AF7FE8347D4153E95EF
:103DE00062056185EF0090122301A414EF00700AB0
:103DF00083473414A301A414B307F540A30EF414AD
:103E0000EF00D0108347A415034734142301A414F2
:103E1000A297A382E716830744038306241601476B
:103E200063D5F600958F13F7F70F230EE41483C7BD
:103E3000540005472300F416834704016397E70005
:103E4000930760F82308F40015B71307500863962A
:103E5000E700FD57230EF414E5B78327840A0967AA
:103E6000D98F2324F40A19B70545828003476501D9
:103E7000A547631EF704411122C406C68346050107
:103E8000130700052A8485476397E602EFE0BFAC7D
:103E900005E98327040AA305040293E707102320FA
:103EA000F40A8347140193E707F8A308F400854751
:103EB0002308F4008147B24022443E8541018280BC
:103EC0008347A40293E717002305F402D9BF85476F
:103ED0003E85828003476501A5476309F7000545D4
:103EE00082800545B24022444101828083278510AB
:103EF000411122C406C693F707022A84FDD3EFE0DE
:103F00009FA58547E30FF5FC034704016318F700FD
:103F1000930710052308F4000145E9B78327840AB5
:103F200093E707082324F40AC5BF054582800545A9
:103F30008280054582800545828005458280054551
:103F4000828005458280054582808347C500A30A9B
:103F50000500F19B93E717002306F50003250511E3
:103F60001335150082801707FF1F034797019547F8
:103F7000630BF7009707FF1F9387470083C77700FE
:103F80000D47631FF7009707FF1F83C7B7FF639FA6
:103F90000710930760101707FF1F2315F7FE828095
:103FA00041119707FF1F9387E70E194522C426C2C8
:103FB000E05F06C64AC0EF00B0269707FF1F938751
:103FC000A7FB944337C7898E130767ED98C6375709
:103FD000550013075755D8C2034724029306F00F24
:103FE000BE846307D700FD57A300E4022301F40257
:103FF0000345140289476303F50001451709FF1FB4
:10400000130949FA0327090001469305F00F5C43A1
:1040100093E717005CC3930710FA2305F400994750
:104020001707FF1FA30FF7F49707FF1F238807F455
:104030009707FF1F238607F4EF00E07D9707FF1F18
:10404000938787FB9443DC56F59BDCD69C40034763
:1040500094001376F7079843137707F8518F98C3A6
:1040600098431377F7CF98C398431377F7CF136725
:10407000072098C39C4637073300B240D98F0327E7
:1040800009009CC6B7070300938787153CCB9707A9
:10409000FF1FA38707EE9707FF1FA38107EE2244A8
:1040A00085471CC3924402494101828082804111AC
:1040B000B7E700E026C284433707200006C622C4C3
:1040C000F98C23A0E7180F1000001707FF1F034704
:1040D00077EB9707FF1F938767EA01CF9706FF1FCC
:1040E00083C646EA09476396E6001707FF1FA30B3E
:1040F00007E803C77700A1466387E60003C7770098
:104100009D46639DE60083C777001707FF1F230BBB
:10411000F7E685471707FF1FA306F7E6EF0010082D
:104120009707FF1F938707F7E05F68402315040098
:104130002304040097D0FE1FE780803791452310A9
:10414000040423220404232404041705FF1F034549
:10415000D5BFEF002FCCA1451705FF1F0345F5BEC6
:10416000EF004FCB034514039307F00F6307F500EF
:10417000EF008FD1FD57A308F40203450403930712
:10418000F00F6307F500EF002FD0FD572308F4026E
:10419000B2402244B7E700E023A0971092444101C7
:1041A0008280011126CA9704FF1F9384A4EE22CCBB
:1041B00003A4040C4AC84EC652C456C206CE2A896D
:1041C0008149130A2500854A29E893057025314560
:1041D00097D0FE1FE780A01E2A8401453DC083477B
:1041E0001900194693052900A300F40013052400C3
:1041F00097C0FE1FE780A06B83A7040CA1EF970771
:10420000FF1F23A987F42324040083C7C40B850759
:104210001707FF1F230EF7F225A00347140083475B
:1042200019006305F700A289004479BF1946D285B9
:104230001305240097C0FE1FE780E072E31555FFC9
:104240000545F2406244D2444249B249224A924A68
:1042500005618280E38909FA23A489006DB7970775
:10426000FF1F938727E303A5070C11E99707FF1F9B
:1042700023A207EE9707FF1F238C07EC82804111D2
:1042800006C622C4004597D0FE1FE7806022228523
:1042900075F8B24022449707FF1F23AD07EA97073E
:1042A000FF1F238707EA410182809707FF1F93873B
:1042B00067DE23A0070C238E070A82801707FF1FE3
:1042C000130747CB1C439306001094C30100010061
:1042D000010001001C4323A007008346150003488A
:1042E0002500A2064208C29603480500C29603486C
:1042F00035006208C29694D783465500034865008E
:10430000A2064208C29603484500C29603487500BB
:104310006208C296D4D7834695000348A500A2063A
:104320004208C29603488500C2960348B500620859
:10433000C29694DB8346D5000348E500A2064208F6
:10434000C2960348C5000345F500C2966205AA96C9
:10435000D4DB83C6150003C52500A2064205AA9634
:1043600003C50500AA9603C535006205AA9694CF39
:1043700083C6550003C56500A2064205AA9603C57B
:104380004500AA9603C575006205AA96D4CF83C6D8
:10439000950003C5A500A2064205AA9603C585009F
:1043A000AA9603C5B5006205AA9694D383C6D50024
:1043B00003C5E500A2064205AA9603C5C50083C54C
:1043C000F500AA96E205AE96D4D3D443F59AD4C3A9
:1043D000D44393E61600D4C3944393E6160094C3E3
:1043E000BA879443D842058B59E3984E0145230080
:1043F000E6009843184F2183A300E6009843184F26
:1044000041832301E6009843184F6183A301E6002E
:104410009C43D84F2302E600D84F2183A302E60035
:10442000D84F41832303E600D84F6183A303E600FE
:1044300098532304E60098532183A304E60098537D
:1044400041832305E60098536183A305E600D85312
:104450002306E600D8532183A306E600D853418300
:104460002307E600DC53E183A307F6008280010006
:104470008DBF011122CC2A84354506CE2EC632C40A
:1044800045239707FF1F9387E7B1984322853C4B4D
:1044900093E707083CCB2246B245EFF03FE2F240FB
:1044A00062440145056182809707FF1F938787AFAC
:1044B00098433C4B93E707083CCB01000100010007
:1044C00001009707FF1F9387E7AA9C4303A7450EA8
:1044D00016051365050888C398CB03A7850E01450B
:1044E000D8CB03A7C50B98CF03A7050CD8CF03A73C
:1044F000450C98D303A7850CD8D303A7C50C98D730
:1045000003A7050DD8D703A7450D98DB03A7850D95
:10451000D8DB03A7C50D98C703A7050ED8C79843D6
:104520001367070498C382809707FF1F938787A7A5
:1045300098433C4B93E707083CCB01000100010086
:1045400001009707FF1F9387E7A29C4303A7C50EAF
:1045500016051365050888C398CB03A7050F014509
:10456000D8CB03A7C50B98CF03A7050CD8CF03A7BB
:10457000450C98D303A7850CD8D303A7C50C98D7AF
:1045800003A7050DD8D703A7450D98DB03A7850D15
:10459000D8DB03A7C50D98C703A7050ED8C7984356
:1045A0001367070498C3930700F81707FF1F230A30
:1045B000F79C82809707FF1F9387079C9C43B70651
:1045C0008000B70500829843FD15558F98C31307E7
:1045D000F00F98DF13070005D8DBD857B706008027
:1045E000558FD8D7D45717F7FE1F0347A77C13164C
:1045F00087011377F703ED8E6607558FD8D761864D
:104600001707FF1F1307479F9306A003184363DC98
:10461000C600744F37060007D18E74CF37070200EB
:104620001307C72099A09306200263DAC600744FCF
:10463000370600F97D16F18E37060005F1BFB70683
:1046400000F99385F6FF744F6945ED8E6355C500FB
:1046500037060003D1B7B7050001CD8E74CFE35FF5
:1046600006FA3707020013070721D8DF984B1377A4
:1046700007FC1367E70098CB37E700E0D147A309B1
:10468000F70497D7FE1F9387678E93E717007CD7B1
:10469000828093178501E18763C8070613770504B5
:1046A00099472DE31307A0039147636DA7041307F0
:1046B000A0028D476368A70413072002894763633C
:1046C000A70469478547636FA70251478147636B1A
:1046D000A7024947FD576367A7023947F557636348
:1046E000A7022947ED57636FA7001947E157636B8E
:1046F000A7001147D9576367A7000947B1576373EC
:10470000A700C5573E858280A547EDBFB557634DCD
:10471000F50449578D476347E5045D579547634363
:10472000E50465579D47634FE5027157AD47634BFD
:10473000E5027957BD476347E502CD47634405026B
:10474000D5470DC10547ED47630EE50009479307BF
:1047500030026309E5000D479307B0036314E500D9
:104760009307B0023E8582808547EDBF9387819293
:104770009C4399CB944BD04B9842518F98C2944311
:104780009C479842D98F9CC297F7FE1F9387C77E9C
:1047900017F7FE1F0347277F1706FF1F13068680A4
:1047A00005489C431307E7091442631E0503884329
:1047B0001365050888C3C8468177FD17E98FDCC6F5
:1047C0000F1000001C42B7060200AD0594C7930607
:1047D00000F817F6FE1F2305D67A8A05BA958605D6
:1047E000ECD3C8C7828088431375F5F788C3C846E1
:1047F0008177FD17E98FDCC60F1000001C42B70659
:104800000200A90594C7930600F817F6FE1F2309B6
:10481000D6768E05E1B7938781929C4389CFD443A6
:1048200003A8870098423367070198C2D447DC4B3E
:104830009842D98F9CC297F7FE1F9387E77305476D
:104840009C439505631EE50298438E051367070890
:1048500098C3984F137707C01367A71398CF130710
:104860008007A389E7009385C50397F7FE1F23AF51
:10487000B77011C6060697F7FE1F23A9C77082807E
:10488000984392051377F7F798C3984F137707C0AB
:104890001367271398CF1307F007A389E700E1B741
:1048A00011C937170040835787012168B3E7070113
:1048B000231CF7008E0597F7FE1F2386B76C97F72A
:1048C000FE1F9387676B22069C43498E4D8EB7056A
:1048D00010004D8EB0D7B85713674700B8D7B857F8
:1048E00091C6B7060400558FB8D78280B706FCFF83
:1048F000FD16758FD5BF411106C617F7FE1F03477A
:104900006768A1476311F70497F7FE1F83C7C7695C
:10491000858B17F6FE1F0346566B97F6FE1F83C660
:10492000C66ABDC797F7FE1F9387076AC8432DC1A4
:10493000834515000905EF00900C11C5854717F751
:10494000FE1FA301F76417F7FE1F0347A7639947EC
:10495000631CF70097F7FE1F9387C773FC5F83C73D
:10496000B70095CBEFF02FE017F7FE1F03478761E5
:104970009D476312F70297F7FE1F9387A77183A7DE
:10498000070983C7770081CBB24041016FC0701E19
:10499000814501454DB7B2404101828017F7FE1FA6
:1049A000130747601C43B44B93F6F68FB4CB944384
:1049B00093E6860094C39C438D83858B89C7010051
:1049C00001000100010097F7FE1F9387E75A944307
:1049D0009C4293F7F7CF93E707109CC297F7FE1F0F
:1049E000938787619043B706CEFFFD161C46F58F6F
:1049F0001CC61C4337070300B8CB938781929C43A6
:104A000099CBD44390479842518F98C2944BDC4B3A
:104A10009842D98F9CC297F7FE1FA38407568280C5
:104A200097F7FE1F938707589C439C438D8B6383A6
:104A300007104111B7E700E04AC003A9070026C2EA
:104A40003707200006C622C4AA843379E90023A0D0
:104A5000E7180F10000017F7FE1F034797528D4706
:104A600017F4FE1F13048451631BF70097F7FE1F12
:104A7000938787539C4B014681454545829719474B
:104A8000639CE40497F7FE1F83C7D74F99CB97F732
:104A9000FE1F83C7274F6396970097F7FE1FA383D8
:104AA000074E8347740021476318F700930780106F
:104AB00017F7FE1F2318F74C97F7FE1F238B072CC1
:104AC000EFF0DFEDB2402244B7E700E023A027116A
:104AD00092440249410182809D47639FF40097F709
:104AE000FE1F83C7374AD5DF17F7FE1F03478749E5
:104AF0008D47E318F7FA55B783467400630BD70068
:104B0000034774006387E700834774002147E31578
:104B1000F7FA97F7FE1F83C7F746D9FF834774005C
:104B200017F7FE1F2300F746854717F7FE1FA30B55
:104B3000F74459B782805D7156DA97FAFE1F938A5F
:104B4000AA4303A70A0086C6A2C4A6C2CAC04EDEF4
:104B500052DC1C4317FAFE1F130A0A4A97F9FE1F7C
:104B60009389494493F7F7CF93E707101CC3832633
:104B70000A003707CEFF7D179C463709030013064E
:104B80008002F98F9CC683A709002A84AE8423A8DB
:104B9000270593051008280097C0FE1FE78040D81E
:104BA0003545EFF0FFE783A70A009376F41F370639
:104BB000330023A40700984B13098915617F1367FD
:104BC000F70398CBF84FCE88130510F8137707E05A
:104BD000558FF8CF9843D68552881367070898C336
:104BE00017F7FE1FA30E073883A6090017F7FE1F4D
:104BF000A3060738054798C29843A1629303401F54
:104C00001377F7CF98C398437D1F85491377F7CF64
:104C10001367072098C303270A00930F80021C47DD
:104C2000D18F1CC723A8260501473400114913530F
:104C3000370026938347030013767700B3D7C74026
:104C4000858BDDCF9C41832E080023AC070423A075
:104C5000070603AECE02137EDEFF23A6CE0383AE8D
:104C60000700137EF70793FE0EF833EECE0123A064
:104C7000C70103AE4702336E5E0023A2C70383AEB3
:104C80000800014E23A27E0603AA070663074E030F
:104C900003AE0703038A0600135EFE00620E135E76
:104CA0008E416358CA0103AE0703135EFE002380E2
:104CB000C60103AE0706137EFE0F03AA4E06630667
:104CC0000A0003AA8705E37F49FB03AE4702337E50
:104CD000EE0123A2C70383870600635CF400034E42
:104CE00003003396C9001346F6FF3376C60123004E
:104CF000C3003E8663D3A7002A861315860161850B
:104D000005071377F70F8506E313F7F398411C4B5C
:104D100093F707FC93E7E7001CCBB6402644964484
:104D20000649F259625AD25A61618280011122CC3D
:104D30002A8411452EC632C436C206CEEFF05FCEAD
:104D400097F7FE1F938747239C43B7083300D85734
:104D5000719B13671700D8D717F7FE1F1307872417
:104D600008431307800778D198431377F7CF98C388
:104D700098431377F7CF1367072098C317F7FE1FE1
:104D8000130787271843B245924603288700224617
:104D90003368180123240701370803001308882506
:104DA00023280505CDC14C5713640404F5994CD74D
:104DB0001377F4078043137404F8598C37477671DE
:104DC00080C31307971298C73757550013075755D5
:104DD00017F4FE1F1304841AD8C31C50B6853CDD9B
:104DE00097F7FE1F238D071897F7FE1FA389071853
:104DF00097F7FE1F238607185C41F99B5CC191471A
:104E0000014517F7FE1FA30EF71697C0FE1FE78098
:104E1000A03C93878192984311C7544318479C4202
:104E2000D98F9CC283473400858B91CB97F7FE1FA7
:104E300083D7C726850717F7FE1F2311F726F240F1
:104E40006244056182804C57F5994CD71377F4077B
:104E50008043137404F8598C37C7898E80C31307B5
:104E600067ED95B7011126CA4AC84EC6C164370915
:104E7000006AB70900AC22CC52C406CE0544FD142A
:104E80001309690E9389E90C130A000205E49305DE
:104E9000000F4145EFF09EDFB7B7006A42059387E8
:104EA00067CE5D8DF2406244D2444249B249224A03
:104EB00005618280A6850145EFF09EDF931785008E
:104EC00013F7071033E5270119C333E5370181478D
:104ED0000147E145B356F50085073356F500858A4D
:104EE000058A6307D60005071377F70F63E4E50427
:104EF000E39247FF81471306F003ED463357F50071
:104F00001377F70305CB6307C7028507E398D7FE3E
:104F1000135785009377F50F1377F70FE394E7F8AE
:104F2000135705011377F70FE39EE7F61357850133
:104F3000E39AE7F605041374F40F89BF17F7FE1F11
:104F40000347370491476309F70C97F7FE1F9387D0
:104F500067029843B7C7004093870730631EF70A7C
:104F60000111354506CE22CC26CA4AC84EC6EFF0FE
:104F70003FAB97F9FE1F938929001D2AEF00703976
:104F8000EFF04FE383A7090017F9FE1F1309C906C5
:104F9000B7063300984397F4FE1F9384A4003704A8
:104FA00003001367070898C398431377F7CF98C394
:104FB00098431377F7CF1367072098C30327090097
:104FC0001C47D58F1CC79C4013078455B8CBEF00F6
:104FD000704CEF10F01EEF00103FEF00104803A7D9
:104FE00009001C4393F7F7CF93E707101CC38326F0
:104FF00009003707CEFF7D179C46F2404249F98FE2
:105000009CC69C40B249D244A0CB624497F7FE1F95
:10501000A38907F6056182808280B7C700401387A5
:10502000073097F6FE1F23A7E6F4138707204111E8
:1050300097F6FE1F23A8E6F69387071037D70040A0
:1050400022C497F6FE1F23A9E6FA17F4FE1F1304E5
:10505000E4F217F7FE1F2321F7F28547A303F400BC
:1050600097F7FE1F9387C7D39C4306C65CD09387F0
:1050700007111CD097C7FE1F9387A7EF23A6F192B5
:10508000EFF0DFEBB7E700E0A305040003C75741EB
:1050900013670708A38AE740B2403707100022448D
:1050A00023A0E7103707200023A0E71041018280EA
:1050B00017F7FE1F1307C7CE0307470197F7FE1F19
:1050C000938747EE9C43635A070413074008D8CBE5
:1050D000F8C313076007D8CFF8C79306C008D4D326
:1050E0001307E006D8D7D4DBD8DF13078007239354
:1050F000E700F84BB7060080558FF8CB5147F8CB47
:1051000017F7FE1F130787E75853F8DF7D5798C737
:1051100037071F003D07D8C782801307C00845BF67
:1051200097F7FE1F938747ED984317F6FE1F130668
:10513000A6E797F7FE1F938727E49443834716005B
:1051400013F8F707D9C588425C42137505F8336533
:10515000050188C213F5150001C993F50503414502
:105160006386A506938787C14C574168130808A03A
:1051700093E525004CD7B3D50703B70810FEFD18FB
:10518000B3F70703FD89139545016C43B3F515018A
:10519000C98D6CC39305A00F3705FCFFAA07B3D7D1
:1051A000B7026C43E98DBA07B983CD8F7CC38347BF
:1051B0000600898B99CB9C4293F7F70713E7070406
:1051C0009C4293F707F8D98F9CC28280938707830C
:1051D00061BF5C57F59B5CD79C4293F707F8B3E738
:1051E00007019CC2E9B7411106C697F7FE1F238449
:1051F00007DEEFF0AFFAB2400145410182807971DC
:10520000B7E700E026D284433707200006D622D431
:105210004AD04ECE52CC56CAF98C23A0E7180F10B4
:10522000000017F4FE1F130424D8184409EF23A02C
:1052300097100545B250225492540259F249624ADD
:10524000D24A4561828017F7FE1F1307A7E40327A0
:10525000470A09C723A097100945E9BF83470400FF
:10526000328AB689858B2E86AA8ABDC717F9FE1F9A
:10527000130989D58327490095E317F5FE1F0345D8
:1052800075D42EC609059305900497C0FE1FE780CC
:105290000013324697F7FE1F23AAA7D2832749009F
:1052A00099E7B7E700E023A097100D4561B717F71E
:1052B000FE1F034787D12380E70083274900638FC0
:1052C0000A0429CEA380C70003254900D685090515
:1052D00097B0FE1FE780A05D17F7FE1F034777CA50
:1052E0009547630CF70097F7FE1F83C7A7C91947B7
:1052F0006385E7000D476396E70297F7FE1F83C7B4
:1053000077C899E79307801017F7FE1F231CF7C68D
:10531000B7E700E023A09710014529BFA38007004D
:1053200065BF17F9FE1F1309E9C7832709009843D2
:105330000D8B0DC717F7FE1F230D07A4B84B13776E
:10534000F78FB8CB98431367870098C39C438D832E
:10535000858B89C701000100010001008327090036
:105360003707020097FAFE1F938A0AC623A2070690
:1053700098C797F7FE1F238507C097F7FE1F83C7BF
:1053800067C5918B89EB97F5FE1F83C5E5C193F740
:105390000504639C0712814517F5FE1F0345D5C020
:1053A000EFF01FD817F5FE1F034505C01185014614
:1053B00097F5FE1F83C505C10D89EFF0CFC517F71F
:1053C000FE1F130767BB14441C4394C75444D4C343
:1053D00083260900834704003A8413F61700DC4251
:1053E000F99BD18FDCC283A74A00BCDE97F7FE1F72
:1053F000A38D47BD97F7FE1F238937BD83C7EA00FA
:1054000093E7470097F6FE1F2387F6BC9307000437
:1054100097F6FE1F2384F6B697F7FE1F238207B682
:10542000A14797F6FE1FA38EF6B497F7FE1F93874A
:1054300027979C5791CB13060064C14517F5FE1FB3
:10544000034585B9EFE0BEF2832709001705000088
:1054500013052533DC43858B89E717050000130509
:10546000C507EFF04EC2184097F6FE1F9386C6B8E8
:10547000370633001C4393F7F7CF1CC31C4393F745
:10548000F7CF93E707201CC39C429847518F032610
:10549000090098C7370703001307871538CA17F79D
:1054A000FE1FA30F07AC17F7FE1FA30907AC0547A4
:1054B00018C2D8431377F7EFD8C301000100984210
:1054C0005C4393E707105CC3A1B593F5050393E52F
:1054D00015004840F1B5011197F7FE1F83C717AAC1
:1054E00006CE22CC26CA4AC8858B17F7FE1F1307A3
:1054F000E7A86386072497F7FE1FA38107A83A84CD
:10550000A30701004453EFF01FCE97F7FE1F83C798
:1055100067AC918B97F6FE1F938606AB17F9FE1FBB
:10552000130989A8638A071A83C71400A69703C7BB
:10553000070093070008631AF7008347090093E701
:10554000870017F7FE1F2301F7A65C4C0D47637F0A
:10555000F710F11717F7FE1F2320F7A45C4C9846AD
:1055600063EDE7103387E74083C7140003C6C60026
:10557000A69783C71700620661868E0763500612DE
:1055800063F4E7101D8F9306000263EBE600584CAE
:10559000636FF70EB307F74017F7FE1F232AF7A232
:1055A000894517F5FE1F034525A3EFE0BEBC8347E1
:1055B0000900A18B638D071097F7FE1F9387879EC5
:1055C00094439307800C1307F00FFCD21C5037064E
:1055D0003300014598C397F7FE1F2382079A97F778
:1055E000FE1FA38E079897F7FE1F238B079897F748
:1055F000FE1FA387079897F7FE1F9387E7979843A7
:105600001C4393F7F7CF1CC31C4393F7F7CF93E7E3
:1056100007201CC397F7FE1F9387079E984397F5B3
:10562000FE1F83C5659891851C478D89D18F1CC746
:10563000B707030093878725BCCA054697C0FE1F9E
:10564000E78080B983470900DD9B17F7FE1F230D14
:10565000F79497F6FE1F83C6469717F6FE1F03467C
:10566000D69681450145EFF09FB9E1A017E7FE1FEF
:105670001307C7775843BA97E9BD17E6FE1F13060D
:10568000E6765042B297F9BD3387E740EDBD97E625
:10569000FE1F9386A675D4423697EDBD584C6361C4
:1056A000F702B307F74017F7FE1F2323F79283C7CC
:1056B000C60093E7070817F7FE1F230DF790CDB537
:1056C00017E6FE1F1306867250423297D9BF83C772
:1056D0001400F917A380F400485081468145130651
:1056E000F10097C0FE1FE78000A65C50931585016E
:1056F0009306F00F03C70700E185630CD70097F707
:10570000FE1F83C7978C6386D7006304F70093E579
:1057100025008307090063C7070089E58347F10077
:105720002380F40083270901505093F5F50F0D45B0
:105730008297F2406244D24442490561828097F7E1
:10574000FE1F938727869C43FC5399EFEFF0BFA978
:1057500097E7FE1F9387C7649C5BE38C07EE854544
:10576000130510088297F5B5834777002147E312A8
:10577000F7FC854717E7FE1F230DF7605DBF7971C2
:1057800097E7FE1F83C7877F06D622D426D24AD04A
:105790004ECE52CC858B17E7FE1F1307277E6384FE
:1057A00007260329470281461306F10081454A85F1
:1057B0003A84A307010097E7FE1F2381077C97C067
:1057C000FE1FE7804098131A8501135A8A4163121D
:1057D0000A0297E7FE1F83C7577F9306F00F638A7D
:1057E000D7005850034707006305D7006303F7004D
:1057F000094A97E4FE1F9384247B8387040097E97A
:10580000FE1F9389697C63C6071463160A148347D5
:10581000F1002300F90083C7C900918BD1CB5C4C08
:105820000D47637DF716F11717E7FE1F2326F7765E
:105830005C4C03A7890063EAE7163387E740834798
:10584000190083C6C900CA9783C71700E206E1861C
:105850008E0763DD061663F1E7161D8F93060002BF
:1058600063EBE600584C636CF714B307F74017E797
:10587000FE1F232FF774894517E5FE1F0345C575E5
:10588000EFE05E8F834719003307F9008346070076
:10589000130700086395E6161C501307F00F98C312
:1058A00083C7040093E7870017E7FE1F230EF76EF8
:1058B00097E7FE1F9387477498435C578583858BD2
:1058C000A1C3DC40C165938505A0B3D6B7023705F7
:1058D00010FE7D15B3F7B702FD8A13964601744397
:1058E000E98ED18E74C39306A00F3706FCFFAA077A
:1058F000B3D7D7027443F18EBA07B983D58F7CC36F
:1059000083A7490017E5FE1F0345056A118583C576
:1059100017000D89EFE09FE51705000013056513DB
:10592000EFE07EF697E7FE1F938707659C43B70677
:1059300080009843558F98C3D857719BD8D783C799
:105940000400A18BA1E79C48505081450D458297EA
:1059500035A8E3020AECEFF06F849C4850500D45E7
:105960009375FA0F829703A5490017E6FE1F0346B9
:10597000D66597E6FE1F83C6466509C583451500B3
:10598000090519A081450145EFF07F87B2502254E7
:1059900092540259F249624A4561828017E7FE1F1C
:1059A0001307C7445843BA97BDBD97E6FE1F9386B9
:1059B000E643D442B69751B53387E74045B597E6FD
:1059C000FE1F9386A642D442369745B5584C636174
:1059D000F702B307F74017E7FE1F232BF75E83C7D5
:1059E000C90093E7070817E7FE1F2305F75E61B5B7
:1059F00097E6FE1F9386863FD4423697D9BFF917A4
:105A0000A300F90075B597E7FE1F9387A7599C433C
:105A1000FC539DE3EFF02FFD97E7FE1F9387473878
:105A20009C5B89C7894513051008829797E7FE1F7D
:105A300093878759C84315BF834777002147E317EA
:105A4000F7F4854717E7FE1F2305F73481B74111A7
:105A500097E7FE1F83C7975206C622C4858B8DCB5E
:105A600097E7FE1FA38C0750EFF0EFF797E7FE1FB5
:105A70009387875303C707003E84218B21E703A345
:105A800007010146814511452244B240410102838C
:105A900097E7FE1F938707519C43FC53ADE797E7B9
:105AA000FE1F238F074C97E7FE1F9387E74F03C71F
:105AB00007003E84218B19E703A3070101468145B6
:105AC0005145D9B797E7FE1F93870750C84317E69C
:105AD000FE1F0346964F97E6FE1F83C6064F0DC175
:105AE000834515000905EFF08FF183470400DD9B26
:105AF00017E7FE1F230AF74AB24022444101828081
:105B000081450145CDB7854717E7FE1F2303F728D9
:105B1000E5B797E7FE1F9387274E9C43130700487E
:105B2000B70600F998D7D85FFD16758FB706000243
:105B3000558FD8DFD85FB70600400E070D83558F0D
:105B4000D8DFF84BC576FD16419B13679700F8CB5D
:105B5000D85F758F9566558FD8DF985B9D66136704
:105B6000077098DB985B558F98DB985BB70607004A
:105B7000558F98DB985BB7060090FD16758FB706BA
:105B80000010558F98DBF847B706F9FFFD16619BAB
:105B9000F8C7F84F758FF8CFF84FB70690FFFD168E
:105BA000758FF8CF17E7FE1F0347C7201377070C41
:105BB00019C7B847B7060080558FB8C78280B84765
:105BC00006070583DDBF17E7FE1F1307E7421C43E7
:105BD00041767D16B44BF18EB4CB94473706200046
:105BE000D18E94C7D44793E60601D4C7D447BD9A53
:105BF000D4C7010001000100010014430566DC4622
:105C000093E70701DCC6DC42D18FDCC297E7FE1FB9
:105C1000938747399043930740067CD27C5291C7C3
:105C200083A7C609A183858BF5DB01000100010074
:105C300001001C43416603A7C709B44BD18EB4CB06
:105C40009376F701B84B019B558FB8CB9847B706B1
:105C5000E0FFFD16758F98C7828097E7FE1F938738
:105C6000A7399C4341777D17B44F4166F98EB4CF75
:105C70009447D18E94C7D44793F6F6EFD4C7D44354
:105C8000758FD8C3D44793E60610D4C7D843518F35
:105C9000D8C38280397122DC17E4FE1F1304C43597
:105CA0001C4006DE26DA4AD84ED652D456D25AD0F6
:105CB0005ECE62CC66CA6AC86EC6D843FD76FD1653
:105CC0001377F7EFD8C39857758F98D7D857B7067B
:105CD00002003D9BD8D79847558F98C7D843136784
:105CE0000701D8C317E7FE1F130787301443375740
:105CF000341213078767E38FE64AD843817493848D
:105D0000F40F799BD8C3985FB166938606F0658FD0
:105D1000558F98DFD84313671700D8C397B0FE1F7D
:105D2000E78040661C4003A707091377F703238821
:105D3000E19203A7470929831377F707A388E19224
:105D4000D843B96693860670799BD8C3985F658FF0
:105D5000558F98DFD84313671700D8C397B0FE1F3D
:105D6000E78040621C4003A707091377F70397E613
:105D7000FE1FA385E62803A7470929831377F707A2
:105D800097E6FE1F2388E626D843B566938606303D
:105D9000799BD8C3985F658F558F98DFD843136779
:105DA0001700D8C397B0FE1FE780C05D1840832757
:105DB000070993F7F70397E6FE1F2381F62483274D
:105DC0004709A98393F7F70717E7FE1F2300F72278
:105DD0001C4017ECFE1F034C6C2283C6019303A7E3
:105DE000070AB386864113F6F600419B518F23A024
:105DF000E70A130760023387E6021306700283A5E1
:105E0000070A7D7E130EFE0F93F5F5F01305400291
:105E100045737D13130430023347C702B708F1FFFF
:105E2000FD1813082002930E10027D4FF94FF54222
:105E3000F1436D4DD14B454BBD443949314AAD4AD3
:105E4000B5493D8B12074D8F9305500223A0E70AF9
:105E50003387B60283A5070AB3F5C5013347C702E6
:105E60003D8B22074D8F23A0E70A3387A60283A527
:105E7000070A370500F17D15B3F565003347C70202
:105E80003D8B32074D8F23A0E70A3387860283A517
:105E9000070A6144B3F515013347C7023D8B42073A
:105EA0004D8F23A0E70A3387060383A5070A370827
:105EB00010FF7D18B3F505013347C7023D8B52072C
:105EC0004D8F23A0E70A3387D60383A5070AB70EB1
:105ED0000010FD1EE98D3347C7023D8B62074D8FD1
:105EE00023A0E70A139756003347C7029315C7014B
:105EF00003A7070A3377D7014D8F23A0E70A33871B
:105F0000E6035D4F3347C7029375F70003A7470ABF
:105F1000419B4D8F23A2E70A3387F60383A5470AE7
:105F2000D94F93F5F5F03347C7023D8B12074D8FDC
:105F300023A2E70A3387560283A5470AD542B3F561
:105F4000C5013347C7023D8B22074D8F23A2E70AC5
:105F50003387760283A5470ACD43B3F565003347FF
:105F6000C7023D8B32074D8F23A2E70A3387A60372
:105F700083A5470A494DB3F515013347C7023D8B49
:105F800042074D8F23A2E70A69473387E60283A5BC
:105F9000470AB3F505013347C7023D8B52074D8FC2
:105FA000E54523A2E70A3387B60283A5470AE98DB0
:105FB0003347C7023D8B62074D8F23A2E70A338721
:105FC00086020D443347C7029315C70103A7470A4A
:105FD0003377D7014D8F23A2E70A3387E603254F96
:105FE0003347C7029375F70003A7870A419B4D8F7C
:105FF00023A4E70A3387F60383A5870A9D4F93F509
:10600000F5F03347C7023D8B12074D8F23A4E70AF3
:106010003387560283A5870A9942B3F5C5013347F2
:10602000C7023D8B22074D8F23A4E70A33877603EF
:1060300083A5870AB3F565003347C7023D8B320756
:106040004D8F23A4E70A3387760283A5870A9543F9
:10605000B3F515013347C7023D8B42074D8F23A48B
:10606000E70A3387A60383A5870A294DB3F50501FF
:106070003347C7023D8B52074D8F23A4E70A33876E
:10608000660383A5870AE98D3347C7023D8B620704
:106090004D8F93954600B3C5C50223A4E70A03A715
:1060A000870A3377D701F2054D8FB385960223A473
:1060B000E70A03A7C70A419BB3C5C502BD894D8F37
:1060C00023A6E70A3387260383A5C70A93F5F5F0CD
:1060D0003347C7023D8B12074D8FB3C5860223A6F7
:1060E000E70A03A7C70A3377C701BD89A2054D8F09
:1060F00023A6E70A3387460383A5C70AB3F56500DD
:106100003347C7023D8B32074D8F23A6E70A3387FB
:10611000560383A5C70AB3F515013347C7023D8B64
:1061200042074D8F23A6E70A3387A60383A5C70A34
:10613000B3F505013347C7023D8B52074D8F23A6A8
:10614000E70A3387E60383A5C70AE98D3347C70209
:106150003D8B62074D8F93953600B3C5C50223A6CC
:10616000E70A03A7C70A3377D701F2054D8FB38536
:10617000F60323A6E70A03A7070B419BB3C5C50295
:10618000BD894D8F23A8E70A3387560283A5070BE5
:1061900093F5F5F03347C7023D8B12074D8F23A8C7
:1061A000E70A3387760283A5070BB3F5C5013347AA
:1061B000C7023D8B22074D8F23A8E70A13972600BD
:1061C0003347C70283A5070BB3F565003D8B320744
:1061D0004D8FB3C5360323A8E70A03A7070B337710
:1061E0001701BD89C2054D8F23A8E70A1397160032
:1061F0003347C70283A5070BB3F505013D8B520753
:106200004D8FB3C5C60223A8E70A03A7070B698F02
:10621000BD89E2054D8F23A8E70A03A7070B930565
:1062200080023377D70123A8E70A17E7FE1F034749
:10623000F7DC3307EC40B34DB70283AC470B93FC5C
:106240000CFFB34B770393FDFD00B3ECBC0123AA15
:10625000970B83AC470BCD4D93FCFCF093FBFB00FD
:10626000920BB3EB7C0123AA770BB30B870283ACB1
:10627000470BB3FCCC01B3CBBB0293FBFB00A20BDF
:10628000B3EB7C01B34CA70323AA770B83AB470B7B
:10629000B3FB6B0093FCFC00B20CB3EB9B0123AA95
:1062A000770BA14BB34B770383AC470BB3FC1C01BB
:1062B00093FBFB00C20BB3EB7C0123AA770BB30B60
:1062C000570283AC470BB3FC0C01B3CBBB0293FB6F
:1062D000FB00D20BB3EB7C0123AA770BB30BF703C4
:1062E00083AC470BB3FCAC00B3CBBB0293FBFB000E
:1062F000E20BB3EB7C01B34C770223AA770B83ABA1
:10630000470BB3FBDB01F20CB3EB9B01B30CE703D0
:1063100023AA770B83AB870B93FB0BFFB3CCBC0299
:10632000B30A570393FCFC00B3EB9B0123AC770B40
:10633000914B83AC870B93FCFCF0B34B7703330A90
:10634000470393FBFB00920BB3EB7C0123AC770B71
:1063500083AB870BD54CB3FBCB01B3CABA02B309ED
:10636000370393FAFA00A20AB3EA5B0123AC570B96
:1063700083AA870BD94BB3FA6A00334ABA023309AE
:106380002703137AFA00320A33EA4A0123AC470B97
:1063900003AA870BE14A337A1A01B3C9B902B304DD
:1063A000970293F9F900C209B3693A0123AC370B9C
:1063B00083A9870B654AB3F909013349B902B3C40C
:1063C000B4021379F900520933E9290123AC270BF0
:1063D00003A9870BE9493379A900330B6703BD880B
:1063E000E204B36499001319470023AC970A83A40D
:1063F000870BB3F4D4013349B902334BBB027209A2
:10640000B3E4240123AC970A83A4C70BC198137B80
:10641000FB0033EB6401C944B304970223AE670B5E
:1064200003A9C70B5D4B1379F9F0B3C4B402BD885F
:106430009204B364990023AE970AB304B70303A987
:10644000C70BF54D3379C901B3C4B402BD88A204AA
:10645000B364990023AE970A8944B344970203A911
:10646000C70B33796900BD88B204B364990023AEC9
:10647000970AB304970303A9C70BF94C33791901A1
:10648000B3C4B402BD88C204B364990023AE970AB2
:10649000B304770303A9C70BFD4B33790901B3C4D8
:1064A000B402BD88D204B364990023AE970AB30442
:1064B000670303A9C70B130B10023379A900B3C4F8
:1064C000B402BD88E204B364990023AE970AB30412
:1064D000570303A9C70B930A20023379D901B3C428
:1064E000B402F204B364990023AE970AB3044703DD
:1064F00003A9070C130A3002137909FFB3C4B402CD
:10650000BD88B364990023A0970CB304370303A993
:10651000070C930940021379F9F0B3C4B402BD88A3
:106520009204B36499006D4923A0970CB304270328
:1065300003A9070C3379C901B3C4B402BD88A2040E
:10654000B364990023A0970CF144B304970203A904
:10655000070C33796900B3C4B402BD88B204B364D4
:10656000990023A0970CB304B70303A9070C337950
:106570001901B3C4B402BD88C204B364990023A056
:10658000970CB304970303A9070C33790901B3C42B
:10659000B402BD88D204B364990023A0970CB3045D
:1065A000770303A9070C3379A900B3C4B402BD88EB
:1065B000E204B364990023A0970C93145700B3C46A
:1065C000B4021399C40183A4070C3306C702B3F4C1
:1065D000D401B3E4240123A0970C03A9470C137939
:1065E00009FFB3046703B3C4B402BD88B364990060
:1065F00023A2970CB304570303A9470C1379F9F0AE
:10660000B3C4B402BD889204B364990023A2970C6A
:10661000B304470303A9470C3379C901B3C4B402D7
:10662000BD88A204B364990023A2970CB304370376
:1066300003A9470C33796900B3C4B402BD88B2041E
:10664000B36499001309500223A2970CB3042703E3
:1066500003A9470C33791901B3C4B402BD88C2043D
:10666000B364990023A2970C93046002B3049702C9
:1066700003A9470C33790901B3C4B4023346B60207
:10668000BD88D204B364990023A2970C83A4470C5D
:10669000E98C3D8A6206458E23A2C70C03A6470CEF
:1066A0009314C7013376D601458E23A2C70C130677
:1066B00090023306C70283A4870CC1983346B60202
:1066C0003D8A458E23A4C70C1306A0023306C702D9
:1066D000B345B60203A6870C1376F6F0BD89920582
:1066E000D18D23A4B70C97E5FE1F83C5259017E62F
:1066F000FE1F034626903386C540B304A60303A9B4
:10670000870C3379C901B3C4E40293E48400BD88E3
:10671000A204B364990023A4970CB304E60303A96D
:10672000870C33796900B3C4E40293E48400BD8824
:10673000B204B364990023A4970C93143600B3C435
:10674000E40203A9870C3379190193E48400BD881E
:10675000C204B364990023A4970CB304F60303A9FD
:10676000870C33790901B3C4E40293E48400BD8843
:10677000D204B364990023A4970CB304560203A96E
:10678000870C3379A900B3C4E40293E48400BD8884
:10679000E204B364990023A4970CB304760203A91E
:1067A000870C3379D901B3C4E40293E48400F20482
:1067B000B364990023A4970C93142600B3C4E40295
:1067C00003A9C70C137909FF93E48400BD88B3645F
:1067D000990023A6970CB304860203A9C70C13796A
:1067E000F9F0B3C4E40293E48400BD889204B36476
:1067F000990023A6970C93141600B3C4E40203A9CE
:10680000C70C3379C9013347E60293E48400BD889D
:10681000A204B364990023A6970C03A6C70C337691
:106820006600136787003D8B3207518F23A6E70C64
:1068300003A7C70C3377170123A6E70C03C71193EF
:106840000D8F3346D70293F5F507E2053D8A931481
:10685000460103A6C70C3304870233760601458E32
:1068600023A6C70C1316170083A4C70CE98C334664
:10687000D6023D8A6206458E23A6C70C03A6C70C26
:106880003344D402B37ED60113162700B303770234
:10689000720433E48E0023A6870C3346D602B3027B
:1068A0005702937EF60003A6070D419A3366D60180
:1068B00023A8C70C03A6070DB3C3D3021376F6F0C3
:1068C000B3C2D20293F3F3009203B363760023A81A
:1068D000770C03A6070D337EC601B30FF70393F2BF
:1068E000F200A202B3625E0023A8570C03A6070DB4
:1068F0003373660013163700B3CFDF02330FE7039D
:1069000093FFFF00B20FB36FF30123A8F70D03A3AA
:10691000070DB37813013346D602330DA7033D8A22
:10692000420633E6C80023A8C70C03A6070D337838
:106930000601334FDF02B346DD02137FFF00520F23
:10694000336FE80123A8E70D03A7070D798DBD8AF2
:10695000E206C98E23A8D70CD84385663D9BD8C3D1
:10696000D843799BD8C39857558F98D7D857B7062F
:106970000081FD1613670701D8D71377FC0303AC1A
:106980008703137C0CFC336CEC0023AC8703985F0B
:10699000758FD98D8CDF6254F250D2544259B2595E
:1069A000225A925A025BF24B624CD24C424DB24D8B
:1069B0002161828097D7FE1F23AC07626FF04FC121
:1069C00097D7FE1F9387476398435C4393E707106D
:1069D0005CC38280411106C6C12D93056040EF1053
:1069E000D078B2400145410182806F00A07119C585
:1069F00091C509C68357060001459DE30111056550
:106A0000C9471306F100130555C3854506CEA307F4
:106A1000F100EF105075F2400345F10005618280EE
:106A20008280011197D7FE1F238CA76A0565130684
:106A3000F100130595C4854506CEA3070100EF10AC
:106A40009072F2400345F100056182800111130547
:106A5000910006CEE12D2304A10005653000250537
:106A60009D45EF105070F240034581000561828022
:106A700001111305D10006CEE12D2306A100096501
:106A8000700009059145EF10106EF2400345C100FA
:106A900005618280011106CEF92DA307A1000965C9
:106AA0001306F10015058545EF10F06BF240034524
:106AB000F10005618280011106CEEF00C076A307C8
:106AC000A10009651306F10029058545EF10B0699D
:106AD000F2400345F10005618280011106CEEF000E
:106AE0001004A307A10009651306F10039058545C7
:106AF000EF107067F240014505618280011106CEFA
:106B0000EF00303DA307A10009651306F100410520
:106B10008545EF105065F2400345F1000561828024
:106B2000011106CEEF00101BA307A1000965130693
:106B3000F10045058545EF101063F2400345F10073
:106B400005618280411106C622C4EF00702189656B
:106B5000CD052A84EF1070612285B24022444101A4
:106B6000828001111305510006CEEF00D03B2302B5
:106B7000A100096550006105A545EF10D05EF24007
:106B8000014505618280411106C6EF00303D8965EF
:106B9000E505EF10905DB240014541018280011191
:106BA00006CE22CC2A84EF0090502306A10009656E
:106BB000A30681007000218069058D4523078100AF
:106BC000EF10705AF2406244014505618280011164
:106BD00006CE22CC2A84EF0050602306A10009656E
:106BE000A3068100700021806D058D45230781007B
:106BF000EF107057F2406244014505618280011137
:106C000006CE22CC2A8481272306A1000965A3068B
:106C1000810070002180130505028D452307810046
:106C2000EF107054F2406244014505618280011109
:106C300006CE22CC2A84EF00F0052306A1000965C8
:106C4000A306810070002180130515028D452307DE
:106C50008100EF105051F24062440145056182808D
:106C6000011106CEEF00705CA307A10009651306B1
:106C7000F100130575028545EF10F04EF240034513
:106C8000F10005618280011106CEEF005065A30777
:106C9000A10009651306F100130595028545EF1063
:106CA000904CF2400345F10005618280011106CE4F
:106CB000EF00B067A307A10009651306F1001305F3
:106CC000D5028545EF10304AF2400345F1000561D9
:106CD0008280011106CEEF00506BA307A100096569
:106CE0001306F1001305E5028545EF10D047F24089
:106CF0000345F10005618280011106CEEF00D06DE1
:106D0000A307A10009651306F100130515038545C6
:106D1000EF107045F2400345F10005618280397142
:106D20001303D1021ACE0343810506DE1ACC0343B6
:106D300041051ACA034301051AC80343C1041AC610
:106D4000034381041AC4030341041AC20343010428
:106D50001AC0EF00F06C2306A1020965701013053C
:106D600065038945EF103040F2500345C1022161AF
:106D70008280011106CEEF108017A307A1000965DC
:106D80001306F100130575038545EF10D03DF24061
:106D90000345F10005618280011106CEEF10E02D60
:106DA000A307A10009651306F100130585038545B6
:106DB000EF10703BF2400345F10005618280011144
:106DC00006CEEF106047A307A10009651306F10086
:106DD000130595038545EF101039F2400345F10086
:106DE00005618280011106CEEF10805FA307A1002C
:106DF00009651306F1001305E5038545EF10B0366C
:106E0000F2400345F10005618280011106CEEF10CA
:106E10008068A307A10009651306F1001305F503B7
:106E20008545EF105034F2400345F1000561828042
:106E3000011106CEEF10007CA307A100096513061F
:106E4000F100130505048545EF10F031F2400345CC
:106E5000F10005618280011106CEEF10900AA307B0
:106E6000A10009651306F100130525048545EF10FF
:106E7000902FF2400345F1000561828097D7FE1FF5
:106E8000239AA72401458280011106CEEF1030120B
:106E9000A307A10009651306F10013051505854533
:106EA000EF10702CF2400345F10005618280011162
:106EB00006CEEF101019A307A10009651306F10013
:106EC000130525058545EF10102AF2400345F10012
:106ED0000561828097D7FE1F83D7671C99E79307C8
:106EE000F01F17D7FE1F231CF71A97D7FE1F83D753
:106EF000071BA146014513F707108607C207335742
:106F0000D740C183598D13D6574013D79740318F3F
:106F1000058BFD161375F50FD98FF1FE17D7FE1FE0
:106F2000231FF716828097D7FE1F83D7671781EB41
:106F3000E17793C7F7FF17D7FE1F2313F71697D7ED
:106F4000FE1F83D7E715B94601451168194633F787
:106F500007018607C2073357D740C183598D13D71E
:106F6000E74093D5F700058B2D8FFD161375F50FB0
:106F7000D98FE39EC6FC17D7FE1F2313F71282801A
:106F8000011126CA4AC84EC656C297D7FE1F93871C
:106F9000E7FE06CE22CC52C45AC0AE893289B68AE8
:106FA000845335C9AD472A8463EEA7021304F5FF65
:106FB0001374F40F631D0906268A338B990063123C
:106FC0004B071379F9009386FAFF22852380240169
:106FD000A380340193F6F60F4E868545EFD01FD57A
:106FE000014505A0B147630BF5029307600263E515
:106FF000A7001304E5FF6DBF930770024945E30B3B
:10700000F4FAF2406244D2444249B249224A924AD6
:10701000024B056182801304500269BF13046002B1
:1070200051BFEFF03FEB2301AA00050A49BF854796
:10703000631CF9004E869305000F1385240097A06A
:10704000FE1FE780E08DB5BF89476316F9004E86C5
:107050009305A00ADDB78D47631DF900268A338B9F
:107060009900E3004BF7EFF01FEC2301AA00050A9B
:10707000CDBF91476316F9004E869305F00F75BF9B
:1070800095476315F9004E86814545BF99476315BD
:10709000F9004E86BD4555B79D474945E313F9F6BE
:1070A0004E869305500551BF011106CE9317450139
:1070B00063D40702EF806010894719C98346050031
:1070C0001147B1476396E60095472300F500C9478D
:1070D000F2403E85056182802EC6EF90D04FC947B1
:1070E00065D90347A500418B65D7B2458347B500F5
:1070F000230AB50491E7E9472308F5008147C9BF92
:10710000ED47DDBF011106CE22CC2EC6EF90B04C6C
:1071100001CDB2452A84EF80503AA305A40201456F
:10712000F2406244056182804945DDBF17D7FE1FEA
:10713000130747F6814799468345870E3306F500C6
:1071400085072300B6000507E398D7FE0145828036
:1071500097D7FE1F9387C7C403D707012300E50015
:1071600003D707012183A300E50083C7F7002301AC
:10717000F5000145828019E14945828097D7FE1FBD
:10718000938747F1F84B411122C406C62A8409C7E8
:107190000347C700314525E3F85F09C70347B70038
:1071A000314531EB83A7070989C783C7770031458C
:1071B000B9E385471946A28517D5FE1F130565FC5F
:1071C00017D7FE1F2309F7EC9790FE1FE780206E6C
:1071D000834754001307000C93F7070C6391E702F1
:1071E0001946A28517D5FE1F130505FA9790FE1FB5
:1071F000E780E06B0145B24022444101828081EB8F
:107200001946A28517D5FE1F130565F8C5B71307E4
:1072100000044945E391E7FE1946A28517D5FE1FF4
:10722000130545F7E1B7411126C297D4FE1F938499
:1072300064E622C4E04806C611C47C4813974700A0
:10724000634B070CFC5099E74945B24022449244F5
:107250004101828009ED1305000FEF7020306DD5DC
:107260008347C500F5D3EF70A0500145F9BF05472E
:10727000E31CE5FC15EC014582972A8459CD85670E
:10728000938707802310F502930700702317F500FA
:107290008D47230CF500A30A0502194697D5FE1F5A
:1072A0009385C5ED130565039790FE1FE780206069
:1072B0000347C4008547E309F7F88347E400B98B27
:1072C00095C30347E40085476317F70289472310F6
:1072D000F402224403A38406B24092441305000F33
:1072E00041010283EF80E04097D7FE1F83C707AFBD
:1072F000E319F5FC91BF8357040211676375F7002A
:107300002310E402F9B7930600023E87E3FAD7FEA2
:1073100013070002F5B731450DBF1D453DB797D79F
:10732000FE1F938727D783A70709314581CF83C7DE
:10733000770089CB411106C6EFA0401FB24001453E
:10734000410182808280011126CA4AC84EC652C4B9
:1073500056C25AC02E89368BBA89BE8A06CE22CC36
:10736000B284428AEF9030271307A9FF420785674E
:1073700041839386A7C763EDE610938707C82A84E5
:10738000494563E7970A63E5240B1307301F6361E0
:10739000670B63EF370993071B00B38797021397B7
:1073A000390063D7E70849C48347140113F747003E
:1073B0003DC7ED9BA308F4008347B400231A2407BC
:1073C000231B9406D5EF03578406C167FD17630B93
:1073D000F706631999068357A403231BE404231CAF
:1073E000F40497D7FE1F83D7E7D58D46114763E591
:1073F000F600850713F7F70FA30AE4042285EF8050
:10740000603183570404A907231FF4048327440A27
:1074100093E717002322F40AC547A30EF400231CA8
:107420005407231D4407231D6405231E340501450D
:10743000F2406244D2444249B249224A924A024B43
:10744000056182808357440691CFB3D4F4024A8702
:10745000B3879702C207C1836373F9003E87231C79
:10746000E40441B7B305990085814A85EFD05E8475
:10747000231CA404930584052685EF40701D95B751
:107480008327840A93E707022324F40AC14771B7CC
:10749000494579BF01112EC606CEEF90D013B245F3
:1074A00009E54945F2400561828083471501A3053E
:1074B000B50213F7470075D7ED9BA308F500BD474C
:1074C0002306F5028327850A93E727002324F50A7C
:1074D0000145C9BF17D7FE1F1307C7BB7C4B81CB24
:1074E00083C6C70089C683C6D700C947A1E27C5FAF
:1074F00089CB83C6B70091C683C60701C947858A71
:1075000095E68327070981CB03C7770009C703C71F
:10751000D700C94701EF17D7FE1F034767C397D7A7
:10752000FE1F83C7F7C2636AF7009D473E858280CE
:107530009D47F2403E85056182800111A304A100B0
:1075400019461305A10006CE9790FE1FE78020364E
:107550002800EFC01FC58547E31CF5FC8147D1BF5C
:10756000797126D24AD04ECE06D622D42E89B2893F
:1075700036C63AC43EC242C0EF90F005C94455C970
:107580009305A9FFC20505662A84C1811305A6C714
:10759000C9446360B50A130606C8636C360963EA1A
:1075A0002909B2469305301F63E5D5082247636277
:1075B000E608138616003306260393153700635A30
:1075C000B60603461401B144058A25E60326440A9B
:1075D0001376162039EE92470248231EE40403472F
:1075E000B400231CF406231A2407231B3407231D8D
:1075F0000407231DD4048347D401814459EF95EB3C
:1076000083270410898B95CF31469305F00F13051E
:1076100084069790FE1FE780A0308327440A231436
:10762000040693E707202322F40AC947A30EF400B7
:107630008144B2502254268502599254F249456140
:10764000828063093905B385290185814A85EFD098
:107650002EE6231CA404930584054E85EF40407F4D
:1076600097D7FE1F83D707AE8D46114763E5F60017
:10767000850713F7F70FA30AE4042285EF8080093A
:1076800083570404A907231FF4048327440A93E7BC
:10769000170051BF231C2405E1B7C1FF83278410C5
:1076A000898B95C731469305F00F13058406979093
:1076B000FE1FE780E0268327440A2314040693E78D
:1076C00007202322F40ACD47A30EF4009DB7E94416
:1076D0008DB797D7FE1F9387E79BF84B01CB834667
:1076E000C70089C60347D70049450DEFF85F09CBAE
:1076F0008346B70091C6034707014945058B1DE343
:1077000083A7070981CB03C7770009C783C7D700C1
:10771000494589EB411106C6EFC07FB4B24001452F
:10772000410182808280411122C426C24AC006C61D
:107730002A890144A1449305F00F0545EFD00ED5E9
:10774000B30789002380A7000504E31694FEB24026
:10775000224492440249014541018280011122CC18
:107760004AC806CE26CA2EC632893684EF90A06655
:10777000630D05128347B500AA84B2450945DDEBC8
:1077800021461385F4189790FE1FE7804012A38BC3
:10779000241913598900238C24198347E4000346D4
:1077A000D4008345F4008346C400A207420603C503
:1077B000C404B297AE97E20603A7440AB69749C13C
:1077C00023A6F40A8347A4008346940013670702A4
:1077D000A207C206B6978346B400B69783468400D4
:1077E000E206B69723A8F40A834764008346540050
:1077F000A207C206B69783467400B6978346440034
:10780000E206B69723AAF40A8347240083461400AD
:10781000A207C206B69783463400B6978346040093
:10782000E206B69723ACF40A8547A386F40423A2A4
:10783000E40A0145F2406244D24442490561828033
:1078400023A6F40C8347A4008346940013678700A3
:10785000A207C206B6978346B400B6978346840053
:10786000E206B69723A8F40C8347640083465400CD
:10787000A207C206B69783467400B69783464400B3
:10788000E206B69723AAF40C83472400834614002B
:10789000A207C206B69783463400B6978346040013
:1078A000E206B69723ACF40C59B7094561B701114C
:1078B00006CE2EC6EF902052630F05108346B5000A
:1078C0000547AA87B24505456391E60A83C60701C5
:1078D000130740020145639AE60803C7E50083C623
:1078E000D5002207C206369783C6F500369783C6B1
:1078F000C500E206369783C6D704BDCA23A6E70AA9
:1079000003C7A50083C695002207C206369783C623
:10791000B500369783C68500E206369723A8E70AA6
:1079200003C7650083C655002207C206369783C683
:107930007500369783C64500E206369723AAE70A04
:1079400003C7250083C615002207C206369783C6E3
:107950003500369783C60500E206369723ACE70A62
:107960001307A0022388E7000145F24005618280E9
:1079700023A6E70C03C7A50083C695002207C2060D
:10798000369783C6B500369783C68500E2063697DC
:1079900023A8E70C03C7650083C655002207C2066B
:1079A000369783C67500369783C64500E20636973C
:1079B00023AAE70C03C7250083C615002207C206C9
:1079C000369783C63500369783C60500E20636979C
:1079D00023ACE70C71B7054549BF411106C6EF90CE
:1079E000803F31C18346B5000547AA8709456399A1
:1079F000E60283C60701130740026393E6020D47C0
:107A00002386E7021947A385E7021307500223885C
:107A1000E70003C7A7020145136717002385E702A4
:107A2000B240410182800945E5BFAA8717C8FE1F01
:107A30000348586617C5FE1F1305C5652A876308E6
:107A40000802684911C50348C50031456318080894
:107A5000685F11C50348B500314563110808032567
:107A6000070911C50348750031456319080697C811
:107A7000FE1F83C8686E17C8FE1F0348F86D1D45BA
:107A800063FE08050327870D49451377070439C7A7
:107A90005D71A6C22800B284194686C6A2C4A3039B
:107AA000F10036849790FE1FE78060E0A6851305FD
:107AB000E10241469790FE1FE78060DFA285130533
:107AC000E10141469790FE1FE78060DE4800EFA08D
:107AD000E054B6402644964461618280828097C615
:107AE000FE1F83C6365B8DCA17C7FE1F1307875A52
:107AF000BA87784B09C70347C700494515E7F85FC0
:107B000009C70347B700494505E383A7070989C7A4
:107B100083C77700494589EB411106C6EFA0C065D0
:107B2000B240014541018280828097C7FE1F938742
:107B3000675697C6FE1F83C6F6553E8785C6FC4B23
:107B400089C783C6C700C94785EE7C5F89C783C6DE
:107B5000B700C94795E68327070989C783C6770019
:107B6000C94799EE97C7FE1FA386A7528327070E22
:107B700011C993E7076017C7FE1F232DF75E8147E2
:107B80003E85828093F7F79FFDB7130700643305A6
:107B9000E502411197C7FE1F9387C74F22C403A474
:107BA000870C26C24AC006C6BE841309F00F17C749
:107BB000FE1F232BA75001E8B24022449244024901
:107BC0000145410182800345040063052501CC582D
:107BD000EFC0CEE3405CC5B797C7FE1FA388A74E92
:107BE0009377150017C7FE1F1307C74A81EF834716
:107BF000C703ED8F6384B7004945828097C6FE1F97
:107C00002387F64C93772500014591EB8347D703F3
:107C1000F18FE393C7FE97C7FE1FA38AC74A8280EE
:107C20005D714EDE97C9FE1F9389C94603A34905BE
:107C3000CAC062D486C6A2C4A6C252DC56DA5AD8DA
:107C40005ED666D26AD06ECE030C4105834E8105A6
:107C50000349010663090300032E4305314313144E
:107C60005E00634D04000D4E49436369FE0093FCC2
:107C7000050163850C02054E6387CE07B640264496
:107C800096440649F259625AD25A425BB25B225C70
:107C9000925C025DF24D1A856161828013FF3500AE
:107CA0004943E30DCFFD13FF8500E3190FFC6393F8
:107CB000CE0303CEC9033143137E4E00E3000EFC16
:107CC0006303D90309436310690203CEC903137E1A
:107CD0002E0039A0E318C9FF03CEC903137E4E005E
:107CE0003143E30D0EF8468BC28B3EC6BA8A368D01
:107CF000B28DAE842A8AEF6070062A8411E983A7C8
:107D00004906054582972A841D432DD92304450140
:107D1000930700026311FD028D47631CF9040356AB
:107D2000C4019307900F13035004E3E9C7F403560B
:107D3000E401E3E5C7F493F5F40F2300B406638888
:107D40000C12BD889547639EF402930710F8230731
:107D5000F4004543E364BDF3FD474543E3F0B7F367
:107D60009167E3EDA7F1EA9D93DD1D002310B403B5
:107D700015A08547E311F9FC0356C4019307D02EE3
:107D80005DB7B547639BF40C85472307F40089472B
:107D90002310F402A3075401639E0A108547230CA5
:107DA000F40093F5050281E5B247A30AF4021946EF
:107DB00081455A859790FE1FE78080C1631D05109D
:107DC0008547230EF402A30E74031946DA851305C2
:107DD000E4039790FE1FE78080AD83470105A3066B
:107DE000F4009307F007631BFC0E97C7FE1F9387F1
:107DF00027FB83C7470136572300F70003055401CB
:107E0000EFC0DF902304A406EFC0BF88B657A30AD3
:107E1000A4002380A7008347C10523020406A30210
:107E2000F40683470406C18B91EB7D191379F90F92
:107E300089474943E3E427E5A30124078347410633
:107E4000370700080143A300F40683478106A30314
:107E5000F4067C48D98F7CC815B589476394F40033
:107E60009947F5B5E38504EE23070400DDB59D478A
:107E70002307F40013F6150093F7450011CA1146C5
:107E800091C30546A30FC4048547230FF404D1B55D
:107E900013F6250001CA094691C31546A30FC40471
:107EA0008947E5B70D4691C31946A30FC404230FB4
:107EB000040445B5230C040081470D46B3D6FA40AF
:107EC000858A91C6834684018506230CD4008507E4
:107ED000E396C7FEF9B5230E040201B7994763C5BF
:107EE0008701A30A840119BFA30AF40001BF97C741
:107EF000FE1F9387271AF04B01114EC606CE22CCE7
:107F000026CA4AC852C4BE8911C67C4A1396570075
:107F1000634E06003A8AB6842E89EF6020642A8474
:107F200019ED83A749051305200491C33145F2409B
:107F30006244D2444249B249224A056182800347E1
:107F4000E500854701453D8BE303F7FE0347040643
:107F5000418B55C78D476304F9004945C9BFFD47AB
:107F6000E3ED97FE231E04008D476314F90EF1C85C
:107F70008357C40117C7FE1F035767191D45B386F2
:107F80009700E346D7FA0347C40015C78356040297
:107F9000130700026391E602034734068D46631817
:107FA000D70C1307900F13055004E362F7F88357BB
:107FB000E401E36EF7F68D471D45E31AF9F637E95C
:107FC00000E083290900B70720002320F918B3F93E
:107FD000F9000F1000009305800C0545EFC01ECB83
:107FE0008357C4061205232444038507BD8BC98F1C
:107FF0002316F406231E94002320391189A8137731
:10800000D90FE301F7F611476315E9047848931691
:108010007700E3C406F40347C400E310F7F4835782
:10802000C40185DF9DF89305800C0545EFC01EC691
:108030008357C40612058507BD8BC98F2316F40626
:1080400039A07C48370700FF7D17F98F7CC80145B0
:10805000F9BD9307D9FF93F7F70F0547E37AF7F0D8
:10806000E38D04EE8347C400E394E7F0C1B5854691
:10807000E313D7F41307D02E3DB797C7FE1F93879E
:108080006701F04B01114EC606CE22CC26CA4AC863
:1080900052C4BE8911C67C4A13965700634E06002F
:1080A0003A8AB6842E89EF60604B2A8419ED83A743
:1080B00049051305200491C33145F2406244D2447E
:1080C0004249B249224A056182800347E50085475B
:1080D00001453D8BE303F7FE03470406418B69CF5F
:1080E0008D476304F9004945C9BFFD47E3ED97FE9D
:1080F000231F04008D47631BF9106381041083570D
:10810000E40117C7FE1F035787001D45B38697007C
:10811000E345D7FA0347C40015C783560402130783
:1081200000026391E602034734068D46631ED70EB4
:108130008356C4011307900F13055004E36FD7F65D
:10814000E36DF7F68D471D45E319F9F65C548DC7CD
:1081500083476406898B8DC3085819CD8347A500D2
:1081600081CFEF90D0650C58194613056403B10513
:108170009780FE1FE780A07337E900E0832909009C
:10818000B70720002320F918B3F9F9000F100000F9
:108190009305800C0545EFC07EAF8357C4061205DA
:1081A000232644038507BD8BC98F2316F406231F9E
:1081B00094002320391189A81377D90FE30AF7F225
:1081C00011476315E904784893166700E3CD06F07C
:1081D0000347C400E319F7F08357E40189D781F41A
:1081E0009305800C0545EFC07EAA8357C40612058F
:1081F0008507BD8BC98F2316F40639A07C48370745
:1082000000FE7D17F98F7CC8014545BD9307D9FF56
:1082100093F7F70F0547E374F7EEE38604EC834723
:10822000C400E39EE7EC49BD8546E31DD7F08356C5
:10823000C4011307D02E09B75D71A6C297C4FE1FF3
:10824000938444E503A8440586C6A2C4CAC04EDE92
:1082500052DC56DA5AD85ED662D466D26AD06ECE76
:1082600063080802832748051394570063520402E9
:108270003145B640264496440649F259625AD25ACC
:10828000425BB25B225C925C025DF24D6161828076
:108290003AC632C493771500B68989C76391051031
:1082A0004945C1BF91E9A04C19E00145D9B72285E4
:1082B000EF60004C0040CDBFE30908FE4285EF604F
:1082C000204BE5B77849B70700037D8F55F3034787
:1082D000F505630487016315970103D7EA0149DBBC
:1082E00003C75A036301270903C7EA00631927017B
:1082F000131714004E9703570700E3E3EDFAB85441
:108300007D141374F40F45CB93161A00B69903D756
:108310000900B2479305800C2397EA063E9A03476B
:108320000A00054523980A06A384EA06EFC01E96B4
:1083300003D7CA061205264405073D8B498F2396AD
:10834000EA0603A3840603C50B00B640964406491B
:10835000F259625AD25A425BB25B225C925C025D75
:10836000F24D61610283138B8A05194681455A8556
:108370009780FE1FE780C065631925011946EA85CD
:108380005A859780FE1FE7808052194681455A859D
:108390009780FE1FE780C063E31825F511B7FD1530
:1083A00013F4F50F094C954C054917CDFE1F130D1D
:1083B0004DDD930D00089307F00FE303F4EEA247A1
:1083C000228AB38B870003C50B00EF602019AA8AAD
:1083D000E31A05EEFC4813052004E39B07E851BDB2
:1083E00097C7FE1F938707CBFC4B95C3FC4B139796
:1083F0005700635E0700B1473E858280B147F24077
:108400006244D2444249B2493E85056182800111ED
:1084100022CC26CA4AC84EC606CE3689B289AE8458
:10842000EF60C0132A849307200471D9C947E3E899
:1084300099FC1547E37597FC034705061377370347
:108440005DFF8347E505DDFB7C49918BC5FBEF3084
:10845000801479479D47E374A7FA8347340681EF78
:10846000035744089307D02E63F7E7001947930793
:108470005004E37637F97C4883460406CE9493E7AC
:10848000270085843369D9007CC82313940823000E
:1084900024078147ADB797C7FE1F9387A7BFFC4B43
:1084A00081CBFC4B13975700635407003145828002
:1084B000011122CC26CA4AC84EC606CE52C4B6897D
:1084C0003289AE84EF6080092A8413052004630496
:1084D00004107C48898B8DC38347340691EF035782
:1084E00044089307D02E63F9E700035764089947BF
:1084F0001305500463F1E70E93F7D40F0547639417
:10850000E70EB7E700E003AA07003707200023A023
:10851000E718337AEA000F1000000325840A19C512
:108520009790FE1FE780C0F82324040A2312040852
:10853000B7E700E023A04711630C09067C48918B44
:10854000D9E38D476398F408930550104A859790B6
:10855000FE1FE780C0E62324A40A2DCDB7E700E084
:1085600084433707200023A0E718F98C0F10000080
:108570007C4893F7074091CF9305800C0545EFC0E9
:10858000EEF08357A40812058507BD8BC98F23150C
:10859000F4080325840A4A86CE859780FE1FE7806B
:1085A0000031B7E700E02312240923A0971011A897
:1085B0008D4749456391F4027C4823120408F99BD6
:1085C0007CC8014509A89387D4FF93F7F70F0547A7
:1085D000E379F7F63145F2406244D2444249B24968
:1085E000224A05618280E31B09F491474945E387EC
:1085F000F4F4D5B797C7FE1F9387C7A9F84B41116D
:1086000026C24AC006C622C4AA843E8909CF7C4B32
:1086100013975700635907003145B24022449244F2
:108620000249410182802E85EF5050732A84130540
:10863000200465D413F714007C484DCB13F71700C2
:1086400061FF034704061377370379F78988B5CCB0
:108650000327C90D454593E70740418B5DDFC165A1
:108660007CC8FD150145EFC0AEE42314A408EFC09B
:108670006FFFB70500012326A408FD150145EFC0D3
:108680006EE59304040A15462328A40897C5FE1F27
:108690009385A5B026859780FE1FE7804021A6859B
:1086A000130500FBEFC02FC92685EF80B0417C4841
:1086B0000347C400A300A408DD9B93E747007CC8E0
:1086C00085476307F700014589BF93F7F7BF41BFAF
:1086D0009305800C0545EFC06EDB8357C406120579
:1086E0008507BD8BC98F2316F406F1BF0345D40758
:1086F000CD9B7CC89307F00FE307F5FCEFB0DEF8E5
:10870000D9B717C7FE1F1307E7987C5F411106C64C
:1087100022C426C24AC099C703A8C701131418016E
:10872000634004080327070825CF3684B2842E89C6
:1087300009ED81EB4945B24022449244024941018E
:108740008280EFB0DF960145FDB78546E314D5FE84
:10875000B9E30297AA8731C91147A3060504231B71
:10876000E500231CE50083C6B7000547E384E6FC6B
:1087700095C8239C9702239D870201C41E04E3DB56
:1087800084FA238927012244B2409244024903A378
:10879000870641010283D84F93161701E3D506FCE3
:1087A000314551BF23AC0702E9BF0D4569B701113F
:1087B00006CE2EC632C436C23AC0EF50305A3DCD36
:1087C00083284505AA87314513F808206315080654
:1087D000B24517C8FE1F034878904545636DB8043D
:1087E00003C8C70A22463358C840137818006304E8
:1087F000080417C5FE1F1305E5890328850D4545A7
:108800001317C80063590702024717C8FE1F034821
:10881000E88C6362E80292462387C70AA386B70AF8
:10882000A387D70A11E2014793E808102388E70AD3
:1088300023AA17050145F240056182801305200433
:10884000DDBF011106CE2EC6EF5050511307200494
:1088500001CD7C49314793F6270099C6B24589C9B5
:1088600093E707207CC90147F2403A850561828081
:1088700093F7F7DFC5BF01114AC84EC652C406CEF2
:1088800022CC26CAAE89328A3689EF80C05461C5AF
:10889000631E0A0085472389F1920145F240624434
:1088A000D2444249B249224A0561828003C72193DA
:1088B00085472A846315F700238901928949B7E720
:1088C00000E084433707200023A0E718F98C0F103D
:1088D00000004165130545F5EF80C05121CD834768
:1088E000A5002315F50083278411A9E3232CA410E8
:1088F000232EA410930710F87919232005002316BE
:108900004501A304F50023043501232225018347F3
:10891000940285450145B395F500C205C181EFB0CC
:108920007E85B7E700E023A0971085BF8327C41199
:1089300088C37DBF97B7FE1F938787469C5B91C70F
:1089400095659385555505458297B7E700E023A0C7
:1089500097101D45A1B7094591B76F805FF96F80EA
:108960009FFD6F904F826F90AF876F908F8D6F904C
:108970004F9A6F908F916F902F9582806F90AF9DDF
:10898000034301001AC06F801F8D6F807F996F8035
:108990003F9F6F805FA56F805FAB6F801FB16F805F
:1089A000FFB403530100035E4100834E81001AC0EF
:1089B00072C276C46F809FB96F80DFCB6F801FD18A
:1089C0006F809FDA6F805FDE6F80BFE16F80FFE6B0
:1089D0006F807FED82808280130705038357050037
:1089E000110593C7F7FF231EF5FE8347E5FF93C7E5
:1089F000F7FF230FF5FEE313E5FE828041111946D0
:108A00009305F00F06C622C42A849780FE1FE780D4
:108A100020F11305640019469305F00F9780FE1F9F
:108A2000E78000F0B2402316040023280400230747
:108A3000040022444101828099473305F50279718F
:108A40007000D14506D613050520EFC02ECD11E5E7
:108A500003458101B250456182800145E5BF0111A6
:108A600022CC26CA4AC84EC606CE8144014417B954
:108A7000FE1F1309E959D14983C77193636AF40052
:108A8000F240624426854249D244B249056182805F
:108A9000330534038327090019469305F00F3E95EB
:108AA0009780FE1FE780C0F201E5850493F4F40F80
:108AB00005041374F40FC9B7411122C426C24AC079
:108AC00006C6014497B4FE1F93848454514983C75A
:108AD0007193636AF4003E842285B240224492443A
:108AE000024941018280330524039C4019469305C5
:108AF000F00F3E959780FE1FE78080ED71FD050425
:108B00001374F40FE9B793874195884305C1411168
:108B100006C6EFB02E9A23AA01949387719383C758
:108B20000700B240A38AF19241018280938771933A
:108B300083C70700A38AF19282801971A2DC86DEC6
:108B4000A6DACAD8CED6D2D483C751932A84639EDC
:108B5000A700854503C58193EFB06EE6894503C53F
:108B60008193EFB0CEE5EFF01FFA93140401C180BA
:108B70001949338924030A86D145930909204E8572
:108B8000EFC0CEB919C901442285F6506654D654B7
:108B90004659B659265A0961828019469305F00F45
:108BA0000A859780FE1FE780A0E271FDD14733045C
:108BB000F40217BAFE1F130AAA4503250A002295DC
:108BC000EFF0DFE3480871469305F00F9780FE1F32
:108BD000E78000D50818130600039305F00F97806F
:108BE000FE1FE780E0D303260A00D1454E8522967A
:108BF000EFC0AEE150082A84F14513051920EFC0FB
:108C0000CEE05008498CF14513052920EFC0EEDF76
:108C10001374F40F5008498CC14513053920EFC077
:108C2000CEDE1374F40F5008498CC145130549205A
:108C3000EFC0AEDD1374F40F5008498C9145130555
:108C40005920EFC08EDC1374F40F498C1D65101889
:108C5000930500032695EFC04EDB1374F40F498C87
:108C600003C5C1841374F40FEFC08ED431BF41111A
:108C700022C406C60145014483C771936373F4009F
:108C800009C5B24022444101828022850504EFF0EB
:108C9000DFEA1374F40FCDB7011122CC26CA4EC6F9
:108CA00006CE4AC80144EF90AF94D14997B4FE1F55
:108CB0009384043683C771936369F400F24062447D
:108CC000D2444249B2490561828033093403884065
:108CD00019469305F00F4A959780FE1FE78040CF15
:108CE00019E58C40CA9503C5F500EF90AF900504D7
:108CF0001374F40FC1B7397122DC26DA4ED652D480
:108D000006DE4AD80144EF90EF91D14997B4FE1F97
:108D100093840430194A83C77193636AF400F25054
:108D20006254D2544259B259225A21618280330985
:108D30003403884019469305F00F4A959780FE1F2B
:108D4000E78000C915E5330544030A86C1451305CC
:108D50003520EFC0AE9C1008C1450945EFC00E9C00
:108D60008C4014080A86CA9503C5F500EF904F8B16
:108D700005041374F40F45B7011106CEEFF03FCE92
:108D80000547A9476373A70089471306F100854586
:108D90001545A307F100EF00AFDEF24005618280C8
:108DA000011122CC26CA4EC652C406CE4AC801447E
:108DB000D14997B4FE1F9384A425194A83C77193A0
:108DC0006365F40283C7419399C3EFF0FFEC83C757
:108DD000319399C3EFF03FF26244F240D2444249EA
:108DE000B249224A05616FF03FF9330934039040DC
:108DF000D145330544034A9613050520EFC00E9272
:108E000009C588404A95EFF07FBF05041374F40F3D
:108E100075B70355250083C581936F00FFF9994706
:108E2000B385F502397122DC26DA4AD806DEA1477D
:108E3000AA843289138425206384F60013841520C4
:108E40007146814548083AC69780FE1FE78040ADCD
:108E50005008F1452285EFC06E8C0DE18347E10299
:108E6000A5463247E51793F7F70F63E9F600BA8690
:108E70005008937519002685EFD00EB6F250625453
:108E8000D254425921618280797122D426D24AD0AB
:108E9000AE842A8932848145130600020A8506D6EB
:108EA0009780FE1FE780C0A79387118583C70700BF
:108EB00023102101230EF100835781015DC4138724
:108EC000519403470700F99B41462302E1001387B1
:108ED00071940347070097B5FE1F9385A5E5130519
:108EE0006100A302E10003C7619493761700D58F58
:108EF000F59B93762700D58FED9B93764700D58F12
:108F00009316470093F6061093F7F7EFD58F931655
:108F1000470093F6062093F7F7DFD58F12071377F4
:108F2000074093F7F7BFD98F231CF1009780FE1FEE
:108F3000E780E09783C7419413F7170001CB99C4EA
:108F40000357810113672700231CE10003476101D8
:108F5000A2850A85D98F230BF100EFD00E9AB2506B
:108F6000225492540259456182801387B19303477A
:108F70000700F99B41462302E1001387D193034781
:108F8000070097B5FE1F9385E5D913056100A3027D
:108F9000E10003C7C19393761700D58FF59B9376B5
:108FA0002700D58FED9B93764700D58F931647000A
:108FB00093F6061093F7F7EFD58F9316470093F6C5
:108FC000062093F7F7DFD58F12071377074093F743
:108FD000F7BFD98F231CF1009780FE1FE780208DFB
:108FE00083C7A19391BF011122CC26CA4AC84EC69D
:108FF00006CEAA84014417B9FE1F13096901D1499D
:1090000083C77193636BF4003E842285F24062440F
:10901000D2444249B2490561828033053403832733
:1090200009001946A6853E959780FE1FE780A0930C
:1090300069FD05041374F40FE1B71D71A2CC13840C
:1090400041951C40CEC6D2C486CEA6CACAC8D6C2D6
:10905000DAC05EDEAA892E8A8DE319E10545B9A240
:10906000F5DDEFF05FF8A38AA19283C77193636681
:10907000F500EFF07FA4A38AA19203C5519383C7A3
:109080007193E37DF5FC1C40639D071281447D597B
:109090000144D14B97BAFE1F938A8AF72DA86389A2
:1090A000E402338B740303A50A0019469305F00FFD
:1090B0005A959780FE1FE780A09119E983A70A00BF
:1090C000DA979C4B6373F4003E8463F327013E8977
:1090D000850493F4F40F83C7719303C75193E3E0BE
:1090E000F4FC33092441635B090481440144514B7E
:1090F00017B9FE1F1309C9F125A86388E402B38AD2
:1091000064030325090019469305F00F56959780CF
:10911000FE1FE780E08B11E983270900D6979C4B5F
:1091200063C507006373F4003E84850493F4F40F71
:1091300083C7719303C75193E3E1F4FC994703C5D7
:1091400051933305F50205044E86D14523A88900C5
:1091500013050520EFC06E8B130600039305F00F77
:109160000A859770FE1FE780A07B9D6703C551931A
:109170000A86930500033E95EFC02E8983C751935D
:109180005145B387A70217B7FE1F130767E80843C7
:109190005146CE853E959770FE1FE780407123AA09
:1091A000419503C5C184EFC0AE800145F6406644D9
:1091B000D6444649B649264A964A064BF25B256193
:1091C00082809047814709CE99473305F502F145E2
:1091D00013051520EFC06E831C4023A407008547AC
:1091E0001840104B19CE994703C551933305F5022A
:1091F000F14513052520EFC04E811C4023A8070030
:1092000085471840504B19CE994703C551933305F4
:10921000F502C14513053520EFB03EFF1C4023AADF
:1092200007008547184050471DCA03C5519399440C
:1092300033059502C14513054520EFB01EFD03C55A
:109240005193330595021C409145D04741061305C3
:109250005520EFB09EFB1C4023A6070099B7B1F341
:1092600083C7419399C3EFF03FA383C7319399C359
:10927000EFF07FA8EFF05FB0D5B3797122D406D6B6
:1092800026D283C7719309446376F50285C5994751
:109290003305F502AE847000D14513050520EFB00B
:1092A000FEC72A8401E919466C0026859770FE1FC7
:1092B000E780E05F2285B25022549254456182805B
:1092C000011122CC06CE2A842EC632C4EF408FFF75
:1092D00005C90347C500A1472246B245631FF700F1
:1092E000938781959C4389CF03A34700630A0300BA
:1092F00022856244F240056102839387C195DDB700
:10930000F240624405618280797122D419443304A9
:10931000850226D27000AE84D14506D613040420FF
:109320002285EFB0BEBF01C98144B25022542685C8
:1093300092544561828019469305F00F680097703A
:10934000FE1FE780E0686DF1035781019377D70F27
:1093500089C49377F70F93E72700C207C183854439
:10936000E305F7FC7000D1452285231CF100EFB026
:10937000DEE903C5C184EFB0BEE345BF1D71A2CCD9
:109380002A8419453305A402A6CACAC8B2842E8904
:109390007000D14586CE13050520EFB03EB801C957
:1093A0000145F6406644D644464925618280194607
:1093B0009305F00F68009770FE1FE78060616DF104
:1093C0009D673E941010930500032285EFB01EB5F3
:1093D00019C10545F9B70810EFF00FE0631409044F
:1093E00013060003814508109770FE1FE780405E5A
:1093F0006DF113060003814508109770FE1FE7808A
:109400002052854708102386F194EFF0EFDC10100E
:10941000930500032285EFB05EDF03C5C184EFB082
:109420003ED945BF1C109008BE8683D506003687FE
:10943000638125039106E31AD6FE0145BDD083D68C
:1094400007003E8789C69107E31BF6FE91BF239074
:10945000270183472700E38E97F623019700D5F075
:109460002310070079BFFD57238CF192A38B019243
:1094700097B7FE1F23AE07B8D14717B5FE1F0345A8
:1094800005933305F50201119305200406CE22CC85
:1094900026CA4AC84EC69780FE1FE78040F297B79B
:1094A000FE1F23A7A7B615C997B4FE1F9384448F48
:1094B00083C7E400014417B9FE1F130969B5A38BE4
:1094C000F192D14983C771936362F40C9C44638A1F
:1094D000070C97B7FE1F238F07B29387719383C73B
:1094E000070005444146814517B5FE1F13058584D5
:1094F000A38AF1922389818423AA0194A3820194EF
:10950000A38301949770FE1FE78080419304700746
:109510004146814517B5FE1F1305C58023839194ED
:10952000A38781842382019423A40194238D019233
:10953000A38D0192A38E01929770FE1FE780403E9B
:10954000238E919223A00194A38C01929547A38628
:10955000F184C147A388F184238601948947238736
:10956000F184F24023868184A389818423888184C5
:10957000624423AE019423AC0194238A0192238B8D
:109580000192D2444249B24905618280B307340353
:109590000325090005041374F40F3E95EFF00FC680
:1095A00015B7930700F817B7FE1F2305F7A635B7C1
:1095B0001971A2DCCAD8D6D2DAD0DECE86DEA6DA1F
:1095C000CED6D2D40144D14A17B9FE1F130949A4FB
:1095D000194B9D6B83C77193636FF400F65066540B
:1095E000A38AF192D6544659B659265A965A065B22
:1095F000F64B09618280330A54030325090093194D
:10960000040193D9090105041374F40FB3846903A9
:109610005295EFF0AFBE71469305F00F480097707A
:10962000FE1FE780E02F130600039305F00F0810DC
:109630009770FE1FE780C02E03260900D1451385D1
:1096400004205296EFB07EBC5000F14513851420E3
:10965000EFB0BEBB5000F14513852420EFB0FEBA39
:109660005000C14513853420EFB03EBA5000C145CB
:1096700013854420EFB07EB95000914513855420E6
:10968000EFB0BEB810109305000333857901EFB039
:10969000DEB703C5C184EFB0BEB12DBF930705C0CF
:1096A0004111C20722C406C6C183130720022E84BB
:1096B0006361F70E17C700001307C7F28A07BA974E
:1096C0009C43BA9782879387218583C7070023002D
:1096D000F4002DA083C7419489870DA893875194E6
:1096E000EDB793877194D5B7414697A5FE1F938533
:1096F000656422859770FE1FE780601B8147B2403A
:1097000022443E854101828083C74194858BC1B745
:10971000938761945DBF938781949C431CC0F9BF7C
:109720009387F1845DB783C7A1937DB79387B19386
:1097300069BF9387D19351BF414697A5FE1F93857B
:10974000655E45BF83C7A193D1B79387C193B5BF6A
:1097500093870194D9B79387919385BF9387D184D9
:10976000ADB79387118595B793874193B9BF938719
:109770003193A1BFEFF0AFAE2300A40041B783C780
:109780000185B1B783C741948D8749B783C7A1933A
:10979000E5BF130700048947E363A7F6EFC03EAEB9
:1097A0002310A400A1BF011106CE22CC26CA4AC8AC
:1097B0004EC652C4EFC01EF83DE103C76193854712
:1097C0000144630FF702D14997B4FE1F9384448488
:1097D000054A83C771936379F402330934039840CF
:1097E0004A978347E700639947012285EFF0EFB47A
:1097F0009C40CA972387070005041374F40FD1BF58
:10980000EFF0EFC6238B0192EFB05ECD6244F240E1
:10981000D2444249B249224A05616FF06FD8F24002
:109820006244D2444249B249224A05618280797138
:1098300026D24AD006D622D44ECE52CC89472E8983
:10984000B2846309F5066360F5028D476305F50C84
:1098500003C471932285B250225492540259F249A2
:10986000624A456182802E85EFF0EFF783C77193DE
:109870002A84E371F5FEF9DC1946CA8526859770BE
:10988000FE1FE780C002F9B73305440383A7090030
:109890001946CA853E9519059770FE1FE780A00CF2
:1098A0002DE105041374F40F83C77193E36EF4FC88
:1098B0003E844DB7014497A9FE1F93896975514AAB
:1098C000E5B705041374F40F83C77193E372F4FED4
:1098D000330534030A86C14513053520420541810D
:1098E000EFB0CEE379FD41469305F00F0A859770FE
:1098F000FE1FE780E00D71F5CA850A85EFC01EA046
:1099000069F183C77193E377F4F4A9D4A68522851E
:10991000EFF0BF9681B7014499497DB7797126D29E
:1099200006D622D4AA8402CC231E0100EF408F99D0
:1099300005CD03C7F18489476308F70293056500E5
:109940002A84034555003008EFF07FEE83C77193FA
:109950006371F5022AC6EFF02F8EB2452A860547BD
:10996000A1462685EFF0AFCBB25022549254456108
:10997000828083C7F18491E795452685EFC0FED8A4
:10998000E5B70547E392E7FE834554000146268587
:10999000EFF08FCFD1BF4111C1674AC006C622C4C4
:1099A00026C2FD172E896309F506EF40AF912A8480
:1099B000D14421CD93056500034555000146D544AA
:1099C000EFF0FFE683C771936376F500CA85EFF089
:1099D000BF938144630B09022285EFF08FC335A04A
:1099E000CA852285EFF05F9211C18144050413748A
:1099F000F40F83C77193E365F4FE6308090017F55C
:109A0000FFFF13054541EF40CFB4B2402244268505
:109A100002499244410182800144D544D9BF0111D9
:109A2000C1674AC84EC606CE22CC26CAFD172E896B
:109A3000B289630EF504EF40EF88D14429C1930544
:109A40006500034555000146D544EFF05FDE83C74E
:109A500071936376F5024E86CA85EFF03F9281449A
:109A600039A84E86CA852285EFF05F9111C18144E5
:109A700005041374F40F83C77193E364F4FEF2409A
:109A8000624426854249D244B2490561828001443C
:109A9000D544D5B7411122C4138481938345040072
:109AA00023AEA194614506C6EFC0FED10345040074
:109AB0002244B24041016F10DFE7138721858347BD
:109AC000070083C5419493E707F82300F7006FC0B0
:109AD0009EB85971A6D2B2845000CAD0D2CC86D6D4
:109AE000A2D4CECE2A89368A02C223140100EFF016
:109AF0001FD483C77193637AF50E2A84EFE0DFF3F6
:109B00009147AA89631CFA0C03C72185791713377B
:109B100017009146A2854204418019493309240364
:109B20004E862685EFF0AFAF5146814568009770AD
:109B3000FE1FE780E0DE7000C145420913590901AC
:109B40001305492042054181EFB04EBD05E941466C
:109B50009305F00F68009770FE1FE78060E719ED2E
:109B6000130559204205700891454181EFB00EBBA5
:109B7000700093F519002685EFC09EB21D652295F1
:109B800042051010930500034181EFB02EB915E195
:109B90000810EFE07FE4001013090105835504006D
:109BA00091C5034624002685EF003F911104E31779
:109BB00089FE93F929006387090083C5819326856F
:109BC000EF008F9F91476314FA0403C721858947EB
:109BD000631FF7022685EFF05FEE15A803C7F18437
:109BE000791713371700D28635B7A147E31CFAFC63
:109BF00003C7F1848947631CF7000146CA8526859F
:109C0000EFF08FA8014681452685EFF06FEBB65047
:109C1000265496540659F649664A01456561828084
:109C2000011106CE2AC6EFF01F843245F240238C84
:109C3000A19205616FF0CF961D7186CEA2CCA6CA07
:109C4000CAC8CEC6D2C4D6C2EF80CF9D83C73185E5
:109C500081CF0144514A17A9FE1F1309693B994A54
:109C600083C77193636BF400F6406644D64446495B
:109C7000B649264A964A25618280B30944030325E2
:109C8000090019469305F00F4E959770FE1FE78067
:109C900020D421E9B30454035010F1451385142056
:109CA00042054181EFB08EA70DED0347F103930705
:109CB000F00F6318F7021385342042055000C145A8
:109CC0004181EFB0AEA55008C1450945EFB00EA5E2
:109CD0008325090054085000CE9503C5F500EF8098
:109CE0002F9405041374F40FA5BF930705C05D718D
:109CF000C207A6C2CAC086C6A2C44EDE52DCC18359
:109D0000130720022A89B2846360F75217C7000044
:109D1000130707968A07BA979C43BA9782878547A5
:109D20006384F500614409A8834706000947E36B93
:109D3000F7FE2389F18401442285B64026449644E7
:109D40000649F259625A616182808547E39CF5FCBD
:109D500003470600E3E8E5FC83C7419411C793E796
:109D600047002382F194C1BFED9BE5BF8547E39B8C
:109D7000F5FA834706001147E366F7FAA382F194E8
:109D80005DBF8547E390F5FA83470600E3ECF5F8FD
:109D9000A383F1944DB7C147E396F5F84146A685F4
:109DA00017A5FE1F130505F99770FE1FE78020B069
:109DB00059B78547E398F5F603470600E3E4E5F66F
:109DC00083C7419401C793E7170061BFF99B51BF57
:109DD0008547E399F5F4834706002383F194A1BFF7
:109DE0009147E391F5F41842B7470F009387F723A3
:109DF000E3EAE7F223A4E1943DBF8547E394F5F25B
:109E0000834706000947E36FF7F0A387F18425B77E
:109E10008547E399F5F003470600E3E5E5F083C7DE
:109E2000A19311C793E74700238DF19229B7ED9BCA
:109E3000E5BF8547E398F5EE834706001147E363E6
:109E4000F7EEA38DF192C5BD8547E39DF5EC834701
:109E50000600E3E9F5ECA38EF192F1BDC147E3936F
:109E6000F5EC4146A68517A5FE1F1305A5EB2DBFF2
:109E70008547E399F5EA03470600E3E5E5EA83C78A
:109E8000A19301C793E7170045B7F99B71BF8547B9
:109E9000E39AF5E883470600238EF19269BD914766
:109EA000E392F5E81842B7470F009387F723E3EBF7
:109EB000E7E623A0E19441B5E39605E6EFC09E876F
:109EC00001E9EFE0DFDAEFB06EE1EFE07FEDA5B59D
:109ED0008547238BF19285B59D47E395F5E49385FE
:109EE0001400194668009770FE1FE780409C03C568
:109EF000040050086C00EFF09F9383C77193AA840D
:109F00000944E37BF5E24808EF30DFC409E5268524
:109F1000EFE0BFC24DBF5147B384E40297A7FE1FD5
:109F20009387070F9C435944BE9485472387F400C9
:109F300021B59D47639BF50A194693851400680077
:109F40009770FE1FE780A09603C5040001466C00D1
:109F5000EFF0FF8D83C771936377F5049944B304E1
:109F600095025008F14593841420C204C1802685CF
:109F7000EFA0DEFA2A8415E51307A04185476304A4
:109F8000E9009307F00F5008F1452685A307F10279
:109F9000EFB0AEA703C5C184EFB08EA1EFF0DFC96B
:109FA00061BB0944E5BF97A7FE1F83C7A706094405
:109FB000E38407D81307A04197A7FE1F83C797051F
:109FC000631FE90093E7170017A7FE1FA304F70418
:109FD0001D46A68517A5FE1F13050503F1B3F99BC2
:109FE00017A7FE1FA308F702B9B38547E39CF5D274
:109FF0001307A04197A7FE1F83C7D7016315E5008C
:10A0000093E72700F1BFF59BE1BFA3890184EFF03F
:10A01000BFC215B38547A389F18401441949930947
:10A02000F00F7D5A83C77193E373F4FEB3042403E6
:10A030005008F145938414202685EFA03EEE05E1FB
:10A040008347F102638D37015008F1452685A30748
:10A050004103EFB08E9B03C5C184EFB06E9505043C
:10A060001374F40FC1B78547E39EF5CA8347060012
:10A07000E3EAF5CAA38CF1927DB98547E394F5CA6A
:10A08000834706002547E36FF7C8A386F18465B1CF
:10A090008547E399F5C803470600A546930797FF50
:10A0A00093F7F70FE3E0F6C8A388E18469B1854729
:10A0B000E39AF5C68347060003C741930144238A08
:10A0C000F192E31B07C6E399B7C6EFE07FCDADB1D0
:10A0D0008547E399F5C48347060003C73193A389F5
:10A0E000F19209E76394B700EFE09FCB03C531938A
:10A0F000EF709FD389B18547E396F5C28347060089
:10A100000D47E361F7C22387F18435B18547E39BAF
:10A11000F5C0834706002386F18431B90545EFB0C9
:10A120002E8911B98547E39FF5BE83470600238832
:10A13000F18411B193074002E396F5BE03C5140004
:10A14000014693852400EFF08FEE83C77193E37B84
:10A15000F5BC19443304850203C70400A1471374F6
:10A16000F40F6310F70409041374F40F42044180E0
:10A170005008F1452285EFA07EDAE31505BA9385F4
:10A18000840048086D469760FE1FE78040725008C3
:10A19000F1452285EFB06E8703C5C184EFB04E81D3
:10A1A00051B60504D1B717A7FE1F035767C0930721
:10A1B00040046D44E3F2E7B88547E395F5B683477D
:10A1C0000600E3E1F5B691CF97A7FE1F938787E3DB
:10A1D0009C435544E38207B683C7419493E78700C5
:10A1E00049B683C7419493F7770FA5BE17A7FE1F03
:10A1F000035707BC930740046D44E3FFE7B285476C
:10A20000E392F5B283470600E3EEF5B0F9DB97A7DA
:10A21000FE1F938727DF9C435544E38F07B083C716
:10A22000A19393E7870009B1930700040944E3E58C
:10A2300027B1E39385B083D504004A85EFC0AED83B
:10A240002A84DDBC1D7186CEA2CCA6CACAC8CEC6E1
:10A25000D2C4D6C2DAC05EDE62DC83472500514735
:10A26000E91793F7F70F636BF70217B700001307AF
:10A27000E7488A07BA979C432A84BA97828783540F
:10A28000A5000346C5008346D500268532C636C4E0
:10A29000EF305F83AA87A246324619E18544A9A21E
:10A2A00003C7C700A14713053400631AF702938759
:10A2B00081959C43A68589C79C4399C38297F9BF22
:10A2C000938701948843EFB09EFD69D99307E00F0F
:10A2D000E306F5FC85452685EFC02EC3C1B79387FD
:10A2E000C1959C43A68599C39C43E9FB93878194C0
:10A2F000D1BF8355A5002E852EC4EF30AFFCAA87B1
:10A3000051DD03C7C700A147130534001306C4007D
:10A310009306C401A245631AF700938781959C4375
:10A32000B5DF9C47A5DF829795BF9387C195C5BFD1
:10A33000034915006319091C83476500858B6385F4
:10A34000071C938741959C436390071C81455146A8
:10A3500068089760FE1FE780A05C4C48DDC183C79A
:10A3600065011946C105A305F10268089760FE1F43
:10A37000E780E053834764000357810268088987B8
:10A38000858BD98F2314F102EFE0FFC5A38AA19238
:10A3900083C771936366F500EFE00FF2A38AA19281
:10A3A00083C9719383C7519363E3370383C70185DF
:10A3B00091C705476395E706EFF08F9F97A7FE1FAC
:10A3C0009387079E9C5B81C7854521458297A2851F
:10A3D0006808EFE09FC6AA845549631705128945AE
:10A3E00003C58193EF901ED9F64066442685464901
:10A3F000D644B649264A964A064BF25B625C256112
:10A400008280035544008544EF30CFEB71DD8347F4
:10A410005500194693056500A305F102B9B7094730
:10A42000E39EE7F88144FD5A014A514C17ABFE1FE9
:10A43000130B0BBE25A8B38B840303250B00194611
:10A440009305F00F5E959760FE1FE780605801ED61
:10A4500083270B00DE979C4B6373FA003E8A63F4FC
:10A460005701BE8AA689850493F4F40F83C77193BC
:10A47000E3E3F4FC330A5A4163590A04FD54514B97
:10A4800017AAFE1F130ACAB8B70B00801DA8B30A8B
:10A49000690303250A0019469305F00F5695976046
:10A4A000FE1FE780E05219E983270A00D6979C4BEC
:10A4B00063F6FB0063F49700BE84CA89050913792B
:10A4C000F90F83C77193E364F9FC83C77193E3F7D2
:10A4D000F9EED144B384990217A9FE1F130949B3B9
:10A4E000032509002695EF30EFE619E54E85EFE0EC
:10A4F000CFE4EFE0FF8AD9B583270900BE948547F2
:10A500002387F40065BD0149034614000355440048
:10A510008545EFE0FFDAE30309D84A868D45035508
:10A520004400EFE0FFD99DBB034715009947631A2C
:10A53000F70203554500EF30EFD8AA841DC183C749
:10A54000E18409476389E7020D476380E702054715
:10A550006399E70083455500035544000146EFE049
:10A56000BF920346140089455DBF0146814513052E
:10A570000041EFF08FF78355440003C504001546F2
:10A58000EFC08E9BF9BF930545000345350001469A
:10A59000EFF0EFA983C77193E372F5D099473305C4
:10A5A000F5021306C400914513055520420541816B
:10A5B000EFA0BEC503C5C184EFA09EBFC5B183C7D0
:10A5C00091930355450081C783C5D18431B383C7B7
:10A5D000218599E3954509B3EF30CFCEAA84E30FE7
:10A5E00005CA8347A400858B85CB03455500854765
:10A5F00063F4A7028357C40093F7072091EF700814
:10A6000093856400EFF0AFA283C771936396A700B0
:10A610008D4503554400C9B183C55400035544001A
:10A6200013068400EFE05F8601468145CDBD0355EA
:10A630004500EFF0AFAE9DB103554500EFF0AF968A
:10A6400083C7218593F7F7072389F18481B979714D
:10A650009397050122D406D626D24AD04ECEC18782
:10A660002E8463DE070803C58193EF90CEF0AA84A1
:10A6700031C5834705001307100B638BE7041307ED
:10A68000000D6387E7021307000B6396E702034799
:10A690004500F9476317F700035525008145EFF0A2
:10A6A0008FAF83C5440013858400EFF04EAE21A028
:10A6B000EFF05FB901C52685EF90CEDFA164A18CD4
:10A6C000B2502254268502599254F2494561828043
:10A6D00083474500EDF30356850083556500035518
:10A6E000250023860194EFF08FB383C7C194E1D78F
:10A6F00003C5C18423860194EFA09EAB6DBF93F781
:10A70000250085C381450145EFE03F939344240034
:10A7100083C78193854511E189453E85EF909EA5CC
:10A7200045B793F715006384070C13894195832778
:10A7300009009384019583D947009C4099EFC16536
:10A7400013870196894617B6000013062643FD15A8
:10A750000545EFF09EFE23A8A1948C4013441400FD
:10A760009DE9832709000146854503D547009314D9
:10A770000401C180EFE0DFB48327090001468D4565
:10A7800003D54700EFE0DFB303C5C184EFA05EA2AD
:10A79000EFE06FB735B79308F00F0948814713070B
:10A7A000E100740003D601964E85EF004FCF11ED06
:10A7B0000346D1008347C10022065D8E19C69C4026
:10A7C0004E8583D5A700EFF08FA58840C1658146EF
:10A7D00003D60196FD15EF006FC09314040123A862
:10A7E000A194C1803DDD854503C5819305BF93F7E5
:10A7F00045008144E38607EC93C44500D1B5034787
:10A800002500F14763ECE73017B60000130646F465
:10A8100093162700B2969C42411122C406C626C256
:10A82000B2972A84828783471500C5EF414697A5D2
:10A83000FE1F9385658317A5FE1F1305A5809760EE
:10A84000FE1FE78040123DED1796FE1F1306867F20
:10A85000C1450945EFA07E9B1796FE1F1306867F14
:10A86000C1450D45EFA07E9A03C5C184EFA05E945B
:10A870009305340017A5FE1F130545801946976000
:10A88000FE1FE780C002854785451795FE1F0345DB
:10A89000757D1797FE1F2323F77AEF90BE8D97974C
:10A8A000FE1F9387A7798843938741969C43BDCB2E
:10A8B00003A3070063080306A2852244B240924422
:10A8C0004101028341469795FE1F9385E5751795D3
:10A8D000FE1F130525789760FE1FE780C0082DD561
:10A8E00041BF99471797FE1F232AF7744DBF0347AF
:10A8F00015008347350039E70947639AE7029797C0
:10A90000FE1F9387A7739C438145014593F7F7F09A
:10A9100093E707021797FE1F2322F772EFD01EEA74
:10A92000A300A400B2402244924441018280054722
:10A93000814501456395E700EFD03ED8D5B7EFD00C
:10A94000BEC7F9BF0947E38FE7FC9797FE1F9387C0
:10A95000E76E88434199136565009797FE1F23AF03
:10A96000A76C99B7834715009794FE1F9384046DD5
:10A97000ADEF8D47631DF7049797FE1F83C7076AE6
:10A98000139787016187635F070093F7F70789458E
:10A990001795FE1F0345156D1797FE1F2300F768D7
:10A9A000EF904EFD9C40914613F7F700631AD700D5
:10A9B000C19B93E757001797FE1F2321F76885A8CF
:10A9C0008946E301D7F6C19B93E72700EDB798408E
:10A9D0009797FE1F238207649546937707FF3D8B69
:10A9E0006311D70693E74700F9B79C40C19B93E7F3
:10A9F0006700D1B71797FE1F130747641C438346B0
:10AA00001500BA84C19B95E693E747001797FE1F90
:10AA10002326F7620356A50093054500034535003C
:10AA20009146EFF00F8B9797FE1F2387075E8840B4
:10AA3000A5BD13071003E39CE6FA1797FE1F230D2D
:10AA4000075C93E7370085BFEFF0CFFF9797FE1FB6
:10AA50009387C75E9C43154793F6F700C19B13E5A8
:10AA60003700E39CE6EE13E52700C5BD9796FE1F71
:10AA70009386C65C9C4203461500B68493F7F7F0B4
:10AA800021EECD466313D70493E707011797FE1F06
:10AA90002326F75A9797FE1F83C7B75E1397870140
:10AAA0006187635F070093F7F70791451795FE1FCE
:10AAB0000345555B1797FE1FA305F75CEF908EEBE0
:10AAC0009C40370500015D8DC5B393E707021797DA
:10AAD000FE1F2325F756EDB793E70703CDBF9796E3
:10AAE000FE1F9386A6559C427D761306F60FF18FC6
:10AAF000034615000DE26D46631CC70093E707107F
:10AB00001797FE1F232CF7529C423705000265BFA2
:10AB100093E70720F5B793E70730DDB78280034757
:10AB20000500930610096307D7009307000D63051E
:10AB3000F70482808346150039476391E604835603
:10AB40004500056713075740639AE60218459307C7
:10AB5000F007830537006383F502938741969C4392
:10AB600091CF03A34700630B0300834727000345EE
:10AB70001700A2075D8D02836FF07FC882800111EC
:10AB80009397050126CA06CE22CCC187AE8463DB2B
:10AB9000070C1795FE1F0345F54CEF90CE9D2A84B8
:10ABA00019C99797FE1F83C7574789EFEFF03FF703
:10ABB0002285EF902E902165258DF2406244D2448B
:10ABC00005618280834705001307000D6390E70647
:10ABD0008347250081E7EFF09FF409A81547639F9D
:10ABE000E7000347C500A147E392E7FCA28517955C
:10ABF000FE1F03450549EF906EA075BF2147E38C0A
:10AC0000E7FC99466395D70083477500F1BF1D4760
:10AC1000E39EE7F803554500EF20DFEA51D90347EB
:10AC2000C500A1472285E313F7F8C9B71307200A27
:10AC3000E38EE7F613071009E39FE7F803471500D3
:10AC4000B947E31AF7F803574500856793875740DC
:10AC5000E313F7F818458347270003451700A207B9
:10AC60005D8D5DBF9397150163DE070013868196A6
:10AC700091451145EFA06ED903C5C184EFA04ED315
:10AC800011651DBF93F71500C5CF9797FE1F83C7AA
:10AC9000A738A5CBEF308F919797FE1F83C7071476
:10ACA0006364F5068D472302F1009797FE1F938793
:10ACB000B73683C707004C001795FE1F0345953A2A
:10ACC0002306F1009797FE1F9387073B83C7070072
:10ACD000A306F100EFD04ED90DC59797FE1F9387BD
:10ACE000E73588434199136565009797FE1F23A7B1
:10ACF000A734938741969C4389C79C4399C3814558
:10AD0000829713C5140055BD9797FE1F9387E730B0
:10AD100083C7070019469795FE1F93856530230268
:10AD2000F1009797FE1F9387A73183C7070013058C
:10AD30006100A302F1009760FE1FE78040B7B5B73E
:10AD400093F72500A1C79797FE1F83C7272D858BF3
:10AD50009DCB1795FE1F0345F530EFD0EEFF05C5DF
:10AD60009797FE1F9387872D88431375F5F0979764
:10AD7000FE1F23A5A72C938741969C4389C79C431C
:10AD800099C38145829713C5240005BD93F74500FB
:10AD90000145E38407E29797FE1F83C7972E8DCF67
:10ADA0001795FE1F0345152CEFD0AEFE15C59797DE
:10ADB000FE1F9387A7288843FD779387F70F7D8D24
:10ADC0009797FE1F23ACA726938741969C4389C77C
:10ADD0009C4399C38145829713C54400F9BB3971DF
:10ADE00022DC06DE2A842ECE32CC36CA3AC83EC6D3
:10ADF000EF205FCD05C9F2456246B247D2464247D1
:10AE00002314B1022315C1022C103E86228523167D
:10AE1000D1022317E102EF20BFB90145F25062547D
:10AE2000216182805145DDBF011106CE9797FE1F3B
:10AE3000A38CA71291C52E8532C6EFE0BFC532465E
:10AE40009797FE1F9387871F9C4395EF19C223A2F4
:10AE5000C196F2401796FE1F0346661C9795FE1F8B
:10AE600083C545201795FE1F0345D51F93878196FF
:10AE70001797FE1F1307071E9796FE1F9386861CC3
:10AE800005616FE00EE4F2404545056182809797C9
:10AE9000FE1F83C7A7F481EB614582806145B24004
:10AEA000224441018280411122C406C61794FE1F2C
:10AEB0000344541B9307F00FE312F4FE1705000040
:10AEC000130525CCEF909EB11797FE1FA30CA71872
:10AED000E30685FC23A201969797FE1F23A0071681
:10AEE00091471797FE1F230FF716EFB08EC041460C
:10AEF00081451795FE1F1305E5149760FE1FE78037
:10AF000020A2414681451795FE1F1305A5149760A1
:10AF1000FE1FE780E0A023A401969797FE1F238ED3
:10AF2000070E9797FE1F238D07109D471796FE1F4C
:10AF300013064611C14509451797FE1FA30EF70CCE
:10AF40009797FE1F238A0712EF905EFD1796FE1F4C
:10AF500013064610C1450D45EF905EFC414697959E
:10AF6000FE1F9385250E1795FE1F1305E50F9760AD
:10AF7000FE1FE780C09341469795FE1F9385850D80
:10AF80001795FE1F1305450A9760FE1FE780209264
:10AF90001386819691451145EF905EF8014501B702
:10AFA000FD571797FE1FA30FF70A1797FE1F1307EA
:10AFB00067FBA302F7002303F7001797FE1F230385
:10AFC000070A05479796FE1F2388E60423A40196E7
:10AFD00019479796FE1F2391E6060567130707C8D2
:10AFE0009796FE1F239FE6041797FE1F230BF70873
:10AFF0008D471797FE1F230407021797FE1FA30E06
:10B0000007001797FE1FA30BF7001797FE1F230CCF
:10B01000F700194681451795FE1F13056500176354
:10B02000FE1F6700E38F930705D04111C20722C4BA
:10B0300006C6C1835D472E84636BF71017A7000017
:10B04000130747788A07BA979C43BA9782879797DE
:10B05000FE1F83C727012300F40035A041469795C2
:10B06000FE1F938525FE22859760FE1FE7802084C2
:10B0700019A841469795FE1F9385C5FDEDB79387A7
:10B0800081969C439CC18147B24022443E85410148
:10B09000828019469795FE1F938545FEE9B79797DD
:10B0A000FE1F83C767F745BF2E85EFD08EFDE1BF3A
:10B0B0002E85EFD06EFFC1BF9797FE1F83C7E7F5C0
:10B0C00059BF9797FE1F83C7A7F771B71946979582
:10B0D000FE1F9385E5F441BF9797FE1F83C7D7F303
:10B0E0009DBF9797FE1F83C727F9B5B79797FE1F98
:10B0F0009387C7F49C4385B79797FE1F83C727F2B2
:10B1000099BF9797FE1F83D727F32310F400A5BF9D
:10B110009797FE1F83D7E7F2CDBF9797FE1F83C790
:10B12000F7EF15BF9797FE1F83C7E7EF2DB72E8563
:10B13000EFD0CEFA89BF9797FE1F83C727EE93F70C
:10B14000F70711BF9797FE1F83C7B7F329B71307F8
:10B1500000048947E36AA7F2EFB06E922310A400BF
:10B160001DB79307F5CFC207AE86C183D9452A879D
:10B1700063EAF52E17A800001308C86A8A07C29769
:10B180009C43411106C6C297B285368582874147E6
:10B19000E147639EE60241461795FE1F130585EAC7
:10B1A0009750FE1FE780A07015A04147E1476390CC
:10B1B000E60241461795FE1F1305C5E9D5B71147AD
:10B1C000E1476396E6001C4223A4F1968147B24012
:10B1D0003E85410182800547E147E39AE6FE034749
:10B1E00006009797FE1F83C727E39796FE1F2385C8
:10B1F000E6E295C7814761FF1797FE1F130707E433
:10B20000184389463D8B6305D7009546E311D7FC6B
:10B210001795FE1F034515E5EFD04E9C45BF8147AE
:10B220005DD71797FE1F130767E118436306A70052
:10B230003D8B7517E36DE5F885451795FE1F0345B2
:10B2400075E2EF803EF359B79307C01C63E8D7203F
:10B2500063060620B24041016FD00EB69307C01CB2
:10B2600063EED71E630C061EB24041016FD0EEC4E0
:10B270000547E147E39DE6F403470600A946E3E8F6
:10B28000E6F49797FE1F238AE7D889B70547E14779
:10B29000E39FE6F2034706008D46E3EAE6F297975E
:10B2A000FE1F238FE7D81DB71947E147E391E6F268
:10B2B00019461795FE1F1305A5D6DDB50547E147CD
:10B2C000E397E6F0034706009D46E3E2E6F0979732
:10B2D000FE1FA383E7D4DDBD0547E147E399E6EE12
:10B2E000034706008D46E3E4E6EE9797FE1F2385AD
:10B2F000E7D8E9BD0547E147E39BE6EC8347060055
:10B300001797FE1F230DF7D0D1B50947E147E3900A
:10B31000E6EC0356060005671307A7C79306A6FFCA
:10B32000C206C182E365D7EA9797FE1F2396C7D06E
:10B3300071BD0947E147E39CE6E80356060005674F
:10B340001307A7C79306A6FFC206C182E361D7E829
:10B350009797FE1F2397C7CE95BD83450600179686
:10B36000FE1F034646CC9797FE1FA389B7CA014527
:10B37000EF601FACA1BD034606009795FE1F83C575
:10B38000F5C99797FE1F2380C7CAD5B79307C01C7E
:10B3900063E6D70C61C6B24041016FD02EC20547AB
:10B3A000E147E396E6E2834706001797FE1F03474F
:10B3B000E7C6058B9796FE1F2382F6C693F6170005
:10B3C00011C7E39506E0EFD0CE9B09B5E38006E018
:10B3D0001797FE1F130787C618438945398BE31E4D
:10B3E00007E493E707F81797FE1F2309F7C2F9BB95
:10B3F0000547E147E39DE6DC834706001797FE1FFC
:10B40000034737C89796FE1FA38DF6C611C7E39F63
:10B4100007DAEFD0AE995DBBE38A07DA1797FE1F14
:10B420001307C7C118431377070F19C3914531B5E7
:10B4300093E707F81797FE1FA305F7C441BB9307CF
:10B44000000463EFE70089458947E392B6D8B2402C
:10B45000835506003A8541016FB0EEB6E14785BBE2
:10B460008947B5B39307000463E9A7008945894775
:10B470006396B60083550600C5B789473E8582802E
:10B48000411106C6EF80A00F1715FFFF1305A51386
:10B49000EF90CED4EF001FFD17B5FEFF1305C53F9B
:10B4A000EF90CED3EFB0EEB817E5FEFF1305C5520F
:10B4B000EF90CED2EFE06ECF1745FFFF1305A5A9A1
:10B4C000EF90CED1EF30DFBE17F5FFFF1305651803
:10B4D000EF90CED0EFE0CFF41705FFFF1305A56284
:10B4E000EF90CECFEF00AFDEB24041016FF03F9A58
:10B4F0009797FE1F938787B91797FE1F130787B883
:10B500009C43184301456313F700828083D667008C
:10B5100081E683D6470036959C43F5B79797FE1F83
:10B52000938707888C431797FE1F0357A7874111FE
:10B53000138605229797FE1F23AAC7B4938785FF1A
:10B54000BA9705659796FE1F23AEF6B206C61D058F
:10B55000935637006374E500930600203307D60046
:10B560001795FE1F2322E5B223A0E522E116231240
:10B57000D600231306001CC3998FE1172312F7008E
:10B5800023130700EFF0DFF6B2409787FE1F2390EA
:10B59000A77C410182809797FE1F938727AF17975B
:10B5A000FE1F130727AE9C43144301456393F60027
:10B5B000828003D7670011E703D747006373E50074
:10B5C0003A859C43E5B79797FE1F938727AC9796DC
:10B5D000FE1F938626AB9C4390422A87B305B54055
:10B5E0006314F6003A8529A8938687009C43E36993
:10B5F000D7FEE377F7FE2E85E3E4D5FEE3F2F5FE12
:10B60000828083C705002300F50083D72500A300AF
:10B61000F50083D72500A1832301F50083C74500EA
:10B62000A301F5001145828023A8019623A6019667
:10B63000828029C1411126C206C622C4AA840145BE
:10B640008DC52E842285414697A50000938545230C
:10B650009750FE1FE780A02583C7040005452306F9
:10B66000F40083C71400A306F400B24022449244BD
:10B670004101828001458280011122CC26CA06CE7A
:10B680000947AA8432846383E50441468147639B6A
:10B69000C500638FE6006397B6001DA84147814748
:10B6A000638FE600F2406244D2443E8505618280A9
:10B6B0008A852285EFF0FFF741468A8521A88A8591
:10B6C000EFF03FF741468A85228531A0E398B6FC2A
:10B6D0002E86A28526859750FE1FE780C028AA8760
:10B6E000D1B723A8A1968280011122CC0354650012
:10B6F00006CE26CA4AC84EC641C083298500AE84FC
:10B700002A8803C909008147131789016187635596
:10B710000702B147054563FA8704511442040355F3
:10B720002800418033878900A2864E868545EF3008
:10B730004FEDB337A00085077D141355690042040F
:10B7400005891379F90341802380F400A380A400C4
:10B750002381240123928400014719C01387190013
:10B7600098C409476383E7000145F2406244D2442C
:10B770004249B249056182800545C5BFC167F917D5
:10B78000630AF502D94763F7B702011122CC2EC62E
:10B7900006CE2A84EF00FFB9B2456368B500228562
:10B7A0006244F24005616F204FD8F2406244054583
:10B7B0000561828005458280C167F9176314F50031
:10B7C0006F003FB7411106C6EF20EFC411E15D45A0
:10B7D000B2404101828039714ED656D25AD006DE2F
:10B7E00022DC26DA4AD852D4AA8A2E8BB28949EFB3
:10B7F00036C6EFF07FFC9145EF003FC4AA844D4967
:10B800002DC9B246054A238034010544630A0B0062
:10B81000B68513851400029B0505131405014180AC
:10B82000E20993D9894163D30902C1455685EF20C6
:10B83000CFCC654905E933868400A2852685EF30A3
:10B840006FAD2A8905E131044204418091472C08FB
:10B850005685231CF10026CE231D8100EF109FD2B8
:10B860002A8901C963070A0026859760FE1FE780C1
:10B8700020C4F25062544A85D2544259B259225AD5
:10B88000925A025B21618280BA84014AADBF0111E4
:10B8900022CC26CA4AC84EC606CE2A893284B68928
:10B8A000EFF07FF3AA8405E1938701979C4381CF52
:10B8B00005476317E40003C4090005041374F40F7B
:10B8C000A2854A858297F240624426854249D24445
:10B8D000B24905618280AE860147054697050000A2
:10B8E000938565D26FF0BFFA83D705002300F5007A
:10B8F00083D70500A183A300F5000945828083C793
:10B90000250005472300F50003D505006397E700F0
:10B910000A050505420541818280C9473305F502C4
:10B92000CDBF03D505000A0542054181828083D73A
:10B9300025002300F50003D5050083D72500330536
:10B94000F502050542054181828003D5050082800C
:10B9500003D50500828003D50500828083D72500AA
:10B960002300F50003D5050083D725003305F50234
:10B97000050542054181828083D705002300F5003B
:10B9800083D70500A183A300F50083D725002301F9
:10B99000F50083D72500A183A301F50003D5450059
:10B9A000110542054181828083D705002300F500FF
:10B9B00083D70500A183A300F50003D52500090561
:10B9C00042054181828089471145639BF600834788
:10B9D0001600834606000145A207D58F2310F70005
:10B9E000828003D70500D947AE8663FAE700014796
:10B9F0000D4697050000938565EF6FF05FE90945F7
:10BA0000828011456393A602834716008346060091
:10BA10000145A207D58F2310F700834736008346E0
:10BA20002600A207D58F2311F700828083C7250047
:10BA30000547FD1793F7F70F6361F70483D70500F8
:10BA40008DCF011122CC2A84C84106CE15C12EC645
:10BA50008945EFF05FB72A8722856244B246F240FB
:10BA60001546970500009385C5E905616FF03FE233
:10BA7000F24062440945056182800945828095470C
:10BA8000114563F9D706411122C426C24AC006C631
:10BA900083471600BA8403470600A2073284D98F71
:10BAA0002390F400834736000347260093054400A3
:10BAB000A207D98F2391F40089472382F400094615
:10BAC0001385540036899750FE1FE78040DE9307A8
:10BAD000A9FF2394F4009947631BF90023A60400EF
:10BAE000B240224492440249014541018280190436
:10BAF000C0C4FDB7828083D705008DCF011122CC51
:10BB00002A84C84106CE15C12EC68545EFF0BFABCD
:10BB10002A8722856244B246F2401D4697050000FE
:10BB2000938565E005616FF09FD6F2406244094558
:10BB3000056182800945828099476395F6048947AB
:10BB4000411106C62302F70083471600834606000C
:10BB5000B285A207D58F2310F700834736008346AE
:10BB6000260003464700A207D58F1305570023116F
:10BB7000F70091059750FE1FE78060D3B240014562
:10BB800041018280D14711456394F600C1474DBF02
:10BB9000828083D705008DCF011122CC2A84C84131
:10BBA00006CE15C12EC68945EFF0FFA12A87228552
:10BBB0006244B246F240254697050000938565D75A
:10BBC00005616FF0DFCCF240624409450561828077
:10BBD0000945828089471145639BF600834716001B
:10BBE000834606000145A207D58F2310F700828007
:10BBF000011122CC2A84C84106CEAE86014719C560
:10BC00002EC68545EFF03F9CB2462A8722856244C6
:10BC1000F2402D4697050000938565D305616FF0CE
:10BC20001FC711456393A60283471600834606008B
:10BC30000145A207D58F2310F700834736008346BE
:10BC40002600A207D58F2311F7008280011122CC94
:10BC50002A84C84106CEAE8611C52EC68545EFF0B2
:10BC60009F96B2462A8722856244F2403546970560
:10BC70000000938525CE05616FF07FC193F7160014
:10BC8000114589EB89476387F60085822312D70027
:10BC900010C301458280011122CC2A84C84106CEFE
:10BCA00015C12EC68545EFF01F922A872285624472
:10BCB000B246F2403D4697050000938505CA0561EE
:10BCC0006FF0FFBCF240624409450561828083D772
:10BCD00005008DCF011122CC2A84C84106CE15C1A2
:10BCE0002EC68945EFF03F8E2A8722856244B246F0
:10BCF000F240454697050000938585C605616FF0C3
:10BD00001FB9F2406244094505618280094582807D
:10BD1000854763FCD7022304A700A304B700834729
:10BD2000160083450600A207CD8F2310F7009387E6
:10BD3000E6FF2311F70089476386F600090650C322
:10BD40000145828023220700E5BF1145828001471B
:10BD500081464D4681456FF09FB38D47114563FB8A
:10BD6000D7028347160083450600A207CD8F231014
:10BD7000F7008347360083452600A207CD8F2311A5
:10BD8000F7009387C6FF2312F7006386A60011060B
:10BD900010C70145828023240700E5BF011122CC92
:10BDA0002A84884506CEAE8611C52EC69545EFF08D
:10BDB0009F81B2462A8722856244F2405D469705FC
:10BDC00000009385A5BB05616FF07FAC85471145E9
:10BDD0006397F6008347060001452300F700828041
:10BDE00001478146654681456FF07FAA011122CC4B
:10BDF0002A84C84106CEAE86014719C52EC68D4598
:10BE0000EFF06FFCB2462A8722856244F2406D460D
:10BE100097050000938585B905616FF0DF9B0111DF
:10BE200022CC2A84C84106CEAE86014719C52EC64B
:10BE30008D45EFF04FF9B2462A8722856244F240E1
:10BE4000754697050000938565B605616FF0BF984C
:10BE5000814717A800001308A8A31306F00F3307A3
:10BE6000F800834607001397060141836364E500E9
:10BE70006393C600828083D605006365D700239054
:10BE8000E5008280850793F7F70FD1BF41119397A3
:10BE9000050122C406C626C2C1872E8463D50702C7
:10BEA000EF707EEDAA8409CD83470500054793C74F
:10BEB00007086364F700EF50F0572685EF709EDFA8
:10BEC0002165218D29A893F7150099CF9787FE1F2B
:10BED0009387471CFC5791C3829713451400B240C7
:10BEE000224492444101828093F7250099CB9787A1
:10BEF000FE1F9387271ABC5B91C3829713452400CA
:10BF0000F9BF93F7850081CF9787FE1F9387871826
:10BF1000FC5FBC5B91C3829713458400C9B793F75C
:10BF2000450081CF9787FE1F9387C716FC5FFC579C
:10BF300091C38297134544005DB793F7050291CFF3
:10BF40009787FE1F9387071583A7070983A707090C
:10BF500091C382971345040259B793F7050191CF16
:10BF60009787FE1F9387071383A7070983A7C7082F
:10BF700091C38297134504019DB79397250101450D
:10BF8000E3DF07F49786FE1F83C636111786FE1F70
:10BF90000346A6109785FE1F83C515101785FE1F43
:10BFA0000345850FEFA0DFFD096521BF4111130691
:10BFB0008012814522C42A841785FE1F1305850D32
:10BFC00006C69787FE1F23AD07029787FE1F23A98A
:10BFD000071E9750FE1FE780A0940145EF30001523
:10BFE0000145EF30E01C3707D70731079786FE1F62
:10BFF00023ACE60A37C70C0C130707149786FE1FFD
:10C0000023A6E60A37C7D707130707149786FE1F2C
:10C0100023A0E60A7177130707149786FE1F239B58
:10C02000E6089787FE1FA38287D29787FE1F938714
:10C0300067067D46814603A7070D23A2D70E23A0DE
:10C04000C70E83A7470DB7762D049386F61F558F2D
:10C0500093E7E7099786FE1F23A6E6109786FE1F43
:10C0600023A6E6109786FE1F23A0F6101787FE1F53
:10C070002320F7109787FE1F83C767D31787FE1FFC
:10C08000A308F70C1787FE1FA308F70CF977FD1715
:10C090001787FE1F2313F7101787FE1F2310F710B3
:10C0A000FD471787FE1F230CF70E9787FE1FA38FF0
:10C0B0000700930730301787FE1F231AF7001787F2
:10C0C000FE1F2317F700EF801EB89787FE1FA3847B
:10C0D000A7FC9307C01C1787FE1F231AF702978738
:10C0E000FE1F83D727CCA9831787FE1FA306F7025D
:10C0F0009787FE1F9387C7CA83D707011307B00F1F
:10C100006374F7009307B00F1396070141821787F6
:10C11000FE1F2316F7FA1787FE1F2314F7FA93065C
:10C12000E60013973600420741839785FE1F239947
:10C13000E5F89785FE1F2397E5F8ED456373B60094
:10C14000ED471786FE1F2318F6F613068014BA87EC
:10C150006374C700930780141787FE1F231EF7F42C
:10C160001787FE1F231CF7F485471787FE1FA302BE
:10C17000F7F6B70703009387C71C1787FE1F232B0B
:10C18000F7F49787FE1F23A907F4B71707069387CD
:10C1900007441787FE1F2323F7F4B70716008E0600
:10C1A000938707901787FE1F2319D7F01787FE1F65
:10C1B000232CF7F0EF807FE6EF407069EF80EF8E81
:10C1C0002244B24041016F606000411106C622C4A2
:10C1D00026C21787FE1F0347C7EF9787FE1F83C737
:10C1E00057EF6369F70001442285B240224492442C
:10C1F00041018280AA84930510201305800B97507B
:10C20000FE1FE780C01B2A8479DD1306800B814561
:10C210009740FE1FE780C07081E4C1572304F400FB
:10C220009787FE1F938707E7B84F2DEF1787FE1FED
:10C23000232C87EA1787FE1F232A87EA1787FE1F0A
:10C24000232887EA2320040005479786FE1F2382C0
:10C25000E6E80547A304E400130700F9A305E4009A
:10C260001787FE1F130787D1145358531785FE1FD6
:10C27000034545B474C438C87D57230BE40083C715
:10C28000A704A30EE4062304A4062306F40AEF8001
:10C290004FC083476406A30AA40093E73700230333
:10C2A000F40699B7F84F00C31787FE1F232287E4CF
:10C2B0002320040003C7E703050741BF011152C44F
:10C2C000178AFE1F130A0ACE83270A0006CE22CC45
:10C2D00026CA4EC656C2130780074AC82A84F8D316
:10C2E0000945EF80EFF39789FE1F9389E9C883A77B
:10C2F0000900978AFE1F938A2AD037063300D85741
:10C30000930530020545719B13671700D8D79843F2
:10C310001377F7CF98C398431377F7CF13670720A6
:10C3200098C303A70A001447D18E03260A0014C736
:10C33000B70603009386862534CA5457F59A54D716
:10C340000347E4079376F7079843137707F8558F69
:10C3500098C3EF80BE9364449D472308F400230FE5
:10C36000A4062380F4008547A38104002381F40000
:10C370007C4893F707209DCB9147A381F400834726
:10C38000E40A8346D40A78449A07D58F2302F7003B
:10C3900083C72400814685072381F4000346040BEC
:10C3A0008345D40A0345E40AEF808FCF7C4893F796
:10C3B0000740B1C303C734007C4483C6240013671D
:10C3C0008700A381E4000357A408B697A381E70080
:10C3D00083C7240078448346F4073E978357A40814
:10C3E0009206A183BD8BD58F2302F70083C724005B
:10C3F00089072381F40003C62400035744089307E8
:10C40000D00F918F9786FE1F9386C6C863D1E7240D
:10C41000834504080547930780426385E5008567E7
:10C420009387878479479387371AB3C7E70283C610
:10C43000860793E606019785FE1F2389D5CC8326C0
:10C440000A00C1658CC63387E7020607B8D283C6E7
:10C45000340093E60601A381D40078448346E407C0
:10C460003297A301D70083C624007844369723026D
:10C47000F70003C724007C44BA9703470408160753
:10C48000A382E70083C724008D072381F40083473C
:10C49000040693F7070485C703C734007C4483C6AA
:10C4A000240013670704A381E40003475401B697EF
:10C4B000A381E70083C7240085072381F400834715
:10C4C000C4070547C11793F7F70F6366F70603C95B
:10C4D000240015469785FE1F938525CC93073900C8
:10C4E0000329C4043E99A1472300F9009307800261
:10C4F000A300F900130529009740FE1FE780203BA9
:10C500000347C407C147631DF71483578408A10775
:10C510002311F408C547230EF40683472408A30318
:10C52000F90083572408A1832304F90083C724005A
:10C53000A5072381F40003564408014931C203C70B
:10C54000240068448325840A930737003E9583C7F7
:10C550003400C18B6380071279593309E94013799C
:10C56000F90F4A869740FE1FE78060348327840ACC
:10C57000CA973CDC83574408B38727412319F40644
:10C5800003C724009377F70385073E991379F90FC2
:10C59000A30824012381E4007C44A380270183268F
:10C5A0000A00930770F9A305F400DC42F99BDCC292
:10C5B0009787FE1F9387C7A49C43E1C70347A40046
:10C5C00003A5090037060082BA9783C707005855AC
:10C5D0007D169395870193F7F703E185E607718F41
:10C5E000D98F5CD51307A00383A70A006359B70A44
:10C5F000F84F37060007518FF8CF83A709000327AC
:10C60000C4088145172500001305A52E98C70327E8
:10C610000409D8C39787FE1FA38307969787FE1F39
:10C62000238007967C44BCDEEF808EA40346140171
:10C63000834504086244F240D2444249B249224A46
:10C64000924A014505611753FE1F6700E3B883C78F
:10C65000860793F7F70E1787FE1F2309F7AA05BD74
:10C660000357840883572408998F0947E347F7EA5B
:10C67000C94755B59740FE1FE7806023034944082A
:10C6800001B78305840603A509003706008293F7E6
:10C69000F503139797015C557D16F18F91B713073A
:10C6A0002002635AB700F84F370600F97D16718FE4
:10C6B0003706000589B7370700F91306F7FFF84F6B
:10C6C0006945718F37060003E347B5F2370600016D
:10C6D0001DB79786FE1F9386E68C8C42411122C4BB
:10C6E00026C206C64AC093078007FCD19787FE1F63
:10C6F000938787889C432A8437053300D857719BDA
:10C7000013671700D8D798431377F7CF98C3984388
:10C710001377F7CF1367072098C31787FE1F1307F8
:10C72000A78D18431047498E10C73706030013061C
:10C730008625B0C95057759A50D70347E40713763A
:10C74000F7079843137707F8518F98C364449D47C0
:10C750002308F4002380F4008547A381040023818B
:10C76000F4007C4893F7074085CFA147A381F400EC
:10C770007C440357A4082382E70083C7240078443D
:10C780000346F4073E978357A4081206A183BD8B86
:10C79000D18F2302F70083C7240089072381F40087
:10C7A00083C52400035724079307E00F8D8F63D2BE
:10C7B000E708034604080547930780426305E6003F
:10C7C00085679387878479479387371AB3C7E702CA
:10C7D0001786FE1F0346869394421366060117854B
:10C7E000FE1F2305C592416690C63387E702060700
:10C7F000B8D283C6340093E60601A381D4007844FE
:10C800008346E4072E97A301D70083C6240078440B
:10C8100036972302F70003C724007C44BA970347E6
:10C8200004081607A382E70083C724008D0723812D
:10C83000F4000356240701491DCE03C724006844B1
:10C840002C5C930737003E9583C73400C18BADCF76
:10C8500079593309E9401379F90F4A869740FE1F49
:10C86000E780E0043C5CCA973CDC83572407B3872D
:10C8700027412319F40603C7240001459377F703E2
:10C8800085073E991379F90FA30824012381E40059
:10C890007C44A3802701930770F9A305F4000346A5
:10C8A00014018345040822449777FE1FA389076C6F
:10C8B000B240924402499777FE1F2383076C4101DF
:10C8C0001753FE1F670043919740FE1FE78020FE2D
:10C8D000034924072319040679BF411122C406C65F
:10C8E0002A8426C24AC0EF40C07783578408034792
:10C8F000C40785072314F4088D47631EF70C91477E
:10C90000230EF4067C481777FE1F1307A77893E7DA
:10C9100087007CC883479707898BEDDF834797079C
:10C9200093F7C70F1777FE1FA302F77E9777FE1FB7
:10C93000938747469C438297035764089777FE1F67
:10C9400083D7474B3307F7029307003213070719C2
:10C950003357F7029777FE1F93874749DC43B306A7
:10C96000E500368663E4A60063E4F6003386F6400D
:10C97000232CC4089776FE1F83C6F643636AD60449
:10C98000158E9306D407A285170500001305E51739
:10C99000EF704EEC2285EFF07F929774FE1F938428
:10C9A000646FEF70BFFF83C78407C18BCDC383C79C
:10C9B000840793F70702E5DF83C78407228593F78F
:10C9C000F70C1777FE1F2303F774EFF09FD0E1BF3A
:10C9D000958F3E967DB71779FE1F1309A93B8327D4
:10C9E00009008297AA84832709008297E38DA4FE19
:10C9F0008327090083248409829763E0A406338592
:10CA0000A4409777FE1F83C7173B9774FE1F83D4FC
:10CA1000643E63E3A70029E98357640813070032E3
:10CA20001776FE1F1306863CB38797025042938702
:10CA30000719B3D7E702032784093E97BA866364D0
:10CA4000F7006364C700B306C740232CD408B24084
:10CA5000224492440249410182809777FE1F9387C6
:10CA6000E738DC43BE9461BF9777FE1F83C7176A20
:10CA700093E717001777FE1FA30AF76837470F00E1
:10CA800013070724B335E5029777FE1F9387875175
:10CA900003A90700B707080026862324F90081466A
:10CAA0003305E502EF70201106052326A906177746
:10CAB000FE1F1307275E83479707898BEDDF8347A8
:10CAC00097071776FE1F13066632504293F7C70F7B
:10CAD0001777FE1FA30CF762835764081307003211
:10CAE000B387970293870719B3D7E702032784090F
:10CAF0003E97BA866364F7006364C700B306C74015
:10CB0000232CD40841BD8347C507B1CB411122C4B2
:10CB100006C626C249472A84639CE70203572508B4
:10CB2000835785086316F7029304050A154697751F
:10CB3000FE1F9385856626859740FE1FE78020D7D8
:10CB40002685EF4020789147A300A408230EF40621
:10CB500022852244B240924441016FF01FD8828066
:10CB60008347E501411122C406C69907A308F500D1
:10CB70007C4511472308E5002380E7007C450347F7
:10CB800015012A84A380E70083475503858B91E72D
:10CB90000347450389476319F70078448347070033
:10CBA00093E707042300F7006844930564031946DC
:10CBB00009059740FE1FE78080CF68440356E401D3
:10CBC0004C5421059740FE1FE78060CE930730F953
:10CBD000A305F400B24022444101828041114AC0C1
:10CBE0001779FE1F1309094B8327490B06C622C478
:10CBF00026C299E3054505AAAA84EF703FDA832788
:10CC0000490B8297EF40201D2A846DD5DC50AC483B
:10CC10002324F50803C7B4009307A009631BF7108A
:10CC200085472300F51483C734062303F514A303B3
:10CC3000F51483C7F50003C705010148A2074207A1
:10CC4000BA9703C7E5001546F905BA9703C735FF3C
:10CC5000130584136207BA97232CF40883C755FF82
:10CC600003C765FFA2074207BA9703C745FFBA97F4
:10CC7000232EF40883C775FFA30BF40283C795FF27
:10CC800003C785FFA207D98F231CF40283C7B5FF12
:10CC900003C7A5FFA207D98F231DF40283C7D5FFC1
:10CCA00003C7C5FFA207D98F231EF40283C7F5FF70
:10CCB00003C7E5FF232E0413A207D98F231FF40215
:10CCC0008147232CF4129740FE1FE78040BEB848EE
:10CCD00083473702FD8BA30AF40203473702ED179F
:10CCE00093F7F70F15832308E4022D476368F702D3
:10CCF0008357A40305679306A7C7E917C207C18333
:10CD000063EEF6008356C4039307301F63E8D70031
:10CD10008357E403130707C8637EF70203558400B3
:10CD2000EF40E0290145B2402244924402494101CA
:10CD300082808327890D13971701E35C07EEFC447B
:10CD400003C7070083C70500F98F9583858B2300F0
:10CD5000F514C5B58327890B228582978327090E91
:10CD600003558400294693F7072091E30546930570
:10CD70000008EF50C0058327890D139717016359E9
:10CD8000070003558400514693050008EF50200426
:10CD900083274905FC4B13974700E35D07E403C570
:10CDA0008400A38B0400494693050008EF5020023D
:10CDB00091B5411122C406C626C24AC09777FE1F0C
:10CDC00083C7572D2A848DEB0347040185476316DB
:10CDD000F70E8347D40303475404858B631DF70C78
:10CDE0001946930564041305E4039740FE1FE7808A
:10CDF00080B7B334A00091A883475504CDC78347BB
:10CE0000B5041307000493F7070C639EE70808595D
:10CE100021C513096404CA851305A502EF50400D0E
:10CE20008547AA84631AF502085889472302F40447
:10CE3000834735001946CA8593E72700A302F40407
:10CE400051059740FE1FE78080A6B2402244268508
:10CE500002499244410182800347040185476304EB
:10CE6000F70483470406918B9DEF8347C40385EF46
:10CE7000130544049750FE1FE780C00D08D805C570
:10CE800089472302F4048347350019469305640457
:10CE900093E72700A302F40451059740FE1FE780A3
:10CEA00000A185445DB78347C403898B91DF1C587B
:10CEB00083C7170091FB814449BF83470406918BC8
:10CEC00089FB8347D40013F717000DC38346340151
:10CED0000D47639DE60068402C442244B2409244D2
:10CEE000024941011743FE1F670083EE898BD5DBA2
:10CEF000034734019547E316F7FAF1BF41119777DD
:10CF0000FE1F2385072022C4930710F906C6A30538
:10CF1000F5009777FE1F9387672A80430DC08545EC
:10CF20001775FE1F034575E2EF702EFE930710275D
:10CF30003305F50222832244B24041010283B2400C
:10CF40002244410182808347A50199C70347A50078
:10CF50006314F7006FF09FFA0347950111CF8346E2
:10CF6000A5006382E6022305E50089451775FE1FCB
:10CF70000345B5DD6F700EA0F1DF0347A50079FB17
:10CF80002305F500DDB7F9D7E5BF2C49314783C745
:10CF9000150093F7F7032309F5006386E70093076D
:10CFA00000083E85828083C705000D47BD8BA3091D
:10CFB000F500E396E7FE41114AC01309650322C458
:10CFC00019462A84A1054A8506C626C29740FE1F37
:10CFD000E780609991470DC52C48130564041946F4
:10CFE00083C7050089059987858BA302F4049740C0
:10CFF000FE1FE780C08B2285EFF0BFDB09E9A14768
:10D00000B2402244924402493E8541018280130588
:10D01000000483044401EF908EA662056185E3C09D
:10D02000A4FE64449D472308F4002380F400854750
:10D030002381F400A381F400CA85194613854400B6
:10D040009740FE1FE780A08683C7240003C73400F3
:10D050000149990793F7F70F136787002381F400BD
:10D06000A381E4007844BA970357C406A381E7007C
:10D0700083C724007844834614063E978357C4062A
:10D080009206A183BD8BD58F2302F70003C724002E
:10D0900009071377F70F2381E4008356E401D5CE07
:10D0A00083470406795993F7070491C375593309E7
:10D0B000E9401379F90F6372D90A034634067519EA
:10D0C00085461379F90F930780426305D60085677B
:10D0D00093878784F9469387371AB3C7D7021776A1
:10D0E000FE1F0346A602136606019775FE1F238FD7
:10D0F000C5001776FE1F1306E6EA1042C1650CC68E
:10D10000B386D702860634D283C6340093E606017E
:10D11000A381D4007444034624063697A301C700B4
:10D1200083C62400784436972302F70003C72400FF
:10D130007C44BA97034734061607A382E70083C7E7
:10D1400024008D072381F4005C54CA973CDC83578C
:10D15000E401B38727412319F4068347040693F7B4
:10D16000070485C703C734007C4483C624001367C3
:10D170000704A381E40003475401B697A381E700A5
:10D1800083C7240085072381F40003C524000356C8
:10D19000E4014C549307350068443E952DCE636CF2
:10D1A000C9069730FE1FE78080700349E40103C77A
:10D1B00024009377F70385073E99A3082401238170
:10D1C000E40083475403858B91E703474403894771
:10D1D0006319F70078448347070093E707042300A7
:10D1E000F7007C4483451401A380B700034534064F
:10D1F000930790F9A305F400EF704FD7034614018D
:10D20000834534060D459740FE1FE780E0FCEF7034
:10D21000EFF88147F5B34A869730FE1FE780206913
:10D2200079B72C491307200283C7150093F7F7033A
:10D230002309F500639CE714411122C406C626C2E7
:10D2400083C7050015472A84BD8BA309F500639C9D
:10D25000E7021946A105130565039730FE1FE78015
:10D2600080709147630E05102C481946130564041D
:10D2700083C7050089059987858BA302F40497303D
:10D28000FE1FE780C0622285EFF0BFB2A1476DC9E3
:10D290009774FE1F938484B59C4082979307E501A1
:10D2A0003E87D44063E4A70063E4D7003387D740C8
:10D2B0006444A1472308F40058D02380F400854734
:10D2C0002381F400A381F4001946930564031385B8
:10D2D00044009730FE1FE780805D83C724009907D4
:10D2E0002381F40083C7340093E72700A381F4006F
:10D2F0008347540481CB78448347070093E707F8BA
:10D300002300F7001946930564041385A4009730A1
:10D31000FE1FE780C05983C72400990793F7F70FD2
:10D3200013F7F7030507A308E4002381F4008347FC
:10D330005403858B91E70347440389476319F7003A
:10D3400078448347070093E707042300F7007C44F1
:10D3500083451401A380B700034534069307A0F961
:10D36000A305F400EF708FC0034614018345340613
:10D370000D459740FE1FE78020E6EF702FE28147C2
:10D38000B240224492443E854101828093070008C6
:10D390003E85828041114AC01779FE1F130989C05A
:10D3A0008327090022C41307800706C626C2F8D3C4
:10D3B0002A840945EF70CFE69777FE1F9387C7BB96
:10D3C0009C439775FE1F938525C3D857719B1367A0
:10D3D0001700D8D70326090058421367170058C210
:10D3E0001777FE1F1307C7C11843630A0718834640
:10D3F000A400370500827D15369703470700D457F0
:10D40000131887011377F703135888416607E98ECD
:10D41000558FD8D79306A003984163DE0617744F43
:10D4200037050007C98E74CF98431377F7CF98C399
:10D4300098431377F7CF1367072098C39841B70530
:10D4400033001447CD8E14C7B70603009386862594
:10D4500034CA5457F59A54D7034724069376F707EE
:10D460009843137707F8558F98C337C7898E1307EA
:10D4700067ED98C737575500644413075755D8C30D
:10D480009D472308F4002380F40085472381F4009E
:10D49000A147A381F4007C440357C4062382E7001C
:10D4A00083C724007844834614063E978357C406F6
:10D4B0009206A183BD8BD58F2302F70003C52400FC
:10D4C0009307E00F09051375F50F2381A400035698
:10D4D0002407898F63CFC7047C442C5C0D053E95DF
:10D4E0009730FE1FE780A03C03C724008347240732
:10D4F0009376F7038507B697A308F4002381E40029
:10D5000083475403858B91E7034744038947631995
:10D51000F70078448347070093E707042300F700E8
:10D520007C4403471401A380E700930780F9A30517
:10D53000F400832709007844B8DF9777FE1F83C77C
:10D54000A78B81EB8145171500001305853AEF7015
:10D550002EB2034614018345340622449777FE1FFA
:10D56000A38F07A0B240924402499777FE1F2389F8
:10D5700007A0014541011743FE1F6700E3C50308EB
:10D580008406370500827D151377F80393169701FB
:10D59000D857698FB5BD9306200263DA0601744F30
:10D5A000370500F97D15E98E37050005A5BDB706DD
:10D5B00000F91385F6FF744FE948E98E370500033B
:10D5C000E3C208E737050001B1BD397152D4177ABB
:10D5D000FE1F130A2A9D03260A0022DC26DA06DE35
:10D5E0004AD84ED6930780077CD29777FE1F938741
:10D5F000A7989C43B70533002A84D857719B1367BB
:10D600001700D8D798431377F7CF98C39843137769
:10D61000F7CF1367072098C31777FE1F1307C79D1F
:10D6200018431447CD8E14C7B7060300938686258A
:10D6300034CA5457F59A54D7034725069376F7070B
:10D640009843137707F8558F98C364459D4723087F
:10D65000F50085462380F400A38104002381D400D3
:10D660008347F5050D476385E7001947639BE74C42
:10D670008547A381F400194693056403138544008C
:10D680009730FE1FE780A02283C7240099072381DB
:10D69000F4000347F40599476316F70483C7340081
:10D6A0001385A40093E72700A381F4008347540364
:10D6B000898B6382071E0C5883C72501638D071C65
:10D6C0001946D1059730FE1FE780601E78448347D6
:10D6D000070093E707F82300F70083C724009907A2
:10D6E0002381F40083C7340003C7240093E7870035
:10D6F000A381F4007C44BA970357C406A381E700D2
:10D7000083C724007844834614063E978357C40693
:10D710009206A183BD8BD58F2302F70083C7240017
:10D72000890793F7F70F2381F4008356C4016386BA
:10D7300006180347040679591377070411C375596E
:10D7400078483309F9401379F90F118B01C739195A
:10D750001379F90F8149637FD90883463406751917
:10D7600005471379F90F930980426385E6008569BF
:10D770009389898479479389391AB3C9E9029776DD
:10D78000FE1F83C6A69893E606011776FE1F230F99
:10D79000D69683260A00416690C63387E9020607BB
:10D7A000B8D203C7340013670701A381E4007844AB
:10D7B00083462406BA97A381D70003C724007C447C
:10D7C000BA972382370103C724007C44BA970347E2
:10D7D00034061607A382E70083C724008D07238140
:10D7E000F4001C54CA973CDC8357C401B38727411B
:10D7F0002319F4067C48914613F7C700630BD70042
:10D80000B1466318D720834614060347F407639292
:10D81000E620A18BCDCB9767FE1F9387A7579C432C
:10D820008329840982971767FE1F1307275C63E922
:10D83000A908B7470F003385A94093870724B3355C
:10D84000F5020356870081463305F502EF60A036E6
:10D85000AA89B7074B00138749ED9387B7C763EAD7
:10D86000E71A4946814568009730FE1FE780400B64
:10D87000B7C70300938737FC63CD370DBD09F94760
:10D88000B3C9F902B2477977F98FCE0993D9390133
:10D89000B3E93701FDA08347D40381CB78448347A4
:10D8A000070093E707F82300F70019469305E40300
:10D8B0009730FE1FE780A0FF0DB5814901491DBFCC
:10D8C0005C43BE99BDB783C7340083463406C18B21
:10D8D0009DC3F9470547B389F90283572407639924
:10D8E000E600938787078587BE999389492995B76D
:10D8F00093870707D5BF83C724000357C401054694
:10D900003E979307070F6395C6009307870F858798
:10D910001767FE1F0347977F136717001766FE1FE1
:10D92000A306E67E03270A0037060800938987527C
:10D9300010C7938757547946B3C7C702B387C70246
:10D9400086077CD7834714062300D408A30FF40668
:10D9500009B7B7872500138737ED634637031307E9
:10D96000C01293896909B3C9E902B247896613876E
:10D97000F6FFD58F33F7E900F979B3F93701B3E949
:10D98000E9004EC619A863C837178357C1006977E5
:10D99000F98F1167D98F2316F10083576408684403
:10D9A0006C00139707018357C100D98F3EC68327A8
:10D9B000040A0327C4083EC88327440A13168700B5
:10D9C000618393F6F7019767FE1F83C7D76C9D8B22
:10D9D0009607D58FD18F3ECA832704094946A207EF
:10D9E0005D8F835784083ACC231EF10083C724003F
:10D9F0008D073E959730FE1FE78060EB83C73400AC
:10DA000093E70702A381F40083C72400C907238199
:10DA1000F4008347040693F7070485C703C734005F
:10DA20007C4483C6240013670704A381E4000347F2
:10DA30005401B697A381E70083C72400850723819B
:10DA4000F4000356C40161EA014983C624008347F8
:10DA5000E40513F7F60305073A999A07D58FA3084B
:10DA600024012381F40083475403858B91E7034706
:10DA7000440389476319F70078448347070093E715
:10DA800007042300F7007C4403471401A380E70048
:10DA9000930760F9A305F400784483270A00B8DFF0
:10DAA0009767FE1F83C7473581EB81451715000037
:10DAB000130525E4EF60DEDB03270A009767FE1FEE
:10DAC000A38F074A9767FE1F238C074A5C430145D3
:10DAD00093E717005CC3034614018345340697306F
:10DAE000FE1FE780606FF2506254D2544259B2591F
:10DAF000225A21618280B787DAFF93876709BE992E
:10DB00008347D10093F7F7F993E70706A306F100DF
:10DB10009307C012B5B303C524000C549307350016
:10DB200068443E956369C9009730FE1FE78020D89E
:10DB30000349C40119BF4A869730FE1FE78020D7EA
:10DB400029B71387E7FF1377D70F6310071CA3814B
:10DB5000D400930565031946138544009730FE1FD2
:10DB6000E780E0D483C7240003C734009769FE1F11
:10DB700093894952990793F7F70F13678700238119
:10DB8000F400A381E40078440149BA970357C4061E
:10DB9000A381E70083C724007844834614063E9798
:10DBA0008357C4069206A183BD8BD58F2302F7004D
:10DBB00083C624009147890693F6F60F2381D4008B
:10DBC0000347F405631CF70A83470406795993F762
:10DBD000070491C375598357C4013309D940137998
:10DBE000F90F637DF9080346340675190547137963
:10DBF000F90F930780426305E60085679387878462
:10DC000079479387371AB3C7E70203C689071366B4
:10DC100006019765FE1F238BC54E03260A00C165CA
:10DC20000CC63387E702060738D203C734001367F0
:10DC30000701A381E400784403462406BA96A38131
:10DC4000C60083C62400784436972302F70003C732
:10DC500024007C44BA97034734061607A382E700E2
:10DC600083C724008D072381F4001C54CA973CDC31
:10DC70008357C401B38727412319F4068347040659
:10DC800093F7070485C783C7340003C7240093E7CD
:10DC90000704A381F4007C44BA9703475401A3818D
:10DCA000E70083C7240085072381F4000347F405B8
:10DCB0009147631AF7040356C40131C603C5240013
:10DCC0000C549307350068443E956368C902973049
:10DCD000FE1FE780C0BD0349C4010347F405914717
:10DCE000631CF72483C7890793F7070F93E757004F
:10DCF0001767FE1F230CF74089BB4A869730FE1F2B
:10DD0000E780E0BAD9BF0149C9BF93F7B70F05470C
:10DD1000E39CE7D2A381F4009305650319461385BC
:10DD200044009730FE1FE78080B883C7240099071E
:10DD30002381F40083C7340093E72700A381F40014
:10DD40008347D40381CB78448347070093E707F8E0
:10DD50002300F700834754031385A400898B638352
:10DD6000071A0C5883C72501638E07181946D10579
:10DD70009730FE1FE780A0B378448347070093E7FE
:10DD800007F82300F70083C7240003C7340097690E
:10DD9000FE1F93892930990793F7F70F13678700C0
:10DDA0002381F400A381E40078440149BA97035722
:10DDB000C406A381E70083C7240078448346140681
:10DDC0003E978357C4069206A183BD8BD58F23024D
:10DDD000F70083C624008547890693F6F60F238152
:10DDE000D4000347F405631CF70A834704067959F6
:10DDF00093F7070491C375598357C4013309D94078
:10DE00001379F90F637DF908034634067519054740
:10DE10001379F90F930780426305E60085679387BE
:10DE2000878479479387371AB3C7E70203C6890700
:10DE3000136606019765FE1F238AC52C03260A0078
:10DE4000C1650CC63387E702060738D203C7340022
:10DE500013670701A381E400784403462406BA96B9
:10DE6000A381C60083C62400784436972302F700B6
:10DE700003C724007C44BA97034734061607A382DD
:10DE8000E70083C724008D072381F4001C54CA9740
:10DE90003CDC8357C401B38727412319F406834729
:10DEA000040693F7070485C783C7340003C724001B
:10DEB00093E70704A381F4007C44BA970347540115
:10DEC000A381E70083C7240085072381F40003476B
:10DED000F40585476310F7060356C40121CE03C538
:10DEE00024000C549307350068443E95636EC902C4
:10DEF0009730FE1FE780A09B0349C4010347F40548
:10DF00008547F9BB8347D40381CB78448347070017
:10DF100093E707F82300F70019469305E4039730C9
:10DF2000FE1FE780C09885B54A869730FE1FE780C0
:10DF30000098E9B70149D9B783C7890793F7070F55
:10DF400093E7670075B301115AC0176BFE1F130BDF
:10DF50006B1483274B0A06CE22CC26CA4AC84EC66B
:10DF600052C456C26393075A2A840945EF605FABD7
:10DF70001769FE1F13090903032609009307800789
:10DF80009769FE1F938949FF7CD283A70900176A0E
:10DF9000FE1F130A6A06B7053300D857DA8A719B49
:10DFA00013671700D8D798431377F7CF98C39843D0
:10DFB0001377F7CF1367072098C303270A00144786
:10DFC000CD8E14C7B70603009386862534CA5457EE
:10DFD000F59A54D78346A40013F6F607944393F6B4
:10DFE00006F8D18E94C35C4393F7F7EF5CC301004E
:10DFF000010003270A005C4393E707105CC38347D3
:10E00000E4007844BD8B2308F4002300F7001D478B
:10E010006444639BE73E8547A38104002381F400A9
:10E020000347F4058D466313D7288357C4016394CF
:10E0300007187C481147B18B638FE7163147639807
:10E04000E700034714068347F4076306F71685477E
:10E05000A381F400194693056403138544009730A7
:10E06000FE1FE780C08483C72400990793F7F70F4A
:10E070002381F400034704061377070415C303C77D
:10E08000340013670704A381E4007844BA97034778
:10E090005401A381E70083C7240085072381F4008E
:10E0A0009767FE1F2384070683C624008347E40581
:10E0B00013F7F60305079A07D58FA308E400238119
:10E0C000F400930740F9A305F40083475403858BBC
:10E0D00091E70347440389476319F700784483476E
:10E0E000070093E707042300F7007C44034714016B
:10E0F000A380E70083260900DC4293E71700DCC217
:10E100009767FE1F9387C7EF9C436388073A0347CF
:10E11000A40003A5090037060082BA9783C7070049
:10E1200058557D169395870193F7F703E185E60728
:10E13000718FD98F5CD51307A00383270A00635C16
:10E14000B738F84F37060007518FF8CF03A70900FB
:10E15000B7C7898E938767ED1CC7B757550093875C
:10E1600057555CC389471767FE1FA30CF7E09767F5
:10E17000FE1FA38607E09767FE1F238307E07C440A
:10E180008344440681451705000013058576BCDEEF
:10E19000EF600EEE034614016244F2404249B24978
:10E1A000224A924A024BA685D244014505611733A3
:10E1B000FE1F67006302A147A381F4008357C406D2
:10E1C0002382F4008357C406034714067444A183D2
:10E1D0001207BD8BD98FA382F60003C62400054722
:10E1E00009061376F60F2381C40083C78A078326A6
:10E1F0000900631AF708034784019307E6008E07B6
:10E20000231AF4069387C708B387E702F94509453F
:10E210001768FE1F230CA8EE416588C6938707FB8D
:10E22000C207C18393877716B3C7B7021397070155
:10E23000B387B70241838607BCD283C7340093E714
:10E240000701A381F4007C443E968347240693E7AC
:10E250000704A301F60083C624007C44B6972382FA
:10E26000E70083C624007C4421837D8BB6978346D8
:10E2700034069606558FA382E70083C724008D07D6
:10E280002381F40015B5B852F94705833357F702D7
:10E29000BC52EC528583FD8BAE97FCD28D479766BE
:10E2A000FE1F2385F6E64207418341BF19466318E6
:10E2B000C70A0357C40145E7A381F400138544004E
:10E2C000930564039720FE1FE780605E83C72400E8
:10E2D0001385A40099072381F40083C7340093E7D2
:10E2E0002700A381F40083475403898BB9C70C58D6
:10E2F00083C72501B9C31946D1059720FE1FE780C2
:10E30000005B78448347070093E707F82300F70092
:10E3100083C72400990793F7F70F2381F40003477D
:10E32000040613770704E30D07D683C63400784448
:10E3300093E60604A381D40091BB8347D40381CB29
:10E3400078448347070093E707F82300F70019464E
:10E350009305E4039720FE1FE780605555BFA14752
:10E36000A381F4008357C4062382F4008357C406B4
:10E37000034714067044A1831207BD8BD98FA302F3
:10E38000F60003C62400054709061376F60F23811D
:10E39000C40083478B07832509006315F7040347EF
:10E3A00084019307F6008E07231AF4069387C708A3
:10E3B000B387E702F94609451768FE1F2308A8D46A
:10E3C000416588C5938707FBC207C183938777168A
:10E3D000B3C7D70213970701B387D70241838607D4
:10E3E000BCD1A1BDB851F94705833357F702BC51E1
:10E3F000E8518583FD8BAA97FCD19767FE1F238781
:10E40000D7D04207418315BD0547639CE708B14754
:10E41000A308F40083475403898BADC30C5883C70A
:10E420002501A9CF1946D105138584009720FE1F29
:10E43000E780E04778448347070093E707F8230025
:10E44000F700684419469305640309059720FE1FE9
:10E45000E780E04583A78A0D13971701635D0700E6
:10E460008347E400B98B81EB78448347070093E747
:10E4700007022300F700930720F9B1B18347D403C3
:10E4800099C783C7040093E707F82380F400684422
:10E4900019469305E40321059720FE1FE7802041DC
:10E4A0004DB70356C4010C541385840093076600CE
:10E4B00093F7F703A308F400C5B78305840603A503
:10E4C00009003706008293F7F503139797015C550F
:10E4D0007D16F18FB9B913072002635AB700F84FC0
:10E4E000370600F97D16718F37060005B1B9370779
:10E4F00000F91306F7FFF84F6945718F37060003DF
:10E50000E344B5C43706000181B1F2406244D2440D
:10E510004249B249224A924A024B05618280411126
:10E520009767FE1F938707B722C4A05306C6054707
:10E530008346C4006390E60283C7870711476315CB
:10E54000F7002285EFE09F9B22852244B2404101E3
:10E550006FF07F9FB2402244410182809767FE1F87
:10E56000938747B3BC4F99E33E85828003C78700FA
:10E57000E30CA7FE9C43C5BF011106CE22CC26CAE0
:10E580004AC84EC6EFF09FFD11E90149F2406244CE
:10E590004A85D2444249B249056182808347550386
:10E5A0002A8489EF19469765FE1F938525BD1305BB
:10E5B00064039720FE1FE780802FB5A80547639E60
:10E5C000E7009767FE1F83C707AD4949E1D31946A6
:10E5D0009765FE1F9385E5BAD9BF1C59A1EB834708
:10E5E000C503230A050291EB034754038547230A19
:10E5F000F4028947E317F7FC75B71305C503974085
:10E60000FE1FE780E08F08D815C1EF3030150C5899
:10E6100083C7A50081CF8947230AF4021946B105B3
:10E62000130564039720FE1FE78060280347440317
:10E630008947E31BF7FA9767FE1F83C7B7A59DCBF2
:10E640008347C40385CB83473404130700041305B1
:10E65000C40393F7070C6394E70E9740FE1FE7800F
:10E66000608F08D81C5899C783C7270181C789477D
:10E67000230EF4020349C400E31909F085478349D6
:10E68000E4002306F400A304F4009767FE1F23832D
:10E6900007A09757FE1F83C7177293940701231B88
:10E6A000F40613F7F9009947C18063F6E7040357AE
:10E6B000C4011765FE1F0345058D37460F009317EC
:10E6C0003700AA971305A00F3357A7029387970E19
:10E6D0001755FE1F03550572130606248146910443
:10E6E0002607BA97B3A5A7023305F502EF50A04C51
:10E6F000AA94231B94068357E40623180406A9C78B
:10E70000034564019307F00F6307F500EF50DEF750
:10E71000FD57230BF4000356E4069306640112062A
:10E72000A2851715000013052597EF50DEDA854501
:10E730001755FE1F03457561EF50DEA381BD97306D
:10E74000FE1FE780E07B31BF8547E392F9FE03457A
:10E7500064019307F00F6307F500EF50FEF2FD57D9
:10E76000230BF400056693066401130606804DBF73
:10E77000411122C42A84094506C6EF606FAAEF60E2
:10E78000EFA1228523060400A3050400A3040400CE
:10E79000EFE0CFF685451755FE1F0345155BEF509B
:10E7A0007EE789451755FE1F0345355AEF509EE613
:10E7B000034564019307F00F6307F500EF50DEECAB
:10E7C000FD57230BF400B2402244410182802C49C2
:10E7D000411106C622C426C24AC083C715007D4720
:10E7E00093F7F7032309F500E91793F7F70F637B16
:10E7F000F70093040008B24022442685024992445F
:10E800004101828083C70500BD8BA309F500F51780
:10E8100093F7D70FF9FF2A841946A105130565035D
:10E820009720FE1FE7802014914471D52C4885471E
:10E830002302F40483C70500194689059987858B4F
:10E84000A302F404130564049720FE1FE78020064A
:10E850002285EFE00FD685472A89E31CF5F80347A8
:10E8600034019547631FF702EF00B0689757FE1F0A
:10E8700083C7C7566377F50283470401E36BF9F654
:10E880009757FE1F938707519C438144829748D036
:10E890002285EFE0AFB4E31025F72285EFF05FEDBE
:10E8A00099BF8347040181C71947E394E7F413052F
:10E8B000000483044401EF709E9C62056185E3CAF5
:10E8C000A4F22285EFE0CFA9834514010345440655
:10E8D0008144EF50BFE903461401834544060D45CA
:10E8E0009730FE1FE780408FEF604F8B29B739715B
:10E8F00026DA9754FE1F9384E47922DCA0504AD88C
:10E900004ED652D456D25AD05ECE62CC66CA06DEFD
:10E91000314B977A0000938A2AF9914B1759FE1FC1
:10E920001309C9659759FE1F9389C9670D4C930C4C
:10E930007009130A44018347B4009387E70693F7ED
:10E94000F70F6366FB188A07D6979C43D697828792
:10E950000146930550020145EF50FFEB13065002AC
:10E96000814505459730FE1FE780008783473900C2
:10E97000858BD1C328488146528681459757FE1F13
:10E98000A38F075E9720FE1FE780E07B01E52285CD
:10E99000EFF0FFE30347B40093073009E30DF7F806
:10E9A000EF50DFFF2285EFE00FDAF2506254D254CD
:10E9B0004259B259225A925A025BF24B624CD24CE3
:10E9C0002161828083472900858B95C39757FE1F5D
:10E9D0002387075A8347040105476375F7001947E2
:10E9E000E390E7FC9307B0F9A305F400A9B783A768
:10E9F0000900FC53A9F39757FE1F238307584DB70F
:10EA000083472900858B6388073C9757FE1F23881F
:10EA1000075693844197EF507FF89C409DCBDC4391
:10EA20008DCB89472302F10083475404130561000D
:10EA30001946A302F10083474401930564042306A9
:10EA4000F1009720FE1FE78080E69C404800DC43F1
:10EA500082978347740689CF834554040345840015
:10EA600013066404EF909FF683477406898B9DFB21
:10EA70002285EFE0AFC815BF034534060146930574
:10EA80005002EF505FD98345340613065002054506
:10EA90009720FE1FE780407483473900858B638190
:10EAA000073428488146528681459757FE1FA38820
:10EAB000074C9720FE1FE780006901E52285EFE003
:10EAC0004FF60347B4009307A009E306F7E6EF50BB
:10EAD000FFEC79BF03453406014693055002EF5021
:10EAE0009FD3834534061306500205459720FE1F29
:10EAF000E780806E83473900858B6383072E284823
:10EB00008146528681459757FE1FA38A0746972064
:10EB1000FE1FE780406301E52285EFE00FC7034752
:10EB2000B4009307900955B783472900858B638408
:10EB3000072A9757FE1F23840744EF503FE683C7F9
:10EB4000840709476307F70083C784070D476315E8
:10EB5000F70283A6090003574407BC521307C712E4
:10EB6000858363FBE700930750F9A305F400BC52CB
:10EB70008583E39207DCEDBD034794018347A4013D
:10EB80001DCF8346A4006305D7286387F6002305BD
:10EB9000E4002285EFF02FBB8347790093F7F70F4E
:10EBA000E39B07D883C7840709476307F70083C738
:10EBB00084070D47E31EF7EA930750F935B5E9DFFF
:10EBC0000347A40071FB2305F400E1B783C7840762
:10EBD000E39EFBFE2285EFE05F9FB1BB83472900E8
:10EBE000858B638A071E9757FE1F238A073883C7C2
:10EBF0008407C18B85C7EF507FDA83C7840793F7FB
:10EC00000702E5DF83C78407228593F7F70C1757C0
:10EC1000FE1F230DF74EEFE0EFF731BB83C79407DC
:10EC2000858B91C7EF509FD79307E0F975BB83C7DA
:10EC300084071547BD8B639DE700EF00902B975726
:10EC4000FE1F83C7A719E374F5E89307D0F969BBE2
:10EC500083C784071947BD8BE39BE7E69307C0F999
:10EC600061B383472900858BE38707CC9757FE1F45
:10EC70002387073083C78407C18B89CBEF501FD20E
:10EC800083C7840793F70702E5DFADBF83C7940707
:10EC9000858BC9FB83C784071547BD8BE387E7FADC
:10ECA00083C784071947BD8BE38AE7FAEF501FCF6C
:10ECB000EDB9230E84072285EFD03FC28347B4000D
:10ECC000E38B97C7DDB183473900858B85CBEF5048
:10ECD000FFCC9757FE1F9387272A98433C57ED9BFD
:10ECE0003CD79757FE1F2380072A371700408357CA
:10ECF0008701C607C583231CF7009DBB83A70900B6
:10ED0000FC53E39A07C2EF507FC99757FE1F9387C2
:10ED1000A72698433C57ED9B3CD79757FE1F23846B
:10ED200007263717004083578701C607C583231C72
:10ED3000F7009757FE1F238507241DBB8347290033
:10ED4000858BD1CB9757FE1F238B072283C7840760
:10ED5000C18B9DC383C7840793F70702E5DF228534
:10ED6000EFE04FE383C7840793F7F70C1757FE1FB5
:10ED7000230EF738EF509FC22285EFE02F9893843F
:10ED800041979C409DCBDC438DCB89472302F1000A
:10ED900083475404130561001946A302F100834719
:10EDA0004401930564042306F1009720FE1FE780C9
:10EDB00000B09C404800DC43829783477406858BF3
:10EDC000E38507BE834554040345840013066404A9
:10EDD000EF90DFBFD9BE83A70900FC53E39D07B4C2
:10EDE0009757FE1F238E0718DDB19757FE1F83C765
:10EDF0000719858BF5D79757FE1F23820718EF5009
:10EE0000FFB92285EFD09FDD2285EFF07F9671BE9E
:10EE1000E38407D84DBB41119757FE1F938787277F
:10EE200022C4E04B06C626C2630A04248346C400FB
:10EE300005476395E6249756FE1F83C6961415472B
:10EE4000638BE6001757FE1F13074713034777002E
:10EE50008D46639DE6002244B24092441755FE1F42
:10EE60000345B5EE854541016F50CEB083C707001D
:10EE7000835604021757FE1F232E8726850793F714
:10EE8000F70F1757FE1F2307F720130700643347B8
:10EE9000D70263C8E700EF50FEE59757FE1F238BAC
:10EEA000071E0347E4009D476317F7048347940652
:10EEB00085CF8356040763E6F602834584009307F3
:10EEC0003004A30BF4001305300493F6F60F01464B
:10EED000EF909FAF22852244B240924441016FF0EF
:10EEE0003F8985062318D406930530020545EF5067
:10EEF000FED92301A40685471757FE1F2308F720D4
:10EF0000034784018D476319F70AEF50CE890D89B5
:10EF100001ED930770022305F40093075002A30C40
:10EF2000F4009307600231A885476310F508930742
:10EF300060022305F40093075002A30CF40093072A
:10EF40007002230DF4000347E40085479754FE1F29
:10EF500083C4B4DF6318F70E035604028545268583
:10EF6000EF50EEC083475403898BEDC78347C4033A
:10EF7000F5C30C58E5C183C7A500E9CF8947230A2B
:10EF8000F4021946B105130564039720FE1FE780BC
:10EF900000920347C407894763E2E70C22852244B5
:10EFA000B240924441016FE01FFA930750022305DB
:10EFB000F40093077002A5B789468347F4006319EC
:10EFC000D70213F7170011CF130750022305E400EF
:10EFD000898B81CF93076002A30CF400230D0400FA
:10EFE0009DB7930760022305F40093077002EDB705
:10EFF0009DC313F7170001CB930750022305F400BC
:10F00000A30C0400E1BF898B81C793076002FDB7A1
:10F0100093077002E5B783479401130740026365C5
:10F02000F7009307500201A8850793F7F70F13071E
:10F030007002E368F7FEA30CF400834794012305F4
:10F04000F40069BFB9450545EF505EC4035604029C
:10F050002A9629B78547230AF40225BF9757FE1F32
:10F06000938747D39C4383248409829763EDA4004C
:10F07000835764073385A440E372F5F2B24022441B
:10F080009244410182809757FE1F938727D6DC4325
:10F09000BE94F9BF011122CCFD5706CE230BF5001B
:10F0A0008357E5062A8485C783460507834585007F
:10F0B0009307C003A30BF50001461305C003EF90AF
:10F0C000BF9022856244F24005616FF06FEA83478A
:10F0D000E5000547BD8B6386E70083470506918BF6
:10F0E000EDD39757FE1F9387E7FA83A7070E93F791
:10F0F000072085C302C402C202C08148014881477B
:10F1000001478146054681451305C003EF907F897D
:10F110004DBF02C0814801488147014781460546ED
:10F1200081451305C003EF90BF8561BF9757FE1F50
:10F1300023A6A7088280411106C69757FE1F83C7E2
:10F14000D7C089EB17D5FFFF130585D4EF501E8973
:10F15000EFC0DFE597D7FFFF938767071757FE1FBD
:10F16000232CF7F897F7FFFF938747411757FE1FA8
:10F170002326F7F8B24097070000938707CA17576E
:10F18000FE1F232FF7F697F7FFFF9387873917574F
:10F19000FE1F2329F7F64101828011C98327050A42
:10F1A00093E707082320F50AFD572303F502828021
:10F1B0009757FE1F23A8A70082809757FE1F9387AB
:10F1C00067EDBC4B9C5799E33E85828003D787014E
:10F1D000E30CA7FE93878705FDB7011122CC06CE6D
:10F1E0002A84034565029307F00F2E866309F50014
:10F1F0002EC6EF506EC93246FD572303F4028347F3
:10F20000A402035784049306640293E707062305C8
:10F21000F40283570404A285F240BA972313F4043E
:10F22000624417050000130585F705616F50AEAA0B
:10F23000011122CC06CE2A84034575029307F00FF4
:10F240002E866309F5002EC6EF500EC43246FD57D8
:10F25000A303F40293067402A2856244F2401715D8
:10F2600000001305C5E505616F50EEA6011122CC23
:10F2700006CE2A84034585029307F00F2E86630984
:10F28000F5002EC6EF504EC03246FD572304F4025F
:10F2900093068402A2856244F2401715000013050C
:10F2A000A5E405616F502EA3B7074801ED079755F8
:10F2B000FE1F83D545E01756FE1F035686E01757FD
:10F2C000FE1F035727E09756FE1F83D606DF232E27
:10F2D000F51A2320F51C231CB51A231AC51A231B63
:10F2E000E51A231DD51A6D48AE876373B800ED4744
:10F2F000939507012314F51C6D48C181B287637390
:10F30000C800ED472312F51C13068014B6876374FA
:10F31000D600930780142315F51C93068014BA8732
:10F3200063F4E600930780142313F51C2307B50448
:10F3300082800347651489468357A51C631ED70244
:10F3400083568514938787E899C6B3C7E7029387E6
:10F3500057FD214731A02147B3C7E702938757FDE7
:10F36000B3C7E7020357851CC207C18363F3E700F5
:10F370003E872307E504828085466316D70093877E
:10F38000C7FB1147F1BF938707FBE1B78357451BC5
:10F390000357051C411106C663F3E7003E87931827
:10F3A00007018357251C0357651B93D80801637316
:10F3B000F700BA87139807018356C51B8357851B2F
:10F3C0001358080163F3D700BE860357A51B835764
:10F3D000E51B13930601135303016373F700BA8708
:10F3E00083467514C2070947C183639AE600056620
:10F3F000130606A942876370C802328729A803272B
:10F4000005109316470163CC060005661306868433
:10F410004287E36406FF1318070113580801834667
:10F4200065140947639EE6060357A5039306204E1D
:10F430003307D70293F6F80F9A061386F63C9386A5
:10F44000C64F634406019306C812158F63D3E700C5
:10F450003E87420705664183130606A9BA87637390
:10F46000C700B287C207C1830356451C13F7F80FC4
:10F470009376F30F6316E6040356651C63120605C4
:10F480000356851C631ED6020356A51C631AF6029A
:10F49000230E0506EFF0FFE90945B24041018280E5
:10F4A0000327051093164701E3C006FC0566130603
:10F4B0008684BE856373F600B2859397050165B7B0
:10F4C0000546230EC5062312E51C2313051D231430
:10F4D000D51C2315F51CEFF0DFE501457DBF035773
:10F4E000A51B8357E51B411106C66373F700BA8756
:10F4F000034665141397070189464183631BD606AB
:10F500008566938606A96373D700B68713970701AC
:10F5100041838357A51C6387E70085472315E51CB6
:10F52000230EF5060357651B8357251C6373F700ED
:10F53000BA870346751413970701894641836317F9
:10F54000D6048566938606A96373D700B68713979A
:10F55000070141838357651C6387E70085472313B1
:10F56000E51C230EF506EFF0DFDCB240014541015A
:10F570008280856713868784E37DE6F883260510FD
:10F5800093870780F58FD1F7328761B78567138638
:10F590008784E371E6FC8326051093870780F58F47
:10F5A000D5FB328745BF0357A50495470356E503AE
:10F5B000B307F7028356A50393D537406355B600CA
:10F5C000118F93173700B3C7D702C207C183231423
:10F5D000F5048280832745110D469306F00F03C77B
:10F5E00007000D8BA306E5006314C70083C6270040
:10F5F000A30BD50003C70700418B2309E50083C790
:10F600001700230BF50082808347C500CD9B23069E
:10F61000F5008280832745110347C50083C7070093
:10F62000935637408987B58F858B99C713478700D5
:10F630002306E50001458280054582808327451128
:10F640000347C50083C70700935627408D87B58FB2
:10F65000858B99E7134747002306E5000145828023
:10F66000054582808327450E85072322F50E91E705
:10F670008327850E85072324F50E8327850E93F7B0
:10F68000070891C785472322F50E2324050E8347DB
:10F69000A50293F7070491CF835705040357850408
:10F6A000BA972313F5048327450A93F7F7BF23225C
:10F6B000F50A82808327C50E85072326F50E91E77C
:10F6C0008327050F85072328F50E8327050F93F75A
:10F6D000070891C785472326F50E2328050E834783
:10F6E000A50213F7070409C793E707022305F502EC
:10F6F00082809757FE1F9387E79983A78709014563
:10F70000054791E3828083C6B7006393E600050551
:10F710009C43C5BF411122C491452A84014506C6B8
:10F72000EF50CED6231BA4041757FE1F035787A103
:10F73000854763F1E7060355A41C8357641C3746CD
:10F740000F0013060624AA97938787571745FE1FB5
:10F750000355456AB3A5A70281463305F502EF407C
:10F760008045835704040357E40583558405054603
:10F770001D8F3307B702832704091383F5FF130E88
:10F7800080023E979757FE1F9387C79083A88709EB
:10F7900063666600B2402244410182803308C6039A
:10F7A000C687FD563A9881E7231BC404E5B7631466
:10F7B000F4001C40F5DB83AEC7086398BE0083A647
:10F7C0000709B306D840B3F6B60263E4A6009C432B
:10F7D000D9BF090675BF1757FE1F0357A796854760
:10F7E00063F1E70A411122C48357651C2A8403553B
:10F7F000A51C37460F0013060624AA979387875740
:10F800001745FE1F0355055FB3A5A702814606C62F
:10F810003305F502EF40203A034654059757FE1F83
:10F820009387478783A887097D168546130380023F
:10F8300063E6C600B24022444101828033876602FB
:10F8400083270409FD553E97C68781E7231BD4040F
:10F85000D5B76314F4001C40F5DB03AEC7080328DA
:10F86000C408631A0E0103A80709B305E8406364DE
:10F870000701B305074163E4A5009C43F9B785067A
:10F8800045BF82801757FE1F0357C78B854763F517
:10F89000E70E41119747FE1F9387C77F22C403A439
:10F8A000870906C626C2A28789EB09EC230E05004C
:10F8B000B240224492444101828003C7D7016DFBCC
:10F8C0009C43DDB76314A40000406DD08347B400AF
:10F8D000D5E30327C4088327C508630DF70803474A
:10F8E000C50193070008AA84631DF7048357A40386
:10F8F000194693050008231AF506231BF5068357BE
:10F90000C403231DF5048357E403231EF5040355A4
:10F910008500EF20C04B8547A38EF40083C7C40148
:10F9200093F7F707238EF400130584062244B240B0
:10F93000924431469305F00F41011713FE1F6700F3
:10F9400023FE8357A503194693050008231AF406DE
:10F95000231BF4068357C503231DF4048357E503D3
:10F9600003558400231EF404EF2060468947A30E4C
:10F97000F4005DBF004015BF230E050082804111D9
:10F9800026C206C622C41747FE1F0357A77B85471A
:10F99000AA8463F8E71A83278510898B6383071A83
:10F9A0009747FE1F9387076F83A78709BE85ADED35
:10F9B00003D6841C01447D581306260205862D06B5
:10F9C0007D55A5EB630E04108347B4000357A403D1
:10F9D000D5EB8947231CE404A30AF4040357040667
:10F9E000835704042285BA97C1071D8B998F231F63
:10F9F000F4048357C403231DF4048357E403231E34
:10FA0000F404EFF03FD18327440A93E71700232241
:10FA1000F40A8547230AF4008D47A30EF400B24090
:10FA2000224492444101828003C7D5016DFB8C4181
:10FA3000BDBF98436394970051D7BA8783A607093F
:10FA400003A7040963E2E6023387E64083A6C408FD
:10FA500063F4E6003377D7026376A7003A856373D1
:10FA6000C700BE859C43B1BF158F83A6C70863F44A
:10FA7000E6003377D702E37707FF3A88E374C7FEDF
:10FA80003E84CDB783D7A403B3F7E702C9FB9D46F5
:10FA9000994763F5E600935717008D070567231A0A
:10FAA000F406130707C88A076353F700BA87231BB6
:10FAB000F4068357C4030355840013065002231D24
:10FAC000F4048357E40393050008231EF404C94794
:10FAD000A30EF4002244B240924441016F20202F33
:10FAE000ADC103D7A40383D7A503B3F7E702B1EBF6
:10FAF0008387C40163D707049D46994763F5E600F1
:10FB0000935717008D070567239AF406130707C854
:10FB10008A076353F700BA87239BF40683D7C4038D
:10FB200003D5840013065002239DF40483D7E40315
:10FB300093050008239EF404CD47A38EF400EF2024
:10FB40000029238E0400E1BD9747FE1F23AE076600
:10FB50009747FE1F23A0075E835765081746FE1FC1
:10FB60000356462903270509B387C70237460F0006
:10FB70009306F62313060624AA85B697B3D7C702C1
:10FB80001746FE1F034636233E96636EC7003306B4
:10FB9000C74003A7C508938695021725FE1F1305C6
:10FBA000A5FF6F402ECB9747FE1F93872724DC438A
:10FBB0003E97F1BF9747FE1F9387C7609843011197
:10FBC00026CA06CE22CC4AC84EC6AA8441CB3E895C
:10FBD0001747FE1F0357075785476311F70803D4DC
:10FBE00064089747FE1F83D7E720032505093304E0
:10FBF000F402B7470F001387F72393870724974929
:10FC0000FE1F9389A91E3A943354F402636C85064F
:10FC10009747FE1F938707189C43330485408297BC
:10FC20006366A406098C6353040001441745FE1F54
:10FC300003457518058103290900637D8504098C36
:10FC400037450F0013050524B335A40203D68900F8
:10FC500081463305A402EF3010760299930700FB2A
:10FC60002387F40083C7940262448545F240D2445E
:10FC70004249B249B395F500C205C181014505610C
:10FC80006F404ECF83A749003E9559B783A74900DF
:10FC90003E9449BF0145D1B7411106C6EF10A013EC
:10FCA00019C983278511014581E7B240410182804E
:10FCB0009C430505D5BF7D55CDBF9747FE1F938754
:10FCC000673D83A7470A411122C426C206C62A847B
:10FCD000AE846396A7009747FE1F23AF0744832790
:10FCE000041281CB03558400014693050008EF20E0
:10FCF000000E8357440481CB035584004D46930581
:10FD00001008EF20C00C0355840015469305100819
:10FD1000EF20E00BB240230A9404230504002308DB
:10FD20000400224492440145410182808347A5009A
:10FD30006383073883570508411122C406C626C2CB
:10FD400085072310F5088347F500230C05002A8456
:10FD500013F7270005E703570504954763E4E70019
:10FD6000014501A89305E003EFF03FF5A305A402C8
:10FD70000945B240224492444101828013F70702B0
:10FD800039CF93F7F7FDA307F5008327050A03474B
:10FD9000B500A305050293E747002320F50A854730
:10FDA000631FF7028357A5031306204E0327450957
:10FDB000B387C7029746FE1F83C6E6FF93860605F4
:10FDC000B3D7E702034775033307C702B697C207E5
:10FDD000C1832312F5088607BA972311F5088347D4
:10FDE0001401858BF5CB8357E40503570404639F07
:10FDF000E7288357C4038355C405034584022310B1
:10FE0000F40683475405231FB4029205A30BF402A2
:10FE100083576405F915231CF4028357A405231E98
:10FE2000F402EF40AEBE8346B400231004088357AB
:10FE300084031747FE1F0357E7FB6398061EB3872B
:10FE4000E702130700321746FE1F130626FA504238
:10FE500093870719B3D7E70203270409D1073E9711
:10FE6000BA866364F7006364C700B306C74083576C
:10FE700084052328D408231DF4028347D40181C7B5
:10FE80002285EFF05F958357A4031747FE1F0357A2
:10FE900067F693060032B387E7022311040233D6D4
:10FEA000D702B3F7D7029306204E2326C408B387A0
:10FEB000D702B3C7E7022310F402835704042312C6
:10FEC000F4028347F40093E70702A307F400834793
:10FED0001401F99BA308F40083471401898BB9C767
:10FEE0000357E41283570404B306F7401396060140
:10FEF0006343061A631CF702814701489304841385
:10FF0000232CF412232E0413154693058412268500
:10FF10009710FE1FE780A0992685EF10A03A83472F
:10FF20001401A306A412F59BA308F400834714014F
:10FF300013F7070135C78356C414035704043386E7
:10FF4000E6409315060163C80514639BE604BD9B58
:10FF5000A308F4008347A41499C7898B6387071407
:10FF600085472303F4148347B41499C7898B6381AD
:10FF700007148547A303F4142285EFF04FD6834777
:10FF8000C40799C78327040A93E707102320F40ABC
:10FF90008327040AA305040293E707202320F40A19
:10FFA0008347140113F7070221C31747FE1F1307E6
:10FFB000670E384B13068005834647001857B386F3
:10FFC000C60236978356C701035704043387E640B9
:10FFD00013160701634A06000357C4146316D700BB
:10FFE00093F7F7FDA308F4008347A40293F70704EF
:10FFF000E38807D60357640483570404E312F7D653
:020000022000DC
:10000000034704019307A0046315F70085472308FD
:10001000F40083278410C18BE38407D48327440A28
:1000200093E707402322F40A25BB834644178355F0
:100030008405A18A99CE0356040483566417035598
:10004000A403918EB386A602B3C6B602B296231B52
:10005000D41695CBB307F702130700321746FE1FDD
:100060001306C6D8504293870719B3D7E702032770
:1000700004093E97BA866364F7006364C700B30659
:10008000C7402328D408231DB402F5BB998F1397CA
:100090000701E35307E4930580022285EFF0FFC1D7
:1000A000A305A40213058002E9B12303041465BD6E
:1000B000A3030414D1B50545828005C541119305FC
:1000C000200222C406C62A84EFF03FBFFD57A305D5
:1000D000A40223080400A303F402B2402244410115
:1000E000828082800DC9411122C406C68347F50073
:1000F0002A849305E003898B91C3A145EFF0FFBBF0
:10010000FD57A305A402230804002304F402B2400F
:1001100022444101828082808327050A797122D49A
:1001200006D626D24AD04ECE52CC56CA2A84638BEB
:10013000073613F7270019CBF59B2320F50A035543
:100140008500194693050008EF1070488327040ABC
:1001500013F747004DC7ED9B2320F40A8347A40201
:1001600093F7070491CF83278410C18B99C7832706
:10017000440A93E707402322F40A2285EFF0AFC236
:100180000347B40085470346440183562406631A97
:10019000F76C8357A4031307204EB387E7020327A6
:1001A0004409B3D7E7021747FE1F0347C7C0130729
:1001B0000705BA97C207C1830347B4022312F408A4
:1001C00086072311F4089307000819C39307000456
:1001D000230EF40019E68347A40293E717002305D2
:1001E000F40281EA035584000D4693050008EF10E0
:1001F000103E23110406230A0400A30E04008327E3
:10020000040A13F787000DC303558400DD9B2320E8
:10021000F40A154693050008EF10703B8347A402CB
:1002200093E747002305F4028327040A13F7070125
:1002300039C7BD9B2320F40A8347D40403558400A7
:10024000214689C7A306040413060003930510087A
:10025000EF10F0378347C40489CF83278410C18B04
:1002600089CB8355A40422859205C205C181EFE0A4
:10027000DFF68347A40293E717002305F4028327E0
:10028000040A13F7070415CB0347F40493F7F7FBAD
:100290002320F40AA14763FBE7008347B40099E7F2
:1002A0008327440A93E707012322F40A03558400B5
:1002B000314693051008EF1090318327040A13F795
:1002C000070245CB8346B40093F7F7FD2320F40AD9
:1002D0000327C4108327841099EA1377070801CBFA
:1002E0000327440A37064000518F2322E40A93F77C
:1002F00007026383075AADE28357641B0357641CEC
:100300006304F7028346741409476391E65805674E
:10031000130707A9637AF7008327440A05671307C1
:100320000780D98F2322F40A8357A41B0357A41CE8
:100330006304F702834664140947639CE654056727
:10034000130707A9637AF7008327440A0567130791
:100350000780D98F2322F40A0355840011469305A0
:100360000008EF10D0268347A40293E71700230567
:10037000F4028327040A13F7071005C70355840006
:1003800093F7F7EF2320F40A230E04061D46930586
:100390000008EF10D0238347A40293E7170023053A
:1003A000F4028327040A13F7070809CF03558400D2
:1003B00093F7F7F72320F40A130670059305100846
:1003C000EF10F0208327040A13F7072031C393F7B7
:1003D000F7DF2320F40A83476414230F0400A29755
:1003E00003856716A301A414EF404FB22301A414A0
:1003F0002285EFE01FF40355840031469305000881
:10040000EF10F01C8347A40293E717002305F402C2
:100410008327040A139727016357070079777D170D
:10042000F98F2320F40A8327040A13970701635ADC
:100430000704834504031745FE1F0345D5C5EF4058
:100440008EFC8357A4031307204E232AA408B387E6
:10045000E70261777D17B3D7A7021745FE1F034553
:10046000859513050505AA972312F4088347A4026E
:1004700093E717002305F4028327040AF98F23204A
:10048000F40A8327040A858B91CF8347A40283450E
:100490004405228593E717002305F402EFF0FF815E
:1004A000A305A4028307141685C7030744039946CE
:1004B0003306F74063D9C63E8327440AB7061000C7
:1004C000D58F2322F40AF557A302F416A300E416ED
:1004D0008347A41613F7270045C383064403030785
:1004E000241663DCE6000327440A37061000518F08
:1004F0002322E40A1147A302E41603073416635CBF
:10050000D7000327440A37061000518F2322E40A3C
:100510007157A302E416030704161306F007630CD1
:10052000C7020346D4160345E416158F6207618798
:10053000B306A6406355D73893F607016391063892
:1005400093F7F7F893E707012305F4168357041789
:1005500085072319F4168357241799CFFD17C2076F
:10056000C1832319F41689EB035584001306000296
:1005700093050008EF10B0058347A400B9C3832793
:10058000041299CF8347A40181EF035584000146EB
:1005900093050008EF10B00301E58547230DF40033
:1005A0008357440499CF8347140381EF0355840094
:1005B0004D4693051008EF10900101E58547A3080B
:1005C000F4028347441713F7070179C7BD9B230A39
:1005D000F4168327440A898BE1E303470401D547D6
:1005E000630CF70A83471401898BDDE78144814955
:1005F00001498D4A130A500213978401618793774A
:100600003700098722970347D7178607B397FA0061
:100610007D8F638BE700268605458145EF306019A5
:10062000B3E9A9003369B9008504E39744FD0325C4
:1006300084138325C413337535012AC4B3F525010A
:1006400028002EC6EF0010488347541363EEA7001E
:10065000034544037D578547591562052C00618584
:100660003AC43EC6EF402FCD03278413A247631739
:10067000F7000327C413B2476300F70215462C00A6
:10068000130584129700FE1FE78060228327440A27
:1006900093E727002322F40A83464417A54713F75C
:1006A00096006316F70403570404835764176360C6
:1006B000F704B307F74013960701634A060283471E
:1006C00054171306000A0507B387C7020356A4038D
:1006D000DD9A230AD416B3C7C702BA97231BF416B0
:1006E0008327440A37078000D98F2322F40A8347DF
:1006F000A402E1CB918B91CF03460401C1659385A0
:1007000005A02285EFE0DFB28347A402ED9B23051D
:10071000F4028347A402858B8DC3034574029307BB
:10072000F00F6307F500EF303EF6FD57A303F40228
:100730008347A402F99B2305F4028347A402898B13
:1007400091CF8355E403034584029205F915EF30F8
:10075000FEAB8347A402F59B2305F4028347A40262
:10076000A18B85C38355E4030D4622859205F915B7
:10077000C205C181EFE0DFAB8347A402DD9B230507
:10078000F4028347A40213F7070101CF0345640273
:1007900093F7F7F82305F402EF301EEFFD5723031C
:1007A000F4028347A40213F7070201CF8355A40480
:1007B0000345640293F7F7FD2305F4029205EF3039
:1007C000FEA48347C40193F7070C89CB0347B40009
:1007D000854722856315F712EFF06F9A835704045B
:1007E000A5CB13074006B3F7E702BDE39747FE1F0B
:1007F0009387079D9C43898BA1C79734FE1F9384E1
:10080000245A985815CF9747FE1F83D7A789C20748
:100810009745FE1F83D52589DD8D254502979C5878
:100820009745FE1F83D5E587294582979C588315F8
:1008300024032D4582979C588305440331458297B4
:100840009747FE1F239F07849747FE1F23AC07840B
:10085000B250225492540259F249624AD24A456136
:10086000828093070004230EF40019E68347A40254
:1008700093E717002305F402E39F069603558400CF
:100880000D4693050008EF108054B5B2130780148D
:1008900051B4130780147DB48327440A7D7713076E
:1008A000F77FF98F45BC998FE3D4F6C28327440ABA
:1008B000B7061000D58F2322F40A8D4731B1834645
:1008C000B4168345C4163388B600635BE80013F89A
:1008D00007046317080093F7F7F893E70704ADB12F
:1008E0002A96E34AC7C68D8EE3C7E6C613F707020A
:1008F000E31307C693F7F7F893E70702B1B1EFE008
:100900007FF8E9BD01119737FE1F9387A77822CCA6
:1009100003A4070A26CA9737FE1F83D7A74D83541F
:100920006408032504094AC8B384F402B7470F00DA
:100930001387F7239387072406CE4EC652C456C2A8
:100940001739FE1F1309894ABA94B3D4F4026361BC
:1009500095049739FE1F9389E94383A70900B304DF
:100960009540829763EAA402898C63CB0402835783
:100970000404A30F040085072310F4048347041420
:100980006395071222859710FE1FE78060261DA23F
:10099000832749003E9575BF83274900BE94E9B778
:1009A00083A70900829703278408636AE50A198DE3
:1009B0008357E4031737FE1F0357C7438E07B387D8
:1009C000E7021307003293870719B3D7E70263EDF5
:1009D000A708374A0F00930AFA23130A0A248357F9
:1009E000040485072310F4048347041491E7228547
:1009F0009710FE1FE780C01F2285EFF02FB3631111
:100A00000526832604098327C40803274900B697CF
:100A10003E8563E4D70063E4E7003385E74083471E
:100A2000F401835464082328A4088507A30FF40065
:100A30009737FE1F83D7073CB384F402D694B3D410
:100A40004403636C9504B304954083A7090082971F
:100A500063E9A4043385A440E34305F809BF832771
:100A60004900998F3E95A9B7A1452285EFF0EFA4E3
:100A7000A305A4029737FE1F9387873203A30703BA
:100A80006300031E6244F240D2444249B249224A02
:100A9000924A8945154505610283B3049740AA949B
:100AA0006DB783274900BE9475B722859710FE1F46
:100AB000E780601E2285EFF06FA76313051A835746
:100AC00064081735FE1F0355E532B7460F00B3879C
:100AD000A7021386F6239386062403270409230B13
:100AE0000402032A4900B297B3D7D7026363F71809
:100AF000B307F7408326C4082324F408814AB38748
:100B0000E600BE8463E4D70063E44701B384474151
:100B10008357040223289408B1CB83560404035757
:100B2000440237460F002312D4023387E640B387CE
:100B3000E702035724021306062481468145BA972B
:100B4000C207C1833385A7022311F402EF30A00648
:100B500011CD2695B3349500AE94AA8763949A007C
:100B600063644501B30745412328F40883A70900BE
:100B70008297AA8483A709008297E30D95FE83A735
:100B8000090083248408829763EAA40E3385A44075
:100B900063040510835764089739FE1F83D989259C
:100BA000B7440F00B38737031387F42393840424D7
:100BB000BA97B3D797021737FE1F0347D71FBA97C5
:100BC00063ECA70CB3359502035924024E86814687
:100BD00033059502EF20307E330AA900330539032F
:100BE00037460F001306062481468145EF20B07C6E
:100BF00005C1B33795024E868146B385B40233856D
:100C0000A402BE95EF20307B3305A9402311A40236
:100C10003545EF30FFE09737FE1F23AD8750034780
:100C2000B40085476310F706930700FD2307F4001F
:100C300081459737FE1F9387A7598843060AEF30EF
:100C40003EC395471737FE1FA30DF7329737FE1F98
:100C5000938747359C433707100098C723A8470759
:100C6000F2406244D2444249B249224A924A056162
:100C70008280B3064701B387F640ADBD83274900A4
:100C8000BE9429B7930710FC2307F40081459737DA
:100C9000FE1F9387E72D55B79737FE1F23AC0748F4
:100CA0008347940285456244F240D2444249B249A6
:100CB000224A924AB395F500C205C18101450561FA
:100CC0006F304ECB411122C406C62A84832784117B
:100CD000DDEF83270412F1EF0325041109C5970006
:100CE000FE1FE780E07C034574029307F00F630466
:100CF000F500EF307E99034564029307F00F63041B
:100D0000F500EF307E98034584029307F00F6304EB
:100D1000F500EF307E97034594029307F00F6307C9
:100D2000F500EF307E96FD57A304F40203558400CE
:100D300079249737FE1F83D7E740B1E79737FE1F27
:100D400023A407489737FE1F9387470ADC431737CA
:100D5000FE1F2327F73E9737FE1F938767049C47A4
:100D60009DC39737FE1F938727FE885309CD9700B1
:100D7000FE1FE780E0739737FE1F23A707FE973714
:100D8000FE1F23A507FEB240224441018280C843D2
:100D900009C59700FE1FE780A0718327841103D740
:100DA000A700136707F02395E7009C43232CF4105A
:100DB00031BFC84309C59700FE1FE780606F8327D6
:100DC000041203D7A700136707F02395E7009C439D
:100DD0002320F412FDBD9737FE1F9387A72B83A70F
:100DE000870999E33E85828003D78700E30CA7FE3D
:100DF0009C43C5BF9737FE1F9387C72983A7870AE0
:100E0000C1669735FE1F83C595FA0147FD1603D6C7
:100E1000A7006309A6006307D6000507C107E3D84A
:100E2000E5FE81473E8582809737FE1F93878726A0
:100E300083A7870AC9E31735FE1F035585281305C5
:100E400015029737FE1F83C797F615858507160588
:100E500092073E954205411141819305B02006C697
:100E60009700FE1FE780A05505C59736FE1F83C675
:100E700016F4138716009737FE1F23A1A72C12071D
:100E80002A978147130640F5930520F563D5F600B0
:100E9000B2404101828099EB2315B50058C1850706
:100EA000C207A3040500C1834105CDB72315C500C2
:100EB00023220500EDB782804111930530261305EA
:100EC000001D06C622C426C29700FE1FE780204FE1
:100ED0001306001D81452A849700FE1FE78040A469
:100EE000014515C89734FE1F9384C41A83A684094C
:100EF00095CA3687854703568700630EF606184362
:100F00007DFB2314F400A9EB22859700FE1FE780E8
:100F1000205A03558400B240224492444101828009
:100F20003687D1BF85472314F4001737FE1F232FC0
:100F3000871E1737FE1F232D871E1737FE1F23130B
:100F4000F720EFF07FEE83A7C40923A00700230555
:100F500004002307040075BF83A7C40980C3973723
:100F6000FE1F23A7871C83D7040B85071737FE1F97
:100F7000231AF71CC9BF138717009317070113160D
:100F80000701C183E35E06F88147A5BF9737FE1FBF
:100F90009387471003A5870A11CD411106C6970014
:100FA000FE1FE780E050B2409737FE1F23A80718C6
:100FB000410182809737FE1F23A2071882804111CA
:100FC00022C41734FE1F1304E40C8326840906C6CA
:100FD0000147B687A5C703D687006317A60615EF96
:100FE00098429736FE1F23A3E6143E859700FE1F06
:100FF000E780004C8327C40923A007009737FE1F12
:1010000083D747149DE7EFF07FF89737FE1F23AF94
:101010000710B2402244410182808326C4096397AD
:10102000F6009736FE1F23A5E610C1B7944314C3FC
:101030006DBFFD171737FE1F2316F7109737FE1FDA
:1010400083D74710F9F7C1B73E879C4361B7714614
:1010500081451735FE1F1305650D1703FE1F670039
:10106000238C8327C50803568508797193D6070119
:10107000BD8EC206C182358E1357764093575640B7
:10108000898B058B5D8F93573640918B5D8F93577E
:101090001640A18B5D8F93171600C18B5D8F931740
:1010A000360093F707025D8F93175600935586001D
:1010B00093F707041E065D8F1376F60F518F93D7B3
:1010C000554013D63540118A898BD18F13D6754080
:1010D000D18F13D61540218AD18F13961500418ADE
:1010E000D18F1396350013760602D18F13965500D3
:1010F000137606049E05D18F93F5F50FCD8FA207C9
:1011000045465D8F3307C70222D42A8426D252CCAB
:1011100056CA032A040A832A440A5AC806D63697AE
:101120004207418393577740135557400989858B70
:10113000C98F135537401189C98F1355174021891D
:10114000C98F131517004189C98F131537001375FF
:101150000502C98F131557009355870013750504B1
:101160001E07C98F1377F70FD98F13D5354013D7C3
:1011700055401189098B498F13D57540498F13D577
:1011800015402189498F139515004189498F139581
:10119000350013750502498F139555001375050425
:1011A0009E05498F93F5F50F4D8F2207D98FB38791
:1011B000C7024AD04ECE5EC662C4B697C207C1838C
:1011C00013D7774013D557400989058B498F13D51D
:1011D00037401189498F13D517402189498F1395BD
:1011E00017004189498F1395370013750502498F00
:1011F0001395570093D58700137505049E07498FF3
:1012000093F7F70FD98F13D5354013D75540118970
:10121000098B498F13D57540498F13D51540218906
:10122000498F139515004189498F13953500137522
:101230000502498F13955500137505049E05498FC6
:1012400093F5F50F4D8F2207D98FB387C702130689
:1012500050025285D685B697BD8E93940601C18003
:1012600033F6C402137BF60FEF20E05105891DE928
:101270008347140801498149B3849702130C500233
:10128000C1804A865285D685EF20E04F0589937B41
:10129000F90F11C563863403850993F9F90F050920
:1012A000E31189FF230F6407B2502254925402596C
:1012B000F249624AD24A424BB24B224C456182808B
:1012C0005E8BCDB783471500034725008346450055
:1012D000A2074207BA9703470500FD8A0548BA9757
:1012E000034735009305000201456207BA9701479D
:1012F0003316E8007D8E01C605051375F50F050749
:10130000E318B7FE8147214633D7F640058B01C766
:1013100005051375F50F8507E398C7FE8280011157
:1013200052C656C4032A8513832AC51322CC26CA63
:101330004AC806CE2A84A30B0512A30605128144CF
:101340001309500226865285D685EF20C0430589B1
:1013500011C58347D4128507A306F4128504E393CD
:1013600024FFF2406244D2444249324AA24A056113
:1013700082801737FE1F0347D7C09547630BF700DE
:101380009737FE1F938787BF83C777000D47631F7B
:10139000F7009737FE1F83C7F7BE639707149307BD
:1013A00070101737FE1F231FF7BC8280011197377B
:1013B000FE1F938727CE0D4526CA4AC806CE03A92D
:1013C000070922CC4EC69734FE1F9384E4BAEF304F
:1013D0002FE59840B7C7898E938767ED1CC7B7572D
:1013E0005500938757555CC30347A9039307F00F34
:1013F0006305F700FD57230DF9029739FE1F938906
:1014000069BA03A709008547A30CF9025C430145AB
:10141000014693E717005CC3930720FB2303F90001
:101420009D471737FE1FA30EF7B49737FE1F23877C
:1014300007B4930550029737FE1F238307B4173470
:10144000FE1F130464BBEF300FBD184001455C570D
:10145000F59B5CD783475900944013F7F7079C42EC
:1014600093F707F8D98F9CC29737FE1F83C7C79899
:1014700091C79737FE1F938767D58843EF30AEC07B
:101480009840B70633001C4393F7F7CF1CC31C43A7
:1014900093F7F7CF93E707201CC31C409847558F5D
:1014A00083A6090098C73707030013078715B8CA32
:1014B0001737FE1FA30607AC1737FE1FA30007ACA4
:1014C000054798C2D8431377F7EFD8C3010001004E
:1014D00018405C4393E707105CC3F2406244D24477
:1014E0004249B249056182808280411126C2973407
:1014F000FE1F9384648522C42A8403C53400C14539
:1015000006C6EF302E9103C5340093050002EF307C
:101510006E909737FE1FA38607A6230204002313AD
:101520000400B24022449244410182804111973725
:10153000FE1F938727B622C406C61737FE1F034730
:1015400077A403A407099737FE1F938727A301CF2A
:101550009736FE1F83C606A30D476396E60017372E
:10156000FE1FA30107A203C77700A1466387E60019
:1015700003C777009946639DE60083C77700173756
:10158000FE1F2301F7A085471737FE1FA30CF79E08
:10159000EF30CFC02285EFF05FF5130630029305E0
:1015A00000080145EF00B002034504049307F00F63
:1015B0006307F500EF304E8DFD572300F404B24071
:1015C00022444101828001458280411106C6EFF02C
:1015D0009F80B240133515000605410182806FF0EF
:1015E000DFFE411106C6EFF00FFF0DC10357C50521
:1015F0008356A505035665078355450703558500A2
:10160000EF70AFB90145B240410182800945E5BFA5
:10161000011106CE22CCEFF00FFC59C10346B500F4
:1016200005472A849737FE1F9387C7A66316E604EB
:10163000B853094515CF034604038346570483581E
:10164000E4030358C4038357A4038355840003456C
:10165000B4021307670432C00546EF706FB28347C8
:10166000F400A3050402014593E71700A307F40063
:10167000F24062440561828003A7070909456DDBDA
:10168000834657078358E4030358C4038357A403CE
:10169000835584000345B4021307670702C075BF72
:1016A0000945F9B7011122CC06CE2A84EFF0AFF23A
:1016B0002DCD8347B5020347A51523138100A3024F
:1016C000F10083479515A304E1002304F100A9E389
:1016D0008347D5150307F5152306F1008307351455
:1016E0002305F100631DF7008947A305F1004800B9
:1016F000EF706FAE0145F2406244056182800307DE
:10170000E5156314F7008547CDB7A3050100C5B7FC
:10171000834705162305F1008347B515A305F1009E
:10172000834755162306F100D9B70945E9B70111DA
:1017300022CC06CE2A84EFF00FEA29CD83070516C6
:10174000A30481002180230581001307F007638F24
:10175000E70203474503998FA305F1008347A516C8
:1017600013F7070101C72306010039A093F7070209
:1017700081CF85472306F1002800EF70AFA5014512
:10178000F2406244056182808947EDB7FD57A305A9
:10179000F100D1BF0945EDB7411106C6EFF0AFE347
:1017A00019C98345051403558500EF706FA20145E3
:1017B000B240410182800945E5BF9375F50F0111E3
:1017C0002E8506CE22CC2EC6EFC05FD90DC12A844D
:1017D00083460507B245034575010546EF70CF9E68
:1017E0000145A30B0400F240624405618280094573
:1017F000DDBF411106C6EF70EF9CB24001454101CB
:10180000828041119737FE1F9387C78822C4E05F0B
:1018100006C6094511C80355240CEF706F9A93074B
:10182000F00F2311F40C0145B240224441018280A3
:101830009737FE1F93870786FC5F99CB411113856D
:10184000070C06C6EF708F97B240014541018280B8
:1018500009458280411106C622C4EFF0CFD70DC9D9
:1018600083467514034665142A8483558500034511
:10187000B5028506050693F6F60F1376F60FEF70A0
:10188000AF930145A3050402B24022444101828086
:101890000945DDBF397106DE22DC26DA4AD8EFF0D1
:1018A0008FD3630A05168346B50005472A84972718
:1018B000FE1F9387277E6391E60CA4530945D9C484
:1018C00083C744041946898BC1CB8C5883C7A500B4
:1018D000C1C7B105280897F0FD1FE78040FD83C709
:1018E0005404138964041946898BB5CFCA8508103E
:1018F00097F0FD1FE780A0FB8C5819469105281032
:1019000097F0FD1FE780A0FA834704038358A403E0
:1019100083C654040346B400835584000345B402CF
:101920003EC48357E4031308010238103EC28357B4
:10193000C4033EC03C08EF70CF868347F400A30584
:101940000402014593E71700A307F400F250625424
:10195000D2544259216182808145280897F0FD1FA9
:10196000E78000FCADBF8145081097F0FD1FE780C0
:1019700020FB1946CA8561B783A407090945F9D434
:1019800083C744061946898BB5C393856406280826
:1019900097F0FD1FE780A0F183C744071389640710
:1019A0001946898BB9CBCA85081097F0FD1FE780CF
:1019B00000F083A5440819462810910597F0FD1FF3
:1019C000E780E0EE83A7440883C7370093E727004A
:1019D000A38AF4068358A40383C654070346B400BD
:1019E000835584000345B40202C425BF81452808FD
:1019F00097F0FD1FE780C0F245B70810814597F0CA
:101A0000FD1FE780E0F11946CA85281097F0FD1FF9
:101A1000E780E0E9C1B7094515BF411106C6EFF0FF
:101A20008FBB0DC10357651C8356451C0356A51C6F
:101A30008355851C03558500EF607FF60145B24054
:101A4000410182800945E5BF411106C622C4EFF07D
:101A50008FB80DC92A840357C5058356A5050356BB
:101A600065078355450703558500EF60DFF283471F
:101A70001401014593E74700A308F400B240224453
:101A8000410182800945DDBF411106C6EFF0AFB4C8
:101A90000DC183478519034675199305F51803553C
:101AA0008500A2075D8EEF60DFEE0145B240410187
:101AB00082800945E5BF411106C622C4EFF0AFB1EF
:101AC0000DC12A8413060510835585000345B50210
:101AD000EF60FFEB0145A3050402B240224441013F
:101AE00082800945DDBF411106C622C4EFF0AFAECA
:101AF00005CD0347B50285472A846314F700A30583
:101B000005020345B4020357C4058356A4050356D2
:101B1000840583558400EF605FE70145A305040257
:101B2000B2402244410182800945DDBF0111137595
:101B3000F50F06CEEFC09FA239C99727FE1F9387E6
:101B4000675583A7070E93F707209DC302C402C2FF
:101B500002C08148014881470147814605468145C9
:101B60001305C003EF60FFE30145F2400561828089
:101B70008346D5031307E50302C081480148814726
:101B8000054681451305C003EF609FDFF1BF09459E
:101B9000E9BF9727FE1F9387E74F03A7070909456A
:101BA00029CB83A7070E011106CE93F707208DC31B
:101BB00002C402C202C081480148814701478146F0
:101BC00001468145EF60FFDDF240014505618280FD
:101BD000835807020358A701835707058346570711
:101BE000014602C01307670781450945EF605FD9C9
:101BF000E1BF82800145828001458280014582806B
:101C000001458280014582800145828001458280B4
:101C100001458280014582800145828001458280A4
:101C20000145828001458280014582800145828094
:101C300001458280411106C622C40347050093076F
:101C400000086315F7020347150093065002854705
:101C500063E4E60697470000938747C80A073E9764
:101C60001C430355250082978147B9A093061008AD
:101C700085476313D70403471500CD466308D70E85
:101C800063E3E602A146630DD708B146630DD70AA8
:101C900095466313D70203552500EFF0CF932A84AE
:101CA00015E9894711A893060003630FD70E63EA6D
:101CB000E600E946630FD70CB24022443E8541015D
:101CC000828093077005630FF70E930717F0B33701
:101CD000F000DDB78327851195C703564504050637
:101CE000420641829C4313071600420741839DE749
:101CF0002312C40401CA835584000545EF603FC721
:101D0000231204040345B4020346440583558400AA
:101D1000EF60BFC42285EFE0FFFAB9B73A86D9B7C2
:101D200003552500EFF02F8B2A8425DD0346C504DB
:101D3000835585000345B5023336C000EF603FC2CE
:101D4000A305040215B703552500EFF0CF882A84B8
:101D500029D903572505835605050346F504835500
:101D600085000345B502EF60DFBFD9BF03552500ED
:101D7000EFF06F862A8415D50356450401CA8355B2
:101D800085000545EF60BFBE23120404A3080402CA
:101D9000E1BD03552500EFF00F84E30405F0034592
:101DA000B502EF601FBDC9B503552500EFF0AF8246
:101DB0002A84E30805EE835585000345B502EF60EC
:101DC0009FBBBDBF03552500EF603FBB71BD011137
:101DD00022CC37E400E026CA04404AC806CEB70742
:101DE00020002EC632C42A89FD8C2320F4180F103F
:101DF00000001145EF103EF11DC5B24522462311EA
:101E000025012300B500A300C500232094106244DF
:101E1000F240D2444249AA851725FE1F0345F5F238
:101E200005616F10BEFD23209410F2406244D2443D
:101E3000424911450561828041114AC037E900E0FD
:101E400026C28324090006C622C4B7072000FD8CE1
:101E50002320F9180F100000EFE0FFF711E923200D
:101E600099100945B24022449244024941018280BE
:101E700083270512230D05002A84A5C70347F50013
:101E8000058B19EF03558400014693050008EFF018
:101E90001FF439C9B7E700E023A097100145D9B76F
:101EA000D44303C6C70083C5870003558500890650
:101EB000EF60DFAC05E58327041203D7A700A384F6
:101EC0000700136707F02395E7009C432320F412D3
:101ED0008357240481C7FD172311F40483270412B8
:101EE000D5F3231104047DB78547230DF4005DB7B6
:101EF000797122D406D683C735002E8423160100BB
:101F0000A307F10083C74500100802C02307F100B2
:101F100083C755008A8502C2A306F10002C402C825
:101F200002CA02CC02CEEF206FB90347F10183470A
:101F3000040001456310F7020347E10183471400E1
:101F400001456319F7000345D101834724001D8D26
:101F500013351500B2502254456182809727FE1F29
:101F60009387471383A7870C91E382806384A7003C
:101F7000DC5FDDBF411122C406C68347A5002A8469
:101F800091C79305C5006905EF104063834724019D
:101F900091CB930544011305A4022244B2404101B0
:101FA0006F10C061B240224441018280AA862E8611
:101FB000AA85170500001305C5006F20CED197270D
:101FC000FE1F9387270D03A7870C411126C206C663
:101FD00022C4BE8411E7B24022449244410182806F
:101FE0006304A700585FFDB78347A5002A8491C703
:101FF0009305C5006905EF10605C8347240199C70C
:10200000930544011305A402EF10405B228522448E
:10201000CC58B240924441016FF05FF901114AC8B7
:102020001729FE1F1309090722CC0324890C26CA8D
:102030004EC652C456C206CEAA84014A9309450030
:10204000854A631D040E930520251305000497F0AF
:10205000FD1FE780C0362A841D4561C883C7340050
:1020600019469385440013054400A301F40097F03A
:10207000FD1FE780C083938AA401414681455685B0
:1020800097F0FD1FE780C09479ED9309A401D685F0
:1020900041464E8597F0FD1FE780C0918547230597
:1020A000F400834734009305C4004E8593E727006E
:1020B000A305F400EF1080509384A40241468145AB
:1020C000268597F0FD1FE780A0904DE19307A402BD
:1020D000A6853E854146BE8497F0FD1FE780808D32
:1020E00085472309F400834734009305440126857E
:1020F00093E72700A309F400EF10404CA30004006D
:10210000832549032285EFF07FEA63140A069727A7
:10211000FE1F23A58704232E04028347490C014593
:1021200085071727FE1F2309F702F2406244D244B5
:102130004249B249224A924A0561828003473400EB
:1021400083C734006305F700228A405CDDBD414649
:10215000CE851305440097F0FD1FE780C080E3158E
:1021600055FF4945D9B723050400B9B72309040031
:1021700071B7232E8A0245B741119727FE1F938717
:1021800067F122C403A4870C26C206C64AC0FD54C8
:1021900019ECB24022449727FE1F23A107FC972782
:1021A000FE1F238B07FA92440249410182800345B6
:1021B0000400EF206ECD0329C40323009400228580
:1021C00097F0FD1FE780C02E4A84D9B79727FE1FDE
:1021D000938747EC2382070C23A4070C6F10C0479A
:1021E000411126C206C622C4EFE01FCDAA843DC518
:1021F000EFE07FBE2A8463060512930710112315B2
:10220000F500930700FB2307F50085472308F50039
:102210009727FE1F83D7C7B9A5073E85C207C1838D
:10222000130740106374F7001305401013170501DE
:102230004183930700046374F7001305000442050B
:1022400093053025418197F0FD1FE7804017232833
:10225000A41019E903558400EFE07FD6B240224470
:1022600026859244410182809727FE1F938707D1DC
:10227000DC53228523130414232AF4109727FE1F0E
:10228000938747E103A6870D83A6C70D03D7A7034E
:1022900083C7A704232CC40E232ED40EA307F41443
:1022A000FD572310F4042313F4022314F40283478C
:1022B000E4022324C4102326D41093E707FC230749
:1022C000F4028567938787BB2315F4042312E41473
:1022D000EFD08FB31725FE1F0345C5AD2301A4140E
:1022E000EF202FBBD147A306F41693078002A30566
:1022F000F4169307006F231FF4149307F0072300CD
:10230000F416F5779387A7EB2311F416A301A41411
:102310002303A416A303A4169727FE1F239007D810
:1023200035BF854425BF411122C42A848345040357
:102330001725FE1F034535D6A307A40206C626C2ED
:10234000EF207E8C8357A4031728FE1F035888AA0A
:10235000930600323307F8029724FE1F83C4A4A516
:10236000232AA4083356D7023377D7029306204E88
:102370002326C40837460F0013060624B387D70266
:10238000B3D7A7023307D702BE948357840393843D
:10239000C417C2048507C18023129408334707037A
:1023A000B387D7022310E4028146858FB3B50703B4
:1023B00033850703EF103000832784089726FE1F1C
:1023C0009386C6A2D442AA9733B5A7002E9501E5FD
:1023D0003E8763E4D7003387D740834774032328BD
:1023E000E4081307204EB387E70286042285BE94D3
:1023F00023119408EFC05FEB2285EFD0CF9A83556D
:10240000E40322859205F915C205C181EFC01FE6DC
:102410002285EFE0DFF09727FE1F23AF87D09727B5
:10242000FE1F9387E7D99C43898B85C39724FE1FA2
:10243000938404979C5891CB8325840935458297D2
:102440009C588325C4093945829722852244B2408D
:1024500092449727FE1F239607C49727FE1F23A3A6
:1024600007C441016FD04FEE0357050889468357D3
:10247000450863F3E6000947B397E7002313F5081F
:102480006F205E87011122CC26CA4AC806CE4EC6EE
:1024900052C483476503034735012A848507230B0C
:1024A000F5021729FE1F1309E9AF8347C5009724DA
:1024B000FE1F938464AC631A075A13070004A30930
:1024C000E50003471501BD9B93E737002306F500A0
:1024D00093178701A30D0500E18763D907001377E0
:1024E000F707A308E500EF105FA639A88327850A40
:1024F00093F62700BDC6F59B2324F50A8327051014
:10250000918BA9CFEFF01EC80347B4018547631034
:10251000F706832784110347C400DC432380E700C8
:102520008327841103475401DC43A380E70003277A
:102530008411832709005843B8DF9C40B706800008
:102540009843558F98C3D857719BD8D7F2406244AF
:10255000D2444249B249224A05618280EFF03EC02E
:1025600065B793F617008DC6F99B2324F50A8327D8
:1025700004110347C4002380E700832704110347A5
:102580005401A380E70083270900032704116DB7D6
:1025900083490501054A6398491DF9C713F70701E7
:1025A00019C7BD9B2324F50AEF008F84B1BF13F731
:1025B000070201CB93F7F7FD2324F50AEF000F98EC
:1025C000A1B713F7070401CB93F7F7FB2324F50A10
:1025D000EFF0DEC015BF13F7070809CB93F7F7F745
:1025E0002324F50A2285EF106F8F39BF13F70720D8
:1025F00009CB93F7F7DF2324F50A2285EFF03ED1CC
:1026000021B713F7074001CB93F7F7BF2324F50A4F
:10261000EF004FAFD5BD13974701635C07007D778F
:102620001307F77FF98F2324F50A2285EFF09EDE4A
:10263000E1BD13973701635A07007D777D17F98F46
:102640002324F50AEFF0FEDFC1B513972701635A83
:10265000070079777D17F98F2324F50AEFF03EED17
:1026600065B52324050A21B78327450A638E071A17
:1026700093F6070481CA93F7F7FB2322F50AEFF0DC
:10268000BEA559B593F6071081CA93F7F7EF232239
:10269000F50AEFF0FEFA8DBD93F6072099CA4D8B2F
:1026A000631F070E93F7F7DF2322F50AEFF05EFEB4
:1026B000A1BD93F6074081CA93F7F7BF2322F50A1D
:1026C000EFF0FEAE91B59396470163DB06007D7790
:1026D0001307F77FF98F2322F50AEFF0DEB12DB54E
:1026E0009396370163DC06004D8B55EB7D777D17A4
:1026F000F98F2322F50AEFF0FEB839B513971701C9
:10270000635A070071777D17F98F2322F50AEFF0DE
:102710003EC9DDBB1397E700635A070001777D17B9
:10272000F98F2322F50AEFF03ECCF9BB1397B700DF
:10273000635B07003707F0FF7D17F98F2322F50A47
:10274000EFF07ED8D1B313978700635B070037079C
:1027500080FF7D17F98F2322F50AEF002F886DB3D4
:102760002322050A29B5638C09029306600463EFEE
:1027700036071307500463F9E9141307A002638AAC
:10278000E91C63673703930710026380F91A63EA51
:102790003701ED476387F914F547638AF9142285F9
:1027A00099B393075002638FF91C93077002F5B732
:1027B000130760036389E914636B37019307E00231
:1027C0006384F91E93071003E380F9DEC9BF130782
:1027D0000004638CE908930710046387F90A9307E0
:1027E0008003E39EF9FAEF104FF619AA9307A005AC
:1027F0006387F91E63E13705930750056385F90286
:1028000063EB37019307B0046388F91C9307100545
:10281000E38AF9DC69B793076005E380F9DE930783
:102820008005E39EF9F6228597F0FD1FE780C0D86A
:10283000E30C05CCADB79307B00663ED3701930702
:10284000A00663FBF92093076006E39AF9F4EF0012
:102850006F8B99A093076007E389F9DC9307600801
:10286000E39FF9F2EFF0BECC05A813974701E358B8
:1028700007F27D771307F77FF98F2324F50AEFF02E
:102880007EB92308340149B18347B5028DC7054796
:102890006398E700EFF09EEA85472308F400ADB1A6
:1028A00083270510918BD5C3BD472306F4022285EB
:1028B000EFF05E8DD5B7EF104FE98327040A93E759
:1028C00027002320F40AC9BFEF102FE88327040A4A
:1028D000230844012311040693E747002320F40A48
:1028E00025B1EFF08EF3D947230AF40431B92285DC
:1028F000EF10AFE58327040A93E717002320F40ABB
:102900002308040011B197F0FD1FE780E0CAE30D32
:1029100005BE8547A306F4042285EFF0CEF9834770
:10292000C404F99B2306F404C5B683278510858B60
:1029300081C7EFF07EC6C9BEE947A305F50283272C
:102940000510918B99C38D478DB72285EFF03E819D
:10295000A1B7EFF0AEEF8347D40491CB4146930586
:10296000C40A1305C40C97E0FD1FE78040F48347B9
:10297000C4042326040E2328040E93E7170023061D
:10298000F40459B683270510918B81CF8D47230618
:10299000F502EFF02EFF83471401DD9BA308F4003E
:1029A000E5BDEFF0CEFBC5BF8347C5042322050E6E
:1029B0002324050E93E727002306F504EFF02EEB02
:1029C00083471401A3050402DD9BA308F4008327B9
:1029D000040A93E70701F5B5EFF05E8075BD834704
:1029E000A51499CB83466514331ADA006306FA00FE
:1029F00013670701A308E5000347B41411CF83460A
:102A000074148547B397D7006388E70083471401A0
:102A100093E70701A308F4008347E40199CF8347B4
:102A20001401C18B99EB8327040A93E70720232025
:102A3000F40A2285EF106FD185B583071416F5DBF4
:102A400083274410898BF5D78327440A3707100062
:102A5000D98F2322F40AF1BFEF102FCF8327040A66
:102A6000056713070780D98FA9BD1717FE1F0357E6
:102A7000676305079716FE1F2396E66203278511F5
:102A8000E30407A893E707012306F500B5BC8347D5
:102A90004517858B638007108347651393D63700EE
:102AA000AA9683C5061313F7770033D6E540058A47
:102AB00079CA397122DC06DE26DA4AD84ED652D4DB
:102AC00056D25AD05ECE62CC66CA2A8403454503EC
:102AD0007D57FD47591562052C0061853AC43EC6F5
:102AE000EF206F850326841322478326C413B24741
:102AF000718FF58F6314E6006387F6062800EFE018
:102B00006FFC894763F1A706294681451305D41751
:102B100097E0FD1FE780C0E0224AB24A81490D4C90
:102B2000854C930B500293948901E1844E86528523
:102B3000D68513DB2440EF0010458D88229B058944
:102B400086040309DB170DCDB3949C00B364990090
:102B5000A30E9B168509E39879FD8347441793E7F5
:102B60008700230AF416F2506254D2544259B259E3
:102B7000225A925A025BF24B624CD24C2161828003
:102B8000B3149C00E1B78547B397E700CD8F238846
:102B9000F612828082805D71A6C29714FE1F938414
:102BA000644FA2C403A4040ACAC04EDE52DC5ED63F
:102BB0000179B7090300216AB74B0F0056DA5AD8DA
:102BC00062D486C666D26AD06ECE814A7D19138BD6
:102BD00089157D1A138CFB238347E4001307000D2E
:102BE000639CE722971CFE1F938CCC3B83A70C00B1
:102BF00098430D8B0DC71717FE1F230C0718B84BF2
:102C00001377F78FB8CB98431367870098C39C431B
:102C10008D83858B89C7010001000100010097F0B9
:102C2000FD1FE78020C78347C404858B89C7A28521
:102C30000545EF107F8F971DFE1F938DED3303A782
:102C40000D00171DFE1F130D2D3B5C57F19B93E7E5
:102C500017005CD79717FE1F9387873A9443832703
:102C60000D006389061403466413B29683C60600FA
:102C7000505737050082939586017D1593F6F6032C
:102C8000E606698ED18E54D7E1859306A00363D6FC
:102C9000B612F44F37060007D18EF4CF832784098C
:102CA0001CC78327C4095CC303A70C005C4393E7DC
:102CB00017005CC38355441C95470356641C91055B
:102CC000034574141717FE1FA30DF72AC2059307B7
:102CD00010FD2307F400C181930700FC1717FE1FA6
:102CE000230EF728EF103FB303467414854683572D
:102CF000240803576408631CD60E938757030607FE
:102D0000BA9703A70C00544733F6260150C70F109B
:102D1000000003A70C0037060200860710C7130641
:102D200000F89715FE1F238DC5247CD354C7971731
:102D3000FE1FA387072403A60C009717FE1FA38F6F
:102D4000072285471CC28346C40483A70D000327BE
:102D50000D00858AC5C29443B705330093F6F6CFBC
:102D600094C3944393F6F6CF93E6062094C3144796
:102D7000CD8E14C79386891734CA5457F59A54D701
:102D80008346641313F6F607944393F606F8D18E40
:102D900094C35C4393F7F7EF5CC301000100032782
:102DA0000D005C4393E707105CC397E0FD1FE780CD
:102DB000A0351DB58346241465BD9306200263DA51
:102DC000B600F44F370600F97D16F18E3706000580
:102DD000E1B5B70600F91386F6FFF44F6945F18EA9
:102DE00037060003E34AB5EA3706000175B5938755
:102DF000970431B79443B705330093F6F6CF94C3E5
:102E0000944393F6F6CF93E6062094C31447CD8EF1
:102E100014C72328660595B71307100D6394E75E62
:102E20009717FE1F83C78715858B971CFE1F938CF2
:102E3000EC14638D074E83C70C00E207E18763D96A
:102E4000070C8347F400171DFE1F034DCDF693F7C3
:102E5000070285C38357A4031307204EB387E702F5
:102E600003274409B3D7E70213070D05BA972312C6
:102E7000F408035544081718FE1F0358A8F73746EF
:102E80000F0013059504B325050381461306062498
:102E900042C683ADCC013305A802EF00D051832791
:102EA000C40832483385A7403307B5019717FE1F82
:102EB0009387C7F3BA85D4436364A7006364D700DC
:102EC000B305D740032704096360B71603566408A7
:102ED000835724080D8F13151600AA97B38707038D
:102EE00013850B24E297B3D7A7026366F700B38775
:102EF000F64063F4E7002328B408420D9357160008
:102F0000135D0D0163E4A7132313F40823100408D1
:102F10008345C40403254411930624031306440384
:102F2000858997E0FD1FE78000229717FE1F238AFF
:102F3000A7048347440303C76404998F230AF40258
:102F400083C76C00858B6395072C8347A40293E7A6
:102F500027002305F40283C70C00E207E18763D34F
:102F600007028347641313D7370093F6770022973D
:102F70008547B397D7008346071393C7F7FFF58FAD
:102F80002308F7128347F400898BE9C32285EFC039
:102F90006FE84DED8347F400A309040093E7470071
:102FA000A307F400832784118DCF0347B40115CB09
:102FB00003C79700058B15E703D7A700C84313671E
:102FC00007F02395E70097E0FD1FE780604E8357E9
:102FD000440485072312F404832784119C43232C83
:102FE000F4108347540181CB8347C404898B81C784
:102FF0002285EFC02FE78347040113072002639A5D
:10300000E7028327040AA305040293E7870023202D
:10301000F40A8347140193E78700A308F400930799
:1030200040022308F4001DA036974DB52313A409D0
:10303000F1BD130700066393E70C85472308F400EE
:103040008347A40293E717002305F40283C76C00AB
:10305000898B638F070E8347C404858B638A070EB1
:10306000834794018507A30CF4008347F40013F70A
:10307000270029E793E72700A307F400930700F848
:10308000230EF4008357A4031307204EB387E702EF
:1030900003274409B3D7E7021717FE1F0347A7D139
:1030A00013070705BA97C207C1832312F4088607DE
:1030B0002311F4089717FE1F23A0070822859717EE
:1030C000FE1F238D07EAEFF0EFBB83455401034554
:1030D00064149105EF108FE983475401638707203B
:1030E0008347C404898B63820720A2850145EF10C2
:1030F000AFBB630C0512EF107F8AE5A413077006BF
:10310000639EE7029717FE1F938707E798433C5794
:10311000ED9B3CD79717FE1F238707E63717004024
:1031200083578701B377FA00231CF7008347C40055
:1031300093F7F7FD2306F4008547E5B57147E3975C
:10314000E7F08327040A93E717002320F40AFDBD64
:103150002285EFC0AFCE11F9A30C04002285EFC089
:103160006FC783471401A18B85CF834764018DCB43
:1031700083477401094793F7B70F6383E702930707
:10318000D003230AF404930770022308F400834752
:10319000C404858BE38B07EC2285EFC0AFD1F1B57A
:1031A0008347D4000D476397E704834774011307EF
:1031B00080026373F702834774011D476388E70247
:1031C000A306F4028327840A228593E717002324A9
:1031D000F40AEFE0FEEB19A88A071727000013078F
:1031E0006734BA979C432285829771F583476401BF
:1031F000D9FFA5BD99CB83476401E38807E6228503
:1032000097E0FD1FE780604EAA8AE3900AE6F9BFC7
:10321000834784018507230CF40083D7E4008507E6
:103220001717FE1F231FF7E689B59717FE1F938711
:10323000A7D49843B70633001C4393F7F7CF1CC3BA
:103240001C4393F7F7CF93E707201CC39717FE1F84
:10325000938787DA98431C47D58F1CC79717FE1FA3
:10326000938747D49C4313878927B8CB9717FE1FB2
:10327000938787D09C43B70680009843558F98C3A7
:10328000D857719BD8D7930720FD2307F4009717D1
:10329000FE1F83C767B6E39A07B083270412E3864D
:1032A00007B00347F400058BE30107B0D44303C61E
:1032B000C70083C58700035584008906EF500FECD3
:1032C000E31505AE8327041203D7A700136707F0A1
:1032D0002395E7009C432320F41283572404E386BC
:1032E00007ACFD172311F404C9B49717FE1F938789
:1032F000A7C89843B70633001C4393F7F7CF1CC306
:103300001C4393F7F7CF93E707201CC39717FE1FC3
:10331000938787CE98431C47D58F1CC79717FE1FEE
:10332000938747C89C431387892581B79717FE1F4A
:10333000938747C79C43FC53E390078A9717FE1F68
:10334000238007C4EF108FE583C70C002285E207B6
:10335000E18763D40720EFF02F9183D724012285E2
:1033600085071717FE1F2310F7D4EFF04FF283578E
:103370000404A5CB13074006B3F7E702BDE3971794
:10338000FE1F9387E7E39C43898BA1C79714FE1F19
:10339000938404A1985815CF9717FE1F83D787D021
:1033A000C2079715FE1F83D505D0DD8D25450297F1
:1033B0009C589715FE1F83D5C5CE294582979C58EA
:1033C000831524032D4582979C588305440331457A
:1033D00082979717FE1F239607CC9717FE1F23A3EC
:1033E00007CC22852644B64096440649F259625AD3
:1033F000D25A425BB25B225C925C025DF24D61612B
:103400006FC04FFB1307200DE397E7CE9717FE1F02
:1034100083C7D7B6858B638507149717FE1FA38FC5
:1034200007B48327040A13972701634E070E2285EA
:1034300097E0FD1FE780603985476316F50E8355D9
:10344000441C0356641C034574149105C205C181D4
:10345000EF106FBC8347C404971CFE1F938C8CB481
:10346000171DFE1F130D4DB1858B971DFE1F938DEC
:10347000ADB8BDCFA2850545EF100F8B03270D001A
:10348000B70633001C4393F7F7CF1CC31C4393F7D5
:10349000F7CF93E707201CC303A70D001C47D58F68
:1034A0001CC783A70C0013878917B8CB930710FD9F
:1034B0002307F40083A70C00D44733F72601D8C7AD
:1034C0000F10000003A70C00B70702001CC79307EA
:1034D00000F81716FE1F2305F6AA83270D009C434C
:1034E0009D83858B95CF930760197CD354C775B89E
:1034F00003270D00B70633001C4393F7F7CF1CC317
:103500001C4393F7F7CF93E707201CC303A70D00D5
:103510001C47D58F1CC783A70C0023A8670579B764
:103520009307E01BD9B7EF106FC7834794018DC78E
:1035300093F7070F81CB9305D0032285EFC0EFF7F8
:10354000A305A4029717FE1F938787859C5B89C7F5
:1035500095451305500882972285EFC0FFBB51B5F2
:103560009717FE1F938707A49C43FC53639607E6B7
:103570009717FE1F238607A0EF104FC2F1BF41111E
:1035800006C6EFB05FBB9717FE1F9387A7B017F76C
:10359000FFFF130727C523AAE70AB24017F7FFFF6B
:1035A0001307A7D823ACE70A97F7FFFF9387E75ED7
:1035B0001717FE1F232EF7C041018280397122DCCC
:1035C0003704400026DA4ED6AE84AA899305E4FF7C
:1035D000054506DE4AD8EF10EEEF498C13170401BB
:1035E000418321839317840013590401D98F231633
:1035F00001001379F90F10088A854E852317F10011
:10360000A306210102C002C202C402C802CA02CC3F
:1036100002CEEF001FE68347E1010347D101A381FA
:103620008400A2074207BA970347F1012180238251
:103630008400BA97F25062542380F40013D78700B5
:10364000C183A3822401A380E4002381F4004259B2
:10365000D254B25921618280011119469705FE1F8B
:10366000938585751715FE1F130545B106CE22CC2F
:1036700026CA4AC891644EC697D0FD1FE780202312
:103680009385F4FF0145EF10AEE22A84FD55014514
:10369000EF104EE4A287FD147D5933F79700B3660F
:1036A000E500F9C6631425016304970C1717FE1F84
:1036B000230EF7ACA18393E707FC916941641717C8
:1036C000FE1F2323A7AC1717FE1FA301F7ACFD199C
:1036D0001719FE1F1309099C7D14CE850145EF10B3
:1036E0002EDDAA84FD550145EF10CEDEB3679500AF
:1036F000EDD7FD576314F500E38134FF9717FE1FE4
:103700002397A7A8935705011717FE1F2302F7A8B1
:10371000935785011717FE1FA30CF7A69717FE1FD7
:10372000238997A6A18093F4F4039717FE1FA38221
:1037300097A68317890E42054185618DE18F63123B
:10374000F5020317C90F8317A90E618FE18F631A62
:10375000F7000317E90F8317C90E618FE18FE30E9E
:10376000F7F6F2406244D2444249B2490561828090
:10377000A6850145EF10CED32A84FD550145EF10F3
:103780006ED5A28719BF11CE93070002918F635B9C
:10379000F0003355C500B397F50033D6C5005D8DF5
:1037A000B2858280130506FE014633D5A500B28599
:1037B000CDBF11CE93070002918F635BF000B395EC
:1037C000C500B357F5003316C500DD8D3285828004
:1037D000930506FE0146B315B5003285CDBF0148FD
:1037E00063C6050E63DB06003306C040B337C00076
:1037F000B306D0401348F8FF9D8EB6873283AA8E59
:10380000AE886391061863FCC50C41676361E61ED0
:10381000B70700016365F63693568601E14717271F
:10382000000013072715369703470700BA971307B9
:1038300000021D8F19CBB395E500B357F500331384
:10384000E600B3E8B700B31EE50013560301B3D793
:10385000C80293160301C18213D70E01B3F5C80243
:103860003385F602C205B3E8E50063FAA8009A982A
:103870001387F7FF63E4680063E9A832BA87B38867
:10388000A840B3D5C802C20E93DE0E01B3F8C80239
:10389000B386B602C208B3E8D80163FBD8009A9891
:1038A0001387F5FF63E56800F91563E3D800BA856F
:1038B000139507014D8D8145630908003305A0402C
:1038C000B337A000B305B0409D8D82803305A04082
:1038D000B337A000B305B0409D8D7D5821B701E6F8
:1038E00005433353D3024167636AE30EB707000110
:1038F000636BF32893568301E147172700001307F2
:103900006707369703470700BA97130700021D8F12
:1039100065EB93180301B3866540135F030193D8E9
:103920000801854513D70E01B3D7E603B3F6E603C6
:1039300033861703C206558F637AC7001A9793869A
:10394000F7FF636467006365C726B687118FB356B8
:10395000E703C20E93DE0E013377E703B388160345
:1039600042073367D701637B17011A971386F6FF67
:1039700063656700F91663631701B2861395070143
:10398000558D1DBF63E1D504C16763E1F604B70738
:10399000000163E2F61E93D8860161479727000075
:1039A000938747FDC69703C30700930700023A9326
:1039B000B3876740E9EB63ECB61C3335C5001345AC
:1039C00015008145D5BD81450145FDB59307F00F33
:1039D00063F2D71C93D886002147C9B71307F00FAD
:1039E0009A86E37C67F093568300A14739B71307A3
:1039F000F00FB286E375C7E293568600A14705B57E
:103A00003313E30033D6F500135F0301335EE6039F
:103A1000B396E500B357F500DD8E9318030193D8F4
:103A20000801B31EE50093D50601B377E60333879B
:103A3000C803C207CD8F63FBE7009A971306FEFF0A
:103A400063E3671663F1E716791E9A97998F33D669
:103A5000E703139706014183B3F7E7033385C802F1
:103A600093960701D98E63FBA6009A969307F6FFFB
:103A700063E7661263F5A61279169A9693150E01FE
:103A8000898ED18D45B533576600B396F600D98E31
:103A9000B3D8650013DF0601B3DEE803139E060109
:103AA00033536500135E0E01B395F500B365B300A3
:103AB00013D705013316F600B3F8E8033303DE032A
:103AC000C20833E7E800637B670036979388FEFF00
:103AD0006369D70C6377670CF91E36973307674025
:103AE0003353E703C205C1813377E703B3086E029E
:103AF0004207D98D63FB1501B6951307F3FF63EEFB
:103B0000D50863FC15097913B695C20E416FB3EE63
:103B10006E001307FFFFB3F6EE0013D30E01718F93
:103B20004182338EE602B3851541B386C6029358AF
:103B30000E013307E302BA96C6963306C30263F357
:103B4000E6007A9613D306011A9663E2C5026385EE
:103B5000C500768581458DB341677D17F98EC20614
:103B6000337EEE00B317F500F296E3F4D7FE13852B
:103B7000FEFF814591B393D80601414705B59356A1
:103B80000601C14769B993560301C147BDB38145D9
:103B900005451DB3B688014711B53A83BDB73E86CA
:103BA000F1BDC68E25BF328E55B5F9179A98C1B9A9
:103BB000F9171A9761BBB687B2882A832E88639D4E
:103BC000061463F9C50A4167636EE61AB707000178
:103BD0006363F63493568601E14717270000130705
:103BE00067D9369703470700BA97130700021D8F5E
:103BF00019CB3398E500B357F500B318E60033E866
:103C000007013313E50013D608013355C802939614
:103C10000801C182935703013377C802B385A60216
:103C200042073368F700637AB80046989307F5FFB8
:103C3000636418016367B8303E853308B840335772
:103C4000C8024203135303013378C802B386E60265
:103C5000420833686800637BD80046989307F7FFF3
:103C60006365180179176363D8003E874205598D53
:103C70008145828001E60547B358C702416763EA80
:103C8000E80EB707000163ECF82893D68801E147F6
:103C900017270000130707CE369783460700BE9606
:103CA00093070002958FE5EB939E0801338715413A
:103CB00013DF080193DE0E01854593570301335549
:103CC000E7033377E703B306D5034207D98F63FAD7
:103CD000D700C6971307F5FF63E4170163E6D726FD
:103CE0003A85958F33D7E703420313530301B3F7A4
:103CF000E703B30ED703C207B3E7670063FBD7013F
:103D0000C6979306F7FF63E51701791763E3D701B9
:103D100036874205598D828063E2D504C16763E22C
:103D2000F604B707000163E4F61E13D78601614865
:103D300097270000938707C4BA9703C70700130E9D
:103D400000024297330EEE40631A0E0C63EDB61C70
:103D50003335C500134515008145828081450145F5
:103D600082809307F00F63F3D71C13D78600214896
:103D7000C1B71307F00FC686E37C17F193D688000E
:103D8000A14739B71307F00FB286E378C7E493561B
:103D90008600A14799B5B398F80033D6D50013DF54
:103DA0000801335EE6033397F500B356D500558F0F
:103DB000939E080193DE0E013313F500935507011E
:103DC000B376E603B387CE03C206CD8E63FBF6005F
:103DD000C6961306FEFF63E4161763F2F616791E05
:103DE000C6969D8E33D6E60393170701C183B3F6BB
:103DF000E6033385CE02139706015D8F637BA70030
:103E000046979307F6FF636817136376A712791630
:103E1000469793150E01098FD18D45B5B357E6002E
:103E2000B396C601DD8E33D3E50013DF0601B35729
:103E3000E303939E060193DE0E013398C5013357C9
:103E4000E50033680701935808013316C601337340
:103E5000E303B385FE024203B368130163FBB800BA
:103E6000B6981387F7FF63EAD80C63F8B80CF91714
:103E7000B698B388B84033D7E8034208135808010E
:103E8000B3F8E8033383EE02C208B3E5080163FB2D
:103E90006500B6951308F7FF63EDD50863FB650869
:103EA0007917B695C207416FD98F1307FFFFB3F695
:103EB000E70093D80701718F4182B38EE602B38584
:103EC0006540B386C60213D80E013387E802BA965E
:103ED000C2963386C80263F3E6007A9693D8060149
:103EE000469663E2C5026385C5003E8581458280B2
:103EF00041677D17F98EC206B3FEEE003315C5018A
:103F0000F696E374D5FE1385F7FF8145828013D7BB
:103F10000601414831BD93560601C1477DB993D68C
:103F20000801C147B5B38145054582803687014800
:103F300001B5428785BF3E86E9BDBA871DBF328E77
:103F40004DB579154698D5B97915C69759BBB3C7FC
:103F5000A5008D8B3307C50081E78D4763EEC70051
:103F6000AA876370E50A83C6050085078505A38FC8
:103F7000D7FEE3EAE7FE828093763500AA8791CAEE
:103F800083C6050085078505A38FD7FE93F6370006
:103F9000FDB79376C7FF138606FE63F0C70683A3BB
:103FA000050083A2450083AF850003AFC50083AE43
:103FB000050103AE450103A3850183A8C5019385CF
:103FC000450223A0770003A8C5FF23A2570023A41E
:103FD000F70123A6E70123A8D70123AAC70123AC31
:103FE000670023AE17019387470223AE07FF75B71B
:103FF00090419107910523AEC7FEE3EBD7FEE3E4C2
:10400000E7F6828039713EDA2ED232D436D63AD8EB
:1040100042DC46DE9387418522CC804326CA06CE09
:10402000AA8409C41C4C99E3228525230C4454100E
:104030002686228536C6EF001018F2406244D2442C
:1040400021618280011126CA4AC806CE22CC4EC602
:1040500052C4AA842E8901C51C4D91E3DD299C4CD4
:10406000804499E32685F52197270000938787A24E
:10407000631CF402C0408357C400A18BB1C71C4825
:10408000A1C7FD59294A1C4483450900FD17B1E920
:104090001CC463DE07062286A94526857920FD57C4
:1040A0006308F502294535A097270000938787A06C
:1040B0006314F4008044C1B7972700009387879B5F
:1040C000E31BF4FAC04445BFA2852685392A55D999
:1040D0007D55F2406244D2444249B249224A0561C8
:1040E00082801CC4050963D70700184C63CBE70026
:1040F000638945011C401387170018C02380B7004F
:1041000059B7228626851520E31F35F7D1B71C4005
:104110001387170018C029472380E70061B79387EA
:104120004185AA8588436FF0FFF1011122CC26CA90
:104130004AC806CE4EC6AA842E89328401C51C4DBB
:1041400091E30129972700009387C7946319F40628
:10415000C0401C4C1CC48357C400A18BC9C31C485D
:10416000BDCF1C4808409379F90F1379F90F1D8DC5
:104170005C486346F500A2852685652C2DE51C4428
:104180000505FD171CC41C401387170018C02380A9
:1041900037015C486389A7008357C400858B81CBB6
:1041A000A9476316F900A285268561240DEDF2402A
:1041B00062444A85D2444249B249056182809727C8
:1041C00000009387278F6314F400804459B7972722
:1041D00000009387278AE31EF4F6C0449DBFA285A2
:1041E000268521203DDD7D59D9B741119387418531
:1041F00026C2844322C44AC006C62A892E8489C4A2
:104200009C4C99E32685B1269727000093878788E1
:10421000631CF402C0400317C40093170701C18355
:1042200093F68700B5EE93F607019DEEA547232090
:10423000F900136707042316E4007D55B2402244B9
:104240009244024941018280972700009387878624
:104250006314F4008044C1B79727000093878781D7
:10426000E31BF4FAC04445BF918B8DC74C5889C9F4
:10427000930744046384F5004A85892B232A0402AA
:104280008357C4002322040093F7B7FD2316F400DC
:104290001C481CC08357C40093E787002316F40012
:1042A0001C4881EF8357C4001307002093F70728A9
:1042B0006385E700A2854A8595298357C40013F7D3
:1042C000170005C75C4823240400B307F0401CCC4A
:1042D0001C480145A5F78317C40013F7070839DF09
:1042E00093E707042316F40089BF898B014791E304
:1042F000584818C4F1BF83D7C500011122CC26CA83
:1043000006CE4AC84EC613F78700AA842E8471EFE2
:10431000D841634DE000B841634AE0000145F240F6
:104320006244D2444249B2490561828058547DD7E3
:1043300003A904009396370123A0040063DD060659
:1043400070488357C400918B99C75C401D8E5C58A0
:1043500099C33C401D8E5C540C5081462685829743
:10436000FD570357C400631DF5009440F54763E80B
:10437000D706B70740208507B3D7D700858BA5C3DD
:104380001C48232204001CC09317370163D8070080
:10439000FD576314F5009C4091E368C84C5823A076
:1043A0002401ADDD930744046384F5002685392993
:1043B000232A0402A5B70C5001468546268502979C
:1043C000FD572A86E31FF5F69C40A5DF75476385F8
:1043D000E70059476394E70423A0240181B71367DA
:1043E00007042316E4007D551DBF83A90501E3875B
:1043F00009F203A905008D8B23A03501330939414A
:10440000014791E3D84918C4E35A20F11C540C50D9
:10441000CA864E86268582976349A0008357C400CA
:1044200093E707042316F4007DBFAA993309A94036
:10443000E1BF9C49A5C3011122CC06CE2A8411C537
:104440001C4D81E72EC63122B24597170000938795
:104450006764639CF5004C408397C5009DC7228527
:104460006244F24005616FF01FE9971700009387DF
:1044700067646394F5000C44C5B7971700009387F1
:10448000675FE39BF5FC4C44C1BFF24062440145C9
:104490000561828001458280411122C406C62A84BA
:1044A0002316B5002317C50023200500232205008D
:1044B000232405002322050623280500232A0500BE
:1044C000232C0500214681451305C505EFD0BDB756
:1044D000971700009387A7B65CD0971700009387C3
:1044E00007B91CD497170000938747BD5CD4971772
:1044F0000000938707C000D01CD8B240224441017D
:10450000828097050000938505F3B1AA411126C268
:10451000130680069384F5FFB384C4024AC02E8933
:1045200022C406C693854407B1262A8401CD2320E0
:10453000050023222501310508C413868406814520
:10454000EFD07DB02285B24022449244024941011D
:1045500082801C4DB5E7411106C622C497070000B2
:10456000938767FA1CD597170000938767639C436E
:104570002324050423260504232805046314F500D9
:1045800085471CCD2A84352848C022851D2808C4AB
:104590002285052848C4484001469145EFF0DFEFE9
:1045A00008440546A545EFF03FEF48440946C94594
:1045B000EFF09FEE85471CCCB2402244410182803F
:1045C00082804111971700009387875D26C284433C
:1045D0004AC006C69C4C22C42A8981E72685EFF092
:1045E0005FF7938484048044DC40FD1763D60700A2
:1045F0009C40B9CF8440C5BF0317C40039E7C177D9
:1046000085072322040623200400232204002324F8
:1046100004005CC423280400232A0400232C040083
:10462000214681451305C405EFD0FDA1232A0402CC
:10463000232C040223240404232604042285B240EC
:10464000224492440249410182801304840671BFCE
:1046500091454A85EFF09FEB88C049FDB147232083
:10466000F9000144E1BF797122D44AD052CC56CA34
:104670005AC85EC606D626D24ECE2A8AAE8A130401
:1046800085040149054BFD5B09ECB25022544A8573
:1046900092540259F249624AD24A424BB24B4561A6
:1046A0008280044483294400FD1963D4090000403A
:1046B000E1BF83D7C400637BFB008397E40063877B
:1046C0007701A6855285829A3369A900938484066E
:1046D000E1BF1971A6DAAE848395E500A2DC86DE1F
:1046E000328463DC050083D7C40023A0060093F75F
:1046F000070885E7930700401DA0300836C6EF0085
:10470000D025B246E34105FE7247BD67F98F797740
:10471000BA9793B717009CC2F1BF930700041CC05F
:10472000F6506654D65401450961828083D7C5008E
:10473000011122CC06CE26CA4AC8898B2E8489CF85
:10474000930774041CC01CC885475CC8F2406244CF
:10475000D24442490561828074003000AA84EFF09F
:104760005FF7A2452A892685312201ED8317C4000F
:1047700013F7072061FFF19B93E727002316F4004E
:10478000C1B797070000938707D89CD48357C4000C
:1047900008C008C893E707082316F400A2475CC8BE
:1047A000B24791CF8315E4002685EF00301E01C982
:1047B0008357C400F19B93E717002316F400835737
:1047C000C4003369F9002316240149B7DDC183A76A
:1047D000C5FF411122C406C626C21384C5FF63D398
:1047E00007003E94AA84EF005022938781979C4350
:1047F00081EF2322040023AC81962244B240268517
:10480000924441016F009020637EF400144033070E
:10481000D4006396E7009843DC43369718C05CC029
:10482000D9BFBA87D84319C3E37DE4FE94433386E6
:10483000D700631F86001040B29694C33386D7001A
:10484000E31DC7FA10435843B29694C3D8C375B753
:104850006375C400B1479CC04DB71040B306C40097
:104860006316D70014435843B29614C058C0C0C34F
:1048700069B78280011126CA93843500F19806CE6B
:1048800022CC4AC84EC6A104B14763F3F404B14434
:1048900063E2B4042A89EF00501793878197984305
:1048A0003A8439E09387C1979C4391E781454A85D3
:1048B000A12F23AEA196A6854A85B927FD59631974
:1048C0003507B1472320F9004A85EF00301429A0AD
:1048D000E3D004FCB1471CC10145F2406244D2441C
:1048E0004249B249056182801C40858F63CF07022F
:1048F000AD4663F6F6001CC03E9404C031A05C4097
:104900006313870223ACF1964A85EF00301013053C
:10491000B4009307440061993307F5405DDF3A9492
:10492000898F1CC05DBF5CC3C5B72287404095BF5F
:10493000130435007198E30285FCB305A4404A8551
:10494000E125E31C35FBB5BF1C46FD171CC663DA29
:104950000700184E63C5E700A9476394F5006FF0A0
:10496000CFFC1C422E851387170018C22380B70086
:104970008280011122CC26CA4AC84EC652C406CE35
:104980002A89AE893284B304D6007D5A6314940018
:10499000014511A8834504004E864A85EFF0DFFAF1
:1049A0000504E31545FFF2406244D2444249B2494E
:1049B000224A05618280357122CD26CB4AC94EC775
:1049C00006CF52C556C35AC1DEDEE2DCE6DAAA895A
:1049D000AE843289368409C51C4D99E3EFF07FB768
:1049E000971700009387070B639CF40C83A449007E
:1049F00083D7C400A18BFDC79C48EDC79307000275
:104A0000A304F1029307000302D22305F10222C698
:104A1000930B5002971A0000938ACA0B054C294B3E
:104A20004A848347040099C36391770FB30C2441F0
:104A3000638E0C00E6864A86A6854E85EFF07FF3EE
:104A4000FD576306F51E9256E69636D2834704005C
:104A5000638F071CFD571309140002C802CE3ECA1B
:104A600002CCA309010482D483450900154656856A
:104A7000412713041900C24759E913F7070109C771
:104A800013070002A309E10413F7870009C71307FE
:104A9000B002A309E104834609001307A002638062
:104AA000E608F2474A8481462546034704009305F9
:104AB0001400130707FD6379E60AB5CA3ECE85A840
:104AC00097170000938707FF6395F40083A489007C
:104AD00005B7971700009387E7F9E39BF4F083A4E9
:104AE000C90039B7A6854E85EFF02FF001D97D5565
:104AF000FA406A44DA444A49BA492A4A9A4A0A4B6D
:104B0000F65B665CD65C0D618280050419BF3305D7
:104B100055413315AC00C98F3EC82289B1B7324721
:104B200093064700184336C6634907023ACE034747
:104B300004009307E002631FF70403471400930780
:104B4000A002631BF702B2470904138747009C4386
:104B50003AC663C107023ECA35A83307E04093E76F
:104B600027003ACE3EC8E1B7B387670385462E8457
:104B7000BA9725BFFD57C5B7050402CA81468147CC
:104B800025460347040093051400130707FD6376C9
:104B9000E606F1F2834504000D46171500001305E3
:104BA000E5F3B92511CD97170000938727F31D8DE5
:104BB00093070004B397A700424505045D8D2AC8FA
:104BC00083450400194617150000130565F1130904
:104BD00014002304B102292D3DC197B7FDFF93872F
:104BE000674295E74247B2471377071009CF91070D
:104BF0003EC69257D2973ED225B5B3876703854606
:104C00002E84BA97BDBF9D07E19BA107D5B7780059
:104C100097060000938626D626860C084E859700B8
:104C20000000E7000000FD572A8AE314F5FC83D753
:104C3000C40093F70704E39C07EA125555BD7800BA
:104C400097060000938626D326860C084E85012AF7
:104C5000D9BF797156CA9C49BA8A984522D426D2BE
:104C60004ECE52CC06D64AD05AC85EC6AA892E84E9
:104C7000B284368A63D3E700BA879CC00347340402
:104C800019C385079CC01C4093F7070281C79C404D
:104C900089079CC00329040013796900631A09007D
:104CA000130B9401FD5B5C449840998F634CF904AD
:104CB0001C408346340493F70702B336D000A5EBBB
:104CC00013063404D2854E85829AFD576303F5049A
:104CD0001C4011469840998B544481446397C70007
:104CE000B384E64063D3040081441C4418486354F1
:104CF000F700998FBE94014969047D5B6398240590
:104D0000014509A885465A86D2854E85829A631E3A
:104D100075017D55B250225492540259F249624AAB
:104D2000D24A424BB24B456182800509ADBF330781
:104D3000D40013060003A301C70403475404938758
:104D40001600A2978906A381E7049DBF85462286A7
:104D5000D2854E85829AE30E65FB050945B77971C8
:104D600022D426D24AD04ECE06D652CC56CA5AC8E3
:104D7000B68983C68501930790063289AA842E845A
:104D800013863504638DF60263E2D7069307800528
:104D90006388F61863EDD700638106229307300419
:104DA000638EF60A930A24042301D404C9A093074E
:104DB00030066385F60A93074006E395F6FE1C402D
:104DC000084393F6070893054500C5C61C410CC36C
:104DD00063D807001307D002B307F040A301E4042F
:104DE00097160000938646D029476DA893070007C1
:104DF0006384F61663E5D7029307E006638BF61823
:104E00009307F006E390F6FA0C401C4313F80508EC
:104E1000138547006307080608C39C438DA89307C2
:104E20005007E383F6FE93078007638BF612930720
:104E30003007E399F6F61C43D0418145938647003D
:104E400014C383AA07005685652601C5330555415D
:104E500048C05C401CC8A301040471A81C43930A09
:104E60002404938647009C4314C32301F40485471C
:104E7000D5B793F607041C410CC3B9DAC207C18742
:104E800081BF93F5050408C3C9D983D70700130769
:104E9000F0066388E60E971600009386E6C429475D
:104EA000A30104044C400CC463C5050008406D997F
:104EB00008C099E3B28A91CDB28AB3F5E702FD1A30
:104EC000B69583C505002380BA00B3D5E70263F029
:104ED000E70CA147631EF7001C40858B91CB58401F
:104EE0001C4863C7E70093070003A38FFAFEFD1A6F
:104EF0003306564110C84E87CA867000A2852685A3
:104F0000EFF03FD57D5A631E450B7D55B2502254BC
:104F100092540259F249624AD24A424B4561828018
:104F2000A382D50497160000938606BC0C40084364
:104F300013F805081C411105630D080208C313F797
:104F4000150001C793E505020CC04147B1FB0C40B9
:104F500093F5F5FD0CC0A9B79C4193E707029CC1EE
:104F600093078007A302F40497160000938606B9FE
:104F700075BF13F8050408C3E30308FCC207C18327
:104F80007DBF97160000938626B6214711BFAE87D6
:104F90002DB794411C43CC4913F8060813854700EC
:104FA0006306080008C39C438CC301A808C393F69A
:104FB00006049C43F5DA2390B70023280400B28A44
:104FC0001DBF14485686CA8526858299E30F45F38E
:104FD0001C40898B8DE7B2474844E359F5F23E8582
:104FE00035B785465686CA8526858299E30F65F1D1
:104FF000050A5C443247998FE345FAFEE9BF014A4E
:10500000930A94017D5BF5B7411122C42A842E8551
:1050100097F7FD1F23A0071C06C6EFD0DDD0FD5774
:105020006319F50097F7FD1F9387C71A9C4391C337
:105030001CC0B240224441018280411122C42E840E
:105040008395E50006C6E122634905007C48AA97DE
:105050007CC8B2402244410182808357C4007D77DE
:105060007D17F98F2316F400EDB783D7C500011122
:1050700022CC26CA4AC84EC606CE93F70710AA8489
:105080002E843289B68991C78395E5008946014609
:1050900035228357C4007D777D17F98F2316F400DE
:1050A0008315E4006244F240CE864A86B249424902
:1050B0002685D24405613DA8411122C42E848395E2
:1050C000E50006C6E528FD570357C400631BF5003D
:1050D000FD77FD17F98F2316F400B24022444101F9
:1050E00082808567D98F2316F40068C8FDB7839541
:1050F000E50025A8411122C42A842E85B285368672
:1051000097F7FD1F23A8070C06C6EFD05DBFFD571C
:105110006319F50097F7FD1F9387C70B9C4391C355
:105120001CC0B240224441018280411122C42A8421
:105130002E8597F7FD1F23AF070806C61922FD57D6
:105140006319F50097F7FD1F9387C7089C4391C328
:105150001CC0B240224441018280411122C42A84F1
:105160002E85B28597F7FD1F23A6070606C6D52014
:10517000FD576319F50097F7FD1F9387A7059C431B
:1051800091C31CC0B240224441018280411122C41B
:105190002A842E8597F7FD1F23AE070206C6D1206D
:1051A000FD576319F50097F7FD1F9387A7029C43EE
:1051B00091C31CC0B240224441018280411122C4EB
:1051C0002A842E85B285368697F7FD1F23A4070013
:1051D00006C64520FD576319F50097F7FD1F938715
:1051E00067FF9C4391C31CC0B240224441018280AE
:1051F00093F5F50F2A966314C50001458280834715
:105200000500E38DB7FE0505FDB782808280411160
:1052100022C42A842E85B285368697F7FD1F23ABDC
:1052200007FA06C6B928FD576319F50097F7FD1F61
:10523000938747FA9C4391C31CC0B240224441016A
:1052400082809307800517F7FD1F2325F7F87D550A
:1052500082809307800517F7FD1F232DF7F67D55F4
:1052600082809307800517F7FD1F2325F7F6014578
:1052700082809307800517F7FD1F232DF7F47D55D6
:1052800082809307800517F7FD1F2325F7F47D55CE
:1052900082800000F401FA00960064004B003200A6
:1052A0001E0014004ED9FDFF76D9FDFF9ED9FDFFEB
:1052B000B6D9FDFFD0D9FDFFFE0065787065726933
:1052C0006D656E74616C00004669726D7761726520
:1052D000205265766973696F6E00000048617264E0
:1052E00077617265205265766973696F6E000000A0
:1052F0004D616E756661637475726572204E616D85
:10530000650000004D6F64656C204E756D626572BE
:105310000000000053657269616C204E756D626516
:1053200072000000536F6674776172652052657673
:105330006973696F6E00000043483539785F424CED
:10534000455F4C49425F56312E3400006865616408
:105350002066696C65206572726F722E2E2E0000B9
:105360004C494220696E6974206572726F722063C5
:105370006F64653A202578202E2E2E0A000000004A
:105380002A2000002240FEFF9640FEFF0A41FEFF59
:105390000A41FEFFA640FEFF0A41FEFFBE40FEFF9F
:1053A000E040FEFF0A41FEFFFA40FEFF4E41FEFFD5
:1053B0006E41FEFFEA41FEFF8041FEFFEA41FEFF33
:1053C000EA41FEFFEA41FEFFA241FEFFEA41FEFF85
:1053D000EA41FEFFEA41FEFFC641FEFFC6B90100F9
:1053E000149B000002BA010096A800007EBA0100DA
:1053F00062A8000038BB01002EA80000D4BB010049
:10540000ACB3000022BC0100ACB300007CBC0100C6
:10541000FEB2000038BB0100CEA7000010BD0100A5
:105420001AAB000000000000000000005ABD01009F
:10543000A6AB0000CCBD0100989B00004494FEFF89
:105440004494FEFF6A94FEFF8294FEFF8A94FEFF5E
:105450009294FEFF9A94FEFFA294FEFFAA94FEFF90
:10546000B294FEFFBA94FEFFF694FEFFFE94FEFF98
:10547000C294FEFF010102010201010201020404C3
:1054800006010401010101010404020104000000FD
:1054900001010201020101020101040406010401EB
:1054A000010101010401020101000000FCA1FEFF55
:1054B00008A2FEFF4AA2FEFF74A3FEFF7EA3FEFF2A
:1054C000C2A3FEFF04A4FEFF42A4FEFF7AA4FEFFD7
:1054D00012A3FEFFAEA4FEFF3CA5FEFF7EB1FEFFC1
:1054E0005AB1FEFF7EB4FEFFDAB4FEFFEAB7FEFF5C
:1054F00004B6FEFF4AB6FEFF8EB6FEFFC6B6FEFF3E
:105500000AB7FEFF5AB1FEFF4EB7FEFFC4B7FEFF5B
:105510000000000000000000000000000000008704
:10552000E4290100583B0100BA2A0100BA3B0100FE
:10553000DE2A01007E2B0100AC2B0100F02B0100C4
:10554000C43A0100343A0100502D01007C2D0100C5
:10555000EE2D0100942E0100A4390100B63801009F
:10556000C4370100FC1E0100462F01009A2F0100E4
:10557000D43E01006C3E0100CC2F010074310100CB
:10558000C8320100523301007E3301002A3F01007E
:105590002E3F01001434010056340100323F010057
:1055A000363F01003A3F01003E3F0100263D010029
:1055B000A03401007E350100423F0100463F01005A
:1055C0002A3601008A37010043483539785F424C5A
:1055D000455F4C49425F56312E342E3400000000A6
:1055E000E640FFFFF440FFFFFC40FFFF0241FFFFEA
:1055F0000841FFFF2841FFFF3041FFFF3641FFFF19
:105600004041FFFF4641FFFF4C41FFFF5241FFFF7A
:105610005841FFFF6441FFFF6A41FFFF7041FFFFF8
:10562000B241FFFF7641FFFF7C41FFFF8241FFFF58
:105630008841FFFF9441FFFFB241FFFFB241FFFFEE
:10564000B241FFFFB241FFFFB241FFFFB241FFFF96
:10565000B241FFFFB241FFFF9E41FFFF8E41FFFFBE
:10566000B241FFFFA441FFFFAC41FFFFB246FFFF85
:10567000DE46FFFF0047FFFF1647FFFF2A47FFFFF9
:105680004647FFFF6447FFFF7447FFFF8E47FFFF5A
:10569000A447FFFFC647FFFFDC47FFFFF047FFFFC0
:1056A0000448FFFF2248FFFF3248FFFF4C48FFFF3E
:1056B000FA49FFFF0E4AFFFF244AFFFF424AFFFF5D
:1056C000BC4BFFFF8A4AFFFF6C48FFFFA04AFFFF69
:1056D000B04AFFFFC648FFFFC648FFFF9E49FFFFD5
:1056E000A849FFFFB84AFFFF644AFFFFC84AFFFF0F
:1056F0003A4BFFFF804BFFFF404FFFFFA44BFFFFE4
:10570000A44BFFFF8E4EFFFF384CFFFF864BFFFF81
:10571000364FFFFFA44BFFFF304EFFFFC64EFFFF8B
:10572000A44BFFFFA44BFFFFA44BFFFFA44BFFFFC5
:10573000A44BFFFFA44BFFFFA44BFFFFA44BFFFFB5
:10574000A44BFFFFA44BFFFFFA4BFFFFDA50FFFF14
:10575000D851FFFFA251FFFF1852FFFF1852FFFF61
:10576000A852FFFFFC52FFFFD851FFFFD851FFFFA7
:10577000D851FFFFD851FFFFD851FFFFD851FFFF8D
:10578000D851FFFFD851FFFFD851FFFFD851FFFF7D
:10579000D851FFFFD851FFFF2053FFFF2053FFFFD9
:1057A000D851FFFFD851FFFFD851FFFFD851FFFF5D
:1057B000D851FFFFD851FFFF9253FFFF9253FFFFD5
:1057C0008E58FFFF9C58FFFFB258FFFFBE58FFFFE7
:1057D000D258FFFFDE58FFFFE858FFFFF058FFFFE9
:1057E000F858FFFF0259FFFF0C59FFFF1859FFFF40
:1057F0002259FFFF2C59FFFF3859FFFF8E59FFFF39
:105800008E59FFFF4259FFFF5059FFFF5A59FFFFC2
:105810006459FFFF6E59FFFF7659FFFF8459FFFF60
:105820006E59FFFF8A59FFFF9E59FFFF1E5CFFFF65
:10583000B659FFFF285AFFFF3C5AFFFF505AFFFF9F
:105840006C5AFFFF885AFFFF9C5AFFFFB85AFFFFB0
:105850001E5CFFFFD45AFFFF1E5CFFFF1E5CFFFFB4
:10586000EA5AFFFF125BFFFF3A5BFFFF565BFFFF49
:105870006C5BFFFF7E5BFFFFD05BFFFFFB349B5F3A
:10588000800000800010000000000000070B0D11D8
:1058900013171D1F25292B2F353B3D4347494F53D8
:1058A0005961FF002091FFFF5C91FFFF8492FFFF91
:1058B0002893FFFF3893FFFF2294FFFFBE93FFFF63
:1058C0009894FFFF4695FFFFAC90FFFF3092FFFFDB
:1058D000D491FFFF0E94FFFF381E02001016020045
:1058E000C6150200E61A0200B61A0200881A020063
:1058F000481A02001A1A0200FC1B0200001C0200D7
:1059000094180200041C020054180200081C020033
:10591000301802000C1C020002180200F2170200EC
:10592000BA170200101C020098170200141C020093
:10593000181C02001C1C0200201C0200CA150200D8
:10594000DE150200241C0200281C02002C1C020090
:10595000301C0200F41B02002E170200A4160200E5
:10596000F81B0200921B02002C1B0200E215020031
:1059700000010202030303030404040404040404F6
:1059800005050505050505050505050505050505C7
:1059900006060606060606060606060606060606A7
:1059A0000606060606060606060606060606060697
:1059B0000707070707070707070707070707070777
:1059C0000707070707070707070707070707070767
:1059D0000707070707070707070707070707070757
:1059E0000707070707070707070707070707070747
:1059F0000808080808080808080808080808080827
:105A00000808080808080808080808080808080816
:105A10000808080808080808080808080808080806
:105A200008080808080808080808080808080808F6
:105A300008080808080808080808080808080808E6
:105A400008080808080808080808080808080808D6
:105A500008080808080808080808080808080808C6
:105A600008080808080808080808080808080808B6
:105A70000000000000000000000000000000000026
:105A80000000000000000000000000000000000016
:105A90000000000000000000000000000000000006
:105AA00000000000000000000000000000000000F6
:105AB00000000000000000000000000000000000E6
:105AC00000000000000000000000000000000000D6
:105AD000232D302B20000000686C4C006566674564
:105AE0004647000030313233343536373839414299
:105AF00043444546000000003031323334353637F8
:105B0000383961626364656600000000192A00008C
:105B10000F18000002000000105B02002A2A00009B
:105B2000262A0000272A0000292A0000242A000033
:105B3000502A0000252A00000A1800000200000078
:105B4000385B0200282A0000232A0000392A0000BE
:105B5000372A0000382A00000D180000020000005B
:105B6000585B020002000000805B0200012A000076
:105B7000A62A00000328000002290000002A0000D5
:105B80000018000001180000042A0000002800008E
:105B90000829000001280000052A0000E422002056
:105BA000020000008C5B020001000000145B020098
:105BB00002000000745B0200010000004D23002081
:105BC000020000000C5B0200010000004C230020DA
:105BD00002000000785B020003000000C8240020DF
:105BE00002000000905B020001000000542300202E
:105BF000922E0000342E0000000000000200000081
:105C00008C5B0200010000003C5B0200020000000F
:105C1000745B020001000000662300200200000007
:105C2000485B020001000000B423002002000000D5
:105C3000745B0200010000005A23002002000000F3
:105C40002C5B02000100000004530200020000006F
:105C5000745B0200010000006423002002000000C9
:105C6000345B020001000000145302000200000037
:105C7000745B0200010000005723002002000000B6
:105C8000205B020001000000C85202000200000078
:105C9000745B020001000000582300200200000095
:105CA000245B020001000000DC5202000200000040
:105CB000745B020001000000652300200200000068
:105CC000445B0200010000002453020002000000B7
:105CD000745B020001000000592300200200000054
:105CE000285B020001000000F052020002000000E8
:105CF000745B020001000000562300200200000037
:105D00001C5B020001000000B8520200020000000B
:105D1000745B020001000000632300200200000009
:105D2000305B0200010000005C23002042300000D4
:105D30000000000000000000020000008C5B020078
:105D4000010000005C5B020002000000745B0200C6
:105D5000010000006823002002000000505B0200E8
:105D600000000000BD23002002000000785B02005C
:105D700003000000D824002002000000745B020031
:105D8000010000006923002002000000545B0200B3
:105D900001000000BE23002002000000745B02002E
:105DA0000100000067230020020000004C5B02009D
:105DB00002000000BC230020143200004A32000020
:105DC0000000000002010605020D180F1800000077
:105DD000486561727420526174652053656E736FFB
:105DE00072000000000000003638000000000000D3
:105DF00000000000120948656172742052617465E8
:105E00002053656E736F7200020000008C5B02000D
:105E100001000000645B020002000000745B0200ED
:105E20000100000077230020020000007C5B0200DC
:105E3000010000000000000002000000745B02008E
:105E40000100000074230020020000006C5B0200CF
:105E5000010000003424002002000000745B0200F6
:105E6000010000007823002002000000885B02008F
:105E7000010000007C23002002000000745B02008F
:105E8000010000007623002002000000705B020089
:105E900001000000752300206C8F0000C2900000FC
:105EA00000000000020000008C5B02000100000006
:105EB0008823002002000000745B02000100000043
:105EC0009323002002000000985B02000000000005
:105ED0000000000002000000785B020003000000E8
:105EE0000000000000000000269D000000000000EF
:105EF00000000000905A0200B05A0200705A0200DE
:105F00000000000000000000000000000000000091
:105F10000000000000000000000000000000000081
:105F20000000000000000000000000000000000071
:105F30000000000000000000000000000000000061
:105F40000000000000000000000000000000000051
:105F500000000000D44100206412990111010000EA
:105F6000040102020202020001D707000010010230
:105F7000020202081002490049034903C3812F01AC
:105F800002010202020000005000A0000000E8032D
:105F9000FFFF000002000000845B02000100FF2000
:0C5FA0000105020101100101E4220020B3
:00000001FF
