
ADC.elf:     file format elf32-littleriscv
ADC.elf
architecture: riscv:rv32, flags 0x00000112:
EXEC_P, HAS_SYMS, D_PAGED
start address 0x00000000

Program Header:
    LOAD off    0x00001000 vaddr 0x00000000 paddr 0x00000000 align 2**12
         filesz 0x00000004 memsz 0x00000004 flags r-x
    LOAD off    0x00002000 vaddr 0x20000000 paddr 0x00000004 align 2**12
         filesz 0x000009a4 memsz 0x000009a4 flags r-x
    LOAD off    0x000029a8 vaddr 0x000009a8 paddr 0x000009a8 align 2**12
         filesz 0x0000177c memsz 0x0000177c flags r-x
    LOAD off    0x000049a4 vaddr 0x200009a4 paddr 0x00002124 align 2**12
         filesz 0x0000006c memsz 0x0000007c flags rw-
    LOAD off    0x00004e00 vaddr 0x20007e00 paddr 0x20007e00 align 2**12
         filesz 0x00000000 memsz 0x00000200 flags rw-

Sections:
Idx Name            Size      VMA       LMA       File off  Algn  Flags
  0 .init           00000004  00000000  00000000  00001000  2**1  CONTENTS, ALLOC, LOAD, READONLY, CODE
  1 .highcodelalign 00000000  00000004  00000004  00004a10  2**0  CONTENTS
  2 .highcode       000009a4  20000000  00000004  00002000  2**1  CONTENTS, ALLOC, LOAD, READONLY, CODE
  3 .text           0000177c  000009a8  000009a8  000029a8  2**2  CONTENTS, ALLOC, LOAD, READONLY, CODE
  4 .fini           00000000  00002124  00002124  00004a10  2**0  CONTENTS, ALLOC, LOAD, CODE
  5 .dlalign        00000000  00002124  00002124  00004a10  2**0  CONTENTS
  6 .data           0000006c  200009a4  00002124  000049a4  2**2  CONTENTS, ALLOC, LOAD, DATA
  7 .bss            00000010  20000a10  00002190  00004a10  2**2  ALLOC
  8 .stack          00000200  20007e00  20007e00  00004e00  2**0  ALLOC
  9 .debug_info     00005633  00000000  00000000  00004a10  2**0  CONTENTS, READONLY, DEBUGGING
 10 .debug_abbrev   00000eb5  00000000  00000000  0000a043  2**0  CONTENTS, READONLY, DEBUGGING
 11 .debug_loc      00000e6f  00000000  00000000  0000aef8  2**0  CONTENTS, READONLY, DEBUGGING
 12 .debug_aranges  000001e8  00000000  00000000  0000bd68  2**3  CONTENTS, READONLY, DEBUGGING
 13 .debug_ranges   000001c0  00000000  00000000  0000bf50  2**3  CONTENTS, READONLY, DEBUGGING
 14 .debug_line     00003932  00000000  00000000  0000c110  2**0  CONTENTS, READONLY, DEBUGGING
 15 .debug_str      00001245  00000000  00000000  0000fa42  2**0  CONTENTS, READONLY, DEBUGGING
 16 .comment        00000033  00000000  00000000  00010c87  2**0  CONTENTS, READONLY
 17 .debug_frame    00000c30  00000000  00000000  00010cbc  2**2  CONTENTS, READONLY, DEBUGGING
 18 .stab           00000084  00000000  00000000  000118ec  2**2  CONTENTS, READONLY, DEBUGGING
 19 .stabstr        00000117  00000000  00000000  00011970  2**0  CONTENTS, READONLY, DEBUGGING
SYMBOL TABLE:
00000000 l    d  .init	00000000 .init
00000004 l    d  .highcodelalign	00000000 .highcodelalign
20000000 l    d  .highcode	00000000 .highcode
000009a8 l    d  .text	00000000 .text
00002124 l    d  .fini	00000000 .fini
00002124 l    d  .dlalign	00000000 .dlalign
200009a4 l    d  .data	00000000 .data
20000a10 l    d  .bss	00000000 .bss
20007e00 l    d  .stack	00000000 .stack
00000000 l    d  .debug_info	00000000 .debug_info
00000000 l    d  .debug_abbrev	00000000 .debug_abbrev
00000000 l    d  .debug_loc	00000000 .debug_loc
00000000 l    d  .debug_aranges	00000000 .debug_aranges
00000000 l    d  .debug_ranges	00000000 .debug_ranges
00000000 l    d  .debug_line	00000000 .debug_line
00000000 l    d  .debug_str	00000000 .debug_str
00000000 l    d  .comment	00000000 .comment
00000000 l    d  .debug_frame	00000000 .debug_frame
00000000 l    d  .stab	00000000 .stab
00000000 l    d  .stabstr	00000000 .stabstr
00000000 l    df *ABS*	00000000 ./Startup/startup_CH583.o
20000000 l       .highcode	00000000 _vector_base
00000000 l    df *ABS*	00000000 CH58x_sys.c
20000a08 l     O .data	00000004 curbrk.4069
00000000 l    df *ABS*	00000000 ISP583.c
20000590 l       .highcode	00000000 .loop18
2000059e l       .highcode	00000000 .loop29
200005ac l       .highcode	00000000 .loop40
20000838 l       .highcode	00000000 .loop402
00000000 l    df *ABS*	00000000 Main.c
00000000 l    df *ABS*	00000000 CH58x_adc.c
00000000 l    df *ABS*	00000000 CH58x_gpio.c
00000000 l    df *ABS*	00000000 CH58x_uart1.c
00000000 l    df *ABS*	00000000 printf.c
00000000 l    df *ABS*	00000000 puts.c
00000000 l    df *ABS*	00000000 wbuf.c
00000000 l    df *ABS*	00000000 wsetup.c
00000000 l    df *ABS*	00000000 fflush.c
00000000 l    df *ABS*	00000000 findfp.c
0000127e l     F .text	0000006a std
00000000 l    df *ABS*	00000000 fwalk.c
00000000 l    df *ABS*	00000000 makebuf.c
00000000 l    df *ABS*	00000000 nano-mallocr.c
00000000 l    df *ABS*	00000000 nano-mallocr.c
00000000 l    df *ABS*	00000000 nano-vfprintf.c
00001722 l     F .text	0000002a __sfputc_r
00000000 l    df *ABS*	00000000 nano-vfprintf_i.c
00000000 l    df *ABS*	00000000 sbrkr.c
00000000 l    df *ABS*	00000000 stdio.c
00000000 l    df *ABS*	00000000 writer.c
00000000 l    df *ABS*	00000000 closer.c
00000000 l    df *ABS*	00000000 fstatr.c
00000000 l    df *ABS*	00000000 isattyr.c
00000000 l    df *ABS*	00000000 lseekr.c
00000000 l    df *ABS*	00000000 memchr.c
00000000 l    df *ABS*	00000000 mlock.c
00000000 l    df *ABS*	00000000 readr.c
00000000 l    df *ABS*	00000000 close.c
00000000 l    df *ABS*	00000000 fstat.c
00000000 l    df *ABS*	00000000 isatty.c
00000000 l    df *ABS*	00000000 lseek.c
00000000 l    df *ABS*	00000000 read.c
00000000 l    df *ABS*	00000000 impure.c
200009a4 l     O .data	00000060 impure_data
00000000 l    df *ABS*	00000000 reent.c
00001f3e g     F .text	00000028 _isatty_r
00000e26 g     F .text	000000da _puts_r
00001f66 g     F .text	0000002c _lseek_r
200005ac g     F .highcode	0000000e FLASH_ROM_OUT
00000de2 g     F .text	00000044 printf
20001208 g       .data	00000000 __global_pointer$
00000bf8 g     F .text	00000028 ADC_InterTSSampInit
00001e82 g     F .text	00000036 __sseek
00001338 g     F .text	0000006a __sinit
00000f0e g     F .text	000000c0 __swbuf_r
20000548 g     F .highcode	0000000e mDelayuS
2000048a  w    F .highcode	000000be HardFault_Handler
000012f2 g     F .text	00000046 __sfmoreglue
20000090  w      .highcode	00000000 GPIOB_IRQHandler
00001fae g     F .text	00000002 __malloc_unlock
20000090  w      .highcode	00000000 GPIOA_IRQHandler
20000090  w      .highcode	00000000 SysTick_Handler
20000090  w      .highcode	00000000 NMI_Handler
20000090  w      .highcode	00000000 UART1_IRQHandler
00001f14 g     F .text	0000002a _fstat_r
20000a1c g     O .bss	00000004 errno
20000a10 g       .bss	00000000 _sbss
00000200 g       *ABS*	00000000 __stack_size
2000059e g     F .highcode	0000000e FLASH_ROM_IN
20000090  w      .highcode	00000000 UART0_IRQHandler
000012e8 g     F .text	0000000a _cleanup_r
00000c20 g     F .text	00000020 ADC_ExcutSingleConver
00000f00 g     F .text	0000000e puts
00001fe8 g     F .text	0000000c _fstat
00000004 g       .init	00000000 _einit
20000090  w      .highcode	00000000 BB_IRQHandler
2000063a g     F .highcode	0000036a FLASH_EEPROM_CMD
20000090  w      .highcode	00000000 Break_Point_Handler
00001dda g     F .text	0000002a _sbrk_r
20000090  w      .highcode	00000000 TMR0_IRQHandler
00001fb0 g     F .text	0000002c _read_r
2000057e g     F .highcode	00000012 FLASH_ROM_BEG
20000556 g     F .highcode	00000028 mDelaymS
20000090  w      .highcode	00000000 Ecall_M_Mode_Handler
20007e00 g       .stack	00000000 _heap_end
00001ff4 g     F .text	0000000c _isatty
00002120 g     O .text	00000004 _global_impure_ptr
200005ba g     F .highcode	00000048 FLASH_ROM_ADDR
00000d50 g     F .text	00000030 _sbrk
00000bd4 g     F .text	00000024 ADC_ExtSingleChSampInit
20000090  w      .highcode	00000000 RTC_IRQHandler
20000a20 g       .bss	00000000 _ebss
00000db0 g     F .text	00000032 UART1_DefInit
20000602 g     F .highcode	00000038 FLASH_ROM_WAIT
00002084 g     O .text	00000020 __sf_fake_stderr
20000090  w      .highcode	00000000 UART2_IRQHandler
20000090  w      .highcode	00000000 PWMX_IRQHandler
0000174c g     F .text	00000042 __sfputs_r
00001f92 g     F .text	0000001a memchr
000015a6 g     F .text	000000a8 _free_r
00000000 g       .init	00000000 _start
00002000 g     F .text	0000000c _lseek
20000090  w      .highcode	00000000 ADC_IRQHandler
20000000 g       .highcode	00000000 _highcode_vma_start
20000090  w      .highcode	00000000 TMR2_IRQHandler
00001eec g     F .text	00000028 _close_r
20000a10 g     O .bss	00000004 IRQ_STA
200009a4 g       .data	00000000 _data_vma
20000092 g     F .highcode	00000386 SetSysClock
20000090  w      .highcode	00000000 USB_IRQHandler
00000fce g     F .text	00000110 __swsetup_r
000013a2 g     F .text	000000a0 __sfp
00001e04 g     F .text	00000030 __sread
00001fac g     F .text	00000002 __malloc_lock
0000121a g     F .text	00000064 _fflush_r
000020a4 g     O .text	00000020 __sf_fake_stdin
20000090  w      .highcode	00000000 I2C_IRQHandler
00000a7e g     F .text	000000a8 memset
00000b26 g     F .text	000000ae main
00001eb8 g     F .text	00000006 __sclose
0000164e g     F .text	000000d4 _malloc_r
20000090  w      .highcode	00000000 USB2_IRQHandler
00000004 g       .highcodelalign	00000000 _highcode_lma
00000de2 g     F .text	00000044 iprintf
20000090  w      .highcode	00000000 LLE_IRQHandler
00000000 g       .init	00000000 _sinit
00001ebe g     F .text	0000002e _write_r
00001a26 g     F .text	0000010c _printf_common
20000a0c g     O .data	00000004 _impure_ptr
000010de g     F .text	0000013c __sflush_r
20000090  w      .highcode	00000000 WDOG_BAT_IRQHandler
20000090  w      .highcode	00000000 Ecall_U_Mode_Handler
20000090  w      .highcode	00000000 TMR3_IRQHandler
20008000 g       .stack	00000000 _eusrstack
20000090  w      .highcode	00000000 SW_Handler
00000c40 g     F .text	000000a6 GPIOA_ModeCfg
000014ae g     F .text	0000005a __swhatbuf_r
00000ce6 g     F .text	00000042 GetSysClock
00000d28 g     F .text	00000028 _write
20000a10 g       .data	00000000 _edata
20000090  w      .highcode	00000000 SPI0_IRQHandler
20000a20 g       .bss	00000000 _end
200009a4 g       .highcode	00000000 _highcode_vma_end
00002124 g       .dlalign	00000000 _data_lma
00001e34 g     F .text	0000004e __swrite
0000178e g     F .text	00000298 _vfiprintf_r
00001442 g     F .text	0000006c _fwalk_reent
000020c4 g     O .text	00000020 __sf_fake_stdout
0000200c g     F .text	0000000c _read
000009a8  w      .text	00000000 handle_reset
00001508 g     F .text	0000009e __smakebuf_r
00001b32 g     F .text	000002a8 _printf_i
20000090  w      .highcode	00000000 UART3_IRQHandler
20000a18 g     O .bss	00000004 __malloc_sbrk_start
20000590 g     F .highcode	0000000e FLASH_ROM_END
20000a14 g     O .bss	00000004 __malloc_free_list
0000178e g     F .text	00000298 _vfprintf_r
20000090  w      .highcode	00000000 TMR1_IRQHandler
20000418 g     F .highcode	00000072 SYS_ResetExecute
00001fdc g     F .text	0000000c _close
00000d80 g     F .text	00000030 UART1_BaudRateCfg



Disassembly of section .init:

00000000 <_sinit>:
_start():
e:/DuRuofu/Project/fr-ble-light/software/ch582/SRC/Startup/startup_CH583.S:17

	.section	.init,"ax",@progbits
	.global	_start
	.align	1
_start:
	j	handle_reset
   0:	1a90006f          	j	9a8 <handle_reset>

Disassembly of section .highcode:

20000000 <_highcode_vma_start>:
	...
_vector_base():
20000008:	0090                	addi	a2,sp,64
2000000a:	2000                	fld	fs0,0(s0)
2000000c:	048a                	slli	s1,s1,0x2
2000000e:	2000                	fld	fs0,0(s0)
20000010:	bda9                	j	1ffffe6a <_data_lma+0x1fffdd46>
20000012:	f3f9                	bnez	a5,1fffffd8 <_data_lma+0x1fffdeb4>
20000014:	0090                	addi	a2,sp,64
20000016:	2000                	fld	fs0,0(s0)
	...
20000020:	0090                	addi	a2,sp,64
20000022:	2000                	fld	fs0,0(s0)
20000024:	0090                	addi	a2,sp,64
20000026:	2000                	fld	fs0,0(s0)
	...
20000030:	0090                	addi	a2,sp,64
20000032:	2000                	fld	fs0,0(s0)
20000034:	0000                	unimp
20000036:	0000                	unimp
20000038:	0090                	addi	a2,sp,64
2000003a:	2000                	fld	fs0,0(s0)
2000003c:	0000                	unimp
2000003e:	0000                	unimp
20000040:	0090                	addi	a2,sp,64
20000042:	2000                	fld	fs0,0(s0)
20000044:	0090                	addi	a2,sp,64
20000046:	2000                	fld	fs0,0(s0)
20000048:	0090                	addi	a2,sp,64
2000004a:	2000                	fld	fs0,0(s0)
2000004c:	0090                	addi	a2,sp,64
2000004e:	2000                	fld	fs0,0(s0)
20000050:	0090                	addi	a2,sp,64
20000052:	2000                	fld	fs0,0(s0)
20000054:	0090                	addi	a2,sp,64
20000056:	2000                	fld	fs0,0(s0)
20000058:	0090                	addi	a2,sp,64
2000005a:	2000                	fld	fs0,0(s0)
2000005c:	0090                	addi	a2,sp,64
2000005e:	2000                	fld	fs0,0(s0)
20000060:	0090                	addi	a2,sp,64
20000062:	2000                	fld	fs0,0(s0)
20000064:	0090                	addi	a2,sp,64
20000066:	2000                	fld	fs0,0(s0)
20000068:	0090                	addi	a2,sp,64
2000006a:	2000                	fld	fs0,0(s0)
2000006c:	0090                	addi	a2,sp,64
2000006e:	2000                	fld	fs0,0(s0)
20000070:	0090                	addi	a2,sp,64
20000072:	2000                	fld	fs0,0(s0)
20000074:	0090                	addi	a2,sp,64
20000076:	2000                	fld	fs0,0(s0)
20000078:	0090                	addi	a2,sp,64
2000007a:	2000                	fld	fs0,0(s0)
2000007c:	0090                	addi	a2,sp,64
2000007e:	2000                	fld	fs0,0(s0)
20000080:	0090                	addi	a2,sp,64
20000082:	2000                	fld	fs0,0(s0)
20000084:	0090                	addi	a2,sp,64
20000086:	2000                	fld	fs0,0(s0)
20000088:	0090                	addi	a2,sp,64
2000008a:	2000                	fld	fs0,0(s0)
2000008c:	0090                	addi	a2,sp,64
2000008e:	2000                	fld	fs0,0(s0)

20000090 <ADC_IRQHandler>:
GPIOB_IRQHandler():
e:/DuRuofu/Project/fr-ble-light/software/ch582/SRC/Startup/startup_CH583.S:121
TMR3_IRQHandler:
UART2_IRQHandler:
UART3_IRQHandler:
WDOG_BAT_IRQHandler: 
1:  
	j 1b
20000090:	a001                	j	20000090 <ADC_IRQHandler>

20000092 <SetSysClock>:
sys_safe_access_enable():
e:/DuRuofu/Project/fr-ble-light/software/ch582/SRC/StdPeriphDriver/inc/CH58x_sys.h:182
 * within the valid period. The safe mode will be automatically 
 * terminated after the above validity period is exceeded.
 */
 __attribute__((always_inline)) static inline void sys_safe_access_enable(void)
{
   if(read_csr(0x800)&0x08)
20000092:	80002773          	csrr	a4,0x800
20000096:	8b21                	andi	a4,a4,8
20000098:	80818793          	addi	a5,gp,-2040 # 20000a10 <_edata>
2000009c:	cb09                	beqz	a4,200000ae <SetSysClock+0x1c>
e:/DuRuofu/Project/fr-ble-light/software/ch582/SRC/StdPeriphDriver/inc/CH58x_sys.h:184
   {
       IRQ_STA = read_csr(0x800);
2000009e:	80002773          	csrr	a4,0x800
200000a2:	80e1a423          	sw	a4,-2040(gp) # 20000a10 <_edata>
e:/DuRuofu/Project/fr-ble-light/software/ch582/SRC/StdPeriphDriver/inc/CH58x_sys.h:185
       write_csr(0x800, (IRQ_STA&(~0x08)));
200000a6:	4398                	lw	a4,0(a5)
200000a8:	9b5d                	andi	a4,a4,-9
200000aa:	80071073          	csrw	0x800,a4
e:/DuRuofu/Project/fr-ble-light/software/ch582/SRC/StdPeriphDriver/inc/CH58x_sys.h:187
   }
   SAFEOPERATE;
200000ae:	0000100f          	fence.i
e:/DuRuofu/Project/fr-ble-light/software/ch582/SRC/StdPeriphDriver/inc/CH58x_sys.h:188
   R8_SAFE_ACCESS_SIG = SAFE_ACCESS_SIG1;
200000b2:	40001737          	lui	a4,0x40001
200000b6:	05700693          	li	a3,87
200000ba:	04d70023          	sb	a3,64(a4) # 40001040 <_eusrstack+0x1fff9040>
e:/DuRuofu/Project/fr-ble-light/software/ch582/SRC/StdPeriphDriver/inc/CH58x_sys.h:189
   R8_SAFE_ACCESS_SIG = SAFE_ACCESS_SIG2;
200000be:	fa800693          	li	a3,-88
200000c2:	04d70023          	sb	a3,64(a4)
e:/DuRuofu/Project/fr-ble-light/software/ch582/SRC/StdPeriphDriver/inc/CH58x_sys.h:190
   SAFEOPERATE;
200000c6:	0000100f          	fence.i
SetSysClock():
e:/DuRuofu/Project/fr-ble-light/software/ch582/SRC/StdPeriphDriver/CH58x_sys.c:30
__HIGH_CODE
void SetSysClock(SYS_CLKTypeDef sc)
{
    uint32_t i;
    sys_safe_access_enable();
    R8_PLL_CONFIG &= ~(1 << 5); //
200000ca:	04b74683          	lbu	a3,75(a4)
200000ce:	0df6f693          	andi	a3,a3,223
200000d2:	04d705a3          	sb	a3,75(a4)
sys_safe_access_disable():
e:/DuRuofu/Project/fr-ble-light/software/ch582/SRC/StdPeriphDriver/inc/CH58x_sys.h:195
}

__attribute__((always_inline)) static inline void sys_safe_access_disable(void)
{
   R8_SAFE_ACCESS_SIG = 0;
200000d6:	04070023          	sb	zero,64(a4)
e:/DuRuofu/Project/fr-ble-light/software/ch582/SRC/StdPeriphDriver/inc/CH58x_sys.h:196
   write_csr(0x800, read_csr(0x800)|(IRQ_STA&0x08));
200000da:	80002673          	csrr	a2,0x800
200000de:	4394                	lw	a3,0(a5)
200000e0:	8aa1                	andi	a3,a3,8
200000e2:	8ed1                	or	a3,a3,a2
200000e4:	80069073          	csrw	0x800,a3
e:/DuRuofu/Project/fr-ble-light/software/ch582/SRC/StdPeriphDriver/inc/CH58x_sys.h:197
   IRQ_STA = 0;
200000e8:	8001a423          	sw	zero,-2040(gp) # 20000a10 <_edata>
e:/DuRuofu/Project/fr-ble-light/software/ch582/SRC/StdPeriphDriver/inc/CH58x_sys.h:198
   SAFEOPERATE;
200000ec:	0000100f          	fence.i
SetSysClock():
e:/DuRuofu/Project/fr-ble-light/software/ch582/SRC/StdPeriphDriver/CH58x_sys.c:32
    sys_safe_access_disable();
    if(sc & 0x20)
200000f0:	02057693          	andi	a3,a0,32
200000f4:	18068463          	beqz	a3,2000027c <SetSysClock+0x1ea>
e:/DuRuofu/Project/fr-ble-light/software/ch582/SRC/StdPeriphDriver/CH58x_sys.c:34
    { // HSE div
        if(!(R8_HFCK_PWR_CTRL & RB_CLK_XT32M_PON))
200000f8:	00a74703          	lbu	a4,10(a4)
200000fc:	8b11                	andi	a4,a4,4
200000fe:	e725                	bnez	a4,20000166 <SetSysClock+0xd4>
sys_safe_access_enable():
e:/DuRuofu/Project/fr-ble-light/software/ch582/SRC/StdPeriphDriver/inc/CH58x_sys.h:182
   if(read_csr(0x800)&0x08)
20000100:	80002773          	csrr	a4,0x800
20000104:	8b21                	andi	a4,a4,8
20000106:	cb09                	beqz	a4,20000118 <SetSysClock+0x86>
e:/DuRuofu/Project/fr-ble-light/software/ch582/SRC/StdPeriphDriver/inc/CH58x_sys.h:184
       IRQ_STA = read_csr(0x800);
20000108:	80002773          	csrr	a4,0x800
2000010c:	80e1a423          	sw	a4,-2040(gp) # 20000a10 <_edata>
e:/DuRuofu/Project/fr-ble-light/software/ch582/SRC/StdPeriphDriver/inc/CH58x_sys.h:185
       write_csr(0x800, (IRQ_STA&(~0x08)));
20000110:	4398                	lw	a4,0(a5)
20000112:	9b5d                	andi	a4,a4,-9
20000114:	80071073          	csrw	0x800,a4
e:/DuRuofu/Project/fr-ble-light/software/ch582/SRC/StdPeriphDriver/inc/CH58x_sys.h:187
   SAFEOPERATE;
20000118:	0000100f          	fence.i
e:/DuRuofu/Project/fr-ble-light/software/ch582/SRC/StdPeriphDriver/inc/CH58x_sys.h:188
   R8_SAFE_ACCESS_SIG = SAFE_ACCESS_SIG1;
2000011c:	40001737          	lui	a4,0x40001
20000120:	05700693          	li	a3,87
20000124:	04d70023          	sb	a3,64(a4) # 40001040 <_eusrstack+0x1fff9040>
e:/DuRuofu/Project/fr-ble-light/software/ch582/SRC/StdPeriphDriver/inc/CH58x_sys.h:189
   R8_SAFE_ACCESS_SIG = SAFE_ACCESS_SIG2;
20000128:	fa800693          	li	a3,-88
2000012c:	04d70023          	sb	a3,64(a4)
e:/DuRuofu/Project/fr-ble-light/software/ch582/SRC/StdPeriphDriver/inc/CH58x_sys.h:190
   SAFEOPERATE;
20000130:	0000100f          	fence.i
SetSysClock():
e:/DuRuofu/Project/fr-ble-light/software/ch582/SRC/StdPeriphDriver/CH58x_sys.c:37
        {
            sys_safe_access_enable();
            R8_HFCK_PWR_CTRL |= RB_CLK_XT32M_PON; // HSE power on
20000134:	00a74683          	lbu	a3,10(a4)
20000138:	0046e693          	ori	a3,a3,4
2000013c:	00d70523          	sb	a3,10(a4)
sys_safe_access_disable():
e:/DuRuofu/Project/fr-ble-light/software/ch582/SRC/StdPeriphDriver/inc/CH58x_sys.h:195
   R8_SAFE_ACCESS_SIG = 0;
20000140:	04070023          	sb	zero,64(a4)
e:/DuRuofu/Project/fr-ble-light/software/ch582/SRC/StdPeriphDriver/inc/CH58x_sys.h:196
   write_csr(0x800, read_csr(0x800)|(IRQ_STA&0x08));
20000144:	800026f3          	csrr	a3,0x800
20000148:	4398                	lw	a4,0(a5)
2000014a:	8b21                	andi	a4,a4,8
2000014c:	8f55                	or	a4,a4,a3
2000014e:	80071073          	csrw	0x800,a4
e:/DuRuofu/Project/fr-ble-light/software/ch582/SRC/StdPeriphDriver/inc/CH58x_sys.h:197
   IRQ_STA = 0;
20000152:	8001a423          	sw	zero,-2040(gp) # 20000a10 <_edata>
e:/DuRuofu/Project/fr-ble-light/software/ch582/SRC/StdPeriphDriver/inc/CH58x_sys.h:198
   SAFEOPERATE;
20000156:	0000100f          	fence.i
2000015a:	4b000713          	li	a4,1200
SetSysClock():
e:/DuRuofu/Project/fr-ble-light/software/ch582/SRC/StdPeriphDriver/CH58x_sys.c:41 (discriminator 3)
            sys_safe_access_disable();
            for(i = 0; i < 1200; i++)
            {
                __nop();
2000015e:	0001                	nop
e:/DuRuofu/Project/fr-ble-light/software/ch582/SRC/StdPeriphDriver/CH58x_sys.c:42 (discriminator 3)
                __nop();
20000160:	0001                	nop
20000162:	177d                	addi	a4,a4,-1
e:/DuRuofu/Project/fr-ble-light/software/ch582/SRC/StdPeriphDriver/CH58x_sys.c:39 (discriminator 3)
            for(i = 0; i < 1200; i++)
20000164:	ff6d                	bnez	a4,2000015e <SetSysClock+0xcc>
sys_safe_access_enable():
e:/DuRuofu/Project/fr-ble-light/software/ch582/SRC/StdPeriphDriver/inc/CH58x_sys.h:182
   if(read_csr(0x800)&0x08)
20000166:	80002773          	csrr	a4,0x800
2000016a:	8b21                	andi	a4,a4,8
2000016c:	cb09                	beqz	a4,2000017e <SetSysClock+0xec>
e:/DuRuofu/Project/fr-ble-light/software/ch582/SRC/StdPeriphDriver/inc/CH58x_sys.h:184
       IRQ_STA = read_csr(0x800);
2000016e:	80002773          	csrr	a4,0x800
20000172:	80e1a423          	sw	a4,-2040(gp) # 20000a10 <_edata>
e:/DuRuofu/Project/fr-ble-light/software/ch582/SRC/StdPeriphDriver/inc/CH58x_sys.h:185
       write_csr(0x800, (IRQ_STA&(~0x08)));
20000176:	4398                	lw	a4,0(a5)
20000178:	9b5d                	andi	a4,a4,-9
2000017a:	80071073          	csrw	0x800,a4
e:/DuRuofu/Project/fr-ble-light/software/ch582/SRC/StdPeriphDriver/inc/CH58x_sys.h:187
   SAFEOPERATE;
2000017e:	0000100f          	fence.i
e:/DuRuofu/Project/fr-ble-light/software/ch582/SRC/StdPeriphDriver/inc/CH58x_sys.h:188
   R8_SAFE_ACCESS_SIG = SAFE_ACCESS_SIG1;
20000182:	40001737          	lui	a4,0x40001
20000186:	05700693          	li	a3,87
2000018a:	04d70023          	sb	a3,64(a4) # 40001040 <_eusrstack+0x1fff9040>
e:/DuRuofu/Project/fr-ble-light/software/ch582/SRC/StdPeriphDriver/inc/CH58x_sys.h:189
   R8_SAFE_ACCESS_SIG = SAFE_ACCESS_SIG2;
2000018e:	fa800693          	li	a3,-88
20000192:	04d70023          	sb	a3,64(a4)
e:/DuRuofu/Project/fr-ble-light/software/ch582/SRC/StdPeriphDriver/inc/CH58x_sys.h:190
   SAFEOPERATE;
20000196:	0000100f          	fence.i
SetSysClock():
e:/DuRuofu/Project/fr-ble-light/software/ch582/SRC/StdPeriphDriver/CH58x_sys.c:47
            }
        }

        sys_safe_access_enable();
        R16_CLK_SYS_CFG = (0 << 6) | (sc & 0x1f);
2000019a:	897d                	andi	a0,a0,31
2000019c:	00a71423          	sh	a0,8(a4)
e:/DuRuofu/Project/fr-ble-light/software/ch582/SRC/StdPeriphDriver/CH58x_sys.c:48
        __nop();
200001a0:	0001                	nop
e:/DuRuofu/Project/fr-ble-light/software/ch582/SRC/StdPeriphDriver/CH58x_sys.c:49
        __nop();
200001a2:	0001                	nop
e:/DuRuofu/Project/fr-ble-light/software/ch582/SRC/StdPeriphDriver/CH58x_sys.c:50
        __nop();
200001a4:	0001                	nop
e:/DuRuofu/Project/fr-ble-light/software/ch582/SRC/StdPeriphDriver/CH58x_sys.c:51
        __nop();
200001a6:	0001                	nop
sys_safe_access_disable():
e:/DuRuofu/Project/fr-ble-light/software/ch582/SRC/StdPeriphDriver/inc/CH58x_sys.h:195
   R8_SAFE_ACCESS_SIG = 0;
200001a8:	04070023          	sb	zero,64(a4)
e:/DuRuofu/Project/fr-ble-light/software/ch582/SRC/StdPeriphDriver/inc/CH58x_sys.h:196
   write_csr(0x800, read_csr(0x800)|(IRQ_STA&0x08));
200001ac:	800026f3          	csrr	a3,0x800
200001b0:	4398                	lw	a4,0(a5)
200001b2:	8b21                	andi	a4,a4,8
200001b4:	8f55                	or	a4,a4,a3
200001b6:	80071073          	csrw	0x800,a4
e:/DuRuofu/Project/fr-ble-light/software/ch582/SRC/StdPeriphDriver/inc/CH58x_sys.h:197
   IRQ_STA = 0;
200001ba:	8001a423          	sw	zero,-2040(gp) # 20000a10 <_edata>
e:/DuRuofu/Project/fr-ble-light/software/ch582/SRC/StdPeriphDriver/inc/CH58x_sys.h:198
   SAFEOPERATE;
200001be:	0000100f          	fence.i
sys_safe_access_enable():
e:/DuRuofu/Project/fr-ble-light/software/ch582/SRC/StdPeriphDriver/inc/CH58x_sys.h:182
   if(read_csr(0x800)&0x08)
200001c2:	80002773          	csrr	a4,0x800
200001c6:	8b21                	andi	a4,a4,8
200001c8:	cb09                	beqz	a4,200001da <SetSysClock+0x148>
e:/DuRuofu/Project/fr-ble-light/software/ch582/SRC/StdPeriphDriver/inc/CH58x_sys.h:184
       IRQ_STA = read_csr(0x800);
200001ca:	80002773          	csrr	a4,0x800
200001ce:	80e1a423          	sw	a4,-2040(gp) # 20000a10 <_edata>
e:/DuRuofu/Project/fr-ble-light/software/ch582/SRC/StdPeriphDriver/inc/CH58x_sys.h:185
       write_csr(0x800, (IRQ_STA&(~0x08)));
200001d2:	4398                	lw	a4,0(a5)
200001d4:	9b5d                	andi	a4,a4,-9
200001d6:	80071073          	csrw	0x800,a4
e:/DuRuofu/Project/fr-ble-light/software/ch582/SRC/StdPeriphDriver/inc/CH58x_sys.h:187
   SAFEOPERATE;
200001da:	0000100f          	fence.i
e:/DuRuofu/Project/fr-ble-light/software/ch582/SRC/StdPeriphDriver/inc/CH58x_sys.h:188
   R8_SAFE_ACCESS_SIG = SAFE_ACCESS_SIG1;
200001de:	40001737          	lui	a4,0x40001
200001e2:	05700693          	li	a3,87
200001e6:	04d70023          	sb	a3,64(a4) # 40001040 <_eusrstack+0x1fff9040>
e:/DuRuofu/Project/fr-ble-light/software/ch582/SRC/StdPeriphDriver/inc/CH58x_sys.h:189
   R8_SAFE_ACCESS_SIG = SAFE_ACCESS_SIG2;
200001ea:	fa800693          	li	a3,-88
200001ee:	04d70023          	sb	a3,64(a4)
e:/DuRuofu/Project/fr-ble-light/software/ch582/SRC/StdPeriphDriver/inc/CH58x_sys.h:190
   SAFEOPERATE;
200001f2:	0000100f          	fence.i
SetSysClock():
e:/DuRuofu/Project/fr-ble-light/software/ch582/SRC/StdPeriphDriver/CH58x_sys.c:54
        sys_safe_access_disable();
        sys_safe_access_enable();
        SAFEOPERATE;
200001f6:	0000100f          	fence.i
e:/DuRuofu/Project/fr-ble-light/software/ch582/SRC/StdPeriphDriver/CH58x_sys.c:55
        R8_FLASH_CFG = 0X51;
200001fa:	400026b7          	lui	a3,0x40002
200001fe:	05100613          	li	a2,81
e:/DuRuofu/Project/fr-ble-light/software/ch582/SRC/StdPeriphDriver/CH58x_sys.c:88
            sys_safe_access_disable();
        }
        else
        {
            sys_safe_access_enable();
            R8_FLASH_CFG = 0X52;
20000202:	80c683a3          	sb	a2,-2041(a3) # 40001807 <_eusrstack+0x1fff9807>
sys_safe_access_disable():
e:/DuRuofu/Project/fr-ble-light/software/ch582/SRC/StdPeriphDriver/inc/CH58x_sys.h:195
   R8_SAFE_ACCESS_SIG = 0;
20000206:	04070023          	sb	zero,64(a4)
e:/DuRuofu/Project/fr-ble-light/software/ch582/SRC/StdPeriphDriver/inc/CH58x_sys.h:196
   write_csr(0x800, read_csr(0x800)|(IRQ_STA&0x08));
2000020a:	800026f3          	csrr	a3,0x800
2000020e:	4398                	lw	a4,0(a5)
20000210:	8b21                	andi	a4,a4,8
20000212:	8f55                	or	a4,a4,a3
20000214:	80071073          	csrw	0x800,a4
e:/DuRuofu/Project/fr-ble-light/software/ch582/SRC/StdPeriphDriver/inc/CH58x_sys.h:197
   IRQ_STA = 0;
20000218:	8001a423          	sw	zero,-2040(gp) # 20000a10 <_edata>
e:/DuRuofu/Project/fr-ble-light/software/ch582/SRC/StdPeriphDriver/inc/CH58x_sys.h:198
   SAFEOPERATE;
2000021c:	0000100f          	fence.i
sys_safe_access_enable():
e:/DuRuofu/Project/fr-ble-light/software/ch582/SRC/StdPeriphDriver/inc/CH58x_sys.h:182
   if(read_csr(0x800)&0x08)
20000220:	80002773          	csrr	a4,0x800
20000224:	8b21                	andi	a4,a4,8
20000226:	cb09                	beqz	a4,20000238 <SetSysClock+0x1a6>
e:/DuRuofu/Project/fr-ble-light/software/ch582/SRC/StdPeriphDriver/inc/CH58x_sys.h:184
       IRQ_STA = read_csr(0x800);
20000228:	80002773          	csrr	a4,0x800
2000022c:	80e1a423          	sw	a4,-2040(gp) # 20000a10 <_edata>
e:/DuRuofu/Project/fr-ble-light/software/ch582/SRC/StdPeriphDriver/inc/CH58x_sys.h:185
       write_csr(0x800, (IRQ_STA&(~0x08)));
20000230:	4398                	lw	a4,0(a5)
20000232:	9b5d                	andi	a4,a4,-9
20000234:	80071073          	csrw	0x800,a4
e:/DuRuofu/Project/fr-ble-light/software/ch582/SRC/StdPeriphDriver/inc/CH58x_sys.h:187
   SAFEOPERATE;
20000238:	0000100f          	fence.i
e:/DuRuofu/Project/fr-ble-light/software/ch582/SRC/StdPeriphDriver/inc/CH58x_sys.h:188
   R8_SAFE_ACCESS_SIG = SAFE_ACCESS_SIG1;
2000023c:	40001737          	lui	a4,0x40001
20000240:	05700693          	li	a3,87
20000244:	04d70023          	sb	a3,64(a4) # 40001040 <_eusrstack+0x1fff9040>
e:/DuRuofu/Project/fr-ble-light/software/ch582/SRC/StdPeriphDriver/inc/CH58x_sys.h:189
   R8_SAFE_ACCESS_SIG = SAFE_ACCESS_SIG2;
20000248:	fa800693          	li	a3,-88
2000024c:	04d70023          	sb	a3,64(a4)
e:/DuRuofu/Project/fr-ble-light/software/ch582/SRC/StdPeriphDriver/inc/CH58x_sys.h:190
   SAFEOPERATE;
20000250:	0000100f          	fence.i
SetSysClock():
e:/DuRuofu/Project/fr-ble-light/software/ch582/SRC/StdPeriphDriver/CH58x_sys.c:100
        R16_CLK_SYS_CFG |= RB_CLK_SYS_MOD;
        sys_safe_access_disable();
    }
    //∏¸∏ƒFLASH clkµƒ«˝∂Øƒ‹¡¶
    sys_safe_access_enable();
    R8_PLL_CONFIG |= 1 << 7;
20000254:	04b74683          	lbu	a3,75(a4)
20000258:	0806e693          	ori	a3,a3,128
2000025c:	04d705a3          	sb	a3,75(a4)
sys_safe_access_disable():
e:/DuRuofu/Project/fr-ble-light/software/ch582/SRC/StdPeriphDriver/inc/CH58x_sys.h:195
   R8_SAFE_ACCESS_SIG = 0;
20000260:	04070023          	sb	zero,64(a4)
e:/DuRuofu/Project/fr-ble-light/software/ch582/SRC/StdPeriphDriver/inc/CH58x_sys.h:196
   write_csr(0x800, read_csr(0x800)|(IRQ_STA&0x08));
20000264:	80002773          	csrr	a4,0x800
20000268:	439c                	lw	a5,0(a5)
2000026a:	8ba1                	andi	a5,a5,8
2000026c:	8fd9                	or	a5,a5,a4
2000026e:	80079073          	csrw	0x800,a5
e:/DuRuofu/Project/fr-ble-light/software/ch582/SRC/StdPeriphDriver/inc/CH58x_sys.h:197
   IRQ_STA = 0;
20000272:	8001a423          	sw	zero,-2040(gp) # 20000a10 <_edata>
e:/DuRuofu/Project/fr-ble-light/software/ch582/SRC/StdPeriphDriver/inc/CH58x_sys.h:198
   SAFEOPERATE;
20000276:	0000100f          	fence.i
SetSysClock():
e:/DuRuofu/Project/fr-ble-light/software/ch582/SRC/StdPeriphDriver/CH58x_sys.c:102
    sys_safe_access_disable();
}
2000027a:	8082                	ret
e:/DuRuofu/Project/fr-ble-light/software/ch582/SRC/StdPeriphDriver/CH58x_sys.c:59
    else if(sc & 0x40)
2000027c:	04057693          	andi	a3,a0,64
20000280:	14068b63          	beqz	a3,200003d6 <SetSysClock+0x344>
e:/DuRuofu/Project/fr-ble-light/software/ch582/SRC/StdPeriphDriver/CH58x_sys.c:61
        if(!(R8_HFCK_PWR_CTRL & RB_CLK_PLL_PON))
20000284:	00a74703          	lbu	a4,10(a4)
20000288:	8b41                	andi	a4,a4,16
2000028a:	e725                	bnez	a4,200002f2 <SetSysClock+0x260>
sys_safe_access_enable():
e:/DuRuofu/Project/fr-ble-light/software/ch582/SRC/StdPeriphDriver/inc/CH58x_sys.h:182
   if(read_csr(0x800)&0x08)
2000028c:	80002773          	csrr	a4,0x800
20000290:	8b21                	andi	a4,a4,8
20000292:	cb09                	beqz	a4,200002a4 <SetSysClock+0x212>
e:/DuRuofu/Project/fr-ble-light/software/ch582/SRC/StdPeriphDriver/inc/CH58x_sys.h:184
       IRQ_STA = read_csr(0x800);
20000294:	80002773          	csrr	a4,0x800
20000298:	80e1a423          	sw	a4,-2040(gp) # 20000a10 <_edata>
e:/DuRuofu/Project/fr-ble-light/software/ch582/SRC/StdPeriphDriver/inc/CH58x_sys.h:185
       write_csr(0x800, (IRQ_STA&(~0x08)));
2000029c:	4398                	lw	a4,0(a5)
2000029e:	9b5d                	andi	a4,a4,-9
200002a0:	80071073          	csrw	0x800,a4
e:/DuRuofu/Project/fr-ble-light/software/ch582/SRC/StdPeriphDriver/inc/CH58x_sys.h:187
   SAFEOPERATE;
200002a4:	0000100f          	fence.i
e:/DuRuofu/Project/fr-ble-light/software/ch582/SRC/StdPeriphDriver/inc/CH58x_sys.h:188
   R8_SAFE_ACCESS_SIG = SAFE_ACCESS_SIG1;
200002a8:	40001737          	lui	a4,0x40001
200002ac:	05700693          	li	a3,87
200002b0:	04d70023          	sb	a3,64(a4) # 40001040 <_eusrstack+0x1fff9040>
e:/DuRuofu/Project/fr-ble-light/software/ch582/SRC/StdPeriphDriver/inc/CH58x_sys.h:189
   R8_SAFE_ACCESS_SIG = SAFE_ACCESS_SIG2;
200002b4:	fa800693          	li	a3,-88
200002b8:	04d70023          	sb	a3,64(a4)
e:/DuRuofu/Project/fr-ble-light/software/ch582/SRC/StdPeriphDriver/inc/CH58x_sys.h:190
   SAFEOPERATE;
200002bc:	0000100f          	fence.i
SetSysClock():
e:/DuRuofu/Project/fr-ble-light/software/ch582/SRC/StdPeriphDriver/CH58x_sys.c:64
            R8_HFCK_PWR_CTRL |= RB_CLK_PLL_PON; // PLL power on
200002c0:	00a74683          	lbu	a3,10(a4)
200002c4:	0106e693          	ori	a3,a3,16
200002c8:	00d70523          	sb	a3,10(a4)
sys_safe_access_disable():
e:/DuRuofu/Project/fr-ble-light/software/ch582/SRC/StdPeriphDriver/inc/CH58x_sys.h:195
   R8_SAFE_ACCESS_SIG = 0;
200002cc:	04070023          	sb	zero,64(a4)
e:/DuRuofu/Project/fr-ble-light/software/ch582/SRC/StdPeriphDriver/inc/CH58x_sys.h:196
   write_csr(0x800, read_csr(0x800)|(IRQ_STA&0x08));
200002d0:	800026f3          	csrr	a3,0x800
200002d4:	4398                	lw	a4,0(a5)
200002d6:	8b21                	andi	a4,a4,8
200002d8:	8f55                	or	a4,a4,a3
200002da:	80071073          	csrw	0x800,a4
e:/DuRuofu/Project/fr-ble-light/software/ch582/SRC/StdPeriphDriver/inc/CH58x_sys.h:197
   IRQ_STA = 0;
200002de:	8001a423          	sw	zero,-2040(gp) # 20000a10 <_edata>
e:/DuRuofu/Project/fr-ble-light/software/ch582/SRC/StdPeriphDriver/inc/CH58x_sys.h:198
   SAFEOPERATE;
200002e2:	0000100f          	fence.i
200002e6:	7d000713          	li	a4,2000
SetSysClock():
e:/DuRuofu/Project/fr-ble-light/software/ch582/SRC/StdPeriphDriver/CH58x_sys.c:68 (discriminator 3)
                __nop();
200002ea:	0001                	nop
e:/DuRuofu/Project/fr-ble-light/software/ch582/SRC/StdPeriphDriver/CH58x_sys.c:69 (discriminator 3)
                __nop();
200002ec:	0001                	nop
200002ee:	177d                	addi	a4,a4,-1
e:/DuRuofu/Project/fr-ble-light/software/ch582/SRC/StdPeriphDriver/CH58x_sys.c:66 (discriminator 3)
            for(i = 0; i < 2000; i++)
200002f0:	ff6d                	bnez	a4,200002ea <SetSysClock+0x258>
sys_safe_access_enable():
e:/DuRuofu/Project/fr-ble-light/software/ch582/SRC/StdPeriphDriver/inc/CH58x_sys.h:182
   if(read_csr(0x800)&0x08)
200002f2:	80002773          	csrr	a4,0x800
200002f6:	8b21                	andi	a4,a4,8
200002f8:	cb09                	beqz	a4,2000030a <SetSysClock+0x278>
e:/DuRuofu/Project/fr-ble-light/software/ch582/SRC/StdPeriphDriver/inc/CH58x_sys.h:184
       IRQ_STA = read_csr(0x800);
200002fa:	80002773          	csrr	a4,0x800
200002fe:	80e1a423          	sw	a4,-2040(gp) # 20000a10 <_edata>
e:/DuRuofu/Project/fr-ble-light/software/ch582/SRC/StdPeriphDriver/inc/CH58x_sys.h:185
       write_csr(0x800, (IRQ_STA&(~0x08)));
20000302:	4398                	lw	a4,0(a5)
20000304:	9b5d                	andi	a4,a4,-9
20000306:	80071073          	csrw	0x800,a4
e:/DuRuofu/Project/fr-ble-light/software/ch582/SRC/StdPeriphDriver/inc/CH58x_sys.h:187
   SAFEOPERATE;
2000030a:	0000100f          	fence.i
e:/DuRuofu/Project/fr-ble-light/software/ch582/SRC/StdPeriphDriver/inc/CH58x_sys.h:188
   R8_SAFE_ACCESS_SIG = SAFE_ACCESS_SIG1;
2000030e:	40001737          	lui	a4,0x40001
20000312:	05700693          	li	a3,87
20000316:	04d70023          	sb	a3,64(a4) # 40001040 <_eusrstack+0x1fff9040>
e:/DuRuofu/Project/fr-ble-light/software/ch582/SRC/StdPeriphDriver/inc/CH58x_sys.h:189
   R8_SAFE_ACCESS_SIG = SAFE_ACCESS_SIG2;
2000031a:	fa800693          	li	a3,-88
2000031e:	04d70023          	sb	a3,64(a4)
e:/DuRuofu/Project/fr-ble-light/software/ch582/SRC/StdPeriphDriver/inc/CH58x_sys.h:190
   SAFEOPERATE;
20000322:	0000100f          	fence.i
SetSysClock():
e:/DuRuofu/Project/fr-ble-light/software/ch582/SRC/StdPeriphDriver/CH58x_sys.c:73
        R16_CLK_SYS_CFG = (1 << 6) | (sc & 0x1f);
20000326:	01f57693          	andi	a3,a0,31
2000032a:	0406e693          	ori	a3,a3,64
2000032e:	00d71423          	sh	a3,8(a4)
e:/DuRuofu/Project/fr-ble-light/software/ch582/SRC/StdPeriphDriver/CH58x_sys.c:74
        __nop();
20000332:	0001                	nop
e:/DuRuofu/Project/fr-ble-light/software/ch582/SRC/StdPeriphDriver/CH58x_sys.c:75
        __nop();
20000334:	0001                	nop
e:/DuRuofu/Project/fr-ble-light/software/ch582/SRC/StdPeriphDriver/CH58x_sys.c:76
        __nop();
20000336:	0001                	nop
e:/DuRuofu/Project/fr-ble-light/software/ch582/SRC/StdPeriphDriver/CH58x_sys.c:77
        __nop();
20000338:	0001                	nop
sys_safe_access_disable():
e:/DuRuofu/Project/fr-ble-light/software/ch582/SRC/StdPeriphDriver/inc/CH58x_sys.h:195
   R8_SAFE_ACCESS_SIG = 0;
2000033a:	04070023          	sb	zero,64(a4)
e:/DuRuofu/Project/fr-ble-light/software/ch582/SRC/StdPeriphDriver/inc/CH58x_sys.h:196
   write_csr(0x800, read_csr(0x800)|(IRQ_STA&0x08));
2000033e:	800026f3          	csrr	a3,0x800
20000342:	4398                	lw	a4,0(a5)
20000344:	8b21                	andi	a4,a4,8
20000346:	8f55                	or	a4,a4,a3
20000348:	80071073          	csrw	0x800,a4
e:/DuRuofu/Project/fr-ble-light/software/ch582/SRC/StdPeriphDriver/inc/CH58x_sys.h:197
   IRQ_STA = 0;
2000034c:	8001a423          	sw	zero,-2040(gp) # 20000a10 <_edata>
e:/DuRuofu/Project/fr-ble-light/software/ch582/SRC/StdPeriphDriver/inc/CH58x_sys.h:198
   SAFEOPERATE;
20000350:	0000100f          	fence.i
SetSysClock():
e:/DuRuofu/Project/fr-ble-light/software/ch582/SRC/StdPeriphDriver/CH58x_sys.c:79
        if(sc == CLK_SOURCE_PLL_80MHz)
20000354:	04600713          	li	a4,70
20000358:	04e51063          	bne	a0,a4,20000398 <SetSysClock+0x306>
sys_safe_access_enable():
e:/DuRuofu/Project/fr-ble-light/software/ch582/SRC/StdPeriphDriver/inc/CH58x_sys.h:182
   if(read_csr(0x800)&0x08)
2000035c:	80002773          	csrr	a4,0x800
20000360:	8b21                	andi	a4,a4,8
20000362:	cb09                	beqz	a4,20000374 <SetSysClock+0x2e2>
e:/DuRuofu/Project/fr-ble-light/software/ch582/SRC/StdPeriphDriver/inc/CH58x_sys.h:184
       IRQ_STA = read_csr(0x800);
20000364:	80002773          	csrr	a4,0x800
20000368:	80e1a423          	sw	a4,-2040(gp) # 20000a10 <_edata>
e:/DuRuofu/Project/fr-ble-light/software/ch582/SRC/StdPeriphDriver/inc/CH58x_sys.h:185
       write_csr(0x800, (IRQ_STA&(~0x08)));
2000036c:	4398                	lw	a4,0(a5)
2000036e:	9b5d                	andi	a4,a4,-9
20000370:	80071073          	csrw	0x800,a4
e:/DuRuofu/Project/fr-ble-light/software/ch582/SRC/StdPeriphDriver/inc/CH58x_sys.h:187
   SAFEOPERATE;
20000374:	0000100f          	fence.i
e:/DuRuofu/Project/fr-ble-light/software/ch582/SRC/StdPeriphDriver/inc/CH58x_sys.h:188
   R8_SAFE_ACCESS_SIG = SAFE_ACCESS_SIG1;
20000378:	40001737          	lui	a4,0x40001
2000037c:	05700693          	li	a3,87
20000380:	04d70023          	sb	a3,64(a4) # 40001040 <_eusrstack+0x1fff9040>
e:/DuRuofu/Project/fr-ble-light/software/ch582/SRC/StdPeriphDriver/inc/CH58x_sys.h:189
   R8_SAFE_ACCESS_SIG = SAFE_ACCESS_SIG2;
20000384:	fa800693          	li	a3,-88
20000388:	04d70023          	sb	a3,64(a4)
e:/DuRuofu/Project/fr-ble-light/software/ch582/SRC/StdPeriphDriver/inc/CH58x_sys.h:190
   SAFEOPERATE;
2000038c:	0000100f          	fence.i
SetSysClock():
e:/DuRuofu/Project/fr-ble-light/software/ch582/SRC/StdPeriphDriver/CH58x_sys.c:82
            R8_FLASH_CFG = 0X02;
20000390:	400026b7          	lui	a3,0x40002
20000394:	4609                	li	a2,2
20000396:	b5b5                	j	20000202 <SetSysClock+0x170>
sys_safe_access_enable():
e:/DuRuofu/Project/fr-ble-light/software/ch582/SRC/StdPeriphDriver/inc/CH58x_sys.h:182
   if(read_csr(0x800)&0x08)
20000398:	80002773          	csrr	a4,0x800
2000039c:	8b21                	andi	a4,a4,8
2000039e:	cb09                	beqz	a4,200003b0 <SetSysClock+0x31e>
e:/DuRuofu/Project/fr-ble-light/software/ch582/SRC/StdPeriphDriver/inc/CH58x_sys.h:184
       IRQ_STA = read_csr(0x800);
200003a0:	80002773          	csrr	a4,0x800
200003a4:	80e1a423          	sw	a4,-2040(gp) # 20000a10 <_edata>
e:/DuRuofu/Project/fr-ble-light/software/ch582/SRC/StdPeriphDriver/inc/CH58x_sys.h:185
       write_csr(0x800, (IRQ_STA&(~0x08)));
200003a8:	4398                	lw	a4,0(a5)
200003aa:	9b5d                	andi	a4,a4,-9
200003ac:	80071073          	csrw	0x800,a4
e:/DuRuofu/Project/fr-ble-light/software/ch582/SRC/StdPeriphDriver/inc/CH58x_sys.h:187
   SAFEOPERATE;
200003b0:	0000100f          	fence.i
e:/DuRuofu/Project/fr-ble-light/software/ch582/SRC/StdPeriphDriver/inc/CH58x_sys.h:188
   R8_SAFE_ACCESS_SIG = SAFE_ACCESS_SIG1;
200003b4:	40001737          	lui	a4,0x40001
200003b8:	05700693          	li	a3,87
200003bc:	04d70023          	sb	a3,64(a4) # 40001040 <_eusrstack+0x1fff9040>
e:/DuRuofu/Project/fr-ble-light/software/ch582/SRC/StdPeriphDriver/inc/CH58x_sys.h:189
   R8_SAFE_ACCESS_SIG = SAFE_ACCESS_SIG2;
200003c0:	fa800693          	li	a3,-88
200003c4:	04d70023          	sb	a3,64(a4)
e:/DuRuofu/Project/fr-ble-light/software/ch582/SRC/StdPeriphDriver/inc/CH58x_sys.h:190
   SAFEOPERATE;
200003c8:	0000100f          	fence.i
SetSysClock():
e:/DuRuofu/Project/fr-ble-light/software/ch582/SRC/StdPeriphDriver/CH58x_sys.c:88
            R8_FLASH_CFG = 0X52;
200003cc:	400026b7          	lui	a3,0x40002
200003d0:	05200613          	li	a2,82
200003d4:	b53d                	j	20000202 <SetSysClock+0x170>
sys_safe_access_enable():
e:/DuRuofu/Project/fr-ble-light/software/ch582/SRC/StdPeriphDriver/inc/CH58x_sys.h:182
   if(read_csr(0x800)&0x08)
200003d6:	80002773          	csrr	a4,0x800
200003da:	8b21                	andi	a4,a4,8
200003dc:	cb09                	beqz	a4,200003ee <SetSysClock+0x35c>
e:/DuRuofu/Project/fr-ble-light/software/ch582/SRC/StdPeriphDriver/inc/CH58x_sys.h:184
       IRQ_STA = read_csr(0x800);
200003de:	80002773          	csrr	a4,0x800
200003e2:	80e1a423          	sw	a4,-2040(gp) # 20000a10 <_edata>
e:/DuRuofu/Project/fr-ble-light/software/ch582/SRC/StdPeriphDriver/inc/CH58x_sys.h:185
       write_csr(0x800, (IRQ_STA&(~0x08)));
200003e6:	4398                	lw	a4,0(a5)
200003e8:	9b5d                	andi	a4,a4,-9
200003ea:	80071073          	csrw	0x800,a4
e:/DuRuofu/Project/fr-ble-light/software/ch582/SRC/StdPeriphDriver/inc/CH58x_sys.h:187
   SAFEOPERATE;
200003ee:	0000100f          	fence.i
e:/DuRuofu/Project/fr-ble-light/software/ch582/SRC/StdPeriphDriver/inc/CH58x_sys.h:188
   R8_SAFE_ACCESS_SIG = SAFE_ACCESS_SIG1;
200003f2:	40001737          	lui	a4,0x40001
200003f6:	05700693          	li	a3,87
200003fa:	04d70023          	sb	a3,64(a4) # 40001040 <_eusrstack+0x1fff9040>
e:/DuRuofu/Project/fr-ble-light/software/ch582/SRC/StdPeriphDriver/inc/CH58x_sys.h:189
   R8_SAFE_ACCESS_SIG = SAFE_ACCESS_SIG2;
200003fe:	fa800693          	li	a3,-88
20000402:	04d70023          	sb	a3,64(a4)
e:/DuRuofu/Project/fr-ble-light/software/ch582/SRC/StdPeriphDriver/inc/CH58x_sys.h:190
   SAFEOPERATE;
20000406:	0000100f          	fence.i
SetSysClock():
e:/DuRuofu/Project/fr-ble-light/software/ch582/SRC/StdPeriphDriver/CH58x_sys.c:95
        R16_CLK_SYS_CFG |= RB_CLK_SYS_MOD;
2000040a:	00875683          	lhu	a3,8(a4)
2000040e:	0c06e693          	ori	a3,a3,192
20000412:	00d71423          	sh	a3,8(a4)
20000416:	bbc5                	j	20000206 <SetSysClock+0x174>

20000418 <SYS_ResetExecute>:
SYS_ResetExecute():
e:/DuRuofu/Project/fr-ble-light/software/ch582/SRC/StdPeriphDriver/CH58x_sys.c:164
 *
 * @return  none
 */
__HIGH_CODE
void SYS_ResetExecute(void)
{
20000418:	1141                	addi	sp,sp,-16
e:/DuRuofu/Project/fr-ble-light/software/ch582/SRC/StdPeriphDriver/CH58x_sys.c:165
    FLASH_ROM_SW_RESET();
2000041a:	4681                	li	a3,0
2000041c:	4601                	li	a2,0
2000041e:	4581                	li	a1,0
20000420:	4511                	li	a0,4
e:/DuRuofu/Project/fr-ble-light/software/ch582/SRC/StdPeriphDriver/CH58x_sys.c:164
{
20000422:	c606                	sw	ra,12(sp)
e:/DuRuofu/Project/fr-ble-light/software/ch582/SRC/StdPeriphDriver/CH58x_sys.c:165
    FLASH_ROM_SW_RESET();
20000424:	2c19                	jal	2000063a <FLASH_EEPROM_CMD>
sys_safe_access_enable():
e:/DuRuofu/Project/fr-ble-light/software/ch582/SRC/StdPeriphDriver/inc/CH58x_sys.h:182
   if(read_csr(0x800)&0x08)
20000426:	800027f3          	csrr	a5,0x800
2000042a:	8ba1                	andi	a5,a5,8
2000042c:	80818693          	addi	a3,gp,-2040 # 20000a10 <_edata>
20000430:	cb89                	beqz	a5,20000442 <SYS_ResetExecute+0x2a>
e:/DuRuofu/Project/fr-ble-light/software/ch582/SRC/StdPeriphDriver/inc/CH58x_sys.h:184
       IRQ_STA = read_csr(0x800);
20000432:	800027f3          	csrr	a5,0x800
20000436:	80f1a423          	sw	a5,-2040(gp) # 20000a10 <_edata>
e:/DuRuofu/Project/fr-ble-light/software/ch582/SRC/StdPeriphDriver/inc/CH58x_sys.h:185
       write_csr(0x800, (IRQ_STA&(~0x08)));
2000043a:	429c                	lw	a5,0(a3)
2000043c:	9bdd                	andi	a5,a5,-9
2000043e:	80079073          	csrw	0x800,a5
e:/DuRuofu/Project/fr-ble-light/software/ch582/SRC/StdPeriphDriver/inc/CH58x_sys.h:187
   SAFEOPERATE;
20000442:	0000100f          	fence.i
e:/DuRuofu/Project/fr-ble-light/software/ch582/SRC/StdPeriphDriver/inc/CH58x_sys.h:188
   R8_SAFE_ACCESS_SIG = SAFE_ACCESS_SIG1;
20000446:	400017b7          	lui	a5,0x40001
2000044a:	05700713          	li	a4,87
2000044e:	04e78023          	sb	a4,64(a5) # 40001040 <_eusrstack+0x1fff9040>
e:/DuRuofu/Project/fr-ble-light/software/ch582/SRC/StdPeriphDriver/inc/CH58x_sys.h:189
   R8_SAFE_ACCESS_SIG = SAFE_ACCESS_SIG2;
20000452:	fa800713          	li	a4,-88
20000456:	04e78023          	sb	a4,64(a5)
e:/DuRuofu/Project/fr-ble-light/software/ch582/SRC/StdPeriphDriver/inc/CH58x_sys.h:190
   SAFEOPERATE;
2000045a:	0000100f          	fence.i
SYS_ResetExecute():
e:/DuRuofu/Project/fr-ble-light/software/ch582/SRC/StdPeriphDriver/CH58x_sys.c:167
    sys_safe_access_enable();
    R8_RST_WDOG_CTRL |= RB_SOFTWARE_RESET;
2000045e:	0467c703          	lbu	a4,70(a5)
20000462:	00176713          	ori	a4,a4,1
20000466:	04e78323          	sb	a4,70(a5)
sys_safe_access_disable():
e:/DuRuofu/Project/fr-ble-light/software/ch582/SRC/StdPeriphDriver/inc/CH58x_sys.h:195
   R8_SAFE_ACCESS_SIG = 0;
2000046a:	04078023          	sb	zero,64(a5)
e:/DuRuofu/Project/fr-ble-light/software/ch582/SRC/StdPeriphDriver/inc/CH58x_sys.h:196
   write_csr(0x800, read_csr(0x800)|(IRQ_STA&0x08));
2000046e:	80002773          	csrr	a4,0x800
20000472:	429c                	lw	a5,0(a3)
20000474:	8ba1                	andi	a5,a5,8
20000476:	8fd9                	or	a5,a5,a4
20000478:	80079073          	csrw	0x800,a5
e:/DuRuofu/Project/fr-ble-light/software/ch582/SRC/StdPeriphDriver/inc/CH58x_sys.h:197
   IRQ_STA = 0;
2000047c:	8001a423          	sw	zero,-2040(gp) # 20000a10 <_edata>
e:/DuRuofu/Project/fr-ble-light/software/ch582/SRC/StdPeriphDriver/inc/CH58x_sys.h:198
   SAFEOPERATE;
20000480:	0000100f          	fence.i
SYS_ResetExecute():
e:/DuRuofu/Project/fr-ble-light/software/ch582/SRC/StdPeriphDriver/CH58x_sys.c:169
    sys_safe_access_disable();
}
20000484:	40b2                	lw	ra,12(sp)
20000486:	0141                	addi	sp,sp,16
20000488:	8082                	ret

2000048a <HardFault_Handler>:
HardFault_Handler():
e:/DuRuofu/Project/fr-ble-light/software/ch582/SRC/StdPeriphDriver/CH58x_sys.c:304
__INTERRUPT
__HIGH_CODE
__attribute__((weak))
void HardFault_Handler(void)
{
    FLASH_ROM_SW_RESET();
2000048a:	4681                	li	a3,0
2000048c:	4601                	li	a2,0
2000048e:	4581                	li	a1,0
20000490:	4511                	li	a0,4
20000492:	2265                	jal	2000063a <FLASH_EEPROM_CMD>
sys_safe_access_enable():
e:/DuRuofu/Project/fr-ble-light/software/ch582/SRC/StdPeriphDriver/inc/CH58x_sys.h:182
   if(read_csr(0x800)&0x08)
20000494:	800027f3          	csrr	a5,0x800
20000498:	8ba1                	andi	a5,a5,8
2000049a:	80818713          	addi	a4,gp,-2040 # 20000a10 <_edata>
2000049e:	cb89                	beqz	a5,200004b0 <HardFault_Handler+0x26>
e:/DuRuofu/Project/fr-ble-light/software/ch582/SRC/StdPeriphDriver/inc/CH58x_sys.h:184
       IRQ_STA = read_csr(0x800);
200004a0:	800027f3          	csrr	a5,0x800
200004a4:	80f1a423          	sw	a5,-2040(gp) # 20000a10 <_edata>
e:/DuRuofu/Project/fr-ble-light/software/ch582/SRC/StdPeriphDriver/inc/CH58x_sys.h:185
       write_csr(0x800, (IRQ_STA&(~0x08)));
200004a8:	431c                	lw	a5,0(a4)
200004aa:	9bdd                	andi	a5,a5,-9
200004ac:	80079073          	csrw	0x800,a5
e:/DuRuofu/Project/fr-ble-light/software/ch582/SRC/StdPeriphDriver/inc/CH58x_sys.h:187
   SAFEOPERATE;
200004b0:	0000100f          	fence.i
e:/DuRuofu/Project/fr-ble-light/software/ch582/SRC/StdPeriphDriver/inc/CH58x_sys.h:188
   R8_SAFE_ACCESS_SIG = SAFE_ACCESS_SIG1;
200004b4:	400017b7          	lui	a5,0x40001
200004b8:	05700693          	li	a3,87
200004bc:	04d78023          	sb	a3,64(a5) # 40001040 <_eusrstack+0x1fff9040>
e:/DuRuofu/Project/fr-ble-light/software/ch582/SRC/StdPeriphDriver/inc/CH58x_sys.h:189
   R8_SAFE_ACCESS_SIG = SAFE_ACCESS_SIG2;
200004c0:	fa800693          	li	a3,-88
200004c4:	04d78023          	sb	a3,64(a5)
e:/DuRuofu/Project/fr-ble-light/software/ch582/SRC/StdPeriphDriver/inc/CH58x_sys.h:190
   SAFEOPERATE;
200004c8:	0000100f          	fence.i
HardFault_Handler():
e:/DuRuofu/Project/fr-ble-light/software/ch582/SRC/StdPeriphDriver/CH58x_sys.c:306
    sys_safe_access_enable();
    R16_INT32K_TUNE = 0xFFFF;
200004cc:	56fd                	li	a3,-1
200004ce:	02d79623          	sh	a3,44(a5)
sys_safe_access_disable():
e:/DuRuofu/Project/fr-ble-light/software/ch582/SRC/StdPeriphDriver/inc/CH58x_sys.h:195
   R8_SAFE_ACCESS_SIG = 0;
200004d2:	04078023          	sb	zero,64(a5)
e:/DuRuofu/Project/fr-ble-light/software/ch582/SRC/StdPeriphDriver/inc/CH58x_sys.h:196
   write_csr(0x800, read_csr(0x800)|(IRQ_STA&0x08));
200004d6:	800026f3          	csrr	a3,0x800
200004da:	431c                	lw	a5,0(a4)
200004dc:	8ba1                	andi	a5,a5,8
200004de:	8fd5                	or	a5,a5,a3
200004e0:	80079073          	csrw	0x800,a5
e:/DuRuofu/Project/fr-ble-light/software/ch582/SRC/StdPeriphDriver/inc/CH58x_sys.h:197
   IRQ_STA = 0;
200004e4:	8001a423          	sw	zero,-2040(gp) # 20000a10 <_edata>
e:/DuRuofu/Project/fr-ble-light/software/ch582/SRC/StdPeriphDriver/inc/CH58x_sys.h:198
   SAFEOPERATE;
200004e8:	0000100f          	fence.i
sys_safe_access_enable():
e:/DuRuofu/Project/fr-ble-light/software/ch582/SRC/StdPeriphDriver/inc/CH58x_sys.h:182
   if(read_csr(0x800)&0x08)
200004ec:	800027f3          	csrr	a5,0x800
200004f0:	8ba1                	andi	a5,a5,8
200004f2:	cb89                	beqz	a5,20000504 <HardFault_Handler+0x7a>
e:/DuRuofu/Project/fr-ble-light/software/ch582/SRC/StdPeriphDriver/inc/CH58x_sys.h:184
       IRQ_STA = read_csr(0x800);
200004f4:	800027f3          	csrr	a5,0x800
200004f8:	80f1a423          	sw	a5,-2040(gp) # 20000a10 <_edata>
e:/DuRuofu/Project/fr-ble-light/software/ch582/SRC/StdPeriphDriver/inc/CH58x_sys.h:185
       write_csr(0x800, (IRQ_STA&(~0x08)));
200004fc:	431c                	lw	a5,0(a4)
200004fe:	9bdd                	andi	a5,a5,-9
20000500:	80079073          	csrw	0x800,a5
e:/DuRuofu/Project/fr-ble-light/software/ch582/SRC/StdPeriphDriver/inc/CH58x_sys.h:187
   SAFEOPERATE;
20000504:	0000100f          	fence.i
e:/DuRuofu/Project/fr-ble-light/software/ch582/SRC/StdPeriphDriver/inc/CH58x_sys.h:188
   R8_SAFE_ACCESS_SIG = SAFE_ACCESS_SIG1;
20000508:	400017b7          	lui	a5,0x40001
2000050c:	05700693          	li	a3,87
20000510:	04d78023          	sb	a3,64(a5) # 40001040 <_eusrstack+0x1fff9040>
e:/DuRuofu/Project/fr-ble-light/software/ch582/SRC/StdPeriphDriver/inc/CH58x_sys.h:189
   R8_SAFE_ACCESS_SIG = SAFE_ACCESS_SIG2;
20000514:	fa800693          	li	a3,-88
20000518:	04d78023          	sb	a3,64(a5)
e:/DuRuofu/Project/fr-ble-light/software/ch582/SRC/StdPeriphDriver/inc/CH58x_sys.h:190
   SAFEOPERATE;
2000051c:	0000100f          	fence.i
HardFault_Handler():
e:/DuRuofu/Project/fr-ble-light/software/ch582/SRC/StdPeriphDriver/CH58x_sys.c:309
	sys_safe_access_disable();
    sys_safe_access_enable();
    R8_RST_WDOG_CTRL |= RB_SOFTWARE_RESET;
20000520:	0467c683          	lbu	a3,70(a5)
20000524:	0016e693          	ori	a3,a3,1
20000528:	04d78323          	sb	a3,70(a5)
sys_safe_access_disable():
e:/DuRuofu/Project/fr-ble-light/software/ch582/SRC/StdPeriphDriver/inc/CH58x_sys.h:195
   R8_SAFE_ACCESS_SIG = 0;
2000052c:	04078023          	sb	zero,64(a5)
e:/DuRuofu/Project/fr-ble-light/software/ch582/SRC/StdPeriphDriver/inc/CH58x_sys.h:196
   write_csr(0x800, read_csr(0x800)|(IRQ_STA&0x08));
20000530:	800026f3          	csrr	a3,0x800
20000534:	431c                	lw	a5,0(a4)
20000536:	8ba1                	andi	a5,a5,8
20000538:	8fd5                	or	a5,a5,a3
2000053a:	80079073          	csrw	0x800,a5
e:/DuRuofu/Project/fr-ble-light/software/ch582/SRC/StdPeriphDriver/inc/CH58x_sys.h:197
   IRQ_STA = 0;
2000053e:	8001a423          	sw	zero,-2040(gp) # 20000a10 <_edata>
e:/DuRuofu/Project/fr-ble-light/software/ch582/SRC/StdPeriphDriver/inc/CH58x_sys.h:198
   SAFEOPERATE;
20000542:	0000100f          	fence.i
HardFault_Handler():
e:/DuRuofu/Project/fr-ble-light/software/ch582/SRC/StdPeriphDriver/CH58x_sys.c:311 (discriminator 1)
    sys_safe_access_disable();
    while(1);
20000546:	a001                	j	20000546 <HardFault_Handler+0xbc>

20000548 <mDelayuS>:
mDelayuS():
e:/DuRuofu/Project/fr-ble-light/software/ch582/SRC/StdPeriphDriver/CH58x_sys.c:330
{
    uint32_t i;
#if(FREQ_SYS == 80000000)
    i = t * 20;
#elif(FREQ_SYS == 60000000)
    i = t * 15;
20000548:	47bd                	li	a5,15
2000054a:	02f50533          	mul	a0,a0,a5
e:/DuRuofu/Project/fr-ble-light/software/ch582/SRC/StdPeriphDriver/CH58x_sys.c:354 (discriminator 1)
#else
    i = t << 1;
#endif
    do
    {
        __nop();
2000054e:	0001                	nop
e:/DuRuofu/Project/fr-ble-light/software/ch582/SRC/StdPeriphDriver/CH58x_sys.c:355 (discriminator 1)
    } while(--i);
20000550:	157d                	addi	a0,a0,-1
20000552:	fd75                	bnez	a0,2000054e <mDelayuS+0x6>
e:/DuRuofu/Project/fr-ble-light/software/ch582/SRC/StdPeriphDriver/CH58x_sys.c:356
}
20000554:	8082                	ret

20000556 <mDelaymS>:
mDelaymS():
e:/DuRuofu/Project/fr-ble-light/software/ch582/SRC/StdPeriphDriver/CH58x_sys.c:369
 *
 * @return  none
 */
__HIGH_CODE
void mDelaymS(uint16_t t)
{
20000556:	1141                	addi	sp,sp,-16
20000558:	c422                	sw	s0,8(sp)
2000055a:	c226                	sw	s1,4(sp)
2000055c:	c606                	sw	ra,12(sp)
2000055e:	84aa                	mv	s1,a0
e:/DuRuofu/Project/fr-ble-light/software/ch582/SRC/StdPeriphDriver/CH58x_sys.c:372
    uint16_t i;

    for(i = 0; i < t; i++)
20000560:	4401                	li	s0,0
e:/DuRuofu/Project/fr-ble-light/software/ch582/SRC/StdPeriphDriver/CH58x_sys.c:372 (discriminator 1)
20000562:	00941763          	bne	s0,s1,20000570 <mDelaymS+0x1a>
e:/DuRuofu/Project/fr-ble-light/software/ch582/SRC/StdPeriphDriver/CH58x_sys.c:376
    {
        mDelayuS(1000);
    }
}
20000566:	40b2                	lw	ra,12(sp)
20000568:	4422                	lw	s0,8(sp)
2000056a:	4492                	lw	s1,4(sp)
2000056c:	0141                	addi	sp,sp,16
2000056e:	8082                	ret
e:/DuRuofu/Project/fr-ble-light/software/ch582/SRC/StdPeriphDriver/CH58x_sys.c:372 (discriminator 3)
    for(i = 0; i < t; i++)
20000570:	0405                	addi	s0,s0,1
e:/DuRuofu/Project/fr-ble-light/software/ch582/SRC/StdPeriphDriver/CH58x_sys.c:374 (discriminator 3)
        mDelayuS(1000);
20000572:	3e800513          	li	a0,1000
e:/DuRuofu/Project/fr-ble-light/software/ch582/SRC/StdPeriphDriver/CH58x_sys.c:372 (discriminator 3)
    for(i = 0; i < t; i++)
20000576:	0442                	slli	s0,s0,0x10
e:/DuRuofu/Project/fr-ble-light/software/ch582/SRC/StdPeriphDriver/CH58x_sys.c:374 (discriminator 3)
        mDelayuS(1000);
20000578:	3fc1                	jal	20000548 <mDelayuS>
e:/DuRuofu/Project/fr-ble-light/software/ch582/SRC/StdPeriphDriver/CH58x_sys.c:372 (discriminator 3)
    for(i = 0; i < t; i++)
2000057a:	8041                	srli	s0,s0,0x10
2000057c:	b7dd                	j	20000562 <mDelaymS+0xc>

2000057e <FLASH_ROM_BEG>:
FLASH_ROM_BEG():
2000057e:	80040323          	sb	zero,-2042(s0)
20000582:	4715                	li	a4,5
20000584:	80e40323          	sb	a4,-2042(s0)
20000588:	0001                	nop
2000058a:	80a40223          	sb	a0,-2044(s0)
2000058e:	8082                	ret

20000590 <FLASH_ROM_END>:
FLASH_ROM_END():
20000590:	80640783          	lb	a5,-2042(s0)
20000594:	fe07cee3          	bltz	a5,20000590 <FLASH_ROM_END>
20000598:	80040323          	sb	zero,-2042(s0)
2000059c:	8082                	ret

2000059e <FLASH_ROM_IN>:
FLASH_ROM_IN():
2000059e:	80640783          	lb	a5,-2042(s0)
200005a2:	fe07cee3          	bltz	a5,2000059e <FLASH_ROM_IN>
200005a6:	80444503          	lbu	a0,-2044(s0)
200005aa:	8082                	ret

200005ac <FLASH_ROM_OUT>:
FLASH_ROM_OUT():
200005ac:	80640783          	lb	a5,-2042(s0)
200005b0:	fe07cee3          	bltz	a5,200005ac <FLASH_ROM_OUT>
200005b4:	80a40223          	sb	a0,-2044(s0)
200005b8:	8082                	ret

200005ba <FLASH_ROM_ADDR>:
FLASH_ROM_ADDR():
200005ba:	1141                	addi	sp,sp,-16
200005bc:	c426                	sw	s1,8(sp)
200005be:	c24a                	sw	s2,4(sp)
200005c0:	c04e                	sw	s3,0(sp)
200005c2:	c606                	sw	ra,12(sp)
200005c4:	0bf57713          	andi	a4,a0,191
200005c8:	47ad                	li	a5,11
200005ca:	89aa                	mv	s3,a0
200005cc:	892e                	mv	s2,a1
200005ce:	4495                	li	s1,5
200005d0:	00f70663          	beq	a4,a5,200005dc <FLASH_ROM_ADDR+0x22>
200005d4:	4519                	li	a0,6
200005d6:	3765                	jal	2000057e <FLASH_ROM_BEG>
200005d8:	3f65                	jal	20000590 <FLASH_ROM_END>
200005da:	448d                	li	s1,3
200005dc:	854e                	mv	a0,s3
200005de:	3745                	jal	2000057e <FLASH_ROM_BEG>
200005e0:	59fd                	li	s3,-1
200005e2:	14fd                	addi	s1,s1,-1
200005e4:	01349863          	bne	s1,s3,200005f4 <FLASH_ROM_ADDR+0x3a>
200005e8:	40b2                	lw	ra,12(sp)
200005ea:	44a2                	lw	s1,8(sp)
200005ec:	4912                	lw	s2,4(sp)
200005ee:	4982                	lw	s3,0(sp)
200005f0:	0141                	addi	sp,sp,16
200005f2:	8082                	ret
200005f4:	01095513          	srli	a0,s2,0x10
200005f8:	0ff57513          	andi	a0,a0,255
200005fc:	3f45                	jal	200005ac <FLASH_ROM_OUT>
200005fe:	0922                	slli	s2,s2,0x8
20000600:	b7cd                	j	200005e2 <FLASH_ROM_ADDR+0x28>

20000602 <FLASH_ROM_WAIT>:
FLASH_ROM_WAIT():
20000602:	1101                	addi	sp,sp,-32
20000604:	cc26                	sw	s1,24(sp)
20000606:	ce06                	sw	ra,28(sp)
20000608:	000804b7          	lui	s1,0x80
2000060c:	3751                	jal	20000590 <FLASH_ROM_END>
2000060e:	4515                	li	a0,5
20000610:	37bd                	jal	2000057e <FLASH_ROM_BEG>
20000612:	3771                	jal	2000059e <FLASH_ROM_IN>
20000614:	3769                	jal	2000059e <FLASH_ROM_IN>
20000616:	c62a                	sw	a0,12(sp)
20000618:	3fa5                	jal	20000590 <FLASH_ROM_END>
2000061a:	4532                	lw	a0,12(sp)
2000061c:	00157793          	andi	a5,a0,1
20000620:	eb89                	bnez	a5,20000632 <FLASH_ROM_WAIT+0x30>
20000622:	00156513          	ori	a0,a0,1
20000626:	0ff57513          	andi	a0,a0,255
2000062a:	40f2                	lw	ra,28(sp)
2000062c:	44e2                	lw	s1,24(sp)
2000062e:	6105                	addi	sp,sp,32
20000630:	8082                	ret
20000632:	14fd                	addi	s1,s1,-1
20000634:	fce9                	bnez	s1,2000060e <FLASH_ROM_WAIT+0xc>
20000636:	4501                	li	a0,0
20000638:	bfcd                	j	2000062a <FLASH_ROM_WAIT+0x28>

2000063a <FLASH_EEPROM_CMD>:
FLASH_EEPROM_CMD():
2000063a:	7139                	addi	sp,sp,-64
2000063c:	dc26                	sw	s1,56(sp)
2000063e:	da4a                	sw	s2,52(sp)
20000640:	d84e                	sw	s3,48(sp)
20000642:	d652                	sw	s4,44(sp)
20000644:	d456                	sw	s5,40(sp)
20000646:	d25a                	sw	s6,36(sp)
20000648:	d05e                	sw	s7,32(sp)
2000064a:	de06                	sw	ra,60(sp)
2000064c:	ce62                	sw	s8,28(sp)
2000064e:	cc66                	sw	s9,24(sp)
20000650:	e000e7b7          	lui	a5,0xe000e
20000654:	577d                	li	a4,-1
20000656:	0007aa83          	lw	s5,0(a5) # e000e000 <_eusrstack+0xc0006000>
2000065a:	c622                	sw	s0,12(sp)
2000065c:	0047aa03          	lw	s4,4(a5)
20000660:	18e7a023          	sw	a4,384(a5)
20000664:	18e7a223          	sw	a4,388(a5)
20000668:	400017b7          	lui	a5,0x40001
2000066c:	05700713          	li	a4,87
20000670:	04e78023          	sb	a4,64(a5) # 40001040 <_eusrstack+0x1fff9040>
20000674:	fa800713          	li	a4,-88
20000678:	04e78023          	sb	a4,64(a5)
2000067c:	0447c783          	lbu	a5,68(a5)
20000680:	ff750b93          	addi	s7,a0,-9
20000684:	84b6                	mv	s1,a3
20000686:	07e2                	slli	a5,a5,0x18
20000688:	0ffbfb93          	andi	s7,s7,255
2000068c:	4685                	li	a3,1
2000068e:	89aa                	mv	s3,a0
20000690:	8b2e                	mv	s6,a1
20000692:	8932                	mv	s2,a2
20000694:	40002437          	lui	s0,0x40002
20000698:	87e1                	srai	a5,a5,0x18
2000069a:	5701                	li	a4,-32
2000069c:	0176fa63          	bgeu	a3,s7,200006b0 <FLASH_EEPROM_CMD+0x76>
200006a0:	00d50863          	beq	a0,a3,200006b0 <FLASH_EEPROM_CMD+0x76>
200006a4:	4689                	li	a3,2
200006a6:	02000713          	li	a4,32
200006aa:	00d51363          	bne	a0,a3,200006b0 <FLASH_EEPROM_CMD+0x76>
200006ae:	5701                	li	a4,-32
200006b0:	8fd9                	or	a5,a5,a4
200006b2:	0ff7f793          	andi	a5,a5,255
200006b6:	40001cb7          	lui	s9,0x40001
200006ba:	04fc8223          	sb	a5,68(s9) # 40001044 <_eusrstack+0x1fff9044>
200006be:	4711                	li	a4,4
200006c0:	80e40323          	sb	a4,-2042(s0) # 40001806 <_eusrstack+0x1fff9806>
200006c4:	0ff00513          	li	a0,255
200006c8:	3d5d                	jal	2000057e <FLASH_ROM_BEG>
200006ca:	4c09                	li	s8,2
200006cc:	35d1                	jal	20000590 <FLASH_ROM_END>
200006ce:	117c6d63          	bltu	s8,s7,200007e8 <FLASH_EEPROM_CMD+0x1ae>
200006d2:	000705b7          	lui	a1,0x70
200006d6:	95da                	add	a1,a1,s6
200006d8:	00078737          	lui	a4,0x78
200006dc:	5579                	li	a0,-2
200006de:	04e5f263          	bgeu	a1,a4,20000722 <FLASH_EEPROM_CMD+0xe8>
200006e2:	009587b3          	add	a5,a1,s1
200006e6:	02f76e63          	bltu	a4,a5,20000722 <FLASH_EEPROM_CMD+0xe8>
200006ea:	00080b37          	lui	s6,0x80
200006ee:	47a9                	li	a5,10
200006f0:	0165eb33          	or	s6,a1,s6
200006f4:	06f99963          	bne	s3,a5,20000766 <FLASH_EEPROM_CMD+0x12c>
200006f8:	e489                	bnez	s1,20000702 <FLASH_EEPROM_CMD+0xc8>
200006fa:	4481                	li	s1,0
200006fc:	3d51                	jal	20000590 <FLASH_ROM_END>
200006fe:	8526                	mv	a0,s1
20000700:	a00d                	j	20000722 <FLASH_EEPROM_CMD+0xe8>
20000702:	85da                	mv	a1,s6
20000704:	4509                	li	a0,2
20000706:	3d55                	jal	200005ba <FLASH_ROM_ADDR>
20000708:	0905                	addi	s2,s2,1
2000070a:	fff94503          	lbu	a0,-1(s2)
2000070e:	14fd                	addi	s1,s1,-1
20000710:	0b05                	addi	s6,s6,1
20000712:	3d69                	jal	200005ac <FLASH_ROM_OUT>
20000714:	c481                	beqz	s1,2000071c <FLASH_EEPROM_CMD+0xe2>
20000716:	0ffb7793          	andi	a5,s6,255
2000071a:	f7fd                	bnez	a5,20000708 <FLASH_EEPROM_CMD+0xce>
2000071c:	35dd                	jal	20000602 <FLASH_ROM_WAIT>
2000071e:	fd69                	bnez	a0,200006f8 <FLASH_EEPROM_CMD+0xbe>
20000720:	557d                	li	a0,-1
20000722:	400017b7          	lui	a5,0x40001
20000726:	05700713          	li	a4,87
2000072a:	04e78023          	sb	a4,64(a5) # 40001040 <_eusrstack+0x1fff9040>
2000072e:	fa800713          	li	a4,-88
20000732:	04e78023          	sb	a4,64(a5)
20000736:	0447c703          	lbu	a4,68(a5)
2000073a:	8b41                	andi	a4,a4,16
2000073c:	04e78223          	sb	a4,68(a5)
20000740:	50f2                	lw	ra,60(sp)
20000742:	e000e7b7          	lui	a5,0xe000e
20000746:	1157a023          	sw	s5,256(a5) # e000e100 <_eusrstack+0xc0006100>
2000074a:	1147a223          	sw	s4,260(a5)
2000074e:	54e2                	lw	s1,56(sp)
20000750:	4432                	lw	s0,12(sp)
20000752:	5952                	lw	s2,52(sp)
20000754:	59c2                	lw	s3,48(sp)
20000756:	5a32                	lw	s4,44(sp)
20000758:	5aa2                	lw	s5,40(sp)
2000075a:	5b12                	lw	s6,36(sp)
2000075c:	5b82                	lw	s7,32(sp)
2000075e:	4c72                	lw	s8,28(sp)
20000760:	4ce2                	lw	s9,24(sp)
20000762:	6121                	addi	sp,sp,64
20000764:	8082                	ret
20000766:	47a5                	li	a5,9
20000768:	06f99563          	bne	s3,a5,200007d2 <FLASH_EEPROM_CMD+0x198>
2000076c:	6985                	lui	s3,0x1
2000076e:	0ff00913          	li	s2,255
20000772:	009906b3          	add	a3,s2,s1
20000776:	012b74b3          	and	s1,s6,s2
2000077a:	94b6                	add	s1,s1,a3
2000077c:	fff94913          	not	s2,s2
20000780:	009974b3          	and	s1,s2,s1
20000784:	6b85                	lui	s7,0x1
20000786:	01697933          	and	s2,s2,s6
2000078a:	6b41                	lui	s6,0x10
2000078c:	fff98793          	addi	a5,s3,-1 # fff <__swsetup_r+0x31>
20000790:	0127f7b3          	and	a5,a5,s2
20000794:	e399                	bnez	a5,2000079a <FLASH_EEPROM_CMD+0x160>
20000796:	0134fc63          	bgeu	s1,s3,200007ae <FLASH_EEPROM_CMD+0x174>
2000079a:	0049d993          	srli	s3,s3,0x4
2000079e:	47c1                	li	a5,16
200007a0:	ff37e6e3          	bltu	a5,s3,2000078c <FLASH_EEPROM_CMD+0x152>
200007a4:	bf99                	j	200006fa <FLASH_EEPROM_CMD+0xc0>
200007a6:	6905                	lui	s2,0x1
200007a8:	69c1                	lui	s3,0x10
200007aa:	197d                	addi	s2,s2,-1
200007ac:	b7d9                	j	20000772 <FLASH_EEPROM_CMD+0x138>
200007ae:	0d800513          	li	a0,216
200007b2:	01698863          	beq	s3,s6,200007c2 <FLASH_EEPROM_CMD+0x188>
200007b6:	02000513          	li	a0,32
200007ba:	01798463          	beq	s3,s7,200007c2 <FLASH_EEPROM_CMD+0x188>
200007be:	08100513          	li	a0,129
200007c2:	85ca                	mv	a1,s2
200007c4:	3bdd                	jal	200005ba <FLASH_ROM_ADDR>
200007c6:	3d35                	jal	20000602 <FLASH_ROM_WAIT>
200007c8:	dd21                	beqz	a0,20000720 <FLASH_EEPROM_CMD+0xe6>
200007ca:	994e                	add	s2,s2,s3
200007cc:	413484b3          	sub	s1,s1,s3
200007d0:	b7d9                	j	20000796 <FLASH_EEPROM_CMD+0x15c>
200007d2:	85da                	mv	a1,s6
200007d4:	452d                	li	a0,11
200007d6:	33d5                	jal	200005ba <FLASH_ROM_ADDR>
200007d8:	94ca                	add	s1,s1,s2
200007da:	f29900e3          	beq	s2,s1,200006fa <FLASH_EEPROM_CMD+0xc0>
200007de:	0905                	addi	s2,s2,1
200007e0:	3b7d                	jal	2000059e <FLASH_ROM_IN>
200007e2:	fea90fa3          	sb	a0,-1(s2) # fff <__swsetup_r+0x31>
200007e6:	bfd5                	j	200007da <FLASH_EEPROM_CMD+0x1a0>
200007e8:	fff98793          	addi	a5,s3,-1 # ffff <_data_lma+0xdedb>
200007ec:	0ff7f793          	andi	a5,a5,255
200007f0:	0cfc6163          	bltu	s8,a5,200008b2 <.loop402+0x7a>
200007f4:	041cc783          	lbu	a5,65(s9)
200007f8:	08300713          	li	a4,131
200007fc:	04f71f63          	bne	a4,a5,2000085a <.loop402+0x22>
20000800:	00080737          	lui	a4,0x80
20000804:	04eb6b63          	bltu	s6,a4,2000085a <.loop402+0x22>
20000808:	009b07b3          	add	a5,s6,s1
2000080c:	001006b7          	lui	a3,0x100
20000810:	04d7f563          	bgeu	a5,a3,2000085a <.loop402+0x22>
20000814:	00eb4b33          	xor	s6,s6,a4
20000818:	4789                	li	a5,2
2000081a:	06f99363          	bne	s3,a5,20000880 <.loop402+0x48>
2000081e:	8089                	srli	s1,s1,0x2
20000820:	49d5                	li	s3,21
20000822:	ec048ce3          	beqz	s1,200006fa <FLASH_EEPROM_CMD+0xc0>
20000826:	85da                	mv	a1,s6
20000828:	4509                	li	a0,2
2000082a:	3b41                	jal	200005ba <FLASH_ROM_ADDR>
2000082c:	0911                	addi	s2,s2,4
2000082e:	ffc92703          	lw	a4,-4(s2)
20000832:	4791                	li	a5,4
20000834:	80e42023          	sw	a4,-2048(s0)

20000838 <.loop402>:
20000838:	80640703          	lb	a4,-2042(s0)
2000083c:	fe074ee3          	bltz	a4,20000838 <.loop402>
20000840:	81340323          	sb	s3,-2042(s0)
20000844:	17fd                	addi	a5,a5,-1
20000846:	fbed                	bnez	a5,20000838 <.loop402>
20000848:	14fd                	addi	s1,s1,-1
2000084a:	0b11                	addi	s6,s6,4
2000084c:	c481                	beqz	s1,20000854 <.loop402+0x1c>
2000084e:	0ffb7793          	andi	a5,s6,255
20000852:	ffe9                	bnez	a5,2000082c <FLASH_EEPROM_CMD+0x1f2>
20000854:	337d                	jal	20000602 <FLASH_ROM_WAIT>
20000856:	f571                	bnez	a0,20000822 <FLASH_EEPROM_CMD+0x1e8>
20000858:	b5e1                	j	20000720 <FLASH_EEPROM_CMD+0xe6>
2000085a:	400017b7          	lui	a5,0x40001
2000085e:	0457c703          	lbu	a4,69(a5) # 40001045 <_eusrstack+0x1fff9045>
20000862:	000807b7          	lui	a5,0x80
20000866:	02077713          	andi	a4,a4,32
2000086a:	e319                	bnez	a4,20000870 <.loop402+0x38>
2000086c:	000787b7          	lui	a5,0x78
20000870:	5579                	li	a0,-2
20000872:	eafb78e3          	bgeu	s6,a5,20000722 <FLASH_EEPROM_CMD+0xe8>
20000876:	009b0733          	add	a4,s6,s1
2000087a:	f8e7ffe3          	bgeu	a5,a4,20000818 <FLASH_EEPROM_CMD+0x1de>
2000087e:	b555                	j	20000722 <FLASH_EEPROM_CMD+0xe8>
20000880:	4785                	li	a5,1
20000882:	f2f982e3          	beq	s3,a5,200007a6 <FLASH_EEPROM_CMD+0x16c>
20000886:	85da                	mv	a1,s6
20000888:	452d                	li	a0,11
2000088a:	3b05                	jal	200005ba <FLASH_ROM_ADDR>
2000088c:	fff48993          	addi	s3,s1,-1 # 7ffff <_data_lma+0x7dedb>
20000890:	e60485e3          	beqz	s1,200006fa <FLASH_EEPROM_CMD+0xc0>
20000894:	3329                	jal	2000059e <FLASH_ROM_IN>
20000896:	0039f793          	andi	a5,s3,3
2000089a:	eb91                	bnez	a5,200008ae <.loop402+0x76>
2000089c:	80042683          	lw	a3,-2048(s0)
200008a0:	00092703          	lw	a4,0(s2)
200008a4:	00490793          	addi	a5,s2,4
200008a8:	e4e69ae3          	bne	a3,a4,200006fc <FLASH_EEPROM_CMD+0xc2>
200008ac:	893e                	mv	s2,a5
200008ae:	84ce                	mv	s1,s3
200008b0:	bff1                	j	2000088c <.loop402+0x54>
200008b2:	47b5                	li	a5,13
200008b4:	00f99663          	bne	s3,a5,200008c0 <.loop402+0x88>
200008b8:	0b900513          	li	a0,185
200008bc:	31c9                	jal	2000057e <FLASH_ROM_BEG>
200008be:	bd35                	j	200006fa <FLASH_EEPROM_CMD+0xc0>
200008c0:	47b1                	li	a5,12
200008c2:	0ab00513          	li	a0,171
200008c6:	fef98be3          	beq	s3,a5,200008bc <.loop402+0x84>
200008ca:	4799                	li	a5,6
200008cc:	04f99163          	bne	s3,a5,2000090e <.loop402+0xd6>
200008d0:	000805b7          	lui	a1,0x80
200008d4:	00bb65b3          	or	a1,s6,a1
200008d8:	452d                	li	a0,11
200008da:	31c5                	jal	200005ba <FLASH_ROM_ADDR>
200008dc:	4481                	li	s1,0
200008de:	4b8d                	li	s7,3
200008e0:	49a1                	li	s3,8
200008e2:	3975                	jal	2000059e <FLASH_ROM_IN>
200008e4:	01749663          	bne	s1,s7,200008f0 <.loop402+0xb8>
200008e8:	80042783          	lw	a5,-2048(s0)
200008ec:	00f92023          	sw	a5,0(s2)
200008f0:	0485                	addi	s1,s1,1
200008f2:	ff3498e3          	bne	s1,s3,200008e2 <.loop402+0xaa>
200008f6:	80042783          	lw	a5,-2048(s0)
200008fa:	012b1713          	slli	a4,s6,0x12
200008fe:	00075563          	bgez	a4,20000908 <.loop402+0xd0>
20000902:	00f91223          	sh	a5,4(s2)
20000906:	bbd5                	j	200006fa <FLASH_EEPROM_CMD+0xc0>
20000908:	00f92223          	sw	a5,4(s2)
2000090c:	b3fd                	j	200006fa <FLASH_EEPROM_CMD+0xc0>
2000090e:	479d                	li	a5,7
20000910:	02f99963          	bne	s3,a5,20000942 <.loop402+0x10a>
20000914:	4581                	li	a1,0
20000916:	04b00513          	li	a0,75
2000091a:	3145                	jal	200005ba <FLASH_ROM_ADDR>
2000091c:	44bd                	li	s1,15
2000091e:	00092023          	sw	zero,0(s2)
20000922:	00092223          	sw	zero,4(s2)
20000926:	59fd                	li	s3,-1
20000928:	399d                	jal	2000059e <FLASH_ROM_IN>
2000092a:	0074f793          	andi	a5,s1,7
2000092e:	97ca                	add	a5,a5,s2
20000930:	0007c703          	lbu	a4,0(a5) # 78000 <_data_lma+0x75edc>
20000934:	14fd                	addi	s1,s1,-1
20000936:	8d39                	xor	a0,a0,a4
20000938:	00a78023          	sb	a0,0(a5)
2000093c:	ff3496e3          	bne	s1,s3,20000928 <.loop402+0xf0>
20000940:	bb6d                	j	200006fa <FLASH_EEPROM_CMD+0xc0>
20000942:	47a1                	li	a5,8
20000944:	04f99263          	bne	s3,a5,20000988 <.loop402+0x150>
20000948:	396d                	jal	20000602 <FLASH_ROM_WAIT>
2000094a:	4481                	li	s1,0
2000094c:	000b0d63          	beqz	s6,20000966 <.loop402+0x12e>
20000950:	478d                	li	a5,3
20000952:	03c00493          	li	s1,60
20000956:	00fb0863          	beq	s6,a5,20000966 <.loop402+0x12e>
2000095a:	05000493          	li	s1,80
2000095e:	018b0463          	beq	s6,s8,20000966 <.loop402+0x12e>
20000962:	04400493          	li	s1,68
20000966:	07c57513          	andi	a0,a0,124
2000096a:	d89508e3          	beq	a0,s1,200006fa <FLASH_EEPROM_CMD+0xc0>
2000096e:	4519                	li	a0,6
20000970:	3139                	jal	2000057e <FLASH_ROM_BEG>
20000972:	3939                	jal	20000590 <FLASH_ROM_END>
20000974:	4505                	li	a0,1
20000976:	3121                	jal	2000057e <FLASH_ROM_BEG>
20000978:	8526                	mv	a0,s1
2000097a:	390d                	jal	200005ac <FLASH_ROM_OUT>
2000097c:	4509                	li	a0,2
2000097e:	313d                	jal	200005ac <FLASH_ROM_OUT>
20000980:	3149                	jal	20000602 <FLASH_ROM_WAIT>
20000982:	d6051ce3          	bnez	a0,200006fa <FLASH_EEPROM_CMD+0xc0>
20000986:	bb69                	j	20000720 <FLASH_EEPROM_CMD+0xe6>
20000988:	4791                	li	a5,4
2000098a:	00f99963          	bne	s3,a5,2000099c <.loop402+0x164>
2000098e:	06600513          	li	a0,102
20000992:	36f5                	jal	2000057e <FLASH_ROM_BEG>
20000994:	3ef5                	jal	20000590 <FLASH_ROM_END>
20000996:	09900513          	li	a0,153
2000099a:	b70d                	j	200008bc <.loop402+0x84>
2000099c:	d4098fe3          	beqz	s3,200006fa <FLASH_EEPROM_CMD+0xc0>
200009a0:	54f1                	li	s1,-4
200009a2:	bba9                	j	200006fc <FLASH_EEPROM_CMD+0xc2>

Disassembly of section .text:

000009a8 <handle_reset>:
handle_reset():
e:/DuRuofu/Project/fr-ble-light/software/ch582/SRC/Startup/startup_CH583.S:129
	.weak	handle_reset
	.align	1
handle_reset:
.option push 
.option	norelax 
	la gp, __global_pointer$
     9a8:	20001197          	auipc	gp,0x20001
     9ac:	86018193          	addi	gp,gp,-1952 # 20001208 <__global_pointer$>
e:/DuRuofu/Project/fr-ble-light/software/ch582/SRC/Startup/startup_CH583.S:132
.option	pop 
1:
	la sp, _eusrstack 
     9b0:	20007117          	auipc	sp,0x20007
     9b4:	65010113          	addi	sp,sp,1616 # 20008000 <_eusrstack>
e:/DuRuofu/Project/fr-ble-light/software/ch582/SRC/Startup/startup_CH583.S:136

/* Load highcode code  section from flash to RAM */
2:
    la a0, _highcode_lma
     9b8:	00400513          	li	a0,4
e:/DuRuofu/Project/fr-ble-light/software/ch582/SRC/Startup/startup_CH583.S:137
    la a1, _highcode_vma_start
     9bc:	1ffff597          	auipc	a1,0x1ffff
     9c0:	64458593          	addi	a1,a1,1604 # 20000000 <_highcode_vma_start>
e:/DuRuofu/Project/fr-ble-light/software/ch582/SRC/Startup/startup_CH583.S:138
    la a2, _highcode_vma_end
     9c4:	20000617          	auipc	a2,0x20000
     9c8:	fe060613          	addi	a2,a2,-32 # 200009a4 <_highcode_vma_end>
e:/DuRuofu/Project/fr-ble-light/software/ch582/SRC/Startup/startup_CH583.S:139
    bgeu a1, a2, 2f
     9cc:	00c5fa63          	bgeu	a1,a2,9e0 <handle_reset+0x38>
e:/DuRuofu/Project/fr-ble-light/software/ch582/SRC/Startup/startup_CH583.S:141
1:
    lw t0, (a0)
     9d0:	00052283          	lw	t0,0(a0)
e:/DuRuofu/Project/fr-ble-light/software/ch582/SRC/Startup/startup_CH583.S:142
    sw t0, (a1)
     9d4:	0055a023          	sw	t0,0(a1)
e:/DuRuofu/Project/fr-ble-light/software/ch582/SRC/Startup/startup_CH583.S:143
    addi a0, a0, 4
     9d8:	0511                	addi	a0,a0,4
e:/DuRuofu/Project/fr-ble-light/software/ch582/SRC/Startup/startup_CH583.S:144
    addi a1, a1, 4
     9da:	0591                	addi	a1,a1,4
e:/DuRuofu/Project/fr-ble-light/software/ch582/SRC/Startup/startup_CH583.S:145
    bltu a1, a2, 1b
     9dc:	fec5eae3          	bltu	a1,a2,9d0 <handle_reset+0x28>
e:/DuRuofu/Project/fr-ble-light/software/ch582/SRC/Startup/startup_CH583.S:149

/* Load data section from flash to RAM */
2:
	la a0, _data_lma
     9e0:	00001517          	auipc	a0,0x1
     9e4:	74450513          	addi	a0,a0,1860 # 2124 <_data_lma>
e:/DuRuofu/Project/fr-ble-light/software/ch582/SRC/Startup/startup_CH583.S:150
	la a1, _data_vma
     9e8:	20000597          	auipc	a1,0x20000
     9ec:	fbc58593          	addi	a1,a1,-68 # 200009a4 <_highcode_vma_end>
e:/DuRuofu/Project/fr-ble-light/software/ch582/SRC/Startup/startup_CH583.S:151
	la a2, _edata
     9f0:	80818613          	addi	a2,gp,-2040 # 20000a10 <_edata>
e:/DuRuofu/Project/fr-ble-light/software/ch582/SRC/Startup/startup_CH583.S:152
	bgeu a1, a2, 2f
     9f4:	00c5fa63          	bgeu	a1,a2,a08 <handle_reset+0x60>
e:/DuRuofu/Project/fr-ble-light/software/ch582/SRC/Startup/startup_CH583.S:154
1:
	lw t0, (a0)
     9f8:	00052283          	lw	t0,0(a0)
e:/DuRuofu/Project/fr-ble-light/software/ch582/SRC/Startup/startup_CH583.S:155
	sw t0, (a1)
     9fc:	0055a023          	sw	t0,0(a1)
e:/DuRuofu/Project/fr-ble-light/software/ch582/SRC/Startup/startup_CH583.S:156
	addi a0, a0, 4
     a00:	0511                	addi	a0,a0,4
e:/DuRuofu/Project/fr-ble-light/software/ch582/SRC/Startup/startup_CH583.S:157
	addi a1, a1, 4
     a02:	0591                	addi	a1,a1,4
e:/DuRuofu/Project/fr-ble-light/software/ch582/SRC/Startup/startup_CH583.S:158
	bltu a1, a2, 1b
     a04:	fec5eae3          	bltu	a1,a2,9f8 <handle_reset+0x50>
e:/DuRuofu/Project/fr-ble-light/software/ch582/SRC/Startup/startup_CH583.S:161
2:
	/* clear bss section */
	la a0, _sbss
     a08:	80818513          	addi	a0,gp,-2040 # 20000a10 <_edata>
e:/DuRuofu/Project/fr-ble-light/software/ch582/SRC/Startup/startup_CH583.S:162
	la a1, _ebss
     a0c:	81818593          	addi	a1,gp,-2024 # 20000a20 <_ebss>
e:/DuRuofu/Project/fr-ble-light/software/ch582/SRC/Startup/startup_CH583.S:163
	bgeu a0, a1, 2f
     a10:	00b57763          	bgeu	a0,a1,a1e <handle_reset+0x76>
e:/DuRuofu/Project/fr-ble-light/software/ch582/SRC/Startup/startup_CH583.S:165
1:
	sw zero, (a0)
     a14:	00052023          	sw	zero,0(a0)
e:/DuRuofu/Project/fr-ble-light/software/ch582/SRC/Startup/startup_CH583.S:166
	addi a0, a0, 4
     a18:	0511                	addi	a0,a0,4
e:/DuRuofu/Project/fr-ble-light/software/ch582/SRC/Startup/startup_CH583.S:167
	bltu a0, a1, 1b
     a1a:	feb56de3          	bltu	a0,a1,a14 <handle_reset+0x6c>
e:/DuRuofu/Project/fr-ble-light/software/ch582/SRC/Startup/startup_CH583.S:170
2:
	/* ¡˜ÀÆœﬂøÿ÷∆Œª & ∂ØÃ¨‘§≤‚øÿ÷∆Œª */
	li t0, 0x1f
     a1e:	42fd                	li	t0,31
e:/DuRuofu/Project/fr-ble-light/software/ch582/SRC/Startup/startup_CH583.S:171
	csrw 0xbc0, t0
     a20:	bc029073          	csrw	0xbc0,t0
e:/DuRuofu/Project/fr-ble-light/software/ch582/SRC/Startup/startup_CH583.S:173
	/* ¥Úø™«∂Ã◊÷–∂œ°¢”≤º˛—π’ªπ¶ƒ‹ */
	li t0, 0x3
     a24:	428d                	li	t0,3
e:/DuRuofu/Project/fr-ble-light/software/ch582/SRC/Startup/startup_CH583.S:174
	csrw 0x804, t0
     a26:	80429073          	csrw	0x804,t0
e:/DuRuofu/Project/fr-ble-light/software/ch582/SRC/Startup/startup_CH583.S:176
	
    li t0, 0x88
     a2a:	08800293          	li	t0,136
e:/DuRuofu/Project/fr-ble-light/software/ch582/SRC/Startup/startup_CH583.S:177
    csrw mstatus, t0
     a2e:	30029073          	csrw	mstatus,t0
e:/DuRuofu/Project/fr-ble-light/software/ch582/SRC/Startup/startup_CH583.S:178
	la t0, _vector_base
     a32:	1ffff297          	auipc	t0,0x1ffff
     a36:	5ce28293          	addi	t0,t0,1486 # 20000000 <_highcode_vma_start>
e:/DuRuofu/Project/fr-ble-light/software/ch582/SRC/Startup/startup_CH583.S:181

	/* ≈‰÷√œÚ¡ø±Ìƒ£ ΩŒ™æ¯∂‘µÿ÷∑ƒ£ Ω */
    ori t0, t0, 3
     a3a:	0032e293          	ori	t0,t0,3
e:/DuRuofu/Project/fr-ble-light/software/ch582/SRC/Startup/startup_CH583.S:182
	csrw mtvec, t0
     a3e:	30529073          	csrw	mtvec,t0
e:/DuRuofu/Project/fr-ble-light/software/ch582/SRC/Startup/startup_CH583.S:184

    lui a4,0x40001
     a42:	40001737          	lui	a4,0x40001
e:/DuRuofu/Project/fr-ble-light/software/ch582/SRC/Startup/startup_CH583.S:185
    li  a5,87
     a46:	05700793          	li	a5,87
e:/DuRuofu/Project/fr-ble-light/software/ch582/SRC/Startup/startup_CH583.S:186
    sb  a5,64(a4)
     a4a:	04f70023          	sb	a5,64(a4) # 40001040 <_eusrstack+0x1fff9040>
e:/DuRuofu/Project/fr-ble-light/software/ch582/SRC/Startup/startup_CH583.S:187
    li  a5,-88
     a4e:	fa800793          	li	a5,-88
e:/DuRuofu/Project/fr-ble-light/software/ch582/SRC/Startup/startup_CH583.S:188
    sb  a5,64(a4)
     a52:	04f70023          	sb	a5,64(a4)
e:/DuRuofu/Project/fr-ble-light/software/ch582/SRC/Startup/startup_CH583.S:189
    fence.i
     a56:	0000100f          	fence.i
e:/DuRuofu/Project/fr-ble-light/software/ch582/SRC/Startup/startup_CH583.S:190
    lw  a5,72(a4)
     a5a:	473c                	lw	a5,72(a4)
e:/DuRuofu/Project/fr-ble-light/software/ch582/SRC/Startup/startup_CH583.S:191
    lui a3,0xfa000
     a5c:	fa0006b7          	lui	a3,0xfa000
e:/DuRuofu/Project/fr-ble-light/software/ch582/SRC/Startup/startup_CH583.S:192
    addi  a3,a3,-8
     a60:	16e1                	addi	a3,a3,-8
e:/DuRuofu/Project/fr-ble-light/software/ch582/SRC/Startup/startup_CH583.S:193
    and a5,a5,a3
     a62:	8ff5                	and	a5,a5,a3
e:/DuRuofu/Project/fr-ble-light/software/ch582/SRC/Startup/startup_CH583.S:194
    lui a3,0x6000
     a64:	060006b7          	lui	a3,0x6000
e:/DuRuofu/Project/fr-ble-light/software/ch582/SRC/Startup/startup_CH583.S:195
    addi a3,a3,5
     a68:	0695                	addi	a3,a3,5
e:/DuRuofu/Project/fr-ble-light/software/ch582/SRC/Startup/startup_CH583.S:196
    or  a5,a5,a3
     a6a:	8fd5                	or	a5,a5,a3
e:/DuRuofu/Project/fr-ble-light/software/ch582/SRC/Startup/startup_CH583.S:197
    sw  a5,72(a4)
     a6c:	c73c                	sw	a5,72(a4)
e:/DuRuofu/Project/fr-ble-light/software/ch582/SRC/Startup/startup_CH583.S:199

	la t0, main
     a6e:	00000297          	auipc	t0,0x0
     a72:	0b828293          	addi	t0,t0,184 # b26 <main>
e:/DuRuofu/Project/fr-ble-light/software/ch582/SRC/Startup/startup_CH583.S:200
	csrw mepc, t0
     a76:	34129073          	csrw	mepc,t0
e:/DuRuofu/Project/fr-ble-light/software/ch582/SRC/Startup/startup_CH583.S:203
	
	
	mret
     a7a:	30200073          	mret

00000a7e <memset>:
memset():
     a7e:	433d                	li	t1,15
     a80:	872a                	mv	a4,a0
     a82:	02c37363          	bgeu	t1,a2,aa8 <memset+0x2a>
     a86:	00f77793          	andi	a5,a4,15
     a8a:	efbd                	bnez	a5,b08 <memset+0x8a>
     a8c:	e5ad                	bnez	a1,af6 <memset+0x78>
     a8e:	ff067693          	andi	a3,a2,-16
     a92:	8a3d                	andi	a2,a2,15
     a94:	96ba                	add	a3,a3,a4
     a96:	c30c                	sw	a1,0(a4)
     a98:	c34c                	sw	a1,4(a4)
     a9a:	c70c                	sw	a1,8(a4)
     a9c:	c74c                	sw	a1,12(a4)
     a9e:	0741                	addi	a4,a4,16
     aa0:	fed76be3          	bltu	a4,a3,a96 <memset+0x18>
     aa4:	e211                	bnez	a2,aa8 <memset+0x2a>
     aa6:	8082                	ret
     aa8:	40c306b3          	sub	a3,t1,a2
     aac:	068a                	slli	a3,a3,0x2
     aae:	00000297          	auipc	t0,0x0
     ab2:	9696                	add	a3,a3,t0
     ab4:	00a68067          	jr	10(a3) # 600000a <_data_lma+0x5ffdee6>
     ab8:	00b70723          	sb	a1,14(a4)
     abc:	00b706a3          	sb	a1,13(a4)
     ac0:	00b70623          	sb	a1,12(a4)
     ac4:	00b705a3          	sb	a1,11(a4)
     ac8:	00b70523          	sb	a1,10(a4)
     acc:	00b704a3          	sb	a1,9(a4)
     ad0:	00b70423          	sb	a1,8(a4)
     ad4:	00b703a3          	sb	a1,7(a4)
     ad8:	00b70323          	sb	a1,6(a4)
     adc:	00b702a3          	sb	a1,5(a4)
     ae0:	00b70223          	sb	a1,4(a4)
     ae4:	00b701a3          	sb	a1,3(a4)
     ae8:	00b70123          	sb	a1,2(a4)
     aec:	00b700a3          	sb	a1,1(a4)
     af0:	00b70023          	sb	a1,0(a4)
     af4:	8082                	ret
     af6:	0ff5f593          	andi	a1,a1,255
     afa:	00859693          	slli	a3,a1,0x8
     afe:	8dd5                	or	a1,a1,a3
     b00:	01059693          	slli	a3,a1,0x10
     b04:	8dd5                	or	a1,a1,a3
     b06:	b761                	j	a8e <memset+0x10>
     b08:	00279693          	slli	a3,a5,0x2
     b0c:	00000297          	auipc	t0,0x0
     b10:	9696                	add	a3,a3,t0
     b12:	8286                	mv	t0,ra
     b14:	fa8680e7          	jalr	-88(a3)
     b18:	8096                	mv	ra,t0
     b1a:	17c1                	addi	a5,a5,-16
     b1c:	8f1d                	sub	a4,a4,a5
     b1e:	963e                	add	a2,a2,a5
     b20:	f8c374e3          	bgeu	t1,a2,aa8 <memset+0x2a>
     b24:	b7a5                	j	a8c <memset+0xe>

00000b26 <main>:
main():
e:\DuRuofu\Project\fr-ble-light\software\ch582\04-adc\obj/../src/Main.c:16
 *******************************************************************************/

#include "CH58x_common.h"

int main()
{
     b26:	1141                	addi	sp,sp,-16
e:\DuRuofu\Project\fr-ble-light\software\ch582\04-adc\obj/../src/Main.c:19
    uint8_t i;

    SetSysClock(CLK_SOURCE_PLL_60MHz);
     b28:	04800513          	li	a0,72
e:\DuRuofu\Project\fr-ble-light\software\ch582\04-adc\obj/../src/Main.c:16
{
     b2c:	c606                	sw	ra,12(sp)
     b2e:	c422                	sw	s0,8(sp)
     b30:	c226                	sw	s1,4(sp)
e:\DuRuofu\Project\fr-ble-light\software\ch582\04-adc\obj/../src/Main.c:19
    SetSysClock(CLK_SOURCE_PLL_60MHz);
     b32:	1ffff097          	auipc	ra,0x1ffff
     b36:	560080e7          	jalr	1376(ra) # 20000092 <SetSysClock>
e:\DuRuofu\Project\fr-ble-light\software\ch582\04-adc\obj/../src/Main.c:22

    /* UART1 Ë∞ÉËØï‰∏≤Âè£ */
    GPIOA_SetBits(GPIO_Pin_9);
     b3a:	40001737          	lui	a4,0x40001
     b3e:	0a872783          	lw	a5,168(a4) # 400010a8 <_eusrstack+0x1fff90a8>
e:\DuRuofu\Project\fr-ble-light\software\ch582\04-adc\obj/../src/Main.c:23
    GPIOA_ModeCfg(GPIO_Pin_8, GPIO_ModeIN_PU);
     b42:	4585                	li	a1,1
     b44:	10000513          	li	a0,256
e:\DuRuofu\Project\fr-ble-light\software\ch582\04-adc\obj/../src/Main.c:22
    GPIOA_SetBits(GPIO_Pin_9);
     b48:	2007e793          	ori	a5,a5,512
     b4c:	0af72423          	sw	a5,168(a4)
e:\DuRuofu\Project\fr-ble-light\software\ch582\04-adc\obj/../src/Main.c:23
    GPIOA_ModeCfg(GPIO_Pin_8, GPIO_ModeIN_PU);
     b50:	28c5                	jal	c40 <GPIOA_ModeCfg>
e:\DuRuofu\Project\fr-ble-light\software\ch582\04-adc\obj/../src/Main.c:24
    GPIOA_ModeCfg(GPIO_Pin_9, GPIO_ModeOut_PP_5mA);
     b52:	458d                	li	a1,3
     b54:	20000513          	li	a0,512
     b58:	20e5                	jal	c40 <GPIOA_ModeCfg>
e:\DuRuofu\Project\fr-ble-light\software\ch582\04-adc\obj/../src/Main.c:25
    UART1_DefInit();
     b5a:	2c99                	jal	db0 <UART1_DefInit>
e:\DuRuofu\Project\fr-ble-light\software\ch582\04-adc\obj/../src/Main.c:26
    PRINT("ADC Test Start\n");
     b5c:	00001517          	auipc	a0,0x1
     b60:	4bc50513          	addi	a0,a0,1212 # 2018 <_read+0xc>
     b64:	2e71                	jal	f00 <puts>
e:\DuRuofu\Project\fr-ble-light\software\ch582\04-adc\obj/../src/Main.c:29

    /* ‚îÄ‚îÄ‚îÄ 1. ÂÜÖÈÉ®Ê∏©Â∫¶ (ÂéüÂßãÂÄº) ‚îÄ‚îÄ‚îÄ */
    PRINT("\n--- Temperature (raw ADC) ---\n");
     b66:	00001517          	auipc	a0,0x1
     b6a:	4c250513          	addi	a0,a0,1218 # 2028 <_read+0x1c>
     b6e:	2e49                	jal	f00 <puts>
e:\DuRuofu\Project\fr-ble-light\software\ch582\04-adc\obj/../src/Main.c:30
    ADC_InterTSSampInit();
     b70:	2061                	jal	bf8 <ADC_InterTSSampInit>
     b72:	4429                	li	s0,10
e:\DuRuofu\Project\fr-ble-light\software\ch582\04-adc\obj/../src/Main.c:33
    for (i = 0; i < 10; i++)
    {
        PRINT("%d\n", ADC_ExcutSingleConver());
     b74:	00001497          	auipc	s1,0x1
     b78:	4d448493          	addi	s1,s1,1236 # 2048 <_read+0x3c>
e:\DuRuofu\Project\fr-ble-light\software\ch582\04-adc\obj/../src/Main.c:33 (discriminator 3)
     b7c:	2055                	jal	c20 <ADC_ExcutSingleConver>
     b7e:	147d                	addi	s0,s0,-1
     b80:	85aa                	mv	a1,a0
     b82:	0ff47413          	andi	s0,s0,255
     b86:	8526                	mv	a0,s1
     b88:	2ca9                	jal	de2 <iprintf>
e:\DuRuofu\Project\fr-ble-light\software\ch582\04-adc\obj/../src/Main.c:31 (discriminator 3)
    for (i = 0; i < 10; i++)
     b8a:	f86d                	bnez	s0,b7c <main+0x56>
e:\DuRuofu\Project\fr-ble-light\software\ch582\04-adc\obj/../src/Main.c:37
    }

    /* ‚îÄ‚îÄ‚îÄ 2. ÂçïÈÄöÈÅìËΩÆËØ¢ PA4 ‚îÄ‚îÄ‚îÄ */
    R8_TEM_SENSOR = 0;  /* ÂÖ≥Èó≠ÂÜÖÈÉ®Ê∏©Â∫¶‰º†ÊÑüÂô® */
     b8c:	40001437          	lui	s0,0x40001
     b90:	04040da3          	sb	zero,91(s0) # 4000105b <_eusrstack+0x1fff905b>
e:\DuRuofu\Project\fr-ble-light\software\ch582\04-adc\obj/../src/Main.c:38
    PRINT("\n--- Polling CH0 (PA4) ---\n");
     b94:	00001517          	auipc	a0,0x1
     b98:	4b850513          	addi	a0,a0,1208 # 204c <_read+0x40>
     b9c:	2695                	jal	f00 <puts>
e:\DuRuofu\Project\fr-ble-light\software\ch582\04-adc\obj/../src/Main.c:39
    GPIOA_ModeCfg(GPIO_Pin_4, GPIO_ModeIN_Floating);
     b9e:	4581                	li	a1,0
     ba0:	4541                	li	a0,16
     ba2:	2879                	jal	c40 <GPIOA_ModeCfg>
e:\DuRuofu\Project\fr-ble-light\software\ch582\04-adc\obj/../src/Main.c:40
    ADC_ExtSingleChSampInit(SampleFreq_3_2, ADC_PGA_0);
     ba4:	4589                	li	a1,2
     ba6:	4501                	li	a0,0
     ba8:	2035                	jal	bd4 <ADC_ExtSingleChSampInit>
e:\DuRuofu\Project\fr-ble-light\software\ch582\04-adc\obj/../src/Main.c:45
    ADC_ChannelCfg(0);

    for (i = 0; i < 10; i++)
    {
        PRINT("%d\n", ADC_ExcutSingleConver());
     baa:	00001497          	auipc	s1,0x1
     bae:	49e48493          	addi	s1,s1,1182 # 2048 <_read+0x3c>
e:\DuRuofu\Project\fr-ble-light\software\ch582\04-adc\obj/../src/Main.c:41
    ADC_ChannelCfg(0);
     bb2:	04040c23          	sb	zero,88(s0)
     bb6:	4429                	li	s0,10
e:\DuRuofu\Project\fr-ble-light\software\ch582\04-adc\obj/../src/Main.c:45 (discriminator 3)
        PRINT("%d\n", ADC_ExcutSingleConver());
     bb8:	20a5                	jal	c20 <ADC_ExcutSingleConver>
     bba:	147d                	addi	s0,s0,-1
     bbc:	85aa                	mv	a1,a0
     bbe:	0ff47413          	andi	s0,s0,255
     bc2:	8526                	mv	a0,s1
     bc4:	2c39                	jal	de2 <iprintf>
e:\DuRuofu\Project\fr-ble-light\software\ch582\04-adc\obj/../src/Main.c:43 (discriminator 3)
    for (i = 0; i < 10; i++)
     bc6:	f86d                	bnez	s0,bb8 <main+0x92>
e:\DuRuofu\Project\fr-ble-light\software\ch582\04-adc\obj/../src/Main.c:48
    }

    PRINT("Done\n");
     bc8:	00001517          	auipc	a0,0x1
     bcc:	4a050513          	addi	a0,a0,1184 # 2068 <_read+0x5c>
     bd0:	2e05                	jal	f00 <puts>
e:\DuRuofu\Project\fr-ble-light\software\ch582\04-adc\obj/../src/Main.c:49 (discriminator 1)
    while (1);
     bd2:	a001                	j	bd2 <main+0xac>

00000bd4 <ADC_ExtSingleChSampInit>:
ADC_ExtSingleChSampInit():
e:/DuRuofu/Project/fr-ble-light/software/ch582/SRC/StdPeriphDriver/CH58x_adc.c:65
 *
 * @return  none
 */
void ADC_ExtSingleChSampInit(ADC_SampClkTypeDef sp, ADC_SignalPGATypeDef ga)
{
    R8_TKEY_CFG &= ~RB_TKEY_PWR_ON;
     bd4:	400017b7          	lui	a5,0x40001
     bd8:	0577c703          	lbu	a4,87(a5) # 40001057 <_eusrstack+0x1fff9057>
e:/DuRuofu/Project/fr-ble-light/software/ch582/SRC/StdPeriphDriver/CH58x_adc.c:66
    R8_ADC_CFG = RB_ADC_POWER_ON | RB_ADC_BUF_EN | (sp << 6) | (ga << 4);
     bdc:	051a                	slli	a0,a0,0x6
     bde:	0592                	slli	a1,a1,0x4
     be0:	8d4d                	or	a0,a0,a1
e:/DuRuofu/Project/fr-ble-light/software/ch582/SRC/StdPeriphDriver/CH58x_adc.c:65
    R8_TKEY_CFG &= ~RB_TKEY_PWR_ON;
     be2:	0fe77713          	andi	a4,a4,254
e:/DuRuofu/Project/fr-ble-light/software/ch582/SRC/StdPeriphDriver/CH58x_adc.c:66
    R8_ADC_CFG = RB_ADC_POWER_ON | RB_ADC_BUF_EN | (sp << 6) | (ga << 4);
     be6:	00356513          	ori	a0,a0,3
e:/DuRuofu/Project/fr-ble-light/software/ch582/SRC/StdPeriphDriver/CH58x_adc.c:65
    R8_TKEY_CFG &= ~RB_TKEY_PWR_ON;
     bea:	04e78ba3          	sb	a4,87(a5)
e:/DuRuofu/Project/fr-ble-light/software/ch582/SRC/StdPeriphDriver/CH58x_adc.c:66
    R8_ADC_CFG = RB_ADC_POWER_ON | RB_ADC_BUF_EN | (sp << 6) | (ga << 4);
     bee:	0ff57513          	andi	a0,a0,255
     bf2:	04a78ca3          	sb	a0,89(a5)
e:/DuRuofu/Project/fr-ble-light/software/ch582/SRC/StdPeriphDriver/CH58x_adc.c:67
}
     bf6:	8082                	ret

00000bf8 <ADC_InterTSSampInit>:
ADC_InterTSSampInit():
e:/DuRuofu/Project/fr-ble-light/software/ch582/SRC/StdPeriphDriver/CH58x_adc.c:96
 *
 * @return  none
 */
void ADC_InterTSSampInit(void)
{
    R8_TKEY_CFG &= ~RB_TKEY_PWR_ON;
     bf8:	400017b7          	lui	a5,0x40001
     bfc:	0577c703          	lbu	a4,87(a5) # 40001057 <_eusrstack+0x1fff9057>
     c00:	0fe77713          	andi	a4,a4,254
     c04:	04e78ba3          	sb	a4,87(a5)
e:/DuRuofu/Project/fr-ble-light/software/ch582/SRC/StdPeriphDriver/CH58x_adc.c:97
    R8_TEM_SENSOR = RB_TEM_SEN_PWR_ON;
     c08:	f8000713          	li	a4,-128
     c0c:	04e78da3          	sb	a4,91(a5)
e:/DuRuofu/Project/fr-ble-light/software/ch582/SRC/StdPeriphDriver/CH58x_adc.c:98
    R8_ADC_CHANNEL = CH_INTE_VTEMP;
     c10:	473d                	li	a4,15
     c12:	04e78c23          	sb	a4,88(a5)
e:/DuRuofu/Project/fr-ble-light/software/ch582/SRC/StdPeriphDriver/CH58x_adc.c:99
    R8_ADC_CFG = RB_ADC_POWER_ON | RB_ADC_DIFF_EN | (3 << 4);
     c16:	03500713          	li	a4,53
     c1a:	04e78ca3          	sb	a4,89(a5)
e:/DuRuofu/Project/fr-ble-light/software/ch582/SRC/StdPeriphDriver/CH58x_adc.c:100
}
     c1e:	8082                	ret

00000c20 <ADC_ExcutSingleConver>:
ADC_ExcutSingleConver():
e:/DuRuofu/Project/fr-ble-light/software/ch582/SRC/StdPeriphDriver/CH58x_adc.c:144
 *
 * @return  ADC◊™ªª∫Ûµƒ ˝æ›
 */
uint16_t ADC_ExcutSingleConver(void)
{
    R8_ADC_CONVERT = RB_ADC_START;
     c20:	4705                	li	a4,1
     c22:	400017b7          	lui	a5,0x40001
     c26:	04e78d23          	sb	a4,90(a5) # 4000105a <_eusrstack+0x1fff905a>
e:/DuRuofu/Project/fr-ble-light/software/ch582/SRC/StdPeriphDriver/CH58x_adc.c:145
    while(R8_ADC_CONVERT & RB_ADC_START);
     c2a:	40001737          	lui	a4,0x40001
e:/DuRuofu/Project/fr-ble-light/software/ch582/SRC/StdPeriphDriver/CH58x_adc.c:145 (discriminator 1)
     c2e:	05a74783          	lbu	a5,90(a4) # 4000105a <_eusrstack+0x1fff905a>
     c32:	8b85                	andi	a5,a5,1
     c34:	ffed                	bnez	a5,c2e <ADC_ExcutSingleConver+0xe>
e:/DuRuofu/Project/fr-ble-light/software/ch582/SRC/StdPeriphDriver/CH58x_adc.c:147

    return (R16_ADC_DATA & RB_ADC_DATA);
     c36:	05c75503          	lhu	a0,92(a4)
     c3a:	0552                	slli	a0,a0,0x14
e:/DuRuofu/Project/fr-ble-light/software/ch582/SRC/StdPeriphDriver/CH58x_adc.c:148
}
     c3c:	8151                	srli	a0,a0,0x14
     c3e:	8082                	ret

00000c40 <GPIOA_ModeCfg>:
GPIOA_ModeCfg():
e:/DuRuofu/Project/fr-ble-light/software/ch582/SRC/StdPeriphDriver/CH58x_gpio.c:27
 *
 * @return  none
 */
void GPIOA_ModeCfg(uint32_t pin, GPIOModeTypeDef mode)
{
    switch(mode)
     c40:	4791                	li	a5,4
     c42:	02b7ee63          	bltu	a5,a1,c7e <GPIOA_ModeCfg+0x3e>
     c46:	00001717          	auipc	a4,0x1
     c4a:	42a70713          	addi	a4,a4,1066 # 2070 <_read+0x64>
     c4e:	058a                	slli	a1,a1,0x2
     c50:	95ba                	add	a1,a1,a4
     c52:	419c                	lw	a5,0(a1)
     c54:	97ba                	add	a5,a5,a4
     c56:	8782                	jr	a5
e:/DuRuofu/Project/fr-ble-light/software/ch582/SRC/StdPeriphDriver/CH58x_gpio.c:30
    {
        case GPIO_ModeIN_Floating:
            R32_PA_PD_DRV &= ~pin;
     c58:	400017b7          	lui	a5,0x40001
     c5c:	0b47a703          	lw	a4,180(a5) # 400010b4 <_eusrstack+0x1fff90b4>
     c60:	fff54513          	not	a0,a0
     c64:	8f69                	and	a4,a4,a0
     c66:	0ae7aa23          	sw	a4,180(a5)
e:/DuRuofu/Project/fr-ble-light/software/ch582/SRC/StdPeriphDriver/CH58x_gpio.c:31
            R32_PA_PU &= ~pin;
     c6a:	0b07a703          	lw	a4,176(a5)
e:/DuRuofu/Project/fr-ble-light/software/ch582/SRC/StdPeriphDriver/CH58x_gpio.c:43
            R32_PA_DIR &= ~pin;
            break;

        case GPIO_ModeIN_PD:
            R32_PA_PD_DRV |= pin;
            R32_PA_PU &= ~pin;
     c6e:	8f69                	and	a4,a4,a0
     c70:	0ae7a823          	sw	a4,176(a5)
e:/DuRuofu/Project/fr-ble-light/software/ch582/SRC/StdPeriphDriver/CH58x_gpio.c:44
            R32_PA_DIR &= ~pin;
     c74:	0a07a703          	lw	a4,160(a5)
     c78:	8d79                	and	a0,a0,a4
e:/DuRuofu/Project/fr-ble-light/software/ch582/SRC/StdPeriphDriver/CH58x_gpio.c:54
            R32_PA_DIR |= pin;
            break;

        case GPIO_ModeOut_PP_20mA:
            R32_PA_PD_DRV |= pin;
            R32_PA_DIR |= pin;
     c7a:	0aa7a023          	sw	a0,160(a5)
e:/DuRuofu/Project/fr-ble-light/software/ch582/SRC/StdPeriphDriver/CH58x_gpio.c:60
            break;

        default:
            break;
    }
}
     c7e:	8082                	ret
e:/DuRuofu/Project/fr-ble-light/software/ch582/SRC/StdPeriphDriver/CH58x_gpio.c:36
            R32_PA_PD_DRV &= ~pin;
     c80:	400017b7          	lui	a5,0x40001
     c84:	0b47a683          	lw	a3,180(a5) # 400010b4 <_eusrstack+0x1fff90b4>
     c88:	fff54713          	not	a4,a0
     c8c:	8ef9                	and	a3,a3,a4
     c8e:	0ad7aa23          	sw	a3,180(a5)
e:/DuRuofu/Project/fr-ble-light/software/ch582/SRC/StdPeriphDriver/CH58x_gpio.c:37
            R32_PA_PU |= pin;
     c92:	0b07a683          	lw	a3,176(a5)
     c96:	8d55                	or	a0,a0,a3
     c98:	0aa7a823          	sw	a0,176(a5)
e:/DuRuofu/Project/fr-ble-light/software/ch582/SRC/StdPeriphDriver/CH58x_gpio.c:38
            R32_PA_DIR &= ~pin;
     c9c:	0a07a683          	lw	a3,160(a5)
     ca0:	8f75                	and	a4,a4,a3
     ca2:	0ae7a023          	sw	a4,160(a5)
e:/DuRuofu/Project/fr-ble-light/software/ch582/SRC/StdPeriphDriver/CH58x_gpio.c:39
            break;
     ca6:	8082                	ret
e:/DuRuofu/Project/fr-ble-light/software/ch582/SRC/StdPeriphDriver/CH58x_gpio.c:42
            R32_PA_PD_DRV |= pin;
     ca8:	400017b7          	lui	a5,0x40001
     cac:	0b47a703          	lw	a4,180(a5) # 400010b4 <_eusrstack+0x1fff90b4>
     cb0:	8f49                	or	a4,a4,a0
     cb2:	0ae7aa23          	sw	a4,180(a5)
e:/DuRuofu/Project/fr-ble-light/software/ch582/SRC/StdPeriphDriver/CH58x_gpio.c:43
            R32_PA_PU &= ~pin;
     cb6:	0b07a703          	lw	a4,176(a5)
     cba:	fff54513          	not	a0,a0
     cbe:	bf45                	j	c6e <GPIOA_ModeCfg+0x2e>
e:/DuRuofu/Project/fr-ble-light/software/ch582/SRC/StdPeriphDriver/CH58x_gpio.c:48
            R32_PA_PD_DRV &= ~pin;
     cc0:	400017b7          	lui	a5,0x40001
     cc4:	0b47a683          	lw	a3,180(a5) # 400010b4 <_eusrstack+0x1fff90b4>
     cc8:	fff54713          	not	a4,a0
     ccc:	8f75                	and	a4,a4,a3
e:/DuRuofu/Project/fr-ble-light/software/ch582/SRC/StdPeriphDriver/CH58x_gpio.c:53
            R32_PA_PD_DRV |= pin;
     cce:	0ae7aa23          	sw	a4,180(a5)
e:/DuRuofu/Project/fr-ble-light/software/ch582/SRC/StdPeriphDriver/CH58x_gpio.c:54
            R32_PA_DIR |= pin;
     cd2:	0a07a703          	lw	a4,160(a5)
     cd6:	8d59                	or	a0,a0,a4
     cd8:	b74d                	j	c7a <GPIOA_ModeCfg+0x3a>
e:/DuRuofu/Project/fr-ble-light/software/ch582/SRC/StdPeriphDriver/CH58x_gpio.c:53
            R32_PA_PD_DRV |= pin;
     cda:	400017b7          	lui	a5,0x40001
     cde:	0b47a703          	lw	a4,180(a5) # 400010b4 <_eusrstack+0x1fff90b4>
     ce2:	8f49                	or	a4,a4,a0
     ce4:	b7ed                	j	cce <GPIOA_ModeCfg+0x8e>

00000ce6 <GetSysClock>:
GetSysClock():
e:/DuRuofu/Project/fr-ble-light/software/ch582/SRC/StdPeriphDriver/CH58x_sys.c:117
    rev = R16_CLK_SYS_CFG & 0xff;
     ce6:	400017b7          	lui	a5,0x40001
     cea:	0087d503          	lhu	a0,8(a5) # 40001008 <_eusrstack+0x1fff9008>
     cee:	0542                	slli	a0,a0,0x10
     cf0:	8141                	srli	a0,a0,0x10
e:/DuRuofu/Project/fr-ble-light/software/ch582/SRC/StdPeriphDriver/CH58x_sys.c:118
    if((rev & 0x40) == (0 << 6))
     cf2:	04057793          	andi	a5,a0,64
     cf6:	eb91                	bnez	a5,d0a <GetSysClock+0x24>
e:/DuRuofu/Project/fr-ble-light/software/ch582/SRC/StdPeriphDriver/CH58x_sys.c:120
        return (32000000 / (rev & 0x1f));
     cf8:	01f57793          	andi	a5,a0,31
     cfc:	01e85537          	lui	a0,0x1e85
e:/DuRuofu/Project/fr-ble-light/software/ch582/SRC/StdPeriphDriver/CH58x_sys.c:124
        return (480000000 / (rev & 0x1f));
     d00:	80050513          	addi	a0,a0,-2048 # 1e84800 <_data_lma+0x1e826dc>
     d04:	02f54533          	div	a0,a0,a5
     d08:	8082                	ret
e:/DuRuofu/Project/fr-ble-light/software/ch582/SRC/StdPeriphDriver/CH58x_sys.c:122
    else if((rev & RB_CLK_SYS_MOD) == (1 << 6))
     d0a:	0c057793          	andi	a5,a0,192
     d0e:	04000713          	li	a4,64
     d12:	00e79763          	bne	a5,a4,d20 <GetSysClock+0x3a>
e:/DuRuofu/Project/fr-ble-light/software/ch582/SRC/StdPeriphDriver/CH58x_sys.c:124
        return (480000000 / (rev & 0x1f));
     d16:	01f57793          	andi	a5,a0,31
     d1a:	1c9c4537          	lui	a0,0x1c9c4
     d1e:	b7cd                	j	d00 <GetSysClock+0x1a>
e:/DuRuofu/Project/fr-ble-light/software/ch582/SRC/StdPeriphDriver/CH58x_sys.c:128
        return (32000);
     d20:	6521                	lui	a0,0x8
     d22:	d0050513          	addi	a0,a0,-768 # 7d00 <_data_lma+0x5bdc>
e:/DuRuofu/Project/fr-ble-light/software/ch582/SRC/StdPeriphDriver/CH58x_sys.c:130
}
     d26:	8082                	ret

00000d28 <_write>:
_write():
e:/DuRuofu/Project/fr-ble-light/software/ch582/SRC/StdPeriphDriver/CH58x_sys.c:382

#ifdef DEBUG
int _write(int fd, char *buf, int size)
{
    int i;
    for(i = 0; i < size; i++)
     d28:	4781                	li	a5,0
e:/DuRuofu/Project/fr-ble-light/software/ch582/SRC/StdPeriphDriver/CH58x_sys.c:388
    {
#if DEBUG == Debug_UART0
        while(R8_UART0_TFC == UART_FIFO_SIZE);                  /* µ»¥˝ ˝æ›∑¢ÀÕ */
        R8_UART0_THR = *buf++; /* ∑¢ÀÕ ˝æ› */
#elif DEBUG == Debug_UART1
        while(R8_UART1_TFC == UART_FIFO_SIZE);                  /* µ»¥˝ ˝æ›∑¢ÀÕ */
     d2a:	40003737          	lui	a4,0x40003
     d2e:	46a1                	li	a3,8
e:/DuRuofu/Project/fr-ble-light/software/ch582/SRC/StdPeriphDriver/CH58x_sys.c:382 (discriminator 1)
    for(i = 0; i < size; i++)
     d30:	00c7c463          	blt	a5,a2,d38 <_write+0x10>
e:/DuRuofu/Project/fr-ble-light/software/ch582/SRC/StdPeriphDriver/CH58x_sys.c:399
        while(R8_UART3_TFC == UART_FIFO_SIZE);                  /* µ»¥˝ ˝æ›∑¢ÀÕ */
        R8_UART3_THR = *buf++; /* ∑¢ÀÕ ˝æ› */
#endif
    }
    return size;
}
     d34:	8532                	mv	a0,a2
     d36:	8082                	ret
e:/DuRuofu/Project/fr-ble-light/software/ch582/SRC/StdPeriphDriver/CH58x_sys.c:388 (discriminator 1)
        while(R8_UART1_TFC == UART_FIFO_SIZE);                  /* µ»¥˝ ˝æ›∑¢ÀÕ */
     d38:	40b74503          	lbu	a0,1035(a4) # 4000340b <_eusrstack+0x1fffb40b>
     d3c:	fea68ee3          	beq	a3,a0,d38 <_write+0x10>
e:/DuRuofu/Project/fr-ble-light/software/ch582/SRC/StdPeriphDriver/CH58x_sys.c:389 (discriminator 2)
        R8_UART1_THR = *buf++; /* ∑¢ÀÕ ˝æ› */
     d40:	00f58533          	add	a0,a1,a5
     d44:	00054503          	lbu	a0,0(a0)
e:/DuRuofu/Project/fr-ble-light/software/ch582/SRC/StdPeriphDriver/CH58x_sys.c:382 (discriminator 2)
    for(i = 0; i < size; i++)
     d48:	0785                	addi	a5,a5,1
e:/DuRuofu/Project/fr-ble-light/software/ch582/SRC/StdPeriphDriver/CH58x_sys.c:389 (discriminator 2)
        R8_UART1_THR = *buf++; /* ∑¢ÀÕ ˝æ› */
     d4a:	40a70423          	sb	a0,1032(a4)
     d4e:	b7cd                	j	d30 <_write+0x8>

00000d50 <_sbrk>:
_sbrk():
e:/DuRuofu/Project/fr-ble-light/software/ch582/SRC/StdPeriphDriver/CH58x_sys.c:417
{
    extern char _end[];
    extern char _heap_end[];
    static char *curbrk = _end;

    if ((curbrk + incr < _end) || (curbrk + incr > _heap_end))
     d50:	20000797          	auipc	a5,0x20000
     d54:	cb878793          	addi	a5,a5,-840 # 20000a08 <curbrk.4069>
     d58:	439c                	lw	a5,0(a5)
     d5a:	81818713          	addi	a4,gp,-2024 # 20000a20 <_ebss>
     d5e:	953e                	add	a0,a0,a5
     d60:	00e56e63          	bltu	a0,a4,d7c <_sbrk+0x2c>
e:/DuRuofu/Project/fr-ble-light/software/ch582/SRC/StdPeriphDriver/CH58x_sys.c:417 (discriminator 1)
     d64:	20007717          	auipc	a4,0x20007
     d68:	09c70713          	addi	a4,a4,156 # 20007e00 <_heap_end>
     d6c:	00a76863          	bltu	a4,a0,d7c <_sbrk+0x2c>
e:/DuRuofu/Project/fr-ble-light/software/ch582/SRC/StdPeriphDriver/CH58x_sys.c:420
    return NULL - 1;

    curbrk += incr;
     d70:	20000717          	auipc	a4,0x20000
     d74:	c8a72c23          	sw	a0,-872(a4) # 20000a08 <curbrk.4069>
e:/DuRuofu/Project/fr-ble-light/software/ch582/SRC/StdPeriphDriver/CH58x_sys.c:422
    return curbrk - incr;
}
     d78:	853e                	mv	a0,a5
     d7a:	8082                	ret
e:/DuRuofu/Project/fr-ble-light/software/ch582/SRC/StdPeriphDriver/CH58x_sys.c:418
    return NULL - 1;
     d7c:	57fd                	li	a5,-1
     d7e:	bfed                	j	d78 <_sbrk+0x28>

00000d80 <UART1_BaudRateCfg>:
UART1_BaudRateCfg():
e:/DuRuofu/Project/fr-ble-light/software/ch582/SRC/StdPeriphDriver/CH58x_uart1.c:43
 * @param   baudrate    - ≤®Ãÿ¬ 
 *
 * @return  none
 */
void UART1_BaudRateCfg(uint32_t baudrate)
{
     d80:	1141                	addi	sp,sp,-16
     d82:	c422                	sw	s0,8(sp)
     d84:	c606                	sw	ra,12(sp)
     d86:	842a                	mv	s0,a0
e:/DuRuofu/Project/fr-ble-light/software/ch582/SRC/StdPeriphDriver/CH58x_uart1.c:46
    uint32_t x;

    x = 10 * GetSysClock() / 8 / baudrate;
     d88:	3fb9                	jal	ce6 <GetSysClock>
     d8a:	4729                	li	a4,10
     d8c:	02e507b3          	mul	a5,a0,a4
e:/DuRuofu/Project/fr-ble-light/software/ch582/SRC/StdPeriphDriver/CH58x_uart1.c:49
    x = (x + 5) / 10;
    R16_UART1_DL = (uint16_t)x;
}
     d90:	40b2                	lw	ra,12(sp)
e:/DuRuofu/Project/fr-ble-light/software/ch582/SRC/StdPeriphDriver/CH58x_uart1.c:46
    x = 10 * GetSysClock() / 8 / baudrate;
     d92:	838d                	srli	a5,a5,0x3
     d94:	0287d7b3          	divu	a5,a5,s0
e:/DuRuofu/Project/fr-ble-light/software/ch582/SRC/StdPeriphDriver/CH58x_uart1.c:49
}
     d98:	4422                	lw	s0,8(sp)
e:/DuRuofu/Project/fr-ble-light/software/ch582/SRC/StdPeriphDriver/CH58x_uart1.c:47
    x = (x + 5) / 10;
     d9a:	0795                	addi	a5,a5,5
     d9c:	02e7d7b3          	divu	a5,a5,a4
e:/DuRuofu/Project/fr-ble-light/software/ch582/SRC/StdPeriphDriver/CH58x_uart1.c:48
    R16_UART1_DL = (uint16_t)x;
     da0:	40003737          	lui	a4,0x40003
     da4:	07c2                	slli	a5,a5,0x10
     da6:	83c1                	srli	a5,a5,0x10
     da8:	40f71623          	sh	a5,1036(a4) # 4000340c <_eusrstack+0x1fffb40c>
e:/DuRuofu/Project/fr-ble-light/software/ch582/SRC/StdPeriphDriver/CH58x_uart1.c:49
}
     dac:	0141                	addi	sp,sp,16
     dae:	8082                	ret

00000db0 <UART1_DefInit>:
UART1_DefInit():
e:/DuRuofu/Project/fr-ble-light/software/ch582/SRC/StdPeriphDriver/CH58x_uart1.c:26
    UART1_BaudRateCfg(115200);
     db0:	6571                	lui	a0,0x1c
e:/DuRuofu/Project/fr-ble-light/software/ch582/SRC/StdPeriphDriver/CH58x_uart1.c:25
{
     db2:	1141                	addi	sp,sp,-16
e:/DuRuofu/Project/fr-ble-light/software/ch582/SRC/StdPeriphDriver/CH58x_uart1.c:26
    UART1_BaudRateCfg(115200);
     db4:	20050513          	addi	a0,a0,512 # 1c200 <_data_lma+0x1a0dc>
e:/DuRuofu/Project/fr-ble-light/software/ch582/SRC/StdPeriphDriver/CH58x_uart1.c:25
{
     db8:	c606                	sw	ra,12(sp)
e:/DuRuofu/Project/fr-ble-light/software/ch582/SRC/StdPeriphDriver/CH58x_uart1.c:26
    UART1_BaudRateCfg(115200);
     dba:	37d9                	jal	d80 <UART1_BaudRateCfg>
e:/DuRuofu/Project/fr-ble-light/software/ch582/SRC/StdPeriphDriver/CH58x_uart1.c:27
    R8_UART1_FCR = (2 << 6) | RB_FCR_TX_FIFO_CLR | RB_FCR_RX_FIFO_CLR | RB_FCR_FIFO_EN; // FIFO¥Úø™£¨¥•∑¢µ„4◊÷Ω⁄
     dbc:	400037b7          	lui	a5,0x40003
     dc0:	f8700713          	li	a4,-121
     dc4:	40e78123          	sb	a4,1026(a5) # 40003402 <_eusrstack+0x1fffb402>
e:/DuRuofu/Project/fr-ble-light/software/ch582/SRC/StdPeriphDriver/CH58x_uart1.c:28
    R8_UART1_LCR = RB_LCR_WORD_SZ;
     dc8:	470d                	li	a4,3
     dca:	40e781a3          	sb	a4,1027(a5)
e:/DuRuofu/Project/fr-ble-light/software/ch582/SRC/StdPeriphDriver/CH58x_uart1.c:29
    R8_UART1_IER = RB_IER_TXD_EN;
     dce:	04000713          	li	a4,64
     dd2:	40e780a3          	sb	a4,1025(a5)
e:/DuRuofu/Project/fr-ble-light/software/ch582/SRC/StdPeriphDriver/CH58x_uart1.c:30
    R8_UART1_DIV = 1;
     dd6:	4705                	li	a4,1
     dd8:	40e78723          	sb	a4,1038(a5)
e:/DuRuofu/Project/fr-ble-light/software/ch582/SRC/StdPeriphDriver/CH58x_uart1.c:31
}
     ddc:	40b2                	lw	ra,12(sp)
     dde:	0141                	addi	sp,sp,16
     de0:	8082                	ret

00000de2 <iprintf>:
printf():
     de2:	7139                	addi	sp,sp,-64
     de4:	da3e                	sw	a5,52(sp)
     de6:	d22e                	sw	a1,36(sp)
     de8:	d432                	sw	a2,40(sp)
     dea:	d636                	sw	a3,44(sp)
     dec:	d83a                	sw	a4,48(sp)
     dee:	dc42                	sw	a6,56(sp)
     df0:	de46                	sw	a7,60(sp)
     df2:	20000797          	auipc	a5,0x20000
     df6:	c1a78793          	addi	a5,a5,-998 # 20000a0c <_impure_ptr>
     dfa:	cc22                	sw	s0,24(sp)
     dfc:	4380                	lw	s0,0(a5)
     dfe:	ca26                	sw	s1,20(sp)
     e00:	ce06                	sw	ra,28(sp)
     e02:	84aa                	mv	s1,a0
     e04:	c409                	beqz	s0,e0e <iprintf+0x2c>
     e06:	4c1c                	lw	a5,24(s0)
     e08:	e399                	bnez	a5,e0e <iprintf+0x2c>
     e0a:	8522                	mv	a0,s0
     e0c:	2335                	jal	1338 <__sinit>
     e0e:	440c                	lw	a1,8(s0)
     e10:	1054                	addi	a3,sp,36
     e12:	8626                	mv	a2,s1
     e14:	8522                	mv	a0,s0
     e16:	c636                	sw	a3,12(sp)
     e18:	177000ef          	jal	ra,178e <_vfiprintf_r>
     e1c:	40f2                	lw	ra,28(sp)
     e1e:	4462                	lw	s0,24(sp)
     e20:	44d2                	lw	s1,20(sp)
     e22:	6121                	addi	sp,sp,64
     e24:	8082                	ret

00000e26 <_puts_r>:
_puts_r():
     e26:	1101                	addi	sp,sp,-32
     e28:	ca26                	sw	s1,20(sp)
     e2a:	c84a                	sw	s2,16(sp)
     e2c:	ce06                	sw	ra,28(sp)
     e2e:	cc22                	sw	s0,24(sp)
     e30:	c64e                	sw	s3,12(sp)
     e32:	c452                	sw	s4,8(sp)
     e34:	84aa                	mv	s1,a0
     e36:	892e                	mv	s2,a1
     e38:	c501                	beqz	a0,e40 <_puts_r+0x1a>
     e3a:	4d1c                	lw	a5,24(a0)
     e3c:	e391                	bnez	a5,e40 <_puts_r+0x1a>
     e3e:	29ed                	jal	1338 <__sinit>
     e40:	4c9c                	lw	a5,24(s1)
     e42:	4480                	lw	s0,8(s1)
     e44:	e399                	bnez	a5,e4a <_puts_r+0x24>
     e46:	8526                	mv	a0,s1
     e48:	29c5                	jal	1338 <__sinit>
     e4a:	00001797          	auipc	a5,0x1
     e4e:	25a78793          	addi	a5,a5,602 # 20a4 <__sf_fake_stdin>
     e52:	02f41c63          	bne	s0,a5,e8a <_puts_r+0x64>
     e56:	40c0                	lw	s0,4(s1)
     e58:	00c45783          	lhu	a5,12(s0)
     e5c:	8ba1                	andi	a5,a5,8
     e5e:	c7b1                	beqz	a5,eaa <_puts_r+0x84>
     e60:	481c                	lw	a5,16(s0)
     e62:	c7a1                	beqz	a5,eaa <_puts_r+0x84>
     e64:	59fd                	li	s3,-1
     e66:	4a29                	li	s4,10
     e68:	441c                	lw	a5,8(s0)
     e6a:	00094583          	lbu	a1,0(s2)
     e6e:	17fd                	addi	a5,a5,-1
     e70:	e9b1                	bnez	a1,ec4 <_puts_r+0x9e>
     e72:	c41c                	sw	a5,8(s0)
     e74:	0607de63          	bgez	a5,ef0 <_puts_r+0xca>
     e78:	8622                	mv	a2,s0
     e7a:	45a9                	li	a1,10
     e7c:	8526                	mv	a0,s1
     e7e:	2841                	jal	f0e <__swbuf_r>
     e80:	57fd                	li	a5,-1
     e82:	02f50863          	beq	a0,a5,eb2 <_puts_r+0x8c>
     e86:	4529                	li	a0,10
     e88:	a035                	j	eb4 <_puts_r+0x8e>
     e8a:	00001797          	auipc	a5,0x1
     e8e:	23a78793          	addi	a5,a5,570 # 20c4 <__sf_fake_stdout>
     e92:	00f41463          	bne	s0,a5,e9a <_puts_r+0x74>
     e96:	4480                	lw	s0,8(s1)
     e98:	b7c1                	j	e58 <_puts_r+0x32>
     e9a:	00001797          	auipc	a5,0x1
     e9e:	1ea78793          	addi	a5,a5,490 # 2084 <__sf_fake_stderr>
     ea2:	faf41be3          	bne	s0,a5,e58 <_puts_r+0x32>
     ea6:	44c0                	lw	s0,12(s1)
     ea8:	bf45                	j	e58 <_puts_r+0x32>
     eaa:	85a2                	mv	a1,s0
     eac:	8526                	mv	a0,s1
     eae:	2205                	jal	fce <__swsetup_r>
     eb0:	d955                	beqz	a0,e64 <_puts_r+0x3e>
     eb2:	557d                	li	a0,-1
     eb4:	40f2                	lw	ra,28(sp)
     eb6:	4462                	lw	s0,24(sp)
     eb8:	44d2                	lw	s1,20(sp)
     eba:	4942                	lw	s2,16(sp)
     ebc:	49b2                	lw	s3,12(sp)
     ebe:	4a22                	lw	s4,8(sp)
     ec0:	6105                	addi	sp,sp,32
     ec2:	8082                	ret
     ec4:	c41c                	sw	a5,8(s0)
     ec6:	0905                	addi	s2,s2,1
     ec8:	0007d763          	bgez	a5,ed6 <_puts_r+0xb0>
     ecc:	4c18                	lw	a4,24(s0)
     ece:	00e7cb63          	blt	a5,a4,ee4 <_puts_r+0xbe>
     ed2:	01458963          	beq	a1,s4,ee4 <_puts_r+0xbe>
     ed6:	401c                	lw	a5,0(s0)
     ed8:	00178713          	addi	a4,a5,1
     edc:	c018                	sw	a4,0(s0)
     ede:	00b78023          	sb	a1,0(a5)
     ee2:	b759                	j	e68 <_puts_r+0x42>
     ee4:	8622                	mv	a2,s0
     ee6:	8526                	mv	a0,s1
     ee8:	201d                	jal	f0e <__swbuf_r>
     eea:	f7351fe3          	bne	a0,s3,e68 <_puts_r+0x42>
     eee:	b7d1                	j	eb2 <_puts_r+0x8c>
     ef0:	401c                	lw	a5,0(s0)
     ef2:	00178713          	addi	a4,a5,1
     ef6:	c018                	sw	a4,0(s0)
     ef8:	4729                	li	a4,10
     efa:	00e78023          	sb	a4,0(a5)
     efe:	b761                	j	e86 <_puts_r+0x60>

00000f00 <puts>:
puts():
     f00:	20000797          	auipc	a5,0x20000
     f04:	b0c78793          	addi	a5,a5,-1268 # 20000a0c <_impure_ptr>
     f08:	85aa                	mv	a1,a0
     f0a:	4388                	lw	a0,0(a5)
     f0c:	bf29                	j	e26 <_puts_r>

00000f0e <__swbuf_r>:
__swbuf_r():
     f0e:	1101                	addi	sp,sp,-32
     f10:	cc22                	sw	s0,24(sp)
     f12:	ca26                	sw	s1,20(sp)
     f14:	c84a                	sw	s2,16(sp)
     f16:	ce06                	sw	ra,28(sp)
     f18:	c64e                	sw	s3,12(sp)
     f1a:	84aa                	mv	s1,a0
     f1c:	892e                	mv	s2,a1
     f1e:	8432                	mv	s0,a2
     f20:	c501                	beqz	a0,f28 <__swbuf_r+0x1a>
     f22:	4d1c                	lw	a5,24(a0)
     f24:	e391                	bnez	a5,f28 <__swbuf_r+0x1a>
     f26:	2909                	jal	1338 <__sinit>
     f28:	00001797          	auipc	a5,0x1
     f2c:	17c78793          	addi	a5,a5,380 # 20a4 <__sf_fake_stdin>
     f30:	06f41963          	bne	s0,a5,fa2 <__swbuf_r+0x94>
     f34:	40c0                	lw	s0,4(s1)
     f36:	4c1c                	lw	a5,24(s0)
     f38:	c41c                	sw	a5,8(s0)
     f3a:	00c45783          	lhu	a5,12(s0)
     f3e:	8ba1                	andi	a5,a5,8
     f40:	c3c9                	beqz	a5,fc2 <__swbuf_r+0xb4>
     f42:	481c                	lw	a5,16(s0)
     f44:	cfbd                	beqz	a5,fc2 <__swbuf_r+0xb4>
     f46:	481c                	lw	a5,16(s0)
     f48:	4008                	lw	a0,0(s0)
     f4a:	0ff97993          	andi	s3,s2,255
     f4e:	0ff97913          	andi	s2,s2,255
     f52:	8d1d                	sub	a0,a0,a5
     f54:	485c                	lw	a5,20(s0)
     f56:	00f54663          	blt	a0,a5,f62 <__swbuf_r+0x54>
     f5a:	85a2                	mv	a1,s0
     f5c:	8526                	mv	a0,s1
     f5e:	2c75                	jal	121a <_fflush_r>
     f60:	e52d                	bnez	a0,fca <__swbuf_r+0xbc>
     f62:	441c                	lw	a5,8(s0)
     f64:	0505                	addi	a0,a0,1
     f66:	17fd                	addi	a5,a5,-1
     f68:	c41c                	sw	a5,8(s0)
     f6a:	401c                	lw	a5,0(s0)
     f6c:	00178713          	addi	a4,a5,1
     f70:	c018                	sw	a4,0(s0)
     f72:	01378023          	sb	s3,0(a5)
     f76:	485c                	lw	a5,20(s0)
     f78:	00a78963          	beq	a5,a0,f8a <__swbuf_r+0x7c>
     f7c:	00c45783          	lhu	a5,12(s0)
     f80:	8b85                	andi	a5,a5,1
     f82:	cb81                	beqz	a5,f92 <__swbuf_r+0x84>
     f84:	47a9                	li	a5,10
     f86:	00f91663          	bne	s2,a5,f92 <__swbuf_r+0x84>
     f8a:	85a2                	mv	a1,s0
     f8c:	8526                	mv	a0,s1
     f8e:	2471                	jal	121a <_fflush_r>
     f90:	ed0d                	bnez	a0,fca <__swbuf_r+0xbc>
     f92:	40f2                	lw	ra,28(sp)
     f94:	4462                	lw	s0,24(sp)
     f96:	854a                	mv	a0,s2
     f98:	44d2                	lw	s1,20(sp)
     f9a:	4942                	lw	s2,16(sp)
     f9c:	49b2                	lw	s3,12(sp)
     f9e:	6105                	addi	sp,sp,32
     fa0:	8082                	ret
     fa2:	00001797          	auipc	a5,0x1
     fa6:	12278793          	addi	a5,a5,290 # 20c4 <__sf_fake_stdout>
     faa:	00f41463          	bne	s0,a5,fb2 <__swbuf_r+0xa4>
     fae:	4480                	lw	s0,8(s1)
     fb0:	b759                	j	f36 <__swbuf_r+0x28>
     fb2:	00001797          	auipc	a5,0x1
     fb6:	0d278793          	addi	a5,a5,210 # 2084 <__sf_fake_stderr>
     fba:	f6f41ee3          	bne	s0,a5,f36 <__swbuf_r+0x28>
     fbe:	44c0                	lw	s0,12(s1)
     fc0:	bf9d                	j	f36 <__swbuf_r+0x28>
     fc2:	85a2                	mv	a1,s0
     fc4:	8526                	mv	a0,s1
     fc6:	2021                	jal	fce <__swsetup_r>
     fc8:	dd3d                	beqz	a0,f46 <__swbuf_r+0x38>
     fca:	597d                	li	s2,-1
     fcc:	b7d9                	j	f92 <__swbuf_r+0x84>

00000fce <__swsetup_r>:
__swsetup_r():
     fce:	1141                	addi	sp,sp,-16
     fd0:	20000797          	auipc	a5,0x20000
     fd4:	a3c78793          	addi	a5,a5,-1476 # 20000a0c <_impure_ptr>
     fd8:	c226                	sw	s1,4(sp)
     fda:	4384                	lw	s1,0(a5)
     fdc:	c422                	sw	s0,8(sp)
     fde:	c04a                	sw	s2,0(sp)
     fe0:	c606                	sw	ra,12(sp)
     fe2:	892a                	mv	s2,a0
     fe4:	842e                	mv	s0,a1
     fe6:	c489                	beqz	s1,ff0 <__swsetup_r+0x22>
     fe8:	4c9c                	lw	a5,24(s1)
     fea:	e399                	bnez	a5,ff0 <__swsetup_r+0x22>
     fec:	8526                	mv	a0,s1
     fee:	26a9                	jal	1338 <__sinit>
     ff0:	00001797          	auipc	a5,0x1
     ff4:	0b478793          	addi	a5,a5,180 # 20a4 <__sf_fake_stdin>
     ff8:	02f41c63          	bne	s0,a5,1030 <__swsetup_r+0x62>
     ffc:	40c0                	lw	s0,4(s1)
     ffe:	00c41703          	lh	a4,12(s0)
    1002:	01071793          	slli	a5,a4,0x10
    1006:	83c1                	srli	a5,a5,0x10
    1008:	0087f693          	andi	a3,a5,8
    100c:	eeb5                	bnez	a3,1088 <__swsetup_r+0xba>
    100e:	0107f693          	andi	a3,a5,16
    1012:	ee9d                	bnez	a3,1050 <__swsetup_r+0x82>
    1014:	47a5                	li	a5,9
    1016:	00f92023          	sw	a5,0(s2)
    101a:	04076713          	ori	a4,a4,64
    101e:	00e41623          	sh	a4,12(s0)
    1022:	557d                	li	a0,-1
    1024:	40b2                	lw	ra,12(sp)
    1026:	4422                	lw	s0,8(sp)
    1028:	4492                	lw	s1,4(sp)
    102a:	4902                	lw	s2,0(sp)
    102c:	0141                	addi	sp,sp,16
    102e:	8082                	ret
    1030:	00001797          	auipc	a5,0x1
    1034:	09478793          	addi	a5,a5,148 # 20c4 <__sf_fake_stdout>
    1038:	00f41463          	bne	s0,a5,1040 <__swsetup_r+0x72>
    103c:	4480                	lw	s0,8(s1)
    103e:	b7c1                	j	ffe <__swsetup_r+0x30>
    1040:	00001797          	auipc	a5,0x1
    1044:	04478793          	addi	a5,a5,68 # 2084 <__sf_fake_stderr>
    1048:	faf41be3          	bne	s0,a5,ffe <__swsetup_r+0x30>
    104c:	44c0                	lw	s0,12(s1)
    104e:	bf45                	j	ffe <__swsetup_r+0x30>
    1050:	8b91                	andi	a5,a5,4
    1052:	c78d                	beqz	a5,107c <__swsetup_r+0xae>
    1054:	584c                	lw	a1,52(s0)
    1056:	c989                	beqz	a1,1068 <__swsetup_r+0x9a>
    1058:	04440793          	addi	a5,s0,68
    105c:	00f58463          	beq	a1,a5,1064 <__swsetup_r+0x96>
    1060:	854a                	mv	a0,s2
    1062:	2391                	jal	15a6 <_free_r>
    1064:	02042a23          	sw	zero,52(s0)
    1068:	00c45783          	lhu	a5,12(s0)
    106c:	00042223          	sw	zero,4(s0)
    1070:	fdb7f793          	andi	a5,a5,-37
    1074:	00f41623          	sh	a5,12(s0)
    1078:	481c                	lw	a5,16(s0)
    107a:	c01c                	sw	a5,0(s0)
    107c:	00c45783          	lhu	a5,12(s0)
    1080:	0087e793          	ori	a5,a5,8
    1084:	00f41623          	sh	a5,12(s0)
    1088:	481c                	lw	a5,16(s0)
    108a:	ef81                	bnez	a5,10a2 <__swsetup_r+0xd4>
    108c:	00c45783          	lhu	a5,12(s0)
    1090:	20000713          	li	a4,512
    1094:	2807f793          	andi	a5,a5,640
    1098:	00e78563          	beq	a5,a4,10a2 <__swsetup_r+0xd4>
    109c:	85a2                	mv	a1,s0
    109e:	854a                	mv	a0,s2
    10a0:	21a5                	jal	1508 <__smakebuf_r>
    10a2:	00c45783          	lhu	a5,12(s0)
    10a6:	0017f713          	andi	a4,a5,1
    10aa:	c705                	beqz	a4,10d2 <__swsetup_r+0x104>
    10ac:	485c                	lw	a5,20(s0)
    10ae:	00042423          	sw	zero,8(s0)
    10b2:	40f007b3          	neg	a5,a5
    10b6:	cc1c                	sw	a5,24(s0)
    10b8:	481c                	lw	a5,16(s0)
    10ba:	4501                	li	a0,0
    10bc:	f7a5                	bnez	a5,1024 <__swsetup_r+0x56>
    10be:	00c41783          	lh	a5,12(s0)
    10c2:	0807f713          	andi	a4,a5,128
    10c6:	df39                	beqz	a4,1024 <__swsetup_r+0x56>
    10c8:	0407e793          	ori	a5,a5,64
    10cc:	00f41623          	sh	a5,12(s0)
    10d0:	bf89                	j	1022 <__swsetup_r+0x54>
    10d2:	8b89                	andi	a5,a5,2
    10d4:	4701                	li	a4,0
    10d6:	e391                	bnez	a5,10da <__swsetup_r+0x10c>
    10d8:	4858                	lw	a4,20(s0)
    10da:	c418                	sw	a4,8(s0)
    10dc:	bff1                	j	10b8 <__swsetup_r+0xea>

000010de <__sflush_r>:
__sflush_r():
    10de:	00c5d783          	lhu	a5,12(a1)
    10e2:	1101                	addi	sp,sp,-32
    10e4:	cc22                	sw	s0,24(sp)
    10e6:	ca26                	sw	s1,20(sp)
    10e8:	ce06                	sw	ra,28(sp)
    10ea:	c84a                	sw	s2,16(sp)
    10ec:	c64e                	sw	s3,12(sp)
    10ee:	0087f713          	andi	a4,a5,8
    10f2:	84aa                	mv	s1,a0
    10f4:	842e                	mv	s0,a1
    10f6:	ef71                	bnez	a4,11d2 <__sflush_r+0xf4>
    10f8:	41d8                	lw	a4,4(a1)
    10fa:	00e04d63          	bgtz	a4,1114 <__sflush_r+0x36>
    10fe:	41b8                	lw	a4,64(a1)
    1100:	00e04a63          	bgtz	a4,1114 <__sflush_r+0x36>
    1104:	4501                	li	a0,0
    1106:	40f2                	lw	ra,28(sp)
    1108:	4462                	lw	s0,24(sp)
    110a:	44d2                	lw	s1,20(sp)
    110c:	4942                	lw	s2,16(sp)
    110e:	49b2                	lw	s3,12(sp)
    1110:	6105                	addi	sp,sp,32
    1112:	8082                	ret
    1114:	5458                	lw	a4,44(s0)
    1116:	d77d                	beqz	a4,1104 <__sflush_r+0x26>
    1118:	0004a903          	lw	s2,0(s1)
    111c:	01379693          	slli	a3,a5,0x13
    1120:	0004a023          	sw	zero,0(s1)
    1124:	0606dd63          	bgez	a3,119e <__sflush_r+0xc0>
    1128:	4870                	lw	a2,84(s0)
    112a:	00c45783          	lhu	a5,12(s0)
    112e:	8b91                	andi	a5,a5,4
    1130:	c799                	beqz	a5,113e <__sflush_r+0x60>
    1132:	405c                	lw	a5,4(s0)
    1134:	8e1d                	sub	a2,a2,a5
    1136:	585c                	lw	a5,52(s0)
    1138:	c399                	beqz	a5,113e <__sflush_r+0x60>
    113a:	403c                	lw	a5,64(s0)
    113c:	8e1d                	sub	a2,a2,a5
    113e:	545c                	lw	a5,44(s0)
    1140:	500c                	lw	a1,32(s0)
    1142:	4681                	li	a3,0
    1144:	8526                	mv	a0,s1
    1146:	9782                	jalr	a5
    1148:	57fd                	li	a5,-1
    114a:	00c45703          	lhu	a4,12(s0)
    114e:	00f51d63          	bne	a0,a5,1168 <__sflush_r+0x8a>
    1152:	4094                	lw	a3,0(s1)
    1154:	47f5                	li	a5,29
    1156:	06d7e863          	bltu	a5,a3,11c6 <__sflush_r+0xe8>
    115a:	204007b7          	lui	a5,0x20400
    115e:	0785                	addi	a5,a5,1
    1160:	00d7d7b3          	srl	a5,a5,a3
    1164:	8b85                	andi	a5,a5,1
    1166:	c3a5                	beqz	a5,11c6 <__sflush_r+0xe8>
    1168:	481c                	lw	a5,16(s0)
    116a:	00042223          	sw	zero,4(s0)
    116e:	c01c                	sw	a5,0(s0)
    1170:	01371793          	slli	a5,a4,0x13
    1174:	0007d863          	bgez	a5,1184 <__sflush_r+0xa6>
    1178:	57fd                	li	a5,-1
    117a:	00f51463          	bne	a0,a5,1182 <__sflush_r+0xa4>
    117e:	409c                	lw	a5,0(s1)
    1180:	e391                	bnez	a5,1184 <__sflush_r+0xa6>
    1182:	c868                	sw	a0,84(s0)
    1184:	584c                	lw	a1,52(s0)
    1186:	0124a023          	sw	s2,0(s1)
    118a:	ddad                	beqz	a1,1104 <__sflush_r+0x26>
    118c:	04440793          	addi	a5,s0,68
    1190:	00f58463          	beq	a1,a5,1198 <__sflush_r+0xba>
    1194:	8526                	mv	a0,s1
    1196:	2901                	jal	15a6 <_free_r>
    1198:	02042a23          	sw	zero,52(s0)
    119c:	b7a5                	j	1104 <__sflush_r+0x26>
    119e:	500c                	lw	a1,32(s0)
    11a0:	4601                	li	a2,0
    11a2:	4685                	li	a3,1
    11a4:	8526                	mv	a0,s1
    11a6:	9702                	jalr	a4
    11a8:	57fd                	li	a5,-1
    11aa:	862a                	mv	a2,a0
    11ac:	f6f51fe3          	bne	a0,a5,112a <__sflush_r+0x4c>
    11b0:	409c                	lw	a5,0(s1)
    11b2:	dfa5                	beqz	a5,112a <__sflush_r+0x4c>
    11b4:	4775                	li	a4,29
    11b6:	00e78563          	beq	a5,a4,11c0 <__sflush_r+0xe2>
    11ba:	4759                	li	a4,22
    11bc:	04e79463          	bne	a5,a4,1204 <__sflush_r+0x126>
    11c0:	0124a023          	sw	s2,0(s1)
    11c4:	b781                	j	1104 <__sflush_r+0x26>
    11c6:	04076713          	ori	a4,a4,64
    11ca:	00e41623          	sh	a4,12(s0)
    11ce:	557d                	li	a0,-1
    11d0:	bf1d                	j	1106 <__sflush_r+0x28>
    11d2:	0105a983          	lw	s3,16(a1)
    11d6:	f20987e3          	beqz	s3,1104 <__sflush_r+0x26>
    11da:	0005a903          	lw	s2,0(a1)
    11de:	8b8d                	andi	a5,a5,3
    11e0:	0135a023          	sw	s3,0(a1)
    11e4:	41390933          	sub	s2,s2,s3
    11e8:	4701                	li	a4,0
    11ea:	e391                	bnez	a5,11ee <__sflush_r+0x110>
    11ec:	49d8                	lw	a4,20(a1)
    11ee:	c418                	sw	a4,8(s0)
    11f0:	f1205ae3          	blez	s2,1104 <__sflush_r+0x26>
    11f4:	541c                	lw	a5,40(s0)
    11f6:	500c                	lw	a1,32(s0)
    11f8:	86ca                	mv	a3,s2
    11fa:	864e                	mv	a2,s3
    11fc:	8526                	mv	a0,s1
    11fe:	9782                	jalr	a5
    1200:	00a04963          	bgtz	a0,1212 <__sflush_r+0x134>
    1204:	00c45783          	lhu	a5,12(s0)
    1208:	0407e793          	ori	a5,a5,64
    120c:	00f41623          	sh	a5,12(s0)
    1210:	bf7d                	j	11ce <__sflush_r+0xf0>
    1212:	99aa                	add	s3,s3,a0
    1214:	40a90933          	sub	s2,s2,a0
    1218:	bfe1                	j	11f0 <__sflush_r+0x112>

0000121a <_fflush_r>:
_fflush_r():
    121a:	499c                	lw	a5,16(a1)
    121c:	cfb9                	beqz	a5,127a <_fflush_r+0x60>
    121e:	1101                	addi	sp,sp,-32
    1220:	cc22                	sw	s0,24(sp)
    1222:	ce06                	sw	ra,28(sp)
    1224:	842a                	mv	s0,a0
    1226:	c511                	beqz	a0,1232 <_fflush_r+0x18>
    1228:	4d1c                	lw	a5,24(a0)
    122a:	e781                	bnez	a5,1232 <_fflush_r+0x18>
    122c:	c62e                	sw	a1,12(sp)
    122e:	2229                	jal	1338 <__sinit>
    1230:	45b2                	lw	a1,12(sp)
    1232:	00001797          	auipc	a5,0x1
    1236:	e7278793          	addi	a5,a5,-398 # 20a4 <__sf_fake_stdin>
    123a:	00f59b63          	bne	a1,a5,1250 <_fflush_r+0x36>
    123e:	404c                	lw	a1,4(s0)
    1240:	00c59783          	lh	a5,12(a1)
    1244:	c795                	beqz	a5,1270 <_fflush_r+0x56>
    1246:	8522                	mv	a0,s0
    1248:	4462                	lw	s0,24(sp)
    124a:	40f2                	lw	ra,28(sp)
    124c:	6105                	addi	sp,sp,32
    124e:	bd41                	j	10de <__sflush_r>
    1250:	00001797          	auipc	a5,0x1
    1254:	e7478793          	addi	a5,a5,-396 # 20c4 <__sf_fake_stdout>
    1258:	00f59463          	bne	a1,a5,1260 <_fflush_r+0x46>
    125c:	440c                	lw	a1,8(s0)
    125e:	b7cd                	j	1240 <_fflush_r+0x26>
    1260:	00001797          	auipc	a5,0x1
    1264:	e2478793          	addi	a5,a5,-476 # 2084 <__sf_fake_stderr>
    1268:	fcf59ce3          	bne	a1,a5,1240 <_fflush_r+0x26>
    126c:	444c                	lw	a1,12(s0)
    126e:	bfc9                	j	1240 <_fflush_r+0x26>
    1270:	40f2                	lw	ra,28(sp)
    1272:	4462                	lw	s0,24(sp)
    1274:	4501                	li	a0,0
    1276:	6105                	addi	sp,sp,32
    1278:	8082                	ret
    127a:	4501                	li	a0,0
    127c:	8082                	ret

0000127e <std>:
std():
    127e:	1141                	addi	sp,sp,-16
    1280:	c422                	sw	s0,8(sp)
    1282:	c606                	sw	ra,12(sp)
    1284:	842a                	mv	s0,a0
    1286:	00b51623          	sh	a1,12(a0)
    128a:	00c51723          	sh	a2,14(a0)
    128e:	00052023          	sw	zero,0(a0)
    1292:	00052223          	sw	zero,4(a0)
    1296:	00052423          	sw	zero,8(a0)
    129a:	06052223          	sw	zero,100(a0)
    129e:	00052823          	sw	zero,16(a0)
    12a2:	00052a23          	sw	zero,20(a0)
    12a6:	00052c23          	sw	zero,24(a0)
    12aa:	4621                	li	a2,8
    12ac:	4581                	li	a1,0
    12ae:	05c50513          	addi	a0,a0,92
    12b2:	fccff0ef          	jal	ra,a7e <memset>
    12b6:	00001797          	auipc	a5,0x1
    12ba:	b4e78793          	addi	a5,a5,-1202 # 1e04 <__sread>
    12be:	d05c                	sw	a5,36(s0)
    12c0:	00001797          	auipc	a5,0x1
    12c4:	b7478793          	addi	a5,a5,-1164 # 1e34 <__swrite>
    12c8:	d41c                	sw	a5,40(s0)
    12ca:	00001797          	auipc	a5,0x1
    12ce:	bb878793          	addi	a5,a5,-1096 # 1e82 <__sseek>
    12d2:	d45c                	sw	a5,44(s0)
    12d4:	00001797          	auipc	a5,0x1
    12d8:	be478793          	addi	a5,a5,-1052 # 1eb8 <__sclose>
    12dc:	d000                	sw	s0,32(s0)
    12de:	d81c                	sw	a5,48(s0)
    12e0:	40b2                	lw	ra,12(sp)
    12e2:	4422                	lw	s0,8(sp)
    12e4:	0141                	addi	sp,sp,16
    12e6:	8082                	ret

000012e8 <_cleanup_r>:
_cleanup_r():
    12e8:	00000597          	auipc	a1,0x0
    12ec:	f3258593          	addi	a1,a1,-206 # 121a <_fflush_r>
    12f0:	aa89                	j	1442 <_fwalk_reent>

000012f2 <__sfmoreglue>:
__sfmoreglue():
    12f2:	1141                	addi	sp,sp,-16
    12f4:	c226                	sw	s1,4(sp)
    12f6:	06800613          	li	a2,104
    12fa:	fff58493          	addi	s1,a1,-1
    12fe:	02c484b3          	mul	s1,s1,a2
    1302:	c04a                	sw	s2,0(sp)
    1304:	892e                	mv	s2,a1
    1306:	c422                	sw	s0,8(sp)
    1308:	c606                	sw	ra,12(sp)
    130a:	07448593          	addi	a1,s1,116
    130e:	2681                	jal	164e <_malloc_r>
    1310:	842a                	mv	s0,a0
    1312:	cd01                	beqz	a0,132a <__sfmoreglue+0x38>
    1314:	00052023          	sw	zero,0(a0)
    1318:	01252223          	sw	s2,4(a0)
    131c:	0531                	addi	a0,a0,12
    131e:	c408                	sw	a0,8(s0)
    1320:	06848613          	addi	a2,s1,104
    1324:	4581                	li	a1,0
    1326:	f58ff0ef          	jal	ra,a7e <memset>
    132a:	8522                	mv	a0,s0
    132c:	40b2                	lw	ra,12(sp)
    132e:	4422                	lw	s0,8(sp)
    1330:	4492                	lw	s1,4(sp)
    1332:	4902                	lw	s2,0(sp)
    1334:	0141                	addi	sp,sp,16
    1336:	8082                	ret

00001338 <__sinit>:
__sinit():
    1338:	4d1c                	lw	a5,24(a0)
    133a:	e3bd                	bnez	a5,13a0 <__sinit+0x68>
    133c:	1141                	addi	sp,sp,-16
    133e:	c606                	sw	ra,12(sp)
    1340:	c422                	sw	s0,8(sp)
    1342:	00000797          	auipc	a5,0x0
    1346:	fa678793          	addi	a5,a5,-90 # 12e8 <_cleanup_r>
    134a:	d51c                	sw	a5,40(a0)
    134c:	00001797          	auipc	a5,0x1
    1350:	dd478793          	addi	a5,a5,-556 # 2120 <_global_impure_ptr>
    1354:	439c                	lw	a5,0(a5)
    1356:	04052423          	sw	zero,72(a0)
    135a:	04052623          	sw	zero,76(a0)
    135e:	04052823          	sw	zero,80(a0)
    1362:	00f51463          	bne	a0,a5,136a <__sinit+0x32>
    1366:	4785                	li	a5,1
    1368:	cd1c                	sw	a5,24(a0)
    136a:	842a                	mv	s0,a0
    136c:	281d                	jal	13a2 <__sfp>
    136e:	c048                	sw	a0,4(s0)
    1370:	8522                	mv	a0,s0
    1372:	2805                	jal	13a2 <__sfp>
    1374:	c408                	sw	a0,8(s0)
    1376:	8522                	mv	a0,s0
    1378:	202d                	jal	13a2 <__sfp>
    137a:	c448                	sw	a0,12(s0)
    137c:	4048                	lw	a0,4(s0)
    137e:	4601                	li	a2,0
    1380:	4591                	li	a1,4
    1382:	3df5                	jal	127e <std>
    1384:	4408                	lw	a0,8(s0)
    1386:	4605                	li	a2,1
    1388:	45a5                	li	a1,9
    138a:	3dd5                	jal	127e <std>
    138c:	4448                	lw	a0,12(s0)
    138e:	4609                	li	a2,2
    1390:	45c9                	li	a1,18
    1392:	35f5                	jal	127e <std>
    1394:	4785                	li	a5,1
    1396:	cc1c                	sw	a5,24(s0)
    1398:	40b2                	lw	ra,12(sp)
    139a:	4422                	lw	s0,8(sp)
    139c:	0141                	addi	sp,sp,16
    139e:	8082                	ret
    13a0:	8082                	ret

000013a2 <__sfp>:
__sfp():
    13a2:	1141                	addi	sp,sp,-16
    13a4:	00001797          	auipc	a5,0x1
    13a8:	d7c78793          	addi	a5,a5,-644 # 2120 <_global_impure_ptr>
    13ac:	c226                	sw	s1,4(sp)
    13ae:	4384                	lw	s1,0(a5)
    13b0:	c04a                	sw	s2,0(sp)
    13b2:	c606                	sw	ra,12(sp)
    13b4:	4c9c                	lw	a5,24(s1)
    13b6:	c422                	sw	s0,8(sp)
    13b8:	892a                	mv	s2,a0
    13ba:	e399                	bnez	a5,13c0 <__sfp+0x1e>
    13bc:	8526                	mv	a0,s1
    13be:	3fad                	jal	1338 <__sinit>
    13c0:	04848493          	addi	s1,s1,72
    13c4:	4480                	lw	s0,8(s1)
    13c6:	40dc                	lw	a5,4(s1)
    13c8:	17fd                	addi	a5,a5,-1
    13ca:	0007d663          	bgez	a5,13d6 <__sfp+0x34>
    13ce:	409c                	lw	a5,0(s1)
    13d0:	cfb9                	beqz	a5,142e <__sfp+0x8c>
    13d2:	4084                	lw	s1,0(s1)
    13d4:	bfc5                	j	13c4 <__sfp+0x22>
    13d6:	00c41703          	lh	a4,12(s0)
    13da:	e739                	bnez	a4,1428 <__sfp+0x86>
    13dc:	77c1                	lui	a5,0xffff0
    13de:	0785                	addi	a5,a5,1
    13e0:	06042223          	sw	zero,100(s0)
    13e4:	00042023          	sw	zero,0(s0)
    13e8:	00042223          	sw	zero,4(s0)
    13ec:	00042423          	sw	zero,8(s0)
    13f0:	c45c                	sw	a5,12(s0)
    13f2:	00042823          	sw	zero,16(s0)
    13f6:	00042a23          	sw	zero,20(s0)
    13fa:	00042c23          	sw	zero,24(s0)
    13fe:	4621                	li	a2,8
    1400:	4581                	li	a1,0
    1402:	05c40513          	addi	a0,s0,92
    1406:	e78ff0ef          	jal	ra,a7e <memset>
    140a:	02042a23          	sw	zero,52(s0)
    140e:	02042c23          	sw	zero,56(s0)
    1412:	04042423          	sw	zero,72(s0)
    1416:	04042623          	sw	zero,76(s0)
    141a:	8522                	mv	a0,s0
    141c:	40b2                	lw	ra,12(sp)
    141e:	4422                	lw	s0,8(sp)
    1420:	4492                	lw	s1,4(sp)
    1422:	4902                	lw	s2,0(sp)
    1424:	0141                	addi	sp,sp,16
    1426:	8082                	ret
    1428:	06840413          	addi	s0,s0,104
    142c:	bf71                	j	13c8 <__sfp+0x26>
    142e:	4591                	li	a1,4
    1430:	854a                	mv	a0,s2
    1432:	35c1                	jal	12f2 <__sfmoreglue>
    1434:	c088                	sw	a0,0(s1)
    1436:	fd51                	bnez	a0,13d2 <__sfp+0x30>
    1438:	47b1                	li	a5,12
    143a:	00f92023          	sw	a5,0(s2)
    143e:	4401                	li	s0,0
    1440:	bfe9                	j	141a <__sfp+0x78>

00001442 <_fwalk_reent>:
_fwalk_reent():
    1442:	7179                	addi	sp,sp,-48
    1444:	d422                	sw	s0,40(sp)
    1446:	d04a                	sw	s2,32(sp)
    1448:	cc52                	sw	s4,24(sp)
    144a:	ca56                	sw	s5,20(sp)
    144c:	c85a                	sw	s6,16(sp)
    144e:	c65e                	sw	s7,12(sp)
    1450:	d606                	sw	ra,44(sp)
    1452:	d226                	sw	s1,36(sp)
    1454:	ce4e                	sw	s3,28(sp)
    1456:	8a2a                	mv	s4,a0
    1458:	8aae                	mv	s5,a1
    145a:	04850413          	addi	s0,a0,72
    145e:	4901                	li	s2,0
    1460:	4b05                	li	s6,1
    1462:	5bfd                	li	s7,-1
    1464:	ec09                	bnez	s0,147e <_fwalk_reent+0x3c>
    1466:	50b2                	lw	ra,44(sp)
    1468:	5422                	lw	s0,40(sp)
    146a:	854a                	mv	a0,s2
    146c:	5492                	lw	s1,36(sp)
    146e:	5902                	lw	s2,32(sp)
    1470:	49f2                	lw	s3,28(sp)
    1472:	4a62                	lw	s4,24(sp)
    1474:	4ad2                	lw	s5,20(sp)
    1476:	4b42                	lw	s6,16(sp)
    1478:	4bb2                	lw	s7,12(sp)
    147a:	6145                	addi	sp,sp,48
    147c:	8082                	ret
    147e:	4404                	lw	s1,8(s0)
    1480:	00442983          	lw	s3,4(s0)
    1484:	19fd                	addi	s3,s3,-1
    1486:	0009d463          	bgez	s3,148e <_fwalk_reent+0x4c>
    148a:	4000                	lw	s0,0(s0)
    148c:	bfe1                	j	1464 <_fwalk_reent+0x22>
    148e:	00c4d783          	lhu	a5,12(s1)
    1492:	00fb7b63          	bgeu	s6,a5,14a8 <_fwalk_reent+0x66>
    1496:	00e49783          	lh	a5,14(s1)
    149a:	01778763          	beq	a5,s7,14a8 <_fwalk_reent+0x66>
    149e:	85a6                	mv	a1,s1
    14a0:	8552                	mv	a0,s4
    14a2:	9a82                	jalr	s5
    14a4:	00a96933          	or	s2,s2,a0
    14a8:	06848493          	addi	s1,s1,104
    14ac:	bfe1                	j	1484 <_fwalk_reent+0x42>

000014ae <__swhatbuf_r>:
__swhatbuf_r():
    14ae:	7119                	addi	sp,sp,-128
    14b0:	daa6                	sw	s1,116(sp)
    14b2:	84ae                	mv	s1,a1
    14b4:	00e59583          	lh	a1,14(a1)
    14b8:	dca2                	sw	s0,120(sp)
    14ba:	de86                	sw	ra,124(sp)
    14bc:	8432                	mv	s0,a2
    14be:	0005dc63          	bgez	a1,14d6 <__swhatbuf_r+0x28>
    14c2:	00c4d783          	lhu	a5,12(s1)
    14c6:	0006a023          	sw	zero,0(a3)
    14ca:	0807f793          	andi	a5,a5,128
    14ce:	e785                	bnez	a5,14f6 <__swhatbuf_r+0x48>
    14d0:	40000793          	li	a5,1024
    14d4:	a01d                	j	14fa <__swhatbuf_r+0x4c>
    14d6:	0830                	addi	a2,sp,24
    14d8:	c636                	sw	a3,12(sp)
    14da:	23b000ef          	jal	ra,1f14 <_fstat_r>
    14de:	46b2                	lw	a3,12(sp)
    14e0:	fe0541e3          	bltz	a0,14c2 <__swhatbuf_r+0x14>
    14e4:	4772                	lw	a4,28(sp)
    14e6:	67bd                	lui	a5,0xf
    14e8:	8ff9                	and	a5,a5,a4
    14ea:	7779                	lui	a4,0xffffe
    14ec:	97ba                	add	a5,a5,a4
    14ee:	0017b793          	seqz	a5,a5
    14f2:	c29c                	sw	a5,0(a3)
    14f4:	bff1                	j	14d0 <__swhatbuf_r+0x22>
    14f6:	04000793          	li	a5,64
    14fa:	c01c                	sw	a5,0(s0)
    14fc:	50f6                	lw	ra,124(sp)
    14fe:	5466                	lw	s0,120(sp)
    1500:	54d6                	lw	s1,116(sp)
    1502:	4501                	li	a0,0
    1504:	6109                	addi	sp,sp,128
    1506:	8082                	ret

00001508 <__smakebuf_r>:
__smakebuf_r():
    1508:	00c5d783          	lhu	a5,12(a1)
    150c:	1101                	addi	sp,sp,-32
    150e:	cc22                	sw	s0,24(sp)
    1510:	ce06                	sw	ra,28(sp)
    1512:	ca26                	sw	s1,20(sp)
    1514:	c84a                	sw	s2,16(sp)
    1516:	8b89                	andi	a5,a5,2
    1518:	842e                	mv	s0,a1
    151a:	cf89                	beqz	a5,1534 <__smakebuf_r+0x2c>
    151c:	04740793          	addi	a5,s0,71
    1520:	c01c                	sw	a5,0(s0)
    1522:	c81c                	sw	a5,16(s0)
    1524:	4785                	li	a5,1
    1526:	c85c                	sw	a5,20(s0)
    1528:	40f2                	lw	ra,28(sp)
    152a:	4462                	lw	s0,24(sp)
    152c:	44d2                	lw	s1,20(sp)
    152e:	4942                	lw	s2,16(sp)
    1530:	6105                	addi	sp,sp,32
    1532:	8082                	ret
    1534:	0074                	addi	a3,sp,12
    1536:	0030                	addi	a2,sp,8
    1538:	84aa                	mv	s1,a0
    153a:	3f95                	jal	14ae <__swhatbuf_r>
    153c:	45a2                	lw	a1,8(sp)
    153e:	892a                	mv	s2,a0
    1540:	8526                	mv	a0,s1
    1542:	2231                	jal	164e <_malloc_r>
    1544:	ed01                	bnez	a0,155c <__smakebuf_r+0x54>
    1546:	00c41783          	lh	a5,12(s0)
    154a:	2007f713          	andi	a4,a5,512
    154e:	ff69                	bnez	a4,1528 <__smakebuf_r+0x20>
    1550:	9bf1                	andi	a5,a5,-4
    1552:	0027e793          	ori	a5,a5,2
    1556:	00f41623          	sh	a5,12(s0)
    155a:	b7c9                	j	151c <__smakebuf_r+0x14>
    155c:	00000797          	auipc	a5,0x0
    1560:	d8c78793          	addi	a5,a5,-628 # 12e8 <_cleanup_r>
    1564:	d49c                	sw	a5,40(s1)
    1566:	00c45783          	lhu	a5,12(s0)
    156a:	c008                	sw	a0,0(s0)
    156c:	c808                	sw	a0,16(s0)
    156e:	0807e793          	ori	a5,a5,128
    1572:	00f41623          	sh	a5,12(s0)
    1576:	47a2                	lw	a5,8(sp)
    1578:	c85c                	sw	a5,20(s0)
    157a:	47b2                	lw	a5,12(sp)
    157c:	cf91                	beqz	a5,1598 <__smakebuf_r+0x90>
    157e:	00e41583          	lh	a1,14(s0)
    1582:	8526                	mv	a0,s1
    1584:	1bb000ef          	jal	ra,1f3e <_isatty_r>
    1588:	c901                	beqz	a0,1598 <__smakebuf_r+0x90>
    158a:	00c45783          	lhu	a5,12(s0)
    158e:	9bf1                	andi	a5,a5,-4
    1590:	0017e793          	ori	a5,a5,1
    1594:	00f41623          	sh	a5,12(s0)
    1598:	00c45783          	lhu	a5,12(s0)
    159c:	00f96933          	or	s2,s2,a5
    15a0:	01241623          	sh	s2,12(s0)
    15a4:	b751                	j	1528 <__smakebuf_r+0x20>

000015a6 <_free_r>:
_free_r():
    15a6:	c1dd                	beqz	a1,164c <_free_r+0xa6>
    15a8:	ffc5a783          	lw	a5,-4(a1)
    15ac:	1141                	addi	sp,sp,-16
    15ae:	c422                	sw	s0,8(sp)
    15b0:	c606                	sw	ra,12(sp)
    15b2:	c226                	sw	s1,4(sp)
    15b4:	ffc58413          	addi	s0,a1,-4
    15b8:	0007d363          	bgez	a5,15be <_free_r+0x18>
    15bc:	943e                	add	s0,s0,a5
    15be:	84aa                	mv	s1,a0
    15c0:	1ed000ef          	jal	ra,1fac <__malloc_lock>
    15c4:	80c18793          	addi	a5,gp,-2036 # 20000a14 <__malloc_free_list>
    15c8:	439c                	lw	a5,0(a5)
    15ca:	ef81                	bnez	a5,15e2 <_free_r+0x3c>
    15cc:	00042223          	sw	zero,4(s0)
    15d0:	8081a623          	sw	s0,-2036(gp) # 20000a14 <__malloc_free_list>
    15d4:	4422                	lw	s0,8(sp)
    15d6:	40b2                	lw	ra,12(sp)
    15d8:	8526                	mv	a0,s1
    15da:	4492                	lw	s1,4(sp)
    15dc:	0141                	addi	sp,sp,16
    15de:	1d10006f          	j	1fae <__malloc_unlock>
    15e2:	00f47e63          	bgeu	s0,a5,15fe <_free_r+0x58>
    15e6:	4014                	lw	a3,0(s0)
    15e8:	00d40733          	add	a4,s0,a3
    15ec:	00e79663          	bne	a5,a4,15f8 <_free_r+0x52>
    15f0:	4398                	lw	a4,0(a5)
    15f2:	43dc                	lw	a5,4(a5)
    15f4:	9736                	add	a4,a4,a3
    15f6:	c018                	sw	a4,0(s0)
    15f8:	c05c                	sw	a5,4(s0)
    15fa:	bfd9                	j	15d0 <_free_r+0x2a>
    15fc:	87ba                	mv	a5,a4
    15fe:	43d8                	lw	a4,4(a5)
    1600:	c319                	beqz	a4,1606 <_free_r+0x60>
    1602:	fee47de3          	bgeu	s0,a4,15fc <_free_r+0x56>
    1606:	4394                	lw	a3,0(a5)
    1608:	00d78633          	add	a2,a5,a3
    160c:	00861f63          	bne	a2,s0,162a <_free_r+0x84>
    1610:	4010                	lw	a2,0(s0)
    1612:	96b2                	add	a3,a3,a2
    1614:	c394                	sw	a3,0(a5)
    1616:	00d78633          	add	a2,a5,a3
    161a:	fac71de3          	bne	a4,a2,15d4 <_free_r+0x2e>
    161e:	4310                	lw	a2,0(a4)
    1620:	4358                	lw	a4,4(a4)
    1622:	96b2                	add	a3,a3,a2
    1624:	c394                	sw	a3,0(a5)
    1626:	c3d8                	sw	a4,4(a5)
    1628:	b775                	j	15d4 <_free_r+0x2e>
    162a:	00c47563          	bgeu	s0,a2,1634 <_free_r+0x8e>
    162e:	47b1                	li	a5,12
    1630:	c09c                	sw	a5,0(s1)
    1632:	b74d                	j	15d4 <_free_r+0x2e>
    1634:	4010                	lw	a2,0(s0)
    1636:	00c406b3          	add	a3,s0,a2
    163a:	00d71663          	bne	a4,a3,1646 <_free_r+0xa0>
    163e:	4314                	lw	a3,0(a4)
    1640:	4358                	lw	a4,4(a4)
    1642:	96b2                	add	a3,a3,a2
    1644:	c014                	sw	a3,0(s0)
    1646:	c058                	sw	a4,4(s0)
    1648:	c3c0                	sw	s0,4(a5)
    164a:	b769                	j	15d4 <_free_r+0x2e>
    164c:	8082                	ret

0000164e <_malloc_r>:
_malloc_r():
    164e:	1101                	addi	sp,sp,-32
    1650:	ca26                	sw	s1,20(sp)
    1652:	00358493          	addi	s1,a1,3
    1656:	98f1                	andi	s1,s1,-4
    1658:	ce06                	sw	ra,28(sp)
    165a:	cc22                	sw	s0,24(sp)
    165c:	c84a                	sw	s2,16(sp)
    165e:	c64e                	sw	s3,12(sp)
    1660:	04a1                	addi	s1,s1,8
    1662:	47b1                	li	a5,12
    1664:	04f4f363          	bgeu	s1,a5,16aa <_malloc_r+0x5c>
    1668:	44b1                	li	s1,12
    166a:	04b4e263          	bltu	s1,a1,16ae <_malloc_r+0x60>
    166e:	892a                	mv	s2,a0
    1670:	13d000ef          	jal	ra,1fac <__malloc_lock>
    1674:	80c18793          	addi	a5,gp,-2036 # 20000a14 <__malloc_free_list>
    1678:	4398                	lw	a4,0(a5)
    167a:	843a                	mv	s0,a4
    167c:	e039                	bnez	s0,16c2 <_malloc_r+0x74>
    167e:	81018793          	addi	a5,gp,-2032 # 20000a18 <__malloc_sbrk_start>
    1682:	439c                	lw	a5,0(a5)
    1684:	e791                	bnez	a5,1690 <_malloc_r+0x42>
    1686:	4581                	li	a1,0
    1688:	854a                	mv	a0,s2
    168a:	2f81                	jal	1dda <_sbrk_r>
    168c:	80a1a823          	sw	a0,-2032(gp) # 20000a18 <__malloc_sbrk_start>
    1690:	85a6                	mv	a1,s1
    1692:	854a                	mv	a0,s2
    1694:	2799                	jal	1dda <_sbrk_r>
    1696:	59fd                	li	s3,-1
    1698:	07351963          	bne	a0,s3,170a <_malloc_r+0xbc>
    169c:	47b1                	li	a5,12
    169e:	00f92023          	sw	a5,0(s2)
    16a2:	854a                	mv	a0,s2
    16a4:	10b000ef          	jal	ra,1fae <__malloc_unlock>
    16a8:	a029                	j	16b2 <_malloc_r+0x64>
    16aa:	fc04d0e3          	bgez	s1,166a <_malloc_r+0x1c>
    16ae:	47b1                	li	a5,12
    16b0:	c11c                	sw	a5,0(a0)
    16b2:	4501                	li	a0,0
    16b4:	40f2                	lw	ra,28(sp)
    16b6:	4462                	lw	s0,24(sp)
    16b8:	44d2                	lw	s1,20(sp)
    16ba:	4942                	lw	s2,16(sp)
    16bc:	49b2                	lw	s3,12(sp)
    16be:	6105                	addi	sp,sp,32
    16c0:	8082                	ret
    16c2:	401c                	lw	a5,0(s0)
    16c4:	8f85                	sub	a5,a5,s1
    16c6:	0207cf63          	bltz	a5,1704 <_malloc_r+0xb6>
    16ca:	46ad                	li	a3,11
    16cc:	00f6f663          	bgeu	a3,a5,16d8 <_malloc_r+0x8a>
    16d0:	c01c                	sw	a5,0(s0)
    16d2:	943e                	add	s0,s0,a5
    16d4:	c004                	sw	s1,0(s0)
    16d6:	a031                	j	16e2 <_malloc_r+0x94>
    16d8:	405c                	lw	a5,4(s0)
    16da:	02871363          	bne	a4,s0,1700 <_malloc_r+0xb2>
    16de:	80f1a623          	sw	a5,-2036(gp) # 20000a14 <__malloc_free_list>
    16e2:	854a                	mv	a0,s2
    16e4:	0cb000ef          	jal	ra,1fae <__malloc_unlock>
    16e8:	00b40513          	addi	a0,s0,11
    16ec:	00440793          	addi	a5,s0,4
    16f0:	9961                	andi	a0,a0,-8
    16f2:	40f50733          	sub	a4,a0,a5
    16f6:	df5d                	beqz	a4,16b4 <_malloc_r+0x66>
    16f8:	943a                	add	s0,s0,a4
    16fa:	8f89                	sub	a5,a5,a0
    16fc:	c01c                	sw	a5,0(s0)
    16fe:	bf5d                	j	16b4 <_malloc_r+0x66>
    1700:	c35c                	sw	a5,4(a4)
    1702:	b7c5                	j	16e2 <_malloc_r+0x94>
    1704:	8722                	mv	a4,s0
    1706:	4040                	lw	s0,4(s0)
    1708:	bf95                	j	167c <_malloc_r+0x2e>
    170a:	00350413          	addi	s0,a0,3
    170e:	9871                	andi	s0,s0,-4
    1710:	fc8502e3          	beq	a0,s0,16d4 <_malloc_r+0x86>
    1714:	40a405b3          	sub	a1,s0,a0
    1718:	854a                	mv	a0,s2
    171a:	25c1                	jal	1dda <_sbrk_r>
    171c:	fb351ce3          	bne	a0,s3,16d4 <_malloc_r+0x86>
    1720:	bfb5                	j	169c <_malloc_r+0x4e>

00001722 <__sfputc_r>:
__sfputc_r():
    1722:	461c                	lw	a5,8(a2)
    1724:	17fd                	addi	a5,a5,-1
    1726:	c61c                	sw	a5,8(a2)
    1728:	0007da63          	bgez	a5,173c <__sfputc_r+0x1a>
    172c:	4e18                	lw	a4,24(a2)
    172e:	00e7c563          	blt	a5,a4,1738 <__sfputc_r+0x16>
    1732:	47a9                	li	a5,10
    1734:	00f59463          	bne	a1,a5,173c <__sfputc_r+0x1a>
    1738:	fd6ff06f          	j	f0e <__swbuf_r>
    173c:	421c                	lw	a5,0(a2)
    173e:	852e                	mv	a0,a1
    1740:	00178713          	addi	a4,a5,1
    1744:	c218                	sw	a4,0(a2)
    1746:	00b78023          	sb	a1,0(a5)
    174a:	8082                	ret

0000174c <__sfputs_r>:
__sfputs_r():
    174c:	1101                	addi	sp,sp,-32
    174e:	cc22                	sw	s0,24(sp)
    1750:	ca26                	sw	s1,20(sp)
    1752:	c84a                	sw	s2,16(sp)
    1754:	c64e                	sw	s3,12(sp)
    1756:	c452                	sw	s4,8(sp)
    1758:	ce06                	sw	ra,28(sp)
    175a:	892a                	mv	s2,a0
    175c:	89ae                	mv	s3,a1
    175e:	8432                	mv	s0,a2
    1760:	00d604b3          	add	s1,a2,a3
    1764:	5a7d                	li	s4,-1
    1766:	00941463          	bne	s0,s1,176e <__sfputs_r+0x22>
    176a:	4501                	li	a0,0
    176c:	a809                	j	177e <__sfputs_r+0x32>
    176e:	00044583          	lbu	a1,0(s0)
    1772:	864e                	mv	a2,s3
    1774:	854a                	mv	a0,s2
    1776:	3775                	jal	1722 <__sfputc_r>
    1778:	0405                	addi	s0,s0,1
    177a:	ff4516e3          	bne	a0,s4,1766 <__sfputs_r+0x1a>
    177e:	40f2                	lw	ra,28(sp)
    1780:	4462                	lw	s0,24(sp)
    1782:	44d2                	lw	s1,20(sp)
    1784:	4942                	lw	s2,16(sp)
    1786:	49b2                	lw	s3,12(sp)
    1788:	4a22                	lw	s4,8(sp)
    178a:	6105                	addi	sp,sp,32
    178c:	8082                	ret

0000178e <_vfiprintf_r>:
_vfiprintf_r():
    178e:	7135                	addi	sp,sp,-160
    1790:	cd22                	sw	s0,152(sp)
    1792:	cb26                	sw	s1,148(sp)
    1794:	c94a                	sw	s2,144(sp)
    1796:	c74e                	sw	s3,140(sp)
    1798:	cf06                	sw	ra,156(sp)
    179a:	c552                	sw	s4,136(sp)
    179c:	c356                	sw	s5,132(sp)
    179e:	c15a                	sw	s6,128(sp)
    17a0:	dede                	sw	s7,124(sp)
    17a2:	dce2                	sw	s8,120(sp)
    17a4:	dae6                	sw	s9,116(sp)
    17a6:	89aa                	mv	s3,a0
    17a8:	84ae                	mv	s1,a1
    17aa:	8932                	mv	s2,a2
    17ac:	8436                	mv	s0,a3
    17ae:	c501                	beqz	a0,17b6 <_vfiprintf_r+0x28>
    17b0:	4d1c                	lw	a5,24(a0)
    17b2:	e391                	bnez	a5,17b6 <_vfiprintf_r+0x28>
    17b4:	3651                	jal	1338 <__sinit>
    17b6:	00001797          	auipc	a5,0x1
    17ba:	8ee78793          	addi	a5,a5,-1810 # 20a4 <__sf_fake_stdin>
    17be:	0cf49b63          	bne	s1,a5,1894 <_vfiprintf_r+0x106>
    17c2:	0049a483          	lw	s1,4(s3)
    17c6:	00c4d783          	lhu	a5,12(s1)
    17ca:	8ba1                	andi	a5,a5,8
    17cc:	c7f5                	beqz	a5,18b8 <_vfiprintf_r+0x12a>
    17ce:	489c                	lw	a5,16(s1)
    17d0:	c7e5                	beqz	a5,18b8 <_vfiprintf_r+0x12a>
    17d2:	02000793          	li	a5,32
    17d6:	02f104a3          	sb	a5,41(sp)
    17da:	03000793          	li	a5,48
    17de:	d202                	sw	zero,36(sp)
    17e0:	02f10523          	sb	a5,42(sp)
    17e4:	c622                	sw	s0,12(sp)
    17e6:	02500b93          	li	s7,37
    17ea:	00001a97          	auipc	s5,0x1
    17ee:	8faa8a93          	addi	s5,s5,-1798 # 20e4 <__sf_fake_stdout+0x20>
    17f2:	4c05                	li	s8,1
    17f4:	4b29                	li	s6,10
    17f6:	844a                	mv	s0,s2
    17f8:	00044783          	lbu	a5,0(s0)
    17fc:	c399                	beqz	a5,1802 <_vfiprintf_r+0x74>
    17fe:	0f779063          	bne	a5,s7,18de <_vfiprintf_r+0x150>
    1802:	41240cb3          	sub	s9,s0,s2
    1806:	000c8d63          	beqz	s9,1820 <_vfiprintf_r+0x92>
    180a:	86e6                	mv	a3,s9
    180c:	864a                	mv	a2,s2
    180e:	85a6                	mv	a1,s1
    1810:	854e                	mv	a0,s3
    1812:	3f2d                	jal	174c <__sfputs_r>
    1814:	57fd                	li	a5,-1
    1816:	1ef50663          	beq	a0,a5,1a02 <_vfiprintf_r+0x274>
    181a:	5692                	lw	a3,36(sp)
    181c:	96e6                	add	a3,a3,s9
    181e:	d236                	sw	a3,36(sp)
    1820:	00044783          	lbu	a5,0(s0)
    1824:	1c078f63          	beqz	a5,1a02 <_vfiprintf_r+0x274>
    1828:	57fd                	li	a5,-1
    182a:	00140913          	addi	s2,s0,1
    182e:	c802                	sw	zero,16(sp)
    1830:	ce02                	sw	zero,28(sp)
    1832:	ca3e                	sw	a5,20(sp)
    1834:	cc02                	sw	zero,24(sp)
    1836:	040109a3          	sb	zero,83(sp)
    183a:	d482                	sw	zero,104(sp)
    183c:	00094583          	lbu	a1,0(s2)
    1840:	4615                	li	a2,5
    1842:	8556                	mv	a0,s5
    1844:	27b9                	jal	1f92 <memchr>
    1846:	00190413          	addi	s0,s2,1
    184a:	47c2                	lw	a5,16(sp)
    184c:	e959                	bnez	a0,18e2 <_vfiprintf_r+0x154>
    184e:	0107f713          	andi	a4,a5,16
    1852:	c709                	beqz	a4,185c <_vfiprintf_r+0xce>
    1854:	02000713          	li	a4,32
    1858:	04e109a3          	sb	a4,83(sp)
    185c:	0087f713          	andi	a4,a5,8
    1860:	c709                	beqz	a4,186a <_vfiprintf_r+0xdc>
    1862:	02b00713          	li	a4,43
    1866:	04e109a3          	sb	a4,83(sp)
    186a:	00094683          	lbu	a3,0(s2)
    186e:	02a00713          	li	a4,42
    1872:	08e68063          	beq	a3,a4,18f2 <_vfiprintf_r+0x164>
    1876:	47f2                	lw	a5,28(sp)
    1878:	844a                	mv	s0,s2
    187a:	4681                	li	a3,0
    187c:	4625                	li	a2,9
    187e:	00044703          	lbu	a4,0(s0)
    1882:	00140593          	addi	a1,s0,1
    1886:	fd070713          	addi	a4,a4,-48 # ffffdfd0 <_eusrstack+0xdfff5fd0>
    188a:	0ae67963          	bgeu	a2,a4,193c <_vfiprintf_r+0x1ae>
    188e:	cab5                	beqz	a3,1902 <_vfiprintf_r+0x174>
    1890:	ce3e                	sw	a5,28(sp)
    1892:	a885                	j	1902 <_vfiprintf_r+0x174>
    1894:	00001797          	auipc	a5,0x1
    1898:	83078793          	addi	a5,a5,-2000 # 20c4 <__sf_fake_stdout>
    189c:	00f49563          	bne	s1,a5,18a6 <_vfiprintf_r+0x118>
    18a0:	0089a483          	lw	s1,8(s3)
    18a4:	b70d                	j	17c6 <_vfiprintf_r+0x38>
    18a6:	00000797          	auipc	a5,0x0
    18aa:	7de78793          	addi	a5,a5,2014 # 2084 <__sf_fake_stderr>
    18ae:	f0f49ce3          	bne	s1,a5,17c6 <_vfiprintf_r+0x38>
    18b2:	00c9a483          	lw	s1,12(s3)
    18b6:	bf01                	j	17c6 <_vfiprintf_r+0x38>
    18b8:	85a6                	mv	a1,s1
    18ba:	854e                	mv	a0,s3
    18bc:	f12ff0ef          	jal	ra,fce <__swsetup_r>
    18c0:	d909                	beqz	a0,17d2 <_vfiprintf_r+0x44>
    18c2:	557d                	li	a0,-1
    18c4:	40fa                	lw	ra,156(sp)
    18c6:	446a                	lw	s0,152(sp)
    18c8:	44da                	lw	s1,148(sp)
    18ca:	494a                	lw	s2,144(sp)
    18cc:	49ba                	lw	s3,140(sp)
    18ce:	4a2a                	lw	s4,136(sp)
    18d0:	4a9a                	lw	s5,132(sp)
    18d2:	4b0a                	lw	s6,128(sp)
    18d4:	5bf6                	lw	s7,124(sp)
    18d6:	5c66                	lw	s8,120(sp)
    18d8:	5cd6                	lw	s9,116(sp)
    18da:	610d                	addi	sp,sp,160
    18dc:	8082                	ret
    18de:	0405                	addi	s0,s0,1
    18e0:	bf21                	j	17f8 <_vfiprintf_r+0x6a>
    18e2:	41550533          	sub	a0,a0,s5
    18e6:	00ac1533          	sll	a0,s8,a0
    18ea:	8fc9                	or	a5,a5,a0
    18ec:	c83e                	sw	a5,16(sp)
    18ee:	8922                	mv	s2,s0
    18f0:	b7b1                	j	183c <_vfiprintf_r+0xae>
    18f2:	4732                	lw	a4,12(sp)
    18f4:	00470693          	addi	a3,a4,4
    18f8:	4318                	lw	a4,0(a4)
    18fa:	c636                	sw	a3,12(sp)
    18fc:	02074963          	bltz	a4,192e <_vfiprintf_r+0x1a0>
    1900:	ce3a                	sw	a4,28(sp)
    1902:	00044703          	lbu	a4,0(s0)
    1906:	02e00793          	li	a5,46
    190a:	04f71f63          	bne	a4,a5,1968 <_vfiprintf_r+0x1da>
    190e:	00144703          	lbu	a4,1(s0)
    1912:	02a00793          	li	a5,42
    1916:	02f71b63          	bne	a4,a5,194c <_vfiprintf_r+0x1be>
    191a:	47b2                	lw	a5,12(sp)
    191c:	0409                	addi	s0,s0,2
    191e:	00478713          	addi	a4,a5,4
    1922:	439c                	lw	a5,0(a5)
    1924:	c63a                	sw	a4,12(sp)
    1926:	0207c163          	bltz	a5,1948 <_vfiprintf_r+0x1ba>
    192a:	ca3e                	sw	a5,20(sp)
    192c:	a835                	j	1968 <_vfiprintf_r+0x1da>
    192e:	40e00733          	neg	a4,a4
    1932:	0027e793          	ori	a5,a5,2
    1936:	ce3a                	sw	a4,28(sp)
    1938:	c83e                	sw	a5,16(sp)
    193a:	b7e1                	j	1902 <_vfiprintf_r+0x174>
    193c:	036787b3          	mul	a5,a5,s6
    1940:	4685                	li	a3,1
    1942:	842e                	mv	s0,a1
    1944:	97ba                	add	a5,a5,a4
    1946:	bf25                	j	187e <_vfiprintf_r+0xf0>
    1948:	57fd                	li	a5,-1
    194a:	b7c5                	j	192a <_vfiprintf_r+0x19c>
    194c:	0405                	addi	s0,s0,1
    194e:	ca02                	sw	zero,20(sp)
    1950:	4681                	li	a3,0
    1952:	4781                	li	a5,0
    1954:	4625                	li	a2,9
    1956:	00044703          	lbu	a4,0(s0)
    195a:	00140593          	addi	a1,s0,1
    195e:	fd070713          	addi	a4,a4,-48
    1962:	06e67663          	bgeu	a2,a4,19ce <_vfiprintf_r+0x240>
    1966:	f2f1                	bnez	a3,192a <_vfiprintf_r+0x19c>
    1968:	00044583          	lbu	a1,0(s0)
    196c:	460d                	li	a2,3
    196e:	00000517          	auipc	a0,0x0
    1972:	77e50513          	addi	a0,a0,1918 # 20ec <__sf_fake_stdout+0x28>
    1976:	2d31                	jal	1f92 <memchr>
    1978:	cd11                	beqz	a0,1994 <_vfiprintf_r+0x206>
    197a:	00000797          	auipc	a5,0x0
    197e:	77278793          	addi	a5,a5,1906 # 20ec <__sf_fake_stdout+0x28>
    1982:	8d1d                	sub	a0,a0,a5
    1984:	04000793          	li	a5,64
    1988:	00a797b3          	sll	a5,a5,a0
    198c:	4542                	lw	a0,16(sp)
    198e:	0405                	addi	s0,s0,1
    1990:	8d5d                	or	a0,a0,a5
    1992:	c82a                	sw	a0,16(sp)
    1994:	00044583          	lbu	a1,0(s0)
    1998:	4619                	li	a2,6
    199a:	00000517          	auipc	a0,0x0
    199e:	75650513          	addi	a0,a0,1878 # 20f0 <__sf_fake_stdout+0x2c>
    19a2:	00140913          	addi	s2,s0,1
    19a6:	02b10423          	sb	a1,40(sp)
    19aa:	23e5                	jal	1f92 <memchr>
    19ac:	c13d                	beqz	a0,1a12 <_vfiprintf_r+0x284>
    19ae:	ffffe797          	auipc	a5,0xffffe
    19b2:	65278793          	addi	a5,a5,1618 # 0 <_sinit>
    19b6:	e795                	bnez	a5,19e2 <_vfiprintf_r+0x254>
    19b8:	4742                	lw	a4,16(sp)
    19ba:	47b2                	lw	a5,12(sp)
    19bc:	10077713          	andi	a4,a4,256
    19c0:	cf09                	beqz	a4,19da <_vfiprintf_r+0x24c>
    19c2:	0791                	addi	a5,a5,4
    19c4:	c63e                	sw	a5,12(sp)
    19c6:	5792                	lw	a5,36(sp)
    19c8:	97d2                	add	a5,a5,s4
    19ca:	d23e                	sw	a5,36(sp)
    19cc:	b52d                	j	17f6 <_vfiprintf_r+0x68>
    19ce:	036787b3          	mul	a5,a5,s6
    19d2:	4685                	li	a3,1
    19d4:	842e                	mv	s0,a1
    19d6:	97ba                	add	a5,a5,a4
    19d8:	bfbd                	j	1956 <_vfiprintf_r+0x1c8>
    19da:	079d                	addi	a5,a5,7
    19dc:	9be1                	andi	a5,a5,-8
    19de:	07a1                	addi	a5,a5,8
    19e0:	b7d5                	j	19c4 <_vfiprintf_r+0x236>
    19e2:	0078                	addi	a4,sp,12
    19e4:	00000697          	auipc	a3,0x0
    19e8:	d6868693          	addi	a3,a3,-664 # 174c <__sfputs_r>
    19ec:	8626                	mv	a2,s1
    19ee:	080c                	addi	a1,sp,16
    19f0:	854e                	mv	a0,s3
    19f2:	00000097          	auipc	ra,0x0
    19f6:	000000e7          	jalr	zero # 0 <_sinit>
    19fa:	57fd                	li	a5,-1
    19fc:	8a2a                	mv	s4,a0
    19fe:	fcf514e3          	bne	a0,a5,19c6 <_vfiprintf_r+0x238>
    1a02:	00c4d783          	lhu	a5,12(s1)
    1a06:	0407f793          	andi	a5,a5,64
    1a0a:	ea079ce3          	bnez	a5,18c2 <_vfiprintf_r+0x134>
    1a0e:	5512                	lw	a0,36(sp)
    1a10:	bd55                	j	18c4 <_vfiprintf_r+0x136>
    1a12:	0078                	addi	a4,sp,12
    1a14:	00000697          	auipc	a3,0x0
    1a18:	d3868693          	addi	a3,a3,-712 # 174c <__sfputs_r>
    1a1c:	8626                	mv	a2,s1
    1a1e:	080c                	addi	a1,sp,16
    1a20:	854e                	mv	a0,s3
    1a22:	2a01                	jal	1b32 <_printf_i>
    1a24:	bfd9                	j	19fa <_vfiprintf_r+0x26c>

00001a26 <_printf_common>:
_printf_common():
    1a26:	7179                	addi	sp,sp,-48
    1a28:	ca56                	sw	s5,20(sp)
    1a2a:	499c                	lw	a5,16(a1)
    1a2c:	8aba                	mv	s5,a4
    1a2e:	4598                	lw	a4,8(a1)
    1a30:	d422                	sw	s0,40(sp)
    1a32:	d226                	sw	s1,36(sp)
    1a34:	ce4e                	sw	s3,28(sp)
    1a36:	cc52                	sw	s4,24(sp)
    1a38:	d606                	sw	ra,44(sp)
    1a3a:	d04a                	sw	s2,32(sp)
    1a3c:	c85a                	sw	s6,16(sp)
    1a3e:	c65e                	sw	s7,12(sp)
    1a40:	89aa                	mv	s3,a0
    1a42:	842e                	mv	s0,a1
    1a44:	84b2                	mv	s1,a2
    1a46:	8a36                	mv	s4,a3
    1a48:	00e7d363          	bge	a5,a4,1a4e <_printf_common+0x28>
    1a4c:	87ba                	mv	a5,a4
    1a4e:	c09c                	sw	a5,0(s1)
    1a50:	04344703          	lbu	a4,67(s0)
    1a54:	c319                	beqz	a4,1a5a <_printf_common+0x34>
    1a56:	0785                	addi	a5,a5,1
    1a58:	c09c                	sw	a5,0(s1)
    1a5a:	401c                	lw	a5,0(s0)
    1a5c:	0207f793          	andi	a5,a5,32
    1a60:	c781                	beqz	a5,1a68 <_printf_common+0x42>
    1a62:	409c                	lw	a5,0(s1)
    1a64:	0789                	addi	a5,a5,2
    1a66:	c09c                	sw	a5,0(s1)
    1a68:	00042903          	lw	s2,0(s0)
    1a6c:	00697913          	andi	s2,s2,6
    1a70:	00091a63          	bnez	s2,1a84 <_printf_common+0x5e>
    1a74:	01940b13          	addi	s6,s0,25
    1a78:	5bfd                	li	s7,-1
    1a7a:	445c                	lw	a5,12(s0)
    1a7c:	4098                	lw	a4,0(s1)
    1a7e:	8f99                	sub	a5,a5,a4
    1a80:	04f94c63          	blt	s2,a5,1ad8 <_printf_common+0xb2>
    1a84:	401c                	lw	a5,0(s0)
    1a86:	04344683          	lbu	a3,67(s0)
    1a8a:	0207f793          	andi	a5,a5,32
    1a8e:	00d036b3          	snez	a3,a3
    1a92:	eba5                	bnez	a5,1b02 <_printf_common+0xdc>
    1a94:	04340613          	addi	a2,s0,67
    1a98:	85d2                	mv	a1,s4
    1a9a:	854e                	mv	a0,s3
    1a9c:	9a82                	jalr	s5
    1a9e:	57fd                	li	a5,-1
    1aa0:	04f50363          	beq	a0,a5,1ae6 <_printf_common+0xc0>
    1aa4:	401c                	lw	a5,0(s0)
    1aa6:	4611                	li	a2,4
    1aa8:	4098                	lw	a4,0(s1)
    1aaa:	8b99                	andi	a5,a5,6
    1aac:	4454                	lw	a3,12(s0)
    1aae:	4481                	li	s1,0
    1ab0:	00c79763          	bne	a5,a2,1abe <_printf_common+0x98>
    1ab4:	40e684b3          	sub	s1,a3,a4
    1ab8:	0004d363          	bgez	s1,1abe <_printf_common+0x98>
    1abc:	4481                	li	s1,0
    1abe:	441c                	lw	a5,8(s0)
    1ac0:	4818                	lw	a4,16(s0)
    1ac2:	00f75463          	bge	a4,a5,1aca <_printf_common+0xa4>
    1ac6:	8f99                	sub	a5,a5,a4
    1ac8:	94be                	add	s1,s1,a5
    1aca:	4901                	li	s2,0
    1acc:	0469                	addi	s0,s0,26
    1ace:	5b7d                	li	s6,-1
    1ad0:	05249863          	bne	s1,s2,1b20 <_printf_common+0xfa>
    1ad4:	4501                	li	a0,0
    1ad6:	a809                	j	1ae8 <_printf_common+0xc2>
    1ad8:	4685                	li	a3,1
    1ada:	865a                	mv	a2,s6
    1adc:	85d2                	mv	a1,s4
    1ade:	854e                	mv	a0,s3
    1ae0:	9a82                	jalr	s5
    1ae2:	01751e63          	bne	a0,s7,1afe <_printf_common+0xd8>
    1ae6:	557d                	li	a0,-1
    1ae8:	50b2                	lw	ra,44(sp)
    1aea:	5422                	lw	s0,40(sp)
    1aec:	5492                	lw	s1,36(sp)
    1aee:	5902                	lw	s2,32(sp)
    1af0:	49f2                	lw	s3,28(sp)
    1af2:	4a62                	lw	s4,24(sp)
    1af4:	4ad2                	lw	s5,20(sp)
    1af6:	4b42                	lw	s6,16(sp)
    1af8:	4bb2                	lw	s7,12(sp)
    1afa:	6145                	addi	sp,sp,48
    1afc:	8082                	ret
    1afe:	0905                	addi	s2,s2,1
    1b00:	bfad                	j	1a7a <_printf_common+0x54>
    1b02:	00d40733          	add	a4,s0,a3
    1b06:	03000613          	li	a2,48
    1b0a:	04c701a3          	sb	a2,67(a4)
    1b0e:	04544703          	lbu	a4,69(s0)
    1b12:	00168793          	addi	a5,a3,1
    1b16:	97a2                	add	a5,a5,s0
    1b18:	0689                	addi	a3,a3,2
    1b1a:	04e781a3          	sb	a4,67(a5)
    1b1e:	bf9d                	j	1a94 <_printf_common+0x6e>
    1b20:	4685                	li	a3,1
    1b22:	8622                	mv	a2,s0
    1b24:	85d2                	mv	a1,s4
    1b26:	854e                	mv	a0,s3
    1b28:	9a82                	jalr	s5
    1b2a:	fb650ee3          	beq	a0,s6,1ae6 <_printf_common+0xc0>
    1b2e:	0905                	addi	s2,s2,1
    1b30:	b745                	j	1ad0 <_printf_common+0xaa>

00001b32 <_printf_i>:
_printf_i():
    1b32:	7179                	addi	sp,sp,-48
    1b34:	d422                	sw	s0,40(sp)
    1b36:	d226                	sw	s1,36(sp)
    1b38:	d04a                	sw	s2,32(sp)
    1b3a:	ce4e                	sw	s3,28(sp)
    1b3c:	d606                	sw	ra,44(sp)
    1b3e:	cc52                	sw	s4,24(sp)
    1b40:	ca56                	sw	s5,20(sp)
    1b42:	c85a                	sw	s6,16(sp)
    1b44:	89b6                	mv	s3,a3
    1b46:	0185c683          	lbu	a3,24(a1)
    1b4a:	06900793          	li	a5,105
    1b4e:	8932                	mv	s2,a2
    1b50:	84aa                	mv	s1,a0
    1b52:	842e                	mv	s0,a1
    1b54:	04358613          	addi	a2,a1,67
    1b58:	02f68d63          	beq	a3,a5,1b92 <_printf_i+0x60>
    1b5c:	06d7e263          	bltu	a5,a3,1bc0 <_printf_i+0x8e>
    1b60:	05800793          	li	a5,88
    1b64:	18f68763          	beq	a3,a5,1cf2 <_printf_i+0x1c0>
    1b68:	00d7ed63          	bltu	a5,a3,1b82 <_printf_i+0x50>
    1b6c:	22068063          	beqz	a3,1d8c <_printf_i+0x25a>
    1b70:	04300793          	li	a5,67
    1b74:	0af68e63          	beq	a3,a5,1c30 <_printf_i+0xfe>
    1b78:	04240a93          	addi	s5,s0,66
    1b7c:	04d40123          	sb	a3,66(s0)
    1b80:	a0c9                	j	1c42 <_printf_i+0x110>
    1b82:	06300793          	li	a5,99
    1b86:	0af68563          	beq	a3,a5,1c30 <_printf_i+0xfe>
    1b8a:	06400793          	li	a5,100
    1b8e:	fef695e3          	bne	a3,a5,1b78 <_printf_i+0x46>
    1b92:	401c                	lw	a5,0(s0)
    1b94:	4308                	lw	a0,0(a4)
    1b96:	0807f693          	andi	a3,a5,128
    1b9a:	00450593          	addi	a1,a0,4
    1b9e:	c6c5                	beqz	a3,1c46 <_printf_i+0x114>
    1ba0:	411c                	lw	a5,0(a0)
    1ba2:	c30c                	sw	a1,0(a4)
    1ba4:	0007d863          	bgez	a5,1bb4 <_printf_i+0x82>
    1ba8:	02d00713          	li	a4,45
    1bac:	40f007b3          	neg	a5,a5
    1bb0:	04e401a3          	sb	a4,67(s0)
    1bb4:	00000697          	auipc	a3,0x0
    1bb8:	54468693          	addi	a3,a3,1348 # 20f8 <__sf_fake_stdout+0x34>
    1bbc:	4729                	li	a4,10
    1bbe:	a86d                	j	1c78 <_printf_i+0x146>
    1bc0:	07000793          	li	a5,112
    1bc4:	16f68363          	beq	a3,a5,1d2a <_printf_i+0x1f8>
    1bc8:	02d7e563          	bltu	a5,a3,1bf2 <_printf_i+0xc0>
    1bcc:	06e00793          	li	a5,110
    1bd0:	18f68a63          	beq	a3,a5,1d64 <_printf_i+0x232>
    1bd4:	06f00793          	li	a5,111
    1bd8:	faf690e3          	bne	a3,a5,1b78 <_printf_i+0x46>
    1bdc:	400c                	lw	a1,0(s0)
    1bde:	431c                	lw	a5,0(a4)
    1be0:	0805f813          	andi	a6,a1,128
    1be4:	00478513          	addi	a0,a5,4
    1be8:	06080763          	beqz	a6,1c56 <_printf_i+0x124>
    1bec:	c308                	sw	a0,0(a4)
    1bee:	439c                	lw	a5,0(a5)
    1bf0:	a88d                	j	1c62 <_printf_i+0x130>
    1bf2:	07500793          	li	a5,117
    1bf6:	fef683e3          	beq	a3,a5,1bdc <_printf_i+0xaa>
    1bfa:	07800793          	li	a5,120
    1bfe:	12f68a63          	beq	a3,a5,1d32 <_printf_i+0x200>
    1c02:	07300793          	li	a5,115
    1c06:	f6f699e3          	bne	a3,a5,1b78 <_printf_i+0x46>
    1c0a:	431c                	lw	a5,0(a4)
    1c0c:	41d0                	lw	a2,4(a1)
    1c0e:	4581                	li	a1,0
    1c10:	00478693          	addi	a3,a5,4
    1c14:	c314                	sw	a3,0(a4)
    1c16:	0007aa83          	lw	s5,0(a5)
    1c1a:	8556                	mv	a0,s5
    1c1c:	2e9d                	jal	1f92 <memchr>
    1c1e:	c501                	beqz	a0,1c26 <_printf_i+0xf4>
    1c20:	41550533          	sub	a0,a0,s5
    1c24:	c048                	sw	a0,4(s0)
    1c26:	405c                	lw	a5,4(s0)
    1c28:	c81c                	sw	a5,16(s0)
    1c2a:	040401a3          	sb	zero,67(s0)
    1c2e:	a871                	j	1cca <_printf_i+0x198>
    1c30:	431c                	lw	a5,0(a4)
    1c32:	04240a93          	addi	s5,s0,66
    1c36:	00478693          	addi	a3,a5,4
    1c3a:	439c                	lw	a5,0(a5)
    1c3c:	c314                	sw	a3,0(a4)
    1c3e:	04f40123          	sb	a5,66(s0)
    1c42:	4785                	li	a5,1
    1c44:	b7d5                	j	1c28 <_printf_i+0xf6>
    1c46:	0407f693          	andi	a3,a5,64
    1c4a:	411c                	lw	a5,0(a0)
    1c4c:	c30c                	sw	a1,0(a4)
    1c4e:	dab9                	beqz	a3,1ba4 <_printf_i+0x72>
    1c50:	07c2                	slli	a5,a5,0x10
    1c52:	87c1                	srai	a5,a5,0x10
    1c54:	bf81                	j	1ba4 <_printf_i+0x72>
    1c56:	0405f593          	andi	a1,a1,64
    1c5a:	c308                	sw	a0,0(a4)
    1c5c:	d9c9                	beqz	a1,1bee <_printf_i+0xbc>
    1c5e:	0007d783          	lhu	a5,0(a5)
    1c62:	06f00713          	li	a4,111
    1c66:	0ee68763          	beq	a3,a4,1d54 <_printf_i+0x222>
    1c6a:	00000697          	auipc	a3,0x0
    1c6e:	48e68693          	addi	a3,a3,1166 # 20f8 <__sf_fake_stdout+0x34>
    1c72:	4729                	li	a4,10
    1c74:	040401a3          	sb	zero,67(s0)
    1c78:	404c                	lw	a1,4(s0)
    1c7a:	c40c                	sw	a1,8(s0)
    1c7c:	0005c563          	bltz	a1,1c86 <_printf_i+0x154>
    1c80:	4008                	lw	a0,0(s0)
    1c82:	996d                	andi	a0,a0,-5
    1c84:	c008                	sw	a0,0(s0)
    1c86:	e399                	bnez	a5,1c8c <_printf_i+0x15a>
    1c88:	8ab2                	mv	s5,a2
    1c8a:	cd91                	beqz	a1,1ca6 <_printf_i+0x174>
    1c8c:	8ab2                	mv	s5,a2
    1c8e:	02e7f5b3          	remu	a1,a5,a4
    1c92:	1afd                	addi	s5,s5,-1
    1c94:	95b6                	add	a1,a1,a3
    1c96:	0005c583          	lbu	a1,0(a1)
    1c9a:	00ba8023          	sb	a1,0(s5)
    1c9e:	02e7d5b3          	divu	a1,a5,a4
    1ca2:	0ae7ff63          	bgeu	a5,a4,1d60 <_printf_i+0x22e>
    1ca6:	47a1                	li	a5,8
    1ca8:	00f71e63          	bne	a4,a5,1cc4 <_printf_i+0x192>
    1cac:	401c                	lw	a5,0(s0)
    1cae:	8b85                	andi	a5,a5,1
    1cb0:	cb91                	beqz	a5,1cc4 <_printf_i+0x192>
    1cb2:	4058                	lw	a4,4(s0)
    1cb4:	481c                	lw	a5,16(s0)
    1cb6:	00e7c763          	blt	a5,a4,1cc4 <_printf_i+0x192>
    1cba:	03000793          	li	a5,48
    1cbe:	fefa8fa3          	sb	a5,-1(s5)
    1cc2:	1afd                	addi	s5,s5,-1
    1cc4:	41560633          	sub	a2,a2,s5
    1cc8:	c810                	sw	a2,16(s0)
    1cca:	874e                	mv	a4,s3
    1ccc:	86ca                	mv	a3,s2
    1cce:	0070                	addi	a2,sp,12
    1cd0:	85a2                	mv	a1,s0
    1cd2:	8526                	mv	a0,s1
    1cd4:	3b89                	jal	1a26 <_printf_common>
    1cd6:	5a7d                	li	s4,-1
    1cd8:	0b451e63          	bne	a0,s4,1d94 <_printf_i+0x262>
    1cdc:	557d                	li	a0,-1
    1cde:	50b2                	lw	ra,44(sp)
    1ce0:	5422                	lw	s0,40(sp)
    1ce2:	5492                	lw	s1,36(sp)
    1ce4:	5902                	lw	s2,32(sp)
    1ce6:	49f2                	lw	s3,28(sp)
    1ce8:	4a62                	lw	s4,24(sp)
    1cea:	4ad2                	lw	s5,20(sp)
    1cec:	4b42                	lw	s6,16(sp)
    1cee:	6145                	addi	sp,sp,48
    1cf0:	8082                	ret
    1cf2:	04d582a3          	sb	a3,69(a1)
    1cf6:	00000697          	auipc	a3,0x0
    1cfa:	40268693          	addi	a3,a3,1026 # 20f8 <__sf_fake_stdout+0x34>
    1cfe:	400c                	lw	a1,0(s0)
    1d00:	4308                	lw	a0,0(a4)
    1d02:	0805f813          	andi	a6,a1,128
    1d06:	411c                	lw	a5,0(a0)
    1d08:	0511                	addi	a0,a0,4
    1d0a:	02080d63          	beqz	a6,1d44 <_printf_i+0x212>
    1d0e:	c308                	sw	a0,0(a4)
    1d10:	0015f713          	andi	a4,a1,1
    1d14:	c701                	beqz	a4,1d1c <_printf_i+0x1ea>
    1d16:	0205e593          	ori	a1,a1,32
    1d1a:	c00c                	sw	a1,0(s0)
    1d1c:	4741                	li	a4,16
    1d1e:	fbb9                	bnez	a5,1c74 <_printf_i+0x142>
    1d20:	400c                	lw	a1,0(s0)
    1d22:	fdf5f593          	andi	a1,a1,-33
    1d26:	c00c                	sw	a1,0(s0)
    1d28:	b7b1                	j	1c74 <_printf_i+0x142>
    1d2a:	419c                	lw	a5,0(a1)
    1d2c:	0207e793          	ori	a5,a5,32
    1d30:	c19c                	sw	a5,0(a1)
    1d32:	07800793          	li	a5,120
    1d36:	04f402a3          	sb	a5,69(s0)
    1d3a:	00000697          	auipc	a3,0x0
    1d3e:	3d268693          	addi	a3,a3,978 # 210c <__sf_fake_stdout+0x48>
    1d42:	bf75                	j	1cfe <_printf_i+0x1cc>
    1d44:	0405f813          	andi	a6,a1,64
    1d48:	c308                	sw	a0,0(a4)
    1d4a:	fc0803e3          	beqz	a6,1d10 <_printf_i+0x1de>
    1d4e:	07c2                	slli	a5,a5,0x10
    1d50:	83c1                	srli	a5,a5,0x10
    1d52:	bf7d                	j	1d10 <_printf_i+0x1de>
    1d54:	00000697          	auipc	a3,0x0
    1d58:	3a468693          	addi	a3,a3,932 # 20f8 <__sf_fake_stdout+0x34>
    1d5c:	4721                	li	a4,8
    1d5e:	bf19                	j	1c74 <_printf_i+0x142>
    1d60:	87ae                	mv	a5,a1
    1d62:	b735                	j	1c8e <_printf_i+0x15c>
    1d64:	4194                	lw	a3,0(a1)
    1d66:	431c                	lw	a5,0(a4)
    1d68:	49cc                	lw	a1,20(a1)
    1d6a:	0806f813          	andi	a6,a3,128
    1d6e:	00478513          	addi	a0,a5,4
    1d72:	00080663          	beqz	a6,1d7e <_printf_i+0x24c>
    1d76:	c308                	sw	a0,0(a4)
    1d78:	439c                	lw	a5,0(a5)
    1d7a:	c38c                	sw	a1,0(a5)
    1d7c:	a801                	j	1d8c <_printf_i+0x25a>
    1d7e:	c308                	sw	a0,0(a4)
    1d80:	0406f693          	andi	a3,a3,64
    1d84:	439c                	lw	a5,0(a5)
    1d86:	daf5                	beqz	a3,1d7a <_printf_i+0x248>
    1d88:	00b79023          	sh	a1,0(a5)
    1d8c:	00042823          	sw	zero,16(s0)
    1d90:	8ab2                	mv	s5,a2
    1d92:	bf25                	j	1cca <_printf_i+0x198>
    1d94:	4814                	lw	a3,16(s0)
    1d96:	8656                	mv	a2,s5
    1d98:	85ca                	mv	a1,s2
    1d9a:	8526                	mv	a0,s1
    1d9c:	9982                	jalr	s3
    1d9e:	f3450fe3          	beq	a0,s4,1cdc <_printf_i+0x1aa>
    1da2:	401c                	lw	a5,0(s0)
    1da4:	8b89                	andi	a5,a5,2
    1da6:	e78d                	bnez	a5,1dd0 <_printf_i+0x29e>
    1da8:	47b2                	lw	a5,12(sp)
    1daa:	4448                	lw	a0,12(s0)
    1dac:	f2f559e3          	bge	a0,a5,1cde <_printf_i+0x1ac>
    1db0:	853e                	mv	a0,a5
    1db2:	b735                	j	1cde <_printf_i+0x1ac>
    1db4:	4685                	li	a3,1
    1db6:	8656                	mv	a2,s5
    1db8:	85ca                	mv	a1,s2
    1dba:	8526                	mv	a0,s1
    1dbc:	9982                	jalr	s3
    1dbe:	f1650fe3          	beq	a0,s6,1cdc <_printf_i+0x1aa>
    1dc2:	0a05                	addi	s4,s4,1
    1dc4:	445c                	lw	a5,12(s0)
    1dc6:	4732                	lw	a4,12(sp)
    1dc8:	8f99                	sub	a5,a5,a4
    1dca:	fefa45e3          	blt	s4,a5,1db4 <_printf_i+0x282>
    1dce:	bfe9                	j	1da8 <_printf_i+0x276>
    1dd0:	4a01                	li	s4,0
    1dd2:	01940a93          	addi	s5,s0,25
    1dd6:	5b7d                	li	s6,-1
    1dd8:	b7f5                	j	1dc4 <_printf_i+0x292>

00001dda <_sbrk_r>:
_sbrk_r():
    1dda:	1141                	addi	sp,sp,-16
    1ddc:	c422                	sw	s0,8(sp)
    1dde:	842a                	mv	s0,a0
    1de0:	852e                	mv	a0,a1
    1de2:	8001aa23          	sw	zero,-2028(gp) # 20000a1c <errno>
    1de6:	c606                	sw	ra,12(sp)
    1de8:	f69fe0ef          	jal	ra,d50 <_sbrk>
    1dec:	57fd                	li	a5,-1
    1dee:	00f51763          	bne	a0,a5,1dfc <_sbrk_r+0x22>
    1df2:	81418793          	addi	a5,gp,-2028 # 20000a1c <errno>
    1df6:	439c                	lw	a5,0(a5)
    1df8:	c391                	beqz	a5,1dfc <_sbrk_r+0x22>
    1dfa:	c01c                	sw	a5,0(s0)
    1dfc:	40b2                	lw	ra,12(sp)
    1dfe:	4422                	lw	s0,8(sp)
    1e00:	0141                	addi	sp,sp,16
    1e02:	8082                	ret

00001e04 <__sread>:
__sread():
    1e04:	1141                	addi	sp,sp,-16
    1e06:	c422                	sw	s0,8(sp)
    1e08:	842e                	mv	s0,a1
    1e0a:	00e59583          	lh	a1,14(a1)
    1e0e:	c606                	sw	ra,12(sp)
    1e10:	2245                	jal	1fb0 <_read_r>
    1e12:	00054963          	bltz	a0,1e24 <__sread+0x20>
    1e16:	487c                	lw	a5,84(s0)
    1e18:	97aa                	add	a5,a5,a0
    1e1a:	c87c                	sw	a5,84(s0)
    1e1c:	40b2                	lw	ra,12(sp)
    1e1e:	4422                	lw	s0,8(sp)
    1e20:	0141                	addi	sp,sp,16
    1e22:	8082                	ret
    1e24:	00c45783          	lhu	a5,12(s0)
    1e28:	777d                	lui	a4,0xfffff
    1e2a:	177d                	addi	a4,a4,-1
    1e2c:	8ff9                	and	a5,a5,a4
    1e2e:	00f41623          	sh	a5,12(s0)
    1e32:	b7ed                	j	1e1c <__sread+0x18>

00001e34 <__swrite>:
__swrite():
    1e34:	00c5d783          	lhu	a5,12(a1)
    1e38:	1101                	addi	sp,sp,-32
    1e3a:	cc22                	sw	s0,24(sp)
    1e3c:	ca26                	sw	s1,20(sp)
    1e3e:	c84a                	sw	s2,16(sp)
    1e40:	c64e                	sw	s3,12(sp)
    1e42:	ce06                	sw	ra,28(sp)
    1e44:	1007f793          	andi	a5,a5,256
    1e48:	84aa                	mv	s1,a0
    1e4a:	842e                	mv	s0,a1
    1e4c:	8932                	mv	s2,a2
    1e4e:	89b6                	mv	s3,a3
    1e50:	c791                	beqz	a5,1e5c <__swrite+0x28>
    1e52:	00e59583          	lh	a1,14(a1)
    1e56:	4689                	li	a3,2
    1e58:	4601                	li	a2,0
    1e5a:	2231                	jal	1f66 <_lseek_r>
    1e5c:	00c45783          	lhu	a5,12(s0)
    1e60:	777d                	lui	a4,0xfffff
    1e62:	177d                	addi	a4,a4,-1
    1e64:	8ff9                	and	a5,a5,a4
    1e66:	00f41623          	sh	a5,12(s0)
    1e6a:	00e41583          	lh	a1,14(s0)
    1e6e:	4462                	lw	s0,24(sp)
    1e70:	40f2                	lw	ra,28(sp)
    1e72:	86ce                	mv	a3,s3
    1e74:	864a                	mv	a2,s2
    1e76:	49b2                	lw	s3,12(sp)
    1e78:	4942                	lw	s2,16(sp)
    1e7a:	8526                	mv	a0,s1
    1e7c:	44d2                	lw	s1,20(sp)
    1e7e:	6105                	addi	sp,sp,32
    1e80:	a83d                	j	1ebe <_write_r>

00001e82 <__sseek>:
__sseek():
    1e82:	1141                	addi	sp,sp,-16
    1e84:	c422                	sw	s0,8(sp)
    1e86:	842e                	mv	s0,a1
    1e88:	00e59583          	lh	a1,14(a1)
    1e8c:	c606                	sw	ra,12(sp)
    1e8e:	28e1                	jal	1f66 <_lseek_r>
    1e90:	57fd                	li	a5,-1
    1e92:	00c45703          	lhu	a4,12(s0)
    1e96:	00f51b63          	bne	a0,a5,1eac <__sseek+0x2a>
    1e9a:	77fd                	lui	a5,0xfffff
    1e9c:	17fd                	addi	a5,a5,-1
    1e9e:	8ff9                	and	a5,a5,a4
    1ea0:	00f41623          	sh	a5,12(s0)
    1ea4:	40b2                	lw	ra,12(sp)
    1ea6:	4422                	lw	s0,8(sp)
    1ea8:	0141                	addi	sp,sp,16
    1eaa:	8082                	ret
    1eac:	6785                	lui	a5,0x1
    1eae:	8fd9                	or	a5,a5,a4
    1eb0:	00f41623          	sh	a5,12(s0)
    1eb4:	c868                	sw	a0,84(s0)
    1eb6:	b7fd                	j	1ea4 <__sseek+0x22>

00001eb8 <__sclose>:
__sclose():
    1eb8:	00e59583          	lh	a1,14(a1)
    1ebc:	a805                	j	1eec <_close_r>

00001ebe <_write_r>:
_write_r():
    1ebe:	1141                	addi	sp,sp,-16
    1ec0:	c422                	sw	s0,8(sp)
    1ec2:	842a                	mv	s0,a0
    1ec4:	852e                	mv	a0,a1
    1ec6:	85b2                	mv	a1,a2
    1ec8:	8636                	mv	a2,a3
    1eca:	8001aa23          	sw	zero,-2028(gp) # 20000a1c <errno>
    1ece:	c606                	sw	ra,12(sp)
    1ed0:	e59fe0ef          	jal	ra,d28 <_write>
    1ed4:	57fd                	li	a5,-1
    1ed6:	00f51763          	bne	a0,a5,1ee4 <_write_r+0x26>
    1eda:	81418793          	addi	a5,gp,-2028 # 20000a1c <errno>
    1ede:	439c                	lw	a5,0(a5)
    1ee0:	c391                	beqz	a5,1ee4 <_write_r+0x26>
    1ee2:	c01c                	sw	a5,0(s0)
    1ee4:	40b2                	lw	ra,12(sp)
    1ee6:	4422                	lw	s0,8(sp)
    1ee8:	0141                	addi	sp,sp,16
    1eea:	8082                	ret

00001eec <_close_r>:
_close_r():
    1eec:	1141                	addi	sp,sp,-16
    1eee:	c422                	sw	s0,8(sp)
    1ef0:	842a                	mv	s0,a0
    1ef2:	852e                	mv	a0,a1
    1ef4:	8001aa23          	sw	zero,-2028(gp) # 20000a1c <errno>
    1ef8:	c606                	sw	ra,12(sp)
    1efa:	20cd                	jal	1fdc <_close>
    1efc:	57fd                	li	a5,-1
    1efe:	00f51763          	bne	a0,a5,1f0c <_close_r+0x20>
    1f02:	81418793          	addi	a5,gp,-2028 # 20000a1c <errno>
    1f06:	439c                	lw	a5,0(a5)
    1f08:	c391                	beqz	a5,1f0c <_close_r+0x20>
    1f0a:	c01c                	sw	a5,0(s0)
    1f0c:	40b2                	lw	ra,12(sp)
    1f0e:	4422                	lw	s0,8(sp)
    1f10:	0141                	addi	sp,sp,16
    1f12:	8082                	ret

00001f14 <_fstat_r>:
_fstat_r():
    1f14:	1141                	addi	sp,sp,-16
    1f16:	c422                	sw	s0,8(sp)
    1f18:	842a                	mv	s0,a0
    1f1a:	852e                	mv	a0,a1
    1f1c:	85b2                	mv	a1,a2
    1f1e:	8001aa23          	sw	zero,-2028(gp) # 20000a1c <errno>
    1f22:	c606                	sw	ra,12(sp)
    1f24:	20d1                	jal	1fe8 <_fstat>
    1f26:	57fd                	li	a5,-1
    1f28:	00f51763          	bne	a0,a5,1f36 <_fstat_r+0x22>
    1f2c:	81418793          	addi	a5,gp,-2028 # 20000a1c <errno>
    1f30:	439c                	lw	a5,0(a5)
    1f32:	c391                	beqz	a5,1f36 <_fstat_r+0x22>
    1f34:	c01c                	sw	a5,0(s0)
    1f36:	40b2                	lw	ra,12(sp)
    1f38:	4422                	lw	s0,8(sp)
    1f3a:	0141                	addi	sp,sp,16
    1f3c:	8082                	ret

00001f3e <_isatty_r>:
_isatty_r():
    1f3e:	1141                	addi	sp,sp,-16
    1f40:	c422                	sw	s0,8(sp)
    1f42:	842a                	mv	s0,a0
    1f44:	852e                	mv	a0,a1
    1f46:	8001aa23          	sw	zero,-2028(gp) # 20000a1c <errno>
    1f4a:	c606                	sw	ra,12(sp)
    1f4c:	2065                	jal	1ff4 <_isatty>
    1f4e:	57fd                	li	a5,-1
    1f50:	00f51763          	bne	a0,a5,1f5e <_isatty_r+0x20>
    1f54:	81418793          	addi	a5,gp,-2028 # 20000a1c <errno>
    1f58:	439c                	lw	a5,0(a5)
    1f5a:	c391                	beqz	a5,1f5e <_isatty_r+0x20>
    1f5c:	c01c                	sw	a5,0(s0)
    1f5e:	40b2                	lw	ra,12(sp)
    1f60:	4422                	lw	s0,8(sp)
    1f62:	0141                	addi	sp,sp,16
    1f64:	8082                	ret

00001f66 <_lseek_r>:
_lseek_r():
    1f66:	1141                	addi	sp,sp,-16
    1f68:	c422                	sw	s0,8(sp)
    1f6a:	842a                	mv	s0,a0
    1f6c:	852e                	mv	a0,a1
    1f6e:	85b2                	mv	a1,a2
    1f70:	8636                	mv	a2,a3
    1f72:	8001aa23          	sw	zero,-2028(gp) # 20000a1c <errno>
    1f76:	c606                	sw	ra,12(sp)
    1f78:	2061                	jal	2000 <_lseek>
    1f7a:	57fd                	li	a5,-1
    1f7c:	00f51763          	bne	a0,a5,1f8a <_lseek_r+0x24>
    1f80:	81418793          	addi	a5,gp,-2028 # 20000a1c <errno>
    1f84:	439c                	lw	a5,0(a5)
    1f86:	c391                	beqz	a5,1f8a <_lseek_r+0x24>
    1f88:	c01c                	sw	a5,0(s0)
    1f8a:	40b2                	lw	ra,12(sp)
    1f8c:	4422                	lw	s0,8(sp)
    1f8e:	0141                	addi	sp,sp,16
    1f90:	8082                	ret

00001f92 <memchr>:
memchr():
    1f92:	0ff5f593          	andi	a1,a1,255
    1f96:	962a                	add	a2,a2,a0
    1f98:	00c51463          	bne	a0,a2,1fa0 <memchr+0xe>
    1f9c:	4501                	li	a0,0
    1f9e:	8082                	ret
    1fa0:	00054783          	lbu	a5,0(a0)
    1fa4:	feb78de3          	beq	a5,a1,1f9e <memchr+0xc>
    1fa8:	0505                	addi	a0,a0,1
    1faa:	b7fd                	j	1f98 <memchr+0x6>

00001fac <__malloc_lock>:
__malloc_lock():
    1fac:	8082                	ret

00001fae <__malloc_unlock>:
__malloc_unlock():
    1fae:	8082                	ret

00001fb0 <_read_r>:
_read_r():
    1fb0:	1141                	addi	sp,sp,-16
    1fb2:	c422                	sw	s0,8(sp)
    1fb4:	842a                	mv	s0,a0
    1fb6:	852e                	mv	a0,a1
    1fb8:	85b2                	mv	a1,a2
    1fba:	8636                	mv	a2,a3
    1fbc:	8001aa23          	sw	zero,-2028(gp) # 20000a1c <errno>
    1fc0:	c606                	sw	ra,12(sp)
    1fc2:	20a9                	jal	200c <_read>
    1fc4:	57fd                	li	a5,-1
    1fc6:	00f51763          	bne	a0,a5,1fd4 <_read_r+0x24>
    1fca:	81418793          	addi	a5,gp,-2028 # 20000a1c <errno>
    1fce:	439c                	lw	a5,0(a5)
    1fd0:	c391                	beqz	a5,1fd4 <_read_r+0x24>
    1fd2:	c01c                	sw	a5,0(s0)
    1fd4:	40b2                	lw	ra,12(sp)
    1fd6:	4422                	lw	s0,8(sp)
    1fd8:	0141                	addi	sp,sp,16
    1fda:	8082                	ret

00001fdc <_close>:
_close():
    1fdc:	05800793          	li	a5,88
    1fe0:	80f1aa23          	sw	a5,-2028(gp) # 20000a1c <errno>
    1fe4:	557d                	li	a0,-1
    1fe6:	8082                	ret

00001fe8 <_fstat>:
_fstat():
    1fe8:	05800793          	li	a5,88
    1fec:	80f1aa23          	sw	a5,-2028(gp) # 20000a1c <errno>
    1ff0:	557d                	li	a0,-1
    1ff2:	8082                	ret

00001ff4 <_isatty>:
_isatty():
    1ff4:	05800793          	li	a5,88
    1ff8:	80f1aa23          	sw	a5,-2028(gp) # 20000a1c <errno>
    1ffc:	4501                	li	a0,0
    1ffe:	8082                	ret

00002000 <_lseek>:
_lseek():
    2000:	05800793          	li	a5,88
    2004:	80f1aa23          	sw	a5,-2028(gp) # 20000a1c <errno>
    2008:	557d                	li	a0,-1
    200a:	8082                	ret

0000200c <_read>:
_read():
    200c:	05800793          	li	a5,88
    2010:	80f1aa23          	sw	a5,-2028(gp) # 20000a1c <errno>
    2014:	557d                	li	a0,-1
    2016:	8082                	ret
    2018:	4441                	li	s0,16
    201a:	65542043          	0x65542043
    201e:	53207473          	csrrci	s0,0x532,0
    2022:	6174                	flw	fa3,68(a0)
    2024:	7472                	flw	fs0,60(sp)
    2026:	0000                	unimp
    2028:	2d0a                	fld	fs10,128(sp)
    202a:	2d2d                	jal	2664 <_data_lma+0x540>
    202c:	5420                	lw	s0,104(s0)
    202e:	6d65                	lui	s10,0x19
    2030:	6570                	flw	fa2,76(a0)
    2032:	6172                	flw	ft2,28(sp)
    2034:	7574                	flw	fa3,108(a0)
    2036:	6572                	flw	fa0,28(sp)
    2038:	2820                	fld	fs0,80(s0)
    203a:	6172                	flw	ft2,28(sp)
    203c:	44412077          	0x44412077
    2040:	2d202943          	0x2d202943
    2044:	2d2d                	jal	267e <_data_lma+0x55a>
    2046:	0000                	unimp
    2048:	6425                	lui	s0,0x9
    204a:	000a                	c.slli	zero,0x2
    204c:	2d0a                	fld	fs10,128(sp)
    204e:	2d2d                	jal	2688 <_data_lma+0x564>
    2050:	5020                	lw	s0,96(s0)
    2052:	696c6c6f          	jal	s8,c86e8 <_data_lma+0xc65c4>
    2056:	676e                	flw	fa4,216(sp)
    2058:	4320                	lw	s0,64(a4)
    205a:	3048                	fld	fa0,160(s0)
    205c:	2820                	fld	fs0,80(s0)
    205e:	4150                	lw	a2,4(a0)
    2060:	2934                	fld	fa3,80(a0)
    2062:	2d20                	fld	fs0,88(a0)
    2064:	2d2d                	jal	269e <_data_lma+0x57a>
    2066:	0000                	unimp
    2068:	6f44                	flw	fs1,28(a4)
    206a:	656e                	flw	fa0,216(sp)
    206c:	0000                	unimp
    206e:	0000                	unimp
    2070:	ebe8                	fsw	fa0,84(a5)
    2072:	ffff                	0xffff
    2074:	ec10                	fsw	fa2,24(s0)
    2076:	ffff                	0xffff
    2078:	ec38                	fsw	fa4,88(s0)
    207a:	ffff                	0xffff
    207c:	ec50                	fsw	fa2,28(s0)
    207e:	ffff                	0xffff
    2080:	ec6a                	fsw	fs10,24(sp)
    2082:	ffff                	0xffff

00002084 <__sf_fake_stderr>:
	...

000020a4 <__sf_fake_stdin>:
	...

000020c4 <__sf_fake_stdout>:
	...
    20e4:	2d23 2b30 0020 0000 6c68 004c 6665 4567     #-0+ ...hlL.efgE
    20f4:	4746 0000 3130 3332 3534 3736 3938 4241     FG..0123456789AB
    2104:	4443 4645 0000 0000 3130 3332 3534 3736     CDEF....01234567
    2114:	3938 6261 6463 6665 0000 0000               89abcdef....

00002120 <_global_impure_ptr>:
    2120:	09a4 2000                                   ... 
