
PM.elf:     file format elf32-littleriscv
PM.elf
architecture: riscv:rv32, flags 0x00000112:
EXEC_P, HAS_SYMS, D_PAGED
start address 0x00000000

Program Header:
    LOAD off    0x00001000 vaddr 0x00000000 paddr 0x00000000 align 2**12
         filesz 0x00000004 memsz 0x00000004 flags r-x
    LOAD off    0x00002000 vaddr 0x20000000 paddr 0x00000004 align 2**12
         filesz 0x000010d4 memsz 0x000010d4 flags r-x
    LOAD off    0x000030d8 vaddr 0x000010d8 paddr 0x000010d8 align 2**12
         filesz 0x00001374 memsz 0x00001374 flags r-x
    LOAD off    0x000050d4 vaddr 0x200010d4 paddr 0x0000244c align 2**12
         filesz 0x0000006c memsz 0x0000007c flags rw-
    LOAD off    0x00005e00 vaddr 0x20007e00 paddr 0x20007e00 align 2**12
         filesz 0x00000000 memsz 0x00000200 flags rw-

Sections:
Idx Name            Size      VMA       LMA       File off  Algn  Flags
  0 .init           00000004  00000000  00000000  00001000  2**1  CONTENTS, ALLOC, LOAD, READONLY, CODE
  1 .highcodelalign 00000000  00000004  00000004  00005140  2**0  CONTENTS
  2 .highcode       000010d4  20000000  00000004  00002000  2**1  CONTENTS, ALLOC, LOAD, READONLY, CODE
  3 .text           00001374  000010d8  000010d8  000030d8  2**2  CONTENTS, ALLOC, LOAD, READONLY, CODE
  4 .fini           00000000  0000244c  0000244c  00005140  2**0  CONTENTS, ALLOC, LOAD, CODE
  5 .dlalign        00000000  0000244c  0000244c  00005140  2**0  CONTENTS
  6 .data           0000006c  200010d4  0000244c  000050d4  2**2  CONTENTS, ALLOC, LOAD, DATA
  7 .bss            00000010  20001140  000024b8  00005140  2**2  ALLOC
  8 .stack          00000200  20007e00  20007e00  00005e00  2**0  ALLOC
  9 .debug_info     00008c87  00000000  00000000  00005140  2**0  CONTENTS, READONLY, DEBUGGING
 10 .debug_abbrev   00001491  00000000  00000000  0000ddc7  2**0  CONTENTS, READONLY, DEBUGGING
 11 .debug_loc      00002674  00000000  00000000  0000f258  2**0  CONTENTS, READONLY, DEBUGGING
 12 .debug_aranges  00000270  00000000  00000000  000118d0  2**3  CONTENTS, READONLY, DEBUGGING
 13 .debug_ranges   000002e8  00000000  00000000  00011b40  2**3  CONTENTS, READONLY, DEBUGGING
 14 .debug_line     000089b9  00000000  00000000  00011e28  2**0  CONTENTS, READONLY, DEBUGGING
 15 .debug_str      000016e0  00000000  00000000  0001a7e1  2**0  CONTENTS, READONLY, DEBUGGING
 16 .comment        00000033  00000000  00000000  0001bec1  2**0  CONTENTS, READONLY
 17 .debug_frame    00000c58  00000000  00000000  0001bef4  2**2  CONTENTS, READONLY, DEBUGGING
 18 .stab           00000084  00000000  00000000  0001cb4c  2**2  CONTENTS, READONLY, DEBUGGING
 19 .stabstr        00000117  00000000  00000000  0001cbd0  2**0  CONTENTS, READONLY, DEBUGGING
SYMBOL TABLE:
00000000 l    d  .init	00000000 .init
00000004 l    d  .highcodelalign	00000000 .highcodelalign
20000000 l    d  .highcode	00000000 .highcode
000010d8 l    d  .text	00000000 .text
0000244c l    d  .fini	00000000 .fini
0000244c l    d  .dlalign	00000000 .dlalign
200010d4 l    d  .data	00000000 .data
20001140 l    d  .bss	00000000 .bss
20007e00 l    d  .stack	00000000 .stack
00000000 l    d  .debug_info	00000000 .debug_info
00000000 l    d  .debug_abbrev	00000000 .debug_abbrev
00000000 l    d  .debug_loc	00000000 .debug_loc
00000000 l    d  .debug_aranges	00000000 .debug_aranges
00000000 l    d  .debug_ranges	00000000 .debug_ranges
00000000 l    d  .debug_line	00000000 .debug_line
00000000 l    d  .debug_str	00000000 .debug_str
00000000 l    d  .comment	00000000 .comment
00000000 l    d  .debug_frame	00000000 .debug_frame
00000000 l    d  .stab	00000000 .stab
00000000 l    d  .stabstr	00000000 .stabstr
00000000 l    df *ABS*	00000000 ./Startup/startup_CH583.o
20000000 l       .highcode	00000000 _vector_base
00000000 l    df *ABS*	00000000 Main.c
00000000 l    df *ABS*	00000000 CH58x_pwr.c
00000000 l    df *ABS*	00000000 CH58x_sys.c
20001138 l     O .data	00000004 curbrk.4069
00000000 l    df *ABS*	00000000 ISP583.c
20000cbe l       .highcode	00000000 .loop18
20000ccc l       .highcode	00000000 .loop29
20000cda l       .highcode	00000000 .loop40
20000f66 l       .highcode	00000000 .loop402
00000000 l    df *ABS*	00000000 CH58x_clk.c
00000000 l    df *ABS*	00000000 CH58x_gpio.c
00000000 l    df *ABS*	00000000 CH58x_uart1.c
00000000 l    df *ABS*	00000000 puts.c
00000000 l    df *ABS*	00000000 wbuf.c
00000000 l    df *ABS*	00000000 wsetup.c
00000000 l    df *ABS*	00000000 fflush.c
00000000 l    df *ABS*	00000000 findfp.c
00001c7a l     F .text	0000006a std
00000000 l    df *ABS*	00000000 fwalk.c
00000000 l    df *ABS*	00000000 makebuf.c
00000000 l    df *ABS*	00000000 nano-mallocr.c
00000000 l    df *ABS*	00000000 nano-mallocr.c
00000000 l    df *ABS*	00000000 sbrkr.c
00000000 l    df *ABS*	00000000 stdio.c
00000000 l    df *ABS*	00000000 writer.c
00000000 l    df *ABS*	00000000 closer.c
00000000 l    df *ABS*	00000000 fstatr.c
00000000 l    df *ABS*	00000000 isattyr.c
00000000 l    df *ABS*	00000000 lseekr.c
00000000 l    df *ABS*	00000000 mlock.c
00000000 l    df *ABS*	00000000 readr.c
00000000 l    df *ABS*	00000000 close.c
00000000 l    df *ABS*	00000000 fstat.c
00000000 l    df *ABS*	00000000 isatty.c
00000000 l    df *ABS*	00000000 lseek.c
00000000 l    df *ABS*	00000000 read.c
00000000 l    df *ABS*	00000000 impure.c
200010d4 l     O .data	00000060 impure_data
00000000 l    df *ABS*	00000000 reent.c
00002274 g     F .text	00000028 _isatty_r
00001822 g     F .text	000000da _puts_r
0000229c g     F .text	0000002c _lseek_r
20000cda g     F .highcode	0000000e FLASH_ROM_OUT
20001938 g       .data	00000000 __global_pointer$
000021b8 g     F .text	00000036 __sseek
00001d34 g     F .text	0000006a __sinit
0000190a g     F .text	000000c0 __swbuf_r
20000c76 g     F .highcode	0000000e mDelayuS
20000bb8  w    F .highcode	000000be HardFault_Handler
00001cee g     F .text	00000046 __sfmoreglue
20000092 g     F .highcode	0000000e GPIOB_IRQHandler
000022ca g     F .text	00000002 __malloc_unlock
20000090  w      .highcode	00000000 GPIOA_IRQHandler
20000090  w      .highcode	00000000 SysTick_Handler
20000090  w      .highcode	00000000 NMI_Handler
20000090  w      .highcode	00000000 UART1_IRQHandler
200002ca g     F .highcode	00000294 LowPower_Sleep
0000224a g     F .text	0000002a _fstat_r
2000114c g     O .bss	00000004 errno
20001140 g       .bss	00000000 _sbss
00000200 g       *ABS*	00000000 __stack_size
20000ccc g     F .highcode	0000000e FLASH_ROM_IN
20000090  w      .highcode	00000000 UART0_IRQHandler
00001ce4 g     F .text	0000000a _cleanup_r
000018fc g     F .text	0000000e puts
00002304 g     F .text	0000000c _fstat
00000004 g       .init	00000000 _einit
20000090  w      .highcode	00000000 BB_IRQHandler
20000d68 g     F .highcode	0000036a FLASH_EEPROM_CMD
20000090  w      .highcode	00000000 Break_Point_Handler
00001476 g     F .text	000000a6 GPIOB_ModeCfg
00002110 g     F .text	0000002a _sbrk_r
20000090  w      .highcode	00000000 TMR0_IRQHandler
000022cc g     F .text	0000002c _read_r
20000cac g     F .highcode	00000012 FLASH_ROM_BEG
0000151c g     F .text	0000008a GPIOB_ITModeCfg
20000c84 g     F .highcode	00000028 mDelaymS
20000090  w      .highcode	00000000 Ecall_M_Mode_Handler
20007e00 g       .stack	00000000 _heap_end
00002310 g     F .text	0000000c _isatty
00002448 g     O .text	00000004 _global_impure_ptr
20000ce8 g     F .highcode	00000048 FLASH_ROM_ADDR
00001790 g     F .text	00000030 _sbrk
20000090  w      .highcode	00000000 RTC_IRQHandler
20001150 g       .bss	00000000 _ebss
000017f0 g     F .text	00000032 UART1_DefInit
20000d30 g     F .highcode	00000038 FLASH_ROM_WAIT
000023e8 g     O .text	00000020 __sf_fake_stderr
20000090  w      .highcode	00000000 UART2_IRQHandler
20000090  w      .highcode	00000000 PWMX_IRQHandler
00001f9e g     F .text	000000a4 _free_r
00000000 g       .init	00000000 _start
0000231c g     F .text	0000000c _lseek
20000090  w      .highcode	00000000 ADC_IRQHandler
20000000 g       .highcode	00000000 _highcode_vma_start
200000e0 g     F .highcode	000001ea LowPower_Halt
20000090  w      .highcode	00000000 TMR2_IRQHandler
000015a6 g     F .text	00000180 PWR_PeriphWakeUpCfg
00002222 g     F .text	00000028 _close_r
20001140 g     O .bss	00000004 IRQ_STA
200010d4 g       .data	00000000 _data_vma
200007c0 g     F .highcode	00000386 SetSysClock
20000090  w      .highcode	00000000 USB_IRQHandler
000019ca g     F .text	00000110 __swsetup_r
00001d9e g     F .text	000000a0 __sfp
0000213a g     F .text	00000030 __sread
000022c8 g     F .text	00000002 __malloc_lock
00001c16 g     F .text	00000064 _fflush_r
00002408 g     O .text	00000020 __sf_fake_stdin
20000090  w      .highcode	00000000 I2C_IRQHandler
000011ae g     F .text	000000a8 memset
00001256 g     F .text	00000106 main
000021ee g     F .text	00000006 __sclose
00002042 g     F .text	000000ce _malloc_r
20000090  w      .highcode	00000000 USB2_IRQHandler
00000004 g       .highcodelalign	00000000 _highcode_lma
0000135c g     F .text	00000074 HSECFG_Current
20000090  w      .highcode	00000000 LLE_IRQHandler
00000000 g       .init	00000000 _sinit
000021f4 g     F .text	0000002e _write_r
2000113c g     O .data	00000004 _impure_ptr
00001ada g     F .text	0000013c __sflush_r
20000090  w      .highcode	00000000 WDOG_BAT_IRQHandler
20000090  w      .highcode	00000000 Ecall_U_Mode_Handler
20000090  w      .highcode	00000000 TMR3_IRQHandler
20008000 g       .stack	00000000 _eusrstack
20000090  w      .highcode	00000000 SW_Handler
000013d0 g     F .text	000000a6 GPIOA_ModeCfg
00001eaa g     F .text	00000058 __swhatbuf_r
00001726 g     F .text	00000042 GetSysClock
00001768 g     F .text	00000028 _write
20001140 g       .data	00000000 _edata
20000090  w      .highcode	00000000 SPI0_IRQHandler
20001150 g       .bss	00000000 _end
200010d4 g       .highcode	00000000 _highcode_vma_end
0000244c g       .dlalign	00000000 _data_lma
0000216a g     F .text	0000004e __swrite
00001e3e g     F .text	0000006c _fwalk_reent
00002428 g     O .text	00000020 __sf_fake_stdout
00002328 g     F .text	0000000c _read
000010d8  w      .text	00000000 handle_reset
2000055e g     F .highcode	00000262 LowPower_Shutdown
00001f02 g     F .text	0000009c __smakebuf_r
20000090  w      .highcode	00000000 UART3_IRQHandler
20001148 g     O .bss	00000004 __malloc_sbrk_start
20000cbe g     F .highcode	0000000e FLASH_ROM_END
20001144 g     O .bss	00000004 __malloc_free_list
200000a0 g     F .highcode	00000040 LowPower_Idle
20000090  w      .highcode	00000000 TMR1_IRQHandler
20000b46 g     F .highcode	00000072 SYS_ResetExecute
000022f8 g     F .text	0000000c _close
000017c0 g     F .text	00000030 UART1_BaudRateCfg



Disassembly of section .init:

00000000 <_sinit>:
_start():
e:/DuRuofu/Project/fr-ble-light/software/ch582/SRC/Startup/startup_CH583.S:17

	.section	.init,"ax",@progbits
	.global	_start
	.align	1
_start:
	j	handle_reset
   0:	0d80106f          	j	10d8 <handle_reset>

Disassembly of section .highcode:

20000000 <_highcode_vma_start>:
	...
_vector_base():
20000008:	0090                	addi	a2,sp,64
2000000a:	2000                	fld	fs0,0(s0)
2000000c:	0bb8                	addi	a4,sp,472
2000000e:	2000                	fld	fs0,0(s0)
20000010:	bda9                	j	1ffffe6a <_data_lma+0x1fffda1e>
20000012:	f3f9                	bnez	a5,1fffffd8 <_data_lma+0x1fffdb8c>
20000014:	0090                	addi	a2,sp,64
20000016:	2000                	fld	fs0,0(s0)
	...
20000020:	0090                	addi	a2,sp,64
20000022:	2000                	fld	fs0,0(s0)
20000024:	0090                	addi	a2,sp,64
20000026:	2000                	fld	fs0,0(s0)
	...
20000030:	0090                	addi	a2,sp,64
20000032:	2000                	fld	fs0,0(s0)
20000034:	0000                	unimp
20000036:	0000                	unimp
20000038:	0090                	addi	a2,sp,64
2000003a:	2000                	fld	fs0,0(s0)
2000003c:	0000                	unimp
2000003e:	0000                	unimp
20000040:	0090                	addi	a2,sp,64
20000042:	2000                	fld	fs0,0(s0)
20000044:	0090                	addi	a2,sp,64
20000046:	2000                	fld	fs0,0(s0)
20000048:	0092                	slli	ra,ra,0x4
2000004a:	2000                	fld	fs0,0(s0)
2000004c:	0090                	addi	a2,sp,64
2000004e:	2000                	fld	fs0,0(s0)
20000050:	0090                	addi	a2,sp,64
20000052:	2000                	fld	fs0,0(s0)
20000054:	0090                	addi	a2,sp,64
20000056:	2000                	fld	fs0,0(s0)
20000058:	0090                	addi	a2,sp,64
2000005a:	2000                	fld	fs0,0(s0)
2000005c:	0090                	addi	a2,sp,64
2000005e:	2000                	fld	fs0,0(s0)
20000060:	0090                	addi	a2,sp,64
20000062:	2000                	fld	fs0,0(s0)
20000064:	0090                	addi	a2,sp,64
20000066:	2000                	fld	fs0,0(s0)
20000068:	0090                	addi	a2,sp,64
2000006a:	2000                	fld	fs0,0(s0)
2000006c:	0090                	addi	a2,sp,64
2000006e:	2000                	fld	fs0,0(s0)
20000070:	0090                	addi	a2,sp,64
20000072:	2000                	fld	fs0,0(s0)
20000074:	0090                	addi	a2,sp,64
20000076:	2000                	fld	fs0,0(s0)
20000078:	0090                	addi	a2,sp,64
2000007a:	2000                	fld	fs0,0(s0)
2000007c:	0090                	addi	a2,sp,64
2000007e:	2000                	fld	fs0,0(s0)
20000080:	0090                	addi	a2,sp,64
20000082:	2000                	fld	fs0,0(s0)
20000084:	0090                	addi	a2,sp,64
20000086:	2000                	fld	fs0,0(s0)
20000088:	0090                	addi	a2,sp,64
2000008a:	2000                	fld	fs0,0(s0)
2000008c:	0090                	addi	a2,sp,64
2000008e:	2000                	fld	fs0,0(s0)

20000090 <ADC_IRQHandler>:
GPIOA_IRQHandler():
e:/DuRuofu/Project/fr-ble-light/software/ch582/SRC/Startup/startup_CH583.S:121
TMR3_IRQHandler:
UART2_IRQHandler:
UART3_IRQHandler:
WDOG_BAT_IRQHandler: 
1:  
	j 1b
20000090:	a001                	j	20000090 <ADC_IRQHandler>

20000092 <GPIOB_IRQHandler>:
GPIOB_IRQHandler():
e:\DuRuofu\Project\fr-ble-light\software\ch582\07-sleep\obj/../src/Main.c:62

__INTERRUPT
__HIGH_CODE
void GPIOB_IRQHandler(void)
{
    GPIOB_ClearITFlagBit(GPIO_Pin_4);
20000092:	400017b7          	lui	a5,0x40001
20000096:	4741                	li	a4,16
20000098:	08e79f23          	sh	a4,158(a5) # 4000109e <_eusrstack+0x1fff909e>
e:\DuRuofu\Project\fr-ble-light\software\ch582\07-sleep\obj/../src/Main.c:63
}
2000009c:	30200073          	mret

200000a0 <LowPower_Idle>:
LowPower_Idle():
e:/DuRuofu/Project/fr-ble-light/software/ch582/SRC/StdPeriphDriver/CH58x_pwr.c:225
 *
 * @return  none
 */
__HIGH_CODE
void LowPower_Idle(void)
{
200000a0:	1141                	addi	sp,sp,-16
e:/DuRuofu/Project/fr-ble-light/software/ch582/SRC/StdPeriphDriver/CH58x_pwr.c:226
    FLASH_ROM_SW_RESET();
200000a2:	4681                	li	a3,0
200000a4:	4601                	li	a2,0
200000a6:	4581                	li	a1,0
200000a8:	4511                	li	a0,4
e:/DuRuofu/Project/fr-ble-light/software/ch582/SRC/StdPeriphDriver/CH58x_pwr.c:225
{
200000aa:	c606                	sw	ra,12(sp)
e:/DuRuofu/Project/fr-ble-light/software/ch582/SRC/StdPeriphDriver/CH58x_pwr.c:226
    FLASH_ROM_SW_RESET();
200000ac:	4bd000ef          	jal	ra,20000d68 <FLASH_EEPROM_CMD>
e:/DuRuofu/Project/fr-ble-light/software/ch582/SRC/StdPeriphDriver/CH58x_pwr.c:227
    R8_FLASH_CTRL = 0x04; //flash关闭
200000b0:	400027b7          	lui	a5,0x40002
200000b4:	4711                	li	a4,4
200000b6:	80e78323          	sb	a4,-2042(a5) # 40001806 <_eusrstack+0x1fff9806>
e:/DuRuofu/Project/fr-ble-light/software/ch582/SRC/StdPeriphDriver/CH58x_pwr.c:229

    PFIC->SCTLR &= ~(1 << 2); // sleep
200000ba:	e000f7b7          	lui	a5,0xe000f
200000be:	d107a703          	lw	a4,-752(a5) # e000ed10 <_eusrstack+0xc0006d10>
200000c2:	9b6d                	andi	a4,a4,-5
200000c4:	d0e7a823          	sw	a4,-752(a5)
__WFI():
e:/DuRuofu/Project/fr-ble-light/software/ch582/SRC/RVMSIS/core_riscv.h:324
 *
 * @brief   Wait for Interrupt
 */
__attribute__((always_inline)) RV_STATIC_INLINE void __WFI(void)
{
    PFIC->SCTLR &= ~(1 << 3); // wfi
200000c8:	d107a703          	lw	a4,-752(a5)
200000cc:	9b5d                	andi	a4,a4,-9
200000ce:	d0e7a823          	sw	a4,-752(a5)
e:/DuRuofu/Project/fr-ble-light/software/ch582/SRC/RVMSIS/core_riscv.h:325
    __asm__ volatile("wfi");
200000d2:	10500073          	wfi
LowPower_Idle():
e:/DuRuofu/Project/fr-ble-light/software/ch582/SRC/StdPeriphDriver/CH58x_pwr.c:231
    __WFI();
    __nop();
200000d6:	0001                	nop
e:/DuRuofu/Project/fr-ble-light/software/ch582/SRC/StdPeriphDriver/CH58x_pwr.c:232
    __nop();
200000d8:	0001                	nop
e:/DuRuofu/Project/fr-ble-light/software/ch582/SRC/StdPeriphDriver/CH58x_pwr.c:233
}
200000da:	40b2                	lw	ra,12(sp)
200000dc:	0141                	addi	sp,sp,16
200000de:	8082                	ret

200000e0 <LowPower_Halt>:
LowPower_Halt():
e:/DuRuofu/Project/fr-ble-light/software/ch582/SRC/StdPeriphDriver/CH58x_pwr.c:246
 *
 * @return  none
 */
__HIGH_CODE
void LowPower_Halt(void)
{
200000e0:	1141                	addi	sp,sp,-16
e:/DuRuofu/Project/fr-ble-light/software/ch582/SRC/StdPeriphDriver/CH58x_pwr.c:249
    uint8_t x32Kpw, x32Mpw;

    FLASH_ROM_SW_RESET();
200000e2:	4681                	li	a3,0
200000e4:	4601                	li	a2,0
200000e6:	4581                	li	a1,0
200000e8:	4511                	li	a0,4
e:/DuRuofu/Project/fr-ble-light/software/ch582/SRC/StdPeriphDriver/CH58x_pwr.c:246
{
200000ea:	c606                	sw	ra,12(sp)
e:/DuRuofu/Project/fr-ble-light/software/ch582/SRC/StdPeriphDriver/CH58x_pwr.c:249
    FLASH_ROM_SW_RESET();
200000ec:	47d000ef          	jal	ra,20000d68 <FLASH_EEPROM_CMD>
e:/DuRuofu/Project/fr-ble-light/software/ch582/SRC/StdPeriphDriver/CH58x_pwr.c:250
    R8_FLASH_CTRL = 0x04; //flash关闭
200000f0:	400027b7          	lui	a5,0x40002
200000f4:	4711                	li	a4,4
200000f6:	80e78323          	sb	a4,-2042(a5) # 40001806 <_eusrstack+0x1fff9806>
e:/DuRuofu/Project/fr-ble-light/software/ch582/SRC/StdPeriphDriver/CH58x_pwr.c:251
    x32Kpw = R8_XT32K_TUNE;
200000fa:	400017b7          	lui	a5,0x40001
200000fe:	02e7c703          	lbu	a4,46(a5) # 4000102e <_eusrstack+0x1fff902e>
e:/DuRuofu/Project/fr-ble-light/software/ch582/SRC/StdPeriphDriver/CH58x_pwr.c:252
    x32Mpw = R8_XT32M_TUNE;
20000102:	04e7c603          	lbu	a2,78(a5)
e:/DuRuofu/Project/fr-ble-light/software/ch582/SRC/StdPeriphDriver/CH58x_pwr.c:254
    x32Mpw = (x32Mpw & 0xfc) | 0x03; // 150%额定电流
    if(R16_RTC_CNT_32K > 0x3fff)
20000106:	0387d783          	lhu	a5,56(a5)
2000010a:	6691                	lui	a3,0x4
e:/DuRuofu/Project/fr-ble-light/software/ch582/SRC/StdPeriphDriver/CH58x_pwr.c:251
    x32Kpw = R8_XT32K_TUNE;
2000010c:	0ff77713          	andi	a4,a4,255
e:/DuRuofu/Project/fr-ble-light/software/ch582/SRC/StdPeriphDriver/CH58x_pwr.c:253
    x32Mpw = (x32Mpw & 0xfc) | 0x03; // 150%额定电流
20000110:	00366613          	ori	a2,a2,3
e:/DuRuofu/Project/fr-ble-light/software/ch582/SRC/StdPeriphDriver/CH58x_pwr.c:254
    if(R16_RTC_CNT_32K > 0x3fff)
20000114:	00d7e563          	bltu	a5,a3,2000011e <LowPower_Halt+0x3e>
e:/DuRuofu/Project/fr-ble-light/software/ch582/SRC/StdPeriphDriver/CH58x_pwr.c:256
    {                                    // 超过500ms
        x32Kpw = (x32Kpw & 0xfc) | 0x01; // LSE驱动电流降低到额定电流
20000118:	9b71                	andi	a4,a4,-4
2000011a:	00176713          	ori	a4,a4,1
sys_safe_access_enable():
e:/DuRuofu/Project/fr-ble-light/software/ch582/SRC/StdPeriphDriver/inc/CH58x_sys.h:182
 * within the valid period. The safe mode will be automatically 
 * terminated after the above validity period is exceeded.
 */
 __attribute__((always_inline)) static inline void sys_safe_access_enable(void)
{
   if(read_csr(0x800)&0x08)
2000011e:	800026f3          	csrr	a3,0x800
20000122:	8aa1                	andi	a3,a3,8
20000124:	00001797          	auipc	a5,0x1
20000128:	01c78793          	addi	a5,a5,28 # 20001140 <_edata>
2000012c:	ca99                	beqz	a3,20000142 <LowPower_Halt+0x62>
e:/DuRuofu/Project/fr-ble-light/software/ch582/SRC/StdPeriphDriver/inc/CH58x_sys.h:184
   {
       IRQ_STA = read_csr(0x800);
2000012e:	800026f3          	csrr	a3,0x800
20000132:	00001597          	auipc	a1,0x1
20000136:	00d5a723          	sw	a3,14(a1) # 20001140 <_edata>
e:/DuRuofu/Project/fr-ble-light/software/ch582/SRC/StdPeriphDriver/inc/CH58x_sys.h:185
       write_csr(0x800, (IRQ_STA&(~0x08)));
2000013a:	4394                	lw	a3,0(a5)
2000013c:	9add                	andi	a3,a3,-9
2000013e:	80069073          	csrw	0x800,a3
e:/DuRuofu/Project/fr-ble-light/software/ch582/SRC/StdPeriphDriver/inc/CH58x_sys.h:187
   }
   SAFEOPERATE;
20000142:	0000100f          	fence.i
e:/DuRuofu/Project/fr-ble-light/software/ch582/SRC/StdPeriphDriver/inc/CH58x_sys.h:188
   R8_SAFE_ACCESS_SIG = SAFE_ACCESS_SIG1;
20000146:	400016b7          	lui	a3,0x40001
2000014a:	05700593          	li	a1,87
2000014e:	04b68023          	sb	a1,64(a3) # 40001040 <_eusrstack+0x1fff9040>
e:/DuRuofu/Project/fr-ble-light/software/ch582/SRC/StdPeriphDriver/inc/CH58x_sys.h:189
   R8_SAFE_ACCESS_SIG = SAFE_ACCESS_SIG2;
20000152:	fa800593          	li	a1,-88
20000156:	04b68023          	sb	a1,64(a3)
e:/DuRuofu/Project/fr-ble-light/software/ch582/SRC/StdPeriphDriver/inc/CH58x_sys.h:190
   SAFEOPERATE;
2000015a:	0000100f          	fence.i
LowPower_Halt():
e:/DuRuofu/Project/fr-ble-light/software/ch582/SRC/StdPeriphDriver/CH58x_pwr.c:260
    }

    sys_safe_access_enable();
    R8_BAT_DET_CTRL = 0; // 关闭电压监控
2000015e:	02068223          	sb	zero,36(a3)
sys_safe_access_disable():
e:/DuRuofu/Project/fr-ble-light/software/ch582/SRC/StdPeriphDriver/inc/CH58x_sys.h:195
}

__attribute__((always_inline)) static inline void sys_safe_access_disable(void)
{
   R8_SAFE_ACCESS_SIG = 0;
20000162:	04068023          	sb	zero,64(a3)
e:/DuRuofu/Project/fr-ble-light/software/ch582/SRC/StdPeriphDriver/inc/CH58x_sys.h:196
   write_csr(0x800, read_csr(0x800)|(IRQ_STA&0x08));
20000166:	800025f3          	csrr	a1,0x800
2000016a:	4394                	lw	a3,0(a5)
2000016c:	8aa1                	andi	a3,a3,8
2000016e:	8ecd                	or	a3,a3,a1
20000170:	80069073          	csrw	0x800,a3
e:/DuRuofu/Project/fr-ble-light/software/ch582/SRC/StdPeriphDriver/inc/CH58x_sys.h:197
   IRQ_STA = 0;
20000174:	00001697          	auipc	a3,0x1
20000178:	fc06a623          	sw	zero,-52(a3) # 20001140 <_edata>
e:/DuRuofu/Project/fr-ble-light/software/ch582/SRC/StdPeriphDriver/inc/CH58x_sys.h:198
   SAFEOPERATE;
2000017c:	0000100f          	fence.i
sys_safe_access_enable():
e:/DuRuofu/Project/fr-ble-light/software/ch582/SRC/StdPeriphDriver/inc/CH58x_sys.h:182
   if(read_csr(0x800)&0x08)
20000180:	800026f3          	csrr	a3,0x800
20000184:	8aa1                	andi	a3,a3,8
20000186:	ca99                	beqz	a3,2000019c <LowPower_Halt+0xbc>
e:/DuRuofu/Project/fr-ble-light/software/ch582/SRC/StdPeriphDriver/inc/CH58x_sys.h:184
       IRQ_STA = read_csr(0x800);
20000188:	800026f3          	csrr	a3,0x800
2000018c:	00001597          	auipc	a1,0x1
20000190:	fad5aa23          	sw	a3,-76(a1) # 20001140 <_edata>
e:/DuRuofu/Project/fr-ble-light/software/ch582/SRC/StdPeriphDriver/inc/CH58x_sys.h:185
       write_csr(0x800, (IRQ_STA&(~0x08)));
20000194:	4394                	lw	a3,0(a5)
20000196:	9add                	andi	a3,a3,-9
20000198:	80069073          	csrw	0x800,a3
e:/DuRuofu/Project/fr-ble-light/software/ch582/SRC/StdPeriphDriver/inc/CH58x_sys.h:187
   SAFEOPERATE;
2000019c:	0000100f          	fence.i
e:/DuRuofu/Project/fr-ble-light/software/ch582/SRC/StdPeriphDriver/inc/CH58x_sys.h:188
   R8_SAFE_ACCESS_SIG = SAFE_ACCESS_SIG1;
200001a0:	400016b7          	lui	a3,0x40001
200001a4:	05700593          	li	a1,87
200001a8:	04b68023          	sb	a1,64(a3) # 40001040 <_eusrstack+0x1fff9040>
e:/DuRuofu/Project/fr-ble-light/software/ch582/SRC/StdPeriphDriver/inc/CH58x_sys.h:189
   R8_SAFE_ACCESS_SIG = SAFE_ACCESS_SIG2;
200001ac:	fa800593          	li	a1,-88
200001b0:	04b68023          	sb	a1,64(a3)
e:/DuRuofu/Project/fr-ble-light/software/ch582/SRC/StdPeriphDriver/inc/CH58x_sys.h:190
   SAFEOPERATE;
200001b4:	0000100f          	fence.i
LowPower_Halt():
e:/DuRuofu/Project/fr-ble-light/software/ch582/SRC/StdPeriphDriver/CH58x_pwr.c:263
    sys_safe_access_disable();
    sys_safe_access_enable();
    R8_XT32K_TUNE = x32Kpw;
200001b8:	02e68723          	sb	a4,46(a3)
e:/DuRuofu/Project/fr-ble-light/software/ch582/SRC/StdPeriphDriver/CH58x_pwr.c:264
    R8_XT32M_TUNE = x32Mpw;
200001bc:	04c68723          	sb	a2,78(a3)
sys_safe_access_disable():
e:/DuRuofu/Project/fr-ble-light/software/ch582/SRC/StdPeriphDriver/inc/CH58x_sys.h:195
   R8_SAFE_ACCESS_SIG = 0;
200001c0:	04068023          	sb	zero,64(a3)
e:/DuRuofu/Project/fr-ble-light/software/ch582/SRC/StdPeriphDriver/inc/CH58x_sys.h:196
   write_csr(0x800, read_csr(0x800)|(IRQ_STA&0x08));
200001c4:	800026f3          	csrr	a3,0x800
200001c8:	4398                	lw	a4,0(a5)
200001ca:	8b21                	andi	a4,a4,8
200001cc:	8f55                	or	a4,a4,a3
200001ce:	80071073          	csrw	0x800,a4
e:/DuRuofu/Project/fr-ble-light/software/ch582/SRC/StdPeriphDriver/inc/CH58x_sys.h:197
   IRQ_STA = 0;
200001d2:	00001717          	auipc	a4,0x1
200001d6:	f6072723          	sw	zero,-146(a4) # 20001140 <_edata>
e:/DuRuofu/Project/fr-ble-light/software/ch582/SRC/StdPeriphDriver/inc/CH58x_sys.h:198
   SAFEOPERATE;
200001da:	0000100f          	fence.i
sys_safe_access_enable():
e:/DuRuofu/Project/fr-ble-light/software/ch582/SRC/StdPeriphDriver/inc/CH58x_sys.h:182
   if(read_csr(0x800)&0x08)
200001de:	80002773          	csrr	a4,0x800
200001e2:	8b21                	andi	a4,a4,8
200001e4:	cb19                	beqz	a4,200001fa <LowPower_Halt+0x11a>
e:/DuRuofu/Project/fr-ble-light/software/ch582/SRC/StdPeriphDriver/inc/CH58x_sys.h:184
       IRQ_STA = read_csr(0x800);
200001e6:	80002773          	csrr	a4,0x800
200001ea:	00001697          	auipc	a3,0x1
200001ee:	f4e6ab23          	sw	a4,-170(a3) # 20001140 <_edata>
e:/DuRuofu/Project/fr-ble-light/software/ch582/SRC/StdPeriphDriver/inc/CH58x_sys.h:185
       write_csr(0x800, (IRQ_STA&(~0x08)));
200001f2:	4398                	lw	a4,0(a5)
200001f4:	9b5d                	andi	a4,a4,-9
200001f6:	80071073          	csrw	0x800,a4
e:/DuRuofu/Project/fr-ble-light/software/ch582/SRC/StdPeriphDriver/inc/CH58x_sys.h:187
   SAFEOPERATE;
200001fa:	0000100f          	fence.i
e:/DuRuofu/Project/fr-ble-light/software/ch582/SRC/StdPeriphDriver/inc/CH58x_sys.h:188
   R8_SAFE_ACCESS_SIG = SAFE_ACCESS_SIG1;
200001fe:	40001737          	lui	a4,0x40001
20000202:	05700693          	li	a3,87
20000206:	04d70023          	sb	a3,64(a4) # 40001040 <_eusrstack+0x1fff9040>
e:/DuRuofu/Project/fr-ble-light/software/ch582/SRC/StdPeriphDriver/inc/CH58x_sys.h:189
   R8_SAFE_ACCESS_SIG = SAFE_ACCESS_SIG2;
2000020a:	fa800693          	li	a3,-88
2000020e:	04d70023          	sb	a3,64(a4)
e:/DuRuofu/Project/fr-ble-light/software/ch582/SRC/StdPeriphDriver/inc/CH58x_sys.h:190
   SAFEOPERATE;
20000212:	0000100f          	fence.i
LowPower_Halt():
e:/DuRuofu/Project/fr-ble-light/software/ch582/SRC/StdPeriphDriver/CH58x_pwr.c:267
    sys_safe_access_disable();
    sys_safe_access_enable();
    R8_PLL_CONFIG |= (1 << 5);
20000216:	04b74683          	lbu	a3,75(a4)
2000021a:	0206e693          	ori	a3,a3,32
2000021e:	04d705a3          	sb	a3,75(a4)
sys_safe_access_disable():
e:/DuRuofu/Project/fr-ble-light/software/ch582/SRC/StdPeriphDriver/inc/CH58x_sys.h:195
   R8_SAFE_ACCESS_SIG = 0;
20000222:	04070023          	sb	zero,64(a4)
e:/DuRuofu/Project/fr-ble-light/software/ch582/SRC/StdPeriphDriver/inc/CH58x_sys.h:196
   write_csr(0x800, read_csr(0x800)|(IRQ_STA&0x08));
20000226:	800026f3          	csrr	a3,0x800
2000022a:	4398                	lw	a4,0(a5)
2000022c:	8b21                	andi	a4,a4,8
2000022e:	8f55                	or	a4,a4,a3
20000230:	80071073          	csrw	0x800,a4
e:/DuRuofu/Project/fr-ble-light/software/ch582/SRC/StdPeriphDriver/inc/CH58x_sys.h:197
   IRQ_STA = 0;
20000234:	00001717          	auipc	a4,0x1
20000238:	f0072623          	sw	zero,-244(a4) # 20001140 <_edata>
e:/DuRuofu/Project/fr-ble-light/software/ch582/SRC/StdPeriphDriver/inc/CH58x_sys.h:198
   SAFEOPERATE;
2000023c:	0000100f          	fence.i
LowPower_Halt():
e:/DuRuofu/Project/fr-ble-light/software/ch582/SRC/StdPeriphDriver/CH58x_pwr.c:270
    sys_safe_access_disable();

    PFIC->SCTLR |= (1 << 2); //deep sleep
20000240:	e000f737          	lui	a4,0xe000f
20000244:	d1072683          	lw	a3,-752(a4) # e000ed10 <_eusrstack+0xc0006d10>
20000248:	0046e693          	ori	a3,a3,4
2000024c:	d0d72823          	sw	a3,-752(a4)
__WFI():
e:/DuRuofu/Project/fr-ble-light/software/ch582/SRC/RVMSIS/core_riscv.h:324
    PFIC->SCTLR &= ~(1 << 3); // wfi
20000250:	d1072683          	lw	a3,-752(a4)
20000254:	9add                	andi	a3,a3,-9
20000256:	d0d72823          	sw	a3,-752(a4)
e:/DuRuofu/Project/fr-ble-light/software/ch582/SRC/RVMSIS/core_riscv.h:325
    __asm__ volatile("wfi");
2000025a:	10500073          	wfi
LowPower_Halt():
e:/DuRuofu/Project/fr-ble-light/software/ch582/SRC/StdPeriphDriver/CH58x_pwr.c:272
    __WFI();
    __nop();
2000025e:	0001                	nop
e:/DuRuofu/Project/fr-ble-light/software/ch582/SRC/StdPeriphDriver/CH58x_pwr.c:273
    __nop();
20000260:	0001                	nop
sys_safe_access_enable():
e:/DuRuofu/Project/fr-ble-light/software/ch582/SRC/StdPeriphDriver/inc/CH58x_sys.h:182
   if(read_csr(0x800)&0x08)
20000262:	80002773          	csrr	a4,0x800
20000266:	8b21                	andi	a4,a4,8
20000268:	cb19                	beqz	a4,2000027e <LowPower_Halt+0x19e>
e:/DuRuofu/Project/fr-ble-light/software/ch582/SRC/StdPeriphDriver/inc/CH58x_sys.h:184
       IRQ_STA = read_csr(0x800);
2000026a:	80002773          	csrr	a4,0x800
2000026e:	00001697          	auipc	a3,0x1
20000272:	ece6a923          	sw	a4,-302(a3) # 20001140 <_edata>
e:/DuRuofu/Project/fr-ble-light/software/ch582/SRC/StdPeriphDriver/inc/CH58x_sys.h:185
       write_csr(0x800, (IRQ_STA&(~0x08)));
20000276:	4398                	lw	a4,0(a5)
20000278:	9b5d                	andi	a4,a4,-9
2000027a:	80071073          	csrw	0x800,a4
e:/DuRuofu/Project/fr-ble-light/software/ch582/SRC/StdPeriphDriver/inc/CH58x_sys.h:187
   SAFEOPERATE;
2000027e:	0000100f          	fence.i
e:/DuRuofu/Project/fr-ble-light/software/ch582/SRC/StdPeriphDriver/inc/CH58x_sys.h:188
   R8_SAFE_ACCESS_SIG = SAFE_ACCESS_SIG1;
20000282:	40001737          	lui	a4,0x40001
20000286:	05700693          	li	a3,87
2000028a:	04d70023          	sb	a3,64(a4) # 40001040 <_eusrstack+0x1fff9040>
e:/DuRuofu/Project/fr-ble-light/software/ch582/SRC/StdPeriphDriver/inc/CH58x_sys.h:189
   R8_SAFE_ACCESS_SIG = SAFE_ACCESS_SIG2;
2000028e:	fa800693          	li	a3,-88
20000292:	04d70023          	sb	a3,64(a4)
e:/DuRuofu/Project/fr-ble-light/software/ch582/SRC/StdPeriphDriver/inc/CH58x_sys.h:190
   SAFEOPERATE;
20000296:	0000100f          	fence.i
LowPower_Halt():
e:/DuRuofu/Project/fr-ble-light/software/ch582/SRC/StdPeriphDriver/CH58x_pwr.c:275
    sys_safe_access_enable();
    R8_PLL_CONFIG &= ~(1 << 5);
2000029a:	04b74683          	lbu	a3,75(a4)
2000029e:	0df6f693          	andi	a3,a3,223
200002a2:	04d705a3          	sb	a3,75(a4)
sys_safe_access_disable():
e:/DuRuofu/Project/fr-ble-light/software/ch582/SRC/StdPeriphDriver/inc/CH58x_sys.h:195
   R8_SAFE_ACCESS_SIG = 0;
200002a6:	04070023          	sb	zero,64(a4)
e:/DuRuofu/Project/fr-ble-light/software/ch582/SRC/StdPeriphDriver/inc/CH58x_sys.h:196
   write_csr(0x800, read_csr(0x800)|(IRQ_STA&0x08));
200002aa:	80002773          	csrr	a4,0x800
200002ae:	439c                	lw	a5,0(a5)
200002b0:	8ba1                	andi	a5,a5,8
200002b2:	8fd9                	or	a5,a5,a4
200002b4:	80079073          	csrw	0x800,a5
e:/DuRuofu/Project/fr-ble-light/software/ch582/SRC/StdPeriphDriver/inc/CH58x_sys.h:197
   IRQ_STA = 0;
200002b8:	00001797          	auipc	a5,0x1
200002bc:	e807a423          	sw	zero,-376(a5) # 20001140 <_edata>
e:/DuRuofu/Project/fr-ble-light/software/ch582/SRC/StdPeriphDriver/inc/CH58x_sys.h:198
   SAFEOPERATE;
200002c0:	0000100f          	fence.i
LowPower_Halt():
e:/DuRuofu/Project/fr-ble-light/software/ch582/SRC/StdPeriphDriver/CH58x_pwr.c:277
    sys_safe_access_disable();
}
200002c4:	40b2                	lw	ra,12(sp)
200002c6:	0141                	addi	sp,sp,16
200002c8:	8082                	ret

200002ca <LowPower_Sleep>:
LowPower_Sleep():
e:/DuRuofu/Project/fr-ble-light/software/ch582/SRC/StdPeriphDriver/CH58x_pwr.c:293
                   NULL	-	以上单元都断电
* Return         : None
*******************************************************************************/
__HIGH_CODE
void LowPower_Sleep(uint8_t rm)
{
200002ca:	1101                	addi	sp,sp,-32
e:/DuRuofu/Project/fr-ble-light/software/ch582/SRC/StdPeriphDriver/CH58x_pwr.c:298
    __attribute__((aligned(4))) uint8_t MacAddr[6] = {0};
    uint8_t x32Mpw;
    uint16_t power_plan;

    GetMACAddress(MacAddr);
200002cc:	0007f5b7          	lui	a1,0x7f
e:/DuRuofu/Project/fr-ble-light/software/ch582/SRC/StdPeriphDriver/CH58x_pwr.c:293
{
200002d0:	ca26                	sw	s1,20(sp)
e:/DuRuofu/Project/fr-ble-light/software/ch582/SRC/StdPeriphDriver/CH58x_pwr.c:298
    GetMACAddress(MacAddr);
200002d2:	4681                	li	a3,0
e:/DuRuofu/Project/fr-ble-light/software/ch582/SRC/StdPeriphDriver/CH58x_pwr.c:293
{
200002d4:	84aa                	mv	s1,a0
e:/DuRuofu/Project/fr-ble-light/software/ch582/SRC/StdPeriphDriver/CH58x_pwr.c:298
    GetMACAddress(MacAddr);
200002d6:	860a                	mv	a2,sp
200002d8:	05e1                	addi	a1,a1,24
200002da:	4519                	li	a0,6
e:/DuRuofu/Project/fr-ble-light/software/ch582/SRC/StdPeriphDriver/CH58x_pwr.c:293
{
200002dc:	ce06                	sw	ra,28(sp)
200002de:	cc22                	sw	s0,24(sp)
200002e0:	c84a                	sw	s2,16(sp)
e:/DuRuofu/Project/fr-ble-light/software/ch582/SRC/StdPeriphDriver/CH58x_pwr.c:294
    __attribute__((aligned(4))) uint8_t MacAddr[6] = {0};
200002e2:	c002                	sw	zero,0(sp)
200002e4:	00011223          	sh	zero,4(sp)
e:/DuRuofu/Project/fr-ble-light/software/ch582/SRC/StdPeriphDriver/CH58x_pwr.c:298
    GetMACAddress(MacAddr);
200002e8:	281000ef          	jal	ra,20000d68 <FLASH_EEPROM_CMD>
e:/DuRuofu/Project/fr-ble-light/software/ch582/SRC/StdPeriphDriver/CH58x_pwr.c:300

    x32Mpw = R8_XT32M_TUNE;
200002ec:	400017b7          	lui	a5,0x40001
200002f0:	04e7c703          	lbu	a4,78(a5) # 4000104e <_eusrstack+0x1fff904e>
e:/DuRuofu/Project/fr-ble-light/software/ch582/SRC/StdPeriphDriver/CH58x_pwr.c:301
    x32Mpw = (x32Mpw & 0xfc) | 0x03; // 150%额定电流
200002f4:	00376713          	ori	a4,a4,3
sys_safe_access_enable():
e:/DuRuofu/Project/fr-ble-light/software/ch582/SRC/StdPeriphDriver/inc/CH58x_sys.h:182
   if(read_csr(0x800)&0x08)
200002f8:	800027f3          	csrr	a5,0x800
200002fc:	8ba1                	andi	a5,a5,8
200002fe:	00001417          	auipc	s0,0x1
20000302:	e4240413          	addi	s0,s0,-446 # 20001140 <_edata>
20000306:	cb99                	beqz	a5,2000031c <LowPower_Sleep+0x52>
e:/DuRuofu/Project/fr-ble-light/software/ch582/SRC/StdPeriphDriver/inc/CH58x_sys.h:184
       IRQ_STA = read_csr(0x800);
20000308:	800027f3          	csrr	a5,0x800
2000030c:	00001697          	auipc	a3,0x1
20000310:	e2f6aa23          	sw	a5,-460(a3) # 20001140 <_edata>
e:/DuRuofu/Project/fr-ble-light/software/ch582/SRC/StdPeriphDriver/inc/CH58x_sys.h:185
       write_csr(0x800, (IRQ_STA&(~0x08)));
20000314:	401c                	lw	a5,0(s0)
20000316:	9bdd                	andi	a5,a5,-9
20000318:	80079073          	csrw	0x800,a5
e:/DuRuofu/Project/fr-ble-light/software/ch582/SRC/StdPeriphDriver/inc/CH58x_sys.h:187
   SAFEOPERATE;
2000031c:	0000100f          	fence.i
e:/DuRuofu/Project/fr-ble-light/software/ch582/SRC/StdPeriphDriver/inc/CH58x_sys.h:188
   R8_SAFE_ACCESS_SIG = SAFE_ACCESS_SIG1;
20000320:	400017b7          	lui	a5,0x40001
20000324:	05700693          	li	a3,87
20000328:	04d78023          	sb	a3,64(a5) # 40001040 <_eusrstack+0x1fff9040>
e:/DuRuofu/Project/fr-ble-light/software/ch582/SRC/StdPeriphDriver/inc/CH58x_sys.h:189
   R8_SAFE_ACCESS_SIG = SAFE_ACCESS_SIG2;
2000032c:	fa800693          	li	a3,-88
20000330:	04d78023          	sb	a3,64(a5)
e:/DuRuofu/Project/fr-ble-light/software/ch582/SRC/StdPeriphDriver/inc/CH58x_sys.h:190
   SAFEOPERATE;
20000334:	0000100f          	fence.i
LowPower_Sleep():
e:/DuRuofu/Project/fr-ble-light/software/ch582/SRC/StdPeriphDriver/CH58x_pwr.c:304

    sys_safe_access_enable();
    R8_BAT_DET_CTRL = 0; // 关闭电压监控
20000338:	02078223          	sb	zero,36(a5)
sys_safe_access_disable():
e:/DuRuofu/Project/fr-ble-light/software/ch582/SRC/StdPeriphDriver/inc/CH58x_sys.h:195
   R8_SAFE_ACCESS_SIG = 0;
2000033c:	04078023          	sb	zero,64(a5)
e:/DuRuofu/Project/fr-ble-light/software/ch582/SRC/StdPeriphDriver/inc/CH58x_sys.h:196
   write_csr(0x800, read_csr(0x800)|(IRQ_STA&0x08));
20000340:	800026f3          	csrr	a3,0x800
20000344:	401c                	lw	a5,0(s0)
20000346:	8ba1                	andi	a5,a5,8
20000348:	8fd5                	or	a5,a5,a3
2000034a:	80079073          	csrw	0x800,a5
e:/DuRuofu/Project/fr-ble-light/software/ch582/SRC/StdPeriphDriver/inc/CH58x_sys.h:197
   IRQ_STA = 0;
2000034e:	00001797          	auipc	a5,0x1
20000352:	de07a923          	sw	zero,-526(a5) # 20001140 <_edata>
e:/DuRuofu/Project/fr-ble-light/software/ch582/SRC/StdPeriphDriver/inc/CH58x_sys.h:198
   SAFEOPERATE;
20000356:	0000100f          	fence.i
sys_safe_access_enable():
e:/DuRuofu/Project/fr-ble-light/software/ch582/SRC/StdPeriphDriver/inc/CH58x_sys.h:182
   if(read_csr(0x800)&0x08)
2000035a:	800027f3          	csrr	a5,0x800
2000035e:	8ba1                	andi	a5,a5,8
20000360:	cb99                	beqz	a5,20000376 <LowPower_Sleep+0xac>
e:/DuRuofu/Project/fr-ble-light/software/ch582/SRC/StdPeriphDriver/inc/CH58x_sys.h:184
       IRQ_STA = read_csr(0x800);
20000362:	800027f3          	csrr	a5,0x800
20000366:	00001697          	auipc	a3,0x1
2000036a:	dcf6ad23          	sw	a5,-550(a3) # 20001140 <_edata>
e:/DuRuofu/Project/fr-ble-light/software/ch582/SRC/StdPeriphDriver/inc/CH58x_sys.h:185
       write_csr(0x800, (IRQ_STA&(~0x08)));
2000036e:	401c                	lw	a5,0(s0)
20000370:	9bdd                	andi	a5,a5,-9
20000372:	80079073          	csrw	0x800,a5
e:/DuRuofu/Project/fr-ble-light/software/ch582/SRC/StdPeriphDriver/inc/CH58x_sys.h:187
   SAFEOPERATE;
20000376:	0000100f          	fence.i
e:/DuRuofu/Project/fr-ble-light/software/ch582/SRC/StdPeriphDriver/inc/CH58x_sys.h:188
   R8_SAFE_ACCESS_SIG = SAFE_ACCESS_SIG1;
2000037a:	400017b7          	lui	a5,0x40001
2000037e:	05700693          	li	a3,87
20000382:	04d78023          	sb	a3,64(a5) # 40001040 <_eusrstack+0x1fff9040>
e:/DuRuofu/Project/fr-ble-light/software/ch582/SRC/StdPeriphDriver/inc/CH58x_sys.h:189
   R8_SAFE_ACCESS_SIG = SAFE_ACCESS_SIG2;
20000386:	fa800693          	li	a3,-88
2000038a:	04d78023          	sb	a3,64(a5)
e:/DuRuofu/Project/fr-ble-light/software/ch582/SRC/StdPeriphDriver/inc/CH58x_sys.h:190
   SAFEOPERATE;
2000038e:	0000100f          	fence.i
LowPower_Sleep():
e:/DuRuofu/Project/fr-ble-light/software/ch582/SRC/StdPeriphDriver/CH58x_pwr.c:307
    sys_safe_access_disable();
    sys_safe_access_enable();
    R8_XT32M_TUNE = x32Mpw;
20000392:	04e78723          	sb	a4,78(a5)
sys_safe_access_disable():
e:/DuRuofu/Project/fr-ble-light/software/ch582/SRC/StdPeriphDriver/inc/CH58x_sys.h:195
   R8_SAFE_ACCESS_SIG = 0;
20000396:	04078023          	sb	zero,64(a5)
e:/DuRuofu/Project/fr-ble-light/software/ch582/SRC/StdPeriphDriver/inc/CH58x_sys.h:196
   write_csr(0x800, read_csr(0x800)|(IRQ_STA&0x08));
2000039a:	800026f3          	csrr	a3,0x800
2000039e:	4018                	lw	a4,0(s0)
200003a0:	8b21                	andi	a4,a4,8
200003a2:	8f55                	or	a4,a4,a3
200003a4:	80071073          	csrw	0x800,a4
e:/DuRuofu/Project/fr-ble-light/software/ch582/SRC/StdPeriphDriver/inc/CH58x_sys.h:197
   IRQ_STA = 0;
200003a8:	00001717          	auipc	a4,0x1
200003ac:	d8072c23          	sw	zero,-616(a4) # 20001140 <_edata>
e:/DuRuofu/Project/fr-ble-light/software/ch582/SRC/StdPeriphDriver/inc/CH58x_sys.h:198
   SAFEOPERATE;
200003b0:	0000100f          	fence.i
LowPower_Sleep():
e:/DuRuofu/Project/fr-ble-light/software/ch582/SRC/StdPeriphDriver/CH58x_pwr.c:310
    sys_safe_access_disable();

    PFIC->SCTLR |= (1 << 2); //deep sleep
200003b4:	e000f6b7          	lui	a3,0xe000f
200003b8:	d106a703          	lw	a4,-752(a3) # e000ed10 <_eusrstack+0xc0006d10>
200003bc:	00476713          	ori	a4,a4,4
200003c0:	d0e6a823          	sw	a4,-752(a3)
e:/DuRuofu/Project/fr-ble-light/software/ch582/SRC/StdPeriphDriver/CH58x_pwr.c:312

    power_plan = R16_POWER_PLAN & (RB_PWR_DCDC_EN | RB_PWR_DCDC_PRE);
200003c4:	0207d503          	lhu	a0,32(a5)
e:/DuRuofu/Project/fr-ble-light/software/ch582/SRC/StdPeriphDriver/CH58x_pwr.c:313
    power_plan |= RB_PWR_PLAN_EN | RB_PWR_MUST_0010 | RB_PWR_CORE | rm;
200003c8:	77e5                	lui	a5,0xffff9
200003ca:	0791                	addi	a5,a5,4
e:/DuRuofu/Project/fr-ble-light/software/ch582/SRC/StdPeriphDriver/CH58x_pwr.c:312
    power_plan = R16_POWER_PLAN & (RB_PWR_DCDC_EN | RB_PWR_DCDC_PRE);
200003cc:	60057513          	andi	a0,a0,1536
e:/DuRuofu/Project/fr-ble-light/software/ch582/SRC/StdPeriphDriver/CH58x_pwr.c:313
    power_plan |= RB_PWR_PLAN_EN | RB_PWR_MUST_0010 | RB_PWR_CORE | rm;
200003d0:	8d45                	or	a0,a0,s1
200003d2:	8d5d                	or	a0,a0,a5
200003d4:	0542                	slli	a0,a0,0x10
200003d6:	8141                	srli	a0,a0,0x10
e:/DuRuofu/Project/fr-ble-light/software/ch582/SRC/StdPeriphDriver/CH58x_pwr.c:314
    __nop();
200003d8:	0001                	nop
sys_safe_access_enable():
e:/DuRuofu/Project/fr-ble-light/software/ch582/SRC/StdPeriphDriver/inc/CH58x_sys.h:182
   if(read_csr(0x800)&0x08)
200003da:	800027f3          	csrr	a5,0x800
200003de:	8ba1                	andi	a5,a5,8
200003e0:	cb99                	beqz	a5,200003f6 <LowPower_Sleep+0x12c>
e:/DuRuofu/Project/fr-ble-light/software/ch582/SRC/StdPeriphDriver/inc/CH58x_sys.h:184
       IRQ_STA = read_csr(0x800);
200003e2:	800027f3          	csrr	a5,0x800
200003e6:	00001717          	auipc	a4,0x1
200003ea:	d4f72d23          	sw	a5,-678(a4) # 20001140 <_edata>
e:/DuRuofu/Project/fr-ble-light/software/ch582/SRC/StdPeriphDriver/inc/CH58x_sys.h:185
       write_csr(0x800, (IRQ_STA&(~0x08)));
200003ee:	401c                	lw	a5,0(s0)
200003f0:	9bdd                	andi	a5,a5,-9
200003f2:	80079073          	csrw	0x800,a5
e:/DuRuofu/Project/fr-ble-light/software/ch582/SRC/StdPeriphDriver/inc/CH58x_sys.h:187
   SAFEOPERATE;
200003f6:	0000100f          	fence.i
e:/DuRuofu/Project/fr-ble-light/software/ch582/SRC/StdPeriphDriver/inc/CH58x_sys.h:188
   R8_SAFE_ACCESS_SIG = SAFE_ACCESS_SIG1;
200003fa:	400017b7          	lui	a5,0x40001
200003fe:	05700713          	li	a4,87
20000402:	04e78023          	sb	a4,64(a5) # 40001040 <_eusrstack+0x1fff9040>
e:/DuRuofu/Project/fr-ble-light/software/ch582/SRC/StdPeriphDriver/inc/CH58x_sys.h:189
   R8_SAFE_ACCESS_SIG = SAFE_ACCESS_SIG2;
20000406:	fa800713          	li	a4,-88
2000040a:	04e78023          	sb	a4,64(a5)
e:/DuRuofu/Project/fr-ble-light/software/ch582/SRC/StdPeriphDriver/inc/CH58x_sys.h:190
   SAFEOPERATE;
2000040e:	0000100f          	fence.i
LowPower_Sleep():
e:/DuRuofu/Project/fr-ble-light/software/ch582/SRC/StdPeriphDriver/CH58x_pwr.c:316
    sys_safe_access_enable();
    R8_SLP_POWER_CTRL |= RB_RAM_RET_LV;
20000412:	00f7c703          	lbu	a4,15(a5)
20000416:	04076713          	ori	a4,a4,64
2000041a:	00e787a3          	sb	a4,15(a5)
e:/DuRuofu/Project/fr-ble-light/software/ch582/SRC/StdPeriphDriver/CH58x_pwr.c:317
    R8_PLL_CONFIG |= (1 << 5);
2000041e:	04b7c703          	lbu	a4,75(a5)
20000422:	02076713          	ori	a4,a4,32
20000426:	04e785a3          	sb	a4,75(a5)
e:/DuRuofu/Project/fr-ble-light/software/ch582/SRC/StdPeriphDriver/CH58x_pwr.c:318
    R16_POWER_PLAN = power_plan;
2000042a:	02a79023          	sh	a0,32(a5)
sys_safe_access_disable():
e:/DuRuofu/Project/fr-ble-light/software/ch582/SRC/StdPeriphDriver/inc/CH58x_sys.h:195
   R8_SAFE_ACCESS_SIG = 0;
2000042e:	04078023          	sb	zero,64(a5)
e:/DuRuofu/Project/fr-ble-light/software/ch582/SRC/StdPeriphDriver/inc/CH58x_sys.h:196
   write_csr(0x800, read_csr(0x800)|(IRQ_STA&0x08));
20000432:	80002773          	csrr	a4,0x800
20000436:	401c                	lw	a5,0(s0)
20000438:	8ba1                	andi	a5,a5,8
2000043a:	8fd9                	or	a5,a5,a4
2000043c:	80079073          	csrw	0x800,a5
e:/DuRuofu/Project/fr-ble-light/software/ch582/SRC/StdPeriphDriver/inc/CH58x_sys.h:197
   IRQ_STA = 0;
20000440:	00001797          	auipc	a5,0x1
20000444:	d007a023          	sw	zero,-768(a5) # 20001140 <_edata>
e:/DuRuofu/Project/fr-ble-light/software/ch582/SRC/StdPeriphDriver/inc/CH58x_sys.h:198
   SAFEOPERATE;
20000448:	0000100f          	fence.i
LowPower_Sleep():
e:/DuRuofu/Project/fr-ble-light/software/ch582/SRC/StdPeriphDriver/CH58x_pwr.c:329
        DelayUs(300);

        {
            __attribute__((aligned(4))) uint8_t mac[6] = {0};

            GetMACAddress(mac);
2000044c:	0007f4b7          	lui	s1,0x7f
__WFI():
e:/DuRuofu/Project/fr-ble-light/software/ch582/SRC/RVMSIS/core_riscv.h:324
    PFIC->SCTLR &= ~(1 << 3); // wfi
20000450:	e000f937          	lui	s2,0xe000f
LowPower_Sleep():
e:/DuRuofu/Project/fr-ble-light/software/ch582/SRC/StdPeriphDriver/CH58x_pwr.c:329
20000454:	04e1                	addi	s1,s1,24
__WFI():
e:/DuRuofu/Project/fr-ble-light/software/ch582/SRC/RVMSIS/core_riscv.h:324
20000456:	d1092783          	lw	a5,-752(s2) # e000ed10 <_eusrstack+0xc0006d10>
2000045a:	9bdd                	andi	a5,a5,-9
2000045c:	d0f92823          	sw	a5,-752(s2)
e:/DuRuofu/Project/fr-ble-light/software/ch582/SRC/RVMSIS/core_riscv.h:325
    __asm__ volatile("wfi");
20000460:	10500073          	wfi
LowPower_Sleep():
e:/DuRuofu/Project/fr-ble-light/software/ch582/SRC/StdPeriphDriver/CH58x_pwr.c:322
        __nop();
20000464:	0001                	nop
e:/DuRuofu/Project/fr-ble-light/software/ch582/SRC/StdPeriphDriver/CH58x_pwr.c:323
        __nop();
20000466:	0001                	nop
e:/DuRuofu/Project/fr-ble-light/software/ch582/SRC/StdPeriphDriver/CH58x_pwr.c:324
        DelayUs(300);
20000468:	12c00513          	li	a0,300
2000046c:	00b000ef          	jal	ra,20000c76 <mDelayuS>
e:/DuRuofu/Project/fr-ble-light/software/ch582/SRC/StdPeriphDriver/CH58x_pwr.c:329
            GetMACAddress(mac);
20000470:	4681                	li	a3,0
20000472:	0030                	addi	a2,sp,8
20000474:	85a6                	mv	a1,s1
20000476:	4519                	li	a0,6
e:/DuRuofu/Project/fr-ble-light/software/ch582/SRC/StdPeriphDriver/CH58x_pwr.c:327
            __attribute__((aligned(4))) uint8_t mac[6] = {0};
20000478:	c402                	sw	zero,8(sp)
2000047a:	00011623          	sh	zero,12(sp)
e:/DuRuofu/Project/fr-ble-light/software/ch582/SRC/StdPeriphDriver/CH58x_pwr.c:329
            GetMACAddress(mac);
2000047e:	0eb000ef          	jal	ra,20000d68 <FLASH_EEPROM_CMD>
e:/DuRuofu/Project/fr-ble-light/software/ch582/SRC/StdPeriphDriver/CH58x_pwr.c:331

            if(*((uint32_t *)mac) == *((uint32_t *)MacAddr))
20000482:	4722                	lw	a4,8(sp)
20000484:	4782                	lw	a5,0(sp)
20000486:	fcf718e3          	bne	a4,a5,20000456 <LowPower_Sleep+0x18c>
sys_safe_access_enable():
e:/DuRuofu/Project/fr-ble-light/software/ch582/SRC/StdPeriphDriver/inc/CH58x_sys.h:182
   if(read_csr(0x800)&0x08)
2000048a:	800027f3          	csrr	a5,0x800
2000048e:	8ba1                	andi	a5,a5,8
20000490:	cb99                	beqz	a5,200004a6 <LowPower_Sleep+0x1dc>
e:/DuRuofu/Project/fr-ble-light/software/ch582/SRC/StdPeriphDriver/inc/CH58x_sys.h:184
       IRQ_STA = read_csr(0x800);
20000492:	800027f3          	csrr	a5,0x800
20000496:	00001717          	auipc	a4,0x1
2000049a:	caf72523          	sw	a5,-854(a4) # 20001140 <_edata>
e:/DuRuofu/Project/fr-ble-light/software/ch582/SRC/StdPeriphDriver/inc/CH58x_sys.h:185
       write_csr(0x800, (IRQ_STA&(~0x08)));
2000049e:	401c                	lw	a5,0(s0)
200004a0:	9bdd                	andi	a5,a5,-9
200004a2:	80079073          	csrw	0x800,a5
e:/DuRuofu/Project/fr-ble-light/software/ch582/SRC/StdPeriphDriver/inc/CH58x_sys.h:187
   SAFEOPERATE;
200004a6:	0000100f          	fence.i
e:/DuRuofu/Project/fr-ble-light/software/ch582/SRC/StdPeriphDriver/inc/CH58x_sys.h:188
   R8_SAFE_ACCESS_SIG = SAFE_ACCESS_SIG1;
200004aa:	400017b7          	lui	a5,0x40001
200004ae:	05700713          	li	a4,87
200004b2:	04e78023          	sb	a4,64(a5) # 40001040 <_eusrstack+0x1fff9040>
e:/DuRuofu/Project/fr-ble-light/software/ch582/SRC/StdPeriphDriver/inc/CH58x_sys.h:189
   R8_SAFE_ACCESS_SIG = SAFE_ACCESS_SIG2;
200004b6:	fa800713          	li	a4,-88
200004ba:	04e78023          	sb	a4,64(a5)
e:/DuRuofu/Project/fr-ble-light/software/ch582/SRC/StdPeriphDriver/inc/CH58x_sys.h:190
   SAFEOPERATE;
200004be:	0000100f          	fence.i
LowPower_Sleep():
e:/DuRuofu/Project/fr-ble-light/software/ch582/SRC/StdPeriphDriver/CH58x_pwr.c:337
                break;
        }
    }while(1);

    sys_safe_access_enable();
    R16_POWER_PLAN &= ~RB_PWR_PLAN_EN;
200004c2:	0207d703          	lhu	a4,32(a5)
200004c6:	0746                	slli	a4,a4,0x11
200004c8:	8345                	srli	a4,a4,0x11
200004ca:	02e79023          	sh	a4,32(a5)
sys_safe_access_disable():
e:/DuRuofu/Project/fr-ble-light/software/ch582/SRC/StdPeriphDriver/inc/CH58x_sys.h:195
   R8_SAFE_ACCESS_SIG = 0;
200004ce:	04078023          	sb	zero,64(a5)
e:/DuRuofu/Project/fr-ble-light/software/ch582/SRC/StdPeriphDriver/inc/CH58x_sys.h:196
   write_csr(0x800, read_csr(0x800)|(IRQ_STA&0x08));
200004d2:	80002773          	csrr	a4,0x800
200004d6:	401c                	lw	a5,0(s0)
200004d8:	8ba1                	andi	a5,a5,8
200004da:	8fd9                	or	a5,a5,a4
200004dc:	80079073          	csrw	0x800,a5
e:/DuRuofu/Project/fr-ble-light/software/ch582/SRC/StdPeriphDriver/inc/CH58x_sys.h:197
   IRQ_STA = 0;
200004e0:	00001797          	auipc	a5,0x1
200004e4:	c607a023          	sw	zero,-928(a5) # 20001140 <_edata>
e:/DuRuofu/Project/fr-ble-light/software/ch582/SRC/StdPeriphDriver/inc/CH58x_sys.h:198
   SAFEOPERATE;
200004e8:	0000100f          	fence.i
sys_safe_access_enable():
e:/DuRuofu/Project/fr-ble-light/software/ch582/SRC/StdPeriphDriver/inc/CH58x_sys.h:182
   if(read_csr(0x800)&0x08)
200004ec:	800027f3          	csrr	a5,0x800
200004f0:	8ba1                	andi	a5,a5,8
200004f2:	cb99                	beqz	a5,20000508 <LowPower_Sleep+0x23e>
e:/DuRuofu/Project/fr-ble-light/software/ch582/SRC/StdPeriphDriver/inc/CH58x_sys.h:184
       IRQ_STA = read_csr(0x800);
200004f4:	800027f3          	csrr	a5,0x800
200004f8:	00001717          	auipc	a4,0x1
200004fc:	c4f72423          	sw	a5,-952(a4) # 20001140 <_edata>
e:/DuRuofu/Project/fr-ble-light/software/ch582/SRC/StdPeriphDriver/inc/CH58x_sys.h:185
       write_csr(0x800, (IRQ_STA&(~0x08)));
20000500:	401c                	lw	a5,0(s0)
20000502:	9bdd                	andi	a5,a5,-9
20000504:	80079073          	csrw	0x800,a5
e:/DuRuofu/Project/fr-ble-light/software/ch582/SRC/StdPeriphDriver/inc/CH58x_sys.h:187
   SAFEOPERATE;
20000508:	0000100f          	fence.i
e:/DuRuofu/Project/fr-ble-light/software/ch582/SRC/StdPeriphDriver/inc/CH58x_sys.h:188
   R8_SAFE_ACCESS_SIG = SAFE_ACCESS_SIG1;
2000050c:	400017b7          	lui	a5,0x40001
20000510:	05700713          	li	a4,87
20000514:	04e78023          	sb	a4,64(a5) # 40001040 <_eusrstack+0x1fff9040>
e:/DuRuofu/Project/fr-ble-light/software/ch582/SRC/StdPeriphDriver/inc/CH58x_sys.h:189
   R8_SAFE_ACCESS_SIG = SAFE_ACCESS_SIG2;
20000518:	fa800713          	li	a4,-88
2000051c:	04e78023          	sb	a4,64(a5)
e:/DuRuofu/Project/fr-ble-light/software/ch582/SRC/StdPeriphDriver/inc/CH58x_sys.h:190
   SAFEOPERATE;
20000520:	0000100f          	fence.i
LowPower_Sleep():
e:/DuRuofu/Project/fr-ble-light/software/ch582/SRC/StdPeriphDriver/CH58x_pwr.c:341
    sys_safe_access_disable();

    sys_safe_access_enable();
    R8_PLL_CONFIG &= ~(1 << 5);
20000524:	04b7c703          	lbu	a4,75(a5)
20000528:	0df77713          	andi	a4,a4,223
2000052c:	04e785a3          	sb	a4,75(a5)
sys_safe_access_disable():
e:/DuRuofu/Project/fr-ble-light/software/ch582/SRC/StdPeriphDriver/inc/CH58x_sys.h:195
   R8_SAFE_ACCESS_SIG = 0;
20000530:	04078023          	sb	zero,64(a5)
e:/DuRuofu/Project/fr-ble-light/software/ch582/SRC/StdPeriphDriver/inc/CH58x_sys.h:196
   write_csr(0x800, read_csr(0x800)|(IRQ_STA&0x08));
20000534:	80002773          	csrr	a4,0x800
20000538:	401c                	lw	a5,0(s0)
2000053a:	8ba1                	andi	a5,a5,8
2000053c:	8fd9                	or	a5,a5,a4
2000053e:	80079073          	csrw	0x800,a5
e:/DuRuofu/Project/fr-ble-light/software/ch582/SRC/StdPeriphDriver/inc/CH58x_sys.h:197
   IRQ_STA = 0;
20000542:	00001797          	auipc	a5,0x1
20000546:	be07af23          	sw	zero,-1026(a5) # 20001140 <_edata>
e:/DuRuofu/Project/fr-ble-light/software/ch582/SRC/StdPeriphDriver/inc/CH58x_sys.h:198
   SAFEOPERATE;
2000054a:	0000100f          	fence.i
LowPower_Sleep():
e:/DuRuofu/Project/fr-ble-light/software/ch582/SRC/StdPeriphDriver/CH58x_pwr.c:343
    sys_safe_access_disable();
    DelayUs(20);
2000054e:	4551                	li	a0,20
20000550:	271d                	jal	20000c76 <mDelayuS>
e:/DuRuofu/Project/fr-ble-light/software/ch582/SRC/StdPeriphDriver/CH58x_pwr.c:344
}
20000552:	40f2                	lw	ra,28(sp)
20000554:	4462                	lw	s0,24(sp)
20000556:	44d2                	lw	s1,20(sp)
20000558:	4942                	lw	s2,16(sp)
2000055a:	6105                	addi	sp,sp,32
2000055c:	8082                	ret

2000055e <LowPower_Shutdown>:
LowPower_Shutdown():
e:/DuRuofu/Project/fr-ble-light/software/ch582/SRC/StdPeriphDriver/CH58x_pwr.c:361
 *
 * @return  none
 */
__HIGH_CODE
void LowPower_Shutdown(uint8_t rm)
{
2000055e:	1141                	addi	sp,sp,-16
20000560:	c226                	sw	s1,4(sp)
e:/DuRuofu/Project/fr-ble-light/software/ch582/SRC/StdPeriphDriver/CH58x_pwr.c:364
    uint8_t x32Kpw, x32Mpw;

    FLASH_ROM_SW_RESET();
20000562:	4681                	li	a3,0
20000564:	4601                	li	a2,0
e:/DuRuofu/Project/fr-ble-light/software/ch582/SRC/StdPeriphDriver/CH58x_pwr.c:361
{
20000566:	84aa                	mv	s1,a0
e:/DuRuofu/Project/fr-ble-light/software/ch582/SRC/StdPeriphDriver/CH58x_pwr.c:364
    FLASH_ROM_SW_RESET();
20000568:	4581                	li	a1,0
2000056a:	4511                	li	a0,4
e:/DuRuofu/Project/fr-ble-light/software/ch582/SRC/StdPeriphDriver/CH58x_pwr.c:361
{
2000056c:	c606                	sw	ra,12(sp)
2000056e:	c422                	sw	s0,8(sp)
e:/DuRuofu/Project/fr-ble-light/software/ch582/SRC/StdPeriphDriver/CH58x_pwr.c:364
    FLASH_ROM_SW_RESET();
20000570:	7f8000ef          	jal	ra,20000d68 <FLASH_EEPROM_CMD>
e:/DuRuofu/Project/fr-ble-light/software/ch582/SRC/StdPeriphDriver/CH58x_pwr.c:365
    x32Kpw = R8_XT32K_TUNE;
20000574:	40001737          	lui	a4,0x40001
20000578:	02e74783          	lbu	a5,46(a4) # 4000102e <_eusrstack+0x1fff902e>
e:/DuRuofu/Project/fr-ble-light/software/ch582/SRC/StdPeriphDriver/CH58x_pwr.c:366
    x32Mpw = R8_XT32M_TUNE;
2000057c:	04e74683          	lbu	a3,78(a4)
e:/DuRuofu/Project/fr-ble-light/software/ch582/SRC/StdPeriphDriver/CH58x_pwr.c:368
    x32Mpw = (x32Mpw & 0xfc) | 0x03; // 150%额定电流
    if(R16_RTC_CNT_32K > 0x3fff)
20000580:	03875703          	lhu	a4,56(a4)
20000584:	6611                	lui	a2,0x4
e:/DuRuofu/Project/fr-ble-light/software/ch582/SRC/StdPeriphDriver/CH58x_pwr.c:365
    x32Kpw = R8_XT32K_TUNE;
20000586:	0ff7f793          	andi	a5,a5,255
e:/DuRuofu/Project/fr-ble-light/software/ch582/SRC/StdPeriphDriver/CH58x_pwr.c:367
    x32Mpw = (x32Mpw & 0xfc) | 0x03; // 150%额定电流
2000058a:	0036e693          	ori	a3,a3,3
e:/DuRuofu/Project/fr-ble-light/software/ch582/SRC/StdPeriphDriver/CH58x_pwr.c:368
    if(R16_RTC_CNT_32K > 0x3fff)
2000058e:	00c76563          	bltu	a4,a2,20000598 <LowPower_Shutdown+0x3a>
e:/DuRuofu/Project/fr-ble-light/software/ch582/SRC/StdPeriphDriver/CH58x_pwr.c:370
    {                                    // 超过500ms
        x32Kpw = (x32Kpw & 0xfc) | 0x01; // LSE驱动电流降低到额定电流
20000592:	9bf1                	andi	a5,a5,-4
20000594:	0017e793          	ori	a5,a5,1
sys_safe_access_enable():
e:/DuRuofu/Project/fr-ble-light/software/ch582/SRC/StdPeriphDriver/inc/CH58x_sys.h:182
   if(read_csr(0x800)&0x08)
20000598:	80002773          	csrr	a4,0x800
2000059c:	8b21                	andi	a4,a4,8
2000059e:	00001417          	auipc	s0,0x1
200005a2:	ba240413          	addi	s0,s0,-1118 # 20001140 <_edata>
200005a6:	cb19                	beqz	a4,200005bc <LowPower_Shutdown+0x5e>
e:/DuRuofu/Project/fr-ble-light/software/ch582/SRC/StdPeriphDriver/inc/CH58x_sys.h:184
       IRQ_STA = read_csr(0x800);
200005a8:	80002773          	csrr	a4,0x800
200005ac:	00001617          	auipc	a2,0x1
200005b0:	b8e62a23          	sw	a4,-1132(a2) # 20001140 <_edata>
e:/DuRuofu/Project/fr-ble-light/software/ch582/SRC/StdPeriphDriver/inc/CH58x_sys.h:185
       write_csr(0x800, (IRQ_STA&(~0x08)));
200005b4:	4018                	lw	a4,0(s0)
200005b6:	9b5d                	andi	a4,a4,-9
200005b8:	80071073          	csrw	0x800,a4
e:/DuRuofu/Project/fr-ble-light/software/ch582/SRC/StdPeriphDriver/inc/CH58x_sys.h:187
   SAFEOPERATE;
200005bc:	0000100f          	fence.i
e:/DuRuofu/Project/fr-ble-light/software/ch582/SRC/StdPeriphDriver/inc/CH58x_sys.h:188
   R8_SAFE_ACCESS_SIG = SAFE_ACCESS_SIG1;
200005c0:	40001737          	lui	a4,0x40001
200005c4:	05700613          	li	a2,87
200005c8:	04c70023          	sb	a2,64(a4) # 40001040 <_eusrstack+0x1fff9040>
e:/DuRuofu/Project/fr-ble-light/software/ch582/SRC/StdPeriphDriver/inc/CH58x_sys.h:189
   R8_SAFE_ACCESS_SIG = SAFE_ACCESS_SIG2;
200005cc:	fa800613          	li	a2,-88
200005d0:	04c70023          	sb	a2,64(a4)
e:/DuRuofu/Project/fr-ble-light/software/ch582/SRC/StdPeriphDriver/inc/CH58x_sys.h:190
   SAFEOPERATE;
200005d4:	0000100f          	fence.i
LowPower_Shutdown():
e:/DuRuofu/Project/fr-ble-light/software/ch582/SRC/StdPeriphDriver/CH58x_pwr.c:374
    }

    sys_safe_access_enable();
    R8_BAT_DET_CTRL = 0; // 关闭电压监控
200005d8:	02070223          	sb	zero,36(a4)
sys_safe_access_disable():
e:/DuRuofu/Project/fr-ble-light/software/ch582/SRC/StdPeriphDriver/inc/CH58x_sys.h:195
   R8_SAFE_ACCESS_SIG = 0;
200005dc:	04070023          	sb	zero,64(a4)
e:/DuRuofu/Project/fr-ble-light/software/ch582/SRC/StdPeriphDriver/inc/CH58x_sys.h:196
   write_csr(0x800, read_csr(0x800)|(IRQ_STA&0x08));
200005e0:	80002673          	csrr	a2,0x800
200005e4:	4018                	lw	a4,0(s0)
200005e6:	8b21                	andi	a4,a4,8
200005e8:	8f51                	or	a4,a4,a2
200005ea:	80071073          	csrw	0x800,a4
e:/DuRuofu/Project/fr-ble-light/software/ch582/SRC/StdPeriphDriver/inc/CH58x_sys.h:197
   IRQ_STA = 0;
200005ee:	00001717          	auipc	a4,0x1
200005f2:	b4072923          	sw	zero,-1198(a4) # 20001140 <_edata>
e:/DuRuofu/Project/fr-ble-light/software/ch582/SRC/StdPeriphDriver/inc/CH58x_sys.h:198
   SAFEOPERATE;
200005f6:	0000100f          	fence.i
sys_safe_access_enable():
e:/DuRuofu/Project/fr-ble-light/software/ch582/SRC/StdPeriphDriver/inc/CH58x_sys.h:182
   if(read_csr(0x800)&0x08)
200005fa:	80002773          	csrr	a4,0x800
200005fe:	8b21                	andi	a4,a4,8
20000600:	cb19                	beqz	a4,20000616 <LowPower_Shutdown+0xb8>
e:/DuRuofu/Project/fr-ble-light/software/ch582/SRC/StdPeriphDriver/inc/CH58x_sys.h:184
       IRQ_STA = read_csr(0x800);
20000602:	80002773          	csrr	a4,0x800
20000606:	00001617          	auipc	a2,0x1
2000060a:	b2e62d23          	sw	a4,-1222(a2) # 20001140 <_edata>
e:/DuRuofu/Project/fr-ble-light/software/ch582/SRC/StdPeriphDriver/inc/CH58x_sys.h:185
       write_csr(0x800, (IRQ_STA&(~0x08)));
2000060e:	4018                	lw	a4,0(s0)
20000610:	9b5d                	andi	a4,a4,-9
20000612:	80071073          	csrw	0x800,a4
e:/DuRuofu/Project/fr-ble-light/software/ch582/SRC/StdPeriphDriver/inc/CH58x_sys.h:187
   SAFEOPERATE;
20000616:	0000100f          	fence.i
e:/DuRuofu/Project/fr-ble-light/software/ch582/SRC/StdPeriphDriver/inc/CH58x_sys.h:188
   R8_SAFE_ACCESS_SIG = SAFE_ACCESS_SIG1;
2000061a:	40001737          	lui	a4,0x40001
2000061e:	05700613          	li	a2,87
20000622:	04c70023          	sb	a2,64(a4) # 40001040 <_eusrstack+0x1fff9040>
e:/DuRuofu/Project/fr-ble-light/software/ch582/SRC/StdPeriphDriver/inc/CH58x_sys.h:189
   R8_SAFE_ACCESS_SIG = SAFE_ACCESS_SIG2;
20000626:	fa800613          	li	a2,-88
2000062a:	04c70023          	sb	a2,64(a4)
e:/DuRuofu/Project/fr-ble-light/software/ch582/SRC/StdPeriphDriver/inc/CH58x_sys.h:190
   SAFEOPERATE;
2000062e:	0000100f          	fence.i
LowPower_Shutdown():
e:/DuRuofu/Project/fr-ble-light/software/ch582/SRC/StdPeriphDriver/CH58x_pwr.c:377
    sys_safe_access_disable();
    sys_safe_access_enable();
    R8_XT32K_TUNE = x32Kpw;
20000632:	02f70723          	sb	a5,46(a4)
e:/DuRuofu/Project/fr-ble-light/software/ch582/SRC/StdPeriphDriver/CH58x_pwr.c:378
    R8_XT32M_TUNE = x32Mpw;
20000636:	04d70723          	sb	a3,78(a4)
sys_safe_access_disable():
e:/DuRuofu/Project/fr-ble-light/software/ch582/SRC/StdPeriphDriver/inc/CH58x_sys.h:195
   R8_SAFE_ACCESS_SIG = 0;
2000063a:	04070023          	sb	zero,64(a4)
e:/DuRuofu/Project/fr-ble-light/software/ch582/SRC/StdPeriphDriver/inc/CH58x_sys.h:196
   write_csr(0x800, read_csr(0x800)|(IRQ_STA&0x08));
2000063e:	80002773          	csrr	a4,0x800
20000642:	401c                	lw	a5,0(s0)
20000644:	8ba1                	andi	a5,a5,8
20000646:	8fd9                	or	a5,a5,a4
20000648:	80079073          	csrw	0x800,a5
e:/DuRuofu/Project/fr-ble-light/software/ch582/SRC/StdPeriphDriver/inc/CH58x_sys.h:197
   IRQ_STA = 0;
2000064c:	00001797          	auipc	a5,0x1
20000650:	ae07aa23          	sw	zero,-1292(a5) # 20001140 <_edata>
e:/DuRuofu/Project/fr-ble-light/software/ch582/SRC/StdPeriphDriver/inc/CH58x_sys.h:198
   SAFEOPERATE;
20000654:	0000100f          	fence.i
LowPower_Shutdown():
e:/DuRuofu/Project/fr-ble-light/software/ch582/SRC/StdPeriphDriver/CH58x_pwr.c:380
    sys_safe_access_disable();
    SetSysClock(CLK_SOURCE_HSE_6_4MHz);
20000658:	02500513          	li	a0,37
2000065c:	2295                	jal	200007c0 <SetSysClock>
e:/DuRuofu/Project/fr-ble-light/software/ch582/SRC/StdPeriphDriver/CH58x_pwr.c:382

    PFIC->SCTLR |= (1 << 2); //deep sleep
2000065e:	e000f737          	lui	a4,0xe000f
20000662:	d1072783          	lw	a5,-752(a4) # e000ed10 <_eusrstack+0xc0006d10>
20000666:	0047e793          	ori	a5,a5,4
2000066a:	d0f72823          	sw	a5,-752(a4)
sys_safe_access_enable():
e:/DuRuofu/Project/fr-ble-light/software/ch582/SRC/StdPeriphDriver/inc/CH58x_sys.h:182
   if(read_csr(0x800)&0x08)
2000066e:	800027f3          	csrr	a5,0x800
20000672:	8ba1                	andi	a5,a5,8
20000674:	cb99                	beqz	a5,2000068a <LowPower_Shutdown+0x12c>
e:/DuRuofu/Project/fr-ble-light/software/ch582/SRC/StdPeriphDriver/inc/CH58x_sys.h:184
       IRQ_STA = read_csr(0x800);
20000676:	800027f3          	csrr	a5,0x800
2000067a:	00001717          	auipc	a4,0x1
2000067e:	acf72323          	sw	a5,-1338(a4) # 20001140 <_edata>
e:/DuRuofu/Project/fr-ble-light/software/ch582/SRC/StdPeriphDriver/inc/CH58x_sys.h:185
       write_csr(0x800, (IRQ_STA&(~0x08)));
20000682:	401c                	lw	a5,0(s0)
20000684:	9bdd                	andi	a5,a5,-9
20000686:	80079073          	csrw	0x800,a5
e:/DuRuofu/Project/fr-ble-light/software/ch582/SRC/StdPeriphDriver/inc/CH58x_sys.h:187
   SAFEOPERATE;
2000068a:	0000100f          	fence.i
e:/DuRuofu/Project/fr-ble-light/software/ch582/SRC/StdPeriphDriver/inc/CH58x_sys.h:188
   R8_SAFE_ACCESS_SIG = SAFE_ACCESS_SIG1;
2000068e:	400017b7          	lui	a5,0x40001
20000692:	05700713          	li	a4,87
20000696:	04e78023          	sb	a4,64(a5) # 40001040 <_eusrstack+0x1fff9040>
e:/DuRuofu/Project/fr-ble-light/software/ch582/SRC/StdPeriphDriver/inc/CH58x_sys.h:189
   R8_SAFE_ACCESS_SIG = SAFE_ACCESS_SIG2;
2000069a:	fa800713          	li	a4,-88
2000069e:	04e78023          	sb	a4,64(a5)
e:/DuRuofu/Project/fr-ble-light/software/ch582/SRC/StdPeriphDriver/inc/CH58x_sys.h:190
   SAFEOPERATE;
200006a2:	0000100f          	fence.i
LowPower_Shutdown():
e:/DuRuofu/Project/fr-ble-light/software/ch582/SRC/StdPeriphDriver/CH58x_pwr.c:385

    sys_safe_access_enable();
    R8_SLP_POWER_CTRL |= RB_RAM_RET_LV;
200006a6:	00f7c703          	lbu	a4,15(a5)
200006aa:	04076713          	ori	a4,a4,64
200006ae:	00e787a3          	sb	a4,15(a5)
sys_safe_access_disable():
e:/DuRuofu/Project/fr-ble-light/software/ch582/SRC/StdPeriphDriver/inc/CH58x_sys.h:195
   R8_SAFE_ACCESS_SIG = 0;
200006b2:	04078023          	sb	zero,64(a5)
e:/DuRuofu/Project/fr-ble-light/software/ch582/SRC/StdPeriphDriver/inc/CH58x_sys.h:196
   write_csr(0x800, read_csr(0x800)|(IRQ_STA&0x08));
200006b6:	80002773          	csrr	a4,0x800
200006ba:	401c                	lw	a5,0(s0)
200006bc:	8ba1                	andi	a5,a5,8
200006be:	8fd9                	or	a5,a5,a4
200006c0:	80079073          	csrw	0x800,a5
e:/DuRuofu/Project/fr-ble-light/software/ch582/SRC/StdPeriphDriver/inc/CH58x_sys.h:197
   IRQ_STA = 0;
200006c4:	00001797          	auipc	a5,0x1
200006c8:	a607ae23          	sw	zero,-1412(a5) # 20001140 <_edata>
e:/DuRuofu/Project/fr-ble-light/software/ch582/SRC/StdPeriphDriver/inc/CH58x_sys.h:198
   SAFEOPERATE;
200006cc:	0000100f          	fence.i
sys_safe_access_enable():
e:/DuRuofu/Project/fr-ble-light/software/ch582/SRC/StdPeriphDriver/inc/CH58x_sys.h:182
   if(read_csr(0x800)&0x08)
200006d0:	800027f3          	csrr	a5,0x800
200006d4:	8ba1                	andi	a5,a5,8
200006d6:	cb99                	beqz	a5,200006ec <LowPower_Shutdown+0x18e>
e:/DuRuofu/Project/fr-ble-light/software/ch582/SRC/StdPeriphDriver/inc/CH58x_sys.h:184
       IRQ_STA = read_csr(0x800);
200006d8:	800027f3          	csrr	a5,0x800
200006dc:	00001717          	auipc	a4,0x1
200006e0:	a6f72223          	sw	a5,-1436(a4) # 20001140 <_edata>
e:/DuRuofu/Project/fr-ble-light/software/ch582/SRC/StdPeriphDriver/inc/CH58x_sys.h:185
       write_csr(0x800, (IRQ_STA&(~0x08)));
200006e4:	401c                	lw	a5,0(s0)
200006e6:	9bdd                	andi	a5,a5,-9
200006e8:	80079073          	csrw	0x800,a5
e:/DuRuofu/Project/fr-ble-light/software/ch582/SRC/StdPeriphDriver/inc/CH58x_sys.h:187
   SAFEOPERATE;
200006ec:	0000100f          	fence.i
e:/DuRuofu/Project/fr-ble-light/software/ch582/SRC/StdPeriphDriver/inc/CH58x_sys.h:188
   R8_SAFE_ACCESS_SIG = SAFE_ACCESS_SIG1;
200006f0:	400017b7          	lui	a5,0x40001
200006f4:	05700713          	li	a4,87
200006f8:	04e78023          	sb	a4,64(a5) # 40001040 <_eusrstack+0x1fff9040>
e:/DuRuofu/Project/fr-ble-light/software/ch582/SRC/StdPeriphDriver/inc/CH58x_sys.h:189
   R8_SAFE_ACCESS_SIG = SAFE_ACCESS_SIG2;
200006fc:	fa800713          	li	a4,-88
20000700:	04e78023          	sb	a4,64(a5)
e:/DuRuofu/Project/fr-ble-light/software/ch582/SRC/StdPeriphDriver/inc/CH58x_sys.h:190
   SAFEOPERATE;
20000704:	0000100f          	fence.i
LowPower_Shutdown():
e:/DuRuofu/Project/fr-ble-light/software/ch582/SRC/StdPeriphDriver/CH58x_pwr.c:388
    sys_safe_access_disable();
    sys_safe_access_enable();
    R16_POWER_PLAN = RB_PWR_PLAN_EN | RB_PWR_MUST_0010 | rm;
20000708:	6725                	lui	a4,0x9
2000070a:	8cd9                	or	s1,s1,a4
2000070c:	02979023          	sh	s1,32(a5)
sys_safe_access_disable():
e:/DuRuofu/Project/fr-ble-light/software/ch582/SRC/StdPeriphDriver/inc/CH58x_sys.h:195
   R8_SAFE_ACCESS_SIG = 0;
20000710:	04078023          	sb	zero,64(a5)
e:/DuRuofu/Project/fr-ble-light/software/ch582/SRC/StdPeriphDriver/inc/CH58x_sys.h:196
   write_csr(0x800, read_csr(0x800)|(IRQ_STA&0x08));
20000714:	80002773          	csrr	a4,0x800
20000718:	401c                	lw	a5,0(s0)
2000071a:	8ba1                	andi	a5,a5,8
2000071c:	8fd9                	or	a5,a5,a4
2000071e:	80079073          	csrw	0x800,a5
e:/DuRuofu/Project/fr-ble-light/software/ch582/SRC/StdPeriphDriver/inc/CH58x_sys.h:197
   IRQ_STA = 0;
20000722:	00001797          	auipc	a5,0x1
20000726:	a007af23          	sw	zero,-1506(a5) # 20001140 <_edata>
e:/DuRuofu/Project/fr-ble-light/software/ch582/SRC/StdPeriphDriver/inc/CH58x_sys.h:198
   SAFEOPERATE;
2000072a:	0000100f          	fence.i
__WFI():
e:/DuRuofu/Project/fr-ble-light/software/ch582/SRC/RVMSIS/core_riscv.h:324
    PFIC->SCTLR &= ~(1 << 3); // wfi
2000072e:	e000f737          	lui	a4,0xe000f
20000732:	d1072783          	lw	a5,-752(a4) # e000ed10 <_eusrstack+0xc0006d10>
20000736:	9bdd                	andi	a5,a5,-9
20000738:	d0f72823          	sw	a5,-752(a4)
e:/DuRuofu/Project/fr-ble-light/software/ch582/SRC/RVMSIS/core_riscv.h:325
    __asm__ volatile("wfi");
2000073c:	10500073          	wfi
LowPower_Shutdown():
e:/DuRuofu/Project/fr-ble-light/software/ch582/SRC/StdPeriphDriver/CH58x_pwr.c:391
    sys_safe_access_disable();
    __WFI();
    __nop();
20000740:	0001                	nop
e:/DuRuofu/Project/fr-ble-light/software/ch582/SRC/StdPeriphDriver/CH58x_pwr.c:392
    __nop();
20000742:	0001                	nop
e:/DuRuofu/Project/fr-ble-light/software/ch582/SRC/StdPeriphDriver/CH58x_pwr.c:393
    FLASH_ROM_SW_RESET();
20000744:	4681                	li	a3,0
20000746:	4601                	li	a2,0
20000748:	4581                	li	a1,0
2000074a:	4511                	li	a0,4
2000074c:	2d31                	jal	20000d68 <FLASH_EEPROM_CMD>
sys_safe_access_enable():
e:/DuRuofu/Project/fr-ble-light/software/ch582/SRC/StdPeriphDriver/inc/CH58x_sys.h:182
   if(read_csr(0x800)&0x08)
2000074e:	800027f3          	csrr	a5,0x800
20000752:	8ba1                	andi	a5,a5,8
20000754:	cb99                	beqz	a5,2000076a <LowPower_Shutdown+0x20c>
e:/DuRuofu/Project/fr-ble-light/software/ch582/SRC/StdPeriphDriver/inc/CH58x_sys.h:184
       IRQ_STA = read_csr(0x800);
20000756:	800027f3          	csrr	a5,0x800
2000075a:	00001717          	auipc	a4,0x1
2000075e:	9ef72323          	sw	a5,-1562(a4) # 20001140 <_edata>
e:/DuRuofu/Project/fr-ble-light/software/ch582/SRC/StdPeriphDriver/inc/CH58x_sys.h:185
       write_csr(0x800, (IRQ_STA&(~0x08)));
20000762:	401c                	lw	a5,0(s0)
20000764:	9bdd                	andi	a5,a5,-9
20000766:	80079073          	csrw	0x800,a5
e:/DuRuofu/Project/fr-ble-light/software/ch582/SRC/StdPeriphDriver/inc/CH58x_sys.h:187
   SAFEOPERATE;
2000076a:	0000100f          	fence.i
e:/DuRuofu/Project/fr-ble-light/software/ch582/SRC/StdPeriphDriver/inc/CH58x_sys.h:188
   R8_SAFE_ACCESS_SIG = SAFE_ACCESS_SIG1;
2000076e:	400017b7          	lui	a5,0x40001
20000772:	05700713          	li	a4,87
20000776:	04e78023          	sb	a4,64(a5) # 40001040 <_eusrstack+0x1fff9040>
e:/DuRuofu/Project/fr-ble-light/software/ch582/SRC/StdPeriphDriver/inc/CH58x_sys.h:189
   R8_SAFE_ACCESS_SIG = SAFE_ACCESS_SIG2;
2000077a:	fa800713          	li	a4,-88
2000077e:	04e78023          	sb	a4,64(a5)
e:/DuRuofu/Project/fr-ble-light/software/ch582/SRC/StdPeriphDriver/inc/CH58x_sys.h:190
   SAFEOPERATE;
20000782:	0000100f          	fence.i
LowPower_Shutdown():
e:/DuRuofu/Project/fr-ble-light/software/ch582/SRC/StdPeriphDriver/CH58x_pwr.c:395
    sys_safe_access_enable();
    R16_INT32K_TUNE = 0xFFFF;
20000786:	577d                	li	a4,-1
20000788:	02e79623          	sh	a4,44(a5)
e:/DuRuofu/Project/fr-ble-light/software/ch582/SRC/StdPeriphDriver/CH58x_pwr.c:396
    R8_RST_WDOG_CTRL |= RB_SOFTWARE_RESET;
2000078c:	0467c703          	lbu	a4,70(a5)
20000790:	00176713          	ori	a4,a4,1
20000794:	04e78323          	sb	a4,70(a5)
sys_safe_access_disable():
e:/DuRuofu/Project/fr-ble-light/software/ch582/SRC/StdPeriphDriver/inc/CH58x_sys.h:195
   R8_SAFE_ACCESS_SIG = 0;
20000798:	04078023          	sb	zero,64(a5)
e:/DuRuofu/Project/fr-ble-light/software/ch582/SRC/StdPeriphDriver/inc/CH58x_sys.h:196
   write_csr(0x800, read_csr(0x800)|(IRQ_STA&0x08));
2000079c:	80002773          	csrr	a4,0x800
200007a0:	401c                	lw	a5,0(s0)
200007a2:	8ba1                	andi	a5,a5,8
200007a4:	8fd9                	or	a5,a5,a4
200007a6:	80079073          	csrw	0x800,a5
e:/DuRuofu/Project/fr-ble-light/software/ch582/SRC/StdPeriphDriver/inc/CH58x_sys.h:197
   IRQ_STA = 0;
200007aa:	00001797          	auipc	a5,0x1
200007ae:	9807ab23          	sw	zero,-1642(a5) # 20001140 <_edata>
e:/DuRuofu/Project/fr-ble-light/software/ch582/SRC/StdPeriphDriver/inc/CH58x_sys.h:198
   SAFEOPERATE;
200007b2:	0000100f          	fence.i
LowPower_Shutdown():
e:/DuRuofu/Project/fr-ble-light/software/ch582/SRC/StdPeriphDriver/CH58x_pwr.c:398
    sys_safe_access_disable();
}
200007b6:	40b2                	lw	ra,12(sp)
200007b8:	4422                	lw	s0,8(sp)
200007ba:	4492                	lw	s1,4(sp)
200007bc:	0141                	addi	sp,sp,16
200007be:	8082                	ret

200007c0 <SetSysClock>:
sys_safe_access_enable():
e:/DuRuofu/Project/fr-ble-light/software/ch582/SRC/StdPeriphDriver/inc/CH58x_sys.h:182
   if(read_csr(0x800)&0x08)
200007c0:	80002773          	csrr	a4,0x800
200007c4:	8b21                	andi	a4,a4,8
200007c6:	80818793          	addi	a5,gp,-2040 # 20001140 <_edata>
200007ca:	cb09                	beqz	a4,200007dc <SetSysClock+0x1c>
e:/DuRuofu/Project/fr-ble-light/software/ch582/SRC/StdPeriphDriver/inc/CH58x_sys.h:184
       IRQ_STA = read_csr(0x800);
200007cc:	80002773          	csrr	a4,0x800
200007d0:	80e1a423          	sw	a4,-2040(gp) # 20001140 <_edata>
e:/DuRuofu/Project/fr-ble-light/software/ch582/SRC/StdPeriphDriver/inc/CH58x_sys.h:185
       write_csr(0x800, (IRQ_STA&(~0x08)));
200007d4:	4398                	lw	a4,0(a5)
200007d6:	9b5d                	andi	a4,a4,-9
200007d8:	80071073          	csrw	0x800,a4
e:/DuRuofu/Project/fr-ble-light/software/ch582/SRC/StdPeriphDriver/inc/CH58x_sys.h:187
   SAFEOPERATE;
200007dc:	0000100f          	fence.i
e:/DuRuofu/Project/fr-ble-light/software/ch582/SRC/StdPeriphDriver/inc/CH58x_sys.h:188
   R8_SAFE_ACCESS_SIG = SAFE_ACCESS_SIG1;
200007e0:	40001737          	lui	a4,0x40001
200007e4:	05700693          	li	a3,87
200007e8:	04d70023          	sb	a3,64(a4) # 40001040 <_eusrstack+0x1fff9040>
e:/DuRuofu/Project/fr-ble-light/software/ch582/SRC/StdPeriphDriver/inc/CH58x_sys.h:189
   R8_SAFE_ACCESS_SIG = SAFE_ACCESS_SIG2;
200007ec:	fa800693          	li	a3,-88
200007f0:	04d70023          	sb	a3,64(a4)
e:/DuRuofu/Project/fr-ble-light/software/ch582/SRC/StdPeriphDriver/inc/CH58x_sys.h:190
   SAFEOPERATE;
200007f4:	0000100f          	fence.i
SetSysClock():
e:/DuRuofu/Project/fr-ble-light/software/ch582/SRC/StdPeriphDriver/CH58x_sys.c:30
__HIGH_CODE
void SetSysClock(SYS_CLKTypeDef sc)
{
    uint32_t i;
    sys_safe_access_enable();
    R8_PLL_CONFIG &= ~(1 << 5); //
200007f8:	04b74683          	lbu	a3,75(a4)
200007fc:	0df6f693          	andi	a3,a3,223
20000800:	04d705a3          	sb	a3,75(a4)
sys_safe_access_disable():
e:/DuRuofu/Project/fr-ble-light/software/ch582/SRC/StdPeriphDriver/inc/CH58x_sys.h:195
   R8_SAFE_ACCESS_SIG = 0;
20000804:	04070023          	sb	zero,64(a4)
e:/DuRuofu/Project/fr-ble-light/software/ch582/SRC/StdPeriphDriver/inc/CH58x_sys.h:196
   write_csr(0x800, read_csr(0x800)|(IRQ_STA&0x08));
20000808:	80002673          	csrr	a2,0x800
2000080c:	4394                	lw	a3,0(a5)
2000080e:	8aa1                	andi	a3,a3,8
20000810:	8ed1                	or	a3,a3,a2
20000812:	80069073          	csrw	0x800,a3
e:/DuRuofu/Project/fr-ble-light/software/ch582/SRC/StdPeriphDriver/inc/CH58x_sys.h:197
   IRQ_STA = 0;
20000816:	8001a423          	sw	zero,-2040(gp) # 20001140 <_edata>
e:/DuRuofu/Project/fr-ble-light/software/ch582/SRC/StdPeriphDriver/inc/CH58x_sys.h:198
   SAFEOPERATE;
2000081a:	0000100f          	fence.i
SetSysClock():
e:/DuRuofu/Project/fr-ble-light/software/ch582/SRC/StdPeriphDriver/CH58x_sys.c:32
    sys_safe_access_disable();
    if(sc & 0x20)
2000081e:	02057693          	andi	a3,a0,32
20000822:	18068463          	beqz	a3,200009aa <SetSysClock+0x1ea>
e:/DuRuofu/Project/fr-ble-light/software/ch582/SRC/StdPeriphDriver/CH58x_sys.c:34
    { // HSE div
        if(!(R8_HFCK_PWR_CTRL & RB_CLK_XT32M_PON))
20000826:	00a74703          	lbu	a4,10(a4)
2000082a:	8b11                	andi	a4,a4,4
2000082c:	e725                	bnez	a4,20000894 <SetSysClock+0xd4>
sys_safe_access_enable():
e:/DuRuofu/Project/fr-ble-light/software/ch582/SRC/StdPeriphDriver/inc/CH58x_sys.h:182
   if(read_csr(0x800)&0x08)
2000082e:	80002773          	csrr	a4,0x800
20000832:	8b21                	andi	a4,a4,8
20000834:	cb09                	beqz	a4,20000846 <SetSysClock+0x86>
e:/DuRuofu/Project/fr-ble-light/software/ch582/SRC/StdPeriphDriver/inc/CH58x_sys.h:184
       IRQ_STA = read_csr(0x800);
20000836:	80002773          	csrr	a4,0x800
2000083a:	80e1a423          	sw	a4,-2040(gp) # 20001140 <_edata>
e:/DuRuofu/Project/fr-ble-light/software/ch582/SRC/StdPeriphDriver/inc/CH58x_sys.h:185
       write_csr(0x800, (IRQ_STA&(~0x08)));
2000083e:	4398                	lw	a4,0(a5)
20000840:	9b5d                	andi	a4,a4,-9
20000842:	80071073          	csrw	0x800,a4
e:/DuRuofu/Project/fr-ble-light/software/ch582/SRC/StdPeriphDriver/inc/CH58x_sys.h:187
   SAFEOPERATE;
20000846:	0000100f          	fence.i
e:/DuRuofu/Project/fr-ble-light/software/ch582/SRC/StdPeriphDriver/inc/CH58x_sys.h:188
   R8_SAFE_ACCESS_SIG = SAFE_ACCESS_SIG1;
2000084a:	40001737          	lui	a4,0x40001
2000084e:	05700693          	li	a3,87
20000852:	04d70023          	sb	a3,64(a4) # 40001040 <_eusrstack+0x1fff9040>
e:/DuRuofu/Project/fr-ble-light/software/ch582/SRC/StdPeriphDriver/inc/CH58x_sys.h:189
   R8_SAFE_ACCESS_SIG = SAFE_ACCESS_SIG2;
20000856:	fa800693          	li	a3,-88
2000085a:	04d70023          	sb	a3,64(a4)
e:/DuRuofu/Project/fr-ble-light/software/ch582/SRC/StdPeriphDriver/inc/CH58x_sys.h:190
   SAFEOPERATE;
2000085e:	0000100f          	fence.i
SetSysClock():
e:/DuRuofu/Project/fr-ble-light/software/ch582/SRC/StdPeriphDriver/CH58x_sys.c:37
        {
            sys_safe_access_enable();
            R8_HFCK_PWR_CTRL |= RB_CLK_XT32M_PON; // HSE power on
20000862:	00a74683          	lbu	a3,10(a4)
20000866:	0046e693          	ori	a3,a3,4
2000086a:	00d70523          	sb	a3,10(a4)
sys_safe_access_disable():
e:/DuRuofu/Project/fr-ble-light/software/ch582/SRC/StdPeriphDriver/inc/CH58x_sys.h:195
   R8_SAFE_ACCESS_SIG = 0;
2000086e:	04070023          	sb	zero,64(a4)
e:/DuRuofu/Project/fr-ble-light/software/ch582/SRC/StdPeriphDriver/inc/CH58x_sys.h:196
   write_csr(0x800, read_csr(0x800)|(IRQ_STA&0x08));
20000872:	800026f3          	csrr	a3,0x800
20000876:	4398                	lw	a4,0(a5)
20000878:	8b21                	andi	a4,a4,8
2000087a:	8f55                	or	a4,a4,a3
2000087c:	80071073          	csrw	0x800,a4
e:/DuRuofu/Project/fr-ble-light/software/ch582/SRC/StdPeriphDriver/inc/CH58x_sys.h:197
   IRQ_STA = 0;
20000880:	8001a423          	sw	zero,-2040(gp) # 20001140 <_edata>
e:/DuRuofu/Project/fr-ble-light/software/ch582/SRC/StdPeriphDriver/inc/CH58x_sys.h:198
   SAFEOPERATE;
20000884:	0000100f          	fence.i
20000888:	4b000713          	li	a4,1200
SetSysClock():
e:/DuRuofu/Project/fr-ble-light/software/ch582/SRC/StdPeriphDriver/CH58x_sys.c:41 (discriminator 3)
            sys_safe_access_disable();
            for(i = 0; i < 1200; i++)
            {
                __nop();
2000088c:	0001                	nop
e:/DuRuofu/Project/fr-ble-light/software/ch582/SRC/StdPeriphDriver/CH58x_sys.c:42 (discriminator 3)
                __nop();
2000088e:	0001                	nop
20000890:	177d                	addi	a4,a4,-1
e:/DuRuofu/Project/fr-ble-light/software/ch582/SRC/StdPeriphDriver/CH58x_sys.c:39 (discriminator 3)
            for(i = 0; i < 1200; i++)
20000892:	ff6d                	bnez	a4,2000088c <SetSysClock+0xcc>
sys_safe_access_enable():
e:/DuRuofu/Project/fr-ble-light/software/ch582/SRC/StdPeriphDriver/inc/CH58x_sys.h:182
   if(read_csr(0x800)&0x08)
20000894:	80002773          	csrr	a4,0x800
20000898:	8b21                	andi	a4,a4,8
2000089a:	cb09                	beqz	a4,200008ac <SetSysClock+0xec>
e:/DuRuofu/Project/fr-ble-light/software/ch582/SRC/StdPeriphDriver/inc/CH58x_sys.h:184
       IRQ_STA = read_csr(0x800);
2000089c:	80002773          	csrr	a4,0x800
200008a0:	80e1a423          	sw	a4,-2040(gp) # 20001140 <_edata>
e:/DuRuofu/Project/fr-ble-light/software/ch582/SRC/StdPeriphDriver/inc/CH58x_sys.h:185
       write_csr(0x800, (IRQ_STA&(~0x08)));
200008a4:	4398                	lw	a4,0(a5)
200008a6:	9b5d                	andi	a4,a4,-9
200008a8:	80071073          	csrw	0x800,a4
e:/DuRuofu/Project/fr-ble-light/software/ch582/SRC/StdPeriphDriver/inc/CH58x_sys.h:187
   SAFEOPERATE;
200008ac:	0000100f          	fence.i
e:/DuRuofu/Project/fr-ble-light/software/ch582/SRC/StdPeriphDriver/inc/CH58x_sys.h:188
   R8_SAFE_ACCESS_SIG = SAFE_ACCESS_SIG1;
200008b0:	40001737          	lui	a4,0x40001
200008b4:	05700693          	li	a3,87
200008b8:	04d70023          	sb	a3,64(a4) # 40001040 <_eusrstack+0x1fff9040>
e:/DuRuofu/Project/fr-ble-light/software/ch582/SRC/StdPeriphDriver/inc/CH58x_sys.h:189
   R8_SAFE_ACCESS_SIG = SAFE_ACCESS_SIG2;
200008bc:	fa800693          	li	a3,-88
200008c0:	04d70023          	sb	a3,64(a4)
e:/DuRuofu/Project/fr-ble-light/software/ch582/SRC/StdPeriphDriver/inc/CH58x_sys.h:190
   SAFEOPERATE;
200008c4:	0000100f          	fence.i
SetSysClock():
e:/DuRuofu/Project/fr-ble-light/software/ch582/SRC/StdPeriphDriver/CH58x_sys.c:47
            }
        }

        sys_safe_access_enable();
        R16_CLK_SYS_CFG = (0 << 6) | (sc & 0x1f);
200008c8:	897d                	andi	a0,a0,31
200008ca:	00a71423          	sh	a0,8(a4)
e:/DuRuofu/Project/fr-ble-light/software/ch582/SRC/StdPeriphDriver/CH58x_sys.c:48
        __nop();
200008ce:	0001                	nop
e:/DuRuofu/Project/fr-ble-light/software/ch582/SRC/StdPeriphDriver/CH58x_sys.c:49
        __nop();
200008d0:	0001                	nop
e:/DuRuofu/Project/fr-ble-light/software/ch582/SRC/StdPeriphDriver/CH58x_sys.c:50
        __nop();
200008d2:	0001                	nop
e:/DuRuofu/Project/fr-ble-light/software/ch582/SRC/StdPeriphDriver/CH58x_sys.c:51
        __nop();
200008d4:	0001                	nop
sys_safe_access_disable():
e:/DuRuofu/Project/fr-ble-light/software/ch582/SRC/StdPeriphDriver/inc/CH58x_sys.h:195
   R8_SAFE_ACCESS_SIG = 0;
200008d6:	04070023          	sb	zero,64(a4)
e:/DuRuofu/Project/fr-ble-light/software/ch582/SRC/StdPeriphDriver/inc/CH58x_sys.h:196
   write_csr(0x800, read_csr(0x800)|(IRQ_STA&0x08));
200008da:	800026f3          	csrr	a3,0x800
200008de:	4398                	lw	a4,0(a5)
200008e0:	8b21                	andi	a4,a4,8
200008e2:	8f55                	or	a4,a4,a3
200008e4:	80071073          	csrw	0x800,a4
e:/DuRuofu/Project/fr-ble-light/software/ch582/SRC/StdPeriphDriver/inc/CH58x_sys.h:197
   IRQ_STA = 0;
200008e8:	8001a423          	sw	zero,-2040(gp) # 20001140 <_edata>
e:/DuRuofu/Project/fr-ble-light/software/ch582/SRC/StdPeriphDriver/inc/CH58x_sys.h:198
   SAFEOPERATE;
200008ec:	0000100f          	fence.i
sys_safe_access_enable():
e:/DuRuofu/Project/fr-ble-light/software/ch582/SRC/StdPeriphDriver/inc/CH58x_sys.h:182
   if(read_csr(0x800)&0x08)
200008f0:	80002773          	csrr	a4,0x800
200008f4:	8b21                	andi	a4,a4,8
200008f6:	cb09                	beqz	a4,20000908 <SetSysClock+0x148>
e:/DuRuofu/Project/fr-ble-light/software/ch582/SRC/StdPeriphDriver/inc/CH58x_sys.h:184
       IRQ_STA = read_csr(0x800);
200008f8:	80002773          	csrr	a4,0x800
200008fc:	80e1a423          	sw	a4,-2040(gp) # 20001140 <_edata>
e:/DuRuofu/Project/fr-ble-light/software/ch582/SRC/StdPeriphDriver/inc/CH58x_sys.h:185
       write_csr(0x800, (IRQ_STA&(~0x08)));
20000900:	4398                	lw	a4,0(a5)
20000902:	9b5d                	andi	a4,a4,-9
20000904:	80071073          	csrw	0x800,a4
e:/DuRuofu/Project/fr-ble-light/software/ch582/SRC/StdPeriphDriver/inc/CH58x_sys.h:187
   SAFEOPERATE;
20000908:	0000100f          	fence.i
e:/DuRuofu/Project/fr-ble-light/software/ch582/SRC/StdPeriphDriver/inc/CH58x_sys.h:188
   R8_SAFE_ACCESS_SIG = SAFE_ACCESS_SIG1;
2000090c:	40001737          	lui	a4,0x40001
20000910:	05700693          	li	a3,87
20000914:	04d70023          	sb	a3,64(a4) # 40001040 <_eusrstack+0x1fff9040>
e:/DuRuofu/Project/fr-ble-light/software/ch582/SRC/StdPeriphDriver/inc/CH58x_sys.h:189
   R8_SAFE_ACCESS_SIG = SAFE_ACCESS_SIG2;
20000918:	fa800693          	li	a3,-88
2000091c:	04d70023          	sb	a3,64(a4)
e:/DuRuofu/Project/fr-ble-light/software/ch582/SRC/StdPeriphDriver/inc/CH58x_sys.h:190
   SAFEOPERATE;
20000920:	0000100f          	fence.i
SetSysClock():
e:/DuRuofu/Project/fr-ble-light/software/ch582/SRC/StdPeriphDriver/CH58x_sys.c:54
        sys_safe_access_disable();
        sys_safe_access_enable();
        SAFEOPERATE;
20000924:	0000100f          	fence.i
e:/DuRuofu/Project/fr-ble-light/software/ch582/SRC/StdPeriphDriver/CH58x_sys.c:55
        R8_FLASH_CFG = 0X51;
20000928:	400026b7          	lui	a3,0x40002
2000092c:	05100613          	li	a2,81
e:/DuRuofu/Project/fr-ble-light/software/ch582/SRC/StdPeriphDriver/CH58x_sys.c:88
            sys_safe_access_disable();
        }
        else
        {
            sys_safe_access_enable();
            R8_FLASH_CFG = 0X52;
20000930:	80c683a3          	sb	a2,-2041(a3) # 40001807 <_eusrstack+0x1fff9807>
sys_safe_access_disable():
e:/DuRuofu/Project/fr-ble-light/software/ch582/SRC/StdPeriphDriver/inc/CH58x_sys.h:195
   R8_SAFE_ACCESS_SIG = 0;
20000934:	04070023          	sb	zero,64(a4)
e:/DuRuofu/Project/fr-ble-light/software/ch582/SRC/StdPeriphDriver/inc/CH58x_sys.h:196
   write_csr(0x800, read_csr(0x800)|(IRQ_STA&0x08));
20000938:	800026f3          	csrr	a3,0x800
2000093c:	4398                	lw	a4,0(a5)
2000093e:	8b21                	andi	a4,a4,8
20000940:	8f55                	or	a4,a4,a3
20000942:	80071073          	csrw	0x800,a4
e:/DuRuofu/Project/fr-ble-light/software/ch582/SRC/StdPeriphDriver/inc/CH58x_sys.h:197
   IRQ_STA = 0;
20000946:	8001a423          	sw	zero,-2040(gp) # 20001140 <_edata>
e:/DuRuofu/Project/fr-ble-light/software/ch582/SRC/StdPeriphDriver/inc/CH58x_sys.h:198
   SAFEOPERATE;
2000094a:	0000100f          	fence.i
sys_safe_access_enable():
e:/DuRuofu/Project/fr-ble-light/software/ch582/SRC/StdPeriphDriver/inc/CH58x_sys.h:182
   if(read_csr(0x800)&0x08)
2000094e:	80002773          	csrr	a4,0x800
20000952:	8b21                	andi	a4,a4,8
20000954:	cb09                	beqz	a4,20000966 <SetSysClock+0x1a6>
e:/DuRuofu/Project/fr-ble-light/software/ch582/SRC/StdPeriphDriver/inc/CH58x_sys.h:184
       IRQ_STA = read_csr(0x800);
20000956:	80002773          	csrr	a4,0x800
2000095a:	80e1a423          	sw	a4,-2040(gp) # 20001140 <_edata>
e:/DuRuofu/Project/fr-ble-light/software/ch582/SRC/StdPeriphDriver/inc/CH58x_sys.h:185
       write_csr(0x800, (IRQ_STA&(~0x08)));
2000095e:	4398                	lw	a4,0(a5)
20000960:	9b5d                	andi	a4,a4,-9
20000962:	80071073          	csrw	0x800,a4
e:/DuRuofu/Project/fr-ble-light/software/ch582/SRC/StdPeriphDriver/inc/CH58x_sys.h:187
   SAFEOPERATE;
20000966:	0000100f          	fence.i
e:/DuRuofu/Project/fr-ble-light/software/ch582/SRC/StdPeriphDriver/inc/CH58x_sys.h:188
   R8_SAFE_ACCESS_SIG = SAFE_ACCESS_SIG1;
2000096a:	40001737          	lui	a4,0x40001
2000096e:	05700693          	li	a3,87
20000972:	04d70023          	sb	a3,64(a4) # 40001040 <_eusrstack+0x1fff9040>
e:/DuRuofu/Project/fr-ble-light/software/ch582/SRC/StdPeriphDriver/inc/CH58x_sys.h:189
   R8_SAFE_ACCESS_SIG = SAFE_ACCESS_SIG2;
20000976:	fa800693          	li	a3,-88
2000097a:	04d70023          	sb	a3,64(a4)
e:/DuRuofu/Project/fr-ble-light/software/ch582/SRC/StdPeriphDriver/inc/CH58x_sys.h:190
   SAFEOPERATE;
2000097e:	0000100f          	fence.i
SetSysClock():
e:/DuRuofu/Project/fr-ble-light/software/ch582/SRC/StdPeriphDriver/CH58x_sys.c:100
        R16_CLK_SYS_CFG |= RB_CLK_SYS_MOD;
        sys_safe_access_disable();
    }
    //更改FLASH clk的驱动能力
    sys_safe_access_enable();
    R8_PLL_CONFIG |= 1 << 7;
20000982:	04b74683          	lbu	a3,75(a4)
20000986:	0806e693          	ori	a3,a3,128
2000098a:	04d705a3          	sb	a3,75(a4)
sys_safe_access_disable():
e:/DuRuofu/Project/fr-ble-light/software/ch582/SRC/StdPeriphDriver/inc/CH58x_sys.h:195
   R8_SAFE_ACCESS_SIG = 0;
2000098e:	04070023          	sb	zero,64(a4)
e:/DuRuofu/Project/fr-ble-light/software/ch582/SRC/StdPeriphDriver/inc/CH58x_sys.h:196
   write_csr(0x800, read_csr(0x800)|(IRQ_STA&0x08));
20000992:	80002773          	csrr	a4,0x800
20000996:	439c                	lw	a5,0(a5)
20000998:	8ba1                	andi	a5,a5,8
2000099a:	8fd9                	or	a5,a5,a4
2000099c:	80079073          	csrw	0x800,a5
e:/DuRuofu/Project/fr-ble-light/software/ch582/SRC/StdPeriphDriver/inc/CH58x_sys.h:197
   IRQ_STA = 0;
200009a0:	8001a423          	sw	zero,-2040(gp) # 20001140 <_edata>
e:/DuRuofu/Project/fr-ble-light/software/ch582/SRC/StdPeriphDriver/inc/CH58x_sys.h:198
   SAFEOPERATE;
200009a4:	0000100f          	fence.i
SetSysClock():
e:/DuRuofu/Project/fr-ble-light/software/ch582/SRC/StdPeriphDriver/CH58x_sys.c:102
    sys_safe_access_disable();
}
200009a8:	8082                	ret
e:/DuRuofu/Project/fr-ble-light/software/ch582/SRC/StdPeriphDriver/CH58x_sys.c:59
    else if(sc & 0x40)
200009aa:	04057693          	andi	a3,a0,64
200009ae:	14068b63          	beqz	a3,20000b04 <SetSysClock+0x344>
e:/DuRuofu/Project/fr-ble-light/software/ch582/SRC/StdPeriphDriver/CH58x_sys.c:61
        if(!(R8_HFCK_PWR_CTRL & RB_CLK_PLL_PON))
200009b2:	00a74703          	lbu	a4,10(a4)
200009b6:	8b41                	andi	a4,a4,16
200009b8:	e725                	bnez	a4,20000a20 <SetSysClock+0x260>
sys_safe_access_enable():
e:/DuRuofu/Project/fr-ble-light/software/ch582/SRC/StdPeriphDriver/inc/CH58x_sys.h:182
   if(read_csr(0x800)&0x08)
200009ba:	80002773          	csrr	a4,0x800
200009be:	8b21                	andi	a4,a4,8
200009c0:	cb09                	beqz	a4,200009d2 <SetSysClock+0x212>
e:/DuRuofu/Project/fr-ble-light/software/ch582/SRC/StdPeriphDriver/inc/CH58x_sys.h:184
       IRQ_STA = read_csr(0x800);
200009c2:	80002773          	csrr	a4,0x800
200009c6:	80e1a423          	sw	a4,-2040(gp) # 20001140 <_edata>
e:/DuRuofu/Project/fr-ble-light/software/ch582/SRC/StdPeriphDriver/inc/CH58x_sys.h:185
       write_csr(0x800, (IRQ_STA&(~0x08)));
200009ca:	4398                	lw	a4,0(a5)
200009cc:	9b5d                	andi	a4,a4,-9
200009ce:	80071073          	csrw	0x800,a4
e:/DuRuofu/Project/fr-ble-light/software/ch582/SRC/StdPeriphDriver/inc/CH58x_sys.h:187
   SAFEOPERATE;
200009d2:	0000100f          	fence.i
e:/DuRuofu/Project/fr-ble-light/software/ch582/SRC/StdPeriphDriver/inc/CH58x_sys.h:188
   R8_SAFE_ACCESS_SIG = SAFE_ACCESS_SIG1;
200009d6:	40001737          	lui	a4,0x40001
200009da:	05700693          	li	a3,87
200009de:	04d70023          	sb	a3,64(a4) # 40001040 <_eusrstack+0x1fff9040>
e:/DuRuofu/Project/fr-ble-light/software/ch582/SRC/StdPeriphDriver/inc/CH58x_sys.h:189
   R8_SAFE_ACCESS_SIG = SAFE_ACCESS_SIG2;
200009e2:	fa800693          	li	a3,-88
200009e6:	04d70023          	sb	a3,64(a4)
e:/DuRuofu/Project/fr-ble-light/software/ch582/SRC/StdPeriphDriver/inc/CH58x_sys.h:190
   SAFEOPERATE;
200009ea:	0000100f          	fence.i
SetSysClock():
e:/DuRuofu/Project/fr-ble-light/software/ch582/SRC/StdPeriphDriver/CH58x_sys.c:64
            R8_HFCK_PWR_CTRL |= RB_CLK_PLL_PON; // PLL power on
200009ee:	00a74683          	lbu	a3,10(a4)
200009f2:	0106e693          	ori	a3,a3,16
200009f6:	00d70523          	sb	a3,10(a4)
sys_safe_access_disable():
e:/DuRuofu/Project/fr-ble-light/software/ch582/SRC/StdPeriphDriver/inc/CH58x_sys.h:195
   R8_SAFE_ACCESS_SIG = 0;
200009fa:	04070023          	sb	zero,64(a4)
e:/DuRuofu/Project/fr-ble-light/software/ch582/SRC/StdPeriphDriver/inc/CH58x_sys.h:196
   write_csr(0x800, read_csr(0x800)|(IRQ_STA&0x08));
200009fe:	800026f3          	csrr	a3,0x800
20000a02:	4398                	lw	a4,0(a5)
20000a04:	8b21                	andi	a4,a4,8
20000a06:	8f55                	or	a4,a4,a3
20000a08:	80071073          	csrw	0x800,a4
e:/DuRuofu/Project/fr-ble-light/software/ch582/SRC/StdPeriphDriver/inc/CH58x_sys.h:197
   IRQ_STA = 0;
20000a0c:	8001a423          	sw	zero,-2040(gp) # 20001140 <_edata>
e:/DuRuofu/Project/fr-ble-light/software/ch582/SRC/StdPeriphDriver/inc/CH58x_sys.h:198
   SAFEOPERATE;
20000a10:	0000100f          	fence.i
20000a14:	7d000713          	li	a4,2000
SetSysClock():
e:/DuRuofu/Project/fr-ble-light/software/ch582/SRC/StdPeriphDriver/CH58x_sys.c:68 (discriminator 3)
                __nop();
20000a18:	0001                	nop
e:/DuRuofu/Project/fr-ble-light/software/ch582/SRC/StdPeriphDriver/CH58x_sys.c:69 (discriminator 3)
                __nop();
20000a1a:	0001                	nop
20000a1c:	177d                	addi	a4,a4,-1
e:/DuRuofu/Project/fr-ble-light/software/ch582/SRC/StdPeriphDriver/CH58x_sys.c:66 (discriminator 3)
            for(i = 0; i < 2000; i++)
20000a1e:	ff6d                	bnez	a4,20000a18 <SetSysClock+0x258>
sys_safe_access_enable():
e:/DuRuofu/Project/fr-ble-light/software/ch582/SRC/StdPeriphDriver/inc/CH58x_sys.h:182
   if(read_csr(0x800)&0x08)
20000a20:	80002773          	csrr	a4,0x800
20000a24:	8b21                	andi	a4,a4,8
20000a26:	cb09                	beqz	a4,20000a38 <SetSysClock+0x278>
e:/DuRuofu/Project/fr-ble-light/software/ch582/SRC/StdPeriphDriver/inc/CH58x_sys.h:184
       IRQ_STA = read_csr(0x800);
20000a28:	80002773          	csrr	a4,0x800
20000a2c:	80e1a423          	sw	a4,-2040(gp) # 20001140 <_edata>
e:/DuRuofu/Project/fr-ble-light/software/ch582/SRC/StdPeriphDriver/inc/CH58x_sys.h:185
       write_csr(0x800, (IRQ_STA&(~0x08)));
20000a30:	4398                	lw	a4,0(a5)
20000a32:	9b5d                	andi	a4,a4,-9
20000a34:	80071073          	csrw	0x800,a4
e:/DuRuofu/Project/fr-ble-light/software/ch582/SRC/StdPeriphDriver/inc/CH58x_sys.h:187
   SAFEOPERATE;
20000a38:	0000100f          	fence.i
e:/DuRuofu/Project/fr-ble-light/software/ch582/SRC/StdPeriphDriver/inc/CH58x_sys.h:188
   R8_SAFE_ACCESS_SIG = SAFE_ACCESS_SIG1;
20000a3c:	40001737          	lui	a4,0x40001
20000a40:	05700693          	li	a3,87
20000a44:	04d70023          	sb	a3,64(a4) # 40001040 <_eusrstack+0x1fff9040>
e:/DuRuofu/Project/fr-ble-light/software/ch582/SRC/StdPeriphDriver/inc/CH58x_sys.h:189
   R8_SAFE_ACCESS_SIG = SAFE_ACCESS_SIG2;
20000a48:	fa800693          	li	a3,-88
20000a4c:	04d70023          	sb	a3,64(a4)
e:/DuRuofu/Project/fr-ble-light/software/ch582/SRC/StdPeriphDriver/inc/CH58x_sys.h:190
   SAFEOPERATE;
20000a50:	0000100f          	fence.i
SetSysClock():
e:/DuRuofu/Project/fr-ble-light/software/ch582/SRC/StdPeriphDriver/CH58x_sys.c:73
        R16_CLK_SYS_CFG = (1 << 6) | (sc & 0x1f);
20000a54:	01f57693          	andi	a3,a0,31
20000a58:	0406e693          	ori	a3,a3,64
20000a5c:	00d71423          	sh	a3,8(a4)
e:/DuRuofu/Project/fr-ble-light/software/ch582/SRC/StdPeriphDriver/CH58x_sys.c:74
        __nop();
20000a60:	0001                	nop
e:/DuRuofu/Project/fr-ble-light/software/ch582/SRC/StdPeriphDriver/CH58x_sys.c:75
        __nop();
20000a62:	0001                	nop
e:/DuRuofu/Project/fr-ble-light/software/ch582/SRC/StdPeriphDriver/CH58x_sys.c:76
        __nop();
20000a64:	0001                	nop
e:/DuRuofu/Project/fr-ble-light/software/ch582/SRC/StdPeriphDriver/CH58x_sys.c:77
        __nop();
20000a66:	0001                	nop
sys_safe_access_disable():
e:/DuRuofu/Project/fr-ble-light/software/ch582/SRC/StdPeriphDriver/inc/CH58x_sys.h:195
   R8_SAFE_ACCESS_SIG = 0;
20000a68:	04070023          	sb	zero,64(a4)
e:/DuRuofu/Project/fr-ble-light/software/ch582/SRC/StdPeriphDriver/inc/CH58x_sys.h:196
   write_csr(0x800, read_csr(0x800)|(IRQ_STA&0x08));
20000a6c:	800026f3          	csrr	a3,0x800
20000a70:	4398                	lw	a4,0(a5)
20000a72:	8b21                	andi	a4,a4,8
20000a74:	8f55                	or	a4,a4,a3
20000a76:	80071073          	csrw	0x800,a4
e:/DuRuofu/Project/fr-ble-light/software/ch582/SRC/StdPeriphDriver/inc/CH58x_sys.h:197
   IRQ_STA = 0;
20000a7a:	8001a423          	sw	zero,-2040(gp) # 20001140 <_edata>
e:/DuRuofu/Project/fr-ble-light/software/ch582/SRC/StdPeriphDriver/inc/CH58x_sys.h:198
   SAFEOPERATE;
20000a7e:	0000100f          	fence.i
SetSysClock():
e:/DuRuofu/Project/fr-ble-light/software/ch582/SRC/StdPeriphDriver/CH58x_sys.c:79
        if(sc == CLK_SOURCE_PLL_80MHz)
20000a82:	04600713          	li	a4,70
20000a86:	04e51063          	bne	a0,a4,20000ac6 <SetSysClock+0x306>
sys_safe_access_enable():
e:/DuRuofu/Project/fr-ble-light/software/ch582/SRC/StdPeriphDriver/inc/CH58x_sys.h:182
   if(read_csr(0x800)&0x08)
20000a8a:	80002773          	csrr	a4,0x800
20000a8e:	8b21                	andi	a4,a4,8
20000a90:	cb09                	beqz	a4,20000aa2 <SetSysClock+0x2e2>
e:/DuRuofu/Project/fr-ble-light/software/ch582/SRC/StdPeriphDriver/inc/CH58x_sys.h:184
       IRQ_STA = read_csr(0x800);
20000a92:	80002773          	csrr	a4,0x800
20000a96:	80e1a423          	sw	a4,-2040(gp) # 20001140 <_edata>
e:/DuRuofu/Project/fr-ble-light/software/ch582/SRC/StdPeriphDriver/inc/CH58x_sys.h:185
       write_csr(0x800, (IRQ_STA&(~0x08)));
20000a9a:	4398                	lw	a4,0(a5)
20000a9c:	9b5d                	andi	a4,a4,-9
20000a9e:	80071073          	csrw	0x800,a4
e:/DuRuofu/Project/fr-ble-light/software/ch582/SRC/StdPeriphDriver/inc/CH58x_sys.h:187
   SAFEOPERATE;
20000aa2:	0000100f          	fence.i
e:/DuRuofu/Project/fr-ble-light/software/ch582/SRC/StdPeriphDriver/inc/CH58x_sys.h:188
   R8_SAFE_ACCESS_SIG = SAFE_ACCESS_SIG1;
20000aa6:	40001737          	lui	a4,0x40001
20000aaa:	05700693          	li	a3,87
20000aae:	04d70023          	sb	a3,64(a4) # 40001040 <_eusrstack+0x1fff9040>
e:/DuRuofu/Project/fr-ble-light/software/ch582/SRC/StdPeriphDriver/inc/CH58x_sys.h:189
   R8_SAFE_ACCESS_SIG = SAFE_ACCESS_SIG2;
20000ab2:	fa800693          	li	a3,-88
20000ab6:	04d70023          	sb	a3,64(a4)
e:/DuRuofu/Project/fr-ble-light/software/ch582/SRC/StdPeriphDriver/inc/CH58x_sys.h:190
   SAFEOPERATE;
20000aba:	0000100f          	fence.i
SetSysClock():
e:/DuRuofu/Project/fr-ble-light/software/ch582/SRC/StdPeriphDriver/CH58x_sys.c:82
            R8_FLASH_CFG = 0X02;
20000abe:	400026b7          	lui	a3,0x40002
20000ac2:	4609                	li	a2,2
20000ac4:	b5b5                	j	20000930 <SetSysClock+0x170>
sys_safe_access_enable():
e:/DuRuofu/Project/fr-ble-light/software/ch582/SRC/StdPeriphDriver/inc/CH58x_sys.h:182
   if(read_csr(0x800)&0x08)
20000ac6:	80002773          	csrr	a4,0x800
20000aca:	8b21                	andi	a4,a4,8
20000acc:	cb09                	beqz	a4,20000ade <SetSysClock+0x31e>
e:/DuRuofu/Project/fr-ble-light/software/ch582/SRC/StdPeriphDriver/inc/CH58x_sys.h:184
       IRQ_STA = read_csr(0x800);
20000ace:	80002773          	csrr	a4,0x800
20000ad2:	80e1a423          	sw	a4,-2040(gp) # 20001140 <_edata>
e:/DuRuofu/Project/fr-ble-light/software/ch582/SRC/StdPeriphDriver/inc/CH58x_sys.h:185
       write_csr(0x800, (IRQ_STA&(~0x08)));
20000ad6:	4398                	lw	a4,0(a5)
20000ad8:	9b5d                	andi	a4,a4,-9
20000ada:	80071073          	csrw	0x800,a4
e:/DuRuofu/Project/fr-ble-light/software/ch582/SRC/StdPeriphDriver/inc/CH58x_sys.h:187
   SAFEOPERATE;
20000ade:	0000100f          	fence.i
e:/DuRuofu/Project/fr-ble-light/software/ch582/SRC/StdPeriphDriver/inc/CH58x_sys.h:188
   R8_SAFE_ACCESS_SIG = SAFE_ACCESS_SIG1;
20000ae2:	40001737          	lui	a4,0x40001
20000ae6:	05700693          	li	a3,87
20000aea:	04d70023          	sb	a3,64(a4) # 40001040 <_eusrstack+0x1fff9040>
e:/DuRuofu/Project/fr-ble-light/software/ch582/SRC/StdPeriphDriver/inc/CH58x_sys.h:189
   R8_SAFE_ACCESS_SIG = SAFE_ACCESS_SIG2;
20000aee:	fa800693          	li	a3,-88
20000af2:	04d70023          	sb	a3,64(a4)
e:/DuRuofu/Project/fr-ble-light/software/ch582/SRC/StdPeriphDriver/inc/CH58x_sys.h:190
   SAFEOPERATE;
20000af6:	0000100f          	fence.i
SetSysClock():
e:/DuRuofu/Project/fr-ble-light/software/ch582/SRC/StdPeriphDriver/CH58x_sys.c:88
            R8_FLASH_CFG = 0X52;
20000afa:	400026b7          	lui	a3,0x40002
20000afe:	05200613          	li	a2,82
20000b02:	b53d                	j	20000930 <SetSysClock+0x170>
sys_safe_access_enable():
e:/DuRuofu/Project/fr-ble-light/software/ch582/SRC/StdPeriphDriver/inc/CH58x_sys.h:182
   if(read_csr(0x800)&0x08)
20000b04:	80002773          	csrr	a4,0x800
20000b08:	8b21                	andi	a4,a4,8
20000b0a:	cb09                	beqz	a4,20000b1c <SetSysClock+0x35c>
e:/DuRuofu/Project/fr-ble-light/software/ch582/SRC/StdPeriphDriver/inc/CH58x_sys.h:184
       IRQ_STA = read_csr(0x800);
20000b0c:	80002773          	csrr	a4,0x800
20000b10:	80e1a423          	sw	a4,-2040(gp) # 20001140 <_edata>
e:/DuRuofu/Project/fr-ble-light/software/ch582/SRC/StdPeriphDriver/inc/CH58x_sys.h:185
       write_csr(0x800, (IRQ_STA&(~0x08)));
20000b14:	4398                	lw	a4,0(a5)
20000b16:	9b5d                	andi	a4,a4,-9
20000b18:	80071073          	csrw	0x800,a4
e:/DuRuofu/Project/fr-ble-light/software/ch582/SRC/StdPeriphDriver/inc/CH58x_sys.h:187
   SAFEOPERATE;
20000b1c:	0000100f          	fence.i
e:/DuRuofu/Project/fr-ble-light/software/ch582/SRC/StdPeriphDriver/inc/CH58x_sys.h:188
   R8_SAFE_ACCESS_SIG = SAFE_ACCESS_SIG1;
20000b20:	40001737          	lui	a4,0x40001
20000b24:	05700693          	li	a3,87
20000b28:	04d70023          	sb	a3,64(a4) # 40001040 <_eusrstack+0x1fff9040>
e:/DuRuofu/Project/fr-ble-light/software/ch582/SRC/StdPeriphDriver/inc/CH58x_sys.h:189
   R8_SAFE_ACCESS_SIG = SAFE_ACCESS_SIG2;
20000b2c:	fa800693          	li	a3,-88
20000b30:	04d70023          	sb	a3,64(a4)
e:/DuRuofu/Project/fr-ble-light/software/ch582/SRC/StdPeriphDriver/inc/CH58x_sys.h:190
   SAFEOPERATE;
20000b34:	0000100f          	fence.i
SetSysClock():
e:/DuRuofu/Project/fr-ble-light/software/ch582/SRC/StdPeriphDriver/CH58x_sys.c:95
        R16_CLK_SYS_CFG |= RB_CLK_SYS_MOD;
20000b38:	00875683          	lhu	a3,8(a4)
20000b3c:	0c06e693          	ori	a3,a3,192
20000b40:	00d71423          	sh	a3,8(a4)
20000b44:	bbc5                	j	20000934 <SetSysClock+0x174>

20000b46 <SYS_ResetExecute>:
SYS_ResetExecute():
e:/DuRuofu/Project/fr-ble-light/software/ch582/SRC/StdPeriphDriver/CH58x_sys.c:164
 *
 * @return  none
 */
__HIGH_CODE
void SYS_ResetExecute(void)
{
20000b46:	1141                	addi	sp,sp,-16
e:/DuRuofu/Project/fr-ble-light/software/ch582/SRC/StdPeriphDriver/CH58x_sys.c:165
    FLASH_ROM_SW_RESET();
20000b48:	4681                	li	a3,0
20000b4a:	4601                	li	a2,0
20000b4c:	4581                	li	a1,0
20000b4e:	4511                	li	a0,4
e:/DuRuofu/Project/fr-ble-light/software/ch582/SRC/StdPeriphDriver/CH58x_sys.c:164
{
20000b50:	c606                	sw	ra,12(sp)
e:/DuRuofu/Project/fr-ble-light/software/ch582/SRC/StdPeriphDriver/CH58x_sys.c:165
    FLASH_ROM_SW_RESET();
20000b52:	2c19                	jal	20000d68 <FLASH_EEPROM_CMD>
sys_safe_access_enable():
e:/DuRuofu/Project/fr-ble-light/software/ch582/SRC/StdPeriphDriver/inc/CH58x_sys.h:182
   if(read_csr(0x800)&0x08)
20000b54:	800027f3          	csrr	a5,0x800
20000b58:	8ba1                	andi	a5,a5,8
20000b5a:	80818693          	addi	a3,gp,-2040 # 20001140 <_edata>
20000b5e:	cb89                	beqz	a5,20000b70 <SYS_ResetExecute+0x2a>
e:/DuRuofu/Project/fr-ble-light/software/ch582/SRC/StdPeriphDriver/inc/CH58x_sys.h:184
       IRQ_STA = read_csr(0x800);
20000b60:	800027f3          	csrr	a5,0x800
20000b64:	80f1a423          	sw	a5,-2040(gp) # 20001140 <_edata>
e:/DuRuofu/Project/fr-ble-light/software/ch582/SRC/StdPeriphDriver/inc/CH58x_sys.h:185
       write_csr(0x800, (IRQ_STA&(~0x08)));
20000b68:	429c                	lw	a5,0(a3)
20000b6a:	9bdd                	andi	a5,a5,-9
20000b6c:	80079073          	csrw	0x800,a5
e:/DuRuofu/Project/fr-ble-light/software/ch582/SRC/StdPeriphDriver/inc/CH58x_sys.h:187
   SAFEOPERATE;
20000b70:	0000100f          	fence.i
e:/DuRuofu/Project/fr-ble-light/software/ch582/SRC/StdPeriphDriver/inc/CH58x_sys.h:188
   R8_SAFE_ACCESS_SIG = SAFE_ACCESS_SIG1;
20000b74:	400017b7          	lui	a5,0x40001
20000b78:	05700713          	li	a4,87
20000b7c:	04e78023          	sb	a4,64(a5) # 40001040 <_eusrstack+0x1fff9040>
e:/DuRuofu/Project/fr-ble-light/software/ch582/SRC/StdPeriphDriver/inc/CH58x_sys.h:189
   R8_SAFE_ACCESS_SIG = SAFE_ACCESS_SIG2;
20000b80:	fa800713          	li	a4,-88
20000b84:	04e78023          	sb	a4,64(a5)
e:/DuRuofu/Project/fr-ble-light/software/ch582/SRC/StdPeriphDriver/inc/CH58x_sys.h:190
   SAFEOPERATE;
20000b88:	0000100f          	fence.i
SYS_ResetExecute():
e:/DuRuofu/Project/fr-ble-light/software/ch582/SRC/StdPeriphDriver/CH58x_sys.c:167
    sys_safe_access_enable();
    R8_RST_WDOG_CTRL |= RB_SOFTWARE_RESET;
20000b8c:	0467c703          	lbu	a4,70(a5)
20000b90:	00176713          	ori	a4,a4,1
20000b94:	04e78323          	sb	a4,70(a5)
sys_safe_access_disable():
e:/DuRuofu/Project/fr-ble-light/software/ch582/SRC/StdPeriphDriver/inc/CH58x_sys.h:195
   R8_SAFE_ACCESS_SIG = 0;
20000b98:	04078023          	sb	zero,64(a5)
e:/DuRuofu/Project/fr-ble-light/software/ch582/SRC/StdPeriphDriver/inc/CH58x_sys.h:196
   write_csr(0x800, read_csr(0x800)|(IRQ_STA&0x08));
20000b9c:	80002773          	csrr	a4,0x800
20000ba0:	429c                	lw	a5,0(a3)
20000ba2:	8ba1                	andi	a5,a5,8
20000ba4:	8fd9                	or	a5,a5,a4
20000ba6:	80079073          	csrw	0x800,a5
e:/DuRuofu/Project/fr-ble-light/software/ch582/SRC/StdPeriphDriver/inc/CH58x_sys.h:197
   IRQ_STA = 0;
20000baa:	8001a423          	sw	zero,-2040(gp) # 20001140 <_edata>
e:/DuRuofu/Project/fr-ble-light/software/ch582/SRC/StdPeriphDriver/inc/CH58x_sys.h:198
   SAFEOPERATE;
20000bae:	0000100f          	fence.i
SYS_ResetExecute():
e:/DuRuofu/Project/fr-ble-light/software/ch582/SRC/StdPeriphDriver/CH58x_sys.c:169
    sys_safe_access_disable();
}
20000bb2:	40b2                	lw	ra,12(sp)
20000bb4:	0141                	addi	sp,sp,16
20000bb6:	8082                	ret

20000bb8 <HardFault_Handler>:
HardFault_Handler():
e:/DuRuofu/Project/fr-ble-light/software/ch582/SRC/StdPeriphDriver/CH58x_sys.c:304
__INTERRUPT
__HIGH_CODE
__attribute__((weak))
void HardFault_Handler(void)
{
    FLASH_ROM_SW_RESET();
20000bb8:	4681                	li	a3,0
20000bba:	4601                	li	a2,0
20000bbc:	4581                	li	a1,0
20000bbe:	4511                	li	a0,4
20000bc0:	2265                	jal	20000d68 <FLASH_EEPROM_CMD>
sys_safe_access_enable():
e:/DuRuofu/Project/fr-ble-light/software/ch582/SRC/StdPeriphDriver/inc/CH58x_sys.h:182
   if(read_csr(0x800)&0x08)
20000bc2:	800027f3          	csrr	a5,0x800
20000bc6:	8ba1                	andi	a5,a5,8
20000bc8:	80818713          	addi	a4,gp,-2040 # 20001140 <_edata>
20000bcc:	cb89                	beqz	a5,20000bde <HardFault_Handler+0x26>
e:/DuRuofu/Project/fr-ble-light/software/ch582/SRC/StdPeriphDriver/inc/CH58x_sys.h:184
       IRQ_STA = read_csr(0x800);
20000bce:	800027f3          	csrr	a5,0x800
20000bd2:	80f1a423          	sw	a5,-2040(gp) # 20001140 <_edata>
e:/DuRuofu/Project/fr-ble-light/software/ch582/SRC/StdPeriphDriver/inc/CH58x_sys.h:185
       write_csr(0x800, (IRQ_STA&(~0x08)));
20000bd6:	431c                	lw	a5,0(a4)
20000bd8:	9bdd                	andi	a5,a5,-9
20000bda:	80079073          	csrw	0x800,a5
e:/DuRuofu/Project/fr-ble-light/software/ch582/SRC/StdPeriphDriver/inc/CH58x_sys.h:187
   SAFEOPERATE;
20000bde:	0000100f          	fence.i
e:/DuRuofu/Project/fr-ble-light/software/ch582/SRC/StdPeriphDriver/inc/CH58x_sys.h:188
   R8_SAFE_ACCESS_SIG = SAFE_ACCESS_SIG1;
20000be2:	400017b7          	lui	a5,0x40001
20000be6:	05700693          	li	a3,87
20000bea:	04d78023          	sb	a3,64(a5) # 40001040 <_eusrstack+0x1fff9040>
e:/DuRuofu/Project/fr-ble-light/software/ch582/SRC/StdPeriphDriver/inc/CH58x_sys.h:189
   R8_SAFE_ACCESS_SIG = SAFE_ACCESS_SIG2;
20000bee:	fa800693          	li	a3,-88
20000bf2:	04d78023          	sb	a3,64(a5)
e:/DuRuofu/Project/fr-ble-light/software/ch582/SRC/StdPeriphDriver/inc/CH58x_sys.h:190
   SAFEOPERATE;
20000bf6:	0000100f          	fence.i
HardFault_Handler():
e:/DuRuofu/Project/fr-ble-light/software/ch582/SRC/StdPeriphDriver/CH58x_sys.c:306
    sys_safe_access_enable();
    R16_INT32K_TUNE = 0xFFFF;
20000bfa:	56fd                	li	a3,-1
20000bfc:	02d79623          	sh	a3,44(a5)
sys_safe_access_disable():
e:/DuRuofu/Project/fr-ble-light/software/ch582/SRC/StdPeriphDriver/inc/CH58x_sys.h:195
   R8_SAFE_ACCESS_SIG = 0;
20000c00:	04078023          	sb	zero,64(a5)
e:/DuRuofu/Project/fr-ble-light/software/ch582/SRC/StdPeriphDriver/inc/CH58x_sys.h:196
   write_csr(0x800, read_csr(0x800)|(IRQ_STA&0x08));
20000c04:	800026f3          	csrr	a3,0x800
20000c08:	431c                	lw	a5,0(a4)
20000c0a:	8ba1                	andi	a5,a5,8
20000c0c:	8fd5                	or	a5,a5,a3
20000c0e:	80079073          	csrw	0x800,a5
e:/DuRuofu/Project/fr-ble-light/software/ch582/SRC/StdPeriphDriver/inc/CH58x_sys.h:197
   IRQ_STA = 0;
20000c12:	8001a423          	sw	zero,-2040(gp) # 20001140 <_edata>
e:/DuRuofu/Project/fr-ble-light/software/ch582/SRC/StdPeriphDriver/inc/CH58x_sys.h:198
   SAFEOPERATE;
20000c16:	0000100f          	fence.i
sys_safe_access_enable():
e:/DuRuofu/Project/fr-ble-light/software/ch582/SRC/StdPeriphDriver/inc/CH58x_sys.h:182
   if(read_csr(0x800)&0x08)
20000c1a:	800027f3          	csrr	a5,0x800
20000c1e:	8ba1                	andi	a5,a5,8
20000c20:	cb89                	beqz	a5,20000c32 <HardFault_Handler+0x7a>
e:/DuRuofu/Project/fr-ble-light/software/ch582/SRC/StdPeriphDriver/inc/CH58x_sys.h:184
       IRQ_STA = read_csr(0x800);
20000c22:	800027f3          	csrr	a5,0x800
20000c26:	80f1a423          	sw	a5,-2040(gp) # 20001140 <_edata>
e:/DuRuofu/Project/fr-ble-light/software/ch582/SRC/StdPeriphDriver/inc/CH58x_sys.h:185
       write_csr(0x800, (IRQ_STA&(~0x08)));
20000c2a:	431c                	lw	a5,0(a4)
20000c2c:	9bdd                	andi	a5,a5,-9
20000c2e:	80079073          	csrw	0x800,a5
e:/DuRuofu/Project/fr-ble-light/software/ch582/SRC/StdPeriphDriver/inc/CH58x_sys.h:187
   SAFEOPERATE;
20000c32:	0000100f          	fence.i
e:/DuRuofu/Project/fr-ble-light/software/ch582/SRC/StdPeriphDriver/inc/CH58x_sys.h:188
   R8_SAFE_ACCESS_SIG = SAFE_ACCESS_SIG1;
20000c36:	400017b7          	lui	a5,0x40001
20000c3a:	05700693          	li	a3,87
20000c3e:	04d78023          	sb	a3,64(a5) # 40001040 <_eusrstack+0x1fff9040>
e:/DuRuofu/Project/fr-ble-light/software/ch582/SRC/StdPeriphDriver/inc/CH58x_sys.h:189
   R8_SAFE_ACCESS_SIG = SAFE_ACCESS_SIG2;
20000c42:	fa800693          	li	a3,-88
20000c46:	04d78023          	sb	a3,64(a5)
e:/DuRuofu/Project/fr-ble-light/software/ch582/SRC/StdPeriphDriver/inc/CH58x_sys.h:190
   SAFEOPERATE;
20000c4a:	0000100f          	fence.i
HardFault_Handler():
e:/DuRuofu/Project/fr-ble-light/software/ch582/SRC/StdPeriphDriver/CH58x_sys.c:309
	sys_safe_access_disable();
    sys_safe_access_enable();
    R8_RST_WDOG_CTRL |= RB_SOFTWARE_RESET;
20000c4e:	0467c683          	lbu	a3,70(a5)
20000c52:	0016e693          	ori	a3,a3,1
20000c56:	04d78323          	sb	a3,70(a5)
sys_safe_access_disable():
e:/DuRuofu/Project/fr-ble-light/software/ch582/SRC/StdPeriphDriver/inc/CH58x_sys.h:195
   R8_SAFE_ACCESS_SIG = 0;
20000c5a:	04078023          	sb	zero,64(a5)
e:/DuRuofu/Project/fr-ble-light/software/ch582/SRC/StdPeriphDriver/inc/CH58x_sys.h:196
   write_csr(0x800, read_csr(0x800)|(IRQ_STA&0x08));
20000c5e:	800026f3          	csrr	a3,0x800
20000c62:	431c                	lw	a5,0(a4)
20000c64:	8ba1                	andi	a5,a5,8
20000c66:	8fd5                	or	a5,a5,a3
20000c68:	80079073          	csrw	0x800,a5
e:/DuRuofu/Project/fr-ble-light/software/ch582/SRC/StdPeriphDriver/inc/CH58x_sys.h:197
   IRQ_STA = 0;
20000c6c:	8001a423          	sw	zero,-2040(gp) # 20001140 <_edata>
e:/DuRuofu/Project/fr-ble-light/software/ch582/SRC/StdPeriphDriver/inc/CH58x_sys.h:198
   SAFEOPERATE;
20000c70:	0000100f          	fence.i
HardFault_Handler():
e:/DuRuofu/Project/fr-ble-light/software/ch582/SRC/StdPeriphDriver/CH58x_sys.c:311 (discriminator 1)
    sys_safe_access_disable();
    while(1);
20000c74:	a001                	j	20000c74 <HardFault_Handler+0xbc>

20000c76 <mDelayuS>:
mDelayuS():
e:/DuRuofu/Project/fr-ble-light/software/ch582/SRC/StdPeriphDriver/CH58x_sys.c:330
{
    uint32_t i;
#if(FREQ_SYS == 80000000)
    i = t * 20;
#elif(FREQ_SYS == 60000000)
    i = t * 15;
20000c76:	47bd                	li	a5,15
20000c78:	02f50533          	mul	a0,a0,a5
e:/DuRuofu/Project/fr-ble-light/software/ch582/SRC/StdPeriphDriver/CH58x_sys.c:354 (discriminator 1)
#else
    i = t << 1;
#endif
    do
    {
        __nop();
20000c7c:	0001                	nop
e:/DuRuofu/Project/fr-ble-light/software/ch582/SRC/StdPeriphDriver/CH58x_sys.c:355 (discriminator 1)
    } while(--i);
20000c7e:	157d                	addi	a0,a0,-1
20000c80:	fd75                	bnez	a0,20000c7c <mDelayuS+0x6>
e:/DuRuofu/Project/fr-ble-light/software/ch582/SRC/StdPeriphDriver/CH58x_sys.c:356
}
20000c82:	8082                	ret

20000c84 <mDelaymS>:
mDelaymS():
e:/DuRuofu/Project/fr-ble-light/software/ch582/SRC/StdPeriphDriver/CH58x_sys.c:369
 *
 * @return  none
 */
__HIGH_CODE
void mDelaymS(uint16_t t)
{
20000c84:	1141                	addi	sp,sp,-16
20000c86:	c422                	sw	s0,8(sp)
20000c88:	c226                	sw	s1,4(sp)
20000c8a:	c606                	sw	ra,12(sp)
20000c8c:	84aa                	mv	s1,a0
e:/DuRuofu/Project/fr-ble-light/software/ch582/SRC/StdPeriphDriver/CH58x_sys.c:372
    uint16_t i;

    for(i = 0; i < t; i++)
20000c8e:	4401                	li	s0,0
e:/DuRuofu/Project/fr-ble-light/software/ch582/SRC/StdPeriphDriver/CH58x_sys.c:372 (discriminator 1)
20000c90:	00941763          	bne	s0,s1,20000c9e <mDelaymS+0x1a>
e:/DuRuofu/Project/fr-ble-light/software/ch582/SRC/StdPeriphDriver/CH58x_sys.c:376
    {
        mDelayuS(1000);
    }
}
20000c94:	40b2                	lw	ra,12(sp)
20000c96:	4422                	lw	s0,8(sp)
20000c98:	4492                	lw	s1,4(sp)
20000c9a:	0141                	addi	sp,sp,16
20000c9c:	8082                	ret
e:/DuRuofu/Project/fr-ble-light/software/ch582/SRC/StdPeriphDriver/CH58x_sys.c:372 (discriminator 3)
    for(i = 0; i < t; i++)
20000c9e:	0405                	addi	s0,s0,1
e:/DuRuofu/Project/fr-ble-light/software/ch582/SRC/StdPeriphDriver/CH58x_sys.c:374 (discriminator 3)
        mDelayuS(1000);
20000ca0:	3e800513          	li	a0,1000
e:/DuRuofu/Project/fr-ble-light/software/ch582/SRC/StdPeriphDriver/CH58x_sys.c:372 (discriminator 3)
    for(i = 0; i < t; i++)
20000ca4:	0442                	slli	s0,s0,0x10
e:/DuRuofu/Project/fr-ble-light/software/ch582/SRC/StdPeriphDriver/CH58x_sys.c:374 (discriminator 3)
        mDelayuS(1000);
20000ca6:	3fc1                	jal	20000c76 <mDelayuS>
e:/DuRuofu/Project/fr-ble-light/software/ch582/SRC/StdPeriphDriver/CH58x_sys.c:372 (discriminator 3)
    for(i = 0; i < t; i++)
20000ca8:	8041                	srli	s0,s0,0x10
20000caa:	b7dd                	j	20000c90 <mDelaymS+0xc>

20000cac <FLASH_ROM_BEG>:
FLASH_ROM_BEG():
20000cac:	80040323          	sb	zero,-2042(s0)
20000cb0:	4715                	li	a4,5
20000cb2:	80e40323          	sb	a4,-2042(s0)
20000cb6:	0001                	nop
20000cb8:	80a40223          	sb	a0,-2044(s0)
20000cbc:	8082                	ret

20000cbe <FLASH_ROM_END>:
FLASH_ROM_END():
20000cbe:	80640783          	lb	a5,-2042(s0)
20000cc2:	fe07cee3          	bltz	a5,20000cbe <FLASH_ROM_END>
20000cc6:	80040323          	sb	zero,-2042(s0)
20000cca:	8082                	ret

20000ccc <FLASH_ROM_IN>:
FLASH_ROM_IN():
20000ccc:	80640783          	lb	a5,-2042(s0)
20000cd0:	fe07cee3          	bltz	a5,20000ccc <FLASH_ROM_IN>
20000cd4:	80444503          	lbu	a0,-2044(s0)
20000cd8:	8082                	ret

20000cda <FLASH_ROM_OUT>:
FLASH_ROM_OUT():
20000cda:	80640783          	lb	a5,-2042(s0)
20000cde:	fe07cee3          	bltz	a5,20000cda <FLASH_ROM_OUT>
20000ce2:	80a40223          	sb	a0,-2044(s0)
20000ce6:	8082                	ret

20000ce8 <FLASH_ROM_ADDR>:
FLASH_ROM_ADDR():
20000ce8:	1141                	addi	sp,sp,-16
20000cea:	c426                	sw	s1,8(sp)
20000cec:	c24a                	sw	s2,4(sp)
20000cee:	c04e                	sw	s3,0(sp)
20000cf0:	c606                	sw	ra,12(sp)
20000cf2:	0bf57713          	andi	a4,a0,191
20000cf6:	47ad                	li	a5,11
20000cf8:	89aa                	mv	s3,a0
20000cfa:	892e                	mv	s2,a1
20000cfc:	4495                	li	s1,5
20000cfe:	00f70663          	beq	a4,a5,20000d0a <FLASH_ROM_ADDR+0x22>
20000d02:	4519                	li	a0,6
20000d04:	3765                	jal	20000cac <FLASH_ROM_BEG>
20000d06:	3f65                	jal	20000cbe <FLASH_ROM_END>
20000d08:	448d                	li	s1,3
20000d0a:	854e                	mv	a0,s3
20000d0c:	3745                	jal	20000cac <FLASH_ROM_BEG>
20000d0e:	59fd                	li	s3,-1
20000d10:	14fd                	addi	s1,s1,-1
20000d12:	01349863          	bne	s1,s3,20000d22 <FLASH_ROM_ADDR+0x3a>
20000d16:	40b2                	lw	ra,12(sp)
20000d18:	44a2                	lw	s1,8(sp)
20000d1a:	4912                	lw	s2,4(sp)
20000d1c:	4982                	lw	s3,0(sp)
20000d1e:	0141                	addi	sp,sp,16
20000d20:	8082                	ret
20000d22:	01095513          	srli	a0,s2,0x10
20000d26:	0ff57513          	andi	a0,a0,255
20000d2a:	3f45                	jal	20000cda <FLASH_ROM_OUT>
20000d2c:	0922                	slli	s2,s2,0x8
20000d2e:	b7cd                	j	20000d10 <FLASH_ROM_ADDR+0x28>

20000d30 <FLASH_ROM_WAIT>:
FLASH_ROM_WAIT():
20000d30:	1101                	addi	sp,sp,-32
20000d32:	cc26                	sw	s1,24(sp)
20000d34:	ce06                	sw	ra,28(sp)
20000d36:	000804b7          	lui	s1,0x80
20000d3a:	3751                	jal	20000cbe <FLASH_ROM_END>
20000d3c:	4515                	li	a0,5
20000d3e:	37bd                	jal	20000cac <FLASH_ROM_BEG>
20000d40:	3771                	jal	20000ccc <FLASH_ROM_IN>
20000d42:	3769                	jal	20000ccc <FLASH_ROM_IN>
20000d44:	c62a                	sw	a0,12(sp)
20000d46:	3fa5                	jal	20000cbe <FLASH_ROM_END>
20000d48:	4532                	lw	a0,12(sp)
20000d4a:	00157793          	andi	a5,a0,1
20000d4e:	eb89                	bnez	a5,20000d60 <FLASH_ROM_WAIT+0x30>
20000d50:	00156513          	ori	a0,a0,1
20000d54:	0ff57513          	andi	a0,a0,255
20000d58:	40f2                	lw	ra,28(sp)
20000d5a:	44e2                	lw	s1,24(sp)
20000d5c:	6105                	addi	sp,sp,32
20000d5e:	8082                	ret
20000d60:	14fd                	addi	s1,s1,-1
20000d62:	fce9                	bnez	s1,20000d3c <FLASH_ROM_WAIT+0xc>
20000d64:	4501                	li	a0,0
20000d66:	bfcd                	j	20000d58 <FLASH_ROM_WAIT+0x28>

20000d68 <FLASH_EEPROM_CMD>:
FLASH_EEPROM_CMD():
20000d68:	7139                	addi	sp,sp,-64
20000d6a:	dc26                	sw	s1,56(sp)
20000d6c:	da4a                	sw	s2,52(sp)
20000d6e:	d84e                	sw	s3,48(sp)
20000d70:	d652                	sw	s4,44(sp)
20000d72:	d456                	sw	s5,40(sp)
20000d74:	d25a                	sw	s6,36(sp)
20000d76:	d05e                	sw	s7,32(sp)
20000d78:	de06                	sw	ra,60(sp)
20000d7a:	ce62                	sw	s8,28(sp)
20000d7c:	cc66                	sw	s9,24(sp)
20000d7e:	e000e7b7          	lui	a5,0xe000e
20000d82:	577d                	li	a4,-1
20000d84:	0007aa83          	lw	s5,0(a5) # e000e000 <_eusrstack+0xc0006000>
20000d88:	c622                	sw	s0,12(sp)
20000d8a:	0047aa03          	lw	s4,4(a5)
20000d8e:	18e7a023          	sw	a4,384(a5)
20000d92:	18e7a223          	sw	a4,388(a5)
20000d96:	400017b7          	lui	a5,0x40001
20000d9a:	05700713          	li	a4,87
20000d9e:	04e78023          	sb	a4,64(a5) # 40001040 <_eusrstack+0x1fff9040>
20000da2:	fa800713          	li	a4,-88
20000da6:	04e78023          	sb	a4,64(a5)
20000daa:	0447c783          	lbu	a5,68(a5)
20000dae:	ff750b93          	addi	s7,a0,-9
20000db2:	84b6                	mv	s1,a3
20000db4:	07e2                	slli	a5,a5,0x18
20000db6:	0ffbfb93          	andi	s7,s7,255
20000dba:	4685                	li	a3,1
20000dbc:	89aa                	mv	s3,a0
20000dbe:	8b2e                	mv	s6,a1
20000dc0:	8932                	mv	s2,a2
20000dc2:	40002437          	lui	s0,0x40002
20000dc6:	87e1                	srai	a5,a5,0x18
20000dc8:	5701                	li	a4,-32
20000dca:	0176fa63          	bgeu	a3,s7,20000dde <FLASH_EEPROM_CMD+0x76>
20000dce:	00d50863          	beq	a0,a3,20000dde <FLASH_EEPROM_CMD+0x76>
20000dd2:	4689                	li	a3,2
20000dd4:	02000713          	li	a4,32
20000dd8:	00d51363          	bne	a0,a3,20000dde <FLASH_EEPROM_CMD+0x76>
20000ddc:	5701                	li	a4,-32
20000dde:	8fd9                	or	a5,a5,a4
20000de0:	0ff7f793          	andi	a5,a5,255
20000de4:	40001cb7          	lui	s9,0x40001
20000de8:	04fc8223          	sb	a5,68(s9) # 40001044 <_eusrstack+0x1fff9044>
20000dec:	4711                	li	a4,4
20000dee:	80e40323          	sb	a4,-2042(s0) # 40001806 <_eusrstack+0x1fff9806>
20000df2:	0ff00513          	li	a0,255
20000df6:	3d5d                	jal	20000cac <FLASH_ROM_BEG>
20000df8:	4c09                	li	s8,2
20000dfa:	35d1                	jal	20000cbe <FLASH_ROM_END>
20000dfc:	117c6d63          	bltu	s8,s7,20000f16 <FLASH_EEPROM_CMD+0x1ae>
20000e00:	000705b7          	lui	a1,0x70
20000e04:	95da                	add	a1,a1,s6
20000e06:	00078737          	lui	a4,0x78
20000e0a:	5579                	li	a0,-2
20000e0c:	04e5f263          	bgeu	a1,a4,20000e50 <FLASH_EEPROM_CMD+0xe8>
20000e10:	009587b3          	add	a5,a1,s1
20000e14:	02f76e63          	bltu	a4,a5,20000e50 <FLASH_EEPROM_CMD+0xe8>
20000e18:	00080b37          	lui	s6,0x80
20000e1c:	47a9                	li	a5,10
20000e1e:	0165eb33          	or	s6,a1,s6
20000e22:	06f99963          	bne	s3,a5,20000e94 <FLASH_EEPROM_CMD+0x12c>
20000e26:	e489                	bnez	s1,20000e30 <FLASH_EEPROM_CMD+0xc8>
20000e28:	4481                	li	s1,0
20000e2a:	3d51                	jal	20000cbe <FLASH_ROM_END>
20000e2c:	8526                	mv	a0,s1
20000e2e:	a00d                	j	20000e50 <FLASH_EEPROM_CMD+0xe8>
20000e30:	85da                	mv	a1,s6
20000e32:	4509                	li	a0,2
20000e34:	3d55                	jal	20000ce8 <FLASH_ROM_ADDR>
20000e36:	0905                	addi	s2,s2,1
20000e38:	fff94503          	lbu	a0,-1(s2)
20000e3c:	14fd                	addi	s1,s1,-1
20000e3e:	0b05                	addi	s6,s6,1
20000e40:	3d69                	jal	20000cda <FLASH_ROM_OUT>
20000e42:	c481                	beqz	s1,20000e4a <FLASH_EEPROM_CMD+0xe2>
20000e44:	0ffb7793          	andi	a5,s6,255
20000e48:	f7fd                	bnez	a5,20000e36 <FLASH_EEPROM_CMD+0xce>
20000e4a:	35dd                	jal	20000d30 <FLASH_ROM_WAIT>
20000e4c:	fd69                	bnez	a0,20000e26 <FLASH_EEPROM_CMD+0xbe>
20000e4e:	557d                	li	a0,-1
20000e50:	400017b7          	lui	a5,0x40001
20000e54:	05700713          	li	a4,87
20000e58:	04e78023          	sb	a4,64(a5) # 40001040 <_eusrstack+0x1fff9040>
20000e5c:	fa800713          	li	a4,-88
20000e60:	04e78023          	sb	a4,64(a5)
20000e64:	0447c703          	lbu	a4,68(a5)
20000e68:	8b41                	andi	a4,a4,16
20000e6a:	04e78223          	sb	a4,68(a5)
20000e6e:	50f2                	lw	ra,60(sp)
20000e70:	e000e7b7          	lui	a5,0xe000e
20000e74:	1157a023          	sw	s5,256(a5) # e000e100 <_eusrstack+0xc0006100>
20000e78:	1147a223          	sw	s4,260(a5)
20000e7c:	54e2                	lw	s1,56(sp)
20000e7e:	4432                	lw	s0,12(sp)
20000e80:	5952                	lw	s2,52(sp)
20000e82:	59c2                	lw	s3,48(sp)
20000e84:	5a32                	lw	s4,44(sp)
20000e86:	5aa2                	lw	s5,40(sp)
20000e88:	5b12                	lw	s6,36(sp)
20000e8a:	5b82                	lw	s7,32(sp)
20000e8c:	4c72                	lw	s8,28(sp)
20000e8e:	4ce2                	lw	s9,24(sp)
20000e90:	6121                	addi	sp,sp,64
20000e92:	8082                	ret
20000e94:	47a5                	li	a5,9
20000e96:	06f99563          	bne	s3,a5,20000f00 <FLASH_EEPROM_CMD+0x198>
20000e9a:	6985                	lui	s3,0x1
20000e9c:	0ff00913          	li	s2,255
20000ea0:	009906b3          	add	a3,s2,s1
20000ea4:	012b74b3          	and	s1,s6,s2
20000ea8:	94b6                	add	s1,s1,a3
20000eaa:	fff94913          	not	s2,s2
20000eae:	009974b3          	and	s1,s2,s1
20000eb2:	6b85                	lui	s7,0x1
20000eb4:	01697933          	and	s2,s2,s6
20000eb8:	6b41                	lui	s6,0x10
20000eba:	fff98793          	addi	a5,s3,-1 # fff <__stack_size+0xdff>
20000ebe:	0127f7b3          	and	a5,a5,s2
20000ec2:	e399                	bnez	a5,20000ec8 <FLASH_EEPROM_CMD+0x160>
20000ec4:	0134fc63          	bgeu	s1,s3,20000edc <FLASH_EEPROM_CMD+0x174>
20000ec8:	0049d993          	srli	s3,s3,0x4
20000ecc:	47c1                	li	a5,16
20000ece:	ff37e6e3          	bltu	a5,s3,20000eba <FLASH_EEPROM_CMD+0x152>
20000ed2:	bf99                	j	20000e28 <FLASH_EEPROM_CMD+0xc0>
20000ed4:	6905                	lui	s2,0x1
20000ed6:	69c1                	lui	s3,0x10
20000ed8:	197d                	addi	s2,s2,-1
20000eda:	b7d9                	j	20000ea0 <FLASH_EEPROM_CMD+0x138>
20000edc:	0d800513          	li	a0,216
20000ee0:	01698863          	beq	s3,s6,20000ef0 <FLASH_EEPROM_CMD+0x188>
20000ee4:	02000513          	li	a0,32
20000ee8:	01798463          	beq	s3,s7,20000ef0 <FLASH_EEPROM_CMD+0x188>
20000eec:	08100513          	li	a0,129
20000ef0:	85ca                	mv	a1,s2
20000ef2:	3bdd                	jal	20000ce8 <FLASH_ROM_ADDR>
20000ef4:	3d35                	jal	20000d30 <FLASH_ROM_WAIT>
20000ef6:	dd21                	beqz	a0,20000e4e <FLASH_EEPROM_CMD+0xe6>
20000ef8:	994e                	add	s2,s2,s3
20000efa:	413484b3          	sub	s1,s1,s3
20000efe:	b7d9                	j	20000ec4 <FLASH_EEPROM_CMD+0x15c>
20000f00:	85da                	mv	a1,s6
20000f02:	452d                	li	a0,11
20000f04:	33d5                	jal	20000ce8 <FLASH_ROM_ADDR>
20000f06:	94ca                	add	s1,s1,s2
20000f08:	f29900e3          	beq	s2,s1,20000e28 <FLASH_EEPROM_CMD+0xc0>
20000f0c:	0905                	addi	s2,s2,1
20000f0e:	3b7d                	jal	20000ccc <FLASH_ROM_IN>
20000f10:	fea90fa3          	sb	a0,-1(s2) # fff <__stack_size+0xdff>
20000f14:	bfd5                	j	20000f08 <FLASH_EEPROM_CMD+0x1a0>
20000f16:	fff98793          	addi	a5,s3,-1 # ffff <_data_lma+0xdbb3>
20000f1a:	0ff7f793          	andi	a5,a5,255
20000f1e:	0cfc6163          	bltu	s8,a5,20000fe0 <.loop402+0x7a>
20000f22:	041cc783          	lbu	a5,65(s9)
20000f26:	08300713          	li	a4,131
20000f2a:	04f71f63          	bne	a4,a5,20000f88 <.loop402+0x22>
20000f2e:	00080737          	lui	a4,0x80
20000f32:	04eb6b63          	bltu	s6,a4,20000f88 <.loop402+0x22>
20000f36:	009b07b3          	add	a5,s6,s1
20000f3a:	001006b7          	lui	a3,0x100
20000f3e:	04d7f563          	bgeu	a5,a3,20000f88 <.loop402+0x22>
20000f42:	00eb4b33          	xor	s6,s6,a4
20000f46:	4789                	li	a5,2
20000f48:	06f99363          	bne	s3,a5,20000fae <.loop402+0x48>
20000f4c:	8089                	srli	s1,s1,0x2
20000f4e:	49d5                	li	s3,21
20000f50:	ec048ce3          	beqz	s1,20000e28 <FLASH_EEPROM_CMD+0xc0>
20000f54:	85da                	mv	a1,s6
20000f56:	4509                	li	a0,2
20000f58:	3b41                	jal	20000ce8 <FLASH_ROM_ADDR>
20000f5a:	0911                	addi	s2,s2,4
20000f5c:	ffc92703          	lw	a4,-4(s2)
20000f60:	4791                	li	a5,4
20000f62:	80e42023          	sw	a4,-2048(s0)

20000f66 <.loop402>:
20000f66:	80640703          	lb	a4,-2042(s0)
20000f6a:	fe074ee3          	bltz	a4,20000f66 <.loop402>
20000f6e:	81340323          	sb	s3,-2042(s0)
20000f72:	17fd                	addi	a5,a5,-1
20000f74:	fbed                	bnez	a5,20000f66 <.loop402>
20000f76:	14fd                	addi	s1,s1,-1
20000f78:	0b11                	addi	s6,s6,4
20000f7a:	c481                	beqz	s1,20000f82 <.loop402+0x1c>
20000f7c:	0ffb7793          	andi	a5,s6,255
20000f80:	ffe9                	bnez	a5,20000f5a <FLASH_EEPROM_CMD+0x1f2>
20000f82:	337d                	jal	20000d30 <FLASH_ROM_WAIT>
20000f84:	f571                	bnez	a0,20000f50 <FLASH_EEPROM_CMD+0x1e8>
20000f86:	b5e1                	j	20000e4e <FLASH_EEPROM_CMD+0xe6>
20000f88:	400017b7          	lui	a5,0x40001
20000f8c:	0457c703          	lbu	a4,69(a5) # 40001045 <_eusrstack+0x1fff9045>
20000f90:	000807b7          	lui	a5,0x80
20000f94:	02077713          	andi	a4,a4,32
20000f98:	e319                	bnez	a4,20000f9e <.loop402+0x38>
20000f9a:	000787b7          	lui	a5,0x78
20000f9e:	5579                	li	a0,-2
20000fa0:	eafb78e3          	bgeu	s6,a5,20000e50 <FLASH_EEPROM_CMD+0xe8>
20000fa4:	009b0733          	add	a4,s6,s1
20000fa8:	f8e7ffe3          	bgeu	a5,a4,20000f46 <FLASH_EEPROM_CMD+0x1de>
20000fac:	b555                	j	20000e50 <FLASH_EEPROM_CMD+0xe8>
20000fae:	4785                	li	a5,1
20000fb0:	f2f982e3          	beq	s3,a5,20000ed4 <FLASH_EEPROM_CMD+0x16c>
20000fb4:	85da                	mv	a1,s6
20000fb6:	452d                	li	a0,11
20000fb8:	3b05                	jal	20000ce8 <FLASH_ROM_ADDR>
20000fba:	fff48993          	addi	s3,s1,-1 # 7ffff <_data_lma+0x7dbb3>
20000fbe:	e60485e3          	beqz	s1,20000e28 <FLASH_EEPROM_CMD+0xc0>
20000fc2:	3329                	jal	20000ccc <FLASH_ROM_IN>
20000fc4:	0039f793          	andi	a5,s3,3
20000fc8:	eb91                	bnez	a5,20000fdc <.loop402+0x76>
20000fca:	80042683          	lw	a3,-2048(s0)
20000fce:	00092703          	lw	a4,0(s2)
20000fd2:	00490793          	addi	a5,s2,4
20000fd6:	e4e69ae3          	bne	a3,a4,20000e2a <FLASH_EEPROM_CMD+0xc2>
20000fda:	893e                	mv	s2,a5
20000fdc:	84ce                	mv	s1,s3
20000fde:	bff1                	j	20000fba <.loop402+0x54>
20000fe0:	47b5                	li	a5,13
20000fe2:	00f99663          	bne	s3,a5,20000fee <.loop402+0x88>
20000fe6:	0b900513          	li	a0,185
20000fea:	31c9                	jal	20000cac <FLASH_ROM_BEG>
20000fec:	bd35                	j	20000e28 <FLASH_EEPROM_CMD+0xc0>
20000fee:	47b1                	li	a5,12
20000ff0:	0ab00513          	li	a0,171
20000ff4:	fef98be3          	beq	s3,a5,20000fea <.loop402+0x84>
20000ff8:	4799                	li	a5,6
20000ffa:	04f99163          	bne	s3,a5,2000103c <.loop402+0xd6>
20000ffe:	000805b7          	lui	a1,0x80
20001002:	00bb65b3          	or	a1,s6,a1
20001006:	452d                	li	a0,11
20001008:	31c5                	jal	20000ce8 <FLASH_ROM_ADDR>
2000100a:	4481                	li	s1,0
2000100c:	4b8d                	li	s7,3
2000100e:	49a1                	li	s3,8
20001010:	3975                	jal	20000ccc <FLASH_ROM_IN>
20001012:	01749663          	bne	s1,s7,2000101e <.loop402+0xb8>
20001016:	80042783          	lw	a5,-2048(s0)
2000101a:	00f92023          	sw	a5,0(s2)
2000101e:	0485                	addi	s1,s1,1
20001020:	ff3498e3          	bne	s1,s3,20001010 <.loop402+0xaa>
20001024:	80042783          	lw	a5,-2048(s0)
20001028:	012b1713          	slli	a4,s6,0x12
2000102c:	00075563          	bgez	a4,20001036 <.loop402+0xd0>
20001030:	00f91223          	sh	a5,4(s2)
20001034:	bbd5                	j	20000e28 <FLASH_EEPROM_CMD+0xc0>
20001036:	00f92223          	sw	a5,4(s2)
2000103a:	b3fd                	j	20000e28 <FLASH_EEPROM_CMD+0xc0>
2000103c:	479d                	li	a5,7
2000103e:	02f99963          	bne	s3,a5,20001070 <.loop402+0x10a>
20001042:	4581                	li	a1,0
20001044:	04b00513          	li	a0,75
20001048:	3145                	jal	20000ce8 <FLASH_ROM_ADDR>
2000104a:	44bd                	li	s1,15
2000104c:	00092023          	sw	zero,0(s2)
20001050:	00092223          	sw	zero,4(s2)
20001054:	59fd                	li	s3,-1
20001056:	399d                	jal	20000ccc <FLASH_ROM_IN>
20001058:	0074f793          	andi	a5,s1,7
2000105c:	97ca                	add	a5,a5,s2
2000105e:	0007c703          	lbu	a4,0(a5) # 78000 <_data_lma+0x75bb4>
20001062:	14fd                	addi	s1,s1,-1
20001064:	8d39                	xor	a0,a0,a4
20001066:	00a78023          	sb	a0,0(a5)
2000106a:	ff3496e3          	bne	s1,s3,20001056 <.loop402+0xf0>
2000106e:	bb6d                	j	20000e28 <FLASH_EEPROM_CMD+0xc0>
20001070:	47a1                	li	a5,8
20001072:	04f99263          	bne	s3,a5,200010b6 <.loop402+0x150>
20001076:	396d                	jal	20000d30 <FLASH_ROM_WAIT>
20001078:	4481                	li	s1,0
2000107a:	000b0d63          	beqz	s6,20001094 <.loop402+0x12e>
2000107e:	478d                	li	a5,3
20001080:	03c00493          	li	s1,60
20001084:	00fb0863          	beq	s6,a5,20001094 <.loop402+0x12e>
20001088:	05000493          	li	s1,80
2000108c:	018b0463          	beq	s6,s8,20001094 <.loop402+0x12e>
20001090:	04400493          	li	s1,68
20001094:	07c57513          	andi	a0,a0,124
20001098:	d89508e3          	beq	a0,s1,20000e28 <FLASH_EEPROM_CMD+0xc0>
2000109c:	4519                	li	a0,6
2000109e:	3139                	jal	20000cac <FLASH_ROM_BEG>
200010a0:	3939                	jal	20000cbe <FLASH_ROM_END>
200010a2:	4505                	li	a0,1
200010a4:	3121                	jal	20000cac <FLASH_ROM_BEG>
200010a6:	8526                	mv	a0,s1
200010a8:	390d                	jal	20000cda <FLASH_ROM_OUT>
200010aa:	4509                	li	a0,2
200010ac:	313d                	jal	20000cda <FLASH_ROM_OUT>
200010ae:	3149                	jal	20000d30 <FLASH_ROM_WAIT>
200010b0:	d6051ce3          	bnez	a0,20000e28 <FLASH_EEPROM_CMD+0xc0>
200010b4:	bb69                	j	20000e4e <FLASH_EEPROM_CMD+0xe6>
200010b6:	4791                	li	a5,4
200010b8:	00f99963          	bne	s3,a5,200010ca <.loop402+0x164>
200010bc:	06600513          	li	a0,102
200010c0:	36f5                	jal	20000cac <FLASH_ROM_BEG>
200010c2:	3ef5                	jal	20000cbe <FLASH_ROM_END>
200010c4:	09900513          	li	a0,153
200010c8:	b70d                	j	20000fea <.loop402+0x84>
200010ca:	d4098fe3          	beqz	s3,20000e28 <FLASH_EEPROM_CMD+0xc0>
200010ce:	54f1                	li	s1,-4
200010d0:	bba9                	j	20000e2a <FLASH_EEPROM_CMD+0xc2>
	...

Disassembly of section .text:

000010d8 <handle_reset>:
handle_reset():
e:/DuRuofu/Project/fr-ble-light/software/ch582/SRC/Startup/startup_CH583.S:129
	.weak	handle_reset
	.align	1
handle_reset:
.option push 
.option	norelax 
	la gp, __global_pointer$
    10d8:	20001197          	auipc	gp,0x20001
    10dc:	86018193          	addi	gp,gp,-1952 # 20001938 <__global_pointer$>
e:/DuRuofu/Project/fr-ble-light/software/ch582/SRC/Startup/startup_CH583.S:132
.option	pop 
1:
	la sp, _eusrstack 
    10e0:	20007117          	auipc	sp,0x20007
    10e4:	f2010113          	addi	sp,sp,-224 # 20008000 <_eusrstack>
e:/DuRuofu/Project/fr-ble-light/software/ch582/SRC/Startup/startup_CH583.S:136

/* Load highcode code  section from flash to RAM */
2:
    la a0, _highcode_lma
    10e8:	00400513          	li	a0,4
e:/DuRuofu/Project/fr-ble-light/software/ch582/SRC/Startup/startup_CH583.S:137
    la a1, _highcode_vma_start
    10ec:	1ffff597          	auipc	a1,0x1ffff
    10f0:	f1458593          	addi	a1,a1,-236 # 20000000 <_highcode_vma_start>
e:/DuRuofu/Project/fr-ble-light/software/ch582/SRC/Startup/startup_CH583.S:138
    la a2, _highcode_vma_end
    10f4:	20000617          	auipc	a2,0x20000
    10f8:	fe060613          	addi	a2,a2,-32 # 200010d4 <_highcode_vma_end>
e:/DuRuofu/Project/fr-ble-light/software/ch582/SRC/Startup/startup_CH583.S:139
    bgeu a1, a2, 2f
    10fc:	00c5fa63          	bgeu	a1,a2,1110 <handle_reset+0x38>
e:/DuRuofu/Project/fr-ble-light/software/ch582/SRC/Startup/startup_CH583.S:141
1:
    lw t0, (a0)
    1100:	00052283          	lw	t0,0(a0)
e:/DuRuofu/Project/fr-ble-light/software/ch582/SRC/Startup/startup_CH583.S:142
    sw t0, (a1)
    1104:	0055a023          	sw	t0,0(a1)
e:/DuRuofu/Project/fr-ble-light/software/ch582/SRC/Startup/startup_CH583.S:143
    addi a0, a0, 4
    1108:	0511                	addi	a0,a0,4
e:/DuRuofu/Project/fr-ble-light/software/ch582/SRC/Startup/startup_CH583.S:144
    addi a1, a1, 4
    110a:	0591                	addi	a1,a1,4
e:/DuRuofu/Project/fr-ble-light/software/ch582/SRC/Startup/startup_CH583.S:145
    bltu a1, a2, 1b
    110c:	fec5eae3          	bltu	a1,a2,1100 <handle_reset+0x28>
e:/DuRuofu/Project/fr-ble-light/software/ch582/SRC/Startup/startup_CH583.S:149

/* Load data section from flash to RAM */
2:
	la a0, _data_lma
    1110:	00001517          	auipc	a0,0x1
    1114:	33c50513          	addi	a0,a0,828 # 244c <_data_lma>
e:/DuRuofu/Project/fr-ble-light/software/ch582/SRC/Startup/startup_CH583.S:150
	la a1, _data_vma
    1118:	20000597          	auipc	a1,0x20000
    111c:	fbc58593          	addi	a1,a1,-68 # 200010d4 <_highcode_vma_end>
e:/DuRuofu/Project/fr-ble-light/software/ch582/SRC/Startup/startup_CH583.S:151
	la a2, _edata
    1120:	80818613          	addi	a2,gp,-2040 # 20001140 <_edata>
e:/DuRuofu/Project/fr-ble-light/software/ch582/SRC/Startup/startup_CH583.S:152
	bgeu a1, a2, 2f
    1124:	00c5fa63          	bgeu	a1,a2,1138 <handle_reset+0x60>
e:/DuRuofu/Project/fr-ble-light/software/ch582/SRC/Startup/startup_CH583.S:154
1:
	lw t0, (a0)
    1128:	00052283          	lw	t0,0(a0)
e:/DuRuofu/Project/fr-ble-light/software/ch582/SRC/Startup/startup_CH583.S:155
	sw t0, (a1)
    112c:	0055a023          	sw	t0,0(a1)
e:/DuRuofu/Project/fr-ble-light/software/ch582/SRC/Startup/startup_CH583.S:156
	addi a0, a0, 4
    1130:	0511                	addi	a0,a0,4
e:/DuRuofu/Project/fr-ble-light/software/ch582/SRC/Startup/startup_CH583.S:157
	addi a1, a1, 4
    1132:	0591                	addi	a1,a1,4
e:/DuRuofu/Project/fr-ble-light/software/ch582/SRC/Startup/startup_CH583.S:158
	bltu a1, a2, 1b
    1134:	fec5eae3          	bltu	a1,a2,1128 <handle_reset+0x50>
e:/DuRuofu/Project/fr-ble-light/software/ch582/SRC/Startup/startup_CH583.S:161
2:
	/* clear bss section */
	la a0, _sbss
    1138:	80818513          	addi	a0,gp,-2040 # 20001140 <_edata>
e:/DuRuofu/Project/fr-ble-light/software/ch582/SRC/Startup/startup_CH583.S:162
	la a1, _ebss
    113c:	81818593          	addi	a1,gp,-2024 # 20001150 <_ebss>
e:/DuRuofu/Project/fr-ble-light/software/ch582/SRC/Startup/startup_CH583.S:163
	bgeu a0, a1, 2f
    1140:	00b57763          	bgeu	a0,a1,114e <handle_reset+0x76>
e:/DuRuofu/Project/fr-ble-light/software/ch582/SRC/Startup/startup_CH583.S:165
1:
	sw zero, (a0)
    1144:	00052023          	sw	zero,0(a0)
e:/DuRuofu/Project/fr-ble-light/software/ch582/SRC/Startup/startup_CH583.S:166
	addi a0, a0, 4
    1148:	0511                	addi	a0,a0,4
e:/DuRuofu/Project/fr-ble-light/software/ch582/SRC/Startup/startup_CH583.S:167
	bltu a0, a1, 1b
    114a:	feb56de3          	bltu	a0,a1,1144 <handle_reset+0x6c>
e:/DuRuofu/Project/fr-ble-light/software/ch582/SRC/Startup/startup_CH583.S:170
2:
	/* 流水线控制位 & 动态预测控制位 */
	li t0, 0x1f
    114e:	42fd                	li	t0,31
e:/DuRuofu/Project/fr-ble-light/software/ch582/SRC/Startup/startup_CH583.S:171
	csrw 0xbc0, t0
    1150:	bc029073          	csrw	0xbc0,t0
e:/DuRuofu/Project/fr-ble-light/software/ch582/SRC/Startup/startup_CH583.S:173
	/* 打开嵌套中断、硬件压栈功能 */
	li t0, 0x3
    1154:	428d                	li	t0,3
e:/DuRuofu/Project/fr-ble-light/software/ch582/SRC/Startup/startup_CH583.S:174
	csrw 0x804, t0
    1156:	80429073          	csrw	0x804,t0
e:/DuRuofu/Project/fr-ble-light/software/ch582/SRC/Startup/startup_CH583.S:176
	
    li t0, 0x88
    115a:	08800293          	li	t0,136
e:/DuRuofu/Project/fr-ble-light/software/ch582/SRC/Startup/startup_CH583.S:177
    csrw mstatus, t0
    115e:	30029073          	csrw	mstatus,t0
e:/DuRuofu/Project/fr-ble-light/software/ch582/SRC/Startup/startup_CH583.S:178
	la t0, _vector_base
    1162:	1ffff297          	auipc	t0,0x1ffff
    1166:	e9e28293          	addi	t0,t0,-354 # 20000000 <_highcode_vma_start>
e:/DuRuofu/Project/fr-ble-light/software/ch582/SRC/Startup/startup_CH583.S:181

	/* 配置向量表模式为绝对地址模式 */
    ori t0, t0, 3
    116a:	0032e293          	ori	t0,t0,3
e:/DuRuofu/Project/fr-ble-light/software/ch582/SRC/Startup/startup_CH583.S:182
	csrw mtvec, t0
    116e:	30529073          	csrw	mtvec,t0
e:/DuRuofu/Project/fr-ble-light/software/ch582/SRC/Startup/startup_CH583.S:184

    lui a4,0x40001
    1172:	40001737          	lui	a4,0x40001
e:/DuRuofu/Project/fr-ble-light/software/ch582/SRC/Startup/startup_CH583.S:185
    li  a5,87
    1176:	05700793          	li	a5,87
e:/DuRuofu/Project/fr-ble-light/software/ch582/SRC/Startup/startup_CH583.S:186
    sb  a5,64(a4)
    117a:	04f70023          	sb	a5,64(a4) # 40001040 <_eusrstack+0x1fff9040>
e:/DuRuofu/Project/fr-ble-light/software/ch582/SRC/Startup/startup_CH583.S:187
    li  a5,-88
    117e:	fa800793          	li	a5,-88
e:/DuRuofu/Project/fr-ble-light/software/ch582/SRC/Startup/startup_CH583.S:188
    sb  a5,64(a4)
    1182:	04f70023          	sb	a5,64(a4)
e:/DuRuofu/Project/fr-ble-light/software/ch582/SRC/Startup/startup_CH583.S:189
    fence.i
    1186:	0000100f          	fence.i
e:/DuRuofu/Project/fr-ble-light/software/ch582/SRC/Startup/startup_CH583.S:190
    lw  a5,72(a4)
    118a:	473c                	lw	a5,72(a4)
e:/DuRuofu/Project/fr-ble-light/software/ch582/SRC/Startup/startup_CH583.S:191
    lui a3,0xfa000
    118c:	fa0006b7          	lui	a3,0xfa000
e:/DuRuofu/Project/fr-ble-light/software/ch582/SRC/Startup/startup_CH583.S:192
    addi  a3,a3,-8
    1190:	16e1                	addi	a3,a3,-8
e:/DuRuofu/Project/fr-ble-light/software/ch582/SRC/Startup/startup_CH583.S:193
    and a5,a5,a3
    1192:	8ff5                	and	a5,a5,a3
e:/DuRuofu/Project/fr-ble-light/software/ch582/SRC/Startup/startup_CH583.S:194
    lui a3,0x6000
    1194:	060006b7          	lui	a3,0x6000
e:/DuRuofu/Project/fr-ble-light/software/ch582/SRC/Startup/startup_CH583.S:195
    addi a3,a3,5
    1198:	0695                	addi	a3,a3,5
e:/DuRuofu/Project/fr-ble-light/software/ch582/SRC/Startup/startup_CH583.S:196
    or  a5,a5,a3
    119a:	8fd5                	or	a5,a5,a3
e:/DuRuofu/Project/fr-ble-light/software/ch582/SRC/Startup/startup_CH583.S:197
    sw  a5,72(a4)
    119c:	c73c                	sw	a5,72(a4)
e:/DuRuofu/Project/fr-ble-light/software/ch582/SRC/Startup/startup_CH583.S:199

	la t0, main
    119e:	00000297          	auipc	t0,0x0
    11a2:	0b828293          	addi	t0,t0,184 # 1256 <main>
e:/DuRuofu/Project/fr-ble-light/software/ch582/SRC/Startup/startup_CH583.S:200
	csrw mepc, t0
    11a6:	34129073          	csrw	mepc,t0
e:/DuRuofu/Project/fr-ble-light/software/ch582/SRC/Startup/startup_CH583.S:203
	
	
	mret
    11aa:	30200073          	mret

000011ae <memset>:
memset():
    11ae:	433d                	li	t1,15
    11b0:	872a                	mv	a4,a0
    11b2:	02c37363          	bgeu	t1,a2,11d8 <memset+0x2a>
    11b6:	00f77793          	andi	a5,a4,15
    11ba:	efbd                	bnez	a5,1238 <memset+0x8a>
    11bc:	e5ad                	bnez	a1,1226 <memset+0x78>
    11be:	ff067693          	andi	a3,a2,-16
    11c2:	8a3d                	andi	a2,a2,15
    11c4:	96ba                	add	a3,a3,a4
    11c6:	c30c                	sw	a1,0(a4)
    11c8:	c34c                	sw	a1,4(a4)
    11ca:	c70c                	sw	a1,8(a4)
    11cc:	c74c                	sw	a1,12(a4)
    11ce:	0741                	addi	a4,a4,16
    11d0:	fed76be3          	bltu	a4,a3,11c6 <memset+0x18>
    11d4:	e211                	bnez	a2,11d8 <memset+0x2a>
    11d6:	8082                	ret
    11d8:	40c306b3          	sub	a3,t1,a2
    11dc:	068a                	slli	a3,a3,0x2
    11de:	00000297          	auipc	t0,0x0
    11e2:	9696                	add	a3,a3,t0
    11e4:	00a68067          	jr	10(a3) # 600000a <_data_lma+0x5ffdbbe>
    11e8:	00b70723          	sb	a1,14(a4)
    11ec:	00b706a3          	sb	a1,13(a4)
    11f0:	00b70623          	sb	a1,12(a4)
    11f4:	00b705a3          	sb	a1,11(a4)
    11f8:	00b70523          	sb	a1,10(a4)
    11fc:	00b704a3          	sb	a1,9(a4)
    1200:	00b70423          	sb	a1,8(a4)
    1204:	00b703a3          	sb	a1,7(a4)
    1208:	00b70323          	sb	a1,6(a4)
    120c:	00b702a3          	sb	a1,5(a4)
    1210:	00b70223          	sb	a1,4(a4)
    1214:	00b701a3          	sb	a1,3(a4)
    1218:	00b70123          	sb	a1,2(a4)
    121c:	00b700a3          	sb	a1,1(a4)
    1220:	00b70023          	sb	a1,0(a4)
    1224:	8082                	ret
    1226:	0ff5f593          	andi	a1,a1,255
    122a:	00859693          	slli	a3,a1,0x8
    122e:	8dd5                	or	a1,a1,a3
    1230:	01059693          	slli	a3,a1,0x10
    1234:	8dd5                	or	a1,a1,a3
    1236:	b761                	j	11be <memset+0x10>
    1238:	00279693          	slli	a3,a5,0x2
    123c:	00000297          	auipc	t0,0x0
    1240:	9696                	add	a3,a3,t0
    1242:	8286                	mv	t0,ra
    1244:	fa8680e7          	jalr	-88(a3)
    1248:	8096                	mv	ra,t0
    124a:	17c1                	addi	a5,a5,-16
    124c:	8f1d                	sub	a4,a4,a5
    124e:	963e                	add	a2,a2,a5
    1250:	f8c374e3          	bgeu	t1,a2,11d8 <memset+0x2a>
    1254:	b7a5                	j	11bc <memset+0xe>

00001256 <main>:
main():
e:\DuRuofu\Project\fr-ble-light\software\ch582\07-sleep\obj/../src/Main.c:12
{
    1256:	1141                	addi	sp,sp,-16
e:\DuRuofu\Project\fr-ble-light\software\ch582\07-sleep\obj/../src/Main.c:13
    SetSysClock(CLK_SOURCE_PLL_60MHz);
    1258:	04800513          	li	a0,72
e:\DuRuofu\Project\fr-ble-light\software\ch582\07-sleep\obj/../src/Main.c:12
{
    125c:	c606                	sw	ra,12(sp)
e:\DuRuofu\Project\fr-ble-light\software\ch582\07-sleep\obj/../src/Main.c:13
    SetSysClock(CLK_SOURCE_PLL_60MHz);
    125e:	1ffff097          	auipc	ra,0x1ffff
    1262:	562080e7          	jalr	1378(ra) # 200007c0 <SetSysClock>
e:\DuRuofu\Project\fr-ble-light\software\ch582\07-sleep\obj/../src/Main.c:16
    GPIOA_SetBits(GPIO_Pin_9);
    1266:	40001737          	lui	a4,0x40001
    126a:	0a872783          	lw	a5,168(a4) # 400010a8 <_eusrstack+0x1fff90a8>
e:\DuRuofu\Project\fr-ble-light\software\ch582\07-sleep\obj/../src/Main.c:17
    GPIOA_ModeCfg(GPIO_Pin_8, GPIO_ModeIN_PU);
    126e:	4585                	li	a1,1
    1270:	10000513          	li	a0,256
e:\DuRuofu\Project\fr-ble-light\software\ch582\07-sleep\obj/../src/Main.c:16
    GPIOA_SetBits(GPIO_Pin_9);
    1274:	2007e793          	ori	a5,a5,512
    1278:	0af72423          	sw	a5,168(a4)
e:\DuRuofu\Project\fr-ble-light\software\ch582\07-sleep\obj/../src/Main.c:17
    GPIOA_ModeCfg(GPIO_Pin_8, GPIO_ModeIN_PU);
    127c:	2a91                	jal	13d0 <GPIOA_ModeCfg>
e:\DuRuofu\Project\fr-ble-light\software\ch582\07-sleep\obj/../src/Main.c:18
    GPIOA_ModeCfg(GPIO_Pin_9, GPIO_ModeOut_PP_5mA);
    127e:	458d                	li	a1,3
    1280:	20000513          	li	a0,512
    1284:	22b1                	jal	13d0 <GPIOA_ModeCfg>
e:\DuRuofu\Project\fr-ble-light\software\ch582\07-sleep\obj/../src/Main.c:19
    UART1_DefInit();
    1286:	23ad                	jal	17f0 <UART1_DefInit>
e:\DuRuofu\Project\fr-ble-light\software\ch582\07-sleep\obj/../src/Main.c:20
    PRINT("Sleep Test Start\n");
    1288:	00001517          	auipc	a0,0x1
    128c:	0ac50513          	addi	a0,a0,172 # 2334 <_read+0xc>
    1290:	25b5                	jal	18fc <puts>
e:\DuRuofu\Project\fr-ble-light\software\ch582\07-sleep\obj/../src/Main.c:23
    GPIOB_ModeCfg(GPIO_Pin_4, GPIO_ModeIN_PU);
    1292:	4585                	li	a1,1
    1294:	4541                	li	a0,16
    1296:	22c5                	jal	1476 <GPIOB_ModeCfg>
e:\DuRuofu\Project\fr-ble-light\software\ch582\07-sleep\obj/../src/Main.c:24
    GPIOB_ITModeCfg(GPIO_Pin_4, GPIO_ITMode_FallEdge);
    1298:	4589                	li	a1,2
    129a:	4541                	li	a0,16
    129c:	2441                	jal	151c <GPIOB_ITModeCfg>
PFIC_EnableIRQ():
e:/DuRuofu/Project/fr-ble-light/software/ch582/SRC/RVMSIS/core_riscv.h:112
    PFIC->IENR[((uint32_t)(IRQn) >> 5)] = (1 << ((uint32_t)(IRQn)&0x1F));
    129e:	e000e7b7          	lui	a5,0xe000e
    12a2:	00040737          	lui	a4,0x40
    12a6:	10e7a023          	sw	a4,256(a5) # e000e100 <_eusrstack+0xc0006100>
main():
e:\DuRuofu\Project\fr-ble-light\software\ch582\07-sleep\obj/../src/Main.c:26
    PWR_PeriphWakeUpCfg(ENABLE, RB_SLP_GPIO_WAKE, Long_Delay);
    12aa:	4605                	li	a2,1
    12ac:	45c1                	li	a1,16
    12ae:	4505                	li	a0,1
    12b0:	2cdd                	jal	15a6 <PWR_PeriphWakeUpCfg>
e:\DuRuofu\Project\fr-ble-light\software\ch582\07-sleep\obj/../src/Main.c:29
    PRINT("Idle sleep...\n");
    12b2:	00001517          	auipc	a0,0x1
    12b6:	09650513          	addi	a0,a0,150 # 2348 <_read+0x20>
    12ba:	2589                	jal	18fc <puts>
e:\DuRuofu\Project\fr-ble-light\software\ch582\07-sleep\obj/../src/Main.c:30
    DelayMs(1);
    12bc:	4505                	li	a0,1
    12be:	20000097          	auipc	ra,0x20000
    12c2:	9c6080e7          	jalr	-1594(ra) # 20000c84 <mDelaymS>
e:\DuRuofu\Project\fr-ble-light\software\ch582\07-sleep\obj/../src/Main.c:31
    LowPower_Idle();
    12c6:	1ffff097          	auipc	ra,0x1ffff
    12ca:	dda080e7          	jalr	-550(ra) # 200000a0 <LowPower_Idle>
e:\DuRuofu\Project\fr-ble-light\software\ch582\07-sleep\obj/../src/Main.c:32
    PRINT("Idle wake\n\n");
    12ce:	00001517          	auipc	a0,0x1
    12d2:	08a50513          	addi	a0,a0,138 # 2358 <_read+0x30>
    12d6:	251d                	jal	18fc <puts>
e:\DuRuofu\Project\fr-ble-light\software\ch582\07-sleep\obj/../src/Main.c:35
    PRINT("Halt sleep...\n");
    12d8:	00001517          	auipc	a0,0x1
    12dc:	08c50513          	addi	a0,a0,140 # 2364 <_read+0x3c>
    12e0:	2d31                	jal	18fc <puts>
e:\DuRuofu\Project\fr-ble-light\software\ch582\07-sleep\obj/../src/Main.c:36
    DelayMs(2);
    12e2:	4509                	li	a0,2
    12e4:	20000097          	auipc	ra,0x20000
    12e8:	9a0080e7          	jalr	-1632(ra) # 20000c84 <mDelaymS>
e:\DuRuofu\Project\fr-ble-light\software\ch582\07-sleep\obj/../src/Main.c:37
    LowPower_Halt();
    12ec:	1ffff097          	auipc	ra,0x1ffff
    12f0:	df4080e7          	jalr	-524(ra) # 200000e0 <LowPower_Halt>
e:\DuRuofu\Project\fr-ble-light\software\ch582\07-sleep\obj/../src/Main.c:38
    HSECFG_Current(HSE_RCur_100);
    12f4:	4505                	li	a0,1
    12f6:	209d                	jal	135c <HSECFG_Current>
e:\DuRuofu\Project\fr-ble-light\software\ch582\07-sleep\obj/../src/Main.c:39
    PRINT("Halt wake\n\n");
    12f8:	00001517          	auipc	a0,0x1
    12fc:	07c50513          	addi	a0,a0,124 # 2374 <_read+0x4c>
    1300:	2bf5                	jal	18fc <puts>
e:\DuRuofu\Project\fr-ble-light\software\ch582\07-sleep\obj/../src/Main.c:42
    PRINT("Sleep mode...\n");
    1302:	00001517          	auipc	a0,0x1
    1306:	07e50513          	addi	a0,a0,126 # 2380 <_read+0x58>
    130a:	2bcd                	jal	18fc <puts>
e:\DuRuofu\Project\fr-ble-light\software\ch582\07-sleep\obj/../src/Main.c:43
    DelayMs(2);
    130c:	4509                	li	a0,2
    130e:	20000097          	auipc	ra,0x20000
    1312:	976080e7          	jalr	-1674(ra) # 20000c84 <mDelaymS>
e:\DuRuofu\Project\fr-ble-light\software\ch582\07-sleep\obj/../src/Main.c:44
    LowPower_Sleep(RB_PWR_RAM30K | RB_PWR_RAM2K);
    1316:	4549                	li	a0,18
    1318:	1ffff097          	auipc	ra,0x1ffff
    131c:	fb2080e7          	jalr	-78(ra) # 200002ca <LowPower_Sleep>
e:\DuRuofu\Project\fr-ble-light\software\ch582\07-sleep\obj/../src/Main.c:45
    HSECFG_Current(HSE_RCur_100);
    1320:	4505                	li	a0,1
    1322:	282d                	jal	135c <HSECFG_Current>
e:\DuRuofu\Project\fr-ble-light\software\ch582\07-sleep\obj/../src/Main.c:46
    PRINT("Sleep wake\n\n");
    1324:	00001517          	auipc	a0,0x1
    1328:	06c50513          	addi	a0,a0,108 # 2390 <_read+0x68>
    132c:	2bc1                	jal	18fc <puts>
e:\DuRuofu\Project\fr-ble-light\software\ch582\07-sleep\obj/../src/Main.c:49
    PRINT("Shutdown mode...\n");
    132e:	00001517          	auipc	a0,0x1
    1332:	06e50513          	addi	a0,a0,110 # 239c <_read+0x74>
    1336:	23d9                	jal	18fc <puts>
e:\DuRuofu\Project\fr-ble-light\software\ch582\07-sleep\obj/../src/Main.c:50
    DelayMs(2);
    1338:	4509                	li	a0,2
    133a:	20000097          	auipc	ra,0x20000
    133e:	94a080e7          	jalr	-1718(ra) # 20000c84 <mDelaymS>
e:\DuRuofu\Project\fr-ble-light\software\ch582\07-sleep\obj/../src/Main.c:51
    LowPower_Shutdown(0);
    1342:	4501                	li	a0,0
    1344:	1ffff097          	auipc	ra,0x1ffff
    1348:	21a080e7          	jalr	538(ra) # 2000055e <LowPower_Shutdown>
e:\DuRuofu\Project\fr-ble-light\software\ch582\07-sleep\obj/../src/Main.c:52
    HSECFG_Current(HSE_RCur_100);
    134c:	4505                	li	a0,1
    134e:	2039                	jal	135c <HSECFG_Current>
e:\DuRuofu\Project\fr-ble-light\software\ch582\07-sleep\obj/../src/Main.c:53
    PRINT("Shutdown wake\n");
    1350:	00001517          	auipc	a0,0x1
    1354:	06050513          	addi	a0,a0,96 # 23b0 <_read+0x88>
    1358:	2355                	jal	18fc <puts>
e:\DuRuofu\Project\fr-ble-light\software\ch582\07-sleep\obj/../src/Main.c:55 (discriminator 1)
    while (1);
    135a:	a001                	j	135a <main+0x104>

0000135c <HSECFG_Current>:
HSECFG_Current():
e:/DuRuofu/Project/fr-ble-light/software/ch582/SRC/StdPeriphDriver/CH58x_clk.c:56
 */
void HSECFG_Current(HSECurrentTypeDef c)
{
    uint8_t x32M_c;

    x32M_c = R8_XT32M_TUNE;
    135c:	400017b7          	lui	a5,0x40001
    1360:	04e7c783          	lbu	a5,78(a5) # 4000104e <_eusrstack+0x1fff904e>
e:/DuRuofu/Project/fr-ble-light/software/ch582/SRC/StdPeriphDriver/CH58x_clk.c:57
    x32M_c = (x32M_c & 0xfc) | (c & 0x03);
    1364:	890d                	andi	a0,a0,3
    1366:	0fc7f793          	andi	a5,a5,252
    136a:	8fc9                	or	a5,a5,a0
sys_safe_access_enable():
e:/DuRuofu/Project/fr-ble-light/software/ch582/SRC/StdPeriphDriver/inc/CH58x_sys.h:182
   if(read_csr(0x800)&0x08)
    136c:	80002773          	csrr	a4,0x800
    1370:	8b21                	andi	a4,a4,8
    1372:	20000697          	auipc	a3,0x20000
    1376:	dce68693          	addi	a3,a3,-562 # 20001140 <_edata>
    137a:	cb19                	beqz	a4,1390 <HSECFG_Current+0x34>
e:/DuRuofu/Project/fr-ble-light/software/ch582/SRC/StdPeriphDriver/inc/CH58x_sys.h:184
       IRQ_STA = read_csr(0x800);
    137c:	80002773          	csrr	a4,0x800
    1380:	20000617          	auipc	a2,0x20000
    1384:	dce62023          	sw	a4,-576(a2) # 20001140 <_edata>
e:/DuRuofu/Project/fr-ble-light/software/ch582/SRC/StdPeriphDriver/inc/CH58x_sys.h:185
       write_csr(0x800, (IRQ_STA&(~0x08)));
    1388:	4298                	lw	a4,0(a3)
    138a:	9b5d                	andi	a4,a4,-9
    138c:	80071073          	csrw	0x800,a4
e:/DuRuofu/Project/fr-ble-light/software/ch582/SRC/StdPeriphDriver/inc/CH58x_sys.h:187
   SAFEOPERATE;
    1390:	0000100f          	fence.i
e:/DuRuofu/Project/fr-ble-light/software/ch582/SRC/StdPeriphDriver/inc/CH58x_sys.h:188
   R8_SAFE_ACCESS_SIG = SAFE_ACCESS_SIG1;
    1394:	40001737          	lui	a4,0x40001
    1398:	05700613          	li	a2,87
    139c:	04c70023          	sb	a2,64(a4) # 40001040 <_eusrstack+0x1fff9040>
e:/DuRuofu/Project/fr-ble-light/software/ch582/SRC/StdPeriphDriver/inc/CH58x_sys.h:189
   R8_SAFE_ACCESS_SIG = SAFE_ACCESS_SIG2;
    13a0:	fa800613          	li	a2,-88
    13a4:	04c70023          	sb	a2,64(a4)
e:/DuRuofu/Project/fr-ble-light/software/ch582/SRC/StdPeriphDriver/inc/CH58x_sys.h:190
   SAFEOPERATE;
    13a8:	0000100f          	fence.i
HSECFG_Current():
e:/DuRuofu/Project/fr-ble-light/software/ch582/SRC/StdPeriphDriver/CH58x_clk.c:60

    sys_safe_access_enable();
    R8_XT32M_TUNE = x32M_c;
    13ac:	04f70723          	sb	a5,78(a4)
sys_safe_access_disable():
e:/DuRuofu/Project/fr-ble-light/software/ch582/SRC/StdPeriphDriver/inc/CH58x_sys.h:195
   R8_SAFE_ACCESS_SIG = 0;
    13b0:	04070023          	sb	zero,64(a4)
e:/DuRuofu/Project/fr-ble-light/software/ch582/SRC/StdPeriphDriver/inc/CH58x_sys.h:196
   write_csr(0x800, read_csr(0x800)|(IRQ_STA&0x08));
    13b4:	80002773          	csrr	a4,0x800
    13b8:	429c                	lw	a5,0(a3)
    13ba:	8ba1                	andi	a5,a5,8
    13bc:	8fd9                	or	a5,a5,a4
    13be:	80079073          	csrw	0x800,a5
e:/DuRuofu/Project/fr-ble-light/software/ch582/SRC/StdPeriphDriver/inc/CH58x_sys.h:197
   IRQ_STA = 0;
    13c2:	20000797          	auipc	a5,0x20000
    13c6:	d607af23          	sw	zero,-642(a5) # 20001140 <_edata>
e:/DuRuofu/Project/fr-ble-light/software/ch582/SRC/StdPeriphDriver/inc/CH58x_sys.h:198
   SAFEOPERATE;
    13ca:	0000100f          	fence.i
HSECFG_Current():
e:/DuRuofu/Project/fr-ble-light/software/ch582/SRC/StdPeriphDriver/CH58x_clk.c:62
    sys_safe_access_disable();
}
    13ce:	8082                	ret

000013d0 <GPIOA_ModeCfg>:
GPIOA_ModeCfg():
e:/DuRuofu/Project/fr-ble-light/software/ch582/SRC/StdPeriphDriver/CH58x_gpio.c:27
 *
 * @return  none
 */
void GPIOA_ModeCfg(uint32_t pin, GPIOModeTypeDef mode)
{
    switch(mode)
    13d0:	4791                	li	a5,4
    13d2:	02b7ee63          	bltu	a5,a1,140e <GPIOA_ModeCfg+0x3e>
    13d6:	00001717          	auipc	a4,0x1
    13da:	fea70713          	addi	a4,a4,-22 # 23c0 <_read+0x98>
    13de:	058a                	slli	a1,a1,0x2
    13e0:	95ba                	add	a1,a1,a4
    13e2:	419c                	lw	a5,0(a1)
    13e4:	97ba                	add	a5,a5,a4
    13e6:	8782                	jr	a5
e:/DuRuofu/Project/fr-ble-light/software/ch582/SRC/StdPeriphDriver/CH58x_gpio.c:30
    {
        case GPIO_ModeIN_Floating:
            R32_PA_PD_DRV &= ~pin;
    13e8:	400017b7          	lui	a5,0x40001
    13ec:	0b47a703          	lw	a4,180(a5) # 400010b4 <_eusrstack+0x1fff90b4>
    13f0:	fff54513          	not	a0,a0
    13f4:	8f69                	and	a4,a4,a0
    13f6:	0ae7aa23          	sw	a4,180(a5)
e:/DuRuofu/Project/fr-ble-light/software/ch582/SRC/StdPeriphDriver/CH58x_gpio.c:31
            R32_PA_PU &= ~pin;
    13fa:	0b07a703          	lw	a4,176(a5)
e:/DuRuofu/Project/fr-ble-light/software/ch582/SRC/StdPeriphDriver/CH58x_gpio.c:43
            R32_PA_DIR &= ~pin;
            break;

        case GPIO_ModeIN_PD:
            R32_PA_PD_DRV |= pin;
            R32_PA_PU &= ~pin;
    13fe:	8f69                	and	a4,a4,a0
    1400:	0ae7a823          	sw	a4,176(a5)
e:/DuRuofu/Project/fr-ble-light/software/ch582/SRC/StdPeriphDriver/CH58x_gpio.c:44
            R32_PA_DIR &= ~pin;
    1404:	0a07a703          	lw	a4,160(a5)
    1408:	8d79                	and	a0,a0,a4
e:/DuRuofu/Project/fr-ble-light/software/ch582/SRC/StdPeriphDriver/CH58x_gpio.c:54
            R32_PA_DIR |= pin;
            break;

        case GPIO_ModeOut_PP_20mA:
            R32_PA_PD_DRV |= pin;
            R32_PA_DIR |= pin;
    140a:	0aa7a023          	sw	a0,160(a5)
e:/DuRuofu/Project/fr-ble-light/software/ch582/SRC/StdPeriphDriver/CH58x_gpio.c:60
            break;

        default:
            break;
    }
}
    140e:	8082                	ret
e:/DuRuofu/Project/fr-ble-light/software/ch582/SRC/StdPeriphDriver/CH58x_gpio.c:36
            R32_PA_PD_DRV &= ~pin;
    1410:	400017b7          	lui	a5,0x40001
    1414:	0b47a683          	lw	a3,180(a5) # 400010b4 <_eusrstack+0x1fff90b4>
    1418:	fff54713          	not	a4,a0
    141c:	8ef9                	and	a3,a3,a4
    141e:	0ad7aa23          	sw	a3,180(a5)
e:/DuRuofu/Project/fr-ble-light/software/ch582/SRC/StdPeriphDriver/CH58x_gpio.c:37
            R32_PA_PU |= pin;
    1422:	0b07a683          	lw	a3,176(a5)
    1426:	8d55                	or	a0,a0,a3
    1428:	0aa7a823          	sw	a0,176(a5)
e:/DuRuofu/Project/fr-ble-light/software/ch582/SRC/StdPeriphDriver/CH58x_gpio.c:38
            R32_PA_DIR &= ~pin;
    142c:	0a07a683          	lw	a3,160(a5)
    1430:	8f75                	and	a4,a4,a3
    1432:	0ae7a023          	sw	a4,160(a5)
e:/DuRuofu/Project/fr-ble-light/software/ch582/SRC/StdPeriphDriver/CH58x_gpio.c:39
            break;
    1436:	8082                	ret
e:/DuRuofu/Project/fr-ble-light/software/ch582/SRC/StdPeriphDriver/CH58x_gpio.c:42
            R32_PA_PD_DRV |= pin;
    1438:	400017b7          	lui	a5,0x40001
    143c:	0b47a703          	lw	a4,180(a5) # 400010b4 <_eusrstack+0x1fff90b4>
    1440:	8f49                	or	a4,a4,a0
    1442:	0ae7aa23          	sw	a4,180(a5)
e:/DuRuofu/Project/fr-ble-light/software/ch582/SRC/StdPeriphDriver/CH58x_gpio.c:43
            R32_PA_PU &= ~pin;
    1446:	0b07a703          	lw	a4,176(a5)
    144a:	fff54513          	not	a0,a0
    144e:	bf45                	j	13fe <GPIOA_ModeCfg+0x2e>
e:/DuRuofu/Project/fr-ble-light/software/ch582/SRC/StdPeriphDriver/CH58x_gpio.c:48
            R32_PA_PD_DRV &= ~pin;
    1450:	400017b7          	lui	a5,0x40001
    1454:	0b47a683          	lw	a3,180(a5) # 400010b4 <_eusrstack+0x1fff90b4>
    1458:	fff54713          	not	a4,a0
    145c:	8f75                	and	a4,a4,a3
e:/DuRuofu/Project/fr-ble-light/software/ch582/SRC/StdPeriphDriver/CH58x_gpio.c:53
            R32_PA_PD_DRV |= pin;
    145e:	0ae7aa23          	sw	a4,180(a5)
e:/DuRuofu/Project/fr-ble-light/software/ch582/SRC/StdPeriphDriver/CH58x_gpio.c:54
            R32_PA_DIR |= pin;
    1462:	0a07a703          	lw	a4,160(a5)
    1466:	8d59                	or	a0,a0,a4
    1468:	b74d                	j	140a <GPIOA_ModeCfg+0x3a>
e:/DuRuofu/Project/fr-ble-light/software/ch582/SRC/StdPeriphDriver/CH58x_gpio.c:53
            R32_PA_PD_DRV |= pin;
    146a:	400017b7          	lui	a5,0x40001
    146e:	0b47a703          	lw	a4,180(a5) # 400010b4 <_eusrstack+0x1fff90b4>
    1472:	8f49                	or	a4,a4,a0
    1474:	b7ed                	j	145e <GPIOA_ModeCfg+0x8e>

00001476 <GPIOB_ModeCfg>:
GPIOB_ModeCfg():
e:/DuRuofu/Project/fr-ble-light/software/ch582/SRC/StdPeriphDriver/CH58x_gpio.c:74
 *
 * @return  none
 */
void GPIOB_ModeCfg(uint32_t pin, GPIOModeTypeDef mode)
{
    switch(mode)
    1476:	4791                	li	a5,4
    1478:	02b7ee63          	bltu	a5,a1,14b4 <GPIOB_ModeCfg+0x3e>
    147c:	00001717          	auipc	a4,0x1
    1480:	f5870713          	addi	a4,a4,-168 # 23d4 <_read+0xac>
    1484:	058a                	slli	a1,a1,0x2
    1486:	95ba                	add	a1,a1,a4
    1488:	419c                	lw	a5,0(a1)
    148a:	97ba                	add	a5,a5,a4
    148c:	8782                	jr	a5
e:/DuRuofu/Project/fr-ble-light/software/ch582/SRC/StdPeriphDriver/CH58x_gpio.c:77
    {
        case GPIO_ModeIN_Floating:
            R32_PB_PD_DRV &= ~pin;
    148e:	400017b7          	lui	a5,0x40001
    1492:	0d47a703          	lw	a4,212(a5) # 400010d4 <_eusrstack+0x1fff90d4>
    1496:	fff54513          	not	a0,a0
    149a:	8f69                	and	a4,a4,a0
    149c:	0ce7aa23          	sw	a4,212(a5)
e:/DuRuofu/Project/fr-ble-light/software/ch582/SRC/StdPeriphDriver/CH58x_gpio.c:78
            R32_PB_PU &= ~pin;
    14a0:	0d07a703          	lw	a4,208(a5)
e:/DuRuofu/Project/fr-ble-light/software/ch582/SRC/StdPeriphDriver/CH58x_gpio.c:90
            R32_PB_DIR &= ~pin;
            break;

        case GPIO_ModeIN_PD:
            R32_PB_PD_DRV |= pin;
            R32_PB_PU &= ~pin;
    14a4:	8f69                	and	a4,a4,a0
    14a6:	0ce7a823          	sw	a4,208(a5)
e:/DuRuofu/Project/fr-ble-light/software/ch582/SRC/StdPeriphDriver/CH58x_gpio.c:91
            R32_PB_DIR &= ~pin;
    14aa:	0c07a703          	lw	a4,192(a5)
    14ae:	8d79                	and	a0,a0,a4
e:/DuRuofu/Project/fr-ble-light/software/ch582/SRC/StdPeriphDriver/CH58x_gpio.c:101
            R32_PB_DIR |= pin;
            break;

        case GPIO_ModeOut_PP_20mA:
            R32_PB_PD_DRV |= pin;
            R32_PB_DIR |= pin;
    14b0:	0ca7a023          	sw	a0,192(a5)
e:/DuRuofu/Project/fr-ble-light/software/ch582/SRC/StdPeriphDriver/CH58x_gpio.c:107
            break;

        default:
            break;
    }
}
    14b4:	8082                	ret
e:/DuRuofu/Project/fr-ble-light/software/ch582/SRC/StdPeriphDriver/CH58x_gpio.c:83
            R32_PB_PD_DRV &= ~pin;
    14b6:	400017b7          	lui	a5,0x40001
    14ba:	0d47a683          	lw	a3,212(a5) # 400010d4 <_eusrstack+0x1fff90d4>
    14be:	fff54713          	not	a4,a0
    14c2:	8ef9                	and	a3,a3,a4
    14c4:	0cd7aa23          	sw	a3,212(a5)
e:/DuRuofu/Project/fr-ble-light/software/ch582/SRC/StdPeriphDriver/CH58x_gpio.c:84
            R32_PB_PU |= pin;
    14c8:	0d07a683          	lw	a3,208(a5)
    14cc:	8d55                	or	a0,a0,a3
    14ce:	0ca7a823          	sw	a0,208(a5)
e:/DuRuofu/Project/fr-ble-light/software/ch582/SRC/StdPeriphDriver/CH58x_gpio.c:85
            R32_PB_DIR &= ~pin;
    14d2:	0c07a683          	lw	a3,192(a5)
    14d6:	8f75                	and	a4,a4,a3
    14d8:	0ce7a023          	sw	a4,192(a5)
e:/DuRuofu/Project/fr-ble-light/software/ch582/SRC/StdPeriphDriver/CH58x_gpio.c:86
            break;
    14dc:	8082                	ret
e:/DuRuofu/Project/fr-ble-light/software/ch582/SRC/StdPeriphDriver/CH58x_gpio.c:89
            R32_PB_PD_DRV |= pin;
    14de:	400017b7          	lui	a5,0x40001
    14e2:	0d47a703          	lw	a4,212(a5) # 400010d4 <_eusrstack+0x1fff90d4>
    14e6:	8f49                	or	a4,a4,a0
    14e8:	0ce7aa23          	sw	a4,212(a5)
e:/DuRuofu/Project/fr-ble-light/software/ch582/SRC/StdPeriphDriver/CH58x_gpio.c:90
            R32_PB_PU &= ~pin;
    14ec:	0d07a703          	lw	a4,208(a5)
    14f0:	fff54513          	not	a0,a0
    14f4:	bf45                	j	14a4 <GPIOB_ModeCfg+0x2e>
e:/DuRuofu/Project/fr-ble-light/software/ch582/SRC/StdPeriphDriver/CH58x_gpio.c:95
            R32_PB_PD_DRV &= ~pin;
    14f6:	400017b7          	lui	a5,0x40001
    14fa:	0d47a683          	lw	a3,212(a5) # 400010d4 <_eusrstack+0x1fff90d4>
    14fe:	fff54713          	not	a4,a0
    1502:	8f75                	and	a4,a4,a3
e:/DuRuofu/Project/fr-ble-light/software/ch582/SRC/StdPeriphDriver/CH58x_gpio.c:100
            R32_PB_PD_DRV |= pin;
    1504:	0ce7aa23          	sw	a4,212(a5)
e:/DuRuofu/Project/fr-ble-light/software/ch582/SRC/StdPeriphDriver/CH58x_gpio.c:101
            R32_PB_DIR |= pin;
    1508:	0c07a703          	lw	a4,192(a5)
    150c:	8d59                	or	a0,a0,a4
    150e:	b74d                	j	14b0 <GPIOB_ModeCfg+0x3a>
e:/DuRuofu/Project/fr-ble-light/software/ch582/SRC/StdPeriphDriver/CH58x_gpio.c:100
            R32_PB_PD_DRV |= pin;
    1510:	400017b7          	lui	a5,0x40001
    1514:	0d47a703          	lw	a4,212(a5) # 400010d4 <_eusrstack+0x1fff90d4>
    1518:	8f49                	or	a4,a4,a0
    151a:	b7ed                	j	1504 <GPIOB_ModeCfg+0x8e>

0000151c <GPIOB_ITModeCfg>:
GPIOB_ITModeCfg():
e:/DuRuofu/Project/fr-ble-light/software/ch582/SRC/StdPeriphDriver/CH58x_gpio.c:162
 *
 * @return  none
 */
void GPIOB_ITModeCfg(uint32_t pin, GPIOITModeTpDef mode)
{
    uint32_t Pin = pin | ((pin & (GPIO_Pin_22 | GPIO_Pin_23)) >> 14);
    151c:	00e55793          	srli	a5,a0,0xe
    1520:	3007f793          	andi	a5,a5,768
    1524:	8fc9                	or	a5,a5,a0
    1526:	07c2                	slli	a5,a5,0x10
    1528:	4705                	li	a4,1
    152a:	83c1                	srli	a5,a5,0x10
    152c:	04e58263          	beq	a1,a4,1570 <GPIOB_ITModeCfg+0x54>
    1530:	c18d                	beqz	a1,1552 <GPIOB_ITModeCfg+0x36>
    1532:	4709                	li	a4,2
    1534:	04e58d63          	beq	a1,a4,158e <GPIOB_ITModeCfg+0x72>
    1538:	470d                	li	a4,3
    153a:	06e58063          	beq	a1,a4,159a <GPIOB_ITModeCfg+0x7e>
e:/DuRuofu/Project/fr-ble-light/software/ch582/SRC/StdPeriphDriver/CH58x_gpio.c:188
            break;

        default:
            break;
    }
    R16_PB_INT_IF = Pin;
    153e:	40001737          	lui	a4,0x40001
    1542:	08f71f23          	sh	a5,158(a4) # 4000109e <_eusrstack+0x1fff909e>
e:/DuRuofu/Project/fr-ble-light/software/ch582/SRC/StdPeriphDriver/CH58x_gpio.c:189
    R16_PB_INT_EN |= Pin;
    1546:	09275683          	lhu	a3,146(a4)
    154a:	8fd5                	or	a5,a5,a3
    154c:	08f71923          	sh	a5,146(a4)
e:/DuRuofu/Project/fr-ble-light/software/ch582/SRC/StdPeriphDriver/CH58x_gpio.c:190
}
    1550:	8082                	ret
e:/DuRuofu/Project/fr-ble-light/software/ch582/SRC/StdPeriphDriver/CH58x_gpio.c:166
            R16_PB_INT_MODE &= ~Pin;
    1552:	40001737          	lui	a4,0x40001
    1556:	09675603          	lhu	a2,150(a4) # 40001096 <_eusrstack+0x1fff9096>
    155a:	fff7c693          	not	a3,a5
    155e:	8ef1                	and	a3,a3,a2
e:/DuRuofu/Project/fr-ble-light/software/ch582/SRC/StdPeriphDriver/CH58x_gpio.c:176
            R16_PB_INT_MODE |= Pin;
    1560:	08d71b23          	sh	a3,150(a4)
e:/DuRuofu/Project/fr-ble-light/software/ch582/SRC/StdPeriphDriver/CH58x_gpio.c:177
            R32_PB_CLR |= pin;
    1564:	0cc72683          	lw	a3,204(a4)
    1568:	8d55                	or	a0,a0,a3
    156a:	0ca72623          	sw	a0,204(a4)
e:/DuRuofu/Project/fr-ble-light/software/ch582/SRC/StdPeriphDriver/CH58x_gpio.c:178
            break;
    156e:	bfc1                	j	153e <GPIOB_ITModeCfg+0x22>
e:/DuRuofu/Project/fr-ble-light/software/ch582/SRC/StdPeriphDriver/CH58x_gpio.c:171
            R16_PB_INT_MODE &= ~Pin;
    1570:	40001737          	lui	a4,0x40001
    1574:	09675603          	lhu	a2,150(a4) # 40001096 <_eusrstack+0x1fff9096>
    1578:	fff7c693          	not	a3,a5
    157c:	8ef1                	and	a3,a3,a2
e:/DuRuofu/Project/fr-ble-light/software/ch582/SRC/StdPeriphDriver/CH58x_gpio.c:181
            R16_PB_INT_MODE |= Pin;
    157e:	08d71b23          	sh	a3,150(a4)
e:/DuRuofu/Project/fr-ble-light/software/ch582/SRC/StdPeriphDriver/CH58x_gpio.c:182
            R32_PB_OUT |= pin;
    1582:	0c872683          	lw	a3,200(a4)
    1586:	8d55                	or	a0,a0,a3
    1588:	0ca72423          	sw	a0,200(a4)
e:/DuRuofu/Project/fr-ble-light/software/ch582/SRC/StdPeriphDriver/CH58x_gpio.c:183
            break;
    158c:	bf4d                	j	153e <GPIOB_ITModeCfg+0x22>
e:/DuRuofu/Project/fr-ble-light/software/ch582/SRC/StdPeriphDriver/CH58x_gpio.c:176
            R16_PB_INT_MODE |= Pin;
    158e:	40001737          	lui	a4,0x40001
    1592:	09675683          	lhu	a3,150(a4) # 40001096 <_eusrstack+0x1fff9096>
    1596:	8edd                	or	a3,a3,a5
    1598:	b7e1                	j	1560 <GPIOB_ITModeCfg+0x44>
e:/DuRuofu/Project/fr-ble-light/software/ch582/SRC/StdPeriphDriver/CH58x_gpio.c:181
            R16_PB_INT_MODE |= Pin;
    159a:	40001737          	lui	a4,0x40001
    159e:	09675683          	lhu	a3,150(a4) # 40001096 <_eusrstack+0x1fff9096>
    15a2:	8edd                	or	a3,a3,a5
    15a4:	bfe9                	j	157e <GPIOB_ITModeCfg+0x62>

000015a6 <PWR_PeriphWakeUpCfg>:
PWR_PeriphWakeUpCfg():
e:/DuRuofu/Project/fr-ble-light/software/ch582/SRC/StdPeriphDriver/CH58x_pwr.c:133
    if(s == DISABLE)
    15a6:	20000797          	auipc	a5,0x20000
    15aa:	b9a78793          	addi	a5,a5,-1126 # 20001140 <_edata>
    15ae:	e525                	bnez	a0,1616 <PWR_PeriphWakeUpCfg+0x70>
sys_safe_access_enable():
e:/DuRuofu/Project/fr-ble-light/software/ch582/SRC/StdPeriphDriver/inc/CH58x_sys.h:182
   if(read_csr(0x800)&0x08)
    15b0:	80002773          	csrr	a4,0x800
    15b4:	8b21                	andi	a4,a4,8
    15b6:	cb19                	beqz	a4,15cc <PWR_PeriphWakeUpCfg+0x26>
e:/DuRuofu/Project/fr-ble-light/software/ch582/SRC/StdPeriphDriver/inc/CH58x_sys.h:184
       IRQ_STA = read_csr(0x800);
    15b8:	80002773          	csrr	a4,0x800
    15bc:	20000697          	auipc	a3,0x20000
    15c0:	b8e6a223          	sw	a4,-1148(a3) # 20001140 <_edata>
e:/DuRuofu/Project/fr-ble-light/software/ch582/SRC/StdPeriphDriver/inc/CH58x_sys.h:185
       write_csr(0x800, (IRQ_STA&(~0x08)));
    15c4:	4398                	lw	a4,0(a5)
    15c6:	9b5d                	andi	a4,a4,-9
    15c8:	80071073          	csrw	0x800,a4
e:/DuRuofu/Project/fr-ble-light/software/ch582/SRC/StdPeriphDriver/inc/CH58x_sys.h:187
   SAFEOPERATE;
    15cc:	0000100f          	fence.i
e:/DuRuofu/Project/fr-ble-light/software/ch582/SRC/StdPeriphDriver/inc/CH58x_sys.h:188
   R8_SAFE_ACCESS_SIG = SAFE_ACCESS_SIG1;
    15d0:	40001737          	lui	a4,0x40001
    15d4:	05700693          	li	a3,87
    15d8:	04d70023          	sb	a3,64(a4) # 40001040 <_eusrstack+0x1fff9040>
e:/DuRuofu/Project/fr-ble-light/software/ch582/SRC/StdPeriphDriver/inc/CH58x_sys.h:189
   R8_SAFE_ACCESS_SIG = SAFE_ACCESS_SIG2;
    15dc:	fa800693          	li	a3,-88
    15e0:	04d70023          	sb	a3,64(a4)
e:/DuRuofu/Project/fr-ble-light/software/ch582/SRC/StdPeriphDriver/inc/CH58x_sys.h:190
   SAFEOPERATE;
    15e4:	0000100f          	fence.i
PWR_PeriphWakeUpCfg():
e:/DuRuofu/Project/fr-ble-light/software/ch582/SRC/StdPeriphDriver/CH58x_pwr.c:136
        R8_SLP_WAKE_CTRL &= ~perph;
    15e8:	00e74683          	lbu	a3,14(a4)
    15ec:	fff5c593          	not	a1,a1
    15f0:	8df5                	and	a1,a1,a3
    15f2:	00b70723          	sb	a1,14(a4)
sys_safe_access_disable():
e:/DuRuofu/Project/fr-ble-light/software/ch582/SRC/StdPeriphDriver/inc/CH58x_sys.h:195
   R8_SAFE_ACCESS_SIG = 0;
    15f6:	04070023          	sb	zero,64(a4)
e:/DuRuofu/Project/fr-ble-light/software/ch582/SRC/StdPeriphDriver/inc/CH58x_sys.h:196
   write_csr(0x800, read_csr(0x800)|(IRQ_STA&0x08));
    15fa:	80002773          	csrr	a4,0x800
    15fe:	439c                	lw	a5,0(a5)
    1600:	8ba1                	andi	a5,a5,8
    1602:	8fd9                	or	a5,a5,a4
    1604:	80079073          	csrw	0x800,a5
e:/DuRuofu/Project/fr-ble-light/software/ch582/SRC/StdPeriphDriver/inc/CH58x_sys.h:197
   IRQ_STA = 0;
    1608:	20000797          	auipc	a5,0x20000
    160c:	b207ac23          	sw	zero,-1224(a5) # 20001140 <_edata>
e:/DuRuofu/Project/fr-ble-light/software/ch582/SRC/StdPeriphDriver/inc/CH58x_sys.h:198
   SAFEOPERATE;
    1610:	0000100f          	fence.i
PWR_PeriphWakeUpCfg():
e:/DuRuofu/Project/fr-ble-light/software/ch582/SRC/StdPeriphDriver/CH58x_pwr.c:166
}
    1614:	8082                	ret
e:/DuRuofu/Project/fr-ble-light/software/ch582/SRC/StdPeriphDriver/CH58x_pwr.c:141
        switch(mode)
    1616:	167d                	addi	a2,a2,-1
e:/DuRuofu/Project/fr-ble-light/software/ch582/SRC/StdPeriphDriver/CH58x_pwr.c:144
                m = 0x01;
    1618:	00c03633          	snez	a2,a2
sys_safe_access_enable():
e:/DuRuofu/Project/fr-ble-light/software/ch582/SRC/StdPeriphDriver/inc/CH58x_sys.h:182
   if(read_csr(0x800)&0x08)
    161c:	80002773          	csrr	a4,0x800
    1620:	8b21                	andi	a4,a4,8
    1622:	cb19                	beqz	a4,1638 <PWR_PeriphWakeUpCfg+0x92>
e:/DuRuofu/Project/fr-ble-light/software/ch582/SRC/StdPeriphDriver/inc/CH58x_sys.h:184
       IRQ_STA = read_csr(0x800);
    1624:	80002773          	csrr	a4,0x800
    1628:	20000697          	auipc	a3,0x20000
    162c:	b0e6ac23          	sw	a4,-1256(a3) # 20001140 <_edata>
e:/DuRuofu/Project/fr-ble-light/software/ch582/SRC/StdPeriphDriver/inc/CH58x_sys.h:185
       write_csr(0x800, (IRQ_STA&(~0x08)));
    1630:	4398                	lw	a4,0(a5)
    1632:	9b5d                	andi	a4,a4,-9
    1634:	80071073          	csrw	0x800,a4
e:/DuRuofu/Project/fr-ble-light/software/ch582/SRC/StdPeriphDriver/inc/CH58x_sys.h:187
   SAFEOPERATE;
    1638:	0000100f          	fence.i
e:/DuRuofu/Project/fr-ble-light/software/ch582/SRC/StdPeriphDriver/inc/CH58x_sys.h:188
   R8_SAFE_ACCESS_SIG = SAFE_ACCESS_SIG1;
    163c:	40001737          	lui	a4,0x40001
    1640:	05700693          	li	a3,87
    1644:	04d70023          	sb	a3,64(a4) # 40001040 <_eusrstack+0x1fff9040>
e:/DuRuofu/Project/fr-ble-light/software/ch582/SRC/StdPeriphDriver/inc/CH58x_sys.h:189
   R8_SAFE_ACCESS_SIG = SAFE_ACCESS_SIG2;
    1648:	fa800693          	li	a3,-88
    164c:	04d70023          	sb	a3,64(a4)
e:/DuRuofu/Project/fr-ble-light/software/ch582/SRC/StdPeriphDriver/inc/CH58x_sys.h:190
   SAFEOPERATE;
    1650:	0000100f          	fence.i
PWR_PeriphWakeUpCfg():
e:/DuRuofu/Project/fr-ble-light/software/ch582/SRC/StdPeriphDriver/CH58x_pwr.c:157
        R8_SLP_WAKE_CTRL |= RB_WAKE_EV_MODE | perph;
    1654:	00e74683          	lbu	a3,14(a4)
    1658:	8dd5                	or	a1,a1,a3
    165a:	0405e593          	ori	a1,a1,64
    165e:	00b70723          	sb	a1,14(a4)
sys_safe_access_disable():
e:/DuRuofu/Project/fr-ble-light/software/ch582/SRC/StdPeriphDriver/inc/CH58x_sys.h:195
   R8_SAFE_ACCESS_SIG = 0;
    1662:	04070023          	sb	zero,64(a4)
e:/DuRuofu/Project/fr-ble-light/software/ch582/SRC/StdPeriphDriver/inc/CH58x_sys.h:196
   write_csr(0x800, read_csr(0x800)|(IRQ_STA&0x08));
    1666:	800026f3          	csrr	a3,0x800
    166a:	4398                	lw	a4,0(a5)
    166c:	8b21                	andi	a4,a4,8
    166e:	8f55                	or	a4,a4,a3
    1670:	80071073          	csrw	0x800,a4
e:/DuRuofu/Project/fr-ble-light/software/ch582/SRC/StdPeriphDriver/inc/CH58x_sys.h:197
   IRQ_STA = 0;
    1674:	20000717          	auipc	a4,0x20000
    1678:	ac072623          	sw	zero,-1332(a4) # 20001140 <_edata>
e:/DuRuofu/Project/fr-ble-light/software/ch582/SRC/StdPeriphDriver/inc/CH58x_sys.h:198
   SAFEOPERATE;
    167c:	0000100f          	fence.i
sys_safe_access_enable():
e:/DuRuofu/Project/fr-ble-light/software/ch582/SRC/StdPeriphDriver/inc/CH58x_sys.h:182
   if(read_csr(0x800)&0x08)
    1680:	80002773          	csrr	a4,0x800
    1684:	8b21                	andi	a4,a4,8
    1686:	cb19                	beqz	a4,169c <PWR_PeriphWakeUpCfg+0xf6>
e:/DuRuofu/Project/fr-ble-light/software/ch582/SRC/StdPeriphDriver/inc/CH58x_sys.h:184
       IRQ_STA = read_csr(0x800);
    1688:	80002773          	csrr	a4,0x800
    168c:	20000697          	auipc	a3,0x20000
    1690:	aae6aa23          	sw	a4,-1356(a3) # 20001140 <_edata>
e:/DuRuofu/Project/fr-ble-light/software/ch582/SRC/StdPeriphDriver/inc/CH58x_sys.h:185
       write_csr(0x800, (IRQ_STA&(~0x08)));
    1694:	4398                	lw	a4,0(a5)
    1696:	9b5d                	andi	a4,a4,-9
    1698:	80071073          	csrw	0x800,a4
e:/DuRuofu/Project/fr-ble-light/software/ch582/SRC/StdPeriphDriver/inc/CH58x_sys.h:187
   SAFEOPERATE;
    169c:	0000100f          	fence.i
e:/DuRuofu/Project/fr-ble-light/software/ch582/SRC/StdPeriphDriver/inc/CH58x_sys.h:188
   R8_SAFE_ACCESS_SIG = SAFE_ACCESS_SIG1;
    16a0:	40001737          	lui	a4,0x40001
    16a4:	05700693          	li	a3,87
    16a8:	04d70023          	sb	a3,64(a4) # 40001040 <_eusrstack+0x1fff9040>
e:/DuRuofu/Project/fr-ble-light/software/ch582/SRC/StdPeriphDriver/inc/CH58x_sys.h:189
   R8_SAFE_ACCESS_SIG = SAFE_ACCESS_SIG2;
    16ac:	fa800693          	li	a3,-88
    16b0:	04d70023          	sb	a3,64(a4)
e:/DuRuofu/Project/fr-ble-light/software/ch582/SRC/StdPeriphDriver/inc/CH58x_sys.h:190
   SAFEOPERATE;
    16b4:	0000100f          	fence.i
PWR_PeriphWakeUpCfg():
e:/DuRuofu/Project/fr-ble-light/software/ch582/SRC/StdPeriphDriver/CH58x_pwr.c:160
        R8_SLP_POWER_CTRL &= ~(RB_WAKE_DLY_MOD);
    16b8:	00f74683          	lbu	a3,15(a4)
    16bc:	0fc6f693          	andi	a3,a3,252
    16c0:	00d707a3          	sb	a3,15(a4)
sys_safe_access_disable():
e:/DuRuofu/Project/fr-ble-light/software/ch582/SRC/StdPeriphDriver/inc/CH58x_sys.h:195
   R8_SAFE_ACCESS_SIG = 0;
    16c4:	04070023          	sb	zero,64(a4)
e:/DuRuofu/Project/fr-ble-light/software/ch582/SRC/StdPeriphDriver/inc/CH58x_sys.h:196
   write_csr(0x800, read_csr(0x800)|(IRQ_STA&0x08));
    16c8:	800026f3          	csrr	a3,0x800
    16cc:	4398                	lw	a4,0(a5)
    16ce:	8b21                	andi	a4,a4,8
    16d0:	8f55                	or	a4,a4,a3
    16d2:	80071073          	csrw	0x800,a4
e:/DuRuofu/Project/fr-ble-light/software/ch582/SRC/StdPeriphDriver/inc/CH58x_sys.h:197
   IRQ_STA = 0;
    16d6:	20000717          	auipc	a4,0x20000
    16da:	a6072523          	sw	zero,-1430(a4) # 20001140 <_edata>
e:/DuRuofu/Project/fr-ble-light/software/ch582/SRC/StdPeriphDriver/inc/CH58x_sys.h:198
   SAFEOPERATE;
    16de:	0000100f          	fence.i
sys_safe_access_enable():
e:/DuRuofu/Project/fr-ble-light/software/ch582/SRC/StdPeriphDriver/inc/CH58x_sys.h:182
   if(read_csr(0x800)&0x08)
    16e2:	80002773          	csrr	a4,0x800
    16e6:	8b21                	andi	a4,a4,8
    16e8:	cb19                	beqz	a4,16fe <PWR_PeriphWakeUpCfg+0x158>
e:/DuRuofu/Project/fr-ble-light/software/ch582/SRC/StdPeriphDriver/inc/CH58x_sys.h:184
       IRQ_STA = read_csr(0x800);
    16ea:	80002773          	csrr	a4,0x800
    16ee:	20000697          	auipc	a3,0x20000
    16f2:	a4e6a923          	sw	a4,-1454(a3) # 20001140 <_edata>
e:/DuRuofu/Project/fr-ble-light/software/ch582/SRC/StdPeriphDriver/inc/CH58x_sys.h:185
       write_csr(0x800, (IRQ_STA&(~0x08)));
    16f6:	4398                	lw	a4,0(a5)
    16f8:	9b5d                	andi	a4,a4,-9
    16fa:	80071073          	csrw	0x800,a4
e:/DuRuofu/Project/fr-ble-light/software/ch582/SRC/StdPeriphDriver/inc/CH58x_sys.h:187
   SAFEOPERATE;
    16fe:	0000100f          	fence.i
e:/DuRuofu/Project/fr-ble-light/software/ch582/SRC/StdPeriphDriver/inc/CH58x_sys.h:188
   R8_SAFE_ACCESS_SIG = SAFE_ACCESS_SIG1;
    1702:	40001737          	lui	a4,0x40001
    1706:	05700693          	li	a3,87
    170a:	04d70023          	sb	a3,64(a4) # 40001040 <_eusrstack+0x1fff9040>
e:/DuRuofu/Project/fr-ble-light/software/ch582/SRC/StdPeriphDriver/inc/CH58x_sys.h:189
   R8_SAFE_ACCESS_SIG = SAFE_ACCESS_SIG2;
    170e:	fa800693          	li	a3,-88
    1712:	04d70023          	sb	a3,64(a4)
e:/DuRuofu/Project/fr-ble-light/software/ch582/SRC/StdPeriphDriver/inc/CH58x_sys.h:190
   SAFEOPERATE;
    1716:	0000100f          	fence.i
PWR_PeriphWakeUpCfg():
e:/DuRuofu/Project/fr-ble-light/software/ch582/SRC/StdPeriphDriver/CH58x_pwr.c:163
        R8_SLP_POWER_CTRL |= m;
    171a:	00f74683          	lbu	a3,15(a4)
    171e:	8e55                	or	a2,a2,a3
    1720:	00c707a3          	sb	a2,15(a4)
    1724:	bdc9                	j	15f6 <PWR_PeriphWakeUpCfg+0x50>

00001726 <GetSysClock>:
GetSysClock():
e:/DuRuofu/Project/fr-ble-light/software/ch582/SRC/StdPeriphDriver/CH58x_sys.c:117
    rev = R16_CLK_SYS_CFG & 0xff;
    1726:	400017b7          	lui	a5,0x40001
    172a:	0087d503          	lhu	a0,8(a5) # 40001008 <_eusrstack+0x1fff9008>
    172e:	0542                	slli	a0,a0,0x10
    1730:	8141                	srli	a0,a0,0x10
e:/DuRuofu/Project/fr-ble-light/software/ch582/SRC/StdPeriphDriver/CH58x_sys.c:118
    if((rev & 0x40) == (0 << 6))
    1732:	04057793          	andi	a5,a0,64
    1736:	eb91                	bnez	a5,174a <GetSysClock+0x24>
e:/DuRuofu/Project/fr-ble-light/software/ch582/SRC/StdPeriphDriver/CH58x_sys.c:120
        return (32000000 / (rev & 0x1f));
    1738:	01f57793          	andi	a5,a0,31
    173c:	01e85537          	lui	a0,0x1e85
e:/DuRuofu/Project/fr-ble-light/software/ch582/SRC/StdPeriphDriver/CH58x_sys.c:124
        return (480000000 / (rev & 0x1f));
    1740:	80050513          	addi	a0,a0,-2048 # 1e84800 <_data_lma+0x1e823b4>
    1744:	02f54533          	div	a0,a0,a5
    1748:	8082                	ret
e:/DuRuofu/Project/fr-ble-light/software/ch582/SRC/StdPeriphDriver/CH58x_sys.c:122
    else if((rev & RB_CLK_SYS_MOD) == (1 << 6))
    174a:	0c057793          	andi	a5,a0,192
    174e:	04000713          	li	a4,64
    1752:	00e79763          	bne	a5,a4,1760 <GetSysClock+0x3a>
e:/DuRuofu/Project/fr-ble-light/software/ch582/SRC/StdPeriphDriver/CH58x_sys.c:124
        return (480000000 / (rev & 0x1f));
    1756:	01f57793          	andi	a5,a0,31
    175a:	1c9c4537          	lui	a0,0x1c9c4
    175e:	b7cd                	j	1740 <GetSysClock+0x1a>
e:/DuRuofu/Project/fr-ble-light/software/ch582/SRC/StdPeriphDriver/CH58x_sys.c:128
        return (32000);
    1760:	6521                	lui	a0,0x8
    1762:	d0050513          	addi	a0,a0,-768 # 7d00 <_data_lma+0x58b4>
e:/DuRuofu/Project/fr-ble-light/software/ch582/SRC/StdPeriphDriver/CH58x_sys.c:130
}
    1766:	8082                	ret

00001768 <_write>:
_write():
e:/DuRuofu/Project/fr-ble-light/software/ch582/SRC/StdPeriphDriver/CH58x_sys.c:382

#ifdef DEBUG
int _write(int fd, char *buf, int size)
{
    int i;
    for(i = 0; i < size; i++)
    1768:	4781                	li	a5,0
e:/DuRuofu/Project/fr-ble-light/software/ch582/SRC/StdPeriphDriver/CH58x_sys.c:388
    {
#if DEBUG == Debug_UART0
        while(R8_UART0_TFC == UART_FIFO_SIZE);                  /* 等待数据发送 */
        R8_UART0_THR = *buf++; /* 发送数据 */
#elif DEBUG == Debug_UART1
        while(R8_UART1_TFC == UART_FIFO_SIZE);                  /* 等待数据发送 */
    176a:	40003737          	lui	a4,0x40003
    176e:	46a1                	li	a3,8
e:/DuRuofu/Project/fr-ble-light/software/ch582/SRC/StdPeriphDriver/CH58x_sys.c:382 (discriminator 1)
    for(i = 0; i < size; i++)
    1770:	00c7c463          	blt	a5,a2,1778 <_write+0x10>
e:/DuRuofu/Project/fr-ble-light/software/ch582/SRC/StdPeriphDriver/CH58x_sys.c:399
        while(R8_UART3_TFC == UART_FIFO_SIZE);                  /* 等待数据发送 */
        R8_UART3_THR = *buf++; /* 发送数据 */
#endif
    }
    return size;
}
    1774:	8532                	mv	a0,a2
    1776:	8082                	ret
e:/DuRuofu/Project/fr-ble-light/software/ch582/SRC/StdPeriphDriver/CH58x_sys.c:388 (discriminator 1)
        while(R8_UART1_TFC == UART_FIFO_SIZE);                  /* 等待数据发送 */
    1778:	40b74503          	lbu	a0,1035(a4) # 4000340b <_eusrstack+0x1fffb40b>
    177c:	fea68ee3          	beq	a3,a0,1778 <_write+0x10>
e:/DuRuofu/Project/fr-ble-light/software/ch582/SRC/StdPeriphDriver/CH58x_sys.c:389 (discriminator 2)
        R8_UART1_THR = *buf++; /* 发送数据 */
    1780:	00f58533          	add	a0,a1,a5
    1784:	00054503          	lbu	a0,0(a0)
e:/DuRuofu/Project/fr-ble-light/software/ch582/SRC/StdPeriphDriver/CH58x_sys.c:382 (discriminator 2)
    for(i = 0; i < size; i++)
    1788:	0785                	addi	a5,a5,1
e:/DuRuofu/Project/fr-ble-light/software/ch582/SRC/StdPeriphDriver/CH58x_sys.c:389 (discriminator 2)
        R8_UART1_THR = *buf++; /* 发送数据 */
    178a:	40a70423          	sb	a0,1032(a4)
    178e:	b7cd                	j	1770 <_write+0x8>

00001790 <_sbrk>:
_sbrk():
e:/DuRuofu/Project/fr-ble-light/software/ch582/SRC/StdPeriphDriver/CH58x_sys.c:417
{
    extern char _end[];
    extern char _heap_end[];
    static char *curbrk = _end;

    if ((curbrk + incr < _end) || (curbrk + incr > _heap_end))
    1790:	20000797          	auipc	a5,0x20000
    1794:	9a878793          	addi	a5,a5,-1624 # 20001138 <curbrk.4069>
    1798:	439c                	lw	a5,0(a5)
    179a:	81818713          	addi	a4,gp,-2024 # 20001150 <_ebss>
    179e:	953e                	add	a0,a0,a5
    17a0:	00e56e63          	bltu	a0,a4,17bc <_sbrk+0x2c>
e:/DuRuofu/Project/fr-ble-light/software/ch582/SRC/StdPeriphDriver/CH58x_sys.c:417 (discriminator 1)
    17a4:	20006717          	auipc	a4,0x20006
    17a8:	65c70713          	addi	a4,a4,1628 # 20007e00 <_heap_end>
    17ac:	00a76863          	bltu	a4,a0,17bc <_sbrk+0x2c>
e:/DuRuofu/Project/fr-ble-light/software/ch582/SRC/StdPeriphDriver/CH58x_sys.c:420
    return NULL - 1;

    curbrk += incr;
    17b0:	20000717          	auipc	a4,0x20000
    17b4:	98a72423          	sw	a0,-1656(a4) # 20001138 <curbrk.4069>
e:/DuRuofu/Project/fr-ble-light/software/ch582/SRC/StdPeriphDriver/CH58x_sys.c:422
    return curbrk - incr;
}
    17b8:	853e                	mv	a0,a5
    17ba:	8082                	ret
e:/DuRuofu/Project/fr-ble-light/software/ch582/SRC/StdPeriphDriver/CH58x_sys.c:418
    return NULL - 1;
    17bc:	57fd                	li	a5,-1
    17be:	bfed                	j	17b8 <_sbrk+0x28>

000017c0 <UART1_BaudRateCfg>:
UART1_BaudRateCfg():
e:/DuRuofu/Project/fr-ble-light/software/ch582/SRC/StdPeriphDriver/CH58x_uart1.c:43
 * @param   baudrate    - 波特率
 *
 * @return  none
 */
void UART1_BaudRateCfg(uint32_t baudrate)
{
    17c0:	1141                	addi	sp,sp,-16
    17c2:	c422                	sw	s0,8(sp)
    17c4:	c606                	sw	ra,12(sp)
    17c6:	842a                	mv	s0,a0
e:/DuRuofu/Project/fr-ble-light/software/ch582/SRC/StdPeriphDriver/CH58x_uart1.c:46
    uint32_t x;

    x = 10 * GetSysClock() / 8 / baudrate;
    17c8:	3fb9                	jal	1726 <GetSysClock>
    17ca:	4729                	li	a4,10
    17cc:	02e507b3          	mul	a5,a0,a4
e:/DuRuofu/Project/fr-ble-light/software/ch582/SRC/StdPeriphDriver/CH58x_uart1.c:49
    x = (x + 5) / 10;
    R16_UART1_DL = (uint16_t)x;
}
    17d0:	40b2                	lw	ra,12(sp)
e:/DuRuofu/Project/fr-ble-light/software/ch582/SRC/StdPeriphDriver/CH58x_uart1.c:46
    x = 10 * GetSysClock() / 8 / baudrate;
    17d2:	838d                	srli	a5,a5,0x3
    17d4:	0287d7b3          	divu	a5,a5,s0
e:/DuRuofu/Project/fr-ble-light/software/ch582/SRC/StdPeriphDriver/CH58x_uart1.c:49
}
    17d8:	4422                	lw	s0,8(sp)
e:/DuRuofu/Project/fr-ble-light/software/ch582/SRC/StdPeriphDriver/CH58x_uart1.c:47
    x = (x + 5) / 10;
    17da:	0795                	addi	a5,a5,5
    17dc:	02e7d7b3          	divu	a5,a5,a4
e:/DuRuofu/Project/fr-ble-light/software/ch582/SRC/StdPeriphDriver/CH58x_uart1.c:48
    R16_UART1_DL = (uint16_t)x;
    17e0:	40003737          	lui	a4,0x40003
    17e4:	07c2                	slli	a5,a5,0x10
    17e6:	83c1                	srli	a5,a5,0x10
    17e8:	40f71623          	sh	a5,1036(a4) # 4000340c <_eusrstack+0x1fffb40c>
e:/DuRuofu/Project/fr-ble-light/software/ch582/SRC/StdPeriphDriver/CH58x_uart1.c:49
}
    17ec:	0141                	addi	sp,sp,16
    17ee:	8082                	ret

000017f0 <UART1_DefInit>:
UART1_DefInit():
e:/DuRuofu/Project/fr-ble-light/software/ch582/SRC/StdPeriphDriver/CH58x_uart1.c:26
    UART1_BaudRateCfg(115200);
    17f0:	6571                	lui	a0,0x1c
e:/DuRuofu/Project/fr-ble-light/software/ch582/SRC/StdPeriphDriver/CH58x_uart1.c:25
{
    17f2:	1141                	addi	sp,sp,-16
e:/DuRuofu/Project/fr-ble-light/software/ch582/SRC/StdPeriphDriver/CH58x_uart1.c:26
    UART1_BaudRateCfg(115200);
    17f4:	20050513          	addi	a0,a0,512 # 1c200 <_data_lma+0x19db4>
e:/DuRuofu/Project/fr-ble-light/software/ch582/SRC/StdPeriphDriver/CH58x_uart1.c:25
{
    17f8:	c606                	sw	ra,12(sp)
e:/DuRuofu/Project/fr-ble-light/software/ch582/SRC/StdPeriphDriver/CH58x_uart1.c:26
    UART1_BaudRateCfg(115200);
    17fa:	37d9                	jal	17c0 <UART1_BaudRateCfg>
e:/DuRuofu/Project/fr-ble-light/software/ch582/SRC/StdPeriphDriver/CH58x_uart1.c:27
    R8_UART1_FCR = (2 << 6) | RB_FCR_TX_FIFO_CLR | RB_FCR_RX_FIFO_CLR | RB_FCR_FIFO_EN; // FIFO打开，触发点4字节
    17fc:	400037b7          	lui	a5,0x40003
    1800:	f8700713          	li	a4,-121
    1804:	40e78123          	sb	a4,1026(a5) # 40003402 <_eusrstack+0x1fffb402>
e:/DuRuofu/Project/fr-ble-light/software/ch582/SRC/StdPeriphDriver/CH58x_uart1.c:28
    R8_UART1_LCR = RB_LCR_WORD_SZ;
    1808:	470d                	li	a4,3
    180a:	40e781a3          	sb	a4,1027(a5)
e:/DuRuofu/Project/fr-ble-light/software/ch582/SRC/StdPeriphDriver/CH58x_uart1.c:29
    R8_UART1_IER = RB_IER_TXD_EN;
    180e:	04000713          	li	a4,64
    1812:	40e780a3          	sb	a4,1025(a5)
e:/DuRuofu/Project/fr-ble-light/software/ch582/SRC/StdPeriphDriver/CH58x_uart1.c:30
    R8_UART1_DIV = 1;
    1816:	4705                	li	a4,1
    1818:	40e78723          	sb	a4,1038(a5)
e:/DuRuofu/Project/fr-ble-light/software/ch582/SRC/StdPeriphDriver/CH58x_uart1.c:31
}
    181c:	40b2                	lw	ra,12(sp)
    181e:	0141                	addi	sp,sp,16
    1820:	8082                	ret

00001822 <_puts_r>:
_puts_r():
    1822:	1101                	addi	sp,sp,-32
    1824:	ca26                	sw	s1,20(sp)
    1826:	c84a                	sw	s2,16(sp)
    1828:	ce06                	sw	ra,28(sp)
    182a:	cc22                	sw	s0,24(sp)
    182c:	c64e                	sw	s3,12(sp)
    182e:	c452                	sw	s4,8(sp)
    1830:	84aa                	mv	s1,a0
    1832:	892e                	mv	s2,a1
    1834:	c501                	beqz	a0,183c <_puts_r+0x1a>
    1836:	4d1c                	lw	a5,24(a0)
    1838:	e391                	bnez	a5,183c <_puts_r+0x1a>
    183a:	29ed                	jal	1d34 <__sinit>
    183c:	4c9c                	lw	a5,24(s1)
    183e:	4480                	lw	s0,8(s1)
    1840:	e399                	bnez	a5,1846 <_puts_r+0x24>
    1842:	8526                	mv	a0,s1
    1844:	29c5                	jal	1d34 <__sinit>
    1846:	00001797          	auipc	a5,0x1
    184a:	bc278793          	addi	a5,a5,-1086 # 2408 <__sf_fake_stdin>
    184e:	02f41c63          	bne	s0,a5,1886 <_puts_r+0x64>
    1852:	40c0                	lw	s0,4(s1)
    1854:	00c45783          	lhu	a5,12(s0)
    1858:	8ba1                	andi	a5,a5,8
    185a:	c7b1                	beqz	a5,18a6 <_puts_r+0x84>
    185c:	481c                	lw	a5,16(s0)
    185e:	c7a1                	beqz	a5,18a6 <_puts_r+0x84>
    1860:	59fd                	li	s3,-1
    1862:	4a29                	li	s4,10
    1864:	441c                	lw	a5,8(s0)
    1866:	00094583          	lbu	a1,0(s2)
    186a:	17fd                	addi	a5,a5,-1
    186c:	e9b1                	bnez	a1,18c0 <_puts_r+0x9e>
    186e:	c41c                	sw	a5,8(s0)
    1870:	0607de63          	bgez	a5,18ec <_puts_r+0xca>
    1874:	8622                	mv	a2,s0
    1876:	45a9                	li	a1,10
    1878:	8526                	mv	a0,s1
    187a:	2841                	jal	190a <__swbuf_r>
    187c:	57fd                	li	a5,-1
    187e:	02f50863          	beq	a0,a5,18ae <_puts_r+0x8c>
    1882:	4529                	li	a0,10
    1884:	a035                	j	18b0 <_puts_r+0x8e>
    1886:	00001797          	auipc	a5,0x1
    188a:	ba278793          	addi	a5,a5,-1118 # 2428 <__sf_fake_stdout>
    188e:	00f41463          	bne	s0,a5,1896 <_puts_r+0x74>
    1892:	4480                	lw	s0,8(s1)
    1894:	b7c1                	j	1854 <_puts_r+0x32>
    1896:	00001797          	auipc	a5,0x1
    189a:	b5278793          	addi	a5,a5,-1198 # 23e8 <__sf_fake_stderr>
    189e:	faf41be3          	bne	s0,a5,1854 <_puts_r+0x32>
    18a2:	44c0                	lw	s0,12(s1)
    18a4:	bf45                	j	1854 <_puts_r+0x32>
    18a6:	85a2                	mv	a1,s0
    18a8:	8526                	mv	a0,s1
    18aa:	2205                	jal	19ca <__swsetup_r>
    18ac:	d955                	beqz	a0,1860 <_puts_r+0x3e>
    18ae:	557d                	li	a0,-1
    18b0:	40f2                	lw	ra,28(sp)
    18b2:	4462                	lw	s0,24(sp)
    18b4:	44d2                	lw	s1,20(sp)
    18b6:	4942                	lw	s2,16(sp)
    18b8:	49b2                	lw	s3,12(sp)
    18ba:	4a22                	lw	s4,8(sp)
    18bc:	6105                	addi	sp,sp,32
    18be:	8082                	ret
    18c0:	c41c                	sw	a5,8(s0)
    18c2:	0905                	addi	s2,s2,1
    18c4:	0007d763          	bgez	a5,18d2 <_puts_r+0xb0>
    18c8:	4c18                	lw	a4,24(s0)
    18ca:	00e7cb63          	blt	a5,a4,18e0 <_puts_r+0xbe>
    18ce:	01458963          	beq	a1,s4,18e0 <_puts_r+0xbe>
    18d2:	401c                	lw	a5,0(s0)
    18d4:	00178713          	addi	a4,a5,1
    18d8:	c018                	sw	a4,0(s0)
    18da:	00b78023          	sb	a1,0(a5)
    18de:	b759                	j	1864 <_puts_r+0x42>
    18e0:	8622                	mv	a2,s0
    18e2:	8526                	mv	a0,s1
    18e4:	201d                	jal	190a <__swbuf_r>
    18e6:	f7351fe3          	bne	a0,s3,1864 <_puts_r+0x42>
    18ea:	b7d1                	j	18ae <_puts_r+0x8c>
    18ec:	401c                	lw	a5,0(s0)
    18ee:	00178713          	addi	a4,a5,1
    18f2:	c018                	sw	a4,0(s0)
    18f4:	4729                	li	a4,10
    18f6:	00e78023          	sb	a4,0(a5)
    18fa:	b761                	j	1882 <_puts_r+0x60>

000018fc <puts>:
puts():
    18fc:	20000797          	auipc	a5,0x20000
    1900:	84078793          	addi	a5,a5,-1984 # 2000113c <_impure_ptr>
    1904:	85aa                	mv	a1,a0
    1906:	4388                	lw	a0,0(a5)
    1908:	bf29                	j	1822 <_puts_r>

0000190a <__swbuf_r>:
__swbuf_r():
    190a:	1101                	addi	sp,sp,-32
    190c:	cc22                	sw	s0,24(sp)
    190e:	ca26                	sw	s1,20(sp)
    1910:	c84a                	sw	s2,16(sp)
    1912:	ce06                	sw	ra,28(sp)
    1914:	c64e                	sw	s3,12(sp)
    1916:	84aa                	mv	s1,a0
    1918:	892e                	mv	s2,a1
    191a:	8432                	mv	s0,a2
    191c:	c501                	beqz	a0,1924 <__swbuf_r+0x1a>
    191e:	4d1c                	lw	a5,24(a0)
    1920:	e391                	bnez	a5,1924 <__swbuf_r+0x1a>
    1922:	2909                	jal	1d34 <__sinit>
    1924:	00001797          	auipc	a5,0x1
    1928:	ae478793          	addi	a5,a5,-1308 # 2408 <__sf_fake_stdin>
    192c:	06f41963          	bne	s0,a5,199e <__swbuf_r+0x94>
    1930:	40c0                	lw	s0,4(s1)
    1932:	4c1c                	lw	a5,24(s0)
    1934:	c41c                	sw	a5,8(s0)
    1936:	00c45783          	lhu	a5,12(s0)
    193a:	8ba1                	andi	a5,a5,8
    193c:	c3c9                	beqz	a5,19be <__swbuf_r+0xb4>
    193e:	481c                	lw	a5,16(s0)
    1940:	cfbd                	beqz	a5,19be <__swbuf_r+0xb4>
    1942:	481c                	lw	a5,16(s0)
    1944:	4008                	lw	a0,0(s0)
    1946:	0ff97993          	andi	s3,s2,255
    194a:	0ff97913          	andi	s2,s2,255
    194e:	8d1d                	sub	a0,a0,a5
    1950:	485c                	lw	a5,20(s0)
    1952:	00f54663          	blt	a0,a5,195e <__swbuf_r+0x54>
    1956:	85a2                	mv	a1,s0
    1958:	8526                	mv	a0,s1
    195a:	2c75                	jal	1c16 <_fflush_r>
    195c:	e52d                	bnez	a0,19c6 <__swbuf_r+0xbc>
    195e:	441c                	lw	a5,8(s0)
    1960:	0505                	addi	a0,a0,1
    1962:	17fd                	addi	a5,a5,-1
    1964:	c41c                	sw	a5,8(s0)
    1966:	401c                	lw	a5,0(s0)
    1968:	00178713          	addi	a4,a5,1
    196c:	c018                	sw	a4,0(s0)
    196e:	01378023          	sb	s3,0(a5)
    1972:	485c                	lw	a5,20(s0)
    1974:	00a78963          	beq	a5,a0,1986 <__swbuf_r+0x7c>
    1978:	00c45783          	lhu	a5,12(s0)
    197c:	8b85                	andi	a5,a5,1
    197e:	cb81                	beqz	a5,198e <__swbuf_r+0x84>
    1980:	47a9                	li	a5,10
    1982:	00f91663          	bne	s2,a5,198e <__swbuf_r+0x84>
    1986:	85a2                	mv	a1,s0
    1988:	8526                	mv	a0,s1
    198a:	2471                	jal	1c16 <_fflush_r>
    198c:	ed0d                	bnez	a0,19c6 <__swbuf_r+0xbc>
    198e:	40f2                	lw	ra,28(sp)
    1990:	4462                	lw	s0,24(sp)
    1992:	854a                	mv	a0,s2
    1994:	44d2                	lw	s1,20(sp)
    1996:	4942                	lw	s2,16(sp)
    1998:	49b2                	lw	s3,12(sp)
    199a:	6105                	addi	sp,sp,32
    199c:	8082                	ret
    199e:	00001797          	auipc	a5,0x1
    19a2:	a8a78793          	addi	a5,a5,-1398 # 2428 <__sf_fake_stdout>
    19a6:	00f41463          	bne	s0,a5,19ae <__swbuf_r+0xa4>
    19aa:	4480                	lw	s0,8(s1)
    19ac:	b759                	j	1932 <__swbuf_r+0x28>
    19ae:	00001797          	auipc	a5,0x1
    19b2:	a3a78793          	addi	a5,a5,-1478 # 23e8 <__sf_fake_stderr>
    19b6:	f6f41ee3          	bne	s0,a5,1932 <__swbuf_r+0x28>
    19ba:	44c0                	lw	s0,12(s1)
    19bc:	bf9d                	j	1932 <__swbuf_r+0x28>
    19be:	85a2                	mv	a1,s0
    19c0:	8526                	mv	a0,s1
    19c2:	2021                	jal	19ca <__swsetup_r>
    19c4:	dd3d                	beqz	a0,1942 <__swbuf_r+0x38>
    19c6:	597d                	li	s2,-1
    19c8:	b7d9                	j	198e <__swbuf_r+0x84>

000019ca <__swsetup_r>:
__swsetup_r():
    19ca:	1141                	addi	sp,sp,-16
    19cc:	1ffff797          	auipc	a5,0x1ffff
    19d0:	77078793          	addi	a5,a5,1904 # 2000113c <_impure_ptr>
    19d4:	c226                	sw	s1,4(sp)
    19d6:	4384                	lw	s1,0(a5)
    19d8:	c422                	sw	s0,8(sp)
    19da:	c04a                	sw	s2,0(sp)
    19dc:	c606                	sw	ra,12(sp)
    19de:	892a                	mv	s2,a0
    19e0:	842e                	mv	s0,a1
    19e2:	c489                	beqz	s1,19ec <__swsetup_r+0x22>
    19e4:	4c9c                	lw	a5,24(s1)
    19e6:	e399                	bnez	a5,19ec <__swsetup_r+0x22>
    19e8:	8526                	mv	a0,s1
    19ea:	26a9                	jal	1d34 <__sinit>
    19ec:	00001797          	auipc	a5,0x1
    19f0:	a1c78793          	addi	a5,a5,-1508 # 2408 <__sf_fake_stdin>
    19f4:	02f41c63          	bne	s0,a5,1a2c <__swsetup_r+0x62>
    19f8:	40c0                	lw	s0,4(s1)
    19fa:	00c41703          	lh	a4,12(s0)
    19fe:	01071793          	slli	a5,a4,0x10
    1a02:	83c1                	srli	a5,a5,0x10
    1a04:	0087f693          	andi	a3,a5,8
    1a08:	eeb5                	bnez	a3,1a84 <__swsetup_r+0xba>
    1a0a:	0107f693          	andi	a3,a5,16
    1a0e:	ee9d                	bnez	a3,1a4c <__swsetup_r+0x82>
    1a10:	47a5                	li	a5,9
    1a12:	00f92023          	sw	a5,0(s2)
    1a16:	04076713          	ori	a4,a4,64
    1a1a:	00e41623          	sh	a4,12(s0)
    1a1e:	557d                	li	a0,-1
    1a20:	40b2                	lw	ra,12(sp)
    1a22:	4422                	lw	s0,8(sp)
    1a24:	4492                	lw	s1,4(sp)
    1a26:	4902                	lw	s2,0(sp)
    1a28:	0141                	addi	sp,sp,16
    1a2a:	8082                	ret
    1a2c:	00001797          	auipc	a5,0x1
    1a30:	9fc78793          	addi	a5,a5,-1540 # 2428 <__sf_fake_stdout>
    1a34:	00f41463          	bne	s0,a5,1a3c <__swsetup_r+0x72>
    1a38:	4480                	lw	s0,8(s1)
    1a3a:	b7c1                	j	19fa <__swsetup_r+0x30>
    1a3c:	00001797          	auipc	a5,0x1
    1a40:	9ac78793          	addi	a5,a5,-1620 # 23e8 <__sf_fake_stderr>
    1a44:	faf41be3          	bne	s0,a5,19fa <__swsetup_r+0x30>
    1a48:	44c0                	lw	s0,12(s1)
    1a4a:	bf45                	j	19fa <__swsetup_r+0x30>
    1a4c:	8b91                	andi	a5,a5,4
    1a4e:	c78d                	beqz	a5,1a78 <__swsetup_r+0xae>
    1a50:	584c                	lw	a1,52(s0)
    1a52:	c989                	beqz	a1,1a64 <__swsetup_r+0x9a>
    1a54:	04440793          	addi	a5,s0,68
    1a58:	00f58463          	beq	a1,a5,1a60 <__swsetup_r+0x96>
    1a5c:	854a                	mv	a0,s2
    1a5e:	2381                	jal	1f9e <_free_r>
    1a60:	02042a23          	sw	zero,52(s0)
    1a64:	00c45783          	lhu	a5,12(s0)
    1a68:	00042223          	sw	zero,4(s0)
    1a6c:	fdb7f793          	andi	a5,a5,-37
    1a70:	00f41623          	sh	a5,12(s0)
    1a74:	481c                	lw	a5,16(s0)
    1a76:	c01c                	sw	a5,0(s0)
    1a78:	00c45783          	lhu	a5,12(s0)
    1a7c:	0087e793          	ori	a5,a5,8
    1a80:	00f41623          	sh	a5,12(s0)
    1a84:	481c                	lw	a5,16(s0)
    1a86:	ef81                	bnez	a5,1a9e <__swsetup_r+0xd4>
    1a88:	00c45783          	lhu	a5,12(s0)
    1a8c:	20000713          	li	a4,512
    1a90:	2807f793          	andi	a5,a5,640
    1a94:	00e78563          	beq	a5,a4,1a9e <__swsetup_r+0xd4>
    1a98:	85a2                	mv	a1,s0
    1a9a:	854a                	mv	a0,s2
    1a9c:	219d                	jal	1f02 <__smakebuf_r>
    1a9e:	00c45783          	lhu	a5,12(s0)
    1aa2:	0017f713          	andi	a4,a5,1
    1aa6:	c705                	beqz	a4,1ace <__swsetup_r+0x104>
    1aa8:	485c                	lw	a5,20(s0)
    1aaa:	00042423          	sw	zero,8(s0)
    1aae:	40f007b3          	neg	a5,a5
    1ab2:	cc1c                	sw	a5,24(s0)
    1ab4:	481c                	lw	a5,16(s0)
    1ab6:	4501                	li	a0,0
    1ab8:	f7a5                	bnez	a5,1a20 <__swsetup_r+0x56>
    1aba:	00c41783          	lh	a5,12(s0)
    1abe:	0807f713          	andi	a4,a5,128
    1ac2:	df39                	beqz	a4,1a20 <__swsetup_r+0x56>
    1ac4:	0407e793          	ori	a5,a5,64
    1ac8:	00f41623          	sh	a5,12(s0)
    1acc:	bf89                	j	1a1e <__swsetup_r+0x54>
    1ace:	8b89                	andi	a5,a5,2
    1ad0:	4701                	li	a4,0
    1ad2:	e391                	bnez	a5,1ad6 <__swsetup_r+0x10c>
    1ad4:	4858                	lw	a4,20(s0)
    1ad6:	c418                	sw	a4,8(s0)
    1ad8:	bff1                	j	1ab4 <__swsetup_r+0xea>

00001ada <__sflush_r>:
__sflush_r():
    1ada:	00c5d783          	lhu	a5,12(a1)
    1ade:	1101                	addi	sp,sp,-32
    1ae0:	cc22                	sw	s0,24(sp)
    1ae2:	ca26                	sw	s1,20(sp)
    1ae4:	ce06                	sw	ra,28(sp)
    1ae6:	c84a                	sw	s2,16(sp)
    1ae8:	c64e                	sw	s3,12(sp)
    1aea:	0087f713          	andi	a4,a5,8
    1aee:	84aa                	mv	s1,a0
    1af0:	842e                	mv	s0,a1
    1af2:	ef71                	bnez	a4,1bce <__sflush_r+0xf4>
    1af4:	41d8                	lw	a4,4(a1)
    1af6:	00e04d63          	bgtz	a4,1b10 <__sflush_r+0x36>
    1afa:	41b8                	lw	a4,64(a1)
    1afc:	00e04a63          	bgtz	a4,1b10 <__sflush_r+0x36>
    1b00:	4501                	li	a0,0
    1b02:	40f2                	lw	ra,28(sp)
    1b04:	4462                	lw	s0,24(sp)
    1b06:	44d2                	lw	s1,20(sp)
    1b08:	4942                	lw	s2,16(sp)
    1b0a:	49b2                	lw	s3,12(sp)
    1b0c:	6105                	addi	sp,sp,32
    1b0e:	8082                	ret
    1b10:	5458                	lw	a4,44(s0)
    1b12:	d77d                	beqz	a4,1b00 <__sflush_r+0x26>
    1b14:	0004a903          	lw	s2,0(s1)
    1b18:	01379693          	slli	a3,a5,0x13
    1b1c:	0004a023          	sw	zero,0(s1)
    1b20:	0606dd63          	bgez	a3,1b9a <__sflush_r+0xc0>
    1b24:	4870                	lw	a2,84(s0)
    1b26:	00c45783          	lhu	a5,12(s0)
    1b2a:	8b91                	andi	a5,a5,4
    1b2c:	c799                	beqz	a5,1b3a <__sflush_r+0x60>
    1b2e:	405c                	lw	a5,4(s0)
    1b30:	8e1d                	sub	a2,a2,a5
    1b32:	585c                	lw	a5,52(s0)
    1b34:	c399                	beqz	a5,1b3a <__sflush_r+0x60>
    1b36:	403c                	lw	a5,64(s0)
    1b38:	8e1d                	sub	a2,a2,a5
    1b3a:	545c                	lw	a5,44(s0)
    1b3c:	500c                	lw	a1,32(s0)
    1b3e:	4681                	li	a3,0
    1b40:	8526                	mv	a0,s1
    1b42:	9782                	jalr	a5
    1b44:	57fd                	li	a5,-1
    1b46:	00c45703          	lhu	a4,12(s0)
    1b4a:	00f51d63          	bne	a0,a5,1b64 <__sflush_r+0x8a>
    1b4e:	4094                	lw	a3,0(s1)
    1b50:	47f5                	li	a5,29
    1b52:	06d7e863          	bltu	a5,a3,1bc2 <__sflush_r+0xe8>
    1b56:	204007b7          	lui	a5,0x20400
    1b5a:	0785                	addi	a5,a5,1
    1b5c:	00d7d7b3          	srl	a5,a5,a3
    1b60:	8b85                	andi	a5,a5,1
    1b62:	c3a5                	beqz	a5,1bc2 <__sflush_r+0xe8>
    1b64:	481c                	lw	a5,16(s0)
    1b66:	00042223          	sw	zero,4(s0)
    1b6a:	c01c                	sw	a5,0(s0)
    1b6c:	01371793          	slli	a5,a4,0x13
    1b70:	0007d863          	bgez	a5,1b80 <__sflush_r+0xa6>
    1b74:	57fd                	li	a5,-1
    1b76:	00f51463          	bne	a0,a5,1b7e <__sflush_r+0xa4>
    1b7a:	409c                	lw	a5,0(s1)
    1b7c:	e391                	bnez	a5,1b80 <__sflush_r+0xa6>
    1b7e:	c868                	sw	a0,84(s0)
    1b80:	584c                	lw	a1,52(s0)
    1b82:	0124a023          	sw	s2,0(s1)
    1b86:	ddad                	beqz	a1,1b00 <__sflush_r+0x26>
    1b88:	04440793          	addi	a5,s0,68
    1b8c:	00f58463          	beq	a1,a5,1b94 <__sflush_r+0xba>
    1b90:	8526                	mv	a0,s1
    1b92:	2131                	jal	1f9e <_free_r>
    1b94:	02042a23          	sw	zero,52(s0)
    1b98:	b7a5                	j	1b00 <__sflush_r+0x26>
    1b9a:	500c                	lw	a1,32(s0)
    1b9c:	4601                	li	a2,0
    1b9e:	4685                	li	a3,1
    1ba0:	8526                	mv	a0,s1
    1ba2:	9702                	jalr	a4
    1ba4:	57fd                	li	a5,-1
    1ba6:	862a                	mv	a2,a0
    1ba8:	f6f51fe3          	bne	a0,a5,1b26 <__sflush_r+0x4c>
    1bac:	409c                	lw	a5,0(s1)
    1bae:	dfa5                	beqz	a5,1b26 <__sflush_r+0x4c>
    1bb0:	4775                	li	a4,29
    1bb2:	00e78563          	beq	a5,a4,1bbc <__sflush_r+0xe2>
    1bb6:	4759                	li	a4,22
    1bb8:	04e79463          	bne	a5,a4,1c00 <__sflush_r+0x126>
    1bbc:	0124a023          	sw	s2,0(s1)
    1bc0:	b781                	j	1b00 <__sflush_r+0x26>
    1bc2:	04076713          	ori	a4,a4,64
    1bc6:	00e41623          	sh	a4,12(s0)
    1bca:	557d                	li	a0,-1
    1bcc:	bf1d                	j	1b02 <__sflush_r+0x28>
    1bce:	0105a983          	lw	s3,16(a1)
    1bd2:	f20987e3          	beqz	s3,1b00 <__sflush_r+0x26>
    1bd6:	0005a903          	lw	s2,0(a1)
    1bda:	8b8d                	andi	a5,a5,3
    1bdc:	0135a023          	sw	s3,0(a1)
    1be0:	41390933          	sub	s2,s2,s3
    1be4:	4701                	li	a4,0
    1be6:	e391                	bnez	a5,1bea <__sflush_r+0x110>
    1be8:	49d8                	lw	a4,20(a1)
    1bea:	c418                	sw	a4,8(s0)
    1bec:	f1205ae3          	blez	s2,1b00 <__sflush_r+0x26>
    1bf0:	541c                	lw	a5,40(s0)
    1bf2:	500c                	lw	a1,32(s0)
    1bf4:	86ca                	mv	a3,s2
    1bf6:	864e                	mv	a2,s3
    1bf8:	8526                	mv	a0,s1
    1bfa:	9782                	jalr	a5
    1bfc:	00a04963          	bgtz	a0,1c0e <__sflush_r+0x134>
    1c00:	00c45783          	lhu	a5,12(s0)
    1c04:	0407e793          	ori	a5,a5,64
    1c08:	00f41623          	sh	a5,12(s0)
    1c0c:	bf7d                	j	1bca <__sflush_r+0xf0>
    1c0e:	99aa                	add	s3,s3,a0
    1c10:	40a90933          	sub	s2,s2,a0
    1c14:	bfe1                	j	1bec <__sflush_r+0x112>

00001c16 <_fflush_r>:
_fflush_r():
    1c16:	499c                	lw	a5,16(a1)
    1c18:	cfb9                	beqz	a5,1c76 <_fflush_r+0x60>
    1c1a:	1101                	addi	sp,sp,-32
    1c1c:	cc22                	sw	s0,24(sp)
    1c1e:	ce06                	sw	ra,28(sp)
    1c20:	842a                	mv	s0,a0
    1c22:	c511                	beqz	a0,1c2e <_fflush_r+0x18>
    1c24:	4d1c                	lw	a5,24(a0)
    1c26:	e781                	bnez	a5,1c2e <_fflush_r+0x18>
    1c28:	c62e                	sw	a1,12(sp)
    1c2a:	2229                	jal	1d34 <__sinit>
    1c2c:	45b2                	lw	a1,12(sp)
    1c2e:	00000797          	auipc	a5,0x0
    1c32:	7da78793          	addi	a5,a5,2010 # 2408 <__sf_fake_stdin>
    1c36:	00f59b63          	bne	a1,a5,1c4c <_fflush_r+0x36>
    1c3a:	404c                	lw	a1,4(s0)
    1c3c:	00c59783          	lh	a5,12(a1)
    1c40:	c795                	beqz	a5,1c6c <_fflush_r+0x56>
    1c42:	8522                	mv	a0,s0
    1c44:	4462                	lw	s0,24(sp)
    1c46:	40f2                	lw	ra,28(sp)
    1c48:	6105                	addi	sp,sp,32
    1c4a:	bd41                	j	1ada <__sflush_r>
    1c4c:	00000797          	auipc	a5,0x0
    1c50:	7dc78793          	addi	a5,a5,2012 # 2428 <__sf_fake_stdout>
    1c54:	00f59463          	bne	a1,a5,1c5c <_fflush_r+0x46>
    1c58:	440c                	lw	a1,8(s0)
    1c5a:	b7cd                	j	1c3c <_fflush_r+0x26>
    1c5c:	00000797          	auipc	a5,0x0
    1c60:	78c78793          	addi	a5,a5,1932 # 23e8 <__sf_fake_stderr>
    1c64:	fcf59ce3          	bne	a1,a5,1c3c <_fflush_r+0x26>
    1c68:	444c                	lw	a1,12(s0)
    1c6a:	bfc9                	j	1c3c <_fflush_r+0x26>
    1c6c:	40f2                	lw	ra,28(sp)
    1c6e:	4462                	lw	s0,24(sp)
    1c70:	4501                	li	a0,0
    1c72:	6105                	addi	sp,sp,32
    1c74:	8082                	ret
    1c76:	4501                	li	a0,0
    1c78:	8082                	ret

00001c7a <std>:
std():
    1c7a:	1141                	addi	sp,sp,-16
    1c7c:	c422                	sw	s0,8(sp)
    1c7e:	c606                	sw	ra,12(sp)
    1c80:	842a                	mv	s0,a0
    1c82:	00b51623          	sh	a1,12(a0)
    1c86:	00c51723          	sh	a2,14(a0)
    1c8a:	00052023          	sw	zero,0(a0)
    1c8e:	00052223          	sw	zero,4(a0)
    1c92:	00052423          	sw	zero,8(a0)
    1c96:	06052223          	sw	zero,100(a0)
    1c9a:	00052823          	sw	zero,16(a0)
    1c9e:	00052a23          	sw	zero,20(a0)
    1ca2:	00052c23          	sw	zero,24(a0)
    1ca6:	4621                	li	a2,8
    1ca8:	4581                	li	a1,0
    1caa:	05c50513          	addi	a0,a0,92
    1cae:	d00ff0ef          	jal	ra,11ae <memset>
    1cb2:	00000797          	auipc	a5,0x0
    1cb6:	48878793          	addi	a5,a5,1160 # 213a <__sread>
    1cba:	d05c                	sw	a5,36(s0)
    1cbc:	00000797          	auipc	a5,0x0
    1cc0:	4ae78793          	addi	a5,a5,1198 # 216a <__swrite>
    1cc4:	d41c                	sw	a5,40(s0)
    1cc6:	00000797          	auipc	a5,0x0
    1cca:	4f278793          	addi	a5,a5,1266 # 21b8 <__sseek>
    1cce:	d45c                	sw	a5,44(s0)
    1cd0:	00000797          	auipc	a5,0x0
    1cd4:	51e78793          	addi	a5,a5,1310 # 21ee <__sclose>
    1cd8:	d000                	sw	s0,32(s0)
    1cda:	d81c                	sw	a5,48(s0)
    1cdc:	40b2                	lw	ra,12(sp)
    1cde:	4422                	lw	s0,8(sp)
    1ce0:	0141                	addi	sp,sp,16
    1ce2:	8082                	ret

00001ce4 <_cleanup_r>:
_cleanup_r():
    1ce4:	00000597          	auipc	a1,0x0
    1ce8:	f3258593          	addi	a1,a1,-206 # 1c16 <_fflush_r>
    1cec:	aa89                	j	1e3e <_fwalk_reent>

00001cee <__sfmoreglue>:
__sfmoreglue():
    1cee:	1141                	addi	sp,sp,-16
    1cf0:	c226                	sw	s1,4(sp)
    1cf2:	06800613          	li	a2,104
    1cf6:	fff58493          	addi	s1,a1,-1
    1cfa:	02c484b3          	mul	s1,s1,a2
    1cfe:	c04a                	sw	s2,0(sp)
    1d00:	892e                	mv	s2,a1
    1d02:	c422                	sw	s0,8(sp)
    1d04:	c606                	sw	ra,12(sp)
    1d06:	07448593          	addi	a1,s1,116
    1d0a:	2e25                	jal	2042 <_malloc_r>
    1d0c:	842a                	mv	s0,a0
    1d0e:	cd01                	beqz	a0,1d26 <__sfmoreglue+0x38>
    1d10:	00052023          	sw	zero,0(a0)
    1d14:	01252223          	sw	s2,4(a0)
    1d18:	0531                	addi	a0,a0,12
    1d1a:	c408                	sw	a0,8(s0)
    1d1c:	06848613          	addi	a2,s1,104
    1d20:	4581                	li	a1,0
    1d22:	c8cff0ef          	jal	ra,11ae <memset>
    1d26:	8522                	mv	a0,s0
    1d28:	40b2                	lw	ra,12(sp)
    1d2a:	4422                	lw	s0,8(sp)
    1d2c:	4492                	lw	s1,4(sp)
    1d2e:	4902                	lw	s2,0(sp)
    1d30:	0141                	addi	sp,sp,16
    1d32:	8082                	ret

00001d34 <__sinit>:
__sinit():
    1d34:	4d1c                	lw	a5,24(a0)
    1d36:	e3bd                	bnez	a5,1d9c <__sinit+0x68>
    1d38:	1141                	addi	sp,sp,-16
    1d3a:	c606                	sw	ra,12(sp)
    1d3c:	c422                	sw	s0,8(sp)
    1d3e:	00000797          	auipc	a5,0x0
    1d42:	fa678793          	addi	a5,a5,-90 # 1ce4 <_cleanup_r>
    1d46:	d51c                	sw	a5,40(a0)
    1d48:	00000797          	auipc	a5,0x0
    1d4c:	70078793          	addi	a5,a5,1792 # 2448 <_global_impure_ptr>
    1d50:	439c                	lw	a5,0(a5)
    1d52:	04052423          	sw	zero,72(a0)
    1d56:	04052623          	sw	zero,76(a0)
    1d5a:	04052823          	sw	zero,80(a0)
    1d5e:	00f51463          	bne	a0,a5,1d66 <__sinit+0x32>
    1d62:	4785                	li	a5,1
    1d64:	cd1c                	sw	a5,24(a0)
    1d66:	842a                	mv	s0,a0
    1d68:	281d                	jal	1d9e <__sfp>
    1d6a:	c048                	sw	a0,4(s0)
    1d6c:	8522                	mv	a0,s0
    1d6e:	2805                	jal	1d9e <__sfp>
    1d70:	c408                	sw	a0,8(s0)
    1d72:	8522                	mv	a0,s0
    1d74:	202d                	jal	1d9e <__sfp>
    1d76:	c448                	sw	a0,12(s0)
    1d78:	4048                	lw	a0,4(s0)
    1d7a:	4601                	li	a2,0
    1d7c:	4591                	li	a1,4
    1d7e:	3df5                	jal	1c7a <std>
    1d80:	4408                	lw	a0,8(s0)
    1d82:	4605                	li	a2,1
    1d84:	45a5                	li	a1,9
    1d86:	3dd5                	jal	1c7a <std>
    1d88:	4448                	lw	a0,12(s0)
    1d8a:	4609                	li	a2,2
    1d8c:	45c9                	li	a1,18
    1d8e:	35f5                	jal	1c7a <std>
    1d90:	4785                	li	a5,1
    1d92:	cc1c                	sw	a5,24(s0)
    1d94:	40b2                	lw	ra,12(sp)
    1d96:	4422                	lw	s0,8(sp)
    1d98:	0141                	addi	sp,sp,16
    1d9a:	8082                	ret
    1d9c:	8082                	ret

00001d9e <__sfp>:
__sfp():
    1d9e:	1141                	addi	sp,sp,-16
    1da0:	00000797          	auipc	a5,0x0
    1da4:	6a878793          	addi	a5,a5,1704 # 2448 <_global_impure_ptr>
    1da8:	c226                	sw	s1,4(sp)
    1daa:	4384                	lw	s1,0(a5)
    1dac:	c04a                	sw	s2,0(sp)
    1dae:	c606                	sw	ra,12(sp)
    1db0:	4c9c                	lw	a5,24(s1)
    1db2:	c422                	sw	s0,8(sp)
    1db4:	892a                	mv	s2,a0
    1db6:	e399                	bnez	a5,1dbc <__sfp+0x1e>
    1db8:	8526                	mv	a0,s1
    1dba:	3fad                	jal	1d34 <__sinit>
    1dbc:	04848493          	addi	s1,s1,72
    1dc0:	4480                	lw	s0,8(s1)
    1dc2:	40dc                	lw	a5,4(s1)
    1dc4:	17fd                	addi	a5,a5,-1
    1dc6:	0007d663          	bgez	a5,1dd2 <__sfp+0x34>
    1dca:	409c                	lw	a5,0(s1)
    1dcc:	cfb9                	beqz	a5,1e2a <__sfp+0x8c>
    1dce:	4084                	lw	s1,0(s1)
    1dd0:	bfc5                	j	1dc0 <__sfp+0x22>
    1dd2:	00c41703          	lh	a4,12(s0)
    1dd6:	e739                	bnez	a4,1e24 <__sfp+0x86>
    1dd8:	77c1                	lui	a5,0xffff0
    1dda:	0785                	addi	a5,a5,1
    1ddc:	06042223          	sw	zero,100(s0)
    1de0:	00042023          	sw	zero,0(s0)
    1de4:	00042223          	sw	zero,4(s0)
    1de8:	00042423          	sw	zero,8(s0)
    1dec:	c45c                	sw	a5,12(s0)
    1dee:	00042823          	sw	zero,16(s0)
    1df2:	00042a23          	sw	zero,20(s0)
    1df6:	00042c23          	sw	zero,24(s0)
    1dfa:	4621                	li	a2,8
    1dfc:	4581                	li	a1,0
    1dfe:	05c40513          	addi	a0,s0,92
    1e02:	bacff0ef          	jal	ra,11ae <memset>
    1e06:	02042a23          	sw	zero,52(s0)
    1e0a:	02042c23          	sw	zero,56(s0)
    1e0e:	04042423          	sw	zero,72(s0)
    1e12:	04042623          	sw	zero,76(s0)
    1e16:	8522                	mv	a0,s0
    1e18:	40b2                	lw	ra,12(sp)
    1e1a:	4422                	lw	s0,8(sp)
    1e1c:	4492                	lw	s1,4(sp)
    1e1e:	4902                	lw	s2,0(sp)
    1e20:	0141                	addi	sp,sp,16
    1e22:	8082                	ret
    1e24:	06840413          	addi	s0,s0,104
    1e28:	bf71                	j	1dc4 <__sfp+0x26>
    1e2a:	4591                	li	a1,4
    1e2c:	854a                	mv	a0,s2
    1e2e:	35c1                	jal	1cee <__sfmoreglue>
    1e30:	c088                	sw	a0,0(s1)
    1e32:	fd51                	bnez	a0,1dce <__sfp+0x30>
    1e34:	47b1                	li	a5,12
    1e36:	00f92023          	sw	a5,0(s2)
    1e3a:	4401                	li	s0,0
    1e3c:	bfe9                	j	1e16 <__sfp+0x78>

00001e3e <_fwalk_reent>:
_fwalk_reent():
    1e3e:	7179                	addi	sp,sp,-48
    1e40:	d422                	sw	s0,40(sp)
    1e42:	d04a                	sw	s2,32(sp)
    1e44:	cc52                	sw	s4,24(sp)
    1e46:	ca56                	sw	s5,20(sp)
    1e48:	c85a                	sw	s6,16(sp)
    1e4a:	c65e                	sw	s7,12(sp)
    1e4c:	d606                	sw	ra,44(sp)
    1e4e:	d226                	sw	s1,36(sp)
    1e50:	ce4e                	sw	s3,28(sp)
    1e52:	8a2a                	mv	s4,a0
    1e54:	8aae                	mv	s5,a1
    1e56:	04850413          	addi	s0,a0,72
    1e5a:	4901                	li	s2,0
    1e5c:	4b05                	li	s6,1
    1e5e:	5bfd                	li	s7,-1
    1e60:	ec09                	bnez	s0,1e7a <_fwalk_reent+0x3c>
    1e62:	50b2                	lw	ra,44(sp)
    1e64:	5422                	lw	s0,40(sp)
    1e66:	854a                	mv	a0,s2
    1e68:	5492                	lw	s1,36(sp)
    1e6a:	5902                	lw	s2,32(sp)
    1e6c:	49f2                	lw	s3,28(sp)
    1e6e:	4a62                	lw	s4,24(sp)
    1e70:	4ad2                	lw	s5,20(sp)
    1e72:	4b42                	lw	s6,16(sp)
    1e74:	4bb2                	lw	s7,12(sp)
    1e76:	6145                	addi	sp,sp,48
    1e78:	8082                	ret
    1e7a:	4404                	lw	s1,8(s0)
    1e7c:	00442983          	lw	s3,4(s0)
    1e80:	19fd                	addi	s3,s3,-1
    1e82:	0009d463          	bgez	s3,1e8a <_fwalk_reent+0x4c>
    1e86:	4000                	lw	s0,0(s0)
    1e88:	bfe1                	j	1e60 <_fwalk_reent+0x22>
    1e8a:	00c4d783          	lhu	a5,12(s1)
    1e8e:	00fb7b63          	bgeu	s6,a5,1ea4 <_fwalk_reent+0x66>
    1e92:	00e49783          	lh	a5,14(s1)
    1e96:	01778763          	beq	a5,s7,1ea4 <_fwalk_reent+0x66>
    1e9a:	85a6                	mv	a1,s1
    1e9c:	8552                	mv	a0,s4
    1e9e:	9a82                	jalr	s5
    1ea0:	00a96933          	or	s2,s2,a0
    1ea4:	06848493          	addi	s1,s1,104
    1ea8:	bfe1                	j	1e80 <_fwalk_reent+0x42>

00001eaa <__swhatbuf_r>:
__swhatbuf_r():
    1eaa:	7119                	addi	sp,sp,-128
    1eac:	daa6                	sw	s1,116(sp)
    1eae:	84ae                	mv	s1,a1
    1eb0:	00e59583          	lh	a1,14(a1)
    1eb4:	dca2                	sw	s0,120(sp)
    1eb6:	de86                	sw	ra,124(sp)
    1eb8:	8432                	mv	s0,a2
    1eba:	0005dc63          	bgez	a1,1ed2 <__swhatbuf_r+0x28>
    1ebe:	00c4d783          	lhu	a5,12(s1)
    1ec2:	0006a023          	sw	zero,0(a3)
    1ec6:	0807f793          	andi	a5,a5,128
    1eca:	e39d                	bnez	a5,1ef0 <__swhatbuf_r+0x46>
    1ecc:	40000793          	li	a5,1024
    1ed0:	a015                	j	1ef4 <__swhatbuf_r+0x4a>
    1ed2:	0830                	addi	a2,sp,24
    1ed4:	c636                	sw	a3,12(sp)
    1ed6:	2e95                	jal	224a <_fstat_r>
    1ed8:	46b2                	lw	a3,12(sp)
    1eda:	fe0542e3          	bltz	a0,1ebe <__swhatbuf_r+0x14>
    1ede:	4772                	lw	a4,28(sp)
    1ee0:	67bd                	lui	a5,0xf
    1ee2:	8ff9                	and	a5,a5,a4
    1ee4:	7779                	lui	a4,0xffffe
    1ee6:	97ba                	add	a5,a5,a4
    1ee8:	0017b793          	seqz	a5,a5
    1eec:	c29c                	sw	a5,0(a3)
    1eee:	bff9                	j	1ecc <__swhatbuf_r+0x22>
    1ef0:	04000793          	li	a5,64
    1ef4:	c01c                	sw	a5,0(s0)
    1ef6:	50f6                	lw	ra,124(sp)
    1ef8:	5466                	lw	s0,120(sp)
    1efa:	54d6                	lw	s1,116(sp)
    1efc:	4501                	li	a0,0
    1efe:	6109                	addi	sp,sp,128
    1f00:	8082                	ret

00001f02 <__smakebuf_r>:
__smakebuf_r():
    1f02:	00c5d783          	lhu	a5,12(a1)
    1f06:	1101                	addi	sp,sp,-32
    1f08:	cc22                	sw	s0,24(sp)
    1f0a:	ce06                	sw	ra,28(sp)
    1f0c:	ca26                	sw	s1,20(sp)
    1f0e:	c84a                	sw	s2,16(sp)
    1f10:	8b89                	andi	a5,a5,2
    1f12:	842e                	mv	s0,a1
    1f14:	cf89                	beqz	a5,1f2e <__smakebuf_r+0x2c>
    1f16:	04740793          	addi	a5,s0,71
    1f1a:	c01c                	sw	a5,0(s0)
    1f1c:	c81c                	sw	a5,16(s0)
    1f1e:	4785                	li	a5,1
    1f20:	c85c                	sw	a5,20(s0)
    1f22:	40f2                	lw	ra,28(sp)
    1f24:	4462                	lw	s0,24(sp)
    1f26:	44d2                	lw	s1,20(sp)
    1f28:	4942                	lw	s2,16(sp)
    1f2a:	6105                	addi	sp,sp,32
    1f2c:	8082                	ret
    1f2e:	0074                	addi	a3,sp,12
    1f30:	0030                	addi	a2,sp,8
    1f32:	84aa                	mv	s1,a0
    1f34:	3f9d                	jal	1eaa <__swhatbuf_r>
    1f36:	45a2                	lw	a1,8(sp)
    1f38:	892a                	mv	s2,a0
    1f3a:	8526                	mv	a0,s1
    1f3c:	2219                	jal	2042 <_malloc_r>
    1f3e:	ed01                	bnez	a0,1f56 <__smakebuf_r+0x54>
    1f40:	00c41783          	lh	a5,12(s0)
    1f44:	2007f713          	andi	a4,a5,512
    1f48:	ff69                	bnez	a4,1f22 <__smakebuf_r+0x20>
    1f4a:	9bf1                	andi	a5,a5,-4
    1f4c:	0027e793          	ori	a5,a5,2
    1f50:	00f41623          	sh	a5,12(s0)
    1f54:	b7c9                	j	1f16 <__smakebuf_r+0x14>
    1f56:	00000797          	auipc	a5,0x0
    1f5a:	d8e78793          	addi	a5,a5,-626 # 1ce4 <_cleanup_r>
    1f5e:	d49c                	sw	a5,40(s1)
    1f60:	00c45783          	lhu	a5,12(s0)
    1f64:	c008                	sw	a0,0(s0)
    1f66:	c808                	sw	a0,16(s0)
    1f68:	0807e793          	ori	a5,a5,128
    1f6c:	00f41623          	sh	a5,12(s0)
    1f70:	47a2                	lw	a5,8(sp)
    1f72:	c85c                	sw	a5,20(s0)
    1f74:	47b2                	lw	a5,12(sp)
    1f76:	cf89                	beqz	a5,1f90 <__smakebuf_r+0x8e>
    1f78:	00e41583          	lh	a1,14(s0)
    1f7c:	8526                	mv	a0,s1
    1f7e:	2cdd                	jal	2274 <_isatty_r>
    1f80:	c901                	beqz	a0,1f90 <__smakebuf_r+0x8e>
    1f82:	00c45783          	lhu	a5,12(s0)
    1f86:	9bf1                	andi	a5,a5,-4
    1f88:	0017e793          	ori	a5,a5,1
    1f8c:	00f41623          	sh	a5,12(s0)
    1f90:	00c45783          	lhu	a5,12(s0)
    1f94:	00f96933          	or	s2,s2,a5
    1f98:	01241623          	sh	s2,12(s0)
    1f9c:	b759                	j	1f22 <__smakebuf_r+0x20>

00001f9e <_free_r>:
_free_r():
    1f9e:	c1cd                	beqz	a1,2040 <_free_r+0xa2>
    1fa0:	ffc5a783          	lw	a5,-4(a1)
    1fa4:	1141                	addi	sp,sp,-16
    1fa6:	c422                	sw	s0,8(sp)
    1fa8:	c606                	sw	ra,12(sp)
    1faa:	c226                	sw	s1,4(sp)
    1fac:	ffc58413          	addi	s0,a1,-4
    1fb0:	0007d363          	bgez	a5,1fb6 <_free_r+0x18>
    1fb4:	943e                	add	s0,s0,a5
    1fb6:	84aa                	mv	s1,a0
    1fb8:	2e01                	jal	22c8 <__malloc_lock>
    1fba:	80c18793          	addi	a5,gp,-2036 # 20001144 <__malloc_free_list>
    1fbe:	439c                	lw	a5,0(a5)
    1fc0:	eb99                	bnez	a5,1fd6 <_free_r+0x38>
    1fc2:	00042223          	sw	zero,4(s0)
    1fc6:	8081a623          	sw	s0,-2036(gp) # 20001144 <__malloc_free_list>
    1fca:	4422                	lw	s0,8(sp)
    1fcc:	40b2                	lw	ra,12(sp)
    1fce:	8526                	mv	a0,s1
    1fd0:	4492                	lw	s1,4(sp)
    1fd2:	0141                	addi	sp,sp,16
    1fd4:	acdd                	j	22ca <__malloc_unlock>
    1fd6:	00f47e63          	bgeu	s0,a5,1ff2 <_free_r+0x54>
    1fda:	4014                	lw	a3,0(s0)
    1fdc:	00d40733          	add	a4,s0,a3
    1fe0:	00e79663          	bne	a5,a4,1fec <_free_r+0x4e>
    1fe4:	4398                	lw	a4,0(a5)
    1fe6:	43dc                	lw	a5,4(a5)
    1fe8:	9736                	add	a4,a4,a3
    1fea:	c018                	sw	a4,0(s0)
    1fec:	c05c                	sw	a5,4(s0)
    1fee:	bfe1                	j	1fc6 <_free_r+0x28>
    1ff0:	87ba                	mv	a5,a4
    1ff2:	43d8                	lw	a4,4(a5)
    1ff4:	c319                	beqz	a4,1ffa <_free_r+0x5c>
    1ff6:	fee47de3          	bgeu	s0,a4,1ff0 <_free_r+0x52>
    1ffa:	4394                	lw	a3,0(a5)
    1ffc:	00d78633          	add	a2,a5,a3
    2000:	00861f63          	bne	a2,s0,201e <_free_r+0x80>
    2004:	4010                	lw	a2,0(s0)
    2006:	96b2                	add	a3,a3,a2
    2008:	c394                	sw	a3,0(a5)
    200a:	00d78633          	add	a2,a5,a3
    200e:	fac71ee3          	bne	a4,a2,1fca <_free_r+0x2c>
    2012:	4310                	lw	a2,0(a4)
    2014:	4358                	lw	a4,4(a4)
    2016:	96b2                	add	a3,a3,a2
    2018:	c394                	sw	a3,0(a5)
    201a:	c3d8                	sw	a4,4(a5)
    201c:	b77d                	j	1fca <_free_r+0x2c>
    201e:	00c47563          	bgeu	s0,a2,2028 <_free_r+0x8a>
    2022:	47b1                	li	a5,12
    2024:	c09c                	sw	a5,0(s1)
    2026:	b755                	j	1fca <_free_r+0x2c>
    2028:	4010                	lw	a2,0(s0)
    202a:	00c406b3          	add	a3,s0,a2
    202e:	00d71663          	bne	a4,a3,203a <_free_r+0x9c>
    2032:	4314                	lw	a3,0(a4)
    2034:	4358                	lw	a4,4(a4)
    2036:	96b2                	add	a3,a3,a2
    2038:	c014                	sw	a3,0(s0)
    203a:	c058                	sw	a4,4(s0)
    203c:	c3c0                	sw	s0,4(a5)
    203e:	b771                	j	1fca <_free_r+0x2c>
    2040:	8082                	ret

00002042 <_malloc_r>:
_malloc_r():
    2042:	1101                	addi	sp,sp,-32
    2044:	ca26                	sw	s1,20(sp)
    2046:	00358493          	addi	s1,a1,3
    204a:	98f1                	andi	s1,s1,-4
    204c:	ce06                	sw	ra,28(sp)
    204e:	cc22                	sw	s0,24(sp)
    2050:	c84a                	sw	s2,16(sp)
    2052:	c64e                	sw	s3,12(sp)
    2054:	04a1                	addi	s1,s1,8
    2056:	47b1                	li	a5,12
    2058:	04f4f163          	bgeu	s1,a5,209a <_malloc_r+0x58>
    205c:	44b1                	li	s1,12
    205e:	04b4e063          	bltu	s1,a1,209e <_malloc_r+0x5c>
    2062:	892a                	mv	s2,a0
    2064:	2495                	jal	22c8 <__malloc_lock>
    2066:	80c18793          	addi	a5,gp,-2036 # 20001144 <__malloc_free_list>
    206a:	4398                	lw	a4,0(a5)
    206c:	843a                	mv	s0,a4
    206e:	e031                	bnez	s0,20b2 <_malloc_r+0x70>
    2070:	81018793          	addi	a5,gp,-2032 # 20001148 <__malloc_sbrk_start>
    2074:	439c                	lw	a5,0(a5)
    2076:	e791                	bnez	a5,2082 <_malloc_r+0x40>
    2078:	4581                	li	a1,0
    207a:	854a                	mv	a0,s2
    207c:	2851                	jal	2110 <_sbrk_r>
    207e:	80a1a823          	sw	a0,-2032(gp) # 20001148 <__malloc_sbrk_start>
    2082:	85a6                	mv	a1,s1
    2084:	854a                	mv	a0,s2
    2086:	2069                	jal	2110 <_sbrk_r>
    2088:	59fd                	li	s3,-1
    208a:	07351763          	bne	a0,s3,20f8 <_malloc_r+0xb6>
    208e:	47b1                	li	a5,12
    2090:	00f92023          	sw	a5,0(s2)
    2094:	854a                	mv	a0,s2
    2096:	2c15                	jal	22ca <__malloc_unlock>
    2098:	a029                	j	20a2 <_malloc_r+0x60>
    209a:	fc04d2e3          	bgez	s1,205e <_malloc_r+0x1c>
    209e:	47b1                	li	a5,12
    20a0:	c11c                	sw	a5,0(a0)
    20a2:	4501                	li	a0,0
    20a4:	40f2                	lw	ra,28(sp)
    20a6:	4462                	lw	s0,24(sp)
    20a8:	44d2                	lw	s1,20(sp)
    20aa:	4942                	lw	s2,16(sp)
    20ac:	49b2                	lw	s3,12(sp)
    20ae:	6105                	addi	sp,sp,32
    20b0:	8082                	ret
    20b2:	401c                	lw	a5,0(s0)
    20b4:	8f85                	sub	a5,a5,s1
    20b6:	0207ce63          	bltz	a5,20f2 <_malloc_r+0xb0>
    20ba:	46ad                	li	a3,11
    20bc:	00f6f663          	bgeu	a3,a5,20c8 <_malloc_r+0x86>
    20c0:	c01c                	sw	a5,0(s0)
    20c2:	943e                	add	s0,s0,a5
    20c4:	c004                	sw	s1,0(s0)
    20c6:	a031                	j	20d2 <_malloc_r+0x90>
    20c8:	405c                	lw	a5,4(s0)
    20ca:	02871263          	bne	a4,s0,20ee <_malloc_r+0xac>
    20ce:	80f1a623          	sw	a5,-2036(gp) # 20001144 <__malloc_free_list>
    20d2:	854a                	mv	a0,s2
    20d4:	2add                	jal	22ca <__malloc_unlock>
    20d6:	00b40513          	addi	a0,s0,11
    20da:	00440793          	addi	a5,s0,4
    20de:	9961                	andi	a0,a0,-8
    20e0:	40f50733          	sub	a4,a0,a5
    20e4:	d361                	beqz	a4,20a4 <_malloc_r+0x62>
    20e6:	943a                	add	s0,s0,a4
    20e8:	8f89                	sub	a5,a5,a0
    20ea:	c01c                	sw	a5,0(s0)
    20ec:	bf65                	j	20a4 <_malloc_r+0x62>
    20ee:	c35c                	sw	a5,4(a4)
    20f0:	b7cd                	j	20d2 <_malloc_r+0x90>
    20f2:	8722                	mv	a4,s0
    20f4:	4040                	lw	s0,4(s0)
    20f6:	bfa5                	j	206e <_malloc_r+0x2c>
    20f8:	00350413          	addi	s0,a0,3
    20fc:	9871                	andi	s0,s0,-4
    20fe:	fc8503e3          	beq	a0,s0,20c4 <_malloc_r+0x82>
    2102:	40a405b3          	sub	a1,s0,a0
    2106:	854a                	mv	a0,s2
    2108:	2021                	jal	2110 <_sbrk_r>
    210a:	fb351de3          	bne	a0,s3,20c4 <_malloc_r+0x82>
    210e:	b741                	j	208e <_malloc_r+0x4c>

00002110 <_sbrk_r>:
_sbrk_r():
    2110:	1141                	addi	sp,sp,-16
    2112:	c422                	sw	s0,8(sp)
    2114:	842a                	mv	s0,a0
    2116:	852e                	mv	a0,a1
    2118:	8001aa23          	sw	zero,-2028(gp) # 2000114c <errno>
    211c:	c606                	sw	ra,12(sp)
    211e:	e72ff0ef          	jal	ra,1790 <_sbrk>
    2122:	57fd                	li	a5,-1
    2124:	00f51763          	bne	a0,a5,2132 <_sbrk_r+0x22>
    2128:	81418793          	addi	a5,gp,-2028 # 2000114c <errno>
    212c:	439c                	lw	a5,0(a5)
    212e:	c391                	beqz	a5,2132 <_sbrk_r+0x22>
    2130:	c01c                	sw	a5,0(s0)
    2132:	40b2                	lw	ra,12(sp)
    2134:	4422                	lw	s0,8(sp)
    2136:	0141                	addi	sp,sp,16
    2138:	8082                	ret

0000213a <__sread>:
__sread():
    213a:	1141                	addi	sp,sp,-16
    213c:	c422                	sw	s0,8(sp)
    213e:	842e                	mv	s0,a1
    2140:	00e59583          	lh	a1,14(a1)
    2144:	c606                	sw	ra,12(sp)
    2146:	2259                	jal	22cc <_read_r>
    2148:	00054963          	bltz	a0,215a <__sread+0x20>
    214c:	487c                	lw	a5,84(s0)
    214e:	97aa                	add	a5,a5,a0
    2150:	c87c                	sw	a5,84(s0)
    2152:	40b2                	lw	ra,12(sp)
    2154:	4422                	lw	s0,8(sp)
    2156:	0141                	addi	sp,sp,16
    2158:	8082                	ret
    215a:	00c45783          	lhu	a5,12(s0)
    215e:	777d                	lui	a4,0xfffff
    2160:	177d                	addi	a4,a4,-1
    2162:	8ff9                	and	a5,a5,a4
    2164:	00f41623          	sh	a5,12(s0)
    2168:	b7ed                	j	2152 <__sread+0x18>

0000216a <__swrite>:
__swrite():
    216a:	00c5d783          	lhu	a5,12(a1)
    216e:	1101                	addi	sp,sp,-32
    2170:	cc22                	sw	s0,24(sp)
    2172:	ca26                	sw	s1,20(sp)
    2174:	c84a                	sw	s2,16(sp)
    2176:	c64e                	sw	s3,12(sp)
    2178:	ce06                	sw	ra,28(sp)
    217a:	1007f793          	andi	a5,a5,256
    217e:	84aa                	mv	s1,a0
    2180:	842e                	mv	s0,a1
    2182:	8932                	mv	s2,a2
    2184:	89b6                	mv	s3,a3
    2186:	c791                	beqz	a5,2192 <__swrite+0x28>
    2188:	00e59583          	lh	a1,14(a1)
    218c:	4689                	li	a3,2
    218e:	4601                	li	a2,0
    2190:	2231                	jal	229c <_lseek_r>
    2192:	00c45783          	lhu	a5,12(s0)
    2196:	777d                	lui	a4,0xfffff
    2198:	177d                	addi	a4,a4,-1
    219a:	8ff9                	and	a5,a5,a4
    219c:	00f41623          	sh	a5,12(s0)
    21a0:	00e41583          	lh	a1,14(s0)
    21a4:	4462                	lw	s0,24(sp)
    21a6:	40f2                	lw	ra,28(sp)
    21a8:	86ce                	mv	a3,s3
    21aa:	864a                	mv	a2,s2
    21ac:	49b2                	lw	s3,12(sp)
    21ae:	4942                	lw	s2,16(sp)
    21b0:	8526                	mv	a0,s1
    21b2:	44d2                	lw	s1,20(sp)
    21b4:	6105                	addi	sp,sp,32
    21b6:	a83d                	j	21f4 <_write_r>

000021b8 <__sseek>:
__sseek():
    21b8:	1141                	addi	sp,sp,-16
    21ba:	c422                	sw	s0,8(sp)
    21bc:	842e                	mv	s0,a1
    21be:	00e59583          	lh	a1,14(a1)
    21c2:	c606                	sw	ra,12(sp)
    21c4:	28e1                	jal	229c <_lseek_r>
    21c6:	57fd                	li	a5,-1
    21c8:	00c45703          	lhu	a4,12(s0)
    21cc:	00f51b63          	bne	a0,a5,21e2 <__sseek+0x2a>
    21d0:	77fd                	lui	a5,0xfffff
    21d2:	17fd                	addi	a5,a5,-1
    21d4:	8ff9                	and	a5,a5,a4
    21d6:	00f41623          	sh	a5,12(s0)
    21da:	40b2                	lw	ra,12(sp)
    21dc:	4422                	lw	s0,8(sp)
    21de:	0141                	addi	sp,sp,16
    21e0:	8082                	ret
    21e2:	6785                	lui	a5,0x1
    21e4:	8fd9                	or	a5,a5,a4
    21e6:	00f41623          	sh	a5,12(s0)
    21ea:	c868                	sw	a0,84(s0)
    21ec:	b7fd                	j	21da <__sseek+0x22>

000021ee <__sclose>:
__sclose():
    21ee:	00e59583          	lh	a1,14(a1)
    21f2:	a805                	j	2222 <_close_r>

000021f4 <_write_r>:
_write_r():
    21f4:	1141                	addi	sp,sp,-16
    21f6:	c422                	sw	s0,8(sp)
    21f8:	842a                	mv	s0,a0
    21fa:	852e                	mv	a0,a1
    21fc:	85b2                	mv	a1,a2
    21fe:	8636                	mv	a2,a3
    2200:	8001aa23          	sw	zero,-2028(gp) # 2000114c <errno>
    2204:	c606                	sw	ra,12(sp)
    2206:	d62ff0ef          	jal	ra,1768 <_write>
    220a:	57fd                	li	a5,-1
    220c:	00f51763          	bne	a0,a5,221a <_write_r+0x26>
    2210:	81418793          	addi	a5,gp,-2028 # 2000114c <errno>
    2214:	439c                	lw	a5,0(a5)
    2216:	c391                	beqz	a5,221a <_write_r+0x26>
    2218:	c01c                	sw	a5,0(s0)
    221a:	40b2                	lw	ra,12(sp)
    221c:	4422                	lw	s0,8(sp)
    221e:	0141                	addi	sp,sp,16
    2220:	8082                	ret

00002222 <_close_r>:
_close_r():
    2222:	1141                	addi	sp,sp,-16
    2224:	c422                	sw	s0,8(sp)
    2226:	842a                	mv	s0,a0
    2228:	852e                	mv	a0,a1
    222a:	8001aa23          	sw	zero,-2028(gp) # 2000114c <errno>
    222e:	c606                	sw	ra,12(sp)
    2230:	20e1                	jal	22f8 <_close>
    2232:	57fd                	li	a5,-1
    2234:	00f51763          	bne	a0,a5,2242 <_close_r+0x20>
    2238:	81418793          	addi	a5,gp,-2028 # 2000114c <errno>
    223c:	439c                	lw	a5,0(a5)
    223e:	c391                	beqz	a5,2242 <_close_r+0x20>
    2240:	c01c                	sw	a5,0(s0)
    2242:	40b2                	lw	ra,12(sp)
    2244:	4422                	lw	s0,8(sp)
    2246:	0141                	addi	sp,sp,16
    2248:	8082                	ret

0000224a <_fstat_r>:
_fstat_r():
    224a:	1141                	addi	sp,sp,-16
    224c:	c422                	sw	s0,8(sp)
    224e:	842a                	mv	s0,a0
    2250:	852e                	mv	a0,a1
    2252:	85b2                	mv	a1,a2
    2254:	8001aa23          	sw	zero,-2028(gp) # 2000114c <errno>
    2258:	c606                	sw	ra,12(sp)
    225a:	206d                	jal	2304 <_fstat>
    225c:	57fd                	li	a5,-1
    225e:	00f51763          	bne	a0,a5,226c <_fstat_r+0x22>
    2262:	81418793          	addi	a5,gp,-2028 # 2000114c <errno>
    2266:	439c                	lw	a5,0(a5)
    2268:	c391                	beqz	a5,226c <_fstat_r+0x22>
    226a:	c01c                	sw	a5,0(s0)
    226c:	40b2                	lw	ra,12(sp)
    226e:	4422                	lw	s0,8(sp)
    2270:	0141                	addi	sp,sp,16
    2272:	8082                	ret

00002274 <_isatty_r>:
_isatty_r():
    2274:	1141                	addi	sp,sp,-16
    2276:	c422                	sw	s0,8(sp)
    2278:	842a                	mv	s0,a0
    227a:	852e                	mv	a0,a1
    227c:	8001aa23          	sw	zero,-2028(gp) # 2000114c <errno>
    2280:	c606                	sw	ra,12(sp)
    2282:	2079                	jal	2310 <_isatty>
    2284:	57fd                	li	a5,-1
    2286:	00f51763          	bne	a0,a5,2294 <_isatty_r+0x20>
    228a:	81418793          	addi	a5,gp,-2028 # 2000114c <errno>
    228e:	439c                	lw	a5,0(a5)
    2290:	c391                	beqz	a5,2294 <_isatty_r+0x20>
    2292:	c01c                	sw	a5,0(s0)
    2294:	40b2                	lw	ra,12(sp)
    2296:	4422                	lw	s0,8(sp)
    2298:	0141                	addi	sp,sp,16
    229a:	8082                	ret

0000229c <_lseek_r>:
_lseek_r():
    229c:	1141                	addi	sp,sp,-16
    229e:	c422                	sw	s0,8(sp)
    22a0:	842a                	mv	s0,a0
    22a2:	852e                	mv	a0,a1
    22a4:	85b2                	mv	a1,a2
    22a6:	8636                	mv	a2,a3
    22a8:	8001aa23          	sw	zero,-2028(gp) # 2000114c <errno>
    22ac:	c606                	sw	ra,12(sp)
    22ae:	20bd                	jal	231c <_lseek>
    22b0:	57fd                	li	a5,-1
    22b2:	00f51763          	bne	a0,a5,22c0 <_lseek_r+0x24>
    22b6:	81418793          	addi	a5,gp,-2028 # 2000114c <errno>
    22ba:	439c                	lw	a5,0(a5)
    22bc:	c391                	beqz	a5,22c0 <_lseek_r+0x24>
    22be:	c01c                	sw	a5,0(s0)
    22c0:	40b2                	lw	ra,12(sp)
    22c2:	4422                	lw	s0,8(sp)
    22c4:	0141                	addi	sp,sp,16
    22c6:	8082                	ret

000022c8 <__malloc_lock>:
__malloc_lock():
    22c8:	8082                	ret

000022ca <__malloc_unlock>:
__malloc_unlock():
    22ca:	8082                	ret

000022cc <_read_r>:
_read_r():
    22cc:	1141                	addi	sp,sp,-16
    22ce:	c422                	sw	s0,8(sp)
    22d0:	842a                	mv	s0,a0
    22d2:	852e                	mv	a0,a1
    22d4:	85b2                	mv	a1,a2
    22d6:	8636                	mv	a2,a3
    22d8:	8001aa23          	sw	zero,-2028(gp) # 2000114c <errno>
    22dc:	c606                	sw	ra,12(sp)
    22de:	20a9                	jal	2328 <_read>
    22e0:	57fd                	li	a5,-1
    22e2:	00f51763          	bne	a0,a5,22f0 <_read_r+0x24>
    22e6:	81418793          	addi	a5,gp,-2028 # 2000114c <errno>
    22ea:	439c                	lw	a5,0(a5)
    22ec:	c391                	beqz	a5,22f0 <_read_r+0x24>
    22ee:	c01c                	sw	a5,0(s0)
    22f0:	40b2                	lw	ra,12(sp)
    22f2:	4422                	lw	s0,8(sp)
    22f4:	0141                	addi	sp,sp,16
    22f6:	8082                	ret

000022f8 <_close>:
_close():
    22f8:	05800793          	li	a5,88
    22fc:	80f1aa23          	sw	a5,-2028(gp) # 2000114c <errno>
    2300:	557d                	li	a0,-1
    2302:	8082                	ret

00002304 <_fstat>:
_fstat():
    2304:	05800793          	li	a5,88
    2308:	80f1aa23          	sw	a5,-2028(gp) # 2000114c <errno>
    230c:	557d                	li	a0,-1
    230e:	8082                	ret

00002310 <_isatty>:
_isatty():
    2310:	05800793          	li	a5,88
    2314:	80f1aa23          	sw	a5,-2028(gp) # 2000114c <errno>
    2318:	4501                	li	a0,0
    231a:	8082                	ret

0000231c <_lseek>:
_lseek():
    231c:	05800793          	li	a5,88
    2320:	80f1aa23          	sw	a5,-2028(gp) # 2000114c <errno>
    2324:	557d                	li	a0,-1
    2326:	8082                	ret

00002328 <_read>:
_read():
    2328:	05800793          	li	a5,88
    232c:	80f1aa23          	sw	a5,-2028(gp) # 2000114c <errno>
    2330:	557d                	li	a0,-1
    2332:	8082                	ret
    2334:	65656c53          	0x65656c53
    2338:	2070                	fld	fa2,192(s0)
    233a:	6554                	flw	fa3,12(a0)
    233c:	53207473          	csrrci	s0,0x532,0
    2340:	6174                	flw	fa3,68(a0)
    2342:	7472                	flw	fs0,60(sp)
    2344:	0000                	unimp
    2346:	0000                	unimp
    2348:	6449                	lui	s0,0x12
    234a:	656c                	flw	fa1,76(a0)
    234c:	7320                	flw	fs0,96(a4)
    234e:	656c                	flw	fa1,76(a0)
    2350:	7065                	c.lui	zero,0xffff9
    2352:	2e2e                	fld	ft8,200(sp)
    2354:	002e                	c.slli	zero,0xb
    2356:	0000                	unimp
    2358:	6449                	lui	s0,0x12
    235a:	656c                	flw	fa1,76(a0)
    235c:	7720                	flw	fs0,104(a4)
    235e:	6b61                	lui	s6,0x18
    2360:	0a65                	addi	s4,s4,25
    2362:	0000                	unimp
    2364:	6148                	flw	fa0,4(a0)
    2366:	746c                	flw	fa1,108(s0)
    2368:	7320                	flw	fs0,96(a4)
    236a:	656c                	flw	fa1,76(a0)
    236c:	7065                	c.lui	zero,0xffff9
    236e:	2e2e                	fld	ft8,200(sp)
    2370:	002e                	c.slli	zero,0xb
    2372:	0000                	unimp
    2374:	6148                	flw	fa0,4(a0)
    2376:	746c                	flw	fa1,108(s0)
    2378:	7720                	flw	fs0,104(a4)
    237a:	6b61                	lui	s6,0x18
    237c:	0a65                	addi	s4,s4,25
    237e:	0000                	unimp
    2380:	65656c53          	0x65656c53
    2384:	2070                	fld	fa2,192(s0)
    2386:	6f6d                	lui	t5,0x1b
    2388:	6564                	flw	fs1,76(a0)
    238a:	2e2e                	fld	ft8,200(sp)
    238c:	002e                	c.slli	zero,0xb
    238e:	0000                	unimp
    2390:	65656c53          	0x65656c53
    2394:	2070                	fld	fa2,192(s0)
    2396:	656b6177          	0x656b6177
    239a:	000a                	c.slli	zero,0x2
    239c:	74756853          	0x74756853
    23a0:	6f64                	flw	fs1,92(a4)
    23a2:	6d206e77          	0x6d206e77
    23a6:	2e65646f          	jal	s0,5868c <_data_lma+0x56240>
    23aa:	2e2e                	fld	ft8,200(sp)
    23ac:	0000                	unimp
    23ae:	0000                	unimp
    23b0:	74756853          	0x74756853
    23b4:	6f64                	flw	fs1,92(a4)
    23b6:	77206e77          	0x77206e77
    23ba:	6b61                	lui	s6,0x18
    23bc:	0065                	c.nop	25
    23be:	0000                	unimp
    23c0:	f028                	fsw	fa0,96(s0)
    23c2:	ffff                	0xffff
    23c4:	f050                	fsw	fa2,36(s0)
    23c6:	ffff                	0xffff
    23c8:	f078                	fsw	fa4,100(s0)
    23ca:	ffff                	0xffff
    23cc:	f090                	fsw	fa2,32(s1)
    23ce:	ffff                	0xffff
    23d0:	f0aa                	fsw	fa0,96(sp)
    23d2:	ffff                	0xffff
    23d4:	f0ba                	fsw	fa4,96(sp)
    23d6:	ffff                	0xffff
    23d8:	f0e2                	fsw	fs8,96(sp)
    23da:	ffff                	0xffff
    23dc:	f10a                	fsw	ft2,160(sp)
    23de:	ffff                	0xffff
    23e0:	f122                	fsw	fs0,160(sp)
    23e2:	ffff                	0xffff
    23e4:	f13c                	fsw	fa5,96(a0)
    23e6:	ffff                	0xffff

000023e8 <__sf_fake_stderr>:
	...

00002408 <__sf_fake_stdin>:
	...

00002428 <__sf_fake_stdout>:
	...

00002448 <_global_impure_ptr>:
    2448:	10d4 2000                                   ... 
