
04_demo_power_integral.elf:     file format elf32-littleriscv
04_demo_power_integral.elf
architecture: riscv:rv32, flags 0x00000112:
EXEC_P, HAS_SYMS, D_PAGED
start address 0x00000000

Program Header:
    LOAD off    0x00001000 vaddr 0x00000000 paddr 0x00000000 align 2**12
         filesz 0x0000230c memsz 0x0000230c flags r-x
    LOAD off    0x00004000 vaddr 0x20000000 paddr 0x0000230c align 2**12
         filesz 0x00000038 memsz 0x0000005c flags rw-
    LOAD off    0x00004700 vaddr 0x20000700 paddr 0x20000700 align 2**12
         filesz 0x00000000 memsz 0x00000100 flags rw-

Sections:
Idx Name          Size      VMA       LMA       File off  Algn
  0 .init         000000a0  00000000  00000000  00001000  2**2
                  CONTENTS, ALLOC, LOAD, READONLY, CODE
  1 .highcodelalign 00000000  000000a0  000000a0  00004038  2**0
                  CONTENTS
  2 .highcode     00000000  20000000  20000000  00004038  2**0
                  CONTENTS
  3 .text         0000226c  000000a0  000000a0  000010a0  2**2
                  CONTENTS, ALLOC, LOAD, READONLY, CODE
  4 .fini         00000000  0000230c  0000230c  00004038  2**0
                  CONTENTS, ALLOC, LOAD, CODE
  5 .dalign       00000000  20000000  20000000  00004038  2**0
                  CONTENTS
  6 .dlalign      00000000  0000230c  0000230c  00004038  2**0
                  CONTENTS
  7 .data         00000038  20000000  0000230c  00004000  2**2
                  CONTENTS, ALLOC, LOAD, DATA
  8 .bss          00000024  20000038  00002344  00004038  2**2
                  ALLOC
  9 .stack        00000100  20000700  20000700  00004700  2**0
                  ALLOC
 10 .debug_info   0000b003  00000000  00000000  00004038  2**0
                  CONTENTS, READONLY, DEBUGGING
 11 .debug_abbrev 00002100  00000000  00000000  0000f03b  2**0
                  CONTENTS, READONLY, DEBUGGING
 12 .debug_aranges 00000610  00000000  00000000  00011140  2**3
                  CONTENTS, READONLY, DEBUGGING
 13 .debug_ranges 00000628  00000000  00000000  00011750  2**3
                  CONTENTS, READONLY, DEBUGGING
 14 .debug_line   00008b81  00000000  00000000  00011d78  2**0
                  CONTENTS, READONLY, DEBUGGING
 15 .debug_str    00002076  00000000  00000000  0001a8f9  2**0
                  CONTENTS, READONLY, DEBUGGING
 16 .comment      00000033  00000000  00000000  0001c96f  2**0
                  CONTENTS, READONLY
 17 .debug_frame  00000e64  00000000  00000000  0001c9a4  2**2
                  CONTENTS, READONLY, DEBUGGING
 18 .debug_loc    00002df7  00000000  00000000  0001d808  2**0
                  CONTENTS, READONLY, DEBUGGING
SYMBOL TABLE:
00000000 l    d  .init	00000000 .init
000000a0 l    d  .highcodelalign	00000000 .highcodelalign
20000000 l    d  .highcode	00000000 .highcode
000000a0 l    d  .text	00000000 .text
0000230c l    d  .fini	00000000 .fini
20000000 l    d  .dalign	00000000 .dalign
0000230c l    d  .dlalign	00000000 .dlalign
20000000 l    d  .data	00000000 .data
20000038 l    d  .bss	00000000 .bss
20000700 l    d  .stack	00000000 .stack
00000000 l    d  .debug_info	00000000 .debug_info
00000000 l    d  .debug_abbrev	00000000 .debug_abbrev
00000000 l    d  .debug_aranges	00000000 .debug_aranges
00000000 l    d  .debug_ranges	00000000 .debug_ranges
00000000 l    d  .debug_line	00000000 .debug_line
00000000 l    d  .debug_str	00000000 .debug_str
00000000 l    d  .comment	00000000 .comment
00000000 l    d  .debug_frame	00000000 .debug_frame
00000000 l    d  .debug_loc	00000000 .debug_loc
00000000 l    df *ABS*	00000000 ch32v00x_it.c
00000000 l    df *ABS*	00000000 main.c
0000015c l     F .text	0000002e CALIB_CRC32.constprop.3
00000000 l    df *ABS*	00000000 system_ch32v00x.c
00000000 l    df *ABS*	00000000 ch32v00x_flash.c
00000000 l    df *ABS*	00000000 ch32v00x_gpio.c
00000000 l    df *ABS*	00000000 ch32v00x_i2c.c
00000000 l    df *ABS*	00000000 ch32v00x_misc.c
00000000 l    df *ABS*	00000000 ch32v00x_rcc.c
20000014 l     O .data	00000014 ADCPrescTable
20000028 l     O .data	00000010 APBAHBPrescTable
00000000 l    df *ABS*	00000000 ch32v00x_usart.c
00000000 l    df *ABS*	00000000 debug.c
20000058 l     O .bss	00000002 p_ms
2000005a l     O .bss	00000001 p_us
00000000 l    df *ABS*	00000000 libgcc2.c
00000000 l    df *ABS*	00000000 libgcc2.c
00000000 l    df *ABS*	00000000 libgcc2.c
00000000 l    df *ABS*	00000000 multi3.c
00000000 l    df *ABS*	00000000 libgcc2.c
00000c12 g     F .text	0000001a FLASH_Unlock
000011a4 g     F .text	00000514 .hidden __divdi3
20000838 g       .data	00000000 __global_pointer$
00000644 g     F .text	00000034 CALIB_ReadCurrent_ma
00000b60  w      .text	00000000 TIM1_CC_IRQHandler
20000040 g     O .bss	00000010 g_rxbuf
00000ec6 g     F .text	00000008 I2C_ReceiveData
0000014c g     F .text	00000010 HardFault_Handler
00000caa g     F .text	00000054 FLASH_ProgramWord
00000b60  w      .text	00000000 SysTick_Handler
00000b60  w      .text	00000000 PVD_IRQHandler
0000014a g     F .text	00000002 NMI_Handler
0000112c g     F .text	0000000a USART_GetFlagStatus
20000038 g       .bss	00000000 _sbss
00000100 g       *ABS*	00000000 __stack_size
00000c72 g     F .text	00000038 FLASH_ErasePage
000000aa g     F .text	0000000a .hidden __riscv_restore_2
00000588 g     F .text	00000054 CALIB_Load
20000010 g     O .data	00000004 SystemCoreClock
00001124 g     F .text	00000008 USART_ReceiveData
000000d4 g     F .text	0000002c .hidden __udivsi3
000000a0 g       .init	00000000 _einit
00000ffe g     F .text	0000001e RCC_APB2PeriphClockCmd
00000cfe g     F .text	0000007c GPIO_Init
20000054 g     O .bss	00000004 NVIC_Priority_Group
00000b60  w      .text	00000000 SPI1_IRQHandler
00001106 g     F .text	00000016 USART_Cmd
000000a0 g     F .text	0000000a .hidden __riscv_save_1
000000aa g     F .text	0000000a .hidden __riscv_restore_0
00000b60  w      .text	00000000 AWU_IRQHandler
00000b60  w      .text	00000000 EXTI7_0_IRQHandler
00000522 g     F .text	0000004c UART_SendU32
0000101c g     F .text	0000001e RCC_APB1PeriphClockCmd
20000700 g       .stack	00000000 _heap_end
00001b9a g     F .text	000004f2 .hidden __udivdi3
00000b60  w      .text	00000000 DMA1_Channel4_IRQHandler
0000045c g     F .text	00000080 USART1_CFG
00000ec2 g     F .text	00000004 I2C_SendData
00000b60  w      .text	00000000 ADC1_IRQHandler
00000c2c g     F .text	0000000e FLASH_Lock
00000d7a g     F .text	000000e2 I2C_Init
0000030a g     F .text	00000152 INA226_ReadReg
2000005c g       .bss	00000000 _ebss
00000b60  w      .text	00000000 DMA1_Channel7_IRQHandler
00001136 g     F .text	00000034 Delay_Init
00000100 g     F .text	00000008 .hidden __umodsi3
00000e74 g     F .text	0000001a I2C_GenerateSTART
00000b60  w      .text	00000000 I2C1_EV_IRQHandler
0000050a g     F .text	00000018 UART_SendString
00000f40 g     F .text	000000be RCC_GetClocksFreq
00000b60  w      .text	00000000 DMA1_Channel6_IRQHandler
0000103a g     F .text	000000cc USART_Init
00000b60  w      .text	00000000 RCC_IRQHandler
00000b60  w      .text	00000000 TIM1_TRG_COM_IRQHandler
00000b60  w      .text	00000000 DMA1_Channel1_IRQHandler
00000000 g       .init	00000000 _start
20000000 g     O .data	00000010 AHBPrescTable
00000ef6 g     F .text	00000032 I2C_GetFlagStatus
00000c52 g     F .text	00000020 FLASH_WaitForLastOperation
20000000 g       .highcode	00000000 _highcode_vma_start
000000b4 g     F .text	00000014 .hidden __mulsi3
00000e5c g     F .text	00000018 I2C_Cmd
20000000 g       .dalign	00000000 _data_vma
0000056e g     F .text	0000001a UART_SendS32
00000ece g     F .text	00000012 I2C_Send7bitAddress
000004dc g     F .text	0000002e UART_SendChar
00000f2e g     F .text	00000012 RCC_AdjustHSICalibrationValue
000007de g     F .text	000001f0 main
20000050 g     O .bss	00000001 g_rxlen
00000b60  w      .text	00000000 DMA1_Channel5_IRQHandler
0000116a g     F .text	0000003a Delay_Ms
000000cc g     F .text	00000058 .hidden __divsi3
000000a0 g       .highcodelalign	00000000 _highcode_lma
000009ce g     F .text	0000010a SystemInit
0000220c g     O .text	00000100 .hidden __clz_tab
00000000 g       .init	00000000 _sinit
00000b60  w      .text	00000000 DMA1_Channel3_IRQHandler
00000b60  w      .text	00000000 TIM1_UP_IRQHandler
00000b60  w      .text	00000000 WWDG_IRQHandler
00000b60  w      .text	00000000 TIM2_IRQHandler
20000800 g       .stack	00000000 _eusrstack
000000a0 g     F .text	0000000a .hidden __riscv_save_2
00000b60  w      .text	00000000 SW_Handler
00000b60  w      .text	00000000 TIM1_BRK_IRQHandler
0000111c g     F .text	00000008 USART_SendData
20000038 g       .data	00000000 _edata
2000005c g       .bss	00000000 _end
20000000 g       .highcode	00000000 _highcode_vma_end
0000230c g       .dlalign	00000000 _data_lma
00000678 g     F .text	00000166 Cmd_Process
00000ad8 g     F .text	00000088 SystemCoreClockUpdate
0000018a g     F .text	00000084 I2C_CFG
00000124 g     F .text	00000024 .hidden __modsi3
00000b60  w      .text	00000000 DMA1_Channel2_IRQHandler
20000038 g     O .bss	00000008 g_calib
00000b62  w      .text	00000000 handle_reset
000016b8 g     F .text	000004e2 .hidden __moddi3
00000b60  w      .text	00000000 FLASH_IRQHandler
000000a0 g     F .text	0000000a .hidden __riscv_save_0
0000208c g     F .text	0000006a .hidden __muldi3
00000b60  w      .text	00000000 USART1_IRQHandler
00000ea8 g     F .text	0000001a I2C_AcknowledgeConfig
00000ee0 g     F .text	00000016 I2C_CheckEvent
00000e8e g     F .text	0000001a I2C_GenerateSTOP
00000b60  w      .text	00000000 I2C1_ER_IRQHandler
00000f28 g     F .text	00000006 NVIC_PriorityGroupConfig
000000aa g     F .text	0000000a .hidden __riscv_restore_1
00000c3a g     F .text	00000018 FLASH_GetBank1Status
0000020e g     F .text	000000fc INA226_WriteReg
000005dc g     F .text	00000068 CALIB_Save



Disassembly of section .init:

00000000 <_sinit>:
   0:	3630006f          	j	b62 <handle_reset>
   4:	0000                	unimp
   6:	0000                	unimp
   8:	014a                	slli	sp,sp,0x12
   a:	0000                	unimp
   c:	014c                	addi	a1,sp,132
	...
  2e:	0000                	unimp
  30:	0b60                	addi	s0,sp,412
  32:	0000                	unimp
  34:	0000                	unimp
  36:	0000                	unimp
  38:	0b60                	addi	s0,sp,412
  3a:	0000                	unimp
  3c:	0000                	unimp
  3e:	0000                	unimp
  40:	0b60                	addi	s0,sp,412
  42:	0000                	unimp
  44:	0b60                	addi	s0,sp,412
  46:	0000                	unimp
  48:	0b60                	addi	s0,sp,412
  4a:	0000                	unimp
  4c:	0b60                	addi	s0,sp,412
  4e:	0000                	unimp
  50:	0b60                	addi	s0,sp,412
  52:	0000                	unimp
  54:	0b60                	addi	s0,sp,412
  56:	0000                	unimp
  58:	0b60                	addi	s0,sp,412
  5a:	0000                	unimp
  5c:	0b60                	addi	s0,sp,412
  5e:	0000                	unimp
  60:	0b60                	addi	s0,sp,412
  62:	0000                	unimp
  64:	0b60                	addi	s0,sp,412
  66:	0000                	unimp
  68:	0b60                	addi	s0,sp,412
  6a:	0000                	unimp
  6c:	0b60                	addi	s0,sp,412
  6e:	0000                	unimp
  70:	0b60                	addi	s0,sp,412
  72:	0000                	unimp
  74:	0b60                	addi	s0,sp,412
  76:	0000                	unimp
  78:	0b60                	addi	s0,sp,412
  7a:	0000                	unimp
  7c:	0b60                	addi	s0,sp,412
  7e:	0000                	unimp
  80:	0b60                	addi	s0,sp,412
  82:	0000                	unimp
  84:	0b60                	addi	s0,sp,412
  86:	0000                	unimp
  88:	0b60                	addi	s0,sp,412
  8a:	0000                	unimp
  8c:	0b60                	addi	s0,sp,412
  8e:	0000                	unimp
  90:	0b60                	addi	s0,sp,412
  92:	0000                	unimp
  94:	0b60                	addi	s0,sp,412
  96:	0000                	unimp
  98:	0b60                	addi	s0,sp,412
  9a:	0000                	unimp
  9c:	0000                	unimp
	...

Disassembly of section .text:

000000a0 <__riscv_save_0>:
      a0:	1151                	addi	sp,sp,-12
      a2:	c026                	sw	s1,0(sp)
      a4:	c222                	sw	s0,4(sp)
      a6:	c406                	sw	ra,8(sp)
      a8:	8282                	jr	t0

000000aa <__riscv_restore_0>:
      aa:	4482                	lw	s1,0(sp)
      ac:	4412                	lw	s0,4(sp)
      ae:	40a2                	lw	ra,8(sp)
      b0:	0131                	addi	sp,sp,12
      b2:	8082                	ret

000000b4 <__mulsi3>:
      b4:	862a                	mv	a2,a0
      b6:	4501                	li	a0,0
      b8:	0015f693          	andi	a3,a1,1
      bc:	c291                	beqz	a3,c0 <__mulsi3+0xc>
      be:	9532                	add	a0,a0,a2
      c0:	8185                	srli	a1,a1,0x1
      c2:	0606                	slli	a2,a2,0x1
      c4:	f9f5                	bnez	a1,b8 <__mulsi3+0x4>
      c6:	8082                	ret
      c8:	0000                	unimp
	...

000000cc <__divsi3>:
      cc:	02054e63          	bltz	a0,108 <__umodsi3+0x8>
      d0:	0405c363          	bltz	a1,116 <__umodsi3+0x16>

000000d4 <__udivsi3>:
      d4:	862e                	mv	a2,a1
      d6:	85aa                	mv	a1,a0
      d8:	557d                	li	a0,-1
      da:	c215                	beqz	a2,fe <__udivsi3+0x2a>
      dc:	4685                	li	a3,1
      de:	00b67863          	bgeu	a2,a1,ee <__udivsi3+0x1a>
      e2:	00c05663          	blez	a2,ee <__udivsi3+0x1a>
      e6:	0606                	slli	a2,a2,0x1
      e8:	0686                	slli	a3,a3,0x1
      ea:	feb66ce3          	bltu	a2,a1,e2 <__udivsi3+0xe>
      ee:	4501                	li	a0,0
      f0:	00c5e463          	bltu	a1,a2,f8 <__udivsi3+0x24>
      f4:	8d91                	sub	a1,a1,a2
      f6:	8d55                	or	a0,a0,a3
      f8:	8285                	srli	a3,a3,0x1
      fa:	8205                	srli	a2,a2,0x1
      fc:	faf5                	bnez	a3,f0 <__udivsi3+0x1c>
      fe:	8082                	ret

00000100 <__umodsi3>:
     100:	8286                	mv	t0,ra
     102:	3fc9                	jal	d4 <__udivsi3>
     104:	852e                	mv	a0,a1
     106:	8282                	jr	t0
     108:	40a00533          	neg	a0,a0
     10c:	0005d763          	bgez	a1,11a <__umodsi3+0x1a>
     110:	40b005b3          	neg	a1,a1
     114:	b7c1                	j	d4 <__udivsi3>
     116:	40b005b3          	neg	a1,a1
     11a:	8286                	mv	t0,ra
     11c:	3f65                	jal	d4 <__udivsi3>
     11e:	40a00533          	neg	a0,a0
     122:	8282                	jr	t0

00000124 <__modsi3>:
     124:	8286                	mv	t0,ra
     126:	0005c763          	bltz	a1,134 <__modsi3+0x10>
     12a:	00054963          	bltz	a0,13c <__modsi3+0x18>
     12e:	375d                	jal	d4 <__udivsi3>
     130:	852e                	mv	a0,a1
     132:	8282                	jr	t0
     134:	40b005b3          	neg	a1,a1
     138:	fe055be3          	bgez	a0,12e <__modsi3+0xa>
     13c:	40a00533          	neg	a0,a0
     140:	3f51                	jal	d4 <__udivsi3>
     142:	40b00533          	neg	a0,a1
     146:	8282                	jr	t0
	...

0000014a <NMI_Handler>:
     14a:	a001                	j	14a <NMI_Handler>

0000014c <HardFault_Handler>:
     14c:	beef07b7          	lui	a5,0xbeef0
     150:	e000e737          	lui	a4,0xe000e
     154:	08078793          	addi	a5,a5,128 # beef0080 <__global_pointer$+0x9eeef848>
     158:	c73c                	sw	a5,72(a4)
     15a:	a001                	j	15a <HardFault_Handler+0xe>

0000015c <CALIB_CRC32.constprop.3>:
     15c:	04c12737          	lui	a4,0x4c12
     160:	00c50613          	addi	a2,a0,12
     164:	57fd                	li	a5,-1
     166:	db770713          	addi	a4,a4,-585 # 4c11db7 <_data_lma+0x4c0faab>
     16a:	4114                	lw	a3,0(a0)
     16c:	8fb5                	xor	a5,a5,a3
     16e:	02000693          	li	a3,32
     172:	85be                	mv	a1,a5
     174:	0786                	slli	a5,a5,0x1
     176:	0005d363          	bgez	a1,17c <CALIB_CRC32.constprop.3+0x20>
     17a:	8fb9                	xor	a5,a5,a4
     17c:	16fd                	addi	a3,a3,-1
     17e:	faf5                	bnez	a3,172 <CALIB_CRC32.constprop.3+0x16>
     180:	0511                	addi	a0,a0,4
     182:	fec514e3          	bne	a0,a2,16a <CALIB_CRC32.constprop.3+0xe>
     186:	853e                	mv	a0,a5
     188:	8082                	ret

0000018a <I2C_CFG>:
     18a:	f17ff2ef          	jal	t0,a0 <__riscv_save_0>
     18e:	1111                	addi	sp,sp,-28
     190:	4585                	li	a1,1
     192:	4545                	li	a0,17
     194:	c002                	sw	zero,0(sp)
     196:	c202                	sw	zero,4(sp)
     198:	c402                	sw	zero,8(sp)
     19a:	c602                	sw	zero,12(sp)
     19c:	c802                	sw	zero,16(sp)
     19e:	ca02                	sw	zero,20(sp)
     1a0:	cc02                	sw	zero,24(sp)
     1a2:	65d000ef          	jal	ra,ffe <RCC_APB2PeriphClockCmd>
     1a6:	4585                	li	a1,1
     1a8:	00200537          	lui	a0,0x200
     1ac:	671000ef          	jal	ra,101c <RCC_APB1PeriphClockCmd>
     1b0:	4791                	li	a5,4
     1b2:	44f1                	li	s1,28
     1b4:	440d                	li	s0,3
     1b6:	858a                	mv	a1,sp
     1b8:	40011537          	lui	a0,0x40011
     1bc:	807c                	sh	a5,0(sp)
     1be:	c426                	sw	s1,8(sp)
     1c0:	c222                	sw	s0,4(sp)
     1c2:	33d000ef          	jal	ra,cfe <GPIO_Init>
     1c6:	4789                	li	a5,2
     1c8:	858a                	mv	a1,sp
     1ca:	40011537          	lui	a0,0x40011
     1ce:	807c                	sh	a5,0(sp)
     1d0:	c426                	sw	s1,8(sp)
     1d2:	c222                	sw	s0,4(sp)
     1d4:	32b000ef          	jal	ra,cfe <GPIO_Init>
     1d8:	000627b7          	lui	a5,0x62
     1dc:	a8078793          	addi	a5,a5,-1408 # 61a80 <_data_lma+0x5f774>
     1e0:	c63e                	sw	a5,12(sp)
     1e2:	bfff07b7          	lui	a5,0xbfff0
     1e6:	40005437          	lui	s0,0x40005
     1ea:	c83e                	sw	a5,16(sp)
     1ec:	040007b7          	lui	a5,0x4000
     1f0:	ca3e                	sw	a5,20(sp)
     1f2:	006c                	addi	a1,sp,12
     1f4:	6791                	lui	a5,0x4
     1f6:	40040513          	addi	a0,s0,1024 # 40005400 <__global_pointer$+0x20004bc8>
     1fa:	84fc                	sh	a5,24(sp)
     1fc:	37f000ef          	jal	ra,d7a <I2C_Init>
     200:	4585                	li	a1,1
     202:	40040513          	addi	a0,s0,1024
     206:	457000ef          	jal	ra,e5c <I2C_Cmd>
     20a:	0171                	addi	sp,sp,28
     20c:	bd79                	j	aa <__riscv_restore_0>

0000020e <INA226_WriteReg>:
     20e:	e93ff2ef          	jal	t0,a0 <__riscv_save_0>
     212:	400057b7          	lui	a5,0x40005
     216:	842a                	mv	s0,a0
     218:	84ae                	mv	s1,a1
     21a:	40078713          	addi	a4,a5,1024 # 40005400 <__global_pointer$+0x20004bc8>
     21e:	853a                	mv	a0,a4
     220:	000205b7          	lui	a1,0x20
     224:	4d3000ef          	jal	ra,ef6 <I2C_GetFlagStatus>
     228:	400057b7          	lui	a5,0x40005
     22c:	40078713          	addi	a4,a5,1024 # 40005400 <__global_pointer$+0x20004bc8>
     230:	f57d                	bnez	a0,21e <INA226_WriteReg+0x10>
     232:	4585                	li	a1,1
     234:	853a                	mv	a0,a4
     236:	43f000ef          	jal	ra,e74 <I2C_GenerateSTART>
     23a:	000307b7          	lui	a5,0x30
     23e:	0785                	addi	a5,a5,1
     240:	40005737          	lui	a4,0x40005
     244:	85be                	mv	a1,a5
     246:	40070513          	addi	a0,a4,1024 # 40005400 <__global_pointer$+0x20004bc8>
     24a:	497000ef          	jal	ra,ee0 <I2C_CheckEvent>
     24e:	000307b7          	lui	a5,0x30
     252:	40005737          	lui	a4,0x40005
     256:	0785                	addi	a5,a5,1
     258:	d565                	beqz	a0,240 <INA226_WriteReg+0x32>
     25a:	4601                	li	a2,0
     25c:	08000593          	li	a1,128
     260:	40070513          	addi	a0,a4,1024 # 40005400 <__global_pointer$+0x20004bc8>
     264:	46b000ef          	jal	ra,ece <I2C_Send7bitAddress>
     268:	000707b7          	lui	a5,0x70
     26c:	08278793          	addi	a5,a5,130 # 70082 <_data_lma+0x6dd76>
     270:	40005737          	lui	a4,0x40005
     274:	85be                	mv	a1,a5
     276:	40070513          	addi	a0,a4,1024 # 40005400 <__global_pointer$+0x20004bc8>
     27a:	467000ef          	jal	ra,ee0 <I2C_CheckEvent>
     27e:	000707b7          	lui	a5,0x70
     282:	40005737          	lui	a4,0x40005
     286:	08278793          	addi	a5,a5,130 # 70082 <_data_lma+0x6dd76>
     28a:	d17d                	beqz	a0,270 <INA226_WriteReg+0x62>
     28c:	85a2                	mv	a1,s0
     28e:	40070513          	addi	a0,a4,1024 # 40005400 <__global_pointer$+0x20004bc8>
     292:	00070437          	lui	s0,0x70
     296:	42d000ef          	jal	ra,ec2 <I2C_SendData>
     29a:	08440413          	addi	s0,s0,132 # 70084 <_data_lma+0x6dd78>
     29e:	400057b7          	lui	a5,0x40005
     2a2:	40078513          	addi	a0,a5,1024 # 40005400 <__global_pointer$+0x20004bc8>
     2a6:	85a2                	mv	a1,s0
     2a8:	439000ef          	jal	ra,ee0 <I2C_CheckEvent>
     2ac:	400057b7          	lui	a5,0x40005
     2b0:	d57d                	beqz	a0,29e <INA226_WriteReg+0x90>
     2b2:	0084d593          	srli	a1,s1,0x8
     2b6:	40078513          	addi	a0,a5,1024 # 40005400 <__global_pointer$+0x20004bc8>
     2ba:	00070437          	lui	s0,0x70
     2be:	405000ef          	jal	ra,ec2 <I2C_SendData>
     2c2:	08440413          	addi	s0,s0,132 # 70084 <_data_lma+0x6dd78>
     2c6:	400057b7          	lui	a5,0x40005
     2ca:	40078513          	addi	a0,a5,1024 # 40005400 <__global_pointer$+0x20004bc8>
     2ce:	85a2                	mv	a1,s0
     2d0:	411000ef          	jal	ra,ee0 <I2C_CheckEvent>
     2d4:	400057b7          	lui	a5,0x40005
     2d8:	d57d                	beqz	a0,2c6 <INA226_WriteReg+0xb8>
     2da:	0ff4f593          	andi	a1,s1,255
     2de:	40078513          	addi	a0,a5,1024 # 40005400 <__global_pointer$+0x20004bc8>
     2e2:	00070437          	lui	s0,0x70
     2e6:	3dd000ef          	jal	ra,ec2 <I2C_SendData>
     2ea:	08440413          	addi	s0,s0,132 # 70084 <_data_lma+0x6dd78>
     2ee:	400054b7          	lui	s1,0x40005
     2f2:	85a2                	mv	a1,s0
     2f4:	40048513          	addi	a0,s1,1024 # 40005400 <__global_pointer$+0x20004bc8>
     2f8:	3e9000ef          	jal	ra,ee0 <I2C_CheckEvent>
     2fc:	d96d                	beqz	a0,2ee <INA226_WriteReg+0xe0>
     2fe:	4585                	li	a1,1
     300:	40048513          	addi	a0,s1,1024
     304:	38b000ef          	jal	ra,e8e <I2C_GenerateSTOP>
     308:	b34d                	j	aa <__riscv_restore_0>

0000030a <INA226_ReadReg>:
     30a:	d97ff2ef          	jal	t0,a0 <__riscv_save_0>
     30e:	40005437          	lui	s0,0x40005
     312:	1171                	addi	sp,sp,-4
     314:	84aa                	mv	s1,a0
     316:	40040793          	addi	a5,s0,1024 # 40005400 <__global_pointer$+0x20004bc8>
     31a:	853e                	mv	a0,a5
     31c:	000205b7          	lui	a1,0x20
     320:	3d7000ef          	jal	ra,ef6 <I2C_GetFlagStatus>
     324:	400057b7          	lui	a5,0x40005
     328:	40078793          	addi	a5,a5,1024 # 40005400 <__global_pointer$+0x20004bc8>
     32c:	f57d                	bnez	a0,31a <INA226_ReadReg+0x10>
     32e:	40040513          	addi	a0,s0,1024
     332:	4585                	li	a1,1
     334:	00030437          	lui	s0,0x30
     338:	33d000ef          	jal	ra,e74 <I2C_GenerateSTART>
     33c:	0405                	addi	s0,s0,1
     33e:	400057b7          	lui	a5,0x40005
     342:	40078513          	addi	a0,a5,1024 # 40005400 <__global_pointer$+0x20004bc8>
     346:	85a2                	mv	a1,s0
     348:	399000ef          	jal	ra,ee0 <I2C_CheckEvent>
     34c:	400057b7          	lui	a5,0x40005
     350:	d57d                	beqz	a0,33e <INA226_ReadReg+0x34>
     352:	4601                	li	a2,0
     354:	08000593          	li	a1,128
     358:	40078513          	addi	a0,a5,1024 # 40005400 <__global_pointer$+0x20004bc8>
     35c:	00070437          	lui	s0,0x70
     360:	36f000ef          	jal	ra,ece <I2C_Send7bitAddress>
     364:	08240413          	addi	s0,s0,130 # 70082 <_data_lma+0x6dd76>
     368:	400057b7          	lui	a5,0x40005
     36c:	40078513          	addi	a0,a5,1024 # 40005400 <__global_pointer$+0x20004bc8>
     370:	85a2                	mv	a1,s0
     372:	36f000ef          	jal	ra,ee0 <I2C_CheckEvent>
     376:	400057b7          	lui	a5,0x40005
     37a:	d57d                	beqz	a0,368 <INA226_ReadReg+0x5e>
     37c:	85a6                	mv	a1,s1
     37e:	40078513          	addi	a0,a5,1024 # 40005400 <__global_pointer$+0x20004bc8>
     382:	00070437          	lui	s0,0x70
     386:	33d000ef          	jal	ra,ec2 <I2C_SendData>
     38a:	08440413          	addi	s0,s0,132 # 70084 <_data_lma+0x6dd78>
     38e:	400054b7          	lui	s1,0x40005
     392:	85a2                	mv	a1,s0
     394:	40048513          	addi	a0,s1,1024 # 40005400 <__global_pointer$+0x20004bc8>
     398:	349000ef          	jal	ra,ee0 <I2C_CheckEvent>
     39c:	d96d                	beqz	a0,38e <INA226_ReadReg+0x84>
     39e:	4585                	li	a1,1
     3a0:	40048513          	addi	a0,s1,1024
     3a4:	00030437          	lui	s0,0x30
     3a8:	2cd000ef          	jal	ra,e74 <I2C_GenerateSTART>
     3ac:	0405                	addi	s0,s0,1
     3ae:	400054b7          	lui	s1,0x40005
     3b2:	85a2                	mv	a1,s0
     3b4:	40048513          	addi	a0,s1,1024 # 40005400 <__global_pointer$+0x20004bc8>
     3b8:	329000ef          	jal	ra,ee0 <I2C_CheckEvent>
     3bc:	d96d                	beqz	a0,3ae <INA226_ReadReg+0xa4>
     3be:	4605                	li	a2,1
     3c0:	08000593          	li	a1,128
     3c4:	40048513          	addi	a0,s1,1024
     3c8:	00030437          	lui	s0,0x30
     3cc:	303000ef          	jal	ra,ece <I2C_Send7bitAddress>
     3d0:	0409                	addi	s0,s0,2
     3d2:	40005537          	lui	a0,0x40005
     3d6:	85a2                	mv	a1,s0
     3d8:	40050513          	addi	a0,a0,1024 # 40005400 <__global_pointer$+0x20004bc8>
     3dc:	305000ef          	jal	ra,ee0 <I2C_CheckEvent>
     3e0:	d96d                	beqz	a0,3d2 <INA226_ReadReg+0xc8>
     3e2:	10000437          	lui	s0,0x10000
     3e6:	04040413          	addi	s0,s0,64 # 10000040 <_data_lma+0xfffdd34>
     3ea:	400054b7          	lui	s1,0x40005
     3ee:	85a2                	mv	a1,s0
     3f0:	40048513          	addi	a0,s1,1024 # 40005400 <__global_pointer$+0x20004bc8>
     3f4:	303000ef          	jal	ra,ef6 <I2C_GetFlagStatus>
     3f8:	d96d                	beqz	a0,3ea <INA226_ReadReg+0xe0>
     3fa:	40048513          	addi	a0,s1,1024
     3fe:	2c9000ef          	jal	ra,ec6 <I2C_ReceiveData>
     402:	842a                	mv	s0,a0
     404:	4581                	li	a1,0
     406:	40048513          	addi	a0,s1,1024
     40a:	29f000ef          	jal	ra,ea8 <I2C_AcknowledgeConfig>
     40e:	100007b7          	lui	a5,0x10000
     412:	04078793          	addi	a5,a5,64 # 10000040 <_data_lma+0xfffdd34>
     416:	400054b7          	lui	s1,0x40005
     41a:	85be                	mv	a1,a5
     41c:	40048513          	addi	a0,s1,1024 # 40005400 <__global_pointer$+0x20004bc8>
     420:	2d7000ef          	jal	ra,ef6 <I2C_GetFlagStatus>
     424:	100007b7          	lui	a5,0x10000
     428:	04078793          	addi	a5,a5,64 # 10000040 <_data_lma+0xfffdd34>
     42c:	d56d                	beqz	a0,416 <INA226_ReadReg+0x10c>
     42e:	40048513          	addi	a0,s1,1024
     432:	295000ef          	jal	ra,ec6 <I2C_ReceiveData>
     436:	c02a                	sw	a0,0(sp)
     438:	4585                	li	a1,1
     43a:	40048513          	addi	a0,s1,1024
     43e:	251000ef          	jal	ra,e8e <I2C_GenerateSTOP>
     442:	40048513          	addi	a0,s1,1024
     446:	4585                	li	a1,1
     448:	261000ef          	jal	ra,ea8 <I2C_AcknowledgeConfig>
     44c:	4782                	lw	a5,0(sp)
     44e:	00841513          	slli	a0,s0,0x8
     452:	8d5d                	or	a0,a0,a5
     454:	0542                	slli	a0,a0,0x10
     456:	8141                	srli	a0,a0,0x10
     458:	0111                	addi	sp,sp,4
     45a:	b981                	j	aa <__riscv_restore_0>

0000045c <USART1_CFG>:
     45c:	c45ff2ef          	jal	t0,a0 <__riscv_save_0>
     460:	6511                	lui	a0,0x4
     462:	1111                	addi	sp,sp,-28
     464:	4585                	li	a1,1
     466:	02050513          	addi	a0,a0,32 # 4020 <_data_lma+0x1d14>
     46a:	c002                	sw	zero,0(sp)
     46c:	c202                	sw	zero,4(sp)
     46e:	c402                	sw	zero,8(sp)
     470:	c602                	sw	zero,12(sp)
     472:	c802                	sw	zero,16(sp)
     474:	ca02                	sw	zero,20(sp)
     476:	cc02                	sw	zero,24(sp)
     478:	387000ef          	jal	ra,ffe <RCC_APB2PeriphClockCmd>
     47c:	02000793          	li	a5,32
     480:	807c                	sh	a5,0(sp)
     482:	40011437          	lui	s0,0x40011
     486:	478d                	li	a5,3
     488:	c23e                	sw	a5,4(sp)
     48a:	858a                	mv	a1,sp
     48c:	47e1                	li	a5,24
     48e:	40040513          	addi	a0,s0,1024 # 40011400 <__global_pointer$+0x20010bc8>
     492:	c43e                	sw	a5,8(sp)
     494:	06b000ef          	jal	ra,cfe <GPIO_Init>
     498:	04000793          	li	a5,64
     49c:	807c                	sh	a5,0(sp)
     49e:	858a                	mv	a1,sp
     4a0:	4791                	li	a5,4
     4a2:	40040513          	addi	a0,s0,1024
     4a6:	c43e                	sw	a5,8(sp)
     4a8:	057000ef          	jal	ra,cfe <GPIO_Init>
     4ac:	67f1                	lui	a5,0x1c
     4ae:	40014437          	lui	s0,0x40014
     4b2:	20078793          	addi	a5,a5,512 # 1c200 <_data_lma+0x19ef4>
     4b6:	c63e                	sw	a5,12(sp)
     4b8:	006c                	addi	a1,sp,12
     4ba:	000c07b7          	lui	a5,0xc0
     4be:	80040513          	addi	a0,s0,-2048 # 40013800 <__global_pointer$+0x20012fc8>
     4c2:	ca3e                	sw	a5,20(sp)
     4c4:	c802                	sw	zero,16(sp)
     4c6:	00011c23          	sh	zero,24(sp)
     4ca:	371000ef          	jal	ra,103a <USART_Init>
     4ce:	4585                	li	a1,1
     4d0:	80040513          	addi	a0,s0,-2048
     4d4:	433000ef          	jal	ra,1106 <USART_Cmd>
     4d8:	0171                	addi	sp,sp,28
     4da:	bec1                	j	aa <__riscv_restore_0>

000004dc <UART_SendChar>:
     4dc:	bc5ff2ef          	jal	t0,a0 <__riscv_save_0>
     4e0:	40014437          	lui	s0,0x40014
     4e4:	84aa                	mv	s1,a0
     4e6:	80040793          	addi	a5,s0,-2048 # 40013800 <__global_pointer$+0x20012fc8>
     4ea:	853e                	mv	a0,a5
     4ec:	08000593          	li	a1,128
     4f0:	43d000ef          	jal	ra,112c <USART_GetFlagStatus>
     4f4:	400147b7          	lui	a5,0x40014
     4f8:	80078793          	addi	a5,a5,-2048 # 40013800 <__global_pointer$+0x20012fc8>
     4fc:	d57d                	beqz	a0,4ea <UART_SendChar+0xe>
     4fe:	85a6                	mv	a1,s1
     500:	80040513          	addi	a0,s0,-2048
     504:	419000ef          	jal	ra,111c <USART_SendData>
     508:	b64d                	j	aa <__riscv_restore_0>

0000050a <UART_SendString>:
     50a:	b97ff2ef          	jal	t0,a0 <__riscv_save_0>
     50e:	842a                	mv	s0,a0
     510:	00040503          	lb	a0,0(s0)
     514:	e111                	bnez	a0,518 <UART_SendString+0xe>
     516:	be51                	j	aa <__riscv_restore_0>
     518:	0ff57513          	andi	a0,a0,255
     51c:	0405                	addi	s0,s0,1
     51e:	3f7d                	jal	4dc <UART_SendChar>
     520:	bfc5                	j	510 <UART_SendString+0x6>

00000522 <UART_SendU32>:
     522:	b7fff2ef          	jal	t0,a0 <__riscv_save_0>
     526:	1141                	addi	sp,sp,-16
     528:	e511                	bnez	a0,534 <UART_SendU32+0x12>
     52a:	03000513          	li	a0,48
     52e:	377d                	jal	4dc <UART_SendChar>
     530:	0141                	addi	sp,sp,16
     532:	bea5                	j	aa <__riscv_restore_0>
     534:	84aa                	mv	s1,a0
     536:	0058                	addi	a4,sp,4
     538:	4401                	li	s0,0
     53a:	45a9                	li	a1,10
     53c:	8526                	mv	a0,s1
     53e:	c03a                	sw	a4,0(sp)
     540:	36c1                	jal	100 <__umodsi3>
     542:	4702                	lw	a4,0(sp)
     544:	03050513          	addi	a0,a0,48
     548:	45a9                	li	a1,10
     54a:	a308                	sb	a0,0(a4)
     54c:	8526                	mv	a0,s1
     54e:	3659                	jal	d4 <__udivsi3>
     550:	4702                	lw	a4,0(sp)
     552:	46a5                	li	a3,9
     554:	0405                	addi	s0,s0,1
     556:	0705                	addi	a4,a4,1
     558:	0096e963          	bltu	a3,s1,56a <UART_SendU32+0x48>
     55c:	147d                	addi	s0,s0,-1
     55e:	005c                	addi	a5,sp,4
     560:	97a2                	add	a5,a5,s0
     562:	2388                	lbu	a0,0(a5)
     564:	3fa5                	jal	4dc <UART_SendChar>
     566:	f87d                	bnez	s0,55c <UART_SendU32+0x3a>
     568:	b7e1                	j	530 <UART_SendU32+0xe>
     56a:	84aa                	mv	s1,a0
     56c:	b7f9                	j	53a <UART_SendU32+0x18>

0000056e <UART_SendS32>:
     56e:	b33ff2ef          	jal	t0,a0 <__riscv_save_0>
     572:	842a                	mv	s0,a0
     574:	00055763          	bgez	a0,582 <UART_SendS32+0x14>
     578:	02d00513          	li	a0,45
     57c:	3785                	jal	4dc <UART_SendChar>
     57e:	40800433          	neg	s0,s0
     582:	8522                	mv	a0,s0
     584:	3f79                	jal	522 <UART_SendU32>
     586:	b615                	j	aa <__riscv_restore_0>

00000588 <CALIB_Load>:
     588:	b19ff2ef          	jal	t0,a0 <__riscv_save_0>
     58c:	20000437          	lui	s0,0x20000
     590:	03840413          	addi	s0,s0,56 # 20000038 <_edata>
     594:	67c1                	lui	a5,0x10
     596:	c05c                	sw	a5,4(s0)
     598:	00042023          	sw	zero,0(s0)
     59c:	080047b7          	lui	a5,0x8004
     5a0:	c007a683          	lw	a3,-1024(a5) # 8003c00 <_data_lma+0x80018f4>
     5a4:	c047a703          	lw	a4,-1020(a5)
     5a8:	c087a483          	lw	s1,-1016(a5)
     5ac:	c0c7a603          	lw	a2,-1012(a5)
     5b0:	1131                	addi	sp,sp,-20
     5b2:	434157b7          	lui	a5,0x43415
     5b6:	c232                	sw	a2,4(sp)
     5b8:	c3178793          	addi	a5,a5,-975 # 43414c31 <__global_pointer$+0x234143f9>
     5bc:	00f69e63          	bne	a3,a5,5d8 <CALIB_Load+0x50>
     5c0:	0028                	addi	a0,sp,8
     5c2:	c436                	sw	a3,8(sp)
     5c4:	c63a                	sw	a4,12(sp)
     5c6:	c03a                	sw	a4,0(sp)
     5c8:	c826                	sw	s1,16(sp)
     5ca:	3e49                	jal	15c <CALIB_CRC32.constprop.3>
     5cc:	4612                	lw	a2,4(sp)
     5ce:	00c51563          	bne	a0,a2,5d8 <CALIB_Load+0x50>
     5d2:	4702                	lw	a4,0(sp)
     5d4:	c044                	sw	s1,4(s0)
     5d6:	c018                	sw	a4,0(s0)
     5d8:	0151                	addi	sp,sp,20
     5da:	bcc1                	j	aa <__riscv_restore_0>

000005dc <CALIB_Save>:
     5dc:	ac5ff2ef          	jal	t0,a0 <__riscv_save_0>
     5e0:	1131                	addi	sp,sp,-20
     5e2:	434157b7          	lui	a5,0x43415
     5e6:	c3178793          	addi	a5,a5,-975 # 43414c31 <__global_pointer$+0x234143f9>
     5ea:	c42a                	sw	a0,8(sp)
     5ec:	c02a                	sw	a0,0(sp)
     5ee:	0048                	addi	a0,sp,4
     5f0:	c23e                	sw	a5,4(sp)
     5f2:	84ae                	mv	s1,a1
     5f4:	c62e                	sw	a1,12(sp)
     5f6:	369d                	jal	15c <CALIB_CRC32.constprop.3>
     5f8:	08004437          	lui	s0,0x8004
     5fc:	c82a                	sw	a0,16(sp)
     5fe:	2d11                	jal	c12 <FLASH_Unlock>
     600:	c0040513          	addi	a0,s0,-1024 # 8003c00 <_data_lma+0x80018f4>
     604:	66e000ef          	jal	ra,c72 <FLASH_ErasePage>
     608:	4592                	lw	a1,4(sp)
     60a:	c0040513          	addi	a0,s0,-1024
     60e:	69c000ef          	jal	ra,caa <FLASH_ProgramWord>
     612:	45a2                	lw	a1,8(sp)
     614:	c0440513          	addi	a0,s0,-1020
     618:	692000ef          	jal	ra,caa <FLASH_ProgramWord>
     61c:	45b2                	lw	a1,12(sp)
     61e:	c0840513          	addi	a0,s0,-1016
     622:	688000ef          	jal	ra,caa <FLASH_ProgramWord>
     626:	45c2                	lw	a1,16(sp)
     628:	c0c40513          	addi	a0,s0,-1012
     62c:	67e000ef          	jal	ra,caa <FLASH_ProgramWord>
     630:	2bf5                	jal	c2c <FLASH_Lock>
     632:	4702                	lw	a4,0(sp)
     634:	200007b7          	lui	a5,0x20000
     638:	03878793          	addi	a5,a5,56 # 20000038 <_edata>
     63c:	c398                	sw	a4,0(a5)
     63e:	c3c4                	sw	s1,4(a5)
     640:	0151                	addi	sp,sp,20
     642:	b4a5                	j	aa <__riscv_restore_0>

00000644 <CALIB_ReadCurrent_ma>:
     644:	a5dff2ef          	jal	t0,a0 <__riscv_save_0>
     648:	4511                	li	a0,4
     64a:	31c1                	jal	30a <INA226_ReadReg>
     64c:	0542                	slli	a0,a0,0x10
     64e:	4595                	li	a1,5
     650:	8541                	srai	a0,a0,0x10
     652:	3cad                	jal	cc <__divsi3>
     654:	200007b7          	lui	a5,0x20000
     658:	03878793          	addi	a5,a5,56 # 20000038 <_edata>
     65c:	4398                	lw	a4,0(a5)
     65e:	0542                	slli	a0,a0,0x10
     660:	43d0                	lw	a2,4(a5)
     662:	8541                	srai	a0,a0,0x10
     664:	8d19                	sub	a0,a0,a4
     666:	4681                	li	a3,0
     668:	41f55593          	srai	a1,a0,0x1f
     66c:	221010ef          	jal	ra,208c <__muldi3>
     670:	05c2                	slli	a1,a1,0x10
     672:	8141                	srli	a0,a0,0x10
     674:	8d4d                	or	a0,a0,a1
     676:	bc15                	j	aa <__riscv_restore_0>

00000678 <Cmd_Process>:
     678:	a29ff2ef          	jal	t0,a0 <__riscv_save_0>
     67c:	8081c783          	lbu	a5,-2040(gp) # 20000040 <g_rxbuf>
     680:	05a00693          	li	a3,90
     684:	0df7f793          	andi	a5,a5,223
     688:	04d79963          	bne	a5,a3,6da <Cmd_Process+0x62>
     68c:	03200493          	li	s1,50
     690:	4401                	li	s0,0
     692:	4511                	li	a0,4
     694:	399d                	jal	30a <INA226_ReadReg>
     696:	0542                	slli	a0,a0,0x10
     698:	4595                	li	a1,5
     69a:	8541                	srai	a0,a0,0x10
     69c:	3c05                	jal	cc <__divsi3>
     69e:	0542                	slli	a0,a0,0x10
     6a0:	8541                	srai	a0,a0,0x10
     6a2:	942a                	add	s0,s0,a0
     6a4:	14fd                	addi	s1,s1,-1
     6a6:	4529                	li	a0,10
     6a8:	2c3000ef          	jal	ra,116a <Delay_Ms>
     6ac:	f0fd                	bnez	s1,692 <Cmd_Process+0x1a>
     6ae:	fce00593          	li	a1,-50
     6b2:	8522                	mv	a0,s0
     6b4:	3c21                	jal	cc <__divsi3>
     6b6:	65c1                	lui	a1,0x10
     6b8:	3715                	jal	5dc <CALIB_Save>
     6ba:	00002537          	lui	a0,0x2
     6be:	0f850513          	addi	a0,a0,248 # 20f8 <__muldi3+0x6c>
     6c2:	35a1                	jal	50a <UART_SendString>
     6c4:	200007b7          	lui	a5,0x20000
     6c8:	0387a503          	lw	a0,56(a5) # 20000038 <_edata>
     6cc:	354d                	jal	56e <UART_SendS32>
     6ce:	00002537          	lui	a0,0x2
     6d2:	10850513          	addi	a0,a0,264 # 2108 <__muldi3+0x7c>
     6d6:	3d15                	jal	50a <UART_SendString>
     6d8:	bac9                	j	aa <__riscv_restore_0>
     6da:	04f00693          	li	a3,79
     6de:	80818713          	addi	a4,gp,-2040 # 20000040 <g_rxbuf>
     6e2:	06d79063          	bne	a5,a3,742 <Cmd_Process+0xca>
     6e6:	3314                	lbu	a3,1(a4)
     6e8:	02d00793          	li	a5,45
     6ec:	04f68863          	beq	a3,a5,73c <Cmd_Process+0xc4>
     6f0:	4601                	li	a2,0
     6f2:	4785                	li	a5,1
     6f4:	8181c303          	lbu	t1,-2024(gp) # 20000050 <g_rxlen>
     6f8:	4501                	li	a0,0
     6fa:	42a5                	li	t0,9
     6fc:	a015                	j	720 <Cmd_Process+0xa8>
     6fe:	00f706b3          	add	a3,a4,a5
     702:	228c                	lbu	a1,0(a3)
     704:	0785                	addi	a5,a5,1
     706:	fd058693          	addi	a3,a1,-48 # ffd0 <_data_lma+0xdcc4>
     70a:	0ff6f693          	andi	a3,a3,255
     70e:	fcd2e5e3          	bltu	t0,a3,6d8 <Cmd_Process+0x60>
     712:	00251693          	slli	a3,a0,0x2
     716:	9536                	add	a0,a0,a3
     718:	0506                	slli	a0,a0,0x1
     71a:	fd050513          	addi	a0,a0,-48
     71e:	952e                	add	a0,a0,a1
     720:	0ff7f693          	andi	a3,a5,255
     724:	fc66ede3          	bltu	a3,t1,6fe <Cmd_Process+0x86>
     728:	c219                	beqz	a2,72e <Cmd_Process+0xb6>
     72a:	40a00533          	neg	a0,a0
     72e:	65c1                	lui	a1,0x10
     730:	3575                	jal	5dc <CALIB_Save>
     732:	00002537          	lui	a0,0x2
     736:	11050513          	addi	a0,a0,272 # 2110 <__muldi3+0x84>
     73a:	b761                	j	6c2 <Cmd_Process+0x4a>
     73c:	4605                	li	a2,1
     73e:	4789                	li	a5,2
     740:	bf55                	j	6f4 <Cmd_Process+0x7c>
     742:	04700693          	li	a3,71
     746:	06d79b63          	bne	a5,a3,7bc <Cmd_Process+0x144>
     74a:	8181c583          	lbu	a1,-2024(gp) # 20000050 <g_rxlen>
     74e:	4685                	li	a3,1
     750:	4401                	li	s0,0
     752:	4525                	li	a0,9
     754:	a015                	j	778 <Cmd_Process+0x100>
     756:	00d707b3          	add	a5,a4,a3
     75a:	2390                	lbu	a2,0(a5)
     75c:	0685                	addi	a3,a3,1
     75e:	fd060793          	addi	a5,a2,-48
     762:	0ff7f793          	andi	a5,a5,255
     766:	f6f569e3          	bltu	a0,a5,6d8 <Cmd_Process+0x60>
     76a:	00241793          	slli	a5,s0,0x2
     76e:	943e                	add	s0,s0,a5
     770:	0406                	slli	s0,s0,0x1
     772:	fd040413          	addi	s0,s0,-48
     776:	9432                	add	s0,s0,a2
     778:	0ff6f793          	andi	a5,a3,255
     77c:	fcb7ede3          	bltu	a5,a1,756 <Cmd_Process+0xde>
     780:	e019                	bnez	s0,786 <Cmd_Process+0x10e>
     782:	3e800413          	li	s0,1000
     786:	3e800613          	li	a2,1000
     78a:	4681                	li	a3,0
     78c:	01041513          	slli	a0,s0,0x10
     790:	01045593          	srli	a1,s0,0x10
     794:	406010ef          	jal	ra,1b9a <__udivdi3>
     798:	200007b7          	lui	a5,0x20000
     79c:	85aa                	mv	a1,a0
     79e:	0387a503          	lw	a0,56(a5) # 20000038 <_edata>
     7a2:	3d2d                	jal	5dc <CALIB_Save>
     7a4:	00002537          	lui	a0,0x2
     7a8:	11850513          	addi	a0,a0,280 # 2118 <__muldi3+0x8c>
     7ac:	3bb9                	jal	50a <UART_SendString>
     7ae:	8522                	mv	a0,s0
     7b0:	3b8d                	jal	522 <UART_SendU32>
     7b2:	00002537          	lui	a0,0x2
     7b6:	12050513          	addi	a0,a0,288 # 2120 <__muldi3+0x94>
     7ba:	bf31                	j	6d6 <Cmd_Process+0x5e>
     7bc:	05200713          	li	a4,82
     7c0:	00e79a63          	bne	a5,a4,7d4 <Cmd_Process+0x15c>
     7c4:	4501                	li	a0,0
     7c6:	65c1                	lui	a1,0x10
     7c8:	3d11                	jal	5dc <CALIB_Save>
     7ca:	00002537          	lui	a0,0x2
     7ce:	12850513          	addi	a0,a0,296 # 2128 <__muldi3+0x9c>
     7d2:	b711                	j	6d6 <Cmd_Process+0x5e>
     7d4:	00002537          	lui	a0,0x2
     7d8:	13850513          	addi	a0,a0,312 # 2138 <__muldi3+0xac>
     7dc:	bded                	j	6d6 <Cmd_Process+0x5e>

000007de <main>:
     7de:	8c3ff2ef          	jal	t0,a0 <__riscv_save_0>
     7e2:	fdc10113          	addi	sp,sp,-36
     7e6:	4505                	li	a0,1
     7e8:	740000ef          	jal	ra,f28 <NVIC_PriorityGroupConfig>
     7ec:	24f5                	jal	ad8 <SystemCoreClockUpdate>
     7ee:	149000ef          	jal	ra,1136 <Delay_Init>
     7f2:	31ad                	jal	45c <USART1_CFG>
     7f4:	997ff0ef          	jal	ra,18a <I2C_CFG>
     7f8:	00002537          	lui	a0,0x2
     7fc:	14850513          	addi	a0,a0,328 # 2148 <__muldi3+0xbc>
     800:	3329                	jal	50a <UART_SendString>
     802:	0fe00513          	li	a0,254
     806:	3611                	jal	30a <INA226_ReadReg>
     808:	6795                	lui	a5,0x5
     80a:	44978793          	addi	a5,a5,1097 # 5449 <_data_lma+0x313d>
     80e:	000024b7          	lui	s1,0x2
     812:	18f51763          	bne	a0,a5,9a0 <main+0x1c2>
     816:	00002537          	lui	a0,0x2
     81a:	16c50513          	addi	a0,a0,364 # 216c <__muldi3+0xe0>
     81e:	31f5                	jal	50a <UART_SendString>
     820:	40700593          	li	a1,1031
     824:	4501                	li	a0,0
     826:	32e5                	jal	20e <INA226_WriteReg>
     828:	6599                	lui	a1,0x6
     82a:	40058593          	addi	a1,a1,1024 # 6400 <_data_lma+0x40f4>
     82e:	4515                	li	a0,5
     830:	9dfff0ef          	jal	ra,20e <INA226_WriteReg>
     834:	3b91                	jal	588 <CALIB_Load>
     836:	00002537          	lui	a0,0x2
     83a:	18c50513          	addi	a0,a0,396 # 218c <__muldi3+0x100>
     83e:	20000437          	lui	s0,0x20000
     842:	31e1                	jal	50a <UART_SendString>
     844:	03840413          	addi	s0,s0,56 # 20000038 <_edata>
     848:	4008                	lw	a0,0(s0)
     84a:	3315                	jal	56e <UART_SendS32>
     84c:	00002537          	lui	a0,0x2
     850:	19c50513          	addi	a0,a0,412 # 219c <__muldi3+0x110>
     854:	395d                	jal	50a <UART_SendString>
     856:	4048                	lw	a0,4(s0)
     858:	31e9                	jal	522 <UART_SendU32>
     85a:	16848513          	addi	a0,s1,360 # 2168 <__muldi3+0xdc>
     85e:	3175                	jal	50a <UART_SendString>
     860:	00002537          	lui	a0,0x2
     864:	1a850513          	addi	a0,a0,424 # 21a8 <__muldi3+0x11c>
     868:	314d                	jal	50a <UART_SendString>
     86a:	c002                	sw	zero,0(sp)
     86c:	c402                	sw	zero,8(sp)
     86e:	c802                	sw	zero,16(sp)
     870:	4509                	li	a0,2
     872:	3c61                	jal	30a <INA226_ReadReg>
     874:	c62a                	sw	a0,12(sp)
     876:	33f9                	jal	644 <CALIB_ReadCurrent_ma>
     878:	4722                	lw	a4,8(sp)
     87a:	46c2                	lw	a3,16(sp)
     87c:	41f55793          	srai	a5,a0,0x1f
     880:	00a70433          	add	s0,a4,a0
     884:	97b6                	add	a5,a5,a3
     886:	00e43733          	sltu	a4,s0,a4
     88a:	00f704b3          	add	s1,a4,a5
     88e:	4782                	lw	a5,0(sp)
     890:	c22a                	sw	a0,4(sp)
     892:	02000593          	li	a1,32
     896:	0785                	addi	a5,a5,1
     898:	c03e                	sw	a5,0(sp)
     89a:	400147b7          	lui	a5,0x40014
     89e:	80078513          	addi	a0,a5,-2048 # 40013800 <__global_pointer$+0x20012fc8>
     8a2:	c422                	sw	s0,8(sp)
     8a4:	c826                	sw	s1,16(sp)
     8a6:	087000ef          	jal	ra,112c <USART_GetFlagStatus>
     8aa:	400147b7          	lui	a5,0x40014
     8ae:	c515                	beqz	a0,8da <main+0xfc>
     8b0:	80078513          	addi	a0,a5,-2048 # 40013800 <__global_pointer$+0x20012fc8>
     8b4:	071000ef          	jal	ra,1124 <USART_ReceiveData>
     8b8:	0ff57513          	andi	a0,a0,255
     8bc:	47b5                	li	a5,13
     8be:	81818713          	addi	a4,gp,-2024 # 20000050 <g_rxlen>
     8c2:	00f50563          	beq	a0,a5,8cc <main+0xee>
     8c6:	47a9                	li	a5,10
     8c8:	0ef51763          	bne	a0,a5,9b6 <main+0x1d8>
     8cc:	231c                	lbu	a5,0(a4)
     8ce:	c781                	beqz	a5,8d6 <main+0xf8>
     8d0:	3365                	jal	678 <Cmd_Process>
     8d2:	81818713          	addi	a4,gp,-2024 # 20000050 <g_rxlen>
     8d6:	00070023          	sb	zero,0(a4)
     8da:	4502                	lw	a0,0(sp)
     8dc:	45a9                	li	a1,10
     8de:	823ff0ef          	jal	ra,100 <__umodsi3>
     8e2:	e955                	bnez	a0,996 <main+0x1b8>
     8e4:	6605                	lui	a2,0x1
     8e6:	4681                	li	a3,0
     8e8:	e1060613          	addi	a2,a2,-496 # e10 <I2C_Init+0x96>
     8ec:	8522                	mv	a0,s0
     8ee:	85a6                	mv	a1,s1
     8f0:	0b5000ef          	jal	ra,11a4 <__divdi3>
     8f4:	ca2a                	sw	a0,20(sp)
     8f6:	d02a                	sw	a0,32(sp)
     8f8:	00002537          	lui	a0,0x2
     8fc:	1f050513          	addi	a0,a0,496 # 21f0 <__muldi3+0x164>
     900:	ce2e                	sw	a1,28(sp)
     902:	cc2e                	sw	a1,24(sp)
     904:	3119                	jal	50a <UART_SendString>
     906:	47b2                	lw	a5,12(sp)
     908:	00279513          	slli	a0,a5,0x2
     90c:	953e                	add	a0,a0,a5
     90e:	8109                	srli	a0,a0,0x2
     910:	3909                	jal	522 <UART_SendU32>
     912:	00002537          	lui	a0,0x2
     916:	1f850513          	addi	a0,a0,504 # 21f8 <__muldi3+0x16c>
     91a:	3ec5                	jal	50a <UART_SendString>
     91c:	4512                	lw	a0,4(sp)
     91e:	3981                	jal	56e <UART_SendS32>
     920:	00002537          	lui	a0,0x2
     924:	20050513          	addi	a0,a0,512 # 2200 <__muldi3+0x174>
     928:	36cd                	jal	50a <UART_SendString>
     92a:	56fd                	li	a3,-1
     92c:	45f2                	lw	a1,28(sp)
     92e:	00d4cb63          	blt	s1,a3,944 <main+0x166>
     932:	47e2                	lw	a5,24(sp)
     934:	5702                	lw	a4,32(sp)
     936:	02d49663          	bne	s1,a3,962 <main+0x184>
     93a:	76fd                	lui	a3,0xfffff
     93c:	1f168693          	addi	a3,a3,497 # fffff1f1 <__global_pointer$+0xdfffe9b9>
     940:	02d47163          	bgeu	s0,a3,962 <main+0x184>
     944:	02d00513          	li	a0,45
     948:	c22e                	sw	a1,4(sp)
     94a:	3e49                	jal	4dc <UART_SendChar>
     94c:	47d2                	lw	a5,20(sp)
     94e:	4592                	lw	a1,4(sp)
     950:	40f00533          	neg	a0,a5
     954:	00a037b3          	snez	a5,a0
     958:	40b005b3          	neg	a1,a1
     95c:	872a                	mv	a4,a0
     95e:	40f587b3          	sub	a5,a1,a5
     962:	4629                	li	a2,10
     964:	4681                	li	a3,0
     966:	853a                	mv	a0,a4
     968:	85be                	mv	a1,a5
     96a:	c63a                	sw	a4,12(sp)
     96c:	c23e                	sw	a5,4(sp)
     96e:	037000ef          	jal	ra,11a4 <__divdi3>
     972:	3e45                	jal	522 <UART_SendU32>
     974:	02e00513          	li	a0,46
     978:	3695                	jal	4dc <UART_SendChar>
     97a:	4732                	lw	a4,12(sp)
     97c:	4792                	lw	a5,4(sp)
     97e:	4629                	li	a2,10
     980:	4681                	li	a3,0
     982:	853a                	mv	a0,a4
     984:	85be                	mv	a1,a5
     986:	533000ef          	jal	ra,16b8 <__moddi3>
     98a:	3e61                	jal	522 <UART_SendU32>
     98c:	00002537          	lui	a0,0x2
     990:	16850513          	addi	a0,a0,360 # 2168 <__muldi3+0xdc>
     994:	3e9d                	jal	50a <UART_SendString>
     996:	06400513          	li	a0,100
     99a:	7d0000ef          	jal	ra,116a <Delay_Ms>
     99e:	bdc9                	j	870 <main+0x92>
     9a0:	842a                	mv	s0,a0
     9a2:	00002537          	lui	a0,0x2
     9a6:	17850513          	addi	a0,a0,376 # 2178 <__muldi3+0xec>
     9aa:	3685                	jal	50a <UART_SendString>
     9ac:	8522                	mv	a0,s0
     9ae:	3e95                	jal	522 <UART_SendU32>
     9b0:	16848513          	addi	a0,s1,360
     9b4:	b5ad                	j	81e <main+0x40>
     9b6:	2314                	lbu	a3,0(a4)
     9b8:	47b9                	li	a5,14
     9ba:	f2d7e0e3          	bltu	a5,a3,8da <main+0xfc>
     9be:	00168793          	addi	a5,a3,1
     9c2:	a31c                	sb	a5,0(a4)
     9c4:	80818793          	addi	a5,gp,-2040 # 20000040 <g_rxbuf>
     9c8:	97b6                	add	a5,a5,a3
     9ca:	a388                	sb	a0,0(a5)
     9cc:	b739                	j	8da <main+0xfc>

000009ce <SystemInit>:
     9ce:	ed2ff2ef          	jal	t0,a0 <__riscv_save_0>
     9d2:	40021437          	lui	s0,0x40021
     9d6:	401c                	lw	a5,0(s0)
     9d8:	f8ff0737          	lui	a4,0xf8ff0
     9dc:	1161                	addi	sp,sp,-8
     9de:	0017e793          	ori	a5,a5,1
     9e2:	c01c                	sw	a5,0(s0)
     9e4:	405c                	lw	a5,4(s0)
     9e6:	4541                	li	a0,16
     9e8:	8ff9                	and	a5,a5,a4
     9ea:	c05c                	sw	a5,4(s0)
     9ec:	401c                	lw	a5,0(s0)
     9ee:	fef70737          	lui	a4,0xfef70
     9f2:	177d                	addi	a4,a4,-1
     9f4:	8ff9                	and	a5,a5,a4
     9f6:	c01c                	sw	a5,0(s0)
     9f8:	401c                	lw	a5,0(s0)
     9fa:	fffc0737          	lui	a4,0xfffc0
     9fe:	177d                	addi	a4,a4,-1
     a00:	8ff9                	and	a5,a5,a4
     a02:	c01c                	sw	a5,0(s0)
     a04:	405c                	lw	a5,4(s0)
     a06:	7741                	lui	a4,0xffff0
     a08:	177d                	addi	a4,a4,-1
     a0a:	8ff9                	and	a5,a5,a4
     a0c:	c05c                	sw	a5,4(s0)
     a0e:	009f07b7          	lui	a5,0x9f0
     a12:	c41c                	sw	a5,8(s0)
     a14:	2b29                	jal	f2e <RCC_AdjustHSICalibrationValue>
     a16:	4c1c                	lw	a5,24(s0)
     a18:	00020637          	lui	a2,0x20
     a1c:	0207e793          	ori	a5,a5,32
     a20:	cc1c                	sw	a5,24(s0)
     a22:	400117b7          	lui	a5,0x40011
     a26:	4007a703          	lw	a4,1024(a5) # 40011400 <__global_pointer$+0x20010bc8>
     a2a:	40078693          	addi	a3,a5,1024
     a2e:	f0f77713          	andi	a4,a4,-241
     a32:	40e7a023          	sw	a4,1024(a5)
     a36:	4007a703          	lw	a4,1024(a5)
     a3a:	08076713          	ori	a4,a4,128
     a3e:	40e7a023          	sw	a4,1024(a5)
     a42:	4789                	li	a5,2
     a44:	ca9c                	sw	a5,16(a3)
     a46:	c002                	sw	zero,0(sp)
     a48:	c202                	sw	zero,4(sp)
     a4a:	4c1c                	lw	a5,24(s0)
     a4c:	40010737          	lui	a4,0x40010
     a50:	66a1                	lui	a3,0x8
     a52:	0017e793          	ori	a5,a5,1
     a56:	cc1c                	sw	a5,24(s0)
     a58:	435c                	lw	a5,4(a4)
     a5a:	8fd5                	or	a5,a5,a3
     a5c:	c35c                	sw	a5,4(a4)
     a5e:	401c                	lw	a5,0(s0)
     a60:	6741                	lui	a4,0x10
     a62:	400216b7          	lui	a3,0x40021
     a66:	8fd9                	or	a5,a5,a4
     a68:	c01c                	sw	a5,0(s0)
     a6a:	6709                	lui	a4,0x2
     a6c:	429c                	lw	a5,0(a3)
     a6e:	8ff1                	and	a5,a5,a2
     a70:	c23e                	sw	a5,4(sp)
     a72:	4782                	lw	a5,0(sp)
     a74:	0785                	addi	a5,a5,1
     a76:	c03e                	sw	a5,0(sp)
     a78:	4792                	lw	a5,4(sp)
     a7a:	e781                	bnez	a5,a82 <SystemInit+0xb4>
     a7c:	4782                	lw	a5,0(sp)
     a7e:	fee797e3          	bne	a5,a4,a6c <SystemInit+0x9e>
     a82:	400217b7          	lui	a5,0x40021
     a86:	439c                	lw	a5,0(a5)
     a88:	00e79713          	slli	a4,a5,0xe
     a8c:	04075463          	bgez	a4,ad4 <SystemInit+0x106>
     a90:	4785                	li	a5,1
     a92:	c23e                	sw	a5,4(sp)
     a94:	4712                	lw	a4,4(sp)
     a96:	4785                	li	a5,1
     a98:	02f71b63          	bne	a4,a5,ace <SystemInit+0x100>
     a9c:	400227b7          	lui	a5,0x40022
     aa0:	4398                	lw	a4,0(a5)
     aa2:	400216b7          	lui	a3,0x40021
     aa6:	9b71                	andi	a4,a4,-4
     aa8:	c398                	sw	a4,0(a5)
     aaa:	4398                	lw	a4,0(a5)
     aac:	c398                	sw	a4,0(a5)
     aae:	400217b7          	lui	a5,0x40021
     ab2:	43d8                	lw	a4,4(a5)
     ab4:	c3d8                	sw	a4,4(a5)
     ab6:	43d8                	lw	a4,4(a5)
     ab8:	9b71                	andi	a4,a4,-4
     aba:	c3d8                	sw	a4,4(a5)
     abc:	43d8                	lw	a4,4(a5)
     abe:	00176713          	ori	a4,a4,1
     ac2:	c3d8                	sw	a4,4(a5)
     ac4:	4711                	li	a4,4
     ac6:	42dc                	lw	a5,4(a3)
     ac8:	8bb1                	andi	a5,a5,12
     aca:	fee79ee3          	bne	a5,a4,ac6 <SystemInit+0xf8>
     ace:	0121                	addi	sp,sp,8
     ad0:	ddaff06f          	j	aa <__riscv_restore_0>
     ad4:	c202                	sw	zero,4(sp)
     ad6:	bf7d                	j	a94 <SystemInit+0xc6>

00000ad8 <SystemCoreClockUpdate>:
     ad8:	dc8ff2ef          	jal	t0,a0 <__riscv_save_0>
     adc:	40021737          	lui	a4,0x40021
     ae0:	435c                	lw	a5,4(a4)
     ae2:	20000437          	lui	s0,0x20000
     ae6:	4691                	li	a3,4
     ae8:	8bb1                	andi	a5,a5,12
     aea:	01040413          	addi	s0,s0,16 # 20000010 <SystemCoreClock>
     aee:	04d78563          	beq	a5,a3,b38 <SystemCoreClockUpdate+0x60>
     af2:	46a1                	li	a3,8
     af4:	04d78763          	beq	a5,a3,b42 <SystemCoreClockUpdate+0x6a>
     af8:	016e37b7          	lui	a5,0x16e3
     afc:	60078793          	addi	a5,a5,1536 # 16e3600 <_data_lma+0x16e12f4>
     b00:	c01c                	sw	a5,0(s0)
     b02:	400216b7          	lui	a3,0x40021
     b06:	42dc                	lw	a5,4(a3)
     b08:	4008                	lw	a0,0(s0)
     b0a:	8391                	srli	a5,a5,0x4
     b0c:	00f7f713          	andi	a4,a5,15
     b10:	200007b7          	lui	a5,0x20000
     b14:	00078793          	mv	a5,a5
     b18:	97ba                	add	a5,a5,a4
     b1a:	238c                	lbu	a1,0(a5)
     b1c:	42dc                	lw	a5,4(a3)
     b1e:	0ff5f593          	andi	a1,a1,255
     b22:	0807f793          	andi	a5,a5,128
     b26:	00b55733          	srl	a4,a0,a1
     b2a:	e781                	bnez	a5,b32 <SystemCoreClockUpdate+0x5a>
     b2c:	da8ff0ef          	jal	ra,d4 <__udivsi3>
     b30:	872a                	mv	a4,a0
     b32:	c018                	sw	a4,0(s0)
     b34:	d76ff06f          	j	aa <__riscv_restore_0>
     b38:	007a17b7          	lui	a5,0x7a1
     b3c:	20078793          	addi	a5,a5,512 # 7a1200 <_data_lma+0x79eef4>
     b40:	b7c1                	j	b00 <SystemCoreClockUpdate+0x28>
     b42:	435c                	lw	a5,4(a4)
     b44:	00f79713          	slli	a4,a5,0xf
     b48:	00074763          	bltz	a4,b56 <SystemCoreClockUpdate+0x7e>
     b4c:	02dc77b7          	lui	a5,0x2dc7
     b50:	c0078793          	addi	a5,a5,-1024 # 2dc6c00 <_data_lma+0x2dc48f4>
     b54:	b775                	j	b00 <SystemCoreClockUpdate+0x28>
     b56:	00f427b7          	lui	a5,0xf42
     b5a:	40078793          	addi	a5,a5,1024 # f42400 <_data_lma+0xf400f4>
     b5e:	b74d                	j	b00 <SystemCoreClockUpdate+0x28>

00000b60 <ADC1_IRQHandler>:
     b60:	a001                	j	b60 <ADC1_IRQHandler>

00000b62 <handle_reset>:
     b62:	20000197          	auipc	gp,0x20000
     b66:	cd618193          	addi	gp,gp,-810 # 20000838 <__global_pointer$>
     b6a:	fc818113          	addi	sp,gp,-56 # 20000800 <_eusrstack>
     b6e:	0a000513          	li	a0,160
     b72:	1ffff597          	auipc	a1,0x1ffff
     b76:	48e58593          	addi	a1,a1,1166 # 20000000 <_highcode_vma_end>
     b7a:	1ffff617          	auipc	a2,0x1ffff
     b7e:	48660613          	addi	a2,a2,1158 # 20000000 <_highcode_vma_end>
     b82:	00c5fa63          	bgeu	a1,a2,b96 <handle_reset+0x34>
     b86:	00052283          	lw	t0,0(a0)
     b8a:	0055a023          	sw	t0,0(a1)
     b8e:	0511                	addi	a0,a0,4
     b90:	0591                	addi	a1,a1,4
     b92:	fec5eae3          	bltu	a1,a2,b86 <handle_reset+0x24>
     b96:	00001517          	auipc	a0,0x1
     b9a:	77650513          	addi	a0,a0,1910 # 230c <_data_lma>
     b9e:	1ffff597          	auipc	a1,0x1ffff
     ba2:	46258593          	addi	a1,a1,1122 # 20000000 <_highcode_vma_end>
     ba6:	1ffff617          	auipc	a2,0x1ffff
     baa:	49260613          	addi	a2,a2,1170 # 20000038 <_edata>
     bae:	00c5fa63          	bgeu	a1,a2,bc2 <handle_reset+0x60>
     bb2:	00052283          	lw	t0,0(a0)
     bb6:	0055a023          	sw	t0,0(a1)
     bba:	0511                	addi	a0,a0,4
     bbc:	0591                	addi	a1,a1,4
     bbe:	fec5eae3          	bltu	a1,a2,bb2 <handle_reset+0x50>
     bc2:	1ffff517          	auipc	a0,0x1ffff
     bc6:	47650513          	addi	a0,a0,1142 # 20000038 <_edata>
     bca:	82418593          	addi	a1,gp,-2012 # 2000005c <_ebss>
     bce:	00b57763          	bgeu	a0,a1,bdc <handle_reset+0x7a>
     bd2:	00052023          	sw	zero,0(a0)
     bd6:	0511                	addi	a0,a0,4
     bd8:	feb56de3          	bltu	a0,a1,bd2 <handle_reset+0x70>
     bdc:	000022b7          	lui	t0,0x2
     be0:	88028293          	addi	t0,t0,-1920 # 1880 <__moddi3+0x1c8>
     be4:	30029073          	csrw	mstatus,t0
     be8:	428d                	li	t0,3
     bea:	80429073          	csrw	0x804,t0
     bee:	fffff297          	auipc	t0,0xfffff
     bf2:	41228293          	addi	t0,t0,1042 # 0 <_sinit>
     bf6:	0032e293          	ori	t0,t0,3
     bfa:	30529073          	csrw	mtvec,t0
     bfe:	dd1ff0ef          	jal	ra,9ce <SystemInit>
     c02:	00000297          	auipc	t0,0x0
     c06:	bdc28293          	addi	t0,t0,-1060 # 7de <main>
     c0a:	34129073          	csrw	mepc,t0
     c0e:	30200073          	mret

00000c12 <FLASH_Unlock>:
     c12:	456707b7          	lui	a5,0x45670
     c16:	40022737          	lui	a4,0x40022
     c1a:	12378793          	addi	a5,a5,291 # 45670123 <__global_pointer$+0x2566f8eb>
     c1e:	c35c                	sw	a5,4(a4)
     c20:	cdef97b7          	lui	a5,0xcdef9
     c24:	9ab78793          	addi	a5,a5,-1621 # cdef89ab <__global_pointer$+0xadef8173>
     c28:	c35c                	sw	a5,4(a4)
     c2a:	8082                	ret

00000c2c <FLASH_Lock>:
     c2c:	40022737          	lui	a4,0x40022
     c30:	4b1c                	lw	a5,16(a4)
     c32:	0807e793          	ori	a5,a5,128
     c36:	cb1c                	sw	a5,16(a4)
     c38:	8082                	ret

00000c3a <FLASH_GetBank1Status>:
     c3a:	40022737          	lui	a4,0x40022
     c3e:	475c                	lw	a5,12(a4)
     c40:	4505                	li	a0,1
     c42:	8b85                	andi	a5,a5,1
     c44:	e791                	bnez	a5,c50 <FLASH_GetBank1Status+0x16>
     c46:	4748                	lw	a0,12(a4)
     c48:	8941                	andi	a0,a0,16
     c4a:	00153513          	seqz	a0,a0
     c4e:	050d                	addi	a0,a0,3
     c50:	8082                	ret

00000c52 <FLASH_WaitForLastOperation>:
     c52:	c4eff2ef          	jal	t0,a0 <__riscv_save_0>
     c56:	842a                	mv	s0,a0
     c58:	37cd                	jal	c3a <FLASH_GetBank1Status>
     c5a:	4785                	li	a5,1
     c5c:	00f51863          	bne	a0,a5,c6c <FLASH_WaitForLastOperation+0x1a>
     c60:	e019                	bnez	s0,c66 <FLASH_WaitForLastOperation+0x14>
     c62:	4515                	li	a0,5
     c64:	a029                	j	c6e <FLASH_WaitForLastOperation+0x1c>
     c66:	3fd1                	jal	c3a <FLASH_GetBank1Status>
     c68:	147d                	addi	s0,s0,-1
     c6a:	bfc5                	j	c5a <FLASH_WaitForLastOperation+0x8>
     c6c:	d87d                	beqz	s0,c62 <FLASH_WaitForLastOperation+0x10>
     c6e:	c3cff06f          	j	aa <__riscv_restore_0>

00000c72 <FLASH_ErasePage>:
     c72:	c2eff2ef          	jal	t0,a0 <__riscv_save_0>
     c76:	84aa                	mv	s1,a0
     c78:	000b0537          	lui	a0,0xb0
     c7c:	3fd9                	jal	c52 <FLASH_WaitForLastOperation>
     c7e:	4791                	li	a5,4
     c80:	02f51363          	bne	a0,a5,ca6 <FLASH_ErasePage+0x34>
     c84:	40022437          	lui	s0,0x40022
     c88:	481c                	lw	a5,16(s0)
     c8a:	000b0537          	lui	a0,0xb0
     c8e:	0027e793          	ori	a5,a5,2
     c92:	c81c                	sw	a5,16(s0)
     c94:	c844                	sw	s1,20(s0)
     c96:	481c                	lw	a5,16(s0)
     c98:	0407e793          	ori	a5,a5,64
     c9c:	c81c                	sw	a5,16(s0)
     c9e:	3f55                	jal	c52 <FLASH_WaitForLastOperation>
     ca0:	481c                	lw	a5,16(s0)
     ca2:	9bf5                	andi	a5,a5,-3
     ca4:	c81c                	sw	a5,16(s0)
     ca6:	c04ff06f          	j	aa <__riscv_restore_0>

00000caa <FLASH_ProgramWord>:
     caa:	bf6ff2ef          	jal	t0,a0 <__riscv_save_0>
     cae:	1161                	addi	sp,sp,-8
     cb0:	84aa                	mv	s1,a0
     cb2:	6509                	lui	a0,0x2
     cb4:	c02e                	sw	a1,0(sp)
     cb6:	c202                	sw	zero,4(sp)
     cb8:	3f69                	jal	c52 <FLASH_WaitForLastOperation>
     cba:	4711                	li	a4,4
     cbc:	4582                	lw	a1,0(sp)
     cbe:	02e51d63          	bne	a0,a4,cf8 <FLASH_ProgramWord+0x4e>
     cc2:	40022437          	lui	s0,0x40022
     cc6:	481c                	lw	a5,16(s0)
     cc8:	6509                	lui	a0,0x2
     cca:	0017e793          	ori	a5,a5,1
     cce:	c81c                	sw	a5,16(s0)
     cd0:	01059793          	slli	a5,a1,0x10
     cd4:	83c1                	srli	a5,a5,0x10
     cd6:	a09e                	sh	a5,0(s1)
     cd8:	c02e                	sw	a1,0(sp)
     cda:	3fa5                	jal	c52 <FLASH_WaitForLastOperation>
     cdc:	4711                	li	a4,4
     cde:	4582                	lw	a1,0(sp)
     ce0:	00e51963          	bne	a0,a4,cf2 <FLASH_ProgramWord+0x48>
     ce4:	0489                	addi	s1,s1,2
     ce6:	c226                	sw	s1,4(sp)
     ce8:	4792                	lw	a5,4(sp)
     cea:	81c1                	srli	a1,a1,0x10
     cec:	6509                	lui	a0,0x2
     cee:	a38e                	sh	a1,0(a5)
     cf0:	378d                	jal	c52 <FLASH_WaitForLastOperation>
     cf2:	481c                	lw	a5,16(s0)
     cf4:	9bf9                	andi	a5,a5,-2
     cf6:	c81c                	sw	a5,16(s0)
     cf8:	0121                	addi	sp,sp,8
     cfa:	bb0ff06f          	j	aa <__riscv_restore_0>

00000cfe <GPIO_Init>:
     cfe:	4594                	lw	a3,8(a1)
     d00:	0106f793          	andi	a5,a3,16
     d04:	00f6f293          	andi	t0,a3,15
     d08:	c781                	beqz	a5,d10 <GPIO_Init+0x12>
     d0a:	41dc                	lw	a5,4(a1)
     d0c:	00f2e2b3          	or	t0,t0,a5
     d10:	0005d383          	lhu	t2,0(a1)
     d14:	0ff3f793          	andi	a5,t2,255
     d18:	c3a5                	beqz	a5,d78 <GPIO_Init+0x7a>
     d1a:	00052303          	lw	t1,0(a0) # 2000 <__udivdi3+0x466>
     d1e:	1161                	addi	sp,sp,-8
     d20:	c222                	sw	s0,4(sp)
     d22:	c026                	sw	s1,0(sp)
     d24:	4781                	li	a5,0
     d26:	02800413          	li	s0,40
     d2a:	04800493          	li	s1,72
     d2e:	4705                	li	a4,1
     d30:	00f71633          	sll	a2,a4,a5
     d34:	00c3f733          	and	a4,t2,a2
     d38:	02e61263          	bne	a2,a4,d5c <GPIO_Init+0x5e>
     d3c:	00279593          	slli	a1,a5,0x2
     d40:	473d                	li	a4,15
     d42:	00b71733          	sll	a4,a4,a1
     d46:	fff74713          	not	a4,a4
     d4a:	00677333          	and	t1,a4,t1
     d4e:	00b295b3          	sll	a1,t0,a1
     d52:	0065e333          	or	t1,a1,t1
     d56:	00869d63          	bne	a3,s0,d70 <GPIO_Init+0x72>
     d5a:	c950                	sw	a2,20(a0)
     d5c:	0785                	addi	a5,a5,1
     d5e:	4721                	li	a4,8
     d60:	fce797e3          	bne	a5,a4,d2e <GPIO_Init+0x30>
     d64:	4412                	lw	s0,4(sp)
     d66:	00652023          	sw	t1,0(a0)
     d6a:	4482                	lw	s1,0(sp)
     d6c:	0121                	addi	sp,sp,8
     d6e:	8082                	ret
     d70:	fe9696e3          	bne	a3,s1,d5c <GPIO_Init+0x5e>
     d74:	c910                	sw	a2,16(a0)
     d76:	b7dd                	j	d5c <GPIO_Init+0x5e>
     d78:	8082                	ret

00000d7a <I2C_Init>:
     d7a:	b26ff2ef          	jal	t0,a0 <__riscv_save_0>
     d7e:	1111                	addi	sp,sp,-28
     d80:	2146                	lhu	s1,4(a0)
     d82:	842a                	mv	s0,a0
     d84:	0028                	addi	a0,sp,8
     d86:	c02e                	sw	a1,0(sp)
     d88:	2a65                	jal	f40 <RCC_GetClocksFreq>
     d8a:	46c2                	lw	a3,16(sp)
     d8c:	04c2                	slli	s1,s1,0x10
     d8e:	80c1                	srli	s1,s1,0x10
     d90:	fc04f493          	andi	s1,s1,-64
     d94:	000f45b7          	lui	a1,0xf4
     d98:	24058593          	addi	a1,a1,576 # f4240 <_data_lma+0xf1f34>
     d9c:	8536                	mv	a0,a3
     d9e:	04c2                	slli	s1,s1,0x10
     da0:	c236                	sw	a3,4(sp)
     da2:	80c1                	srli	s1,s1,0x10
     da4:	b30ff0ef          	jal	ra,d4 <__udivsi3>
     da8:	8d45                	or	a0,a0,s1
     daa:	0542                	slli	a0,a0,0x10
     dac:	8141                	srli	a0,a0,0x10
     dae:	a04a                	sh	a0,4(s0)
     db0:	201e                	lhu	a5,0(s0)
     db2:	4692                	lw	a3,4(sp)
     db4:	07c2                	slli	a5,a5,0x10
     db6:	83c1                	srli	a5,a5,0x10
     db8:	9bf9                	andi	a5,a5,-2
     dba:	07c2                	slli	a5,a5,0x10
     dbc:	83c1                	srli	a5,a5,0x10
     dbe:	a01e                	sh	a5,0(s0)
     dc0:	4782                	lw	a5,0(sp)
     dc2:	4390                	lw	a2,0(a5)
     dc4:	67e1                	lui	a5,0x18
     dc6:	6a078793          	addi	a5,a5,1696 # 186a0 <_data_lma+0x16394>
     dca:	00161593          	slli	a1,a2,0x1
     dce:	04c7e663          	bltu	a5,a2,e1a <I2C_Init+0xa0>
     dd2:	8536                	mv	a0,a3
     dd4:	b00ff0ef          	jal	ra,d4 <__udivsi3>
     dd8:	87aa                	mv	a5,a0
     dda:	0542                	slli	a0,a0,0x10
     ddc:	8141                	srli	a0,a0,0x10
     dde:	4691                	li	a3,4
     de0:	00d57363          	bgeu	a0,a3,de6 <I2C_Init+0x6c>
     de4:	4791                	li	a5,4
     de6:	01079513          	slli	a0,a5,0x10
     dea:	8141                	srli	a0,a0,0x10
     dec:	ac4a                	sh	a0,28(s0)
     dee:	201e                	lhu	a5,0(s0)
     df0:	4702                	lw	a4,0(sp)
     df2:	0017e793          	ori	a5,a5,1
     df6:	a01e                	sh	a5,0(s0)
     df8:	201e                	lhu	a5,0(s0)
     dfa:	2356                	lhu	a3,4(a4)
     dfc:	2732                	lhu	a2,10(a4)
     dfe:	07c2                	slli	a5,a5,0x10
     e00:	83c1                	srli	a5,a5,0x10
     e02:	8ed1                	or	a3,a3,a2
     e04:	bf57f793          	andi	a5,a5,-1035
     e08:	8fd5                	or	a5,a5,a3
     e0a:	a01e                	sh	a5,0(s0)
     e0c:	2716                	lhu	a3,8(a4)
     e0e:	275e                	lhu	a5,12(a4)
     e10:	8fd5                	or	a5,a5,a3
     e12:	a41e                	sh	a5,8(s0)
     e14:	0171                	addi	sp,sp,28
     e16:	a94ff06f          	j	aa <__riscv_restore_0>
     e1a:	4782                	lw	a5,0(sp)
     e1c:	23ea                	lhu	a0,6(a5)
     e1e:	67b1                	lui	a5,0xc
     e20:	17fd                	addi	a5,a5,-1
     e22:	02f51063          	bne	a0,a5,e42 <I2C_Init+0xc8>
     e26:	95b2                	add	a1,a1,a2
     e28:	8536                	mv	a0,a3
     e2a:	aaaff0ef          	jal	ra,d4 <__udivsi3>
     e2e:	0542                	slli	a0,a0,0x10
     e30:	8141                	srli	a0,a0,0x10
     e32:	01451793          	slli	a5,a0,0x14
     e36:	e399                	bnez	a5,e3c <I2C_Init+0xc2>
     e38:	00156513          	ori	a0,a0,1
     e3c:	67a1                	lui	a5,0x8
     e3e:	8d5d                	or	a0,a0,a5
     e40:	b775                	j	dec <I2C_Init+0x72>
     e42:	00c587b3          	add	a5,a1,a2
     e46:	078e                	slli	a5,a5,0x3
     e48:	00c785b3          	add	a1,a5,a2
     e4c:	8536                	mv	a0,a3
     e4e:	a86ff0ef          	jal	ra,d4 <__udivsi3>
     e52:	0542                	slli	a0,a0,0x10
     e54:	8141                	srli	a0,a0,0x10
     e56:	6791                	lui	a5,0x4
     e58:	8d5d                	or	a0,a0,a5
     e5a:	bfe1                	j	e32 <I2C_Init+0xb8>

00000e5c <I2C_Cmd>:
     e5c:	211e                	lhu	a5,0(a0)
     e5e:	c589                	beqz	a1,e68 <I2C_Cmd+0xc>
     e60:	0017e793          	ori	a5,a5,1
     e64:	a11e                	sh	a5,0(a0)
     e66:	8082                	ret
     e68:	07c2                	slli	a5,a5,0x10
     e6a:	83c1                	srli	a5,a5,0x10
     e6c:	9bf9                	andi	a5,a5,-2
     e6e:	07c2                	slli	a5,a5,0x10
     e70:	83c1                	srli	a5,a5,0x10
     e72:	bfcd                	j	e64 <I2C_Cmd+0x8>

00000e74 <I2C_GenerateSTART>:
     e74:	211e                	lhu	a5,0(a0)
     e76:	c589                	beqz	a1,e80 <I2C_GenerateSTART+0xc>
     e78:	1007e793          	ori	a5,a5,256
     e7c:	a11e                	sh	a5,0(a0)
     e7e:	8082                	ret
     e80:	07c2                	slli	a5,a5,0x10
     e82:	83c1                	srli	a5,a5,0x10
     e84:	eff7f793          	andi	a5,a5,-257
     e88:	07c2                	slli	a5,a5,0x10
     e8a:	83c1                	srli	a5,a5,0x10
     e8c:	bfc5                	j	e7c <I2C_GenerateSTART+0x8>

00000e8e <I2C_GenerateSTOP>:
     e8e:	211e                	lhu	a5,0(a0)
     e90:	c589                	beqz	a1,e9a <I2C_GenerateSTOP+0xc>
     e92:	2007e793          	ori	a5,a5,512
     e96:	a11e                	sh	a5,0(a0)
     e98:	8082                	ret
     e9a:	07c2                	slli	a5,a5,0x10
     e9c:	83c1                	srli	a5,a5,0x10
     e9e:	dff7f793          	andi	a5,a5,-513
     ea2:	07c2                	slli	a5,a5,0x10
     ea4:	83c1                	srli	a5,a5,0x10
     ea6:	bfc5                	j	e96 <I2C_GenerateSTOP+0x8>

00000ea8 <I2C_AcknowledgeConfig>:
     ea8:	211e                	lhu	a5,0(a0)
     eaa:	c589                	beqz	a1,eb4 <I2C_AcknowledgeConfig+0xc>
     eac:	4007e793          	ori	a5,a5,1024
     eb0:	a11e                	sh	a5,0(a0)
     eb2:	8082                	ret
     eb4:	07c2                	slli	a5,a5,0x10
     eb6:	83c1                	srli	a5,a5,0x10
     eb8:	bff7f793          	andi	a5,a5,-1025
     ebc:	07c2                	slli	a5,a5,0x10
     ebe:	83c1                	srli	a5,a5,0x10
     ec0:	bfc5                	j	eb0 <I2C_AcknowledgeConfig+0x8>

00000ec2 <I2C_SendData>:
     ec2:	a90e                	sh	a1,16(a0)
     ec4:	8082                	ret

00000ec6 <I2C_ReceiveData>:
     ec6:	290a                	lhu	a0,16(a0)
     ec8:	0ff57513          	andi	a0,a0,255
     ecc:	8082                	ret

00000ece <I2C_Send7bitAddress>:
     ece:	0fe5f793          	andi	a5,a1,254
     ed2:	c219                	beqz	a2,ed8 <I2C_Send7bitAddress+0xa>
     ed4:	0015e793          	ori	a5,a1,1
     ed8:	07c2                	slli	a5,a5,0x10
     eda:	83c1                	srli	a5,a5,0x10
     edc:	a91e                	sh	a5,16(a0)
     ede:	8082                	ret

00000ee0 <I2C_CheckEvent>:
     ee0:	295e                	lhu	a5,20(a0)
     ee2:	2d0a                	lhu	a0,24(a0)
     ee4:	0542                	slli	a0,a0,0x10
     ee6:	8d5d                	or	a0,a0,a5
     ee8:	8d6d                	and	a0,a0,a1
     eea:	0522                	slli	a0,a0,0x8
     eec:	8121                	srli	a0,a0,0x8
     eee:	8d0d                	sub	a0,a0,a1
     ef0:	00153513          	seqz	a0,a0
     ef4:	8082                	ret

00000ef6 <I2C_GetFlagStatus>:
     ef6:	1161                	addi	sp,sp,-8
     ef8:	c002                	sw	zero,0(sp)
     efa:	c202                	sw	zero,4(sp)
     efc:	01c5d793          	srli	a5,a1,0x1c
     f00:	c22a                	sw	a0,4(sp)
     f02:	c03e                	sw	a5,0(sp)
     f04:	4782                	lw	a5,0(sp)
     f06:	05a2                	slli	a1,a1,0x8
     f08:	81a1                	srli	a1,a1,0x8
     f0a:	cb99                	beqz	a5,f20 <I2C_GetFlagStatus+0x2a>
     f0c:	4792                	lw	a5,4(sp)
     f0e:	07d1                	addi	a5,a5,20
     f10:	c23e                	sw	a5,4(sp)
     f12:	4792                	lw	a5,4(sp)
     f14:	4388                	lw	a0,0(a5)
     f16:	0121                	addi	sp,sp,8
     f18:	8d6d                	and	a0,a0,a1
     f1a:	00a03533          	snez	a0,a0
     f1e:	8082                	ret
     f20:	4792                	lw	a5,4(sp)
     f22:	81c1                	srli	a1,a1,0x10
     f24:	07e1                	addi	a5,a5,24
     f26:	b7ed                	j	f10 <I2C_GetFlagStatus+0x1a>

00000f28 <NVIC_PriorityGroupConfig>:
     f28:	80a1ae23          	sw	a0,-2020(gp) # 20000054 <NVIC_Priority_Group>
     f2c:	8082                	ret

00000f2e <RCC_AdjustHSICalibrationValue>:
     f2e:	40021737          	lui	a4,0x40021
     f32:	431c                	lw	a5,0(a4)
     f34:	050e                	slli	a0,a0,0x3
     f36:	f077f793          	andi	a5,a5,-249
     f3a:	8d5d                	or	a0,a0,a5
     f3c:	c308                	sw	a0,0(a4)
     f3e:	8082                	ret

00000f40 <RCC_GetClocksFreq>:
     f40:	960ff2ef          	jal	t0,a0 <__riscv_save_0>
     f44:	40021737          	lui	a4,0x40021
     f48:	435c                	lw	a5,4(a4)
     f4a:	4691                	li	a3,4
     f4c:	842a                	mv	s0,a0
     f4e:	8bb1                	andi	a5,a5,12
     f50:	08d78363          	beq	a5,a3,fd6 <RCC_GetClocksFreq+0x96>
     f54:	46a1                	li	a3,8
     f56:	08d78563          	beq	a5,a3,fe0 <RCC_GetClocksFreq+0xa0>
     f5a:	016e37b7          	lui	a5,0x16e3
     f5e:	60078793          	addi	a5,a5,1536 # 16e3600 <_data_lma+0x16e12f4>
     f62:	c01c                	sw	a5,0(s0)
     f64:	400216b7          	lui	a3,0x40021
     f68:	42dc                	lw	a5,4(a3)
     f6a:	8391                	srli	a5,a5,0x4
     f6c:	00f7f713          	andi	a4,a5,15
     f70:	200007b7          	lui	a5,0x20000
     f74:	02878793          	addi	a5,a5,40 # 20000028 <APBAHBPrescTable>
     f78:	97ba                	add	a5,a5,a4
     f7a:	238c                	lbu	a1,0(a5)
     f7c:	42dc                	lw	a5,4(a3)
     f7e:	4018                	lw	a4,0(s0)
     f80:	0ff5f593          	andi	a1,a1,255
     f84:	0807f793          	andi	a5,a5,128
     f88:	00b75533          	srl	a0,a4,a1
     f8c:	e781                	bnez	a5,f94 <RCC_GetClocksFreq+0x54>
     f8e:	853a                	mv	a0,a4
     f90:	944ff0ef          	jal	ra,d4 <__udivsi3>
     f94:	c048                	sw	a0,4(s0)
     f96:	c408                	sw	a0,8(s0)
     f98:	c448                	sw	a0,12(s0)
     f9a:	400217b7          	lui	a5,0x40021
     f9e:	43dc                	lw	a5,4(a5)
     fa0:	468d                	li	a3,3
     fa2:	83ad                	srli	a5,a5,0xb
     fa4:	8bfd                	andi	a5,a5,31
     fa6:	0037d713          	srli	a4,a5,0x3
     faa:	078a                	slli	a5,a5,0x2
     fac:	8bf1                	andi	a5,a5,28
     fae:	8fd9                	or	a5,a5,a4
     fb0:	0137f613          	andi	a2,a5,19
     fb4:	0037f713          	andi	a4,a5,3
     fb8:	00c6f463          	bgeu	a3,a2,fc0 <RCC_GetClocksFreq+0x80>
     fbc:	ff478713          	addi	a4,a5,-12 # 40020ff4 <__global_pointer$+0x200207bc>
     fc0:	200007b7          	lui	a5,0x20000
     fc4:	01478793          	addi	a5,a5,20 # 20000014 <ADCPrescTable>
     fc8:	97ba                	add	a5,a5,a4
     fca:	238c                	lbu	a1,0(a5)
     fcc:	908ff0ef          	jal	ra,d4 <__udivsi3>
     fd0:	c808                	sw	a0,16(s0)
     fd2:	8d8ff06f          	j	aa <__riscv_restore_0>
     fd6:	007a17b7          	lui	a5,0x7a1
     fda:	20078793          	addi	a5,a5,512 # 7a1200 <_data_lma+0x79eef4>
     fde:	b751                	j	f62 <RCC_GetClocksFreq+0x22>
     fe0:	435c                	lw	a5,4(a4)
     fe2:	00f79713          	slli	a4,a5,0xf
     fe6:	00074763          	bltz	a4,ff4 <RCC_GetClocksFreq+0xb4>
     fea:	02dc77b7          	lui	a5,0x2dc7
     fee:	c0078793          	addi	a5,a5,-1024 # 2dc6c00 <_data_lma+0x2dc48f4>
     ff2:	bf85                	j	f62 <RCC_GetClocksFreq+0x22>
     ff4:	00f427b7          	lui	a5,0xf42
     ff8:	40078793          	addi	a5,a5,1024 # f42400 <_data_lma+0xf400f4>
     ffc:	b79d                	j	f62 <RCC_GetClocksFreq+0x22>

00000ffe <RCC_APB2PeriphClockCmd>:
     ffe:	c599                	beqz	a1,100c <RCC_APB2PeriphClockCmd+0xe>
    1000:	40021737          	lui	a4,0x40021
    1004:	4f1c                	lw	a5,24(a4)
    1006:	8d5d                	or	a0,a0,a5
    1008:	cf08                	sw	a0,24(a4)
    100a:	8082                	ret
    100c:	400217b7          	lui	a5,0x40021
    1010:	4f98                	lw	a4,24(a5)
    1012:	fff54513          	not	a0,a0
    1016:	8d79                	and	a0,a0,a4
    1018:	cf88                	sw	a0,24(a5)
    101a:	8082                	ret

0000101c <RCC_APB1PeriphClockCmd>:
    101c:	c599                	beqz	a1,102a <RCC_APB1PeriphClockCmd+0xe>
    101e:	40021737          	lui	a4,0x40021
    1022:	4f5c                	lw	a5,28(a4)
    1024:	8d5d                	or	a0,a0,a5
    1026:	cf48                	sw	a0,28(a4)
    1028:	8082                	ret
    102a:	400217b7          	lui	a5,0x40021
    102e:	4fd8                	lw	a4,28(a5)
    1030:	fff54513          	not	a0,a0
    1034:	8d79                	and	a0,a0,a4
    1036:	cfc8                	sw	a0,28(a5)
    1038:	8082                	ret

0000103a <USART_Init>:
    103a:	866ff2ef          	jal	t0,a0 <__riscv_save_0>
    103e:	2916                	lhu	a3,16(a0)
    1040:	77f5                	lui	a5,0xffffd
    1042:	17fd                	addi	a5,a5,-1
    1044:	8ff5                	and	a5,a5,a3
    1046:	21f6                	lhu	a3,6(a1)
    1048:	25da                	lhu	a4,12(a1)
    104a:	1121                	addi	sp,sp,-24
    104c:	8fd5                	or	a5,a5,a3
    104e:	a91e                	sh	a5,16(a0)
    1050:	2556                	lhu	a3,12(a0)
    1052:	77fd                	lui	a5,0xfffff
    1054:	9f378793          	addi	a5,a5,-1549 # ffffe9f3 <__global_pointer$+0xdfffe1bb>
    1058:	8ff5                	and	a5,a5,a3
    105a:	21d6                	lhu	a3,4(a1)
    105c:	842a                	mv	s0,a0
    105e:	c02e                	sw	a1,0(sp)
    1060:	8fd5                	or	a5,a5,a3
    1062:	2596                	lhu	a3,8(a1)
    1064:	8fd5                	or	a5,a5,a3
    1066:	25b6                	lhu	a3,10(a1)
    1068:	8fd5                	or	a5,a5,a3
    106a:	a55e                	sh	a5,12(a0)
    106c:	295e                	lhu	a5,20(a0)
    106e:	07c2                	slli	a5,a5,0x10
    1070:	83c1                	srli	a5,a5,0x10
    1072:	cff7f793          	andi	a5,a5,-769
    1076:	8f5d                	or	a4,a4,a5
    1078:	a95a                	sh	a4,20(a0)
    107a:	0048                	addi	a0,sp,4
    107c:	35d1                	jal	f40 <RCC_GetClocksFreq>
    107e:	400147b7          	lui	a5,0x40014
    1082:	80078793          	addi	a5,a5,-2048 # 40013800 <__global_pointer$+0x20012fc8>
    1086:	4582                	lw	a1,0(sp)
    1088:	06f41263          	bne	s0,a5,10ec <USART_Init+0xb2>
    108c:	47c2                	lw	a5,16(sp)
    108e:	245a                	lhu	a4,12(s0)
    1090:	00179513          	slli	a0,a5,0x1
    1094:	953e                	add	a0,a0,a5
    1096:	0742                	slli	a4,a4,0x10
    1098:	050e                	slli	a0,a0,0x3
    109a:	8741                	srai	a4,a4,0x10
    109c:	953e                	add	a0,a0,a5
    109e:	418c                	lw	a1,0(a1)
    10a0:	04075863          	bgez	a4,10f0 <USART_Init+0xb6>
    10a4:	0586                	slli	a1,a1,0x1
    10a6:	82eff0ef          	jal	ra,d4 <__udivsi3>
    10aa:	06400593          	li	a1,100
    10ae:	c02a                	sw	a0,0(sp)
    10b0:	824ff0ef          	jal	ra,d4 <__udivsi3>
    10b4:	4782                	lw	a5,0(sp)
    10b6:	00451493          	slli	s1,a0,0x4
    10ba:	06400593          	li	a1,100
    10be:	853e                	mv	a0,a5
    10c0:	840ff0ef          	jal	ra,100 <__umodsi3>
    10c4:	245e                	lhu	a5,12(s0)
    10c6:	07c2                	slli	a5,a5,0x10
    10c8:	87c1                	srai	a5,a5,0x10
    10ca:	0207d563          	bgez	a5,10f4 <USART_Init+0xba>
    10ce:	050e                	slli	a0,a0,0x3
    10d0:	06400593          	li	a1,100
    10d4:	03250513          	addi	a0,a0,50
    10d8:	ffdfe0ef          	jal	ra,d4 <__udivsi3>
    10dc:	891d                	andi	a0,a0,7
    10de:	8cc9                	or	s1,s1,a0
    10e0:	04c2                	slli	s1,s1,0x10
    10e2:	80c1                	srli	s1,s1,0x10
    10e4:	a406                	sh	s1,8(s0)
    10e6:	0161                	addi	sp,sp,24
    10e8:	fc3fe06f          	j	aa <__riscv_restore_0>
    10ec:	47b2                	lw	a5,12(sp)
    10ee:	b745                	j	108e <USART_Init+0x54>
    10f0:	058a                	slli	a1,a1,0x2
    10f2:	bf55                	j	10a6 <USART_Init+0x6c>
    10f4:	0512                	slli	a0,a0,0x4
    10f6:	06400593          	li	a1,100
    10fa:	03250513          	addi	a0,a0,50
    10fe:	fd7fe0ef          	jal	ra,d4 <__udivsi3>
    1102:	893d                	andi	a0,a0,15
    1104:	bfe9                	j	10de <USART_Init+0xa4>

00001106 <USART_Cmd>:
    1106:	c591                	beqz	a1,1112 <USART_Cmd+0xc>
    1108:	255e                	lhu	a5,12(a0)
    110a:	6709                	lui	a4,0x2
    110c:	8fd9                	or	a5,a5,a4
    110e:	a55e                	sh	a5,12(a0)
    1110:	8082                	ret
    1112:	255a                	lhu	a4,12(a0)
    1114:	77f9                	lui	a5,0xffffe
    1116:	17fd                	addi	a5,a5,-1
    1118:	8ff9                	and	a5,a5,a4
    111a:	bfd5                	j	110e <USART_Cmd+0x8>

0000111c <USART_SendData>:
    111c:	1ff5f593          	andi	a1,a1,511
    1120:	a14e                	sh	a1,4(a0)
    1122:	8082                	ret

00001124 <USART_ReceiveData>:
    1124:	214a                	lhu	a0,4(a0)
    1126:	1ff57513          	andi	a0,a0,511
    112a:	8082                	ret

0000112c <USART_GetFlagStatus>:
    112c:	210a                	lhu	a0,0(a0)
    112e:	8d6d                	and	a0,a0,a1
    1130:	00a03533          	snez	a0,a0
    1134:	8082                	ret

00001136 <Delay_Init>:
    1136:	f6bfe2ef          	jal	t0,a0 <__riscv_save_0>
    113a:	200007b7          	lui	a5,0x20000
    113e:	0107a503          	lw	a0,16(a5) # 20000010 <SystemCoreClock>
    1142:	007a15b7          	lui	a1,0x7a1
    1146:	20058593          	addi	a1,a1,512 # 7a1200 <_data_lma+0x79eef4>
    114a:	f8bfe0ef          	jal	ra,d4 <__udivsi3>
    114e:	0ff57513          	andi	a0,a0,255
    1152:	82a18123          	sb	a0,-2014(gp) # 2000005a <p_us>
    1156:	00551793          	slli	a5,a0,0x5
    115a:	8f89                	sub	a5,a5,a0
    115c:	078a                	slli	a5,a5,0x2
    115e:	953e                	add	a0,a0,a5
    1160:	050e                	slli	a0,a0,0x3
    1162:	82a19023          	sh	a0,-2016(gp) # 20000058 <p_ms>
    1166:	f45fe06f          	j	aa <__riscv_restore_0>

0000116a <Delay_Ms>:
    116a:	f37fe2ef          	jal	t0,a0 <__riscv_save_0>
    116e:	e000f437          	lui	s0,0xe000f
    1172:	405c                	lw	a5,4(s0)
    1174:	85aa                	mv	a1,a0
    1176:	9bf9                	andi	a5,a5,-2
    1178:	c05c                	sw	a5,4(s0)
    117a:	8201d503          	lhu	a0,-2016(gp) # 20000058 <p_ms>
    117e:	f37fe0ef          	jal	ra,b4 <__mulsi3>
    1182:	c808                	sw	a0,16(s0)
    1184:	00042423          	sw	zero,8(s0) # e000f008 <__global_pointer$+0xc000e7d0>
    1188:	401c                	lw	a5,0(s0)
    118a:	0017e793          	ori	a5,a5,1
    118e:	c01c                	sw	a5,0(s0)
    1190:	e000f7b7          	lui	a5,0xe000f
    1194:	43d8                	lw	a4,4(a5)
    1196:	8b05                	andi	a4,a4,1
    1198:	df75                	beqz	a4,1194 <Delay_Ms+0x2a>
    119a:	4398                	lw	a4,0(a5)
    119c:	9b79                	andi	a4,a4,-2
    119e:	c398                	sw	a4,0(a5)
    11a0:	f0bfe06f          	j	aa <__riscv_restore_0>

000011a4 <__divdi3>:
    11a4:	7179                	addi	sp,sp,-48
    11a6:	d606                	sw	ra,44(sp)
    11a8:	d422                	sw	s0,40(sp)
    11aa:	d226                	sw	s1,36(sp)
    11ac:	c002                	sw	zero,0(sp)
    11ae:	832e                	mv	t1,a1
    11b0:	87aa                	mv	a5,a0
    11b2:	1005ca63          	bltz	a1,12c6 <__divdi3+0x122>
    11b6:	0006dd63          	bgez	a3,11d0 <__divdi3+0x2c>
    11ba:	4582                	lw	a1,0(sp)
    11bc:	40c00633          	neg	a2,a2
    11c0:	00c03733          	snez	a4,a2
    11c4:	40d006b3          	neg	a3,a3
    11c8:	fff5c593          	not	a1,a1
    11cc:	c02e                	sw	a1,0(sp)
    11ce:	8e99                	sub	a3,a3,a4
    11d0:	84b6                	mv	s1,a3
    11d2:	82b2                	mv	t0,a2
    11d4:	843e                	mv	s0,a5
    11d6:	871a                	mv	a4,t1
    11d8:	1e069763          	bnez	a3,13c6 <__divdi3+0x222>
    11dc:	10c37063          	bgeu	t1,a2,12dc <__divdi3+0x138>
    11e0:	66c1                	lui	a3,0x10
    11e2:	26d66363          	bltu	a2,a3,1448 <__divdi3+0x2a4>
    11e6:	010006b7          	lui	a3,0x1000
    11ea:	48d66963          	bltu	a2,a3,167c <__divdi3+0x4d8>
    11ee:	01865593          	srli	a1,a2,0x18
    11f2:	44e1                	li	s1,24
    11f4:	00001697          	auipc	a3,0x1
    11f8:	01868693          	addi	a3,a3,24 # 220c <__clz_tab>
    11fc:	96ae                	add	a3,a3,a1
    11fe:	2294                	lbu	a3,0(a3)
    1200:	94b6                	add	s1,s1,a3
    1202:	02000693          	li	a3,32
    1206:	8e85                	sub	a3,a3,s1
    1208:	ca99                	beqz	a3,121e <__divdi3+0x7a>
    120a:	00d31333          	sll	t1,t1,a3
    120e:	0097d4b3          	srl	s1,a5,s1
    1212:	00d612b3          	sll	t0,a2,a3
    1216:	0064e733          	or	a4,s1,t1
    121a:	00d79433          	sll	s0,a5,a3
    121e:	0102d493          	srli	s1,t0,0x10
    1222:	85a6                	mv	a1,s1
    1224:	853a                	mv	a0,a4
    1226:	c416                	sw	t0,8(sp)
    1228:	c23a                	sw	a4,4(sp)
    122a:	ed7fe0ef          	jal	ra,100 <__umodsi3>
    122e:	42a2                	lw	t0,8(sp)
    1230:	4712                	lw	a4,4(sp)
    1232:	c82a                	sw	a0,16(sp)
    1234:	01029793          	slli	a5,t0,0x10
    1238:	83c1                	srli	a5,a5,0x10
    123a:	853a                	mv	a0,a4
    123c:	85a6                	mv	a1,s1
    123e:	c616                	sw	t0,12(sp)
    1240:	c23e                	sw	a5,4(sp)
    1242:	e93fe0ef          	jal	ra,d4 <__udivsi3>
    1246:	85aa                	mv	a1,a0
    1248:	c42a                	sw	a0,8(sp)
    124a:	4512                	lw	a0,4(sp)
    124c:	e69fe0ef          	jal	ra,b4 <__mulsi3>
    1250:	46c2                	lw	a3,16(sp)
    1252:	01045793          	srli	a5,s0,0x10
    1256:	4722                	lw	a4,8(sp)
    1258:	06c2                	slli	a3,a3,0x10
    125a:	8fd5                	or	a5,a5,a3
    125c:	42b2                	lw	t0,12(sp)
    125e:	00a7fa63          	bgeu	a5,a0,1272 <__divdi3+0xce>
    1262:	9796                	add	a5,a5,t0
    1264:	fff70693          	addi	a3,a4,-1 # 1fff <__udivdi3+0x465>
    1268:	0057e463          	bltu	a5,t0,1270 <__divdi3+0xcc>
    126c:	42a7ee63          	bltu	a5,a0,16a8 <__divdi3+0x504>
    1270:	8736                	mv	a4,a3
    1272:	8f89                	sub	a5,a5,a0
    1274:	85a6                	mv	a1,s1
    1276:	853e                	mv	a0,a5
    1278:	c83a                	sw	a4,16(sp)
    127a:	ca16                	sw	t0,20(sp)
    127c:	c63e                	sw	a5,12(sp)
    127e:	e83fe0ef          	jal	ra,100 <__umodsi3>
    1282:	47b2                	lw	a5,12(sp)
    1284:	85a6                	mv	a1,s1
    1286:	c42a                	sw	a0,8(sp)
    1288:	853e                	mv	a0,a5
    128a:	e4bfe0ef          	jal	ra,d4 <__udivsi3>
    128e:	85aa                	mv	a1,a0
    1290:	84aa                	mv	s1,a0
    1292:	4512                	lw	a0,4(sp)
    1294:	0442                	slli	s0,s0,0x10
    1296:	8041                	srli	s0,s0,0x10
    1298:	e1dfe0ef          	jal	ra,b4 <__mulsi3>
    129c:	46a2                	lw	a3,8(sp)
    129e:	4742                	lw	a4,16(sp)
    12a0:	06c2                	slli	a3,a3,0x10
    12a2:	8c55                	or	s0,s0,a3
    12a4:	00a47c63          	bgeu	s0,a0,12bc <__divdi3+0x118>
    12a8:	42d2                	lw	t0,20(sp)
    12aa:	fff48793          	addi	a5,s1,-1
    12ae:	9416                	add	s0,s0,t0
    12b0:	00546563          	bltu	s0,t0,12ba <__divdi3+0x116>
    12b4:	14f9                	addi	s1,s1,-2
    12b6:	00a46363          	bltu	s0,a0,12bc <__divdi3+0x118>
    12ba:	84be                	mv	s1,a5
    12bc:	01071513          	slli	a0,a4,0x10
    12c0:	8d45                	or	a0,a0,s1
    12c2:	4701                	li	a4,0
    12c4:	a291                	j	1408 <__divdi3+0x264>
    12c6:	40a007b3          	neg	a5,a0
    12ca:	00f03733          	snez	a4,a5
    12ce:	40b00333          	neg	t1,a1
    12d2:	40e30333          	sub	t1,t1,a4
    12d6:	577d                	li	a4,-1
    12d8:	c03a                	sw	a4,0(sp)
    12da:	bdf1                	j	11b6 <__divdi3+0x12>
    12dc:	ea11                	bnez	a2,12f0 <__divdi3+0x14c>
    12de:	4581                	li	a1,0
    12e0:	4505                	li	a0,1
    12e2:	c43e                	sw	a5,8(sp)
    12e4:	c21a                	sw	t1,4(sp)
    12e6:	deffe0ef          	jal	ra,d4 <__udivsi3>
    12ea:	47a2                	lw	a5,8(sp)
    12ec:	4312                	lw	t1,4(sp)
    12ee:	82aa                	mv	t0,a0
    12f0:	6741                	lui	a4,0x10
    12f2:	14e2e263          	bltu	t0,a4,1436 <__divdi3+0x292>
    12f6:	01000737          	lui	a4,0x1000
    12fa:	38e2e563          	bltu	t0,a4,1684 <__divdi3+0x4e0>
    12fe:	0182d693          	srli	a3,t0,0x18
    1302:	44e1                	li	s1,24
    1304:	00001717          	auipc	a4,0x1
    1308:	f0870713          	addi	a4,a4,-248 # 220c <__clz_tab>
    130c:	9736                	add	a4,a4,a3
    130e:	2318                	lbu	a4,0(a4)
    1310:	02000693          	li	a3,32
    1314:	9726                	add	a4,a4,s1
    1316:	8e99                	sub	a3,a3,a4
    1318:	14069163          	bnez	a3,145a <__divdi3+0x2b6>
    131c:	01029793          	slli	a5,t0,0x10
    1320:	83c1                	srli	a5,a5,0x10
    1322:	40530333          	sub	t1,t1,t0
    1326:	0102d493          	srli	s1,t0,0x10
    132a:	c23e                	sw	a5,4(sp)
    132c:	4705                	li	a4,1
    132e:	85a6                	mv	a1,s1
    1330:	851a                	mv	a0,t1
    1332:	ca3a                	sw	a4,20(sp)
    1334:	c816                	sw	t0,16(sp)
    1336:	c41a                	sw	t1,8(sp)
    1338:	dc9fe0ef          	jal	ra,100 <__umodsi3>
    133c:	4322                	lw	t1,8(sp)
    133e:	c62a                	sw	a0,12(sp)
    1340:	85a6                	mv	a1,s1
    1342:	851a                	mv	a0,t1
    1344:	d91fe0ef          	jal	ra,d4 <__udivsi3>
    1348:	4592                	lw	a1,4(sp)
    134a:	c42a                	sw	a0,8(sp)
    134c:	d69fe0ef          	jal	ra,b4 <__mulsi3>
    1350:	46b2                	lw	a3,12(sp)
    1352:	01045793          	srli	a5,s0,0x10
    1356:	42c2                	lw	t0,16(sp)
    1358:	06c2                	slli	a3,a3,0x10
    135a:	8fd5                	or	a5,a5,a3
    135c:	4752                	lw	a4,20(sp)
    135e:	00a7fb63          	bgeu	a5,a0,1374 <__divdi3+0x1d0>
    1362:	4622                	lw	a2,8(sp)
    1364:	9796                	add	a5,a5,t0
    1366:	fff60693          	addi	a3,a2,-1
    136a:	0057e463          	bltu	a5,t0,1372 <__divdi3+0x1ce>
    136e:	34a7e063          	bltu	a5,a0,16ae <__divdi3+0x50a>
    1372:	c436                	sw	a3,8(sp)
    1374:	8f89                	sub	a5,a5,a0
    1376:	85a6                	mv	a1,s1
    1378:	853e                	mv	a0,a5
    137a:	ca3a                	sw	a4,20(sp)
    137c:	cc16                	sw	t0,24(sp)
    137e:	c83e                	sw	a5,16(sp)
    1380:	d81fe0ef          	jal	ra,100 <__umodsi3>
    1384:	47c2                	lw	a5,16(sp)
    1386:	85a6                	mv	a1,s1
    1388:	c62a                	sw	a0,12(sp)
    138a:	853e                	mv	a0,a5
    138c:	d49fe0ef          	jal	ra,d4 <__udivsi3>
    1390:	4592                	lw	a1,4(sp)
    1392:	84aa                	mv	s1,a0
    1394:	0442                	slli	s0,s0,0x10
    1396:	d1ffe0ef          	jal	ra,b4 <__mulsi3>
    139a:	46b2                	lw	a3,12(sp)
    139c:	8041                	srli	s0,s0,0x10
    139e:	4752                	lw	a4,20(sp)
    13a0:	06c2                	slli	a3,a3,0x10
    13a2:	8c55                	or	s0,s0,a3
    13a4:	00a47c63          	bgeu	s0,a0,13bc <__divdi3+0x218>
    13a8:	42e2                	lw	t0,24(sp)
    13aa:	fff48793          	addi	a5,s1,-1
    13ae:	9416                	add	s0,s0,t0
    13b0:	00546563          	bltu	s0,t0,13ba <__divdi3+0x216>
    13b4:	14f9                	addi	s1,s1,-2
    13b6:	00a46363          	bltu	s0,a0,13bc <__divdi3+0x218>
    13ba:	84be                	mv	s1,a5
    13bc:	47a2                	lw	a5,8(sp)
    13be:	01079513          	slli	a0,a5,0x10
    13c2:	8d45                	or	a0,a0,s1
    13c4:	a091                	j	1408 <__divdi3+0x264>
    13c6:	02d36f63          	bltu	t1,a3,1404 <__divdi3+0x260>
    13ca:	6741                	lui	a4,0x10
    13cc:	04e6ed63          	bltu	a3,a4,1426 <__divdi3+0x282>
    13d0:	01000737          	lui	a4,0x1000
    13d4:	2ae6e063          	bltu	a3,a4,1674 <__divdi3+0x4d0>
    13d8:	0186d593          	srli	a1,a3,0x18
    13dc:	4561                	li	a0,24
    13de:	00001717          	auipc	a4,0x1
    13e2:	e2e70713          	addi	a4,a4,-466 # 220c <__clz_tab>
    13e6:	972e                	add	a4,a4,a1
    13e8:	230c                	lbu	a1,0(a4)
    13ea:	02000713          	li	a4,32
    13ee:	95aa                	add	a1,a1,a0
    13f0:	8f0d                	sub	a4,a4,a1
    13f2:	12071663          	bnez	a4,151e <__divdi3+0x37a>
    13f6:	2866eb63          	bltu	a3,t1,168c <__divdi3+0x4e8>
    13fa:	00c7b4b3          	sltu	s1,a5,a2
    13fe:	0014c513          	xori	a0,s1,1
    1402:	a019                	j	1408 <__divdi3+0x264>
    1404:	4701                	li	a4,0
    1406:	4501                	li	a0,0
    1408:	4782                	lw	a5,0(sp)
    140a:	85ba                	mv	a1,a4
    140c:	cb81                	beqz	a5,141c <__divdi3+0x278>
    140e:	40a00533          	neg	a0,a0
    1412:	00a037b3          	snez	a5,a0
    1416:	40e005b3          	neg	a1,a4
    141a:	8d9d                	sub	a1,a1,a5
    141c:	50b2                	lw	ra,44(sp)
    141e:	5422                	lw	s0,40(sp)
    1420:	5492                	lw	s1,36(sp)
    1422:	6145                	addi	sp,sp,48
    1424:	8082                	ret
    1426:	0ff00713          	li	a4,255
    142a:	26d77463          	bgeu	a4,a3,1692 <__divdi3+0x4ee>
    142e:	0086d593          	srli	a1,a3,0x8
    1432:	4521                	li	a0,8
    1434:	b76d                	j	13de <__divdi3+0x23a>
    1436:	0ff00713          	li	a4,255
    143a:	8696                	mv	a3,t0
    143c:	ec5774e3          	bgeu	a4,t0,1304 <__divdi3+0x160>
    1440:	0082d693          	srli	a3,t0,0x8
    1444:	44a1                	li	s1,8
    1446:	bd7d                	j	1304 <__divdi3+0x160>
    1448:	0ff00693          	li	a3,255
    144c:	85b2                	mv	a1,a2
    144e:	dac6f3e3          	bgeu	a3,a2,11f4 <__divdi3+0x50>
    1452:	00865593          	srli	a1,a2,0x8
    1456:	44a1                	li	s1,8
    1458:	bb71                	j	11f4 <__divdi3+0x50>
    145a:	00d292b3          	sll	t0,t0,a3
    145e:	00e35633          	srl	a2,t1,a4
    1462:	0102d493          	srli	s1,t0,0x10
    1466:	00d31333          	sll	t1,t1,a3
    146a:	00d79433          	sll	s0,a5,a3
    146e:	00e7d733          	srl	a4,a5,a4
    1472:	01029793          	slli	a5,t0,0x10
    1476:	00676733          	or	a4,a4,t1
    147a:	83c1                	srli	a5,a5,0x10
    147c:	85a6                	mv	a1,s1
    147e:	8532                	mv	a0,a2
    1480:	c43a                	sw	a4,8(sp)
    1482:	ca16                	sw	t0,20(sp)
    1484:	c23e                	sw	a5,4(sp)
    1486:	c632                	sw	a2,12(sp)
    1488:	c79fe0ef          	jal	ra,100 <__umodsi3>
    148c:	4632                	lw	a2,12(sp)
    148e:	c82a                	sw	a0,16(sp)
    1490:	85a6                	mv	a1,s1
    1492:	8532                	mv	a0,a2
    1494:	c41fe0ef          	jal	ra,d4 <__udivsi3>
    1498:	85aa                	mv	a1,a0
    149a:	c62a                	sw	a0,12(sp)
    149c:	4512                	lw	a0,4(sp)
    149e:	c17fe0ef          	jal	ra,b4 <__mulsi3>
    14a2:	4722                	lw	a4,8(sp)
    14a4:	46c2                	lw	a3,16(sp)
    14a6:	42d2                	lw	t0,20(sp)
    14a8:	01075793          	srli	a5,a4,0x10
    14ac:	06c2                	slli	a3,a3,0x10
    14ae:	8fd5                	or	a5,a5,a3
    14b0:	4732                	lw	a4,12(sp)
    14b2:	00a7fb63          	bgeu	a5,a0,14c8 <__divdi3+0x324>
    14b6:	9796                	add	a5,a5,t0
    14b8:	fff70693          	addi	a3,a4,-1
    14bc:	1e57e463          	bltu	a5,t0,16a4 <__divdi3+0x500>
    14c0:	1ea7f263          	bgeu	a5,a0,16a4 <__divdi3+0x500>
    14c4:	1779                	addi	a4,a4,-2
    14c6:	9796                	add	a5,a5,t0
    14c8:	8f89                	sub	a5,a5,a0
    14ca:	85a6                	mv	a1,s1
    14cc:	853e                	mv	a0,a5
    14ce:	cc3a                	sw	a4,24(sp)
    14d0:	ca16                	sw	t0,20(sp)
    14d2:	c63e                	sw	a5,12(sp)
    14d4:	c2dfe0ef          	jal	ra,100 <__umodsi3>
    14d8:	47b2                	lw	a5,12(sp)
    14da:	c82a                	sw	a0,16(sp)
    14dc:	85a6                	mv	a1,s1
    14de:	853e                	mv	a0,a5
    14e0:	bf5fe0ef          	jal	ra,d4 <__udivsi3>
    14e4:	85aa                	mv	a1,a0
    14e6:	c62a                	sw	a0,12(sp)
    14e8:	4512                	lw	a0,4(sp)
    14ea:	bcbfe0ef          	jal	ra,b4 <__mulsi3>
    14ee:	4342                	lw	t1,16(sp)
    14f0:	8434                	lhu	a3,8(sp)
    14f2:	47b2                	lw	a5,12(sp)
    14f4:	0342                	slli	t1,t1,0x10
    14f6:	00d36333          	or	t1,t1,a3
    14fa:	42d2                	lw	t0,20(sp)
    14fc:	4762                	lw	a4,24(sp)
    14fe:	00a37b63          	bgeu	t1,a0,1514 <__divdi3+0x370>
    1502:	9316                	add	t1,t1,t0
    1504:	fff78693          	addi	a3,a5,-1 # e000efff <__global_pointer$+0xc000e7c7>
    1508:	18536a63          	bltu	t1,t0,169c <__divdi3+0x4f8>
    150c:	18a37863          	bgeu	t1,a0,169c <__divdi3+0x4f8>
    1510:	17f9                	addi	a5,a5,-2
    1512:	9316                	add	t1,t1,t0
    1514:	0742                	slli	a4,a4,0x10
    1516:	40a30333          	sub	t1,t1,a0
    151a:	8f5d                	or	a4,a4,a5
    151c:	bd09                	j	132e <__divdi3+0x18a>
    151e:	00b65533          	srl	a0,a2,a1
    1522:	00e696b3          	sll	a3,a3,a4
    1526:	8ec9                	or	a3,a3,a0
    1528:	0106d413          	srli	s0,a3,0x10
    152c:	00e61633          	sll	a2,a2,a4
    1530:	00b354b3          	srl	s1,t1,a1
    1534:	00b7d3b3          	srl	t2,a5,a1
    1538:	00e31333          	sll	t1,t1,a4
    153c:	cc3a                	sw	a4,24(sp)
    153e:	01069713          	slli	a4,a3,0x10
    1542:	8341                	srli	a4,a4,0x10
    1544:	ce3e                	sw	a5,28(sp)
    1546:	85a2                	mv	a1,s0
    1548:	0063e7b3          	or	a5,t2,t1
    154c:	8526                	mv	a0,s1
    154e:	c23e                	sw	a5,4(sp)
    1550:	c632                	sw	a2,12(sp)
    1552:	ca36                	sw	a3,20(sp)
    1554:	c43a                	sw	a4,8(sp)
    1556:	babfe0ef          	jal	ra,100 <__umodsi3>
    155a:	c82a                	sw	a0,16(sp)
    155c:	85a2                	mv	a1,s0
    155e:	8526                	mv	a0,s1
    1560:	b75fe0ef          	jal	ra,d4 <__udivsi3>
    1564:	85aa                	mv	a1,a0
    1566:	84aa                	mv	s1,a0
    1568:	4522                	lw	a0,8(sp)
    156a:	b4bfe0ef          	jal	ra,b4 <__mulsi3>
    156e:	4792                	lw	a5,4(sp)
    1570:	4342                	lw	t1,16(sp)
    1572:	46d2                	lw	a3,20(sp)
    1574:	0107d613          	srli	a2,a5,0x10
    1578:	0342                	slli	t1,t1,0x10
    157a:	00c36633          	or	a2,t1,a2
    157e:	4762                	lw	a4,24(sp)
    1580:	47f2                	lw	a5,28(sp)
    1582:	00a67b63          	bgeu	a2,a0,1598 <__divdi3+0x3f4>
    1586:	9636                	add	a2,a2,a3
    1588:	fff48593          	addi	a1,s1,-1
    158c:	10d66a63          	bltu	a2,a3,16a0 <__divdi3+0x4fc>
    1590:	10a67863          	bgeu	a2,a0,16a0 <__divdi3+0x4fc>
    1594:	14f9                	addi	s1,s1,-2
    1596:	9636                	add	a2,a2,a3
    1598:	8e09                	sub	a2,a2,a0
    159a:	85a2                	mv	a1,s0
    159c:	8532                	mv	a0,a2
    159e:	ce3e                	sw	a5,28(sp)
    15a0:	cc3a                	sw	a4,24(sp)
    15a2:	d036                	sw	a3,32(sp)
    15a4:	ca32                	sw	a2,20(sp)
    15a6:	b5bfe0ef          	jal	ra,100 <__umodsi3>
    15aa:	4652                	lw	a2,20(sp)
    15ac:	85a2                	mv	a1,s0
    15ae:	c82a                	sw	a0,16(sp)
    15b0:	8532                	mv	a0,a2
    15b2:	b23fe0ef          	jal	ra,d4 <__udivsi3>
    15b6:	85aa                	mv	a1,a0
    15b8:	842a                	mv	s0,a0
    15ba:	4522                	lw	a0,8(sp)
    15bc:	af9fe0ef          	jal	ra,b4 <__mulsi3>
    15c0:	4342                	lw	t1,16(sp)
    15c2:	822c                	lhu	a1,4(sp)
    15c4:	4762                	lw	a4,24(sp)
    15c6:	01031613          	slli	a2,t1,0x10
    15ca:	8e4d                	or	a2,a2,a1
    15cc:	47f2                	lw	a5,28(sp)
    15ce:	00a67c63          	bgeu	a2,a0,15e6 <__divdi3+0x442>
    15d2:	5682                	lw	a3,32(sp)
    15d4:	fff40593          	addi	a1,s0,-1
    15d8:	9636                	add	a2,a2,a3
    15da:	0ad66f63          	bltu	a2,a3,1698 <__divdi3+0x4f4>
    15de:	0aa67d63          	bgeu	a2,a0,1698 <__divdi3+0x4f4>
    15e2:	1479                	addi	s0,s0,-2
    15e4:	9636                	add	a2,a2,a3
    15e6:	66c1                	lui	a3,0x10
    15e8:	fff68313          	addi	t1,a3,-1 # ffff <_data_lma+0xdcf3>
    15ec:	46b2                	lw	a3,12(sp)
    15ee:	04c2                	slli	s1,s1,0x10
    15f0:	8cc1                	or	s1,s1,s0
    15f2:	0064f3b3          	and	t2,s1,t1
    15f6:	8e09                	sub	a2,a2,a0
    15f8:	0066f333          	and	t1,a3,t1
    15fc:	c432                	sw	a2,8(sp)
    15fe:	0104d293          	srli	t0,s1,0x10
    1602:	0106d413          	srli	s0,a3,0x10
    1606:	851e                	mv	a0,t2
    1608:	859a                	mv	a1,t1
    160a:	aabfe0ef          	jal	ra,b4 <__mulsi3>
    160e:	c22a                	sw	a0,4(sp)
    1610:	85a2                	mv	a1,s0
    1612:	851e                	mv	a0,t2
    1614:	aa1fe0ef          	jal	ra,b4 <__mulsi3>
    1618:	83aa                	mv	t2,a0
    161a:	859a                	mv	a1,t1
    161c:	8516                	mv	a0,t0
    161e:	a97fe0ef          	jal	ra,b4 <__mulsi3>
    1622:	832a                	mv	t1,a0
    1624:	85a2                	mv	a1,s0
    1626:	8516                	mv	a0,t0
    1628:	a8dfe0ef          	jal	ra,b4 <__mulsi3>
    162c:	4692                	lw	a3,4(sp)
    162e:	939a                	add	t2,t2,t1
    1630:	82c1                	srli	a3,a3,0x10
    1632:	93b6                	add	t2,t2,a3
    1634:	0063f463          	bgeu	t2,t1,163c <__divdi3+0x498>
    1638:	66c1                	lui	a3,0x10
    163a:	9536                	add	a0,a0,a3
    163c:	0103d693          	srli	a3,t2,0x10
    1640:	9536                	add	a0,a0,a3
    1642:	46a2                	lw	a3,8(sp)
    1644:	02a6e463          	bltu	a3,a0,166c <__divdi3+0x4c8>
    1648:	00a68563          	beq	a3,a0,1652 <__divdi3+0x4ae>
    164c:	8526                	mv	a0,s1
    164e:	4701                	li	a4,0
    1650:	bb65                	j	1408 <__divdi3+0x264>
    1652:	66c1                	lui	a3,0x10
    1654:	4612                	lw	a2,4(sp)
    1656:	16fd                	addi	a3,a3,-1
    1658:	00d3f3b3          	and	t2,t2,a3
    165c:	03c2                	slli	t2,t2,0x10
    165e:	8ef1                	and	a3,a3,a2
    1660:	00e797b3          	sll	a5,a5,a4
    1664:	00d38733          	add	a4,t2,a3
    1668:	fee7f2e3          	bgeu	a5,a4,164c <__divdi3+0x4a8>
    166c:	fff48513          	addi	a0,s1,-1
    1670:	4701                	li	a4,0
    1672:	bb59                	j	1408 <__divdi3+0x264>
    1674:	0106d593          	srli	a1,a3,0x10
    1678:	4541                	li	a0,16
    167a:	b395                	j	13de <__divdi3+0x23a>
    167c:	01065593          	srli	a1,a2,0x10
    1680:	44c1                	li	s1,16
    1682:	be8d                	j	11f4 <__divdi3+0x50>
    1684:	0102d693          	srli	a3,t0,0x10
    1688:	44c1                	li	s1,16
    168a:	b9ad                	j	1304 <__divdi3+0x160>
    168c:	4701                	li	a4,0
    168e:	4505                	li	a0,1
    1690:	bba5                	j	1408 <__divdi3+0x264>
    1692:	85b6                	mv	a1,a3
    1694:	4501                	li	a0,0
    1696:	b3a1                	j	13de <__divdi3+0x23a>
    1698:	842e                	mv	s0,a1
    169a:	b7b1                	j	15e6 <__divdi3+0x442>
    169c:	87b6                	mv	a5,a3
    169e:	bd9d                	j	1514 <__divdi3+0x370>
    16a0:	84ae                	mv	s1,a1
    16a2:	bddd                	j	1598 <__divdi3+0x3f4>
    16a4:	8736                	mv	a4,a3
    16a6:	b50d                	j	14c8 <__divdi3+0x324>
    16a8:	1779                	addi	a4,a4,-2
    16aa:	9796                	add	a5,a5,t0
    16ac:	b6d9                	j	1272 <__divdi3+0xce>
    16ae:	ffe60693          	addi	a3,a2,-2
    16b2:	c436                	sw	a3,8(sp)
    16b4:	9796                	add	a5,a5,t0
    16b6:	b97d                	j	1374 <__divdi3+0x1d0>

000016b8 <__moddi3>:
    16b8:	fcc10113          	addi	sp,sp,-52
    16bc:	d806                	sw	ra,48(sp)
    16be:	d622                	sw	s0,44(sp)
    16c0:	d426                	sw	s1,40(sp)
    16c2:	c002                	sw	zero,0(sp)
    16c4:	82ae                	mv	t0,a1
    16c6:	87aa                	mv	a5,a0
    16c8:	0e05cf63          	bltz	a1,17c6 <__moddi3+0x10e>
    16cc:	0006d963          	bgez	a3,16de <__moddi3+0x26>
    16d0:	40c00633          	neg	a2,a2
    16d4:	00c03733          	snez	a4,a2
    16d8:	40d006b3          	neg	a3,a3
    16dc:	8e99                	sub	a3,a3,a4
    16de:	84b6                	mv	s1,a3
    16e0:	8332                	mv	t1,a2
    16e2:	843e                	mv	s0,a5
    16e4:	8396                	mv	t2,t0
    16e6:	1a069c63          	bnez	a3,189e <__moddi3+0x1e6>
    16ea:	0ec2f963          	bgeu	t0,a2,17dc <__moddi3+0x124>
    16ee:	6741                	lui	a4,0x10
    16f0:	22e67863          	bgeu	a2,a4,1920 <__moddi3+0x268>
    16f4:	0ff00713          	li	a4,255
    16f8:	86b2                	mv	a3,a2
    16fa:	00c77563          	bgeu	a4,a2,1704 <__moddi3+0x4c>
    16fe:	00865693          	srli	a3,a2,0x8
    1702:	44a1                	li	s1,8
    1704:	00001717          	auipc	a4,0x1
    1708:	b0870713          	addi	a4,a4,-1272 # 220c <__clz_tab>
    170c:	9736                	add	a4,a4,a3
    170e:	2318                	lbu	a4,0(a4)
    1710:	02000513          	li	a0,32
    1714:	94ba                	add	s1,s1,a4
    1716:	40950733          	sub	a4,a0,s1
    171a:	c23a                	sw	a4,4(sp)
    171c:	cb19                	beqz	a4,1732 <__moddi3+0x7a>
    171e:	00e292b3          	sll	t0,t0,a4
    1722:	0097d4b3          	srl	s1,a5,s1
    1726:	00e61333          	sll	t1,a2,a4
    172a:	0054e3b3          	or	t2,s1,t0
    172e:	00e79433          	sll	s0,a5,a4
    1732:	01035493          	srli	s1,t1,0x10
    1736:	85a6                	mv	a1,s1
    1738:	851e                	mv	a0,t2
    173a:	c61a                	sw	t1,12(sp)
    173c:	c41e                	sw	t2,8(sp)
    173e:	9c3fe0ef          	jal	ra,100 <__umodsi3>
    1742:	4332                	lw	t1,12(sp)
    1744:	43a2                	lw	t2,8(sp)
    1746:	c82a                	sw	a0,16(sp)
    1748:	01031793          	slli	a5,t1,0x10
    174c:	83c1                	srli	a5,a5,0x10
    174e:	85a6                	mv	a1,s1
    1750:	851e                	mv	a0,t2
    1752:	c43e                	sw	a5,8(sp)
    1754:	981fe0ef          	jal	ra,d4 <__udivsi3>
    1758:	85aa                	mv	a1,a0
    175a:	4522                	lw	a0,8(sp)
    175c:	959fe0ef          	jal	ra,b4 <__mulsi3>
    1760:	4742                	lw	a4,16(sp)
    1762:	01045793          	srli	a5,s0,0x10
    1766:	4332                	lw	t1,12(sp)
    1768:	0742                	slli	a4,a4,0x10
    176a:	8fd9                	or	a5,a5,a4
    176c:	00a7f763          	bgeu	a5,a0,177a <__moddi3+0xc2>
    1770:	979a                	add	a5,a5,t1
    1772:	0067e463          	bltu	a5,t1,177a <__moddi3+0xc2>
    1776:	42a7e063          	bltu	a5,a0,1b96 <__moddi3+0x4de>
    177a:	8f89                	sub	a5,a5,a0
    177c:	85a6                	mv	a1,s1
    177e:	853e                	mv	a0,a5
    1780:	ca1a                	sw	t1,20(sp)
    1782:	c83e                	sw	a5,16(sp)
    1784:	97dfe0ef          	jal	ra,100 <__umodsi3>
    1788:	47c2                	lw	a5,16(sp)
    178a:	c62a                	sw	a0,12(sp)
    178c:	85a6                	mv	a1,s1
    178e:	853e                	mv	a0,a5
    1790:	945fe0ef          	jal	ra,d4 <__udivsi3>
    1794:	85aa                	mv	a1,a0
    1796:	4522                	lw	a0,8(sp)
    1798:	91dfe0ef          	jal	ra,b4 <__mulsi3>
    179c:	4732                	lw	a4,12(sp)
    179e:	01041793          	slli	a5,s0,0x10
    17a2:	83c1                	srli	a5,a5,0x10
    17a4:	0742                	slli	a4,a4,0x10
    17a6:	8fd9                	or	a5,a5,a4
    17a8:	00a7f963          	bgeu	a5,a0,17ba <__moddi3+0x102>
    17ac:	4352                	lw	t1,20(sp)
    17ae:	979a                	add	a5,a5,t1
    17b0:	0067e563          	bltu	a5,t1,17ba <__moddi3+0x102>
    17b4:	00a7f363          	bgeu	a5,a0,17ba <__moddi3+0x102>
    17b8:	979a                	add	a5,a5,t1
    17ba:	4712                	lw	a4,4(sp)
    17bc:	8f89                	sub	a5,a5,a0
    17be:	4581                	li	a1,0
    17c0:	00e7d533          	srl	a0,a5,a4
    17c4:	aa29                	j	18de <__moddi3+0x226>
    17c6:	40a007b3          	neg	a5,a0
    17ca:	00f03333          	snez	t1,a5
    17ce:	40b002b3          	neg	t0,a1
    17d2:	577d                	li	a4,-1
    17d4:	406282b3          	sub	t0,t0,t1
    17d8:	c03a                	sw	a4,0(sp)
    17da:	bdcd                	j	16cc <__moddi3+0x14>
    17dc:	ea11                	bnez	a2,17f0 <__moddi3+0x138>
    17de:	4581                	li	a1,0
    17e0:	4505                	li	a0,1
    17e2:	c43e                	sw	a5,8(sp)
    17e4:	c216                	sw	t0,4(sp)
    17e6:	8effe0ef          	jal	ra,d4 <__udivsi3>
    17ea:	47a2                	lw	a5,8(sp)
    17ec:	4292                	lw	t0,4(sp)
    17ee:	832a                	mv	t1,a0
    17f0:	6741                	lui	a4,0x10
    17f2:	10e36e63          	bltu	t1,a4,190e <__moddi3+0x256>
    17f6:	01000737          	lui	a4,0x1000
    17fa:	36e36b63          	bltu	t1,a4,1b70 <__moddi3+0x4b8>
    17fe:	01835693          	srli	a3,t1,0x18
    1802:	44e1                	li	s1,24
    1804:	00001717          	auipc	a4,0x1
    1808:	a0870713          	addi	a4,a4,-1528 # 220c <__clz_tab>
    180c:	9736                	add	a4,a4,a3
    180e:	00074383          	lbu	t2,0(a4)
    1812:	02000513          	li	a0,32
    1816:	93a6                	add	t2,t2,s1
    1818:	40750733          	sub	a4,a0,t2
    181c:	c23a                	sw	a4,4(sp)
    181e:	12071263          	bnez	a4,1942 <__moddi3+0x28a>
    1822:	01031793          	slli	a5,t1,0x10
    1826:	83c1                	srli	a5,a5,0x10
    1828:	406282b3          	sub	t0,t0,t1
    182c:	01035493          	srli	s1,t1,0x10
    1830:	c43e                	sw	a5,8(sp)
    1832:	85a6                	mv	a1,s1
    1834:	8516                	mv	a0,t0
    1836:	ca1a                	sw	t1,20(sp)
    1838:	c816                	sw	t0,16(sp)
    183a:	8c7fe0ef          	jal	ra,100 <__umodsi3>
    183e:	42c2                	lw	t0,16(sp)
    1840:	c62a                	sw	a0,12(sp)
    1842:	85a6                	mv	a1,s1
    1844:	8516                	mv	a0,t0
    1846:	88ffe0ef          	jal	ra,d4 <__udivsi3>
    184a:	45a2                	lw	a1,8(sp)
    184c:	869fe0ef          	jal	ra,b4 <__mulsi3>
    1850:	46b2                	lw	a3,12(sp)
    1852:	01045793          	srli	a5,s0,0x10
    1856:	4352                	lw	t1,20(sp)
    1858:	06c2                	slli	a3,a3,0x10
    185a:	8fd5                	or	a5,a5,a3
    185c:	00a7f863          	bgeu	a5,a0,186c <__moddi3+0x1b4>
    1860:	979a                	add	a5,a5,t1
    1862:	0067e563          	bltu	a5,t1,186c <__moddi3+0x1b4>
    1866:	00a7f363          	bgeu	a5,a0,186c <__moddi3+0x1b4>
    186a:	979a                	add	a5,a5,t1
    186c:	8f89                	sub	a5,a5,a0
    186e:	85a6                	mv	a1,s1
    1870:	853e                	mv	a0,a5
    1872:	ca1a                	sw	t1,20(sp)
    1874:	c83e                	sw	a5,16(sp)
    1876:	88bfe0ef          	jal	ra,100 <__umodsi3>
    187a:	47c2                	lw	a5,16(sp)
    187c:	c62a                	sw	a0,12(sp)
    187e:	85a6                	mv	a1,s1
    1880:	853e                	mv	a0,a5
    1882:	853fe0ef          	jal	ra,d4 <__udivsi3>
    1886:	45a2                	lw	a1,8(sp)
    1888:	0442                	slli	s0,s0,0x10
    188a:	8041                	srli	s0,s0,0x10
    188c:	829fe0ef          	jal	ra,b4 <__mulsi3>
    1890:	4732                	lw	a4,12(sp)
    1892:	0742                	slli	a4,a4,0x10
    1894:	008767b3          	or	a5,a4,s0
    1898:	f2a7f1e3          	bgeu	a5,a0,17ba <__moddi3+0x102>
    189c:	bf01                	j	17ac <__moddi3+0xf4>
    189e:	853e                	mv	a0,a5
    18a0:	02d2ee63          	bltu	t0,a3,18dc <__moddi3+0x224>
    18a4:	6741                	lui	a4,0x10
    18a6:	04e6ec63          	bltu	a3,a4,18fe <__moddi3+0x246>
    18aa:	01000737          	lui	a4,0x1000
    18ae:	2ce6e563          	bltu	a3,a4,1b78 <__moddi3+0x4c0>
    18b2:	0186d313          	srli	t1,a3,0x18
    18b6:	45e1                	li	a1,24
    18b8:	00001717          	auipc	a4,0x1
    18bc:	95470713          	addi	a4,a4,-1708 # 220c <__clz_tab>
    18c0:	971a                	add	a4,a4,t1
    18c2:	00074303          	lbu	t1,0(a4)
    18c6:	02000713          	li	a4,32
    18ca:	932e                	add	t1,t1,a1
    18cc:	40670733          	sub	a4,a4,t1
    18d0:	12071063          	bnez	a4,19f0 <__moddi3+0x338>
    18d4:	0456ee63          	bltu	a3,t0,1930 <__moddi3+0x278>
    18d8:	04c7fc63          	bgeu	a5,a2,1930 <__moddi3+0x278>
    18dc:	8596                	mv	a1,t0
    18de:	4782                	lw	a5,0(sp)
    18e0:	cb89                	beqz	a5,18f2 <__moddi3+0x23a>
    18e2:	40a00533          	neg	a0,a0
    18e6:	00a037b3          	snez	a5,a0
    18ea:	40b002b3          	neg	t0,a1
    18ee:	40f285b3          	sub	a1,t0,a5
    18f2:	50c2                	lw	ra,48(sp)
    18f4:	5432                	lw	s0,44(sp)
    18f6:	54a2                	lw	s1,40(sp)
    18f8:	03410113          	addi	sp,sp,52
    18fc:	8082                	ret
    18fe:	0ff00713          	li	a4,255
    1902:	28d77363          	bgeu	a4,a3,1b88 <__moddi3+0x4d0>
    1906:	0086d313          	srli	t1,a3,0x8
    190a:	45a1                	li	a1,8
    190c:	b775                	j	18b8 <__moddi3+0x200>
    190e:	0ff00713          	li	a4,255
    1912:	869a                	mv	a3,t1
    1914:	ee6778e3          	bgeu	a4,t1,1804 <__moddi3+0x14c>
    1918:	00835693          	srli	a3,t1,0x8
    191c:	44a1                	li	s1,8
    191e:	b5dd                	j	1804 <__moddi3+0x14c>
    1920:	01000737          	lui	a4,0x1000
    1924:	24e66e63          	bltu	a2,a4,1b80 <__moddi3+0x4c8>
    1928:	01865693          	srli	a3,a2,0x18
    192c:	44e1                	li	s1,24
    192e:	bbd9                	j	1704 <__moddi3+0x4c>
    1930:	40c78533          	sub	a0,a5,a2
    1934:	40d282b3          	sub	t0,t0,a3
    1938:	00a7b7b3          	sltu	a5,a5,a0
    193c:	40f282b3          	sub	t0,t0,a5
    1940:	bf71                	j	18dc <__moddi3+0x224>
    1942:	4712                	lw	a4,4(sp)
    1944:	0072d6b3          	srl	a3,t0,t2
    1948:	0077d3b3          	srl	t2,a5,t2
    194c:	00e31333          	sll	t1,t1,a4
    1950:	01035493          	srli	s1,t1,0x10
    1954:	00e292b3          	sll	t0,t0,a4
    1958:	01031613          	slli	a2,t1,0x10
    195c:	8241                	srli	a2,a2,0x10
    195e:	cc3e                	sw	a5,24(sp)
    1960:	85a6                	mv	a1,s1
    1962:	0053e7b3          	or	a5,t2,t0
    1966:	8536                	mv	a0,a3
    1968:	c63e                	sw	a5,12(sp)
    196a:	c81a                	sw	t1,16(sp)
    196c:	c432                	sw	a2,8(sp)
    196e:	ca36                	sw	a3,20(sp)
    1970:	f90fe0ef          	jal	ra,100 <__umodsi3>
    1974:	46d2                	lw	a3,20(sp)
    1976:	842a                	mv	s0,a0
    1978:	85a6                	mv	a1,s1
    197a:	8536                	mv	a0,a3
    197c:	f58fe0ef          	jal	ra,d4 <__udivsi3>
    1980:	85aa                	mv	a1,a0
    1982:	4522                	lw	a0,8(sp)
    1984:	0442                	slli	s0,s0,0x10
    1986:	f2efe0ef          	jal	ra,b4 <__mulsi3>
    198a:	47b2                	lw	a5,12(sp)
    198c:	4692                	lw	a3,4(sp)
    198e:	4342                	lw	t1,16(sp)
    1990:	0107d713          	srli	a4,a5,0x10
    1994:	47e2                	lw	a5,24(sp)
    1996:	8f41                	or	a4,a4,s0
    1998:	00d79433          	sll	s0,a5,a3
    199c:	00a77863          	bgeu	a4,a0,19ac <__moddi3+0x2f4>
    19a0:	971a                	add	a4,a4,t1
    19a2:	00676563          	bltu	a4,t1,19ac <__moddi3+0x2f4>
    19a6:	00a77363          	bgeu	a4,a0,19ac <__moddi3+0x2f4>
    19aa:	971a                	add	a4,a4,t1
    19ac:	8f09                	sub	a4,a4,a0
    19ae:	85a6                	mv	a1,s1
    19b0:	853a                	mv	a0,a4
    19b2:	cc1a                	sw	t1,24(sp)
    19b4:	ca3a                	sw	a4,20(sp)
    19b6:	f4afe0ef          	jal	ra,100 <__umodsi3>
    19ba:	4752                	lw	a4,20(sp)
    19bc:	c82a                	sw	a0,16(sp)
    19be:	85a6                	mv	a1,s1
    19c0:	853a                	mv	a0,a4
    19c2:	f12fe0ef          	jal	ra,d4 <__udivsi3>
    19c6:	85aa                	mv	a1,a0
    19c8:	4522                	lw	a0,8(sp)
    19ca:	eeafe0ef          	jal	ra,b4 <__mulsi3>
    19ce:	42c2                	lw	t0,16(sp)
    19d0:	863c                	lhu	a5,12(sp)
    19d2:	4362                	lw	t1,24(sp)
    19d4:	02c2                	slli	t0,t0,0x10
    19d6:	00f2e2b3          	or	t0,t0,a5
    19da:	00a2f863          	bgeu	t0,a0,19ea <__moddi3+0x332>
    19de:	929a                	add	t0,t0,t1
    19e0:	0062e563          	bltu	t0,t1,19ea <__moddi3+0x332>
    19e4:	00a2f363          	bgeu	t0,a0,19ea <__moddi3+0x332>
    19e8:	929a                	add	t0,t0,t1
    19ea:	40a282b3          	sub	t0,t0,a0
    19ee:	b591                	j	1832 <__moddi3+0x17a>
    19f0:	006655b3          	srl	a1,a2,t1
    19f4:	00e696b3          	sll	a3,a3,a4
    19f8:	8ecd                	or	a3,a3,a1
    19fa:	c236                	sw	a3,4(sp)
    19fc:	0062d433          	srl	s0,t0,t1
    1a00:	00e61633          	sll	a2,a2,a4
    1a04:	00e292b3          	sll	t0,t0,a4
    1a08:	cc3a                	sw	a4,24(sp)
    1a0a:	8238                	lhu	a4,4(sp)
    1a0c:	0106d493          	srli	s1,a3,0x10
    1a10:	0067d3b3          	srl	t2,a5,t1
    1a14:	ce3e                	sw	a5,28(sp)
    1a16:	85a6                	mv	a1,s1
    1a18:	0053e7b3          	or	a5,t2,t0
    1a1c:	8522                	mv	a0,s0
    1a1e:	d01a                	sw	t1,32(sp)
    1a20:	c43e                	sw	a5,8(sp)
    1a22:	c63a                	sw	a4,12(sp)
    1a24:	c832                	sw	a2,16(sp)
    1a26:	edafe0ef          	jal	ra,100 <__umodsi3>
    1a2a:	ca2a                	sw	a0,20(sp)
    1a2c:	85a6                	mv	a1,s1
    1a2e:	8522                	mv	a0,s0
    1a30:	ea4fe0ef          	jal	ra,d4 <__udivsi3>
    1a34:	85aa                	mv	a1,a0
    1a36:	842a                	mv	s0,a0
    1a38:	4532                	lw	a0,12(sp)
    1a3a:	e7afe0ef          	jal	ra,b4 <__mulsi3>
    1a3e:	47a2                	lw	a5,8(sp)
    1a40:	42d2                	lw	t0,20(sp)
    1a42:	4762                	lw	a4,24(sp)
    1a44:	0107d693          	srli	a3,a5,0x10
    1a48:	47f2                	lw	a5,28(sp)
    1a4a:	02c2                	slli	t0,t0,0x10
    1a4c:	00d2e6b3          	or	a3,t0,a3
    1a50:	00e797b3          	sll	a5,a5,a4
    1a54:	ca3e                	sw	a5,20(sp)
    1a56:	5302                	lw	t1,32(sp)
    1a58:	00a6fc63          	bgeu	a3,a0,1a70 <__moddi3+0x3b8>
    1a5c:	4612                	lw	a2,4(sp)
    1a5e:	fff40793          	addi	a5,s0,-1
    1a62:	96b2                	add	a3,a3,a2
    1a64:	12c6e763          	bltu	a3,a2,1b92 <__moddi3+0x4da>
    1a68:	12a6f563          	bgeu	a3,a0,1b92 <__moddi3+0x4da>
    1a6c:	1479                	addi	s0,s0,-2
    1a6e:	96b2                	add	a3,a3,a2
    1a70:	8e89                	sub	a3,a3,a0
    1a72:	85a6                	mv	a1,s1
    1a74:	8536                	mv	a0,a3
    1a76:	d23a                	sw	a4,36(sp)
    1a78:	d01a                	sw	t1,32(sp)
    1a7a:	ce36                	sw	a3,28(sp)
    1a7c:	e84fe0ef          	jal	ra,100 <__umodsi3>
    1a80:	46f2                	lw	a3,28(sp)
    1a82:	85a6                	mv	a1,s1
    1a84:	cc2a                	sw	a0,24(sp)
    1a86:	8536                	mv	a0,a3
    1a88:	e4cfe0ef          	jal	ra,d4 <__udivsi3>
    1a8c:	85aa                	mv	a1,a0
    1a8e:	84aa                	mv	s1,a0
    1a90:	4532                	lw	a0,12(sp)
    1a92:	e22fe0ef          	jal	ra,b4 <__mulsi3>
    1a96:	47e2                	lw	a5,24(sp)
    1a98:	8434                	lhu	a3,8(sp)
    1a9a:	5302                	lw	t1,32(sp)
    1a9c:	07c2                	slli	a5,a5,0x10
    1a9e:	8edd                	or	a3,a3,a5
    1aa0:	5712                	lw	a4,36(sp)
    1aa2:	00a6fc63          	bgeu	a3,a0,1aba <__moddi3+0x402>
    1aa6:	4612                	lw	a2,4(sp)
    1aa8:	fff48793          	addi	a5,s1,-1
    1aac:	96b2                	add	a3,a3,a2
    1aae:	0ec6e063          	bltu	a3,a2,1b8e <__moddi3+0x4d6>
    1ab2:	0ca6fe63          	bgeu	a3,a0,1b8e <__moddi3+0x4d6>
    1ab6:	14f9                	addi	s1,s1,-2
    1ab8:	96b2                	add	a3,a3,a2
    1aba:	4642                	lw	a2,16(sp)
    1abc:	01041293          	slli	t0,s0,0x10
    1ac0:	67c1                	lui	a5,0x10
    1ac2:	0092e2b3          	or	t0,t0,s1
    1ac6:	fff78393          	addi	t2,a5,-1 # ffff <_data_lma+0xdcf3>
    1aca:	0072f7b3          	and	a5,t0,t2
    1ace:	40a685b3          	sub	a1,a3,a0
    1ad2:	007673b3          	and	t2,a2,t2
    1ad6:	c42e                	sw	a1,8(sp)
    1ad8:	0102d293          	srli	t0,t0,0x10
    1adc:	01065413          	srli	s0,a2,0x10
    1ae0:	853e                	mv	a0,a5
    1ae2:	859e                	mv	a1,t2
    1ae4:	dd0fe0ef          	jal	ra,b4 <__mulsi3>
    1ae8:	84aa                	mv	s1,a0
    1aea:	85a2                	mv	a1,s0
    1aec:	853e                	mv	a0,a5
    1aee:	dc6fe0ef          	jal	ra,b4 <__mulsi3>
    1af2:	87aa                	mv	a5,a0
    1af4:	859e                	mv	a1,t2
    1af6:	8516                	mv	a0,t0
    1af8:	dbcfe0ef          	jal	ra,b4 <__mulsi3>
    1afc:	83aa                	mv	t2,a0
    1afe:	85a2                	mv	a1,s0
    1b00:	8516                	mv	a0,t0
    1b02:	db2fe0ef          	jal	ra,b4 <__mulsi3>
    1b06:	979e                	add	a5,a5,t2
    1b08:	0104d693          	srli	a3,s1,0x10
    1b0c:	97b6                	add	a5,a5,a3
    1b0e:	0077f463          	bgeu	a5,t2,1b16 <__moddi3+0x45e>
    1b12:	66c1                	lui	a3,0x10
    1b14:	9536                	add	a0,a0,a3
    1b16:	66c1                	lui	a3,0x10
    1b18:	16fd                	addi	a3,a3,-1
    1b1a:	0107d613          	srli	a2,a5,0x10
    1b1e:	8ff5                	and	a5,a5,a3
    1b20:	07c2                	slli	a5,a5,0x10
    1b22:	8cf5                	and	s1,s1,a3
    1b24:	94be                	add	s1,s1,a5
    1b26:	47a2                	lw	a5,8(sp)
    1b28:	962a                	add	a2,a2,a0
    1b2a:	02c7e963          	bltu	a5,a2,1b5c <__moddi3+0x4a4>
    1b2e:	02c78463          	beq	a5,a2,1b56 <__moddi3+0x49e>
    1b32:	47d2                	lw	a5,20(sp)
    1b34:	46a2                	lw	a3,8(sp)
    1b36:	409784b3          	sub	s1,a5,s1
    1b3a:	0097b5b3          	sltu	a1,a5,s1
    1b3e:	40c68633          	sub	a2,a3,a2
    1b42:	40b602b3          	sub	t0,a2,a1
    1b46:	00629533          	sll	a0,t0,t1
    1b4a:	00e4d4b3          	srl	s1,s1,a4
    1b4e:	8d45                	or	a0,a0,s1
    1b50:	00e2d5b3          	srl	a1,t0,a4
    1b54:	b369                	j	18de <__moddi3+0x226>
    1b56:	47d2                	lw	a5,20(sp)
    1b58:	fc97fde3          	bgeu	a5,s1,1b32 <__moddi3+0x47a>
    1b5c:	47c2                	lw	a5,16(sp)
    1b5e:	4692                	lw	a3,4(sp)
    1b60:	40f487b3          	sub	a5,s1,a5
    1b64:	00f4b4b3          	sltu	s1,s1,a5
    1b68:	94b6                	add	s1,s1,a3
    1b6a:	8e05                	sub	a2,a2,s1
    1b6c:	84be                	mv	s1,a5
    1b6e:	b7d1                	j	1b32 <__moddi3+0x47a>
    1b70:	01035693          	srli	a3,t1,0x10
    1b74:	44c1                	li	s1,16
    1b76:	b179                	j	1804 <__moddi3+0x14c>
    1b78:	0106d313          	srli	t1,a3,0x10
    1b7c:	45c1                	li	a1,16
    1b7e:	bb2d                	j	18b8 <__moddi3+0x200>
    1b80:	01065693          	srli	a3,a2,0x10
    1b84:	44c1                	li	s1,16
    1b86:	bebd                	j	1704 <__moddi3+0x4c>
    1b88:	8336                	mv	t1,a3
    1b8a:	4581                	li	a1,0
    1b8c:	b335                	j	18b8 <__moddi3+0x200>
    1b8e:	84be                	mv	s1,a5
    1b90:	b72d                	j	1aba <__moddi3+0x402>
    1b92:	843e                	mv	s0,a5
    1b94:	bdf1                	j	1a70 <__moddi3+0x3b8>
    1b96:	979a                	add	a5,a5,t1
    1b98:	b6cd                	j	177a <__moddi3+0xc2>

00001b9a <__udivdi3>:
    1b9a:	fd410113          	addi	sp,sp,-44
    1b9e:	d406                	sw	ra,40(sp)
    1ba0:	d222                	sw	s0,36(sp)
    1ba2:	d026                	sw	s1,32(sp)
    1ba4:	872a                	mv	a4,a0
    1ba6:	87ae                	mv	a5,a1
    1ba8:	20069163          	bnez	a3,1daa <__udivdi3+0x210>
    1bac:	84b6                	mv	s1,a3
    1bae:	8332                	mv	t1,a2
    1bb0:	842a                	mv	s0,a0
    1bb2:	0ec5fe63          	bgeu	a1,a2,1cae <__udivdi3+0x114>
    1bb6:	66c1                	lui	a3,0x10
    1bb8:	82ae                	mv	t0,a1
    1bba:	26d66363          	bltu	a2,a3,1e20 <__udivdi3+0x286>
    1bbe:	010006b7          	lui	a3,0x1000
    1bc2:	48d66763          	bltu	a2,a3,2050 <__udivdi3+0x4b6>
    1bc6:	01865593          	srli	a1,a2,0x18
    1bca:	44e1                	li	s1,24
    1bcc:	00000697          	auipc	a3,0x0
    1bd0:	64068693          	addi	a3,a3,1600 # 220c <__clz_tab>
    1bd4:	96ae                	add	a3,a3,a1
    1bd6:	2294                	lbu	a3,0(a3)
    1bd8:	94b6                	add	s1,s1,a3
    1bda:	02000693          	li	a3,32
    1bde:	8e85                	sub	a3,a3,s1
    1be0:	ca99                	beqz	a3,1bf6 <__udivdi3+0x5c>
    1be2:	00d797b3          	sll	a5,a5,a3
    1be6:	009754b3          	srl	s1,a4,s1
    1bea:	00d61333          	sll	t1,a2,a3
    1bee:	00f4e2b3          	or	t0,s1,a5
    1bf2:	00d71433          	sll	s0,a4,a3
    1bf6:	01035493          	srli	s1,t1,0x10
    1bfa:	85a6                	mv	a1,s1
    1bfc:	8516                	mv	a0,t0
    1bfe:	c21a                	sw	t1,4(sp)
    1c00:	c016                	sw	t0,0(sp)
    1c02:	cfefe0ef          	jal	ra,100 <__umodsi3>
    1c06:	4312                	lw	t1,4(sp)
    1c08:	4282                	lw	t0,0(sp)
    1c0a:	c62a                	sw	a0,12(sp)
    1c0c:	01031793          	slli	a5,t1,0x10
    1c10:	83c1                	srli	a5,a5,0x10
    1c12:	85a6                	mv	a1,s1
    1c14:	8516                	mv	a0,t0
    1c16:	c41a                	sw	t1,8(sp)
    1c18:	c03e                	sw	a5,0(sp)
    1c1a:	cbafe0ef          	jal	ra,d4 <__udivsi3>
    1c1e:	85aa                	mv	a1,a0
    1c20:	c22a                	sw	a0,4(sp)
    1c22:	4502                	lw	a0,0(sp)
    1c24:	c90fe0ef          	jal	ra,b4 <__mulsi3>
    1c28:	4732                	lw	a4,12(sp)
    1c2a:	01045793          	srli	a5,s0,0x10
    1c2e:	4692                	lw	a3,4(sp)
    1c30:	0742                	slli	a4,a4,0x10
    1c32:	8fd9                	or	a5,a5,a4
    1c34:	4322                	lw	t1,8(sp)
    1c36:	00a7fa63          	bgeu	a5,a0,1c4a <__udivdi3+0xb0>
    1c3a:	979a                	add	a5,a5,t1
    1c3c:	fff68713          	addi	a4,a3,-1
    1c40:	0067e463          	bltu	a5,t1,1c48 <__udivdi3+0xae>
    1c44:	42a7ec63          	bltu	a5,a0,207c <__udivdi3+0x4e2>
    1c48:	86ba                	mv	a3,a4
    1c4a:	8f89                	sub	a5,a5,a0
    1c4c:	85a6                	mv	a1,s1
    1c4e:	853e                	mv	a0,a5
    1c50:	c636                	sw	a3,12(sp)
    1c52:	c81a                	sw	t1,16(sp)
    1c54:	c43e                	sw	a5,8(sp)
    1c56:	caafe0ef          	jal	ra,100 <__umodsi3>
    1c5a:	47a2                	lw	a5,8(sp)
    1c5c:	85a6                	mv	a1,s1
    1c5e:	c22a                	sw	a0,4(sp)
    1c60:	853e                	mv	a0,a5
    1c62:	c72fe0ef          	jal	ra,d4 <__udivsi3>
    1c66:	85aa                	mv	a1,a0
    1c68:	84aa                	mv	s1,a0
    1c6a:	4502                	lw	a0,0(sp)
    1c6c:	0442                	slli	s0,s0,0x10
    1c6e:	8041                	srli	s0,s0,0x10
    1c70:	c44fe0ef          	jal	ra,b4 <__mulsi3>
    1c74:	4292                	lw	t0,4(sp)
    1c76:	46b2                	lw	a3,12(sp)
    1c78:	02c2                	slli	t0,t0,0x10
    1c7a:	0082e433          	or	s0,t0,s0
    1c7e:	00a47c63          	bgeu	s0,a0,1c96 <__udivdi3+0xfc>
    1c82:	4342                	lw	t1,16(sp)
    1c84:	fff48793          	addi	a5,s1,-1
    1c88:	941a                	add	s0,s0,t1
    1c8a:	00646563          	bltu	s0,t1,1c94 <__udivdi3+0xfa>
    1c8e:	14f9                	addi	s1,s1,-2
    1c90:	00a46363          	bltu	s0,a0,1c96 <__udivdi3+0xfc>
    1c94:	84be                	mv	s1,a5
    1c96:	01069793          	slli	a5,a3,0x10
    1c9a:	0097e533          	or	a0,a5,s1
    1c9e:	4681                	li	a3,0
    1ca0:	85b6                	mv	a1,a3
    1ca2:	50a2                	lw	ra,40(sp)
    1ca4:	5412                	lw	s0,36(sp)
    1ca6:	5482                	lw	s1,32(sp)
    1ca8:	02c10113          	addi	sp,sp,44
    1cac:	8082                	ret
    1cae:	ea11                	bnez	a2,1cc2 <__udivdi3+0x128>
    1cb0:	c22e                	sw	a1,4(sp)
    1cb2:	c02a                	sw	a0,0(sp)
    1cb4:	4581                	li	a1,0
    1cb6:	4505                	li	a0,1
    1cb8:	c1cfe0ef          	jal	ra,d4 <__udivsi3>
    1cbc:	4792                	lw	a5,4(sp)
    1cbe:	4702                	lw	a4,0(sp)
    1cc0:	832a                	mv	t1,a0
    1cc2:	66c1                	lui	a3,0x10
    1cc4:	14d36563          	bltu	t1,a3,1e0e <__udivdi3+0x274>
    1cc8:	010006b7          	lui	a3,0x1000
    1ccc:	38d36663          	bltu	t1,a3,2058 <__udivdi3+0x4be>
    1cd0:	01835613          	srli	a2,t1,0x18
    1cd4:	44e1                	li	s1,24
    1cd6:	00000697          	auipc	a3,0x0
    1cda:	53668693          	addi	a3,a3,1334 # 220c <__clz_tab>
    1cde:	96b2                	add	a3,a3,a2
    1ce0:	0006c283          	lbu	t0,0(a3)
    1ce4:	02000613          	li	a2,32
    1ce8:	92a6                	add	t0,t0,s1
    1cea:	40560633          	sub	a2,a2,t0
    1cee:	14061263          	bnez	a2,1e32 <__udivdi3+0x298>
    1cf2:	01031713          	slli	a4,t1,0x10
    1cf6:	8341                	srli	a4,a4,0x10
    1cf8:	406787b3          	sub	a5,a5,t1
    1cfc:	01035493          	srli	s1,t1,0x10
    1d00:	c03a                	sw	a4,0(sp)
    1d02:	4685                	li	a3,1
    1d04:	85a6                	mv	a1,s1
    1d06:	853e                	mv	a0,a5
    1d08:	c836                	sw	a3,16(sp)
    1d0a:	c61a                	sw	t1,12(sp)
    1d0c:	c23e                	sw	a5,4(sp)
    1d0e:	bf2fe0ef          	jal	ra,100 <__umodsi3>
    1d12:	4792                	lw	a5,4(sp)
    1d14:	c42a                	sw	a0,8(sp)
    1d16:	85a6                	mv	a1,s1
    1d18:	853e                	mv	a0,a5
    1d1a:	bbafe0ef          	jal	ra,d4 <__udivsi3>
    1d1e:	4582                	lw	a1,0(sp)
    1d20:	c22a                	sw	a0,4(sp)
    1d22:	b92fe0ef          	jal	ra,b4 <__mulsi3>
    1d26:	4722                	lw	a4,8(sp)
    1d28:	01045793          	srli	a5,s0,0x10
    1d2c:	4332                	lw	t1,12(sp)
    1d2e:	0742                	slli	a4,a4,0x10
    1d30:	8fd9                	or	a5,a5,a4
    1d32:	46c2                	lw	a3,16(sp)
    1d34:	00a7fb63          	bgeu	a5,a0,1d4a <__udivdi3+0x1b0>
    1d38:	4612                	lw	a2,4(sp)
    1d3a:	979a                	add	a5,a5,t1
    1d3c:	fff60713          	addi	a4,a2,-1
    1d40:	0067e463          	bltu	a5,t1,1d48 <__udivdi3+0x1ae>
    1d44:	32a7ef63          	bltu	a5,a0,2082 <__udivdi3+0x4e8>
    1d48:	c23a                	sw	a4,4(sp)
    1d4a:	8f89                	sub	a5,a5,a0
    1d4c:	85a6                	mv	a1,s1
    1d4e:	853e                	mv	a0,a5
    1d50:	c836                	sw	a3,16(sp)
    1d52:	ca1a                	sw	t1,20(sp)
    1d54:	c63e                	sw	a5,12(sp)
    1d56:	baafe0ef          	jal	ra,100 <__umodsi3>
    1d5a:	47b2                	lw	a5,12(sp)
    1d5c:	85a6                	mv	a1,s1
    1d5e:	c42a                	sw	a0,8(sp)
    1d60:	853e                	mv	a0,a5
    1d62:	b72fe0ef          	jal	ra,d4 <__udivsi3>
    1d66:	4582                	lw	a1,0(sp)
    1d68:	84aa                	mv	s1,a0
    1d6a:	0442                	slli	s0,s0,0x10
    1d6c:	b48fe0ef          	jal	ra,b4 <__mulsi3>
    1d70:	42a2                	lw	t0,8(sp)
    1d72:	8041                	srli	s0,s0,0x10
    1d74:	46c2                	lw	a3,16(sp)
    1d76:	02c2                	slli	t0,t0,0x10
    1d78:	0082e433          	or	s0,t0,s0
    1d7c:	00a47c63          	bgeu	s0,a0,1d94 <__udivdi3+0x1fa>
    1d80:	4352                	lw	t1,20(sp)
    1d82:	fff48793          	addi	a5,s1,-1
    1d86:	941a                	add	s0,s0,t1
    1d88:	00646563          	bltu	s0,t1,1d92 <__udivdi3+0x1f8>
    1d8c:	14f9                	addi	s1,s1,-2
    1d8e:	00a46363          	bltu	s0,a0,1d94 <__udivdi3+0x1fa>
    1d92:	84be                	mv	s1,a5
    1d94:	4792                	lw	a5,4(sp)
    1d96:	07c2                	slli	a5,a5,0x10
    1d98:	0097e533          	or	a0,a5,s1
    1d9c:	85b6                	mv	a1,a3
    1d9e:	50a2                	lw	ra,40(sp)
    1da0:	5412                	lw	s0,36(sp)
    1da2:	5482                	lw	s1,32(sp)
    1da4:	02c10113          	addi	sp,sp,44
    1da8:	8082                	ret
    1daa:	04d5e163          	bltu	a1,a3,1dec <__udivdi3+0x252>
    1dae:	65c1                	lui	a1,0x10
    1db0:	04b6e763          	bltu	a3,a1,1dfe <__udivdi3+0x264>
    1db4:	010005b7          	lui	a1,0x1000
    1db8:	28b6e863          	bltu	a3,a1,2048 <__udivdi3+0x4ae>
    1dbc:	0186d593          	srli	a1,a3,0x18
    1dc0:	4361                	li	t1,24
    1dc2:	00000517          	auipc	a0,0x0
    1dc6:	44a50513          	addi	a0,a0,1098 # 220c <__clz_tab>
    1dca:	952e                	add	a0,a0,a1
    1dcc:	210c                	lbu	a1,0(a0)
    1dce:	959a                	add	a1,a1,t1
    1dd0:	02000313          	li	t1,32
    1dd4:	40b30333          	sub	t1,t1,a1
    1dd8:	10031d63          	bnez	t1,1ef2 <__udivdi3+0x358>
    1ddc:	28f6e263          	bltu	a3,a5,2060 <__udivdi3+0x4c6>
    1de0:	00c737b3          	sltu	a5,a4,a2
    1de4:	0017c513          	xori	a0,a5,1
    1de8:	4681                	li	a3,0
    1dea:	a019                	j	1df0 <__udivdi3+0x256>
    1dec:	4681                	li	a3,0
    1dee:	4501                	li	a0,0
    1df0:	85b6                	mv	a1,a3
    1df2:	50a2                	lw	ra,40(sp)
    1df4:	5412                	lw	s0,36(sp)
    1df6:	5482                	lw	s1,32(sp)
    1df8:	02c10113          	addi	sp,sp,44
    1dfc:	8082                	ret
    1dfe:	0ff00593          	li	a1,255
    1e02:	26d5f263          	bgeu	a1,a3,2066 <__udivdi3+0x4cc>
    1e06:	0086d593          	srli	a1,a3,0x8
    1e0a:	4321                	li	t1,8
    1e0c:	bf5d                	j	1dc2 <__udivdi3+0x228>
    1e0e:	0ff00693          	li	a3,255
    1e12:	861a                	mv	a2,t1
    1e14:	ec66f1e3          	bgeu	a3,t1,1cd6 <__udivdi3+0x13c>
    1e18:	00835613          	srli	a2,t1,0x8
    1e1c:	44a1                	li	s1,8
    1e1e:	bd65                	j	1cd6 <__udivdi3+0x13c>
    1e20:	0ff00693          	li	a3,255
    1e24:	85b2                	mv	a1,a2
    1e26:	dac6f3e3          	bgeu	a3,a2,1bcc <__udivdi3+0x32>
    1e2a:	00865593          	srli	a1,a2,0x8
    1e2e:	44a1                	li	s1,8
    1e30:	bb71                	j	1bcc <__udivdi3+0x32>
    1e32:	00c31333          	sll	t1,t1,a2
    1e36:	0057d6b3          	srl	a3,a5,t0
    1e3a:	01035493          	srli	s1,t1,0x10
    1e3e:	00c797b3          	sll	a5,a5,a2
    1e42:	005752b3          	srl	t0,a4,t0
    1e46:	00c71433          	sll	s0,a4,a2
    1e4a:	01031713          	slli	a4,t1,0x10
    1e4e:	00f2e7b3          	or	a5,t0,a5
    1e52:	8341                	srli	a4,a4,0x10
    1e54:	85a6                	mv	a1,s1
    1e56:	8536                	mv	a0,a3
    1e58:	c23e                	sw	a5,4(sp)
    1e5a:	c81a                	sw	t1,16(sp)
    1e5c:	c03a                	sw	a4,0(sp)
    1e5e:	c436                	sw	a3,8(sp)
    1e60:	aa0fe0ef          	jal	ra,100 <__umodsi3>
    1e64:	46a2                	lw	a3,8(sp)
    1e66:	c62a                	sw	a0,12(sp)
    1e68:	85a6                	mv	a1,s1
    1e6a:	8536                	mv	a0,a3
    1e6c:	a68fe0ef          	jal	ra,d4 <__udivsi3>
    1e70:	85aa                	mv	a1,a0
    1e72:	c42a                	sw	a0,8(sp)
    1e74:	4502                	lw	a0,0(sp)
    1e76:	a3efe0ef          	jal	ra,b4 <__mulsi3>
    1e7a:	4632                	lw	a2,12(sp)
    1e7c:	4792                	lw	a5,4(sp)
    1e7e:	46a2                	lw	a3,8(sp)
    1e80:	0642                	slli	a2,a2,0x10
    1e82:	83c1                	srli	a5,a5,0x10
    1e84:	8fd1                	or	a5,a5,a2
    1e86:	4342                	lw	t1,16(sp)
    1e88:	00a7fb63          	bgeu	a5,a0,1e9e <__udivdi3+0x304>
    1e8c:	979a                	add	a5,a5,t1
    1e8e:	fff68713          	addi	a4,a3,-1
    1e92:	1e67e363          	bltu	a5,t1,2078 <__udivdi3+0x4de>
    1e96:	1ea7f163          	bgeu	a5,a0,2078 <__udivdi3+0x4de>
    1e9a:	16f9                	addi	a3,a3,-2
    1e9c:	979a                	add	a5,a5,t1
    1e9e:	40a78733          	sub	a4,a5,a0
    1ea2:	85a6                	mv	a1,s1
    1ea4:	853a                	mv	a0,a4
    1ea6:	ca36                	sw	a3,20(sp)
    1ea8:	c81a                	sw	t1,16(sp)
    1eaa:	c43a                	sw	a4,8(sp)
    1eac:	a54fe0ef          	jal	ra,100 <__umodsi3>
    1eb0:	4722                	lw	a4,8(sp)
    1eb2:	c62a                	sw	a0,12(sp)
    1eb4:	85a6                	mv	a1,s1
    1eb6:	853a                	mv	a0,a4
    1eb8:	a1cfe0ef          	jal	ra,d4 <__udivsi3>
    1ebc:	85aa                	mv	a1,a0
    1ebe:	c42a                	sw	a0,8(sp)
    1ec0:	4502                	lw	a0,0(sp)
    1ec2:	9f2fe0ef          	jal	ra,b4 <__mulsi3>
    1ec6:	47b2                	lw	a5,12(sp)
    1ec8:	8230                	lhu	a2,4(sp)
    1eca:	4722                	lw	a4,8(sp)
    1ecc:	07c2                	slli	a5,a5,0x10
    1ece:	8fd1                	or	a5,a5,a2
    1ed0:	4342                	lw	t1,16(sp)
    1ed2:	46d2                	lw	a3,20(sp)
    1ed4:	00a7fb63          	bgeu	a5,a0,1eea <__udivdi3+0x350>
    1ed8:	979a                	add	a5,a5,t1
    1eda:	fff70613          	addi	a2,a4,-1 # ffffff <_data_lma+0xffdcf3>
    1ede:	1867e963          	bltu	a5,t1,2070 <__udivdi3+0x4d6>
    1ee2:	18a7f763          	bgeu	a5,a0,2070 <__udivdi3+0x4d6>
    1ee6:	1779                	addi	a4,a4,-2
    1ee8:	979a                	add	a5,a5,t1
    1eea:	06c2                	slli	a3,a3,0x10
    1eec:	8f89                	sub	a5,a5,a0
    1eee:	8ed9                	or	a3,a3,a4
    1ef0:	bd11                	j	1d04 <__udivdi3+0x16a>
    1ef2:	00b65533          	srl	a0,a2,a1
    1ef6:	006696b3          	sll	a3,a3,t1
    1efa:	8ec9                	or	a3,a3,a0
    1efc:	00b753b3          	srl	t2,a4,a1
    1f00:	cc3a                	sw	a4,24(sp)
    1f02:	00661733          	sll	a4,a2,t1
    1f06:	0106d413          	srli	s0,a3,0x10
    1f0a:	00b7d4b3          	srl	s1,a5,a1
    1f0e:	c43a                	sw	a4,8(sp)
    1f10:	006797b3          	sll	a5,a5,t1
    1f14:	01069713          	slli	a4,a3,0x10
    1f18:	00f3e7b3          	or	a5,t2,a5
    1f1c:	8341                	srli	a4,a4,0x10
    1f1e:	85a2                	mv	a1,s0
    1f20:	8526                	mv	a0,s1
    1f22:	c03e                	sw	a5,0(sp)
    1f24:	ca1a                	sw	t1,20(sp)
    1f26:	c836                	sw	a3,16(sp)
    1f28:	c23a                	sw	a4,4(sp)
    1f2a:	9d6fe0ef          	jal	ra,100 <__umodsi3>
    1f2e:	c62a                	sw	a0,12(sp)
    1f30:	85a2                	mv	a1,s0
    1f32:	8526                	mv	a0,s1
    1f34:	9a0fe0ef          	jal	ra,d4 <__udivsi3>
    1f38:	85aa                	mv	a1,a0
    1f3a:	84aa                	mv	s1,a0
    1f3c:	4512                	lw	a0,4(sp)
    1f3e:	976fe0ef          	jal	ra,b4 <__mulsi3>
    1f42:	43b2                	lw	t2,12(sp)
    1f44:	4782                	lw	a5,0(sp)
    1f46:	46c2                	lw	a3,16(sp)
    1f48:	03c2                	slli	t2,t2,0x10
    1f4a:	0107d613          	srli	a2,a5,0x10
    1f4e:	00c3e633          	or	a2,t2,a2
    1f52:	4352                	lw	t1,20(sp)
    1f54:	4762                	lw	a4,24(sp)
    1f56:	00a67b63          	bgeu	a2,a0,1f6c <__udivdi3+0x3d2>
    1f5a:	9636                	add	a2,a2,a3
    1f5c:	fff48593          	addi	a1,s1,-1
    1f60:	10d66a63          	bltu	a2,a3,2074 <__udivdi3+0x4da>
    1f64:	10a67863          	bgeu	a2,a0,2074 <__udivdi3+0x4da>
    1f68:	14f9                	addi	s1,s1,-2
    1f6a:	9636                	add	a2,a2,a3
    1f6c:	8e09                	sub	a2,a2,a0
    1f6e:	85a2                	mv	a1,s0
    1f70:	8532                	mv	a0,a2
    1f72:	cc3a                	sw	a4,24(sp)
    1f74:	ca1a                	sw	t1,20(sp)
    1f76:	ce36                	sw	a3,28(sp)
    1f78:	c832                	sw	a2,16(sp)
    1f7a:	986fe0ef          	jal	ra,100 <__umodsi3>
    1f7e:	4642                	lw	a2,16(sp)
    1f80:	85a2                	mv	a1,s0
    1f82:	c62a                	sw	a0,12(sp)
    1f84:	8532                	mv	a0,a2
    1f86:	94efe0ef          	jal	ra,d4 <__udivsi3>
    1f8a:	85aa                	mv	a1,a0
    1f8c:	842a                	mv	s0,a0
    1f8e:	4512                	lw	a0,4(sp)
    1f90:	924fe0ef          	jal	ra,b4 <__mulsi3>
    1f94:	42b2                	lw	t0,12(sp)
    1f96:	8030                	lhu	a2,0(sp)
    1f98:	4352                	lw	t1,20(sp)
    1f9a:	02c2                	slli	t0,t0,0x10
    1f9c:	00c2e633          	or	a2,t0,a2
    1fa0:	4762                	lw	a4,24(sp)
    1fa2:	00a67c63          	bgeu	a2,a0,1fba <__udivdi3+0x420>
    1fa6:	46f2                	lw	a3,28(sp)
    1fa8:	fff40593          	addi	a1,s0,-1
    1fac:	9636                	add	a2,a2,a3
    1fae:	0ad66f63          	bltu	a2,a3,206c <__udivdi3+0x4d2>
    1fb2:	0aa67d63          	bgeu	a2,a0,206c <__udivdi3+0x4d2>
    1fb6:	1479                	addi	s0,s0,-2
    1fb8:	9636                	add	a2,a2,a3
    1fba:	66c1                	lui	a3,0x10
    1fbc:	fff68293          	addi	t0,a3,-1 # ffff <_data_lma+0xdcf3>
    1fc0:	46a2                	lw	a3,8(sp)
    1fc2:	01049793          	slli	a5,s1,0x10
    1fc6:	8fc1                	or	a5,a5,s0
    1fc8:	0057f433          	and	s0,a5,t0
    1fcc:	8e09                	sub	a2,a2,a0
    1fce:	0056f2b3          	and	t0,a3,t0
    1fd2:	c232                	sw	a2,4(sp)
    1fd4:	0107d393          	srli	t2,a5,0x10
    1fd8:	0106d493          	srli	s1,a3,0x10
    1fdc:	8522                	mv	a0,s0
    1fde:	8596                	mv	a1,t0
    1fe0:	8d4fe0ef          	jal	ra,b4 <__mulsi3>
    1fe4:	c02a                	sw	a0,0(sp)
    1fe6:	85a6                	mv	a1,s1
    1fe8:	8522                	mv	a0,s0
    1fea:	8cafe0ef          	jal	ra,b4 <__mulsi3>
    1fee:	842a                	mv	s0,a0
    1ff0:	8596                	mv	a1,t0
    1ff2:	851e                	mv	a0,t2
    1ff4:	8c0fe0ef          	jal	ra,b4 <__mulsi3>
    1ff8:	82aa                	mv	t0,a0
    1ffa:	85a6                	mv	a1,s1
    1ffc:	851e                	mv	a0,t2
    1ffe:	8b6fe0ef          	jal	ra,b4 <__mulsi3>
    2002:	4682                	lw	a3,0(sp)
    2004:	9416                	add	s0,s0,t0
    2006:	82c1                	srli	a3,a3,0x10
    2008:	9436                	add	s0,s0,a3
    200a:	00547463          	bgeu	s0,t0,2012 <__udivdi3+0x478>
    200e:	66c1                	lui	a3,0x10
    2010:	9536                	add	a0,a0,a3
    2012:	01045693          	srli	a3,s0,0x10
    2016:	9536                	add	a0,a0,a3
    2018:	4692                	lw	a3,4(sp)
    201a:	02a6e363          	bltu	a3,a0,2040 <__udivdi3+0x4a6>
    201e:	00a68563          	beq	a3,a0,2028 <__udivdi3+0x48e>
    2022:	853e                	mv	a0,a5
    2024:	4681                	li	a3,0
    2026:	b3e9                	j	1df0 <__udivdi3+0x256>
    2028:	6641                	lui	a2,0x10
    202a:	4582                	lw	a1,0(sp)
    202c:	167d                	addi	a2,a2,-1
    202e:	00c476b3          	and	a3,s0,a2
    2032:	06c2                	slli	a3,a3,0x10
    2034:	8e6d                	and	a2,a2,a1
    2036:	00671733          	sll	a4,a4,t1
    203a:	96b2                	add	a3,a3,a2
    203c:	fed773e3          	bgeu	a4,a3,2022 <__udivdi3+0x488>
    2040:	fff78513          	addi	a0,a5,-1
    2044:	4681                	li	a3,0
    2046:	b36d                	j	1df0 <__udivdi3+0x256>
    2048:	0106d593          	srli	a1,a3,0x10
    204c:	4341                	li	t1,16
    204e:	bb95                	j	1dc2 <__udivdi3+0x228>
    2050:	01065593          	srli	a1,a2,0x10
    2054:	44c1                	li	s1,16
    2056:	be9d                	j	1bcc <__udivdi3+0x32>
    2058:	01035613          	srli	a2,t1,0x10
    205c:	44c1                	li	s1,16
    205e:	b9a5                	j	1cd6 <__udivdi3+0x13c>
    2060:	4681                	li	a3,0
    2062:	4505                	li	a0,1
    2064:	b371                	j	1df0 <__udivdi3+0x256>
    2066:	85b6                	mv	a1,a3
    2068:	4301                	li	t1,0
    206a:	bba1                	j	1dc2 <__udivdi3+0x228>
    206c:	842e                	mv	s0,a1
    206e:	b7b1                	j	1fba <__udivdi3+0x420>
    2070:	8732                	mv	a4,a2
    2072:	bda5                	j	1eea <__udivdi3+0x350>
    2074:	84ae                	mv	s1,a1
    2076:	bddd                	j	1f6c <__udivdi3+0x3d2>
    2078:	86ba                	mv	a3,a4
    207a:	b515                	j	1e9e <__udivdi3+0x304>
    207c:	16f9                	addi	a3,a3,-2
    207e:	979a                	add	a5,a5,t1
    2080:	b6e9                	j	1c4a <__udivdi3+0xb0>
    2082:	ffe60713          	addi	a4,a2,-2 # fffe <_data_lma+0xdcf2>
    2086:	c23a                	sw	a4,4(sp)
    2088:	979a                	add	a5,a5,t1
    208a:	b1c1                	j	1d4a <__udivdi3+0x1b0>

0000208c <__muldi3>:
    208c:	1121                	addi	sp,sp,-24
    208e:	c22a                	sw	a0,4(sp)
    2090:	c036                	sw	a3,0(sp)
    2092:	ca06                	sw	ra,20(sp)
    2094:	86aa                	mv	a3,a0
    2096:	c822                	sw	s0,16(sp)
    2098:	c626                	sw	s1,12(sp)
    209a:	8732                	mv	a4,a2
    209c:	c432                	sw	a2,8(sp)
    209e:	4781                	li	a5,0
    20a0:	4501                	li	a0,0
    20a2:	4301                	li	t1,0
    20a4:	00668633          	add	a2,a3,t1
    20a8:	00177393          	andi	t2,a4,1
    20ac:	00f50433          	add	s0,a0,a5
    20b0:	01f6d293          	srli	t0,a3,0x1f
    20b4:	8305                	srli	a4,a4,0x1
    20b6:	006634b3          	sltu	s1,a2,t1
    20ba:	0786                	slli	a5,a5,0x1
    20bc:	00038563          	beqz	t2,20c6 <__muldi3+0x3a>
    20c0:	00848533          	add	a0,s1,s0
    20c4:	8332                	mv	t1,a2
    20c6:	0686                	slli	a3,a3,0x1
    20c8:	0057e7b3          	or	a5,a5,t0
    20cc:	ff61                	bnez	a4,20a4 <__muldi3+0x18>
    20ce:	87aa                	mv	a5,a0
    20d0:	c589                	beqz	a1,20da <__muldi3+0x4e>
    20d2:	4522                	lw	a0,8(sp)
    20d4:	fe1fd0ef          	jal	ra,b4 <__mulsi3>
    20d8:	97aa                	add	a5,a5,a0
    20da:	4702                	lw	a4,0(sp)
    20dc:	c711                	beqz	a4,20e8 <__muldi3+0x5c>
    20de:	4512                	lw	a0,4(sp)
    20e0:	85ba                	mv	a1,a4
    20e2:	fd3fd0ef          	jal	ra,b4 <__mulsi3>
    20e6:	97aa                	add	a5,a5,a0
    20e8:	40d2                	lw	ra,20(sp)
    20ea:	4442                	lw	s0,16(sp)
    20ec:	44b2                	lw	s1,12(sp)
    20ee:	851a                	mv	a0,t1
    20f0:	85be                	mv	a1,a5
    20f2:	0161                	addi	sp,sp,24
    20f4:	8082                	ret
    20f6:	0000                	unimp
    20f8:	655a                	flw	fa0,148(sp)
    20fa:	6f72                	flw	ft10,28(sp)
    20fc:	206c6143          	fmadd.s	ft2,fs8,ft6,ft4,unknown
    2100:	7366666f          	jal	a2,68836 <_data_lma+0x6652a>
    2104:	7465                	lui	s0,0xffff9
    2106:	003d                	c.nop	15
    2108:	416d                	li	sp,27
    210a:	0a0d                	addi	s4,s4,3
    210c:	0000                	unimp
    210e:	0000                	unimp
    2110:	7366664f          	fnmadd.d	fa2,fa2,fs6,fa4,unknown
    2114:	7465                	lui	s0,0xffff9
    2116:	003d                	c.nop	15
    2118:	6e696147          	fmsub.q	ft2,fs2,ft6,fa3,unknown
    211c:	003d                	c.nop	15
    211e:	0000                	unimp
    2120:	3030312f          	0x3030312f
    2124:	0d30                	addi	a2,sp,664
    2126:	000a                	c.slli	zero,0x2
    2128:	696c6143          	fmadd.s	ft2,fs8,fs6,fa3,unknown
    212c:	2062                	lhu	s0,6(s0)
    212e:	6572                	flw	fa0,28(sp)
    2130:	0d746573          	csrrsi	a0,0xd7,8
    2134:	000a                	c.slli	zero,0x2
    2136:	0000                	unimp
    2138:	6e75                	lui	t3,0x1d
    213a:	776f6e6b          	0x776f6e6b
    213e:	206e                	lhu	a1,6(s0)
    2140:	0d646d63          	bltu	s0,s6,221a <__clz_tab+0xe>
    2144:	000a                	c.slli	zero,0x2
    2146:	0000                	unimp
    2148:	0a0d                	addi	s4,s4,3
    214a:	3d3d                	jal	1f88 <__udivdi3+0x3ee>
    214c:	203d                	jal	217a <__muldi3+0xee>
    214e:	3430                	lbu	a2,11(s0)
    2150:	645f 6d65 5f6f      	0x5f6f6d65645f
    2156:	6f70                	flw	fa2,92(a4)
    2158:	5f726577          	0x5f726577
    215c:	6e69                	lui	t3,0x1a
    215e:	6574                	flw	fa3,76(a0)
    2160:	6c617267          	0x6c617267
    2164:	3d20                	lbu	s0,27(a0)
    2166:	3d3d                	jal	1fa4 <__udivdi3+0x40a>
    2168:	0a0d                	addi	s4,s4,3
    216a:	0000                	unimp
    216c:	4e49                	li	t3,18
    216e:	3241                	jal	1aee <__moddi3+0x436>
    2170:	3632                	lhu	a2,42(a2)
    2172:	4f20                	lw	s0,88(a4)
    2174:	000a0d4b          	fnmsub.s	fs10,fs4,ft0,ft0,rne
    2178:	4e49                	li	t3,18
    217a:	3241                	jal	1afa <__moddi3+0x442>
    217c:	3632                	lhu	a2,42(a2)
    217e:	4620                	lw	s0,72(a2)
    2180:	4941                	li	s2,16
    2182:	2c4c                	lbu	a1,28(s0)
    2184:	4920                	lw	s0,80(a0)
    2186:	3d44                	lbu	s1,29(a0)
    2188:	7830                	flw	fa2,112(s0)
    218a:	0000                	unimp
    218c:	696c6143          	fmadd.s	ft2,fs8,fs6,fa3,unknown
    2190:	3a62                	lhu	s0,54(a2)
    2192:	6f20                	flw	fs0,88(a4)
    2194:	6666                	flw	fa2,88(sp)
    2196:	3d746573          	csrrsi	a0,0x3d7,8
    219a:	0000                	unimp
    219c:	416d                	li	sp,27
    219e:	6720                	flw	fs0,72(a4)
    21a0:	6961                	lui	s2,0x18
    21a2:	3d6e                	lhu	a1,62(a0)
    21a4:	0000                	unimp
    21a6:	0000                	unimp
    21a8:	3a646d43          	fmadd.d	fs10,fs0,ft6,ft7,unknown
    21ac:	5a20                	lw	s0,112(a2)
    21ae:	7a3d                	lui	s4,0xfffef
    21b0:	7265                	lui	tp,0xffff9
    21b2:	61632d6f          	jal	s10,347c8 <_data_lma+0x324bc>
    21b6:	206c                	lbu	a1,6(s0)
    21b8:	4f20                	lw	s0,88(a4)
    21ba:	6f3c                	flw	fa5,88(a4)
    21bc:	6666                	flw	fa2,88(sp)
    21be:	3d3e                	lhu	a5,58(a0)
    21c0:	20746573          	csrrsi	a0,0x207,8
    21c4:	7366666f          	jal	a2,688fa <_data_lma+0x665ee>
    21c8:	7465                	lui	s0,0xffff9
    21ca:	2020                	lbu	s0,2(s0)
    21cc:	61673c47          	fmsub.s	fs8,fa4,fs6,fa2,rup
    21d0:	6e69                	lui	t3,0x1a
    21d2:	3d3e                	lhu	a5,58(a0)
    21d4:	20746573          	csrrsi	a0,0x207,8
    21d8:	6e696167          	0x6e696167
    21dc:	2f28                	lbu	a0,26(a4)
    21de:	3031                	jal	19ea <__moddi3+0x332>
    21e0:	3030                	lbu	a2,3(s0)
    21e2:	2029                	jal	21ec <__muldi3+0x160>
    21e4:	5220                	lw	s0,96(a2)
    21e6:	723d                	lui	tp,0xfffef
    21e8:	7365                	lui	t1,0xffff9
    21ea:	7465                	lui	s0,0xffff9
    21ec:	0a0d                	addi	s4,s4,3
    21ee:	0000                	unimp
    21f0:	6256                	flw	ft4,84(sp)
    21f2:	7375                	lui	t1,0xffffd
    21f4:	003d                	c.nop	15
    21f6:	0000                	unimp
    21f8:	566d                	li	a2,-5
    21fa:	2020                	lbu	s0,2(s0)
    21fc:	3d49                	jal	208e <__muldi3+0x2>
    21fe:	0000                	unimp
    2200:	416d                	li	sp,27
    2202:	2020                	lbu	s0,2(s0)
    2204:	416d                	li	sp,27
    2206:	3d68                	lbu	a0,31(a0)
    2208:	0000                	unimp
	...

0000220c <__clz_tab>:
    220c:	0100 0202 0303 0303 0404 0404 0404 0404     ................
    221c:	0505 0505 0505 0505 0505 0505 0505 0505     ................
    222c:	0606 0606 0606 0606 0606 0606 0606 0606     ................
    223c:	0606 0606 0606 0606 0606 0606 0606 0606     ................
    224c:	0707 0707 0707 0707 0707 0707 0707 0707     ................
    225c:	0707 0707 0707 0707 0707 0707 0707 0707     ................
    226c:	0707 0707 0707 0707 0707 0707 0707 0707     ................
    227c:	0707 0707 0707 0707 0707 0707 0707 0707     ................
    228c:	0808 0808 0808 0808 0808 0808 0808 0808     ................
    229c:	0808 0808 0808 0808 0808 0808 0808 0808     ................
    22ac:	0808 0808 0808 0808 0808 0808 0808 0808     ................
    22bc:	0808 0808 0808 0808 0808 0808 0808 0808     ................
    22cc:	0808 0808 0808 0808 0808 0808 0808 0808     ................
    22dc:	0808 0808 0808 0808 0808 0808 0808 0808     ................
    22ec:	0808 0808 0808 0808 0808 0808 0808 0808     ................
    22fc:	0808 0808 0808 0808 0808 0808 0808 0808     ................
