:040000006F10501815
:10000400000000000000000090000020C202002058
:10001400A9BDF9F5780300200000000000000000ED
:100024007803002090000020000000000000000081
:10003400900000200000000090000020000000005C
:1000440090000020900000209000002090000020EC
:1000540090000020700B00209000002000000000A1
:1000640090000020900000209000002090000020CC
:10007400DE0300209000002090000020900000206B
:1000840090000020900000209000002090000020AC
:1000940001A04111B7170040985F3AC6945F3247F8
:1000A400E39CE6FE324541018280B7F70700011167
:1000B400944B13078008F337078093F787083EC2F1
:1000C4000F100000B71700401308700523800705C0
:1000D400930580FA2380B7040F10000003C6B70409
:1000E4001376F60DA385C7042380070412467326EE
:1000F40006800F1000001376050255CEF3360780F4
:1001040093F6860836C40F10000023800705238069
:10011400B7040F100000B70614007D89558D88C7F9
:10012400010001000100010023800704A246F3A698
:1001340006800F10000073370780137787083AC6CC
:100144000F100000238007052380B7040F10000060
:100154000F1000003727004093061005A303D78033
:1001640023800704B247F3A707800F10000093070A
:100174008008F3B7078093F787083ECE0F1000007E
:10018400B7170040130770052380E704130780FAAC
:100194002380E7040F10000003C7B70413670708A0
:1001A400A385E70423800704F247F3A707800F1011
:1001B4000000056182801376050459C273360780F6
:1001C4001376860832C80F100000238007052380A9
:1001D400B7040F10000037061400130606047D89C7
:1001E400518D88C70100010001000100238007042C
:1001F4004246732606800F1000007337078013777A
:1002040087083ACA0F100000238007052380B7042B
:100214000F100000A54793F6F60F639EF600B7276C
:10022400004013073005A383E780B71700402380FD
:100234000704D2470DBFB727004013072005E5B7D1
:1002440073370780137787083ACC0F100000238098
:1002540007052380B7040F10000098471367070CA5
:1002640098C723800704E247FDBD0111814601467A
:100274008145114506CE912493078008F3B7078082
:1002840093F787083EC60F100000B7170040130706
:1002940070052380E704130780FA2380E7040F1016
:1002A400000003C76704136717002383E704238050
:1002B4000704B247F3A707800F100000F24005615E
:1002C400828041118146014681451145FD22130773
:1002D4008008F337078093F787083EC40F100000A7
:1002E400B7170040130670052380C704930680FAED
:1002F4002380D7040F100000FD552396B7022380F6
:100304000704A245F3A505800F100000733707808A
:10031400137787083AC60F1000002380C704238090
:10032400D7040F10000003C7670413671700238363
:10033400E70423800704B247F3A707800F100000E7
:1003440001A0BD473305F50201007D1575FD8280CE
:10035400411122C426C206C6AA840144631794002C
:10036400B240224492444101828005041305803E38
:100374004204C13F4180DDB79305000273A045806C
:1003840082457390153492402242B2424243D24392
:100394006244F244025592552256B2564257D257FD
:1003A4006258F25806499649264AB64A464BD64BF5
:1003B400664CF64C065D965D265EB65E465FD65F7D
:1003C4000961730020304111B7170040985F3AC6A5
:1003D400945F3247E39CE6FE324541018280B717C1
:1003E4000040130700032388E702854723A8F1820E
:1003F40073002030411106C6EF00D029F5BF230356
:10040400048015472303E48001002302A480828032
:1004140083076480E3CE07FE23030480828083077E
:100424006480E3CE07FE03454480828083076480B2
:10043400E3CE07FE2302A4808280411126C44AC26F
:100444004EC006C61377F50BAD47AA892E8995448D
:100454006306F70019456537653F8D444E8545377A
:10046400FD59FD1463983401B240A24412498249F3
:1004740041018280135509011375F50F453F220987
:10048400CDB7011126CC06CEB70408005137154567
:10049400BD37713769372AC6A53F324593771500B2
:1004A40089EB136515001375F50FF240E2440561FD
:1004B4008280FD14E9FC0145CDBF397126DC4ADA9E
:1004C4004ED852D656D45AD25ED006DE62CE66CC10
:1004D400B7E700E07D5783AA070022C603AA4700B6
:1004E40023A0E71823A2E718B717004013077005E5
:1004F4002380E704130780FA2380E70483C74704B3
:10050400930B75FFB684E20793FBFB0F8546AA891C
:100514002E8B328937240040E187015763FA760134
:100524006308D5008946130700026313D5000157F9
:10053400D98F93F7F70FB71C00402382FC041147AF
:100544002303E4801305F00F5D3D094CD135636D41
:100554007C11B7050700DA9537870700795563F2F0
:10056400E504B3879500636EF702370B0800A947CB
:1005740033EB65016399F90689E48144513D26858D
:100584000DA0DA850945553D05090345F9FFFD141C
:10059400050B693D81C49377FB0FFDF7DD3569FDDC
:1005A4007D55B7170040130770052380E704130730
:1005B40080FA2380E70403C74704418B2382E704BE
:1005C400F250B7E700E023A0571123A24711E254E9
:1005D40032445259C259325AA25A125B825B724C4B
:1005E400E24C21618280A5476395F9068569130968
:1005F400F00FB3069900B3742B01B6941349F9FFB5
:10060400B3749900856B33796901416B9387F9FF62
:10061400B3F7270199E363FC340193D94900C14737
:10062400E3E637FF99BF0569C1697D19D9B7130599
:10063400800D638869011305000263847901130541
:100644001008CA85DD3B353D21DD4E99B384344124
:10065400D9B7DA852D45D533CA94E30099F2050953
:100664007D3BA30FA9FED5BF9387F9FF93F7F70F3F
:100674006361FC0C83C71C0413073008631FF70471
:1006840037070800636BEB04B3079B00B706100041
:1006940063F5D704334BEB0089476393F9068980EC
:1006A400D549E38C04ECDA850945413B110903275C
:1006B400C9FF91472320E48003076480E34E07FECB
:1006C40023033481FD17EDFBFD14110B81C49377D3
:1006D400FB0FE9FF7D3371F5E1B5B717004003C7A0
:1006E4005704B70708001377070219E3B787070011
:1006F4007955E378FBEA33079B00E3FFE7F855B548
:100704008547E382F9F2DA852D45053B9389F4FFA9
:10071400E38504E6293393F7390091EB83260480BB
:100724000327090093074900E39AE6E43E89CE844F
:10073400F1BFB5476396F9001305900BC93135BD78
:10074400B1471305B00AE38BF9FE99476391F904A5
:10075400B7050800B365BB002D45C53181448D4BF9
:10076400A149753963967401832704802320F90015
:100774008504E39834FF8327048013172B01635502
:1007840007002312F900D5BB2322F900FDB39D47CE
:100794006399F90281451305B0044531BD44232012
:1007A400090023220900FD599D3993F77400CA9763
:1007B40003C70700FD14398D2380A700E39634FF97
:1007C4006DBBA1476392F9046D398144630D0B003D
:1007D4008D479304C0036308FB009304000563047E
:1007E4008B01930440041375C507E30895D8194594
:1007F400393139390545213126850D3909453D31D0
:100804004931E31C05D669BB91476399F900130587
:100814006006F536F53E130590090DB7E38F09D44C
:10082400F154A9BBBD660147173600001306C6087C
:10083400938606A685458347060093F7F70F91C371
:1008440082800507E3F9E6FE973700002386B706A2
:10085400DDB77D166206618693178601E18763D44E
:10086400070001458280931726003307F500AE97F1
:1008740018439C4363E7E7007D16E37FF7FC7D554F
:10088400828005458280FD15E205E1851397850187
:10089400618793F7F50F63480700FD15139725004B
:1008A4002A97584365D713851700620561858280AE
:1008B4003308B5021C4283A80600B335B502C297BB
:1008C40033B50701AE98469585486367B5006394D0
:1008D400A50063E3070181480C43C6950CC388C295
:1008E4001CC2828081471397870161876343B700E5
:1008F4008280139727002A97232007008507E5B7EE
:100904008147014793968701E18663C5B600133595
:100914001700828093962700AA9694428507558FE4
:10092400D5B793D755408A07AA979C4305453315F5
:10093400B5007D8D8280171300E0E702C3122A847C
:10094400993705C5931725003E940327C4FF8147B3
:1009540011EB7D1516053E9542054185171300E000
:100964006700A31205838507E5B70145C5BF814725
:100974001397870161876343C70082801397270019
:10098400B386E50094422A97850714C3D5B77D162C
:1009940062066186014793178601E18763D50700E4
:1009A40013351700828093172600B306F500AE971F
:1009B40094429C437D16B58F5D8FF1BF8A05AA953D
:1009C40001476363B500828083A6C5FFF11593D701
:1009D4001600D98F9CC11397F601E5B72A83014805
:1009E400014701456343D7008280B387050183A88B
:1009F4000700B30706019C43C697AA976384F800CF
:100A040033B517010507B3080301620723A0F800F3
:100A140061871108C1BF2A8301478147014563C328
:100A2400D70082803388E50083280800330EE6006F
:100A3400032E0E003388A8403308C841638408019C
:100A440033B508018507B308E300E20723A00801D2
:100A5400E1871107E9B7171300E0E702C3000111AA
:100A6400B286B2842E86AA850A8575372A84A6851D
:100A74000A85793533348000060413351500018D59
:100A84000561171300E067004300171300E0E70255
:100A940003FB4111AA89AE8A328BB68402C202C416
:100AA40002C60144131C8401135C8C4163499C02FB
:100AB400939B1400FD1B0549138CF4FFF15C330474
:100AC400890162046184634D740592478E04CE9457
:100AD40023AEF4FE4101171300E06700C3F91319B4
:100AE4002400B30B2B01014A93172A00D69783A540
:100AF4000B0088437800340050005D3B050A9317CF
:100B04008A01E187F11BE351FCFE92474E990504EB
:100B14002320F900A2473EC2B24702C63EC459B7D9
:100B2400131A8901135A8A41131D240093178A0149
:100B3400E18763CF970092470A044E941CC0A247F2
:100B440005091379F90F3EC2B24702C63EC485BFF8
:100B5400B3079A0313152A00569508417800340008
:100B64005000050AEA97DA978C439933C1B700001D
:100B7400197106C212C416C61AC81ECA22CC26CEC1
:100B84002AD02ED232D436D63AD83EDA42DC46DEE9
:100B9400CAC0CEC2D2C4D6C6DAC8DECAE2CCE6CE59
:100BA400EAD0EED2F2D4F6D6FAD8FEDA9385818270
:100BB4008841E700050092402242B2424243D243B8
:100BC4006244F244025592552256B2564257D257C5
:100BD4006258F25806499649264AB64A464BD64BBD
:100BE400664CF64C065D965D265EB65E465FD65F45
:100BF400096173002030B7E700E09843B70620008E
:100C040023A0D718758F0F10000001C599C1814723
:100C140011E6B7E700E023A0E7108280B386F50071
:100C240003C80600B306F500850723800601E31711
:100C3400F6FEC5B737E700E01C43B70620002320C3
:100C4400D718F58F0F10000001C53307C50011E652
:100C540037E700E02320F71082800505A30FB5FED7
:100C6400E31DE5FEF5B737E700E01C43B7062000B7
:100C74002320D718F58F0F10000001C599C1014733
:100C840011EA37E700E02320F710054582800507C5
:100C9400E309E6FE3308E500B386E50003480800EF
:100CA40083C60600E305D8FE37E700E02320F710EB
:100CB400014582809307F6FFBE952A966313C5000B
:100CC4008280FD1583C715000505A30FF5FEFDB74A
:100CD400AA87014581CF09CE3E96850703C7F7FF52
:100CE4006317B700E39BC7FE0545828082800145F8
:100CF40082807971973700009387870D22D48043CF
:100D040006D626D24AD04ECE52CC56CA5AC85EC651
:100D140069C037C9C901014B973900009389C90AD1
:100D24001309F937173A0000130ACA0A973A000060
:100D3400938ACA04973400009384840E8357240052
:100D440095E35C44631D0B00173700002322F7086A
:100D5400832BC4002285EF0010325E84A9A82326C9
:100D6400FB00FDB783A7090082971C443307F540B5
:100D74006375F500D8401D8F2A976361E90897379A
:100D8400000023A507008355240003450400975061
:100D940001E0E78040C95C405844B9C70C44D040E6
:100DA400AE97BE8663E4B70063E4C700B386C7406A
:100DB40014C4228B3A8459F097370000938707FCB8
:100DC4009C4B09476373F708F91717370000232F63
:100DD400F7FAB250225492540259F249624AD24A62
:100DE400424BB24B4561828063170B00973700007A
:100DF40023A0E7FEB1BF2326EB0099BF03274A02D5
:100E04001DCF63E1A7043385A7408347040085E32E
:100E140017370000034777FD5917B307A7003E852E
:100E2400D44063E4E70063E4D7003385D74083A765
:100E34000A016376F5009737000023A9A7F4228BF3
:100E4400404495BFD840BA977DBF9737000023AF81
:100E540007F241B797370000938707FC9C4385C38B
:100E6400411106C682979737000083C7C7F589E703
:100E74009737000023A207FAB240410182809737D6
:100E8400000083C747F491E79737000023A607F8CB
:100E940082808280411122C4173400001304C4F0FC
:100EA4001C4006C626C24AC091C7829797370000E5
:100EB40023AC07EE9737000083C7570B858B173990
:100EC40000001309690A89CF83477900194763121F
:100ED400F71097370000A38B0708F9295C44829721
:100EE4001C4491C3829797340000938424EE984065
:100EF40017360000034696E89737000083C707E8D3
:100F040093961700BA9683D60600E5C29737000079
:100F140083C7C7E663E5C70E97370000238007E65B
:100F24001C40639E0714973700009387E7E99C43AE
:100F34006387071497370000938787EEDC431737DE
:100F440000002325F7E475339737000083C7770241
:100F5400639707129737000083C7970191CF8347A0
:100F6400790093F7F70F89EB97370000A382070006
:100F7400976001E0E780606097370000938787E51A
:100F8400DC53638E070E97370000938727DF9C4B53
:100F9400FDC78347790015476363F70E9737000051
:100FA40083C70702918BE1EF9737000083C7A7E15E
:100FB400F9E790409736000083C656DC63C7D70C28
:100FC4002244B240924402494101175301E06700B0
:100FD40023D5834779001D47E314F7F097370000C2
:100FE400A38607F8D12E1C48DDBD850793F7F70FBC
:100FF400973600002384F6D8E3E0C7F001BF8607E4
:101004003E97835507002310070097370000239B62
:1010140007DA973700009387E7D89C431735000019
:101024000345C5D513172500BA979C438297973774
:10103400000083D727D917370000034727D493C765
:10104400F7FF7D8D9317170098403E97835707004D
:101054005D8D2310A7009737000083C727D291C75F
:10106400850717370000230BF7D017370000034715
:10107400E7D09737000083C777D0E37FF7E8B24023
:101084002244924402494101828013971700329707
:10109400035707006DF7850715B737C70040832648
:1010A400C720B707FCFFFD17F58F2326F7200100A3
:1010B400010097370000938767CCC84F83278726A2
:1010C4002326D7206A0593C7F7FF99835D8D828015
:1010D400EFF05FD8730000000000000097320000BA
:1010E400938262CE0383020023800200630F030015
:1010F400F32510342EC0970500009385A5FD739049
:101104001534EF00E0507300203086DCEF004050CF
:10111400E65082800000173700001307A7E4144349
:10112400411122C49C5E4AC006C6998326C2858B9F
:101134003A84173900001309A9E2D1CB93070006BA
:101144009CDE17370000034787E2930700089734B3
:101154000000938464E1631BF700832709009C4328
:1011640093F70704173700002303F7E083C704004D
:1011740093F707049DC3973700009387E7C49C4304
:1011840082979737000023AFA7DE83C7040093F745
:10119400F70B173700002309F7DC83C7440093F7E4
:1011A400070495E7854717370000A301F7DC973755
:1011B40000009387E7DD9C433707020098C71307B5
:1011C40000FC973600002383E6DA9848F8D31840E9
:1011D4001C5F9183858B8DC31C5F93E707011CDF24
:1011E400973700009387C7DA9C4323A207068547F5
:1011F40017370000230CF7D683270900D84305834B
:10120400058B19C7D843759BD8C3D843799BD8C3DA
:10121400B24022449244024941018280ED3D730070
:1012240020309317D50063D30702973700009387C4
:1012340027D69C437D57B8D797370000938707B4C8
:10124400DC4F8507173700002328F7B49377850010
:101254009DCB9737000083C747D193E71700173713
:1012640000002304F7D0930700F817370000230F7A
:10127400F7CE973700009387E7CE98435C57F19BEE
:1012840093E717005CD7937715008DC79737000055
:1012940083C797CD93E7170017370000A306F7CC51
:1012A40097370000938707CC98435C57F19B93E7EB
:1012B40017005CD79377650095CB93774500173774
:1012C4000000130767CACDCB8347070093E71700D5
:1012D40017370000230AF7C897370000938787C899
:1012E40098435C57F19B93E717005CD79317F5007D
:1012F40063D4070217370000034747DE418B973753
:101304000000938727D651C383C7870793E7070253
:10131400173700002304F7DC9317E50063D70702AF
:101324009737000083C787C4E207E18763D70700C4
:10133400854717370000230BF7C2973700009387C0
:1013440027C59C433707020098C79317C50063D489
:10135400070217370000034777D8058B973700003B
:10136400938747D029C383C7970793E72700173785
:101374000000A305F7D682808347370093E7170060
:1013840017370000A303F7BE81BF03C78707894649
:101394003D8B6308D70083C787070D47BD8BE39D4B
:1013A400E7F69147B5B703C79707118B69D783C78A
:1013B400970793E7870065BF97370000938747BD7A
:1013C400944397370000938727BA03C70700058B18
:1013D40011CB97370000238B07B897370000A387FA
:1013E40007B8828003C71700058B65F7F85271FFB1
:1013F40083C75700DDB7173700001307A7B60328C4
:101404000700832788039583858BADEF11C6832757
:101414000803BD832300F6009DC61C43985B460762
:10142400935767016356070093E707C0C207C18358
:1014340003970600C207C18709C7BA970947B3C70C
:10144400E7022390F6008DCD8345150095C99737A3
:10145400000083C7C7B193F7070413879500894534
:1014640085C33A95834705000547994593F6F706E2
:101474006398E600E207E187814563D30700B94535
:101484002E8582808545EDBF411122C406C626C241
:10149400173400001304C4AF45E114402E87FC52F6
:1014A400FDFF97370000238207AC9737000093872E
:1014B4006792D453BE8495C6B7E700E0B706200010
:1014C40023A0D728B7F700E083A607D1ED9A23A875
:1014D400D7D083A607D193E6860323A8D7D0730079
:1014E40050103A85B285976001E0E780C0F59737E0
:1014F4000000938727A79C43B70680009843558F25
:1015040098C3D857719BD8D797370000A38007A6F4
:1015140097370000A38A07A41C40094798C3DC50EE
:1015240085CF37F700E0832707D193E78700232887
:10153400F7D0730050100DA08D476315F50497374D
:101544000000938727A29C43B70680009843558FD9
:1015540098C3D857719BD8D7144017370000130786
:10156400A7A083472700858B89EB83473700858BAA
:10157400C9CF97370000238B079EB2402244924480
:10158400410182808547E319F5FC97370000938772
:101594006784D4533E8795C6B7E700E0B7062000BA
:1015A40023A0D728B7F700E083A607D1ED9A23A894
:1015B400D7D083A607D193E6860323A8D7D0730098
:1015C400501014408177FD17D046F18FDCC60F1000
:1015D40000001440B70702009CC6930700F8973533
:1015E40000002385F598973700009387A7979C43BD
:1015F4009C439D83858B99C793076019FCD2D0C601
:101604005C5339BF9307E01BD5BFFC52B9FBB5B798
:10161400973700009387C7979C438847D847798DAD
:1016240009C988C79387818603A30700630303005E
:1016340002838280173700001307C7958346B701DA
:101644009737000083C7D7974C4BB697FD8B33D79A
:10165400F50097360000A38FF69297360000A38119
:10166400F696058B15EF173700000347B795B3F7C8
:10167400E702814601471305000233D6E500058AD7
:101684001378F70F19CA6397D70097370000A3831D
:1016940007918280850693F6F60F0507E31FA7FCE2
:1016A400828097270000938727729C43011122CCE4
:1016B4004AC806CE26CA4EC682979737000093873B
:1016C400678F804701496301A406BE84636685066B
:1016D400018D135455009737000083C7478D137944
:1016E400F5016360F40497290000938969739937BD
:1016F40003A884009736000083C6668B13975600B0
:101704004297158C3A8683A5490063640701636494
:10171400B7003306B7409737000023A1C78AE378A0
:10172400D4FC160433692401F24062444A85D2444D
:101734004249B24905618280972700009387476E2A
:10174400DC4333848740229569B797370000938739
:10175400278498438967938707F47CD397370000DD
:10176400938747889C4383A60709139656006358BA
:10177400060083A6070913966600634406007453A3
:10178400FDF282804111B7E700E022C480433707AD
:10179400200006C6798C23A0E7180F10000011C1A1
:1017A40099E5B7E700E023A0871001457DA89307DA
:1017B4003500C207C183F19BC207C18313074003ED
:1017C4006369F7021737000013078789084317373F
:1017D40000001307678814436392A60217270000CA
:1017E4001307475F185B55DFC207DD8D0545029778
:1017F4004DBF1737000013076786C9BF035765003D
:101804002DEB035745006366F706B306F740214600
:10181400637CD60203280500938687001D8FAA9651
:101824006117172600000356C6552392E60023A02D
:1018340006012393060014C12312F500130786FF43
:1018440097260000239FE6522313B5009725000036
:1018540083D52553B387F540172700002313F75288
:10186400B7E700E023A087102105B24022444101DC
:101874008280084195B7B7E700E08C433707200022
:1018840023A0E718F98D0F10000001E523A0B7107D
:101894008280972700009387A77C03A307009727DC
:1018A40000009387677B83A8070081469A8763F2C9
:1018B400170D03A807006361F50C636FA80A13876B
:1018C40087006368E50A03D6670021670507631785
:1018D400E60003C731860507A381E18617250000CA
:1018E4001305C54903D64700035765002393070032
:1018F400329742074183172E00002314EE48638C6D
:1019040067021723000013036375032303006304B2
:10191400F30203D366006310030283D7460023A0B7
:10192400060121073E9621062392C6009727000050
:101934002399E744B6879843630D1703972600005D
:101944009386C67194426306D7028356670095E274
:1019540083D64700035647001843A106B296239244
:10196400D70098C383576500A10717270000231ADF
:10197400F740B7E700E019BFBE86C2870DBF00007D
:10198400971100209381C1BA17510020130141E738
:101994001305400097E5FF1F938585661706002011
:1019A400130606FE63FAC5008322050023A0550032
:1019B40011059105E3EAC5FE17C50100130545901D
:1019C400970500209385C5FB1386018263FAC50041
:1019D4008322050023A0550011059105E3EAC5FE05
:1019E40013850182972500209385857A6377B50056
:1019F400232005001105E36DB5FEFD42739002BC82
:101A04008D4273904280930280087390023097E273
:101A1400FF1F9382E25E93E232007390523097226A
:101A240000009382A2C8739012347300203039717D
:101A340001436EC619A0397141536AC866CA62CCA3
:101A44005ECE19A0397101535AD056D252D44ED613
:101A54004AD826DA22DC06DE330161408282411153
:101A64004AC026C222C406C68282B24D4101024D3A
:101A7400924C224CB24B4101024B924A224AB24947
:101A84004101024992442244B240410182803D43D3
:101A94002A876373C3029377F700BDEFADE59376AE
:101AA40006FF3D8ABA960CC34CC30CC74CC741070A
:101AB400E36BD7FE11E28280B306C3408A06970225
:101AC400000096966780A6002307B700A306B70018
:101AD4002306B700A305B7002305B700A304B70086
:101AE4002304B700A303B7002303B700A302B7007E
:101AF4002302B700A301B7002301B700A300B70076
:101B04002300B700828093F5F50F93968500D58D59
:101B140093960501D58D61B793962700970200002F
:101B240096968682E78086FA9680C1171D8F3E9628
:101B3400E374C3F8A5B73367B500FD530D8B79E79C
:101B4400B7877F7F9387F7F710419441B372F6000C
:101B54003363F600BE92B3E262006397720C6318BB
:101B6400D6065041D441B372F6003363F600BE92F8
:101B7400B3E262006398720A631BD604104594456D
:101B8400B372F6003363F600BE92B3E2620063916F
:101B9400720A631ED6025045D445B372F60033630D
:101BA400F600BE92B3E26200639A72086311D60231
:101BB40010499449B372F6003363F600BE92B3E25F
:101BC4006200639372085105D105E30FD6F613172B
:101BD400060193970601631CF7001357060193D778
:101BE40006013305F7409375F50F91E9828041832F
:101BF400C1833305F7409375F50F91E18280137724
:101C0400F70F93F7F70F3305F7408280034605007B
:101C140083C60500050585056313D60065FA3305FB
:101C2400D640828011059105E312D6FE01458280DB
:101C34002105A105E31CD6FC014582803105B105CF
:101C4400E316D6FC014582804105C105E310D6FCAC
:101C540001458280B717004003C777051377E70F64
:101C6400A38BE704130700F8A38DE7043D47238CF7
:101C7400E70413075003A38CE70403C7A7051377EE
:101C8400D70F238DE7048280B717004003C7E7020C
:101C94000D8941111377C70F498F93068008F3B656
:101CA400068093F6860836C60F100000930670056A
:101CB4002380D704930680FA2380D7040F100000F2
:101CC4002387E70223800704B247F3A707800F1096
:101CD40000004101828041112A83014E930E407E0F
:101CE400130F0019930F400663E56E129308001951
:101CF40013034006B3781503854E0D4FA14F33737C
:101D040065020D891335150063EFBE121308F6FF43
:101D1400794672984208135808013307C70213D64C
:101D24001700BE0732976146B3F6C60213068070E9
:101D3400B386C6023697A166F58F42075D8FB71644
:101D4400004083C7F60293F70708A303F100034694
:101D5400710083C7F60293F70708E394C7FE83472D
:101D64007100B716004093F7F70F638807129307C3
:101D74008008F3B7078093F787083EC40F1000006C
:101D8400B7170040930670052380D704930680FAA2
:101D94002380D7040F10000023AA070383C6170368
:101DA40093E60608A388D70223800704A247F3A773
:101DB40007800F1000001166B71700407D16D45B32
:101DC400C85F93854703A98EF18EF5FA93068008C0
:101DD400F3B6068093F6860836C60F100000930605
:101DE40070052380D704930680FA2380D7040F104C
:101DF400000098C103C7170313670704A388E70209
:101E040023800704B247F3A707800F1000004101A5
:101E140082807D133368E3039308E016630E0800A1
:101E24003368F3039308D0166308080093783300EB
:101E340093B818009388D81633081E01131E08019E
:101E4400135E0E0155B56393E503054863860800E8
:101E54000148630303002A8871087298FD15131E54
:101E64000801C205135E0E01C18179BD13F8150086
:101E740063F4BF007908D5B713381800E5BF83C7EA
:101E8400F60293F70708A303F1000346710083C722
:101E9400F60293F70708E394C7FE8347710093F7AC
:101EA400F70FF1DFE9B531714AD966CB06DF22DDE0
:101EB40026DB4ED752D556D35AD15ECF62CD6AC9EE
:101EC4006EC7AA8C02D8EF0010122A8993078008E3
:101ED400F3B7078093F787083EDA0F100000B717AF
:101EE4000040130770052380E704130780FA23805A
:101EF400E7040F10000003C7F7021377770FA387D7
:101F0400E70203C7F70213678700A387E70223806A
:101F14000704D257F3A707800F1000000545AD331F
:101F2400130780C13347E902116A93070AE893064D
:101F34005002BD69930BA004814A014B130480082D
:101F4400930470057D1AB347F9023307D7023EC0E4
:101F5400FD873ECC938709A69309803E3347F70259
:101F64003AC27D873AC4334739038549B399990105
:101F740093D93940B306D702B30B7703B3C6F6023D
:101F8400B3CBFB0236C6FD8636C893D6FB4136CEAC
:101F9400B7460F00938606243349D9028566938693
:101FA40006FAB3969601B389E902130780523309FE
:101FB400D90293060010B389E9023349D902B3C99F
:101FC400F9029316390036CA37190040FD8636D017
:101FD400930D090493D7F9413ED2F336048093F666
:101FE400860836DC0F100000930770052380FD007F
:101FF400930680FA2380DD000F1000008346390524
:1020040093F6860FA309D9048346390593E616008F
:10201400A309D90423800D00E256F3A606800F100D
:102024000000130C80FA116DF336048093F68608D1
:1020340036DE0F100000930770052380FD00238017
:102044008D010F10000083463905216693E60602D0
:10205400A309D90483560905B3E6A6012318D904B4
:1020640083560905D18E2318D90423800D00F25616
:10207400F3A606800F1000008346390593F6060286
:102084006389061803463905218A6DDE0818612F15
:102094007336048013768608B2C20F1000002380C2
:1020A4009D0023808D010F100000B717004003C668
:1020B40037051376F60DA389C70403C637051366DF
:1020C4000602A389C704835609052166B3E6A6015F
:1020D4002318D90483560905D18E2318D9042380E3
:1020E4000D009646F3A606800F10000083463905BE
:1020F40093F606026386061483463905A18AEDFE2B
:1021040097E0FF1FE780E0F8AA8636D497E0FF1F28
:10211400E78020F8A256E30AD5FE83560905425506
:10212400B3E6A6012318D904392F83463905A18AB9
:10213400EDDE035609058346290582473376CA0036
:10214400B306DA0293D5F641B296B388F640E24775
:1021540033B8C6002E983308F840A247B3B6160128
:102164003308D84063C70701631DF800924763FA38
:102174001701C247634DF80E63950701B24763E840
:10218400F80E894663E7660FF2469315180013D3D9
:10219400F8015E8613951800B365B30042D646D4A1
:1021A400EF80E1493258050B137BFB0F63470001B5
:1021B40063120838A258638F083613081500B33623
:1021C400A800B69513D6F5013298B336C800AE967A
:1021D40013581800FE06B3E606017336048013761E
:1021E4008608B2C60F10000023809D0023808D0155
:1021F4000F1000000356C902B296C206C18223160C
:10220400D90223800D00B646F3A606800F10000005
:1022140021BDF336048093F68608B6C00F10000083
:1022240023809D0023808D010F1000008346390513
:1022340093E60602A309D90423800D0086460DBD4A
:10224400F336048093F68608B6C40F10000023808A
:102254009D0023808D010F1000008346390593E60D
:102264000602A309D90423800D00A646A5BDE30DEB
:102274000BF0F336048093F68608B6C80F100000FE
:10228400930680FA23809D002380DD000F10000058
:102294008346390593F5FC0F93F6860FA309D904F9
:1022A40083463905CD8EA309D90423800D00C64683
:1022B400F3A606800F100000130580FA03463905C3
:1022C400930639051D8A63149629733604801376A0
:1022D4008608B2CC0F100000130680FA23809D00FC
:1022E4002380CD000F10000003C606001376F60D00
:1022F4002380C60003C60600136606022380C600B8
:10230400835609051166D18E2318D904835609050D
:102314002166D18E2318D90423800D00E646F3A646
:1023240006800F100000130680FA8346390593F6E1
:1023340006026388062483463905130C3905A18AED
:10234400FDDA0818CD21F336048093F68608B6D05A
:102354000F100000930680FA23809D002380DD0087
:102364000F10000083460C00116693F6F60D23004F
:10237400DC0083460C0093E606022300DC0083564F
:102384000905D18E2318D904835609052166D18EF7
:102394002318D90423800D008656F3A606800F1057
:1023A4000000130680FA8346390593F60602638516
:1023B400062083463905A18AEDFE97E0FF1FE780DA
:1023C40040CD2A8C97E0FF1FE780A0CCE30C85FF6B
:1023D4008356090511664255D18E2318D904A521C7
:1023E4008346390513063905A18AFDDAF3360480DC
:1023F40093F68608B6D40F100000930680FA238063
:102404009D002380DD000F1000008346060093F634
:10241400F60D2300D60023800D00A656F3A60680F1
:102424000F1000008356090503462905D247B376E9
:10243400DA003306CA021305800C9355F64136962A
:10244400330DF6408257333CD6002E9C3336A6011A
:10245400330CFC40330CCC403308850392564E8633
:10246400B335A5033305A503C295EF80411D63462B
:102474008001631E0C16630C0D161306150033350C
:10248400A6002E959356F5013696B335D600AA9537
:102494009396F50105828585D18E6346B000639DD0
:1024A400051A638B061A0356C90215823305D60032
:1024B4003336C500B2956348B00063910524130612
:1024C400F00F637DA622894663F3561593078008AF
:1024D400F3B7078093F78708BED60F1000003717AD
:1024E4000040930770052300F704930780FA230044
:1024F400F7040F1000008356C70289678117D58F30
:10250400C207C1832316F70223000704B657F3A7B3
:1025140007800F100000FA506A54DA544A59BA5925
:102524002A5A9A5A0A5BFA4B6A4CDA4C4A4DBA4D0B
:10253400296182801308F5FF3335A800FD152E9517
:102544001356F5013298B336C800AA9651B1F33642
:10255400048093F68608B6CA0F10000023809D00FD
:102564002380AD000F10000083463905CD8EA309EA
:10257400D90423800D00D646F3A606800F10000070
:1025840035BBF336048093F68608B6CE0F100000F0
:1025940023809D002380CD000F1000008346390561
:1025A40093E60602A309D90423800D00F646F3A698
:1025B40006800F10000095BBF336048093F686085E
:1025C400B6D20F10000023809D002380CD000F1091
:1025D40000008346390593E60602A309D904238043
:1025E4000D009656F3A606800F1000006DBB9306EF
:1025F400F5FF33B5A600FD152E959355F501AE965E
:10260400B3B5B600AA951396F501858269B5F3367C
:10261400048093F68608B6D80F100000930680FA5B
:1026240023809D002380DD000F1000008356C90223
:102634000566011693F6F60FD18EC206C1822316E3
:10264400D90223800D00C656F3A606800F100000A1
:10265400850A93FAFA0F51B233E6B60045C203561F
:10266400C9023305D0403338A000B305B040B38568
:10267400054115826345B000D1E16371A60889461E
:1026840063F0560593078008F3B7078093F787082C
:10269400BEDA0F100000B71700401307700523803F
:1026A400E704130780FA2380E7040F10000003D720
:1026B400C7027D8B2396E70223800704D65781BD8A
:1026C400F336048093F68608B6DC0F1000009306F8
:1026D40080FA23809D002380DD000F1000008356C4
:1026E400C9020566011693F6F60FD18EC206C182A1
:1026F4002316D90223800D00E656B9B79307800844
:10270400F3B7078093F78708BEDE0F100000371772
:102714000040930770052300F704930780FA230011
:10272400F7040F1000000356C70293975600B297A0
:10273400C207C1832316F70223000704F657C1BB5F
:10274400914763EEB70217A70100130727AD8A0567
:10275400BA959C41BA978287B717004003A7470BE5
:102764001345F5FF698F23AAE70A03A7070B698FAF
:1027740023A8E70A03A7070A798D23A0A70A828062
:10278400B717004083A6470B1347F5FFF98E23AA1A
:10279400D70A83A6070B558D23A8A70A83A6070A81
:1027A400758F23A0E70A8280B717004003A7470B61
:1027B400498F23AAE70A03A7070B1345F5FF45BF73
:1027C400B717004083A6470B1347F5FF758F23AA5D
:1027D400E70A03A7070A598D4DB7B717004003A7A7
:1027E400470B498FEDB7B717004088474205418131
:1027F4009377050491EB9377F5013755E8011305B9
:1028040005803345F50282809377050C1307000495
:102814006397E7009377F50137459C1CCDB7216595
:10282400130505D0828037E700E01C435443A1839D
:10283400E206D58F1CC1FD572320F7182322F71871
:102844000F100000828013178500B7E700E023A073
:10285400E710618123A2A7108280B7F700E08847C0
:10286400CC478280814737370040A14663C4C70004
:10287400328582800345B740E38EA6FE3385F5009A
:102884000345050085072304A740CDB797F7FF1F2D
:102894009387074A9C43172700201307678F3E95A9
:1028A400636EE50017470020130787D56368A70008
:1028B40017F7FF1F232EA7463E858280FD57EDBFE5
:1028C400411122C406C62A84393F2947B307E502C9
:1028D400B2408D83B3D7870222449507B3D7E7026A
:1028E40037370040C207C1832316F7404101828075
:1028F400716541111305052006C6D937B737004065
:10290400130770F82381E7400D47A381E7401307BD
:102914000004A380E74005472387E740B240410114
:1029240082802380018223A20182B717004003A77B
:10293400070CB706C0FFFD16758F23A0E70C03A78D
:10294400070DB7064000558F23A8E70C03A7070C13
:102954003D9B23A0E70C03A7070D1367070123A8DA
:10296400E70C828023A2A18213064006894503C591
:10297400C1826F304114B717004003A5470C83A7E9
:10298400470C598113451500C18B058999E31365DB
:10299400250083C70182638CA7002380A18201C91B
:1029A4009387418203A307006303030002838280A9
:1029B40011456FF04FCF411193962500AA852D45FF
:1029C40006C697E0FF1FE78040AFB24001454101D2
:1029D4008280011122CC06CE3714004026CA4AC890
:1029E4004EC652C483447405034AB405834984051E
:1029F40003499405EFF00FA68347A40593F4F40F5D
:102A0400137AFA0F93E71700230DF40493F9F90FDF
:102A14001379F90FB717004003C7A705058B6DFF9E
:102A240003D5C705A38D4705238C3705A38C27053C
:102A3400A38B9704F2406244D2444249B249224AE9
:102A44000561828041119397050122C406C6C1879E
:102A54002E8463DA0700EF20F14E19C1EF20714292
:102A64002165218D1DA093F7150013C5150091EF65
:102A740093F7250099CF01371306000A894503C54A
:102A8400C182EF30410313452400B2402244410186
:102A940082809397250163D00702EF409151093F4B
:102AA40037F60200130606E0896503C5C182EF30DC
:102AB400810009657DB7939715010145E3D707FCAC
:102AC400179501001305457BEF80615013060064E0
:102AD400916503C5C182EF20117E116559B72D712F
:102AE400232A9110FD74E98C232C811023282111B1
:102AF400232631112A84AE893289930600100A866E
:102B0400A6852D45232E111097E0FF1FE780E09A3C
:102B14001315440151810A0513962900CA850A95A3
:102B240097E0FF1FE780200DA685856601462545B1
:102B340097E0FF1FE78060980A86A6859306001039
:102B4400294597E0FF1FE78040978320C1110324A4
:102B5400811183244111032901118329C1101561B5
:102B64008280B7F7070003C70701411106C622C4D4
:102B740026C24AC0A547631AF7009537B2402244DB
:102B84009244024901454101828013942500AA849C
:102B94003289A286AA850146254597E0FF1FE78072
:102BA400C091A2864A86A685294597E0FF1FE78043
:102BB400C090E9B71D714946979501009385456713
:102BC40017A501001305055386CEA2CC97E0FF1F7D
:102BD400E780600901E9179501001305A566EF80F8
:102BE400013F01A037F700E0795610CBFD5654CBD6
:102BF400B7E700E0056423A087109306F00214C32E
:102C040023A087180F10000017E7FF1F1307074DB5
:102C140023A4E1824157A38AE740130600048145B7
:102C2400080897E0FF1FE780E000970700209387DC
:102C3400E7AD3EC89D673ECCB707010593870710F3
:102C44003ECEED472310F10285472301F102970799
:102C54000000938787D6BEC2970700009387A7F02A
:102C6400BEC48567938757D12312F10297070000EA
:102C74009387E7BE3ED8B7F5070097070000938710
:102C840087D53EDC8146970700009387A7D23000A2
:102C9400E10519453EDE231A810097E0FF1FE78016
:102CA400C08118088147994630003E9603460600C5
:102CB40085070507A30BC700E398D7FEC24791C752
:102CC4000357410185676373F70001A0830741023D
:102CD40063D7070493078008F3B7078093F787083F
:102CE4003EC40F100000B71700401307700523807F
:102CF400E704130780FA2380E7040F100000B847A5
:102D0400B706100013670718B8C79853558F98D3A0
:102D140023800704A247F3A707800F1000000808C8
:102D2400EF304128AA8501C9179501001305C55242
:102D3400EF80A11501A0F64066442561828041110F
:102D440017050000130545D006C622C4EF30C12183
:102D54001384C1822300A4002128E1360345040022
:102D64002244B24013060032896541016F20B154F8
:102D7400797106D613078008F337078093F787081D
:102D84003EC20F100000B717004093057005238062
:102D9400B704130680FA2380C7040F10000083C60B
:102DA400F70293F6A60FA387D7022380070492465F
:102DB400F3A606800F100000733707801377870887
:102DC4003AC40F1000002380B7042380C7040F10F7
:102DD400000003C7F70213672700A387E7022380D5
:102DE4000704A247F3A707800F1000000545EFE092
:102DF400BFE97D3E81470147814605468545130568
:102E0400407EEFE05FED68005146814597E0FF1F8B
:102E1400E78040E2B707C0A83EC8B787E8039387B6
:102E240007D03ECA680097D7FF1F9387C7593EC68D
:102E3400EF30613CB25045618280411197950100A9
:102E440093854547179501001305855906C6EF80FC
:102E5400C103179501001305A559EF800103B24082
:102E6400294541016F8061064111979501009385C1
:102E7400A545179501001305A55606C6EF80E10088
:102E84001795010013058554EF802100B2402945B0
:102E940041016F8081034111979501009385054499
:102EA400179501001305C55306C6EF70117EB24095
:102EB400294541016F806101797122D426D24AD01B
:102EC4002E842A89B28481457146480006D6EFE0F3
:102ED4001FBC97F7FF1F938767BDDC4783D70700A5
:102EE400231421012313F100EF00503E8547A3056D
:102EF400F100930700192305A1003EC62686FD575D
:102F0400A2854800230AF100EF00B03EB2502254DB
:102F14009254025945618280411122C406C68347F6
:102F240005002A849DC3979501009385A53F1795B5
:102F340001001305E54AEF7051754C4017950100E7
:102F440013050561EF70717471A85841B707CF007C
:102F54009387777D631AF71A979501009385853CCB
:102F6400179501001305C547EF7031721C44835651
:102F7400E4008355C40003C6070017950100130538
:102F8400A55EEF7091702945EF7031740356C4004B
:102F94000C441385810797E0FF1FE780C0C583C7F2
:102FA40081071307200A638AE7001307300A638046
:102FB400E712B2402244410182800357C4008D4786
:102FC4009795010093850536179501001305454132
:102FD4006300F702EF70716B179501001305C55A72
:102FE400EF70B16A2244B240294541016F70F16D1E
:102FF400EF70B169179501001305855AEF70F168F8
:103004002945EF70916C0355E400930720F80546B9
:1030140093858107238CF10645359377F50F2A8430
:1030240095C7979501009385E52F17950100130522
:10303400253BEF7091659375F40F17950100130507
:10304400E559EF7091642945EF7031689795010057
:103054009385452D1795010013058538EF70F162AE
:10306400179501001305C558EF7031622945EF70BB
:10307400D1654165930730FA0546938581077D152F
:10308400238CF106153D9377F50F2A8495C7979500
:103094000100938525291795010013056534EF7008
:1030A400D15E9375F40F1795010013052553EF7046
:1030B400D15D2945EF7071610566130606C889451F
:1030C4002244B24003C5418341016F20D11E0357FE
:1030D400C40085476301F702979501009385852411
:1030E400179501001305C52FEF70315A179501008C
:1030F40013054553F5B58357E4000566130606C862
:10310400239FF18291456DBFB707CC009387777DEC
:10311400631AF702979501009385C520179501005E
:103124001305052CEF7071561C448356E400835537
:10313400C40003C60700179501001305E542EF70AC
:10314400D1544DB5B707CE009387777DE303F7E6F7
:10315400979501009385051D1795010013054528D2
:10316400EF70B1524C40179501001305654DD9BB62
:10317400011122CC979501009385C51C2A841795CB
:1031840001001305E52506CEEF703150A285179591
:1031940001001305E567EF70514F2945EF70F152B7
:1031A400938781819843DC4321462C0005453AC42A
:1031B4003EC6193315C52A84979501009385851851
:1031C400179501001305C521EF70314CA2851795A1
:1031D40001001305E534EF70514B2945EF70F14EB2
:1031E400F240624405618280411122C406C68347CD
:1031F40005002A8485CB9795010093856511179561
:1032040001001305E51DEF7051484C40179501006E
:103214001305C529EF7071472244B2402945410185
:103224006F70B14A58411DEF979501009385450E83
:10323400179501001305C51AEF7031451795010064
:1032440013054528EF7071442945EF701148224455
:10325400B240116603C54183130606E8894541015E
:103264006F207105A1679386D7036311D7029795E1
:1032740001009385E5091795010013056516EF70A4
:10328400D140179501001305E5246DBFED0797950F
:1032940001009385E507179501001305651463156F
:1032A400F702EF70913E179501001305E523EF70C7
:1032B400D13D2945EF7071412244B24003C5418399
:1032C400894541016F20D115EF70313C4C40179571
:1032D40001001305E5363DBF411106C6EF90600DB0
:1032E40019E5EF10F02FB24041016F202069B24080
:1032F400410182804111979501009385A50017959E
:1033040001001305E50D06C6EF7031382945EF704D
:10331400D13BB2404101C9B7411122C41795010004
:103324001305050C2E84979501009385E5FB06C6CD
:10333400EF70B1352945EF70513905C897950100F3
:10334400938585FA1795010013058509EF70F1330C
:10335400A285179501001305A51DEF7011332244B2
:10336400B240294541016F705136B24022444101B7
:103374008280011122CC2EC62A8497950100938560
:1033840065F7179501001305A50506CEEF70F12F1B
:103394003246A285179501001305451AEF70F12EE8
:1033A4002945EF70913283C7018481EF97E7FF1FAE
:1033B4009387C76FDC4703D70700C167FD17631DF9
:1033C400F7006244F240116603C54183130606E820
:1033D400894505616F20216EF24062440561828057
:1033E400411122C406C693F715002E8499CF0566B1
:1033F40013060696854503C54183EF20C16B13452B
:103404001400B24022444101828093F725008DCB01
:10341400979501009385C5F417950100130545FCA4
:10342400EF70B12617950100130545E5EF70F125FE
:103434002945EF709129EF10907813452400D1B7F6
:1034440093F745000145D5DF854503D5E183EFE0DA
:10345400C03D979501009385A5F0179501001305CC
:1034640025F8EF70912217950100130565E2EF70BE
:10347400D1212945EF7071251345440059B7011135
:103484003546979501009385E5F7179501001305D7
:10349400254506CE22CC97D0FF1FE780C07C01E9EA
:1034A40017950100130505DAEF70713201A097F743
:1034B400FF1F9387678F3EC4B7F50700856793871F
:1034C4000780814613868183E10519453EC697D05E
:1034D400FF1FE78080FE194693858183138541167B
:1034E40097D0FF1FE780207134001386818397955E
:1034F40001009385E517179501001305E518EF10F2
:1035040010382A840DC997950100938565E41795B1
:1035140001001305E5ECEF705117A2851795010022
:10352400130545EFEF7071162945EF70111AF2403B
:10353400624405618280EF70F04317950100130522
:1035440065E3EF00B059EF40B03AEFE0C05617E53D
:10355400FF1F13056553EFE0A04317950100130502
:1035640065E2EFE000572A84EF102033EF90F07407
:10357400EF000175EF200048EF10B00DEFC00059C7
:10358400979501009385C5DC17950100130545E562
:1035940009C8EF70910FA285179501001305C5E9BD
:1035A40051B7EF70910E17950100130525EBEF70DD
:1035B400D10D2945EF707111EFC0A03B85472380E1
:1035C400F184EF80105F29C597950100938545D854
:1035D400179501001305C5E0EF70310B1795010035
:1035E400130545E9EF70710A2945EF70110E97959F
:1035F40001009385E5D517950100130565DEEF708D
:10360400D10817950100130525E9EF70110829BFAA
:10361400E131F1BF4111170500001305A5DC06C611
:1036240022C4EF207114138441832300A40017E5FE
:10363400FF1F1305A547EF0030039135EFF06FAE80
:1036440017050000130505B3EFF0CFB103450400DF
:103654002244B24013060064854541016F20A14510
:1036640001113546979501009385C5D91795010039
:103674001305052706CE97D0FF1FE780C05E01E93A
:1036840017950100130545FDEF70711401A0EF506B
:10369400D13E2AC6EF00D124EF001104EF60506838
:1036A400F24032450561828041111305800406C64B
:1036B40097D0FF1FE780609F371700408327870A52
:1036C4008D451305002093E707202324F70AEFF024
:1036D4002F87EFF0EFA117A501001305A5A1EF7047
:1036E400110F179501001305A51FEF70510EEFF090
:1036F4006FCCEFF0CFE4AD37313F97D0FF1FE780B9
:1037040060CF01458280B7F7070003C70701A547CB
:10371400AE866316F7009397450191C301A0AA856D
:103724000146254517D3FF1F670023D94111B286EF
:103734002E86AA852D4506C697D0FF1FE780E0D7C1
:10374400B2400145410182809307000463E6C70249
:103754001D71A2CC2A84080886CE32C6EF70816718
:10376400B2461008A285294597D0FF1FE780E0D410
:10377400F64066442561828039558280938741846E
:1037840018429C4383D645000345070083C5C70000
:10379400035646006396A50083D5E700638DD502E2
:1037A400011106CE2386A7002397D700B705CF00C3
:1037B400DC4B9385757D05077D162EC22300010021
:1037C4003AC42316C1002317D10099C30A858297EE
:1037D400F2400561828082806D713C083EC6B70765
:1037E400E500232291103EC8AA843C083285232692
:1037F40011103ECA23248110232021112E89EF2089
:10380400003F2A8497950100938545ED17950100A3
:10381400130505BDEF706167A285179501001305B7
:10382400E5FBEF7081662945EF70216AB705CB008F
:103834009385757D6800EF001024A2856800EF2051
:10384400A030014781467000CA852685EF00F0420A
:1038540015C52A8497950100938545E817950100BD
:10386400130505B8EF706162A28517950100130571
:10387400A5F7EF7081612945EF7021658320C110A0
:103884000324811083244110032901105161828093
:103894009387418418429C43797122D406D6034805
:1038A400070083C807012A8483D6450003554600D0
:1038B4006396080183D82701638DD8022388070102
:1038C40005072399D7003708CC00DC4B1308787D13
:1038D4003ACC1307F5FF42CA23080100231EE10076
:1038E400231FD10099C7080832C62EC482973246D6
:1038F400A2452285D535B2502254456182806D712E
:103904003C083EC0B707E5003EC23C083EC423263F
:10391400111023248110232291102317010023184E
:10392400010023190100231A0100231B010097E75A
:10393400FF1F83D7A71B99E3C167FD172316F10067
:1039440097E7FF1F83D7A71A81EB938741849C4392
:103954009C43DC4783D7070017E4FF1F13040419B3
:10396400584C2317F10083574400484B2318F100A7
:1039740005ED97950100938565DD17950100130505
:1039840025A6EF70815017950100130565DDEF70D2
:10399400C14F2945EF7061538320C1100324811066
:1039A400832441105161828097E7FF1F83C77714F6
:1039B40099E7EF10114D5C4C23AA0700F1BFFD17E6
:1039C40097E6FF1FA387F6120356070183470401F6
:1039D4004C470A85230BF100EF202015938741847F
:1039E4009C430147814688430A866C00EF00F02817
:1039F400AA8405C997950100938545D517950100BB
:103A04001305059EEF706148A685179501001305FF
:103A1400E5D5EF7081472945EF70214B5C4CC84BCD
:103A240049BF97E7FF1F83C7D70CEDDB10448545DB
:103A340003C58184EF20210885B7DC4DDC4B99C791
:103A4400904503C5818491456F20E10682805C4ED8
:103A5400DC4BA1C7B9C1411122C41795010013055C
:103A640025982E8497950100938585CC06C6EF7022
:103A7400C141A28517950100130585D1EF70E1407E
:103A84002945EF7081442244B24003C58184130662
:103A94004006914541016F2001028280411122C4F8
:103AA40017E4FF1F130484021C4C06C689C7DC43B9
:103AB40099C34C4882975C4CC84BEF10913C5C4CCA
:103AC400B240224423AA0700410182801387E18087
:103AD400834707009306F00B850793F7F70F63E717
:103AE400F6002387F180034507008280930700F8DE
:103AF400CDBF83574500638D070C01114AC817E9F0
:103B0400FF1F1309A9FE52C4032AC90106CE22CC01
:103B140003274A0126CA4EC6F15729EB1307D00DD5
:103B2400FD576365C7042A84130586004205418155
:103B3400B284AE89EF10113A232AAA000325C901E1
:103B44005C4995EF97950100938585BC1795010015
:103B540013050589EF70613317950100130585CBB3
:103B6400EF70A1322945EF704136DD57F2406244CF
:103B7400D2444249B249224A3E85056182809387F4
:103B84004400B705CF002319F5009385757D3105F1
:103B9400EF00606E0325C901834564003105EF1011
:103BA400B07A0325C9012686CE853105EF10F0775A
:103BB4007146A2854A85EF70E121504401CA8545CA
:103BC40003C58184EF10316F81474DB70D3BEDBFC5
:103BD400FD573E858280411122C417E4FF1F130460
:103BE400E4F05C4C06C6C84BEF10B1295C4C22448F
:103BF400B24023AA070003C58184854541016F2093
:103C04002102411126C2938441849C4006C622C4E9
:103C1400BDCFDC43ADCF5CC12300B5002A849795AA
:103C24000100938525AA178501001305657BEF70B4
:103C3400C1252945EF7061299C4023A4070023A2D4
:103C4400070097E7FF1F938767E8DC4FDC4B99C3B6
:103C54002955A93597E7FF1F938747E9DC4FDC4BCC
:103C640091C3953F894503C58184EF10717B9145CC
:103C740003C58184EF10D17A9C4003A347016308F4
:103C8400030022852244B240924441010283B2409F
:103C940022449244410182800111328506CE22CC15
:103CA40026CA2E84EF10B074AA84979501009385D8
:103CB400A5A4178501001305A572EF70011D030764
:103CC40084000356640083554400A68617950100BA
:103CD400130505AEEF70611B2945EF70011F97E7CF
:103CE400FF1F83C707DF639797000145453B814565
:103CF4000A85013FF2406244D244056182806D71BD
:103D040023248110232611102322911093F74500B8
:103D14002E84638F07103C083EC0B707E5003EC2FF
:103D24003C083EC423170100231801002319010095
:103D3400231A0100231B010097E7FF1F83D707D92C
:103D440099E3C167FD172316F10097E7FF1F83D797
:103D540007D881EB938741849C439C43DC4783D7FA
:103D6400070017E7FF1F130767D62317F100544F07
:103D7400835747002318F100DC4A95EF979501001B
:103D84009385C59B1785010013058565EF70E10FC9
:103D9400179501001305C59CEF70210F2945EF709D
:103DA400C112134544008320C110032481108324CD
:103DB40041105161828097E7FF1F83C797D1255532
:103DC400B5C7FD1717E6FF1FA305F6D003D60601F6
:103DD40083470701CC460A85230BF100EF10F0540A
:103DE400938741849C4317E7FF1F130727CE9796B9
:103DF40001009386664B88430A866C00BD2DAA8415
:103E04004DD197950100938565931785010013059E
:103E1400255DEF708107A6851795010013050595AB
:103E2400EF70A1062945EF70410A2685853995BFB3
:103E340093F725008DC341468145280897D0FF1F7D
:103E4400E78040DF2555993928089305F00F553B45
:103E54001345240089BF93F715000145A9D7EFF056
:103E64001FAA1345140081B75C4D411106C688C3CF
:103E7400170500001305E5E823A2F184EF20C10E25
:103E8400B2402384A184014541018280EFD29FBBCB
:103E94002A8408452E89B28909C900C19705000002
:103EA4009385C5736105EFF0907481447D5AEF10DA
:103EB400800363C3A4048144EF10E00363C6A40435
:103EC40097070020938707889C43DC47B307F94092
:103ED40091872302F400638109048327C900B3078F
:103EE400F4409587A302F4001C4C89C79C4799C3EE
:103EF400228582976FD05FB85C44139714008504C1
:103F0400BA972390470165B71C481397140085049A
:103F1400BA97239007004DB7832789000547B30755
:103F2400F4409587A302F40083570400638EE702EC
:103F34008DC309476384E7040D47E397E7FA97972E
:103F440001009387A7E81CCC97970100938707E9A2
:103F540011A8979701009387E7AE1CCC97970100AF
:103F6400938747AF5CC849B7979701009387879AAF
:103F74001CCC979701009387E79AEDB797970100B8
:103F8400938787E91CCC979701009387E7E9D9BF0A
:103F940085E1EFD2DFAC0046184483479400758373
:103FA4009D8B6315F700EF00701948C46FD07FAD87
:103FB4008280EFD23FA913893500C16442094111BF
:103FC400AA890144F11413590901054A2EC6EF00C8
:103FD4009071B2456346A400014541016FD0DFA949
:103FE40083A7090013171400BA9783D707006388BF
:103FF400B7006394970063742A010504C1BF0545A3
:10400400E9BFEFD25FA3AA892E89328BB6843A8A9C
:10401400BE8AEF80003A4DC12685EF10F02C8D4703
:1040240063E5A7007D556FD09FA483DB4400EF00B8
:1040340090712A84EF007072930774003144330541
:10404400850263C5A702EF001070EF00D06F2A84C9
:10405400EF00B0709307740031443305850263CDDB
:10406400A702EF00506E9307450019A8EF00F06E09
:10407400330585021307F0179307C017E357A7FC0E
:104084002D55E3C277FB63000B02D6865286A685C4
:104094004A85EFE0705741BFEF00306C330585026D
:1040A4009307C5FFF1BF832749001385C90083D552
:1040B4002700013779F9BDB76955B5B797F7FF1FE1
:1040C4002394A76897F7FF1F9387C7679043814797
:1040D4000C463307F500420741836393B70082809F
:1040E4005446139847008507C2962390E600D5B737
:1040F40097F7FF1F938707659C4303C5870082805A
:1041040017F5FF1F035545648280EFD25F95C167A1
:104114001387D7FF6307E5026368A700F117630EEF
:10412400F50001456FD0FF951387E7FF630EE500A7
:10413400FD171D8D13351500F5B7EF40E0337D15E0
:10414400D5BFEF406011E5BFEF40C00FCDBFEFD248
:104154001F914111AA8401442EC6EF00D059B245E3
:104164006346A400014541016FD0BF919C481315DB
:1041740014003E9583570500E387B7FE0504E9BFA5
:1041840003485500814693F7F60F63E5070181471D
:104194003E858280584593975600BA9703D72700E7
:1041A4006316B70003D70700E304C7FE8506E1BF23
:1041B4008346450001479377F70F63E4D7008147AF
:1041C40011A81C45131657000507B29703D607001C
:1041D400E313B6FE3E858280EFD2DF869317050196
:1041E400C18797FAFF1F938AEA556353F00883A7A0
:1041F4000A00C0479C4703570400198D42054181BA
:104204006366F500014422856FD01F8712052A9446
:10421400DDBFDC4713944900014A3E9483474400C0
:104224006341FA02014A834754006346FA0285094E
:10423400C20993D9090183A70A009847E3EBE9FC73
:10424400D1B71C4413195A00A6853E994A850137F3
:1042540009ED050AE1B75C4413195A00A6853E9995
:104264004A85F53519E1050A7DBFE30209FC61BF02
:10427400AA848149C9B7EFD28FFE1C452A8481E7FD
:104284009307C5001CC51C44231204001CC09307DB
:10429400F00F63E9B70093F5F50F2285EF10D00A0C
:1042A4006FD02FFE93940501C167C18063F7F500B9
:1042B400A6852285EF10F00CE5B7C18193F5F50FC3
:1042C4002285EF107008A6852285EF103009C9BF3A
:1042D40097F7FF1F93870747884382801C4599C738
:1042E40097F7FF1F23A0A746014582807D55828052
:1042F40097F7FF1F9387074598438347450048472F
:1043040092073E958280EFD28FF5617100451C18AB
:104314003EC6B70780013EC81C183ECA83574400F6
:1043240002CE02D002CC231EF100834784002A89E6
:1043340002D22301F1023C083ED402D6553F8357F2
:1043440005002316F102EF30B0622307A1025C409E
:1043540003556400F18313F717008347F1025205F4
:104364005181F99BD98FA307F102EFE0501B39C5A6
:10437400AA8403550500EF80A00483D704002AD241
:104384006800231CF10083D72400231DF1001C487E
:1043940003D647008C43EF1040798347B400CA86A4
:1043A40017860100130686508117A305F4006C00DC
:1043B4004810EFE070255D616FD0AFEC2155E5BF8B
:1043C4001C45B1CF03C5A700894613576500630B8D
:1043D400D7028D46630ED70285466300D7021307C2
:1043E40040063305E50203C7B700418B15CB83C7ED
:1043F400B700BD8B3355F54082801375F503130761
:10440400803EC5B709671375F50313070771D1BF5C
:10441400372709001375F5031307077CD9B701453E
:104424008280EFD2CFE303A98500630409048347A4
:10443400B900AE8493F7070E91CF03459900930515
:1044440020030D810505B305B50288446105EFF02D
:10445400F02505A02E85AD372A8401CDC5218325FD
:10446400C900B307B54063F887002E94B305A44090
:10447400E9FD6FD00FE18545C9BFEFD24FDE2A8435
:1044840003D50500011132C636C43AC22EC002CA91
:1044940002CC02CEEF70D07282452ACA22852ECC7D
:1044A400813D03570500231EE100EF30704CA24606
:1044B40032469247230FA10036874C08B2862285E4
:1044C4000146EFF01FB405616FD0AFDBEFD22FD9F7
:1044D40061711C183EC6B70780013EC81C183ECA4D
:1044E4003C0800453ED4AA8402CC02CE02D002D2BB
:1044F40002D6FD3B8357050035592316F102EF30F0
:1045040030472307A10209C48357440091E7215986
:104514004A855D616FD0EFD6035564005205518121
:10452400EFE0E07F2A8965D58347B40093F7070E4F
:1045340089C713058401EFF0F01883574400231E44
:10454400F100834784002301F1025C400355090014
:10455400D98313F7070883471102231CA10093F79B
:10456400F707D98FA300F10283572900231DF10017
:104574005C40F18313F717008347F102F99BD98F4D
:10458400A307F102EF70D0632AD251D1834794007C
:104594006800139757008347B400FD8BD98FA30598
:1045A400F4001C4803D647008C43EF100058A6873C
:1045B400178701001307872F740005464C102685C2
:1045C400EFF03FA42A8929D58347B400A685FD8B43
:1045D400A305F400B9352DBFEFD26FC8832485FE3F
:1045E4002A8441112685E93B834734FF93F7070E5C
:1045F40095C32AC62685013B19C9834734FFB245B2
:10460400FD8BA309F4FE81C52285EFF0300A410138
:104614006FD02FC76DDD8327C4FF2685829765F988
:10462400834734FF93F7070E81C72285EFF0900983
:10463400032584FE613DE1BFEFD26FBF9C41411170
:104644002A8903C7070089472E8493566700638C21
:10465400F6020D466382C6049307F0076302F7026D
:104664002E85EF10C058AA848149C16B130C4900F0
:1046740097F7FF1F9387070D9C43984763ECE90264
:1046840041016FD08FBE03D745008547E3FAE7FEAB
:104694002E85EF10A059C1BF03D74500E3F2E7FE12
:1046A4002E85EF10C054AA842285EF10A055C204B1
:1046B400C98C5DBFDC470355A900139A49003E9A93
:1046C40093170501C187635DF00083570A00639562
:1046D400A70263E574038327CA00034D5A001DA093
:1046E400A1672167A98F1307F7EFE374F7FE6395BA
:1046F4000900EFF09FA171FD85099DBF83278A0002
:10470400034D4A00835DA90003576900216A138B96
:10471400C7003AC6814A33CA4D01631E5D0197F74B
:10472400FF1F9387A7029C43E1DBA2866286814533
:1047340026858297D1B7A1679387F7EF930C4BFF38
:1047440063F04703B2455A85EFF0BF8619CD0327BE
:104754008B00104719CA10436380C4023107D5BFC8
:10476400EE856685EFF0BF9E71FD93861A0093FA7D
:10477400F60F130B0B0255B7835644005C43E3ED6D
:10478400F6F622853AC6EF108035A1679387D704E1
:104794002A8A035D4400324763E897008347D900BF
:1047A40093E707F8A306F9001C4766852286E2858D
:1047B4008297C1670844FD17337AFA00529508C0FE
:1047C4002312A40115BF97F7FF1F9387A7F79843F8
:1047D400814715C31447814763FFD500939745006C
:1047E4004C47BE9519C903C7550081476375E60058
:1047F400DC451606B2973E85828003C74500814793
:10480400E37BE6FE16069C45F5B7EFD2AFA3AA8973
:104814002E8A814497FAFF1F938ACAF283A70A005B
:10482400984763E4E4006FD02FA5DC471394440059
:1048340001493E9413BB140083474400634BF900C1
:10484400014913BB140083475400634FF9008504E6
:10485400F1B70844931759005287DA860146A285B6
:104864003E9582990509C9BF484493175900528758
:10487400DA860546A2853E9582990509E9B7EFD205
:104884000F9E814517F5FFFF1305856097F7FF1FFE
:10489400239C07EA9D3F6FD0CF9E97F7FF1F938716
:1048A40067EA9C4399CBEFD28F9B814517F5FFFFB5
:1048B4001305055E993F6FD0CF9C8280EFD28F980D
:1048C40041112315E1002E89B284B6893A868146C6
:1048D4000147ED452A84EF1031522AC61DCD0356F7
:1048E400A100CE85EF60014FCA852285EF103165A6
:1048F400058915C1228501462C0023149100EF106F
:10490400117B2A8409C5ED452800EF10515D2285ED
:1049140041016FD06F964944FDB76554CDBF5C41EA
:10492400FD175CC18280EFD28F93EF10210C954765
:104934003305F50281450D816FD0AF94EFD22F92EC
:10494400EF10C10A95473305F5020D816FD06F93BF
:10495400EFD2EF9003550500EF1051266FD06F9200
:10496400EFD2EF8F035505003287AE8617D6FF1FAF
:104974000356A61E97F5FF1F938585DD81376FD0FB
:104984004F90EFD2CF8DEF50D1146FD08F8FEFD2E5
:104994000F8D97F5FF1F9385A5DBEF103178014547
:1049A4006FD02F8EEFD2AF8B814517D5FF1F0355E4
:1049B400C516EF10F1626FD0CF8CEFD24F8A97F506
:1049C400FF1F9385E5D9EF10717501456FD06F8B8B
:1049D400EFD2EF88814517D5FF1F0355051AEF1055
:1049E40031606FD00F8AEFD28F872E85EF60A04B96
:1049F400EF60F0006FD0EF88EFD26F86EF60D00ADF
:104A04006FD02F885C49E1175CC95CC583572501C9
:104A1400A1072319F50083570501A1072318F50001
:104A24008280F1473305F50297F7FF1F938747D537
:104A34009C433E9582808D476317F60603D7460054
:104A4400854763F2E706EFD28F81368536842E8957
:104A5400EF10E01939C18357440093140501C18054
:104A640063ED97022285EF108018FD142312940041
:104A74009307A002630EF5009307B0026301F502E9
:104A840093079002631BF5002285EFC0907831A054
:104A94000146CA852285EF8060026FC09FFE228591
:104AA400EF00D055DDBF828097F6FF1F938686CD39
:104AB4009C42014599CF9843D44217F6FF1F232304
:104AC400E6CC6396D70097F6FF1F23AFE6CA13859B
:104AD400C7FE8280EFC2BFF87D2E71443305850284
:104AE4009145EF70C05501E565556FC09FF997F783
:104AF400FF1F23A5A7C84526330585029145EF70FE
:104B040000547DD197F7FF1F23ACA7C6692697F7FA
:104B1400FF1F239FA7C4412697F7FF1F239BA7C40A
:104B2400978701009387C7DD17F7FF1F2326F7C474
:104B340097070000938747ED17F7FF1F232CF7C251
:104B4400014565B7EFC2BFF1AA8517F5FF1F13052D
:104B540025C2EF10A01D6FC0DFF2EFC25FF0DD379A
:104B6400EF10401E97F7FF1F9387C7C19C4381CF67
:104B74001387C7FE09CB83D5C7FF17F5FF1F13059E
:104B8400E5C0EFF0A0326FC0DFEFEFC25FED293F69
:104B940011C9834785002A8493F7070491E70355D5
:104BA400E500653F6FC0FFED8347C50093044501F1
:104BB40017F9FF1F130909BD85E3832709005CC9A1
:104BC40097F7FF1F23A097BC83274900E1FF97F7BE
:104BD400FF1F23AB97BAF9B7FD172306F50061054C
:104BE400EF6000728307840063C90704834784006D
:104BF40093E707F82304F400EF0031584205A9476E
:104C040041813375F5028347840093F707FCC98F0C
:104C14002304F4008347D4003E951C402318A400C9
:104C240089CF984319CB8347C400504081458507F9
:104C34003305F502420541810297832709005CC8C8
:104C440097F7FF1F23A097B48327490089E797F7B5
:104C5400FF1F23AB97B28347C400A9D78355040130
:104C640017F5FF1F130585B2EFF0402425BFEFC2EF
:104C74001FDF97F7FF1F9387A7D69C4701448583BF
:104C8400858B81EFAE84B2853A86EF1000112A84B9
:104C940009C5EF100008829408CC22856FC07FDE1E
:104CA400EFC25FDA41112E8932C6AA89692C3247D4
:104CB40013060502CA86970500009385C5D617F525
:104CC400FF1F1305E5AA65372A8429CD9304C5007F
:104CD4004D261946AA852685EF003065854526852B
:104CE400EF00106217850100130545BF4E958345FB
:104CF40005002685EF0050655C4831468145A107D3
:104D04005CC85CC483572401E1172319F40083575A
:104D14000401E1172318F4001C4C3E85EFC03FD773
:104D2400A3042501228541016FC01FD5EFC23FD3E3
:104D34004111AA842EC632C4EF100000004DB245C2
:104D44002246834784000CC050C093F7F70393E7CF
:104D540007042304F400231804002685EF00707B65
:104D640083479400A9462317A40013D737000507E7
:104D74003307D7029D8B85072306F400A306E400BE
:104D840083C70401D8488507230FF7FE17F7FF1FD1
:104D94001307479F5843232A0400930744011DEB3C
:104DA40017F7FF1F2322F79E17F7FF1F232CF79CEB
:104DB40017F4FF1F1304849D2285EFF0E0041C44C4
:104DC400858B5D8D09E581452285EFF0200E41013B
:104DD4006FC03FCB1CC317F7FF1F2327F79AC9BF28
:104DE400EFC2FFC797050000938525C50145EFF085
:104DF4009FBF01456FC0FFC8EFC27FC6EFF0DFBFA2
:104E04006FC03FC88347C500A1E7EFC25FC52A84CE
:104E14000355E500EFF01FD315C98347840093F7CA
:104E2400F7FB2304F4001C4091C7DC4381C74C40CA
:104E340001458297EFF05FC717F5FF1F130505952E
:104E4400EFF040080355E400EFF03FD16FC07FC39B
:104E54008280EFC2DFC097F7FF1F9387A792970561
:104E640000009385C5D217F5FF1F1305259223A0D3
:104E7400070023A20700EFE090776FC09FC01C4D8E
:104E840091CBDC4381CBEFC29FBD83450700829762
:104E94006FC03FBF828097F7FF1F938767919C4342
:104EA40003C50700828097F7FF1F938767909C4391
:104EB40003C51700828097F7FF1F9387678F9C4372
:104EC40003C52700828097F7FF1F9387678E9C4353
:104ED40003C54700828097F7FF1F9387678D9C4324
:104EE40003C53700828097F7FF1F9387678C9C4325
:104EF40003C55700828097F7FF1F9387678B9C43F6
:104F040003C56700828097F7FF1F9387678A9C43D6
:104F140003C57700828097F7FF1F938767899C43B7
:104F240003C58700828097F7FF1F938767889C4398
:104F340003C59700828097F7FF1F938767879C4379
:104F440003C5A700828097F7FF1F938767869C435A
:104F540003C5B70011E11D45828097F7FF1F9387B2
:104F640027859C4303C5C700828097F7FF1F93875B
:104F740027849C4303C5D700828097F7FF1F93873C
:104F840027839C4303C5E700828097F7FF1F93871D
:104F940027829C4303D50701828097F7FF1F9387DD
:104FA40027819C4303C52701828097F7FF1F9387BE
:104FB40027809C4303D54701828097E7FF1F93878F
:104FC400277F9C4303D56701828097E7FF1F938760
:104FD400277E9C4303D58701828097E7FF1F938731
:104FE400277D9C4303C5A701828097E7FF1F938712
:104FF400277C9C4303C5B701828097E7FF1F9387F3
:10500400277B9C4303C5C701828097E7FF1F9387D3
:10501400277A9C4303C5D701828097E7FF1F9387B4
:1050240027799C438857828097E7FF1F93874778A7
:105034009C4303D5C702828097E7FF1F9387477776
:105044009C4303D5E702828097E7FF1F9387477647
:105054009C4303C50703828097E7FF1F9387477527
:105064009C43C85B828097E7FF1F9387E77388435D
:10507400828097E7FF1F938767738843828019E1D3
:105084007D558280F5DE984265DFFDD917F7FF1F55
:10509400130707951847AA877155058B63160722CE
:1050A40003C507001547E37DA7FC03C737001305B5
:1050B400F0057D171377F70FE364E5FC03C357008E
:1050C400E30003FC83C86700E38C08FA03C7770096
:1050D400494579171377F70FE364E5FA03C7A70087
:1050E40011481305F7FF1375F50FE36BA8F803CE0A
:1050F40097000D481305FEFF1375F50FE362A8F83A
:1051040003C8B7006309080065181378F80F13057E
:10511400600DE36705F703C5C70079487915137572
:10512400F50FE36FA8F403C8D7000D457D18137875
:10513400F80FE36705F503D80701930E40175118DC
:10514400420813580801E3ED0EF303C8E7007D1885
:105154001378F80FE36605F303C827017D18137865
:10516400F80FE36F05F103C88700C54E751813786F
:10517400F80FE3E70EF103D86701856E938EBEE066
:105184006D18420813580801E3EC0EEF03D84701E9
:105194006D18420813580801E3E40EEF03D88701A1
:1051A4007918420813580801E36C05ED03C8A701F8
:1051B4007D181378F80FE36505ED03C5B7011D48A5
:1051C4007D151375F50FE36DA8EA03C5D701714882
:1051D40079151375F50FE365A8EA03D5E7011308FC
:1051E400E00F7D1542054181E36CA8E803C5070281
:1051F400494879151375F50FE364A8E883AE4702AF
:1052040037C534001308F5BFE36CD8E703A8870259
:10521400130555BF5918E36505E717E5FF1F232755
:10522400C55803C6050117E5FF1F2323F558054597
:10523400E378C5E403D82501D04933760603E311A6
:1052440006E403C61501E30D06E217E6FF1F232D4E
:10525400B65483C5270001466387A50003C617001B
:10526400F1453306B60283C707039305C00272975C
:105274001A071307C70516031A9796084697B387A4
:10528400B70241553E97329742074183636EE80265
:10529400EFC2EFFC3685EF60B064EFD0101D2A84B6
:1052A400EF80D0112A94EFC0F0202A94EF60307C74
:1052B4002A94EFF03F822A94EF2010612A94EF5051
:1052C400A06122956FC0EFFB8280EFC24FF94111BC
:1052D400A307A100EF80A0129305F10017050000B9
:1052E400130525BAEFF06FD2014541016FC06FF984
:1052F400EFC26FF417E4FF1F1304846E03288400C5
:1053040079599368180097E4FF1F23AF146D13783D
:105314001800631E0800BA84BE89368B328A2E892F
:10532400AA8AEFE0FFDC7D15269509E531594A8507
:105334006FC0EFF3EFE0DFDB7D152695A167E35740
:10534400F5FE97F7FF1F9387A7A098433E8C814BE8
:1053540011C70145EFC0103A933B15004A85DA8620
:105364005686D285EF70902B2A8911CD1C44F99B67
:1053740017E7FF1F232AF76683270C00CDDBE3889A
:105384000BFA82976DB7268597E7FF1F23AC076456
:10539400EFE0DFD24146CE8517E5FF1F1305C56D4B
:1053A400EF505123EFA0D0030325040BEFA0D00549
:1053B4000545EFA0D00B0545EFF03FF18DBF97E712
:1053C400FF1F9387E7619C47858BD5C7EFC22FE901
:1053D40017E5FF1F1305856897E7FF1F23A20760E2
:1053E40097E7FF1F23A0076097E7FF1F23AE075E21
:1053F400EFE0502DEF30D07FEFE0F004EFE07009E4
:1054040097E7FF1F9387475C9C4381C70545EF607F
:10541400902897E7FF1F9387E7449C4389C741651A
:105424007D15EF500067EFC0D035EFA0407C97E7C3
:10543400FF1F9387E76F9C4313971701635407007B
:10544400EFC0004197E7FF1F23A8076297E7FF1FFC
:1054540023A6076297E7FF1F23A4076297E7FF1FAE
:1054640023A20762EFF05F999D23EFF04FC1EFC0D5
:10547400E0626FC00FE18280EFC2CFDC2A84930424
:10548400140201112E85B289A685214636C63A89B1
:10549400EF50F1111DE1B24638082686CE8513057A
:1054A4009404EF40804021462C084A85EF50311087
:1054B4001335150005616FC02FDC0145E5BFEFC250
:1054C4000FDA9305450617E5FF1F1305A52EEFE038
:1054D400F01D6FC00FDBEFC28FD841112EC6EFF065
:1054E400EFC5B24588C141016FC0AFD9EFC28FD5B6
:1054F400AA842E84EF60F06EAA8985452285A925A9
:1055040083C7E4011389940899E313890403CE85BE
:1055140022851D2D2146930519022285392597E7F9
:10552400FF1F9387E74B8C432285EF006068214679
:10553400938584022285D52B6FC00FD4EFC2AFCFE1
:105544003971EFC0004C9305400645EDEF6070667D
:10555400630E051097E7FF1F83C7872713B717004C
:1055640097E6FF1F2386E626014489CFC16417E925
:10557400FF1F1309E9469309400EFD14EFF0BF9A8B
:105584006348A408EFF08FBB4169B7290900096A91
:10559400FD7A2A8B81447D199389F97B130A0A7158
:1055A400938A8AC7EFF03F9863D5A4041304400E8E
:1055B400B387840217E7FF1F130787420324070BEF
:1055C4003E948357C4016386270918403307EB4090
:1055D40063EAE900834744008507B3874703D69706
:1055E4006369F706014681450945EFF06FEBAA8B25
:1055F40029E1EF2090598547631FF5048965938558
:10560400057117E5FF1F1305E51AEFE0300AA1A89D
:10561400B30734030327090BBA9703D7C7016308F9
:10562400970003C75700A38207002382E7000504FD
:10563400B1B79305C5002285EFF05FEB5E85228646
:10564400977501009385C52AEFF04FEE5E85EF0054
:10565400606F850481BF97E7FF1F938767389C4776
:105664008D83858BC1FF21616FC06FC00146854565
:10567400094502D002D202D402D6EFF06FE2AA8426
:105684007DD1EFC040371389C4002A8481454A85FF
:1056940065290C4041464A85492983294400638889
:1056A40009084E8502D802DA02DC02DEEF50F1125C
:1056B4002ACE141005462C0808184ECCEF4080164C
:1056C4001375F50F2DE58355840093E525004A8570
:1056D4004D2911460C104A85892901469775010008
:1056E400938585212685EFF06FE42685EF0080659C
:1056F4005C40B5DB014685450D45EFF06FDAAA84C1
:105704003DD148401389C400EF50310D2AC64A8563
:10571400E12E3246636AC5004C404A853921014670
:1057240081452685EFF08FE02685292D2DBF8355F1
:10573400840071BFEFC2AFB297E7FF1F9387472A78
:105744009C4719CD93E7870017E5FF1F13058506CE
:1057540017E7FF1F232AF728EFE0E0736FC06FB24B
:10576400DD9B17E7FF1F2321F728EF2010427DF56B
:1057740017E5FF1F13050504EFE0C074C5B7EFC2BA
:105784008FAB4169AA892E8AB28A368BBA8B81443F
:1057940017ECFF1F130CCC24930C400E7D19EFF073
:1057A4008FF863C4A40001442DA033849403832799
:1057B4000C0B3E948357C401638027055A87D68611
:1057C4005286CE8513050403EFF01FCB11C5238049
:1057D4000B0022856FC0AFA98347F40191CF5A878C
:1057E400D6865286CE8513059408EFF0FFC809C506
:1057F40085472380FB00F1BF850455B783574500D7
:10580400638D0716EFC20FA401112A84CD2619C592
:105814008547630AF50405616FC00FA6EFC0601EDB
:105824007DF9835744004947ED9BE396E7FEC14564
:105834002285612CAA842285D52E0357440002CEEA
:1058440091472A896317F700228519293C082ACC35
:105854003ECEEFC0401A5C55DDDF74084A86A6854B
:10586400054582974DBF03574400D147E3F5E7FA56
:10587400032A0400C169014997EAFF1F938A4A1663
:10588400130B400EFD19EFF00FEA6344A90C2285B7
:10589400032A0400A92EA1452A8922853D24AA842D
:1058A40022857D2E14402A86AA8978082685CA85F1
:1058B400EFF0FFECAA8425D103C7F40189476315EF
:1058C400F7008347C101A1DB5546D28513856400E7
:1058D400EF5041500145EF60B02E01C583D7C4019C
:1058E400B1EB97E7FF1F9387A70F9C4793551900C8
:1058F400858913D73700058B11CB8983858B6397F3
:10590400B70001452EC6EFF0FFE2B2454E85EF60C9
:1059140010330346C1012A84937519002685EF705C
:10592400502731C92685EF60102E268511C0014508
:10593400EF607058EF2070258547E31EF5EC83C7B0
:1059440054001307F00FE388E7EC8507A382F40003
:10595400D9B5B304690383A70A0BBE9483D7C401E2
:10596400638937015546D28513856400EF5021447D
:1059740071D1050909BF5DDC5DBF8280EFC28F8CE8
:10598400EF60302311CDC164014417E9FF1F1309EF
:1059940029059309400EFD14EFF0EFD8634AA400E3
:1059A40017E5FF1F130505E1EFE0E04E6FC0CF8C54
:1059B400330534038327090B3E958357C50163865A
:1059C400970023120500EF6010240504F1B797E750
:1059D400FF1F9387E7009C478D83858B99EBEFC26C
:1059E4000F8817E5FF1F1305E5DCEFE0A04D6FC03E
:1059F4004F898280EFC2AF8697050000938545B436
:105A040017E5FF1F130505DBEFE0603E6FC06F87EE
:105A140083C7F5FF2E858507A38FF5FE828083C794
:105A2400F5FFFD1793F7F70FA38FF5FE89EBEFC290
:105A34000F831385F5FFEFF0D0446FC08F8482800D
:105A4400EFC2EF818841050542054181EFF090489E
:105A540009C585472300F50005056FC08F821C41E9
:105A6400035745008D8FBA951CC12312B5003E859E
:105A7400828093D78500A2051441DD8D83574500AC
:105A84001387E6FF18C189072312F50013D6850092
:105A94004111238FB6FEA38FC6FE410182801841B7
:105AA4009307F7FF1CC18357450085072312F500B0
:105AB400A30FB7FE8280835745008D8F2312F50014
:105AC4001C41BE950CC12E858280AA8703D747004E
:105AD40008410D8FAA952392E7008CC38280184158
:105AE40008453305A7408280835745000357650066
:105AF4001D8F1C4108453385A7403305A74082808C
:105B0400EFB2FFF541112EC62A84EFF0FFFDB24536
:105B14006373B50001A0835744000840BE95231267
:105B2400B4003E9541016FB0DFF5EFB25FF3411170
:105B34002E84B28532C6EFF0BFFC3246A285EF5008
:105B4400612941016FB0FFF3EFB27FF12E848545E7
:105B5400EFF01FFB230085006FB0BFF2EFB23FF000
:105B640041112317B1008945EFF09FF98347E10004
:105B74002300F5008347F100A300F50041016FB055
:105B84005FF0EFB2DFED93D78500A2054111DD8D03
:105B94002317B1008945EFF0BFF68347E1002300E6
:105BA400F5008347F100A300F50041016FB07FEDDC
:105BB400EFB2FFEA1397850193D78501C1669386F7
:105BC40006F0D98F13D78500758FD98FA2053707B3
:105BD400FF00F98D4111DD8D2EC69145EFF05FF286
:105BE4006C001146EF50011F41016FB09FE9EFB205
:105BF4001FE71C41854503C40700EFF0DFEB228556
:105C04006FB03FE8EFB2BFE51C414111894503C7BE
:105C1400070083C717002307E100A307F100EFF093
:105C24009FE90355E10041016FB0BFE5EFB23FE3E7
:105C34001C414111894503C7070083C71700230787
:105C4400E100A307F100EFF01FE78357E1004101F2
:105C540013D58700A2075D8D420541816FB07FE2B5
:105C6400EFB2FFDF0C4141112A8411466800EF5066
:105C7400611691452285EFF01FE4B247C166938611
:105C840006F01397870113D58701598D13D7870021
:105C9400758F598DA2073707FF00F98F5D8D41017C
:105CA4006FB03FDE1C45BE950CC18280AE87944325
:105CB40091E6584101EF0CC15CC1828003C75700D3
:105CC40013671700A382E700B687D5B70CC3EDB7F7
:105CD400AA87084119CD1841D44398C36313D5004A
:105CE400D8C32A87034657009376160081E62320FB
:105CF40007008280944381CA8C4203A847008CC366
:105D040063930601CCC3799A14C3A302C7003687F0
:105D1400D1BF1C45DC471D8DB777DBB6938777DB96
:105D240009853305F502420541818280F147B38537
:105D3400F50248452E958280834745008507230256
:105D4400F5008280EFB2BFD12A8419E06FB07FD30F
:105D540083474400E5DFFD1793F7F70F2302F400B0
:105D6400F5F71C4403D7270005072391E700DC431C
:105D740099C3228582974C4889CD83475400898BE7
:105D840099E71C4422859C479C439C478297232A7D
:105D940004000040232004004DBFEFB25FCC8357C2
:105DA400250041112EC691E70144228541016FB0BF
:105DB4005FCD035705008147F146E307F7FEB3853E
:105DC400D702404585072E948345440008C4F5F561
:105DD400B247AA8481E7232A040009A81C456C0061
:105DE40022859C439C43829748C85DDD85472312E6
:105DF400F400B24723200400231804002319F400FC
:105E04005C485CC483D72400FD172391F40071BF60
:105E1400EFB2FFC497E7FF1F9387C79B88432326EE
:105E24000500232405004105EFE0C0096FB07FC5DC
:105E3400EFB2FFC217E4FF1F1304C4991C404111C1
:105E440089CF9C472300B5002AC65CC1EFF05FFCF4
:105E54001C40DC4399C33245829741016FB07FC235
:105E6400034745001DEB584DAA877D550DCBEFB276
:105E74001FBF1CC3DC4797E6FF1F23ADE694F15612
:105E8400130507012390D70097050000938585012A
:105E9400EFD0F07501456FB0DFBE7D558280828002
:105EA400EFB2FFBB0111614681452800EFB03FBE50
:105EB40097E7FF1F938707929C4328009305F00FF1
:105EC400DC473EC6EFF0DFF605616FB09FBB97E796
:105ED400FF1F938727909C43D847A1679387C702E6
:105EE4006312F70A397106DE22DC26DA80004AD80A
:105EF4004ED652D456D23285B284EFF05FCFAA89FF
:105F04002685EFF03FD02318A4FC2685EFF09FCF21
:105F14002319A4FC2685EFF0FFCE83D744000A8A18
:105F2400231AA4FC858393F7F70F230EF4FC86074A
:105F3400BD0793F7073F3301F1408A8A014983473C
:105F4400C4FD6365F902CE85130584FC232C54FD3E
:105F5400EFF01FEE5281130104FCF2506254D2544C
:105F64004259B259225A925A216182802685EFF011
:105F74007FC993171900D69705092390A7001379B1
:105F8400F90F75BF828097E7FF1F9387A7849C430F
:105F9400D847A1679387A7026310F70A397106DE11
:105FA40022DC26DA80004AD84ED652D456D2328524
:105FB400B284EFF0DFC3AA892685EFF0BFC4FD5792
:105FC4002318A4FC26852319F4FCEFF0BFC383D760
:105FD40044000A8A231AA4FC858393F7F70F230E3F
:105FE400F4FC8607BD0793F7073F3301F1408A8A23
:105FF40001498347C4FD6365F902CE85130584FC1A
:10600400232C54FDEFF0DFE25281130104FCF25023
:106014006254D2544259B259225A925A216182800E
:106024002685EFF03FBE93171900D69705092390F4
:10603400A7001379F90F75BF828097D7FF1F938745
:1060440067799C43D847A16789076318F7083971B2
:1060540006DE22DC26DA80004AD84ED652D456D246
:1060640032853289EFF0BFB8AA894A85EFF09FB92B
:10607400835749000A8A2318A4FC858393F7F70FF2
:10608400230CF4FC8607BD0793F7073F3301F14067
:106094008A8A8144834784FD63E5F402CE8513052F
:1060A40084FC232A54FDEFF0BFD85281130104FC71
:1060B400F2506254D2544259B259225A925A21612E
:1060C40082804A85EFF01FB493971400D697850415
:1060D4002390A70093F4F40F75BF828097D7FF1F16
:1060E4009387476F9C43D847A1679387E70463125C
:1060F400F70A397106DE22DC26DA80004AD84ED649
:1061040052D456D23285B284EFF07FAEAA89268566
:10611400EFF05FAF2318A4FC2685EFF0BFAE231A7F
:10612400A4FC2685EFF01FAE83D744000A8A231906
:10613400A4FC858393F7F70F230EF4FC8607BD07B1
:1061440093F7073F3301F1408A8A01498347C4FD2D
:106154006365F902CE85130584FC232C54FDEFF00E
:106164003FCD5281130104FCF2506254D25442597F
:10617400B259225A925A216182802685EFF09FA853
:1061840093171900D69705092390A7001379F90FDF
:1061940075BF828097D7FF1F9387C7639C43D847F7
:1061A400A1679387C7046310F70A397106DE22DCFE
:1061B40026DA80004AD84ED652D456D23285B284DA
:1061C400EFF0FFA2AA892685EFF0DFA3FD5723187D
:1061D400A4FC2685231AF4FCEFF0DFA283D7440045
:1061E4000A8A2319A4FC858393F7F70F230EF4FC82
:1061F4008607BD0793F7073F3301F1408A8A0149B7
:106204008347C4FD6365F902CE85130584FC232C02
:1062140054FDEFF0FFC15281130104FCF2506254AB
:10622400D2544259B259225A925A21618280268507
:10623400EFF05F9D93171900D69705092390A700E7
:106244001379F90F75BF828097D7FF1F93878758FB
:106254009C43D847A167DD07631BF702EFB23F8079
:10626400797132853284EFF09F982AC62285EFF047
:106274007F992311A1022285EFF07F97B245230075
:10628400A1022808EFF0DFBA45616FB08FFF82806A
:1062940097D7FF1F938707549C43D847A1679387D9
:1062A4008704631BF702EFB28FFB79713285328466
:1062B400EFF0FF932AC62285EFF0DF942311A102A9
:1062C4002285EFF0DF92B2452300A1022808EFF007
:1062D4003FB645616FB0EFFA828097D7FF1F93876F
:1062E400674F9C43D847A1679387A704631CF700B3
:1062F400EFB2EFF6011128008145EFF07FB305619D
:106304006FB02FF8828097D7FF1F9387A74C9C43C9
:10631400D847A167938757026311F702EFB22FF4AE
:1063240001113285EFF0BF8C2308A10081452800BC
:10633400EFF01FB005616FB0CFF4828097D7FF1FD5
:10634400938747499C43D847A1679387E702631F14
:10635400F702EFB2CFF0011132853284EFF09F8A59
:10636400AA842285EFF01F8A854719E52285EFF07C
:106374001F884205B337A0002800814523189100E7
:106384003ECAEFF0FFAA05616FB0AFEF828097D7E6
:10639400FF1F938727449C43D8479947631FF704FB
:1063A400EFB2EFEB797132853284EFF05F842AC665
:1063B4002285EFF03F852310A1022285EFF03F8371
:1063C4002301A1022285EFF09F82A301A10222856D
:1063D400EFF0FF812302A1022285EFF05F812313F6
:1063E400A1022285EFF0BF80B2452314A102280840
:1063F400EFF01FA445616FB0CFE8828097D7FF1FED
:106404009387473D9C43D847A1679387C703631F7E
:10641400F704EFB2CFE4797132853284EFF02FFDC7
:106424002AC62285EFF00FFE2310A1022285EFF089
:106434006FFD2311A1022285EFF06FFB2302A1025D
:106444002285EFF0CFFAA302A1022285EFF02FFA02
:106454002303A1022285EFF08FF9B245A303A10221
:106464002808EFF0FF9C45616FB0AFE18280EFB286
:106474000FDF01112A84EFF08FF7AA842285EFF051
:106484006FF82285EFF00FF8035744008D4763F54A
:10649400E7002285EFF00FF72285EFF0AFF6280032
:1064A400A685EFF0FF9805616FB0AFDD97D7FF1FAA
:1064B400938747329C43D847A167FD076319F700C8
:1064C400EFB2EFD93285EFF09FFA6FB08FDB8280A5
:1064D40097D7FF1F938707309C43D847A167E507E9
:1064E4006311F706EFB2AFD7797132853284EFF0DA
:1064F4000FF02AC62285EFF0EFF02285EFF08FF03F
:106504002310A1022285EFF0EFEF520551812311F0
:10651400A102228523020102EFF06FEDA302A10282
:106524002285EFF0CFEC2303A1022285EFF02FECBC
:10653400B245A303A1022808EFF09F8F45616FB015
:106544004FD4828097D7FF1F9387C7289C43D8478F
:10655400A1679387E7036319F700EFB24FD0328541
:10656400EFF0FFF06FB0EFD1828097D7FF1F9387D2
:1065740067269C43D847A167938747046314F702AF
:10658400EFB2EFCD797132853284EFF04FE62AC64F
:106594002285EFF02FE7B2452808EFF07F894561A7
:1065A4006FB02FCE828097D7FF1F9387A7229C437B
:1065B400D847A167938787026316F702EFB22FCA01
:1065C400797132853284EFF08FE22AC62285EFF0AA
:1065D4000FE2B2452300A1022808EFF07F85456150
:1065E4006FB02FCA8280EFB28FC70111EFF02FE096
:1065F400AA852800EFF0DF8305616FB08FC897D7B5
:10660400FF1F9387271D9C43D847A167D1076319B0
:10661400F700EFB2CFC43285EFF0FFFC6FB06FC666
:10662400828097D7FF1F9387E71A9C43D847A167B7
:10663400C5076319F700EFB28FC23285EFF0BFFAD6
:106644006FB02FC4828097D7FF1F9387A7189C43EE
:10665400D847A167B9076319F700EFB24FC0328575
:10666400EFF07FF86FB0EFC1828097D7FF1F938759
:1066740067169C43D847A167AD076319F700EFB2CB
:106684000FBE3285EFF03FF66FB0AFBF828097D771
:10669400FF1F938727149C43D84789476310F70249
:1066A400EFB2EFBB0111328532C8EFF04FD4AA85A7
:1066B4002800EFF0EFF705616FB0AFBC828097D789
:1066C400FF1F938727119C43D847A1678D07631742
:1066D400F702EFB2CFB8011132853284EFF02FD137
:1066E40013066100AA844C002285EF20D00C2800F8
:1066F400A685EFF0EFF305616FB0AFB8828097D74E
:10670400FF1F9387670D9C4381CBDC4391C7EFB296
:106714000FB582976FB0EFB68280EFB24FB4797144
:106724003C08AE843ED2A165B7070A002A843ED451
:1067340048103C08DD053ED636C432C63AC2EFD016
:106744009FB312474810BA85EFF00FC03246481085
:10675400B285EFF0AFC0A2464810B685EFF0CFBEC9
:10676400501001478146A6852285EFD01FD145618F
:106774006FB02FB1EFB2AFAE01117C000329C50198
:10678400AE843ECAA165B70707002A843ECC4808F8
:106794007C00C5053ECEEFD01FAE8345D900480826
:1067A400EFF08FBA500801478146A6852285EFD0C5
:1067B400DFCC05616FB0EFACEFB26FAA83C7950071
:1067C40093F7F707A384F500EFF0DFFA6FB06FAB30
:1067D400EFB2EFA879713C08AE843ED2A165B70749
:1067E40009002A843ED448103C08938545043ED6CB
:1067F40032C636C4EFD03FA8A2464810B685EFF0A3
:10680400AFB432464810B285EFF04FB5501001478F
:106814008146A6852285EFD05FC645616FB06FA61D
:10682400EFB2EFA383C7950041112A8493F7F707CA
:10683400A384F50032852EC6EFF0CFBC85672AC449
:10684400637CF500EF50D0372246B24509E9114781
:1068540081462285EFF07FEC41016FB08FA20147A2
:106864008346F501FDB7EFB2EF9D01113C003ECA2E
:10687400B7070A003ECC3C003ECE83C79500AA89E8
:10688400328593F7F707A384F5002E84EFF08FB7D2
:1068940085676371F504A165AA8493858504480816
:1068A400EFD07F9D2685EF50B0312A891DE59145B3
:1068B4004808EFF06FA9A6854808EFF02FAACA850B
:1068C4004808EFF06FA8014781465008A2854E851D
:1068D400EFD0BFBA05616FB02F9A81454808EFF039
:1068E400AFA603490902C1BFEFB2CF9579711C105D
:1068F4003ECAB7070F003ECC404D1C10AA84AE8997
:106904004808994532C636893ECEEFD0DF963246E6
:106914004808B285EFF04FA363040902A54548086F
:10692400EFF00F9E2546CA85EF40C14A5008014743
:106934008146CE852685EFD05FB445616FB0CF9395
:106944008355C4024808EFF06FA10355E402814562
:1069540015C185478545630FF500C167FD1793058C
:10696400F00F6309F5007D15EF50406B930515009A
:1069740093F5F50F4808EFF02F9D8345040348086D
:10698400EFF08F9C834514034808EFF0EF9B835589
:1069940024034808EFF08F9C835544034808EFF024
:1069A400EF9B69B7EFB2AF8B83C795008146014671
:1069B40093F7F707A384F500EFF01FF36FB06F8C24
:1069C400EFB2EF8979713E841C103ECA2E89B70755
:1069D4000F00A1653ECCFD051C10AA84480842C0E6
:1069E4003AC23ECE36C432C6EFD0FF88324648089B
:1069F400B285EFF06F95A2464808B685EFF00F9682
:106A040012474808BA85EFF06F95024863040802FC
:106A140091454808EFF0CF8E1146A285EF40813BA7
:106A2400500801478146CA852685EFD01FA54561D8
:106A34006FB02F8589454808EFF08F8C8347040099
:106A44002300F50083471400A300F500D1BFEFA293
:106A54007FFF83C7950001112A8A93F7F707A38460
:106A6400F5003285AE8432C6EFF0CF9932462A89DA
:106A74003285EFF0CF978567637FF900AA894A854D
:106A8400EF5010142A8419E9114781464A86A685D5
:106A94005285EFF09FC805616FA01FFE9387E9FF41
:106AA40093F7F70F0547E368F7FE8347F50195E78A
:106AB4008947E382F9FE8346F401528501474A86F9
:106AC400A685EFF09FC5A167D90748083ECC230AE5
:106AD400010002CEEFF0BFC27DBF639CE70089478F
:106AE400639CF90093071020231FF500EF50B011A9
:106AF400D9B70947E391E7FC8D47E39EF9FA22856C
:106B0400EF50F03297D7FF1F938707EC9C4399E728
:106B140097D7FF1F938707D59C4389C703D50400E4
:106B2400EF609002231F04002285C9B7EFA23FF350
:106B340001113C003ECAB7070B003ECC3C003ECEE0
:106B440083C795002A89328593F7F707A384F50054
:106B5400AE84EFF02F8B93170501C187635EF004B9
:106B6400A1652A849385E5024808EFD0CFF0A28579
:106B74004808EFE0BFFE97D7FF1F9387A7CE9C433B
:106B84009DEF01449375F40F4808EFE0FFFB935524
:106B9400844093F5F50F4808EFE01FFB935504413B
:106BA40093F5F50F4808EFE03FFA01478146500896
:106BB400A6854A85EFD07F8C05616FA09FEC416567
:106BC40085460546A2857D15EF3010655DD95105D2
:106BD400EFD08023130440063344850265B7EFA247
:106BE4001FE80111B70706003EC683C7950021645C
:106BF4002A8993F7F707A384F500AE842800930548
:106C0400A4040AC40AC8EFD00FE730000147814644
:106C1400A6854A85EFD07F86EFE06FFA13049404CB
:106C2400480822CC230A010002CEEFF05FAD0561D3
:106C34006FA03FE5EFA21FE1C1642A89014497D9FF
:106C4400FF1F9389E9D9130A8002FD14EFE0AFAE68
:106C54006345A40001456FA03FE2B307440303A7C3
:106C6400C90ABA9703D707006306970083D727009A
:106C7400638427010504D9BF0545F1BFEFA29FDC5A
:106C84002A8A2E8999C123A005008149814497DA73
:106C9400FF1F938AAAB4614BEFE02FB063C5A40031
:106CA4004E856FA07FDD3384640383A70A003E947E
:106CB4008357040099E763040900232089008504AD
:106CC400E1BF4146D28513054400EF40410E65F90A
:106CD400A289F5B7EFA21FD739717C083ED4B70754
:106CE4000A003ED67C083ED883C795002A8A32859E
:106CF40093F7F707A384F5002E8932C6EFE09FF0DF
:106D040085676373F5063246AA843285EFE03FEE69
:106D14008547AA8963EAA704A16593858504281099
:106D2400EFD06FD52685EF50A0692A8429E19145DB
:106D34002810EFE07FE1A6852810EFE03FE2CE8542
:106D44002810EFE07FE0014781463010CA85528564
:106D5400EFD0AFF2A1679387770448183EDC230A8B
:106D6400010202DEEFF0BF9921616FA0FFD08145DF
:106D74002810EFE07FDDA6852810EFE03FDE97D7EF
:106D8400FF1F9387A7FC9C4391C722856387090053
:106D9400EFB0000A8345040265B7EFB0C008DDBF59
:106DA400EFA25FCA83C795004111AA8993F7F70739
:106DB400A384F5003285AE84328AEFE0BFE48567B0
:106DC400637BF5022A89EF50A05F2A84914621C192
:106DD4008347F50105476383E70291C70D47636E57
:106DE400F702AD462DA09305050303250A0041468D
:106DF400EF30F17B1DE141016FA01FC89305950899
:106E040003250A004146EF30917A814679F94A8692
:106E1400A6854E85EFF0DF9BF9BF83250A00130595
:106E24009408EF50D07719C1C146D5B797D7FF1F43
:106E3400938787B99C4399E797D7FF1F938787A2C6
:106E44009C4389C72285EF60004B79FD8547A30FDA
:106E5400F4002285EF80505B2285EF50C05A4E85A6
:106E640081464A86A685EFF0BF96A16793875704AB
:106E740048003EC42302010002C6EFF05F88A5BFAC
:106E8400EFA27FBB83C795004111AA8993F7F70747
:106E9400A384F50032852E89B28AEFE0BFD68567D8
:106EA4006370F50CAA84EF50A0512A841DE9416B4C
:106EB400014A97DBFF1F938BABB2130C400E7D1B73
:106EC40019A833048A0383A70B0B3E948357C40188
:106ED400638D6703050AEFE00F85E344AAFE954638
:106EE40039A88357C501639297029305050303A547
:106EF4000A004146EF30B16B994611E1814626867E
:106F0400CA854E85EFF0DF8CA1A883A50A0013057E
:106F14000403EF50D068C1467DF12285231E9400FE
:106F2400EF80904E2285EF50004E97D7FF1F938736
:106F3400E7E19C438DCB230004022285EFA0305F60
:106F44004E8581462686CA85EFF09F88A167938780
:106F5400070448003EC42302010002C6EFF02FFAE2
:106F640041016FA0DFB089472300F402D1BF39711A
:106F740006DE22DC4AD8800052D456D25AD026DA11
:106F84004ED65ECE2E8A32892A8BEFD0DFF60605E6
:106F9400710541998A8A3301A140232224FC2314D8
:106FA40004FCEFD05FF583479A000605350593F797
:106FB400F7072315A4FCA304FA004A85232624FC1E
:106FC400EFE05FC493170501C1876340F002568167
:106FD400130104FCF2506254D2544259B259225A59
:106FE400925A025BF24B21618280AA844A85EFE0C7
:106FF4007FC1AA894A85EFE0FFC0A1659385C502D8
:107004002A89130544FCEFD00FA72685EFD0CF9C27
:10701400854501C94A86CE85EFD08F96AA8B15ED9A
:107024008945130544FCEFE03FB2A685130544FCF3
:10703400EFE0DFB2CE85130544FCEFE03FB2CA8532
:10704400130544FCEFE09FB101478146130644FC5D
:10705400D2855A85EFD06FC29DBF8145130544FC8C
:10706400EFE09FAEA685130544FCEFE03FAFCE856D
:10707400130544FCEFE09FAECA85130544FCEFE022
:10708400FFAD8144EFD03FE7E3D0A4FC83A70B011D
:1070940013971400BA9783D5070089C5130544FCD8
:1070A400EFE0DFAB8504F9BF797106D622D44AD06C
:1070B40000184ECE52CC56CA26D25AC8AE8932894E
:1070C400AA8AEFD05FE30605690541990A8A33016C
:1070D400A140232A24FC231C04FCEFD0DFE183C756
:1070E400990006052D0593F7F707231DA4FCA38437
:1070F400F9004A85232E24FCEFE0DFB09317050145
:10710400C187634FF0005281130104FDB250225431
:1071140092540259F249624AD24A424B45618280F2
:10712400AA844A85EFE01FAEA1659385A5022A894A
:10713400130544FDEFD02F942685EFD0EF898545C4
:1071440019C5CA85EFD0CF862A8B0DE98945130569
:1071540044FDEFE07F9FA685130544FDEFE01FA0EB
:10716400CA85130544FDEFE07F9F0147814613065E
:1071740044FDCE855685EFD04FB071B781451305D8
:1071840044FDEFE07F9CA685130544FDEFE01F9DC1
:10719400CA85130544FDEFE07F9C8144EFD0BFD541
:1071A400E3D5A4FC83270B0113971400BA9783D566
:1071B400070089C5130544FDEFE05F9A8504F9BF14
:1071C400EFA2FF8983474500404DD5E7FD574DC0E9
:1071D400834694000947636DD7080346B400854687
:1071E40063E8C6088306E40063C406085C45F956F0
:1071F4002390D70097C7FF1F83C7875E99E3A30433
:10720400E40097C7FF1F9387E7659C4381E789479D
:10721400A306F40097D7FF1F938747B39C4381E7E6
:1072240089472306F4009705000093854505AA8441
:1072340013050401EFC0B03BFD57231AF402814744
:107244001CDC014897C7FF1F23A8875897C7FF1F57
:107254009387C758232E040304C08043EFD0FFD381
:1072640061463306C50281452285EFA05F828147CE
:107274003E856FA01F81FD57E5BFEFA24FFE2A8414
:1072840003554502EF50C01309E5231E04006FA007
:107294004FFF8357E401E5DF930504FF1765010001
:1072A4001305459FEFB0B060DDB7EFA24FFB2E8909
:1072B400A16541119385E5032A8436C432C6BE8490
:1072C4003AC2EFC05FFB12472285BA85EFE0DF8741
:1072D40032462285B285EFE07F88A2462285B685B4
:1072E400EFE0DF87630D090091452285EFE05F81C0
:1072F4001146A685EF30112E41016FA08FF8894504
:107304002285EFE0EFFF83C704002300F50083C765
:107314001400A300F500CDB7EFA26FF483C7950066
:10732400444D054793F7F707A384F5001C42411128
:1073340083C70700636DF7042E842A8985CC03C7AD
:10734400D4006309F70217C7FF1F1307A751184397
:1073540001CFA386F400EF80302983C7D40089E7E6
:1073640041657D15EF30E07283D72403918B99C377
:10737400EFB050604A85A285EFF0CFBFA167C10787
:1073840048003EC42302010002C6EFF04FB741019A
:107394006FA02FEFEFA2AFEC03D745008D47AA846F
:1073A40041112E8432892E8563EDE700EFE09F853D
:1073B400AA85230009002685EFC09FDF41016FA045
:1073C4004FECEFE03F842AC62285EFE0BF83B2454D
:1073D40085472A862300F9002685EFC07FDAF9BFA6
:1073E400397106DE22DC26DA80004ED652D456D21B
:1073F4004AD85AD05ECEAE89B284AA8AEFD0BFAE44
:1074040006051305250241990A8A3301A140232266
:1074140024FC231404FCEFD01FAD83C79900060598
:107424004D0593F7F7072315A4FCA384F9002685DB
:10743400232624FCEFE00FFD93170501C187634069
:10744400F0025281130104FCF2506254D2544259A6
:10745400B259225A925A025BF24B21618280AA8B62
:1074640003AB0400EFC05FD735E983D7440001497B
:107474008544F11793B71700A301F4FC834734FC48
:10748400A165BDC79385E504130544FCEFC0BFDEC9
:10749400A685130544FCEFE02FEBDE85130544FCC1
:1074A400EFE0CFEB834734FC114691E30946DA85DC
:1074B400130544FCEFE06FE7814463080900416B66
:1074C4007D1BEFD05FA263C8A40201478146130667
:1074D40044FCCE855685EFC05FFAA5B7A685130692
:1074E40034FCEFF03FEB933415002A89860479B716
:1074F4009385C50451BF8327C90013971400BA9715
:1075040083D5070063866501130544FCEFE00FE5AE
:10751400850445BFEFA22FD279711C103EC4B70772
:107524000F003EC61C103EC883C79500AA8A328548
:1075340093F7F707A384F500AE893284EFE08FEC6C
:1075440093170501C1876350F0062A8A2285EFE06C
:107554006FEB2A895285032B0400EFC0FFC739E57E
:107564008357440081440544F11793B71700A303DC
:10757400F10083457100DA872287CA865286280083
:10758400EFF0BFD2014781463000CE855685EFC06B
:10759400DFEEA1679387D70348083ECC230A810016
:1075A40026CEEFF0CF9545616FA06FCCA285130670
:1075B4007100EFF03FDEAA84094445DD3544E30A57
:1075C40055FB4A85EFF00FE70D4445D50144EFD054
:1075D4009F91634BA400C16B0144FD1BEFD0BF908E
:1075E400634EA400154471B7DC4413171400BA9712
:1075F40083D70700638127030504D1BFD8449317B9
:107604001400BA9703D70700631977012390270161
:107614002685EF8060520144A9BF0504C1B7EFA2DB
:107624006FC283C7950041112A8A93F7F707A38491
:10763400F50032852E893284EFE0CFDC9317050103
:10764400C187635BF004AA892285EFE0AFDB2311D5
:10765400A1004E85832A0400EFC01FB829E1835797
:10766400440085440144F11793B71700A300F100C7
:107674000348110003572100D6875285CE862686FB
:10768400CA85EFF0EFB3A167F10748003EC42302B7
:10769400910022C6EFF0AF8641016FA0EFBDA28535
:1076A40013061100EFF01FCF2A84894471D1835748
:1076B400210011678544BA97C2071167C183130774
:1076C400F7EFE367F7FA97C7FF1F9387E72F9C430A
:1076D40091C7854513052100EF40500583552100CE
:1076E40022858144EFC0BFA641D523100500228521
:1076F400EF802046B5BFEFA20FB483C795004111B8
:107704002A8B93F7F707A384F50032852E8A3284F7
:10771400EFE04FCF93170501C1876359F004AA8A9C
:107724002285EFE02FCE2A895685832B0400EFC0F3
:10773400BFAA21E18357440081440544F11793B75C
:107744001700A301F10003483100DE875A854A87F8
:10775400D6862286D285EFF0AFA6A167ED07480052
:107764003EC42302810026C6EFE07FF941016FA0E9
:107774000FB0A28513063100EFF0DFC1AA840944DB
:1077840079D19167CA97C2071167C1831307F7EFCD
:107794000544E36AF7FACA85EFC07F9B014445F5C7
:1077A4008149EFD04FF563DBA900984893971900FE
:1077B400BA9703D7070015E723902701EFD0AFF35B
:1077C4001544E382A9F82685EF80A03897C7FF1FE8
:1077D4009387871F9C430144BDD74A85EF40606D62
:1077E4009DB785097DBFEFA2EFA579713E847C0822
:1077F4003EC82E8AB7071400A1653ECAE5057C0879
:10780400AA89080836C4428932C6BA8AC6843ECCDC
:10781400EFC07FA6CA850808EFE00FB33246080818
:10782400B285EFE0AFB3A246630E09029D45080896
:10783400EFE00FAD1D468145EFA06FA563870A06F3
:1078440091450808EFE0CFAB1146A685EF3081588B
:10785400100801478146D2854E85EFC01FC245619D
:107864006FA08FA1B6850808EFE04FAF1C40080851
:10787400D8439355C701858912075183B205D98D21
:10788400EFE0CFAD1C40080883C58700EFE0CFAB25
:107894001C40080883C5A700EFE00FAB1C40080894
:1078A40083C59700EFE04FAA51BF89450808EFE070
:1078B4002FA583C704002300F50083C71400A30089
:1078C400F50079B7EFA20F9883C795004111AA89F3
:1078D40093F7F707A384F5003285AE843284EFE092
:1078E4006FB293170501C1876357F0042A89032AED
:1078F4000400EFC07F8E19E9835744000548F1174F
:1079040093B71700A307F100814621A81306F100DD
:10791400A285EFF03FA81DC11C459DC383D6470037
:1079240001480347F10093078500D2884A86A6855B
:107934004E85EFF05FEB41016FA00F940948E9B762
:107944001D48D9B7EFA20F9065715C083EC4B70714
:107954007B013EC65C083EC883C795002A8A3285EF
:1079640093F7F707A384F500AE89EFE04FA8835798
:10797400E100C5C389452800EFC0FF8F8145280079
:10798400EFE08F9CEFC0DF9497C7FF1F9387073CFE
:107994009C4317C4FF1F0344A4E4AA843334800027
:1079A40099C31364240097C7FF1F9387A7EB9C43D5
:1079B40099C31364440097C7FF1F9387E7009C4350
:1079C40099C31364840083D5040028000149EFE0BF
:1079D400EF9883D524002800EFE04F9883D5440026
:1079E4002800EFE0AF97EFD00FCC93150501C181CC
:1079F4002800EFE0AF96A2852800EFE02F969C4484
:107A0400636CF900014781463000CE855285EFC092
:107A1400DFA659616FA04F86DC4413144900280087
:107A24003E94EFE06F8C834744000347540089077A
:107A34000607BA978607E36EF5FC835524002800F1
:107A4400814AEFE0AF91834544002800EFE0CF8FF7
:107A5400834554002800EFE02F8F8347440063C917
:107A6400FA00814A8347540063CFFA00050941BFF5
:107A74001C4413975A002800BA9783D50700850A37
:107A8400EFE0CF8DD9BF032BC40093975A00280091
:107A94003E9B83552B00850AEFE04F8C83550B00EA
:107AA4002800EFE0AF8B7DBFEF927FFB5C4993E74B
:107AB40017005CC9EF80C0306F90BFFCEF923FFAB3
:107AC4002E848145EFF08F9B05C183570500FD1778
:107AD4002310F50009C4835725002310F400EFF0A8
:107AE400BFFC01456F90FFF931456DDC23100400A4
:107AF400D5BFEF923FF583C7950041112A8A93F7CA
:107B0400F707A384F50032852E893284EFE08F8F46
:107B140093170501C187635EF004AA89C1452285D4
:107B2400EFD0BFFA2A8B4E85832A0400EFC0CFEA38
:107B340021E583574400231101000544F11793B74D
:107B44001700A300F10081440348110003572100EA
:107B5400D6875285CE862286CA85EFE07FE6A16766
:107B64009387170248003EC42302810026C6EFE033
:107B74001FB941016F905FF013061100A285EFF069
:107B84007F81AA8409E523110100094475BF930587
:107B940021005A85EFF09FF2835721002A84CDD724
:107BA40097C7FF1F938747E29C4391C785451305F9
:107BB4002100EF40A0378355210026853144EFC0D2
:107BC4000FD959D1231005002685EF709078014410
:107BD400A5BFEF92DFE841112E896C00AA8402C68A
:107BE400EFF0CF8909CD0357050005072310E50001
:107BF400EFF09FEB81473E8541016F909FE832474C
:107C0400954775DBCA852685EF207006C147E34496
:107C140005FE3244854741462310F400835709008A
:107C2400A685130544002311F400EF30A11A228520
:107C3400C1B7EF923FE183C795004111AA8A93F738
:107C4400F707A384F5003285AE893284EFD09FFB19
:107C540093170501C187635EF0042A8AC145228512
:107C6400EFD0BFE6AA845285032B0400EFC0CFD621
:107C740021E583574400231101008544F11793B78C
:107C84001700A300F1000144034811000357210029
:107C9400DA875685D2862686CE85EFE07FD2A16725
:107CA4009387070248003EC42302910022C6EFE0F6
:107CB4001FA541016F905FDCA28513061100EFF050
:107CC4006FED2A8409E523110100894475BF2685D7
:107CD40093052100EFF0FFEFAA845DF583552100A1
:107CE4002285EFC0CFC64DF10149EFD0CFA0635D2F
:107CF400A900184893171900BA9703D707001DE77E
:107D0400035721002390E700EFD0EF9E6302250381
:107D140097C7FF1F938747CB9C4389C7035521000F
:107D2400EF4020192285EF70D062B9BF050975BFF5
:107D3400954499BF05C19307F00F630FF500C5473C
:107D4400630CF5009307F5FF05453315F50042056F
:107D5400418182800145828041657D158280B9E13F
:107D6400EF92FFCF034506033284EFF0BFFC930587
:107D7400803EB305B502C205C18191C90357E4022F
:107D8400854763F6E70013050401EFC0201283570B
:107D9400E40241677D176385E700FD172317F402AA
:107DA4006F903FCE8280EF921FC9004283C7950037
:107DB400444D0349140093F7F707A384F500834760
:107DC4000400220911673369F900A167B347F90078
:107DD40041112A8BAE8A63ECE70C83472400130716
:107DE400C00EB91793F7F70F6371F70E034734000A
:107DF400C14763ECE70C834744001307E00793C7CC
:107E040007086373F70A8349840083477400A2094F
:107E1400B3E9F900856763F9F908034A6400834705
:107E240054004E85220A336AFA00EF40605945C176
:107E340023962403834B3400137AFA00239A3403E1
:107E4400238874032399440393890401631A090062
:107E540023A60402239804024E85EFC0A0061DA0A9
:107E6400034924004A85EFF0FFEC2397A4028347DB
:107E740044004E85A388F402E3810BFEE30F09FC62
:107E8400EFC06001EF70307781460146D6855A8590
:107E9400EFE09FA5A167938797033EC423020100E7
:107EA400480002C6EFE0BF8541016F905FBC854486
:107EB400A2862686D6855A85EFE01FA3A1679387FD
:107EC40097033EC423029100E1BFBD44D5B791445A
:107ED400C5B7EF923FB701111C08404D3EC2B7072A
:107EE4000F003EC41C083EC62A89AE89EFC0BFA35A
:107EF400585C1C5C634CB70A6394E50063E8A70A0A
:107F04003385A740B3B7A700B305B7401306803E37
:107F140081469D8DEF20A17293140501C180A16556
:107F24009385C5034800EFC00FB581454800EFD0E5
:107F3400BFC1835504044800EFD05FC283552404B5
:107F44004800EFD0BFC1814599C8C167FD179305AB
:107F5400F00F6386F4002685EF40400CAA854800A4
:107F6400EFD09FBE03554404814511C9C167FD1775
:107F74009305F00F6305F500EF40400AAA85480019
:107F8400EFD09FBC834564044800EFD0FFBB83451A
:107F940074044800EFD05FBB500001478146CE8592
:107FA4004A85EFC08FCD05616F901FAD814485BFB9
:107FB400EF92FFAA83C7950093F7F707A384F50010
:107FC400EFF03FF16F90FFABEF92DFA783C795000F
:107FD4004111404D93F7F707A384F5002A8A3285AF
:107FE400B284AE89EFD01FC22A8B2685EFD09FC101
:107FF4002A892685EFD0BFBF93170B0163CA0702F6
:10800400E177CA97C207C183116763E3E702930765
:108014000910C207C1831307B00F637BF7009317DE
:108024000901C187AA8A6348F000C54763FA57016A
:1080340041016F907FA4EFC0AF8CE31B25FFF5B720
:1080440063060B0263040902814463870A02B707CB
:108054007F0023106405231124057CC05685EFF0AE
:108064007FCD9304803EB304950239A0B7077F0007
:10807400232004047CC0814403552404EFB0B00DD4
:1080840095CCEFC05F8A269593D7F441333795009A
:10809400AE97BA9708DC5CDCCE855285EFF07FE3BF
:1080A40099E023220404A1679387B70348003EC4E0
:1080B4002302010002C6EFE08FE49DBF814701481F
:1080C4001CDC232E0403C9BFEF927F99EFC0FFECA1
:1080D400E1473305F5029145EF307076E55711C558
:1080E40097B7FF1F23ACA76E81473E856F907F999A
:1080F400854717B7FF1F2305F76E8280EF923F96DF
:1081040097B7FF1F9387476D80432DC0835704049F
:10811400639EA70483572404639AB7043689B28400
:10812400EFC07F805C5C63C3B7046395B7001C5CDD
:1081340063EEA7028347640463F3F400A687230372
:10814400F4048347740463F39700A687A303F40439
:108154008357440441677D176385E700850723122D
:10816400F4043C4481C7CA85268582976F907F9129
:1081740097B7FF1F938747669C43014599C303C57F
:1081840087008280EF92BF8D0111B70707003EC6BA
:1081940083C79500584D0AC493F7F7070AC8A38408
:1081A400F5002A89AE8401CB1C4283C7070023044F
:1081B400F700EF7070432164930554022800EFC068
:1081C4008F8BEFF0FFFAAA852800EFD0FF973000DD
:1081D40001478146A6854A85EFC02FAA13044402AD
:1081E400480822CC230A010002CEEFE04FD10561FA
:1081F4006F903F89EF92BF8601117C003ECAB7079A
:1082040007003ECC7C003ECE83C795002E84AA8412
:1082140093F7F707A384F500A165938555024808F1
:10822400EFC06F85EFF0DFF4AA854808EFD0DF9147
:10823400500801478146A2852685EFC00FA4056139
:108244006F903F8497B7FF1F938707599C43094555
:1082540099C303C59700828097B7FF1F9387C757B9
:108264009C43094599C303C5D700828097B7FF1F74
:10827400938787569C43014599C303C5A700828011
:10828400EF924FFC0111B70708003EC683C7950063
:10829400404D0AC493F7F7070AC8A384F5002A8956
:1082A400AE8429C01442854703C7060063EEE7067F
:1082B4008347940009468149638EC700B307F7409A
:1082C400A304E400B339F00083C716002305F400C7
:1082D400EF70903103572403058B09C763840900A9
:1082E400EFA050692164930584022800EFB0BFF821
:1082F400EFF05FF5AA852800EFD01F85EFF01FF798
:10830400AA852800EFD05F84014781463000A68506
:108314004A85EFC08F9613047402480822CC230ABE
:10832400010002CEEFE0AFBD05616F90EFF4EF9274
:108334000FF301117C003ECAB70708003ECC7C0055
:108344003ECE83C795002E84AA8493F7F707A384AF
:10835400F500A165938585024808EFB0DFF1EFF0E1
:108364007FEEAA854808EFD02FFEEFF03FF0AA85F4
:108374004808EFD06FFD500801478146A285268545
:10838400EFC0AF8F05616F90CFEF97B7FF1F938753
:10839400A7449C43014599C303C5B7008280EF926B
:1083A4000FEC0111B70707003EC683C79500404D87
:1083B4000AC493F7F7070AC8A384F5002A89AE8490
:1083C40005C41C42054783C70700636AF7040347D3
:1083D400B400630BF700A305F400EF70F0208347AB
:1083E400B400A9C3EFD08FD921649305B400280049
:1083F400EFB07FE8EFF07FF9AA852800EFD0CFF443
:10840400014781463000A6854A85EFC00F872904BD
:10841400480822CC230A010002CEEFE04FAE0561EA
:108424006F902FE6EFD0AFDAC1B7EF924FE30111AF
:108434007C003ECAB70707003ECC7C003ECE83C713
:1084440095002E84AA8493F7F707A384F500A16509
:10845400AD054808EFB03FE2EFF03FF3AA854808C6
:10846400EFD08FEE500801478146A2852685EFC0E4
:10847400CF8005616F90EFE097B7FF1F9387C735F3
:108484009C43094599C303C5C7008280EF922FDD41
:1084940001117C00AE843ECAA165B70707002A8497
:1084A4003ECCD1057C0048083ECEEFB0DFDCEFF0D7
:1084B400BFFCAA854808EFD02FE950080147814640
:1084C400A6852285EFB07FFB05616F908FDBEF926D
:1084D4000FD983C7950093F7F707A384F500EFF04E
:1084E400FFFA6F900FDAEF92EFD583C79500032957
:1084F400C501411193F7F707A384F5001C4283C912
:108504000700854763EC370597C7FF1F93870784E8
:108514009C432E84AA8495C7EFF01FF68947630213
:10852400F502630009028347C900638C37012306FF
:108534003901EF70700B83572903898B99C3EFA01E
:1085440070432685A285EFF07FF4A167CD0748002C
:108554003EC42302010002C6EFE06F9A41016F900E
:10856400AFD197B7FF1F938727279C431D4599C316
:1085740003C5E7008280EF928FCE0111B707070091
:108584003EC683C79500584D0AC493F7F7070AC837
:10859400A384F5002A89AE8405C71C4283C707005B
:1085A40093968701E18663C8060485466385D704EC
:1085B4008346E7006386F6002307F700EF70D002D6
:1085C40021649305E4002800EFB0FFCAEFF07FF9BF
:1085D400AA852800EFD04FD7014781463000A685F1
:1085E4004A85EFB09FE93504480822CC230A0100EC
:1085F40002CEEFE0CF9005616F90AFC8EF922FC627
:1086040001117C003ECAB70707003ECC7C003ECE79
:1086140083C795002E84AA8493F7F707A384F500F3
:10862400A165B9054808EFB01FC5EFF09FF3AA850F
:108634004808EFD06FD1500801478146A2852685AE
:10864400EFB0BFE305616F90CFC3EF92AFBFAA84D1
:10865400014417B9FF1F13096918E149EFC0FF93DB
:108664006344A400014519A8330534038327090092
:108674003E95835725006395970011056F90CFBFF2
:108684000504E9BF032E850063040E1017B3FF1F12
:108694001303833303230300631503002943639AFD
:1086A400060E03234E01631503001D436393070E57
:1086B400EF926FB8C689428A3E89BA8AB684328BF1
:1086C400AE8B2A84A1E903554E0009E501431A85BE
:1086D4006F90EFB9A167A98F116763F7E700EFF017
:1086E400DFF68145EFF08FBD0844B70700E058413D
:1086F400F98F18455CC1B707001FF98F1CC55C4989
:1087040081C76105EFB0007CE38209FC2285EF702C
:10871400006C6DBF3285EFA080600D434DD91C44C1
:10872400116703D54700A167A98F63F7E700EFF04E
:10873400DFF18145EFF08FB80323840093164B01DA
:10874400D1828347B300035663008588FD8BA3055C
:10875400F300FD777D8E558EFD76FD16B204F18E05
:1087640083274301C58E231273012313D3002304EB
:10877400530123052301A3044301D9D72285EFB074
:108784003FC4AA850844B5DD6105EFB02072ADBFD2
:108794001D431A858280EF92EFAA0569AA84AE89E7
:1087A400328A0144FD5A7D19EFC0EFF36345A400FA
:1087B40001456F906FACD84493171400BA9703D750
:1087C4000700631B37032390570163050A002685BE
:1087D400EF7080369C448DC383D76700B3F72701BD
:1087E400639C3701D288014881470147814601468D
:1087F40081452685EFF01FE905047DB7EF928FA42C
:1088040079711C103EC4B7070F003EC61C103EC849
:1088140083C79500AA8A328593F7F707A384F500E6
:108824002E893284EFD00FBE93170501C1876350A0
:10883400F006AA892285EFD0EFBC2A8A4E85032B45
:108844000400EFB07F9939E583574400814405441F
:10885400F11793B71700A303F10083457100DA877A
:108864002287D2864E862800EFE03FA40147814646
:108874003000CA855685EFB05FC0A1679387F703C0
:1088840048083ECC230A810026CEEFD05FE745613D
:108894006F908F9EA28513067100EFE0BFAFAA848C
:1088A400094445DD5285EFE0EFB80D445DD505463A
:1088B400D2852685EFF03FEE2A8445B7EF922F9AB2
:1088C400835507000346270041112A842E8532C6AA
:1088D4002EC4EFE02FB611C53246A2452285EFF033
:1088E4009FEB41016F90EF99EF92EF9483C795004E
:1088F4004111AA8A93F7F707A384F5003285AE895C
:108904003284EFD02FB093170501C1876357F00865
:10891400C1452A8A2285EFD04F9B2A8D2285EFD02C
:108924006FAE2A892285EFD08FAC930705F893F7B1
:10893400F70F1307E007AA8B6371F7062285EFD0C0
:108944000FAB2A8C2285EFD08FAAAA8C5285032BD9
:108954000400EFB07F8829E5835744002311010008
:108964008144F11793B71700A300F10005440347AE
:10897400110083562100938784005685DA88228863
:108984005286CE85EFE03FE6A167E90748003EC482
:108994002302810026C6EFD09FD641016F902F8D10
:1089A40013061100A285EFE0FF9EAA8409E52311B6
:1089B400010009446DBF930521006A85EFF06FA1A2
:1089C4002A8455F5835521009356C900131649018D
:1089D40085486688E2875E87858A51822685EFF01E
:1089E4007FCA2A8469B7EF920F8583C79500411126
:1089F4002A8B93F7F707A384F5003285AE89328476
:108A0400EFD04FA093170501C1876352F0082A8A5B
:108A14002285EFD02F9FAA8A2285EFD0AF9E2A8984
:108A24002285EFD0CF9C930705F893F7F70F130730
:108A3400E0072A8C637DF7042285EFD04F9BAA8C34
:108A44002285EFD0CF9A2A8D5285832B0400EFB074
:108A5400AFF829E18357440085440144F11793B7E3
:108A64001700A301F10003473100930784005A85DE
:108A7400DE882688D6865286CE85EFE0DFD68D47FF
:108A840048003EC42302910022C6EFD05FC74101D3
:108A94006F80FFFDA28513063100EFE0BF8F2A84AB
:108AA400894471D19356C9001316490185486A88CF
:108AB400E6876287858A5182D685EFF0BFBCAA8497
:108AC4005DB7EF823FF82A8981440144617A916A53
:108AD40017BBFF1F130B4BEFEFC0EFC163C5A4001F
:108AE40022856F807FF98327090093991400CE971C
:108AF40003D50700330745014207418363625703E7
:108B040011CD03270B0009C785453E85EF30004290
:108B1400832709000504CE972390070085046DBFC1
:108B2400EFF0BFB2832709000504CE972390070016
:108B340075D58145EFE09FF8D5B7EF82BFF083C7C5
:108B4400950041112A8A93F7F707A384F50032852B
:108B54002E893284EFD00F8B93170501C18763549C
:108B6400F004AA89832A0400EFB00FE721E18357B8
:108B7400440085440144F11793B71700A301F100A1
:108B840003483100D68752850147CE862686CA859A
:108B9400EFD01FE3A167F50748003EC4230291000C
:108BA40022C6EFD0DFB541016F801FEDA285130609
:108BB4003100EFE02FFE2A84894479D197B7FF1F53
:108BC400938787E09C4381CB0449EFC0CFB2AA8549
:108BD4002685EF30A03513050401EFF09FEE2285C2
:108BE400EF603077814469BFEF82FFE483C795006B
:108BF4004111AA8A93F7F707A384F5003285AE8959
:108C0400328423110100EFC0FFFF93170501C187D0
:108C1400635CF0042A8AC1452285EFC01FEBAA8B4E
:108C24005285032B0400EFB02FDB31E1835744005E
:108C340085440144F11793B71700A300F1000348DA
:108C4400110003572100DA875685D2862686CE8501
:108C5400EFD01FD7A1679387270248003EC42302A1
:108C6400910022C6EFD0BFA941016F805FE0A285C9
:108C740013061100EFE00FF22A84894469D197B7F3
:108C8400FF1F938767D498433E8901CB0449EFC003
:108C94008FA6AA852685EF30602913050401EFF01D
:108CA4005FE2EFC04FA5954459D9930521005E8535
:108CB400EFE03FF2AA8441F51C48035721002285C6
:108CC4002390E700EF60F06883270900ADDB0355CC
:108CD4002100EF30001EA5B7EF82FFD583C79500B2
:108CE4004111AA8A93F7F707A384F5003285AE8968
:108CF4003284EFC03FF193170501C1876359F00433
:108D04002A8A2285EFC01FF02A895285032B04008A
:108D1400EFB08FCC21E18357440085440144F1171F
:108D240093B71700A301F10003483100DA87568591
:108D34004A87D2862686CE85EFD09FC8A167F907D9
:108D440048003EC42302910022C6EFD05F9B41013C
:108D54006F80FFD1A28513063100EFE0AFE32A84D0
:108D6400894479D19167CA97C2071167C1831307F0
:108D7400F7EF8544E36AF7FA97B7FF1F9387C7C4F1
:108D84009843BE8B01CB0449EFC0EF96AA85268594
:108D9400EF30C01913050401EFF0BFD2EFC0AF9557
:108DA400954459D11C482285814423902701EF60C2
:108DB400505A83A70B00ADDB4A85EF30800FADB767
:108DC400EF82FFC92A844105B284EFF09FCF01C529
:108DD4002285EF60105881460146A6852285EF70F2
:108DE40060091C4C89C7DC4799C3228582976F8030
:108DF4005FC997B7FF1F9387279E9C43014599C37B
:108E040013850701828097B7FF1F9387E79C8843E8
:108E14008280EF82DFC49317C600DD8DC205411145
:108E2400C1812A8432C6EFC07FD3324622851182A3
:108E34009375F60FEFC05FD141016F809FC4EF823D
:108E44007FC079713C083ED2B7070C003ED43C0881
:108E54003ED683C79500AE842A8993F7F707A38487
:108E6400F500A165938535044810EFB0CFC0C16506
:108E7400FD15014417BAFF1F130A8AB6930A400E60
:108E8400AE892E8B2EC6EFC00F8A420593170401BC
:108E94004181C183B24563E3A702C167FD176385BE
:108EA400F5004810EFC09FCB501001478146A685BE
:108EB4004A85EFB08FDC45616F801FBC33075403D4
:108EC40083270A0BBA9703D6C70163083601638860
:108ED40035014810EFF0FFF3DA85050465B7B28574
:108EE400EDBFEF825FB579717C083EC8B70711000A
:108EF4003ECA7C083ECC83C79500AA89328593F785
:108F0400F707A384F5002E89EFC0DFCF8567637E62
:108F1400F502A165AA8489050808EFB0CFB52685B6
:108F2400EF30004A133415000A04A2850808EFC084
:108F3400BFC1A6850808EFC07FC235C0014781467E
:108F44001008CA854E85EFB04FD345616F803FB29C
:108F5400B30754030327CA0ABA9703D70700631A4F
:108F6400970003D62700638A65030808EFF07FEAB9
:108F7400DE8505042EC6EFB01FFC420593170401DD
:108F84004181C183B245E3E5A7FCC167FD17E387CF
:108F9400F5FA0808EFC09FBC55B7B285D9BFC165C3
:108FA400FD15014417BAFF1F130A8AA3930A80020E
:108FB4002E8BAE8BC1B7EF829FAA1841834717004F
:108FC40083460700A207D58FD207D1832390F500EB
:108FD40083472700034717008D45A207D98F918344
:108FE4002310F600EFC03FAD6F80BFA9EF829FA5AD
:108FF400C164014417B9FF1F1309899E93098002B4
:10900400FD14EFB05FF36345A40001456F80DFA654
:10901400330534038327C90A3E9583570500E38744
:1090240097FE0504F9BFEF82FFA12A8AAE89B284B4
:10903400B68AEF30E03809E591473E856F80DFA3BB
:109044002A894E85EF90B04D2A84638A0A048D479D
:109054006DD503570500C547E31147FF0347F901E1
:109064008546AD47E31BD7FC8347450091CB41467A
:10907400A6855D05EF10B153814761D1AD4775BF3A
:10908400130965012302E500CA852685EF10C02A6D
:1090940015CDA547E3830AFA2302040079BF11CD55
:1090A40083570500E39A47F94146A6851905EF1051
:1090B4001150814759D1994749B74E85EFF01FF3B5
:1090C4002A8495473DD9130955007DBF4146A6859D
:1090D400231044012311340113051900EF10914F9B
:1090E4002285EF60503A814789BFEF825F9779719B
:1090F4007C003ECCB7070A003ECE7C003ED083C73E
:109104009500B2842E8493F7F707A384F500130621
:10911400A1002A892C002685EFF0FFE9A165280823
:109124008D05EFB04F9590408355A1000355810004
:109134008546EFF05FEFAA84AA852808EFC0DFA078
:109144000356A100835581002808EFF09FCC300816
:1091540001478146A2854A85EFB02FB28547481062
:109164003ED42302910202D6EFD06FD945616F80BD
:109174005F91EF82DF8E79717C003ECCB7070A00E5
:109184003ECE7C003ED083C79500B2842E8493F7F4
:10919400F707A384F5001306A1002A892C0026856D
:1091A400EFF07FE1A16528088D05EFB0CF8C9040EA
:1091B4008355A100035581008146EFF0DFE6AA84C0
:1091C400AA852808EFC05F980356A1008355810043
:1091D4002808EFF01FC4300801478146A2854A855C
:1091E400EFB0AFA948102302910202D402D6EFD007
:1091F4000FD145616F80FF8897A7FF1F9387075E94
:1092040088438280EF82BF85835725004111AE8455
:109214002A842307B10017F5FFFF1305656A6C0064
:109224002316F100EFB06FDE81C42285EF60102CAD
:10923400FD572310F4001306200281451305540042
:10924400EF80FF8441016F80DF83EF82AFFF79718C
:109254007C003ECCB7070A003ECE7C003ED083C7DC
:109264009500AA89AE8493F7F7073285A384F500A5
:109274001306A1002C00EFF01FD403558100114404
:10928400EF30001415C10355A1000144EF903029BB
:1092940001CD035705008357810045446316F70049
:1092A4008545EFF03FF6014421699305390028080C
:1092B400EFA07FFCA2852808EFC01F890356A100F8
:1092C400835581002808EFF0DFB430080147814658
:1092D400A6854E85EFB06F9A48104AD423028102C6
:1092E40002D6EFD0CFC145616F800FF9EF828FF5C1
:1092F40097A7FF1F9387474E2A8488432E8915C159
:10930400035745038357C401631DF7002326050251
:10931400231805024105EFA0F03A63040900EF6049
:10932400902D814497A9FF1F9389896B130A8002AA
:10933400EFB07FC063CCA40297A7FF1F9387875227
:109344009C4389C70355C401EF10A0746305090049
:109354002285EF60B0011306400E81452285EF801F
:109364000FF3FD57231EF4006F800FF13385440380
:1093740083A7C90A3E95035705008357C4016315A3
:10938400F700CA85EFF01FE885045DB7EF828FEB25
:1093940083C795004111AA8993F7F707A384F500C1
:1093A4003285AE84EFC01F8685676370F5042A8911
:1093B400EF300001014411C983D7040031446386AE
:1093C40027018545EFF09FF201444E85A2864A8627
:1093D400A685EFD0EFBFA1679387170448003EC46A
:1093E4002302810002C6EFD08FB141016F80CFE824
:1093F400EF824FE597A7FF1F9387073E80431DCC5D
:109404000145EFA0405581470148C1641CDC232E6F
:1094140004032320040417A9FF1F1309695C0144F2
:109424009309400EFD14EFB01FB0634BA4008145B7
:109434001705000013050599EFB02FBD6F80CFE32A
:10944400330534038327090B3E958357C501638590
:1094540097008545EFF09FE90504F1B7935705019F
:1094640013D78700A380F50093170501C183A18357
:109474002380E5002381F500A381A5008280EF828B
:109484000FDE2300050083C71500A300F50083C782
:1094940025002301F50083C73500A301F50083C728
:1094A40045002302F50083C75500A302F50083C7D6
:1094B400650093059500A30305002303F500230429
:1094C40005003285EFF09FF96F80AFDBEF828FD715
:1094D4004111E9541DC595C593F9C5FF2E842A8908
:1094E400AA84338AA90063129A020D88854411C89C
:1094F400EFC0A0482AC622866C0033053901EF105C
:10950400710D268541016F802FD7EFC00047931757
:109514000501C183A183A380F4009357050123812E
:10952400F400A1832380A400A381F400910465BF07
:1095340063E0D502EF82AFD2B28741113686BE8591
:1095440036C6EF103109B246410136856F806FD3BC
:10955400814636858280838705001387F5003D05A3
:10956400FD8793F77708834607007D158606B58F38
:10957400A300F5006307B7007D17834717009D8399
:10958400DDB78280EF82AFCDB2872A863E85EFD0E9
:10959400D059133515006F80CFCE01CD814799C9BD
:1095A400EF82EFCB4146EF10F10285473E856F8095
:1095B4004FCD81473E8582801DC5EF824FCA41460B
:1095C40081452A84EF80AFCC4146814513050403CD
:1095D400EF80EFCB0147C1672322040438C87CC85D
:1095E40005456F800FCA01458280814729CDA1CDF1
:1095F400EF82EFC6B2842E891306800581452A8442
:10960400EF80EFC8CA8524C42685EFF01FF94146D0
:1096140081452285EF80AFC73044A2852285EFF0D3
:109624007FF693040401A2852685EFF0DFF2A68578
:1096340013050402EFF03FF22285EFF0FFF78547B0
:109644003E856F800FC43E858280EF82AFBF41119B
:10965400E9541DC595C593F9C5FF2E842A89AA84AA
:10966400338AA900639244030D88814411C8EFC072
:10967400C0302AC622866C0033053901EF1081758B
:10968400268541016F804FBFEFC0202F931705013E
:10969400C183A183A380F400935705012381F400BF
:1096A400A1832380A400A381F400910465BF71CD3C
:1096B400EF824FB9B28401E605456F80EFBB2A847F
:1096C4002E890145FDD93C487848B3E6E700F5D634
:1096D4009386F7FFB3B7F6007D17032A4404BA97BD
:1096E40034C87CC8630F0A04C14913050A03B3894B
:1096F40049412295637B3601B2862E86A685EFF01A
:109704003FE37C40BE9464C045BFCE862E86CE85A2
:10971400EFF01FE2C114D2944E9923220404A287CD
:109724009306040103C7070003C607038507318FA7
:10973400A38FE7FEE398F6FE3044A2852285EFF07E
:109744007FE42699C1493306994063EA9900ADD470
:10975400A686A68513050403EFF09FDD6DB7814748
:10976400B306F4003307F6000347070083C5060079
:1097740085072D8F2380E600E39437FF3044A285CC
:109784002285EFF03FE0C1147DBF0145828019C9F5
:10979400EF82EFAC130680058145EF804FAF05459E
:1097A4006F802FAE0145828081473DC9B5C9EF82E4
:1097B4000FABFC4141462E84AA846393C7041386ED
:1097C4000501A2878146C14503C7070003C50703F6
:1097D4008507298F3305D600034505008506298FA3
:1097E400A38FE7FEE392B6FE3044A2852685EFF010
:1097F4007FD92285EFF0BFF985473E856F806FA83A
:10980400138507031D8E81452295EF804FA87C4068
:10981400130700F813060402A2972388E70255B73A
:109824003E858280EF82AFA36D712E84B284AA85B7
:10983400901028003689EFF05FDB19E9D55705A0B1
:1098440050400C402800EFF09FE66DD9FD14210430
:10985400E5F82C004A85EFF03FF5814765D13E8558
:1098640051616F800FA2EF828F9F41112EC432C6C7
:109874002C000546EFF01FFB41016F808FA0EF82A3
:109884000F9E01112A842EC602C802CA02CC02CE3F
:10989400EF10A174B2462A86A2850808EFF0BFFC37
:1098A4001375F50F05616F80CF9DEF824F9B797122
:1098B400B2872A8421462308B10013051101BE850D
:1098C4003AC436C6EF100151B2469305910136856C
:1098D400EFF0DFB82285141035460C08EFF0BFF81E
:1098E4002A84224711E521460C103A85EF10814E57
:1098F400228545616F80EF98EF826F967171AE8417
:10990400AA850A853284EFF05FC901C90A86A68553
:109914002285EFF03FC7814711E1C5473E854D6180
:109924006F802F96EF82AF901D712A8AB289BE8410
:1099340035468547130511012E8CB68A3A8BC28CA5
:10994400468D2308F100EF10E14810100C085285F1
:10995400231F0100EFF05FFA2A842DE9A147631B5E
:10996400FD069307900591E0E5473546E28513052A
:10997400110113990A012308F10013590901EF1089
:1099840061451357890093978A00D98F90080C0872
:109994005285231FF100EFF03FF62A8405E9A1E088
:1099A4009387FA0091831379F9003EC66313090083
:1099B4004149668B8144C14B854DB2476397970CEF
:1099C4006A868C0033855C01EF10C14022852561D5
:1099D4006F80AF8993079004C9F8A54779B7834787
:1099E40001050947C14B2308F10083471105A58FE1
:1099F400A308F10093872400814463EFFB0201472D
:109A040014083386E6008C08B386E400BA95DA9627
:109A140083C6060083C505000507AD8E2300D60066
:109A2400E390E7FE41476398E70490080C085285E9
:109A3400EFF09FEC35D535A8B3069B00BA87100824
:109A4400B305F60090083E9603C5060003460600DB
:109A540085078506298E2380C500E39277FF998FB9
:109A640090080C085285BE94EFF01FE9894701471E
:109A740049D52A84A1BF90083E96034606001408DF
:109A8400BE962380C600850779BFB2478504638BE1
:109A9400971281471808B306F70098083E97338653
:109AA400F90003470700034606008507318F23802A
:109AB400E600E39177FF90080C085285EFF0DFE3AE
:109AC4004DF93546E285130511012308B101EF1064
:109AD4006130139704014183939784002183D98FC4
:109AE40010180C085285231FF100EFF0FFE051F12C
:109AF400814710183387F9003E9603470700034651
:109B04000600B306FB008507318F2380E600E3924D
:109B140077FF75A01808B306F70098083E973386B8
:109B2400F90003470700034606008507318F2380A9
:109B3400E600E3E127FFCA876398770990080C08D9
:109B44005285EFF07FDB15F581479800B306F700E7
:109B5400900818103E973E960347070003460600F8
:109B64008507318F2380E600E39177FF3546E28550
:109B7400130511012308B101EF10C1251397040146
:109B84004183939784002183D98F10180C08528540
:109B9400231FF100EFF05FD6E31D05EC8147101899
:109BA4003387F9003E960347070003460600B306D1
:109BB400FB008507318F2380E600E3E227FFC1091C
:109BC400410BE5BB8147B5B79408BE9683C6060032
:109BD40018083E972300D7008507B9BF638E062C6B
:109BE400EF72FFE459712A84BE89B28B85473546EA
:109BF400130511022E8B468C4289BA8A368A2300B9
:109C0400F102EF10211D10180C10228523170102F8
:109C1400EFF09FCE631E0510A1476319FC0693075E
:109C2400900563930900E5473546DA85130511026B
:109C340093140A012300F102C180EF10A1199317B4
:109C44008A0013D78400D98F90080C10228523171B
:109C5400F102EFF07FCA69ED639009049307FA00FB
:109C6400BD88918391E0C144C207C183DE8C814ADF
:109C74003EC6414DB24763EAFA0C6286B3854B0196
:109C84008810EF10C1124DC53D555DA09307900497
:109C9400E39C09F8A54749BF834701050947C14C1F
:109CA4002300F10283471105B3C7F900A300F102B1
:109CB40093872900814963EFFC028146181033061B
:109CC400D7008C083387D900B69556970347070009
:109CD40083C5050085062D8F2300E600E390D7FE9B
:109CE4004147639AE70490080C102285EFF0DFC027
:109CF40035D53DA8B3863A01BA871010B305F600EE
:109D040090083E9603C506000346060085078506AF
:109D1400298E2380C500E39297FF3387EC40900897
:109D24000C102285BA99EFF03FBD8947014741D510
:109D340065616F709FD390083E9603460600141029
:109D4400BE962380C600850769BFB247850A9399EA
:109D54000A01939D8A0093D909016399570D854798
:109D64003546DA85130511022300F10293D98900DF
:109D7400EF104106B3ED3D0190000C10228523172E
:109D8400B103EFF07FB74DF58147A68963E69706E7
:109D940026860C084A85EF10E10381471810B306A4
:109DA400F700100898083E973E96034707000346BD
:109DB40006008507318F2380E600E3E197FE639D6B
:109DC400A90590080C102285EFF01FB335F18147E7
:109DD4009810B306F700900818183E973E9603476C
:109DE4000700034606008507318F2380E600E391D0
:109DF400A7FF4109C10CBDBD18089000B306F700C8
:109E04003E963387FC000347070003460600850798
:109E1400318F2380E60095BF98084E9703470700CB
:109E24001C10CE972380E700850951BF854735462E
:109E3400DA85130511022300F10293D98900EF009A
:109E44007179B3ED3D0190000C1022852317B10305
:109E5400EFF09FAAE31E05EC814718089000B306B3
:109E6400F7003E963387FC000347070003460600CD
:109E74008507318F2380E600E391A7FF41460C0854
:109E84004A85EF00317581471810B306F7001008B2
:109E940098083E973E960347070003460600850749
:109EA400318F2380E600E391A7FF90080C102285F0
:109EB400EFF09FA41DDDADBD7D558280EF723FBAEA
:109EC40001112A842E8593055100328902C002C2F1
:109ED40002C402C693047400EFF04FD81D46A68551
:109EE40013059100EF00116F10088A854A85EFF081
:109EF400BFA019ED93071400180883C60700034692
:109F0400070085070507B18EA38FD7FEE397F4FEFC
:109F140005616F701FB7EF72FFB22E848C4141113F
:109F2400AA89838715003289914463D30700A14429
:109F340097A7FF1F938787E19C43B1C3B5CE8D4795
:109F44002310F10083C725004A852301F10083C74C
:109F54003500A301F10083C745002302F10083C744
:109F64005500A302F10083C7650093059100A30384
:109F740001002303F10023040100EFF02FCE0C4075
:109F84004A860A85EFF0AFCF0328040083564400C5
:109F9400A6881D0881470147E51642868A854E85B5
:109FA400EFF05F982A8909E5A6852285EFB05FB5B1
:109FB4004A8541016F705FAC4A860A85EFF02FCC69
:109FC4007DBFEF723FA82E848C414111AA898387FB
:109FD40015003289914463D30700A14497A7FF1F5A
:109FE4009387C7D69C43B1C3A5CE8D472310F100F8
:109FF40083C725004A852301F10083C73500A301E7
:10A00400F10083C745002302F10083C75500A30272
:10A01400F10083C7650093059100A30301002303A6
:10A02400F10023040100EFF06FC30C404A860A8557
:10A03400EFF0EFC483564400032804008A85858E1C
:10A04400C2061D08C1822312D400A6888147014795
:10A05400E51642864E85EFF07FB841016F70DFA1AF
:10A064004A860A85EFF0AFC1C9B7EF725F9FB33577
:10A07400B000011185052A891315F6013365150110
:10A084002308B1009305110136843AC632C03EC498
:10A0940042C2EFF0AFBCA2471248425593D68700A4
:10A0A400230BF1009305910193578800A30AD10073
:10A0B400A30BF100230C0101EFF04FBA3247024623
:10A0C40003280400B337E000835644009207914408
:10A0D40011C2A1444A85A68842860C08EFF09F84E9
:10A0E4002A8909E5A6852285EFB09FA14A850561E5
:10A0F4006F703F99EF721F9501113EC68647B335C5
:10A10400B0008505AA891315F6015D8D2308B100F9
:10A114009305110136843A89B28442C446C2EFF0F1
:10A12400EFB322489248164593578800A30AF100DA
:10A134009305910193D78800230B0101A30BF10030
:10A14400230C1101EFF08FB13247104083564400C5
:10A15400B337E000920703280900914891C0A14851
:10A164000C084E85EFF09FA7AA8411E5835544009F
:10A174004A85EFB0FF98268505616F70FF8FAA9519
:10A184009307F00F17370100130747B46317B5009F
:10A1940013C5F7FF1375F50F828005058346F5FF98
:10A1A400B58FBA9783C70700D5B703574500144145
:10A1B4009307F00F17360100130646B1369742078E
:10A1C4004183139506014181631BE500AD8FB2976E
:10A1D40003C50700130515F31335150082808506A2
:10A1E40003C5F6FFA98FB29783C70700D9BFEF72E3
:10A1F4001F87B28736842E86BA86AA853E85BA849E
:10A20400EFF06FE6634B05002285EF00115D2A86AF
:10A21400A686A2852685EFF00FE56F709F86EF7204
:10A224007F825D712A8BAE8A17350100130585A7DD
:10A234002C00B284368ABA893E89EFF04FE42A842E
:10A2440059E534104146DA852800EFF0CFE12A843D
:10A254003DED8547A303F100A6C2930771002408CE
:10A26400BEC4A68685470D462C18281002DC02DEE3
:10A27400D6C0BEC6EFF00FDB2A8431E983477102F2
:10A28400A6860D4693F7F7072300FA00C1473EDE82
:10A294002C188947281026DCA303F100EFF08FD88F
:10A2A4002A8415E54146A6854E85EF00B1328D47D7
:10A2B400A6860D462C182810A303F100EFF08FD6C4
:10A2C4002A8411E54146A6854A85EF00B1302285EE
:10A2D40061616F706FFAEF728FF8972701009387AF
:10A2E40027F3984383C7470079712A89AE841735C9
:10A2F40001001305A59B0C083AC42306F100EFF0F6
:10A304000FD82A8415E514104146CA850808EFF0D1
:10A314008FD52A8411ED140815462C000810EFF08F
:10A324008FD42A8411E521462C082685EF00912A32
:10A33400228545616F70EFF4EF726FF29727010089
:10A34400938707ED9C477971AA842E841735010001
:10A35400130545960C083EC6EFF06FD20DE51410B8
:10A364004146A6850808EFF00FD011ED14081146F8
:10A374006C000810EFF02FCF19E58347F10193F734
:10A38400F7032300F40045616F70AFEFEF722FED18
:10A394003688A14881470147E546EFF0AFD86F7092
:10A3A4004FEEEF72CFEB3688A14881470147E5466F
:10A3B400EFF0DF826F70EFECEF726FEA01112A8425
:10A3C4002E850C0832C6EFF08FCB19E93247973649
:10A3D40001009386A68C1008C1452285EFF03FE169
:10A3E40005616F700FEAEF728FE74111C1472EC00C
:10A3F40032C48A8509463EC23EC6EFF0AFC241016F
:10A404006F702FE8EF72AFE54111AE8613061009A5
:10A41400AA850A8502C002C202C402C6EFF0AFC414
:10A4240041016F700FE6EF728FE3328797360100B8
:10A434009386C6882E8693050002EFF05FDB6F706B
:10A444004FE4EF72CFE17971C1472ACC2ED032D4D8
:10A454002C080D4628003ECE3ED23ED602C402C68B
:10A4640002C802CAEFF00FBC45616F708FE1EF7252
:10A474000FDF0111AA842E8417350100130585848A
:10A484008A85EFF0CFBF05E514084146A6850A8505
:10A49400EFF06FBD09ED8347E1010347F101A20726
:10A4A400D98FCA07C9836177D98F2310F400056156
:10A4B4006F702FDD05C9EF728FDA9797FF1F9387AF
:10A4C400673690439795FF1F938505361795FF1FB1
:10A4D40013054531EFB080061795FF1F130585302E
:10A4E4006F702FDA1795FF1F1305C52F82809DC546
:10A4F400EF72EFD69797FF1F9387C73294430111EA
:10A504002E840A869795FF1F93850532EFB0800746
:10A514000A850294014505616F70AFD67D5582802E
:10A52400EF72EFD3EFB080119797FF1F23ACA72EE4
:10A5340017F5FFFF1305C5F9EF90D03D6F706FD489
:10A544001797FF1F130747309317150008433E95CD
:10A55400FD572310F5008280EF726FD02A840840E3
:10A5640019E16F700FD21C4158401CC06313E50001
:10A574005CC08347550023200500F99BA302F50026
:10A58400EFB04FFCE9BFEF72EFCB9797FF1F9387B4
:10A59400A72D98432A8411CB8347350093F70702EC
:10A5A40089C7035505008945029713054401EF90B7
:10A5B4007011835504000355E400EF20301448580B
:10A5C40009C5EFB02FF8232A040213058403EFF022
:10A5D400BFF88144B149EFA05FA063C5A4028347DB
:10A5E40034002320040493F727FCA301F40000485B
:10A5F400EFA0BF9F1316150081452285EF702FC968
:10A604006F708FC7B38734030329040385043E990D
:10A614004A85EFF07FF42304090075BF83473500B2
:10A6240093F7070299E3014582808357E500E39C91
:10A63400B7FEC167FD176316F60005458280054520
:10A64400B9A0EF72CFC193170601C187B2842A84DF
:10A6540001496359F002835705008DCB01456367B7
:10A66400F600034584003E953325A6001375F50FC7
:10A6740039A81C4813171900BA9783D70700E38039
:10A6840097FC0509EFA07F96E345A9FE01456F708D
:10A694004FBFEF722FBBAE89AA84EFA0DF8A2A8452
:10A6A400EFD01FADAA860147130684019705000069
:10A6B400938545E91795FF1F13054519EFA02FDB77
:10A6C4002A8921CD8C441304C50022859E0593F567
:10A6D4000508EFB06FC7CC4083877400E18163D174
:10A6E400070493E505082285EFB00FC60D46938550
:10A6F40044002285EFB06FC383D504002285EFB0F8
:10A704004FC883D524002285EFB0AFC703D64900D4
:10A7140083A509002285EFB04FC14A856F70CFB57C
:10A7240093F5F507C9B7EF728FB301112A84328507
:10A7340032C6EFB0CFB6EF90BF9C83570400179793
:10A74400FF1F1307E7293246231BF100930700F884
:10A75400A30DF1001C471843231AA1008983858B9C
:10A76400B307F740B28548083ECE231C0100230DF1
:10A774000100EFF01FF205616F70AFB0EF728FACA4
:10A784000041014529CC9304C40026853289AE8951
:10A79400EFB0EFB495452A8A2685035B0401EFB038
:10A7A4008FB12685EFB08FC88D45AA8A2685EFB074
:10A7B4008FB02685EFB08FC75C48420A135A0A014E
:10A7C400D2975CC423186401814763983A01460513
:10A7D4004D81330625419337160013F5F70F6F703B
:10A7E400AFA9EF724FA589692A8BAE8B328AB68ADC
:10A7F40081440144314CFD19EFA02FFE63C9A4002C
:10A80400EFA0BF80018D33B5AA006F704FA63389C6
:10A81400840383270B003E9963170A00834789004A
:10A8240085043E94D1BF03560A00DE854A8533F67B
:10A83400C900EFF0BFF47DD10545C1BFEF722FA26F
:10A8440001112A847C000355E5003ECAB7070700BE
:10A854003ECC7C003ECEEF10B0362A8985454808B0
:10A86400EFB04FC499454808EFB08FA9AA844A8530
:10A87400EF1030372380A4009797FF1F9387471664
:10A884009C434166130606F09396870113D787010C
:10A89400558F93D68700F18E558FA207B706FF0018
:10A8A400F58FD98F11462C00138514003EC4EF0098
:10A8B40061525008A382040089452285EFF0BFE667
:10A8C40009C9AA8513058403EFB04FBE3C40850730
:10A8D4003CC005616F70EF9AEF726F98EFA0EFF2D2
:10A8E4002A840504EFA06FF13305A402F1479145D2
:10A8F4003305F502EF10A07401E565556F706F988C
:10A904009797FF1F23AAA7F4EFA02FF02A8405042A
:10A91400EFA0AFEE3305A40289450605EF102072BF
:10A9240069DD9797FF1F23A1A7F2EFA00FEE2A84FA
:10A934000504EFA08FEC3304A4029797FF1F23971D
:10A9440087F0EFA08FEC2A84EFA02FEB930714007D
:10A954003385A7029797FF1F239BA7EE9727010034
:10A96400938707FA1797FF1F2326F7EE014579B758
:10A97400EF724F8DAA842E8901449799FF1F938902
:10A984002906130A8006EFA04FE76345A40001459A
:10A994006F708F8E3305440383A709024A86A68508
:10A9A4003E95EFF0BFC719E10504F1BF0545CDB7EA
:10A9B400EF726F88AA8A2E8BB28B368C3A8A8144C6
:10A9C40001448149979CFF1F938C8C01130D8006D1
:10A9D400EFA0AFE263C7A40011E085494E856F7014
:10A9E4000F893389A40383A70C025E86D6853E991A
:10A9F4004A85EFF0BFC219CDEFA02FE10544636B88
:10AA04004501D2866286DA8513050903EFF07FDDFE
:10AA140011C1854985046DBFEF72CF82C1644111B4
:10AA24002A8901449799FF1F938989FB130A800699
:10AA3400FD1436C632C42EC2EFA02FDC9245224646
:10AA4400B2466346A400014541016F70EF823305AD
:10AA5400440383A709023E9509C683473500C18B89
:10AA64009DC791C68347350093F707028DC36306DC
:10AA740099008357E500639C27010357050001CB28
:10AA840063E7E50083478500BA97E3CFF5FA050449
:10AA94004DB7EF623FFBC1642A8901449799FF1FB8
:10AAA400938909F4130A8006FD14EFA00FD56344BB
:10AAB400A4006F607FFC3305440383A709023E951D
:10AAC4008357E50063889700630499006394270122
:10AAD400EFF07FAB0504D1BFEF627FF589692A8A65
:10AAE400AE8A328BB68B8144179CFF1F130C4CEF3C
:10AAF400930C8006314DFD19EFA02FD063C4A40040
:10AB04006F60BFF63389940383270C028355CA010F
:10AB14005A863E994A85EFF07FB005CD814D05A058
:10AB24003384AD038327090303D60B00D68533F69C
:10AB3400C9003E942285EFF07FC419E5850DEFA08E
:10AB4400CFC9E3CFADFC31A02285EFF0FFA02304F1
:10AB54000400850455B7EF621FEE4169AA8A014AD1
:10AB6400179BFF1F130BCBE77D19C14B054CEFA0BF
:10AB7400CFC86344AA006F609FEF93098006B307B0
:10AB84003A0383290B02BE9983D7E900638C27011A
:10AB940063842A016398570103A4890311E44E8551
:10ABA400EFF0DFC9050AE1B783570401639977071A
:10ABB4009304C4002685EFA09FF285452A8D26853F
:10ABC400835C0401EFA03FEF2685EFB04F8262055E
:10ABD4006185635F05028D452685EFA0DFED89451C
:10ABE4002685EFA05FED89452685EFA0DFEC85453E
:10ABF4002685EFA09FED83470500094793F7F707E4
:10AC04006398E70099452685EFA03FECA3028501F0
:10AC14004848337D2D01231894016A9548C40040A7
:10AC2400B5BFEF62DFE3EFE0800A9797FF1F83C7AA
:10AC340027C81775FF1F1305A5F9A300F500EFD06A
:10AC4400803681461306F00F81450145EFD0E0764A
:10AC54006F603FE31797FF1F130787B51843979556
:10AC6400FF1F83C5E5C49797FF1F9387E7C28346F9
:10AC74008703034697036397D5009797FF1F23899C
:10AC8400C7C2828083C587010347A7036317B60041
:10AC94009797FF1F238EE7C0828003C6870163173F
:10ACA400C7009797FF1F2385D7C0828083C687017B
:10ACB400130750026319D700930760021797FF1F09
:10ACC4002308F7BE828083C68701130660026315DA
:10ACD400D60093077002DDB783C7870155BF9797E6
:10ACE400FF1F938767BBD44B0947638EE606EF6269
:10ACF4001FD79794FF1F938464B73E8483C70400CF
:10AD0400918B95CBEFD0B07C1795FF1F130585B6BB
:10AD1400EFD0602981461796FF1F0346A6B78145E9
:10AD24000145EFD0806915CD83C70400ED9B1797CB
:10AD3400FF1F230DF7B28347040093F7F70F95C362
:10AD440091471797FF1F2323F7B6EFF09FEDEFF01E
:10AD54007FF0414691451795FF1F034565B4EFA069
:10AD640090556F601FD28280EF627FCF8D47411173
:10AD7400630FF502C5476304F5028547631EF500BA
:10AD84009797FF1F2388A7B2930500101795FF1FFD
:10AD9400034505B1EFA0B04841016F609FCE8547E0
:10ADA4001797FF1F2308F7B093050020C5B797979F
:10ADB400FF1F938767AED44B11476387E600EFD03C
:10ADC400107193050004D9B785441797FF1F232FEB
:10ADD40097AC83C7070032C62E8493F7F70FCDDFF5
:10ADE4007D141374F40FEFD0906EE3FC84FCB24531
:10ADF400994703C61500E3F6C7FC09061795FF1F1C
:10AE0400130585AB9760FF1FE780E0DE930500081C
:10AE14001795FF1F0345C5A8EFA070405DB7EF620B
:10AE24001FC41797FF1F130727A74047184B1C4041
:10AE34009796FF1F23A8F6A66316E4001797FF1F33
:10AE44002324F7A6130584FEEF90DFFB035564FF6C
:10AE5400EF905FCFEFA01FEF6F60BFC2EF623FC004
:10AE64009797FF1F938747A3D84BDC4799C3EFF00D
:10AE74001FFB85471797FF1F232AF7A29797FF1FEA
:10AE8400938707939C43930500021795FF1F03457F
:10AE940025A183C787031797FF1F230BF7A0EFA0F4
:10AEA40010386F601FBE9797FF1F23A9A79E82804B
:10AEB400EF62FFBAA1451795FF1F0345659EEFA0FA
:10AEC4003056A1451795FF1F0345859D9794FF1F95
:10AED4009384849CEFA05039DC4489E7EFF03FE091
:10AEE4006F603FBA03D567FFEF90DFC52A847DD535
:10AEF400D84891476310F70291451795FF1F034502
:10AF0400259AEFA0F05191451795FF1F03454599E8
:10AF1400EFA090358947032944010354040117978E
:10AF2400FF1F2325F798EFD0905A83C7840121048B
:10AF340042041775FF1F1305A5C91777FF1FA3093F
:10AF4400F7C86119EFD02006418081460946937500
:10AF5400F40F4A859797FF1F238E0794EFD0A01E06
:10AF640011E99797FF1F83C727A589C79760FF1F1C
:10AF7400E780408B2146A1451795FF1F0345459265
:10AF8400EFA07033B1BFEF629FAD93F705200111BD
:10AF94002E8481CBEFF09FEC1345042005616F6094
:10AFA4005FAE93F70510B9C79794FF1F9384C48EBF
:10AFB400DC48EFF03FCA1787FF1F1307677F18436A
:10AFC40083C78401034787036316F700DC4499C3EE
:10AFD400EFF0FFE48547930500021795FF1F034533
:10AFE400258C1797FF1F2323F78CEFA050231345BD
:10AFF40004106DB793F70508ADC79797FF1F83C774
:10B00400B78BE91719469795FF1F9385058B130591
:10B01400D10093F4F70F1799FF1F0349E989EFF063
:10B02400705B93970401C1831797FF1F1307478928
:10B03400231DF100231CF1009797FF1F9387C785F9
:10B044003ACE3ACAD8432306010009CBDC43931510
:10B05400890154080D46E185680082971345040868
:10B0640035BF93F72500A1CF9797FF1F9387C7821A
:10B07400D84B89476304F7029787FF1F83C7077F6D
:10B0840013F7270001EF918B89CF1306000A894536
:10B094001795FF1F0345C580EFA0F0211345240039
:10B0A400F5BD9787FF1F9387A7709C4383C78703CA
:10B0B4001787FF1F230EF77EEFF09FDFC5B793F7C7
:10B0C400050291C7EFF0DFDE13450402C1BD93F71B
:10B0D400850091C7EFF09FD813458400C1B593F75D
:10B0E400150091C7EFF0BFBF1345140045BD93F79A
:10B0F400450091C7EFF0BFBE1345440045B593F733
:10B10400050485C39787FF1F83C7077981CBEFF0B9
:10B114005FB191471787FF1F232AF778134504046B
:10B12400B5BD93F705010145E38A07E69787FF1F3D
:10B1340093878776D84B9147631BF7029787FF1F46
:10B144009387C7729C4313D727008583D98F858B38
:10B1540099E3EFD0D03791451785FF1F0345457418
:10B16400EFA0102C85471787FF1F2321F774134581
:10B1740004012DB5EF62BF8E9787FF1F23A40772CA
:10B184009787FF1F23A2077285471784FF1F1304A5
:10B1940024621787FF1F232BF7701C4083C7870384
:10B1A4001787FF1F2306F770EF901FEB21C19777D6
:10B1B400FF1F23A3A7A21C40170500001305E5DC0D
:10B1C40083C787031787FF1F2304F76E1777FF1FB3
:10B1D400A300F7A09787FF1FA380076CEFA0D058A8
:10B1E4009787FF1F238EA76A6F60BF89B7C7898EB1
:10B1F400938767ED1777FF1F2320F79E6DBFEF62DC
:10B204001F861787FF1F03472769795441E39787F0
:10B21400FF1F9387676803C7170005079786FF1FFB
:10B22400A38CE66603C717008D463377D70297864B
:10B23400FF1FA383E66683C617001787FF1F130744
:10B244002757184393F6F60FA9E683478703178712
:10B25400FF1F230FF76485471787FF1F230EF7622D
:10B264009787FF1F938787609C430144998B99EFCD
:10B27400C1451785FF1F0345A562EFA0E07E854504
:10B284001785FF1F0345C561EFA0607922856F60B4
:10B294004FFF83C7170085466395F60083479703DE
:10B2A4007DB78347A70365B79787FF1F83C7C75E2B
:10B2B400B1C7EF62CFFA85451785FF1F0345455E89
:10B2C4009787FF1F238A075CEFA0007A91451785B3
:10B2D400FF1F0345E55CEFA0B01491451785FF1FE0
:10B2E4000345055CEFA04078C1451785FF1F034562
:10B2F400255BEFA0C07201456F60AFF8795582807D
:10B30400EF62EFF52A84035565FFEF90BF839787BB
:10B31400FF1F93876758D847BE840DEBEFA0DFA1CA
:10B324009C48232004009DE79787FF1F23AE875680
:10B334009787FF1F23A8875689451785FF1F034555
:10B344002556EFA0C06D01456F60AFF3630A870017
:10B354001843E1B780C39787FF1F23A78754E9BF2A
:10B364007955DDB7EF62AFEF9787FF1F93870765C6
:10B37400884323260500232405005105EF809034DB
:10B384006F602FF0EF62AFED1784FF1F13040463A7
:10B394001C40411189CF9C472302B5002AC61CC119
:10B3A400EFF05FFC1C409C4B99C3324582974101EE
:10B3B4006F602FEDEF62AFEA4111444D3285328464
:10B3C4002EC6EFA0DF822AC42285EFA0BF8303A884
:10B3D4004400630C0800B2458357440018402246D9
:10B3E40083D54500AA862685029841016F606FE9DE
:10B3F400EF62EFE6404D1DC408C097050000938539
:10B40400E50213054401EF80901E9787FF1F938781
:10B41400E75A9C43014589E79787FF1F23A0875A72
:10B424006F602FE67D55EDBFEF626FE30111680099
:10B434009305F00F02C602C802CA02CC02CEEFF096
:10B444007FF405616F60EFE39787FF1F93870757CA
:10B454009C43D847A1679D076311F702EF622FE071
:10B4640001113285EFA0AFF8230AA10081456800DD
:10B47400EFF05FF105616F60CFE082809787FF1F77
:10B484009387C7539C43D847A16793877703631176
:10B49400F702EF62CFDC01113285EFA04FF5230AEA
:10B4A400A10081456800EFF0FFED05616F606FDD7D
:10B4B40082809787FF1F938767509C43D84795479F
:10B4C400631CF702EF62AFD9011132853284EFA019
:10B4D4000FF2230AA1002285EFA0CFF28357440084
:10B4E400231BA10081453ECC1C4068003ECEEFF0FA
:10B4F4007FE905616F60EFD88280930785FF89CF6C
:10B504008327C5FF91CBDC4B81CBEF624FD503255D
:10B5140085FF82976F60EFD68280EF624FD42A84D2
:10B524003285EFA0CFECBD4763EBA70018449377B7
:10B53400F5000345B70041995D8DA305A7006F6031
:10B544004FD4EF62CFD101117C003ECAB707070088
:10B554003ECC7C003ECE5C4D8DCF2A841385870083
:10B56400AE84EF80700AA1652A899D054808EF80A2
:10B574009FD09305803EB345B902480893F5F50F73
:10B58400EFA08FDC014781465008A6852285EF8015
:10B59400DFEE05616F60EFCEEF626FCCEFF07FFA04
:10B5A4006F602FCEEF62AFCB01117C00AE843ECA38
:10B5B400A165B70707002A843ECC48087C00938520
:10B5C40075033ECEEF803FCB1C44480883C5B700CB
:10B5D400BD89EFA06FD7500801478146A685228513
:10B5E400EF80BFE905616F60CFC9EF624FC72A845E
:10B5F400AE84EFF09FF2A6852285EFF0BFFA6F606C
:10B604004FC8EF62CFC5EFF0FFF96F608FC7EF62ED
:10B614000FC50329C5014111630409022A84328537
:10B62400B284EFA0CFDC2AC62685EFA0AFDD832746
:10B6340049002A8691C7DC4781C7B2452285829793
:10B6440041016F600FC4EF628FC1444D81CC2A84E5
:10B654003285EFA02FDBDC40AA8589C79C4799C3BC
:10B66400228582976F60EFC1EF62CFBD032AC501C7
:10B67400411163030A062E89AA84954532853284D2
:10B68400EF807FBF85452285EFA08FC7AA89CA8531
:10B694002285EFA0AFCC83274A009DC7DC438DC72A
:10B6A4002285EFA06FC483274A00104083564400CC
:10B6B400DC437115A307A100B2961307F1004E866F
:10B6C400CA852685829701C52380090031A0834558
:10B6D400F1002285EFA0CFC241016F60EFB9EF62A4
:10B6E4000FB865711C083EC2B70780013EC41C0830
:10B6F40032893EC62A84AE84EFF07FF14A85EFA0FA
:10B704006FD08357A10089CFAA8550002285EFF01E
:10B71400BFF5014781465000A6852285EF80FFD5FD
:10B7240059616F600FB6EF62EFB165711C08832930
:10B73400C5013EC2B70780013EC41C082A84AE84FA
:10B7440032893EC6EFF03FF0638409024A85EFA0D8
:10B754006FCB8357A100AA8581CF50002285EFF0DB
:10B76400BFF0014781465000A6852285EF80FFD0B7
:10B7740059616F606FB0EF628FAE65711C083EC295
:10B78400B70780013EC42A841C0832853EC6AE84B5
:10B79400EFA04FC78357A10089CFAA855000228507
:10B7A400EFF09FEC014781465000A6852285EF808B
:10B7B400DFCC59616F60EFACEF626FAA444D91E842
:10B7C4008347450093B71700B307F0403E856F6089
:10B7D4004FAB1845FD577DDB9707000093870703A0
:10B7E4002A845CCB97050000938565D1138584007A
:10B7F400EF80E05F80C003474400814761FB178707
:10B80400FF1F232F971AD9B7EF62CFA38329C5014E
:10B814004111032985008147638B09080324090129
:10B8240091452A8A2285EF801FA585452285EFA0B0
:10B834002FAD8945AA8A2285EFA08FACAA84EF8018
:10B844003FA983A749002A8B9DC79C438DC72285A6
:10B85400EFA08FA983A74900A306A1001040835637
:10B8640044009C431307D100B296D6851306E10029
:10B874005285829709CD83570B002380F400A1835E
:10B88400A380F40023800A00A306010029A883579B
:10B89400E10022852380F4008345D100A183A380A5
:10B8A400F400EFA0EFA58347D100B337F0000347BE
:10B8B400B900920701453D9BD98FA305F9004101C9
:10B8C4006F608F9BEF62AF9941111DE99787FF1F4E
:10B8D4009387070F804305C80440130984009DC55E
:10B8E4005C4099C79C4B89C726852EC68297B24572
:10B8F4009307803EB385F5024A85EF80205B21A043
:10B90400404DAA8479F841016F60AF974A85EF8072
:10B91400605B5C40EDDBDC4BFDD726858297E5B7A9
:10B92400EF62EF932A843285EFA06FACAA8522855B
:10B93400EFF05FF96F60EF94EF626F922A84AE8448
:10B94400EFF01FFEA6852285EFF0BFBF6F606F93F7
:10B9540008413355B50005898280EF624F90178402
:10B96400FF1F1304E4071C5C0111231701008D83DE
:10B97400858BA303F1008327040B231801002319EB
:10B98400010003D7C7013ECA3C002314E1007D57E0
:10B994002315E1000357C4023ECC02CE2316E10076
:10B9A400EF800FF68357E101231EA10093F707E010
:10B9B40093E71710231FF1009787FF1F83C7E7043E
:10B9C40085C305470145638AE7008347840393E7FA
:10B9D40027001787FF1F2301F70405616F606F8A33
:10B9E4008147171701001307A74D854613067100F9
:10B9F40085454808EF7040536DF183478403F59BF8
:10BA04001787FF1F230AF70085471787FF1F230E99
:10BA1400F7FEE1B7EF62AF81978DFF1F938D4DFC69
:10BA240003A6CD0639712A89814781449306000211
:10BA34003357F600058B01C7850493F4F40F85078B
:10BA4400E398D7FE83A70D0B2317010223180102E5
:10BA540003D7C7013EDA3C102314E1027D572315B6
:10BA6400E10203D7CD023EDC231901022316E102D1
:10BA740002DEEF80EFE88357E103231EA1020145B4
:10BA840093F707E093E71710231FF1029787FF1F2F
:10BA940083C7A7F7A9EF9787FF1F83C7F7F73EC6AA
:10BAA4009789FF1F9389C9F30144014D9D4A054BB2
:10BAB400954B178CFF1F130CECF9978CFF1F938C7D
:10BAC400ECF803DAC90563090A00EA85631459032B
:10BAD4006685EFF0FFE71DC1050DA1478909E31253
:10BAE400FDFE2DE09787FF1F23A407F60145216182
:10BAF4006F50BFF76285EFF0BFE579DD3247B3875A
:10BB04008400E3F0E7FE9C001306140006043E9450
:10BB140013178A0093578A00D98FC207C183A30ED3
:10BB2400F4FCA183230FF4FC03A70D07B317AB01A7
:10BB3400D98F1787FF1F232DF7F063047601328412
:10BB440061BF15449787FF1F83C707EC138717004E
:10BB54009786FF1F238AE6EA93161400230EF1004A
:10BB6400171701001307C735814785067008CA8572
:10BB74004818EF70603BE34705F68347C10105456C
:10BB84001787FF1FA302F7E89787FF1F238F27E775
:10BB9400B9BFEF523FEB0111AA892E84EFD0AFA6B3
:10BBA4002A899784FF1F9384A4E36399090A9C5C00
:10BBB400414793F707036393E70A1787FF1F034778
:10BBC40017E5894763ECE70883A7040B23170100F3
:10BBD4002318010003D7C7013ECA3C002314E10027
:10BBE4007D572315E10003D7C4023ECC231901007D
:10BBF4002316E10002CEEF80AFD0231EA100EFC0D8
:10BC04002FD78357C101230FA100914613D7870073
:10BC1400A207D98F2312F1009787FF1F83D7E7DF8D
:10BC240013D78700A207D98F2313F1001717010038
:10BC3400130787288147500095454808EF70C02EA8
:10BC440005889317240003C484036D985D8C97873B
:10BC5400FF1F238387DC05616F501FE2EF70B07E06
:10BC64001785FF1F1305C5DBEF80C02583A7040BD1
:10BC74009785FF1F83D585D903D5C701EF10002809
:10BC84009787FF1F83C747D993F60702014789E6C1
:10BC94001787FF1F035787D79786FF1F2390E6D880
:10BCA4001787FF1F130787D2184309CBC18B99C786
:10BCB40089451785FF1F035565D502979787FF1F91
:10BCC40023A607D49787FF1F238107D49787FF1FD5
:10BCD40023AE07D69787FF1F23AC07D69787FF1F8E
:10BCE40023AA07D683D7840393F7270C93E7170077
:10BCF4001787FF1F2312F7D283572903A18B99C3F8
:10BD0400EF70404711C49787FF1F23AD07CEA1B73B
:10BD14008D471787FF1F2327F7CE1304803EEF902C
:10BD2400AFB1330585029305400609C5EF90CFB046
:10BD3400B30585021785FF1F130585CEEF80001715
:10BD440019BF9787FF1F9387A7C9D85325C791C9E0
:10BD54009787FF1F238B07CA9787FF1F23AA07CE46
:10BD64008280EF52DFCF83C7F70241112EC68507C9
:10BD74001787FF1FA30DF7C89787FF1F2391A7CA33
:10BD84009D471787FF1F232FF7C6EF90EFA92A843B
:10BD9400EF908FA9B24501E5EF900FA9AA85B305ED
:10BDA400B4401785FF1F1305A5C7EF80201041017C
:10BDB4006F503FCD82809787FF1F938767C2D85308
:10BDC40031C7EF52DFC903C7F70205079786FF1F84
:10BDD400A38FE6C211CD8C5F0D470145898185890A
:10BDE4009786FF1F23A0E6C2EFF0BFDA6F507FC92A
:10BDF40085479305C0441785FF1F130565C2178740
:10BE0400FF1F2321F7C0EF80600ACDB78280EF5275
:10BE14001FC51787FF1F034747BF8547631EF700EA
:10BE24009787FF1F9387C7BB83C7870393C7870081
:10BE34001787FF1F2302F7BE1785FF1F130545BE93
:10BE4400EF804008EF805FFB99471787FF1F232B84
:10BE5400F7BA9787FF1FA38C07BA9787FF1F23861C
:10BE640007BAEF908F9B930740063305F502978737
:10BE7400FF1F23AFA7B86F50DFC09787FF1F83C78B
:10BE8400A7B9C18B99C7EF529FBDEFF01FAD6F509B
:10BE94005FBF695582809787FF1F938767B4DC5320
:10BEA40081CBEF52DFBB8545EFF0BFCE6F507FBD36
:10BEB40082801787FF1F1307A7B201468146BA8500
:10BEC4002148631E06019DCA2390A60083C78503EB
:10BED40093E717001787FF1F2300F7B405A08357C4
:10BEE400C705631DF502F8598547B397C70093C783
:10BEF400F7FFF98F1787FF1F232EF7B49C5D9183FB
:10BF0400858B85C79787FF1F83C727B099EFEF52AB
:10BF14001FB51D45EFF01FB06F50BFB681E699E322
:10BF24009306C7050506090769BF8280EF52BFB0B3
:10BF34008605AA84B309B500978AFF1F938A0AB1BC
:10BF4400054B978BFF1F938BABB0214C6394340349
:10BF54009787FF1F9387C7A89C5F9183858B89CBA5
:10BF64009787FF1F83C767AA81E72145EFF09FAA40
:10BF74006F50FFAF03DA0400630B0A041789FF1F35
:10BF8400130909A60144CA8C8357C905639D470355
:10BF9400A2855685EFF0DF9B11E5A2855E85EFF063
:10BFA4003F9B05C903A74C07B3178B00D98F17878D
:10BFB400FF1F2321F7AA83C78C0393E71700178772
:10BFC400FF1F230BF7A405040909E31F84FB89045D
:10BFD400B5BF231E0904C5BF1787FF1F0347E7A288
:10BFE4008547631AF700EF529FA7EFF05FE2EFF087
:10BFF400DF966F501FA98280814785451306000292
:10C0040093861700B397F500E98F13F7F60F89E7C6
:10C01400B687E397C6FE01473A858280FD4785458A
:10C024007D56B396F50013871700E98E1377F70F43
:10C0340089E6FD17E397C7FE01473A85828089E9BF
:10C0440001473A85828001473A8541016F507FA3B9
:10C05400EF52FFA041112AC62E852EC4EFF0DFF95E
:10C06400A2457D158547B397A700E39EF5FC3246AC
:10C074009377360099C3719A11069787FF1F9387A8
:10C08400E79594433E871788FF1F1308689489EA4D
:10C09400832708009107F19B9786FF1F23A0F6943E
:10C0A400032588001843B307A700B3F7B702B38783
:10C0B400F540FD15FD8D83274800AA95B306B6000B
:10C0C400E3F3F6F8E371D5F82E979787FF1F23A5BE
:10C0D400D7903DDB3A858145EF507F9B2A87ADB7EA
:10C0E40018419787FF1F9387A78E23A4070098C33F
:10C0F4005841D8C39787FF1F23A2078E8280EF522F
:10C104007F94AA8401441789FF1F1309698D930939
:10C11400400EEF805FE16345A40001456F50DF9559
:10C12400330534038327090B3E958357C501E38701
:10C1340097FE0504F9BFEF521F909789FF1F93895B
:10C14400298A3E84BA848347060003A70900411163
:10C154009D83058B3D8F83C74401AE8A2A89F99B51
:10C16400D98F238AF4001C44B685231204001CC012
:10C174002285328A36C6EF90BF98B246D28536867B
:10C18400EFE05045DC4883A509000840858B5686BE
:10C194009D8DEFD0BFD261E918407D55834757008C
:10C1A40003476700A207D98FC207C1872394F4000D
:10C1B4006358F00A83C7440193F70703B5CBD0480B
:10C1C4009377160003A609001D8E9787FF1F938798
:10C1D400E7B79C43ADEB814641A003A70B0093173F
:10C1E4002A00BA9718409443834757008345670051
:10C1F40033F65601A207CD8F6311F6028347370049
:10C204000346470003472700A207D18F4207D98F6F
:10C21400BD82B3F76701638AF604050AEF80BFCFD6
:10C22400420593170A014181C183E3E8A7FA41BF9C
:10C23400A16A370B0200014A978BFF1F938B0B886F
:10C24400FD1A7D1BE1BF83C7440113070003854624
:10C2540093F70703E391E7F8A2854A85EFD07FD6E9
:10C2640041016F50DF806155E5BF7955D5BFEF526D
:10C274006FFD9774FF1F9384E45E9C40D9EF97771A
:10C28400FF1F938767749C436399070CEF80BFCAB1
:10C29400930780023305F5028945EFF05FDA41C95F
:10C2A4009777FF1F23A4A77EEF80FFC79307400E55
:10C2B4003305F5029145EFF09FD835C99777FF1FF5
:10C2C40023A8A77CEF803FBE01CDEF80DFBD914561
:10C2D4000E05EFF0DFD621CD9777FF1F23ACA77AA9
:10C2E400EF809FD611CDEF803FD6D9473305F502B5
:10C2F4008945EFF0DFD405CD9777FF1F23A6A778F4
:10C30400EF807FC191450A05EFF07FD30DC1977788
:10C31400FF1F23A5A77A014521A8EF801FCE93070D
:10C3240080063305F5029145EFF07FD101E56555AF
:10C334006F508FF49777FF1F23A4A76C0144130A4F
:10C3440080061779FF1F1309A969B14AEF80FFCA54
:10C354006364A4029C40E38407F2EF801FCA93073E
:10C36400A0043305F5028945EFF07FCD69D19777B5
:10C37400FF1F23A9A77419BFEF803FC7894506058E
:10C38400EFF0FFCB4DD5B3094403032709024E97C1
:10C3940008CBEF809FC4330555039145EFF03FCAA6
:10C3A40059D58327090205041374F40FCE9788DB4B
:10C3B40071BF9777FF1F9387A7628847058982809B
:10C3C400C167FD176319F5009777FF1F93874761CE
:10C3D40003A5070B8280EF528FE8EFF05FD26F5016
:10C3E4004FEA814709C58347E501B337F000177762
:10C3F400FF1F1307E75E18470983058B19C393E7EB
:10C4040027003E858280EF528FE52A84EFF07FFD7E
:10C414008347E401AA851305940899E313050403EB
:10C424009776FF1F9386C65B944213061502130783
:10C43400840213059504EFD04FC76F508FE4EF5279
:10C444006FE09774FF1F9384A45998442A892E841B
:10C454000983058B9C4019C76314F5006380050E9E
:10C46400014401A2E3FEA7FE1387A702E36AA7FE25
:10C47400850763FCA70883A9440BEF80DFA213168A
:10C48400350081454E85EF508FE09777FF1F23A934
:10C4940027559777FF1F23A7075449CC9C4493E75C
:10C4A40047001777FF1F2321F7549777FF1F238532
:10C4B400075A630F040C9777FF1F23A327530144E4
:10C4C4000549EF805F9E6341A40AEF80DFA09305D6
:10C4D4000006B3C5A502B7F73600938707E81775BA
:10C4E400FF1F1305A557416901449309400E7D19A7
:10C4F400B385F502EF70901BEF80FFA2634FA40891
:10C504000145EF30C0760544A9A86398A7029DE5CC
:10C5140083A9440BEF803F991316350081454E855E
:10C52400EF50EFD69777FF1F23AC274B9777FF1F6A
:10C5340023AA074A9C44ED9BADB785C51777FF1F17
:10C54400034787519307F005E3FCE7F021F8EF6018
:10C5540070436DD19C4493E707021777FF1F23258F
:10C56400F74822856F504FD183A7440B131534002D
:10C574003E958357050081CB8347250099C7214603
:10C584008145EF50CFD005042DBF23012501E5BF20
:10C594009777FF1F23A807440DBF3305340383A7F0
:10C5A400040B3E958357C50163842701EFF0BFE573
:10C5B400050499B7EF52AFCAEF80FF911304000648
:10C5C4003345A4029774FF1F9384844183C784076F
:10C5D4003E951375F50F9777FF1F238FA746930793
:10C5E400F00563E7A7020545EF306068EF80BF8E72
:10C5F4003345A402B7F53600938505E8B305B502C3
:10C604001775FF1F13058545EF70500A6F506FC7EC
:10C614009C4405458983858B81CBEF90AF918840FD
:10C624008145EFF0DFE1DDB7EF306064C5B7EF526D
:10C634006FC1130495082A8913069005A285130572
:10C644000503EFE020791306900581452285EF501C
:10C654000FC44A85EF30405B8144177AFF1F130AE9
:10C664002A38930A8002EF801F8D63C4A4006F50A0
:10C67400AFC0338454038327CA0A3E94035704008B
:10C684008357C9016317F702834744009DC3930985
:10C6940064014546CE8513055400EFE0A07345467A
:10C6A40081454E85EF50AFBE228523020400EF3052
:10C6B400805D85044DBFEF528FBA9777FF1F938734
:10C6C400671A9C432A8491C70DC50355C501EFE041
:10C6D4008FC89777FF1F938767679C4389CBEFB019
:10C6E400BFD985476315F5002285EF5040646F502C
:10C6F4004FB941657D15E1BFEF526FB61774FF1F47
:10C704001304042E4440938714001777FF1F232B30
:10C71400F72CEF30E0641C448983858B9DE75840F7
:10C72400B7E7B0009387075063F1E7020145EFF0E4
:10C734001F9D01CD0545EF80FFFF08408545050598
:10C74400EFF0FFCF0145EFF01FF726856F506FB371
:10C75400EF524FAFA1642A8901449779FF1F93894F
:10C76400E935FD14338AA500EF80EFFA6344A40091
:10C774006F508FB003A7090093172400BA9798430A
:10C78400658F42074183634C2701635A4701238025
:10C794000700A380070023810700A3810700050485
:10C7A400E1B7EF52CFA883594500C547411163F55E
:10C7B40037310441C1E533853401834785FF03479D
:10C7C40095FF0348B5FFA207D98F0347A5FFC2070A
:10C7D400220733670701D98F0347C5FF0348D5FFF5
:10C7E4002207336707010348E5FF0345F5FF4207C6
:10C7F40022083365A800498FB98F1777FF1F1307E5
:10C80400A7291778FF1F1308282B3A8583280700C8
:10C814006384172B1107E31B07FF1777FF1F130709
:10C82400A72918431318270042951CC10507A147DF
:10C834003367F7029777FF1F23A0E72893F73500A4
:10C844001397470083474601C16B368993F7F7FC7A
:10C85400D98F32842E8A230AF600814A177CFF1F5F
:10C86400130C0C18FD1B977CFF1F938CACFF177DDA
:10C87400FF1F130D2D25EF800FEB63C7AA00E154B2
:10C88400268541016F506F9E1308400EB3870A033B
:10C8940003280C0BB30DF800638E0D2083D7CD0154
:10C8A400638A772183A70C00014B63970716977758
:10C8B400FF1F938767119C436390071683C7040087
:10C8C40003C70D0493F7F707631BF71ACA87228778
:10C8D400CE86268693859D0613851D04EFF0BF85BD
:10C8E400631F051883D7CD01032709002320B40152
:10C8F4002312F400FD572313F4008347170093F623
:10C90400F7078347D40093F707F8D58FA306F400FD
:10C9140093F7F707B337F000B307F0402307F400A9
:10C92400834717009D839396370083474401DD9B1B
:10C93400D58F230AF4008347370083464700A207B4
:10C94400D58F83462700C206D58F1CC8834777003E
:10C9540003478700A207D98F2315F4000D4763040A
:10C96400EA00BD5491DF93870710C207C183130700
:10C97400B00FBD54E376F7F0EF80EFD48144E311B8
:10C9840005F09776FF1F83C6A613938716001777C3
:10C99400FF1F2307F7121777FF1F13072712231B05
:10C9A400D40093972600144303578400E175BE9680
:10C9B400A1671386F7FFB377C70098426D8FD98FAD
:10C9C4009CC21848F18F3E07D98F9CC2EF80AFD428
:10C9D4009777FF1F83C7C70E33F5A7029777FF1F0B
:10C9E4002380A70E71BD9307A004B308FB0283271D
:10C9F4000D00BE9803D7080083D7CD01631DF7004F
:10CA040083C7040003C7880093F7F707630BF70095
:10CA140083C7FD019DEB050BEF802FDEE345ABFCE7
:10CA240071BD9385980113859800CA872287CE86A5
:10CA3400268646C6EFF02FF0B24879F983474401C1
:10CA440093E74700230AF40071BD83C7040003C7BA
:10CA5400980293F7F707E310F7FCCA872287CE867C
:10CA640026869385A8031385A802EFF0CFEC45F53D
:10CA74008347440193E72700230AF400C1B783C71F
:10CA8400FD018DCB83C7040003C79D0993F7F70706
:10CA94006312F702CA872287CE86268693852D0CD9
:10CAA4001385AD09EFF02FE911E58347440193E7BE
:10CAB400270049BF850AC1B3FD54D9B3EF42BFF77C
:10CAC400797183544500AA8B2E84B28AEF80AFC754
:10CAD400590563469504EF800FC759054205418106
:10CAE400EF80503F2A8905CD2AC623180100EF8024
:10CAF4008FC559052319A1006146814528089779F6
:10CB0400FF1F9389E9ED4ACAEF407FF823028102AF
:10CB140003A48900058819E44A85EF8090364561AD
:10CB24006F40FFF474003008D6855E85EFF07FC750
:10CB340065F56800EF80BFFA177AFF1F130A0A2110
:10CB440083270A00AA84035B010189CB8947639781
:10CB5400FA00835501025E85EF5000370355210228
:10CB6400EF70AFDA19E503552102EF70EFE63334C5
:10CB7400A0008347C1021A042C0893F7F7FB5D8CCD
:10CB8400680023068102EF60B05DE9576314F50283
:10CB94008356E1029777FF1F938747F29C431397CD
:10CBA40026006176BA979843718F98C39777FF1FD1
:10CBB4002388D7F0831721026345F00085476396E5
:10CBC400FA00B25793F7070CA1FBD247C2040347FC
:10CBD400C102C180BE9426C62318610113770703DE
:10CBE400C147631CF70083475102054793F7F707D2
:10CBF400E384E7F2EFB0CFD735A892570544A18379
:10CC040093F7F707E37AF4F0630507108347C1024B
:10CC14001307000293F707036397E700EFB0DF857C
:10CC24008547E31BF5EE8347C10293F70703F9F346
:10CC3400EFB0CFE3AA8501460545EF806F862A84CD
:10CC4400E30C05EC8347C102414793F70703638470
:10CC5400E70232478347170093F707F8A300F7006A
:10CC64003247925783461700A18393F7F707FD17BE
:10CC7400D58FA300F70003560101B245130BC4007E
:10CC84005A85EF809FEAE24A130690058347C10262
:10CC940083C4EA01918BB384C402138514045695AA
:10CCA40095C35444B3879A0083C7070403C7060097
:10CCB400137707F82380E600584483460700D58F8E
:10CCC4002300F700B25703A609008146858B1D8E09
:10CCD400DA85EFD04FA415E9B25783A5090048447B
:10CCE40013869406858B56969D8DEFD02F9D11ED5E
:10CCF40083270A0085EBB257054791838D8B6380A8
:10CD0400E706A1CB09476382E7062285EF908F836C
:10CD140021B5EFB02FD3E30B85EEEFB0EFF5E31DB4
:10CD240085DEEDB5EFB04FF585476309F500834720
:10CD3400C102414793F70703E39FE7FA83552102B2
:10CD44005A85EF50C00345D983172102E355F0FA01
:10CD54006DBFEFB02FCF7D15133515005DD501469E
:10CD640081452285EF709FFC4DB7EFB0EFF0E5B73A
:10CD7400EF42FFCE9774FF1F938404C82685EF808B
:10CD84003FF52A8419E16F40DFCF1305C40005463F
:10CD94008145EFF0BFD22285EF80DFFAC5B7EF42BD
:10CDA4001FCC4111AE842A84930795031307150100
:10CDB4009306F10005466C00268523060100EFD09A
:10CDC4000FC61DEDA68541462285EFE0A0008347EE
:10CDD400F1009305140226852308F400EFD0AFCFA9
:10CDE40005E19777FF1F938767F69C4389EF130646
:10CDF4009404970501009385250D2685EFD0CFDB9C
:10CE040041016F401FC813069402970501009385E2
:10CE1400250C2685EFD04FDA79D9DDB7EF429FC2D2
:10CE24009777FF1F938787C98043AE84B289368A78
:10CE3400AA8AEF804F8E1316250081452285EF4084
:10CE44001FC59777FF1F238D07C69777FF1F93870B
:10CE540027B903A4070B13F714003E89230FE4003A
:10CE6400CE8525C713059408EFF07FF301C555550A
:10CE74006F409FC08947A30FF4009777FF1F9387E4
:10CE8400E7EC9C4303278900858093B71700860746
:10CE94002300F402231E54019777FF1F23A247B5F2
:10CEA40085889377B7FF99C0936747001777FF1F6B
:10CEB400232CF7B22285930700061777FF1F230D53
:10CEC400F7B8EFF04FD4014565B713050403EFF04D
:10CED4001FED45D569BFEF429FB8FD572310F500FC
:10CEE4002311050023120500231305001306200453
:10CEF40081452105EF40BFB96F40BFB8EF429FB4F1
:10CF04004111AA8401441779FF1F1309A9BB93098E
:10CF1400A0042EC6EF806F8EB2456344A400615511
:10CF24000DA033053403832709003E95835725005C
:10CF3400639CB7008357050063989700EFF0BFF92F
:10CF4400014541016F405FB30504E1B7EF429FAF74
:10CF54009777FF1F938747A79C434111AA842E8488
:10CF6400B28903592500C1C39777FF1F83D707AA46
:10CF7400639B2707EF70CF982A8903D52400930574
:10CF84001002B305B40285472302F10093578900C8
:10CF9400A302F10093578500A303F10083D7440053
:10CFA4002304A100254613D787002305F10083D766
:10CFB4006400A304E1004E8513D78700A305E100B4
:10CFC4002306F1001387950093879501A105B38685
:10CFD400B400A6974C00269723032101EFD02FA479
:10CFE40041016F407FA9EF70AF9151BFEF429FA500
:10CFF4004111AA8401441779FF1F1309A9AC9309AD
:10D00400A0043AC636C432C22EC0EF701FFF824558
:10D014001246A24632476344A400615599A0B3075F
:10D02400340303250900AA9703D8070003D5C401D4
:10D034006310A80495E91DEE91CA03C6E4019305A3
:10D0440010023306B60225063E9690C2014511CB66
:10D0540083C6E40113061002B386C602E506B6973A
:10D064001CC341016F405FA103D52700E305B5FC54
:10D07400050441BF83C5E40113051002B385A5026D
:10D08400BE9583C585002300B6007DB7EF429F9B04
:10D094005C4141112A8403DA2700C167FD17AE847D
:10D0A4003289630CFA002685EF801FA48D4763ED57
:10D0B400A7007D5541016F403F9C2E85EF80DFA284
:10D0C4009D47E3E2A7FEF5B75C40268583D547007C
:10D0D400EF803F9A835584002685EF809F998D4584
:10D0E4002685EF80DF97AA89EFF00FE193570501BA
:10D0F4002380F90093578500A380F9002381A900B8
:10D104005840C167FD178345A7006314FA0093E5EF
:10D1140005082685EF80BF989777FF1F9387C78AF6
:10D124009C430840D9CF8347B400858BD9CB780082
:10D134003400130671008145EFF05FEB1DC983478E
:10D14400B400184093069005F99BA305F4008347A7
:10D15400E701B387D702B306F70083C60604A30327
:10D16400D1009386170493879706BA96BA9736C464
:10D174003EC61774FF1F1304A4861C440C40268566
:10D184008983858B9D8D834771009E05DD8D93F585
:10D19400F50FEF80DF901C44104022458983858B76
:10D1A400CA861D8EA685EFC01FD7E31505F01C4463
:10D1B4000C40324689838840858B9D8DEFC01FD0FB
:10D1C400D5BD8347B40013079005F99BA305F4006C
:10D1D4008347E501B387E7023307F50003470704F4
:10D1E400A303E10013871704938797062A973E95B4
:10D1F4003AC42AC6BDBFEF42FF84032A4500930701
:10D20400F00FAA840347AA00AE89328436896316D4
:10D21400F700EFB00FB52305AA00938AC9000146B1
:10D22400D6852685EFF09FE62A8A21E51777FF1F2A
:10D234001307C7B11843DC4039C383C6A7000547A9
:10D24400638FE60283D547005685EF40503305C906
:10D25400DC40839747006354F00201CC1C4089C72B
:10D264004A868145014582975C4081C7CA8501454C
:10D2740082974E85EF801FAD52856F40EFFFDC40F3
:10D2840003D54700EF607FE801E9DC4003D54700A0
:10D29400EF609FF481471DCD19C41C4089C74A869D
:10D2A4008145014582974E85EF801FA9AA851765A0
:10D2B400FF1F13056574EF807F9F11C45C4081C715
:10D2C400CA85014582971765FF1F13052572EF6014
:10D2D400903C8547D84085460346A700E30BD6F823
:10D2E400031747006353E000C9F74A86A2854E85B9
:10D2F400EF70DFA3BDBFEF42EFF4AA8401441769C6
:10D30400FF1F1309297C9309A004130A9508EF70E1
:10D31400DFCE6344A400014535A0330534038327DD
:10D3240009003E958357250099E30504CDB70357BB
:10D33400050083D7C401E31AF7FE52868545EFF052
:10D34400FFC065D56F404FF3EF42CFEFAA8401448D
:10D354001769FF1F130909779309A004EF70FFC928
:10D364006344A4006F404FF133053403832709005D
:10D374003E958357250081CF835705006399970015
:10D3840093059502130610022105EFD0B02405047D
:10D39400F1B7EF42CFEC0347E5012A848347F50157
:10D3A4006307B70089E781452E856F408FED230F12
:10D3B400B400054781C9E398E7FE8947A30FF40049
:10D3C4008545DDB7638BE7020947E39FE7FC2285C8
:10D3D400EFF0EFA59767FF1F9387075F9C4399E7DB
:10D3E4009767FF1F938707489C4389C70355C40168
:10D3F400EFF09FF5A30F0400E1B755D6C9BFEF4284
:10D404006FE4EFA09FF885476312F508EF800FD70C
:10D414001774FF1F130484931C4081CBEFB0CF8596
:10D4240089476304F5001C4082979767FF1F938721
:10D43400A7599C43B9CF82979767FF1F9387874269
:10D444009C4391C382971764FF1F13046459832775
:10D45400040B83D4C701EF60BFCA8327040BAA85DA
:10D46400144003C6E7011C448983858B99C3136662
:10D47400260026854169EF4000458144D9497D193C
:10D48400EF709FBC63CAA4006F400FDFEF802FD4FE
:10D4940041B7EF70FF944DB7B38734030327840A71
:10D4A400BA9703D527006308250103C6470183D52E
:10D4B4000700EF40E0428504E1B7EF42AFD80144F2
:10D4C4009764FF1F9384C4511309400EFD59EF70F4
:10D4D4009FA5634FA40401449764FF1F93844450A1
:10D4E40013098002FD59EF701FA5634CA404014485
:10D4F4009764FF1F9384C44E5949FD59EF70DFB4FC
:10D50400634AA40497F5FFFF9385050B1765FF1F76
:10D514001305C554EF60B00D97050000938585850C
:10D524001765FF1F1305854CEF60300B6F40CFD498
:10D534003307240383A7040B0504BA97239E3701FA
:10D5440079B73307240383A7C40A0504BA97239041
:10D55400370151BF3307240383A7840A0504BA970C
:10D564002391370161BFD441038735008547335682
:10D57400F5026377E600A54899E7238006008280D8
:10D58400B387E702EDB73358F502038735003375E7
:10D59400F502B3D7E7021307000363DA080103C6F1
:10D5A400050013077003118A19E213077005850635
:10D5B4004297A38FE6FEC9B718451C416376F7006E
:10D5C4005C41BA972380B7001C4585071CC582803F
:10D5D400EF42EFC84111AA872E85B285368636C63A
:10D5E400829763480500B246158D3335A000330594
:10D5F400A04041016F40EFC8EF42CFC4056941111B
:10D604002A8A2320060001448149976AFF1F938ACE
:10D61400EA4D056B7D1932C62EC4EF70DF91AA84E2
:10D62400EF707F902695A24532466346A4004E854E
:10D6340041016F406FC403A70A0093171400BA97FF
:10D6440003D707003377670101E71CC20504E1B77C
:10D6540003D707009356D700858AE39946FF3377AB
:10D664002701E315B7FEBE89D5B7EF424FBF0111BD
:10D674002EC6B2843689EFB0CFF72A84615501C82B
:10D68400B24589E9232E04002320040201450561E3
:10D694006F402FBFA1463008CA852685EFF05FF39F
:10D6A4007DF5835781010357A101231EF40083579D
:10D6B400C1012310E4022311F4028357E101D207CC
:10D6C400D1832312F4028357E10113973701635680
:10D6D4000700FD57231FF4005DBF231F040045BF4F
:10D6E400EF424FB61764FF1F1304842F8327040BE4
:10D6F40003D7C701C167FD17630EF7109767FF1FB4
:10D70400938707659C4381C70545EF40A07EC169A7
:10D714000149930A400EFD19176BFF1F130B0B638E
:10D72400EF707F80634BA90E1767FF1F0347C73253
:10D734009307F00563E4E702EF70EFF99305000641
:10D74400B3C5A502B7F73600938707E81765FF1F2F
:10D754001305C530B385F502EF60407581451705A3
:10D76400000013058520EF704F8AEFB08FE801CDDC
:10D774000357C50109CB0357E50111C783470502C8
:10D7840099C3EF604071EFB00FE831C51767FF1F11
:10D79400034747399767FF1F9387C7380DCF03C7E0
:10D7A40017002304E50003C72700A304E50003C70B
:10D7B40037002305E50003C74700A305E50003C7B9
:10D7C40057002306E50003C7670083C77700A30655
:10D7D400E5002307F5001C4493E717001767FF1FB4
:10D7E4002324F7205C4085E7EF702FFC0DC1EF7018
:10D7F400CFFB44402A89EF704FFB33F5A4025C4011
:10D80400FD17CA97898F1767FF1F232DF71C014542
:10D81400EF70BFAB01456F402FA6B30459038327B4
:10D82400040BBE9483D7C40163883703138A0403AB
:10D83400D2855285EFF0AFD605E183C7F40199CFC5
:10D84400938594082E85EFF08FD509C913069005AA
:10D8540081455285EF40AFA30509D9B583270B0055
:10D86400268593B7170086072380F402EFE0BFB93B
:10D87400E5B7854763F8A7009307F5FFBE95330521
:10D88400A040E98D2E8582809841C167BA9713D74D
:10D8940007016304A7009CC182804207998FE5BFFA
:10D8A400EF42EF9B41112EC63284B684EFB0AFD560
:10D8B400E15701C9B24591E99767FF1F2384072601
:10D8C40081473E8541016F40CF9B9D461766FF1FF0
:10D8D40013065625A6852285EFF09FCFAA8775F1FA
:10D8E40005479766FF1F238FE622E1BFEF428F951E
:10D8F400411191E99767FF1F23A6070E0144228572
:10D9040041016F406F97B68532858D467000EFF008
:10D914003FCC2A846DF58347D1000347E1001769A2
:10D92400FF1F1309E90BA2074207D98F0347C10060
:10D93400D98F1767FF1F2327F70AEF700FE761D10D
:10D94400EF70AFE683244900AA89EF700FE633F540
:10D95400A40283274900FD17CE97898F1767FF1FFD
:10D964002322F70869BFEF428F8F1C45AA8491CF09
:10D97400D84B01CF83D7470089CBEF607FA4AA851A
:10D9840009C588446105EF6060529767FF1F93875C
:10D99400A7039C43014489EF6F40AF8E9C48131743
:10D9A4001400BA9703D5070019C1EFE08FD005041E
:10D9B400EF706FD4E344A4FEC5B7EF424F8A011160
:10D9C40085E9EF60DFEB01449767FF1F23A6070A91
:10D9D4009767FF1F23A4070A9767FF1F23A2070A5D
:10D9E4009767FF1F23A0070A228505616F406F898F
:10D9F400B6873285C9467000BE85EFF07FBD2A84A4
:10DA040065F541469305E1001765FF1F1305C5063B
:10DA1400EFD0403C0355C100EF604FEAF1B78DE110
:10DA24009767FF1F23AE07FA9767FF1F938747FB8C
:10DA34009C470145ED9B1767FF1F2327F7FA828058
:10DA4400EF42EF814111B685328595463000EFF003
:10DA54003FB815EDA2471767FF1F2323F7F8976711
:10DA6400FF1F9387E7F79447B24713F7B6FF13F600
:10DA7400170019C213E74600858393F7F7079766E3
:10DA8400FF1F23A3E6F61767FF1F2307F7FC4101D7
:10DA94006F303FFFEF321FFB03841500DC412A89FE
:10DAA400AE8485070387F7FF19C36340800C83871F
:10DAB400240091C7635580007D14620461849C40F6
:10DAC400370700FF0907F98F37070010090763922A
:10DAD400E70A6355800079146204618483C70400F3
:10DAE400858B95E39379F40F4E8A93178A01E18726
:10DAF400634AF008A2876353040081473384F940E2
:10DB04007D14620461848385240081C54A85EFF015
:10DB1400BFAA9C40370700FF0907F98F3707001099
:10DB24000907639AE706930500034A85EFF0DFA827
:10DB340083C7040093058005918B99E393058007BF
:10DB44004A85EFF07FA783C70400858B81CB1374CC
:10DB5400F40F93178401E1876347F004C040050480
:10DB64008305F4FFA1E96F303FF17D146204618401
:10DB74000DBF370700080907E392E7F6E35080F684
:10DB84007D1499BF930500024A857D1AEFF0DFA248
:10DB9400137AFA0F99BF370700080907E395E7FAE4
:10DBA4009305000371BF930500034A85EFF0DFA0DE
:10DBB4007D1471BF4A85EFF03FA055B7EF323FEABD
:10DBC400EF706FB72A84EF700FB62295894506056A
:10DBD400EFE0EFC6E55711C59767FF1F23A8A7F02D
:10DBE40081473E856F30FFE9930700026306F50025
:10DBF4005D1513355500828005458280EF329FE420
:10DC04004111AA892A89130419008304F4FF32C636
:10DC14002EC42685EFF05FFDA245324659E19307F5
:10DC2400D0026392F4088304040005481304290015
:10DC34009377F6FEC9E793070003639FF40E830707
:10DC440004001307800593F7F7FD6399E70683043F
:10DC5400140041460904B70600806314080093C603
:10DC6400F6FFB3FEC6028147254F654EFD5F33D3F1
:10DC7400C602138704FD6368EF06BA8463D5C4083B
:10DC8400630DF5017D55636AF3006394670063C611
:10DC94009E000545B307F602A69705048304F4FF26
:10DCA400C9BF22898DB79307B0020148E392F4F803
:10DCB400830404002A88130429009DBF01CA8947EC
:10DCC400E31BF6F893070003E397F4F883070400D3
:10DCD4001307200493F7F7FD639BE7048304140000
:10DCE400094609048DBF13E704021307F7F9636CAF
:10DCF400EE009388F4FB1307700363741E0113078B
:10DD04007005998CA5BF7D576300E5026304080084
:10DD1400B307F04091C519C19309F4FF23A035015D
:10DD24003E8541016F305FD5B687FDF5D5BF9304BD
:10DD3400000315F2214605B719FE294629BFEF3223
:10DD44007FD0011161540DC53284AE8941468145AD
:10DD54003689EFF0BFEA93140501C180639E090080
:10DD64002685EF305032014401C58145EF20901DD6
:10DD7400228505616F305FD02285CD467000CA854B
:10DD8400EFF01F852A846DF52685EF30D02F09E941
:10DD94000356C1008345E1012685EF20901201C995
:10DDA40041469305E1001105EFD0C002D1B75D549F
:10DDB400C1B7EF323FC90111E15401CDB284AE893C
:10DDC400414681453689EFF07FE32A846397090051
:10DDD4008144268505616F303FCA2685D14670008F
:10DDE400CA85EFF0EFFEAA846DF58357C100EDD329
:10DDF400EF70AF9A4205931704014181C18363F91F
:10DE0400A702EFB06FBF4204E14741803304F4023C
:10DE140041460C082A9413054400EFC0B07B835795
:10DE2400E1002311F4008357C1002310F40055B717
:10DE3400E55445B7EF321FC17971E15415C53284F9
:10DE4400AE8941468145B684EFF05FDB13190501C5
:10DE540013590901639E09004A85EF40506C8144BF
:10DE640001C58145EFB00FBA268545616F30DFC02B
:10DE7400A6859306300270002285EFF06FF5AA8420
:10DE840065F54A85EF40B0692A8411E54A85EFB00B
:10DE9400EF952A8431C58357C100231124019309C6
:10DEA40064002310F4008347E1009305F100414628
:10DEB4002302F4004E85EFC0F0711309740141464A
:10DEC4009305F1014A85EFC0F070930554004E8527
:10DED400EFC08FC6930564014A85EFC0EFC569B7EB
:10DEE400DD5459B7EF321FB6797111E5E154268537
:10DEF40045616F307FB8B284AE8941468145368929
:10DF0400EFF0DFCF131A0501135A0A015285EFE02F
:10DF14002FCB2A846398090071D98145EFB00FBDD6
:10DF24008144F1B72685930610027000CA85EFF08C
:10DF34002FEAAA844DFD31C8B2479305D10041466A
:10DF4400858B230FF400B24713050403858393F7ED
:10DF5400F707A30FF400EFC0F06741469305D10122
:10DF640013059408EFC0106759B73304690383A7F6
:10DF74000A0B3E948357C401638337030509EF609A
:10DF84009FFAE344A9FEDD549DB7C1690149976A2C
:10DF9400FF1F938AEAA4130B400EFD19CDB7231E6D
:10DFA400440159BF49CDEF32FFA94111B289AE8472
:10DFB40041468145368AEFF07FC4931A050193DA0E
:10DFC4000A010149176BFF1F130B8BA1EF60BFED13
:10DFD400634AA9000145ADCC81441769FF1F1309A9
:10DFE40029A081A883274B0B131439003E9483572F
:10DFF4000400638857050509D1BF8327490B13948F
:10E0040034003E948357040085E72310540191465D
:10E014007000D2854E85EFF0AFDB1DE9B247139750
:10E024008700E1832183858B58C02301F4000DA070
:10E034008504EF605FE7E3C2A4FC5D5511A8615558
:10E044008280F1F4214681452285EF305FA40145A9
:10E0540041016F307FA21971D2C4130AC10686CE62
:10E06400A2CCA6CACAC8CEC6D6C2B6D6BAD8BEDA5A
:10E07400C2DCC6DE52C463810524FD151C102ACC03
:10E084002ECA02CE3EC89304B0021549A94983059D
:10E094000600130416009DE1F2465247E24763FB73
:10E0A400E620B697238007007245F6406644D644BE
:10E0B4004649B649264A964A096182809307500226
:10E0C4006386F5004808EFF02FCFF5A88357C10009
:10E0D40023070100014593F7C70F2316F10081457B
:10E0E40001480147014681469308D0021303000307
:10E0F400130E300205048307F4FF99C7638C970459
:10E1040063C3F404638BC70501CA0346C100858A4F
:10E11400799AD18E2306D100630908008346C10091
:10E12400098BF59A558F2306E10019C12307B10025
:10E13400138707FD1377F70FA54663E2E6068146CA
:10E14400A545294535A0E38717FBE39F67FA0546F4
:10E15400FD564DB70545854571BF05487D5759BFE7
:10E16400B386A60205048307F4FFBA96E206E186A5
:10E1740013F7F70F130607FD1376F60F63E5C500D3
:10E18400138707FDF1BF1306F7F91376F60F636ED5
:10E19400C902138797FAE30537FDA306D1001307D5
:10E1A40090066385E704634BF706130780056384D1
:10E1B400E70A6345F702E38107EE1307500293056C
:10E1C4005002E381E7F02286D9B51307F7FB1377F2
:10E1D400F70FE364E9FC138797FC75BF1307300658
:10E1E4006386E70A13074006E39FE7FC03250A005A
:10E1F400A947A307F100930A4A006358050093074F
:10E20400D0023305A0402307F1006C00EFF0AFB556
:10E214006C004808EFF01F88568A75B7130730075B
:10E22400638EE7066341F7021307F006638EE70483
:10E2340013070007E399E7F80347C10013672700B2
:10E244002306E10009A813075007638BE7021307AD
:10E254008007E39AE7F6938787FA414793B7170055
:10E26400A307E100139727008347C100ED9BD98FD3
:10E274002306F100930A4A006C0003250A0079B7CB
:10E28400A947A307F100FDB7A147E5BF83050A002D
:10E294004808930A4A00EFF02FB2BDBF83270A0053
:10E2A4006C0048083EC8EFF0EFFE1C10930A4A00C9
:10E2B4003EC89DB7BA97FDB30145C5BBEF322FFAEF
:10E2C4002A88368583464800BA8703475800A20641
:10E2D400D98E328717F600001306C6C189E517F6F2
:10E2E40000001306E6C1BE85EFF0FFD66F306FF96C
:10E2F4009767FF1F938787829C4381CFEF322FF666
:10E30400D843B2862E861847AA853E8502976F3079
:10E314004FF761558280EF328FF4835705003971CE
:10E324002A84231EF1008347450093056500414676
:10E334001305F101230FF100EFC0D02993057401F7
:10E3440041461305F102EFC0F0288356240017F666
:10E354000000130626C3E5450A85EFF0DFCF6C08FD
:10E36400130630020A85EFF0BFF821616F306FF1B8
:10E37400EF32EFEE39712A84930505034146130504
:10E38400D101EFC030259305940841461305D1020D
:10E39400EFC050248347E4010347F4018356C401CA
:10E3A400858B0607D98F17F60000130666BEE54570
:10E3B4000A85230EF100EFF01FCA6C081306100241
:10E3C4000A85EFF0FFF221616F30AFEBEF328FE798
:10E3D40037040001B70400FF0111814A1759FF1FD8
:10E3E400130909607D149389F4FF17FA0000130AD6
:10E3F400AABEEF605FAB63C5AA0005616F30CFE7CB
:10E404008327490B13973A003E978347370095CFEC
:10E414005C43A30107005286B3F687008247E545B3
:10E424004800E58FD58F3EC083462700B3F73701F8
:10E43400858AE206D58F835607003EC0EFF0BFC140
:10E4440011468A854800EFF0BFEA850A5DB7EF32CE
:10E454000FE101468145EFF0BFE96F308FE283574A
:10E464006500638E071A1D71A2CCA6CACAC886CEDF
:10E47400CEC6D2C4D6C2DAC05EDE801013F717004F
:10E484003289AA8431CBF99B2313F500EF60BFA531
:10E4940006053D0541990A8BC16A3301A1408A8B67
:10E4A4008149014AFD1AEF601FA4634CAA0C794705
:10E4B400930604FB17F60000130606B1CA852685E9
:10E4C400EFF0DFDF638F090C13961900DE85130567
:10E4D40004FBEFF0FFE15A8183D7640013F72700B0
:10E4E40021CBF59B2393F400EF60FFA006053D05C7
:10E4F40041998A8A3301A1400A8B8149014AEF601C
:10E504009F9F6345AA0A6547930604FB17F600001C
:10E51400130606ACCA852685EFF05FDA6387090A1D
:10E5240013961900DA85130504FBEFF07FDC56819E
:10E5340083D7640013F7470005CBED9B2393F400C6
:10E544006547930604FB17F600001306A6A8CA85C0
:10E554002685EFF0BFD69C4481C703D747003DEB27
:10E56400130504FBEFF0BFEE130104FAF640664412
:10E57400D6444649B649264A964A064BF25B25617B
:10E584008280DC4413171A00BA9703D70700630884
:10E59400570193971900DE972390E7008509050A30
:10E5A40019B7130504FBEFF09FEA35B79C4813171E
:10E5B4001A00BA9703D7070019C793971900DA9777
:10E5C4002390E7008509050A1DBF130504FBEFF03E
:10E5D4001FE8B1BF2314E4FA03D767008326C4FA03
:10E5E4002146520751832315E4FA370700F0758F4B
:10E5F4009447930584FA130504FB92069182558F80
:10E604002326E4FA83C7770013F707018347F4FA54
:10E61400BD9BD98FA307F4FAEFF09FCDB1B78280E9
:10E62400EF326FC11754FF1F1304843B0444797104
:10E6340093F7F4FB1757FF1F2328F73A93F70404C3
:10E64400A1C78588A1E097F900009389E998EF6054
:10E654009F8563DBA4028327440B139934003E99FE
:10E664008356090091CE4E86E5454808EFF0BF9EDB
:10E674004808EFF0DFDD214681454A85EF302FC1A0
:10E684008504F1B7EFF09FD41C4413F7F7F79756BE
:10E69400FF1F23ABE63493F707086397071E1C4458
:10E6A40013F7F7EF9756FF1F23A0E63413F707106D
:10E6B4006318071E18449377F7DF9756FF1F23A5A7
:10E6C400F6329376072095C6058B630A0720184017
:10E6D4008983858B3ACA0347840715464C08060785
:10E6E400D98F17F500001305E58B230CF100EFF02B
:10E6F4003FC01C4413F7F7BF9756FF1F23A6E62E0F
:10E7040093F707408DC3835744000D464C08231AE2
:10E71400F1008357640017F500001305E588230B07
:10E72400F100EFF0FFBC1844FD749387F47FF98F78
:10E734009756FF1F23AAF62A9317470163DF0700A2
:10E74400EFA02FEB19C98356C5016391061A17F57B
:10E7540000001305E585EFF09FCF1C447D777D17FE
:10E764007D8F9756FF1F23A1E62813973701635A1D
:10E774000702858B6388071CEFA0EFE81DC11845CD
:10E784008347E5001D463ACA0357C5004C0817F5F0
:10E79400000013056582231CE100230DF100EFF056
:10E7A4003FB51844F977FD17F98F9756FF1F23AD2E
:10E7B400F6229317270163D9070081451705000046
:10E7C400130525CAEF606F841844E177FD17F98FAC
:10E7D4009756FF1F23AAF6209317070163D3070256
:10E7E400EFA09FA12A84814417E900001309497D01
:10E7F400EF60AFFA939704014205C183418163EA54
:10E80400A71445616F30AFA683A70A0093141900BB
:10E81400BE9483D7040033F767011DCF1396170105
:10E8240033F77701B3F637016352060417E60000A5
:10E834001306467509E717E6000013066675E545F5
:10E844004808EFF05F814808EFF07FC083D70400E9
:10E85400B3F747012390F4000509EF60CFEDAA84D4
:10E86400EF606FEC2695E341A9FA15BD368519C70B
:10E87400EF40E04A61DDEFF01FAAC9BFEFD05FB4FB
:10E8840071D5EFF0FFAED9B785697D7A0149975A02
:10E89400FF1F938AAA25056B896BFD197D1A75BF25
:10E8A400858B9DC7EF50DF85231AA10041469755FC
:10E8B400FF1F9385651C13056101EFC0A0514946F4
:10E8C4004C0817E500001305656DEFF07FA2DDB37A
:10E8D40017E500001305856CEFF07FB7E1BB17E582
:10E8E40000001305256CEFF09FB621B50357E50131
:10E8F400C17785073E978357A101FD14133717008D
:10E904003207E58FD98F231DF100231AD1008356D6
:10E914000502035725022146231BD100231CE100D5
:10E92400035745028566FD16758FFD76F58FD98FE1
:10E934004C0817E500001305A567231DF100EFF04F
:10E944003F9B21BD17E5000013050567EFF03FB0BD
:10E9540089BD5C4813F7E7FF58C8858B89CFA68625
:10E964004A86C9450A85EFF00FEF8357040099E7FB
:10E974000A85EFF0DFAD850461049DBD231AF10023
:10E98400835724009305440041462808231BF100C3
:10E99400EFC0404451464C080A85EFF07F95E1BF33
:10E9A400EF32EF8B85473395A7009757FF1F938767
:10E9B40027039C47411181455D8D9757FF1F23A570
:10E9C400A7029377057085E393576500858BA1CBE8
:10E9D400C167938707887D8D05EDEF600FDE930592
:10E9E400803EB305B5021755FF1F130565102EC6EB
:10E9F400EF508041B24519C16349B50085C517552B
:10EA0400FF1F1305E50EEF50604A41016F306F8719
:10EA1400EF60AFDA2A84EF604FDBE360A4FCEF60C1
:10EA2400CFDA75BF0145EFF0BFBFC5B7EF322F8313
:10EA34007971AA8601441759FF1F130969FA36C66A
:10EA4400EF606FC6B246635CA4028327490B93143C
:10EA54003400BE9483D704006396D70285C617E6B4
:10EA6400000013066657E5454808EFF0CFDE480876
:10EA7400EFF0FF9D214681452685EF304F814561AA
:10EA84006F302F80050465BF19C22320060081471B
:10EA940001C59306D00389E53E8582808505050579
:10EAA400838705000307050099CF6394E700E39784
:10EAB400D7FE8147D5B79306D0038547E30ED7FC2D
:10EAC40093371700D1BF9307F002E316F7FE85478B
:10EAD40061D6050508C2C9B799C123A005008147BD
:10EAE4000DC11308D0031306F0023307F5008306A3
:10EAF400070081CA638706016397C60099C10507A9
:10EB040098C13E8582808507CDB731C9EF22BFF217
:10EB140041112E8A6C002A89368BB28A97E4000050
:10EB24009384443FEFF05FFB2A8C0144A689B14BE8
:10EB340088406286CA85EFC0604B01ED0E044E9496
:10EB44005C403245DA865686D285829741016F2031
:10EB54001FF20504A104E31D74FD6155C5BF7D5575
:10EB6400828099E561558280615505616F20DFF0EF
:10EB7400EF225FED2E8A2A8401118145B2845285E9
:10EB84004146BA893689EFF06F8793150501C18133
:10EB94001376F50FA1812285EF50FFC22A8469D52F
:10EBA40052854C08EFF05FF3524A2A8BE30E0AFABF
:10EBB4002A8697E50000938525415285EFC00043DE
:10EBC400AA8A0DED7D5AEF600FB263C5AA0099E8D9
:10EBD400014561BF5C4413971A00850ABA972390D4
:10EBE4004701D5B74C442EC6EF60EFAFB2451316BC
:10EBF40015004E850299E34DA0FC85BF5A8697E522
:10EC040000009385E53C5285EFC0403E0DE1032AA8
:10EC14000401EF604FAE1316150081455285EF20B5
:10EC24001FE7DDD40C482EC6EF60EFACC1B75A869F
:10EC340097E500009385053A5285EFC0203B41E1FA
:10EC44001C44A5CF81ECD443370700E0758F94476B
:10EC5400D8C33707001F758F98C701BFA146300876
:10EC6400CE854A85EFE0DF96E31105F0184483571B
:10EC740081017D762312F7008357A1019396470102
:10EC840083576700D182F18FD58FF2467D767D164A
:10EC9400F182858AB206F18FD58F2313F70083475B
:10ECA400E1018356C1012305F7008347B70023140C
:10ECB400D700FD8BA305F7004DBD7D557DB55A8664
:10ECC40097E50000938585245285EFC02032E31D2B
:10ECD40005E81C4CE38A07E89C43E38707E8CE86F3
:10ECE4004A86A6852285829749B5EF225FD7368763
:10ECF400B2862E86AA850545EFF0BFE66F207FD841
:10ED0400EF22FFD53687B2862E86AA850145EFF01D
:10ED14005FE56F201FD7EF22FFD2411199C123A0D5
:10ED240005009757FF1F938767DE804381441DC802
:10ED34002E89AA8931141DC40C4070004E85EFF051
:10ED4400BFD419CD81E8A284630C0900B247232003
:10ED5400F90039A08C4008400146EFF0FFD265F578
:10ED6400404869F8268541016F201FD1184111CB15
:10ED7400EF22FFCEAE873E85B285368602976F209E
:10ED84005FD035558280EF229FCD8357C50013D7BE
:10ED94000501C205B387E7021841C1814849BA9504
:10EDA400BE95EFF0BFFC6F20DFCD584111CBEF22B1
:10EDB4001FCBAE873E85B285368602976F207FCC07
:10EDC40035558280184509CBEF227FC9AE873E8531
:10EDD400B28502976F20FFCA355582805C4599C77A
:10EDE400EF22FFC72E8582976F20BFC935558280D9
:10EDF400EF225FC583290500035AC5002A844849C8
:10EE0400AE848145EFF09FFD2A890DE193D504017D
:10EE1400B38545030356C4004848CE95EFF09FFAE6
:10EE24002A8909E548488545EFF05FFB4A856F204C
:10EE3400BFC4EF223FC12A890441035BC50048498E
:10EE440079712E848145B28A368AEFF03FF941E127
:10EE540093590401B3896903420441802694A29919
:10EE640003440901330480403374440111CC032565
:10EE74004901A2865686CE85EFF03FF3AA8431E19C
:10EE8400330A8A40A299A29A8144630C0A025286E8
:10EE9400D685080803244901EFB0D07383460901DD
:10EEA4001C089305F00F338646413385470136C667
:10EEB400EF20FFBDB2461008CE852285EFF0FFEEAD
:10EEC400AA84032549018545EFF05FF12685456154
:10EED4006F209FBAEF22BFB82E864C41A1462A84E8
:10EEE400EFF03FF5AA8403450401A145EFE07F98C4
:10EEF4005C403385A74048C026856F209FB8814772
:10EF040097E60000938606FE6393C70082803387EA
:10EF1400F500034707008507398D135745003697D9
:10EF2400034707001205398D1375F50F1357450074
:10EF34003697034707001205398D1375F50FE9B7A6
:10EF4400EF22FFB12A84AA851D461305F00FEFF0C6
:10EF54001FFB834774003385A7403335A0006F201F
:10EF64005FB2EF22DFAF4111A1463000EFF0BFE105
:10EF740009ED03578100C167FD1705456317F700C5
:10EF84002800EFF0FFFB3335A00041016F207FAF75
:10EF9400EF225FABAE848C4141113684A1462A89AD
:10EFA400034A0501EFF03FDEAA8921ED5285A14510
:10EFB400EFE03F8C9C400357C9002A8AAA97939696
:10EFC40007019CC0C182098F639DE602C16513D706
:10EFD4000701B385B74011E78355E900FD15C20564
:10EFE400BE958CC01DC05C404177AD8FF98F91EF09
:10EFF400F98D8CC05C403E9A420A135A0A01D2959C
:10F004008CC04E8541016F203FA7A1460A864A85E0
:10F01400EFF07FD7AA8975F50A85EFF07FF209C56D
:10F02400832749009CC0F1BF0357C90083572100BF
:10F0340080403307474163DBE70033FA4703631734
:10F044000A004177798C3E9480C065BF034509016D
:10F05400A145417AEFE0FF81098CAA8A80C0337A06
:10F064004401417B63648A00814961BFA146300049
:10F07400A2854A85EFF03FD1AA8941F52800EFF037
:10F084003FEC11E98357A1000357C100337A6A01A9
:10F0940080C0BA973E9A33045441E9B7EF223F9CAB
:10F0A4002A84AA851D461305F00FEFF05FE5A3033C
:10F0B400A4006F201F9DEF221F982A840345050199
:10F0C4005D712E8AA145EFE0CFFA5C402A8B03558F
:10F0D400E4004179B3F727016C003EC6EFE0CFFAB4
:10F0E4008355C400B247A1463008BE95B385654137
:10F0F40022852EC8EFF03FC9AA84634B0500280877
:10F10400EFF01FE411C9B2452285EFF07FCEAA8447
:10F11400268561616F20BF95C2470357A101C17C59
:10F12400338B6741B3F72701BA973EC88146101065
:10F134000C082285424CEFF0BFE5AA8471F908104F
:10F14400EFF01FE025ED5C403ECAD28630104C083B
:10F1540022855249EFF0DFE3AA845DF94440638CD1
:10F16400240103578102835701026316F700281014
:10F17400EFF01FDD01C5D247E399F4FC63102C05C1
:10F184008357410285CF83572102B37B9C0108102A
:10F19400BE9B1C442311F102EFF05FF0834904018C
:10F1A400835A4102B309304193F90902639B0A006F
:10F1B4000C102285EFF01FD2AA8439F9E3188BF7DB
:10F1C40099B74E8963F33A015689CA861018DE85C9
:10F1D4002285EFF05FBBAA8405FD630909000C4496
:10F1E400CA8610182285EFF0DFC4AA8403450401FF
:10F1F400CA85EFE00FE81C443E9508C4E39A04F086
:10F20400B38A2A41CA9B5DB7EF22DF83411191E59E
:10F21400FD54268541016F203F86C44983D72501CB
:10F224004CC904C12316F50003C705012A8423171A
:10F23400E50003C51501931607011307000223080F
:10F24400A400C182E366A7FCE1D7B3E4F402E9F0C9
:10F254008547E3FFD7FAA145EFE0AFE1AA89014A68
:10F2640001498357C400931509012285BE95B385CE
:10F2740035412EC2EFF0FFCE19ED0355E4004C00EA
:10F28400050AEFE06FE09245420A2285135A0A010B
:10F29400EFF03FCD09E905098357E400420913590A
:10F2A4000901E360F9FC8357E40063944701D154F6
:10F2B4008DB7639427039245A1463000B385354149
:10F2C4002285EFF05FAC35E12800EFF07FC711C570
:10F2D4000355E4004C00EFE02FDB9247C17A3387FB
:10F2E400374158C04177F98F1CC44C401C4463EE2D
:10F2F400F500A14630002285EFF0FFA81DE52800A7
:10F30400EFF01FC4032A44001DC15C400355E40010
:10F314004179B3F727014C003EC2EFE0EFD69245A6
:10F324002285EFF01FC4635C0502AA84DDB5124593
:10F334000359A100035BC10033F5AA002A990345D0
:10F344000401DA85EFE0EFD24A9508C4631445015D
:10F3540063140B04330A3A412322440179B709C5E3
:10F364008547A308F40075B54C402285EFF05FA8EB
:10F374004DFD48408357C40086093375A9003E9566
:10F384003305354148C03375250108C481452285BC
:10F39400EFF07FD271D551BF4D5541BF8347150161
:10F3A400D1CFEF224FE92A840345050141112E8A6A
:10F3B400A145BA893689328BEFE0AFCB8357C400BD
:10F3C4000605898F7D5563E827075C4081443EC26A
:10F3D400814630004C002285924AEFF07FBB21ED3C
:10F3E400835B810063994B012800EFF07FB501E551
:10F3F4008504C204C18058409247630BF702E3F9C5
:10F4040099FC8356C10061559DC663E63403C175FA
:10F41400B3FABA006373D900CA868355A1005A8629
:10F424002285D695EFF03F9619E50355C10021A03A
:10F434006155E3884BFD41016F206FE3495582809C
:10F44400EF22EFE10147EFF07FF56F208FE3EF222A
:10F454000FE13284B2862E86835545000841EFF0D1
:10F464003FFE635385002A8422856F208FE1EF22BB
:10F474000FDC834715015D71C954A5CB834D05018C
:10F484002EC62A84A1456E853689328AEFE06FBE86
:10F494000D473307E5028357C400AA8BFD54998FA7
:10F4A40063E527056304090063010A045C403ECE5A
:10F4B400814610106C082285724DEFF07FADAA8949
:10F4C40045ED8357010232476397E7000810EFF0D8
:10F4D4003FA7630705145840F247E31BF7FC814438
:10F4E400631B090019A0814499E7268561616F2097
:10F4F400CFD7E35CA0FECA856E85EFE08FB7014CE1
:10F5040011C55E95131C0501135C0C01814D417BF3
:10F51400130D4400FD5C8357E4006381B7111C4460
:10F5240054403307FC0063EBE60432472315F10231
:10F534002810FD572314E102231621032307F102A7
:10F54400EFF0DFB5630909000C44CA8652862285B0
:10F55400EFF03F8EAA8903450401CA85EFE06FB13D
:10F564001C443E9508C4639909002C102285EFF0D1
:10F574007F96AA89CA8435D9CE8485BF6146A2857F
:10F5840008189710FF1FE780006744400355C40024
:10F59400A145B3749B00AA9403450401B384744148
:10F5A400EFE02FAD3385A44048C00355E400EA855D
:10F5B400EFE08FAD5C400C182285B3F767011CC4E3
:10F5C400EFF07FAFAA8415F103450104A145850D31
:10F5D400EFE02FAAD2572314910323160102338795
:10F5E400A7002315E1020357C103B3F76701BA97D4
:10F5F400898F28103EDAEFF07FAA2C100818EFF05C
:10F604007F8DAA840355E1034C18EFE0EFA7D2578E
:10F61400B3F767013EDCE38004F0C1BDC154F1B52A
:10F6240083574102E30109ECE39727EDC177034CCB
:10F634000401B377FD00035D2102330C8041137C88
:10F644000C023E9DD28ACA8C628B63F38C01668B5A
:10F65400DA861018EA852285EFF0EFF2AA84E31A1D
:10F6640005E85A860C185685EFB06074AA84E31432
:10F6740005E8B38C6C415A9DDA9AE3970CFCB5B556
:10F68400EF22EFBD81460146EFF07FDE6F206FBFB2
:10F69400638C050EEF222FBA5D71054D19C213BD9F
:10F6A400160003590502B68B328B0509420913591A
:10F6B40009012E8A2A84CA89216C930A8500E15C97
:10F6C4009304F9FFC204C180638F84059306A004E8
:10F6D4005000A6855685EFF0BFD663570500631327
:10F6E4009501A6892689E9BF9C083E95230A05FA57
:10F6F4004C005285EF202FC475F563040D08835721
:10F704000402639597089387F4FF2310F402894653
:10F7140013060402A1655685EFF07FD563580506EC
:10F7240061616F20CFB40145E31C0DFE0549B1674B
:10F734005D55E387F9FE9165CE9593048400C20577
:10F74400DE865A86C1812685EFF07FD2630D0900DB
:10F754005285EFB09008AA865286CE852685EFF0B2
:10F764001FD1E34F05FA8357040263FF37032310C5
:10F774003403894613060402A1652685EFF03FCFC2
:10F7840025A0A689014965B77D558280A685568541
:10F79400EFF01FEFE34605F89165FD15CA95C20524
:10F7A400C1815685EFF0DFEDE35CA0F601458DBF26
:10F7B400EF226FA803540502916A1D7105044204E7
:10F7C4002A89AE894180A16B130A8500FD1A130BA7
:10F7D40005029304F4FFC204C180639D7405916B18
:10F7E4002164130A8900850B170C0000130C6CC6E6
:10F7F4008357090293041400C204C18085076383FC
:10F80400F40E5E949306A0045008A6855285420423
:10F81400EFF01FC34180AA8A854613067100A285B2
:10F824005285EFF0FFC12A8B634750076347A00658
:10F8340026847DBF56949306A0045008A68552855D
:10F844004204EFF0FFBF41802A8C85461306710005
:10F85400A2855285EFF0DFBE634C8003E351A0F82C
:10F8640083570902E39D97F69387F4FF2310F90267
:10F8740089465A86A1655285EFF07FBFA6855285D9
:10F88400EFF01FE0A2855285EFF09FDF268491B749
:10F89400E358A0FCA9B7634BA000A6855285EFF0FE
:10F8A4003FDEA2855285EFF0BFDD59B79C10BE9AAA
:10F8B400238A0AFA639109022C004808EFF0AFC5C5
:10F8C40025D91C45224552C623188100740062863E
:10F8D400DA858297B1BF0146CE854808EFF0CF9A0A
:10F8E40061FDB9B7014525616F206F98EF222F970D
:10F8F4009747FF1F938787218043814409C42A893E
:10F904003114814401E426856F20AF976318090000
:10F914005C4481EF404865D83114EDB70840014696
:10F92400CA85EFF06F966DF5F5B78297E5F4AA8472
:10F93400D5B7EF22CF929747FF1F9387A71D804328
:10F94400AA8409EC2685EFF07FFAAA840144EF50DB
:10F954008FD5636CA40026856F20AF925C4022850E
:10F96400A6859C4382970040E9BF05041374F40FF5
:10F97400F9BFEF22CF8E0145EFF0BFFB6F206F90F0
:10F984009747FF1F9387071923A0070023A20700A7
:10F994008280EF22CF8C9747FF1F9387271723A0DE
:10F9A400070023A20700EFF0BFFD6F208F8DEF2229
:10F9B4000F8B4111130985002A84EF50CFEAAA85E1
:10F9C4004A85EFF07F84AA8419ED89461306E10085
:10F9D400A1654A85EFF0DFA6E1776344050083570C
:10F9E400E1002310F402268541016F208F89974797
:10F9F400FF1F9387271290430147B28691EE05E3D8
:10FA0400DC4310C11747FF1F2326A71085EF974734
:10FA1400FF1F23A3A710828036879442C5B71443DF
:10FA240085E2DC432320050091EB9747FF1F23A5C4
:10FA3400A70E9747FF1F23AFA70C828088C3C1BFBF
:10FA440014C108C38280EF228F811744FF1F13045F
:10FA5400A4072285EFF0BFF5AA8405E517D90000B5
:10FA64001309495122859747FF1F23A12707EFF068
:10FA74001FF89747FF1F23AB27059747FF1F23AFA7
:10FA8400870826856F10FFFF9747FF1F83C7470925
:10FA9400795599EFEF12BFFCEFF0BFEFEFF0BFFA2B
:10FAA40011E585471747FF1F230CF7066F107FFDED
:10FAB4008280EF12DFFA9747FF1F93872705804361
:10FAC4002A89BE8419C0311415E0D840232A0900BC
:10FAD4009307490105E71747FF1F232BF702174731
:10FAE400FF1F2325F70201456F10BFF90C400325C2
:10FAF4000900EF204F8409C94048E9B71CC31747E0
:10FB0400FF1F2327F700C5B75955F9BFEF123FF57B
:10FB140097F5FFFF938505B11745FF1F130545FDB5
:10FB2400EF40E02CEFF05FF61725FF1F1305450C9F
:10FB3400EFF03FF86F10FFF4EF127FF28357650088
:10FB440093E717002313F5003545EFE07FE56F10C9
:10FB54005FF3EF12DFF08357650093E72700231369
:10FB6400F5003545EFE0DFE36F10BFF1EF123FEF33
:10FB74008355C50101112A840A860145EFD0DFA708
:10FB840019C9835705001167D98F2310F5001D4546
:10FB9400EFE01FE105A002478356C40119EF17D611
:10FBA40000001306E63EE5454800EFE0CFCA4800F2
:10FBB400EFE0FF8905616F10DFEC939746018356F0
:10FBC40007007D76D183F18EDD8E93D7860093F77F
:10FBD400F7082310D70093E70705A300F70045BFF4
:10FBE400EF12FFE72145EFE0BFDB6F109FE9EF1253
:10FBF4001FE72145EFE0DFDA2545EFE07FDA314505
:10FC0400EFE01FDA6F10FFE7EF127FE58355C501C0
:10FC140041112A8470000145EFD01F9E01CD835706
:10FC2400050071777D17F98F2310F5001D45EFE06E
:10FC34003FD731A0B24699E62285EFE06FF3410148
:10FC44006F103FE48357C4017D761397470183D730
:10FC540006005183F18FD98F13D787002390F600C4
:10FC64009377F70893E70701A380F600C1B7EF1273
:10FC74001FDF2A842545EFE0BFD201E42945EFE0E8
:10FC84003FD26F101FE0EF129FDD83552500411115
:10FC94002A8470000545EFD03F9601CD83570500B7
:10FCA40071777D17F98F2310F5001D45EFE05FCFC5
:10FCB40031A0B24699E62285EFE0EFE541016F10ED
:10FCC4005FDC835724007D761397470183D70600B2
:10FCD4005183F18FD98F13D787002390F600937740
:10FCE400F70893E70703A380F600C1B7EF123FD7E5
:10FCF4008355250001112A840A860545EFD0DF8F3C
:10FD040019C9835705001167D98F2310F5001D45C4
:10FD1400EFE01FC905A002478356240019EF17D648
:10FD2400000013062626E5454800EFE0CFB2480060
:10FD3400EFE0EFF105616F10DFD49397460183562E
:10FD440007007D76D183F18EDD8E93D7860093F7FD
:10FD5400F7082310D70093E70707A300F70045BF70
:10FD6400EF12FFCFEF506FA411E52945EFE05FC319
:10FD74006F103FD19747FF1F938787C6C043EF504B
:10FD8400CFA23375A40275D1E5B7EF125FCD2A84F3
:10FD9400EF506F9285476307F500A301F4001945FE
:10FDA400EFE01FC06F10FFCDEF127FCBEF50AF908D
:10FDB40085476305F5001945EFE09FBE6F107FCCC2
:10FDC400EF12FFC93D45EFE0BFBD6F109FCBEF12AF
:10FDD4001FC98357650093E747002313F500354592
:10FDE400EFE01FBC6F10FFC9EF127FC73145EFE092
:10FDF4003FBB6F101FC9EF129FC62D45EFE05FBADE
:10FE04006F103FC8EF12BFC58357250079712A844C
:10FE14002314F1008347450193054500414613052A
:10FE2400A100230DF100EFA0F07A8356040017D649
:10FE340000001306660AD1456808EFE0CFA12C0044
:10FE44004D466808EFE0CFCA45616F109FC3EF12BB
:10FE54001FC183560500011117D600001306C607FB
:10FE6400D1456800EFE02F9F6800EFE04FDE0561A9
:10FE74006F103FC1EF12BFBE01113684B2847947BF
:10FE84008A8617D6000013066608EFE02FC309C858
:10FE94002286A6850A85EFE0AFC505616F107FBE97
:10FEA4000A85EFE0CFDAD5BFFD571727FF1F2301DF
:10FEB400F7D68280EF121FB941112A892EC6B28962
:10FEC400EF400FC1B2451304F9FF2E944DC59317AB
:10FED4000901C187AA847D55635CF0024204418014
:10FEE40093170401C1876355F0029DC1EF404FA1F0
:10FEF400636AA4069C4481443E954205418193076C
:10FF0400F5FFC207C18363E02707639609006955BB
:10FF140041016F107FB62390A900D5BF33876403D6
:10FF240083A78A0A3E97835727006386470383572C
:10FF340007006362F40203474701BA97C207C1830B
:10FF44001387F7FF4207418363672701E38109FCB5
:10FF54002390F9006DBF8504EF500F8FE3C0A4FC1C
:10FF640001457DB78144416A974AFF1F938A4AA796
:10FF7400594B7D1AD5B77D5561BFEF125FAE17445B
:10FF8400FF1F1304E4BA9744FF1F938424BB032583
:10FF9400C41419CD184D2326041411048347870073
:10FFA40093F7F7FB2304F700EF50DFD9E31194FE36
:10FFB4006F103FADEF12BFAA1745FF1F1305C5CC45
:10FFC400EF305070EFF07FFB6F10BFABEF123FA923
:10FFD400930540061745FF1F130505CBEF30106D41
:10FFE4006F103FAAEF12BFA77D56B5450145EF40FC
:0CFFF4003FCB6F101FA9EF12FFA4EF40DD
:020000021000EC
:10000000DF921744FF1F1304E4B22320A414232219
:10001000B41481440D499729FF1F938929BF0325F3
:10002000C41419CD85040146638624018327041571
:10003000814591E3CE85EF40BFCF1104E39124FFCA
:100040006F10DFA3EF125FA041112A84AE8932C680
:10005000EFF09FF6EFF05FF929C99747FF1F9387ED
:1000600067AD83A5C7129304C5002A892685EF5082
:100070007FB481452685EF507FAD9315240093E52D
:10008000350093F5F50F2685EF505FAC3246CE85EF
:100090002685EF50DFA99747FF1F23A327BFEFF067
:1000A000DFF5014541016F107F9D6555E5BFEF12FA
:1000B0005F9BAE8495452A84EF501FBFA68522859D
:1000C000EF50DFA86F103F9CEF123F97BD652A8469
:1000D000938505A61745FF1F130545BDEF30505DFD
:1000E0009747FF1F938707C79C439744FF1F93843D
:1000F00064A4268989CBC84019C522868D45EF1096
:10010000903F6F101F97EFF03FEBEFF0FFEDAA84E9
:100110006555E5D8032709009747FF1F83C707B632
:100120009316170163D7060C1307F0076388E700DF
:1001300085071747FF1F2303F7B429A09747FF1F21
:10014000238E07B28325C9129389C4004E85174AAE
:10015000FF1F034AAAB2EF50FFA5D2854E85EF508C
:10016000FF9E8347440051478145637CF700938598
:10017000C7FE93F5F50FDD47B3D5F502850593F579
:10018000F50F8A0593F5C50F4E85EF503F9C8355BB
:1001900044004E85EF503F9F834544000840EF9058
:1001A0005FFEAA854E85EF507F9A8355440097479E
:1001B000FF1F23A797ACD14763F3B700D1459394B2
:1001C00005010C40C18026864E85EF505F96A685BE
:1001D0002285EF509F8E174BFF1F130BAB95814A63
:1001E000A14B5D4C8357440085E3EFF01FE10145CF
:1001F00009BF1387F7FF1377F70F9306D00FE3F9C3
:10020000E6F2930700F835B763967A01EFF03FD72F
:100210003955C5BDEFF05FDD110B910A09E5EFF02F
:100220001FD66555F9BD835544002326AB1463736F
:10023000BC00DD45939905018325C9129304C500CF
:100240002685EF503F97D2852685EF503F9093E566
:100250002A0093F5F50F2685EF505F8F0C4093D958
:1002600009014E862685EF509F8CCE852285EF5062
:10027000DF848DBFEF12EFFE01117C003ECAB7078D
:1002800007003ECC81457C0048083ECEEFF03FE2BF
:100290009745FF1F83C5058B4808EF503F8BD2471A
:1002A000480883C717001747FF1F2309F790EFF08F
:1002B000BFE111E585471747FF1F2307F78A05614F
:1002C0006F106FFCEF12EFF901117C003ECAB70707
:1002D00006003ECC91457C0048083ECEEFF03FDD65
:1002E0004808EFF07FDE95471747FF1F230EF7867C
:1002F00005616F104FF9EF12CFF601117C003EC07F
:1003000083450500B70711003EC27C003EC42A8425
:1003100081C50145EFB04FDB8347040085450A8561
:100320001747FF1F230CF788EFF07FD8EF309FDCD3
:10033000AA850A85EF509F8185450A851744FF1FCE
:1003400013040499EF503F841C400A8583C5C700FD
:10035000EF50CFFF1C400A85CC4BB335B000EF50B7
:10036000EFFE1C400A8583C59701EF502FFE1C400D
:100370000A8583D5A701EF501F811C400A8583C5DC
:10038000C701EF50AFFC1C400A8583D5E701EF5051
:100390008FFF82452D461745FF1F130535828505C2
:1003A000EFA090230A85EFF03FD211E58947173778
:1003B000FF1F230BF77A05616F10EFEC9727FF1FE4
:1003C00083C747856387A706EF120FE82A84EFF0FB
:1003D000BFC1AA8429CD1727FF1F0347A78393070F
:1003E000F00F8149631AF7009727FF1F2384878244
:1003F00097D900009389C9C39737FF1F93878773E5
:1004000083A5C7121389C4004A85EF50AFFAA285AD
:100410004A85EF50AFF385454A85EF502FF3268587
:100420000146CE85EF40DF902685EF50FF916F109B
:10043000EFE48280EF12EFE279713C083EC6B70725
:1004400016003EC899453C0868003ECAEFF03FC61A
:1004500041469735FF1F938565726800EF502FED79
:100460006800EFF07FC605E19737FF1F9387876C21
:100470009C43139717019947634307009D4717371C
:10048000FF1F2303F76E45616F10EFDF9387F501C0
:10049000FD15FD1703C717000505A30FE5FEE39A39
:1004A000B7FE8280EF12EFDB05474111328463040F
:1004B000E504AA8719C90947630EE5060D477D556E
:1004C0006385E71A41016F100FDC33E4C5007D55E9
:1004D00075F89737FF1F23AB076A9737FF1F23A9CC
:1004E000076A9737FF1F23A7076A9737FF1F23A5C0
:1004F000076A0145C1BF33E4C5007D5561F49737F4
:10050000FF1F9387E77C804341499734FF1F938403
:10051000E467034684014C483305C9402695EFA0A3
:10052000B00B03468401814526853306C940EF1090
:100530004FD6C1B791477D55E3E6B7F897D700008E
:10054000938747AEBE9583C40500ADDC1739FF1F06
:1005500013090978032709008357A701E58FBDD345
:1005600083479701E3E0C7F69737FF1F9387875CC0
:100570009C43139717016358070093E70708173741
:10058000FF1F2329F75AC1476397F406A285480045
:10059000EF90EF8B5800814413064002A545639B02
:1005A00084021C08A697238A07FE9737FF1F9387AC
:1005B000E75D26864C003E85EFA010024146058E81
:1005C00081452695EF10EFCC832709004800DC53C6
:1005D0008297CDBD83470700B3F7C70293867703A1
:1005E00063E4F5009386070385042300D70093F4A2
:1005F000F40F05076DB791454800EF904F857D14C6
:100600001316240017D40000130404A332941C40D2
:1006100092452685B3F5F50293D7050113D78700D8
:100620009736FF1F238AE6561737FF1FA306F75694
:10063000139705014183218393978500D98F17373D
:10064000FF1F231CF7549737FF1F23A10754973729
:10065000FF1F23AF07529737FF1F23AD0752832792
:1006600009002EC29C538297B1BDE3EDB7E497D742
:1006700000009387A79BBE9583C70500E38407E42A
:100680001737FF1F1307C76418438356E701FD8E12
:10069000E38A06E28346C701E3E6C6E29736FF1F18
:1006A000938646499042A145936606026394B7003B
:1006B0009366060418571736FF1F232DD646A285CA
:1006C0003E85029701B5EF122FB841112E89B289EC
:1006D00035C501462A84EFF02FFE634F050481449F
:1006E000173AFF1F130A0A30D94AEF403F9663D5E5
:1006F000A4043385540383278A0A3E958357050053
:10070000B1E323108500230A25012311350141019E
:100710006F10CFB6631245030354E1008504EF4028
:10072000FF920505634995001306E100CA852285FD
:10073000EFF08FF865F145F40145D1BF81440544E0
:10074000695AF1BF850455B7EF120FB02A84AE89FC
:1007500083454501035505000149EFB0BFFF8347BD
:1007600044016341F902638509002285EFF06FEED1
:10077000231004004146814513054400EF106FB17A
:100780006F10CFAF0355040093140901C180269563
:1007900042054181EFE0CFA90355040005092695E4
:1007A00042054181EF30204A035504002695420559
:1007B0004181EF30604965B7EF12AFAA1735FF1FCF
:1007C0001305C54EEF3040709737FF1F83C7073FB3
:1007D00089C781450145EFB02F8F1734FF1F1304E0
:1007E00064351C401397170163570700084401C57F
:1007F0008145EFF07FF59737FF1F9387A7559C43FF
:1008000089C7484019C1EF40CF91EFF0EFFA1306C6
:10081000801581451735FF1F1305C531EF106FA7F0
:10082000FD571737FF1FA30FF7429737FF1F938717
:10083000E7499C4395C398472392070098C317370D
:10084000FF1F2325F7420545EF901FC7814711E1A0
:10085000C9573E856F102FA3EF1040489737FF1FF1
:1008600023A6A740CDB7EF12CF9F41112AC6EFF0C4
:10087000BFF49737FF1F9387A7459C439C5F81C7B1
:10088000B2450545829741016F10EF9FEF126F9DB2
:100890008347550085462E8789836382D70C91C78D
:1008A00089466389D7106F100F9E9736FF1F938676
:1008B00066289C42B68413961701E34606FE83D54C
:1008C00045003D46E371B6FE8983858B2A848DC33E
:1008D00003A7C6121C41E318F7FC9737FF1F83C715
:1008E000A728F1F3014681450545EFF0AFF565BF57
:1008F0009737FF1F9387C73D03A907000843414669
:1009000083250900EFA0E04A59FD8327490399C3D5
:10091000054582971C40BD65938505A61737FF1FC7
:100920002320F7349C401735FF1F1305253893E724
:1009300047001737FF1F232FF71E83A784139847FD
:100940002392070098C3EF30A05601468145054524
:10095000EFF04FEF9737FF1F23880720A9B797378E
:10096000FF1F9387271D9C4393961701E3DD06F233
:1009700003D745000DFB13F7870001CB93E78700F2
:100980001737FF1F2328F71A39BFBD9B93E787004E
:100990001737FF1F2320F71AEFF00FE29737FF1FDB
:1009A000938707339C43DC5B99C305458297EFF03F
:1009B0007F8CD5BD9737FF1F9387C7179C438983CB
:1009C000858BE38207EE83D74500E38E07EC9C41DD
:1009D00003C50700EFF03FE9F9B5EF12EF861734D2
:1009E000FF1F130424151C4013D72700058B35CF98
:1009F0009183858B9304007D81E79D6493840453E8
:100A0000EF30BFF203270414832744143307E54073
:100A10009D8D3335E500898D93D7F44163C9B704C3
:100A20006394F50063E5E4049734FF1F9384841016
:100A300001440D499719FF1F9389491D03A5C4144B
:100A40000DC51C4D050483C7870093F7070499EB78
:100A500001466306240183A70415814591E3CE85F1
:100A6000EF400FAD9104E31B24FD6F102F811C405C
:100A70009183858B91CB8327C4140145DC4703C741
:100A800057008D476313F7002545EFF0DFDDF1BF19
:100A9000EF023FFD9737FF1F9387C7099C43411122
:100AA000A307A10013E707019736FF1F23A4E60859
:100AB000C18B99E705469305F1000945EFF08FD802
:100AC0000347F100A5476314F700EFF0FFCE83451D
:100AD000F10091C99737FF1F9387871F9C439C5F45
:100AE00099C30545829741016F00FFF9EF027FF737
:100AF0001734FF1F130404041C400111139717013E
:100B000063570700EFF0DFF805616F00DFF77C0047
:100B10003ECAB7070700AA843ECCA5457C0048081A
:100B20003ECEEFF0CFD8A6854808EF502F82480878
:100B3000EFF08FD91C4093E707101737FF1F232BC7
:100B4000F7FED9B7EF02FFF11734FF1F130484FE3D
:100B500083278413BD65938505A69C431735FF1F26
:100B60001305C51483C40700EF30803403258413B4
:100B70009735FF1F83C5450FEF906FE305C9173504
:100B8000FF1F0345250EEFF07F83834704131737BC
:100B9000FF1FA309F70C9737FF1F2385070C1C4085
:100BA000A183858B91C70D45EFF05FF46F00BFED1A
:100BB000A54763F497000945C5BF6388F4009737DC
:100BC000FF1F83C767FAE39097FE97C700009387DC
:100BD000274C032784138E04BE9483D74400835686
:100BE00047008507E399D7FC08439C400505829799
:100BF00075BFEF021FE7834645001737FF1F034706
:100C00007706834755006317D7003A85EFF00FFB4F
:100C10006F007FE71736FF1F0346C6049734FF1F98
:100C2000938444F16304D6020507E393E6FE173785
:100C3000FF1F2309D70203A78413144723120700B9
:100C400014C37D579736FF1F239FE60013D4270058
:100C50009737FF1F83C7370163F687000945EFF019
:100C6000FFE87DB763918702A557B307F40203A796
:100C70008413034747008D07BA9703D7450093F7BE
:100C8000F70FE39DE7FC9737FF1F83C7C7FDB3D777
:100C90008700858BB5DF5D459307F4FFB387A70217
:100CA00003A7841303D645008C410843D1073E9522
:100CB000EFA0801203C724138547B397870093C71B
:100CC000F7FFF98F1737FF1F230FF7F8B1F3EFF096
:100CD0007FE73DBFEF027FD659711C083ECCB707B6
:100CE00006002A843ECE58181C0897C6000093863A
:100CF000A6381736FF1F130676F593050002173541
:100D0000FF1F130565E43ED0EF90AFCE19C11D451E
:100D100089A0D80897C60000938686361736FF1F2D
:100D20001306D6F2930500021735FF1F1305C5E120
:100D3000EF902FCC69FD3546930571054810EFA063
:100D4000A009D40822864C104818EF90CFE509C5B9
:100D50001945EFF0BFD9D9A8D80097C600009386EF
:100D6000A6321736FF1F130676EE930500021735DD
:100D7000FF1F130565DDEF90CFC751F903466106EC
:100D80002808A14583494106034B510632C6034456
:100D90007106834C810603499106034CA106034A60
:100DA000B106834BC106EFF08FB02808EFF0CFB14A
:100DB00035EDFD571737FF1F2308F7DA9737FF1F69
:100DC000938707F99843BE8A8144324611CF9737FB
:100DD000FF1F938727F89C4381CB9737FF1F93878B
:100DE00067D5C443B33490002204336494012209CC
:100DF000220A4204B366890193958900DC003367B7
:100E00007A01C18EB3E56501C808EF40AFCE19ED98
:100E100083A70A0081C799C0EF1020069305007DC3
:100E20001735FF1F130585E8EF30800865616F00F7
:100E30005FC4EF021FC31971AA84AA853410173644
:100E4000FF1F1306A6D41735FF1F130525D6EF90F5
:100E5000CFD919C11D4519A841469735FF1F938564
:100E6000E5D02810EF90F07409C51145EFF01FC8C8
:100E7000A5A21734FF1F1304E4CB1C409735FF1FB6
:100E80009385C5CF1397170163470700A68597344D
:100E9000FF1F9384A4CE9736FF1F938636DB2686EA
:100EA0001735FF1F130585CFEF90EFD945F51C408F
:100EB0001397170163550712BC083EC6B7072700F2
:100EC0003EC83818BC0897C600009386E61A173645
:100ED000FF1F1306B6D7930500021735FF1F130532
:100EE000A5C63ECAEF90EFB035F5B80097C6000032
:100EF000938606191736FF1F130656D59305000271
:100F00001735FF1F130545C4EF90AFAE21F53546E9
:100F10009305B1042808EF90306C184497C6000080
:100F2000938686161736FF1F130656D211079305B0
:100F300000021735FF1F130525C1EF908FABE31B90
:100F400005F01C4403D52700EFB0CFC7AA84E30304
:100F500005F09D456800EFF08F9583C5E401930788
:100F600090054146B385F502680093850503A69573
:100F7000EF40FFBB1C44680083D52700EF40BFC093
:100F80002685EFB04FC6AA856800EF403FBC973773
:100F9000FF1F938727A58C436800EF40BFC11C4407
:100FA000680083D50700EF401FBEA1456800EF40F1
:100FB0007FB5B2462C08281885063686EF904FBDBF
:100FC00019C1194565B56800EFF00F9011E5A1470B
:100FD0001737FF1F230AF7B809616F00DFAAEFF088
:100FE0006FC5DDBFEF02FFA779713C083EC6B707AA
:100FF00016003EC89735FF1F938545BA3C08173544
:10100000FF1F1305A5BB3ECAEF900FC019C51D45B4
:10101000EFF0DFAD45616F001FA71736FF1F130606
:10102000E6B89735FF1F938565B71735FF1F130582
:10103000A5B1EF908FBF61FDC1451735FF1F1305A7
:10104000E5B3EF80CFE061F595456800EFF02F86BE
:10105000C1456800EF401FABAA861736FF1F130675
:10106000E6B29735FF1F938565B11735FF1F13054E
:10107000E5B3EF908FB741FD6800EFF0EF8459F9C9
:101080009737FF1F938707AB9C43B983858B93B733
:10109000170095071737FF1F2308F7ACA5BFEF020E
:1010A0005F9CAA8541461735FF1F130525ACEF90BD
:1010B000B0529737FF1F9387E7A79C4313971701F9
:1010C00063560700EFF00FB76F00FF9BEFF09FF143
:1010D000E5BF9737FF1F9387E7A59C4313F7F7F703
:1010E0009736FF1F23A8E6A413F7070809CB858BC3
:1010F00099C7EF021F97EFF0FFEE6F00DF98828035
:10110000EF023F969734FF1F9384C4A28040397149
:10111000AA859317140163D40706136414001306F9
:1011200000041735FF1F130575AE9737FF1F23A364
:1011300087A0EF90704AEFE03FE89C401734FF1F14
:101140001304D4AC13971701634607001734FF1F2D
:101150001304D4A7A2850A85EFF04FB393050402C8
:101160000810EFF0AFB297050000938505140A85CB
:10117000EF902FB81DC91D45EFF05F973DA01306F6
:1011800000041735FF1F130575A4EF90F044935723
:101190009400858BC5DF93571400858BC5FB1364C2
:1011A00014009737FF1F23A7879821616F00BF8D19
:1011B000EF023F8B1D713C083EC6B70746003EC894
:1011C00001453C083ECAEF902FAF19E51D45EFF0F1
:1011D000FF9125616F003F8B2A848D456800EFE009
:1011E0001FED930500026800EF40DF91A285EFF04C
:1011F000EFA9930500026800EF40DF909305040219
:10120000EFF0CFA81734FF1F1304C4921C40B2455F
:10121000130600041397170185051735FF1F1305E3
:10122000F59A634607001735FF1F1305359EEF90AB
:10123000B03A6800EFE05FE949FD1C40856613871E
:1012400006805D8F1736FF1F2326E68E1737FF1F98
:10125000130747B0184301CF584011CB7D771307D0
:10126000F77FF98FD58F1737FF1F2325F78C1C4089
:1012700013971701635B0700A583858BB9FB8D4727
:101280001737FF1F2302F78EA9B713D7570099838B
:10129000D98F858B1307F00F91E315479737FF1F01
:1012A0002384E78C3DB7EF02CFFBAA851735FF1FDC
:1012B00013058589EFF08F9D9737FF1F93878787E9
:1012C0009C43139717016352070413D7670093D603
:1012D0005700558F058B11EB13D77700058B01CB8A
:1012E00091471737FF1F2301F7886F00CFF9139736
:1012F000370163550700EFF0FFCEC5BF0967D98FEF
:101300001737FF1F2328F782CDB713D79700058B18
:1013100005C715479736FF1F2388E684856613F7B0
:10132000F7F7558F9736FF1F23A6E68093F7070838
:10133000CDDFEFE03FF955BFEFF09FE77DB7EF025C
:101340004FF21724FF1F1304E47E8327C4149DCF9C
:10135000034745009737FF1F83C747926318F7027B
:101360001C409183858B99E3EFE01FC51C401397C8
:101370001701635F070013F7F7BF9726FF1F23AB23
:10138000E67A93F7074089C7EFF09FE26F00AFEF6F
:101390001840FD779387F77F13164701F98F85660D
:1013A000634706001727FF1F2326F778C5B7D58F99
:1013B00013961701634706021727FF1F232CF776A2
:1013C0001C4013971701E34307FC13F7F7F7972621
:1013D000FF1F23A1E67693F70708CDDBEFE09FEE32
:1013E00075B7F5779387F77FF98FD58F9726FF1F0E
:1013F00023A2F67493172701E3D407FCEFF09FBEF6
:10140000C1B7EF020FE68347050091C70945EFF02A
:10141000EFED6F004FE7834715002A8413F7E70FBE
:1014200075F71737FF1F1307A78A18430346C7002E
:10143000E31EF6FC9727FF1F9387C76F944393F72C
:10144000F6DF19C293E706209726FF1F23A4F66E46
:10145000A583858B81C71C4B91C382971546A285B6
:101460001725FF1F13054576EF9010178D47172797
:10147000FF1F230BF76E03464400834534000345EA
:101480002400EFF02F82E35605F849B7EF02EFDAB8
:10149000172BFF1F130B0B6A03270B000111931768
:1014A000170163D007023C003ECAB7070B003ECCD1
:1014B0003C003ECE834705002A8499E70945EFF0BA
:1014C000EFE205616F00EFDA8347150083462500E0
:1014D000A207D58FC207C1878546E391D7FE834611
:1014E0003500E3EDD7FC972AFF1F938A6A7E83A716
:1014F0000A0001499C5BADCFA5CE1367072083444A
:1015000044009727FF1F23A7E7628547E3E897FA80
:10151000034C5400A147E3E387FB83496400034580
:101520007400A209B3E9A90013F709FE41FB834B3C
:101530008400E3E577F9034A94000345A400220AF6
:10154000336AAA0093770AFFB5FB83450400172688
:10155000FF1F0356065F1725FF1F0355655EEFF05B
:101560008F969727FF1F23ABA75C11E5154581BF19
:101570001377F7DF69B783A70A0091C403C7870110
:1015800019C3D84B61EF83C4970163F39B00DE84DA
:1015900083D7A70193F4F40F13F7070101C713775B
:1015A0008A0059EBBD8BD1CF13757A0059C9EFA0D2
:1015B0003FA783A70A007D15937BF50F03D5A701ED
:1015C000A94C3D89EFA0DFA57D15137AF50F03A780
:1015D0000A008347C7016373FC00E28713FCF70F1F
:1015E0008357E70113F7870001C713F7090131EFAC
:1015F0009D8BADC313F5F90031CDEFA07FA283A77A
:101600000A007D159379F50F03D5E7011D89EFA039
:101610003FA17D151379F50FA947B307FC02338766
:101620009403636AF70C638C0C0C639C040C814973
:101630000149814B014A3DA0930C4002114A8D4B58
:1016400079B7814C014A814B59B7930740020D4944
:101650009149E1B7814701498149C1B78144814935
:10166000854B054A2D46A2851725FF1F13051555E5
:10167000EF90807689454808EFE07FA381454808D0
:10168000EF40CFCC83250B004808A5818589EF402A
:10169000EFCBDE854808EF406FCBCE854808EF40A2
:1016A000EFCAA6854808EF406FCAD24515461725F0
:1016B000FF1F130565518505EF9000724808EFE0A4
:1016C000BFA0E31005E02686CA855285EFE09FDDC6
:1016D00001C50945EFF08FC183270B00A583858BDA
:1016E00089C783A70A009C5B829783274B0099CF09
:1016F000EFF01FACF9B3E284894B0D4AA5B78144E2
:101700003DB7DE8952898D4B094AA9BF83270B005B
:1017100093E707401727FF1F232EF7405DB3EF0223
:10172000AFB2834745002A891725FF1F034595530C
:101730006316F500EFE09FC86F004FB41724FF1F3A
:101740001304443F832984132E85AE84EF404FCE8B
:101750002392A9008347490026851727FF1F2303EB
:10176000F750EF400FC99727FF1F238FA74E8327FE
:10177000841303D7470009E70945EFF02FB76DBF82
:1017800083D76700E3EAE7FE83475900898381C76F
:10179000D146E3F3E6FE1727FF1FA306F74C1725F4
:1017A000FF1F0345454C137715009307F00F05C342
:1017B0001345F5FF1375F50FEFA09F867D15937701
:1017C000F50F1727FF1F0347174AE367F7FA172795
:1017D000FF1F0347474911C3BA87034559000981D1
:1017E0001307150005453315E5007D157D8D9727F9
:1017F000FF1F238AA7468327841303D644008C4007
:101800008843EF90605D8347241393F7E70F172712
:10181000FF1F230AF7448DF3EFF0CFB231BFEF0281
:101820004FA403450500EFF0AFA66F00CFA5EF0270
:101830004FA32A89AE840144EFA0DFF163449400F2
:101840006F006FA43305890042054181EFD04F9EA0
:101850000504EDB7EF02EFA001449724FF1F938426
:1018600064185949EF308FFE6344A4006F00AFA1A4
:101870003305240383A7840A3E958357050081C757
:101880008545EFE07FEC0504F1BFEF02EF9BAA84F2
:1018900001441729FF1F1309E914D949EF300FFB41
:1018A0006345A40001456F006F9D33053403832712
:1018B000890A3E950357050063E7E4008347450125
:1018C000BA97E3C2F4FE0504D1BF9727FF1F9387A1
:1018D00027409C43DC5F91C7EF02AF9882976F006F
:1018E0008F9A82809727FF1F9387873E9C43BC4334
:1018F00091C7EF020F9782976F00EF98828097272A
:10190000FF1F9387272398439316170163D3060875
:10191000EF022F9580470149834544010355040098
:10192000EFA05FE383474401634BF9022285EFE0B8
:10193000AFCD9727FF1F23A30720FD57014517278A
:10194000FF1F2303F722EFF0AF94034644018355B2
:10195000040003552400EFF0FFF86F00CF92035509
:10196000040093140901C180269542054181EFD0FE
:101970002F8C035504000509269542054181EF206F
:10198000802C03550400269542054181EF20C02B91
:1019900051BF82809727FF1F23AAA7328280EF02C0
:1019A0004F8C9727FF1F9387E718DC436D54639F85
:1019B000A700EFE07FE09727FF1F938767319C43E5
:1019C0002A849C5F81C781450945829722856F00E3
:1019D0008F8BEF020F899727FF1F9387A715C843A7
:1019E00009C5EFF0DFFB6F000F8A25459727FF1F22
:1019F000238B0726EFF0CF89FDB79727FF1F93872B
:101A0000272D884382809727FF1F9387A71288433B
:101A1000098105898280EF02CF8441112A84EFF089
:101A20009FFE2DC903574400954763F8E7062285BA
:101A3000EF404FA32AC42285EF40AF9B2306A100AD
:101A40002285EF400F9B9727FF1F9387A70E984390
:101A5000A306A1000983058B11C783A6C712A2475D
:101A6000639DF6020D8997B700009387E75E0E0528
:101A7000B386A7008355440003C6560063EFC50034
:101A800001E703C7460011EBAA979C43A2852800F3
:101A9000829721A0EFA03F9251D541016FF0BEFE89
:101AA0009727FF1F9387C7229C43FC4391C7EFF200
:101AB0005EFB82976FF03EFD8280EFF29EFA97F513
:101AC000FFFF9385C5F11725FF1F1305251CEF2088
:101AD00040326FF05EFB15C5EFF2BEF82A84970521
:101AE0000000938545EF1725FF1F1305251CEF20E8
:101AF00040309727FF1F23AD871CEFE0FFCB6FF02F
:101B00009EF87D558280A9E1828083270900131702
:101B10001400BA9783D70700638697020504EF3055
:101B2000CFBEE344A4FE0144EF302FBE635CA400AB
:101B30000327090093171400BA9703D7070019EB7E
:101B4000239097006FF03EF4EFF2BEF12A89AE8445
:101B50000144F1B70504C9BFEFF2BEF04111AA84F8
:101B600001442EC6EF306FBAB245635CA4009840C2
:101B700093171400BA9703D707006317B700239091
:101B8000070041016FF03EF00504E1BFEFF27EED8A
:101B90009727FF1F9387471B9C432A87AE8632886F
:101BA00089CF9728FF1F9388E81903A30800894865
:101BB0006315130182976FF01EED9727FF1F938720
:101BC00067199C430145E5DB9727FF1F938787171C
:101BD00090438547E311F6FE4286B6853A85EF20AD
:101BE0007FD8D1BFEFF25EE62E8A3284AA89EF2039
:101BF0007FD675158357440093140501C18013796E
:101C0000FA0363FE9700CA852285EF309FE90356E9
:101C100044000C404E85EFF07FF76FF03EE6936591
:101C200009042285EF30FFE70C4026864E85EFF051
:101C3000FFF5A6852285EF305FE813690908835711
:101C4000440099CF850763DF970093650A0C2285CE
:101C5000EF303FE5035644000C404E85EFF01FF394
:101C6000014565BFCA852285EF30BFE30C4026865B
:101C70004E85EFF0BFF1A6852285EF301FE4C1B796
:101C8000EFF23EDE79713C083EC6B70717002A84A2
:101C9000AE843EC868003C0885453ECAEF40CF8010
:101CA0006C002685EF30DF84700085452285EFF0DB
:101CB0007FF345616FF03EDDEFF2BEDAEF30EFA467
:101CC00089450605EFA0EFB7E55711C59727FF1F18
:101CD00023A2A70281473E856FF0FEDA9727FF1FF8
:101CE00093870701985B239607021725FF1F1305AB
:101CF000A50298D782801727FF1F130767FF184395
:101D00006316A7021727FF1F034707FF751793875F
:101D1000D5FF1337170093B71700FD566319F70067
:101D2000EFF23ED4EFF01FEC6FF0FED5ED563685A6
:101D30008280EFF27ED105EDC16401441729FF1FB7
:101D4000130949CA9309400EFD1421A83305340331
:101D50008327090B3E958357C50163839700D13FC5
:101D60000504EF308F9CE343A4FE6FF03ED197272C
:101D7000FF1F9387E7F7AA85884365D9EFF05FF0E7
:101D8000EDB7EFF27ECC79711C083EC2B707200098
:101D90003EC41724FF1F1304A4F51C083EC61C40B4
:101DA000D9C31727FF1F034727F58947AE842A8920
:101DB0006315F704814911A85C4013971900BA977D
:101DC00083D70700638197068509EF300F94E3C539
:101DD000A9FE85454800EF303FED035649008325B5
:101DE00009004800EF30BFD4084050008145EFF0B3
:101DF0009FF0054545616FF07EC8C167FD17E38A16
:101E0000F5FC85476311F702814911A85C401397DF
:101E10001900BA9783D70700E38D97FA8509EF3049
:101E2000CF8EE3C5A9FE0145F1B7230005022322A9
:101E300005028280EFF2FEC285472300F5022A8464
:101E4000EF201FB09727FF1F9387C7B983A7070B02
:101E500048D01725FF1F1305E5E71D8CB7F723B8FA
:101E6000938797E009843304F4029727FF1F23AF79
:101E700087ECEF2080026FF01EC1EFF2FEBCEFA0F6
:101E80008FD3E95705C1C16401441729FF1F130906
:101E900069B59309400EFD14094AEF300F89634676
:101EA000A40081473E856FF07EBD33053403832750
:101EB000090B3E958357C501638897008347050248
:101EC00063844701EFF01FF70504C1BFEFF27EB94D
:101ED000834705FE85466398D7001305C5FDEFF0DF
:101EE0009FC26FF05EBA8946E39DD7FEFDD9130508
:101EF000C5FDEFF07FC6F5B79727FF1F938787E4EF
:101F000098433DCF8546F157631DD706EFF27EB566
:101F10009727FF1F9387C7DD2A8788433E8405C91B
:101F20009726FF1F83C646DD8D476392F60239E38D
:101F30009727FF1F938707E29C4395EB9727FF1F87
:101F4000238C07DA1C4003D50700EF209FA4EF2065
:101F5000BFA51725FF1F1305E5D79727FF1F23A34D
:101F600007DEEF10707681473E856FF0DEB1EFF04F
:101F70001FA3E9B703550500CD45EF20DFA0D9B772
:101F8000F9573E8582809727FF1F9387A7DB9C43E5
:101F90007955BDC3094771556383E7008280EFF22D
:101FA0005EAC1724FF1F1304A4D4184015C3834745
:101FB00084008546FD1793F7F70F63EBF600035592
:101FC0000700CD459727FF1F238807D2EF20BF9B2F
:101FD0001C4003D50700EF209F9EEF20BF9F1725D1
:101FE000FF1F130525CF9727FF1F23AD07D4EF1041
:101FF000B06D01456FF03EA9828015C1EFF27EA65B
:102000001C41AE842A8489C72E860145814582976A
:102010005C4081C7A685014582976FF0DEA682806D
:10202000EFF23EA497B700009387C78D9C43AA8523
:1020300001459C4782976FF01EA5EFF29EA22A846D
:10204000034585019307F00F6314F500EF60AFD1EE
:10205000930720033305F5020328C4018146014795
:102060009305000293076509034574017D89050501
:102070003356D800058A01C605071377F70F850682
:10208000E398B6FE198D130740063305E5023E9529
:102090009307C0126354F5001305C0126FF0BE9E83
:1020A000EFF29E9A1C4D03548500B28995834E042D
:1020B000858B4111AA842E894D80314691C32146DA
:1020C0003307260383D74401998F6344F60013F640
:1020D000F70F83C564014E8532C6EF303FA79C4C95
:1020E000935564004E85860793F70708DD8DEF3022
:1020F000FFA50A0493553900C18D93F5F50F4E8560
:10210000EF30DFA49C4C931559004E85FD8BDD8D7F
:1021100093F5F50FEF309FA3DC409315290032466D
:10212000BE958C414E85EF309FA041016FF01E950A
:10213000EFF29E91AE8A8345A5002A84B2890545B7
:102140000146368A3A8BEF20FFB53DC19304C500A6
:102150002A89A5452685EF303FB5630D0B048345DD
:102160000B0093F5F5072685EF305F9E03D64A00F6
:1021700083A50A002685EF309F9B9717FF1F938743
:10218000A76E9C43C9C750401C408355840003562A
:10219000460003D5C70105478146EF80BF8115E999
:1021A0005C40839747006354F0064A85EF30DFB9FF
:1021B0006555A1A85C400547814583D727008D0759
:1021C000C207C183E371F7FA0C44E98193E5050482
:1021D00059BF9717FF1F9387E76883A80700054833
:1021E000A68705478146014681452285829805C11B
:1021F0005C4083974700635CF0004A85EF30DFB4B2
:102200004E85D285EFF07FDF01456FF03E87D286A5
:102210004E86CA852285EFA05FFEC5BFEFF2DE8243
:102220002A84130545022E89EF10104A9717FF1FC5
:10223000938787639C4395CB8307740163D7070219
:1022400003467401054581457D8A0506EF80A03C63
:102250005C4C7D15638BA700035624018355040154
:10226000084093068400EF807F878144584093990B
:1022700024004E97084319C5EFF09FDA5C40CE97D3
:1022800023A00700834774018504FD8BE3D097FEEC
:102290008347740193F7F7FBA30BF400630B09006A
:1022A00081470148232004001CC42326040123285D
:1022B00004006FF0AEFCEFF22EF99C45AA842E8448
:1022C000B289239205009CC10149DC401317290003
:1022D000BA97D8488C43A1479316270063C30600DA
:1022E000B1473387270303D64401198E63D3C70050
:1022F0003E862285EF30BF8383C774010509FD8BBD
:10230000E3D527FD83C7740193F7070291EB835749
:1023100044002147639309001147998F2312F40069
:102320006FF0CEF5EFF2EEF32A83084103DE0500ED
:1023300041110355C5016313AE06034543010989E5
:1023400011C503C54500138E650119E1138E5500B3
:1023500083450E001377F7037D55639EE502BE8526
:10236000B687832643014285468713F816009716E1
:10237000FF1F9386266794428358A30032C0B3861A
:1023800006410358830036C22E86AA86814513056E
:102390001E00EF707FD641016FF0EEEE7D55E5BF78
:1023A000EFF28EEA2A84035585004111BE89AE8A78
:1023B000328AB6843A89EF107FE2E15739E103555A
:1023C0008400EFF08FCCFD570DCD5C488358A400FE
:1023D0004E8713F817009717FF1F9387A7609C433A
:1023E000CA8656C0B3870741035884003EC226867A
:1023F000D28785451105EF703FD03335A000B30774
:10240000A0403E8541016FF06EE7EFF28EE52A8431
:1024100013058502EF10502B81471CC4835784019C
:10242000014823200402C607C58323220402232077
:1024300004002326040123280400231CF400814403
:102440008347A4019DC75840139924004A97084325
:1024500001CDEFF0FFBC5C40CA9723A00700834783
:10246000A401FD17230DF4001C4C8504FD8BE3D95A
:1024700097FC1717FF1F1307E7561C47230D04008F
:1024800093F6F7FD1716FF1F2322D65693F7070280
:1024900089CB08438145EF90DFFA01C50145EFA0E4
:1024A000CFA16FF04EDEEFF24ED9832A0502032A48
:1024B0004502AA84AE8901490144172BFF1F130B63
:1024C0002B8A930B8004EF209FAA634BA90201CCB7
:1024D00083578401814513058402C607C583231CE5
:1024E000F400EF10F01C2685EFF03FF263880A003D
:1024F00083A74A0081C7D2854E8582976FF06ED739
:10250000B307790303270B00BA97638DF40203978F
:1025100087016359070283D6070103D70401639338
:10252000E60283D6270103D72401639DE60009CC88
:102530005444D847636AD7006396E600144498472A
:102540006364D700050941B73E84EDBFEFF2CECFFB
:1025500018417971231001028357C7012311010229
:102560003AD2231CF1008357850103476501231FDD
:102570000100EA07FD87231DF100835725010A07A3
:10258000231EF100930700F8A300F1028347B50171
:102590002301F1023C083ED4835705012316F102C2
:1025A000834775012307F1021C4D9D83858BD98FCD
:1025B000A307F1028347D50195CBF1742A8417B99B
:1025C00000001309E9B19384F40F184C9357870066
:1025D00093F7F7037D8B6371F7028357840171775B
:1025E0001307F70FF98F231CF400A5A0A555EFF0F2
:1025F0009FEB45616FF08EC858408A07BA979C439D
:10260000D1C38345740101460545EF20AFE9AA898E
:1026100029C11306C5003285A54532C6EF30CFE883
:102620000C4C32462285A18193F5F503EFF05FA7AC
:102630008347C401A2864A868507230EF400CE850F
:102640004810EFA09FBB1DCD8347C401FD17230E8B
:10265000F4008347C4018DE383172401130584022A
:10266000930520036358F0008347B401B385B70294
:1026700093850519EF10D0038347D401FD17A30EEE
:10268000F40085BF1C4C03578401A183850793F791
:10269000F703A207658FD98F231CF4003DB7EFF233
:1026A0004EBC130585FDEFF07FEA6FF0CEBD03470A
:1026B000A50139CF0347C501AA877D171377F70F07
:1026C000230EE50031E7EFF2CEB983162501634A08
:1026D000D0000347D50111E78145EFF0DFDC6FF053
:1026E0008EBA03D687011167130707F0718F138520
:1026F0008702814519EB930520036358D00083C7F7
:10270000B701B385B70293850519EF10607AC1BF91
:102710008280EFF20EB52E85EFF07FF96FF0AEB646
:10272000EFF22EB483578601AE84328413971701DB
:10273000634E07001C5299CB9C4389CB5052829721
:10274000835784011167D98F231CF40081C422852B
:10275000EFF0FFF56FF02EB3EFF22EAEAA8413F573
:10276000F507328915CDA947630BF51883C74401D6
:10277000014493F707049DCB9717FF1F9387470EDC
:1027800098436306071C9717FF1F9387A7259C5F35
:102790009183858B639D071AA68502972A8439A0A9
:1027A00003574600954763E6E7007D5422856FF0A6
:1027B0004EAC3285368AEF30AFC79317150193D9E7
:1027C00037019717FF1F9387270A9C43935AF500F9
:1027D000C20A93DA0A018DCB8387440163D60702CC
:1027E000DC4813F717009717FF1F9387A71F9C4319
:1027F000998F13D78700E207B3E737012320FA0048
:102800002322EA0001445DB74A85EF30AFC5096B6A
:1028100083DB84002A898144171CFF1F130C4C544E
:10282000930C80047D1BEF208FF4E3D0A4F8338455
:10283000940383270C003E9418445444B3776701F3
:102840006390370583572401638D7701638A0A02F9
:102850001C4C0346A401FD8B85076313F602231964
:10286000740183172401E352F0F42320EA002322A9
:10287000DA0063190900A9552285EFF0DFC259B7C4
:10288000850455B74A85EF90AFF91C4C7D15FD8B3B
:10289000E3CDA7F013058402370A0040EF10C062B1
:1028A0007D1A854A4A85EF906FF501E98347A401B7
:1028B000A9C72285EFF09FC9B1B75840B3074501BA
:1028C0008A07BA979C439304F5FF8DC393F9F40FDD
:1028D0008A094E970843EFF0AFF45C40BE9923A0FD
:1028E00009008347A401FD17230DF40033959A00D6
:1028F0001345F5FF3379A90075B78145B5BF035777
:1029000046008947E3F3E7EA03D7A4009717FF1FC0
:1029100083D787440144E31BF7E83285EF306FAD7E
:10292000AA894A85EF30CFB0D04493F9F907AA8637
:1029300021829377F60705461D8E83D5A40003D523
:1029400084004E961376F60FEF508FFB85B59717E0
:10295000FF1F938767079C436154E38907E44A8616
:10296000A685829725BDEFF2CE8C7971AA8A2E8A30
:1029700032C0368B3A848144014D01499719FF1FBB
:102980009389093E930B8004EF206FDE63CCA4147F
:10299000F15463050D1403A64A0063050418834728
:1029A000040093E707F8230BFD0083D78A00035741
:1029B0004A00B33580002318FD0083574600A14923
:1029C0002319FD009307F7FF11E0B149B3C737039F
:1029D00083568D011715FF1F1305C500231AED003F
:1029E000819A9605FD8BDD8E231CDD008507230D66
:1029F000FD001C4503284500898313F717001C417F
:102A0000998F13D78700E207B3E707012324FD005E
:102A100083A70A002326ED0023226D032320FD0057
:102A200082472320FD0293070040231EFD0083C739
:102A3000AA00A30BFD0003A78A004D839377070428
:102A400013F7F6FB5D8F231CED0083C7BA001377E5
:102A5000F7F79316F900858B9E075D8F9317170183
:102A6000C583D58F13D78700231CFD0093770708F4
:102A7000A30CFD0083578D011307F00F93F7F7FDAB
:102A8000CD8F231CFD008347A6002AC2639DE70A61
:102A9000EF507FADA30DAD009714FF1F9384C4DCEE
:102AA0009C40130C8D006388071683270D000327B5
:102AB0008D0103562D0183D58A0003D5C7017D8B77
:102AC0000507E286EF701FEF6317051483172D01CA
:102AD0006353F0146A85EFF05F93E55426854561F2
:102AE0006FE0FEF8B387740303A70900BA9703C722
:102AF000A7010DC703D68A0083D607010147631BD0
:102B0000D60003A74A0083D72701035747001D8F2C
:102B1000133717003369E9008504BDB5E31E0DFEC8
:102B20003E8DDDBF8357260005478D07C207C18351
:102B30006365F700930700F8BDB583A78A00E983B2
:102B400093E707FC8DB5A30DFD00B9B73247035CD1
:102B5000A10063F3E7003E8C83A70C00420C135CDA
:102B60000C019C4362D001460C1001458297AA8952
:102B700035D1E2855285EF209FF56286AA854E8584
:102B8000EF80802583274D00131C2400E29723A0AB
:102B900037019C40A1CF1C103ECAB70710003ECCA5
:102BA00050081C10A2856A853ECEEFF06FCF032738
:102BB0008D0109467D8B6303E400054603AE0D00DD
:102BC00005485C080507DE8681455685029E19CDBD
:102BD00083A74A0083974700635AF0004E85EFF0C1
:102BE0002FC483274D003E9C23200C000504137442
:102BF000F40F83574A00B9FB9C40A9C383274D00BB
:102C00009C438DEF6A85EFF05F800245DA85EFF037
:102C1000CFBE8144E1B5814B11E0E28B939709016E
:102C2000C1830144231531013EC697AC0000938C4B
:102C30006CCD971DFF1F938DEDC265BF6305090025
:102C4000EF90DFABF9B76A85EFF05F909717FF1F42
:102C50009387C7D79C438144E38207E892479C5FF0
:102C60009183858BE38C07E6EF906FA185BDEFE242
:102C70005EDFEF20CFAF930780043305F502A14557
:102C8000EF902FBC01E565556FE0FEDF9717FF1F42
:102C900023A8A70C01449714FF1F9384640C130905
:102CA0008004EF20CFAC6369A402EF204FADA145B3
:102CB0001A05EF900FB961D99717FF1F23A0A70A34
:102CC0000144B1441719FF1F13094909EF202FAB25
:102CD0006364A40201454DBFEF206FA891450A052A
:102CE000EF902FB64DD1330724039C400504137495
:102CF000F40FBA97C8C375B7EF206FA93355950283
:102D00009145420541810A05EF90AFB32DDD832740
:102D10000900131764000504BA97C8C31374F40FAD
:102D200075B7EFE27ED2C1642A8901449719FF1F6B
:102D3000938949CB130A8002FD14EF200FA063454D
:102D4000A40001456FE09ED33305440383A7C90A5D
:102D50003E95835705006386970083572500E383DC
:102D600027FF0504D9BFEFE2DECFC167BA8413871E
:102D7000E7FF41113684639BE50023800400971729
:102D8000FF1F9387A7CF1CC081471DA8F5172A896D
:102D90006391F50432852EC632C4EF102FC471FD45
:102DA0009717FF1F938707D99C432246B245139775
:102DB0001701635007023285EFE03FAD11E5FD5783
:102DC0003E8541016FE03ECC110508C02380040020
:102DD00065BFE30609FE2E85EFF0BFF4E1576DD124
:102DE0000347F9018947631DF7008347450089CBF5
:102DF000930775011CC0834765012380F40069B700
:102E0000930765001CC083475500C5BF83D74500A5
:102E100099E77D5582807D5505616FE03EC6EFE202
:102E2000BEC2130700182A8401112D55E366F7FE70
:102E30002E85B6893289AE84EF205FCB8D47E3FCC7
:102E4000A7FC03DA4400EF204F9011055C40635863
:102E5000450103C79700136707F8A384E70003D66B
:102E6000470083D5270008401307B1017408EFF02D
:102E70009FEF5DF18347B101139727008347B400AB
:102E80008D8BD98FA305F4005C408387970063D9AD
:102E900007002685EF209FC51335850013451500D3
:102EA0008347B40006059166F59B5D8D5C40A305E4
:102EB000A400014703D54700A167A98F63F5D70098
:102EC000EF50EFF82A875C409716FF1F938686B174
:102ED00083A8060083D5270003D847009C461044EA
:102EE0008D058983858BB387F8403EC0C20583A8D2
:102EF00046008357840072456582C181A686058A93
:102F000093B52500EF70AF96E31805F05C400147DC
:102F1000CE86838797004A86A685228563D50700DB
:102F2000EFF07FA4D5BDEFF0AFA0FDB5EFE27EB32B
:102F300032883A861397060101114183A307B10035
:102F4000231CE100231DE10042CA42CEAD45584199
:102F500063F8D5008345970093E505F8A304B7000F
:102F6000FD562311D70003079700635B0700130783
:102F7000F100BE864C08EFF01F9F05616FE0BEB008
:102F80001307F100BE864C08EFF08F9AFDB7EFE211
:102F9000BEAB3E848357C5010111231901002314E0
:102FA000F100FD572315F1003C002ACA2317010048
:102FB000231801002316C1002309D10002CE3ECC04
:102FC0002E89BA89C2842E8563040800EF108F937E
:102FD000231EA100EF500F9A9717FF1F938787A01A
:102FE0009C5F230FA10001459183858BADE34209CE
:102FF00013590941635D200503D709001398F400B4
:1030000099464E07458333680701931788004208A5
:10301000135808011358880033E807019357040137
:1030200013D78700A301F100931784004204418065
:1030300021805D8C2301E100814701470A8681459B
:1030400048082310010123128100EFF03FEE0561D3
:103050006FE0DEA2EFE2FEA02A849304C5FDEF102C
:103060003F8E8327C4FF1D8DBD67938707A663F836
:10307000A70081452685EFF06F9A6FE0DEA0032858
:1030800004FF8355E4FE832784FF834644FF0356F1
:10309000C4FE0325C4FD1358F801130744FEEFF0E6
:1030A0001FEF2685EFE07FF9AA852285EF005060AB
:1030B000E9B7EFE21E9B01112E89AA84EF50FFD4DD
:1030C0002A84FD572315F1008357C4020355450395
:1030D000231901002316F10083471403231701006D
:1030E000231801002309F1002314A10002CA02CC15
:1030F00002CEEF902FAD2ACA08403C003ECCEF1024
:103100006F9F83570500231EF100EF50AF86835752
:10311000C402230FA100B1CF834714032302F1009F
:10312000EF508F927D1513341500EF502FB5854762
:103130006314F50013642400EF504F928547631425
:10314000F500136444009717FF1F9387A7899C5FBE
:103150009183858B99C313648400CA8726878D4623
:103160005000A9454808A302010023038100EFF0A5
:10317000FFDB05616FE03E91EFE2BE8E81450145C8
:10318000EFF03FF36FE03E90EFE2BE8D0144971405
:10319000FF1F9384E4BC13098004EF105FDD6345D7
:1031A000A40001456FE03E8E330724039C40BA978C
:1031B00083C7A70199E30504CDB70545E5B7EFE25D
:1031C0005E8AAA8401441719FF1F1309A981EF1011
:1031D000DFCD6353A4028327490B131534003E95BA
:1031E00083570500639C97002310050023220500E8
:1031F00023010500EFC0BFB96FE0FE880504C1BF21
:10320000EFE29E842A842E89EF103FCC19C101453C
:1032100065A083474401414793F60703E389E6FE2F
:1032200093F70704EDD7EF105FC875D1814481494A
:10323000170AFF1F130A0A7BEF103FC763CCA900D0
:10324000EF10BFC6639BA90E81449709FF1F9389A6
:10325000697989A883274A0B93943900BE9403D7D0
:10326000040083578400E30DF7FC8509F1B783A7B9
:10327000490B139534003E95835705009DE3630584
:1032800009002320A90061B7835784002310F500AB
:103290001C485CC15C48858B2301F500EFC03FAF43
:1032A000BDB78504EF107FC0E3C3A4FCEF10FFC0DF
:1032B00085476305F50005456FE04EFC9714FF1F39
:1032C00083D4A4A91707FF1F1307C771939734006E
:1032D0008324470BBE9403D50400EFB06FF503D5EC
:1032E0000400EFF0DFED630C09022320990097172B
:1032F000FF1F83D787A685071717FF1F231FF7A474
:10330000EF10BFBA42059717FF1F83D707A541816A
:10331000E3EFA7EE9717FF1F239107A4CDBD8357B7
:10332000840026852390F4001C48DCC05C48858B13
:103330002381F400EFC0BFA55DBF8347440103C7ED
:103340002400858B99C725DBD8401C48E375F7F628
:1033500011A07DDB63050900232099004DBD835733
:10336000840026852390F4001C48DCC05C48858BD3
:103370002381F40025B7EFE2CEEB0358450021711D
:1033800002D29147832B050063E707017D594A85E7
:1033900039616FE0CEED2E842A8A4C102285BA8DD9
:1033A000B689328CEFF0DFE575F185455285EF2067
:1033B000CFF05285EF20DF8713193500098189642A
:1033C00042054181938CF4FFB37495015285EF203F
:1033D0005F8213798901935755003369F900137D92
:1033E000F5011379F90F137BFD0FE3612BFB5C48AB
:1033F0001848970AFF1F938AEA5E93F6170083A77F
:103400000A00B3049740B3F49401958F93D68700D4
:10341000B3049740E207DD8C23A2D90023A09900D2
:10342000930C1B0023809D01814636CEEF103FB5E3
:10343000F2461718FF1F1308689263D0A60483276B
:10344000080093946600BE9498481C446316F706DF
:10345000D84483A749008C4403A609006366F7009B
:103460006390E74863FEC54683C7740193F707047A
:10347000A1C785452685EFE07FDA5C4821478D832B
:10348000858B91E33147B3046703EF105FB063C4EA
:10349000A404032844018346E400035684008355B2
:1034A000A4000840135878001378180081474E870D
:1034B000EFF0FFAD2D59E1BD850685BF8357840030
:1034C0002310F5001C485CC15C48858B2301F50086
:1034D000EFC0FF8B49A19707FF1F9387E7389C43F5
:1034E00081EF814DEF10BFA99717FF1F93870787C3
:1034F00063CBAD045D5961BD5C481307000893F7C9
:10350000070CE390E7FE1C4003C70D000356A40020
:103510008355840003D5C701CE86EF70AFC971F122
:10352000032844018346E400035684008355A40025
:103530000840135878001378180081474E87EFF041
:103540001FA56559A9B5984393946D00BA9403C714
:1035500074019376070499C2850D69B71367070450
:10356000A38BE4001C409CC05C488A0793F60702CA
:103570009377F7FDD58FA38BF40003A6090083A6EC
:103580004900819BB3E7A701A38BF40090C4D4C486
:1035900003C70B0093F7F707238BE4000347E4000E
:1035A000238CE400035784002398E4000357A4000D
:1035B00023AE04002399E400584813770708D98FF5
:1035C000A38BF400DC4CB3D72701858B63950738B8
:1035D000DC4803574A00F583858B6317690B931604
:1035E0000901C182214691E33146B387C6023E9765
:1035F000239AE400EF10CFB4138D440288D06A857B
:10360000EF00D00009ED83A78A039183858B81EBBE
:103610002685EFE09FA2AA856A85EF0070095C48C5
:1036200021478D83858B91E33147DC40BAC01797E2
:1036300000001307272D1843931D2900130B0104C5
:103640001843EE970146DA8501453ECE0297F247D0
:1036500088C3DC40BE9D03A50D000DED0328440189
:103660008355A4008346E4000356840008401358A1
:1036700078001378180081474E87EFF05F918545F9
:103680002685EFE0BFB975BDA14691E3B146E3835E
:10369000E6F6EDB903564A0083250A00054A3319B8
:1036A0002A01EF706073DC4C668605453369F900CA
:1036B00023AE24018145EF6010767D156306A900D5
:1036C00023204C010149E1B1125509CD83578400F3
:1036D0002310F5001C485CC15C48858B2301F50074
:1036E000EFC0EFEA89472320FC006A85EF00C07D28
:1036F00003A84401DC4C8346E40003568400835550
:10370000A40008404E871358F801EFF05F88834704
:10371000440113F7870005CBB707000101464C1899
:1037200026853EDC5ADA5ADEEFE0FFB883C50B008F
:10373000CE8650182285EFF02F822A898145268572
:10374000EFE0DFADA9B183C91B0003AA84003707EE
:10375000800183CC0B00220A3AD693D979005AD43F
:103760005AD8135A8A0083D6440125476393090027
:1037700015477D59E3C4E6FC1707FF1F1307C70E63
:10378000184311C793F7070499E3014945BF03554F
:10379000A400A1671167A98F814B63F5E700EF4093
:1037A0001FEBAA8B93D76C00858BBDCF114C638325
:1037B0000900214C420C135C0C01014B130D8002DB
:1037C000EF10AFF793170B014205C1834181E3FE70
:1037D000A7FA03A3CA0AB30DAB034E862C102685A5
:1037E0001ACEEFE05FADA25783A5CA0A9308410342
:1037F0003EDE3EDA83D74401130881026687B38731
:103800008741231DF102DE86CE875286EE95228502
:10381000231C0102EFE01FB12A89050B55F1724309
:103820009A9D83D72D0075A09707FF1F9387873038
:103830009C4313971701635007044E862C1026856E
:10384000EFE07FA7A25721473EDE3EDA83D744014F
:10385000639309001147998F231DF10238105C18FA
:10386000CE865E86D2852285231C0102EFE05FB3FF
:103870002A89F55739CD4E862C102685EFE0BFA357
:10388000A25721473EDE3EDA83D744016393090005
:103890001147998F231DF1025C4852C0341013F771
:1038A000170083A70A004E868545998F3EC283582C
:1038B000A40003588400DE8758181705FF1F13055E
:1038C000E51B231C0102EF603F832A89F957E317A8
:1038D00005E62313F4004C182285EF003FD6B9BD4E
:1038E000E3E6E7AA6314F700E362B6AA03C70B0096
:1038F00083C76401E31CF7A803AD440193578D010E
:10390000FD8BE39567A95C481357DD01058B8D831B
:10391000858BE31DF7A683C7740193F70704E39330
:1039200007CADC4C6686054581453ECEEF60B04E49
:10393000F2477D15E39CA7A48346E4000356840068
:103940008355A40008401358FD014E87EFF02FE483
:103950001255E31505B679591DBC9707FF1F239D26
:10396000A73E8280EFE2EE8C3971FD57170AFF1FE8
:10397000130A8AEF3ED683270A007D573AD402D233
:10398000A3010102AA842E84638707109C4183D57A
:10399000A50003D5C701EF60FFFD834744011E0565
:1039A00093F7F707C98F230AF400A5452685EF2072
:1039B000CF90970AFF1F938A6A0183A70A008DC7D9
:1039C0001707FF1F130707021C5F9183858B89CFA1
:1039D0008347440193F6070381EA54532147695909
:1039E0006397E60A918BC5C72685EF208F8F9C4091
:1039F000AA8B03DC44008387070063D3070A5C4873
:103A0000014993F7070CC1C7130731023410501056
:103A1000A2852685EFF03F962A8983A70A0085C3F1
:103A20001707FF1F130707FC1C5F9183858B81CB52
:103A30005853A1476315F7002285EF802FDA9C4485
:103A4000C20B93DB0B01BE9B83270A0023A07401EA
:103A5000239284018DCF8307440163DA0702631840
:103A600009029707FF1F9387E7DF83A80700A25784
:103A7000FD5612560347310201486393D71CB256D4
:103A80006390F61CA6878146A285014582984A85E7
:103A900021616FD0DEFD83C7450193F7F70721B79A
:103AA0008547A301F10263140C007D59BDB7814520
:103AB0002285EFF0EFF475F92685EF208F93834789
:103AC0004401AA8CA18B81CBAA853410268622853D
:103AD000EFE09FC891B75C48014993F7070C95DF69
:103AE000EF10AFC6110542054181EF10F03EAA89E3
:103AF000630605142ADA231C0102EF100FC503D751
:103B000044001105231DA1024EDE914763E6E70044
:103B10004E85EF10503751BF83270A0091CB834762
:103B2000440193F7070489E74E85EF10D035F5B5CA
:103B30000355A400A1671167A98F014B63F5E70046
:103B4000EF40FFB02A8B83D74400F1172392F40093
:103B500093D76C00858BE1E39707FF1F938787FD61
:103B60009C431397170163510702F2570C482687AD
:103B70003EDA81465C185A862285231C0102EFE05A
:103B80003F822A89F55739C1F2578358A400035858
:103B900084003EDA5C48A686014613F717009707B3
:103BA000FF1F938727E49C4385451705FF1F1305D7
:103BB000E5EC998F3EC21C485818231C01023EC0F8
:103BC000DA87EF606FD32A8925F1F9572313F400C0
:103BD0004C182285EF009FA681BF93078002B38710
:103BE000FD02032ECD0A10489308410326886687FC
:103BF000DA862285231C0102850D3E9EF257F2854E
:103C000072CE3EDA8147EFE0EFF12A8911E9724E78
:103C100083572E0065BF814D170DFF1F130D8DDCDF
:103C2000EF10AFB1420593970D014181C183E3E6E7
:103C3000A7FA4E85EF1030250149C5B35D59F1BB98
:103C4000A687341091B582808280EFD29EE1014434
:103C50009704FF1F93848410EF106FB26344A40293
:103C60009707FF1F938707D803A4470BEF10EFA315
:103C70001316350081452285EFD0BEE1EFC00F93CA
:103C80006FD07EE088409317640085453E95EFE055
:103C9000EFD80504D1B7EFD2DEDC01449704FF1F53
:103CA0009384040C13098004EF106FAC6344A400E8
:103CB0006FD07EDDB3072403884005043E95EFE016
:103CC000CFF4DDB7EFD25ED801449704FF1F938491
:103CD00024091309800497F9FFFF9389899CEF1049
:103CE0000FA96341A40201449704FF1F93840407B2
:103CF00017F9FFFF13094936EF106FA8634EA400B0
:103D00006FD0DED7B30724038840CE8505043E95E7
:103D100013058502F928E1B7884093176400CA8526
:103D20003E9513054502F1200504F9B7EFD27ED385
:103D30001C452A84858BA1CF9706FF1F9386860298
:103D40009C42014795C36311F4041C40D4420DE723
:103D50001707FF1F2328F7006316D4001707FF1F5C
:103D60002324F700232004001C44232C04000145D5
:103D7000F99B1CC46FD03ED11CC3E315D4FE97073A
:103D8000FF1F23A3E7FEF9BF3E879C4365BF3105B4
:103D9000ED2CD9BF8589B1C1EFD2BECC1704FF1F6E
:103DA000130444FC08401DC51C411707FF1F232BAB
:103DB000F7FA58406316E5001707FF1F2326F7FAA6
:103DC0001C45584193F6E7FF14C5858BE1DF79DB8D
:103DD0000297C9BF01456FD01ECB01458280EFD24B
:103DE0005EC82E8431468145EFD0BECA40C16FD037
:103DF0009EC9EFD21EC72A84EFF07FFE232604005F
:103E000023280400232C04006FD0FEC7EFD27EC508
:103E10003105F92295473305F502A1473345F502EF
:103E20006FD07EC69C4513E7170098C5858B9DE330
:103E3000EFD23EC35C4123A0050091EB4CC10CC105
:103E4000034585008545EF10D03D6FD0DEC38CC3A0
:103E50004CC1FDB78280EFD23EBF3559634A0600A0
:103E60009C4DB2842E84AA8999C731596387A700D3
:103E70004A856FD0BEC0014919E52285EFF01FEBDE
:103E80002A89E34705FE8E049545B3C5B402232C69
:103E900034011305C4006122E1BFEFD29EBCAA85A4
:103EA0001705FF1F130505ECEFF0DFF76FD0BEBD60
:103EB000EFD23EBB2E86AA851705FF1F130585EAA4
:103EC000EFF07FF96FD03EBC1C4D99C7EFD27EB9A1
:103ED000EFF0DFE56FD03EBB7D558280EFD27EB83C
:103EE00017050000130545EBEF2040089707FF1F5B
:103EF000938747E72384A70023A0070023A2070096
:103F00006FD07EB897E7FE1F938707D1884363136E
:103F1000F50001458280EFD2DEB4EFF0BFFEFD5721
:103F200011C11C453E856FD01EB6EFD29EB3EFF097
:103F30007FFDAA87014599CB804785451705FF1F5F
:103F4000034505E3EF1070553305A4406FD0BEB3B1
:103F5000EFD23EB141112AC685451705FF1F034523
:103F600025E1EF10304C85451705FF1F034545E05F
:103F7000EF10D02F3246634A06001705FF1F034596
:103F800025DF854511E6EF10D02941016FD0BEAF86
:103F9000EF10B032DDBFEFD2DEAC930545FF4845F0
:103FA000EFF05FE86FD03EAE85898DC9EFD27EAB72
:103FB000EFF05FF509CD544118412324050098C264
:103FC00054C32320050023220500EFF0DFFCEFF0AF
:103FD0009FF4EFF0FFF701456FD0FEAA0145828004
:103FE0001C4185CFEFD2FEA7AA84EFF0BFF197E77F
:103FF000FE1F938767C2DC43014419E5EFF0FFF22F
:104000003305A4406FD03EA818453A94E30895FEC6
:1040100075D5E305F5FE0841CDB701458280EFD2A5
:104020005EA40CC52A84EFF05FF0AA84EFF09FED48
:1040300001C51C45858F1CC5EFF0DFEC97E7FE1F1F
:10404000938787BDD04311E950C01CC0DC4380C3B7
:1040500097E7FE1F23A487BC29A814451844635082
:10406000D7025C413387E64018C55CC008C080C3F6
:1040700040C1EFF05FEAEFF0BFED6FD0DEA0158F2B
:1040800018C4E303A6FC08417DBFEFD29E9D1C41EE
:10409000FD54B1C72A84EFF0FFE62A890145631475
:1040A0002401EFF09FE817E7FE1F1307E7B6584318
:1040B0001C406308E40091C71844098F88473A956B
:1040C00088C7584081441CC3D8C32320040023223E
:1040D000040063162401EFF01FE4EFF07FE726856C
:1040E0006FD07E9AEFD2FE9717050000130505ECFE
:1040F000EF10D0679707FF1F238CA7C66FD0BE981D
:1041000011E282807D16B387C50003C70700B3079D
:10411000C5002380E700EDB79707FF1F23ACA7C4B6
:104120008280EFD21E941C412A84B284858B01497F
:1041300089CBB2862E86AA8597D0FE1FE780408A5B
:104140002A89A685228597D0FE1FE7806087630AAB
:1041500009008A04F11426941C4037070080D98F87
:104160001CC06FD05E92EFD23E8E039A260093075A
:104170000002AE891304FA013344F4029384460228
:10418000AA85B28A4E852686054962046184A28684
:1041900097D0FE1FE780C08411ED931754000149AA
:1041A000635AFA00D2854E8597C0FE1FE780A0773C
:1041B0003339A000A2862686CE85568597D0FE1F6D
:1041C000E78000824A856FD07E8BEFD2FE87011197
:1041D00021462E842A8997C0FE1FE78080795C548F
:1041E000A1460A863EC61C588A850A853EC85C5888
:1041F00002C402C23ECA1C5C02C03ECC5C5C3ECE25
:1042000097C0FE1FE780C07DAA84A1460A86CA85A2
:104210004A8597C0FE1FE780A07C1C58AA94A1463F
:104220003EC65C580A868A853EC81C5C0A8502CE5A
:104230003ECA5C5C3ECC97C0FE1FE780607AAA94C1
:10424000A1460A86CA854A8597C0FE1FE780407945
:104250001C50AA94A1463EC05C500A86CA853EC244
:104260001C544A8502CA3EC41C5C02C802C63ECC2D
:104270005C5C3ECE97C0FE1FE78080765C50185C89
:10428000AA943EC01C543AC8585C3EC25C54A14635
:104290000A863EC45C58CA854A853EC63ECC1C5040
:1042A0003ACA3ECE97C0FE1FE78080735C54AA9442
:1042B000A1463EC01C580A86CA853EC25C584A8543
:1042C00002CA3EC41C5002C802C63ECC1C543ECE9C
:1042D00097C0FE1FE78060741C58898CA1463EC0C1
:1042E0005C580A86CA853EC21C5C4A8502CA3EC426
:1042F0005C5C02C83EC65C503ECC5C543ECE97C06F
:10430000FE1FE78080715C58898CA1463EC01C5C12
:104310000A86CA853EC25C5C4A8502CC3EC41C50FB
:104320003EC65C503EC81C543ECA1C583ECE97C088
:10433000FE1FE780806E1C5C898CA1463EC05C5CE1
:104340000A86CA853EC25C504A8502C43EC61C54D9
:1043500002CC3EC85C543ECA5C583ECE97C0FE1F9D
:10436000E780A06B3384A44097E4FE1F9384848B82
:1043700063470402854911E82146CA85268597C00E
:10438000FE1FE780404D63073503A1462686CA8598
:104390004A8597C0FE1FE7804068098CE9BFA146A7
:1043A0002686CA854A8597C0FE1FE78060632A94E7
:1043B000E34704FE05616FD06EECEFD2EEE81D71AD
:1043C0002A8432892E8A714681454800EFD06EECEE
:1043D000830409008D475286A686D28508103EC008
:1043E00097C0FE1FE780A06A8327C90A0C102285A8
:1043F0008297A6860A86A28522859309490097C0DE
:10440000FE1FE780806109C9A6864E86A2852285A7
:1044100097C0FE1FE780C05C830609005286A28514
:10442000081097C0FE1FE78080668327C90A0C101A
:1044300022858297A68613064908A285228597C001
:10444000FE1FE780E05919E92686A2854E8597C0B0
:10445000FE1FE78040408547630AF500A6864E862A
:10446000A285228597C0FE1FE780205B25616FD063
:10447000EEE0EFD26EDD8384060019712A89AE8AE0
:104480003285A6853284B68997C0FE1FE7808047B3
:104490006319052CA6865686D685880097C0FE1F10
:1044A000E780E05E83A7C90A8C000A85829783862D
:1044B00009000A86CA85880097C0FE1FE780205D34
:1044C00083A7C90A8C0008108297838609000A8690
:1044D0008A85880097C0FE1FE780605B83A7C90AB2
:1044E0008C000A858297838609002286D6858800FB
:1044F00097C0FE1FE780A05983A7C90A8C00568584
:104500008297838609002286A285880097C0FE1FB5
:10451000E780E05783A7C90A8C0022858297A68688
:104520002286CA854A85138A490097C0FE1FE78004
:10453000204B19E92686CA85528597C0FE1FE78061
:1045400080318547630AF500A6865286CA854A856A
:1045500097C0FE1FE780604CA6862286A285228532
:1045600097C0FE1FE780C04719E92686A2855285BD
:1045700097C0FE1FE780202E8547630AF500A686B8
:104580005286A285228597C0FE1FE7800049A68635
:104590002286CA85228597C0FE1FE780004809C988
:1045A000A6865286A285228597C0FE1FE7804043DB
:1045B000838609002286CA85880097C0FE1FE7808F
:1045C000004D83A7C90A8C004A858297A6864A8631
:1045D000CA85228597C0FE1FE780804019E926869C
:1045E000A285528597C0FE1FE780E0268547630AB3
:1045F000F500A6865286A285228597C0FE1FE78019
:10460000C041A6862286CA854A8597C0FE1FE780DC
:10461000203D19E92686CA85528597C0FE1FE7808E
:1046200080238547630AF500A6865286CA854A8597
:1046300097C0FE1FE780603E81454A8597C0FE1FF8
:10464000E780602E63020512A6865286CA854A85D7
:1046500097C0FE1FE780C0382A8BA6854A8597C081
:10466000FE1FE780E03593972400F117CA9788432F
:104670007E0B3365650188C3838609004A86CA8537
:10468000880097C0FE1FE780804083A7C90A8C007E
:1046900022858297A6861010A285228597C0FE1FCC
:1046A000E780A03709C9A6865286A285228597C0D1
:1046B000FE1FE780E032A6861010A285228597C0F3
:1046C000FE1FE780803509C9A6865286A28522850D
:1046D00097C0FE1FE780C0300C10A68622862E856C
:1046E00097C0FE1FE780603309C90C10A68652866A
:1046F0002E8597C0FE1FE780A02E8386090010102C
:10470000CA85880097C0FE1FE780603883A7C90A62
:104710008C004A858297A6860A86CA850A8597C034
:10472000FE1FE780802F09C9A68652868A850A85E2
:1047300097C0FE1FE780C02A2686A2854A8597C0BB
:10474000FE1FE78000232686D685228597C0FE1FA0
:10475000E780202226868A85568597C0FE1FE7803F
:10476000402109616FD08EB1A6854A8597C0FE1F92
:10477000E780002511B7EFD22EADAE8919712A89D5
:10478000B6854E85B284368497C0FE1FE7808017B9
:1047900011C9A2854A8597C0FE1FE780E014096110
:1047A0006FD0CEAD2286CE850A8597C0FE1FE780EA
:1047B000401C2286A685081097C0FE1FE780601B5C
:1047C000A285880097C0FE1FE78000128547A2855A
:1047D0008810BEC097C0FE1FE780001122860C1013
:1047E0000A8597C0FE1FE780000709E922868C0032
:1047F0004A8597C0FE1FE780C01755B78247858B53
:1048000089EFA2850A8597C0FE1FE780601B22867C
:10481000A6858800EFF0FF90D1B78257858B99EB82
:10482000A285081097C0FE1FE78080192286A68502
:104830008810CDB7A2866359A00410108A850A8516
:1048400097C0FE1FE780601DA2850A8597C0FE1FE6
:10485000E780001722868C10880097C0FE1FE78033
:1048600080FF635A05008C00A28626862E8597C09D
:10487000FE1FE780E0168C00A28690102E8597C060
:10488000FE1FE780801961B70C100A862E8597C03D
:10489000FE1FE7808018A285081097C0FE1FE780E2
:1048A000201222868C00881097C0FE1FE780A0FA95
:1048B000635A05008C10A28626862E8597C0FE1F9F
:1048C000E78000128C10A28690002E8597C0FE1FF4
:1048D000E780A014A1BFEFD2CE95038C07006971C9
:1048E0002AC2B28D080962862E8D36C63E84BA8BE6
:1048F00097C0FE1FE780E00793172C003EC4EA979D
:104900006286BE8588093EC097C0FE1FE7806006AC
:10491000B246830404006384066C2686B6850818B4
:1049200097C0FE1FE780E00426860C09881897C010
:10493000FE1FE780000426868C09081997C0FE1F19
:10494000E7802003830604001018B285881997C0F9
:10495000FE1FE780C0138327C40A8C19880882973A
:104960008306040090080C09881997C0FE1FE78091
:1049700000128327C40A8C19080982978306040051
:1049800010188C08881997C0FE1FE78040108327F5
:10499000C40A8C19880882978306040090088C0941
:1049A000881997C0FE1FE780800E8327C40A8C19E0
:1049B000880982978327440AA28610188C0908095F
:1049C0008297830604001018B285881997C0FE1FCD
:1049D000E780E00B8327C40A8C1988088297830636
:1049E000040090088C18881997C0FE1FE780200AE1
:1049F0008327C40A8C19881882978306040010182C
:104A00008C08881997C0FE1FE78060088327C40AB6
:104A10008C19880882978306040090080C1988195D
:104A200097C0FE1FE780A0068327C40AF91B8C19D4
:104A30000819C20B829793DB0B4113094400854C84
:104A4000830404006346705B81456E8597C0FE1F3A
:104A5000E78060EDB339A00096099C18338A3701CE
:104A6000933A15001C19960ABE999C18338B57016E
:104A7000A6861C195286DA850808BE9A97C0FE1FC2
:104A8000E780A0F909C90C08A6864A862E8597C03A
:104A9000FE1FE780E0F4830604001008B285881941
:104AA00097C0FE1FE780A0FE8327C40A8C19080860
:104AB0008297830604001008D285881997C0FE1FCC
:104AC000E780E0FC8327C40A8C195285829783060D
:104AD00004001008DA85881997C0FE1FE78020FBC4
:104AE0008327C40A8C195A858297A6864E86D68556
:104AF000080897C0FE1FE780A0EE19E926860C087B
:104B00004A8597C0FE1FE78000D58547630AF500F8
:104B10000C08A6864A862E8597C0FE1FE780E0EF28
:104B2000A6864E86D685568597C0FE1FE780E0EEA6
:104B300009C9A6864A86D685568597C0FE1FE78096
:104B400020EAA6865286DA85081897C0FE1FE780FD
:104B5000C0EC09C90C18A6864A862E8597C0FE1F90
:104B6000E78000E8830604001018CE85881997C0F6
:104B7000FE1FE780C0F18327C40A8C194E858297F7
:104B8000A6865A86D285081897C0FE1FE78040E5A2
:104B900019E926860C184A8597C0FE1FE780A0CB2E
:104BA0008547630AF5000C18A6864A862E8597C0AD
:104BB000FE1FE78080E6830604005686D6858819A6
:104BC00097C0FE1FE780A0EC8327C40A8C195A8582
:104BD0008297A6861018DA855A8597C0FE1FE7804F
:104BE000C0E309C9A6864A86DA855A8597C0FE1FA2
:104BF000E78000DFA6865A86D285880897C0FE1F08
:104C0000E780A0E109C98C08A6864A862E8597C050
:104C1000FE1FE780E0DC830604009008D685881933
:104C200097C0FE1FE780A0E68327C40A8C1956852B
:104C30008297A6864E86D685568597C0FE1FE7804A
:104C4000C0DD09C9A6864A86D685568597C0FE1F4F
:104C5000E78000D9830604001008B285881997C040
:104C6000FE1FE780C0E28327C40A8C198808829758
:104C70008C08A68610182E8597C0FE1FE780E0D905
:104C800009C98C08A6864A862E8597C0FE1FE78034
:104C900020D5A68652868C08081897C0FE1FE7808C
:104CA000C0D709C90C18A6864A862E8597C0FE1F54
:104CB000E78000D38306040010080C18881997C0F9
:104CC000FE1FE780C0DC8327C40A8C19081882976E
:104CD000A6864E860C184E8597C0FE1FE780E0D34F
:104CE00009C9A6864A86CE854E8597C0FE1FE780F5
:104CF00020CF26868C08528597C0FE1FE78060C7AC
:104D0000E28690180C09081897C0FE1FE780E0D0D3
:104D100009C90C18E2864A862E8597C0FE1FE780D7
:104D200020CC830604004E860C18881997C0FE1FFD
:104D3000E780E0D58327C40A8C1908188297830678
:104D400004006A860C18881997C0FE1FE78020D4DB
:104D50008327C40A8C19081882970C182E85E286BE
:104D60004A86EFF05FA18306040002460C188819FA
:104D700097C0FE1FE780A0D18327C40A8C190818AA
:104D800082978306040052860C18881997C0FE1F6C
:104D9000E780E0CF8327C40A8C1908188297830420
:104DA00004005A86D285A686880897C0FE1FE78031
:104DB000C0C609C98C08A6864A862E8597C0FE1FE4
:104DC000E78000C2830604009008B285881997C066
:104DD000FE1FE780C0CB8327C40A8C1988088297FE
:104DE000830604009008DA85881997C0FE1FE780C3
:104DF00000CA8327C40A8C195A8582978306040047
:104E00009008D285881997C0FE1FE78040C8832785
:104E1000C40A8C1952858297A6865686CE854E8501
:104E200097C0FE1FE78060BF09C9A6864A86CE8567
:104E30004E8597C0FE1FE780A0BA830604004E8609
:104E4000CE85881997C0FE1FE78060C48327C40AF7
:104E50008C19880882978C08A6865A862E8597C05A
:104E6000FE1FE78080BB09C98C08A6864A862E856E
:104E700097C0FE1FE780C0B68C08A68652862E8596
:104E800097C0FE1FE78060B909C98C08A6864A86CC
:104E90002E8597C0FE1FE780A0B4A6865A86D285CD
:104EA000528597C0FE1FE78040B709C9A6864A868B
:104EB000D285528597C0FE1FE78080B2830604002A
:104EC0005286D685881997C0FE1FE78040BC83278D
:104ED000C40A8C1956858297A6869008DA85528571
:104EE00097C0FE1FE78060B309C9A6864A86D285AF
:104EF000528597C0FE1FE780A0AE8306040052864D
:104F0000CE85881997C0FE1FE78060B88327C40A42
:104F10008C194E858297A6865686CE854E8597C07B
:104F2000FE1FE78080AF09C9A6864A86CE854E85DA
:104F300097C0FE1FE780C0AA26868C08528597C0BE
:104F4000FE1FE78000A3830604001018B2858819AD
:104F500097C0FE1FE780A0B38327C40A8C19880876
:104F600082978306040090088C18881997C0FE1F4A
:104F7000E780E0B18327C40A8C19881882978306DA
:104F8000040010188C08881997C0FE1FE78020B015
:104F90008327C40A8C198808829783060400900826
:104FA0000C19881997C0FE1FE78060AE8327C40ADA
:104FB0008C1908198297124562868C1897C0FE1FBB
:104FC000E780209B924722470C1962863385E700D1
:104FD00097C0FE1FE780E09955616FC05EA9A68566
:104FE000081897C0FE1FE780209085473ED82DBA4D
:104FF000DE856E8597C0FE1FE780E092133A1500AC
:10500000B3894C4196099C18B38A37011C19160ABA
:10501000BE999C18338B4701A6861C195686DA85E3
:1050200008083E9A97C0FE1FE780209F09C90C0818
:10503000A6864A862E8597C0FE1FE780609A830663
:1050400004001008B285881997C0FE1FE78020A4CD
:105050008327C40A8C190808829783060400100865
:10506000D685881997C0FE1FE78060A28327C40AEF
:105070008C1956858297830604001008DA858819F2
:1050800097C0FE1FE780A0A08327C40A8C195A8509
:105090008297A6864E86D285080897C0FE1FE780B5
:1050A000209411E926860C084A8597B0FE1FE780F8
:1050B000807A630A95010C08A6864A862E8597C0D9
:1050C000FE1FE7808095A6864E86D285528597C0C2
:1050D000FE1FE780809409C9A6864A86D28552853C
:1050E00097C0FE1FE780C08FA6865686DA8508180F
:1050F00097C0FE1FE780609209C90C18A6864A86F1
:105100002E8597C0FE1FE780A08D8306040010182F
:10511000CE85881997C0FE1FE78060978327C40A51
:105120008C194E858297A6865A86D685081897C010
:10513000FE1FE780E08A11E926860C184A8597B0A1
:10514000FE1FE7804071630A95010C18A6864A8607
:105150002E8597C0FE1FE780408C83060400528690
:10516000D285881997C0FE1FE78060928327C40A02
:105170008C195A858297A6861018DA855A8597C0A9
:10518000FE1FE780808909C9A6864A86DA855A8586
:1051900097C0FE1FE780C084A6865A86D6858808F9
:1051A00097C0FE1FE780608709C98C08A6864A86DB
:1051B0002E8597C0FE1FE780A0828306040090081A
:1051C000D285881997C0FE1FE780608C8327C40AA8
:1051D0008C1952858297A6864E86D285528597C0B5
:1051E000FE1FE780808309C9A6864A86D28552853C
:1051F00097B0FE1FE780C07E830604001008B285CA
:10520000881997C0FE1FE78080888327C40A8C19FD
:10521000880882978C08A68610182E8597B0FE1FE6
:10522000E780A07F09C98C08A6864A862E8597B09C
:10523000FE1FE780E07AA68656868C08081897B08D
:10524000FE1FE780807D09C90C18A6864A862E8538
:1052500097B0FE1FE780C0788306040010080C1882
:10526000881997C0FE1FE78080828327C40A8C19A3
:1052700008188297A6864E860C184E8597B0FE1F9A
:10528000E780A07909C9A6864A86CE854E8597B063
:10529000FE1FE780E07426868C08568597B0FE1FB7
:1052A000E780206D830404005A86D685A686880888
:1052B00097B0FE1FE780607609C98C08A6864A86EB
:1052C0002E8597B0FE1FE780A0718306040090082A
:1052D000B285881997B0FE1FE780607B8327C40AD8
:1052E0008C1988088297830604009008DA8588194B
:1052F00097B0FE1FE780A0798327C40A8C195A85CE
:105300008297830604009008D685881997B0FE1FFF
:10531000E780E0778327C40A8C1956858297A68692
:105320005286CE854E8597B0FE1FE780006F09C973
:10533000A6864A86CE854E8597B0FE1FE780406AD6
:10534000830604004E86CE85881997B0FE1FE7803D
:1053500000748327C40A8C19880882978C08A68653
:105360005A862E8597B0FE1FE780206B09C98C08EE
:10537000A6864A862E8597B0FE1FE78060668C0859
:10538000A68656862E8597B0FE1FE780006909C95C
:105390008C08A6864A862E8597B0FE1FE78040645B
:1053A000A6865A86D685568597B0FE1FE780E066AA
:1053B00009C9A6864A86D685568597B0FE1FE7801E
:1053C0002062830604005686D285881997B0FE1F96
:1053D000E780E06B8327C40A8C1952858297A686E2
:1053E0009008DA85568597B0FE1FE780006309C9EB
:1053F000A6864A86D685568597B0FE1FE780405E12
:10540000830604005686CE85881997B0FE1FE78074
:1054100000688327C40A8C194E858297A686528617
:10542000CE854E8597B0FE1FE780205F09C9A6860E
:105430004A86CE854E8597B0FE1FE780605AFD1BD9
:1054400026868C085685C20B97B0FE1FE7806052F7
:1054500093DB0B416FF0CFDEEFC2AEE05D713284C3
:10546000AA841018A2862E850C082EC432C6EFE03E
:105470009FCF03572400133515009C080A053E955D
:10548000032685FB05074207A287418781469305CE
:1054900044042685EFF02FC4834504002685860545
:1054A000E205E18597B0FE1FE780C0451335150082
:1054B00061616FC04EDDEFC24ED82E8BAA84B285DB
:1054C0005A85328497F9FE1F9389C98A97B0FE1FC7
:1054D000E780A04683A70900B1C7131A5400931BA5
:1054E00024003305AA401389CBFF7D5A2699335AED
:1054F000AA00930A0004054C83A70900DE852685CF
:1055000082970DC183270900A2852685B3F747013D
:105510002320F90097B0FE1FE780C03E19C5FD1A91
:10552000E39C0AFC01456FC0CED42286A6855A852D
:1055300097B0FE1FE7806052E31385FF0545E5B78E
:10554000EFC28ED0AA892E89B28413040004130AF4
:105550000002930A460203962400D6854A857D06FA
:105560003346460362066186EFF0FFF409C92686DA
:10557000CA854E85EFF05FEE11E57D1469FC0145AB
:105580006FC0CECF0545EDBFEFC20ECC038916002C
:10559000357100102A8B130A01042285B2894A86CC
:1055A000B684838A060022CC52CEEFE07FB5131674
:1055B0001900DA858810EFE0BFB4A2852285A6869F
:1055C0005286EFE05FBA97E7FE1F9387A77A9C4366
:1055D0002A849DC3931725001811BA9783A687F7CD
:1055E000568693854400368536C6EFF0DFECB2462A
:1055F00009E50D616FC08EC8814603D724001334BE
:1056000014001C110A043E94032684F705078C102D
:105610004207A68741872E85EFF0EFAB4A868C10B4
:105620004E85EFE0FFAD83C5040088108605E205D6
:10563000E18597B0FE1FE780E02C1335150055BFBC
:1056400017C5FE1F1305C55D828023AC05FE1C41F6
:1056500091E7010001000CC18280BA8703A787FF90
:105660006DFF23ACB7FE8280184183A785FF6319C5
:10567000B7001CC1FD5723AC05FE238FF5FE8280C9
:10568000232CF6FEC5BF411122C437E400E026C238
:1056900004403707200006C6F98C2320E4180F10B9
:1056A000000009E9232094101545B2402244924499
:1056B000410182800347E5FF9307F00F6306F7007F
:1056C000232094101145D5B797C0FE1FE780E01A3C
:1056D000014523209410D1BF411126C2B7E400E058
:1056E0004AC003A90400B707200006C622C43379C4
:1056F000F90023A0F4180F10000009E923A02411D9
:10570000B2402244924402494101828095659385CA
:1057100005D0C98D2A842105C2054205C181418178
:1057200097C0FE1FE780400601CDFD5723200500EE
:10573000231285002303F50023A024112105C9B7F6
:1057400023A0241101456DBF0111B7E700E04AC84D
:1057500003A907004EC63707200006CE22CC26CA72
:10576000AA893379E90023A0E7180F10000097E712
:10577000FE1F9387676080438144014611E491E8EE
:10578000A1654E8545210DA08347E4FF639A370349
:105790008DCCA68517E5FE1F1305055EEFF0DFEC47
:1057A00065D0A1654E85B52CF2406244B7E700E0B4
:1057B00023A0271126854249D244B249056182803F
:1057C00091E02286032484FF55BFA284E5BF4111E6
:1057D0004AC037E900E022C403240900370720004B
:1057E00006C626C2798C2320E9180F10000089E52F
:1057F0002320891015451DA0AA8497E7FE1F83C7A3
:10580000F7572E8563F5F400894763EF9700EFF0B3
:105810009FE7B7E700E023A087100D45B240224480
:10582000924402494101828083A785FF99E703C71B
:10583000E5FF9307F00F6309F700EFF0DFE4B7E748
:1058400000E023A087107DB7238F95FE17E5FE1F8C
:1058500013058552EFF07FDFA1652685D92201452A
:105860002320891065BF97E7FE1F23A7075082807A
:1058700097E7FE1F9387C7559C4399E33E85828037
:1058800003D727006316B70003C70700E308A7FE86
:10589000DC47E5B7A5C1011106CE22CC26CA814757
:1058A000C14633D7F540058B29C312053E953147D4
:1058B0003305E50217E7FE1F1307C75504430544E8
:1058C0003314F4002EC642044180AA949C40C84080
:1058D0008297B24523A0040023A20400A18DF240C8
:1058E0006244D2442E85056182808507E39BD7FA06
:1058F0000144EDB72E858280C9C1797122D406D6C4
:1059000026D24AD04ECE01444147B3D78540858B3D
:10591000A5C31205314722953305E50297E7FE1F1F
:105920009387474F03A907008544B3948400C204BA
:10593000C180BE892A990327090011C703254900A0
:105940002EC60297B24531473304E40283A709000B
:105950003E941C4489E72320090023220900B25009
:105960002254A58D02599254F2492E8545618280B8
:105970000504E31CE4F88144DDB72E8582804111E3
:10598000B7E700E022C480433707200006C626C2DE
:10599000798C23A0E7180F10000097E7FE1F93876C
:1059A00067439C539384018199C782979C403E959D
:1059B00023A8A18039A097E7FE1F9387E7409C4367
:1059C000EDF78840B74703009387D73F3305F502CB
:1059D000B7A72600938737ECB24092443E9523A8A0
:1059E000A180B7E700E023A0871022444101828014
:1059F00097E7FE1F938787429C43411122C406C646
:105A000017E4FE1F1304843781CB82975C483E95D0
:105A100097E7FE1F23AEA7364848B2402244410113
:105A20008280B7E700E09843B706200023A0D7188C
:105A3000758F0F10000097E6FE1F83C63634637320
:105A4000D50217E6FE1F13066638931615000842A6
:105A5000369583560500D58D2310B50023A0E71099
:105A60000145828023A0E7100D458280B7E700E062
:105A70009843B706200023A0D718758F0F10000099
:105A800097E6FE1F83C6962F6375D50217E6FE1FA5
:105A90001306C63393161500084293C5F5FF3695D5
:105AA00083560500F58D2310B50023A0E7100145AE
:105AB000828023A0E7100D45828079714AD037E9B2
:105AC00000E026D283240900B707200006D622D49E
:105AD0004ECE52CC56CA5AC85EC6FD8C2320F91849
:105AE0000F10000097E7FE1F83C75729637AF50060
:105AF00097E7FE1F9387472D83AB070063970B0043
:105B0000B7E700E023A09710A9A017EBFE1F130B27
:105B10002B31832A4B00B74736FE938707C82E8A5E
:105B200097E5FE1F83D54530BE9AB387C5022A8408
:105B3000B2898146B3B5C50213850732B337F50084
:105B400013060064BE95EF40506D63F0AA02232057
:105B500099100145B250225492540259F249624AB6
:105B6000D24A424BB24B45618280829B97E5FE1F31
:105B700083D5852BB38735032A89130600648146B4
:105B8000B3B5350313850732B337F500BE95EF4043
:105B9000D068B30725013E8903274B0063E4A700C3
:105BA00063E4E7003389E740D2852285EFF05FCCDC
:105BB00009C923242501B7E700E023A09710054574
:105BC00051BF936504F0C205C181414597C0FE1FD6
:105BD000E78080BB19E997E7FE1F9387A71F9C5BAF
:105BE00085D3A2851145829721BF97E7FE1F938732
:105BF000271E9C4385E797E7FE1F23ABA71C85471D
:105C000023260500232425012311450123008500B7
:105C1000A300F5002322050079BFBA87D84775FF96
:105C2000C8C7F1BF0111B7E700E04AC803A90700E0
:105C300022CC4EC63707200006CE26CAAA892E845B
:105C40003379E90023A0E7180F100000EFF05FC2DE
:105C5000AA8419C123110500A2854E85EFF01FE12A
:105C600097E7FE1F83C78711639B370197E7FE1FE6
:105C700083D747155D8C97E7FE1F23958714B7E7F9
:105C800000E023A02711014591E01945F24062444C
:105C9000D2444249B249056182804111B7E700E030
:105CA00026C2844306C622C437072000F98C23A0ED
:105CB000E7180F100000EFF0BFBB19E90145B24033
:105CC0002244B7E700E023A097109244410182806C
:105CD00097E7FE1F9387470F9C430045829797E7FE
:105CE000FE1F9387E7136368A402D843B74636FEC6
:105CF000938606C83305A4403697E371E5FC130785
:105D00000064B335E50203D6870081463305E5021A
:105D1000EF40B0506DB7D8433A94C1BF411122C48F
:105D200026C217E4FE1F1304A40F97E4FE1F9384FA
:105D3000E4049448584097E7FE1F9387E70806C697
:105D40009C436393E60882975440B74736FE938797
:105D500007C8B6973387A7003A856364F700636482
:105D6000D7003305D74097E4FE1F9384E41FDC502F
:105D700081CF97E7FE1F9387E72694433707CDFF30
:105D80007D179C46F98F9CC611E1484097E7FE1F9E
:105D900093874704DC53829719E5DC508DC3EF10DD
:105DA000D038EF10205CDC5099CB97E7FE1F93872B
:105DB00067239843B70633001C47D58F1CC7B240F2
:105DC0002244924441018280829794485840B3878C
:105DD000A6003E8563E4D700E3E7E7F83385E740B4
:105DE00059B7411106C697E7FE1F23A9A7020295DE
:105DF000B24097E7FE1F23AFA7F80145410182801B
:105E0000994763E9B7008A0597E7FE1F9387C7F9AB
:105E1000BE9588C1828097E7FE1F23AFA7FE11C5FC
:105E2000854717E7FE1F2300F7FA8280411171466C
:105E3000814517E5FE1F130525F706C697E7FE1FE8
:105E400023A807F897E7FE1F23AA07FC97E7FE1F82
:105E500023AC07F697E7FE1F238707F697E7FE1F99
:105E600023AC07FA97B0FE1FE78000DD130680021F
:105E7000814517E5FE1F130565F097B0FE1FE7800B
:105E8000A0DBEF40404A97E7FE1F9387A7F403C5C6
:105E9000C70383C7D70385453E958D473305F50274
:105EA00039051375F50F97E7FE1F238AA7EC99476D
:105EB0003305F5021305052497C0FE1FE780C08C4B
:105EC00017E7FE1F2328A7F459CD994717E6FE1FB1
:105ED0000346E6EA3306F60281451306062497B028
:105EE000FE1FE78060D597E7FE1F9387A7F29C43CC
:105EF0009387072417E7FE1F2326F7EA17E7FE1FFD
:105F00000347E7E70A07BA9717E7FE1F2320F7ECD6
:105F1000EFF07F95F52697E7FE1F9387A7E8944358
:105F200097E7FE1F83C797E5139727003697170655
:105F300000001306A69C10C3138717001377F70FF2
:105F40000A073697170600001306069510C3138735
:105F50003700890793F7F70F8A0797E5FE1FA38F8E
:105F6000E5E0B69790C3B2404101828097E7FE1FFB
:105F700083C7D7E017E7FE1F034767E063F3E70235
:105F800017E7FE1F130707E218439386170017E66B
:105F9000FE1FA305D6DE93962700369708C33E85DD
:105FA00082809307F00FE5BF1C4163850716417798
:105FB0007D8FB70600208947631FD714035745001C
:105FC000630B0714411122C419462A849305F00F6C
:105FD000610506C697B0FE1FE780C0CF05478D4715
:105FE0006305E5121C4481CB58589947630F07108D
:105FF000185C630C071013060004814517E5FE1FAB
:10600000130545DD97B0FE1FE78000C313060004AB
:10601000A28517E5FE1F1305E5DB97B0FE1FE7809D
:10602000C0BD97E7FE1F83D7A7DB17E7FE1F130747
:1060300067DA99E79307001097E6FE1F2392F6DAD6
:1060400097E7FE1F83C7E7D991E7854797E6FE1FCD
:106050002389F6D897E7FE1F83D7C7D891E7ED4786
:1060600097E6FE1F2390F6D897E7FE1F83C777D7E2
:1060700091E7954797E6FE1FA385F6D697E7FE1FA3
:1060800083C767D691E7854797E6FE1F238DF6D431
:1060900097E7FE1F83C737D599E78347F70097E651
:1060A000FE1FA382F6D497E7FE1F83C7F7D381CFE5
:1060B00093F63700898317E6FE1F230BD6D497E6A5
:1060C000FE1FA387F6D497E7FE1F83C7E7D191E7AA
:1060D000D54797E6FE1F2389F6D08347640199E7E9
:1060E0009307C00397E6FE1F2381F6D01C5791C784
:1060F000829797E7FE1F2397A7C8FD5717E7FE1F54
:10610000A30CF7F2EFF09FD28147B24022443E85C4
:106110004101828089473E85828001114EC697E900
:10612000FE1F9389E9CF83A7090006CE22CC26CA99
:106130004AC852C4829713090064B335250303DAB1
:1061400089008146528633052503EF40100D97E7FD
:10615000FE1F9387A7C2804FAA840145630694025D
:1061600033858440636E940003A5490052868146BE
:10617000B335A9023305A902EF40300A018D2695F7
:1061800097E7FE1F23A897C0F2406244D2444249D9
:10619000B249224A0561828097E7FE1F938787C331
:1061A000985739CB411122C426C206C6BE84029735
:1061B00017E7FE1F035707BD2A8415CBBA87637301
:1061C000A700AA87C207C183BA866373E400A286C8
:1061D000C206C182958F5147635BF700DC5491C3BF
:1061E0008297EF10405D97E7FE1F239D87B8B2406E
:1061F0002244924441018280828097E7FE1F23ABB4
:1062000007C297E7FE1F9387E7BCDC57011106CE54
:10621000AA8581C72AC68297B245CDC19C41054552
:10622000D9CBDC41C9CB83D78500D1C783D7A500A3
:10623000D9C3514617E5FE1F130585BE97B0FE1F53
:10624000E780A09B97E7FE1F238207BE97E7FE1F0C
:10625000938707BD9C4317E7FE1F2327F7B697E7F1
:10626000FE1F83C797B88DE79307805717E5FE1F7A
:10627000035585BB3305F50237460F001306062488
:1062800081468145EF40607997E7FE1FA38FA7B451
:1062900017E7FE1F034777B5A54763E7E700A94760
:1062A00017E7FE1FA303F7B417050000130525E742
:1062B000EFF03FB30145F2400561828097E7FE1F92
:1062C00023AC07AC97B7FE1F938767DD17E7FE1F68
:1062D0002328F7B47D5797E7FE1F23A5E7B4B787B8
:1062E0003200938727A197E6FE1F23AFF6B297E708
:1062F000FE1F238D07B2B7C7004023A4E726B9B716
:10630000011122CC17E4FE1F1304C4AC084406CECE
:1063100026CA4AC801E90545F2406244D2444249CE
:10632000056182805C58E5DB185C75D77000854597
:1063300082971844B247E300F7FE9305E00417E59F
:10634000FE1F0355E5A997B0FE1FE780E04317E75E
:10635000FE1F2325A7A461D117E6FE1F035646A8FA
:106360009305F00F97B0FE1FE780008D814417E979
:10637000FE1F1309A9A097E7FE1F83C787A6032660
:10638000090263C1F402328597B0FE1FE780E04E38
:10639000014597E7FE1F23A307A097E7FE1F23A150
:1063A00007A09DBF97E5FE1F83D585A3B387950200
:1063B0000844185C898185043E9508C2029765BF30
:1063C000C167F9176313F50041A3411106C6EF0039
:1063D000D00111E15D45B2404101828039714ED654
:1063E00056D25AD006DE22DC26DA4AD852D4AA8AFD
:1063F0002E8BB28959EB36C6EFF09FFC9145812B6D
:10640000AA844D4925C9B246054A23803401054472
:10641000630A0B00B68513851400029B050513144F
:1064200005014180E20993D9894163D30902C1453D
:106430005685EF00007D65491DE533868400A28501
:106440002685EF00007F2A8919ED3104420441803E
:1064500091472C085685231CF10026CE231D810070
:10646000252D2A8901C963070A00268597B0FE1FDA
:10647000E780A040F25062544A85D2544259B25942
:10648000225A925A025B21618280BA84014AB5BFC6
:10649000011106CE2EC6112F01C9B245F240035597
:1064A000250005616F009038F24049450561828002
:1064B00097E7FE1F93874798884B828097E7FE1FD8
:1064C00093878797DC4B8843828097E7FE1F9387EB
:1064D000A796D84B1C4385071CC317E5FE1F034531
:1064E000D5959307F00F6305F50091656FF06FD3B5
:1064F0008280C1671387E7FF6394E5029387C184B5
:106500009C4391EB494582804945B24022449244E4
:1065100002494101828003A30700E30503FE0283D1
:10652000411122C426C24AC006C6FD172A892E84FC
:10653000B2846395F5029387C1849C4391CB9C43BD
:1065400081CB829711E523882185A388918475BF2B
:10655000A6854A85EFF0DFF34DF9F5B72E85752B4B
:1065600045D5834705000D45E39127FB228522444D
:10657000B2400249A685924441016F00302BBD47CD
:10658000638CF50663E9B702A5476387F50663EDFB
:10659000B7009947638CF5049D47638FF5049547D1
:1065A000638CF50401458280B5476387F50463E198
:1065B000B704AD47F5B7DD47638EF50263EAB70070
:1065C000C947638BF502D9476386F502C547C9BF42
:1065D000F5476383F50263E4B700ED47D1B793074E
:1065E0002005638BF5009307200D5DBF4845828031
:1065F000084182800845828048418280011126CA74
:1066000006CEB68422CCDD4663E1B608D94663FDEA
:10661000D50AA5466380D50A63EDB6049546638B1B
:10662000D50899466386D50A054441687D186315E7
:1066300006093AC6EFF0DFD83306854032474206F6
:106640004182420441803305C4004205BA8541813C
:1066500032C6F52CAA8749C181C432462390C400B2
:10666000B30580406244F240D2443E8505616F30FC
:106670003053C5466380D504C9460D44E396D5FA28
:10668000C167FD17E31FF6FA6DB7F5466380D504C1
:1066900063E4B600ED46D5B7930620056388D502BE
:1066A0009306200DE392D5F8C167FD170D446319D9
:1066B000F60041B7094495BF9306200DE393D5F842
:1066C000310642064182B5BF15445DBF0D444DBF42
:1066D000C167FD171D447DB7F2406244D244056195
:1066E0008280411106C6EFF09FE919C5B240410111
:1066F00017B3FE1F67006318B2404101828097E61E
:10670000FE1F83C6B685814763E5D70001473A85FA
:1067100082802E87910503D6C5FFE30AA6FE850772
:10672000E5B717E7FE1F034777838147FD5663E30D
:10673000E70082802310D50023010500850711059D
:10674000FDB7411106C6EFF09FFB11C503452500BB
:10675000B240410182800145E5BF938741859C435A
:1067600099E30145828098470357A700E319A7FEE4
:10677000138547008280411106C6EFF01FFE11C548
:1067800003452500B240410182804145E5BF4111EA
:106790009387418522C4804306C6014731C01C440B
:1067A00083D6A7001C406397A60205CB1CC32E8589
:1067B00081C921469305440097A0FE1FE780E0436E
:1067C000228597B0FE1FE780400B0145B24022446E
:1067D0004101828022873E84D1B723AAF184C1BFC0
:1067E0000545EDB79387C1859C438146B1C703D664
:1067F00047009843631CA602011106CE22CC26CA8C
:106800008DCA98C2AA843E852E8497B0FE1FE78069
:10681000C0062C002685EFF09FF701E519C0B247AE
:106820001CC0F2406244D24405618280BE86BA87B1
:1068300075BF23AEE184F9B70545828093878185D2
:106840009C4317D7FE1F034777712A8605078146A9
:106850003E8583D707006388C700850693076500D8
:10686000E3E8E6FE0145828093874185984319E37A
:10687000014615A81C4703D8A700636B0501835880
:106880004700B38608016355D5008146639416011D
:106890001843F1BF3E86C10703D3A7FF6317A300C8
:1068A00099C123900501328582808506C206C18286
:1068B000F1BF03C72186854763F2E706011122CCA9
:1068C00026CA4AC806CE2A843289AE84EFF01FF762
:1068D00001C9034725009307E00F5D456308F700F2
:1068E000631C0900A6852285EF303031F2406244F6
:1068F000D24442490561828003D504009305E1003A
:1069000023170100EFF05FF60355E100EFF0BFE65B
:10691000AA8505462285252C71D5C9BF5945828097
:10692000C167FD176315F5002E856FF09FDF4111DC
:1069300006C6EFF0DFDC11C5FD572310F50023017B
:106940000500B2404101828003D50186828019058D
:10695000956542054111938535C0418106C697B0C2
:10696000FE1FE78060E211C5B240E95541016F307A
:106970003023B2404101828083D705003147F117AF
:106980003387E70297D7FE1F93874756BA97D843B6
:1069900019EBD8412395A7000145D8C303D725009B
:1069A0002394E70082805945828003D7250061CF78
:1069B00083D60186ED4763E9E60C011122CC2E84D3
:1069C00026CAAA844840914506CEEF30701D8357F1
:1069D0002400AA862300F50083572400A183A30086
:1069E000F500835704002301F50083570400A183B9
:1069F000A301F50003562400C167F91711064206EA
:106A000041826396F4042AC4314532C6EFE0DFCCFC
:106A1000AA85CD471DC5930700F93246A24623003B
:106A2000F500F9572311F50089472302F5002313D8
:106A3000C50014C517D5FE1F0345854AEFE03FD9B1
:106A40008147F2406244D2443E850561828081459F
:106A50002685F92BAA8701E903C721867DD37D17F7
:106A60002381E186F9BF09476302E5021D476301FF
:106A7000E50249476300E5027D47E314E5FC03C7EF
:106A800021868147E1BFED473E858280D14755BFD2
:106A9000914745BF894775B783D705000D47F11763
:106AA000C207C1836361F706DC41B1CF411122C443
:106AB0002E84854526C206C6AA84A12239C526850C
:106AC0002D22C167F917638FF40009ED8357240065
:106AD00091CB835604001947639FE60203D70186D2
:106AE00063FBE70283C72186A285268599C72244D6
:106AF000B240924441016FF05FEB2244B2409244B5
:106B000041016FF07FE7094582805145B240224440
:106B10009244410182806D45D5BF97D7FE1F938770
:106B20002740984317D6FE1F034646438147631507
:106B3000F600814636858280BA861307C7038355DF
:106B400067FCE389A5FE850793F7F70FCDB7011121
:106B500022CC2EC632C406CE2A84EFF01FFC224679
:106B6000B24511E9C167F9176303F4005145F240DA
:106B700062440561828054558347450095C213F7EE
:106B8000270141456314A700154575F2C18B3D45AA
:106B9000F9DF83C7A6010145E3FBB7FC3145C1BF5F
:106BA000C18B0145E9F71545D9B797D7FE1F9387E4
:106BB0002737C166984397D5FE1F83C5253A81477D
:106BC000FD166395F5000146328582800358270043
:106BD0003A866306D80003480700E307A8FE850746
:106BE00093F7F70F1307C703E9BF411106C6EFF08C
:106BF000DFF211C503554501B240410182800145D4
:106C0000E5BFC167F9176304F502411122C406C646
:106C10002E84EFF09FF0AA87014591C703C5470076
:106C2000698C33358000B2402244410182800545A1
:106C300082805D714EDE86C6A2C4A6C2CAC052DC86
:106C400056DA5AD85ED689495DC955CA138B4500B4
:106C5000420B135B0B01AE8A2A8A930530055A85D5
:106C6000B28497B0FE1FE78020B22A84CD4941C983
:106C7000EFF0DF842A895686D285935A8900135A09
:106C80000901937BF90F1305440093FAFA0F137A65
:106C9000FA0F1359890197A0FE1FE780E001A301B5
:106CA000740123015401A300440123002401EFF0E7
:106CB0003F80AA854146080897A0FE1FE780C0FFD5
:106CC000214734005A86A28508087522AA891DE149
:106CD00021462C0023807401A380540123814401A8
:106CE000A38124011385440097A0FE1FE780C0FC08
:106CF000EFF0AFFD228597B0FE1FE78000B8B640E9
:106D000026444E8596440649F259625AD25A425B4D
:106D1000B25B616182808147C1463307F500B38869
:106D2000F5000347070083C808003308F60085070D
:106D3000334717012300E800E391D7FE8280014723
:106D4000BD471308F00F3306F50083460600B388ED
:106D5000F500FD178606558F2380E80003470600DF
:106D600093F7F70F1D83E39007FF82808147930815
:106D700000F8414893F6F70F3387F50063FCC6002F
:106D8000B306F50083C606002300D7008507E3930A
:106D900007FF82806395C60023001701C5BF23004B
:106DA0000700EDB701114AC856C22E89AA8A930579
:106DB0003005414506CE22CC26CA4EC652C4328A80
:106DC00097B0FE1FE780409CAA849305300541459B
:106DD00097B0FE1FE780409B2A84CD49BDC029CDD6
:106DE0004146814597A0FE1FE78000E52686A285E3
:106DF0005685352BAA8929E18387040063D30706CA
:106E0000A2852685EFF0BFF34A869765000093853B
:106E1000A52D2285EFF03FF08307090063D8070412
:106E2000A2854A85EFF0BFF15286976500009385F1
:106E3000A52B2285EFF03FEE268597B0FE1FE78059
:106E4000C0A311C4228597B0FE1FE78000A3F240C3
:106E500062444E85D2444249B249224A924A05616F
:106E60008280CA852685EFF09FED7DB7D2854A8561
:106E7000EFF0FFECD1B739715AD05ECE2A8BAE8BD2
:106E800041459305300506DE26DA52D456D262CC4F
:106E900066CA6AC8368C328DBA8C22DC4AD84ED685
:106EA00097B0FE1FE780408EAA8A930530054145C2
:106EB00097B0FE1FE780408D2A8ACD44638E0A0872
:106EC00059C52A86D6855A85EFF0DFEDAA8441E1BF
:106ED00093053005414597B0FE1FE780E08A2A8977
:106EE00093053005414597B0FE1FE780E089AA89E8
:106EF0006308090E6304050E1304FD001184137664
:106F0000FD0049C07D144204418035EE1315440054
:106F10004E86D6855E95EFF01FE0414681454A8555
:106F200097A0FE1FE78040D1014D93170D01C1834B
:106F300063F38708BDC04A8597B0FE1FE780E093E2
:106F4000638709004E8597B0FE1FE7800093568542
:106F500097B0FE1FE780609263070A00528597B0E2
:106F6000FE1FE7808091F250625426854259D25428
:106F7000B259225A925A025BF24B624CD24C424DA9
:106F8000216182800144131544008A855E95EFF0EB
:106F9000FFDD4E86D2850A85BDBF93154D000A865A
:106FA000DE954A85EFF03FD74A868A855A85412685
:106FB000AA84050D9DBFC1F00A86CE854A85EFF0F3
:106FC0009FD54A868A855A859D26AA846686CA8563
:106FD000628597A0FE1FE78040C2B1BFCD44A1BF2C
:106FE000CD44B9BF011122CC2A84194506CE2EC644
:106FF000EFE08FEE05C98567938717F92310F50039
:10700000854723018500A301F500B2456244F240A3
:107010002312B500AA8517D5FE1F0345A5F3056108
:107020006FE0EFFAF2406244056182806F30A01594
:107030006F30201C17D7FE1F034777F39547630B6C
:10704000F70097D7FE1F938727F283C777000D4776
:10705000631FF70097D7FE1F83C797F1639D071043
:107060009307601017D7FE1F2314F7F08280411199
:1070700097D7FE1F938707FF194522C426C2E05FFA
:1070800006C64AC0312D97D7FE1F9387A7ED9443BC
:1070900037C7898E130767ED98C637575500130712
:1070A0005755D8C2034724029306F00FBE846307E6
:1070B000D700FD57A300E4022301F40203451402A4
:1070C00089476303F500014517D9FE1F130949ECF1
:1070D0000327090001469305F00F5C4393E717006F
:1070E0005CC3930710FA2305F400994717D7FE1FD6
:1070F000A30FF7E697D7FE1F238807E697D7FE1F53
:10710000238607E6E52697D7FE1F9387A7ED9443CE
:10711000DC56F59BDCD69C40034794001376F707BA
:107120009843137707F8518F98C398431377F7CF95
:1071300098C398431377F7CF1367072098C39C46EB
:1071400037073300B240D98F032709009CC6B70721
:107150000300938787153CCB97D7FE1FA38807E0D2
:1071600097D7FE1FA38207E0224485471CC39244A1
:10717000024941018280828017D7FE1F130747DE34
:107180001C439306001094C301000100010001009C
:107190001C4323A007008346150003482500A206D0
:1071A0004208C29603480500C296034835006208AB
:1071B000C29694D78346550003486500A20642084C
:1071C000C29603484500C296034875006208C296FD
:1071D000D4D7834695000348A500A2064208C2966C
:1071E00003488500C2960348B5006208C29694DB46
:1071F0008346D5000348E500A2064208C29603482C
:10720000C5000345F500C2966205AA96D4DB83C685
:10721000150003C52500A2064205AA9603C5050070
:10722000AA9603C535006205AA9694CF83C6550079
:1072300003C56500A2064205AA9603C54500AA96A5
:1072400003C575006205AA96D4CF83C6950003C511
:10725000A500A2064205AA9603C58500AA9603C505
:10726000B5006205AA9694D383C6D50003C5E50090
:10727000A2064205AA9603C5C50083C5F500AA96D5
:10728000E205AE96D4D3D443F59AD4C3D44393E65F
:107290001600D4C3944393E6160094C3BA8794436C
:1072A000D842058B59E3984E01452300E6009843E8
:1072B000184F2183A300E6009843184F4183230110
:1072C000E6009843184F6183A301E6009C43D84F22
:1072D0002302E600D84F2183A302E600D84F418362
:1072E0002303E600D84F6183A303E60098532304E9
:1072F000E60098532183A304E600985341832305B5
:10730000E60098536183A305E600D8532306E60000
:10731000D8532183A306E600D85341832307E60010
:10732000DC53E183A307F600828001008DBF0111C9
:1073300022CC2A84354506CE2EC632C4952697D750
:10734000FE1F9387E7C4984322853C4B93E70708C9
:107350003CCB2246B245EFF03FE2F24062440145A9
:107360000561828097D7FE1F9387C7BF9C43B706EE
:107370008000B70500829843FD15558F98C3130709
:10738000F00F98DF13070005D8DBD857B706008049
:10739000558FD8D7D45717D7FE1F0347E7A4131626
:1073A00087011377F703ED8E6607558FD8D761866F
:1073B00017D7FE1F130707C39306A003184363DC08
:1073C000C600744F37060007D18E74CF370702000E
:1073D0001307C72099A09306200263DAC600744FF2
:1073E000370600F97D16F18E37060005F1BFB706A6
:1073F00000F99385F6FF744F6945ED8E6355C5001E
:1074000037060003D1B7B7050001CD8E74CFE35F17
:1074100006FA3707020013070721D8DF984B1377C6
:1074200007FC1367E70098CB37E700E0D147A309D3
:10743000F70497A7FE1F9387A7DE93E717007CD773
:107440008280938741869C4399CB944BD04B984242
:10745000518F98C294439C479842D98F9CC297D72A
:10746000FE1F938727B017D7FE1F034787B017D695
:10747000FE1F1306E6B105489C431307E7091442B3
:10748000631E050388431365050888C3C8468177D2
:10749000FD17E98FDCC60F1000001C42B706020082
:1074A000AD0594C7930600F817D6FE1F2300D6AC8F
:1074B0008A05BA958605ECD3C8C7828088431375C0
:1074C000F5F788C3C8468177FD17E98FDCC60F1032
:1074D00000001C42B7060200A90594C7930600F8F5
:1074E00017D6FE1F2304D6A88E05E1B793874186E1
:1074F0009C4389CFD44303A8870098423367070190
:1075000098C2D447DC4B9842D98F9CC297D7FE1FB4
:10751000938747A505479C439505631EE50298435D
:107520008E051367070898C3984F137707C0136732
:10753000A71398CF13078007A389E7009385C50396
:1075400097D7FE1F23AAB7A211C6060697D7FE1F1C
:1075500023A4C7A28280984392051377F7F798C3B4
:10756000984F137707C01367271398CF1307F007B7
:10757000A389E700E1B7411106C617D7FE1F0347ED
:10758000279FA1476311F70497D7FE1F83C787A0E2
:10759000858B17D6FE1F034616A297D6FE1F83C6FD
:1075A00086A1BDC797D7FE1F9387C7A0C8432DC12B
:1075B000834515000905EF00906011C5854717D771
:1075C000FE1FA307F79A17D7FE1F0347679A99472D
:1075D000631CF70097D7FE1F9387C7A8FC5F83C77C
:1075E000B70095CBEFF01FA517D7FE1F03474798AD
:1075F0009D476312F70297D7FE1F9387A7A683A71D
:10760000070983C7770081CBB24041016F20306901
:10761000814501454DB7B2404101828017D7FE1F19
:10762000130707971C43B44B93F6F68FB4CB9443E0
:1076300093E6860094C39C438D83858B89C70100A4
:1076400001000100010097D7FE1F9387A791944383
:107650009C4293F7F7CF93E707109CC297D7FE1F82
:10766000938747989043B706CEFFFD161C46F58FCB
:107670001CC61C4337070300B8CB938741869C4345
:1076800099CBD44390479842518F98C2944BDC4B8E
:107690009842D98F9CC297D7FE1FA38A078C8280FD
:1076A00097D7FE1F9387C78E9C439C438D8B638324
:1076B00007104111B7E700E04AC003A9070026C23E
:1076C0003707200006C622C4AA843379E90023A024
:1076D000E7180F10000017D7FE1F034757898D4783
:1076E00017D4FE1F13044488631BF70097D7FE1FAF
:1076F0009387478A9C4B01468145454582971947A8
:10770000639CE40497D7FE1F83C7978699CB97D7CE
:10771000FE1F83C7E7856396970097D7FE1FA3894F
:1077200007848347740021476318F700930780108C
:1077300017D7FE1F231EF78297C7FE1F23850768F2
:10774000EFF0DFEDB2402244B7E700E023A02711BD
:1077500092440249410182809D47639FF40097D77C
:10776000FE1F83C7F780D5DF17D7FE1F034747806B
:107770008D47E318F7FA55B783467400630BD700BB
:10778000034774006387E700834774002147E315CC
:10779000F7FA97C7FE1F83C7B77DD9FF83477400E9
:1077A00017C7FE1F2306F77C854717C7FE1FA301D7
:1077B000F77C59B7828017C7FE1F0347577B914755
:1077C0006309F70C97C7FE1F938787799843B7C75C
:1077D000004093870730631EF70A0111354506CE36
:1077E00022CC26CA4AC84EC6EFF09FEB97C9FE1FAF
:1077F000938949771D2AEF10F02CEFF0BFB683A7CD
:10780000090017C9FE1F1309E97DB7063300984325
:1078100097C4FE1F9384C4773704030013670708D7
:1078200098C398431377F7CF98C398431377F7CF4C
:107830001367072098C3032709001C47D58F1CC76F
:107840009C4013078455B8CBEF10F03FEF20701227
:10785000EF109032EF10903B03A709001C4393F701
:10786000F7CF93E707101CC3832609003707CEFF25
:107870007D179C46F2404249F98F9CC69C40B24914
:10788000D244A0CB624497C7FE1FA382076E056156
:1078900082808280B7C700401387073097C6FE1FDB
:1078A00023A0E66C13870720411197C6FE1F23A172
:1078B000E66E9387071037D7004022C497C6FE1F95
:1078C00023A2E67217C4FE1F1304046A17C7FE1F23
:1078D000232AF7688547A303F40097C7FE1F938701
:1078E000674F9C4306C65CD0938707111CD097A7AF
:1078F000FE1F9387479323A4F186EFF0DFEBB7E7F2
:1079000000E0A305040003C7574113670708A38AD3
:10791000E740B24037071000224423A0E7103707A2
:10792000200023A0E7104101828017C7FE1F130724
:10793000674A0307470197C7FE1F938767659C4304
:10794000635A070413074008D8CBF8C3130760072E
:10795000D8CFF8C79306C008D4D31307E006D8D70A
:10796000D4DBD8DF130780072393E700F84BB70673
:107970000080558FF8CB5147F8CB17C7FE1F130770
:10798000A75E5853F8DF7D5798C737071F003D079C
:10799000D8C782801307C00845BF97C7FE1F9387CB
:1079A0006764984317C6FE1F1306C65E97C7FE1F7F
:1079B0009387475B94438347160013F8F707D9C5AD
:1079C00088425C42137505F83365050188C213F5DA
:1079D000150001C993F5050341456386A506938704
:1079E00087C14C574168130808A093E525004CD780
:1079F000B3D50703B70810FEFD18B3F70703FD89D9
:107A0000139545016C43B3F51501C98D6CC39305FE
:107A1000A00F3705FCFFAA07B3D7B7026C43E98D67
:107A2000BA07B983CD8F7CC383470600898B99CB76
:107A30009C4293F7F70713E707049C4293F707F874
:107A4000D98F9CC282809387078361BF5C57F59B67
:107A50005CD79C4293F707F8B3E707019CC2E9B7EC
:107A6000411106C697C7FE1F238D0754EFF01FBBB9
:107A7000B240014541018280411197C7FE1F83C773
:107A8000D74E06C6858B9DC7EFF09FFD97C7FE1F9B
:107A9000A38D074C97C7FE1F238A074C97C7FE1F6D
:107AA0009387474F03A30701014681450545B2402F
:107AB0004101028397C7FE1F9387874D9C43FC5368
:107AC0008DE3EFF0FFF997C7FE1F2381074A97C7A1
:107AD000FE1F9387274C03A30701014681454545B7
:107AE000F9B797C7FE1F9387274883C777000D47CD
:107AF0006317F700854717C7FE1F2306F72CB24010
:107B000041018280411197C7FE1F83C7074626C2E5
:107B100006C622C4858B97C4FE1F93846447F5CBA9
:107B200097C7FE1F2383074497C7FE1F9387874B82
:107B3000984317C5FE1F0345E54517C4FE1F1304F0
:107B400064455C578583858BB1CB504093760503A4
:107B5000C145930786C16394B60093070683C16548
:107B6000938505A0B3D6B702370810FE7D18B3F78A
:107B7000B702FD8A139646017443B3F60601D18E0F
:107B800074C39306A00F3706FCFFAA07B3D7D7022A
:107B90007443F18EBA07B983D58F7CC31185014632
:107BA00097C5FE1F83C5C5400D89EFF03F941705AB
:107BB00000001305050BEFE00FA698408177FD1735
:107BC0005447F58F5CC70F1000009840B7070200BC
:107BD0001CC7930700F817C6FE1F2309F63897C77E
:107BE000FE1F938727389C439C439D83858B99CFA9
:107BF00093076019032304017CD354C701468145D0
:107C000005452244B2409244410102839307E01BA0
:107C1000D5B79C40FC538DE3EFF09FE497C7FE1F60
:107C20002386073497C7FE1F9387C73603A3070130
:107C3000014681454545F1B797C7FE1F9387C73277
:107C400083C777000D476317F700854717C7FE1FE7
:107C5000230BF716B2402244924441018280011165
:107C600097C7FE1F83C7773006CE22CC858B17C7F8
:107C7000FE1F1307672FC9CF3A84EFF07FDE48500D
:107C800097C7FE1FA383072E814581461306F10087
:107C900097C7FE1F238C072C9790FE1FE780E07587
:107CA00093158501E1858DE15C509306F00F03C7C4
:107CB0000700630BD70097C7FE1F83C7B72F6385E5
:107CC000D7006303F700894597C7FE1F9387872C6A
:107CD000038707006347070058508346F1002300DD
:107CE000D7009C4B505093F5F50F0945829797C7E5
:107CF000FE1F83C7E72C898B81CB854517C5FE1FE7
:107D00000345452CEFD0FFD1F240624405618280EB
:107D100097C7FE1F9387C7279C43FC538DE3EFF063
:107D20003FD497C7FE1F2383072497C7FE1F93875F
:107D300067269C4B0146814549458297F1B78347A9
:107D400077000D47E312F7FC854717C7FE1F230C8A
:107D5000F7065DBF797122D452CC56CA06D626D218
:107D60004AD04ECE5AC893070008AA8A2E84328A77
:107D70006319F602BD4497A0FE1FE780C092E3FCA2
:107D8000A4FE97C7FE1F83C787229607C117E3E4A7
:107D9000A7FE97C7FE1F9387A71F9C431307800763
:107DA000F8D317C9FE1F1309E91B032709008145F2
:107DB00097C4FE1F9384C41D5C5797C9FE1F938907
:107DC000691DF19B93E717005CD717C5FE1F03459C
:107DD000751CEFF09FBC8327090097C5FE1F938594
:107DE00065203706330098431377F7CF98C398433D
:107DF0001377F7CF1367072098C398411447D18EA4
:107E000014C794403706030013068625B0CA03A69C
:107E1000890090C703A6C900D0C3DC4293E71700CE
:107E2000DCC25C4393F7F7EF5CC3010001009841AB
:107E300097C9FE1F9389091817CBFE1F130BCB128E
:107E40005C4393E707105CC383C7E90093E727000F
:107E500017C7FE1F2307F7169307FAFF93F7F70FCD
:107E600005476369F70C03250B022286D68523009C
:107E70004501A300850009059790FE1FE780E0D724
:107E800003270B029C4093150401C181B8DF17C77B
:107E9000FE1F230C070C17C7FE1FA308070C17C7EC
:107EA000FE1F2305070C0D4797C6FE1FA381E60C96
:107EB00013070008631EEA08F8537DFF97C7FE1FEB
:107EC000938787F09C432EC6829703A78900B2450B
:107ED0006368E506198D83270B02370480000D8146
:107EE0001307F42F6205598D88C317C5FE1F03457C
:107EF000650A11850D89EFF0CFD4832709009843D7
:107F0000418F98C3D857719BD8D797C7FE1FA38FAF
:107F1000070497C7FE1FA38907049C40094798C31D
:107F2000B250225492540259F249624AD24A424B08
:107F30004561828093070008E314FAF4094489B785
:107F400097C7FE1F9387C7EDDC43998F3E9561B7B6
:107F500017C5FE1F0345050411850D89EFF06FCE8F
:107F600083270900B7068000171500001305451088
:107F70009843558F98C3D857719BD8D7EFD0BFE996
:107F800097C7FE1F238E070297C7FE1FA38007FE19
:107F900097C7FE1FA38A07FC9C40094798C383C765
:107FA000C90093F7F70FE5DFA5BF1C49638D0718DC
:107FB000411122C406C626C2834705002A8493F7CE
:107FC000070489C75C410945638E07101306000248
:107FD000814517C5FE1F1305E5FB9790FE1FE7803F
:107FE000A0C513060002A28517C5FE1F130585FA5A
:107FF0009790FE1FE78060C097C7FE1F83C717FBDF
:1080000097C4FE1F938404F999E79307800217C76A
:10801000FE1FA30DF7F897C7FE1F83C747F991E727
:10802000A14717C7FE1F2304F7F897C7FE1F83C792
:1080300017F891E7C54717C7FE1FA30AF7F697C7BA
:10804000FE1F83C7E7F691E7ED5717C7FE1F230111
:10805000F7F697C7FE1F83C7B7F591E7ED5717C728
:10806000FE1FA307F7F48347040093F7070491CF9B
:10807000DC4037B724001307F7E9636AF706930774
:10808000500217C7FE1FA307F7F097C7FE1F93877D
:1080900067F2C84309C59790FE1FE780007E97C727
:1080A000FE1F23AB07F083C70400858B85C317C56C
:1080B000FE1F0345F5EF9305900409059790FE1FF9
:1080C000E780806C97C7FE1F23A8A7EE83C7140024
:1080D000014517C7FE1FA306F7EE9C4417C7FE1FF6
:1080E0002324F7EEB24022449244410182803707B4
:1080F00025009306F74863EDF6003767DBFF1307AB
:108100000793BA971307007DB3D7E702FD1795BF12
:10811000130707496395E700930760029DB737D7B8
:1081200025001307F777636DF7003767DBFF130749
:108130000793BA971307007DB3D7E702F91791B7F2
:10814000930770023DBF05458280797126D297C49E
:10815000FE1F938424E49C4406D622D44AD04ECEFB
:1081600052CC56CA5AC85EC662C46388072417C771
:10817000FE1F0347D7DF9547AA8B17CAFE1F130AB6
:10818000AADE0945630EF71E0D452E84328B368C10
:10819000EFF00FD197C7FE1F83C787E2898B97CA7D
:1081A000FE1F938A2AE185CB3D499790FE1FE78009
:1081B000804FE37CA9FE97C7FE1F83C747DF960762
:1081C000C117E3E4A7FE97C7FE1F938767DC9C43B4
:1081D00013078007F8D397C9FE1F9389A9D803A76F
:1081E00009005C57F19B93E717005CD783C7CA006F
:1081F000898B99E783C7040093F70704639E0718E8
:10820000814517C5FE1F0345F5D8EFF00FF983A789
:10821000090097C5FE1F9385E5DC370633009843B8
:1082200017C9FE1F1309C9D61377F7CF98C3984310
:108230001377F7CF1367072098C398411447D18E5F
:1082400014C7832609003706030013068625B0CA23
:10825000904490C7D044D0C383C7040013F61700DE
:10826000DC42F99BD18FDCC25C4393F7F7EF5CC330
:108270000100010098415C4393E707105CC383C78A
:10828000EA0093E7270017C7FE1F230CF7D297C712
:10829000FE1F238167D397C7FE1FA38D87D16380FD
:1082A0000B1003250A022286DE8523006501A30048
:1082B000850009059790FE1FE780209483270A0216
:1082C000032709003CDF97C7FE1F238007CA97C713
:1082D000FE1FA38C07C897C7FE1F238907C88D47B9
:1082E00097C6FE1FA385F6C883C7CA00898B9DCB9E
:1082F0007C53FDFF97C7FE1F938707AD9C43829772
:1083000003A78A006363E50A198D83270A0209041B
:108310001374F40FA38087000D81A29723800700B8
:10832000A380A70017C5FE1F0345C5C611850D898B
:10833000A285EFF00F9183C7040017F5FFFF130527
:10834000A57C858B89E717F5FFFF13052573EFD013
:108350009FAC83A70900B706800001459843558F5D
:1083600098C3D857719BD8D797C7FE1FA38007C063
:1083700097C7FE1FA38A07BE83270900094798C332
:10838000B250225492540259F249624AD24A424BA4
:10839000B24B224C456182808945C840BDB58327D8
:1083A0000A02014423A0670111BF97C7FE1F9387EC
:1083B00027A7DC43998F3E9589BF0545D1B77971D1
:1083C000B7E700E026D284433707200006D622D440
:1083D0004AD04ECE52CC56CAF98C23A0E7180F10C3
:1083E000000017C4FE1F1304E4BA184409EF23A0C9
:1083F00097100545B250225492540259F249624AEC
:10840000D24A4561828017C7FE1F1307A7C50327FD
:10841000470A09C723A097100945E9BF834704000D
:10842000328AB689858B2E86AA8ABDC717C9FE1FD8
:10843000130949B88327490095E317C5FE1F034573
:1084400035B72EC60905930590049790FE1FE78067
:10845000A033324697C7FE1F23A0A7B68327490043
:1084600099E7B7E700E023A097100D4561B717C75C
:10847000FE1F034747B42380E70083274900638F2B
:108480000A0429CEA380C70003254900D685090523
:108490009780FE1FE780607617C7FE1F034737AD42
:1084A0009547630CF70097C7FE1F83C767AC194752
:1084B0006385E7000D476396E70297C7FE1F83C7F2
:1084C00037AB99E79307801017C7FE1F2312F7AA4F
:1084D000B7E700E023A09710014529BFA38007005C
:1084E00065BF17C9FE1F1309A9AA8327090098436E
:1084F0000D8B0DC717C7FE1F2307078CB84B1377CB
:10850000F78FB8CB98431367870098C39C438D833C
:10851000858B89C701000100010001008327090044
:108520003707020097CAFE1F938ACAA823A207062C
:1085300098C797C7FE1F238B07A297C7FE1F83C745
:1085400027A8918B89EB97C5FE1F83C5A5A493F738
:108550000504639C0712814517C5FE1F034595A3BB
:10856000EFF0AFC317C5FE1F0345C5A21185014635
:1085700097C5FE1F83C5C5A30D89EFE03FF717C759
:10858000FE1F1307279E14441C4394C75444D4C3AE
:1085900083260900834704003A8413F61700DC425F
:1085A000F99BD18FDCC283A74A00BCDE97C7FE1FB0
:1085B000A38347A197C7FE1F238F379F83C7EA0076
:1085C00093E7470097C6FE1F238DF69E930700048E
:1085D00097C6FE1F238AF69897C7FE1F2388079821
:1085E000A14797C6FE1FA384F69897B7FE1F9387EF
:1085F000677E9C5791CB13060064C14517C5FE1FCB
:108600000345459CEFD06FCB832709001705000079
:1086100013052533DC43858B89E717050000130517
:10862000C507EFD04FFF184097C6FE1F9386869B65
:10863000370633001C4393F7F7CF1CC31C4393F753
:10864000F7CF93E707201CC39C429847518F03261E
:10865000090098C7370703001307871538CA17C7DB
:10866000FE1FA305079017C7FE1FA30F078E054720
:1086700018C2D8431377F7EFD8C30100010098421E
:108680005C4393E707105CC3A1B593F5050393E53D
:1086900015004840F1B5011197C7FE1F83C7D78C5D
:1086A00006CE22CC26CA4AC8858B17C7FE1F1307E1
:1086B000A78B6386072497C7FE1FA387078A3A8480
:1086C000A30701004453EFF0AFB997C7FE1F83C75C
:1086D000278F918B97C6FE1F9386C68D17C9FE1FE5
:1086E0001309498B638A071A83C71400A69703C727
:1086F000070093070008631AF7008347090093E710
:10870000870017C7FE1F2307F7885C4C0D47637F60
:10871000F710F11717C7FE1F2326F7865C4C984603
:1087200063EDE7103387E74083C7140003C6C60034
:10873000A69783C71700620661868E0763500612EC
:1087400063F4E7101D8F9306000263EBE600584CBC
:10875000636FF70EB307F74017C7FE1F2320F78696
:10876000894517C5FE1F0345E585EFD08FAB8347CD
:108770000900A18B638D071097C7FE1F9387478160
:1087800094439307800C1307F00FFCD21C5037065C
:108790003300014598C397B7FE1F2388077C97B71E
:1087A000FE1FA384077C97B7FE1F2381077C97B722
:1087B000FE1FA38D077A97B7FE1F9387A77A98436A
:1087C0001C4393F7F7CF1CC31C4393F7F7CF93E7F2
:1087D00007201CC397C7FE1F9387C780984397B590
:1087E000FE1F83C5257B91851C478D89D18F1CC7B2
:1087F000B707030093878725BCCA05469790FE1FDD
:10880000E780C0C883470900DD9B17B7FE1F23031D
:10881000F77897B6FE1F83C6067A17B6FE1F034683
:10882000967981450145EFF09FB9E1A017B7FE1F8A
:108830001307075F5843BA97E9BD17B6FE1F130623
:10884000265E5042B297F9BD3387E740EDBD97B63B
:10885000FE1F9386E65CD4423697EDBD584C6361AB
:10886000F702B307F74017B7FE1F2329F77483C732
:10887000C60093E7070817B7FE1F2303F774CDB5AB
:1088800017B6FE1F1306C65950423297D9BF83C789
:108890001400F917A380F40048508146814513065F
:1088A000F1009790FE1FE78040B55C50931585015D
:1088B0009306F00F03C70700E185630CD70097B755
:1088C000FE1F83C7576F6386D7006304F70093E5E5
:1088D00025008307090063C7070089E58347F10086
:1088E0002380F40083270901505093F5F50F0D45BF
:1088F0008297F2406244D24442490561828097B730
:10890000FE1F9387E7689C43FC5399EFEFF04F9568
:1089100097B7FE1F9387074C9C5BE38C07EE85455A
:10892000130510088297F5B5834777002147E312B6
:10893000F7FC854717B7FE1F2307F7485DBF79711E
:1089400097B7FE1F83C7476206D622D426D24AD0E5
:108950004ECE52CC858B17B7FE1F1307E76063849A
:1089600007260329470281461306F10081454A85FF
:108970003A84A307010097B7FE1F2387075E9790ED
:10898000FE1FE78080A7131A8501135A8A416312DC
:108990000A0297B7FE1F83C717629306F00F638A18
:1089A000D7005850034707006305D7006303F7005B
:1089B000094A97B4FE1F9384E45D8387040097B946
:1089C000FE1F9389295F63C6071463160A14834741
:1089D000F1002300F90083C7C900918BD1CB5C4C17
:1089E0000D47637DF716F11717B7FE1F232CF758B5
:1089F0005C4C03A7890063EAE7163387E7408347A7
:108A0000190083C6C900CA9783C71700E206E1862A
:108A10008E0763DD061663F1E7161D8F93060002CD
:108A200063EBE600584C636CF714B307F74017B7D5
:108A3000FE1F2325F758894517B5FE1F03458558A6
:108A4000EFC03FFE834719003307F9008346070054
:108A5000130700086395E6161C501307F00F98C320
:108A600083C7040093E7870017B7FE1F2304F7525C
:108A700097B7FE1F9387075798435C578583858B6D
:108A8000A1C3DC40C165938505A0B3D6B702370505
:108A900010FE7D15B3F7B702FD8A139646017443A5
:108AA000E98ED18E74C39306A00F3706FCFFAA0788
:108AB000B3D7D7027443F18EBA07B983D58F7CC37D
:108AC00083A7490017B5FE1F0345C54C118583C513
:108AD00017000D89EFE0FF961705000013056513D9
:108AE000EFD06FB397B7FE1F9387C7479C43B70676
:108AF00080009843558F98C3D857719BD8D783C7A8
:108B00000400A18BA1E79C48505081450D458297F8
:108B100035A8E3020AECEFE07FB09C4850500D45C9
:108B20009375FA0F829703A5490017B6FE1F0346F7
:108B3000964897B6FE1F83C6064809C583451500AB
:108B4000090519A081450145EFF07F87B2502254F5
:108B500092540259F249624A4561828017B7FE1F5A
:108B60001307072C5843BA97BDBD97B6FE1F9386CF
:108B7000262BD442B69751B53387E74045B597B613
:108B8000FE1F9386E629D442369745B5584C63615B
:108B9000F702B307F74017B7FE1F2321F74283C739
:108BA000C90093E7070817B7FE1F230BF74061B50D
:108BB00097B6FE1F9386C626D4423697D9BFF917BB
:108BC000A300F90075B597B7FE1F9387673C9C43D8
:108BD000FC539DE3EFE0DFE897B7FE1F9387871F05
:108BE0009C5B89C7894513051008829797B7FE1FBC
:108BF0009387473CC84315BF834777002147E31756
:108C0000F7F4854717B7FE1F230FF71A81B74111F5
:108C100097B7FE1F83C7573506C622C4858B8DCBF9
:108C200097B7FE1FA3820734EFE09FE397B7FE1FBD
:108C30009387473603C707003E84218B21E703A3B0
:108C400007010146814511452244B240410102839A
:108C500097B7FE1F9387C7339C43FC53ADE797B785
:108C6000FE1F2385073097B7FE1F9387A73203C7E0
:108C700007003E84218B19E703A3070101468145C4
:108C80005145D9B797B7FE1F9387C732C84317B668
:108C9000FE1F0346563297B6FE1F83C6C6310DC16E
:108CA000834515000905EFF08FF183470400DD9B34
:108CB00017B7FE1F2300F72EB240224441018280E5
:108CC00081450145CDB7854717B7FE1F230DF70E28
:108CD000E5B74111B7E700E022C480433707200021
:108CE00006C6798C23A0E7180F10000097B7FE1F67
:108CF0002389072C97B7FE1F9387C72BC84309C545
:108D00009790FE1FE78060B797B7FE1F23A6072A3C
:108D100017B7FE1F0347D72597B7FE1F9387C724B2
:108D200001CF97B6FE1F83C6A62421476396E600AF
:108D300017B7FE1FA30E072203C777009946638764
:108D4000E60003C777009D46639DE60083C7770072
:108D500017B7FE1F230EF720854717B7FE1FA3097D
:108D6000F720EFE0BF8BC14517B5FE1F03458525F2
:108D700097B7FE1F23890704EFC0DFEAB7E700E0DB
:108D800023A08710B2402244014541018280411155
:108D900006C622C426C217B4FE1F1304A421EFF096
:108DA0005FF38347F400A14517B5FE1F03458521F6
:108DB00017B7FE1FA300F71E5C4897B4FE1F9384ED
:108DC000641D17B7FE1F232BF71CEFC0BFE59145AD
:108DD00017B5FE1F0345051FEFC0DFE48347C4003E
:108DE000898B9DC39C4801468145130520028297CB
:108DF0002244B240924497B7FE1F2383071C894543
:108E0000014541016FC0DFFF8347C400918BEDD363
:108E10009C480146814513054002D1BF97B7FE1F0C
:108E200083C7071A898B638C0712011152C406CEBF
:108E300022CC26CA4AC84EC656C25AC017B7FE1F11
:108E40000347F7128D4717BAFE1F130AEA1191451F
:108E50006300F70C354501798569EFE07F84A14413
:108E600017B4FE1F1304C4127D19938929F9130640
:108E7000000881450145EFE0FFEDB70A0200130B42
:108E800000F883472A00858B8DE31C40FC53F5FBDB
:108E9000FD14F1FC6244F240D2444249B249224AF4
:108EA000924A024B05616FF09FEE17B5FE1F034516
:108EB000650E118501469305F00F0D8997B7FE1FCA
:108EC0002385070AEFE08FE297B5FE1F83C5850C67
:108ED00091851306F00F8D8905459780FE1FE78069
:108EE000E05A83473A00858BB9C397B7FE1FA38E1C
:108EF0000706EFE0FFB697B7FE1F9387A70B83C760
:108F0000C700854593E7070817B7FE1F230AF70A2E
:108F10006244F240D2444249B249224A924A024B48
:108F200017B5FE1F0345050A05616FC09FAFEFE04F
:108F30003FB31C40D847B3762701D4C70F100000B9
:108F40001C4023A4570197B6FE1F2381660323A26A
:108F50003707D8C71C40FC538DDB0100E5BF82807A
:108F6000411122C406C693F715002E84A1CB97B7F2
:108F7000FE1F83C7E704898B85CF97B7FE1F9387B2
:108F8000670383C7C70017B5FE1F0345A503130674
:108F90000005E207E18763DA070017B6FE1F034604
:108FA000F6009307000A3306F6029145EFC0FFB0C2
:108FB00013451400B24022444101828093F72500FA
:108FC000B9C797B7FE1F83C7A7FF918B95CF97B7F8
:108FD000FE1F938727FE83C7C70017B5FE1F0345F3
:108FE00065FE1306000AE207E18763DC070017B697
:108FF000FE1F0346B6FB9307000A3306F60213066C
:109000008602A145EFC07FAB1345240065B793F7F7
:10901000450091C7EFF09FE01345440061BF93F70F
:10902000850081CF97B7FE1F83C787F9918B99C3BE
:10903000EFF0FFD513458400B5BF93F70501014557
:10904000B5DBEFD06F9517B7FE1F034757F2A14767
:10905000631BF70013060064C14517B5FE1F0345E7
:1090600065F6EFC09FA513450401A9B7411197B755
:10907000FE1F83C787EF06C622C426C2858B638482
:10908000071E17B5FE1F0345E5F011850146930540
:1090900000020D8997B7FE1F238907ECEFE00FC58B
:1090A00097B5FE1F83C505EF91851306F00F8D89D7
:1090B000054597B4FE1F938424EB9780FE1FE7803D
:1090C000E03C83C73400858B638F0718C85097B77F
:1090D000FE1FA38C07E881460146814597B7FE1F16
:1090E000238507E89780FE1FE7802031631D051662
:1090F000C0509547034724006317F716194697B5E4
:10910000FE1F9385A5CE130594009780FE1FE78070
:10911000C0B585476319F5149C501947814598C31C
:1091200017B5FE1F034505E711850D89EFE06FB107
:1091300097B5FE1F83C505E6918501468D890D45CE
:109140009780FE1FE780803483C72400858B638C63
:10915000071097B7FE1F238A07E097B7FE1F938774
:10916000A7C69C43829797B7FE1F23A9A7E4EFF0F9
:109170005FB697B7FE1FA38F07E097B7FE1FA381C7
:1091800007E4834734018146814517B7FE1FA30FCB
:10919000F7E0834744011305000217B7FE1F2308B9
:1091A000F7E08347540117B7FE1FA302F7E0034718
:1091B00004018347F40022075D8F83471401C2072F
:1091C0005D8F83472401E207D98F17B7FE1F23273E
:1091D000F7DC034774018347640122075D8F8347EF
:1091E0008401C2075D8F83479401E207D98F17B7C7
:1091F000FE1F232BF7DA17B7FE1FA30507DC014775
:1092000033D6D700058A09C605071377F70F8545BA
:109210008506E397A6FE89C597B7FE1FA384E7DA04
:109220008347A40193053400194617B7FE1F230F87
:10923000F7D617B5FE1F1305A5D9894717B7FE1F27
:109240002300F7D89780FE1FE780209B2244B2407E
:10925000924417B5FE1F0345E5D6130680029145DB
:1092600041016FC09F85EFE06FBBB2402244FD57C4
:1092700017B7FE1F2306F7D49244410182804111A3
:1092800006C622C4EFE00FE113064002814517B580
:10929000FE1F130525D29780FE1FE780E09917B4C3
:1092A000FE1F130424D1FD5717050000130585CBBD
:1092B0001CC0EFC0BFCB2308A400B240224401452C
:1092C0004101828097B7FE1F9387C7D19C43130744
:1092D0000048B70600F998D7D85FFD16758FB70616
:1092E0000002558FD8DFD85FB70600400E070D8308
:1092F000558FD8DFF84BC576FD16419B1367970055
:10930000F8CBD85F758F9566558FD8DF985B9D66D3
:109310001367077098DB985B558F98DB985BB706EF
:109320000700558F98DB985BB7060090FD16758F88
:10933000B7060010558F98DBF847B706F9FFFD1602
:10934000619BF8C7F84F758FF8CFF84FB70690FFBD
:10935000FD16758FF8CF17B7FE1F0347E7A81377E1
:10936000070C19C7B847B7060080558FB8C7828069
:10937000B84706070583DDBF17B7FE1F130787C66B
:109380001C4341767D16B44BF18EB4CB944737061F
:109390002000D18E94C7D44793E60601D4C7D447A2
:1093A000BD9AD4C701000100010001001443056605
:1093B000DC4693E70701DCC6DC42D18FDCC297B7FD
:1093C000FE1F9387E7BC9043930740067CD27C52F4
:1093D00091C783A7C609A183858BF5DB0100010036
:1093E000010001001C43416603A7C709B44BD18E9D
:1093F000B4CB9376F701B84B019B558FB8CB984708
:10940000B706E0FFFD16758F98C7828097B7FE1FDD
:10941000938747BD9C4341777D17B44F4166F98ED2
:10942000B4CF9447D18E94C7D44793F6F6EFD4C700
:10943000D443758FD8C3D44793E60610D4C7D84316
:10944000518FD8C38280397122DC17B4FE1F1304F8
:1094500064B91C4006DE26DA4AD84ED652D456D21B
:109460005AD05ECE62CC66CA6AC86EC6D843FD7654
:10947000FD161377F7EFD8C39857758F98D7D8573D
:10948000B70602003D9BD8D79847558F98C7D84359
:1094900013670701D8C317B7FE1F130727B4144378
:1094A0003757341213078767E38FE64AD84381742E
:1094B0009384F40F799BD8C3985FB166938606F0C6
:1094C000658F558F98DFD84313671700D8C39780EF
:1094D000FE1FE780C0271C4003A707091377F70387
:1094E0002386E18603A7470929831377F707A38615
:1094F000E186D843B96693860670799BD8C3985F96
:10950000658F558F98DFD84313671700D8C39780AE
:10951000FE1FE780C0231C4003A707091377F7034A
:1095200097B6FE1FA382E6AC03A7470929831377EA
:10953000F70797B6FE1F2385E6AAD843B56693863C
:109540000630799BD8C3985F658F558F98DFD843D5
:1095500013671700D8C39780FE1FE780401F18408D
:109560008327070993F7F70397B6FE1F238EF6A606
:1095700083274709A98393F7F70717B7FE1F230D22
:10958000F7A41C4017BCFE1F034C0CA683C6C18663
:1095900003A7070AB386864113F6F600419B518F55
:1095A00023A0E70A130760023387E602130670025E
:1095B00083A5070A7D7E130EFE0F93F5F5F01305C4
:1095C000400245737D13130430023347C702B708C6
:1095D000F1FFFD1813082002930E10027D4FF94F82
:1095E000F542F1436D4DD14B454BBD443949314AAC
:1095F000AD4AB5493D8B12074D8F9305500223A00C
:10960000E70A3387B60283A5070AB3F5C5013347D6
:10961000C7023D8B22074D8F23A0E70A3387A6029E
:1096200083A5070A370500F17D15B3F565003347BB
:10963000C7023D8B32074D8F23A0E70A338786028E
:1096400083A5070A6144B3F515013347C7023D8B73
:1096500042074D8F23A0E70A3387060383A5070A35
:10966000370810FF7D18B3F505013347C7023D8B5E
:1096700052074D8F23A0E70A3387D60383A5070A35
:10968000B70E0010FD1EE98D3347C7023D8B620700
:109690004D8F23A0E70A139756003347C70293154F
:1096A000C70103A7070A3377D7014D8F23A0E70A25
:1096B0003387E6035D4F3347C7029375F70003A76F
:1096C000470A419B4D8F23A2E70A3387F60383A500
:1096D000470AD94F93F5F5F03347C7023D8B120780
:1096E0004D8F23A2E70A3387560283A5470AD54246
:1096F000B3F5C5013347C7023D8B22074D8F23A227
:10970000E70A3387760283A5470ACD43B3F56500A0
:109710003347C7023D8B32074D8F23A2E70A3387B9
:10972000A60383A5470A494DB3F515013347C70280
:109730003D8B42074D8F23A2E70A69473387E60234
:1097400083A5470AB3F505013347C7023D8B52078E
:109750004D8FE54523A2E70A3387B60283A5470A62
:10976000E98D3347C7023D8B62074D8F23A2E70A7D
:10977000338786020D443347C7029315C70103A7F9
:10978000470A3377D7014D8F23A2E70A3387E603D1
:10979000254F3347C7029375F70003A7870A419BFC
:1097A0004D8F23A4E70A3387F60383A5870A9D4FCD
:1097B00093F5F5F03347C7023D8B12074D8F23A475
:1097C000E70A3387560283A5870A9942B3F5C50194
:1097D0003347C7023D8B22074D8F23A4E70A338707
:1097E000760383A5870AB3F565003347C7023D8B2F
:1097F00032074D8F23A4E70A3387760283A5870AB1
:109800009543B3F515013347C7023D8B42074D8F92
:1098100023A4E70A3387A60383A5870A294DB3F556
:1098200005013347C7023D8B52074D8F23A4E70A3A
:109830003387660383A5870AE98D3347C7023D8BCB
:1098400062074D8F93954600B3C5C50223A4E70A6E
:1098500003A7870A3377D701F2054D8FB3859602A8
:1098600023A4E70A03A7C70A419BB3C5C502BD8964
:109870004D8F23A6E70A3387260383A5C70A93F5EE
:10988000F5F03347C7023D8B12074D8FB3C58602F3
:1098900023A6E70A03A7C70A3377C701BD89A20534
:1098A0004D8F23A6E70A3387460383A5C70AB3F57E
:1098B00065003347C7023D8B32074D8F23A6E70A69
:1098C0003387560383A5C70AB3F515013347C7028B
:1098D0003D8B42074D8F23A6E70A3387A60383A556
:1098E000C70AB3F505013347C7023D8B52074D8FB9
:1098F00023A6E70A3387E60383A5C70AE98D334722
:10990000C7023D8B62074D8F93953600B3C5C502E4
:1099100023A6E70A03A7C70A3377D701F2054D8FBD
:10992000B385F60323A6E70A03A7070B419BB3C53C
:10993000C502BD894D8F23A8E70A3387560283A548
:10994000070B93F5F5F03347C7023D8B12074D8F98
:1099500023A8E70A3387760283A5070BB3F5C50171
:109960003347C7023D8B22074D8F23A8E70A139781
:1099700026003347C70283A5070BB3F565003D8B6F
:1099800032074D8FB3C5360323A8E70A03A7070B99
:1099900033771701BD89C2054D8F23A8E70A1397B6
:1099A00016003347C70283A5070BB3F505013D8BAE
:1099B00052074D8FB3C5C60223A8E70A03A7070BBA
:1099C000698FBD89E2054D8F23A8E70A03A7070B1E
:1099D000930580023377D70123A8E70A17A7FE1F54
:1099E000034797603307EC40B34DB70283AC470B96
:1099F00093FC0CFFB34B770393FDFD00B3ECBC016C
:109A000023AA970B83AC470BCD4D93FCFCF093FB43
:109A1000FB00920BB3EB7C0123AA770BB30B8702FD
:109A200083AC470BB3FCCC01B3CBBB0293FBFB0075
:109A3000A20BB3EB7C01B34CA70323AA770B83AB38
:109A4000470BB3FB6B0093FCFC00B20CB3EB9B0128
:109A500023AA770BA14BB34B770383AC470BB3FC23
:109A60001C0193FBFB00C20BB3EB7C0123AA770B19
:109A7000B30B570283AC470BB3FC0C01B3CBBB0257
:109A800093FBFB00D20BB3EB7C0123AA770BB30B48
:109A9000F70383AC470BB3FCAC00B3CBBB0293FB27
:109AA000FB00E20BB3EB7C01B34C770223AA770BEC
:109AB00083AB470BB3FBDB01F20CB3EB9B01B30CA5
:109AC000E70323AA770B83AB870B93FB0BFFB3CC86
:109AD000BC02B30A570393FCFC00B3EB9B0123AC1D
:109AE000770B914B83AC870B93FCFCF0B34B770364
:109AF000330A470393FBFB00920BB3EB7C0123ACCF
:109B0000770B83AB870BD54CB3FBCB01B3CABA023F
:109B1000B309370393FAFA00A20AB3EA5B0123AC54
:109B2000570B83AA870BD94BB3FA6A00334ABA02A0
:109B300033092703137AFA00320A33EA4A0123ACC5
:109B4000470B03AA870BE14A337A1A01B3C9B9025A
:109B5000B304970293F9F900C209B3693A0123AC3F
:109B6000370B83A9870B654AB3F909013349B90259
:109B7000B3C4B4021379F900520933E9290123ACC3
:109B8000270B03A9870BE9493379A900330B670336
:109B9000BD88E204B36499001319470023AC970A07
:109BA00083A4870BB3F4D4013349B902334BBB020E
:109BB0007209B3E4240123AC970A83A4C70BC198AC
:109BC000137BFB0033EB6401C944B304970223AE5B
:109BD000670B03A9C70B5D4B1379F9F0B3C4B4024B
:109BE000BD889204B364990023AE970AB304B70307
:109BF00003A9C70BF54D3379C901B3C4B402BD88BD
:109C0000A204B364990023AE970A8944B34497022F
:109C100003A9C70B33796900BD88B204B364990006
:109C200023AE970AB304970303A9C70BF94C337902
:109C30001901B3C4B402BD88C204B364990023AE51
:109C4000970AB304770303A9C70BFD4B33790901C6
:109C5000B3C4B402BD88D204B364990023AE970A9A
:109C6000B304670303A9C70B130B10023379A900D0
:109C7000B3C4B402BD88E204B364990023AE970A6A
:109C8000B304570303A9C70B930A20023379D90100
:109C9000B3C4B402F204B364990023AE970AB304C8
:109CA000470303A9070C130A3002137909FFB3C451
:109CB000B402BD88B364990023A0970CB3043703A2
:109CC00003A9070C930940021379F9F0B3C4B40255
:109CD000BD889204B36499006D4923A0970CB30426
:109CE000270303A9070C3379C901B3C4B402BD88A3
:109CF000A204B364990023A0970CF144B304970223
:109D000003A9070C33796900B3C4B402BD88B20457
:109D1000B364990023A0970CB304B70303A9070CFD
:109D200033791901B3C4B402BD88C204B364990085
:109D300023A0970CB304970303A9070C33790901F7
:109D4000B3C4B402BD88D204B364990023A0970CB5
:109D5000B304770303A9070C3379A900B3C4B40291
:109D6000BD88E204B364990023A0970C93145700B4
:109D7000B3C4B4021399C40183A4070C3306C70209
:109D8000B3F4D401B3E4240123A0970C03A9470C36
:109D9000137909FFB3046703B3C4B402BD88B36485
:109DA000990023A2970CB304570303A9470C137916
:109DB000F9F0B3C4B402BD889204B364990023A23D
:109DC000970CB304470303A9470C3379C901B3C403
:109DD000B402BD88A204B364990023A2970CB30413
:109DE000370303A9470C33796900B3C4B402BD88B3
:109DF000B204B36499001309500223A2970CB30470
:109E0000270303A9470C33791901B3C4B402BD88F1
:109E1000C204B364990023A2970C93046002B304B4
:109E2000970203A9470C33790901B3C4B40233463E
:109E3000B602BD88D204B364990023A2970C83A410
:109E4000470CE98C3D8A6206458E23A2C70C03A607
:109E5000470C9314C7013376D601458E23A2C70C55
:109E6000130690023306C70283A4870CC1983346B9
:109E7000B6023D8A458E23A4C70C1306A002330602
:109E8000C702B345B60203A6870C1376F6F0BD8968
:109E90009205D18D23A4B70C97A5FE1F83C5C513CA
:109EA00017A6FE1F0346C6133386C540B304A60398
:109EB00003A9870C3379C901B3C4E40293E4840095
:109EC000BD88A204B364990023A4970CB304E603ED
:109ED00003A9870C33796900B3C4E40293E48400D6
:109EE000BD88B204B364990023A4970C9314360080
:109EF000B3C4E40203A9870C3379190193E4840005
:109F0000BD88C204B364990023A4970CB304F6037C
:109F100003A9870C33790901B3C4E40293E48400F4
:109F2000BD88D204B364990023A4970CB3045602ED
:109F300003A9870C3379A900B3C4E40293E4840035
:109F4000BD88E204B364990023A4970CB30476029D
:109F500003A9870C3379D901B3C4E40293E48400E4
:109F6000F204B364990023A4970C93142600B3C49D
:109F7000E40203A9C70C137909FF93E48400BD88A8
:109F8000B364990023A6970CB304860203A9C70CF7
:109F90001379F9F0B3C4E40293E48400BD88920419
:109FA000B364990023A6970C93141600B3C4E4027B
:109FB00003A9C70C3379C9013347E60293E484004F
:109FC000BD88A204B364990023A6970C03A6C70C0E
:109FD00033766600136787003D8B3207518F23A6C7
:109FE000E70C03A7C70C3377170123A6E70C03C7B9
:109FF000D1860D8F3346D70293F5F507E2053D8AEA
:10A000009314460103A6C70C330487023376060176
:10A01000458E23A6C70C1316170083A4C70CE98C22
:10A020003346D6023D8A6206458E23A6C70C03A698
:10A03000C70C3344D402B37ED60113162700B303F2
:10A040007702720433E48E0023A6870C3346D602CF
:10A05000B3025702937EF60003A6070D419A3366BA
:10A06000D60123A8C70C03A6070DB3C3D3021376EA
:10A07000F6F0B3C2D20293F3F3009203B363760017
:10A0800023A8770C03A6070D337EC601B30FF70391
:10A0900093F2F200A202B3625E0023A8570C03A65B
:10A0A000070D3373660013163700B3CFDF02330F8B
:10A0B000E70393FFFF00B20FB36FF30123A8F70D7F
:10A0C00003A3070DB37813013346D602330DA7035C
:10A0D0003D8A420633E6C80023A8C70C03A6070D35
:10A0E00033780601334FDF02B346DD02137FFF00F2
:10A0F000520F336FE80123A8E70D03A7070D798DF1
:10A10000BD8AE206C98E23A8D70CD84385663D9B3D
:10A11000D8C3D843799BD8C39857558F98D7D85769
:10A12000B7060081FD1613670701D8D71377FC0324
:10A1300003AC8703137C0CFC336CEC0023AC87036B
:10A14000985F758FD98D8CDF6254F250D25442598A
:10A15000B259225A925A025BF24B624CD24C424D97
:10A16000B24D2161828097A7FE1F23A907E66FF0F9
:10A170004FC197A7FE1F9387E7E698435C4393E799
:10A1800007105CC38280411106C601289305604018
:10A190008922B240014541018280011106CE931708
:10A1A000450163D307025924894719C9834605002D
:10A1B0001147B1476396E60095472300F500C9476C
:10A1C000F2403E85056182802EC64924C9476DD97B
:10A1D0000347A500418B6DD7B2458347B500230ADD
:10A1E000B50491E7E9472308F5008147D1BFED4762
:10A1F000DDBF01114AC84EC652C406CE22CC26CAC3
:10A20000AE89328A3689992479C1631E0A0085474E
:10A210002387F1860145F2406244D2444249B24963
:10A22000224A0561828003C7E18685472A84631537
:10A23000F700238701868949B7E700E084433707A1
:10A24000200023A0E718F98C0F10000041651305CA
:10A2500045F5212C21CD8347A5002315F500832743
:10A260008411A9E3232CA410232EA410930710F823
:10A2700079192320050023164501A304F5002304C2
:10A280003501232225018347940285450145B39575
:10A29000F500C205C181EFB0CFF8B7E700E023A019
:10A2A00097108DBF8327C41188C37DBF97A7FE1F5A
:10A2B000938747B29C5B91C7956593855555054536
:10A2C0008297B7E700E023A097101D45A9B709457D
:10A2D00099B76FC03FD1011106CE2AC6EFC0FF83E8
:10A2E00009C9B245F240034505004D4605616FC0FE
:10A2F0004FA0F24049450561828097A7FE1F9387D2
:10A3000027D617A7FE1F130727D59C4318430145DF
:10A310006313F700828083D6670081E683D6470007
:10A3200036959C43F5B797A7FE1F9387A7AA8C4342
:10A3300017A7FE1F035747AA41111386052297A7A7
:10A34000FE1F23AFC7D0938785FFBA97056597A6F1
:10A35000FE1F23A3F6D006C61D059356370063746F
:10A36000E500930600203307D60017A5FE1F23271C
:10A37000E5CE23A0E522E1162312D6002313060022
:10A380001CC3998FE1172312F70023130700EFF086
:10A39000DFF6B24097A7FE1F2395A79E410182805A
:10A3A00097A7FE1F9387C7CB97A6FE1F9386C6CAA3
:10A3B0009C4390422A87B305B5406314F6003A8562
:10A3C00029A8938687009C43E369D7FEE377F7FECD
:10A3D0002E85E3E4D5FEE3F2F5FE828083D7050007
:10A3E0002300F50083D70500A183A300F50003D562
:10A3F00025000905420541818280011122CC2A8471
:10A40000C84106CEAE86014719C52EC68D45EFF070
:10A410003FF9B2462A8722856244F2406D4697058D
:10A4200000009385E5FB05616FB05FFB97A7FE1FFA
:10A43000938747C3BC4B9C5799E33E85828003D7E3
:10A440008701E30CA7FE93878705FDB797A7FE1F3B
:10A45000938747C183A7870999E33E85828003D705
:10A460008700E30CA7FE9C43C5BF97A7FE1F9387F9
:10A4700067BF83A7870AC16697A5FE1F83C5759628
:10A480000147FD1603D6A7006309A6006307D6009F
:10A490000507C107E3D8E5FE81473E85828017A7FF
:10A4A000FE1F0347D7AC9547630BF70097A7FE1F26
:10A4B000938787AB83C777000D47631FF70097A784
:10A4C000FE1F83C7F7AA639707149307701017A797
:10A4D000FE1F231FF7A88280011197A7FE1F9387F5
:10A4E00067B80D4526CA4AC806CE03A9070922CC7B
:10A4F0004EC697A4FE1F9384E4A6EFD06F9A9840AF
:10A50000B7C7898E938767ED1CC7B75755009387E8
:10A5100057555CC30347A9039307F00F6305F70082
:10A52000FD57230DF90297A9FE1F938969A603A77A
:10A5300009008547A30CF9025C430145014693E7F6
:10A5400017005CC3930720FB2303F9009D4717A75F
:10A55000FE1FA30EF7A097A7FE1F238707A0930552
:10A56000500297A7FE1F238307A017A4FE1F130402
:10A5700064A7EFC0BFF7184001455C57F59B5CD757
:10A5800083475900944013F7F7079C4293F707F865
:10A59000D98F9CC297A7FE1F83C7478991C797A7EA
:10A5A000FE1F9387A7BE8843EFB0FF869840B7068B
:10A5B00033001C4393F7F7CF1CC31C4393F7F7CF2B
:10A5C00093E707201CC31C409847558F83A60900BA
:10A5D00098C73707030013078715B8CA17A7FE1FC8
:10A5E000A306079817A7FE1FA3000798054798C260
:10A5F000D8431377F7EFD8C30100010018405C433C
:10A6000093E707105CC3F2406244D2444249B24926
:10A6100005618280828011CE93070002918F635B77
:10A62000F000B395C500B357F5003316C500DD8DB6
:10A6300032858280930506FE0146B315B50032854A
:10A64000CDBF014863C6050E63DB06003306C0407C
:10A65000B337C000B306D0401348F8FF9D8EB687CD
:10A660003283AA8EAE886391061863FCC50C4167DD
:10A670006361E61EB70700016365F63693568601EF
:10A68000E147173700001307A7A8369703470700CD
:10A69000BA97130700021D8F19CBB395E500B35786
:10A6A000F5003313E600B3E8B700B31EE500135618
:10A6B0000301B3D7C80293160301C18213D70E0159
:10A6C000B3F5C8023385F602C205B3E8E50063FAC4
:10A6D000A8009A981387F7FF63E4680063E9A8323B
:10A6E000BA87B388A840B3D5C802C20E93DE0E0164
:10A6F000B3F8C802B386B602C208B3E8D80163FB58
:10A70000D8009A981387F5FF63E56800F91563E3AD
:10A71000D800BA85139507014D8D8145630908005E
:10A720003305A040B337A000B305B0409D8D8280B3
:10A730003305A040B337A000B305B0409D8D7D58D0
:10A7400021B701E605433353D3024167636AE30E41
:10A75000B7070001636BF32893568301E14717376E
:10A7600000001307E79A369703470700BA971307C5
:10A7700000021D8F65EB93180301B3866540135FDC
:10A78000030193D80801854513D70E01B3D7E6031B
:10A79000B3F6E60333861703C206558F637AC70004
:10A7A0001A979386F7FF636467006365C726B687C9
:10A7B000118FB356E703C20E93DE0E013377E70322
:10A7C000B388160342073367D701637B17011A97D3
:10A7D0001386F6FF63656700F91663631701B28697
:10A7E00013950701558D1DBF63E1D504C16763E172
:10A7F000F604B707000163E2F61E93D886016147AD
:10A80000973700009387C790C69703C30700930745
:10A8100000023A93B3876740E9EB63ECB61C33352B
:10A82000C500134515008145D5BD81450145FDB5E0
:10A830009307F00F63F2D71C93D886002147C9B75E
:10A840001307F00F9A86E37C67F093568300A147C5
:10A8500039B71307F00FB286E375C7E29356860047
:10A86000A14705B53313E30033D6F500135F0301A9
:10A87000335EE603B396E500B357F500DD8E93181B
:10A88000030193D80801B31EE50093D50601B37701
:10A89000E6033387C803C207CD8F63FBE7009A97AF
:10A8A0001306FEFF63E3671663F1E716791E9A97B6
:10A8B000998F33D6E703139706014183B3F7E70374
:10A8C0003385C80293960701D98E63FBA6009A963A
:10A8D0009307F6FF63E7661263F5A61279169A9658
:10A8E00093150E01898ED18D45B533576600B39609
:10A8F000F600D98EB3D8650013DF0601B3DEE80396
:10A90000139E060133536500135E0E01B395F500E7
:10A91000B365B30013D705013316F600B3F8E803A7
:10A920003303DE03C20833E7E800637B6700369732
:10A930009388FEFF6369D70C6377670CF91E36971F
:10A94000330767403353E703C205C1813377E70319
:10A95000B3086E024207D98D63FB1501B695130744
:10A96000F3FF63EED50863FC15097913B695C20EA3
:10A97000416FB3EE6E001307FFFFB3F6EE0013D383
:10A980000E01718F4182338EE602B3851541B38685
:10A99000C60293580E013307E302BA96C6963306F1
:10A9A000C30263F3E6007A9613D306011A9663E2B4
:10A9B000C5026385C500768581458DB341677D17E6
:10A9C000F98EC206337EEE00B317F500F296E3F47B
:10A9D000D7FE1385FEFF814591B393D80601414709
:10A9E00005B593560601C14769B993560301C1479E
:10A9F000BDB3814505451DB3B688014711B53A83FE
:10AA0000BDB73E86F1BDC68E25BF328E55B5F9174E
:10AA10009A98C1B9F9171A9761BBB687B2882A8389
:10AA20002E88639D061463F9C50A4167636EE61AB2
:10AA3000B70700016363F63493568601E147172791
:10AA400000001307E76C369703470700BA97130710
:10AA500000021D8F19CB3398E500B357F500B318EA
:10AA6000E60033E807013313E50013D60801335538
:10AA7000C80293960801C182935703013377C80235
:10AA8000B385A60242073368F700637AB800469898
:10AA90009307F5FF636418016367B8303E85330898
:10AAA000B8403357C8024203135303013378C80236
:10AAB000B386E602420833686800637BD800469894
:10AAC0009307F7FF6365180179176363D8003E8722
:10AAD0004205598D8145828001E60547B358C7027A
:10AAE000416763EAE80EB707000163ECF82893D6E4
:10AAF0008801E147172700001307876136978346CF
:10AB00000700BE9693070002958FE5EB939E080120
:10AB10003387154113DF080193DE0E0185459357F6
:10AB200003013355E7033377E703B306D503420741
:10AB3000D98F63FAD700C6971307F5FF63E41701AF
:10AB400063E6D7263A85958F33D7E703420313533D
:10AB50000301B3F7E703B30ED703C207B3E76700F8
:10AB600063FBD701C6979306F7FF63E517017917D3
:10AB700063E3D70136874205598D828063E2D504AD
:10AB8000C16763E2F604B707000163E4F61E13D75A
:10AB9000860161489727000093878757BA9703C7B4
:10ABA0000700130E00024297330EEE40631A0E0C9C
:10ABB00063EDB61C3335C500134515008145828011
:10ABC0008145014582809307F00F63F3D71C13D7AB
:10ABD00086002148C1B71307F00FC686E37C17F142
:10ABE00093D68800A14739B71307F00FB286E378F0
:10ABF000C7E493568600A14799B5B398F80033D6B9
:10AC0000D50013DF0801335EE6033397F500B35632
:10AC1000D500558F939E080193DE0E013313F50086
:10AC200093550701B376E603B387CE03C206CD8EF4
:10AC300063FBF600C6961306FEFF63E4161763F285
:10AC4000F616791EC6969D8E33D6E6039317070136
:10AC5000C183B3F6E6033385CE02139706015D8FF9
:10AC6000637BA70046979307F6FF63681713637625
:10AC7000A7127916469793150E01098FD18D45B508
:10AC8000B357E600B396C601DD8E33D3E50013DF7C
:10AC90000601B357E303939E060193DE0E0133983A
:10ACA000C5013357E500336807019358080133168F
:10ACB000C6013373E303B385FE024203B368130195
:10ACC00063FBB800B6981387F7FF63EAD80C63F804
:10ACD000B80CF917B698B388B84033D7E8034208E0
:10ACE00013580801B3F8E8033383EE02C208B3E552
:10ACF000080163FB6500B6951308F7FF63EDD508FF
:10AD000063FB65087917B695C207416FD98F1307A2
:10AD1000FFFFB3F6E70093D80701718F4182B38E2E
:10AD2000E602B3856540B386C60213D80E013387A9
:10AD3000E802BA96C2963386C80263F3E6007A96B2
:10AD400093D80601469663E2C5026385C5003E8539
:10AD50008145828041677D17F98EC206B3FEEE0001
:10AD60003315C501F696E374D5FE1385F7FF8145CB
:10AD7000828013D70601414831BD93560601C14771
:10AD80007DB993D60801C147B5B381450545828099
:10AD90003687014801B5428785BF3E86E9BDBA873F
:10ADA0001DBF328E4DB579154698D5B97915C69720
:10ADB00059BB01476314E60001458280B307E500F3
:10ADC0000507B386E50083C7070083C6F6FFE38364
:10ADD000D7FE3385D7408280B3C7A5008D8B33075C
:10ADE000C50081E78D4763EEC700AA876370E50A57
:10ADF00083C6050085078505A38FD7FEE3EAE7FE36
:10AE0000828093763500AA8791CA83C6050085079C
:10AE10008505A38FD7FE93F63700FDB79376C7FF5E
:10AE2000138606FE63F0C70683A3050083A24500D0
:10AE300083AF850003AFC50083AE050103AE4501B6
:10AE400003A3850183A8C5019385450223A077004C
:10AE500003A8C5FF23A2570023A4F70123A6E701F7
:10AE600023A8D70123AAC70123AC670023AE17018B
:10AE70009387470223AE07FF75B79041910791056D
:10AE800023AEC7FEE3EBD7FEE3E4E7F68280397139
:10AE90003EDA2ED232D436D63AD842DC46DE93871A
:10AEA000418122CC804326CA06CEAA8409C41C4C08
:10AEB00099E32285412B0C4454102686228536C600
:10AEC000EF00D01EF2406244D24421618280011121
:10AED0009387418122CC804306CEAA8519C41C4C9D
:10AEE00089E72AC62285B92BB245104422856244DF
:10AEF000F24005616F10C000011126CA4AC806CE93
:10AF000022CC4EC652C4AA842E8901C51C4D91E3A1
:10AF1000152B9C4C804499E326852D239727000010
:10AF200093870731631CF402C0408357C400A18B90
:10AF3000B1C71C48A1C7FD59294A1C4483450900D3
:10AF4000FD17B1E91CC463DE07062286A9452685E4
:10AF5000F120FD576308F502294535A09727000029
:10AF60009387072F6314F4008044C1B7972700002C
:10AF70009387072AE31BF4FAC04445BFA2852685C0
:10AF8000B12A55D97D55F2406244D2444249B24972
:10AF9000224A056182801CC4050963D70700184C4A
:10AFA00063CBE700638945011C401387170018C075
:10AFB0002380B70059B7228626858D20E31F35F7F9
:10AFC000D1B71C401387170018C029472380E7001A
:10AFD00061B793874181AA8588436FF0FFF1AA8703
:10AFE000850703C7F7FF6DFF3385A7407D15828076
:10AFF00005C67D160147B307E500B386E50083C7A4
:10B00000070083C606006396D7006304C7000507E0
:10B01000FDF33385D740828001458280011122CC27
:10B0200026CA4AC806CE4EC6AA842E89328401C5D5
:10B030001C4D91E30129972700009387671F63192F
:10B04000F406C0401C4C1CC48357C400A18BC9C368
:10B050001C48BDCF1C4808409379F90F1379F90FAC
:10B060001D8D5C486346F500A2852685652C2DE57F
:10B070001C440505FD171CC41C401387170018C08D
:10B08000238037015C486389A7008357C400858B00
:10B0900081CBA9476316F900A285268561240DEDB1
:10B0A000F24062444A85D2444249B24905618280F5
:10B0B000972700009387C7196314F400804459B799
:10B0C000972700009387C714E31EF4F6C0449DBF82
:10B0D000A285268521203DDD7D59D9B74111938771
:10B0E000418126C2844322C44AC006C62A892E84CE
:10B0F00089C49C4C99E32685B12697270000938745
:10B100002713631CF402C0400317C4009317070100
:10B11000C18393F68700B5EE93F607019DEEA54730
:10B120002320F900136707042316E4007D55B2407D
:10B13000224492440249410182809727000093876C
:10B1400027116314F4008044C1B797270000938748
:10B15000270CE31BF4FAC04445BF918B8DC74C58B4
:10B1600089C9930744046384F5004A85892B232AFF
:10B1700004028357C4002322040093F7B7FD23166B
:10B18000F4001C481CC08357C40093E787002316B3
:10B19000F4001C4881EF8357C4001307002093F785
:10B1A00007286385E700A2854A8595298357C4004F
:10B1B00013F7170005C75C4823240400B307F040C9
:10B1C0001CCC1C480145A5F78317C40013F70708DA
:10B1D00039DF93E707042316F40089BF898B014701
:10B1E00091E3584818C4F1BF83D7C500011122CCA0
:10B1F00026CA06CE4AC84EC613F78700AA842E84F4
:10B2000071EFD841634DE000B841634AE000014569
:10B21000F2406244D2444249B249056182805854A6
:10B220007DD703A904009396370123A0040063DDB2
:10B23000060670488357C400918B99C75C401D8EE9
:10B240005C5899C33C401D8E5C540C508146268549
:10B250008297FD570357C400631DF5009440F547DE
:10B2600063E8D706B70740208507B3D7D700858B9B
:10B27000A5C31C48232204001CC09317370163D8C0
:10B280000700FD576314F5009C4091E368C84C58D3
:10B2900023A02401ADDD930744046384F5002685D3
:10B2A0003929232A0402A5B70C5001468546268574
:10B2B0000297FD572A86E31FF5F69C40A5DF7547E8
:10B2C0006385E70059476394E70423A0240181B70D
:10B2D000136707042316E4007D551DBF83A90501EC
:10B2E000E38709F203A905008D8B23A035013309FB
:10B2F0003941014791E3D84918C4E35A20F11C545D
:10B300000C50CA864E86268582976349A0008357D3
:10B31000C40093E707042316F4007DBFAA993309FC
:10B32000A940E1BF9C49A5C3011122CC06CE2A84C5
:10B3300011C51C4D81E72EC63122B245972700006A
:10B34000938707EF639CF5004C408397C5009DC72A
:10B3500022856244F24005616FF01FE997270000E3
:10B36000938707EF6394F5000C44C5B79727000057
:10B37000938707EAE39BF5FC4C44C1BFF24062446B
:10B3800001450561828001458280411122C406C6C3
:10B390002A842316B5002317C50023200500232285
:10B3A0000500232405002322050623280500232A5F
:10B3B0000500232C0500214681451305C505EF60D6
:10B3C0004EED97170000938767BF5CD0971700007A
:10B3D0009387C7C11CD497170000938707C65CD416
:10B3E000971700009387C7C800D01CD8B2402244EA
:10B3F0004101828097050000938505F3B1AA4111B0
:10B4000026C2130680069384F5FFB384C4024AC0A3
:10B410002E8922C406C693854407B1262A8401CD0D
:10B420002320050023222501310508C41386840644
:10B430008145EF600EE62285B240224492440249E3
:10B44000410182801C4DB5E7411106C622C4970711
:10B450000000938767FA1CD597270000938747E67B
:10B460009C43232405042326050423280504631490
:10B47000F50085471CCD2A84352848C022851D2823
:10B4800008C42285052848C4484001469145EFF08C
:10B49000DFEF08440546A545EFF03FEF4844094675
:10B4A000C945EFF09FEE85471CCCB24022444101D4
:10B4B00082808280411197270000938767E026C22F
:10B4C00084434AC006C69C4C22C42A8981E726854B
:10B4D000EFF05FF7938484048044DC40FD1763D66B
:10B4E00007009C40B9CF8440C5BF0317C40039E7AB
:10B4F000C1778507232204062320040023220400A9
:10B50000232404005CC423280400232A0400232CE1
:10B510000400214681451305C405EF608ED7232A18
:10B520000402232C04022324040423260404228579
:10B53000B2402244924402494101828013048406AD
:10B5400071BF91454A85EFF09FEB88C049FDB14737
:10B550002320F9000144E1BF797122D44AD052CCB2
:10B5600056CA5AC85EC606D626D24ECE2A8AAE8A99
:10B57000130485040149054BFD5B09ECB2502254CC
:10B580004A8592540259F249624AD24A424BB24B1E
:10B5900045618280044483294400FD1963D4090075
:10B5A0000040E1BF83D7C400637BFB008397E400C6
:10B5B00063877701A6855285829A3369A9009384AF
:10B5C0008406E1BF1971A6DAAE848395E500A2DC9A
:10B5D00086DE328463DC050083D7C40023A0060026
:10B5E00093F7070885E7930700401DA0300836C68B
:10B5F000EF00902EB246E34105FE7247BD67F98F1A
:10B600007977BA9793B717009CC2F1BF93070004EC
:10B610001CC0F6506654D65401450961828083D718
:10B62000C500011122CC06CE26CA4AC8898B2E84B9
:10B6300089CF930774041CC01CC885475CC8F240BE
:10B640006244D24442490561828074003000AA8479
:10B65000EFF05FF7A2452A892685312201ED831795
:10B66000C40013F7072061FFF19B93E7270023161F
:10B67000F400C1B797070000938707D89CD483577D
:10B68000C40008C008C893E707082316F400A247BF
:10B690005CC8B24791CF8315E4002685EF00F02601
:10B6A00001C98357C400F19B93E717002316F400E8
:10B6B0008357C4003369F9002316240149B7DDC15B
:10B6C00083A7C5FF411122C406C626C21384C5FF45
:10B6D00063D307003E94AA84EF00102B9387018761
:10B6E0009C4381EF2322040023A881862244B24098
:10B6F0002685924441016F005029637EF400144076
:10B700003307D4006396E7009843DC43369718C0AC
:10B710005CC0D9BFBA87D84319C3E37DE4FE944324
:10B720003386D700631F86001040B29694C33386D9
:10B73000D700E31DC7FA10435843B29694C3D8C349
:10B7400075B76375C400B1479CC04DB71040B306D0
:10B75000C4006316D70014435843B29614C058C0AF
:10B76000C0C369B78280011126CA93843500F1985D
:10B7700006CE22CC4AC84EC6A104B14763F5F404F4
:10B78000B14463E4B4042A89EF0010209387018751
:10B7900098433A8429E4938741879C4399E78145FC
:10B7A0004A85EF00407E23AAA186A6854A85EF0040
:10B7B000807DFD5963193507B1472320F9004A857B
:10B7C000EF00B01C29A0E3DE04FAB1471CC101451B
:10B7D000F2406244D2444249B249056182801C4031
:10B7E000858F63CF0702AD4663F6F6001CC03E941A
:10B7F00004C031A05C406313870223A8F1864A8508
:10B80000EF00B0181305B4009307440061993307A3
:10B81000F5405DDF3A94898F1CC05DBF5CC3C5B73E
:10B820002287404085BF130435007198E30285FCF0
:10B83000B305A4404A85812FE31C35FBB5BF1C46E8
:10B84000FD171CC663DA0700184E63C5E700A94759
:10B850006394F5006FF08FFC1C422E851387170050
:10B8600018C22380B7008280011122CC26CA4AC8A0
:10B870004EC652C406CE2A89AE893284B304D6009D
:10B880007D5A63149400014511A8834504004E8637
:10B890004A85EFF0DFFA0504E31545FFF240624404
:10B8A000D2444249B249224A05618280357122CD93
:10B8B00026CB4AC94EC706CF52C556C35AC1DEDE93
:10B8C000E2DCE6DAAA89AE843289368409C51C4DE9
:10B8D00099E3EFF03FB79727000093876795639D43
:10B8E000F40C83A4490083D7C400A18BE5CB9C480A
:10B8F000F5C793070002A304F1029307000302D2E5
:10B900002305F10222C6930B5002972A0000938A66
:10B910002A96054C294B4A848347040099C36392B5
:10B92000770FB30C2441638E0C00E6864A86A68509
:10B930004E85EFF07FF3FD576307F51E9256E696AE
:10B9400036D2834704006380071EFD571309140095
:10B9500002C802CE3ECA02CCA309010482D48345A8
:10B96000090015465685EF00900013041900C247E0
:10B9700059E913F7070109C713070002A309E104F6
:10B9800013F7870009C71307B002A309E104834630
:10B9900009001307A0026380E608F2474A84814643
:10B9A00025460347040093051400130707FD637938
:10B9B000E60AB5CA3ECE85A8972700009387478937
:10B9C0006395F40083A4890039BF9727000093870B
:10B9D0002784E39AF4F083A4C90031B7A6854E8585
:10B9E000EFF0CFEF19D57D55FA406A44DA444A4961
:10B9F000BA492A4A9A4A0A4BF65B665CD65C0D61E4
:10BA00008280050411BF330555413315AC00C98F41
:10BA10003EC82289A9B7324793064700184336C665
:10BA2000634907023ACE034704009307E002631F0D
:10BA3000F704034714009307A002631BF702B24701
:10BA40000904138747009C433AC663C107023ECAF4
:10BA500035A83307E04093E727003ACE3EC8E1B768
:10BA6000B387670385462E84BA9725BFFD57C5B7B0
:10BA7000050402CA81468147254603470400930511
:10BA80001400130707FD6376E606F1F28345040010
:10BA90000D46171500001305257ED12D11CD9717E2
:10BAA00000009387677D1D8D93070004B397A7005F
:10BAB000424505045D8D2AC88345040019461715C3
:10BAC00000001305A57B130914002304B1024525CA
:10BAD0003DC19747FEFF9387E75295E74247B2473C
:10BAE0001377071009CF91073EC69257D2973ED2DF
:10BAF0001DB5B387670385462E84BA97BDBF9D07E2
:10BB0000E19BA107D5B7780097060000938606D67B
:10BB100026860C084E8597000000E7000000FD57C0
:10BB20002A8AE314F5FC83D7C40093F70704E39C47
:10BB300007EA125555BD780097060000938606D394
:10BB400026860C084E85012AD9BF797156CA9C49B0
:10BB5000BA8A984522D426D24ECE52CC06D64AD0A6
:10BB60005AC85EC6AA892E84B284368A63D3E70097
:10BB7000BA879CC00347340419C385079CC01C4086
:10BB800093F7070281C79C4089079CC003290400E2
:10BB900013796900631A0900130B9401FD5B5C447F
:10BBA0009840998F634CF9041C408346340493F702
:10BBB0000702B336D000A5EB13063404D2854E85B8
:10BBC000829AFD576303F5041C4011469840998BF7
:10BBD000544481446397C700B384E64063D30400B0
:10BBE00081441C4418486354F700998FBE9401495E
:10BBF00069047D5B63982405014509A885465A863A
:10BC0000D2854E85829A631E75017D55B2502254AD
:10BC100092540259F249624AD24A424BB24B4561B0
:10BC200082800509ADBF3307D40013060003A301CA
:10BC3000C7040347540493871600A2978906A3817B
:10BC4000E7049DBF85462286D2854E85829AE30E03
:10BC500065FB050945B7797122D426D24AD04ECE6C
:10BC600006D652CC56CA5AC8B68983C685019307F0
:10BC700090063289AA842E8413863504638DF602D9
:10BC800063E2D706930780056388F61863EDD70053
:10BC90006381062293073004638EF60A930A240414
:10BCA0002301D404C9A0930730066385F60A9307DD
:10BCB0004006E395F6FE1C40084393F607089305FB
:10BCC0004500C5C61C410CC363D807001307D0024A
:10BCD000B307F040A301E404971600009386865A48
:10BCE00029476DA8930700076384F61663E5D7021A
:10BCF0009307E006638BF6189307F006E390F6FAD5
:10BD00000C401C4313F80508138547006307080619
:10BD100008C39C438DA893075007E383F6FE93075F
:10BD20008007638BF61293073007E399F6F61C43FE
:10BD3000D04181459386470014C383AA07005685E6
:10BD40003D2101C53305554148C05C401CC8A301D5
:10BD5000040471A81C43930A2404938647009C435F
:10BD600014C32301F4048547D5B793F607041C4197
:10BD70000CC3B9DAC207C18781BF93F5050408C3B4
:10BD8000C9D983D707001307F0066388E60E971614
:10BD900000009386264F2947A30104044C400CC49D
:10BDA00063C5050008406D9908C099E3B28A91CD3A
:10BDB000B28AB3F5E702FD1AB69583C50500238064
:10BDC000BA00B3D5E70263F0E70CA147631EF700A2
:10BDD0001C40858B91CB58401C4863C7E7009307F4
:10BDE0000003A38FFAFEFD1A3306564110C84E8792
:10BDF000CA867000A2852685EFF03FD57D5A631E66
:10BE0000450B7D55B250225492540259F249624A70
:10BE1000D24A424B45618280A382D5049716000026
:10BE2000938646460C40084313F805081C4111054B
:10BE3000630D080208C313F7150001C793E5050257
:10BE40000CC04147B1FB0C4093F5F5FD0CC0A9B700
:10BE50009C4193E707029CC193078007A302F40467
:10BE6000971600009386464375BF13F8050408C370
:10BE7000E30308FCC207C1837DBF971600009386C9
:10BE80006640214711BFAE872DB794411C43CC4972
:10BE900013F80608138547006306080008C39C438F
:10BEA0008CC301A808C393F606049C43F5DA2390DB
:10BEB000B70023280400B28A1DBF14485686CA85DD
:10BEC00026858299E30F45F31C40898B8DE7B247A5
:10BED0004844E359F5F23E8535B785465686CA850E
:10BEE00026858299E30F65F1050A5C443247998FF4
:10BEF000E345FAFEE9BF014A930A94017D5BF5B779
:10BF0000011122CC06CE2A8409C91C4D99E732C6FC
:10BF10002EC4EFF02FD33246A24597170000938727
:10BF200027316316F60250401C46FD171CC663D02D
:10BF30000704184E63C7E70093F7F50F2947639886
:10BF4000E70222856244F24005616FF02F8D97175A
:10BF500000009387E72F6314F6001044F1B797179A
:10BF600000009387E72AE311F6FC504475BF1C429A
:10BF700013F5F50F1387170018C22380B700F2409E
:10BF8000624405618280411122C42A842E859787EC
:10BF9000FE1F23AF071E06C6EF609E8FFD57631975
:10BFA000F5009787FE1F9387A71E9C4391C31CC073
:10BFB000B240224441018280411122C42E848395E3
:10BFC000E50006C6E122634905007C48AA977CC8C3
:10BFD000B2402244410182808357C4007D777D179F
:10BFE000F98F2316F400EDB783D7C500011122CCD9
:10BFF00026CA4AC84EC606CE93F70710AA842E84D6
:10C000003289B68991C78395E50089460146352274
:10C010008357C4007D777D17F98F2316F4008315AD
:10C02000E4006244F240CE864A86B24942492685FF
:10C03000D24405613DA8411122C42E848395E500B8
:10C0400006C6E528FD570357C400631BF500FD77BE
:10C05000FD17F98F2316F400B2402244410182807B
:10C060008567D98F2316F40068C8FDB78395E5006E
:10C0700025A8411122C42A842E85B2853686978749
:10C08000FE1F23A7071006C6EF600EFEFD576319BB
:10C09000F5009787FE1F9387A70F9C4391C31CC091
:10C0A000B240224441018280411122C42A842E855B
:10C0B0009787FE1F23AE070C06C61922FD5763198A
:10C0C000F5009787FE1F9387A70C9C4391C31CC064
:10C0D000B240224441018280411122C42A842E852B
:10C0E000B2859787FE1F23A5070A06C6D520FD57F0
:10C0F0006319F5009787FE1F938787099C4391C3B7
:10C100001CC0B240224441018280411122C42A84D1
:10C110002E859787FE1F23AD070606C6D120FD5743
:10C120006319F5009787FE1F938787069C4391C389
:10C130001CC0B240224441018280411122C42A84A1
:10C140002E85B28536869787FE1F23A3070406C671
:10C150004520FD576319F5009787FE1F9387470316
:10C160009C4391C31CC0B24022444101828093F59C
:10C17000F50F2A966314C5000145828083470500A8
:10C18000E38DB7FE0505FDB782808280411122C490
:10C190002A842E85B28536869787FE1F23AA07FE3E
:10C1A00006C6B928FD576319F5009787FE1F9387C8
:10C1B00027FE9C4391C31CC0B240224441018280AF
:10C1C000930780051787FE1F2324F7FC7D55828087
:10C1D000930780051787FE1F232CF7FA7D55828071
:10C1E000930780051787FE1F2324F7FA01458280F5
:10C1F000930780051787FE1F232CF7F87D55828053
:10C20000930780051787FE1F2324F7F87D5582804A
:10C210006964363401000000696436014065FEFF40
:10C220006865FEFF9065FEFFA865FEFFC265FEFF24
:10C2300043483539785F424C455F4C49425F56313F
:10C240002E340000686561642066696C6520657243
:10C25000726F722E2E2E00004C494220696E697456
:10C26000206572726F7220636F64653A20257820B2
:10C270002E2E2E0A000000002A20000044656C6566
:10C280007465206C6F63616C206E6F6465000000E4
:10C2900044656C6574652073746F726564206E6F9D
:10C2A000646520696E666F20636F6D706C65746580
:10C2B000000000006170705F70726F765F6174746F
:10C2C0006E5F6F6E000000006170705F70726F765D
:10C2D0005F6174746E5F6F66660000006C696E6B00
:10C2E0005F6F70656E0000006C696E6B5F636C6FF2
:10C2F0007365000070726F765F636F6D706C65744C
:10C300006500000070726F765F726573657400007F
:10C310006366675F7372765F7273705F68616E6485
:10C320006C65720076656E646F725F6D6F64656CCC
:10C330005F7372765F7273705F68616E646C657252
:10C34000000000006B657950726573730000000097
:10C35000626C656D6573685F6F6E5F73796E6300A5
:10C360004170705F50726F636573734576656E746C
:10C3700000000000D70700000000000001000000DE
:10C38000E0190020942600200000000000000000BA
:10C39000000000000000000000000000000000009D
:10C3A000000000000000000000000000000000008D
:10C3B00000000000000000009A2E00001C33000066
:10C3C0007633000000000000F83200006170705FFA
:10C3D00070726F765F6174746E5F6F6666000000E6
:10C3E0004150505F4442472025733E20000000002A
:10C3F0006170705F70726F765F6174746E5F6F6E84
:10C40000000000004D4553485F4C49425F56312EB5
:10C4100037000000556E61626C652073657420639F
:10C420006F6E66696775726174696F6E20286572D8
:10C43000723A256429000000496E697469616C696B
:10C440007A696E67206D657368206661696C6564E2
:10C45000202865727220256429000000426C7565F1
:10C46000746F6F746820696E697469616C697A654C
:10C47000640000004D657368206E6574776F726BA1
:10C4800020726573746F7265642066726F6D2066CA
:10C490006C617368000000004D65736820696E6907
:10C4A0007469616C697A6564000000007761726E7E
:10C4B000696E67206F70636F646520307825303255
:10C4C00078000000417070204B65792041646465FC
:10C4D0006400000056656E646F72204D6F64656C79
:10C4E0002042696E6465640056656E646F72204D0B
:10C4F0006F64656C20537562736372697074696FE1
:10C500006E20536574000000000000000000000071
:10C5100000000000000000003E2E00006C2E000015
:10C5200073656E64206661696C6564202564000033
:10C53000726561736F6E2025780000006E65745F10
:10C540006964782025782C20616464722025780045
:10C5500054696D656F7574206F70636F646520300A
:10C5600078253032780000006C656E2025642C2020
:10C5700064617461203078253032782066726F6D86
:10C58000203078253034780044656C657465206E01
:10C590006F6465206461746120657272210000001F
:10C5A000726563656976652064656C657465206392
:10C5B0006D642C2073656E642061636B20616E6412
:10C5C0002073746172742064656C657465206E6F8D
:10C5D00064652064656C61790000000073656E64B9
:10C5E0002061636B206661696C65642025640000CE
:10C5F00073656E6420746F20616C6C206E6F64656F
:10C6000020746F206C6574207468656D2064656C9F
:10C610006574652073746F72656420696E666F203F
:10C620000000000044656C657465206E6F646520D1
:10C63000696E666F2064617461206572722100000A
:10C64000556E6B6E6F77206F70636F646520307806
:10C6500025303278000000006D65736820686561E0
:10C66000642066696C65206572726F722E2E2E00D2
:10C67000303700004C3700000A3700000637000052
:10C6800003040010000000000A1400600001060509
:10C69000140103DD08010200C00002003C003C0060
:10C6A0000200020401041E0002000000500000000D
:10C6B0002C01000064000A0000000000D6BE898E34
:10C6C0002526270076656E646F725F6D6F64656CFA
:10C6D0005F7372765F7265736574000076656E6471
:10C6E0006F725F6D6573736167655F7372765F63A9
:10C6F0006F6E6669726D000076656E646F725F6D55
:10C700006573736167655F7372765F61636B000069
:10C7100076656E646F725F6D6573736167655F7375
:10C7200072765F73656E645F7472616E7300000091
:10C73000696E645F73746172740000006164765F97
:10C74000696E645F73656E64000000006164765F0B
:10C750007372765F7472616E735F73656E640000EE
:10C760004E554C4C2062756600000000556E6162AB
:10C770006C652073656E64206D6F64656C206D65FB
:10C78000737361676520286572723A256429000019
:10C79000556E61626C652073656E6420696E6469B4
:10C7A0006361746520286572723A2564290000006F
:10C7B0007372633A20307825303478206473743A89
:10C7C0002030782530347820746964203078253022
:10C7D000327820727373693A20256400746964208A
:10C7E0003078253032782000236D6573682D6F6EA8
:10C7F0006F6666205354415455533A2073656E64F6
:10C8000020737461747573206661696C65643A2085
:10C81000256400004E6F20656E6F75676820737029
:10C8200061636521000000004E6F20617661696CD4
:10C8300061626C6520436F6E6669677572617469C9
:10C840006F6E20436C69656E7420636F6E746578DB
:10C8500074210000416E6F746865722073796E6395
:10C8600068726F6E6F7573206F7065726174696F37
:10C870006E2070656E64696E67000000D707CF0098
:10C880000000000080370000D707CC000000000047
:10C8900094380000D707CD00000000009C3C000049
:10C8A000000000000000000000000000943F0000B5
:10C8B00026440000DB2A0000DC2A00000200000001
:10C8C000C4C8010027180000DD2A0000DE2A00008D
:10C8D00002000000D8C8010028180000292A2B24D3
:10C8E0004D4553485F4C49425F56312E3739000061
:10C8F00000000000DA540000C254000000000000F4
:10C9000008C9010000000000445A0000145A000049
:10C91000225A00000000000000000000645E0000D9
:10C9200000000000020000000F00000092660000FE
:10C930000B800000010000006E6600000E80000009
:10C94000010000004A6600001180000001000000A4
:10C95000266600001480000001000000026600004E
:10C960002880000002000000AA650000448000004A
:10C97000030000006E65000003800000040000005A
:10C98000C26600003E80000007000000486500000D
:10C99000198000000C000000D46400001F8000001B
:10C9A00007000000B06400003C80000009000000A7
:10C9B00000640000060000000A000000926300000E
:10C9C0002E8000000500000040630000258000006C
:10C9D000010000000A6300004A800000000000001F
:10C9E000DE62000048800000040000009462000045
:10C9F00017800000040000004C6200004C80000022
:10CA000005000000986100004E8000000700000053
:10CA1000E060000002800000030000003E600000B3
:10CA20002A800000050000008A5F00002C800000C2
:10CA300007000000D25E00000000000000000000BF
:10CA4000000000000000000000000000C4710000B1
:10CA5000000000000880000001000000487900008C
:10CA600000000000130000007691000001000000AB
:10CA700013000000EE9000000080000003000000A2
:10CA80004E9200000180000002000000E68E0000CF
:10CA900009800000000000002E8400000A800000D1
:10CAA00001000000A28300000C80000000000000D4
:10CAB000008600000D800000010000007A85000063
:10CAC0001280000000000000D284000013800000EB
:10CAD00001000000EA840000238000000000000044
:10CAE000F88100002480000001000000888100001F
:10CAF0002680000000000000328300002780000034
:10CB00000200000084820000188000000400000081
:10CB1000C8780000030000000B000000EA89000054
:10CB20001A80000018000000EC8800001B80000044
:10CB300006000000FA7600002080000014000000CB
:10CB4000367C00001C8000000600000022760000F9
:10CB50002180000014000000F67A00001E80000012
:10CB600006000000DC8C00002280000014000000A1
:10CB7000EC8B00001D800000040000003E8B0000D4
:10CB80002980000004000000AC7000002B80000031
:10CB900006000000726F00004080000012000000DC
:10CBA000846E00004580000012000000A46D0000AB
:10CBB00041800000020000009093000042800000CD
:10CBC00000000000428E00004680000002000000CD
:10CBD0006A6800004780000003000000D86C000075
:10CBE0003D80000006000000187500003F80000036
:10CBF00006000000008800004B80000004000000D8
:10CC0000E47300004D80000006000000E4730000A3
:10CC10004980000000000000E26B00000F8000006F
:10CC200000000000BC670000108000000100000050
:10CC30001C7300002D80000002000000306B00001B
:10CC4000158000000200000024680000168000002B
:10CC500003000000526A000038800000000000005D
:10CC6000A86900003980000009000000AA7D0000CA
:10CC70003A80000000000000B47F00003B8000000C
:10CC800005000000CC7F0000000000000000000054
:10CC900000000000627D0000000000006964313285
:10CCA00038010000736D6B3200000000736D6B3350
:10CCB00000000000736D6B34000000007072636B45
:10CCC0000000000076746164000000000091E372CF
:10CCD0000796E4750E9FED7C0998EA7B1C8DFF6E2C
:10CCE0001B8AF8691283F1601584F66738A9DB4A5C
:10CCF0003FAEDC4D36A7D54431A0D24324B5C7564C
:10CD000023B2C0512ABBC9582DBCCE5F70E193023B
:10CD100077E694057EEF9D0C79E89A0B6CFD8F1EEB
:10CD20006BFA881962F3811065F4861748D9AB3A1B
:10CD30004FDEAC3D46D7A53441D0A23354C5B7260B
:10CD400053C2B0215ACBB9285DCCBE2FE0710392FB
:10CD5000E7760495EE7F0D9CE9780A9BFC6D1F8EAB
:10CD6000FB6A1889F2631180F5641687D8493BAADB
:10CD7000DF4E3CADD64735A4D14032A3C45527B6CB
:10CD8000C35220B1CA5B29B8CD5C2EBF900173E2BB
:10CD9000970674E59E0F7DEC99087AEB8C1D6FFE6B
:10CDA0008B1A68F9821361F0851466F7A8394BDA9B
:10CDB000AF3E4CDDA63745D4A13042D3B42557C68B
:10CDC000B32250C1BA2B59C8BD2C5ECF0000000061
:10CDD00000000000F4B300000000000005000000A7
:10CDE00003000000B6B400000400000003000000CF
:10CDF000B8B30000378000000100000080B40000DC
:10CE000007800000010000004CB40000000000009A
:10CE10000000000000000000000000000000000012
:10CE2000BCB70000000000003180000002000000DC
:10CE30007AB700002F800000020000002AB700002F
:10CE400030800000020000004AB60000328000007E
:10CE500003000000E2B60000338000000300000081
:10CE600012B60000348000000000000006B600008A
:10CE70003580000001000000EEB5000036800000A3
:10CE8000010000001EB5000004800000000000004A
:10CE90009CB5000005800000010000003CB90000C6
:10CEA000068000000100000024B90000000000001E
:10CEB000000000000000000000000000BABD0000FB
:10CEC00046BD0000000000006E6B626B00000000B9
:10CED0006E6B696B000000002F4E6F64652F257824
:10CEE0000000000000070E091C1B1215383F3631E8
:10CEF00024232A2D2F566E642F25782F25730000AA
:10CF00002F5369672F25782F2573000064617461A2
:10CF100000000000E0CF0100BED90000E4CF010016
:10CF200022DA0000E8CF0100F0D80000ECCF0100C9
:10CF3000A8DF0000F0CF0100E8DE0000F8CF01001C
:10CF400038DE000000D001006ED6000008D00100DD
:10CF5000A4D800000CD0010004ED000010D00100A6
:10CF6000EEEC000014D00100B6DD000018D0010086
:10CF700042DD0000B4F700000000000094F600005D
:10CF8000000000002F4170704B65792F257800005C
:10CF90002F4E65744B65792F257800002F4E6574F0
:10CFA000000000002F4956002F536571000000005B
:10CFB0002F484250756200002F4366670000000052
:10CFC0002F56612F2578000062696E640000000012
:10CFD00073756200707562002F52504C2F257800D7
:10CFE0004E657400495600005365710052504C0064
:10CFF0004E65744B657900004170704B6579000097
:10D00000484250756200000043666700536967003C
:10D01000566E6400566100004E6F646500000000AB
:10D02000010204081000000001020408ACFE000028
:10D03000000000000A00000064000000E803000097
:10D0400010270000A086010040420F008096980043
:10D0500000E1F5051E170100010300003E13010069
:10D0600001000000F20B0100010000008C0801002B
:10D07000000000007072736B000000007072736E2D
:10D08000000000007072646B00000000F6020100F6
:10D09000010000008C1401000B00000002140100CC
:10D0A000050000000011010040000000D210010046
:10D0B000000000009E10010010000000320E010070
:10D0C00010000000D40C010021000000FE18010037
:10D0D000000000001E1801000100000020270100D0
:10D0E0001227010000000000000000000000000006
:10D0F0000000008743483539785F424C455F4C4912
:10D10000425F56312E342E3400000000000102022E
:10D1100003030303040404040404040405050505CF
:10D1200005050505050505050505050506060606AB
:10D13000060606060606060606060606060606068F
:10D14000060606060606060606060606070707077B
:10D15000070707070707070707070707070707075F
:10D16000070707070707070707070707070707074F
:10D17000070707070707070707070707070707073F
:10D18000070707070707070707070707080808082B
:10D19000080808080808080808080808080808080F
:10D1A00008080808080808080808080808080808FF
:10D1B00008080808080808080808080808080808EF
:10D1C00008080808080808080808080808080808DF
:10D1D00008080808080808080808080808080808CF
:10D1E00008080808080808080808080808080808BF
:10D1F00008080808080808080808080808080808AF
:10D2000008080808080808080808080800000000BE
:10D21000000000000000000000000000000000000E
:10D2200000000000000000000000000000000000FE
:10D2300000000000000000000000000000000000EE
:10D2400000000000000000000000000000000000DE
:10D2500000000000000000000000000000000000CE
:10D26000000000000000000000000000232D302B13
:10D2700020000000686C4C0065666745464700006A
:10D2800030313233343536373839414243444546FC
:10D2900000000000303132333435363738396162BE
:10D2A0006364656600000000523A00003E3A0000E8
:10D2B000032800000229000000280000CC1C0020E8
:10D2C000B026002000000C00B02600200000000066
:10D2D00000000000EC31000007010701000003001E
:10D2E000000000000000000000000000000000003E
:10D2F000000000000000000000000000000000002E
:10D30000000000000000000000000000000000001D
:10D31000000000000000000000000000000000000D
:10D320000000000002010000481A0020AC1A002092
:10D3300000000000000000000000000000000000ED
:10D340008019002000000000000000000000000024
:10D3500000000000000000000000000000000000CD
:10D36000000000000000000008C5010000000000EF
:10D3700000000000000000000000000000000000AD
:10D38000000000000000000000000000000000009D
:10D3900000000000341D00208826002054CA01002F
:10D3A00044CA0100901900200200000000000000A3
:10D3B000F0190020381D0020A426002028CE0100EE
:10D3C00018CE0100241A0020BC26002000004100D5
:10D3D000BC2600200000000000000000000000004B
:10D3E000FF000000000000001C2F00000000D70715
:10D3F00000000000000000003C1D0020002700206D
:10D400007CC8010000000000941A00200000000009
:10D41000000000000000000000000000000000000C
:10D4200000000000000000000C3700200000000099
:10D4300000000000000000000000000000000000EC
:10D440000000000000000000283700200410041035
:10D4500002000000B8D2010001000000BCC80100B9
:10D4600002000000B0D20100010000000C1B0020EF
:10D4700002000000B4C8010002000000000000002B
:10D4800002000000B0D20100010000000D1B0020CE
:10D4900002000000B8C80100000000000000000009
:10D4A00002000000B4D20100030000005037002049
:10D4B00002000000B8D2010001000000D0C8010045
:10D4C00002000000B0D20100010000000E1B00208D
:10D4D00002000000C8C801000200000000000000B7
:10D4E00002000000B0D20100010000000F1B00206C
:10D4F00002000000CCC80100000000000000000095
:10D5000002000000B4D201000300000060370020D8
:10D51000000000000000000000000000555555000C
:10D520006CAD0000000000000000000000000000E2
:10D5300074C20100000000000EEB0000E4D6000001
:10D54000000000000000000000000000D0FF00000C
:10D55000FF000000141C0020141C00200820000103
:10D56000FFFFFFFFFFFFFFFFFFFFFFFF00000000C7
:10D57000000000000000000001000000FFFFFFFFAE
:10D58000512563FCC2CAB9F3849E17A7ADFAE6BC65
:10D59000FFFFFFFFFFFFFFFF00000000FFFFFFFF97
:10D5A00096C298D84539A1F4A033EB2D817D03773D
:10D5B000F240A463E5E6BCF847422CE1F2D1176BD8
:10D5C000F551BF376840B6CBCE5E316B5733CE2BAB
:10D5D000169E0F7C4AEBE78E9B7F1AFEE242E34FDA
:10D5E0004B60D2273E3CCE3BF6B053CCB0061D6517
:10D5F000BC86987655BDEBB3E7933AAAD835C65AA0
:10D6000072440100BA430100CA4101000000000059
:10D610002CD201004CD201000CD20100000000000D
:10D6200000000000000000000000000000000000FA
:10D6300000000000000000000000000000000000EA
:10D6400000000000000000000000000000000000DA
:10D6500000000000000000000000000000000000CA
:10D6600000000000000000000000000000000000BA
:10D6700090410020FFFF0000FFFF0000FFFF80003F
:10D68000C3812F01CC1C0020000102030405060702
:00000001FF
